time,sc_0,sc_1,sc_2,sc_3,sc_4,sc_5,sc_6,sc_7,sc_8,sc_9,sc_10,sc_11,sc_12,sc_13,sc_14,sc_15,sc_16,sc_17,sc_18,sc_19,sc_20,sc_21,sc_22,sc_23,sc_24,sc_25,sc_26,sc_27,sc_28,sc_29,sc_30,sc_31,sc_32,sc_33,sc_34,sc_35,sc_36,sc_37,sc_38,sc_39,sc_40,sc_41,sc_42,sc_43,sc_44,sc_45,sc_46,sc_47,sc_48,sc_49,sc_50,sc_51,sc_52,sc_53,sc_54,sc_55,sc_56,sc_57,sc_58,sc_59,sc_60,sc_61,sc_62,sc_63
0.0111,122.0,-96.0,7.0,0.0,0.0,0.0,0.0,0.0,0.0,0.0,0.0,0.0,-23.0,22.0,-23.0,22.0,-21.0,20.0,-19.0,18.0,-16.0,14.0,-13.0,10.0,-9.0,5.0,-6.0,-1.0,-2.0,-6.0,0.0,-11.0,3.0,-17.0,5.0,-22.0,6.0,-26.0,8.0,-30.0,9.0,-33.0,9.0,-34.0,8.0,-35.0,8.0,-33.0,7.0,-31.0,5.0,-27.0,4.0,-22.0,3.0,-17.0,3.0,-11.0,4.0,-5.0,4.0,2.0,5.0,8.0
0.023,122.0,-96.0,7.0,0.0,0.0,0.0,0.0,0.0,0.0,0.0,0.0,0.0,-4.0,21.0,-4.0,21.0,-5.0,21.0,-5.0,22.0,-6.0,21.0,-7.0,22.0,-7.0,21.0,-8.0,21.0,-8.0,20.0,-9.0,20.0,-9.0,20.0,-9.0,20.0,-9.0,20.0,-10.0,20.0,-10.0,20.0,-9.0,19.0,-10.0,19.0,-10.0,18.0,-10.0,19.0,-9.0,18.0,-10.0,18.0,-9.0,17.0,-9.0,17.0,-9.0,17.0,-8.0,17.0,-8.0,17.0
0.0336,122.0,-96.0,7.0,0.0,0.0,0.0,0.0,0.0,0.0,0.0,0.0,0.0,13.0,-13.0,10.0,-9.0,7.0,-5.0,4.0,0.0,1.0,5.0,-2.0,10.0,-3.0,14.0,-5.0,19.0,-7.0,23.0,-7.0,26.0,-9.0,29.0,-8.0,30.0,-7.0,30.0,-7.0,29.0,-6.0,27.0,-5.0,23.0,-4.0,19.0,-4.0,14.0,-4.0,9.0,-4.0,3.0,-5.0,-3.0,-6.0,-8.0,-7.0,-13.0,-9.0,-18.0,-11.0,-21.0,-13.0,-24.0
0.0445,122.0,-96.0,7.0,0.0,0.0,0.0,0.0,0.0,0.0,0.0,0.0,0.0,-16.0,-11.0,-19.0,-14.0,-21.0,-16.0,-21.0,-16.0,-23.0,-17.0,-22.0,-17.0,-21.0,-17.0,-19.0,-15.0,-16.0,-14.0,-13.0,-10.0,-9.0,-8.0,-4.0,-6.0,1.0,-4.0,6.0,-1.0,11.0,0.0,16.0,2.0,20.0,3.0,23.0,3.0,25.0,3.0,27.0,3.0,27.0,2.0,27.0,2.0,25.0,1.0,22.0,0.0,18.0,0.0,14.0,0.0
0.0694,122.0,-96.0,7.0,0.0,0.0,0.0,0.0,0.0,0.0,0.0,0.0,0.0,21.0,14.0,20.0,13.0,19.0,13.0,17.0,11.0,14.0,10.0,10.0,7.0,6.0,6.0,1.0,4.0,-4.0,2.0,-9.0,0.0,-14.0,0.0,-18.0,-1.0,-22.0,-2.0,-25.0,-3.0,-27.0,-3.0,-29.0,-2.0,-29.0,-1.0,-28.0,-1.0,-25.0,-1.0,-23.0,0.0,-18.0,0.0,-14.0,-1.0,-10.0,-2.0,-5.0,-3.0,0.0,-5.0,5.0,-6.0
0.0831,122.0,-96.0,7.0,0.0,0.0,0.0,0.0,0.0,0.0,0.0,0.0,0.0,-16.0,-25.0,-16.0,-25.0,-16.0,-24.0,-14.0,-21.0,-12.0,-19.0,-9.0,-15.0,-6.0,-12.0,-2.0,-7.0,2.0,-4.0,7.0,0.0,11.0,3.0,15.0,6.0,19.0,9.0,23.0,11.0,25.0,13.0,27.0,14.0,28.0,13.0,28.0,13.0,26.0,11.0,23.0,10.0,20.0,8.0,15.0,6.0,11.0,5.0,5.0,4.0,-1.0,3.0,-6.0,3.0
0.0966,122.0,-96.0,7.0,0.0,0.0,0.0,0.0,0.0,0.0,0.0,0.0,0.0,-18.0,-20.0,-17.0,-20.0,-16.0,-18.0,-14.0,-16.0,-11.0,-14.0,-9.0,-11.0,-5.0,-8.0,-1.0,-5.0,3.0,-2.0,8.0,1.0,12.0,3.0,16.0,5.0,19.0,6.0,23.0,8.0,25.0,9.0,26.0,9.0,27.0,8.0,26.0,7.0,24.0,6.0,21.0,5.0,17.0,4.0,13.0,3.0,8.0,3.0,3.0,3.0,-2.0,3.0,-7.0,4.0
0.1101,122.0,-96.0,7.0,0.0,0.0,0.0,0.0,0.0,0.0,0.0,0.0,0.0,15.0,1.0,16.0,2.0,15.0,2.0,16.0,2.0,16.0,3.0,16.0,3.0,16.0,3.0,16.0,4.0,15.0,4.0,15.0,5.0,15.0,5.0,15.0,5.0,15.0,5.0,14.0,6.0,14.0,5.0,14.0,5.0,14.0,6.0,14.0,6.0,13.0,6.0,13.0,5.0,13.0,5.0,13.0,5.0,13.0,5.0,13.0,5.0,12.0,4.0,12.0,4.0
0.1237,122.0,-96.0,7.0,0.0,0.0,0.0,0.0,0.0,0.0,0.0,0.0,0.0,-4.0,-18.0,-3.0,-18.0,-3.0,-19.0,-2.0,-19.0,-2.0,-19.0,-1.0,-19.0,-1.0,-18.0,-1.0,-19.0,0.0,-19.0,0.0,-19.0,0.0,-19.0,0.0,-18.0,1.0,-19.0,2.0,-19.0,1.0,-18.0,1.0,-18.0,2.0,-18.0,2.0,-18.0,2.0,-18.0,2.0,-17.0,2.0,-17.0,2.0,-16.0,2.0,-16.0,2.0,-16.0,1.0,-16.0,1.0,-16.0
0.1377,122.0,-96.0,7.0,0.0,0.0,0.0,0.0,0.0,0.0,0.0,0.0,0.0,-13.0,-20.0,-14.0,-24.0,-15.0,-25.0,-16.0,-26.0,-16.0,-26.0,-16.0,-26.0,-14.0,-24.0,-13.0,-21.0,-10.0,-18.0,-7.0,-14.0,-4.0,-10.0,0.0,-6.0,4.0,-2.0,9.0,3.0,13.0,6.0,17.0,9.0,21.0,11.0,24.0,12.0,26.0,13.0,28.0,13.0,28.0,12.0,27.0,11.0,25.0,10.0,22.0,8.0,18.0,6.0,13.0,5.0
0.1505,122.0,-96.0,7.0,0.0,0.0,0.0,0.0,0.0,0.0,0.0,0.0,0.0,-26.0,14.0,-26.0,14.0,-25.0,13.0,-22.0,12.0,-20.0,10.0,-16.0,7.0,-12.0,4.0,-7.0,1.0,-3.0,-3.0,0.0,-8.0,4.0,-12.0,7.0,-16.0,10.0,-20.0,13.0,-23.0,14.0,-25.0,16.0,-27.0,15.0,-28.0,14.0,-28.0,13.0,-26.0,11.0,-24.0,9.0,-20.0,7.0,-16.0,6.0,-11.0,5.0,-6.0,3.0,0.0,3.0,5.0
0.1639,122.0,-96.0,7.0,0.0,0.0,0.0,0.0,0.0,0.0,0.0,0.0,0.0,3.0,3.0,4.0,7.0,4.0,12.0,4.0,16.0,5.0,20.0,6.0,23.0,7.0,25.0,7.0,27.0,8.0,26.0,8.0,25.0,8.0,22.0,7.0,20.0,5.0,17.0,4.0,13.0,1.0,9.0,-1.0,5.0,-5.0,0.0,-8.0,-4.0,-12.0,-8.0,-14.0,-11.0,-18.0,-13.0,-21.0,-14.0,-22.0,-15.0,-23.0,-14.0,-24.0,-13.0,-23.0,-13.0
0.1793,122.0,-96.0,7.0,0.0,0.0,0.0,0.0,0.0,0.0,0.0,0.0,0.0,-17.0,-6.0,-18.0,-6.0,-18.0,-6.0,-17.0,-7.0,-18.0,-8.0,-18.0,-8.0,-17.0,-8.0,-17.0,-8.0,-17.0,-9.0,-16.0,-10.0,-16.0,-10.0,-16.0,-10.0,-15.0,-10.0,-16.0,-10.0,-15.0,-10.0,-15.0,-10.0,-15.0,-10.0,-15.0,-10.0,-14.0,-10.0,-15.0,-9.0,-14.0,-10.0,-14.0,-9.0,-14.0,-9.0,-13.0,-9.0,-14.0,-8.0,-14.0,-8.0
0.1941,122.0,-96.0,7.0,0.0,0.0,0.0,0.0,0.0,0.0,0.0,0.0,0.0,-17.0,9.0,-20.0,10.0,-23.0,11.0,-24.0,12.0,-25.0,13.0,-24.0,12.0,-23.0,12.0,-21.0,11.0,-19.0,9.0,-15.0,7.0,-11.0,4.0,-7.0,1.0,-3.0,-3.0,1.0,-7.0,4.0,-11.0,7.0,-14.0,10.0,-18.0,12.0,-21.0,12.0,-23.0,13.0,-24.0,13.0,-25.0,12.0,-25.0,11.0,-24.0,9.0,-21.0,7.0,-18.0,6.0,-14.0
0.2066,122.0,-96.0,7.0,0.0,0.0,0.0,0.0,0.0,0.0,0.0,0.0,0.0,0.0,-5.0,6.0,-4.0,12.0,-3.0,18.0,-3.0,23.0,-3.0,28.0,-3.0,31.0,-5.0,33.0,-5.0,33.0,-6.0,33.0,-6.0,31.0,-7.0,28.0,-6.0,25.0,-5.0,19.0,-4.0,14.0,-2.0,8.0,0.0,2.0,3.0,-3.0,7.0,-9.0,10.0,-13.0,14.0,-17.0,18.0,-18.0,21.0,-21.0,24.0,-20.0,26.0,-19.0,26.0,-18.0,27.0
0.2223,122.0,-96.0,7.0,0.0,0.0,0.0,0.0,0.0,0.0,0.0,0.0,0.0,-13.0,-10.0,-13.0,-11.0,-12.0,-11.0,-12.0,-12.0,-12.0,-12.0,-12.0,-12.0,-11.0,-13.0,-11.0,-13.0,-11.0,-13.0,-11.0,-13.0,-11.0,-13.0,-11.0,-13.0,-10.0,-13.0,-10.0,-13.0,-10.0,-14.0,-10.0,-13.0,-9.0,-13.0,-9.0,-13.0,-9.0,-13.0,-9.0,-13.0,-9.0,-13.0,-9.0,-12.0,-9.0,-12.0,-9.0,-12.0,-9.0,-11.0,-9.0,-11.0
0.2355,122.0,-96.0,7.0,0.0,0.0,0.0,0.0,0.0,0.0,0.0,0.0,0.0,16.0,-17.0,19.0,-20.0,20.0,-21.0,21.0,-22.0,21.0,-21.0,21.0,-22.0,19.0,-19.0,16.0,-17.0,15.0,-14.0,11.0,-10.0,8.0,-6.0,5.0,-2.0,2.0,4.0,-2.0,9.0,-4.0,14.0,-6.0,18.0,-8.0,23.0,-8.0,26.0,-9.0,29.0,-9.0,30.0,-8.0,30.0,-8.0,29.0,-6.0,26.0,-5.0,23.0,-4.0,19.0,-4.0,14.0
0.2488,122.0,-96.0,7.0,0.0,0.0,0.0,0.0,0.0,0.0,0.0,0.0,0.0,4.0,3.0,5.0,8.0,5.0,13.0,6.0,18.0,7.0,22.0,8.0,25.0,9.0,27.0,9.0,29.0,10.0,29.0,10.0,27.0,10.0,25.0,9.0,22.0,7.0,19.0,5.0,14.0,2.0,10.0,-1.0,5.0,-5.0,0.0,-9.0,-4.0,-13.0,-8.0,-16.0,-11.0,-20.0,-14.0,-23.0,-15.0,-25.0,-16.0,-26.0,-15.0,-27.0,-14.0,-26.0,-13.0
0.2643,122.0,-96.0,7.0,0.0,0.0,0.0,0.0,0.0,0.0,0.0,0.0,0.0,7.0,-12.0,8.0,-12.0,8.0,-12.0,9.0,-12.0,9.0,-11.0,10.0,-11.0,10.0,-11.0,10.0,-11.0,10.0,-10.0,10.0,-10.0,10.0,-11.0,10.0,-10.0,10.0,-10.0,10.0,-10.0,10.0,-9.0,10.0,-9.0,10.0,-9.0,10.0,-9.0,10.0,-9.0,10.0,-9.0,10.0,-9.0,9.0,-8.0,9.0,-8.0,9.0,-9.0,8.0,-8.0,8.0,-8.0
0.279,122.0,-96.0,7.0,0.0,0.0,0.0,0.0,0.0,0.0,0.0,0.0,0.0,18.0,22.0,18.0,22.0,17.0,21.0,15.0,19.0,13.0,17.0,10.0,14.0,6.0,10.0,2.0,6.0,-3.0,3.0,-8.0,-1.0,-12.0,-4.0,-16.0,-6.0,-21.0,-8.0,-25.0,-10.0,-27.0,-12.0,-30.0,-13.0,-30.0,-12.0,-30.0,-11.0,-28.0,-10.0,-25.0,-9.0,-21.0,-7.0,-17.0,-6.0,-12.0,-5.0,-6.0,-5.0,0.0,-4.0,5.0,-5.0
0.2929,122.0,-96.0,7.0,0.0,0.0,0.0,0.0,0.0,0.0,0.0,0.0,0.0,-3.0,2.0,-7.0,-2.0,-11.0,-6.0,-15.0,-9.0,-19.0,-12.0,-22.0,-15.0,-24.0,-15.0,-27.0,-17.0,-27.0,-16.0,-27.0,-15.0,-26.0,-14.0,-24.0,-13.0,-21.0,-11.0,-16.0,-9.0,-12.0,-8.0,-6.0,-6.0,0.0,-4.0,6.0,-4.0,12.0,-3.0,17.0,-3.0,22.0,-4.0,24.0,-5.0,27.0,-6.0,28.0,-8.0,28.0,-8.0,28.0,-9.0
0.307,122.0,-96.0,7.0,0.0,0.0,0.0,0.0,0.0,0.0,0.0,0.0,0.0,9.0,-19.0,11.0,-22.0,11.0,-23.0,12.0,-24.0,12.0,-25.0,12.0,-24.0,11.0,-22.0,9.0,-19.0,9.0,-17.0,7.0,-12.0,5.0,-8.0,3.0,-3.0,2.0,3.0,1.0,8.0,0.0,13.0,0.0,18.0,0.0,22.0,0.0,24.0,0.0,27.0,0.0,27.0,2.0,27.0,2.0,27.0,2.0,24.0,2.0,21.0,2.0,17.0,1.0,13.0
0.321,122.0,-96.0,7.0,0.0,0.0,0.0,0.0,0.0,0.0,0.0,0.0,0.0,-25.0,-17.0,-24.0,-16.0,-24.0,-16.0,-21.0,-14.0,-18.0,-13.0,-14.0,-10.0,-10.0,-9.0,-5.0,-6.0,1.0,-4.0,6.0,-3.0,11.0,-2.0,16.0,-1.0,21.0,0.0,25.0,0.0,28.0,1.0,31.0,1.0,31.0,0.0,31.0,0.0,28.0,-1.0,26.0,-2.0,21.0,-1.0,17.0,-1.0,12.0,0.0,6.0,2.0,1.0,3.0,-4.0,6.0
0.3336,122.0,-96.0,7.0,0.0,0.0,0.0,0.0,0.0,0.0,0.0,0.0,0.0,-3.0,-4.0,2.0,-8.0,7.0,-11.0,12.0,-15.0,15.0,-18.0,19.0,-22.0,20.0,-24.0,22.0,-26.0,21.0,-27.0,21.0,-27.0,20.0,-26.0,17.0,-23.0,16.0,-21.0,12.0,-16.0,9.0,-11.0,6.0,-5.0,3.0,1.0,2.0,7.0,0.0,14.0,-1.0,19.0,-1.0,25.0,-1.0,27.0,-1.0,31.0,1.0,32.0,2.0,32.0,2.0,32.0
0.3475,122.0,-96.0,7.0,0.0,0.0,0.0,0.0,0.0,0.0,0.0,0.0,0.0,4.0,20.0,5.0,23.0,5.0,25.0,5.0,26.0,5.0,26.0,5.0,25.0,4.0,24.0,4.0,20.0,3.0,18.0,1.0,13.0,0.0,9.0,-2.0,4.0,-5.0,-1.0,-7.0,-6.0,-10.0,-10.0,-12.0,-14.0,-15.0,-17.0,-17.0,-19.0,-19.0,-20.0,-20.0,-21.0,-20.0,-20.0,-20.0,-19.0,-19.0,-17.0,-17.0,-14.0,-14.0,-12.0,-10.0,-9.0
0.3616,122.0,-96.0,7.0,0.0,0.0,0.0,0.0,0.0,0.0,0.0,0.0,0.0,18.0,-19.0,18.0,-18.0,17.0,-16.0,15.0,-15.0,12.0,-12.0,10.0,-9.0,7.0,-5.0,3.0,-1.0,1.0,3.0,-1.0,8.0,-3.0,12.0,-5.0,16.0,-7.0,19.0,-9.0,23.0,-9.0,25.0,-9.0,26.0,-9.0,27.0,-8.0,26.0,-7.0,24.0,-6.0,21.0,-5.0,17.0,-4.0,12.0,-4.0,8.0,-4.0,3.0,-4.0,-2.0,-5.0,-7.0
0.3745,122.0,-96.0,7.0,0.0,0.0,0.0,0.0,0.0,0.0,0.0,0.0,0.0,19.0,-13.0,23.0,-14.0,24.0,-15.0,25.0,-16.0,26.0,-16.0,25.0,-16.0,23.0,-14.0,20.0,-13.0,18.0,-10.0,13.0,-7.0,9.0,-4.0,5.0,0.0,1.0,4.0,-4.0,9.0,-7.0,13.0,-11.0,17.0,-13.0,20.0,-14.0,24.0,-15.0,26.0,-15.0,27.0,-14.0,27.0,-14.0,26.0,-12.0,24.0,-10.0,21.0,-8.0,18.0,-6.0,13.0
0.3887,122.0,-96.0,7.0,0.0,0.0,0.0,0.0,0.0,0.0,0.0,0.0,0.0,-3.0,-18.0,-2.0,-19.0,-2.0,-18.0,-1.0,-19.0,-1.0,-19.0,0.0,-19.0,1.0,-18.0,1.0,-19.0,1.0,-19.0,1.0,-18.0,1.0,-19.0,1.0,-18.0,2.0,-18.0,2.0,-18.0,3.0,-18.0,3.0,-17.0,3.0,-18.0,3.0,-17.0,3.0,-17.0,3.0,-16.0,3.0,-17.0,3.0,-16.0,3.0,-16.0,2.0,-16.0,2.0,-16.0,2.0,-15.0
0.4017,122.0,-96.0,7.0,0.0,0.0,0.0,0.0,0.0,0.0,0.0,0.0,0.0,-22.0,14.0,-22.0,14.0,-21.0,14.0,-19.0,12.0,-17.0,10.0,-14.0,8.0,-11.0,5.0,-6.0,1.0,-3.0,-3.0,0.0,-7.0,3.0,-11.0,5.0,-15.0,8.0,-18.0,10.0,-21.0,12.0,-24.0,12.0,-25.0,12.0,-26.0,11.0,-26.0,10.0,-24.0,9.0,-22.0,7.0,-18.0,6.0,-15.0,5.0,-10.0,4.0,-6.0,3.0,0.0,3.0,5.0
0.4153,122.0,-96.0,7.0,0.0,0.0,0.0,0.0,0.0,0.0,0.0,0.0,0.0,18.0,2.0,21.0,3.0,24.0,4.0,25.0,4.0,27.0,4.0,26.0,4.0,25.0,4.0,23.0,3.0,20.0,3.0,15.0,3.0,11.0,2.0,5.0,3.0,0.0,3.0,-6.0,3.0,-11.0,5.0,-15.0,6.0,-19.0,7.0,-23.0,8.0,-24.0,9.0,-26.0,10.0,-26.0,11.0,-25.0,11.0,-24.0,11.0,-20.0,10.0,-17.0,9.0,-13.0,6.0
0.431,122.0,-96.0,7.0,0.0,0.0,0.0,0.0,0.0,0.0,0.0,0.0,0.0,8.0,18.0,6.0,13.0,2.0,9.0,-2.0,4.0,-6.0,-1.0,-11.0,-5.0,-15.0,-8.0,-19.0,-12.0,-23.0,-15.0,-26.0,-17.0,-29.0,-18.0,-30.0,-18.0,-31.0,-18.0,-30.0,-17.0,-28.0,-15.0,-25.0,-12.0,-21.0,-10.0,-16.0,-9.0,-10.0,-7.0,-4.0,-5.0,3.0,-5.0,9.0,-4.0,15.0,-4.0,21.0,-4.0,24.0,-5.0,28.0,-7.0
0.4449,122.0,-96.0,7.0,0.0,0.0,0.0,0.0,0.0,0.0,0.0,0.0,0.0,21.0,-19.0,21.0,-19.0,19.0,-18.0,17.0,-16.0,15.0,-13.0,11.0,-9.0,8.0,-5.0,4.0,0.0,1.0,4.0,-2.0,9.0,-4.0,14.0,-6.0,18.0,-8.0,22.0,-10.0,25.0,-11.0,28.0,-11.0,29.0,-10.0,29.0,-10.0,29.0,-8.0,26.0,-7.0,23.0,-5.0,19.0,-5.0,14.0,-5.0,9.0,-5.0,3.0,-5.0,-2.0,-5.0,-8.0
0.4584,122.0,-96.0,7.0,0.0,0.0,0.0,0.0,0.0,0.0,0.0,0.0,0.0,0.0,22.0,-1.0,22.0,-1.0,22.0,-1.0,22.0,-2.0,23.0,-3.0,23.0,-3.0,22.0,-4.0,23.0,-4.0,22.0,-5.0,22.0,-5.0,22.0,-5.0,22.0,-5.0,21.0,-6.0,22.0,-6.0,21.0,-6.0,20.0,-6.0,21.0,-6.0,21.0,-6.0,20.0,-5.0,20.0,-6.0,19.0,-5.0,19.0,-5.0,19.0,-5.0,18.0,-5.0,18.0,-4.0,18.0
0.4729,122.0,-96.0,7.0,0.0,0.0,0.0,0.0,0.0,0.0,0.0,0.0,0.0,18.0,-3.0,13.0,-2.0,8.0,-1.0,3.0,2.0,-2.0,4.0,-7.0,7.0,-11.0,10.0,-15.0,12.0,-19.0,15.0,-21.0,17.0,-23.0,19.0,-23.0,20.0,-23.0,21.0,-22.0,21.0,-20.0,19.0,-17.0,17.0,-15.0,14.0,-12.0,10.0,-8.0,6.0,-5.0,1.0,-3.0,-4.0,-1.0,-9.0,1.0,-15.0,3.0,-20.0,2.0,-23.0,2.0,-26.0
0.4872,122.0,-96.0,7.0,0.0,0.0,0.0,0.0,0.0,0.0,0.0,0.0,0.0,-5.0,-19.0,-5.0,-23.0,-6.0,-25.0,-6.0,-26.0,-6.0,-27.0,-6.0,-27.0,-6.0,-26.0,-6.0,-23.0,-4.0,-21.0,-3.0,-16.0,-2.0,-12.0,0.0,-7.0,2.0,-2.0,5.0,3.0,8.0,7.0,10.0,11.0,13.0,15.0,15.0,17.0,17.0,19.0,18.0,20.0,19.0,19.0,19.0,19.0,18.0,18.0,16.0,14.0,14.0,12.0,10.0,9.0
0.5014,122.0,-96.0,7.0,0.0,0.0,0.0,0.0,0.0,0.0,0.0,0.0,0.0,22.0,-14.0,23.0,-13.0,21.0,-12.0,19.0,-11.0,17.0,-10.0,13.0,-8.0,10.0,-5.0,6.0,-2.0,2.0,2.0,-2.0,6.0,-5.0,9.0,-8.0,13.0,-10.0,16.0,-13.0,19.0,-15.0,21.0,-16.0,23.0,-15.0,24.0,-15.0,23.0,-14.0,22.0,-12.0,20.0,-9.0,17.0,-8.0,13.0,-7.0,9.0,-5.0,4.0,-4.0,-1.0,-3.0,-6.0
0.5148,122.0,-96.0,7.0,0.0,0.0,0.0,0.0,0.0,0.0,0.0,0.0,0.0,4.0,-1.0,8.0,1.0,12.0,5.0,15.0,7.0,19.0,9.0,21.0,10.0,23.0,11.0,25.0,12.0,25.0,11.0,24.0,10.0,22.0,9.0,20.0,8.0,16.0,7.0,12.0,5.0,7.0,4.0,3.0,3.0,-3.0,3.0,-8.0,3.0,-13.0,3.0,-17.0,3.0,-22.0,5.0,-24.0,5.0,-26.0,6.0,-26.0,8.0,-26.0,8.0,-24.0,9.0
0.5306,122.0,-96.0,7.0,0.0,0.0,0.0,0.0,0.0,0.0,0.0,0.0,0.0,9.0,-15.0,10.0,-15.0,10.0,-15.0,11.0,-15.0,11.0,-15.0,12.0,-15.0,11.0,-14.0,12.0,-14.0,12.0,-13.0,13.0,-13.0,12.0,-13.0,12.0,-13.0,13.0,-13.0,13.0,-12.0,13.0,-12.0,13.0,-11.0,13.0,-11.0,13.0,-11.0,13.0,-11.0,12.0,-11.0,12.0,-11.0,12.0,-11.0,12.0,-10.0,11.0,-11.0,11.0,-11.0,11.0,-11.0
0.5433,122.0,-96.0,7.0,0.0,0.0,0.0,0.0,0.0,0.0,0.0,0.0,0.0,17.0,6.0,20.0,7.0,23.0,8.0,24.0,9.0,25.0,9.0,25.0,9.0,24.0,9.0,21.0,8.0,19.0,7.0,14.0,5.0,10.0,4.0,5.0,4.0,-1.0,3.0,-6.0,2.0,-11.0,3.0,-16.0,3.0,-20.0,3.0,-24.0,4.0,-26.0,5.0,-28.0,5.0,-28.0,6.0,-27.0,6.0,-25.0,6.0,-22.0,6.0,-18.0,5.0,-15.0,4.0
0.5575,122.0,-96.0,7.0,0.0,0.0,0.0,0.0,0.0,0.0,0.0,0.0,0.0,-2.0,-18.0,-2.0,-19.0,-2.0,-19.0,-2.0,-19.0,-1.0,-19.0,0.0,-19.0,0.0,-18.0,1.0,-19.0,1.0,-19.0,1.0,-19.0,2.0,-19.0,2.0,-18.0,3.0,-18.0,3.0,-18.0,3.0,-18.0,2.0,-18.0,3.0,-17.0,3.0,-18.0,3.0,-17.0,2.0,-17.0,3.0,-16.0,3.0,-17.0,2.0,-16.0,3.0,-16.0,2.0,-15.0,2.0,-16.0
0.5714,122.0,-96.0,7.0,0.0,0.0,0.0,0.0,0.0,0.0,0.0,0.0,0.0,0.0,15.0,0.0,16.0,-1.0,16.0,-1.0,16.0,-2.0,16.0,-2.0,16.0,-2.0,16.0,-2.0,16.0,-3.0,16.0,-3.0,16.0,-4.0,16.0,-4.0,15.0,-4.0,15.0,-4.0,16.0,-4.0,15.0,-5.0,15.0,-5.0,15.0,-5.0,14.0,-5.0,14.0,-4.0,14.0,-4.0,14.0,-4.0,14.0,-4.0,13.0,-4.0,13.0,-4.0,13.0,-3.0,13.0
0.5854,122.0,-96.0,7.0,0.0,0.0,0.0,0.0,0.0,0.0,0.0,0.0,0.0,-26.0,-15.0,-25.0,-15.0,-25.0,-15.0,-22.0,-13.0,-19.0,-12.0,-15.0,-10.0,-11.0,-8.0,-5.0,-6.0,1.0,-4.0,6.0,-3.0,12.0,-2.0,16.0,-1.0,21.0,0.0,26.0,1.0,29.0,1.0,31.0,1.0,31.0,0.0,30.0,0.0,28.0,-1.0,26.0,-1.0,21.0,-1.0,17.0,-1.0,12.0,0.0,6.0,2.0,1.0,3.0,-4.0,5.0
0.5999,122.0,-96.0,7.0,0.0,0.0,0.0,0.0,0.0,0.0,0.0,0.0,0.0,3.0,-16.0,4.0,-16.0,4.0,-16.0,5.0,-16.0,5.0,-16.0,6.0,-16.0,6.0,-15.0,6.0,-16.0,6.0,-15.0,7.0,-15.0,7.0,-15.0,7.0,-15.0,7.0,-15.0,8.0,-15.0,8.0,-14.0,7.0,-14.0,7.0,-14.0,7.0,-14.0,8.0,-14.0,8.0,-13.0,7.0,-13.0,7.0,-13.0,7.0,-13.0,7.0,-13.0,6.0,-13.0,6.0,-13.0
0.6136,122.0,-96.0,7.0,0.0,0.0,0.0,0.0,0.0,0.0,0.0,0.0,0.0,5.0,1.0,7.0,6.0,10.0,10.0,12.0,14.0,15.0,18.0,17.0,20.0,18.0,22.0,19.0,24.0,20.0,23.0,19.0,22.0,18.0,19.0,16.0,17.0,13.0,15.0,10.0,11.0,5.0,9.0,1.0,5.0,-4.0,1.0,-10.0,-1.0,-15.0,-3.0,-19.0,-5.0,-24.0,-6.0,-27.0,-6.0,-30.0,-6.0,-29.0,-5.0,-30.0,-4.0,-29.0,-3.0
0.628,122.0,-96.0,7.0,0.0,0.0,0.0,0.0,0.0,0.0,0.0,0.0,0.0,4.0,19.0,3.0,15.0,0.0,9.0,-3.0,4.0,-6.0,-2.0,-10.0,-7.0,-13.0,-11.0,-17.0,-15.0,-20.0,-19.0,-23.0,-21.0,-24.0,-23.0,-26.0,-23.0,-27.0,-23.0,-27.0,-22.0,-25.0,-20.0,-22.0,-16.0,-18.0,-14.0,-14.0,-11.0,-8.0,-9.0,-3.0,-6.0,3.0,-5.0,9.0,-3.0,15.0,-1.0,21.0,0.0,25.0,-1.0,28.0,-2.0
0.6419,122.0,-96.0,7.0,0.0,0.0,0.0,0.0,0.0,0.0,0.0,0.0,0.0,-18.0,6.0,-22.0,7.0,-24.0,8.0,-26.0,8.0,-26.0,9.0,-26.0,8.0,-25.0,8.0,-22.0,7.0,-20.0,6.0,-16.0,4.0,-12.0,2.0,-7.0,0.0,-3.0,-3.0,2.0,-6.0,6.0,-10.0,10.0,-12.0,13.0,-16.0,15.0,-18.0,17.0,-20.0,17.0,-22.0,17.0,-22.0,17.0,-22.0,15.0,-21.0,13.0,-19.0,10.0,-16.0,8.0,-12.0
0.6556,122.0,-96.0,7.0,0.0,0.0,0.0,0.0,0.0,0.0,0.0,0.0,0.0,0.0,3.0,-6.0,4.0,-11.0,4.0,-16.0,5.0,-21.0,6.0,-25.0,8.0,-27.0,9.0,-30.0,9.0,-29.0,11.0,-29.0,10.0,-27.0,10.0,-25.0,9.0,-22.0,8.0,-17.0,6.0,-13.0,3.0,-8.0,1.0,-3.0,-3.0,1.0,-7.0,5.0,-11.0,9.0,-16.0,11.0,-20.0,11.0,-23.0,14.0,-25.0,13.0,-27.0,12.0,-27.0,11.0,-27.0
0.6666,122.0,-96.0,7.0,0.0,0.0,0.0,0.0,0.0,0.0,0.0,0.0,0.0,20.0,4.0,20.0,4.0,20.0,5.0,20.0,5.0,21.0,5.0,20.0,6.0,21.0,6.0,20.0,6.0,20.0,6.0,21.0,7.0,20.0,7.0,20.0,7.0,20.0,7.0,20.0,7.0,20.0,8.0,20.0,8.0,20.0,8.0,21.0,9.0,20.0,9.0,20.0,8.0,20.0,8.0,20.0,8.0,20.0,9.0,20.0,8.0,19.0,7.0,19.0,7.0
0.682,122.0,-96.0,7.0,0.0,0.0,0.0,0.0,0.0,0.0,0.0,0.0,0.0,-4.0,-5.0,-4.0,-10.0,-4.0,-15.0,-3.0,-19.0,-4.0,-24.0,-4.0,-28.0,-5.0,-29.0,-5.0,-32.0,-6.0,-31.0,-6.0,-30.0,-6.0,-27.0,-6.0,-24.0,-5.0,-21.0,-3.0,-16.0,-1.0,-11.0,1.0,-6.0,4.0,0.0,7.0,4.0,11.0,9.0,14.0,12.0,17.0,16.0,20.0,16.0,22.0,18.0,23.0,17.0,24.0,16.0,23.0,15.0
0.6952,122.0,-96.0,7.0,0.0,0.0,0.0,0.0,0.0,0.0,0.0,0.0,0.0,-8.0,25.0,-7.0,24.0,-7.0,22.0,-6.0,19.0,-6.0,16.0,-5.0,12.0,-5.0,7.0,-4.0,2.0,-3.0,-3.0,-4.0,-8.0,-4.0,-13.0,-5.0,-17.0,-5.0,-21.0,-6.0,-25.0,-6.0,-27.0,-7.0,-28.0,-7.0,-28.0,-7.0,-27.0,-7.0,-25.0,-6.0,-22.0,-6.0,-18.0,-4.0,-14.0,-2.0,-10.0,1.0,-5.0,3.0,-1.0,7.0,3.0
0.7092,122.0,-96.0,7.0,0.0,0.0,0.0,0.0,0.0,0.0,0.0,0.0,0.0,2.0,18.0,2.0,22.0,1.0,24.0,2.0,26.0,2.0,26.0,2.0,27.0,2.0,25.0,2.0,22.0,1.0,20.0,0.0,15.0,-1.0,11.0,-2.0,6.0,-3.0,1.0,-5.0,-5.0,-8.0,-9.0,-10.0,-13.0,-12.0,-17.0,-14.0,-20.0,-16.0,-22.0,-16.0,-23.0,-17.0,-23.0,-17.0,-23.0,-16.0,-20.0,-15.0,-18.0,-13.0,-15.0,-10.0,-12.0
0.7232,122.0,-96.0,7.0,0.0,0.0,0.0,0.0,0.0,0.0,0.0,0.0,0.0,-17.0,-21.0,-17.0,-21.0,-16.0,-20.0,-15.0,-18.0,-13.0,-16.0,-10.0,-13.0,-7.0,-10.0,-2.0,-6.0,1.0,-4.0,6.0,0.0,10.0,2.0,14.0,4.0,18.0,6.0,21.0,8.0,24.0,9.0,26.0,9.0,26.0,9.0,26.0,8.0,24.0,7.0,22.0,6.0,18.0,5.0,15.0,4.0,10.0,3.0,5.0,3.0,0.0,3.0,-5.0,4.0
0.7374,122.0,-96.0,7.0,0.0,0.0,0.0,0.0,0.0,0.0,0.0,0.0,0.0,-20.0,8.0,-23.0,9.0,-25.0,9.0,-25.0,10.0,-26.0,10.0,-25.0,9.0,-23.0,9.0,-20.0,8.0,-18.0,6.0,-14.0,4.0,-10.0,1.0,-5.0,-1.0,-1.0,-4.0,4.0,-8.0,8.0,-11.0,11.0,-14.0,14.0,-17.0,15.0,-20.0,16.0,-21.0,17.0,-22.0,16.0,-23.0,15.0,-22.0,14.0,-21.0,11.0,-18.0,9.0,-15.0,7.0,-11.0
0.7506,122.0,-96.0,7.0,0.0,0.0,0.0,0.0,0.0,0.0,0.0,0.0,0.0,-25.0,9.0,-24.0,9.0,-22.0,8.0,-20.0,7.0,-17.0,5.0,-13.0,3.0,-9.0,1.0,-4.0,-2.0,-1.0,-5.0,3.0,-8.0,7.0,-11.0,10.0,-14.0,12.0,-17.0,15.0,-20.0,17.0,-21.0,18.0,-22.0,17.0,-23.0,16.0,-22.0,14.0,-21.0,12.0,-19.0,9.0,-15.0,7.0,-12.0,6.0,-7.0,4.0,-3.0,2.0,2.0,1.0,7.0
0.7644,122.0,-96.0,7.0,0.0,0.0,0.0,0.0,0.0,0.0,0.0,0.0,0.0,-26.0,-7.0,-25.0,-7.0,-23.0,-7.0,-21.0,-6.0,-17.0,-6.0,-13.0,-5.0,-8.0,-4.0,-3.0,-4.0,2.0,-4.0,7.0,-4.0,12.0,-5.0,16.0,-6.0,20.0,-7.0,23.0,-7.0,25.0,-8.0,27.0,-8.0,27.0,-9.0,25.0,-8.0,23.0,-8.0,20.0,-8.0,16.0,-7.0,13.0,-5.0,9.0,-2.0,4.0,0.0,0.0,3.0,-3.0,7.0
0.7785,122.0,-96.0,7.0,0.0,0.0,0.0,0.0,0.0,0.0,0.0,0.0,0.0,-2.0,-4.0,2.0,-7.0,7.0,-10.0,10.0,-12.0,14.0,-16.0,18.0,-19.0,19.0,-21.0,21.0,-22.0,20.0,-23.0,20.0,-23.0,18.0,-22.0,16.0,-20.0,15.0,-17.0,11.0,-14.0,9.0,-9.0,6.0,-5.0,3.0,1.0,1.0,6.0,-1.0,12.0,-2.0,17.0,-2.0,22.0,-1.0,24.0,-2.0,28.0,0.0,29.0,0.0,29.0,1.0,29.0
0.7923,122.0,-96.0,7.0,0.0,0.0,0.0,0.0,0.0,0.0,0.0,0.0,0.0,24.0,8.0,24.0,8.0,21.0,7.0,19.0,6.0,15.0,6.0,12.0,5.0,7.0,4.0,1.0,3.0,-3.0,2.0,-8.0,3.0,-13.0,3.0,-17.0,4.0,-21.0,5.0,-25.0,5.0,-27.0,5.0,-28.0,5.0,-28.0,6.0,-26.0,6.0,-25.0,6.0,-22.0,6.0,-17.0,5.0,-13.0,3.0,-10.0,1.0,-5.0,-1.0,-1.0,-4.0,3.0,-8.0
0.807,122.0,-96.0,7.0,0.0,0.0,0.0,0.0,0.0,0.0,0.0,0.0,0.0,12.0,-14.0,9.0,-10.0,6.0,-6.0,4.0,-1.0,1.0,4.0,-1.0,9.0,-2.0,14.0,-3.0,19.0,-5.0,23.0,-4.0,26.0,-6.0,29.0,-5.0,30.0,-4.0,31.0,-4.0,30.0,-3.0,28.0,-2.0,23.0,-2.0,20.0,-2.0,14.0,-3.0,9.0,-3.0,4.0,-5.0,-1.0,-7.0,-7.0,-9.0,-12.0,-11.0,-17.0,-13.0,-20.0,-15.0,-22.0
0.8199,122.0,-96.0,7.0,0.0,0.0,0.0,0.0,0.0,0.0,0.0,0.0,0.0,14.0,10.0,14.0,10.0,14.0,11.0,14.0,11.0,13.0,12.0,14.0,13.0,13.0,13.0,12.0,13.0,12.0,13.0,12.0,13.0,12.0,13.0,12.0,13.0,11.0,13.0,11.0,14.0,10.0,14.0,10.0,13.0,10.0,13.0,10.0,14.0,9.0,14.0,9.0,13.0,9.0,13.0,9.0,12.0,8.0,12.0,9.0,12.0,9.0,12.0,9.0,11.0
0.8348,122.0,-96.0,7.0,0.0,0.0,0.0,0.0,0.0,0.0,0.0,0.0,0.0,17.0,-15.0,13.0,-11.0,9.0,-6.0,5.0,0.0,1.0,6.0,-3.0,12.0,-5.0,17.0,-8.0,23.0,-10.0,28.0,-11.0,32.0,-13.0,35.0,-12.0,36.0,-11.0,37.0,-10.0,36.0,-9.0,33.0,-7.0,29.0,-6.0,24.0,-5.0,18.0,-5.0,11.0,-5.0,4.0,-6.0,-2.0,-7.0,-10.0,-9.0,-16.0,-10.0,-23.0,-13.0,-26.0,-16.0,-29.0
0.848,122.0,-96.0,7.0,0.0,0.0,0.0,0.0,0.0,0.0,0.0,0.0,0.0,11.0,11.0,11.0,11.0,10.0,12.0,11.0,12.0,10.0,12.0,10.0,13.0,10.0,13.0,9.0,13.0,9.0,13.0,9.0,13.0,9.0,14.0,8.0,13.0,8.0,13.0,8.0,14.0,7.0,14.0,7.0,13.0,7.0,13.0,7.0,13.0,7.0,13.0,7.0,12.0,6.0,12.0,7.0,12.0,6.0,12.0,7.0,12.0,7.0,11.0,7.0,11.0
0.8627,122.0,-96.0,7.0,0.0,0.0,0.0,0.0,0.0,0.0,0.0,0.0,0.0,-20.0,-18.0,-20.0,-18.0,-19.0,-17.0,-17.0,-15.0,-15.0,-14.0,-12.0,-11.0,-8.0,-9.0,-4.0,-6.0,1.0,-4.0,6.0,-1.0,10.0,0.0,15.0,2.0,18.0,3.0,22.0,4.0,25.0,5.0,27.0,6.0,27.0,5.0,27.0,4.0,25.0,3.0,23.0,2.0,19.0,2.0,15.0,1.0,11.0,2.0,5.0,2.0,0.0,3.0,-4.0,4.0
0.8759,122.0,-96.0,7.0,0.0,0.0,0.0,0.0,0.0,0.0,0.0,0.0,0.0,5.0,-23.0,4.0,-18.0,3.0,-13.0,3.0,-7.0,3.0,0.0,4.0,6.0,5.0,11.0,6.0,18.0,7.0,22.0,8.0,27.0,8.0,30.0,10.0,32.0,11.0,32.0,11.0,32.0,11.0,30.0,11.0,26.0,9.0,23.0,6.0,17.0,4.0,13.0,1.0,8.0,-4.0,3.0,-8.0,-2.0,-13.0,-7.0,-17.0,-11.0,-21.0,-13.0,-25.0,-14.0
0.8889,122.0,-96.0,7.0,0.0,0.0,0.0,0.0,0.0,0.0,0.0,0.0,0.0,4.0,-2.0,6.0,4.0,8.0,10.0,10.0,15.0,12.0,19.0,15.0,24.0,17.0,26.0,18.0,28.0,19.0,28.0,19.0,27.0,19.0,25.0,17.0,23.0,15.0,20.0,11.0,16.0,7.0,12.0,3.0,7.0,-3.0,3.0,-8.0,0.0,-14.0,-3.0,-19.0,-6.0,-24.0,-8.0,-28.0,-8.0,-31.0,-9.0,-33.0,-7.0,-33.0,-6.0,-33.0,-5.0
0.9032,122.0,-96.0,7.0,0.0,0.0,0.0,0.0,0.0,0.0,0.0,0.0,0.0,7.0,18.0,5.0,14.0,1.0,9.0,-2.0,4.0,-6.0,-1.0,-10.0,-6.0,-14.0,-9.0,-18.0,-13.0,-22.0,-16.0,-25.0,-18.0,-28.0,-20.0,-29.0,-19.0,-30.0,-19.0,-29.0,-18.0,-27.0,-17.0,-24.0,-13.0,-20.0,-12.0,-15.0,-9.0,-10.0,-7.0,-3.0,-5.0,3.0,-5.0,9.0,-4.0,15.0,-3.0,21.0,-3.0,25.0,-4.0,28.0,-6.0
0.9174,122.0,-96.0,7.0,0.0,0.0,0.0,0.0,0.0,0.0,0.0,0.0,0.0,-19.0,-5.0,-22.0,-6.0,-24.0,-7.0,-26.0,-7.0,-27.0,-7.0,-27.0,-7.0,-26.0,-7.0,-23.0,-6.0,-20.0,-6.0,-16.0,-5.0,-12.0,-4.0,-6.0,-4.0,-1.0,-4.0,5.0,-3.0,10.0,-5.0,15.0,-5.0,19.0,-6.0,22.0,-7.0,25.0,-8.0,26.0,-9.0,26.0,-11.0,25.0,-10.0,23.0,-10.0,20.0,-9.0,17.0,-8.0,13.0,-6.0
0.9304,122.0,-96.0,7.0,0.0,0.0,0.0,0.0,0.0,0.0,0.0,0.0,0.0,-3.0,-24.0,-2.0,-19.0,-1.0,-13.0,1.0,-8.0,3.0,-2.0,6.0,4.0,9.0,8.0,12.0,14.0,15.0,18.0,17.0,22.0,19.0,25.0,21.0,26.0,22.0,26.0,22.0,26.0,22.0,23.0,20.0,20.0,17.0,17.0,13.0,14.0,9.0,10.0,4.0,7.0,-3.0,4.0,-8.0,1.0,-14.0,-2.0,-20.0,-4.0,-24.0,-4.0,-28.0,-3.0
0.944,122.0,-96.0,7.0,0.0,0.0,0.0,0.0,0.0,0.0,0.0,0.0,0.0,27.0,6.0,27.0,6.0,24.0,6.0,22.0,5.0,18.0,5.0,13.0,4.0,8.0,4.0,2.0,3.0,-3.0,3.0,-9.0,4.0,-14.0,5.0,-19.0,5.0,-23.0,6.0,-27.0,7.0,-30.0,7.0,-31.0,7.0,-31.0,9.0,-29.0,8.0,-27.0,8.0,-23.0,7.0,-19.0,6.0,-15.0,4.0,-11.0,1.0,-6.0,-1.0,-1.0,-5.0,3.0,-8.0
0.9588,122.0,-96.0,7.0,0.0,0.0,0.0,0.0,0.0,0.0,0.0,0.0,0.0,-23.0,-13.0,-23.0,-13.0,-21.0,-11.0,-19.0,-11.0,-15.0,-9.0,-12.0,-8.0,-7.0,-6.0,-2.0,-4.0,3.0,-3.0,8.0,-2.0,12.0,-1.0,17.0,-1.0,21.0,-1.0,24.0,0.0,27.0,0.0,28.0,0.0,28.0,-1.0,27.0,-1.0,25.0,-2.0,21.0,-2.0,17.0,-2.0,13.0,-1.0,9.0,0.0,4.0,2.0,-1.0,3.0,-5.0,6.0
0.9724,122.0,-96.0,7.0,0.0,0.0,0.0,0.0,0.0,0.0,0.0,0.0,0.0,-4.0,-26.0,-4.0,-26.0,-3.0,-24.0,-3.0,-21.0,-2.0,-18.0,-1.0,-14.0,0.0,-9.0,2.0,-4.0,4.0,0.0,6.0,5.0,8.0,9.0,10.0,13.0,12.0,16.0,14.0,20.0,16.0,21.0,16.0,22.0,17.0,22.0,16.0,21.0,16.0,19.0,14.0,16.0,11.0,13.0,8.0,10.0,5.0,8.0,1.0,5.0,-4.0,2.0,-8.0,0.0
0.9867,122.0,-96.0,7.0,0.0,0.0,0.0,0.0,0.0,0.0,0.0,0.0,0.0,18.0,18.0,18.0,18.0,17.0,18.0,16.0,16.0,13.0,14.0,10.0,11.0,7.0,8.0,2.0,5.0,-2.0,3.0,-7.0,0.0,-11.0,-2.0,-15.0,-4.0,-19.0,-5.0,-23.0,-7.0,-26.0,-8.0,-28.0,-9.0,-28.0,-8.0,-28.0,-8.0,-26.0,-7.0,-23.0,-6.0,-19.0,-4.0,-16.0,-4.0,-11.0,-4.0,-6.0,-4.0,-1.0,-4.0,4.0,-5.0
0.9992,122.0,-96.0,7.0,0.0,0.0,0.0,0.0,0.0,0.0,0.0,0.0,0.0,2.0,-4.0,7.0,-1.0,11.0,2.0,15.0,4.0,20.0,6.0,24.0,7.0,27.0,7.0,29.0,8.0,29.0,7.0,29.0,7.0,27.0,6.0,25.0,5.0,22.0,5.0,17.0,4.0,12.0,4.0,6.0,3.0,0.0,3.0,-6.0,4.0,-12.0,5.0,-16.0,6.0,-21.0,8.0,-23.0,10.0,-27.0,11.0,-27.0,13.0,-26.0,14.0,-26.0,14.0
1.0133,122.0,-96.0,7.0,0.0,0.0,0.0,0.0,0.0,0.0,0.0,0.0,0.0,3.0,-18.0,3.0,-19.0,3.0,-19.0,4.0,-18.0,5.0,-18.0,5.0,-19.0,5.0,-18.0,6.0,-18.0,6.0,-18.0,7.0,-18.0,7.0,-17.0,7.0,-17.0,7.0,-17.0,7.0,-17.0,8.0,-16.0,7.0,-16.0,8.0,-16.0,8.0,-16.0,8.0,-15.0,7.0,-15.0,7.0,-15.0,7.0,-15.0,7.0,-14.0,6.0,-14.0,6.0,-14.0,6.0,-14.0
1.0265,122.0,-96.0,7.0,0.0,0.0,0.0,0.0,0.0,0.0,0.0,0.0,0.0,-3.0,-4.0,2.0,-7.0,6.0,-10.0,10.0,-13.0,14.0,-17.0,17.0,-20.0,18.0,-22.0,20.0,-24.0,19.0,-25.0,19.0,-25.0,17.0,-23.0,15.0,-21.0,14.0,-19.0,10.0,-15.0,8.0,-10.0,5.0,-5.0,3.0,1.0,2.0,6.0,0.0,12.0,0.0,17.0,-1.0,22.0,0.0,25.0,0.0,28.0,2.0,29.0,2.0,29.0,3.0,29.0
1.0419,122.0,-96.0,7.0,0.0,0.0,0.0,0.0,0.0,0.0,0.0,0.0,0.0,9.0,-13.0,10.0,-13.0,10.0,-13.0,10.0,-13.0,11.0,-13.0,11.0,-12.0,11.0,-12.0,12.0,-12.0,11.0,-12.0,12.0,-11.0,12.0,-11.0,12.0,-10.0,12.0,-10.0,12.0,-10.0,12.0,-10.0,12.0,-10.0,12.0,-10.0,12.0,-10.0,12.0,-9.0,11.0,-9.0,11.0,-9.0,10.0,-9.0,11.0,-9.0,10.0,-9.0,9.0,-9.0,9.0,-9.0
1.0565,122.0,-96.0,7.0,0.0,0.0,0.0,0.0,0.0,0.0,0.0,0.0,0.0,-5.0,22.0,-4.0,17.0,-4.0,12.0,-4.0,6.0,-4.0,0.0,-5.0,-7.0,-7.0,-12.0,-8.0,-18.0,-10.0,-23.0,-12.0,-27.0,-12.0,-30.0,-14.0,-32.0,-15.0,-32.0,-15.0,-32.0,-15.0,-29.0,-14.0,-26.0,-12.0,-22.0,-9.0,-18.0,-6.0,-13.0,-2.0,-9.0,3.0,-4.0,7.0,0.0,13.0,4.0,17.0,8.0,22.0,9.0,25.0,9.0
1.0727,122.0,-96.0,7.0,0.0,0.0,0.0,0.0,0.0,0.0,0.0,0.0,0.0,10.0,-14.0,10.0,-14.0,11.0,-13.0,11.0,-14.0,11.0,-13.0,12.0,-13.0,12.0,-12.0,12.0,-12.0,13.0,-12.0,12.0,-12.0,12.0,-12.0,13.0,-11.0,13.0,-11.0,13.0,-11.0,14.0,-11.0,13.0,-10.0,13.0,-10.0,13.0,-10.0,13.0,-9.0,12.0,-9.0,12.0,-9.0,12.0,-9.0,11.0,-9.0,11.0,-9.0,10.0,-9.0,10.0,-9.0
1.0859,122.0,-96.0,7.0,0.0,0.0,0.0,0.0,0.0,0.0,0.0,0.0,0.0,-15.0,14.0,-17.0,16.0,-19.0,18.0,-20.0,18.0,-20.0,19.0,-19.0,18.0,-18.0,17.0,-16.0,14.0,-14.0,12.0,-11.0,9.0,-8.0,5.0,-5.0,0.0,-3.0,-4.0,0.0,-9.0,2.0,-14.0,4.0,-18.0,5.0,-21.0,6.0,-25.0,6.0,-27.0,6.0,-28.0,5.0,-28.0,5.0,-27.0,4.0,-25.0,3.0,-22.0,2.0,-18.0,2.0,-13.0
1.0993,122.0,-96.0,7.0,0.0,0.0,0.0,0.0,0.0,0.0,0.0,0.0,0.0,1.0,20.0,1.0,21.0,0.0,21.0,0.0,21.0,-1.0,21.0,-2.0,21.0,-1.0,21.0,-3.0,21.0,-3.0,21.0,-3.0,21.0,-4.0,21.0,-4.0,21.0,-4.0,20.0,-4.0,20.0,-5.0,20.0,-4.0,20.0,-5.0,19.0,-5.0,19.0,-5.0,19.0,-4.0,18.0,-4.0,18.0,-4.0,18.0,-4.0,17.0,-4.0,17.0,-3.0,17.0,-2.0,17.0
1.1131,122.0,-96.0,7.0,0.0,0.0,0.0,0.0,0.0,0.0,0.0,0.0,0.0,4.0,-1.0,5.0,5.0,6.0,11.0,7.0,17.0,8.0,22.0,10.0,26.0,12.0,28.0,12.0,31.0,13.0,31.0,14.0,30.0,14.0,28.0,13.0,26.0,11.0,23.0,9.0,18.0,5.0,13.0,2.0,8.0,-3.0,2.0,-8.0,-2.0,-14.0,-6.0,-17.0,-9.0,-23.0,-12.0,-26.0,-12.0,-29.0,-14.0,-31.0,-12.0,-32.0,-12.0,-31.0,-11.0
1.1281,122.0,-96.0,7.0,0.0,0.0,0.0,0.0,0.0,0.0,0.0,0.0,0.0,0.0,3.0,-5.0,5.0,-11.0,6.0,-15.0,7.0,-20.0,9.0,-24.0,10.0,-26.0,12.0,-28.0,13.0,-28.0,14.0,-28.0,14.0,-26.0,14.0,-24.0,13.0,-21.0,11.0,-16.0,8.0,-13.0,5.0,-8.0,2.0,-4.0,-3.0,0.0,-8.0,4.0,-12.0,7.0,-16.0,8.0,-22.0,9.0,-24.0,10.0,-27.0,9.0,-29.0,8.0,-29.0,7.0,-29.0
1.1417,122.0,-96.0,7.0,0.0,0.0,0.0,0.0,0.0,0.0,0.0,0.0,0.0,-13.0,16.0,-15.0,19.0,-17.0,20.0,-17.0,21.0,-17.0,21.0,-17.0,21.0,-15.0,19.0,-13.0,17.0,-12.0,14.0,-9.0,10.0,-7.0,6.0,-5.0,1.0,-3.0,-4.0,-1.0,-9.0,0.0,-14.0,1.0,-18.0,1.0,-22.0,2.0,-25.0,2.0,-27.0,1.0,-28.0,0.0,-28.0,0.0,-28.0,0.0,-25.0,-1.0,-22.0,-1.0,-18.0,-1.0,-14.0
1.1561,122.0,-96.0,7.0,0.0,0.0,0.0,0.0,0.0,0.0,0.0,0.0,0.0,-5.0,-1.0,-9.0,-4.0,-12.0,-8.0,-14.0,-11.0,-18.0,-13.0,-20.0,-15.0,-22.0,-16.0,-23.0,-17.0,-23.0,-16.0,-23.0,-16.0,-21.0,-14.0,-19.0,-12.0,-16.0,-11.0,-12.0,-8.0,-8.0,-7.0,-3.0,-5.0,3.0,-3.0,8.0,-2.0,13.0,-1.0,17.0,-1.0,21.0,-1.0,24.0,-2.0,26.0,-2.0,26.0,-4.0,26.0,-4.0,25.0,-5.0
1.1725,122.0,-96.0,7.0,0.0,0.0,0.0,0.0,0.0,0.0,0.0,0.0,0.0,-12.0,-15.0,-12.0,-15.0,-12.0,-15.0,-12.0,-15.0,-11.0,-16.0,-11.0,-16.0,-10.0,-16.0,-10.0,-17.0,-10.0,-16.0,-9.0,-17.0,-9.0,-17.0,-9.0,-17.0,-8.0,-17.0,-8.0,-17.0,-8.0,-17.0,-8.0,-16.0,-8.0,-16.0,-7.0,-16.0,-7.0,-16.0,-7.0,-16.0,-7.0,-15.0,-8.0,-15.0,-7.0,-15.0,-7.0,-15.0,-7.0,-14.0,-8.0,-13.0
1.1854,122.0,-96.0,7.0,0.0,0.0,0.0,0.0,0.0,0.0,0.0,0.0,0.0,-13.0,-23.0,-13.0,-24.0,-12.0,-22.0,-11.0,-21.0,-9.0,-18.0,-7.0,-15.0,-4.0,-11.0,-1.0,-6.0,2.0,-3.0,6.0,1.0,9.0,4.0,13.0,7.0,16.0,10.0,19.0,12.0,22.0,15.0,22.0,15.0,24.0,15.0,23.0,14.0,22.0,13.0,20.0,11.0,17.0,9.0,13.0,7.0,8.0,6.0,4.0,4.0,-1.0,3.0,-6.0,2.0
1.1995,122.0,-96.0,7.0,0.0,0.0,0.0,0.0,0.0,0.0,0.0,0.0,0.0,20.0,-2.0,23.0,-2.0,26.0,-2.0,26.0,-3.0,27.0,-3.0,26.0,-3.0,24.0,-3.0,21.0,-3.0,18.0,-2.0,13.0,-1.0,9.0,0.0,4.0,2.0,-2.0,3.0,-7.0,6.0,-11.0,8.0,-15.0,10.0,-18.0,12.0,-21.0,14.0,-22.0,16.0,-23.0,17.0,-22.0,17.0,-21.0,17.0,-20.0,16.0,-17.0,14.0,-13.0,11.0,-10.0,8.0
1.214,122.0,-96.0,7.0,0.0,0.0,0.0,0.0,0.0,0.0,0.0,0.0,0.0,2.0,-21.0,3.0,-21.0,3.0,-22.0,3.0,-21.0,4.0,-22.0,5.0,-21.0,5.0,-22.0,6.0,-21.0,5.0,-21.0,7.0,-21.0,7.0,-20.0,7.0,-21.0,7.0,-20.0,8.0,-20.0,8.0,-19.0,7.0,-19.0,8.0,-18.0,8.0,-19.0,7.0,-18.0,7.0,-18.0,7.0,-18.0,6.0,-17.0,6.0,-18.0,6.0,-17.0,6.0,-17.0,5.0,-17.0
1.2277,122.0,-96.0,7.0,0.0,0.0,0.0,0.0,0.0,0.0,0.0,0.0,0.0,5.0,-20.0,6.0,-23.0,7.0,-25.0,7.0,-26.0,7.0,-27.0,7.0,-26.0,6.0,-24.0,5.0,-21.0,5.0,-18.0,4.0,-13.0,4.0,-9.0,3.0,-4.0,3.0,2.0,3.0,7.0,3.0,12.0,3.0,17.0,4.0,21.0,5.0,23.0,6.0,25.0,7.0,26.0,8.0,26.0,7.0,25.0,7.0,23.0,6.0,20.0,6.0,16.0,4.0,12.0
1.242,122.0,-96.0,7.0,0.0,0.0,0.0,0.0,0.0,0.0,0.0,0.0,0.0,2.0,20.0,1.0,14.0,-1.0,9.0,-3.0,4.0,-6.0,-2.0,-9.0,-8.0,-12.0,-12.0,-15.0,-17.0,-18.0,-21.0,-20.0,-24.0,-22.0,-26.0,-23.0,-26.0,-24.0,-26.0,-24.0,-25.0,-22.0,-23.0,-20.0,-19.0,-16.0,-16.0,-12.0,-13.0,-7.0,-9.0,-2.0,-6.0,4.0,-4.0,9.0,-1.0,15.0,1.0,21.0,3.0,25.0,3.0,28.0,2.0
1.2564,122.0,-96.0,7.0,0.0,0.0,0.0,0.0,0.0,0.0,0.0,0.0,0.0,25.0,-14.0,25.0,-14.0,24.0,-13.0,22.0,-12.0,19.0,-10.0,15.0,-8.0,12.0,-5.0,6.0,-2.0,3.0,2.0,-2.0,6.0,-5.0,10.0,-9.0,14.0,-11.0,18.0,-14.0,21.0,-16.0,24.0,-18.0,26.0,-17.0,27.0,-16.0,26.0,-15.0,25.0,-13.0,23.0,-10.0,19.0,-9.0,15.0,-7.0,10.0,-6.0,5.0,-4.0,-1.0,-4.0,-7.0
1.2703,122.0,-96.0,7.0,0.0,0.0,0.0,0.0,0.0,0.0,0.0,0.0,0.0,-2.0,-4.0,3.0,-7.0,8.0,-9.0,12.0,-12.0,16.0,-15.0,19.0,-17.0,21.0,-19.0,23.0,-20.0,22.0,-22.0,22.0,-22.0,20.0,-21.0,18.0,-19.0,16.0,-16.0,12.0,-13.0,10.0,-9.0,6.0,-5.0,3.0,1.0,1.0,7.0,-2.0,12.0,-3.0,17.0,-4.0,22.0,-3.0,25.0,-4.0,28.0,-2.0,29.0,-2.0,29.0,-1.0,29.0
1.2848,122.0,-96.0,7.0,0.0,0.0,0.0,0.0,0.0,0.0,0.0,0.0,0.0,31.0,-10.0,30.0,-10.0,29.0,-10.0,26.0,-9.0,23.0,-7.0,18.0,-5.0,13.0,-3.0,7.0,0.0,2.0,3.0,-4.0,7.0,-8.0,10.0,-13.0,14.0,-17.0,18.0,-20.0,21.0,-23.0,23.0,-24.0,26.0,-23.0,26.0,-23.0,26.0,-20.0,24.0,-19.0,23.0,-15.0,19.0,-12.0,15.0,-10.0,10.0,-7.0,4.0,-5.0,-2.0,-3.0,-8.0
1.2999,122.0,-96.0,7.0,0.0,0.0,0.0,0.0,0.0,0.0,0.0,0.0,0.0,-5.0,25.0,-5.0,25.0,-5.0,24.0,-4.0,22.0,-4.0,19.0,-4.0,15.0,-4.0,10.0,-4.0,5.0,-4.0,0.0,-5.0,-5.0,-5.0,-10.0,-6.0,-15.0,-7.0,-19.0,-8.0,-23.0,-9.0,-25.0,-10.0,-27.0,-11.0,-27.0,-11.0,-27.0,-10.0,-25.0,-10.0,-22.0,-9.0,-18.0,-6.0,-15.0,-4.0,-11.0,-1.0,-7.0,2.0,-3.0,6.0,1.0
1.3127,122.0,-96.0,7.0,0.0,0.0,0.0,0.0,0.0,0.0,0.0,0.0,0.0,18.0,-6.0,21.0,-6.0,24.0,-7.0,25.0,-7.0,26.0,-8.0,26.0,-7.0,24.0,-7.0,22.0,-6.0,20.0,-5.0,15.0,-4.0,11.0,-2.0,6.0,0.0,1.0,2.0,-4.0,5.0,-8.0,8.0,-12.0,11.0,-15.0,14.0,-17.0,17.0,-19.0,18.0,-19.0,20.0,-19.0,21.0,-19.0,20.0,-17.0,19.0,-14.0,17.0,-12.0,14.0,-9.0,11.0
1.3267,122.0,-96.0,7.0,0.0,0.0,0.0,0.0,0.0,0.0,0.0,0.0,0.0,1.0,-5.0,5.0,-7.0,9.0,-9.0,13.0,-12.0,16.0,-14.0,19.0,-16.0,20.0,-17.0,21.0,-18.0,20.0,-19.0,20.0,-18.0,18.0,-17.0,16.0,-15.0,14.0,-13.0,10.0,-9.0,8.0,-6.0,4.0,-2.0,1.0,3.0,-1.0,8.0,-3.0,13.0,-4.0,17.0,-5.0,21.0,-4.0,23.0,-5.0,26.0,-3.0,26.0,-3.0,26.0,-2.0,26.0
1.3399,122.0,-96.0,7.0,0.0,0.0,0.0,0.0,0.0,0.0,0.0,0.0,0.0,-4.0,-3.0,-2.0,-9.0,1.0,-14.0,3.0,-19.0,5.0,-24.0,6.0,-29.0,6.0,-31.0,7.0,-34.0,6.0,-35.0,6.0,-34.0,5.0,-32.0,4.0,-29.0,4.0,-26.0,3.0,-20.0,3.0,-15.0,2.0,-8.0,4.0,-1.0,5.0,5.0,7.0,12.0,9.0,17.0,11.0,22.0,14.0,24.0,15.0,28.0,17.0,27.0,18.0,27.0,18.0,27.0
1.3557,122.0,-96.0,7.0,0.0,0.0,0.0,0.0,0.0,0.0,0.0,0.0,0.0,10.0,-13.0,11.0,-12.0,11.0,-12.0,12.0,-12.0,12.0,-12.0,12.0,-11.0,13.0,-11.0,13.0,-11.0,13.0,-10.0,13.0,-10.0,13.0,-10.0,13.0,-10.0,13.0,-9.0,13.0,-9.0,13.0,-8.0,13.0,-8.0,12.0,-9.0,13.0,-8.0,13.0,-8.0,12.0,-8.0,12.0,-8.0,12.0,-8.0,12.0,-8.0,11.0,-8.0,11.0,-8.0,10.0,-8.0
1.3682,122.0,-96.0,7.0,0.0,0.0,0.0,0.0,0.0,0.0,0.0,0.0,0.0,-20.0,-5.0,-15.0,-5.0,-9.0,-4.0,-4.0,-5.0,3.0,-5.0,10.0,-6.0,15.0,-7.0,21.0,-8.0,25.0,-10.0,28.0,-11.0,31.0,-11.0,32.0,-13.0,32.0,-14.0,31.0,-13.0,28.0,-13.0,23.0,-12.0,20.0,-10.0,15.0,-7.0,11.0,-4.0,6.0,0.0,1.0,5.0,-3.0,9.0,-7.0,14.0,-11.0,18.0,-12.0,22.0,-13.0,26.0
1.3807,122.0,-96.0,7.0,0.0,0.0,0.0,0.0,0.0,0.0,0.0,0.0,0.0,-11.0,-15.0,-8.0,-12.0,-4.0,-8.0,0.0,-5.0,4.0,-1.0,9.0,2.0,14.0,4.0,18.0,6.0,22.0,9.0,25.0,9.0,27.0,10.0,29.0,10.0,29.0,9.0,28.0,9.0,26.0,7.0,23.0,6.0,19.0,5.0,14.0,4.0,9.0,3.0,3.0,3.0,-2.0,4.0,-8.0,5.0,-13.0,6.0,-19.0,7.0,-22.0,9.0,-24.0,11.0
1.3951,122.0,-96.0,7.0,0.0,0.0,0.0,0.0,0.0,0.0,0.0,0.0,0.0,17.0,-6.0,13.0,-4.0,8.0,-2.0,4.0,1.0,-1.0,4.0,-6.0,8.0,-9.0,12.0,-13.0,15.0,-15.0,18.0,-18.0,21.0,-20.0,23.0,-20.0,24.0,-20.0,25.0,-18.0,24.0,-17.0,23.0,-14.0,20.0,-12.0,16.0,-9.0,12.0,-7.0,7.0,-5.0,2.0,-4.0,-4.0,-3.0,-9.0,-1.0,-15.0,-1.0,-20.0,-1.0,-23.0,-2.0,-26.0
1.4111,122.0,-96.0,7.0,0.0,0.0,0.0,0.0,0.0,0.0,0.0,0.0,0.0,-19.0,0.0,-14.0,0.0,-9.0,-2.0,-4.0,-3.0,1.0,-5.0,7.0,-7.0,11.0,-10.0,16.0,-12.0,19.0,-14.0,22.0,-16.0,24.0,-18.0,25.0,-19.0,24.0,-20.0,23.0,-20.0,21.0,-19.0,17.0,-16.0,15.0,-14.0,11.0,-10.0,8.0,-6.0,5.0,-1.0,2.0,4.0,-1.0,8.0,-3.0,13.0,-5.0,18.0,-5.0,22.0,-5.0,26.0
1.4231,122.0,-96.0,7.0,0.0,0.0,0.0,0.0,0.0,0.0,0.0,0.0,0.0,-9.0,-18.0,-10.0,-21.0,-11.0,-23.0,-11.0,-25.0,-12.0,-26.0,-12.0,-26.0,-11.0,-24.0,-10.0,-22.0,-8.0,-20.0,-6.0,-15.0,-4.0,-11.0,-1.0,-7.0,2.0,-3.0,6.0,2.0,9.0,5.0,13.0,9.0,16.0,12.0,19.0,13.0,21.0,15.0,22.0,16.0,23.0,15.0,23.0,15.0,21.0,13.0,19.0,11.0,16.0,9.0,12.0,7.0
1.4362,122.0,-96.0,7.0,0.0,0.0,0.0,0.0,0.0,0.0,0.0,0.0,0.0,16.0,7.0,16.0,7.0,16.0,8.0,16.0,8.0,15.0,9.0,16.0,9.0,15.0,10.0,15.0,10.0,14.0,10.0,14.0,10.0,14.0,11.0,14.0,11.0,13.0,11.0,13.0,11.0,13.0,11.0,12.0,11.0,12.0,11.0,12.0,11.0,12.0,11.0,12.0,10.0,11.0,10.0,11.0,10.0,11.0,10.0,11.0,10.0,11.0,9.0,11.0,9.0
1.4502,122.0,-96.0,7.0,0.0,0.0,0.0,0.0,0.0,0.0,0.0,0.0,0.0,-10.0,-19.0,-11.0,-22.0,-11.0,-24.0,-12.0,-25.0,-12.0,-25.0,-12.0,-25.0,-11.0,-23.0,-9.0,-20.0,-7.0,-18.0,-5.0,-13.0,-3.0,-9.0,0.0,-5.0,4.0,-1.0,7.0,3.0,11.0,7.0,14.0,10.0,17.0,13.0,20.0,14.0,21.0,15.0,22.0,16.0,23.0,15.0,22.0,15.0,21.0,13.0,18.0,10.0,15.0,9.0,11.0,7.0
1.4633,122.0,-96.0,7.0,0.0,0.0,0.0,0.0,0.0,0.0,0.0,0.0,0.0,-25.0,-10.0,-28.0,-11.0,-31.0,-12.0,-31.0,-12.0,-32.0,-13.0,-31.0,-12.0,-29.0,-12.0,-25.0,-10.0,-21.0,-10.0,-16.0,-7.0,-10.0,-6.0,-4.0,-5.0,3.0,-5.0,10.0,-4.0,16.0,-4.0,21.0,-4.0,26.0,-5.0,30.0,-6.0,32.0,-7.0,34.0,-7.0,33.0,-8.0,32.0,-8.0,29.0,-8.0,25.0,-8.0,20.0,-7.0,15.0,-5.0
1.4773,122.0,-96.0,7.0,0.0,0.0,0.0,0.0,0.0,0.0,0.0,0.0,0.0,-3.0,-16.0,-3.0,-17.0,-2.0,-17.0,-2.0,-17.0,-1.0,-17.0,-1.0,-18.0,-1.0,-17.0,-1.0,-17.0,0.0,-17.0,0.0,-17.0,0.0,-17.0,1.0,-17.0,1.0,-16.0,1.0,-17.0,1.0,-17.0,1.0,-16.0,2.0,-16.0,2.0,-16.0,2.0,-16.0,1.0,-15.0,1.0,-15.0,1.0,-15.0,1.0,-15.0,1.0,-14.0,1.0,-14.0,0.0,-14.0
1.4925,122.0,-96.0,7.0,0.0,0.0,0.0,0.0,0.0,0.0,0.0,0.0,0.0,8.0,-16.0,9.0,-16.0,9.0,-16.0,10.0,-16.0,10.0,-16.0,11.0,-16.0,11.0,-15.0,12.0,-15.0,12.0,-14.0,12.0,-14.0,12.0,-14.0,12.0,-14.0,12.0,-14.0,12.0,-13.0,13.0,-13.0,12.0,-13.0,12.0,-13.0,12.0,-12.0,12.0,-12.0,11.0,-12.0,11.0,-12.0,11.0,-12.0,11.0,-11.0,10.0,-12.0,10.0,-12.0,10.0,-12.0
1.5063,122.0,-96.0,7.0,0.0,0.0,0.0,0.0,0.0,0.0,0.0,0.0,0.0,-20.0,-9.0,-23.0,-10.0,-24.0,-11.0,-26.0,-11.0,-25.0,-11.0,-25.0,-11.0,-23.0,-11.0,-20.0,-9.0,-17.0,-9.0,-12.0,-7.0,-8.0,-6.0,-3.0,-4.0,2.0,-4.0,8.0,-3.0,13.0,-3.0,17.0,-2.0,22.0,-2.0,24.0,-3.0,27.0,-4.0,28.0,-4.0,27.0,-5.0,26.0,-5.0,24.0,-5.0,21.0,-5.0,17.0,-4.0,13.0,-3.0
1.5195,122.0,-96.0,7.0,0.0,0.0,0.0,0.0,0.0,0.0,0.0,0.0,0.0,25.0,4.0,25.0,4.0,23.0,4.0,22.0,4.0,19.0,4.0,15.0,3.0,10.0,3.0,4.0,2.0,0.0,3.0,-5.0,4.0,-10.0,5.0,-14.0,5.0,-19.0,7.0,-23.0,7.0,-25.0,8.0,-27.0,9.0,-27.0,10.0,-26.0,10.0,-25.0,10.0,-22.0,9.0,-18.0,8.0,-14.0,6.0,-11.0,3.0,-7.0,0.0,-3.0,-3.0,1.0,-7.0
1.5349,122.0,-96.0,7.0,0.0,0.0,0.0,0.0,0.0,0.0,0.0,0.0,0.0,-6.0,0.0,-10.0,-3.0,-14.0,-7.0,-18.0,-10.0,-21.0,-12.0,-25.0,-14.0,-26.0,-14.0,-28.0,-16.0,-28.0,-15.0,-27.0,-14.0,-25.0,-12.0,-22.0,-11.0,-19.0,-10.0,-14.0,-7.0,-9.0,-7.0,-3.0,-5.0,3.0,-4.0,8.0,-4.0,14.0,-3.0,19.0,-4.0,23.0,-4.0,26.0,-6.0,28.0,-6.0,28.0,-8.0,28.0,-9.0,27.0,-9.0
1.5493,122.0,-96.0,7.0,0.0,0.0,0.0,0.0,0.0,0.0,0.0,0.0,0.0,-1.0,5.0,-4.0,9.0,-8.0,12.0,-11.0,15.0,-14.0,19.0,-16.0,22.0,-17.0,24.0,-18.0,25.0,-17.0,26.0,-16.0,25.0,-14.0,23.0,-12.0,21.0,-11.0,17.0,-9.0,13.0,-7.0,7.0,-5.0,2.0,-3.0,-4.0,-3.0,-10.0,-2.0,-15.0,-2.0,-20.0,-3.0,-25.0,-4.0,-27.0,-4.0,-30.0,-6.0,-30.0,-7.0,-29.0,-7.0,-28.0
1.563,122.0,-96.0,7.0,0.0,0.0,0.0,0.0,0.0,0.0,0.0,0.0,0.0,12.0,11.0,12.0,11.0,12.0,12.0,12.0,12.0,11.0,13.0,11.0,13.0,11.0,13.0,11.0,13.0,10.0,13.0,10.0,14.0,10.0,14.0,9.0,14.0,9.0,14.0,9.0,14.0,8.0,14.0,8.0,14.0,9.0,13.0,8.0,14.0,8.0,13.0,8.0,13.0,8.0,12.0,8.0,12.0,7.0,12.0,7.0,12.0,8.0,11.0,8.0,11.0
1.578,122.0,-96.0,7.0,0.0,0.0,0.0,0.0,0.0,0.0,0.0,0.0,0.0,8.0,-20.0,10.0,-22.0,11.0,-24.0,11.0,-24.0,11.0,-25.0,11.0,-24.0,10.0,-23.0,9.0,-20.0,8.0,-17.0,6.0,-12.0,5.0,-8.0,3.0,-3.0,2.0,2.0,1.0,8.0,1.0,13.0,0.0,18.0,1.0,21.0,1.0,24.0,1.0,26.0,2.0,28.0,3.0,27.0,3.0,26.0,3.0,24.0,3.0,21.0,3.0,17.0,1.0,13.0
1.5936,122.0,-96.0,7.0,0.0,0.0,0.0,0.0,0.0,0.0,0.0,0.0,0.0,-9.0,-14.0,-8.0,-15.0,-8.0,-15.0,-8.0,-16.0,-7.0,-15.0,-7.0,-16.0,-7.0,-16.0,-6.0,-16.0,-6.0,-16.0,-6.0,-16.0,-6.0,-16.0,-6.0,-16.0,-5.0,-15.0,-5.0,-16.0,-4.0,-16.0,-5.0,-16.0,-5.0,-16.0,-4.0,-16.0,-4.0,-15.0,-4.0,-15.0,-4.0,-15.0,-5.0,-14.0,-5.0,-14.0,-5.0,-13.0,-5.0,-13.0,-5.0,-14.0
1.6062,122.0,-96.0,7.0,0.0,0.0,0.0,0.0,0.0,0.0,0.0,0.0,0.0,-3.0,-5.0,-2.0,-11.0,0.0,-15.0,1.0,-20.0,1.0,-24.0,2.0,-28.0,2.0,-30.0,2.0,-32.0,1.0,-32.0,0.0,-31.0,0.0,-28.0,-1.0,-25.0,0.0,-21.0,0.0,-16.0,2.0,-11.0,2.0,-5.0,4.0,1.0,6.0,6.0,8.0,12.0,10.0,16.0,13.0,20.0,15.0,22.0,17.0,24.0,18.0,22.0,19.0,22.0,19.0,21.0
1.6201,122.0,-96.0,7.0,0.0,0.0,0.0,0.0,0.0,0.0,0.0,0.0,0.0,-19.0,2.0,-14.0,0.0,-9.0,-1.0,-4.0,-3.0,1.0,-5.0,7.0,-8.0,10.0,-11.0,15.0,-13.0,18.0,-16.0,21.0,-18.0,22.0,-20.0,23.0,-21.0,23.0,-22.0,21.0,-21.0,19.0,-20.0,16.0,-18.0,13.0,-15.0,10.0,-11.0,8.0,-7.0,4.0,-2.0,2.0,3.0,0.0,8.0,-2.0,14.0,-3.0,19.0,-3.0,23.0,-3.0,26.0
1.6354,122.0,-96.0,7.0,0.0,0.0,0.0,0.0,0.0,0.0,0.0,0.0,0.0,-3.0,20.0,-2.0,16.0,-3.0,11.0,-3.0,6.0,-4.0,0.0,-5.0,-6.0,-7.0,-10.0,-9.0,-16.0,-10.0,-21.0,-12.0,-24.0,-12.0,-27.0,-14.0,-28.0,-15.0,-28.0,-15.0,-28.0,-15.0,-26.0,-14.0,-23.0,-12.0,-20.0,-9.0,-16.0,-6.0,-12.0,-2.0,-7.0,2.0,-4.0,6.0,0.0,11.0,4.0,15.0,7.0,19.0,8.0,23.0,8.0
1.6512,122.0,-96.0,7.0,0.0,0.0,0.0,0.0,0.0,0.0,0.0,0.0,0.0,-7.0,-17.0,-7.0,-18.0,-7.0,-18.0,-7.0,-18.0,-6.0,-18.0,-5.0,-18.0,-5.0,-18.0,-5.0,-19.0,-4.0,-18.0,-4.0,-19.0,-4.0,-19.0,-4.0,-18.0,-3.0,-18.0,-3.0,-19.0,-3.0,-18.0,-2.0,-18.0,-2.0,-17.0,-2.0,-18.0,-2.0,-17.0,-2.0,-17.0,-2.0,-17.0,-2.0,-16.0,-2.0,-16.0,-2.0,-16.0,-3.0,-15.0,-3.0,-15.0
1.6659,122.0,-96.0,7.0,0.0,0.0,0.0,0.0,0.0,0.0,0.0,0.0,0.0,22.0,-18.0,22.0,-18.0,20.0,-16.0,18.0,-15.0,15.0,-12.0,12.0,-9.0,8.0,-5.0,4.0,0.0,1.0,4.0,-3.0,9.0,-5.0,14.0,-7.0,17.0,-9.0,21.0,-11.0,25.0,-12.0,28.0,-12.0,29.0,-12.0,29.0,-11.0,28.0,-10.0,26.0,-8.0,23.0,-6.0,18.0,-5.0,14.0,-5.0,9.0,-4.0,3.0,-4.0,-2.0,-5.0,-8.0
1.6805,122.0,-96.0,7.0,0.0,0.0,0.0,0.0,0.0,0.0,0.0,0.0,0.0,-7.0,-1.0,-11.0,-5.0,-14.0,-9.0,-18.0,-13.0,-22.0,-16.0,-25.0,-18.0,-27.0,-19.0,-29.0,-21.0,-29.0,-20.0,-28.0,-19.0,-27.0,-17.0,-24.0,-15.0,-20.0,-13.0,-15.0,-10.0,-9.0,-8.0,-4.0,-6.0,3.0,-4.0,9.0,-3.0,16.0,-2.0,21.0,-2.0,26.0,-2.0,29.0,-4.0,32.0,-4.0,32.0,-6.0,32.0,-7.0,31.0,-8.0
1.6947,122.0,-96.0,7.0,0.0,0.0,0.0,0.0,0.0,0.0,0.0,0.0,0.0,14.0,-14.0,11.0,-10.0,7.0,-6.0,4.0,-1.0,1.0,5.0,-2.0,10.0,-3.0,16.0,-6.0,21.0,-7.0,26.0,-8.0,29.0,-9.0,32.0,-9.0,33.0,-8.0,34.0,-7.0,33.0,-6.0,30.0,-5.0,26.0,-4.0,22.0,-4.0,16.0,-4.0,10.0,-4.0,4.0,-6.0,-2.0,-6.0,-9.0,-8.0,-15.0,-10.0,-20.0,-12.0,-23.0,-15.0,-26.0
1.7115,122.0,-96.0,7.0,0.0,0.0,0.0,0.0,0.0,0.0,0.0,0.0,0.0,3.0,-4.0,9.0,-5.0,14.0,-5.0,19.0,-5.0,23.0,-6.0,26.0,-6.0,28.0,-8.0,30.0,-8.0,29.0,-8.0,29.0,-8.0,26.0,-8.0,23.0,-7.0,20.0,-6.0,15.0,-4.0,10.0,-2.0,5.0,0.0,-1.0,4.0,-5.0,8.0,-10.0,11.0,-13.0,15.0,-16.0,18.0,-17.0,21.0,-19.0,23.0,-17.0,24.0,-17.0,24.0,-16.0,24.0
1.7244,122.0,-96.0,7.0,0.0,0.0,0.0,0.0,0.0,0.0,0.0,0.0,0.0,11.0,-14.0,11.0,-13.0,11.0,-13.0,12.0,-13.0,12.0,-13.0,13.0,-13.0,13.0,-12.0,13.0,-12.0,13.0,-12.0,14.0,-11.0,14.0,-11.0,14.0,-11.0,14.0,-10.0,14.0,-10.0,14.0,-10.0,14.0,-10.0,13.0,-10.0,14.0,-9.0,14.0,-10.0,13.0,-9.0,13.0,-9.0,12.0,-9.0,13.0,-9.0,12.0,-9.0,11.0,-9.0,11.0,-9.0
1.7376,122.0,-96.0,7.0,0.0,0.0,0.0,0.0,0.0,0.0,0.0,0.0,0.0,-10.0,24.0,-10.0,23.0,-9.0,22.0,-8.0,19.0,-8.0,15.0,-6.0,11.0,-5.0,7.0,-4.0,1.0,-4.0,-4.0,-3.0,-9.0,-3.0,-14.0,-3.0,-18.0,-4.0,-22.0,-4.0,-25.0,-4.0,-27.0,-4.0,-29.0,-5.0,-29.0,-5.0,-28.0,-5.0,-25.0,-5.0,-22.0,-4.0,-18.0,-3.0,-14.0,-1.0,-10.0,1.0,-5.0,3.0,-1.0,6.0,3.0
1.7523,122.0,-96.0,7.0,0.0,0.0,0.0,0.0,0.0,0.0,0.0,0.0,0.0,-2.0,4.0,-6.0,7.0,-9.0,10.0,-13.0,12.0,-16.0,14.0,-18.0,17.0,-19.0,18.0,-21.0,19.0,-20.0,20.0,-19.0,19.0,-17.0,18.0,-15.0,16.0,-13.0,13.0,-10.0,10.0,-8.0,6.0,-5.0,1.0,-2.0,-4.0,-1.0,-9.0,1.0,-14.0,1.0,-18.0,2.0,-22.0,1.0,-25.0,1.0,-27.0,0.0,-27.0,-1.0,-27.0,-1.0,-26.0
1.7666,122.0,-96.0,7.0,0.0,0.0,0.0,0.0,0.0,0.0,0.0,0.0,0.0,-4.0,-3.0,-1.0,-8.0,1.0,-12.0,3.0,-17.0,5.0,-22.0,6.0,-25.0,7.0,-28.0,8.0,-30.0,7.0,-31.0,6.0,-31.0,5.0,-29.0,4.0,-26.0,4.0,-23.0,3.0,-18.0,3.0,-13.0,3.0,-7.0,3.0,-1.0,4.0,5.0,5.0,10.0,7.0,16.0,9.0,20.0,11.0,22.0,12.0,26.0,14.0,25.0,15.0,25.0,15.0,24.0
1.7836,122.0,-96.0,7.0,0.0,0.0,0.0,0.0,0.0,0.0,0.0,0.0,0.0,-21.0,9.0,-22.0,8.0,-22.0,8.0,-22.0,8.0,-23.0,6.0,-23.0,6.0,-23.0,5.0,-23.0,5.0,-23.0,5.0,-23.0,4.0,-23.0,4.0,-23.0,3.0,-22.0,3.0,-23.0,2.0,-23.0,2.0,-22.0,2.0,-22.0,2.0,-22.0,2.0,-21.0,2.0,-21.0,2.0,-21.0,2.0,-20.0,2.0,-21.0,2.0,-20.0,2.0,-20.0,2.0,-19.0,3.0
1.7978,122.0,-96.0,7.0,0.0,0.0,0.0,0.0,0.0,0.0,0.0,0.0,0.0,0.0,-22.0,0.0,-25.0,0.0,-26.0,0.0,-27.0,0.0,-28.0,0.0,-27.0,0.0,-25.0,0.0,-22.0,0.0,-19.0,1.0,-14.0,1.0,-9.0,2.0,-4.0,3.0,1.0,5.0,6.0,7.0,11.0,8.0,15.0,10.0,19.0,12.0,21.0,13.0,23.0,14.0,24.0,14.0,23.0,14.0,22.0,13.0,20.0,12.0,17.0,10.0,14.0,7.0,11.0
1.8119,122.0,-96.0,7.0,0.0,0.0,0.0,0.0,0.0,0.0,0.0,0.0,0.0,-6.0,4.0,-13.0,2.0,-19.0,1.0,-25.0,0.0,-31.0,-1.0,-35.0,0.0,-37.0,1.0,-40.0,1.0,-39.0,2.0,-38.0,2.0,-35.0,2.0,-31.0,2.0,-26.0,1.0,-20.0,0.0,-14.0,-2.0,-6.0,-3.0,1.0,-6.0,7.0,-9.0,13.0,-13.0,18.0,-16.0,22.0,-20.0,24.0,-23.0,28.0,-25.0,27.0,-27.0,26.0,-27.0,24.0,-26.0
1.8251,122.0,-96.0,7.0,0.0,0.0,0.0,0.0,0.0,0.0,0.0,0.0,0.0,-13.0,18.0,-13.0,17.0,-14.0,17.0,-14.0,17.0,-15.0,17.0,-15.0,16.0,-16.0,16.0,-16.0,15.0,-16.0,15.0,-17.0,15.0,-16.0,15.0,-16.0,14.0,-17.0,14.0,-17.0,14.0,-17.0,13.0,-17.0,13.0,-16.0,13.0,-17.0,12.0,-16.0,12.0,-16.0,11.0,-16.0,11.0,-15.0,11.0,-16.0,11.0,-15.0,12.0,-14.0,12.0,-14.0,12.0
1.8404,122.0,-96.0,7.0,0.0,0.0,0.0,0.0,0.0,0.0,0.0,0.0,0.0,10.0,17.0,8.0,14.0,5.0,10.0,1.0,6.0,-3.0,2.0,-8.0,-2.0,-12.0,-4.0,-16.0,-8.0,-20.0,-11.0,-24.0,-12.0,-26.0,-14.0,-28.0,-14.0,-29.0,-14.0,-29.0,-14.0,-27.0,-12.0,-25.0,-10.0,-21.0,-9.0,-17.0,-7.0,-11.0,-6.0,-6.0,-5.0,0.0,-5.0,6.0,-4.0,11.0,-4.0,17.0,-4.0,21.0,-6.0,23.0,-7.0
1.8545,122.0,-96.0,7.0,0.0,0.0,0.0,0.0,0.0,0.0,0.0,0.0,0.0,-6.0,0.0,-10.0,-3.0,-14.0,-7.0,-18.0,-9.0,-22.0,-11.0,-25.0,-13.0,-27.0,-14.0,-29.0,-15.0,-29.0,-14.0,-28.0,-13.0,-26.0,-11.0,-23.0,-10.0,-19.0,-9.0,-15.0,-7.0,-9.0,-6.0,-4.0,-4.0,3.0,-4.0,8.0,-4.0,14.0,-4.0,19.0,-5.0,23.0,-6.0,25.0,-7.0,28.0,-8.0,28.0,-10.0,27.0,-10.0,26.0,-11.0
1.8683,122.0,-96.0,7.0,0.0,0.0,0.0,0.0,0.0,0.0,0.0,0.0,0.0,21.0,-3.0,23.0,-2.0,23.0,-2.0,23.0,-1.0,23.0,-1.0,23.0,0.0,23.0,1.0,23.0,1.0,22.0,2.0,23.0,2.0,22.0,2.0,22.0,3.0,22.0,3.0,22.0,4.0,22.0,4.0,21.0,4.0,21.0,4.0,21.0,4.0,20.0,4.0,20.0,3.0,20.0,4.0,19.0,3.0,19.0,3.0,18.0,3.0,18.0,2.0,18.0,2.0
1.8808,122.0,-96.0,7.0,0.0,0.0,0.0,0.0,0.0,0.0,0.0,0.0,0.0,6.0,0.0,10.0,5.0,13.0,9.0,16.0,13.0,20.0,16.0,23.0,19.0,25.0,20.0,27.0,22.0,27.0,20.0,26.0,20.0,24.0,17.0,21.0,16.0,18.0,13.0,13.0,10.0,7.0,8.0,2.0,5.0,-5.0,3.0,-11.0,1.0,-17.0,0.0,-22.0,-1.0,-27.0,-1.0,-30.0,0.0,-33.0,0.0,-34.0,1.0,-33.0,2.0,-32.0,3.0
1.8942,122.0,-96.0,7.0,0.0,0.0,0.0,0.0,0.0,0.0,0.0,0.0,0.0,17.0,-12.0,20.0,-13.0,22.0,-14.0,23.0,-15.0,23.0,-15.0,22.0,-15.0,21.0,-13.0,18.0,-11.0,16.0,-9.0,11.0,-7.0,8.0,-4.0,4.0,0.0,0.0,4.0,-4.0,8.0,-7.0,11.0,-10.0,15.0,-12.0,19.0,-13.0,21.0,-13.0,23.0,-14.0,24.0,-13.0,24.0,-13.0,24.0,-11.0,22.0,-9.0,19.0,-7.0,16.0,-6.0,12.0
1.9078,122.0,-96.0,7.0,0.0,0.0,0.0,0.0,0.0,0.0,0.0,0.0,0.0,-18.0,-4.0,-14.0,-4.0,-9.0,-3.0,-3.0,-4.0,3.0,-5.0,9.0,-5.0,13.0,-7.0,18.0,-8.0,22.0,-9.0,25.0,-11.0,28.0,-11.0,28.0,-13.0,28.0,-13.0,27.0,-13.0,25.0,-13.0,21.0,-12.0,18.0,-10.0,13.0,-7.0,9.0,-4.0,5.0,0.0,1.0,4.0,-3.0,8.0,-7.0,13.0,-10.0,17.0,-10.0,20.0,-11.0,23.0
1.9207,122.0,-96.0,7.0,0.0,0.0,0.0,0.0,0.0,0.0,0.0,0.0,0.0,0.0,22.0,0.0,23.0,-1.0,22.0,-1.0,23.0,-2.0,22.0,-3.0,23.0,-3.0,22.0,-4.0,22.0,-4.0,22.0,-5.0,22.0,-4.0,22.0,-5.0,22.0,-5.0,21.0,-5.0,22.0,-6.0,21.0,-6.0,20.0,-6.0,20.0,-6.0,19.0,-6.0,20.0,-6.0,19.0,-6.0,19.0,-5.0,19.0,-5.0,18.0,-5.0,18.0,-4.0,18.0,-4.0,18.0
1.9365,122.0,-96.0,7.0,0.0,0.0,0.0,0.0,0.0,0.0,0.0,0.0,0.0,-10.0,-14.0,-10.0,-15.0,-9.0,-15.0,-9.0,-16.0,-9.0,-16.0,-9.0,-16.0,-8.0,-16.0,-8.0,-17.0,-7.0,-17.0,-7.0,-17.0,-7.0,-17.0,-6.0,-17.0,-6.0,-17.0,-6.0,-17.0,-5.0,-17.0,-5.0,-16.0,-5.0,-16.0,-5.0,-16.0,-5.0,-16.0,-5.0,-15.0,-5.0,-15.0,-5.0,-15.0,-4.0,-15.0,-5.0,-14.0,-5.0,-14.0,-5.0,-14.0
1.9489,122.0,-96.0,7.0,0.0,0.0,0.0,0.0,0.0,0.0,0.0,0.0,0.0,8.0,15.0,8.0,16.0,8.0,16.0,8.0,16.0,7.0,16.0,6.0,16.0,6.0,16.0,6.0,17.0,5.0,17.0,6.0,17.0,5.0,17.0,5.0,16.0,5.0,16.0,4.0,16.0,4.0,17.0,3.0,16.0,3.0,16.0,3.0,16.0,3.0,16.0,3.0,15.0,3.0,15.0,3.0,14.0,4.0,15.0,4.0,14.0,4.0,14.0,5.0,14.0
1.9618,122.0,-96.0,7.0,0.0,0.0,0.0,0.0,0.0,0.0,0.0,0.0,0.0,-17.0,12.0,-14.0,9.0,-10.0,6.0,-7.0,2.0,-3.0,-3.0,0.0,-8.0,2.0,-12.0,5.0,-17.0,8.0,-21.0,9.0,-25.0,10.0,-28.0,10.0,-29.0,9.0,-30.0,9.0,-30.0,8.0,-29.0,6.0,-25.0,6.0,-22.0,4.0,-17.0,4.0,-12.0,3.0,-7.0,4.0,-1.0,4.0,5.0,5.0,11.0,6.0,16.0,7.0,20.0,10.0,23.0
1.975,122.0,-96.0,7.0,0.0,0.0,0.0,0.0,0.0,0.0,0.0,0.0,0.0,5.0,28.0,5.0,27.0,5.0,25.0,4.0,22.0,3.0,19.0,1.0,14.0,0.0,9.0,-3.0,3.0,-5.0,-2.0,-8.0,-7.0,-10.0,-11.0,-13.0,-16.0,-15.0,-19.0,-18.0,-22.0,-19.0,-24.0,-21.0,-25.0,-21.0,-24.0,-21.0,-24.0,-19.0,-21.0,-17.0,-18.0,-14.0,-15.0,-11.0,-12.0,-6.0,-9.0,-2.0,-6.0,3.0,-3.0,8.0,0.0
1.9879,122.0,-96.0,7.0,0.0,0.0,0.0,0.0,0.0,0.0,0.0,0.0,0.0,16.0,9.0,19.0,12.0,20.0,13.0,22.0,14.0,23.0,15.0,22.0,14.0,21.0,14.0,19.0,12.0,17.0,11.0,12.0,8.0,8.0,7.0,4.0,4.0,-2.0,3.0,-7.0,1.0,-12.0,0.0,-16.0,-1.0,-21.0,-2.0,-24.0,-2.0,-27.0,-2.0,-28.0,-1.0,-29.0,0.0,-28.0,0.0,-26.0,0.0,-23.0,1.0,-19.0,1.0,-15.0,0.0
2.0017,122.0,-96.0,7.0,0.0,0.0,0.0,0.0,0.0,0.0,0.0,0.0,0.0,-2.0,20.0,-3.0,24.0,-4.0,26.0,-4.0,26.0,-4.0,27.0,-4.0,26.0,-4.0,24.0,-3.0,21.0,-4.0,18.0,-3.0,13.0,-3.0,8.0,-4.0,3.0,-4.0,-2.0,-5.0,-8.0,-6.0,-13.0,-7.0,-17.0,-8.0,-21.0,-9.0,-24.0,-11.0,-25.0,-11.0,-27.0,-12.0,-26.0,-12.0,-25.0,-11.0,-23.0,-10.0,-20.0,-9.0,-16.0,-7.0,-12.0
2.0153,122.0,-96.0,7.0,0.0,0.0,0.0,0.0,0.0,0.0,0.0,0.0,0.0,22.0,1.0,22.0,1.0,22.0,1.0,22.0,2.0,23.0,3.0,23.0,3.0,22.0,4.0,22.0,5.0,22.0,4.0,21.0,6.0,21.0,6.0,21.0,6.0,21.0,6.0,21.0,7.0,20.0,7.0,20.0,6.0,19.0,7.0,20.0,7.0,20.0,7.0,19.0,7.0,18.0,7.0,18.0,6.0,17.0,6.0,18.0,6.0,17.0,6.0,18.0,5.0
2.0293,122.0,-96.0,7.0,0.0,0.0,0.0,0.0,0.0,0.0,0.0,0.0,0.0,12.0,-13.0,10.0,-10.0,6.0,-6.0,4.0,-1.0,1.0,4.0,-2.0,10.0,-3.0,14.0,-5.0,19.0,-6.0,23.0,-6.0,27.0,-7.0,29.0,-6.0,30.0,-6.0,30.0,-5.0,29.0,-5.0,27.0,-4.0,24.0,-3.0,20.0,-3.0,14.0,-3.0,9.0,-3.0,4.0,-5.0,-2.0,-6.0,-7.0,-8.0,-13.0,-10.0,-18.0,-12.0,-20.0,-14.0,-23.0
2.0425,122.0,-96.0,7.0,0.0,0.0,0.0,0.0,0.0,0.0,0.0,0.0,0.0,-21.0,0.0,-17.0,-1.0,-12.0,-1.0,-7.0,-2.0,-1.0,-4.0,5.0,-6.0,9.0,-8.0,14.0,-11.0,19.0,-12.0,21.0,-15.0,24.0,-16.0,25.0,-17.0,25.0,-19.0,25.0,-19.0,23.0,-18.0,20.0,-16.0,17.0,-14.0,13.0,-11.0,10.0,-7.0,6.0,-3.0,3.0,2.0,-1.0,6.0,-3.0,12.0,-6.0,17.0,-6.0,20.0,-6.0,24.0
2.0567,122.0,-96.0,7.0,0.0,0.0,0.0,0.0,0.0,0.0,0.0,0.0,0.0,9.0,-25.0,9.0,-25.0,9.0,-23.0,8.0,-22.0,7.0,-18.0,6.0,-15.0,5.0,-10.0,4.0,-5.0,3.0,0.0,2.0,5.0,2.0,10.0,2.0,15.0,3.0,18.0,3.0,23.0,3.0,26.0,3.0,27.0,4.0,28.0,4.0,27.0,4.0,25.0,4.0,22.0,4.0,18.0,3.0,15.0,1.0,10.0,-1.0,6.0,-4.0,1.0,-6.0,-3.0
2.0697,122.0,-96.0,7.0,0.0,0.0,0.0,0.0,0.0,0.0,0.0,0.0,0.0,4.0,-3.0,8.0,3.0,11.0,9.0,15.0,14.0,19.0,18.0,23.0,22.0,26.0,24.0,28.0,26.0,29.0,25.0,28.0,25.0,27.0,23.0,25.0,21.0,21.0,19.0,17.0,14.0,11.0,11.0,4.0,7.0,-2.0,4.0,-9.0,1.0,-16.0,-1.0,-22.0,-2.0,-29.0,-2.0,-32.0,-2.0,-36.0,-2.0,-38.0,0.0,-38.0,0.0,-37.0,1.0
2.0845,122.0,-96.0,7.0,0.0,0.0,0.0,0.0,0.0,0.0,0.0,0.0,0.0,-2.0,5.0,-6.0,8.0,-11.0,10.0,-15.0,13.0,-18.0,16.0,-21.0,18.0,-22.0,19.0,-24.0,21.0,-23.0,21.0,-22.0,20.0,-19.0,19.0,-17.0,17.0,-15.0,14.0,-12.0,10.0,-9.0,6.0,-6.0,1.0,-2.0,-4.0,-1.0,-10.0,2.0,-15.0,3.0,-20.0,4.0,-24.0,4.0,-27.0,4.0,-30.0,2.0,-30.0,1.0,-30.0,1.0,-29.0
2.1003,122.0,-96.0,7.0,0.0,0.0,0.0,0.0,0.0,0.0,0.0,0.0,0.0,14.0,-10.0,14.0,-9.0,14.0,-9.0,15.0,-9.0,15.0,-8.0,15.0,-8.0,15.0,-8.0,15.0,-7.0,16.0,-7.0,16.0,-6.0,16.0,-7.0,16.0,-6.0,15.0,-6.0,16.0,-5.0,16.0,-5.0,15.0,-5.0,15.0,-5.0,15.0,-5.0,15.0,-5.0,14.0,-5.0,14.0,-5.0,14.0,-5.0,14.0,-5.0,13.0,-5.0,13.0,-5.0,13.0,-5.0
2.1141,122.0,-96.0,7.0,0.0,0.0,0.0,0.0,0.0,0.0,0.0,0.0,0.0,-20.0,-2.0,-23.0,-3.0,-25.0,-3.0,-27.0,-3.0,-28.0,-4.0,-28.0,-4.0,-26.0,-4.0,-24.0,-3.0,-21.0,-3.0,-16.0,-3.0,-12.0,-3.0,-6.0,-3.0,-1.0,-4.0,5.0,-4.0,10.0,-6.0,14.0,-7.0,19.0,-8.0,22.0,-9.0,24.0,-11.0,25.0,-11.0,25.0,-13.0,25.0,-12.0,22.0,-12.0,19.0,-11.0,16.0,-10.0,12.0,-7.0
2.1274,122.0,-96.0,7.0,0.0,0.0,0.0,0.0,0.0,0.0,0.0,0.0,0.0,-16.0,7.0,-16.0,7.0,-16.0,7.0,-17.0,6.0,-17.0,6.0,-17.0,6.0,-16.0,6.0,-17.0,5.0,-17.0,4.0,-17.0,4.0,-17.0,4.0,-17.0,4.0,-17.0,3.0,-17.0,3.0,-17.0,3.0,-16.0,3.0,-16.0,3.0,-16.0,3.0,-16.0,3.0,-16.0,3.0,-16.0,3.0,-15.0,3.0,-15.0,3.0,-15.0,3.0,-14.0,3.0,-14.0,4.0
2.1434,122.0,-96.0,7.0,0.0,0.0,0.0,0.0,0.0,0.0,0.0,0.0,0.0,18.0,-13.0,19.0,-12.0,19.0,-12.0,20.0,-12.0,20.0,-11.0,20.0,-11.0,20.0,-10.0,21.0,-9.0,21.0,-9.0,21.0,-8.0,21.0,-8.0,21.0,-8.0,21.0,-7.0,21.0,-7.0,21.0,-7.0,20.0,-6.0,20.0,-6.0,20.0,-6.0,20.0,-6.0,19.0,-6.0,19.0,-6.0,18.0,-6.0,18.0,-6.0,18.0,-6.0,17.0,-6.0,17.0,-7.0
2.1558,122.0,-96.0,7.0,0.0,0.0,0.0,0.0,0.0,0.0,0.0,0.0,0.0,27.0,17.0,27.0,17.0,25.0,16.0,23.0,14.0,19.0,13.0,15.0,10.0,10.0,8.0,4.0,6.0,-1.0,3.0,-8.0,2.0,-14.0,1.0,-20.0,-1.0,-25.0,-2.0,-30.0,-2.0,-33.0,-3.0,-35.0,-3.0,-36.0,-1.0,-35.0,-1.0,-32.0,-1.0,-29.0,0.0,-25.0,0.0,-20.0,0.0,-14.0,-2.0,-8.0,-3.0,-2.0,-4.0,4.0,-7.0
2.1717,122.0,-96.0,7.0,0.0,0.0,0.0,0.0,0.0,0.0,0.0,0.0,0.0,-5.0,-23.0,-4.0,-24.0,-4.0,-24.0,-3.0,-24.0,-2.0,-25.0,-2.0,-24.0,-1.0,-24.0,-1.0,-25.0,0.0,-24.0,0.0,-24.0,1.0,-24.0,1.0,-24.0,1.0,-23.0,2.0,-24.0,2.0,-23.0,2.0,-22.0,2.0,-22.0,2.0,-22.0,2.0,-22.0,2.0,-21.0,2.0,-21.0,1.0,-20.0,1.0,-20.0,1.0,-20.0,1.0,-20.0,0.0,-20.0
2.1859,122.0,-96.0,7.0,0.0,0.0,0.0,0.0,0.0,0.0,0.0,0.0,0.0,-2.0,-29.0,-1.0,-30.0,-1.0,-28.0,-1.0,-26.0,-1.0,-23.0,0.0,-18.0,1.0,-13.0,1.0,-7.0,3.0,-2.0,5.0,4.0,7.0,9.0,9.0,14.0,11.0,18.0,13.0,22.0,15.0,25.0,16.0,27.0,17.0,26.0,17.0,26.0,16.0,23.0,15.0,21.0,12.0,17.0,10.0,13.0,6.0,10.0,2.0,6.0,-3.0,2.0,-7.0,-1.0
2.1997,122.0,-96.0,7.0,0.0,0.0,0.0,0.0,0.0,0.0,0.0,0.0,0.0,21.0,1.0,25.0,2.0,27.0,3.0,29.0,3.0,30.0,3.0,30.0,3.0,28.0,3.0,25.0,3.0,22.0,3.0,17.0,2.0,12.0,2.0,6.0,3.0,0.0,3.0,-6.0,4.0,-12.0,6.0,-17.0,6.0,-22.0,8.0,-25.0,10.0,-27.0,11.0,-29.0,12.0,-29.0,13.0,-28.0,13.0,-26.0,13.0,-22.0,12.0,-19.0,10.0,-14.0,7.0
2.2145,122.0,-96.0,7.0,0.0,0.0,0.0,0.0,0.0,0.0,0.0,0.0,0.0,6.0,-14.0,6.0,-14.0,6.0,-14.0,7.0,-14.0,8.0,-14.0,8.0,-14.0,8.0,-13.0,8.0,-13.0,8.0,-13.0,9.0,-13.0,9.0,-13.0,9.0,-12.0,9.0,-12.0,9.0,-12.0,9.0,-12.0,9.0,-12.0,9.0,-11.0,9.0,-11.0,9.0,-11.0,8.0,-11.0,8.0,-11.0,8.0,-11.0,8.0,-10.0,8.0,-11.0,7.0,-10.0,7.0,-10.0
2.2284,122.0,-96.0,7.0,0.0,0.0,0.0,0.0,0.0,0.0,0.0,0.0,0.0,-1.0,19.0,-2.0,22.0,-2.0,24.0,-2.0,26.0,-2.0,26.0,-2.0,27.0,-3.0,25.0,-2.0,23.0,-2.0,20.0,-2.0,15.0,-2.0,11.0,-3.0,5.0,-4.0,0.0,-5.0,-6.0,-6.0,-11.0,-7.0,-15.0,-8.0,-19.0,-10.0,-22.0,-11.0,-24.0,-12.0,-26.0,-13.0,-26.0,-13.0,-25.0,-12.0,-23.0,-12.0,-20.0,-10.0,-17.0,-8.0,-13.0
2.242,122.0,-96.0,7.0,0.0,0.0,0.0,0.0,0.0,0.0,0.0,0.0,0.0,13.0,11.0,13.0,11.0,12.0,11.0,12.0,12.0,12.0,12.0,12.0,13.0,11.0,13.0,11.0,13.0,10.0,14.0,10.0,14.0,10.0,14.0,10.0,13.0,10.0,13.0,9.0,14.0,9.0,14.0,9.0,14.0,9.0,13.0,8.0,13.0,8.0,13.0,8.0,13.0,8.0,13.0,8.0,12.0,8.0,12.0,8.0,12.0,8.0,11.0,9.0,11.0
2.2555,122.0,-96.0,7.0,0.0,0.0,0.0,0.0,0.0,0.0,0.0,0.0,0.0,13.0,16.0,15.0,20.0,16.0,22.0,18.0,23.0,18.0,24.0,18.0,24.0,17.0,22.0,16.0,20.0,13.0,18.0,10.0,14.0,6.0,10.0,2.0,6.0,-3.0,3.0,-8.0,-2.0,-13.0,-5.0,-17.0,-8.0,-21.0,-10.0,-25.0,-11.0,-28.0,-12.0,-29.0,-13.0,-30.0,-11.0,-29.0,-11.0,-27.0,-10.0,-24.0,-8.0,-21.0,-7.0,-16.0,-6.0
2.2693,122.0,-96.0,7.0,0.0,0.0,0.0,0.0,0.0,0.0,0.0,0.0,0.0,-2.0,-4.0,3.0,-7.0,8.0,-8.0,13.0,-10.0,17.0,-13.0,21.0,-15.0,23.0,-17.0,25.0,-18.0,24.0,-19.0,24.0,-19.0,22.0,-18.0,20.0,-16.0,18.0,-14.0,14.0,-11.0,11.0,-7.0,6.0,-3.0,2.0,2.0,0.0,6.0,-4.0,12.0,-6.0,16.0,-7.0,21.0,-8.0,24.0,-9.0,27.0,-8.0,28.0,-7.0,28.0,-6.0,28.0
2.2834,122.0,-96.0,7.0,0.0,0.0,0.0,0.0,0.0,0.0,0.0,0.0,0.0,-10.0,16.0,-12.0,18.0,-14.0,21.0,-15.0,22.0,-15.0,23.0,-15.0,22.0,-14.0,21.0,-13.0,19.0,-12.0,17.0,-9.0,13.0,-8.0,9.0,-5.0,4.0,-4.0,-1.0,-2.0,-7.0,-1.0,-12.0,0.0,-16.0,1.0,-21.0,1.0,-24.0,1.0,-27.0,1.0,-28.0,0.0,-29.0,0.0,-28.0,-1.0,-26.0,-2.0,-23.0,-2.0,-19.0,-1.0,-15.0
2.2978,122.0,-96.0,7.0,0.0,0.0,0.0,0.0,0.0,0.0,0.0,0.0,0.0,-16.0,13.0,-13.0,10.0,-10.0,6.0,-6.0,2.0,-3.0,-3.0,0.0,-8.0,2.0,-12.0,4.0,-17.0,7.0,-21.0,8.0,-25.0,9.0,-28.0,9.0,-30.0,8.0,-31.0,8.0,-31.0,7.0,-29.0,5.0,-25.0,5.0,-23.0,4.0,-17.0,3.0,-12.0,3.0,-7.0,4.0,-1.0,4.0,5.0,5.0,11.0,6.0,16.0,8.0,19.0,10.0,22.0
2.3129,122.0,-96.0,7.0,0.0,0.0,0.0,0.0,0.0,0.0,0.0,0.0,0.0,17.0,-6.0,18.0,-6.0,18.0,-5.0,18.0,-5.0,19.0,-5.0,19.0,-4.0,19.0,-4.0,19.0,-3.0,19.0,-3.0,19.0,-2.0,19.0,-2.0,19.0,-2.0,18.0,-2.0,18.0,-1.0,18.0,-1.0,18.0,-1.0,17.0,-1.0,18.0,-1.0,17.0,-1.0,17.0,-1.0,17.0,-1.0,16.0,-2.0,16.0,-1.0,16.0,-1.0,15.0,-2.0,15.0,-2.0
2.3274,122.0,-96.0,7.0,0.0,0.0,0.0,0.0,0.0,0.0,0.0,0.0,0.0,26.0,-18.0,26.0,-18.0,23.0,-17.0,21.0,-15.0,17.0,-11.0,13.0,-9.0,9.0,-5.0,4.0,0.0,0.0,4.0,-4.0,10.0,-7.0,14.0,-11.0,19.0,-13.0,23.0,-16.0,26.0,-18.0,29.0,-18.0,30.0,-17.0,31.0,-16.0,29.0,-15.0,27.0,-12.0,24.0,-10.0,19.0,-8.0,15.0,-7.0,9.0,-5.0,3.0,-4.0,-3.0,-4.0,-9.0
2.3418,122.0,-96.0,7.0,0.0,0.0,0.0,0.0,0.0,0.0,0.0,0.0,0.0,-22.0,10.0,-25.0,11.0,-27.0,11.0,-28.0,12.0,-28.0,12.0,-28.0,12.0,-26.0,11.0,-22.0,9.0,-20.0,7.0,-14.0,5.0,-10.0,2.0,-6.0,-1.0,-1.0,-5.0,4.0,-9.0,8.0,-13.0,11.0,-16.0,15.0,-20.0,16.0,-22.0,17.0,-25.0,18.0,-26.0,17.0,-26.0,16.0,-26.0,14.0,-24.0,11.0,-21.0,9.0,-18.0,7.0,-13.0
2.356,122.0,-96.0,7.0,0.0,0.0,0.0,0.0,0.0,0.0,0.0,0.0,0.0,-6.0,0.0,-10.0,-3.0,-14.0,-6.0,-18.0,-9.0,-22.0,-11.0,-25.0,-12.0,-27.0,-13.0,-29.0,-14.0,-29.0,-13.0,-28.0,-12.0,-26.0,-11.0,-23.0,-10.0,-19.0,-9.0,-14.0,-7.0,-9.0,-6.0,-4.0,-4.0,3.0,-4.0,8.0,-4.0,14.0,-4.0,19.0,-5.0,23.0,-6.0,26.0,-7.0,28.0,-7.0,28.0,-9.0,28.0,-10.0,27.0,-10.0
2.3713,122.0,-96.0,7.0,0.0,0.0,0.0,0.0,0.0,0.0,0.0,0.0,0.0,18.0,-2.0,13.0,-1.0,8.0,0.0,3.0,2.0,-3.0,4.0,-8.0,6.0,-12.0,9.0,-16.0,11.0,-20.0,14.0,-23.0,16.0,-25.0,16.0,-26.0,18.0,-26.0,19.0,-24.0,18.0,-22.0,17.0,-18.0,15.0,-16.0,13.0,-12.0,9.0,-9.0,5.0,-5.0,0.0,-3.0,-5.0,0.0,-9.0,3.0,-15.0,5.0,-19.0,5.0,-23.0,5.0,-26.0
2.3847,122.0,-96.0,7.0,0.0,0.0,0.0,0.0,0.0,0.0,0.0,0.0,0.0,-3.0,32.0,-4.0,32.0,-4.0,30.0,-3.0,27.0,-4.0,23.0,-3.0,18.0,-3.0,13.0,-4.0,6.0,-4.0,0.0,-6.0,-6.0,-7.0,-12.0,-8.0,-18.0,-10.0,-23.0,-12.0,-27.0,-12.0,-31.0,-13.0,-33.0,-14.0,-33.0,-14.0,-32.0,-14.0,-30.0,-13.0,-27.0,-11.0,-22.0,-9.0,-18.0,-5.0,-13.0,-1.0,-8.0,2.0,-3.0,7.0,1.0
2.4007,122.0,-96.0,7.0,0.0,0.0,0.0,0.0,0.0,0.0,0.0,0.0,0.0,-9.0,-15.0,-9.0,-15.0,-8.0,-15.0,-9.0,-16.0,-8.0,-16.0,-7.0,-17.0,-7.0,-16.0,-6.0,-17.0,-6.0,-17.0,-6.0,-16.0,-5.0,-17.0,-5.0,-17.0,-5.0,-16.0,-5.0,-17.0,-4.0,-17.0,-4.0,-16.0,-4.0,-16.0,-4.0,-16.0,-4.0,-16.0,-4.0,-15.0,-4.0,-15.0,-4.0,-15.0,-4.0,-15.0,-4.0,-15.0,-4.0,-14.0,-5.0,-14.0
2.4157,122.0,-96.0,7.0,0.0,0.0,0.0,0.0,0.0,0.0,0.0,0.0,0.0,12.0,-12.0,12.0,-12.0,12.0,-12.0,13.0,-12.0,13.0,-12.0,13.0,-11.0,13.0,-11.0,13.0,-11.0,13.0,-10.0,14.0,-10.0,14.0,-10.0,14.0,-10.0,14.0,-9.0,14.0,-9.0,14.0,-9.0,14.0,-8.0,14.0,-8.0,14.0,-8.0,13.0,-8.0,13.0,-8.0,13.0,-8.0,12.0,-8.0,13.0,-8.0,12.0,-8.0,11.0,-8.0,11.0,-8.0
2.4264,122.0,-96.0,7.0,0.0,0.0,0.0,0.0,0.0,0.0,0.0,0.0,0.0,2.0,-4.0,7.0,-1.0,12.0,2.0,17.0,5.0,22.0,7.0,26.0,9.0,29.0,10.0,32.0,11.0,32.0,10.0,32.0,9.0,30.0,8.0,28.0,8.0,24.0,7.0,19.0,5.0,13.0,5.0,6.0,3.0,-1.0,3.0,-7.0,4.0,-13.0,5.0,-19.0,6.0,-24.0,8.0,-27.0,10.0,-31.0,10.0,-31.0,12.0,-31.0,13.0,-30.0,14.0
2.4422,122.0,-96.0,7.0,0.0,0.0,0.0,0.0,0.0,0.0,0.0,0.0,0.0,-10.0,-19.0,-9.0,-20.0,-9.0,-20.0,-9.0,-21.0,-8.0,-21.0,-8.0,-22.0,-7.0,-21.0,-6.0,-22.0,-6.0,-21.0,-6.0,-22.0,-6.0,-21.0,-6.0,-22.0,-5.0,-21.0,-5.0,-21.0,-4.0,-21.0,-4.0,-20.0,-4.0,-20.0,-4.0,-20.0,-4.0,-20.0,-4.0,-20.0,-4.0,-19.0,-4.0,-19.0,-4.0,-19.0,-5.0,-18.0,-5.0,-18.0,-5.0,-17.0
2.4555,122.0,-96.0,7.0,0.0,0.0,0.0,0.0,0.0,0.0,0.0,0.0,0.0,5.0,-2.0,10.0,0.0,14.0,3.0,18.0,5.0,22.0,6.0,26.0,7.0,28.0,7.0,30.0,8.0,30.0,7.0,28.0,7.0,26.0,6.0,23.0,5.0,20.0,4.0,15.0,3.0,10.0,4.0,3.0,3.0,-3.0,3.0,-9.0,4.0,-14.0,5.0,-18.0,6.0,-23.0,8.0,-25.0,10.0,-28.0,11.0,-27.0,13.0,-27.0,13.0,-26.0,13.0
2.4685,122.0,-96.0,7.0,0.0,0.0,0.0,0.0,0.0,0.0,0.0,0.0,0.0,16.0,-28.0,16.0,-27.0,14.0,-25.0,13.0,-22.0,12.0,-18.0,9.0,-14.0,7.0,-8.0,4.0,-2.0,2.0,4.0,1.0,10.0,0.0,16.0,-2.0,21.0,-2.0,26.0,-3.0,30.0,-4.0,33.0,-3.0,35.0,-2.0,34.0,-2.0,33.0,-1.0,30.0,-1.0,27.0,-1.0,22.0,-1.0,16.0,-2.0,11.0,-3.0,4.0,-5.0,-2.0,-7.0,-8.0
2.4827,122.0,-96.0,7.0,0.0,0.0,0.0,0.0,0.0,0.0,0.0,0.0,0.0,21.0,-25.0,22.0,-24.0,20.0,-23.0,18.0,-21.0,16.0,-18.0,13.0,-14.0,10.0,-9.0,6.0,-4.0,3.0,1.0,0.0,7.0,-2.0,13.0,-5.0,18.0,-6.0,23.0,-9.0,27.0,-10.0,31.0,-10.0,33.0,-10.0,34.0,-9.0,33.0,-8.0,31.0,-7.0,28.0,-6.0,23.0,-5.0,18.0,-5.0,12.0,-4.0,6.0,-5.0,0.0,-5.0,-7.0
2.4972,122.0,-96.0,7.0,0.0,0.0,0.0,0.0,0.0,0.0,0.0,0.0,0.0,-3.0,4.0,-9.0,5.0,-13.0,7.0,-18.0,8.0,-22.0,10.0,-25.0,12.0,-26.0,13.0,-28.0,14.0,-28.0,14.0,-27.0,14.0,-24.0,13.0,-22.0,12.0,-19.0,9.0,-14.0,7.0,-10.0,3.0,-6.0,0.0,-1.0,-5.0,2.0,-10.0,6.0,-14.0,8.0,-18.0,10.0,-22.0,10.0,-25.0,12.0,-28.0,10.0,-28.0,10.0,-28.0,9.0,-27.0
2.5105,122.0,-96.0,7.0,0.0,0.0,0.0,0.0,0.0,0.0,0.0,0.0,0.0,-10.0,10.0,-11.0,10.0,-11.0,10.0,-12.0,10.0,-12.0,10.0,-12.0,9.0,-12.0,9.0,-12.0,9.0,-13.0,8.0,-13.0,9.0,-13.0,8.0,-13.0,8.0,-13.0,8.0,-13.0,8.0,-13.0,7.0,-13.0,7.0,-12.0,7.0,-13.0,7.0,-13.0,7.0,-12.0,7.0,-12.0,6.0,-12.0,6.0,-12.0,6.0,-12.0,6.0,-11.0,6.0,-11.0,7.0
2.5234,122.0,-96.0,7.0,0.0,0.0,0.0,0.0,0.0,0.0,0.0,0.0,0.0,-7.0,-18.0,-5.0,-13.0,-2.0,-9.0,1.0,-4.0,4.0,0.0,8.0,5.0,12.0,8.0,15.0,12.0,18.0,15.0,21.0,17.0,23.0,19.0,24.0,19.0,24.0,18.0,24.0,17.0,22.0,16.0,20.0,13.0,16.0,11.0,12.0,9.0,7.0,6.0,2.0,4.0,-4.0,3.0,-9.0,1.0,-15.0,0.0,-20.0,-1.0,-24.0,0.0,-27.0,1.0
2.5372,122.0,-96.0,7.0,0.0,0.0,0.0,0.0,0.0,0.0,0.0,0.0,0.0,-1.0,-22.0,0.0,-25.0,0.0,-27.0,0.0,-27.0,0.0,-28.0,0.0,-27.0,0.0,-25.0,0.0,-22.0,1.0,-19.0,1.0,-14.0,1.0,-9.0,2.0,-4.0,3.0,1.0,4.0,7.0,6.0,11.0,7.0,16.0,9.0,20.0,10.0,22.0,11.0,24.0,12.0,25.0,13.0,24.0,12.0,23.0,12.0,21.0,10.0,18.0,9.0,14.0,6.0,11.0
2.5504,122.0,-96.0,7.0,0.0,0.0,0.0,0.0,0.0,0.0,0.0,0.0,0.0,-5.0,20.0,-5.0,23.0,-6.0,25.0,-6.0,26.0,-6.0,26.0,-6.0,25.0,-6.0,24.0,-5.0,20.0,-5.0,17.0,-4.0,12.0,-4.0,8.0,-4.0,2.0,-4.0,-3.0,-4.0,-9.0,-4.0,-13.0,-5.0,-18.0,-6.0,-21.0,-7.0,-25.0,-7.0,-26.0,-8.0,-28.0,-9.0,-27.0,-9.0,-27.0,-8.0,-24.0,-8.0,-21.0,-6.0,-17.0,-5.0,-13.0
2.5666,122.0,-96.0,7.0,0.0,0.0,0.0,0.0,0.0,0.0,0.0,0.0,0.0,-7.0,16.0,-6.0,12.0,-5.0,7.0,-4.0,2.0,-3.0,-5.0,-3.0,-10.0,-4.0,-15.0,-4.0,-20.0,-4.0,-25.0,-4.0,-28.0,-5.0,-30.0,-6.0,-31.0,-6.0,-31.0,-6.0,-30.0,-6.0,-28.0,-6.0,-24.0,-5.0,-20.0,-3.0,-15.0,-1.0,-10.0,1.0,-6.0,4.0,0.0,7.0,4.0,10.0,9.0,13.0,13.0,16.0,15.0,19.0,17.0
2.5812,122.0,-96.0,7.0,0.0,0.0,0.0,0.0,0.0,0.0,0.0,0.0,0.0,-17.0,-9.0,-16.0,-10.0,-16.0,-10.0,-17.0,-10.0,-16.0,-11.0,-16.0,-12.0,-15.0,-12.0,-15.0,-12.0,-14.0,-12.0,-14.0,-13.0,-15.0,-13.0,-14.0,-13.0,-14.0,-13.0,-14.0,-13.0,-13.0,-13.0,-13.0,-13.0,-13.0,-13.0,-13.0,-13.0,-12.0,-13.0,-12.0,-13.0,-12.0,-13.0,-11.0,-12.0,-11.0,-12.0,-12.0,-12.0,-11.0,-11.0,-12.0,-11.0
2.595,122.0,-96.0,7.0,0.0,0.0,0.0,0.0,0.0,0.0,0.0,0.0,0.0,20.0,6.0,24.0,8.0,25.0,9.0,27.0,10.0,28.0,10.0,28.0,10.0,26.0,10.0,24.0,9.0,21.0,8.0,16.0,6.0,11.0,5.0,5.0,4.0,-1.0,3.0,-7.0,2.0,-13.0,2.0,-18.0,1.0,-23.0,2.0,-27.0,2.0,-30.0,3.0,-31.0,3.0,-31.0,4.0,-31.0,4.0,-28.0,5.0,-25.0,5.0,-21.0,4.0,-16.0,3.0
2.6086,122.0,-96.0,7.0,0.0,0.0,0.0,0.0,0.0,0.0,0.0,0.0,0.0,-19.0,2.0,-14.0,1.0,-9.0,-1.0,-4.0,-3.0,2.0,-5.0,7.0,-7.0,11.0,-10.0,16.0,-13.0,19.0,-15.0,22.0,-17.0,24.0,-18.0,24.0,-20.0,24.0,-20.0,23.0,-20.0,21.0,-19.0,18.0,-16.0,15.0,-14.0,11.0,-10.0,8.0,-6.0,5.0,-2.0,2.0,4.0,-1.0,8.0,-4.0,14.0,-6.0,18.0,-6.0,22.0,-6.0,25.0
2.6227,122.0,-96.0,7.0,0.0,0.0,0.0,0.0,0.0,0.0,0.0,0.0,0.0,-9.0,16.0,-10.0,16.0,-10.0,16.0,-11.0,16.0,-11.0,16.0,-12.0,16.0,-12.0,15.0,-13.0,15.0,-12.0,14.0,-12.0,14.0,-13.0,14.0,-13.0,14.0,-13.0,14.0,-13.0,14.0,-13.0,13.0,-13.0,13.0,-13.0,13.0,-13.0,12.0,-13.0,12.0,-12.0,12.0,-12.0,12.0,-12.0,11.0,-12.0,12.0,-11.0,12.0,-11.0,12.0,-10.0,12.0
2.6358,122.0,-96.0,7.0,0.0,0.0,0.0,0.0,0.0,0.0,0.0,0.0,0.0,20.0,6.0,20.0,7.0,20.0,7.0,20.0,8.0,20.0,8.0,20.0,9.0,20.0,8.0,19.0,10.0,19.0,9.0,19.0,10.0,18.0,11.0,18.0,10.0,18.0,11.0,18.0,11.0,17.0,12.0,17.0,11.0,17.0,11.0,17.0,11.0,16.0,11.0,16.0,10.0,15.0,10.0,15.0,10.0,15.0,10.0,15.0,10.0,15.0,9.0,15.0,9.0
2.649,122.0,-96.0,7.0,0.0,0.0,0.0,0.0,0.0,0.0,0.0,0.0,0.0,6.0,14.0,6.0,16.0,5.0,15.0,6.0,16.0,4.0,15.0,5.0,17.0,4.0,16.0,3.0,16.0,3.0,16.0,3.0,16.0,3.0,16.0,3.0,16.0,2.0,16.0,2.0,16.0,2.0,17.0,1.0,15.0,1.0,16.0,1.0,15.0,1.0,16.0,1.0,15.0,1.0,15.0,1.0,14.0,1.0,14.0,2.0,14.0,2.0,14.0,2.0,13.0
2.6615,122.0,-96.0,7.0,0.0,0.0,0.0,0.0,0.0,0.0,0.0,0.0,0.0,23.0,2.0,27.0,3.0,30.0,3.0,32.0,3.0,33.0,4.0,33.0,4.0,31.0,4.0,28.0,3.0,25.0,3.0,19.0,2.0,13.0,3.0,7.0,3.0,0.0,4.0,-7.0,4.0,-13.0,5.0,-19.0,7.0,-24.0,8.0,-28.0,10.0,-31.0,11.0,-32.0,12.0,-32.0,13.0,-32.0,13.0,-29.0,13.0,-25.0,12.0,-21.0,10.0,-17.0,8.0
2.6746,122.0,-96.0,7.0,0.0,0.0,0.0,0.0,0.0,0.0,0.0,0.0,0.0,-1.0,-6.0,3.0,-10.0,6.0,-14.0,9.0,-17.0,12.0,-21.0,14.0,-24.0,15.0,-26.0,16.0,-28.0,15.0,-27.0,14.0,-26.0,13.0,-25.0,11.0,-22.0,10.0,-18.0,7.0,-14.0,6.0,-9.0,4.0,-3.0,2.0,3.0,2.0,8.0,1.0,15.0,0.0,19.0,1.0,24.0,2.0,26.0,2.0,29.0,4.0,29.0,4.0,29.0,4.0,28.0
2.6881,122.0,-96.0,7.0,0.0,0.0,0.0,0.0,0.0,0.0,0.0,0.0,0.0,-27.0,10.0,-27.0,10.0,-25.0,9.0,-22.0,8.0,-19.0,6.0,-14.0,4.0,-10.0,1.0,-4.0,-2.0,0.0,-5.0,4.0,-9.0,8.0,-12.0,12.0,-16.0,15.0,-19.0,18.0,-21.0,20.0,-23.0,20.0,-24.0,20.0,-25.0,19.0,-24.0,17.0,-22.0,14.0,-20.0,11.0,-16.0,9.0,-12.0,7.0,-8.0,5.0,-3.0,2.0,3.0,1.0,8.0
2.7029,122.0,-96.0,7.0,0.0,0.0,0.0,0.0,0.0,0.0,0.0,0.0,0.0,8.0,19.0,6.0,14.0,4.0,10.0,1.0,6.0,-3.0,2.0,-7.0,-3.0,-11.0,-6.0,-15.0,-10.0,-18.0,-14.0,-22.0,-16.0,-24.0,-18.0,-26.0,-18.0,-27.0,-18.0,-27.0,-17.0,-25.0,-16.0,-23.0,-13.0,-19.0,-11.0,-15.0,-10.0,-11.0,-8.0,-6.0,-6.0,0.0,-5.0,6.0,-3.0,12.0,-2.0,17.0,-1.0,21.0,-2.0,24.0,-3.0
2.7175,122.0,-96.0,7.0,0.0,0.0,0.0,0.0,0.0,0.0,0.0,0.0,0.0,1.0,-21.0,1.0,-17.0,1.0,-12.0,2.0,-7.0,3.0,-1.0,4.0,5.0,6.0,10.0,7.0,15.0,9.0,19.0,11.0,23.0,11.0,26.0,13.0,27.0,14.0,27.0,14.0,27.0,14.0,25.0,13.0,22.0,11.0,19.0,8.0,15.0,5.0,11.0,1.0,6.0,-3.0,3.0,-7.0,-1.0,-12.0,-5.0,-17.0,-8.0,-20.0,-9.0,-24.0,-10.0
2.7318,122.0,-96.0,7.0,0.0,0.0,0.0,0.0,0.0,0.0,0.0,0.0,0.0,-16.0,6.0,-16.0,5.0,-17.0,6.0,-17.0,5.0,-17.0,4.0,-17.0,4.0,-17.0,4.0,-17.0,3.0,-17.0,3.0,-18.0,3.0,-17.0,2.0,-17.0,2.0,-17.0,2.0,-17.0,1.0,-17.0,1.0,-17.0,1.0,-16.0,1.0,-16.0,1.0,-16.0,1.0,-16.0,1.0,-16.0,1.0,-15.0,2.0,-15.0,1.0,-15.0,1.0,-15.0,2.0,-14.0,2.0
2.7477,122.0,-96.0,7.0,0.0,0.0,0.0,0.0,0.0,0.0,0.0,0.0,0.0,-7.0,-21.0,-6.0,-22.0,-6.0,-22.0,-6.0,-22.0,-5.0,-22.0,-4.0,-22.0,-4.0,-22.0,-3.0,-22.0,-3.0,-23.0,-3.0,-23.0,-2.0,-22.0,-2.0,-22.0,-2.0,-22.0,-1.0,-22.0,-1.0,-22.0,-1.0,-22.0,-1.0,-21.0,-1.0,-21.0,-1.0,-21.0,-1.0,-20.0,-1.0,-20.0,-1.0,-20.0,-1.0,-20.0,-1.0,-19.0,-2.0,-19.0,-2.0,-18.0
2.7603,122.0,-96.0,7.0,0.0,0.0,0.0,0.0,0.0,0.0,0.0,0.0,0.0,9.0,16.0,11.0,20.0,11.0,21.0,12.0,23.0,12.0,23.0,13.0,24.0,12.0,22.0,11.0,20.0,9.0,18.0,7.0,14.0,4.0,10.0,1.0,6.0,-3.0,2.0,-6.0,-3.0,-10.0,-6.0,-13.0,-9.0,-17.0,-12.0,-20.0,-14.0,-22.0,-15.0,-24.0,-16.0,-25.0,-15.0,-24.0,-15.0,-23.0,-13.0,-20.0,-11.0,-17.0,-9.0,-13.0,-7.0
2.7744,122.0,-96.0,7.0,0.0,0.0,0.0,0.0,0.0,0.0,0.0,0.0,0.0,9.0,-19.0,7.0,-15.0,5.0,-10.0,4.0,-5.0,3.0,0.0,2.0,6.0,2.0,12.0,2.0,17.0,1.0,22.0,2.0,26.0,1.0,28.0,2.0,30.0,3.0,31.0,3.0,31.0,3.0,28.0,4.0,25.0,3.0,21.0,2.0,17.0,1.0,12.0,-1.0,6.0,-4.0,1.0,-6.0,-4.0,-10.0,-9.0,-12.0,-14.0,-15.0,-16.0,-18.0,-18.0
2.7868,122.0,-96.0,7.0,0.0,0.0,0.0,0.0,0.0,0.0,0.0,0.0,0.0,2.0,-4.0,9.0,0.0,14.0,4.0,19.0,7.0,25.0,10.0,29.0,12.0,33.0,13.0,36.0,14.0,36.0,13.0,35.0,13.0,34.0,12.0,31.0,10.0,27.0,9.0,21.0,7.0,14.0,6.0,7.0,4.0,-1.0,4.0,-8.0,4.0,-15.0,4.0,-21.0,5.0,-28.0,7.0,-31.0,9.0,-35.0,9.0,-36.0,11.0,-35.0,12.0,-35.0,13.0
2.8005,122.0,-96.0,7.0,0.0,0.0,0.0,0.0,0.0,0.0,0.0,0.0,0.0,-4.0,-2.0,-2.0,-7.0,1.0,-12.0,2.0,-17.0,4.0,-22.0,5.0,-26.0,6.0,-29.0,6.0,-31.0,5.0,-31.0,5.0,-31.0,4.0,-29.0,3.0,-26.0,3.0,-23.0,2.0,-18.0,2.0,-13.0,2.0,-7.0,3.0,-1.0,4.0,5.0,5.0,11.0,7.0,15.0,9.0,20.0,11.0,22.0,13.0,25.0,14.0,25.0,15.0,25.0,15.0,24.0
2.8163,122.0,-96.0,7.0,0.0,0.0,0.0,0.0,0.0,0.0,0.0,0.0,0.0,8.0,-18.0,9.0,-17.0,9.0,-17.0,9.0,-17.0,10.0,-17.0,10.0,-17.0,11.0,-16.0,11.0,-16.0,12.0,-16.0,12.0,-15.0,12.0,-15.0,12.0,-15.0,12.0,-15.0,12.0,-15.0,12.0,-14.0,12.0,-14.0,12.0,-14.0,12.0,-13.0,12.0,-13.0,12.0,-13.0,12.0,-12.0,11.0,-13.0,11.0,-13.0,11.0,-12.0,10.0,-13.0,10.0,-13.0
2.8293,122.0,-96.0,7.0,0.0,0.0,0.0,0.0,0.0,0.0,0.0,0.0,0.0,-22.0,-16.0,-22.0,-16.0,-21.0,-16.0,-19.0,-14.0,-16.0,-13.0,-13.0,-10.0,-8.0,-8.0,-4.0,-5.0,1.0,-3.0,6.0,-1.0,10.0,0.0,15.0,1.0,19.0,2.0,23.0,4.0,25.0,4.0,27.0,5.0,28.0,4.0,27.0,4.0,25.0,3.0,23.0,2.0,19.0,1.0,15.0,1.0,10.0,1.0,5.0,2.0,0.0,3.0,-5.0,4.0
2.8435,122.0,-96.0,7.0,0.0,0.0,0.0,0.0,0.0,0.0,0.0,0.0,0.0,-14.0,12.0,-15.0,12.0,-15.0,12.0,-16.0,12.0,-16.0,11.0,-16.0,10.0,-16.0,10.0,-17.0,10.0,-17.0,10.0,-17.0,9.0,-17.0,9.0,-17.0,9.0,-17.0,8.0,-18.0,8.0,-18.0,8.0,-17.0,8.0,-17.0,7.0,-17.0,7.0,-17.0,7.0,-16.0,7.0,-16.0,7.0,-16.0,7.0,-16.0,6.0,-15.0,7.0,-15.0,7.0,-14.0,7.0
2.8561,122.0,-96.0,7.0,0.0,0.0,0.0,0.0,0.0,0.0,0.0,0.0,0.0,7.0,15.0,7.0,15.0,7.0,16.0,7.0,15.0,6.0,16.0,6.0,16.0,6.0,16.0,5.0,16.0,5.0,16.0,4.0,17.0,4.0,17.0,4.0,16.0,3.0,16.0,3.0,16.0,2.0,16.0,3.0,16.0,2.0,16.0,2.0,16.0,2.0,16.0,2.0,15.0,2.0,15.0,2.0,14.0,2.0,15.0,2.0,14.0,2.0,14.0,3.0,13.0
2.87,122.0,-96.0,7.0,0.0,0.0,0.0,0.0,0.0,0.0,0.0,0.0,0.0,24.0,-16.0,25.0,-15.0,23.0,-14.0,21.0,-13.0,18.0,-11.0,15.0,-8.0,11.0,-5.0,6.0,-2.0,2.0,2.0,-2.0,6.0,-6.0,10.0,-9.0,14.0,-12.0,18.0,-15.0,21.0,-17.0,24.0,-18.0,25.0,-18.0,26.0,-17.0,26.0,-16.0,24.0,-14.0,22.0,-11.0,18.0,-9.0,14.0,-7.0,10.0,-6.0,4.0,-4.0,-1.0,-3.0,-7.0
2.8843,122.0,-96.0,7.0,0.0,0.0,0.0,0.0,0.0,0.0,0.0,0.0,0.0,-4.0,20.0,-5.0,24.0,-5.0,25.0,-5.0,26.0,-6.0,26.0,-5.0,26.0,-5.0,24.0,-5.0,20.0,-5.0,18.0,-4.0,12.0,-4.0,8.0,-4.0,3.0,-4.0,-3.0,-4.0,-8.0,-5.0,-14.0,-5.0,-18.0,-6.0,-22.0,-7.0,-25.0,-8.0,-26.0,-8.0,-27.0,-9.0,-27.0,-9.0,-27.0,-9.0,-24.0,-8.0,-20.0,-7.0,-17.0,-5.0,-13.0
2.9001,122.0,-96.0,7.0,0.0,0.0,0.0,0.0,0.0,0.0,0.0,0.0,0.0,-6.0,1.0,-10.0,0.0,-15.0,-2.0,-19.0,-3.0,-24.0,-4.0,-28.0,-4.0,-30.0,-4.0,-32.0,-5.0,-31.0,-4.0,-30.0,-4.0,-28.0,-3.0,-25.0,-3.0,-21.0,-3.0,-16.0,-2.0,-11.0,-3.0,-4.0,-3.0,2.0,-4.0,7.0,-6.0,12.0,-7.0,17.0,-10.0,21.0,-11.0,23.0,-13.0,26.0,-14.0,25.0,-16.0,24.0,-16.0,24.0,-16.0
2.9139,122.0,-96.0,7.0,0.0,0.0,0.0,0.0,0.0,0.0,0.0,0.0,0.0,-16.0,8.0,-17.0,8.0,-17.0,8.0,-17.0,7.0,-17.0,7.0,-18.0,6.0,-17.0,6.0,-18.0,5.0,-18.0,5.0,-18.0,5.0,-18.0,5.0,-18.0,4.0,-18.0,4.0,-18.0,4.0,-18.0,3.0,-18.0,3.0,-17.0,3.0,-17.0,3.0,-17.0,3.0,-16.0,3.0,-17.0,2.0,-16.0,2.0,-16.0,3.0,-16.0,3.0,-15.0,3.0,-15.0,3.0
2.9265,122.0,-96.0,7.0,0.0,0.0,0.0,0.0,0.0,0.0,0.0,0.0,0.0,-21.0,-10.0,-16.0,-8.0,-9.0,-6.0,-3.0,-5.0,4.0,-4.0,12.0,-3.0,18.0,-4.0,25.0,-3.0,30.0,-4.0,34.0,-4.0,37.0,-5.0,38.0,-6.0,38.0,-7.0,37.0,-7.0,34.0,-7.0,29.0,-7.0,25.0,-6.0,18.0,-4.0,12.0,-2.0,6.0,1.0,0.0,5.0,-7.0,9.0,-12.0,13.0,-17.0,17.0,-20.0,21.0,-22.0,24.0
2.9412,122.0,-96.0,7.0,0.0,0.0,0.0,0.0,0.0,0.0,0.0,0.0,0.0,2.0,5.0,0.0,10.0,-2.0,14.0,-3.0,19.0,-4.0,23.0,-5.0,27.0,-4.0,29.0,-5.0,31.0,-4.0,30.0,-4.0,29.0,-3.0,27.0,-3.0,24.0,-3.0,20.0,-2.0,15.0,-3.0,10.0,-3.0,4.0,-4.0,-3.0,-6.0,-8.0,-8.0,-13.0,-9.0,-18.0,-11.0,-22.0,-13.0,-24.0,-15.0,-26.0,-16.0,-26.0,-16.0,-25.0,-16.0,-24.0
2.955,122.0,-96.0,7.0,0.0,0.0,0.0,0.0,0.0,0.0,0.0,0.0,0.0,-22.0,-1.0,-25.0,-2.0,-27.0,-2.0,-27.0,-2.0,-28.0,-2.0,-27.0,-2.0,-25.0,-2.0,-22.0,-1.0,-19.0,-2.0,-14.0,-2.0,-9.0,-2.0,-4.0,-3.0,1.0,-4.0,7.0,-5.0,12.0,-7.0,16.0,-8.0,20.0,-9.0,22.0,-11.0,24.0,-12.0,25.0,-13.0,24.0,-14.0,24.0,-13.0,21.0,-12.0,18.0,-11.0,14.0,-10.0,11.0,-7.0
2.9696,122.0,-96.0,7.0,0.0,0.0,0.0,0.0,0.0,0.0,0.0,0.0,0.0,14.0,14.0,10.0,10.0,5.0,7.0,0.0,4.0,-6.0,1.0,-12.0,-2.0,-17.0,-4.0,-22.0,-6.0,-27.0,-7.0,-30.0,-8.0,-33.0,-10.0,-34.0,-9.0,-35.0,-8.0,-33.0,-8.0,-31.0,-7.0,-27.0,-5.0,-22.0,-4.0,-17.0,-4.0,-11.0,-4.0,-5.0,-4.0,2.0,-5.0,8.0,-6.0,14.0,-7.0,20.0,-9.0,23.0,-11.0,25.0,-13.0
2.9836,122.0,-96.0,7.0,0.0,0.0,0.0,0.0,0.0,0.0,0.0,0.0,0.0,-6.0,-21.0,-6.0,-24.0,-6.0,-26.0,-6.0,-27.0,-7.0,-27.0,-6.0,-27.0,-5.0,-25.0,-5.0,-21.0,-3.0,-19.0,-2.0,-14.0,-1.0,-9.0,1.0,-4.0,4.0,0.0,6.0,6.0,9.0,10.0,11.0,14.0,13.0,17.0,15.0,19.0,17.0,20.0,18.0,21.0,18.0,20.0,18.0,20.0,16.0,17.0,15.0,14.0,12.0,12.0,9.0,9.0
2.9966,122.0,-96.0,7.0,0.0,0.0,0.0,0.0,0.0,0.0,0.0,0.0,0.0,-5.0,25.0,-5.0,24.0,-5.0,23.0,-4.0,20.0,-4.0,17.0,-4.0,12.0,-4.0,8.0,-4.0,2.0,-4.0,-3.0,-4.0,-8.0,-5.0,-13.0,-6.0,-17.0,-7.0,-21.0,-7.0,-25.0,-7.0,-26.0,-8.0,-28.0,-9.0,-27.0,-9.0,-27.0,-8.0,-24.0,-8.0,-21.0,-6.0,-17.0,-5.0,-13.0,-2.0,-10.0,1.0,-5.0,3.0,-1.0,6.0,3.0
3.0107,122.0,-96.0,7.0,0.0,0.0,0.0,0.0,0.0,0.0,0.0,0.0,0.0,14.0,8.0,14.0,8.0,14.0,9.0,14.0,9.0,13.0,9.0,13.0,10.0,13.0,10.0,13.0,10.0,13.0,11.0,12.0,11.0,12.0,11.0,12.0,11.0,11.0,11.0,11.0,11.0,11.0,11.0,11.0,11.0,11.0,11.0,11.0,11.0,10.0,11.0,10.0,11.0,10.0,10.0,10.0,10.0,10.0,10.0,10.0,10.0,10.0,9.0,10.0,9.0
3.0252,122.0,-96.0,7.0,0.0,0.0,0.0,0.0,0.0,0.0,0.0,0.0,0.0,1.0,5.0,-2.0,9.0,-5.0,14.0,-7.0,18.0,-8.0,22.0,-10.0,25.0,-10.0,27.0,-11.0,29.0,-10.0,29.0,-10.0,28.0,-8.0,26.0,-7.0,23.0,-7.0,19.0,-5.0,14.0,-5.0,9.0,-4.0,3.0,-4.0,-3.0,-5.0,-9.0,-5.0,-15.0,-6.0,-19.0,-7.0,-24.0,-9.0,-26.0,-10.0,-29.0,-11.0,-28.0,-12.0,-28.0,-12.0,-27.0
3.0406,122.0,-96.0,7.0,0.0,0.0,0.0,0.0,0.0,0.0,0.0,0.0,0.0,-5.0,2.0,-11.0,1.0,-15.0,1.0,-20.0,0.0,-25.0,0.0,-28.0,-1.0,-29.0,-1.0,-32.0,-1.0,-31.0,0.0,-30.0,0.0,-28.0,0.0,-25.0,0.0,-21.0,0.0,-16.0,-1.0,-11.0,-2.0,-5.0,-3.0,1.0,-5.0,6.0,-7.0,12.0,-9.0,16.0,-11.0,20.0,-13.0,22.0,-16.0,24.0,-17.0,23.0,-19.0,23.0,-19.0,22.0,-19.0
3.0547,122.0,-96.0,7.0,0.0,0.0,0.0,0.0,0.0,0.0,0.0,0.0,0.0,-7.0,25.0,-7.0,24.0,-6.0,23.0,-6.0,20.0,-5.0,16.0,-5.0,12.0,-4.0,7.0,-4.0,2.0,-4.0,-3.0,-4.0,-9.0,-4.0,-13.0,-5.0,-18.0,-5.0,-21.0,-6.0,-25.0,-6.0,-27.0,-7.0,-29.0,-7.0,-28.0,-8.0,-27.0,-7.0,-25.0,-7.0,-22.0,-6.0,-17.0,-5.0,-13.0,-2.0,-10.0,1.0,-5.0,3.0,0.0,6.0,3.0
3.0692,122.0,-96.0,7.0,0.0,0.0,0.0,0.0,0.0,0.0,0.0,0.0,0.0,-16.0,14.0,-19.0,15.0,-21.0,16.0,-21.0,17.0,-22.0,17.0,-21.0,16.0,-19.0,15.0,-17.0,13.0,-15.0,11.0,-11.0,7.0,-8.0,4.0,-5.0,0.0,-2.0,-5.0,2.0,-9.0,4.0,-13.0,7.0,-17.0,8.0,-20.0,9.0,-24.0,10.0,-25.0,10.0,-26.0,9.0,-26.0,9.0,-26.0,8.0,-24.0,6.0,-21.0,5.0,-17.0,4.0,-13.0
3.0822,122.0,-96.0,7.0,0.0,0.0,0.0,0.0,0.0,0.0,0.0,0.0,0.0,-6.0,-21.0,-4.0,-16.0,-2.0,-12.0,0.0,-7.0,3.0,-2.0,5.0,4.0,9.0,7.0,12.0,12.0,14.0,16.0,18.0,18.0,19.0,20.0,21.0,21.0,22.0,21.0,22.0,21.0,21.0,19.0,19.0,17.0,16.0,14.0,12.0,11.0,8.0,8.0,4.0,5.0,-2.0,3.0,-7.0,1.0,-13.0,-1.0,-18.0,-3.0,-22.0,-2.0,-25.0,-2.0
3.0966,122.0,-96.0,7.0,0.0,0.0,0.0,0.0,0.0,0.0,0.0,0.0,0.0,19.0,1.0,20.0,2.0,19.0,2.0,20.0,2.0,20.0,3.0,20.0,4.0,19.0,4.0,20.0,5.0,19.0,5.0,19.0,5.0,19.0,5.0,19.0,5.0,18.0,5.0,19.0,6.0,18.0,6.0,18.0,6.0,18.0,7.0,17.0,6.0,18.0,6.0,17.0,6.0,17.0,6.0,17.0,5.0,16.0,5.0,16.0,5.0,16.0,4.0,16.0,4.0
3.1106,122.0,-96.0,7.0,0.0,0.0,0.0,0.0,0.0,0.0,0.0,0.0,0.0,-10.0,24.0,-10.0,24.0,-10.0,22.0,-9.0,21.0,-8.0,17.0,-7.0,14.0,-6.0,9.0,-4.0,4.0,-4.0,-1.0,-3.0,-6.0,-3.0,-11.0,-3.0,-16.0,-3.0,-20.0,-2.0,-24.0,-2.0,-27.0,-2.0,-29.0,-3.0,-29.0,-3.0,-28.0,-4.0,-27.0,-4.0,-24.0,-3.0,-19.0,-2.0,-16.0,-1.0,-11.0,1.0,-7.0,2.0,-2.0,5.0,3.0
3.1248,122.0,-96.0,7.0,0.0,0.0,0.0,0.0,0.0,0.0,0.0,0.0,0.0,-15.0,7.0,-15.0,7.0,-16.0,7.0,-16.0,7.0,-17.0,6.0,-17.0,5.0,-16.0,5.0,-17.0,5.0,-17.0,4.0,-17.0,4.0,-17.0,4.0,-16.0,4.0,-17.0,3.0,-17.0,3.0,-16.0,3.0,-16.0,3.0,-16.0,3.0,-16.0,2.0,-16.0,2.0,-15.0,2.0,-15.0,2.0,-15.0,2.0,-15.0,3.0,-15.0,3.0,-14.0,3.0,-14.0,3.0
3.1406,122.0,-96.0,7.0,0.0,0.0,0.0,0.0,0.0,0.0,0.0,0.0,0.0,25.0,-16.0,25.0,-15.0,23.0,-14.0,21.0,-13.0,19.0,-11.0,14.0,-8.0,11.0,-6.0,6.0,-2.0,2.0,2.0,-2.0,6.0,-6.0,10.0,-9.0,14.0,-12.0,18.0,-15.0,22.0,-17.0,24.0,-18.0,26.0,-17.0,27.0,-17.0,26.0,-15.0,24.0,-13.0,22.0,-11.0,19.0,-9.0,15.0,-7.0,10.0,-6.0,4.0,-4.0,-1.0,-3.0,-7.0
3.1549,122.0,-96.0,7.0,0.0,0.0,0.0,0.0,0.0,0.0,0.0,0.0,0.0,-13.0,-23.0,-12.0,-24.0,-12.0,-23.0,-11.0,-21.0,-9.0,-18.0,-7.0,-15.0,-4.0,-11.0,-1.0,-6.0,2.0,-2.0,6.0,1.0,9.0,5.0,13.0,8.0,15.0,11.0,18.0,13.0,21.0,15.0,22.0,16.0,23.0,16.0,22.0,15.0,21.0,14.0,19.0,12.0,16.0,9.0,12.0,7.0,8.0,6.0,4.0,4.0,-1.0,2.0,-6.0,1.0
3.169,122.0,-96.0,7.0,0.0,0.0,0.0,0.0,0.0,0.0,0.0,0.0,0.0,-21.0,-1.0,-21.0,-2.0,-21.0,-2.0,-21.0,-2.0,-21.0,-3.0,-21.0,-4.0,-20.0,-4.0,-21.0,-5.0,-20.0,-5.0,-20.0,-5.0,-20.0,-5.0,-20.0,-6.0,-19.0,-6.0,-20.0,-7.0,-19.0,-7.0,-19.0,-6.0,-19.0,-7.0,-18.0,-7.0,-18.0,-7.0,-18.0,-6.0,-18.0,-6.0,-17.0,-6.0,-17.0,-6.0,-17.0,-6.0,-17.0,-5.0,-17.0,-5.0
3.1835,122.0,-96.0,7.0,0.0,0.0,0.0,0.0,0.0,0.0,0.0,0.0,0.0,-2.0,5.0,-6.0,8.0,-10.0,11.0,-14.0,14.0,-17.0,17.0,-19.0,19.0,-20.0,21.0,-22.0,22.0,-21.0,23.0,-20.0,22.0,-18.0,20.0,-16.0,18.0,-14.0,15.0,-11.0,11.0,-9.0,6.0,-5.0,2.0,-2.0,-4.0,-1.0,-10.0,1.0,-15.0,2.0,-20.0,3.0,-25.0,2.0,-27.0,3.0,-30.0,1.0,-30.0,0.0,-30.0,0.0,-29.0
3.1977,122.0,-96.0,7.0,0.0,0.0,0.0,0.0,0.0,0.0,0.0,0.0,0.0,15.0,5.0,15.0,5.0,15.0,5.0,15.0,6.0,15.0,7.0,15.0,7.0,15.0,7.0,15.0,7.0,14.0,7.0,14.0,8.0,14.0,8.0,14.0,8.0,14.0,8.0,14.0,9.0,13.0,8.0,13.0,9.0,13.0,9.0,12.0,8.0,13.0,8.0,12.0,8.0,12.0,8.0,12.0,7.0,12.0,7.0,12.0,7.0,12.0,7.0,12.0,6.0
3.2099,122.0,-96.0,7.0,0.0,0.0,0.0,0.0,0.0,0.0,0.0,0.0,0.0,-2.0,18.0,-2.0,18.0,-2.0,18.0,-2.0,18.0,-2.0,19.0,-3.0,19.0,-3.0,18.0,-4.0,19.0,-3.0,19.0,-4.0,19.0,-4.0,19.0,-4.0,19.0,-4.0,18.0,-5.0,19.0,-5.0,19.0,-4.0,19.0,-5.0,19.0,-5.0,19.0,-5.0,18.0,-5.0,19.0,-5.0,19.0,-4.0,18.0,-5.0,19.0,-4.0,18.0,-4.0,18.0,-4.0,18.0
3.2231,122.0,-96.0,7.0,0.0,0.0,0.0,0.0,0.0,0.0,0.0,0.0,0.0,-18.0,-20.0,-14.0,-16.0,-9.0,-12.0,-4.0,-8.0,2.0,-4.0,9.0,0.0,14.0,2.0,21.0,6.0,26.0,8.0,30.0,10.0,34.0,12.0,36.0,11.0,37.0,10.0,37.0,10.0,35.0,9.0,31.0,7.0,26.0,6.0,21.0,5.0,14.0,4.0,7.0,4.0,0.0,4.0,-7.0,5.0,-15.0,6.0,-22.0,7.0,-26.0,9.0,-29.0,12.0
3.2383,122.0,-96.0,7.0,0.0,0.0,0.0,0.0,0.0,0.0,0.0,0.0,0.0,13.0,-15.0,13.0,-15.0,14.0,-15.0,15.0,-15.0,15.0,-14.0,15.0,-14.0,15.0,-13.0,16.0,-13.0,16.0,-13.0,16.0,-13.0,16.0,-12.0,16.0,-12.0,16.0,-11.0,16.0,-11.0,16.0,-11.0,16.0,-11.0,16.0,-11.0,16.0,-10.0,16.0,-10.0,15.0,-10.0,15.0,-10.0,14.0,-10.0,15.0,-10.0,14.0,-10.0,14.0,-10.0,13.0,-11.0
3.2515,122.0,-96.0,7.0,0.0,0.0,0.0,0.0,0.0,0.0,0.0,0.0,0.0,10.0,15.0,9.0,16.0,9.0,16.0,9.0,16.0,8.0,17.0,8.0,17.0,7.0,17.0,6.0,17.0,6.0,17.0,6.0,18.0,6.0,17.0,5.0,18.0,5.0,17.0,5.0,17.0,5.0,17.0,5.0,17.0,5.0,17.0,4.0,17.0,4.0,17.0,4.0,16.0,4.0,16.0,4.0,16.0,4.0,16.0,5.0,15.0,5.0,15.0,5.0,14.0
3.2696,122.0,-96.0,7.0,0.0,0.0,0.0,0.0,0.0,0.0,0.0,0.0,0.0,-18.0,-13.0,-18.0,-14.0,-18.0,-15.0,-18.0,-15.0,-17.0,-16.0,-17.0,-16.0,-16.0,-16.0,-16.0,-17.0,-15.0,-18.0,-15.0,-18.0,-15.0,-17.0,-15.0,-17.0,-14.0,-17.0,-14.0,-18.0,-13.0,-18.0,-13.0,-18.0,-13.0,-17.0,-12.0,-17.0,-12.0,-17.0,-12.0,-17.0,-12.0,-17.0,-12.0,-16.0,-12.0,-16.0,-12.0,-16.0,-12.0,-15.0,-12.0,-15.0
3.2844,122.0,-96.0,7.0,0.0,0.0,0.0,0.0,0.0,0.0,0.0,0.0,0.0,9.0,18.0,7.0,14.0,4.0,10.0,1.0,6.0,-3.0,1.0,-7.0,-3.0,-11.0,-6.0,-16.0,-9.0,-19.0,-13.0,-22.0,-14.0,-25.0,-16.0,-27.0,-16.0,-28.0,-16.0,-28.0,-16.0,-26.0,-15.0,-23.0,-12.0,-20.0,-11.0,-16.0,-9.0,-11.0,-7.0,-6.0,-5.0,0.0,-4.0,6.0,-3.0,12.0,-3.0,17.0,-2.0,21.0,-3.0,24.0,-5.0
3.2987,122.0,-96.0,7.0,0.0,0.0,0.0,0.0,0.0,0.0,0.0,0.0,0.0,-4.0,20.0,-4.0,15.0,-4.0,10.0,-3.0,5.0,-4.0,0.0,-4.0,-7.0,-6.0,-11.0,-6.0,-17.0,-7.0,-22.0,-8.0,-25.0,-9.0,-29.0,-10.0,-30.0,-11.0,-30.0,-10.0,-30.0,-11.0,-28.0,-10.0,-24.0,-9.0,-21.0,-7.0,-17.0,-4.0,-13.0,-1.0,-8.0,3.0,-3.0,6.0,2.0,10.0,6.0,14.0,10.0,17.0,12.0,20.0,13.0
3.3133,122.0,-96.0,7.0,0.0,0.0,0.0,0.0,0.0,0.0,0.0,0.0,0.0,-10.0,-29.0,-9.0,-28.0,-9.0,-27.0,-8.0,-24.0,-6.0,-21.0,-5.0,-17.0,-3.0,-13.0,0.0,-7.0,2.0,-2.0,6.0,3.0,9.0,7.0,12.0,11.0,15.0,15.0,18.0,18.0,20.0,21.0,21.0,23.0,22.0,22.0,22.0,21.0,21.0,19.0,19.0,17.0,16.0,14.0,12.0,11.0,8.0,8.0,3.0,5.0,-2.0,3.0,-7.0,0.0
3.3262,122.0,-96.0,7.0,0.0,0.0,0.0,0.0,0.0,0.0,0.0,0.0,0.0,16.0,3.0,15.0,3.0,16.0,3.0,16.0,4.0,16.0,4.0,15.0,5.0,16.0,5.0,15.0,5.0,15.0,5.0,15.0,6.0,15.0,6.0,15.0,6.0,14.0,6.0,14.0,7.0,14.0,6.0,14.0,6.0,13.0,7.0,14.0,6.0,13.0,6.0,13.0,6.0,13.0,6.0,13.0,5.0,13.0,6.0,13.0,5.0,12.0,5.0,12.0,5.0
3.3429,122.0,-96.0,7.0,0.0,0.0,0.0,0.0,0.0,0.0,0.0,0.0,0.0,-20.0,-8.0,-21.0,-9.0,-20.0,-9.0,-21.0,-10.0,-20.0,-10.0,-20.0,-11.0,-19.0,-11.0,-19.0,-11.0,-19.0,-12.0,-19.0,-12.0,-19.0,-12.0,-18.0,-13.0,-18.0,-13.0,-18.0,-13.0,-17.0,-13.0,-17.0,-12.0,-17.0,-13.0,-16.0,-13.0,-16.0,-13.0,-16.0,-12.0,-16.0,-12.0,-15.0,-12.0,-15.0,-12.0,-16.0,-11.0,-15.0,-11.0,-15.0,-10.0
3.3582,122.0,-96.0,7.0,0.0,0.0,0.0,0.0,0.0,0.0,0.0,0.0,0.0,16.0,-20.0,16.0,-20.0,15.0,-18.0,13.0,-16.0,11.0,-13.0,9.0,-10.0,6.0,-6.0,3.0,-1.0,1.0,4.0,-1.0,8.0,-3.0,13.0,-4.0,17.0,-5.0,20.0,-6.0,24.0,-7.0,26.0,-6.0,28.0,-6.0,28.0,-5.0,26.0,-5.0,24.0,-4.0,21.0,-3.0,17.0,-3.0,13.0,-3.0,8.0,-3.0,3.0,-4.0,-2.0,-5.0,-7.0
3.372,122.0,-96.0,7.0,0.0,0.0,0.0,0.0,0.0,0.0,0.0,0.0,0.0,-18.0,13.0,-19.0,12.0,-19.0,12.0,-20.0,12.0,-20.0,11.0,-21.0,11.0,-20.0,10.0,-21.0,10.0,-20.0,10.0,-21.0,9.0,-21.0,8.0,-21.0,8.0,-21.0,8.0,-21.0,8.0,-21.0,7.0,-21.0,8.0,-20.0,8.0,-21.0,7.0,-20.0,7.0,-19.0,7.0,-19.0,7.0,-19.0,7.0,-19.0,7.0,-19.0,7.0,-18.0,7.0,-17.0,7.0
3.3855,122.0,-96.0,7.0,0.0,0.0,0.0,0.0,0.0,0.0,0.0,0.0,0.0,-18.0,12.0,-20.0,14.0,-22.0,15.0,-22.0,15.0,-23.0,15.0,-22.0,15.0,-21.0,14.0,-18.0,12.0,-16.0,10.0,-12.0,7.0,-9.0,3.0,-5.0,0.0,-1.0,-4.0,3.0,-9.0,5.0,-13.0,8.0,-17.0,9.0,-20.0,11.0,-23.0,11.0,-25.0,11.0,-26.0,10.0,-26.0,10.0,-26.0,9.0,-24.0,7.0,-21.0,5.0,-17.0,4.0,-13.0
3.3987,122.0,-96.0,7.0,0.0,0.0,0.0,0.0,0.0,0.0,0.0,0.0,0.0,3.0,4.0,3.0,9.0,3.0,14.0,2.0,19.0,3.0,23.0,3.0,26.0,4.0,29.0,3.0,31.0,5.0,30.0,4.0,29.0,4.0,26.0,4.0,23.0,3.0,20.0,2.0,15.0,-1.0,10.0,-2.0,4.0,-5.0,-2.0,-8.0,-6.0,-11.0,-11.0,-14.0,-15.0,-17.0,-18.0,-19.0,-20.0,-21.0,-22.0,-22.0,-21.0,-22.0,-21.0,-22.0,-19.0
3.4134,122.0,-96.0,7.0,0.0,0.0,0.0,0.0,0.0,0.0,0.0,0.0,0.0,9.0,24.0,9.0,23.0,8.0,22.0,7.0,19.0,5.0,16.0,3.0,11.0,1.0,8.0,-2.0,3.0,-5.0,-1.0,-8.0,-5.0,-11.0,-9.0,-14.0,-12.0,-17.0,-14.0,-19.0,-17.0,-21.0,-18.0,-22.0,-19.0,-22.0,-19.0,-22.0,-18.0,-20.0,-16.0,-18.0,-14.0,-15.0,-11.0,-11.0,-9.0,-7.0,-7.0,-2.0,-5.0,3.0,-3.0,7.0,-2.0
3.4274,122.0,-96.0,7.0,0.0,0.0,0.0,0.0,0.0,0.0,0.0,0.0,0.0,5.0,1.0,8.0,5.0,10.0,10.0,13.0,14.0,16.0,17.0,18.0,20.0,20.0,21.0,21.0,23.0,21.0,22.0,21.0,21.0,19.0,19.0,17.0,17.0,14.0,14.0,10.0,11.0,5.0,8.0,1.0,4.0,-5.0,1.0,-10.0,-1.0,-15.0,-3.0,-19.0,-5.0,-24.0,-5.0,-27.0,-5.0,-30.0,-6.0,-30.0,-5.0,-30.0,-4.0,-29.0,-3.0
3.4421,122.0,-96.0,7.0,0.0,0.0,0.0,0.0,0.0,0.0,0.0,0.0,0.0,-13.0,7.0,-14.0,6.0,-14.0,6.0,-15.0,6.0,-14.0,5.0,-15.0,5.0,-14.0,5.0,-15.0,4.0,-14.0,4.0,-15.0,4.0,-15.0,4.0,-15.0,4.0,-15.0,3.0,-15.0,3.0,-15.0,3.0,-14.0,3.0,-14.0,3.0,-14.0,3.0,-14.0,3.0,-13.0,3.0,-13.0,3.0,-13.0,3.0,-13.0,3.0,-13.0,3.0,-13.0,3.0,-12.0,3.0
3.456,122.0,-96.0,7.0,0.0,0.0,0.0,0.0,0.0,0.0,0.0,0.0,0.0,9.0,21.0,6.0,16.0,4.0,11.0,0.0,7.0,-4.0,2.0,-8.0,-3.0,-12.0,-7.0,-16.0,-12.0,-20.0,-15.0,-24.0,-18.0,-26.0,-21.0,-28.0,-21.0,-29.0,-21.0,-29.0,-21.0,-27.0,-18.0,-25.0,-16.0,-21.0,-14.0,-17.0,-11.0,-11.0,-9.0,-6.0,-6.0,1.0,-5.0,7.0,-3.0,13.0,-2.0,20.0,-1.0,23.0,-1.0,27.0,-2.0
3.4701,122.0,-96.0,7.0,0.0,0.0,0.0,0.0,0.0,0.0,0.0,0.0,0.0,-16.0,10.0,-19.0,12.0,-22.0,13.0,-23.0,14.0,-24.0,14.0,-24.0,14.0,-22.0,13.0,-20.0,12.0,-18.0,10.0,-14.0,7.0,-11.0,4.0,-7.0,1.0,-3.0,-3.0,2.0,-7.0,5.0,-11.0,8.0,-14.0,10.0,-18.0,12.0,-21.0,13.0,-23.0,13.0,-25.0,13.0,-25.0,12.0,-25.0,11.0,-23.0,9.0,-21.0,7.0,-18.0,6.0,-14.0
3.4837,122.0,-96.0,7.0,0.0,0.0,0.0,0.0,0.0,0.0,0.0,0.0,0.0,-11.0,18.0,-13.0,20.0,-15.0,21.0,-15.0,22.0,-15.0,22.0,-15.0,22.0,-14.0,20.0,-12.0,17.0,-11.0,14.0,-9.0,10.0,-7.0,6.0,-5.0,1.0,-3.0,-4.0,-1.0,-9.0,0.0,-14.0,2.0,-18.0,3.0,-22.0,3.0,-25.0,2.0,-27.0,3.0,-28.0,1.0,-28.0,2.0,-27.0,1.0,-25.0,0.0,-22.0,0.0,-18.0,0.0,-14.0
3.4985,122.0,-96.0,7.0,0.0,0.0,0.0,0.0,0.0,0.0,0.0,0.0,0.0,18.0,-1.0,13.0,0.0,8.0,1.0,2.0,2.0,-3.0,4.0,-9.0,6.0,-12.0,8.0,-17.0,10.0,-21.0,12.0,-24.0,14.0,-26.0,15.0,-27.0,16.0,-27.0,17.0,-25.0,17.0,-23.0,16.0,-20.0,14.0,-17.0,12.0,-13.0,8.0,-9.0,4.0,-5.0,0.0,-3.0,-5.0,1.0,-9.0,4.0,-14.0,6.0,-19.0,7.0,-22.0,7.0,-26.0
3.515,122.0,-96.0,7.0,0.0,0.0,0.0,0.0,0.0,0.0,0.0,0.0,0.0,12.0,-15.0,12.0,-15.0,12.0,-14.0,12.0,-14.0,13.0,-14.0,14.0,-14.0,14.0,-13.0,14.0,-13.0,15.0,-13.0,15.0,-12.0,15.0,-12.0,15.0,-12.0,14.0,-12.0,15.0,-11.0,15.0,-11.0,15.0,-10.0,14.0,-10.0,15.0,-10.0,15.0,-10.0,14.0,-10.0,14.0,-10.0,13.0,-10.0,13.0,-9.0,13.0,-10.0,13.0,-10.0,12.0,-10.0
3.5289,122.0,-96.0,7.0,0.0,0.0,0.0,0.0,0.0,0.0,0.0,0.0,0.0,15.0,-10.0,11.0,-7.0,7.0,-4.0,3.0,0.0,0.0,4.0,-4.0,9.0,-6.0,13.0,-9.0,18.0,-12.0,21.0,-13.0,24.0,-14.0,27.0,-14.0,28.0,-14.0,28.0,-13.0,27.0,-11.0,25.0,-9.0,22.0,-8.0,18.0,-7.0,13.0,-5.0,8.0,-4.0,3.0,-4.0,-3.0,-4.0,-9.0,-4.0,-14.0,-5.0,-20.0,-6.0,-23.0,-8.0,-26.0
3.5422,122.0,-96.0,7.0,0.0,0.0,0.0,0.0,0.0,0.0,0.0,0.0,0.0,28.0,6.0,28.0,7.0,26.0,7.0,24.0,6.0,21.0,6.0,16.0,5.0,11.0,4.0,5.0,3.0,0.0,3.0,-7.0,3.0,-12.0,4.0,-17.0,4.0,-22.0,5.0,-26.0,5.0,-29.0,5.0,-32.0,6.0,-31.0,6.0,-31.0,7.0,-28.0,7.0,-26.0,6.0,-21.0,5.0,-17.0,4.0,-13.0,2.0,-8.0,-1.0,-2.0,-4.0,2.0,-7.0
3.5559,122.0,-96.0,7.0,0.0,0.0,0.0,0.0,0.0,0.0,0.0,0.0,0.0,18.0,15.0,21.0,18.0,23.0,20.0,24.0,20.0,25.0,22.0,25.0,21.0,24.0,20.0,21.0,18.0,18.0,16.0,14.0,13.0,9.0,9.0,4.0,6.0,-2.0,3.0,-9.0,-1.0,-14.0,-2.0,-19.0,-5.0,-25.0,-6.0,-29.0,-7.0,-32.0,-7.0,-34.0,-7.0,-35.0,-6.0,-34.0,-6.0,-32.0,-5.0,-28.0,-4.0,-23.0,-3.0,-18.0,-2.0
3.5713,122.0,-96.0,7.0,0.0,0.0,0.0,0.0,0.0,0.0,0.0,0.0,0.0,-5.0,-16.0,-5.0,-16.0,-5.0,-17.0,-4.0,-17.0,-4.0,-17.0,-3.0,-17.0,-3.0,-17.0,-2.0,-17.0,-2.0,-17.0,-2.0,-17.0,-1.0,-17.0,-1.0,-17.0,-1.0,-17.0,0.0,-17.0,-1.0,-17.0,-1.0,-16.0,0.0,-16.0,0.0,-16.0,0.0,-16.0,0.0,-16.0,0.0,-15.0,-1.0,-15.0,0.0,-15.0,0.0,-15.0,-1.0,-14.0,-1.0,-14.0
3.585,122.0,-96.0,7.0,0.0,0.0,0.0,0.0,0.0,0.0,0.0,0.0,0.0,24.0,10.0,23.0,10.0,21.0,9.0,19.0,8.0,15.0,7.0,11.0,6.0,7.0,5.0,1.0,3.0,-4.0,2.0,-9.0,2.0,-14.0,1.0,-18.0,1.0,-22.0,1.0,-26.0,0.0,-28.0,0.0,-29.0,0.0,-29.0,1.0,-28.0,1.0,-26.0,1.0,-22.0,2.0,-18.0,2.0,-14.0,0.0,-10.0,-1.0,-5.0,-3.0,0.0,-4.0,4.0,-6.0
3.5984,122.0,-96.0,7.0,0.0,0.0,0.0,0.0,0.0,0.0,0.0,0.0,0.0,-1.0,-27.0,-1.0,-26.0,-1.0,-24.0,-1.0,-21.0,0.0,-18.0,0.0,-14.0,1.0,-9.0,2.0,-3.0,3.0,1.0,5.0,6.0,7.0,11.0,8.0,15.0,10.0,18.0,11.0,22.0,12.0,24.0,12.0,25.0,13.0,24.0,13.0,24.0,12.0,21.0,11.0,18.0,9.0,15.0,6.0,11.0,3.0,8.0,-1.0,4.0,-4.0,1.0,-8.0,-2.0
3.6132,122.0,-96.0,7.0,0.0,0.0,0.0,0.0,0.0,0.0,0.0,0.0,0.0,-12.0,11.0,-12.0,11.0,-13.0,11.0,-13.0,10.0,-14.0,10.0,-14.0,10.0,-14.0,9.0,-14.0,9.0,-14.0,9.0,-15.0,9.0,-15.0,9.0,-15.0,8.0,-14.0,8.0,-15.0,8.0,-15.0,7.0,-15.0,7.0,-14.0,7.0,-15.0,7.0,-14.0,7.0,-14.0,7.0,-14.0,7.0,-13.0,6.0,-13.0,7.0,-13.0,7.0,-12.0,7.0,-12.0,7.0
3.6265,122.0,-96.0,7.0,0.0,0.0,0.0,0.0,0.0,0.0,0.0,0.0,0.0,12.0,-27.0,12.0,-27.0,11.0,-26.0,10.0,-23.0,9.0,-20.0,8.0,-16.0,6.0,-11.0,4.0,-5.0,3.0,0.0,2.0,6.0,1.0,11.0,1.0,16.0,1.0,21.0,0.0,26.0,0.0,29.0,1.0,31.0,1.0,31.0,2.0,31.0,2.0,28.0,2.0,26.0,2.0,21.0,1.0,16.0,0.0,12.0,-2.0,6.0,-4.0,1.0,-6.0,-4.0
3.6407,122.0,-96.0,7.0,0.0,0.0,0.0,0.0,0.0,0.0,0.0,0.0,0.0,10.0,-19.0,8.0,-15.0,6.0,-10.0,4.0,-5.0,3.0,0.0,1.0,6.0,1.0,12.0,0.0,17.0,0.0,22.0,0.0,26.0,-1.0,29.0,0.0,30.0,1.0,31.0,1.0,30.0,1.0,28.0,2.0,26.0,1.0,21.0,1.0,17.0,-1.0,12.0,-2.0,7.0,-4.0,1.0,-6.0,-4.0,-9.0,-10.0,-11.0,-15.0,-14.0,-18.0,-17.0,-19.0
3.6542,122.0,-96.0,7.0,0.0,0.0,0.0,0.0,0.0,0.0,0.0,0.0,0.0,-24.0,-12.0,-24.0,-12.0,-21.0,-11.0,-19.0,-10.0,-16.0,-9.0,-12.0,-7.0,-7.0,-6.0,-2.0,-4.0,3.0,-3.0,8.0,-2.0,13.0,-2.0,17.0,-1.0,21.0,-1.0,25.0,-1.0,27.0,-1.0,28.0,-1.0,28.0,-1.0,27.0,-1.0,25.0,-2.0,21.0,-2.0,17.0,-2.0,13.0,-1.0,9.0,0.0,4.0,2.0,-1.0,3.0,-5.0,5.0
3.6675,122.0,-96.0,7.0,0.0,0.0,0.0,0.0,0.0,0.0,0.0,0.0,0.0,10.0,15.0,12.0,18.0,13.0,20.0,14.0,22.0,14.0,23.0,14.0,23.0,13.0,22.0,12.0,19.0,10.0,17.0,8.0,13.0,5.0,10.0,1.0,6.0,-3.0,2.0,-7.0,-2.0,-11.0,-5.0,-14.0,-9.0,-18.0,-11.0,-21.0,-12.0,-24.0,-14.0,-25.0,-14.0,-25.0,-13.0,-25.0,-13.0,-23.0,-12.0,-21.0,-10.0,-18.0,-8.0,-14.0,-6.0
3.6815,122.0,-96.0,7.0,0.0,0.0,0.0,0.0,0.0,0.0,0.0,0.0,0.0,-4.0,15.0,-4.0,15.0,-4.0,15.0,-5.0,16.0,-5.0,15.0,-6.0,16.0,-6.0,15.0,-6.0,15.0,-6.0,14.0,-7.0,15.0,-7.0,14.0,-7.0,15.0,-7.0,14.0,-7.0,14.0,-7.0,14.0,-7.0,13.0,-8.0,13.0,-8.0,13.0,-8.0,13.0,-7.0,13.0,-7.0,13.0,-7.0,12.0,-7.0,12.0,-7.0,12.0,-6.0,12.0,-6.0,12.0
3.6952,122.0,-96.0,7.0,0.0,0.0,0.0,0.0,0.0,0.0,0.0,0.0,0.0,-24.0,-5.0,-28.0,-6.0,-31.0,-7.0,-32.0,-7.0,-34.0,-8.0,-34.0,-7.0,-32.0,-7.0,-28.0,-6.0,-25.0,-6.0,-20.0,-5.0,-14.0,-5.0,-7.0,-4.0,-1.0,-5.0,7.0,-4.0,13.0,-6.0,18.0,-6.0,23.0,-7.0,28.0,-9.0,30.0,-10.0,33.0,-11.0,32.0,-12.0,32.0,-12.0,30.0,-12.0,25.0,-11.0,21.0,-10.0,16.0,-7.0
3.7121,122.0,-96.0,7.0,0.0,0.0,0.0,0.0,0.0,0.0,0.0,0.0,0.0,-7.0,-16.0,-7.0,-17.0,-7.0,-17.0,-6.0,-17.0,-6.0,-18.0,-5.0,-18.0,-5.0,-18.0,-4.0,-18.0,-4.0,-18.0,-4.0,-18.0,-4.0,-18.0,-3.0,-18.0,-3.0,-18.0,-3.0,-18.0,-3.0,-18.0,-3.0,-17.0,-2.0,-17.0,-2.0,-18.0,-2.0,-17.0,-2.0,-16.0,-2.0,-16.0,-2.0,-16.0,-3.0,-16.0,-3.0,-16.0,-3.0,-15.0,-3.0,-15.0
3.7243,122.0,-96.0,7.0,0.0,0.0,0.0,0.0,0.0,0.0,0.0,0.0,0.0,7.0,-20.0,5.0,-15.0,4.0,-9.0,3.0,-3.0,3.0,4.0,3.0,10.0,4.0,15.0,4.0,21.0,4.0,26.0,5.0,30.0,5.0,32.0,6.0,34.0,7.0,33.0,7.0,32.0,7.0,30.0,7.0,26.0,5.0,21.0,3.0,16.0,1.0,11.0,-2.0,5.0,-6.0,0.0,-9.0,-5.0,-13.0,-11.0,-17.0,-15.0,-20.0,-17.0,-24.0,-18.0
3.7411,122.0,-96.0,7.0,0.0,0.0,0.0,0.0,0.0,0.0,0.0,0.0,0.0,10.0,-16.0,10.0,-16.0,10.0,-16.0,10.0,-16.0,12.0,-16.0,12.0,-15.0,12.0,-14.0,13.0,-15.0,12.0,-14.0,13.0,-14.0,13.0,-13.0,13.0,-13.0,13.0,-13.0,14.0,-13.0,14.0,-12.0,13.0,-12.0,13.0,-12.0,14.0,-12.0,13.0,-11.0,13.0,-11.0,13.0,-11.0,12.0,-12.0,12.0,-11.0,12.0,-11.0,12.0,-11.0,11.0,-11.0
3.7577,122.0,-96.0,7.0,0.0,0.0,0.0,0.0,0.0,0.0,0.0,0.0,0.0,11.0,-12.0,12.0,-11.0,12.0,-12.0,12.0,-12.0,13.0,-11.0,13.0,-11.0,13.0,-10.0,13.0,-10.0,13.0,-10.0,14.0,-9.0,14.0,-9.0,14.0,-9.0,14.0,-8.0,13.0,-8.0,14.0,-8.0,13.0,-9.0,13.0,-8.0,14.0,-8.0,13.0,-7.0,13.0,-8.0,12.0,-8.0,12.0,-8.0,12.0,-8.0,12.0,-8.0,11.0,-8.0,11.0,-8.0
3.772,122.0,-96.0,7.0,0.0,0.0,0.0,0.0,0.0,0.0,0.0,0.0,0.0,-23.0,3.0,-23.0,2.0,-23.0,2.0,-24.0,1.0,-24.0,0.0,-24.0,0.0,-23.0,0.0,-24.0,-1.0,-23.0,-2.0,-23.0,-2.0,-23.0,-2.0,-23.0,-3.0,-22.0,-3.0,-23.0,-3.0,-22.0,-3.0,-22.0,-3.0,-22.0,-3.0,-22.0,-3.0,-21.0,-3.0,-21.0,-3.0,-20.0,-3.0,-20.0,-2.0,-20.0,-3.0,-20.0,-3.0,-19.0,-2.0,-19.0,-1.0
3.7869,122.0,-96.0,7.0,0.0,0.0,0.0,0.0,0.0,0.0,0.0,0.0,0.0,-4.0,1.0,-7.0,-3.0,-10.0,-7.0,-13.0,-11.0,-17.0,-15.0,-20.0,-18.0,-22.0,-19.0,-24.0,-21.0,-24.0,-21.0,-24.0,-21.0,-23.0,-19.0,-21.0,-17.0,-18.0,-15.0,-14.0,-12.0,-10.0,-10.0,-5.0,-6.0,1.0,-4.0,6.0,-2.0,12.0,0.0,17.0,1.0,22.0,1.0,25.0,0.0,29.0,1.0,29.0,-1.0,30.0,-1.0,29.0,-2.0
3.801,122.0,-96.0,7.0,0.0,0.0,0.0,0.0,0.0,0.0,0.0,0.0,0.0,3.0,-19.0,3.0,-18.0,4.0,-19.0,4.0,-19.0,5.0,-19.0,6.0,-19.0,6.0,-18.0,6.0,-19.0,6.0,-18.0,7.0,-18.0,7.0,-18.0,7.0,-18.0,7.0,-17.0,8.0,-17.0,8.0,-16.0,7.0,-17.0,8.0,-16.0,8.0,-16.0,7.0,-16.0,7.0,-16.0,7.0,-15.0,7.0,-15.0,7.0,-15.0,6.0,-15.0,6.0,-15.0,5.0,-15.0
3.8138,122.0,-96.0,7.0,0.0,0.0,0.0,0.0,0.0,0.0,0.0,0.0,0.0,22.0,1.0,21.0,1.0,22.0,2.0,22.0,2.0,22.0,3.0,22.0,4.0,21.0,4.0,22.0,5.0,21.0,5.0,21.0,6.0,21.0,6.0,21.0,6.0,20.0,6.0,20.0,7.0,20.0,7.0,20.0,7.0,19.0,7.0,19.0,7.0,18.0,7.0,19.0,7.0,18.0,7.0,18.0,6.0,18.0,6.0,17.0,6.0,17.0,6.0,17.0,5.0
3.8275,122.0,-96.0,7.0,0.0,0.0,0.0,0.0,0.0,0.0,0.0,0.0,0.0,26.0,3.0,26.0,3.0,24.0,3.0,22.0,3.0,19.0,3.0,15.0,2.0,10.0,2.0,5.0,2.0,0.0,3.0,-5.0,4.0,-10.0,5.0,-14.0,6.0,-19.0,7.0,-23.0,8.0,-26.0,9.0,-27.0,9.0,-27.0,10.0,-26.0,10.0,-25.0,10.0,-22.0,9.0,-18.0,8.0,-15.0,6.0,-11.0,3.0,-7.0,0.0,-3.0,-3.0,1.0,-7.0
3.8418,122.0,-96.0,7.0,0.0,0.0,0.0,0.0,0.0,0.0,0.0,0.0,0.0,1.0,-17.0,1.0,-17.0,1.0,-17.0,2.0,-17.0,2.0,-17.0,3.0,-17.0,3.0,-17.0,3.0,-17.0,4.0,-17.0,4.0,-17.0,5.0,-16.0,5.0,-16.0,5.0,-16.0,5.0,-16.0,5.0,-16.0,5.0,-15.0,5.0,-15.0,5.0,-15.0,5.0,-15.0,4.0,-15.0,4.0,-14.0,4.0,-14.0,4.0,-14.0,4.0,-14.0,4.0,-14.0,3.0,-14.0
3.8548,122.0,-96.0,7.0,0.0,0.0,0.0,0.0,0.0,0.0,0.0,0.0,0.0,3.0,-2.0,7.0,3.0,10.0,8.0,13.0,12.0,17.0,17.0,20.0,20.0,22.0,21.0,24.0,24.0,25.0,23.0,25.0,23.0,23.0,21.0,21.0,19.0,18.0,17.0,14.0,13.0,9.0,10.0,4.0,6.0,-2.0,3.0,-8.0,1.0,-14.0,-1.0,-20.0,-3.0,-25.0,-3.0,-29.0,-2.0,-33.0,-3.0,-34.0,-1.0,-34.0,-1.0,-33.0,0.0
3.8683,122.0,-96.0,7.0,0.0,0.0,0.0,0.0,0.0,0.0,0.0,0.0,0.0,-1.0,-27.0,0.0,-27.0,0.0,-26.0,0.0,-23.0,0.0,-20.0,0.0,-16.0,1.0,-12.0,2.0,-6.0,3.0,-2.0,4.0,4.0,6.0,8.0,7.0,13.0,8.0,17.0,10.0,21.0,11.0,23.0,12.0,25.0,13.0,25.0,13.0,24.0,12.0,23.0,12.0,20.0,9.0,16.0,7.0,13.0,4.0,10.0,1.0,6.0,-3.0,2.0,-7.0,-1.0
3.8811,122.0,-96.0,7.0,0.0,0.0,0.0,0.0,0.0,0.0,0.0,0.0,0.0,-3.0,-4.0,2.0,-9.0,7.0,-13.0,11.0,-18.0,15.0,-23.0,18.0,-27.0,19.0,-30.0,21.0,-32.0,20.0,-34.0,21.0,-33.0,19.0,-31.0,17.0,-29.0,15.0,-24.0,12.0,-19.0,9.0,-13.0,6.0,-7.0,4.0,1.0,3.0,8.0,1.0,15.0,1.0,21.0,1.0,28.0,2.0,31.0,2.0,36.0,4.0,36.0,4.0,36.0,5.0,36.0
3.8932,122.0,-96.0,7.0,0.0,0.0,0.0,0.0,0.0,0.0,0.0,0.0,0.0,7.0,22.0,8.0,26.0,9.0,29.0,10.0,31.0,10.0,32.0,10.0,31.0,9.0,30.0,9.0,27.0,7.0,24.0,5.0,18.0,3.0,13.0,0.0,7.0,-4.0,2.0,-7.0,-4.0,-12.0,-9.0,-15.0,-14.0,-19.0,-18.0,-22.0,-20.0,-25.0,-22.0,-26.0,-23.0,-27.0,-23.0,-27.0,-22.0,-26.0,-20.0,-23.0,-17.0,-19.0,-14.0,-15.0,-11.0
3.9074,122.0,-96.0,7.0,0.0,0.0,0.0,0.0,0.0,0.0,0.0,0.0,0.0,3.0,-20.0,4.0,-21.0,4.0,-20.0,5.0,-20.0,6.0,-20.0,7.0,-20.0,7.0,-19.0,7.0,-20.0,8.0,-19.0,8.0,-19.0,8.0,-19.0,8.0,-19.0,8.0,-18.0,9.0,-18.0,9.0,-18.0,9.0,-17.0,9.0,-18.0,9.0,-17.0,9.0,-17.0,9.0,-16.0,9.0,-16.0,9.0,-16.0,8.0,-16.0,8.0,-16.0,7.0,-16.0,7.0,-16.0
3.9218,122.0,-96.0,7.0,0.0,0.0,0.0,0.0,0.0,0.0,0.0,0.0,0.0,-4.0,-5.0,-4.0,-10.0,-3.0,-15.0,-4.0,-19.0,-4.0,-24.0,-4.0,-28.0,-5.0,-30.0,-5.0,-32.0,-6.0,-31.0,-5.0,-30.0,-6.0,-27.0,-5.0,-25.0,-4.0,-21.0,-3.0,-16.0,0.0,-11.0,1.0,-6.0,4.0,0.0,7.0,5.0,10.0,10.0,13.0,13.0,16.0,17.0,19.0,18.0,21.0,21.0,22.0,19.0,22.0,19.0,22.0,18.0
3.9354,122.0,-96.0,7.0,0.0,0.0,0.0,0.0,0.0,0.0,0.0,0.0,0.0,3.0,3.0,4.0,9.0,4.0,13.0,5.0,18.0,6.0,22.0,7.0,26.0,8.0,28.0,8.0,30.0,9.0,29.0,8.0,28.0,8.0,26.0,7.0,23.0,5.0,19.0,4.0,14.0,1.0,10.0,-1.0,5.0,-5.0,-1.0,-9.0,-5.0,-12.0,-9.0,-16.0,-13.0,-20.0,-16.0,-22.0,-16.0,-24.0,-18.0,-25.0,-17.0,-25.0,-17.0,-25.0,-16.0
3.9513,122.0,-96.0,7.0,0.0,0.0,0.0,0.0,0.0,0.0,0.0,0.0,0.0,-5.0,-18.0,-5.0,-18.0,-5.0,-18.0,-4.0,-18.0,-4.0,-18.0,-3.0,-19.0,-3.0,-19.0,-2.0,-19.0,-2.0,-19.0,-2.0,-19.0,-1.0,-19.0,-1.0,-19.0,-1.0,-18.0,0.0,-18.0,0.0,-18.0,-1.0,-18.0,0.0,-17.0,0.0,-17.0,0.0,-18.0,0.0,-17.0,0.0,-17.0,-1.0,-16.0,-1.0,-16.0,-1.0,-16.0,-1.0,-16.0,-1.0,-16.0
3.965,122.0,-96.0,7.0,0.0,0.0,0.0,0.0,0.0,0.0,0.0,0.0,0.0,13.0,-23.0,13.0,-23.0,13.0,-21.0,11.0,-20.0,10.0,-17.0,8.0,-14.0,7.0,-9.0,4.0,-4.0,3.0,0.0,1.0,6.0,1.0,10.0,0.0,15.0,-1.0,19.0,-2.0,23.0,-3.0,26.0,-2.0,28.0,-2.0,28.0,-2.0,27.0,-1.0,26.0,0.0,23.0,0.0,19.0,0.0,15.0,-1.0,10.0,-2.0,6.0,-4.0,1.0,-5.0,-4.0
3.9794,122.0,-96.0,7.0,0.0,0.0,0.0,0.0,0.0,0.0,0.0,0.0,0.0,27.0,-11.0,26.0,-10.0,26.0,-11.0,23.0,-9.0,21.0,-8.0,16.0,-6.0,12.0,-4.0,6.0,-1.0,2.0,2.0,-3.0,6.0,-7.0,9.0,-11.0,13.0,-14.0,16.0,-18.0,19.0,-20.0,21.0,-22.0,23.0,-21.0,23.0,-21.0,24.0,-18.0,22.0,-17.0,20.0,-13.0,17.0,-11.0,13.0,-9.0,9.0,-6.0,4.0,-4.0,-2.0,-2.0,-7.0
3.9936,122.0,-96.0,7.0,0.0,0.0,0.0,0.0,0.0,0.0,0.0,0.0,0.0,-4.0,20.0,-5.0,20.0,-5.0,20.0,-6.0,20.0,-6.0,20.0,-7.0,20.0,-7.0,20.0,-8.0,19.0,-8.0,19.0,-8.0,19.0,-9.0,19.0,-9.0,19.0,-9.0,18.0,-9.0,18.0,-9.0,18.0,-9.0,18.0,-9.0,17.0,-9.0,17.0,-9.0,17.0,-9.0,17.0,-9.0,16.0,-8.0,16.0,-8.0,16.0,-8.0,16.0,-8.0,16.0,-7.0,16.0
4.0093,122.0,-96.0,7.0,0.0,0.0,0.0,0.0,0.0,0.0,0.0,0.0,0.0,17.0,4.0,13.0,3.0,7.0,3.0,2.0,3.0,-4.0,3.0,-10.0,4.0,-14.0,5.0,-19.0,6.0,-24.0,7.0,-27.0,8.0,-29.0,8.0,-30.0,10.0,-30.0,10.0,-29.0,10.0,-27.0,10.0,-23.0,9.0,-19.0,7.0,-15.0,5.0,-10.0,2.0,-6.0,-1.0,-2.0,-5.0,3.0,-9.0,6.0,-13.0,10.0,-17.0,11.0,-20.0,12.0,-24.0
4.0227,122.0,-96.0,7.0,0.0,0.0,0.0,0.0,0.0,0.0,0.0,0.0,0.0,-13.0,16.0,-11.0,12.0,-8.0,8.0,-6.0,4.0,-4.0,-2.0,-2.0,-7.0,-1.0,-12.0,1.0,-18.0,2.0,-23.0,2.0,-26.0,3.0,-29.0,3.0,-31.0,2.0,-32.0,2.0,-32.0,1.0,-29.0,0.0,-26.0,0.0,-22.0,0.0,-18.0,1.0,-13.0,1.0,-8.0,3.0,-2.0,5.0,4.0,7.0,9.0,9.0,14.0,12.0,17.0,14.0,19.0
4.0366,122.0,-96.0,7.0,0.0,0.0,0.0,0.0,0.0,0.0,0.0,0.0,0.0,-15.0,17.0,-12.0,13.0,-9.0,9.0,-7.0,4.0,-4.0,-2.0,-1.0,-8.0,0.0,-14.0,2.0,-20.0,3.0,-25.0,4.0,-29.0,5.0,-33.0,4.0,-34.0,4.0,-35.0,3.0,-35.0,2.0,-33.0,1.0,-30.0,1.0,-25.0,1.0,-20.0,2.0,-14.0,2.0,-8.0,4.0,-2.0,5.0,5.0,8.0,11.0,10.0,17.0,13.0,20.0,15.0,22.0
4.0511,122.0,-96.0,7.0,0.0,0.0,0.0,0.0,0.0,0.0,0.0,0.0,0.0,-19.0,4.0,-22.0,5.0,-25.0,5.0,-26.0,5.0,-27.0,6.0,-27.0,6.0,-26.0,5.0,-23.0,5.0,-21.0,3.0,-16.0,2.0,-12.0,1.0,-7.0,-1.0,-2.0,-3.0,3.0,-6.0,7.0,-9.0,11.0,-11.0,15.0,-14.0,18.0,-16.0,19.0,-18.0,20.0,-19.0,20.0,-19.0,20.0,-20.0,18.0,-18.0,15.0,-16.0,12.0,-14.0,10.0,-11.0
4.0655,122.0,-96.0,7.0,0.0,0.0,0.0,0.0,0.0,0.0,0.0,0.0,0.0,-8.0,28.0,-8.0,27.0,-7.0,26.0,-7.0,24.0,-6.0,20.0,-6.0,16.0,-5.0,12.0,-4.0,5.0,-4.0,0.0,-4.0,-7.0,-4.0,-12.0,-5.0,-17.0,-5.0,-22.0,-6.0,-26.0,-6.0,-29.0,-7.0,-31.0,-8.0,-31.0,-8.0,-31.0,-8.0,-28.0,-8.0,-26.0,-7.0,-21.0,-5.0,-17.0,-3.0,-12.0,0.0,-8.0,3.0,-2.0,6.0,2.0
4.0782,122.0,-96.0,7.0,0.0,0.0,0.0,0.0,0.0,0.0,0.0,0.0,0.0,16.0,2.0,16.0,3.0,16.0,3.0,16.0,4.0,16.0,4.0,16.0,4.0,15.0,5.0,15.0,5.0,15.0,6.0,15.0,6.0,15.0,6.0,15.0,6.0,14.0,6.0,15.0,7.0,14.0,7.0,14.0,7.0,14.0,7.0,13.0,7.0,13.0,7.0,13.0,7.0,12.0,7.0,13.0,6.0,13.0,7.0,13.0,6.0,12.0,6.0,12.0,5.0
4.0933,122.0,-96.0,7.0,0.0,0.0,0.0,0.0,0.0,0.0,0.0,0.0,0.0,-4.0,2.0,-8.0,-2.0,-13.0,-6.0,-17.0,-9.0,-21.0,-13.0,-24.0,-15.0,-28.0,-16.0,-30.0,-18.0,-31.0,-17.0,-31.0,-16.0,-29.0,-15.0,-26.0,-14.0,-23.0,-13.0,-18.0,-10.0,-13.0,-8.0,-7.0,-6.0,0.0,-4.0,6.0,-4.0,13.0,-3.0,18.0,-4.0,24.0,-5.0,27.0,-6.0,31.0,-6.0,31.0,-8.0,31.0,-9.0,30.0,-10.0
4.1075,122.0,-96.0,7.0,0.0,0.0,0.0,0.0,0.0,0.0,0.0,0.0,0.0,-20.0,2.0,-23.0,2.0,-26.0,2.0,-27.0,2.0,-28.0,2.0,-28.0,2.0,-26.0,1.0,-24.0,2.0,-21.0,1.0,-16.0,0.0,-12.0,-1.0,-7.0,-2.0,-2.0,-3.0,4.0,-5.0,9.0,-7.0,13.0,-9.0,17.0,-11.0,20.0,-13.0,21.0,-15.0,23.0,-16.0,23.0,-16.0,22.0,-16.0,21.0,-16.0,17.0,-14.0,14.0,-12.0,11.0,-9.0
4.1203,122.0,-96.0,7.0,0.0,0.0,0.0,0.0,0.0,0.0,0.0,0.0,0.0,7.0,14.0,7.0,15.0,6.0,15.0,6.0,16.0,5.0,15.0,5.0,16.0,5.0,16.0,4.0,16.0,4.0,16.0,4.0,16.0,4.0,16.0,3.0,16.0,3.0,16.0,3.0,16.0,3.0,16.0,3.0,15.0,3.0,15.0,2.0,15.0,2.0,15.0,3.0,15.0,2.0,15.0,3.0,14.0,2.0,14.0,3.0,14.0,3.0,13.0,3.0,13.0
4.1349,122.0,-96.0,7.0,0.0,0.0,0.0,0.0,0.0,0.0,0.0,0.0,0.0,-20.0,8.0,-23.0,9.0,-25.0,10.0,-25.0,10.0,-26.0,10.0,-25.0,10.0,-23.0,9.0,-21.0,8.0,-18.0,6.0,-13.0,4.0,-9.0,1.0,-5.0,-1.0,-1.0,-5.0,4.0,-8.0,8.0,-11.0,11.0,-14.0,13.0,-17.0,15.0,-20.0,16.0,-22.0,17.0,-23.0,16.0,-23.0,16.0,-23.0,14.0,-21.0,11.0,-19.0,9.0,-15.0,7.0,-12.0
4.1513,122.0,-96.0,7.0,0.0,0.0,0.0,0.0,0.0,0.0,0.0,0.0,0.0,-10.0,-10.0,-10.0,-10.0,-10.0,-10.0,-10.0,-11.0,-10.0,-11.0,-10.0,-11.0,-9.0,-11.0,-9.0,-12.0,-9.0,-12.0,-9.0,-12.0,-8.0,-12.0,-8.0,-12.0,-8.0,-12.0,-8.0,-12.0,-7.0,-12.0,-8.0,-12.0,-7.0,-12.0,-7.0,-12.0,-7.0,-12.0,-7.0,-11.0,-7.0,-11.0,-7.0,-11.0,-7.0,-11.0,-7.0,-11.0,-7.0,-10.0,-7.0,-10.0
4.1659,122.0,-96.0,7.0,0.0,0.0,0.0,0.0,0.0,0.0,0.0,0.0,0.0,-7.0,-2.0,-10.0,-8.0,-14.0,-14.0,-17.0,-18.0,-21.0,-23.0,-23.0,-26.0,-25.0,-27.0,-27.0,-30.0,-28.0,-28.0,-27.0,-28.0,-25.0,-25.0,-22.0,-22.0,-19.0,-19.0,-14.0,-15.0,-8.0,-11.0,-3.0,-6.0,5.0,-3.0,11.0,-1.0,18.0,3.0,23.0,4.0,29.0,5.0,33.0,4.0,36.0,5.0,37.0,4.0,36.0,3.0,35.0,2.0
4.1811,122.0,-96.0,7.0,0.0,0.0,0.0,0.0,0.0,0.0,0.0,0.0,0.0,4.0,25.0,3.0,20.0,1.0,14.0,-2.0,8.0,-5.0,1.0,-8.0,-6.0,-12.0,-11.0,-15.0,-17.0,-18.0,-22.0,-21.0,-25.0,-23.0,-29.0,-25.0,-30.0,-26.0,-30.0,-27.0,-30.0,-26.0,-28.0,-23.0,-24.0,-20.0,-20.0,-16.0,-16.0,-10.0,-13.0,-5.0,-9.0,2.0,-5.0,8.0,-2.0,15.0,1.0,21.0,4.0,26.0,4.0,30.0,4.0
4.1942,122.0,-96.0,7.0,0.0,0.0,0.0,0.0,0.0,0.0,0.0,0.0,0.0,-3.0,-3.0,-1.0,-8.0,2.0,-12.0,5.0,-17.0,7.0,-21.0,9.0,-25.0,10.0,-27.0,11.0,-29.0,10.0,-30.0,10.0,-29.0,8.0,-28.0,7.0,-26.0,7.0,-23.0,5.0,-18.0,5.0,-13.0,3.0,-7.0,3.0,0.0,4.0,5.0,4.0,11.0,4.0,16.0,5.0,21.0,7.0,24.0,8.0,27.0,10.0,27.0,11.0,27.0,11.0,27.0
4.2075,122.0,-96.0,7.0,0.0,0.0,0.0,0.0,0.0,0.0,0.0,0.0,0.0,6.0,16.0,5.0,16.0,5.0,16.0,5.0,17.0,4.0,17.0,4.0,17.0,3.0,17.0,3.0,18.0,2.0,17.0,2.0,18.0,2.0,18.0,1.0,17.0,1.0,17.0,1.0,17.0,1.0,17.0,1.0,17.0,0.0,16.0,0.0,16.0,0.0,17.0,0.0,16.0,0.0,16.0,0.0,15.0,0.0,15.0,0.0,15.0,0.0,15.0,1.0,14.0
4.2205,122.0,-96.0,7.0,0.0,0.0,0.0,0.0,0.0,0.0,0.0,0.0,0.0,-16.0,2.0,-16.0,2.0,-16.0,1.0,-17.0,1.0,-16.0,0.0,-17.0,0.0,-17.0,0.0,-17.0,-1.0,-17.0,-1.0,-16.0,-1.0,-17.0,-2.0,-16.0,-2.0,-16.0,-2.0,-16.0,-2.0,-16.0,-2.0,-15.0,-2.0,-16.0,-3.0,-15.0,-3.0,-15.0,-3.0,-15.0,-2.0,-15.0,-3.0,-15.0,-2.0,-14.0,-2.0,-14.0,-2.0,-14.0,-2.0,-14.0,-2.0
4.2347,122.0,-96.0,7.0,0.0,0.0,0.0,0.0,0.0,0.0,0.0,0.0,0.0,5.0,-32.0,6.0,-32.0,5.0,-31.0,5.0,-28.0,5.0,-24.0,4.0,-19.0,4.0,-14.0,3.0,-7.0,4.0,-1.0,4.0,6.0,5.0,11.0,6.0,18.0,7.0,23.0,8.0,27.0,9.0,31.0,9.0,33.0,10.0,33.0,11.0,33.0,10.0,29.0,10.0,26.0,8.0,22.0,6.0,18.0,3.0,13.0,0.0,7.0,-4.0,2.0,-8.0,-3.0
4.2488,122.0,-96.0,7.0,0.0,0.0,0.0,0.0,0.0,0.0,0.0,0.0,0.0,3.0,-1.0,4.0,4.0,5.0,10.0,6.0,15.0,8.0,20.0,9.0,23.0,11.0,26.0,12.0,28.0,12.0,28.0,12.0,28.0,12.0,25.0,11.0,24.0,9.0,20.0,7.0,16.0,4.0,12.0,1.0,7.0,-3.0,2.0,-7.0,-2.0,-12.0,-6.0,-15.0,-9.0,-20.0,-12.0,-23.0,-13.0,-26.0,-15.0,-27.0,-13.0,-27.0,-13.0,-27.0,-12.0
4.2626,122.0,-96.0,7.0,0.0,0.0,0.0,0.0,0.0,0.0,0.0,0.0,0.0,15.0,11.0,17.0,14.0,19.0,15.0,20.0,16.0,21.0,16.0,21.0,17.0,20.0,16.0,17.0,14.0,15.0,13.0,11.0,10.0,8.0,8.0,3.0,5.0,-2.0,3.0,-7.0,0.0,-12.0,-2.0,-16.0,-3.0,-21.0,-5.0,-24.0,-5.0,-27.0,-5.0,-28.0,-6.0,-28.0,-5.0,-28.0,-5.0,-26.0,-4.0,-23.0,-2.0,-19.0,-2.0,-15.0,-2.0
4.2774,122.0,-96.0,7.0,0.0,0.0,0.0,0.0,0.0,0.0,0.0,0.0,0.0,17.0,-5.0,17.0,-4.0,17.0,-4.0,17.0,-4.0,18.0,-3.0,18.0,-3.0,18.0,-2.0,18.0,-2.0,17.0,-2.0,18.0,-1.0,17.0,-1.0,17.0,-1.0,17.0,0.0,17.0,0.0,17.0,0.0,17.0,0.0,16.0,0.0,17.0,0.0,16.0,0.0,16.0,0.0,16.0,0.0,15.0,-1.0,15.0,0.0,15.0,0.0,15.0,-1.0,14.0,-1.0
4.2919,122.0,-96.0,7.0,0.0,0.0,0.0,0.0,0.0,0.0,0.0,0.0,0.0,6.0,-20.0,4.0,-16.0,4.0,-11.0,3.0,-6.0,3.0,0.0,3.0,6.0,4.0,11.0,4.0,16.0,5.0,21.0,6.0,25.0,5.0,28.0,7.0,29.0,7.0,30.0,7.0,29.0,7.0,27.0,8.0,25.0,6.0,21.0,4.0,17.0,2.0,11.0,0.0,7.0,-4.0,2.0,-7.0,-3.0,-11.0,-8.0,-15.0,-12.0,-18.0,-14.0,-21.0,-15.0
4.3062,122.0,-96.0,7.0,0.0,0.0,0.0,0.0,0.0,0.0,0.0,0.0,0.0,-19.0,10.0,-22.0,12.0,-23.0,13.0,-24.0,13.0,-24.0,13.0,-24.0,13.0,-22.0,11.0,-19.0,10.0,-17.0,8.0,-13.0,6.0,-9.0,3.0,-5.0,-1.0,-1.0,-5.0,3.0,-8.0,6.0,-13.0,9.0,-16.0,11.0,-19.0,12.0,-22.0,13.0,-24.0,14.0,-25.0,13.0,-25.0,12.0,-25.0,11.0,-23.0,8.0,-20.0,7.0,-17.0,5.0,-12.0
4.3209,122.0,-96.0,7.0,0.0,0.0,0.0,0.0,0.0,0.0,0.0,0.0,0.0,16.0,8.0,11.0,6.0,6.0,4.0,1.0,3.0,-5.0,2.0,-10.0,1.0,-15.0,2.0,-20.0,1.0,-25.0,1.0,-28.0,1.0,-31.0,1.0,-32.0,2.0,-32.0,3.0,-31.0,3.0,-28.0,3.0,-25.0,4.0,-21.0,3.0,-16.0,1.0,-11.0,0.0,-5.0,-2.0,-1.0,-5.0,4.0,-8.0,10.0,-11.0,14.0,-14.0,16.0,-17.0,18.0,-19.0
4.3356,122.0,-96.0,7.0,0.0,0.0,0.0,0.0,0.0,0.0,0.0,0.0,0.0,-4.0,1.0,-7.0,-4.0,-9.0,-8.0,-12.0,-12.0,-15.0,-16.0,-18.0,-20.0,-20.0,-21.0,-21.0,-23.0,-22.0,-23.0,-22.0,-22.0,-21.0,-20.0,-20.0,-19.0,-17.0,-17.0,-13.0,-13.0,-9.0,-10.0,-5.0,-7.0,1.0,-4.0,7.0,-2.0,12.0,1.0,17.0,2.0,22.0,3.0,25.0,2.0,28.0,3.0,29.0,1.0,29.0,1.0,29.0,0.0
4.3497,122.0,-96.0,7.0,0.0,0.0,0.0,0.0,0.0,0.0,0.0,0.0,0.0,-3.0,20.0,-4.0,24.0,-4.0,25.0,-4.0,27.0,-4.0,26.0,-4.0,26.0,-4.0,24.0,-3.0,21.0,-4.0,18.0,-3.0,13.0,-3.0,8.0,-3.0,3.0,-4.0,-2.0,-5.0,-8.0,-6.0,-13.0,-7.0,-17.0,-8.0,-21.0,-9.0,-24.0,-10.0,-26.0,-11.0,-27.0,-12.0,-26.0,-11.0,-26.0,-11.0,-23.0,-10.0,-20.0,-8.0,-16.0,-6.0,-13.0
4.3663,122.0,-96.0,7.0,0.0,0.0,0.0,0.0,0.0,0.0,0.0,0.0,0.0,-21.0,-4.0,-21.0,-5.0,-21.0,-5.0,-21.0,-6.0,-21.0,-7.0,-21.0,-7.0,-21.0,-7.0,-21.0,-8.0,-20.0,-8.0,-20.0,-9.0,-20.0,-9.0,-20.0,-9.0,-19.0,-9.0,-19.0,-10.0,-19.0,-10.0,-18.0,-9.0,-19.0,-10.0,-18.0,-10.0,-18.0,-10.0,-17.0,-9.0,-17.0,-9.0,-17.0,-9.0,-16.0,-9.0,-17.0,-9.0,-17.0,-8.0,-17.0,-8.0
4.3795,122.0,-96.0,7.0,0.0,0.0,0.0,0.0,0.0,0.0,0.0,0.0,0.0,20.0,0.0,15.0,0.0,9.0,1.0,3.0,2.0,-3.0,4.0,-9.0,6.0,-14.0,9.0,-20.0,11.0,-24.0,13.0,-27.0,15.0,-30.0,16.0,-31.0,17.0,-30.0,18.0,-29.0,18.0,-26.0,17.0,-23.0,15.0,-19.0,12.0,-15.0,9.0,-11.0,5.0,-6.0,0.0,-3.0,-5.0,1.0,-10.0,5.0,-16.0,8.0,-21.0,8.0,-25.0,9.0,-28.0
4.3931,122.0,-96.0,7.0,0.0,0.0,0.0,0.0,0.0,0.0,0.0,0.0,0.0,7.0,13.0,6.0,14.0,6.0,14.0,6.0,14.0,5.0,14.0,5.0,15.0,5.0,14.0,4.0,15.0,4.0,15.0,4.0,15.0,4.0,15.0,3.0,15.0,3.0,15.0,3.0,15.0,3.0,15.0,2.0,14.0,2.0,15.0,2.0,14.0,2.0,14.0,2.0,13.0,3.0,13.0,2.0,13.0,2.0,13.0,2.0,13.0,3.0,12.0,3.0,12.0
4.4071,122.0,-96.0,7.0,0.0,0.0,0.0,0.0,0.0,0.0,0.0,0.0,0.0,7.0,-23.0,8.0,-27.0,9.0,-30.0,10.0,-31.0,11.0,-33.0,11.0,-32.0,11.0,-31.0,9.0,-27.0,9.0,-24.0,7.0,-19.0,5.0,-13.0,4.0,-7.0,3.0,0.0,3.0,7.0,3.0,13.0,2.0,19.0,3.0,24.0,4.0,28.0,5.0,31.0,5.0,34.0,5.0,34.0,6.0,33.0,6.0,31.0,6.0,26.0,5.0,22.0,4.0,17.0
4.4207,122.0,-96.0,7.0,0.0,0.0,0.0,0.0,0.0,0.0,0.0,0.0,0.0,-3.0,-4.0,1.0,-7.0,6.0,-11.0,9.0,-14.0,13.0,-18.0,16.0,-21.0,17.0,-23.0,19.0,-25.0,18.0,-26.0,17.0,-26.0,16.0,-24.0,14.0,-22.0,13.0,-19.0,10.0,-15.0,8.0,-10.0,5.0,-5.0,3.0,1.0,2.0,6.0,0.0,12.0,0.0,17.0,-1.0,22.0,0.0,25.0,1.0,29.0,2.0,29.0,3.0,29.0,3.0,29.0
4.4343,122.0,-96.0,7.0,0.0,0.0,0.0,0.0,0.0,0.0,0.0,0.0,0.0,2.0,4.0,1.0,9.0,-1.0,14.0,-2.0,19.0,-2.0,24.0,-3.0,27.0,-3.0,29.0,-3.0,31.0,-2.0,30.0,-2.0,30.0,-1.0,27.0,-1.0,24.0,-2.0,20.0,-1.0,15.0,-3.0,10.0,-3.0,4.0,-5.0,-2.0,-7.0,-7.0,-9.0,-13.0,-11.0,-17.0,-13.0,-21.0,-15.0,-23.0,-17.0,-25.0,-19.0,-24.0,-19.0,-24.0,-19.0,-23.0
4.4488,122.0,-96.0,7.0,0.0,0.0,0.0,0.0,0.0,0.0,0.0,0.0,0.0,-14.0,16.0,-11.0,13.0,-9.0,8.0,-6.0,3.0,-4.0,-2.0,-1.0,-8.0,0.0,-12.0,2.0,-18.0,3.0,-22.0,3.0,-26.0,4.0,-29.0,3.0,-31.0,3.0,-32.0,3.0,-32.0,2.0,-30.0,1.0,-26.0,1.0,-23.0,1.0,-18.0,1.0,-13.0,2.0,-8.0,4.0,-2.0,5.0,4.0,7.0,9.0,9.0,15.0,12.0,17.0,14.0,20.0
4.4645,122.0,-96.0,7.0,0.0,0.0,0.0,0.0,0.0,0.0,0.0,0.0,0.0,13.0,-10.0,13.0,-10.0,13.0,-10.0,14.0,-10.0,14.0,-9.0,14.0,-9.0,14.0,-8.0,15.0,-8.0,15.0,-8.0,15.0,-7.0,15.0,-7.0,15.0,-7.0,15.0,-7.0,15.0,-6.0,15.0,-6.0,14.0,-6.0,14.0,-6.0,15.0,-6.0,14.0,-5.0,14.0,-5.0,14.0,-5.0,13.0,-5.0,13.0,-5.0,13.0,-5.0,13.0,-6.0,12.0,-6.0
4.4788,122.0,-96.0,7.0,0.0,0.0,0.0,0.0,0.0,0.0,0.0,0.0,0.0,15.0,17.0,12.0,13.0,7.0,10.0,3.0,6.0,-3.0,3.0,-8.0,-1.0,-13.0,-3.0,-19.0,-6.0,-24.0,-8.0,-28.0,-10.0,-31.0,-12.0,-33.0,-11.0,-34.0,-11.0,-34.0,-10.0,-32.0,-9.0,-29.0,-7.0,-24.0,-6.0,-20.0,-5.0,-14.0,-5.0,-7.0,-4.0,-1.0,-5.0,5.0,-6.0,12.0,-6.0,18.0,-7.0,22.0,-9.0,25.0,-12.0
4.4917,122.0,-96.0,7.0,0.0,0.0,0.0,0.0,0.0,0.0,0.0,0.0,0.0,4.0,-1.0,8.0,2.0,12.0,4.0,15.0,7.0,19.0,9.0,21.0,10.0,24.0,10.0,25.0,11.0,25.0,10.0,24.0,10.0,22.0,8.0,20.0,7.0,16.0,7.0,12.0,5.0,8.0,4.0,3.0,3.0,-3.0,3.0,-8.0,3.0,-13.0,3.0,-17.0,4.0,-21.0,5.0,-23.0,6.0,-26.0,7.0,-26.0,8.0,-25.0,9.0,-24.0,9.0
4.504,122.0,-96.0,7.0,0.0,0.0,0.0,0.0,0.0,0.0,0.0,0.0,0.0,1.0,-4.0,6.0,-3.0,11.0,-1.0,16.0,1.0,21.0,2.0,25.0,2.0,28.0,2.0,30.0,3.0,31.0,2.0,30.0,2.0,28.0,1.0,26.0,1.0,22.0,1.0,17.0,1.0,12.0,2.0,7.0,2.0,0.0,3.0,-5.0,5.0,-11.0,6.0,-15.0,8.0,-20.0,11.0,-22.0,13.0,-25.0,15.0,-25.0,16.0,-25.0,17.0,-24.0,17.0
4.518,122.0,-96.0,7.0,0.0,0.0,0.0,0.0,0.0,0.0,0.0,0.0,0.0,-4.0,0.0,-6.0,-5.0,-6.0,-11.0,-7.0,-15.0,-9.0,-21.0,-10.0,-24.0,-11.0,-27.0,-12.0,-29.0,-13.0,-29.0,-13.0,-29.0,-13.0,-27.0,-11.0,-24.0,-10.0,-21.0,-8.0,-17.0,-5.0,-13.0,-2.0,-8.0,2.0,-3.0,6.0,1.0,10.0,5.0,15.0,8.0,19.0,10.0,22.0,11.0,25.0,13.0,26.0,12.0,26.0,12.0,26.0,11.0
4.5326,122.0,-96.0,7.0,0.0,0.0,0.0,0.0,0.0,0.0,0.0,0.0,0.0,5.0,-23.0,4.0,-17.0,4.0,-11.0,3.0,-4.0,4.0,4.0,5.0,11.0,7.0,17.0,8.0,23.0,9.0,28.0,11.0,32.0,12.0,35.0,13.0,36.0,14.0,36.0,14.0,35.0,13.0,32.0,12.0,28.0,10.0,23.0,7.0,17.0,3.0,12.0,-1.0,6.0,-6.0,1.0,-11.0,-5.0,-17.0,-9.0,-21.0,-13.0,-25.0,-14.0,-29.0,-16.0
4.5462,122.0,-96.0,7.0,0.0,0.0,0.0,0.0,0.0,0.0,0.0,0.0,0.0,18.0,-11.0,20.0,-12.0,22.0,-14.0,23.0,-14.0,23.0,-14.0,23.0,-14.0,21.0,-13.0,18.0,-11.0,16.0,-9.0,12.0,-6.0,8.0,-4.0,4.0,0.0,0.0,4.0,-4.0,7.0,-7.0,12.0,-10.0,15.0,-12.0,19.0,-13.0,21.0,-14.0,23.0,-14.0,24.0,-13.0,24.0,-13.0,24.0,-11.0,22.0,-9.0,19.0,-7.0,16.0,-6.0,11.0
4.561,122.0,-96.0,7.0,0.0,0.0,0.0,0.0,0.0,0.0,0.0,0.0,0.0,-6.0,14.0,-7.0,14.0,-7.0,14.0,-8.0,14.0,-8.0,14.0,-8.0,14.0,-9.0,14.0,-9.0,14.0,-9.0,13.0,-9.0,13.0,-10.0,13.0,-9.0,13.0,-10.0,13.0,-10.0,13.0,-10.0,12.0,-10.0,12.0,-10.0,12.0,-9.0,11.0,-10.0,11.0,-9.0,11.0,-9.0,11.0,-9.0,11.0,-9.0,11.0,-9.0,11.0,-8.0,11.0,-8.0,11.0
4.5758,122.0,-96.0,7.0,0.0,0.0,0.0,0.0,0.0,0.0,0.0,0.0,0.0,3.0,1.0,1.0,7.0,-2.0,11.0,-4.0,16.0,-5.0,20.0,-6.0,25.0,-6.0,27.0,-7.0,30.0,-6.0,30.0,-6.0,30.0,-5.0,28.0,-5.0,26.0,-4.0,22.0,-3.0,17.0,-4.0,12.0,-3.0,6.0,-4.0,0.0,-5.0,-6.0,-7.0,-11.0,-8.0,-16.0,-10.0,-21.0,-12.0,-23.0,-13.0,-26.0,-15.0,-26.0,-16.0,-26.0,-16.0,-25.0
4.5881,122.0,-96.0,7.0,0.0,0.0,0.0,0.0,0.0,0.0,0.0,0.0,0.0,-4.0,-18.0,-3.0,-14.0,-1.0,-9.0,1.0,-4.0,4.0,1.0,7.0,6.0,10.0,9.0,13.0,14.0,16.0,17.0,18.0,20.0,20.0,22.0,21.0,22.0,22.0,22.0,21.0,21.0,20.0,19.0,17.0,16.0,15.0,13.0,10.0,10.0,6.0,7.0,1.0,4.0,-4.0,2.0,-9.0,0.0,-15.0,-2.0,-20.0,-3.0,-23.0,-3.0,-26.0,-3.0
4.6021,122.0,-96.0,7.0,0.0,0.0,0.0,0.0,0.0,0.0,0.0,0.0,0.0,-13.0,9.0,-13.0,9.0,-14.0,9.0,-14.0,9.0,-15.0,8.0,-15.0,8.0,-15.0,7.0,-15.0,7.0,-15.0,7.0,-16.0,7.0,-15.0,6.0,-15.0,6.0,-15.0,6.0,-15.0,5.0,-15.0,5.0,-15.0,5.0,-15.0,5.0,-15.0,5.0,-15.0,5.0,-14.0,5.0,-14.0,5.0,-14.0,5.0,-14.0,5.0,-13.0,5.0,-13.0,5.0,-13.0,5.0
4.6153,122.0,-96.0,7.0,0.0,0.0,0.0,0.0,0.0,0.0,0.0,0.0,0.0,-29.0,6.0,-29.0,6.0,-28.0,5.0,-26.0,5.0,-22.0,4.0,-18.0,2.0,-13.0,1.0,-7.0,-1.0,-2.0,-3.0,3.0,-7.0,7.0,-10.0,12.0,-13.0,15.0,-15.0,19.0,-18.0,22.0,-19.0,24.0,-20.0,24.0,-21.0,23.0,-21.0,21.0,-20.0,19.0,-18.0,15.0,-16.0,12.0,-12.0,9.0,-8.0,6.0,-4.0,3.0,1.0,0.0,6.0
4.6296,122.0,-96.0,7.0,0.0,0.0,0.0,0.0,0.0,0.0,0.0,0.0,0.0,-21.0,-17.0,-20.0,-17.0,-18.0,-16.0,-16.0,-14.0,-13.0,-13.0,-10.0,-10.0,-6.0,-8.0,-1.0,-4.0,3.0,-2.0,8.0,-1.0,12.0,1.0,17.0,2.0,21.0,3.0,24.0,5.0,26.0,5.0,28.0,6.0,27.0,5.0,27.0,4.0,24.0,3.0,22.0,3.0,17.0,2.0,13.0,1.0,9.0,2.0,3.0,2.0,-2.0,3.0,-6.0,4.0
4.6456,122.0,-96.0,7.0,0.0,0.0,0.0,0.0,0.0,0.0,0.0,0.0,0.0,-8.0,-16.0,-8.0,-17.0,-8.0,-17.0,-7.0,-17.0,-7.0,-18.0,-6.0,-18.0,-6.0,-18.0,-6.0,-18.0,-5.0,-18.0,-5.0,-19.0,-5.0,-18.0,-5.0,-18.0,-4.0,-18.0,-4.0,-18.0,-3.0,-18.0,-4.0,-17.0,-3.0,-16.0,-3.0,-18.0,-3.0,-17.0,-3.0,-17.0,-3.0,-17.0,-3.0,-16.0,-3.0,-17.0,-4.0,-16.0,-4.0,-15.0,-4.0,-15.0
4.6584,122.0,-96.0,7.0,0.0,0.0,0.0,0.0,0.0,0.0,0.0,0.0,0.0,18.0,-14.0,22.0,-16.0,23.0,-17.0,24.0,-18.0,24.0,-18.0,24.0,-18.0,23.0,-16.0,19.0,-14.0,17.0,-12.0,12.0,-9.0,9.0,-5.0,5.0,-1.0,1.0,4.0,-3.0,9.0,-6.0,13.0,-9.0,18.0,-11.0,22.0,-13.0,25.0,-13.0,27.0,-14.0,28.0,-13.0,28.0,-12.0,27.0,-11.0,26.0,-8.0,22.0,-7.0,18.0,-6.0,13.0
4.6715,122.0,-96.0,7.0,0.0,0.0,0.0,0.0,0.0,0.0,0.0,0.0,0.0,-1.0,-6.0,3.0,-11.0,7.0,-15.0,10.0,-19.0,13.0,-24.0,15.0,-27.0,15.0,-29.0,17.0,-31.0,15.0,-31.0,15.0,-30.0,13.0,-28.0,12.0,-25.0,11.0,-21.0,8.0,-16.0,7.0,-10.0,4.0,-4.0,3.0,3.0,3.0,9.0,3.0,16.0,3.0,21.0,3.0,26.0,4.0,29.0,5.0,32.0,6.0,32.0,7.0,31.0,8.0,31.0
4.6854,122.0,-96.0,7.0,0.0,0.0,0.0,0.0,0.0,0.0,0.0,0.0,0.0,-19.0,-6.0,-19.0,-7.0,-20.0,-7.0,-19.0,-8.0,-20.0,-9.0,-19.0,-9.0,-19.0,-9.0,-19.0,-10.0,-18.0,-10.0,-18.0,-10.0,-18.0,-11.0,-18.0,-10.0,-17.0,-11.0,-18.0,-11.0,-17.0,-11.0,-17.0,-10.0,-17.0,-11.0,-16.0,-11.0,-16.0,-11.0,-16.0,-11.0,-16.0,-10.0,-15.0,-10.0,-15.0,-9.0,-15.0,-10.0,-15.0,-9.0,-15.0,-8.0
4.6997,122.0,-96.0,7.0,0.0,0.0,0.0,0.0,0.0,0.0,0.0,0.0,0.0,12.0,-24.0,12.0,-23.0,11.0,-21.0,9.0,-19.0,9.0,-16.0,7.0,-12.0,5.0,-7.0,3.0,-2.0,2.0,3.0,1.0,8.0,1.0,13.0,0.0,17.0,0.0,21.0,0.0,25.0,0.0,26.0,0.0,28.0,1.0,28.0,1.0,27.0,1.0,24.0,2.0,22.0,1.0,17.0,0.0,13.0,-1.0,9.0,-3.0,4.0,-4.0,-1.0,-7.0,-5.0
4.7134,122.0,-96.0,7.0,0.0,0.0,0.0,0.0,0.0,0.0,0.0,0.0,0.0,1.0,21.0,1.0,23.0,1.0,25.0,1.0,26.0,1.0,27.0,1.0,26.0,1.0,24.0,1.0,21.0,0.0,18.0,0.0,13.0,-1.0,9.0,-3.0,3.0,-4.0,-2.0,-6.0,-7.0,-8.0,-11.0,-10.0,-16.0,-12.0,-19.0,-14.0,-22.0,-16.0,-22.0,-16.0,-24.0,-17.0,-23.0,-17.0,-23.0,-16.0,-20.0,-14.0,-17.0,-12.0,-14.0,-9.0,-11.0
4.7277,122.0,-96.0,7.0,0.0,0.0,0.0,0.0,0.0,0.0,0.0,0.0,0.0,-19.0,9.0,-16.0,7.0,-11.0,4.0,-7.0,1.0,-3.0,-3.0,2.0,-7.0,5.0,-11.0,8.0,-16.0,12.0,-19.0,13.0,-22.0,16.0,-25.0,16.0,-27.0,15.0,-28.0,15.0,-27.0,14.0,-26.0,11.0,-23.0,10.0,-20.0,8.0,-16.0,6.0,-11.0,5.0,-6.0,3.0,0.0,2.0,6.0,2.0,11.0,2.0,17.0,3.0,21.0,4.0,24.0
4.7435,122.0,-96.0,7.0,0.0,0.0,0.0,0.0,0.0,0.0,0.0,0.0,0.0,11.0,-20.0,12.0,-19.0,12.0,-19.0,13.0,-19.0,13.0,-19.0,14.0,-19.0,14.0,-18.0,15.0,-18.0,14.0,-17.0,16.0,-17.0,16.0,-17.0,15.0,-16.0,16.0,-16.0,16.0,-16.0,16.0,-15.0,16.0,-15.0,15.0,-15.0,16.0,-15.0,15.0,-14.0,15.0,-14.0,14.0,-14.0,14.0,-14.0,14.0,-14.0,14.0,-14.0,13.0,-13.0,12.0,-14.0
4.7572,122.0,-96.0,7.0,0.0,0.0,0.0,0.0,0.0,0.0,0.0,0.0,0.0,-6.0,-21.0,-6.0,-24.0,-6.0,-26.0,-6.0,-26.0,-6.0,-28.0,-6.0,-26.0,-5.0,-25.0,-5.0,-22.0,-3.0,-19.0,-2.0,-14.0,-1.0,-10.0,1.0,-5.0,4.0,0.0,6.0,5.0,9.0,9.0,11.0,13.0,13.0,16.0,16.0,19.0,17.0,20.0,18.0,21.0,18.0,20.0,18.0,19.0,17.0,18.0,15.0,14.0,12.0,11.0,9.0,9.0
4.7735,122.0,-96.0,7.0,0.0,0.0,0.0,0.0,0.0,0.0,0.0,0.0,0.0,14.0,25.0,14.0,24.0,12.0,22.0,11.0,20.0,8.0,16.0,6.0,13.0,3.0,9.0,-1.0,4.0,-5.0,0.0,-10.0,-4.0,-13.0,-7.0,-17.0,-10.0,-21.0,-12.0,-24.0,-15.0,-27.0,-17.0,-27.0,-17.0,-28.0,-16.0,-27.0,-15.0,-25.0,-14.0,-22.0,-12.0,-18.0,-9.0,-14.0,-7.0,-9.0,-6.0,-3.0,-5.0,2.0,-4.0,8.0,-3.0
4.7862,122.0,-96.0,7.0,0.0,0.0,0.0,0.0,0.0,0.0,0.0,0.0,0.0,2.0,2.0,-1.0,7.0,-5.0,11.0,-8.0,15.0,-10.0,19.0,-12.0,22.0,-13.0,25.0,-15.0,27.0,-14.0,27.0,-14.0,27.0,-12.0,26.0,-11.0,24.0,-10.0,20.0,-8.0,16.0,-7.0,11.0,-5.0,5.0,-4.0,-1.0,-4.0,-7.0,-4.0,-13.0,-4.0,-18.0,-5.0,-23.0,-6.0,-26.0,-7.0,-29.0,-9.0,-29.0,-9.0,-29.0,-10.0,-28.0
4.8005,122.0,-96.0,7.0,0.0,0.0,0.0,0.0,0.0,0.0,0.0,0.0,0.0,-13.0,14.0,-16.0,16.0,-17.0,18.0,-18.0,19.0,-19.0,20.0,-19.0,20.0,-18.0,19.0,-16.0,17.0,-15.0,15.0,-12.0,11.0,-9.0,8.0,-6.0,3.0,-4.0,-2.0,-1.0,-7.0,1.0,-12.0,3.0,-16.0,4.0,-20.0,4.0,-24.0,5.0,-26.0,5.0,-28.0,4.0,-28.0,4.0,-28.0,3.0,-26.0,1.0,-23.0,1.0,-19.0,1.0,-15.0
4.8136,122.0,-96.0,7.0,0.0,0.0,0.0,0.0,0.0,0.0,0.0,0.0,0.0,-17.0,6.0,-17.0,5.0,-18.0,6.0,-17.0,5.0,-18.0,5.0,-18.0,4.0,-18.0,4.0,-18.0,4.0,-18.0,3.0,-19.0,3.0,-18.0,2.0,-18.0,2.0,-18.0,2.0,-18.0,2.0,-18.0,1.0,-18.0,2.0,-17.0,2.0,-18.0,1.0,-17.0,1.0,-17.0,1.0,-17.0,2.0,-16.0,2.0,-16.0,2.0,-16.0,1.0,-15.0,2.0,-15.0,2.0
4.8285,122.0,-96.0,7.0,0.0,0.0,0.0,0.0,0.0,0.0,0.0,0.0,0.0,7.0,25.0,5.0,19.0,2.0,14.0,-1.0,8.0,-5.0,2.0,-8.0,-4.0,-13.0,-9.0,-17.0,-15.0,-21.0,-19.0,-25.0,-22.0,-27.0,-25.0,-30.0,-26.0,-31.0,-26.0,-31.0,-25.0,-29.0,-23.0,-27.0,-20.0,-23.0,-17.0,-18.0,-14.0,-12.0,-11.0,-6.0,-8.0,1.0,-5.0,8.0,-3.0,16.0,-2.0,22.0,0.0,27.0,-1.0,31.0,-1.0
4.8417,122.0,-96.0,7.0,0.0,0.0,0.0,0.0,0.0,0.0,0.0,0.0,0.0,-24.0,22.0,-24.0,21.0,-24.0,20.0,-21.0,19.0,-19.0,15.0,-15.0,12.0,-12.0,8.0,-8.0,2.0,-4.0,-3.0,-1.0,-9.0,2.0,-14.0,5.0,-19.0,7.0,-24.0,9.0,-28.0,10.0,-31.0,11.0,-34.0,10.0,-34.0,10.0,-34.0,8.0,-31.0,7.0,-28.0,5.0,-24.0,5.0,-19.0,4.0,-13.0,4.0,-7.0,3.0,0.0,4.0,6.0
4.8548,122.0,-96.0,7.0,0.0,0.0,0.0,0.0,0.0,0.0,0.0,0.0,0.0,2.0,-5.0,6.0,-8.0,11.0,-10.0,15.0,-12.0,19.0,-14.0,22.0,-16.0,23.0,-18.0,25.0,-19.0,24.0,-19.0,23.0,-19.0,21.0,-17.0,19.0,-16.0,16.0,-13.0,12.0,-9.0,9.0,-6.0,5.0,-1.0,1.0,4.0,-2.0,9.0,-4.0,14.0,-6.0,18.0,-8.0,23.0,-7.0,26.0,-8.0,28.0,-7.0,29.0,-6.0,29.0,-6.0,28.0
4.8686,122.0,-96.0,7.0,0.0,0.0,0.0,0.0,0.0,0.0,0.0,0.0,0.0,23.0,-1.0,27.0,0.0,28.0,0.0,30.0,0.0,30.0,0.0,30.0,0.0,27.0,0.0,24.0,0.0,20.0,1.0,14.0,1.0,9.0,1.0,4.0,2.0,-2.0,4.0,-8.0,5.0,-14.0,8.0,-18.0,9.0,-22.0,11.0,-25.0,13.0,-27.0,15.0,-28.0,15.0,-27.0,16.0,-26.0,15.0,-23.0,15.0,-20.0,13.0,-16.0,11.0,-12.0,8.0
4.8823,122.0,-96.0,7.0,0.0,0.0,0.0,0.0,0.0,0.0,0.0,0.0,0.0,23.0,1.0,17.0,1.0,10.0,2.0,4.0,3.0,-3.0,5.0,-10.0,7.0,-16.0,10.0,-22.0,12.0,-27.0,15.0,-31.0,17.0,-33.0,18.0,-34.0,20.0,-33.0,21.0,-33.0,21.0,-30.0,19.0,-25.0,17.0,-22.0,14.0,-17.0,10.0,-12.0,5.0,-7.0,0.0,-3.0,-6.0,1.0,-12.0,5.0,-18.0,8.0,-24.0,8.0,-28.0,8.0,-32.0
4.8951,122.0,-96.0,7.0,0.0,0.0,0.0,0.0,0.0,0.0,0.0,0.0,0.0,4.0,-4.0,9.0,-3.0,14.0,-2.0,19.0,-1.0,23.0,-1.0,27.0,-1.0,29.0,-2.0,31.0,-2.0,31.0,-3.0,30.0,-3.0,27.0,-3.0,24.0,-3.0,20.0,-2.0,15.0,-1.0,10.0,1.0,4.0,2.0,-2.0,4.0,-6.0,7.0,-12.0,10.0,-15.0,12.0,-19.0,15.0,-20.0,18.0,-23.0,19.0,-22.0,21.0,-21.0,21.0,-20.0,21.0
4.909,122.0,-96.0,7.0,0.0,0.0,0.0,0.0,0.0,0.0,0.0,0.0,0.0,-1.0,26.0,-1.0,26.0,-1.0,25.0,-1.0,22.0,-2.0,19.0,-2.0,15.0,-2.0,11.0,-3.0,5.0,-4.0,1.0,-5.0,-5.0,-7.0,-9.0,-8.0,-14.0,-10.0,-18.0,-11.0,-22.0,-12.0,-24.0,-13.0,-26.0,-14.0,-26.0,-14.0,-26.0,-13.0,-24.0,-12.0,-21.0,-11.0,-17.0,-8.0,-14.0,-5.0,-10.0,-2.0,-7.0,2.0,-3.0,6.0,0.0
4.9222,122.0,-96.0,7.0,0.0,0.0,0.0,0.0,0.0,0.0,0.0,0.0,0.0,-20.0,6.0,-15.0,4.0,-11.0,1.0,-5.0,-2.0,0.0,-6.0,5.0,-10.0,9.0,-14.0,13.0,-18.0,17.0,-21.0,19.0,-24.0,21.0,-27.0,21.0,-28.0,20.0,-29.0,19.0,-28.0,17.0,-26.0,14.0,-23.0,12.0,-19.0,10.0,-14.0,7.0,-9.0,5.0,-3.0,3.0,3.0,2.0,9.0,1.0,16.0,0.0,21.0,1.0,25.0,2.0,29.0
4.9357,122.0,-96.0,7.0,0.0,0.0,0.0,0.0,0.0,0.0,0.0,0.0,0.0,-14.0,22.0,-14.0,21.0,-13.0,19.0,-12.0,17.0,-10.0,14.0,-8.0,10.0,-7.0,6.0,-5.0,1.0,-3.0,-4.0,-2.0,-9.0,-1.0,-14.0,0.0,-18.0,0.0,-22.0,1.0,-26.0,1.0,-28.0,1.0,-29.0,0.0,-29.0,0.0,-28.0,0.0,-26.0,-1.0,-22.0,-1.0,-18.0,0.0,-14.0,1.0,-10.0,2.0,-5.0,3.0,0.0,5.0,5.0
4.9485,122.0,-96.0,7.0,0.0,0.0,0.0,0.0,0.0,0.0,0.0,0.0,0.0,-15.0,-19.0,-11.0,-15.0,-5.0,-10.0,0.0,-6.0,5.0,-2.0,12.0,2.0,18.0,5.0,23.0,8.0,28.0,10.0,32.0,11.0,35.0,12.0,37.0,12.0,37.0,11.0,36.0,10.0,34.0,9.0,29.0,7.0,25.0,6.0,18.0,5.0,11.0,5.0,4.0,4.0,-3.0,5.0,-10.0,6.0,-17.0,7.0,-23.0,9.0,-27.0,11.0,-31.0,14.0
4.9622,122.0,-96.0,7.0,0.0,0.0,0.0,0.0,0.0,0.0,0.0,0.0,0.0,0.0,5.0,-2.0,9.0,-5.0,13.0,-8.0,17.0,-10.0,21.0,-11.0,24.0,-11.0,27.0,-13.0,28.0,-12.0,29.0,-11.0,28.0,-10.0,25.0,-9.0,23.0,-8.0,19.0,-6.0,14.0,-6.0,9.0,-5.0,3.0,-4.0,-4.0,-5.0,-9.0,-5.0,-15.0,-6.0,-19.0,-7.0,-24.0,-9.0,-26.0,-9.0,-29.0,-11.0,-28.0,-11.0,-28.0,-11.0,-27.0
4.9751,122.0,-96.0,7.0,0.0,0.0,0.0,0.0,0.0,0.0,0.0,0.0,0.0,-7.0,-22.0,-5.0,-17.0,-2.0,-11.0,1.0,-5.0,5.0,0.0,10.0,6.0,14.0,11.0,19.0,16.0,22.0,20.0,25.0,22.0,27.0,24.0,29.0,24.0,30.0,24.0,29.0,23.0,28.0,21.0,24.0,18.0,20.0,15.0,14.0,12.0,9.0,8.0,2.0,5.0,-5.0,4.0,-12.0,1.0,-18.0,0.0,-25.0,-1.0,-29.0,0.0,-34.0,1.0
4.9881,122.0,-96.0,7.0,0.0,0.0,0.0,0.0,0.0,0.0,0.0,0.0,0.0,18.0,6.0,19.0,7.0,17.0,7.0,18.0,8.0,18.0,8.0,18.0,9.0,17.0,9.0,18.0,9.0,17.0,10.0,16.0,10.0,17.0,10.0,16.0,10.0,16.0,10.0,16.0,11.0,16.0,11.0,15.0,10.0,15.0,11.0,14.0,11.0,15.0,11.0,14.0,10.0,14.0,10.0,14.0,10.0,13.0,10.0,14.0,9.0,13.0,9.0,14.0,8.0
5.0025,122.0,-96.0,7.0,0.0,0.0,0.0,0.0,0.0,0.0,0.0,0.0,0.0,-15.0,-7.0,-15.0,-7.0,-15.0,-7.0,-15.0,-8.0,-15.0,-8.0,-15.0,-9.0,-14.0,-9.0,-14.0,-9.0,-14.0,-9.0,-14.0,-10.0,-14.0,-10.0,-13.0,-10.0,-13.0,-10.0,-13.0,-10.0,-13.0,-10.0,-12.0,-10.0,-12.0,-10.0,-12.0,-10.0,-12.0,-10.0,-12.0,-9.0,-12.0,-9.0,-12.0,-9.0,-12.0,-9.0,-12.0,-9.0,-11.0,-9.0,-11.0,-8.0
