time,sc_0,sc_1,sc_2,sc_3,sc_4,sc_5,sc_6,sc_7,sc_8,sc_9,sc_10,sc_11,sc_12,sc_13,sc_14,sc_15,sc_16,sc_17,sc_18,sc_19,sc_20,sc_21,sc_22,sc_23,sc_24,sc_25,sc_26,sc_27,sc_28,sc_29,sc_30,sc_31,sc_32,sc_33,sc_34,sc_35,sc_36,sc_37,sc_38,sc_39,sc_40,sc_41,sc_42,sc_43,sc_44,sc_45,sc_46,sc_47,sc_48,sc_49,sc_50,sc_51,sc_52,sc_53,sc_54,sc_55,sc_56,sc_57,sc_58,sc_59,sc_60,sc_61,sc_62,sc_63
0.0099,122.0,-96.0,7.0,0.0,-21.0,0.0,-20.0,0.0,-20.0,1.0,-19.0,0.0,-19.0,2.0,-18.0,2.0,-18.0,2.0,-18.0,2.0,-18.0,2.0,-18.0,2.0,-17.0,3.0,-17.0,3.0,-16.0,3.0,-17.0,3.0,-17.0,3.0,-16.0,3.0,-16.0,2.0,-16.0,3.0,-15.0,2.0,-15.0,2.0,-14.0,2.0,-14.0,2.0,-14.0,1.0,-13.0,1.0,-13.0,0.0,0.0,0.0,0.0,0.0,0.0,0.0,0.0,0.0,0.0,0.0
0.0203,122.0,-96.0,7.0,0.0,22.0,-5.0,18.0,-4.0,12.0,-2.0,8.0,-1.0,2.0,2.0,-3.0,5.0,-7.0,8.0,-11.0,11.0,-13.0,14.0,-15.0,16.0,-17.0,19.0,-17.0,21.0,-17.0,21.0,-16.0,20.0,-15.0,19.0,-14.0,18.0,-11.0,14.0,-8.0,10.0,-6.0,6.0,-4.0,2.0,-3.0,-1.0,-1.0,-5.0,0.0,-8.0,1.0,-11.0,3.0,-13.0,0.0,0.0,0.0,0.0,0.0,0.0,0.0,0.0,0.0,0.0
0.0284,122.0,-96.0,7.0,0.0,-11.0,16.0,-11.0,16.0,-9.0,16.0,-10.0,16.0,-9.0,16.0,-9.0,15.0,-8.0,15.0,-8.0,16.0,-7.0,15.0,-8.0,15.0,-7.0,16.0,-7.0,15.0,-7.0,15.0,-6.0,15.0,-6.0,15.0,-6.0,15.0,-6.0,14.0,-6.0,14.0,-6.0,13.0,-6.0,13.0,-6.0,12.0,-6.0,11.0,-6.0,11.0,-6.0,11.0,-6.0,11.0,0.0,0.0,0.0,0.0,0.0,0.0,0.0,0.0,0.0,0.0
0.0391,122.0,-96.0,7.0,0.0,0.0,-4.0,5.0,-1.0,11.0,0.0,16.0,3.0,20.0,4.0,23.0,4.0,26.0,4.0,27.0,3.0,28.0,2.0,27.0,1.0,25.0,1.0,23.0,0.0,18.0,0.0,14.0,1.0,9.0,1.0,5.0,2.0,0.0,3.0,-5.0,3.0,-9.0,4.0,-12.0,5.0,-15.0,5.0,-16.0,5.0,-17.0,6.0,-17.0,6.0,-17.0,6.0,0.0,0.0,0.0,0.0,0.0,0.0,0.0,0.0,0.0,0.0
0.0665,122.0,-96.0,7.0,0.0,17.0,19.0,17.0,19.0,17.0,18.0,17.0,18.0,17.0,17.0,17.0,17.0,17.0,16.0,17.0,16.0,17.0,15.0,17.0,15.0,17.0,15.0,17.0,15.0,17.0,15.0,17.0,14.0,17.0,15.0,16.0,14.0,16.0,14.0,15.0,14.0,14.0,13.0,14.0,13.0,13.0,13.0,12.0,13.0,12.0,13.0,12.0,13.0,11.0,13.0,0.0,0.0,0.0,0.0,0.0,0.0,0.0,0.0,0.0,0.0
0.0812,122.0,-96.0,7.0,0.0,-14.0,13.0,-16.0,16.0,-18.0,18.0,-18.0,19.0,-18.0,19.0,-17.0,19.0,-16.0,18.0,-14.0,17.0,-12.0,14.0,-10.0,11.0,-7.0,7.0,-5.0,3.0,-3.0,-1.0,-2.0,-6.0,0.0,-9.0,1.0,-13.0,2.0,-16.0,3.0,-18.0,3.0,-19.0,3.0,-19.0,3.0,-18.0,3.0,-17.0,2.0,-15.0,2.0,-13.0,2.0,-11.0,0.0,0.0,0.0,0.0,0.0,0.0,0.0,0.0,0.0,0.0
0.0895,122.0,-96.0,7.0,0.0,-3.0,20.0,-3.0,20.0,-2.0,19.0,-2.0,19.0,-1.0,19.0,-1.0,19.0,0.0,18.0,0.0,18.0,0.0,18.0,0.0,18.0,0.0,17.0,0.0,17.0,0.0,18.0,0.0,17.0,0.0,17.0,0.0,17.0,0.0,17.0,0.0,16.0,0.0,15.0,0.0,15.0,0.0,15.0,0.0,14.0,-1.0,14.0,-1.0,13.0,-2.0,13.0,0.0,0.0,0.0,0.0,0.0,0.0,0.0,0.0,0.0,0.0
0.1037,122.0,-96.0,7.0,0.0,24.0,-22.0,22.0,-21.0,20.0,-21.0,18.0,-19.0,15.0,-16.0,12.0,-13.0,9.0,-9.0,6.0,-5.0,3.0,-1.0,1.0,5.0,-1.0,10.0,-2.0,14.0,-3.0,18.0,-3.0,21.0,-4.0,22.0,-4.0,24.0,-3.0,23.0,-3.0,22.0,-3.0,20.0,-2.0,18.0,-2.0,15.0,-2.0,11.0,-2.0,7.0,-2.0,3.0,-2.0,0.0,0.0,0.0,0.0,0.0,0.0,0.0,0.0,0.0,0.0,0.0
0.112,122.0,-96.0,7.0,0.0,25.0,-2.0,25.0,-2.0,24.0,-2.0,25.0,-3.0,24.0,-3.0,24.0,-4.0,23.0,-4.0,23.0,-4.0,22.0,-5.0,22.0,-5.0,22.0,-6.0,22.0,-5.0,22.0,-6.0,21.0,-5.0,22.0,-5.0,21.0,-5.0,21.0,-5.0,20.0,-4.0,20.0,-4.0,19.0,-4.0,18.0,-3.0,18.0,-3.0,17.0,-3.0,17.0,-2.0,17.0,-2.0,0.0,0.0,0.0,0.0,0.0,0.0,0.0,0.0,0.0,0.0
0.1272,122.0,-96.0,7.0,0.0,-24.0,-13.0,-19.0,-10.0,-13.0,-8.0,-8.0,-6.0,-1.0,-4.0,5.0,-3.0,11.0,-3.0,17.0,-3.0,20.0,-3.0,24.0,-4.0,27.0,-4.0,29.0,-5.0,29.0,-6.0,28.0,-6.0,26.0,-6.0,23.0,-6.0,19.0,-4.0,15.0,-3.0,10.0,-2.0,5.0,0.0,1.0,1.0,-3.0,3.0,-6.0,4.0,-9.0,6.0,-11.0,7.0,0.0,0.0,0.0,0.0,0.0,0.0,0.0,0.0,0.0,0.0
0.1406,122.0,-96.0,7.0,0.0,-5.0,0.0,-3.0,-7.0,0.0,-12.0,0.0,-19.0,1.0,-23.0,1.0,-27.0,0.0,-30.0,0.0,-31.0,0.0,-31.0,-1.0,-31.0,-1.0,-30.0,-2.0,-27.0,-2.0,-22.0,-1.0,-18.0,0.0,-13.0,1.0,-7.0,2.0,-2.0,3.0,3.0,4.0,7.0,6.0,11.0,7.0,14.0,8.0,16.0,8.0,17.0,7.0,17.0,8.0,17.0,0.0,0.0,0.0,0.0,0.0,0.0,0.0,0.0,0.0,0.0
0.1542,122.0,-96.0,7.0,0.0,-2.0,28.0,-2.0,22.0,-2.0,16.0,-3.0,9.0,-4.0,2.0,-6.0,-5.0,-8.0,-11.0,-11.0,-16.0,-13.0,-21.0,-15.0,-24.0,-18.0,-26.0,-19.0,-27.0,-19.0,-27.0,-20.0,-26.0,-18.0,-24.0,-16.0,-22.0,-14.0,-18.0,-11.0,-15.0,-7.0,-10.0,-3.0,-7.0,1.0,-3.0,4.0,1.0,7.0,4.0,10.0,6.0,12.0,7.0,0.0,0.0,0.0,0.0,0.0,0.0,0.0,0.0,0.0,0.0
0.1675,122.0,-96.0,7.0,0.0,-3.0,-3.0,2.0,-5.0,8.0,-8.0,11.0,-10.0,15.0,-13.0,18.0,-15.0,20.0,-17.0,21.0,-19.0,21.0,-20.0,19.0,-19.0,18.0,-18.0,16.0,-17.0,13.0,-14.0,11.0,-11.0,8.0,-7.0,6.0,-4.0,2.0,1.0,-1.0,4.0,-3.0,8.0,-5.0,11.0,-6.0,13.0,-7.0,14.0,-7.0,15.0,-8.0,15.0,-8.0,15.0,0.0,0.0,0.0,0.0,0.0,0.0,0.0,0.0,0.0,0.0
0.1822,122.0,-96.0,7.0,0.0,-10.0,-17.0,-12.0,-20.0,-14.0,-22.0,-14.0,-23.0,-15.0,-23.0,-15.0,-22.0,-15.0,-20.0,-13.0,-17.0,-12.0,-15.0,-9.0,-11.0,-7.0,-9.0,-3.0,-6.0,0.0,-3.0,5.0,0.0,8.0,2.0,11.0,4.0,13.0,6.0,15.0,7.0,16.0,8.0,16.0,8.0,16.0,8.0,15.0,7.0,13.0,6.0,11.0,5.0,9.0,4.0,0.0,0.0,0.0,0.0,0.0,0.0,0.0,0.0,0.0,0.0
0.1956,122.0,-96.0,7.0,0.0,21.0,-7.0,17.0,-5.0,11.0,-3.0,7.0,-1.0,2.0,2.0,-2.0,5.0,-7.0,8.0,-11.0,12.0,-13.0,14.0,-14.0,17.0,-17.0,19.0,-17.0,21.0,-17.0,21.0,-15.0,20.0,-14.0,18.0,-13.0,17.0,-10.0,13.0,-8.0,9.0,-6.0,6.0,-4.0,2.0,-2.0,-2.0,-1.0,-5.0,1.0,-8.0,2.0,-11.0,3.0,-13.0,0.0,0.0,0.0,0.0,0.0,0.0,0.0,0.0,0.0,0.0
0.2089,122.0,-96.0,7.0,0.0,16.0,-35.0,16.0,-35.0,14.0,-33.0,12.0,-30.0,9.0,-25.0,7.0,-20.0,6.0,-14.0,4.0,-8.0,4.0,-1.0,3.0,5.0,3.0,11.0,4.0,17.0,4.0,21.0,6.0,25.0,6.0,27.0,6.0,29.0,7.0,29.0,7.0,27.0,6.0,24.0,5.0,21.0,4.0,17.0,3.0,13.0,1.0,9.0,0.0,4.0,-2.0,0.0,0.0,0.0,0.0,0.0,0.0,0.0,0.0,0.0,0.0,0.0
0.2205,122.0,-96.0,7.0,0.0,8.0,23.0,6.0,18.0,4.0,13.0,0.0,8.0,-3.0,3.0,-6.0,-2.0,-10.0,-7.0,-14.0,-10.0,-18.0,-13.0,-20.0,-15.0,-23.0,-16.0,-25.0,-16.0,-25.0,-16.0,-25.0,-15.0,-23.0,-14.0,-21.0,-12.0,-17.0,-10.0,-14.0,-8.0,-9.0,-6.0,-5.0,-5.0,0.0,-3.0,4.0,-1.0,7.0,0.0,10.0,1.0,13.0,2.0,0.0,0.0,0.0,0.0,0.0,0.0,0.0,0.0,0.0,0.0
0.2339,122.0,-96.0,7.0,0.0,24.0,-20.0,20.0,-16.0,13.0,-11.0,9.0,-5.0,4.0,2.0,0.0,8.0,-4.0,14.0,-7.0,21.0,-9.0,25.0,-9.0,29.0,-10.0,33.0,-10.0,36.0,-9.0,36.0,-7.0,34.0,-7.0,31.0,-7.0,28.0,-5.0,22.0,-4.0,16.0,-3.0,10.0,-3.0,4.0,-4.0,-1.0,-3.0,-6.0,-3.0,-11.0,-3.0,-15.0,-3.0,-18.0,0.0,0.0,0.0,0.0,0.0,0.0,0.0,0.0,0.0,0.0
0.2487,122.0,-96.0,7.0,0.0,-9.0,-31.0,-9.0,-29.0,-10.0,-28.0,-9.0,-25.0,-8.0,-21.0,-6.0,-17.0,-4.0,-12.0,-1.0,-7.0,2.0,-2.0,5.0,2.0,9.0,5.0,12.0,8.0,14.0,10.0,18.0,12.0,19.0,13.0,19.0,13.0,19.0,13.0,18.0,12.0,17.0,11.0,14.0,9.0,11.0,7.0,8.0,5.0,5.0,4.0,1.0,2.0,-2.0,0.0,0.0,0.0,0.0,0.0,0.0,0.0,0.0,0.0,0.0,0.0
0.2587,122.0,-96.0,7.0,0.0,-21.0,-2.0,-21.0,-1.0,-20.0,-1.0,-20.0,-1.0,-19.0,0.0,-20.0,0.0,-19.0,0.0,-19.0,1.0,-18.0,1.0,-18.0,1.0,-18.0,2.0,-18.0,2.0,-18.0,2.0,-18.0,2.0,-18.0,2.0,-18.0,2.0,-17.0,2.0,-17.0,1.0,-16.0,1.0,-16.0,1.0,-16.0,1.0,-15.0,1.0,-15.0,0.0,-14.0,1.0,-13.0,0.0,0.0,0.0,0.0,0.0,0.0,0.0,0.0,0.0,0.0,0.0
0.2678,122.0,-96.0,7.0,0.0,9.0,-16.0,9.0,-16.0,8.0,-16.0,8.0,-16.0,7.0,-16.0,7.0,-16.0,7.0,-16.0,6.0,-16.0,6.0,-16.0,6.0,-16.0,5.0,-16.0,5.0,-16.0,5.0,-16.0,5.0,-15.0,6.0,-16.0,5.0,-15.0,5.0,-14.0,5.0,-14.0,5.0,-13.0,5.0,-14.0,5.0,-13.0,5.0,-12.0,5.0,-12.0,5.0,-12.0,6.0,-11.0,0.0,0.0,0.0,0.0,0.0,0.0,0.0,0.0,0.0,0.0
0.2759,122.0,-96.0,7.0,0.0,16.0,18.0,17.0,19.0,16.0,17.0,16.0,18.0,17.0,16.0,17.0,16.0,17.0,15.0,18.0,15.0,17.0,14.0,17.0,14.0,18.0,14.0,18.0,14.0,18.0,14.0,17.0,14.0,17.0,14.0,17.0,13.0,16.0,13.0,16.0,13.0,15.0,13.0,15.0,13.0,14.0,12.0,13.0,11.0,13.0,12.0,12.0,12.0,12.0,12.0,0.0,0.0,0.0,0.0,0.0,0.0,0.0,0.0,0.0,0.0
0.2841,122.0,-96.0,7.0,0.0,-6.0,17.0,-5.0,17.0,-5.0,17.0,-5.0,17.0,-4.0,17.0,-4.0,16.0,-4.0,16.0,-3.0,16.0,-3.0,16.0,-2.0,16.0,-2.0,16.0,-2.0,16.0,-2.0,16.0,-2.0,15.0,-2.0,15.0,-3.0,15.0,-2.0,15.0,-3.0,14.0,-3.0,14.0,-3.0,13.0,-3.0,13.0,-3.0,12.0,-3.0,12.0,-3.0,12.0,-4.0,11.0,0.0,0.0,0.0,0.0,0.0,0.0,0.0,0.0,0.0,0.0
0.2978,122.0,-96.0,7.0,0.0,-20.0,0.0,-23.0,0.0,-25.0,1.0,-27.0,1.0,-27.0,1.0,-26.0,2.0,-24.0,3.0,-21.0,3.0,-18.0,3.0,-15.0,2.0,-11.0,0.0,-6.0,-1.0,-2.0,-3.0,2.0,-5.0,6.0,-6.0,9.0,-8.0,12.0,-10.0,13.0,-11.0,14.0,-12.0,14.0,-12.0,14.0,-11.0,13.0,-11.0,12.0,-10.0,10.0,-8.0,8.0,-7.0,0.0,0.0,0.0,0.0,0.0,0.0,0.0,0.0,0.0,0.0
0.3084,122.0,-96.0,7.0,0.0,8.0,-24.0,8.0,-25.0,8.0,-23.0,8.0,-24.0,6.0,-24.0,6.0,-24.0,5.0,-23.0,5.0,-24.0,4.0,-23.0,5.0,-24.0,4.0,-23.0,4.0,-23.0,4.0,-23.0,4.0,-22.0,4.0,-23.0,4.0,-22.0,4.0,-22.0,4.0,-21.0,4.0,-20.0,4.0,-20.0,4.0,-19.0,4.0,-18.0,5.0,-18.0,5.0,-18.0,5.0,-17.0,0.0,0.0,0.0,0.0,0.0,0.0,0.0,0.0,0.0,0.0
0.3223,122.0,-96.0,7.0,0.0,-11.0,-23.0,-9.0,-19.0,-6.0,-14.0,-2.0,-9.0,2.0,-3.0,6.0,1.0,11.0,5.0,15.0,8.0,19.0,10.0,21.0,11.0,24.0,12.0,26.0,12.0,26.0,12.0,25.0,11.0,24.0,10.0,21.0,9.0,18.0,7.0,13.0,6.0,8.0,4.0,4.0,3.0,-1.0,2.0,-5.0,1.0,-8.0,0.0,-12.0,0.0,-14.0,-1.0,0.0,0.0,0.0,0.0,0.0,0.0,0.0,0.0,0.0,0.0
0.3366,122.0,-96.0,7.0,0.0,19.0,-25.0,18.0,-25.0,16.0,-23.0,14.0,-21.0,11.0,-18.0,9.0,-15.0,7.0,-10.0,4.0,-5.0,3.0,0.0,2.0,5.0,1.0,10.0,0.0,15.0,0.0,18.0,1.0,21.0,1.0,23.0,1.0,24.0,1.0,23.0,1.0,22.0,1.0,20.0,1.0,17.0,1.0,14.0,0.0,10.0,0.0,7.0,-1.0,3.0,-2.0,0.0,0.0,0.0,0.0,0.0,0.0,0.0,0.0,0.0,0.0,0.0
0.3446,122.0,-96.0,7.0,0.0,9.0,24.0,9.0,23.0,9.0,23.0,9.0,23.0,10.0,21.0,10.0,21.0,11.0,20.0,11.0,20.0,11.0,20.0,11.0,20.0,12.0,19.0,12.0,19.0,12.0,19.0,12.0,19.0,12.0,19.0,12.0,18.0,12.0,18.0,11.0,18.0,10.0,17.0,10.0,17.0,10.0,16.0,9.0,16.0,8.0,16.0,8.0,16.0,7.0,16.0,0.0,0.0,0.0,0.0,0.0,0.0,0.0,0.0,0.0,0.0
0.3536,122.0,-96.0,7.0,0.0,-19.0,0.0,-19.0,1.0,-18.0,1.0,-18.0,1.0,-17.0,2.0,-18.0,2.0,-17.0,2.0,-17.0,2.0,-17.0,2.0,-17.0,3.0,-17.0,3.0,-17.0,3.0,-17.0,3.0,-16.0,3.0,-16.0,3.0,-16.0,3.0,-16.0,2.0,-15.0,2.0,-15.0,2.0,-15.0,1.0,-14.0,1.0,-14.0,1.0,-14.0,1.0,-13.0,1.0,-13.0,0.0,0.0,0.0,0.0,0.0,0.0,0.0,0.0,0.0,0.0,0.0
0.3678,122.0,-96.0,7.0,0.0,-30.0,13.0,-23.0,10.0,-16.0,6.0,-11.0,1.0,-5.0,-4.0,1.0,-10.0,5.0,-16.0,9.0,-21.0,11.0,-26.0,12.0,-30.0,13.0,-33.0,13.0,-35.0,12.0,-35.0,11.0,-34.0,9.0,-30.0,9.0,-28.0,6.0,-22.0,5.0,-17.0,4.0,-11.0,3.0,-4.0,3.0,1.0,2.0,6.0,2.0,10.0,2.0,14.0,2.0,17.0,0.0,0.0,0.0,0.0,0.0,0.0,0.0,0.0,0.0,0.0
0.3806,122.0,-96.0,7.0,0.0,5.0,24.0,3.0,19.0,2.0,14.0,-1.0,8.0,-4.0,2.0,-8.0,-3.0,-11.0,-8.0,-15.0,-11.0,-19.0,-14.0,-21.0,-15.0,-24.0,-17.0,-25.0,-17.0,-25.0,-16.0,-25.0,-15.0,-23.0,-14.0,-20.0,-12.0,-17.0,-10.0,-13.0,-8.0,-8.0,-6.0,-3.0,-4.0,1.0,-3.0,5.0,-1.0,9.0,-1.0,12.0,0.0,14.0,0.0,0.0,0.0,0.0,0.0,0.0,0.0,0.0,0.0,0.0,0.0
0.3944,122.0,-96.0,7.0,0.0,11.0,15.0,13.0,19.0,15.0,19.0,16.0,21.0,16.0,20.0,16.0,19.0,16.0,17.0,14.0,14.0,12.0,11.0,9.0,9.0,6.0,7.0,2.0,5.0,-2.0,2.0,-6.0,0.0,-10.0,-2.0,-13.0,-3.0,-16.0,-4.0,-18.0,-5.0,-18.0,-5.0,-19.0,-5.0,-18.0,-5.0,-17.0,-4.0,-15.0,-4.0,-13.0,-3.0,-10.0,-3.0,0.0,0.0,0.0,0.0,0.0,0.0,0.0,0.0,0.0,0.0
0.4091,122.0,-96.0,7.0,0.0,-22.0,4.0,-26.0,5.0,-28.0,6.0,-29.0,7.0,-29.0,8.0,-28.0,8.0,-26.0,8.0,-23.0,9.0,-19.0,7.0,-15.0,6.0,-11.0,2.0,-7.0,0.0,-3.0,-3.0,1.0,-7.0,4.0,-10.0,7.0,-13.0,9.0,-16.0,10.0,-17.0,11.0,-18.0,11.0,-18.0,10.0,-17.0,10.0,-16.0,8.0,-14.0,7.0,-13.0,6.0,-10.0,0.0,0.0,0.0,0.0,0.0,0.0,0.0,0.0,0.0,0.0
0.4196,122.0,-96.0,7.0,0.0,-19.0,-3.0,-19.0,-3.0,-18.0,-2.0,-18.0,-2.0,-18.0,-1.0,-18.0,-2.0,-17.0,-1.0,-18.0,-1.0,-17.0,0.0,-17.0,0.0,-17.0,0.0,-17.0,0.0,-17.0,1.0,-17.0,1.0,-17.0,0.0,-17.0,0.0,-16.0,0.0,-16.0,0.0,-15.0,0.0,-15.0,0.0,-15.0,0.0,-14.0,0.0,-14.0,-1.0,-14.0,-1.0,-13.0,-1.0,0.0,0.0,0.0,0.0,0.0,0.0,0.0,0.0,0.0,0.0
0.434,122.0,-96.0,7.0,0.0,-5.0,-3.0,-1.0,-7.0,3.0,-12.0,5.0,-16.0,7.0,-19.0,8.0,-23.0,9.0,-25.0,9.0,-27.0,8.0,-28.0,7.0,-27.0,6.0,-26.0,5.0,-23.0,4.0,-19.0,3.0,-15.0,3.0,-10.0,3.0,-6.0,2.0,-1.0,3.0,4.0,3.0,7.0,3.0,11.0,4.0,13.0,5.0,15.0,5.0,16.0,5.0,16.0,5.0,16.0,0.0,0.0,0.0,0.0,0.0,0.0,0.0,0.0,0.0,0.0
0.448,122.0,-96.0,7.0,0.0,-27.0,18.0,-25.0,18.0,-23.0,17.0,-21.0,16.0,-17.0,14.0,-14.0,11.0,-10.0,7.0,-7.0,3.0,-4.0,-2.0,-2.0,-7.0,0.0,-12.0,1.0,-16.0,2.0,-19.0,2.0,-22.0,1.0,-24.0,2.0,-25.0,1.0,-24.0,1.0,-23.0,0.0,-21.0,0.0,-18.0,0.0,-15.0,0.0,-11.0,0.0,-7.0,1.0,-4.0,2.0,0.0,0.0,0.0,0.0,0.0,0.0,0.0,0.0,0.0,0.0,0.0
0.4617,122.0,-96.0,7.0,0.0,19.0,8.0,23.0,10.0,25.0,10.0,27.0,11.0,28.0,10.0,27.0,9.0,26.0,8.0,23.0,5.0,19.0,4.0,15.0,4.0,11.0,4.0,5.0,3.0,0.0,3.0,-5.0,3.0,-10.0,4.0,-14.0,4.0,-17.0,5.0,-19.0,5.0,-21.0,5.0,-21.0,6.0,-20.0,5.0,-19.0,5.0,-17.0,4.0,-15.0,4.0,-12.0,3.0,0.0,0.0,0.0,0.0,0.0,0.0,0.0,0.0,0.0,0.0
0.4734,122.0,-96.0,7.0,0.0,-16.0,-18.0,-16.0,-18.0,-15.0,-18.0,-16.0,-18.0,-16.0,-16.0,-16.0,-16.0,-16.0,-16.0,-16.0,-15.0,-17.0,-15.0,-17.0,-15.0,-17.0,-14.0,-17.0,-14.0,-17.0,-14.0,-16.0,-14.0,-16.0,-15.0,-15.0,-14.0,-15.0,-14.0,-15.0,-14.0,-14.0,-14.0,-14.0,-13.0,-13.0,-14.0,-13.0,-13.0,-13.0,-13.0,-12.0,-13.0,-11.0,-13.0,0.0,0.0,0.0,0.0,0.0,0.0,0.0,0.0,0.0,0.0
0.4879,122.0,-96.0,7.0,0.0,-8.0,-21.0,-10.0,-24.0,-11.0,-27.0,-12.0,-28.0,-13.0,-28.0,-14.0,-27.0,-14.0,-25.0,-12.0,-22.0,-11.0,-19.0,-9.0,-15.0,-6.0,-12.0,-3.0,-8.0,1.0,-4.0,5.0,0.0,8.0,3.0,11.0,5.0,14.0,7.0,16.0,8.0,17.0,9.0,18.0,9.0,18.0,9.0,17.0,9.0,15.0,8.0,13.0,6.0,10.0,5.0,0.0,0.0,0.0,0.0,0.0,0.0,0.0,0.0,0.0,0.0
0.4965,122.0,-96.0,7.0,0.0,-1.0,19.0,0.0,18.0,0.0,18.0,0.0,18.0,1.0,18.0,1.0,17.0,1.0,17.0,2.0,17.0,2.0,17.0,2.0,17.0,2.0,17.0,2.0,17.0,2.0,16.0,2.0,17.0,2.0,16.0,2.0,16.0,2.0,16.0,1.0,15.0,1.0,15.0,1.0,15.0,1.0,14.0,1.0,14.0,0.0,13.0,0.0,13.0,0.0,13.0,0.0,0.0,0.0,0.0,0.0,0.0,0.0,0.0,0.0,0.0
0.5101,122.0,-96.0,7.0,0.0,1.0,-4.0,5.0,1.0,9.0,4.0,13.0,9.0,17.0,12.0,20.0,13.0,22.0,14.0,23.0,14.0,24.0,13.0,24.0,12.0,23.0,11.0,20.0,10.0,17.0,8.0,13.0,7.0,9.0,5.0,3.0,4.0,-1.0,3.0,-5.0,1.0,-9.0,0.0,-13.0,0.0,-16.0,-2.0,-17.0,-2.0,-18.0,-2.0,-18.0,-1.0,-18.0,-1.0,0.0,0.0,0.0,0.0,0.0,0.0,0.0,0.0,0.0,0.0
0.5205,122.0,-96.0,7.0,0.0,-23.0,-12.0,-24.0,-12.0,-22.0,-11.0,-22.0,-11.0,-22.0,-10.0,-22.0,-10.0,-22.0,-10.0,-22.0,-9.0,-22.0,-9.0,-22.0,-8.0,-22.0,-8.0,-22.0,-8.0,-22.0,-8.0,-21.0,-8.0,-22.0,-8.0,-21.0,-8.0,-21.0,-8.0,-20.0,-9.0,-19.0,-8.0,-19.0,-8.0,-18.0,-8.0,-17.0,-8.0,-17.0,-8.0,-16.0,-8.0,-16.0,-9.0,0.0,0.0,0.0,0.0,0.0,0.0,0.0,0.0,0.0,0.0
0.5349,122.0,-96.0,7.0,0.0,-3.0,-3.0,3.0,-5.0,9.0,-6.0,14.0,-8.0,18.0,-9.0,21.0,-11.0,23.0,-13.0,25.0,-14.0,25.0,-15.0,23.0,-15.0,21.0,-14.0,19.0,-13.0,15.0,-11.0,13.0,-8.0,9.0,-5.0,6.0,-2.0,1.0,2.0,-2.0,5.0,-5.0,7.0,-8.0,10.0,-9.0,12.0,-10.0,13.0,-11.0,14.0,-11.0,14.0,-11.0,13.0,0.0,0.0,0.0,0.0,0.0,0.0,0.0,0.0,0.0,0.0
0.5451,122.0,-96.0,7.0,0.0,-5.0,23.0,-5.0,23.0,-5.0,22.0,-4.0,22.0,-4.0,21.0,-4.0,22.0,-3.0,21.0,-2.0,21.0,-2.0,21.0,-2.0,21.0,-1.0,21.0,-1.0,21.0,-1.0,21.0,-1.0,20.0,-1.0,21.0,-1.0,20.0,-2.0,20.0,-2.0,19.0,-3.0,18.0,-2.0,18.0,-3.0,17.0,-3.0,17.0,-3.0,16.0,-3.0,16.0,-4.0,16.0,0.0,0.0,0.0,0.0,0.0,0.0,0.0,0.0,0.0,0.0
0.5585,122.0,-96.0,7.0,0.0,-3.0,20.0,-3.0,25.0,-3.0,27.0,-3.0,30.0,-2.0,30.0,-1.0,29.0,-1.0,27.0,-1.0,24.0,0.0,20.0,0.0,16.0,-1.0,11.0,-2.0,6.0,-3.0,1.0,-5.0,-4.0,-6.0,-9.0,-8.0,-12.0,-9.0,-16.0,-9.0,-18.0,-9.0,-19.0,-9.0,-20.0,-10.0,-19.0,-9.0,-18.0,-8.0,-16.0,-7.0,-13.0,-6.0,-11.0,0.0,0.0,0.0,0.0,0.0,0.0,0.0,0.0,0.0,0.0
0.5679,122.0,-96.0,7.0,0.0,4.0,-23.0,4.0,-23.0,4.0,-23.0,3.0,-22.0,2.0,-23.0,2.0,-22.0,2.0,-22.0,1.0,-22.0,1.0,-23.0,1.0,-22.0,1.0,-22.0,0.0,-22.0,0.0,-21.0,0.0,-22.0,0.0,-21.0,1.0,-21.0,1.0,-20.0,1.0,-20.0,1.0,-19.0,1.0,-19.0,2.0,-18.0,2.0,-18.0,2.0,-17.0,2.0,-17.0,3.0,-16.0,0.0,0.0,0.0,0.0,0.0,0.0,0.0,0.0,0.0,0.0
0.5814,122.0,-96.0,7.0,0.0,10.0,15.0,13.0,18.0,14.0,20.0,15.0,21.0,16.0,21.0,16.0,20.0,15.0,18.0,13.0,16.0,11.0,13.0,8.0,10.0,6.0,8.0,2.0,5.0,-2.0,2.0,-6.0,-1.0,-9.0,-3.0,-12.0,-5.0,-14.0,-7.0,-16.0,-8.0,-17.0,-8.0,-18.0,-8.0,-17.0,-8.0,-16.0,-8.0,-14.0,-8.0,-12.0,-6.0,-10.0,-5.0,0.0,0.0,0.0,0.0,0.0,0.0,0.0,0.0,0.0,0.0
0.5962,122.0,-96.0,7.0,0.0,-17.0,10.0,-20.0,11.0,-21.0,13.0,-22.0,14.0,-22.0,15.0,-21.0,15.0,-19.0,14.0,-17.0,13.0,-14.0,11.0,-12.0,9.0,-9.0,5.0,-6.0,2.0,-3.0,-2.0,0.0,-6.0,2.0,-9.0,4.0,-12.0,6.0,-15.0,7.0,-17.0,7.0,-17.0,7.0,-18.0,7.0,-17.0,6.0,-16.0,6.0,-14.0,5.0,-12.0,4.0,-10.0,0.0,0.0,0.0,0.0,0.0,0.0,0.0,0.0,0.0,0.0
0.6049,122.0,-96.0,7.0,0.0,5.0,-19.0,5.0,-19.0,5.0,-18.0,4.0,-18.0,4.0,-18.0,4.0,-18.0,3.0,-18.0,3.0,-18.0,3.0,-18.0,3.0,-18.0,2.0,-17.0,2.0,-17.0,2.0,-17.0,2.0,-17.0,2.0,-17.0,2.0,-17.0,3.0,-16.0,2.0,-16.0,3.0,-15.0,3.0,-15.0,3.0,-14.0,3.0,-14.0,3.0,-14.0,3.0,-13.0,4.0,-13.0,0.0,0.0,0.0,0.0,0.0,0.0,0.0,0.0,0.0,0.0
0.6193,122.0,-96.0,7.0,0.0,-20.0,-1.0,-23.0,-1.0,-25.0,0.0,-27.0,0.0,-27.0,0.0,-26.0,1.0,-25.0,1.0,-22.0,2.0,-19.0,2.0,-15.0,1.0,-11.0,0.0,-6.0,-2.0,-2.0,-3.0,2.0,-5.0,6.0,-7.0,10.0,-8.0,13.0,-9.0,14.0,-10.0,15.0,-11.0,15.0,-11.0,15.0,-10.0,14.0,-9.0,12.0,-8.0,11.0,-8.0,9.0,-6.0,0.0,0.0,0.0,0.0,0.0,0.0,0.0,0.0,0.0,0.0
0.6328,122.0,-96.0,7.0,0.0,17.0,-28.0,14.0,-22.0,10.0,-15.0,8.0,-8.0,5.0,0.0,3.0,7.0,2.0,15.0,1.0,22.0,1.0,27.0,2.0,31.0,2.0,35.0,3.0,37.0,4.0,36.0,5.0,35.0,5.0,32.0,3.0,29.0,4.0,23.0,2.0,17.0,1.0,11.0,-2.0,5.0,-4.0,0.0,-5.0,-5.0,-7.0,-10.0,-9.0,-13.0,-10.0,-16.0,0.0,0.0,0.0,0.0,0.0,0.0,0.0,0.0,0.0,0.0
0.6466,122.0,-96.0,7.0,0.0,-2.0,3.0,-6.0,0.0,-11.0,-2.0,-15.0,-4.0,-18.0,-6.0,-22.0,-6.0,-24.0,-6.0,-25.0,-5.0,-25.0,-5.0,-24.0,-4.0,-23.0,-4.0,-21.0,-3.0,-17.0,-3.0,-13.0,-3.0,-9.0,-3.0,-4.0,-3.0,0.0,-3.0,4.0,-4.0,7.0,-4.0,10.0,-4.0,12.0,-4.0,14.0,-4.0,14.0,-5.0,14.0,-5.0,14.0,-5.0,0.0,0.0,0.0,0.0,0.0,0.0,0.0,0.0,0.0,0.0
0.661,122.0,-96.0,7.0,0.0,-18.0,15.0,-15.0,12.0,-10.0,7.0,-7.0,3.0,-4.0,-2.0,-1.0,-7.0,1.0,-12.0,3.0,-16.0,3.0,-20.0,3.0,-23.0,3.0,-26.0,3.0,-27.0,2.0,-28.0,2.0,-26.0,1.0,-24.0,2.0,-21.0,1.0,-17.0,0.0,-13.0,1.0,-8.0,1.0,-4.0,2.0,0.0,2.0,4.0,3.0,7.0,4.0,9.0,4.0,11.0,0.0,0.0,0.0,0.0,0.0,0.0,0.0,0.0,0.0,0.0
0.6701,122.0,-96.0,7.0,0.0,19.0,1.0,19.0,1.0,19.0,1.0,19.0,1.0,19.0,0.0,19.0,0.0,18.0,-1.0,18.0,-1.0,18.0,-1.0,18.0,-2.0,17.0,-2.0,17.0,-2.0,17.0,-2.0,17.0,-2.0,17.0,-1.0,17.0,-1.0,17.0,-1.0,16.0,-1.0,16.0,-1.0,15.0,-1.0,15.0,0.0,14.0,0.0,14.0,0.0,14.0,0.0,13.0,0.0,0.0,0.0,0.0,0.0,0.0,0.0,0.0,0.0,0.0,0.0
0.6778,122.0,-96.0,7.0,0.0,-2.0,18.0,-1.0,17.0,-1.0,17.0,-1.0,17.0,-1.0,17.0,-1.0,17.0,0.0,16.0,0.0,16.0,0.0,16.0,0.0,16.0,0.0,16.0,1.0,16.0,1.0,16.0,1.0,16.0,1.0,15.0,1.0,15.0,0.0,15.0,0.0,14.0,0.0,14.0,0.0,13.0,0.0,13.0,-1.0,13.0,-1.0,12.0,-1.0,12.0,-1.0,12.0,0.0,0.0,0.0,0.0,0.0,0.0,0.0,0.0,0.0,0.0
0.6919,122.0,-96.0,7.0,0.0,-12.0,15.0,-14.0,18.0,-15.0,20.0,-15.0,22.0,-15.0,22.0,-14.0,22.0,-13.0,20.0,-11.0,18.0,-9.0,15.0,-8.0,12.0,-6.0,8.0,-4.0,3.0,-3.0,-1.0,-2.0,-6.0,-2.0,-10.0,-1.0,-13.0,0.0,-16.0,0.0,-18.0,0.0,-19.0,0.0,-19.0,-1.0,-19.0,-1.0,-17.0,0.0,-15.0,0.0,-13.0,0.0,-11.0,0.0,0.0,0.0,0.0,0.0,0.0,0.0,0.0,0.0,0.0
0.6997,122.0,-96.0,7.0,0.0,24.0,5.0,25.0,5.0,23.0,4.0,24.0,4.0,23.0,4.0,24.0,4.0,23.0,3.0,23.0,2.0,23.0,2.0,23.0,1.0,23.0,1.0,23.0,1.0,23.0,1.0,22.0,2.0,23.0,2.0,21.0,2.0,21.0,2.0,20.0,2.0,19.0,3.0,19.0,3.0,19.0,3.0,18.0,3.0,17.0,3.0,17.0,3.0,17.0,4.0,0.0,0.0,0.0,0.0,0.0,0.0,0.0,0.0,0.0,0.0
0.7145,122.0,-96.0,7.0,0.0,2.0,-2.0,4.0,3.0,5.0,8.0,7.0,13.0,9.0,16.0,10.0,19.0,12.0,20.0,13.0,21.0,14.0,20.0,14.0,19.0,13.0,18.0,12.0,16.0,10.0,13.0,8.0,11.0,5.0,7.0,1.0,5.0,-1.0,2.0,-5.0,-1.0,-7.0,-3.0,-10.0,-5.0,-12.0,-7.0,-13.0,-8.0,-14.0,-8.0,-14.0,-8.0,-14.0,-8.0,0.0,0.0,0.0,0.0,0.0,0.0,0.0,0.0,0.0,0.0
0.7277,122.0,-96.0,7.0,0.0,1.0,-3.0,5.0,0.0,9.0,3.0,13.0,6.0,16.0,9.0,19.0,9.0,22.0,10.0,23.0,10.0,23.0,9.0,23.0,8.0,21.0,7.0,19.0,6.0,16.0,5.0,13.0,4.0,9.0,3.0,4.0,3.0,0.0,2.0,-4.0,2.0,-8.0,1.0,-11.0,1.0,-14.0,1.0,-15.0,1.0,-16.0,1.0,-16.0,1.0,-16.0,1.0,0.0,0.0,0.0,0.0,0.0,0.0,0.0,0.0,0.0,0.0
0.7417,122.0,-96.0,7.0,0.0,2.0,2.0,-3.0,4.0,-8.0,7.0,-11.0,9.0,-14.0,12.0,-16.0,14.0,-17.0,16.0,-18.0,18.0,-18.0,18.0,-17.0,18.0,-15.0,17.0,-14.0,16.0,-12.0,13.0,-9.0,10.0,-7.0,6.0,-5.0,3.0,-3.0,-1.0,-1.0,-5.0,0.0,-8.0,1.0,-11.0,2.0,-13.0,2.0,-15.0,2.0,-16.0,3.0,-16.0,3.0,-16.0,0.0,0.0,0.0,0.0,0.0,0.0,0.0,0.0,0.0,0.0
0.7521,122.0,-96.0,7.0,0.0,-6.0,18.0,-6.0,18.0,-6.0,17.0,-5.0,17.0,-5.0,17.0,-5.0,17.0,-4.0,16.0,-4.0,17.0,-3.0,16.0,-3.0,16.0,-3.0,17.0,-3.0,17.0,-3.0,17.0,-3.0,16.0,-3.0,16.0,-3.0,16.0,-3.0,15.0,-3.0,15.0,-4.0,14.0,-3.0,14.0,-4.0,13.0,-3.0,13.0,-3.0,12.0,-3.0,13.0,-4.0,12.0,0.0,0.0,0.0,0.0,0.0,0.0,0.0,0.0,0.0,0.0
0.7662,122.0,-96.0,7.0,0.0,-24.0,5.0,-19.0,4.0,-13.0,2.0,-9.0,0.0,-4.0,-3.0,1.0,-6.0,5.0,-10.0,9.0,-13.0,11.0,-16.0,12.0,-19.0,14.0,-22.0,14.0,-23.0,13.0,-24.0,13.0,-23.0,11.0,-21.0,10.0,-20.0,8.0,-16.0,6.0,-12.0,4.0,-8.0,3.0,-4.0,2.0,-1.0,1.0,3.0,0.0,7.0,0.0,10.0,-1.0,12.0,0.0,0.0,0.0,0.0,0.0,0.0,0.0,0.0,0.0,0.0
0.7765,122.0,-96.0,7.0,0.0,-10.0,-22.0,-10.0,-22.0,-10.0,-21.0,-10.0,-21.0,-10.0,-20.0,-11.0,-20.0,-11.0,-19.0,-11.0,-20.0,-11.0,-19.0,-11.0,-19.0,-12.0,-19.0,-12.0,-19.0,-12.0,-19.0,-11.0,-18.0,-12.0,-19.0,-10.0,-18.0,-10.0,-18.0,-10.0,-18.0,-9.0,-17.0,-9.0,-17.0,-8.0,-17.0,-8.0,-16.0,-8.0,-16.0,-7.0,-16.0,-6.0,-16.0,0.0,0.0,0.0,0.0,0.0,0.0,0.0,0.0,0.0,0.0
0.791,122.0,-96.0,7.0,0.0,-1.0,-4.0,4.0,-2.0,10.0,-1.0,14.0,1.0,18.0,2.0,21.0,1.0,24.0,1.0,25.0,0.0,25.0,-1.0,24.0,-2.0,23.0,-2.0,20.0,-2.0,17.0,-2.0,13.0,-1.0,9.0,0.0,5.0,1.0,1.0,2.0,-3.0,3.0,-7.0,4.0,-9.0,5.0,-12.0,6.0,-13.0,7.0,-13.0,7.0,-14.0,8.0,-14.0,7.0,0.0,0.0,0.0,0.0,0.0,0.0,0.0,0.0,0.0,0.0
0.8046,122.0,-96.0,7.0,0.0,-21.0,-10.0,-23.0,-12.0,-26.0,-13.0,-28.0,-13.0,-29.0,-13.0,-28.0,-12.0,-27.0,-10.0,-24.0,-8.0,-21.0,-7.0,-16.0,-6.0,-12.0,-5.0,-7.0,-5.0,-2.0,-4.0,4.0,-4.0,8.0,-4.0,13.0,-5.0,16.0,-5.0,18.0,-5.0,20.0,-5.0,20.0,-5.0,20.0,-5.0,19.0,-5.0,17.0,-4.0,14.0,-5.0,12.0,-4.0,0.0,0.0,0.0,0.0,0.0,0.0,0.0,0.0,0.0,0.0
0.8198,122.0,-96.0,7.0,0.0,3.0,-2.0,4.0,3.0,5.0,8.0,7.0,13.0,8.0,16.0,10.0,19.0,11.0,21.0,12.0,21.0,13.0,21.0,12.0,20.0,12.0,18.0,11.0,16.0,9.0,13.0,7.0,10.0,4.0,7.0,1.0,5.0,-2.0,1.0,-5.0,-1.0,-8.0,-4.0,-10.0,-5.0,-13.0,-7.0,-14.0,-8.0,-14.0,-8.0,-14.0,-8.0,-14.0,-7.0,0.0,0.0,0.0,0.0,0.0,0.0,0.0,0.0,0.0,0.0
0.8283,122.0,-96.0,7.0,0.0,-10.0,17.0,-9.0,17.0,-8.0,16.0,-9.0,16.0,-7.0,16.0,-8.0,17.0,-7.0,16.0,-6.0,16.0,-7.0,16.0,-6.0,16.0,-6.0,16.0,-6.0,16.0,-6.0,16.0,-6.0,16.0,-6.0,16.0,-6.0,16.0,-5.0,15.0,-6.0,14.0,-5.0,14.0,-6.0,13.0,-6.0,13.0,-6.0,12.0,-6.0,12.0,-6.0,12.0,-6.0,11.0,0.0,0.0,0.0,0.0,0.0,0.0,0.0,0.0,0.0,0.0
0.841,122.0,-96.0,7.0,0.0,32.0,-4.0,27.0,-3.0,17.0,-1.0,11.0,0.0,3.0,4.0,-3.0,7.0,-10.0,11.0,-16.0,14.0,-20.0,18.0,-22.0,22.0,-25.0,25.0,-25.0,28.0,-26.0,28.0,-24.0,26.0,-22.0,25.0,-20.0,23.0,-16.0,18.0,-13.0,13.0,-9.0,8.0,-6.0,3.0,-4.0,-1.0,-1.0,-6.0,1.0,-10.0,3.0,-14.0,4.0,-17.0,0.0,0.0,0.0,0.0,0.0,0.0,0.0,0.0,0.0,0.0
0.8553,122.0,-96.0,7.0,0.0,19.0,-19.0,15.0,-15.0,11.0,-10.0,8.0,-6.0,4.0,0.0,2.0,5.0,-1.0,11.0,-3.0,17.0,-3.0,21.0,-3.0,24.0,-3.0,27.0,-2.0,29.0,-2.0,30.0,-1.0,28.0,0.0,26.0,-1.0,24.0,0.0,19.0,0.0,14.0,-1.0,9.0,-2.0,5.0,-3.0,0.0,-4.0,-4.0,-5.0,-7.0,-6.0,-10.0,-7.0,-12.0,0.0,0.0,0.0,0.0,0.0,0.0,0.0,0.0,0.0,0.0
0.8636,122.0,-96.0,7.0,0.0,-3.0,25.0,-2.0,25.0,-2.0,25.0,-2.0,24.0,-1.0,24.0,-1.0,24.0,0.0,23.0,0.0,23.0,0.0,23.0,1.0,23.0,1.0,22.0,1.0,22.0,2.0,22.0,1.0,22.0,1.0,22.0,1.0,22.0,1.0,21.0,0.0,20.0,0.0,20.0,0.0,19.0,0.0,18.0,-1.0,18.0,-1.0,18.0,-1.0,17.0,-2.0,17.0,0.0,0.0,0.0,0.0,0.0,0.0,0.0,0.0,0.0,0.0
0.8789,122.0,-96.0,7.0,0.0,-1.0,3.0,-7.0,0.0,-11.0,-3.0,-16.0,-7.0,-20.0,-9.0,-23.0,-10.0,-26.0,-10.0,-26.0,-10.0,-27.0,-9.0,-27.0,-8.0,-26.0,-8.0,-23.0,-6.0,-19.0,-6.0,-15.0,-5.0,-10.0,-4.0,-5.0,-4.0,0.0,-3.0,5.0,-3.0,9.0,-3.0,12.0,-3.0,14.0,-2.0,16.0,-2.0,17.0,-3.0,17.0,-3.0,17.0,-3.0,0.0,0.0,0.0,0.0,0.0,0.0,0.0,0.0,0.0,0.0
0.8932,122.0,-96.0,7.0,0.0,1.0,-19.0,1.0,-23.0,1.0,-25.0,0.0,-27.0,0.0,-27.0,-1.0,-27.0,-1.0,-25.0,-1.0,-22.0,-1.0,-18.0,-1.0,-15.0,-1.0,-11.0,0.0,-6.0,2.0,-2.0,4.0,3.0,5.0,7.0,6.0,10.0,8.0,13.0,8.0,14.0,9.0,15.0,9.0,16.0,9.0,15.0,8.0,14.0,7.0,13.0,6.0,10.0,5.0,8.0,0.0,0.0,0.0,0.0,0.0,0.0,0.0,0.0,0.0,0.0
0.9019,122.0,-96.0,7.0,0.0,21.0,11.0,21.0,11.0,21.0,11.0,21.0,10.0,20.0,10.0,21.0,10.0,20.0,9.0,21.0,8.0,21.0,8.0,21.0,7.0,21.0,7.0,21.0,6.0,20.0,7.0,20.0,7.0,20.0,7.0,20.0,7.0,19.0,7.0,18.0,7.0,17.0,7.0,17.0,7.0,17.0,7.0,16.0,7.0,16.0,7.0,15.0,7.0,14.0,7.0,0.0,0.0,0.0,0.0,0.0,0.0,0.0,0.0,0.0,0.0
0.9146,122.0,-96.0,7.0,0.0,-6.0,0.0,-3.0,-8.0,1.0,-14.0,1.0,-21.0,3.0,-26.0,3.0,-30.0,3.0,-34.0,3.0,-35.0,2.0,-35.0,1.0,-34.0,0.0,-32.0,0.0,-29.0,0.0,-24.0,1.0,-19.0,1.0,-13.0,2.0,-7.0,2.0,-1.0,3.0,5.0,4.0,10.0,5.0,14.0,6.0,17.0,6.0,19.0,7.0,20.0,6.0,20.0,6.0,19.0,0.0,0.0,0.0,0.0,0.0,0.0,0.0,0.0,0.0,0.0
0.9274,122.0,-96.0,7.0,0.0,1.0,3.0,-5.0,3.0,-11.0,4.0,-15.0,5.0,-20.0,6.0,-23.0,7.0,-25.0,8.0,-27.0,10.0,-27.0,10.0,-26.0,11.0,-24.0,10.0,-22.0,9.0,-18.0,8.0,-14.0,6.0,-11.0,3.0,-7.0,1.0,-2.0,-2.0,1.0,-5.0,5.0,-8.0,7.0,-10.0,9.0,-11.0,10.0,-12.0,11.0,-13.0,11.0,-13.0,11.0,-13.0,0.0,0.0,0.0,0.0,0.0,0.0,0.0,0.0,0.0,0.0
0.9419,122.0,-96.0,7.0,0.0,-17.0,-31.0,-17.0,-31.0,-17.0,-28.0,-16.0,-26.0,-14.0,-21.0,-11.0,-17.0,-8.0,-13.0,-3.0,-8.0,1.0,-4.0,6.0,0.0,10.0,2.0,14.0,5.0,18.0,7.0,22.0,8.0,24.0,9.0,24.0,10.0,25.0,10.0,23.0,9.0,21.0,8.0,18.0,7.0,15.0,5.0,11.0,4.0,7.0,3.0,3.0,1.0,-1.0,1.0,0.0,0.0,0.0,0.0,0.0,0.0,0.0,0.0,0.0,0.0
0.9557,122.0,-96.0,7.0,0.0,-26.0,7.0,-21.0,5.0,-14.0,3.0,-9.0,0.0,-4.0,-3.0,2.0,-7.0,6.0,-10.0,11.0,-14.0,14.0,-17.0,15.0,-20.0,17.0,-23.0,17.0,-25.0,17.0,-25.0,16.0,-24.0,14.0,-22.0,13.0,-20.0,10.0,-15.0,8.0,-12.0,5.0,-7.0,3.0,-3.0,1.0,1.0,-1.0,4.0,-2.0,8.0,-3.0,11.0,-4.0,13.0,0.0,0.0,0.0,0.0,0.0,0.0,0.0,0.0,0.0,0.0
0.9711,122.0,-96.0,7.0,0.0,-1.0,3.0,-7.0,1.0,-12.0,-2.0,-17.0,-4.0,-21.0,-5.0,-24.0,-5.0,-27.0,-5.0,-28.0,-4.0,-28.0,-4.0,-28.0,-3.0,-26.0,-3.0,-23.0,-2.0,-20.0,-2.0,-15.0,-2.0,-10.0,-2.0,-6.0,-2.0,-1.0,-3.0,4.0,-4.0,8.0,-4.0,11.0,-5.0,14.0,-5.0,15.0,-5.0,16.0,-5.0,16.0,-6.0,16.0,-5.0,0.0,0.0,0.0,0.0,0.0,0.0,0.0,0.0,0.0,0.0
0.9842,122.0,-96.0,7.0,0.0,-3.0,2.0,-7.0,-4.0,-9.0,-9.0,-13.0,-14.0,-16.0,-17.0,-19.0,-20.0,-21.0,-22.0,-22.0,-23.0,-23.0,-22.0,-23.0,-21.0,-22.0,-20.0,-20.0,-17.0,-17.0,-15.0,-12.0,-12.0,-8.0,-9.0,-3.0,-5.0,1.0,-3.0,5.0,0.0,9.0,2.0,12.0,4.0,15.0,6.0,17.0,7.0,18.0,7.0,17.0,6.0,17.0,6.0,0.0,0.0,0.0,0.0,0.0,0.0,0.0,0.0,0.0,0.0
0.9938,122.0,-96.0,7.0,0.0,-15.0,13.0,-15.0,13.0,-14.0,13.0,-14.0,13.0,-13.0,13.0,-13.0,13.0,-13.0,13.0,-13.0,13.0,-12.0,13.0,-12.0,13.0,-11.0,14.0,-11.0,14.0,-12.0,13.0,-11.0,13.0,-12.0,13.0,-11.0,13.0,-11.0,12.0,-11.0,11.0,-11.0,11.0,-11.0,11.0,-11.0,10.0,-10.0,10.0,-10.0,9.0,-10.0,9.0,-10.0,9.0,0.0,0.0,0.0,0.0,0.0,0.0,0.0,0.0,0.0,0.0
1.0072,122.0,-96.0,7.0,0.0,6.0,-32.0,5.0,-31.0,4.0,-29.0,4.0,-26.0,2.0,-22.0,2.0,-18.0,1.0,-13.0,2.0,-7.0,2.0,-1.0,4.0,4.0,5.0,9.0,6.0,13.0,7.0,16.0,9.0,20.0,10.0,21.0,10.0,22.0,10.0,21.0,10.0,20.0,9.0,18.0,8.0,15.0,6.0,12.0,4.0,9.0,2.0,6.0,0.0,2.0,-2.0,0.0,0.0,0.0,0.0,0.0,0.0,0.0,0.0,0.0,0.0,0.0
1.0238,122.0,-96.0,7.0,0.0,-25.0,-31.0,-26.0,-30.0,-24.0,-27.0,-22.0,-25.0,-19.0,-21.0,-15.0,-16.0,-10.0,-12.0,-5.0,-7.0,1.0,-4.0,7.0,-1.0,12.0,2.0,18.0,3.0,22.0,5.0,26.0,6.0,29.0,7.0,29.0,6.0,29.0,7.0,28.0,6.0,25.0,5.0,21.0,4.0,17.0,3.0,12.0,2.0,7.0,2.0,3.0,1.0,-2.0,0.0,0.0,0.0,0.0,0.0,0.0,0.0,0.0,0.0,0.0,0.0
1.036,122.0,-96.0,7.0,0.0,27.0,-23.0,26.0,-23.0,23.0,-22.0,21.0,-20.0,17.0,-17.0,14.0,-14.0,10.0,-9.0,6.0,-5.0,3.0,0.0,0.0,6.0,-3.0,12.0,-4.0,17.0,-5.0,20.0,-6.0,23.0,-6.0,25.0,-7.0,27.0,-6.0,26.0,-5.0,24.0,-5.0,22.0,-4.0,19.0,-4.0,15.0,-3.0,11.0,-2.0,7.0,-2.0,3.0,-2.0,-1.0,0.0,0.0,0.0,0.0,0.0,0.0,0.0,0.0,0.0,0.0
1.0497,122.0,-96.0,7.0,0.0,-25.0,5.0,-28.0,6.0,-31.0,7.0,-32.0,7.0,-33.0,8.0,-32.0,8.0,-30.0,8.0,-26.0,8.0,-22.0,7.0,-18.0,5.0,-13.0,3.0,-7.0,0.0,-2.0,-3.0,2.0,-6.0,7.0,-9.0,11.0,-12.0,13.0,-14.0,15.0,-16.0,17.0,-17.0,17.0,-17.0,16.0,-16.0,15.0,-15.0,13.0,-13.0,11.0,-12.0,9.0,-10.0,0.0,0.0,0.0,0.0,0.0,0.0,0.0,0.0,0.0,0.0
1.0625,122.0,-96.0,7.0,0.0,22.0,13.0,17.0,11.0,11.0,8.0,6.0,5.0,0.0,3.0,-6.0,2.0,-12.0,1.0,-18.0,1.0,-22.0,0.0,-25.0,1.0,-29.0,1.0,-30.0,2.0,-30.0,3.0,-29.0,3.0,-27.0,3.0,-25.0,3.0,-20.0,2.0,-16.0,1.0,-11.0,0.0,-6.0,-1.0,-2.0,-2.0,3.0,-3.0,6.0,-5.0,9.0,-6.0,11.0,-7.0,0.0,0.0,0.0,0.0,0.0,0.0,0.0,0.0,0.0,0.0
1.0753,122.0,-96.0,7.0,0.0,-1.0,4.0,-8.0,1.0,-15.0,-1.0,-21.0,-3.0,-26.0,-4.0,-30.0,-4.0,-34.0,-3.0,-35.0,-2.0,-35.0,-1.0,-35.0,-1.0,-33.0,0.0,-29.0,0.0,-24.0,0.0,-19.0,0.0,-13.0,-1.0,-7.0,-2.0,0.0,-4.0,5.0,-5.0,10.0,-6.0,14.0,-7.0,17.0,-7.0,18.0,-7.0,20.0,-8.0,20.0,-9.0,20.0,-8.0,0.0,0.0,0.0,0.0,0.0,0.0,0.0,0.0,0.0,0.0
1.089,122.0,-96.0,7.0,0.0,22.0,13.0,17.0,11.0,11.0,8.0,6.0,5.0,0.0,3.0,-7.0,2.0,-13.0,1.0,-18.0,1.0,-23.0,0.0,-26.0,1.0,-29.0,2.0,-31.0,3.0,-30.0,3.0,-29.0,3.0,-27.0,3.0,-24.0,4.0,-19.0,2.0,-15.0,1.0,-10.0,0.0,-5.0,-2.0,-1.0,-3.0,4.0,-4.0,7.0,-5.0,10.0,-6.0,12.0,-7.0,0.0,0.0,0.0,0.0,0.0,0.0,0.0,0.0,0.0,0.0
1.1018,122.0,-96.0,7.0,0.0,0.0,3.0,-6.0,2.0,-12.0,1.0,-17.0,0.0,-21.0,0.0,-25.0,0.0,-27.0,1.0,-29.0,2.0,-29.0,2.0,-28.0,3.0,-27.0,3.0,-24.0,3.0,-21.0,2.0,-16.0,2.0,-11.0,0.0,-7.0,-1.0,-2.0,-3.0,2.0,-5.0,7.0,-6.0,10.0,-7.0,12.0,-8.0,14.0,-8.0,15.0,-9.0,15.0,-10.0,15.0,-9.0,0.0,0.0,0.0,0.0,0.0,0.0,0.0,0.0,0.0,0.0
1.1165,122.0,-96.0,7.0,0.0,28.0,-15.0,28.0,-16.0,25.0,-15.0,23.0,-14.0,19.0,-12.0,15.0,-10.0,10.0,-7.0,6.0,-3.0,2.0,1.0,-1.0,5.0,-4.0,10.0,-6.0,14.0,-8.0,18.0,-9.0,20.0,-9.0,22.0,-10.0,23.0,-9.0,23.0,-9.0,21.0,-8.0,19.0,-7.0,16.0,-5.0,13.0,-4.0,10.0,-3.0,6.0,-2.0,2.0,-2.0,-1.0,0.0,0.0,0.0,0.0,0.0,0.0,0.0,0.0,0.0,0.0
1.1265,122.0,-96.0,7.0,0.0,12.0,-14.0,12.0,-14.0,12.0,-14.0,11.0,-14.0,11.0,-14.0,11.0,-14.0,10.0,-14.0,10.0,-15.0,10.0,-15.0,9.0,-15.0,9.0,-15.0,9.0,-15.0,9.0,-15.0,9.0,-15.0,9.0,-14.0,9.0,-14.0,9.0,-14.0,9.0,-13.0,8.0,-13.0,8.0,-12.0,8.0,-12.0,8.0,-12.0,8.0,-11.0,8.0,-11.0,8.0,-11.0,0.0,0.0,0.0,0.0,0.0,0.0,0.0,0.0,0.0,0.0
1.136,122.0,-96.0,7.0,0.0,0.0,-27.0,-1.0,-27.0,-1.0,-26.0,-1.0,-26.0,-2.0,-25.0,-2.0,-25.0,-3.0,-25.0,-3.0,-25.0,-3.0,-24.0,-4.0,-25.0,-4.0,-24.0,-5.0,-24.0,-5.0,-24.0,-4.0,-23.0,-5.0,-24.0,-4.0,-23.0,-4.0,-23.0,-4.0,-22.0,-3.0,-22.0,-3.0,-21.0,-3.0,-21.0,-3.0,-20.0,-2.0,-20.0,-2.0,-19.0,-1.0,-19.0,0.0,0.0,0.0,0.0,0.0,0.0,0.0,0.0,0.0,0.0
1.1497,122.0,-96.0,7.0,0.0,19.0,-2.0,22.0,-3.0,25.0,-3.0,26.0,-3.0,26.0,-4.0,25.0,-5.0,24.0,-5.0,21.0,-5.0,18.0,-5.0,14.0,-4.0,10.0,-2.0,5.0,0.0,1.0,2.0,-3.0,4.0,-7.0,6.0,-10.0,8.0,-13.0,10.0,-14.0,10.0,-15.0,11.0,-16.0,11.0,-15.0,11.0,-14.0,10.0,-13.0,9.0,-11.0,8.0,-9.0,6.0,0.0,0.0,0.0,0.0,0.0,0.0,0.0,0.0,0.0,0.0
1.1638,122.0,-96.0,7.0,0.0,3.0,-3.0,5.0,5.0,6.0,12.0,8.0,18.0,10.0,23.0,12.0,27.0,14.0,30.0,14.0,31.0,15.0,31.0,16.0,30.0,15.0,28.0,14.0,25.0,12.0,21.0,9.0,17.0,6.0,12.0,1.0,8.0,-2.0,3.0,-6.0,-2.0,-9.0,-6.0,-12.0,-9.0,-15.0,-12.0,-17.0,-13.0,-18.0,-14.0,-18.0,-14.0,-17.0,-14.0,0.0,0.0,0.0,0.0,0.0,0.0,0.0,0.0,0.0,0.0
1.1767,122.0,-96.0,7.0,0.0,11.0,24.0,14.0,28.0,15.0,31.0,17.0,33.0,18.0,33.0,18.0,31.0,18.0,29.0,15.0,25.0,13.0,20.0,10.0,16.0,7.0,12.0,2.0,8.0,-3.0,3.0,-8.0,-2.0,-13.0,-5.0,-16.0,-8.0,-20.0,-11.0,-22.0,-13.0,-23.0,-14.0,-23.0,-14.0,-23.0,-14.0,-21.0,-13.0,-19.0,-11.0,-16.0,-9.0,-13.0,-8.0,0.0,0.0,0.0,0.0,0.0,0.0,0.0,0.0,0.0,0.0
1.1891,122.0,-96.0,7.0,0.0,-3.0,28.0,-3.0,22.0,-2.0,16.0,-3.0,8.0,-5.0,1.0,-7.0,-5.0,-8.0,-12.0,-11.0,-17.0,-14.0,-21.0,-17.0,-25.0,-19.0,-27.0,-20.0,-27.0,-20.0,-27.0,-21.0,-26.0,-19.0,-24.0,-17.0,-21.0,-15.0,-17.0,-11.0,-14.0,-7.0,-9.0,-3.0,-6.0,2.0,-2.0,5.0,1.0,8.0,3.0,11.0,5.0,14.0,7.0,0.0,0.0,0.0,0.0,0.0,0.0,0.0,0.0,0.0,0.0
1.2038,122.0,-96.0,7.0,0.0,21.0,-9.0,17.0,-7.0,12.0,-5.0,7.0,-2.0,3.0,2.0,-2.0,5.0,-5.0,9.0,-9.0,13.0,-11.0,16.0,-12.0,19.0,-14.0,22.0,-14.0,24.0,-13.0,24.0,-12.0,23.0,-11.0,21.0,-10.0,19.0,-8.0,15.0,-6.0,11.0,-5.0,7.0,-3.0,2.0,-3.0,-2.0,-1.0,-5.0,-1.0,-8.0,0.0,-11.0,0.0,-13.0,0.0,0.0,0.0,0.0,0.0,0.0,0.0,0.0,0.0,0.0
1.218,122.0,-96.0,7.0,0.0,1.0,-3.0,5.0,1.0,8.0,5.0,11.0,8.0,14.0,11.0,17.0,12.0,19.0,13.0,21.0,13.0,21.0,13.0,21.0,12.0,20.0,11.0,18.0,10.0,15.0,8.0,12.0,6.0,8.0,5.0,4.0,4.0,0.0,2.0,-4.0,1.0,-8.0,0.0,-11.0,-1.0,-14.0,-2.0,-15.0,-2.0,-16.0,-2.0,-16.0,-2.0,-16.0,-2.0,0.0,0.0,0.0,0.0,0.0,0.0,0.0,0.0,0.0,0.0
1.227,122.0,-96.0,7.0,0.0,-11.0,23.0,-10.0,23.0,-9.0,23.0,-9.0,22.0,-8.0,22.0,-8.0,22.0,-7.0,22.0,-7.0,22.0,-7.0,22.0,-7.0,22.0,-7.0,21.0,-7.0,22.0,-6.0,21.0,-6.0,21.0,-6.0,21.0,-6.0,21.0,-6.0,20.0,-6.0,20.0,-6.0,19.0,-7.0,18.0,-6.0,18.0,-7.0,18.0,-7.0,16.0,-7.0,16.0,-7.0,15.0,0.0,0.0,0.0,0.0,0.0,0.0,0.0,0.0,0.0,0.0
1.2397,122.0,-96.0,7.0,0.0,9.0,-34.0,8.0,-35.0,6.0,-32.0,5.0,-30.0,4.0,-25.0,3.0,-20.0,2.0,-14.0,2.0,-8.0,3.0,-2.0,4.0,4.0,6.0,10.0,7.0,15.0,9.0,19.0,11.0,21.0,12.0,24.0,12.0,24.0,13.0,24.0,12.0,22.0,11.0,20.0,9.0,17.0,7.0,14.0,5.0,10.0,3.0,7.0,0.0,3.0,-3.0,0.0,0.0,0.0,0.0,0.0,0.0,0.0,0.0,0.0,0.0,0.0
1.2516,122.0,-96.0,7.0,0.0,11.0,37.0,11.0,36.0,12.0,33.0,11.0,30.0,10.0,26.0,8.0,20.0,5.0,14.0,1.0,8.0,-3.0,3.0,-7.0,-2.0,-12.0,-6.0,-16.0,-9.0,-20.0,-12.0,-23.0,-15.0,-25.0,-16.0,-26.0,-17.0,-26.0,-17.0,-25.0,-16.0,-23.0,-14.0,-20.0,-12.0,-17.0,-10.0,-13.0,-8.0,-8.0,-6.0,-4.0,-3.0,0.0,-2.0,0.0,0.0,0.0,0.0,0.0,0.0,0.0,0.0,0.0,0.0
1.2643,122.0,-96.0,7.0,0.0,22.0,6.0,17.0,5.0,12.0,4.0,6.0,3.0,1.0,3.0,-5.0,3.0,-10.0,4.0,-15.0,5.0,-19.0,6.0,-22.0,7.0,-25.0,9.0,-25.0,10.0,-25.0,11.0,-24.0,10.0,-22.0,10.0,-20.0,9.0,-16.0,7.0,-12.0,5.0,-8.0,2.0,-5.0,0.0,-2.0,-2.0,2.0,-5.0,4.0,-7.0,6.0,-9.0,8.0,-10.0,0.0,0.0,0.0,0.0,0.0,0.0,0.0,0.0,0.0,0.0
1.2728,-120.0,-128.0,8.0,0.0,9.0,24.0,9.0,23.0,9.0,23.0,9.0,22.0,10.0,22.0,10.0,21.0,10.0,21.0,10.0,20.0,10.0,20.0,11.0,20.0,11.0,20.0,11.0,19.0,11.0,19.0,11.0,19.0,11.0,19.0,10.0,19.0,10.0,19.0,9.0,18.0,9.0,17.0,8.0,17.0,8.0,17.0,7.0,16.0,7.0,16.0,6.0,15.0,6.0,16.0,0.0,0.0,0.0,0.0,0.0,0.0,0.0,0.0,0.0,0.0
1.2804,122.0,-96.0,7.0,0.0,5.0,25.0,6.0,25.0,6.0,24.0,6.0,24.0,7.0,23.0,7.0,23.0,7.0,22.0,8.0,22.0,8.0,22.0,8.0,21.0,9.0,21.0,9.0,21.0,9.0,21.0,8.0,20.0,8.0,21.0,8.0,20.0,8.0,20.0,7.0,20.0,6.0,19.0,6.0,18.0,6.0,18.0,5.0,17.0,5.0,17.0,5.0,17.0,4.0,17.0,0.0,0.0,0.0,0.0,0.0,0.0,0.0,0.0,0.0,0.0
1.2945,122.0,-96.0,7.0,0.0,-2.0,3.0,-7.0,0.0,-11.0,-3.0,-16.0,-6.0,-20.0,-8.0,-24.0,-9.0,-26.0,-9.0,-28.0,-8.0,-28.0,-8.0,-27.0,-7.0,-26.0,-7.0,-23.0,-6.0,-19.0,-5.0,-15.0,-3.0,-10.0,-3.0,-5.0,-3.0,0.0,-3.0,4.0,-4.0,8.0,-4.0,12.0,-4.0,14.0,-4.0,16.0,-4.0,17.0,-4.0,17.0,-5.0,17.0,-4.0,0.0,0.0,0.0,0.0,0.0,0.0,0.0,0.0,0.0,0.0
1.308,122.0,-96.0,7.0,0.0,18.0,-14.0,15.0,-12.0,10.0,-7.0,7.0,-4.0,3.0,1.0,0.0,6.0,-3.0,10.0,-6.0,14.0,-6.0,18.0,-7.0,21.0,-7.0,24.0,-7.0,26.0,-7.0,26.0,-6.0,24.0,-5.0,23.0,-5.0,20.0,-4.0,16.0,-3.0,12.0,-3.0,7.0,-3.0,3.0,-3.0,-1.0,-3.0,-5.0,-3.0,-8.0,-3.0,-11.0,-3.0,-13.0,0.0,0.0,0.0,0.0,0.0,0.0,0.0,0.0,0.0,0.0
1.3215,122.0,-96.0,7.0,0.0,3.0,-1.0,2.0,4.0,1.0,9.0,1.0,14.0,1.0,18.0,2.0,21.0,2.0,23.0,2.0,24.0,4.0,23.0,4.0,23.0,4.0,22.0,4.0,20.0,3.0,16.0,2.0,12.0,1.0,9.0,-1.0,4.0,-2.0,0.0,-4.0,-3.0,-5.0,-7.0,-7.0,-10.0,-8.0,-12.0,-9.0,-13.0,-10.0,-13.0,-9.0,-13.0,-9.0,-13.0,0.0,0.0,0.0,0.0,0.0,0.0,0.0,0.0,0.0,0.0
1.3343,122.0,-96.0,7.0,0.0,15.0,30.0,15.0,30.0,15.0,27.0,14.0,24.0,12.0,20.0,9.0,16.0,6.0,11.0,2.0,7.0,-2.0,3.0,-7.0,-1.0,-12.0,-4.0,-16.0,-6.0,-20.0,-8.0,-24.0,-10.0,-25.0,-10.0,-26.0,-10.0,-26.0,-10.0,-24.0,-9.0,-22.0,-9.0,-19.0,-7.0,-15.0,-6.0,-12.0,-5.0,-7.0,-4.0,-3.0,-2.0,1.0,-2.0,0.0,0.0,0.0,0.0,0.0,0.0,0.0,0.0,0.0,0.0
1.3477,122.0,-96.0,7.0,0.0,15.0,-11.0,18.0,-14.0,19.0,-15.0,20.0,-16.0,20.0,-17.0,19.0,-17.0,17.0,-16.0,15.0,-15.0,12.0,-13.0,10.0,-10.0,7.0,-7.0,5.0,-3.0,2.0,1.0,0.0,5.0,-2.0,9.0,-4.0,12.0,-5.0,15.0,-6.0,16.0,-7.0,17.0,-7.0,17.0,-6.0,17.0,-6.0,15.0,-6.0,14.0,-5.0,12.0,-4.0,9.0,0.0,0.0,0.0,0.0,0.0,0.0,0.0,0.0,0.0,0.0
1.3557,122.0,-96.0,7.0,0.0,23.0,6.0,22.0,6.0,22.0,6.0,22.0,5.0,21.0,5.0,22.0,5.0,21.0,4.0,21.0,4.0,21.0,3.0,21.0,3.0,21.0,3.0,21.0,2.0,20.0,3.0,21.0,3.0,20.0,3.0,20.0,3.0,19.0,3.0,19.0,3.0,18.0,4.0,18.0,3.0,17.0,4.0,17.0,4.0,16.0,4.0,16.0,4.0,15.0,4.0,0.0,0.0,0.0,0.0,0.0,0.0,0.0,0.0,0.0,0.0
1.3683,122.0,-96.0,7.0,0.0,24.0,5.0,19.0,5.0,13.0,4.0,7.0,3.0,1.0,3.0,-5.0,4.0,-11.0,5.0,-16.0,7.0,-20.0,8.0,-23.0,10.0,-26.0,12.0,-27.0,13.0,-27.0,14.0,-25.0,13.0,-23.0,12.0,-21.0,12.0,-17.0,9.0,-13.0,6.0,-9.0,3.0,-5.0,0.0,-2.0,-3.0,1.0,-5.0,4.0,-8.0,6.0,-10.0,8.0,-12.0,0.0,0.0,0.0,0.0,0.0,0.0,0.0,0.0,0.0,0.0
1.3816,122.0,-96.0,7.0,0.0,-15.0,-16.0,-18.0,-19.0,-20.0,-20.0,-21.0,-21.0,-22.0,-21.0,-22.0,-20.0,-21.0,-19.0,-19.0,-16.0,-17.0,-13.0,-13.0,-11.0,-9.0,-9.0,-5.0,-6.0,0.0,-4.0,5.0,-2.0,9.0,0.0,13.0,1.0,16.0,2.0,18.0,2.0,20.0,3.0,20.0,3.0,20.0,3.0,19.0,3.0,17.0,3.0,14.0,1.0,12.0,1.0,0.0,0.0,0.0,0.0,0.0,0.0,0.0,0.0,0.0,0.0
1.3909,122.0,-96.0,7.0,0.0,-22.0,9.0,-22.0,10.0,-21.0,9.0,-21.0,9.0,-20.0,10.0,-20.0,11.0,-19.0,11.0,-19.0,11.0,-19.0,11.0,-19.0,11.0,-18.0,11.0,-18.0,12.0,-18.0,12.0,-18.0,11.0,-18.0,11.0,-17.0,11.0,-17.0,11.0,-17.0,10.0,-16.0,9.0,-16.0,9.0,-16.0,9.0,-16.0,8.0,-16.0,8.0,-15.0,7.0,-16.0,7.0,0.0,0.0,0.0,0.0,0.0,0.0,0.0,0.0,0.0,0.0
1.4038,122.0,-96.0,7.0,0.0,28.0,11.0,28.0,10.0,27.0,9.0,24.0,7.0,21.0,6.0,16.0,5.0,11.0,4.0,6.0,3.0,0.0,3.0,-4.0,3.0,-10.0,5.0,-14.0,6.0,-17.0,7.0,-20.0,8.0,-22.0,8.0,-23.0,9.0,-23.0,9.0,-22.0,9.0,-19.0,8.0,-17.0,7.0,-14.0,5.0,-11.0,4.0,-8.0,2.0,-4.0,0.0,-2.0,-2.0,0.0,0.0,0.0,0.0,0.0,0.0,0.0,0.0,0.0,0.0
1.4121,122.0,-96.0,7.0,0.0,-18.0,2.0,-19.0,3.0,-18.0,2.0,-18.0,3.0,-17.0,3.0,-17.0,4.0,-17.0,4.0,-17.0,4.0,-16.0,4.0,-16.0,4.0,-16.0,5.0,-16.0,5.0,-16.0,5.0,-16.0,5.0,-16.0,5.0,-15.0,5.0,-15.0,5.0,-15.0,4.0,-14.0,4.0,-14.0,3.0,-14.0,3.0,-13.0,3.0,-13.0,3.0,-13.0,3.0,-13.0,2.0,0.0,0.0,0.0,0.0,0.0,0.0,0.0,0.0,0.0,0.0
1.4263,122.0,-96.0,7.0,0.0,16.0,-14.0,19.0,-16.0,22.0,-19.0,21.0,-20.0,21.0,-21.0,20.0,-21.0,19.0,-20.0,16.0,-18.0,14.0,-16.0,11.0,-12.0,8.0,-8.0,5.0,-4.0,3.0,1.0,1.0,5.0,-1.0,9.0,-3.0,13.0,-4.0,16.0,-4.0,18.0,-5.0,20.0,-5.0,20.0,-4.0,20.0,-4.0,18.0,-4.0,16.0,-4.0,14.0,-3.0,11.0,0.0,0.0,0.0,0.0,0.0,0.0,0.0,0.0,0.0,0.0
1.4409,122.0,-96.0,7.0,0.0,-22.0,2.0,-26.0,2.0,-28.0,3.0,-29.0,4.0,-30.0,4.0,-29.0,5.0,-27.0,5.0,-24.0,6.0,-20.0,5.0,-16.0,4.0,-12.0,1.0,-8.0,-1.0,-3.0,-3.0,2.0,-6.0,5.0,-8.0,9.0,-11.0,11.0,-13.0,13.0,-15.0,14.0,-15.0,14.0,-16.0,14.0,-15.0,13.0,-14.0,11.0,-13.0,10.0,-12.0,8.0,-10.0,0.0,0.0,0.0,0.0,0.0,0.0,0.0,0.0,0.0,0.0
1.4554,122.0,-96.0,7.0,0.0,-38.0,-9.0,-38.0,-8.0,-34.0,-7.0,-32.0,-5.0,-27.0,-4.0,-21.0,-3.0,-15.0,-4.0,-8.0,-3.0,-1.0,-5.0,4.0,-6.0,10.0,-9.0,15.0,-12.0,19.0,-14.0,22.0,-15.0,24.0,-17.0,24.0,-18.0,24.0,-18.0,22.0,-17.0,20.0,-15.0,17.0,-13.0,14.0,-11.0,10.0,-8.0,6.0,-5.0,3.0,-2.0,0.0,2.0,0.0,0.0,0.0,0.0,0.0,0.0,0.0,0.0,0.0,0.0
1.4685,122.0,-96.0,7.0,0.0,4.0,-2.0,5.0,5.0,6.0,11.0,7.0,16.0,9.0,21.0,10.0,24.0,12.0,27.0,13.0,27.0,14.0,27.0,14.0,26.0,14.0,24.0,12.0,21.0,10.0,18.0,7.0,14.0,4.0,9.0,0.0,6.0,-3.0,1.0,-7.0,-2.0,-10.0,-6.0,-12.0,-8.0,-15.0,-10.0,-16.0,-11.0,-17.0,-11.0,-17.0,-11.0,-17.0,-11.0,0.0,0.0,0.0,0.0,0.0,0.0,0.0,0.0,0.0,0.0
1.4824,122.0,-96.0,7.0,0.0,3.0,-3.0,6.0,2.0,10.0,7.0,14.0,12.0,17.0,15.0,20.0,17.0,23.0,18.0,24.0,18.0,24.0,17.0,24.0,17.0,23.0,16.0,21.0,14.0,17.0,11.0,13.0,9.0,9.0,7.0,3.0,5.0,-1.0,3.0,-6.0,1.0,-10.0,0.0,-14.0,-1.0,-17.0,-2.0,-18.0,-3.0,-20.0,-3.0,-20.0,-3.0,-19.0,-2.0,0.0,0.0,0.0,0.0,0.0,0.0,0.0,0.0,0.0,0.0
1.4957,122.0,-96.0,7.0,0.0,19.0,-10.0,22.0,-11.0,25.0,-13.0,25.0,-14.0,25.0,-15.0,24.0,-15.0,22.0,-15.0,19.0,-14.0,16.0,-12.0,13.0,-9.0,9.0,-5.0,5.0,-2.0,2.0,2.0,-1.0,6.0,-4.0,9.0,-6.0,13.0,-8.0,16.0,-9.0,18.0,-10.0,18.0,-10.0,19.0,-9.0,18.0,-9.0,17.0,-8.0,15.0,-7.0,13.0,-5.0,10.0,0.0,0.0,0.0,0.0,0.0,0.0,0.0,0.0,0.0,0.0
1.5098,108.0,-64.0,6.0,0.0,-20.0,10.0,-16.0,7.0,-10.0,4.0,-7.0,1.0,-2.0,-2.0,2.0,-7.0,5.0,-11.0,8.0,-15.0,10.0,-18.0,12.0,-21.0,12.0,-24.0,13.0,-25.0,12.0,-25.0,11.0,-24.0,10.0,-22.0,9.0,-20.0,7.0,-16.0,5.0,-12.0,4.0,-7.0,2.0,-3.0,1.0,2.0,0.0,6.0,-2.0,9.0,-3.0,12.0,-3.0,14.0,0.0,0.0,0.0,0.0,0.0,0.0,0.0,0.0,0.0,0.0
1.5252,122.0,-96.0,7.0,0.0,2.0,23.0,1.0,18.0,1.0,12.0,-2.0,5.0,-3.0,0.0,-6.0,-6.0,-9.0,-11.0,-12.0,-15.0,-14.0,-19.0,-17.0,-22.0,-19.0,-23.0,-20.0,-24.0,-20.0,-24.0,-20.0,-23.0,-19.0,-21.0,-16.0,-18.0,-13.0,-15.0,-10.0,-12.0,-5.0,-8.0,-2.0,-4.0,2.0,-1.0,6.0,2.0,8.0,5.0,11.0,7.0,13.0,9.0,0.0,0.0,0.0,0.0,0.0,0.0,0.0,0.0,0.0,0.0
1.5389,122.0,-96.0,7.0,0.0,-3.0,-25.0,-4.0,-29.0,-5.0,-31.0,-6.0,-33.0,-6.0,-33.0,-7.0,-32.0,-7.0,-29.0,-6.0,-26.0,-5.0,-22.0,-4.0,-16.0,-3.0,-12.0,-1.0,-6.0,2.0,-1.0,5.0,5.0,8.0,10.0,10.0,13.0,12.0,17.0,13.0,19.0,14.0,21.0,14.0,21.0,13.0,20.0,13.0,19.0,11.0,17.0,9.0,14.0,7.0,11.0,0.0,0.0,0.0,0.0,0.0,0.0,0.0,0.0,0.0,0.0
1.5524,122.0,-96.0,7.0,0.0,1.0,1.0,-2.0,5.0,-5.0,9.0,-7.0,13.0,-9.0,17.0,-10.0,20.0,-10.0,21.0,-11.0,23.0,-11.0,23.0,-10.0,22.0,-9.0,21.0,-7.0,18.0,-7.0,15.0,-5.0,11.0,-4.0,7.0,-3.0,2.0,-2.0,-2.0,-1.0,-6.0,0.0,-10.0,0.0,-13.0,0.0,-16.0,1.0,-17.0,1.0,-18.0,2.0,-18.0,2.0,-18.0,0.0,0.0,0.0,0.0,0.0,0.0,0.0,0.0,0.0,0.0
1.567,122.0,-96.0,7.0,0.0,-21.0,27.0,-20.0,27.0,-17.0,26.0,-15.0,23.0,-12.0,19.0,-9.0,15.0,-7.0,10.0,-5.0,4.0,-3.0,-2.0,-2.0,-8.0,0.0,-14.0,0.0,-19.0,1.0,-23.0,0.0,-27.0,0.0,-29.0,1.0,-30.0,0.0,-29.0,0.0,-28.0,0.0,-25.0,0.0,-21.0,0.0,-17.0,0.0,-12.0,0.0,-8.0,1.0,-3.0,1.0,1.0,0.0,0.0,0.0,0.0,0.0,0.0,0.0,0.0,0.0,0.0
1.5829,122.0,-96.0,7.0,0.0,0.0,-3.0,7.0,-3.0,13.0,-3.0,18.0,-3.0,23.0,-4.0,27.0,-5.0,29.0,-6.0,31.0,-7.0,31.0,-8.0,29.0,-8.0,27.0,-8.0,24.0,-7.0,20.0,-6.0,15.0,-4.0,10.0,-2.0,5.0,0.0,-1.0,2.0,-6.0,5.0,-11.0,6.0,-14.0,8.0,-17.0,9.0,-18.0,10.0,-20.0,10.0,-20.0,10.0,-20.0,10.0,0.0,0.0,0.0,0.0,0.0,0.0,0.0,0.0,0.0,0.0
1.5932,122.0,-96.0,7.0,0.0,-2.0,3.0,-8.0,5.0,-14.0,7.0,-19.0,9.0,-22.0,11.0,-25.0,13.0,-27.0,14.0,-28.0,16.0,-28.0,16.0,-26.0,16.0,-24.0,15.0,-21.0,13.0,-17.0,10.0,-14.0,7.0,-9.0,3.0,-5.0,0.0,0.0,-4.0,4.0,-8.0,8.0,-11.0,10.0,-13.0,13.0,-15.0,14.0,-16.0,15.0,-16.0,16.0,-17.0,15.0,-16.0,0.0,0.0,0.0,0.0,0.0,0.0,0.0,0.0,0.0,0.0
1.6058,122.0,-96.0,7.0,0.0,21.0,21.0,21.0,20.0,20.0,18.0,18.0,15.0,15.0,12.0,11.0,9.0,7.0,6.0,2.0,4.0,-3.0,1.0,-8.0,-1.0,-14.0,-2.0,-18.0,-4.0,-21.0,-4.0,-24.0,-5.0,-26.0,-5.0,-27.0,-5.0,-26.0,-5.0,-25.0,-5.0,-22.0,-4.0,-19.0,-4.0,-15.0,-3.0,-11.0,-3.0,-7.0,-2.0,-3.0,-2.0,1.0,-2.0,0.0,0.0,0.0,0.0,0.0,0.0,0.0,0.0,0.0,0.0
1.6209,122.0,-96.0,7.0,0.0,-29.0,13.0,-27.0,13.0,-25.0,12.0,-22.0,11.0,-18.0,9.0,-14.0,6.0,-9.0,3.0,-5.0,0.0,-1.0,-4.0,3.0,-7.0,6.0,-13.0,9.0,-16.0,11.0,-19.0,12.0,-21.0,12.0,-22.0,14.0,-23.0,13.0,-23.0,12.0,-21.0,11.0,-19.0,9.0,-17.0,7.0,-13.0,6.0,-10.0,3.0,-6.0,2.0,-2.0,0.0,1.0,0.0,0.0,0.0,0.0,0.0,0.0,0.0,0.0,0.0,0.0
1.6332,122.0,-96.0,7.0,0.0,-18.0,16.0,-20.0,18.0,-22.0,20.0,-21.0,21.0,-21.0,22.0,-20.0,21.0,-17.0,19.0,-16.0,18.0,-13.0,15.0,-10.0,11.0,-7.0,6.0,-4.0,1.0,-2.0,-3.0,0.0,-8.0,2.0,-13.0,3.0,-17.0,5.0,-20.0,5.0,-22.0,6.0,-23.0,6.0,-23.0,5.0,-22.0,5.0,-21.0,4.0,-18.0,4.0,-16.0,4.0,-12.0,0.0,0.0,0.0,0.0,0.0,0.0,0.0,0.0,0.0,0.0
1.6462,122.0,-96.0,7.0,0.0,38.0,3.0,37.0,2.0,34.0,1.0,31.0,0.0,26.0,0.0,20.0,0.0,13.0,0.0,7.0,1.0,0.0,3.0,-6.0,5.0,-13.0,9.0,-18.0,10.0,-22.0,13.0,-25.0,14.0,-27.0,16.0,-28.0,17.0,-28.0,16.0,-26.0,15.0,-23.0,14.0,-21.0,11.0,-17.0,9.0,-12.0,6.0,-8.0,3.0,-4.0,0.0,-1.0,-3.0,0.0,0.0,0.0,0.0,0.0,0.0,0.0,0.0,0.0,0.0
1.66,122.0,-96.0,7.0,0.0,-31.0,6.0,-31.0,7.0,-28.0,6.0,-25.0,6.0,-21.0,6.0,-16.0,4.0,-11.0,2.0,-6.0,0.0,-2.0,-3.0,3.0,-6.0,7.0,-11.0,10.0,-14.0,13.0,-17.0,14.0,-18.0,16.0,-21.0,16.0,-21.0,16.0,-21.0,14.0,-20.0,13.0,-18.0,11.0,-16.0,9.0,-12.0,6.0,-9.0,4.0,-5.0,2.0,-2.0,0.0,2.0,0.0,0.0,0.0,0.0,0.0,0.0,0.0,0.0,0.0,0.0
1.6753,122.0,-96.0,7.0,0.0,3.0,-1.0,7.0,4.0,11.0,7.0,15.0,10.0,18.0,13.0,21.0,14.0,23.0,15.0,24.0,15.0,24.0,14.0,23.0,13.0,21.0,12.0,19.0,10.0,15.0,9.0,11.0,7.0,6.0,5.0,1.0,3.0,-3.0,2.0,-8.0,0.0,-12.0,-1.0,-15.0,-2.0,-18.0,-3.0,-20.0,-4.0,-20.0,-4.0,-20.0,-4.0,-20.0,-4.0,0.0,0.0,0.0,0.0,0.0,0.0,0.0,0.0,0.0,0.0
1.6892,122.0,-96.0,7.0,0.0,-23.0,-5.0,-18.0,-5.0,-11.0,-4.0,-5.0,-4.0,1.0,-4.0,7.0,-5.0,13.0,-7.0,18.0,-8.0,22.0,-11.0,24.0,-12.0,27.0,-14.0,27.0,-15.0,27.0,-16.0,25.0,-14.0,23.0,-13.0,20.0,-12.0,16.0,-9.0,11.0,-6.0,7.0,-3.0,3.0,0.0,-1.0,3.0,-4.0,6.0,-7.0,9.0,-9.0,11.0,-11.0,13.0,0.0,0.0,0.0,0.0,0.0,0.0,0.0,0.0,0.0,0.0
1.7031,122.0,-96.0,7.0,0.0,20.0,-4.0,15.0,-3.0,9.0,-1.0,5.0,1.0,-1.0,3.0,-6.0,6.0,-10.0,9.0,-14.0,12.0,-16.0,15.0,-18.0,17.0,-19.0,19.0,-19.0,20.0,-19.0,21.0,-18.0,19.0,-16.0,18.0,-14.0,15.0,-11.0,12.0,-9.0,8.0,-6.0,4.0,-4.0,0.0,-2.0,-3.0,0.0,-7.0,2.0,-10.0,3.0,-13.0,5.0,-15.0,0.0,0.0,0.0,0.0,0.0,0.0,0.0,0.0,0.0,0.0
1.7172,122.0,-96.0,7.0,0.0,-25.0,24.0,-23.0,24.0,-20.0,22.0,-18.0,19.0,-14.0,16.0,-11.0,12.0,-8.0,7.0,-5.0,2.0,-3.0,-4.0,-1.0,-10.0,0.0,-16.0,1.0,-21.0,2.0,-24.0,1.0,-27.0,1.0,-29.0,2.0,-30.0,2.0,-29.0,1.0,-27.0,1.0,-24.0,1.0,-20.0,1.0,-16.0,0.0,-12.0,1.0,-7.0,1.0,-2.0,2.0,2.0,0.0,0.0,0.0,0.0,0.0,0.0,0.0,0.0,0.0,0.0
1.7321,122.0,-96.0,7.0,0.0,3.0,1.0,2.0,8.0,1.0,15.0,0.0,21.0,0.0,26.0,0.0,30.0,1.0,33.0,2.0,35.0,3.0,35.0,4.0,33.0,4.0,30.0,3.0,27.0,2.0,22.0,1.0,17.0,0.0,11.0,-2.0,5.0,-5.0,-2.0,-7.0,-7.0,-8.0,-13.0,-10.0,-16.0,-10.0,-19.0,-11.0,-21.0,-12.0,-22.0,-13.0,-23.0,-12.0,-22.0,0.0,0.0,0.0,0.0,0.0,0.0,0.0,0.0,0.0,0.0
1.7453,122.0,-96.0,7.0,0.0,-1.0,-35.0,-1.0,-34.0,-2.0,-31.0,-2.0,-28.0,-3.0,-23.0,-2.0,-18.0,-1.0,-12.0,1.0,-7.0,4.0,-1.0,6.0,5.0,9.0,10.0,11.0,14.0,14.0,17.0,17.0,20.0,18.0,21.0,18.0,22.0,18.0,21.0,17.0,20.0,16.0,17.0,13.0,15.0,10.0,12.0,7.0,8.0,3.0,5.0,0.0,2.0,-3.0,-1.0,0.0,0.0,0.0,0.0,0.0,0.0,0.0,0.0,0.0,0.0
1.7598,122.0,-96.0,7.0,0.0,20.0,13.0,24.0,14.0,27.0,16.0,28.0,16.0,29.0,15.0,28.0,14.0,26.0,12.0,23.0,10.0,19.0,8.0,14.0,6.0,9.0,5.0,3.0,4.0,-3.0,3.0,-8.0,1.0,-14.0,1.0,-19.0,0.0,-22.0,-1.0,-25.0,-1.0,-26.0,-1.0,-27.0,-1.0,-25.0,-2.0,-23.0,-2.0,-20.0,-2.0,-18.0,-1.0,-15.0,-2.0,0.0,0.0,0.0,0.0,0.0,0.0,0.0,0.0,0.0,0.0
1.7719,122.0,-96.0,7.0,0.0,-4.0,0.0,-7.0,-6.0,-9.0,-11.0,-13.0,-16.0,-16.0,-20.0,-18.0,-22.0,-20.0,-24.0,-21.0,-24.0,-21.0,-24.0,-21.0,-23.0,-21.0,-21.0,-18.0,-18.0,-15.0,-15.0,-11.0,-12.0,-7.0,-9.0,-2.0,-5.0,3.0,-2.0,7.0,1.0,11.0,4.0,14.0,6.0,17.0,9.0,18.0,9.0,19.0,10.0,19.0,9.0,18.0,10.0,0.0,0.0,0.0,0.0,0.0,0.0,0.0,0.0,0.0,0.0
1.7845,122.0,-96.0,7.0,0.0,2.0,-4.0,10.0,-5.0,16.0,-6.0,22.0,-6.0,26.0,-8.0,30.0,-9.0,32.0,-10.0,34.0,-12.0,33.0,-12.0,31.0,-12.0,28.0,-11.0,25.0,-10.0,21.0,-8.0,15.0,-6.0,10.0,-2.0,4.0,0.0,-2.0,4.0,-7.0,7.0,-12.0,9.0,-15.0,12.0,-18.0,12.0,-19.0,13.0,-20.0,14.0,-21.0,14.0,-21.0,14.0,0.0,0.0,0.0,0.0,0.0,0.0,0.0,0.0,0.0,0.0
1.7979,122.0,-96.0,7.0,0.0,-4.0,-2.0,-6.0,-7.0,-7.0,-11.0,-9.0,-15.0,-11.0,-18.0,-13.0,-20.0,-14.0,-21.0,-15.0,-21.0,-15.0,-21.0,-16.0,-20.0,-15.0,-18.0,-13.0,-16.0,-11.0,-13.0,-8.0,-10.0,-4.0,-7.0,-1.0,-4.0,3.0,-1.0,5.0,2.0,8.0,5.0,11.0,6.0,13.0,8.0,14.0,9.0,15.0,9.0,15.0,9.0,14.0,9.0,0.0,0.0,0.0,0.0,0.0,0.0,0.0,0.0,0.0,0.0
1.8126,122.0,-96.0,7.0,0.0,-20.0,5.0,-23.0,6.0,-25.0,7.0,-26.0,8.0,-26.0,8.0,-24.0,9.0,-22.0,9.0,-20.0,8.0,-17.0,7.0,-13.0,5.0,-9.0,2.0,-5.0,0.0,-1.0,-3.0,3.0,-6.0,6.0,-9.0,9.0,-11.0,12.0,-13.0,13.0,-15.0,14.0,-15.0,14.0,-16.0,14.0,-15.0,13.0,-14.0,11.0,-12.0,10.0,-11.0,8.0,-9.0,0.0,0.0,0.0,0.0,0.0,0.0,0.0,0.0,0.0,0.0
1.8277,122.0,-96.0,7.0,0.0,-24.0,-13.0,-19.0,-11.0,-13.0,-8.0,-6.0,-5.0,1.0,-3.0,8.0,-2.0,15.0,-1.0,21.0,-1.0,26.0,-2.0,30.0,-2.0,33.0,-3.0,34.0,-4.0,34.0,-4.0,33.0,-4.0,30.0,-4.0,26.0,-4.0,21.0,-2.0,16.0,-1.0,10.0,0.0,4.0,2.0,-2.0,2.0,-7.0,4.0,-11.0,5.0,-15.0,7.0,-18.0,7.0,0.0,0.0,0.0,0.0,0.0,0.0,0.0,0.0,0.0,0.0
1.8424,122.0,-96.0,7.0,0.0,-11.0,-18.0,-13.0,-20.0,-14.0,-22.0,-16.0,-23.0,-16.0,-23.0,-16.0,-22.0,-15.0,-20.0,-14.0,-17.0,-12.0,-15.0,-9.0,-11.0,-6.0,-9.0,-2.0,-5.0,1.0,-2.0,6.0,1.0,10.0,4.0,13.0,6.0,15.0,8.0,17.0,9.0,18.0,9.0,18.0,10.0,17.0,10.0,16.0,9.0,15.0,8.0,12.0,6.0,10.0,5.0,0.0,0.0,0.0,0.0,0.0,0.0,0.0,0.0,0.0,0.0
1.8555,122.0,-96.0,7.0,0.0,18.0,-9.0,20.0,-11.0,23.0,-12.0,23.0,-13.0,23.0,-13.0,22.0,-14.0,20.0,-13.0,18.0,-12.0,15.0,-11.0,11.0,-9.0,8.0,-5.0,4.0,-2.0,1.0,2.0,-2.0,6.0,-5.0,9.0,-7.0,13.0,-9.0,15.0,-11.0,16.0,-12.0,18.0,-12.0,18.0,-11.0,17.0,-11.0,16.0,-9.0,14.0,-8.0,12.0,-7.0,9.0,0.0,0.0,0.0,0.0,0.0,0.0,0.0,0.0,0.0,0.0
1.8694,122.0,-96.0,7.0,0.0,-13.0,16.0,-14.0,19.0,-16.0,20.0,-16.0,22.0,-15.0,22.0,-14.0,22.0,-13.0,20.0,-11.0,18.0,-10.0,16.0,-8.0,12.0,-6.0,7.0,-4.0,3.0,-3.0,-2.0,-2.0,-7.0,-1.0,-11.0,0.0,-15.0,0.0,-18.0,0.0,-20.0,1.0,-22.0,1.0,-22.0,1.0,-21.0,1.0,-20.0,1.0,-17.0,1.0,-15.0,1.0,-12.0,0.0,0.0,0.0,0.0,0.0,0.0,0.0,0.0,0.0,0.0
1.8828,122.0,-96.0,7.0,0.0,11.0,-37.0,10.0,-36.0,9.0,-34.0,7.0,-30.0,6.0,-25.0,4.0,-19.0,3.0,-12.0,4.0,-5.0,4.0,2.0,5.0,8.0,6.0,15.0,6.0,20.0,8.0,25.0,11.0,28.0,11.0,30.0,11.0,31.0,11.0,30.0,11.0,28.0,10.0,25.0,8.0,22.0,6.0,17.0,4.0,12.0,1.0,7.0,-1.0,3.0,-4.0,-1.0,0.0,0.0,0.0,0.0,0.0,0.0,0.0,0.0,0.0,0.0
1.8969,122.0,-96.0,7.0,0.0,-38.0,13.0,-36.0,13.0,-32.0,12.0,-28.0,11.0,-23.0,10.0,-18.0,6.0,-12.0,3.0,-7.0,0.0,-1.0,-5.0,3.0,-10.0,8.0,-16.0,11.0,-20.0,13.0,-24.0,15.0,-26.0,15.0,-28.0,16.0,-30.0,15.0,-29.0,14.0,-27.0,13.0,-24.0,11.0,-21.0,9.0,-17.0,6.0,-12.0,4.0,-7.0,3.0,-2.0,1.0,2.0,0.0,0.0,0.0,0.0,0.0,0.0,0.0,0.0,0.0,0.0
1.9105,122.0,-96.0,7.0,0.0,2.0,3.0,0.0,10.0,-2.0,15.0,-2.0,21.0,-3.0,25.0,-2.0,29.0,-2.0,31.0,-2.0,32.0,-1.0,32.0,0.0,30.0,0.0,28.0,0.0,25.0,0.0,20.0,-1.0,15.0,-2.0,9.0,-3.0,4.0,-4.0,-2.0,-6.0,-8.0,-7.0,-12.0,-8.0,-16.0,-9.0,-19.0,-10.0,-20.0,-10.0,-21.0,-10.0,-22.0,-9.0,-21.0,0.0,0.0,0.0,0.0,0.0,0.0,0.0,0.0,0.0,0.0
1.9241,122.0,-96.0,7.0,0.0,7.0,30.0,8.0,29.0,8.0,26.0,7.0,23.0,7.0,19.0,5.0,15.0,3.0,10.0,-1.0,5.0,-4.0,1.0,-8.0,-4.0,-12.0,-7.0,-15.0,-10.0,-18.0,-12.0,-21.0,-14.0,-23.0,-15.0,-23.0,-14.0,-24.0,-15.0,-22.0,-13.0,-19.0,-12.0,-17.0,-10.0,-13.0,-8.0,-9.0,-6.0,-6.0,-4.0,-1.0,-3.0,2.0,-1.0,0.0,0.0,0.0,0.0,0.0,0.0,0.0,0.0,0.0,0.0
1.9422,122.0,-96.0,7.0,0.0,0.0,0.0,0.0,0.0,0.0,0.0,0.0,0.0,-18.0,0.0,-18.0,0.0,-18.0,-1.0,-18.0,-1.0,-18.0,-2.0,-18.0,-3.0,-18.0,-3.0,-18.0,-3.0,-17.0,-3.0,-17.0,-4.0,-18.0,-4.0,-17.0,-4.0,-17.0,-4.0,-17.0,-5.0,-17.0,-5.0,-16.0,-5.0,-16.0,-5.0,-16.0,-5.0,-16.0,-5.0,-16.0,-4.0,-16.0,-4.0,-15.0,-4.0,-15.0,-4.0,-15.0,-4.0,-15.0,-4.0,-15.0,-3.0
1.9554,122.0,-96.0,7.0,0.0,0.0,0.0,0.0,0.0,0.0,0.0,0.0,0.0,-6.0,16.0,-7.0,17.0,-7.0,16.0,-8.0,17.0,-8.0,16.0,-9.0,17.0,-9.0,16.0,-9.0,16.0,-10.0,15.0,-9.0,15.0,-9.0,16.0,-9.0,15.0,-9.0,15.0,-10.0,15.0,-10.0,14.0,-10.0,14.0,-10.0,15.0,-10.0,13.0,-10.0,14.0,-9.0,13.0,-9.0,13.0,-9.0,13.0,-8.0,13.0,-8.0,13.0,-8.0,13.0,-7.0,13.0
1.9692,122.0,-96.0,7.0,0.0,0.0,0.0,0.0,0.0,0.0,0.0,0.0,0.0,-15.0,12.0,-17.0,14.0,-18.0,15.0,-20.0,16.0,-20.0,16.0,-20.0,16.0,-19.0,15.0,-16.0,13.0,-15.0,11.0,-11.0,8.0,-8.0,5.0,-5.0,1.0,-1.0,-3.0,2.0,-7.0,5.0,-11.0,7.0,-15.0,9.0,-19.0,11.0,-21.0,12.0,-24.0,12.0,-25.0,11.0,-25.0,11.0,-25.0,10.0,-23.0,8.0,-21.0,6.0,-17.0,5.0,-13.0
1.983,122.0,-96.0,7.0,0.0,0.0,0.0,0.0,0.0,0.0,0.0,0.0,0.0,-17.0,-10.0,-19.0,-12.0,-21.0,-13.0,-22.0,-14.0,-22.0,-14.0,-22.0,-14.0,-20.0,-13.0,-18.0,-12.0,-16.0,-11.0,-12.0,-8.0,-8.0,-6.0,-3.0,-4.0,1.0,-2.0,6.0,0.0,11.0,2.0,15.0,3.0,20.0,4.0,22.0,4.0,25.0,5.0,26.0,6.0,27.0,5.0,26.0,5.0,24.0,4.0,21.0,2.0,17.0,2.0,13.0,1.0
1.9965,122.0,-96.0,7.0,0.0,0.0,0.0,0.0,0.0,0.0,0.0,0.0,0.0,17.0,-6.0,20.0,-6.0,22.0,-7.0,23.0,-7.0,24.0,-8.0,24.0,-7.0,22.0,-7.0,20.0,-7.0,17.0,-5.0,13.0,-4.0,9.0,-2.0,4.0,0.0,-1.0,2.0,-6.0,4.0,-10.0,7.0,-14.0,9.0,-17.0,11.0,-20.0,13.0,-21.0,14.0,-23.0,16.0,-22.0,16.0,-22.0,16.0,-20.0,15.0,-17.0,13.0,-14.0,11.0,-11.0,8.0
2.0109,122.0,-96.0,7.0,0.0,0.0,0.0,0.0,0.0,0.0,0.0,0.0,0.0,-18.0,1.0,-18.0,0.0,-18.0,0.0,-18.0,0.0,-19.0,-1.0,-18.0,-2.0,-18.0,-2.0,-18.0,-2.0,-18.0,-3.0,-18.0,-3.0,-18.0,-3.0,-18.0,-3.0,-17.0,-3.0,-18.0,-3.0,-17.0,-3.0,-17.0,-3.0,-17.0,-4.0,-16.0,-4.0,-16.0,-4.0,-16.0,-3.0,-16.0,-3.0,-16.0,-3.0,-16.0,-3.0,-15.0,-3.0,-15.0,-2.0,-15.0,-2.0
2.0249,122.0,-96.0,7.0,0.0,0.0,0.0,0.0,0.0,0.0,0.0,0.0,0.0,18.0,-28.0,17.0,-27.0,16.0,-25.0,14.0,-21.0,12.0,-17.0,8.0,-12.0,5.0,-6.0,2.0,0.0,-1.0,6.0,-4.0,12.0,-7.0,18.0,-9.0,23.0,-11.0,28.0,-13.0,31.0,-14.0,34.0,-14.0,35.0,-13.0,35.0,-12.0,34.0,-11.0,31.0,-9.0,27.0,-7.0,21.0,-6.0,16.0,-5.0,9.0,-4.0,2.0,-2.0,-5.0,-2.0,-12.0
2.039,122.0,-96.0,7.0,0.0,0.0,0.0,0.0,0.0,0.0,0.0,0.0,0.0,21.0,-11.0,20.0,-10.0,19.0,-10.0,16.0,-8.0,13.0,-7.0,9.0,-4.0,6.0,-2.0,1.0,0.0,-3.0,3.0,-7.0,6.0,-11.0,9.0,-14.0,11.0,-17.0,13.0,-19.0,15.0,-21.0,16.0,-22.0,17.0,-21.0,17.0,-20.0,17.0,-18.0,15.0,-16.0,14.0,-12.0,11.0,-9.0,8.0,-7.0,4.0,-3.0,0.0,0.0,-4.0,2.0,-8.0
2.0535,122.0,-96.0,7.0,0.0,0.0,0.0,0.0,0.0,0.0,0.0,0.0,0.0,23.0,-2.0,22.0,-3.0,20.0,-2.0,18.0,-2.0,14.0,-1.0,10.0,-1.0,6.0,0.0,0.0,1.0,-4.0,2.0,-9.0,3.0,-13.0,4.0,-17.0,6.0,-20.0,7.0,-24.0,7.0,-26.0,8.0,-27.0,8.0,-26.0,9.0,-25.0,8.0,-23.0,8.0,-19.0,7.0,-15.0,6.0,-12.0,4.0,-8.0,2.0,-3.0,-1.0,1.0,-3.0,5.0,-6.0
2.0678,122.0,-96.0,7.0,0.0,0.0,0.0,0.0,0.0,0.0,0.0,0.0,0.0,13.0,14.0,15.0,17.0,16.0,18.0,16.0,18.0,16.0,19.0,15.0,18.0,14.0,17.0,12.0,14.0,9.0,12.0,6.0,8.0,3.0,5.0,0.0,2.0,-4.0,-2.0,-8.0,-6.0,-12.0,-9.0,-15.0,-12.0,-18.0,-14.0,-20.0,-16.0,-22.0,-17.0,-22.0,-17.0,-22.0,-16.0,-21.0,-16.0,-20.0,-14.0,-17.0,-12.0,-14.0,-9.0,-10.0,-7.0
2.0802,122.0,-96.0,7.0,0.0,0.0,0.0,0.0,0.0,0.0,0.0,0.0,0.0,-8.0,13.0,-6.0,9.0,-4.0,4.0,-2.0,0.0,0.0,-6.0,1.0,-11.0,2.0,-15.0,4.0,-20.0,5.0,-24.0,5.0,-27.0,6.0,-29.0,6.0,-30.0,6.0,-30.0,5.0,-29.0,4.0,-27.0,2.0,-22.0,2.0,-19.0,2.0,-13.0,1.0,-9.0,1.0,-3.0,2.0,3.0,2.0,9.0,2.0,14.0,2.0,19.0,3.0,23.0,4.0,26.0
2.0935,122.0,-96.0,7.0,0.0,0.0,0.0,0.0,0.0,0.0,0.0,0.0,0.0,19.0,-4.0,21.0,-3.0,20.0,-3.0,21.0,-2.0,20.0,-1.0,21.0,-1.0,20.0,0.0,21.0,1.0,20.0,0.0,20.0,1.0,20.0,2.0,20.0,2.0,20.0,2.0,20.0,2.0,19.0,2.0,19.0,2.0,19.0,3.0,18.0,2.0,19.0,2.0,18.0,2.0,18.0,2.0,18.0,2.0,18.0,2.0,18.0,2.0,17.0,1.0,17.0,0.0
2.1084,122.0,-96.0,7.0,0.0,0.0,0.0,0.0,0.0,0.0,0.0,0.0,0.0,-7.0,-24.0,-6.0,-24.0,-6.0,-23.0,-5.0,-20.0,-4.0,-18.0,-3.0,-13.0,-2.0,-9.0,-1.0,-4.0,1.0,0.0,3.0,5.0,5.0,9.0,6.0,13.0,8.0,17.0,9.0,21.0,10.0,23.0,10.0,25.0,11.0,24.0,11.0,24.0,10.0,22.0,9.0,20.0,8.0,16.0,6.0,12.0,3.0,8.0,1.0,4.0,-2.0,0.0,-5.0,-4.0
2.1237,122.0,-96.0,7.0,0.0,0.0,0.0,0.0,0.0,0.0,0.0,0.0,0.0,7.0,-17.0,5.0,-14.0,4.0,-9.0,2.0,-4.0,0.0,1.0,-2.0,6.0,-2.0,11.0,-4.0,16.0,-6.0,21.0,-5.0,24.0,-6.0,27.0,-6.0,29.0,-6.0,30.0,-6.0,29.0,-6.0,27.0,-5.0,24.0,-4.0,20.0,-3.0,16.0,-3.0,10.0,-2.0,5.0,-3.0,-1.0,-2.0,-7.0,-3.0,-13.0,-3.0,-18.0,-4.0,-22.0,-5.0,-25.0
2.1378,122.0,-96.0,7.0,0.0,0.0,0.0,0.0,0.0,0.0,0.0,0.0,0.0,-14.0,20.0,-13.0,19.0,-13.0,18.0,-11.0,15.0,-10.0,12.0,-7.0,9.0,-5.0,5.0,-2.0,0.0,0.0,-4.0,2.0,-8.0,3.0,-13.0,5.0,-16.0,6.0,-20.0,8.0,-23.0,9.0,-25.0,9.0,-26.0,8.0,-26.0,8.0,-25.0,7.0,-23.0,6.0,-21.0,4.0,-17.0,3.0,-13.0,3.0,-8.0,2.0,-3.0,1.0,2.0,1.0,6.0
2.1526,122.0,-96.0,7.0,0.0,0.0,0.0,0.0,0.0,0.0,0.0,0.0,0.0,-13.0,15.0,-13.0,15.0,-14.0,15.0,-15.0,15.0,-15.0,14.0,-15.0,14.0,-15.0,14.0,-16.0,13.0,-16.0,13.0,-16.0,12.0,-16.0,12.0,-17.0,12.0,-16.0,11.0,-16.0,11.0,-16.0,11.0,-16.0,11.0,-16.0,11.0,-16.0,11.0,-16.0,10.0,-15.0,11.0,-15.0,11.0,-15.0,10.0,-15.0,10.0,-14.0,11.0,-14.0,11.0,-13.0,11.0
2.167,122.0,-96.0,7.0,0.0,0.0,0.0,0.0,0.0,0.0,0.0,0.0,0.0,-18.0,8.0,-18.0,8.0,-19.0,8.0,-19.0,8.0,-20.0,7.0,-20.0,6.0,-20.0,6.0,-20.0,5.0,-20.0,5.0,-20.0,5.0,-20.0,4.0,-20.0,4.0,-20.0,4.0,-20.0,4.0,-19.0,3.0,-19.0,4.0,-18.0,3.0,-19.0,3.0,-19.0,3.0,-18.0,3.0,-18.0,3.0,-18.0,4.0,-18.0,4.0,-17.0,4.0,-17.0,4.0,-17.0,4.0
2.1812,122.0,-96.0,7.0,0.0,0.0,0.0,0.0,0.0,0.0,0.0,0.0,0.0,-16.0,9.0,-19.0,11.0,-20.0,11.0,-22.0,13.0,-22.0,12.0,-23.0,13.0,-21.0,12.0,-19.0,11.0,-17.0,9.0,-13.0,6.0,-9.0,4.0,-5.0,1.0,-1.0,-2.0,3.0,-5.0,7.0,-9.0,10.0,-11.0,14.0,-15.0,15.0,-17.0,17.0,-19.0,18.0,-20.0,18.0,-21.0,18.0,-21.0,16.0,-19.0,13.0,-17.0,11.0,-15.0,8.0,-12.0
2.1958,122.0,-96.0,7.0,0.0,0.0,0.0,0.0,0.0,0.0,0.0,0.0,0.0,18.0,-6.0,14.0,-5.0,9.0,-3.0,5.0,-1.0,0.0,2.0,-5.0,4.0,-9.0,7.0,-14.0,10.0,-18.0,12.0,-21.0,15.0,-23.0,16.0,-24.0,17.0,-24.0,18.0,-24.0,18.0,-22.0,17.0,-19.0,16.0,-17.0,13.0,-13.0,10.0,-10.0,7.0,-6.0,3.0,-3.0,-2.0,1.0,-7.0,4.0,-12.0,7.0,-16.0,8.0,-20.0,9.0,-23.0
2.2087,122.0,-96.0,7.0,0.0,0.0,0.0,0.0,0.0,0.0,0.0,0.0,0.0,-8.0,19.0,-7.0,15.0,-5.0,10.0,-4.0,4.0,-2.0,-2.0,-1.0,-8.0,-1.0,-13.0,0.0,-19.0,1.0,-24.0,0.0,-28.0,1.0,-32.0,0.0,-33.0,-1.0,-34.0,-1.0,-34.0,-1.0,-32.0,-2.0,-28.0,-1.0,-25.0,-1.0,-19.0,0.0,-14.0,1.0,-8.0,3.0,-1.0,4.0,5.0,6.0,11.0,8.0,17.0,11.0,20.0,13.0,24.0
2.2212,122.0,-96.0,7.0,0.0,0.0,0.0,0.0,0.0,0.0,0.0,0.0,0.0,9.0,16.0,9.0,17.0,8.0,17.0,8.0,17.0,7.0,18.0,7.0,19.0,7.0,18.0,6.0,19.0,5.0,18.0,5.0,19.0,5.0,19.0,5.0,19.0,4.0,18.0,3.0,19.0,4.0,18.0,4.0,18.0,3.0,18.0,3.0,17.0,3.0,18.0,4.0,17.0,3.0,17.0,4.0,16.0,3.0,16.0,3.0,16.0,4.0,16.0,4.0,16.0
2.2366,122.0,-96.0,7.0,0.0,0.0,0.0,0.0,0.0,0.0,0.0,0.0,0.0,13.0,10.0,9.0,7.0,5.0,4.0,0.0,2.0,-5.0,0.0,-10.0,-2.0,-15.0,-3.0,-19.0,-4.0,-23.0,-5.0,-26.0,-6.0,-29.0,-7.0,-30.0,-6.0,-30.0,-6.0,-29.0,-5.0,-27.0,-4.0,-24.0,-3.0,-20.0,-3.0,-15.0,-3.0,-10.0,-3.0,-4.0,-3.0,1.0,-4.0,7.0,-5.0,12.0,-6.0,17.0,-7.0,21.0,-9.0,23.0,-11.0
2.2505,122.0,-96.0,7.0,0.0,0.0,0.0,0.0,0.0,0.0,0.0,0.0,0.0,-4.0,3.0,-9.0,4.0,-14.0,5.0,-18.0,7.0,-21.0,8.0,-25.0,9.0,-26.0,11.0,-28.0,11.0,-27.0,12.0,-26.0,12.0,-24.0,11.0,-21.0,10.0,-18.0,8.0,-14.0,6.0,-10.0,3.0,-5.0,0.0,0.0,-4.0,3.0,-9.0,7.0,-13.0,10.0,-17.0,12.0,-21.0,13.0,-23.0,14.0,-26.0,13.0,-27.0,12.0,-27.0,12.0,-26.0
2.2638,122.0,-96.0,7.0,0.0,0.0,0.0,0.0,0.0,0.0,0.0,0.0,0.0,-14.0,-24.0,-14.0,-24.0,-13.0,-22.0,-11.0,-19.0,-9.0,-16.0,-7.0,-12.0,-4.0,-9.0,0.0,-4.0,4.0,0.0,8.0,3.0,12.0,7.0,15.0,9.0,19.0,12.0,22.0,14.0,24.0,15.0,26.0,16.0,26.0,15.0,25.0,14.0,23.0,13.0,21.0,11.0,17.0,8.0,13.0,7.0,8.0,5.0,2.0,4.0,-3.0,2.0,-9.0,2.0
2.2781,122.0,-96.0,7.0,0.0,0.0,0.0,0.0,0.0,0.0,0.0,0.0,0.0,12.0,-15.0,14.0,-17.0,15.0,-19.0,16.0,-19.0,16.0,-20.0,16.0,-19.0,14.0,-18.0,12.0,-16.0,11.0,-13.0,8.0,-10.0,6.0,-6.0,3.0,-2.0,1.0,3.0,-1.0,8.0,-3.0,12.0,-5.0,16.0,-6.0,20.0,-6.0,23.0,-6.0,25.0,-6.0,26.0,-5.0,26.0,-5.0,25.0,-4.0,24.0,-3.0,20.0,-2.0,17.0,-2.0,12.0
2.2929,122.0,-96.0,7.0,0.0,0.0,0.0,0.0,0.0,0.0,0.0,0.0,0.0,-5.0,1.0,-10.0,-1.0,-15.0,-2.0,-19.0,-4.0,-23.0,-4.0,-26.0,-5.0,-28.0,-5.0,-30.0,-5.0,-30.0,-4.0,-29.0,-4.0,-26.0,-3.0,-23.0,-2.0,-20.0,-2.0,-15.0,-2.0,-10.0,-3.0,-4.0,-3.0,2.0,-4.0,7.0,-6.0,12.0,-8.0,17.0,-10.0,21.0,-12.0,22.0,-14.0,25.0,-15.0,24.0,-17.0,24.0,-17.0,23.0,-17.0
2.3062,122.0,-96.0,7.0,0.0,0.0,0.0,0.0,0.0,0.0,0.0,0.0,0.0,8.0,14.0,8.0,15.0,7.0,15.0,7.0,15.0,6.0,15.0,6.0,16.0,6.0,15.0,5.0,16.0,5.0,16.0,5.0,16.0,5.0,16.0,5.0,16.0,5.0,15.0,4.0,16.0,4.0,16.0,4.0,15.0,3.0,15.0,3.0,15.0,3.0,15.0,3.0,15.0,3.0,14.0,3.0,14.0,3.0,14.0,4.0,13.0,4.0,14.0,4.0,13.0
2.3187,122.0,-96.0,7.0,0.0,0.0,0.0,0.0,0.0,0.0,0.0,0.0,0.0,6.0,-21.0,5.0,-16.0,4.0,-11.0,3.0,-5.0,3.0,1.0,3.0,7.0,4.0,12.0,5.0,18.0,5.0,23.0,7.0,26.0,8.0,29.0,9.0,31.0,10.0,31.0,11.0,31.0,11.0,29.0,10.0,25.0,9.0,22.0,7.0,16.0,4.0,12.0,1.0,7.0,-4.0,2.0,-8.0,-2.0,-13.0,-7.0,-18.0,-10.0,-22.0,-12.0,-26.0,-13.0
2.3332,122.0,-96.0,7.0,0.0,0.0,0.0,0.0,0.0,0.0,0.0,0.0,0.0,24.0,-12.0,24.0,-11.0,23.0,-11.0,20.0,-11.0,18.0,-9.0,14.0,-7.0,10.0,-4.0,5.0,-1.0,1.0,3.0,-3.0,7.0,-5.0,11.0,-9.0,14.0,-11.0,18.0,-13.0,22.0,-15.0,24.0,-16.0,26.0,-15.0,27.0,-14.0,26.0,-12.0,25.0,-11.0,23.0,-8.0,19.0,-7.0,15.0,-6.0,10.0,-5.0,4.0,-4.0,-1.0,-4.0,-7.0
2.3466,122.0,-96.0,7.0,0.0,0.0,0.0,0.0,0.0,0.0,0.0,0.0,0.0,6.0,-27.0,6.0,-27.0,5.0,-25.0,4.0,-23.0,4.0,-20.0,3.0,-15.0,3.0,-11.0,3.0,-5.0,3.0,0.0,4.0,6.0,5.0,11.0,6.0,16.0,7.0,20.0,8.0,24.0,9.0,27.0,10.0,28.0,11.0,28.0,11.0,27.0,11.0,25.0,10.0,22.0,9.0,18.0,6.0,14.0,3.0,10.0,0.0,6.0,-4.0,2.0,-8.0,-2.0
2.3613,122.0,-96.0,7.0,0.0,0.0,0.0,0.0,0.0,0.0,0.0,0.0,0.0,-9.0,14.0,-10.0,14.0,-10.0,14.0,-11.0,14.0,-11.0,13.0,-12.0,13.0,-12.0,13.0,-12.0,12.0,-12.0,12.0,-12.0,12.0,-13.0,12.0,-12.0,12.0,-13.0,12.0,-13.0,11.0,-13.0,11.0,-13.0,11.0,-13.0,11.0,-13.0,10.0,-13.0,10.0,-12.0,10.0,-12.0,10.0,-12.0,10.0,-11.0,10.0,-11.0,10.0,-11.0,10.0,-11.0,10.0
2.3775,122.0,-96.0,7.0,0.0,0.0,0.0,0.0,0.0,0.0,0.0,0.0,0.0,11.0,-13.0,12.0,-13.0,12.0,-12.0,13.0,-12.0,13.0,-12.0,13.0,-12.0,13.0,-11.0,13.0,-11.0,14.0,-10.0,13.0,-10.0,14.0,-10.0,14.0,-10.0,14.0,-9.0,14.0,-9.0,14.0,-9.0,14.0,-8.0,14.0,-8.0,14.0,-8.0,14.0,-8.0,13.0,-8.0,13.0,-8.0,13.0,-8.0,12.0,-8.0,12.0,-8.0,12.0,-8.0,12.0,-9.0
2.3907,122.0,-96.0,7.0,0.0,0.0,0.0,0.0,0.0,0.0,0.0,0.0,0.0,12.0,-16.0,14.0,-18.0,14.0,-19.0,15.0,-20.0,14.0,-20.0,14.0,-20.0,13.0,-18.0,11.0,-15.0,10.0,-13.0,7.0,-9.0,5.0,-5.0,3.0,-1.0,1.0,4.0,-1.0,9.0,-2.0,14.0,-3.0,17.0,-3.0,21.0,-3.0,24.0,-3.0,26.0,-3.0,26.0,-1.0,26.0,-2.0,25.0,-1.0,23.0,0.0,20.0,0.0,16.0,-1.0,12.0
2.405,122.0,-96.0,7.0,0.0,0.0,0.0,0.0,0.0,0.0,0.0,0.0,0.0,-11.0,13.0,-12.0,13.0,-12.0,13.0,-13.0,13.0,-13.0,13.0,-13.0,12.0,-13.0,12.0,-14.0,12.0,-14.0,11.0,-14.0,11.0,-14.0,11.0,-14.0,11.0,-14.0,10.0,-14.0,10.0,-14.0,10.0,-14.0,10.0,-13.0,10.0,-14.0,9.0,-14.0,9.0,-13.0,9.0,-13.0,9.0,-12.0,9.0,-13.0,9.0,-12.0,9.0,-12.0,9.0,-11.0,9.0
2.4195,122.0,-96.0,7.0,0.0,0.0,0.0,0.0,0.0,0.0,0.0,0.0,0.0,6.0,-17.0,5.0,-13.0,3.0,-8.0,2.0,-3.0,2.0,2.0,1.0,8.0,2.0,12.0,2.0,17.0,2.0,21.0,3.0,25.0,3.0,27.0,4.0,29.0,5.0,29.0,5.0,28.0,5.0,26.0,5.0,22.0,4.0,19.0,3.0,14.0,1.0,10.0,-1.0,5.0,-4.0,0.0,-7.0,-5.0,-11.0,-10.0,-14.0,-13.0,-17.0,-15.0,-20.0,-17.0
2.4345,122.0,-96.0,7.0,0.0,0.0,0.0,0.0,0.0,0.0,0.0,0.0,0.0,12.0,-9.0,12.0,-8.0,13.0,-8.0,13.0,-8.0,14.0,-7.0,14.0,-7.0,14.0,-7.0,14.0,-7.0,14.0,-6.0,14.0,-6.0,14.0,-5.0,14.0,-5.0,14.0,-5.0,14.0,-5.0,14.0,-4.0,14.0,-5.0,13.0,-5.0,14.0,-5.0,14.0,-5.0,13.0,-5.0,13.0,-5.0,12.0,-5.0,13.0,-5.0,13.0,-5.0,12.0,-5.0,12.0,-5.0
2.4485,122.0,-96.0,7.0,0.0,0.0,0.0,0.0,0.0,0.0,0.0,0.0,0.0,0.0,-18.0,0.0,-19.0,0.0,-19.0,1.0,-19.0,2.0,-19.0,2.0,-19.0,2.0,-18.0,3.0,-18.0,4.0,-18.0,4.0,-18.0,4.0,-18.0,4.0,-18.0,4.0,-18.0,5.0,-18.0,5.0,-18.0,4.0,-17.0,5.0,-17.0,4.0,-17.0,5.0,-17.0,5.0,-17.0,4.0,-16.0,4.0,-16.0,4.0,-16.0,4.0,-16.0,4.0,-16.0,3.0,-16.0
2.4641,122.0,-96.0,7.0,0.0,0.0,0.0,0.0,0.0,0.0,0.0,0.0,0.0,11.0,-14.0,8.0,-10.0,5.0,-6.0,2.0,-2.0,-1.0,2.0,-4.0,7.0,-5.0,11.0,-8.0,16.0,-10.0,19.0,-11.0,23.0,-12.0,25.0,-12.0,26.0,-12.0,27.0,-12.0,26.0,-10.0,24.0,-9.0,22.0,-7.0,18.0,-6.0,13.0,-4.0,8.0,-3.0,3.0,-2.0,-3.0,-2.0,-8.0,-1.0,-14.0,0.0,-19.0,-1.0,-22.0,-2.0,-26.0
2.4778,122.0,-96.0,7.0,0.0,0.0,0.0,0.0,0.0,0.0,0.0,0.0,0.0,-7.0,-16.0,-5.0,-11.0,-3.0,-6.0,0.0,-1.0,3.0,4.0,6.0,9.0,10.0,13.0,12.0,17.0,15.0,21.0,16.0,24.0,17.0,26.0,18.0,27.0,18.0,26.0,18.0,25.0,17.0,22.0,15.0,19.0,12.0,15.0,8.0,11.0,4.0,7.0,0.0,2.0,-5.0,-1.0,-9.0,-5.0,-14.0,-10.0,-18.0,-14.0,-21.0,-15.0,-25.0,-16.0
2.4921,122.0,-96.0,7.0,0.0,0.0,0.0,0.0,0.0,0.0,0.0,0.0,0.0,-2.0,-24.0,-3.0,-23.0,-2.0,-21.0,-2.0,-18.0,-1.0,-15.0,-1.0,-11.0,0.0,-6.0,0.0,-1.0,1.0,3.0,2.0,8.0,3.0,12.0,4.0,16.0,6.0,19.0,6.0,22.0,6.0,24.0,7.0,26.0,7.0,25.0,7.0,24.0,6.0,21.0,6.0,19.0,5.0,15.0,3.0,11.0,1.0,7.0,-1.0,2.0,-3.0,-2.0,-6.0,-6.0
2.5063,122.0,-96.0,7.0,0.0,0.0,0.0,0.0,0.0,0.0,0.0,0.0,0.0,22.0,14.0,21.0,14.0,19.0,13.0,17.0,12.0,13.0,10.0,10.0,7.0,6.0,5.0,0.0,1.0,-4.0,-1.0,-9.0,-3.0,-14.0,-5.0,-18.0,-7.0,-22.0,-9.0,-25.0,-11.0,-28.0,-12.0,-29.0,-13.0,-29.0,-12.0,-27.0,-12.0,-26.0,-10.0,-23.0,-9.0,-18.0,-7.0,-14.0,-6.0,-9.0,-5.0,-4.0,-3.0,2.0,-2.0,7.0,-1.0
2.5205,122.0,-96.0,7.0,0.0,0.0,0.0,0.0,0.0,0.0,0.0,0.0,0.0,-3.0,4.0,-8.0,8.0,-13.0,12.0,-17.0,16.0,-21.0,20.0,-23.0,22.0,-25.0,24.0,-27.0,26.0,-26.0,26.0,-24.0,25.0,-22.0,24.0,-20.0,21.0,-17.0,17.0,-13.0,13.0,-9.0,7.0,-4.0,2.0,0.0,-5.0,3.0,-11.0,6.0,-16.0,9.0,-22.0,11.0,-27.0,12.0,-31.0,13.0,-35.0,11.0,-35.0,11.0,-36.0,10.0,-34.0
2.5338,122.0,-96.0,7.0,0.0,0.0,0.0,0.0,0.0,0.0,0.0,0.0,0.0,5.0,17.0,6.0,20.0,6.0,22.0,7.0,24.0,7.0,24.0,7.0,24.0,6.0,23.0,6.0,20.0,5.0,18.0,4.0,13.0,2.0,10.0,0.0,5.0,-2.0,0.0,-5.0,-5.0,-7.0,-9.0,-10.0,-13.0,-12.0,-16.0,-14.0,-19.0,-16.0,-21.0,-17.0,-22.0,-18.0,-22.0,-18.0,-22.0,-17.0,-20.0,-16.0,-17.0,-14.0,-14.0,-11.0,-11.0
2.5479,122.0,-96.0,7.0,0.0,0.0,0.0,0.0,0.0,0.0,0.0,0.0,0.0,8.0,-23.0,8.0,-24.0,7.0,-22.0,6.0,-20.0,6.0,-17.0,5.0,-14.0,4.0,-10.0,2.0,-5.0,1.0,0.0,1.0,5.0,0.0,9.0,0.0,14.0,0.0,18.0,0.0,22.0,0.0,25.0,0.0,27.0,1.0,27.0,1.0,27.0,1.0,25.0,2.0,22.0,2.0,18.0,1.0,15.0,0.0,10.0,-1.0,5.0,-3.0,0.0,-4.0,-4.0
2.5624,122.0,-96.0,7.0,0.0,0.0,0.0,0.0,0.0,0.0,0.0,0.0,0.0,-13.0,13.0,-16.0,15.0,-17.0,17.0,-18.0,18.0,-18.0,18.0,-18.0,18.0,-18.0,17.0,-16.0,16.0,-14.0,13.0,-11.0,10.0,-8.0,7.0,-5.0,3.0,-2.0,-2.0,1.0,-6.0,3.0,-11.0,5.0,-15.0,7.0,-19.0,8.0,-22.0,8.0,-25.0,9.0,-26.0,8.0,-27.0,8.0,-27.0,7.0,-25.0,5.0,-23.0,4.0,-19.0,3.0,-15.0
2.5763,122.0,-96.0,7.0,0.0,0.0,0.0,0.0,0.0,0.0,0.0,0.0,0.0,0.0,28.0,0.0,28.0,0.0,26.0,0.0,24.0,-1.0,20.0,-1.0,16.0,-1.0,11.0,-2.0,5.0,-3.0,0.0,-5.0,-6.0,-7.0,-11.0,-9.0,-16.0,-10.0,-20.0,-12.0,-24.0,-14.0,-27.0,-15.0,-28.0,-16.0,-29.0,-16.0,-27.0,-16.0,-26.0,-14.0,-23.0,-12.0,-19.0,-10.0,-15.0,-6.0,-11.0,-3.0,-7.0,2.0,-3.0,6.0,1.0
2.5896,122.0,-96.0,7.0,0.0,0.0,0.0,0.0,0.0,0.0,0.0,0.0,0.0,2.0,4.0,2.0,8.0,2.0,13.0,2.0,17.0,3.0,20.0,3.0,23.0,4.0,25.0,4.0,27.0,5.0,26.0,5.0,25.0,5.0,23.0,4.0,20.0,3.0,17.0,2.0,12.0,0.0,8.0,-1.0,4.0,-4.0,-2.0,-7.0,-6.0,-10.0,-10.0,-13.0,-13.0,-15.0,-16.0,-18.0,-17.0,-20.0,-19.0,-21.0,-18.0,-21.0,-18.0,-21.0,-17.0
2.604,122.0,-96.0,7.0,0.0,0.0,0.0,0.0,0.0,0.0,0.0,0.0,0.0,10.0,-17.0,8.0,-13.0,5.0,-9.0,3.0,-4.0,2.0,2.0,0.0,7.0,0.0,12.0,-1.0,17.0,-2.0,22.0,-2.0,26.0,-3.0,29.0,-2.0,30.0,-1.0,31.0,-1.0,30.0,0.0,28.0,1.0,25.0,1.0,21.0,0.0,16.0,-1.0,11.0,-2.0,6.0,-4.0,0.0,-6.0,-5.0,-9.0,-11.0,-11.0,-16.0,-14.0,-18.0,-17.0,-20.0
2.6175,122.0,-96.0,7.0,0.0,0.0,0.0,0.0,0.0,0.0,0.0,0.0,0.0,9.0,-23.0,9.0,-23.0,8.0,-22.0,7.0,-19.0,7.0,-17.0,5.0,-13.0,4.0,-9.0,2.0,-4.0,2.0,1.0,1.0,6.0,1.0,10.0,1.0,15.0,1.0,19.0,1.0,23.0,1.0,25.0,1.0,27.0,2.0,27.0,3.0,26.0,3.0,24.0,3.0,22.0,3.0,17.0,2.0,14.0,0.0,10.0,-1.0,5.0,-4.0,0.0,-6.0,-4.0
2.6317,122.0,-96.0,7.0,0.0,0.0,0.0,0.0,0.0,0.0,0.0,0.0,0.0,-20.0,-8.0,-22.0,-9.0,-23.0,-10.0,-24.0,-10.0,-24.0,-10.0,-23.0,-9.0,-21.0,-9.0,-19.0,-7.0,-16.0,-7.0,-11.0,-5.0,-7.0,-4.0,-2.0,-3.0,3.0,-2.0,9.0,-2.0,13.0,-2.0,17.0,-1.0,21.0,-2.0,24.0,-2.0,25.0,-3.0,27.0,-3.0,26.0,-4.0,25.0,-4.0,23.0,-4.0,20.0,-4.0,16.0,-4.0,12.0,-3.0
2.6445,122.0,-96.0,7.0,0.0,0.0,0.0,0.0,0.0,0.0,0.0,0.0,0.0,3.0,-6.0,6.0,-9.0,10.0,-11.0,14.0,-14.0,17.0,-17.0,19.0,-19.0,20.0,-20.0,21.0,-21.0,20.0,-21.0,19.0,-21.0,17.0,-19.0,14.0,-17.0,12.0,-14.0,9.0,-10.0,6.0,-6.0,3.0,-1.0,0.0,5.0,-2.0,9.0,-4.0,14.0,-6.0,18.0,-7.0,23.0,-7.0,25.0,-7.0,28.0,-5.0,28.0,-5.0,28.0,-4.0,27.0
2.6584,122.0,-96.0,7.0,0.0,0.0,0.0,0.0,0.0,0.0,0.0,0.0,0.0,-21.0,3.0,-21.0,2.0,-21.0,2.0,-21.0,2.0,-22.0,1.0,-21.0,0.0,-21.0,0.0,-21.0,-1.0,-21.0,-1.0,-21.0,-1.0,-21.0,-2.0,-21.0,-2.0,-21.0,-2.0,-20.0,-3.0,-20.0,-3.0,-20.0,-2.0,-20.0,-3.0,-20.0,-3.0,-19.0,-3.0,-19.0,-2.0,-19.0,-2.0,-19.0,-2.0,-19.0,-2.0,-18.0,-2.0,-18.0,-2.0,-18.0,-1.0
2.6716,122.0,-96.0,7.0,0.0,0.0,0.0,0.0,0.0,0.0,0.0,0.0,0.0,-25.0,-11.0,-24.0,-11.0,-22.0,-10.0,-19.0,-9.0,-15.0,-8.0,-11.0,-6.0,-6.0,-4.0,-1.0,-3.0,5.0,-2.0,10.0,-1.0,15.0,0.0,19.0,0.0,23.0,0.0,27.0,1.0,28.0,1.0,30.0,1.0,29.0,0.0,28.0,0.0,26.0,-1.0,23.0,-1.0,18.0,-1.0,13.0,-1.0,8.0,0.0,3.0,2.0,-3.0,3.0,-8.0,5.0
2.6861,122.0,-96.0,7.0,0.0,0.0,0.0,0.0,0.0,0.0,0.0,0.0,0.0,11.0,-11.0,8.0,-7.0,4.0,-4.0,1.0,0.0,-2.0,5.0,-5.0,9.0,-6.0,13.0,-9.0,17.0,-10.0,21.0,-11.0,24.0,-13.0,25.0,-12.0,26.0,-12.0,27.0,-11.0,26.0,-9.0,24.0,-8.0,21.0,-7.0,17.0,-5.0,12.0,-4.0,7.0,-3.0,1.0,-3.0,-4.0,-3.0,-9.0,-3.0,-15.0,-3.0,-20.0,-4.0,-23.0,-5.0,-26.0
2.6995,122.0,-96.0,7.0,0.0,0.0,0.0,0.0,0.0,0.0,0.0,0.0,0.0,14.0,21.0,14.0,21.0,12.0,19.0,11.0,17.0,8.0,13.0,6.0,10.0,3.0,6.0,-1.0,1.0,-5.0,-2.0,-9.0,-6.0,-12.0,-9.0,-16.0,-12.0,-19.0,-14.0,-22.0,-17.0,-24.0,-18.0,-25.0,-18.0,-25.0,-17.0,-24.0,-17.0,-22.0,-15.0,-20.0,-12.0,-16.0,-10.0,-12.0,-8.0,-7.0,-6.0,-2.0,-4.0,3.0,-2.0,8.0,-1.0
2.7124,122.0,-96.0,7.0,0.0,0.0,0.0,0.0,0.0,0.0,0.0,0.0,0.0,5.0,-2.0,10.0,-3.0,14.0,-3.0,19.0,-3.0,22.0,-4.0,25.0,-4.0,27.0,-5.0,29.0,-5.0,28.0,-6.0,27.0,-5.0,24.0,-6.0,21.0,-5.0,17.0,-4.0,13.0,-3.0,8.0,-1.0,2.0,1.0,-3.0,3.0,-7.0,6.0,-13.0,8.0,-16.0,11.0,-20.0,14.0,-21.0,16.0,-23.0,17.0,-22.0,19.0,-22.0,19.0,-21.0,19.0
2.7265,122.0,-96.0,7.0,0.0,0.0,0.0,0.0,0.0,0.0,0.0,0.0,0.0,-9.0,-26.0,-9.0,-26.0,-8.0,-24.0,-8.0,-22.0,-6.0,-19.0,-5.0,-15.0,-3.0,-10.0,-1.0,-5.0,2.0,0.0,5.0,4.0,8.0,8.0,10.0,12.0,13.0,16.0,16.0,19.0,17.0,22.0,18.0,23.0,19.0,23.0,18.0,22.0,18.0,20.0,16.0,18.0,13.0,14.0,10.0,11.0,6.0,8.0,2.0,5.0,-2.0,1.0,-7.0,-2.0
2.7417,122.0,-96.0,7.0,0.0,0.0,0.0,0.0,0.0,0.0,0.0,0.0,0.0,13.0,-9.0,9.0,-6.0,5.0,-3.0,1.0,0.0,-3.0,4.0,-7.0,8.0,-9.0,12.0,-12.0,15.0,-15.0,18.0,-16.0,21.0,-18.0,22.0,-18.0,23.0,-18.0,24.0,-17.0,23.0,-15.0,21.0,-13.0,19.0,-11.0,15.0,-8.0,11.0,-6.0,6.0,-3.0,1.0,-2.0,-4.0,0.0,-10.0,2.0,-15.0,3.0,-20.0,3.0,-24.0,3.0,-26.0
2.7564,122.0,-96.0,7.0,0.0,0.0,0.0,0.0,0.0,0.0,0.0,0.0,0.0,3.0,-17.0,3.0,-17.0,3.0,-17.0,4.0,-17.0,4.0,-17.0,5.0,-17.0,5.0,-17.0,6.0,-17.0,6.0,-16.0,6.0,-16.0,6.0,-16.0,6.0,-16.0,6.0,-16.0,6.0,-16.0,7.0,-15.0,7.0,-15.0,7.0,-15.0,7.0,-15.0,7.0,-15.0,7.0,-15.0,7.0,-14.0,6.0,-14.0,6.0,-14.0,6.0,-14.0,6.0,-14.0,5.0,-14.0
2.7691,122.0,-96.0,7.0,0.0,0.0,0.0,0.0,0.0,0.0,0.0,0.0,0.0,-15.0,-8.0,-11.0,-6.0,-5.0,-4.0,-1.0,-2.0,5.0,-1.0,10.0,1.0,15.0,1.0,20.0,2.0,24.0,3.0,27.0,3.0,29.0,3.0,30.0,3.0,30.0,2.0,29.0,2.0,26.0,1.0,22.0,1.0,18.0,1.0,13.0,1.0,8.0,1.0,2.0,1.0,-3.0,3.0,-9.0,4.0,-15.0,5.0,-19.0,7.0,-23.0,9.0,-25.0,11.0
2.7822,122.0,-96.0,7.0,0.0,0.0,0.0,0.0,0.0,0.0,0.0,0.0,0.0,5.0,20.0,5.0,22.0,5.0,24.0,5.0,25.0,5.0,25.0,5.0,24.0,4.0,22.0,4.0,18.0,3.0,16.0,2.0,11.0,0.0,7.0,-1.0,2.0,-4.0,-3.0,-5.0,-8.0,-8.0,-12.0,-9.0,-16.0,-12.0,-20.0,-13.0,-22.0,-15.0,-23.0,-15.0,-24.0,-16.0,-23.0,-16.0,-23.0,-14.0,-20.0,-13.0,-17.0,-11.0,-14.0,-8.0,-11.0
2.7961,122.0,-96.0,7.0,0.0,0.0,0.0,0.0,0.0,0.0,0.0,0.0,0.0,-13.0,14.0,-15.0,16.0,-17.0,18.0,-18.0,19.0,-18.0,19.0,-18.0,19.0,-17.0,18.0,-15.0,16.0,-13.0,13.0,-10.0,10.0,-7.0,7.0,-4.0,2.0,-1.0,-2.0,2.0,-7.0,4.0,-11.0,6.0,-15.0,8.0,-19.0,9.0,-22.0,10.0,-24.0,11.0,-26.0,10.0,-26.0,10.0,-26.0,8.0,-24.0,7.0,-21.0,5.0,-18.0,4.0,-14.0
2.8104,122.0,-96.0,7.0,0.0,0.0,0.0,0.0,0.0,0.0,0.0,0.0,0.0,15.0,3.0,11.0,2.0,5.0,1.0,0.0,1.0,-6.0,1.0,-11.0,1.0,-16.0,2.0,-21.0,2.0,-25.0,2.0,-28.0,3.0,-30.0,3.0,-31.0,3.0,-31.0,4.0,-30.0,4.0,-27.0,4.0,-23.0,4.0,-20.0,3.0,-15.0,2.0,-9.0,0.0,-4.0,-1.0,1.0,-4.0,7.0,-7.0,12.0,-9.0,17.0,-11.0,19.0,-14.0,22.0,-16.0
2.8251,122.0,-96.0,7.0,0.0,0.0,0.0,0.0,0.0,0.0,0.0,0.0,0.0,15.0,14.0,15.0,15.0,15.0,15.0,15.0,16.0,14.0,16.0,14.0,17.0,14.0,16.0,13.0,17.0,13.0,17.0,12.0,17.0,12.0,18.0,12.0,17.0,11.0,18.0,11.0,18.0,11.0,18.0,11.0,17.0,10.0,17.0,10.0,17.0,10.0,17.0,10.0,16.0,10.0,16.0,10.0,16.0,9.0,16.0,10.0,16.0,10.0,15.0,10.0,15.0
2.8417,122.0,-96.0,7.0,0.0,0.0,0.0,0.0,0.0,0.0,0.0,0.0,0.0,2.0,24.0,2.0,23.0,2.0,21.0,2.0,19.0,1.0,15.0,0.0,11.0,-1.0,6.0,-1.0,1.0,-3.0,-4.0,-4.0,-8.0,-6.0,-13.0,-7.0,-16.0,-9.0,-20.0,-10.0,-24.0,-11.0,-25.0,-11.0,-26.0,-12.0,-26.0,-11.0,-25.0,-11.0,-23.0,-10.0,-20.0,-8.0,-16.0,-6.0,-12.0,-4.0,-8.0,-1.0,-4.0,2.0,0.0,6.0,4.0
2.8563,122.0,-96.0,7.0,0.0,0.0,0.0,0.0,0.0,0.0,0.0,0.0,0.0,-3.0,-21.0,-3.0,-22.0,-2.0,-21.0,-2.0,-22.0,-1.0,-22.0,0.0,-22.0,0.0,-21.0,1.0,-22.0,1.0,-21.0,1.0,-21.0,1.0,-22.0,2.0,-21.0,2.0,-21.0,2.0,-21.0,3.0,-21.0,2.0,-20.0,3.0,-20.0,3.0,-20.0,2.0,-20.0,2.0,-19.0,2.0,-20.0,2.0,-19.0,2.0,-19.0,2.0,-19.0,2.0,-19.0,1.0,-19.0
2.8699,122.0,-96.0,7.0,0.0,0.0,0.0,0.0,0.0,0.0,0.0,0.0,0.0,9.0,21.0,10.0,24.0,11.0,25.0,12.0,26.0,12.0,26.0,11.0,26.0,10.0,23.0,9.0,20.0,7.0,17.0,5.0,12.0,2.0,7.0,0.0,3.0,-4.0,-2.0,-7.0,-8.0,-11.0,-12.0,-14.0,-15.0,-17.0,-19.0,-19.0,-21.0,-21.0,-23.0,-22.0,-23.0,-23.0,-22.0,-22.0,-22.0,-20.0,-19.0,-18.0,-17.0,-15.0,-14.0,-11.0,-10.0
2.8854,122.0,-96.0,7.0,0.0,0.0,0.0,0.0,0.0,0.0,0.0,0.0,0.0,12.0,-12.0,12.0,-12.0,13.0,-11.0,13.0,-11.0,14.0,-11.0,14.0,-11.0,14.0,-10.0,14.0,-10.0,14.0,-9.0,14.0,-9.0,15.0,-9.0,15.0,-8.0,15.0,-8.0,15.0,-8.0,15.0,-8.0,15.0,-7.0,14.0,-7.0,15.0,-7.0,15.0,-7.0,14.0,-7.0,14.0,-7.0,13.0,-7.0,14.0,-7.0,13.0,-7.0,13.0,-7.0,12.0,-7.0
2.8984,122.0,-96.0,7.0,0.0,0.0,0.0,0.0,0.0,0.0,0.0,0.0,0.0,-2.0,-5.0,-2.0,-9.0,-2.0,-14.0,-1.0,-18.0,-1.0,-21.0,-1.0,-25.0,-2.0,-26.0,-2.0,-28.0,-2.0,-27.0,-2.0,-26.0,-3.0,-24.0,-2.0,-21.0,-2.0,-18.0,-2.0,-13.0,0.0,-9.0,0.0,-3.0,2.0,2.0,4.0,6.0,5.0,12.0,7.0,15.0,9.0,19.0,10.0,21.0,12.0,23.0,13.0,23.0,13.0,22.0,13.0,22.0
2.9125,122.0,-96.0,7.0,0.0,0.0,0.0,0.0,0.0,0.0,0.0,0.0,0.0,-3.0,0.0,-7.0,-2.0,-12.0,-5.0,-16.0,-7.0,-20.0,-9.0,-24.0,-11.0,-26.0,-12.0,-28.0,-13.0,-29.0,-12.0,-28.0,-12.0,-27.0,-10.0,-25.0,-9.0,-21.0,-9.0,-17.0,-6.0,-11.0,-6.0,-6.0,-3.0,1.0,-2.0,6.0,-2.0,12.0,-1.0,17.0,-1.0,22.0,-1.0,25.0,-2.0,29.0,-2.0,29.0,-4.0,30.0,-4.0,29.0,-4.0
2.9259,122.0,-96.0,7.0,0.0,0.0,0.0,0.0,0.0,0.0,0.0,0.0,0.0,-2.0,-22.0,-2.0,-26.0,-2.0,-28.0,-2.0,-29.0,-2.0,-30.0,-2.0,-30.0,-2.0,-28.0,-2.0,-25.0,-1.0,-22.0,-1.0,-17.0,-1.0,-12.0,0.0,-6.0,2.0,-1.0,3.0,6.0,4.0,11.0,6.0,16.0,7.0,21.0,9.0,24.0,10.0,27.0,11.0,29.0,12.0,29.0,12.0,28.0,11.0,26.0,11.0,22.0,9.0,18.0,7.0,14.0
2.9406,122.0,-96.0,7.0,0.0,0.0,0.0,0.0,0.0,0.0,0.0,0.0,0.0,-17.0,-2.0,-17.0,-2.0,-17.0,-3.0,-17.0,-3.0,-17.0,-4.0,-17.0,-4.0,-17.0,-4.0,-17.0,-5.0,-17.0,-5.0,-17.0,-5.0,-17.0,-6.0,-16.0,-6.0,-16.0,-6.0,-16.0,-6.0,-16.0,-6.0,-16.0,-6.0,-16.0,-6.0,-15.0,-6.0,-15.0,-6.0,-15.0,-6.0,-15.0,-5.0,-15.0,-6.0,-15.0,-5.0,-15.0,-5.0,-14.0,-5.0,-14.0,-5.0
2.955,122.0,-96.0,7.0,0.0,0.0,0.0,0.0,0.0,0.0,0.0,0.0,0.0,11.0,21.0,11.0,21.0,10.0,20.0,9.0,18.0,8.0,15.0,6.0,12.0,3.0,8.0,1.0,4.0,-2.0,0.0,-6.0,-4.0,-9.0,-7.0,-12.0,-10.0,-15.0,-12.0,-18.0,-15.0,-20.0,-17.0,-21.0,-18.0,-22.0,-17.0,-22.0,-17.0,-21.0,-15.0,-19.0,-14.0,-16.0,-11.0,-13.0,-9.0,-9.0,-7.0,-4.0,-5.0,1.0,-2.0,5.0,-1.0
2.97,122.0,-96.0,7.0,0.0,0.0,0.0,0.0,0.0,0.0,0.0,0.0,0.0,-6.0,-18.0,-6.0,-19.0,-5.0,-18.0,-5.0,-19.0,-4.0,-19.0,-4.0,-19.0,-3.0,-19.0,-3.0,-19.0,-3.0,-19.0,-3.0,-19.0,-3.0,-19.0,-3.0,-19.0,-2.0,-19.0,-2.0,-19.0,-1.0,-19.0,-1.0,-18.0,-1.0,-19.0,-1.0,-18.0,-1.0,-18.0,-1.0,-17.0,-1.0,-17.0,-2.0,-18.0,-2.0,-17.0,-2.0,-17.0,-2.0,-17.0,-3.0,-17.0
2.984,122.0,-96.0,7.0,0.0,0.0,0.0,0.0,0.0,0.0,0.0,0.0,0.0,18.0,-2.0,21.0,-2.0,23.0,-2.0,25.0,-2.0,25.0,-2.0,25.0,-2.0,23.0,-2.0,21.0,-2.0,18.0,-2.0,14.0,-2.0,10.0,-1.0,5.0,0.0,0.0,2.0,-6.0,3.0,-10.0,5.0,-15.0,6.0,-18.0,8.0,-21.0,9.0,-23.0,11.0,-24.0,12.0,-24.0,13.0,-24.0,12.0,-22.0,12.0,-19.0,11.0,-16.0,9.0,-12.0,7.0
2.9977,122.0,-96.0,7.0,0.0,0.0,0.0,0.0,0.0,0.0,0.0,0.0,0.0,-8.0,-15.0,-6.0,-11.0,-3.0,-6.0,0.0,-2.0,4.0,2.0,7.0,6.0,11.0,9.0,14.0,12.0,17.0,15.0,20.0,17.0,22.0,18.0,23.0,18.0,23.0,18.0,23.0,17.0,21.0,15.0,19.0,12.0,15.0,10.0,11.0,8.0,7.0,5.0,2.0,3.0,-4.0,1.0,-9.0,0.0,-15.0,-2.0,-19.0,-4.0,-23.0,-3.0,-26.0,-3.0
3.0106,122.0,-96.0,7.0,0.0,0.0,0.0,0.0,0.0,0.0,0.0,0.0,0.0,-11.0,-12.0,-8.0,-9.0,-4.0,-6.0,0.0,-2.0,4.0,1.0,9.0,4.0,13.0,6.0,17.0,9.0,20.0,11.0,23.0,12.0,25.0,13.0,26.0,13.0,27.0,12.0,26.0,11.0,24.0,10.0,21.0,8.0,17.0,7.0,12.0,5.0,8.0,3.0,2.0,2.0,-3.0,2.0,-9.0,1.0,-15.0,0.0,-20.0,0.0,-23.0,1.0,-26.0,2.0
3.0245,122.0,-96.0,7.0,0.0,0.0,0.0,0.0,0.0,0.0,0.0,0.0,0.0,-17.0,-1.0,-17.0,-2.0,-17.0,-2.0,-17.0,-2.0,-17.0,-3.0,-17.0,-3.0,-17.0,-3.0,-17.0,-4.0,-17.0,-4.0,-17.0,-4.0,-17.0,-5.0,-17.0,-4.0,-16.0,-4.0,-16.0,-5.0,-16.0,-5.0,-16.0,-5.0,-16.0,-5.0,-16.0,-5.0,-15.0,-5.0,-15.0,-5.0,-15.0,-5.0,-15.0,-5.0,-15.0,-4.0,-15.0,-4.0,-15.0,-4.0,-15.0,-3.0
3.038,122.0,-96.0,7.0,0.0,0.0,0.0,0.0,0.0,0.0,0.0,0.0,0.0,-3.0,-20.0,-3.0,-23.0,-3.0,-25.0,-3.0,-25.0,-3.0,-25.0,-3.0,-25.0,-3.0,-23.0,-3.0,-20.0,-2.0,-17.0,-1.0,-12.0,-1.0,-8.0,1.0,-3.0,2.0,2.0,4.0,7.0,6.0,11.0,7.0,15.0,9.0,18.0,10.0,21.0,12.0,22.0,12.0,23.0,13.0,22.0,13.0,22.0,12.0,20.0,11.0,17.0,9.0,13.0,7.0,10.0
3.0517,122.0,-96.0,7.0,0.0,0.0,0.0,0.0,0.0,0.0,0.0,0.0,0.0,11.0,-11.0,9.0,-8.0,5.0,-4.0,2.0,0.0,-2.0,4.0,-5.0,9.0,-6.0,13.0,-9.0,17.0,-11.0,21.0,-12.0,23.0,-13.0,25.0,-13.0,26.0,-13.0,27.0,-12.0,26.0,-10.0,24.0,-8.0,21.0,-7.0,17.0,-6.0,12.0,-4.0,7.0,-3.0,2.0,-3.0,-4.0,-2.0,-9.0,-2.0,-14.0,-2.0,-19.0,-3.0,-23.0,-4.0,-26.0
3.0678,122.0,-96.0,7.0,0.0,0.0,0.0,0.0,0.0,0.0,0.0,0.0,0.0,15.0,-13.0,16.0,-13.0,16.0,-13.0,17.0,-12.0,17.0,-12.0,17.0,-11.0,18.0,-11.0,18.0,-10.0,18.0,-10.0,18.0,-10.0,18.0,-9.0,18.0,-9.0,18.0,-9.0,18.0,-9.0,18.0,-8.0,18.0,-8.0,18.0,-8.0,18.0,-8.0,18.0,-8.0,17.0,-8.0,17.0,-8.0,16.0,-8.0,17.0,-8.0,16.0,-8.0,16.0,-8.0,15.0,-8.0
3.0818,122.0,-96.0,7.0,0.0,0.0,0.0,0.0,0.0,0.0,0.0,0.0,0.0,-5.0,-4.0,-8.0,-8.0,-11.0,-11.0,-13.0,-15.0,-16.0,-18.0,-18.0,-20.0,-19.0,-21.0,-21.0,-23.0,-20.0,-22.0,-20.0,-21.0,-19.0,-19.0,-16.0,-16.0,-13.0,-14.0,-10.0,-10.0,-6.0,-8.0,-2.0,-4.0,4.0,-1.0,9.0,2.0,13.0,4.0,18.0,6.0,22.0,7.0,25.0,7.0,28.0,8.0,28.0,7.0,28.0,6.0,27.0,5.0
3.0967,122.0,-96.0,7.0,0.0,0.0,0.0,0.0,0.0,0.0,0.0,0.0,0.0,0.0,23.0,0.0,23.0,0.0,20.0,0.0,18.0,-1.0,15.0,-1.0,10.0,-1.0,6.0,-2.0,1.0,-3.0,-4.0,-4.0,-8.0,-6.0,-13.0,-7.0,-16.0,-9.0,-19.0,-9.0,-23.0,-10.0,-24.0,-10.0,-26.0,-11.0,-25.0,-11.0,-24.0,-10.0,-22.0,-9.0,-19.0,-8.0,-15.0,-6.0,-12.0,-3.0,-8.0,0.0,-4.0,3.0,0.0,6.0,3.0
3.1107,122.0,-96.0,7.0,0.0,0.0,0.0,0.0,0.0,0.0,0.0,0.0,0.0,-22.0,16.0,-22.0,16.0,-21.0,15.0,-18.0,13.0,-16.0,11.0,-12.0,9.0,-9.0,5.0,-5.0,1.0,-1.0,-3.0,2.0,-7.0,5.0,-11.0,8.0,-15.0,10.0,-19.0,13.0,-22.0,14.0,-25.0,15.0,-26.0,15.0,-27.0,14.0,-26.0,12.0,-25.0,11.0,-22.0,9.0,-19.0,7.0,-15.0,5.0,-10.0,4.0,-5.0,2.0,1.0,1.0,6.0
3.1247,122.0,-96.0,7.0,0.0,0.0,0.0,0.0,0.0,0.0,0.0,0.0,0.0,2.0,1.0,2.0,6.0,2.0,11.0,3.0,16.0,4.0,20.0,4.0,24.0,5.0,26.0,6.0,28.0,6.0,28.0,6.0,27.0,7.0,25.0,6.0,23.0,5.0,20.0,4.0,15.0,1.0,11.0,0.0,5.0,-3.0,0.0,-6.0,-5.0,-9.0,-10.0,-12.0,-13.0,-15.0,-17.0,-18.0,-19.0,-20.0,-21.0,-21.0,-20.0,-22.0,-20.0,-22.0,-20.0
3.1387,122.0,-96.0,7.0,0.0,0.0,0.0,0.0,0.0,0.0,0.0,0.0,0.0,26.0,5.0,25.0,4.0,23.0,4.0,20.0,3.0,16.0,3.0,11.0,2.0,7.0,2.0,1.0,1.0,-4.0,1.0,-10.0,2.0,-15.0,2.0,-19.0,3.0,-23.0,4.0,-27.0,4.0,-29.0,4.0,-30.0,5.0,-30.0,6.0,-29.0,6.0,-26.0,6.0,-23.0,5.0,-18.0,4.0,-14.0,3.0,-10.0,1.0,-5.0,-2.0,0.0,-4.0,5.0,-7.0
3.155,122.0,-96.0,7.0,0.0,0.0,0.0,0.0,0.0,0.0,0.0,0.0,0.0,15.0,-1.0,11.0,-1.0,5.0,0.0,1.0,1.0,-5.0,2.0,-10.0,4.0,-14.0,6.0,-18.0,8.0,-22.0,9.0,-25.0,11.0,-27.0,11.0,-27.0,12.0,-27.0,13.0,-26.0,13.0,-23.0,12.0,-20.0,11.0,-17.0,9.0,-13.0,6.0,-9.0,3.0,-4.0,0.0,-1.0,-5.0,3.0,-8.0,7.0,-12.0,11.0,-16.0,12.0,-19.0,13.0,-23.0
3.1677,122.0,-96.0,7.0,0.0,0.0,0.0,0.0,0.0,0.0,0.0,0.0,0.0,-6.0,-24.0,-6.0,-22.0,-6.0,-21.0,-5.0,-18.0,-4.0,-15.0,-3.0,-11.0,-1.0,-7.0,0.0,-2.0,2.0,2.0,5.0,6.0,7.0,10.0,9.0,13.0,11.0,16.0,13.0,19.0,14.0,21.0,15.0,22.0,15.0,21.0,15.0,20.0,14.0,18.0,13.0,16.0,10.0,12.0,8.0,9.0,4.0,7.0,0.0,3.0,-3.0,0.0,-8.0,-3.0
3.1814,122.0,-96.0,7.0,0.0,0.0,0.0,0.0,0.0,0.0,0.0,0.0,0.0,2.0,4.0,4.0,9.0,5.0,13.0,6.0,18.0,8.0,21.0,9.0,24.0,11.0,25.0,11.0,27.0,12.0,26.0,11.0,25.0,11.0,23.0,10.0,20.0,8.0,16.0,6.0,12.0,2.0,8.0,0.0,3.0,-4.0,-2.0,-8.0,-5.0,-12.0,-10.0,-15.0,-13.0,-19.0,-15.0,-21.0,-16.0,-24.0,-18.0,-25.0,-17.0,-25.0,-16.0,-25.0,-15.0
3.1964,122.0,-96.0,7.0,0.0,0.0,0.0,0.0,0.0,0.0,0.0,0.0,0.0,-1.0,-21.0,0.0,-22.0,0.0,-21.0,0.0,-21.0,1.0,-22.0,2.0,-22.0,2.0,-21.0,3.0,-21.0,3.0,-21.0,4.0,-21.0,4.0,-21.0,4.0,-20.0,5.0,-20.0,5.0,-20.0,5.0,-20.0,4.0,-20.0,5.0,-20.0,5.0,-19.0,5.0,-19.0,5.0,-19.0,5.0,-18.0,4.0,-18.0,4.0,-18.0,4.0,-18.0,4.0,-18.0,3.0,-18.0
3.2106,122.0,-96.0,7.0,0.0,0.0,0.0,0.0,0.0,0.0,0.0,0.0,0.0,16.0,-17.0,19.0,-19.0,19.0,-20.0,20.0,-21.0,20.0,-21.0,20.0,-20.0,18.0,-19.0,15.0,-16.0,13.0,-13.0,9.0,-9.0,6.0,-6.0,2.0,-1.0,-1.0,3.0,-5.0,8.0,-8.0,13.0,-11.0,17.0,-13.0,21.0,-14.0,24.0,-15.0,26.0,-15.0,27.0,-14.0,27.0,-14.0,26.0,-12.0,24.0,-10.0,21.0,-8.0,17.0,-7.0,13.0
3.2246,122.0,-96.0,7.0,0.0,0.0,0.0,0.0,0.0,0.0,0.0,0.0,0.0,-2.0,2.0,-7.0,3.0,-13.0,4.0,-17.0,5.0,-21.0,7.0,-25.0,8.0,-27.0,9.0,-30.0,9.0,-29.0,10.0,-28.0,10.0,-26.0,10.0,-23.0,9.0,-21.0,7.0,-16.0,6.0,-11.0,3.0,-6.0,1.0,-1.0,-2.0,4.0,-6.0,9.0,-9.0,13.0,-13.0,16.0,-16.0,18.0,-19.0,21.0,-21.0,20.0,-22.0,20.0,-23.0,19.0,-23.0
3.2392,122.0,-96.0,7.0,0.0,0.0,0.0,0.0,0.0,0.0,0.0,0.0,0.0,-20.0,3.0,-21.0,3.0,-20.0,3.0,-22.0,2.0,-22.0,2.0,-22.0,1.0,-21.0,1.0,-22.0,0.0,-21.0,0.0,-21.0,-1.0,-22.0,-1.0,-21.0,-1.0,-21.0,-1.0,-21.0,-2.0,-21.0,-2.0,-20.0,-2.0,-21.0,-2.0,-20.0,-2.0,-20.0,-2.0,-19.0,-2.0,-19.0,-2.0,-19.0,-2.0,-19.0,-2.0,-19.0,-2.0,-18.0,-2.0,-19.0,-1.0
3.2534,122.0,-96.0,7.0,0.0,0.0,0.0,0.0,0.0,0.0,0.0,0.0,0.0,0.0,-21.0,1.0,-21.0,1.0,-21.0,2.0,-22.0,2.0,-21.0,3.0,-22.0,3.0,-21.0,3.0,-21.0,4.0,-21.0,4.0,-21.0,5.0,-21.0,4.0,-20.0,5.0,-20.0,5.0,-20.0,6.0,-20.0,5.0,-19.0,6.0,-20.0,6.0,-19.0,6.0,-19.0,5.0,-19.0,5.0,-19.0,5.0,-18.0,4.0,-18.0,5.0,-18.0,4.0,-18.0,4.0,-18.0
3.2673,122.0,-96.0,7.0,0.0,0.0,0.0,0.0,0.0,0.0,0.0,0.0,0.0,2.0,-2.0,7.0,0.0,12.0,1.0,17.0,2.0,21.0,3.0,25.0,4.0,27.0,4.0,30.0,5.0,30.0,4.0,29.0,4.0,27.0,3.0,25.0,2.0,21.0,2.0,16.0,1.0,11.0,2.0,5.0,1.0,-1.0,1.0,-7.0,2.0,-13.0,2.0,-18.0,3.0,-23.0,4.0,-26.0,6.0,-29.0,6.0,-29.0,8.0,-30.0,8.0,-29.0,8.0
3.2817,122.0,-96.0,7.0,0.0,0.0,0.0,0.0,0.0,0.0,0.0,0.0,0.0,-2.0,2.0,-6.0,4.0,-12.0,5.0,-16.0,7.0,-20.0,9.0,-24.0,11.0,-25.0,12.0,-28.0,13.0,-27.0,14.0,-27.0,14.0,-25.0,13.0,-22.0,12.0,-20.0,10.0,-15.0,8.0,-11.0,4.0,-6.0,2.0,-1.0,-2.0,3.0,-7.0,7.0,-11.0,11.0,-15.0,14.0,-19.0,14.0,-22.0,17.0,-25.0,16.0,-26.0,16.0,-26.0,15.0,-26.0
3.2961,122.0,-96.0,7.0,0.0,0.0,0.0,0.0,0.0,0.0,0.0,0.0,0.0,8.0,-15.0,5.0,-11.0,3.0,-6.0,1.0,-1.0,-1.0,5.0,-2.0,10.0,-3.0,15.0,-4.0,20.0,-5.0,24.0,-6.0,27.0,-7.0,29.0,-6.0,30.0,-5.0,30.0,-5.0,29.0,-4.0,27.0,-2.0,23.0,-2.0,19.0,-2.0,14.0,-2.0,8.0,-2.0,3.0,-3.0,-3.0,-4.0,-9.0,-5.0,-15.0,-6.0,-20.0,-8.0,-23.0,-9.0,-26.0
3.3097,122.0,-96.0,7.0,0.0,0.0,0.0,0.0,0.0,0.0,0.0,0.0,0.0,14.0,15.0,15.0,17.0,16.0,18.0,17.0,19.0,17.0,19.0,16.0,18.0,15.0,17.0,13.0,14.0,11.0,12.0,7.0,9.0,4.0,6.0,0.0,2.0,-4.0,-1.0,-9.0,-4.0,-13.0,-7.0,-16.0,-9.0,-20.0,-11.0,-23.0,-12.0,-24.0,-13.0,-25.0,-13.0,-25.0,-12.0,-25.0,-12.0,-23.0,-11.0,-20.0,-8.0,-17.0,-7.0,-12.0,-5.0
3.3236,122.0,-96.0,7.0,0.0,0.0,0.0,0.0,0.0,0.0,0.0,0.0,0.0,-2.0,-5.0,-3.0,-10.0,-3.0,-14.0,-3.0,-18.0,-4.0,-21.0,-4.0,-25.0,-5.0,-26.0,-5.0,-28.0,-5.0,-27.0,-6.0,-26.0,-6.0,-23.0,-5.0,-21.0,-4.0,-17.0,-3.0,-13.0,-1.0,-9.0,0.0,-4.0,2.0,2.0,5.0,6.0,7.0,11.0,10.0,14.0,12.0,18.0,14.0,19.0,15.0,21.0,16.0,20.0,17.0,20.0,16.0,19.0
3.3371,122.0,-96.0,7.0,0.0,0.0,0.0,0.0,0.0,0.0,0.0,0.0,0.0,3.0,3.0,6.0,6.0,8.0,10.0,10.0,14.0,12.0,16.0,14.0,19.0,15.0,20.0,16.0,22.0,16.0,21.0,16.0,20.0,15.0,17.0,13.0,15.0,10.0,13.0,7.0,9.0,4.0,7.0,0.0,3.0,-4.0,-1.0,-8.0,-4.0,-12.0,-7.0,-16.0,-9.0,-20.0,-11.0,-22.0,-11.0,-25.0,-12.0,-25.0,-11.0,-25.0,-10.0,-25.0,-10.0
3.3509,122.0,-96.0,7.0,0.0,0.0,0.0,0.0,0.0,0.0,0.0,0.0,0.0,-5.0,15.0,-4.0,11.0,-3.0,5.0,-2.0,1.0,-2.0,-5.0,-2.0,-11.0,-2.0,-16.0,-2.0,-21.0,-2.0,-25.0,-3.0,-28.0,-3.0,-30.0,-4.0,-31.0,-5.0,-31.0,-5.0,-30.0,-5.0,-28.0,-5.0,-23.0,-4.0,-20.0,-3.0,-14.0,-1.0,-10.0,1.0,-4.0,4.0,1.0,5.0,6.0,8.0,11.0,11.0,16.0,14.0,18.0,16.0,21.0
3.3649,122.0,-96.0,7.0,0.0,0.0,0.0,0.0,0.0,0.0,0.0,0.0,0.0,-20.0,15.0,-21.0,15.0,-20.0,13.0,-18.0,12.0,-15.0,10.0,-12.0,8.0,-9.0,5.0,-4.0,1.0,-1.0,-2.0,2.0,-6.0,5.0,-10.0,8.0,-13.0,10.0,-17.0,13.0,-20.0,15.0,-22.0,16.0,-23.0,16.0,-24.0,15.0,-23.0,14.0,-22.0,12.0,-20.0,9.0,-17.0,7.0,-13.0,5.0,-9.0,4.0,-4.0,1.0,1.0,0.0,5.0
3.3788,122.0,-96.0,7.0,0.0,0.0,0.0,0.0,0.0,0.0,0.0,0.0,0.0,8.0,17.0,9.0,20.0,9.0,22.0,10.0,23.0,11.0,23.0,10.0,23.0,10.0,22.0,9.0,19.0,7.0,17.0,5.0,13.0,3.0,9.0,1.0,4.0,-2.0,0.0,-5.0,-5.0,-9.0,-9.0,-11.0,-12.0,-15.0,-15.0,-17.0,-17.0,-19.0,-19.0,-20.0,-20.0,-21.0,-19.0,-20.0,-19.0,-19.0,-17.0,-18.0,-14.0,-15.0,-12.0,-12.0,-9.0
3.3917,122.0,-96.0,7.0,0.0,0.0,0.0,0.0,0.0,0.0,0.0,0.0,0.0,-17.0,2.0,-12.0,1.0,-7.0,0.0,-2.0,-1.0,4.0,-4.0,9.0,-6.0,13.0,-8.0,17.0,-10.0,21.0,-12.0,23.0,-14.0,26.0,-15.0,26.0,-16.0,26.0,-16.0,25.0,-16.0,23.0,-15.0,19.0,-13.0,16.0,-11.0,12.0,-8.0,8.0,-5.0,3.0,-1.0,-1.0,3.0,-4.0,7.0,-9.0,12.0,-12.0,16.0,-13.0,19.0,-14.0,22.0
3.4056,122.0,-96.0,7.0,0.0,0.0,0.0,0.0,0.0,0.0,0.0,0.0,0.0,4.0,-17.0,5.0,-17.0,5.0,-17.0,5.0,-17.0,6.0,-17.0,6.0,-16.0,7.0,-16.0,7.0,-16.0,8.0,-16.0,8.0,-16.0,8.0,-16.0,8.0,-16.0,8.0,-15.0,8.0,-15.0,8.0,-15.0,8.0,-15.0,8.0,-15.0,8.0,-14.0,8.0,-14.0,8.0,-14.0,8.0,-14.0,8.0,-14.0,8.0,-14.0,7.0,-14.0,7.0,-13.0,6.0,-14.0
3.419,122.0,-96.0,7.0,0.0,0.0,0.0,0.0,0.0,0.0,0.0,0.0,0.0,-1.0,-17.0,-1.0,-12.0,-1.0,-7.0,1.0,-2.0,3.0,4.0,4.0,9.0,5.0,13.0,8.0,18.0,9.0,22.0,11.0,24.0,12.0,27.0,13.0,28.0,13.0,27.0,13.0,25.0,12.0,24.0,11.0,20.0,9.0,16.0,6.0,12.0,4.0,8.0,-1.0,4.0,-4.0,0.0,-8.0,-5.0,-12.0,-10.0,-17.0,-13.0,-20.0,-13.0,-23.0,-16.0
3.4332,122.0,-96.0,7.0,0.0,0.0,0.0,0.0,0.0,0.0,0.0,0.0,0.0,21.0,12.0,20.0,12.0,18.0,11.0,16.0,9.0,13.0,8.0,9.0,6.0,5.0,4.0,0.0,1.0,-4.0,-1.0,-9.0,-2.0,-13.0,-3.0,-17.0,-4.0,-21.0,-5.0,-24.0,-7.0,-26.0,-7.0,-27.0,-7.0,-28.0,-7.0,-26.0,-6.0,-25.0,-5.0,-22.0,-4.0,-18.0,-3.0,-13.0,-3.0,-9.0,-3.0,-4.0,-3.0,1.0,-3.0,6.0,-3.0
3.4484,122.0,-96.0,7.0,0.0,0.0,0.0,0.0,0.0,0.0,0.0,0.0,0.0,8.0,14.0,6.0,10.0,2.0,6.0,-1.0,2.0,-5.0,-3.0,-9.0,-7.0,-13.0,-9.0,-16.0,-13.0,-20.0,-15.0,-23.0,-17.0,-24.0,-18.0,-25.0,-18.0,-26.0,-18.0,-25.0,-17.0,-24.0,-15.0,-21.0,-13.0,-17.0,-11.0,-13.0,-9.0,-8.0,-6.0,-3.0,-4.0,3.0,-2.0,8.0,0.0,14.0,1.0,19.0,2.0,23.0,2.0,26.0,2.0
3.4622,122.0,-96.0,7.0,0.0,0.0,0.0,0.0,0.0,0.0,0.0,0.0,0.0,4.0,22.0,4.0,25.0,4.0,28.0,5.0,28.0,5.0,29.0,5.0,27.0,4.0,26.0,4.0,22.0,3.0,19.0,2.0,13.0,0.0,8.0,-2.0,3.0,-4.0,-3.0,-6.0,-9.0,-8.0,-14.0,-10.0,-18.0,-12.0,-22.0,-14.0,-25.0,-15.0,-26.0,-16.0,-28.0,-17.0,-27.0,-17.0,-26.0,-16.0,-24.0,-14.0,-20.0,-12.0,-17.0,-9.0,-13.0
3.476,122.0,-96.0,7.0,0.0,0.0,0.0,0.0,0.0,0.0,0.0,0.0,0.0,0.0,20.0,-1.0,23.0,-1.0,25.0,-1.0,26.0,-1.0,26.0,-1.0,25.0,-1.0,23.0,-1.0,20.0,-1.0,17.0,-1.0,12.0,-2.0,7.0,-2.0,2.0,-3.0,-3.0,-4.0,-9.0,-5.0,-14.0,-6.0,-18.0,-7.0,-22.0,-8.0,-24.0,-9.0,-25.0,-10.0,-27.0,-10.0,-26.0,-10.0,-26.0,-10.0,-23.0,-9.0,-20.0,-8.0,-16.0,-6.0,-12.0
3.4901,122.0,-96.0,7.0,0.0,0.0,0.0,0.0,0.0,0.0,0.0,0.0,0.0,20.0,-12.0,23.0,-13.0,25.0,-14.0,26.0,-14.0,25.0,-14.0,25.0,-14.0,23.0,-12.0,20.0,-11.0,17.0,-9.0,12.0,-6.0,7.0,-4.0,3.0,0.0,-2.0,4.0,-7.0,7.0,-11.0,11.0,-15.0,14.0,-18.0,17.0,-19.0,20.0,-21.0,22.0,-22.0,23.0,-21.0,24.0,-20.0,22.0,-18.0,21.0,-15.0,19.0,-12.0,15.0,-9.0,11.0
3.5032,122.0,-96.0,7.0,0.0,0.0,0.0,0.0,0.0,0.0,0.0,0.0,0.0,15.0,4.0,15.0,4.0,15.0,4.0,15.0,5.0,15.0,5.0,15.0,6.0,15.0,6.0,15.0,6.0,15.0,6.0,14.0,7.0,14.0,7.0,14.0,7.0,14.0,7.0,14.0,7.0,13.0,8.0,13.0,7.0,13.0,7.0,13.0,7.0,13.0,8.0,13.0,7.0,12.0,7.0,12.0,7.0,12.0,7.0,12.0,6.0,12.0,6.0,12.0,6.0
3.518,122.0,-96.0,7.0,0.0,0.0,0.0,0.0,0.0,0.0,0.0,0.0,0.0,26.0,-11.0,26.0,-11.0,24.0,-10.0,22.0,-9.0,19.0,-7.0,15.0,-6.0,10.0,-3.0,5.0,-1.0,0.0,2.0,-5.0,5.0,-9.0,8.0,-14.0,10.0,-17.0,13.0,-21.0,16.0,-24.0,17.0,-25.0,19.0,-25.0,20.0,-24.0,19.0,-22.0,18.0,-19.0,16.0,-16.0,14.0,-13.0,10.0,-10.0,7.0,-6.0,2.0,-2.0,-2.0,1.0,-7.0
3.5325,122.0,-96.0,7.0,0.0,0.0,0.0,0.0,0.0,0.0,0.0,0.0,0.0,1.0,2.0,-1.0,6.0,-3.0,12.0,-5.0,16.0,-6.0,20.0,-7.0,24.0,-7.0,26.0,-9.0,29.0,-7.0,29.0,-8.0,29.0,-6.0,27.0,-6.0,24.0,-5.0,21.0,-4.0,16.0,-4.0,11.0,-3.0,6.0,-2.0,-1.0,-3.0,-7.0,-3.0,-13.0,-4.0,-18.0,-5.0,-23.0,-7.0,-25.0,-8.0,-29.0,-9.0,-29.0,-10.0,-29.0,-10.0,-28.0
3.5475,122.0,-96.0,7.0,0.0,0.0,0.0,0.0,0.0,0.0,0.0,0.0,0.0,4.0,-20.0,5.0,-21.0,5.0,-20.0,6.0,-20.0,6.0,-21.0,6.0,-21.0,6.0,-20.0,7.0,-20.0,7.0,-20.0,8.0,-20.0,8.0,-19.0,8.0,-19.0,8.0,-19.0,9.0,-19.0,9.0,-19.0,9.0,-18.0,9.0,-18.0,8.0,-18.0,9.0,-18.0,8.0,-18.0,8.0,-17.0,7.0,-18.0,7.0,-17.0,7.0,-17.0,7.0,-17.0,6.0,-17.0
3.5619,122.0,-96.0,7.0,0.0,0.0,0.0,0.0,0.0,0.0,0.0,0.0,0.0,16.0,-9.0,19.0,-11.0,21.0,-12.0,22.0,-12.0,22.0,-13.0,22.0,-13.0,21.0,-12.0,18.0,-11.0,16.0,-9.0,12.0,-7.0,8.0,-5.0,4.0,-2.0,0.0,1.0,-4.0,5.0,-7.0,8.0,-11.0,12.0,-13.0,15.0,-15.0,17.0,-17.0,19.0,-17.0,20.0,-17.0,21.0,-16.0,21.0,-15.0,20.0,-13.0,18.0,-10.0,15.0,-8.0,11.0
3.576,122.0,-96.0,7.0,0.0,0.0,0.0,0.0,0.0,0.0,0.0,0.0,0.0,-6.0,19.0,-7.0,19.0,-7.0,19.0,-8.0,19.0,-8.0,19.0,-9.0,19.0,-9.0,18.0,-10.0,18.0,-10.0,18.0,-10.0,18.0,-10.0,18.0,-11.0,17.0,-11.0,17.0,-11.0,17.0,-11.0,17.0,-11.0,17.0,-11.0,16.0,-11.0,16.0,-11.0,16.0,-11.0,16.0,-11.0,15.0,-10.0,15.0,-10.0,15.0,-10.0,15.0,-9.0,15.0,-9.0,15.0
3.5897,122.0,-96.0,7.0,0.0,0.0,0.0,0.0,0.0,0.0,0.0,0.0,0.0,15.0,19.0,14.0,18.0,12.0,17.0,11.0,15.0,9.0,12.0,6.0,9.0,3.0,6.0,-1.0,1.0,-4.0,-2.0,-8.0,-4.0,-12.0,-7.0,-15.0,-9.0,-18.0,-11.0,-21.0,-14.0,-23.0,-15.0,-23.0,-15.0,-24.0,-15.0,-23.0,-14.0,-22.0,-13.0,-19.0,-11.0,-16.0,-8.0,-11.0,-7.0,-7.0,-5.0,-3.0,-3.0,2.0,-2.0,7.0,-1.0
3.6066,122.0,-96.0,7.0,0.0,0.0,0.0,0.0,0.0,0.0,0.0,0.0,0.0,-15.0,-14.0,-15.0,-15.0,-14.0,-15.0,-14.0,-15.0,-14.0,-16.0,-14.0,-17.0,-13.0,-17.0,-12.0,-18.0,-12.0,-17.0,-12.0,-17.0,-12.0,-18.0,-11.0,-18.0,-11.0,-17.0,-11.0,-17.0,-10.0,-18.0,-10.0,-17.0,-10.0,-17.0,-10.0,-17.0,-10.0,-17.0,-9.0,-17.0,-9.0,-17.0,-10.0,-16.0,-9.0,-16.0,-10.0,-16.0,-10.0,-15.0,-10.0,-15.0
3.6193,122.0,-96.0,7.0,0.0,0.0,0.0,0.0,0.0,0.0,0.0,0.0,0.0,-15.0,7.0,-11.0,5.0,-7.0,2.0,-3.0,-1.0,2.0,-5.0,6.0,-8.0,9.0,-12.0,13.0,-15.0,16.0,-18.0,18.0,-20.0,20.0,-22.0,20.0,-23.0,20.0,-23.0,19.0,-23.0,17.0,-21.0,13.0,-19.0,11.0,-15.0,8.0,-12.0,5.0,-7.0,3.0,-2.0,1.0,3.0,-1.0,8.0,-4.0,14.0,-5.0,18.0,-5.0,22.0,-5.0,25.0
3.6336,122.0,-96.0,7.0,0.0,0.0,0.0,0.0,0.0,0.0,0.0,0.0,0.0,8.0,-24.0,8.0,-24.0,7.0,-22.0,6.0,-20.0,6.0,-17.0,4.0,-13.0,4.0,-9.0,2.0,-4.0,1.0,1.0,1.0,5.0,0.0,10.0,0.0,14.0,0.0,19.0,-1.0,22.0,-1.0,25.0,-1.0,26.0,0.0,27.0,0.0,26.0,1.0,25.0,1.0,22.0,1.0,18.0,1.0,14.0,0.0,10.0,-1.0,5.0,-3.0,0.0,-4.0,-5.0
3.6496,122.0,-96.0,7.0,0.0,0.0,0.0,0.0,0.0,0.0,0.0,0.0,0.0,-14.0,-15.0,-14.0,-16.0,-14.0,-16.0,-14.0,-17.0,-13.0,-17.0,-12.0,-17.0,-12.0,-17.0,-12.0,-18.0,-12.0,-18.0,-11.0,-18.0,-11.0,-18.0,-10.0,-18.0,-10.0,-18.0,-10.0,-18.0,-9.0,-18.0,-9.0,-18.0,-9.0,-17.0,-9.0,-18.0,-9.0,-18.0,-9.0,-17.0,-9.0,-17.0,-9.0,-17.0,-9.0,-17.0,-9.0,-17.0,-9.0,-16.0,-9.0,-16.0
3.6638,122.0,-96.0,7.0,0.0,0.0,0.0,0.0,0.0,0.0,0.0,0.0,0.0,10.0,14.0,12.0,17.0,13.0,19.0,14.0,20.0,14.0,20.0,14.0,20.0,13.0,19.0,12.0,17.0,10.0,15.0,8.0,11.0,5.0,8.0,1.0,4.0,-2.0,1.0,-6.0,-3.0,-10.0,-6.0,-13.0,-9.0,-17.0,-12.0,-20.0,-13.0,-22.0,-14.0,-23.0,-15.0,-24.0,-14.0,-24.0,-14.0,-22.0,-13.0,-20.0,-10.0,-17.0,-8.0,-13.0,-7.0
3.6777,122.0,-96.0,7.0,0.0,0.0,0.0,0.0,0.0,0.0,0.0,0.0,0.0,-2.0,-3.0,-2.0,-7.0,-1.0,-13.0,-1.0,-17.0,-1.0,-22.0,0.0,-26.0,-1.0,-28.0,0.0,-30.0,-1.0,-30.0,-1.0,-29.0,-2.0,-28.0,-2.0,-25.0,-2.0,-22.0,-2.0,-17.0,0.0,-12.0,0.0,-7.0,2.0,-1.0,4.0,5.0,6.0,10.0,8.0,14.0,10.0,19.0,12.0,21.0,14.0,24.0,16.0,24.0,16.0,24.0,16.0,23.0
3.6915,122.0,-96.0,7.0,0.0,0.0,0.0,0.0,0.0,0.0,0.0,0.0,0.0,-17.0,7.0,-14.0,5.0,-9.0,3.0,-5.0,0.0,-1.0,-3.0,4.0,-6.0,7.0,-10.0,11.0,-13.0,14.0,-16.0,16.0,-19.0,19.0,-21.0,19.0,-22.0,19.0,-23.0,19.0,-23.0,17.0,-22.0,14.0,-20.0,12.0,-17.0,9.0,-13.0,7.0,-9.0,4.0,-5.0,2.0,1.0,0.0,6.0,-2.0,11.0,-4.0,17.0,-4.0,21.0,-4.0,24.0
3.7064,122.0,-96.0,7.0,0.0,0.0,0.0,0.0,0.0,0.0,0.0,0.0,0.0,-18.0,-11.0,-21.0,-13.0,-23.0,-15.0,-24.0,-15.0,-25.0,-16.0,-25.0,-15.0,-23.0,-15.0,-21.0,-13.0,-18.0,-12.0,-14.0,-9.0,-9.0,-7.0,-4.0,-4.0,1.0,-3.0,7.0,0.0,12.0,1.0,17.0,3.0,21.0,4.0,25.0,4.0,28.0,4.0,29.0,4.0,30.0,3.0,29.0,2.0,27.0,2.0,24.0,1.0,20.0,0.0,15.0,0.0
3.7196,122.0,-96.0,7.0,0.0,0.0,0.0,0.0,0.0,0.0,0.0,0.0,0.0,-16.0,-19.0,-16.0,-19.0,-15.0,-17.0,-14.0,-16.0,-12.0,-14.0,-9.0,-11.0,-6.0,-8.0,-2.0,-4.0,1.0,-2.0,6.0,1.0,9.0,3.0,13.0,5.0,16.0,7.0,20.0,9.0,22.0,11.0,24.0,11.0,24.0,11.0,24.0,10.0,22.0,9.0,20.0,8.0,16.0,6.0,13.0,4.0,9.0,4.0,4.0,3.0,-1.0,2.0,-6.0,2.0
3.7363,122.0,-96.0,7.0,0.0,0.0,0.0,0.0,0.0,0.0,0.0,0.0,0.0,15.0,2.0,11.0,2.0,6.0,1.0,0.0,2.0,-5.0,2.0,-11.0,3.0,-15.0,4.0,-20.0,5.0,-23.0,6.0,-26.0,7.0,-29.0,8.0,-29.0,8.0,-29.0,9.0,-28.0,9.0,-25.0,9.0,-21.0,9.0,-18.0,7.0,-14.0,5.0,-9.0,2.0,-4.0,-1.0,0.0,-5.0,4.0,-8.0,9.0,-12.0,12.0,-16.0,14.0,-19.0,15.0,-22.0
3.7529,122.0,-96.0,7.0,0.0,0.0,0.0,0.0,0.0,0.0,0.0,0.0,0.0,-15.0,22.0,-14.0,22.0,-14.0,20.0,-12.0,17.0,-10.0,14.0,-7.0,9.0,-6.0,5.0,-3.0,0.0,-1.0,-5.0,1.0,-10.0,2.0,-15.0,3.0,-20.0,4.0,-24.0,5.0,-28.0,5.0,-30.0,5.0,-31.0,4.0,-31.0,3.0,-30.0,3.0,-27.0,2.0,-24.0,1.0,-19.0,1.0,-14.0,1.0,-9.0,2.0,-4.0,3.0,2.0,4.0,7.0
3.7659,122.0,-96.0,7.0,0.0,0.0,0.0,0.0,0.0,0.0,0.0,0.0,0.0,30.0,14.0,29.0,13.0,26.0,12.0,23.0,10.0,18.0,9.0,13.0,7.0,7.0,4.0,0.0,2.0,-6.0,1.0,-13.0,-1.0,-19.0,-2.0,-25.0,-3.0,-30.0,-4.0,-34.0,-4.0,-37.0,-4.0,-39.0,-3.0,-38.0,-3.0,-37.0,-2.0,-34.0,-2.0,-30.0,-1.0,-24.0,-1.0,-18.0,-1.0,-11.0,-2.0,-5.0,-3.0,3.0,-5.0,9.0,-7.0
3.7776,122.0,-96.0,7.0,0.0,0.0,0.0,0.0,0.0,0.0,0.0,0.0,0.0,3.0,-22.0,4.0,-22.0,4.0,-22.0,5.0,-22.0,6.0,-22.0,6.0,-22.0,7.0,-21.0,7.0,-22.0,7.0,-21.0,8.0,-21.0,8.0,-21.0,8.0,-21.0,9.0,-20.0,9.0,-20.0,9.0,-20.0,9.0,-19.0,9.0,-19.0,9.0,-19.0,9.0,-19.0,9.0,-18.0,8.0,-18.0,8.0,-18.0,8.0,-18.0,8.0,-18.0,7.0,-18.0,7.0,-18.0
3.7914,122.0,-96.0,7.0,0.0,0.0,0.0,0.0,0.0,0.0,0.0,0.0,0.0,20.0,-1.0,23.0,0.0,24.0,0.0,25.0,0.0,25.0,-1.0,24.0,-1.0,22.0,0.0,19.0,-1.0,16.0,0.0,11.0,0.0,7.0,0.0,2.0,1.0,-4.0,2.0,-9.0,3.0,-14.0,4.0,-18.0,5.0,-21.0,7.0,-24.0,8.0,-26.0,9.0,-26.0,9.0,-25.0,10.0,-25.0,10.0,-22.0,9.0,-19.0,8.0,-16.0,7.0,-12.0,5.0
3.8075,122.0,-96.0,7.0,0.0,0.0,0.0,0.0,0.0,0.0,0.0,0.0,0.0,-1.0,-6.0,-1.0,-11.0,0.0,-16.0,0.0,-21.0,1.0,-24.0,1.0,-28.0,0.0,-29.0,1.0,-31.0,0.0,-31.0,0.0,-29.0,-1.0,-27.0,-1.0,-24.0,0.0,-20.0,-1.0,-15.0,1.0,-9.0,1.0,-4.0,2.0,3.0,4.0,8.0,5.0,14.0,7.0,18.0,9.0,23.0,11.0,25.0,12.0,27.0,13.0,26.0,14.0,26.0,14.0,25.0
3.8203,122.0,-96.0,7.0,0.0,0.0,0.0,0.0,0.0,0.0,0.0,0.0,0.0,-2.0,5.0,-5.0,9.0,-8.0,13.0,-10.0,17.0,-12.0,20.0,-13.0,23.0,-14.0,25.0,-15.0,27.0,-14.0,26.0,-14.0,26.0,-12.0,23.0,-11.0,20.0,-9.0,17.0,-7.0,12.0,-6.0,7.0,-3.0,2.0,-1.0,-5.0,-1.0,-10.0,0.0,-16.0,1.0,-21.0,1.0,-25.0,0.0,-28.0,1.0,-31.0,-1.0,-31.0,-1.0,-31.0,-2.0,-29.0
3.835,122.0,-96.0,7.0,0.0,0.0,0.0,0.0,0.0,0.0,0.0,0.0,0.0,17.0,-8.0,18.0,-8.0,18.0,-7.0,18.0,-7.0,19.0,-6.0,19.0,-6.0,19.0,-5.0,19.0,-5.0,19.0,-5.0,19.0,-4.0,19.0,-4.0,19.0,-4.0,19.0,-3.0,19.0,-3.0,19.0,-3.0,18.0,-3.0,18.0,-3.0,18.0,-2.0,18.0,-3.0,17.0,-3.0,17.0,-3.0,17.0,-3.0,16.0,-3.0,16.0,-3.0,16.0,-4.0,16.0,-4.0
3.8495,122.0,-96.0,7.0,0.0,0.0,0.0,0.0,0.0,0.0,0.0,0.0,0.0,-15.0,5.0,-15.0,5.0,-15.0,5.0,-15.0,4.0,-16.0,4.0,-16.0,4.0,-16.0,3.0,-16.0,3.0,-16.0,3.0,-16.0,2.0,-16.0,2.0,-16.0,2.0,-16.0,2.0,-16.0,1.0,-16.0,2.0,-15.0,1.0,-15.0,1.0,-15.0,1.0,-15.0,1.0,-15.0,1.0,-14.0,1.0,-14.0,1.0,-14.0,1.0,-14.0,1.0,-14.0,2.0,-14.0,2.0
3.8628,122.0,-96.0,7.0,0.0,0.0,0.0,0.0,0.0,0.0,0.0,0.0,0.0,-4.0,16.0,-3.0,11.0,-2.0,6.0,-2.0,1.0,-2.0,-5.0,-2.0,-10.0,-2.0,-15.0,-2.0,-20.0,-2.0,-24.0,-3.0,-28.0,-2.0,-30.0,-3.0,-31.0,-4.0,-31.0,-4.0,-30.0,-4.0,-28.0,-5.0,-24.0,-4.0,-20.0,-3.0,-15.0,-1.0,-10.0,1.0,-5.0,3.0,1.0,5.0,6.0,7.0,12.0,9.0,17.0,11.0,20.0,14.0,22.0
3.8756,122.0,-96.0,7.0,0.0,0.0,0.0,0.0,0.0,0.0,0.0,0.0,0.0,4.0,-2.0,10.0,-2.0,15.0,-1.0,21.0,-1.0,25.0,-1.0,30.0,-1.0,31.0,-2.0,34.0,-1.0,33.0,-2.0,31.0,-3.0,29.0,-4.0,26.0,-3.0,22.0,-2.0,16.0,-2.0,10.0,0.0,4.0,1.0,-3.0,3.0,-8.0,5.0,-15.0,8.0,-19.0,10.0,-24.0,13.0,-26.0,14.0,-28.0,17.0,-28.0,19.0,-28.0,19.0,-27.0,19.0
3.891,122.0,-96.0,7.0,0.0,0.0,0.0,0.0,0.0,0.0,0.0,0.0,0.0,15.0,-13.0,15.0,-13.0,15.0,-12.0,16.0,-12.0,16.0,-11.0,17.0,-11.0,17.0,-11.0,17.0,-10.0,17.0,-10.0,17.0,-10.0,17.0,-10.0,17.0,-10.0,17.0,-9.0,17.0,-9.0,18.0,-8.0,17.0,-8.0,17.0,-8.0,17.0,-8.0,17.0,-8.0,16.0,-8.0,16.0,-8.0,16.0,-8.0,16.0,-8.0,15.0,-9.0,15.0,-8.0,15.0,-9.0
3.9047,122.0,-96.0,7.0,0.0,0.0,0.0,0.0,0.0,0.0,0.0,0.0,0.0,-21.0,-1.0,-24.0,-1.0,-25.0,-1.0,-26.0,-1.0,-26.0,-1.0,-26.0,-1.0,-24.0,-1.0,-21.0,0.0,-18.0,-1.0,-13.0,-1.0,-8.0,-2.0,-3.0,-3.0,2.0,-4.0,7.0,-5.0,11.0,-7.0,15.0,-8.0,19.0,-10.0,21.0,-11.0,23.0,-13.0,24.0,-14.0,23.0,-14.0,22.0,-14.0,20.0,-13.0,17.0,-12.0,14.0,-10.0,10.0,-8.0
3.9211,122.0,-96.0,7.0,0.0,0.0,0.0,0.0,0.0,0.0,0.0,0.0,0.0,11.0,-16.0,12.0,-16.0,12.0,-15.0,12.0,-16.0,13.0,-15.0,13.0,-15.0,14.0,-14.0,14.0,-14.0,14.0,-14.0,15.0,-14.0,15.0,-14.0,15.0,-13.0,14.0,-13.0,15.0,-13.0,15.0,-12.0,15.0,-12.0,14.0,-12.0,15.0,-12.0,15.0,-12.0,14.0,-12.0,14.0,-12.0,14.0,-12.0,14.0,-12.0,13.0,-12.0,13.0,-12.0,12.0,-12.0
3.9349,122.0,-96.0,7.0,0.0,0.0,0.0,0.0,0.0,0.0,0.0,0.0,0.0,22.0,-6.0,25.0,-6.0,27.0,-7.0,27.0,-7.0,28.0,-7.0,27.0,-7.0,25.0,-7.0,21.0,-6.0,18.0,-5.0,13.0,-3.0,8.0,-2.0,3.0,1.0,-1.0,4.0,-7.0,7.0,-12.0,10.0,-16.0,13.0,-19.0,16.0,-21.0,18.0,-23.0,20.0,-23.0,21.0,-22.0,22.0,-22.0,21.0,-20.0,20.0,-16.0,17.0,-13.0,14.0,-10.0,10.0
3.9484,122.0,-96.0,7.0,0.0,0.0,0.0,0.0,0.0,0.0,0.0,0.0,0.0,8.0,13.0,7.0,13.0,7.0,13.0,7.0,14.0,6.0,14.0,6.0,14.0,6.0,14.0,6.0,14.0,5.0,14.0,5.0,14.0,5.0,15.0,5.0,14.0,4.0,14.0,4.0,15.0,4.0,15.0,4.0,14.0,4.0,14.0,4.0,14.0,4.0,14.0,4.0,14.0,4.0,13.0,4.0,13.0,4.0,13.0,4.0,13.0,4.0,13.0,4.0,13.0
3.9632,122.0,-96.0,7.0,0.0,0.0,0.0,0.0,0.0,0.0,0.0,0.0,0.0,-13.0,-15.0,-15.0,-18.0,-17.0,-20.0,-17.0,-20.0,-17.0,-21.0,-17.0,-20.0,-16.0,-19.0,-14.0,-17.0,-12.0,-15.0,-9.0,-12.0,-6.0,-8.0,-2.0,-5.0,2.0,-2.0,6.0,2.0,10.0,5.0,14.0,8.0,18.0,10.0,21.0,11.0,23.0,11.0,24.0,12.0,25.0,11.0,24.0,11.0,23.0,10.0,20.0,8.0,16.0,6.0,12.0,5.0
3.977,122.0,-96.0,7.0,0.0,0.0,0.0,0.0,0.0,0.0,0.0,0.0,0.0,24.0,-6.0,24.0,-6.0,22.0,-5.0,20.0,-5.0,17.0,-4.0,13.0,-3.0,8.0,-1.0,3.0,0.0,-2.0,2.0,-6.0,4.0,-11.0,6.0,-14.0,7.0,-18.0,9.0,-22.0,10.0,-24.0,12.0,-25.0,12.0,-25.0,13.0,-24.0,13.0,-22.0,12.0,-20.0,11.0,-16.0,9.0,-12.0,6.0,-9.0,4.0,-5.0,1.0,-1.0,-3.0,3.0,-6.0
3.9906,122.0,-96.0,7.0,0.0,0.0,0.0,0.0,0.0,0.0,0.0,0.0,0.0,18.0,3.0,21.0,4.0,23.0,5.0,25.0,6.0,25.0,6.0,25.0,6.0,23.0,6.0,20.0,5.0,17.0,5.0,13.0,3.0,9.0,2.0,4.0,1.0,-2.0,1.0,-7.0,0.0,-12.0,0.0,-17.0,-1.0,-21.0,-1.0,-24.0,-1.0,-26.0,-1.0,-28.0,-1.0,-28.0,0.0,-28.0,0.0,-25.0,0.0,-22.0,1.0,-19.0,0.0,-14.0,1.0
4.0048,122.0,-96.0,7.0,0.0,0.0,0.0,0.0,0.0,0.0,0.0,0.0,0.0,-16.0,-11.0,-12.0,-8.0,-8.0,-6.0,-4.0,-3.0,2.0,-1.0,7.0,2.0,11.0,3.0,16.0,5.0,20.0,7.0,24.0,8.0,26.0,10.0,28.0,10.0,29.0,9.0,28.0,9.0,26.0,8.0,23.0,7.0,20.0,6.0,15.0,5.0,10.0,3.0,5.0,2.0,-1.0,1.0,-7.0,0.0,-13.0,0.0,-19.0,-1.0,-22.0,0.0,-26.0,1.0
4.0189,122.0,-96.0,7.0,0.0,0.0,0.0,0.0,0.0,0.0,0.0,0.0,0.0,16.0,-1.0,16.0,-1.0,16.0,-1.0,16.0,0.0,16.0,0.0,16.0,0.0,16.0,1.0,16.0,1.0,16.0,2.0,16.0,2.0,16.0,2.0,16.0,2.0,16.0,2.0,16.0,2.0,16.0,2.0,15.0,2.0,15.0,3.0,15.0,2.0,15.0,3.0,15.0,2.0,14.0,2.0,14.0,2.0,14.0,2.0,14.0,1.0,14.0,1.0,13.0,1.0
4.0335,122.0,-96.0,7.0,0.0,0.0,0.0,0.0,0.0,0.0,0.0,0.0,0.0,25.0,9.0,24.0,8.0,22.0,8.0,20.0,7.0,16.0,6.0,11.0,4.0,7.0,3.0,1.0,1.0,-4.0,0.0,-10.0,-1.0,-15.0,-2.0,-20.0,-2.0,-24.0,-3.0,-28.0,-3.0,-30.0,-3.0,-32.0,-3.0,-31.0,-3.0,-30.0,-2.0,-28.0,-2.0,-24.0,-1.0,-20.0,-1.0,-15.0,-1.0,-10.0,-2.0,-4.0,-2.0,2.0,-3.0,7.0,-4.0
4.0475,122.0,-96.0,7.0,0.0,0.0,0.0,0.0,0.0,0.0,0.0,0.0,0.0,-3.0,-2.0,-4.0,-6.0,-4.0,-12.0,-4.0,-17.0,-5.0,-21.0,-6.0,-25.0,-7.0,-27.0,-7.0,-30.0,-8.0,-29.0,-9.0,-29.0,-9.0,-27.0,-8.0,-24.0,-7.0,-21.0,-6.0,-16.0,-3.0,-12.0,-1.0,-7.0,2.0,-1.0,5.0,3.0,8.0,8.0,11.0,12.0,14.0,16.0,17.0,18.0,19.0,20.0,21.0,19.0,21.0,19.0,21.0,19.0
4.0613,122.0,-96.0,7.0,0.0,0.0,0.0,0.0,0.0,0.0,0.0,0.0,0.0,18.0,2.0,21.0,3.0,23.0,3.0,24.0,3.0,25.0,3.0,25.0,3.0,24.0,3.0,21.0,2.0,18.0,3.0,14.0,2.0,10.0,1.0,4.0,1.0,-1.0,2.0,-6.0,2.0,-11.0,3.0,-15.0,3.0,-20.0,4.0,-22.0,6.0,-25.0,7.0,-27.0,7.0,-27.0,8.0,-26.0,8.0,-24.0,8.0,-21.0,8.0,-17.0,6.0,-14.0,5.0
4.0764,122.0,-96.0,7.0,0.0,0.0,0.0,0.0,0.0,0.0,0.0,0.0,0.0,0.0,-16.0,0.0,-17.0,1.0,-16.0,1.0,-17.0,1.0,-16.0,2.0,-17.0,2.0,-16.0,2.0,-16.0,3.0,-16.0,3.0,-16.0,4.0,-16.0,4.0,-15.0,4.0,-15.0,5.0,-15.0,5.0,-15.0,4.0,-14.0,4.0,-15.0,5.0,-14.0,5.0,-14.0,4.0,-14.0,4.0,-14.0,4.0,-14.0,4.0,-13.0,4.0,-13.0,4.0,-13.0,3.0,-13.0
4.09,122.0,-96.0,7.0,0.0,0.0,0.0,0.0,0.0,0.0,0.0,0.0,0.0,5.0,-25.0,4.0,-24.0,4.0,-23.0,3.0,-21.0,4.0,-18.0,3.0,-14.0,3.0,-10.0,2.0,-4.0,2.0,0.0,2.0,6.0,3.0,10.0,3.0,14.0,4.0,18.0,4.0,22.0,5.0,25.0,6.0,26.0,6.0,26.0,7.0,26.0,7.0,24.0,6.0,21.0,5.0,17.0,4.0,13.0,2.0,9.0,-1.0,5.0,-3.0,0.0,-6.0,-3.0
4.1038,122.0,-96.0,7.0,0.0,0.0,0.0,0.0,0.0,0.0,0.0,0.0,0.0,13.0,-16.0,16.0,-18.0,16.0,-19.0,17.0,-19.0,17.0,-19.0,17.0,-19.0,15.0,-17.0,12.0,-15.0,11.0,-12.0,8.0,-9.0,5.0,-5.0,2.0,-1.0,0.0,3.0,-3.0,8.0,-5.0,13.0,-7.0,16.0,-9.0,20.0,-9.0,22.0,-9.0,25.0,-9.0,26.0,-8.0,26.0,-8.0,25.0,-7.0,23.0,-6.0,20.0,-4.0,16.0,-4.0,11.0
4.1183,122.0,-96.0,7.0,0.0,0.0,0.0,0.0,0.0,0.0,0.0,0.0,0.0,24.0,2.0,23.0,1.0,21.0,2.0,18.0,1.0,15.0,1.0,10.0,1.0,6.0,1.0,0.0,1.0,-4.0,1.0,-9.0,2.0,-14.0,3.0,-17.0,4.0,-21.0,5.0,-24.0,6.0,-26.0,6.0,-28.0,7.0,-27.0,7.0,-26.0,7.0,-23.0,7.0,-21.0,6.0,-16.0,5.0,-12.0,3.0,-8.0,1.0,-4.0,-1.0,1.0,-4.0,5.0,-7.0
4.1314,122.0,-96.0,7.0,0.0,0.0,0.0,0.0,0.0,0.0,0.0,0.0,0.0,-14.0,15.0,-16.0,17.0,-17.0,19.0,-17.0,19.0,-17.0,19.0,-17.0,19.0,-15.0,17.0,-13.0,15.0,-11.0,12.0,-8.0,8.0,-6.0,4.0,-3.0,0.0,0.0,-4.0,3.0,-9.0,4.0,-13.0,6.0,-17.0,8.0,-21.0,8.0,-24.0,9.0,-26.0,9.0,-27.0,8.0,-26.0,8.0,-26.0,7.0,-24.0,5.0,-20.0,4.0,-17.0,3.0,-12.0
4.1458,122.0,-96.0,7.0,0.0,0.0,0.0,0.0,0.0,0.0,0.0,0.0,0.0,-25.0,-2.0,-24.0,-2.0,-22.0,-2.0,-20.0,-2.0,-16.0,-2.0,-12.0,-2.0,-7.0,-2.0,-2.0,-2.0,3.0,-2.0,8.0,-3.0,12.0,-3.0,16.0,-4.0,20.0,-5.0,23.0,-5.0,26.0,-6.0,26.0,-5.0,27.0,-6.0,25.0,-6.0,23.0,-6.0,20.0,-6.0,16.0,-5.0,12.0,-4.0,8.0,-2.0,3.0,0.0,-2.0,2.0,-6.0,5.0
4.1591,122.0,-96.0,7.0,0.0,0.0,0.0,0.0,0.0,0.0,0.0,0.0,0.0,8.0,-19.0,9.0,-21.0,10.0,-23.0,10.0,-23.0,11.0,-24.0,10.0,-23.0,9.0,-21.0,7.0,-18.0,7.0,-16.0,5.0,-11.0,3.0,-7.0,2.0,-2.0,0.0,3.0,-2.0,8.0,-2.0,13.0,-4.0,17.0,-4.0,21.0,-4.0,24.0,-4.0,26.0,-4.0,27.0,-3.0,27.0,-3.0,26.0,-2.0,24.0,-2.0,21.0,-1.0,17.0,-1.0,12.0
4.1735,122.0,-96.0,7.0,0.0,0.0,0.0,0.0,0.0,0.0,0.0,0.0,0.0,-7.0,23.0,-7.0,23.0,-7.0,22.0,-6.0,20.0,-6.0,17.0,-5.0,13.0,-4.0,9.0,-2.0,3.0,-2.0,-1.0,-2.0,-6.0,-2.0,-11.0,-2.0,-16.0,-2.0,-19.0,-2.0,-23.0,-2.0,-26.0,-2.0,-28.0,-2.0,-28.0,-3.0,-27.0,-3.0,-26.0,-3.0,-23.0,-3.0,-19.0,-3.0,-15.0,-1.0,-11.0,0.0,-6.0,2.0,-1.0,3.0,4.0
4.1883,122.0,-96.0,7.0,0.0,0.0,0.0,0.0,0.0,0.0,0.0,0.0,0.0,22.0,9.0,21.0,9.0,19.0,8.0,17.0,7.0,14.0,6.0,10.0,4.0,6.0,3.0,0.0,1.0,-4.0,0.0,-9.0,0.0,-13.0,-1.0,-17.0,-1.0,-21.0,-2.0,-25.0,-2.0,-27.0,-3.0,-28.0,-2.0,-28.0,-1.0,-27.0,-1.0,-25.0,-1.0,-22.0,-1.0,-18.0,0.0,-14.0,-1.0,-9.0,-1.0,-4.0,-2.0,1.0,-3.0,6.0,-5.0
4.2035,122.0,-96.0,7.0,0.0,0.0,0.0,0.0,0.0,0.0,0.0,0.0,0.0,11.0,11.0,7.0,8.0,4.0,5.0,-1.0,2.0,-5.0,-1.0,-10.0,-4.0,-14.0,-6.0,-18.0,-8.0,-22.0,-10.0,-25.0,-11.0,-28.0,-12.0,-29.0,-12.0,-29.0,-11.0,-28.0,-11.0,-26.0,-9.0,-23.0,-7.0,-19.0,-6.0,-14.0,-5.0,-9.0,-4.0,-3.0,-3.0,2.0,-4.0,8.0,-4.0,14.0,-3.0,19.0,-4.0,23.0,-5.0,25.0,-6.0
4.2178,122.0,-96.0,7.0,0.0,0.0,0.0,0.0,0.0,0.0,0.0,0.0,0.0,22.0,16.0,21.0,15.0,19.0,14.0,17.0,12.0,14.0,11.0,9.0,8.0,5.0,6.0,0.0,2.0,-5.0,0.0,-10.0,-2.0,-15.0,-4.0,-19.0,-5.0,-23.0,-6.0,-27.0,-8.0,-30.0,-8.0,-31.0,-9.0,-31.0,-8.0,-30.0,-8.0,-27.0,-6.0,-24.0,-5.0,-20.0,-4.0,-15.0,-4.0,-10.0,-3.0,-4.0,-4.0,2.0,-3.0,8.0,-4.0
4.2319,122.0,-96.0,7.0,0.0,0.0,0.0,0.0,0.0,0.0,0.0,0.0,0.0,-11.0,17.0,-12.0,19.0,-13.0,21.0,-14.0,21.0,-14.0,22.0,-13.0,21.0,-12.0,19.0,-11.0,17.0,-10.0,14.0,-7.0,10.0,-5.0,5.0,-3.0,0.0,-2.0,-4.0,0.0,-9.0,1.0,-14.0,2.0,-18.0,3.0,-22.0,3.0,-25.0,3.0,-27.0,3.0,-28.0,2.0,-28.0,2.0,-27.0,1.0,-25.0,1.0,-22.0,0.0,-17.0,0.0,-13.0
4.2442,122.0,-96.0,7.0,0.0,0.0,0.0,0.0,0.0,0.0,0.0,0.0,0.0,2.0,-2.0,8.0,1.0,13.0,4.0,18.0,6.0,22.0,8.0,26.0,10.0,29.0,10.0,31.0,12.0,31.0,11.0,31.0,10.0,29.0,9.0,26.0,8.0,22.0,7.0,17.0,5.0,11.0,5.0,5.0,2.0,-2.0,2.0,-8.0,3.0,-15.0,2.0,-20.0,2.0,-26.0,3.0,-29.0,5.0,-33.0,5.0,-33.0,8.0,-33.0,8.0,-32.0,8.0
4.258,122.0,-96.0,7.0,0.0,0.0,0.0,0.0,0.0,0.0,0.0,0.0,0.0,-19.0,-9.0,-21.0,-11.0,-23.0,-12.0,-24.0,-12.0,-24.0,-12.0,-23.0,-12.0,-21.0,-11.0,-18.0,-9.0,-15.0,-8.0,-11.0,-6.0,-6.0,-5.0,-2.0,-3.0,3.0,-2.0,9.0,0.0,14.0,1.0,18.0,2.0,22.0,2.0,24.0,2.0,26.0,2.0,27.0,2.0,27.0,1.0,26.0,1.0,24.0,1.0,20.0,0.0,16.0,-1.0,12.0,0.0
4.2713,122.0,-96.0,7.0,0.0,0.0,0.0,0.0,0.0,0.0,0.0,0.0,0.0,17.0,8.0,16.0,9.0,16.0,9.0,17.0,10.0,16.0,10.0,15.0,10.0,15.0,11.0,15.0,12.0,15.0,11.0,15.0,12.0,15.0,11.0,14.0,11.0,14.0,11.0,14.0,12.0,13.0,12.0,13.0,12.0,13.0,12.0,13.0,12.0,13.0,12.0,12.0,11.0,12.0,11.0,13.0,11.0,13.0,11.0,13.0,10.0,13.0,10.0,13.0,9.0
4.2846,122.0,-96.0,7.0,0.0,0.0,0.0,0.0,0.0,0.0,0.0,0.0,0.0,-14.0,20.0,-14.0,19.0,-14.0,19.0,-12.0,16.0,-11.0,14.0,-8.0,10.0,-6.0,7.0,-4.0,2.0,-2.0,-2.0,1.0,-7.0,2.0,-11.0,4.0,-15.0,5.0,-19.0,7.0,-23.0,8.0,-25.0,9.0,-27.0,8.0,-26.0,8.0,-27.0,7.0,-24.0,6.0,-22.0,4.0,-18.0,3.0,-14.0,3.0,-10.0,2.0,-5.0,2.0,1.0,2.0,6.0
4.2984,122.0,-96.0,7.0,0.0,0.0,0.0,0.0,0.0,0.0,0.0,0.0,0.0,7.0,-18.0,8.0,-20.0,9.0,-22.0,10.0,-23.0,10.0,-24.0,10.0,-24.0,10.0,-22.0,8.0,-20.0,8.0,-17.0,6.0,-13.0,4.0,-9.0,2.0,-4.0,1.0,1.0,-1.0,6.0,-1.0,11.0,-3.0,16.0,-3.0,20.0,-3.0,23.0,-3.0,25.0,-4.0,27.0,-3.0,27.0,-3.0,26.0,-2.0,25.0,-1.0,21.0,-1.0,18.0,-1.0,13.0
4.3135,122.0,-96.0,7.0,0.0,0.0,0.0,0.0,0.0,0.0,0.0,0.0,0.0,17.0,-10.0,12.0,-7.0,7.0,-4.0,1.0,1.0,-4.0,5.0,-10.0,9.0,-14.0,13.0,-18.0,17.0,-22.0,20.0,-25.0,23.0,-27.0,25.0,-27.0,26.0,-27.0,27.0,-26.0,25.0,-23.0,23.0,-20.0,21.0,-16.0,17.0,-13.0,12.0,-8.0,7.0,-4.0,1.0,-1.0,-6.0,2.0,-12.0,6.0,-18.0,9.0,-23.0,10.0,-28.0,11.0,-31.0
4.3282,122.0,-96.0,7.0,0.0,0.0,0.0,0.0,0.0,0.0,0.0,0.0,0.0,20.0,-4.0,20.0,-3.0,20.0,-3.0,21.0,-3.0,21.0,-2.0,21.0,-1.0,21.0,-1.0,21.0,0.0,21.0,0.0,21.0,0.0,21.0,1.0,20.0,1.0,20.0,1.0,20.0,2.0,20.0,2.0,20.0,2.0,20.0,2.0,19.0,2.0,19.0,2.0,19.0,2.0,19.0,2.0,19.0,2.0,18.0,1.0,18.0,1.0,18.0,1.0,18.0,0.0
4.3411,122.0,-96.0,7.0,0.0,0.0,0.0,0.0,0.0,0.0,0.0,0.0,0.0,-16.0,-6.0,-11.0,-4.0,-7.0,-3.0,-1.0,-2.0,5.0,-1.0,10.0,-1.0,14.0,-1.0,20.0,-1.0,24.0,-1.0,27.0,-1.0,29.0,0.0,30.0,-1.0,30.0,-2.0,29.0,-2.0,26.0,-2.0,23.0,-2.0,19.0,-2.0,14.0,-1.0,8.0,0.0,3.0,1.0,-3.0,3.0,-8.0,4.0,-14.0,6.0,-19.0,8.0,-22.0,10.0,-24.0,12.0
4.3544,122.0,-96.0,7.0,0.0,0.0,0.0,0.0,0.0,0.0,0.0,0.0,0.0,15.0,3.0,16.0,3.0,15.0,3.0,15.0,4.0,16.0,4.0,15.0,4.0,15.0,5.0,15.0,5.0,15.0,5.0,15.0,6.0,15.0,6.0,14.0,6.0,14.0,6.0,14.0,6.0,14.0,6.0,13.0,6.0,13.0,7.0,14.0,6.0,13.0,6.0,13.0,6.0,13.0,6.0,13.0,5.0,13.0,5.0,13.0,5.0,13.0,5.0,13.0,4.0
4.3679,122.0,-96.0,7.0,0.0,0.0,0.0,0.0,0.0,0.0,0.0,0.0,0.0,-9.0,-24.0,-9.0,-24.0,-8.0,-22.0,-8.0,-20.0,-6.0,-17.0,-5.0,-13.0,-3.0,-10.0,-1.0,-5.0,1.0,-1.0,4.0,4.0,7.0,7.0,9.0,11.0,12.0,14.0,14.0,18.0,15.0,20.0,17.0,22.0,17.0,21.0,17.0,21.0,16.0,19.0,15.0,17.0,12.0,13.0,10.0,10.0,6.0,8.0,2.0,4.0,-2.0,1.0,-6.0,-2.0
4.382,122.0,-96.0,7.0,0.0,0.0,0.0,0.0,0.0,0.0,0.0,0.0,0.0,-7.0,-24.0,-7.0,-24.0,-7.0,-23.0,-6.0,-20.0,-5.0,-18.0,-4.0,-14.0,-3.0,-10.0,-1.0,-5.0,1.0,-1.0,4.0,4.0,6.0,8.0,8.0,12.0,10.0,16.0,12.0,19.0,13.0,21.0,15.0,23.0,15.0,22.0,15.0,22.0,14.0,20.0,13.0,18.0,11.0,14.0,8.0,11.0,5.0,8.0,1.0,4.0,-2.0,1.0,-6.0,-3.0
4.3961,122.0,-96.0,7.0,0.0,0.0,0.0,0.0,0.0,0.0,0.0,0.0,0.0,9.0,-17.0,7.0,-13.0,4.0,-9.0,2.0,-4.0,1.0,1.0,-1.0,7.0,-2.0,11.0,-3.0,17.0,-4.0,21.0,-5.0,25.0,-6.0,28.0,-5.0,30.0,-4.0,30.0,-4.0,30.0,-4.0,28.0,-2.0,25.0,-2.0,21.0,-2.0,17.0,-2.0,11.0,-2.0,5.0,-3.0,-1.0,-4.0,-6.0,-5.0,-13.0,-6.0,-18.0,-8.0,-22.0,-10.0,-24.0
4.4107,122.0,-96.0,7.0,0.0,0.0,0.0,0.0,0.0,0.0,0.0,0.0,0.0,-2.0,20.0,-3.0,23.0,-4.0,24.0,-3.0,25.0,-3.0,25.0,-3.0,25.0,-3.0,23.0,-2.0,19.0,-3.0,16.0,-2.0,12.0,-2.0,7.0,-2.0,2.0,-3.0,-3.0,-3.0,-9.0,-4.0,-14.0,-4.0,-18.0,-5.0,-22.0,-6.0,-25.0,-7.0,-27.0,-7.0,-28.0,-8.0,-27.0,-7.0,-27.0,-8.0,-24.0,-7.0,-21.0,-6.0,-17.0,-4.0,-13.0
4.4233,122.0,-96.0,7.0,0.0,0.0,0.0,0.0,0.0,0.0,0.0,0.0,0.0,2.0,15.0,1.0,16.0,1.0,15.0,1.0,16.0,0.0,15.0,0.0,16.0,-1.0,16.0,-1.0,16.0,-1.0,15.0,-1.0,16.0,-1.0,16.0,-1.0,16.0,-2.0,15.0,-2.0,16.0,-2.0,15.0,-3.0,15.0,-3.0,15.0,-3.0,14.0,-3.0,15.0,-3.0,14.0,-2.0,14.0,-2.0,14.0,-2.0,14.0,-2.0,14.0,-1.0,13.0,-1.0,14.0
4.4356,122.0,-96.0,7.0,0.0,0.0,0.0,0.0,0.0,0.0,0.0,0.0,0.0,-20.0,7.0,-16.0,5.0,-11.0,3.0,-6.0,0.0,0.0,-3.0,5.0,-7.0,9.0,-11.0,14.0,-14.0,18.0,-18.0,21.0,-21.0,23.0,-22.0,24.0,-24.0,24.0,-25.0,23.0,-25.0,21.0,-24.0,18.0,-22.0,15.0,-18.0,12.0,-14.0,9.0,-10.0,5.0,-5.0,2.0,1.0,-1.0,7.0,-4.0,14.0,-6.0,19.0,-7.0,24.0,-6.0,28.0
4.4493,122.0,-96.0,7.0,0.0,0.0,0.0,0.0,0.0,0.0,0.0,0.0,0.0,15.0,18.0,15.0,20.0,17.0,22.0,17.0,22.0,18.0,23.0,17.0,22.0,15.0,20.0,13.0,17.0,11.0,15.0,7.0,11.0,4.0,7.0,-1.0,3.0,-5.0,-1.0,-9.0,-6.0,-14.0,-9.0,-18.0,-12.0,-21.0,-14.0,-24.0,-16.0,-26.0,-17.0,-27.0,-17.0,-28.0,-16.0,-27.0,-15.0,-25.0,-14.0,-21.0,-12.0,-17.0,-9.0,-13.0,-7.0
4.4631,122.0,-96.0,7.0,0.0,0.0,0.0,0.0,0.0,0.0,0.0,0.0,0.0,-22.0,12.0,-22.0,12.0,-21.0,11.0,-19.0,10.0,-16.0,8.0,-12.0,6.0,-9.0,3.0,-4.0,0.0,-1.0,-3.0,3.0,-6.0,6.0,-10.0,9.0,-13.0,12.0,-16.0,15.0,-18.0,17.0,-20.0,18.0,-21.0,17.0,-22.0,17.0,-22.0,15.0,-20.0,13.0,-18.0,10.0,-15.0,8.0,-12.0,6.0,-8.0,4.0,-3.0,1.0,1.0,-1.0,6.0
4.4773,122.0,-96.0,7.0,0.0,0.0,0.0,0.0,0.0,0.0,0.0,0.0,0.0,11.0,-15.0,9.0,-12.0,5.0,-7.0,3.0,-3.0,0.0,2.0,-2.0,7.0,-4.0,12.0,-7.0,16.0,-8.0,20.0,-9.0,24.0,-11.0,26.0,-11.0,28.0,-10.0,29.0,-10.0,28.0,-9.0,26.0,-8.0,23.0,-7.0,20.0,-5.0,15.0,-4.0,10.0,-3.0,4.0,-3.0,-2.0,-2.0,-8.0,-2.0,-13.0,-2.0,-19.0,-3.0,-23.0,-4.0,-26.0
4.4901,122.0,-96.0,7.0,0.0,0.0,0.0,0.0,0.0,0.0,0.0,0.0,0.0,-2.0,-2.0,-3.0,-7.0,-3.0,-13.0,-3.0,-17.0,-4.0,-22.0,-4.0,-26.0,-5.0,-28.0,-5.0,-30.0,-6.0,-30.0,-6.0,-30.0,-6.0,-27.0,-5.0,-25.0,-4.0,-22.0,-3.0,-16.0,-2.0,-12.0,-1.0,-6.0,2.0,0.0,4.0,5.0,7.0,10.0,10.0,15.0,12.0,19.0,15.0,20.0,16.0,24.0,17.0,24.0,18.0,24.0,18.0,23.0
4.5032,122.0,-96.0,7.0,0.0,0.0,0.0,0.0,0.0,0.0,0.0,0.0,0.0,-14.0,-12.0,-10.0,-9.0,-5.0,-6.0,0.0,-2.0,5.0,0.0,11.0,3.0,16.0,5.0,21.0,7.0,25.0,9.0,28.0,10.0,31.0,11.0,31.0,11.0,32.0,11.0,31.0,10.0,29.0,9.0,24.0,7.0,20.0,6.0,14.0,5.0,9.0,3.0,2.0,2.0,-4.0,2.0,-10.0,2.0,-17.0,1.0,-23.0,1.0,-27.0,2.0,-30.0,3.0
4.5164,122.0,-96.0,7.0,0.0,0.0,0.0,0.0,0.0,0.0,0.0,0.0,0.0,-5.0,15.0,-6.0,15.0,-6.0,15.0,-7.0,15.0,-7.0,15.0,-8.0,15.0,-8.0,15.0,-8.0,14.0,-8.0,14.0,-9.0,14.0,-9.0,14.0,-9.0,14.0,-9.0,14.0,-9.0,13.0,-9.0,13.0,-9.0,13.0,-9.0,13.0,-9.0,12.0,-9.0,12.0,-9.0,12.0,-9.0,12.0,-8.0,12.0,-8.0,12.0,-8.0,12.0,-8.0,12.0,-7.0,12.0
4.5298,122.0,-96.0,7.0,0.0,0.0,0.0,0.0,0.0,0.0,0.0,0.0,0.0,-5.0,24.0,-5.0,23.0,-5.0,21.0,-5.0,18.0,-4.0,15.0,-3.0,10.0,-3.0,6.0,-2.0,1.0,-2.0,-4.0,-2.0,-9.0,-2.0,-14.0,-2.0,-18.0,-3.0,-21.0,-2.0,-25.0,-2.0,-27.0,-3.0,-28.0,-3.0,-28.0,-3.0,-27.0,-3.0,-25.0,-3.0,-22.0,-3.0,-17.0,-2.0,-13.0,-1.0,-9.0,1.0,-4.0,2.0,1.0,4.0,6.0
4.5432,122.0,-96.0,7.0,0.0,0.0,0.0,0.0,0.0,0.0,0.0,0.0,0.0,0.0,-6.0,3.0,-10.0,5.0,-15.0,7.0,-18.0,9.0,-23.0,10.0,-25.0,10.0,-27.0,11.0,-29.0,10.0,-29.0,10.0,-28.0,8.0,-25.0,7.0,-23.0,6.0,-19.0,4.0,-14.0,4.0,-9.0,2.0,-3.0,1.0,3.0,1.0,8.0,1.0,14.0,1.0,19.0,1.0,24.0,2.0,27.0,2.0,30.0,4.0,30.0,4.0,29.0,4.0,28.0
4.5586,122.0,-96.0,7.0,0.0,0.0,0.0,0.0,0.0,0.0,0.0,0.0,0.0,0.0,2.0,-2.0,7.0,-5.0,11.0,-8.0,15.0,-9.0,19.0,-11.0,23.0,-11.0,25.0,-13.0,27.0,-12.0,27.0,-11.0,27.0,-10.0,25.0,-9.0,23.0,-8.0,20.0,-6.0,15.0,-6.0,11.0,-3.0,5.0,-3.0,-2.0,-2.0,-7.0,-2.0,-13.0,-1.0,-18.0,-2.0,-23.0,-3.0,-26.0,-3.0,-30.0,-4.0,-30.0,-5.0,-30.0,-5.0,-30.0
4.5723,122.0,-96.0,7.0,0.0,0.0,0.0,0.0,0.0,0.0,0.0,0.0,0.0,18.0,8.0,18.0,9.0,18.0,9.0,18.0,10.0,18.0,10.0,18.0,11.0,17.0,11.0,17.0,11.0,16.0,12.0,17.0,13.0,16.0,12.0,15.0,12.0,16.0,12.0,15.0,13.0,15.0,13.0,14.0,13.0,15.0,12.0,15.0,12.0,14.0,12.0,14.0,12.0,14.0,12.0,14.0,11.0,14.0,11.0,14.0,11.0,13.0,10.0,14.0,10.0
4.5867,122.0,-96.0,7.0,0.0,0.0,0.0,0.0,0.0,0.0,0.0,0.0,0.0,2.0,-29.0,2.0,-29.0,2.0,-26.0,1.0,-25.0,1.0,-21.0,1.0,-16.0,1.0,-11.0,1.0,-6.0,1.0,0.0,2.0,6.0,3.0,11.0,4.0,16.0,5.0,20.0,6.0,25.0,6.0,28.0,7.0,30.0,7.0,30.0,8.0,29.0,8.0,27.0,7.0,24.0,6.0,20.0,5.0,16.0,2.0,11.0,0.0,6.0,-3.0,0.0,-6.0,-5.0
4.6011,122.0,-96.0,7.0,0.0,0.0,0.0,0.0,0.0,0.0,0.0,0.0,0.0,-1.0,2.0,-6.0,4.0,-11.0,6.0,-15.0,8.0,-19.0,10.0,-23.0,12.0,-25.0,13.0,-27.0,14.0,-26.0,15.0,-26.0,15.0,-24.0,15.0,-22.0,13.0,-19.0,11.0,-15.0,9.0,-11.0,5.0,-6.0,2.0,-2.0,-2.0,2.0,-7.0,6.0,-11.0,9.0,-16.0,12.0,-20.0,13.0,-23.0,15.0,-26.0,14.0,-26.0,14.0,-28.0,13.0,-27.0
4.6149,122.0,-96.0,7.0,0.0,0.0,0.0,0.0,0.0,0.0,0.0,0.0,0.0,0.0,-6.0,1.0,-11.0,3.0,-15.0,5.0,-19.0,6.0,-23.0,7.0,-27.0,7.0,-28.0,7.0,-30.0,7.0,-30.0,6.0,-29.0,5.0,-26.0,4.0,-24.0,4.0,-20.0,3.0,-14.0,3.0,-10.0,2.0,-3.0,2.0,3.0,2.0,8.0,3.0,14.0,3.0,19.0,4.0,24.0,6.0,26.0,6.0,29.0,7.0,29.0,8.0,28.0,8.0,28.0
4.6282,122.0,-96.0,7.0,0.0,0.0,0.0,0.0,0.0,0.0,0.0,0.0,0.0,19.0,5.0,22.0,6.0,23.0,7.0,24.0,7.0,24.0,7.0,24.0,7.0,22.0,6.0,19.0,5.0,16.0,5.0,11.0,3.0,6.0,3.0,2.0,2.0,-3.0,1.0,-9.0,0.0,-14.0,0.0,-18.0,0.0,-22.0,0.0,-25.0,0.0,-27.0,1.0,-28.0,1.0,-28.0,2.0,-27.0,1.0,-25.0,2.0,-21.0,2.0,-17.0,2.0,-13.0,1.0
4.6418,122.0,-96.0,7.0,0.0,0.0,0.0,0.0,0.0,0.0,0.0,0.0,0.0,-2.0,4.0,-6.0,9.0,-9.0,12.0,-12.0,15.0,-14.0,19.0,-16.0,21.0,-17.0,23.0,-19.0,24.0,-17.0,24.0,-16.0,24.0,-15.0,22.0,-13.0,19.0,-11.0,16.0,-8.0,11.0,-7.0,7.0,-4.0,1.0,-1.0,-5.0,0.0,-10.0,2.0,-15.0,3.0,-20.0,4.0,-25.0,3.0,-27.0,4.0,-30.0,2.0,-30.0,2.0,-30.0,1.0,-29.0
4.6577,122.0,-96.0,7.0,0.0,0.0,0.0,0.0,0.0,0.0,0.0,0.0,0.0,10.0,-17.0,11.0,-17.0,11.0,-17.0,12.0,-17.0,12.0,-16.0,13.0,-16.0,13.0,-16.0,14.0,-15.0,14.0,-15.0,14.0,-15.0,14.0,-15.0,14.0,-14.0,14.0,-14.0,14.0,-14.0,15.0,-13.0,14.0,-13.0,14.0,-13.0,14.0,-13.0,14.0,-13.0,14.0,-12.0,14.0,-12.0,13.0,-12.0,13.0,-12.0,13.0,-13.0,12.0,-13.0,12.0,-13.0
4.6713,122.0,-96.0,7.0,0.0,0.0,0.0,0.0,0.0,0.0,0.0,0.0,0.0,-15.0,14.0,-17.0,15.0,-18.0,17.0,-19.0,17.0,-19.0,18.0,-19.0,17.0,-17.0,15.0,-15.0,13.0,-13.0,11.0,-9.0,8.0,-7.0,4.0,-3.0,0.0,0.0,-4.0,3.0,-9.0,5.0,-13.0,7.0,-16.0,9.0,-20.0,10.0,-23.0,10.0,-25.0,11.0,-26.0,9.0,-26.0,9.0,-25.0,8.0,-23.0,6.0,-20.0,5.0,-17.0,4.0,-12.0
4.6849,122.0,-96.0,7.0,0.0,0.0,0.0,0.0,0.0,0.0,0.0,0.0,0.0,18.0,-8.0,21.0,-9.0,23.0,-9.0,23.0,-10.0,24.0,-10.0,23.0,-10.0,21.0,-9.0,18.0,-8.0,15.0,-6.0,11.0,-5.0,7.0,-2.0,2.0,0.0,-2.0,3.0,-7.0,6.0,-10.0,9.0,-14.0,11.0,-17.0,14.0,-19.0,16.0,-20.0,18.0,-20.0,19.0,-20.0,19.0,-19.0,18.0,-17.0,17.0,-14.0,15.0,-11.0,12.0,-9.0,9.0
4.7003,122.0,-96.0,7.0,0.0,0.0,0.0,0.0,0.0,0.0,0.0,0.0,0.0,-10.0,-23.0,-10.0,-23.0,-10.0,-22.0,-9.0,-19.0,-7.0,-18.0,-5.0,-13.0,-3.0,-10.0,-1.0,-5.0,2.0,-1.0,5.0,3.0,8.0,7.0,11.0,10.0,13.0,13.0,15.0,16.0,17.0,18.0,19.0,20.0,19.0,19.0,19.0,19.0,18.0,17.0,16.0,15.0,13.0,12.0,10.0,9.0,7.0,7.0,2.0,4.0,-2.0,1.0,-7.0,-1.0
4.7121,122.0,-96.0,7.0,0.0,0.0,0.0,0.0,0.0,0.0,0.0,0.0,0.0,-8.0,-15.0,-5.0,-11.0,-3.0,-7.0,0.0,-3.0,4.0,2.0,8.0,6.0,12.0,9.0,15.0,12.0,18.0,15.0,21.0,17.0,22.0,19.0,23.0,19.0,23.0,19.0,23.0,18.0,21.0,16.0,19.0,13.0,15.0,11.0,11.0,8.0,6.0,5.0,1.0,3.0,-4.0,1.0,-9.0,-1.0,-15.0,-3.0,-20.0,-4.0,-24.0,-5.0,-27.0,-4.0
4.7264,122.0,-96.0,7.0,0.0,0.0,0.0,0.0,0.0,0.0,0.0,0.0,0.0,-3.0,5.0,-7.0,8.0,-10.0,11.0,-14.0,14.0,-16.0,17.0,-19.0,19.0,-19.0,21.0,-21.0,22.0,-20.0,22.0,-19.0,22.0,-17.0,20.0,-15.0,18.0,-13.0,14.0,-9.0,10.0,-7.0,5.0,-4.0,1.0,-1.0,-5.0,1.0,-10.0,3.0,-15.0,5.0,-20.0,6.0,-24.0,6.0,-27.0,6.0,-30.0,5.0,-30.0,4.0,-30.0,4.0,-29.0
4.7412,122.0,-96.0,7.0,0.0,0.0,0.0,0.0,0.0,0.0,0.0,0.0,0.0,-19.0,3.0,-22.0,4.0,-24.0,4.0,-25.0,4.0,-26.0,4.0,-26.0,4.0,-24.0,4.0,-21.0,4.0,-19.0,3.0,-14.0,2.0,-10.0,1.0,-5.0,-1.0,0.0,-3.0,5.0,-5.0,9.0,-7.0,13.0,-9.0,17.0,-11.0,19.0,-13.0,22.0,-14.0,23.0,-16.0,22.0,-16.0,22.0,-16.0,20.0,-15.0,17.0,-14.0,14.0,-12.0,11.0,-9.0
4.7553,122.0,-96.0,7.0,0.0,0.0,0.0,0.0,0.0,0.0,0.0,0.0,0.0,11.0,-12.0,8.0,-8.0,4.0,-4.0,2.0,0.0,-1.0,5.0,-4.0,9.0,-6.0,14.0,-8.0,18.0,-10.0,22.0,-11.0,25.0,-12.0,27.0,-12.0,28.0,-12.0,28.0,-11.0,27.0,-10.0,25.0,-8.0,22.0,-7.0,18.0,-5.0,13.0,-4.0,8.0,-3.0,2.0,-3.0,-4.0,-3.0,-10.0,-2.0,-16.0,-2.0,-21.0,-3.0,-24.0,-5.0,-27.0
4.768,122.0,-96.0,7.0,0.0,0.0,0.0,0.0,0.0,0.0,0.0,0.0,0.0,3.0,3.0,5.0,8.0,7.0,13.0,9.0,17.0,11.0,20.0,12.0,23.0,13.0,25.0,14.0,27.0,14.0,25.0,14.0,25.0,13.0,22.0,11.0,19.0,9.0,16.0,6.0,12.0,3.0,8.0,-1.0,3.0,-5.0,-2.0,-9.0,-5.0,-13.0,-10.0,-17.0,-13.0,-20.0,-15.0,-23.0,-16.0,-25.0,-18.0,-26.0,-17.0,-26.0,-16.0,-25.0,-15.0
4.7824,122.0,-96.0,7.0,0.0,0.0,0.0,0.0,0.0,0.0,0.0,0.0,0.0,-21.0,-2.0,-24.0,-2.0,-25.0,-3.0,-26.0,-3.0,-26.0,-3.0,-26.0,-3.0,-23.0,-3.0,-20.0,-2.0,-17.0,-3.0,-12.0,-2.0,-8.0,-2.0,-3.0,-2.0,3.0,-3.0,8.0,-3.0,13.0,-4.0,17.0,-4.0,22.0,-5.0,23.0,-6.0,26.0,-6.0,27.0,-6.0,26.0,-7.0,25.0,-7.0,23.0,-7.0,19.0,-6.0,16.0,-5.0,12.0,-4.0
4.7956,122.0,-96.0,7.0,0.0,0.0,0.0,0.0,0.0,0.0,0.0,0.0,0.0,-4.0,-4.0,-6.0,-8.0,-7.0,-12.0,-9.0,-16.0,-10.0,-19.0,-11.0,-22.0,-12.0,-23.0,-13.0,-24.0,-13.0,-24.0,-13.0,-23.0,-12.0,-20.0,-11.0,-18.0,-9.0,-15.0,-7.0,-11.0,-3.0,-8.0,-1.0,-3.0,3.0,1.0,7.0,4.0,10.0,8.0,14.0,10.0,17.0,13.0,19.0,14.0,21.0,15.0,22.0,15.0,22.0,14.0,21.0,13.0
4.8094,122.0,-96.0,7.0,0.0,0.0,0.0,0.0,0.0,0.0,0.0,0.0,0.0,-12.0,-12.0,-9.0,-9.0,-5.0,-6.0,0.0,-2.0,4.0,1.0,9.0,4.0,14.0,5.0,18.0,8.0,22.0,10.0,24.0,11.0,26.0,12.0,28.0,12.0,28.0,11.0,27.0,11.0,25.0,10.0,21.0,8.0,18.0,7.0,12.0,5.0,7.0,4.0,2.0,2.0,-4.0,2.0,-9.0,1.0,-16.0,1.0,-21.0,0.0,-24.0,1.0,-27.0,2.0
4.8237,122.0,-96.0,7.0,0.0,0.0,0.0,0.0,0.0,0.0,0.0,0.0,0.0,-13.0,-21.0,-13.0,-21.0,-12.0,-19.0,-10.0,-17.0,-8.0,-14.0,-6.0,-10.0,-3.0,-7.0,0.0,-3.0,3.0,1.0,7.0,5.0,10.0,8.0,13.0,10.0,16.0,13.0,18.0,15.0,20.0,17.0,21.0,17.0,21.0,17.0,20.0,16.0,19.0,14.0,17.0,12.0,14.0,9.0,10.0,7.0,6.0,5.0,1.0,3.0,-3.0,0.0,-8.0,-1.0
4.8401,122.0,-96.0,7.0,0.0,0.0,0.0,0.0,0.0,0.0,0.0,0.0,0.0,14.0,-13.0,15.0,-13.0,15.0,-13.0,16.0,-13.0,17.0,-12.0,16.0,-12.0,16.0,-11.0,17.0,-11.0,17.0,-10.0,17.0,-10.0,17.0,-10.0,17.0,-9.0,17.0,-9.0,17.0,-9.0,17.0,-8.0,17.0,-8.0,16.0,-8.0,17.0,-8.0,17.0,-8.0,16.0,-8.0,16.0,-8.0,15.0,-8.0,16.0,-8.0,15.0,-8.0,15.0,-8.0,15.0,-8.0
4.856,122.0,-96.0,7.0,0.0,0.0,0.0,0.0,0.0,0.0,0.0,0.0,0.0,17.0,-6.0,13.0,-5.0,9.0,-4.0,4.0,-1.0,-1.0,2.0,-6.0,5.0,-10.0,8.0,-14.0,11.0,-18.0,14.0,-21.0,16.0,-24.0,17.0,-24.0,18.0,-24.0,19.0,-24.0,19.0,-22.0,18.0,-19.0,17.0,-16.0,14.0,-13.0,11.0,-9.0,7.0,-6.0,2.0,-2.0,-3.0,1.0,-8.0,4.0,-12.0,8.0,-17.0,9.0,-21.0,10.0,-24.0
4.8688,122.0,-96.0,7.0,0.0,0.0,0.0,0.0,0.0,0.0,0.0,0.0,0.0,14.0,11.0,17.0,13.0,18.0,14.0,19.0,15.0,20.0,15.0,20.0,15.0,19.0,15.0,17.0,13.0,14.0,12.0,11.0,9.0,7.0,6.0,3.0,3.0,-2.0,1.0,-7.0,-2.0,-12.0,-4.0,-15.0,-6.0,-20.0,-8.0,-23.0,-9.0,-25.0,-9.0,-26.0,-10.0,-27.0,-9.0,-27.0,-9.0,-25.0,-8.0,-22.0,-6.0,-18.0,-5.0,-14.0,-4.0
4.8831,122.0,-96.0,7.0,0.0,0.0,0.0,0.0,0.0,0.0,0.0,0.0,0.0,-12.0,9.0,-13.0,9.0,-13.0,9.0,-13.0,10.0,-13.0,8.0,-14.0,9.0,-13.0,8.0,-14.0,8.0,-14.0,7.0,-14.0,7.0,-14.0,7.0,-14.0,7.0,-14.0,6.0,-14.0,6.0,-14.0,6.0,-14.0,6.0,-14.0,6.0,-14.0,6.0,-14.0,6.0,-13.0,6.0,-13.0,6.0,-13.0,6.0,-13.0,6.0,-13.0,6.0,-12.0,6.0,-12.0,6.0
4.8966,122.0,-96.0,7.0,0.0,0.0,0.0,0.0,0.0,0.0,0.0,0.0,0.0,-13.0,13.0,-11.0,10.0,-7.0,6.0,-4.0,2.0,-1.0,-3.0,2.0,-8.0,3.0,-12.0,6.0,-17.0,8.0,-21.0,9.0,-25.0,10.0,-27.0,10.0,-29.0,10.0,-29.0,10.0,-29.0,8.0,-27.0,6.0,-24.0,5.0,-21.0,4.0,-16.0,3.0,-11.0,2.0,-6.0,2.0,0.0,2.0,6.0,2.0,12.0,2.0,18.0,3.0,21.0,5.0,24.0
4.9093,122.0,-96.0,7.0,0.0,0.0,0.0,0.0,0.0,0.0,0.0,0.0,0.0,13.0,8.0,13.0,9.0,13.0,9.0,13.0,9.0,13.0,10.0,13.0,10.0,12.0,10.0,12.0,11.0,12.0,11.0,11.0,11.0,11.0,11.0,11.0,11.0,11.0,11.0,11.0,11.0,10.0,12.0,11.0,12.0,10.0,11.0,10.0,11.0,10.0,11.0,10.0,11.0,9.0,11.0,10.0,10.0,9.0,10.0,10.0,10.0,10.0,10.0,10.0,9.0
4.9234,122.0,-96.0,7.0,0.0,0.0,0.0,0.0,0.0,0.0,0.0,0.0,0.0,-13.0,-17.0,-14.0,-19.0,-16.0,-21.0,-16.0,-21.0,-16.0,-21.0,-15.0,-20.0,-14.0,-19.0,-12.0,-16.0,-10.0,-14.0,-7.0,-11.0,-4.0,-7.0,0.0,-3.0,3.0,0.0,7.0,4.0,11.0,7.0,14.0,10.0,17.0,12.0,20.0,13.0,22.0,14.0,23.0,15.0,23.0,14.0,22.0,13.0,20.0,12.0,18.0,10.0,14.0,7.0,10.0,6.0
4.9369,122.0,-96.0,7.0,0.0,0.0,0.0,0.0,0.0,0.0,0.0,0.0,0.0,-7.0,19.0,-8.0,19.0,-8.0,19.0,-8.0,19.0,-9.0,19.0,-10.0,19.0,-10.0,18.0,-11.0,18.0,-11.0,18.0,-12.0,17.0,-12.0,17.0,-12.0,17.0,-12.0,17.0,-12.0,17.0,-13.0,16.0,-11.0,16.0,-12.0,16.0,-12.0,15.0,-12.0,15.0,-12.0,15.0,-11.0,15.0,-11.0,15.0,-11.0,14.0,-11.0,15.0,-10.0,15.0,-10.0,15.0
4.9509,122.0,-96.0,7.0,0.0,0.0,0.0,0.0,0.0,0.0,0.0,0.0,0.0,4.0,3.0,7.0,8.0,10.0,13.0,13.0,17.0,15.0,20.0,18.0,24.0,20.0,24.0,21.0,26.0,21.0,25.0,20.0,23.0,19.0,21.0,17.0,19.0,13.0,16.0,10.0,12.0,5.0,8.0,0.0,3.0,-5.0,-1.0,-10.0,-4.0,-16.0,-8.0,-20.0,-10.0,-26.0,-12.0,-28.0,-13.0,-31.0,-13.0,-32.0,-12.0,-31.0,-11.0,-31.0,-11.0
4.9644,122.0,-96.0,7.0,0.0,0.0,0.0,0.0,0.0,0.0,0.0,0.0,0.0,-18.0,3.0,-12.0,3.0,-7.0,-1.0,-3.0,-2.0,3.0,-4.0,8.0,-6.0,12.0,-9.0,17.0,-11.0,20.0,-13.0,22.0,-15.0,25.0,-16.0,25.0,-17.0,25.0,-17.0,24.0,-17.0,22.0,-16.0,17.0,-14.0,15.0,-12.0,11.0,-8.0,7.0,-5.0,3.0,-1.0,0.0,4.0,-4.0,8.0,-8.0,12.0,-11.0,17.0,-12.0,20.0,-13.0,23.0
4.9785,122.0,-96.0,7.0,0.0,0.0,0.0,0.0,0.0,0.0,0.0,0.0,0.0,-1.0,2.0,-6.0,4.0,-11.0,6.0,-15.0,8.0,-20.0,10.0,-23.0,11.0,-25.0,13.0,-27.0,13.0,-27.0,14.0,-26.0,14.0,-24.0,13.0,-22.0,12.0,-19.0,10.0,-15.0,8.0,-11.0,5.0,-6.0,2.0,-1.0,-3.0,3.0,-7.0,7.0,-11.0,10.0,-15.0,13.0,-19.0,14.0,-22.0,17.0,-24.0,16.0,-26.0,15.0,-26.0,15.0,-26.0
4.9942,122.0,-96.0,7.0,0.0,0.0,0.0,0.0,0.0,0.0,0.0,0.0,0.0,-1.0,2.0,-6.0,5.0,-11.0,6.0,-15.0,8.0,-19.0,11.0,-23.0,13.0,-24.0,14.0,-27.0,15.0,-26.0,16.0,-25.0,15.0,-23.0,15.0,-21.0,14.0,-19.0,12.0,-14.0,9.0,-11.0,5.0,-6.0,2.0,-1.0,-3.0,2.0,-7.0,6.0,-12.0,10.0,-16.0,12.0,-20.0,13.0,-23.0,15.0,-25.0,14.0,-27.0,14.0,-27.0,13.0,-27.0
5.0071,122.0,-96.0,7.0,0.0,0.0,0.0,0.0,0.0,0.0,0.0,0.0,0.0,6.0,-2.0,13.0,-2.0,19.0,0.0,24.0,0.0,29.0,0.0,33.0,0.0,35.0,-1.0,38.0,-1.0,37.0,-2.0,35.0,-2.0,32.0,-2.0,29.0,-2.0,24.0,-2.0,18.0,-1.0,11.0,0.0,3.0,1.0,-4.0,3.0,-10.0,6.0,-17.0,9.0,-21.0,12.0,-27.0,15.0,-29.0,18.0,-32.0,19.0,-32.0,21.0,-31.0,22.0,-30.0,21.0
