time,sc_0,sc_1,sc_2,sc_3,sc_4,sc_5,sc_6,sc_7,sc_8,sc_9,sc_10,sc_11,sc_12,sc_13,sc_14,sc_15,sc_16,sc_17,sc_18,sc_19,sc_20,sc_21,sc_22,sc_23,sc_24,sc_25,sc_26,sc_27,sc_28,sc_29,sc_30,sc_31,sc_32,sc_33,sc_34,sc_35,sc_36,sc_37,sc_38,sc_39,sc_40,sc_41,sc_42,sc_43,sc_44,sc_45,sc_46,sc_47,sc_48,sc_49,sc_50,sc_51,sc_52,sc_53,sc_54,sc_55,sc_56,sc_57,sc_58,sc_59,sc_60,sc_61,sc_62,sc_63
0.0115,122.0,-96.0,7.0,0.0,0.0,0.0,0.0,0.0,0.0,0.0,0.0,0.0,-9.0,-17.0,-6.0,-13.0,-4.0,-9.0,0.0,-5.0,5.0,-1.0,9.0,2.0,13.0,4.0,17.0,7.0,21.0,10.0,24.0,11.0,26.0,12.0,28.0,12.0,28.0,11.0,28.0,11.0,26.0,9.0,23.0,7.0,19.0,6.0,14.0,5.0,9.0,4.0,3.0,3.0,-2.0,4.0,-8.0,4.0,-14.0,5.0,-19.0,7.0,-22.0,8.0,-24.0,10.0
0.0219,122.0,-96.0,7.0,0.0,0.0,0.0,0.0,0.0,0.0,0.0,0.0,0.0,-12.0,-24.0,-12.0,-24.0,-12.0,-23.0,-11.0,-21.0,-9.0,-19.0,-7.0,-15.0,-4.0,-12.0,-1.0,-7.0,2.0,-3.0,6.0,1.0,9.0,4.0,13.0,7.0,16.0,10.0,19.0,12.0,21.0,14.0,24.0,14.0,24.0,14.0,24.0,13.0,22.0,12.0,21.0,10.0,17.0,8.0,14.0,7.0,9.0,6.0,4.0,5.0,-1.0,3.0,-6.0,3.0
0.0323,122.0,-96.0,7.0,0.0,0.0,0.0,0.0,0.0,0.0,0.0,0.0,0.0,-14.0,11.0,-14.0,11.0,-15.0,11.0,-15.0,11.0,-16.0,10.0,-16.0,10.0,-16.0,9.0,-16.0,9.0,-16.0,9.0,-17.0,8.0,-17.0,8.0,-17.0,8.0,-17.0,7.0,-17.0,7.0,-17.0,7.0,-16.0,7.0,-16.0,7.0,-17.0,6.0,-16.0,6.0,-16.0,6.0,-16.0,6.0,-15.0,6.0,-15.0,6.0,-15.0,6.0,-14.0,6.0,-14.0,6.0
0.0436,122.0,-96.0,7.0,0.0,0.0,0.0,0.0,0.0,0.0,0.0,0.0,0.0,15.0,-9.0,16.0,-9.0,16.0,-9.0,16.0,-8.0,17.0,-8.0,17.0,-7.0,17.0,-7.0,17.0,-7.0,17.0,-6.0,17.0,-6.0,17.0,-6.0,17.0,-5.0,17.0,-5.0,17.0,-5.0,17.0,-4.0,17.0,-4.0,16.0,-4.0,16.0,-4.0,16.0,-4.0,16.0,-4.0,16.0,-4.0,15.0,-4.0,15.0,-4.0,15.0,-4.0,15.0,-4.0,14.0,-5.0
0.0761,122.0,-96.0,7.0,0.0,0.0,0.0,0.0,0.0,0.0,0.0,0.0,0.0,-25.0,-16.0,-25.0,-16.0,-24.0,-16.0,-22.0,-14.0,-19.0,-13.0,-15.0,-11.0,-10.0,-9.0,-4.0,-6.0,1.0,-4.0,6.0,-3.0,12.0,-2.0,17.0,-1.0,22.0,-1.0,26.0,0.0,29.0,0.0,31.0,0.0,31.0,-1.0,31.0,-1.0,28.0,-2.0,26.0,-2.0,21.0,-2.0,17.0,-2.0,12.0,0.0,6.0,1.0,1.0,3.0,-4.0,6.0
0.0857,122.0,-96.0,7.0,0.0,0.0,0.0,0.0,0.0,0.0,0.0,0.0,0.0,-25.0,21.0,-24.0,20.0,-22.0,19.0,-20.0,16.0,-17.0,13.0,-13.0,9.0,-10.0,4.0,-6.0,-1.0,-3.0,-6.0,1.0,-11.0,3.0,-16.0,5.0,-21.0,7.0,-26.0,9.0,-30.0,10.0,-32.0,10.0,-34.0,8.0,-34.0,8.0,-33.0,7.0,-31.0,5.0,-27.0,4.0,-22.0,3.0,-17.0,4.0,-11.0,4.0,-5.0,4.0,2.0,5.0,7.0
0.0958,122.0,-96.0,7.0,0.0,0.0,0.0,0.0,0.0,0.0,0.0,0.0,0.0,2.0,4.0,1.0,9.0,0.0,13.0,-1.0,17.0,-1.0,21.0,-1.0,24.0,-1.0,26.0,-1.0,28.0,0.0,28.0,0.0,26.0,0.0,24.0,0.0,21.0,0.0,18.0,0.0,13.0,-2.0,9.0,-3.0,4.0,-5.0,-2.0,-7.0,-6.0,-9.0,-11.0,-12.0,-14.0,-14.0,-17.0,-17.0,-19.0,-18.0,-21.0,-19.0,-20.0,-20.0,-19.0,-19.0,-18.0
0.1071,122.0,-96.0,7.0,0.0,0.0,0.0,0.0,0.0,0.0,0.0,0.0,0.0,-6.0,1.0,-11.0,-2.0,-15.0,-4.0,-19.0,-7.0,-23.0,-8.0,-26.0,-10.0,-28.0,-10.0,-30.0,-11.0,-30.0,-10.0,-29.0,-9.0,-27.0,-8.0,-24.0,-7.0,-20.0,-6.0,-15.0,-5.0,-10.0,-5.0,-4.0,-5.0,2.0,-5.0,8.0,-6.0,14.0,-6.0,18.0,-8.0,22.0,-9.0,25.0,-11.0,27.0,-13.0,26.0,-14.0,26.0,-15.0,25.0,-15.0
0.1198,122.0,-96.0,7.0,0.0,0.0,0.0,0.0,0.0,0.0,0.0,0.0,0.0,0.0,-18.0,0.0,-18.0,0.0,-18.0,0.0,-18.0,1.0,-19.0,1.0,-19.0,2.0,-18.0,2.0,-19.0,2.0,-18.0,3.0,-18.0,3.0,-18.0,3.0,-18.0,3.0,-17.0,4.0,-17.0,4.0,-17.0,4.0,-17.0,4.0,-16.0,4.0,-17.0,4.0,-16.0,4.0,-16.0,4.0,-16.0,3.0,-15.0,3.0,-15.0,3.0,-15.0,3.0,-15.0,2.0,-15.0
0.1326,122.0,-96.0,7.0,0.0,0.0,0.0,0.0,0.0,0.0,0.0,0.0,0.0,13.0,-30.0,12.0,-29.0,12.0,-27.0,10.0,-24.0,9.0,-20.0,8.0,-15.0,6.0,-9.0,4.0,-2.0,4.0,3.0,3.0,10.0,3.0,16.0,2.0,21.0,3.0,26.0,2.0,30.0,3.0,33.0,4.0,35.0,4.0,34.0,4.0,33.0,5.0,30.0,5.0,26.0,4.0,21.0,3.0,16.0,0.0,11.0,-3.0,5.0,-5.0,-1.0,-9.0,-6.0
0.1477,122.0,-96.0,7.0,0.0,0.0,0.0,0.0,0.0,0.0,0.0,0.0,0.0,-20.0,-3.0,-23.0,-4.0,-26.0,-5.0,-27.0,-5.0,-28.0,-5.0,-27.0,-5.0,-26.0,-5.0,-24.0,-5.0,-21.0,-5.0,-16.0,-4.0,-12.0,-4.0,-6.0,-4.0,-1.0,-4.0,5.0,-5.0,10.0,-6.0,14.0,-7.0,18.0,-9.0,22.0,-10.0,23.0,-11.0,25.0,-12.0,25.0,-13.0,25.0,-13.0,22.0,-13.0,19.0,-12.0,16.0,-10.0,12.0,-8.0
0.1611,122.0,-96.0,7.0,0.0,0.0,0.0,0.0,0.0,0.0,0.0,0.0,0.0,20.0,6.0,23.0,7.0,24.0,8.0,25.0,8.0,25.0,8.0,25.0,8.0,23.0,7.0,20.0,6.0,17.0,6.0,12.0,5.0,8.0,4.0,3.0,3.0,-3.0,3.0,-9.0,3.0,-14.0,3.0,-18.0,3.0,-22.0,4.0,-25.0,5.0,-27.0,6.0,-28.0,7.0,-27.0,7.0,-27.0,7.0,-24.0,7.0,-21.0,7.0,-17.0,6.0,-13.0,4.0
0.1753,122.0,-96.0,7.0,0.0,0.0,0.0,0.0,0.0,0.0,0.0,0.0,0.0,17.0,-20.0,16.0,-19.0,15.0,-18.0,13.0,-16.0,12.0,-13.0,9.0,-10.0,7.0,-6.0,4.0,-1.0,2.0,3.0,0.0,9.0,-2.0,13.0,-3.0,17.0,-4.0,21.0,-6.0,24.0,-6.0,26.0,-6.0,28.0,-6.0,28.0,-5.0,27.0,-4.0,24.0,-3.0,22.0,-3.0,17.0,-2.0,13.0,-3.0,8.0,-3.0,3.0,-4.0,-2.0,-6.0,-6.0
0.1887,122.0,-96.0,7.0,0.0,0.0,0.0,0.0,0.0,0.0,0.0,0.0,0.0,3.0,-3.0,7.0,2.0,9.0,6.0,13.0,10.0,16.0,14.0,19.0,17.0,21.0,18.0,23.0,20.0,24.0,19.0,23.0,19.0,22.0,17.0,20.0,16.0,17.0,14.0,14.0,11.0,9.0,8.0,4.0,5.0,-2.0,3.0,-7.0,2.0,-14.0,0.0,-18.0,-1.0,-24.0,-1.0,-26.0,0.0,-30.0,0.0,-30.0,2.0,-30.0,3.0,-30.0,3.0
0.2015,122.0,-96.0,7.0,0.0,0.0,0.0,0.0,0.0,0.0,0.0,0.0,0.0,14.0,-22.0,14.0,-21.0,13.0,-19.0,12.0,-17.0,10.0,-15.0,8.0,-11.0,6.0,-7.0,4.0,-1.0,2.0,3.0,1.0,8.0,0.0,13.0,-1.0,17.0,-1.0,21.0,-2.0,25.0,-2.0,27.0,-2.0,28.0,-1.0,28.0,-1.0,27.0,0.0,25.0,0.0,21.0,0.0,17.0,-1.0,13.0,-2.0,9.0,-3.0,4.0,-5.0,-1.0,-6.0,-6.0
0.2154,122.0,-96.0,7.0,0.0,0.0,0.0,0.0,0.0,0.0,0.0,0.0,0.0,3.0,-18.0,4.0,-18.0,3.0,-18.0,4.0,-18.0,5.0,-18.0,5.0,-18.0,5.0,-17.0,6.0,-17.0,6.0,-17.0,6.0,-17.0,7.0,-17.0,6.0,-17.0,7.0,-16.0,7.0,-17.0,7.0,-16.0,7.0,-15.0,7.0,-16.0,7.0,-15.0,7.0,-15.0,7.0,-15.0,6.0,-15.0,6.0,-15.0,6.0,-14.0,6.0,-14.0,5.0,-14.0,5.0,-14.0
0.2295,122.0,-96.0,7.0,0.0,0.0,0.0,0.0,0.0,0.0,0.0,0.0,0.0,-16.0,-11.0,-19.0,-14.0,-21.0,-15.0,-22.0,-16.0,-23.0,-16.0,-23.0,-17.0,-21.0,-16.0,-19.0,-14.0,-17.0,-13.0,-13.0,-10.0,-9.0,-8.0,-4.0,-6.0,1.0,-4.0,6.0,-2.0,11.0,-1.0,16.0,1.0,20.0,1.0,23.0,1.0,26.0,1.0,27.0,1.0,28.0,0.0,27.0,0.0,25.0,-1.0,22.0,-2.0,18.0,-2.0,14.0,-1.0
0.2435,122.0,-96.0,7.0,0.0,0.0,0.0,0.0,0.0,0.0,0.0,0.0,0.0,19.0,-9.0,15.0,-7.0,10.0,-4.0,6.0,-1.0,2.0,3.0,-2.0,7.0,-6.0,11.0,-9.0,14.0,-12.0,18.0,-15.0,21.0,-17.0,23.0,-18.0,25.0,-17.0,26.0,-17.0,26.0,-15.0,25.0,-12.0,23.0,-11.0,19.0,-9.0,15.0,-7.0,10.0,-5.0,4.0,-5.0,-1.0,-4.0,-7.0,-3.0,-13.0,-3.0,-19.0,-4.0,-22.0,-5.0,-25.0
0.2563,122.0,-96.0,7.0,0.0,0.0,0.0,0.0,0.0,0.0,0.0,0.0,0.0,11.0,-20.0,9.0,-16.0,7.0,-11.0,5.0,-6.0,4.0,1.0,2.0,7.0,2.0,13.0,2.0,19.0,1.0,24.0,2.0,28.0,1.0,32.0,3.0,33.0,3.0,34.0,4.0,34.0,4.0,32.0,4.0,27.0,4.0,24.0,2.0,18.0,1.0,13.0,-1.0,7.0,-5.0,2.0,-8.0,-4.0,-12.0,-9.0,-15.0,-14.0,-19.0,-16.0,-22.0,-18.0
0.2691,122.0,-96.0,7.0,0.0,0.0,0.0,0.0,0.0,0.0,0.0,0.0,0.0,0.0,18.0,0.0,22.0,-1.0,24.0,-1.0,26.0,-1.0,27.0,0.0,27.0,-1.0,25.0,-1.0,23.0,-1.0,20.0,-1.0,15.0,-2.0,11.0,-3.0,6.0,-4.0,0.0,-5.0,-5.0,-8.0,-10.0,-9.0,-14.0,-11.0,-18.0,-13.0,-21.0,-15.0,-23.0,-16.0,-24.0,-16.0,-24.0,-16.0,-23.0,-16.0,-21.0,-15.0,-18.0,-13.0,-15.0,-10.0,-12.0
0.2838,122.0,-96.0,7.0,0.0,0.0,0.0,0.0,0.0,0.0,0.0,0.0,0.0,2.0,26.0,2.0,25.0,2.0,24.0,2.0,22.0,1.0,19.0,0.0,15.0,-1.0,11.0,-2.0,5.0,-4.0,1.0,-6.0,-4.0,-8.0,-8.0,-11.0,-12.0,-13.0,-16.0,-15.0,-20.0,-16.0,-22.0,-18.0,-23.0,-18.0,-22.0,-18.0,-22.0,-17.0,-20.0,-16.0,-18.0,-14.0,-14.0,-11.0,-12.0,-7.0,-9.0,-3.0,-6.0,2.0,-4.0,6.0,-2.0
0.2972,122.0,-96.0,7.0,0.0,0.0,0.0,0.0,0.0,0.0,0.0,0.0,0.0,5.0,-5.0,12.0,-4.0,18.0,-3.0,24.0,-3.0,29.0,-3.0,34.0,-4.0,36.0,-5.0,39.0,-5.0,38.0,-6.0,36.0,-6.0,34.0,-6.0,30.0,-6.0,25.0,-5.0,19.0,-3.0,12.0,0.0,6.0,2.0,-1.0,6.0,-7.0,10.0,-13.0,14.0,-16.0,18.0,-20.0,22.0,-22.0,25.0,-24.0,28.0,-23.0,30.0,-22.0,30.0,-20.0,30.0
0.3116,122.0,-96.0,7.0,0.0,0.0,0.0,0.0,0.0,0.0,0.0,0.0,0.0,-9.0,16.0,-7.0,11.0,-6.0,6.0,-5.0,1.0,-4.0,-5.0,-3.0,-10.0,-4.0,-15.0,-4.0,-20.0,-4.0,-24.0,-5.0,-28.0,-5.0,-30.0,-6.0,-31.0,-6.0,-31.0,-7.0,-30.0,-7.0,-28.0,-7.0,-24.0,-6.0,-20.0,-4.0,-15.0,-1.0,-10.0,1.0,-6.0,5.0,-1.0,8.0,3.0,12.0,8.0,15.0,12.0,18.0,13.0,21.0,14.0
0.3246,122.0,-96.0,7.0,0.0,0.0,0.0,0.0,0.0,0.0,0.0,0.0,0.0,-3.0,-27.0,-2.0,-21.0,-1.0,-15.0,1.0,-9.0,4.0,-2.0,7.0,4.0,11.0,10.0,14.0,16.0,17.0,21.0,20.0,25.0,22.0,28.0,25.0,29.0,26.0,29.0,26.0,29.0,25.0,26.0,22.0,23.0,19.0,20.0,15.0,15.0,9.0,11.0,4.0,7.0,-3.0,4.0,-9.0,1.0,-16.0,-1.0,-23.0,-4.0,-28.0,-3.0,-32.0,-3.0
0.3384,122.0,-96.0,7.0,0.0,0.0,0.0,0.0,0.0,0.0,0.0,0.0,0.0,21.0,-21.0,20.0,-20.0,20.0,-20.0,17.0,-17.0,16.0,-15.0,13.0,-12.0,10.0,-8.0,6.0,-3.0,3.0,1.0,0.0,7.0,-2.0,12.0,-4.0,16.0,-6.0,21.0,-7.0,25.0,-9.0,27.0,-9.0,30.0,-8.0,30.0,-8.0,31.0,-6.0,28.0,-5.0,25.0,-4.0,21.0,-4.0,16.0,-4.0,12.0,-4.0,5.0,-4.0,0.0,-5.0,-6.0
0.353,122.0,-96.0,7.0,0.0,0.0,0.0,0.0,0.0,0.0,0.0,0.0,0.0,-6.0,-17.0,-6.0,-18.0,-6.0,-17.0,-6.0,-18.0,-5.0,-18.0,-4.0,-18.0,-4.0,-18.0,-4.0,-19.0,-3.0,-18.0,-3.0,-18.0,-3.0,-18.0,-3.0,-18.0,-3.0,-18.0,-2.0,-18.0,-2.0,-18.0,-1.0,-17.0,-2.0,-17.0,-2.0,-17.0,-2.0,-17.0,-2.0,-16.0,-2.0,-16.0,-1.0,-16.0,-2.0,-16.0,-2.0,-16.0,-2.0,-15.0,-3.0,-15.0
0.3673,122.0,-96.0,7.0,0.0,0.0,0.0,0.0,0.0,0.0,0.0,0.0,0.0,2.0,2.0,-1.0,7.0,-4.0,10.0,-7.0,15.0,-10.0,19.0,-12.0,23.0,-12.0,25.0,-14.0,28.0,-13.0,28.0,-13.0,28.0,-11.0,26.0,-10.0,24.0,-9.0,21.0,-7.0,16.0,-6.0,11.0,-5.0,6.0,-4.0,-1.0,-5.0,-6.0,-5.0,-12.0,-6.0,-17.0,-8.0,-22.0,-10.0,-25.0,-10.0,-28.0,-12.0,-27.0,-13.0,-27.0,-13.0,-27.0
0.3813,122.0,-96.0,7.0,0.0,0.0,0.0,0.0,0.0,0.0,0.0,0.0,0.0,-10.0,-17.0,-10.0,-20.0,-12.0,-23.0,-12.0,-24.0,-13.0,-25.0,-13.0,-25.0,-12.0,-24.0,-11.0,-22.0,-9.0,-20.0,-7.0,-15.0,-5.0,-11.0,-1.0,-7.0,2.0,-3.0,6.0,1.0,10.0,5.0,13.0,8.0,17.0,10.0,20.0,12.0,22.0,13.0,24.0,14.0,24.0,13.0,24.0,13.0,23.0,11.0,20.0,9.0,17.0,7.0,13.0,6.0
0.396,122.0,-96.0,7.0,0.0,0.0,0.0,0.0,0.0,0.0,0.0,0.0,0.0,-4.0,2.0,-8.0,-1.0,-11.0,-5.0,-15.0,-8.0,-19.0,-11.0,-23.0,-14.0,-25.0,-14.0,-27.0,-16.0,-28.0,-15.0,-28.0,-15.0,-26.0,-13.0,-24.0,-12.0,-21.0,-11.0,-16.0,-8.0,-12.0,-8.0,-6.0,-6.0,0.0,-4.0,6.0,-4.0,12.0,-4.0,17.0,-4.0,22.0,-5.0,24.0,-7.0,28.0,-7.0,28.0,-9.0,28.0,-10.0,27.0,-10.0
0.4121,122.0,-96.0,7.0,0.0,0.0,0.0,0.0,0.0,0.0,0.0,0.0,0.0,-3.0,3.0,-8.0,0.0,-12.0,-4.0,-16.0,-6.0,-21.0,-8.0,-25.0,-10.0,-27.0,-11.0,-29.0,-12.0,-30.0,-11.0,-30.0,-11.0,-28.0,-9.0,-25.0,-8.0,-22.0,-8.0,-18.0,-6.0,-12.0,-6.0,-7.0,-4.0,0.0,-4.0,5.0,-5.0,11.0,-5.0,16.0,-6.0,21.0,-8.0,23.0,-10.0,27.0,-11.0,26.0,-13.0,26.0,-14.0,26.0,-14.0
0.4275,122.0,-96.0,7.0,0.0,0.0,0.0,0.0,0.0,0.0,0.0,0.0,0.0,-15.0,-9.0,-16.0,-10.0,-15.0,-10.0,-16.0,-11.0,-15.0,-11.0,-15.0,-12.0,-14.0,-12.0,-14.0,-12.0,-13.0,-12.0,-13.0,-13.0,-13.0,-13.0,-13.0,-13.0,-13.0,-13.0,-13.0,-13.0,-12.0,-14.0,-12.0,-13.0,-12.0,-13.0,-11.0,-13.0,-11.0,-13.0,-11.0,-12.0,-11.0,-13.0,-11.0,-12.0,-10.0,-12.0,-11.0,-12.0,-11.0,-11.0,-11.0,-11.0
0.4422,122.0,-96.0,7.0,0.0,0.0,0.0,0.0,0.0,0.0,0.0,0.0,0.0,25.0,13.0,25.0,13.0,24.0,13.0,22.0,11.0,19.0,10.0,14.0,8.0,10.0,7.0,4.0,5.0,-1.0,4.0,-7.0,3.0,-13.0,2.0,-18.0,2.0,-22.0,2.0,-27.0,1.0,-30.0,1.0,-32.0,2.0,-32.0,3.0,-32.0,3.0,-29.0,4.0,-26.0,4.0,-22.0,3.0,-17.0,2.0,-13.0,0.0,-8.0,-2.0,-2.0,-4.0,3.0,-7.0
0.4565,122.0,-96.0,7.0,0.0,0.0,0.0,0.0,0.0,0.0,0.0,0.0,0.0,-1.0,4.0,-7.0,4.0,-13.0,4.0,-18.0,5.0,-24.0,6.0,-28.0,7.0,-31.0,8.0,-33.0,8.0,-33.0,9.0,-34.0,10.0,-31.0,10.0,-28.0,9.0,-25.0,7.0,-20.0,6.0,-15.0,3.0,-9.0,0.0,-3.0,-4.0,1.0,-8.0,6.0,-13.0,10.0,-17.0,13.0,-22.0,13.0,-25.0,17.0,-28.0,15.0,-30.0,14.0,-30.0,14.0,-30.0
0.469,122.0,-96.0,7.0,0.0,0.0,0.0,0.0,0.0,0.0,0.0,0.0,0.0,-16.0,-15.0,-13.0,-12.0,-8.0,-9.0,-4.0,-7.0,1.0,-4.0,7.0,-1.0,11.0,0.0,17.0,1.0,22.0,3.0,25.0,3.0,28.0,4.0,30.0,4.0,31.0,3.0,31.0,3.0,29.0,2.0,25.0,1.0,22.0,1.0,17.0,1.0,12.0,1.0,6.0,2.0,1.0,4.0,-5.0,5.0,-10.0,7.0,-15.0,10.0,-18.0,12.0,-20.0,15.0
0.4843,122.0,-96.0,7.0,0.0,0.0,0.0,0.0,0.0,0.0,0.0,0.0,0.0,11.0,-14.0,11.0,-14.0,11.0,-13.0,12.0,-13.0,12.0,-13.0,13.0,-13.0,13.0,-13.0,13.0,-12.0,13.0,-12.0,13.0,-12.0,13.0,-12.0,13.0,-11.0,13.0,-11.0,14.0,-11.0,14.0,-10.0,13.0,-10.0,13.0,-10.0,13.0,-10.0,13.0,-10.0,13.0,-10.0,12.0,-10.0,12.0,-9.0,12.0,-10.0,11.0,-10.0,11.0,-10.0,10.0,-10.0
0.4978,122.0,-96.0,7.0,0.0,0.0,0.0,0.0,0.0,0.0,0.0,0.0,0.0,-7.0,-18.0,-7.0,-21.0,-8.0,-24.0,-9.0,-25.0,-10.0,-27.0,-9.0,-26.0,-8.0,-25.0,-8.0,-22.0,-6.0,-20.0,-5.0,-16.0,-3.0,-12.0,0.0,-7.0,2.0,-3.0,6.0,2.0,9.0,6.0,12.0,10.0,15.0,13.0,18.0,15.0,19.0,16.0,21.0,17.0,22.0,17.0,22.0,16.0,20.0,15.0,18.0,12.0,15.0,10.0,12.0,8.0
0.5117,122.0,-96.0,7.0,0.0,0.0,0.0,0.0,0.0,0.0,0.0,0.0,0.0,9.0,24.0,9.0,24.0,8.0,23.0,7.0,21.0,6.0,18.0,4.0,14.0,2.0,11.0,0.0,6.0,-3.0,2.0,-7.0,-2.0,-10.0,-6.0,-13.0,-9.0,-16.0,-12.0,-19.0,-15.0,-21.0,-17.0,-22.0,-18.0,-24.0,-18.0,-23.0,-17.0,-22.0,-16.0,-20.0,-14.0,-17.0,-11.0,-13.0,-9.0,-9.0,-7.0,-5.0,-6.0,1.0,-4.0,5.0,-3.0
0.5254,122.0,-96.0,7.0,0.0,0.0,0.0,0.0,0.0,0.0,0.0,0.0,0.0,-7.0,17.0,-8.0,17.0,-8.0,17.0,-8.0,17.0,-9.0,17.0,-9.0,16.0,-10.0,16.0,-10.0,16.0,-10.0,16.0,-11.0,15.0,-11.0,15.0,-11.0,15.0,-11.0,15.0,-11.0,15.0,-11.0,14.0,-11.0,14.0,-11.0,14.0,-11.0,14.0,-11.0,13.0,-11.0,13.0,-10.0,13.0,-10.0,13.0,-10.0,13.0,-10.0,13.0,-9.0,12.0,-9.0,13.0
0.5389,122.0,-96.0,7.0,0.0,0.0,0.0,0.0,0.0,0.0,0.0,0.0,0.0,-26.0,0.0,-26.0,1.0,-24.0,0.0,-21.0,0.0,-18.0,-1.0,-14.0,-1.0,-9.0,-2.0,-4.0,-3.0,1.0,-5.0,6.0,-7.0,10.0,-9.0,14.0,-10.0,17.0,-12.0,20.0,-14.0,23.0,-16.0,23.0,-16.0,23.0,-17.0,22.0,-16.0,20.0,-15.0,17.0,-14.0,13.0,-12.0,11.0,-9.0,7.0,-5.0,5.0,-1.0,1.0,3.0,-1.0,7.0
0.5534,122.0,-96.0,7.0,0.0,0.0,0.0,0.0,0.0,0.0,0.0,0.0,0.0,-16.0,9.0,-13.0,6.0,-9.0,2.0,-5.0,-1.0,-1.0,-6.0,2.0,-10.0,4.0,-14.0,8.0,-19.0,10.0,-23.0,11.0,-26.0,12.0,-28.0,12.0,-29.0,11.0,-30.0,11.0,-29.0,9.0,-27.0,7.0,-23.0,6.0,-19.0,5.0,-15.0,4.0,-10.0,4.0,-4.0,4.0,2.0,4.0,7.0,5.0,13.0,6.0,18.0,8.0,21.0,10.0,23.0
0.5679,122.0,-96.0,7.0,0.0,0.0,0.0,0.0,0.0,0.0,0.0,0.0,0.0,-11.0,18.0,-13.0,20.0,-14.0,22.0,-14.0,23.0,-14.0,23.0,-14.0,22.0,-13.0,21.0,-11.0,18.0,-10.0,15.0,-8.0,11.0,-6.0,7.0,-5.0,2.0,-4.0,-4.0,-2.0,-9.0,-2.0,-14.0,-1.0,-18.0,-1.0,-22.0,-2.0,-26.0,-2.0,-27.0,-2.0,-29.0,-4.0,-28.0,-4.0,-28.0,-4.0,-25.0,-4.0,-22.0,-4.0,-18.0,-3.0,-14.0
0.5814,122.0,-96.0,7.0,0.0,0.0,0.0,0.0,0.0,0.0,0.0,0.0,0.0,-4.0,-21.0,-4.0,-24.0,-4.0,-26.0,-4.0,-27.0,-4.0,-28.0,-4.0,-27.0,-4.0,-25.0,-4.0,-22.0,-2.0,-19.0,-2.0,-14.0,0.0,-10.0,2.0,-5.0,4.0,0.0,6.0,5.0,9.0,9.0,11.0,14.0,14.0,17.0,16.0,19.0,17.0,20.0,18.0,21.0,19.0,20.0,19.0,19.0,17.0,17.0,15.0,14.0,12.0,11.0,9.0,9.0
0.5952,122.0,-96.0,7.0,0.0,0.0,0.0,0.0,0.0,0.0,0.0,0.0,0.0,11.0,-16.0,14.0,-18.0,15.0,-20.0,16.0,-21.0,16.0,-22.0,17.0,-22.0,16.0,-20.0,14.0,-19.0,13.0,-16.0,10.0,-13.0,8.0,-9.0,5.0,-4.0,3.0,1.0,1.0,6.0,-1.0,11.0,-2.0,15.0,-3.0,20.0,-3.0,23.0,-4.0,26.0,-4.0,27.0,-3.0,27.0,-3.0,27.0,-2.0,25.0,-1.0,22.0,0.0,18.0,-1.0,14.0
0.6099,122.0,-96.0,7.0,0.0,0.0,0.0,0.0,0.0,0.0,0.0,0.0,0.0,-6.0,-21.0,-6.0,-24.0,-6.0,-26.0,-7.0,-27.0,-7.0,-27.0,-7.0,-26.0,-6.0,-25.0,-6.0,-21.0,-4.0,-19.0,-3.0,-14.0,-1.0,-10.0,1.0,-5.0,4.0,0.0,7.0,5.0,10.0,9.0,12.0,12.0,15.0,15.0,17.0,17.0,19.0,18.0,20.0,19.0,21.0,18.0,20.0,17.0,19.0,16.0,17.0,13.0,14.0,10.0,10.0,8.0
0.6226,122.0,-96.0,7.0,0.0,0.0,0.0,0.0,0.0,0.0,0.0,0.0,0.0,21.0,2.0,21.0,3.0,22.0,3.0,21.0,4.0,22.0,5.0,22.0,5.0,22.0,6.0,21.0,6.0,21.0,6.0,21.0,7.0,21.0,7.0,21.0,7.0,20.0,7.0,20.0,7.0,20.0,8.0,19.0,8.0,19.0,8.0,19.0,8.0,19.0,8.0,18.0,8.0,18.0,7.0,18.0,7.0,17.0,7.0,17.0,7.0,17.0,6.0,17.0,6.0
0.6366,122.0,-96.0,7.0,0.0,0.0,0.0,0.0,0.0,0.0,0.0,0.0,0.0,1.0,-5.0,5.0,-7.0,9.0,-9.0,13.0,-11.0,16.0,-14.0,19.0,-16.0,20.0,-17.0,22.0,-18.0,21.0,-19.0,20.0,-18.0,18.0,-17.0,16.0,-15.0,14.0,-13.0,10.0,-10.0,8.0,-6.0,4.0,-2.0,1.0,3.0,0.0,8.0,-2.0,13.0,-3.0,16.0,-4.0,21.0,-4.0,23.0,-4.0,26.0,-3.0,26.0,-2.0,26.0,-2.0,26.0
0.6499,122.0,-96.0,7.0,0.0,0.0,0.0,0.0,0.0,0.0,0.0,0.0,0.0,-3.0,-4.0,2.0,-8.0,6.0,-12.0,10.0,-16.0,14.0,-20.0,17.0,-24.0,18.0,-26.0,20.0,-28.0,18.0,-29.0,18.0,-29.0,17.0,-27.0,16.0,-25.0,13.0,-22.0,10.0,-17.0,9.0,-12.0,5.0,-7.0,4.0,0.0,3.0,7.0,2.0,13.0,3.0,19.0,3.0,25.0,5.0,27.0,5.0,31.0,7.0,32.0,8.0,32.0,8.0,31.0
0.6646,122.0,-96.0,7.0,0.0,0.0,0.0,0.0,0.0,0.0,0.0,0.0,0.0,16.0,13.0,18.0,15.0,19.0,16.0,20.0,16.0,21.0,17.0,20.0,16.0,19.0,15.0,16.0,13.0,14.0,12.0,10.0,9.0,5.0,7.0,1.0,4.0,-4.0,2.0,-10.0,0.0,-14.0,-1.0,-18.0,-2.0,-22.0,-3.0,-26.0,-3.0,-27.0,-3.0,-29.0,-3.0,-28.0,-2.0,-28.0,-2.0,-26.0,-1.0,-22.0,0.0,-18.0,0.0,-14.0,0.0
0.6782,122.0,-96.0,7.0,0.0,0.0,0.0,0.0,0.0,0.0,0.0,0.0,0.0,-24.0,-11.0,-23.0,-11.0,-22.0,-11.0,-20.0,-9.0,-16.0,-8.0,-12.0,-7.0,-8.0,-6.0,-2.0,-4.0,2.0,-4.0,8.0,-3.0,13.0,-3.0,17.0,-3.0,20.0,-3.0,24.0,-3.0,26.0,-3.0,28.0,-4.0,27.0,-5.0,27.0,-5.0,24.0,-5.0,21.0,-5.0,17.0,-4.0,13.0,-3.0,9.0,-1.0,4.0,1.0,0.0,4.0,-4.0,6.0
0.6925,122.0,-96.0,7.0,0.0,0.0,0.0,0.0,0.0,0.0,0.0,0.0,0.0,-22.0,-4.0,-22.0,-5.0,-22.0,-4.0,-22.0,-5.0,-23.0,-6.0,-22.0,-7.0,-22.0,-7.0,-22.0,-8.0,-22.0,-8.0,-22.0,-9.0,-21.0,-8.0,-21.0,-8.0,-21.0,-8.0,-21.0,-9.0,-20.0,-10.0,-20.0,-8.0,-20.0,-9.0,-20.0,-9.0,-19.0,-9.0,-19.0,-9.0,-19.0,-8.0,-18.0,-8.0,-18.0,-8.0,-18.0,-8.0,-18.0,-7.0,-18.0,-7.0
0.7064,122.0,-96.0,7.0,0.0,0.0,0.0,0.0,0.0,0.0,0.0,0.0,0.0,-4.0,-2.0,-2.0,-7.0,0.0,-12.0,2.0,-17.0,3.0,-22.0,4.0,-26.0,5.0,-28.0,5.0,-31.0,5.0,-31.0,4.0,-31.0,2.0,-29.0,2.0,-27.0,2.0,-24.0,2.0,-18.0,3.0,-14.0,2.0,-7.0,3.0,-1.0,5.0,4.0,6.0,10.0,9.0,14.0,11.0,19.0,13.0,21.0,15.0,24.0,17.0,23.0,18.0,23.0,18.0,23.0
0.7207,122.0,-96.0,7.0,0.0,0.0,0.0,0.0,0.0,0.0,0.0,0.0,0.0,-21.0,-12.0,-24.0,-14.0,-26.0,-15.0,-27.0,-15.0,-27.0,-15.0,-27.0,-15.0,-25.0,-13.0,-21.0,-12.0,-18.0,-11.0,-13.0,-8.0,-8.0,-7.0,-3.0,-5.0,3.0,-4.0,9.0,-3.0,14.0,-3.0,19.0,-2.0,24.0,-2.0,27.0,-2.0,29.0,-3.0,31.0,-4.0,30.0,-5.0,29.0,-5.0,27.0,-5.0,23.0,-5.0,19.0,-4.0,14.0,-3.0
0.7342,122.0,-96.0,7.0,0.0,0.0,0.0,0.0,0.0,0.0,0.0,0.0,0.0,-6.0,18.0,-7.0,21.0,-8.0,23.0,-8.0,25.0,-9.0,26.0,-9.0,26.0,-8.0,24.0,-7.0,22.0,-7.0,19.0,-6.0,15.0,-5.0,10.0,-4.0,5.0,-4.0,0.0,-4.0,-6.0,-4.0,-11.0,-5.0,-16.0,-5.0,-20.0,-6.0,-23.0,-7.0,-26.0,-8.0,-27.0,-9.0,-27.0,-9.0,-27.0,-9.0,-25.0,-8.0,-22.0,-7.0,-18.0,-6.0,-15.0
0.7483,122.0,-96.0,7.0,0.0,0.0,0.0,0.0,0.0,0.0,0.0,0.0,0.0,-3.0,-3.0,0.0,-7.0,3.0,-11.0,6.0,-15.0,9.0,-20.0,11.0,-23.0,12.0,-26.0,13.0,-28.0,12.0,-29.0,12.0,-29.0,11.0,-27.0,10.0,-25.0,9.0,-22.0,6.0,-17.0,6.0,-12.0,4.0,-7.0,4.0,0.0,4.0,5.0,4.0,11.0,5.0,16.0,6.0,21.0,7.0,23.0,8.0,27.0,10.0,27.0,11.0,27.0,11.0,27.0
0.7622,122.0,-96.0,7.0,0.0,0.0,0.0,0.0,0.0,0.0,0.0,0.0,0.0,22.0,12.0,22.0,11.0,20.0,11.0,18.0,9.0,15.0,8.0,11.0,7.0,6.0,5.0,1.0,3.0,-4.0,2.0,-9.0,2.0,-14.0,1.0,-18.0,1.0,-21.0,1.0,-25.0,1.0,-28.0,1.0,-29.0,1.0,-29.0,2.0,-28.0,2.0,-25.0,3.0,-22.0,3.0,-18.0,2.0,-14.0,1.0,-10.0,-1.0,-5.0,-2.0,0.0,-4.0,3.0,-7.0
0.7759,122.0,-96.0,7.0,0.0,0.0,0.0,0.0,0.0,0.0,0.0,0.0,0.0,20.0,-25.0,19.0,-25.0,18.0,-23.0,16.0,-20.0,14.0,-17.0,11.0,-12.0,8.0,-7.0,5.0,-1.0,2.0,4.0,0.0,10.0,-1.0,16.0,-3.0,21.0,-4.0,26.0,-5.0,30.0,-5.0,33.0,-5.0,35.0,-4.0,34.0,-4.0,33.0,-3.0,30.0,-2.0,27.0,-2.0,22.0,-2.0,16.0,-3.0,11.0,-4.0,5.0,-5.0,-2.0,-8.0,-7.0
0.79,122.0,-96.0,7.0,0.0,0.0,0.0,0.0,0.0,0.0,0.0,0.0,0.0,-17.0,4.0,-17.0,4.0,-18.0,4.0,-18.0,4.0,-18.0,3.0,-19.0,2.0,-18.0,2.0,-18.0,2.0,-18.0,1.0,-18.0,1.0,-19.0,0.0,-18.0,1.0,-18.0,0.0,-18.0,0.0,-18.0,0.0,-17.0,0.0,-17.0,0.0,-17.0,-1.0,-17.0,0.0,-16.0,0.0,-16.0,0.0,-16.0,0.0,-16.0,0.0,-16.0,0.0,-15.0,0.0,-15.0,1.0
0.8047,122.0,-96.0,7.0,0.0,0.0,0.0,0.0,0.0,0.0,0.0,0.0,0.0,-10.0,13.0,-11.0,13.0,-11.0,13.0,-12.0,13.0,-12.0,13.0,-13.0,13.0,-12.0,13.0,-13.0,12.0,-13.0,11.0,-14.0,11.0,-14.0,11.0,-14.0,10.0,-14.0,10.0,-14.0,10.0,-14.0,9.0,-14.0,10.0,-14.0,9.0,-14.0,9.0,-14.0,9.0,-13.0,9.0,-13.0,9.0,-13.0,9.0,-13.0,8.0,-12.0,8.0,-12.0,8.0,-12.0,9.0
0.819,122.0,-96.0,7.0,0.0,0.0,0.0,0.0,0.0,0.0,0.0,0.0,0.0,20.0,4.0,15.0,4.0,11.0,3.0,5.0,3.0,0.0,3.0,-6.0,4.0,-11.0,5.0,-17.0,6.0,-21.0,8.0,-25.0,9.0,-28.0,10.0,-29.0,11.0,-29.0,12.0,-29.0,12.0,-27.0,12.0,-24.0,12.0,-20.0,10.0,-16.0,7.0,-12.0,4.0,-8.0,1.0,-4.0,-4.0,0.0,-8.0,4.0,-12.0,7.0,-17.0,8.0,-21.0,8.0,-24.0
0.8333,122.0,-96.0,7.0,0.0,0.0,0.0,0.0,0.0,0.0,0.0,0.0,0.0,-6.0,0.0,-10.0,-3.0,-14.0,-7.0,-18.0,-9.0,-22.0,-12.0,-25.0,-13.0,-27.0,-13.0,-28.0,-15.0,-29.0,-14.0,-28.0,-13.0,-26.0,-12.0,-23.0,-10.0,-20.0,-9.0,-15.0,-7.0,-9.0,-7.0,-4.0,-5.0,2.0,-4.0,8.0,-5.0,14.0,-5.0,19.0,-6.0,23.0,-7.0,25.0,-8.0,28.0,-9.0,28.0,-11.0,27.0,-12.0,26.0,-12.0
0.8467,122.0,-96.0,7.0,0.0,0.0,0.0,0.0,0.0,0.0,0.0,0.0,0.0,23.0,-2.0,27.0,-2.0,30.0,-2.0,32.0,-2.0,34.0,-2.0,33.0,-2.0,31.0,-2.0,29.0,-2.0,25.0,-1.0,19.0,-1.0,13.0,0.0,8.0,2.0,2.0,4.0,-6.0,6.0,-11.0,9.0,-16.0,11.0,-21.0,14.0,-25.0,16.0,-27.0,18.0,-28.0,20.0,-28.0,21.0,-27.0,21.0,-25.0,20.0,-21.0,18.0,-18.0,15.0,-14.0,12.0
0.86,122.0,-96.0,7.0,0.0,0.0,0.0,0.0,0.0,0.0,0.0,0.0,0.0,-16.0,12.0,-13.0,9.0,-9.0,4.0,-5.0,0.0,-2.0,-6.0,1.0,-11.0,3.0,-16.0,5.0,-22.0,7.0,-26.0,7.0,-30.0,8.0,-33.0,7.0,-34.0,7.0,-35.0,6.0,-34.0,5.0,-31.0,4.0,-27.0,3.0,-23.0,3.0,-17.0,3.0,-11.0,3.0,-6.0,5.0,1.0,6.0,7.0,9.0,13.0,11.0,18.0,13.0,21.0,16.0,24.0
0.8746,122.0,-96.0,7.0,0.0,0.0,0.0,0.0,0.0,0.0,0.0,0.0,0.0,-11.0,13.0,-11.0,13.0,-11.0,12.0,-12.0,13.0,-13.0,12.0,-13.0,12.0,-13.0,12.0,-14.0,12.0,-13.0,11.0,-14.0,11.0,-14.0,11.0,-14.0,11.0,-14.0,10.0,-14.0,11.0,-14.0,10.0,-14.0,10.0,-14.0,10.0,-14.0,9.0,-14.0,9.0,-13.0,9.0,-13.0,9.0,-13.0,9.0,-12.0,9.0,-12.0,9.0,-12.0,9.0,-12.0,9.0
0.8876,122.0,-96.0,7.0,0.0,0.0,0.0,0.0,0.0,0.0,0.0,0.0,0.0,0.0,-5.0,6.0,-4.0,11.0,-2.0,16.0,-2.0,21.0,-2.0,25.0,-2.0,28.0,-2.0,30.0,-2.0,30.0,-3.0,30.0,-3.0,28.0,-4.0,26.0,-4.0,22.0,-3.0,18.0,-3.0,13.0,-1.0,7.0,0.0,1.0,3.0,-3.0,6.0,-9.0,9.0,-13.0,12.0,-17.0,15.0,-18.0,18.0,-21.0,20.0,-20.0,22.0,-20.0,22.0,-19.0,22.0
0.901,122.0,-96.0,7.0,0.0,0.0,0.0,0.0,0.0,0.0,0.0,0.0,0.0,20.0,4.0,16.0,3.0,11.0,2.0,6.0,3.0,0.0,3.0,-6.0,4.0,-10.0,6.0,-16.0,7.0,-21.0,8.0,-24.0,10.0,-27.0,11.0,-28.0,13.0,-29.0,14.0,-28.0,14.0,-26.0,14.0,-23.0,13.0,-20.0,11.0,-16.0,8.0,-12.0,5.0,-8.0,2.0,-4.0,-3.0,0.0,-8.0,3.0,-13.0,6.0,-17.0,6.0,-21.0,7.0,-24.0
0.9148,122.0,-96.0,7.0,0.0,0.0,0.0,0.0,0.0,0.0,0.0,0.0,0.0,5.0,-19.0,7.0,-21.0,8.0,-24.0,8.0,-25.0,8.0,-27.0,8.0,-26.0,8.0,-25.0,7.0,-23.0,7.0,-20.0,5.0,-16.0,4.0,-11.0,4.0,-6.0,3.0,-1.0,3.0,5.0,3.0,10.0,4.0,15.0,5.0,19.0,6.0,23.0,7.0,25.0,7.0,26.0,8.0,26.0,9.0,25.0,9.0,24.0,8.0,20.0,7.0,17.0,5.0,13.0
0.9274,122.0,-96.0,7.0,0.0,0.0,0.0,0.0,0.0,0.0,0.0,0.0,0.0,-24.0,-2.0,-19.0,-2.0,-14.0,-2.0,-8.0,-3.0,-2.0,-5.0,5.0,-7.0,10.0,-9.0,15.0,-11.0,21.0,-13.0,24.0,-15.0,28.0,-16.0,29.0,-18.0,29.0,-19.0,29.0,-20.0,26.0,-19.0,22.0,-18.0,19.0,-15.0,16.0,-12.0,11.0,-8.0,8.0,-4.0,4.0,2.0,0.0,7.0,-3.0,13.0,-6.0,19.0,-7.0,23.0,-7.0,27.0
0.9401,122.0,-96.0,7.0,0.0,0.0,0.0,0.0,0.0,0.0,0.0,0.0,0.0,19.0,9.0,19.0,10.0,19.0,10.0,19.0,11.0,19.0,11.0,18.0,12.0,18.0,12.0,17.0,13.0,17.0,13.0,17.0,14.0,17.0,13.0,16.0,13.0,16.0,14.0,16.0,14.0,15.0,14.0,16.0,14.0,15.0,14.0,15.0,14.0,14.0,14.0,14.0,13.0,13.0,13.0,14.0,13.0,14.0,13.0,14.0,12.0,13.0,12.0,14.0,11.0
0.9556,122.0,-96.0,7.0,0.0,0.0,0.0,0.0,0.0,0.0,0.0,0.0,0.0,-11.0,-20.0,-10.0,-21.0,-10.0,-20.0,-10.0,-21.0,-9.0,-21.0,-9.0,-22.0,-8.0,-21.0,-7.0,-22.0,-7.0,-22.0,-6.0,-22.0,-6.0,-22.0,-6.0,-22.0,-5.0,-22.0,-5.0,-22.0,-4.0,-22.0,-4.0,-21.0,-4.0,-21.0,-4.0,-21.0,-3.0,-21.0,-3.0,-20.0,-3.0,-20.0,-4.0,-20.0,-4.0,-20.0,-4.0,-19.0,-4.0,-19.0,-5.0,-18.0
0.9709,122.0,-96.0,7.0,0.0,0.0,0.0,0.0,0.0,0.0,0.0,0.0,0.0,6.0,28.0,5.0,27.0,5.0,25.0,4.0,23.0,3.0,19.0,2.0,14.0,0.0,9.0,-3.0,4.0,-5.0,-1.0,-9.0,-6.0,-12.0,-10.0,-15.0,-13.0,-17.0,-17.0,-20.0,-20.0,-22.0,-22.0,-23.0,-23.0,-24.0,-22.0,-23.0,-21.0,-22.0,-19.0,-19.0,-16.0,-16.0,-13.0,-12.0,-11.0,-8.0,-8.0,-3.0,-6.0,3.0,-4.0,8.0,-2.0
0.9845,122.0,-96.0,7.0,0.0,0.0,0.0,0.0,0.0,0.0,0.0,0.0,0.0,-7.0,13.0,-8.0,13.0,-8.0,13.0,-8.0,13.0,-9.0,13.0,-10.0,12.0,-10.0,12.0,-10.0,12.0,-10.0,11.0,-11.0,11.0,-11.0,11.0,-11.0,11.0,-11.0,11.0,-11.0,11.0,-11.0,10.0,-11.0,10.0,-11.0,10.0,-11.0,10.0,-11.0,9.0,-10.0,9.0,-11.0,9.0,-10.0,9.0,-10.0,9.0,-10.0,9.0,-9.0,9.0,-9.0,9.0
0.9983,122.0,-96.0,7.0,0.0,0.0,0.0,0.0,0.0,0.0,0.0,0.0,0.0,13.0,13.0,15.0,15.0,17.0,17.0,18.0,18.0,19.0,19.0,19.0,19.0,18.0,18.0,16.0,16.0,14.0,15.0,10.0,11.0,7.0,8.0,3.0,5.0,-2.0,3.0,-7.0,0.0,-12.0,-2.0,-16.0,-4.0,-20.0,-5.0,-24.0,-5.0,-26.0,-6.0,-27.0,-6.0,-28.0,-5.0,-28.0,-5.0,-26.0,-4.0,-23.0,-3.0,-19.0,-2.0,-15.0,-2.0
1.0116,122.0,-96.0,7.0,0.0,0.0,0.0,0.0,0.0,0.0,0.0,0.0,0.0,16.0,20.0,15.0,19.0,14.0,18.0,12.0,16.0,10.0,14.0,7.0,10.0,3.0,8.0,-1.0,4.0,-4.0,1.0,-9.0,-2.0,-13.0,-4.0,-17.0,-5.0,-21.0,-7.0,-24.0,-8.0,-26.0,-9.0,-28.0,-9.0,-27.0,-9.0,-27.0,-8.0,-25.0,-7.0,-22.0,-6.0,-18.0,-5.0,-14.0,-4.0,-9.0,-4.0,-4.0,-4.0,1.0,-4.0,6.0,-5.0
1.0254,122.0,-96.0,7.0,0.0,0.0,0.0,0.0,0.0,0.0,0.0,0.0,0.0,-1.0,-5.0,5.0,-5.0,10.0,-6.0,15.0,-7.0,20.0,-8.0,24.0,-9.0,26.0,-10.0,28.0,-11.0,28.0,-12.0,28.0,-12.0,26.0,-12.0,24.0,-11.0,21.0,-9.0,16.0,-8.0,12.0,-4.0,7.0,-2.0,2.0,2.0,-1.0,7.0,-6.0,11.0,-9.0,15.0,-11.0,20.0,-12.0,22.0,-14.0,26.0,-12.0,27.0,-12.0,27.0,-11.0,27.0
1.0404,122.0,-96.0,7.0,0.0,0.0,0.0,0.0,0.0,0.0,0.0,0.0,0.0,7.0,-20.0,9.0,-21.0,8.0,-20.0,9.0,-21.0,9.0,-21.0,10.0,-21.0,11.0,-20.0,11.0,-20.0,11.0,-19.0,12.0,-19.0,11.0,-19.0,11.0,-19.0,12.0,-19.0,13.0,-18.0,13.0,-18.0,11.0,-17.0,13.0,-18.0,12.0,-17.0,12.0,-17.0,12.0,-17.0,11.0,-16.0,11.0,-16.0,11.0,-16.0,10.0,-16.0,10.0,-16.0,9.0,-16.0
1.0562,122.0,-96.0,7.0,0.0,0.0,0.0,0.0,0.0,0.0,0.0,0.0,0.0,17.0,-14.0,18.0,-13.0,17.0,-13.0,18.0,-13.0,19.0,-12.0,19.0,-12.0,19.0,-12.0,20.0,-11.0,20.0,-11.0,20.0,-10.0,20.0,-10.0,20.0,-10.0,20.0,-9.0,20.0,-9.0,20.0,-8.0,20.0,-8.0,18.0,-8.0,20.0,-8.0,19.0,-7.0,19.0,-8.0,18.0,-7.0,18.0,-8.0,18.0,-7.0,17.0,-7.0,17.0,-8.0,16.0,-8.0
1.0693,122.0,-96.0,7.0,0.0,0.0,0.0,0.0,0.0,0.0,0.0,0.0,0.0,14.0,-22.0,14.0,-22.0,13.0,-20.0,11.0,-18.0,10.0,-15.0,8.0,-11.0,6.0,-7.0,3.0,-2.0,2.0,3.0,1.0,8.0,0.0,13.0,-1.0,17.0,-1.0,21.0,-2.0,24.0,-2.0,27.0,-2.0,28.0,-1.0,28.0,-1.0,27.0,0.0,25.0,0.0,22.0,0.0,18.0,0.0,13.0,-2.0,9.0,-3.0,4.0,-4.0,-1.0,-7.0,-5.0
1.0828,122.0,-96.0,7.0,0.0,0.0,0.0,0.0,0.0,0.0,0.0,0.0,0.0,-21.0,10.0,-17.0,8.0,-12.0,5.0,-8.0,1.0,-4.0,-4.0,1.0,-8.0,4.0,-13.0,8.0,-18.0,11.0,-22.0,13.0,-26.0,14.0,-29.0,14.0,-31.0,14.0,-32.0,13.0,-33.0,12.0,-31.0,9.0,-27.0,8.0,-24.0,7.0,-19.0,5.0,-13.0,5.0,-7.0,4.0,-1.0,4.0,6.0,5.0,12.0,6.0,19.0,8.0,22.0,10.0,25.0
1.0983,122.0,-96.0,7.0,0.0,0.0,0.0,0.0,0.0,0.0,0.0,0.0,0.0,22.0,4.0,18.0,3.0,12.0,3.0,6.0,3.0,0.0,4.0,-7.0,5.0,-12.0,7.0,-18.0,8.0,-23.0,9.0,-27.0,11.0,-30.0,12.0,-31.0,14.0,-32.0,15.0,-32.0,15.0,-29.0,15.0,-26.0,14.0,-22.0,12.0,-18.0,8.0,-13.0,5.0,-9.0,1.0,-4.0,-4.0,0.0,-9.0,4.0,-14.0,7.0,-19.0,8.0,-23.0,9.0,-27.0
1.1103,122.0,-96.0,7.0,0.0,0.0,0.0,0.0,0.0,0.0,0.0,0.0,0.0,-19.0,9.0,-15.0,7.0,-11.0,4.0,-7.0,1.0,-3.0,-3.0,1.0,-7.0,3.0,-12.0,7.0,-16.0,10.0,-20.0,12.0,-24.0,14.0,-26.0,14.0,-28.0,13.0,-29.0,12.0,-29.0,11.0,-27.0,9.0,-25.0,7.0,-21.0,6.0,-17.0,5.0,-12.0,4.0,-6.0,4.0,0.0,4.0,5.0,4.0,11.0,5.0,17.0,6.0,20.0,8.0,23.0
1.1237,122.0,-96.0,7.0,0.0,0.0,0.0,0.0,0.0,0.0,0.0,0.0,0.0,-29.0,-4.0,-30.0,-4.0,-28.0,-3.0,-26.0,-3.0,-22.0,-3.0,-18.0,-3.0,-13.0,-3.0,-7.0,-4.0,-1.0,-5.0,4.0,-6.0,9.0,-7.0,15.0,-9.0,19.0,-10.0,23.0,-12.0,27.0,-13.0,27.0,-14.0,28.0,-15.0,27.0,-15.0,25.0,-15.0,22.0,-14.0,18.0,-12.0,14.0,-9.0,10.0,-6.0,7.0,-2.0,3.0,2.0,-1.0,7.0
1.1374,122.0,-96.0,7.0,0.0,0.0,0.0,0.0,0.0,0.0,0.0,0.0,0.0,3.0,-26.0,3.0,-27.0,3.0,-25.0,2.0,-23.0,2.0,-20.0,2.0,-16.0,3.0,-11.0,2.0,-6.0,3.0,-1.0,4.0,4.0,5.0,9.0,7.0,13.0,8.0,17.0,9.0,21.0,10.0,24.0,11.0,25.0,12.0,26.0,12.0,25.0,11.0,23.0,11.0,20.0,9.0,16.0,7.0,13.0,4.0,10.0,1.0,6.0,-3.0,2.0,-7.0,-1.0
1.1537,122.0,-96.0,7.0,0.0,0.0,0.0,0.0,0.0,0.0,0.0,0.0,0.0,-17.0,-12.0,-17.0,-13.0,-16.0,-13.0,-16.0,-14.0,-16.0,-14.0,-16.0,-15.0,-15.0,-15.0,-15.0,-16.0,-15.0,-15.0,-14.0,-16.0,-15.0,-16.0,-14.0,-15.0,-14.0,-16.0,-14.0,-16.0,-13.0,-17.0,-13.0,-16.0,-13.0,-16.0,-12.0,-16.0,-12.0,-16.0,-12.0,-15.0,-12.0,-15.0,-12.0,-15.0,-12.0,-14.0,-12.0,-14.0,-12.0,-13.0,-12.0,-13.0
1.1686,122.0,-96.0,7.0,0.0,0.0,0.0,0.0,0.0,0.0,0.0,0.0,0.0,16.0,-13.0,19.0,-15.0,20.0,-16.0,21.0,-17.0,21.0,-17.0,21.0,-16.0,20.0,-15.0,17.0,-13.0,15.0,-11.0,11.0,-8.0,8.0,-4.0,4.0,-1.0,1.0,4.0,-3.0,8.0,-5.0,12.0,-8.0,16.0,-9.0,20.0,-10.0,23.0,-11.0,25.0,-11.0,26.0,-10.0,26.0,-10.0,25.0,-8.0,23.0,-7.0,20.0,-5.0,16.0,-4.0,12.0
1.1846,122.0,-96.0,7.0,0.0,0.0,0.0,0.0,0.0,0.0,0.0,0.0,0.0,16.0,12.0,18.0,14.0,20.0,16.0,20.0,16.0,21.0,17.0,20.0,16.0,19.0,15.0,16.0,13.0,14.0,11.0,10.0,9.0,6.0,6.0,1.0,4.0,-4.0,2.0,-9.0,0.0,-14.0,-1.0,-18.0,-2.0,-22.0,-3.0,-26.0,-3.0,-27.0,-3.0,-28.0,-3.0,-28.0,-2.0,-28.0,-2.0,-26.0,-1.0,-22.0,0.0,-18.0,0.0,-14.0,0.0
1.197,122.0,-96.0,7.0,0.0,0.0,0.0,0.0,0.0,0.0,0.0,0.0,0.0,-3.0,-16.0,-2.0,-16.0,-2.0,-16.0,-2.0,-16.0,-1.0,-16.0,-1.0,-17.0,-1.0,-16.0,0.0,-16.0,0.0,-16.0,0.0,-16.0,0.0,-16.0,1.0,-16.0,1.0,-16.0,1.0,-16.0,1.0,-16.0,1.0,-15.0,1.0,-15.0,1.0,-15.0,1.0,-15.0,1.0,-15.0,1.0,-14.0,1.0,-14.0,1.0,-14.0,1.0,-14.0,0.0,-14.0,0.0,-14.0
1.21,122.0,-96.0,7.0,0.0,0.0,0.0,0.0,0.0,0.0,0.0,0.0,0.0,21.0,3.0,22.0,3.0,22.0,4.0,21.0,4.0,22.0,5.0,22.0,6.0,22.0,6.0,22.0,7.0,21.0,7.0,21.0,8.0,21.0,8.0,21.0,8.0,20.0,8.0,20.0,9.0,19.0,8.0,19.0,8.0,19.0,9.0,19.0,9.0,19.0,9.0,19.0,9.0,18.0,8.0,17.0,8.0,18.0,8.0,17.0,8.0,17.0,7.0,17.0,6.0
1.2246,122.0,-96.0,7.0,0.0,0.0,0.0,0.0,0.0,0.0,0.0,0.0,0.0,-5.0,-21.0,-5.0,-24.0,-5.0,-26.0,-6.0,-27.0,-5.0,-27.0,-6.0,-27.0,-5.0,-25.0,-5.0,-22.0,-3.0,-19.0,-2.0,-14.0,-1.0,-10.0,2.0,-5.0,4.0,0.0,6.0,5.0,9.0,9.0,12.0,13.0,15.0,16.0,17.0,18.0,18.0,19.0,20.0,19.0,20.0,19.0,20.0,18.0,18.0,16.0,16.0,13.0,13.0,11.0,10.0,8.0
1.2403,122.0,-96.0,7.0,0.0,0.0,0.0,0.0,0.0,0.0,0.0,0.0,0.0,7.0,19.0,5.0,15.0,3.0,11.0,0.0,6.0,-3.0,2.0,-7.0,-3.0,-11.0,-6.0,-15.0,-10.0,-18.0,-13.0,-22.0,-15.0,-24.0,-17.0,-26.0,-18.0,-27.0,-18.0,-27.0,-17.0,-26.0,-15.0,-23.0,-13.0,-20.0,-11.0,-16.0,-9.0,-11.0,-8.0,-6.0,-6.0,0.0,-5.0,5.0,-4.0,12.0,-4.0,17.0,-3.0,21.0,-4.0,24.0,-6.0
1.2537,122.0,-96.0,7.0,0.0,0.0,0.0,0.0,0.0,0.0,0.0,0.0,0.0,-4.0,-1.0,-4.0,-7.0,-3.0,-12.0,-2.0,-17.0,-2.0,-22.0,-3.0,-27.0,-3.0,-29.0,-3.0,-31.0,-4.0,-31.0,-5.0,-31.0,-5.0,-29.0,-5.0,-26.0,-4.0,-23.0,-3.0,-18.0,-1.0,-14.0,0.0,-8.0,3.0,-2.0,6.0,2.0,9.0,8.0,13.0,11.0,16.0,15.0,19.0,16.0,21.0,19.0,23.0,18.0,23.0,17.0,24.0,17.0
1.267,122.0,-96.0,7.0,0.0,0.0,0.0,0.0,0.0,0.0,0.0,0.0,0.0,20.0,-2.0,23.0,-2.0,26.0,-2.0,26.0,-2.0,27.0,-2.0,26.0,-2.0,24.0,-2.0,21.0,-2.0,18.0,-1.0,13.0,-1.0,9.0,1.0,3.0,2.0,-1.0,4.0,-7.0,6.0,-11.0,8.0,-15.0,10.0,-18.0,12.0,-21.0,14.0,-22.0,15.0,-23.0,16.0,-22.0,17.0,-22.0,17.0,-19.0,16.0,-17.0,14.0,-13.0,12.0,-10.0,8.0
1.2809,122.0,-96.0,7.0,0.0,0.0,0.0,0.0,0.0,0.0,0.0,0.0,0.0,17.0,-1.0,17.0,0.0,17.0,0.0,17.0,1.0,17.0,1.0,18.0,1.0,17.0,2.0,17.0,2.0,17.0,2.0,17.0,3.0,17.0,3.0,16.0,3.0,17.0,4.0,16.0,4.0,16.0,4.0,16.0,3.0,16.0,4.0,16.0,3.0,16.0,4.0,15.0,3.0,15.0,3.0,15.0,3.0,14.0,3.0,14.0,3.0,14.0,3.0,14.0,3.0
1.293,122.0,-96.0,7.0,0.0,0.0,0.0,0.0,0.0,0.0,0.0,0.0,0.0,-20.0,-7.0,-15.0,-6.0,-9.0,-5.0,-3.0,-5.0,3.0,-5.0,9.0,-5.0,15.0,-6.0,21.0,-7.0,25.0,-8.0,29.0,-9.0,32.0,-9.0,32.0,-11.0,33.0,-12.0,32.0,-12.0,29.0,-12.0,24.0,-11.0,20.0,-9.0,16.0,-6.0,11.0,-3.0,5.0,0.0,1.0,5.0,-4.0,9.0,-8.0,14.0,-12.0,18.0,-13.0,22.0,-14.0,26.0
1.3069,122.0,-96.0,7.0,0.0,0.0,0.0,0.0,0.0,0.0,0.0,0.0,0.0,-3.0,-19.0,-3.0,-23.0,-3.0,-25.0,-3.0,-27.0,-3.0,-28.0,-3.0,-28.0,-3.0,-26.0,-3.0,-24.0,-2.0,-21.0,-2.0,-16.0,-1.0,-12.0,1.0,-7.0,3.0,-2.0,5.0,3.0,7.0,8.0,9.0,12.0,12.0,16.0,14.0,18.0,16.0,20.0,17.0,21.0,18.0,21.0,18.0,21.0,17.0,19.0,15.0,15.0,13.0,13.0,10.0,10.0
1.3202,122.0,-96.0,7.0,0.0,0.0,0.0,0.0,0.0,0.0,0.0,0.0,0.0,0.0,-17.0,0.0,-17.0,1.0,-17.0,1.0,-17.0,2.0,-17.0,2.0,-17.0,2.0,-17.0,3.0,-17.0,3.0,-17.0,3.0,-17.0,4.0,-17.0,4.0,-16.0,4.0,-16.0,4.0,-16.0,4.0,-16.0,4.0,-16.0,4.0,-15.0,4.0,-16.0,4.0,-15.0,4.0,-15.0,4.0,-15.0,4.0,-15.0,4.0,-14.0,4.0,-14.0,3.0,-14.0,3.0,-14.0
1.3331,122.0,-96.0,7.0,0.0,0.0,0.0,0.0,0.0,0.0,0.0,0.0,0.0,-20.0,12.0,-16.0,9.0,-12.0,6.0,-8.0,2.0,-4.0,-3.0,0.0,-8.0,3.0,-13.0,7.0,-18.0,9.0,-23.0,11.0,-27.0,14.0,-30.0,13.0,-32.0,13.0,-33.0,12.0,-33.0,11.0,-31.0,8.0,-28.0,7.0,-24.0,6.0,-19.0,5.0,-13.0,4.0,-7.0,4.0,-1.0,4.0,6.0,5.0,12.0,6.0,19.0,8.0,22.0,10.0,25.0
1.3474,122.0,-96.0,7.0,0.0,0.0,0.0,0.0,0.0,0.0,0.0,0.0,0.0,2.0,3.0,0.0,7.0,-4.0,11.0,-7.0,15.0,-10.0,20.0,-11.0,22.0,-12.0,25.0,-14.0,27.0,-13.0,28.0,-12.0,28.0,-11.0,26.0,-10.0,24.0,-9.0,21.0,-7.0,16.0,-7.0,11.0,-5.0,6.0,-4.0,-1.0,-5.0,-6.0,-4.0,-12.0,-5.0,-18.0,-6.0,-22.0,-8.0,-25.0,-9.0,-29.0,-11.0,-28.0,-12.0,-28.0,-12.0,-27.0
1.3611,122.0,-96.0,7.0,0.0,0.0,0.0,0.0,0.0,0.0,0.0,0.0,0.0,-8.0,31.0,-8.0,31.0,-8.0,29.0,-7.0,27.0,-7.0,23.0,-6.0,18.0,-5.0,13.0,-5.0,6.0,-5.0,0.0,-5.0,-7.0,-6.0,-13.0,-7.0,-18.0,-8.0,-24.0,-10.0,-28.0,-10.0,-32.0,-11.0,-34.0,-12.0,-34.0,-12.0,-33.0,-12.0,-31.0,-12.0,-27.0,-10.0,-23.0,-8.0,-18.0,-5.0,-13.0,-1.0,-9.0,3.0,-3.0,7.0,1.0
1.375,122.0,-96.0,7.0,0.0,0.0,0.0,0.0,0.0,0.0,0.0,0.0,0.0,15.0,-18.0,18.0,-20.0,19.0,-22.0,19.0,-22.0,20.0,-23.0,19.0,-22.0,19.0,-20.0,16.0,-18.0,14.0,-15.0,10.0,-11.0,7.0,-7.0,4.0,-2.0,2.0,3.0,-1.0,9.0,-2.0,14.0,-4.0,19.0,-5.0,24.0,-5.0,27.0,-5.0,29.0,-5.0,31.0,-4.0,30.0,-3.0,30.0,-3.0,27.0,-1.0,23.0,-1.0,19.0,-1.0,14.0
1.3882,122.0,-96.0,7.0,0.0,0.0,0.0,0.0,0.0,0.0,0.0,0.0,0.0,-4.0,-3.0,-1.0,-8.0,2.0,-12.0,4.0,-16.0,6.0,-21.0,7.0,-25.0,7.0,-27.0,9.0,-30.0,8.0,-30.0,8.0,-30.0,6.0,-28.0,6.0,-26.0,5.0,-23.0,4.0,-18.0,4.0,-13.0,3.0,-7.0,3.0,-1.0,5.0,4.0,5.0,10.0,7.0,16.0,9.0,20.0,12.0,22.0,12.0,26.0,14.0,25.0,15.0,25.0,15.0,24.0
1.4031,122.0,-96.0,7.0,0.0,0.0,0.0,0.0,0.0,0.0,0.0,0.0,0.0,-4.0,-4.0,-4.0,-10.0,-4.0,-15.0,-3.0,-19.0,-4.0,-24.0,-5.0,-28.0,-5.0,-29.0,-5.0,-32.0,-6.0,-31.0,-7.0,-30.0,-6.0,-27.0,-6.0,-24.0,-4.0,-21.0,-3.0,-16.0,-1.0,-11.0,1.0,-6.0,4.0,0.0,8.0,4.0,11.0,9.0,14.0,12.0,18.0,16.0,20.0,17.0,23.0,19.0,24.0,17.0,24.0,16.0,23.0,15.0
1.4182,122.0,-96.0,7.0,0.0,0.0,0.0,0.0,0.0,0.0,0.0,0.0,0.0,14.0,-9.0,15.0,-9.0,15.0,-9.0,15.0,-9.0,16.0,-8.0,16.0,-8.0,16.0,-7.0,16.0,-6.0,16.0,-6.0,16.0,-6.0,16.0,-6.0,16.0,-6.0,16.0,-5.0,16.0,-5.0,16.0,-5.0,16.0,-4.0,15.0,-4.0,15.0,-4.0,16.0,-4.0,16.0,-4.0,15.0,-4.0,15.0,-4.0,15.0,-4.0,14.0,-4.0,14.0,-5.0,14.0,-5.0
1.4311,122.0,-96.0,7.0,0.0,0.0,0.0,0.0,0.0,0.0,0.0,0.0,0.0,14.0,-22.0,14.0,-22.0,13.0,-21.0,12.0,-19.0,11.0,-17.0,9.0,-13.0,7.0,-9.0,4.0,-4.0,3.0,0.0,1.0,6.0,0.0,10.0,0.0,15.0,-1.0,19.0,-2.0,23.0,-2.0,26.0,-2.0,28.0,-1.0,28.0,-1.0,28.0,0.0,26.0,0.0,23.0,1.0,19.0,0.0,15.0,-1.0,11.0,-2.0,6.0,-4.0,1.0,-6.0,-4.0
1.4442,122.0,-96.0,7.0,0.0,0.0,0.0,0.0,0.0,0.0,0.0,0.0,0.0,16.0,6.0,16.0,7.0,15.0,7.0,16.0,7.0,15.0,8.0,16.0,8.0,15.0,8.0,15.0,9.0,15.0,9.0,14.0,9.0,14.0,10.0,14.0,10.0,13.0,10.0,13.0,10.0,13.0,10.0,13.0,10.0,13.0,9.0,12.0,10.0,12.0,10.0,12.0,9.0,12.0,9.0,12.0,8.0,12.0,8.0,12.0,9.0,11.0,8.0,11.0,8.0
1.456,122.0,-96.0,7.0,0.0,0.0,0.0,0.0,0.0,0.0,0.0,0.0,0.0,5.0,-3.0,9.0,-1.0,14.0,2.0,18.0,4.0,23.0,5.0,26.0,6.0,28.0,6.0,30.0,7.0,30.0,5.0,29.0,5.0,27.0,3.0,24.0,3.0,20.0,3.0,15.0,2.0,10.0,3.0,4.0,3.0,-3.0,4.0,-8.0,6.0,-13.0,7.0,-18.0,8.0,-22.0,11.0,-24.0,13.0,-27.0,14.0,-25.0,16.0,-25.0,16.0,-24.0,16.0
1.4692,122.0,-96.0,7.0,0.0,0.0,0.0,0.0,0.0,0.0,0.0,0.0,0.0,9.0,13.0,9.0,13.0,9.0,14.0,9.0,14.0,8.0,14.0,8.0,14.0,8.0,14.0,7.0,15.0,7.0,15.0,6.0,15.0,6.0,15.0,5.0,15.0,5.0,15.0,5.0,15.0,5.0,15.0,5.0,15.0,5.0,14.0,5.0,15.0,4.0,15.0,5.0,14.0,4.0,14.0,5.0,13.0,4.0,14.0,4.0,13.0,5.0,13.0,5.0,12.0
1.4855,122.0,-96.0,7.0,0.0,0.0,0.0,0.0,0.0,0.0,0.0,0.0,0.0,-17.0,-14.0,-17.0,-16.0,-16.0,-15.0,-17.0,-16.0,-15.0,-17.0,-16.0,-18.0,-15.0,-18.0,-15.0,-18.0,-14.0,-18.0,-14.0,-18.0,-14.0,-18.0,-14.0,-18.0,-13.0,-18.0,-13.0,-19.0,-13.0,-19.0,-12.0,-18.0,-12.0,-18.0,-11.0,-18.0,-12.0,-18.0,-11.0,-18.0,-11.0,-17.0,-12.0,-17.0,-11.0,-17.0,-12.0,-16.0,-11.0,-15.0,-12.0,-15.0
1.5005,122.0,-96.0,7.0,0.0,0.0,0.0,0.0,0.0,0.0,0.0,0.0,0.0,-26.0,6.0,-25.0,6.0,-23.0,6.0,-21.0,5.0,-17.0,3.0,-13.0,2.0,-10.0,0.0,-4.0,-2.0,0.0,-5.0,4.0,-8.0,8.0,-11.0,11.0,-14.0,13.0,-17.0,16.0,-19.0,18.0,-20.0,19.0,-22.0,18.0,-22.0,17.0,-21.0,15.0,-21.0,13.0,-18.0,10.0,-15.0,8.0,-11.0,6.0,-7.0,4.0,-3.0,2.0,2.0,1.0,7.0
1.5147,122.0,-96.0,7.0,0.0,0.0,0.0,0.0,0.0,0.0,0.0,0.0,0.0,15.0,-14.0,18.0,-16.0,19.0,-17.0,20.0,-18.0,20.0,-18.0,20.0,-18.0,18.0,-16.0,16.0,-14.0,14.0,-12.0,10.0,-9.0,8.0,-5.0,4.0,-1.0,1.0,3.0,-2.0,8.0,-4.0,13.0,-6.0,16.0,-8.0,21.0,-8.0,23.0,-9.0,25.0,-9.0,26.0,-8.0,27.0,-7.0,26.0,-7.0,24.0,-5.0,20.0,-4.0,17.0,-3.0,13.0
1.5279,122.0,-96.0,7.0,0.0,0.0,0.0,0.0,0.0,0.0,0.0,0.0,0.0,18.0,-3.0,22.0,-3.0,24.0,-3.0,26.0,-3.0,27.0,-3.0,27.0,-3.0,25.0,-3.0,23.0,-3.0,20.0,-2.0,15.0,-1.0,11.0,-1.0,6.0,1.0,1.0,3.0,-4.0,5.0,-9.0,7.0,-13.0,9.0,-17.0,12.0,-19.0,14.0,-21.0,16.0,-22.0,17.0,-22.0,18.0,-21.0,18.0,-20.0,17.0,-17.0,15.0,-14.0,13.0,-11.0,10.0
1.5419,122.0,-96.0,7.0,0.0,0.0,0.0,0.0,0.0,0.0,0.0,0.0,0.0,-16.0,-12.0,-18.0,-14.0,-20.0,-16.0,-21.0,-17.0,-22.0,-18.0,-22.0,-18.0,-21.0,-16.0,-19.0,-15.0,-16.0,-13.0,-13.0,-11.0,-9.0,-8.0,-4.0,-6.0,1.0,-4.0,6.0,-1.0,11.0,0.0,15.0,1.0,20.0,2.0,23.0,2.0,26.0,3.0,27.0,2.0,27.0,2.0,27.0,1.0,25.0,1.0,22.0,0.0,19.0,-1.0,14.0,0.0
1.5563,122.0,-96.0,7.0,0.0,0.0,0.0,0.0,0.0,0.0,0.0,0.0,0.0,-22.0,-2.0,-25.0,-3.0,-28.0,-4.0,-30.0,-4.0,-31.0,-3.0,-31.0,-4.0,-29.0,-4.0,-26.0,-3.0,-23.0,-4.0,-18.0,-3.0,-13.0,-3.0,-7.0,-3.0,-1.0,-4.0,5.0,-5.0,10.0,-7.0,15.0,-8.0,20.0,-10.0,23.0,-12.0,25.0,-13.0,27.0,-14.0,27.0,-16.0,27.0,-15.0,24.0,-15.0,21.0,-14.0,17.0,-12.0,14.0,-10.0
1.5703,122.0,-96.0,7.0,0.0,0.0,0.0,0.0,0.0,0.0,0.0,0.0,0.0,19.0,9.0,19.0,10.0,19.0,10.0,19.0,11.0,18.0,11.0,18.0,12.0,18.0,12.0,18.0,13.0,17.0,13.0,17.0,14.0,17.0,14.0,16.0,14.0,16.0,14.0,16.0,14.0,15.0,15.0,15.0,14.0,15.0,14.0,14.0,15.0,14.0,14.0,14.0,13.0,13.0,14.0,14.0,13.0,13.0,13.0,13.0,13.0,13.0,12.0,13.0,11.0
1.584,122.0,-96.0,7.0,0.0,0.0,0.0,0.0,0.0,0.0,0.0,0.0,0.0,23.0,-10.0,28.0,-11.0,29.0,-11.0,31.0,-12.0,31.0,-12.0,30.0,-12.0,28.0,-11.0,25.0,-10.0,21.0,-8.0,15.0,-5.0,10.0,-3.0,5.0,1.0,0.0,5.0,-6.0,8.0,-10.0,13.0,-14.0,17.0,-18.0,21.0,-19.0,24.0,-21.0,27.0,-21.0,28.0,-20.0,28.0,-19.0,27.0,-17.0,25.0,-14.0,22.0,-12.0,18.0,-9.0,14.0
1.5982,122.0,-96.0,7.0,0.0,0.0,0.0,0.0,0.0,0.0,0.0,0.0,0.0,16.0,-10.0,20.0,-11.0,21.0,-12.0,23.0,-12.0,24.0,-13.0,24.0,-13.0,23.0,-12.0,20.0,-11.0,18.0,-9.0,14.0,-7.0,10.0,-5.0,6.0,-2.0,2.0,2.0,-3.0,5.0,-6.0,10.0,-9.0,13.0,-12.0,16.0,-13.0,19.0,-15.0,22.0,-15.0,23.0,-15.0,24.0,-15.0,24.0,-13.0,22.0,-10.0,20.0,-9.0,17.0,-7.0,13.0
1.6121,122.0,-96.0,7.0,0.0,0.0,0.0,0.0,0.0,0.0,0.0,0.0,0.0,-21.0,-6.0,-16.0,-6.0,-11.0,-4.0,-6.0,-4.0,-1.0,-4.0,5.0,-5.0,10.0,-6.0,16.0,-7.0,20.0,-7.0,24.0,-8.0,27.0,-9.0,28.0,-11.0,29.0,-11.0,29.0,-11.0,27.0,-12.0,23.0,-11.0,20.0,-10.0,15.0,-7.0,12.0,-5.0,7.0,-2.0,2.0,3.0,-2.0,6.0,-6.0,11.0,-9.0,15.0,-11.0,19.0,-11.0,22.0
1.6263,122.0,-96.0,7.0,0.0,0.0,0.0,0.0,0.0,0.0,0.0,0.0,0.0,-2.0,-5.0,0.0,-9.0,2.0,-13.0,4.0,-17.0,6.0,-21.0,6.0,-24.0,7.0,-26.0,8.0,-28.0,7.0,-27.0,6.0,-27.0,5.0,-25.0,4.0,-22.0,4.0,-19.0,3.0,-14.0,3.0,-9.0,3.0,-4.0,3.0,2.0,4.0,6.0,5.0,11.0,7.0,15.0,8.0,19.0,10.0,21.0,11.0,24.0,13.0,23.0,13.0,22.0,13.0,22.0
1.6394,122.0,-96.0,7.0,0.0,0.0,0.0,0.0,0.0,0.0,0.0,0.0,0.0,-18.0,-7.0,-13.0,-6.0,-8.0,-5.0,-3.0,-4.0,3.0,-4.0,9.0,-4.0,14.0,-5.0,19.0,-5.0,23.0,-6.0,27.0,-6.0,29.0,-6.0,30.0,-7.0,30.0,-8.0,29.0,-8.0,26.0,-8.0,23.0,-8.0,19.0,-7.0,14.0,-5.0,10.0,-2.0,5.0,0.0,1.0,4.0,-4.0,8.0,-8.0,12.0,-12.0,15.0,-14.0,19.0,-15.0,22.0
1.6577,122.0,-96.0,7.0,0.0,0.0,0.0,0.0,0.0,0.0,0.0,0.0,0.0,-13.0,-13.0,-13.0,-13.0,-13.0,-13.0,-13.0,-14.0,-12.0,-14.0,-12.0,-15.0,-11.0,-15.0,-11.0,-15.0,-11.0,-15.0,-11.0,-15.0,-10.0,-15.0,-10.0,-15.0,-10.0,-15.0,-10.0,-16.0,-9.0,-16.0,-9.0,-15.0,-9.0,-15.0,-9.0,-15.0,-8.0,-15.0,-9.0,-14.0,-9.0,-14.0,-9.0,-14.0,-8.0,-14.0,-8.0,-13.0,-9.0,-13.0,-9.0,-13.0
1.6725,122.0,-96.0,7.0,0.0,0.0,0.0,0.0,0.0,0.0,0.0,0.0,0.0,-2.0,5.0,-8.0,4.0,-15.0,3.0,-21.0,2.0,-27.0,3.0,-32.0,3.0,-35.0,4.0,-39.0,4.0,-39.0,5.0,-39.0,6.0,-36.0,6.0,-33.0,6.0,-29.0,5.0,-23.0,4.0,-17.0,1.0,-10.0,-1.0,-3.0,-5.0,3.0,-9.0,9.0,-13.0,14.0,-17.0,18.0,-22.0,20.0,-25.0,22.0,-29.0,21.0,-31.0,21.0,-32.0,19.0,-31.0
1.6873,122.0,-96.0,7.0,0.0,0.0,0.0,0.0,0.0,0.0,0.0,0.0,0.0,20.0,-20.0,20.0,-19.0,19.0,-19.0,16.0,-16.0,14.0,-14.0,11.0,-10.0,8.0,-6.0,4.0,-1.0,2.0,4.0,-1.0,9.0,-3.0,14.0,-5.0,18.0,-6.0,22.0,-8.0,26.0,-8.0,28.0,-8.0,31.0,-7.0,30.0,-7.0,30.0,-5.0,27.0,-4.0,24.0,-3.0,19.0,-3.0,15.0,-4.0,10.0,-4.0,4.0,-5.0,-2.0,-6.0,-7.0
1.7026,122.0,-96.0,7.0,0.0,0.0,0.0,0.0,0.0,0.0,0.0,0.0,0.0,9.0,-13.0,10.0,-13.0,10.0,-12.0,11.0,-12.0,11.0,-12.0,11.0,-12.0,11.0,-11.0,12.0,-11.0,12.0,-11.0,12.0,-11.0,12.0,-11.0,12.0,-10.0,12.0,-10.0,12.0,-10.0,13.0,-9.0,12.0,-9.0,12.0,-9.0,12.0,-9.0,12.0,-9.0,11.0,-9.0,12.0,-9.0,11.0,-9.0,11.0,-8.0,10.0,-8.0,10.0,-8.0,10.0,-9.0
1.7157,122.0,-96.0,7.0,0.0,0.0,0.0,0.0,0.0,0.0,0.0,0.0,0.0,-2.0,-4.0,2.0,-7.0,7.0,-9.0,11.0,-12.0,15.0,-15.0,19.0,-18.0,20.0,-20.0,22.0,-21.0,21.0,-22.0,21.0,-23.0,19.0,-21.0,17.0,-20.0,15.0,-17.0,12.0,-14.0,9.0,-9.0,6.0,-5.0,3.0,1.0,1.0,6.0,-1.0,12.0,-2.0,17.0,-2.0,22.0,-2.0,25.0,-2.0,28.0,0.0,29.0,0.0,29.0,1.0,29.0
1.7292,122.0,-96.0,7.0,0.0,0.0,0.0,0.0,0.0,0.0,0.0,0.0,0.0,19.0,-9.0,22.0,-9.0,23.0,-10.0,24.0,-11.0,25.0,-11.0,24.0,-11.0,23.0,-10.0,19.0,-9.0,17.0,-7.0,13.0,-5.0,9.0,-3.0,4.0,0.0,0.0,4.0,-4.0,7.0,-8.0,11.0,-11.0,14.0,-14.0,17.0,-15.0,20.0,-16.0,21.0,-16.0,23.0,-16.0,23.0,-15.0,23.0,-13.0,21.0,-11.0,18.0,-9.0,15.0,-7.0,11.0
1.743,122.0,-96.0,7.0,0.0,0.0,0.0,0.0,0.0,0.0,0.0,0.0,0.0,-4.0,22.0,-5.0,26.0,-5.0,28.0,-5.0,29.0,-5.0,29.0,-5.0,29.0,-5.0,27.0,-4.0,23.0,-4.0,20.0,-4.0,14.0,-3.0,9.0,-4.0,3.0,-5.0,-2.0,-5.0,-9.0,-7.0,-14.0,-8.0,-18.0,-10.0,-23.0,-12.0,-26.0,-14.0,-27.0,-15.0,-29.0,-15.0,-28.0,-15.0,-27.0,-15.0,-25.0,-13.0,-21.0,-11.0,-17.0,-8.0,-13.0
1.7578,122.0,-96.0,7.0,0.0,0.0,0.0,0.0,0.0,0.0,0.0,0.0,0.0,17.0,3.0,13.0,2.0,8.0,2.0,2.0,3.0,-3.0,3.0,-9.0,5.0,-13.0,7.0,-18.0,8.0,-22.0,10.0,-25.0,11.0,-28.0,12.0,-28.0,13.0,-28.0,14.0,-27.0,14.0,-25.0,14.0,-21.0,12.0,-18.0,10.0,-14.0,7.0,-10.0,4.0,-6.0,0.0,-3.0,-5.0,0.0,-9.0,4.0,-14.0,7.0,-19.0,7.0,-22.0,8.0,-25.0
1.7716,122.0,-96.0,7.0,0.0,0.0,0.0,0.0,0.0,0.0,0.0,0.0,0.0,-6.0,-2.0,-9.0,-7.0,-12.0,-11.0,-15.0,-16.0,-18.0,-20.0,-21.0,-23.0,-23.0,-24.0,-25.0,-26.0,-25.0,-24.0,-25.0,-24.0,-23.0,-22.0,-21.0,-19.0,-17.0,-17.0,-13.0,-13.0,-8.0,-10.0,-3.0,-7.0,4.0,-3.0,10.0,-1.0,15.0,0.0,21.0,1.0,26.0,2.0,29.0,1.0,33.0,2.0,33.0,0.0,32.0,-1.0,31.0,-1.0
1.7895,122.0,-96.0,7.0,0.0,0.0,0.0,0.0,0.0,0.0,0.0,0.0,0.0,5.0,25.0,5.0,25.0,5.0,24.0,5.0,22.0,3.0,19.0,2.0,15.0,1.0,11.0,-1.0,5.0,-3.0,1.0,-6.0,-3.0,-9.0,-7.0,-12.0,-10.0,-15.0,-14.0,-17.0,-17.0,-19.0,-20.0,-21.0,-20.0,-21.0,-20.0,-21.0,-19.0,-20.0,-18.0,-18.0,-16.0,-16.0,-13.0,-12.0,-11.0,-9.0,-9.0,-4.0,-6.0,0.0,-4.0,5.0,-3.0
1.8006,122.0,-96.0,7.0,0.0,0.0,0.0,0.0,0.0,0.0,0.0,0.0,0.0,1.0,-21.0,1.0,-17.0,1.0,-12.0,2.0,-7.0,3.0,-1.0,5.0,4.0,7.0,9.0,8.0,14.0,11.0,18.0,13.0,22.0,14.0,24.0,15.0,26.0,17.0,26.0,17.0,26.0,16.0,23.0,15.0,20.0,13.0,18.0,10.0,14.0,6.0,10.0,3.0,6.0,-3.0,4.0,-7.0,0.0,-13.0,-2.0,-18.0,-5.0,-22.0,-5.0,-25.0,-5.0
1.8147,122.0,-96.0,7.0,0.0,0.0,0.0,0.0,0.0,0.0,0.0,0.0,0.0,4.0,-21.0,6.0,-25.0,6.0,-27.0,7.0,-29.0,7.0,-30.0,7.0,-30.0,7.0,-28.0,6.0,-26.0,6.0,-23.0,5.0,-18.0,4.0,-13.0,3.0,-7.0,3.0,-1.0,3.0,6.0,4.0,11.0,5.0,16.0,6.0,21.0,8.0,24.0,8.0,27.0,9.0,29.0,10.0,29.0,10.0,29.0,10.0,26.0,10.0,23.0,9.0,18.0,6.0,15.0
1.8287,122.0,-96.0,7.0,0.0,0.0,0.0,0.0,0.0,0.0,0.0,0.0,0.0,-25.0,-17.0,-24.0,-17.0,-24.0,-16.0,-22.0,-14.0,-19.0,-13.0,-14.0,-11.0,-10.0,-9.0,-5.0,-6.0,0.0,-5.0,6.0,-3.0,12.0,-1.0,16.0,-1.0,21.0,0.0,26.0,1.0,28.0,1.0,31.0,1.0,31.0,0.0,31.0,0.0,28.0,-1.0,26.0,-1.0,22.0,-2.0,17.0,-1.0,12.0,0.0,7.0,2.0,1.0,4.0,-4.0,6.0
1.8419,122.0,-96.0,7.0,0.0,0.0,0.0,0.0,0.0,0.0,0.0,0.0,0.0,16.0,-10.0,19.0,-11.0,22.0,-12.0,23.0,-13.0,23.0,-14.0,24.0,-14.0,22.0,-13.0,20.0,-12.0,18.0,-10.0,14.0,-8.0,10.0,-5.0,6.0,-2.0,2.0,2.0,-2.0,6.0,-5.0,10.0,-8.0,14.0,-10.0,17.0,-12.0,20.0,-13.0,23.0,-13.0,24.0,-13.0,25.0,-12.0,25.0,-11.0,23.0,-9.0,21.0,-7.0,17.0,-6.0,13.0
1.856,122.0,-96.0,7.0,0.0,0.0,0.0,0.0,0.0,0.0,0.0,0.0,0.0,17.0,15.0,19.0,18.0,20.0,19.0,21.0,20.0,22.0,20.0,21.0,20.0,20.0,18.0,17.0,16.0,14.0,14.0,10.0,10.0,6.0,8.0,1.0,5.0,-5.0,2.0,-10.0,-1.0,-16.0,-2.0,-20.0,-4.0,-25.0,-5.0,-28.0,-6.0,-30.0,-5.0,-32.0,-5.0,-31.0,-4.0,-31.0,-4.0,-28.0,-3.0,-24.0,-2.0,-20.0,-2.0,-15.0,-2.0
1.8703,122.0,-96.0,7.0,0.0,0.0,0.0,0.0,0.0,0.0,0.0,0.0,0.0,-6.0,-1.0,-9.0,-6.0,-12.0,-10.0,-15.0,-13.0,-18.0,-16.0,-21.0,-19.0,-23.0,-20.0,-24.0,-21.0,-24.0,-20.0,-24.0,-19.0,-22.0,-17.0,-20.0,-15.0,-17.0,-13.0,-13.0,-11.0,-8.0,-8.0,-3.0,-5.0,3.0,-4.0,9.0,-3.0,14.0,-1.0,19.0,-1.0,24.0,-1.0,26.0,-2.0,29.0,-2.0,29.0,-4.0,29.0,-5.0,28.0,-5.0
1.885,122.0,-96.0,7.0,0.0,0.0,0.0,0.0,0.0,0.0,0.0,0.0,0.0,17.0,-12.0,20.0,-13.0,22.0,-14.0,22.0,-14.0,23.0,-15.0,22.0,-15.0,20.0,-13.0,17.0,-12.0,16.0,-10.0,11.0,-7.0,8.0,-4.0,4.0,0.0,1.0,4.0,-3.0,8.0,-5.0,12.0,-8.0,16.0,-10.0,19.0,-10.0,22.0,-11.0,24.0,-11.0,26.0,-10.0,26.0,-10.0,25.0,-9.0,23.0,-7.0,20.0,-5.0,17.0,-4.0,12.0
1.8977,95.0,-16.0,5.0,0.0,0.0,0.0,0.0,0.0,0.0,0.0,0.0,0.0,-33.0,-2.0,-33.0,-2.0,-31.0,-2.0,-28.0,-1.0,-25.0,-2.0,-20.0,-2.0,-14.0,-3.0,-8.0,-4.0,-2.0,-5.0,4.0,-7.0,10.0,-9.0,15.0,-11.0,20.0,-13.0,24.0,-15.0,28.0,-17.0,30.0,-18.0,29.0,-19.0,28.0,-19.0,26.0,-19.0,23.0,-18.0,19.0,-15.0,15.0,-12.0,11.0,-8.0,7.0,-3.0,3.0,2.0,0.0,7.0
1.9128,95.0,-16.0,5.0,0.0,0.0,0.0,0.0,0.0,0.0,0.0,0.0,0.0,-11.0,14.0,-9.0,10.0,-7.0,6.0,-5.0,1.0,-3.0,-5.0,-2.0,-10.0,-2.0,-15.0,-1.0,-20.0,-1.0,-24.0,-1.0,-28.0,-1.0,-30.0,-2.0,-31.0,-3.0,-32.0,-4.0,-31.0,-4.0,-28.0,-4.0,-24.0,-4.0,-21.0,-2.0,-16.0,-1.0,-11.0,2.0,-6.0,5.0,-1.0,7.0,4.0,11.0,8.0,14.0,12.0,17.0,14.0,20.0,16.0
1.9261,122.0,-96.0,7.0,0.0,0.0,0.0,0.0,0.0,0.0,0.0,0.0,0.0,1.0,-27.0,1.0,-27.0,1.0,-25.0,0.0,-24.0,1.0,-20.0,1.0,-16.0,2.0,-12.0,2.0,-6.0,3.0,-2.0,5.0,3.0,6.0,8.0,8.0,12.0,10.0,16.0,11.0,20.0,12.0,23.0,13.0,24.0,14.0,25.0,14.0,23.0,14.0,22.0,13.0,19.0,11.0,15.0,8.0,12.0,5.0,9.0,1.0,6.0,-3.0,3.0,-7.0,0.0
1.9407,122.0,-96.0,7.0,0.0,0.0,0.0,0.0,0.0,0.0,0.0,0.0,0.0,-9.0,14.0,-10.0,15.0,-10.0,14.0,-11.0,14.0,-11.0,14.0,-12.0,14.0,-11.0,13.0,-12.0,13.0,-12.0,13.0,-13.0,13.0,-13.0,13.0,-12.0,12.0,-13.0,12.0,-13.0,12.0,-13.0,11.0,-13.0,11.0,-13.0,11.0,-13.0,11.0,-13.0,11.0,-12.0,10.0,-12.0,11.0,-12.0,10.0,-12.0,10.0,-12.0,10.0,-11.0,10.0,-11.0,10.0
1.9544,122.0,-96.0,7.0,0.0,0.0,0.0,0.0,0.0,0.0,0.0,0.0,0.0,-3.0,-18.0,-3.0,-18.0,-3.0,-18.0,-2.0,-18.0,-2.0,-18.0,-1.0,-19.0,-1.0,-18.0,-1.0,-18.0,0.0,-18.0,0.0,-18.0,0.0,-18.0,0.0,-18.0,1.0,-18.0,1.0,-18.0,1.0,-18.0,1.0,-17.0,2.0,-17.0,2.0,-17.0,2.0,-17.0,2.0,-16.0,1.0,-17.0,1.0,-16.0,1.0,-16.0,1.0,-16.0,1.0,-16.0,0.0,-15.0
1.9686,122.0,-96.0,7.0,0.0,0.0,0.0,0.0,0.0,0.0,0.0,0.0,0.0,-4.0,-3.0,-1.0,-8.0,2.0,-12.0,4.0,-16.0,6.0,-21.0,8.0,-25.0,8.0,-27.0,9.0,-30.0,7.0,-30.0,8.0,-30.0,6.0,-29.0,6.0,-26.0,5.0,-23.0,4.0,-18.0,4.0,-13.0,3.0,-7.0,4.0,-1.0,5.0,4.0,6.0,10.0,8.0,15.0,10.0,20.0,12.0,21.0,14.0,25.0,15.0,24.0,16.0,24.0,17.0,24.0
1.9826,122.0,-96.0,7.0,0.0,0.0,0.0,0.0,0.0,0.0,0.0,0.0,0.0,-15.0,-16.0,-16.0,-18.0,-18.0,-20.0,-18.0,-21.0,-19.0,-21.0,-18.0,-20.0,-17.0,-19.0,-15.0,-17.0,-12.0,-15.0,-9.0,-12.0,-5.0,-8.0,-1.0,-5.0,3.0,-3.0,8.0,1.0,13.0,3.0,17.0,5.0,20.0,6.0,24.0,7.0,25.0,7.0,27.0,8.0,27.0,6.0,26.0,6.0,24.0,5.0,21.0,3.0,17.0,3.0,13.0,2.0
1.9963,122.0,-96.0,7.0,0.0,0.0,0.0,0.0,0.0,0.0,0.0,0.0,0.0,21.0,-6.0,21.0,-6.0,21.0,-5.0,21.0,-5.0,22.0,-4.0,22.0,-4.0,22.0,-3.0,22.0,-3.0,22.0,-3.0,22.0,-2.0,22.0,-2.0,22.0,-2.0,21.0,-1.0,22.0,-1.0,21.0,0.0,21.0,0.0,20.0,0.0,21.0,0.0,20.0,0.0,20.0,0.0,20.0,0.0,19.0,-1.0,19.0,0.0,18.0,-1.0,19.0,-1.0,18.0,-1.0
2.0118,122.0,-96.0,7.0,0.0,0.0,0.0,0.0,0.0,0.0,0.0,0.0,0.0,-12.0,-11.0,-11.0,-12.0,-11.0,-12.0,-11.0,-13.0,-11.0,-13.0,-10.0,-13.0,-10.0,-13.0,-10.0,-13.0,-10.0,-14.0,-9.0,-14.0,-9.0,-14.0,-9.0,-14.0,-9.0,-14.0,-8.0,-14.0,-8.0,-14.0,-8.0,-14.0,-8.0,-14.0,-8.0,-14.0,-7.0,-14.0,-7.0,-13.0,-7.0,-13.0,-7.0,-13.0,-7.0,-13.0,-7.0,-13.0,-7.0,-12.0,-7.0,-12.0
2.0255,122.0,-96.0,7.0,0.0,0.0,0.0,0.0,0.0,0.0,0.0,0.0,0.0,-4.0,-2.0,-2.0,-7.0,0.0,-12.0,1.0,-17.0,2.0,-22.0,3.0,-26.0,4.0,-28.0,4.0,-31.0,3.0,-31.0,3.0,-31.0,1.0,-29.0,1.0,-27.0,1.0,-24.0,1.0,-19.0,2.0,-14.0,2.0,-8.0,3.0,-1.0,5.0,4.0,7.0,9.0,10.0,14.0,12.0,18.0,15.0,20.0,17.0,23.0,19.0,22.0,19.0,22.0,19.0,22.0
2.0396,122.0,-96.0,7.0,0.0,0.0,0.0,0.0,0.0,0.0,0.0,0.0,0.0,-22.0,1.0,-25.0,0.0,-27.0,0.0,-27.0,0.0,-28.0,0.0,-27.0,1.0,-25.0,0.0,-22.0,0.0,-19.0,-1.0,-14.0,-1.0,-10.0,-1.0,-5.0,-3.0,0.0,-5.0,6.0,-7.0,10.0,-9.0,14.0,-11.0,18.0,-14.0,20.0,-16.0,21.0,-17.0,22.0,-18.0,21.0,-19.0,20.0,-18.0,18.0,-17.0,15.0,-16.0,12.0,-13.0,9.0,-10.0
2.0533,122.0,-96.0,7.0,0.0,0.0,0.0,0.0,0.0,0.0,0.0,0.0,0.0,-2.0,25.0,-2.0,26.0,-2.0,24.0,-2.0,23.0,-2.0,19.0,-2.0,15.0,-3.0,11.0,-3.0,5.0,-4.0,0.0,-6.0,-4.0,-7.0,-9.0,-9.0,-13.0,-10.0,-17.0,-12.0,-21.0,-13.0,-24.0,-14.0,-25.0,-15.0,-25.0,-15.0,-24.0,-15.0,-23.0,-14.0,-20.0,-12.0,-17.0,-9.0,-13.0,-6.0,-10.0,-2.0,-7.0,2.0,-4.0,6.0,-1.0
2.067,122.0,-96.0,7.0,0.0,0.0,0.0,0.0,0.0,0.0,0.0,0.0,0.0,10.0,13.0,10.0,14.0,9.0,14.0,10.0,14.0,9.0,14.0,9.0,15.0,9.0,15.0,8.0,15.0,8.0,15.0,7.0,16.0,7.0,15.0,7.0,16.0,7.0,15.0,7.0,16.0,6.0,16.0,6.0,15.0,6.0,15.0,6.0,15.0,5.0,15.0,6.0,14.0,5.0,15.0,6.0,14.0,6.0,14.0,6.0,13.0,6.0,13.0,6.0,13.0
2.08,122.0,-96.0,7.0,0.0,0.0,0.0,0.0,0.0,0.0,0.0,0.0,0.0,3.0,1.0,2.0,6.0,0.0,11.0,0.0,16.0,-1.0,21.0,-1.0,25.0,-1.0,28.0,-2.0,31.0,0.0,30.0,0.0,30.0,1.0,29.0,1.0,26.0,1.0,23.0,0.0,17.0,-1.0,13.0,-2.0,7.0,-4.0,1.0,-7.0,-4.0,-10.0,-9.0,-12.0,-14.0,-15.0,-18.0,-18.0,-19.0,-20.0,-22.0,-23.0,-21.0,-23.0,-20.0,-23.0,-20.0
2.0948,122.0,-96.0,7.0,0.0,0.0,0.0,0.0,0.0,0.0,0.0,0.0,0.0,21.0,0.0,16.0,0.0,11.0,0.0,6.0,2.0,1.0,3.0,-5.0,5.0,-9.0,8.0,-14.0,10.0,-18.0,13.0,-22.0,15.0,-25.0,16.0,-25.0,18.0,-25.0,19.0,-25.0,19.0,-23.0,19.0,-20.0,18.0,-17.0,15.0,-14.0,12.0,-11.0,7.0,-7.0,3.0,-5.0,-2.0,-2.0,-8.0,0.0,-13.0,2.0,-19.0,2.0,-22.0,1.0,-26.0
2.1076,122.0,-96.0,7.0,0.0,0.0,0.0,0.0,0.0,0.0,0.0,0.0,0.0,1.0,-30.0,1.0,-30.0,1.0,-29.0,0.0,-26.0,1.0,-23.0,1.0,-18.0,2.0,-13.0,2.0,-7.0,4.0,-2.0,5.0,4.0,7.0,9.0,9.0,14.0,11.0,18.0,13.0,22.0,14.0,25.0,15.0,27.0,17.0,26.0,17.0,26.0,16.0,24.0,15.0,21.0,13.0,17.0,10.0,14.0,6.0,10.0,2.0,7.0,-3.0,3.0,-8.0,0.0
2.1233,122.0,-96.0,7.0,0.0,0.0,0.0,0.0,0.0,0.0,0.0,0.0,0.0,9.0,-13.0,9.0,-12.0,9.0,-12.0,10.0,-12.0,11.0,-12.0,11.0,-12.0,11.0,-11.0,12.0,-11.0,12.0,-11.0,12.0,-11.0,11.0,-11.0,12.0,-11.0,11.0,-10.0,12.0,-10.0,12.0,-9.0,12.0,-9.0,12.0,-9.0,12.0,-9.0,12.0,-9.0,12.0,-8.0,12.0,-8.0,11.0,-9.0,11.0,-9.0,11.0,-8.0,10.0,-9.0,10.0,-9.0
2.1369,122.0,-96.0,7.0,0.0,0.0,0.0,0.0,0.0,0.0,0.0,0.0,0.0,19.0,17.0,19.0,17.0,18.0,17.0,16.0,15.0,13.0,13.0,10.0,11.0,7.0,8.0,2.0,5.0,-2.0,3.0,-7.0,1.0,-11.0,-1.0,-16.0,-2.0,-20.0,-3.0,-24.0,-5.0,-27.0,-5.0,-28.0,-6.0,-29.0,-5.0,-29.0,-5.0,-27.0,-4.0,-24.0,-3.0,-20.0,-2.0,-16.0,-2.0,-12.0,-3.0,-7.0,-3.0,-2.0,-4.0,3.0,-6.0
2.1508,122.0,-96.0,7.0,0.0,0.0,0.0,0.0,0.0,0.0,0.0,0.0,0.0,16.0,-14.0,13.0,-11.0,9.0,-7.0,6.0,-3.0,3.0,1.0,0.0,7.0,-2.0,11.0,-5.0,16.0,-7.0,21.0,-7.0,25.0,-9.0,27.0,-9.0,29.0,-8.0,30.0,-8.0,30.0,-6.0,28.0,-5.0,26.0,-4.0,22.0,-4.0,17.0,-4.0,12.0,-4.0,6.0,-5.0,1.0,-6.0,-5.0,-8.0,-11.0,-9.0,-16.0,-11.0,-19.0,-14.0,-22.0
2.1645,122.0,-96.0,7.0,0.0,0.0,0.0,0.0,0.0,0.0,0.0,0.0,0.0,-21.0,6.0,-22.0,5.0,-22.0,5.0,-22.0,5.0,-22.0,4.0,-23.0,3.0,-23.0,3.0,-23.0,2.0,-23.0,2.0,-23.0,2.0,-23.0,1.0,-22.0,1.0,-22.0,1.0,-23.0,0.0,-23.0,0.0,-21.0,0.0,-21.0,0.0,-21.0,0.0,-22.0,0.0,-21.0,0.0,-21.0,0.0,-21.0,0.0,-20.0,0.0,-20.0,0.0,-19.0,1.0,-19.0,2.0
2.1785,122.0,-96.0,7.0,0.0,0.0,0.0,0.0,0.0,0.0,0.0,0.0,0.0,-5.0,-2.0,-4.0,-7.0,-2.0,-12.0,-2.0,-17.0,-2.0,-22.0,-2.0,-27.0,-2.0,-29.0,-2.0,-32.0,-3.0,-32.0,-4.0,-31.0,-5.0,-29.0,-4.0,-27.0,-3.0,-24.0,-3.0,-19.0,-1.0,-14.0,0.0,-8.0,3.0,-2.0,6.0,2.0,9.0,8.0,12.0,11.0,16.0,15.0,18.0,17.0,21.0,19.0,23.0,18.0,24.0,17.0,23.0,17.0
2.1922,122.0,-96.0,7.0,0.0,0.0,0.0,0.0,0.0,0.0,0.0,0.0,0.0,-17.0,8.0,-13.0,5.0,-9.0,2.0,-5.0,-1.0,-1.0,-6.0,3.0,-10.0,5.0,-14.0,8.0,-19.0,10.0,-22.0,11.0,-25.0,12.0,-28.0,12.0,-29.0,12.0,-30.0,10.0,-29.0,9.0,-27.0,7.0,-24.0,6.0,-20.0,5.0,-15.0,4.0,-10.0,4.0,-5.0,4.0,1.0,5.0,7.0,6.0,13.0,7.0,18.0,8.0,21.0,10.0,23.0
2.206,122.0,-96.0,7.0,0.0,0.0,0.0,0.0,0.0,0.0,0.0,0.0,0.0,-17.0,8.0,-13.0,6.0,-9.0,3.0,-5.0,-1.0,-2.0,-6.0,2.0,-10.0,4.0,-15.0,7.0,-19.0,9.0,-23.0,10.0,-26.0,12.0,-28.0,11.0,-30.0,10.0,-30.0,9.0,-29.0,8.0,-27.0,6.0,-24.0,5.0,-20.0,5.0,-15.0,4.0,-10.0,4.0,-5.0,4.0,1.0,5.0,6.0,6.0,12.0,8.0,17.0,10.0,21.0,12.0,23.0
2.2192,122.0,-96.0,7.0,0.0,0.0,0.0,0.0,0.0,0.0,0.0,0.0,0.0,-17.0,13.0,-14.0,10.0,-10.0,6.0,-7.0,2.0,-4.0,-3.0,-1.0,-8.0,1.0,-12.0,3.0,-17.0,5.0,-22.0,5.0,-25.0,7.0,-29.0,6.0,-30.0,5.0,-31.0,5.0,-32.0,4.0,-30.0,2.0,-26.0,2.0,-23.0,2.0,-18.0,2.0,-13.0,2.0,-8.0,4.0,-2.0,5.0,4.0,7.0,9.0,9.0,14.0,12.0,17.0,14.0,19.0
2.2381,122.0,-96.0,7.0,0.0,0.0,0.0,0.0,0.0,0.0,0.0,0.0,0.0,-3.0,20.0,-3.0,16.0,-3.0,11.0,-3.0,6.0,-4.0,0.0,-6.0,-6.0,-7.0,-10.0,-9.0,-15.0,-11.0,-20.0,-13.0,-23.0,-14.0,-26.0,-16.0,-27.0,-17.0,-27.0,-17.0,-27.0,-17.0,-25.0,-16.0,-22.0,-14.0,-19.0,-11.0,-15.0,-7.0,-12.0,-3.0,-8.0,2.0,-4.0,7.0,-1.0,12.0,1.0,17.0,4.0,21.0,4.0,24.0,4.0
2.2529,122.0,-96.0,7.0,0.0,0.0,0.0,0.0,0.0,0.0,0.0,0.0,0.0,0.0,-19.0,0.0,-23.0,0.0,-25.0,0.0,-27.0,0.0,-28.0,0.0,-28.0,0.0,-26.0,0.0,-24.0,1.0,-21.0,0.0,-16.0,1.0,-12.0,2.0,-7.0,3.0,-2.0,4.0,4.0,6.0,9.0,8.0,13.0,10.0,17.0,12.0,20.0,13.0,22.0,14.0,23.0,15.0,23.0,15.0,23.0,15.0,20.0,14.0,18.0,12.0,14.0,9.0,11.0
2.2629,122.0,-96.0,7.0,0.0,0.0,0.0,0.0,0.0,0.0,0.0,0.0,0.0,-24.0,-18.0,-24.0,-19.0,-22.0,-17.0,-21.0,-16.0,-17.0,-14.0,-14.0,-12.0,-10.0,-9.0,-4.0,-6.0,1.0,-4.0,6.0,-2.0,12.0,-1.0,16.0,0.0,21.0,1.0,26.0,2.0,29.0,2.0,31.0,3.0,32.0,2.0,31.0,2.0,29.0,1.0,26.0,0.0,22.0,-1.0,17.0,0.0,12.0,1.0,7.0,2.0,1.0,3.0,-4.0,5.0
2.2774,122.0,-96.0,7.0,0.0,0.0,0.0,0.0,0.0,0.0,0.0,0.0,0.0,12.0,-9.0,13.0,-9.0,13.0,-8.0,14.0,-9.0,14.0,-8.0,14.0,-8.0,14.0,-7.0,14.0,-7.0,14.0,-7.0,14.0,-6.0,14.0,-6.0,14.0,-6.0,14.0,-6.0,15.0,-5.0,15.0,-5.0,14.0,-5.0,14.0,-5.0,14.0,-5.0,14.0,-5.0,13.0,-5.0,13.0,-5.0,13.0,-5.0,13.0,-5.0,13.0,-5.0,12.0,-5.0,12.0,-5.0
2.2914,122.0,-96.0,7.0,0.0,0.0,0.0,0.0,0.0,0.0,0.0,0.0,0.0,17.0,-12.0,13.0,-10.0,10.0,-6.0,6.0,-3.0,3.0,2.0,-1.0,7.0,-3.0,11.0,-6.0,16.0,-8.0,20.0,-9.0,24.0,-11.0,27.0,-10.0,29.0,-9.0,30.0,-9.0,30.0,-8.0,28.0,-6.0,25.0,-5.0,22.0,-5.0,17.0,-4.0,12.0,-4.0,6.0,-5.0,1.0,-5.0,-5.0,-7.0,-11.0,-8.0,-16.0,-11.0,-20.0,-13.0,-22.0
2.3057,122.0,-96.0,7.0,0.0,0.0,0.0,0.0,0.0,0.0,0.0,0.0,0.0,9.0,-17.0,11.0,-20.0,12.0,-22.0,13.0,-23.0,13.0,-24.0,13.0,-24.0,13.0,-23.0,11.0,-21.0,11.0,-18.0,8.0,-14.0,6.0,-10.0,4.0,-5.0,3.0,0.0,2.0,6.0,1.0,11.0,0.0,16.0,1.0,20.0,1.0,23.0,1.0,26.0,2.0,28.0,3.0,28.0,3.0,27.0,3.0,25.0,4.0,22.0,3.0,19.0,2.0,14.0
2.3195,122.0,-96.0,7.0,0.0,0.0,0.0,0.0,0.0,0.0,0.0,0.0,0.0,-23.0,-14.0,-23.0,-14.0,-22.0,-13.0,-20.0,-12.0,-18.0,-11.0,-14.0,-9.0,-10.0,-7.0,-5.0,-5.0,0.0,-4.0,5.0,-3.0,10.0,-3.0,14.0,-2.0,19.0,-2.0,23.0,-2.0,26.0,-2.0,28.0,-2.0,28.0,-3.0,28.0,-4.0,26.0,-4.0,23.0,-4.0,19.0,-4.0,15.0,-3.0,11.0,-1.0,6.0,1.0,1.0,3.0,-3.0,5.0
2.3332,122.0,-96.0,7.0,0.0,0.0,0.0,0.0,0.0,0.0,0.0,0.0,0.0,-15.0,-15.0,-17.0,-18.0,-18.0,-20.0,-19.0,-20.0,-19.0,-20.0,-19.0,-20.0,-17.0,-19.0,-15.0,-16.0,-13.0,-15.0,-9.0,-11.0,-6.0,-8.0,-1.0,-5.0,3.0,-3.0,8.0,0.0,13.0,2.0,17.0,4.0,21.0,5.0,24.0,5.0,26.0,6.0,27.0,6.0,27.0,5.0,27.0,5.0,25.0,3.0,21.0,2.0,17.0,1.0,13.0,1.0
2.3465,122.0,-96.0,7.0,0.0,0.0,0.0,0.0,0.0,0.0,0.0,0.0,0.0,-16.0,1.0,-16.0,1.0,-16.0,1.0,-16.0,0.0,-16.0,0.0,-17.0,-1.0,-16.0,-1.0,-17.0,-2.0,-16.0,-1.0,-16.0,-2.0,-16.0,-2.0,-16.0,-3.0,-16.0,-3.0,-16.0,-3.0,-16.0,-3.0,-15.0,-3.0,-15.0,-3.0,-15.0,-3.0,-15.0,-3.0,-15.0,-3.0,-15.0,-3.0,-14.0,-3.0,-14.0,-3.0,-14.0,-3.0,-14.0,-2.0,-14.0,-2.0
2.3602,122.0,-96.0,7.0,0.0,0.0,0.0,0.0,0.0,0.0,0.0,0.0,0.0,3.0,-26.0,3.0,-27.0,2.0,-25.0,2.0,-23.0,2.0,-20.0,2.0,-16.0,2.0,-12.0,2.0,-6.0,3.0,-2.0,4.0,4.0,6.0,8.0,8.0,13.0,9.0,17.0,11.0,20.0,12.0,23.0,12.0,25.0,14.0,25.0,14.0,24.0,13.0,22.0,12.0,19.0,11.0,16.0,8.0,13.0,5.0,10.0,1.0,6.0,-2.0,3.0,-7.0,0.0
2.376,122.0,-96.0,7.0,0.0,0.0,0.0,0.0,0.0,0.0,0.0,0.0,0.0,14.0,-6.0,15.0,-5.0,14.0,-5.0,15.0,-5.0,15.0,-4.0,15.0,-4.0,15.0,-4.0,15.0,-3.0,15.0,-3.0,15.0,-3.0,15.0,-3.0,15.0,-3.0,15.0,-2.0,15.0,-2.0,15.0,-2.0,14.0,-2.0,14.0,-1.0,14.0,-2.0,15.0,-2.0,14.0,-2.0,14.0,-2.0,14.0,-2.0,13.0,-2.0,13.0,-2.0,13.0,-2.0,13.0,-3.0
2.3896,122.0,-96.0,7.0,0.0,0.0,0.0,0.0,0.0,0.0,0.0,0.0,0.0,-18.0,5.0,-22.0,6.0,-24.0,7.0,-26.0,7.0,-26.0,8.0,-27.0,8.0,-25.0,7.0,-23.0,7.0,-20.0,5.0,-16.0,4.0,-12.0,2.0,-7.0,0.0,-3.0,-3.0,2.0,-7.0,6.0,-10.0,9.0,-13.0,12.0,-16.0,14.0,-19.0,16.0,-21.0,16.0,-23.0,15.0,-24.0,15.0,-24.0,14.0,-22.0,11.0,-20.0,9.0,-17.0,7.0,-13.0
2.4038,122.0,-96.0,7.0,0.0,0.0,0.0,0.0,0.0,0.0,0.0,0.0,0.0,-2.0,-22.0,-2.0,-25.0,-2.0,-27.0,-2.0,-27.0,-2.0,-28.0,-2.0,-27.0,-2.0,-25.0,-2.0,-22.0,-1.0,-20.0,-1.0,-14.0,0.0,-10.0,2.0,-5.0,4.0,0.0,6.0,6.0,8.0,10.0,10.0,14.0,12.0,18.0,14.0,20.0,15.0,21.0,17.0,22.0,17.0,21.0,17.0,21.0,16.0,19.0,14.0,15.0,12.0,12.0,8.0,10.0
2.4177,122.0,-96.0,7.0,0.0,0.0,0.0,0.0,0.0,0.0,0.0,0.0,0.0,-5.0,-4.0,-5.0,-9.0,-5.0,-14.0,-6.0,-19.0,-7.0,-24.0,-8.0,-27.0,-9.0,-28.0,-9.0,-31.0,-10.0,-30.0,-10.0,-29.0,-10.0,-26.0,-9.0,-24.0,-7.0,-20.0,-6.0,-15.0,-3.0,-11.0,0.0,-6.0,4.0,-1.0,8.0,3.0,12.0,7.0,16.0,10.0,20.0,12.0,23.0,13.0,25.0,14.0,26.0,13.0,27.0,12.0,26.0,11.0
2.4326,122.0,-96.0,7.0,0.0,0.0,0.0,0.0,0.0,0.0,0.0,0.0,0.0,20.0,-5.0,15.0,-3.0,9.0,-1.0,4.0,2.0,-1.0,5.0,-7.0,9.0,-10.0,13.0,-14.0,17.0,-18.0,20.0,-19.0,23.0,-22.0,26.0,-22.0,27.0,-21.0,28.0,-20.0,28.0,-18.0,26.0,-15.0,22.0,-13.0,19.0,-10.0,14.0,-8.0,8.0,-6.0,3.0,-5.0,-4.0,-4.0,-10.0,-3.0,-16.0,-3.0,-22.0,-5.0,-26.0,-6.0,-29.0
2.4484,122.0,-96.0,7.0,0.0,0.0,0.0,0.0,0.0,0.0,0.0,0.0,0.0,-17.0,-15.0,-16.0,-16.0,-16.0,-17.0,-16.0,-17.0,-15.0,-17.0,-15.0,-18.0,-14.0,-18.0,-14.0,-18.0,-14.0,-19.0,-14.0,-19.0,-14.0,-19.0,-13.0,-19.0,-13.0,-19.0,-12.0,-19.0,-11.0,-19.0,-12.0,-19.0,-11.0,-18.0,-11.0,-19.0,-11.0,-19.0,-11.0,-18.0,-11.0,-18.0,-11.0,-18.0,-11.0,-18.0,-11.0,-17.0,-11.0,-16.0,-11.0,-16.0
2.4626,122.0,-96.0,7.0,0.0,0.0,0.0,0.0,0.0,0.0,0.0,0.0,0.0,6.0,-18.0,8.0,-22.0,9.0,-23.0,10.0,-25.0,10.0,-26.0,10.0,-26.0,10.0,-24.0,9.0,-22.0,8.0,-20.0,6.0,-15.0,5.0,-11.0,4.0,-6.0,3.0,-1.0,2.0,5.0,2.0,11.0,2.0,15.0,2.0,20.0,3.0,23.0,4.0,26.0,4.0,27.0,5.0,27.0,5.0,27.0,6.0,25.0,6.0,22.0,5.0,18.0,4.0,14.0
2.4783,122.0,-96.0,7.0,0.0,0.0,0.0,0.0,0.0,0.0,0.0,0.0,0.0,-15.0,-17.0,-15.0,-17.0,-15.0,-18.0,-14.0,-18.0,-14.0,-19.0,-13.0,-19.0,-13.0,-19.0,-12.0,-20.0,-12.0,-20.0,-11.0,-21.0,-11.0,-20.0,-11.0,-20.0,-11.0,-20.0,-10.0,-20.0,-10.0,-21.0,-10.0,-20.0,-9.0,-19.0,-10.0,-20.0,-9.0,-19.0,-9.0,-19.0,-9.0,-19.0,-9.0,-19.0,-9.0,-19.0,-9.0,-18.0,-9.0,-17.0,-9.0,-17.0
2.4943,122.0,-96.0,7.0,0.0,0.0,0.0,0.0,0.0,0.0,0.0,0.0,0.0,-3.0,2.0,-8.0,-1.0,-12.0,-4.0,-16.0,-7.0,-20.0,-9.0,-24.0,-11.0,-27.0,-12.0,-29.0,-13.0,-30.0,-12.0,-29.0,-11.0,-28.0,-10.0,-26.0,-9.0,-22.0,-8.0,-18.0,-7.0,-13.0,-6.0,-7.0,-5.0,-1.0,-4.0,5.0,-5.0,11.0,-6.0,16.0,-7.0,21.0,-9.0,23.0,-11.0,26.0,-12.0,26.0,-14.0,26.0,-15.0,26.0,-15.0
2.5076,122.0,-96.0,7.0,0.0,0.0,0.0,0.0,0.0,0.0,0.0,0.0,0.0,-4.0,21.0,-4.0,21.0,-4.0,21.0,-5.0,22.0,-6.0,21.0,-7.0,22.0,-7.0,21.0,-8.0,21.0,-8.0,20.0,-9.0,20.0,-8.0,20.0,-8.0,20.0,-9.0,20.0,-9.0,20.0,-10.0,20.0,-9.0,19.0,-10.0,20.0,-9.0,19.0,-9.0,19.0,-9.0,18.0,-9.0,18.0,-9.0,17.0,-8.0,17.0,-8.0,17.0,-8.0,17.0,-7.0,17.0
2.5221,122.0,-96.0,7.0,0.0,0.0,0.0,0.0,0.0,0.0,0.0,0.0,0.0,28.0,7.0,27.0,7.0,25.0,6.0,22.0,5.0,18.0,5.0,14.0,4.0,9.0,4.0,2.0,3.0,-3.0,4.0,-9.0,4.0,-14.0,5.0,-19.0,6.0,-23.0,7.0,-27.0,9.0,-29.0,9.0,-31.0,11.0,-30.0,11.0,-29.0,11.0,-27.0,11.0,-23.0,10.0,-19.0,8.0,-15.0,6.0,-11.0,3.0,-6.0,-1.0,-2.0,-5.0,1.0,-9.0
2.5351,122.0,-96.0,7.0,0.0,0.0,0.0,0.0,0.0,0.0,0.0,0.0,0.0,21.0,-1.0,22.0,0.0,22.0,0.0,22.0,1.0,22.0,1.0,22.0,2.0,21.0,2.0,22.0,3.0,21.0,4.0,22.0,3.0,22.0,3.0,21.0,3.0,21.0,4.0,21.0,5.0,21.0,5.0,20.0,5.0,20.0,6.0,20.0,5.0,20.0,6.0,19.0,5.0,19.0,5.0,19.0,5.0,19.0,4.0,18.0,4.0,18.0,4.0,18.0,3.0
2.5487,122.0,-96.0,7.0,0.0,0.0,0.0,0.0,0.0,0.0,0.0,0.0,0.0,-22.0,-1.0,-17.0,-1.0,-12.0,-1.0,-7.0,-3.0,-2.0,-4.0,4.0,-6.0,8.0,-9.0,14.0,-11.0,18.0,-13.0,21.0,-15.0,24.0,-17.0,25.0,-18.0,25.0,-20.0,25.0,-20.0,22.0,-19.0,19.0,-18.0,17.0,-15.0,13.0,-12.0,10.0,-8.0,6.0,-4.0,4.0,1.0,1.0,6.0,-2.0,12.0,-4.0,17.0,-4.0,21.0,-4.0,24.0
2.563,122.0,-96.0,7.0,0.0,0.0,0.0,0.0,0.0,0.0,0.0,0.0,0.0,11.0,23.0,10.0,22.0,10.0,21.0,8.0,18.0,6.0,16.0,4.0,12.0,2.0,8.0,-2.0,3.0,-5.0,0.0,-9.0,-3.0,-12.0,-7.0,-16.0,-9.0,-19.0,-11.0,-21.0,-14.0,-23.0,-15.0,-25.0,-15.0,-25.0,-15.0,-24.0,-14.0,-23.0,-13.0,-20.0,-11.0,-16.0,-9.0,-13.0,-7.0,-8.0,-6.0,-3.0,-5.0,2.0,-4.0,6.0,-4.0
2.5768,122.0,-96.0,7.0,0.0,0.0,0.0,0.0,0.0,0.0,0.0,0.0,0.0,-18.0,11.0,-15.0,8.0,-11.0,5.0,-7.0,1.0,-4.0,-3.0,0.0,-7.0,2.0,-12.0,6.0,-17.0,8.0,-21.0,9.0,-25.0,11.0,-27.0,11.0,-29.0,10.0,-30.0,10.0,-30.0,8.0,-28.0,6.0,-26.0,6.0,-22.0,5.0,-18.0,4.0,-13.0,4.0,-7.0,4.0,-1.0,4.0,5.0,5.0,11.0,6.0,16.0,8.0,19.0,11.0,22.0
2.5904,122.0,-96.0,7.0,0.0,0.0,0.0,0.0,0.0,0.0,0.0,0.0,0.0,14.0,-13.0,17.0,-15.0,19.0,-16.0,20.0,-17.0,21.0,-18.0,20.0,-18.0,20.0,-17.0,17.0,-16.0,16.0,-14.0,12.0,-10.0,9.0,-7.0,6.0,-3.0,3.0,1.0,-1.0,6.0,-3.0,11.0,-6.0,15.0,-7.0,19.0,-8.0,22.0,-9.0,24.0,-9.0,26.0,-8.0,27.0,-8.0,26.0,-7.0,25.0,-5.0,22.0,-4.0,18.0,-4.0,14.0
2.6046,122.0,-96.0,7.0,0.0,0.0,0.0,0.0,0.0,0.0,0.0,0.0,0.0,-5.0,15.0,-6.0,15.0,-6.0,14.0,-6.0,15.0,-7.0,15.0,-7.0,14.0,-7.0,14.0,-8.0,14.0,-8.0,13.0,-8.0,14.0,-9.0,14.0,-8.0,13.0,-9.0,13.0,-9.0,13.0,-9.0,13.0,-9.0,13.0,-9.0,13.0,-9.0,12.0,-9.0,12.0,-9.0,12.0,-9.0,11.0,-8.0,11.0,-8.0,11.0,-8.0,11.0,-7.0,11.0,-7.0,11.0
2.6199,122.0,-96.0,7.0,0.0,0.0,0.0,0.0,0.0,0.0,0.0,0.0,0.0,-4.0,3.0,-8.0,-1.0,-12.0,-5.0,-15.0,-8.0,-19.0,-11.0,-23.0,-13.0,-25.0,-14.0,-28.0,-16.0,-28.0,-15.0,-28.0,-14.0,-27.0,-12.0,-25.0,-11.0,-22.0,-10.0,-17.0,-8.0,-12.0,-7.0,-7.0,-5.0,0.0,-4.0,6.0,-5.0,11.0,-4.0,16.0,-5.0,21.0,-7.0,24.0,-8.0,27.0,-9.0,27.0,-11.0,27.0,-12.0,27.0,-12.0
2.6364,122.0,-96.0,7.0,0.0,0.0,0.0,0.0,0.0,0.0,0.0,0.0,0.0,6.0,17.0,8.0,21.0,8.0,23.0,8.0,25.0,9.0,25.0,9.0,26.0,9.0,24.0,8.0,21.0,6.0,19.0,5.0,14.0,3.0,11.0,0.0,6.0,-3.0,2.0,-7.0,-3.0,-10.0,-7.0,-13.0,-10.0,-17.0,-13.0,-19.0,-15.0,-22.0,-17.0,-23.0,-17.0,-24.0,-17.0,-23.0,-17.0,-22.0,-15.0,-20.0,-12.0,-17.0,-10.0,-13.0,-8.0
2.6471,122.0,-96.0,7.0,0.0,0.0,0.0,0.0,0.0,0.0,0.0,0.0,0.0,-1.0,15.0,-2.0,15.0,-2.0,15.0,-3.0,15.0,-3.0,15.0,-4.0,15.0,-4.0,15.0,-4.0,15.0,-4.0,15.0,-5.0,15.0,-5.0,15.0,-5.0,15.0,-5.0,14.0,-6.0,15.0,-6.0,14.0,-5.0,14.0,-6.0,14.0,-6.0,13.0,-6.0,14.0,-6.0,13.0,-6.0,13.0,-6.0,12.0,-6.0,12.0,-5.0,13.0,-5.0,12.0,-5.0,12.0
2.6608,122.0,-96.0,7.0,0.0,0.0,0.0,0.0,0.0,0.0,0.0,0.0,0.0,-7.0,-21.0,-5.0,-17.0,-3.0,-12.0,-1.0,-8.0,3.0,-3.0,6.0,2.0,10.0,5.0,14.0,9.0,17.0,13.0,21.0,15.0,23.0,18.0,24.0,18.0,26.0,18.0,25.0,17.0,24.0,15.0,22.0,13.0,19.0,12.0,14.0,9.0,10.0,7.0,5.0,5.0,-1.0,4.0,-7.0,2.0,-13.0,2.0,-18.0,1.0,-22.0,2.0,-25.0,4.0
2.6749,122.0,-96.0,7.0,0.0,0.0,0.0,0.0,0.0,0.0,0.0,0.0,0.0,-18.0,7.0,-22.0,8.0,-24.0,9.0,-25.0,9.0,-26.0,10.0,-26.0,10.0,-25.0,9.0,-22.0,8.0,-20.0,7.0,-16.0,5.0,-12.0,3.0,-7.0,0.0,-3.0,-3.0,2.0,-7.0,6.0,-10.0,9.0,-13.0,12.0,-17.0,14.0,-20.0,15.0,-22.0,16.0,-23.0,15.0,-24.0,15.0,-24.0,13.0,-23.0,11.0,-20.0,9.0,-17.0,7.0,-14.0
2.6872,122.0,-96.0,7.0,0.0,0.0,0.0,0.0,0.0,0.0,0.0,0.0,0.0,3.0,-3.0,7.0,0.0,11.0,3.0,15.0,6.0,19.0,9.0,23.0,11.0,25.0,12.0,27.0,13.0,28.0,12.0,28.0,12.0,26.0,10.0,24.0,9.0,21.0,8.0,16.0,6.0,11.0,6.0,6.0,4.0,-1.0,3.0,-6.0,4.0,-13.0,4.0,-17.0,4.0,-23.0,6.0,-25.0,7.0,-28.0,9.0,-28.0,11.0,-28.0,11.0,-28.0,12.0
2.7011,122.0,-96.0,7.0,0.0,0.0,0.0,0.0,0.0,0.0,0.0,0.0,0.0,16.0,12.0,18.0,15.0,20.0,16.0,21.0,17.0,21.0,16.0,21.0,16.0,19.0,15.0,17.0,13.0,14.0,12.0,9.0,8.0,6.0,6.0,1.0,4.0,-4.0,2.0,-9.0,0.0,-14.0,-1.0,-18.0,-2.0,-23.0,-3.0,-25.0,-3.0,-28.0,-3.0,-29.0,-3.0,-29.0,-2.0,-28.0,-2.0,-25.0,-1.0,-22.0,0.0,-18.0,0.0,-14.0,-1.0
2.7144,122.0,-96.0,7.0,0.0,0.0,0.0,0.0,0.0,0.0,0.0,0.0,0.0,-3.0,17.0,-3.0,17.0,-4.0,16.0,-4.0,17.0,-4.0,17.0,-6.0,17.0,-5.0,17.0,-6.0,17.0,-6.0,17.0,-6.0,16.0,-7.0,16.0,-7.0,16.0,-7.0,16.0,-8.0,16.0,-8.0,16.0,-7.0,15.0,-8.0,16.0,-7.0,15.0,-8.0,15.0,-7.0,15.0,-7.0,14.0,-7.0,14.0,-7.0,13.0,-7.0,14.0,-6.0,13.0,-6.0,14.0
2.7279,122.0,-96.0,7.0,0.0,0.0,0.0,0.0,0.0,0.0,0.0,0.0,0.0,-27.0,11.0,-26.0,11.0,-25.0,10.0,-22.0,9.0,-19.0,7.0,-14.0,5.0,-10.0,2.0,-5.0,-2.0,-1.0,-5.0,3.0,-10.0,6.0,-14.0,9.0,-17.0,12.0,-21.0,14.0,-24.0,16.0,-26.0,16.0,-28.0,16.0,-28.0,15.0,-27.0,13.0,-25.0,11.0,-23.0,8.0,-19.0,7.0,-14.0,6.0,-9.0,4.0,-4.0,3.0,2.0,3.0,7.0
2.7432,122.0,-96.0,7.0,0.0,0.0,0.0,0.0,0.0,0.0,0.0,0.0,0.0,-3.0,4.0,-8.0,6.0,-13.0,8.0,-17.0,9.0,-21.0,12.0,-25.0,13.0,-26.0,15.0,-28.0,16.0,-27.0,16.0,-26.0,16.0,-23.0,15.0,-21.0,14.0,-18.0,11.0,-14.0,8.0,-11.0,4.0,-6.0,0.0,-2.0,-5.0,1.0,-10.0,3.0,-15.0,5.0,-19.0,6.0,-24.0,6.0,-27.0,7.0,-29.0,5.0,-30.0,5.0,-30.0,3.0,-29.0
2.7574,122.0,-96.0,7.0,0.0,0.0,0.0,0.0,0.0,0.0,0.0,0.0,0.0,6.0,-26.0,7.0,-26.0,6.0,-25.0,6.0,-22.0,6.0,-20.0,4.0,-15.0,4.0,-11.0,3.0,-5.0,3.0,-1.0,3.0,5.0,4.0,10.0,5.0,14.0,5.0,18.0,6.0,22.0,6.0,25.0,7.0,27.0,8.0,27.0,8.0,27.0,8.0,24.0,8.0,22.0,7.0,18.0,5.0,14.0,2.0,10.0,0.0,6.0,-3.0,2.0,-7.0,-2.0
2.7711,122.0,-96.0,7.0,0.0,0.0,0.0,0.0,0.0,0.0,0.0,0.0,0.0,3.0,20.0,3.0,23.0,4.0,25.0,4.0,26.0,4.0,27.0,4.0,26.0,4.0,24.0,3.0,21.0,2.0,18.0,1.0,13.0,-1.0,9.0,-3.0,4.0,-5.0,-1.0,-8.0,-6.0,-10.0,-10.0,-13.0,-14.0,-15.0,-17.0,-18.0,-19.0,-19.0,-20.0,-21.0,-21.0,-21.0,-20.0,-21.0,-19.0,-19.0,-17.0,-17.0,-14.0,-14.0,-12.0,-11.0,-9.0
2.7853,122.0,-96.0,7.0,0.0,0.0,0.0,0.0,0.0,0.0,0.0,0.0,0.0,18.0,-11.0,14.0,-9.0,10.0,-6.0,6.0,-2.0,2.0,2.0,-1.0,7.0,-4.0,11.0,-7.0,16.0,-9.0,20.0,-10.0,23.0,-12.0,26.0,-12.0,28.0,-11.0,29.0,-11.0,29.0,-10.0,28.0,-8.0,25.0,-7.0,21.0,-6.0,16.0,-5.0,11.0,-4.0,6.0,-5.0,0.0,-5.0,-6.0,-6.0,-12.0,-7.0,-17.0,-9.0,-20.0,-12.0,-23.0
2.8014,122.0,-96.0,7.0,0.0,0.0,0.0,0.0,0.0,0.0,0.0,0.0,0.0,-13.0,-19.0,-13.0,-19.0,-12.0,-20.0,-12.0,-20.0,-11.0,-20.0,-11.0,-20.0,-10.0,-20.0,-10.0,-21.0,-10.0,-21.0,-9.0,-21.0,-9.0,-21.0,-9.0,-21.0,-8.0,-21.0,-8.0,-21.0,-7.0,-21.0,-7.0,-21.0,-7.0,-20.0,-7.0,-21.0,-7.0,-21.0,-6.0,-20.0,-7.0,-20.0,-8.0,-19.0,-7.0,-19.0,-7.0,-18.0,-7.0,-18.0,-7.0,-17.0
2.8143,122.0,-96.0,7.0,0.0,0.0,0.0,0.0,0.0,0.0,0.0,0.0,0.0,23.0,11.0,22.0,11.0,21.0,10.0,18.0,9.0,15.0,8.0,11.0,6.0,6.0,5.0,1.0,3.0,-3.0,3.0,-9.0,2.0,-14.0,2.0,-18.0,2.0,-22.0,2.0,-25.0,2.0,-28.0,2.0,-29.0,3.0,-29.0,3.0,-28.0,4.0,-25.0,4.0,-22.0,4.0,-18.0,3.0,-14.0,2.0,-10.0,0.0,-5.0,-2.0,-1.0,-5.0,3.0,-7.0
2.8288,122.0,-96.0,7.0,0.0,0.0,0.0,0.0,0.0,0.0,0.0,0.0,0.0,-15.0,11.0,-12.0,8.0,-8.0,4.0,-5.0,0.0,-2.0,-5.0,1.0,-11.0,2.0,-15.0,4.0,-20.0,6.0,-24.0,6.0,-27.0,7.0,-30.0,6.0,-31.0,5.0,-32.0,4.0,-31.0,4.0,-29.0,3.0,-25.0,2.0,-21.0,2.0,-16.0,2.0,-10.0,3.0,-5.0,5.0,1.0,5.0,6.0,8.0,11.0,10.0,16.0,13.0,18.0,15.0,21.0
2.8425,122.0,-96.0,7.0,0.0,0.0,0.0,0.0,0.0,0.0,0.0,0.0,0.0,-20.0,8.0,-16.0,6.0,-12.0,3.0,-8.0,0.0,-3.0,-4.0,1.0,-7.0,4.0,-11.0,8.0,-16.0,12.0,-19.0,13.0,-23.0,15.0,-25.0,15.0,-27.0,15.0,-28.0,15.0,-28.0,13.0,-27.0,11.0,-24.0,9.0,-21.0,8.0,-16.0,6.0,-11.0,4.0,-6.0,4.0,0.0,3.0,5.0,3.0,11.0,3.0,17.0,5.0,21.0,7.0,23.0
2.8578,122.0,-96.0,7.0,0.0,0.0,0.0,0.0,0.0,0.0,0.0,0.0,0.0,-11.0,15.0,-9.0,11.0,-7.0,6.0,-5.0,1.0,-3.0,-5.0,-2.0,-11.0,-2.0,-15.0,-2.0,-20.0,-1.0,-25.0,-2.0,-28.0,-2.0,-31.0,-3.0,-31.0,-4.0,-32.0,-4.0,-31.0,-4.0,-29.0,-5.0,-24.0,-4.0,-21.0,-2.0,-16.0,-1.0,-11.0,1.0,-6.0,4.0,-1.0,7.0,4.0,11.0,9.0,14.0,12.0,17.0,15.0,20.0,16.0
2.8691,122.0,-96.0,7.0,0.0,0.0,0.0,0.0,0.0,0.0,0.0,0.0,0.0,-27.0,1.0,-27.0,1.0,-26.0,1.0,-23.0,1.0,-20.0,0.0,-16.0,0.0,-12.0,-1.0,-6.0,-2.0,-2.0,-4.0,3.0,-6.0,7.0,-8.0,11.0,-10.0,15.0,-13.0,19.0,-14.0,21.0,-16.0,22.0,-17.0,22.0,-18.0,22.0,-18.0,20.0,-17.0,17.0,-16.0,14.0,-14.0,11.0,-11.0,9.0,-7.0,6.0,-3.0,3.0,1.0,1.0,6.0
2.8841,122.0,-96.0,7.0,0.0,0.0,0.0,0.0,0.0,0.0,0.0,0.0,0.0,21.0,-5.0,22.0,-4.0,22.0,-4.0,21.0,-3.0,23.0,-3.0,23.0,-2.0,22.0,-2.0,23.0,-1.0,22.0,-1.0,22.0,-1.0,22.0,0.0,22.0,0.0,22.0,1.0,22.0,1.0,21.0,1.0,21.0,1.0,20.0,1.0,21.0,1.0,20.0,2.0,20.0,1.0,20.0,1.0,19.0,0.0,19.0,1.0,18.0,1.0,18.0,0.0,18.0,0.0
2.8984,122.0,-96.0,7.0,0.0,0.0,0.0,0.0,0.0,0.0,0.0,0.0,0.0,20.0,-7.0,22.0,-7.0,20.0,-6.0,22.0,-6.0,21.0,-4.0,22.0,-5.0,21.0,-4.0,23.0,-3.0,22.0,-3.0,22.0,-3.0,22.0,-3.0,22.0,-2.0,21.0,-2.0,22.0,-1.0,22.0,-1.0,20.0,-1.0,21.0,-1.0,20.0,0.0,21.0,-1.0,20.0,-1.0,20.0,-1.0,19.0,-1.0,19.0,-1.0,18.0,-1.0,18.0,-2.0,18.0,-2.0
2.9147,122.0,-96.0,7.0,0.0,0.0,0.0,0.0,0.0,0.0,0.0,0.0,0.0,-2.0,4.0,-7.0,3.0,-12.0,1.0,-17.0,1.0,-22.0,1.0,-26.0,1.0,-29.0,1.0,-31.0,1.0,-31.0,2.0,-31.0,3.0,-29.0,3.0,-27.0,3.0,-24.0,2.0,-18.0,2.0,-14.0,0.0,-8.0,-1.0,-2.0,-4.0,3.0,-7.0,8.0,-10.0,11.0,-13.0,15.0,-17.0,16.0,-20.0,19.0,-22.0,18.0,-24.0,17.0,-24.0,17.0,-24.0
2.9286,122.0,-96.0,7.0,0.0,0.0,0.0,0.0,0.0,0.0,0.0,0.0,0.0,14.0,-12.0,18.0,-14.0,20.0,-15.0,21.0,-16.0,22.0,-17.0,22.0,-17.0,21.0,-16.0,18.0,-15.0,17.0,-13.0,13.0,-10.0,9.0,-7.0,6.0,-3.0,3.0,2.0,-1.0,6.0,-3.0,11.0,-6.0,15.0,-8.0,19.0,-9.0,22.0,-9.0,24.0,-9.0,26.0,-9.0,26.0,-8.0,26.0,-7.0,25.0,-6.0,22.0,-5.0,18.0,-4.0,14.0
2.942,122.0,-96.0,7.0,0.0,0.0,0.0,0.0,0.0,0.0,0.0,0.0,0.0,-3.0,5.0,-8.0,6.0,-13.0,7.0,-18.0,9.0,-21.0,11.0,-25.0,12.0,-26.0,13.0,-28.0,14.0,-27.0,15.0,-27.0,15.0,-24.0,14.0,-21.0,13.0,-18.0,10.0,-14.0,7.0,-10.0,3.0,-6.0,0.0,-2.0,-5.0,1.0,-10.0,4.0,-15.0,6.0,-19.0,8.0,-23.0,8.0,-26.0,9.0,-29.0,7.0,-29.0,6.0,-30.0,5.0,-29.0
2.9564,122.0,-96.0,7.0,0.0,0.0,0.0,0.0,0.0,0.0,0.0,0.0,0.0,-3.0,-16.0,-3.0,-16.0,-3.0,-16.0,-2.0,-17.0,-1.0,-16.0,-1.0,-17.0,0.0,-16.0,0.0,-17.0,0.0,-16.0,0.0,-16.0,0.0,-17.0,0.0,-16.0,1.0,-16.0,1.0,-16.0,1.0,-16.0,1.0,-15.0,2.0,-16.0,2.0,-15.0,2.0,-16.0,2.0,-15.0,2.0,-15.0,2.0,-15.0,1.0,-14.0,1.0,-13.0,1.0,-14.0,1.0,-13.0
2.9707,122.0,-96.0,7.0,0.0,0.0,0.0,0.0,0.0,0.0,0.0,0.0,0.0,18.0,2.0,13.0,2.0,8.0,2.0,3.0,3.0,-3.0,4.0,-8.0,6.0,-13.0,8.0,-18.0,10.0,-22.0,12.0,-25.0,13.0,-27.0,14.0,-28.0,15.0,-27.0,16.0,-26.0,15.0,-24.0,15.0,-20.0,14.0,-17.0,12.0,-13.0,8.0,-10.0,4.0,-6.0,0.0,-3.0,-5.0,0.0,-9.0,3.0,-14.0,6.0,-19.0,6.0,-23.0,6.0,-26.0
2.9835,122.0,-96.0,7.0,0.0,0.0,0.0,0.0,0.0,0.0,0.0,0.0,0.0,17.0,2.0,17.0,2.0,17.0,3.0,17.0,3.0,17.0,4.0,17.0,4.0,17.0,5.0,17.0,5.0,16.0,5.0,17.0,6.0,17.0,5.0,16.0,6.0,16.0,6.0,16.0,6.0,15.0,6.0,16.0,6.0,15.0,7.0,15.0,6.0,15.0,6.0,15.0,6.0,14.0,6.0,14.0,6.0,14.0,6.0,14.0,5.0,14.0,5.0,13.0,5.0
2.9968,122.0,-96.0,7.0,0.0,0.0,0.0,0.0,0.0,0.0,0.0,0.0,0.0,-6.0,-1.0,-5.0,-8.0,-4.0,-15.0,-4.0,-21.0,-4.0,-27.0,-4.0,-33.0,-5.0,-36.0,-5.0,-39.0,-7.0,-39.0,-7.0,-39.0,-7.0,-36.0,-6.0,-33.0,-6.0,-29.0,-5.0,-23.0,-2.0,-17.0,0.0,-10.0,4.0,-3.0,8.0,3.0,12.0,9.0,16.0,13.0,21.0,17.0,25.0,19.0,28.0,22.0,30.0,21.0,31.0,20.0,30.0,19.0
3.0097,122.0,-96.0,7.0,0.0,0.0,0.0,0.0,0.0,0.0,0.0,0.0,0.0,-24.0,17.0,-23.0,16.0,-22.0,15.0,-19.0,14.0,-17.0,10.0,-13.0,7.0,-9.0,4.0,-5.0,-1.0,-2.0,-5.0,1.0,-10.0,4.0,-15.0,6.0,-19.0,8.0,-23.0,9.0,-27.0,11.0,-29.0,10.0,-30.0,10.0,-30.0,9.0,-30.0,7.0,-28.0,6.0,-24.0,5.0,-20.0,4.0,-16.0,4.0,-10.0,4.0,-5.0,4.0,1.0,4.0,7.0
3.0262,122.0,-96.0,7.0,0.0,0.0,0.0,0.0,0.0,0.0,0.0,0.0,0.0,-11.0,-14.0,-11.0,-15.0,-11.0,-15.0,-10.0,-15.0,-10.0,-16.0,-9.0,-16.0,-9.0,-16.0,-9.0,-17.0,-8.0,-16.0,-9.0,-17.0,-8.0,-17.0,-8.0,-17.0,-8.0,-16.0,-8.0,-17.0,-7.0,-17.0,-8.0,-16.0,-7.0,-16.0,-6.0,-16.0,-6.0,-16.0,-6.0,-16.0,-6.0,-15.0,-6.0,-15.0,-7.0,-15.0,-6.0,-14.0,-7.0,-14.0,-7.0,-14.0
3.0394,122.0,-96.0,7.0,0.0,0.0,0.0,0.0,0.0,0.0,0.0,0.0,0.0,18.0,9.0,13.0,7.0,7.0,6.0,1.0,4.0,-5.0,3.0,-11.0,3.0,-17.0,4.0,-22.0,3.0,-27.0,4.0,-31.0,4.0,-34.0,4.0,-35.0,6.0,-35.0,7.0,-34.0,7.0,-31.0,7.0,-27.0,7.0,-22.0,6.0,-18.0,4.0,-12.0,1.0,-6.0,-2.0,-1.0,-6.0,3.0,-10.0,9.0,-14.0,13.0,-18.0,14.0,-22.0,16.0,-25.0
3.0532,122.0,-96.0,7.0,0.0,0.0,0.0,0.0,0.0,0.0,0.0,0.0,0.0,-22.0,14.0,-21.0,14.0,-20.0,13.0,-18.0,11.0,-16.0,9.0,-12.0,6.0,-9.0,3.0,-5.0,-1.0,-1.0,-5.0,2.0,-9.0,4.0,-13.0,6.0,-17.0,8.0,-20.0,10.0,-23.0,11.0,-25.0,11.0,-27.0,10.0,-26.0,10.0,-26.0,9.0,-24.0,7.0,-22.0,6.0,-17.0,5.0,-13.0,4.0,-9.0,4.0,-4.0,3.0,1.0,3.0,6.0
3.0678,122.0,-96.0,7.0,0.0,0.0,0.0,0.0,0.0,0.0,0.0,0.0,0.0,28.0,-7.0,28.0,-7.0,26.0,-7.0,24.0,-6.0,21.0,-5.0,17.0,-4.0,12.0,-2.0,7.0,1.0,2.0,3.0,-3.0,6.0,-7.0,10.0,-12.0,12.0,-15.0,16.0,-19.0,19.0,-22.0,21.0,-23.0,22.0,-22.0,23.0,-22.0,22.0,-20.0,22.0,-18.0,19.0,-14.0,17.0,-12.0,13.0,-9.0,8.0,-7.0,4.0,-4.0,-2.0,-2.0,-7.0
3.0827,122.0,-96.0,7.0,0.0,0.0,0.0,0.0,0.0,0.0,0.0,0.0,0.0,13.0,-17.0,10.0,-13.0,8.0,-9.0,5.0,-4.0,3.0,1.0,1.0,6.0,1.0,12.0,-1.0,17.0,-2.0,21.0,-2.0,26.0,-2.0,29.0,-1.0,30.0,0.0,31.0,0.0,31.0,1.0,29.0,1.0,26.0,1.0,22.0,0.0,17.0,0.0,12.0,-2.0,7.0,-5.0,2.0,-7.0,-4.0,-10.0,-9.0,-13.0,-14.0,-16.0,-16.0,-19.0,-18.0
3.0966,122.0,-96.0,7.0,0.0,0.0,0.0,0.0,0.0,0.0,0.0,0.0,0.0,20.0,4.0,16.0,3.0,11.0,3.0,6.0,3.0,0.0,3.0,-6.0,4.0,-11.0,6.0,-16.0,7.0,-21.0,8.0,-24.0,10.0,-28.0,10.0,-29.0,12.0,-29.0,13.0,-29.0,13.0,-27.0,13.0,-23.0,12.0,-21.0,11.0,-16.0,8.0,-12.0,4.0,-8.0,1.0,-4.0,-3.0,0.0,-8.0,3.0,-12.0,6.0,-17.0,7.0,-21.0,8.0,-25.0
3.1132,122.0,-96.0,7.0,0.0,0.0,0.0,0.0,0.0,0.0,0.0,0.0,0.0,-15.0,-11.0,-15.0,-12.0,-14.0,-11.0,-14.0,-12.0,-14.0,-13.0,-14.0,-13.0,-13.0,-13.0,-13.0,-14.0,-12.0,-14.0,-12.0,-14.0,-12.0,-14.0,-12.0,-14.0,-11.0,-14.0,-11.0,-14.0,-11.0,-14.0,-11.0,-14.0,-11.0,-14.0,-10.0,-14.0,-10.0,-14.0,-10.0,-13.0,-10.0,-13.0,-10.0,-13.0,-10.0,-13.0,-10.0,-13.0,-10.0,-12.0,-10.0,-12.0
3.1273,122.0,-96.0,7.0,0.0,0.0,0.0,0.0,0.0,0.0,0.0,0.0,0.0,20.0,-7.0,24.0,-8.0,26.0,-8.0,28.0,-9.0,29.0,-9.0,29.0,-9.0,27.0,-8.0,24.0,-8.0,22.0,-6.0,17.0,-5.0,12.0,-3.0,7.0,0.0,2.0,3.0,-4.0,6.0,-8.0,10.0,-12.0,13.0,-16.0,16.0,-18.0,19.0,-20.0,21.0,-21.0,23.0,-21.0,24.0,-20.0,23.0,-18.0,22.0,-15.0,20.0,-13.0,17.0,-10.0,13.0
3.1423,122.0,-96.0,7.0,0.0,0.0,0.0,0.0,0.0,0.0,0.0,0.0,0.0,-2.0,4.0,-8.0,2.0,-14.0,0.0,-19.0,-1.0,-25.0,-2.0,-29.0,-3.0,-32.0,-2.0,-35.0,-3.0,-35.0,-1.0,-35.0,-1.0,-33.0,0.0,-30.0,0.0,-26.0,-1.0,-21.0,-1.0,-15.0,-2.0,-9.0,-2.0,-2.0,-5.0,4.0,-8.0,10.0,-10.0,15.0,-13.0,19.0,-17.0,20.0,-20.0,24.0,-22.0,23.0,-24.0,22.0,-25.0,21.0,-25.0
3.1576,122.0,-96.0,7.0,0.0,0.0,0.0,0.0,0.0,0.0,0.0,0.0,0.0,5.0,20.0,4.0,16.0,2.0,11.0,-1.0,7.0,-4.0,2.0,-7.0,-3.0,-11.0,-6.0,-15.0,-10.0,-18.0,-14.0,-21.0,-16.0,-23.0,-19.0,-25.0,-19.0,-27.0,-19.0,-26.0,-18.0,-25.0,-16.0,-23.0,-14.0,-20.0,-12.0,-15.0,-10.0,-11.0,-8.0,-5.0,-6.0,0.0,-5.0,6.0,-4.0,12.0,-3.0,17.0,-3.0,21.0,-4.0,24.0,-5.0
3.1721,122.0,-96.0,7.0,0.0,0.0,0.0,0.0,0.0,0.0,0.0,0.0,0.0,-18.0,8.0,-21.0,9.0,-24.0,10.0,-25.0,10.0,-25.0,11.0,-26.0,11.0,-24.0,10.0,-22.0,9.0,-20.0,7.0,-15.0,6.0,-11.0,3.0,-7.0,0.0,-3.0,-3.0,2.0,-7.0,5.0,-11.0,8.0,-14.0,12.0,-17.0,13.0,-20.0,14.0,-22.0,15.0,-24.0,14.0,-25.0,14.0,-24.0,12.0,-23.0,10.0,-20.0,8.0,-17.0,6.0,-13.0
3.1858,122.0,-96.0,7.0,0.0,0.0,0.0,0.0,0.0,0.0,0.0,0.0,0.0,-8.0,19.0,-7.0,15.0,-6.0,10.0,-5.0,5.0,-4.0,-1.0,-4.0,-7.0,-5.0,-12.0,-5.0,-18.0,-6.0,-22.0,-8.0,-26.0,-8.0,-29.0,-10.0,-30.0,-11.0,-30.0,-11.0,-30.0,-11.0,-28.0,-10.0,-25.0,-9.0,-22.0,-7.0,-17.0,-4.0,-12.0,-2.0,-8.0,3.0,-4.0,7.0,1.0,11.0,4.0,15.0,8.0,19.0,9.0,22.0,10.0
3.2,122.0,-96.0,7.0,0.0,0.0,0.0,0.0,0.0,0.0,0.0,0.0,0.0,-23.0,-5.0,-22.0,-6.0,-23.0,-6.0,-22.0,-6.0,-24.0,-7.0,-23.0,-8.0,-22.0,-8.0,-22.0,-9.0,-22.0,-8.0,-22.0,-10.0,-21.0,-10.0,-21.0,-10.0,-21.0,-10.0,-21.0,-11.0,-20.0,-10.0,-21.0,-9.0,-20.0,-10.0,-20.0,-10.0,-19.0,-10.0,-19.0,-9.0,-19.0,-9.0,-18.0,-9.0,-18.0,-9.0,-18.0,-9.0,-18.0,-8.0,-18.0,-7.0
3.2179,122.0,-96.0,7.0,0.0,0.0,0.0,0.0,0.0,0.0,0.0,0.0,0.0,-15.0,-17.0,-15.0,-18.0,-14.0,-18.0,-15.0,-18.0,-14.0,-19.0,-13.0,-19.0,-12.0,-19.0,-12.0,-20.0,-12.0,-20.0,-11.0,-20.0,-11.0,-20.0,-11.0,-20.0,-11.0,-20.0,-10.0,-20.0,-10.0,-20.0,-10.0,-19.0,-10.0,-19.0,-9.0,-19.0,-9.0,-19.0,-9.0,-18.0,-9.0,-19.0,-9.0,-18.0,-9.0,-18.0,-9.0,-18.0,-9.0,-17.0,-10.0,-16.0
3.2323,122.0,-96.0,7.0,0.0,0.0,0.0,0.0,0.0,0.0,0.0,0.0,0.0,21.0,-5.0,22.0,-4.0,22.0,-4.0,22.0,-3.0,22.0,-2.0,23.0,-2.0,22.0,-1.0,22.0,-1.0,22.0,-1.0,22.0,0.0,22.0,0.0,22.0,0.0,21.0,1.0,21.0,1.0,21.0,2.0,21.0,1.0,20.0,2.0,20.0,2.0,21.0,2.0,20.0,2.0,19.0,2.0,19.0,1.0,19.0,1.0,19.0,1.0,18.0,0.0,18.0,0.0
3.2474,122.0,-96.0,7.0,0.0,0.0,0.0,0.0,0.0,0.0,0.0,0.0,0.0,-3.0,3.0,-8.0,2.0,-13.0,0.0,-17.0,-2.0,-22.0,-3.0,-26.0,-3.0,-29.0,-3.0,-31.0,-4.0,-32.0,-3.0,-31.0,-2.0,-29.0,-2.0,-27.0,-2.0,-24.0,-2.0,-19.0,-1.0,-14.0,-2.0,-8.0,-2.0,-1.0,-4.0,3.0,-6.0,9.0,-9.0,14.0,-11.0,17.0,-14.0,19.0,-17.0,22.0,-19.0,21.0,-21.0,21.0,-21.0,20.0,-22.0
3.2603,122.0,-96.0,7.0,0.0,0.0,0.0,0.0,0.0,0.0,0.0,0.0,0.0,2.0,4.0,1.0,9.0,-1.0,13.0,-2.0,17.0,-2.0,21.0,-2.0,24.0,-2.0,26.0,-3.0,28.0,-2.0,27.0,-1.0,27.0,-1.0,24.0,-1.0,22.0,-1.0,18.0,-1.0,13.0,-2.0,9.0,-3.0,4.0,-5.0,-2.0,-7.0,-6.0,-9.0,-11.0,-11.0,-15.0,-13.0,-18.0,-16.0,-19.0,-17.0,-22.0,-18.0,-21.0,-19.0,-20.0,-19.0,-19.0
3.2744,122.0,-96.0,7.0,0.0,0.0,0.0,0.0,0.0,0.0,0.0,0.0,0.0,1.0,-6.0,6.0,-8.0,11.0,-10.0,15.0,-12.0,18.0,-15.0,22.0,-17.0,23.0,-18.0,25.0,-19.0,24.0,-19.0,23.0,-19.0,21.0,-18.0,18.0,-17.0,16.0,-14.0,12.0,-10.0,9.0,-6.0,5.0,-1.0,2.0,4.0,-1.0,9.0,-4.0,15.0,-5.0,18.0,-6.0,24.0,-6.0,26.0,-6.0,28.0,-4.0,29.0,-4.0,29.0,-3.0,28.0
3.2884,122.0,-96.0,7.0,0.0,0.0,0.0,0.0,0.0,0.0,0.0,0.0,0.0,-17.0,3.0,-17.0,3.0,-17.0,3.0,-18.0,3.0,-18.0,2.0,-18.0,1.0,-17.0,2.0,-18.0,1.0,-17.0,1.0,-18.0,0.0,-18.0,0.0,-17.0,0.0,-17.0,0.0,-17.0,-1.0,-17.0,-1.0,-17.0,-1.0,-17.0,-1.0,-16.0,-1.0,-16.0,-1.0,-16.0,-1.0,-16.0,-1.0,-15.0,-1.0,-15.0,-1.0,-15.0,-1.0,-15.0,-1.0,-15.0,0.0
3.3026,122.0,-96.0,7.0,0.0,0.0,0.0,0.0,0.0,0.0,0.0,0.0,0.0,-27.0,-14.0,-26.0,-14.0,-25.0,-14.0,-23.0,-12.0,-20.0,-12.0,-15.0,-9.0,-11.0,-8.0,-5.0,-6.0,0.0,-5.0,6.0,-4.0,12.0,-3.0,17.0,-3.0,21.0,-3.0,26.0,-3.0,28.0,-2.0,31.0,-3.0,31.0,-3.0,31.0,-4.0,28.0,-5.0,26.0,-5.0,21.0,-4.0,17.0,-3.0,12.0,-1.0,7.0,1.0,1.0,3.0,-3.0,6.0
3.3183,122.0,-96.0,7.0,0.0,0.0,0.0,0.0,0.0,0.0,0.0,0.0,0.0,12.0,-14.0,12.0,-14.0,13.0,-13.0,13.0,-13.0,14.0,-13.0,14.0,-12.0,14.0,-12.0,14.0,-12.0,15.0,-11.0,15.0,-11.0,15.0,-11.0,15.0,-11.0,15.0,-10.0,15.0,-10.0,15.0,-10.0,15.0,-9.0,14.0,-9.0,15.0,-9.0,15.0,-9.0,14.0,-9.0,14.0,-9.0,13.0,-9.0,13.0,-9.0,13.0,-9.0,12.0,-9.0,12.0,-9.0
3.3325,122.0,-96.0,7.0,0.0,0.0,0.0,0.0,0.0,0.0,0.0,0.0,0.0,-8.0,0.0,-13.0,-5.0,-17.0,-10.0,-21.0,-14.0,-25.0,-17.0,-30.0,-20.0,-31.0,-20.0,-34.0,-22.0,-34.0,-20.0,-33.0,-19.0,-31.0,-18.0,-27.0,-16.0,-23.0,-14.0,-18.0,-11.0,-11.0,-9.0,-4.0,-6.0,4.0,-5.0,11.0,-4.0,18.0,-4.0,24.0,-5.0,29.0,-5.0,33.0,-7.0,36.0,-8.0,36.0,-9.0,35.0,-10.0,34.0,-11.0
3.3464,122.0,-96.0,7.0,0.0,0.0,0.0,0.0,0.0,0.0,0.0,0.0,0.0,-19.0,2.0,-14.0,1.0,-9.0,-1.0,-4.0,-3.0,1.0,-6.0,6.0,-9.0,9.0,-12.0,14.0,-15.0,17.0,-17.0,19.0,-20.0,21.0,-21.0,21.0,-23.0,21.0,-24.0,20.0,-23.0,17.0,-22.0,15.0,-20.0,12.0,-16.0,10.0,-12.0,7.0,-8.0,4.0,-3.0,3.0,3.0,1.0,8.0,0.0,14.0,-1.0,19.0,0.0,23.0,1.0,25.0
3.3611,122.0,-96.0,7.0,0.0,0.0,0.0,0.0,0.0,0.0,0.0,0.0,0.0,-11.0,15.0,-11.0,15.0,-12.0,15.0,-12.0,15.0,-13.0,15.0,-13.0,14.0,-13.0,14.0,-14.0,13.0,-14.0,13.0,-15.0,13.0,-15.0,13.0,-15.0,12.0,-15.0,12.0,-15.0,12.0,-15.0,11.0,-15.0,12.0,-14.0,11.0,-15.0,11.0,-14.0,10.0,-14.0,11.0,-14.0,10.0,-13.0,10.0,-14.0,10.0,-13.0,10.0,-13.0,10.0,-12.0,10.0
3.3741,122.0,-96.0,7.0,0.0,0.0,0.0,0.0,0.0,0.0,0.0,0.0,0.0,4.0,3.0,4.0,7.0,4.0,12.0,5.0,16.0,6.0,20.0,7.0,23.0,8.0,25.0,8.0,27.0,9.0,26.0,9.0,25.0,8.0,23.0,8.0,20.0,6.0,17.0,4.0,13.0,1.0,9.0,-1.0,4.0,-5.0,0.0,-9.0,-4.0,-12.0,-8.0,-15.0,-10.0,-19.0,-13.0,-21.0,-13.0,-23.0,-14.0,-24.0,-13.0,-24.0,-13.0,-24.0,-12.0
3.3902,122.0,-96.0,7.0,0.0,0.0,0.0,0.0,0.0,0.0,0.0,0.0,0.0,-18.0,-6.0,-18.0,-6.0,-18.0,-7.0,-18.0,-7.0,-18.0,-8.0,-18.0,-8.0,-17.0,-8.0,-18.0,-9.0,-17.0,-9.0,-17.0,-10.0,-17.0,-10.0,-16.0,-10.0,-16.0,-10.0,-16.0,-11.0,-16.0,-11.0,-16.0,-10.0,-16.0,-11.0,-15.0,-10.0,-15.0,-10.0,-15.0,-10.0,-14.0,-10.0,-14.0,-10.0,-14.0,-9.0,-14.0,-9.0,-13.0,-9.0,-14.0,-9.0
3.4029,122.0,-96.0,7.0,0.0,0.0,0.0,0.0,0.0,0.0,0.0,0.0,0.0,-29.0,7.0,-29.0,6.0,-28.0,6.0,-25.0,6.0,-22.0,4.0,-18.0,3.0,-13.0,1.0,-7.0,-2.0,-3.0,-4.0,2.0,-7.0,7.0,-10.0,11.0,-14.0,15.0,-16.0,18.0,-19.0,21.0,-21.0,22.0,-23.0,21.0,-23.0,21.0,-23.0,19.0,-22.0,16.0,-20.0,13.0,-17.0,11.0,-14.0,9.0,-9.0,6.0,-4.0,3.0,1.0,2.0,6.0
3.42,122.0,-96.0,7.0,0.0,0.0,0.0,0.0,0.0,0.0,0.0,0.0,0.0,-14.0,-13.0,-13.0,-13.0,-13.0,-14.0,-14.0,-14.0,-13.0,-15.0,-12.0,-15.0,-12.0,-15.0,-11.0,-15.0,-11.0,-16.0,-11.0,-16.0,-11.0,-16.0,-10.0,-16.0,-10.0,-16.0,-10.0,-16.0,-9.0,-16.0,-9.0,-16.0,-9.0,-15.0,-9.0,-16.0,-9.0,-16.0,-9.0,-15.0,-8.0,-15.0,-9.0,-15.0,-8.0,-15.0,-8.0,-14.0,-8.0,-14.0,-9.0,-13.0
3.4345,122.0,-96.0,7.0,0.0,0.0,0.0,0.0,0.0,0.0,0.0,0.0,0.0,21.0,-2.0,22.0,-1.0,22.0,-1.0,22.0,0.0,22.0,0.0,22.0,1.0,22.0,1.0,22.0,2.0,22.0,2.0,22.0,3.0,22.0,3.0,22.0,3.0,21.0,3.0,21.0,4.0,21.0,4.0,20.0,4.0,20.0,5.0,20.0,5.0,20.0,5.0,19.0,4.0,19.0,4.0,19.0,4.0,18.0,4.0,18.0,4.0,18.0,3.0,18.0,3.0
3.4473,122.0,-96.0,7.0,0.0,0.0,0.0,0.0,0.0,0.0,0.0,0.0,0.0,-1.0,-6.0,2.0,-9.0,5.0,-13.0,7.0,-16.0,10.0,-19.0,11.0,-22.0,12.0,-24.0,13.0,-25.0,12.0,-25.0,11.0,-25.0,10.0,-23.0,9.0,-20.0,8.0,-17.0,6.0,-13.0,5.0,-8.0,3.0,-3.0,3.0,2.0,3.0,7.0,3.0,13.0,3.0,17.0,4.0,21.0,6.0,23.0,6.0,25.0,8.0,25.0,9.0,25.0,8.0,24.0
3.4605,122.0,-96.0,7.0,0.0,0.0,0.0,0.0,0.0,0.0,0.0,0.0,0.0,1.0,18.0,0.0,18.0,0.0,18.0,0.0,18.0,-1.0,18.0,-1.0,19.0,-2.0,18.0,-3.0,18.0,-3.0,18.0,-3.0,18.0,-3.0,18.0,-3.0,18.0,-3.0,18.0,-4.0,18.0,-4.0,17.0,-4.0,17.0,-4.0,17.0,-4.0,16.0,-4.0,17.0,-4.0,16.0,-4.0,16.0,-4.0,15.0,-4.0,15.0,-3.0,15.0,-3.0,15.0,-3.0,15.0
3.4723,122.0,-96.0,7.0,0.0,0.0,0.0,0.0,0.0,0.0,0.0,0.0,0.0,-7.0,-20.0,-5.0,-16.0,-2.0,-10.0,2.0,-5.0,5.0,0.0,10.0,5.0,14.0,8.0,18.0,12.0,22.0,15.0,25.0,16.0,28.0,18.0,29.0,18.0,30.0,17.0,29.0,16.0,27.0,14.0,23.0,12.0,20.0,10.0,14.0,8.0,9.0,6.0,3.0,4.0,-4.0,5.0,-10.0,3.0,-16.0,4.0,-22.0,4.0,-25.0,6.0,-28.0,8.0
3.4857,122.0,-96.0,7.0,0.0,0.0,0.0,0.0,0.0,0.0,0.0,0.0,0.0,5.0,-3.0,10.0,-2.0,14.0,0.0,19.0,2.0,23.0,2.0,27.0,3.0,29.0,3.0,31.0,3.0,31.0,2.0,30.0,2.0,27.0,1.0,24.0,1.0,20.0,1.0,15.0,1.0,10.0,2.0,4.0,2.0,-2.0,4.0,-7.0,7.0,-12.0,8.0,-16.0,11.0,-20.0,14.0,-22.0,16.0,-24.0,18.0,-23.0,19.0,-22.0,19.0,-21.0,19.0
3.4986,122.0,-96.0,7.0,0.0,0.0,0.0,0.0,0.0,0.0,0.0,0.0,0.0,-27.0,-2.0,-27.0,-2.0,-26.0,-2.0,-23.0,-2.0,-20.0,-2.0,-16.0,-2.0,-12.0,-2.0,-6.0,-3.0,-1.0,-4.0,4.0,-6.0,9.0,-7.0,13.0,-9.0,16.0,-11.0,20.0,-12.0,23.0,-14.0,24.0,-15.0,24.0,-16.0,23.0,-16.0,21.0,-15.0,19.0,-14.0,15.0,-12.0,12.0,-10.0,9.0,-6.0,6.0,-2.0,2.0,2.0,0.0,6.0
3.5139,122.0,-96.0,7.0,0.0,0.0,0.0,0.0,0.0,0.0,0.0,0.0,0.0,-6.0,2.0,-11.0,0.0,-16.0,-2.0,-19.0,-4.0,-24.0,-4.0,-27.0,-5.0,-30.0,-5.0,-31.0,-6.0,-31.0,-4.0,-31.0,-4.0,-28.0,-4.0,-25.0,-3.0,-21.0,-3.0,-16.0,-3.0,-11.0,-4.0,-5.0,-4.0,2.0,-5.0,7.0,-7.0,12.0,-9.0,16.0,-11.0,20.0,-13.0,22.0,-16.0,25.0,-17.0,24.0,-18.0,23.0,-19.0,22.0,-18.0
3.5302,122.0,-96.0,7.0,0.0,0.0,0.0,0.0,0.0,0.0,0.0,0.0,0.0,-10.0,-14.0,-9.0,-14.0,-9.0,-15.0,-8.0,-15.0,-8.0,-16.0,-8.0,-15.0,-7.0,-15.0,-7.0,-16.0,-6.0,-16.0,-6.0,-16.0,-6.0,-16.0,-6.0,-16.0,-5.0,-16.0,-5.0,-16.0,-5.0,-16.0,-5.0,-16.0,-5.0,-15.0,-4.0,-16.0,-4.0,-15.0,-4.0,-15.0,-4.0,-15.0,-4.0,-14.0,-4.0,-14.0,-4.0,-14.0,-5.0,-14.0,-5.0,-13.0
3.5441,122.0,-96.0,7.0,0.0,0.0,0.0,0.0,0.0,0.0,0.0,0.0,0.0,17.0,-21.0,14.0,-16.0,10.0,-11.0,7.0,-5.0,4.0,2.0,1.0,8.0,0.0,15.0,-3.0,22.0,-4.0,27.0,-4.0,32.0,-4.0,36.0,-3.0,38.0,-2.0,39.0,-2.0,39.0,-1.0,36.0,0.0,32.0,0.0,28.0,-1.0,22.0,-2.0,15.0,-3.0,8.0,-6.0,2.0,-8.0,-6.0,-12.0,-12.0,-15.0,-18.0,-18.0,-21.0,-22.0,-24.0
3.5584,122.0,-96.0,7.0,0.0,0.0,0.0,0.0,0.0,0.0,0.0,0.0,0.0,21.0,-3.0,22.0,-2.0,21.0,-2.0,22.0,-1.0,22.0,-1.0,22.0,0.0,21.0,0.0,22.0,1.0,22.0,1.0,22.0,1.0,22.0,2.0,22.0,2.0,21.0,2.0,21.0,2.0,21.0,3.0,20.0,3.0,20.0,3.0,20.0,3.0,20.0,3.0,19.0,3.0,19.0,3.0,19.0,2.0,19.0,2.0,18.0,2.0,18.0,1.0,18.0,1.0
3.5718,122.0,-96.0,7.0,0.0,0.0,0.0,0.0,0.0,0.0,0.0,0.0,0.0,16.0,9.0,18.0,12.0,20.0,13.0,22.0,14.0,23.0,14.0,23.0,15.0,22.0,14.0,19.0,12.0,17.0,11.0,13.0,9.0,8.0,7.0,4.0,5.0,-2.0,3.0,-7.0,1.0,-12.0,1.0,-16.0,0.0,-21.0,0.0,-25.0,0.0,-27.0,0.0,-28.0,1.0,-28.0,1.0,-28.0,2.0,-26.0,2.0,-23.0,2.0,-19.0,2.0,-15.0,1.0
3.5866,122.0,-96.0,7.0,0.0,0.0,0.0,0.0,0.0,0.0,0.0,0.0,0.0,8.0,-20.0,9.0,-23.0,10.0,-25.0,10.0,-25.0,10.0,-26.0,10.0,-25.0,10.0,-23.0,8.0,-20.0,8.0,-17.0,6.0,-13.0,5.0,-8.0,4.0,-3.0,3.0,2.0,2.0,8.0,3.0,13.0,2.0,18.0,3.0,22.0,4.0,24.0,4.0,26.0,5.0,27.0,6.0,27.0,6.0,26.0,6.0,24.0,6.0,20.0,5.0,16.0,3.0,12.0
3.6004,122.0,-96.0,7.0,0.0,0.0,0.0,0.0,0.0,0.0,0.0,0.0,0.0,-6.0,-19.0,-6.0,-23.0,-7.0,-25.0,-7.0,-26.0,-7.0,-27.0,-7.0,-27.0,-6.0,-26.0,-6.0,-23.0,-5.0,-21.0,-4.0,-16.0,-2.0,-12.0,0.0,-7.0,3.0,-3.0,5.0,3.0,9.0,7.0,11.0,11.0,14.0,14.0,17.0,16.0,18.0,18.0,20.0,19.0,21.0,18.0,20.0,18.0,19.0,16.0,17.0,14.0,15.0,11.0,11.0,9.0
3.6152,122.0,-96.0,7.0,0.0,0.0,0.0,0.0,0.0,0.0,0.0,0.0,0.0,29.0,-4.0,29.0,-3.0,27.0,-3.0,25.0,-3.0,21.0,-2.0,17.0,-1.0,12.0,0.0,6.0,2.0,1.0,3.0,-4.0,6.0,-9.0,8.0,-13.0,11.0,-17.0,13.0,-22.0,16.0,-24.0,17.0,-26.0,19.0,-26.0,19.0,-25.0,19.0,-23.0,18.0,-20.0,17.0,-17.0,14.0,-13.0,11.0,-10.0,7.0,-7.0,2.0,-4.0,-3.0,-2.0,-8.0
3.63,122.0,-96.0,7.0,0.0,0.0,0.0,0.0,0.0,0.0,0.0,0.0,0.0,-19.0,9.0,-22.0,10.0,-24.0,11.0,-25.0,11.0,-25.0,12.0,-24.0,11.0,-23.0,10.0,-20.0,9.0,-18.0,7.0,-13.0,5.0,-9.0,2.0,-5.0,-1.0,-1.0,-5.0,3.0,-9.0,6.0,-13.0,9.0,-16.0,11.0,-19.0,13.0,-22.0,14.0,-24.0,14.0,-25.0,13.0,-25.0,13.0,-25.0,11.0,-23.0,9.0,-20.0,7.0,-17.0,5.0,-12.0
3.6412,122.0,-96.0,7.0,0.0,0.0,0.0,0.0,0.0,0.0,0.0,0.0,0.0,2.0,-5.0,8.0,-2.0,13.0,1.0,18.0,3.0,23.0,4.0,28.0,5.0,31.0,5.0,34.0,6.0,34.0,5.0,33.0,5.0,32.0,4.0,29.0,3.0,25.0,3.0,19.0,2.0,14.0,3.0,7.0,2.0,0.0,4.0,-6.0,6.0,-12.0,8.0,-17.0,10.0,-22.0,13.0,-24.0,16.0,-27.0,18.0,-27.0,20.0,-26.0,21.0,-25.0,21.0
3.656,122.0,-96.0,7.0,0.0,0.0,0.0,0.0,0.0,0.0,0.0,0.0,0.0,2.0,-19.0,2.0,-20.0,2.0,-19.0,3.0,-20.0,3.0,-20.0,4.0,-20.0,4.0,-19.0,5.0,-19.0,5.0,-19.0,5.0,-19.0,5.0,-19.0,6.0,-19.0,6.0,-18.0,6.0,-18.0,6.0,-18.0,6.0,-18.0,6.0,-18.0,6.0,-17.0,6.0,-18.0,6.0,-17.0,6.0,-16.0,5.0,-16.0,5.0,-16.0,5.0,-16.0,5.0,-16.0,4.0,-16.0
3.6691,122.0,-96.0,7.0,0.0,0.0,0.0,0.0,0.0,0.0,0.0,0.0,0.0,22.0,13.0,22.0,12.0,20.0,12.0,18.0,10.0,14.0,9.0,10.0,7.0,6.0,6.0,1.0,3.0,-4.0,2.0,-9.0,2.0,-14.0,1.0,-18.0,1.0,-22.0,1.0,-26.0,0.0,-28.0,0.0,-29.0,0.0,-29.0,1.0,-28.0,1.0,-26.0,1.0,-23.0,2.0,-18.0,1.0,-14.0,1.0,-10.0,-1.0,-5.0,-3.0,0.0,-5.0,4.0,-7.0
3.6818,122.0,-96.0,7.0,0.0,0.0,0.0,0.0,0.0,0.0,0.0,0.0,0.0,4.0,-2.0,9.0,0.0,12.0,3.0,16.0,5.0,20.0,6.0,23.0,8.0,25.0,8.0,27.0,9.0,26.0,8.0,25.0,7.0,23.0,6.0,21.0,5.0,17.0,5.0,13.0,3.0,8.0,4.0,3.0,3.0,-3.0,4.0,-8.0,4.0,-13.0,5.0,-17.0,6.0,-21.0,8.0,-23.0,9.0,-25.0,10.0,-24.0,12.0,-24.0,12.0,-23.0,13.0
3.6964,122.0,-96.0,7.0,0.0,0.0,0.0,0.0,0.0,0.0,0.0,0.0,0.0,-13.0,12.0,-13.0,12.0,-13.0,11.0,-13.0,12.0,-14.0,11.0,-15.0,12.0,-14.0,11.0,-15.0,11.0,-15.0,11.0,-15.0,11.0,-15.0,11.0,-15.0,11.0,-15.0,11.0,-16.0,11.0,-16.0,11.0,-16.0,11.0,-16.0,11.0,-17.0,10.0,-17.0,10.0,-16.0,10.0,-17.0,10.0,-16.0,10.0,-16.0,10.0,-16.0,10.0,-15.0,10.0,-15.0,10.0
3.7105,122.0,-96.0,7.0,0.0,0.0,0.0,0.0,0.0,0.0,0.0,0.0,0.0,9.0,18.0,9.0,21.0,10.0,23.0,10.0,24.0,11.0,25.0,10.0,24.0,9.0,22.0,8.0,19.0,7.0,17.0,4.0,12.0,2.0,9.0,-2.0,4.0,-5.0,0.0,-9.0,-4.0,-13.0,-7.0,-16.0,-10.0,-19.0,-12.0,-22.0,-14.0,-24.0,-15.0,-25.0,-15.0,-25.0,-14.0,-25.0,-14.0,-23.0,-12.0,-20.0,-10.0,-16.0,-8.0,-13.0,-6.0
3.7252,122.0,-96.0,7.0,0.0,0.0,0.0,0.0,0.0,0.0,0.0,0.0,0.0,16.0,7.0,12.0,6.0,7.0,5.0,1.0,4.0,-5.0,3.0,-10.0,3.0,-15.0,4.0,-20.0,4.0,-24.0,4.0,-27.0,5.0,-30.0,6.0,-31.0,7.0,-31.0,8.0,-30.0,8.0,-28.0,8.0,-23.0,7.0,-20.0,6.0,-15.0,4.0,-11.0,1.0,-6.0,-2.0,-2.0,-6.0,3.0,-9.0,7.0,-13.0,10.0,-17.0,11.0,-21.0,12.0,-24.0
3.7394,122.0,-96.0,7.0,0.0,0.0,0.0,0.0,0.0,0.0,0.0,0.0,0.0,-21.0,-1.0,-17.0,-1.0,-12.0,-2.0,-7.0,-3.0,-1.0,-5.0,4.0,-6.0,8.0,-9.0,14.0,-11.0,18.0,-13.0,21.0,-15.0,24.0,-17.0,25.0,-18.0,25.0,-20.0,25.0,-20.0,23.0,-19.0,19.0,-17.0,16.0,-15.0,13.0,-11.0,10.0,-8.0,6.0,-3.0,3.0,2.0,1.0,7.0,-2.0,12.0,-4.0,17.0,-4.0,21.0,-3.0,25.0
3.7527,122.0,-96.0,7.0,0.0,0.0,0.0,0.0,0.0,0.0,0.0,0.0,0.0,4.0,-2.0,7.0,2.0,9.0,7.0,11.0,11.0,15.0,15.0,17.0,18.0,20.0,20.0,21.0,22.0,22.0,21.0,22.0,21.0,21.0,19.0,19.0,18.0,16.0,15.0,13.0,12.0,8.0,9.0,4.0,6.0,-2.0,3.0,-8.0,1.0,-13.0,0.0,-18.0,-1.0,-23.0,-2.0,-26.0,-1.0,-30.0,-2.0,-31.0,0.0,-31.0,1.0,-30.0,2.0
3.7649,122.0,-96.0,7.0,0.0,0.0,0.0,0.0,0.0,0.0,0.0,0.0,0.0,-18.0,-12.0,-15.0,-10.0,-10.0,-7.0,-5.0,-6.0,1.0,-4.0,7.0,-3.0,12.0,-3.0,17.0,-3.0,22.0,-2.0,26.0,-3.0,29.0,-3.0,30.0,-4.0,31.0,-5.0,31.0,-5.0,29.0,-5.0,25.0,-5.0,22.0,-4.0,17.0,-3.0,12.0,-2.0,7.0,0.0,2.0,3.0,-3.0,6.0,-8.0,10.0,-12.0,13.0,-14.0,17.0,-16.0,20.0
3.7792,122.0,-96.0,7.0,0.0,0.0,0.0,0.0,0.0,0.0,0.0,0.0,0.0,-7.0,19.0,-6.0,15.0,-5.0,10.0,-5.0,5.0,-5.0,-1.0,-5.0,-7.0,-6.0,-11.0,-6.0,-18.0,-7.0,-22.0,-8.0,-26.0,-8.0,-29.0,-10.0,-30.0,-11.0,-31.0,-11.0,-30.0,-11.0,-28.0,-10.0,-24.0,-9.0,-21.0,-7.0,-17.0,-4.0,-12.0,-1.0,-8.0,3.0,-4.0,7.0,1.0,11.0,5.0,15.0,9.0,19.0,10.0,22.0,11.0
3.7935,122.0,-96.0,7.0,0.0,0.0,0.0,0.0,0.0,0.0,0.0,0.0,0.0,22.0,12.0,23.0,12.0,21.0,11.0,20.0,11.0,16.0,10.0,13.0,8.0,9.0,6.0,4.0,5.0,-1.0,3.0,-7.0,2.0,-11.0,2.0,-16.0,1.0,-20.0,1.0,-24.0,0.0,-27.0,0.0,-29.0,1.0,-29.0,2.0,-29.0,2.0,-27.0,2.0,-24.0,2.0,-20.0,2.0,-16.0,1.0,-12.0,0.0,-7.0,-2.0,-2.0,-4.0,2.0,-6.0
3.8092,122.0,-96.0,7.0,0.0,0.0,0.0,0.0,0.0,0.0,0.0,0.0,0.0,18.0,-10.0,19.0,-10.0,19.0,-10.0,20.0,-10.0,20.0,-9.0,20.0,-9.0,20.0,-8.0,20.0,-8.0,21.0,-7.0,21.0,-7.0,21.0,-7.0,21.0,-6.0,20.0,-6.0,21.0,-6.0,21.0,-6.0,20.0,-5.0,20.0,-5.0,20.0,-5.0,20.0,-5.0,19.0,-5.0,19.0,-5.0,18.0,-6.0,18.0,-5.0,18.0,-5.0,18.0,-6.0,17.0,-6.0
3.8229,122.0,-96.0,7.0,0.0,0.0,0.0,0.0,0.0,0.0,0.0,0.0,0.0,-13.0,16.0,-11.0,13.0,-9.0,8.0,-6.0,4.0,-4.0,-2.0,-2.0,-8.0,-2.0,-13.0,-1.0,-18.0,0.0,-23.0,0.0,-27.0,0.0,-30.0,0.0,-32.0,-1.0,-32.0,-2.0,-32.0,-2.0,-30.0,-3.0,-26.0,-3.0,-23.0,-2.0,-18.0,-1.0,-13.0,1.0,-8.0,4.0,-3.0,6.0,3.0,9.0,8.0,12.0,12.0,15.0,15.0,18.0,17.0
3.8364,122.0,-96.0,7.0,0.0,0.0,0.0,0.0,0.0,0.0,0.0,0.0,0.0,3.0,-5.0,8.0,-5.0,13.0,-6.0,18.0,-6.0,23.0,-7.0,26.0,-8.0,28.0,-9.0,30.0,-9.0,29.0,-10.0,29.0,-10.0,26.0,-10.0,23.0,-9.0,19.0,-7.0,14.0,-5.0,10.0,-2.0,5.0,0.0,0.0,5.0,-4.0,9.0,-8.0,12.0,-11.0,16.0,-14.0,20.0,-14.0,23.0,-16.0,26.0,-14.0,27.0,-13.0,26.0,-13.0,26.0
3.85,122.0,-96.0,7.0,0.0,0.0,0.0,0.0,0.0,0.0,0.0,0.0,0.0,9.0,15.0,8.0,15.0,8.0,15.0,8.0,16.0,7.0,16.0,7.0,16.0,6.0,17.0,6.0,17.0,5.0,16.0,5.0,17.0,5.0,17.0,5.0,17.0,5.0,17.0,4.0,17.0,4.0,17.0,4.0,17.0,3.0,16.0,3.0,16.0,3.0,16.0,3.0,16.0,3.0,16.0,3.0,15.0,3.0,15.0,4.0,15.0,4.0,15.0,4.0,14.0
3.8656,122.0,-96.0,7.0,0.0,0.0,0.0,0.0,0.0,0.0,0.0,0.0,0.0,-11.0,23.0,-13.0,26.0,-14.0,29.0,-14.0,30.0,-14.0,30.0,-14.0,30.0,-13.0,27.0,-12.0,24.0,-11.0,20.0,-8.0,14.0,-7.0,9.0,-6.0,2.0,-5.0,-4.0,-4.0,-11.0,-4.0,-17.0,-4.0,-23.0,-4.0,-28.0,-5.0,-32.0,-6.0,-34.0,-6.0,-36.0,-7.0,-35.0,-7.0,-33.0,-7.0,-31.0,-7.0,-26.0,-6.0,-22.0,-4.0,-17.0
3.8768,122.0,-96.0,7.0,0.0,0.0,0.0,0.0,0.0,0.0,0.0,0.0,0.0,7.0,18.0,7.0,19.0,6.0,18.0,6.0,20.0,5.0,19.0,5.0,20.0,5.0,19.0,4.0,20.0,4.0,20.0,3.0,20.0,3.0,20.0,3.0,20.0,3.0,20.0,2.0,20.0,2.0,20.0,2.0,19.0,2.0,19.0,2.0,19.0,1.0,19.0,2.0,18.0,2.0,18.0,2.0,17.0,2.0,17.0,2.0,17.0,2.0,17.0,3.0,17.0
3.8909,122.0,-96.0,7.0,0.0,0.0,0.0,0.0,0.0,0.0,0.0,0.0,0.0,-18.0,-21.0,-17.0,-20.0,-17.0,-20.0,-15.0,-18.0,-13.0,-16.0,-10.0,-13.0,-7.0,-10.0,-3.0,-6.0,1.0,-4.0,6.0,-1.0,11.0,1.0,14.0,3.0,18.0,5.0,22.0,7.0,25.0,8.0,27.0,8.0,27.0,7.0,27.0,7.0,25.0,6.0,23.0,5.0,19.0,3.0,15.0,3.0,11.0,3.0,5.0,3.0,0.0,3.0,-5.0,4.0
3.9056,122.0,-96.0,7.0,0.0,0.0,0.0,0.0,0.0,0.0,0.0,0.0,0.0,-9.0,24.0,-9.0,24.0,-9.0,22.0,-7.0,20.0,-7.0,15.0,-6.0,12.0,-5.0,7.0,-4.0,2.0,-4.0,-3.0,-4.0,-8.0,-5.0,-13.0,-5.0,-18.0,-6.0,-21.0,-6.0,-25.0,-7.0,-27.0,-7.0,-28.0,-8.0,-28.0,-8.0,-27.0,-8.0,-25.0,-8.0,-22.0,-6.0,-17.0,-5.0,-14.0,-2.0,-10.0,0.0,-5.0,3.0,-1.0,7.0,2.0
3.9186,122.0,-96.0,7.0,0.0,0.0,0.0,0.0,0.0,0.0,0.0,0.0,0.0,-24.0,-13.0,-18.0,-10.0,-13.0,-8.0,-7.0,-7.0,0.0,-5.0,8.0,-4.0,14.0,-5.0,21.0,-4.0,27.0,-4.0,32.0,-5.0,36.0,-5.0,37.0,-7.0,38.0,-8.0,38.0,-8.0,35.0,-9.0,31.0,-9.0,27.0,-8.0,21.0,-6.0,15.0,-3.0,9.0,0.0,3.0,4.0,-3.0,8.0,-8.0,13.0,-13.0,18.0,-15.0,22.0,-17.0,26.0
3.9322,122.0,-96.0,7.0,0.0,0.0,0.0,0.0,0.0,0.0,0.0,0.0,0.0,-7.0,22.0,-6.0,17.0,-5.0,12.0,-5.0,6.0,-5.0,-1.0,-5.0,-7.0,-7.0,-12.0,-8.0,-18.0,-9.0,-24.0,-10.0,-28.0,-10.0,-32.0,-12.0,-33.0,-13.0,-33.0,-13.0,-33.0,-13.0,-30.0,-13.0,-27.0,-11.0,-23.0,-9.0,-18.0,-5.0,-14.0,-2.0,-9.0,3.0,-4.0,8.0,1.0,12.0,5.0,17.0,9.0,21.0,10.0,25.0,11.0
3.9472,122.0,-96.0,7.0,0.0,0.0,0.0,0.0,0.0,0.0,0.0,0.0,0.0,8.0,18.0,5.0,14.0,2.0,9.0,-2.0,5.0,-7.0,0.0,-11.0,-5.0,-15.0,-7.0,-20.0,-11.0,-24.0,-14.0,-27.0,-16.0,-30.0,-17.0,-31.0,-17.0,-32.0,-16.0,-31.0,-15.0,-29.0,-13.0,-26.0,-10.0,-21.0,-9.0,-16.0,-7.0,-10.0,-6.0,-4.0,-5.0,2.0,-6.0,8.0,-6.0,15.0,-6.0,21.0,-6.0,24.0,-9.0,27.0,-10.0
3.9601,122.0,-96.0,7.0,0.0,0.0,0.0,0.0,0.0,0.0,0.0,0.0,0.0,11.0,14.0,10.0,14.0,10.0,14.0,10.0,14.0,10.0,15.0,9.0,15.0,9.0,15.0,9.0,16.0,8.0,16.0,8.0,16.0,8.0,16.0,8.0,16.0,7.0,16.0,7.0,16.0,7.0,16.0,7.0,16.0,6.0,15.0,6.0,16.0,6.0,15.0,7.0,15.0,6.0,15.0,6.0,14.0,6.0,15.0,6.0,14.0,6.0,13.0,7.0,13.0
3.9743,122.0,-96.0,7.0,0.0,0.0,0.0,0.0,0.0,0.0,0.0,0.0,0.0,3.0,3.0,5.0,7.0,5.0,12.0,6.0,16.0,7.0,19.0,8.0,23.0,9.0,25.0,9.0,26.0,10.0,26.0,10.0,24.0,9.0,22.0,8.0,20.0,6.0,17.0,5.0,12.0,2.0,9.0,-1.0,4.0,-5.0,0.0,-9.0,-3.0,-13.0,-7.0,-16.0,-10.0,-20.0,-12.0,-22.0,-12.0,-24.0,-13.0,-25.0,-12.0,-25.0,-11.0,-25.0,-11.0
3.9891,122.0,-96.0,7.0,0.0,0.0,0.0,0.0,0.0,0.0,0.0,0.0,0.0,-5.0,-4.0,-6.0,-9.0,-6.0,-14.0,-6.0,-19.0,-7.0,-24.0,-8.0,-27.0,-9.0,-29.0,-10.0,-31.0,-11.0,-30.0,-10.0,-29.0,-10.0,-26.0,-9.0,-24.0,-7.0,-20.0,-5.0,-15.0,-2.0,-11.0,0.0,-6.0,4.0,-1.0,9.0,3.0,12.0,7.0,16.0,10.0,20.0,13.0,23.0,13.0,25.0,15.0,26.0,14.0,26.0,12.0,26.0,12.0
4.0042,122.0,-96.0,7.0,0.0,0.0,0.0,0.0,0.0,0.0,0.0,0.0,0.0,1.0,20.0,0.0,16.0,-1.0,11.0,-2.0,6.0,-4.0,1.0,-7.0,-5.0,-10.0,-9.0,-12.0,-13.0,-15.0,-18.0,-17.0,-21.0,-19.0,-23.0,-20.0,-24.0,-22.0,-24.0,-22.0,-24.0,-21.0,-22.0,-19.0,-18.0,-16.0,-16.0,-13.0,-13.0,-9.0,-10.0,-4.0,-7.0,2.0,-5.0,6.0,-2.0,12.0,0.0,18.0,2.0,21.0,1.0,25.0,0.0
4.0207,122.0,-96.0,7.0,0.0,0.0,0.0,0.0,0.0,0.0,0.0,0.0,0.0,-10.0,-20.0,-9.0,-21.0,-9.0,-21.0,-9.0,-21.0,-8.0,-21.0,-7.0,-22.0,-7.0,-22.0,-7.0,-22.0,-6.0,-22.0,-6.0,-22.0,-5.0,-22.0,-5.0,-22.0,-5.0,-22.0,-5.0,-22.0,-4.0,-22.0,-4.0,-21.0,-4.0,-21.0,-3.0,-21.0,-4.0,-21.0,-4.0,-20.0,-4.0,-20.0,-4.0,-19.0,-4.0,-19.0,-4.0,-19.0,-4.0,-19.0,-5.0,-18.0
4.035,122.0,-96.0,7.0,0.0,0.0,0.0,0.0,0.0,0.0,0.0,0.0,0.0,-1.0,4.0,-6.0,5.0,-12.0,4.0,-17.0,5.0,-21.0,6.0,-25.0,7.0,-28.0,8.0,-30.0,8.0,-30.0,9.0,-29.0,9.0,-28.0,9.0,-25.0,8.0,-22.0,7.0,-17.0,6.0,-14.0,3.0,-8.0,0.0,-3.0,-3.0,1.0,-8.0,5.0,-12.0,9.0,-16.0,11.0,-20.0,12.0,-23.0,14.0,-26.0,12.0,-27.0,12.0,-28.0,11.0,-28.0
4.0504,122.0,-96.0,7.0,0.0,0.0,0.0,0.0,0.0,0.0,0.0,0.0,0.0,-21.0,-8.0,-21.0,-9.0,-21.0,-9.0,-21.0,-10.0,-20.0,-11.0,-21.0,-11.0,-20.0,-11.0,-20.0,-12.0,-19.0,-12.0,-19.0,-13.0,-19.0,-13.0,-18.0,-13.0,-18.0,-13.0,-18.0,-14.0,-17.0,-14.0,-17.0,-14.0,-17.0,-14.0,-16.0,-14.0,-16.0,-14.0,-16.0,-13.0,-16.0,-13.0,-16.0,-12.0,-15.0,-12.0,-15.0,-12.0,-15.0,-12.0,-15.0,-11.0
4.0634,122.0,-96.0,7.0,0.0,0.0,0.0,0.0,0.0,0.0,0.0,0.0,0.0,19.0,8.0,22.0,11.0,24.0,12.0,26.0,13.0,27.0,13.0,27.0,13.0,26.0,12.0,23.0,11.0,20.0,10.0,15.0,8.0,10.0,6.0,4.0,5.0,-1.0,4.0,-8.0,2.0,-13.0,2.0,-18.0,2.0,-23.0,2.0,-27.0,3.0,-30.0,3.0,-32.0,4.0,-31.0,5.0,-31.0,5.0,-29.0,5.0,-25.0,5.0,-21.0,4.0,-17.0,3.0
4.0774,122.0,-96.0,7.0,0.0,0.0,0.0,0.0,0.0,0.0,0.0,0.0,0.0,-15.0,11.0,-12.0,7.0,-8.0,3.0,-5.0,-1.0,-2.0,-6.0,1.0,-10.0,2.0,-15.0,5.0,-20.0,6.0,-24.0,7.0,-27.0,8.0,-30.0,8.0,-31.0,7.0,-31.0,6.0,-30.0,5.0,-28.0,3.0,-24.0,3.0,-20.0,3.0,-16.0,3.0,-10.0,3.0,-5.0,5.0,1.0,6.0,6.0,7.0,12.0,9.0,17.0,11.0,20.0,13.0,22.0
4.0908,122.0,-96.0,7.0,0.0,0.0,0.0,0.0,0.0,0.0,0.0,0.0,0.0,14.0,-23.0,14.0,-23.0,13.0,-21.0,12.0,-20.0,11.0,-17.0,9.0,-13.0,7.0,-9.0,4.0,-4.0,3.0,0.0,2.0,6.0,1.0,11.0,0.0,15.0,-1.0,19.0,-1.0,24.0,-2.0,26.0,-1.0,28.0,-1.0,28.0,0.0,28.0,0.0,26.0,0.0,23.0,1.0,19.0,0.0,15.0,-1.0,11.0,-2.0,6.0,-4.0,1.0,-6.0,-4.0
4.1071,122.0,-96.0,7.0,0.0,0.0,0.0,0.0,0.0,0.0,0.0,0.0,0.0,-20.0,-11.0,-20.0,-12.0,-20.0,-12.0,-20.0,-13.0,-19.0,-13.0,-19.0,-14.0,-18.0,-14.0,-18.0,-15.0,-17.0,-15.0,-17.0,-16.0,-17.0,-16.0,-17.0,-16.0,-16.0,-16.0,-16.0,-16.0,-15.0,-16.0,-15.0,-16.0,-15.0,-16.0,-15.0,-16.0,-14.0,-16.0,-14.0,-15.0,-14.0,-15.0,-14.0,-14.0,-13.0,-15.0,-14.0,-14.0,-13.0,-14.0,-14.0,-13.0
4.1212,122.0,-96.0,7.0,0.0,0.0,0.0,0.0,0.0,0.0,0.0,0.0,0.0,5.0,-19.0,6.0,-22.0,7.0,-24.0,7.0,-26.0,7.0,-27.0,7.0,-27.0,7.0,-25.0,6.0,-23.0,6.0,-20.0,5.0,-15.0,4.0,-11.0,3.0,-6.0,3.0,-1.0,3.0,5.0,3.0,11.0,4.0,15.0,5.0,20.0,6.0,23.0,7.0,25.0,7.0,26.0,8.0,27.0,8.0,26.0,8.0,24.0,8.0,21.0,7.0,17.0,5.0,13.0
4.1362,122.0,-96.0,7.0,0.0,0.0,0.0,0.0,0.0,0.0,0.0,0.0,0.0,4.0,28.0,3.0,28.0,3.0,27.0,3.0,24.0,2.0,21.0,1.0,17.0,-1.0,12.0,-2.0,6.0,-4.0,1.0,-7.0,-4.0,-9.0,-9.0,-12.0,-13.0,-15.0,-17.0,-17.0,-21.0,-19.0,-24.0,-20.0,-25.0,-21.0,-25.0,-21.0,-24.0,-20.0,-22.0,-19.0,-19.0,-16.0,-16.0,-12.0,-13.0,-8.0,-10.0,-3.0,-7.0,1.0,-4.0,6.0,-2.0
4.1504,122.0,-96.0,7.0,0.0,0.0,0.0,0.0,0.0,0.0,0.0,0.0,0.0,21.0,1.0,21.0,2.0,21.0,2.0,22.0,2.0,21.0,3.0,22.0,4.0,21.0,4.0,21.0,5.0,21.0,5.0,20.0,5.0,21.0,6.0,20.0,6.0,20.0,6.0,20.0,7.0,20.0,7.0,19.0,6.0,19.0,7.0,18.0,7.0,19.0,7.0,18.0,6.0,18.0,6.0,18.0,5.0,17.0,5.0,17.0,6.0,17.0,5.0,17.0,4.0
4.1663,122.0,-96.0,7.0,0.0,0.0,0.0,0.0,0.0,0.0,0.0,0.0,0.0,12.0,16.0,9.0,13.0,6.0,9.0,2.0,6.0,-3.0,3.0,-8.0,-1.0,-13.0,-3.0,-17.0,-5.0,-22.0,-7.0,-25.0,-8.0,-28.0,-10.0,-30.0,-10.0,-31.0,-9.0,-31.0,-9.0,-29.0,-7.0,-26.0,-5.0,-22.0,-5.0,-18.0,-4.0,-12.0,-4.0,-7.0,-4.0,-1.0,-5.0,4.0,-6.0,10.0,-7.0,16.0,-9.0,19.0,-11.0,21.0,-13.0
4.1798,122.0,-96.0,7.0,0.0,0.0,0.0,0.0,0.0,0.0,0.0,0.0,0.0,2.0,-17.0,3.0,-17.0,3.0,-17.0,3.0,-17.0,4.0,-17.0,5.0,-17.0,5.0,-16.0,5.0,-16.0,5.0,-16.0,6.0,-16.0,6.0,-16.0,6.0,-16.0,7.0,-15.0,7.0,-15.0,7.0,-15.0,7.0,-15.0,7.0,-15.0,7.0,-15.0,7.0,-14.0,6.0,-14.0,6.0,-14.0,6.0,-14.0,6.0,-13.0,6.0,-13.0,6.0,-13.0,5.0,-13.0
4.1944,122.0,-96.0,7.0,0.0,0.0,0.0,0.0,0.0,0.0,0.0,0.0,0.0,16.0,6.0,12.0,5.0,7.0,4.0,2.0,4.0,-4.0,3.0,-10.0,3.0,-15.0,4.0,-20.0,5.0,-24.0,5.0,-27.0,6.0,-30.0,6.0,-31.0,7.0,-31.0,9.0,-30.0,8.0,-27.0,8.0,-23.0,8.0,-20.0,7.0,-15.0,4.0,-10.0,2.0,-6.0,-1.0,-2.0,-6.0,2.0,-9.0,7.0,-13.0,10.0,-17.0,12.0,-20.0,12.0,-24.0
4.2111,122.0,-96.0,7.0,0.0,0.0,0.0,0.0,0.0,0.0,0.0,0.0,0.0,-16.0,-16.0,-16.0,-16.0,-16.0,-17.0,-15.0,-18.0,-15.0,-18.0,-15.0,-18.0,-14.0,-18.0,-14.0,-19.0,-13.0,-19.0,-13.0,-19.0,-13.0,-19.0,-13.0,-19.0,-12.0,-19.0,-12.0,-19.0,-11.0,-19.0,-11.0,-19.0,-11.0,-18.0,-11.0,-19.0,-10.0,-18.0,-11.0,-18.0,-10.0,-18.0,-10.0,-17.0,-10.0,-17.0,-10.0,-17.0,-10.0,-16.0,-10.0,-16.0
4.2247,122.0,-96.0,7.0,0.0,0.0,0.0,0.0,0.0,0.0,0.0,0.0,0.0,20.0,7.0,20.0,8.0,20.0,8.0,20.0,9.0,20.0,10.0,19.0,10.0,19.0,10.0,19.0,11.0,18.0,11.0,19.0,12.0,18.0,12.0,18.0,12.0,17.0,12.0,17.0,13.0,17.0,12.0,17.0,12.0,17.0,12.0,17.0,12.0,16.0,12.0,16.0,11.0,15.0,11.0,15.0,11.0,15.0,11.0,15.0,11.0,15.0,10.0,15.0,10.0
4.2394,122.0,-96.0,7.0,0.0,0.0,0.0,0.0,0.0,0.0,0.0,0.0,0.0,-18.0,-4.0,-18.0,-4.0,-19.0,-4.0,-18.0,-5.0,-19.0,-6.0,-18.0,-6.0,-18.0,-7.0,-18.0,-7.0,-18.0,-7.0,-18.0,-8.0,-18.0,-8.0,-17.0,-8.0,-17.0,-8.0,-17.0,-8.0,-16.0,-9.0,-16.0,-8.0,-16.0,-9.0,-16.0,-9.0,-16.0,-8.0,-15.0,-8.0,-15.0,-8.0,-15.0,-8.0,-15.0,-8.0,-15.0,-8.0,-14.0,-7.0,-15.0,-7.0
4.2537,122.0,-96.0,7.0,0.0,0.0,0.0,0.0,0.0,0.0,0.0,0.0,0.0,25.0,-7.0,20.0,-5.0,14.0,-3.0,8.0,0.0,2.0,4.0,-5.0,8.0,-9.0,13.0,-15.0,17.0,-19.0,21.0,-22.0,24.0,-25.0,27.0,-25.0,29.0,-25.0,30.0,-25.0,30.0,-22.0,29.0,-19.0,26.0,-17.0,23.0,-14.0,17.0,-10.0,11.0,-8.0,5.0,-6.0,-2.0,-4.0,-9.0,-3.0,-16.0,-2.0,-23.0,-3.0,-28.0,-4.0,-32.0
4.268,122.0,-96.0,7.0,0.0,0.0,0.0,0.0,0.0,0.0,0.0,0.0,0.0,-8.0,19.0,-6.0,15.0,-5.0,10.0,-5.0,5.0,-4.0,-1.0,-4.0,-7.0,-5.0,-12.0,-6.0,-18.0,-6.0,-22.0,-8.0,-26.0,-8.0,-29.0,-10.0,-30.0,-10.0,-31.0,-10.0,-30.0,-10.0,-28.0,-10.0,-24.0,-9.0,-21.0,-6.0,-17.0,-4.0,-12.0,-2.0,-8.0,3.0,-3.0,6.0,1.0,11.0,5.0,15.0,8.0,19.0,10.0,22.0,11.0
4.2818,122.0,-96.0,7.0,0.0,0.0,0.0,0.0,0.0,0.0,0.0,0.0,0.0,-23.0,-2.0,-24.0,-3.0,-23.0,-3.0,-24.0,-4.0,-24.0,-5.0,-24.0,-6.0,-23.0,-6.0,-23.0,-7.0,-23.0,-7.0,-23.0,-7.0,-23.0,-8.0,-22.0,-8.0,-22.0,-8.0,-22.0,-8.0,-22.0,-9.0,-21.0,-8.0,-21.0,-9.0,-20.0,-9.0,-21.0,-9.0,-20.0,-8.0,-20.0,-8.0,-19.0,-8.0,-19.0,-8.0,-19.0,-8.0,-18.0,-7.0,-19.0,-6.0
4.2965,122.0,-96.0,7.0,0.0,0.0,0.0,0.0,0.0,0.0,0.0,0.0,0.0,-23.0,1.0,-23.0,0.0,-23.0,0.0,-23.0,0.0,-24.0,-2.0,-24.0,-2.0,-23.0,-2.0,-23.0,-3.0,-23.0,-3.0,-23.0,-4.0,-23.0,-4.0,-23.0,-5.0,-22.0,-5.0,-22.0,-5.0,-22.0,-5.0,-22.0,-5.0,-21.0,-5.0,-22.0,-5.0,-21.0,-5.0,-21.0,-5.0,-20.0,-5.0,-19.0,-4.0,-20.0,-5.0,-19.0,-5.0,-19.0,-4.0,-18.0,-3.0
4.31,122.0,-96.0,7.0,0.0,0.0,0.0,0.0,0.0,0.0,0.0,0.0,0.0,7.0,17.0,8.0,20.0,9.0,23.0,9.0,24.0,10.0,25.0,10.0,25.0,9.0,24.0,8.0,21.0,7.0,19.0,5.0,15.0,3.0,10.0,0.0,6.0,-3.0,2.0,-7.0,-3.0,-10.0,-7.0,-14.0,-10.0,-17.0,-13.0,-20.0,-15.0,-22.0,-16.0,-23.0,-17.0,-24.0,-16.0,-24.0,-16.0,-22.0,-14.0,-20.0,-11.0,-17.0,-9.0,-14.0,-7.0
4.3228,122.0,-96.0,7.0,0.0,0.0,0.0,0.0,0.0,0.0,0.0,0.0,0.0,5.0,-21.0,6.0,-24.0,6.0,-26.0,7.0,-26.0,7.0,-27.0,6.0,-26.0,6.0,-24.0,5.0,-21.0,5.0,-18.0,4.0,-13.0,3.0,-9.0,3.0,-4.0,3.0,2.0,3.0,8.0,4.0,12.0,5.0,17.0,6.0,21.0,7.0,24.0,8.0,25.0,8.0,26.0,9.0,26.0,9.0,25.0,9.0,23.0,8.0,19.0,7.0,16.0,5.0,12.0
4.3385,122.0,-96.0,7.0,0.0,0.0,0.0,0.0,0.0,0.0,0.0,0.0,0.0,7.0,-21.0,8.0,-22.0,7.0,-21.0,8.0,-22.0,9.0,-21.0,10.0,-21.0,10.0,-20.0,10.0,-20.0,11.0,-20.0,11.0,-20.0,11.0,-20.0,11.0,-19.0,11.0,-19.0,12.0,-19.0,12.0,-19.0,11.0,-18.0,12.0,-18.0,11.0,-17.0,12.0,-17.0,11.0,-17.0,11.0,-17.0,10.0,-17.0,10.0,-16.0,10.0,-17.0,10.0,-16.0,9.0,-16.0
4.3524,122.0,-96.0,7.0,0.0,0.0,0.0,0.0,0.0,0.0,0.0,0.0,0.0,-7.0,19.0,-6.0,13.0,-6.0,8.0,-4.0,2.0,-5.0,-5.0,-5.0,-11.0,-6.0,-16.0,-7.0,-22.0,-7.0,-27.0,-9.0,-30.0,-9.0,-33.0,-11.0,-33.0,-12.0,-34.0,-11.0,-33.0,-11.0,-30.0,-10.0,-26.0,-8.0,-21.0,-6.0,-16.0,-3.0,-11.0,1.0,-7.0,5.0,-2.0,9.0,3.0,14.0,7.0,18.0,11.0,22.0,12.0,25.0,13.0
4.367,122.0,-96.0,7.0,0.0,0.0,0.0,0.0,0.0,0.0,0.0,0.0,0.0,3.0,25.0,2.0,26.0,2.0,24.0,3.0,22.0,1.0,19.0,1.0,15.0,-1.0,11.0,-2.0,5.0,-4.0,1.0,-6.0,-4.0,-9.0,-8.0,-11.0,-12.0,-13.0,-16.0,-15.0,-19.0,-17.0,-22.0,-18.0,-22.0,-19.0,-22.0,-19.0,-22.0,-18.0,-20.0,-17.0,-18.0,-14.0,-14.0,-11.0,-12.0,-7.0,-9.0,-3.0,-6.0,1.0,-4.0,6.0,-2.0
4.3819,122.0,-96.0,7.0,0.0,0.0,0.0,0.0,0.0,0.0,0.0,0.0,0.0,2.0,-22.0,3.0,-23.0,3.0,-22.0,4.0,-23.0,4.0,-22.0,5.0,-23.0,6.0,-22.0,6.0,-22.0,7.0,-21.0,7.0,-22.0,7.0,-22.0,7.0,-21.0,7.0,-21.0,8.0,-21.0,8.0,-20.0,8.0,-20.0,9.0,-20.0,8.0,-19.0,9.0,-19.0,8.0,-19.0,8.0,-18.0,8.0,-18.0,7.0,-18.0,7.0,-18.0,7.0,-18.0,6.0,-18.0
4.3962,122.0,-96.0,7.0,0.0,0.0,0.0,0.0,0.0,0.0,0.0,0.0,0.0,-22.0,-3.0,-22.0,-3.0,-23.0,-3.0,-22.0,-4.0,-23.0,-5.0,-22.0,-5.0,-22.0,-6.0,-22.0,-6.0,-21.0,-7.0,-21.0,-7.0,-21.0,-7.0,-21.0,-7.0,-21.0,-8.0,-21.0,-8.0,-21.0,-8.0,-20.0,-8.0,-20.0,-8.0,-20.0,-8.0,-19.0,-8.0,-19.0,-8.0,-19.0,-7.0,-18.0,-7.0,-18.0,-7.0,-18.0,-7.0,-18.0,-6.0,-18.0,-6.0
4.4098,122.0,-96.0,7.0,0.0,0.0,0.0,0.0,0.0,0.0,0.0,0.0,0.0,-8.0,-19.0,-5.0,-15.0,-2.0,-10.0,1.0,-5.0,5.0,0.0,10.0,5.0,14.0,8.0,19.0,12.0,22.0,15.0,25.0,16.0,27.0,18.0,29.0,18.0,30.0,17.0,29.0,16.0,27.0,15.0,23.0,11.0,20.0,10.0,14.0,8.0,9.0,6.0,3.0,4.0,-4.0,4.0,-10.0,3.0,-16.0,3.0,-22.0,3.0,-26.0,5.0,-29.0,7.0
4.4234,122.0,-96.0,7.0,0.0,0.0,0.0,0.0,0.0,0.0,0.0,0.0,0.0,19.0,3.0,14.0,3.0,9.0,3.0,3.0,4.0,-4.0,4.0,-10.0,6.0,-15.0,8.0,-21.0,9.0,-25.0,11.0,-28.0,13.0,-31.0,13.0,-32.0,15.0,-31.0,16.0,-30.0,16.0,-28.0,15.0,-24.0,14.0,-20.0,11.0,-15.0,8.0,-11.0,4.0,-6.0,0.0,-3.0,-5.0,1.0,-10.0,5.0,-16.0,8.0,-21.0,8.0,-25.0,8.0,-28.0
4.4387,122.0,-96.0,7.0,0.0,0.0,0.0,0.0,0.0,0.0,0.0,0.0,0.0,-3.0,-18.0,-3.0,-19.0,-3.0,-19.0,-2.0,-19.0,-1.0,-19.0,-1.0,-20.0,0.0,-19.0,0.0,-20.0,0.0,-19.0,1.0,-19.0,1.0,-19.0,1.0,-19.0,1.0,-18.0,2.0,-19.0,2.0,-19.0,2.0,-18.0,2.0,-18.0,2.0,-17.0,2.0,-18.0,2.0,-17.0,1.0,-17.0,1.0,-17.0,2.0,-16.0,2.0,-16.0,1.0,-16.0,1.0,-16.0
4.4525,122.0,-96.0,7.0,0.0,0.0,0.0,0.0,0.0,0.0,0.0,0.0,0.0,20.0,-4.0,24.0,-4.0,25.0,-4.0,27.0,-4.0,26.0,-4.0,26.0,-4.0,24.0,-4.0,21.0,-4.0,18.0,-2.0,13.0,-1.0,9.0,0.0,4.0,2.0,-1.0,4.0,-7.0,6.0,-11.0,9.0,-15.0,11.0,-18.0,13.0,-20.0,15.0,-22.0,17.0,-22.0,18.0,-21.0,19.0,-21.0,18.0,-18.0,17.0,-16.0,15.0,-13.0,12.0,-10.0,9.0
4.4678,122.0,-96.0,7.0,0.0,0.0,0.0,0.0,0.0,0.0,0.0,0.0,0.0,-22.0,-5.0,-22.0,-6.0,-23.0,-6.0,-22.0,-7.0,-23.0,-8.0,-22.0,-8.0,-22.0,-8.0,-22.0,-9.0,-21.0,-9.0,-21.0,-10.0,-21.0,-11.0,-21.0,-10.0,-20.0,-11.0,-20.0,-11.0,-19.0,-11.0,-20.0,-10.0,-19.0,-11.0,-19.0,-11.0,-18.0,-11.0,-19.0,-10.0,-18.0,-10.0,-18.0,-9.0,-18.0,-10.0,-18.0,-10.0,-17.0,-9.0,-17.0,-8.0
4.481,122.0,-96.0,7.0,0.0,0.0,0.0,0.0,0.0,0.0,0.0,0.0,0.0,18.0,-2.0,18.0,-2.0,18.0,-1.0,18.0,-1.0,19.0,-1.0,18.0,0.0,18.0,1.0,19.0,1.0,18.0,1.0,18.0,1.0,18.0,1.0,18.0,1.0,18.0,2.0,18.0,2.0,18.0,2.0,17.0,3.0,17.0,3.0,17.0,3.0,16.0,3.0,16.0,2.0,16.0,2.0,16.0,2.0,15.0,2.0,15.0,2.0,15.0,2.0,15.0,1.0
4.4953,122.0,-96.0,7.0,0.0,0.0,0.0,0.0,0.0,0.0,0.0,0.0,0.0,-20.0,-10.0,-22.0,-12.0,-24.0,-13.0,-24.0,-13.0,-25.0,-13.0,-24.0,-13.0,-22.0,-12.0,-20.0,-10.0,-17.0,-10.0,-12.0,-8.0,-8.0,-6.0,-2.0,-5.0,3.0,-3.0,8.0,-2.0,13.0,-2.0,18.0,-1.0,21.0,-1.0,25.0,-2.0,26.0,-2.0,28.0,-3.0,27.0,-4.0,27.0,-4.0,25.0,-4.0,21.0,-4.0,17.0,-4.0,13.0,-2.0
4.5089,122.0,-96.0,7.0,0.0,0.0,0.0,0.0,0.0,0.0,0.0,0.0,0.0,4.0,-21.0,5.0,-24.0,5.0,-26.0,5.0,-27.0,5.0,-27.0,5.0,-26.0,5.0,-24.0,4.0,-21.0,4.0,-19.0,3.0,-14.0,3.0,-9.0,3.0,-3.0,3.0,2.0,3.0,8.0,4.0,12.0,5.0,17.0,6.0,21.0,7.0,24.0,8.0,25.0,9.0,26.0,9.0,26.0,9.0,25.0,9.0,23.0,8.0,19.0,7.0,16.0,5.0,12.0
4.5227,122.0,-96.0,7.0,0.0,0.0,0.0,0.0,0.0,0.0,0.0,0.0,0.0,1.0,-6.0,6.0,-9.0,10.0,-11.0,14.0,-14.0,17.0,-17.0,20.0,-19.0,21.0,-21.0,23.0,-22.0,22.0,-22.0,21.0,-22.0,19.0,-20.0,16.0,-18.0,14.0,-15.0,10.0,-11.0,8.0,-7.0,4.0,-2.0,2.0,4.0,0.0,9.0,-2.0,14.0,-2.0,19.0,-3.0,24.0,-2.0,26.0,-3.0,29.0,-1.0,29.0,0.0,29.0,0.0,28.0
4.5363,122.0,-96.0,7.0,0.0,0.0,0.0,0.0,0.0,0.0,0.0,0.0,0.0,21.0,1.0,24.0,2.0,27.0,1.0,28.0,2.0,30.0,2.0,30.0,2.0,28.0,2.0,25.0,2.0,22.0,2.0,17.0,1.0,12.0,2.0,6.0,2.0,0.0,3.0,-6.0,4.0,-11.0,6.0,-16.0,8.0,-21.0,9.0,-24.0,12.0,-26.0,13.0,-28.0,14.0,-28.0,15.0,-27.0,15.0,-25.0,15.0,-22.0,13.0,-18.0,11.0,-14.0,9.0
4.5522,122.0,-96.0,7.0,0.0,0.0,0.0,0.0,0.0,0.0,0.0,0.0,0.0,-6.0,1.0,-11.0,-1.0,-15.0,-4.0,-20.0,-6.0,-23.0,-7.0,-27.0,-9.0,-29.0,-9.0,-31.0,-10.0,-30.0,-9.0,-30.0,-8.0,-28.0,-7.0,-24.0,-6.0,-21.0,-5.0,-15.0,-4.0,-10.0,-5.0,-5.0,-4.0,2.0,-4.0,7.0,-6.0,13.0,-7.0,18.0,-8.0,22.0,-9.0,24.0,-12.0,27.0,-13.0,26.0,-15.0,25.0,-15.0,24.0,-15.0
4.5645,122.0,-96.0,7.0,0.0,0.0,0.0,0.0,0.0,0.0,0.0,0.0,0.0,-10.0,-19.0,-8.0,-15.0,-5.0,-11.0,-2.0,-7.0,3.0,-3.0,7.0,1.0,11.0,4.0,15.0,7.0,19.0,10.0,23.0,12.0,25.0,14.0,27.0,14.0,28.0,13.0,28.0,13.0,26.0,11.0,23.0,9.0,20.0,8.0,16.0,7.0,11.0,5.0,6.0,4.0,-1.0,4.0,-6.0,3.0,-12.0,4.0,-18.0,4.0,-21.0,6.0,-24.0,8.0
4.5776,122.0,-96.0,7.0,0.0,0.0,0.0,0.0,0.0,0.0,0.0,0.0,0.0,18.0,-2.0,18.0,-1.0,18.0,-1.0,18.0,-1.0,19.0,0.0,18.0,1.0,18.0,0.0,18.0,1.0,18.0,1.0,18.0,2.0,18.0,2.0,18.0,2.0,17.0,3.0,18.0,3.0,17.0,3.0,17.0,3.0,17.0,3.0,17.0,3.0,16.0,3.0,16.0,3.0,16.0,3.0,15.0,2.0,16.0,2.0,15.0,2.0,15.0,2.0,15.0,2.0
4.5936,122.0,-96.0,7.0,0.0,0.0,0.0,0.0,0.0,0.0,0.0,0.0,0.0,-5.0,-2.0,-8.0,-6.0,-10.0,-10.0,-11.0,-14.0,-14.0,-17.0,-16.0,-20.0,-17.0,-21.0,-18.0,-22.0,-19.0,-22.0,-19.0,-20.0,-17.0,-18.0,-16.0,-16.0,-13.0,-14.0,-10.0,-11.0,-6.0,-8.0,-2.0,-5.0,3.0,-2.0,8.0,-1.0,13.0,2.0,17.0,3.0,21.0,4.0,23.0,3.0,26.0,3.0,26.0,2.0,26.0,1.0,25.0,1.0
4.6075,122.0,-96.0,7.0,0.0,0.0,0.0,0.0,0.0,0.0,0.0,0.0,0.0,-14.0,10.0,-15.0,10.0,-15.0,10.0,-16.0,10.0,-16.0,9.0,-16.0,9.0,-16.0,8.0,-16.0,8.0,-17.0,7.0,-16.0,7.0,-17.0,7.0,-16.0,7.0,-17.0,7.0,-17.0,7.0,-17.0,6.0,-17.0,6.0,-17.0,6.0,-16.0,5.0,-17.0,5.0,-16.0,5.0,-15.0,5.0,-15.0,5.0,-15.0,5.0,-15.0,5.0,-14.0,6.0,-14.0,6.0
4.6216,122.0,-96.0,7.0,0.0,0.0,0.0,0.0,0.0,0.0,0.0,0.0,0.0,-16.0,-15.0,-18.0,-18.0,-20.0,-20.0,-21.0,-22.0,-22.0,-22.0,-22.0,-23.0,-21.0,-21.0,-19.0,-19.0,-16.0,-17.0,-12.0,-13.0,-9.0,-11.0,-4.0,-7.0,1.0,-4.0,7.0,-1.0,12.0,2.0,17.0,4.0,22.0,5.0,25.0,6.0,28.0,7.0,30.0,7.0,30.0,6.0,29.0,5.0,28.0,4.0,25.0,3.0,20.0,2.0,16.0,2.0
4.6352,122.0,-96.0,7.0,0.0,0.0,0.0,0.0,0.0,0.0,0.0,0.0,0.0,-25.0,-21.0,-25.0,-21.0,-23.0,-19.0,-20.0,-17.0,-16.0,-15.0,-12.0,-12.0,-7.0,-9.0,-1.0,-6.0,5.0,-3.0,11.0,-1.0,16.0,1.0,21.0,2.0,26.0,3.0,30.0,4.0,33.0,4.0,34.0,4.0,35.0,3.0,33.0,3.0,31.0,2.0,27.0,1.0,22.0,0.0,17.0,0.0,11.0,2.0,5.0,3.0,-1.0,4.0,-7.0,6.0
4.6493,122.0,-96.0,7.0,0.0,0.0,0.0,0.0,0.0,0.0,0.0,0.0,0.0,4.0,1.0,7.0,5.0,8.0,9.0,10.0,14.0,12.0,16.0,14.0,20.0,16.0,21.0,16.0,22.0,17.0,21.0,16.0,21.0,15.0,18.0,14.0,16.0,11.0,14.0,8.0,10.0,4.0,8.0,0.0,4.0,-5.0,1.0,-9.0,-1.0,-14.0,-3.0,-17.0,-5.0,-22.0,-6.0,-24.0,-6.0,-26.0,-7.0,-27.0,-5.0,-27.0,-4.0,-26.0,-4.0
4.6637,122.0,-96.0,7.0,0.0,0.0,0.0,0.0,0.0,0.0,0.0,0.0,0.0,-21.0,-21.0,-21.0,-21.0,-20.0,-20.0,-19.0,-18.0,-16.0,-16.0,-12.0,-13.0,-8.0,-10.0,-3.0,-7.0,1.0,-4.0,7.0,-1.0,12.0,0.0,16.0,3.0,21.0,4.0,25.0,5.0,28.0,6.0,30.0,7.0,31.0,6.0,30.0,5.0,28.0,4.0,25.0,4.0,21.0,3.0,17.0,2.0,12.0,2.0,6.0,3.0,0.0,3.0,-5.0,5.0
4.677,122.0,-96.0,7.0,0.0,0.0,0.0,0.0,0.0,0.0,0.0,0.0,0.0,9.0,18.0,8.0,18.0,8.0,18.0,8.0,19.0,7.0,19.0,7.0,20.0,6.0,19.0,6.0,20.0,5.0,19.0,5.0,20.0,5.0,20.0,5.0,20.0,4.0,20.0,4.0,20.0,4.0,20.0,3.0,19.0,3.0,19.0,3.0,19.0,3.0,19.0,3.0,18.0,3.0,18.0,3.0,17.0,3.0,17.0,3.0,17.0,4.0,17.0,4.0,16.0
4.6888,122.0,-96.0,7.0,0.0,0.0,0.0,0.0,0.0,0.0,0.0,0.0,0.0,18.0,12.0,18.0,12.0,18.0,12.0,18.0,12.0,18.0,14.0,18.0,14.0,19.0,14.0,18.0,15.0,18.0,15.0,18.0,15.0,18.0,15.0,18.0,15.0,18.0,16.0,17.0,16.0,17.0,16.0,17.0,16.0,17.0,17.0,17.0,17.0,17.0,17.0,17.0,17.0,16.0,17.0,17.0,16.0,17.0,17.0,17.0,16.0,17.0,16.0,16.0,15.0
4.7024,122.0,-96.0,7.0,0.0,0.0,0.0,0.0,0.0,0.0,0.0,0.0,0.0,-9.0,-18.0,-10.0,-21.0,-10.0,-24.0,-11.0,-25.0,-12.0,-26.0,-11.0,-26.0,-11.0,-24.0,-10.0,-22.0,-8.0,-20.0,-6.0,-15.0,-4.0,-11.0,-1.0,-7.0,2.0,-3.0,6.0,2.0,9.0,5.0,13.0,9.0,16.0,11.0,19.0,13.0,21.0,14.0,23.0,15.0,24.0,14.0,23.0,13.0,22.0,12.0,19.0,10.0,16.0,8.0,13.0,6.0
4.7171,122.0,-96.0,7.0,0.0,0.0,0.0,0.0,0.0,0.0,0.0,0.0,0.0,13.0,22.0,12.0,23.0,11.0,21.0,11.0,20.0,8.0,17.0,6.0,14.0,4.0,10.0,0.0,5.0,-3.0,2.0,-7.0,-1.0,-11.0,-5.0,-14.0,-7.0,-18.0,-10.0,-21.0,-13.0,-23.0,-14.0,-25.0,-15.0,-25.0,-14.0,-25.0,-14.0,-24.0,-12.0,-21.0,-10.0,-18.0,-8.0,-14.0,-7.0,-10.0,-6.0,-5.0,-5.0,0.0,-4.0,5.0,-4.0
4.7296,122.0,-96.0,7.0,0.0,0.0,0.0,0.0,0.0,0.0,0.0,0.0,0.0,-3.0,25.0,-4.0,29.0,-4.0,31.0,-4.0,33.0,-5.0,33.0,-4.0,32.0,-4.0,30.0,-4.0,26.0,-4.0,22.0,-3.0,16.0,-4.0,10.0,-4.0,4.0,-6.0,-2.0,-6.0,-10.0,-9.0,-15.0,-10.0,-20.0,-12.0,-25.0,-14.0,-28.0,-16.0,-30.0,-17.0,-31.0,-18.0,-31.0,-17.0,-29.0,-16.0,-27.0,-15.0,-22.0,-13.0,-19.0,-10.0,-15.0
4.7443,122.0,-96.0,7.0,0.0,0.0,0.0,0.0,0.0,0.0,0.0,0.0,0.0,6.0,-22.0,6.0,-22.0,7.0,-22.0,7.0,-21.0,8.0,-22.0,9.0,-21.0,9.0,-21.0,9.0,-21.0,9.0,-20.0,10.0,-20.0,11.0,-20.0,11.0,-20.0,11.0,-19.0,11.0,-19.0,11.0,-18.0,10.0,-18.0,11.0,-18.0,11.0,-18.0,11.0,-17.0,10.0,-18.0,10.0,-17.0,9.0,-17.0,10.0,-17.0,10.0,-17.0,9.0,-17.0,8.0,-16.0
4.7568,122.0,-96.0,7.0,0.0,0.0,0.0,0.0,0.0,0.0,0.0,0.0,0.0,12.0,14.0,11.0,15.0,11.0,14.0,11.0,14.0,11.0,15.0,11.0,16.0,11.0,16.0,10.0,16.0,10.0,16.0,10.0,16.0,10.0,16.0,10.0,16.0,10.0,16.0,9.0,17.0,9.0,18.0,9.0,17.0,9.0,17.0,9.0,18.0,9.0,18.0,8.0,17.0,9.0,17.0,9.0,17.0,9.0,17.0,8.0,16.0,9.0,16.0,9.0,16.0
4.7732,122.0,-96.0,7.0,0.0,0.0,0.0,0.0,0.0,0.0,0.0,0.0,0.0,13.0,-8.0,14.0,-8.0,14.0,-8.0,14.0,-7.0,15.0,-7.0,15.0,-7.0,15.0,-7.0,15.0,-6.0,15.0,-6.0,15.0,-6.0,15.0,-6.0,15.0,-6.0,15.0,-5.0,15.0,-5.0,15.0,-5.0,14.0,-4.0,14.0,-4.0,14.0,-4.0,14.0,-4.0,14.0,-4.0,13.0,-4.0,13.0,-4.0,13.0,-5.0,13.0,-5.0,13.0,-5.0,12.0,-5.0
4.7866,122.0,-96.0,7.0,0.0,0.0,0.0,0.0,0.0,0.0,0.0,0.0,0.0,32.0,1.0,31.0,1.0,28.0,1.0,25.0,1.0,21.0,2.0,15.0,2.0,10.0,2.0,3.0,3.0,-3.0,5.0,-9.0,6.0,-14.0,8.0,-20.0,10.0,-24.0,12.0,-28.0,14.0,-30.0,14.0,-32.0,16.0,-31.0,16.0,-30.0,16.0,-27.0,15.0,-23.0,13.0,-20.0,11.0,-15.0,8.0,-11.0,4.0,-7.0,0.0,-2.0,-5.0,1.0,-10.0
4.8002,122.0,-96.0,7.0,0.0,0.0,0.0,0.0,0.0,0.0,0.0,0.0,0.0,-2.0,21.0,-3.0,23.0,-3.0,26.0,-3.0,26.0,-3.0,27.0,-3.0,26.0,-3.0,24.0,-3.0,21.0,-3.0,18.0,-3.0,13.0,-3.0,8.0,-3.0,3.0,-5.0,-2.0,-5.0,-8.0,-7.0,-13.0,-8.0,-17.0,-10.0,-20.0,-11.0,-23.0,-12.0,-25.0,-13.0,-26.0,-14.0,-25.0,-14.0,-24.0,-13.0,-22.0,-12.0,-19.0,-10.0,-15.0,-8.0,-12.0
4.8141,122.0,-96.0,7.0,0.0,0.0,0.0,0.0,0.0,0.0,0.0,0.0,0.0,-9.0,14.0,-10.0,14.0,-10.0,14.0,-10.0,14.0,-11.0,14.0,-11.0,14.0,-11.0,14.0,-12.0,14.0,-12.0,14.0,-12.0,14.0,-12.0,14.0,-12.0,14.0,-12.0,14.0,-13.0,14.0,-13.0,14.0,-13.0,14.0,-13.0,14.0,-14.0,13.0,-14.0,13.0,-13.0,13.0,-14.0,13.0,-13.0,13.0,-14.0,13.0,-13.0,13.0,-13.0,13.0,-12.0,13.0
4.8284,122.0,-96.0,7.0,0.0,0.0,0.0,0.0,0.0,0.0,0.0,0.0,0.0,-15.0,15.0,-12.0,12.0,-9.0,7.0,-7.0,3.0,-4.0,-2.0,-2.0,-8.0,0.0,-13.0,1.0,-18.0,3.0,-22.0,3.0,-26.0,4.0,-29.0,4.0,-31.0,3.0,-32.0,3.0,-32.0,2.0,-30.0,1.0,-26.0,0.0,-23.0,1.0,-18.0,1.0,-13.0,2.0,-8.0,4.0,-2.0,6.0,3.0,8.0,9.0,10.0,14.0,12.0,17.0,15.0,19.0
4.841,122.0,-96.0,7.0,0.0,0.0,0.0,0.0,0.0,0.0,0.0,0.0,0.0,19.0,13.0,19.0,14.0,18.0,13.0,18.0,14.0,18.0,15.0,18.0,15.0,19.0,15.0,18.0,16.0,18.0,16.0,18.0,16.0,18.0,16.0,18.0,15.0,18.0,16.0,18.0,17.0,18.0,18.0,17.0,17.0,17.0,18.0,17.0,18.0,17.0,18.0,17.0,17.0,17.0,18.0,17.0,17.0,17.0,18.0,17.0,17.0,17.0,16.0,17.0,16.0
4.8549,122.0,-96.0,7.0,0.0,0.0,0.0,0.0,0.0,0.0,0.0,0.0,0.0,-18.0,1.0,-19.0,1.0,-19.0,0.0,-19.0,0.0,-19.0,-1.0,-19.0,-2.0,-18.0,-2.0,-19.0,-2.0,-18.0,-2.0,-18.0,-3.0,-19.0,-3.0,-18.0,-4.0,-18.0,-4.0,-18.0,-4.0,-18.0,-4.0,-17.0,-4.0,-17.0,-4.0,-17.0,-4.0,-17.0,-4.0,-16.0,-4.0,-16.0,-4.0,-16.0,-4.0,-16.0,-4.0,-16.0,-4.0,-15.0,-3.0,-15.0,-3.0
4.8684,122.0,-96.0,7.0,0.0,0.0,0.0,0.0,0.0,0.0,0.0,0.0,0.0,15.0,-22.0,15.0,-22.0,14.0,-20.0,13.0,-19.0,11.0,-16.0,9.0,-13.0,7.0,-9.0,5.0,-4.0,3.0,0.0,1.0,6.0,1.0,10.0,0.0,14.0,-1.0,19.0,-2.0,23.0,-2.0,26.0,-2.0,27.0,-1.0,28.0,-1.0,27.0,0.0,26.0,0.0,23.0,1.0,19.0,0.0,15.0,-1.0,10.0,-2.0,6.0,-4.0,1.0,-6.0,-4.0
4.882,122.0,-96.0,7.0,0.0,0.0,0.0,0.0,0.0,0.0,0.0,0.0,0.0,19.0,8.0,21.0,9.0,23.0,10.0,24.0,11.0,24.0,11.0,24.0,10.0,22.0,9.0,19.0,8.0,16.0,8.0,12.0,6.0,7.0,5.0,2.0,3.0,-3.0,3.0,-9.0,2.0,-14.0,2.0,-18.0,2.0,-22.0,3.0,-25.0,4.0,-27.0,4.0,-28.0,5.0,-27.0,6.0,-27.0,6.0,-24.0,6.0,-21.0,6.0,-17.0,5.0,-13.0,3.0
4.8961,122.0,-96.0,7.0,0.0,0.0,0.0,0.0,0.0,0.0,0.0,0.0,0.0,12.0,10.0,12.0,11.0,11.0,11.0,11.0,12.0,11.0,12.0,11.0,13.0,10.0,12.0,10.0,13.0,10.0,13.0,9.0,13.0,9.0,13.0,9.0,13.0,9.0,13.0,9.0,13.0,8.0,14.0,8.0,13.0,8.0,13.0,7.0,13.0,8.0,13.0,8.0,12.0,8.0,12.0,8.0,12.0,7.0,12.0,7.0,11.0,8.0,11.0,8.0,11.0
4.9106,122.0,-96.0,7.0,0.0,0.0,0.0,0.0,0.0,0.0,0.0,0.0,0.0,-3.0,3.0,-8.0,4.0,-13.0,5.0,-17.0,6.0,-21.0,7.0,-24.0,8.0,-25.0,9.0,-27.0,9.0,-26.0,10.0,-25.0,10.0,-23.0,9.0,-20.0,8.0,-18.0,7.0,-13.0,5.0,-10.0,2.0,-6.0,-1.0,-1.0,-5.0,2.0,-8.0,5.0,-13.0,8.0,-16.0,9.0,-20.0,10.0,-22.0,11.0,-24.0,9.0,-25.0,9.0,-25.0,8.0,-25.0
4.9252,122.0,-96.0,7.0,0.0,0.0,0.0,0.0,0.0,0.0,0.0,0.0,0.0,-12.0,-21.0,-13.0,-24.0,-14.0,-26.0,-14.0,-27.0,-15.0,-28.0,-14.0,-26.0,-13.0,-25.0,-12.0,-22.0,-9.0,-19.0,-7.0,-14.0,-4.0,-10.0,0.0,-6.0,4.0,-2.0,8.0,3.0,13.0,6.0,17.0,10.0,20.0,12.0,24.0,13.0,25.0,14.0,27.0,14.0,27.0,13.0,27.0,13.0,25.0,11.0,21.0,9.0,17.0,7.0,13.0,5.0
4.9384,122.0,-96.0,7.0,0.0,0.0,0.0,0.0,0.0,0.0,0.0,0.0,0.0,-4.0,-2.0,-3.0,-7.0,-1.0,-12.0,0.0,-17.0,1.0,-22.0,2.0,-26.0,1.0,-29.0,2.0,-31.0,1.0,-31.0,0.0,-31.0,0.0,-29.0,0.0,-27.0,0.0,-23.0,0.0,-19.0,1.0,-14.0,1.0,-8.0,4.0,-2.0,6.0,3.0,8.0,9.0,11.0,13.0,14.0,17.0,16.0,18.0,18.0,21.0,20.0,21.0,21.0,20.0,21.0,19.0
4.952,122.0,-96.0,7.0,0.0,0.0,0.0,0.0,0.0,0.0,0.0,0.0,0.0,22.0,-4.0,26.0,-4.0,28.0,-4.0,29.0,-5.0,29.0,-5.0,29.0,-5.0,27.0,-4.0,23.0,-4.0,20.0,-3.0,14.0,-2.0,10.0,0.0,4.0,2.0,-1.0,4.0,-7.0,7.0,-11.0,10.0,-15.0,12.0,-19.0,15.0,-21.0,18.0,-23.0,19.0,-24.0,21.0,-23.0,21.0,-22.0,21.0,-20.0,20.0,-16.0,17.0,-13.0,14.0,-11.0,10.0
4.9668,122.0,-96.0,7.0,0.0,0.0,0.0,0.0,0.0,0.0,0.0,0.0,0.0,-14.0,16.0,-15.0,16.0,-15.0,15.0,-16.0,16.0,-17.0,15.0,-17.0,15.0,-17.0,14.0,-18.0,14.0,-18.0,13.0,-18.0,13.0,-18.0,13.0,-18.0,12.0,-18.0,12.0,-18.0,12.0,-18.0,11.0,-18.0,11.0,-18.0,11.0,-18.0,10.0,-18.0,10.0,-17.0,10.0,-17.0,10.0,-17.0,10.0,-16.0,10.0,-16.0,10.0,-15.0,10.0,-15.0,10.0
4.9819,122.0,-96.0,7.0,0.0,0.0,0.0,0.0,0.0,0.0,0.0,0.0,0.0,-3.0,-5.0,-3.0,-10.0,-1.0,-15.0,0.0,-20.0,0.0,-24.0,1.0,-28.0,0.0,-30.0,0.0,-32.0,-1.0,-31.0,-1.0,-31.0,-1.0,-28.0,-1.0,-25.0,-1.0,-21.0,0.0,-16.0,1.0,-11.0,2.0,-5.0,4.0,1.0,7.0,5.0,9.0,11.0,12.0,14.0,15.0,18.0,17.0,19.0,19.0,22.0,20.0,21.0,21.0,20.0,21.0,19.0
4.9955,122.0,-96.0,7.0,0.0,0.0,0.0,0.0,0.0,0.0,0.0,0.0,0.0,-17.0,9.0,-20.0,10.0,-23.0,11.0,-24.0,12.0,-25.0,13.0,-24.0,12.0,-23.0,12.0,-21.0,11.0,-19.0,9.0,-15.0,7.0,-11.0,4.0,-7.0,1.0,-3.0,-3.0,1.0,-7.0,4.0,-11.0,7.0,-14.0,9.0,-18.0,11.0,-22.0,12.0,-23.0,13.0,-25.0,12.0,-26.0,11.0,-26.0,10.0,-24.0,8.0,-21.0,6.0,-18.0,5.0,-14.0
5.009,122.0,-96.0,7.0,0.0,0.0,0.0,0.0,0.0,0.0,0.0,0.0,0.0,-4.0,-2.0,-3.0,-7.0,-1.0,-12.0,0.0,-17.0,1.0,-22.0,2.0,-26.0,2.0,-29.0,2.0,-32.0,1.0,-31.0,1.0,-31.0,0.0,-29.0,0.0,-27.0,0.0,-24.0,0.0,-18.0,1.0,-14.0,1.0,-8.0,3.0,-1.0,5.0,4.0,8.0,9.0,10.0,13.0,13.0,17.0,16.0,19.0,18.0,22.0,20.0,21.0,20.0,21.0,20.0,20.0
