time,sc_0,sc_1,sc_2,sc_3,sc_4,sc_5,sc_6,sc_7,sc_8,sc_9,sc_10,sc_11,sc_12,sc_13,sc_14,sc_15,sc_16,sc_17,sc_18,sc_19,sc_20,sc_21,sc_22,sc_23,sc_24,sc_25,sc_26,sc_27,sc_28,sc_29,sc_30,sc_31,sc_32,sc_33,sc_34,sc_35,sc_36,sc_37,sc_38,sc_39,sc_40,sc_41,sc_42,sc_43,sc_44,sc_45,sc_46,sc_47,sc_48,sc_49,sc_50,sc_51,sc_52,sc_53,sc_54,sc_55,sc_56,sc_57,sc_58,sc_59,sc_60,sc_61,sc_62,sc_63
0.0105,122.0,-96.0,7.0,0.0,0.0,0.0,0.0,0.0,0.0,0.0,0.0,0.0,-8.0,-22.0,-5.0,-17.0,-2.0,-11.0,2.0,-5.0,6.0,1.0,11.0,6.0,16.0,10.0,20.0,15.0,24.0,19.0,27.0,21.0,29.0,22.0,31.0,22.0,32.0,22.0,31.0,21.0,29.0,19.0,25.0,16.0,21.0,13.0,15.0,10.0,9.0,7.0,3.0,5.0,-5.0,4.0,-12.0,2.0,-19.0,2.0,-25.0,1.0,-29.0,3.0,-33.0,4.0
0.021,122.0,-96.0,7.0,0.0,0.0,0.0,0.0,0.0,0.0,0.0,0.0,0.0,21.0,-15.0,21.0,-15.0,19.0,-14.0,17.0,-12.0,14.0,-9.0,11.0,-7.0,8.0,-3.0,4.0,0.0,0.0,4.0,-3.0,8.0,-6.0,12.0,-8.0,16.0,-9.0,19.0,-12.0,22.0,-13.0,24.0,-13.0,25.0,-13.0,25.0,-12.0,24.0,-11.0,23.0,-9.0,20.0,-7.0,16.0,-6.0,12.0,-5.0,7.0,-4.0,2.0,-4.0,-3.0,-4.0,-8.0
0.0311,122.0,-96.0,7.0,0.0,0.0,0.0,0.0,0.0,0.0,0.0,0.0,0.0,-16.0,0.0,-17.0,0.0,-17.0,0.0,-17.0,-1.0,-17.0,-2.0,-17.0,-2.0,-17.0,-2.0,-17.0,-2.0,-17.0,-3.0,-17.0,-3.0,-17.0,-3.0,-16.0,-4.0,-16.0,-4.0,-16.0,-4.0,-16.0,-4.0,-16.0,-4.0,-16.0,-5.0,-15.0,-4.0,-15.0,-4.0,-15.0,-4.0,-15.0,-4.0,-14.0,-4.0,-14.0,-4.0,-14.0,-4.0,-14.0,-4.0,-14.0,-3.0
0.0425,122.0,-96.0,7.0,0.0,0.0,0.0,0.0,0.0,0.0,0.0,0.0,0.0,-20.0,-9.0,-19.0,-10.0,-20.0,-10.0,-19.0,-11.0,-19.0,-12.0,-19.0,-12.0,-18.0,-12.0,-18.0,-13.0,-18.0,-13.0,-18.0,-14.0,-18.0,-13.0,-17.0,-13.0,-17.0,-13.0,-17.0,-14.0,-16.0,-14.0,-16.0,-13.0,-16.0,-14.0,-16.0,-14.0,-15.0,-13.0,-15.0,-13.0,-15.0,-13.0,-14.0,-12.0,-15.0,-12.0,-15.0,-12.0,-14.0,-11.0,-14.0,-11.0
0.0656,122.0,-96.0,7.0,0.0,0.0,0.0,0.0,0.0,0.0,0.0,0.0,0.0,5.0,23.0,3.0,17.0,2.0,13.0,-1.0,7.0,-4.0,2.0,-8.0,-4.0,-11.0,-8.0,-15.0,-13.0,-19.0,-17.0,-22.0,-20.0,-24.0,-23.0,-25.0,-24.0,-27.0,-24.0,-27.0,-23.0,-25.0,-21.0,-24.0,-18.0,-20.0,-15.0,-16.0,-13.0,-11.0,-10.0,-6.0,-7.0,1.0,-5.0,7.0,-3.0,13.0,-1.0,19.0,0.0,24.0,-1.0,27.0,-2.0
0.0768,122.0,-96.0,7.0,0.0,0.0,0.0,0.0,0.0,0.0,0.0,0.0,0.0,-19.0,-4.0,-22.0,-6.0,-25.0,-7.0,-26.0,-7.0,-27.0,-7.0,-27.0,-7.0,-25.0,-7.0,-23.0,-6.0,-20.0,-6.0,-16.0,-5.0,-11.0,-4.0,-6.0,-4.0,-1.0,-4.0,5.0,-4.0,10.0,-5.0,15.0,-6.0,19.0,-7.0,22.0,-8.0,25.0,-9.0,26.0,-10.0,26.0,-11.0,25.0,-11.0,23.0,-11.0,20.0,-10.0,17.0,-9.0,13.0,-7.0
0.091,122.0,-96.0,7.0,0.0,0.0,0.0,0.0,0.0,0.0,0.0,0.0,0.0,14.0,-10.0,15.0,-9.0,15.0,-10.0,15.0,-9.0,16.0,-9.0,16.0,-9.0,16.0,-8.0,17.0,-7.0,17.0,-7.0,17.0,-7.0,16.0,-7.0,17.0,-7.0,16.0,-6.0,17.0,-6.0,16.0,-6.0,16.0,-6.0,16.0,-5.0,16.0,-5.0,16.0,-5.0,15.0,-5.0,15.0,-5.0,15.0,-5.0,15.0,-5.0,14.0,-5.0,14.0,-6.0,13.0,-6.0
0.1068,122.0,-96.0,7.0,0.0,0.0,0.0,0.0,0.0,0.0,0.0,0.0,0.0,-17.0,-6.0,-17.0,-7.0,-17.0,-7.0,-17.0,-8.0,-17.0,-9.0,-17.0,-9.0,-16.0,-9.0,-16.0,-10.0,-16.0,-10.0,-16.0,-10.0,-16.0,-10.0,-16.0,-10.0,-15.0,-10.0,-15.0,-11.0,-15.0,-11.0,-14.0,-11.0,-15.0,-11.0,-14.0,-11.0,-14.0,-11.0,-13.0,-10.0,-13.0,-10.0,-13.0,-10.0,-13.0,-10.0,-13.0,-10.0,-13.0,-9.0,-13.0,-9.0
0.1201,122.0,-96.0,7.0,0.0,0.0,0.0,0.0,0.0,0.0,0.0,0.0,0.0,9.0,18.0,9.0,21.0,10.0,23.0,11.0,24.0,11.0,24.0,11.0,24.0,10.0,22.0,8.0,19.0,7.0,17.0,4.0,12.0,2.0,8.0,-1.0,4.0,-5.0,0.0,-9.0,-4.0,-13.0,-8.0,-16.0,-10.0,-19.0,-12.0,-22.0,-14.0,-24.0,-15.0,-25.0,-15.0,-25.0,-14.0,-25.0,-14.0,-23.0,-11.0,-20.0,-9.0,-17.0,-8.0,-13.0,-6.0
0.1337,122.0,-96.0,7.0,0.0,0.0,0.0,0.0,0.0,0.0,0.0,0.0,0.0,-16.0,8.0,-17.0,7.0,-17.0,7.0,-18.0,7.0,-18.0,6.0,-18.0,6.0,-18.0,6.0,-18.0,5.0,-18.0,4.0,-18.0,5.0,-18.0,4.0,-18.0,4.0,-18.0,3.0,-18.0,3.0,-18.0,3.0,-18.0,3.0,-17.0,2.0,-17.0,2.0,-17.0,2.0,-17.0,3.0,-17.0,3.0,-16.0,2.0,-16.0,2.0,-15.0,2.0,-15.0,3.0,-15.0,3.0
0.1481,122.0,-96.0,7.0,0.0,0.0,0.0,0.0,0.0,0.0,0.0,0.0,0.0,19.0,7.0,21.0,9.0,23.0,10.0,24.0,10.0,24.0,10.0,24.0,10.0,22.0,10.0,19.0,8.0,16.0,8.0,11.0,6.0,7.0,5.0,2.0,4.0,-3.0,3.0,-9.0,2.0,-14.0,2.0,-18.0,2.0,-23.0,3.0,-25.0,3.0,-28.0,4.0,-28.0,4.0,-28.0,5.0,-27.0,5.0,-25.0,5.0,-21.0,5.0,-17.0,4.0,-13.0,3.0
0.1625,122.0,-96.0,7.0,0.0,0.0,0.0,0.0,0.0,0.0,0.0,0.0,0.0,-10.0,16.0,-12.0,19.0,-13.0,21.0,-14.0,23.0,-14.0,23.0,-14.0,23.0,-13.0,22.0,-12.0,20.0,-11.0,17.0,-9.0,13.0,-7.0,9.0,-5.0,4.0,-4.0,-1.0,-3.0,-7.0,-2.0,-12.0,-1.0,-16.0,-1.0,-21.0,-1.0,-24.0,-2.0,-27.0,-2.0,-28.0,-3.0,-28.0,-4.0,-28.0,-4.0,-26.0,-4.0,-23.0,-4.0,-19.0,-3.0,-15.0
0.1761,122.0,-96.0,7.0,0.0,0.0,0.0,0.0,0.0,0.0,0.0,0.0,0.0,-5.0,-21.0,-6.0,-25.0,-7.0,-27.0,-7.0,-29.0,-7.0,-30.0,-7.0,-30.0,-7.0,-29.0,-7.0,-26.0,-5.0,-23.0,-4.0,-18.0,-2.0,-13.0,0.0,-8.0,3.0,-3.0,6.0,3.0,9.0,8.0,12.0,12.0,16.0,16.0,19.0,18.0,20.0,20.0,22.0,21.0,23.0,20.0,23.0,20.0,22.0,18.0,19.0,15.0,16.0,12.0,13.0,9.0
0.1912,122.0,-96.0,7.0,0.0,0.0,0.0,0.0,0.0,0.0,0.0,0.0,0.0,-28.0,-8.0,-28.0,-8.0,-26.0,-8.0,-23.0,-7.0,-19.0,-7.0,-14.0,-5.0,-9.0,-5.0,-3.0,-4.0,3.0,-4.0,8.0,-5.0,13.0,-6.0,18.0,-7.0,22.0,-8.0,26.0,-8.0,29.0,-9.0,30.0,-9.0,30.0,-10.0,29.0,-10.0,26.0,-10.0,22.0,-9.0,18.0,-8.0,14.0,-6.0,10.0,-3.0,5.0,1.0,0.0,4.0,-4.0,7.0
0.2048,122.0,-96.0,7.0,0.0,0.0,0.0,0.0,0.0,0.0,0.0,0.0,0.0,-7.0,-20.0,-8.0,-23.0,-8.0,-25.0,-9.0,-26.0,-8.0,-26.0,-8.0,-26.0,-8.0,-24.0,-7.0,-21.0,-5.0,-19.0,-4.0,-14.0,-2.0,-10.0,1.0,-5.0,4.0,0.0,7.0,4.0,10.0,8.0,13.0,11.0,17.0,14.0,19.0,15.0,21.0,17.0,22.0,17.0,22.0,16.0,22.0,15.0,20.0,13.0,18.0,11.0,14.0,9.0,11.0,7.0
0.2196,122.0,-96.0,7.0,0.0,0.0,0.0,0.0,0.0,0.0,0.0,0.0,0.0,-21.0,-9.0,-22.0,-9.0,-21.0,-10.0,-21.0,-10.0,-21.0,-11.0,-22.0,-12.0,-21.0,-12.0,-20.0,-13.0,-20.0,-12.0,-20.0,-14.0,-19.0,-14.0,-19.0,-14.0,-19.0,-13.0,-19.0,-15.0,-18.0,-14.0,-18.0,-14.0,-18.0,-14.0,-17.0,-14.0,-17.0,-14.0,-17.0,-13.0,-17.0,-13.0,-16.0,-13.0,-16.0,-13.0,-16.0,-12.0,-16.0,-12.0,-16.0,-11.0
0.2333,122.0,-96.0,7.0,0.0,0.0,0.0,0.0,0.0,0.0,0.0,0.0,0.0,15.0,14.0,17.0,16.0,18.0,18.0,19.0,19.0,19.0,19.0,19.0,18.0,17.0,17.0,15.0,14.0,12.0,13.0,9.0,10.0,5.0,7.0,0.0,4.0,-4.0,2.0,-9.0,-2.0,-14.0,-3.0,-18.0,-5.0,-22.0,-6.0,-25.0,-7.0,-27.0,-7.0,-28.0,-7.0,-28.0,-5.0,-27.0,-6.0,-25.0,-5.0,-22.0,-4.0,-18.0,-3.0,-14.0,-3.0
0.2475,122.0,-96.0,7.0,0.0,0.0,0.0,0.0,0.0,0.0,0.0,0.0,0.0,-5.0,-1.0,-5.0,-6.0,-5.0,-11.0,-6.0,-16.0,-7.0,-21.0,-8.0,-25.0,-9.0,-27.0,-9.0,-30.0,-11.0,-30.0,-11.0,-30.0,-10.0,-27.0,-10.0,-25.0,-8.0,-22.0,-7.0,-17.0,-4.0,-13.0,-1.0,-8.0,3.0,-3.0,7.0,1.0,11.0,6.0,15.0,8.0,19.0,11.0,22.0,12.0,25.0,14.0,26.0,13.0,27.0,13.0,26.0,12.0
0.262,122.0,-96.0,7.0,0.0,0.0,0.0,0.0,0.0,0.0,0.0,0.0,0.0,-3.0,17.0,-4.0,18.0,-4.0,17.0,-4.0,17.0,-5.0,18.0,-5.0,17.0,-6.0,17.0,-7.0,17.0,-6.0,17.0,-7.0,17.0,-7.0,17.0,-7.0,16.0,-8.0,16.0,-8.0,16.0,-8.0,16.0,-7.0,16.0,-8.0,15.0,-8.0,15.0,-8.0,15.0,-7.0,15.0,-8.0,14.0,-7.0,14.0,-8.0,13.0,-7.0,14.0,-7.0,13.0,-6.0,13.0
0.2758,122.0,-96.0,7.0,0.0,0.0,0.0,0.0,0.0,0.0,0.0,0.0,0.0,-10.0,-28.0,-10.0,-27.0,-9.0,-25.0,-8.0,-22.0,-6.0,-19.0,-4.0,-15.0,-1.0,-10.0,1.0,-5.0,4.0,0.0,8.0,4.0,11.0,8.0,15.0,11.0,18.0,14.0,21.0,17.0,23.0,19.0,24.0,20.0,25.0,19.0,24.0,18.0,22.0,16.0,20.0,13.0,16.0,10.0,12.0,8.0,7.0,6.0,2.0,4.0,-4.0,3.0,-9.0,2.0
0.2893,122.0,-96.0,7.0,0.0,0.0,0.0,0.0,0.0,0.0,0.0,0.0,0.0,-1.0,5.0,-4.0,8.0,-7.0,11.0,-10.0,15.0,-12.0,18.0,-14.0,20.0,-14.0,22.0,-16.0,23.0,-15.0,23.0,-14.0,23.0,-12.0,21.0,-11.0,19.0,-10.0,16.0,-7.0,11.0,-7.0,7.0,-4.0,2.0,-3.0,-4.0,-3.0,-9.0,-3.0,-14.0,-2.0,-18.0,-3.0,-22.0,-4.0,-25.0,-5.0,-27.0,-6.0,-27.0,-7.0,-26.0,-7.0,-26.0
0.3025,122.0,-96.0,7.0,0.0,0.0,0.0,0.0,0.0,0.0,0.0,0.0,0.0,3.0,-3.0,7.0,1.0,10.0,5.0,14.0,8.0,17.0,12.0,21.0,14.0,23.0,15.0,25.0,17.0,26.0,16.0,26.0,16.0,24.0,14.0,22.0,13.0,19.0,11.0,15.0,9.0,10.0,7.0,5.0,5.0,-1.0,3.0,-7.0,3.0,-13.0,2.0,-18.0,2.0,-23.0,3.0,-26.0,3.0,-29.0,4.0,-29.0,6.0,-30.0,6.0,-29.0,7.0
0.3173,122.0,-96.0,7.0,0.0,0.0,0.0,0.0,0.0,0.0,0.0,0.0,0.0,14.0,-10.0,15.0,-10.0,15.0,-10.0,15.0,-10.0,16.0,-9.0,16.0,-9.0,16.0,-8.0,16.0,-8.0,16.0,-8.0,16.0,-8.0,16.0,-8.0,16.0,-7.0,16.0,-7.0,16.0,-7.0,16.0,-6.0,16.0,-6.0,15.0,-6.0,16.0,-6.0,16.0,-6.0,15.0,-6.0,15.0,-6.0,14.0,-6.0,14.0,-5.0,14.0,-6.0,14.0,-6.0,13.0,-6.0
0.3314,122.0,-96.0,7.0,0.0,0.0,0.0,0.0,0.0,0.0,0.0,0.0,0.0,20.0,16.0,20.0,16.0,19.0,15.0,17.0,14.0,15.0,12.0,11.0,10.0,7.0,8.0,3.0,5.0,-2.0,3.0,-7.0,1.0,-12.0,0.0,-16.0,-1.0,-20.0,-2.0,-24.0,-3.0,-27.0,-4.0,-29.0,-3.0,-29.0,-3.0,-29.0,-2.0,-27.0,-2.0,-24.0,-1.0,-20.0,0.0,-16.0,-1.0,-12.0,-2.0,-7.0,-3.0,-2.0,-4.0,3.0,-6.0
0.3458,122.0,-96.0,7.0,0.0,0.0,0.0,0.0,0.0,0.0,0.0,0.0,0.0,-2.0,28.0,-2.0,28.0,-2.0,26.0,-2.0,23.0,-2.0,19.0,-3.0,14.0,-3.0,9.0,-4.0,3.0,-5.0,-2.0,-7.0,-8.0,-9.0,-13.0,-11.0,-17.0,-13.0,-21.0,-14.0,-24.0,-15.0,-27.0,-16.0,-28.0,-17.0,-28.0,-17.0,-26.0,-16.0,-24.0,-15.0,-21.0,-12.0,-17.0,-9.0,-13.0,-5.0,-9.0,-1.0,-6.0,3.0,-2.0,8.0,0.0
0.3605,122.0,-96.0,7.0,0.0,0.0,0.0,0.0,0.0,0.0,0.0,0.0,0.0,-8.0,19.0,-7.0,15.0,-6.0,10.0,-5.0,5.0,-4.0,-1.0,-4.0,-7.0,-5.0,-12.0,-5.0,-17.0,-6.0,-22.0,-7.0,-26.0,-7.0,-29.0,-8.0,-30.0,-9.0,-31.0,-10.0,-30.0,-10.0,-28.0,-9.0,-25.0,-8.0,-22.0,-6.0,-17.0,-4.0,-12.0,-1.0,-8.0,3.0,-3.0,6.0,1.0,11.0,5.0,15.0,9.0,18.0,11.0,21.0,12.0
0.3741,122.0,-96.0,7.0,0.0,0.0,0.0,0.0,0.0,0.0,0.0,0.0,0.0,5.0,-18.0,7.0,-22.0,8.0,-24.0,9.0,-25.0,9.0,-26.0,9.0,-26.0,8.0,-25.0,7.0,-22.0,7.0,-20.0,5.0,-15.0,5.0,-11.0,4.0,-6.0,3.0,0.0,2.0,5.0,3.0,11.0,2.0,15.0,3.0,20.0,4.0,23.0,5.0,25.0,5.0,27.0,6.0,27.0,6.0,26.0,7.0,24.0,6.0,21.0,5.0,17.0,4.0,14.0
0.3882,122.0,-96.0,7.0,0.0,0.0,0.0,0.0,0.0,0.0,0.0,0.0,0.0,16.0,7.0,12.0,6.0,6.0,4.0,1.0,4.0,-4.0,3.0,-10.0,3.0,-15.0,4.0,-20.0,4.0,-24.0,4.0,-28.0,4.0,-30.0,5.0,-31.0,6.0,-31.0,7.0,-30.0,7.0,-28.0,7.0,-24.0,6.0,-20.0,5.0,-15.0,3.0,-11.0,1.0,-5.0,-2.0,-1.0,-5.0,3.0,-9.0,8.0,-12.0,12.0,-16.0,13.0,-19.0,14.0,-22.0
0.4034,122.0,-96.0,7.0,0.0,0.0,0.0,0.0,0.0,0.0,0.0,0.0,0.0,-4.0,-18.0,-3.0,-19.0,-3.0,-18.0,-2.0,-18.0,-2.0,-19.0,-1.0,-19.0,-1.0,-18.0,0.0,-19.0,0.0,-19.0,0.0,-19.0,0.0,-19.0,0.0,-19.0,0.0,-18.0,1.0,-18.0,1.0,-18.0,1.0,-18.0,1.0,-17.0,1.0,-18.0,2.0,-17.0,2.0,-17.0,2.0,-17.0,1.0,-16.0,1.0,-16.0,1.0,-16.0,1.0,-15.0,0.0,-15.0
0.4174,122.0,-96.0,7.0,0.0,0.0,0.0,0.0,0.0,0.0,0.0,0.0,0.0,-1.0,4.0,-4.0,8.0,-8.0,11.0,-11.0,14.0,-13.0,16.0,-15.0,19.0,-16.0,21.0,-17.0,22.0,-16.0,22.0,-15.0,21.0,-14.0,20.0,-12.0,18.0,-11.0,15.0,-8.0,11.0,-7.0,6.0,-5.0,2.0,-3.0,-4.0,-3.0,-9.0,-2.0,-14.0,-2.0,-18.0,-2.0,-22.0,-3.0,-25.0,-4.0,-27.0,-5.0,-27.0,-5.0,-27.0,-6.0,-26.0
0.4332,122.0,-96.0,7.0,0.0,0.0,0.0,0.0,0.0,0.0,0.0,0.0,0.0,-3.0,3.0,-8.0,1.0,-13.0,-2.0,-17.0,-4.0,-22.0,-5.0,-26.0,-6.0,-28.0,-6.0,-31.0,-7.0,-31.0,-6.0,-31.0,-5.0,-29.0,-4.0,-27.0,-4.0,-23.0,-4.0,-18.0,-3.0,-13.0,-4.0,-7.0,-3.0,-1.0,-4.0,4.0,-6.0,10.0,-7.0,15.0,-9.0,19.0,-12.0,21.0,-14.0,24.0,-16.0,24.0,-18.0,23.0,-18.0,22.0,-19.0
0.4467,122.0,-96.0,7.0,0.0,0.0,0.0,0.0,0.0,0.0,0.0,0.0,0.0,-30.0,0.0,-29.0,0.0,-27.0,0.0,-24.0,0.0,-20.0,-1.0,-15.0,-2.0,-10.0,-3.0,-4.0,-4.0,1.0,-5.0,7.0,-8.0,12.0,-9.0,16.0,-11.0,20.0,-13.0,23.0,-15.0,25.0,-16.0,27.0,-17.0,26.0,-18.0,25.0,-18.0,23.0,-16.0,19.0,-15.0,15.0,-12.0,12.0,-9.0,9.0,-5.0,5.0,-1.0,1.0,4.0,-1.0,8.0
0.4604,122.0,-96.0,7.0,0.0,0.0,0.0,0.0,0.0,0.0,0.0,0.0,0.0,19.0,-7.0,20.0,-6.0,20.0,-6.0,21.0,-6.0,20.0,-5.0,21.0,-4.0,20.0,-4.0,21.0,-3.0,21.0,-3.0,21.0,-3.0,21.0,-2.0,21.0,-2.0,20.0,-2.0,21.0,-1.0,21.0,-1.0,19.0,-1.0,20.0,0.0,20.0,0.0,19.0,0.0,19.0,-1.0,18.0,-1.0,18.0,-1.0,18.0,0.0,17.0,-1.0,17.0,-1.0,17.0,-2.0
0.475,122.0,-96.0,7.0,0.0,0.0,0.0,0.0,0.0,0.0,0.0,0.0,0.0,-22.0,-3.0,-23.0,-5.0,-23.0,-4.0,-22.0,-5.0,-23.0,-6.0,-24.0,-7.0,-22.0,-7.0,-23.0,-8.0,-22.0,-8.0,-21.0,-8.0,-22.0,-8.0,-22.0,-8.0,-21.0,-8.0,-22.0,-9.0,-21.0,-10.0,-20.0,-9.0,-20.0,-9.0,-20.0,-9.0,-20.0,-9.0,-19.0,-9.0,-19.0,-9.0,-18.0,-9.0,-18.0,-8.0,-19.0,-8.0,-18.0,-7.0,-18.0,-7.0
0.4897,122.0,-96.0,7.0,0.0,0.0,0.0,0.0,0.0,0.0,0.0,0.0,0.0,17.0,-7.0,13.0,-4.0,8.0,-2.0,4.0,1.0,-1.0,5.0,-5.0,9.0,-8.0,12.0,-12.0,16.0,-15.0,19.0,-17.0,22.0,-18.0,24.0,-18.0,25.0,-18.0,26.0,-17.0,25.0,-15.0,23.0,-13.0,20.0,-11.0,17.0,-9.0,12.0,-7.0,7.0,-5.0,2.0,-4.0,-4.0,-3.0,-9.0,-3.0,-15.0,-2.0,-20.0,-4.0,-24.0,-5.0,-27.0
0.5023,122.0,-96.0,7.0,0.0,0.0,0.0,0.0,0.0,0.0,0.0,0.0,0.0,0.0,-5.0,6.0,-4.0,11.0,-3.0,16.0,-3.0,21.0,-3.0,25.0,-3.0,28.0,-4.0,30.0,-4.0,30.0,-6.0,30.0,-5.0,28.0,-6.0,25.0,-5.0,22.0,-4.0,17.0,-4.0,12.0,-1.0,7.0,0.0,1.0,3.0,-3.0,6.0,-8.0,9.0,-12.0,13.0,-16.0,16.0,-17.0,19.0,-20.0,22.0,-19.0,23.0,-18.0,24.0,-17.0,24.0
0.5154,122.0,-96.0,7.0,0.0,0.0,0.0,0.0,0.0,0.0,0.0,0.0,0.0,-2.0,-5.0,2.0,-7.0,7.0,-10.0,11.0,-13.0,15.0,-16.0,18.0,-19.0,19.0,-21.0,21.0,-22.0,21.0,-23.0,20.0,-23.0,18.0,-22.0,16.0,-20.0,15.0,-18.0,11.0,-14.0,9.0,-9.0,6.0,-5.0,3.0,1.0,1.0,7.0,-1.0,12.0,-1.0,17.0,-2.0,22.0,-1.0,25.0,-2.0,29.0,0.0,29.0,1.0,29.0,2.0,29.0
0.5291,122.0,-96.0,7.0,0.0,0.0,0.0,0.0,0.0,0.0,0.0,0.0,0.0,-18.0,-23.0,-18.0,-23.0,-16.0,-21.0,-15.0,-19.0,-12.0,-16.0,-8.0,-13.0,-4.0,-10.0,0.0,-5.0,4.0,-2.0,9.0,1.0,14.0,3.0,18.0,6.0,22.0,7.0,26.0,10.0,28.0,10.0,30.0,11.0,30.0,10.0,29.0,9.0,26.0,8.0,23.0,6.0,19.0,5.0,14.0,3.0,9.0,4.0,3.0,3.0,-2.0,3.0,-8.0,4.0
0.5445,122.0,-96.0,7.0,0.0,0.0,0.0,0.0,0.0,0.0,0.0,0.0,0.0,-21.0,-14.0,-20.0,-14.0,-20.0,-14.0,-20.0,-14.0,-20.0,-15.0,-21.0,-16.0,-20.0,-16.0,-20.0,-17.0,-20.0,-17.0,-20.0,-17.0,-20.0,-17.0,-20.0,-17.0,-20.0,-17.0,-20.0,-18.0,-20.0,-19.0,-19.0,-17.0,-19.0,-18.0,-19.0,-19.0,-19.0,-19.0,-19.0,-18.0,-19.0,-18.0,-19.0,-18.0,-19.0,-18.0,-19.0,-17.0,-18.0,-17.0,-18.0,-17.0
0.5596,122.0,-96.0,7.0,0.0,0.0,0.0,0.0,0.0,0.0,0.0,0.0,0.0,-19.0,-2.0,-14.0,-2.0,-9.0,-3.0,-4.0,-4.0,2.0,-5.0,8.0,-7.0,12.0,-9.0,17.0,-10.0,21.0,-12.0,24.0,-14.0,26.0,-15.0,26.0,-17.0,26.0,-17.0,25.0,-17.0,23.0,-16.0,19.0,-15.0,16.0,-12.0,12.0,-9.0,9.0,-5.0,5.0,-1.0,2.0,4.0,-2.0,8.0,-4.0,13.0,-6.0,18.0,-7.0,22.0,-7.0,25.0
0.5753,122.0,-96.0,7.0,0.0,0.0,0.0,0.0,0.0,0.0,0.0,0.0,0.0,-16.0,-21.0,-16.0,-21.0,-14.0,-19.0,-13.0,-17.0,-10.0,-15.0,-8.0,-12.0,-4.0,-9.0,0.0,-5.0,4.0,-2.0,8.0,1.0,12.0,4.0,16.0,6.0,19.0,7.0,23.0,9.0,25.0,10.0,26.0,11.0,26.0,10.0,25.0,9.0,23.0,8.0,21.0,6.0,17.0,5.0,12.0,4.0,8.0,4.0,3.0,3.0,-2.0,3.0,-7.0,3.0
0.5867,122.0,-96.0,7.0,0.0,0.0,0.0,0.0,0.0,0.0,0.0,0.0,0.0,7.0,24.0,7.0,28.0,8.0,30.0,9.0,31.0,9.0,32.0,9.0,31.0,8.0,29.0,7.0,25.0,5.0,22.0,3.0,16.0,1.0,10.0,-3.0,5.0,-6.0,-1.0,-10.0,-7.0,-14.0,-11.0,-17.0,-16.0,-20.0,-19.0,-24.0,-21.0,-25.0,-23.0,-27.0,-24.0,-27.0,-22.0,-27.0,-22.0,-25.0,-19.0,-22.0,-16.0,-18.0,-13.0,-14.0,-11.0
0.599,122.0,-96.0,7.0,0.0,0.0,0.0,0.0,0.0,0.0,0.0,0.0,0.0,1.0,17.0,1.0,17.0,1.0,18.0,0.0,17.0,-1.0,18.0,-1.0,18.0,-1.0,18.0,-2.0,18.0,-2.0,17.0,-2.0,18.0,-2.0,18.0,-3.0,17.0,-3.0,17.0,-3.0,17.0,-3.0,17.0,-3.0,17.0,-4.0,16.0,-4.0,17.0,-3.0,16.0,-3.0,16.0,-3.0,15.0,-3.0,15.0,-3.0,15.0,-3.0,15.0,-2.0,14.0,-2.0,14.0
0.6141,122.0,-96.0,7.0,0.0,0.0,0.0,0.0,0.0,0.0,0.0,0.0,0.0,-17.0,-7.0,-17.0,-8.0,-16.0,-8.0,-17.0,-9.0,-16.0,-9.0,-17.0,-10.0,-16.0,-10.0,-16.0,-10.0,-15.0,-11.0,-16.0,-11.0,-16.0,-11.0,-15.0,-11.0,-15.0,-11.0,-15.0,-12.0,-14.0,-12.0,-14.0,-11.0,-14.0,-12.0,-13.0,-11.0,-13.0,-11.0,-13.0,-11.0,-13.0,-11.0,-13.0,-11.0,-13.0,-10.0,-13.0,-10.0,-13.0,-9.0,-13.0,-9.0
0.6265,122.0,-96.0,7.0,0.0,0.0,0.0,0.0,0.0,0.0,0.0,0.0,0.0,4.0,-1.0,8.0,2.0,11.0,6.0,15.0,8.0,18.0,10.0,20.0,12.0,22.0,13.0,24.0,14.0,24.0,13.0,23.0,13.0,21.0,11.0,19.0,9.0,16.0,8.0,12.0,6.0,7.0,6.0,2.0,4.0,-3.0,2.0,-9.0,2.0,-14.0,2.0,-18.0,1.0,-22.0,2.0,-25.0,3.0,-27.0,4.0,-26.0,6.0,-26.0,6.0,-25.0,6.0
0.6404,122.0,-96.0,7.0,0.0,0.0,0.0,0.0,0.0,0.0,0.0,0.0,0.0,28.0,-5.0,28.0,-5.0,27.0,-4.0,24.0,-4.0,21.0,-3.0,17.0,-2.0,12.0,-1.0,6.0,1.0,1.0,3.0,-4.0,6.0,-9.0,9.0,-13.0,11.0,-17.0,14.0,-21.0,17.0,-24.0,18.0,-25.0,19.0,-25.0,21.0,-24.0,20.0,-22.0,19.0,-19.0,17.0,-16.0,15.0,-13.0,11.0,-10.0,7.0,-7.0,3.0,-4.0,-2.0,-1.0,-8.0
0.6545,122.0,-96.0,7.0,0.0,0.0,0.0,0.0,0.0,0.0,0.0,0.0,0.0,12.0,-23.0,13.0,-23.0,12.0,-22.0,11.0,-20.0,10.0,-17.0,8.0,-14.0,6.0,-9.0,4.0,-4.0,3.0,0.0,2.0,6.0,1.0,10.0,1.0,15.0,0.0,19.0,0.0,23.0,-1.0,26.0,0.0,28.0,0.0,28.0,0.0,28.0,1.0,26.0,1.0,23.0,1.0,19.0,1.0,15.0,0.0,11.0,-2.0,6.0,-4.0,1.0,-6.0,-4.0
0.6691,122.0,-96.0,7.0,0.0,0.0,0.0,0.0,0.0,0.0,0.0,0.0,0.0,14.0,-11.0,15.0,-11.0,15.0,-10.0,15.0,-10.0,16.0,-10.0,16.0,-9.0,16.0,-9.0,16.0,-9.0,16.0,-8.0,16.0,-8.0,17.0,-7.0,16.0,-7.0,16.0,-6.0,17.0,-6.0,17.0,-6.0,16.0,-6.0,16.0,-6.0,16.0,-6.0,16.0,-6.0,15.0,-6.0,15.0,-6.0,14.0,-6.0,15.0,-6.0,14.0,-6.0,14.0,-6.0,13.0,-6.0
0.6838,122.0,-96.0,7.0,0.0,0.0,0.0,0.0,0.0,0.0,0.0,0.0,0.0,-4.0,-19.0,-3.0,-23.0,-4.0,-25.0,-4.0,-27.0,-4.0,-28.0,-4.0,-28.0,-3.0,-26.0,-3.0,-24.0,-2.0,-21.0,-2.0,-16.0,-1.0,-12.0,1.0,-7.0,3.0,-2.0,5.0,3.0,8.0,8.0,9.0,12.0,12.0,16.0,14.0,18.0,16.0,20.0,17.0,21.0,18.0,21.0,18.0,21.0,17.0,18.0,15.0,15.0,13.0,13.0,10.0,10.0
0.6982,122.0,-96.0,7.0,0.0,0.0,0.0,0.0,0.0,0.0,0.0,0.0,0.0,-4.0,2.0,-8.0,-2.0,-11.0,-7.0,-14.0,-10.0,-18.0,-14.0,-21.0,-16.0,-23.0,-17.0,-25.0,-19.0,-26.0,-19.0,-26.0,-18.0,-24.0,-16.0,-22.0,-15.0,-19.0,-13.0,-16.0,-10.0,-10.0,-9.0,-6.0,-6.0,1.0,-4.0,6.0,-3.0,12.0,-2.0,17.0,-2.0,22.0,-2.0,25.0,-3.0,29.0,-4.0,29.0,-5.0,29.0,-6.0,28.0,-6.0
0.7133,122.0,-96.0,7.0,0.0,0.0,0.0,0.0,0.0,0.0,0.0,0.0,0.0,-3.0,4.0,-8.0,6.0,-13.0,7.0,-18.0,9.0,-21.0,11.0,-25.0,12.0,-26.0,13.0,-28.0,14.0,-28.0,14.0,-26.0,15.0,-24.0,14.0,-21.0,12.0,-18.0,10.0,-14.0,7.0,-10.0,3.0,-6.0,0.0,-2.0,-5.0,2.0,-10.0,5.0,-15.0,8.0,-18.0,9.0,-23.0,9.0,-26.0,10.0,-28.0,8.0,-29.0,8.0,-29.0,7.0,-28.0
0.7274,122.0,-96.0,7.0,0.0,0.0,0.0,0.0,0.0,0.0,0.0,0.0,0.0,-14.0,18.0,-17.0,20.0,-18.0,22.0,-19.0,23.0,-19.0,23.0,-18.0,23.0,-17.0,21.0,-15.0,18.0,-14.0,15.0,-11.0,11.0,-8.0,6.0,-5.0,1.0,-3.0,-4.0,-1.0,-10.0,1.0,-16.0,2.0,-20.0,3.0,-25.0,3.0,-28.0,3.0,-30.0,3.0,-32.0,2.0,-31.0,1.0,-31.0,1.0,-28.0,0.0,-24.0,-1.0,-20.0,0.0,-15.0
0.7413,122.0,-96.0,7.0,0.0,0.0,0.0,0.0,0.0,0.0,0.0,0.0,0.0,19.0,21.0,18.0,20.0,17.0,19.0,15.0,17.0,12.0,14.0,8.0,11.0,4.0,8.0,-1.0,4.0,-5.0,1.0,-11.0,-1.0,-15.0,-3.0,-19.0,-5.0,-23.0,-7.0,-27.0,-9.0,-30.0,-9.0,-31.0,-9.0,-31.0,-8.0,-30.0,-8.0,-28.0,-7.0,-25.0,-5.0,-20.0,-4.0,-15.0,-4.0,-10.0,-4.0,-4.0,-4.0,1.0,-5.0,7.0,-6.0
0.7531,122.0,-96.0,7.0,0.0,0.0,0.0,0.0,0.0,0.0,0.0,0.0,0.0,5.0,2.0,7.0,7.0,9.0,13.0,11.0,17.0,14.0,22.0,16.0,25.0,18.0,27.0,18.0,29.0,20.0,28.0,19.0,27.0,18.0,24.0,15.0,22.0,13.0,18.0,9.0,14.0,4.0,10.0,0.0,5.0,-5.0,1.0,-11.0,-2.0,-17.0,-5.0,-21.0,-7.0,-26.0,-8.0,-29.0,-8.0,-33.0,-9.0,-33.0,-7.0,-33.0,-6.0,-32.0,-5.0
0.7674,122.0,-96.0,7.0,0.0,0.0,0.0,0.0,0.0,0.0,0.0,0.0,0.0,18.0,18.0,14.0,14.0,9.0,11.0,3.0,7.0,-3.0,4.0,-9.0,1.0,-16.0,-1.0,-22.0,-4.0,-28.0,-6.0,-33.0,-6.0,-36.0,-8.0,-38.0,-6.0,-39.0,-6.0,-39.0,-5.0,-37.0,-4.0,-33.0,-3.0,-28.0,-3.0,-22.0,-2.0,-16.0,-3.0,-9.0,-4.0,-2.0,-6.0,5.0,-8.0,12.0,-10.0,18.0,-13.0,22.0,-16.0,25.0,-19.0
0.7816,122.0,-96.0,7.0,0.0,0.0,0.0,0.0,0.0,0.0,0.0,0.0,0.0,-17.0,19.0,-17.0,20.0,-17.0,18.0,-15.0,17.0,-13.0,14.0,-11.0,11.0,-9.0,7.0,-6.0,3.0,-4.0,-2.0,-2.0,-7.0,0.0,-11.0,1.0,-16.0,2.0,-20.0,3.0,-24.0,4.0,-26.0,4.0,-28.0,3.0,-29.0,3.0,-28.0,2.0,-27.0,1.0,-24.0,0.0,-20.0,1.0,-16.0,1.0,-11.0,2.0,-7.0,3.0,-1.0,4.0,3.0
0.7969,122.0,-96.0,7.0,0.0,0.0,0.0,0.0,0.0,0.0,0.0,0.0,0.0,29.0,-12.0,29.0,-11.0,26.0,-11.0,24.0,-9.0,20.0,-7.0,15.0,-5.0,10.0,-2.0,4.0,2.0,0.0,5.0,-6.0,9.0,-10.0,13.0,-14.0,17.0,-17.0,21.0,-19.0,24.0,-21.0,26.0,-22.0,27.0,-21.0,28.0,-20.0,27.0,-18.0,25.0,-15.0,23.0,-12.0,18.0,-10.0,13.0,-8.0,8.0,-6.0,2.0,-4.0,-4.0,-3.0,-10.0
0.8105,122.0,-96.0,7.0,0.0,0.0,0.0,0.0,0.0,0.0,0.0,0.0,0.0,19.0,8.0,21.0,10.0,22.0,11.0,24.0,12.0,24.0,11.0,23.0,11.0,22.0,10.0,18.0,9.0,16.0,8.0,11.0,6.0,7.0,5.0,2.0,4.0,-3.0,3.0,-9.0,2.0,-14.0,2.0,-18.0,2.0,-23.0,2.0,-25.0,3.0,-28.0,4.0,-28.0,4.0,-28.0,5.0,-27.0,5.0,-24.0,5.0,-21.0,5.0,-17.0,4.0,-13.0,3.0
0.8222,122.0,-96.0,7.0,0.0,0.0,0.0,0.0,0.0,0.0,0.0,0.0,0.0,6.0,0.0,9.0,5.0,12.0,10.0,16.0,13.0,19.0,17.0,22.0,20.0,25.0,21.0,26.0,22.0,27.0,21.0,25.0,20.0,24.0,18.0,21.0,16.0,17.0,14.0,13.0,11.0,7.0,8.0,2.0,5.0,-5.0,3.0,-11.0,1.0,-17.0,1.0,-22.0,0.0,-28.0,0.0,-30.0,1.0,-34.0,1.0,-34.0,2.0,-33.0,3.0,-32.0,4.0
0.8369,122.0,-96.0,7.0,0.0,0.0,0.0,0.0,0.0,0.0,0.0,0.0,0.0,2.0,17.0,1.0,17.0,1.0,18.0,1.0,17.0,0.0,18.0,0.0,18.0,-1.0,18.0,-1.0,18.0,-1.0,18.0,-2.0,18.0,-2.0,18.0,-2.0,17.0,-2.0,17.0,-3.0,18.0,-3.0,17.0,-3.0,17.0,-3.0,16.0,-3.0,17.0,-3.0,16.0,-3.0,16.0,-3.0,16.0,-3.0,15.0,-3.0,15.0,-3.0,15.0,-2.0,15.0,-2.0,14.0
0.8491,122.0,-96.0,7.0,0.0,0.0,0.0,0.0,0.0,0.0,0.0,0.0,0.0,5.0,2.0,7.0,8.0,8.0,14.0,10.0,19.0,12.0,23.0,13.0,26.0,15.0,28.0,15.0,31.0,17.0,29.0,16.0,28.0,16.0,26.0,13.0,23.0,11.0,19.0,8.0,15.0,3.0,11.0,0.0,5.0,-6.0,1.0,-11.0,-2.0,-16.0,-6.0,-21.0,-9.0,-26.0,-10.0,-29.0,-10.0,-32.0,-12.0,-33.0,-10.0,-33.0,-9.0,-32.0,-8.0
0.8621,122.0,-96.0,7.0,0.0,0.0,0.0,0.0,0.0,0.0,0.0,0.0,0.0,13.0,-23.0,13.0,-23.0,12.0,-22.0,11.0,-20.0,10.0,-17.0,8.0,-14.0,7.0,-9.0,4.0,-4.0,3.0,0.0,2.0,6.0,2.0,10.0,1.0,15.0,1.0,19.0,0.0,23.0,0.0,26.0,0.0,28.0,1.0,28.0,1.0,28.0,2.0,25.0,2.0,23.0,2.0,19.0,2.0,15.0,0.0,10.0,-2.0,6.0,-4.0,1.0,-6.0,-3.0
0.8761,122.0,-96.0,7.0,0.0,0.0,0.0,0.0,0.0,0.0,0.0,0.0,0.0,-4.0,-26.0,-4.0,-26.0,-4.0,-24.0,-3.0,-22.0,-2.0,-18.0,-1.0,-14.0,0.0,-9.0,2.0,-4.0,4.0,0.0,6.0,5.0,9.0,9.0,11.0,12.0,13.0,15.0,16.0,19.0,17.0,21.0,18.0,21.0,19.0,21.0,18.0,19.0,17.0,18.0,15.0,15.0,12.0,12.0,9.0,9.0,5.0,7.0,1.0,4.0,-4.0,2.0,-8.0,0.0
0.8909,122.0,-96.0,7.0,0.0,0.0,0.0,0.0,0.0,0.0,0.0,0.0,0.0,3.0,2.0,0.0,7.0,-3.0,11.0,-5.0,16.0,-7.0,20.0,-8.0,24.0,-8.0,27.0,-9.0,29.0,-8.0,29.0,-8.0,29.0,-7.0,28.0,-6.0,25.0,-6.0,22.0,-4.0,17.0,-5.0,12.0,-4.0,6.0,-4.0,0.0,-6.0,-6.0,-7.0,-12.0,-8.0,-17.0,-10.0,-21.0,-12.0,-23.0,-14.0,-27.0,-16.0,-26.0,-16.0,-26.0,-16.0,-25.0
0.9044,122.0,-96.0,7.0,0.0,0.0,0.0,0.0,0.0,0.0,0.0,0.0,0.0,-1.0,-16.0,0.0,-17.0,0.0,-16.0,1.0,-17.0,1.0,-17.0,1.0,-17.0,2.0,-16.0,2.0,-17.0,2.0,-17.0,3.0,-16.0,3.0,-16.0,3.0,-16.0,3.0,-16.0,3.0,-16.0,3.0,-16.0,3.0,-15.0,4.0,-15.0,3.0,-15.0,3.0,-15.0,3.0,-15.0,3.0,-15.0,3.0,-15.0,3.0,-14.0,3.0,-14.0,2.0,-14.0,2.0,-14.0
0.9182,122.0,-96.0,7.0,0.0,0.0,0.0,0.0,0.0,0.0,0.0,0.0,0.0,-15.0,-22.0,-15.0,-23.0,-14.0,-21.0,-13.0,-20.0,-11.0,-17.0,-8.0,-14.0,-5.0,-11.0,-2.0,-6.0,2.0,-4.0,6.0,0.0,10.0,3.0,14.0,5.0,17.0,7.0,21.0,10.0,24.0,11.0,25.0,12.0,26.0,11.0,25.0,11.0,24.0,10.0,22.0,8.0,18.0,6.0,14.0,5.0,10.0,4.0,5.0,4.0,-1.0,3.0,-6.0,3.0
0.9361,122.0,-96.0,7.0,0.0,0.0,0.0,0.0,0.0,0.0,0.0,0.0,0.0,9.0,24.0,9.0,24.0,8.0,23.0,8.0,21.0,6.0,18.0,4.0,14.0,2.0,11.0,0.0,6.0,-3.0,2.0,-7.0,-2.0,-10.0,-6.0,-13.0,-9.0,-16.0,-12.0,-19.0,-15.0,-21.0,-17.0,-23.0,-18.0,-23.0,-18.0,-23.0,-17.0,-22.0,-15.0,-20.0,-14.0,-17.0,-11.0,-14.0,-9.0,-9.0,-7.0,-5.0,-6.0,1.0,-4.0,5.0,-3.0
0.9477,122.0,-96.0,7.0,0.0,0.0,0.0,0.0,0.0,0.0,0.0,0.0,0.0,-5.0,-2.0,-4.0,-8.0,-3.0,-14.0,-2.0,-19.0,-1.0,-24.0,-2.0,-29.0,-2.0,-32.0,-2.0,-35.0,-3.0,-34.0,-4.0,-34.0,-4.0,-32.0,-4.0,-29.0,-3.0,-26.0,-3.0,-20.0,-1.0,-15.0,0.0,-9.0,3.0,-2.0,7.0,3.0,10.0,9.0,14.0,13.0,17.0,17.0,20.0,18.0,23.0,22.0,25.0,21.0,25.0,20.0,25.0,19.0
0.9611,122.0,-96.0,7.0,0.0,0.0,0.0,0.0,0.0,0.0,0.0,0.0,0.0,2.0,3.0,-2.0,6.0,-7.0,9.0,-11.0,13.0,-14.0,16.0,-17.0,19.0,-19.0,21.0,-21.0,23.0,-20.0,24.0,-19.0,24.0,-18.0,22.0,-16.0,21.0,-14.0,18.0,-11.0,14.0,-10.0,9.0,-6.0,4.0,-4.0,-2.0,-3.0,-7.0,-2.0,-13.0,-1.0,-18.0,-1.0,-23.0,-2.0,-26.0,-2.0,-30.0,-4.0,-30.0,-4.0,-30.0,-5.0,-30.0
0.9757,122.0,-96.0,7.0,0.0,0.0,0.0,0.0,0.0,0.0,0.0,0.0,0.0,18.0,-18.0,18.0,-18.0,17.0,-17.0,15.0,-15.0,13.0,-12.0,10.0,-9.0,7.0,-5.0,4.0,-1.0,2.0,4.0,-1.0,8.0,-3.0,13.0,-4.0,17.0,-5.0,20.0,-7.0,24.0,-7.0,26.0,-8.0,27.0,-7.0,28.0,-6.0,27.0,-5.0,24.0,-4.0,22.0,-3.0,17.0,-3.0,13.0,-3.0,9.0,-4.0,3.0,-4.0,-2.0,-6.0,-6.0
0.9889,122.0,-96.0,7.0,0.0,0.0,0.0,0.0,0.0,0.0,0.0,0.0,0.0,-2.0,17.0,-3.0,18.0,-3.0,17.0,-3.0,18.0,-4.0,17.0,-5.0,17.0,-5.0,17.0,-6.0,17.0,-6.0,16.0,-6.0,17.0,-6.0,17.0,-6.0,17.0,-6.0,16.0,-7.0,16.0,-7.0,16.0,-7.0,15.0,-7.0,15.0,-7.0,15.0,-7.0,15.0,-7.0,15.0,-7.0,14.0,-6.0,14.0,-6.0,13.0,-6.0,14.0,-5.0,14.0,-5.0,14.0
1.0028,122.0,-96.0,7.0,0.0,0.0,0.0,0.0,0.0,0.0,0.0,0.0,0.0,1.0,-6.0,8.0,-5.0,14.0,-5.0,20.0,-5.0,26.0,-5.0,31.0,-6.0,34.0,-7.0,38.0,-7.0,37.0,-9.0,37.0,-9.0,34.0,-10.0,31.0,-9.0,27.0,-8.0,21.0,-6.0,16.0,-3.0,9.0,-1.0,2.0,4.0,-3.0,8.0,-9.0,13.0,-13.0,17.0,-17.0,22.0,-18.0,26.0,-21.0,30.0,-20.0,32.0,-19.0,32.0,-18.0,32.0
1.0152,122.0,-96.0,7.0,0.0,0.0,0.0,0.0,0.0,0.0,0.0,0.0,0.0,18.0,11.0,18.0,13.0,18.0,13.0,18.0,13.0,17.0,14.0,17.0,15.0,16.0,15.0,16.0,16.0,16.0,16.0,15.0,16.0,15.0,15.0,15.0,16.0,15.0,16.0,15.0,16.0,14.0,17.0,14.0,16.0,14.0,16.0,13.0,16.0,13.0,16.0,12.0,15.0,12.0,16.0,13.0,14.0,12.0,15.0,12.0,14.0,12.0,13.0,13.0,13.0
1.0289,122.0,-96.0,7.0,0.0,0.0,0.0,0.0,0.0,0.0,0.0,0.0,0.0,-23.0,3.0,-18.0,1.0,-12.0,-1.0,-5.0,-3.0,1.0,-7.0,7.0,-11.0,12.0,-15.0,17.0,-18.0,21.0,-22.0,24.0,-25.0,26.0,-27.0,26.0,-29.0,25.0,-30.0,24.0,-30.0,22.0,-28.0,18.0,-25.0,15.0,-21.0,12.0,-15.0,9.0,-10.0,6.0,-3.0,4.0,4.0,2.0,11.0,1.0,18.0,0.0,24.0,1.0,28.0,3.0,32.0
1.0421,122.0,-96.0,7.0,0.0,0.0,0.0,0.0,0.0,0.0,0.0,0.0,0.0,-1.0,-24.0,-1.0,-19.0,0.0,-13.0,2.0,-8.0,4.0,-2.0,6.0,4.0,9.0,9.0,11.0,15.0,14.0,19.0,16.0,23.0,18.0,26.0,20.0,27.0,21.0,27.0,21.0,27.0,20.0,24.0,19.0,21.0,16.0,18.0,12.0,14.0,8.0,10.0,3.0,7.0,-3.0,4.0,-8.0,1.0,-15.0,-2.0,-20.0,-5.0,-24.0,-5.0,-28.0,-5.0
1.0553,122.0,-96.0,7.0,0.0,0.0,0.0,0.0,0.0,0.0,0.0,0.0,0.0,-13.0,14.0,-10.0,9.0,-7.0,5.0,-5.0,0.0,-3.0,-5.0,-1.0,-11.0,-1.0,-15.0,1.0,-20.0,1.0,-25.0,2.0,-28.0,3.0,-30.0,2.0,-31.0,2.0,-32.0,1.0,-31.0,0.0,-28.0,-1.0,-25.0,-1.0,-21.0,0.0,-16.0,1.0,-11.0,2.0,-5.0,4.0,0.0,7.0,5.0,9.0,11.0,11.0,15.0,14.0,18.0,16.0,19.0
1.0696,122.0,-96.0,7.0,0.0,0.0,0.0,0.0,0.0,0.0,0.0,0.0,0.0,6.0,28.0,6.0,28.0,5.0,27.0,5.0,24.0,3.0,21.0,2.0,17.0,0.0,12.0,-2.0,6.0,-4.0,2.0,-7.0,-3.0,-10.0,-8.0,-13.0,-12.0,-16.0,-16.0,-18.0,-19.0,-21.0,-22.0,-22.0,-23.0,-23.0,-23.0,-23.0,-22.0,-22.0,-20.0,-20.0,-18.0,-17.0,-15.0,-13.0,-12.0,-9.0,-10.0,-4.0,-7.0,1.0,-4.0,6.0,-2.0
1.0842,122.0,-96.0,7.0,0.0,0.0,0.0,0.0,0.0,0.0,0.0,0.0,0.0,20.0,5.0,23.0,6.0,24.0,7.0,25.0,7.0,26.0,7.0,25.0,7.0,23.0,6.0,20.0,5.0,17.0,5.0,12.0,4.0,8.0,3.0,3.0,3.0,-3.0,3.0,-9.0,3.0,-13.0,4.0,-18.0,5.0,-22.0,5.0,-25.0,7.0,-26.0,8.0,-27.0,8.0,-27.0,9.0,-26.0,8.0,-24.0,9.0,-20.0,8.0,-17.0,7.0,-13.0,5.0
1.0995,122.0,-96.0,7.0,0.0,0.0,0.0,0.0,0.0,0.0,0.0,0.0,0.0,-14.0,-8.0,-14.0,-8.0,-14.0,-8.0,-14.0,-9.0,-14.0,-9.0,-14.0,-9.0,-14.0,-10.0,-13.0,-10.0,-13.0,-10.0,-13.0,-11.0,-13.0,-11.0,-13.0,-11.0,-12.0,-11.0,-13.0,-11.0,-12.0,-11.0,-12.0,-11.0,-12.0,-10.0,-12.0,-11.0,-11.0,-11.0,-11.0,-10.0,-11.0,-10.0,-11.0,-10.0,-11.0,-10.0,-11.0,-10.0,-11.0,-9.0,-11.0,-9.0
1.114,122.0,-96.0,7.0,0.0,0.0,0.0,0.0,0.0,0.0,0.0,0.0,0.0,-1.0,26.0,-1.0,26.0,-2.0,25.0,-1.0,22.0,-2.0,19.0,-2.0,15.0,-2.0,11.0,-3.0,5.0,-4.0,0.0,-6.0,-5.0,-7.0,-9.0,-9.0,-13.0,-10.0,-17.0,-12.0,-21.0,-13.0,-24.0,-14.0,-25.0,-15.0,-25.0,-15.0,-25.0,-15.0,-23.0,-13.0,-20.0,-12.0,-16.0,-9.0,-14.0,-6.0,-10.0,-3.0,-7.0,2.0,-3.0,6.0,0.0
1.1299,122.0,-96.0,7.0,0.0,0.0,0.0,0.0,0.0,0.0,0.0,0.0,0.0,-6.0,0.0,-10.0,-4.0,-14.0,-7.0,-18.0,-10.0,-21.0,-12.0,-25.0,-14.0,-26.0,-14.0,-28.0,-16.0,-28.0,-15.0,-27.0,-14.0,-25.0,-13.0,-22.0,-11.0,-19.0,-10.0,-14.0,-8.0,-9.0,-7.0,-4.0,-5.0,3.0,-4.0,8.0,-4.0,14.0,-4.0,19.0,-5.0,23.0,-6.0,26.0,-7.0,29.0,-8.0,28.0,-9.0,28.0,-10.0,27.0,-10.0
1.1429,122.0,-96.0,7.0,0.0,0.0,0.0,0.0,0.0,0.0,0.0,0.0,0.0,4.0,-4.0,9.0,-4.0,14.0,-3.0,18.0,-3.0,23.0,-4.0,27.0,-4.0,29.0,-4.0,31.0,-5.0,30.0,-6.0,29.0,-5.0,27.0,-6.0,23.0,-5.0,20.0,-4.0,15.0,-3.0,10.0,0.0,4.0,1.0,-1.0,4.0,-5.0,8.0,-10.0,11.0,-13.0,14.0,-17.0,18.0,-18.0,20.0,-20.0,22.0,-18.0,23.0,-18.0,24.0,-17.0,23.0
1.1576,122.0,-96.0,7.0,0.0,0.0,0.0,0.0,0.0,0.0,0.0,0.0,0.0,-21.0,20.0,-21.0,20.0,-20.0,19.0,-19.0,17.0,-16.0,14.0,-13.0,11.0,-11.0,7.0,-7.0,2.0,-4.0,-2.0,-2.0,-8.0,0.0,-13.0,2.0,-17.0,4.0,-22.0,5.0,-26.0,7.0,-29.0,6.0,-31.0,6.0,-32.0,5.0,-31.0,4.0,-29.0,3.0,-26.0,2.0,-22.0,2.0,-18.0,2.0,-13.0,3.0,-7.0,3.0,-1.0,5.0,4.0
1.1711,122.0,-96.0,7.0,0.0,0.0,0.0,0.0,0.0,0.0,0.0,0.0,0.0,-2.0,18.0,-3.0,22.0,-3.0,24.0,-3.0,26.0,-3.0,27.0,-3.0,26.0,-3.0,25.0,-3.0,23.0,-3.0,20.0,-3.0,15.0,-3.0,11.0,-3.0,5.0,-4.0,0.0,-5.0,-5.0,-7.0,-10.0,-8.0,-15.0,-10.0,-19.0,-12.0,-22.0,-13.0,-24.0,-14.0,-25.0,-15.0,-25.0,-15.0,-24.0,-14.0,-23.0,-13.0,-19.0,-11.0,-16.0,-9.0,-13.0
1.1856,122.0,-96.0,7.0,0.0,0.0,0.0,0.0,0.0,0.0,0.0,0.0,0.0,-16.0,-12.0,-18.0,-14.0,-20.0,-16.0,-21.0,-17.0,-22.0,-17.0,-22.0,-18.0,-20.0,-17.0,-18.0,-15.0,-16.0,-14.0,-13.0,-11.0,-9.0,-9.0,-4.0,-6.0,1.0,-4.0,6.0,-2.0,11.0,0.0,15.0,1.0,20.0,2.0,23.0,2.0,26.0,2.0,27.0,2.0,28.0,1.0,27.0,1.0,25.0,0.0,22.0,-1.0,19.0,-1.0,14.0,-1.0
1.1994,122.0,-96.0,7.0,0.0,0.0,0.0,0.0,0.0,0.0,0.0,0.0,0.0,18.0,-5.0,13.0,-3.0,8.0,-1.0,4.0,2.0,-1.0,5.0,-6.0,8.0,-9.0,12.0,-13.0,15.0,-17.0,17.0,-19.0,20.0,-21.0,22.0,-21.0,23.0,-20.0,24.0,-19.0,23.0,-17.0,22.0,-15.0,20.0,-12.0,16.0,-10.0,12.0,-7.0,7.0,-5.0,2.0,-4.0,-4.0,-3.0,-9.0,-2.0,-15.0,-1.0,-20.0,-2.0,-24.0,-3.0,-27.0
1.2129,122.0,-96.0,7.0,0.0,0.0,0.0,0.0,0.0,0.0,0.0,0.0,0.0,-20.0,9.0,-21.0,9.0,-20.0,9.0,-22.0,8.0,-21.0,7.0,-23.0,7.0,-22.0,7.0,-23.0,6.0,-22.0,6.0,-22.0,5.0,-23.0,5.0,-22.0,4.0,-22.0,4.0,-22.0,3.0,-22.0,3.0,-21.0,3.0,-22.0,3.0,-21.0,3.0,-22.0,3.0,-20.0,3.0,-21.0,3.0,-20.0,3.0,-20.0,2.0,-19.0,2.0,-19.0,3.0,-19.0,3.0
1.2276,122.0,-96.0,7.0,0.0,0.0,0.0,0.0,0.0,0.0,0.0,0.0,0.0,10.0,-19.0,12.0,-21.0,13.0,-23.0,13.0,-24.0,13.0,-24.0,13.0,-23.0,12.0,-21.0,11.0,-19.0,10.0,-16.0,8.0,-12.0,6.0,-7.0,4.0,-2.0,2.0,3.0,1.0,8.0,0.0,13.0,-1.0,18.0,-1.0,22.0,-1.0,25.0,-1.0,26.0,0.0,28.0,1.0,27.0,1.0,27.0,1.0,25.0,2.0,21.0,2.0,17.0,1.0,13.0
1.2414,122.0,-96.0,7.0,0.0,0.0,0.0,0.0,0.0,0.0,0.0,0.0,0.0,18.0,-9.0,14.0,-6.0,9.0,-3.0,4.0,1.0,0.0,5.0,-5.0,10.0,-8.0,14.0,-11.0,19.0,-14.0,23.0,-16.0,26.0,-17.0,28.0,-17.0,30.0,-16.0,30.0,-16.0,30.0,-14.0,28.0,-11.0,24.0,-10.0,20.0,-8.0,15.0,-6.0,9.0,-5.0,3.0,-5.0,-3.0,-5.0,-10.0,-5.0,-16.0,-5.0,-21.0,-7.0,-25.0,-9.0,-28.0
1.2556,122.0,-96.0,7.0,0.0,0.0,0.0,0.0,0.0,0.0,0.0,0.0,0.0,-13.0,-17.0,-14.0,-20.0,-16.0,-22.0,-16.0,-22.0,-17.0,-23.0,-16.0,-22.0,-15.0,-20.0,-13.0,-18.0,-11.0,-16.0,-8.0,-12.0,-4.0,-9.0,0.0,-5.0,4.0,-2.0,8.0,2.0,13.0,4.0,16.0,7.0,20.0,8.0,23.0,9.0,24.0,9.0,26.0,9.0,26.0,8.0,26.0,8.0,24.0,7.0,20.0,5.0,17.0,4.0,12.0,3.0
1.2685,122.0,-96.0,7.0,0.0,0.0,0.0,0.0,0.0,0.0,0.0,0.0,0.0,3.0,2.0,0.0,8.0,-4.0,12.0,-7.0,17.0,-10.0,21.0,-12.0,26.0,-12.0,28.0,-14.0,31.0,-13.0,32.0,-13.0,31.0,-11.0,30.0,-11.0,27.0,-10.0,23.0,-7.0,18.0,-7.0,12.0,-5.0,6.0,-5.0,-1.0,-5.0,-7.0,-6.0,-14.0,-6.0,-19.0,-8.0,-25.0,-10.0,-27.0,-11.0,-31.0,-13.0,-31.0,-14.0,-31.0,-14.0,-30.0
1.2822,122.0,-96.0,7.0,0.0,0.0,0.0,0.0,0.0,0.0,0.0,0.0,0.0,1.0,-21.0,1.0,-17.0,1.0,-12.0,2.0,-7.0,3.0,-1.0,5.0,4.0,7.0,9.0,9.0,14.0,11.0,18.0,13.0,22.0,15.0,24.0,16.0,25.0,17.0,26.0,17.0,25.0,17.0,23.0,15.0,20.0,13.0,17.0,10.0,14.0,6.0,10.0,2.0,6.0,-3.0,3.0,-7.0,0.0,-13.0,-3.0,-18.0,-6.0,-22.0,-6.0,-25.0,-6.0
1.2959,122.0,-96.0,7.0,0.0,0.0,0.0,0.0,0.0,0.0,0.0,0.0,0.0,16.0,-4.0,17.0,-4.0,16.0,-4.0,17.0,-3.0,17.0,-2.0,18.0,-2.0,18.0,-2.0,18.0,-1.0,18.0,-1.0,17.0,-1.0,18.0,-1.0,17.0,-1.0,17.0,0.0,17.0,0.0,17.0,0.0,16.0,0.0,17.0,1.0,16.0,1.0,16.0,1.0,16.0,0.0,16.0,1.0,15.0,0.0,15.0,0.0,15.0,0.0,14.0,0.0,14.0,-1.0
1.3097,122.0,-96.0,7.0,0.0,0.0,0.0,0.0,0.0,0.0,0.0,0.0,0.0,15.0,9.0,19.0,12.0,20.0,13.0,22.0,14.0,22.0,14.0,23.0,15.0,21.0,14.0,19.0,12.0,17.0,11.0,13.0,8.0,9.0,7.0,4.0,5.0,-1.0,3.0,-7.0,1.0,-12.0,0.0,-16.0,-1.0,-21.0,-1.0,-24.0,-1.0,-27.0,-1.0,-28.0,-1.0,-29.0,1.0,-28.0,1.0,-26.0,1.0,-23.0,2.0,-19.0,2.0,-15.0,1.0
1.3224,122.0,-96.0,7.0,0.0,0.0,0.0,0.0,0.0,0.0,0.0,0.0,0.0,-10.0,-22.0,-8.0,-18.0,-5.0,-13.0,-1.0,-8.0,3.0,-3.0,8.0,2.0,12.0,4.0,16.0,9.0,21.0,12.0,25.0,14.0,27.0,16.0,29.0,16.0,30.0,16.0,31.0,15.0,29.0,13.0,26.0,11.0,22.0,10.0,17.0,8.0,12.0,6.0,6.0,5.0,-1.0,4.0,-7.0,4.0,-14.0,4.0,-20.0,4.0,-24.0,6.0,-27.0,8.0
1.337,122.0,-96.0,7.0,0.0,0.0,0.0,0.0,0.0,0.0,0.0,0.0,0.0,-2.0,4.0,-7.0,4.0,-13.0,3.0,-19.0,2.0,-24.0,3.0,-29.0,3.0,-32.0,4.0,-34.0,4.0,-34.0,5.0,-34.0,5.0,-32.0,6.0,-29.0,5.0,-26.0,5.0,-20.0,4.0,-15.0,1.0,-9.0,0.0,-3.0,-4.0,2.0,-8.0,8.0,-12.0,12.0,-16.0,15.0,-20.0,16.0,-24.0,19.0,-26.0,18.0,-28.0,17.0,-29.0,16.0,-29.0
1.3506,122.0,-96.0,7.0,0.0,0.0,0.0,0.0,0.0,0.0,0.0,0.0,0.0,4.0,-1.0,6.0,5.0,6.0,11.0,8.0,16.0,9.0,21.0,11.0,25.0,13.0,28.0,14.0,31.0,16.0,30.0,16.0,30.0,15.0,28.0,14.0,25.0,12.0,22.0,9.0,17.0,5.0,13.0,2.0,8.0,-3.0,3.0,-8.0,-1.0,-14.0,-5.0,-18.0,-7.0,-24.0,-9.0,-28.0,-10.0,-31.0,-11.0,-32.0,-9.0,-33.0,-9.0,-33.0,-8.0
1.3638,122.0,-96.0,7.0,0.0,0.0,0.0,0.0,0.0,0.0,0.0,0.0,0.0,-24.0,22.0,-24.0,22.0,-23.0,20.0,-21.0,18.0,-19.0,15.0,-15.0,12.0,-12.0,8.0,-8.0,2.0,-5.0,-3.0,-1.0,-9.0,1.0,-14.0,4.0,-19.0,6.0,-24.0,8.0,-29.0,9.0,-32.0,10.0,-34.0,9.0,-35.0,8.0,-34.0,7.0,-32.0,6.0,-29.0,5.0,-24.0,4.0,-19.0,4.0,-13.0,3.0,-8.0,4.0,-1.0,5.0,5.0
1.3761,122.0,-96.0,7.0,0.0,0.0,0.0,0.0,0.0,0.0,0.0,0.0,0.0,-23.0,-1.0,-17.0,-2.0,-11.0,-3.0,-5.0,-4.0,2.0,-7.0,9.0,-9.0,15.0,-12.0,20.0,-14.0,25.0,-17.0,28.0,-20.0,31.0,-21.0,31.0,-23.0,31.0,-24.0,30.0,-23.0,27.0,-22.0,22.0,-20.0,19.0,-16.0,15.0,-12.0,10.0,-7.0,6.0,-2.0,3.0,5.0,-1.0,11.0,-3.0,18.0,-6.0,23.0,-6.0,28.0,-6.0,32.0
1.3891,122.0,-96.0,7.0,0.0,0.0,0.0,0.0,0.0,0.0,0.0,0.0,0.0,-22.0,10.0,-17.0,7.0,-13.0,4.0,-8.0,1.0,-3.0,-4.0,1.0,-8.0,5.0,-13.0,8.0,-18.0,12.0,-22.0,13.0,-26.0,15.0,-29.0,14.0,-31.0,14.0,-32.0,14.0,-32.0,13.0,-30.0,10.0,-27.0,9.0,-24.0,7.0,-18.0,6.0,-13.0,5.0,-7.0,4.0,0.0,4.0,6.0,5.0,13.0,5.0,19.0,7.0,22.0,9.0,26.0
1.4035,122.0,-96.0,7.0,0.0,0.0,0.0,0.0,0.0,0.0,0.0,0.0,0.0,-21.0,0.0,-24.0,0.0,-26.0,0.0,-28.0,0.0,-28.0,0.0,-27.0,0.0,-25.0,-1.0,-22.0,-1.0,-19.0,-2.0,-14.0,-2.0,-10.0,-2.0,-5.0,-3.0,1.0,-5.0,6.0,-6.0,11.0,-8.0,15.0,-10.0,19.0,-12.0,21.0,-13.0,23.0,-15.0,23.0,-15.0,23.0,-16.0,22.0,-16.0,20.0,-15.0,16.0,-14.0,13.0,-12.0,10.0,-9.0
1.4169,122.0,-96.0,7.0,0.0,0.0,0.0,0.0,0.0,0.0,0.0,0.0,0.0,-1.0,21.0,-1.0,22.0,-2.0,22.0,-2.0,22.0,-3.0,22.0,-4.0,22.0,-4.0,22.0,-5.0,22.0,-4.0,22.0,-5.0,22.0,-6.0,22.0,-6.0,21.0,-6.0,21.0,-7.0,21.0,-7.0,20.0,-6.0,20.0,-6.0,20.0,-7.0,20.0,-6.0,19.0,-6.0,19.0,-6.0,19.0,-5.0,18.0,-6.0,18.0,-5.0,18.0,-5.0,18.0,-4.0,18.0
1.4308,122.0,-96.0,7.0,0.0,0.0,0.0,0.0,0.0,0.0,0.0,0.0,0.0,19.0,-8.0,22.0,-9.0,23.0,-10.0,24.0,-10.0,25.0,-11.0,24.0,-10.0,23.0,-10.0,19.0,-9.0,17.0,-7.0,12.0,-5.0,9.0,-2.0,4.0,1.0,0.0,4.0,-5.0,7.0,-8.0,11.0,-11.0,14.0,-14.0,17.0,-15.0,20.0,-16.0,22.0,-16.0,23.0,-15.0,23.0,-15.0,23.0,-13.0,21.0,-11.0,18.0,-9.0,15.0,-7.0,11.0
1.4442,122.0,-96.0,7.0,0.0,0.0,0.0,0.0,0.0,0.0,0.0,0.0,0.0,-20.0,25.0,-19.0,25.0,-18.0,22.0,-16.0,20.0,-14.0,16.0,-12.0,11.0,-9.0,7.0,-6.0,0.0,-3.0,-5.0,-1.0,-11.0,0.0,-17.0,2.0,-22.0,2.0,-27.0,3.0,-31.0,4.0,-34.0,4.0,-35.0,3.0,-36.0,2.0,-34.0,1.0,-32.0,1.0,-28.0,0.0,-23.0,0.0,-18.0,2.0,-12.0,3.0,-6.0,4.0,1.0,6.0,6.0
1.4582,122.0,-96.0,7.0,0.0,0.0,0.0,0.0,0.0,0.0,0.0,0.0,0.0,-11.0,29.0,-11.0,29.0,-10.0,27.0,-9.0,24.0,-8.0,19.0,-7.0,14.0,-7.0,9.0,-5.0,2.0,-5.0,-4.0,-5.0,-11.0,-5.0,-16.0,-6.0,-22.0,-6.0,-26.0,-7.0,-31.0,-7.0,-33.0,-8.0,-35.0,-9.0,-35.0,-9.0,-33.0,-9.0,-30.0,-8.0,-27.0,-7.0,-22.0,-5.0,-17.0,-2.0,-12.0,1.0,-6.0,4.0,-1.0,8.0,4.0
1.4727,122.0,-96.0,7.0,0.0,0.0,0.0,0.0,0.0,0.0,0.0,0.0,0.0,-2.0,4.0,-8.0,3.0,-14.0,2.0,-19.0,1.0,-24.0,1.0,-29.0,1.0,-32.0,1.0,-35.0,1.0,-35.0,2.0,-34.0,2.0,-32.0,3.0,-29.0,3.0,-26.0,2.0,-20.0,2.0,-15.0,0.0,-9.0,-2.0,-2.0,-5.0,3.0,-8.0,9.0,-11.0,14.0,-14.0,18.0,-18.0,19.0,-21.0,22.0,-23.0,21.0,-25.0,21.0,-26.0,20.0,-26.0
1.4889,122.0,-96.0,7.0,0.0,0.0,0.0,0.0,0.0,0.0,0.0,0.0,0.0,-8.0,-16.0,-8.0,-17.0,-8.0,-17.0,-8.0,-18.0,-7.0,-17.0,-7.0,-18.0,-5.0,-17.0,-5.0,-18.0,-5.0,-18.0,-5.0,-18.0,-5.0,-18.0,-5.0,-17.0,-4.0,-18.0,-4.0,-18.0,-4.0,-18.0,-3.0,-17.0,-3.0,-17.0,-3.0,-17.0,-3.0,-17.0,-3.0,-16.0,-3.0,-16.0,-2.0,-16.0,-3.0,-16.0,-3.0,-16.0,-4.0,-15.0,-4.0,-15.0
1.5018,122.0,-96.0,7.0,0.0,0.0,0.0,0.0,0.0,0.0,0.0,0.0,0.0,1.0,-5.0,6.0,-7.0,10.0,-8.0,14.0,-10.0,17.0,-12.0,20.0,-13.0,22.0,-15.0,23.0,-16.0,22.0,-16.0,21.0,-16.0,20.0,-15.0,17.0,-13.0,15.0,-11.0,11.0,-8.0,8.0,-4.0,4.0,-1.0,1.0,4.0,-1.0,8.0,-4.0,13.0,-5.0,17.0,-7.0,20.0,-7.0,23.0,-7.0,25.0,-6.0,26.0,-5.0,26.0,-4.0,25.0
1.5172,122.0,-96.0,7.0,0.0,0.0,0.0,0.0,0.0,0.0,0.0,0.0,0.0,-5.0,25.0,-5.0,25.0,-5.0,24.0,-5.0,22.0,-5.0,19.0,-4.0,15.0,-4.0,11.0,-4.0,5.0,-4.0,0.0,-5.0,-5.0,-6.0,-10.0,-7.0,-14.0,-8.0,-18.0,-9.0,-23.0,-10.0,-25.0,-11.0,-27.0,-12.0,-27.0,-12.0,-26.0,-12.0,-24.0,-11.0,-21.0,-10.0,-18.0,-8.0,-14.0,-5.0,-11.0,-1.0,-7.0,2.0,-3.0,6.0,0.0
1.5326,122.0,-96.0,7.0,0.0,0.0,0.0,0.0,0.0,0.0,0.0,0.0,0.0,0.0,19.0,0.0,22.0,-1.0,25.0,-1.0,26.0,0.0,27.0,0.0,27.0,0.0,25.0,0.0,22.0,-1.0,20.0,-1.0,15.0,-1.0,11.0,-3.0,6.0,-4.0,1.0,-6.0,-5.0,-8.0,-9.0,-10.0,-14.0,-12.0,-17.0,-14.0,-20.0,-16.0,-22.0,-17.0,-23.0,-17.0,-23.0,-18.0,-23.0,-17.0,-21.0,-16.0,-17.0,-13.0,-15.0,-10.0,-12.0
1.5458,122.0,-96.0,7.0,0.0,0.0,0.0,0.0,0.0,0.0,0.0,0.0,0.0,9.0,21.0,7.0,17.0,4.0,12.0,0.0,7.0,-4.0,2.0,-8.0,-3.0,-13.0,-6.0,-17.0,-10.0,-21.0,-14.0,-25.0,-15.0,-28.0,-18.0,-30.0,-18.0,-31.0,-17.0,-31.0,-17.0,-30.0,-15.0,-26.0,-13.0,-23.0,-11.0,-18.0,-9.0,-12.0,-7.0,-6.0,-6.0,0.0,-5.0,7.0,-5.0,13.0,-5.0,19.0,-5.0,23.0,-6.0,27.0,-8.0
1.5595,122.0,-96.0,7.0,0.0,0.0,0.0,0.0,0.0,0.0,0.0,0.0,0.0,-3.0,-18.0,-2.0,-18.0,-2.0,-18.0,-1.0,-18.0,-1.0,-18.0,0.0,-19.0,0.0,-18.0,1.0,-19.0,1.0,-18.0,1.0,-19.0,1.0,-19.0,1.0,-18.0,2.0,-18.0,2.0,-18.0,2.0,-18.0,2.0,-18.0,2.0,-17.0,2.0,-17.0,3.0,-17.0,2.0,-16.0,2.0,-16.0,2.0,-16.0,2.0,-16.0,2.0,-16.0,1.0,-16.0,1.0,-15.0
1.5725,122.0,-96.0,7.0,0.0,0.0,0.0,0.0,0.0,0.0,0.0,0.0,0.0,15.0,8.0,14.0,9.0,14.0,9.0,14.0,9.0,14.0,10.0,14.0,10.0,14.0,11.0,13.0,11.0,13.0,11.0,13.0,12.0,13.0,12.0,12.0,12.0,12.0,12.0,12.0,12.0,11.0,12.0,11.0,12.0,11.0,12.0,11.0,12.0,11.0,12.0,11.0,12.0,10.0,11.0,11.0,11.0,10.0,11.0,10.0,10.0,10.0,10.0,10.0,10.0
1.5878,122.0,-96.0,7.0,0.0,0.0,0.0,0.0,0.0,0.0,0.0,0.0,0.0,10.0,-18.0,12.0,-21.0,13.0,-22.0,13.0,-24.0,14.0,-24.0,13.0,-24.0,12.0,-22.0,11.0,-19.0,10.0,-16.0,7.0,-12.0,6.0,-7.0,4.0,-2.0,3.0,3.0,1.0,8.0,0.0,13.0,-1.0,18.0,0.0,22.0,-1.0,25.0,0.0,27.0,0.0,28.0,1.0,28.0,1.0,27.0,2.0,25.0,2.0,21.0,1.0,17.0,1.0,13.0
1.6012,122.0,-96.0,7.0,0.0,0.0,0.0,0.0,0.0,0.0,0.0,0.0,0.0,-28.0,8.0,-27.0,8.0,-26.0,7.0,-23.0,6.0,-19.0,4.0,-15.0,3.0,-10.0,0.0,-5.0,-3.0,-1.0,-6.0,4.0,-10.0,8.0,-13.0,12.0,-16.0,14.0,-19.0,17.0,-22.0,19.0,-24.0,20.0,-25.0,19.0,-26.0,18.0,-25.0,16.0,-23.0,13.0,-21.0,11.0,-17.0,8.0,-13.0,6.0,-8.0,5.0,-3.0,3.0,3.0,2.0,8.0
1.6154,122.0,-96.0,7.0,0.0,0.0,0.0,0.0,0.0,0.0,0.0,0.0,0.0,-26.0,1.0,-26.0,1.0,-26.0,1.0,-23.0,1.0,-20.0,0.0,-16.0,0.0,-12.0,-1.0,-6.0,-2.0,-2.0,-4.0,3.0,-6.0,7.0,-8.0,11.0,-10.0,15.0,-12.0,19.0,-14.0,21.0,-16.0,23.0,-17.0,22.0,-18.0,22.0,-18.0,19.0,-17.0,17.0,-16.0,14.0,-14.0,11.0,-11.0,8.0,-7.0,5.0,-3.0,3.0,1.0,0.0,6.0
1.6303,122.0,-96.0,7.0,0.0,0.0,0.0,0.0,0.0,0.0,0.0,0.0,0.0,2.0,20.0,2.0,16.0,0.0,11.0,-2.0,6.0,-4.0,1.0,-7.0,-4.0,-10.0,-8.0,-13.0,-13.0,-16.0,-17.0,-18.0,-19.0,-20.0,-22.0,-22.0,-22.0,-23.0,-22.0,-23.0,-22.0,-22.0,-20.0,-20.0,-17.0,-17.0,-15.0,-14.0,-12.0,-9.0,-9.0,-4.0,-7.0,1.0,-4.0,7.0,-3.0,12.0,-1.0,18.0,1.0,21.0,0.0,25.0,-1.0
1.6445,122.0,-96.0,7.0,0.0,0.0,0.0,0.0,0.0,0.0,0.0,0.0,0.0,1.0,23.0,0.0,18.0,-1.0,13.0,-2.0,7.0,-5.0,1.0,-7.0,-5.0,-10.0,-10.0,-13.0,-15.0,-16.0,-20.0,-19.0,-23.0,-21.0,-26.0,-22.0,-27.0,-24.0,-27.0,-24.0,-26.0,-22.0,-24.0,-21.0,-21.0,-18.0,-18.0,-14.0,-15.0,-9.0,-11.0,-4.0,-8.0,2.0,-5.0,8.0,-2.0,14.0,0.0,19.0,2.0,23.0,2.0,27.0,1.0
1.6576,122.0,-96.0,7.0,0.0,0.0,0.0,0.0,0.0,0.0,0.0,0.0,0.0,-6.0,16.0,-7.0,16.0,-7.0,16.0,-8.0,16.0,-8.0,16.0,-9.0,16.0,-8.0,16.0,-9.0,15.0,-9.0,15.0,-10.0,15.0,-11.0,15.0,-10.0,14.0,-11.0,14.0,-11.0,14.0,-11.0,13.0,-10.0,14.0,-10.0,14.0,-11.0,13.0,-10.0,13.0,-10.0,13.0,-9.0,13.0,-9.0,12.0,-10.0,12.0,-10.0,12.0,-9.0,12.0,-9.0,12.0
1.6715,122.0,-96.0,7.0,0.0,0.0,0.0,0.0,0.0,0.0,0.0,0.0,0.0,25.0,6.0,25.0,6.0,23.0,6.0,21.0,5.0,18.0,5.0,15.0,4.0,10.0,4.0,4.0,3.0,0.0,3.0,-5.0,4.0,-10.0,4.0,-15.0,5.0,-19.0,6.0,-23.0,7.0,-26.0,7.0,-28.0,8.0,-28.0,9.0,-27.0,9.0,-25.0,9.0,-22.0,8.0,-18.0,7.0,-15.0,5.0,-11.0,3.0,-7.0,0.0,-3.0,-3.0,1.0,-7.0
1.6841,122.0,-96.0,7.0,0.0,0.0,0.0,0.0,0.0,0.0,0.0,0.0,0.0,-7.0,-23.0,-5.0,-17.0,-2.0,-12.0,2.0,-6.0,6.0,0.0,11.0,6.0,15.0,9.0,20.0,15.0,23.0,18.0,27.0,21.0,29.0,23.0,31.0,22.0,32.0,22.0,31.0,21.0,29.0,19.0,26.0,16.0,21.0,13.0,15.0,11.0,9.0,8.0,3.0,6.0,-5.0,4.0,-11.0,3.0,-18.0,2.0,-25.0,2.0,-29.0,3.0,-33.0,5.0
1.6986,122.0,-96.0,7.0,0.0,0.0,0.0,0.0,0.0,0.0,0.0,0.0,0.0,17.0,6.0,12.0,5.0,7.0,4.0,1.0,4.0,-4.0,3.0,-10.0,3.0,-15.0,4.0,-20.0,4.0,-24.0,5.0,-27.0,6.0,-30.0,6.0,-31.0,7.0,-31.0,8.0,-30.0,8.0,-27.0,8.0,-23.0,8.0,-20.0,6.0,-15.0,4.0,-10.0,1.0,-6.0,-1.0,-1.0,-6.0,3.0,-9.0,7.0,-13.0,11.0,-17.0,12.0,-20.0,13.0,-23.0
1.7141,122.0,-96.0,7.0,0.0,0.0,0.0,0.0,0.0,0.0,0.0,0.0,0.0,14.0,15.0,11.0,12.0,7.0,9.0,3.0,6.0,-3.0,3.0,-8.0,0.0,-12.0,-1.0,-18.0,-3.0,-22.0,-5.0,-26.0,-6.0,-29.0,-7.0,-31.0,-6.0,-32.0,-6.0,-31.0,-5.0,-29.0,-4.0,-27.0,-3.0,-23.0,-2.0,-18.0,-3.0,-12.0,-3.0,-7.0,-3.0,-2.0,-5.0,4.0,-6.0,10.0,-8.0,15.0,-10.0,18.0,-12.0,20.0,-15.0
1.727,122.0,-96.0,7.0,0.0,0.0,0.0,0.0,0.0,0.0,0.0,0.0,0.0,-16.0,8.0,-16.0,8.0,-16.0,7.0,-17.0,7.0,-17.0,7.0,-18.0,6.0,-17.0,6.0,-18.0,5.0,-17.0,5.0,-18.0,4.0,-18.0,5.0,-18.0,4.0,-17.0,4.0,-18.0,4.0,-18.0,3.0,-17.0,3.0,-17.0,3.0,-17.0,3.0,-17.0,2.0,-16.0,2.0,-16.0,3.0,-16.0,2.0,-16.0,3.0,-15.0,3.0,-15.0,3.0,-15.0,3.0
1.7398,122.0,-96.0,7.0,0.0,0.0,0.0,0.0,0.0,0.0,0.0,0.0,0.0,-9.0,-17.0,-6.0,-13.0,-3.0,-9.0,0.0,-5.0,5.0,-1.0,9.0,3.0,13.0,5.0,17.0,8.0,21.0,10.0,24.0,11.0,27.0,13.0,28.0,12.0,29.0,12.0,28.0,11.0,26.0,10.0,22.0,7.0,19.0,7.0,13.0,5.0,8.0,4.0,3.0,4.0,-3.0,4.0,-8.0,4.0,-14.0,5.0,-19.0,6.0,-22.0,8.0,-25.0,9.0
1.753,122.0,-96.0,7.0,0.0,0.0,0.0,0.0,0.0,0.0,0.0,0.0,0.0,-26.0,0.0,-26.0,0.0,-24.0,0.0,-22.0,0.0,-18.0,-1.0,-14.0,-1.0,-9.0,-2.0,-4.0,-3.0,1.0,-5.0,6.0,-7.0,10.0,-9.0,14.0,-11.0,17.0,-12.0,21.0,-14.0,23.0,-15.0,23.0,-16.0,23.0,-16.0,22.0,-16.0,20.0,-15.0,17.0,-14.0,13.0,-12.0,10.0,-9.0,8.0,-5.0,4.0,-1.0,1.0,3.0,-1.0,7.0
1.7664,122.0,-96.0,7.0,0.0,0.0,0.0,0.0,0.0,0.0,0.0,0.0,0.0,-19.0,-3.0,-14.0,-3.0,-9.0,-3.0,-4.0,-4.0,2.0,-5.0,8.0,-6.0,12.0,-9.0,17.0,-11.0,21.0,-12.0,24.0,-14.0,26.0,-15.0,27.0,-16.0,26.0,-17.0,25.0,-17.0,23.0,-16.0,19.0,-15.0,16.0,-12.0,12.0,-9.0,9.0,-5.0,5.0,-1.0,2.0,4.0,-1.0,8.0,-4.0,14.0,-6.0,18.0,-6.0,22.0,-6.0,25.0
1.7801,122.0,-96.0,7.0,0.0,0.0,0.0,0.0,0.0,0.0,0.0,0.0,0.0,17.0,-27.0,18.0,-27.0,17.0,-26.0,15.0,-24.0,13.0,-20.0,11.0,-16.0,9.0,-11.0,6.0,-5.0,4.0,1.0,2.0,7.0,1.0,13.0,0.0,18.0,-1.0,24.0,-1.0,29.0,-2.0,32.0,-2.0,34.0,-1.0,35.0,0.0,34.0,0.0,32.0,1.0,28.0,1.0,24.0,0.0,19.0,-1.0,13.0,-3.0,7.0,-4.0,1.0,-7.0,-5.0
1.7942,122.0,-96.0,7.0,0.0,0.0,0.0,0.0,0.0,0.0,0.0,0.0,0.0,15.0,13.0,15.0,13.0,14.0,14.0,14.0,15.0,14.0,15.0,14.0,15.0,13.0,15.0,13.0,16.0,12.0,16.0,12.0,16.0,12.0,16.0,11.0,16.0,11.0,16.0,11.0,16.0,10.0,17.0,10.0,16.0,10.0,17.0,9.0,16.0,10.0,16.0,10.0,15.0,9.0,15.0,9.0,15.0,9.0,15.0,9.0,14.0,9.0,13.0,10.0,14.0
1.8077,122.0,-96.0,7.0,0.0,0.0,0.0,0.0,0.0,0.0,0.0,0.0,0.0,4.0,-6.0,11.0,-7.0,17.0,-7.0,22.0,-8.0,28.0,-9.0,33.0,-10.0,35.0,-11.0,37.0,-12.0,36.0,-13.0,35.0,-13.0,32.0,-13.0,28.0,-12.0,24.0,-9.0,18.0,-7.0,12.0,-3.0,6.0,1.0,0.0,6.0,-5.0,11.0,-10.0,16.0,-13.0,20.0,-16.0,26.0,-17.0,29.0,-18.0,33.0,-17.0,34.0,-15.0,34.0,-14.0,33.0
1.8214,122.0,-96.0,7.0,0.0,0.0,0.0,0.0,0.0,0.0,0.0,0.0,0.0,-17.0,-21.0,-16.0,-20.0,-15.0,-19.0,-13.0,-17.0,-11.0,-14.0,-8.0,-11.0,-4.0,-9.0,0.0,-5.0,4.0,-2.0,8.0,0.0,13.0,3.0,16.0,4.0,20.0,6.0,23.0,8.0,25.0,8.0,27.0,9.0,27.0,8.0,26.0,7.0,24.0,6.0,21.0,5.0,17.0,4.0,13.0,3.0,8.0,3.0,3.0,3.0,-2.0,3.0,-7.0,4.0
1.8356,122.0,-96.0,7.0,0.0,0.0,0.0,0.0,0.0,0.0,0.0,0.0,0.0,0.0,5.0,-4.0,9.0,-8.0,12.0,-11.0,15.0,-14.0,20.0,-16.0,22.0,-16.0,24.0,-18.0,26.0,-17.0,26.0,-17.0,25.0,-14.0,23.0,-13.0,21.0,-11.0,17.0,-9.0,13.0,-8.0,7.0,-5.0,2.0,-4.0,-4.0,-4.0,-10.0,-3.0,-15.0,-3.0,-20.0,-3.0,-25.0,-5.0,-27.0,-5.0,-31.0,-7.0,-30.0,-8.0,-29.0,-8.0,-28.0
1.8499,122.0,-96.0,7.0,0.0,0.0,0.0,0.0,0.0,0.0,0.0,0.0,0.0,5.0,-21.0,6.0,-22.0,7.0,-22.0,7.0,-21.0,8.0,-22.0,9.0,-22.0,9.0,-21.0,10.0,-21.0,10.0,-20.0,11.0,-20.0,10.0,-20.0,10.0,-20.0,11.0,-20.0,11.0,-19.0,11.0,-18.0,11.0,-18.0,11.0,-18.0,12.0,-18.0,11.0,-17.0,11.0,-17.0,11.0,-17.0,11.0,-17.0,10.0,-16.0,10.0,-17.0,9.0,-16.0,9.0,-16.0
1.8645,122.0,-96.0,7.0,0.0,0.0,0.0,0.0,0.0,0.0,0.0,0.0,0.0,-11.0,23.0,-11.0,23.0,-10.0,20.0,-10.0,19.0,-8.0,15.0,-7.0,11.0,-6.0,7.0,-5.0,1.0,-4.0,-4.0,-4.0,-9.0,-3.0,-13.0,-3.0,-18.0,-4.0,-21.0,-4.0,-25.0,-4.0,-28.0,-5.0,-28.0,-6.0,-29.0,-5.0,-27.0,-6.0,-25.0,-6.0,-22.0,-5.0,-18.0,-3.0,-14.0,-2.0,-10.0,1.0,-5.0,4.0,-1.0,7.0,3.0
1.8782,122.0,-96.0,7.0,0.0,0.0,0.0,0.0,0.0,0.0,0.0,0.0,0.0,4.0,0.0,4.0,5.0,4.0,10.0,5.0,15.0,6.0,20.0,7.0,24.0,8.0,26.0,8.0,29.0,10.0,29.0,10.0,29.0,10.0,26.0,9.0,24.0,7.0,21.0,6.0,16.0,3.0,12.0,0.0,7.0,-3.0,2.0,-8.0,-2.0,-12.0,-6.0,-16.0,-9.0,-20.0,-12.0,-23.0,-13.0,-26.0,-15.0,-27.0,-13.0,-28.0,-13.0,-28.0,-11.0
1.8928,122.0,-96.0,7.0,0.0,0.0,0.0,0.0,0.0,0.0,0.0,0.0,0.0,18.0,-3.0,13.0,-2.0,8.0,0.0,4.0,2.0,-2.0,5.0,-7.0,8.0,-10.0,11.0,-15.0,14.0,-18.0,16.0,-20.0,19.0,-22.0,20.0,-22.0,22.0,-22.0,23.0,-21.0,22.0,-19.0,21.0,-16.0,18.0,-13.0,15.0,-11.0,11.0,-8.0,6.0,-5.0,2.0,-4.0,-4.0,-2.0,-9.0,-1.0,-15.0,0.0,-20.0,-1.0,-24.0,-2.0,-27.0
1.9068,122.0,-96.0,7.0,0.0,0.0,0.0,0.0,0.0,0.0,0.0,0.0,0.0,-24.0,-18.0,-24.0,-18.0,-23.0,-17.0,-21.0,-15.0,-18.0,-14.0,-14.0,-12.0,-9.0,-9.0,-4.0,-7.0,1.0,-5.0,7.0,-3.0,12.0,-1.0,17.0,0.0,21.0,1.0,26.0,1.0,29.0,2.0,31.0,2.0,31.0,1.0,31.0,1.0,29.0,0.0,26.0,-1.0,21.0,-1.0,17.0,-1.0,12.0,0.0,6.0,2.0,1.0,3.0,-4.0,6.0
1.92,122.0,-96.0,7.0,0.0,0.0,0.0,0.0,0.0,0.0,0.0,0.0,0.0,-17.0,6.0,-17.0,5.0,-18.0,5.0,-17.0,5.0,-18.0,4.0,-18.0,4.0,-18.0,3.0,-18.0,3.0,-18.0,2.0,-18.0,2.0,-18.0,2.0,-18.0,2.0,-18.0,1.0,-18.0,1.0,-18.0,1.0,-17.0,1.0,-17.0,1.0,-17.0,0.0,-17.0,0.0,-16.0,0.0,-16.0,0.0,-16.0,0.0,-16.0,0.0,-15.0,0.0,-15.0,1.0,-15.0,1.0
1.9344,122.0,-96.0,7.0,0.0,0.0,0.0,0.0,0.0,0.0,0.0,0.0,0.0,-2.0,-5.0,0.0,-10.0,2.0,-13.0,4.0,-17.0,5.0,-21.0,6.0,-24.0,7.0,-26.0,7.0,-28.0,7.0,-27.0,6.0,-27.0,5.0,-24.0,4.0,-22.0,4.0,-18.0,3.0,-14.0,3.0,-9.0,3.0,-4.0,3.0,2.0,4.0,6.0,6.0,12.0,7.0,16.0,9.0,20.0,10.0,21.0,12.0,23.0,13.0,23.0,13.0,22.0,14.0,21.0
1.9493,122.0,-96.0,7.0,0.0,0.0,0.0,0.0,0.0,0.0,0.0,0.0,0.0,-4.0,2.0,-8.0,-2.0,-11.0,-6.0,-14.0,-10.0,-18.0,-13.0,-21.0,-16.0,-23.0,-17.0,-25.0,-19.0,-26.0,-18.0,-26.0,-17.0,-25.0,-16.0,-23.0,-14.0,-20.0,-13.0,-16.0,-10.0,-11.0,-9.0,-6.0,-6.0,1.0,-4.0,6.0,-4.0,12.0,-3.0,17.0,-3.0,22.0,-3.0,25.0,-5.0,28.0,-5.0,28.0,-7.0,29.0,-8.0,28.0,-8.0
1.9634,122.0,-96.0,7.0,0.0,0.0,0.0,0.0,0.0,0.0,0.0,0.0,0.0,-2.0,-4.0,2.0,-7.0,7.0,-10.0,11.0,-13.0,14.0,-16.0,18.0,-19.0,19.0,-20.0,21.0,-23.0,21.0,-23.0,20.0,-23.0,18.0,-22.0,16.0,-20.0,15.0,-18.0,11.0,-14.0,9.0,-9.0,6.0,-5.0,3.0,1.0,2.0,7.0,-1.0,13.0,-2.0,17.0,-2.0,23.0,-2.0,25.0,-2.0,28.0,0.0,29.0,1.0,29.0,1.0,29.0
1.9785,122.0,-96.0,7.0,0.0,0.0,0.0,0.0,0.0,0.0,0.0,0.0,0.0,-7.0,-22.0,-6.0,-22.0,-6.0,-22.0,-6.0,-22.0,-5.0,-22.0,-4.0,-23.0,-4.0,-22.0,-3.0,-23.0,-2.0,-22.0,-2.0,-23.0,-2.0,-23.0,-1.0,-23.0,-1.0,-22.0,-1.0,-23.0,0.0,-23.0,0.0,-22.0,1.0,-22.0,0.0,-21.0,0.0,-22.0,0.0,-21.0,0.0,-21.0,0.0,-20.0,0.0,-20.0,0.0,-19.0,-1.0,-19.0,-1.0,-19.0
1.992,122.0,-96.0,7.0,0.0,0.0,0.0,0.0,0.0,0.0,0.0,0.0,0.0,-20.0,6.0,-16.0,5.0,-12.0,2.0,-8.0,0.0,-3.0,-4.0,2.0,-8.0,5.0,-11.0,9.0,-15.0,12.0,-18.0,14.0,-22.0,16.0,-24.0,17.0,-26.0,16.0,-27.0,16.0,-27.0,15.0,-26.0,12.0,-23.0,10.0,-20.0,8.0,-15.0,7.0,-11.0,5.0,-6.0,4.0,0.0,3.0,6.0,2.0,12.0,2.0,17.0,4.0,21.0,5.0,24.0
2.0081,122.0,-96.0,7.0,0.0,0.0,0.0,0.0,0.0,0.0,0.0,0.0,0.0,7.0,-16.0,8.0,-16.0,8.0,-15.0,9.0,-16.0,9.0,-15.0,10.0,-15.0,10.0,-15.0,11.0,-15.0,11.0,-14.0,11.0,-14.0,11.0,-14.0,11.0,-14.0,11.0,-13.0,11.0,-13.0,11.0,-13.0,11.0,-12.0,11.0,-13.0,11.0,-12.0,11.0,-12.0,11.0,-12.0,10.0,-12.0,10.0,-12.0,10.0,-11.0,10.0,-11.0,9.0,-12.0,9.0,-12.0
2.0216,122.0,-96.0,7.0,0.0,0.0,0.0,0.0,0.0,0.0,0.0,0.0,0.0,12.0,-15.0,15.0,-17.0,16.0,-19.0,17.0,-20.0,18.0,-21.0,18.0,-21.0,17.0,-20.0,15.0,-18.0,14.0,-15.0,11.0,-12.0,8.0,-8.0,5.0,-4.0,3.0,1.0,0.0,7.0,-1.0,11.0,-3.0,16.0,-4.0,20.0,-4.0,23.0,-4.0,26.0,-4.0,27.0,-3.0,28.0,-3.0,27.0,-2.0,25.0,-1.0,22.0,-1.0,18.0,-1.0,14.0
2.0358,122.0,-96.0,7.0,0.0,0.0,0.0,0.0,0.0,0.0,0.0,0.0,0.0,-6.0,-19.0,-7.0,-22.0,-7.0,-24.0,-8.0,-26.0,-8.0,-27.0,-8.0,-27.0,-7.0,-25.0,-7.0,-23.0,-5.0,-21.0,-4.0,-16.0,-2.0,-12.0,0.0,-7.0,2.0,-2.0,6.0,2.0,9.0,6.0,12.0,10.0,15.0,13.0,18.0,15.0,19.0,17.0,21.0,18.0,21.0,17.0,21.0,17.0,20.0,15.0,18.0,12.0,15.0,10.0,12.0,8.0
2.0503,122.0,-96.0,7.0,0.0,0.0,0.0,0.0,0.0,0.0,0.0,0.0,0.0,14.0,-11.0,14.0,-10.0,14.0,-10.0,15.0,-10.0,15.0,-9.0,16.0,-9.0,16.0,-8.0,16.0,-8.0,16.0,-8.0,16.0,-7.0,16.0,-7.0,16.0,-8.0,16.0,-7.0,16.0,-7.0,16.0,-6.0,16.0,-6.0,15.0,-6.0,16.0,-6.0,16.0,-5.0,15.0,-5.0,15.0,-5.0,14.0,-6.0,14.0,-5.0,14.0,-6.0,13.0,-6.0,13.0,-6.0
2.0654,122.0,-96.0,7.0,0.0,0.0,0.0,0.0,0.0,0.0,0.0,0.0,0.0,-6.0,-1.0,-10.0,-5.0,-12.0,-9.0,-16.0,-12.0,-19.0,-15.0,-21.0,-18.0,-24.0,-18.0,-25.0,-20.0,-26.0,-18.0,-25.0,-18.0,-23.0,-16.0,-20.0,-15.0,-17.0,-13.0,-13.0,-10.0,-8.0,-8.0,-3.0,-5.0,3.0,-3.0,9.0,-3.0,14.0,-2.0,20.0,-3.0,24.0,-3.0,26.0,-5.0,29.0,-4.0,29.0,-6.0,29.0,-7.0,28.0,-7.0
2.0798,122.0,-96.0,7.0,0.0,0.0,0.0,0.0,0.0,0.0,0.0,0.0,0.0,-10.0,-17.0,-11.0,-20.0,-13.0,-22.0,-13.0,-23.0,-14.0,-24.0,-13.0,-24.0,-13.0,-23.0,-11.0,-21.0,-10.0,-19.0,-7.0,-15.0,-5.0,-11.0,-2.0,-7.0,2.0,-3.0,6.0,1.0,10.0,4.0,14.0,8.0,17.0,10.0,21.0,11.0,22.0,12.0,24.0,13.0,24.0,13.0,24.0,12.0,23.0,11.0,20.0,8.0,17.0,7.0,13.0,5.0
2.0945,122.0,-96.0,7.0,0.0,0.0,0.0,0.0,0.0,0.0,0.0,0.0,0.0,-22.0,-2.0,-23.0,-2.0,-23.0,-3.0,-23.0,-3.0,-23.0,-4.0,-23.0,-5.0,-23.0,-5.0,-23.0,-6.0,-22.0,-6.0,-22.0,-6.0,-22.0,-7.0,-22.0,-7.0,-21.0,-8.0,-22.0,-8.0,-21.0,-8.0,-21.0,-8.0,-21.0,-8.0,-20.0,-9.0,-20.0,-8.0,-19.0,-8.0,-19.0,-8.0,-19.0,-7.0,-19.0,-7.0,-18.0,-8.0,-18.0,-7.0,-18.0,-6.0
2.1091,122.0,-96.0,7.0,0.0,0.0,0.0,0.0,0.0,0.0,0.0,0.0,0.0,-4.0,28.0,-4.0,27.0,-4.0,26.0,-3.0,22.0,-4.0,19.0,-4.0,14.0,-4.0,9.0,-4.0,3.0,-5.0,-3.0,-7.0,-8.0,-8.0,-13.0,-9.0,-18.0,-11.0,-22.0,-12.0,-26.0,-13.0,-28.0,-14.0,-29.0,-15.0,-28.0,-15.0,-28.0,-14.0,-25.0,-13.0,-22.0,-11.0,-18.0,-8.0,-14.0,-4.0,-10.0,0.0,-6.0,4.0,-2.0,8.0,1.0
2.1257,122.0,-96.0,7.0,0.0,0.0,0.0,0.0,0.0,0.0,0.0,0.0,0.0,-19.0,-12.0,-19.0,-13.0,-19.0,-13.0,-19.0,-14.0,-18.0,-15.0,-18.0,-15.0,-17.0,-15.0,-17.0,-16.0,-16.0,-16.0,-16.0,-17.0,-16.0,-16.0,-15.0,-16.0,-15.0,-16.0,-15.0,-17.0,-15.0,-17.0,-14.0,-16.0,-14.0,-17.0,-14.0,-17.0,-14.0,-17.0,-13.0,-16.0,-13.0,-16.0,-13.0,-15.0,-13.0,-15.0,-13.0,-15.0,-13.0,-14.0,-13.0,-14.0
2.1396,122.0,-96.0,7.0,0.0,0.0,0.0,0.0,0.0,0.0,0.0,0.0,0.0,3.0,2.0,0.0,7.0,-3.0,11.0,-5.0,16.0,-7.0,20.0,-9.0,24.0,-9.0,27.0,-10.0,29.0,-9.0,29.0,-9.0,29.0,-8.0,27.0,-7.0,25.0,-7.0,22.0,-5.0,17.0,-5.0,12.0,-4.0,6.0,-5.0,0.0,-5.0,-6.0,-7.0,-12.0,-8.0,-17.0,-10.0,-21.0,-12.0,-23.0,-14.0,-26.0,-15.0,-26.0,-16.0,-26.0,-17.0,-25.0
2.1537,122.0,-96.0,7.0,0.0,0.0,0.0,0.0,0.0,0.0,0.0,0.0,0.0,-26.0,-6.0,-26.0,-6.0,-25.0,-6.0,-23.0,-5.0,-19.0,-5.0,-15.0,-4.0,-11.0,-4.0,-6.0,-4.0,-1.0,-4.0,4.0,-5.0,9.0,-6.0,13.0,-7.0,18.0,-8.0,22.0,-9.0,24.0,-10.0,26.0,-10.0,26.0,-12.0,26.0,-12.0,23.0,-11.0,20.0,-11.0,17.0,-10.0,13.0,-7.0,10.0,-5.0,6.0,-1.0,2.0,2.0,-1.0,6.0
2.1683,122.0,-96.0,7.0,0.0,0.0,0.0,0.0,0.0,0.0,0.0,0.0,0.0,16.0,15.0,12.0,12.0,6.0,9.0,0.0,6.0,-7.0,2.0,-14.0,0.0,-19.0,-1.0,-26.0,-3.0,-31.0,-5.0,-35.0,-5.0,-38.0,-6.0,-39.0,-5.0,-40.0,-4.0,-38.0,-4.0,-36.0,-3.0,-31.0,-2.0,-26.0,-2.0,-19.0,-2.0,-13.0,-3.0,-6.0,-4.0,0.0,-7.0,7.0,-9.0,14.0,-12.0,20.0,-15.0,23.0,-18.0,25.0,-21.0
2.1824,122.0,-96.0,7.0,0.0,0.0,0.0,0.0,0.0,0.0,0.0,0.0,0.0,-26.0,3.0,-30.0,3.0,-32.0,3.0,-34.0,3.0,-34.0,3.0,-33.0,3.0,-30.0,3.0,-27.0,3.0,-23.0,1.0,-17.0,0.0,-11.0,-1.0,-6.0,-3.0,0.0,-6.0,7.0,-8.0,12.0,-12.0,17.0,-14.0,21.0,-17.0,24.0,-20.0,25.0,-22.0,26.0,-23.0,25.0,-24.0,24.0,-23.0,22.0,-22.0,18.0,-19.0,15.0,-16.0,11.0,-12.0
2.1953,122.0,-96.0,7.0,0.0,0.0,0.0,0.0,0.0,0.0,0.0,0.0,0.0,-5.0,-18.0,-3.0,-14.0,-1.0,-9.0,1.0,-5.0,5.0,0.0,8.0,5.0,12.0,8.0,15.0,12.0,18.0,15.0,21.0,17.0,23.0,18.0,24.0,18.0,25.0,18.0,25.0,17.0,23.0,15.0,20.0,12.0,17.0,10.0,12.0,8.0,7.0,6.0,2.0,4.0,-4.0,3.0,-9.0,2.0,-15.0,2.0,-20.0,2.0,-24.0,3.0,-27.0,4.0
2.2085,122.0,-96.0,7.0,0.0,0.0,0.0,0.0,0.0,0.0,0.0,0.0,0.0,26.0,12.0,25.0,12.0,24.0,12.0,22.0,10.0,19.0,10.0,15.0,8.0,10.0,6.0,4.0,5.0,-1.0,4.0,-7.0,3.0,-12.0,3.0,-17.0,2.0,-22.0,3.0,-27.0,3.0,-30.0,3.0,-32.0,3.0,-32.0,5.0,-31.0,5.0,-29.0,5.0,-26.0,5.0,-22.0,4.0,-18.0,3.0,-13.0,1.0,-8.0,-1.0,-3.0,-4.0,2.0,-7.0
2.2217,122.0,-96.0,7.0,0.0,0.0,0.0,0.0,0.0,0.0,0.0,0.0,0.0,-17.0,11.0,-14.0,7.0,-10.0,3.0,-6.0,-1.0,-2.0,-6.0,2.0,-12.0,4.0,-16.0,7.0,-21.0,9.0,-26.0,11.0,-29.0,12.0,-31.0,11.0,-33.0,11.0,-34.0,10.0,-33.0,9.0,-30.0,6.0,-26.0,5.0,-22.0,5.0,-17.0,4.0,-11.0,4.0,-4.0,5.0,2.0,5.0,8.0,6.0,15.0,8.0,20.0,10.0,23.0,12.0,26.0
2.235,122.0,-96.0,7.0,0.0,0.0,0.0,0.0,0.0,0.0,0.0,0.0,0.0,-19.0,-11.0,-15.0,-9.0,-10.0,-7.0,-5.0,-6.0,0.0,-5.0,6.0,-4.0,11.0,-3.0,17.0,-3.0,22.0,-2.0,25.0,-3.0,28.0,-3.0,30.0,-4.0,30.0,-5.0,30.0,-6.0,28.0,-6.0,25.0,-6.0,21.0,-5.0,17.0,-4.0,12.0,-2.0,7.0,0.0,2.0,3.0,-3.0,6.0,-8.0,10.0,-12.0,13.0,-14.0,17.0,-15.0,20.0
2.2492,122.0,-96.0,7.0,0.0,0.0,0.0,0.0,0.0,0.0,0.0,0.0,0.0,13.0,-12.0,14.0,-11.0,13.0,-11.0,15.0,-11.0,14.0,-10.0,15.0,-10.0,14.0,-10.0,15.0,-9.0,15.0,-9.0,15.0,-9.0,15.0,-8.0,15.0,-8.0,15.0,-8.0,16.0,-8.0,16.0,-7.0,15.0,-7.0,15.0,-7.0,15.0,-7.0,15.0,-6.0,14.0,-7.0,14.0,-6.0,14.0,-7.0,14.0,-7.0,13.0,-6.0,13.0,-7.0,13.0,-7.0
2.2643,122.0,-96.0,7.0,0.0,0.0,0.0,0.0,0.0,0.0,0.0,0.0,0.0,29.0,-13.0,29.0,-12.0,26.0,-11.0,24.0,-10.0,19.0,-8.0,15.0,-5.0,10.0,-2.0,5.0,2.0,0.0,5.0,-5.0,10.0,-9.0,14.0,-12.0,18.0,-15.0,21.0,-18.0,25.0,-20.0,27.0,-21.0,28.0,-20.0,29.0,-19.0,28.0,-17.0,26.0,-14.0,23.0,-12.0,19.0,-9.0,14.0,-8.0,8.0,-6.0,3.0,-4.0,-4.0,-4.0,-10.0
2.2784,122.0,-96.0,7.0,0.0,0.0,0.0,0.0,0.0,0.0,0.0,0.0,0.0,17.0,-6.0,13.0,-4.0,8.0,-2.0,4.0,1.0,-1.0,5.0,-5.0,8.0,-8.0,12.0,-11.0,16.0,-14.0,19.0,-16.0,23.0,-18.0,24.0,-18.0,26.0,-17.0,26.0,-16.0,26.0,-14.0,23.0,-12.0,21.0,-9.0,17.0,-8.0,13.0,-6.0,8.0,-5.0,3.0,-5.0,-3.0,-4.0,-9.0,-3.0,-15.0,-4.0,-20.0,-5.0,-23.0,-7.0,-26.0
2.2916,122.0,-96.0,7.0,0.0,0.0,0.0,0.0,0.0,0.0,0.0,0.0,0.0,23.0,1.0,26.0,2.0,28.0,2.0,29.0,2.0,30.0,2.0,29.0,2.0,27.0,2.0,23.0,2.0,20.0,2.0,14.0,2.0,9.0,2.0,4.0,3.0,-2.0,4.0,-8.0,5.0,-14.0,7.0,-18.0,9.0,-22.0,11.0,-25.0,13.0,-27.0,14.0,-28.0,15.0,-27.0,16.0,-27.0,15.0,-24.0,15.0,-20.0,13.0,-16.0,11.0,-13.0,8.0
2.3063,122.0,-96.0,7.0,0.0,0.0,0.0,0.0,0.0,0.0,0.0,0.0,0.0,-12.0,14.0,-15.0,17.0,-16.0,19.0,-17.0,20.0,-17.0,21.0,-18.0,21.0,-17.0,20.0,-15.0,18.0,-14.0,15.0,-11.0,11.0,-9.0,8.0,-6.0,3.0,-4.0,-2.0,-2.0,-7.0,0.0,-12.0,1.0,-16.0,2.0,-21.0,2.0,-24.0,2.0,-27.0,3.0,-28.0,2.0,-29.0,1.0,-28.0,0.0,-26.0,0.0,-23.0,-1.0,-19.0,-1.0,-15.0
2.3198,122.0,-96.0,7.0,0.0,0.0,0.0,0.0,0.0,0.0,0.0,0.0,0.0,0.0,5.0,-3.0,9.0,-6.0,13.0,-9.0,17.0,-11.0,21.0,-12.0,24.0,-13.0,26.0,-14.0,28.0,-13.0,28.0,-12.0,27.0,-11.0,25.0,-10.0,22.0,-9.0,18.0,-7.0,14.0,-7.0,8.0,-5.0,3.0,-4.0,-3.0,-5.0,-9.0,-5.0,-15.0,-5.0,-19.0,-7.0,-24.0,-8.0,-26.0,-9.0,-29.0,-11.0,-28.0,-11.0,-28.0,-12.0,-27.0
2.3345,122.0,-96.0,7.0,0.0,0.0,0.0,0.0,0.0,0.0,0.0,0.0,0.0,-12.0,19.0,-10.0,15.0,-8.0,10.0,-6.0,5.0,-5.0,-2.0,-4.0,-8.0,-4.0,-14.0,-3.0,-20.0,-3.0,-25.0,-4.0,-29.0,-3.0,-33.0,-4.0,-34.0,-6.0,-35.0,-6.0,-35.0,-7.0,-32.0,-7.0,-28.0,-6.0,-25.0,-5.0,-20.0,-3.0,-14.0,0.0,-9.0,4.0,-3.0,7.0,2.0,11.0,7.0,15.0,12.0,19.0,14.0,23.0,15.0
2.3507,122.0,-96.0,7.0,0.0,0.0,0.0,0.0,0.0,0.0,0.0,0.0,0.0,22.0,0.0,22.0,1.0,22.0,1.0,22.0,2.0,22.0,3.0,22.0,3.0,22.0,3.0,22.0,4.0,21.0,4.0,21.0,5.0,21.0,5.0,21.0,5.0,21.0,6.0,21.0,7.0,20.0,7.0,20.0,6.0,20.0,6.0,19.0,6.0,19.0,7.0,19.0,6.0,19.0,6.0,18.0,5.0,18.0,6.0,17.0,5.0,17.0,5.0,17.0,5.0
2.362,122.0,-96.0,7.0,0.0,0.0,0.0,0.0,0.0,0.0,0.0,0.0,0.0,-24.0,17.0,-23.0,16.0,-23.0,16.0,-21.0,14.0,-18.0,12.0,-15.0,9.0,-11.0,5.0,-7.0,1.0,-4.0,-3.0,-1.0,-8.0,2.0,-12.0,4.0,-17.0,6.0,-21.0,9.0,-25.0,10.0,-28.0,11.0,-30.0,10.0,-30.0,9.0,-30.0,8.0,-28.0,6.0,-26.0,5.0,-21.0,4.0,-17.0,4.0,-12.0,3.0,-6.0,3.0,-1.0,4.0,5.0
2.3755,122.0,-96.0,7.0,0.0,0.0,0.0,0.0,0.0,0.0,0.0,0.0,0.0,5.0,20.0,5.0,23.0,5.0,25.0,6.0,26.0,6.0,26.0,6.0,25.0,6.0,24.0,5.0,20.0,3.0,17.0,2.0,13.0,0.0,9.0,-2.0,4.0,-5.0,-1.0,-8.0,-6.0,-11.0,-9.0,-14.0,-13.0,-16.0,-16.0,-19.0,-18.0,-21.0,-19.0,-22.0,-19.0,-22.0,-18.0,-22.0,-18.0,-20.0,-16.0,-18.0,-13.0,-15.0,-11.0,-11.0,-8.0
2.3891,122.0,-96.0,7.0,0.0,0.0,0.0,0.0,0.0,0.0,0.0,0.0,0.0,8.0,21.0,8.0,24.0,9.0,27.0,9.0,28.0,10.0,28.0,9.0,27.0,9.0,26.0,7.0,22.0,5.0,19.0,4.0,14.0,1.0,10.0,-2.0,4.0,-5.0,0.0,-9.0,-5.0,-13.0,-9.0,-16.0,-13.0,-19.0,-16.0,-23.0,-18.0,-25.0,-19.0,-26.0,-19.0,-26.0,-18.0,-26.0,-18.0,-24.0,-16.0,-21.0,-13.0,-17.0,-10.0,-13.0,-8.0
2.4033,122.0,-96.0,7.0,0.0,0.0,0.0,0.0,0.0,0.0,0.0,0.0,0.0,-26.0,-5.0,-26.0,-5.0,-24.0,-4.0,-21.0,-4.0,-17.0,-4.0,-13.0,-4.0,-9.0,-4.0,-3.0,-4.0,2.0,-5.0,7.0,-6.0,11.0,-7.0,15.0,-8.0,19.0,-9.0,23.0,-10.0,25.0,-11.0,26.0,-12.0,25.0,-12.0,24.0,-12.0,22.0,-12.0,19.0,-11.0,15.0,-9.0,12.0,-7.0,8.0,-4.0,4.0,0.0,1.0,3.0,-2.0,7.0
2.417,122.0,-96.0,7.0,0.0,0.0,0.0,0.0,0.0,0.0,0.0,0.0,0.0,2.0,3.0,-2.0,7.0,-6.0,10.0,-10.0,13.0,-13.0,17.0,-16.0,20.0,-17.0,23.0,-19.0,25.0,-18.0,25.0,-18.0,25.0,-16.0,23.0,-15.0,21.0,-13.0,18.0,-10.0,14.0,-9.0,9.0,-6.0,5.0,-4.0,-2.0,-4.0,-7.0,-3.0,-13.0,-2.0,-18.0,-3.0,-23.0,-4.0,-26.0,-4.0,-30.0,-6.0,-30.0,-7.0,-30.0,-7.0,-29.0
2.4321,122.0,-96.0,7.0,0.0,0.0,0.0,0.0,0.0,0.0,0.0,0.0,0.0,18.0,9.0,14.0,7.0,9.0,6.0,4.0,5.0,-1.0,4.0,-7.0,3.0,-12.0,3.0,-18.0,3.0,-22.0,2.0,-26.0,4.0,-29.0,4.0,-31.0,5.0,-31.0,6.0,-31.0,6.0,-29.0,6.0,-26.0,6.0,-22.0,5.0,-18.0,3.0,-13.0,1.0,-7.0,-1.0,-3.0,-4.0,2.0,-7.0,7.0,-11.0,11.0,-15.0,13.0,-18.0,14.0,-21.0
2.4464,122.0,-96.0,7.0,0.0,0.0,0.0,0.0,0.0,0.0,0.0,0.0,0.0,-23.0,-14.0,-23.0,-14.0,-21.0,-13.0,-20.0,-12.0,-17.0,-11.0,-14.0,-9.0,-9.0,-8.0,-4.0,-5.0,1.0,-4.0,6.0,-3.0,10.0,-2.0,15.0,-2.0,19.0,-2.0,23.0,-1.0,26.0,-1.0,28.0,-1.0,28.0,-2.0,27.0,-2.0,26.0,-3.0,23.0,-3.0,19.0,-3.0,15.0,-2.0,11.0,-1.0,6.0,1.0,1.0,3.0,-3.0,5.0
2.4589,122.0,-96.0,7.0,0.0,0.0,0.0,0.0,0.0,0.0,0.0,0.0,0.0,5.0,-3.0,10.0,-1.0,14.0,1.0,19.0,3.0,23.0,3.0,27.0,4.0,28.0,4.0,30.0,4.0,30.0,3.0,29.0,3.0,27.0,2.0,24.0,2.0,20.0,2.0,15.0,2.0,10.0,3.0,4.0,2.0,-3.0,4.0,-7.0,6.0,-13.0,8.0,-17.0,10.0,-21.0,12.0,-23.0,14.0,-25.0,16.0,-24.0,18.0,-24.0,18.0,-23.0,18.0
2.4722,122.0,-96.0,7.0,0.0,0.0,0.0,0.0,0.0,0.0,0.0,0.0,0.0,1.0,-18.0,2.0,-18.0,1.0,-18.0,2.0,-18.0,3.0,-18.0,3.0,-18.0,4.0,-18.0,4.0,-18.0,5.0,-18.0,5.0,-18.0,5.0,-17.0,5.0,-17.0,5.0,-17.0,6.0,-17.0,6.0,-16.0,5.0,-16.0,6.0,-16.0,6.0,-16.0,6.0,-16.0,6.0,-16.0,5.0,-15.0,5.0,-15.0,5.0,-15.0,5.0,-15.0,5.0,-15.0,4.0,-15.0
2.4862,122.0,-96.0,7.0,0.0,0.0,0.0,0.0,0.0,0.0,0.0,0.0,0.0,-10.0,-25.0,-10.0,-24.0,-9.0,-22.0,-8.0,-20.0,-6.0,-17.0,-4.0,-13.0,-2.0,-9.0,1.0,-4.0,4.0,-1.0,8.0,3.0,11.0,7.0,14.0,10.0,17.0,12.0,19.0,15.0,21.0,16.0,22.0,17.0,23.0,16.0,22.0,15.0,21.0,13.0,18.0,11.0,15.0,9.0,11.0,7.0,7.0,5.0,2.0,4.0,-3.0,2.0,-8.0,2.0
2.5006,122.0,-96.0,7.0,0.0,0.0,0.0,0.0,0.0,0.0,0.0,0.0,0.0,24.0,8.0,19.0,7.0,13.0,6.0,6.0,5.0,-1.0,5.0,-8.0,4.0,-15.0,5.0,-22.0,6.0,-27.0,7.0,-32.0,8.0,-36.0,9.0,-37.0,11.0,-38.0,12.0,-38.0,12.0,-35.0,12.0,-31.0,11.0,-27.0,10.0,-21.0,7.0,-15.0,4.0,-9.0,0.0,-4.0,-5.0,2.0,-9.0,7.0,-15.0,11.0,-20.0,13.0,-24.0,14.0,-28.0
2.5157,122.0,-96.0,7.0,0.0,0.0,0.0,0.0,0.0,0.0,0.0,0.0,0.0,20.0,-6.0,16.0,-5.0,11.0,-3.0,6.0,0.0,2.0,3.0,-3.0,6.0,-7.0,10.0,-11.0,14.0,-14.0,17.0,-17.0,20.0,-19.0,22.0,-19.0,24.0,-19.0,25.0,-19.0,25.0,-17.0,24.0,-15.0,21.0,-13.0,18.0,-10.0,14.0,-8.0,9.0,-6.0,4.0,-5.0,-2.0,-3.0,-7.0,-3.0,-13.0,-2.0,-18.0,-3.0,-22.0,-5.0,-25.0
2.5291,122.0,-96.0,7.0,0.0,0.0,0.0,0.0,0.0,0.0,0.0,0.0,0.0,-21.0,-17.0,-21.0,-17.0,-20.0,-16.0,-18.0,-15.0,-15.0,-13.0,-12.0,-11.0,-8.0,-8.0,-4.0,-6.0,1.0,-4.0,6.0,-2.0,10.0,-1.0,15.0,0.0,19.0,1.0,23.0,2.0,26.0,3.0,28.0,3.0,28.0,2.0,27.0,2.0,26.0,1.0,23.0,0.0,19.0,-1.0,15.0,0.0,10.0,1.0,5.0,2.0,1.0,3.0,-4.0,5.0
2.5432,122.0,-96.0,7.0,0.0,0.0,0.0,0.0,0.0,0.0,0.0,0.0,0.0,-22.0,-4.0,-23.0,-5.0,-22.0,-6.0,-23.0,-6.0,-23.0,-7.0,-23.0,-8.0,-22.0,-8.0,-22.0,-8.0,-21.0,-9.0,-21.0,-9.0,-22.0,-9.0,-21.0,-9.0,-21.0,-9.0,-21.0,-10.0,-20.0,-10.0,-20.0,-10.0,-20.0,-10.0,-20.0,-10.0,-19.0,-10.0,-19.0,-10.0,-18.0,-9.0,-18.0,-9.0,-18.0,-9.0,-18.0,-9.0,-18.0,-8.0,-18.0,-7.0
2.5584,122.0,-96.0,7.0,0.0,0.0,0.0,0.0,0.0,0.0,0.0,0.0,0.0,-20.0,12.0,-16.0,9.0,-12.0,5.0,-8.0,1.0,-4.0,-4.0,0.0,-9.0,3.0,-14.0,7.0,-19.0,9.0,-23.0,11.0,-27.0,12.0,-30.0,12.0,-32.0,11.0,-33.0,11.0,-33.0,9.0,-31.0,7.0,-28.0,7.0,-24.0,5.0,-19.0,4.0,-14.0,4.0,-7.0,4.0,-1.0,5.0,6.0,6.0,12.0,7.0,18.0,9.0,22.0,11.0,25.0
2.5742,122.0,-96.0,7.0,0.0,0.0,0.0,0.0,0.0,0.0,0.0,0.0,0.0,2.0,-4.0,7.0,-1.0,11.0,3.0,15.0,6.0,19.0,8.0,23.0,10.0,25.0,10.0,28.0,12.0,28.0,11.0,28.0,10.0,27.0,9.0,24.0,8.0,21.0,7.0,16.0,5.0,11.0,5.0,6.0,4.0,-1.0,3.0,-6.0,4.0,-13.0,4.0,-17.0,5.0,-22.0,7.0,-25.0,8.0,-28.0,9.0,-27.0,11.0,-28.0,12.0,-27.0,13.0
2.5884,122.0,-96.0,7.0,0.0,0.0,0.0,0.0,0.0,0.0,0.0,0.0,0.0,-5.0,0.0,-7.0,-6.0,-7.0,-12.0,-9.0,-17.0,-10.0,-23.0,-12.0,-27.0,-14.0,-29.0,-15.0,-32.0,-16.0,-31.0,-16.0,-31.0,-15.0,-29.0,-14.0,-26.0,-12.0,-23.0,-10.0,-18.0,-6.0,-14.0,-3.0,-8.0,3.0,-4.0,8.0,0.0,13.0,4.0,18.0,7.0,23.0,9.0,26.0,9.0,30.0,11.0,31.0,10.0,31.0,9.0,31.0,8.0
2.6014,122.0,-96.0,7.0,0.0,0.0,0.0,0.0,0.0,0.0,0.0,0.0,0.0,6.0,22.0,3.0,16.0,0.0,11.0,-3.0,5.0,-7.0,-1.0,-12.0,-7.0,-16.0,-11.0,-20.0,-16.0,-24.0,-20.0,-28.0,-22.0,-30.0,-24.0,-32.0,-24.0,-32.0,-23.0,-32.0,-22.0,-30.0,-20.0,-26.0,-17.0,-21.0,-14.0,-16.0,-11.0,-10.0,-9.0,-3.0,-7.0,4.0,-5.0,10.0,-4.0,18.0,-3.0,24.0,-3.0,28.0,-4.0,32.0,-6.0
2.6145,122.0,-96.0,7.0,0.0,0.0,0.0,0.0,0.0,0.0,0.0,0.0,0.0,12.0,-18.0,15.0,-20.0,17.0,-22.0,18.0,-23.0,19.0,-24.0,19.0,-24.0,18.0,-22.0,16.0,-20.0,15.0,-18.0,11.0,-13.0,9.0,-10.0,6.0,-5.0,3.0,1.0,0.0,7.0,-1.0,12.0,-3.0,17.0,-5.0,22.0,-5.0,26.0,-5.0,29.0,-5.0,30.0,-4.0,31.0,-4.0,30.0,-3.0,28.0,-2.0,24.0,-1.0,20.0,-1.0,16.0
2.6305,122.0,-96.0,7.0,0.0,0.0,0.0,0.0,0.0,0.0,0.0,0.0,0.0,-9.0,-13.0,-9.0,-14.0,-9.0,-14.0,-9.0,-14.0,-8.0,-15.0,-8.0,-15.0,-7.0,-15.0,-7.0,-15.0,-7.0,-15.0,-7.0,-15.0,-6.0,-15.0,-6.0,-15.0,-6.0,-15.0,-5.0,-15.0,-5.0,-15.0,-5.0,-15.0,-5.0,-15.0,-5.0,-15.0,-4.0,-15.0,-5.0,-14.0,-5.0,-14.0,-5.0,-14.0,-5.0,-14.0,-5.0,-13.0,-5.0,-13.0,-5.0,-13.0
2.6444,122.0,-96.0,7.0,0.0,0.0,0.0,0.0,0.0,0.0,0.0,0.0,0.0,-27.0,-1.0,-26.0,-1.0,-24.0,-1.0,-21.0,-1.0,-18.0,-2.0,-13.0,-2.0,-9.0,-3.0,-4.0,-3.0,1.0,-5.0,6.0,-7.0,11.0,-8.0,14.0,-10.0,18.0,-11.0,22.0,-13.0,23.0,-14.0,24.0,-14.0,24.0,-15.0,23.0,-15.0,21.0,-14.0,18.0,-13.0,14.0,-11.0,11.0,-8.0,8.0,-5.0,4.0,-1.0,1.0,3.0,-1.0,7.0
2.6604,122.0,-96.0,7.0,0.0,0.0,0.0,0.0,0.0,0.0,0.0,0.0,0.0,-13.0,-19.0,-12.0,-19.0,-12.0,-20.0,-12.0,-21.0,-11.0,-21.0,-11.0,-21.0,-10.0,-21.0,-10.0,-22.0,-10.0,-21.0,-9.0,-22.0,-8.0,-22.0,-8.0,-22.0,-7.0,-21.0,-7.0,-22.0,-7.0,-22.0,-7.0,-21.0,-6.0,-21.0,-6.0,-21.0,-6.0,-21.0,-6.0,-20.0,-6.0,-20.0,-7.0,-19.0,-6.0,-19.0,-6.0,-19.0,-6.0,-19.0,-7.0,-18.0
2.6733,122.0,-96.0,7.0,0.0,0.0,0.0,0.0,0.0,0.0,0.0,0.0,0.0,20.0,-7.0,24.0,-7.0,26.0,-8.0,27.0,-7.0,29.0,-8.0,29.0,-8.0,28.0,-7.0,25.0,-7.0,22.0,-5.0,17.0,-4.0,12.0,-2.0,7.0,0.0,2.0,3.0,-4.0,6.0,-9.0,9.0,-13.0,13.0,-17.0,15.0,-20.0,18.0,-21.0,20.0,-22.0,22.0,-22.0,23.0,-21.0,22.0,-19.0,21.0,-16.0,19.0,-13.0,16.0,-11.0,12.0
2.6869,122.0,-96.0,7.0,0.0,0.0,0.0,0.0,0.0,0.0,0.0,0.0,0.0,14.0,8.0,14.0,8.0,14.0,8.0,14.0,9.0,13.0,10.0,14.0,10.0,13.0,10.0,13.0,10.0,13.0,10.0,12.0,11.0,12.0,11.0,12.0,11.0,12.0,11.0,12.0,12.0,11.0,11.0,11.0,11.0,11.0,11.0,10.0,11.0,11.0,11.0,10.0,10.0,10.0,10.0,10.0,10.0,10.0,10.0,10.0,10.0,10.0,9.0,10.0,9.0
2.7014,122.0,-96.0,7.0,0.0,0.0,0.0,0.0,0.0,0.0,0.0,0.0,0.0,1.0,-18.0,1.0,-19.0,2.0,-18.0,2.0,-19.0,3.0,-19.0,3.0,-19.0,4.0,-18.0,4.0,-18.0,4.0,-18.0,5.0,-18.0,5.0,-18.0,5.0,-17.0,5.0,-17.0,6.0,-17.0,6.0,-17.0,5.0,-16.0,6.0,-17.0,6.0,-16.0,6.0,-16.0,6.0,-16.0,5.0,-16.0,5.0,-15.0,5.0,-15.0,5.0,-15.0,4.0,-15.0,4.0,-15.0
2.7148,122.0,-96.0,7.0,0.0,0.0,0.0,0.0,0.0,0.0,0.0,0.0,0.0,-18.0,-25.0,-17.0,-24.0,-17.0,-23.0,-15.0,-21.0,-13.0,-19.0,-10.0,-15.0,-7.0,-12.0,-2.0,-7.0,2.0,-4.0,7.0,0.0,12.0,3.0,16.0,6.0,20.0,8.0,24.0,10.0,26.0,11.0,29.0,12.0,29.0,11.0,29.0,11.0,27.0,9.0,24.0,8.0,20.0,6.0,16.0,5.0,11.0,4.0,5.0,4.0,-1.0,3.0,-6.0,4.0
2.7288,122.0,-96.0,7.0,0.0,0.0,0.0,0.0,0.0,0.0,0.0,0.0,0.0,18.0,-10.0,15.0,-8.0,10.0,-5.0,6.0,-1.0,2.0,2.0,-2.0,7.0,-5.0,11.0,-8.0,15.0,-11.0,19.0,-12.0,22.0,-14.0,25.0,-14.0,27.0,-14.0,28.0,-13.0,28.0,-12.0,26.0,-10.0,23.0,-9.0,20.0,-7.0,15.0,-6.0,10.0,-5.0,5.0,-5.0,-1.0,-4.0,-7.0,-5.0,-12.0,-5.0,-18.0,-7.0,-21.0,-9.0,-24.0
2.7424,122.0,-96.0,7.0,0.0,0.0,0.0,0.0,0.0,0.0,0.0,0.0,0.0,-5.0,18.0,-6.0,21.0,-7.0,23.0,-8.0,25.0,-7.0,26.0,-8.0,26.0,-7.0,25.0,-6.0,22.0,-7.0,19.0,-5.0,15.0,-5.0,10.0,-4.0,5.0,-4.0,0.0,-4.0,-6.0,-5.0,-11.0,-5.0,-16.0,-6.0,-20.0,-7.0,-24.0,-8.0,-26.0,-8.0,-27.0,-10.0,-27.0,-9.0,-27.0,-9.0,-25.0,-9.0,-21.0,-7.0,-18.0,-6.0,-14.0
2.7558,122.0,-96.0,7.0,0.0,0.0,0.0,0.0,0.0,0.0,0.0,0.0,0.0,6.0,3.0,8.0,10.0,9.0,16.0,11.0,21.0,13.0,26.0,15.0,30.0,17.0,32.0,18.0,34.0,19.0,33.0,18.0,32.0,17.0,29.0,15.0,26.0,12.0,22.0,9.0,17.0,4.0,12.0,0.0,6.0,-7.0,1.0,-12.0,-3.0,-18.0,-7.0,-23.0,-9.0,-29.0,-11.0,-32.0,-11.0,-36.0,-13.0,-37.0,-11.0,-37.0,-10.0,-35.0,-9.0
2.769,122.0,-96.0,7.0,0.0,0.0,0.0,0.0,0.0,0.0,0.0,0.0,0.0,21.0,7.0,20.0,8.0,21.0,8.0,20.0,9.0,21.0,10.0,20.0,10.0,20.0,10.0,20.0,11.0,19.0,11.0,19.0,12.0,19.0,12.0,18.0,12.0,18.0,12.0,18.0,13.0,17.0,13.0,17.0,12.0,17.0,12.0,17.0,13.0,16.0,13.0,17.0,12.0,16.0,12.0,15.0,11.0,15.0,11.0,16.0,11.0,15.0,10.0,15.0,9.0
2.7844,122.0,-96.0,7.0,0.0,0.0,0.0,0.0,0.0,0.0,0.0,0.0,0.0,-5.0,3.0,-10.0,2.0,-15.0,0.0,-20.0,0.0,-24.0,0.0,-28.0,-1.0,-30.0,0.0,-32.0,-1.0,-31.0,0.0,-30.0,1.0,-28.0,1.0,-25.0,1.0,-21.0,0.0,-16.0,0.0,-11.0,-2.0,-5.0,-3.0,1.0,-5.0,6.0,-8.0,11.0,-11.0,15.0,-13.0,18.0,-16.0,19.0,-19.0,21.0,-20.0,20.0,-22.0,20.0,-23.0,19.0,-22.0
2.799,122.0,-96.0,7.0,0.0,0.0,0.0,0.0,0.0,0.0,0.0,0.0,0.0,20.0,-4.0,16.0,-3.0,11.0,-2.0,6.0,0.0,1.0,3.0,-4.0,6.0,-8.0,9.0,-13.0,12.0,-16.0,15.0,-19.0,18.0,-21.0,20.0,-21.0,22.0,-22.0,23.0,-21.0,23.0,-19.0,21.0,-17.0,20.0,-14.0,17.0,-12.0,13.0,-9.0,8.0,-6.0,4.0,-4.0,-2.0,-2.0,-7.0,-1.0,-13.0,0.0,-18.0,-1.0,-22.0,-2.0,-25.0
2.8121,122.0,-96.0,7.0,0.0,0.0,0.0,0.0,0.0,0.0,0.0,0.0,0.0,18.0,-12.0,21.0,-13.0,23.0,-14.0,25.0,-15.0,26.0,-15.0,26.0,-15.0,25.0,-15.0,22.0,-14.0,20.0,-11.0,15.0,-9.0,11.0,-5.0,7.0,-2.0,3.0,2.0,-2.0,7.0,-6.0,11.0,-9.0,15.0,-12.0,19.0,-14.0,22.0,-15.0,25.0,-16.0,27.0,-15.0,27.0,-15.0,27.0,-12.0,25.0,-10.0,23.0,-8.0,19.0,-7.0,15.0
2.8263,122.0,-96.0,7.0,0.0,0.0,0.0,0.0,0.0,0.0,0.0,0.0,0.0,-25.0,9.0,-24.0,9.0,-23.0,8.0,-20.0,7.0,-17.0,5.0,-13.0,3.0,-9.0,1.0,-4.0,-2.0,0.0,-5.0,3.0,-9.0,7.0,-12.0,10.0,-15.0,12.0,-18.0,15.0,-21.0,16.0,-22.0,16.0,-23.0,16.0,-24.0,15.0,-23.0,13.0,-22.0,11.0,-19.0,9.0,-16.0,7.0,-12.0,5.0,-8.0,4.0,-3.0,2.0,2.0,2.0,7.0
2.8416,122.0,-96.0,7.0,0.0,0.0,0.0,0.0,0.0,0.0,0.0,0.0,0.0,3.0,17.0,2.0,13.0,0.0,8.0,-3.0,4.0,-6.0,-2.0,-9.0,-6.0,-12.0,-10.0,-16.0,-14.0,-18.0,-17.0,-21.0,-19.0,-23.0,-21.0,-24.0,-21.0,-25.0,-20.0,-24.0,-19.0,-23.0,-17.0,-20.0,-15.0,-17.0,-12.0,-12.0,-10.0,-8.0,-8.0,-3.0,-5.0,3.0,-4.0,8.0,-3.0,14.0,-1.0,19.0,-1.0,23.0,-2.0,26.0,-3.0
2.8544,122.0,-96.0,7.0,0.0,0.0,0.0,0.0,0.0,0.0,0.0,0.0,0.0,-3.0,-21.0,-2.0,-16.0,0.0,-10.0,2.0,-5.0,5.0,1.0,8.0,7.0,12.0,11.0,15.0,16.0,17.0,20.0,20.0,22.0,22.0,24.0,23.0,25.0,24.0,24.0,23.0,23.0,22.0,21.0,19.0,17.0,16.0,15.0,12.0,11.0,7.0,8.0,1.0,5.0,-5.0,3.0,-10.0,1.0,-17.0,-1.0,-22.0,-2.0,-26.0,-2.0,-30.0,-1.0
2.8677,122.0,-96.0,7.0,0.0,0.0,0.0,0.0,0.0,0.0,0.0,0.0,0.0,17.0,2.0,17.0,2.0,17.0,3.0,17.0,3.0,17.0,4.0,18.0,5.0,17.0,5.0,17.0,5.0,16.0,5.0,17.0,6.0,17.0,6.0,16.0,6.0,16.0,6.0,16.0,7.0,15.0,7.0,15.0,7.0,15.0,7.0,15.0,7.0,14.0,7.0,14.0,7.0,14.0,6.0,14.0,7.0,13.0,6.0,14.0,6.0,13.0,6.0,13.0,5.0
2.8818,102.0,96.0,6.0,0.0,0.0,0.0,0.0,0.0,0.0,0.0,0.0,0.0,-2.0,5.0,-9.0,4.0,-15.0,2.0,-22.0,2.0,-27.0,1.0,-33.0,1.0,-36.0,2.0,-39.0,2.0,-39.0,3.0,-39.0,3.0,-37.0,4.0,-33.0,3.0,-29.0,3.0,-23.0,2.0,-17.0,0.0,-9.0,-2.0,-2.0,-5.0,4.0,-9.0,10.0,-12.0,15.0,-17.0,19.0,-20.0,21.0,-24.0,25.0,-27.0,23.0,-29.0,23.0,-30.0,22.0,-30.0
2.8967,122.0,-96.0,7.0,0.0,0.0,0.0,0.0,0.0,0.0,0.0,0.0,0.0,-5.0,2.0,-8.0,-3.0,-11.0,-8.0,-15.0,-13.0,-18.0,-17.0,-22.0,-20.0,-24.0,-21.0,-26.0,-24.0,-27.0,-23.0,-27.0,-22.0,-25.0,-20.0,-23.0,-19.0,-20.0,-17.0,-16.0,-13.0,-11.0,-11.0,-5.0,-7.0,1.0,-5.0,7.0,-3.0,14.0,-1.0,19.0,-1.0,25.0,-1.0,28.0,-2.0,32.0,-2.0,32.0,-4.0,32.0,-5.0,32.0,-6.0
2.9111,122.0,-96.0,7.0,0.0,0.0,0.0,0.0,0.0,0.0,0.0,0.0,0.0,8.0,24.0,8.0,23.0,7.0,22.0,6.0,19.0,4.0,16.0,3.0,12.0,1.0,9.0,-2.0,3.0,-5.0,0.0,-9.0,-4.0,-11.0,-8.0,-14.0,-11.0,-17.0,-14.0,-20.0,-16.0,-22.0,-18.0,-23.0,-18.0,-23.0,-18.0,-22.0,-17.0,-21.0,-15.0,-19.0,-13.0,-15.0,-10.0,-11.0,-8.0,-7.0,-7.0,-3.0,-5.0,2.0,-3.0,7.0,-3.0
2.9257,122.0,-96.0,7.0,0.0,0.0,0.0,0.0,0.0,0.0,0.0,0.0,0.0,-9.0,24.0,-8.0,24.0,-8.0,22.0,-7.0,20.0,-7.0,16.0,-6.0,12.0,-5.0,7.0,-4.0,2.0,-4.0,-3.0,-4.0,-8.0,-5.0,-13.0,-6.0,-18.0,-6.0,-21.0,-7.0,-25.0,-7.0,-27.0,-7.0,-28.0,-8.0,-28.0,-8.0,-27.0,-8.0,-25.0,-8.0,-21.0,-7.0,-17.0,-5.0,-13.0,-2.0,-10.0,0.0,-5.0,4.0,-1.0,7.0,2.0
2.9393,122.0,-96.0,7.0,0.0,0.0,0.0,0.0,0.0,0.0,0.0,0.0,0.0,-5.0,-29.0,-4.0,-29.0,-4.0,-28.0,-3.0,-25.0,-3.0,-22.0,-2.0,-18.0,0.0,-13.0,1.0,-7.0,3.0,-2.0,6.0,3.0,9.0,8.0,11.0,12.0,14.0,16.0,16.0,20.0,18.0,23.0,19.0,25.0,20.0,24.0,20.0,23.0,19.0,21.0,17.0,19.0,14.0,15.0,11.0,12.0,7.0,9.0,3.0,6.0,-2.0,3.0,-8.0,1.0
2.9555,122.0,-96.0,7.0,0.0,0.0,0.0,0.0,0.0,0.0,0.0,0.0,0.0,-20.0,-12.0,-20.0,-13.0,-20.0,-13.0,-20.0,-14.0,-19.0,-14.0,-19.0,-15.0,-18.0,-15.0,-18.0,-16.0,-18.0,-16.0,-18.0,-17.0,-17.0,-17.0,-17.0,-17.0,-16.0,-16.0,-16.0,-17.0,-15.0,-17.0,-15.0,-16.0,-16.0,-16.0,-15.0,-17.0,-15.0,-16.0,-14.0,-16.0,-14.0,-16.0,-14.0,-15.0,-14.0,-15.0,-14.0,-15.0,-14.0,-14.0,-14.0,-14.0
2.9681,122.0,-96.0,7.0,0.0,0.0,0.0,0.0,0.0,0.0,0.0,0.0,0.0,-20.0,16.0,-21.0,16.0,-20.0,15.0,-18.0,14.0,-16.0,12.0,-13.0,9.0,-10.0,6.0,-6.0,1.0,-3.0,-2.0,-1.0,-7.0,1.0,-11.0,3.0,-16.0,5.0,-19.0,7.0,-23.0,8.0,-26.0,8.0,-27.0,7.0,-28.0,7.0,-27.0,6.0,-26.0,5.0,-23.0,3.0,-20.0,3.0,-16.0,3.0,-11.0,3.0,-6.0,3.0,-1.0,4.0,4.0
2.9827,122.0,-96.0,7.0,0.0,0.0,0.0,0.0,0.0,0.0,0.0,0.0,0.0,-14.0,29.0,-14.0,28.0,-13.0,26.0,-11.0,23.0,-11.0,18.0,-9.0,14.0,-7.0,8.0,-6.0,1.0,-4.0,-4.0,-4.0,-11.0,-4.0,-17.0,-4.0,-22.0,-4.0,-27.0,-4.0,-31.0,-4.0,-34.0,-5.0,-35.0,-5.0,-35.0,-5.0,-34.0,-6.0,-31.0,-6.0,-27.0,-5.0,-23.0,-3.0,-18.0,-1.0,-12.0,2.0,-6.0,4.0,-1.0,8.0,5.0
2.9986,122.0,-96.0,7.0,0.0,0.0,0.0,0.0,0.0,0.0,0.0,0.0,0.0,-16.0,-10.0,-16.0,-10.0,-16.0,-11.0,-16.0,-11.0,-15.0,-11.0,-15.0,-12.0,-15.0,-12.0,-15.0,-12.0,-14.0,-13.0,-14.0,-13.0,-13.0,-13.0,-13.0,-13.0,-13.0,-13.0,-13.0,-14.0,-12.0,-14.0,-12.0,-13.0,-12.0,-13.0,-12.0,-13.0,-12.0,-13.0,-11.0,-12.0,-12.0,-12.0,-11.0,-12.0,-11.0,-12.0,-11.0,-12.0,-11.0,-11.0,-11.0,-11.0
3.0117,122.0,-96.0,7.0,0.0,0.0,0.0,0.0,0.0,0.0,0.0,0.0,0.0,-11.0,23.0,-9.0,18.0,-8.0,13.0,-6.0,6.0,-6.0,-1.0,-5.0,-8.0,-6.0,-15.0,-5.0,-22.0,-6.0,-28.0,-7.0,-33.0,-7.0,-36.0,-8.0,-38.0,-10.0,-39.0,-10.0,-38.0,-10.0,-36.0,-10.0,-31.0,-9.0,-27.0,-6.0,-22.0,-4.0,-16.0,0.0,-10.0,4.0,-4.0,8.0,2.0,13.0,8.0,18.0,12.0,22.0,15.0,26.0,16.0
3.024,122.0,-96.0,7.0,0.0,0.0,0.0,0.0,0.0,0.0,0.0,0.0,0.0,-6.0,-18.0,-4.0,-14.0,-2.0,-9.0,1.0,-5.0,5.0,0.0,8.0,4.0,12.0,7.0,16.0,11.0,19.0,14.0,22.0,15.0,24.0,17.0,25.0,17.0,26.0,16.0,26.0,15.0,24.0,14.0,20.0,11.0,17.0,10.0,12.0,8.0,8.0,6.0,3.0,4.0,-4.0,3.0,-9.0,3.0,-15.0,3.0,-20.0,3.0,-23.0,4.0,-26.0,6.0
3.037,122.0,-96.0,7.0,0.0,0.0,0.0,0.0,0.0,0.0,0.0,0.0,0.0,-18.0,-4.0,-14.0,-4.0,-9.0,-4.0,-3.0,-4.0,2.0,-5.0,8.0,-6.0,13.0,-8.0,18.0,-9.0,22.0,-10.0,25.0,-12.0,27.0,-13.0,27.0,-14.0,28.0,-15.0,26.0,-15.0,24.0,-14.0,20.0,-12.0,17.0,-11.0,13.0,-7.0,9.0,-4.0,5.0,-1.0,1.0,4.0,-2.0,8.0,-5.0,13.0,-8.0,18.0,-9.0,21.0,-9.0,24.0
3.051,122.0,-96.0,7.0,0.0,0.0,0.0,0.0,0.0,0.0,0.0,0.0,0.0,5.0,-18.0,4.0,-14.0,4.0,-8.0,3.0,-3.0,4.0,3.0,4.0,9.0,5.0,13.0,6.0,19.0,7.0,23.0,8.0,26.0,8.0,28.0,10.0,29.0,10.0,29.0,10.0,28.0,10.0,26.0,9.0,22.0,8.0,18.0,5.0,14.0,2.0,9.0,-1.0,5.0,-5.0,1.0,-9.0,-3.0,-14.0,-7.0,-18.0,-10.0,-21.0,-11.0,-24.0,-12.0
3.064,122.0,-96.0,7.0,0.0,0.0,0.0,0.0,0.0,0.0,0.0,0.0,0.0,17.0,-17.0,13.0,-13.0,10.0,-9.0,7.0,-4.0,3.0,2.0,0.0,8.0,-1.0,13.0,-3.0,19.0,-5.0,23.0,-6.0,28.0,-7.0,31.0,-7.0,33.0,-6.0,34.0,-5.0,34.0,-4.0,32.0,-3.0,29.0,-2.0,24.0,-2.0,19.0,-3.0,13.0,-3.0,7.0,-5.0,1.0,-7.0,-5.0,-9.0,-12.0,-11.0,-17.0,-14.0,-20.0,-17.0,-23.0
3.0803,122.0,-96.0,7.0,0.0,0.0,0.0,0.0,0.0,0.0,0.0,0.0,0.0,-21.0,-11.0,-21.0,-12.0,-20.0,-12.0,-20.0,-13.0,-20.0,-13.0,-20.0,-14.0,-19.0,-14.0,-19.0,-15.0,-18.0,-15.0,-19.0,-16.0,-18.0,-16.0,-18.0,-15.0,-17.0,-16.0,-18.0,-16.0,-16.0,-16.0,-17.0,-16.0,-16.0,-16.0,-16.0,-16.0,-15.0,-15.0,-15.0,-15.0,-15.0,-15.0,-15.0,-15.0,-15.0,-14.0,-15.0,-14.0,-15.0,-13.0,-14.0,-13.0
3.0939,122.0,-96.0,7.0,0.0,0.0,0.0,0.0,0.0,0.0,0.0,0.0,0.0,2.0,3.0,-2.0,7.0,-7.0,10.0,-11.0,13.0,-14.0,16.0,-17.0,20.0,-18.0,22.0,-20.0,24.0,-19.0,24.0,-18.0,25.0,-16.0,23.0,-15.0,21.0,-13.0,19.0,-10.0,14.0,-9.0,10.0,-6.0,5.0,-4.0,-1.0,-4.0,-7.0,-3.0,-13.0,-2.0,-18.0,-3.0,-23.0,-4.0,-26.0,-5.0,-29.0,-6.0,-29.0,-8.0,-30.0,-8.0,-29.0
3.1072,122.0,-96.0,7.0,0.0,0.0,0.0,0.0,0.0,0.0,0.0,0.0,0.0,-19.0,0.0,-14.0,0.0,-10.0,-2.0,-4.0,-3.0,0.0,-6.0,7.0,-8.0,11.0,-11.0,15.0,-14.0,19.0,-16.0,20.0,-18.0,22.0,-19.0,23.0,-20.0,23.0,-22.0,22.0,-21.0,19.0,-21.0,16.0,-17.0,13.0,-16.0,11.0,-11.0,7.0,-7.0,4.0,-2.0,2.0,4.0,0.0,9.0,-1.0,15.0,-3.0,19.0,-2.0,23.0,-1.0,26.0
3.122,122.0,-96.0,7.0,0.0,0.0,0.0,0.0,0.0,0.0,0.0,0.0,0.0,-5.0,20.0,-5.0,15.0,-4.0,11.0,-4.0,6.0,-5.0,0.0,-5.0,-6.0,-7.0,-11.0,-8.0,-16.0,-9.0,-21.0,-11.0,-24.0,-11.0,-27.0,-13.0,-29.0,-14.0,-29.0,-14.0,-29.0,-14.0,-26.0,-13.0,-23.0,-11.0,-20.0,-9.0,-16.0,-6.0,-12.0,-2.0,-8.0,2.0,-4.0,7.0,0.0,12.0,3.0,16.0,6.0,20.0,7.0,23.0,8.0
3.1364,122.0,-96.0,7.0,0.0,0.0,0.0,0.0,0.0,0.0,0.0,0.0,0.0,26.0,-19.0,25.0,-18.0,23.0,-17.0,21.0,-15.0,18.0,-12.0,14.0,-8.0,10.0,-4.0,5.0,0.0,1.0,5.0,-2.0,10.0,-5.0,15.0,-8.0,20.0,-10.0,24.0,-12.0,28.0,-13.0,31.0,-14.0,32.0,-13.0,33.0,-12.0,31.0,-10.0,29.0,-8.0,26.0,-7.0,21.0,-6.0,16.0,-5.0,10.0,-5.0,4.0,-5.0,-3.0,-6.0,-9.0
3.1525,122.0,-96.0,7.0,0.0,0.0,0.0,0.0,0.0,0.0,0.0,0.0,0.0,11.0,17.0,8.0,14.0,5.0,10.0,2.0,6.0,-3.0,3.0,-8.0,-1.0,-12.0,-3.0,-17.0,-6.0,-21.0,-9.0,-25.0,-10.0,-28.0,-11.0,-29.0,-11.0,-30.0,-10.0,-30.0,-10.0,-28.0,-9.0,-26.0,-7.0,-22.0,-6.0,-17.0,-5.0,-12.0,-5.0,-7.0,-4.0,-1.0,-5.0,5.0,-5.0,11.0,-7.0,16.0,-8.0,19.0,-10.0,22.0,-12.0
3.1652,122.0,-96.0,7.0,0.0,0.0,0.0,0.0,0.0,0.0,0.0,0.0,0.0,4.0,2.0,6.0,8.0,6.0,12.0,8.0,17.0,9.0,21.0,11.0,25.0,12.0,26.0,12.0,28.0,13.0,27.0,13.0,26.0,12.0,24.0,11.0,21.0,9.0,18.0,6.0,14.0,3.0,10.0,-1.0,5.0,-5.0,1.0,-10.0,-3.0,-15.0,-6.0,-18.0,-8.0,-23.0,-10.0,-26.0,-11.0,-28.0,-11.0,-29.0,-10.0,-29.0,-9.0,-28.0,-8.0
3.1814,122.0,-96.0,7.0,0.0,0.0,0.0,0.0,0.0,0.0,0.0,0.0,0.0,-16.0,-8.0,-15.0,-9.0,-16.0,-9.0,-16.0,-10.0,-15.0,-10.0,-15.0,-11.0,-15.0,-11.0,-15.0,-11.0,-14.0,-11.0,-14.0,-12.0,-14.0,-12.0,-13.0,-12.0,-13.0,-12.0,-13.0,-12.0,-13.0,-12.0,-13.0,-12.0,-12.0,-12.0,-12.0,-12.0,-12.0,-12.0,-12.0,-11.0,-12.0,-11.0,-12.0,-11.0,-11.0,-11.0,-11.0,-11.0,-11.0,-10.0,-11.0,-10.0
3.1933,122.0,-96.0,7.0,0.0,0.0,0.0,0.0,0.0,0.0,0.0,0.0,0.0,5.0,-3.0,10.0,-2.0,16.0,0.0,20.0,1.0,26.0,2.0,30.0,3.0,32.0,3.0,34.0,3.0,34.0,2.0,33.0,1.0,30.0,1.0,27.0,0.0,23.0,1.0,17.0,1.0,11.0,2.0,4.0,3.0,-2.0,5.0,-8.0,7.0,-14.0,10.0,-18.0,12.0,-22.0,15.0,-24.0,18.0,-27.0,20.0,-25.0,21.0,-25.0,22.0,-23.0,22.0
3.2067,122.0,-96.0,7.0,0.0,0.0,0.0,0.0,0.0,0.0,0.0,0.0,0.0,-4.0,17.0,-5.0,17.0,-5.0,17.0,-6.0,18.0,-6.0,17.0,-7.0,18.0,-7.0,17.0,-7.0,17.0,-8.0,16.0,-8.0,16.0,-8.0,16.0,-8.0,16.0,-8.0,16.0,-9.0,16.0,-9.0,16.0,-9.0,15.0,-9.0,15.0,-9.0,14.0,-9.0,14.0,-8.0,14.0,-8.0,14.0,-8.0,13.0,-8.0,13.0,-8.0,13.0,-7.0,14.0,-6.0,13.0
3.2209,122.0,-96.0,7.0,0.0,0.0,0.0,0.0,0.0,0.0,0.0,0.0,0.0,-21.0,3.0,-25.0,2.0,-28.0,3.0,-30.0,3.0,-30.0,3.0,-31.0,3.0,-29.0,3.0,-26.0,3.0,-23.0,2.0,-18.0,1.0,-13.0,0.0,-8.0,-2.0,-3.0,-4.0,3.0,-6.0,8.0,-10.0,12.0,-12.0,17.0,-15.0,19.0,-17.0,22.0,-20.0,23.0,-21.0,22.0,-22.0,22.0,-22.0,20.0,-21.0,16.0,-19.0,13.0,-16.0,11.0,-13.0
3.2354,122.0,-96.0,7.0,0.0,0.0,0.0,0.0,0.0,0.0,0.0,0.0,0.0,-21.0,6.0,-16.0,4.0,-12.0,2.0,-7.0,0.0,-3.0,-4.0,2.0,-7.0,5.0,-11.0,9.0,-15.0,12.0,-18.0,14.0,-22.0,17.0,-24.0,17.0,-25.0,16.0,-27.0,16.0,-27.0,15.0,-26.0,12.0,-23.0,10.0,-20.0,8.0,-16.0,6.0,-11.0,5.0,-6.0,4.0,0.0,3.0,6.0,3.0,12.0,3.0,17.0,4.0,21.0,5.0,24.0
3.25,122.0,-96.0,7.0,0.0,0.0,0.0,0.0,0.0,0.0,0.0,0.0,0.0,-14.0,18.0,-15.0,18.0,-15.0,18.0,-16.0,18.0,-16.0,18.0,-17.0,17.0,-17.0,17.0,-18.0,16.0,-18.0,16.0,-18.0,15.0,-18.0,15.0,-18.0,15.0,-18.0,14.0,-18.0,14.0,-18.0,14.0,-18.0,14.0,-18.0,14.0,-18.0,13.0,-17.0,13.0,-17.0,13.0,-17.0,12.0,-16.0,12.0,-16.0,12.0,-16.0,12.0,-15.0,12.0,-15.0,12.0
3.2628,122.0,-96.0,7.0,0.0,0.0,0.0,0.0,0.0,0.0,0.0,0.0,0.0,9.0,-22.0,7.0,-18.0,5.0,-12.0,5.0,-7.0,4.0,0.0,4.0,6.0,4.0,12.0,5.0,18.0,5.0,23.0,6.0,27.0,6.0,31.0,8.0,32.0,9.0,33.0,9.0,33.0,10.0,31.0,9.0,26.0,8.0,23.0,6.0,18.0,3.0,13.0,0.0,8.0,-4.0,3.0,-8.0,-2.0,-13.0,-7.0,-18.0,-11.0,-22.0,-13.0,-25.0,-13.0
3.2764,122.0,-96.0,7.0,0.0,0.0,0.0,0.0,0.0,0.0,0.0,0.0,0.0,-10.0,16.0,-11.0,16.0,-11.0,16.0,-12.0,15.0,-12.0,15.0,-13.0,15.0,-13.0,15.0,-13.0,14.0,-13.0,14.0,-14.0,14.0,-14.0,13.0,-14.0,13.0,-14.0,13.0,-14.0,13.0,-14.0,12.0,-14.0,13.0,-14.0,12.0,-14.0,12.0,-13.0,12.0,-13.0,12.0,-13.0,12.0,-12.0,11.0,-13.0,11.0,-12.0,11.0,-12.0,11.0,-11.0,11.0
3.2919,122.0,-96.0,7.0,0.0,0.0,0.0,0.0,0.0,0.0,0.0,0.0,0.0,-17.0,-10.0,-17.0,-10.0,-17.0,-11.0,-17.0,-11.0,-17.0,-12.0,-16.0,-13.0,-16.0,-12.0,-16.0,-13.0,-15.0,-13.0,-15.0,-14.0,-15.0,-14.0,-15.0,-14.0,-14.0,-14.0,-14.0,-14.0,-14.0,-14.0,-13.0,-14.0,-13.0,-14.0,-13.0,-14.0,-13.0,-14.0,-13.0,-13.0,-12.0,-13.0,-12.0,-13.0,-12.0,-13.0,-12.0,-12.0,-12.0,-12.0,-13.0,-11.0
3.306,122.0,-96.0,7.0,0.0,0.0,0.0,0.0,0.0,0.0,0.0,0.0,0.0,20.0,4.0,23.0,5.0,25.0,5.0,26.0,5.0,26.0,5.0,25.0,5.0,24.0,4.0,21.0,3.0,18.0,3.0,13.0,3.0,8.0,3.0,3.0,3.0,-2.0,4.0,-8.0,4.0,-13.0,5.0,-17.0,6.0,-21.0,8.0,-24.0,9.0,-25.0,11.0,-26.0,11.0,-25.0,12.0,-25.0,12.0,-22.0,12.0,-19.0,10.0,-16.0,9.0,-12.0,6.0
3.3207,122.0,-96.0,7.0,0.0,0.0,0.0,0.0,0.0,0.0,0.0,0.0,0.0,3.0,1.0,2.0,6.0,0.0,11.0,-1.0,16.0,-2.0,21.0,-2.0,25.0,-2.0,27.0,-3.0,30.0,-2.0,31.0,-1.0,30.0,-1.0,28.0,0.0,26.0,0.0,22.0,0.0,17.0,-2.0,13.0,-2.0,7.0,-4.0,1.0,-7.0,-4.0,-10.0,-10.0,-12.0,-14.0,-15.0,-18.0,-18.0,-20.0,-20.0,-22.0,-21.0,-21.0,-22.0,-21.0,-23.0,-20.0
3.3348,122.0,-96.0,7.0,0.0,0.0,0.0,0.0,0.0,0.0,0.0,0.0,0.0,28.0,-14.0,27.0,-14.0,26.0,-13.0,22.0,-12.0,20.0,-9.0,14.0,-6.0,10.0,-3.0,5.0,1.0,1.0,5.0,-4.0,10.0,-8.0,14.0,-11.0,19.0,-13.0,22.0,-16.0,26.0,-17.0,28.0,-18.0,31.0,-16.0,30.0,-16.0,30.0,-14.0,27.0,-12.0,25.0,-9.0,20.0,-8.0,15.0,-7.0,9.0,-6.0,3.0,-5.0,-3.0,-5.0,-9.0
3.3491,122.0,-96.0,7.0,0.0,0.0,0.0,0.0,0.0,0.0,0.0,0.0,0.0,-4.0,-1.0,-4.0,-6.0,-4.0,-10.0,-4.0,-15.0,-4.0,-19.0,-5.0,-23.0,-5.0,-25.0,-6.0,-28.0,-7.0,-27.0,-7.0,-27.0,-7.0,-25.0,-7.0,-23.0,-6.0,-21.0,-5.0,-16.0,-2.0,-12.0,-1.0,-7.0,3.0,-3.0,6.0,1.0,9.0,5.0,13.0,8.0,16.0,11.0,19.0,12.0,21.0,14.0,22.0,13.0,23.0,13.0,23.0,12.0
3.362,122.0,-96.0,7.0,0.0,0.0,0.0,0.0,0.0,0.0,0.0,0.0,0.0,13.0,-28.0,11.0,-22.0,9.0,-16.0,7.0,-8.0,5.0,1.0,4.0,9.0,5.0,17.0,4.0,25.0,6.0,32.0,6.0,38.0,6.0,41.0,8.0,43.0,9.0,44.0,10.0,44.0,10.0,41.0,11.0,36.0,9.0,31.0,7.0,25.0,4.0,18.0,0.0,11.0,-6.0,4.0,-11.0,-3.0,-17.0,-9.0,-23.0,-14.0,-28.0,-17.0,-33.0,-18.0
3.3765,122.0,-96.0,7.0,0.0,0.0,0.0,0.0,0.0,0.0,0.0,0.0,0.0,-5.0,18.0,-6.0,18.0,-6.0,18.0,-6.0,18.0,-7.0,18.0,-7.0,18.0,-8.0,17.0,-8.0,18.0,-8.0,17.0,-9.0,17.0,-9.0,17.0,-9.0,17.0,-9.0,16.0,-10.0,17.0,-10.0,16.0,-10.0,16.0,-10.0,16.0,-10.0,15.0,-10.0,15.0,-9.0,15.0,-9.0,15.0,-9.0,14.0,-9.0,14.0,-9.0,14.0,-8.0,14.0,-7.0,14.0
3.3905,122.0,-96.0,7.0,0.0,0.0,0.0,0.0,0.0,0.0,0.0,0.0,0.0,-28.0,-8.0,-28.0,-8.0,-26.0,-8.0,-23.0,-7.0,-19.0,-7.0,-14.0,-6.0,-9.0,-5.0,-3.0,-5.0,2.0,-5.0,8.0,-5.0,13.0,-6.0,18.0,-7.0,22.0,-8.0,26.0,-8.0,28.0,-9.0,30.0,-10.0,29.0,-11.0,28.0,-11.0,26.0,-10.0,22.0,-10.0,18.0,-8.0,14.0,-6.0,10.0,-3.0,5.0,1.0,1.0,4.0,-3.0,8.0
3.405,122.0,-96.0,7.0,0.0,0.0,0.0,0.0,0.0,0.0,0.0,0.0,0.0,-3.0,4.0,-7.0,6.0,-11.0,7.0,-15.0,8.0,-19.0,10.0,-22.0,12.0,-22.0,13.0,-24.0,14.0,-24.0,15.0,-23.0,15.0,-21.0,13.0,-18.0,12.0,-16.0,10.0,-12.0,7.0,-9.0,3.0,-6.0,0.0,-2.0,-4.0,0.0,-9.0,2.0,-14.0,4.0,-17.0,5.0,-22.0,4.0,-24.0,5.0,-27.0,4.0,-27.0,3.0,-27.0,2.0,-26.0
3.4213,122.0,-96.0,7.0,0.0,0.0,0.0,0.0,0.0,0.0,0.0,0.0,0.0,-18.0,-6.0,-17.0,-7.0,-17.0,-7.0,-18.0,-7.0,-17.0,-8.0,-17.0,-9.0,-17.0,-9.0,-17.0,-9.0,-16.0,-10.0,-16.0,-10.0,-16.0,-10.0,-16.0,-10.0,-15.0,-10.0,-16.0,-10.0,-15.0,-11.0,-14.0,-10.0,-15.0,-10.0,-14.0,-11.0,-14.0,-11.0,-14.0,-11.0,-13.0,-10.0,-13.0,-10.0,-13.0,-10.0,-13.0,-9.0,-13.0,-9.0,-13.0,-9.0
3.434,122.0,-96.0,7.0,0.0,0.0,0.0,0.0,0.0,0.0,0.0,0.0,0.0,-5.0,20.0,-6.0,22.0,-6.0,25.0,-6.0,25.0,-6.0,26.0,-6.0,25.0,-5.0,24.0,-5.0,21.0,-5.0,18.0,-4.0,13.0,-4.0,8.0,-4.0,3.0,-5.0,-2.0,-5.0,-8.0,-7.0,-13.0,-7.0,-17.0,-9.0,-20.0,-11.0,-24.0,-12.0,-25.0,-13.0,-26.0,-14.0,-25.0,-14.0,-25.0,-13.0,-23.0,-12.0,-19.0,-10.0,-15.0,-8.0,-12.0
3.4487,122.0,-96.0,7.0,0.0,0.0,0.0,0.0,0.0,0.0,0.0,0.0,0.0,11.0,-18.0,14.0,-21.0,15.0,-23.0,16.0,-24.0,16.0,-26.0,17.0,-26.0,16.0,-24.0,14.0,-22.0,13.0,-19.0,10.0,-15.0,8.0,-11.0,6.0,-5.0,3.0,0.0,2.0,6.0,1.0,12.0,0.0,17.0,-1.0,22.0,0.0,26.0,0.0,29.0,0.0,31.0,1.0,31.0,2.0,30.0,2.0,28.0,3.0,25.0,3.0,21.0,2.0,16.0
3.4625,122.0,-96.0,7.0,0.0,0.0,0.0,0.0,0.0,0.0,0.0,0.0,0.0,-2.0,-19.0,-2.0,-20.0,-2.0,-20.0,-2.0,-20.0,-1.0,-20.0,-1.0,-21.0,0.0,-20.0,1.0,-20.0,1.0,-20.0,1.0,-20.0,1.0,-20.0,2.0,-20.0,2.0,-19.0,2.0,-19.0,3.0,-19.0,2.0,-19.0,3.0,-18.0,3.0,-18.0,3.0,-19.0,3.0,-18.0,3.0,-18.0,2.0,-17.0,2.0,-17.0,2.0,-17.0,2.0,-17.0,1.0,-16.0
3.4764,122.0,-96.0,7.0,0.0,0.0,0.0,0.0,0.0,0.0,0.0,0.0,0.0,4.0,25.0,4.0,25.0,4.0,24.0,4.0,22.0,3.0,19.0,2.0,15.0,0.0,11.0,-2.0,6.0,-3.0,2.0,-7.0,-3.0,-9.0,-7.0,-12.0,-11.0,-14.0,-14.0,-17.0,-17.0,-19.0,-20.0,-20.0,-21.0,-21.0,-20.0,-21.0,-20.0,-20.0,-18.0,-18.0,-16.0,-16.0,-13.0,-12.0,-11.0,-9.0,-9.0,-4.0,-6.0,1.0,-4.0,5.0,-2.0
3.4917,122.0,-96.0,7.0,0.0,0.0,0.0,0.0,0.0,0.0,0.0,0.0,0.0,-12.0,-15.0,-14.0,-18.0,-16.0,-20.0,-16.0,-21.0,-17.0,-23.0,-17.0,-22.0,-16.0,-21.0,-15.0,-19.0,-13.0,-17.0,-10.0,-14.0,-7.0,-10.0,-3.0,-7.0,1.0,-4.0,6.0,0.0,11.0,2.0,15.0,4.0,19.0,6.0,23.0,7.0,24.0,7.0,26.0,7.0,27.0,7.0,27.0,6.0,25.0,5.0,22.0,3.0,18.0,2.0,14.0,2.0
3.505,122.0,-96.0,7.0,0.0,0.0,0.0,0.0,0.0,0.0,0.0,0.0,0.0,19.0,-2.0,19.0,-1.0,19.0,0.0,19.0,0.0,19.0,1.0,19.0,1.0,19.0,2.0,19.0,2.0,19.0,2.0,19.0,3.0,19.0,3.0,19.0,3.0,18.0,3.0,18.0,4.0,18.0,4.0,18.0,4.0,18.0,4.0,17.0,4.0,17.0,4.0,17.0,4.0,16.0,4.0,16.0,4.0,16.0,3.0,15.0,3.0,15.0,3.0,15.0,3.0
3.5198,122.0,-96.0,7.0,0.0,0.0,0.0,0.0,0.0,0.0,0.0,0.0,0.0,-24.0,1.0,-24.0,0.0,-24.0,0.0,-24.0,0.0,-25.0,-1.0,-24.0,-2.0,-24.0,-2.0,-25.0,-3.0,-24.0,-4.0,-24.0,-3.0,-24.0,-3.0,-24.0,-4.0,-23.0,-4.0,-23.0,-5.0,-23.0,-5.0,-23.0,-5.0,-22.0,-6.0,-22.0,-5.0,-22.0,-5.0,-21.0,-5.0,-21.0,-5.0,-20.0,-5.0,-21.0,-4.0,-20.0,-4.0,-20.0,-3.0,-19.0,-3.0
3.5334,122.0,-96.0,7.0,0.0,0.0,0.0,0.0,0.0,0.0,0.0,0.0,0.0,23.0,2.0,18.0,2.0,13.0,2.0,7.0,3.0,1.0,4.0,-5.0,5.0,-11.0,8.0,-17.0,10.0,-21.0,12.0,-25.0,15.0,-28.0,16.0,-29.0,18.0,-29.0,19.0,-29.0,19.0,-27.0,18.0,-23.0,17.0,-20.0,15.0,-16.0,11.0,-12.0,7.0,-8.0,3.0,-5.0,-3.0,-2.0,-8.0,1.0,-15.0,3.0,-20.0,4.0,-24.0,3.0,-28.0
3.548,122.0,-96.0,7.0,0.0,0.0,0.0,0.0,0.0,0.0,0.0,0.0,0.0,-19.0,-2.0,-20.0,-3.0,-20.0,-3.0,-20.0,-3.0,-20.0,-4.0,-20.0,-4.0,-19.0,-5.0,-20.0,-5.0,-19.0,-6.0,-19.0,-6.0,-19.0,-6.0,-19.0,-6.0,-19.0,-6.0,-19.0,-6.0,-19.0,-7.0,-18.0,-6.0,-18.0,-7.0,-18.0,-7.0,-17.0,-7.0,-17.0,-6.0,-17.0,-6.0,-16.0,-6.0,-16.0,-6.0,-16.0,-6.0,-16.0,-5.0,-16.0,-5.0
3.563,122.0,-96.0,7.0,0.0,0.0,0.0,0.0,0.0,0.0,0.0,0.0,0.0,-1.0,5.0,-8.0,4.0,-15.0,3.0,-21.0,3.0,-27.0,3.0,-32.0,4.0,-35.0,5.0,-39.0,6.0,-38.0,7.0,-38.0,7.0,-36.0,7.0,-33.0,6.0,-29.0,6.0,-23.0,4.0,-17.0,2.0,-10.0,0.0,-3.0,-5.0,2.0,-9.0,8.0,-14.0,13.0,-18.0,17.0,-23.0,18.0,-27.0,21.0,-30.0,20.0,-32.0,19.0,-32.0,18.0,-32.0
3.5777,122.0,-96.0,7.0,0.0,0.0,0.0,0.0,0.0,0.0,0.0,0.0,0.0,2.0,3.0,-2.0,6.0,-6.0,10.0,-9.0,13.0,-12.0,17.0,-15.0,20.0,-16.0,23.0,-18.0,25.0,-17.0,26.0,-17.0,26.0,-15.0,24.0,-14.0,22.0,-12.0,19.0,-9.0,15.0,-8.0,10.0,-6.0,5.0,-5.0,-1.0,-4.0,-7.0,-4.0,-13.0,-4.0,-18.0,-5.0,-23.0,-7.0,-25.0,-7.0,-29.0,-9.0,-29.0,-10.0,-29.0,-11.0,-28.0
3.5913,122.0,-96.0,7.0,0.0,0.0,0.0,0.0,0.0,0.0,0.0,0.0,0.0,21.0,19.0,21.0,19.0,20.0,18.0,19.0,16.0,15.0,14.0,12.0,12.0,8.0,9.0,3.0,6.0,-2.0,3.0,-7.0,1.0,-12.0,0.0,-17.0,-2.0,-22.0,-3.0,-26.0,-4.0,-30.0,-5.0,-31.0,-5.0,-32.0,-3.0,-31.0,-3.0,-30.0,-2.0,-27.0,-1.0,-22.0,-1.0,-18.0,-1.0,-13.0,-2.0,-8.0,-3.0,-2.0,-4.0,3.0,-6.0
3.6057,122.0,-96.0,7.0,0.0,0.0,0.0,0.0,0.0,0.0,0.0,0.0,0.0,18.0,-4.0,13.0,-3.0,9.0,-1.0,4.0,1.0,-1.0,5.0,-6.0,7.0,-10.0,11.0,-14.0,14.0,-17.0,17.0,-19.0,19.0,-21.0,21.0,-21.0,23.0,-21.0,23.0,-20.0,23.0,-18.0,22.0,-15.0,19.0,-13.0,16.0,-10.0,12.0,-8.0,7.0,-5.0,2.0,-5.0,-4.0,-3.0,-9.0,-2.0,-15.0,-1.0,-20.0,-2.0,-24.0,-3.0,-27.0
3.6198,122.0,-96.0,7.0,0.0,0.0,0.0,0.0,0.0,0.0,0.0,0.0,0.0,-6.0,-2.0,-8.0,-6.0,-10.0,-11.0,-12.0,-15.0,-15.0,-18.0,-17.0,-21.0,-19.0,-23.0,-20.0,-25.0,-21.0,-24.0,-21.0,-23.0,-19.0,-20.0,-18.0,-19.0,-15.0,-16.0,-11.0,-12.0,-6.0,-10.0,-2.0,-6.0,4.0,-3.0,9.0,-1.0,14.0,1.0,19.0,2.0,24.0,3.0,26.0,3.0,29.0,3.0,30.0,1.0,29.0,1.0,28.0,0.0
3.6324,122.0,-96.0,7.0,0.0,0.0,0.0,0.0,0.0,0.0,0.0,0.0,0.0,5.0,-2.0,9.0,0.0,13.0,3.0,18.0,5.0,22.0,6.0,26.0,7.0,28.0,7.0,30.0,8.0,30.0,7.0,29.0,6.0,26.0,5.0,24.0,4.0,20.0,4.0,15.0,3.0,9.0,4.0,4.0,3.0,-2.0,4.0,-8.0,6.0,-13.0,7.0,-17.0,9.0,-22.0,11.0,-24.0,13.0,-26.0,15.0,-25.0,16.0,-25.0,17.0,-23.0,17.0
3.646,122.0,-96.0,7.0,0.0,0.0,0.0,0.0,0.0,0.0,0.0,0.0,0.0,-21.0,-5.0,-17.0,-4.0,-12.0,-4.0,-7.0,-4.0,-1.0,-4.0,5.0,-5.0,9.0,-7.0,15.0,-8.0,20.0,-9.0,23.0,-11.0,26.0,-12.0,27.0,-13.0,28.0,-15.0,27.0,-15.0,25.0,-15.0,22.0,-14.0,19.0,-12.0,15.0,-9.0,11.0,-6.0,7.0,-3.0,3.0,2.0,-1.0,7.0,-4.0,12.0,-6.0,16.0,-7.0,20.0,-7.0,24.0
3.6601,122.0,-96.0,7.0,0.0,0.0,0.0,0.0,0.0,0.0,0.0,0.0,0.0,10.0,-16.0,8.0,-12.0,6.0,-7.0,4.0,-2.0,3.0,3.0,1.0,9.0,2.0,14.0,1.0,19.0,1.0,23.0,2.0,27.0,1.0,29.0,3.0,30.0,3.0,31.0,4.0,30.0,4.0,27.0,5.0,23.0,4.0,20.0,2.0,15.0,0.0,10.0,-2.0,5.0,-6.0,0.0,-9.0,-4.0,-12.0,-9.0,-16.0,-13.0,-19.0,-14.0,-22.0,-15.0
3.6739,122.0,-96.0,7.0,0.0,0.0,0.0,0.0,0.0,0.0,0.0,0.0,0.0,19.0,7.0,22.0,9.0,25.0,10.0,27.0,10.0,28.0,10.0,28.0,11.0,26.0,10.0,24.0,9.0,21.0,8.0,16.0,7.0,11.0,5.0,5.0,4.0,0.0,4.0,-7.0,3.0,-12.0,3.0,-18.0,4.0,-23.0,4.0,-26.0,5.0,-29.0,6.0,-31.0,7.0,-31.0,8.0,-30.0,8.0,-28.0,8.0,-24.0,8.0,-20.0,7.0,-16.0,5.0
3.6886,122.0,-96.0,7.0,0.0,0.0,0.0,0.0,0.0,0.0,0.0,0.0,0.0,-16.0,24.0,-16.0,24.0,-16.0,23.0,-14.0,21.0,-13.0,18.0,-10.0,14.0,-8.0,9.0,-6.0,4.0,-5.0,-1.0,-3.0,-7.0,-2.0,-12.0,-2.0,-17.0,-2.0,-22.0,-1.0,-27.0,-1.0,-30.0,-1.0,-32.0,-2.0,-32.0,-3.0,-32.0,-3.0,-30.0,-3.0,-26.0,-3.0,-22.0,-2.0,-18.0,-1.0,-13.0,1.0,-8.0,3.0,-2.0,6.0,2.0
3.7019,122.0,-96.0,7.0,0.0,0.0,0.0,0.0,0.0,0.0,0.0,0.0,0.0,20.0,4.0,22.0,5.0,24.0,6.0,25.0,6.0,26.0,6.0,25.0,5.0,24.0,5.0,20.0,4.0,18.0,5.0,13.0,3.0,8.0,3.0,3.0,3.0,-2.0,4.0,-8.0,4.0,-13.0,5.0,-17.0,6.0,-21.0,7.0,-24.0,9.0,-25.0,9.0,-27.0,10.0,-26.0,11.0,-25.0,11.0,-23.0,10.0,-20.0,9.0,-16.0,8.0,-13.0,5.0
3.7169,122.0,-96.0,7.0,0.0,0.0,0.0,0.0,0.0,0.0,0.0,0.0,0.0,8.0,27.0,8.0,26.0,7.0,24.0,7.0,22.0,5.0,18.0,3.0,14.0,0.0,10.0,-2.0,4.0,-5.0,0.0,-9.0,-5.0,-12.0,-8.0,-16.0,-11.0,-19.0,-14.0,-23.0,-17.0,-25.0,-19.0,-26.0,-20.0,-27.0,-19.0,-25.0,-18.0,-24.0,-16.0,-21.0,-14.0,-18.0,-11.0,-13.0,-10.0,-8.0,-8.0,-3.0,-6.0,2.0,-4.0,8.0,-3.0
3.7307,122.0,-96.0,7.0,0.0,0.0,0.0,0.0,0.0,0.0,0.0,0.0,0.0,12.0,13.0,14.0,16.0,15.0,18.0,17.0,19.0,18.0,20.0,17.0,20.0,17.0,19.0,15.0,17.0,13.0,15.0,10.0,12.0,6.0,9.0,2.0,6.0,-2.0,3.0,-7.0,0.0,-12.0,-2.0,-16.0,-4.0,-20.0,-5.0,-23.0,-6.0,-26.0,-7.0,-27.0,-7.0,-28.0,-6.0,-28.0,-6.0,-26.0,-5.0,-23.0,-3.0,-20.0,-3.0,-15.0,-2.0
3.744,122.0,-96.0,7.0,0.0,0.0,0.0,0.0,0.0,0.0,0.0,0.0,0.0,20.0,16.0,19.0,15.0,18.0,14.0,16.0,12.0,13.0,11.0,9.0,9.0,5.0,7.0,1.0,4.0,-4.0,2.0,-9.0,1.0,-13.0,-1.0,-18.0,-2.0,-22.0,-2.0,-25.0,-3.0,-28.0,-3.0,-29.0,-3.0,-29.0,-2.0,-28.0,-2.0,-26.0,-1.0,-23.0,0.0,-19.0,0.0,-14.0,0.0,-10.0,-2.0,-5.0,-3.0,0.0,-5.0,4.0,-7.0
3.7585,122.0,-96.0,7.0,0.0,0.0,0.0,0.0,0.0,0.0,0.0,0.0,0.0,-4.0,-19.0,-3.0,-20.0,-3.0,-19.0,-3.0,-20.0,-1.0,-20.0,-1.0,-20.0,0.0,-19.0,0.0,-20.0,0.0,-20.0,0.0,-20.0,0.0,-20.0,1.0,-19.0,1.0,-19.0,2.0,-19.0,2.0,-19.0,2.0,-18.0,2.0,-18.0,2.0,-18.0,2.0,-18.0,2.0,-18.0,2.0,-18.0,2.0,-17.0,2.0,-16.0,1.0,-17.0,1.0,-16.0,1.0,-16.0
3.7739,122.0,-96.0,7.0,0.0,0.0,0.0,0.0,0.0,0.0,0.0,0.0,0.0,-12.0,-17.0,-13.0,-21.0,-14.0,-22.0,-15.0,-23.0,-15.0,-23.0,-15.0,-23.0,-14.0,-21.0,-12.0,-18.0,-10.0,-17.0,-7.0,-12.0,-4.0,-9.0,-1.0,-6.0,3.0,-2.0,8.0,1.0,12.0,4.0,16.0,7.0,20.0,8.0,22.0,9.0,25.0,10.0,26.0,10.0,26.0,8.0,26.0,8.0,23.0,7.0,20.0,5.0,17.0,4.0,13.0,3.0
3.7897,122.0,-96.0,7.0,0.0,0.0,0.0,0.0,0.0,0.0,0.0,0.0,0.0,-18.0,-15.0,-18.0,-16.0,-18.0,-15.0,-18.0,-17.0,-17.0,-17.0,-17.0,-17.0,-16.0,-17.0,-16.0,-18.0,-16.0,-18.0,-16.0,-18.0,-15.0,-19.0,-15.0,-19.0,-15.0,-19.0,-14.0,-19.0,-14.0,-19.0,-14.0,-18.0,-14.0,-18.0,-13.0,-18.0,-13.0,-18.0,-13.0,-17.0,-13.0,-17.0,-13.0,-17.0,-13.0,-16.0,-12.0,-16.0,-12.0,-16.0,-13.0,-15.0
3.804,122.0,-96.0,7.0,0.0,0.0,0.0,0.0,0.0,0.0,0.0,0.0,0.0,-15.0,-22.0,-15.0,-22.0,-15.0,-21.0,-14.0,-19.0,-12.0,-17.0,-9.0,-14.0,-6.0,-11.0,-2.0,-7.0,1.0,-4.0,6.0,-1.0,10.0,2.0,14.0,4.0,18.0,6.0,21.0,8.0,24.0,10.0,26.0,10.0,26.0,10.0,26.0,9.0,24.0,8.0,22.0,7.0,18.0,5.0,14.0,4.0,10.0,4.0,5.0,3.0,0.0,3.0,-5.0,4.0
3.8177,122.0,-96.0,7.0,0.0,0.0,0.0,0.0,0.0,0.0,0.0,0.0,0.0,-10.0,16.0,-12.0,19.0,-13.0,20.0,-15.0,22.0,-14.0,23.0,-15.0,23.0,-14.0,22.0,-12.0,19.0,-11.0,17.0,-9.0,13.0,-7.0,9.0,-6.0,4.0,-4.0,-1.0,-3.0,-6.0,-2.0,-12.0,-2.0,-16.0,-2.0,-21.0,-2.0,-24.0,-2.0,-27.0,-3.0,-28.0,-4.0,-28.0,-3.0,-28.0,-4.0,-26.0,-5.0,-23.0,-4.0,-19.0,-3.0,-15.0
3.8319,122.0,-96.0,7.0,0.0,0.0,0.0,0.0,0.0,0.0,0.0,0.0,0.0,19.0,7.0,16.0,6.0,10.0,4.0,5.0,4.0,-1.0,3.0,-6.0,4.0,-11.0,4.0,-17.0,5.0,-22.0,5.0,-25.0,7.0,-28.0,7.0,-30.0,9.0,-30.0,10.0,-30.0,10.0,-28.0,10.0,-24.0,9.0,-22.0,9.0,-17.0,6.0,-13.0,3.0,-8.0,1.0,-4.0,-4.0,1.0,-8.0,4.0,-12.0,8.0,-16.0,9.0,-20.0,10.0,-24.0
3.846,122.0,-96.0,7.0,0.0,0.0,0.0,0.0,0.0,0.0,0.0,0.0,0.0,8.0,16.0,7.0,17.0,8.0,17.0,7.0,17.0,6.0,18.0,6.0,18.0,6.0,18.0,5.0,18.0,5.0,18.0,5.0,19.0,4.0,18.0,4.0,18.0,3.0,18.0,3.0,18.0,3.0,18.0,3.0,17.0,2.0,17.0,3.0,17.0,2.0,17.0,3.0,17.0,2.0,16.0,3.0,16.0,2.0,16.0,2.0,16.0,3.0,15.0,3.0,15.0
3.8603,122.0,-96.0,7.0,0.0,0.0,0.0,0.0,0.0,0.0,0.0,0.0,0.0,-7.0,25.0,-7.0,24.0,-7.0,22.0,-6.0,20.0,-5.0,16.0,-5.0,12.0,-4.0,8.0,-4.0,2.0,-4.0,-3.0,-5.0,-8.0,-6.0,-12.0,-7.0,-17.0,-8.0,-20.0,-9.0,-24.0,-10.0,-26.0,-10.0,-27.0,-11.0,-27.0,-11.0,-26.0,-11.0,-24.0,-10.0,-21.0,-8.0,-17.0,-6.0,-13.0,-4.0,-10.0,0.0,-6.0,3.0,-2.0,7.0,1.0
3.8746,122.0,-96.0,7.0,0.0,0.0,0.0,0.0,0.0,0.0,0.0,0.0,0.0,18.0,-10.0,15.0,-8.0,10.0,-5.0,6.0,-2.0,2.0,2.0,-2.0,7.0,-4.0,11.0,-8.0,15.0,-10.0,19.0,-11.0,22.0,-13.0,25.0,-13.0,27.0,-13.0,28.0,-12.0,28.0,-11.0,27.0,-9.0,24.0,-8.0,21.0,-7.0,16.0,-6.0,11.0,-5.0,6.0,-5.0,0.0,-5.0,-6.0,-6.0,-12.0,-7.0,-17.0,-8.0,-21.0,-10.0,-24.0
3.888,122.0,-96.0,7.0,0.0,0.0,0.0,0.0,0.0,0.0,0.0,0.0,0.0,10.0,-24.0,10.0,-24.0,9.0,-23.0,8.0,-21.0,8.0,-19.0,6.0,-15.0,5.0,-10.0,4.0,-5.0,3.0,0.0,3.0,5.0,3.0,10.0,3.0,14.0,3.0,18.0,4.0,22.0,4.0,25.0,5.0,27.0,6.0,27.0,6.0,27.0,6.0,25.0,6.0,22.0,5.0,18.0,4.0,14.0,2.0,11.0,-1.0,7.0,-3.0,2.0,-7.0,-2.0
3.9022,122.0,-96.0,7.0,0.0,0.0,0.0,0.0,0.0,0.0,0.0,0.0,0.0,-3.0,18.0,-3.0,18.0,-4.0,18.0,-4.0,18.0,-4.0,19.0,-5.0,18.0,-5.0,18.0,-6.0,18.0,-6.0,18.0,-7.0,18.0,-7.0,18.0,-7.0,17.0,-7.0,17.0,-8.0,17.0,-7.0,17.0,-7.0,17.0,-7.0,16.0,-7.0,16.0,-8.0,16.0,-7.0,16.0,-7.0,15.0,-7.0,15.0,-7.0,15.0,-7.0,15.0,-6.0,14.0,-6.0,14.0
3.9164,122.0,-96.0,7.0,0.0,0.0,0.0,0.0,0.0,0.0,0.0,0.0,0.0,9.0,13.0,8.0,14.0,8.0,14.0,8.0,15.0,7.0,15.0,7.0,15.0,7.0,15.0,6.0,15.0,6.0,15.0,6.0,15.0,6.0,15.0,5.0,15.0,5.0,15.0,5.0,15.0,4.0,15.0,4.0,15.0,4.0,15.0,4.0,15.0,4.0,15.0,4.0,14.0,4.0,14.0,4.0,14.0,4.0,13.0,4.0,13.0,4.0,13.0,4.0,13.0
3.9304,122.0,-96.0,7.0,0.0,0.0,0.0,0.0,0.0,0.0,0.0,0.0,0.0,19.0,16.0,19.0,16.0,17.0,15.0,16.0,13.0,13.0,11.0,9.0,9.0,5.0,7.0,0.0,4.0,-4.0,2.0,-9.0,0.0,-14.0,-1.0,-18.0,-2.0,-22.0,-2.0,-25.0,-3.0,-27.0,-4.0,-29.0,-3.0,-29.0,-2.0,-28.0,-2.0,-26.0,-1.0,-23.0,-1.0,-18.0,-1.0,-14.0,-1.0,-10.0,-2.0,-5.0,-3.0,0.0,-5.0,4.0,-7.0
3.9446,122.0,-96.0,7.0,0.0,0.0,0.0,0.0,0.0,0.0,0.0,0.0,0.0,-18.0,-12.0,-20.0,-15.0,-23.0,-17.0,-24.0,-17.0,-26.0,-18.0,-25.0,-18.0,-24.0,-17.0,-22.0,-16.0,-19.0,-14.0,-15.0,-11.0,-10.0,-9.0,-5.0,-6.0,0.0,-5.0,6.0,-2.0,12.0,-1.0,17.0,0.0,22.0,1.0,26.0,1.0,28.0,1.0,31.0,0.0,31.0,-1.0,31.0,-1.0,29.0,-2.0,25.0,-2.0,21.0,-3.0,16.0,-2.0
3.9581,122.0,-96.0,7.0,0.0,0.0,0.0,0.0,0.0,0.0,0.0,0.0,0.0,-20.0,-7.0,-22.0,-9.0,-25.0,-10.0,-25.0,-10.0,-26.0,-10.0,-25.0,-9.0,-23.0,-9.0,-21.0,-8.0,-18.0,-8.0,-13.0,-6.0,-9.0,-5.0,-4.0,-4.0,2.0,-4.0,7.0,-4.0,12.0,-4.0,17.0,-4.0,21.0,-5.0,24.0,-7.0,25.0,-7.0,27.0,-8.0,26.0,-9.0,26.0,-9.0,23.0,-9.0,20.0,-9.0,16.0,-7.0,12.0,-5.0
3.9713,122.0,-96.0,7.0,0.0,0.0,0.0,0.0,0.0,0.0,0.0,0.0,0.0,-13.0,14.0,-15.0,16.0,-18.0,18.0,-18.0,18.0,-19.0,20.0,-19.0,20.0,-18.0,19.0,-16.0,17.0,-14.0,15.0,-12.0,11.0,-9.0,8.0,-6.0,3.0,-4.0,-2.0,-1.0,-7.0,0.0,-12.0,2.0,-16.0,2.0,-20.0,3.0,-24.0,3.0,-26.0,3.0,-28.0,2.0,-28.0,1.0,-28.0,1.0,-27.0,0.0,-23.0,0.0,-19.0,0.0,-16.0
3.9858,122.0,-96.0,7.0,0.0,0.0,0.0,0.0,0.0,0.0,0.0,0.0,0.0,-1.0,-19.0,-1.0,-20.0,-1.0,-19.0,-1.0,-20.0,0.0,-20.0,1.0,-20.0,1.0,-19.0,2.0,-19.0,2.0,-19.0,3.0,-20.0,3.0,-20.0,3.0,-19.0,4.0,-19.0,4.0,-19.0,3.0,-19.0,3.0,-18.0,4.0,-18.0,4.0,-18.0,4.0,-17.0,4.0,-17.0,4.0,-17.0,3.0,-17.0,3.0,-17.0,3.0,-16.0,3.0,-16.0,2.0,-16.0
3.999,122.0,-96.0,7.0,0.0,0.0,0.0,0.0,0.0,0.0,0.0,0.0,0.0,-20.0,-6.0,-15.0,-5.0,-9.0,-4.0,-4.0,-5.0,3.0,-5.0,9.0,-6.0,14.0,-8.0,20.0,-10.0,24.0,-11.0,27.0,-13.0,30.0,-13.0,31.0,-15.0,31.0,-16.0,30.0,-16.0,27.0,-16.0,23.0,-14.0,19.0,-12.0,15.0,-9.0,10.0,-5.0,6.0,-1.0,2.0,4.0,-2.0,9.0,-5.0,15.0,-8.0,20.0,-8.0,24.0,-9.0,28.0
4.0104,122.0,-96.0,7.0,0.0,0.0,0.0,0.0,0.0,0.0,0.0,0.0,0.0,2.0,-4.0,6.0,-1.0,10.0,3.0,15.0,6.0,19.0,8.0,23.0,10.0,25.0,11.0,28.0,12.0,28.0,11.0,28.0,11.0,27.0,9.0,24.0,8.0,21.0,8.0,17.0,6.0,12.0,5.0,6.0,4.0,0.0,4.0,-6.0,4.0,-12.0,5.0,-17.0,5.0,-22.0,7.0,-24.0,9.0,-27.0,10.0,-27.0,12.0,-27.0,13.0,-27.0,13.0
4.0243,122.0,-96.0,7.0,0.0,0.0,0.0,0.0,0.0,0.0,0.0,0.0,0.0,15.0,6.0,14.0,7.0,15.0,7.0,14.0,8.0,14.0,8.0,14.0,8.0,14.0,9.0,14.0,9.0,13.0,9.0,13.0,10.0,13.0,10.0,12.0,10.0,12.0,10.0,12.0,10.0,12.0,10.0,12.0,10.0,11.0,10.0,11.0,10.0,11.0,10.0,11.0,9.0,11.0,9.0,11.0,9.0,11.0,9.0,11.0,9.0,10.0,8.0,11.0,8.0
4.037,122.0,-96.0,7.0,0.0,0.0,0.0,0.0,0.0,0.0,0.0,0.0,0.0,5.0,-3.0,7.0,3.0,11.0,9.0,14.0,14.0,18.0,19.0,22.0,22.0,25.0,24.0,27.0,27.0,28.0,26.0,28.0,25.0,27.0,23.0,25.0,21.0,21.0,19.0,17.0,15.0,11.0,11.0,5.0,7.0,-2.0,4.0,-9.0,2.0,-16.0,0.0,-22.0,-1.0,-29.0,-1.0,-32.0,0.0,-37.0,0.0,-38.0,2.0,-38.0,2.0,-37.0,3.0
4.0529,122.0,-96.0,7.0,0.0,0.0,0.0,0.0,0.0,0.0,0.0,0.0,0.0,-14.0,-14.0,-14.0,-15.0,-14.0,-15.0,-14.0,-16.0,-13.0,-16.0,-13.0,-16.0,-12.0,-16.0,-12.0,-17.0,-12.0,-17.0,-11.0,-17.0,-11.0,-17.0,-11.0,-17.0,-10.0,-17.0,-10.0,-18.0,-10.0,-18.0,-10.0,-17.0,-9.0,-17.0,-8.0,-17.0,-9.0,-17.0,-9.0,-16.0,-9.0,-16.0,-8.0,-16.0,-8.0,-15.0,-8.0,-15.0,-9.0,-15.0,-9.0,-15.0
4.0683,122.0,-96.0,7.0,0.0,0.0,0.0,0.0,0.0,0.0,0.0,0.0,0.0,-5.0,2.0,-8.0,-4.0,-12.0,-9.0,-16.0,-14.0,-20.0,-19.0,-24.0,-22.0,-26.0,-25.0,-29.0,-26.0,-30.0,-26.0,-30.0,-25.0,-28.0,-23.0,-26.0,-21.0,-23.0,-19.0,-18.0,-15.0,-12.0,-12.0,-6.0,-8.0,1.0,-5.0,7.0,-4.0,15.0,-2.0,21.0,-1.0,27.0,-2.0,31.0,-3.0,36.0,-2.0,37.0,-5.0,36.0,-6.0,36.0,-7.0
4.0823,122.0,-96.0,7.0,0.0,0.0,0.0,0.0,0.0,0.0,0.0,0.0,0.0,-25.0,13.0,-26.0,12.0,-26.0,12.0,-26.0,12.0,-27.0,12.0,-28.0,12.0,-27.0,11.0,-29.0,11.0,-28.0,11.0,-28.0,11.0,-28.0,11.0,-28.0,11.0,-29.0,10.0,-29.0,10.0,-30.0,10.0,-28.0,10.0,-29.0,10.0,-29.0,9.0,-30.0,9.0,-29.0,9.0,-30.0,9.0,-29.0,10.0,-29.0,9.0,-28.0,10.0,-28.0,10.0,-27.0,10.0
4.0965,122.0,-96.0,7.0,0.0,0.0,0.0,0.0,0.0,0.0,0.0,0.0,0.0,-20.0,7.0,-23.0,8.0,-24.0,9.0,-25.0,10.0,-26.0,10.0,-25.0,9.0,-23.0,9.0,-21.0,8.0,-18.0,6.0,-14.0,4.0,-10.0,2.0,-5.0,-1.0,-1.0,-5.0,3.0,-8.0,7.0,-12.0,10.0,-15.0,12.0,-18.0,14.0,-21.0,15.0,-23.0,15.0,-24.0,14.0,-24.0,14.0,-24.0,12.0,-22.0,10.0,-20.0,8.0,-17.0,6.0,-12.0
4.1094,122.0,-96.0,7.0,0.0,0.0,0.0,0.0,0.0,0.0,0.0,0.0,0.0,-9.0,-23.0,-7.0,-18.0,-4.0,-13.0,-1.0,-8.0,3.0,-3.0,7.0,2.0,11.0,5.0,16.0,10.0,20.0,13.0,24.0,16.0,26.0,18.0,28.0,18.0,29.0,18.0,29.0,18.0,28.0,15.0,25.0,13.0,22.0,11.0,17.0,9.0,12.0,7.0,6.0,5.0,-1.0,5.0,-7.0,3.0,-14.0,4.0,-20.0,3.0,-24.0,5.0,-27.0,7.0
4.1229,122.0,-96.0,7.0,0.0,0.0,0.0,0.0,0.0,0.0,0.0,0.0,0.0,-8.0,-20.0,-7.0,-20.0,-8.0,-21.0,-8.0,-20.0,-7.0,-22.0,-7.0,-22.0,-7.0,-22.0,-6.0,-22.0,-6.0,-22.0,-6.0,-23.0,-6.0,-22.0,-6.0,-22.0,-5.0,-22.0,-5.0,-23.0,-5.0,-23.0,-5.0,-22.0,-5.0,-22.0,-4.0,-24.0,-5.0,-23.0,-5.0,-22.0,-4.0,-23.0,-5.0,-22.0,-5.0,-23.0,-5.0,-22.0,-5.0,-22.0,-5.0,-22.0
4.1367,122.0,-96.0,7.0,0.0,0.0,0.0,0.0,0.0,0.0,0.0,0.0,0.0,-18.0,6.0,-22.0,7.0,-24.0,7.0,-26.0,8.0,-26.0,8.0,-26.0,8.0,-25.0,8.0,-23.0,7.0,-20.0,6.0,-16.0,4.0,-12.0,2.0,-7.0,0.0,-3.0,-3.0,2.0,-6.0,5.0,-10.0,9.0,-13.0,12.0,-16.0,14.0,-19.0,15.0,-22.0,16.0,-23.0,15.0,-24.0,15.0,-24.0,13.0,-22.0,11.0,-20.0,9.0,-17.0,7.0,-13.0
4.1501,122.0,-96.0,7.0,0.0,0.0,0.0,0.0,0.0,0.0,0.0,0.0,0.0,4.0,-21.0,3.0,-15.0,3.0,-10.0,3.0,-4.0,4.0,2.0,5.0,9.0,7.0,14.0,9.0,19.0,10.0,24.0,12.0,27.0,13.0,30.0,14.0,30.0,16.0,30.0,16.0,29.0,15.0,27.0,14.0,23.0,11.0,19.0,8.0,15.0,4.0,10.0,0.0,6.0,-6.0,2.0,-10.0,-2.0,-16.0,-5.0,-21.0,-8.0,-25.0,-9.0,-28.0,-9.0
4.1645,122.0,-96.0,7.0,0.0,0.0,0.0,0.0,0.0,0.0,0.0,0.0,0.0,15.0,13.0,17.0,15.0,19.0,17.0,20.0,17.0,20.0,17.0,20.0,17.0,18.0,16.0,16.0,14.0,13.0,12.0,9.0,9.0,6.0,7.0,1.0,4.0,-4.0,2.0,-9.0,0.0,-14.0,-1.0,-18.0,-2.0,-22.0,-3.0,-26.0,-3.0,-27.0,-3.0,-29.0,-3.0,-28.0,-2.0,-28.0,-2.0,-25.0,-1.0,-22.0,0.0,-18.0,0.0,-14.0,0.0
4.1791,122.0,-96.0,7.0,0.0,0.0,0.0,0.0,0.0,0.0,0.0,0.0,0.0,-7.0,-21.0,-7.0,-21.0,-7.0,-21.0,-7.0,-21.0,-6.0,-21.0,-6.0,-22.0,-6.0,-22.0,-5.0,-22.0,-5.0,-22.0,-5.0,-22.0,-5.0,-22.0,-6.0,-22.0,-5.0,-22.0,-4.0,-23.0,-4.0,-23.0,-5.0,-23.0,-4.0,-23.0,-4.0,-23.0,-4.0,-23.0,-4.0,-23.0,-4.0,-23.0,-4.0,-22.0,-4.0,-23.0,-4.0,-22.0,-5.0,-22.0,-5.0,-21.0
4.1925,122.0,-96.0,7.0,0.0,0.0,0.0,0.0,0.0,0.0,0.0,0.0,0.0,2.0,3.0,-2.0,6.0,-7.0,9.0,-10.0,13.0,-14.0,16.0,-17.0,19.0,-18.0,22.0,-20.0,24.0,-19.0,25.0,-18.0,25.0,-17.0,23.0,-15.0,22.0,-13.0,19.0,-10.0,15.0,-9.0,10.0,-6.0,5.0,-4.0,-1.0,-4.0,-7.0,-3.0,-13.0,-3.0,-18.0,-4.0,-23.0,-5.0,-26.0,-5.0,-29.0,-7.0,-29.0,-8.0,-30.0,-9.0,-29.0
4.2082,122.0,-96.0,7.0,0.0,0.0,0.0,0.0,0.0,0.0,0.0,0.0,0.0,12.0,-14.0,13.0,-14.0,13.0,-13.0,13.0,-14.0,14.0,-13.0,14.0,-13.0,14.0,-12.0,15.0,-12.0,15.0,-12.0,15.0,-12.0,15.0,-12.0,15.0,-11.0,15.0,-11.0,15.0,-11.0,16.0,-10.0,15.0,-10.0,15.0,-10.0,15.0,-9.0,15.0,-9.0,14.0,-9.0,14.0,-9.0,14.0,-9.0,13.0,-9.0,13.0,-9.0,13.0,-10.0,12.0,-10.0
4.2217,122.0,-96.0,7.0,0.0,0.0,0.0,0.0,0.0,0.0,0.0,0.0,0.0,13.0,12.0,16.0,15.0,18.0,16.0,19.0,17.0,20.0,18.0,20.0,18.0,19.0,17.0,17.0,15.0,14.0,14.0,11.0,11.0,7.0,8.0,3.0,5.0,-2.0,3.0,-7.0,0.0,-12.0,-1.0,-16.0,-3.0,-20.0,-4.0,-24.0,-4.0,-27.0,-4.0,-28.0,-4.0,-28.0,-3.0,-28.0,-3.0,-27.0,-2.0,-23.0,-1.0,-20.0,-1.0,-15.0,-1.0
4.2354,122.0,-96.0,7.0,0.0,0.0,0.0,0.0,0.0,0.0,0.0,0.0,0.0,21.0,-10.0,17.0,-8.0,12.0,-5.0,8.0,-1.0,2.0,3.0,-2.0,7.0,-5.0,12.0,-10.0,16.0,-13.0,20.0,-15.0,24.0,-17.0,27.0,-17.0,29.0,-16.0,31.0,-16.0,31.0,-14.0,29.0,-12.0,26.0,-11.0,23.0,-9.0,17.0,-7.0,12.0,-6.0,6.0,-6.0,0.0,-5.0,-7.0,-6.0,-13.0,-6.0,-19.0,-8.0,-23.0,-10.0,-27.0
4.2493,122.0,-96.0,7.0,0.0,0.0,0.0,0.0,0.0,0.0,0.0,0.0,0.0,4.0,-26.0,4.0,-26.0,4.0,-25.0,3.0,-23.0,4.0,-20.0,3.0,-16.0,3.0,-12.0,3.0,-6.0,3.0,-1.0,4.0,4.0,5.0,9.0,7.0,13.0,8.0,17.0,9.0,21.0,10.0,24.0,10.0,26.0,11.0,26.0,11.0,25.0,11.0,23.0,11.0,21.0,9.0,17.0,7.0,13.0,4.0,10.0,1.0,6.0,-3.0,2.0,-7.0,-1.0
4.2638,122.0,-96.0,7.0,0.0,0.0,0.0,0.0,0.0,0.0,0.0,0.0,0.0,-27.0,-12.0,-26.0,-12.0,-24.0,-11.0,-22.0,-10.0,-18.0,-9.0,-14.0,-7.0,-9.0,-6.0,-3.0,-5.0,3.0,-5.0,9.0,-4.0,14.0,-5.0,18.0,-5.0,23.0,-5.0,27.0,-6.0,30.0,-6.0,31.0,-6.0,30.0,-7.0,29.0,-7.0,27.0,-7.0,23.0,-7.0,19.0,-6.0,15.0,-4.0,10.0,-2.0,5.0,1.0,1.0,4.0,-4.0,7.0
4.2777,122.0,-96.0,7.0,0.0,0.0,0.0,0.0,0.0,0.0,0.0,0.0,0.0,-21.0,-5.0,-24.0,-6.0,-26.0,-7.0,-26.0,-7.0,-27.0,-7.0,-26.0,-7.0,-24.0,-7.0,-22.0,-6.0,-19.0,-6.0,-14.0,-5.0,-9.0,-4.0,-4.0,-4.0,2.0,-4.0,7.0,-4.0,12.0,-6.0,17.0,-6.0,21.0,-7.0,23.0,-8.0,25.0,-9.0,26.0,-10.0,26.0,-11.0,25.0,-11.0,23.0,-10.0,19.0,-10.0,16.0,-8.0,12.0,-6.0
4.2916,122.0,-96.0,7.0,0.0,0.0,0.0,0.0,0.0,0.0,0.0,0.0,0.0,-6.0,17.0,-7.0,17.0,-7.0,17.0,-8.0,17.0,-9.0,17.0,-9.0,17.0,-9.0,16.0,-10.0,16.0,-10.0,16.0,-10.0,16.0,-10.0,16.0,-11.0,15.0,-10.0,15.0,-11.0,15.0,-11.0,14.0,-11.0,14.0,-11.0,14.0,-11.0,13.0,-11.0,13.0,-11.0,13.0,-11.0,13.0,-10.0,13.0,-10.0,13.0,-10.0,13.0,-9.0,13.0,-9.0,13.0
4.3051,122.0,-96.0,7.0,0.0,0.0,0.0,0.0,0.0,0.0,0.0,0.0,0.0,-29.0,-8.0,-28.0,-8.0,-26.0,-7.0,-23.0,-6.0,-19.0,-6.0,-15.0,-5.0,-9.0,-5.0,-3.0,-4.0,2.0,-5.0,8.0,-6.0,13.0,-7.0,17.0,-7.0,22.0,-9.0,25.0,-10.0,28.0,-10.0,29.0,-11.0,29.0,-12.0,28.0,-12.0,25.0,-12.0,22.0,-11.0,18.0,-9.0,14.0,-7.0,10.0,-4.0,5.0,0.0,1.0,4.0,-3.0,8.0
4.3186,122.0,-96.0,7.0,0.0,0.0,0.0,0.0,0.0,0.0,0.0,0.0,0.0,-3.0,20.0,-4.0,23.0,-4.0,25.0,-4.0,26.0,-4.0,27.0,-4.0,26.0,-4.0,24.0,-3.0,21.0,-3.0,18.0,-3.0,13.0,-3.0,8.0,-4.0,3.0,-5.0,-2.0,-6.0,-8.0,-7.0,-12.0,-8.0,-16.0,-10.0,-20.0,-12.0,-23.0,-13.0,-24.0,-14.0,-25.0,-15.0,-24.0,-14.0,-24.0,-14.0,-22.0,-13.0,-19.0,-11.0,-15.0,-8.0,-12.0
4.3347,122.0,-96.0,7.0,0.0,0.0,0.0,0.0,0.0,0.0,0.0,0.0,0.0,1.0,18.0,1.0,18.0,0.0,19.0,0.0,18.0,-1.0,19.0,-1.0,18.0,-1.0,19.0,-2.0,19.0,-2.0,18.0,-2.0,19.0,-3.0,18.0,-3.0,18.0,-3.0,18.0,-4.0,18.0,-4.0,18.0,-4.0,18.0,-4.0,16.0,-4.0,17.0,-4.0,17.0,-3.0,16.0,-4.0,16.0,-3.0,16.0,-3.0,16.0,-3.0,15.0,-3.0,15.0,-2.0,15.0
4.3468,122.0,-96.0,7.0,0.0,0.0,0.0,0.0,0.0,0.0,0.0,0.0,0.0,17.0,-5.0,17.0,-5.0,18.0,-5.0,18.0,-4.0,19.0,-3.0,18.0,-3.0,18.0,-3.0,18.0,-2.0,18.0,-2.0,19.0,-1.0,19.0,-1.0,18.0,-1.0,18.0,-1.0,18.0,0.0,18.0,0.0,18.0,0.0,17.0,1.0,17.0,0.0,17.0,0.0,17.0,0.0,16.0,0.0,16.0,-1.0,16.0,0.0,15.0,0.0,15.0,-1.0,15.0,-1.0
4.3611,122.0,-96.0,7.0,0.0,0.0,0.0,0.0,0.0,0.0,0.0,0.0,0.0,-23.0,-10.0,-23.0,-10.0,-23.0,-10.0,-23.0,-10.0,-23.0,-11.0,-23.0,-12.0,-23.0,-11.0,-23.0,-12.0,-23.0,-12.0,-23.0,-13.0,-23.0,-13.0,-22.0,-13.0,-22.0,-13.0,-23.0,-13.0,-23.0,-14.0,-22.0,-14.0,-22.0,-14.0,-23.0,-15.0,-22.0,-15.0,-22.0,-14.0,-22.0,-15.0,-22.0,-14.0,-22.0,-15.0,-21.0,-14.0,-21.0,-13.0,-21.0,-13.0
4.377,122.0,-96.0,7.0,0.0,0.0,0.0,0.0,0.0,0.0,0.0,0.0,0.0,-5.0,-3.0,-8.0,-7.0,-9.0,-12.0,-11.0,-16.0,-13.0,-21.0,-15.0,-24.0,-16.0,-25.0,-17.0,-27.0,-18.0,-26.0,-18.0,-25.0,-17.0,-22.0,-15.0,-20.0,-13.0,-18.0,-10.0,-14.0,-5.0,-10.0,-1.0,-6.0,4.0,-2.0,9.0,0.0,14.0,3.0,18.0,4.0,23.0,6.0,26.0,5.0,29.0,6.0,29.0,4.0,29.0,4.0,28.0,3.0
4.3911,122.0,-96.0,7.0,0.0,0.0,0.0,0.0,0.0,0.0,0.0,0.0,0.0,-19.0,-6.0,-19.0,-6.0,-19.0,-6.0,-20.0,-6.0,-20.0,-7.0,-20.0,-7.0,-20.0,-8.0,-20.0,-8.0,-20.0,-8.0,-20.0,-8.0,-20.0,-9.0,-20.0,-9.0,-20.0,-9.0,-20.0,-10.0,-20.0,-10.0,-20.0,-10.0,-20.0,-10.0,-20.0,-11.0,-20.0,-11.0,-20.0,-10.0,-20.0,-10.0,-20.0,-10.0,-20.0,-11.0,-19.0,-10.0,-19.0,-10.0,-19.0,-9.0
4.4044,122.0,-96.0,7.0,0.0,0.0,0.0,0.0,0.0,0.0,0.0,0.0,0.0,-4.0,-3.0,-1.0,-8.0,2.0,-12.0,5.0,-16.0,7.0,-21.0,9.0,-25.0,10.0,-27.0,11.0,-29.0,10.0,-30.0,9.0,-30.0,7.0,-28.0,7.0,-26.0,6.0,-23.0,5.0,-18.0,5.0,-12.0,3.0,-7.0,3.0,-1.0,4.0,5.0,5.0,11.0,7.0,16.0,8.0,20.0,10.0,23.0,11.0,26.0,13.0,26.0,14.0,25.0,14.0,25.0
4.4179,122.0,-96.0,7.0,0.0,0.0,0.0,0.0,0.0,0.0,0.0,0.0,0.0,22.0,2.0,22.0,3.0,22.0,3.0,21.0,4.0,23.0,5.0,22.0,5.0,22.0,6.0,22.0,6.0,21.0,6.0,21.0,7.0,21.0,7.0,21.0,7.0,20.0,7.0,20.0,8.0,20.0,8.0,20.0,8.0,19.0,8.0,19.0,8.0,19.0,8.0,19.0,8.0,18.0,8.0,18.0,6.0,18.0,7.0,17.0,7.0,17.0,6.0,17.0,5.0
4.4338,122.0,-96.0,7.0,0.0,0.0,0.0,0.0,0.0,0.0,0.0,0.0,0.0,-4.0,-21.0,-4.0,-21.0,-4.0,-21.0,-4.0,-22.0,-2.0,-22.0,-2.0,-22.0,-2.0,-22.0,-1.0,-22.0,-1.0,-22.0,0.0,-22.0,0.0,-22.0,1.0,-21.0,1.0,-21.0,2.0,-22.0,1.0,-21.0,1.0,-21.0,2.0,-20.0,2.0,-20.0,2.0,-20.0,1.0,-19.0,1.0,-19.0,1.0,-19.0,1.0,-19.0,1.0,-18.0,1.0,-18.0,0.0,-18.0
4.447,122.0,-96.0,7.0,0.0,0.0,0.0,0.0,0.0,0.0,0.0,0.0,0.0,17.0,4.0,17.0,5.0,17.0,5.0,18.0,6.0,18.0,6.0,17.0,6.0,17.0,7.0,17.0,7.0,17.0,7.0,16.0,8.0,16.0,8.0,16.0,8.0,16.0,8.0,16.0,9.0,15.0,9.0,15.0,8.0,15.0,9.0,15.0,9.0,14.0,9.0,14.0,8.0,14.0,8.0,14.0,7.0,13.0,7.0,13.0,8.0,13.0,7.0,13.0,7.0
4.4606,122.0,-96.0,7.0,0.0,0.0,0.0,0.0,0.0,0.0,0.0,0.0,0.0,5.0,18.0,5.0,21.0,5.0,23.0,6.0,25.0,6.0,26.0,6.0,26.0,6.0,25.0,6.0,22.0,4.0,20.0,3.0,15.0,1.0,11.0,-1.0,6.0,-4.0,2.0,-6.0,-3.0,-10.0,-8.0,-12.0,-11.0,-16.0,-14.0,-18.0,-17.0,-20.0,-18.0,-21.0,-19.0,-22.0,-18.0,-22.0,-18.0,-21.0,-16.0,-19.0,-14.0,-16.0,-12.0,-12.0,-9.0
4.4777,122.0,-96.0,7.0,0.0,0.0,0.0,0.0,0.0,0.0,0.0,0.0,0.0,-17.0,-11.0,-17.0,-12.0,-17.0,-12.0,-17.0,-12.0,-17.0,-13.0,-16.0,-13.0,-16.0,-13.0,-15.0,-14.0,-15.0,-14.0,-15.0,-14.0,-14.0,-15.0,-14.0,-15.0,-14.0,-15.0,-14.0,-15.0,-13.0,-15.0,-13.0,-15.0,-13.0,-14.0,-13.0,-15.0,-12.0,-15.0,-13.0,-14.0,-12.0,-14.0,-12.0,-13.0,-12.0,-14.0,-12.0,-13.0,-12.0,-13.0,-12.0,-12.0
4.493,122.0,-96.0,7.0,0.0,0.0,0.0,0.0,0.0,0.0,0.0,0.0,0.0,17.0,11.0,13.0,9.0,9.0,7.0,4.0,5.0,-1.0,3.0,-7.0,2.0,-12.0,2.0,-18.0,1.0,-22.0,0.0,-26.0,1.0,-29.0,0.0,-31.0,1.0,-32.0,2.0,-31.0,2.0,-29.0,3.0,-26.0,4.0,-23.0,3.0,-18.0,2.0,-13.0,0.0,-8.0,-1.0,-3.0,-4.0,2.0,-7.0,7.0,-10.0,12.0,-14.0,14.0,-17.0,16.0,-20.0
4.5057,122.0,-96.0,7.0,0.0,0.0,0.0,0.0,0.0,0.0,0.0,0.0,0.0,-1.0,-5.0,4.0,-7.0,10.0,-8.0,16.0,-10.0,20.0,-12.0,25.0,-14.0,27.0,-16.0,30.0,-17.0,29.0,-18.0,29.0,-18.0,26.0,-18.0,24.0,-17.0,21.0,-14.0,17.0,-11.0,12.0,-7.0,8.0,-3.0,3.0,3.0,-1.0,8.0,-4.0,13.0,-6.0,18.0,-8.0,24.0,-9.0,27.0,-10.0,30.0,-8.0,31.0,-8.0,32.0,-7.0,32.0
4.5196,122.0,-96.0,7.0,0.0,0.0,0.0,0.0,0.0,0.0,0.0,0.0,0.0,25.0,-5.0,24.0,-5.0,23.0,-4.0,20.0,-4.0,17.0,-3.0,13.0,-1.0,9.0,0.0,3.0,2.0,-1.0,4.0,-6.0,7.0,-10.0,9.0,-13.0,11.0,-16.0,14.0,-19.0,16.0,-21.0,17.0,-22.0,18.0,-21.0,19.0,-20.0,18.0,-18.0,17.0,-16.0,15.0,-13.0,12.0,-10.0,9.0,-8.0,5.0,-5.0,1.0,-3.0,-4.0,-1.0,-8.0
4.5346,122.0,-96.0,7.0,0.0,0.0,0.0,0.0,0.0,0.0,0.0,0.0,0.0,-14.0,21.0,-14.0,22.0,-14.0,21.0,-12.0,19.0,-11.0,16.0,-10.0,13.0,-8.0,8.0,-6.0,3.0,-4.0,-1.0,-3.0,-7.0,-2.0,-11.0,-2.0,-16.0,-1.0,-20.0,-1.0,-24.0,0.0,-27.0,-1.0,-28.0,-1.0,-29.0,-2.0,-29.0,-2.0,-27.0,-2.0,-24.0,-2.0,-20.0,-2.0,-16.0,0.0,-12.0,1.0,-7.0,3.0,-2.0,5.0,3.0
4.5483,122.0,-96.0,7.0,0.0,0.0,0.0,0.0,0.0,0.0,0.0,0.0,0.0,-18.0,5.0,-18.0,5.0,-19.0,4.0,-19.0,4.0,-19.0,3.0,-19.0,3.0,-19.0,3.0,-19.0,2.0,-19.0,2.0,-19.0,2.0,-19.0,2.0,-19.0,1.0,-19.0,1.0,-19.0,1.0,-19.0,0.0,-19.0,0.0,-18.0,0.0,-18.0,0.0,-18.0,0.0,-17.0,0.0,-17.0,0.0,-17.0,0.0,-16.0,1.0,-16.0,1.0,-16.0,1.0,-16.0,1.0
4.5623,122.0,-96.0,7.0,0.0,0.0,0.0,0.0,0.0,0.0,0.0,0.0,0.0,18.0,-9.0,23.0,-10.0,25.0,-11.0,27.0,-12.0,27.0,-12.0,28.0,-12.0,26.0,-12.0,23.0,-11.0,21.0,-9.0,16.0,-7.0,12.0,-4.0,7.0,-1.0,3.0,3.0,-3.0,6.0,-6.0,11.0,-10.0,14.0,-13.0,19.0,-15.0,21.0,-16.0,24.0,-17.0,26.0,-16.0,27.0,-16.0,26.0,-14.0,25.0,-11.0,22.0,-10.0,18.0,-8.0,14.0
4.5782,122.0,-96.0,7.0,0.0,0.0,0.0,0.0,0.0,0.0,0.0,0.0,0.0,1.0,18.0,1.0,18.0,0.0,18.0,0.0,18.0,-1.0,18.0,-1.0,18.0,-1.0,18.0,-2.0,19.0,-2.0,18.0,-3.0,18.0,-3.0,18.0,-3.0,18.0,-3.0,17.0,-4.0,18.0,-4.0,17.0,-4.0,17.0,-4.0,17.0,-4.0,17.0,-4.0,16.0,-3.0,16.0,-4.0,16.0,-3.0,15.0,-3.0,15.0,-3.0,15.0,-3.0,15.0,-3.0,15.0
4.5917,122.0,-96.0,7.0,0.0,0.0,0.0,0.0,0.0,0.0,0.0,0.0,0.0,2.0,18.0,3.0,22.0,3.0,24.0,3.0,26.0,3.0,27.0,4.0,27.0,3.0,25.0,3.0,23.0,2.0,20.0,1.0,15.0,0.0,11.0,-2.0,6.0,-4.0,1.0,-6.0,-4.0,-9.0,-8.0,-11.0,-12.0,-14.0,-16.0,-16.0,-18.0,-18.0,-20.0,-19.0,-21.0,-20.0,-21.0,-20.0,-21.0,-19.0,-18.0,-17.0,-16.0,-15.0,-13.0,-12.0,-10.0
4.601,122.0,-96.0,7.0,0.0,0.0,0.0,0.0,0.0,0.0,0.0,0.0,0.0,17.0,13.0,17.0,14.0,17.0,14.0,17.0,14.0,17.0,15.0,17.0,16.0,17.0,15.0,17.0,16.0,17.0,16.0,17.0,17.0,17.0,17.0,17.0,16.0,16.0,17.0,16.0,17.0,16.0,18.0,16.0,17.0,16.0,18.0,16.0,19.0,16.0,19.0,16.0,18.0,16.0,18.0,15.0,17.0,16.0,19.0,15.0,18.0,15.0,17.0,15.0,17.0
4.6148,122.0,-96.0,7.0,0.0,0.0,0.0,0.0,0.0,0.0,0.0,0.0,0.0,-12.0,-21.0,-13.0,-24.0,-14.0,-26.0,-15.0,-27.0,-15.0,-27.0,-15.0,-27.0,-13.0,-25.0,-12.0,-22.0,-10.0,-19.0,-7.0,-14.0,-4.0,-10.0,0.0,-6.0,4.0,-2.0,9.0,3.0,13.0,6.0,17.0,9.0,21.0,12.0,24.0,13.0,26.0,14.0,28.0,14.0,27.0,13.0,27.0,12.0,25.0,11.0,22.0,9.0,18.0,7.0,13.0,5.0
4.6287,122.0,-96.0,7.0,0.0,0.0,0.0,0.0,0.0,0.0,0.0,0.0,0.0,16.0,19.0,16.0,19.0,14.0,18.0,13.0,16.0,10.0,13.0,7.0,11.0,4.0,8.0,-1.0,4.0,-5.0,1.0,-9.0,-1.0,-13.0,-3.0,-17.0,-5.0,-21.0,-7.0,-24.0,-8.0,-27.0,-9.0,-28.0,-9.0,-28.0,-8.0,-27.0,-8.0,-25.0,-7.0,-22.0,-6.0,-18.0,-4.0,-14.0,-4.0,-9.0,-4.0,-4.0,-4.0,1.0,-4.0,6.0,-5.0
4.6428,122.0,-96.0,7.0,0.0,0.0,0.0,0.0,0.0,0.0,0.0,0.0,0.0,-4.0,-5.0,-3.0,-11.0,-3.0,-16.0,-2.0,-22.0,-2.0,-26.0,-2.0,-31.0,-3.0,-33.0,-3.0,-35.0,-4.0,-35.0,-4.0,-33.0,-5.0,-31.0,-5.0,-27.0,-4.0,-24.0,-3.0,-18.0,0.0,-13.0,2.0,-6.0,5.0,0.0,8.0,5.0,12.0,11.0,15.0,14.0,19.0,18.0,22.0,19.0,24.0,21.0,26.0,20.0,26.0,19.0,26.0,18.0
4.6566,122.0,-96.0,7.0,0.0,0.0,0.0,0.0,0.0,0.0,0.0,0.0,0.0,2.0,-23.0,2.0,-23.0,3.0,-23.0,3.0,-23.0,4.0,-23.0,5.0,-23.0,6.0,-22.0,6.0,-23.0,6.0,-22.0,6.0,-22.0,6.0,-22.0,7.0,-22.0,7.0,-21.0,7.0,-22.0,8.0,-21.0,8.0,-20.0,8.0,-20.0,8.0,-19.0,8.0,-19.0,8.0,-19.0,8.0,-19.0,7.0,-19.0,7.0,-18.0,6.0,-18.0,6.0,-18.0,5.0,-18.0
4.6706,122.0,-96.0,7.0,0.0,0.0,0.0,0.0,0.0,0.0,0.0,0.0,0.0,-6.0,17.0,-6.0,18.0,-7.0,18.0,-7.0,17.0,-8.0,18.0,-8.0,17.0,-8.0,17.0,-9.0,17.0,-9.0,16.0,-10.0,16.0,-10.0,17.0,-10.0,16.0,-10.0,16.0,-10.0,16.0,-11.0,15.0,-10.0,15.0,-10.0,15.0,-10.0,14.0,-10.0,14.0,-10.0,14.0,-10.0,14.0,-9.0,13.0,-9.0,13.0,-9.0,13.0,-9.0,13.0,-8.0,13.0
4.6837,122.0,-96.0,7.0,0.0,0.0,0.0,0.0,0.0,0.0,0.0,0.0,0.0,11.0,13.0,11.0,14.0,11.0,14.0,11.0,15.0,10.0,15.0,10.0,15.0,10.0,15.0,9.0,16.0,8.0,16.0,8.0,16.0,8.0,16.0,8.0,16.0,7.0,16.0,7.0,16.0,7.0,17.0,6.0,16.0,7.0,16.0,6.0,16.0,6.0,16.0,6.0,15.0,6.0,15.0,6.0,14.0,6.0,14.0,6.0,14.0,6.0,14.0,6.0,13.0
4.6988,122.0,-96.0,7.0,0.0,0.0,0.0,0.0,0.0,0.0,0.0,0.0,0.0,16.0,7.0,12.0,6.0,7.0,5.0,2.0,4.0,-4.0,3.0,-10.0,3.0,-14.0,4.0,-20.0,4.0,-24.0,4.0,-27.0,5.0,-30.0,5.0,-31.0,6.0,-31.0,7.0,-30.0,7.0,-28.0,7.0,-24.0,7.0,-20.0,6.0,-16.0,3.0,-11.0,1.0,-6.0,-2.0,-2.0,-6.0,3.0,-9.0,7.0,-13.0,11.0,-17.0,12.0,-20.0,13.0,-23.0
4.7123,122.0,-96.0,7.0,0.0,0.0,0.0,0.0,0.0,0.0,0.0,0.0,0.0,-21.0,1.0,-22.0,1.0,-22.0,0.0,-22.0,0.0,-22.0,-1.0,-22.0,-1.0,-22.0,-2.0,-22.0,-3.0,-22.0,-3.0,-22.0,-3.0,-22.0,-3.0,-22.0,-4.0,-21.0,-4.0,-21.0,-4.0,-21.0,-5.0,-21.0,-5.0,-20.0,-5.0,-20.0,-5.0,-20.0,-5.0,-19.0,-5.0,-19.0,-5.0,-19.0,-5.0,-19.0,-4.0,-18.0,-4.0,-18.0,-4.0,-18.0,-3.0
4.7257,122.0,-96.0,7.0,0.0,0.0,0.0,0.0,0.0,0.0,0.0,0.0,0.0,23.0,3.0,18.0,2.0,12.0,2.0,6.0,3.0,0.0,4.0,-6.0,5.0,-11.0,8.0,-17.0,9.0,-22.0,11.0,-26.0,14.0,-29.0,15.0,-30.0,16.0,-30.0,18.0,-30.0,18.0,-28.0,18.0,-24.0,16.0,-21.0,14.0,-17.0,11.0,-13.0,7.0,-8.0,2.0,-5.0,-3.0,-1.0,-9.0,2.0,-14.0,4.0,-20.0,5.0,-24.0,5.0,-28.0
4.7391,122.0,-96.0,7.0,0.0,0.0,0.0,0.0,0.0,0.0,0.0,0.0,0.0,0.0,-7.0,8.0,-7.0,16.0,-7.0,23.0,-8.0,31.0,-9.0,36.0,-10.0,40.0,-12.0,43.0,-13.0,43.0,-15.0,43.0,-15.0,40.0,-15.0,36.0,-14.0,31.0,-12.0,25.0,-9.0,18.0,-5.0,10.0,-1.0,3.0,5.0,-2.0,10.0,-9.0,16.0,-13.0,22.0,-17.0,28.0,-18.0,33.0,-21.0,37.0,-19.0,39.0,-18.0,40.0,-17.0,40.0
4.7533,122.0,-96.0,7.0,0.0,0.0,0.0,0.0,0.0,0.0,0.0,0.0,0.0,21.0,5.0,21.0,5.0,21.0,6.0,21.0,6.0,21.0,8.0,21.0,8.0,21.0,8.0,21.0,9.0,20.0,9.0,20.0,9.0,20.0,10.0,19.0,10.0,19.0,10.0,19.0,11.0,19.0,11.0,18.0,10.0,18.0,11.0,18.0,11.0,17.0,10.0,17.0,10.0,17.0,10.0,16.0,9.0,16.0,10.0,16.0,10.0,16.0,9.0,16.0,8.0
4.7674,122.0,-96.0,7.0,0.0,0.0,0.0,0.0,0.0,0.0,0.0,0.0,0.0,12.0,-15.0,12.0,-15.0,12.0,-14.0,12.0,-15.0,13.0,-15.0,13.0,-15.0,13.0,-14.0,14.0,-14.0,14.0,-14.0,14.0,-14.0,14.0,-14.0,15.0,-14.0,14.0,-14.0,15.0,-14.0,16.0,-14.0,15.0,-13.0,15.0,-13.0,16.0,-13.0,16.0,-13.0,15.0,-13.0,15.0,-13.0,15.0,-13.0,16.0,-13.0,15.0,-12.0,15.0,-13.0,14.0,-13.0
4.7818,122.0,-96.0,7.0,0.0,0.0,0.0,0.0,0.0,0.0,0.0,0.0,0.0,0.0,21.0,0.0,16.0,-1.0,11.0,-2.0,6.0,-4.0,1.0,-6.0,-5.0,-9.0,-9.0,-11.0,-14.0,-14.0,-18.0,-16.0,-21.0,-18.0,-24.0,-20.0,-24.0,-21.0,-25.0,-21.0,-24.0,-20.0,-22.0,-19.0,-19.0,-16.0,-17.0,-13.0,-14.0,-8.0,-10.0,-4.0,-7.0,1.0,-5.0,7.0,-2.0,12.0,0.0,17.0,1.0,21.0,1.0,25.0,1.0
4.7955,122.0,-96.0,7.0,0.0,0.0,0.0,0.0,0.0,0.0,0.0,0.0,0.0,-15.0,9.0,-15.0,9.0,-15.0,9.0,-15.0,9.0,-16.0,9.0,-16.0,9.0,-16.0,9.0,-17.0,9.0,-17.0,9.0,-17.0,8.0,-17.0,8.0,-17.0,8.0,-17.0,8.0,-18.0,8.0,-18.0,8.0,-18.0,8.0,-18.0,8.0,-18.0,8.0,-18.0,8.0,-18.0,8.0,-18.0,8.0,-18.0,8.0,-18.0,8.0,-18.0,8.0,-17.0,8.0,-17.0,8.0
4.812,122.0,-96.0,7.0,0.0,0.0,0.0,0.0,0.0,0.0,0.0,0.0,0.0,-19.0,-13.0,-18.0,-14.0,-18.0,-14.0,-18.0,-15.0,-18.0,-15.0,-17.0,-16.0,-17.0,-16.0,-16.0,-17.0,-16.0,-17.0,-16.0,-17.0,-16.0,-17.0,-15.0,-18.0,-15.0,-17.0,-15.0,-18.0,-14.0,-18.0,-14.0,-17.0,-14.0,-17.0,-14.0,-17.0,-13.0,-17.0,-13.0,-16.0,-13.0,-16.0,-13.0,-16.0,-13.0,-16.0,-13.0,-15.0,-13.0,-14.0,-13.0,-14.0
4.8269,122.0,-96.0,7.0,0.0,0.0,0.0,0.0,0.0,0.0,0.0,0.0,0.0,-13.0,-20.0,-14.0,-23.0,-15.0,-25.0,-15.0,-26.0,-16.0,-27.0,-15.0,-26.0,-14.0,-25.0,-13.0,-21.0,-10.0,-19.0,-7.0,-14.0,-4.0,-10.0,0.0,-6.0,4.0,-2.0,9.0,2.0,13.0,6.0,17.0,9.0,21.0,11.0,24.0,12.0,26.0,13.0,28.0,13.0,28.0,12.0,28.0,11.0,26.0,10.0,22.0,8.0,18.0,6.0,13.0,5.0
4.8413,122.0,-96.0,7.0,0.0,0.0,0.0,0.0,0.0,0.0,0.0,0.0,0.0,24.0,-7.0,24.0,-7.0,22.0,-7.0,20.0,-6.0,17.0,-5.0,13.0,-3.0,9.0,-1.0,3.0,1.0,-1.0,4.0,-5.0,7.0,-8.0,10.0,-12.0,13.0,-14.0,16.0,-17.0,18.0,-19.0,20.0,-19.0,21.0,-19.0,21.0,-18.0,21.0,-16.0,20.0,-14.0,17.0,-11.0,14.0,-9.0,10.0,-7.0,6.0,-5.0,1.0,-3.0,-4.0,-2.0,-8.0
4.8553,122.0,-96.0,7.0,0.0,0.0,0.0,0.0,0.0,0.0,0.0,0.0,0.0,3.0,-5.0,8.0,-6.0,13.0,-6.0,18.0,-7.0,22.0,-8.0,25.0,-9.0,27.0,-10.0,29.0,-11.0,29.0,-12.0,27.0,-12.0,25.0,-11.0,22.0,-10.0,19.0,-8.0,14.0,-6.0,10.0,-3.0,5.0,0.0,1.0,4.0,-3.0,9.0,-7.0,13.0,-10.0,17.0,-12.0,21.0,-13.0,24.0,-14.0,26.0,-12.0,27.0,-12.0,27.0,-11.0,27.0
4.8696,122.0,-96.0,7.0,0.0,0.0,0.0,0.0,0.0,0.0,0.0,0.0,0.0,-22.0,2.0,-23.0,2.0,-22.0,1.0,-23.0,1.0,-23.0,-1.0,-24.0,-1.0,-23.0,-2.0,-23.0,-2.0,-22.0,-2.0,-22.0,-2.0,-23.0,-3.0,-22.0,-3.0,-22.0,-3.0,-22.0,-4.0,-22.0,-4.0,-21.0,-4.0,-21.0,-4.0,-21.0,-4.0,-21.0,-4.0,-20.0,-4.0,-20.0,-4.0,-19.0,-4.0,-19.0,-4.0,-19.0,-3.0,-19.0,-3.0,-19.0,-2.0
4.8836,122.0,-96.0,7.0,0.0,0.0,0.0,0.0,0.0,0.0,0.0,0.0,0.0,-18.0,7.0,-18.0,6.0,-19.0,7.0,-19.0,6.0,-19.0,6.0,-19.0,5.0,-19.0,5.0,-20.0,4.0,-19.0,4.0,-20.0,4.0,-20.0,3.0,-20.0,3.0,-19.0,3.0,-20.0,2.0,-19.0,2.0,-19.0,2.0,-19.0,2.0,-19.0,2.0,-18.0,1.0,-18.0,2.0,-18.0,2.0,-17.0,2.0,-18.0,2.0,-17.0,2.0,-16.0,2.0,-16.0,3.0
4.8985,122.0,-96.0,7.0,0.0,0.0,0.0,0.0,0.0,0.0,0.0,0.0,0.0,4.0,28.0,4.0,28.0,3.0,25.0,3.0,23.0,1.0,19.0,1.0,14.0,-1.0,9.0,-3.0,4.0,-5.0,-1.0,-8.0,-6.0,-11.0,-11.0,-14.0,-15.0,-16.0,-18.0,-19.0,-21.0,-20.0,-23.0,-22.0,-24.0,-22.0,-23.0,-22.0,-22.0,-20.0,-20.0,-18.0,-17.0,-15.0,-15.0,-11.0,-12.0,-7.0,-9.0,-2.0,-6.0,3.0,-4.0,8.0,-2.0
4.9125,122.0,-96.0,7.0,0.0,0.0,0.0,0.0,0.0,0.0,0.0,0.0,0.0,-9.0,20.0,-10.0,20.0,-10.0,19.0,-11.0,19.0,-12.0,19.0,-12.0,19.0,-13.0,19.0,-13.0,18.0,-13.0,17.0,-14.0,18.0,-14.0,17.0,-14.0,17.0,-14.0,17.0,-14.0,17.0,-15.0,16.0,-15.0,16.0,-15.0,16.0,-14.0,15.0,-15.0,15.0,-14.0,15.0,-14.0,14.0,-13.0,14.0,-13.0,14.0,-13.0,14.0,-12.0,14.0,-12.0,14.0
4.9264,122.0,-96.0,7.0,0.0,0.0,0.0,0.0,0.0,0.0,0.0,0.0,0.0,-3.0,-4.0,1.0,-7.0,5.0,-10.0,9.0,-13.0,12.0,-18.0,16.0,-21.0,17.0,-23.0,19.0,-25.0,18.0,-26.0,17.0,-26.0,15.0,-25.0,14.0,-23.0,13.0,-19.0,10.0,-16.0,8.0,-11.0,5.0,-6.0,3.0,1.0,3.0,6.0,2.0,12.0,2.0,17.0,2.0,22.0,4.0,25.0,4.0,28.0,6.0,28.0,7.0,29.0,7.0,28.0
4.9407,122.0,-96.0,7.0,0.0,0.0,0.0,0.0,0.0,0.0,0.0,0.0,0.0,-5.0,-1.0,-4.0,-7.0,-4.0,-13.0,-3.0,-19.0,-3.0,-24.0,-4.0,-29.0,-4.0,-32.0,-4.0,-35.0,-6.0,-35.0,-6.0,-34.0,-7.0,-32.0,-6.0,-29.0,-5.0,-26.0,-5.0,-21.0,-2.0,-15.0,0.0,-9.0,3.0,-3.0,7.0,2.0,11.0,8.0,15.0,12.0,19.0,16.0,22.0,17.0,25.0,19.0,26.0,18.0,27.0,18.0,27.0,17.0
4.9538,122.0,-96.0,7.0,0.0,0.0,0.0,0.0,0.0,0.0,0.0,0.0,0.0,4.0,-23.0,4.0,-17.0,4.0,-11.0,4.0,-4.0,5.0,3.0,6.0,10.0,9.0,16.0,10.0,22.0,12.0,27.0,14.0,31.0,15.0,34.0,17.0,34.0,18.0,34.0,18.0,33.0,17.0,30.0,16.0,25.0,13.0,22.0,9.0,16.0,5.0,12.0,0.0,6.0,-6.0,2.0,-12.0,-2.0,-18.0,-5.0,-24.0,-9.0,-28.0,-9.0,-32.0,-9.0
4.967,122.0,-96.0,7.0,0.0,0.0,0.0,0.0,0.0,0.0,0.0,0.0,0.0,13.0,16.0,13.0,17.0,13.0,17.0,13.0,18.0,12.0,18.0,12.0,19.0,11.0,19.0,10.0,19.0,10.0,19.0,10.0,20.0,9.0,19.0,9.0,19.0,9.0,19.0,9.0,19.0,8.0,20.0,8.0,19.0,8.0,19.0,8.0,19.0,7.0,19.0,7.0,18.0,7.0,18.0,7.0,17.0,7.0,17.0,8.0,17.0,8.0,16.0,8.0,16.0
4.9805,122.0,-96.0,7.0,0.0,0.0,0.0,0.0,0.0,0.0,0.0,0.0,0.0,20.0,-1.0,24.0,-1.0,27.0,-1.0,29.0,-1.0,30.0,-1.0,30.0,-1.0,29.0,0.0,26.0,0.0,23.0,0.0,17.0,0.0,12.0,0.0,7.0,2.0,1.0,3.0,-5.0,5.0,-11.0,7.0,-15.0,10.0,-20.0,12.0,-22.0,14.0,-25.0,16.0,-26.0,17.0,-26.0,18.0,-25.0,18.0,-23.0,18.0,-19.0,16.0,-16.0,14.0,-13.0,11.0
4.9975,122.0,-96.0,7.0,0.0,0.0,0.0,0.0,0.0,0.0,0.0,0.0,0.0,-7.0,-17.0,-7.0,-18.0,-7.0,-18.0,-7.0,-18.0,-6.0,-18.0,-5.0,-19.0,-5.0,-19.0,-5.0,-19.0,-4.0,-19.0,-4.0,-19.0,-4.0,-19.0,-3.0,-19.0,-3.0,-18.0,-3.0,-19.0,-3.0,-19.0,-3.0,-18.0,-2.0,-18.0,-2.0,-18.0,-2.0,-18.0,-2.0,-17.0,-3.0,-17.0,-3.0,-17.0,-2.0,-16.0,-3.0,-16.0,-3.0,-16.0,-3.0,-16.0
5.013,122.0,-96.0,7.0,0.0,0.0,0.0,0.0,0.0,0.0,0.0,0.0,0.0,9.0,24.0,7.0,19.0,4.0,13.0,0.0,9.0,-4.0,3.0,-9.0,-3.0,-14.0,-7.0,-19.0,-12.0,-23.0,-16.0,-28.0,-18.0,-31.0,-21.0,-33.0,-21.0,-34.0,-20.0,-34.0,-20.0,-33.0,-18.0,-29.0,-15.0,-25.0,-13.0,-20.0,-11.0,-14.0,-9.0,-7.0,-7.0,0.0,-6.0,7.0,-6.0,15.0,-5.0,21.0,-6.0,26.0,-7.0,30.0,-9.0
