time,sc_0,sc_1,sc_2,sc_3,sc_4,sc_5,sc_6,sc_7,sc_8,sc_9,sc_10,sc_11,sc_12,sc_13,sc_14,sc_15,sc_16,sc_17,sc_18,sc_19,sc_20,sc_21,sc_22,sc_23,sc_24,sc_25,sc_26,sc_27,sc_28,sc_29,sc_30,sc_31,sc_32,sc_33,sc_34,sc_35,sc_36,sc_37,sc_38,sc_39,sc_40,sc_41,sc_42,sc_43,sc_44,sc_45,sc_46,sc_47,sc_48,sc_49,sc_50,sc_51,sc_52,sc_53,sc_54,sc_55,sc_56,sc_57,sc_58,sc_59,sc_60,sc_61,sc_62,sc_63
0.0134,122.0,-96.0,7.0,0.0,0.0,0.0,0.0,0.0,0.0,0.0,0.0,0.0,6.0,-15.0,6.0,-15.0,7.0,-15.0,7.0,-15.0,7.0,-15.0,8.0,-15.0,9.0,-14.0,9.0,-14.0,9.0,-14.0,9.0,-14.0,9.0,-14.0,9.0,-13.0,9.0,-13.0,10.0,-13.0,10.0,-12.0,10.0,-12.0,10.0,-12.0,10.0,-12.0,10.0,-12.0,9.0,-12.0,9.0,-11.0,9.0,-11.0,9.0,-11.0,8.0,-11.0,8.0,-11.0,8.0,-11.0
0.0238,122.0,-96.0,7.0,0.0,0.0,0.0,0.0,0.0,0.0,0.0,0.0,0.0,-4.0,-24.0,-4.0,-28.0,-4.0,-31.0,-4.0,-33.0,-5.0,-35.0,-4.0,-34.0,-5.0,-33.0,-4.0,-29.0,-3.0,-26.0,-2.0,-20.0,-1.0,-14.0,1.0,-8.0,3.0,-2.0,6.0,5.0,9.0,10.0,11.0,15.0,15.0,20.0,18.0,23.0,19.0,25.0,21.0,26.0,22.0,26.0,22.0,25.0,21.0,23.0,19.0,19.0,16.0,16.0,12.0,13.0
0.0343,122.0,-96.0,7.0,0.0,0.0,0.0,0.0,0.0,0.0,0.0,0.0,0.0,-9.0,16.0,-7.0,12.0,-6.0,6.0,-4.0,1.0,-4.0,-4.0,-3.0,-10.0,-4.0,-15.0,-3.0,-21.0,-3.0,-25.0,-4.0,-28.0,-4.0,-30.0,-5.0,-32.0,-6.0,-32.0,-6.0,-31.0,-6.0,-28.0,-6.0,-24.0,-5.0,-20.0,-4.0,-16.0,-1.0,-11.0,1.0,-5.0,5.0,-1.0,7.0,4.0,11.0,8.0,14.0,12.0,17.0,14.0,20.0,16.0
0.0602,122.0,-96.0,7.0,0.0,0.0,0.0,0.0,0.0,0.0,0.0,0.0,0.0,-1.0,-6.0,3.0,-9.0,6.0,-12.0,9.0,-16.0,11.0,-18.0,13.0,-22.0,14.0,-23.0,15.0,-25.0,14.0,-25.0,13.0,-24.0,11.0,-22.0,10.0,-20.0,9.0,-17.0,6.0,-13.0,5.0,-8.0,4.0,-3.0,2.0,3.0,2.0,7.0,2.0,13.0,2.0,17.0,3.0,21.0,4.0,23.0,5.0,25.0,7.0,25.0,7.0,25.0,7.0,24.0
0.0754,122.0,-96.0,7.0,0.0,0.0,0.0,0.0,0.0,0.0,0.0,0.0,0.0,15.0,9.0,11.0,7.0,6.0,5.0,1.0,4.0,-5.0,2.0,-10.0,1.0,-15.0,2.0,-21.0,1.0,-25.0,1.0,-28.0,1.0,-31.0,1.0,-32.0,2.0,-32.0,3.0,-31.0,3.0,-28.0,3.0,-24.0,4.0,-20.0,3.0,-16.0,2.0,-10.0,0.0,-5.0,-2.0,-1.0,-6.0,4.0,-8.0,9.0,-12.0,13.0,-15.0,15.0,-18.0,16.0,-21.0
0.089,122.0,-96.0,7.0,0.0,0.0,0.0,0.0,0.0,0.0,0.0,0.0,0.0,-7.0,16.0,-8.0,16.0,-8.0,16.0,-9.0,16.0,-9.0,16.0,-10.0,15.0,-10.0,15.0,-10.0,15.0,-11.0,15.0,-11.0,15.0,-11.0,14.0,-11.0,15.0,-11.0,14.0,-11.0,14.0,-11.0,13.0,-12.0,13.0,-12.0,13.0,-11.0,13.0,-11.0,12.0,-11.0,13.0,-11.0,12.0,-10.0,12.0,-10.0,12.0,-10.0,12.0,-10.0,12.0,-9.0,12.0
0.1036,122.0,-96.0,7.0,0.0,0.0,0.0,0.0,0.0,0.0,0.0,0.0,0.0,-5.0,-1.0,-5.0,-6.0,-5.0,-12.0,-6.0,-17.0,-7.0,-21.0,-8.0,-26.0,-9.0,-28.0,-10.0,-30.0,-10.0,-30.0,-11.0,-30.0,-11.0,-27.0,-10.0,-25.0,-8.0,-22.0,-7.0,-17.0,-4.0,-13.0,-2.0,-8.0,2.0,-3.0,6.0,1.0,11.0,6.0,15.0,9.0,19.0,11.0,22.0,12.0,25.0,14.0,26.0,13.0,26.0,12.0,26.0,12.0
0.1173,122.0,-96.0,7.0,0.0,0.0,0.0,0.0,0.0,0.0,0.0,0.0,0.0,15.0,-3.0,16.0,-3.0,15.0,-3.0,16.0,-3.0,16.0,-2.0,16.0,-2.0,16.0,-1.0,16.0,-1.0,16.0,0.0,16.0,0.0,16.0,0.0,16.0,0.0,16.0,1.0,16.0,1.0,16.0,1.0,15.0,1.0,15.0,1.0,15.0,1.0,15.0,1.0,15.0,1.0,14.0,1.0,14.0,0.0,13.0,1.0,13.0,1.0,13.0,1.0,13.0,0.0
0.1314,122.0,-96.0,7.0,0.0,0.0,0.0,0.0,0.0,0.0,0.0,0.0,0.0,-8.0,17.0,-10.0,20.0,-11.0,22.0,-12.0,23.0,-12.0,24.0,-12.0,25.0,-11.0,23.0,-10.0,21.0,-9.0,18.0,-8.0,14.0,-6.0,10.0,-5.0,4.0,-4.0,-1.0,-3.0,-6.0,-3.0,-12.0,-3.0,-16.0,-3.0,-21.0,-4.0,-24.0,-5.0,-26.0,-5.0,-28.0,-6.0,-28.0,-6.0,-28.0,-7.0,-25.0,-6.0,-22.0,-6.0,-18.0,-4.0,-15.0
0.1478,122.0,-96.0,7.0,0.0,0.0,0.0,0.0,0.0,0.0,0.0,0.0,0.0,-20.0,-11.0,-19.0,-12.0,-20.0,-12.0,-19.0,-13.0,-19.0,-14.0,-19.0,-14.0,-18.0,-15.0,-18.0,-16.0,-17.0,-16.0,-17.0,-16.0,-18.0,-16.0,-17.0,-15.0,-17.0,-16.0,-17.0,-17.0,-16.0,-17.0,-16.0,-17.0,-15.0,-16.0,-15.0,-17.0,-14.0,-17.0,-14.0,-16.0,-14.0,-16.0,-14.0,-15.0,-14.0,-15.0,-14.0,-15.0,-14.0,-14.0,-14.0,-13.0
0.1625,122.0,-96.0,7.0,0.0,0.0,0.0,0.0,0.0,0.0,0.0,0.0,0.0,-22.0,9.0,-18.0,7.0,-13.0,3.0,-8.0,0.0,-3.0,-4.0,2.0,-8.0,5.0,-13.0,9.0,-17.0,13.0,-21.0,15.0,-25.0,17.0,-28.0,17.0,-30.0,16.0,-31.0,16.0,-31.0,14.0,-29.0,12.0,-26.0,10.0,-23.0,8.0,-18.0,7.0,-12.0,5.0,-7.0,4.0,0.0,4.0,6.0,4.0,13.0,4.0,19.0,5.0,23.0,7.0,26.0
0.1765,122.0,-96.0,7.0,0.0,0.0,0.0,0.0,0.0,0.0,0.0,0.0,0.0,19.0,8.0,15.0,6.0,10.0,5.0,5.0,4.0,-1.0,4.0,-7.0,3.0,-11.0,4.0,-17.0,4.0,-22.0,5.0,-26.0,5.0,-29.0,5.0,-31.0,6.0,-31.0,7.0,-30.0,7.0,-28.0,7.0,-25.0,8.0,-21.0,6.0,-18.0,5.0,-12.0,3.0,-8.0,0.0,-3.0,-4.0,1.0,-8.0,6.0,-12.0,10.0,-15.0,11.0,-19.0,12.0,-22.0
0.1907,122.0,-96.0,7.0,0.0,0.0,0.0,0.0,0.0,0.0,0.0,0.0,0.0,11.0,-18.0,14.0,-21.0,15.0,-23.0,16.0,-25.0,17.0,-26.0,17.0,-26.0,16.0,-24.0,14.0,-22.0,13.0,-19.0,10.0,-15.0,7.0,-10.0,5.0,-5.0,3.0,0.0,1.0,7.0,0.0,12.0,-1.0,17.0,-1.0,22.0,-1.0,26.0,-1.0,29.0,0.0,30.0,0.0,31.0,1.0,30.0,2.0,28.0,2.0,24.0,2.0,20.0,1.0,16.0
0.2039,122.0,-96.0,7.0,0.0,0.0,0.0,0.0,0.0,0.0,0.0,0.0,0.0,-24.0,2.0,-19.0,1.0,-14.0,0.0,-8.0,-2.0,-2.0,-5.0,4.0,-7.0,8.0,-11.0,14.0,-13.0,18.0,-17.0,22.0,-19.0,25.0,-21.0,26.0,-23.0,26.0,-24.0,25.0,-24.0,23.0,-23.0,19.0,-21.0,17.0,-18.0,14.0,-14.0,10.0,-9.0,7.0,-4.0,4.0,1.0,1.0,7.0,-1.0,14.0,-3.0,19.0,-3.0,24.0,-2.0,27.0
0.2184,122.0,-96.0,7.0,0.0,0.0,0.0,0.0,0.0,0.0,0.0,0.0,0.0,23.0,12.0,23.0,12.0,22.0,11.0,20.0,10.0,17.0,9.0,13.0,8.0,9.0,6.0,4.0,4.0,-1.0,3.0,-6.0,2.0,-11.0,2.0,-16.0,1.0,-20.0,1.0,-24.0,1.0,-27.0,1.0,-29.0,1.0,-29.0,2.0,-28.0,2.0,-27.0,3.0,-24.0,3.0,-19.0,3.0,-15.0,2.0,-11.0,0.0,-7.0,-2.0,-2.0,-4.0,2.0,-6.0
0.2329,122.0,-96.0,7.0,0.0,0.0,0.0,0.0,0.0,0.0,0.0,0.0,0.0,13.0,-11.0,14.0,-11.0,14.0,-11.0,15.0,-11.0,15.0,-10.0,15.0,-10.0,15.0,-10.0,16.0,-9.0,16.0,-9.0,16.0,-9.0,16.0,-8.0,16.0,-8.0,16.0,-8.0,16.0,-7.0,16.0,-7.0,16.0,-7.0,15.0,-7.0,16.0,-7.0,15.0,-7.0,15.0,-6.0,15.0,-7.0,14.0,-7.0,14.0,-6.0,13.0,-7.0,13.0,-7.0,13.0,-7.0
0.2475,122.0,-96.0,7.0,0.0,0.0,0.0,0.0,0.0,0.0,0.0,0.0,0.0,2.0,-6.0,7.0,-7.0,12.0,-9.0,16.0,-10.0,21.0,-12.0,24.0,-13.0,25.0,-15.0,27.0,-15.0,27.0,-16.0,26.0,-16.0,23.0,-15.0,20.0,-13.0,17.0,-11.0,13.0,-8.0,10.0,-4.0,5.0,-1.0,1.0,4.0,-2.0,9.0,-6.0,13.0,-8.0,18.0,-10.0,22.0,-10.0,25.0,-11.0,28.0,-9.0,28.0,-9.0,28.0,-8.0,27.0
0.2612,122.0,-96.0,7.0,0.0,0.0,0.0,0.0,0.0,0.0,0.0,0.0,0.0,-21.0,16.0,-17.0,12.0,-13.0,8.0,-9.0,3.0,-4.0,-3.0,0.0,-10.0,2.0,-16.0,5.0,-22.0,8.0,-27.0,9.0,-32.0,11.0,-35.0,10.0,-38.0,9.0,-39.0,9.0,-39.0,8.0,-36.0,6.0,-32.0,5.0,-28.0,4.0,-22.0,4.0,-16.0,4.0,-9.0,5.0,-1.0,6.0,6.0,8.0,13.0,9.0,19.0,12.0,24.0,15.0,27.0
0.2749,122.0,-96.0,7.0,0.0,0.0,0.0,0.0,0.0,0.0,0.0,0.0,0.0,18.0,4.0,22.0,6.0,23.0,7.0,25.0,7.0,26.0,7.0,26.0,8.0,25.0,7.0,22.0,6.0,19.0,6.0,14.0,5.0,10.0,4.0,5.0,3.0,0.0,3.0,-6.0,3.0,-11.0,3.0,-16.0,4.0,-21.0,5.0,-23.0,5.0,-26.0,6.0,-27.0,7.0,-27.0,8.0,-27.0,8.0,-25.0,8.0,-22.0,7.0,-18.0,6.0,-14.0,5.0
0.2883,122.0,-96.0,7.0,0.0,0.0,0.0,0.0,0.0,0.0,0.0,0.0,0.0,4.0,16.0,3.0,17.0,3.0,17.0,3.0,17.0,2.0,18.0,2.0,18.0,1.0,18.0,1.0,18.0,1.0,17.0,0.0,18.0,0.0,18.0,0.0,17.0,0.0,17.0,-1.0,17.0,-1.0,17.0,-1.0,17.0,-1.0,16.0,-1.0,17.0,-1.0,16.0,-1.0,16.0,-1.0,16.0,-1.0,15.0,-1.0,15.0,-1.0,15.0,0.0,15.0,0.0,14.0
0.3021,122.0,-96.0,7.0,0.0,0.0,0.0,0.0,0.0,0.0,0.0,0.0,0.0,-21.0,3.0,-24.0,3.0,-26.0,2.0,-27.0,3.0,-28.0,3.0,-27.0,3.0,-25.0,2.0,-22.0,2.0,-19.0,1.0,-14.0,0.0,-10.0,-1.0,-4.0,-3.0,0.0,-5.0,6.0,-7.0,10.0,-9.0,14.0,-12.0,17.0,-14.0,20.0,-16.0,21.0,-17.0,22.0,-18.0,21.0,-18.0,20.0,-18.0,18.0,-17.0,15.0,-15.0,12.0,-13.0,9.0,-10.0
0.3152,122.0,-96.0,7.0,0.0,0.0,0.0,0.0,0.0,0.0,0.0,0.0,0.0,-17.0,-25.0,-16.0,-25.0,-16.0,-24.0,-14.0,-22.0,-12.0,-19.0,-9.0,-15.0,-6.0,-12.0,-2.0,-7.0,2.0,-4.0,7.0,0.0,11.0,3.0,15.0,5.0,19.0,8.0,23.0,11.0,26.0,12.0,28.0,13.0,29.0,12.0,28.0,12.0,27.0,10.0,24.0,8.0,20.0,7.0,16.0,5.0,11.0,5.0,5.0,4.0,-1.0,4.0,-6.0,4.0
0.3289,122.0,-96.0,7.0,0.0,0.0,0.0,0.0,0.0,0.0,0.0,0.0,0.0,17.0,2.0,17.0,3.0,17.0,3.0,17.0,3.0,17.0,4.0,18.0,5.0,17.0,5.0,17.0,5.0,17.0,6.0,16.0,6.0,17.0,6.0,16.0,7.0,16.0,6.0,16.0,7.0,16.0,7.0,15.0,7.0,15.0,7.0,15.0,7.0,15.0,7.0,15.0,7.0,14.0,7.0,14.0,6.0,14.0,6.0,14.0,6.0,13.0,5.0,13.0,5.0
0.3422,122.0,-96.0,7.0,0.0,0.0,0.0,0.0,0.0,0.0,0.0,0.0,0.0,1.0,-22.0,2.0,-25.0,2.0,-27.0,2.0,-27.0,2.0,-28.0,2.0,-27.0,2.0,-25.0,2.0,-22.0,2.0,-19.0,2.0,-14.0,2.0,-9.0,3.0,-4.0,4.0,1.0,5.0,7.0,6.0,12.0,7.0,16.0,9.0,20.0,11.0,22.0,12.0,24.0,12.0,25.0,13.0,24.0,13.0,23.0,12.0,21.0,11.0,18.0,9.0,14.0,7.0,11.0
0.3561,122.0,-96.0,7.0,0.0,0.0,0.0,0.0,0.0,0.0,0.0,0.0,0.0,1.0,4.0,-4.0,6.0,-9.0,8.0,-14.0,10.0,-18.0,13.0,-21.0,15.0,-23.0,17.0,-25.0,18.0,-25.0,19.0,-25.0,19.0,-23.0,18.0,-21.0,16.0,-18.0,14.0,-14.0,11.0,-11.0,7.0,-8.0,3.0,-4.0,-3.0,-2.0,-8.0,1.0,-13.0,3.0,-18.0,4.0,-23.0,4.0,-26.0,4.0,-29.0,3.0,-30.0,2.0,-30.0,1.0,-29.0
0.3689,122.0,-96.0,7.0,0.0,0.0,0.0,0.0,0.0,0.0,0.0,0.0,0.0,-15.0,8.0,-16.0,8.0,-16.0,8.0,-17.0,8.0,-17.0,7.0,-18.0,7.0,-17.0,6.0,-18.0,6.0,-18.0,5.0,-18.0,6.0,-18.0,5.0,-17.0,5.0,-17.0,5.0,-18.0,5.0,-18.0,4.0,-18.0,4.0,-17.0,4.0,-17.0,4.0,-17.0,4.0,-16.0,3.0,-16.0,3.0,-16.0,3.0,-16.0,4.0,-16.0,4.0,-15.0,4.0,-15.0,4.0
0.385,122.0,-96.0,7.0,0.0,0.0,0.0,0.0,0.0,0.0,0.0,0.0,0.0,12.0,-10.0,13.0,-9.0,13.0,-9.0,13.0,-9.0,14.0,-9.0,14.0,-8.0,14.0,-8.0,15.0,-8.0,14.0,-8.0,15.0,-7.0,14.0,-7.0,15.0,-7.0,15.0,-6.0,15.0,-6.0,15.0,-5.0,14.0,-6.0,14.0,-6.0,14.0,-6.0,14.0,-5.0,14.0,-5.0,13.0,-5.0,13.0,-5.0,13.0,-5.0,12.0,-5.0,12.0,-5.0,12.0,-6.0
0.3986,122.0,-96.0,7.0,0.0,0.0,0.0,0.0,0.0,0.0,0.0,0.0,0.0,18.0,-11.0,14.0,-8.0,10.0,-5.0,6.0,-2.0,2.0,2.0,-2.0,7.0,-4.0,11.0,-8.0,16.0,-10.0,20.0,-12.0,23.0,-14.0,26.0,-14.0,27.0,-13.0,28.0,-13.0,28.0,-12.0,27.0,-10.0,24.0,-8.0,20.0,-7.0,16.0,-6.0,11.0,-5.0,5.0,-5.0,-1.0,-5.0,-6.0,-5.0,-12.0,-6.0,-18.0,-8.0,-21.0,-10.0,-24.0
0.4129,122.0,-96.0,7.0,0.0,0.0,0.0,0.0,0.0,0.0,0.0,0.0,0.0,0.0,8.0,-6.0,14.0,-12.0,19.0,-15.0,25.0,-19.0,30.0,-21.0,35.0,-22.0,38.0,-23.0,40.0,-22.0,40.0,-21.0,39.0,-19.0,37.0,-17.0,32.0,-14.0,26.0,-12.0,20.0,-9.0,11.0,-7.0,4.0,-7.0,-6.0,-6.0,-14.0,-6.0,-22.0,-7.0,-28.0,-9.0,-35.0,-10.0,-39.0,-12.0,-43.0,-14.0,-43.0,-15.0,-42.0,-16.0,-40.0
0.4261,122.0,-96.0,7.0,0.0,0.0,0.0,0.0,0.0,0.0,0.0,0.0,0.0,16.0,-13.0,19.0,-15.0,21.0,-15.0,22.0,-17.0,22.0,-17.0,21.0,-16.0,20.0,-15.0,17.0,-13.0,15.0,-11.0,11.0,-8.0,8.0,-4.0,4.0,-1.0,1.0,4.0,-3.0,8.0,-5.0,13.0,-8.0,16.0,-9.0,20.0,-10.0,23.0,-11.0,25.0,-10.0,26.0,-9.0,26.0,-9.0,25.0,-8.0,23.0,-6.0,20.0,-5.0,16.0,-4.0,12.0
0.4402,122.0,-96.0,7.0,0.0,0.0,0.0,0.0,0.0,0.0,0.0,0.0,0.0,-18.0,-12.0,-20.0,-14.0,-22.0,-15.0,-23.0,-15.0,-23.0,-16.0,-23.0,-15.0,-21.0,-15.0,-18.0,-13.0,-16.0,-12.0,-11.0,-9.0,-7.0,-7.0,-2.0,-5.0,3.0,-3.0,9.0,-1.0,13.0,0.0,18.0,1.0,21.0,1.0,25.0,1.0,27.0,1.0,28.0,1.0,27.0,0.0,27.0,0.0,24.0,-1.0,21.0,-1.0,17.0,-1.0,13.0,-1.0
0.4537,122.0,-96.0,7.0,0.0,0.0,0.0,0.0,0.0,0.0,0.0,0.0,0.0,16.0,-5.0,17.0,-4.0,17.0,-4.0,17.0,-4.0,17.0,-3.0,18.0,-3.0,17.0,-2.0,18.0,-2.0,18.0,-2.0,17.0,-1.0,17.0,-2.0,17.0,-1.0,17.0,-1.0,17.0,0.0,17.0,0.0,17.0,0.0,16.0,0.0,17.0,0.0,16.0,0.0,16.0,0.0,16.0,0.0,15.0,-1.0,15.0,0.0,15.0,0.0,15.0,-1.0,14.0,-2.0
0.4666,122.0,-96.0,7.0,0.0,0.0,0.0,0.0,0.0,0.0,0.0,0.0,0.0,5.0,0.0,9.0,4.0,12.0,8.0,15.0,12.0,18.0,14.0,21.0,17.0,23.0,18.0,25.0,19.0,25.0,18.0,24.0,17.0,22.0,15.0,20.0,13.0,16.0,12.0,12.0,8.0,7.0,7.0,2.0,4.0,-4.0,2.0,-10.0,2.0,-16.0,1.0,-20.0,0.0,-25.0,0.0,-28.0,1.0,-30.0,2.0,-30.0,4.0,-30.0,4.0,-29.0,5.0
0.4852,122.0,-96.0,7.0,0.0,0.0,0.0,0.0,0.0,0.0,0.0,0.0,0.0,7.0,13.0,7.0,14.0,6.0,14.0,7.0,14.0,6.0,14.0,6.0,15.0,5.0,15.0,4.0,15.0,4.0,15.0,4.0,15.0,4.0,15.0,4.0,15.0,3.0,15.0,3.0,15.0,3.0,15.0,3.0,15.0,3.0,15.0,3.0,14.0,2.0,15.0,2.0,14.0,3.0,14.0,3.0,14.0,2.0,14.0,2.0,13.0,3.0,12.0,3.0,12.0
0.5009,122.0,-96.0,7.0,0.0,0.0,0.0,0.0,0.0,0.0,0.0,0.0,0.0,-15.0,-10.0,-15.0,-10.0,-15.0,-11.0,-15.0,-11.0,-15.0,-12.0,-14.0,-12.0,-14.0,-12.0,-14.0,-13.0,-14.0,-13.0,-13.0,-13.0,-13.0,-14.0,-13.0,-14.0,-12.0,-14.0,-12.0,-14.0,-12.0,-14.0,-12.0,-13.0,-12.0,-13.0,-11.0,-14.0,-11.0,-14.0,-11.0,-13.0,-11.0,-13.0,-11.0,-13.0,-10.0,-13.0,-11.0,-12.0,-10.0,-12.0,-10.0,-11.0
0.5148,122.0,-96.0,7.0,0.0,0.0,0.0,0.0,0.0,0.0,0.0,0.0,0.0,14.0,22.0,13.0,21.0,12.0,20.0,11.0,17.0,8.0,15.0,6.0,11.0,2.0,8.0,-1.0,4.0,-5.0,0.0,-9.0,-3.0,-13.0,-6.0,-17.0,-8.0,-20.0,-10.0,-23.0,-12.0,-25.0,-13.0,-26.0,-13.0,-26.0,-13.0,-26.0,-12.0,-24.0,-11.0,-21.0,-9.0,-17.0,-7.0,-13.0,-6.0,-8.0,-5.0,-3.0,-4.0,2.0,-4.0,7.0,-4.0
0.5277,122.0,-96.0,7.0,0.0,0.0,0.0,0.0,0.0,0.0,0.0,0.0,0.0,-12.0,-24.0,-12.0,-24.0,-11.0,-22.0,-10.0,-20.0,-7.0,-17.0,-5.0,-13.0,-2.0,-9.0,1.0,-4.0,4.0,-1.0,8.0,3.0,11.0,6.0,15.0,9.0,18.0,11.0,21.0,14.0,22.0,15.0,23.0,16.0,24.0,15.0,23.0,14.0,21.0,13.0,19.0,10.0,15.0,8.0,11.0,6.0,7.0,5.0,2.0,4.0,-3.0,3.0,-8.0,2.0
0.5427,122.0,-96.0,7.0,0.0,0.0,0.0,0.0,0.0,0.0,0.0,0.0,0.0,7.0,-21.0,8.0,-21.0,8.0,-21.0,9.0,-21.0,9.0,-22.0,10.0,-20.0,10.0,-21.0,11.0,-20.0,11.0,-20.0,12.0,-20.0,12.0,-20.0,11.0,-20.0,12.0,-19.0,12.0,-19.0,12.0,-18.0,12.0,-18.0,12.0,-18.0,12.0,-18.0,12.0,-17.0,11.0,-18.0,11.0,-17.0,11.0,-17.0,11.0,-17.0,10.0,-16.0,10.0,-16.0,9.0,-16.0
0.5583,122.0,-96.0,7.0,0.0,0.0,0.0,0.0,0.0,0.0,0.0,0.0,0.0,14.0,15.0,15.0,18.0,17.0,19.0,18.0,20.0,18.0,20.0,17.0,19.0,16.0,18.0,14.0,16.0,11.0,14.0,8.0,10.0,4.0,7.0,0.0,4.0,-5.0,1.0,-10.0,-2.0,-14.0,-4.0,-18.0,-6.0,-22.0,-7.0,-25.0,-7.0,-27.0,-8.0,-28.0,-8.0,-28.0,-6.0,-27.0,-6.0,-25.0,-5.0,-22.0,-4.0,-18.0,-3.0,-14.0,-3.0
0.5733,122.0,-96.0,7.0,0.0,0.0,0.0,0.0,0.0,0.0,0.0,0.0,0.0,-1.0,-6.0,1.0,-10.0,4.0,-13.0,7.0,-17.0,9.0,-20.0,10.0,-23.0,11.0,-25.0,12.0,-26.0,11.0,-27.0,10.0,-26.0,9.0,-24.0,8.0,-21.0,7.0,-17.0,5.0,-13.0,5.0,-8.0,3.0,-3.0,3.0,3.0,3.0,7.0,4.0,13.0,4.0,17.0,5.0,21.0,7.0,23.0,7.0,25.0,9.0,25.0,9.0,24.0,10.0,23.0
0.5872,122.0,-96.0,7.0,0.0,0.0,0.0,0.0,0.0,0.0,0.0,0.0,0.0,-11.0,-13.0,-10.0,-13.0,-10.0,-13.0,-10.0,-14.0,-10.0,-14.0,-10.0,-14.0,-9.0,-14.0,-9.0,-14.0,-9.0,-14.0,-9.0,-15.0,-8.0,-15.0,-8.0,-15.0,-8.0,-15.0,-7.0,-15.0,-7.0,-15.0,-7.0,-15.0,-7.0,-14.0,-7.0,-15.0,-7.0,-14.0,-7.0,-14.0,-7.0,-14.0,-7.0,-13.0,-7.0,-13.0,-7.0,-13.0,-7.0,-12.0,-7.0,-12.0
0.6007,122.0,-96.0,7.0,0.0,0.0,0.0,0.0,0.0,0.0,0.0,0.0,0.0,-6.0,1.0,-11.0,-2.0,-15.0,-4.0,-19.0,-7.0,-23.0,-8.0,-27.0,-10.0,-28.0,-10.0,-31.0,-11.0,-30.0,-10.0,-29.0,-9.0,-27.0,-8.0,-24.0,-8.0,-20.0,-7.0,-15.0,-6.0,-10.0,-6.0,-4.0,-4.0,3.0,-5.0,8.0,-6.0,14.0,-6.0,18.0,-8.0,22.0,-9.0,24.0,-12.0,27.0,-12.0,26.0,-14.0,26.0,-14.0,25.0,-14.0
0.6133,118.0,96.0,7.0,0.0,0.0,0.0,0.0,0.0,0.0,0.0,0.0,0.0,4.0,-8.0,2.0,-5.0,-3.0,-2.0,-4.0,-4.0,-7.0,6.0,-8.0,5.0,-4.0,9.0,-9.0,10.0,2.0,17.0,6.0,14.0,3.0,19.0,11.0,21.0,8.0,20.0,10.0,24.0,10.0,23.0,11.0,15.0,3.0,15.0,6.0,5.0,-4.0,-3.0,-7.0,-6.0,-13.0,-7.0,-14.0,-17.0,-16.0,-23.0,-11.0,-23.0,-20.0,-20.0,-15.0,-21.0
0.6274,122.0,-96.0,7.0,0.0,0.0,0.0,0.0,0.0,0.0,0.0,0.0,0.0,-27.0,-3.0,-27.0,-3.0,-25.0,-3.0,-23.0,-3.0,-20.0,-3.0,-16.0,-3.0,-12.0,-3.0,-6.0,-4.0,-1.0,-4.0,4.0,-6.0,9.0,-7.0,14.0,-8.0,17.0,-9.0,21.0,-10.0,24.0,-11.0,26.0,-12.0,25.0,-13.0,25.0,-13.0,23.0,-12.0,21.0,-11.0,16.0,-10.0,13.0,-8.0,10.0,-5.0,6.0,-1.0,2.0,2.0,-1.0,6.0
0.6416,122.0,-96.0,7.0,0.0,0.0,0.0,0.0,0.0,0.0,0.0,0.0,0.0,-15.0,-16.0,-16.0,-19.0,-18.0,-21.0,-18.0,-21.0,-18.0,-22.0,-18.0,-21.0,-16.0,-20.0,-14.0,-17.0,-12.0,-15.0,-8.0,-11.0,-5.0,-9.0,-1.0,-5.0,4.0,-2.0,9.0,1.0,13.0,3.0,17.0,6.0,21.0,7.0,23.0,8.0,25.0,8.0,27.0,8.0,26.0,7.0,26.0,7.0,23.0,6.0,20.0,4.0,17.0,3.0,12.0,2.0
0.6553,122.0,-96.0,7.0,0.0,0.0,0.0,0.0,0.0,0.0,0.0,0.0,0.0,-30.0,1.0,-29.0,1.0,-27.0,1.0,-24.0,0.0,-20.0,0.0,-15.0,-1.0,-10.0,-2.0,-4.0,-4.0,1.0,-6.0,7.0,-8.0,11.0,-10.0,16.0,-12.0,19.0,-14.0,23.0,-16.0,25.0,-17.0,26.0,-18.0,25.0,-19.0,24.0,-19.0,22.0,-18.0,19.0,-15.0,15.0,-13.0,11.0,-10.0,8.0,-5.0,5.0,-1.0,1.0,4.0,-1.0,9.0
0.669,122.0,-96.0,7.0,0.0,0.0,0.0,0.0,0.0,0.0,0.0,0.0,0.0,-25.0,-11.0,-25.0,-11.0,-23.0,-11.0,-21.0,-10.0,-18.0,-9.0,-15.0,-8.0,-10.0,-7.0,-5.0,-5.0,0.0,-4.0,5.0,-4.0,10.0,-4.0,15.0,-4.0,19.0,-4.0,23.0,-4.0,26.0,-4.0,28.0,-4.0,28.0,-5.0,27.0,-6.0,25.0,-6.0,22.0,-6.0,18.0,-6.0,14.0,-4.0,10.0,-2.0,6.0,0.0,1.0,3.0,-3.0,6.0
0.6842,122.0,-96.0,7.0,0.0,0.0,0.0,0.0,0.0,0.0,0.0,0.0,0.0,-17.0,2.0,-17.0,1.0,-18.0,1.0,-18.0,0.0,-18.0,0.0,-18.0,-1.0,-17.0,-1.0,-18.0,-2.0,-18.0,-2.0,-18.0,-2.0,-18.0,-2.0,-17.0,-2.0,-17.0,-3.0,-17.0,-3.0,-17.0,-3.0,-17.0,-3.0,-16.0,-3.0,-16.0,-3.0,-16.0,-4.0,-15.0,-3.0,-16.0,-3.0,-15.0,-3.0,-15.0,-3.0,-15.0,-3.0,-14.0,-2.0,-14.0,-2.0
0.6991,122.0,-96.0,7.0,0.0,0.0,0.0,0.0,0.0,0.0,0.0,0.0,0.0,9.0,27.0,9.0,27.0,8.0,26.0,8.0,23.0,6.0,20.0,4.0,16.0,2.0,12.0,-1.0,7.0,-4.0,2.0,-8.0,-3.0,-11.0,-7.0,-14.0,-11.0,-18.0,-14.0,-21.0,-18.0,-23.0,-20.0,-24.0,-21.0,-25.0,-21.0,-25.0,-20.0,-23.0,-18.0,-21.0,-16.0,-18.0,-13.0,-14.0,-11.0,-9.0,-9.0,-5.0,-6.0,1.0,-4.0,6.0,-3.0
0.7138,122.0,-96.0,7.0,0.0,0.0,0.0,0.0,0.0,0.0,0.0,0.0,0.0,-1.0,5.0,-5.0,7.0,-9.0,10.0,-12.0,13.0,-15.0,15.0,-18.0,18.0,-18.0,19.0,-20.0,21.0,-19.0,21.0,-18.0,20.0,-16.0,19.0,-14.0,17.0,-12.0,13.0,-10.0,10.0,-8.0,5.0,-5.0,1.0,-3.0,-4.0,-2.0,-9.0,0.0,-14.0,0.0,-18.0,0.0,-23.0,0.0,-25.0,0.0,-27.0,-2.0,-27.0,-3.0,-27.0,-3.0,-26.0
0.725,122.0,-96.0,7.0,0.0,0.0,0.0,0.0,0.0,0.0,0.0,0.0,0.0,5.0,-2.0,10.0,1.0,14.0,4.0,18.0,6.0,22.0,8.0,25.0,9.0,28.0,9.0,29.0,10.0,30.0,9.0,28.0,9.0,26.0,8.0,23.0,7.0,19.0,6.0,14.0,5.0,9.0,5.0,3.0,3.0,-3.0,4.0,-9.0,5.0,-15.0,5.0,-19.0,7.0,-23.0,8.0,-25.0,10.0,-28.0,11.0,-28.0,12.0,-27.0,13.0,-26.0,13.0
0.7387,122.0,-96.0,7.0,0.0,0.0,0.0,0.0,0.0,0.0,0.0,0.0,0.0,0.0,-8.0,6.0,-12.0,11.0,-15.0,16.0,-19.0,20.0,-23.0,23.0,-26.0,24.0,-28.0,26.0,-30.0,25.0,-30.0,24.0,-29.0,22.0,-27.0,19.0,-24.0,16.0,-20.0,13.0,-15.0,10.0,-9.0,6.0,-2.0,3.0,5.0,1.0,12.0,-1.0,19.0,-2.0,24.0,-3.0,30.0,-2.0,33.0,-2.0,37.0,0.0,37.0,1.0,37.0,2.0,36.0
0.7524,122.0,-96.0,7.0,0.0,0.0,0.0,0.0,0.0,0.0,0.0,0.0,0.0,-3.0,4.0,-7.0,6.0,-11.0,7.0,-15.0,9.0,-19.0,11.0,-22.0,13.0,-23.0,14.0,-25.0,15.0,-24.0,15.0,-23.0,14.0,-21.0,13.0,-19.0,12.0,-16.0,9.0,-12.0,6.0,-9.0,3.0,-5.0,0.0,-2.0,-5.0,1.0,-9.0,4.0,-13.0,6.0,-17.0,7.0,-21.0,7.0,-24.0,8.0,-26.0,7.0,-27.0,6.0,-26.0,5.0,-26.0
0.7664,122.0,-96.0,7.0,0.0,0.0,0.0,0.0,0.0,0.0,0.0,0.0,0.0,-19.0,24.0,-15.0,18.0,-13.0,12.0,-9.0,5.0,-6.0,-3.0,-4.0,-11.0,-2.0,-19.0,0.0,-27.0,1.0,-34.0,0.0,-40.0,0.0,-43.0,-1.0,-46.0,-2.0,-47.0,-3.0,-46.0,-3.0,-43.0,-3.0,-39.0,-3.0,-32.0,-2.0,-26.0,-1.0,-18.0,2.0,-11.0,5.0,-3.0,9.0,5.0,14.0,12.0,18.0,18.0,23.0,22.0,26.0,24.0
0.78,122.0,-96.0,7.0,0.0,0.0,0.0,0.0,0.0,0.0,0.0,0.0,0.0,3.0,-6.0,8.0,-7.0,13.0,-7.0,18.0,-8.0,21.0,-10.0,25.0,-11.0,27.0,-12.0,29.0,-12.0,28.0,-13.0,27.0,-13.0,24.0,-12.0,22.0,-11.0,18.0,-9.0,14.0,-6.0,9.0,-3.0,4.0,0.0,0.0,5.0,-3.0,9.0,-8.0,13.0,-10.0,17.0,-13.0,21.0,-13.0,23.0,-14.0,26.0,-12.0,27.0,-12.0,27.0,-11.0,26.0
0.7945,122.0,-96.0,7.0,0.0,0.0,0.0,0.0,0.0,0.0,0.0,0.0,0.0,17.0,6.0,12.0,5.0,7.0,4.0,2.0,3.0,-4.0,4.0,-10.0,4.0,-14.0,5.0,-20.0,5.0,-24.0,6.0,-27.0,7.0,-30.0,7.0,-31.0,9.0,-31.0,10.0,-30.0,10.0,-27.0,9.0,-23.0,9.0,-19.0,7.0,-15.0,5.0,-10.0,2.0,-5.0,-1.0,-1.0,-5.0,3.0,-9.0,7.0,-14.0,10.0,-17.0,11.0,-21.0,12.0,-24.0
0.8092,122.0,-96.0,7.0,0.0,0.0,0.0,0.0,0.0,0.0,0.0,0.0,0.0,15.0,-2.0,16.0,-2.0,15.0,-2.0,16.0,-1.0,16.0,0.0,16.0,0.0,16.0,0.0,16.0,1.0,16.0,1.0,16.0,1.0,16.0,1.0,15.0,1.0,15.0,2.0,15.0,2.0,15.0,2.0,14.0,2.0,14.0,3.0,14.0,3.0,14.0,3.0,14.0,2.0,14.0,2.0,13.0,2.0,13.0,2.0,13.0,2.0,13.0,2.0,13.0,2.0
0.8228,122.0,-96.0,7.0,0.0,0.0,0.0,0.0,0.0,0.0,0.0,0.0,0.0,25.0,14.0,24.0,14.0,22.0,13.0,20.0,12.0,15.0,10.0,11.0,8.0,7.0,7.0,0.0,4.0,-5.0,2.0,-10.0,2.0,-16.0,1.0,-20.0,0.0,-25.0,0.0,-29.0,0.0,-31.0,-1.0,-32.0,0.0,-32.0,0.0,-31.0,1.0,-28.0,1.0,-25.0,1.0,-20.0,1.0,-15.0,0.0,-11.0,-1.0,-5.0,-3.0,0.0,-5.0,5.0,-8.0
0.8375,122.0,-96.0,7.0,0.0,0.0,0.0,0.0,0.0,0.0,0.0,0.0,0.0,13.0,-23.0,14.0,-23.0,13.0,-22.0,12.0,-20.0,10.0,-17.0,9.0,-13.0,7.0,-9.0,5.0,-4.0,3.0,1.0,2.0,6.0,1.0,10.0,0.0,15.0,0.0,19.0,-1.0,24.0,-1.0,26.0,-2.0,28.0,-1.0,28.0,0.0,28.0,0.0,26.0,1.0,23.0,1.0,19.0,1.0,15.0,-1.0,11.0,-2.0,5.0,-4.0,1.0,-6.0,-4.0
0.8511,122.0,-96.0,7.0,0.0,0.0,0.0,0.0,0.0,0.0,0.0,0.0,0.0,-10.0,16.0,-12.0,19.0,-14.0,21.0,-14.0,23.0,-15.0,23.0,-15.0,23.0,-14.0,22.0,-13.0,19.0,-12.0,17.0,-10.0,13.0,-7.0,8.0,-6.0,4.0,-4.0,-2.0,-2.0,-7.0,-1.0,-12.0,0.0,-16.0,0.0,-21.0,0.0,-25.0,0.0,-27.0,0.0,-28.0,-1.0,-29.0,-1.0,-29.0,-2.0,-26.0,-2.0,-23.0,-2.0,-19.0,-2.0,-15.0
0.8647,122.0,-96.0,7.0,0.0,0.0,0.0,0.0,0.0,0.0,0.0,0.0,0.0,-21.0,20.0,-21.0,20.0,-20.0,19.0,-18.0,17.0,-16.0,15.0,-14.0,11.0,-11.0,7.0,-7.0,2.0,-4.0,-3.0,-2.0,-8.0,1.0,-13.0,2.0,-18.0,4.0,-22.0,6.0,-26.0,7.0,-29.0,7.0,-31.0,6.0,-32.0,6.0,-31.0,5.0,-29.0,4.0,-26.0,3.0,-22.0,2.0,-17.0,3.0,-12.0,3.0,-7.0,3.0,-1.0,5.0,5.0
0.879,122.0,-96.0,7.0,0.0,0.0,0.0,0.0,0.0,0.0,0.0,0.0,0.0,15.0,8.0,15.0,8.0,14.0,9.0,15.0,9.0,15.0,10.0,14.0,10.0,14.0,10.0,14.0,11.0,13.0,11.0,13.0,11.0,13.0,11.0,13.0,11.0,12.0,11.0,12.0,12.0,12.0,12.0,12.0,12.0,12.0,11.0,11.0,12.0,11.0,12.0,11.0,11.0,11.0,11.0,11.0,10.0,10.0,11.0,10.0,10.0,10.0,10.0,11.0,9.0
0.8938,122.0,-96.0,7.0,0.0,0.0,0.0,0.0,0.0,0.0,0.0,0.0,0.0,-2.0,18.0,-3.0,14.0,-3.0,8.0,-4.0,2.0,-5.0,-3.0,-7.0,-9.0,-9.0,-13.0,-11.0,-18.0,-13.0,-22.0,-15.0,-24.0,-16.0,-27.0,-17.0,-27.0,-18.0,-27.0,-18.0,-26.0,-17.0,-23.0,-15.0,-20.0,-13.0,-17.0,-9.0,-13.0,-5.0,-9.0,-1.0,-6.0,4.0,-3.0,9.0,0.0,14.0,3.0,19.0,5.0,22.0,5.0,25.0,5.0
0.9077,122.0,-96.0,7.0,0.0,0.0,0.0,0.0,0.0,0.0,0.0,0.0,0.0,-13.0,8.0,-14.0,8.0,-14.0,8.0,-14.0,8.0,-14.0,7.0,-15.0,7.0,-15.0,7.0,-15.0,6.0,-15.0,6.0,-15.0,6.0,-15.0,6.0,-15.0,6.0,-15.0,5.0,-15.0,5.0,-16.0,4.0,-15.0,4.0,-15.0,4.0,-15.0,4.0,-15.0,4.0,-14.0,4.0,-14.0,4.0,-13.0,4.0,-14.0,4.0,-13.0,4.0,-13.0,4.0,-13.0,4.0
0.9215,122.0,-96.0,7.0,0.0,0.0,0.0,0.0,0.0,0.0,0.0,0.0,0.0,-3.0,-18.0,-3.0,-18.0,-2.0,-18.0,-2.0,-18.0,-1.0,-18.0,-1.0,-19.0,0.0,-18.0,0.0,-19.0,0.0,-18.0,0.0,-18.0,1.0,-18.0,1.0,-18.0,1.0,-18.0,2.0,-18.0,2.0,-18.0,2.0,-17.0,2.0,-17.0,2.0,-17.0,2.0,-17.0,2.0,-17.0,2.0,-16.0,2.0,-16.0,1.0,-16.0,2.0,-15.0,1.0,-15.0,1.0,-15.0
0.935,122.0,-96.0,7.0,0.0,0.0,0.0,0.0,0.0,0.0,0.0,0.0,0.0,19.0,8.0,20.0,9.0,20.0,9.0,19.0,10.0,20.0,10.0,19.0,11.0,19.0,11.0,19.0,12.0,18.0,12.0,18.0,13.0,17.0,13.0,17.0,13.0,17.0,13.0,17.0,14.0,16.0,14.0,16.0,13.0,16.0,13.0,16.0,13.0,15.0,13.0,16.0,12.0,15.0,12.0,15.0,12.0,14.0,12.0,14.0,12.0,14.0,11.0,14.0,11.0
0.9492,122.0,-96.0,7.0,0.0,0.0,0.0,0.0,0.0,0.0,0.0,0.0,0.0,-4.0,16.0,-4.0,17.0,-5.0,17.0,-5.0,17.0,-6.0,17.0,-6.0,17.0,-6.0,16.0,-7.0,16.0,-7.0,16.0,-8.0,16.0,-8.0,16.0,-8.0,16.0,-8.0,15.0,-8.0,15.0,-8.0,15.0,-8.0,15.0,-8.0,15.0,-8.0,15.0,-8.0,14.0,-8.0,14.0,-8.0,14.0,-7.0,13.0,-7.0,13.0,-7.0,14.0,-7.0,13.0,-6.0,13.0
0.9639,122.0,-96.0,7.0,0.0,0.0,0.0,0.0,0.0,0.0,0.0,0.0,0.0,0.0,4.0,-5.0,6.0,-10.0,7.0,-14.0,9.0,-19.0,11.0,-23.0,13.0,-24.0,15.0,-27.0,16.0,-26.0,17.0,-26.0,17.0,-24.0,16.0,-22.0,15.0,-19.0,13.0,-15.0,10.0,-12.0,6.0,-7.0,2.0,-3.0,-3.0,-1.0,-8.0,2.0,-13.0,4.0,-18.0,6.0,-23.0,5.0,-26.0,7.0,-29.0,5.0,-30.0,5.0,-30.0,4.0,-30.0
0.9776,122.0,-96.0,7.0,0.0,0.0,0.0,0.0,0.0,0.0,0.0,0.0,0.0,12.0,22.0,12.0,23.0,11.0,21.0,10.0,19.0,8.0,17.0,6.0,14.0,4.0,10.0,0.0,6.0,-3.0,2.0,-7.0,-1.0,-11.0,-5.0,-14.0,-7.0,-18.0,-10.0,-21.0,-12.0,-24.0,-14.0,-25.0,-14.0,-26.0,-14.0,-25.0,-13.0,-24.0,-12.0,-22.0,-10.0,-18.0,-8.0,-14.0,-7.0,-10.0,-6.0,-5.0,-5.0,0.0,-4.0,5.0,-4.0
0.9918,122.0,-96.0,7.0,0.0,0.0,0.0,0.0,0.0,0.0,0.0,0.0,0.0,2.0,3.0,-2.0,7.0,-7.0,10.0,-11.0,13.0,-14.0,16.0,-17.0,20.0,-18.0,22.0,-21.0,24.0,-19.0,24.0,-19.0,24.0,-17.0,23.0,-16.0,21.0,-14.0,18.0,-11.0,14.0,-10.0,9.0,-6.0,4.0,-4.0,-2.0,-3.0,-8.0,-2.0,-13.0,-1.0,-18.0,-1.0,-24.0,-2.0,-26.0,-2.0,-30.0,-4.0,-30.0,-5.0,-30.0,-6.0,-30.0
1.0046,122.0,-96.0,7.0,0.0,0.0,0.0,0.0,0.0,0.0,0.0,0.0,0.0,4.0,-2.0,7.0,3.0,9.0,7.0,11.0,12.0,14.0,15.0,17.0,19.0,19.0,21.0,21.0,23.0,21.0,22.0,21.0,22.0,20.0,20.0,18.0,18.0,16.0,16.0,12.0,12.0,8.0,10.0,3.0,6.0,-3.0,3.0,-8.0,1.0,-14.0,-1.0,-18.0,-2.0,-23.0,-3.0,-26.0,-2.0,-29.0,-3.0,-30.0,-1.0,-30.0,0.0,-30.0,1.0
1.0185,122.0,-96.0,7.0,0.0,0.0,0.0,0.0,0.0,0.0,0.0,0.0,0.0,19.0,6.0,23.0,8.0,25.0,9.0,27.0,11.0,28.0,10.0,28.0,11.0,26.0,10.0,23.0,9.0,21.0,8.0,15.0,7.0,11.0,5.0,5.0,4.0,-1.0,4.0,-8.0,3.0,-13.0,3.0,-18.0,3.0,-23.0,3.0,-27.0,4.0,-30.0,5.0,-31.0,5.0,-31.0,7.0,-30.0,7.0,-28.0,7.0,-25.0,6.0,-21.0,6.0,-16.0,4.0
1.0347,122.0,-96.0,7.0,0.0,0.0,0.0,0.0,0.0,0.0,0.0,0.0,0.0,-14.0,-11.0,-14.0,-12.0,-14.0,-12.0,-14.0,-13.0,-13.0,-13.0,-13.0,-13.0,-13.0,-14.0,-12.0,-14.0,-12.0,-14.0,-11.0,-15.0,-12.0,-15.0,-11.0,-14.0,-11.0,-15.0,-11.0,-15.0,-10.0,-15.0,-10.0,-15.0,-10.0,-14.0,-10.0,-15.0,-10.0,-14.0,-10.0,-14.0,-9.0,-14.0,-9.0,-14.0,-9.0,-14.0,-9.0,-13.0,-9.0,-13.0,-9.0,-12.0
1.0502,122.0,-96.0,7.0,0.0,0.0,0.0,0.0,0.0,0.0,0.0,0.0,0.0,19.0,8.0,15.0,6.0,10.0,5.0,5.0,4.0,-1.0,4.0,-7.0,3.0,-12.0,4.0,-18.0,4.0,-22.0,4.0,-26.0,6.0,-29.0,6.0,-30.0,8.0,-31.0,8.0,-30.0,9.0,-28.0,8.0,-25.0,8.0,-22.0,7.0,-17.0,4.0,-12.0,2.0,-8.0,0.0,-3.0,-4.0,2.0,-8.0,5.0,-12.0,9.0,-16.0,11.0,-19.0,12.0,-23.0
1.0648,122.0,-96.0,7.0,0.0,0.0,0.0,0.0,0.0,0.0,0.0,0.0,0.0,19.0,20.0,19.0,20.0,17.0,19.0,15.0,17.0,12.0,14.0,8.0,11.0,4.0,8.0,-1.0,4.0,-5.0,1.0,-11.0,-1.0,-15.0,-3.0,-19.0,-5.0,-24.0,-6.0,-28.0,-8.0,-30.0,-9.0,-31.0,-9.0,-31.0,-8.0,-30.0,-8.0,-28.0,-7.0,-24.0,-6.0,-20.0,-4.0,-15.0,-4.0,-10.0,-4.0,-4.0,-4.0,1.0,-4.0,7.0,-6.0
1.077,122.0,-96.0,7.0,0.0,0.0,0.0,0.0,0.0,0.0,0.0,0.0,0.0,-7.0,-20.0,-5.0,-15.0,-2.0,-10.0,2.0,-5.0,6.0,0.0,10.0,5.0,14.0,8.0,18.0,13.0,22.0,16.0,25.0,18.0,26.0,20.0,28.0,20.0,28.0,19.0,27.0,18.0,26.0,16.0,23.0,13.0,19.0,11.0,14.0,9.0,8.0,7.0,3.0,4.0,-4.0,4.0,-10.0,3.0,-17.0,2.0,-22.0,2.0,-26.0,3.0,-29.0,4.0
1.09,122.0,-96.0,7.0,0.0,0.0,0.0,0.0,0.0,0.0,0.0,0.0,0.0,-13.0,-23.0,-12.0,-23.0,-12.0,-21.0,-10.0,-19.0,-8.0,-16.0,-6.0,-13.0,-3.0,-9.0,1.0,-4.0,4.0,-1.0,8.0,3.0,12.0,6.0,15.0,8.0,18.0,10.0,21.0,13.0,23.0,14.0,24.0,14.0,24.0,14.0,24.0,13.0,22.0,11.0,19.0,9.0,16.0,7.0,12.0,6.0,7.0,5.0,2.0,3.0,-3.0,3.0,-8.0,3.0
1.1037,122.0,-96.0,7.0,0.0,0.0,0.0,0.0,0.0,0.0,0.0,0.0,0.0,8.0,14.0,8.0,15.0,8.0,15.0,7.0,16.0,7.0,16.0,7.0,16.0,7.0,16.0,6.0,16.0,6.0,16.0,5.0,17.0,5.0,16.0,5.0,16.0,5.0,16.0,4.0,16.0,4.0,16.0,4.0,16.0,4.0,16.0,4.0,16.0,4.0,16.0,4.0,15.0,4.0,15.0,4.0,14.0,4.0,15.0,4.0,14.0,4.0,13.0,4.0,13.0
1.1175,122.0,-96.0,7.0,0.0,0.0,0.0,0.0,0.0,0.0,0.0,0.0,0.0,-18.0,6.0,-22.0,6.0,-25.0,6.0,-26.0,7.0,-27.0,7.0,-27.0,7.0,-26.0,6.0,-23.0,6.0,-20.0,5.0,-16.0,3.0,-12.0,1.0,-7.0,-1.0,-3.0,-4.0,2.0,-7.0,7.0,-10.0,10.0,-12.0,14.0,-16.0,15.0,-18.0,17.0,-20.0,18.0,-21.0,17.0,-22.0,17.0,-22.0,15.0,-21.0,13.0,-19.0,10.0,-16.0,8.0,-12.0
1.1324,122.0,-96.0,7.0,0.0,0.0,0.0,0.0,0.0,0.0,0.0,0.0,0.0,-8.0,1.0,-13.0,-4.0,-18.0,-8.0,-23.0,-12.0,-27.0,-14.0,-31.0,-16.0,-34.0,-16.0,-36.0,-18.0,-36.0,-17.0,-34.0,-16.0,-32.0,-15.0,-29.0,-13.0,-24.0,-11.0,-18.0,-9.0,-11.0,-8.0,-4.0,-6.0,4.0,-5.0,11.0,-6.0,18.0,-6.0,23.0,-7.0,29.0,-8.0,32.0,-10.0,35.0,-11.0,35.0,-13.0,35.0,-13.0,33.0,-14.0
1.1463,122.0,-96.0,7.0,0.0,0.0,0.0,0.0,0.0,0.0,0.0,0.0,0.0,15.0,12.0,15.0,13.0,14.0,13.0,14.0,14.0,13.0,14.0,14.0,15.0,13.0,15.0,13.0,16.0,12.0,15.0,12.0,15.0,12.0,16.0,12.0,16.0,11.0,16.0,11.0,16.0,10.0,16.0,10.0,15.0,11.0,16.0,10.0,16.0,10.0,16.0,10.0,15.0,9.0,15.0,9.0,15.0,9.0,14.0,9.0,14.0,9.0,13.0,10.0,13.0
1.16,122.0,-96.0,7.0,0.0,0.0,0.0,0.0,0.0,0.0,0.0,0.0,0.0,-16.0,-21.0,-16.0,-22.0,-16.0,-20.0,-14.0,-19.0,-12.0,-17.0,-9.0,-14.0,-6.0,-11.0,-2.0,-6.0,2.0,-3.0,6.0,0.0,10.0,2.0,14.0,5.0,18.0,7.0,21.0,9.0,24.0,10.0,25.0,11.0,26.0,10.0,26.0,10.0,24.0,8.0,22.0,7.0,18.0,5.0,14.0,4.0,10.0,4.0,5.0,4.0,-1.0,3.0,-6.0,3.0
1.1747,122.0,-96.0,7.0,0.0,0.0,0.0,0.0,0.0,0.0,0.0,0.0,0.0,0.0,-18.0,1.0,-19.0,1.0,-18.0,2.0,-19.0,2.0,-18.0,3.0,-19.0,3.0,-18.0,4.0,-18.0,4.0,-18.0,4.0,-18.0,4.0,-18.0,4.0,-18.0,5.0,-17.0,5.0,-18.0,5.0,-17.0,5.0,-16.0,6.0,-17.0,5.0,-16.0,5.0,-16.0,6.0,-16.0,5.0,-16.0,5.0,-15.0,5.0,-15.0,5.0,-15.0,4.0,-15.0,4.0,-15.0
1.1875,122.0,-96.0,7.0,0.0,0.0,0.0,0.0,0.0,0.0,0.0,0.0,0.0,0.0,-21.0,1.0,-16.0,2.0,-10.0,3.0,-4.0,5.0,2.0,7.0,8.0,10.0,13.0,12.0,18.0,14.0,22.0,17.0,25.0,18.0,27.0,20.0,28.0,21.0,28.0,20.0,26.0,19.0,24.0,17.0,20.0,14.0,17.0,9.0,13.0,5.0,9.0,0.0,5.0,-5.0,2.0,-11.0,-1.0,-17.0,-3.0,-22.0,-5.0,-26.0,-5.0,-30.0,-5.0
1.2006,122.0,-96.0,7.0,0.0,0.0,0.0,0.0,0.0,0.0,0.0,0.0,0.0,-3.0,15.0,-4.0,15.0,-4.0,15.0,-4.0,15.0,-5.0,15.0,-5.0,15.0,-6.0,15.0,-6.0,15.0,-6.0,15.0,-7.0,15.0,-7.0,15.0,-7.0,14.0,-7.0,14.0,-7.0,14.0,-8.0,13.0,-8.0,14.0,-7.0,13.0,-7.0,13.0,-7.0,13.0,-7.0,13.0,-7.0,12.0,-7.0,12.0,-7.0,12.0,-7.0,12.0,-7.0,12.0,-6.0,12.0
1.2144,122.0,-96.0,7.0,0.0,0.0,0.0,0.0,0.0,0.0,0.0,0.0,0.0,-10.0,18.0,-8.0,13.0,-7.0,8.0,-5.0,2.0,-5.0,-5.0,-4.0,-11.0,-5.0,-16.0,-4.0,-22.0,-5.0,-27.0,-6.0,-31.0,-6.0,-34.0,-7.0,-35.0,-8.0,-35.0,-8.0,-34.0,-8.0,-31.0,-8.0,-27.0,-6.0,-22.0,-4.0,-17.0,-2.0,-11.0,1.0,-6.0,5.0,-1.0,9.0,4.0,13.0,9.0,17.0,13.0,20.0,15.0,24.0,16.0
1.2274,122.0,-96.0,7.0,0.0,0.0,0.0,0.0,0.0,0.0,0.0,0.0,0.0,1.0,-5.0,7.0,-4.0,13.0,-3.0,18.0,-3.0,23.0,-3.0,28.0,-4.0,31.0,-4.0,34.0,-5.0,34.0,-5.0,33.0,-6.0,31.0,-6.0,28.0,-6.0,25.0,-4.0,19.0,-4.0,14.0,-1.0,8.0,0.0,1.0,3.0,-4.0,7.0,-9.0,11.0,-13.0,14.0,-17.0,19.0,-18.0,22.0,-21.0,25.0,-20.0,26.0,-20.0,27.0,-19.0,27.0
1.2404,122.0,-96.0,7.0,0.0,0.0,0.0,0.0,0.0,0.0,0.0,0.0,0.0,-27.0,-4.0,-26.0,-4.0,-26.0,-3.0,-23.0,-3.0,-20.0,-4.0,-16.0,-3.0,-11.0,-3.0,-6.0,-3.0,-1.0,-4.0,4.0,-5.0,9.0,-7.0,13.0,-8.0,17.0,-9.0,21.0,-11.0,23.0,-12.0,25.0,-13.0,25.0,-13.0,25.0,-14.0,23.0,-13.0,20.0,-13.0,16.0,-11.0,12.0,-9.0,9.0,-5.0,6.0,-2.0,2.0,2.0,-1.0,6.0
1.2543,122.0,-96.0,7.0,0.0,0.0,0.0,0.0,0.0,0.0,0.0,0.0,0.0,21.0,-10.0,16.0,-7.0,10.0,-3.0,5.0,1.0,0.0,6.0,-5.0,12.0,-9.0,17.0,-13.0,22.0,-16.0,26.0,-18.0,30.0,-20.0,32.0,-20.0,33.0,-19.0,34.0,-18.0,33.0,-16.0,31.0,-13.0,27.0,-11.0,23.0,-9.0,16.0,-8.0,10.0,-6.0,3.0,-6.0,-4.0,-5.0,-11.0,-5.0,-18.0,-6.0,-25.0,-8.0,-28.0,-10.0,-32.0
1.268,122.0,-96.0,7.0,0.0,0.0,0.0,0.0,0.0,0.0,0.0,0.0,0.0,-17.0,12.0,-13.0,8.0,-9.0,4.0,-6.0,-1.0,-2.0,-6.0,1.0,-12.0,3.0,-17.0,6.0,-22.0,7.0,-26.0,8.0,-30.0,9.0,-33.0,9.0,-34.0,8.0,-35.0,7.0,-33.0,6.0,-31.0,4.0,-27.0,4.0,-23.0,3.0,-17.0,3.0,-11.0,4.0,-5.0,5.0,1.0,6.0,7.0,8.0,14.0,9.0,19.0,12.0,22.0,14.0,25.0
1.2835,122.0,-96.0,7.0,0.0,0.0,0.0,0.0,0.0,0.0,0.0,0.0,0.0,-6.0,0.0,-10.0,-3.0,-14.0,-6.0,-18.0,-9.0,-22.0,-12.0,-25.0,-13.0,-27.0,-14.0,-28.0,-15.0,-28.0,-14.0,-28.0,-13.0,-26.0,-12.0,-23.0,-10.0,-19.0,-9.0,-14.0,-7.0,-9.0,-7.0,-4.0,-5.0,3.0,-4.0,8.0,-4.0,14.0,-4.0,19.0,-5.0,23.0,-6.0,25.0,-8.0,29.0,-8.0,28.0,-10.0,27.0,-10.0,26.0,-11.0
1.297,122.0,-96.0,7.0,0.0,0.0,0.0,0.0,0.0,0.0,0.0,0.0,0.0,2.0,3.0,-1.0,7.0,-4.0,11.0,-7.0,15.0,-9.0,19.0,-12.0,23.0,-12.0,25.0,-14.0,28.0,-13.0,28.0,-13.0,28.0,-11.0,26.0,-10.0,24.0,-10.0,21.0,-7.0,16.0,-7.0,11.0,-5.0,6.0,-4.0,-1.0,-5.0,-7.0,-5.0,-12.0,-6.0,-18.0,-7.0,-22.0,-9.0,-25.0,-10.0,-29.0,-12.0,-28.0,-12.0,-28.0,-13.0,-27.0
1.3102,122.0,-96.0,7.0,0.0,0.0,0.0,0.0,0.0,0.0,0.0,0.0,0.0,-5.0,-26.0,-5.0,-26.0,-4.0,-26.0,-4.0,-23.0,-3.0,-20.0,-2.0,-16.0,-1.0,-12.0,1.0,-7.0,3.0,-2.0,6.0,2.0,8.0,7.0,11.0,10.0,13.0,14.0,15.0,17.0,17.0,20.0,18.0,21.0,19.0,20.0,19.0,20.0,18.0,18.0,16.0,16.0,14.0,13.0,11.0,10.0,7.0,8.0,3.0,5.0,-2.0,3.0,-7.0,1.0
1.3242,122.0,-96.0,7.0,0.0,0.0,0.0,0.0,0.0,0.0,0.0,0.0,0.0,17.0,-7.0,13.0,-5.0,8.0,-2.0,4.0,1.0,0.0,5.0,-5.0,9.0,-7.0,13.0,-11.0,17.0,-14.0,20.0,-15.0,23.0,-17.0,25.0,-17.0,26.0,-17.0,27.0,-16.0,26.0,-14.0,24.0,-12.0,21.0,-10.0,18.0,-8.0,13.0,-7.0,8.0,-5.0,2.0,-5.0,-3.0,-4.0,-9.0,-4.0,-15.0,-4.0,-20.0,-5.0,-24.0,-7.0,-26.0
1.337,122.0,-96.0,7.0,0.0,0.0,0.0,0.0,0.0,0.0,0.0,0.0,0.0,3.0,16.0,3.0,17.0,3.0,17.0,2.0,17.0,2.0,18.0,1.0,18.0,1.0,17.0,0.0,18.0,0.0,18.0,0.0,18.0,0.0,17.0,-1.0,17.0,-1.0,17.0,-1.0,18.0,-2.0,17.0,-1.0,17.0,-2.0,16.0,-2.0,17.0,-2.0,17.0,-2.0,16.0,-2.0,16.0,-2.0,15.0,-2.0,15.0,-1.0,15.0,-1.0,15.0,-1.0,14.0
1.3498,122.0,-96.0,7.0,0.0,0.0,0.0,0.0,0.0,0.0,0.0,0.0,0.0,12.0,12.0,11.0,13.0,11.0,13.0,12.0,14.0,11.0,14.0,10.0,14.0,10.0,14.0,10.0,15.0,9.0,15.0,9.0,15.0,9.0,15.0,8.0,15.0,8.0,15.0,8.0,15.0,7.0,16.0,7.0,15.0,7.0,15.0,7.0,15.0,7.0,15.0,7.0,14.0,7.0,15.0,6.0,14.0,6.0,14.0,6.0,14.0,6.0,13.0,7.0,13.0
1.3641,122.0,-96.0,7.0,0.0,0.0,0.0,0.0,0.0,0.0,0.0,0.0,0.0,15.0,21.0,15.0,21.0,14.0,20.0,13.0,18.0,10.0,16.0,8.0,13.0,5.0,10.0,1.0,5.0,-3.0,3.0,-7.0,0.0,-11.0,-3.0,-15.0,-6.0,-19.0,-7.0,-23.0,-10.0,-25.0,-11.0,-27.0,-11.0,-27.0,-11.0,-27.0,-10.0,-25.0,-9.0,-23.0,-7.0,-19.0,-6.0,-15.0,-5.0,-11.0,-5.0,-6.0,-4.0,0.0,-4.0,5.0,-4.0
1.3774,122.0,-96.0,7.0,0.0,0.0,0.0,0.0,0.0,0.0,0.0,0.0,0.0,-13.0,14.0,-16.0,16.0,-18.0,18.0,-19.0,19.0,-19.0,20.0,-19.0,19.0,-19.0,18.0,-16.0,17.0,-15.0,14.0,-12.0,11.0,-9.0,7.0,-6.0,3.0,-4.0,-2.0,-1.0,-7.0,1.0,-12.0,2.0,-16.0,4.0,-20.0,4.0,-24.0,4.0,-26.0,4.0,-28.0,3.0,-28.0,3.0,-28.0,2.0,-26.0,1.0,-23.0,0.0,-19.0,1.0,-15.0
1.3916,122.0,-96.0,7.0,0.0,0.0,0.0,0.0,0.0,0.0,0.0,0.0,0.0,-4.0,-3.0,0.0,-8.0,4.0,-11.0,7.0,-15.0,10.0,-19.0,12.0,-23.0,13.0,-25.0,15.0,-28.0,14.0,-28.0,13.0,-28.0,12.0,-27.0,11.0,-25.0,10.0,-21.0,7.0,-17.0,7.0,-12.0,4.0,-6.0,3.0,0.0,3.0,6.0,3.0,12.0,3.0,17.0,4.0,22.0,6.0,24.0,6.0,28.0,8.0,28.0,8.0,28.0,9.0,28.0
1.4072,122.0,-96.0,7.0,0.0,0.0,0.0,0.0,0.0,0.0,0.0,0.0,0.0,16.0,13.0,12.0,10.0,8.0,8.0,3.0,5.0,-2.0,3.0,-7.0,1.0,-13.0,0.0,-18.0,-1.0,-23.0,-2.0,-27.0,-2.0,-30.0,-3.0,-32.0,-2.0,-32.0,-1.0,-32.0,-1.0,-30.0,0.0,-26.0,1.0,-23.0,1.0,-18.0,0.0,-13.0,-1.0,-8.0,-2.0,-2.0,-5.0,3.0,-7.0,9.0,-10.0,13.0,-13.0,16.0,-15.0,17.0,-18.0
1.423,122.0,-96.0,7.0,0.0,0.0,0.0,0.0,0.0,0.0,0.0,0.0,0.0,-16.0,-9.0,-16.0,-9.0,-16.0,-9.0,-16.0,-10.0,-16.0,-11.0,-16.0,-11.0,-15.0,-11.0,-15.0,-12.0,-14.0,-12.0,-14.0,-12.0,-15.0,-12.0,-14.0,-12.0,-14.0,-12.0,-13.0,-13.0,-13.0,-13.0,-13.0,-13.0,-13.0,-13.0,-12.0,-13.0,-12.0,-13.0,-11.0,-12.0,-11.0,-12.0,-11.0,-12.0,-12.0,-12.0,-11.0,-12.0,-11.0,-11.0,-11.0,-11.0
1.4386,122.0,-96.0,7.0,0.0,0.0,0.0,0.0,0.0,0.0,0.0,0.0,0.0,-21.0,-9.0,-21.0,-10.0,-21.0,-10.0,-21.0,-11.0,-21.0,-12.0,-21.0,-13.0,-20.0,-13.0,-20.0,-13.0,-19.0,-13.0,-19.0,-13.0,-19.0,-14.0,-19.0,-14.0,-19.0,-14.0,-18.0,-14.0,-18.0,-14.0,-18.0,-14.0,-18.0,-14.0,-17.0,-15.0,-17.0,-15.0,-17.0,-14.0,-16.0,-14.0,-16.0,-13.0,-16.0,-13.0,-16.0,-12.0,-16.0,-12.0,-16.0,-12.0
1.4529,122.0,-96.0,7.0,0.0,0.0,0.0,0.0,0.0,0.0,0.0,0.0,0.0,15.0,-11.0,11.0,-8.0,8.0,-4.0,4.0,0.0,1.0,5.0,-2.0,9.0,-4.0,14.0,-7.0,18.0,-9.0,22.0,-10.0,25.0,-11.0,28.0,-11.0,29.0,-10.0,30.0,-9.0,28.0,-8.0,27.0,-6.0,23.0,-6.0,20.0,-5.0,14.0,-4.0,9.0,-4.0,3.0,-5.0,-2.0,-6.0,-8.0,-7.0,-14.0,-8.0,-18.0,-11.0,-21.0,-13.0,-24.0
1.4682,122.0,-96.0,7.0,0.0,0.0,0.0,0.0,0.0,0.0,0.0,0.0,0.0,13.0,-18.0,14.0,-18.0,14.0,-18.0,15.0,-18.0,15.0,-17.0,16.0,-17.0,16.0,-16.0,16.0,-17.0,16.0,-16.0,17.0,-15.0,17.0,-16.0,17.0,-15.0,17.0,-14.0,18.0,-14.0,18.0,-14.0,17.0,-14.0,17.0,-14.0,17.0,-14.0,17.0,-13.0,16.0,-13.0,16.0,-13.0,16.0,-13.0,16.0,-12.0,15.0,-13.0,15.0,-13.0,14.0,-12.0
1.481,122.0,-96.0,7.0,0.0,0.0,0.0,0.0,0.0,0.0,0.0,0.0,0.0,-5.0,18.0,-7.0,21.0,-7.0,23.0,-8.0,25.0,-8.0,26.0,-8.0,26.0,-8.0,25.0,-7.0,22.0,-7.0,19.0,-5.0,15.0,-5.0,10.0,-4.0,5.0,-4.0,0.0,-4.0,-6.0,-5.0,-11.0,-5.0,-15.0,-6.0,-20.0,-7.0,-23.0,-8.0,-26.0,-9.0,-27.0,-10.0,-27.0,-10.0,-27.0,-10.0,-25.0,-9.0,-21.0,-8.0,-18.0,-6.0,-14.0
1.4962,122.0,-96.0,7.0,0.0,0.0,0.0,0.0,0.0,0.0,0.0,0.0,0.0,-15.0,-6.0,-15.0,-7.0,-15.0,-7.0,-16.0,-7.0,-15.0,-8.0,-15.0,-8.0,-15.0,-9.0,-15.0,-9.0,-14.0,-9.0,-14.0,-9.0,-14.0,-10.0,-14.0,-10.0,-13.0,-10.0,-14.0,-10.0,-13.0,-10.0,-13.0,-10.0,-13.0,-10.0,-13.0,-10.0,-12.0,-10.0,-12.0,-10.0,-12.0,-9.0,-12.0,-9.0,-11.0,-9.0,-12.0,-9.0,-12.0,-8.0,-12.0,-8.0
1.5098,122.0,-96.0,7.0,0.0,0.0,0.0,0.0,0.0,0.0,0.0,0.0,0.0,-20.0,6.0,-20.0,5.0,-19.0,5.0,-21.0,4.0,-20.0,4.0,-21.0,3.0,-20.0,3.0,-21.0,2.0,-21.0,2.0,-20.0,1.0,-21.0,2.0,-21.0,2.0,-21.0,1.0,-21.0,1.0,-21.0,0.0,-20.0,0.0,-20.0,1.0,-20.0,0.0,-19.0,0.0,-19.0,0.0,-19.0,0.0,-19.0,0.0,-18.0,0.0,-18.0,0.0,-18.0,1.0,-18.0,1.0
1.5235,122.0,-96.0,7.0,0.0,0.0,0.0,0.0,0.0,0.0,0.0,0.0,0.0,25.0,5.0,25.0,5.0,23.0,5.0,22.0,5.0,19.0,5.0,15.0,4.0,10.0,4.0,5.0,3.0,0.0,3.0,-5.0,4.0,-10.0,4.0,-15.0,5.0,-19.0,6.0,-23.0,7.0,-26.0,7.0,-28.0,8.0,-28.0,9.0,-27.0,9.0,-25.0,9.0,-22.0,8.0,-18.0,7.0,-15.0,5.0,-11.0,3.0,-7.0,0.0,-3.0,-3.0,1.0,-7.0
1.5386,122.0,-96.0,7.0,0.0,0.0,0.0,0.0,0.0,0.0,0.0,0.0,0.0,4.0,22.0,2.0,17.0,0.0,11.0,-3.0,5.0,-7.0,-2.0,-11.0,-8.0,-15.0,-13.0,-19.0,-17.0,-23.0,-22.0,-26.0,-24.0,-28.0,-26.0,-29.0,-26.0,-31.0,-26.0,-30.0,-25.0,-28.0,-23.0,-25.0,-18.0,-21.0,-16.0,-16.0,-13.0,-9.0,-10.0,-3.0,-7.0,4.0,-5.0,11.0,-3.0,18.0,-2.0,24.0,-1.0,28.0,-2.0,32.0,-3.0
1.5521,122.0,-96.0,7.0,0.0,0.0,0.0,0.0,0.0,0.0,0.0,0.0,0.0,-19.0,18.0,-19.0,18.0,-18.0,17.0,-17.0,16.0,-15.0,13.0,-12.0,10.0,-9.0,7.0,-6.0,2.0,-4.0,-2.0,-2.0,-7.0,0.0,-11.0,2.0,-16.0,3.0,-20.0,4.0,-23.0,5.0,-27.0,5.0,-28.0,5.0,-29.0,4.0,-28.0,3.0,-27.0,2.0,-24.0,1.0,-20.0,2.0,-16.0,2.0,-11.0,2.0,-7.0,3.0,-1.0,4.0,3.0
1.5664,122.0,-96.0,7.0,0.0,0.0,0.0,0.0,0.0,0.0,0.0,0.0,0.0,-22.0,9.0,-18.0,7.0,-13.0,4.0,-8.0,1.0,-3.0,-4.0,2.0,-8.0,5.0,-13.0,9.0,-17.0,13.0,-22.0,14.0,-25.0,17.0,-28.0,16.0,-30.0,16.0,-31.0,16.0,-31.0,14.0,-30.0,12.0,-26.0,11.0,-23.0,8.0,-18.0,7.0,-13.0,5.0,-7.0,5.0,0.0,3.0,6.0,4.0,13.0,4.0,19.0,5.0,23.0,7.0,26.0
1.5803,122.0,-96.0,7.0,0.0,0.0,0.0,0.0,0.0,0.0,0.0,0.0,0.0,17.0,-7.0,20.0,-9.0,23.0,-10.0,24.0,-10.0,25.0,-10.0,25.0,-10.0,24.0,-10.0,21.0,-9.0,19.0,-8.0,15.0,-6.0,11.0,-4.0,6.0,-1.0,2.0,2.0,-3.0,6.0,-6.0,9.0,-10.0,13.0,-13.0,16.0,-15.0,19.0,-15.0,21.0,-16.0,22.0,-16.0,23.0,-15.0,23.0,-14.0,22.0,-11.0,19.0,-9.0,16.0,-8.0,13.0
1.5938,122.0,-96.0,7.0,0.0,0.0,0.0,0.0,0.0,0.0,0.0,0.0,0.0,17.0,-8.0,20.0,-9.0,22.0,-10.0,24.0,-11.0,25.0,-11.0,25.0,-11.0,23.0,-11.0,21.0,-10.0,19.0,-8.0,14.0,-6.0,11.0,-4.0,6.0,-1.0,2.0,2.0,-3.0,6.0,-6.0,10.0,-9.0,13.0,-12.0,17.0,-14.0,20.0,-15.0,21.0,-16.0,23.0,-15.0,24.0,-15.0,24.0,-13.0,22.0,-11.0,20.0,-9.0,16.0,-7.0,13.0
1.6115,122.0,-96.0,7.0,0.0,0.0,0.0,0.0,0.0,0.0,0.0,0.0,0.0,-21.0,-8.0,-21.0,-9.0,-22.0,-9.0,-22.0,-10.0,-22.0,-11.0,-21.0,-11.0,-21.0,-11.0,-21.0,-12.0,-20.0,-12.0,-20.0,-13.0,-20.0,-13.0,-20.0,-13.0,-19.0,-13.0,-19.0,-14.0,-19.0,-14.0,-18.0,-14.0,-18.0,-14.0,-18.0,-14.0,-17.0,-14.0,-17.0,-13.0,-17.0,-13.0,-16.0,-13.0,-16.0,-13.0,-16.0,-12.0,-16.0,-12.0,-16.0,-11.0
1.6254,122.0,-96.0,7.0,0.0,0.0,0.0,0.0,0.0,0.0,0.0,0.0,0.0,-10.0,-22.0,-11.0,-25.0,-11.0,-27.0,-12.0,-28.0,-12.0,-28.0,-12.0,-28.0,-11.0,-26.0,-10.0,-23.0,-8.0,-20.0,-6.0,-15.0,-3.0,-11.0,0.0,-6.0,4.0,-1.0,8.0,4.0,12.0,8.0,16.0,11.0,20.0,14.0,22.0,16.0,24.0,17.0,26.0,17.0,26.0,16.0,25.0,16.0,24.0,14.0,21.0,11.0,17.0,9.0,12.0,7.0
1.6381,122.0,-96.0,7.0,0.0,0.0,0.0,0.0,0.0,0.0,0.0,0.0,0.0,4.0,22.0,4.0,25.0,5.0,28.0,5.0,29.0,5.0,29.0,5.0,29.0,4.0,27.0,4.0,23.0,3.0,20.0,2.0,15.0,0.0,10.0,-3.0,4.0,-5.0,-1.0,-8.0,-7.0,-11.0,-11.0,-14.0,-15.0,-16.0,-19.0,-19.0,-21.0,-21.0,-22.0,-22.0,-23.0,-23.0,-22.0,-22.0,-22.0,-21.0,-20.0,-19.0,-17.0,-15.0,-13.0,-12.0,-11.0
1.6543,122.0,-96.0,7.0,0.0,0.0,0.0,0.0,0.0,0.0,0.0,0.0,0.0,13.0,13.0,9.0,9.0,5.0,7.0,0.0,4.0,-5.0,2.0,-10.0,-1.0,-15.0,-1.0,-20.0,-3.0,-24.0,-4.0,-28.0,-4.0,-30.0,-5.0,-32.0,-4.0,-32.0,-3.0,-31.0,-3.0,-28.0,-2.0,-25.0,-1.0,-21.0,-1.0,-16.0,-1.0,-11.0,-2.0,-5.0,-3.0,0.0,-6.0,6.0,-8.0,11.0,-10.0,15.0,-12.0,18.0,-15.0,19.0,-18.0
1.667,122.0,-96.0,7.0,0.0,0.0,0.0,0.0,0.0,0.0,0.0,0.0,0.0,19.0,5.0,22.0,7.0,24.0,8.0,25.0,8.0,26.0,8.0,25.0,8.0,23.0,7.0,20.0,6.0,17.0,6.0,12.0,4.0,8.0,4.0,2.0,3.0,-3.0,3.0,-9.0,3.0,-14.0,4.0,-18.0,4.0,-22.0,5.0,-25.0,6.0,-27.0,7.0,-28.0,7.0,-27.0,8.0,-27.0,8.0,-24.0,8.0,-21.0,7.0,-17.0,6.0,-13.0,4.0
1.6819,122.0,-96.0,7.0,0.0,0.0,0.0,0.0,0.0,0.0,0.0,0.0,0.0,-8.0,-20.0,-9.0,-23.0,-9.0,-25.0,-10.0,-25.0,-10.0,-26.0,-10.0,-25.0,-9.0,-23.0,-8.0,-21.0,-6.0,-18.0,-5.0,-14.0,-2.0,-9.0,1.0,-5.0,4.0,-1.0,7.0,4.0,11.0,7.0,14.0,11.0,17.0,13.0,19.0,15.0,21.0,16.0,22.0,16.0,23.0,15.0,22.0,15.0,21.0,13.0,18.0,11.0,15.0,8.0,11.0,7.0
1.695,122.0,-96.0,7.0,0.0,0.0,0.0,0.0,0.0,0.0,0.0,0.0,0.0,-32.0,4.0,-31.0,3.0,-29.0,3.0,-26.0,3.0,-22.0,1.0,-17.0,1.0,-12.0,-1.0,-5.0,-4.0,1.0,-6.0,6.0,-9.0,11.0,-12.0,16.0,-15.0,20.0,-17.0,23.0,-20.0,25.0,-22.0,27.0,-23.0,26.0,-24.0,25.0,-23.0,22.0,-22.0,19.0,-20.0,15.0,-16.0,12.0,-12.0,9.0,-7.0,6.0,-2.0,2.0,4.0,0.0,9.0
1.7088,122.0,-96.0,7.0,0.0,0.0,0.0,0.0,0.0,0.0,0.0,0.0,0.0,-10.0,17.0,-12.0,20.0,-14.0,22.0,-14.0,23.0,-14.0,23.0,-14.0,23.0,-13.0,21.0,-11.0,18.0,-10.0,15.0,-8.0,11.0,-6.0,7.0,-5.0,2.0,-4.0,-3.0,-2.0,-9.0,-2.0,-14.0,-1.0,-18.0,-1.0,-22.0,-1.0,-26.0,-2.0,-28.0,-2.0,-29.0,-3.0,-28.0,-3.0,-28.0,-3.0,-25.0,-4.0,-22.0,-3.0,-18.0,-2.0,-14.0
1.7223,122.0,-96.0,7.0,0.0,0.0,0.0,0.0,0.0,0.0,0.0,0.0,0.0,3.0,4.0,2.0,9.0,0.0,14.0,0.0,19.0,-1.0,23.0,-1.0,27.0,0.0,29.0,-1.0,31.0,0.0,30.0,1.0,30.0,1.0,27.0,1.0,24.0,0.0,20.0,0.0,15.0,-2.0,10.0,-3.0,5.0,-5.0,-1.0,-8.0,-7.0,-10.0,-12.0,-13.0,-16.0,-16.0,-19.0,-18.0,-21.0,-20.0,-23.0,-21.0,-22.0,-22.0,-21.0,-22.0,-20.0
1.7368,122.0,-96.0,7.0,0.0,0.0,0.0,0.0,0.0,0.0,0.0,0.0,0.0,-11.0,19.0,-12.0,19.0,-12.0,19.0,-13.0,19.0,-13.0,19.0,-14.0,18.0,-14.0,18.0,-15.0,18.0,-15.0,17.0,-15.0,17.0,-16.0,17.0,-15.0,17.0,-15.0,16.0,-15.0,16.0,-16.0,16.0,-16.0,15.0,-16.0,15.0,-16.0,15.0,-16.0,14.0,-15.0,14.0,-15.0,14.0,-15.0,13.0,-15.0,14.0,-14.0,14.0,-13.0,14.0,-13.0,14.0
1.7502,122.0,-96.0,7.0,0.0,0.0,0.0,0.0,0.0,0.0,0.0,0.0,0.0,-4.0,18.0,-6.0,21.0,-6.0,24.0,-6.0,25.0,-6.0,26.0,-6.0,26.0,-6.0,25.0,-5.0,22.0,-5.0,20.0,-4.0,15.0,-4.0,11.0,-4.0,5.0,-4.0,0.0,-4.0,-6.0,-5.0,-11.0,-6.0,-15.0,-8.0,-20.0,-9.0,-23.0,-10.0,-25.0,-11.0,-26.0,-12.0,-26.0,-12.0,-26.0,-12.0,-24.0,-11.0,-21.0,-10.0,-17.0,-8.0,-14.0
1.7638,122.0,-96.0,7.0,0.0,0.0,0.0,0.0,0.0,0.0,0.0,0.0,0.0,-2.0,23.0,-2.0,26.0,-2.0,28.0,-2.0,29.0,-2.0,30.0,-2.0,29.0,-2.0,27.0,-2.0,23.0,-3.0,20.0,-2.0,15.0,-3.0,9.0,-4.0,4.0,-5.0,-2.0,-6.0,-8.0,-8.0,-13.0,-10.0,-18.0,-12.0,-22.0,-14.0,-25.0,-15.0,-27.0,-16.0,-28.0,-17.0,-27.0,-16.0,-26.0,-16.0,-24.0,-14.0,-20.0,-12.0,-16.0,-9.0,-13.0
1.7793,122.0,-96.0,7.0,0.0,0.0,0.0,0.0,0.0,0.0,0.0,0.0,0.0,17.0,-14.0,17.0,-14.0,18.0,-13.0,18.0,-13.0,19.0,-13.0,19.0,-13.0,19.0,-12.0,19.0,-12.0,19.0,-11.0,20.0,-11.0,20.0,-11.0,20.0,-10.0,20.0,-9.0,20.0,-9.0,20.0,-9.0,20.0,-9.0,19.0,-8.0,20.0,-8.0,20.0,-8.0,19.0,-7.0,19.0,-8.0,18.0,-8.0,19.0,-7.0,18.0,-8.0,17.0,-8.0,16.0,-8.0
1.7925,122.0,-96.0,7.0,0.0,0.0,0.0,0.0,0.0,0.0,0.0,0.0,0.0,19.0,-9.0,21.0,-9.0,23.0,-11.0,24.0,-11.0,25.0,-11.0,24.0,-11.0,22.0,-10.0,20.0,-9.0,17.0,-7.0,13.0,-5.0,9.0,-3.0,4.0,1.0,0.0,4.0,-4.0,7.0,-8.0,11.0,-11.0,14.0,-13.0,17.0,-15.0,20.0,-16.0,22.0,-16.0,23.0,-15.0,23.0,-15.0,23.0,-14.0,21.0,-11.0,18.0,-9.0,15.0,-7.0,11.0
1.8072,122.0,-96.0,7.0,0.0,0.0,0.0,0.0,0.0,0.0,0.0,0.0,0.0,9.0,27.0,9.0,27.0,8.0,26.0,8.0,23.0,6.0,20.0,5.0,16.0,2.0,12.0,0.0,7.0,-4.0,2.0,-7.0,-2.0,-11.0,-7.0,-14.0,-10.0,-17.0,-14.0,-21.0,-17.0,-23.0,-19.0,-24.0,-21.0,-26.0,-20.0,-25.0,-19.0,-24.0,-17.0,-22.0,-15.0,-19.0,-12.0,-15.0,-10.0,-10.0,-8.0,-5.0,-7.0,0.0,-4.0,6.0,-3.0
1.8217,122.0,-96.0,7.0,0.0,0.0,0.0,0.0,0.0,0.0,0.0,0.0,0.0,12.0,-14.0,15.0,-16.0,17.0,-18.0,18.0,-19.0,19.0,-20.0,18.0,-20.0,17.0,-19.0,16.0,-17.0,14.0,-15.0,11.0,-12.0,8.0,-8.0,6.0,-4.0,3.0,1.0,0.0,6.0,-1.0,11.0,-3.0,15.0,-4.0,19.0,-5.0,23.0,-5.0,25.0,-5.0,27.0,-4.0,28.0,-4.0,27.0,-3.0,26.0,-2.0,22.0,-1.0,18.0,-1.0,14.0
1.8353,122.0,-96.0,7.0,0.0,0.0,0.0,0.0,0.0,0.0,0.0,0.0,0.0,-3.0,-4.0,1.0,-7.0,6.0,-10.0,10.0,-14.0,13.0,-17.0,15.0,-20.0,16.0,-23.0,18.0,-25.0,17.0,-26.0,17.0,-26.0,16.0,-24.0,14.0,-22.0,13.0,-19.0,9.0,-15.0,8.0,-11.0,5.0,-6.0,3.0,0.0,3.0,6.0,2.0,12.0,2.0,17.0,2.0,22.0,4.0,24.0,4.0,28.0,5.0,29.0,6.0,29.0,7.0,28.0
1.8502,122.0,-96.0,7.0,0.0,0.0,0.0,0.0,0.0,0.0,0.0,0.0,0.0,-2.0,-21.0,-2.0,-24.0,-2.0,-27.0,-3.0,-27.0,-2.0,-28.0,-3.0,-27.0,-2.0,-25.0,-2.0,-22.0,-1.0,-19.0,-1.0,-14.0,0.0,-10.0,2.0,-5.0,4.0,0.0,6.0,6.0,8.0,10.0,10.0,14.0,12.0,17.0,15.0,19.0,16.0,21.0,17.0,22.0,18.0,21.0,18.0,20.0,16.0,18.0,14.0,15.0,12.0,12.0,9.0,9.0
1.8627,122.0,-96.0,7.0,0.0,0.0,0.0,0.0,0.0,0.0,0.0,0.0,0.0,-14.0,18.0,-11.0,15.0,-9.0,10.0,-7.0,5.0,-5.0,-1.0,-3.0,-8.0,-3.0,-13.0,-1.0,-20.0,-1.0,-25.0,-1.0,-29.0,0.0,-33.0,-1.0,-35.0,-2.0,-35.0,-2.0,-35.0,-3.0,-33.0,-4.0,-29.0,-3.0,-25.0,-2.0,-20.0,-1.0,-15.0,1.0,-9.0,4.0,-3.0,7.0,3.0,10.0,9.0,13.0,14.0,17.0,16.0,20.0,18.0
1.8771,122.0,-96.0,7.0,0.0,0.0,0.0,0.0,0.0,0.0,0.0,0.0,0.0,-1.0,5.0,-5.0,8.0,-9.0,11.0,-12.0,14.0,-15.0,18.0,-18.0,21.0,-19.0,22.0,-21.0,24.0,-19.0,24.0,-19.0,23.0,-17.0,22.0,-15.0,20.0,-13.0,16.0,-10.0,12.0,-8.0,7.0,-6.0,2.0,-4.0,-4.0,-3.0,-9.0,-1.0,-15.0,-1.0,-20.0,-1.0,-25.0,-2.0,-27.0,-2.0,-30.0,-4.0,-30.0,-4.0,-30.0,-5.0,-29.0
1.8913,122.0,-96.0,7.0,0.0,0.0,0.0,0.0,0.0,0.0,0.0,0.0,0.0,-10.0,-25.0,-10.0,-25.0,-10.0,-24.0,-9.0,-22.0,-7.0,-19.0,-6.0,-15.0,-3.0,-12.0,-1.0,-7.0,2.0,-3.0,6.0,1.0,9.0,5.0,12.0,8.0,15.0,10.0,18.0,13.0,21.0,15.0,22.0,17.0,23.0,16.0,23.0,15.0,22.0,14.0,20.0,12.0,16.0,9.0,13.0,8.0,9.0,6.0,4.0,5.0,-1.0,3.0,-6.0,2.0
1.9057,122.0,-96.0,7.0,0.0,0.0,0.0,0.0,0.0,0.0,0.0,0.0,0.0,-3.0,-5.0,-1.0,-10.0,2.0,-15.0,3.0,-19.0,5.0,-24.0,5.0,-27.0,5.0,-29.0,6.0,-31.0,4.0,-31.0,4.0,-30.0,3.0,-28.0,3.0,-25.0,3.0,-21.0,2.0,-16.0,3.0,-11.0,2.0,-5.0,4.0,1.0,6.0,6.0,7.0,12.0,10.0,16.0,12.0,20.0,15.0,22.0,16.0,25.0,17.0,24.0,18.0,23.0,18.0,22.0
1.9187,122.0,-96.0,7.0,0.0,0.0,0.0,0.0,0.0,0.0,0.0,0.0,0.0,2.0,15.0,2.0,15.0,2.0,15.0,1.0,16.0,1.0,16.0,1.0,16.0,0.0,16.0,0.0,16.0,0.0,16.0,-1.0,16.0,-1.0,16.0,-2.0,15.0,-2.0,15.0,-2.0,15.0,-2.0,15.0,-2.0,15.0,-2.0,15.0,-2.0,15.0,-2.0,15.0,-2.0,14.0,-2.0,14.0,-2.0,14.0,-2.0,14.0,-2.0,13.0,-2.0,13.0,-2.0,13.0
1.9324,122.0,-96.0,7.0,0.0,0.0,0.0,0.0,0.0,0.0,0.0,0.0,0.0,-14.0,15.0,-16.0,18.0,-17.0,20.0,-17.0,20.0,-18.0,21.0,-17.0,20.0,-16.0,19.0,-14.0,16.0,-12.0,14.0,-10.0,9.0,-7.0,6.0,-5.0,1.0,-3.0,-4.0,-1.0,-9.0,0.0,-14.0,2.0,-18.0,2.0,-22.0,2.0,-26.0,2.0,-27.0,2.0,-29.0,1.0,-28.0,1.0,-28.0,0.0,-25.0,0.0,-22.0,-1.0,-18.0,0.0,-14.0
1.9466,122.0,-96.0,7.0,0.0,0.0,0.0,0.0,0.0,0.0,0.0,0.0,0.0,-6.0,14.0,-7.0,15.0,-7.0,14.0,-8.0,15.0,-8.0,14.0,-8.0,14.0,-8.0,14.0,-9.0,14.0,-9.0,13.0,-9.0,13.0,-10.0,13.0,-10.0,13.0,-9.0,13.0,-10.0,13.0,-10.0,12.0,-10.0,12.0,-10.0,12.0,-10.0,12.0,-10.0,11.0,-9.0,11.0,-9.0,11.0,-9.0,11.0,-9.0,10.0,-9.0,11.0,-8.0,10.0,-8.0,11.0
1.9602,122.0,-96.0,7.0,0.0,0.0,0.0,0.0,0.0,0.0,0.0,0.0,0.0,-21.0,-1.0,-17.0,-1.0,-12.0,-1.0,-7.0,-2.0,-2.0,-4.0,4.0,-6.0,8.0,-9.0,13.0,-11.0,18.0,-13.0,21.0,-15.0,24.0,-16.0,25.0,-18.0,25.0,-19.0,24.0,-19.0,22.0,-19.0,19.0,-17.0,16.0,-15.0,13.0,-12.0,10.0,-8.0,7.0,-4.0,3.0,2.0,0.0,6.0,-2.0,12.0,-4.0,17.0,-4.0,21.0,-4.0,24.0
1.9741,122.0,-96.0,7.0,0.0,0.0,0.0,0.0,0.0,0.0,0.0,0.0,0.0,-13.0,8.0,-14.0,8.0,-14.0,8.0,-14.0,8.0,-15.0,7.0,-15.0,7.0,-15.0,7.0,-15.0,7.0,-15.0,6.0,-15.0,6.0,-15.0,6.0,-16.0,6.0,-15.0,5.0,-16.0,5.0,-16.0,5.0,-15.0,5.0,-15.0,4.0,-16.0,4.0,-15.0,4.0,-14.0,4.0,-14.0,4.0,-14.0,4.0,-14.0,4.0,-14.0,4.0,-13.0,4.0,-13.0,4.0
1.9883,122.0,-96.0,7.0,0.0,0.0,0.0,0.0,0.0,0.0,0.0,0.0,0.0,17.0,-6.0,21.0,-6.0,23.0,-7.0,25.0,-7.0,26.0,-7.0,26.0,-7.0,25.0,-7.0,22.0,-6.0,20.0,-5.0,15.0,-4.0,11.0,-2.0,6.0,0.0,2.0,2.0,-3.0,5.0,-7.0,8.0,-11.0,11.0,-15.0,14.0,-17.0,17.0,-19.0,19.0,-19.0,20.0,-19.0,21.0,-18.0,21.0,-17.0,20.0,-14.0,18.0,-12.0,15.0,-9.0,11.0
2.0018,122.0,-96.0,7.0,0.0,0.0,0.0,0.0,0.0,0.0,0.0,0.0,0.0,-20.0,25.0,-20.0,25.0,-19.0,23.0,-17.0,22.0,-16.0,18.0,-13.0,15.0,-10.0,10.0,-7.0,4.0,-5.0,-2.0,-3.0,-8.0,-2.0,-14.0,0.0,-19.0,1.0,-25.0,1.0,-29.0,3.0,-33.0,3.0,-35.0,1.0,-36.0,1.0,-35.0,0.0,-33.0,0.0,-30.0,-1.0,-25.0,0.0,-20.0,1.0,-14.0,2.0,-8.0,4.0,-2.0,6.0,4.0
2.0169,122.0,-96.0,7.0,0.0,0.0,0.0,0.0,0.0,0.0,0.0,0.0,0.0,21.0,-6.0,22.0,-5.0,21.0,-6.0,22.0,-5.0,22.0,-4.0,22.0,-4.0,22.0,-3.0,22.0,-2.0,23.0,-2.0,22.0,-2.0,22.0,-1.0,22.0,-1.0,22.0,-1.0,22.0,0.0,21.0,1.0,21.0,0.0,21.0,0.0,21.0,1.0,21.0,1.0,20.0,1.0,20.0,1.0,19.0,0.0,19.0,0.0,19.0,0.0,19.0,0.0,18.0,-1.0
2.0309,122.0,-96.0,7.0,0.0,0.0,0.0,0.0,0.0,0.0,0.0,0.0,0.0,-8.0,22.0,-7.0,17.0,-5.0,12.0,-5.0,6.0,-5.0,-1.0,-5.0,-7.0,-6.0,-12.0,-7.0,-19.0,-7.0,-24.0,-9.0,-28.0,-10.0,-31.0,-11.0,-33.0,-12.0,-33.0,-13.0,-33.0,-13.0,-31.0,-12.0,-27.0,-10.0,-23.0,-8.0,-19.0,-5.0,-14.0,-2.0,-9.0,3.0,-4.0,8.0,0.0,12.0,5.0,17.0,9.0,21.0,10.0,25.0,11.0
2.044,122.0,-96.0,7.0,0.0,0.0,0.0,0.0,0.0,0.0,0.0,0.0,0.0,16.0,-28.0,16.0,-27.0,15.0,-25.0,13.0,-22.0,11.0,-19.0,9.0,-14.0,7.0,-9.0,5.0,-2.0,3.0,3.0,2.0,10.0,1.0,16.0,1.0,21.0,0.0,25.0,0.0,30.0,0.0,32.0,1.0,35.0,2.0,34.0,2.0,33.0,3.0,31.0,3.0,27.0,2.0,22.0,1.0,17.0,-1.0,11.0,-3.0,5.0,-5.0,-1.0,-9.0,-6.0
2.0601,122.0,-96.0,7.0,0.0,0.0,0.0,0.0,0.0,0.0,0.0,0.0,0.0,-19.0,-13.0,-18.0,-13.0,-19.0,-14.0,-19.0,-14.0,-18.0,-15.0,-18.0,-16.0,-17.0,-15.0,-17.0,-16.0,-17.0,-16.0,-17.0,-16.0,-16.0,-17.0,-16.0,-17.0,-16.0,-17.0,-15.0,-17.0,-15.0,-17.0,-15.0,-17.0,-15.0,-16.0,-15.0,-17.0,-14.0,-17.0,-14.0,-16.0,-14.0,-16.0,-14.0,-15.0,-13.0,-15.0,-13.0,-15.0,-13.0,-14.0,-13.0,-14.0
2.0735,122.0,-96.0,7.0,0.0,0.0,0.0,0.0,0.0,0.0,0.0,0.0,0.0,23.0,-1.0,17.0,0.0,11.0,1.0,4.0,3.0,-3.0,5.0,-9.0,8.0,-15.0,11.0,-20.0,14.0,-25.0,17.0,-28.0,20.0,-31.0,21.0,-31.0,23.0,-31.0,24.0,-30.0,24.0,-27.0,22.0,-23.0,20.0,-19.0,17.0,-16.0,12.0,-11.0,7.0,-7.0,1.0,-5.0,-6.0,-1.0,-12.0,2.0,-19.0,4.0,-24.0,4.0,-29.0,3.0,-33.0
2.0879,122.0,-96.0,7.0,0.0,0.0,0.0,0.0,0.0,0.0,0.0,0.0,0.0,-20.0,6.0,-23.0,7.0,-25.0,7.0,-26.0,8.0,-26.0,8.0,-26.0,8.0,-24.0,7.0,-21.0,7.0,-18.0,5.0,-14.0,3.0,-10.0,1.0,-5.0,-2.0,-1.0,-5.0,4.0,-8.0,7.0,-12.0,11.0,-14.0,13.0,-17.0,15.0,-20.0,16.0,-22.0,16.0,-23.0,15.0,-24.0,15.0,-23.0,13.0,-21.0,11.0,-19.0,9.0,-16.0,7.0,-12.0
2.1017,122.0,-96.0,7.0,0.0,0.0,0.0,0.0,0.0,0.0,0.0,0.0,0.0,-5.0,2.0,-10.0,2.0,-15.0,1.0,-20.0,1.0,-24.0,1.0,-28.0,1.0,-29.0,3.0,-32.0,2.0,-31.0,4.0,-30.0,4.0,-28.0,4.0,-25.0,4.0,-21.0,2.0,-16.0,2.0,-12.0,-1.0,-6.0,-2.0,0.0,-5.0,4.0,-8.0,9.0,-12.0,12.0,-15.0,16.0,-19.0,16.0,-22.0,18.0,-23.0,17.0,-25.0,17.0,-25.0,15.0,-25.0
2.1164,122.0,-96.0,7.0,0.0,0.0,0.0,0.0,0.0,0.0,0.0,0.0,0.0,1.0,18.0,0.0,13.0,-1.0,8.0,-3.0,3.0,-5.0,-2.0,-8.0,-7.0,-11.0,-11.0,-13.0,-15.0,-15.0,-19.0,-18.0,-21.0,-19.0,-24.0,-21.0,-24.0,-21.0,-24.0,-21.0,-23.0,-20.0,-21.0,-18.0,-17.0,-15.0,-15.0,-11.0,-12.0,-7.0,-9.0,-2.0,-6.0,3.0,-4.0,9.0,-2.0,14.0,1.0,19.0,2.0,23.0,2.0,26.0,1.0
2.13,122.0,-96.0,7.0,0.0,0.0,0.0,0.0,0.0,0.0,0.0,0.0,0.0,20.0,10.0,24.0,12.0,26.0,14.0,28.0,15.0,29.0,15.0,29.0,15.0,27.0,15.0,25.0,13.0,22.0,12.0,16.0,9.0,12.0,7.0,5.0,5.0,-1.0,4.0,-8.0,2.0,-14.0,2.0,-20.0,1.0,-25.0,1.0,-29.0,2.0,-33.0,3.0,-34.0,3.0,-35.0,4.0,-34.0,4.0,-32.0,5.0,-28.0,5.0,-24.0,4.0,-19.0,3.0
2.1432,122.0,-96.0,7.0,0.0,0.0,0.0,0.0,0.0,0.0,0.0,0.0,0.0,-17.0,-13.0,-20.0,-16.0,-22.0,-18.0,-23.0,-19.0,-24.0,-20.0,-24.0,-19.0,-23.0,-19.0,-20.0,-17.0,-18.0,-15.0,-14.0,-12.0,-10.0,-10.0,-5.0,-7.0,1.0,-4.0,6.0,-1.0,12.0,0.0,17.0,2.0,22.0,2.0,26.0,3.0,28.0,3.0,30.0,3.0,31.0,2.0,30.0,2.0,28.0,1.0,25.0,0.0,20.0,-1.0,16.0,0.0
2.1579,122.0,-96.0,7.0,0.0,0.0,0.0,0.0,0.0,0.0,0.0,0.0,0.0,-16.0,-14.0,-19.0,-16.0,-20.0,-17.0,-21.0,-18.0,-21.0,-18.0,-21.0,-18.0,-19.0,-16.0,-17.0,-14.0,-15.0,-13.0,-11.0,-10.0,-6.0,-8.0,-2.0,-5.0,3.0,-3.0,8.0,-1.0,13.0,0.0,17.0,2.0,21.0,3.0,24.0,3.0,26.0,3.0,28.0,2.0,27.0,2.0,27.0,1.0,25.0,1.0,21.0,0.0,17.0,0.0,13.0,0.0
2.1712,122.0,-96.0,7.0,0.0,0.0,0.0,0.0,0.0,0.0,0.0,0.0,0.0,-30.0,-12.0,-30.0,-12.0,-29.0,-11.0,-27.0,-10.0,-23.0,-10.0,-18.0,-8.0,-13.0,-7.0,-7.0,-6.0,-1.0,-5.0,6.0,-5.0,12.0,-5.0,17.0,-5.0,23.0,-6.0,28.0,-7.0,31.0,-7.0,33.0,-7.0,34.0,-8.0,33.0,-9.0,30.0,-9.0,27.0,-8.0,23.0,-7.0,19.0,-6.0,13.0,-3.0,8.0,0.0,2.0,3.0,-3.0,7.0
2.1827,122.0,-96.0,7.0,0.0,0.0,0.0,0.0,0.0,0.0,0.0,0.0,0.0,-14.0,-16.0,-10.0,-13.0,-6.0,-9.0,-1.0,-5.0,5.0,-2.0,10.0,1.0,15.0,2.0,21.0,5.0,25.0,7.0,29.0,7.0,32.0,8.0,33.0,7.0,34.0,7.0,33.0,6.0,30.0,5.0,26.0,4.0,22.0,3.0,16.0,3.0,11.0,3.0,5.0,3.0,-2.0,5.0,-8.0,6.0,-14.0,8.0,-19.0,10.0,-23.0,12.0,-25.0,15.0
2.1967,122.0,-96.0,7.0,0.0,0.0,0.0,0.0,0.0,0.0,0.0,0.0,0.0,-18.0,-8.0,-13.0,-6.0,-8.0,-5.0,-3.0,-5.0,3.0,-4.0,9.0,-4.0,14.0,-5.0,19.0,-5.0,23.0,-6.0,26.0,-7.0,28.0,-8.0,30.0,-9.0,30.0,-10.0,28.0,-10.0,26.0,-10.0,22.0,-9.0,19.0,-8.0,14.0,-5.0,10.0,-3.0,5.0,0.0,1.0,4.0,-3.0,8.0,-7.0,12.0,-10.0,16.0,-12.0,20.0,-12.0,23.0
2.2101,122.0,-96.0,7.0,0.0,0.0,0.0,0.0,0.0,0.0,0.0,0.0,0.0,-5.0,17.0,-5.0,17.0,-5.0,17.0,-6.0,17.0,-6.0,17.0,-7.0,17.0,-7.0,16.0,-8.0,16.0,-8.0,16.0,-8.0,16.0,-9.0,16.0,-9.0,15.0,-9.0,15.0,-9.0,15.0,-10.0,15.0,-9.0,15.0,-9.0,15.0,-9.0,14.0,-9.0,14.0,-9.0,14.0,-9.0,13.0,-8.0,13.0,-8.0,13.0,-8.0,13.0,-8.0,13.0,-7.0,13.0
2.2242,122.0,-96.0,7.0,0.0,0.0,0.0,0.0,0.0,0.0,0.0,0.0,0.0,-21.0,1.0,-17.0,1.0,-12.0,0.0,-8.0,-2.0,-2.0,-4.0,4.0,-6.0,8.0,-9.0,13.0,-12.0,17.0,-14.0,19.0,-17.0,22.0,-18.0,23.0,-20.0,23.0,-21.0,23.0,-21.0,21.0,-21.0,17.0,-19.0,15.0,-16.0,12.0,-13.0,9.0,-9.0,6.0,-5.0,4.0,1.0,1.0,6.0,-1.0,12.0,-3.0,17.0,-2.0,21.0,-2.0,25.0
2.24,122.0,-96.0,7.0,0.0,0.0,0.0,0.0,0.0,0.0,0.0,0.0,0.0,16.0,-15.0,17.0,-15.0,17.0,-14.0,17.0,-14.0,19.0,-14.0,18.0,-13.0,19.0,-13.0,19.0,-12.0,19.0,-12.0,20.0,-12.0,20.0,-11.0,20.0,-11.0,19.0,-10.0,20.0,-11.0,20.0,-10.0,20.0,-10.0,19.0,-9.0,20.0,-9.0,19.0,-9.0,18.0,-9.0,18.0,-9.0,18.0,-9.0,18.0,-9.0,17.0,-9.0,17.0,-9.0,16.0,-9.0
2.2545,122.0,-96.0,7.0,0.0,0.0,0.0,0.0,0.0,0.0,0.0,0.0,0.0,0.0,20.0,0.0,16.0,-1.0,11.0,-2.0,7.0,-4.0,1.0,-6.0,-5.0,-9.0,-9.0,-11.0,-14.0,-13.0,-18.0,-16.0,-20.0,-18.0,-23.0,-20.0,-24.0,-21.0,-24.0,-21.0,-24.0,-21.0,-22.0,-18.0,-19.0,-16.0,-17.0,-12.0,-13.0,-9.0,-10.0,-4.0,-7.0,1.0,-5.0,6.0,-2.0,12.0,0.0,17.0,1.0,21.0,1.0,24.0,1.0
2.269,122.0,-96.0,7.0,0.0,0.0,0.0,0.0,0.0,0.0,0.0,0.0,0.0,-16.0,-21.0,-16.0,-21.0,-14.0,-20.0,-13.0,-18.0,-10.0,-15.0,-8.0,-12.0,-4.0,-9.0,0.0,-5.0,4.0,-2.0,8.0,1.0,12.0,3.0,15.0,5.0,19.0,7.0,22.0,9.0,24.0,10.0,25.0,11.0,26.0,10.0,25.0,9.0,23.0,8.0,20.0,7.0,17.0,5.0,12.0,4.0,8.0,4.0,3.0,3.0,-2.0,3.0,-7.0,4.0
2.284,122.0,-96.0,7.0,0.0,0.0,0.0,0.0,0.0,0.0,0.0,0.0,0.0,7.0,-17.0,7.0,-17.0,7.0,-16.0,8.0,-16.0,8.0,-17.0,9.0,-16.0,9.0,-16.0,10.0,-16.0,10.0,-15.0,10.0,-15.0,10.0,-15.0,10.0,-15.0,10.0,-15.0,11.0,-15.0,11.0,-14.0,11.0,-14.0,11.0,-14.0,11.0,-14.0,11.0,-13.0,10.0,-13.0,10.0,-13.0,10.0,-13.0,10.0,-12.0,9.0,-13.0,9.0,-13.0,9.0,-13.0
2.2979,122.0,-96.0,7.0,0.0,0.0,0.0,0.0,0.0,0.0,0.0,0.0,0.0,3.0,-1.0,5.0,4.0,5.0,10.0,6.0,14.0,8.0,19.0,9.0,23.0,11.0,25.0,11.0,28.0,13.0,27.0,13.0,27.0,12.0,25.0,11.0,23.0,10.0,20.0,7.0,16.0,4.0,12.0,1.0,7.0,-3.0,2.0,-8.0,-1.0,-12.0,-5.0,-16.0,-8.0,-21.0,-10.0,-24.0,-10.0,-27.0,-12.0,-28.0,-11.0,-29.0,-10.0,-29.0,-9.0
2.313,122.0,-96.0,7.0,0.0,0.0,0.0,0.0,0.0,0.0,0.0,0.0,0.0,-2.0,18.0,-2.0,13.0,-2.0,8.0,-3.0,3.0,-5.0,-2.0,-7.0,-8.0,-9.0,-12.0,-11.0,-17.0,-13.0,-21.0,-15.0,-24.0,-16.0,-26.0,-18.0,-27.0,-18.0,-27.0,-18.0,-25.0,-17.0,-23.0,-16.0,-19.0,-13.0,-16.0,-10.0,-13.0,-6.0,-10.0,-2.0,-6.0,3.0,-3.0,9.0,-1.0,14.0,2.0,19.0,4.0,22.0,4.0,25.0,4.0
2.3284,122.0,-96.0,7.0,0.0,0.0,0.0,0.0,0.0,0.0,0.0,0.0,0.0,14.0,11.0,10.0,8.0,6.0,6.0,1.0,4.0,-5.0,2.0,-10.0,0.0,-15.0,0.0,-20.0,-2.0,-24.0,-3.0,-28.0,-3.0,-30.0,-3.0,-31.0,-2.0,-32.0,-2.0,-31.0,-1.0,-28.0,-1.0,-25.0,0.0,-21.0,0.0,-16.0,-1.0,-11.0,-2.0,-5.0,-3.0,0.0,-5.0,5.0,-7.0,10.0,-10.0,15.0,-12.0,17.0,-15.0,19.0,-18.0
2.3431,122.0,-96.0,7.0,0.0,0.0,0.0,0.0,0.0,0.0,0.0,0.0,0.0,-2.0,25.0,-2.0,25.0,-2.0,23.0,-2.0,20.0,-2.0,17.0,-2.0,13.0,-3.0,8.0,-3.0,3.0,-5.0,-2.0,-6.0,-7.0,-8.0,-11.0,-9.0,-15.0,-11.0,-19.0,-12.0,-22.0,-13.0,-24.0,-14.0,-25.0,-15.0,-25.0,-15.0,-24.0,-14.0,-22.0,-13.0,-19.0,-11.0,-16.0,-8.0,-12.0,-5.0,-9.0,-1.0,-6.0,3.0,-2.0,7.0,0.0
2.3572,122.0,-96.0,7.0,0.0,0.0,0.0,0.0,0.0,0.0,0.0,0.0,0.0,0.0,-30.0,0.0,-28.0,0.0,-27.0,0.0,-23.0,0.0,-20.0,0.0,-15.0,1.0,-10.0,2.0,-4.0,4.0,1.0,6.0,7.0,8.0,11.0,10.0,15.0,12.0,19.0,14.0,23.0,15.0,25.0,17.0,27.0,17.0,26.0,17.0,25.0,16.0,22.0,14.0,19.0,12.0,16.0,9.0,12.0,5.0,9.0,0.0,5.0,-4.0,2.0,-9.0,-1.0
2.371,122.0,-96.0,7.0,0.0,0.0,0.0,0.0,0.0,0.0,0.0,0.0,0.0,23.0,11.0,23.0,11.0,22.0,11.0,20.0,9.0,17.0,9.0,13.0,7.0,9.0,6.0,4.0,4.0,-1.0,3.0,-6.0,2.0,-11.0,2.0,-16.0,2.0,-20.0,1.0,-24.0,1.0,-27.0,2.0,-29.0,2.0,-29.0,3.0,-28.0,3.0,-26.0,3.0,-24.0,4.0,-20.0,3.0,-16.0,2.0,-12.0,1.0,-7.0,-2.0,-2.0,-4.0,2.0,-6.0
2.3851,122.0,-96.0,7.0,0.0,0.0,0.0,0.0,0.0,0.0,0.0,0.0,0.0,-16.0,10.0,-19.0,11.0,-21.0,13.0,-23.0,14.0,-23.0,15.0,-23.0,15.0,-22.0,14.0,-20.0,12.0,-18.0,11.0,-14.0,8.0,-11.0,6.0,-7.0,1.0,-4.0,-2.0,0.0,-7.0,3.0,-11.0,6.0,-15.0,7.0,-19.0,9.0,-22.0,9.0,-24.0,10.0,-26.0,9.0,-27.0,9.0,-27.0,8.0,-25.0,6.0,-22.0,5.0,-19.0,4.0,-15.0
2.3988,122.0,-96.0,7.0,0.0,0.0,0.0,0.0,0.0,0.0,0.0,0.0,0.0,-16.0,21.0,-13.0,15.0,-11.0,9.0,-6.0,1.0,-4.0,-7.0,-2.0,-15.0,-1.0,-23.0,0.0,-30.0,0.0,-36.0,0.0,-41.0,0.0,-44.0,-2.0,-46.0,-3.0,-46.0,-3.0,-45.0,-3.0,-42.0,-4.0,-36.0,-3.0,-30.0,-2.0,-24.0,0.0,-16.0,3.0,-8.0,7.0,-1.0,10.0,7.0,15.0,13.0,19.0,19.0,24.0,22.0,28.0,25.0
2.4124,122.0,-96.0,7.0,0.0,0.0,0.0,0.0,0.0,0.0,0.0,0.0,0.0,-2.0,20.0,-2.0,23.0,-2.0,26.0,-3.0,26.0,-2.0,27.0,-3.0,26.0,-2.0,24.0,-2.0,21.0,-2.0,18.0,-2.0,13.0,-3.0,9.0,-3.0,4.0,-4.0,-2.0,-6.0,-8.0,-7.0,-12.0,-9.0,-16.0,-10.0,-20.0,-12.0,-23.0,-13.0,-24.0,-14.0,-25.0,-15.0,-25.0,-15.0,-24.0,-14.0,-22.0,-12.0,-18.0,-11.0,-15.0,-8.0,-12.0
2.4263,122.0,-96.0,7.0,0.0,0.0,0.0,0.0,0.0,0.0,0.0,0.0,0.0,-20.0,10.0,-21.0,9.0,-21.0,9.0,-21.0,9.0,-22.0,8.0,-22.0,8.0,-22.0,7.0,-23.0,6.0,-22.0,6.0,-22.0,5.0,-22.0,6.0,-22.0,5.0,-22.0,5.0,-22.0,5.0,-23.0,4.0,-22.0,4.0,-21.0,4.0,-22.0,3.0,-22.0,3.0,-21.0,4.0,-21.0,3.0,-20.0,3.0,-20.0,3.0,-20.0,4.0,-19.0,4.0,-19.0,4.0
2.4395,122.0,-96.0,7.0,0.0,0.0,0.0,0.0,0.0,0.0,0.0,0.0,0.0,-4.0,-21.0,-3.0,-17.0,-2.0,-12.0,0.0,-8.0,3.0,-2.0,5.0,3.0,9.0,7.0,12.0,12.0,15.0,15.0,17.0,18.0,20.0,21.0,21.0,21.0,22.0,21.0,22.0,20.0,22.0,19.0,19.0,16.0,17.0,14.0,13.0,11.0,9.0,9.0,4.0,6.0,-2.0,4.0,-7.0,1.0,-13.0,0.0,-18.0,-1.0,-22.0,-1.0,-26.0,0.0
2.4515,122.0,-96.0,7.0,0.0,0.0,0.0,0.0,0.0,0.0,0.0,0.0,0.0,2.0,17.0,1.0,17.0,1.0,18.0,1.0,17.0,0.0,18.0,0.0,18.0,0.0,18.0,-1.0,18.0,-1.0,18.0,-2.0,18.0,-3.0,18.0,-3.0,17.0,-3.0,17.0,-4.0,17.0,-3.0,17.0,-3.0,17.0,-4.0,16.0,-4.0,17.0,-4.0,16.0,-3.0,16.0,-3.0,15.0,-3.0,15.0,-3.0,15.0,-3.0,15.0,-3.0,14.0,-2.0,14.0
2.4647,122.0,-96.0,7.0,0.0,0.0,0.0,0.0,0.0,0.0,0.0,0.0,0.0,11.0,-27.0,11.0,-28.0,10.0,-25.0,9.0,-24.0,8.0,-20.0,7.0,-16.0,6.0,-12.0,4.0,-6.0,4.0,0.0,3.0,5.0,3.0,10.0,3.0,16.0,3.0,21.0,3.0,26.0,3.0,29.0,3.0,30.0,4.0,31.0,4.0,30.0,5.0,28.0,5.0,25.0,4.0,21.0,3.0,17.0,1.0,12.0,-1.0,7.0,-4.0,2.0,-7.0,-3.0
2.4783,122.0,-96.0,7.0,0.0,0.0,0.0,0.0,0.0,0.0,0.0,0.0,0.0,18.0,-10.0,21.0,-11.0,23.0,-12.0,24.0,-12.0,24.0,-12.0,23.0,-12.0,22.0,-11.0,19.0,-10.0,17.0,-8.0,12.0,-6.0,8.0,-3.0,4.0,0.0,0.0,4.0,-4.0,7.0,-7.0,11.0,-10.0,14.0,-13.0,18.0,-14.0,20.0,-15.0,22.0,-15.0,23.0,-15.0,24.0,-14.0,23.0,-13.0,22.0,-10.0,19.0,-8.0,16.0,-7.0,12.0
2.493,122.0,-96.0,7.0,0.0,0.0,0.0,0.0,0.0,0.0,0.0,0.0,0.0,-20.0,-8.0,-23.0,-10.0,-24.0,-10.0,-25.0,-11.0,-25.0,-11.0,-25.0,-11.0,-23.0,-10.0,-20.0,-9.0,-17.0,-8.0,-13.0,-7.0,-8.0,-6.0,-3.0,-4.0,2.0,-4.0,8.0,-3.0,13.0,-3.0,17.0,-3.0,21.0,-4.0,24.0,-4.0,26.0,-5.0,27.0,-5.0,27.0,-6.0,26.0,-6.0,24.0,-6.0,20.0,-6.0,17.0,-5.0,13.0,-4.0
2.5066,122.0,-96.0,7.0,0.0,0.0,0.0,0.0,0.0,0.0,0.0,0.0,0.0,-8.0,17.0,-7.0,12.0,-5.0,7.0,-4.0,2.0,-4.0,-4.0,-4.0,-10.0,-4.0,-15.0,-5.0,-20.0,-5.0,-24.0,-6.0,-27.0,-7.0,-30.0,-8.0,-31.0,-9.0,-31.0,-9.0,-30.0,-8.0,-28.0,-8.0,-23.0,-7.0,-20.0,-5.0,-15.0,-2.0,-11.0,0.0,-6.0,5.0,-2.0,7.0,3.0,12.0,7.0,15.0,11.0,19.0,12.0,22.0,13.0
2.5199,122.0,-96.0,7.0,0.0,0.0,0.0,0.0,0.0,0.0,0.0,0.0,0.0,-20.0,-7.0,-15.0,-6.0,-9.0,-5.0,-3.0,-4.0,3.0,-5.0,10.0,-5.0,15.0,-6.0,21.0,-7.0,25.0,-7.0,29.0,-9.0,31.0,-10.0,32.0,-11.0,32.0,-12.0,31.0,-12.0,28.0,-11.0,24.0,-11.0,21.0,-9.0,16.0,-7.0,11.0,-3.0,6.0,0.0,1.0,5.0,-3.0,9.0,-8.0,14.0,-11.0,18.0,-13.0,22.0,-13.0,25.0
2.5334,122.0,-96.0,7.0,0.0,0.0,0.0,0.0,0.0,0.0,0.0,0.0,0.0,-18.0,-1.0,-18.0,-2.0,-18.0,-2.0,-18.0,-2.0,-18.0,-3.0,-19.0,-3.0,-18.0,-4.0,-19.0,-4.0,-18.0,-5.0,-18.0,-5.0,-18.0,-5.0,-18.0,-5.0,-18.0,-5.0,-18.0,-5.0,-18.0,-6.0,-17.0,-6.0,-17.0,-6.0,-17.0,-6.0,-17.0,-6.0,-16.0,-6.0,-16.0,-5.0,-15.0,-6.0,-16.0,-5.0,-15.0,-5.0,-15.0,-4.0,-15.0,-4.0
2.5472,122.0,-96.0,7.0,0.0,0.0,0.0,0.0,0.0,0.0,0.0,0.0,0.0,-15.0,-15.0,-17.0,-18.0,-18.0,-19.0,-19.0,-19.0,-20.0,-20.0,-19.0,-19.0,-17.0,-18.0,-16.0,-16.0,-13.0,-14.0,-10.0,-11.0,-6.0,-8.0,-2.0,-5.0,3.0,-3.0,8.0,0.0,13.0,2.0,17.0,4.0,21.0,5.0,23.0,6.0,25.0,6.0,27.0,6.0,27.0,5.0,26.0,5.0,24.0,4.0,21.0,3.0,17.0,2.0,13.0,1.0
2.5627,122.0,-96.0,7.0,0.0,0.0,0.0,0.0,0.0,0.0,0.0,0.0,0.0,20.0,16.0,19.0,15.0,18.0,14.0,16.0,12.0,13.0,11.0,9.0,8.0,5.0,7.0,0.0,4.0,-4.0,2.0,-9.0,0.0,-14.0,-2.0,-18.0,-2.0,-21.0,-3.0,-25.0,-4.0,-27.0,-5.0,-29.0,-4.0,-29.0,-3.0,-28.0,-3.0,-26.0,-2.0,-23.0,-2.0,-18.0,-1.0,-14.0,-2.0,-10.0,-2.0,-5.0,-3.0,0.0,-5.0,4.0,-6.0
2.5751,122.0,-96.0,7.0,0.0,0.0,0.0,0.0,0.0,0.0,0.0,0.0,0.0,12.0,12.0,12.0,12.0,12.0,12.0,12.0,13.0,12.0,13.0,11.0,14.0,11.0,14.0,10.0,14.0,11.0,14.0,10.0,15.0,10.0,14.0,10.0,14.0,9.0,14.0,9.0,15.0,8.0,15.0,9.0,15.0,9.0,14.0,9.0,14.0,8.0,14.0,8.0,14.0,8.0,13.0,8.0,13.0,8.0,13.0,8.0,13.0,8.0,12.0,8.0,12.0
2.5887,122.0,-96.0,7.0,0.0,0.0,0.0,0.0,0.0,0.0,0.0,0.0,0.0,5.0,1.0,7.0,5.0,10.0,10.0,12.0,14.0,15.0,17.0,17.0,20.0,19.0,21.0,20.0,23.0,20.0,22.0,20.0,21.0,19.0,19.0,17.0,17.0,14.0,15.0,10.0,11.0,5.0,8.0,1.0,5.0,-4.0,2.0,-10.0,0.0,-15.0,-2.0,-19.0,-3.0,-24.0,-4.0,-27.0,-4.0,-30.0,-4.0,-30.0,-2.0,-30.0,-1.0,-29.0,-1.0
2.6025,122.0,-96.0,7.0,0.0,0.0,0.0,0.0,0.0,0.0,0.0,0.0,0.0,-20.0,7.0,-20.0,6.0,-21.0,6.0,-21.0,5.0,-21.0,5.0,-22.0,4.0,-22.0,4.0,-22.0,3.0,-21.0,3.0,-22.0,2.0,-22.0,2.0,-22.0,2.0,-21.0,2.0,-21.0,1.0,-22.0,0.0,-21.0,1.0,-21.0,0.0,-21.0,0.0,-21.0,0.0,-20.0,0.0,-20.0,0.0,-19.0,0.0,-19.0,0.0,-19.0,1.0,-18.0,1.0,-18.0,1.0
2.6186,122.0,-96.0,7.0,0.0,0.0,0.0,0.0,0.0,0.0,0.0,0.0,0.0,-15.0,16.0,-16.0,16.0,-17.0,16.0,-17.0,16.0,-17.0,15.0,-18.0,15.0,-18.0,14.0,-19.0,14.0,-18.0,13.0,-19.0,13.0,-19.0,13.0,-19.0,13.0,-19.0,12.0,-20.0,12.0,-20.0,11.0,-19.0,11.0,-19.0,11.0,-19.0,10.0,-19.0,10.0,-19.0,10.0,-18.0,10.0,-17.0,10.0,-18.0,9.0,-17.0,10.0,-17.0,10.0,-16.0,10.0
2.6309,122.0,-96.0,7.0,0.0,0.0,0.0,0.0,0.0,0.0,0.0,0.0,0.0,-7.0,-18.0,-7.0,-22.0,-8.0,-24.0,-8.0,-26.0,-8.0,-27.0,-9.0,-27.0,-8.0,-25.0,-7.0,-23.0,-6.0,-21.0,-5.0,-16.0,-3.0,-12.0,-1.0,-7.0,2.0,-3.0,5.0,2.0,9.0,6.0,12.0,10.0,15.0,13.0,17.0,15.0,20.0,17.0,21.0,17.0,22.0,17.0,21.0,17.0,20.0,15.0,18.0,12.0,16.0,10.0,12.0,8.0
2.6436,122.0,-96.0,7.0,0.0,0.0,0.0,0.0,0.0,0.0,0.0,0.0,0.0,16.0,-24.0,16.0,-23.0,15.0,-22.0,13.0,-19.0,12.0,-16.0,9.0,-12.0,7.0,-7.0,4.0,-2.0,3.0,3.0,1.0,9.0,0.0,14.0,-1.0,19.0,-1.0,23.0,-2.0,27.0,-3.0,29.0,-2.0,32.0,-1.0,31.0,-1.0,30.0,0.0,27.0,0.0,24.0,0.0,20.0,0.0,15.0,-1.0,10.0,-3.0,4.0,-5.0,-1.0,-7.0,-6.0
2.6594,122.0,-96.0,7.0,0.0,0.0,0.0,0.0,0.0,0.0,0.0,0.0,0.0,-18.0,-4.0,-18.0,-4.0,-18.0,-5.0,-18.0,-5.0,-18.0,-6.0,-18.0,-6.0,-17.0,-7.0,-18.0,-7.0,-17.0,-7.0,-17.0,-8.0,-18.0,-8.0,-17.0,-8.0,-17.0,-8.0,-17.0,-8.0,-16.0,-9.0,-16.0,-9.0,-15.0,-9.0,-16.0,-9.0,-15.0,-8.0,-15.0,-8.0,-15.0,-8.0,-15.0,-8.0,-14.0,-8.0,-15.0,-8.0,-14.0,-7.0,-14.0,-7.0
2.6734,122.0,-96.0,7.0,0.0,0.0,0.0,0.0,0.0,0.0,0.0,0.0,0.0,15.0,-25.0,15.0,-25.0,15.0,-24.0,13.0,-21.0,12.0,-19.0,10.0,-15.0,8.0,-10.0,5.0,-5.0,4.0,0.0,2.0,6.0,1.0,11.0,0.0,17.0,-1.0,21.0,-1.0,26.0,-2.0,29.0,-2.0,31.0,-1.0,31.0,0.0,31.0,1.0,28.0,1.0,26.0,1.0,21.0,1.0,17.0,-1.0,12.0,-2.0,7.0,-4.0,1.0,-6.0,-4.0
2.6883,122.0,-96.0,7.0,0.0,0.0,0.0,0.0,0.0,0.0,0.0,0.0,0.0,-4.0,1.0,-7.0,-3.0,-9.0,-8.0,-12.0,-12.0,-15.0,-16.0,-18.0,-19.0,-20.0,-21.0,-22.0,-23.0,-23.0,-22.0,-22.0,-22.0,-22.0,-20.0,-20.0,-18.0,-17.0,-16.0,-14.0,-13.0,-9.0,-11.0,-5.0,-7.0,1.0,-4.0,7.0,-2.0,12.0,0.0,17.0,0.0,22.0,1.0,25.0,0.0,28.0,1.0,29.0,-1.0,29.0,-1.0,29.0,-2.0
2.7023,122.0,-96.0,7.0,0.0,0.0,0.0,0.0,0.0,0.0,0.0,0.0,0.0,-30.0,13.0,-30.0,13.0,-28.0,12.0,-26.0,11.0,-23.0,9.0,-18.0,7.0,-14.0,4.0,-8.0,0.0,-4.0,-4.0,1.0,-8.0,5.0,-12.0,9.0,-17.0,12.0,-21.0,15.0,-25.0,18.0,-27.0,19.0,-29.0,18.0,-30.0,17.0,-30.0,16.0,-29.0,13.0,-26.0,11.0,-22.0,9.0,-17.0,7.0,-12.0,5.0,-6.0,4.0,0.0,3.0,6.0
2.7139,122.0,-96.0,7.0,0.0,0.0,0.0,0.0,0.0,0.0,0.0,0.0,0.0,-14.0,-19.0,-11.0,-16.0,-7.0,-12.0,-3.0,-8.0,2.0,-4.0,7.0,0.0,12.0,2.0,18.0,5.0,22.0,8.0,27.0,9.0,29.0,11.0,32.0,10.0,33.0,9.0,33.0,9.0,31.0,8.0,27.0,6.0,24.0,5.0,18.0,4.0,13.0,4.0,7.0,3.0,0.0,4.0,-6.0,5.0,-12.0,6.0,-18.0,7.0,-22.0,10.0,-25.0,12.0
2.7286,122.0,-96.0,7.0,0.0,0.0,0.0,0.0,0.0,0.0,0.0,0.0,0.0,-12.0,-15.0,-14.0,-18.0,-16.0,-20.0,-17.0,-21.0,-17.0,-22.0,-17.0,-22.0,-16.0,-21.0,-15.0,-19.0,-13.0,-17.0,-10.0,-14.0,-7.0,-10.0,-3.0,-7.0,1.0,-3.0,6.0,0.0,11.0,2.0,14.0,5.0,18.0,7.0,21.0,8.0,24.0,9.0,26.0,9.0,26.0,8.0,26.0,8.0,24.0,7.0,21.0,5.0,18.0,4.0,14.0,3.0
2.7434,122.0,-96.0,7.0,0.0,0.0,0.0,0.0,0.0,0.0,0.0,0.0,0.0,27.0,-10.0,27.0,-10.0,26.0,-10.0,23.0,-9.0,20.0,-8.0,16.0,-6.0,12.0,-3.0,7.0,0.0,2.0,3.0,-3.0,6.0,-6.0,10.0,-10.0,13.0,-13.0,17.0,-16.0,20.0,-19.0,22.0,-20.0,25.0,-19.0,25.0,-19.0,25.0,-16.0,24.0,-15.0,21.0,-12.0,18.0,-10.0,14.0,-8.0,10.0,-6.0,4.0,-4.0,-1.0,-3.0,-7.0
2.7568,122.0,-96.0,7.0,0.0,0.0,0.0,0.0,0.0,0.0,0.0,0.0,0.0,-15.0,6.0,-15.0,6.0,-15.0,6.0,-16.0,6.0,-16.0,5.0,-16.0,5.0,-16.0,4.0,-17.0,4.0,-16.0,4.0,-16.0,3.0,-17.0,3.0,-16.0,3.0,-16.0,2.0,-16.0,2.0,-16.0,2.0,-16.0,2.0,-16.0,2.0,-16.0,1.0,-16.0,1.0,-15.0,1.0,-15.0,1.0,-14.0,1.0,-15.0,1.0,-14.0,1.0,-14.0,1.0,-14.0,2.0
2.7722,122.0,-96.0,7.0,0.0,0.0,0.0,0.0,0.0,0.0,0.0,0.0,0.0,-19.0,-3.0,-22.0,-3.0,-25.0,-4.0,-26.0,-4.0,-28.0,-4.0,-27.0,-4.0,-26.0,-3.0,-24.0,-3.0,-21.0,-4.0,-17.0,-3.0,-12.0,-3.0,-6.0,-3.0,-1.0,-4.0,4.0,-5.0,9.0,-6.0,14.0,-7.0,18.0,-9.0,21.0,-11.0,23.0,-12.0,24.0,-13.0,24.0,-14.0,24.0,-14.0,22.0,-14.0,19.0,-12.0,15.0,-11.0,12.0,-8.0
2.7873,122.0,-96.0,7.0,0.0,0.0,0.0,0.0,0.0,0.0,0.0,0.0,0.0,-6.0,0.0,-10.0,-3.0,-14.0,-6.0,-18.0,-9.0,-21.0,-11.0,-25.0,-13.0,-27.0,-13.0,-29.0,-14.0,-28.0,-13.0,-28.0,-12.0,-26.0,-11.0,-23.0,-10.0,-20.0,-9.0,-15.0,-7.0,-10.0,-6.0,-4.0,-5.0,2.0,-4.0,8.0,-5.0,14.0,-5.0,18.0,-5.0,23.0,-7.0,25.0,-8.0,28.0,-9.0,27.0,-11.0,27.0,-12.0,26.0,-12.0
2.8014,122.0,-96.0,7.0,0.0,0.0,0.0,0.0,0.0,0.0,0.0,0.0,0.0,1.0,-6.0,5.0,-9.0,10.0,-11.0,14.0,-14.0,17.0,-17.0,19.0,-19.0,20.0,-21.0,22.0,-22.0,21.0,-23.0,20.0,-22.0,18.0,-21.0,16.0,-19.0,14.0,-16.0,11.0,-12.0,8.0,-7.0,5.0,-2.0,2.0,3.0,0.0,9.0,-1.0,14.0,-2.0,18.0,-3.0,24.0,-2.0,26.0,-2.0,29.0,0.0,29.0,1.0,29.0,1.0,28.0
2.815,122.0,-96.0,7.0,0.0,0.0,0.0,0.0,0.0,0.0,0.0,0.0,0.0,-6.0,16.0,-7.0,16.0,-7.0,16.0,-8.0,16.0,-8.0,16.0,-8.0,16.0,-9.0,16.0,-9.0,16.0,-9.0,16.0,-10.0,15.0,-10.0,15.0,-10.0,15.0,-10.0,14.0,-11.0,14.0,-11.0,14.0,-10.0,14.0,-11.0,14.0,-10.0,13.0,-10.0,13.0,-10.0,13.0,-10.0,13.0,-9.0,13.0,-10.0,12.0,-9.0,12.0,-8.0,12.0,-8.0,12.0
2.8297,122.0,-96.0,7.0,0.0,0.0,0.0,0.0,0.0,0.0,0.0,0.0,0.0,-21.0,5.0,-23.0,5.0,-25.0,6.0,-26.0,6.0,-27.0,7.0,-26.0,6.0,-24.0,6.0,-21.0,5.0,-19.0,4.0,-14.0,2.0,-10.0,0.0,-5.0,-2.0,-1.0,-5.0,5.0,-7.0,8.0,-11.0,12.0,-13.0,15.0,-16.0,17.0,-19.0,18.0,-20.0,18.0,-21.0,18.0,-22.0,17.0,-21.0,15.0,-20.0,13.0,-18.0,10.0,-15.0,8.0,-11.0
2.8447,122.0,-96.0,7.0,0.0,0.0,0.0,0.0,0.0,0.0,0.0,0.0,0.0,-19.0,-13.0,-19.0,-13.0,-19.0,-14.0,-19.0,-14.0,-19.0,-14.0,-18.0,-15.0,-18.0,-15.0,-18.0,-16.0,-17.0,-16.0,-17.0,-17.0,-17.0,-17.0,-16.0,-16.0,-16.0,-17.0,-16.0,-17.0,-15.0,-17.0,-16.0,-16.0,-15.0,-16.0,-15.0,-17.0,-14.0,-16.0,-14.0,-16.0,-14.0,-16.0,-14.0,-15.0,-14.0,-16.0,-14.0,-15.0,-14.0,-14.0,-14.0,-14.0
2.8583,122.0,-96.0,7.0,0.0,0.0,0.0,0.0,0.0,0.0,0.0,0.0,0.0,5.0,2.0,6.0,8.0,7.0,14.0,9.0,19.0,11.0,23.0,13.0,27.0,14.0,29.0,15.0,31.0,15.0,30.0,15.0,29.0,15.0,26.0,13.0,23.0,11.0,20.0,8.0,15.0,4.0,11.0,0.0,6.0,-5.0,1.0,-10.0,-3.0,-16.0,-7.0,-20.0,-10.0,-25.0,-12.0,-28.0,-12.0,-30.0,-13.0,-32.0,-12.0,-32.0,-11.0,-31.0,-10.0
2.8719,122.0,-96.0,7.0,0.0,0.0,0.0,0.0,0.0,0.0,0.0,0.0,0.0,-29.0,4.0,-29.0,4.0,-28.0,4.0,-25.0,4.0,-23.0,3.0,-18.0,2.0,-13.0,0.0,-7.0,-2.0,-3.0,-4.0,3.0,-7.0,8.0,-10.0,12.0,-12.0,16.0,-15.0,20.0,-17.0,22.0,-19.0,24.0,-20.0,23.0,-21.0,23.0,-21.0,21.0,-20.0,18.0,-19.0,15.0,-16.0,12.0,-13.0,9.0,-9.0,6.0,-4.0,3.0,1.0,1.0,6.0
2.887,122.0,-96.0,7.0,0.0,0.0,0.0,0.0,0.0,0.0,0.0,0.0,0.0,-8.0,19.0,-6.0,15.0,-5.0,10.0,-4.0,5.0,-4.0,-1.0,-4.0,-6.0,-5.0,-11.0,-5.0,-17.0,-6.0,-22.0,-7.0,-26.0,-7.0,-29.0,-8.0,-30.0,-9.0,-30.0,-9.0,-30.0,-9.0,-28.0,-10.0,-25.0,-8.0,-21.0,-6.0,-17.0,-4.0,-13.0,-1.0,-8.0,3.0,-3.0,6.0,1.0,11.0,5.0,15.0,9.0,18.0,11.0,21.0,12.0
2.9002,122.0,-96.0,7.0,0.0,0.0,0.0,0.0,0.0,0.0,0.0,0.0,0.0,4.0,-18.0,4.0,-17.0,5.0,-17.0,5.0,-18.0,6.0,-18.0,6.0,-17.0,7.0,-17.0,7.0,-17.0,7.0,-17.0,8.0,-17.0,8.0,-17.0,8.0,-16.0,8.0,-16.0,8.0,-16.0,9.0,-15.0,9.0,-15.0,9.0,-15.0,9.0,-15.0,9.0,-15.0,8.0,-14.0,8.0,-14.0,8.0,-14.0,8.0,-14.0,8.0,-14.0,7.0,-13.0,7.0,-14.0
2.9145,122.0,-96.0,7.0,0.0,0.0,0.0,0.0,0.0,0.0,0.0,0.0,0.0,-4.0,1.0,-6.0,-4.0,-8.0,-9.0,-10.0,-14.0,-13.0,-18.0,-15.0,-22.0,-17.0,-23.0,-18.0,-26.0,-19.0,-25.0,-19.0,-25.0,-19.0,-23.0,-17.0,-21.0,-15.0,-18.0,-12.0,-15.0,-8.0,-12.0,-4.0,-7.0,1.0,-4.0,7.0,-1.0,12.0,2.0,17.0,3.0,21.0,5.0,24.0,4.0,28.0,5.0,29.0,4.0,29.0,3.0,29.0,2.0
2.9299,122.0,-96.0,7.0,0.0,0.0,0.0,0.0,0.0,0.0,0.0,0.0,0.0,-1.0,5.0,-5.0,9.0,-9.0,11.0,-12.0,15.0,-15.0,18.0,-18.0,21.0,-18.0,23.0,-20.0,24.0,-19.0,24.0,-18.0,24.0,-16.0,22.0,-14.0,20.0,-12.0,17.0,-9.0,13.0,-8.0,7.0,-5.0,2.0,-4.0,-4.0,-3.0,-9.0,-2.0,-15.0,-1.0,-20.0,-2.0,-25.0,-2.0,-27.0,-3.0,-30.0,-5.0,-30.0,-5.0,-30.0,-6.0,-29.0
2.9439,122.0,-96.0,7.0,0.0,0.0,0.0,0.0,0.0,0.0,0.0,0.0,0.0,-11.0,12.0,-11.0,12.0,-12.0,12.0,-12.0,12.0,-12.0,12.0,-13.0,11.0,-13.0,11.0,-13.0,11.0,-13.0,10.0,-14.0,10.0,-14.0,10.0,-14.0,9.0,-14.0,9.0,-14.0,9.0,-14.0,9.0,-14.0,9.0,-13.0,9.0,-14.0,9.0,-14.0,8.0,-13.0,8.0,-13.0,8.0,-12.0,8.0,-13.0,7.0,-13.0,7.0,-12.0,8.0,-12.0,8.0
2.9576,122.0,-96.0,7.0,0.0,0.0,0.0,0.0,0.0,0.0,0.0,0.0,0.0,-28.0,-10.0,-28.0,-10.0,-27.0,-10.0,-24.0,-9.0,-21.0,-8.0,-17.0,-7.0,-12.0,-6.0,-6.0,-5.0,-1.0,-4.0,5.0,-4.0,11.0,-5.0,16.0,-5.0,20.0,-5.0,25.0,-5.0,28.0,-6.0,31.0,-6.0,30.0,-7.0,30.0,-8.0,27.0,-8.0,25.0,-8.0,20.0,-7.0,16.0,-5.0,12.0,-3.0,7.0,0.0,2.0,3.0,-3.0,6.0
2.9711,122.0,-96.0,7.0,0.0,0.0,0.0,0.0,0.0,0.0,0.0,0.0,0.0,13.0,15.0,15.0,18.0,15.0,20.0,17.0,21.0,16.0,21.0,16.0,20.0,15.0,19.0,13.0,17.0,10.0,14.0,8.0,11.0,4.0,8.0,0.0,4.0,-4.0,1.0,-9.0,-2.0,-13.0,-5.0,-17.0,-7.0,-21.0,-9.0,-24.0,-9.0,-26.0,-10.0,-27.0,-10.0,-27.0,-9.0,-26.0,-9.0,-24.0,-7.0,-22.0,-5.0,-18.0,-4.0,-14.0,-4.0
2.9877,122.0,-96.0,7.0,0.0,0.0,0.0,0.0,0.0,0.0,0.0,0.0,0.0,-7.0,-17.0,-6.0,-18.0,-6.0,-17.0,-6.0,-18.0,-5.0,-18.0,-5.0,-18.0,-4.0,-18.0,-4.0,-18.0,-4.0,-18.0,-3.0,-18.0,-3.0,-19.0,-3.0,-18.0,-2.0,-18.0,-2.0,-18.0,-2.0,-18.0,-2.0,-17.0,-2.0,-17.0,-2.0,-18.0,-2.0,-17.0,-2.0,-16.0,-2.0,-17.0,-2.0,-16.0,-2.0,-16.0,-2.0,-16.0,-2.0,-15.0,-2.0,-15.0
3.0007,122.0,-96.0,7.0,0.0,0.0,0.0,0.0,0.0,0.0,0.0,0.0,0.0,19.0,-13.0,22.0,-14.0,24.0,-15.0,25.0,-16.0,26.0,-16.0,25.0,-16.0,24.0,-15.0,20.0,-13.0,18.0,-11.0,13.0,-8.0,9.0,-4.0,5.0,0.0,1.0,4.0,-4.0,8.0,-7.0,13.0,-10.0,17.0,-12.0,21.0,-14.0,24.0,-14.0,26.0,-15.0,27.0,-14.0,28.0,-13.0,27.0,-12.0,25.0,-9.0,22.0,-8.0,18.0,-6.0,13.0
3.014,122.0,-96.0,7.0,0.0,0.0,0.0,0.0,0.0,0.0,0.0,0.0,0.0,-28.0,9.0,-28.0,9.0,-27.0,8.0,-25.0,8.0,-21.0,6.0,-17.0,5.0,-13.0,2.0,-7.0,-1.0,-3.0,-4.0,2.0,-7.0,6.0,-11.0,10.0,-14.0,13.0,-17.0,17.0,-20.0,19.0,-23.0,20.0,-24.0,20.0,-25.0,19.0,-24.0,18.0,-24.0,15.0,-21.0,12.0,-18.0,10.0,-14.0,8.0,-10.0,5.0,-5.0,3.0,0.0,2.0,6.0
3.0271,122.0,-96.0,7.0,0.0,0.0,0.0,0.0,0.0,0.0,0.0,0.0,0.0,11.0,13.0,10.0,13.0,10.0,13.0,10.0,14.0,10.0,14.0,10.0,15.0,9.0,15.0,9.0,15.0,9.0,15.0,8.0,16.0,8.0,16.0,7.0,15.0,8.0,15.0,7.0,15.0,7.0,16.0,6.0,15.0,7.0,15.0,6.0,15.0,6.0,15.0,6.0,14.0,6.0,14.0,7.0,14.0,6.0,14.0,6.0,13.0,6.0,13.0,7.0,12.0
3.04,122.0,-96.0,7.0,0.0,0.0,0.0,0.0,0.0,0.0,0.0,0.0,0.0,-16.0,28.0,-16.0,27.0,-14.0,25.0,-13.0,22.0,-11.0,18.0,-9.0,13.0,-7.0,8.0,-5.0,2.0,-4.0,-5.0,-3.0,-11.0,-2.0,-17.0,-2.0,-22.0,-2.0,-27.0,-2.0,-31.0,-2.0,-34.0,-2.0,-35.0,-3.0,-35.0,-3.0,-34.0,-4.0,-32.0,-4.0,-28.0,-3.0,-23.0,-2.0,-18.0,0.0,-12.0,2.0,-6.0,4.0,0.0,7.0,5.0
3.0542,122.0,-96.0,7.0,0.0,0.0,0.0,0.0,0.0,0.0,0.0,0.0,0.0,-19.0,18.0,-18.0,17.0,-17.0,16.0,-15.0,14.0,-13.0,12.0,-10.0,8.0,-8.0,5.0,-5.0,0.0,-2.0,-5.0,0.0,-9.0,1.0,-13.0,3.0,-17.0,4.0,-21.0,5.0,-25.0,6.0,-27.0,5.0,-29.0,5.0,-28.0,4.0,-28.0,3.0,-25.0,2.0,-23.0,1.0,-19.0,1.0,-14.0,2.0,-10.0,2.0,-5.0,3.0,0.0,5.0,5.0
3.0688,122.0,-96.0,7.0,0.0,0.0,0.0,0.0,0.0,0.0,0.0,0.0,0.0,-5.0,-17.0,-5.0,-18.0,-5.0,-18.0,-4.0,-18.0,-4.0,-18.0,-3.0,-19.0,-3.0,-18.0,-3.0,-19.0,-2.0,-18.0,-2.0,-19.0,-2.0,-19.0,-2.0,-18.0,-1.0,-18.0,-1.0,-18.0,-1.0,-18.0,-1.0,-18.0,0.0,-17.0,0.0,-18.0,0.0,-17.0,0.0,-17.0,0.0,-17.0,0.0,-16.0,0.0,-16.0,0.0,-16.0,-1.0,-16.0,-1.0,-15.0
3.0819,122.0,-96.0,7.0,0.0,0.0,0.0,0.0,0.0,0.0,0.0,0.0,0.0,-25.0,-11.0,-19.0,-9.0,-14.0,-8.0,-7.0,-6.0,0.0,-5.0,8.0,-4.0,14.0,-5.0,21.0,-5.0,27.0,-5.0,32.0,-6.0,35.0,-6.0,37.0,-7.0,38.0,-8.0,38.0,-9.0,35.0,-9.0,31.0,-9.0,27.0,-8.0,21.0,-6.0,15.0,-3.0,9.0,-1.0,3.0,4.0,-3.0,7.0,-9.0,12.0,-14.0,17.0,-16.0,21.0,-19.0,25.0
3.096,122.0,-96.0,7.0,0.0,0.0,0.0,0.0,0.0,0.0,0.0,0.0,0.0,2.0,3.0,-2.0,6.0,-7.0,10.0,-11.0,13.0,-14.0,16.0,-17.0,19.0,-18.0,22.0,-20.0,23.0,-19.0,24.0,-19.0,24.0,-17.0,23.0,-16.0,21.0,-14.0,18.0,-11.0,14.0,-9.0,9.0,-6.0,5.0,-4.0,-1.0,-3.0,-7.0,-2.0,-13.0,-1.0,-18.0,-1.0,-23.0,-2.0,-26.0,-2.0,-29.0,-4.0,-30.0,-5.0,-30.0,-6.0,-30.0
3.1086,122.0,-96.0,7.0,0.0,0.0,0.0,0.0,0.0,0.0,0.0,0.0,0.0,15.0,1.0,15.0,2.0,15.0,2.0,16.0,2.0,15.0,3.0,16.0,3.0,15.0,3.0,15.0,4.0,15.0,4.0,15.0,4.0,14.0,4.0,15.0,4.0,15.0,4.0,14.0,6.0,14.0,5.0,14.0,5.0,14.0,4.0,13.0,5.0,13.0,5.0,13.0,4.0,13.0,4.0,13.0,4.0,12.0,4.0,12.0,4.0,12.0,4.0,12.0,3.0
3.1215,122.0,-96.0,7.0,0.0,0.0,0.0,0.0,0.0,0.0,0.0,0.0,0.0,-27.0,-2.0,-26.0,-2.0,-25.0,-2.0,-21.0,-2.0,-18.0,-2.0,-14.0,-2.0,-9.0,-3.0,-4.0,-3.0,1.0,-4.0,6.0,-6.0,11.0,-8.0,15.0,-9.0,18.0,-11.0,22.0,-12.0,23.0,-13.0,25.0,-14.0,24.0,-14.0,24.0,-14.0,21.0,-13.0,19.0,-12.0,15.0,-10.0,11.0,-8.0,9.0,-4.0,5.0,-1.0,1.0,3.0,-1.0,7.0
3.1355,122.0,-96.0,7.0,0.0,0.0,0.0,0.0,0.0,0.0,0.0,0.0,0.0,-18.0,6.0,-22.0,7.0,-24.0,7.0,-26.0,8.0,-27.0,8.0,-27.0,8.0,-25.0,8.0,-23.0,7.0,-20.0,6.0,-16.0,4.0,-12.0,2.0,-7.0,0.0,-3.0,-3.0,2.0,-6.0,6.0,-10.0,10.0,-13.0,13.0,-15.0,15.0,-19.0,16.0,-20.0,17.0,-22.0,16.0,-23.0,16.0,-23.0,15.0,-22.0,12.0,-20.0,10.0,-17.0,8.0,-13.0
3.151,122.0,-96.0,7.0,0.0,0.0,0.0,0.0,0.0,0.0,0.0,0.0,0.0,-15.0,-10.0,-15.0,-11.0,-15.0,-11.0,-15.0,-11.0,-15.0,-11.0,-15.0,-12.0,-14.0,-12.0,-14.0,-13.0,-13.0,-13.0,-14.0,-13.0,-13.0,-13.0,-13.0,-13.0,-13.0,-13.0,-12.0,-14.0,-12.0,-14.0,-12.0,-14.0,-12.0,-13.0,-11.0,-14.0,-11.0,-13.0,-11.0,-13.0,-11.0,-13.0,-11.0,-13.0,-10.0,-12.0,-11.0,-12.0,-11.0,-12.0,-11.0,-11.0
3.1644,122.0,-96.0,7.0,0.0,0.0,0.0,0.0,0.0,0.0,0.0,0.0,0.0,-21.0,2.0,-16.0,1.0,-10.0,-1.0,-5.0,-3.0,1.0,-6.0,7.0,-9.0,11.0,-12.0,16.0,-15.0,19.0,-19.0,22.0,-21.0,24.0,-23.0,25.0,-24.0,24.0,-25.0,23.0,-25.0,21.0,-23.0,17.0,-21.0,15.0,-17.0,11.0,-13.0,8.0,-8.0,5.0,-3.0,3.0,3.0,1.0,9.0,-1.0,15.0,-2.0,21.0,-2.0,25.0,-1.0,28.0
3.1783,122.0,-96.0,7.0,0.0,0.0,0.0,0.0,0.0,0.0,0.0,0.0,0.0,5.0,1.0,7.0,6.0,9.0,10.0,12.0,14.0,15.0,18.0,17.0,20.0,19.0,22.0,20.0,24.0,20.0,23.0,20.0,22.0,19.0,20.0,17.0,17.0,13.0,15.0,10.0,11.0,5.0,9.0,1.0,5.0,-5.0,2.0,-10.0,0.0,-15.0,-2.0,-19.0,-4.0,-24.0,-4.0,-27.0,-4.0,-30.0,-4.0,-30.0,-3.0,-30.0,-2.0,-29.0,-1.0
3.1919,122.0,-96.0,7.0,0.0,0.0,0.0,0.0,0.0,0.0,0.0,0.0,0.0,-17.0,5.0,-17.0,5.0,-17.0,4.0,-18.0,4.0,-18.0,3.0,-18.0,3.0,-18.0,3.0,-18.0,2.0,-18.0,2.0,-18.0,2.0,-18.0,1.0,-18.0,1.0,-18.0,1.0,-18.0,0.0,-18.0,0.0,-17.0,0.0,-17.0,0.0,-17.0,0.0,-17.0,0.0,-16.0,0.0,-16.0,0.0,-16.0,0.0,-16.0,0.0,-15.0,0.0,-15.0,1.0,-15.0,1.0
3.2069,122.0,-96.0,7.0,0.0,0.0,0.0,0.0,0.0,0.0,0.0,0.0,0.0,-22.0,-2.0,-23.0,-3.0,-22.0,-3.0,-23.0,-3.0,-23.0,-4.0,-22.0,-5.0,-22.0,-5.0,-22.0,-6.0,-22.0,-6.0,-22.0,-6.0,-22.0,-7.0,-21.0,-7.0,-21.0,-7.0,-21.0,-8.0,-21.0,-8.0,-20.0,-8.0,-21.0,-8.0,-20.0,-7.0,-20.0,-8.0,-19.0,-7.0,-19.0,-8.0,-19.0,-7.0,-19.0,-7.0,-18.0,-7.0,-18.0,-6.0,-18.0,-6.0
3.2211,122.0,-96.0,7.0,0.0,0.0,0.0,0.0,0.0,0.0,0.0,0.0,0.0,28.0,3.0,28.0,4.0,25.0,3.0,23.0,3.0,19.0,3.0,14.0,3.0,9.0,3.0,2.0,3.0,-3.0,4.0,-8.0,5.0,-13.0,6.0,-18.0,8.0,-22.0,10.0,-26.0,11.0,-28.0,11.0,-30.0,12.0,-29.0,13.0,-28.0,13.0,-25.0,12.0,-22.0,11.0,-18.0,9.0,-14.0,7.0,-10.0,3.0,-6.0,-1.0,-2.0,-4.0,1.0,-9.0
3.2344,122.0,-96.0,7.0,0.0,0.0,0.0,0.0,0.0,0.0,0.0,0.0,0.0,-21.0,-4.0,-17.0,-4.0,-12.0,-3.0,-6.0,-4.0,-1.0,-4.0,5.0,-5.0,10.0,-7.0,15.0,-8.0,20.0,-9.0,23.0,-11.0,26.0,-12.0,27.0,-13.0,28.0,-14.0,28.0,-14.0,25.0,-14.0,22.0,-13.0,19.0,-11.0,15.0,-9.0,11.0,-6.0,7.0,-2.0,3.0,2.0,-1.0,6.0,-5.0,11.0,-8.0,16.0,-9.0,19.0,-9.0,23.0
3.2482,122.0,-96.0,7.0,0.0,0.0,0.0,0.0,0.0,0.0,0.0,0.0,0.0,-3.0,17.0,-3.0,17.0,-3.0,17.0,-3.0,17.0,-4.0,17.0,-5.0,17.0,-5.0,17.0,-6.0,17.0,-6.0,16.0,-6.0,17.0,-6.0,17.0,-6.0,16.0,-6.0,16.0,-7.0,16.0,-7.0,16.0,-7.0,15.0,-7.0,16.0,-7.0,15.0,-7.0,15.0,-6.0,14.0,-7.0,14.0,-6.0,14.0,-6.0,14.0,-6.0,14.0,-6.0,13.0,-5.0,13.0
3.2622,122.0,-96.0,7.0,0.0,0.0,0.0,0.0,0.0,0.0,0.0,0.0,0.0,-22.0,1.0,-22.0,1.0,-23.0,0.0,-23.0,0.0,-23.0,-1.0,-23.0,-2.0,-23.0,-1.0,-23.0,-2.0,-23.0,-3.0,-23.0,-3.0,-23.0,-3.0,-23.0,-3.0,-22.0,-4.0,-22.0,-5.0,-21.0,-4.0,-22.0,-4.0,-21.0,-5.0,-21.0,-5.0,-20.0,-5.0,-20.0,-4.0,-20.0,-5.0,-20.0,-4.0,-20.0,-4.0,-19.0,-4.0,-19.0,-4.0,-18.0,-3.0
3.2773,122.0,-96.0,7.0,0.0,0.0,0.0,0.0,0.0,0.0,0.0,0.0,0.0,-14.0,-14.0,-16.0,-16.0,-18.0,-18.0,-19.0,-19.0,-20.0,-20.0,-20.0,-20.0,-19.0,-19.0,-17.0,-17.0,-15.0,-16.0,-11.0,-12.0,-8.0,-10.0,-4.0,-6.0,1.0,-4.0,6.0,-1.0,11.0,1.0,15.0,3.0,19.0,5.0,22.0,5.0,25.0,5.0,27.0,5.0,27.0,5.0,27.0,4.0,25.0,3.0,22.0,2.0,18.0,1.0,14.0,1.0
3.292,122.0,-96.0,7.0,0.0,0.0,0.0,0.0,0.0,0.0,0.0,0.0,0.0,0.0,15.0,0.0,16.0,0.0,16.0,-1.0,16.0,-1.0,16.0,-1.0,16.0,-1.0,16.0,-2.0,16.0,-2.0,16.0,-3.0,16.0,-3.0,16.0,-3.0,16.0,-3.0,16.0,-4.0,16.0,-4.0,16.0,-3.0,15.0,-4.0,15.0,-4.0,15.0,-4.0,15.0,-3.0,14.0,-3.0,14.0,-3.0,14.0,-3.0,13.0,-3.0,13.0,-3.0,13.0,-2.0,13.0
3.3034,122.0,-96.0,7.0,0.0,0.0,0.0,0.0,0.0,0.0,0.0,0.0,0.0,-15.0,10.0,-16.0,10.0,-16.0,9.0,-17.0,9.0,-17.0,8.0,-17.0,8.0,-17.0,8.0,-18.0,8.0,-18.0,7.0,-18.0,7.0,-18.0,7.0,-18.0,7.0,-18.0,6.0,-18.0,6.0,-18.0,5.0,-18.0,6.0,-17.0,6.0,-17.0,5.0,-17.0,5.0,-16.0,5.0,-16.0,5.0,-16.0,5.0,-16.0,5.0,-15.0,5.0,-15.0,5.0,-15.0,5.0
3.3167,122.0,-96.0,7.0,0.0,0.0,0.0,0.0,0.0,0.0,0.0,0.0,0.0,7.0,17.0,7.0,21.0,8.0,22.0,9.0,24.0,9.0,25.0,9.0,25.0,9.0,24.0,8.0,21.0,7.0,19.0,5.0,14.0,3.0,11.0,0.0,6.0,-3.0,2.0,-6.0,-3.0,-10.0,-7.0,-13.0,-10.0,-17.0,-13.0,-20.0,-15.0,-21.0,-16.0,-23.0,-17.0,-24.0,-16.0,-24.0,-16.0,-22.0,-14.0,-20.0,-12.0,-17.0,-10.0,-14.0,-8.0
3.3315,122.0,-96.0,7.0,0.0,0.0,0.0,0.0,0.0,0.0,0.0,0.0,0.0,20.0,16.0,20.0,15.0,18.0,14.0,16.0,13.0,13.0,11.0,9.0,9.0,5.0,7.0,0.0,4.0,-4.0,2.0,-9.0,0.0,-14.0,-1.0,-18.0,-2.0,-22.0,-3.0,-25.0,-4.0,-28.0,-4.0,-29.0,-4.0,-29.0,-3.0,-28.0,-3.0,-26.0,-2.0,-23.0,-2.0,-18.0,-1.0,-14.0,-2.0,-10.0,-2.0,-5.0,-3.0,0.0,-4.0,5.0,-6.0
3.3453,122.0,-96.0,7.0,0.0,0.0,0.0,0.0,0.0,0.0,0.0,0.0,0.0,2.0,19.0,1.0,15.0,-1.0,9.0,-3.0,4.0,-6.0,-2.0,-9.0,-8.0,-12.0,-12.0,-15.0,-17.0,-18.0,-21.0,-21.0,-23.0,-23.0,-25.0,-25.0,-25.0,-26.0,-25.0,-25.0,-23.0,-23.0,-22.0,-21.0,-18.0,-18.0,-15.0,-13.0,-13.0,-8.0,-9.0,-2.0,-6.0,4.0,-4.0,9.0,-2.0,15.0,0.0,21.0,1.0,25.0,0.0,29.0,0.0
3.3591,122.0,-96.0,7.0,0.0,0.0,0.0,0.0,0.0,0.0,0.0,0.0,0.0,0.0,21.0,-1.0,23.0,-1.0,26.0,-1.0,26.0,0.0,27.0,-1.0,26.0,-1.0,24.0,0.0,21.0,-1.0,18.0,-1.0,13.0,-2.0,9.0,-3.0,3.0,-5.0,-2.0,-6.0,-7.0,-8.0,-12.0,-10.0,-16.0,-12.0,-19.0,-14.0,-22.0,-15.0,-23.0,-16.0,-24.0,-17.0,-23.0,-17.0,-23.0,-16.0,-20.0,-14.0,-17.0,-12.0,-14.0,-9.0,-11.0
3.3733,122.0,-96.0,7.0,0.0,0.0,0.0,0.0,0.0,0.0,0.0,0.0,0.0,3.0,-2.0,6.0,3.0,7.0,8.0,10.0,13.0,12.0,17.0,14.0,20.0,16.0,22.0,18.0,24.0,19.0,24.0,19.0,23.0,18.0,21.0,17.0,19.0,15.0,17.0,11.0,13.0,8.0,10.0,3.0,6.0,-2.0,3.0,-8.0,0.0,-13.0,-2.0,-17.0,-4.0,-23.0,-4.0,-26.0,-4.0,-29.0,-5.0,-30.0,-3.0,-30.0,-3.0,-30.0,-2.0
3.3874,122.0,-96.0,7.0,0.0,0.0,0.0,0.0,0.0,0.0,0.0,0.0,0.0,15.0,11.0,15.0,12.0,14.0,13.0,15.0,13.0,14.0,13.0,14.0,14.0,13.0,14.0,13.0,15.0,13.0,15.0,13.0,15.0,12.0,15.0,12.0,15.0,11.0,15.0,12.0,15.0,11.0,16.0,11.0,15.0,11.0,15.0,10.0,15.0,10.0,15.0,10.0,14.0,10.0,14.0,10.0,13.0,10.0,14.0,10.0,13.0,10.0,13.0,10.0,12.0
3.4018,122.0,-96.0,7.0,0.0,0.0,0.0,0.0,0.0,0.0,0.0,0.0,0.0,22.0,7.0,17.0,6.0,11.0,5.0,6.0,4.0,-1.0,4.0,-7.0,4.0,-13.0,5.0,-19.0,5.0,-24.0,6.0,-28.0,8.0,-32.0,8.0,-33.0,10.0,-33.0,11.0,-33.0,11.0,-31.0,11.0,-27.0,11.0,-23.0,9.0,-19.0,7.0,-14.0,4.0,-9.0,1.0,-4.0,-4.0,1.0,-8.0,5.0,-13.0,8.0,-18.0,10.0,-22.0,11.0,-25.0
3.4145,122.0,-96.0,7.0,0.0,0.0,0.0,0.0,0.0,0.0,0.0,0.0,0.0,5.0,-1.0,10.0,1.0,13.0,4.0,18.0,7.0,21.0,9.0,25.0,10.0,27.0,10.0,28.0,12.0,28.0,11.0,28.0,10.0,26.0,8.0,23.0,7.0,19.0,7.0,14.0,5.0,9.0,5.0,3.0,4.0,-3.0,3.0,-9.0,4.0,-15.0,4.0,-19.0,4.0,-24.0,6.0,-26.0,7.0,-29.0,9.0,-28.0,11.0,-28.0,11.0,-27.0,11.0
3.4292,122.0,-96.0,7.0,0.0,0.0,0.0,0.0,0.0,0.0,0.0,0.0,0.0,4.0,22.0,3.0,18.0,1.0,12.0,-1.0,7.0,-4.0,1.0,-8.0,-4.0,-11.0,-8.0,-15.0,-13.0,-18.0,-17.0,-21.0,-20.0,-23.0,-23.0,-26.0,-24.0,-27.0,-24.0,-27.0,-23.0,-26.0,-21.0,-23.0,-18.0,-21.0,-16.0,-16.0,-13.0,-11.0,-10.0,-5.0,-7.0,1.0,-5.0,7.0,-3.0,13.0,-2.0,19.0,0.0,23.0,-1.0,27.0,-2.0
3.4444,122.0,-96.0,7.0,0.0,0.0,0.0,0.0,0.0,0.0,0.0,0.0,0.0,0.0,4.0,-4.0,5.0,-9.0,7.0,-14.0,9.0,-18.0,12.0,-22.0,14.0,-23.0,16.0,-26.0,17.0,-25.0,18.0,-25.0,18.0,-23.0,17.0,-21.0,16.0,-18.0,14.0,-14.0,11.0,-11.0,7.0,-7.0,3.0,-3.0,-2.0,-1.0,-8.0,1.0,-13.0,3.0,-18.0,4.0,-22.0,4.0,-26.0,5.0,-29.0,3.0,-30.0,2.0,-30.0,2.0,-30.0
3.4576,122.0,-96.0,7.0,0.0,0.0,0.0,0.0,0.0,0.0,0.0,0.0,0.0,-25.0,20.0,-25.0,19.0,-23.0,18.0,-21.0,16.0,-18.0,13.0,-14.0,9.0,-10.0,4.0,-5.0,-1.0,-2.0,-6.0,1.0,-11.0,4.0,-16.0,6.0,-21.0,8.0,-25.0,10.0,-29.0,11.0,-32.0,12.0,-33.0,11.0,-34.0,10.0,-33.0,9.0,-30.0,7.0,-27.0,6.0,-22.0,5.0,-17.0,4.0,-11.0,4.0,-5.0,4.0,2.0,5.0,8.0
3.471,122.0,-96.0,7.0,0.0,0.0,0.0,0.0,0.0,0.0,0.0,0.0,0.0,-18.0,8.0,-18.0,7.0,-19.0,7.0,-19.0,7.0,-19.0,6.0,-20.0,6.0,-19.0,5.0,-20.0,5.0,-20.0,4.0,-20.0,5.0,-20.0,4.0,-20.0,3.0,-20.0,3.0,-20.0,3.0,-20.0,3.0,-20.0,3.0,-19.0,2.0,-19.0,2.0,-19.0,2.0,-18.0,3.0,-18.0,2.0,-18.0,2.0,-18.0,2.0,-17.0,2.0,-17.0,3.0,-16.0,3.0
3.4846,122.0,-96.0,7.0,0.0,0.0,0.0,0.0,0.0,0.0,0.0,0.0,0.0,-17.0,8.0,-17.0,8.0,-17.0,7.0,-18.0,7.0,-18.0,6.0,-19.0,6.0,-18.0,6.0,-19.0,5.0,-18.0,5.0,-19.0,4.0,-19.0,4.0,-19.0,4.0,-19.0,4.0,-19.0,3.0,-19.0,3.0,-18.0,3.0,-18.0,3.0,-18.0,3.0,-18.0,2.0,-17.0,3.0,-17.0,2.0,-17.0,2.0,-17.0,2.0,-16.0,2.0,-16.0,3.0,-15.0,3.0
3.4987,122.0,-96.0,7.0,0.0,0.0,0.0,0.0,0.0,0.0,0.0,0.0,0.0,-18.0,-9.0,-21.0,-10.0,-23.0,-12.0,-24.0,-12.0,-25.0,-12.0,-25.0,-12.0,-23.0,-12.0,-22.0,-10.0,-19.0,-10.0,-14.0,-8.0,-10.0,-6.0,-5.0,-5.0,0.0,-4.0,5.0,-3.0,11.0,-3.0,15.0,-2.0,20.0,-2.0,23.0,-3.0,26.0,-3.0,27.0,-3.0,27.0,-5.0,27.0,-4.0,25.0,-5.0,22.0,-5.0,18.0,-5.0,14.0,-4.0
3.5125,122.0,-96.0,7.0,0.0,0.0,0.0,0.0,0.0,0.0,0.0,0.0,0.0,-18.0,5.0,-18.0,5.0,-19.0,5.0,-19.0,4.0,-19.0,4.0,-19.0,3.0,-19.0,3.0,-20.0,2.0,-19.0,2.0,-19.0,1.0,-20.0,1.0,-19.0,1.0,-19.0,1.0,-19.0,0.0,-19.0,0.0,-19.0,0.0,-18.0,0.0,-18.0,0.0,-18.0,-1.0,-17.0,0.0,-17.0,-1.0,-17.0,0.0,-17.0,0.0,-17.0,-1.0,-16.0,0.0,-16.0,1.0
3.525,122.0,-96.0,7.0,0.0,0.0,0.0,0.0,0.0,0.0,0.0,0.0,0.0,-15.0,-18.0,-12.0,-15.0,-8.0,-11.0,-4.0,-8.0,2.0,-4.0,7.0,0.0,13.0,2.0,18.0,5.0,23.0,7.0,27.0,8.0,30.0,10.0,32.0,9.0,33.0,9.0,33.0,8.0,31.0,7.0,28.0,5.0,24.0,5.0,19.0,4.0,13.0,3.0,7.0,3.0,0.0,4.0,-6.0,5.0,-12.0,6.0,-19.0,7.0,-22.0,10.0,-25.0,12.0
3.5386,122.0,-96.0,7.0,0.0,0.0,0.0,0.0,0.0,0.0,0.0,0.0,0.0,18.0,1.0,18.0,2.0,18.0,3.0,18.0,3.0,18.0,3.0,18.0,4.0,18.0,4.0,18.0,4.0,17.0,5.0,18.0,5.0,17.0,5.0,17.0,6.0,16.0,6.0,17.0,6.0,17.0,6.0,16.0,6.0,16.0,6.0,16.0,6.0,16.0,6.0,15.0,6.0,15.0,6.0,15.0,5.0,15.0,6.0,14.0,6.0,14.0,5.0,14.0,4.0
3.5533,122.0,-96.0,7.0,0.0,0.0,0.0,0.0,0.0,0.0,0.0,0.0,0.0,4.0,2.0,5.0,7.0,6.0,11.0,7.0,15.0,9.0,19.0,10.0,22.0,11.0,23.0,12.0,25.0,13.0,24.0,12.0,23.0,12.0,21.0,11.0,18.0,8.0,16.0,6.0,12.0,3.0,9.0,0.0,4.0,-5.0,0.0,-9.0,-2.0,-13.0,-6.0,-16.0,-8.0,-20.0,-9.0,-23.0,-10.0,-25.0,-10.0,-26.0,-9.0,-26.0,-9.0,-25.0,-8.0
3.5672,122.0,-96.0,7.0,0.0,0.0,0.0,0.0,0.0,0.0,0.0,0.0,0.0,2.0,4.0,2.0,9.0,0.0,14.0,0.0,19.0,0.0,23.0,-1.0,27.0,0.0,29.0,-1.0,31.0,1.0,30.0,1.0,29.0,1.0,27.0,1.0,24.0,0.0,20.0,0.0,15.0,-2.0,10.0,-3.0,5.0,-5.0,-1.0,-8.0,-6.0,-10.0,-12.0,-13.0,-15.0,-16.0,-19.0,-19.0,-21.0,-20.0,-22.0,-21.0,-22.0,-22.0,-21.0,-22.0,-20.0
3.5809,122.0,-96.0,7.0,0.0,0.0,0.0,0.0,0.0,0.0,0.0,0.0,0.0,16.0,14.0,16.0,15.0,15.0,16.0,15.0,16.0,14.0,17.0,14.0,17.0,14.0,17.0,14.0,18.0,14.0,18.0,13.0,18.0,12.0,18.0,12.0,18.0,11.0,18.0,11.0,18.0,11.0,18.0,10.0,18.0,11.0,17.0,10.0,18.0,10.0,18.0,10.0,17.0,10.0,17.0,10.0,16.0,9.0,17.0,10.0,16.0,9.0,15.0,10.0,15.0
3.5946,122.0,-96.0,7.0,0.0,0.0,0.0,0.0,0.0,0.0,0.0,0.0,0.0,14.0,-12.0,11.0,-8.0,7.0,-4.0,4.0,0.0,1.0,4.0,-3.0,9.0,-4.0,14.0,-7.0,18.0,-9.0,22.0,-9.0,25.0,-10.0,28.0,-10.0,29.0,-9.0,30.0,-9.0,29.0,-8.0,27.0,-6.0,23.0,-5.0,20.0,-5.0,14.0,-4.0,9.0,-4.0,3.0,-5.0,-2.0,-5.0,-8.0,-7.0,-13.0,-8.0,-18.0,-10.0,-21.0,-12.0,-24.0
3.609,122.0,-96.0,7.0,0.0,0.0,0.0,0.0,0.0,0.0,0.0,0.0,0.0,-4.0,28.0,-3.0,28.0,-4.0,25.0,-3.0,23.0,-3.0,19.0,-3.0,14.0,-4.0,9.0,-4.0,3.0,-4.0,-3.0,-6.0,-9.0,-7.0,-13.0,-9.0,-18.0,-10.0,-22.0,-11.0,-26.0,-12.0,-28.0,-13.0,-30.0,-14.0,-29.0,-14.0,-28.0,-13.0,-26.0,-12.0,-22.0,-10.0,-18.0,-7.0,-14.0,-4.0,-10.0,0.0,-6.0,4.0,-2.0,8.0,2.0
3.623,122.0,-96.0,7.0,0.0,0.0,0.0,0.0,0.0,0.0,0.0,0.0,0.0,15.0,-7.0,16.0,-6.0,15.0,-6.0,16.0,-6.0,16.0,-5.0,17.0,-5.0,16.0,-4.0,17.0,-4.0,17.0,-4.0,16.0,-3.0,17.0,-3.0,16.0,-3.0,16.0,-3.0,17.0,-3.0,17.0,-2.0,16.0,-2.0,16.0,-1.0,16.0,-2.0,16.0,-1.0,15.0,-2.0,15.0,-2.0,15.0,-2.0,14.0,-1.0,14.0,-2.0,14.0,-2.0,13.0,-2.0
3.6372,122.0,-96.0,7.0,0.0,0.0,0.0,0.0,0.0,0.0,0.0,0.0,0.0,-3.0,4.0,-8.0,7.0,-12.0,9.0,-16.0,11.0,-20.0,13.0,-23.0,15.0,-24.0,17.0,-26.0,18.0,-25.0,18.0,-24.0,18.0,-22.0,17.0,-19.0,15.0,-17.0,12.0,-13.0,9.0,-10.0,5.0,-6.0,1.0,-2.0,-5.0,0.0,-10.0,2.0,-15.0,4.0,-20.0,5.0,-24.0,4.0,-27.0,5.0,-30.0,4.0,-30.0,3.0,-30.0,2.0,-29.0
3.6507,122.0,-96.0,7.0,0.0,0.0,0.0,0.0,0.0,0.0,0.0,0.0,0.0,3.0,-3.0,6.0,1.0,10.0,5.0,13.0,9.0,17.0,12.0,20.0,15.0,23.0,16.0,25.0,18.0,25.0,17.0,25.0,17.0,24.0,15.0,22.0,14.0,19.0,12.0,15.0,9.0,10.0,8.0,5.0,5.0,-1.0,3.0,-7.0,2.0,-13.0,1.0,-18.0,1.0,-23.0,1.0,-26.0,3.0,-29.0,3.0,-30.0,4.0,-30.0,5.0,-29.0,5.0
3.6643,122.0,-96.0,7.0,0.0,0.0,0.0,0.0,0.0,0.0,0.0,0.0,0.0,20.0,-2.0,16.0,-1.0,11.0,0.0,6.0,1.0,0.0,3.0,-5.0,5.0,-9.0,8.0,-14.0,10.0,-18.0,12.0,-21.0,15.0,-24.0,16.0,-25.0,18.0,-25.0,19.0,-25.0,20.0,-23.0,19.0,-20.0,17.0,-17.0,15.0,-14.0,11.0,-10.0,7.0,-7.0,3.0,-4.0,-2.0,-1.0,-8.0,1.0,-13.0,3.0,-18.0,3.0,-22.0,3.0,-25.0
3.6792,122.0,-96.0,7.0,0.0,0.0,0.0,0.0,0.0,0.0,0.0,0.0,0.0,24.0,-15.0,24.0,-15.0,22.0,-14.0,19.0,-13.0,17.0,-10.0,12.0,-7.0,9.0,-4.0,4.0,0.0,1.0,4.0,-3.0,9.0,-6.0,13.0,-9.0,17.0,-11.0,21.0,-14.0,24.0,-15.0,26.0,-15.0,28.0,-14.0,28.0,-14.0,27.0,-12.0,25.0,-10.0,22.0,-8.0,18.0,-7.0,13.0,-6.0,9.0,-5.0,3.0,-4.0,-3.0,-4.0,-8.0
3.6935,122.0,-96.0,7.0,0.0,0.0,0.0,0.0,0.0,0.0,0.0,0.0,0.0,-11.0,15.0,-14.0,18.0,-15.0,20.0,-16.0,21.0,-17.0,22.0,-17.0,21.0,-16.0,20.0,-14.0,18.0,-13.0,16.0,-10.0,12.0,-8.0,8.0,-6.0,3.0,-4.0,-1.0,-2.0,-7.0,0.0,-12.0,1.0,-16.0,2.0,-20.0,2.0,-24.0,2.0,-26.0,2.0,-28.0,1.0,-29.0,0.0,-28.0,1.0,-26.0,0.0,-23.0,-1.0,-19.0,-1.0,-15.0
3.7079,122.0,-96.0,7.0,0.0,0.0,0.0,0.0,0.0,0.0,0.0,0.0,0.0,-5.0,0.0,-7.0,-5.0,-8.0,-11.0,-10.0,-16.0,-13.0,-21.0,-15.0,-25.0,-16.0,-27.0,-18.0,-30.0,-19.0,-30.0,-19.0,-29.0,-18.0,-27.0,-17.0,-25.0,-14.0,-22.0,-11.0,-17.0,-7.0,-13.0,-4.0,-8.0,2.0,-3.0,7.0,-1.0,13.0,3.0,18.0,6.0,23.0,8.0,26.0,8.0,30.0,10.0,31.0,8.0,32.0,8.0,31.0,7.0
3.721,122.0,-96.0,7.0,0.0,0.0,0.0,0.0,0.0,0.0,0.0,0.0,0.0,-17.0,-9.0,-12.0,-7.0,-8.0,-5.0,-2.0,-4.0,3.0,-4.0,9.0,-3.0,14.0,-4.0,19.0,-3.0,23.0,-4.0,27.0,-4.0,29.0,-4.0,30.0,-5.0,31.0,-6.0,29.0,-6.0,27.0,-6.0,23.0,-7.0,19.0,-5.0,15.0,-4.0,10.0,-2.0,5.0,1.0,0.0,4.0,-4.0,7.0,-9.0,11.0,-13.0,14.0,-15.0,17.0,-16.0,20.0
3.7327,122.0,-96.0,7.0,0.0,0.0,0.0,0.0,0.0,0.0,0.0,0.0,0.0,-13.0,-16.0,-9.0,-13.0,-5.0,-9.0,0.0,-5.0,5.0,-2.0,10.0,2.0,15.0,3.0,21.0,6.0,25.0,8.0,29.0,10.0,31.0,11.0,32.0,11.0,33.0,10.0,32.0,9.0,30.0,8.0,26.0,6.0,21.0,5.0,16.0,4.0,10.0,4.0,4.0,4.0,-2.0,4.0,-9.0,5.0,-15.0,6.0,-21.0,7.0,-24.0,9.0,-27.0,12.0
3.7467,122.0,-96.0,7.0,0.0,0.0,0.0,0.0,0.0,0.0,0.0,0.0,0.0,17.0,-7.0,13.0,-5.0,8.0,-2.0,3.0,1.0,-1.0,4.0,-5.0,8.0,-8.0,12.0,-12.0,16.0,-15.0,19.0,-17.0,22.0,-18.0,24.0,-18.0,25.0,-18.0,26.0,-17.0,25.0,-15.0,23.0,-12.0,21.0,-11.0,17.0,-9.0,13.0,-7.0,8.0,-5.0,2.0,-4.0,-3.0,-4.0,-9.0,-3.0,-15.0,-3.0,-20.0,-4.0,-23.0,-5.0,-26.0
3.7605,122.0,-96.0,7.0,0.0,0.0,0.0,0.0,0.0,0.0,0.0,0.0,0.0,21.0,9.0,23.0,11.0,25.0,12.0,26.0,13.0,27.0,13.0,26.0,13.0,24.0,12.0,21.0,10.0,18.0,10.0,13.0,7.0,8.0,5.0,2.0,4.0,-4.0,3.0,-10.0,1.0,-16.0,1.0,-21.0,1.0,-25.0,1.0,-28.0,1.0,-31.0,2.0,-32.0,2.0,-32.0,3.0,-31.0,3.0,-28.0,3.0,-24.0,4.0,-20.0,3.0,-15.0,2.0
3.7745,122.0,-96.0,7.0,0.0,0.0,0.0,0.0,0.0,0.0,0.0,0.0,0.0,13.0,-13.0,10.0,-10.0,6.0,-6.0,4.0,-1.0,1.0,4.0,-1.0,9.0,-2.0,14.0,-4.0,19.0,-5.0,23.0,-6.0,27.0,-7.0,29.0,-5.0,30.0,-5.0,30.0,-5.0,30.0,-4.0,27.0,-2.0,24.0,-2.0,20.0,-3.0,15.0,-3.0,9.0,-3.0,4.0,-5.0,-1.0,-7.0,-7.0,-9.0,-13.0,-11.0,-17.0,-13.0,-20.0,-16.0,-22.0
3.7887,122.0,-96.0,7.0,0.0,0.0,0.0,0.0,0.0,0.0,0.0,0.0,0.0,-13.0,-14.0,-9.0,-11.0,-6.0,-7.0,-1.0,-5.0,4.0,-2.0,10.0,0.0,14.0,2.0,19.0,3.0,23.0,5.0,26.0,5.0,29.0,6.0,30.0,5.0,30.0,5.0,29.0,4.0,27.0,3.0,24.0,2.0,20.0,2.0,15.0,2.0,9.0,2.0,4.0,2.0,-2.0,4.0,-7.0,5.0,-13.0,7.0,-18.0,9.0,-20.0,12.0,-22.0,14.0
3.8038,122.0,-96.0,7.0,0.0,0.0,0.0,0.0,0.0,0.0,0.0,0.0,0.0,-12.0,-9.0,-12.0,-10.0,-12.0,-10.0,-12.0,-11.0,-12.0,-11.0,-11.0,-11.0,-11.0,-11.0,-11.0,-12.0,-11.0,-12.0,-11.0,-13.0,-10.0,-12.0,-10.0,-13.0,-10.0,-12.0,-10.0,-13.0,-9.0,-13.0,-10.0,-13.0,-9.0,-12.0,-9.0,-12.0,-9.0,-12.0,-9.0,-11.0,-9.0,-11.0,-9.0,-11.0,-8.0,-11.0,-8.0,-11.0,-8.0,-11.0,-9.0,-10.0
3.8196,122.0,-96.0,7.0,0.0,0.0,0.0,0.0,0.0,0.0,0.0,0.0,0.0,-17.0,-7.0,-17.0,-8.0,-17.0,-9.0,-18.0,-9.0,-17.0,-10.0,-17.0,-10.0,-17.0,-10.0,-16.0,-11.0,-16.0,-11.0,-16.0,-11.0,-16.0,-11.0,-15.0,-11.0,-15.0,-11.0,-15.0,-12.0,-15.0,-12.0,-14.0,-12.0,-14.0,-12.0,-13.0,-12.0,-14.0,-12.0,-13.0,-12.0,-13.0,-11.0,-13.0,-11.0,-13.0,-11.0,-13.0,-10.0,-13.0,-10.0,-13.0,-10.0
3.8331,122.0,-96.0,7.0,0.0,0.0,0.0,0.0,0.0,0.0,0.0,0.0,0.0,2.0,-5.0,8.0,-7.0,12.0,-8.0,17.0,-9.0,21.0,-11.0,24.0,-12.0,26.0,-14.0,28.0,-14.0,27.0,-15.0,26.0,-15.0,23.0,-14.0,21.0,-13.0,18.0,-10.0,13.0,-8.0,9.0,-4.0,5.0,0.0,0.0,4.0,-3.0,9.0,-6.0,13.0,-8.0,17.0,-11.0,21.0,-11.0,24.0,-12.0,27.0,-10.0,28.0,-10.0,28.0,-9.0,27.0
3.845,102.0,96.0,6.0,0.0,0.0,0.0,0.0,0.0,0.0,0.0,0.0,0.0,-8.0,-17.0,-5.0,-13.0,-3.0,-9.0,0.0,-5.0,5.0,-1.0,8.0,4.0,13.0,6.0,16.0,10.0,20.0,12.0,23.0,14.0,25.0,16.0,26.0,16.0,27.0,15.0,26.0,14.0,24.0,12.0,22.0,10.0,18.0,9.0,13.0,7.0,8.0,5.0,3.0,4.0,-3.0,4.0,-8.0,3.0,-14.0,3.0,-20.0,3.0,-23.0,4.0,-26.0,6.0
3.8607,78.0,-32.0,4.0,0.0,0.0,0.0,0.0,0.0,0.0,0.0,0.0,0.0,-18.0,-4.0,-19.0,-4.0,-19.0,-5.0,-19.0,-5.0,-19.0,-6.0,-19.0,-7.0,-18.0,-7.0,-18.0,-7.0,-18.0,-8.0,-18.0,-8.0,-18.0,-8.0,-18.0,-8.0,-17.0,-8.0,-17.0,-9.0,-17.0,-9.0,-17.0,-8.0,-16.0,-9.0,-16.0,-9.0,-16.0,-9.0,-16.0,-8.0,-16.0,-8.0,-15.0,-8.0,-15.0,-8.0,-15.0,-8.0,-15.0,-7.0,-15.0,-7.0
3.8742,123.0,-80.0,7.0,0.0,0.0,0.0,0.0,0.0,0.0,0.0,0.0,0.0,-10.0,14.0,-10.0,14.0,-11.0,14.0,-11.0,14.0,-12.0,14.0,-12.0,14.0,-12.0,13.0,-13.0,13.0,-13.0,12.0,-13.0,12.0,-13.0,13.0,-13.0,12.0,-13.0,12.0,-13.0,12.0,-13.0,11.0,-13.0,11.0,-13.0,11.0,-13.0,10.0,-13.0,10.0,-12.0,10.0,-12.0,10.0,-12.0,10.0,-12.0,10.0,-11.0,10.0,-11.0,10.0,-11.0,10.0
3.8868,95.0,-16.0,5.0,0.0,0.0,0.0,0.0,0.0,0.0,0.0,0.0,0.0,-2.0,-6.0,5.0,-8.0,12.0,-9.0,17.0,-11.0,23.0,-14.0,28.0,-16.0,30.0,-18.0,33.0,-20.0,33.0,-21.0,32.0,-21.0,29.0,-21.0,27.0,-19.0,23.0,-17.0,18.0,-13.0,13.0,-8.0,8.0,-4.0,3.0,3.0,0.0,8.0,-5.0,15.0,-7.0,20.0,-9.0,26.0,-10.0,30.0,-11.0,34.0,-9.0,36.0,-8.0,36.0,-7.0,36.0
3.9009,122.0,-96.0,7.0,0.0,0.0,0.0,0.0,0.0,0.0,0.0,0.0,0.0,-21.0,-7.0,-25.0,-8.0,-27.0,-9.0,-29.0,-10.0,-29.0,-10.0,-30.0,-10.0,-28.0,-9.0,-25.0,-8.0,-22.0,-8.0,-17.0,-6.0,-12.0,-6.0,-6.0,-5.0,-1.0,-5.0,6.0,-4.0,12.0,-5.0,17.0,-4.0,22.0,-5.0,25.0,-6.0,28.0,-7.0,29.0,-8.0,30.0,-9.0,29.0,-9.0,27.0,-9.0,23.0,-8.0,19.0,-7.0,15.0,-6.0
3.9139,122.0,-96.0,7.0,0.0,0.0,0.0,0.0,0.0,0.0,0.0,0.0,0.0,25.0,14.0,25.0,14.0,23.0,13.0,21.0,12.0,18.0,11.0,14.0,9.0,10.0,7.0,4.0,5.0,-1.0,3.0,-7.0,2.0,-13.0,1.0,-18.0,1.0,-22.0,0.0,-27.0,0.0,-30.0,0.0,-32.0,0.0,-32.0,1.0,-32.0,1.0,-29.0,1.0,-26.0,2.0,-22.0,2.0,-18.0,1.0,-13.0,0.0,-7.0,-2.0,-2.0,-4.0,3.0,-6.0
3.9293,122.0,-96.0,7.0,0.0,0.0,0.0,0.0,0.0,0.0,0.0,0.0,0.0,-5.0,0.0,-10.0,-3.0,-13.0,-5.0,-16.0,-8.0,-20.0,-9.0,-23.0,-11.0,-24.0,-11.0,-26.0,-12.0,-26.0,-12.0,-25.0,-11.0,-23.0,-10.0,-21.0,-8.0,-18.0,-8.0,-13.0,-6.0,-9.0,-6.0,-4.0,-4.0,2.0,-4.0,7.0,-4.0,13.0,-4.0,17.0,-5.0,21.0,-6.0,23.0,-7.0,25.0,-8.0,25.0,-9.0,24.0,-9.0,24.0,-10.0
3.9433,122.0,-96.0,7.0,0.0,0.0,0.0,0.0,0.0,0.0,0.0,0.0,0.0,-2.0,19.0,-3.0,19.0,-3.0,19.0,-3.0,19.0,-4.0,20.0,-4.0,19.0,-5.0,19.0,-5.0,19.0,-6.0,19.0,-6.0,18.0,-7.0,19.0,-7.0,18.0,-7.0,18.0,-7.0,18.0,-8.0,18.0,-7.0,17.0,-7.0,17.0,-7.0,17.0,-7.0,17.0,-7.0,16.0,-7.0,16.0,-7.0,16.0,-7.0,16.0,-7.0,15.0,-6.0,15.0,-6.0,15.0
3.9576,122.0,-96.0,7.0,0.0,0.0,0.0,0.0,0.0,0.0,0.0,0.0,0.0,-21.0,0.0,-26.0,-1.0,-28.0,0.0,-30.0,-1.0,-31.0,0.0,-31.0,0.0,-30.0,-1.0,-26.0,0.0,-23.0,-1.0,-18.0,-1.0,-13.0,-2.0,-7.0,-3.0,-2.0,-4.0,5.0,-6.0,10.0,-8.0,14.0,-10.0,19.0,-12.0,22.0,-14.0,24.0,-16.0,26.0,-17.0,25.0,-18.0,25.0,-18.0,23.0,-17.0,19.0,-16.0,16.0,-14.0,12.0,-11.0
3.9734,122.0,-96.0,7.0,0.0,0.0,0.0,0.0,0.0,0.0,0.0,0.0,0.0,-18.0,-5.0,-18.0,-6.0,-18.0,-6.0,-18.0,-6.0,-18.0,-7.0,-18.0,-8.0,-18.0,-8.0,-18.0,-8.0,-17.0,-8.0,-17.0,-9.0,-17.0,-9.0,-17.0,-9.0,-17.0,-9.0,-17.0,-10.0,-16.0,-10.0,-16.0,-9.0,-16.0,-10.0,-15.0,-10.0,-15.0,-10.0,-15.0,-9.0,-14.0,-9.0,-15.0,-9.0,-15.0,-9.0,-14.0,-9.0,-14.0,-8.0,-14.0,-8.0
3.9873,122.0,-96.0,7.0,0.0,0.0,0.0,0.0,0.0,0.0,0.0,0.0,0.0,-20.0,-18.0,-19.0,-17.0,-18.0,-16.0,-16.0,-15.0,-13.0,-13.0,-10.0,-10.0,-5.0,-8.0,-1.0,-5.0,4.0,-2.0,8.0,0.0,13.0,1.0,17.0,3.0,20.0,4.0,24.0,5.0,26.0,6.0,27.0,6.0,27.0,5.0,26.0,5.0,24.0,4.0,21.0,3.0,17.0,2.0,13.0,2.0,9.0,2.0,3.0,3.0,-2.0,3.0,-6.0,5.0
4.002,122.0,-96.0,7.0,0.0,0.0,0.0,0.0,0.0,0.0,0.0,0.0,0.0,-19.0,-11.0,-19.0,-12.0,-19.0,-11.0,-19.0,-11.0,-19.0,-12.0,-19.0,-13.0,-19.0,-13.0,-19.0,-14.0,-19.0,-13.0,-19.0,-13.0,-18.0,-13.0,-18.0,-14.0,-18.0,-14.0,-18.0,-14.0,-18.0,-15.0,-18.0,-14.0,-18.0,-14.0,-18.0,-15.0,-18.0,-15.0,-18.0,-14.0,-18.0,-15.0,-18.0,-14.0,-18.0,-15.0,-18.0,-14.0,-17.0,-14.0,-17.0,-13.0
4.0164,122.0,-96.0,7.0,0.0,0.0,0.0,0.0,0.0,0.0,0.0,0.0,0.0,1.0,20.0,1.0,25.0,1.0,27.0,1.0,30.0,1.0,30.0,1.0,30.0,2.0,28.0,1.0,25.0,0.0,22.0,0.0,17.0,-1.0,12.0,-2.0,6.0,-4.0,1.0,-6.0,-5.0,-9.0,-10.0,-10.0,-15.0,-14.0,-19.0,-16.0,-22.0,-18.0,-24.0,-19.0,-25.0,-20.0,-25.0,-20.0,-24.0,-19.0,-22.0,-17.0,-19.0,-14.0,-16.0,-12.0,-13.0
4.0309,122.0,-96.0,7.0,0.0,0.0,0.0,0.0,0.0,0.0,0.0,0.0,0.0,-19.0,-2.0,-23.0,-3.0,-25.0,-3.0,-27.0,-3.0,-28.0,-4.0,-28.0,-3.0,-26.0,-3.0,-24.0,-3.0,-21.0,-3.0,-16.0,-3.0,-12.0,-3.0,-6.0,-3.0,-1.0,-4.0,4.0,-5.0,9.0,-6.0,14.0,-8.0,18.0,-9.0,21.0,-11.0,23.0,-12.0,24.0,-13.0,24.0,-14.0,24.0,-14.0,21.0,-13.0,19.0,-13.0,15.0,-11.0,12.0,-9.0
4.0446,122.0,-96.0,7.0,0.0,0.0,0.0,0.0,0.0,0.0,0.0,0.0,0.0,-4.0,-2.0,-2.0,-8.0,0.0,-12.0,2.0,-17.0,3.0,-22.0,5.0,-26.0,5.0,-28.0,5.0,-31.0,4.0,-31.0,4.0,-31.0,3.0,-29.0,2.0,-26.0,3.0,-23.0,2.0,-18.0,2.0,-13.0,2.0,-7.0,3.0,-1.0,5.0,4.0,6.0,10.0,8.0,14.0,11.0,19.0,13.0,21.0,14.0,24.0,16.0,24.0,17.0,23.0,17.0,23.0
4.0603,122.0,-96.0,7.0,0.0,0.0,0.0,0.0,0.0,0.0,0.0,0.0,0.0,3.0,1.0,2.0,6.0,0.0,11.0,-1.0,16.0,-1.0,21.0,-2.0,25.0,-2.0,28.0,-2.0,30.0,-1.0,31.0,-1.0,30.0,-1.0,28.0,0.0,26.0,-1.0,22.0,0.0,17.0,-2.0,12.0,-2.0,7.0,-4.0,1.0,-6.0,-5.0,-9.0,-10.0,-11.0,-14.0,-14.0,-19.0,-17.0,-20.0,-18.0,-23.0,-20.0,-22.0,-21.0,-22.0,-21.0,-22.0
4.0717,122.0,-96.0,7.0,0.0,0.0,0.0,0.0,0.0,0.0,0.0,0.0,0.0,-6.0,-29.0,-6.0,-28.0,-5.0,-26.0,-5.0,-23.0,-4.0,-19.0,-2.0,-15.0,0.0,-10.0,2.0,-4.0,5.0,0.0,7.0,5.0,10.0,10.0,13.0,14.0,15.0,17.0,18.0,20.0,19.0,22.0,20.0,23.0,21.0,23.0,20.0,22.0,19.0,20.0,17.0,17.0,14.0,13.0,10.0,10.0,6.0,8.0,1.0,5.0,-4.0,2.0,-9.0,0.0
4.0883,122.0,-96.0,7.0,0.0,0.0,0.0,0.0,0.0,0.0,0.0,0.0,0.0,-3.0,3.0,-8.0,0.0,-12.0,-2.0,-17.0,-4.0,-21.0,-6.0,-25.0,-8.0,-28.0,-8.0,-30.0,-8.0,-31.0,-7.0,-30.0,-7.0,-29.0,-6.0,-26.0,-6.0,-23.0,-5.0,-18.0,-4.0,-13.0,-4.0,-7.0,-3.0,-1.0,-4.0,5.0,-5.0,10.0,-7.0,15.0,-9.0,19.0,-11.0,21.0,-13.0,25.0,-14.0,25.0,-16.0,24.0,-17.0,24.0,-17.0
4.1017,122.0,-96.0,7.0,0.0,0.0,0.0,0.0,0.0,0.0,0.0,0.0,0.0,-19.0,10.0,-22.0,11.0,-23.0,12.0,-24.0,13.0,-24.0,13.0,-24.0,12.0,-22.0,12.0,-19.0,10.0,-17.0,8.0,-13.0,5.0,-9.0,2.0,-5.0,-1.0,-1.0,-5.0,3.0,-9.0,6.0,-13.0,8.0,-16.0,10.0,-19.0,12.0,-23.0,12.0,-24.0,12.0,-25.0,11.0,-25.0,11.0,-25.0,10.0,-23.0,8.0,-20.0,6.0,-17.0,5.0,-12.0
4.115,122.0,-96.0,7.0,0.0,0.0,0.0,0.0,0.0,0.0,0.0,0.0,0.0,-4.0,23.0,-5.0,26.0,-5.0,28.0,-5.0,29.0,-5.0,30.0,-5.0,28.0,-5.0,27.0,-4.0,23.0,-4.0,20.0,-4.0,14.0,-4.0,9.0,-4.0,3.0,-5.0,-2.0,-6.0,-9.0,-7.0,-14.0,-8.0,-19.0,-9.0,-23.0,-11.0,-26.0,-13.0,-28.0,-14.0,-29.0,-14.0,-28.0,-14.0,-27.0,-13.0,-25.0,-12.0,-21.0,-10.0,-17.0,-8.0,-13.0
4.1278,122.0,-96.0,7.0,0.0,0.0,0.0,0.0,0.0,0.0,0.0,0.0,0.0,-24.0,21.0,-23.0,20.0,-22.0,19.0,-19.0,17.0,-17.0,13.0,-13.0,9.0,-10.0,5.0,-5.0,-1.0,-2.0,-6.0,1.0,-11.0,3.0,-16.0,6.0,-21.0,7.0,-26.0,9.0,-30.0,10.0,-32.0,10.0,-34.0,9.0,-34.0,9.0,-33.0,7.0,-30.0,6.0,-27.0,5.0,-22.0,4.0,-17.0,4.0,-11.0,4.0,-5.0,4.0,2.0,5.0,7.0
4.141,122.0,-96.0,7.0,0.0,0.0,0.0,0.0,0.0,0.0,0.0,0.0,0.0,-6.0,20.0,-7.0,23.0,-8.0,24.0,-8.0,26.0,-7.0,25.0,-7.0,25.0,-7.0,23.0,-6.0,20.0,-6.0,17.0,-5.0,12.0,-4.0,8.0,-4.0,3.0,-4.0,-3.0,-4.0,-8.0,-5.0,-14.0,-5.0,-18.0,-6.0,-22.0,-7.0,-24.0,-9.0,-27.0,-9.0,-27.0,-10.0,-27.0,-10.0,-26.0,-10.0,-23.0,-9.0,-20.0,-8.0,-17.0,-6.0,-13.0
4.155,122.0,-96.0,7.0,0.0,0.0,0.0,0.0,0.0,0.0,0.0,0.0,0.0,11.0,23.0,11.0,22.0,10.0,21.0,9.0,18.0,6.0,16.0,4.0,12.0,2.0,8.0,-2.0,3.0,-5.0,0.0,-9.0,-4.0,-12.0,-7.0,-15.0,-10.0,-18.0,-12.0,-21.0,-15.0,-23.0,-16.0,-24.0,-16.0,-24.0,-15.0,-24.0,-15.0,-22.0,-13.0,-20.0,-11.0,-16.0,-9.0,-12.0,-8.0,-8.0,-6.0,-3.0,-5.0,2.0,-4.0,7.0,-3.0
4.1705,122.0,-96.0,7.0,0.0,0.0,0.0,0.0,0.0,0.0,0.0,0.0,0.0,-13.0,-14.0,-12.0,-14.0,-12.0,-15.0,-12.0,-15.0,-12.0,-16.0,-11.0,-16.0,-11.0,-16.0,-10.0,-16.0,-10.0,-16.0,-10.0,-17.0,-10.0,-17.0,-9.0,-17.0,-9.0,-17.0,-9.0,-17.0,-8.0,-17.0,-8.0,-17.0,-8.0,-15.0,-8.0,-17.0,-8.0,-16.0,-7.0,-16.0,-8.0,-15.0,-8.0,-15.0,-7.0,-15.0,-8.0,-15.0,-8.0,-14.0,-8.0,-14.0
4.187,122.0,-96.0,7.0,0.0,0.0,0.0,0.0,0.0,0.0,0.0,0.0,0.0,-10.0,-20.0,-10.0,-21.0,-10.0,-21.0,-9.0,-22.0,-9.0,-22.0,-9.0,-22.0,-8.0,-22.0,-8.0,-22.0,-7.0,-22.0,-7.0,-23.0,-6.0,-23.0,-6.0,-23.0,-6.0,-22.0,-5.0,-22.0,-5.0,-22.0,-5.0,-22.0,-5.0,-21.0,-4.0,-21.0,-4.0,-21.0,-5.0,-20.0,-5.0,-20.0,-5.0,-20.0,-4.0,-20.0,-5.0,-20.0,-5.0,-19.0,-5.0,-18.0
4.2017,122.0,-96.0,7.0,0.0,0.0,0.0,0.0,0.0,0.0,0.0,0.0,0.0,20.0,-16.0,20.0,-16.0,19.0,-14.0,16.0,-13.0,14.0,-10.0,11.0,-7.0,8.0,-4.0,4.0,0.0,1.0,4.0,-2.0,8.0,-5.0,12.0,-6.0,16.0,-8.0,19.0,-10.0,23.0,-11.0,25.0,-11.0,26.0,-10.0,26.0,-10.0,26.0,-8.0,24.0,-7.0,21.0,-5.0,17.0,-5.0,12.0,-4.0,8.0,-4.0,3.0,-4.0,-2.0,-5.0,-7.0
4.218,122.0,-96.0,7.0,0.0,0.0,0.0,0.0,0.0,0.0,0.0,0.0,0.0,-7.0,-13.0,-7.0,-13.0,-7.0,-13.0,-7.0,-14.0,-7.0,-14.0,-6.0,-15.0,-6.0,-14.0,-5.0,-14.0,-5.0,-14.0,-5.0,-15.0,-5.0,-15.0,-4.0,-15.0,-4.0,-14.0,-4.0,-14.0,-4.0,-14.0,-4.0,-14.0,-4.0,-14.0,-3.0,-14.0,-4.0,-14.0,-4.0,-14.0,-4.0,-13.0,-4.0,-13.0,-4.0,-13.0,-4.0,-12.0,-4.0,-13.0,-4.0,-12.0
4.2326,122.0,-96.0,7.0,0.0,0.0,0.0,0.0,0.0,0.0,0.0,0.0,0.0,-12.0,23.0,-12.0,23.0,-12.0,22.0,-10.0,20.0,-10.0,17.0,-8.0,13.0,-6.0,9.0,-5.0,4.0,-4.0,-1.0,-3.0,-6.0,-3.0,-11.0,-3.0,-16.0,-3.0,-20.0,-2.0,-24.0,-2.0,-27.0,-2.0,-29.0,-3.0,-29.0,-4.0,-28.0,-4.0,-26.0,-4.0,-24.0,-4.0,-20.0,-3.0,-16.0,-1.0,-12.0,0.0,-7.0,3.0,-2.0,5.0,2.0
4.2466,122.0,-96.0,7.0,0.0,0.0,0.0,0.0,0.0,0.0,0.0,0.0,0.0,2.0,-21.0,3.0,-24.0,3.0,-26.0,3.0,-27.0,3.0,-27.0,3.0,-27.0,3.0,-25.0,2.0,-22.0,3.0,-18.0,2.0,-13.0,2.0,-9.0,2.0,-4.0,3.0,1.0,4.0,7.0,6.0,12.0,6.0,16.0,8.0,20.0,9.0,22.0,10.0,24.0,11.0,25.0,12.0,24.0,12.0,24.0,11.0,22.0,10.0,18.0,8.0,15.0,6.0,11.0
4.261,122.0,-96.0,7.0,0.0,0.0,0.0,0.0,0.0,0.0,0.0,0.0,0.0,7.0,-23.0,9.0,-25.0,10.0,-27.0,10.0,-28.0,10.0,-29.0,10.0,-28.0,10.0,-26.0,8.0,-23.0,8.0,-19.0,6.0,-14.0,4.0,-9.0,4.0,-3.0,3.0,3.0,3.0,9.0,3.0,14.0,3.0,19.0,3.0,24.0,4.0,27.0,5.0,29.0,5.0,31.0,6.0,30.0,6.0,29.0,6.0,27.0,6.0,22.0,5.0,18.0,3.0,14.0
4.2742,122.0,-96.0,7.0,0.0,0.0,0.0,0.0,0.0,0.0,0.0,0.0,0.0,3.0,1.0,1.0,7.0,-1.0,12.0,-2.0,16.0,-3.0,21.0,-4.0,25.0,-3.0,27.0,-4.0,30.0,-3.0,30.0,-2.0,30.0,-2.0,28.0,-1.0,26.0,-1.0,22.0,-1.0,18.0,-2.0,13.0,-2.0,7.0,-4.0,1.0,-6.0,-5.0,-8.0,-10.0,-11.0,-15.0,-14.0,-19.0,-16.0,-21.0,-18.0,-24.0,-20.0,-23.0,-21.0,-23.0,-21.0,-22.0
4.2888,122.0,-96.0,7.0,0.0,0.0,0.0,0.0,0.0,0.0,0.0,0.0,0.0,5.0,22.0,4.0,17.0,2.0,12.0,-1.0,7.0,-4.0,2.0,-8.0,-4.0,-11.0,-8.0,-15.0,-13.0,-18.0,-17.0,-22.0,-20.0,-24.0,-23.0,-26.0,-23.0,-27.0,-23.0,-27.0,-22.0,-26.0,-20.0,-24.0,-17.0,-20.0,-15.0,-16.0,-13.0,-11.0,-10.0,-5.0,-7.0,1.0,-5.0,7.0,-3.0,14.0,-2.0,20.0,0.0,24.0,-1.0,27.0,-2.0
4.3026,122.0,-96.0,7.0,0.0,0.0,0.0,0.0,0.0,0.0,0.0,0.0,0.0,-3.0,-5.0,-1.0,-10.0,0.0,-14.0,2.0,-18.0,2.0,-22.0,3.0,-25.0,3.0,-26.0,4.0,-28.0,3.0,-28.0,2.0,-27.0,1.0,-25.0,1.0,-22.0,1.0,-19.0,1.0,-14.0,2.0,-10.0,2.0,-4.0,4.0,1.0,5.0,6.0,7.0,10.0,9.0,14.0,11.0,18.0,13.0,20.0,15.0,22.0,16.0,21.0,16.0,20.0,16.0,19.0
4.3186,122.0,-96.0,7.0,0.0,0.0,0.0,0.0,0.0,0.0,0.0,0.0,0.0,-21.0,-9.0,-21.0,-10.0,-21.0,-9.0,-21.0,-11.0,-21.0,-11.0,-21.0,-12.0,-20.0,-12.0,-20.0,-12.0,-19.0,-12.0,-20.0,-13.0,-19.0,-13.0,-19.0,-13.0,-19.0,-13.0,-19.0,-14.0,-18.0,-14.0,-18.0,-13.0,-18.0,-14.0,-17.0,-13.0,-17.0,-14.0,-17.0,-13.0,-17.0,-13.0,-17.0,-12.0,-16.0,-12.0,-16.0,-12.0,-16.0,-11.0,-16.0,-11.0
4.3314,122.0,-96.0,7.0,0.0,0.0,0.0,0.0,0.0,0.0,0.0,0.0,0.0,20.0,-6.0,24.0,-6.0,26.0,-7.0,28.0,-7.0,29.0,-8.0,29.0,-8.0,28.0,-7.0,25.0,-6.0,22.0,-5.0,17.0,-4.0,12.0,-2.0,7.0,0.0,2.0,3.0,-4.0,6.0,-9.0,9.0,-13.0,12.0,-17.0,15.0,-19.0,18.0,-21.0,20.0,-23.0,21.0,-22.0,22.0,-21.0,22.0,-19.0,21.0,-16.0,19.0,-13.0,16.0,-11.0,12.0
4.3452,122.0,-96.0,7.0,0.0,0.0,0.0,0.0,0.0,0.0,0.0,0.0,0.0,-4.0,18.0,-4.0,18.0,-4.0,18.0,-5.0,18.0,-5.0,18.0,-6.0,17.0,-6.0,17.0,-7.0,17.0,-7.0,17.0,-7.0,17.0,-7.0,17.0,-7.0,17.0,-8.0,16.0,-8.0,16.0,-8.0,16.0,-8.0,16.0,-8.0,16.0,-8.0,16.0,-8.0,15.0,-8.0,15.0,-8.0,15.0,-8.0,14.0,-7.0,14.0,-7.0,14.0,-6.0,14.0,-6.0,14.0
4.3585,122.0,-96.0,7.0,0.0,0.0,0.0,0.0,0.0,0.0,0.0,0.0,0.0,-13.0,22.0,-10.0,17.0,-9.0,12.0,-6.0,5.0,-5.0,-2.0,-4.0,-9.0,-4.0,-15.0,-3.0,-22.0,-3.0,-28.0,-4.0,-33.0,-3.0,-37.0,-5.0,-39.0,-6.0,-39.0,-6.0,-39.0,-7.0,-36.0,-7.0,-32.0,-6.0,-28.0,-5.0,-22.0,-2.0,-16.0,0.0,-10.0,4.0,-3.0,8.0,3.0,13.0,8.0,17.0,14.0,21.0,17.0,24.0,18.0
4.3726,122.0,-96.0,7.0,0.0,0.0,0.0,0.0,0.0,0.0,0.0,0.0,0.0,17.0,8.0,19.0,10.0,22.0,11.0,22.0,12.0,24.0,13.0,24.0,12.0,22.0,12.0,20.0,10.0,18.0,10.0,13.0,8.0,9.0,6.0,4.0,4.0,-1.0,3.0,-7.0,1.0,-12.0,1.0,-17.0,1.0,-20.0,0.0,-24.0,1.0,-27.0,1.0,-28.0,2.0,-28.0,2.0,-28.0,2.0,-27.0,3.0,-23.0,3.0,-19.0,2.0,-15.0,2.0
4.3865,122.0,-96.0,7.0,0.0,0.0,0.0,0.0,0.0,0.0,0.0,0.0,0.0,-1.0,16.0,-2.0,16.0,-2.0,16.0,-2.0,17.0,-3.0,17.0,-3.0,17.0,-4.0,16.0,-4.0,17.0,-5.0,16.0,-5.0,16.0,-5.0,16.0,-5.0,16.0,-5.0,16.0,-6.0,16.0,-6.0,16.0,-6.0,15.0,-6.0,15.0,-6.0,15.0,-6.0,15.0,-6.0,14.0,-6.0,14.0,-6.0,14.0,-5.0,14.0,-5.0,13.0,-5.0,14.0,-4.0,13.0
4.403,122.0,-96.0,7.0,0.0,0.0,0.0,0.0,0.0,0.0,0.0,0.0,0.0,-12.0,-11.0,-12.0,-12.0,-12.0,-12.0,-12.0,-13.0,-11.0,-13.0,-11.0,-13.0,-11.0,-13.0,-11.0,-14.0,-10.0,-14.0,-10.0,-14.0,-10.0,-14.0,-10.0,-14.0,-10.0,-14.0,-9.0,-14.0,-9.0,-15.0,-9.0,-14.0,-9.0,-14.0,-8.0,-14.0,-8.0,-14.0,-8.0,-13.0,-8.0,-13.0,-8.0,-13.0,-8.0,-13.0,-8.0,-13.0,-8.0,-12.0,-9.0,-12.0
4.4168,122.0,-96.0,7.0,0.0,0.0,0.0,0.0,0.0,0.0,0.0,0.0,0.0,6.0,-26.0,6.0,-26.0,6.0,-25.0,5.0,-23.0,5.0,-19.0,4.0,-16.0,4.0,-11.0,3.0,-5.0,3.0,-1.0,3.0,5.0,4.0,9.0,5.0,14.0,6.0,18.0,6.0,22.0,7.0,25.0,7.0,27.0,8.0,27.0,8.0,26.0,8.0,24.0,8.0,21.0,7.0,18.0,5.0,14.0,3.0,10.0,0.0,6.0,-3.0,2.0,-6.0,-2.0
4.4312,122.0,-96.0,7.0,0.0,0.0,0.0,0.0,0.0,0.0,0.0,0.0,0.0,-4.0,-21.0,-5.0,-25.0,-5.0,-28.0,-6.0,-29.0,-6.0,-31.0,-6.0,-30.0,-5.0,-29.0,-5.0,-26.0,-4.0,-23.0,-3.0,-18.0,-2.0,-13.0,0.0,-8.0,3.0,-3.0,6.0,3.0,9.0,8.0,11.0,13.0,14.0,17.0,17.0,19.0,19.0,21.0,21.0,22.0,22.0,21.0,22.0,21.0,21.0,19.0,18.0,16.0,16.0,13.0,12.0,10.0
4.4478,122.0,-96.0,7.0,0.0,0.0,0.0,0.0,0.0,0.0,0.0,0.0,0.0,10.0,15.0,10.0,15.0,9.0,15.0,9.0,16.0,9.0,16.0,8.0,16.0,8.0,16.0,8.0,17.0,7.0,16.0,7.0,17.0,7.0,17.0,7.0,17.0,6.0,17.0,6.0,17.0,5.0,17.0,5.0,17.0,5.0,16.0,5.0,17.0,5.0,16.0,5.0,16.0,5.0,16.0,5.0,15.0,4.0,15.0,5.0,15.0,5.0,14.0,5.0,14.0
4.46,122.0,-96.0,7.0,0.0,0.0,0.0,0.0,0.0,0.0,0.0,0.0,0.0,20.0,3.0,16.0,2.0,11.0,2.0,6.0,2.0,0.0,3.0,-6.0,4.0,-11.0,6.0,-16.0,7.0,-21.0,9.0,-24.0,11.0,-27.0,11.0,-28.0,13.0,-29.0,14.0,-28.0,14.0,-26.0,14.0,-23.0,13.0,-19.0,11.0,-16.0,8.0,-12.0,5.0,-7.0,1.0,-4.0,-3.0,0.0,-8.0,4.0,-12.0,6.0,-17.0,7.0,-21.0,8.0,-24.0
4.4739,122.0,-96.0,7.0,0.0,0.0,0.0,0.0,0.0,0.0,0.0,0.0,0.0,8.0,24.0,8.0,25.0,7.0,23.0,7.0,21.0,5.0,18.0,4.0,14.0,2.0,11.0,-1.0,6.0,-3.0,1.0,-7.0,-2.0,-10.0,-6.0,-12.0,-10.0,-15.0,-13.0,-18.0,-16.0,-20.0,-19.0,-21.0,-19.0,-22.0,-19.0,-22.0,-19.0,-21.0,-17.0,-19.0,-15.0,-16.0,-12.0,-13.0,-10.0,-9.0,-8.0,-4.0,-6.0,1.0,-4.0,5.0,-2.0
4.4883,122.0,-96.0,7.0,0.0,0.0,0.0,0.0,0.0,0.0,0.0,0.0,0.0,0.0,-5.0,5.0,-5.0,11.0,-5.0,15.0,-5.0,20.0,-6.0,24.0,-7.0,27.0,-8.0,29.0,-8.0,29.0,-10.0,29.0,-10.0,26.0,-10.0,24.0,-9.0,21.0,-7.0,16.0,-6.0,12.0,-3.0,7.0,-1.0,2.0,2.0,-2.0,6.0,-7.0,10.0,-10.0,14.0,-14.0,18.0,-14.0,21.0,-17.0,24.0,-15.0,25.0,-15.0,26.0,-15.0,25.0
4.5015,122.0,-96.0,7.0,0.0,0.0,0.0,0.0,0.0,0.0,0.0,0.0,0.0,1.0,-6.0,7.0,-9.0,12.0,-11.0,16.0,-14.0,20.0,-17.0,23.0,-19.0,25.0,-21.0,27.0,-22.0,26.0,-23.0,25.0,-22.0,22.0,-21.0,20.0,-18.0,17.0,-15.0,13.0,-11.0,10.0,-6.0,5.0,-2.0,2.0,4.0,0.0,10.0,-4.0,16.0,-5.0,21.0,-6.0,26.0,-6.0,29.0,-6.0,32.0,-4.0,33.0,-4.0,32.0,-3.0,31.0
4.5142,122.0,-96.0,7.0,0.0,0.0,0.0,0.0,0.0,0.0,0.0,0.0,0.0,15.0,2.0,16.0,2.0,15.0,3.0,16.0,3.0,16.0,4.0,16.0,4.0,15.0,4.0,15.0,5.0,15.0,5.0,15.0,5.0,15.0,6.0,15.0,5.0,15.0,6.0,14.0,6.0,14.0,6.0,14.0,6.0,14.0,7.0,13.0,6.0,13.0,6.0,13.0,6.0,13.0,6.0,13.0,6.0,12.0,6.0,12.0,6.0,12.0,5.0,12.0,5.0
4.5279,122.0,-96.0,7.0,0.0,0.0,0.0,0.0,0.0,0.0,0.0,0.0,0.0,-3.0,16.0,-4.0,16.0,-4.0,16.0,-4.0,16.0,-5.0,17.0,-6.0,16.0,-6.0,16.0,-6.0,16.0,-6.0,16.0,-7.0,16.0,-7.0,16.0,-7.0,15.0,-8.0,15.0,-8.0,15.0,-8.0,14.0,-8.0,14.0,-8.0,14.0,-8.0,14.0,-8.0,14.0,-8.0,14.0,-8.0,13.0,-7.0,13.0,-7.0,13.0,-7.0,13.0,-7.0,13.0,-6.0,13.0
4.5408,122.0,-96.0,7.0,0.0,0.0,0.0,0.0,0.0,0.0,0.0,0.0,0.0,2.0,-3.0,7.0,0.0,11.0,4.0,15.0,7.0,18.0,9.0,22.0,12.0,24.0,13.0,27.0,14.0,27.0,13.0,27.0,12.0,26.0,11.0,23.0,10.0,20.0,9.0,16.0,7.0,11.0,6.0,5.0,4.0,-1.0,3.0,-7.0,3.0,-13.0,3.0,-17.0,4.0,-23.0,5.0,-25.0,6.0,-28.0,7.0,-28.0,9.0,-29.0,10.0,-28.0,10.0
4.5538,122.0,-96.0,7.0,0.0,0.0,0.0,0.0,0.0,0.0,0.0,0.0,0.0,-25.0,-9.0,-25.0,-9.0,-22.0,-8.0,-21.0,-7.0,-16.0,-7.0,-13.0,-6.0,-8.0,-5.0,-2.0,-4.0,3.0,-4.0,8.0,-4.0,12.0,-5.0,16.0,-5.0,20.0,-6.0,24.0,-6.0,27.0,-7.0,27.0,-7.0,28.0,-8.0,25.0,-8.0,24.0,-8.0,21.0,-7.0,16.0,-6.0,13.0,-4.0,9.0,-2.0,5.0,1.0,0.0,3.0,-3.0,7.0
4.5712,122.0,-96.0,7.0,0.0,0.0,0.0,0.0,0.0,0.0,0.0,0.0,0.0,-12.0,-19.0,-12.0,-20.0,-11.0,-20.0,-11.0,-21.0,-10.0,-21.0,-10.0,-22.0,-9.0,-21.0,-9.0,-22.0,-8.0,-22.0,-8.0,-22.0,-8.0,-22.0,-8.0,-22.0,-7.0,-22.0,-7.0,-22.0,-6.0,-22.0,-6.0,-21.0,-5.0,-21.0,-5.0,-21.0,-5.0,-21.0,-5.0,-20.0,-5.0,-20.0,-5.0,-20.0,-5.0,-20.0,-5.0,-19.0,-6.0,-19.0,-6.0,-18.0
4.5863,122.0,-96.0,7.0,0.0,0.0,0.0,0.0,0.0,0.0,0.0,0.0,0.0,-1.0,5.0,-5.0,8.0,-9.0,11.0,-13.0,15.0,-16.0,17.0,-18.0,21.0,-19.0,22.0,-20.0,24.0,-20.0,24.0,-19.0,23.0,-17.0,21.0,-15.0,19.0,-13.0,16.0,-10.0,12.0,-8.0,7.0,-5.0,2.0,-3.0,-4.0,-2.0,-10.0,-1.0,-16.0,-1.0,-20.0,0.0,-25.0,-1.0,-28.0,-1.0,-30.0,-3.0,-30.0,-3.0,-30.0,-4.0,-29.0
4.5992,122.0,-96.0,7.0,0.0,0.0,0.0,0.0,0.0,0.0,0.0,0.0,0.0,-19.0,18.0,-19.0,18.0,-18.0,17.0,-17.0,16.0,-15.0,13.0,-12.0,10.0,-9.0,7.0,-6.0,2.0,-4.0,-2.0,-1.0,-7.0,1.0,-11.0,2.0,-16.0,4.0,-19.0,5.0,-24.0,6.0,-26.0,7.0,-28.0,6.0,-28.0,6.0,-28.0,5.0,-26.0,3.0,-24.0,2.0,-20.0,2.0,-16.0,2.0,-11.0,2.0,-6.0,3.0,-1.0,4.0,4.0
4.6132,122.0,-96.0,7.0,0.0,0.0,0.0,0.0,0.0,0.0,0.0,0.0,0.0,14.0,-16.0,11.0,-12.0,8.0,-8.0,5.0,-4.0,3.0,1.0,0.0,7.0,-1.0,12.0,-3.0,17.0,-4.0,21.0,-5.0,25.0,-6.0,28.0,-5.0,30.0,-5.0,31.0,-4.0,30.0,-3.0,28.0,-2.0,25.0,-2.0,22.0,-2.0,17.0,-2.0,12.0,-3.0,6.0,-4.0,1.0,-6.0,-5.0,-8.0,-11.0,-10.0,-16.0,-13.0,-19.0,-15.0,-21.0
4.6264,122.0,-96.0,7.0,0.0,0.0,0.0,0.0,0.0,0.0,0.0,0.0,0.0,0.0,-6.0,4.0,-9.0,8.0,-12.0,12.0,-15.0,15.0,-19.0,17.0,-21.0,19.0,-23.0,20.0,-24.0,19.0,-24.0,18.0,-24.0,17.0,-22.0,15.0,-20.0,12.0,-17.0,9.0,-12.0,8.0,-8.0,4.0,-3.0,2.0,4.0,1.0,9.0,-1.0,14.0,-1.0,19.0,-1.0,24.0,-1.0,27.0,-1.0,29.0,1.0,29.0,1.0,29.0,2.0,28.0
4.6399,122.0,-96.0,7.0,0.0,0.0,0.0,0.0,0.0,0.0,0.0,0.0,0.0,2.0,4.0,1.0,10.0,0.0,14.0,-1.0,19.0,-1.0,23.0,-1.0,27.0,-1.0,29.0,-1.0,31.0,0.0,31.0,0.0,29.0,1.0,27.0,1.0,24.0,0.0,20.0,0.0,15.0,-2.0,10.0,-3.0,4.0,-5.0,-2.0,-8.0,-6.0,-10.0,-12.0,-12.0,-16.0,-15.0,-20.0,-17.0,-21.0,-19.0,-24.0,-21.0,-22.0,-21.0,-21.0,-21.0,-21.0
4.6543,122.0,-96.0,7.0,0.0,0.0,0.0,0.0,0.0,0.0,0.0,0.0,0.0,-19.0,-1.0,-14.0,-1.0,-9.0,-2.0,-4.0,-3.0,2.0,-5.0,7.0,-7.0,11.0,-10.0,16.0,-12.0,19.0,-14.0,23.0,-16.0,25.0,-17.0,25.0,-19.0,25.0,-19.0,24.0,-19.0,21.0,-18.0,18.0,-16.0,15.0,-13.0,12.0,-10.0,8.0,-6.0,5.0,-2.0,2.0,4.0,-1.0,8.0,-3.0,14.0,-5.0,19.0,-5.0,22.0,-5.0,25.0
4.6683,122.0,-96.0,7.0,0.0,0.0,0.0,0.0,0.0,0.0,0.0,0.0,0.0,-3.0,19.0,-4.0,22.0,-5.0,24.0,-5.0,26.0,-5.0,27.0,-5.0,26.0,-5.0,25.0,-4.0,22.0,-5.0,19.0,-4.0,15.0,-4.0,10.0,-3.0,5.0,-4.0,0.0,-4.0,-6.0,-6.0,-11.0,-6.0,-15.0,-7.0,-20.0,-9.0,-23.0,-10.0,-25.0,-10.0,-27.0,-11.0,-26.0,-11.0,-26.0,-11.0,-24.0,-10.0,-21.0,-9.0,-17.0,-7.0,-14.0
4.682,122.0,-96.0,7.0,0.0,0.0,0.0,0.0,0.0,0.0,0.0,0.0,0.0,-18.0,-5.0,-14.0,-4.0,-8.0,-4.0,-3.0,-4.0,3.0,-5.0,9.0,-5.0,13.0,-7.0,18.0,-8.0,22.0,-9.0,25.0,-10.0,28.0,-11.0,29.0,-12.0,29.0,-13.0,27.0,-13.0,25.0,-12.0,21.0,-11.0,18.0,-9.0,13.0,-7.0,9.0,-4.0,5.0,0.0,1.0,4.0,-3.0,8.0,-6.0,13.0,-10.0,17.0,-11.0,21.0,-11.0,24.0
4.6951,122.0,-96.0,7.0,0.0,0.0,0.0,0.0,0.0,0.0,0.0,0.0,0.0,2.0,-21.0,2.0,-17.0,2.0,-12.0,2.0,-7.0,3.0,-1.0,5.0,5.0,7.0,10.0,8.0,15.0,9.0,20.0,11.0,23.0,13.0,25.0,14.0,26.0,15.0,27.0,15.0,27.0,15.0,25.0,13.0,21.0,11.0,19.0,8.0,14.0,5.0,10.0,1.0,6.0,-3.0,3.0,-8.0,-1.0,-12.0,-4.0,-17.0,-7.0,-21.0,-8.0,-24.0,-8.0
4.7108,122.0,-96.0,7.0,0.0,0.0,0.0,0.0,0.0,0.0,0.0,0.0,0.0,14.0,-7.0,15.0,-7.0,15.0,-7.0,15.0,-6.0,15.0,-6.0,15.0,-5.0,15.0,-5.0,15.0,-5.0,15.0,-5.0,16.0,-4.0,16.0,-4.0,16.0,-4.0,15.0,-3.0,15.0,-3.0,16.0,-3.0,15.0,-3.0,15.0,-3.0,15.0,-3.0,15.0,-2.0,14.0,-3.0,14.0,-2.0,14.0,-3.0,14.0,-2.0,13.0,-2.0,13.0,-3.0,13.0,-3.0
4.7261,122.0,-96.0,7.0,0.0,0.0,0.0,0.0,0.0,0.0,0.0,0.0,0.0,-5.0,-19.0,-6.0,-23.0,-6.0,-25.0,-6.0,-26.0,-6.0,-27.0,-7.0,-27.0,-6.0,-26.0,-5.0,-23.0,-4.0,-21.0,-3.0,-16.0,-2.0,-12.0,0.0,-7.0,3.0,-2.0,5.0,3.0,8.0,7.0,11.0,11.0,14.0,15.0,16.0,17.0,18.0,19.0,19.0,19.0,20.0,19.0,19.0,19.0,19.0,17.0,17.0,14.0,14.0,11.0,11.0,9.0
4.7419,122.0,-96.0,7.0,0.0,0.0,0.0,0.0,0.0,0.0,0.0,0.0,0.0,-3.0,2.0,-7.0,-2.0,-10.0,-5.0,-13.0,-8.0,-17.0,-11.0,-20.0,-13.0,-22.0,-14.0,-24.0,-15.0,-24.0,-15.0,-24.0,-14.0,-23.0,-13.0,-21.0,-11.0,-18.0,-11.0,-14.0,-8.0,-10.0,-7.0,-5.0,-5.0,1.0,-3.0,5.0,-4.0,10.0,-3.0,15.0,-3.0,20.0,-4.0,22.0,-5.0,25.0,-5.0,25.0,-7.0,26.0,-8.0,25.0,-8.0
4.7556,122.0,-96.0,7.0,0.0,0.0,0.0,0.0,0.0,0.0,0.0,0.0,0.0,17.0,-6.0,13.0,-4.0,8.0,-2.0,4.0,1.0,-1.0,5.0,-6.0,8.0,-9.0,12.0,-13.0,15.0,-15.0,19.0,-18.0,22.0,-20.0,23.0,-20.0,24.0,-19.0,25.0,-18.0,24.0,-16.0,22.0,-13.0,20.0,-11.0,16.0,-9.0,12.0,-7.0,7.0,-5.0,2.0,-4.0,-4.0,-3.0,-9.0,-2.0,-15.0,-2.0,-20.0,-2.0,-24.0,-4.0,-27.0
4.7687,122.0,-96.0,7.0,0.0,0.0,0.0,0.0,0.0,0.0,0.0,0.0,0.0,21.0,-2.0,23.0,-2.0,26.0,-2.0,26.0,-2.0,27.0,-2.0,26.0,-2.0,24.0,-2.0,21.0,-2.0,18.0,-1.0,13.0,-1.0,9.0,1.0,3.0,2.0,-2.0,4.0,-7.0,6.0,-11.0,8.0,-16.0,10.0,-19.0,12.0,-21.0,14.0,-22.0,16.0,-23.0,16.0,-22.0,17.0,-22.0,17.0,-20.0,16.0,-16.0,14.0,-13.0,11.0,-10.0,8.0
4.7827,122.0,-96.0,7.0,0.0,0.0,0.0,0.0,0.0,0.0,0.0,0.0,0.0,7.0,-25.0,7.0,-25.0,7.0,-23.0,6.0,-20.0,6.0,-17.0,5.0,-12.0,4.0,-8.0,3.0,-3.0,3.0,2.0,3.0,8.0,4.0,12.0,4.0,16.0,5.0,20.0,5.0,24.0,6.0,26.0,6.0,28.0,7.0,27.0,7.0,26.0,7.0,24.0,6.0,21.0,5.0,16.0,3.0,12.0,1.0,9.0,-2.0,4.0,-4.0,0.0,-8.0,-4.0
4.796,122.0,-96.0,7.0,0.0,0.0,0.0,0.0,0.0,0.0,0.0,0.0,0.0,1.0,-8.0,7.0,-11.0,12.0,-14.0,17.0,-18.0,22.0,-21.0,25.0,-24.0,26.0,-26.0,28.0,-27.0,27.0,-28.0,26.0,-27.0,24.0,-25.0,21.0,-23.0,18.0,-19.0,14.0,-14.0,10.0,-8.0,5.0,-2.0,2.0,5.0,0.0,11.0,-2.0,18.0,-4.0,23.0,-4.0,30.0,-4.0,33.0,-5.0,37.0,-2.0,37.0,-2.0,37.0,-1.0,36.0
4.8098,122.0,-96.0,7.0,0.0,0.0,0.0,0.0,0.0,0.0,0.0,0.0,0.0,-14.0,13.0,-17.0,15.0,-19.0,16.0,-20.0,17.0,-21.0,18.0,-21.0,18.0,-20.0,17.0,-17.0,15.0,-16.0,13.0,-13.0,10.0,-10.0,6.0,-7.0,2.0,-4.0,-2.0,0.0,-7.0,2.0,-12.0,4.0,-16.0,6.0,-20.0,7.0,-23.0,7.0,-26.0,8.0,-27.0,7.0,-27.0,7.0,-27.0,6.0,-25.0,4.0,-23.0,3.0,-19.0,2.0,-15.0
4.8236,122.0,-96.0,7.0,0.0,0.0,0.0,0.0,0.0,0.0,0.0,0.0,0.0,-9.0,20.0,-8.0,15.0,-7.0,9.0,-5.0,2.0,-5.0,-5.0,-5.0,-13.0,-6.0,-19.0,-6.0,-25.0,-7.0,-31.0,-8.0,-34.0,-8.0,-37.0,-10.0,-38.0,-11.0,-38.0,-11.0,-37.0,-10.0,-34.0,-10.0,-29.0,-8.0,-25.0,-6.0,-19.0,-3.0,-13.0,1.0,-7.0,6.0,-2.0,10.0,4.0,15.0,9.0,20.0,13.0,24.0,15.0,28.0,16.0
4.8376,122.0,-96.0,7.0,0.0,0.0,0.0,0.0,0.0,0.0,0.0,0.0,0.0,-6.0,17.0,-6.0,17.0,-7.0,17.0,-8.0,17.0,-8.0,17.0,-9.0,17.0,-9.0,17.0,-10.0,16.0,-9.0,16.0,-10.0,16.0,-11.0,16.0,-11.0,15.0,-11.0,15.0,-11.0,15.0,-11.0,14.0,-11.0,15.0,-11.0,14.0,-11.0,14.0,-11.0,14.0,-11.0,13.0,-11.0,13.0,-10.0,13.0,-10.0,13.0,-10.0,13.0,-10.0,12.0,-9.0,12.0
4.8515,122.0,-96.0,7.0,0.0,0.0,0.0,0.0,0.0,0.0,0.0,0.0,0.0,-1.0,-27.0,-1.0,-27.0,-1.0,-26.0,-1.0,-23.0,0.0,-20.0,0.0,-16.0,1.0,-12.0,2.0,-6.0,3.0,-1.0,5.0,4.0,6.0,8.0,8.0,12.0,10.0,16.0,11.0,20.0,13.0,23.0,13.0,24.0,14.0,24.0,14.0,23.0,13.0,22.0,12.0,19.0,10.0,15.0,8.0,12.0,5.0,9.0,1.0,5.0,-3.0,2.0,-7.0,-1.0
4.8665,122.0,-96.0,7.0,0.0,0.0,0.0,0.0,0.0,0.0,0.0,0.0,0.0,-14.0,21.0,-16.0,25.0,-18.0,26.0,-18.0,27.0,-19.0,28.0,-18.0,27.0,-17.0,25.0,-15.0,22.0,-13.0,18.0,-10.0,13.0,-8.0,8.0,-6.0,2.0,-4.0,-4.0,-2.0,-11.0,-1.0,-17.0,0.0,-22.0,1.0,-28.0,0.0,-31.0,0.0,-34.0,0.0,-36.0,-2.0,-35.0,-2.0,-34.0,-3.0,-31.0,-3.0,-27.0,-3.0,-22.0,-2.0,-17.0
4.8816,122.0,-96.0,7.0,0.0,0.0,0.0,0.0,0.0,0.0,0.0,0.0,0.0,-6.0,-22.0,-5.0,-23.0,-5.0,-22.0,-5.0,-23.0,-4.0,-23.0,-3.0,-24.0,-3.0,-23.0,-2.0,-24.0,-2.0,-23.0,-2.0,-23.0,-1.0,-23.0,-1.0,-23.0,-1.0,-23.0,0.0,-23.0,0.0,-23.0,0.0,-22.0,0.0,-22.0,0.0,-21.0,0.0,-22.0,0.0,-21.0,0.0,-21.0,0.0,-20.0,0.0,-20.0,0.0,-20.0,-1.0,-19.0,-1.0,-19.0
4.8946,122.0,-96.0,7.0,0.0,0.0,0.0,0.0,0.0,0.0,0.0,0.0,0.0,-23.0,-23.0,-23.0,-23.0,-20.0,-21.0,-18.0,-19.0,-15.0,-16.0,-11.0,-13.0,-6.0,-9.0,-1.0,-5.0,5.0,-2.0,11.0,0.0,16.0,2.0,21.0,4.0,25.0,6.0,29.0,7.0,32.0,8.0,34.0,8.0,34.0,7.0,32.0,7.0,30.0,6.0,26.0,4.0,21.0,3.0,16.0,3.0,10.0,3.0,4.0,3.0,-2.0,4.0,-8.0,6.0
4.9082,122.0,-96.0,7.0,0.0,0.0,0.0,0.0,0.0,0.0,0.0,0.0,0.0,11.0,-21.0,13.0,-24.0,14.0,-25.0,14.0,-26.0,15.0,-27.0,14.0,-26.0,14.0,-24.0,12.0,-21.0,11.0,-18.0,8.0,-13.0,6.0,-8.0,4.0,-3.0,3.0,3.0,1.0,9.0,0.0,15.0,0.0,20.0,-1.0,24.0,0.0,27.0,0.0,30.0,0.0,31.0,1.0,30.0,1.0,30.0,2.0,27.0,3.0,23.0,2.0,19.0,1.0,14.0
4.9212,122.0,-96.0,7.0,0.0,0.0,0.0,0.0,0.0,0.0,0.0,0.0,0.0,23.0,4.0,25.0,5.0,28.0,5.0,29.0,5.0,30.0,5.0,28.0,5.0,27.0,5.0,23.0,4.0,19.0,4.0,14.0,4.0,9.0,3.0,3.0,3.0,-3.0,4.0,-10.0,4.0,-14.0,5.0,-20.0,6.0,-23.0,8.0,-27.0,9.0,-29.0,10.0,-30.0,11.0,-29.0,11.0,-29.0,12.0,-26.0,11.0,-22.0,10.0,-18.0,8.0,-14.0,6.0
4.9355,122.0,-96.0,7.0,0.0,0.0,0.0,0.0,0.0,0.0,0.0,0.0,0.0,-10.0,14.0,-10.0,14.0,-11.0,14.0,-11.0,13.0,-12.0,13.0,-12.0,13.0,-12.0,13.0,-13.0,13.0,-13.0,12.0,-13.0,12.0,-13.0,12.0,-13.0,11.0,-13.0,11.0,-14.0,11.0,-14.0,10.0,-14.0,10.0,-13.0,10.0,-14.0,10.0,-13.0,9.0,-13.0,9.0,-13.0,9.0,-12.0,9.0,-13.0,9.0,-12.0,9.0,-12.0,9.0,-11.0,9.0
4.9494,122.0,-96.0,7.0,0.0,0.0,0.0,0.0,0.0,0.0,0.0,0.0,0.0,15.0,-29.0,16.0,-29.0,15.0,-27.0,13.0,-25.0,12.0,-21.0,10.0,-17.0,8.0,-12.0,6.0,-5.0,4.0,1.0,2.0,7.0,2.0,13.0,1.0,18.0,0.0,24.0,0.0,29.0,-1.0,33.0,-1.0,34.0,1.0,35.0,1.0,34.0,2.0,32.0,2.0,28.0,1.0,24.0,1.0,19.0,-1.0,13.0,-2.0,7.0,-4.0,1.0,-7.0,-5.0
4.9631,122.0,-96.0,7.0,0.0,0.0,0.0,0.0,0.0,0.0,0.0,0.0,0.0,3.0,4.0,4.0,9.0,4.0,14.0,4.0,19.0,5.0,22.0,6.0,27.0,7.0,28.0,7.0,30.0,8.0,29.0,8.0,28.0,7.0,26.0,7.0,23.0,5.0,19.0,4.0,15.0,1.0,10.0,-2.0,5.0,-5.0,0.0,-9.0,-5.0,-13.0,-9.0,-16.0,-13.0,-20.0,-15.0,-23.0,-16.0,-25.0,-17.0,-26.0,-16.0,-26.0,-15.0,-26.0,-14.0
4.9773,122.0,-96.0,7.0,0.0,0.0,0.0,0.0,0.0,0.0,0.0,0.0,0.0,-24.0,10.0,-23.0,10.0,-22.0,9.0,-20.0,8.0,-17.0,6.0,-13.0,4.0,-9.0,1.0,-4.0,-2.0,0.0,-5.0,3.0,-9.0,6.0,-12.0,9.0,-15.0,11.0,-18.0,14.0,-21.0,15.0,-23.0,16.0,-24.0,15.0,-24.0,14.0,-24.0,13.0,-22.0,11.0,-19.0,8.0,-16.0,7.0,-12.0,5.0,-8.0,4.0,-3.0,2.0,2.0,2.0,7.0
4.9918,122.0,-96.0,7.0,0.0,0.0,0.0,0.0,0.0,0.0,0.0,0.0,0.0,21.0,-10.0,16.0,-8.0,11.0,-5.0,7.0,-1.0,2.0,3.0,-3.0,7.0,-6.0,12.0,-11.0,16.0,-14.0,20.0,-16.0,24.0,-19.0,27.0,-19.0,28.0,-18.0,30.0,-18.0,30.0,-16.0,28.0,-14.0,25.0,-12.0,22.0,-10.0,16.0,-8.0,11.0,-6.0,5.0,-5.0,-1.0,-4.0,-8.0,-3.0,-14.0,-3.0,-20.0,-4.0,-24.0,-6.0,-28.0
5.0045,122.0,-96.0,7.0,0.0,0.0,0.0,0.0,0.0,0.0,0.0,0.0,0.0,22.0,-13.0,26.0,-15.0,27.0,-16.0,29.0,-16.0,29.0,-16.0,29.0,-16.0,27.0,-15.0,23.0,-13.0,20.0,-10.0,14.0,-7.0,10.0,-4.0,5.0,0.0,1.0,5.0,-5.0,10.0,-8.0,15.0,-12.0,18.0,-15.0,23.0,-16.0,26.0,-17.0,29.0,-17.0,30.0,-16.0,30.0,-16.0,29.0,-14.0,27.0,-11.0,23.0,-9.0,19.0,-7.0,14.0
