time,sc_0,sc_1,sc_2,sc_3,sc_4,sc_5,sc_6,sc_7,sc_8,sc_9,sc_10,sc_11,sc_12,sc_13,sc_14,sc_15,sc_16,sc_17,sc_18,sc_19,sc_20,sc_21,sc_22,sc_23,sc_24,sc_25,sc_26,sc_27,sc_28,sc_29,sc_30,sc_31,sc_32,sc_33,sc_34,sc_35,sc_36,sc_37,sc_38,sc_39,sc_40,sc_41,sc_42,sc_43,sc_44,sc_45,sc_46,sc_47,sc_48,sc_49,sc_50,sc_51,sc_52,sc_53,sc_54,sc_55,sc_56,sc_57,sc_58,sc_59,sc_60,sc_61,sc_62,sc_63
0.0108,122.0,-96.0,7.0,0.0,0.0,0.0,0.0,0.0,0.0,0.0,0.0,0.0,-29.0,14.0,-30.0,14.0,-28.0,13.0,-26.0,12.0,-23.0,10.0,-18.0,7.0,-14.0,4.0,-8.0,0.0,-3.0,-4.0,1.0,-8.0,6.0,-12.0,10.0,-16.0,13.0,-20.0,16.0,-24.0,19.0,-27.0,20.0,-29.0,19.0,-30.0,19.0,-29.0,17.0,-28.0,15.0,-25.0,12.0,-21.0,10.0,-17.0,8.0,-11.0,6.0,-6.0,3.0,1.0,2.0,7.0
0.0193,122.0,-96.0,7.0,0.0,0.0,0.0,0.0,0.0,0.0,0.0,0.0,0.0,2.0,-4.0,7.0,-2.0,12.0,2.0,17.0,4.0,22.0,6.0,27.0,8.0,30.0,8.0,33.0,9.0,33.0,8.0,32.0,8.0,31.0,7.0,28.0,6.0,24.0,6.0,19.0,4.0,13.0,4.0,7.0,3.0,0.0,4.0,-6.0,5.0,-13.0,6.0,-18.0,7.0,-24.0,9.0,-26.0,12.0,-30.0,12.0,-30.0,14.0,-30.0,15.0,-29.0,16.0
0.0297,122.0,-96.0,7.0,0.0,0.0,0.0,0.0,0.0,0.0,0.0,0.0,0.0,-16.0,13.0,-13.0,10.0,-10.0,6.0,-7.0,2.0,-3.0,-2.0,0.0,-8.0,2.0,-12.0,4.0,-17.0,6.0,-22.0,7.0,-25.0,9.0,-28.0,9.0,-29.0,8.0,-30.0,8.0,-30.0,7.0,-29.0,5.0,-25.0,5.0,-22.0,4.0,-17.0,3.0,-12.0,3.0,-7.0,4.0,-1.0,4.0,5.0,5.0,11.0,6.0,16.0,7.0,19.0,10.0,22.0
0.0396,122.0,-96.0,7.0,0.0,0.0,0.0,0.0,0.0,0.0,0.0,0.0,0.0,7.0,13.0,6.0,14.0,6.0,14.0,6.0,14.0,5.0,15.0,5.0,15.0,5.0,15.0,4.0,15.0,4.0,15.0,4.0,15.0,4.0,15.0,4.0,15.0,4.0,15.0,3.0,15.0,2.0,15.0,3.0,15.0,2.0,14.0,3.0,15.0,2.0,14.0,2.0,14.0,2.0,14.0,2.0,13.0,2.0,13.0,3.0,13.0,3.0,13.0,3.0,12.0
0.0626,122.0,-96.0,7.0,0.0,0.0,0.0,0.0,0.0,0.0,0.0,0.0,0.0,-18.0,-11.0,-13.0,-9.0,-8.0,-7.0,-2.0,-5.0,5.0,-3.0,11.0,-2.0,16.0,-2.0,22.0,-1.0,27.0,-1.0,31.0,-1.0,33.0,-1.0,34.0,-2.0,34.0,-3.0,33.0,-3.0,31.0,-4.0,26.0,-4.0,22.0,-3.0,16.0,-2.0,11.0,0.0,5.0,2.0,-1.0,5.0,-6.0,8.0,-12.0,11.0,-17.0,14.0,-19.0,17.0,-21.0,20.0
0.0765,122.0,-96.0,7.0,0.0,0.0,0.0,0.0,0.0,0.0,0.0,0.0,0.0,-14.0,22.0,-14.0,22.0,-13.0,20.0,-12.0,18.0,-10.0,14.0,-8.0,10.0,-6.0,6.0,-4.0,1.0,-3.0,-4.0,-2.0,-9.0,-1.0,-14.0,-1.0,-18.0,0.0,-22.0,1.0,-26.0,1.0,-28.0,1.0,-29.0,0.0,-29.0,0.0,-28.0,-1.0,-26.0,-1.0,-22.0,-1.0,-18.0,-1.0,-14.0,0.0,-10.0,2.0,-5.0,3.0,0.0,5.0,4.0
0.0896,122.0,-96.0,7.0,0.0,0.0,0.0,0.0,0.0,0.0,0.0,0.0,0.0,-9.0,-26.0,-6.0,-20.0,-2.0,-13.0,2.0,-6.0,7.0,1.0,13.0,8.0,18.0,13.0,23.0,19.0,28.0,23.0,31.0,26.0,34.0,28.0,36.0,28.0,36.0,27.0,36.0,26.0,34.0,24.0,29.0,19.0,24.0,16.0,18.0,13.0,11.0,9.0,3.0,7.0,-5.0,4.0,-14.0,2.0,-22.0,1.0,-29.0,1.0,-34.0,2.0,-39.0,3.0
0.1027,122.0,-96.0,7.0,0.0,0.0,0.0,0.0,0.0,0.0,0.0,0.0,0.0,-24.0,-12.0,-24.0,-11.0,-22.0,-11.0,-19.0,-9.0,-16.0,-9.0,-12.0,-7.0,-7.0,-6.0,-2.0,-4.0,3.0,-3.0,8.0,-3.0,13.0,-2.0,17.0,-2.0,21.0,-2.0,25.0,-2.0,27.0,-2.0,28.0,-2.0,28.0,-3.0,27.0,-3.0,25.0,-4.0,21.0,-4.0,17.0,-4.0,13.0,-3.0,9.0,-1.0,4.0,1.0,-1.0,3.0,-5.0,6.0
0.1182,122.0,-96.0,7.0,0.0,0.0,0.0,0.0,0.0,0.0,0.0,0.0,0.0,-11.0,-15.0,-10.0,-15.0,-11.0,-15.0,-10.0,-15.0,-10.0,-16.0,-9.0,-16.0,-9.0,-16.0,-9.0,-16.0,-8.0,-16.0,-8.0,-17.0,-7.0,-17.0,-7.0,-17.0,-6.0,-17.0,-6.0,-17.0,-6.0,-16.0,-6.0,-16.0,-6.0,-16.0,-6.0,-17.0,-6.0,-16.0,-6.0,-16.0,-6.0,-15.0,-6.0,-15.0,-5.0,-15.0,-5.0,-15.0,-6.0,-14.0,-6.0,-14.0
0.132,122.0,-96.0,7.0,0.0,0.0,0.0,0.0,0.0,0.0,0.0,0.0,0.0,19.0,-7.0,15.0,-5.0,11.0,-3.0,6.0,-1.0,1.0,3.0,-4.0,6.0,-7.0,10.0,-12.0,13.0,-15.0,17.0,-17.0,20.0,-20.0,22.0,-20.0,24.0,-20.0,25.0,-19.0,25.0,-18.0,23.0,-15.0,21.0,-14.0,18.0,-11.0,13.0,-8.0,9.0,-6.0,4.0,-4.0,-2.0,-3.0,-7.0,-2.0,-13.0,-1.0,-18.0,-2.0,-22.0,-2.0,-26.0
0.1467,122.0,-96.0,7.0,0.0,0.0,0.0,0.0,0.0,0.0,0.0,0.0,0.0,-33.0,-14.0,-38.0,-16.0,-40.0,-17.0,-42.0,-17.0,-42.0,-18.0,-41.0,-17.0,-38.0,-16.0,-32.0,-14.0,-27.0,-13.0,-19.0,-10.0,-12.0,-8.0,-4.0,-7.0,4.0,-6.0,13.0,-4.0,22.0,-4.0,28.0,-4.0,35.0,-4.0,40.0,-5.0,43.0,-6.0,45.0,-6.0,44.0,-7.0,42.0,-8.0,39.0,-8.0,34.0,-8.0,28.0,-6.0,21.0,-4.0
0.1609,122.0,-96.0,7.0,0.0,0.0,0.0,0.0,0.0,0.0,0.0,0.0,0.0,6.0,-17.0,7.0,-17.0,7.0,-17.0,7.0,-17.0,8.0,-16.0,9.0,-16.0,9.0,-16.0,9.0,-16.0,9.0,-15.0,9.0,-15.0,10.0,-15.0,10.0,-15.0,10.0,-14.0,10.0,-14.0,10.0,-14.0,10.0,-14.0,10.0,-14.0,10.0,-14.0,10.0,-13.0,10.0,-13.0,10.0,-12.0,9.0,-13.0,9.0,-13.0,9.0,-13.0,8.0,-12.0,8.0,-13.0
0.1756,122.0,-96.0,7.0,0.0,0.0,0.0,0.0,0.0,0.0,0.0,0.0,0.0,1.0,3.0,-4.0,6.0,-9.0,8.0,-13.0,10.0,-18.0,14.0,-21.0,16.0,-22.0,18.0,-25.0,19.0,-24.0,20.0,-24.0,20.0,-22.0,19.0,-20.0,17.0,-18.0,14.0,-14.0,11.0,-11.0,7.0,-7.0,3.0,-3.0,-2.0,-1.0,-8.0,1.0,-13.0,3.0,-18.0,4.0,-23.0,3.0,-25.0,5.0,-29.0,3.0,-30.0,3.0,-30.0,2.0,-30.0
0.191,122.0,-96.0,7.0,0.0,0.0,0.0,0.0,0.0,0.0,0.0,0.0,0.0,19.0,6.0,15.0,5.0,10.0,4.0,5.0,3.0,-1.0,3.0,-7.0,3.0,-12.0,4.0,-17.0,5.0,-22.0,5.0,-26.0,6.0,-29.0,6.0,-30.0,7.0,-31.0,8.0,-31.0,8.0,-28.0,8.0,-25.0,8.0,-22.0,7.0,-17.0,5.0,-13.0,2.0,-8.0,0.0,-3.0,-4.0,2.0,-7.0,6.0,-11.0,10.0,-15.0,12.0,-18.0,13.0,-22.0
0.2046,122.0,-96.0,7.0,0.0,0.0,0.0,0.0,0.0,0.0,0.0,0.0,0.0,-19.0,7.0,-15.0,4.0,-10.0,1.0,-5.0,-2.0,0.0,-6.0,5.0,-11.0,9.0,-15.0,12.0,-19.0,16.0,-23.0,17.0,-25.0,20.0,-27.0,19.0,-29.0,19.0,-30.0,18.0,-29.0,16.0,-27.0,13.0,-23.0,11.0,-20.0,8.0,-15.0,7.0,-9.0,4.0,-3.0,4.0,3.0,2.0,9.0,1.0,15.0,1.0,21.0,2.0,25.0,4.0,28.0
0.2187,122.0,-96.0,7.0,0.0,0.0,0.0,0.0,0.0,0.0,0.0,0.0,0.0,13.0,-24.0,13.0,-23.0,12.0,-22.0,11.0,-20.0,10.0,-17.0,8.0,-13.0,7.0,-9.0,4.0,-4.0,3.0,1.0,1.0,6.0,0.0,10.0,0.0,15.0,-1.0,19.0,-2.0,23.0,-2.0,26.0,-2.0,28.0,-1.0,28.0,-1.0,28.0,-1.0,25.0,0.0,23.0,0.0,19.0,0.0,15.0,-1.0,11.0,-2.0,6.0,-3.0,0.0,-6.0,-4.0
0.2318,122.0,-96.0,7.0,0.0,0.0,0.0,0.0,0.0,0.0,0.0,0.0,0.0,-22.0,14.0,-22.0,14.0,-20.0,13.0,-18.0,12.0,-15.0,9.0,-12.0,6.0,-8.0,3.0,-4.0,-1.0,-1.0,-5.0,2.0,-9.0,5.0,-13.0,7.0,-17.0,9.0,-20.0,11.0,-23.0,12.0,-25.0,12.0,-26.0,12.0,-26.0,11.0,-25.0,10.0,-24.0,8.0,-21.0,6.0,-17.0,5.0,-13.0,4.0,-8.0,3.0,-3.0,2.0,2.0,3.0,6.0
0.2453,122.0,-96.0,7.0,0.0,0.0,0.0,0.0,0.0,0.0,0.0,0.0,0.0,4.0,0.0,4.0,6.0,5.0,12.0,5.0,18.0,6.0,23.0,7.0,27.0,8.0,30.0,9.0,33.0,10.0,33.0,10.0,32.0,10.0,29.0,9.0,27.0,8.0,24.0,6.0,18.0,2.0,13.0,0.0,7.0,-4.0,2.0,-8.0,-3.0,-12.0,-8.0,-16.0,-12.0,-21.0,-15.0,-24.0,-17.0,-27.0,-19.0,-28.0,-18.0,-29.0,-17.0,-29.0,-16.0
0.257,122.0,-96.0,7.0,0.0,0.0,0.0,0.0,0.0,0.0,0.0,0.0,0.0,5.0,-3.0,11.0,-1.0,16.0,2.0,21.0,4.0,26.0,5.0,29.0,5.0,32.0,5.0,34.0,6.0,34.0,5.0,32.0,5.0,30.0,4.0,26.0,4.0,22.0,4.0,16.0,3.0,10.0,3.0,4.0,3.0,-3.0,4.0,-9.0,6.0,-15.0,7.0,-20.0,9.0,-25.0,11.0,-27.0,14.0,-30.0,14.0,-29.0,16.0,-29.0,16.0,-27.0,16.0
0.2707,122.0,-96.0,7.0,0.0,0.0,0.0,0.0,0.0,0.0,0.0,0.0,0.0,19.0,11.0,15.0,9.0,10.0,7.0,4.0,5.0,-2.0,3.0,-8.0,1.0,-14.0,1.0,-20.0,0.0,-25.0,-1.0,-29.0,-1.0,-33.0,-1.0,-35.0,0.0,-36.0,1.0,-35.0,1.0,-33.0,1.0,-29.0,2.0,-25.0,1.0,-20.0,1.0,-14.0,-1.0,-8.0,-2.0,-2.0,-5.0,4.0,-7.0,10.0,-10.0,15.0,-13.0,18.0,-16.0,20.0,-19.0
0.2863,122.0,-96.0,7.0,0.0,0.0,0.0,0.0,0.0,0.0,0.0,0.0,0.0,7.0,15.0,6.0,16.0,6.0,16.0,6.0,17.0,5.0,16.0,5.0,17.0,5.0,16.0,4.0,17.0,4.0,17.0,4.0,17.0,4.0,17.0,3.0,17.0,3.0,17.0,3.0,17.0,2.0,17.0,3.0,16.0,2.0,16.0,2.0,16.0,2.0,16.0,2.0,15.0,3.0,16.0,2.0,15.0,2.0,15.0,3.0,14.0,3.0,14.0,3.0,13.0
0.2998,122.0,-96.0,7.0,0.0,0.0,0.0,0.0,0.0,0.0,0.0,0.0,0.0,8.0,19.0,8.0,22.0,9.0,24.0,10.0,25.0,10.0,25.0,9.0,24.0,8.0,22.0,8.0,19.0,5.0,17.0,3.0,12.0,1.0,8.0,-2.0,4.0,-5.0,-1.0,-8.0,-5.0,-12.0,-9.0,-14.0,-12.0,-17.0,-15.0,-20.0,-16.0,-22.0,-17.0,-23.0,-17.0,-23.0,-17.0,-23.0,-16.0,-21.0,-15.0,-18.0,-12.0,-15.0,-10.0,-12.0,-8.0
0.3131,122.0,-96.0,7.0,0.0,0.0,0.0,0.0,0.0,0.0,0.0,0.0,0.0,19.0,1.0,22.0,2.0,25.0,2.0,26.0,2.0,27.0,2.0,26.0,2.0,25.0,2.0,23.0,2.0,20.0,2.0,15.0,2.0,10.0,2.0,5.0,2.0,0.0,3.0,-6.0,3.0,-10.0,5.0,-15.0,6.0,-19.0,7.0,-23.0,9.0,-24.0,10.0,-26.0,10.0,-26.0,11.0,-25.0,11.0,-24.0,11.0,-20.0,10.0,-17.0,9.0,-13.0,6.0
0.3251,122.0,-96.0,7.0,0.0,0.0,0.0,0.0,0.0,0.0,0.0,0.0,0.0,2.0,-5.0,9.0,-3.0,15.0,0.0,21.0,1.0,27.0,3.0,32.0,4.0,35.0,4.0,38.0,5.0,38.0,3.0,38.0,3.0,36.0,2.0,32.0,2.0,28.0,2.0,22.0,1.0,15.0,2.0,8.0,2.0,0.0,4.0,-6.0,6.0,-14.0,8.0,-20.0,10.0,-25.0,14.0,-28.0,16.0,-32.0,18.0,-31.0,20.0,-31.0,21.0,-30.0,21.0
0.3397,122.0,-96.0,7.0,0.0,0.0,0.0,0.0,0.0,0.0,0.0,0.0,0.0,0.0,-22.0,1.0,-25.0,1.0,-27.0,1.0,-27.0,1.0,-28.0,1.0,-27.0,1.0,-25.0,1.0,-22.0,2.0,-19.0,2.0,-14.0,2.0,-9.0,2.0,-4.0,3.0,1.0,4.0,7.0,6.0,12.0,7.0,16.0,8.0,20.0,10.0,23.0,10.0,24.0,11.0,25.0,12.0,24.0,12.0,24.0,11.0,22.0,10.0,18.0,8.0,14.0,6.0,11.0
0.3532,122.0,-96.0,7.0,0.0,0.0,0.0,0.0,0.0,0.0,0.0,0.0,0.0,-27.0,0.0,-26.0,0.0,-24.0,0.0,-21.0,0.0,-18.0,-1.0,-13.0,-1.0,-9.0,-2.0,-3.0,-3.0,2.0,-5.0,6.0,-6.0,11.0,-8.0,15.0,-10.0,18.0,-11.0,21.0,-12.0,24.0,-14.0,25.0,-14.0,24.0,-14.0,23.0,-14.0,21.0,-14.0,18.0,-12.0,14.0,-10.0,11.0,-8.0,8.0,-4.0,4.0,-1.0,1.0,3.0,-2.0,7.0
0.3671,122.0,-96.0,7.0,0.0,0.0,0.0,0.0,0.0,0.0,0.0,0.0,0.0,0.0,-18.0,0.0,-18.0,0.0,-18.0,1.0,-18.0,1.0,-19.0,2.0,-18.0,2.0,-18.0,3.0,-18.0,3.0,-18.0,3.0,-18.0,4.0,-18.0,4.0,-18.0,4.0,-17.0,4.0,-17.0,5.0,-17.0,4.0,-17.0,4.0,-16.0,5.0,-17.0,5.0,-16.0,4.0,-16.0,4.0,-16.0,4.0,-15.0,4.0,-15.0,4.0,-15.0,3.0,-15.0,3.0,-15.0
0.3788,122.0,-96.0,7.0,0.0,0.0,0.0,0.0,0.0,0.0,0.0,0.0,0.0,2.0,-3.0,7.0,-1.0,11.0,2.0,16.0,4.0,20.0,6.0,24.0,8.0,27.0,9.0,29.0,10.0,29.0,9.0,29.0,9.0,27.0,7.0,24.0,7.0,21.0,6.0,16.0,5.0,11.0,5.0,5.0,3.0,-1.0,3.0,-6.0,4.0,-12.0,4.0,-17.0,5.0,-22.0,6.0,-24.0,8.0,-28.0,9.0,-28.0,11.0,-28.0,11.0,-27.0,12.0
0.3923,122.0,-96.0,7.0,0.0,0.0,0.0,0.0,0.0,0.0,0.0,0.0,0.0,14.0,-16.0,17.0,-18.0,18.0,-19.0,19.0,-20.0,19.0,-20.0,19.0,-19.0,17.0,-18.0,15.0,-15.0,13.0,-13.0,10.0,-9.0,7.0,-5.0,4.0,-1.0,1.0,4.0,-2.0,8.0,-4.0,13.0,-6.0,17.0,-8.0,20.0,-8.0,24.0,-9.0,25.0,-9.0,26.0,-8.0,26.0,-8.0,25.0,-6.0,23.0,-5.0,20.0,-4.0,16.0,-4.0,12.0
0.4066,122.0,-96.0,7.0,0.0,0.0,0.0,0.0,0.0,0.0,0.0,0.0,0.0,19.0,-2.0,19.0,-2.0,19.0,-2.0,19.0,-2.0,19.0,0.0,20.0,0.0,20.0,0.0,20.0,1.0,20.0,1.0,20.0,2.0,20.0,2.0,19.0,2.0,19.0,2.0,19.0,3.0,19.0,3.0,18.0,3.0,18.0,3.0,18.0,4.0,18.0,3.0,17.0,3.0,17.0,3.0,17.0,2.0,17.0,2.0,16.0,2.0,16.0,1.0,16.0,1.0
0.42,122.0,-96.0,7.0,0.0,0.0,0.0,0.0,0.0,0.0,0.0,0.0,0.0,22.0,-13.0,26.0,-15.0,28.0,-16.0,29.0,-16.0,29.0,-16.0,29.0,-16.0,26.0,-15.0,23.0,-13.0,20.0,-10.0,14.0,-7.0,10.0,-4.0,5.0,0.0,0.0,5.0,-5.0,9.0,-9.0,14.0,-13.0,18.0,-15.0,23.0,-17.0,26.0,-18.0,28.0,-18.0,30.0,-17.0,30.0,-16.0,29.0,-14.0,26.0,-12.0,23.0,-10.0,19.0,-8.0,14.0
0.4341,122.0,-96.0,7.0,0.0,0.0,0.0,0.0,0.0,0.0,0.0,0.0,0.0,20.0,11.0,23.0,13.0,26.0,15.0,28.0,16.0,29.0,17.0,28.0,16.0,27.0,16.0,24.0,14.0,21.0,13.0,16.0,10.0,11.0,8.0,5.0,5.0,-1.0,4.0,-8.0,2.0,-15.0,1.0,-21.0,-1.0,-25.0,-1.0,-30.0,-1.0,-33.0,0.0,-35.0,-1.0,-35.0,0.0,-34.0,1.0,-32.0,1.0,-28.0,2.0,-23.0,2.0,-19.0,1.0
0.4477,122.0,-96.0,7.0,0.0,0.0,0.0,0.0,0.0,0.0,0.0,0.0,0.0,6.0,3.0,8.0,10.0,9.0,16.0,11.0,21.0,14.0,27.0,15.0,30.0,18.0,32.0,19.0,34.0,20.0,33.0,19.0,32.0,17.0,29.0,15.0,26.0,12.0,22.0,8.0,17.0,3.0,11.0,0.0,5.0,-6.0,0.0,-12.0,-4.0,-18.0,-7.0,-23.0,-10.0,-28.0,-12.0,-32.0,-12.0,-36.0,-14.0,-36.0,-13.0,-36.0,-12.0,-34.0,-10.0
0.4645,122.0,-96.0,7.0,0.0,0.0,0.0,0.0,0.0,0.0,0.0,0.0,0.0,-19.0,-13.0,-19.0,-14.0,-18.0,-14.0,-19.0,-15.0,-18.0,-15.0,-17.0,-15.0,-17.0,-16.0,-17.0,-17.0,-17.0,-17.0,-16.0,-17.0,-16.0,-17.0,-15.0,-17.0,-15.0,-17.0,-15.0,-18.0,-14.0,-18.0,-14.0,-17.0,-14.0,-17.0,-13.0,-18.0,-13.0,-18.0,-13.0,-17.0,-13.0,-16.0,-13.0,-16.0,-12.0,-16.0,-13.0,-16.0,-12.0,-15.0,-13.0,-14.0
0.4787,122.0,-96.0,7.0,0.0,0.0,0.0,0.0,0.0,0.0,0.0,0.0,0.0,-5.0,4.0,-10.0,4.0,-17.0,5.0,-21.0,5.0,-27.0,6.0,-30.0,7.0,-32.0,8.0,-34.0,8.0,-33.0,9.0,-33.0,9.0,-30.0,8.0,-26.0,7.0,-22.0,6.0,-17.0,4.0,-12.0,1.0,-6.0,-1.0,0.0,-6.0,4.0,-10.0,9.0,-14.0,12.0,-18.0,16.0,-22.0,16.0,-25.0,19.0,-27.0,17.0,-28.0,17.0,-28.0,15.0,-28.0
0.4936,122.0,-96.0,7.0,0.0,0.0,0.0,0.0,0.0,0.0,0.0,0.0,0.0,18.0,-13.0,18.0,-12.0,18.0,-12.0,19.0,-12.0,19.0,-11.0,20.0,-11.0,20.0,-10.0,20.0,-10.0,21.0,-9.0,21.0,-9.0,21.0,-9.0,21.0,-8.0,20.0,-8.0,21.0,-7.0,20.0,-7.0,20.0,-7.0,19.0,-7.0,20.0,-6.0,19.0,-6.0,19.0,-6.0,19.0,-6.0,19.0,-7.0,18.0,-6.0,18.0,-7.0,17.0,-7.0,17.0,-7.0
0.5084,122.0,-96.0,7.0,0.0,0.0,0.0,0.0,0.0,0.0,0.0,0.0,0.0,-17.0,-14.0,-18.0,-17.0,-20.0,-18.0,-21.0,-18.0,-21.0,-19.0,-20.0,-18.0,-18.0,-17.0,-16.0,-15.0,-14.0,-14.0,-10.0,-10.0,-6.0,-8.0,-1.0,-5.0,3.0,-3.0,9.0,0.0,13.0,2.0,17.0,4.0,21.0,5.0,24.0,5.0,26.0,5.0,27.0,5.0,27.0,4.0,26.0,4.0,24.0,3.0,21.0,2.0,17.0,1.0,12.0,1.0
0.5287,122.0,-96.0,7.0,0.0,0.0,0.0,0.0,0.0,0.0,0.0,0.0,0.0,-14.0,-8.0,-14.0,-9.0,-14.0,-9.0,-14.0,-10.0,-14.0,-10.0,-14.0,-11.0,-13.0,-11.0,-13.0,-12.0,-13.0,-12.0,-12.0,-12.0,-13.0,-12.0,-12.0,-12.0,-12.0,-12.0,-12.0,-12.0,-11.0,-13.0,-11.0,-12.0,-11.0,-12.0,-11.0,-12.0,-10.0,-12.0,-10.0,-12.0,-10.0,-12.0,-10.0,-11.0,-10.0,-11.0,-10.0,-11.0,-10.0,-10.0,-10.0,-10.0
0.5429,122.0,-96.0,7.0,0.0,0.0,0.0,0.0,0.0,0.0,0.0,0.0,0.0,4.0,3.0,5.0,8.0,6.0,13.0,7.0,18.0,8.0,22.0,9.0,25.0,10.0,27.0,11.0,29.0,11.0,28.0,11.0,27.0,10.0,25.0,9.0,22.0,7.0,19.0,5.0,14.0,2.0,10.0,-1.0,4.0,-5.0,0.0,-9.0,-4.0,-14.0,-8.0,-17.0,-10.0,-21.0,-13.0,-24.0,-13.0,-27.0,-15.0,-27.0,-14.0,-27.0,-12.0,-27.0,-12.0
0.5559,122.0,-96.0,7.0,0.0,0.0,0.0,0.0,0.0,0.0,0.0,0.0,0.0,-11.0,-21.0,-9.0,-17.0,-6.0,-12.0,-2.0,-8.0,3.0,-3.0,8.0,2.0,12.0,5.0,17.0,9.0,21.0,12.0,25.0,14.0,27.0,16.0,29.0,16.0,30.0,16.0,30.0,15.0,29.0,14.0,25.0,11.0,22.0,10.0,16.0,8.0,11.0,6.0,6.0,5.0,-1.0,4.0,-7.0,3.0,-14.0,3.0,-20.0,3.0,-24.0,5.0,-27.0,7.0
0.5688,122.0,-96.0,7.0,0.0,0.0,0.0,0.0,0.0,0.0,0.0,0.0,0.0,15.0,12.0,15.0,13.0,15.0,13.0,15.0,14.0,15.0,15.0,14.0,15.0,14.0,15.0,14.0,16.0,13.0,16.0,13.0,16.0,13.0,16.0,12.0,16.0,12.0,16.0,12.0,16.0,11.0,16.0,11.0,16.0,11.0,16.0,11.0,16.0,10.0,16.0,11.0,15.0,11.0,15.0,10.0,14.0,10.0,14.0,11.0,14.0,10.0,13.0,11.0,13.0
0.5824,122.0,-96.0,7.0,0.0,0.0,0.0,0.0,0.0,0.0,0.0,0.0,0.0,-20.0,6.0,-16.0,5.0,-11.0,2.0,-7.0,0.0,-2.0,-4.0,2.0,-7.0,6.0,-11.0,10.0,-15.0,14.0,-18.0,16.0,-21.0,18.0,-23.0,18.0,-25.0,18.0,-26.0,18.0,-26.0,16.0,-25.0,14.0,-22.0,12.0,-19.0,9.0,-15.0,7.0,-10.0,5.0,-5.0,4.0,1.0,2.0,6.0,1.0,12.0,0.0,17.0,1.0,21.0,2.0,24.0
0.5976,122.0,-96.0,7.0,0.0,0.0,0.0,0.0,0.0,0.0,0.0,0.0,0.0,-16.0,-2.0,-16.0,-3.0,-16.0,-3.0,-17.0,-3.0,-16.0,-4.0,-17.0,-4.0,-16.0,-5.0,-16.0,-5.0,-15.0,-5.0,-16.0,-6.0,-16.0,-5.0,-16.0,-5.0,-15.0,-6.0,-15.0,-6.0,-15.0,-6.0,-15.0,-6.0,-15.0,-7.0,-15.0,-6.0,-14.0,-6.0,-14.0,-6.0,-14.0,-6.0,-13.0,-6.0,-13.0,-6.0,-13.0,-5.0,-13.0,-5.0,-13.0,-5.0
0.6126,122.0,-96.0,7.0,0.0,0.0,0.0,0.0,0.0,0.0,0.0,0.0,0.0,28.0,-16.0,28.0,-16.0,26.0,-14.0,24.0,-13.0,21.0,-11.0,17.0,-8.0,13.0,-5.0,7.0,-1.0,2.0,3.0,-2.0,7.0,-6.0,12.0,-10.0,16.0,-13.0,20.0,-16.0,24.0,-19.0,27.0,-20.0,28.0,-19.0,30.0,-18.0,29.0,-16.0,27.0,-15.0,25.0,-12.0,21.0,-10.0,16.0,-8.0,11.0,-6.0,5.0,-5.0,-2.0,-3.0,-8.0
0.6262,122.0,-96.0,7.0,0.0,0.0,0.0,0.0,0.0,0.0,0.0,0.0,0.0,3.0,2.0,0.0,7.0,-3.0,11.0,-6.0,16.0,-7.0,20.0,-9.0,24.0,-10.0,27.0,-11.0,29.0,-10.0,29.0,-10.0,29.0,-8.0,27.0,-7.0,25.0,-7.0,21.0,-5.0,17.0,-6.0,11.0,-4.0,6.0,-4.0,0.0,-5.0,-6.0,-5.0,-13.0,-6.0,-17.0,-8.0,-22.0,-9.0,-25.0,-10.0,-28.0,-12.0,-27.0,-12.0,-28.0,-13.0,-27.0
0.6402,122.0,-96.0,7.0,0.0,0.0,0.0,0.0,0.0,0.0,0.0,0.0,0.0,-8.0,13.0,-8.0,13.0,-8.0,13.0,-9.0,13.0,-9.0,13.0,-9.0,13.0,-10.0,13.0,-10.0,12.0,-10.0,12.0,-10.0,12.0,-11.0,12.0,-11.0,12.0,-11.0,12.0,-11.0,12.0,-11.0,11.0,-11.0,11.0,-11.0,11.0,-11.0,10.0,-11.0,10.0,-10.0,10.0,-10.0,10.0,-10.0,10.0,-10.0,10.0,-10.0,10.0,-9.0,10.0,-9.0,10.0
0.6563,122.0,-96.0,7.0,0.0,0.0,0.0,0.0,0.0,0.0,0.0,0.0,0.0,15.0,-11.0,19.0,-13.0,21.0,-14.0,22.0,-15.0,22.0,-15.0,23.0,-15.0,22.0,-14.0,19.0,-13.0,17.0,-11.0,13.0,-8.0,10.0,-6.0,6.0,-2.0,2.0,2.0,-2.0,6.0,-5.0,10.0,-8.0,14.0,-11.0,18.0,-12.0,20.0,-13.0,23.0,-13.0,24.0,-13.0,25.0,-12.0,24.0,-11.0,23.0,-9.0,20.0,-8.0,17.0,-6.0,13.0
0.6663,122.0,-96.0,7.0,0.0,0.0,0.0,0.0,0.0,0.0,0.0,0.0,0.0,-21.0,-17.0,-17.0,-13.0,-11.0,-10.0,-5.0,-7.0,2.0,-5.0,9.0,-2.0,15.0,-1.0,21.0,1.0,28.0,2.0,32.0,2.0,36.0,3.0,38.0,2.0,39.0,2.0,38.0,1.0,36.0,0.0,32.0,-1.0,27.0,-1.0,21.0,0.0,15.0,1.0,8.0,2.0,1.0,4.0,-6.0,7.0,-12.0,10.0,-19.0,13.0,-22.0,16.0,-24.0,20.0
0.6794,122.0,-96.0,7.0,0.0,0.0,0.0,0.0,0.0,0.0,0.0,0.0,0.0,-11.0,-21.0,-8.0,-17.0,-5.0,-12.0,-1.0,-8.0,3.0,-3.0,8.0,2.0,12.0,5.0,17.0,9.0,21.0,12.0,25.0,14.0,27.0,16.0,29.0,17.0,30.0,17.0,30.0,16.0,28.0,14.0,25.0,12.0,22.0,10.0,17.0,8.0,11.0,6.0,5.0,4.0,-1.0,4.0,-7.0,3.0,-14.0,3.0,-20.0,3.0,-24.0,5.0,-27.0,6.0
0.6922,122.0,-96.0,7.0,0.0,0.0,0.0,0.0,0.0,0.0,0.0,0.0,0.0,15.0,-22.0,17.0,-25.0,19.0,-26.0,19.0,-27.0,20.0,-28.0,19.0,-27.0,18.0,-25.0,16.0,-21.0,14.0,-18.0,10.0,-13.0,7.0,-8.0,5.0,-2.0,2.0,4.0,-1.0,10.0,-2.0,16.0,-4.0,22.0,-5.0,26.0,-5.0,31.0,-5.0,32.0,-5.0,34.0,-4.0,34.0,-3.0,33.0,-3.0,30.0,-2.0,25.0,-1.0,21.0,-2.0,16.0
0.7059,122.0,-96.0,7.0,0.0,0.0,0.0,0.0,0.0,0.0,0.0,0.0,0.0,-16.0,24.0,-16.0,24.0,-15.0,23.0,-14.0,21.0,-13.0,17.0,-11.0,13.0,-9.0,9.0,-6.0,3.0,-4.0,-2.0,-3.0,-8.0,-1.0,-13.0,-1.0,-18.0,0.0,-22.0,1.0,-27.0,1.0,-30.0,0.0,-32.0,0.0,-32.0,-1.0,-31.0,-1.0,-30.0,-2.0,-27.0,-2.0,-22.0,-1.0,-17.0,0.0,-12.0,1.0,-7.0,3.0,-1.0,5.0,4.0
0.7191,122.0,-96.0,7.0,0.0,0.0,0.0,0.0,0.0,0.0,0.0,0.0,0.0,-1.0,-5.0,5.0,-7.0,11.0,-8.0,16.0,-9.0,21.0,-12.0,25.0,-13.0,28.0,-15.0,30.0,-16.0,30.0,-17.0,29.0,-17.0,27.0,-16.0,25.0,-15.0,22.0,-13.0,17.0,-10.0,13.0,-6.0,7.0,-3.0,2.0,3.0,-1.0,8.0,-5.0,13.0,-8.0,17.0,-10.0,23.0,-11.0,26.0,-13.0,30.0,-10.0,31.0,-10.0,31.0,-9.0,31.0
0.7331,122.0,-96.0,7.0,0.0,0.0,0.0,0.0,0.0,0.0,0.0,0.0,0.0,-9.0,16.0,-7.0,11.0,-6.0,7.0,-4.0,1.0,-4.0,-5.0,-3.0,-11.0,-3.0,-15.0,-3.0,-21.0,-3.0,-25.0,-4.0,-28.0,-4.0,-31.0,-5.0,-31.0,-6.0,-32.0,-6.0,-30.0,-6.0,-27.0,-6.0,-24.0,-5.0,-20.0,-3.0,-15.0,-1.0,-10.0,1.0,-5.0,4.0,-1.0,7.0,4.0,11.0,9.0,14.0,13.0,17.0,14.0,20.0,16.0
0.7472,122.0,-96.0,7.0,0.0,0.0,0.0,0.0,0.0,0.0,0.0,0.0,0.0,0.0,6.0,-8.0,8.0,-15.0,10.0,-22.0,14.0,-29.0,16.0,-34.0,19.0,-36.0,21.0,-40.0,23.0,-39.0,25.0,-38.0,25.0,-36.0,23.0,-32.0,22.0,-28.0,18.0,-22.0,14.0,-16.0,9.0,-10.0,3.0,-5.0,-4.0,0.0,-11.0,4.0,-19.0,7.0,-25.0,10.0,-32.0,10.0,-37.0,12.0,-41.0,10.0,-43.0,9.0,-43.0,7.0,-43.0
0.7614,122.0,-96.0,7.0,0.0,0.0,0.0,0.0,0.0,0.0,0.0,0.0,0.0,-19.0,9.0,-19.0,8.0,-19.0,8.0,-20.0,8.0,-20.0,7.0,-21.0,6.0,-20.0,6.0,-20.0,6.0,-20.0,5.0,-21.0,5.0,-21.0,5.0,-21.0,4.0,-20.0,4.0,-21.0,4.0,-21.0,3.0,-20.0,3.0,-20.0,3.0,-20.0,2.0,-20.0,2.0,-19.0,2.0,-19.0,3.0,-19.0,2.0,-18.0,2.0,-18.0,3.0,-17.0,3.0,-17.0,3.0
0.7749,122.0,-96.0,7.0,0.0,0.0,0.0,0.0,0.0,0.0,0.0,0.0,0.0,-7.0,21.0,-6.0,15.0,-6.0,9.0,-5.0,2.0,-5.0,-5.0,-6.0,-12.0,-7.0,-19.0,-8.0,-25.0,-9.0,-30.0,-11.0,-34.0,-11.0,-37.0,-12.0,-38.0,-14.0,-38.0,-13.0,-36.0,-13.0,-34.0,-12.0,-28.0,-10.0,-24.0,-7.0,-18.0,-3.0,-13.0,1.0,-7.0,5.0,-1.0,10.0,4.0,15.0,8.0,20.0,12.0,24.0,14.0,28.0,15.0
0.7883,122.0,-96.0,7.0,0.0,0.0,0.0,0.0,0.0,0.0,0.0,0.0,0.0,1.0,21.0,0.0,22.0,0.0,21.0,-1.0,22.0,-1.0,22.0,-2.0,22.0,-2.0,22.0,-3.0,22.0,-4.0,22.0,-4.0,22.0,-4.0,22.0,-4.0,21.0,-5.0,21.0,-6.0,21.0,-6.0,21.0,-6.0,20.0,-6.0,20.0,-6.0,20.0,-6.0,19.0,-6.0,19.0,-6.0,19.0,-5.0,19.0,-5.0,18.0,-6.0,18.0,-5.0,18.0,-4.0,18.0
0.8027,122.0,-96.0,7.0,0.0,0.0,0.0,0.0,0.0,0.0,0.0,0.0,0.0,-10.0,14.0,-11.0,14.0,-11.0,13.0,-12.0,13.0,-12.0,13.0,-13.0,13.0,-12.0,12.0,-13.0,12.0,-13.0,12.0,-14.0,12.0,-14.0,11.0,-13.0,11.0,-14.0,11.0,-14.0,11.0,-14.0,10.0,-13.0,10.0,-14.0,10.0,-14.0,10.0,-14.0,10.0,-13.0,10.0,-13.0,9.0,-13.0,9.0,-13.0,9.0,-12.0,9.0,-12.0,10.0,-11.0,10.0
0.8156,122.0,-96.0,7.0,0.0,0.0,0.0,0.0,0.0,0.0,0.0,0.0,0.0,-2.0,-4.0,2.0,-7.0,7.0,-11.0,11.0,-13.0,15.0,-17.0,18.0,-19.0,19.0,-21.0,22.0,-23.0,21.0,-23.0,20.0,-24.0,18.0,-23.0,16.0,-20.0,15.0,-18.0,11.0,-14.0,9.0,-9.0,5.0,-5.0,2.0,1.0,1.0,7.0,-1.0,12.0,-2.0,17.0,-3.0,22.0,-2.0,25.0,-2.0,29.0,0.0,29.0,0.0,29.0,0.0,29.0
0.8288,122.0,-96.0,7.0,0.0,0.0,0.0,0.0,0.0,0.0,0.0,0.0,0.0,-5.0,-18.0,-3.0,-14.0,-1.0,-9.0,1.0,-4.0,5.0,1.0,8.0,6.0,12.0,9.0,15.0,13.0,17.0,16.0,20.0,18.0,22.0,20.0,23.0,21.0,23.0,20.0,23.0,19.0,21.0,17.0,19.0,14.0,15.0,12.0,11.0,9.0,6.0,7.0,1.0,4.0,-4.0,3.0,-9.0,1.0,-16.0,-1.0,-20.0,-2.0,-24.0,-1.0,-27.0,0.0
0.8414,122.0,-96.0,7.0,0.0,0.0,0.0,0.0,0.0,0.0,0.0,0.0,0.0,-8.0,-25.0,-8.0,-25.0,-7.0,-23.0,-6.0,-20.0,-5.0,-17.0,-3.0,-13.0,-1.0,-9.0,2.0,-4.0,4.0,0.0,7.0,4.0,10.0,8.0,13.0,11.0,15.0,14.0,18.0,17.0,19.0,18.0,20.0,19.0,21.0,19.0,20.0,18.0,19.0,16.0,17.0,13.0,14.0,11.0,10.0,8.0,6.0,6.0,1.0,4.0,-3.0,2.0,-8.0,1.0
0.8557,122.0,-96.0,7.0,0.0,0.0,0.0,0.0,0.0,0.0,0.0,0.0,0.0,-22.0,15.0,-22.0,15.0,-21.0,14.0,-19.0,13.0,-17.0,10.0,-14.0,8.0,-10.0,4.0,-6.0,1.0,-3.0,-3.0,0.0,-7.0,3.0,-11.0,6.0,-15.0,8.0,-19.0,10.0,-22.0,11.0,-24.0,12.0,-26.0,11.0,-27.0,11.0,-26.0,10.0,-25.0,8.0,-22.0,6.0,-18.0,5.0,-15.0,4.0,-10.0,4.0,-5.0,3.0,0.0,3.0,5.0
0.8702,122.0,-96.0,7.0,0.0,0.0,0.0,0.0,0.0,0.0,0.0,0.0,0.0,-18.0,9.0,-14.0,6.0,-10.0,2.0,-5.0,-1.0,-1.0,-7.0,3.0,-12.0,6.0,-16.0,10.0,-21.0,12.0,-25.0,13.0,-28.0,15.0,-30.0,14.0,-32.0,13.0,-33.0,13.0,-32.0,11.0,-30.0,9.0,-25.0,8.0,-21.0,6.0,-16.0,5.0,-10.0,4.0,-4.0,4.0,3.0,4.0,9.0,5.0,15.0,5.0,21.0,7.0,24.0,9.0,27.0
0.8839,122.0,-96.0,7.0,0.0,0.0,0.0,0.0,0.0,0.0,0.0,0.0,0.0,20.0,-2.0,14.0,-1.0,9.0,1.0,3.0,3.0,-3.0,5.0,-9.0,8.0,-13.0,11.0,-18.0,14.0,-21.0,17.0,-25.0,19.0,-27.0,21.0,-27.0,22.0,-26.0,23.0,-25.0,23.0,-23.0,21.0,-19.0,19.0,-16.0,15.0,-13.0,11.0,-9.0,6.0,-6.0,1.0,-4.0,-5.0,-1.0,-11.0,1.0,-17.0,2.0,-22.0,2.0,-26.0,2.0,-30.0
0.8974,122.0,-96.0,7.0,0.0,0.0,0.0,0.0,0.0,0.0,0.0,0.0,0.0,-29.0,-8.0,-28.0,-7.0,-26.0,-7.0,-23.0,-6.0,-19.0,-6.0,-14.0,-5.0,-9.0,-5.0,-3.0,-5.0,3.0,-4.0,8.0,-5.0,14.0,-6.0,18.0,-6.0,23.0,-7.0,27.0,-7.0,29.0,-8.0,30.0,-8.0,30.0,-9.0,29.0,-9.0,26.0,-9.0,23.0,-8.0,18.0,-7.0,14.0,-5.0,9.0,-2.0,5.0,1.0,0.0,4.0,-4.0,7.0
0.9109,122.0,-96.0,7.0,0.0,0.0,0.0,0.0,0.0,0.0,0.0,0.0,0.0,2.0,-24.0,2.0,-19.0,2.0,-13.0,2.0,-7.0,4.0,-1.0,5.0,6.0,7.0,11.0,9.0,17.0,11.0,22.0,13.0,26.0,14.0,29.0,15.0,30.0,17.0,30.0,17.0,29.0,16.0,27.0,15.0,24.0,13.0,20.0,9.0,16.0,6.0,12.0,2.0,7.0,-4.0,3.0,-9.0,-1.0,-14.0,-5.0,-19.0,-8.0,-23.0,-9.0,-27.0,-9.0
0.9257,122.0,-96.0,7.0,0.0,0.0,0.0,0.0,0.0,0.0,0.0,0.0,0.0,11.0,-18.0,13.0,-21.0,14.0,-22.0,14.0,-23.0,15.0,-23.0,14.0,-23.0,13.0,-21.0,11.0,-18.0,10.0,-15.0,8.0,-11.0,6.0,-7.0,4.0,-2.0,2.0,3.0,0.0,8.0,-1.0,14.0,-2.0,18.0,-2.0,22.0,-2.0,25.0,-2.0,27.0,-1.0,28.0,0.0,27.0,0.0,27.0,0.0,24.0,1.0,21.0,1.0,17.0,0.0,13.0
0.9394,122.0,-96.0,7.0,0.0,0.0,0.0,0.0,0.0,0.0,0.0,0.0,0.0,-8.0,14.0,-8.0,14.0,-9.0,13.0,-9.0,14.0,-10.0,13.0,-10.0,13.0,-10.0,13.0,-10.0,13.0,-11.0,13.0,-11.0,12.0,-11.0,12.0,-11.0,12.0,-11.0,11.0,-12.0,11.0,-11.0,11.0,-11.0,11.0,-11.0,11.0,-12.0,11.0,-11.0,10.0,-10.0,10.0,-10.0,10.0,-10.0,10.0,-10.0,10.0,-10.0,10.0,-9.0,10.0,-9.0,10.0
0.9524,122.0,-96.0,7.0,0.0,0.0,0.0,0.0,0.0,0.0,0.0,0.0,0.0,0.0,-6.0,3.0,-10.0,7.0,-14.0,10.0,-17.0,13.0,-21.0,15.0,-23.0,16.0,-25.0,17.0,-27.0,16.0,-27.0,16.0,-26.0,14.0,-24.0,12.0,-21.0,11.0,-17.0,8.0,-13.0,7.0,-8.0,4.0,-3.0,2.0,4.0,2.0,9.0,1.0,14.0,1.0,19.0,2.0,24.0,2.0,26.0,2.0,29.0,4.0,29.0,5.0,29.0,5.0,28.0
0.9648,122.0,-96.0,7.0,0.0,0.0,0.0,0.0,0.0,0.0,0.0,0.0,0.0,2.0,-4.0,7.0,-2.0,12.0,1.0,16.0,4.0,21.0,6.0,24.0,7.0,27.0,8.0,29.0,9.0,30.0,8.0,29.0,8.0,27.0,7.0,25.0,6.0,21.0,6.0,17.0,4.0,12.0,4.0,6.0,3.0,-1.0,3.0,-6.0,4.0,-13.0,5.0,-17.0,6.0,-22.0,8.0,-24.0,9.0,-28.0,11.0,-27.0,12.0,-27.0,13.0,-26.0,13.0
0.979,122.0,-96.0,7.0,0.0,0.0,0.0,0.0,0.0,0.0,0.0,0.0,0.0,31.0,3.0,32.0,3.0,30.0,3.0,27.0,3.0,23.0,3.0,18.0,3.0,13.0,3.0,6.0,3.0,0.0,4.0,-6.0,5.0,-12.0,7.0,-18.0,8.0,-23.0,10.0,-27.0,11.0,-31.0,13.0,-32.0,13.0,-33.0,15.0,-31.0,14.0,-29.0,14.0,-25.0,13.0,-22.0,11.0,-18.0,8.0,-13.0,5.0,-8.0,1.0,-3.0,-4.0,1.0,-8.0
0.9932,122.0,-96.0,7.0,0.0,0.0,0.0,0.0,0.0,0.0,0.0,0.0,0.0,3.0,-29.0,3.0,-29.0,3.0,-26.0,2.0,-23.0,3.0,-19.0,2.0,-14.0,3.0,-9.0,3.0,-4.0,4.0,2.0,5.0,8.0,7.0,13.0,8.0,17.0,10.0,21.0,11.0,25.0,12.0,28.0,12.0,28.0,14.0,28.0,13.0,27.0,13.0,24.0,11.0,21.0,9.0,17.0,7.0,13.0,3.0,9.0,-1.0,5.0,-5.0,1.0,-9.0,-2.0
1.008,122.0,-96.0,7.0,0.0,0.0,0.0,0.0,0.0,0.0,0.0,0.0,0.0,-5.0,1.0,-7.0,-4.0,-9.0,-9.0,-11.0,-14.0,-14.0,-18.0,-16.0,-22.0,-17.0,-23.0,-19.0,-26.0,-19.0,-25.0,-19.0,-25.0,-18.0,-23.0,-17.0,-21.0,-14.0,-18.0,-11.0,-15.0,-7.0,-11.0,-3.0,-7.0,2.0,-3.0,7.0,-1.0,12.0,2.0,17.0,4.0,22.0,5.0,24.0,5.0,28.0,6.0,29.0,4.0,29.0,4.0,28.0,3.0
1.0213,122.0,-96.0,7.0,0.0,0.0,0.0,0.0,0.0,0.0,0.0,0.0,0.0,-1.0,-21.0,0.0,-16.0,1.0,-10.0,3.0,-4.0,5.0,2.0,7.0,8.0,10.0,12.0,13.0,18.0,15.0,22.0,17.0,25.0,19.0,27.0,20.0,28.0,21.0,27.0,20.0,26.0,19.0,24.0,17.0,20.0,14.0,17.0,9.0,13.0,5.0,9.0,0.0,5.0,-5.0,2.0,-10.0,-1.0,-17.0,-4.0,-22.0,-6.0,-26.0,-6.0,-29.0,-6.0
1.0352,122.0,-96.0,7.0,0.0,0.0,0.0,0.0,0.0,0.0,0.0,0.0,0.0,-3.0,-5.0,-1.0,-10.0,1.0,-14.0,2.0,-18.0,3.0,-22.0,4.0,-25.0,4.0,-27.0,5.0,-28.0,4.0,-28.0,3.0,-27.0,3.0,-25.0,2.0,-22.0,2.0,-19.0,2.0,-14.0,3.0,-9.0,2.0,-4.0,4.0,2.0,5.0,6.0,6.0,11.0,8.0,15.0,10.0,19.0,12.0,20.0,13.0,23.0,14.0,22.0,15.0,21.0,15.0,21.0
1.0496,122.0,-96.0,7.0,0.0,0.0,0.0,0.0,0.0,0.0,0.0,0.0,0.0,0.0,3.0,-5.0,5.0,-10.0,5.0,-14.0,7.0,-18.0,8.0,-21.0,10.0,-23.0,11.0,-25.0,12.0,-25.0,12.0,-25.0,13.0,-23.0,12.0,-21.0,11.0,-18.0,9.0,-14.0,7.0,-11.0,4.0,-7.0,1.0,-3.0,-3.0,0.0,-7.0,4.0,-12.0,6.0,-15.0,8.0,-19.0,8.0,-22.0,9.0,-25.0,8.0,-26.0,7.0,-26.0,7.0,-26.0
1.0637,122.0,-96.0,7.0,0.0,0.0,0.0,0.0,0.0,0.0,0.0,0.0,0.0,4.0,20.0,1.0,15.0,0.0,9.0,-3.0,4.0,-6.0,-2.0,-10.0,-7.0,-14.0,-11.0,-17.0,-16.0,-20.0,-19.0,-23.0,-21.0,-25.0,-23.0,-27.0,-23.0,-27.0,-23.0,-27.0,-22.0,-25.0,-20.0,-22.0,-16.0,-18.0,-14.0,-14.0,-11.0,-8.0,-8.0,-2.0,-6.0,4.0,-4.0,10.0,-3.0,16.0,-1.0,21.0,-1.0,25.0,-2.0,29.0,-3.0
1.0784,122.0,-96.0,7.0,0.0,0.0,0.0,0.0,0.0,0.0,0.0,0.0,0.0,-15.0,26.0,-12.0,20.0,-11.0,14.0,-8.0,6.0,-6.0,-2.0,-5.0,-11.0,-5.0,-19.0,-4.0,-27.0,-4.0,-34.0,-4.0,-39.0,-4.0,-44.0,-6.0,-45.0,-7.0,-46.0,-7.0,-46.0,-8.0,-43.0,-8.0,-38.0,-6.0,-32.0,-5.0,-26.0,-2.0,-18.0,1.0,-11.0,5.0,-3.0,10.0,4.0,15.0,10.0,20.0,16.0,24.0,20.0,28.0,22.0
1.0927,122.0,-96.0,7.0,0.0,0.0,0.0,0.0,0.0,0.0,0.0,0.0,0.0,-6.0,0.0,-7.0,-6.0,-8.0,-12.0,-10.0,-16.0,-13.0,-22.0,-14.0,-26.0,-16.0,-28.0,-17.0,-31.0,-18.0,-30.0,-18.0,-30.0,-17.0,-27.0,-16.0,-25.0,-14.0,-22.0,-11.0,-17.0,-7.0,-13.0,-3.0,-8.0,3.0,-3.0,8.0,-1.0,13.0,3.0,19.0,5.0,23.0,7.0,27.0,7.0,31.0,9.0,31.0,7.0,32.0,6.0,31.0,5.0
1.106,122.0,-96.0,7.0,0.0,0.0,0.0,0.0,0.0,0.0,0.0,0.0,0.0,23.0,16.0,23.0,15.0,21.0,14.0,18.0,13.0,15.0,11.0,11.0,9.0,6.0,7.0,0.0,4.0,-5.0,2.0,-11.0,1.0,-15.0,0.0,-20.0,-1.0,-25.0,-2.0,-29.0,-3.0,-31.0,-3.0,-32.0,-3.0,-32.0,-2.0,-31.0,-2.0,-28.0,-1.0,-25.0,-1.0,-20.0,-1.0,-16.0,-1.0,-11.0,-2.0,-5.0,-3.0,0.0,-5.0,6.0,-7.0
1.1203,122.0,-96.0,7.0,0.0,0.0,0.0,0.0,0.0,0.0,0.0,0.0,0.0,-11.0,11.0,-11.0,11.0,-11.0,11.0,-12.0,11.0,-12.0,11.0,-13.0,11.0,-12.0,10.0,-13.0,10.0,-13.0,10.0,-13.0,9.0,-13.0,9.0,-13.0,9.0,-13.0,9.0,-13.0,8.0,-13.0,8.0,-13.0,8.0,-13.0,8.0,-13.0,8.0,-13.0,8.0,-12.0,8.0,-12.0,8.0,-12.0,7.0,-12.0,7.0,-11.0,7.0,-11.0,8.0,-11.0,8.0
1.1348,122.0,-96.0,7.0,0.0,0.0,0.0,0.0,0.0,0.0,0.0,0.0,0.0,-5.0,-1.0,-6.0,-6.0,-6.0,-11.0,-7.0,-16.0,-8.0,-21.0,-9.0,-25.0,-10.0,-28.0,-10.0,-30.0,-11.0,-30.0,-11.0,-29.0,-11.0,-27.0,-10.0,-25.0,-9.0,-22.0,-7.0,-17.0,-4.0,-13.0,-1.0,-8.0,3.0,-3.0,7.0,1.0,11.0,6.0,15.0,9.0,19.0,12.0,22.0,13.0,24.0,15.0,26.0,13.0,26.0,13.0,26.0,12.0
1.1511,122.0,-96.0,7.0,0.0,0.0,0.0,0.0,0.0,0.0,0.0,0.0,0.0,-19.0,18.0,-19.0,17.0,-18.0,16.0,-16.0,14.0,-14.0,11.0,-11.0,8.0,-8.0,4.0,-5.0,-1.0,-2.0,-5.0,0.0,-9.0,2.0,-14.0,4.0,-18.0,5.0,-21.0,7.0,-25.0,7.0,-27.0,7.0,-28.0,6.0,-28.0,6.0,-27.0,5.0,-25.0,4.0,-22.0,2.0,-18.0,2.0,-14.0,3.0,-9.0,3.0,-4.0,3.0,1.0,4.0,6.0
1.1623,122.0,-96.0,7.0,0.0,0.0,0.0,0.0,0.0,0.0,0.0,0.0,0.0,-14.0,10.0,-15.0,10.0,-15.0,10.0,-16.0,10.0,-16.0,9.0,-16.0,8.0,-16.0,8.0,-16.0,8.0,-17.0,7.0,-17.0,7.0,-16.0,7.0,-16.0,7.0,-16.0,7.0,-17.0,7.0,-17.0,6.0,-16.0,6.0,-16.0,6.0,-16.0,6.0,-16.0,5.0,-15.0,5.0,-15.0,5.0,-15.0,5.0,-15.0,5.0,-14.0,6.0,-14.0,6.0,-14.0,6.0
1.1785,122.0,-96.0,7.0,0.0,0.0,0.0,0.0,0.0,0.0,0.0,0.0,0.0,-6.0,-3.0,-7.0,-8.0,-8.0,-13.0,-10.0,-17.0,-12.0,-22.0,-14.0,-25.0,-15.0,-26.0,-15.0,-28.0,-16.0,-27.0,-16.0,-27.0,-15.0,-24.0,-13.0,-21.0,-11.0,-18.0,-8.0,-14.0,-4.0,-10.0,-1.0,-6.0,5.0,-2.0,9.0,1.0,13.0,5.0,18.0,7.0,22.0,9.0,25.0,8.0,28.0,10.0,28.0,8.0,28.0,8.0,27.0,7.0
1.1925,122.0,-96.0,7.0,0.0,0.0,0.0,0.0,0.0,0.0,0.0,0.0,0.0,-5.0,3.0,-11.0,2.0,-15.0,1.0,-20.0,1.0,-24.0,0.0,-28.0,0.0,-30.0,1.0,-32.0,1.0,-31.0,2.0,-30.0,2.0,-28.0,2.0,-25.0,2.0,-21.0,1.0,-16.0,0.0,-11.0,-2.0,-5.0,-3.0,1.0,-5.0,5.0,-8.0,10.0,-11.0,14.0,-14.0,18.0,-17.0,19.0,-19.0,21.0,-21.0,20.0,-22.0,19.0,-23.0,18.0,-23.0
1.2054,122.0,-96.0,7.0,0.0,0.0,0.0,0.0,0.0,0.0,0.0,0.0,0.0,-5.0,-26.0,-5.0,-26.0,-4.0,-25.0,-4.0,-23.0,-3.0,-20.0,-2.0,-16.0,0.0,-12.0,1.0,-6.0,3.0,-2.0,5.0,3.0,8.0,7.0,10.0,11.0,12.0,15.0,14.0,18.0,16.0,21.0,17.0,22.0,18.0,22.0,17.0,21.0,17.0,19.0,15.0,17.0,13.0,13.0,10.0,11.0,6.0,8.0,2.0,5.0,-2.0,2.0,-7.0,0.0
1.2205,122.0,-96.0,7.0,0.0,0.0,0.0,0.0,0.0,0.0,0.0,0.0,0.0,14.0,-11.0,11.0,-8.0,7.0,-4.0,4.0,0.0,1.0,5.0,-3.0,10.0,-4.0,14.0,-7.0,19.0,-9.0,23.0,-9.0,26.0,-10.0,28.0,-10.0,29.0,-9.0,30.0,-9.0,28.0,-7.0,27.0,-6.0,23.0,-6.0,19.0,-5.0,14.0,-4.0,9.0,-4.0,3.0,-5.0,-3.0,-6.0,-8.0,-7.0,-14.0,-8.0,-19.0,-10.0,-22.0,-12.0,-24.0
1.2345,122.0,-96.0,7.0,0.0,0.0,0.0,0.0,0.0,0.0,0.0,0.0,0.0,-2.0,4.0,-7.0,3.0,-12.0,2.0,-18.0,2.0,-22.0,2.0,-27.0,2.0,-29.0,3.0,-32.0,3.0,-31.0,4.0,-31.0,4.0,-29.0,4.0,-26.0,4.0,-23.0,3.0,-18.0,3.0,-13.0,0.0,-8.0,-1.0,-2.0,-4.0,2.0,-7.0,8.0,-11.0,12.0,-14.0,15.0,-18.0,16.0,-20.0,18.0,-22.0,17.0,-24.0,17.0,-25.0,16.0,-25.0
1.2502,122.0,-96.0,7.0,0.0,0.0,0.0,0.0,0.0,0.0,0.0,0.0,0.0,11.0,-11.0,12.0,-10.0,11.0,-10.0,12.0,-10.0,12.0,-10.0,13.0,-10.0,13.0,-9.0,13.0,-9.0,13.0,-9.0,13.0,-8.0,13.0,-8.0,13.0,-8.0,13.0,-8.0,13.0,-7.0,13.0,-7.0,13.0,-7.0,13.0,-7.0,13.0,-6.0,13.0,-6.0,13.0,-6.0,13.0,-6.0,12.0,-7.0,12.0,-6.0,12.0,-6.0,11.0,-7.0,11.0,-7.0
1.2637,122.0,-96.0,7.0,0.0,0.0,0.0,0.0,0.0,0.0,0.0,0.0,0.0,-17.0,16.0,-14.0,12.0,-11.0,7.0,-8.0,3.0,-4.0,-3.0,-1.0,-9.0,0.0,-14.0,3.0,-20.0,5.0,-25.0,5.0,-29.0,7.0,-32.0,6.0,-34.0,6.0,-35.0,5.0,-35.0,4.0,-32.0,3.0,-29.0,2.0,-25.0,2.0,-20.0,2.0,-14.0,3.0,-8.0,4.0,-1.0,6.0,5.0,8.0,12.0,9.0,17.0,12.0,20.0,15.0,23.0
1.2779,122.0,-96.0,7.0,0.0,0.0,0.0,0.0,0.0,0.0,0.0,0.0,0.0,12.0,22.0,12.0,22.0,11.0,21.0,10.0,18.0,7.0,15.0,5.0,11.0,2.0,8.0,-2.0,4.0,-5.0,0.0,-10.0,-3.0,-13.0,-6.0,-16.0,-8.0,-20.0,-10.0,-23.0,-13.0,-24.0,-13.0,-26.0,-14.0,-26.0,-13.0,-26.0,-12.0,-23.0,-11.0,-21.0,-9.0,-17.0,-7.0,-13.0,-6.0,-8.0,-5.0,-3.0,-4.0,2.0,-4.0,7.0,-4.0
1.2912,122.0,-96.0,7.0,0.0,0.0,0.0,0.0,0.0,0.0,0.0,0.0,0.0,-8.0,28.0,-8.0,26.0,-8.0,25.0,-7.0,22.0,-7.0,18.0,-6.0,13.0,-5.0,8.0,-5.0,2.0,-4.0,-4.0,-5.0,-10.0,-6.0,-15.0,-6.0,-19.0,-7.0,-23.0,-8.0,-28.0,-8.0,-30.0,-9.0,-31.0,-10.0,-30.0,-10.0,-30.0,-10.0,-27.0,-9.0,-24.0,-8.0,-19.0,-5.0,-15.0,-2.0,-10.0,1.0,-6.0,4.0,-1.0,8.0,3.0
1.3051,122.0,-96.0,7.0,0.0,0.0,0.0,0.0,0.0,0.0,0.0,0.0,0.0,-5.0,-5.0,-4.0,-10.0,-4.0,-15.0,-4.0,-20.0,-5.0,-24.0,-5.0,-28.0,-6.0,-30.0,-6.0,-31.0,-7.0,-31.0,-7.0,-30.0,-7.0,-27.0,-6.0,-24.0,-5.0,-21.0,-4.0,-15.0,-1.0,-11.0,1.0,-5.0,5.0,0.0,8.0,4.0,11.0,9.0,15.0,12.0,18.0,15.0,21.0,16.0,23.0,18.0,24.0,17.0,24.0,16.0,24.0,15.0
1.3185,122.0,-96.0,7.0,0.0,0.0,0.0,0.0,0.0,0.0,0.0,0.0,0.0,-13.0,12.0,-13.0,12.0,-13.0,12.0,-14.0,12.0,-14.0,11.0,-15.0,11.0,-14.0,11.0,-15.0,10.0,-15.0,10.0,-15.0,10.0,-15.0,9.0,-16.0,9.0,-15.0,9.0,-15.0,8.0,-16.0,8.0,-15.0,9.0,-15.0,8.0,-15.0,8.0,-15.0,8.0,-14.0,8.0,-14.0,7.0,-14.0,8.0,-14.0,7.0,-14.0,7.0,-13.0,8.0,-13.0,8.0
1.3311,122.0,-96.0,7.0,0.0,0.0,0.0,0.0,0.0,0.0,0.0,0.0,0.0,-20.0,26.0,-20.0,26.0,-19.0,24.0,-18.0,22.0,-15.0,18.0,-13.0,14.0,-10.0,9.0,-7.0,3.0,-5.0,-2.0,-3.0,-9.0,-1.0,-14.0,1.0,-20.0,2.0,-25.0,3.0,-30.0,4.0,-33.0,3.0,-35.0,3.0,-36.0,2.0,-35.0,1.0,-33.0,0.0,-30.0,0.0,-24.0,0.0,-19.0,1.0,-14.0,2.0,-8.0,3.0,-1.0,5.0,5.0
1.3443,122.0,-96.0,7.0,0.0,0.0,0.0,0.0,0.0,0.0,0.0,0.0,0.0,28.0,4.0,27.0,4.0,25.0,4.0,22.0,4.0,18.0,4.0,13.0,3.0,8.0,3.0,2.0,3.0,-3.0,4.0,-9.0,5.0,-14.0,6.0,-19.0,7.0,-23.0,9.0,-27.0,10.0,-29.0,11.0,-30.0,12.0,-30.0,12.0,-28.0,12.0,-26.0,11.0,-22.0,11.0,-18.0,9.0,-14.0,6.0,-10.0,3.0,-6.0,-1.0,-1.0,-5.0,2.0,-9.0
1.3586,122.0,-96.0,7.0,0.0,0.0,0.0,0.0,0.0,0.0,0.0,0.0,0.0,5.0,25.0,5.0,24.0,4.0,23.0,3.0,20.0,2.0,17.0,1.0,12.0,-1.0,9.0,-3.0,3.0,-5.0,-2.0,-8.0,-6.0,-10.0,-10.0,-13.0,-13.0,-15.0,-16.0,-17.0,-19.0,-19.0,-21.0,-20.0,-21.0,-20.0,-21.0,-20.0,-20.0,-19.0,-18.0,-17.0,-15.0,-14.0,-12.0,-10.0,-10.0,-6.0,-8.0,-2.0,-5.0,3.0,-3.0,7.0,-1.0
1.371,122.0,-96.0,7.0,0.0,0.0,0.0,0.0,0.0,0.0,0.0,0.0,0.0,2.0,-3.0,7.0,0.0,10.0,3.0,13.0,5.0,18.0,7.0,21.0,9.0,23.0,9.0,25.0,11.0,26.0,10.0,25.0,10.0,23.0,9.0,21.0,8.0,19.0,7.0,14.0,5.0,10.0,5.0,5.0,3.0,-1.0,3.0,-6.0,3.0,-11.0,4.0,-16.0,4.0,-20.0,5.0,-22.0,7.0,-25.0,8.0,-25.0,9.0,-25.0,10.0,-25.0,10.0
1.3843,122.0,-96.0,7.0,0.0,0.0,0.0,0.0,0.0,0.0,0.0,0.0,0.0,-26.0,4.0,-21.0,3.0,-15.0,1.0,-9.0,-2.0,-2.0,-5.0,5.0,-9.0,10.0,-13.0,16.0,-16.0,21.0,-19.0,23.0,-23.0,27.0,-25.0,27.0,-28.0,27.0,-28.0,27.0,-28.0,24.0,-28.0,21.0,-24.0,18.0,-21.0,14.0,-16.0,11.0,-11.0,7.0,-5.0,4.0,2.0,1.0,8.0,-1.0,15.0,-3.0,22.0,-3.0,27.0,-2.0,31.0
1.3981,122.0,-96.0,7.0,0.0,0.0,0.0,0.0,0.0,0.0,0.0,0.0,0.0,-22.0,-4.0,-22.0,-4.0,-22.0,-4.0,-22.0,-5.0,-22.0,-6.0,-23.0,-6.0,-22.0,-7.0,-22.0,-7.0,-21.0,-8.0,-22.0,-9.0,-22.0,-8.0,-21.0,-9.0,-20.0,-9.0,-21.0,-9.0,-20.0,-9.0,-20.0,-9.0,-20.0,-10.0,-20.0,-9.0,-19.0,-9.0,-18.0,-9.0,-19.0,-9.0,-18.0,-8.0,-18.0,-9.0,-18.0,-8.0,-17.0,-7.0,-17.0,-7.0
1.4128,122.0,-96.0,7.0,0.0,0.0,0.0,0.0,0.0,0.0,0.0,0.0,0.0,4.0,3.0,5.0,8.0,6.0,14.0,6.0,18.0,8.0,22.0,9.0,26.0,10.0,27.0,10.0,29.0,11.0,28.0,11.0,27.0,10.0,24.0,9.0,22.0,7.0,18.0,5.0,14.0,1.0,10.0,-1.0,5.0,-5.0,0.0,-9.0,-4.0,-13.0,-8.0,-17.0,-11.0,-21.0,-13.0,-24.0,-14.0,-26.0,-16.0,-27.0,-14.0,-27.0,-13.0,-27.0,-12.0
1.4286,122.0,-96.0,7.0,0.0,0.0,0.0,0.0,0.0,0.0,0.0,0.0,0.0,13.0,15.0,10.0,13.0,6.0,9.0,2.0,6.0,-3.0,3.0,-8.0,0.0,-13.0,-2.0,-18.0,-5.0,-22.0,-7.0,-25.0,-8.0,-28.0,-9.0,-30.0,-9.0,-31.0,-9.0,-31.0,-8.0,-29.0,-7.0,-26.0,-6.0,-22.0,-5.0,-17.0,-4.0,-12.0,-4.0,-6.0,-4.0,-1.0,-5.0,5.0,-5.0,10.0,-6.0,16.0,-7.0,19.0,-10.0,22.0,-12.0
1.4428,122.0,-96.0,7.0,0.0,0.0,0.0,0.0,0.0,0.0,0.0,0.0,0.0,-2.0,-20.0,-1.0,-23.0,-1.0,-25.0,-1.0,-27.0,-1.0,-28.0,-2.0,-28.0,-1.0,-26.0,-1.0,-24.0,-1.0,-21.0,-1.0,-16.0,0.0,-12.0,1.0,-7.0,3.0,-2.0,4.0,4.0,6.0,9.0,8.0,13.0,10.0,18.0,12.0,20.0,13.0,22.0,14.0,23.0,15.0,23.0,15.0,22.0,14.0,20.0,13.0,17.0,11.0,14.0,9.0,11.0
1.457,122.0,-96.0,7.0,0.0,0.0,0.0,0.0,0.0,0.0,0.0,0.0,0.0,-22.0,0.0,-22.0,-1.0,-23.0,-1.0,-23.0,-2.0,-24.0,-2.0,-23.0,-3.0,-23.0,-4.0,-23.0,-4.0,-22.0,-5.0,-23.0,-6.0,-22.0,-5.0,-22.0,-6.0,-22.0,-6.0,-22.0,-6.0,-21.0,-6.0,-21.0,-6.0,-20.0,-7.0,-21.0,-6.0,-20.0,-6.0,-20.0,-6.0,-20.0,-6.0,-19.0,-6.0,-19.0,-6.0,-19.0,-6.0,-19.0,-5.0,-18.0,-5.0
1.4701,122.0,-96.0,7.0,0.0,0.0,0.0,0.0,0.0,0.0,0.0,0.0,0.0,2.0,3.0,-1.0,7.0,-5.0,11.0,-9.0,14.0,-11.0,19.0,-13.0,22.0,-15.0,24.0,-16.0,26.0,-15.0,27.0,-15.0,27.0,-13.0,25.0,-12.0,23.0,-11.0,20.0,-8.0,16.0,-8.0,11.0,-5.0,5.0,-4.0,-1.0,-4.0,-7.0,-3.0,-13.0,-3.0,-18.0,-4.0,-23.0,-6.0,-25.0,-6.0,-29.0,-8.0,-29.0,-9.0,-29.0,-9.0,-28.0
1.484,122.0,-96.0,7.0,0.0,0.0,0.0,0.0,0.0,0.0,0.0,0.0,0.0,20.0,6.0,20.0,7.0,20.0,7.0,20.0,8.0,20.0,9.0,20.0,9.0,20.0,9.0,19.0,10.0,19.0,10.0,19.0,11.0,18.0,12.0,18.0,12.0,18.0,12.0,17.0,12.0,17.0,12.0,17.0,11.0,17.0,12.0,17.0,12.0,16.0,12.0,16.0,11.0,16.0,11.0,15.0,10.0,15.0,11.0,15.0,10.0,15.0,10.0,15.0,9.0
1.4975,122.0,-96.0,7.0,0.0,0.0,0.0,0.0,0.0,0.0,0.0,0.0,0.0,28.0,14.0,28.0,14.0,27.0,14.0,24.0,12.0,21.0,11.0,16.0,9.0,11.0,7.0,5.0,5.0,-1.0,4.0,-8.0,3.0,-14.0,2.0,-19.0,1.0,-25.0,1.0,-30.0,1.0,-33.0,1.0,-35.0,2.0,-35.0,2.0,-35.0,3.0,-32.0,3.0,-29.0,4.0,-24.0,3.0,-20.0,2.0,-14.0,0.0,-8.0,-2.0,-2.0,-4.0,3.0,-7.0
1.5114,122.0,-96.0,7.0,0.0,0.0,0.0,0.0,0.0,0.0,0.0,0.0,0.0,-11.0,18.0,-9.0,14.0,-7.0,9.0,-5.0,4.0,-4.0,-2.0,-3.0,-8.0,-3.0,-12.0,-2.0,-18.0,-2.0,-23.0,-2.0,-27.0,-2.0,-30.0,-3.0,-31.0,-4.0,-32.0,-4.0,-31.0,-5.0,-29.0,-5.0,-26.0,-4.0,-22.0,-3.0,-18.0,-1.0,-13.0,0.0,-8.0,3.0,-3.0,6.0,2.0,9.0,7.0,12.0,12.0,15.0,14.0,18.0,16.0
1.5243,122.0,-96.0,7.0,0.0,0.0,0.0,0.0,0.0,0.0,0.0,0.0,0.0,5.0,-23.0,4.0,-17.0,4.0,-11.0,4.0,-4.0,5.0,3.0,6.0,11.0,8.0,17.0,8.0,23.0,10.0,28.0,11.0,32.0,12.0,35.0,13.0,36.0,14.0,36.0,14.0,35.0,13.0,32.0,12.0,27.0,10.0,23.0,7.0,17.0,3.0,12.0,-1.0,6.0,-6.0,1.0,-11.0,-4.0,-16.0,-8.0,-22.0,-13.0,-26.0,-14.0,-30.0,-15.0
1.5381,122.0,-96.0,7.0,0.0,0.0,0.0,0.0,0.0,0.0,0.0,0.0,0.0,-4.0,-17.0,-3.0,-17.0,-3.0,-18.0,-3.0,-17.0,-2.0,-18.0,-2.0,-18.0,-1.0,-18.0,-1.0,-18.0,-1.0,-18.0,0.0,-18.0,0.0,-18.0,0.0,-18.0,1.0,-17.0,1.0,-17.0,1.0,-17.0,1.0,-17.0,2.0,-17.0,1.0,-17.0,2.0,-16.0,1.0,-16.0,1.0,-16.0,1.0,-16.0,1.0,-15.0,1.0,-15.0,1.0,-15.0,0.0,-15.0
1.5538,122.0,-96.0,7.0,0.0,0.0,0.0,0.0,0.0,0.0,0.0,0.0,0.0,-22.0,-9.0,-25.0,-11.0,-27.0,-12.0,-28.0,-12.0,-28.0,-13.0,-28.0,-12.0,-25.0,-12.0,-22.0,-10.0,-19.0,-10.0,-14.0,-8.0,-9.0,-6.0,-3.0,-5.0,3.0,-4.0,9.0,-3.0,15.0,-3.0,19.0,-3.0,24.0,-3.0,27.0,-4.0,29.0,-5.0,31.0,-5.0,30.0,-6.0,29.0,-6.0,27.0,-6.0,23.0,-6.0,19.0,-5.0,14.0,-4.0
1.5671,122.0,-96.0,7.0,0.0,0.0,0.0,0.0,0.0,0.0,0.0,0.0,0.0,10.0,-22.0,13.0,-25.0,14.0,-28.0,15.0,-29.0,16.0,-31.0,15.0,-31.0,15.0,-29.0,13.0,-26.0,12.0,-23.0,9.0,-18.0,7.0,-12.0,5.0,-6.0,4.0,0.0,2.0,8.0,2.0,13.0,1.0,19.0,1.0,25.0,2.0,29.0,2.0,32.0,3.0,34.0,4.0,34.0,4.0,33.0,5.0,31.0,5.0,27.0,5.0,22.0,3.0,17.0
1.581,122.0,-96.0,7.0,0.0,0.0,0.0,0.0,0.0,0.0,0.0,0.0,0.0,-3.0,15.0,-3.0,15.0,-4.0,15.0,-4.0,16.0,-4.0,16.0,-5.0,15.0,-5.0,15.0,-5.0,15.0,-6.0,15.0,-6.0,15.0,-6.0,15.0,-7.0,15.0,-7.0,14.0,-7.0,14.0,-7.0,14.0,-7.0,13.0,-7.0,14.0,-7.0,13.0,-7.0,13.0,-6.0,13.0,-7.0,12.0,-6.0,13.0,-7.0,12.0,-6.0,12.0,-6.0,12.0,-6.0,12.0
1.5952,122.0,-96.0,7.0,0.0,0.0,0.0,0.0,0.0,0.0,0.0,0.0,0.0,21.0,-11.0,24.0,-11.0,26.0,-12.0,27.0,-13.0,27.0,-13.0,27.0,-13.0,25.0,-11.0,21.0,-10.0,19.0,-8.0,14.0,-6.0,9.0,-3.0,5.0,1.0,0.0,5.0,-5.0,8.0,-9.0,13.0,-12.0,16.0,-15.0,20.0,-16.0,22.0,-17.0,24.0,-18.0,25.0,-17.0,26.0,-16.0,25.0,-14.0,24.0,-12.0,21.0,-9.0,17.0,-7.0,12.0
1.6087,122.0,-96.0,7.0,0.0,0.0,0.0,0.0,0.0,0.0,0.0,0.0,0.0,4.0,17.0,3.0,17.0,3.0,18.0,3.0,18.0,2.0,18.0,2.0,18.0,2.0,18.0,1.0,18.0,1.0,18.0,0.0,19.0,0.0,18.0,-1.0,18.0,-1.0,18.0,-1.0,18.0,-1.0,18.0,-1.0,18.0,-2.0,17.0,-2.0,18.0,-1.0,17.0,-1.0,17.0,-1.0,16.0,-1.0,16.0,-1.0,16.0,-1.0,16.0,-1.0,15.0,0.0,15.0
1.6231,122.0,-96.0,7.0,0.0,0.0,0.0,0.0,0.0,0.0,0.0,0.0,0.0,17.0,-15.0,20.0,-17.0,22.0,-18.0,23.0,-19.0,23.0,-19.0,23.0,-19.0,22.0,-17.0,18.0,-15.0,17.0,-12.0,12.0,-9.0,9.0,-5.0,5.0,-1.0,1.0,4.0,-3.0,9.0,-5.0,14.0,-8.0,18.0,-10.0,23.0,-11.0,25.0,-11.0,28.0,-12.0,29.0,-11.0,29.0,-10.0,28.0,-9.0,26.0,-7.0,22.0,-5.0,18.0,-4.0,14.0
1.6373,122.0,-96.0,7.0,0.0,0.0,0.0,0.0,0.0,0.0,0.0,0.0,0.0,-6.0,17.0,-6.0,18.0,-7.0,17.0,-7.0,17.0,-8.0,18.0,-8.0,17.0,-9.0,17.0,-9.0,17.0,-9.0,16.0,-10.0,16.0,-10.0,16.0,-10.0,16.0,-10.0,16.0,-10.0,16.0,-10.0,15.0,-10.0,15.0,-10.0,15.0,-10.0,14.0,-10.0,14.0,-10.0,14.0,-9.0,14.0,-9.0,14.0,-9.0,14.0,-9.0,14.0,-8.0,13.0,-8.0,13.0
1.6508,122.0,-96.0,7.0,0.0,0.0,0.0,0.0,0.0,0.0,0.0,0.0,0.0,16.0,7.0,16.0,8.0,15.0,8.0,16.0,9.0,15.0,9.0,15.0,9.0,15.0,10.0,15.0,10.0,15.0,11.0,14.0,11.0,14.0,11.0,14.0,11.0,14.0,11.0,14.0,11.0,13.0,12.0,13.0,11.0,13.0,11.0,12.0,11.0,12.0,11.0,12.0,11.0,12.0,11.0,12.0,10.0,12.0,10.0,12.0,10.0,12.0,9.0,12.0,9.0
1.6646,122.0,-96.0,7.0,0.0,0.0,0.0,0.0,0.0,0.0,0.0,0.0,0.0,4.0,17.0,4.0,17.0,3.0,17.0,3.0,18.0,2.0,17.0,2.0,18.0,2.0,17.0,1.0,18.0,1.0,18.0,0.0,18.0,0.0,18.0,0.0,18.0,0.0,18.0,0.0,18.0,-1.0,18.0,0.0,17.0,-1.0,17.0,-1.0,16.0,-1.0,17.0,-1.0,16.0,-1.0,16.0,-1.0,16.0,-1.0,15.0,-1.0,15.0,0.0,15.0,0.0,15.0
1.677,122.0,-96.0,7.0,0.0,0.0,0.0,0.0,0.0,0.0,0.0,0.0,0.0,-20.0,-8.0,-16.0,-7.0,-11.0,-6.0,-6.0,-5.0,0.0,-5.0,6.0,-4.0,11.0,-5.0,16.0,-5.0,21.0,-5.0,25.0,-6.0,28.0,-6.0,29.0,-8.0,30.0,-9.0,30.0,-9.0,27.0,-9.0,24.0,-9.0,21.0,-8.0,16.0,-6.0,12.0,-3.0,7.0,-1.0,2.0,3.0,-2.0,6.0,-6.0,11.0,-10.0,15.0,-12.0,18.0,-13.0,21.0
1.69,122.0,-96.0,7.0,0.0,0.0,0.0,0.0,0.0,0.0,0.0,0.0,0.0,4.0,-1.0,4.0,5.0,4.0,10.0,5.0,16.0,6.0,20.0,7.0,24.0,8.0,27.0,8.0,29.0,9.0,29.0,9.0,28.0,9.0,26.0,8.0,24.0,7.0,21.0,5.0,16.0,3.0,13.0,0.0,7.0,-4.0,2.0,-8.0,-2.0,-12.0,-7.0,-15.0,-10.0,-19.0,-13.0,-22.0,-14.0,-25.0,-16.0,-26.0,-15.0,-27.0,-15.0,-27.0,-14.0
1.7041,122.0,-96.0,7.0,0.0,0.0,0.0,0.0,0.0,0.0,0.0,0.0,0.0,-11.0,19.0,-9.0,15.0,-7.0,8.0,-6.0,2.0,-5.0,-6.0,-3.0,-13.0,-4.0,-19.0,-3.0,-26.0,-4.0,-31.0,-4.0,-34.0,-5.0,-38.0,-6.0,-39.0,-7.0,-39.0,-7.0,-38.0,-7.0,-35.0,-7.0,-30.0,-6.0,-25.0,-4.0,-19.0,-2.0,-13.0,2.0,-7.0,6.0,-1.0,9.0,5.0,14.0,10.0,18.0,15.0,22.0,17.0,26.0,19.0
1.7174,122.0,-96.0,7.0,0.0,0.0,0.0,0.0,0.0,0.0,0.0,0.0,0.0,-1.0,-5.0,2.0,-9.0,5.0,-13.0,7.0,-16.0,10.0,-19.0,12.0,-22.0,12.0,-24.0,13.0,-25.0,12.0,-25.0,12.0,-25.0,10.0,-23.0,9.0,-20.0,8.0,-17.0,6.0,-13.0,5.0,-8.0,3.0,-3.0,3.0,2.0,3.0,7.0,2.0,13.0,3.0,17.0,4.0,21.0,5.0,23.0,5.0,26.0,7.0,25.0,7.0,25.0,8.0,24.0
1.7315,122.0,-96.0,7.0,0.0,0.0,0.0,0.0,0.0,0.0,0.0,0.0,0.0,-11.0,9.0,-11.0,9.0,-11.0,9.0,-12.0,9.0,-12.0,8.0,-12.0,8.0,-12.0,8.0,-13.0,8.0,-13.0,7.0,-13.0,7.0,-13.0,7.0,-13.0,7.0,-13.0,6.0,-13.0,6.0,-13.0,6.0,-13.0,6.0,-13.0,6.0,-13.0,5.0,-13.0,5.0,-12.0,5.0,-12.0,5.0,-12.0,5.0,-12.0,5.0,-12.0,5.0,-12.0,5.0,-11.0,5.0
1.7455,122.0,-96.0,7.0,0.0,0.0,0.0,0.0,0.0,0.0,0.0,0.0,0.0,-4.0,-2.0,-3.0,-7.0,-2.0,-12.0,-1.0,-18.0,-1.0,-22.0,-1.0,-27.0,-1.0,-28.0,-1.0,-31.0,-2.0,-31.0,-2.0,-31.0,-3.0,-29.0,-3.0,-27.0,-2.0,-23.0,-2.0,-18.0,0.0,-14.0,1.0,-8.0,3.0,-2.0,6.0,3.0,9.0,8.0,12.0,12.0,15.0,16.0,18.0,17.0,20.0,20.0,22.0,19.0,22.0,19.0,22.0,18.0
1.7617,122.0,-96.0,7.0,0.0,0.0,0.0,0.0,0.0,0.0,0.0,0.0,0.0,-15.0,-11.0,-15.0,-12.0,-15.0,-12.0,-14.0,-13.0,-14.0,-13.0,-14.0,-14.0,-14.0,-14.0,-13.0,-14.0,-13.0,-14.0,-12.0,-15.0,-12.0,-15.0,-12.0,-15.0,-12.0,-15.0,-11.0,-15.0,-11.0,-15.0,-11.0,-15.0,-10.0,-15.0,-10.0,-15.0,-10.0,-15.0,-10.0,-15.0,-10.0,-14.0,-10.0,-14.0,-10.0,-14.0,-10.0,-14.0,-9.0,-13.0,-10.0,-13.0
1.7745,122.0,-96.0,7.0,0.0,0.0,0.0,0.0,0.0,0.0,0.0,0.0,0.0,-4.0,-27.0,-2.0,-21.0,0.0,-13.0,3.0,-6.0,7.0,2.0,11.0,9.0,16.0,15.0,20.0,22.0,23.0,27.0,27.0,30.0,28.0,32.0,31.0,32.0,32.0,32.0,31.0,31.0,30.0,28.0,26.0,23.0,22.0,20.0,15.0,15.0,9.0,11.0,2.0,7.0,-7.0,4.0,-14.0,1.0,-22.0,-1.0,-29.0,-3.0,-34.0,-2.0,-39.0,-2.0
1.7884,122.0,-96.0,7.0,0.0,0.0,0.0,0.0,0.0,0.0,0.0,0.0,0.0,-13.0,12.0,-14.0,12.0,-14.0,12.0,-15.0,12.0,-15.0,11.0,-15.0,11.0,-15.0,11.0,-16.0,10.0,-16.0,10.0,-16.0,10.0,-16.0,9.0,-16.0,9.0,-16.0,9.0,-17.0,9.0,-17.0,8.0,-16.0,8.0,-16.0,8.0,-16.0,8.0,-16.0,7.0,-15.0,8.0,-15.0,8.0,-15.0,7.0,-15.0,7.0,-15.0,7.0,-14.0,7.0,-14.0,8.0
1.8047,122.0,-96.0,7.0,0.0,0.0,0.0,0.0,0.0,0.0,0.0,0.0,0.0,-18.0,-14.0,-18.0,-15.0,-18.0,-15.0,-18.0,-15.0,-17.0,-16.0,-17.0,-16.0,-16.0,-17.0,-16.0,-17.0,-15.0,-17.0,-15.0,-18.0,-15.0,-18.0,-14.0,-18.0,-14.0,-18.0,-14.0,-18.0,-13.0,-19.0,-13.0,-18.0,-13.0,-18.0,-12.0,-18.0,-12.0,-18.0,-12.0,-17.0,-12.0,-17.0,-12.0,-16.0,-11.0,-17.0,-12.0,-16.0,-11.0,-16.0,-12.0,-15.0
1.8201,122.0,-96.0,7.0,0.0,0.0,0.0,0.0,0.0,0.0,0.0,0.0,0.0,12.0,15.0,8.0,12.0,4.0,8.0,-1.0,4.0,-6.0,1.0,-11.0,-3.0,-17.0,-5.0,-21.0,-7.0,-26.0,-9.0,-30.0,-10.0,-32.0,-11.0,-34.0,-11.0,-34.0,-10.0,-33.0,-9.0,-30.0,-8.0,-27.0,-6.0,-22.0,-5.0,-17.0,-5.0,-11.0,-4.0,-5.0,-5.0,2.0,-5.0,8.0,-6.0,14.0,-7.0,20.0,-9.0,23.0,-11.0,26.0,-13.0
1.8355,122.0,-96.0,7.0,0.0,0.0,0.0,0.0,0.0,0.0,0.0,0.0,0.0,-20.0,-13.0,-22.0,-16.0,-25.0,-17.0,-25.0,-17.0,-26.0,-18.0,-25.0,-17.0,-23.0,-16.0,-20.0,-14.0,-17.0,-13.0,-12.0,-10.0,-8.0,-7.0,-2.0,-5.0,3.0,-3.0,9.0,-1.0,15.0,0.0,20.0,1.0,24.0,2.0,28.0,2.0,29.0,1.0,31.0,1.0,31.0,0.0,30.0,0.0,27.0,-1.0,23.0,-1.0,19.0,-2.0,14.0,-1.0
1.8482,122.0,-96.0,7.0,0.0,0.0,0.0,0.0,0.0,0.0,0.0,0.0,0.0,5.0,20.0,5.0,23.0,6.0,25.0,6.0,26.0,6.0,26.0,6.0,25.0,6.0,24.0,5.0,20.0,4.0,17.0,2.0,13.0,0.0,8.0,-2.0,4.0,-5.0,-1.0,-8.0,-6.0,-11.0,-10.0,-13.0,-13.0,-16.0,-16.0,-18.0,-18.0,-20.0,-19.0,-21.0,-20.0,-22.0,-19.0,-21.0,-18.0,-20.0,-16.0,-17.0,-14.0,-14.0,-11.0,-11.0,-9.0
1.8608,122.0,-96.0,7.0,0.0,0.0,0.0,0.0,0.0,0.0,0.0,0.0,0.0,15.0,8.0,16.0,9.0,15.0,9.0,15.0,10.0,15.0,10.0,15.0,10.0,14.0,10.0,14.0,11.0,14.0,12.0,14.0,12.0,14.0,12.0,14.0,12.0,13.0,12.0,13.0,12.0,13.0,12.0,12.0,12.0,12.0,13.0,12.0,12.0,12.0,12.0,12.0,11.0,12.0,12.0,11.0,11.0,11.0,11.0,11.0,11.0,11.0,10.0,11.0,9.0
1.8754,122.0,-96.0,7.0,0.0,0.0,0.0,0.0,0.0,0.0,0.0,0.0,0.0,6.0,19.0,4.0,15.0,2.0,10.0,-1.0,6.0,-4.0,1.0,-8.0,-3.0,-11.0,-7.0,-15.0,-11.0,-18.0,-15.0,-21.0,-17.0,-23.0,-19.0,-24.0,-20.0,-26.0,-19.0,-26.0,-19.0,-24.0,-18.0,-22.0,-15.0,-19.0,-13.0,-15.0,-11.0,-10.0,-8.0,-5.0,-6.0,1.0,-5.0,6.0,-3.0,12.0,-2.0,17.0,-1.0,21.0,-1.0,24.0,-2.0
1.8896,122.0,-96.0,7.0,0.0,0.0,0.0,0.0,0.0,0.0,0.0,0.0,0.0,14.0,10.0,14.0,11.0,14.0,11.0,14.0,12.0,14.0,12.0,14.0,12.0,13.0,13.0,12.0,13.0,12.0,13.0,12.0,14.0,12.0,14.0,12.0,14.0,11.0,14.0,11.0,14.0,10.0,14.0,11.0,14.0,10.0,14.0,10.0,14.0,10.0,14.0,10.0,13.0,9.0,13.0,10.0,13.0,9.0,13.0,10.0,12.0,10.0,12.0,9.0,11.0
1.9029,122.0,-96.0,7.0,0.0,0.0,0.0,0.0,0.0,0.0,0.0,0.0,0.0,-2.0,-29.0,-2.0,-30.0,-1.0,-28.0,-2.0,-26.0,-1.0,-22.0,0.0,-18.0,1.0,-13.0,2.0,-7.0,3.0,-2.0,5.0,4.0,7.0,9.0,9.0,14.0,11.0,18.0,13.0,22.0,14.0,25.0,15.0,27.0,16.0,26.0,16.0,26.0,16.0,24.0,15.0,21.0,12.0,17.0,9.0,14.0,5.0,10.0,1.0,6.0,-3.0,2.0,-7.0,-1.0
1.9175,122.0,-96.0,7.0,0.0,0.0,0.0,0.0,0.0,0.0,0.0,0.0,0.0,21.0,-8.0,17.0,-7.0,12.0,-4.0,7.0,-1.0,2.0,3.0,-3.0,7.0,-7.0,11.0,-12.0,16.0,-16.0,19.0,-18.0,23.0,-20.0,25.0,-20.0,27.0,-20.0,29.0,-19.0,29.0,-18.0,27.0,-15.0,24.0,-13.0,21.0,-11.0,16.0,-8.0,11.0,-6.0,5.0,-5.0,-1.0,-4.0,-8.0,-4.0,-14.0,-3.0,-20.0,-4.0,-24.0,-6.0,-28.0
1.931,122.0,-96.0,7.0,0.0,0.0,0.0,0.0,0.0,0.0,0.0,0.0,0.0,-22.0,4.0,-22.0,3.0,-22.0,3.0,-23.0,3.0,-23.0,2.0,-24.0,1.0,-23.0,1.0,-23.0,0.0,-23.0,0.0,-23.0,-1.0,-23.0,-2.0,-23.0,-2.0,-23.0,-2.0,-23.0,-2.0,-22.0,-3.0,-22.0,-2.0,-22.0,-3.0,-22.0,-3.0,-22.0,-3.0,-21.0,-3.0,-21.0,-3.0,-20.0,-2.0,-20.0,-3.0,-20.0,-3.0,-19.0,-2.0,-19.0,-2.0
1.9447,122.0,-96.0,7.0,0.0,0.0,0.0,0.0,0.0,0.0,0.0,0.0,0.0,-5.0,-26.0,-3.0,-21.0,-1.0,-15.0,1.0,-9.0,4.0,-2.0,7.0,4.0,11.0,10.0,14.0,16.0,18.0,21.0,21.0,24.0,23.0,27.0,25.0,28.0,27.0,28.0,27.0,28.0,25.0,25.0,23.0,22.0,20.0,19.0,15.0,15.0,10.0,11.0,4.0,7.0,-3.0,4.0,-9.0,1.0,-16.0,-1.0,-23.0,-4.0,-28.0,-3.0,-32.0,-3.0
1.9586,122.0,-96.0,7.0,0.0,0.0,0.0,0.0,0.0,0.0,0.0,0.0,0.0,-6.0,-1.0,-6.0,-8.0,-6.0,-15.0,-7.0,-21.0,-8.0,-27.0,-9.0,-32.0,-10.0,-35.0,-11.0,-38.0,-12.0,-38.0,-12.0,-37.0,-12.0,-35.0,-11.0,-32.0,-9.0,-28.0,-7.0,-22.0,-4.0,-16.0,-1.0,-9.0,4.0,-3.0,8.0,2.0,13.0,8.0,18.0,12.0,23.0,16.0,26.0,17.0,30.0,20.0,31.0,19.0,32.0,18.0,31.0,17.0
1.9697,122.0,-96.0,7.0,0.0,0.0,0.0,0.0,0.0,0.0,0.0,0.0,0.0,-17.0,-12.0,-12.0,-10.0,-7.0,-7.0,-2.0,-5.0,5.0,-3.0,11.0,-2.0,16.0,-1.0,22.0,0.0,26.0,0.0,31.0,0.0,33.0,1.0,34.0,0.0,34.0,-1.0,33.0,-1.0,30.0,-2.0,26.0,-3.0,22.0,-2.0,16.0,-1.0,10.0,1.0,5.0,2.0,-1.0,5.0,-6.0,7.0,-13.0,11.0,-17.0,13.0,-20.0,16.0,-22.0,19.0
1.9837,122.0,-96.0,7.0,0.0,0.0,0.0,0.0,0.0,0.0,0.0,0.0,0.0,-6.0,19.0,-5.0,14.0,-5.0,8.0,-5.0,2.0,-5.0,-4.0,-5.0,-11.0,-7.0,-16.0,-7.0,-22.0,-9.0,-26.0,-10.0,-30.0,-10.0,-33.0,-12.0,-34.0,-12.0,-34.0,-12.0,-32.0,-12.0,-29.0,-11.0,-25.0,-9.0,-21.0,-7.0,-16.0,-3.0,-11.0,0.0,-6.0,5.0,-2.0,9.0,3.0,14.0,7.0,18.0,11.0,22.0,12.0,25.0,13.0
1.9977,122.0,-96.0,7.0,0.0,0.0,0.0,0.0,0.0,0.0,0.0,0.0,0.0,-16.0,9.0,-16.0,8.0,-17.0,8.0,-17.0,8.0,-18.0,7.0,-18.0,7.0,-18.0,7.0,-18.0,7.0,-18.0,7.0,-19.0,5.0,-19.0,5.0,-19.0,5.0,-18.0,5.0,-18.0,4.0,-18.0,4.0,-18.0,5.0,-17.0,4.0,-18.0,4.0,-18.0,4.0,-17.0,4.0,-17.0,4.0,-16.0,4.0,-17.0,4.0,-16.0,4.0,-16.0,3.0,-15.0,4.0
2.0119,122.0,-96.0,7.0,0.0,0.0,0.0,0.0,0.0,0.0,0.0,0.0,0.0,-3.0,-18.0,-2.0,-19.0,-2.0,-19.0,-2.0,-19.0,-1.0,-19.0,0.0,-20.0,0.0,-19.0,1.0,-19.0,1.0,-19.0,1.0,-19.0,1.0,-20.0,2.0,-19.0,2.0,-19.0,2.0,-19.0,2.0,-19.0,2.0,-18.0,3.0,-18.0,3.0,-18.0,2.0,-18.0,3.0,-18.0,3.0,-17.0,3.0,-17.0,2.0,-17.0,2.0,-17.0,2.0,-16.0,1.0,-16.0
2.0297,122.0,-96.0,7.0,0.0,0.0,0.0,0.0,0.0,0.0,0.0,0.0,0.0,-12.0,-13.0,-12.0,-14.0,-12.0,-14.0,-12.0,-14.0,-11.0,-15.0,-11.0,-15.0,-10.0,-15.0,-10.0,-15.0,-10.0,-16.0,-9.0,-16.0,-9.0,-16.0,-9.0,-16.0,-9.0,-16.0,-8.0,-16.0,-8.0,-16.0,-8.0,-16.0,-8.0,-15.0,-7.0,-16.0,-7.0,-16.0,-7.0,-15.0,-7.0,-15.0,-7.0,-15.0,-7.0,-15.0,-7.0,-14.0,-8.0,-14.0,-8.0,-13.0
2.0434,122.0,-96.0,7.0,0.0,0.0,0.0,0.0,0.0,0.0,0.0,0.0,0.0,7.0,1.0,10.0,7.0,13.0,13.0,17.0,17.0,20.0,21.0,23.0,25.0,25.0,26.0,27.0,28.0,28.0,27.0,27.0,25.0,25.0,23.0,22.0,20.0,18.0,17.0,13.0,13.0,7.0,10.0,1.0,6.0,-6.0,2.0,-12.0,0.0,-19.0,-2.0,-25.0,-3.0,-31.0,-4.0,-34.0,-3.0,-38.0,-3.0,-38.0,-1.0,-38.0,0.0,-36.0,1.0
2.0564,122.0,-96.0,7.0,0.0,0.0,0.0,0.0,0.0,0.0,0.0,0.0,0.0,-15.0,6.0,-15.0,6.0,-15.0,6.0,-16.0,6.0,-16.0,5.0,-16.0,5.0,-16.0,5.0,-16.0,4.0,-16.0,4.0,-16.0,4.0,-17.0,3.0,-17.0,3.0,-17.0,3.0,-16.0,2.0,-17.0,3.0,-16.0,2.0,-16.0,2.0,-16.0,2.0,-16.0,2.0,-15.0,2.0,-15.0,2.0,-15.0,2.0,-14.0,2.0,-14.0,2.0,-14.0,2.0,-14.0,3.0
2.0698,122.0,-96.0,7.0,0.0,0.0,0.0,0.0,0.0,0.0,0.0,0.0,0.0,5.0,18.0,6.0,21.0,6.0,24.0,7.0,25.0,7.0,26.0,7.0,26.0,6.0,24.0,6.0,22.0,4.0,19.0,3.0,15.0,2.0,11.0,-1.0,6.0,-4.0,1.0,-6.0,-4.0,-10.0,-8.0,-12.0,-11.0,-16.0,-15.0,-18.0,-17.0,-20.0,-18.0,-21.0,-19.0,-22.0,-18.0,-22.0,-18.0,-20.0,-16.0,-19.0,-14.0,-16.0,-11.0,-12.0,-9.0
2.0851,122.0,-96.0,7.0,0.0,0.0,0.0,0.0,0.0,0.0,0.0,0.0,0.0,-22.0,-1.0,-23.0,-1.0,-23.0,-2.0,-23.0,-2.0,-23.0,-3.0,-23.0,-4.0,-23.0,-4.0,-24.0,-5.0,-23.0,-5.0,-23.0,-5.0,-23.0,-5.0,-23.0,-6.0,-22.0,-6.0,-23.0,-6.0,-22.0,-7.0,-21.0,-7.0,-22.0,-8.0,-21.0,-7.0,-21.0,-8.0,-20.0,-7.0,-20.0,-7.0,-20.0,-6.0,-19.0,-6.0,-19.0,-6.0,-19.0,-6.0,-19.0,-5.0
2.1001,122.0,-96.0,7.0,0.0,0.0,0.0,0.0,0.0,0.0,0.0,0.0,0.0,17.0,14.0,13.0,11.0,7.0,8.0,0.0,5.0,-6.0,2.0,-14.0,0.0,-19.0,0.0,-26.0,-2.0,-31.0,-3.0,-35.0,-3.0,-38.0,-3.0,-39.0,-2.0,-39.0,-1.0,-38.0,-1.0,-36.0,0.0,-30.0,1.0,-26.0,0.0,-20.0,-1.0,-13.0,-2.0,-6.0,-3.0,0.0,-7.0,7.0,-9.0,13.0,-12.0,19.0,-16.0,21.0,-19.0,24.0,-23.0
2.1142,122.0,-96.0,7.0,0.0,0.0,0.0,0.0,0.0,0.0,0.0,0.0,0.0,23.0,-2.0,27.0,-1.0,28.0,-1.0,30.0,-1.0,29.0,-1.0,29.0,-1.0,27.0,-1.0,23.0,-1.0,20.0,0.0,14.0,0.0,9.0,1.0,4.0,2.0,-2.0,4.0,-8.0,6.0,-13.0,8.0,-17.0,10.0,-22.0,12.0,-24.0,14.0,-26.0,16.0,-27.0,16.0,-26.0,17.0,-26.0,16.0,-23.0,16.0,-19.0,14.0,-16.0,12.0,-12.0,8.0
2.1281,122.0,-96.0,7.0,0.0,0.0,0.0,0.0,0.0,0.0,0.0,0.0,0.0,5.0,3.0,6.0,9.0,8.0,14.0,9.0,19.0,11.0,23.0,12.0,27.0,14.0,29.0,15.0,31.0,16.0,30.0,15.0,29.0,14.0,26.0,12.0,23.0,10.0,20.0,7.0,15.0,3.0,11.0,0.0,5.0,-6.0,0.0,-11.0,-4.0,-15.0,-8.0,-19.0,-10.0,-25.0,-12.0,-28.0,-13.0,-31.0,-14.0,-31.0,-13.0,-31.0,-12.0,-31.0,-11.0
2.1428,122.0,-96.0,7.0,0.0,0.0,0.0,0.0,0.0,0.0,0.0,0.0,0.0,2.0,26.0,2.0,26.0,1.0,24.0,1.0,22.0,1.0,19.0,0.0,15.0,-1.0,11.0,-2.0,5.0,-3.0,1.0,-6.0,-4.0,-8.0,-9.0,-10.0,-13.0,-12.0,-16.0,-14.0,-20.0,-15.0,-23.0,-16.0,-24.0,-17.0,-24.0,-17.0,-23.0,-16.0,-21.0,-15.0,-19.0,-13.0,-15.0,-10.0,-13.0,-7.0,-10.0,-3.0,-7.0,2.0,-3.0,6.0,-1.0
2.1575,122.0,-96.0,7.0,0.0,0.0,0.0,0.0,0.0,0.0,0.0,0.0,0.0,-17.0,-11.0,-19.0,-13.0,-21.0,-14.0,-22.0,-15.0,-23.0,-16.0,-23.0,-16.0,-21.0,-15.0,-19.0,-14.0,-17.0,-13.0,-13.0,-10.0,-9.0,-8.0,-4.0,-6.0,1.0,-4.0,6.0,-2.0,11.0,-1.0,15.0,1.0,20.0,1.0,23.0,2.0,25.0,2.0,28.0,2.0,28.0,1.0,27.0,1.0,25.0,0.0,22.0,-1.0,18.0,-1.0,14.0,-1.0
2.1708,122.0,-96.0,7.0,0.0,0.0,0.0,0.0,0.0,0.0,0.0,0.0,0.0,21.0,1.0,25.0,3.0,27.0,3.0,29.0,3.0,30.0,3.0,29.0,3.0,28.0,3.0,25.0,2.0,22.0,3.0,17.0,2.0,12.0,2.0,6.0,2.0,0.0,3.0,-6.0,4.0,-12.0,6.0,-17.0,7.0,-21.0,9.0,-24.0,11.0,-27.0,12.0,-28.0,13.0,-28.0,14.0,-28.0,14.0,-26.0,13.0,-22.0,13.0,-18.0,11.0,-14.0,8.0
2.1854,122.0,-96.0,7.0,0.0,0.0,0.0,0.0,0.0,0.0,0.0,0.0,0.0,8.0,-17.0,9.0,-17.0,9.0,-16.0,9.0,-16.0,10.0,-16.0,11.0,-16.0,11.0,-15.0,11.0,-15.0,11.0,-15.0,12.0,-15.0,12.0,-15.0,12.0,-14.0,12.0,-14.0,12.0,-14.0,12.0,-14.0,12.0,-14.0,12.0,-13.0,12.0,-13.0,12.0,-13.0,11.0,-13.0,11.0,-12.0,11.0,-13.0,11.0,-12.0,10.0,-12.0,10.0,-12.0,10.0,-12.0
2.1992,122.0,-96.0,7.0,0.0,0.0,0.0,0.0,0.0,0.0,0.0,0.0,0.0,20.0,7.0,20.0,8.0,20.0,8.0,20.0,9.0,20.0,10.0,19.0,10.0,19.0,10.0,19.0,11.0,19.0,12.0,19.0,12.0,18.0,12.0,18.0,12.0,18.0,12.0,18.0,13.0,17.0,13.0,17.0,12.0,17.0,13.0,16.0,13.0,15.0,12.0,16.0,12.0,15.0,12.0,15.0,11.0,15.0,11.0,15.0,11.0,15.0,11.0,15.0,10.0
2.2128,122.0,-96.0,7.0,0.0,0.0,0.0,0.0,0.0,0.0,0.0,0.0,0.0,4.0,3.0,-1.0,9.0,-6.0,14.0,-9.0,19.0,-12.0,24.0,-14.0,29.0,-14.0,32.0,-16.0,35.0,-14.0,36.0,-14.0,35.0,-13.0,34.0,-12.0,30.0,-11.0,26.0,-8.0,21.0,-7.0,14.0,-6.0,7.0,-5.0,-1.0,-6.0,-8.0,-6.0,-15.0,-8.0,-21.0,-10.0,-27.0,-12.0,-30.0,-13.0,-35.0,-15.0,-35.0,-16.0,-35.0,-17.0,-33.0
2.2278,122.0,-96.0,7.0,0.0,0.0,0.0,0.0,0.0,0.0,0.0,0.0,0.0,17.0,-19.0,17.0,-19.0,16.0,-18.0,14.0,-16.0,12.0,-13.0,9.0,-9.0,7.0,-5.0,4.0,-1.0,1.0,4.0,-1.0,8.0,-2.0,13.0,-4.0,17.0,-5.0,20.0,-6.0,24.0,-7.0,26.0,-7.0,28.0,-6.0,27.0,-6.0,26.0,-5.0,24.0,-4.0,21.0,-3.0,17.0,-3.0,13.0,-3.0,9.0,-3.0,3.0,-4.0,-2.0,-6.0,-6.0
2.2433,122.0,-96.0,7.0,0.0,0.0,0.0,0.0,0.0,0.0,0.0,0.0,0.0,12.0,-13.0,13.0,-12.0,13.0,-12.0,14.0,-12.0,14.0,-12.0,14.0,-12.0,14.0,-11.0,15.0,-11.0,15.0,-11.0,15.0,-10.0,15.0,-10.0,15.0,-10.0,15.0,-10.0,15.0,-9.0,15.0,-9.0,15.0,-9.0,15.0,-9.0,15.0,-8.0,15.0,-8.0,14.0,-8.0,14.0,-8.0,14.0,-8.0,14.0,-8.0,13.0,-8.0,13.0,-8.0,13.0,-8.0
2.2571,122.0,-96.0,7.0,0.0,0.0,0.0,0.0,0.0,0.0,0.0,0.0,0.0,7.0,22.0,5.0,17.0,3.0,12.0,0.0,7.0,-4.0,2.0,-8.0,-4.0,-12.0,-7.0,-16.0,-12.0,-20.0,-16.0,-23.0,-18.0,-26.0,-21.0,-28.0,-21.0,-29.0,-21.0,-29.0,-20.0,-27.0,-18.0,-25.0,-15.0,-21.0,-14.0,-17.0,-11.0,-12.0,-9.0,-6.0,-6.0,1.0,-5.0,7.0,-4.0,13.0,-3.0,20.0,-2.0,24.0,-3.0,27.0,-4.0
2.271,122.0,-96.0,7.0,0.0,0.0,0.0,0.0,0.0,0.0,0.0,0.0,0.0,-2.0,17.0,-2.0,18.0,-2.0,18.0,-3.0,18.0,-4.0,18.0,-4.0,18.0,-4.0,17.0,-5.0,17.0,-5.0,17.0,-6.0,17.0,-6.0,17.0,-6.0,17.0,-6.0,17.0,-7.0,17.0,-7.0,16.0,-7.0,16.0,-7.0,16.0,-7.0,16.0,-7.0,15.0,-7.0,15.0,-6.0,15.0,-6.0,15.0,-6.0,14.0,-6.0,14.0,-6.0,14.0,-5.0,14.0
2.2869,122.0,-96.0,7.0,0.0,0.0,0.0,0.0,0.0,0.0,0.0,0.0,0.0,-6.0,0.0,-10.0,-3.0,-14.0,-7.0,-18.0,-9.0,-21.0,-12.0,-24.0,-14.0,-27.0,-14.0,-28.0,-16.0,-28.0,-14.0,-27.0,-14.0,-25.0,-12.0,-23.0,-11.0,-19.0,-10.0,-14.0,-8.0,-9.0,-7.0,-4.0,-5.0,3.0,-4.0,8.0,-4.0,14.0,-3.0,19.0,-4.0,23.0,-5.0,26.0,-6.0,29.0,-6.0,28.0,-8.0,28.0,-9.0,27.0,-9.0
2.3001,122.0,-96.0,7.0,0.0,0.0,0.0,0.0,0.0,0.0,0.0,0.0,0.0,0.0,21.0,-1.0,24.0,-1.0,28.0,-1.0,29.0,-1.0,30.0,-1.0,30.0,-1.0,28.0,0.0,25.0,-1.0,22.0,-1.0,17.0,-2.0,12.0,-3.0,6.0,-4.0,1.0,-6.0,-6.0,-8.0,-11.0,-10.0,-16.0,-12.0,-20.0,-14.0,-23.0,-16.0,-25.0,-17.0,-27.0,-18.0,-26.0,-18.0,-26.0,-18.0,-23.0,-16.0,-20.0,-14.0,-17.0,-11.0,-13.0
2.3139,122.0,-96.0,7.0,0.0,0.0,0.0,0.0,0.0,0.0,0.0,0.0,0.0,14.0,-22.0,16.0,-25.0,17.0,-27.0,17.0,-28.0,19.0,-29.0,18.0,-28.0,16.0,-26.0,14.0,-23.0,13.0,-19.0,10.0,-14.0,7.0,-9.0,5.0,-3.0,3.0,3.0,1.0,11.0,0.0,16.0,-1.0,22.0,-1.0,27.0,-1.0,30.0,0.0,32.0,0.0,34.0,1.0,34.0,2.0,33.0,2.0,30.0,2.0,26.0,2.0,21.0,1.0,16.0
2.3272,122.0,-96.0,7.0,0.0,0.0,0.0,0.0,0.0,0.0,0.0,0.0,0.0,-19.0,1.0,-14.0,0.0,-9.0,-1.0,-4.0,-3.0,1.0,-5.0,7.0,-8.0,10.0,-11.0,15.0,-14.0,19.0,-16.0,21.0,-18.0,23.0,-19.0,23.0,-21.0,23.0,-21.0,22.0,-21.0,20.0,-20.0,16.0,-17.0,14.0,-15.0,10.0,-11.0,8.0,-6.0,5.0,-2.0,3.0,4.0,0.0,9.0,-2.0,14.0,-3.0,19.0,-3.0,22.0,-3.0,26.0
2.3409,122.0,-96.0,7.0,0.0,0.0,0.0,0.0,0.0,0.0,0.0,0.0,0.0,16.0,-1.0,17.0,-1.0,17.0,-1.0,17.0,0.0,17.0,1.0,17.0,1.0,17.0,1.0,17.0,2.0,17.0,2.0,17.0,3.0,17.0,3.0,17.0,3.0,16.0,3.0,17.0,4.0,16.0,4.0,16.0,4.0,16.0,4.0,16.0,4.0,15.0,4.0,15.0,4.0,15.0,3.0,15.0,3.0,14.0,3.0,14.0,3.0,14.0,3.0,14.0,3.0
2.3552,122.0,-96.0,7.0,0.0,0.0,0.0,0.0,0.0,0.0,0.0,0.0,0.0,22.0,6.0,17.0,5.0,12.0,4.0,6.0,4.0,-1.0,4.0,-7.0,4.0,-13.0,5.0,-19.0,6.0,-24.0,6.0,-28.0,8.0,-32.0,8.0,-33.0,10.0,-33.0,11.0,-33.0,11.0,-31.0,11.0,-27.0,10.0,-24.0,9.0,-19.0,6.0,-14.0,4.0,-9.0,0.0,-4.0,-4.0,1.0,-8.0,6.0,-13.0,10.0,-17.0,12.0,-21.0,12.0,-25.0
2.369,122.0,-96.0,7.0,0.0,0.0,0.0,0.0,0.0,0.0,0.0,0.0,0.0,15.0,6.0,15.0,7.0,15.0,7.0,15.0,8.0,15.0,8.0,14.0,9.0,15.0,9.0,14.0,9.0,14.0,9.0,14.0,10.0,14.0,10.0,13.0,10.0,13.0,10.0,13.0,11.0,12.0,11.0,12.0,10.0,12.0,10.0,12.0,11.0,11.0,10.0,12.0,9.0,11.0,9.0,11.0,9.0,11.0,10.0,11.0,9.0,11.0,9.0,11.0,8.0
2.3838,122.0,-96.0,7.0,0.0,0.0,0.0,0.0,0.0,0.0,0.0,0.0,0.0,-7.0,-1.0,-11.0,-5.0,-14.0,-9.0,-18.0,-13.0,-22.0,-16.0,-25.0,-19.0,-27.0,-19.0,-29.0,-21.0,-29.0,-20.0,-28.0,-19.0,-26.0,-17.0,-23.0,-15.0,-19.0,-13.0,-15.0,-10.0,-9.0,-9.0,-3.0,-6.0,4.0,-4.0,10.0,-3.0,16.0,-1.0,22.0,-1.0,27.0,-2.0,29.0,-3.0,32.0,-3.0,33.0,-4.0,32.0,-5.0,31.0,-6.0
2.3979,122.0,-96.0,7.0,0.0,0.0,0.0,0.0,0.0,0.0,0.0,0.0,0.0,10.0,-31.0,10.0,-30.0,9.0,-28.0,8.0,-25.0,8.0,-21.0,6.0,-15.0,5.0,-9.0,4.0,-3.0,4.0,3.0,4.0,9.0,4.0,15.0,4.0,21.0,5.0,25.0,6.0,30.0,6.0,32.0,6.0,35.0,7.0,34.0,7.0,33.0,7.0,29.0,7.0,26.0,6.0,21.0,4.0,16.0,1.0,11.0,-2.0,5.0,-5.0,0.0,-9.0,-5.0
2.4125,122.0,-96.0,7.0,0.0,0.0,0.0,0.0,0.0,0.0,0.0,0.0,0.0,-4.0,-24.0,-4.0,-27.0,-5.0,-29.0,-5.0,-30.0,-4.0,-31.0,-4.0,-30.0,-4.0,-28.0,-4.0,-24.0,-2.0,-21.0,-1.0,-16.0,0.0,-11.0,2.0,-5.0,4.0,0.0,7.0,6.0,9.0,11.0,12.0,15.0,14.0,19.0,17.0,22.0,18.0,23.0,20.0,24.0,20.0,23.0,19.0,22.0,18.0,20.0,16.0,17.0,13.0,13.0,9.0,10.0
2.4257,122.0,-96.0,7.0,0.0,0.0,0.0,0.0,0.0,0.0,0.0,0.0,0.0,19.0,-5.0,14.0,-3.0,9.0,-1.0,4.0,2.0,-2.0,5.0,-7.0,9.0,-11.0,12.0,-16.0,16.0,-19.0,19.0,-22.0,22.0,-24.0,23.0,-24.0,25.0,-24.0,26.0,-23.0,25.0,-21.0,23.0,-17.0,21.0,-15.0,17.0,-12.0,12.0,-9.0,7.0,-6.0,2.0,-4.0,-4.0,-2.0,-10.0,0.0,-17.0,1.0,-22.0,0.0,-27.0,-1.0,-30.0
2.4393,122.0,-96.0,7.0,0.0,0.0,0.0,0.0,0.0,0.0,0.0,0.0,0.0,20.0,16.0,19.0,16.0,19.0,16.0,17.0,14.0,14.0,13.0,11.0,10.0,7.0,8.0,3.0,5.0,-2.0,3.0,-7.0,1.0,-11.0,-1.0,-16.0,-2.0,-20.0,-3.0,-24.0,-5.0,-26.0,-5.0,-29.0,-6.0,-29.0,-5.0,-29.0,-4.0,-26.0,-3.0,-24.0,-2.0,-20.0,-2.0,-16.0,-2.0,-12.0,-2.0,-6.0,-3.0,-1.0,-4.0,3.0,-5.0
2.453,122.0,-96.0,7.0,0.0,0.0,0.0,0.0,0.0,0.0,0.0,0.0,0.0,21.0,8.0,24.0,10.0,26.0,11.0,27.0,11.0,28.0,11.0,27.0,11.0,25.0,10.0,22.0,9.0,19.0,8.0,13.0,6.0,8.0,5.0,2.0,4.0,-3.0,3.0,-10.0,3.0,-15.0,3.0,-20.0,3.0,-25.0,4.0,-28.0,5.0,-30.0,5.0,-31.0,6.0,-31.0,7.0,-30.0,7.0,-27.0,7.0,-23.0,7.0,-19.0,5.0,-15.0,4.0
2.4662,122.0,-96.0,7.0,0.0,0.0,0.0,0.0,0.0,0.0,0.0,0.0,0.0,22.0,4.0,22.0,4.0,22.0,5.0,22.0,5.0,23.0,6.0,22.0,7.0,22.0,7.0,22.0,8.0,21.0,7.0,22.0,9.0,21.0,9.0,21.0,9.0,20.0,9.0,20.0,10.0,19.0,10.0,19.0,10.0,19.0,10.0,19.0,11.0,18.0,10.0,18.0,10.0,18.0,9.0,18.0,9.0,17.0,9.0,17.0,9.0,17.0,8.0,17.0,8.0
2.4806,122.0,-96.0,7.0,0.0,0.0,0.0,0.0,0.0,0.0,0.0,0.0,0.0,16.0,-13.0,19.0,-15.0,20.0,-16.0,21.0,-17.0,21.0,-17.0,21.0,-17.0,20.0,-15.0,16.0,-14.0,15.0,-12.0,11.0,-8.0,8.0,-5.0,4.0,-1.0,1.0,4.0,-2.0,8.0,-5.0,13.0,-7.0,17.0,-8.0,20.0,-9.0,23.0,-10.0,25.0,-10.0,26.0,-9.0,26.0,-8.0,25.0,-7.0,24.0,-6.0,20.0,-5.0,17.0,-4.0,12.0
2.4941,122.0,-96.0,7.0,0.0,0.0,0.0,0.0,0.0,0.0,0.0,0.0,0.0,-17.0,13.0,-18.0,13.0,-17.0,12.0,-18.0,12.0,-19.0,12.0,-19.0,12.0,-19.0,12.0,-20.0,11.0,-19.0,11.0,-20.0,11.0,-19.0,11.0,-20.0,11.0,-20.0,11.0,-20.0,11.0,-21.0,10.0,-20.0,10.0,-21.0,10.0,-21.0,10.0,-21.0,10.0,-20.0,10.0,-21.0,10.0,-20.0,10.0,-21.0,10.0,-20.0,10.0,-19.0,10.0,-19.0,10.0
2.5068,122.0,-96.0,7.0,0.0,0.0,0.0,0.0,0.0,0.0,0.0,0.0,0.0,5.0,-2.0,10.0,-1.0,14.0,1.0,19.0,3.0,23.0,4.0,27.0,5.0,29.0,4.0,31.0,5.0,30.0,4.0,29.0,4.0,27.0,3.0,24.0,2.0,20.0,2.0,15.0,2.0,10.0,3.0,4.0,3.0,-2.0,4.0,-8.0,6.0,-13.0,7.0,-18.0,9.0,-22.0,11.0,-23.0,13.0,-26.0,15.0,-25.0,17.0,-25.0,17.0,-23.0,17.0
2.5204,122.0,-96.0,7.0,0.0,0.0,0.0,0.0,0.0,0.0,0.0,0.0,0.0,-15.0,11.0,-12.0,7.0,-8.0,3.0,-5.0,-1.0,-2.0,-6.0,1.0,-10.0,3.0,-15.0,6.0,-19.0,7.0,-23.0,9.0,-27.0,10.0,-29.0,9.0,-30.0,9.0,-31.0,8.0,-29.0,7.0,-27.0,5.0,-24.0,4.0,-20.0,4.0,-15.0,3.0,-10.0,3.0,-4.0,4.0,1.0,5.0,7.0,6.0,13.0,7.0,18.0,9.0,21.0,11.0,23.0
2.534,122.0,-96.0,7.0,0.0,0.0,0.0,0.0,0.0,0.0,0.0,0.0,0.0,-2.0,-5.0,0.0,-11.0,2.0,-15.0,4.0,-20.0,5.0,-24.0,5.0,-27.0,5.0,-29.0,6.0,-31.0,5.0,-31.0,4.0,-30.0,4.0,-28.0,3.0,-25.0,3.0,-21.0,2.0,-16.0,3.0,-11.0,3.0,-5.0,4.0,1.0,5.0,7.0,7.0,13.0,9.0,17.0,11.0,21.0,13.0,23.0,15.0,25.0,16.0,25.0,16.0,24.0,16.0,23.0
2.5475,122.0,-96.0,7.0,0.0,0.0,0.0,0.0,0.0,0.0,0.0,0.0,0.0,16.0,7.0,16.0,7.0,16.0,8.0,16.0,8.0,16.0,9.0,16.0,9.0,16.0,9.0,16.0,9.0,15.0,9.0,15.0,11.0,15.0,11.0,15.0,11.0,14.0,11.0,14.0,11.0,14.0,11.0,14.0,11.0,14.0,11.0,14.0,11.0,13.0,11.0,13.0,10.0,13.0,10.0,13.0,9.0,12.0,10.0,12.0,9.0,12.0,9.0,12.0,8.0
2.5627,122.0,-96.0,7.0,0.0,0.0,0.0,0.0,0.0,0.0,0.0,0.0,0.0,12.0,-15.0,14.0,-17.0,16.0,-20.0,16.0,-21.0,17.0,-22.0,17.0,-21.0,16.0,-20.0,15.0,-19.0,13.0,-16.0,10.0,-13.0,8.0,-9.0,5.0,-4.0,3.0,1.0,0.0,6.0,-1.0,11.0,-3.0,16.0,-4.0,20.0,-4.0,23.0,-4.0,25.0,-4.0,28.0,-3.0,28.0,-3.0,27.0,-2.0,26.0,-1.0,22.0,-1.0,18.0,-1.0,14.0
2.577,122.0,-96.0,7.0,0.0,0.0,0.0,0.0,0.0,0.0,0.0,0.0,0.0,15.0,-6.0,15.0,-5.0,15.0,-5.0,16.0,-5.0,16.0,-4.0,16.0,-4.0,16.0,-4.0,16.0,-3.0,16.0,-3.0,16.0,-2.0,16.0,-2.0,16.0,-2.0,16.0,-2.0,16.0,-1.0,16.0,-1.0,15.0,-1.0,15.0,-1.0,15.0,-1.0,15.0,-1.0,15.0,-1.0,15.0,-1.0,14.0,-1.0,14.0,-1.0,14.0,-1.0,13.0,-1.0,13.0,-2.0
2.591,122.0,-96.0,7.0,0.0,0.0,0.0,0.0,0.0,0.0,0.0,0.0,0.0,18.0,-15.0,21.0,-16.0,23.0,-18.0,23.0,-18.0,24.0,-19.0,23.0,-18.0,22.0,-17.0,19.0,-15.0,17.0,-12.0,12.0,-9.0,9.0,-5.0,5.0,0.0,1.0,4.0,-3.0,9.0,-5.0,14.0,-8.0,18.0,-10.0,23.0,-10.0,26.0,-11.0,28.0,-11.0,29.0,-10.0,29.0,-9.0,28.0,-8.0,26.0,-6.0,23.0,-5.0,19.0,-4.0,14.0
2.604,122.0,-96.0,7.0,0.0,0.0,0.0,0.0,0.0,0.0,0.0,0.0,0.0,0.0,15.0,0.0,16.0,0.0,16.0,-1.0,16.0,-1.0,16.0,-2.0,16.0,-2.0,16.0,-2.0,16.0,-3.0,16.0,-3.0,16.0,-3.0,16.0,-4.0,16.0,-4.0,15.0,-4.0,15.0,-4.0,15.0,-4.0,15.0,-5.0,15.0,-4.0,15.0,-5.0,14.0,-4.0,14.0,-4.0,14.0,-4.0,13.0,-4.0,13.0,-4.0,13.0,-4.0,13.0,-3.0,13.0
2.6163,122.0,-96.0,7.0,0.0,0.0,0.0,0.0,0.0,0.0,0.0,0.0,0.0,18.0,-6.0,18.0,-6.0,18.0,-6.0,18.0,-6.0,20.0,-6.0,19.0,-6.0,20.0,-5.0,20.0,-5.0,20.0,-5.0,20.0,-5.0,20.0,-5.0,20.0,-5.0,20.0,-5.0,20.0,-4.0,21.0,-4.0,21.0,-4.0,21.0,-4.0,21.0,-3.0,21.0,-4.0,21.0,-4.0,21.0,-4.0,21.0,-4.0,21.0,-4.0,20.0,-4.0,20.0,-4.0,20.0,-4.0
2.6294,122.0,-96.0,7.0,0.0,0.0,0.0,0.0,0.0,0.0,0.0,0.0,0.0,-29.0,-8.0,-29.0,-9.0,-27.0,-9.0,-25.0,-8.0,-21.0,-7.0,-17.0,-6.0,-12.0,-5.0,-6.0,-5.0,0.0,-4.0,5.0,-5.0,11.0,-5.0,16.0,-6.0,20.0,-7.0,25.0,-7.0,28.0,-7.0,30.0,-7.0,30.0,-9.0,29.0,-9.0,28.0,-9.0,24.0,-9.0,20.0,-7.0,16.0,-6.0,11.0,-3.0,7.0,-1.0,2.0,3.0,-3.0,6.0
2.6412,122.0,-96.0,7.0,0.0,0.0,0.0,0.0,0.0,0.0,0.0,0.0,0.0,5.0,-1.0,9.0,2.0,13.0,5.0,17.0,8.0,21.0,10.0,24.0,11.0,26.0,12.0,28.0,13.0,28.0,12.0,27.0,12.0,25.0,10.0,22.0,9.0,19.0,8.0,14.0,6.0,8.0,5.0,3.0,4.0,-3.0,3.0,-9.0,4.0,-15.0,4.0,-19.0,4.0,-24.0,5.0,-26.0,7.0,-29.0,8.0,-28.0,9.0,-28.0,10.0,-27.0,10.0
2.6548,122.0,-96.0,7.0,0.0,0.0,0.0,0.0,0.0,0.0,0.0,0.0,0.0,4.0,0.0,4.0,5.0,4.0,11.0,4.0,16.0,5.0,21.0,6.0,25.0,7.0,27.0,7.0,30.0,8.0,29.0,8.0,29.0,8.0,27.0,8.0,25.0,6.0,22.0,5.0,17.0,2.0,12.0,0.0,7.0,-4.0,2.0,-7.0,-3.0,-12.0,-7.0,-15.0,-11.0,-19.0,-14.0,-22.0,-15.0,-25.0,-17.0,-26.0,-16.0,-26.0,-15.0,-26.0,-14.0
2.6684,122.0,-96.0,7.0,0.0,0.0,0.0,0.0,0.0,0.0,0.0,0.0,0.0,-19.0,5.0,-20.0,5.0,-20.0,5.0,-20.0,5.0,-20.0,5.0,-21.0,4.0,-21.0,4.0,-21.0,3.0,-21.0,4.0,-21.0,3.0,-21.0,4.0,-21.0,4.0,-21.0,3.0,-22.0,3.0,-22.0,3.0,-21.0,3.0,-22.0,3.0,-22.0,2.0,-22.0,2.0,-22.0,2.0,-22.0,2.0,-21.0,3.0,-22.0,2.0,-21.0,3.0,-21.0,3.0,-21.0,3.0
2.6814,122.0,-96.0,7.0,0.0,0.0,0.0,0.0,0.0,0.0,0.0,0.0,0.0,12.0,-15.0,14.0,-17.0,16.0,-19.0,17.0,-20.0,18.0,-21.0,17.0,-21.0,17.0,-20.0,15.0,-18.0,14.0,-16.0,10.0,-12.0,8.0,-8.0,5.0,-4.0,3.0,1.0,0.0,6.0,-1.0,11.0,-3.0,16.0,-4.0,20.0,-4.0,23.0,-5.0,26.0,-4.0,27.0,-4.0,27.0,-4.0,27.0,-2.0,25.0,-1.0,22.0,-1.0,18.0,-1.0,14.0
2.6958,122.0,-96.0,7.0,0.0,0.0,0.0,0.0,0.0,0.0,0.0,0.0,0.0,17.0,6.0,12.0,5.0,7.0,4.0,2.0,3.0,-4.0,3.0,-10.0,3.0,-15.0,5.0,-20.0,5.0,-24.0,6.0,-27.0,7.0,-30.0,7.0,-30.0,8.0,-31.0,9.0,-29.0,9.0,-27.0,9.0,-23.0,8.0,-20.0,7.0,-15.0,5.0,-11.0,2.0,-6.0,-1.0,-2.0,-5.0,2.0,-9.0,6.0,-13.0,10.0,-17.0,11.0,-21.0,12.0,-24.0
2.7122,122.0,-96.0,7.0,0.0,0.0,0.0,0.0,0.0,0.0,0.0,0.0,0.0,8.0,-16.0,9.0,-17.0,9.0,-16.0,10.0,-16.0,10.0,-16.0,11.0,-16.0,11.0,-15.0,11.0,-15.0,12.0,-15.0,12.0,-14.0,12.0,-14.0,12.0,-14.0,12.0,-14.0,12.0,-13.0,13.0,-13.0,12.0,-13.0,13.0,-13.0,13.0,-12.0,12.0,-12.0,12.0,-12.0,12.0,-12.0,12.0,-12.0,11.0,-11.0,11.0,-12.0,11.0,-12.0,10.0,-12.0
2.7254,122.0,-96.0,7.0,0.0,0.0,0.0,0.0,0.0,0.0,0.0,0.0,0.0,3.0,4.0,3.0,9.0,2.0,14.0,3.0,19.0,3.0,23.0,3.0,27.0,4.0,29.0,4.0,31.0,5.0,30.0,5.0,29.0,5.0,27.0,5.0,24.0,3.0,20.0,2.0,15.0,0.0,10.0,-2.0,5.0,-5.0,-1.0,-9.0,-5.0,-12.0,-10.0,-15.0,-14.0,-18.0,-17.0,-21.0,-18.0,-23.0,-20.0,-24.0,-19.0,-24.0,-18.0,-24.0,-17.0
2.7395,122.0,-96.0,7.0,0.0,0.0,0.0,0.0,0.0,0.0,0.0,0.0,0.0,4.0,-19.0,5.0,-22.0,6.0,-25.0,6.0,-26.0,7.0,-28.0,6.0,-27.0,7.0,-26.0,6.0,-23.0,5.0,-21.0,4.0,-16.0,3.0,-11.0,3.0,-6.0,3.0,-1.0,3.0,5.0,4.0,10.0,4.0,15.0,5.0,19.0,6.0,23.0,7.0,24.0,8.0,26.0,9.0,26.0,9.0,26.0,9.0,24.0,8.0,20.0,7.0,17.0,5.0,13.0
2.7518,122.0,-96.0,7.0,0.0,0.0,0.0,0.0,0.0,0.0,0.0,0.0,0.0,-12.0,-18.0,-9.0,-15.0,-6.0,-11.0,-2.0,-7.0,2.0,-3.0,7.0,1.0,11.0,3.0,16.0,6.0,20.0,8.0,23.0,10.0,26.0,12.0,28.0,11.0,29.0,11.0,29.0,11.0,27.0,9.0,24.0,7.0,21.0,6.0,16.0,5.0,11.0,4.0,6.0,3.0,0.0,4.0,-6.0,4.0,-12.0,5.0,-17.0,5.0,-21.0,7.0,-24.0,9.0
2.7643,122.0,-96.0,7.0,0.0,0.0,0.0,0.0,0.0,0.0,0.0,0.0,0.0,1.0,-27.0,1.0,-21.0,1.0,-15.0,2.0,-8.0,4.0,-1.0,6.0,6.0,9.0,12.0,11.0,18.0,14.0,24.0,16.0,28.0,17.0,32.0,19.0,33.0,20.0,33.0,20.0,33.0,20.0,30.0,18.0,26.0,16.0,22.0,12.0,18.0,8.0,13.0,3.0,8.0,-3.0,4.0,-9.0,0.0,-16.0,-4.0,-22.0,-7.0,-26.0,-8.0,-31.0,-9.0
2.7801,122.0,-96.0,7.0,0.0,0.0,0.0,0.0,0.0,0.0,0.0,0.0,0.0,-14.0,-13.0,-14.0,-14.0,-14.0,-13.0,-13.0,-14.0,-13.0,-15.0,-12.0,-15.0,-12.0,-15.0,-12.0,-16.0,-12.0,-16.0,-11.0,-16.0,-11.0,-16.0,-10.0,-16.0,-10.0,-16.0,-10.0,-16.0,-9.0,-16.0,-10.0,-16.0,-10.0,-15.0,-9.0,-16.0,-9.0,-16.0,-9.0,-15.0,-9.0,-15.0,-9.0,-15.0,-8.0,-15.0,-9.0,-14.0,-9.0,-14.0,-9.0,-13.0
2.7929,122.0,-96.0,7.0,0.0,0.0,0.0,0.0,0.0,0.0,0.0,0.0,0.0,16.0,-5.0,16.0,-5.0,16.0,-5.0,16.0,-5.0,17.0,-5.0,17.0,-4.0,17.0,-4.0,18.0,-3.0,18.0,-4.0,18.0,-3.0,18.0,-3.0,18.0,-3.0,18.0,-3.0,18.0,-2.0,18.0,-2.0,18.0,-3.0,18.0,-2.0,19.0,-2.0,18.0,-1.0,18.0,-2.0,18.0,-2.0,18.0,-2.0,18.0,-1.0,18.0,-2.0,18.0,-2.0,17.0,-2.0
2.8066,122.0,-96.0,7.0,0.0,0.0,0.0,0.0,0.0,0.0,0.0,0.0,0.0,25.0,5.0,24.0,5.0,23.0,5.0,20.0,4.0,17.0,4.0,12.0,4.0,8.0,3.0,2.0,3.0,-3.0,3.0,-8.0,4.0,-13.0,4.0,-17.0,5.0,-21.0,6.0,-24.0,7.0,-26.0,8.0,-28.0,9.0,-27.0,9.0,-26.0,9.0,-24.0,9.0,-21.0,8.0,-17.0,7.0,-13.0,4.0,-10.0,2.0,-5.0,-1.0,-1.0,-5.0,2.0,-8.0
2.8221,122.0,-96.0,7.0,0.0,0.0,0.0,0.0,0.0,0.0,0.0,0.0,0.0,13.0,12.0,9.0,9.0,4.0,6.0,0.0,4.0,-5.0,1.0,-11.0,-1.0,-15.0,-2.0,-20.0,-4.0,-24.0,-5.0,-28.0,-5.0,-30.0,-6.0,-31.0,-5.0,-32.0,-4.0,-31.0,-4.0,-29.0,-3.0,-25.0,-2.0,-21.0,-2.0,-16.0,-2.0,-10.0,-2.0,-5.0,-3.0,0.0,-6.0,6.0,-7.0,11.0,-9.0,16.0,-11.0,18.0,-14.0,20.0,-16.0
2.8347,122.0,-96.0,7.0,0.0,0.0,0.0,0.0,0.0,0.0,0.0,0.0,0.0,15.0,17.0,18.0,21.0,19.0,23.0,21.0,24.0,21.0,25.0,22.0,25.0,20.0,24.0,18.0,21.0,16.0,19.0,12.0,15.0,8.0,11.0,3.0,7.0,-3.0,4.0,-9.0,-1.0,-15.0,-3.0,-19.0,-6.0,-25.0,-8.0,-28.0,-9.0,-32.0,-9.0,-34.0,-10.0,-34.0,-9.0,-34.0,-9.0,-32.0,-7.0,-28.0,-5.0,-23.0,-4.0,-18.0,-4.0
2.8485,122.0,-96.0,7.0,0.0,0.0,0.0,0.0,0.0,0.0,0.0,0.0,0.0,3.0,-2.0,6.0,2.0,9.0,7.0,11.0,11.0,15.0,15.0,17.0,18.0,19.0,20.0,21.0,22.0,22.0,21.0,22.0,20.0,21.0,18.0,19.0,17.0,17.0,15.0,13.0,11.0,8.0,9.0,3.0,6.0,-2.0,3.0,-8.0,1.0,-13.0,-1.0,-18.0,-2.0,-23.0,-3.0,-26.0,-2.0,-29.0,-2.0,-30.0,0.0,-30.0,0.0,-30.0,1.0
2.8625,122.0,-96.0,7.0,0.0,0.0,0.0,0.0,0.0,0.0,0.0,0.0,0.0,-28.0,-9.0,-28.0,-9.0,-25.0,-8.0,-23.0,-8.0,-19.0,-7.0,-14.0,-6.0,-9.0,-5.0,-3.0,-5.0,3.0,-4.0,8.0,-5.0,14.0,-5.0,18.0,-6.0,23.0,-6.0,27.0,-7.0,29.0,-7.0,30.0,-8.0,30.0,-9.0,29.0,-9.0,26.0,-9.0,23.0,-8.0,18.0,-7.0,14.0,-5.0,10.0,-2.0,5.0,1.0,0.0,4.0,-4.0,7.0
2.8792,122.0,-96.0,7.0,0.0,0.0,0.0,0.0,0.0,0.0,0.0,0.0,0.0,-5.0,-4.0,-5.0,-9.0,-6.0,-14.0,-7.0,-19.0,-7.0,-24.0,-9.0,-27.0,-10.0,-28.0,-10.0,-30.0,-11.0,-30.0,-11.0,-29.0,-10.0,-26.0,-9.0,-23.0,-8.0,-20.0,-6.0,-15.0,-2.0,-11.0,0.0,-6.0,4.0,-1.0,8.0,3.0,12.0,7.0,16.0,9.0,20.0,12.0,23.0,12.0,26.0,14.0,26.0,13.0,26.0,12.0,26.0,11.0
2.8911,122.0,-96.0,7.0,0.0,0.0,0.0,0.0,0.0,0.0,0.0,0.0,0.0,-18.0,3.0,-19.0,3.0,-19.0,3.0,-19.0,2.0,-20.0,1.0,-20.0,1.0,-20.0,1.0,-20.0,0.0,-19.0,0.0,-20.0,-1.0,-20.0,-1.0,-19.0,-2.0,-19.0,-2.0,-19.0,-2.0,-19.0,-2.0,-18.0,-2.0,-18.0,-3.0,-18.0,-3.0,-18.0,-3.0,-18.0,-2.0,-17.0,-2.0,-17.0,-2.0,-17.0,-2.0,-17.0,-2.0,-16.0,-2.0,-16.0,-2.0
2.9049,122.0,-96.0,7.0,0.0,0.0,0.0,0.0,0.0,0.0,0.0,0.0,0.0,-17.0,27.0,-17.0,28.0,-16.0,26.0,-15.0,24.0,-13.0,20.0,-11.0,16.0,-9.0,10.0,-7.0,4.0,-4.0,-2.0,-3.0,-8.0,-3.0,-14.0,-2.0,-19.0,-1.0,-25.0,-1.0,-30.0,0.0,-33.0,0.0,-35.0,-1.0,-36.0,-1.0,-35.0,-2.0,-32.0,-2.0,-29.0,-2.0,-25.0,-1.0,-20.0,0.0,-14.0,1.0,-8.0,4.0,-2.0,6.0,3.0
2.9171,122.0,-96.0,7.0,0.0,0.0,0.0,0.0,0.0,0.0,0.0,0.0,0.0,11.0,19.0,11.0,19.0,11.0,19.0,11.0,19.0,10.0,20.0,10.0,20.0,10.0,21.0,10.0,21.0,10.0,21.0,10.0,21.0,9.0,21.0,10.0,21.0,9.0,21.0,9.0,22.0,9.0,22.0,9.0,22.0,8.0,22.0,8.0,23.0,8.0,23.0,8.0,22.0,8.0,22.0,9.0,21.0,8.0,22.0,9.0,21.0,9.0,21.0,9.0,21.0
2.9307,122.0,-96.0,7.0,0.0,0.0,0.0,0.0,0.0,0.0,0.0,0.0,0.0,2.0,-19.0,2.0,-14.0,2.0,-9.0,3.0,-3.0,4.0,2.0,5.0,8.0,7.0,13.0,8.0,18.0,9.0,22.0,11.0,25.0,12.0,27.0,13.0,28.0,13.0,28.0,13.0,26.0,13.0,24.0,12.0,21.0,10.0,17.0,6.0,13.0,3.0,9.0,0.0,5.0,-5.0,1.0,-9.0,-2.0,-14.0,-6.0,-18.0,-9.0,-22.0,-10.0,-25.0,-10.0
2.943,122.0,-96.0,7.0,0.0,0.0,0.0,0.0,0.0,0.0,0.0,0.0,0.0,4.0,-26.0,4.0,-26.0,3.0,-24.0,3.0,-21.0,3.0,-18.0,3.0,-13.0,3.0,-9.0,3.0,-3.0,3.0,2.0,4.0,7.0,5.0,12.0,7.0,15.0,8.0,19.0,9.0,23.0,9.0,25.0,10.0,26.0,11.0,26.0,10.0,25.0,10.0,22.0,9.0,20.0,7.0,15.0,5.0,12.0,2.0,8.0,-1.0,4.0,-4.0,1.0,-8.0,-2.0
2.9576,122.0,-96.0,7.0,0.0,0.0,0.0,0.0,0.0,0.0,0.0,0.0,0.0,18.0,-3.0,13.0,-1.0,8.0,0.0,3.0,2.0,-2.0,4.0,-7.0,7.0,-11.0,10.0,-16.0,13.0,-19.0,15.0,-21.0,18.0,-23.0,20.0,-23.0,21.0,-23.0,21.0,-22.0,21.0,-20.0,20.0,-17.0,18.0,-14.0,14.0,-11.0,10.0,-8.0,6.0,-5.0,1.0,-4.0,-5.0,-2.0,-9.0,0.0,-15.0,1.0,-20.0,1.0,-24.0,0.0,-27.0
2.9734,122.0,-96.0,7.0,0.0,0.0,0.0,0.0,0.0,0.0,0.0,0.0,0.0,-20.0,-12.0,-20.0,-13.0,-20.0,-13.0,-20.0,-13.0,-19.0,-14.0,-19.0,-15.0,-19.0,-15.0,-18.0,-15.0,-18.0,-16.0,-18.0,-16.0,-17.0,-16.0,-17.0,-16.0,-17.0,-16.0,-17.0,-16.0,-16.0,-17.0,-16.0,-16.0,-16.0,-16.0,-15.0,-16.0,-15.0,-16.0,-15.0,-16.0,-14.0,-15.0,-15.0,-15.0,-14.0,-14.0,-14.0,-15.0,-14.0,-14.0,-14.0,-13.0
2.9865,122.0,-96.0,7.0,0.0,0.0,0.0,0.0,0.0,0.0,0.0,0.0,0.0,2.0,-4.0,7.0,-2.0,11.0,1.0,16.0,3.0,21.0,5.0,24.0,6.0,27.0,6.0,29.0,7.0,30.0,6.0,30.0,6.0,27.0,5.0,25.0,4.0,22.0,4.0,17.0,3.0,12.0,3.0,6.0,3.0,0.0,3.0,-6.0,5.0,-11.0,6.0,-16.0,7.0,-21.0,10.0,-23.0,12.0,-26.0,13.0,-25.0,15.0,-25.0,16.0,-25.0,16.0
2.9999,122.0,-96.0,7.0,0.0,0.0,0.0,0.0,0.0,0.0,0.0,0.0,0.0,-18.0,4.0,-19.0,4.0,-19.0,4.0,-19.0,4.0,-20.0,3.0,-20.0,2.0,-19.0,2.0,-20.0,2.0,-19.0,1.0,-20.0,0.0,-20.0,0.0,-19.0,0.0,-19.0,0.0,-19.0,-1.0,-19.0,-1.0,-19.0,-1.0,-18.0,-1.0,-18.0,-1.0,-18.0,-2.0,-18.0,-1.0,-17.0,-1.0,-17.0,0.0,-17.0,-1.0,-17.0,-1.0,-16.0,0.0,-16.0,0.0
3.0135,122.0,-96.0,7.0,0.0,0.0,0.0,0.0,0.0,0.0,0.0,0.0,0.0,10.0,18.0,11.0,20.0,12.0,22.0,13.0,23.0,13.0,23.0,13.0,23.0,12.0,21.0,10.0,18.0,8.0,16.0,5.0,12.0,3.0,8.0,-1.0,4.0,-5.0,0.0,-9.0,-4.0,-13.0,-6.0,-16.0,-9.0,-19.0,-11.0,-23.0,-13.0,-24.0,-13.0,-26.0,-13.0,-26.0,-12.0,-25.0,-12.0,-23.0,-11.0,-20.0,-9.0,-17.0,-7.0,-13.0,-6.0
3.029,122.0,-96.0,7.0,0.0,0.0,0.0,0.0,0.0,0.0,0.0,0.0,0.0,15.0,-10.0,16.0,-10.0,16.0,-10.0,16.0,-10.0,17.0,-9.0,17.0,-9.0,17.0,-9.0,17.0,-8.0,17.0,-8.0,18.0,-7.0,17.0,-7.0,17.0,-7.0,17.0,-6.0,17.0,-6.0,17.0,-6.0,17.0,-6.0,16.0,-6.0,17.0,-6.0,16.0,-5.0,16.0,-6.0,15.0,-5.0,15.0,-6.0,16.0,-6.0,15.0,-5.0,14.0,-6.0,14.0,-6.0
3.0428,122.0,-96.0,7.0,0.0,0.0,0.0,0.0,0.0,0.0,0.0,0.0,0.0,-19.0,-11.0,-22.0,-14.0,-24.0,-15.0,-26.0,-16.0,-26.0,-16.0,-27.0,-16.0,-25.0,-15.0,-23.0,-14.0,-20.0,-13.0,-15.0,-10.0,-10.0,-8.0,-6.0,-6.0,0.0,-4.0,6.0,-2.0,12.0,-2.0,17.0,0.0,22.0,0.0,26.0,0.0,29.0,-1.0,31.0,-1.0,31.0,-2.0,30.0,-2.0,28.0,-3.0,24.0,-3.0,20.0,-3.0,16.0,-2.0
3.056,122.0,-96.0,7.0,0.0,0.0,0.0,0.0,0.0,0.0,0.0,0.0,0.0,-2.0,18.0,-3.0,19.0,-3.0,18.0,-4.0,19.0,-4.0,19.0,-5.0,18.0,-5.0,18.0,-6.0,18.0,-6.0,18.0,-6.0,18.0,-6.0,18.0,-7.0,17.0,-7.0,17.0,-7.0,17.0,-8.0,17.0,-7.0,16.0,-8.0,16.0,-7.0,16.0,-8.0,16.0,-7.0,15.0,-7.0,15.0,-7.0,15.0,-7.0,14.0,-6.0,15.0,-6.0,14.0,-6.0,14.0
3.0676,122.0,-96.0,7.0,0.0,0.0,0.0,0.0,0.0,0.0,0.0,0.0,0.0,-13.0,-16.0,-9.0,-13.0,-5.0,-9.0,0.0,-5.0,5.0,-2.0,10.0,2.0,16.0,3.0,21.0,6.0,25.0,8.0,29.0,9.0,31.0,10.0,33.0,9.0,33.0,8.0,32.0,8.0,30.0,7.0,26.0,5.0,21.0,4.0,16.0,4.0,10.0,3.0,4.0,4.0,-2.0,4.0,-8.0,6.0,-15.0,7.0,-20.0,9.0,-23.0,11.0,-26.0,14.0
3.0823,122.0,-96.0,7.0,0.0,0.0,0.0,0.0,0.0,0.0,0.0,0.0,0.0,-19.0,3.0,-19.0,2.0,-19.0,2.0,-20.0,2.0,-20.0,1.0,-20.0,0.0,-19.0,0.0,-20.0,-1.0,-20.0,-1.0,-19.0,-1.0,-20.0,-1.0,-19.0,-2.0,-19.0,-2.0,-19.0,-2.0,-19.0,-2.0,-18.0,-2.0,-18.0,-3.0,-18.0,-3.0,-18.0,-3.0,-17.0,-3.0,-17.0,-3.0,-17.0,-3.0,-16.0,-2.0,-16.0,-2.0,-16.0,-2.0,-16.0,-1.0
3.096,122.0,-96.0,7.0,0.0,0.0,0.0,0.0,0.0,0.0,0.0,0.0,0.0,-12.0,-13.0,-13.0,-16.0,-15.0,-17.0,-16.0,-18.0,-16.0,-19.0,-16.0,-19.0,-15.0,-18.0,-14.0,-16.0,-12.0,-15.0,-10.0,-11.0,-6.0,-9.0,-3.0,-6.0,1.0,-3.0,5.0,0.0,9.0,2.0,13.0,4.0,17.0,5.0,20.0,6.0,22.0,7.0,23.0,6.0,23.0,6.0,23.0,6.0,22.0,5.0,19.0,3.0,16.0,3.0,12.0,2.0
3.1101,122.0,-96.0,7.0,0.0,0.0,0.0,0.0,0.0,0.0,0.0,0.0,0.0,-3.0,4.0,-7.0,6.0,-12.0,7.0,-15.0,8.0,-19.0,10.0,-22.0,12.0,-23.0,13.0,-25.0,13.0,-24.0,14.0,-23.0,14.0,-21.0,13.0,-19.0,11.0,-16.0,9.0,-12.0,6.0,-9.0,3.0,-5.0,0.0,-2.0,-5.0,1.0,-9.0,4.0,-13.0,6.0,-17.0,7.0,-21.0,7.0,-24.0,8.0,-26.0,6.0,-26.0,6.0,-26.0,5.0,-25.0
3.1236,122.0,-96.0,7.0,0.0,0.0,0.0,0.0,0.0,0.0,0.0,0.0,0.0,-7.0,-21.0,-5.0,-16.0,-3.0,-12.0,-1.0,-7.0,3.0,-3.0,6.0,2.0,10.0,6.0,14.0,10.0,17.0,14.0,20.0,16.0,22.0,18.0,24.0,18.0,25.0,18.0,25.0,18.0,24.0,16.0,21.0,13.0,18.0,11.0,14.0,9.0,9.0,7.0,5.0,5.0,-1.0,4.0,-7.0,2.0,-13.0,2.0,-18.0,1.0,-22.0,2.0,-25.0,4.0
3.1372,122.0,-96.0,7.0,0.0,0.0,0.0,0.0,0.0,0.0,0.0,0.0,0.0,-22.0,10.0,-26.0,11.0,-29.0,12.0,-30.0,13.0,-31.0,14.0,-31.0,14.0,-30.0,13.0,-27.0,12.0,-23.0,10.0,-19.0,7.0,-14.0,4.0,-9.0,0.0,-3.0,-4.0,2.0,-8.0,6.0,-13.0,10.0,-17.0,14.0,-21.0,16.0,-25.0,17.0,-28.0,18.0,-30.0,17.0,-30.0,16.0,-30.0,15.0,-28.0,12.0,-25.0,10.0,-21.0,8.0,-17.0
3.1514,122.0,-96.0,7.0,0.0,0.0,0.0,0.0,0.0,0.0,0.0,0.0,0.0,15.0,14.0,16.0,17.0,17.0,18.0,18.0,19.0,19.0,19.0,18.0,18.0,17.0,17.0,15.0,14.0,12.0,13.0,9.0,10.0,5.0,7.0,0.0,4.0,-4.0,2.0,-9.0,-1.0,-14.0,-3.0,-18.0,-5.0,-22.0,-6.0,-25.0,-6.0,-27.0,-6.0,-28.0,-6.0,-28.0,-5.0,-27.0,-5.0,-25.0,-3.0,-22.0,-3.0,-18.0,-2.0,-14.0,-2.0
3.1658,122.0,-96.0,7.0,0.0,0.0,0.0,0.0,0.0,0.0,0.0,0.0,0.0,-11.0,15.0,-12.0,15.0,-12.0,14.0,-13.0,15.0,-13.0,14.0,-14.0,14.0,-14.0,14.0,-14.0,13.0,-15.0,13.0,-14.0,12.0,-15.0,13.0,-15.0,12.0,-15.0,12.0,-15.0,12.0,-15.0,11.0,-14.0,11.0,-15.0,11.0,-15.0,10.0,-15.0,10.0,-14.0,10.0,-14.0,10.0,-14.0,9.0,-13.0,9.0,-13.0,10.0,-13.0,10.0,-12.0,10.0
3.1799,122.0,-96.0,7.0,0.0,0.0,0.0,0.0,0.0,0.0,0.0,0.0,0.0,-2.0,17.0,-3.0,17.0,-3.0,17.0,-4.0,17.0,-4.0,17.0,-5.0,17.0,-5.0,17.0,-6.0,17.0,-6.0,16.0,-6.0,16.0,-6.0,17.0,-6.0,16.0,-6.0,16.0,-7.0,16.0,-7.0,16.0,-7.0,15.0,-7.0,15.0,-7.0,15.0,-7.0,15.0,-7.0,14.0,-7.0,14.0,-6.0,14.0,-6.0,14.0,-6.0,14.0,-6.0,13.0,-5.0,13.0
3.197,122.0,-96.0,7.0,0.0,0.0,0.0,0.0,0.0,0.0,0.0,0.0,0.0,-14.0,-13.0,-13.0,-14.0,-13.0,-14.0,-13.0,-14.0,-12.0,-15.0,-12.0,-15.0,-12.0,-15.0,-12.0,-15.0,-11.0,-16.0,-11.0,-16.0,-11.0,-16.0,-10.0,-16.0,-10.0,-16.0,-10.0,-16.0,-9.0,-16.0,-10.0,-16.0,-9.0,-15.0,-9.0,-16.0,-9.0,-15.0,-8.0,-15.0,-9.0,-15.0,-8.0,-15.0,-8.0,-15.0,-8.0,-14.0,-9.0,-14.0,-9.0,-13.0
3.2113,122.0,-96.0,7.0,0.0,0.0,0.0,0.0,0.0,0.0,0.0,0.0,0.0,-24.0,-13.0,-23.0,-12.0,-22.0,-12.0,-19.0,-10.0,-16.0,-9.0,-11.0,-8.0,-7.0,-6.0,-2.0,-4.0,3.0,-3.0,8.0,-3.0,13.0,-2.0,17.0,-2.0,21.0,-1.0,24.0,-1.0,26.0,-2.0,28.0,-2.0,28.0,-3.0,27.0,-3.0,24.0,-3.0,21.0,-4.0,17.0,-3.0,13.0,-2.0,9.0,0.0,4.0,2.0,-1.0,3.0,-5.0,6.0
3.2251,122.0,-96.0,7.0,0.0,0.0,0.0,0.0,0.0,0.0,0.0,0.0,0.0,4.0,-4.0,9.0,-4.0,14.0,-3.0,19.0,-2.0,24.0,-3.0,27.0,-3.0,29.0,-4.0,31.0,-3.0,30.0,-5.0,29.0,-5.0,27.0,-5.0,24.0,-4.0,20.0,-3.0,15.0,-2.0,10.0,0.0,5.0,1.0,-1.0,4.0,-6.0,7.0,-11.0,10.0,-14.0,13.0,-17.0,17.0,-18.0,20.0,-21.0,22.0,-19.0,23.0,-19.0,23.0,-18.0,23.0
3.2384,122.0,-96.0,7.0,0.0,0.0,0.0,0.0,0.0,0.0,0.0,0.0,0.0,-26.0,-6.0,-21.0,-6.0,-15.0,-5.0,-8.0,-4.0,0.0,-5.0,7.0,-6.0,13.0,-8.0,20.0,-9.0,26.0,-11.0,30.0,-13.0,34.0,-13.0,35.0,-15.0,35.0,-17.0,35.0,-17.0,32.0,-16.0,28.0,-16.0,24.0,-13.0,19.0,-10.0,14.0,-7.0,9.0,-2.0,3.0,3.0,-1.0,8.0,-6.0,14.0,-10.0,20.0,-11.0,25.0,-11.0,29.0
3.2513,122.0,-96.0,7.0,0.0,0.0,0.0,0.0,0.0,0.0,0.0,0.0,0.0,2.0,2.0,-1.0,7.0,-5.0,11.0,-8.0,15.0,-11.0,19.0,-13.0,22.0,-13.0,25.0,-15.0,27.0,-14.0,27.0,-14.0,27.0,-12.0,26.0,-11.0,23.0,-10.0,20.0,-8.0,16.0,-7.0,11.0,-5.0,5.0,-4.0,-1.0,-4.0,-7.0,-4.0,-12.0,-5.0,-18.0,-6.0,-22.0,-8.0,-25.0,-8.0,-28.0,-10.0,-28.0,-11.0,-28.0,-11.0,-27.0
3.2655,122.0,-96.0,7.0,0.0,0.0,0.0,0.0,0.0,0.0,0.0,0.0,0.0,17.0,-6.0,13.0,-5.0,8.0,-2.0,3.0,1.0,-1.0,5.0,-6.0,8.0,-9.0,12.0,-12.0,16.0,-15.0,19.0,-16.0,22.0,-18.0,24.0,-18.0,25.0,-18.0,26.0,-17.0,25.0,-15.0,23.0,-13.0,20.0,-11.0,17.0,-9.0,12.0,-7.0,8.0,-5.0,2.0,-4.0,-4.0,-3.0,-9.0,-3.0,-15.0,-3.0,-20.0,-4.0,-23.0,-5.0,-26.0
3.2805,122.0,-96.0,7.0,0.0,0.0,0.0,0.0,0.0,0.0,0.0,0.0,0.0,-18.0,-6.0,-18.0,-7.0,-19.0,-7.0,-18.0,-8.0,-19.0,-9.0,-18.0,-9.0,-18.0,-9.0,-18.0,-10.0,-17.0,-10.0,-17.0,-10.0,-17.0,-11.0,-17.0,-11.0,-16.0,-10.0,-16.0,-11.0,-16.0,-11.0,-16.0,-11.0,-15.0,-11.0,-15.0,-11.0,-14.0,-11.0,-15.0,-10.0,-14.0,-11.0,-14.0,-10.0,-14.0,-10.0,-14.0,-10.0,-14.0,-10.0,-14.0,-9.0
3.2936,122.0,-96.0,7.0,0.0,0.0,0.0,0.0,0.0,0.0,0.0,0.0,0.0,-13.0,-17.0,-10.0,-14.0,-7.0,-10.0,-3.0,-7.0,2.0,-4.0,7.0,0.0,11.0,2.0,16.0,5.0,21.0,7.0,24.0,8.0,27.0,10.0,28.0,9.0,30.0,9.0,29.0,9.0,27.0,7.0,25.0,5.0,21.0,5.0,16.0,4.0,11.0,3.0,6.0,3.0,0.0,4.0,-6.0,4.0,-12.0,5.0,-17.0,6.0,-20.0,8.0,-23.0,10.0
3.3068,122.0,-96.0,7.0,0.0,0.0,0.0,0.0,0.0,0.0,0.0,0.0,0.0,18.0,18.0,18.0,17.0,17.0,16.0,14.0,14.0,12.0,13.0,8.0,9.0,4.0,7.0,0.0,4.0,-4.0,1.0,-10.0,-1.0,-14.0,-2.0,-18.0,-4.0,-22.0,-5.0,-25.0,-7.0,-27.0,-7.0,-29.0,-7.0,-28.0,-6.0,-28.0,-6.0,-25.0,-5.0,-22.0,-4.0,-18.0,-3.0,-14.0,-3.0,-9.0,-3.0,-4.0,-4.0,1.0,-4.0,5.0,-6.0
3.3206,122.0,-96.0,7.0,0.0,0.0,0.0,0.0,0.0,0.0,0.0,0.0,0.0,-16.0,9.0,-12.0,6.0,-9.0,3.0,-5.0,-1.0,-1.0,-6.0,3.0,-10.0,5.0,-14.0,8.0,-19.0,10.0,-22.0,12.0,-26.0,13.0,-28.0,13.0,-29.0,12.0,-29.0,11.0,-28.0,10.0,-26.0,8.0,-23.0,7.0,-19.0,5.0,-14.0,4.0,-9.0,4.0,-4.0,4.0,2.0,4.0,7.0,4.0,14.0,5.0,18.0,6.0,22.0,8.0,24.0
3.3347,122.0,-96.0,7.0,0.0,0.0,0.0,0.0,0.0,0.0,0.0,0.0,0.0,-22.0,4.0,-25.0,4.0,-28.0,5.0,-29.0,5.0,-31.0,5.0,-30.0,5.0,-29.0,4.0,-26.0,4.0,-23.0,3.0,-18.0,2.0,-13.0,1.0,-7.0,-1.0,-2.0,-4.0,4.0,-7.0,9.0,-10.0,13.0,-13.0,16.0,-15.0,19.0,-19.0,21.0,-20.0,22.0,-22.0,22.0,-22.0,21.0,-22.0,19.0,-21.0,16.0,-19.0,13.0,-17.0,10.0,-13.0
3.3488,122.0,-96.0,7.0,0.0,0.0,0.0,0.0,0.0,0.0,0.0,0.0,0.0,-3.0,16.0,-4.0,16.0,-4.0,16.0,-5.0,16.0,-5.0,16.0,-6.0,16.0,-6.0,16.0,-6.0,16.0,-6.0,16.0,-7.0,16.0,-7.0,16.0,-7.0,16.0,-7.0,15.0,-8.0,15.0,-8.0,15.0,-7.0,14.0,-8.0,14.0,-8.0,14.0,-8.0,14.0,-7.0,13.0,-7.0,13.0,-7.0,13.0,-7.0,12.0,-7.0,13.0,-7.0,12.0,-6.0,12.0
3.3637,122.0,-96.0,7.0,0.0,0.0,0.0,0.0,0.0,0.0,0.0,0.0,0.0,-20.0,-8.0,-23.0,-10.0,-25.0,-11.0,-25.0,-11.0,-26.0,-11.0,-25.0,-11.0,-23.0,-10.0,-20.0,-9.0,-17.0,-9.0,-12.0,-7.0,-8.0,-6.0,-3.0,-4.0,2.0,-4.0,8.0,-3.0,13.0,-3.0,18.0,-3.0,21.0,-3.0,25.0,-4.0,26.0,-4.0,28.0,-5.0,27.0,-5.0,26.0,-5.0,24.0,-6.0,20.0,-6.0,16.0,-5.0,12.0,-4.0
3.3767,122.0,-96.0,7.0,0.0,0.0,0.0,0.0,0.0,0.0,0.0,0.0,0.0,13.0,10.0,14.0,10.0,13.0,10.0,13.0,11.0,13.0,12.0,13.0,12.0,12.0,12.0,12.0,12.0,12.0,12.0,11.0,13.0,11.0,13.0,11.0,13.0,10.0,13.0,10.0,13.0,9.0,14.0,9.0,13.0,10.0,13.0,9.0,13.0,9.0,13.0,9.0,12.0,9.0,13.0,9.0,12.0,8.0,12.0,8.0,12.0,9.0,11.0,8.0,11.0
3.3901,122.0,-96.0,7.0,0.0,0.0,0.0,0.0,0.0,0.0,0.0,0.0,0.0,4.0,-1.0,5.0,4.0,6.0,9.0,8.0,14.0,9.0,19.0,11.0,23.0,13.0,25.0,14.0,27.0,15.0,26.0,15.0,26.0,14.0,24.0,13.0,22.0,11.0,19.0,9.0,15.0,5.0,11.0,2.0,7.0,-3.0,2.0,-8.0,-1.0,-13.0,-4.0,-17.0,-7.0,-22.0,-8.0,-25.0,-9.0,-28.0,-10.0,-29.0,-9.0,-29.0,-8.0,-29.0,-7.0
3.4064,122.0,-96.0,7.0,0.0,0.0,0.0,0.0,0.0,0.0,0.0,0.0,0.0,7.0,-15.0,8.0,-15.0,8.0,-15.0,9.0,-15.0,9.0,-15.0,10.0,-15.0,10.0,-14.0,10.0,-14.0,11.0,-14.0,11.0,-13.0,11.0,-13.0,11.0,-13.0,11.0,-13.0,11.0,-12.0,12.0,-12.0,11.0,-12.0,11.0,-12.0,11.0,-11.0,11.0,-11.0,11.0,-11.0,11.0,-11.0,10.0,-11.0,11.0,-10.0,10.0,-10.0,10.0,-10.0,9.0,-11.0
3.4193,122.0,-96.0,7.0,0.0,0.0,0.0,0.0,0.0,0.0,0.0,0.0,0.0,21.0,6.0,21.0,7.0,21.0,8.0,21.0,9.0,21.0,9.0,21.0,10.0,20.0,10.0,20.0,11.0,20.0,11.0,20.0,12.0,20.0,11.0,19.0,11.0,19.0,11.0,19.0,12.0,18.0,13.0,18.0,12.0,18.0,12.0,17.0,12.0,17.0,12.0,17.0,11.0,16.0,12.0,16.0,11.0,16.0,11.0,16.0,10.0,16.0,9.0,16.0,9.0
3.4339,122.0,-96.0,7.0,0.0,0.0,0.0,0.0,0.0,0.0,0.0,0.0,0.0,-12.0,-18.0,-14.0,-22.0,-15.0,-24.0,-17.0,-26.0,-17.0,-26.0,-17.0,-27.0,-16.0,-25.0,-14.0,-22.0,-12.0,-20.0,-9.0,-15.0,-6.0,-12.0,-2.0,-8.0,2.0,-4.0,7.0,1.0,12.0,4.0,15.0,7.0,20.0,10.0,23.0,11.0,26.0,13.0,28.0,13.0,28.0,12.0,28.0,11.0,26.0,10.0,23.0,8.0,19.0,6.0,15.0,5.0
3.4464,122.0,-96.0,7.0,0.0,0.0,0.0,0.0,0.0,0.0,0.0,0.0,0.0,8.0,-22.0,6.0,-18.0,5.0,-12.0,4.0,-6.0,4.0,0.0,3.0,7.0,4.0,12.0,4.0,19.0,5.0,24.0,6.0,28.0,6.0,31.0,8.0,33.0,9.0,34.0,9.0,33.0,9.0,31.0,8.0,27.0,7.0,23.0,5.0,18.0,2.0,13.0,0.0,7.0,-4.0,2.0,-8.0,-3.0,-13.0,-7.0,-17.0,-12.0,-21.0,-14.0,-24.0,-15.0
3.4586,122.0,-96.0,7.0,0.0,0.0,0.0,0.0,0.0,0.0,0.0,0.0,0.0,-15.0,-11.0,-11.0,-9.0,-7.0,-7.0,-1.0,-5.0,4.0,-3.0,10.0,-1.0,15.0,-1.0,20.0,0.0,24.0,0.0,28.0,1.0,30.0,1.0,31.0,1.0,31.0,0.0,30.0,-1.0,27.0,-1.0,24.0,-2.0,19.0,-1.0,15.0,-1.0,10.0,0.0,4.0,2.0,-1.0,5.0,-6.0,6.0,-11.0,9.0,-16.0,12.0,-18.0,15.0,-19.0,17.0
3.4729,122.0,-96.0,7.0,0.0,0.0,0.0,0.0,0.0,0.0,0.0,0.0,0.0,5.0,-23.0,5.0,-23.0,5.0,-23.0,6.0,-23.0,7.0,-23.0,7.0,-23.0,8.0,-22.0,8.0,-22.0,9.0,-22.0,10.0,-22.0,10.0,-21.0,10.0,-21.0,10.0,-21.0,11.0,-20.0,11.0,-20.0,10.0,-20.0,11.0,-19.0,11.0,-19.0,11.0,-19.0,10.0,-19.0,10.0,-19.0,10.0,-18.0,10.0,-18.0,10.0,-18.0,9.0,-17.0,8.0,-17.0
3.4871,122.0,-96.0,7.0,0.0,0.0,0.0,0.0,0.0,0.0,0.0,0.0,0.0,11.0,17.0,12.0,20.0,13.0,22.0,14.0,22.0,14.0,23.0,14.0,22.0,13.0,21.0,11.0,18.0,9.0,15.0,6.0,11.0,3.0,8.0,-1.0,4.0,-5.0,1.0,-9.0,-3.0,-13.0,-6.0,-17.0,-8.0,-20.0,-10.0,-23.0,-11.0,-25.0,-12.0,-26.0,-12.0,-26.0,-11.0,-26.0,-11.0,-24.0,-9.0,-21.0,-7.0,-17.0,-6.0,-13.0,-5.0
3.5039,122.0,-96.0,7.0,0.0,0.0,0.0,0.0,0.0,0.0,0.0,0.0,0.0,-14.0,-17.0,-14.0,-18.0,-14.0,-18.0,-13.0,-19.0,-12.0,-19.0,-12.0,-19.0,-12.0,-19.0,-11.0,-20.0,-11.0,-20.0,-10.0,-20.0,-10.0,-20.0,-10.0,-20.0,-9.0,-20.0,-9.0,-20.0,-9.0,-21.0,-9.0,-20.0,-9.0,-20.0,-8.0,-20.0,-8.0,-20.0,-8.0,-18.0,-8.0,-19.0,-8.0,-18.0,-7.0,-18.0,-8.0,-18.0,-8.0,-17.0,-8.0,-17.0
3.5186,122.0,-96.0,7.0,0.0,0.0,0.0,0.0,0.0,0.0,0.0,0.0,0.0,-9.0,-20.0,-10.0,-23.0,-10.0,-25.0,-11.0,-25.0,-11.0,-26.0,-11.0,-25.0,-10.0,-23.0,-9.0,-21.0,-7.0,-18.0,-4.0,-13.0,-2.0,-9.0,1.0,-5.0,4.0,-1.0,7.0,4.0,11.0,7.0,14.0,11.0,17.0,13.0,19.0,15.0,21.0,16.0,22.0,16.0,22.0,15.0,22.0,15.0,20.0,13.0,18.0,11.0,15.0,9.0,11.0,7.0
3.5325,122.0,-96.0,7.0,0.0,0.0,0.0,0.0,0.0,0.0,0.0,0.0,0.0,5.0,-23.0,5.0,-23.0,5.0,-23.0,6.0,-23.0,6.0,-24.0,8.0,-23.0,7.0,-23.0,8.0,-22.0,8.0,-22.0,9.0,-22.0,9.0,-22.0,10.0,-22.0,10.0,-21.0,10.0,-21.0,10.0,-21.0,10.0,-20.0,10.0,-20.0,10.0,-20.0,10.0,-19.0,9.0,-20.0,8.0,-19.0,8.0,-19.0,8.0,-19.0,8.0,-18.0,8.0,-18.0,7.0,-18.0
3.5487,122.0,-96.0,7.0,0.0,0.0,0.0,0.0,0.0,0.0,0.0,0.0,0.0,3.0,3.0,4.0,9.0,4.0,14.0,4.0,18.0,5.0,23.0,6.0,26.0,7.0,28.0,7.0,30.0,8.0,30.0,8.0,28.0,8.0,26.0,7.0,23.0,5.0,19.0,4.0,14.0,1.0,10.0,-2.0,5.0,-6.0,0.0,-9.0,-5.0,-13.0,-9.0,-16.0,-12.0,-20.0,-15.0,-23.0,-16.0,-25.0,-17.0,-26.0,-16.0,-26.0,-15.0,-26.0,-14.0
3.5603,122.0,-96.0,7.0,0.0,0.0,0.0,0.0,0.0,0.0,0.0,0.0,0.0,-3.0,15.0,-4.0,16.0,-4.0,15.0,-5.0,16.0,-5.0,15.0,-6.0,16.0,-6.0,15.0,-6.0,15.0,-6.0,15.0,-7.0,15.0,-7.0,15.0,-7.0,15.0,-7.0,14.0,-7.0,14.0,-7.0,14.0,-7.0,14.0,-8.0,14.0,-7.0,13.0,-8.0,13.0,-7.0,13.0,-7.0,13.0,-6.0,12.0,-6.0,12.0,-6.0,12.0,-6.0,12.0,-5.0,12.0
3.5739,122.0,-96.0,7.0,0.0,0.0,0.0,0.0,0.0,0.0,0.0,0.0,0.0,17.0,8.0,19.0,10.0,21.0,12.0,23.0,12.0,24.0,13.0,23.0,13.0,22.0,13.0,20.0,11.0,17.0,10.0,13.0,8.0,9.0,6.0,4.0,4.0,-1.0,3.0,-7.0,2.0,-12.0,1.0,-17.0,0.0,-21.0,0.0,-24.0,0.0,-27.0,1.0,-28.0,1.0,-29.0,2.0,-28.0,2.0,-26.0,2.0,-23.0,3.0,-19.0,3.0,-15.0,2.0
3.5886,122.0,-96.0,7.0,0.0,0.0,0.0,0.0,0.0,0.0,0.0,0.0,0.0,-1.0,5.0,-5.0,9.0,-10.0,11.0,-13.0,15.0,-16.0,17.0,-19.0,20.0,-19.0,22.0,-21.0,23.0,-20.0,24.0,-19.0,23.0,-17.0,21.0,-15.0,19.0,-14.0,16.0,-10.0,11.0,-9.0,6.0,-5.0,2.0,-3.0,-4.0,-2.0,-10.0,-1.0,-15.0,0.0,-20.0,0.0,-25.0,-1.0,-27.0,-1.0,-30.0,-3.0,-30.0,-3.0,-30.0,-4.0,-29.0
3.6025,122.0,-96.0,7.0,0.0,0.0,0.0,0.0,0.0,0.0,0.0,0.0,0.0,4.0,-21.0,5.0,-25.0,6.0,-28.0,6.0,-29.0,7.0,-30.0,6.0,-30.0,7.0,-29.0,5.0,-26.0,6.0,-23.0,4.0,-18.0,4.0,-12.0,4.0,-7.0,4.0,-1.0,3.0,6.0,4.0,12.0,4.0,17.0,5.0,22.0,7.0,25.0,7.0,28.0,8.0,29.0,9.0,29.0,9.0,29.0,9.0,26.0,8.0,23.0,7.0,19.0,5.0,15.0
3.6164,122.0,-96.0,7.0,0.0,0.0,0.0,0.0,0.0,0.0,0.0,0.0,0.0,-7.0,16.0,-7.0,17.0,-8.0,17.0,-8.0,17.0,-9.0,17.0,-9.0,16.0,-9.0,16.0,-10.0,16.0,-10.0,15.0,-10.0,15.0,-11.0,16.0,-10.0,14.0,-11.0,15.0,-11.0,14.0,-11.0,14.0,-11.0,14.0,-11.0,14.0,-11.0,14.0,-11.0,13.0,-10.0,13.0,-10.0,13.0,-10.0,13.0,-10.0,12.0,-10.0,12.0,-9.0,12.0,-9.0,12.0
3.6307,122.0,-96.0,7.0,0.0,0.0,0.0,0.0,0.0,0.0,0.0,0.0,0.0,-3.0,4.0,-8.0,1.0,-14.0,-1.0,-19.0,-3.0,-25.0,-4.0,-29.0,-5.0,-31.0,-5.0,-35.0,-6.0,-35.0,-4.0,-35.0,-4.0,-32.0,-4.0,-29.0,-3.0,-26.0,-3.0,-20.0,-3.0,-15.0,-3.0,-8.0,-3.0,-1.0,-5.0,5.0,-7.0,11.0,-9.0,16.0,-12.0,21.0,-14.0,23.0,-17.0,27.0,-18.0,26.0,-20.0,25.0,-21.0,25.0,-21.0
3.6453,122.0,-96.0,7.0,0.0,0.0,0.0,0.0,0.0,0.0,0.0,0.0,0.0,-1.0,20.0,-1.0,14.0,-2.0,9.0,-4.0,3.0,-6.0,-3.0,-8.0,-9.0,-11.0,-13.0,-13.0,-19.0,-15.0,-23.0,-18.0,-26.0,-19.0,-29.0,-20.0,-29.0,-21.0,-29.0,-21.0,-28.0,-19.0,-25.0,-18.0,-21.0,-15.0,-18.0,-11.0,-14.0,-6.0,-10.0,-1.0,-6.0,4.0,-3.0,10.0,0.0,16.0,3.0,21.0,5.0,25.0,5.0,28.0,5.0
3.6589,122.0,-96.0,7.0,0.0,0.0,0.0,0.0,0.0,0.0,0.0,0.0,0.0,20.0,3.0,23.0,4.0,25.0,4.0,26.0,4.0,27.0,4.0,26.0,4.0,24.0,4.0,21.0,3.0,18.0,3.0,13.0,2.0,8.0,2.0,3.0,3.0,-3.0,4.0,-8.0,4.0,-13.0,5.0,-17.0,6.0,-21.0,7.0,-24.0,9.0,-26.0,10.0,-26.0,11.0,-26.0,12.0,-25.0,12.0,-23.0,11.0,-19.0,10.0,-16.0,8.0,-12.0,6.0
3.6734,122.0,-96.0,7.0,0.0,0.0,0.0,0.0,0.0,0.0,0.0,0.0,0.0,-5.0,22.0,-6.0,22.0,-6.0,22.0,-7.0,21.0,-7.0,22.0,-8.0,22.0,-8.0,21.0,-9.0,21.0,-9.0,21.0,-10.0,21.0,-9.0,21.0,-9.0,20.0,-10.0,20.0,-10.0,20.0,-10.0,19.0,-10.0,20.0,-10.0,19.0,-10.0,19.0,-10.0,18.0,-10.0,18.0,-10.0,18.0,-9.0,18.0,-9.0,17.0,-9.0,17.0,-8.0,17.0,-7.0,17.0
3.6878,122.0,-96.0,7.0,0.0,0.0,0.0,0.0,0.0,0.0,0.0,0.0,0.0,16.0,24.0,15.0,23.0,15.0,23.0,13.0,20.0,11.0,18.0,8.0,14.0,5.0,11.0,1.0,6.0,-3.0,3.0,-8.0,-1.0,-12.0,-4.0,-16.0,-7.0,-21.0,-9.0,-24.0,-12.0,-27.0,-13.0,-30.0,-14.0,-29.0,-13.0,-30.0,-13.0,-27.0,-11.0,-25.0,-10.0,-21.0,-8.0,-16.0,-7.0,-12.0,-6.0,-6.0,-5.0,0.0,-4.0,5.0,-4.0
3.703,122.0,-96.0,7.0,0.0,0.0,0.0,0.0,0.0,0.0,0.0,0.0,0.0,-12.0,-12.0,-12.0,-12.0,-12.0,-12.0,-12.0,-13.0,-11.0,-13.0,-11.0,-14.0,-11.0,-13.0,-10.0,-14.0,-10.0,-14.0,-9.0,-14.0,-9.0,-14.0,-9.0,-14.0,-8.0,-14.0,-8.0,-15.0,-8.0,-14.0,-8.0,-14.0,-8.0,-14.0,-8.0,-14.0,-8.0,-14.0,-8.0,-13.0,-8.0,-13.0,-8.0,-13.0,-7.0,-13.0,-7.0,-13.0,-7.0,-12.0,-7.0,-12.0
3.7159,122.0,-96.0,7.0,0.0,0.0,0.0,0.0,0.0,0.0,0.0,0.0,0.0,-18.0,4.0,-14.0,3.0,-9.0,0.0,-4.0,-2.0,0.0,-5.0,5.0,-9.0,8.0,-13.0,12.0,-16.0,16.0,-19.0,17.0,-22.0,19.0,-23.0,19.0,-25.0,19.0,-25.0,18.0,-25.0,16.0,-23.0,13.0,-20.0,11.0,-17.0,9.0,-13.0,6.0,-8.0,4.0,-3.0,3.0,3.0,2.0,8.0,1.0,14.0,0.0,19.0,1.0,23.0,2.0,26.0
3.7297,122.0,-96.0,7.0,0.0,0.0,0.0,0.0,0.0,0.0,0.0,0.0,0.0,9.0,13.0,8.0,13.0,8.0,14.0,8.0,14.0,7.0,14.0,7.0,14.0,7.0,15.0,6.0,15.0,6.0,15.0,6.0,15.0,6.0,15.0,5.0,15.0,5.0,15.0,5.0,15.0,5.0,15.0,4.0,15.0,4.0,14.0,4.0,14.0,4.0,14.0,4.0,14.0,4.0,14.0,4.0,13.0,4.0,13.0,4.0,13.0,4.0,12.0,4.0,12.0
3.7432,122.0,-96.0,7.0,0.0,0.0,0.0,0.0,0.0,0.0,0.0,0.0,0.0,19.0,8.0,21.0,10.0,23.0,10.0,24.0,10.0,24.0,11.0,24.0,10.0,22.0,10.0,19.0,8.0,16.0,8.0,11.0,6.0,7.0,5.0,2.0,3.0,-3.0,3.0,-9.0,2.0,-14.0,2.0,-18.0,2.0,-22.0,2.0,-25.0,3.0,-28.0,3.0,-28.0,4.0,-28.0,5.0,-27.0,4.0,-25.0,5.0,-21.0,5.0,-18.0,4.0,-13.0,2.0
3.7573,122.0,-96.0,7.0,0.0,0.0,0.0,0.0,0.0,0.0,0.0,0.0,0.0,3.0,-21.0,3.0,-17.0,2.0,-12.0,3.0,-6.0,3.0,0.0,4.0,5.0,6.0,10.0,7.0,16.0,8.0,20.0,10.0,24.0,10.0,27.0,11.0,28.0,12.0,28.0,12.0,28.0,12.0,26.0,11.0,23.0,10.0,20.0,7.0,15.0,4.0,11.0,1.0,7.0,-4.0,3.0,-7.0,-2.0,-12.0,-5.0,-16.0,-9.0,-20.0,-10.0,-23.0,-11.0
3.7717,122.0,-96.0,7.0,0.0,0.0,0.0,0.0,0.0,0.0,0.0,0.0,0.0,0.0,-20.0,1.0,-23.0,1.0,-25.0,2.0,-27.0,2.0,-28.0,2.0,-28.0,2.0,-26.0,2.0,-24.0,3.0,-21.0,2.0,-16.0,2.0,-12.0,2.0,-7.0,3.0,-1.0,4.0,5.0,5.0,10.0,6.0,14.0,7.0,19.0,9.0,21.0,10.0,24.0,11.0,25.0,11.0,25.0,11.0,25.0,11.0,22.0,10.0,19.0,9.0,16.0,7.0,12.0
3.7848,122.0,-96.0,7.0,0.0,0.0,0.0,0.0,0.0,0.0,0.0,0.0,0.0,15.0,15.0,17.0,18.0,19.0,20.0,19.0,21.0,20.0,22.0,20.0,22.0,19.0,21.0,17.0,19.0,15.0,17.0,11.0,13.0,7.0,10.0,2.0,6.0,-2.0,3.0,-8.0,-1.0,-13.0,-3.0,-18.0,-6.0,-22.0,-7.0,-26.0,-8.0,-28.0,-9.0,-30.0,-9.0,-31.0,-8.0,-30.0,-8.0,-29.0,-7.0,-25.0,-5.0,-21.0,-4.0,-16.0,-3.0
3.7997,122.0,-96.0,7.0,0.0,0.0,0.0,0.0,0.0,0.0,0.0,0.0,0.0,1.0,-21.0,2.0,-25.0,2.0,-26.0,2.0,-28.0,2.0,-27.0,2.0,-28.0,2.0,-25.0,1.0,-22.0,2.0,-19.0,1.0,-14.0,2.0,-9.0,2.0,-4.0,3.0,1.0,4.0,7.0,6.0,12.0,7.0,16.0,9.0,20.0,10.0,22.0,11.0,24.0,12.0,25.0,13.0,24.0,12.0,23.0,11.0,21.0,10.0,18.0,9.0,15.0,6.0,11.0
3.8143,122.0,-96.0,7.0,0.0,0.0,0.0,0.0,0.0,0.0,0.0,0.0,0.0,19.0,8.0,15.0,6.0,10.0,5.0,5.0,4.0,-1.0,3.0,-7.0,3.0,-12.0,3.0,-18.0,3.0,-23.0,2.0,-27.0,4.0,-29.0,4.0,-31.0,5.0,-31.0,6.0,-31.0,6.0,-29.0,6.0,-26.0,6.0,-22.0,5.0,-17.0,3.0,-13.0,1.0,-8.0,-1.0,-3.0,-4.0,2.0,-7.0,7.0,-11.0,11.0,-14.0,13.0,-17.0,15.0,-20.0
3.8278,122.0,-96.0,7.0,0.0,0.0,0.0,0.0,0.0,0.0,0.0,0.0,0.0,-3.0,-7.0,0.0,-14.0,3.0,-19.0,5.0,-25.0,7.0,-30.0,8.0,-34.0,8.0,-36.0,9.0,-39.0,8.0,-39.0,7.0,-38.0,6.0,-35.0,5.0,-31.0,5.0,-26.0,4.0,-20.0,4.0,-13.0,4.0,-5.0,5.0,3.0,7.0,9.0,8.0,16.0,10.0,21.0,13.0,27.0,15.0,29.0,17.0,32.0,18.0,32.0,19.0,31.0,19.0,29.0
3.8404,122.0,-96.0,7.0,0.0,0.0,0.0,0.0,0.0,0.0,0.0,0.0,0.0,0.0,-24.0,1.0,-17.0,2.0,-11.0,3.0,-4.0,5.0,3.0,8.0,9.0,11.0,15.0,13.0,21.0,15.0,26.0,18.0,29.0,19.0,32.0,21.0,32.0,22.0,32.0,22.0,31.0,20.0,28.0,18.0,24.0,15.0,20.0,10.0,15.0,6.0,10.0,0.0,6.0,-6.0,3.0,-12.0,-2.0,-18.0,-5.0,-24.0,-7.0,-28.0,-8.0,-32.0,-8.0
3.8545,122.0,-96.0,7.0,0.0,0.0,0.0,0.0,0.0,0.0,0.0,0.0,0.0,-3.0,5.0,-8.0,7.0,-12.0,9.0,-17.0,11.0,-20.0,13.0,-23.0,15.0,-25.0,16.0,-26.0,17.0,-25.0,18.0,-25.0,17.0,-22.0,16.0,-20.0,14.0,-17.0,12.0,-13.0,8.0,-10.0,4.0,-6.0,0.0,-2.0,-5.0,0.0,-10.0,4.0,-15.0,5.0,-19.0,7.0,-24.0,6.0,-26.0,7.0,-29.0,6.0,-30.0,5.0,-30.0,4.0,-29.0
3.8691,122.0,-96.0,7.0,0.0,0.0,0.0,0.0,0.0,0.0,0.0,0.0,0.0,-1.0,-5.0,4.0,-7.0,9.0,-8.0,13.0,-10.0,18.0,-12.0,21.0,-14.0,23.0,-16.0,26.0,-17.0,25.0,-18.0,25.0,-18.0,23.0,-17.0,21.0,-16.0,18.0,-14.0,14.0,-11.0,11.0,-7.0,6.0,-3.0,2.0,2.0,0.0,7.0,-4.0,12.0,-6.0,16.0,-8.0,21.0,-8.0,24.0,-9.0,27.0,-8.0,28.0,-7.0,28.0,-7.0,28.0
3.883,122.0,-96.0,7.0,0.0,0.0,0.0,0.0,0.0,0.0,0.0,0.0,0.0,-14.0,19.0,-16.0,21.0,-18.0,22.0,-18.0,24.0,-19.0,24.0,-18.0,24.0,-17.0,22.0,-15.0,18.0,-13.0,15.0,-10.0,11.0,-8.0,6.0,-5.0,1.0,-3.0,-4.0,-1.0,-10.0,0.0,-16.0,1.0,-21.0,2.0,-25.0,2.0,-28.0,2.0,-31.0,2.0,-32.0,1.0,-31.0,1.0,-30.0,0.0,-28.0,-1.0,-24.0,-1.0,-20.0,-1.0,-15.0
3.897,122.0,-96.0,7.0,0.0,0.0,0.0,0.0,0.0,0.0,0.0,0.0,0.0,-20.0,-18.0,-20.0,-19.0,-19.0,-17.0,-18.0,-16.0,-15.0,-14.0,-11.0,-12.0,-8.0,-9.0,-3.0,-6.0,1.0,-4.0,6.0,-1.0,10.0,1.0,15.0,2.0,19.0,4.0,23.0,5.0,26.0,6.0,27.0,7.0,27.0,6.0,27.0,6.0,25.0,5.0,23.0,4.0,18.0,3.0,14.0,2.0,10.0,2.0,5.0,2.0,0.0,3.0,-5.0,4.0
3.91,122.0,-96.0,7.0,0.0,0.0,0.0,0.0,0.0,0.0,0.0,0.0,0.0,6.0,16.0,5.0,17.0,5.0,17.0,4.0,17.0,4.0,17.0,4.0,18.0,4.0,18.0,3.0,18.0,3.0,17.0,2.0,18.0,2.0,18.0,2.0,17.0,1.0,17.0,1.0,18.0,1.0,17.0,1.0,17.0,0.0,17.0,0.0,17.0,0.0,17.0,1.0,16.0,1.0,16.0,1.0,15.0,1.0,15.0,0.0,15.0,1.0,15.0,1.0,14.0
3.924,122.0,-96.0,7.0,0.0,0.0,0.0,0.0,0.0,0.0,0.0,0.0,0.0,-4.0,0.0,-6.0,-5.0,-8.0,-10.0,-10.0,-15.0,-12.0,-19.0,-14.0,-23.0,-15.0,-25.0,-16.0,-27.0,-17.0,-27.0,-17.0,-26.0,-17.0,-24.0,-15.0,-22.0,-13.0,-20.0,-10.0,-15.0,-6.0,-12.0,-3.0,-7.0,2.0,-3.0,7.0,0.0,12.0,3.0,16.0,6.0,21.0,8.0,24.0,8.0,27.0,9.0,28.0,8.0,28.0,7.0,28.0,6.0
3.9381,122.0,-96.0,7.0,0.0,0.0,0.0,0.0,0.0,0.0,0.0,0.0,0.0,-1.0,-4.0,4.0,-6.0,10.0,-7.0,14.0,-8.0,19.0,-10.0,23.0,-12.0,25.0,-13.0,28.0,-14.0,28.0,-15.0,27.0,-15.0,25.0,-14.0,23.0,-13.0,20.0,-11.0,15.0,-9.0,12.0,-6.0,7.0,-2.0,2.0,2.0,-1.0,7.0,-5.0,11.0,-8.0,15.0,-10.0,20.0,-11.0,23.0,-13.0,26.0,-11.0,27.0,-11.0,27.0,-10.0,27.0
3.9513,122.0,-96.0,7.0,0.0,0.0,0.0,0.0,0.0,0.0,0.0,0.0,0.0,30.0,10.0,29.0,10.0,27.0,9.0,24.0,8.0,19.0,7.0,14.0,6.0,9.0,5.0,2.0,4.0,-4.0,4.0,-10.0,4.0,-16.0,4.0,-22.0,5.0,-26.0,5.0,-31.0,7.0,-34.0,7.0,-35.0,8.0,-35.0,8.0,-33.0,8.0,-30.0,8.0,-26.0,7.0,-22.0,6.0,-17.0,4.0,-12.0,1.0,-6.0,-2.0,-1.0,-5.0,4.0,-10.0
3.9634,122.0,-96.0,7.0,0.0,0.0,0.0,0.0,0.0,0.0,0.0,0.0,0.0,-9.0,-26.0,-6.0,-19.0,-2.0,-14.0,2.0,-6.0,7.0,0.0,12.0,7.0,18.0,13.0,23.0,18.0,28.0,23.0,32.0,26.0,34.0,28.0,36.0,27.0,36.0,27.0,36.0,26.0,33.0,23.0,30.0,20.0,24.0,16.0,18.0,13.0,10.0,9.0,3.0,7.0,-5.0,5.0,-14.0,3.0,-22.0,2.0,-29.0,1.0,-34.0,2.0,-39.0,4.0
3.9779,122.0,-96.0,7.0,0.0,0.0,0.0,0.0,0.0,0.0,0.0,0.0,0.0,1.0,3.0,-3.0,6.0,-9.0,9.0,-13.0,11.0,-16.0,15.0,-20.0,17.0,-21.0,19.0,-23.0,21.0,-23.0,21.0,-22.0,21.0,-20.0,20.0,-19.0,19.0,-17.0,16.0,-13.0,12.0,-10.0,8.0,-7.0,4.0,-4.0,-2.0,-2.0,-8.0,0.0,-13.0,1.0,-18.0,2.0,-23.0,1.0,-26.0,3.0,-30.0,1.0,-30.0,0.0,-30.0,-1.0,-30.0
3.99,122.0,-96.0,7.0,0.0,0.0,0.0,0.0,0.0,0.0,0.0,0.0,0.0,3.0,-5.0,8.0,0.0,14.0,4.0,19.0,7.0,25.0,10.0,29.0,12.0,33.0,13.0,35.0,14.0,36.0,13.0,36.0,13.0,34.0,12.0,30.0,10.0,27.0,9.0,21.0,7.0,14.0,7.0,7.0,4.0,-1.0,4.0,-8.0,5.0,-15.0,5.0,-22.0,7.0,-28.0,8.0,-30.0,11.0,-35.0,12.0,-35.0,14.0,-35.0,14.0,-34.0,15.0
4.0046,122.0,-96.0,7.0,0.0,0.0,0.0,0.0,0.0,0.0,0.0,0.0,0.0,7.0,-20.0,6.0,-14.0,4.0,-9.0,4.0,-3.0,3.0,4.0,3.0,10.0,4.0,15.0,4.0,21.0,5.0,26.0,6.0,30.0,6.0,33.0,7.0,33.0,8.0,33.0,8.0,32.0,8.0,29.0,8.0,25.0,6.0,21.0,4.0,16.0,1.0,11.0,-2.0,5.0,-6.0,0.0,-10.0,-5.0,-14.0,-10.0,-18.0,-14.0,-21.0,-16.0,-25.0,-17.0
4.0175,122.0,-96.0,7.0,0.0,0.0,0.0,0.0,0.0,0.0,0.0,0.0,0.0,11.0,14.0,10.0,14.0,10.0,14.0,10.0,14.0,10.0,15.0,9.0,15.0,9.0,15.0,9.0,15.0,8.0,15.0,8.0,16.0,8.0,16.0,7.0,15.0,7.0,16.0,7.0,16.0,6.0,16.0,6.0,16.0,6.0,15.0,6.0,16.0,6.0,15.0,6.0,14.0,6.0,15.0,6.0,14.0,6.0,14.0,6.0,14.0,6.0,13.0,7.0,13.0
4.0313,122.0,-96.0,7.0,0.0,0.0,0.0,0.0,0.0,0.0,0.0,0.0,0.0,15.0,10.0,18.0,13.0,20.0,14.0,21.0,15.0,22.0,16.0,21.0,15.0,21.0,15.0,18.0,13.0,16.0,12.0,12.0,9.0,8.0,7.0,3.0,5.0,-2.0,3.0,-7.0,1.0,-12.0,-1.0,-17.0,-2.0,-21.0,-3.0,-25.0,-3.0,-26.0,-3.0,-28.0,-3.0,-29.0,-2.0,-28.0,-2.0,-26.0,-1.0,-23.0,0.0,-19.0,0.0,-15.0,0.0
4.0449,122.0,-96.0,7.0,0.0,0.0,0.0,0.0,0.0,0.0,0.0,0.0,0.0,-22.0,14.0,-22.0,14.0,-22.0,14.0,-19.0,12.0,-17.0,10.0,-14.0,8.0,-11.0,5.0,-6.0,1.0,-3.0,-3.0,0.0,-7.0,3.0,-11.0,5.0,-15.0,7.0,-19.0,10.0,-22.0,11.0,-24.0,12.0,-26.0,11.0,-26.0,11.0,-26.0,9.0,-24.0,8.0,-22.0,6.0,-19.0,5.0,-15.0,4.0,-10.0,4.0,-5.0,3.0,0.0,3.0,5.0
4.0594,122.0,-96.0,7.0,0.0,0.0,0.0,0.0,0.0,0.0,0.0,0.0,0.0,-15.0,7.0,-15.0,7.0,-15.0,7.0,-15.0,7.0,-16.0,6.0,-16.0,5.0,-16.0,5.0,-16.0,5.0,-16.0,5.0,-16.0,4.0,-16.0,4.0,-16.0,4.0,-16.0,4.0,-16.0,3.0,-16.0,3.0,-16.0,3.0,-15.0,3.0,-16.0,3.0,-16.0,2.0,-15.0,2.0,-15.0,3.0,-14.0,3.0,-14.0,2.0,-14.0,3.0,-14.0,3.0,-13.0,3.0
4.0726,122.0,-96.0,7.0,0.0,0.0,0.0,0.0,0.0,0.0,0.0,0.0,0.0,2.0,23.0,2.0,26.0,2.0,28.0,2.0,29.0,2.0,30.0,2.0,29.0,2.0,27.0,1.0,23.0,0.0,20.0,0.0,15.0,-1.0,9.0,-3.0,4.0,-5.0,-2.0,-7.0,-8.0,-10.0,-13.0,-12.0,-17.0,-14.0,-21.0,-17.0,-24.0,-18.0,-25.0,-19.0,-26.0,-20.0,-25.0,-19.0,-24.0,-18.0,-22.0,-16.0,-18.0,-13.0,-15.0,-10.0,-12.0
4.0865,122.0,-96.0,7.0,0.0,0.0,0.0,0.0,0.0,0.0,0.0,0.0,0.0,-18.0,11.0,-15.0,8.0,-11.0,5.0,-7.0,1.0,-3.0,-3.0,1.0,-8.0,3.0,-12.0,6.0,-17.0,9.0,-21.0,10.0,-25.0,12.0,-27.0,11.0,-29.0,11.0,-30.0,11.0,-29.0,9.0,-28.0,7.0,-25.0,7.0,-22.0,5.0,-17.0,4.0,-12.0,4.0,-7.0,4.0,-1.0,4.0,5.0,5.0,11.0,5.0,16.0,7.0,20.0,9.0,22.0
4.1021,122.0,-96.0,7.0,0.0,0.0,0.0,0.0,0.0,0.0,0.0,0.0,0.0,-11.0,-15.0,-10.0,-16.0,-10.0,-16.0,-10.0,-17.0,-9.0,-17.0,-9.0,-17.0,-8.0,-17.0,-8.0,-18.0,-7.0,-18.0,-7.0,-18.0,-8.0,-17.0,-7.0,-17.0,-7.0,-17.0,-6.0,-17.0,-6.0,-18.0,-6.0,-17.0,-5.0,-17.0,-5.0,-17.0,-5.0,-17.0,-5.0,-16.0,-5.0,-16.0,-5.0,-16.0,-5.0,-15.0,-6.0,-15.0,-6.0,-15.0,-6.0,-14.0
4.1139,122.0,-96.0,7.0,0.0,0.0,0.0,0.0,0.0,0.0,0.0,0.0,0.0,5.0,-3.0,10.0,-1.0,14.0,1.0,18.0,2.0,23.0,3.0,26.0,4.0,29.0,4.0,31.0,4.0,30.0,3.0,30.0,3.0,27.0,2.0,24.0,2.0,20.0,2.0,14.0,2.0,10.0,2.0,4.0,2.0,-2.0,4.0,-7.0,6.0,-13.0,8.0,-17.0,10.0,-21.0,12.0,-22.0,15.0,-26.0,16.0,-24.0,18.0,-24.0,18.0,-22.0,18.0
4.1291,122.0,-96.0,7.0,0.0,0.0,0.0,0.0,0.0,0.0,0.0,0.0,0.0,8.0,-16.0,10.0,-16.0,9.0,-15.0,10.0,-16.0,10.0,-15.0,11.0,-15.0,12.0,-15.0,12.0,-14.0,12.0,-14.0,12.0,-14.0,12.0,-14.0,12.0,-14.0,12.0,-13.0,12.0,-13.0,12.0,-12.0,12.0,-12.0,12.0,-12.0,12.0,-12.0,12.0,-12.0,11.0,-12.0,11.0,-11.0,11.0,-11.0,11.0,-11.0,10.0,-12.0,10.0,-11.0,9.0,-12.0
4.1413,122.0,-96.0,7.0,0.0,0.0,0.0,0.0,0.0,0.0,0.0,0.0,0.0,-5.0,-20.0,-3.0,-15.0,-1.0,-10.0,2.0,-5.0,5.0,1.0,9.0,6.0,13.0,10.0,16.0,15.0,19.0,18.0,22.0,21.0,24.0,23.0,25.0,23.0,26.0,23.0,25.0,22.0,23.0,19.0,21.0,16.0,17.0,13.0,12.0,11.0,7.0,8.0,2.0,5.0,-5.0,3.0,-10.0,1.0,-17.0,-1.0,-22.0,-2.0,-26.0,-1.0,-29.0,0.0
4.1549,122.0,-96.0,7.0,0.0,0.0,0.0,0.0,0.0,0.0,0.0,0.0,0.0,3.0,-2.0,6.0,2.0,9.0,7.0,12.0,11.0,15.0,15.0,18.0,18.0,20.0,19.0,21.0,22.0,22.0,21.0,22.0,21.0,21.0,19.0,19.0,17.0,16.0,15.0,13.0,11.0,8.0,9.0,3.0,6.0,-2.0,3.0,-8.0,1.0,-13.0,-1.0,-18.0,-3.0,-23.0,-4.0,-26.0,-3.0,-29.0,-4.0,-30.0,-2.0,-30.0,-1.0,-30.0,-1.0
4.1691,122.0,-96.0,7.0,0.0,0.0,0.0,0.0,0.0,0.0,0.0,0.0,0.0,5.0,1.0,8.0,6.0,10.0,10.0,13.0,14.0,15.0,17.0,17.0,20.0,19.0,21.0,20.0,23.0,21.0,22.0,20.0,21.0,19.0,19.0,16.0,17.0,14.0,14.0,10.0,11.0,6.0,8.0,1.0,5.0,-5.0,2.0,-10.0,0.0,-15.0,-2.0,-20.0,-3.0,-25.0,-4.0,-27.0,-3.0,-30.0,-3.0,-30.0,-2.0,-30.0,-1.0,-29.0,0.0
4.1834,122.0,-96.0,7.0,0.0,0.0,0.0,0.0,0.0,0.0,0.0,0.0,0.0,3.0,26.0,3.0,26.0,2.0,24.0,2.0,22.0,1.0,19.0,1.0,15.0,-1.0,11.0,-2.0,5.0,-4.0,1.0,-6.0,-4.0,-8.0,-8.0,-10.0,-12.0,-13.0,-16.0,-15.0,-20.0,-16.0,-22.0,-17.0,-23.0,-18.0,-23.0,-18.0,-23.0,-17.0,-20.0,-16.0,-18.0,-13.0,-15.0,-10.0,-12.0,-7.0,-9.0,-3.0,-6.0,1.0,-3.0,6.0,-1.0
4.1985,122.0,-96.0,7.0,0.0,0.0,0.0,0.0,0.0,0.0,0.0,0.0,0.0,-23.0,-14.0,-23.0,-14.0,-21.0,-14.0,-20.0,-12.0,-17.0,-11.0,-14.0,-9.0,-9.0,-7.0,-4.0,-5.0,1.0,-4.0,6.0,-3.0,10.0,-2.0,15.0,-1.0,19.0,0.0,23.0,0.0,26.0,0.0,28.0,0.0,28.0,-1.0,27.0,-1.0,26.0,-1.0,23.0,-2.0,19.0,-2.0,15.0,-1.0,10.0,0.0,6.0,1.0,1.0,3.0,-4.0,5.0
4.2125,122.0,-96.0,7.0,0.0,0.0,0.0,0.0,0.0,0.0,0.0,0.0,0.0,16.0,20.0,16.0,20.0,15.0,19.0,14.0,17.0,12.0,15.0,9.0,12.0,5.0,9.0,1.0,5.0,-2.0,2.0,-7.0,0.0,-11.0,-3.0,-15.0,-5.0,-19.0,-7.0,-23.0,-9.0,-25.0,-11.0,-27.0,-11.0,-28.0,-10.0,-27.0,-10.0,-26.0,-9.0,-23.0,-7.0,-19.0,-6.0,-15.0,-5.0,-11.0,-5.0,-6.0,-4.0,-1.0,-4.0,4.0,-4.0
4.2264,122.0,-96.0,7.0,0.0,0.0,0.0,0.0,0.0,0.0,0.0,0.0,0.0,-6.0,22.0,-7.0,25.0,-9.0,28.0,-8.0,28.0,-9.0,29.0,-8.0,28.0,-8.0,26.0,-7.0,23.0,-7.0,19.0,-5.0,14.0,-5.0,9.0,-4.0,3.0,-4.0,-3.0,-4.0,-10.0,-5.0,-15.0,-6.0,-20.0,-7.0,-24.0,-8.0,-28.0,-9.0,-29.0,-10.0,-31.0,-11.0,-30.0,-10.0,-29.0,-10.0,-27.0,-9.0,-22.0,-8.0,-18.0,-6.0,-14.0
4.2421,122.0,-96.0,7.0,0.0,0.0,0.0,0.0,0.0,0.0,0.0,0.0,0.0,-10.0,-13.0,-9.0,-15.0,-9.0,-14.0,-9.0,-15.0,-8.0,-15.0,-8.0,-16.0,-8.0,-15.0,-7.0,-16.0,-7.0,-16.0,-6.0,-16.0,-6.0,-16.0,-6.0,-16.0,-6.0,-16.0,-5.0,-16.0,-5.0,-16.0,-5.0,-15.0,-5.0,-15.0,-5.0,-15.0,-5.0,-15.0,-5.0,-14.0,-5.0,-15.0,-5.0,-14.0,-5.0,-14.0,-4.0,-14.0,-5.0,-13.0,-5.0,-13.0
4.255,122.0,-96.0,7.0,0.0,0.0,0.0,0.0,0.0,0.0,0.0,0.0,0.0,20.0,-3.0,15.0,-2.0,9.0,0.0,3.0,2.0,-2.0,5.0,-8.0,8.0,-12.0,11.0,-17.0,15.0,-21.0,17.0,-23.0,21.0,-25.0,22.0,-25.0,23.0,-25.0,24.0,-24.0,24.0,-22.0,22.0,-18.0,20.0,-16.0,16.0,-12.0,11.0,-9.0,6.0,-6.0,1.0,-4.0,-5.0,-1.0,-10.0,0.0,-17.0,1.0,-22.0,0.0,-26.0,0.0,-29.0
4.27,122.0,-96.0,7.0,0.0,0.0,0.0,0.0,0.0,0.0,0.0,0.0,0.0,-20.0,-6.0,-19.0,-7.0,-20.0,-8.0,-19.0,-8.0,-20.0,-9.0,-19.0,-10.0,-19.0,-10.0,-19.0,-11.0,-18.0,-11.0,-18.0,-11.0,-18.0,-11.0,-18.0,-11.0,-17.0,-11.0,-17.0,-12.0,-16.0,-12.0,-17.0,-12.0,-16.0,-12.0,-16.0,-12.0,-15.0,-12.0,-15.0,-11.0,-15.0,-11.0,-15.0,-11.0,-14.0,-11.0,-15.0,-10.0,-15.0,-10.0,-14.0,-9.0
4.2846,122.0,-96.0,7.0,0.0,0.0,0.0,0.0,0.0,0.0,0.0,0.0,0.0,-14.0,19.0,-16.0,22.0,-17.0,23.0,-18.0,24.0,-18.0,24.0,-18.0,24.0,-17.0,22.0,-15.0,19.0,-13.0,16.0,-10.0,11.0,-8.0,7.0,-5.0,1.0,-4.0,-4.0,-1.0,-10.0,0.0,-16.0,1.0,-20.0,2.0,-25.0,2.0,-28.0,1.0,-31.0,2.0,-32.0,0.0,-31.0,0.0,-30.0,0.0,-28.0,-1.0,-24.0,-2.0,-20.0,-1.0,-15.0
4.2983,122.0,-96.0,7.0,0.0,0.0,0.0,0.0,0.0,0.0,0.0,0.0,0.0,-4.0,-3.0,-1.0,-8.0,2.0,-12.0,4.0,-17.0,6.0,-21.0,7.0,-25.0,7.0,-28.0,8.0,-30.0,7.0,-31.0,7.0,-30.0,6.0,-28.0,6.0,-26.0,5.0,-23.0,4.0,-18.0,4.0,-13.0,3.0,-7.0,3.0,-1.0,5.0,5.0,5.0,11.0,7.0,15.0,9.0,20.0,11.0,22.0,12.0,26.0,13.0,25.0,14.0,25.0,14.0,25.0
4.3119,122.0,-96.0,7.0,0.0,0.0,0.0,0.0,0.0,0.0,0.0,0.0,0.0,-13.0,16.0,-16.0,19.0,-18.0,21.0,-19.0,23.0,-19.0,23.0,-20.0,24.0,-18.0,22.0,-17.0,20.0,-15.0,17.0,-12.0,13.0,-9.0,9.0,-7.0,3.0,-4.0,-2.0,-1.0,-8.0,0.0,-13.0,2.0,-18.0,4.0,-23.0,4.0,-27.0,4.0,-29.0,4.0,-31.0,3.0,-32.0,3.0,-31.0,2.0,-29.0,1.0,-25.0,0.0,-21.0,0.0,-17.0
4.3252,122.0,-96.0,7.0,0.0,0.0,0.0,0.0,0.0,0.0,0.0,0.0,0.0,4.0,2.0,6.0,7.0,7.0,12.0,9.0,17.0,11.0,20.0,12.0,24.0,14.0,25.0,15.0,27.0,16.0,26.0,15.0,26.0,14.0,23.0,12.0,20.0,10.0,17.0,7.0,13.0,3.0,9.0,0.0,5.0,-5.0,1.0,-10.0,-3.0,-15.0,-6.0,-19.0,-8.0,-23.0,-10.0,-26.0,-9.0,-28.0,-11.0,-29.0,-10.0,-29.0,-9.0,-28.0,-8.0
4.3395,122.0,-96.0,7.0,0.0,0.0,0.0,0.0,0.0,0.0,0.0,0.0,0.0,1.0,29.0,1.0,29.0,0.0,27.0,1.0,25.0,0.0,21.0,-1.0,17.0,-2.0,12.0,-3.0,6.0,-4.0,0.0,-6.0,-5.0,-8.0,-10.0,-11.0,-14.0,-13.0,-18.0,-15.0,-23.0,-16.0,-26.0,-17.0,-27.0,-18.0,-27.0,-18.0,-26.0,-18.0,-24.0,-16.0,-21.0,-14.0,-18.0,-11.0,-14.0,-7.0,-11.0,-3.0,-7.0,2.0,-4.0,7.0,-1.0
4.3534,122.0,-96.0,7.0,0.0,0.0,0.0,0.0,0.0,0.0,0.0,0.0,0.0,8.0,24.0,8.0,24.0,7.0,22.0,6.0,19.0,4.0,16.0,3.0,12.0,1.0,8.0,-2.0,3.0,-5.0,-1.0,-8.0,-5.0,-11.0,-9.0,-14.0,-12.0,-17.0,-15.0,-19.0,-17.0,-21.0,-19.0,-22.0,-19.0,-22.0,-19.0,-22.0,-18.0,-20.0,-16.0,-18.0,-14.0,-15.0,-11.0,-11.0,-9.0,-7.0,-7.0,-2.0,-5.0,2.0,-3.0,7.0,-2.0
4.3674,122.0,-96.0,7.0,0.0,0.0,0.0,0.0,0.0,0.0,0.0,0.0,0.0,13.0,13.0,15.0,16.0,17.0,18.0,18.0,19.0,19.0,19.0,18.0,19.0,17.0,18.0,16.0,16.0,13.0,15.0,10.0,11.0,7.0,8.0,3.0,5.0,-2.0,2.0,-7.0,-1.0,-12.0,-3.0,-16.0,-5.0,-20.0,-6.0,-23.0,-7.0,-26.0,-7.0,-27.0,-8.0,-28.0,-7.0,-27.0,-7.0,-26.0,-5.0,-23.0,-4.0,-19.0,-3.0,-15.0,-3.0
4.3808,122.0,-96.0,7.0,0.0,0.0,0.0,0.0,0.0,0.0,0.0,0.0,0.0,12.0,10.0,12.0,10.0,12.0,10.0,11.0,11.0,12.0,11.0,11.0,12.0,10.0,12.0,10.0,12.0,10.0,12.0,10.0,13.0,9.0,13.0,9.0,13.0,9.0,13.0,9.0,13.0,8.0,13.0,8.0,13.0,8.0,12.0,8.0,12.0,7.0,12.0,7.0,12.0,7.0,12.0,7.0,11.0,7.0,12.0,7.0,11.0,7.0,11.0,7.0,10.0
4.3943,122.0,-96.0,7.0,0.0,0.0,0.0,0.0,0.0,0.0,0.0,0.0,0.0,4.0,-21.0,3.0,-17.0,3.0,-12.0,3.0,-6.0,3.0,0.0,4.0,5.0,5.0,10.0,6.0,16.0,7.0,20.0,9.0,24.0,9.0,27.0,10.0,28.0,11.0,29.0,11.0,28.0,11.0,26.0,11.0,23.0,9.0,20.0,6.0,16.0,4.0,11.0,1.0,7.0,-4.0,2.0,-7.0,-2.0,-12.0,-6.0,-16.0,-10.0,-19.0,-11.0,-23.0,-12.0
4.4103,122.0,-96.0,7.0,0.0,0.0,0.0,0.0,0.0,0.0,0.0,0.0,0.0,-3.0,3.0,-8.0,1.0,-12.0,-1.0,-17.0,-3.0,-22.0,-4.0,-26.0,-5.0,-28.0,-5.0,-31.0,-6.0,-31.0,-5.0,-31.0,-5.0,-29.0,-4.0,-26.0,-3.0,-23.0,-3.0,-18.0,-3.0,-13.0,-3.0,-8.0,-3.0,-1.0,-4.0,4.0,-6.0,10.0,-8.0,15.0,-10.0,19.0,-12.0,21.0,-14.0,24.0,-16.0,23.0,-18.0,23.0,-18.0,22.0,-19.0
4.4236,122.0,-96.0,7.0,0.0,0.0,0.0,0.0,0.0,0.0,0.0,0.0,0.0,-4.0,-2.0,-3.0,-7.0,-2.0,-12.0,-1.0,-17.0,-1.0,-22.0,-1.0,-26.0,-2.0,-29.0,-2.0,-32.0,-3.0,-32.0,-3.0,-31.0,-4.0,-29.0,-3.0,-27.0,-3.0,-24.0,-2.0,-19.0,0.0,-14.0,1.0,-8.0,3.0,-2.0,6.0,3.0,9.0,8.0,12.0,12.0,15.0,16.0,18.0,17.0,20.0,20.0,21.0,19.0,22.0,19.0,22.0,18.0
4.4387,122.0,-96.0,7.0,0.0,0.0,0.0,0.0,0.0,0.0,0.0,0.0,0.0,8.0,-14.0,8.0,-14.0,8.0,-14.0,9.0,-14.0,9.0,-14.0,10.0,-14.0,10.0,-13.0,10.0,-13.0,10.0,-13.0,11.0,-12.0,11.0,-12.0,11.0,-12.0,11.0,-11.0,12.0,-11.0,11.0,-11.0,11.0,-11.0,11.0,-11.0,11.0,-10.0,11.0,-10.0,10.0,-10.0,10.0,-10.0,10.0,-11.0,10.0,-10.0,10.0,-10.0,9.0,-10.0,9.0,-10.0
4.4529,122.0,-96.0,7.0,0.0,0.0,0.0,0.0,0.0,0.0,0.0,0.0,0.0,31.0,-6.0,30.0,-6.0,28.0,-6.0,25.0,-5.0,21.0,-3.0,15.0,-2.0,10.0,0.0,4.0,2.0,-1.0,5.0,-8.0,8.0,-12.0,11.0,-17.0,14.0,-20.0,18.0,-23.0,20.0,-26.0,21.0,-27.0,24.0,-25.0,24.0,-25.0,23.0,-22.0,22.0,-19.0,19.0,-16.0,16.0,-12.0,11.0,-9.0,7.0,-6.0,1.0,-3.0,-4.0,-1.0,-10.0
4.4676,122.0,-96.0,7.0,0.0,0.0,0.0,0.0,0.0,0.0,0.0,0.0,0.0,-19.0,11.0,-22.0,12.0,-24.0,13.0,-24.0,13.0,-24.0,13.0,-24.0,13.0,-22.0,11.0,-19.0,10.0,-17.0,8.0,-13.0,6.0,-9.0,2.0,-5.0,-1.0,-1.0,-5.0,3.0,-9.0,6.0,-13.0,9.0,-16.0,11.0,-19.0,13.0,-22.0,13.0,-24.0,14.0,-25.0,13.0,-25.0,13.0,-24.0,11.0,-23.0,9.0,-20.0,7.0,-16.0,5.0,-13.0
4.4811,122.0,-96.0,7.0,0.0,0.0,0.0,0.0,0.0,0.0,0.0,0.0,0.0,-8.0,16.0,-9.0,16.0,-9.0,16.0,-10.0,16.0,-10.0,16.0,-10.0,15.0,-11.0,15.0,-11.0,15.0,-11.0,14.0,-12.0,14.0,-12.0,14.0,-12.0,14.0,-12.0,13.0,-12.0,13.0,-12.0,13.0,-12.0,13.0,-12.0,13.0,-12.0,12.0,-12.0,12.0,-12.0,11.0,-11.0,12.0,-11.0,11.0,-11.0,11.0,-11.0,11.0,-10.0,11.0,-10.0,11.0
4.4952,122.0,-96.0,7.0,0.0,0.0,0.0,0.0,0.0,0.0,0.0,0.0,0.0,3.0,1.0,2.0,6.0,0.0,11.0,-2.0,17.0,-2.0,21.0,-3.0,25.0,-3.0,28.0,-3.0,31.0,-2.0,31.0,-2.0,30.0,-1.0,28.0,-1.0,26.0,-1.0,22.0,-1.0,17.0,-2.0,12.0,-3.0,7.0,-4.0,0.0,-6.0,-5.0,-8.0,-11.0,-10.0,-15.0,-13.0,-19.0,-16.0,-21.0,-18.0,-24.0,-19.0,-23.0,-20.0,-23.0,-20.0,-22.0
4.5113,122.0,-96.0,7.0,0.0,0.0,0.0,0.0,0.0,0.0,0.0,0.0,0.0,-14.0,-9.0,-14.0,-10.0,-14.0,-10.0,-14.0,-10.0,-14.0,-11.0,-13.0,-11.0,-13.0,-11.0,-13.0,-12.0,-12.0,-12.0,-12.0,-12.0,-12.0,-12.0,-12.0,-12.0,-11.0,-12.0,-11.0,-13.0,-11.0,-13.0,-11.0,-12.0,-11.0,-12.0,-11.0,-12.0,-10.0,-12.0,-10.0,-11.0,-10.0,-11.0,-10.0,-11.0,-10.0,-11.0,-10.0,-11.0,-9.0,-10.0,-10.0,-10.0
4.5249,122.0,-96.0,7.0,0.0,0.0,0.0,0.0,0.0,0.0,0.0,0.0,0.0,-2.0,-20.0,-1.0,-23.0,-2.0,-25.0,-2.0,-27.0,-2.0,-28.0,-2.0,-28.0,-1.0,-26.0,-2.0,-24.0,-1.0,-21.0,0.0,-16.0,0.0,-12.0,1.0,-7.0,3.0,-2.0,4.0,4.0,7.0,9.0,8.0,13.0,11.0,17.0,12.0,19.0,14.0,22.0,15.0,23.0,16.0,22.0,16.0,22.0,15.0,20.0,14.0,17.0,12.0,14.0,9.0,11.0
4.5383,122.0,-96.0,7.0,0.0,0.0,0.0,0.0,0.0,0.0,0.0,0.0,0.0,8.0,-20.0,9.0,-23.0,10.0,-25.0,10.0,-25.0,11.0,-26.0,10.0,-25.0,9.0,-23.0,8.0,-20.0,8.0,-17.0,6.0,-13.0,5.0,-8.0,4.0,-3.0,3.0,3.0,2.0,8.0,2.0,13.0,2.0,17.0,2.0,21.0,3.0,24.0,3.0,26.0,4.0,28.0,5.0,27.0,5.0,26.0,5.0,24.0,4.0,20.0,4.0,16.0,2.0,13.0
4.5516,122.0,-96.0,7.0,0.0,0.0,0.0,0.0,0.0,0.0,0.0,0.0,0.0,16.0,1.0,16.0,1.0,16.0,2.0,16.0,2.0,16.0,3.0,16.0,3.0,16.0,3.0,15.0,4.0,15.0,4.0,16.0,5.0,15.0,5.0,15.0,5.0,14.0,5.0,15.0,6.0,14.0,6.0,14.0,5.0,14.0,5.0,14.0,6.0,13.0,6.0,13.0,5.0,13.0,5.0,13.0,5.0,12.0,5.0,12.0,5.0,12.0,4.0,12.0,4.0
4.565,122.0,-96.0,7.0,0.0,0.0,0.0,0.0,0.0,0.0,0.0,0.0,0.0,10.0,16.0,11.0,19.0,12.0,21.0,13.0,23.0,14.0,23.0,14.0,23.0,13.0,22.0,12.0,20.0,10.0,17.0,7.0,14.0,4.0,10.0,1.0,6.0,-3.0,2.0,-7.0,-2.0,-11.0,-5.0,-14.0,-8.0,-18.0,-10.0,-21.0,-12.0,-24.0,-13.0,-25.0,-13.0,-26.0,-12.0,-26.0,-12.0,-24.0,-11.0,-21.0,-9.0,-18.0,-7.0,-14.0,-6.0
4.5793,122.0,-96.0,7.0,0.0,0.0,0.0,0.0,0.0,0.0,0.0,0.0,0.0,-19.0,0.0,-14.0,-1.0,-9.0,-2.0,-4.0,-3.0,1.0,-5.0,7.0,-7.0,11.0,-10.0,16.0,-13.0,19.0,-15.0,22.0,-17.0,24.0,-18.0,24.0,-20.0,24.0,-20.0,23.0,-20.0,20.0,-18.0,17.0,-17.0,14.0,-14.0,11.0,-10.0,8.0,-6.0,5.0,-2.0,2.0,3.0,0.0,8.0,-3.0,14.0,-5.0,19.0,-4.0,22.0,-4.0,25.0
4.5946,122.0,-96.0,7.0,0.0,0.0,0.0,0.0,0.0,0.0,0.0,0.0,0.0,-6.0,1.0,-10.0,-2.0,-15.0,-5.0,-19.0,-7.0,-23.0,-9.0,-26.0,-10.0,-28.0,-11.0,-30.0,-12.0,-30.0,-11.0,-29.0,-10.0,-27.0,-8.0,-24.0,-7.0,-20.0,-6.0,-15.0,-5.0,-10.0,-5.0,-4.0,-4.0,2.0,-4.0,8.0,-6.0,14.0,-6.0,18.0,-7.0,22.0,-9.0,24.0,-10.0,27.0,-11.0,26.0,-13.0,26.0,-14.0,25.0,-14.0
4.6093,122.0,-96.0,7.0,0.0,0.0,0.0,0.0,0.0,0.0,0.0,0.0,0.0,20.0,5.0,15.0,4.0,10.0,3.0,5.0,3.0,-1.0,3.0,-7.0,3.0,-11.0,5.0,-17.0,6.0,-21.0,6.0,-25.0,8.0,-28.0,9.0,-30.0,10.0,-30.0,11.0,-29.0,11.0,-27.0,11.0,-24.0,11.0,-21.0,9.0,-17.0,7.0,-12.0,4.0,-8.0,1.0,-3.0,-4.0,1.0,-7.0,4.0,-12.0,8.0,-16.0,9.0,-20.0,10.0,-23.0
4.6232,122.0,-96.0,7.0,0.0,0.0,0.0,0.0,0.0,0.0,0.0,0.0,0.0,-21.0,-5.0,-16.0,-4.0,-12.0,-4.0,-7.0,-4.0,-1.0,-4.0,5.0,-5.0,10.0,-6.0,15.0,-7.0,20.0,-8.0,23.0,-10.0,26.0,-10.0,28.0,-12.0,28.0,-13.0,28.0,-13.0,26.0,-13.0,22.0,-12.0,19.0,-10.0,15.0,-8.0,11.0,-5.0,7.0,-2.0,3.0,2.0,-2.0,6.0,-5.0,11.0,-9.0,15.0,-10.0,19.0,-10.0,22.0
4.6379,95.0,-16.0,5.0,0.0,0.0,0.0,0.0,0.0,0.0,0.0,0.0,0.0,-8.0,-20.0,-8.0,-24.0,-10.0,-27.0,-9.0,-28.0,-10.0,-30.0,-10.0,-29.0,-10.0,-28.0,-9.0,-25.0,-7.0,-22.0,-6.0,-18.0,-3.0,-13.0,0.0,-8.0,3.0,-3.0,6.0,3.0,10.0,7.0,13.0,11.0,16.0,14.0,20.0,17.0,21.0,18.0,24.0,19.0,24.0,19.0,24.0,18.0,23.0,17.0,20.0,14.0,17.0,11.0,13.0,9.0
4.6504,122.0,-96.0,7.0,0.0,0.0,0.0,0.0,0.0,0.0,0.0,0.0,0.0,-1.0,-24.0,-1.0,-19.0,0.0,-13.0,1.0,-8.0,3.0,-2.0,6.0,4.0,9.0,10.0,11.0,15.0,14.0,20.0,16.0,23.0,17.0,26.0,19.0,27.0,20.0,27.0,20.0,27.0,20.0,24.0,18.0,21.0,16.0,18.0,12.0,15.0,8.0,11.0,3.0,7.0,-2.0,4.0,-8.0,0.0,-14.0,-3.0,-20.0,-5.0,-24.0,-6.0,-27.0,-5.0
4.6628,122.0,-96.0,7.0,0.0,0.0,0.0,0.0,0.0,0.0,0.0,0.0,0.0,17.0,3.0,17.0,4.0,17.0,4.0,17.0,5.0,18.0,5.0,17.0,5.0,17.0,6.0,17.0,7.0,16.0,7.0,16.0,8.0,16.0,7.0,16.0,7.0,16.0,8.0,16.0,8.0,15.0,8.0,15.0,8.0,14.0,8.0,15.0,8.0,14.0,8.0,14.0,7.0,14.0,7.0,13.0,7.0,13.0,7.0,13.0,7.0,13.0,6.0,13.0,6.0
4.6754,122.0,-96.0,7.0,0.0,0.0,0.0,0.0,0.0,0.0,0.0,0.0,0.0,-12.0,20.0,-10.0,15.0,-8.0,10.0,-6.0,5.0,-4.0,-1.0,-3.0,-8.0,-3.0,-14.0,-2.0,-20.0,-1.0,-25.0,-2.0,-30.0,-1.0,-33.0,-2.0,-35.0,-3.0,-35.0,-3.0,-35.0,-4.0,-33.0,-5.0,-29.0,-4.0,-25.0,-3.0,-20.0,-1.0,-14.0,1.0,-8.0,4.0,-3.0,7.0,3.0,10.0,9.0,13.0,14.0,16.0,17.0,20.0,19.0
4.6881,122.0,-96.0,7.0,0.0,0.0,0.0,0.0,0.0,0.0,0.0,0.0,0.0,-3.0,-4.0,1.0,-9.0,5.0,-13.0,8.0,-17.0,11.0,-22.0,13.0,-26.0,14.0,-29.0,16.0,-31.0,15.0,-32.0,14.0,-31.0,12.0,-30.0,11.0,-27.0,10.0,-24.0,7.0,-19.0,7.0,-13.0,4.0,-7.0,4.0,0.0,4.0,6.0,4.0,13.0,4.0,18.0,6.0,24.0,7.0,27.0,8.0,31.0,10.0,31.0,11.0,30.0,12.0,30.0
4.7032,122.0,-96.0,7.0,0.0,0.0,0.0,0.0,0.0,0.0,0.0,0.0,0.0,15.0,-9.0,15.0,-9.0,15.0,-9.0,16.0,-9.0,16.0,-8.0,16.0,-8.0,16.0,-7.0,17.0,-7.0,16.0,-7.0,17.0,-6.0,16.0,-6.0,17.0,-6.0,16.0,-5.0,17.0,-5.0,16.0,-5.0,16.0,-5.0,16.0,-5.0,16.0,-4.0,16.0,-4.0,15.0,-4.0,15.0,-5.0,14.0,-5.0,14.0,-4.0,14.0,-4.0,14.0,-5.0,13.0,-5.0
4.7178,122.0,-96.0,7.0,0.0,0.0,0.0,0.0,0.0,0.0,0.0,0.0,0.0,-8.0,15.0,-8.0,15.0,-9.0,15.0,-9.0,15.0,-10.0,15.0,-11.0,15.0,-10.0,14.0,-11.0,14.0,-11.0,13.0,-11.0,13.0,-12.0,13.0,-12.0,13.0,-12.0,12.0,-12.0,12.0,-12.0,12.0,-11.0,12.0,-12.0,12.0,-11.0,11.0,-12.0,11.0,-11.0,11.0,-11.0,11.0,-10.0,11.0,-11.0,10.0,-10.0,11.0,-10.0,10.0,-9.0,10.0
4.731,122.0,-96.0,7.0,0.0,0.0,0.0,0.0,0.0,0.0,0.0,0.0,0.0,13.0,16.0,15.0,18.0,16.0,20.0,17.0,21.0,17.0,21.0,17.0,20.0,15.0,19.0,13.0,16.0,11.0,14.0,7.0,11.0,4.0,7.0,0.0,4.0,-4.0,1.0,-9.0,-2.0,-14.0,-4.0,-18.0,-6.0,-22.0,-8.0,-24.0,-8.0,-27.0,-9.0,-27.0,-9.0,-28.0,-8.0,-27.0,-8.0,-25.0,-6.0,-22.0,-5.0,-18.0,-4.0,-14.0,-3.0
4.7446,122.0,-96.0,7.0,0.0,0.0,0.0,0.0,0.0,0.0,0.0,0.0,0.0,26.0,12.0,26.0,12.0,25.0,11.0,22.0,10.0,19.0,10.0,15.0,8.0,10.0,6.0,4.0,4.0,-1.0,4.0,-7.0,2.0,-13.0,2.0,-18.0,1.0,-23.0,1.0,-27.0,1.0,-30.0,1.0,-32.0,2.0,-32.0,2.0,-32.0,3.0,-29.0,3.0,-27.0,3.0,-22.0,3.0,-18.0,2.0,-13.0,0.0,-8.0,-2.0,-2.0,-4.0,3.0,-7.0
4.7605,122.0,-96.0,7.0,0.0,0.0,0.0,0.0,0.0,0.0,0.0,0.0,0.0,-21.0,2.0,-21.0,1.0,-21.0,1.0,-21.0,1.0,-21.0,0.0,-22.0,-1.0,-21.0,-1.0,-21.0,-2.0,-21.0,-2.0,-21.0,-3.0,-21.0,-3.0,-21.0,-3.0,-20.0,-3.0,-20.0,-4.0,-20.0,-4.0,-20.0,-3.0,-19.0,-4.0,-19.0,-4.0,-19.0,-4.0,-19.0,-3.0,-19.0,-3.0,-18.0,-3.0,-18.0,-3.0,-17.0,-3.0,-17.0,-3.0,-17.0,-2.0
4.7729,122.0,-96.0,7.0,0.0,0.0,0.0,0.0,0.0,0.0,0.0,0.0,0.0,-5.0,26.0,-4.0,20.0,-4.0,14.0,-4.0,7.0,-5.0,0.0,-6.0,-7.0,-9.0,-14.0,-10.0,-20.0,-12.0,-26.0,-14.0,-31.0,-14.0,-34.0,-16.0,-36.0,-17.0,-36.0,-17.0,-36.0,-17.0,-33.0,-16.0,-28.0,-14.0,-25.0,-11.0,-20.0,-7.0,-15.0,-3.0,-10.0,3.0,-5.0,8.0,0.0,14.0,5.0,20.0,9.0,25.0,10.0,29.0,11.0
4.786,122.0,-96.0,7.0,0.0,0.0,0.0,0.0,0.0,0.0,0.0,0.0,0.0,-17.0,7.0,-13.0,4.0,-9.0,1.0,-5.0,-2.0,0.0,-6.0,4.0,-10.0,7.0,-13.0,11.0,-17.0,14.0,-21.0,15.0,-23.0,17.0,-25.0,17.0,-27.0,17.0,-27.0,16.0,-26.0,14.0,-25.0,11.0,-22.0,9.0,-18.0,8.0,-13.0,6.0,-8.0,4.0,-3.0,3.0,3.0,2.0,8.0,2.0,14.0,1.0,19.0,2.0,22.0,3.0,25.0
4.8024,122.0,-96.0,7.0,0.0,0.0,0.0,0.0,0.0,0.0,0.0,0.0,0.0,-14.0,-12.0,-14.0,-13.0,-14.0,-13.0,-13.0,-14.0,-13.0,-14.0,-13.0,-15.0,-12.0,-14.0,-12.0,-15.0,-11.0,-15.0,-12.0,-16.0,-11.0,-15.0,-11.0,-15.0,-10.0,-15.0,-11.0,-16.0,-10.0,-15.0,-10.0,-15.0,-10.0,-15.0,-10.0,-15.0,-9.0,-15.0,-9.0,-14.0,-9.0,-14.0,-9.0,-14.0,-9.0,-14.0,-9.0,-13.0,-9.0,-13.0,-9.0,-12.0
4.816,122.0,-96.0,7.0,0.0,0.0,0.0,0.0,0.0,0.0,0.0,0.0,0.0,4.0,-2.0,7.0,5.0,10.0,11.0,12.0,17.0,15.0,22.0,18.0,26.0,20.0,29.0,21.0,32.0,23.0,31.0,23.0,31.0,22.0,28.0,20.0,25.0,17.0,22.0,14.0,17.0,8.0,13.0,3.0,8.0,-3.0,3.0,-10.0,0.0,-16.0,-4.0,-21.0,-6.0,-28.0,-8.0,-31.0,-8.0,-36.0,-9.0,-37.0,-7.0,-37.0,-6.0,-36.0,-5.0
4.8287,102.0,96.0,6.0,0.0,0.0,0.0,0.0,0.0,0.0,0.0,0.0,0.0,-2.0,21.0,-3.0,23.0,-3.0,26.0,-3.0,26.0,-3.0,27.0,-3.0,26.0,-3.0,24.0,-3.0,21.0,-3.0,18.0,-3.0,13.0,-3.0,8.0,-3.0,3.0,-4.0,-2.0,-5.0,-8.0,-6.0,-13.0,-8.0,-17.0,-9.0,-21.0,-11.0,-24.0,-12.0,-25.0,-13.0,-26.0,-14.0,-25.0,-13.0,-25.0,-13.0,-22.0,-11.0,-19.0,-10.0,-15.0,-7.0,-12.0
4.8421,102.0,96.0,6.0,0.0,0.0,0.0,0.0,0.0,0.0,0.0,0.0,0.0,-21.0,-3.0,-17.0,-3.0,-12.0,-3.0,-7.0,-3.0,-1.0,-4.0,5.0,-6.0,10.0,-7.0,15.0,-9.0,20.0,-10.0,23.0,-12.0,26.0,-13.0,27.0,-15.0,27.0,-16.0,27.0,-16.0,25.0,-16.0,21.0,-14.0,19.0,-12.0,14.0,-9.0,11.0,-6.0,7.0,-3.0,3.0,2.0,-1.0,6.0,-4.0,12.0,-7.0,16.0,-8.0,20.0,-8.0,23.0
4.8557,122.0,-96.0,7.0,0.0,0.0,0.0,0.0,0.0,0.0,0.0,0.0,0.0,19.0,10.0,19.0,12.0,19.0,12.0,19.0,13.0,18.0,13.0,18.0,14.0,18.0,14.0,17.0,15.0,17.0,15.0,17.0,15.0,17.0,15.0,16.0,15.0,15.0,15.0,15.0,16.0,14.0,16.0,14.0,16.0,14.0,15.0,14.0,15.0,13.0,16.0,13.0,15.0,13.0,15.0,13.0,14.0,13.0,14.0,13.0,14.0,13.0,13.0,13.0,12.0
4.8703,122.0,-96.0,7.0,0.0,0.0,0.0,0.0,0.0,0.0,0.0,0.0,0.0,12.0,-20.0,16.0,-23.0,17.0,-26.0,18.0,-27.0,20.0,-28.0,19.0,-28.0,19.0,-26.0,17.0,-24.0,15.0,-21.0,11.0,-16.0,9.0,-11.0,6.0,-5.0,4.0,1.0,1.0,8.0,-1.0,13.0,-3.0,19.0,-4.0,25.0,-4.0,29.0,-3.0,31.0,-4.0,34.0,-3.0,34.0,-2.0,34.0,-1.0,31.0,-1.0,27.0,0.0,23.0,0.0,18.0
4.8835,122.0,-96.0,7.0,0.0,0.0,0.0,0.0,0.0,0.0,0.0,0.0,0.0,3.0,-5.0,9.0,-5.0,14.0,-5.0,19.0,-6.0,23.0,-6.0,26.0,-8.0,28.0,-8.0,30.0,-8.0,30.0,-9.0,29.0,-9.0,26.0,-9.0,23.0,-8.0,19.0,-6.0,14.0,-5.0,10.0,-2.0,5.0,1.0,-1.0,4.0,-5.0,8.0,-9.0,12.0,-12.0,15.0,-15.0,19.0,-16.0,21.0,-18.0,24.0,-16.0,25.0,-16.0,25.0,-15.0,24.0
4.8992,122.0,-96.0,7.0,0.0,0.0,0.0,0.0,0.0,0.0,0.0,0.0,0.0,-13.0,-10.0,-13.0,-10.0,-12.0,-10.0,-13.0,-10.0,-12.0,-10.0,-13.0,-11.0,-12.0,-10.0,-12.0,-11.0,-12.0,-11.0,-12.0,-11.0,-12.0,-12.0,-12.0,-12.0,-12.0,-11.0,-12.0,-12.0,-12.0,-12.0,-12.0,-11.0,-12.0,-12.0,-12.0,-12.0,-12.0,-12.0,-12.0,-12.0,-12.0,-12.0,-12.0,-11.0,-12.0,-12.0,-11.0,-12.0,-12.0,-11.0,-12.0,-11.0
4.9147,122.0,-96.0,7.0,0.0,0.0,0.0,0.0,0.0,0.0,0.0,0.0,0.0,-6.0,0.0,-10.0,-2.0,-15.0,-5.0,-18.0,-8.0,-23.0,-10.0,-26.0,-12.0,-28.0,-12.0,-29.0,-13.0,-29.0,-12.0,-29.0,-11.0,-26.0,-10.0,-24.0,-9.0,-20.0,-8.0,-15.0,-6.0,-10.0,-6.0,-4.0,-4.0,3.0,-4.0,8.0,-5.0,14.0,-5.0,18.0,-6.0,23.0,-7.0,25.0,-8.0,28.0,-9.0,28.0,-11.0,27.0,-11.0,26.0,-11.0
4.9281,122.0,-96.0,7.0,0.0,0.0,0.0,0.0,0.0,0.0,0.0,0.0,0.0,17.0,8.0,19.0,10.0,22.0,11.0,23.0,12.0,24.0,12.0,24.0,12.0,23.0,12.0,20.0,10.0,18.0,9.0,14.0,8.0,9.0,6.0,4.0,4.0,-1.0,3.0,-7.0,1.0,-12.0,1.0,-17.0,0.0,-21.0,0.0,-25.0,1.0,-26.0,1.0,-28.0,1.0,-29.0,2.0,-28.0,2.0,-26.0,2.0,-23.0,3.0,-19.0,2.0,-15.0,2.0
4.9425,122.0,-96.0,7.0,0.0,0.0,0.0,0.0,0.0,0.0,0.0,0.0,0.0,5.0,25.0,5.0,25.0,4.0,24.0,4.0,22.0,3.0,19.0,2.0,15.0,0.0,11.0,-2.0,5.0,-4.0,1.0,-6.0,-4.0,-9.0,-8.0,-11.0,-11.0,-14.0,-15.0,-16.0,-18.0,-18.0,-21.0,-19.0,-22.0,-20.0,-21.0,-20.0,-21.0,-19.0,-19.0,-17.0,-17.0,-14.0,-14.0,-11.0,-11.0,-8.0,-9.0,-3.0,-6.0,1.0,-4.0,6.0,-2.0
4.9561,122.0,-96.0,7.0,0.0,0.0,0.0,0.0,0.0,0.0,0.0,0.0,0.0,-18.0,23.0,-17.0,22.0,-17.0,21.0,-14.0,18.0,-13.0,15.0,-10.0,11.0,-8.0,6.0,-5.0,0.0,-3.0,-5.0,-2.0,-11.0,0.0,-15.0,1.0,-20.0,2.0,-24.0,3.0,-28.0,3.0,-30.0,3.0,-33.0,2.0,-31.0,1.0,-31.0,0.0,-28.0,0.0,-25.0,0.0,-20.0,0.0,-16.0,1.0,-11.0,2.0,-5.0,4.0,1.0,6.0,5.0
4.9681,122.0,-96.0,7.0,0.0,0.0,0.0,0.0,0.0,0.0,0.0,0.0,0.0,6.0,-1.0,11.0,3.0,14.0,7.0,19.0,10.0,23.0,13.0,27.0,15.0,28.0,15.0,30.0,16.0,30.0,15.0,29.0,14.0,27.0,13.0,24.0,11.0,20.0,10.0,15.0,7.0,9.0,6.0,3.0,4.0,-4.0,3.0,-10.0,3.0,-17.0,3.0,-22.0,3.0,-27.0,5.0,-29.0,6.0,-33.0,7.0,-33.0,9.0,-32.0,9.0,-31.0,10.0
4.9827,122.0,-96.0,7.0,0.0,0.0,0.0,0.0,0.0,0.0,0.0,0.0,0.0,-1.0,4.0,-4.0,8.0,-8.0,11.0,-11.0,14.0,-13.0,17.0,-15.0,19.0,-16.0,21.0,-18.0,22.0,-17.0,22.0,-16.0,22.0,-14.0,21.0,-13.0,18.0,-11.0,15.0,-8.0,11.0,-7.0,6.0,-5.0,2.0,-3.0,-4.0,-2.0,-9.0,-1.0,-14.0,0.0,-18.0,-1.0,-22.0,-1.0,-25.0,-2.0,-27.0,-4.0,-27.0,-4.0,-27.0,-4.0,-26.0
4.9961,122.0,-96.0,7.0,0.0,0.0,0.0,0.0,0.0,0.0,0.0,0.0,0.0,13.0,-17.0,10.0,-13.0,7.0,-9.0,5.0,-4.0,3.0,1.0,1.0,7.0,0.0,12.0,-2.0,17.0,-3.0,22.0,-3.0,26.0,-5.0,29.0,-4.0,30.0,-3.0,31.0,-3.0,31.0,-2.0,29.0,-1.0,25.0,-1.0,22.0,-1.0,17.0,-2.0,12.0,-2.0,6.0,-4.0,1.0,-6.0,-5.0,-8.0,-10.0,-10.0,-15.0,-13.0,-18.0,-15.0,-20.0
5.0096,122.0,-96.0,7.0,0.0,0.0,0.0,0.0,0.0,0.0,0.0,0.0,0.0,21.0,15.0,21.0,15.0,20.0,15.0,18.0,13.0,15.0,12.0,12.0,9.0,8.0,8.0,3.0,4.0,-2.0,3.0,-7.0,1.0,-11.0,0.0,-16.0,-2.0,-20.0,-2.0,-24.0,-4.0,-27.0,-4.0,-29.0,-5.0,-29.0,-4.0,-28.0,-4.0,-26.0,-3.0,-24.0,-2.0,-20.0,-1.0,-16.0,-2.0,-11.0,-2.0,-6.0,-3.0,-1.0,-4.0,3.0,-5.0
