time,sc_0,sc_1,sc_2,sc_3,sc_4,sc_5,sc_6,sc_7,sc_8,sc_9,sc_10,sc_11,sc_12,sc_13,sc_14,sc_15,sc_16,sc_17,sc_18,sc_19,sc_20,sc_21,sc_22,sc_23,sc_24,sc_25,sc_26,sc_27,sc_28,sc_29,sc_30,sc_31,sc_32,sc_33,sc_34,sc_35,sc_36,sc_37,sc_38,sc_39,sc_40,sc_41,sc_42,sc_43,sc_44,sc_45,sc_46,sc_47,sc_48,sc_49,sc_50,sc_51,sc_52,sc_53,sc_54,sc_55,sc_56,sc_57,sc_58,sc_59,sc_60,sc_61,sc_62,sc_63
0.012,122.0,-96.0,7.0,0.0,0.0,0.0,0.0,0.0,0.0,0.0,0.0,0.0,19.0,0.0,23.0,1.0,26.0,2.0,28.0,2.0,29.0,1.0,29.0,1.0,28.0,1.0,26.0,1.0,23.0,1.0,18.0,1.0,13.0,1.0,8.0,2.0,2.0,4.0,-4.0,6.0,-9.0,8.0,-14.0,10.0,-19.0,13.0,-22.0,15.0,-24.0,17.0,-25.0,19.0,-25.0,20.0,-25.0,20.0,-22.0,19.0,-19.0,17.0,-16.0,15.0,-13.0,12.0
0.0243,122.0,-96.0,7.0,0.0,0.0,0.0,0.0,0.0,0.0,0.0,0.0,0.0,-25.0,-15.0,-24.0,-15.0,-24.0,-15.0,-22.0,-13.0,-19.0,-12.0,-15.0,-10.0,-11.0,-9.0,-6.0,-7.0,0.0,-6.0,5.0,-5.0,11.0,-5.0,16.0,-4.0,21.0,-4.0,25.0,-5.0,29.0,-4.0,30.0,-5.0,31.0,-6.0,31.0,-6.0,29.0,-7.0,26.0,-7.0,21.0,-6.0,17.0,-5.0,13.0,-2.0,8.0,0.0,3.0,3.0,-2.0,7.0
0.0341,122.0,-96.0,7.0,0.0,0.0,0.0,0.0,0.0,0.0,0.0,0.0,0.0,22.0,-14.0,18.0,-11.0,13.0,-8.0,9.0,-3.0,5.0,2.0,1.0,8.0,-2.0,14.0,-5.0,20.0,-8.0,26.0,-9.0,31.0,-10.0,34.0,-9.0,37.0,-9.0,38.0,-8.0,39.0,-7.0,37.0,-4.0,33.0,-5.0,28.0,-4.0,23.0,-4.0,16.0,-5.0,9.0,-6.0,2.0,-8.0,-5.0,-11.0,-12.0,-14.0,-18.0,-18.0,-21.0,-22.0,-24.0
0.0448,122.0,-96.0,7.0,0.0,0.0,0.0,0.0,0.0,0.0,0.0,0.0,0.0,-9.0,-19.0,-11.0,-23.0,-12.0,-25.0,-13.0,-27.0,-13.0,-28.0,-13.0,-27.0,-13.0,-26.0,-12.0,-24.0,-10.0,-21.0,-7.0,-17.0,-4.0,-13.0,-1.0,-8.0,3.0,-4.0,7.0,0.0,12.0,3.0,16.0,7.0,20.0,10.0,24.0,11.0,26.0,12.0,28.0,12.0,29.0,11.0,29.0,11.0,27.0,10.0,24.0,8.0,20.0,6.0,16.0,5.0
0.0672,122.0,-96.0,7.0,0.0,0.0,0.0,0.0,0.0,0.0,0.0,0.0,0.0,2.0,-6.0,8.0,-7.0,14.0,-9.0,19.0,-10.0,23.0,-12.0,27.0,-14.0,29.0,-15.0,31.0,-15.0,30.0,-17.0,29.0,-16.0,26.0,-16.0,23.0,-14.0,20.0,-11.0,15.0,-8.0,11.0,-4.0,5.0,0.0,1.0,5.0,-3.0,10.0,-7.0,15.0,-10.0,19.0,-12.0,24.0,-12.0,27.0,-14.0,30.0,-12.0,31.0,-11.0,31.0,-10.0,30.0
0.0836,122.0,-96.0,7.0,0.0,0.0,0.0,0.0,0.0,0.0,0.0,0.0,0.0,-16.0,-8.0,-16.0,-9.0,-16.0,-9.0,-15.0,-10.0,-16.0,-11.0,-15.0,-11.0,-15.0,-11.0,-15.0,-12.0,-14.0,-12.0,-14.0,-12.0,-14.0,-13.0,-14.0,-12.0,-13.0,-13.0,-14.0,-13.0,-13.0,-13.0,-13.0,-12.0,-12.0,-12.0,-12.0,-13.0,-12.0,-13.0,-11.0,-12.0,-11.0,-12.0,-12.0,-12.0,-11.0,-12.0,-12.0,-12.0,-11.0,-11.0,-12.0,-11.0
0.0985,122.0,-96.0,7.0,0.0,0.0,0.0,0.0,0.0,0.0,0.0,0.0,0.0,-16.0,14.0,-17.0,14.0,-17.0,14.0,-18.0,14.0,-18.0,13.0,-19.0,13.0,-19.0,13.0,-20.0,12.0,-19.0,12.0,-20.0,11.0,-20.0,11.0,-20.0,10.0,-20.0,10.0,-20.0,10.0,-20.0,9.0,-20.0,9.0,-19.0,10.0,-20.0,9.0,-19.0,9.0,-19.0,9.0,-19.0,9.0,-18.0,9.0,-18.0,8.0,-18.0,9.0,-17.0,9.0,-17.0,9.0
0.1114,122.0,-96.0,7.0,0.0,0.0,0.0,0.0,0.0,0.0,0.0,0.0,0.0,8.0,19.0,8.0,20.0,7.0,20.0,8.0,20.0,7.0,21.0,6.0,21.0,6.0,21.0,5.0,21.0,5.0,21.0,4.0,21.0,4.0,21.0,4.0,21.0,3.0,21.0,3.0,21.0,3.0,21.0,3.0,21.0,3.0,20.0,2.0,20.0,2.0,20.0,2.0,19.0,2.0,20.0,3.0,19.0,2.0,19.0,3.0,18.0,3.0,18.0,4.0,17.0
0.124,122.0,-96.0,7.0,0.0,0.0,0.0,0.0,0.0,0.0,0.0,0.0,0.0,19.0,0.0,22.0,1.0,24.0,1.0,26.0,2.0,27.0,1.0,27.0,2.0,25.0,1.0,23.0,1.0,20.0,2.0,15.0,1.0,11.0,2.0,5.0,2.0,0.0,3.0,-6.0,4.0,-11.0,5.0,-15.0,7.0,-19.0,8.0,-22.0,10.0,-25.0,11.0,-25.0,12.0,-25.0,13.0,-25.0,13.0,-23.0,12.0,-20.0,11.0,-17.0,9.0,-13.0,7.0
0.138,102.0,96.0,6.0,0.0,0.0,0.0,0.0,0.0,0.0,0.0,0.0,0.0,12.0,-15.0,15.0,-17.0,16.0,-19.0,17.0,-20.0,18.0,-21.0,18.0,-21.0,18.0,-19.0,15.0,-17.0,14.0,-15.0,11.0,-12.0,8.0,-8.0,5.0,-4.0,3.0,1.0,-1.0,6.0,-2.0,11.0,-4.0,15.0,-6.0,20.0,-6.0,23.0,-7.0,26.0,-7.0,27.0,-6.0,27.0,-6.0,27.0,-5.0,25.0,-4.0,22.0,-3.0,18.0,-3.0,14.0
0.1516,122.0,-96.0,7.0,0.0,0.0,0.0,0.0,0.0,0.0,0.0,0.0,0.0,3.0,4.0,3.0,9.0,3.0,14.0,3.0,19.0,4.0,23.0,4.0,26.0,5.0,29.0,5.0,31.0,6.0,30.0,6.0,29.0,6.0,26.0,5.0,23.0,4.0,20.0,2.0,15.0,0.0,10.0,-2.0,4.0,-5.0,-1.0,-9.0,-6.0,-12.0,-10.0,-15.0,-14.0,-19.0,-17.0,-21.0,-18.0,-23.0,-20.0,-24.0,-19.0,-25.0,-18.0,-24.0,-17.0
0.166,102.0,96.0,6.0,0.0,0.0,0.0,0.0,0.0,0.0,0.0,0.0,0.0,-27.0,-13.0,-27.0,-13.0,-25.0,-13.0,-23.0,-12.0,-19.0,-10.0,-16.0,-9.0,-11.0,-8.0,-5.0,-6.0,0.0,-4.0,6.0,-4.0,12.0,-3.0,17.0,-3.0,21.0,-3.0,26.0,-2.0,30.0,-2.0,31.0,-2.0,32.0,-3.0,30.0,-3.0,29.0,-4.0,25.0,-4.0,21.0,-4.0,16.0,-3.0,11.0,-1.0,7.0,1.0,1.0,3.0,-4.0,6.0
0.1824,123.0,-80.0,7.0,0.0,0.0,0.0,0.0,0.0,0.0,0.0,0.0,0.0,-12.0,-9.0,-12.0,-10.0,-12.0,-10.0,-12.0,-11.0,-12.0,-11.0,-12.0,-11.0,-11.0,-11.0,-11.0,-12.0,-11.0,-12.0,-11.0,-12.0,-11.0,-12.0,-11.0,-12.0,-10.0,-12.0,-10.0,-13.0,-10.0,-12.0,-9.0,-12.0,-9.0,-12.0,-10.0,-12.0,-9.0,-12.0,-9.0,-12.0,-9.0,-12.0,-9.0,-11.0,-9.0,-11.0,-9.0,-11.0,-9.0,-11.0,-9.0,-10.0
0.1962,122.0,-96.0,7.0,0.0,0.0,0.0,0.0,0.0,0.0,0.0,0.0,0.0,24.0,15.0,24.0,14.0,23.0,14.0,21.0,12.0,18.0,11.0,14.0,9.0,9.0,7.0,4.0,5.0,-1.0,3.0,-8.0,2.0,-13.0,1.0,-18.0,0.0,-23.0,0.0,-27.0,-1.0,-30.0,-1.0,-32.0,-1.0,-32.0,0.0,-32.0,0.0,-29.0,1.0,-26.0,1.0,-22.0,2.0,-18.0,1.0,-13.0,-1.0,-7.0,-2.0,-2.0,-4.0,3.0,-6.0
0.2079,122.0,-96.0,7.0,0.0,0.0,0.0,0.0,0.0,0.0,0.0,0.0,0.0,-21.0,-10.0,-17.0,-8.0,-12.0,-7.0,-6.0,-5.0,1.0,-5.0,7.0,-4.0,13.0,-4.0,19.0,-4.0,24.0,-4.0,28.0,-5.0,32.0,-5.0,33.0,-6.0,34.0,-7.0,34.0,-8.0,31.0,-8.0,27.0,-8.0,23.0,-7.0,18.0,-5.0,13.0,-3.0,8.0,0.0,2.0,4.0,-3.0,7.0,-8.0,11.0,-13.0,15.0,-15.0,19.0,-17.0,22.0
0.2204,122.0,-96.0,7.0,0.0,0.0,0.0,0.0,0.0,0.0,0.0,0.0,0.0,-17.0,-12.0,-12.0,-10.0,-7.0,-7.0,-1.0,-5.0,5.0,-3.0,11.0,-1.0,16.0,-1.0,22.0,1.0,27.0,2.0,30.0,2.0,33.0,2.0,34.0,1.0,35.0,0.0,33.0,0.0,31.0,0.0,27.0,-1.0,22.0,-1.0,16.0,0.0,10.0,1.0,5.0,2.0,-1.0,5.0,-8.0,7.0,-13.0,10.0,-18.0,13.0,-21.0,16.0,-23.0,19.0
0.2372,122.0,-96.0,7.0,0.0,0.0,0.0,0.0,0.0,0.0,0.0,0.0,0.0,-9.0,-13.0,-9.0,-14.0,-9.0,-14.0,-9.0,-14.0,-8.0,-14.0,-8.0,-15.0,-8.0,-15.0,-7.0,-15.0,-7.0,-15.0,-6.0,-15.0,-7.0,-15.0,-6.0,-15.0,-6.0,-15.0,-6.0,-15.0,-5.0,-15.0,-6.0,-15.0,-6.0,-14.0,-5.0,-15.0,-5.0,-15.0,-5.0,-14.0,-5.0,-14.0,-6.0,-14.0,-5.0,-14.0,-5.0,-13.0,-5.0,-13.0,-6.0,-12.0
0.2513,122.0,-96.0,7.0,0.0,0.0,0.0,0.0,0.0,0.0,0.0,0.0,0.0,10.0,-19.0,12.0,-23.0,13.0,-25.0,14.0,-26.0,15.0,-27.0,15.0,-27.0,14.0,-25.0,13.0,-23.0,12.0,-20.0,9.0,-15.0,7.0,-11.0,5.0,-5.0,3.0,1.0,1.0,7.0,0.0,12.0,-1.0,18.0,-1.0,23.0,-1.0,26.0,-1.0,29.0,0.0,31.0,0.0,31.0,0.0,30.0,1.0,28.0,2.0,24.0,1.0,20.0,1.0,16.0
0.2649,122.0,-96.0,7.0,0.0,0.0,0.0,0.0,0.0,0.0,0.0,0.0,0.0,-20.0,12.0,-16.0,9.0,-12.0,5.0,-8.0,1.0,-3.0,-3.0,1.0,-8.0,4.0,-13.0,8.0,-18.0,10.0,-23.0,12.0,-27.0,14.0,-30.0,14.0,-31.0,14.0,-32.0,14.0,-32.0,12.0,-30.0,10.0,-27.0,8.0,-23.0,7.0,-18.0,6.0,-13.0,5.0,-6.0,4.0,0.0,4.0,6.0,4.0,13.0,4.0,19.0,6.0,23.0,8.0,26.0
0.2783,122.0,-96.0,7.0,0.0,0.0,0.0,0.0,0.0,0.0,0.0,0.0,0.0,20.0,6.0,20.0,7.0,20.0,7.0,20.0,8.0,20.0,8.0,19.0,9.0,19.0,9.0,19.0,10.0,19.0,10.0,19.0,11.0,19.0,10.0,18.0,10.0,18.0,11.0,18.0,12.0,17.0,12.0,17.0,11.0,17.0,11.0,17.0,12.0,16.0,11.0,16.0,11.0,16.0,11.0,16.0,10.0,16.0,10.0,15.0,10.0,16.0,9.0,15.0,9.0
0.2938,122.0,-96.0,7.0,0.0,0.0,0.0,0.0,0.0,0.0,0.0,0.0,0.0,-4.0,-3.0,-1.0,-9.0,1.0,-14.0,4.0,-19.0,6.0,-24.0,7.0,-28.0,7.0,-31.0,8.0,-34.0,8.0,-34.0,7.0,-34.0,6.0,-32.0,5.0,-29.0,5.0,-25.0,4.0,-20.0,4.0,-14.0,3.0,-8.0,4.0,0.0,5.0,6.0,6.0,12.0,8.0,18.0,10.0,23.0,12.0,25.0,13.0,29.0,15.0,29.0,16.0,28.0,16.0,28.0
0.304,122.0,-96.0,7.0,0.0,0.0,0.0,0.0,0.0,0.0,0.0,0.0,0.0,-19.0,-7.0,-14.0,-6.0,-9.0,-5.0,-3.0,-5.0,4.0,-5.0,11.0,-5.0,15.0,-5.0,21.0,-6.0,26.0,-7.0,30.0,-8.0,32.0,-8.0,33.0,-9.0,33.0,-10.0,32.0,-10.0,29.0,-10.0,25.0,-9.0,21.0,-7.0,15.0,-5.0,10.0,-2.0,5.0,1.0,0.0,5.0,-5.0,9.0,-9.0,13.0,-13.0,17.0,-15.0,21.0,-16.0,24.0
0.3201,122.0,-96.0,7.0,0.0,0.0,0.0,0.0,0.0,0.0,0.0,0.0,0.0,-12.0,-10.0,-13.0,-11.0,-12.0,-10.0,-12.0,-11.0,-12.0,-11.0,-12.0,-12.0,-12.0,-12.0,-11.0,-13.0,-11.0,-12.0,-10.0,-13.0,-11.0,-13.0,-10.0,-13.0,-10.0,-13.0,-10.0,-13.0,-10.0,-13.0,-9.0,-12.0,-10.0,-13.0,-9.0,-13.0,-9.0,-13.0,-9.0,-12.0,-9.0,-12.0,-9.0,-12.0,-9.0,-12.0,-9.0,-12.0,-9.0,-11.0,-9.0,-11.0
0.3341,122.0,-96.0,7.0,0.0,0.0,0.0,0.0,0.0,0.0,0.0,0.0,0.0,22.0,4.0,26.0,6.0,28.0,6.0,29.0,7.0,29.0,6.0,28.0,6.0,26.0,6.0,22.0,5.0,19.0,5.0,14.0,4.0,9.0,4.0,3.0,4.0,-3.0,4.0,-10.0,3.0,-15.0,5.0,-20.0,5.0,-24.0,6.0,-28.0,7.0,-29.0,8.0,-30.0,8.0,-30.0,10.0,-29.0,9.0,-27.0,9.0,-23.0,8.0,-18.0,7.0,-14.0,5.0
0.348,122.0,-96.0,7.0,0.0,0.0,0.0,0.0,0.0,0.0,0.0,0.0,0.0,-26.0,-4.0,-26.0,-4.0,-24.0,-4.0,-21.0,-3.0,-17.0,-3.0,-13.0,-3.0,-8.0,-4.0,-3.0,-4.0,2.0,-5.0,7.0,-6.0,11.0,-7.0,16.0,-8.0,19.0,-10.0,23.0,-10.0,25.0,-11.0,26.0,-12.0,26.0,-12.0,24.0,-13.0,22.0,-12.0,19.0,-11.0,15.0,-9.0,12.0,-7.0,8.0,-4.0,4.0,0.0,0.0,3.0,-2.0,7.0
0.3621,122.0,-96.0,7.0,0.0,0.0,0.0,0.0,0.0,0.0,0.0,0.0,0.0,19.0,11.0,15.0,9.0,10.0,7.0,5.0,5.0,-2.0,3.0,-8.0,2.0,-14.0,2.0,-20.0,1.0,-25.0,0.0,-30.0,1.0,-33.0,0.0,-35.0,1.0,-35.0,2.0,-35.0,2.0,-33.0,3.0,-29.0,4.0,-25.0,3.0,-20.0,2.0,-15.0,0.0,-8.0,-2.0,-3.0,-5.0,3.0,-8.0,9.0,-11.0,14.0,-14.0,17.0,-18.0,19.0,-21.0
0.3761,122.0,-96.0,7.0,0.0,0.0,0.0,0.0,0.0,0.0,0.0,0.0,0.0,15.0,13.0,17.0,15.0,19.0,17.0,20.0,17.0,20.0,18.0,19.0,17.0,18.0,16.0,15.0,13.0,13.0,12.0,9.0,9.0,5.0,7.0,1.0,4.0,-4.0,1.0,-9.0,-1.0,-14.0,-3.0,-18.0,-4.0,-22.0,-5.0,-25.0,-6.0,-27.0,-6.0,-28.0,-6.0,-28.0,-5.0,-28.0,-4.0,-25.0,-4.0,-22.0,-3.0,-18.0,-2.0,-14.0,-2.0
0.3905,122.0,-96.0,7.0,0.0,0.0,0.0,0.0,0.0,0.0,0.0,0.0,0.0,-22.0,1.0,-23.0,0.0,-23.0,0.0,-23.0,0.0,-23.0,-1.0,-23.0,-2.0,-23.0,-2.0,-23.0,-3.0,-23.0,-3.0,-22.0,-4.0,-23.0,-4.0,-22.0,-4.0,-22.0,-4.0,-22.0,-5.0,-22.0,-5.0,-21.0,-4.0,-21.0,-5.0,-21.0,-5.0,-21.0,-5.0,-21.0,-5.0,-20.0,-5.0,-20.0,-4.0,-19.0,-4.0,-19.0,-4.0,-19.0,-3.0,-19.0,-3.0
0.4029,122.0,-96.0,7.0,0.0,0.0,0.0,0.0,0.0,0.0,0.0,0.0,0.0,-3.0,-5.0,3.0,-9.0,8.0,-13.0,13.0,-17.0,18.0,-21.0,21.0,-24.0,23.0,-27.0,26.0,-29.0,25.0,-30.0,24.0,-30.0,22.0,-28.0,20.0,-26.0,18.0,-23.0,14.0,-18.0,11.0,-12.0,7.0,-6.0,4.0,2.0,2.0,8.0,0.0,15.0,-1.0,22.0,-2.0,28.0,0.0,32.0,-1.0,36.0,1.0,37.0,2.0,37.0,3.0,36.0
0.416,122.0,-96.0,7.0,0.0,0.0,0.0,0.0,0.0,0.0,0.0,0.0,0.0,18.0,8.0,18.0,9.0,17.0,10.0,18.0,10.0,17.0,10.0,17.0,11.0,17.0,11.0,16.0,12.0,16.0,12.0,16.0,13.0,16.0,13.0,15.0,13.0,15.0,13.0,15.0,13.0,14.0,14.0,14.0,13.0,14.0,13.0,14.0,13.0,13.0,13.0,13.0,13.0,13.0,13.0,13.0,12.0,13.0,12.0,13.0,12.0,12.0,11.0,13.0,11.0
0.4303,122.0,-96.0,7.0,0.0,0.0,0.0,0.0,0.0,0.0,0.0,0.0,0.0,16.0,23.0,15.0,22.0,14.0,21.0,12.0,19.0,9.0,16.0,7.0,12.0,3.0,9.0,-1.0,4.0,-5.0,0.0,-10.0,-3.0,-14.0,-7.0,-18.0,-9.0,-22.0,-11.0,-25.0,-14.0,-27.0,-15.0,-29.0,-15.0,-29.0,-15.0,-28.0,-14.0,-26.0,-13.0,-23.0,-10.0,-19.0,-8.0,-14.0,-7.0,-9.0,-6.0,-3.0,-5.0,2.0,-4.0,8.0,-4.0
0.4442,122.0,-96.0,7.0,0.0,0.0,0.0,0.0,0.0,0.0,0.0,0.0,0.0,-5.0,-15.0,-5.0,-15.0,-5.0,-15.0,-5.0,-16.0,-4.0,-16.0,-3.0,-16.0,-3.0,-16.0,-3.0,-17.0,-2.0,-16.0,-2.0,-16.0,-2.0,-16.0,-2.0,-16.0,-2.0,-16.0,-1.0,-16.0,-1.0,-16.0,-1.0,-15.0,0.0,-15.0,-1.0,-16.0,0.0,-15.0,0.0,-15.0,0.0,-15.0,0.0,-15.0,-1.0,-14.0,0.0,-14.0,-1.0,-14.0,-1.0,-14.0
0.4587,122.0,-96.0,7.0,0.0,0.0,0.0,0.0,0.0,0.0,0.0,0.0,0.0,-23.0,12.0,-22.0,12.0,-21.0,11.0,-19.0,10.0,-16.0,7.0,-12.0,5.0,-9.0,2.0,-4.0,-1.0,-1.0,-5.0,3.0,-9.0,5.0,-13.0,8.0,-16.0,10.0,-19.0,13.0,-22.0,14.0,-24.0,14.0,-25.0,13.0,-25.0,13.0,-25.0,12.0,-23.0,10.0,-20.0,8.0,-16.0,6.0,-12.0,5.0,-8.0,3.0,-3.0,3.0,2.0,2.0,7.0
0.4728,122.0,-96.0,7.0,0.0,0.0,0.0,0.0,0.0,0.0,0.0,0.0,0.0,23.0,-22.0,23.0,-21.0,21.0,-20.0,18.0,-17.0,16.0,-14.0,12.0,-10.0,9.0,-6.0,5.0,0.0,1.0,5.0,-2.0,11.0,-4.0,15.0,-7.0,20.0,-8.0,25.0,-10.0,29.0,-11.0,31.0,-12.0,34.0,-10.0,33.0,-10.0,32.0,-9.0,29.0,-7.0,26.0,-6.0,21.0,-5.0,16.0,-5.0,10.0,-5.0,3.0,-5.0,-3.0,-6.0,-9.0
0.4869,122.0,-96.0,7.0,0.0,0.0,0.0,0.0,0.0,0.0,0.0,0.0,0.0,-11.0,16.0,-12.0,16.0,-12.0,15.0,-13.0,16.0,-14.0,15.0,-14.0,15.0,-14.0,15.0,-14.0,14.0,-14.0,14.0,-15.0,13.0,-15.0,13.0,-15.0,13.0,-15.0,13.0,-16.0,12.0,-16.0,12.0,-15.0,12.0,-15.0,12.0,-15.0,11.0,-15.0,11.0,-14.0,11.0,-14.0,11.0,-14.0,11.0,-14.0,11.0,-13.0,11.0,-13.0,11.0,-13.0,11.0
0.4998,122.0,-96.0,7.0,0.0,0.0,0.0,0.0,0.0,0.0,0.0,0.0,0.0,-6.0,22.0,-5.0,17.0,-5.0,12.0,-4.0,6.0,-5.0,-1.0,-5.0,-7.0,-6.0,-13.0,-7.0,-19.0,-8.0,-24.0,-10.0,-28.0,-10.0,-32.0,-12.0,-33.0,-13.0,-33.0,-13.0,-33.0,-13.0,-30.0,-12.0,-27.0,-10.0,-23.0,-8.0,-18.0,-5.0,-13.0,-1.0,-8.0,3.0,-4.0,7.0,1.0,12.0,6.0,17.0,10.0,21.0,12.0,24.0,13.0
0.5135,122.0,-96.0,7.0,0.0,0.0,0.0,0.0,0.0,0.0,0.0,0.0,0.0,7.0,17.0,8.0,21.0,8.0,23.0,9.0,25.0,9.0,25.0,9.0,25.0,8.0,24.0,8.0,21.0,6.0,19.0,4.0,14.0,2.0,11.0,0.0,6.0,-3.0,1.0,-6.0,-4.0,-10.0,-7.0,-13.0,-11.0,-16.0,-14.0,-18.0,-16.0,-21.0,-18.0,-22.0,-19.0,-23.0,-18.0,-22.0,-18.0,-21.0,-16.0,-19.0,-13.0,-16.0,-11.0,-12.0,-9.0
0.5263,122.0,-96.0,7.0,0.0,0.0,0.0,0.0,0.0,0.0,0.0,0.0,0.0,-7.0,-22.0,-5.0,-17.0,-2.0,-11.0,2.0,-5.0,6.0,1.0,10.0,7.0,15.0,11.0,19.0,15.0,23.0,20.0,26.0,22.0,28.0,24.0,30.0,24.0,31.0,23.0,30.0,22.0,28.0,20.0,25.0,17.0,20.0,14.0,15.0,11.0,9.0,8.0,2.0,5.0,-5.0,4.0,-12.0,2.0,-19.0,1.0,-25.0,0.0,-30.0,1.0,-34.0,2.0
0.541,122.0,-96.0,7.0,0.0,0.0,0.0,0.0,0.0,0.0,0.0,0.0,0.0,-21.0,-7.0,-23.0,-8.0,-25.0,-9.0,-26.0,-9.0,-26.0,-9.0,-26.0,-9.0,-24.0,-9.0,-21.0,-7.0,-17.0,-7.0,-13.0,-6.0,-8.0,-5.0,-3.0,-4.0,2.0,-4.0,8.0,-3.0,13.0,-4.0,17.0,-4.0,21.0,-4.0,24.0,-5.0,26.0,-5.0,28.0,-6.0,27.0,-7.0,26.0,-6.0,24.0,-6.0,20.0,-6.0,16.0,-5.0,12.0,-4.0
0.5535,122.0,-96.0,7.0,0.0,0.0,0.0,0.0,0.0,0.0,0.0,0.0,0.0,18.0,8.0,17.0,9.0,17.0,10.0,17.0,10.0,17.0,11.0,17.0,11.0,17.0,11.0,16.0,12.0,16.0,12.0,16.0,13.0,15.0,13.0,15.0,13.0,14.0,13.0,14.0,14.0,14.0,14.0,14.0,13.0,14.0,13.0,13.0,13.0,13.0,13.0,13.0,12.0,13.0,12.0,13.0,11.0,13.0,12.0,13.0,12.0,12.0,11.0,12.0,10.0
0.5669,122.0,-96.0,7.0,0.0,0.0,0.0,0.0,0.0,0.0,0.0,0.0,0.0,12.0,-27.0,12.0,-27.0,12.0,-25.0,11.0,-23.0,10.0,-20.0,8.0,-15.0,6.0,-11.0,5.0,-5.0,3.0,0.0,2.0,6.0,2.0,11.0,1.0,17.0,1.0,21.0,0.0,26.0,0.0,29.0,0.0,31.0,1.0,32.0,1.0,30.0,1.0,29.0,1.0,25.0,2.0,21.0,1.0,17.0,-1.0,12.0,-2.0,6.0,-4.0,1.0,-7.0,-5.0
0.585,122.0,-96.0,7.0,0.0,0.0,0.0,0.0,0.0,0.0,0.0,0.0,0.0,20.0,2.0,14.0,2.0,8.0,2.0,2.0,3.0,-4.0,4.0,-10.0,5.0,-15.0,7.0,-21.0,9.0,-26.0,10.0,-28.0,12.0,-31.0,13.0,-32.0,14.0,-32.0,15.0,-31.0,15.0,-28.0,14.0,-24.0,13.0,-20.0,10.0,-16.0,7.0,-11.0,3.0,-6.0,-1.0,-2.0,-6.0,2.0,-10.0,6.0,-15.0,9.0,-20.0,11.0,-24.0,11.0,-27.0
0.5962,122.0,-96.0,7.0,0.0,0.0,0.0,0.0,0.0,0.0,0.0,0.0,0.0,16.0,-11.0,19.0,-12.0,21.0,-13.0,23.0,-14.0,23.0,-14.0,24.0,-14.0,22.0,-13.0,20.0,-12.0,18.0,-10.0,14.0,-8.0,10.0,-5.0,6.0,-2.0,2.0,2.0,-2.0,6.0,-6.0,10.0,-9.0,13.0,-12.0,17.0,-13.0,20.0,-15.0,22.0,-15.0,23.0,-15.0,24.0,-14.0,24.0,-13.0,22.0,-11.0,20.0,-9.0,16.0,-7.0,13.0
0.6102,122.0,-96.0,7.0,0.0,0.0,0.0,0.0,0.0,0.0,0.0,0.0,0.0,-8.0,17.0,-10.0,20.0,-11.0,22.0,-13.0,24.0,-12.0,24.0,-13.0,24.0,-12.0,23.0,-11.0,20.0,-10.0,17.0,-8.0,13.0,-6.0,9.0,-5.0,4.0,-4.0,-1.0,-2.0,-7.0,-2.0,-12.0,-1.0,-17.0,-1.0,-21.0,-1.0,-24.0,-2.0,-27.0,-2.0,-28.0,-3.0,-28.0,-3.0,-28.0,-3.0,-26.0,-4.0,-23.0,-4.0,-19.0,-3.0,-15.0
0.6266,122.0,-96.0,7.0,0.0,0.0,0.0,0.0,0.0,0.0,0.0,0.0,0.0,-11.0,-17.0,-11.0,-18.0,-10.0,-18.0,-10.0,-18.0,-10.0,-19.0,-9.0,-19.0,-8.0,-19.0,-8.0,-19.0,-8.0,-19.0,-8.0,-19.0,-7.0,-20.0,-7.0,-20.0,-7.0,-19.0,-7.0,-19.0,-6.0,-20.0,-6.0,-19.0,-6.0,-19.0,-5.0,-19.0,-5.0,-19.0,-5.0,-18.0,-6.0,-18.0,-6.0,-17.0,-6.0,-17.0,-6.0,-17.0,-6.0,-16.0,-7.0,-16.0
0.6382,122.0,-96.0,7.0,0.0,0.0,0.0,0.0,0.0,0.0,0.0,0.0,0.0,2.0,-4.0,8.0,-2.0,13.0,1.0,18.0,3.0,23.0,5.0,28.0,6.0,31.0,7.0,33.0,7.0,33.0,6.0,33.0,6.0,31.0,5.0,28.0,5.0,24.0,4.0,19.0,3.0,13.0,4.0,7.0,3.0,0.0,4.0,-6.0,5.0,-13.0,6.0,-18.0,8.0,-24.0,10.0,-26.0,12.0,-30.0,14.0,-29.0,16.0,-29.0,17.0,-28.0,17.0
0.6527,122.0,-96.0,7.0,0.0,0.0,0.0,0.0,0.0,0.0,0.0,0.0,0.0,23.0,-17.0,23.0,-16.0,21.0,-15.0,19.0,-13.0,16.0,-11.0,12.0,-8.0,8.0,-4.0,4.0,0.0,0.0,4.0,-3.0,9.0,-7.0,13.0,-9.0,17.0,-11.0,21.0,-14.0,24.0,-15.0,26.0,-16.0,28.0,-15.0,28.0,-14.0,27.0,-12.0,25.0,-10.0,22.0,-8.0,18.0,-7.0,13.0,-6.0,8.0,-5.0,3.0,-4.0,-3.0,-4.0,-9.0
0.665,122.0,-96.0,7.0,0.0,0.0,0.0,0.0,0.0,0.0,0.0,0.0,0.0,0.0,-5.0,5.0,-5.0,11.0,-5.0,16.0,-5.0,20.0,-6.0,25.0,-7.0,27.0,-8.0,30.0,-8.0,30.0,-9.0,29.0,-9.0,27.0,-9.0,25.0,-8.0,21.0,-7.0,17.0,-6.0,12.0,-3.0,7.0,-1.0,1.0,3.0,-3.0,6.0,-8.0,10.0,-11.0,13.0,-15.0,18.0,-16.0,20.0,-18.0,23.0,-17.0,24.0,-17.0,25.0,-16.0,25.0
0.6774,122.0,-96.0,7.0,0.0,0.0,0.0,0.0,0.0,0.0,0.0,0.0,0.0,23.0,3.0,27.0,4.0,30.0,5.0,32.0,5.0,33.0,5.0,33.0,5.0,31.0,5.0,28.0,5.0,24.0,5.0,19.0,4.0,13.0,3.0,6.0,3.0,0.0,4.0,-8.0,4.0,-13.0,5.0,-19.0,6.0,-24.0,7.0,-29.0,9.0,-31.0,10.0,-33.0,10.0,-33.0,12.0,-33.0,11.0,-30.0,11.0,-26.0,11.0,-22.0,9.0,-17.0,7.0
0.6901,122.0,-96.0,7.0,0.0,0.0,0.0,0.0,0.0,0.0,0.0,0.0,0.0,2.0,4.0,2.0,8.0,1.0,13.0,1.0,17.0,1.0,21.0,2.0,24.0,2.0,26.0,2.0,28.0,3.0,27.0,3.0,26.0,3.0,24.0,3.0,21.0,1.0,18.0,1.0,13.0,-1.0,9.0,-2.0,4.0,-5.0,-1.0,-7.0,-6.0,-10.0,-10.0,-12.0,-13.0,-15.0,-17.0,-17.0,-18.0,-19.0,-20.0,-20.0,-19.0,-20.0,-19.0,-20.0,-18.0
0.7032,122.0,-96.0,7.0,0.0,0.0,0.0,0.0,0.0,0.0,0.0,0.0,0.0,-3.0,-21.0,-2.0,-16.0,0.0,-10.0,2.0,-4.0,5.0,2.0,8.0,8.0,11.0,12.0,14.0,17.0,17.0,21.0,19.0,23.0,21.0,26.0,22.0,26.0,23.0,26.0,22.0,24.0,21.0,22.0,19.0,19.0,15.0,16.0,11.0,12.0,6.0,8.0,1.0,5.0,-5.0,2.0,-10.0,0.0,-17.0,-3.0,-22.0,-5.0,-26.0,-4.0,-30.0,-4.0
0.717,122.0,-96.0,7.0,0.0,0.0,0.0,0.0,0.0,0.0,0.0,0.0,0.0,20.0,-2.0,16.0,-2.0,11.0,-1.0,6.0,1.0,0.0,3.0,-5.0,6.0,-9.0,8.0,-14.0,11.0,-18.0,13.0,-21.0,15.0,-25.0,16.0,-25.0,18.0,-25.0,19.0,-25.0,19.0,-23.0,18.0,-19.0,17.0,-17.0,15.0,-14.0,11.0,-11.0,7.0,-7.0,3.0,-4.0,-3.0,-1.0,-8.0,1.0,-13.0,4.0,-18.0,4.0,-22.0,4.0,-25.0
0.7304,122.0,-96.0,7.0,0.0,0.0,0.0,0.0,0.0,0.0,0.0,0.0,0.0,3.0,6.0,0.0,13.0,-2.0,18.0,-3.0,24.0,-3.0,29.0,-4.0,34.0,-4.0,37.0,-5.0,39.0,-3.0,39.0,-3.0,37.0,-2.0,34.0,-2.0,30.0,-2.0,25.0,-2.0,19.0,-3.0,12.0,-4.0,5.0,-6.0,-3.0,-8.0,-9.0,-11.0,-16.0,-13.0,-21.0,-16.0,-27.0,-18.0,-29.0,-20.0,-32.0,-22.0,-31.0,-23.0,-30.0,-23.0,-29.0
0.7442,122.0,-96.0,7.0,0.0,0.0,0.0,0.0,0.0,0.0,0.0,0.0,0.0,3.0,0.0,3.0,6.0,2.0,11.0,2.0,16.0,3.0,21.0,3.0,25.0,3.0,27.0,3.0,30.0,4.0,30.0,4.0,30.0,5.0,28.0,4.0,25.0,3.0,22.0,3.0,17.0,0.0,12.0,-1.0,7.0,-3.0,1.0,-7.0,-4.0,-10.0,-9.0,-12.0,-13.0,-16.0,-17.0,-19.0,-19.0,-21.0,-21.0,-23.0,-20.0,-23.0,-20.0,-23.0,-19.0
0.7582,122.0,-96.0,7.0,0.0,0.0,0.0,0.0,0.0,0.0,0.0,0.0,0.0,-29.0,-16.0,-29.0,-16.0,-28.0,-15.0,-25.0,-14.0,-21.0,-13.0,-17.0,-10.0,-11.0,-9.0,-5.0,-6.0,1.0,-5.0,7.0,-3.0,13.0,-2.0,19.0,-1.0,24.0,0.0,29.0,1.0,32.0,1.0,35.0,1.0,34.0,0.0,34.0,0.0,31.0,-1.0,28.0,-2.0,24.0,-2.0,19.0,-1.0,13.0,0.0,7.0,2.0,1.0,3.0,-5.0,6.0
0.7729,122.0,-96.0,7.0,0.0,0.0,0.0,0.0,0.0,0.0,0.0,0.0,0.0,-21.0,11.0,-25.0,13.0,-28.0,14.0,-29.0,15.0,-31.0,15.0,-30.0,15.0,-29.0,14.0,-26.0,13.0,-23.0,10.0,-18.0,7.0,-13.0,5.0,-8.0,1.0,-3.0,-3.0,2.0,-8.0,6.0,-13.0,11.0,-16.0,14.0,-21.0,16.0,-24.0,18.0,-27.0,19.0,-29.0,18.0,-30.0,18.0,-29.0,16.0,-27.0,13.0,-25.0,10.0,-21.0,8.0,-17.0
0.787,122.0,-96.0,7.0,0.0,0.0,0.0,0.0,0.0,0.0,0.0,0.0,0.0,-8.0,19.0,-9.0,22.0,-10.0,24.0,-10.0,25.0,-10.0,25.0,-10.0,25.0,-9.0,23.0,-8.0,20.0,-8.0,17.0,-6.0,12.0,-5.0,7.0,-4.0,2.0,-4.0,-3.0,-3.0,-9.0,-3.0,-14.0,-3.0,-18.0,-3.0,-22.0,-4.0,-25.0,-5.0,-27.0,-5.0,-28.0,-6.0,-28.0,-6.0,-27.0,-6.0,-25.0,-6.0,-21.0,-5.0,-17.0,-3.0,-13.0
0.8009,122.0,-96.0,7.0,0.0,0.0,0.0,0.0,0.0,0.0,0.0,0.0,0.0,-21.0,-5.0,-16.0,-4.0,-12.0,-4.0,-6.0,-3.0,0.0,-4.0,6.0,-4.0,11.0,-6.0,16.0,-6.0,21.0,-8.0,25.0,-9.0,28.0,-9.0,28.0,-11.0,29.0,-12.0,29.0,-12.0,26.0,-12.0,23.0,-11.0,20.0,-9.0,16.0,-7.0,11.0,-5.0,7.0,-2.0,2.0,3.0,-2.0,6.0,-6.0,11.0,-10.0,15.0,-12.0,18.0,-13.0,22.0
0.8158,122.0,-96.0,7.0,0.0,0.0,0.0,0.0,0.0,0.0,0.0,0.0,0.0,-5.0,-1.0,-6.0,-8.0,-7.0,-14.0,-8.0,-20.0,-10.0,-26.0,-12.0,-31.0,-13.0,-34.0,-14.0,-37.0,-15.0,-37.0,-15.0,-36.0,-15.0,-34.0,-14.0,-31.0,-12.0,-27.0,-10.0,-21.0,-6.0,-16.0,-2.0,-9.0,3.0,-3.0,8.0,2.0,13.0,7.0,18.0,11.0,23.0,14.0,27.0,16.0,31.0,18.0,33.0,16.0,33.0,16.0,33.0,15.0
0.8303,122.0,-96.0,7.0,0.0,0.0,0.0,0.0,0.0,0.0,0.0,0.0,0.0,-6.0,-4.0,-8.0,-11.0,-10.0,-17.0,-12.0,-23.0,-14.0,-27.0,-16.0,-32.0,-17.0,-33.0,-18.0,-36.0,-19.0,-35.0,-18.0,-33.0,-18.0,-31.0,-16.0,-27.0,-13.0,-23.0,-10.0,-18.0,-5.0,-13.0,-1.0,-7.0,5.0,-1.0,11.0,3.0,16.0,7.0,22.0,10.0,27.0,12.0,30.0,13.0,33.0,15.0,35.0,13.0,35.0,12.0,34.0,11.0
0.8438,122.0,-96.0,7.0,0.0,0.0,0.0,0.0,0.0,0.0,0.0,0.0,0.0,3.0,-2.0,6.0,2.0,9.0,7.0,13.0,11.0,16.0,14.0,19.0,17.0,21.0,18.0,23.0,20.0,23.0,19.0,24.0,19.0,22.0,17.0,20.0,16.0,17.0,14.0,13.0,11.0,9.0,9.0,4.0,5.0,-2.0,3.0,-8.0,1.0,-13.0,-1.0,-18.0,-2.0,-23.0,-2.0,-26.0,-2.0,-30.0,-2.0,-30.0,0.0,-30.0,0.0,-30.0,1.0
0.8585,122.0,-96.0,7.0,0.0,0.0,0.0,0.0,0.0,0.0,0.0,0.0,0.0,20.0,2.0,16.0,2.0,11.0,2.0,5.0,2.0,-1.0,3.0,-6.0,4.0,-11.0,5.0,-17.0,7.0,-21.0,8.0,-25.0,10.0,-28.0,10.0,-29.0,11.0,-29.0,13.0,-29.0,13.0,-27.0,12.0,-24.0,11.0,-20.0,10.0,-16.0,7.0,-12.0,4.0,-7.0,1.0,-3.0,-3.0,1.0,-7.0,5.0,-12.0,8.0,-16.0,10.0,-20.0,10.0,-23.0
0.8723,122.0,-96.0,7.0,0.0,0.0,0.0,0.0,0.0,0.0,0.0,0.0,0.0,6.0,-26.0,4.0,-20.0,4.0,-14.0,4.0,-7.0,4.0,0.0,4.0,7.0,6.0,14.0,6.0,21.0,7.0,27.0,9.0,31.0,9.0,35.0,11.0,36.0,12.0,37.0,12.0,37.0,12.0,34.0,11.0,30.0,10.0,25.0,7.0,20.0,4.0,14.0,1.0,8.0,-4.0,3.0,-9.0,-3.0,-14.0,-8.0,-19.0,-13.0,-23.0,-16.0,-27.0,-17.0
0.8861,122.0,-96.0,7.0,0.0,0.0,0.0,0.0,0.0,0.0,0.0,0.0,0.0,9.0,-25.0,11.0,-28.0,12.0,-30.0,13.0,-31.0,13.0,-31.0,13.0,-31.0,12.0,-29.0,10.0,-25.0,10.0,-21.0,7.0,-15.0,5.0,-10.0,4.0,-3.0,3.0,3.0,1.0,10.0,1.0,16.0,0.0,22.0,0.0,27.0,1.0,31.0,1.0,33.0,1.0,35.0,2.0,34.0,3.0,33.0,2.0,30.0,3.0,26.0,2.0,21.0,1.0,16.0
0.9001,122.0,-96.0,7.0,0.0,0.0,0.0,0.0,0.0,0.0,0.0,0.0,0.0,-13.0,9.0,-13.0,9.0,-13.0,9.0,-14.0,9.0,-14.0,8.0,-15.0,8.0,-14.0,8.0,-15.0,8.0,-15.0,7.0,-15.0,7.0,-15.0,7.0,-15.0,6.0,-15.0,6.0,-15.0,6.0,-15.0,6.0,-15.0,6.0,-15.0,6.0,-15.0,5.0,-14.0,5.0,-14.0,5.0,-14.0,5.0,-13.0,6.0,-13.0,5.0,-13.0,5.0,-13.0,5.0,-12.0,5.0
0.9192,122.0,-96.0,7.0,0.0,0.0,0.0,0.0,0.0,0.0,0.0,0.0,0.0,-3.0,-18.0,-2.0,-18.0,-2.0,-18.0,-2.0,-18.0,-1.0,-19.0,-1.0,-19.0,-1.0,-19.0,0.0,-19.0,0.0,-19.0,1.0,-19.0,1.0,-18.0,1.0,-18.0,1.0,-18.0,2.0,-18.0,2.0,-18.0,1.0,-17.0,2.0,-17.0,2.0,-18.0,2.0,-17.0,2.0,-17.0,1.0,-16.0,1.0,-16.0,1.0,-16.0,1.0,-16.0,1.0,-16.0,0.0,-15.0
0.934,122.0,-96.0,7.0,0.0,0.0,0.0,0.0,0.0,0.0,0.0,0.0,0.0,21.0,15.0,21.0,15.0,19.0,14.0,18.0,13.0,15.0,11.0,11.0,9.0,8.0,7.0,3.0,4.0,-2.0,2.0,-7.0,1.0,-12.0,-1.0,-16.0,-2.0,-20.0,-3.0,-24.0,-4.0,-27.0,-5.0,-28.0,-5.0,-29.0,-4.0,-28.0,-4.0,-26.0,-3.0,-24.0,-2.0,-20.0,-2.0,-16.0,-2.0,-11.0,-2.0,-7.0,-3.0,-1.0,-4.0,4.0,-5.0
0.9483,122.0,-96.0,7.0,0.0,0.0,0.0,0.0,0.0,0.0,0.0,0.0,0.0,8.0,-18.0,10.0,-21.0,11.0,-23.0,12.0,-24.0,12.0,-25.0,13.0,-24.0,13.0,-23.0,11.0,-21.0,10.0,-18.0,8.0,-14.0,6.0,-10.0,4.0,-5.0,3.0,0.0,1.0,6.0,0.0,11.0,-1.0,16.0,-2.0,20.0,-1.0,23.0,-1.0,26.0,-2.0,27.0,-1.0,28.0,-1.0,27.0,0.0,25.0,1.0,22.0,1.0,18.0,0.0,14.0
0.9624,122.0,-96.0,7.0,0.0,0.0,0.0,0.0,0.0,0.0,0.0,0.0,0.0,-20.0,-10.0,-23.0,-12.0,-25.0,-13.0,-27.0,-14.0,-28.0,-14.0,-28.0,-15.0,-26.0,-14.0,-24.0,-12.0,-21.0,-12.0,-16.0,-9.0,-11.0,-7.0,-6.0,-6.0,0.0,-4.0,6.0,-2.0,12.0,-2.0,17.0,-1.0,23.0,-1.0,26.0,-1.0,29.0,-1.0,31.0,-1.0,31.0,-2.0,30.0,-2.0,28.0,-3.0,24.0,-3.0,20.0,-3.0,16.0,-2.0
0.9764,122.0,-96.0,7.0,0.0,0.0,0.0,0.0,0.0,0.0,0.0,0.0,0.0,-2.0,32.0,-2.0,31.0,-2.0,28.0,-2.0,26.0,-2.0,21.0,-2.0,16.0,-3.0,10.0,-4.0,3.0,-5.0,-3.0,-7.0,-9.0,-9.0,-15.0,-10.0,-20.0,-12.0,-24.0,-14.0,-29.0,-15.0,-32.0,-15.0,-32.0,-16.0,-33.0,-15.0,-30.0,-15.0,-28.0,-13.0,-24.0,-11.0,-20.0,-8.0,-15.0,-4.0,-11.0,0.0,-7.0,4.0,-2.0,9.0,2.0
0.9906,122.0,-96.0,7.0,0.0,0.0,0.0,0.0,0.0,0.0,0.0,0.0,0.0,5.0,-21.0,6.0,-24.0,6.0,-26.0,7.0,-27.0,7.0,-27.0,7.0,-26.0,7.0,-24.0,5.0,-21.0,5.0,-18.0,4.0,-13.0,3.0,-8.0,3.0,-3.0,3.0,2.0,2.0,8.0,3.0,13.0,3.0,17.0,4.0,22.0,5.0,24.0,5.0,26.0,6.0,27.0,7.0,27.0,6.0,26.0,6.0,23.0,6.0,20.0,5.0,16.0,3.0,12.0
1.0044,122.0,-96.0,7.0,0.0,0.0,0.0,0.0,0.0,0.0,0.0,0.0,0.0,-23.0,7.0,-27.0,7.0,-28.0,7.0,-30.0,8.0,-30.0,8.0,-29.0,8.0,-27.0,7.0,-24.0,6.0,-21.0,4.0,-15.0,3.0,-10.0,1.0,-5.0,-2.0,0.0,-5.0,6.0,-8.0,10.0,-12.0,14.0,-14.0,18.0,-17.0,20.0,-20.0,21.0,-22.0,22.0,-23.0,21.0,-23.0,20.0,-23.0,18.0,-21.0,15.0,-19.0,12.0,-16.0,9.0,-12.0
1.0174,122.0,-96.0,7.0,0.0,0.0,0.0,0.0,0.0,0.0,0.0,0.0,0.0,14.0,5.0,14.0,5.0,14.0,6.0,14.0,6.0,14.0,7.0,14.0,7.0,13.0,8.0,13.0,8.0,13.0,8.0,13.0,9.0,13.0,9.0,13.0,8.0,12.0,9.0,12.0,9.0,12.0,9.0,12.0,9.0,11.0,9.0,11.0,9.0,11.0,9.0,11.0,9.0,11.0,9.0,10.0,8.0,10.0,9.0,10.0,8.0,10.0,8.0,11.0,7.0
1.0299,122.0,-96.0,7.0,0.0,0.0,0.0,0.0,0.0,0.0,0.0,0.0,0.0,-1.0,17.0,-2.0,17.0,-2.0,18.0,-2.0,17.0,-3.0,18.0,-4.0,18.0,-4.0,17.0,-4.0,17.0,-4.0,17.0,-5.0,17.0,-6.0,17.0,-5.0,17.0,-5.0,16.0,-6.0,17.0,-6.0,16.0,-6.0,16.0,-6.0,16.0,-6.0,16.0,-6.0,15.0,-6.0,15.0,-6.0,15.0,-5.0,15.0,-5.0,14.0,-5.0,14.0,-5.0,14.0,-4.0,14.0
1.0433,122.0,-96.0,7.0,0.0,0.0,0.0,0.0,0.0,0.0,0.0,0.0,0.0,-16.0,28.0,-16.0,28.0,-15.0,26.0,-14.0,24.0,-13.0,20.0,-10.0,16.0,-8.0,11.0,-6.0,4.0,-4.0,-1.0,-3.0,-8.0,-2.0,-14.0,-1.0,-20.0,-1.0,-25.0,0.0,-30.0,0.0,-34.0,0.0,-36.0,-1.0,-36.0,-2.0,-35.0,-2.0,-33.0,-3.0,-29.0,-2.0,-25.0,-1.0,-20.0,0.0,-14.0,1.0,-8.0,3.0,-2.0,6.0,4.0
1.0563,122.0,-96.0,7.0,0.0,0.0,0.0,0.0,0.0,0.0,0.0,0.0,0.0,3.0,-4.0,9.0,1.0,13.0,6.0,18.0,9.0,24.0,13.0,28.0,15.0,31.0,17.0,33.0,19.0,34.0,17.0,34.0,18.0,32.0,16.0,29.0,15.0,25.0,13.0,19.0,10.0,13.0,8.0,7.0,5.0,-1.0,4.0,-9.0,3.0,-16.0,2.0,-22.0,2.0,-28.0,3.0,-32.0,5.0,-37.0,5.0,-37.0,7.0,-37.0,7.0,-36.0,8.0
1.07,122.0,-96.0,7.0,0.0,0.0,0.0,0.0,0.0,0.0,0.0,0.0,0.0,13.0,-17.0,15.0,-19.0,16.0,-20.0,17.0,-21.0,17.0,-21.0,17.0,-21.0,16.0,-19.0,13.0,-17.0,13.0,-14.0,9.0,-10.0,7.0,-6.0,4.0,-1.0,1.0,3.0,-1.0,8.0,-3.0,13.0,-5.0,17.0,-6.0,21.0,-6.0,24.0,-7.0,26.0,-7.0,27.0,-6.0,27.0,-6.0,26.0,-5.0,24.0,-4.0,21.0,-3.0,17.0,-3.0,12.0
1.0832,122.0,-96.0,7.0,0.0,0.0,0.0,0.0,0.0,0.0,0.0,0.0,0.0,18.0,-10.0,19.0,-9.0,19.0,-9.0,19.0,-9.0,20.0,-9.0,20.0,-9.0,20.0,-9.0,20.0,-9.0,20.0,-8.0,20.0,-8.0,20.0,-8.0,20.0,-8.0,21.0,-8.0,21.0,-7.0,22.0,-7.0,21.0,-7.0,21.0,-7.0,21.0,-7.0,22.0,-7.0,20.0,-7.0,21.0,-7.0,20.0,-7.0,21.0,-6.0,21.0,-7.0,20.0,-7.0,20.0,-7.0
1.0973,122.0,-96.0,7.0,0.0,0.0,0.0,0.0,0.0,0.0,0.0,0.0,0.0,-27.0,-2.0,-30.0,-3.0,-33.0,-3.0,-34.0,-3.0,-35.0,-3.0,-33.0,-3.0,-31.0,-4.0,-27.0,-3.0,-23.0,-3.0,-17.0,-3.0,-11.0,-3.0,-5.0,-4.0,2.0,-5.0,9.0,-6.0,15.0,-7.0,20.0,-8.0,25.0,-10.0,29.0,-12.0,31.0,-13.0,32.0,-13.0,31.0,-14.0,30.0,-14.0,27.0,-14.0,23.0,-12.0,19.0,-10.0,14.0,-7.0
1.1105,122.0,-96.0,7.0,0.0,0.0,0.0,0.0,0.0,0.0,0.0,0.0,0.0,3.0,-2.0,6.0,2.0,10.0,6.0,13.0,10.0,17.0,13.0,19.0,16.0,21.0,18.0,23.0,19.0,24.0,19.0,24.0,18.0,23.0,16.0,21.0,15.0,18.0,13.0,14.0,10.0,9.0,8.0,4.0,5.0,-2.0,3.0,-7.0,2.0,-13.0,0.0,-18.0,-1.0,-23.0,-2.0,-26.0,-1.0,-30.0,-1.0,-30.0,1.0,-30.0,1.0,-30.0,2.0
1.125,122.0,-96.0,7.0,0.0,0.0,0.0,0.0,0.0,0.0,0.0,0.0,0.0,6.0,19.0,4.0,15.0,2.0,10.0,-1.0,6.0,-3.0,1.0,-7.0,-4.0,-10.0,-7.0,-14.0,-12.0,-17.0,-16.0,-20.0,-18.0,-22.0,-20.0,-24.0,-21.0,-25.0,-21.0,-25.0,-20.0,-23.0,-19.0,-22.0,-16.0,-19.0,-14.0,-14.0,-12.0,-10.0,-9.0,-5.0,-6.0,1.0,-4.0,6.0,-2.0,12.0,-1.0,17.0,0.0,21.0,0.0,25.0,-1.0
1.139,122.0,-96.0,7.0,0.0,0.0,0.0,0.0,0.0,0.0,0.0,0.0,0.0,3.0,-2.0,6.0,3.0,8.0,8.0,10.0,12.0,14.0,16.0,16.0,20.0,18.0,22.0,20.0,24.0,20.0,23.0,20.0,23.0,19.0,20.0,18.0,18.0,15.0,16.0,12.0,13.0,7.0,10.0,3.0,6.0,-2.0,3.0,-8.0,0.0,-13.0,-2.0,-17.0,-5.0,-23.0,-5.0,-26.0,-6.0,-29.0,-6.0,-30.0,-4.0,-30.0,-4.0,-30.0,-3.0
1.1527,122.0,-96.0,7.0,0.0,0.0,0.0,0.0,0.0,0.0,0.0,0.0,0.0,-2.0,19.0,-3.0,22.0,-3.0,24.0,-4.0,26.0,-4.0,27.0,-4.0,27.0,-4.0,25.0,-3.0,23.0,-4.0,20.0,-3.0,15.0,-3.0,11.0,-3.0,5.0,-3.0,0.0,-4.0,-6.0,-5.0,-11.0,-6.0,-16.0,-7.0,-20.0,-9.0,-23.0,-10.0,-25.0,-10.0,-27.0,-11.0,-27.0,-10.0,-27.0,-10.0,-24.0,-10.0,-21.0,-9.0,-18.0,-7.0,-14.0
1.1672,122.0,-96.0,7.0,0.0,0.0,0.0,0.0,0.0,0.0,0.0,0.0,0.0,-21.0,13.0,-24.0,14.0,-27.0,16.0,-28.0,16.0,-29.0,18.0,-29.0,18.0,-28.0,17.0,-25.0,15.0,-22.0,12.0,-17.0,9.0,-13.0,6.0,-8.0,2.0,-4.0,-3.0,2.0,-8.0,5.0,-13.0,9.0,-18.0,12.0,-22.0,14.0,-26.0,15.0,-29.0,15.0,-31.0,15.0,-32.0,14.0,-31.0,13.0,-30.0,10.0,-26.0,8.0,-22.0,7.0,-17.0
1.1823,122.0,-96.0,7.0,0.0,0.0,0.0,0.0,0.0,0.0,0.0,0.0,0.0,-33.0,-3.0,-33.0,-3.0,-31.0,-3.0,-28.0,-3.0,-25.0,-3.0,-19.0,-3.0,-14.0,-3.0,-8.0,-4.0,-1.0,-4.0,5.0,-6.0,11.0,-7.0,17.0,-9.0,22.0,-10.0,27.0,-12.0,30.0,-13.0,32.0,-14.0,32.0,-15.0,31.0,-15.0,29.0,-15.0,25.0,-14.0,21.0,-12.0,17.0,-10.0,12.0,-6.0,7.0,-2.0,2.0,2.0,-2.0,7.0
1.1957,122.0,-96.0,7.0,0.0,0.0,0.0,0.0,0.0,0.0,0.0,0.0,0.0,-1.0,20.0,-1.0,21.0,-2.0,21.0,-2.0,21.0,-2.0,21.0,-3.0,22.0,-3.0,21.0,-4.0,22.0,-3.0,21.0,-4.0,22.0,-4.0,21.0,-4.0,22.0,-4.0,22.0,-5.0,21.0,-5.0,21.0,-5.0,21.0,-5.0,22.0,-6.0,22.0,-6.0,22.0,-5.0,21.0,-5.0,21.0,-5.0,21.0,-6.0,22.0,-5.0,21.0,-4.0,20.0,-4.0,20.0
1.2087,122.0,-96.0,7.0,0.0,0.0,0.0,0.0,0.0,0.0,0.0,0.0,0.0,-1.0,26.0,-2.0,26.0,-2.0,24.0,-1.0,23.0,-2.0,19.0,-2.0,15.0,-2.0,11.0,-3.0,5.0,-4.0,0.0,-5.0,-5.0,-7.0,-9.0,-8.0,-14.0,-10.0,-18.0,-11.0,-22.0,-12.0,-25.0,-12.0,-26.0,-13.0,-26.0,-13.0,-25.0,-13.0,-24.0,-12.0,-21.0,-10.0,-18.0,-8.0,-14.0,-5.0,-11.0,-2.0,-7.0,2.0,-3.0,6.0,0.0
1.2243,122.0,-96.0,7.0,0.0,0.0,0.0,0.0,0.0,0.0,0.0,0.0,0.0,-25.0,9.0,-19.0,6.0,-13.0,2.0,-6.0,-2.0,1.0,-8.0,7.0,-13.0,13.0,-19.0,19.0,-24.0,23.0,-28.0,26.0,-33.0,28.0,-35.0,28.0,-37.0,27.0,-37.0,26.0,-37.0,23.0,-34.0,20.0,-30.0,16.0,-25.0,13.0,-19.0,9.0,-11.0,7.0,-4.0,4.0,5.0,2.0,13.0,1.0,21.0,0.0,28.0,1.0,33.0,1.0,38.0
1.2371,122.0,-96.0,7.0,0.0,0.0,0.0,0.0,0.0,0.0,0.0,0.0,0.0,-4.0,-3.0,-6.0,-8.0,-7.0,-12.0,-8.0,-17.0,-9.0,-20.0,-10.0,-23.0,-11.0,-25.0,-12.0,-26.0,-12.0,-26.0,-12.0,-25.0,-12.0,-22.0,-10.0,-20.0,-8.0,-17.0,-6.0,-13.0,-3.0,-10.0,0.0,-5.0,3.0,0.0,7.0,2.0,11.0,6.0,15.0,9.0,18.0,11.0,20.0,12.0,22.0,14.0,23.0,12.0,23.0,12.0,23.0,11.0
1.2496,122.0,-96.0,7.0,0.0,0.0,0.0,0.0,0.0,0.0,0.0,0.0,0.0,-22.0,-10.0,-17.0,-8.0,-12.0,-6.0,-6.0,-5.0,1.0,-4.0,7.0,-3.0,12.0,-4.0,19.0,-3.0,24.0,-3.0,28.0,-3.0,32.0,-2.0,34.0,-4.0,34.0,-4.0,34.0,-4.0,32.0,-5.0,28.0,-5.0,24.0,-4.0,19.0,-3.0,13.0,-1.0,7.0,0.0,2.0,3.0,-4.0,6.0,-10.0,10.0,-16.0,13.0,-18.0,16.0,-20.0,19.0
1.2644,122.0,-96.0,7.0,0.0,0.0,0.0,0.0,0.0,0.0,0.0,0.0,0.0,-25.0,-9.0,-29.0,-11.0,-30.0,-12.0,-32.0,-12.0,-32.0,-13.0,-31.0,-12.0,-29.0,-12.0,-25.0,-11.0,-21.0,-10.0,-16.0,-8.0,-10.0,-6.0,-4.0,-5.0,3.0,-4.0,10.0,-3.0,16.0,-3.0,22.0,-2.0,27.0,-3.0,30.0,-3.0,33.0,-4.0,34.0,-4.0,34.0,-5.0,33.0,-5.0,30.0,-6.0,25.0,-6.0,21.0,-5.0,16.0,-3.0
1.2782,122.0,-96.0,7.0,0.0,0.0,0.0,0.0,0.0,0.0,0.0,0.0,0.0,0.0,-20.0,1.0,-20.0,0.0,-20.0,1.0,-20.0,2.0,-21.0,3.0,-21.0,3.0,-20.0,4.0,-20.0,4.0,-20.0,5.0,-20.0,4.0,-20.0,4.0,-20.0,4.0,-20.0,5.0,-20.0,5.0,-19.0,5.0,-19.0,5.0,-19.0,5.0,-19.0,5.0,-18.0,5.0,-18.0,5.0,-18.0,4.0,-17.0,4.0,-17.0,4.0,-17.0,3.0,-17.0,3.0,-17.0
1.2923,122.0,-96.0,7.0,0.0,0.0,0.0,0.0,0.0,0.0,0.0,0.0,0.0,-14.0,22.0,-16.0,25.0,-17.0,27.0,-18.0,28.0,-18.0,28.0,-18.0,28.0,-16.0,26.0,-14.0,22.0,-13.0,18.0,-10.0,13.0,-8.0,8.0,-5.0,2.0,-4.0,-4.0,-1.0,-11.0,0.0,-18.0,1.0,-22.0,1.0,-28.0,1.0,-31.0,1.0,-34.0,1.0,-35.0,-1.0,-35.0,-1.0,-34.0,-1.0,-31.0,-2.0,-27.0,-2.0,-22.0,-1.0,-17.0
1.3061,122.0,-96.0,7.0,0.0,0.0,0.0,0.0,0.0,0.0,0.0,0.0,0.0,24.0,-11.0,27.0,-12.0,29.0,-13.0,31.0,-13.0,31.0,-13.0,30.0,-13.0,28.0,-12.0,24.0,-10.0,21.0,-8.0,15.0,-5.0,10.0,-3.0,5.0,1.0,0.0,4.0,-6.0,8.0,-11.0,13.0,-15.0,16.0,-19.0,20.0,-21.0,23.0,-23.0,25.0,-23.0,26.0,-22.0,27.0,-22.0,25.0,-19.0,24.0,-16.0,21.0,-13.0,17.0,-11.0,13.0
1.3194,122.0,-96.0,7.0,0.0,0.0,0.0,0.0,0.0,0.0,0.0,0.0,0.0,-7.0,17.0,-7.0,17.0,-7.0,17.0,-7.0,17.0,-8.0,17.0,-8.0,17.0,-8.0,17.0,-9.0,17.0,-9.0,17.0,-9.0,17.0,-9.0,17.0,-9.0,17.0,-9.0,17.0,-10.0,17.0,-11.0,17.0,-10.0,17.0,-10.0,17.0,-11.0,16.0,-11.0,17.0,-10.0,16.0,-11.0,16.0,-10.0,16.0,-11.0,16.0,-10.0,16.0,-10.0,16.0,-9.0,16.0
1.3337,122.0,-96.0,7.0,0.0,0.0,0.0,0.0,0.0,0.0,0.0,0.0,0.0,-16.0,-22.0,-16.0,-22.0,-15.0,-21.0,-14.0,-19.0,-12.0,-17.0,-9.0,-13.0,-6.0,-10.0,-2.0,-6.0,2.0,-3.0,6.0,0.0,10.0,3.0,14.0,5.0,18.0,8.0,21.0,10.0,23.0,12.0,25.0,13.0,25.0,12.0,25.0,12.0,23.0,10.0,21.0,9.0,18.0,7.0,14.0,5.0,9.0,5.0,4.0,4.0,-1.0,3.0,-6.0,3.0
1.348,122.0,-96.0,7.0,0.0,0.0,0.0,0.0,0.0,0.0,0.0,0.0,0.0,3.0,2.0,5.0,7.0,5.0,11.0,6.0,16.0,8.0,19.0,9.0,23.0,10.0,24.0,10.0,26.0,11.0,25.0,11.0,24.0,10.0,22.0,9.0,19.0,7.0,16.0,5.0,12.0,2.0,9.0,-1.0,4.0,-4.0,0.0,-8.0,-4.0,-12.0,-7.0,-15.0,-10.0,-19.0,-12.0,-21.0,-13.0,-23.0,-14.0,-24.0,-13.0,-24.0,-13.0,-24.0,-12.0
1.3627,122.0,-96.0,7.0,0.0,0.0,0.0,0.0,0.0,0.0,0.0,0.0,0.0,-1.0,32.0,-1.0,30.0,-1.0,29.0,-1.0,25.0,-2.0,21.0,-2.0,15.0,-3.0,10.0,-4.0,3.0,-5.0,-3.0,-7.0,-9.0,-9.0,-15.0,-11.0,-20.0,-13.0,-24.0,-14.0,-28.0,-15.0,-31.0,-17.0,-32.0,-17.0,-31.0,-17.0,-31.0,-16.0,-27.0,-14.0,-24.0,-12.0,-20.0,-8.0,-15.0,-5.0,-11.0,0.0,-6.0,4.0,-1.0,9.0,2.0
1.3781,122.0,-96.0,7.0,0.0,0.0,0.0,0.0,0.0,0.0,0.0,0.0,0.0,8.0,-15.0,8.0,-15.0,9.0,-15.0,9.0,-14.0,9.0,-15.0,9.0,-14.0,10.0,-14.0,10.0,-14.0,10.0,-14.0,11.0,-13.0,11.0,-13.0,11.0,-13.0,11.0,-12.0,12.0,-13.0,12.0,-12.0,11.0,-12.0,11.0,-12.0,11.0,-12.0,11.0,-11.0,11.0,-11.0,11.0,-11.0,10.0,-11.0,10.0,-11.0,10.0,-11.0,9.0,-11.0,9.0,-11.0
1.3917,122.0,-96.0,7.0,0.0,0.0,0.0,0.0,0.0,0.0,0.0,0.0,0.0,3.0,6.0,2.0,12.0,0.0,18.0,-1.0,24.0,-1.0,30.0,-1.0,35.0,0.0,36.0,-1.0,39.0,0.0,38.0,1.0,37.0,1.0,35.0,1.0,30.0,0.0,25.0,0.0,20.0,-2.0,13.0,-3.0,5.0,-6.0,-2.0,-9.0,-9.0,-12.0,-15.0,-15.0,-20.0,-19.0,-25.0,-22.0,-27.0,-24.0,-29.0,-26.0,-28.0,-26.0,-27.0,-27.0,-26.0
1.4072,122.0,-96.0,7.0,0.0,0.0,0.0,0.0,0.0,0.0,0.0,0.0,0.0,-5.0,3.0,-10.0,3.0,-15.0,3.0,-20.0,3.0,-24.0,3.0,-28.0,4.0,-30.0,5.0,-32.0,5.0,-31.0,6.0,-30.0,5.0,-28.0,5.0,-25.0,5.0,-21.0,3.0,-16.0,2.0,-11.0,0.0,-5.0,-2.0,1.0,-5.0,5.0,-8.0,10.0,-11.0,13.0,-15.0,17.0,-17.0,18.0,-20.0,20.0,-22.0,19.0,-23.0,19.0,-23.0,18.0,-23.0
1.421,122.0,-96.0,7.0,0.0,0.0,0.0,0.0,0.0,0.0,0.0,0.0,0.0,1.0,-27.0,1.0,-21.0,1.0,-15.0,2.0,-8.0,4.0,-1.0,5.0,6.0,8.0,13.0,10.0,19.0,12.0,25.0,14.0,29.0,14.0,33.0,16.0,35.0,17.0,35.0,17.0,34.0,17.0,32.0,16.0,28.0,13.0,24.0,10.0,19.0,6.0,14.0,2.0,8.0,-4.0,3.0,-9.0,-2.0,-15.0,-6.0,-20.0,-11.0,-25.0,-12.0,-29.0,-13.0
1.4353,122.0,-96.0,7.0,0.0,0.0,0.0,0.0,0.0,0.0,0.0,0.0,0.0,-25.0,-9.0,-25.0,-9.0,-23.0,-9.0,-20.0,-8.0,-17.0,-7.0,-12.0,-6.0,-8.0,-5.0,-2.0,-4.0,3.0,-3.0,8.0,-3.0,13.0,-3.0,17.0,-3.0,21.0,-3.0,25.0,-3.0,27.0,-4.0,28.0,-4.0,28.0,-4.0,27.0,-5.0,24.0,-5.0,21.0,-5.0,17.0,-4.0,13.0,-3.0,9.0,-1.0,4.0,1.0,-1.0,3.0,-5.0,6.0
1.4488,122.0,-96.0,7.0,0.0,0.0,0.0,0.0,0.0,0.0,0.0,0.0,0.0,12.0,9.0,12.0,9.0,12.0,9.0,12.0,10.0,12.0,10.0,11.0,11.0,11.0,11.0,11.0,11.0,10.0,12.0,10.0,12.0,10.0,12.0,10.0,12.0,10.0,12.0,9.0,12.0,9.0,13.0,9.0,12.0,9.0,12.0,8.0,12.0,8.0,12.0,8.0,12.0,8.0,12.0,8.0,11.0,8.0,11.0,8.0,11.0,8.0,10.0,8.0,10.0
1.4627,122.0,-96.0,7.0,0.0,0.0,0.0,0.0,0.0,0.0,0.0,0.0,0.0,8.0,15.0,7.0,15.0,7.0,16.0,7.0,16.0,7.0,16.0,6.0,17.0,6.0,17.0,5.0,17.0,5.0,17.0,5.0,17.0,4.0,17.0,4.0,17.0,4.0,17.0,4.0,17.0,3.0,17.0,3.0,16.0,3.0,16.0,3.0,17.0,3.0,16.0,3.0,16.0,3.0,15.0,3.0,15.0,3.0,15.0,3.0,14.0,4.0,14.0,4.0,14.0
1.4765,122.0,-96.0,7.0,0.0,0.0,0.0,0.0,0.0,0.0,0.0,0.0,0.0,-11.0,-16.0,-13.0,-20.0,-14.0,-22.0,-15.0,-23.0,-15.0,-24.0,-15.0,-24.0,-14.0,-23.0,-13.0,-20.0,-11.0,-18.0,-8.0,-14.0,-5.0,-11.0,-2.0,-7.0,2.0,-3.0,6.0,1.0,10.0,4.0,13.0,8.0,17.0,10.0,20.0,12.0,22.0,13.0,24.0,13.0,24.0,13.0,24.0,12.0,23.0,11.0,20.0,9.0,17.0,7.0,13.0,6.0
1.4905,122.0,-96.0,7.0,0.0,0.0,0.0,0.0,0.0,0.0,0.0,0.0,0.0,20.0,-17.0,15.0,-13.0,11.0,-9.0,7.0,-3.0,2.0,2.0,-1.0,9.0,-4.0,15.0,-8.0,20.0,-11.0,26.0,-12.0,30.0,-14.0,34.0,-14.0,36.0,-13.0,37.0,-13.0,37.0,-12.0,34.0,-10.0,31.0,-9.0,26.0,-7.0,21.0,-6.0,14.0,-5.0,7.0,-6.0,0.0,-6.0,-8.0,-6.0,-15.0,-7.0,-22.0,-9.0,-26.0,-12.0,-30.0
1.5044,122.0,-96.0,7.0,0.0,0.0,0.0,0.0,0.0,0.0,0.0,0.0,0.0,24.0,-22.0,24.0,-22.0,23.0,-20.0,21.0,-19.0,18.0,-15.0,14.0,-12.0,11.0,-8.0,7.0,-3.0,3.0,2.0,-1.0,8.0,-4.0,13.0,-7.0,18.0,-9.0,22.0,-11.0,27.0,-13.0,30.0,-14.0,32.0,-13.0,33.0,-13.0,32.0,-11.0,30.0,-10.0,27.0,-8.0,23.0,-7.0,17.0,-6.0,12.0,-5.0,6.0,-4.0,-1.0,-5.0,-7.0
1.5189,122.0,-96.0,7.0,0.0,0.0,0.0,0.0,0.0,0.0,0.0,0.0,0.0,-1.0,4.0,-7.0,4.0,-13.0,4.0,-19.0,5.0,-24.0,6.0,-28.0,6.0,-31.0,8.0,-34.0,8.0,-34.0,9.0,-34.0,9.0,-31.0,9.0,-29.0,7.0,-25.0,6.0,-20.0,4.0,-14.0,2.0,-9.0,0.0,-3.0,-4.0,2.0,-8.0,8.0,-12.0,12.0,-16.0,16.0,-20.0,17.0,-23.0,20.0,-26.0,19.0,-27.0,18.0,-28.0,17.0,-28.0
1.5355,122.0,-96.0,7.0,0.0,0.0,0.0,0.0,0.0,0.0,0.0,0.0,0.0,-14.0,-14.0,-14.0,-15.0,-14.0,-15.0,-14.0,-16.0,-13.0,-16.0,-13.0,-17.0,-13.0,-16.0,-12.0,-17.0,-12.0,-17.0,-11.0,-18.0,-11.0,-18.0,-10.0,-17.0,-10.0,-18.0,-10.0,-18.0,-9.0,-18.0,-9.0,-18.0,-10.0,-17.0,-9.0,-17.0,-9.0,-17.0,-9.0,-17.0,-9.0,-16.0,-9.0,-16.0,-9.0,-16.0,-9.0,-16.0,-9.0,-15.0,-9.0,-15.0
1.5493,122.0,-96.0,7.0,0.0,0.0,0.0,0.0,0.0,0.0,0.0,0.0,0.0,-24.0,-2.0,-29.0,-2.0,-31.0,-2.0,-33.0,-3.0,-34.0,-3.0,-34.0,-3.0,-32.0,-3.0,-29.0,-3.0,-26.0,-3.0,-20.0,-3.0,-14.0,-3.0,-8.0,-3.0,-1.0,-5.0,6.0,-5.0,12.0,-8.0,18.0,-9.0,23.0,-11.0,27.0,-12.0,29.0,-14.0,31.0,-15.0,30.0,-16.0,30.0,-16.0,27.0,-15.0,24.0,-14.0,20.0,-12.0,15.0,-9.0
1.5631,122.0,-96.0,7.0,0.0,0.0,0.0,0.0,0.0,0.0,0.0,0.0,0.0,-6.0,25.0,-5.0,20.0,-5.0,13.0,-5.0,6.0,-5.0,-1.0,-5.0,-8.0,-7.0,-15.0,-8.0,-22.0,-9.0,-27.0,-10.0,-32.0,-11.0,-36.0,-13.0,-37.0,-14.0,-38.0,-14.0,-37.0,-14.0,-35.0,-13.0,-30.0,-11.0,-27.0,-8.0,-21.0,-5.0,-15.0,-1.0,-9.0,4.0,-4.0,8.0,2.0,13.0,8.0,18.0,12.0,22.0,15.0,26.0,16.0
1.5769,122.0,-96.0,7.0,0.0,0.0,0.0,0.0,0.0,0.0,0.0,0.0,0.0,11.0,-24.0,13.0,-27.0,15.0,-29.0,15.0,-30.0,15.0,-30.0,15.0,-30.0,14.0,-27.0,12.0,-24.0,11.0,-20.0,8.0,-14.0,6.0,-9.0,4.0,-3.0,3.0,3.0,1.0,10.0,0.0,17.0,-1.0,22.0,-1.0,27.0,-1.0,31.0,-1.0,33.0,-1.0,35.0,0.0,34.0,0.0,33.0,1.0,30.0,2.0,25.0,2.0,21.0,0.0,16.0
1.5905,122.0,-96.0,7.0,0.0,0.0,0.0,0.0,0.0,0.0,0.0,0.0,0.0,0.0,-6.0,4.0,-10.0,8.0,-13.0,11.0,-16.0,14.0,-19.0,16.0,-22.0,18.0,-24.0,19.0,-25.0,18.0,-25.0,18.0,-25.0,15.0,-23.0,14.0,-20.0,12.0,-17.0,9.0,-12.0,7.0,-7.0,4.0,-3.0,2.0,4.0,1.0,9.0,-1.0,15.0,-1.0,19.0,-2.0,24.0,-1.0,27.0,-1.0,30.0,0.0,29.0,1.0,29.0,1.0,28.0
1.6047,122.0,-96.0,7.0,0.0,0.0,0.0,0.0,0.0,0.0,0.0,0.0,0.0,8.0,10.0,8.0,11.0,8.0,11.0,8.0,11.0,7.0,11.0,7.0,12.0,7.0,12.0,7.0,12.0,6.0,12.0,6.0,12.0,6.0,12.0,6.0,12.0,5.0,12.0,5.0,12.0,4.0,13.0,5.0,12.0,5.0,12.0,5.0,12.0,4.0,12.0,5.0,11.0,5.0,11.0,4.0,11.0,4.0,11.0,5.0,11.0,5.0,10.0,4.0,10.0
1.6205,122.0,-96.0,7.0,0.0,0.0,0.0,0.0,0.0,0.0,0.0,0.0,0.0,-2.0,3.0,-7.0,2.0,-13.0,1.0,-17.0,0.0,-22.0,0.0,-26.0,0.0,-29.0,0.0,-32.0,0.0,-31.0,1.0,-31.0,1.0,-29.0,1.0,-27.0,1.0,-23.0,1.0,-18.0,0.0,-14.0,-1.0,-8.0,-1.0,-1.0,-4.0,3.0,-7.0,9.0,-9.0,13.0,-12.0,17.0,-15.0,18.0,-18.0,22.0,-20.0,21.0,-21.0,21.0,-22.0,20.0,-22.0
1.6334,122.0,-96.0,7.0,0.0,0.0,0.0,0.0,0.0,0.0,0.0,0.0,0.0,2.0,17.0,2.0,17.0,2.0,17.0,1.0,18.0,1.0,18.0,0.0,18.0,0.0,18.0,-1.0,18.0,-1.0,18.0,-2.0,18.0,-2.0,18.0,-2.0,17.0,-2.0,17.0,-3.0,18.0,-3.0,17.0,-3.0,17.0,-3.0,16.0,-3.0,17.0,-3.0,16.0,-3.0,16.0,-3.0,16.0,-3.0,15.0,-3.0,15.0,-3.0,15.0,-2.0,14.0,-2.0,14.0
1.6476,122.0,-96.0,7.0,0.0,0.0,0.0,0.0,0.0,0.0,0.0,0.0,0.0,-22.0,14.0,-25.0,16.0,-28.0,17.0,-28.0,18.0,-29.0,19.0,-28.0,18.0,-26.0,16.0,-23.0,14.0,-20.0,11.0,-15.0,8.0,-10.0,4.0,-5.0,-1.0,-2.0,-6.0,3.0,-11.0,7.0,-16.0,10.0,-20.0,12.0,-24.0,14.0,-29.0,14.0,-30.0,15.0,-32.0,13.0,-31.0,13.0,-31.0,12.0,-29.0,9.0,-25.0,7.0,-20.0,5.0,-15.0
1.662,122.0,-96.0,7.0,0.0,0.0,0.0,0.0,0.0,0.0,0.0,0.0,0.0,-4.0,3.0,-9.0,-1.0,-15.0,-5.0,-21.0,-8.0,-26.0,-11.0,-31.0,-13.0,-34.0,-14.0,-37.0,-15.0,-38.0,-14.0,-37.0,-13.0,-35.0,-12.0,-32.0,-11.0,-27.0,-10.0,-22.0,-8.0,-15.0,-7.0,-8.0,-5.0,0.0,-5.0,7.0,-6.0,14.0,-6.0,21.0,-7.0,26.0,-9.0,30.0,-11.0,34.0,-12.0,34.0,-14.0,35.0,-15.0,33.0,-15.0
1.6741,122.0,-96.0,7.0,0.0,0.0,0.0,0.0,0.0,0.0,0.0,0.0,0.0,2.0,-5.0,8.0,-2.0,15.0,0.0,21.0,2.0,27.0,3.0,32.0,4.0,35.0,4.0,38.0,5.0,38.0,4.0,38.0,3.0,36.0,3.0,32.0,2.0,28.0,2.0,22.0,2.0,15.0,3.0,8.0,2.0,0.0,4.0,-7.0,6.0,-14.0,8.0,-19.0,10.0,-25.0,14.0,-28.0,16.0,-32.0,18.0,-32.0,21.0,-31.0,21.0,-30.0,21.0
1.6913,122.0,-96.0,7.0,0.0,0.0,0.0,0.0,0.0,0.0,0.0,0.0,0.0,-11.0,-12.0,-11.0,-13.0,-11.0,-12.0,-11.0,-13.0,-10.0,-13.0,-10.0,-14.0,-10.0,-13.0,-9.0,-14.0,-9.0,-14.0,-9.0,-14.0,-8.0,-14.0,-8.0,-14.0,-8.0,-14.0,-8.0,-15.0,-8.0,-15.0,-7.0,-14.0,-7.0,-14.0,-7.0,-14.0,-7.0,-14.0,-7.0,-14.0,-7.0,-14.0,-7.0,-13.0,-7.0,-13.0,-7.0,-13.0,-7.0,-13.0,-8.0,-12.0
1.7045,122.0,-96.0,7.0,0.0,0.0,0.0,0.0,0.0,0.0,0.0,0.0,0.0,-23.0,-24.0,-23.0,-24.0,-22.0,-23.0,-20.0,-21.0,-17.0,-18.0,-13.0,-15.0,-9.0,-12.0,-3.0,-7.0,2.0,-4.0,7.0,-1.0,13.0,2.0,18.0,5.0,23.0,7.0,27.0,10.0,30.0,11.0,32.0,12.0,33.0,11.0,32.0,10.0,30.0,9.0,27.0,8.0,23.0,6.0,18.0,5.0,12.0,5.0,6.0,4.0,-1.0,3.0,-7.0,4.0
1.7189,122.0,-96.0,7.0,0.0,0.0,0.0,0.0,0.0,0.0,0.0,0.0,0.0,-4.0,16.0,-4.0,17.0,-4.0,17.0,-5.0,17.0,-5.0,17.0,-6.0,17.0,-6.0,17.0,-7.0,17.0,-7.0,16.0,-7.0,16.0,-8.0,16.0,-8.0,16.0,-8.0,15.0,-8.0,16.0,-8.0,16.0,-8.0,15.0,-8.0,15.0,-8.0,14.0,-8.0,15.0,-8.0,14.0,-8.0,14.0,-7.0,14.0,-7.0,14.0,-7.0,14.0,-6.0,14.0,-6.0,14.0
1.7309,122.0,-96.0,7.0,0.0,0.0,0.0,0.0,0.0,0.0,0.0,0.0,0.0,-16.0,-22.0,-16.0,-22.0,-15.0,-21.0,-14.0,-19.0,-12.0,-17.0,-9.0,-13.0,-6.0,-10.0,-2.0,-6.0,2.0,-3.0,6.0,0.0,10.0,3.0,14.0,6.0,17.0,8.0,21.0,10.0,23.0,12.0,25.0,13.0,25.0,12.0,25.0,12.0,23.0,10.0,21.0,9.0,18.0,7.0,14.0,5.0,9.0,5.0,4.0,4.0,-1.0,3.0,-6.0,2.0
1.7454,122.0,-96.0,7.0,0.0,0.0,0.0,0.0,0.0,0.0,0.0,0.0,0.0,19.0,-2.0,20.0,-2.0,19.0,-1.0,20.0,-1.0,20.0,0.0,21.0,0.0,20.0,0.0,21.0,1.0,20.0,1.0,20.0,2.0,20.0,2.0,20.0,2.0,19.0,2.0,20.0,3.0,20.0,3.0,19.0,3.0,20.0,3.0,18.0,3.0,19.0,3.0,18.0,3.0,18.0,3.0,18.0,2.0,17.0,2.0,17.0,3.0,17.0,2.0,17.0,1.0
1.7589,122.0,-96.0,7.0,0.0,0.0,0.0,0.0,0.0,0.0,0.0,0.0,0.0,10.0,-19.0,8.0,-15.0,6.0,-10.0,4.0,-5.0,3.0,1.0,1.0,7.0,1.0,12.0,0.0,17.0,0.0,22.0,0.0,26.0,0.0,29.0,0.0,30.0,1.0,31.0,1.0,31.0,2.0,29.0,2.0,25.0,2.0,22.0,1.0,17.0,0.0,12.0,-2.0,7.0,-4.0,1.0,-6.0,-4.0,-9.0,-9.0,-12.0,-14.0,-15.0,-17.0,-18.0,-19.0
1.7729,122.0,-96.0,7.0,0.0,0.0,0.0,0.0,0.0,0.0,0.0,0.0,0.0,-5.0,3.0,-9.0,-3.0,-14.0,-8.0,-19.0,-12.0,-24.0,-16.0,-27.0,-19.0,-30.0,-20.0,-33.0,-22.0,-34.0,-21.0,-34.0,-21.0,-32.0,-19.0,-29.0,-17.0,-25.0,-16.0,-20.0,-12.0,-13.0,-10.0,-7.0,-7.0,1.0,-5.0,8.0,-4.0,15.0,-3.0,21.0,-3.0,28.0,-3.0,31.0,-5.0,36.0,-4.0,36.0,-6.0,37.0,-7.0,35.0,-7.0
1.7859,122.0,-96.0,7.0,0.0,0.0,0.0,0.0,0.0,0.0,0.0,0.0,0.0,-14.0,-23.0,-14.0,-24.0,-13.0,-22.0,-12.0,-20.0,-10.0,-17.0,-8.0,-14.0,-5.0,-11.0,-1.0,-6.0,2.0,-3.0,6.0,1.0,9.0,4.0,13.0,7.0,16.0,9.0,19.0,12.0,22.0,14.0,23.0,15.0,24.0,15.0,23.0,14.0,22.0,13.0,20.0,11.0,17.0,9.0,13.0,7.0,9.0,6.0,4.0,4.0,-1.0,3.0,-6.0,2.0
1.8003,122.0,-96.0,7.0,0.0,0.0,0.0,0.0,0.0,0.0,0.0,0.0,0.0,-22.0,1.0,-22.0,1.0,-23.0,1.0,-22.0,0.0,-24.0,-1.0,-23.0,-1.0,-23.0,-1.0,-23.0,-2.0,-23.0,-2.0,-23.0,-3.0,-23.0,-3.0,-23.0,-4.0,-22.0,-4.0,-22.0,-4.0,-22.0,-4.0,-22.0,-4.0,-21.0,-4.0,-22.0,-4.0,-21.0,-4.0,-21.0,-4.0,-21.0,-4.0,-20.0,-3.0,-20.0,-4.0,-20.0,-3.0,-19.0,-3.0,-19.0,-3.0
1.8142,122.0,-96.0,7.0,0.0,0.0,0.0,0.0,0.0,0.0,0.0,0.0,0.0,3.0,-1.0,5.0,5.0,5.0,10.0,7.0,15.0,8.0,19.0,10.0,23.0,11.0,26.0,11.0,29.0,12.0,28.0,12.0,28.0,12.0,25.0,11.0,23.0,9.0,20.0,7.0,16.0,4.0,12.0,1.0,7.0,-3.0,2.0,-8.0,-2.0,-12.0,-6.0,-15.0,-10.0,-20.0,-12.0,-22.0,-13.0,-25.0,-15.0,-27.0,-13.0,-27.0,-13.0,-27.0,-13.0
1.8279,122.0,-96.0,7.0,0.0,0.0,0.0,0.0,0.0,0.0,0.0,0.0,0.0,3.0,-2.0,6.0,2.0,9.0,6.0,13.0,10.0,16.0,13.0,19.0,16.0,22.0,17.0,23.0,19.0,24.0,18.0,24.0,19.0,22.0,17.0,20.0,16.0,17.0,14.0,13.0,11.0,9.0,9.0,4.0,5.0,-2.0,3.0,-7.0,1.0,-13.0,-1.0,-18.0,-2.0,-23.0,-2.0,-26.0,-1.0,-30.0,-2.0,-30.0,-1.0,-30.0,0.0,-30.0,1.0
1.8431,122.0,-96.0,7.0,0.0,0.0,0.0,0.0,0.0,0.0,0.0,0.0,0.0,-4.0,-16.0,-4.0,-16.0,-4.0,-16.0,-3.0,-16.0,-3.0,-17.0,-3.0,-17.0,-2.0,-16.0,-2.0,-17.0,-2.0,-17.0,-1.0,-17.0,-1.0,-17.0,-1.0,-16.0,-1.0,-16.0,0.0,-16.0,0.0,-16.0,-1.0,-16.0,0.0,-15.0,0.0,-16.0,0.0,-16.0,0.0,-15.0,0.0,-15.0,0.0,-15.0,-1.0,-15.0,-1.0,-14.0,-1.0,-14.0,-1.0,-14.0
1.8574,122.0,-96.0,7.0,0.0,0.0,0.0,0.0,0.0,0.0,0.0,0.0,0.0,-12.0,19.0,-9.0,14.0,-7.0,8.0,-5.0,1.0,-4.0,-6.0,-3.0,-13.0,-2.0,-19.0,-2.0,-26.0,-1.0,-31.0,-2.0,-35.0,-2.0,-38.0,-3.0,-40.0,-4.0,-40.0,-4.0,-39.0,-4.0,-36.0,-4.0,-31.0,-3.0,-26.0,-2.0,-20.0,0.0,-13.0,2.0,-7.0,6.0,0.0,8.0,6.0,12.0,12.0,16.0,18.0,19.0,21.0,23.0,23.0
1.8707,122.0,-96.0,7.0,0.0,0.0,0.0,0.0,0.0,0.0,0.0,0.0,0.0,-31.0,-12.0,-30.0,-12.0,-27.0,-12.0,-24.0,-10.0,-20.0,-9.0,-15.0,-7.0,-9.0,-6.0,-3.0,-5.0,3.0,-4.0,10.0,-4.0,16.0,-4.0,21.0,-4.0,26.0,-3.0,30.0,-4.0,33.0,-4.0,35.0,-4.0,34.0,-5.0,33.0,-5.0,30.0,-5.0,26.0,-5.0,22.0,-4.0,16.0,-3.0,11.0,-1.0,5.0,2.0,-1.0,4.0,-6.0,7.0
1.8864,122.0,-96.0,7.0,0.0,0.0,0.0,0.0,0.0,0.0,0.0,0.0,0.0,-3.0,-16.0,-2.0,-16.0,-2.0,-16.0,-1.0,-16.0,-1.0,-17.0,-1.0,-16.0,0.0,-16.0,0.0,-17.0,0.0,-17.0,1.0,-17.0,1.0,-16.0,1.0,-16.0,1.0,-16.0,2.0,-16.0,2.0,-16.0,1.0,-15.0,2.0,-15.0,2.0,-15.0,2.0,-15.0,2.0,-15.0,1.0,-14.0,1.0,-15.0,1.0,-14.0,1.0,-14.0,1.0,-14.0,1.0,-14.0
1.9019,122.0,-96.0,7.0,0.0,0.0,0.0,0.0,0.0,0.0,0.0,0.0,0.0,-20.0,-9.0,-20.0,-11.0,-20.0,-10.0,-21.0,-12.0,-20.0,-12.0,-20.0,-13.0,-19.0,-13.0,-19.0,-13.0,-19.0,-14.0,-19.0,-14.0,-19.0,-14.0,-18.0,-14.0,-18.0,-15.0,-18.0,-15.0,-17.0,-16.0,-17.0,-15.0,-17.0,-15.0,-16.0,-15.0,-16.0,-15.0,-16.0,-14.0,-15.0,-15.0,-15.0,-14.0,-15.0,-14.0,-15.0,-14.0,-15.0,-13.0,-15.0,-13.0
1.9142,122.0,-96.0,7.0,0.0,0.0,0.0,0.0,0.0,0.0,0.0,0.0,0.0,19.0,0.0,19.0,1.0,19.0,1.0,19.0,2.0,20.0,2.0,20.0,3.0,20.0,3.0,20.0,4.0,19.0,4.0,19.0,4.0,19.0,5.0,19.0,5.0,18.0,5.0,19.0,5.0,18.0,6.0,18.0,5.0,18.0,6.0,18.0,5.0,18.0,6.0,17.0,5.0,17.0,6.0,17.0,5.0,16.0,5.0,16.0,5.0,16.0,5.0,16.0,4.0
1.9257,122.0,-96.0,7.0,0.0,0.0,0.0,0.0,0.0,0.0,0.0,0.0,0.0,-23.0,-14.0,-18.0,-12.0,-12.0,-9.0,-6.0,-7.0,1.0,-4.0,8.0,-3.0,15.0,-2.0,21.0,0.0,28.0,1.0,32.0,1.0,36.0,1.0,38.0,0.0,38.0,0.0,39.0,0.0,37.0,-1.0,32.0,-2.0,28.0,-1.0,21.0,0.0,15.0,1.0,9.0,2.0,1.0,4.0,-6.0,7.0,-12.0,10.0,-19.0,13.0,-22.0,16.0,-25.0,19.0
1.9402,122.0,-96.0,7.0,0.0,0.0,0.0,0.0,0.0,0.0,0.0,0.0,0.0,-19.0,2.0,-20.0,2.0,-19.0,1.0,-20.0,1.0,-20.0,0.0,-21.0,0.0,-20.0,-1.0,-21.0,-1.0,-20.0,-2.0,-20.0,-2.0,-20.0,-2.0,-20.0,-2.0,-20.0,-2.0,-20.0,-3.0,-20.0,-3.0,-19.0,-3.0,-19.0,-3.0,-19.0,-3.0,-19.0,-3.0,-18.0,-3.0,-18.0,-3.0,-18.0,-3.0,-17.0,-3.0,-17.0,-3.0,-17.0,-2.0,-17.0,-2.0
1.9543,122.0,-96.0,7.0,0.0,0.0,0.0,0.0,0.0,0.0,0.0,0.0,0.0,-25.0,-7.0,-29.0,-9.0,-32.0,-10.0,-32.0,-10.0,-33.0,-10.0,-32.0,-10.0,-30.0,-9.0,-26.0,-8.0,-22.0,-7.0,-16.0,-6.0,-10.0,-5.0,-4.0,-5.0,3.0,-5.0,10.0,-4.0,16.0,-5.0,21.0,-5.0,26.0,-5.0,30.0,-7.0,32.0,-8.0,34.0,-9.0,33.0,-10.0,32.0,-10.0,29.0,-10.0,25.0,-9.0,20.0,-8.0,15.0,-5.0
1.9722,122.0,-96.0,7.0,0.0,0.0,0.0,0.0,0.0,0.0,0.0,0.0,0.0,9.0,24.0,9.0,24.0,8.0,23.0,8.0,21.0,6.0,18.0,4.0,14.0,2.0,10.0,0.0,5.0,-3.0,1.0,-7.0,-3.0,-10.0,-6.0,-13.0,-10.0,-16.0,-13.0,-19.0,-16.0,-21.0,-18.0,-22.0,-19.0,-23.0,-18.0,-22.0,-18.0,-22.0,-16.0,-20.0,-14.0,-16.0,-12.0,-13.0,-10.0,-9.0,-8.0,-4.0,-6.0,1.0,-4.0,5.0,-3.0
1.9847,122.0,-96.0,7.0,0.0,0.0,0.0,0.0,0.0,0.0,0.0,0.0,0.0,-16.0,-3.0,-16.0,-3.0,-16.0,-3.0,-16.0,-4.0,-16.0,-5.0,-16.0,-5.0,-16.0,-5.0,-16.0,-5.0,-16.0,-6.0,-15.0,-6.0,-15.0,-7.0,-15.0,-7.0,-15.0,-7.0,-15.0,-8.0,-15.0,-7.0,-14.0,-7.0,-14.0,-8.0,-14.0,-8.0,-14.0,-7.0,-13.0,-7.0,-13.0,-7.0,-13.0,-7.0,-13.0,-7.0,-13.0,-7.0,-13.0,-7.0,-13.0,-6.0
1.9983,122.0,-96.0,7.0,0.0,0.0,0.0,0.0,0.0,0.0,0.0,0.0,0.0,-18.0,19.0,-21.0,21.0,-22.0,23.0,-23.0,24.0,-23.0,25.0,-23.0,23.0,-22.0,22.0,-19.0,19.0,-17.0,15.0,-12.0,11.0,-9.0,6.0,-6.0,1.0,-3.0,-5.0,0.0,-11.0,3.0,-17.0,5.0,-22.0,6.0,-27.0,7.0,-31.0,7.0,-33.0,7.0,-35.0,6.0,-35.0,5.0,-33.0,4.0,-31.0,2.0,-27.0,2.0,-22.0,2.0,-17.0
2.0124,122.0,-96.0,7.0,0.0,0.0,0.0,0.0,0.0,0.0,0.0,0.0,0.0,3.0,-6.0,9.0,-7.0,14.0,-9.0,19.0,-10.0,24.0,-12.0,27.0,-13.0,29.0,-15.0,31.0,-15.0,30.0,-16.0,29.0,-16.0,27.0,-15.0,23.0,-13.0,20.0,-11.0,15.0,-8.0,10.0,-4.0,5.0,-1.0,0.0,5.0,-4.0,9.0,-8.0,14.0,-10.0,19.0,-13.0,23.0,-13.0,26.0,-15.0,29.0,-14.0,30.0,-13.0,30.0,-12.0,29.0
2.0262,122.0,-96.0,7.0,0.0,0.0,0.0,0.0,0.0,0.0,0.0,0.0,0.0,2.0,6.0,-1.0,13.0,-4.0,18.0,-6.0,23.0,-7.0,29.0,-8.0,33.0,-8.0,36.0,-9.0,38.0,-7.0,38.0,-7.0,36.0,-7.0,34.0,-5.0,30.0,-5.0,25.0,-4.0,19.0,-5.0,12.0,-4.0,5.0,-5.0,-3.0,-7.0,-10.0,-9.0,-18.0,-11.0,-23.0,-14.0,-28.0,-16.0,-30.0,-17.0,-33.0,-19.0,-33.0,-19.0,-32.0,-20.0,-31.0
2.0407,122.0,-96.0,7.0,0.0,0.0,0.0,0.0,0.0,0.0,0.0,0.0,0.0,20.0,-2.0,16.0,-1.0,11.0,0.0,6.0,1.0,1.0,3.0,-5.0,5.0,-9.0,8.0,-15.0,10.0,-19.0,12.0,-22.0,15.0,-24.0,16.0,-25.0,18.0,-25.0,19.0,-25.0,19.0,-23.0,18.0,-20.0,17.0,-17.0,14.0,-14.0,11.0,-10.0,7.0,-7.0,3.0,-4.0,-3.0,-1.0,-8.0,1.0,-13.0,4.0,-18.0,4.0,-22.0,4.0,-25.0
2.054,122.0,-96.0,7.0,0.0,0.0,0.0,0.0,0.0,0.0,0.0,0.0,0.0,20.0,8.0,20.0,9.0,19.0,9.0,19.0,10.0,19.0,11.0,19.0,12.0,18.0,12.0,18.0,12.0,18.0,12.0,18.0,13.0,18.0,13.0,17.0,13.0,17.0,13.0,17.0,14.0,16.0,14.0,16.0,14.0,16.0,14.0,15.0,14.0,15.0,14.0,15.0,14.0,14.0,13.0,14.0,12.0,14.0,12.0,14.0,12.0,14.0,12.0,14.0,11.0
2.0687,122.0,-96.0,7.0,0.0,0.0,0.0,0.0,0.0,0.0,0.0,0.0,0.0,18.0,-9.0,15.0,-7.0,10.0,-5.0,6.0,-2.0,2.0,3.0,-3.0,6.0,-5.0,11.0,-10.0,15.0,-13.0,18.0,-15.0,22.0,-17.0,24.0,-17.0,26.0,-16.0,27.0,-16.0,27.0,-14.0,25.0,-12.0,23.0,-11.0,20.0,-9.0,15.0,-7.0,10.0,-5.0,5.0,-5.0,-1.0,-4.0,-7.0,-3.0,-13.0,-3.0,-18.0,-4.0,-22.0,-6.0,-25.0
2.0818,122.0,-96.0,7.0,0.0,0.0,0.0,0.0,0.0,0.0,0.0,0.0,0.0,17.0,8.0,17.0,10.0,17.0,10.0,17.0,10.0,16.0,11.0,16.0,12.0,16.0,11.0,15.0,12.0,15.0,12.0,15.0,13.0,15.0,13.0,14.0,13.0,14.0,13.0,14.0,14.0,13.0,13.0,13.0,13.0,13.0,13.0,13.0,14.0,13.0,13.0,12.0,13.0,12.0,13.0,12.0,12.0,12.0,12.0,12.0,12.0,12.0,11.0,12.0,11.0
2.0961,122.0,-96.0,7.0,0.0,0.0,0.0,0.0,0.0,0.0,0.0,0.0,0.0,-21.0,21.0,-21.0,20.0,-20.0,20.0,-18.0,18.0,-16.0,15.0,-13.0,11.0,-11.0,8.0,-7.0,2.0,-3.0,-2.0,-1.0,-8.0,1.0,-12.0,3.0,-17.0,5.0,-22.0,7.0,-26.0,8.0,-29.0,9.0,-31.0,8.0,-31.0,7.0,-31.0,6.0,-29.0,5.0,-26.0,4.0,-22.0,3.0,-18.0,3.0,-12.0,3.0,-7.0,3.0,-1.0,4.0,5.0
2.1101,122.0,-96.0,7.0,0.0,0.0,0.0,0.0,0.0,0.0,0.0,0.0,0.0,20.0,5.0,20.0,6.0,20.0,6.0,20.0,6.0,21.0,7.0,21.0,8.0,20.0,8.0,20.0,9.0,19.0,9.0,19.0,10.0,19.0,10.0,19.0,10.0,18.0,10.0,18.0,11.0,18.0,11.0,17.0,10.0,17.0,11.0,17.0,11.0,17.0,11.0,17.0,11.0,16.0,11.0,16.0,9.0,15.0,10.0,16.0,10.0,15.0,9.0,15.0,8.0
2.124,122.0,-96.0,7.0,0.0,0.0,0.0,0.0,0.0,0.0,0.0,0.0,0.0,-14.0,18.0,-12.0,14.0,-9.0,9.0,-6.0,4.0,-4.0,-2.0,-2.0,-8.0,-1.0,-14.0,1.0,-20.0,2.0,-25.0,3.0,-30.0,4.0,-33.0,3.0,-35.0,2.0,-36.0,2.0,-35.0,1.0,-33.0,0.0,-29.0,0.0,-25.0,0.0,-20.0,1.0,-14.0,2.0,-8.0,4.0,-2.0,6.0,4.0,8.0,11.0,10.0,16.0,13.0,19.0,16.0,22.0
2.1386,122.0,-96.0,7.0,0.0,0.0,0.0,0.0,0.0,0.0,0.0,0.0,0.0,-18.0,-16.0,-20.0,-19.0,-21.0,-21.0,-22.0,-21.0,-23.0,-22.0,-22.0,-21.0,-20.0,-20.0,-18.0,-17.0,-15.0,-16.0,-11.0,-12.0,-6.0,-9.0,-1.0,-5.0,4.0,-3.0,9.0,1.0,14.0,3.0,19.0,5.0,23.0,6.0,27.0,7.0,28.0,7.0,30.0,7.0,30.0,6.0,29.0,6.0,27.0,5.0,23.0,3.0,19.0,2.0,14.0,2.0
2.1525,122.0,-96.0,7.0,0.0,0.0,0.0,0.0,0.0,0.0,0.0,0.0,0.0,-4.0,3.0,-9.0,5.0,-14.0,5.0,-19.0,7.0,-23.0,8.0,-27.0,9.0,-28.0,10.0,-30.0,10.0,-29.0,11.0,-28.0,11.0,-26.0,10.0,-23.0,9.0,-20.0,7.0,-15.0,5.0,-11.0,2.0,-5.0,-1.0,-1.0,-5.0,3.0,-9.0,7.0,-13.0,10.0,-17.0,13.0,-21.0,13.0,-24.0,15.0,-26.0,13.0,-27.0,13.0,-27.0,12.0,-26.0
2.1663,122.0,-96.0,7.0,0.0,0.0,0.0,0.0,0.0,0.0,0.0,0.0,0.0,2.0,5.0,1.0,10.0,0.0,16.0,-1.0,21.0,-1.0,26.0,-2.0,30.0,-1.0,32.0,-2.0,35.0,-1.0,34.0,-1.0,33.0,0.0,30.0,0.0,26.0,-1.0,22.0,-1.0,16.0,-3.0,11.0,-3.0,4.0,-5.0,-2.0,-8.0,-8.0,-10.0,-14.0,-13.0,-18.0,-16.0,-22.0,-19.0,-24.0,-21.0,-27.0,-22.0,-26.0,-22.0,-25.0,-22.0,-24.0
2.1801,122.0,-96.0,7.0,0.0,0.0,0.0,0.0,0.0,0.0,0.0,0.0,0.0,14.0,1.0,14.0,2.0,14.0,2.0,14.0,3.0,14.0,3.0,14.0,3.0,14.0,4.0,14.0,4.0,13.0,4.0,13.0,4.0,13.0,5.0,13.0,5.0,13.0,5.0,13.0,5.0,13.0,5.0,12.0,5.0,12.0,5.0,12.0,5.0,12.0,5.0,12.0,5.0,12.0,5.0,11.0,5.0,11.0,4.0,11.0,4.0,11.0,4.0,11.0,4.0
2.1957,122.0,-96.0,7.0,0.0,0.0,0.0,0.0,0.0,0.0,0.0,0.0,0.0,-16.0,-16.0,-16.0,-18.0,-15.0,-17.0,-16.0,-18.0,-14.0,-18.0,-15.0,-20.0,-13.0,-19.0,-13.0,-20.0,-13.0,-20.0,-13.0,-20.0,-13.0,-20.0,-12.0,-21.0,-12.0,-20.0,-12.0,-20.0,-11.0,-21.0,-10.0,-20.0,-11.0,-21.0,-10.0,-20.0,-10.0,-20.0,-9.0,-20.0,-10.0,-19.0,-9.0,-19.0,-9.0,-18.0,-10.0,-18.0,-10.0,-17.0,-10.0,-17.0
2.2109,122.0,-96.0,7.0,0.0,0.0,0.0,0.0,0.0,0.0,0.0,0.0,0.0,-16.0,17.0,-19.0,19.0,-20.0,21.0,-21.0,22.0,-21.0,22.0,-21.0,21.0,-19.0,19.0,-17.0,17.0,-15.0,14.0,-12.0,10.0,-8.0,5.0,-6.0,0.0,-3.0,-5.0,1.0,-10.0,3.0,-16.0,5.0,-20.0,6.0,-24.0,6.0,-27.0,7.0,-30.0,7.0,-31.0,5.0,-31.0,5.0,-30.0,4.0,-28.0,3.0,-24.0,2.0,-20.0,2.0,-15.0
2.2239,122.0,-96.0,7.0,0.0,0.0,0.0,0.0,0.0,0.0,0.0,0.0,0.0,4.0,18.0,3.0,19.0,3.0,19.0,2.0,20.0,2.0,19.0,2.0,20.0,1.0,20.0,1.0,20.0,0.0,20.0,0.0,20.0,0.0,20.0,-1.0,20.0,-1.0,20.0,-1.0,20.0,-2.0,20.0,-1.0,19.0,-2.0,19.0,-2.0,18.0,-2.0,19.0,-2.0,18.0,-2.0,18.0,-2.0,17.0,-2.0,17.0,-2.0,17.0,-1.0,17.0,0.0,16.0
2.2383,122.0,-96.0,7.0,0.0,0.0,0.0,0.0,0.0,0.0,0.0,0.0,0.0,14.0,14.0,10.0,10.0,5.0,7.0,0.0,4.0,-6.0,1.0,-12.0,-1.0,-17.0,-3.0,-23.0,-4.0,-27.0,-6.0,-31.0,-7.0,-33.0,-8.0,-35.0,-7.0,-35.0,-6.0,-34.0,-6.0,-32.0,-5.0,-28.0,-4.0,-23.0,-3.0,-17.0,-3.0,-11.0,-4.0,-5.0,-4.0,1.0,-6.0,7.0,-7.0,13.0,-9.0,18.0,-11.0,22.0,-13.0,24.0,-16.0
2.253,122.0,-96.0,7.0,0.0,0.0,0.0,0.0,0.0,0.0,0.0,0.0,0.0,19.0,4.0,14.0,4.0,8.0,3.0,2.0,3.0,-4.0,4.0,-11.0,4.0,-16.0,6.0,-22.0,7.0,-26.0,8.0,-30.0,9.0,-33.0,10.0,-34.0,11.0,-33.0,12.0,-32.0,12.0,-30.0,11.0,-26.0,11.0,-22.0,8.0,-17.0,6.0,-11.0,3.0,-6.0,-1.0,-2.0,-6.0,3.0,-10.0,7.0,-15.0,11.0,-19.0,12.0,-23.0,13.0,-27.0
2.2672,122.0,-96.0,7.0,0.0,0.0,0.0,0.0,0.0,0.0,0.0,0.0,0.0,-7.0,20.0,-8.0,22.0,-9.0,24.0,-9.0,25.0,-9.0,25.0,-9.0,25.0,-8.0,23.0,-7.0,20.0,-7.0,17.0,-6.0,12.0,-5.0,8.0,-4.0,2.0,-4.0,-3.0,-3.0,-9.0,-4.0,-14.0,-3.0,-18.0,-4.0,-22.0,-4.0,-25.0,-5.0,-27.0,-6.0,-28.0,-7.0,-28.0,-6.0,-27.0,-6.0,-25.0,-6.0,-21.0,-5.0,-18.0,-4.0,-13.0
2.2817,122.0,-96.0,7.0,0.0,0.0,0.0,0.0,0.0,0.0,0.0,0.0,0.0,-1.0,-22.0,-1.0,-23.0,0.0,-23.0,0.0,-23.0,1.0,-23.0,1.0,-24.0,2.0,-23.0,3.0,-24.0,2.0,-23.0,3.0,-22.0,4.0,-23.0,4.0,-22.0,5.0,-22.0,5.0,-23.0,5.0,-22.0,4.0,-21.0,5.0,-21.0,5.0,-22.0,5.0,-21.0,5.0,-21.0,4.0,-21.0,4.0,-20.0,4.0,-20.0,4.0,-20.0,3.0,-19.0,3.0,-19.0
2.2968,122.0,-96.0,7.0,0.0,0.0,0.0,0.0,0.0,0.0,0.0,0.0,0.0,-5.0,17.0,-4.0,13.0,-4.0,7.0,-4.0,2.0,-4.0,-4.0,-5.0,-10.0,-6.0,-14.0,-7.0,-20.0,-8.0,-24.0,-9.0,-27.0,-9.0,-29.0,-11.0,-30.0,-11.0,-30.0,-11.0,-29.0,-11.0,-27.0,-10.0,-23.0,-8.0,-20.0,-6.0,-15.0,-3.0,-10.0,0.0,-6.0,4.0,-2.0,8.0,3.0,12.0,6.0,16.0,10.0,19.0,11.0,23.0,12.0
2.3109,122.0,-96.0,7.0,0.0,0.0,0.0,0.0,0.0,0.0,0.0,0.0,0.0,-14.0,-10.0,-14.0,-10.0,-14.0,-11.0,-14.0,-11.0,-14.0,-12.0,-13.0,-12.0,-13.0,-12.0,-13.0,-13.0,-12.0,-13.0,-12.0,-13.0,-12.0,-13.0,-12.0,-13.0,-12.0,-13.0,-12.0,-13.0,-11.0,-14.0,-11.0,-13.0,-11.0,-13.0,-10.0,-13.0,-10.0,-13.0,-10.0,-13.0,-10.0,-13.0,-10.0,-12.0,-10.0,-12.0,-10.0,-12.0,-10.0,-11.0,-10.0,-11.0
2.3247,122.0,-96.0,7.0,0.0,0.0,0.0,0.0,0.0,0.0,0.0,0.0,0.0,19.0,3.0,14.0,3.0,8.0,3.0,3.0,3.0,-4.0,4.0,-10.0,5.0,-15.0,7.0,-21.0,8.0,-26.0,10.0,-29.0,11.0,-32.0,11.0,-32.0,13.0,-33.0,13.0,-31.0,13.0,-28.0,13.0,-25.0,12.0,-20.0,10.0,-16.0,7.0,-11.0,3.0,-6.0,-1.0,-2.0,-6.0,2.0,-11.0,7.0,-15.0,10.0,-20.0,11.0,-24.0,12.0,-27.0
2.3382,122.0,-96.0,7.0,0.0,0.0,0.0,0.0,0.0,0.0,0.0,0.0,0.0,-28.0,8.0,-28.0,8.0,-27.0,8.0,-25.0,7.0,-22.0,5.0,-17.0,4.0,-13.0,2.0,-7.0,-1.0,-3.0,-4.0,2.0,-7.0,6.0,-11.0,10.0,-14.0,14.0,-17.0,17.0,-20.0,20.0,-22.0,21.0,-23.0,20.0,-24.0,20.0,-24.0,18.0,-23.0,16.0,-21.0,13.0,-18.0,10.0,-14.0,8.0,-9.0,6.0,-5.0,3.0,1.0,2.0,6.0
2.352,122.0,-96.0,7.0,0.0,0.0,0.0,0.0,0.0,0.0,0.0,0.0,0.0,16.0,-1.0,17.0,-1.0,17.0,-1.0,17.0,0.0,17.0,1.0,17.0,1.0,17.0,2.0,17.0,2.0,17.0,2.0,17.0,3.0,17.0,3.0,16.0,3.0,16.0,4.0,16.0,4.0,16.0,4.0,16.0,4.0,16.0,4.0,15.0,4.0,15.0,4.0,15.0,4.0,14.0,4.0,14.0,4.0,14.0,4.0,14.0,3.0,14.0,3.0,14.0,3.0
2.3663,122.0,-96.0,7.0,0.0,0.0,0.0,0.0,0.0,0.0,0.0,0.0,0.0,-4.0,23.0,-3.0,18.0,-3.0,12.0,-3.0,6.0,-5.0,0.0,-6.0,-7.0,-7.0,-12.0,-9.0,-18.0,-10.0,-23.0,-12.0,-27.0,-13.0,-30.0,-15.0,-31.0,-16.0,-32.0,-16.0,-32.0,-15.0,-29.0,-14.0,-26.0,-12.0,-22.0,-9.0,-18.0,-6.0,-13.0,-2.0,-8.0,3.0,-4.0,7.0,1.0,12.0,4.0,17.0,8.0,21.0,10.0,25.0,10.0
2.3806,122.0,-96.0,7.0,0.0,0.0,0.0,0.0,0.0,0.0,0.0,0.0,0.0,8.0,19.0,9.0,22.0,9.0,24.0,10.0,25.0,10.0,25.0,10.0,24.0,9.0,22.0,8.0,19.0,6.0,17.0,4.0,12.0,1.0,8.0,-1.0,4.0,-5.0,0.0,-8.0,-5.0,-12.0,-8.0,-15.0,-12.0,-18.0,-14.0,-21.0,-16.0,-23.0,-17.0,-23.0,-17.0,-24.0,-16.0,-23.0,-16.0,-22.0,-14.0,-19.0,-11.0,-16.0,-9.0,-12.0,-7.0
2.3934,122.0,-96.0,7.0,0.0,0.0,0.0,0.0,0.0,0.0,0.0,0.0,0.0,5.0,2.0,6.0,7.0,8.0,12.0,10.0,16.0,12.0,20.0,14.0,23.0,15.0,24.0,16.0,26.0,17.0,26.0,16.0,24.0,15.0,22.0,14.0,19.0,11.0,16.0,8.0,12.0,4.0,9.0,0.0,5.0,-5.0,1.0,-10.0,-2.0,-15.0,-5.0,-19.0,-7.0,-24.0,-8.0,-27.0,-8.0,-29.0,-9.0,-30.0,-7.0,-30.0,-6.0,-29.0,-5.0
2.4079,122.0,-96.0,7.0,0.0,0.0,0.0,0.0,0.0,0.0,0.0,0.0,0.0,19.0,0.0,22.0,0.0,24.0,0.0,26.0,0.0,27.0,0.0,27.0,0.0,25.0,0.0,23.0,0.0,20.0,1.0,16.0,1.0,11.0,1.0,5.0,2.0,0.0,3.0,-5.0,4.0,-10.0,6.0,-15.0,7.0,-19.0,9.0,-22.0,11.0,-24.0,12.0,-25.0,13.0,-24.0,14.0,-24.0,14.0,-22.0,14.0,-19.0,12.0,-16.0,10.0,-13.0,8.0
2.422,122.0,-96.0,7.0,0.0,0.0,0.0,0.0,0.0,0.0,0.0,0.0,0.0,20.0,5.0,22.0,7.0,24.0,7.0,25.0,7.0,26.0,8.0,25.0,7.0,23.0,7.0,20.0,6.0,17.0,6.0,12.0,4.0,8.0,4.0,2.0,3.0,-3.0,3.0,-9.0,2.0,-14.0,3.0,-18.0,3.0,-22.0,4.0,-25.0,5.0,-27.0,5.0,-28.0,6.0,-28.0,7.0,-27.0,6.0,-25.0,6.0,-21.0,6.0,-17.0,5.0,-13.0,3.0
2.4321,122.0,-96.0,7.0,0.0,0.0,0.0,0.0,0.0,0.0,0.0,0.0,0.0,10.0,-23.0,10.0,-23.0,11.0,-24.0,11.0,-23.0,12.0,-23.0,13.0,-23.0,13.0,-23.0,14.0,-22.0,14.0,-22.0,15.0,-21.0,15.0,-21.0,15.0,-21.0,15.0,-20.0,16.0,-20.0,16.0,-20.0,15.0,-20.0,15.0,-19.0,16.0,-19.0,15.0,-18.0,15.0,-19.0,14.0,-18.0,14.0,-18.0,14.0,-18.0,14.0,-17.0,13.0,-17.0,12.0,-17.0
2.4427,122.0,-96.0,7.0,0.0,0.0,0.0,0.0,0.0,0.0,0.0,0.0,0.0,-13.0,-25.0,-12.0,-25.0,-12.0,-25.0,-11.0,-26.0,-10.0,-26.0,-10.0,-27.0,-9.0,-26.0,-8.0,-27.0,-8.0,-27.0,-7.0,-27.0,-7.0,-27.0,-6.0,-27.0,-6.0,-27.0,-5.0,-27.0,-5.0,-27.0,-5.0,-26.0,-5.0,-26.0,-4.0,-25.0,-4.0,-26.0,-4.0,-25.0,-4.0,-25.0,-5.0,-24.0,-4.0,-24.0,-5.0,-23.0,-5.0,-23.0,-5.0,-22.0
2.4541,122.0,-96.0,7.0,0.0,0.0,0.0,0.0,0.0,0.0,0.0,0.0,0.0,8.0,16.0,8.0,17.0,8.0,17.0,8.0,17.0,7.0,17.0,7.0,18.0,7.0,18.0,7.0,18.0,7.0,18.0,7.0,18.0,7.0,18.0,7.0,18.0,6.0,18.0,6.0,18.0,6.0,19.0,6.0,19.0,6.0,19.0,5.0,19.0,5.0,19.0,5.0,18.0,5.0,19.0,5.0,18.0,6.0,19.0,6.0,18.0,6.0,17.0,6.0,17.0
2.4643,122.0,-96.0,7.0,0.0,0.0,0.0,0.0,0.0,0.0,0.0,0.0,0.0,-19.0,-2.0,-19.0,-2.0,-19.0,-3.0,-19.0,-3.0,-19.0,-4.0,-19.0,-4.0,-19.0,-4.0,-19.0,-5.0,-19.0,-5.0,-19.0,-6.0,-19.0,-6.0,-18.0,-6.0,-18.0,-6.0,-18.0,-7.0,-18.0,-7.0,-18.0,-6.0,-17.0,-7.0,-17.0,-7.0,-17.0,-7.0,-17.0,-6.0,-17.0,-6.0,-17.0,-6.0,-16.0,-6.0,-16.0,-6.0,-16.0,-6.0,-16.0,-5.0
2.4791,122.0,-96.0,7.0,0.0,0.0,0.0,0.0,0.0,0.0,0.0,0.0,0.0,-5.0,3.0,-10.0,2.0,-15.0,1.0,-20.0,1.0,-25.0,1.0,-28.0,1.0,-30.0,1.0,-32.0,1.0,-31.0,2.0,-31.0,2.0,-28.0,2.0,-25.0,2.0,-21.0,1.0,-16.0,0.0,-11.0,-2.0,-5.0,-3.0,1.0,-5.0,6.0,-8.0,10.0,-11.0,15.0,-14.0,18.0,-16.0,19.0,-19.0,22.0,-21.0,20.0,-22.0,20.0,-22.0,18.0,-22.0
2.4895,122.0,-96.0,7.0,0.0,0.0,0.0,0.0,0.0,0.0,0.0,0.0,0.0,3.0,-25.0,3.0,-25.0,4.0,-25.0,4.0,-25.0,5.0,-25.0,6.0,-25.0,6.0,-24.0,7.0,-24.0,7.0,-24.0,8.0,-24.0,8.0,-23.0,9.0,-23.0,9.0,-23.0,9.0,-23.0,10.0,-23.0,9.0,-22.0,9.0,-22.0,10.0,-22.0,9.0,-21.0,9.0,-21.0,9.0,-21.0,8.0,-21.0,9.0,-21.0,8.0,-20.0,8.0,-20.0,7.0,-20.0
2.5002,122.0,-96.0,7.0,0.0,0.0,0.0,0.0,0.0,0.0,0.0,0.0,0.0,17.0,-15.0,17.0,-14.0,18.0,-14.0,18.0,-14.0,19.0,-13.0,19.0,-13.0,19.0,-13.0,19.0,-12.0,20.0,-12.0,20.0,-12.0,20.0,-11.0,20.0,-11.0,20.0,-10.0,20.0,-10.0,20.0,-9.0,20.0,-10.0,19.0,-10.0,20.0,-9.0,19.0,-9.0,19.0,-10.0,19.0,-9.0,18.0,-9.0,18.0,-9.0,17.0,-9.0,17.0,-9.0,17.0,-10.0
2.5143,122.0,-96.0,7.0,0.0,0.0,0.0,0.0,0.0,0.0,0.0,0.0,0.0,-12.0,16.0,-14.0,19.0,-16.0,21.0,-17.0,23.0,-18.0,24.0,-17.0,24.0,-17.0,23.0,-15.0,21.0,-14.0,19.0,-12.0,15.0,-9.0,10.0,-7.0,5.0,-6.0,-1.0,-4.0,-7.0,-3.0,-13.0,-2.0,-18.0,-2.0,-23.0,-3.0,-27.0,-3.0,-30.0,-4.0,-31.0,-5.0,-32.0,-5.0,-31.0,-6.0,-29.0,-6.0,-26.0,-5.0,-22.0,-4.0,-17.0
2.5282,122.0,-96.0,7.0,0.0,0.0,0.0,0.0,0.0,0.0,0.0,0.0,0.0,18.0,21.0,17.0,21.0,17.0,20.0,16.0,18.0,14.0,17.0,11.0,13.0,7.0,11.0,2.0,7.0,-2.0,4.0,-7.0,1.0,-12.0,0.0,-17.0,-2.0,-21.0,-4.0,-26.0,-5.0,-29.0,-6.0,-32.0,-6.0,-32.0,-5.0,-32.0,-5.0,-30.0,-4.0,-27.0,-3.0,-23.0,-2.0,-19.0,-2.0,-13.0,-3.0,-8.0,-4.0,-3.0,-5.0,3.0,-7.0
2.5415,122.0,-96.0,7.0,0.0,0.0,0.0,0.0,0.0,0.0,0.0,0.0,0.0,19.0,-2.0,23.0,-1.0,26.0,-1.0,28.0,-1.0,30.0,-2.0,30.0,-2.0,29.0,-2.0,26.0,-2.0,23.0,-2.0,18.0,-1.0,13.0,0.0,8.0,1.0,3.0,4.0,-3.0,6.0,-9.0,9.0,-13.0,12.0,-17.0,15.0,-20.0,18.0,-22.0,20.0,-23.0,21.0,-23.0,22.0,-22.0,22.0,-20.0,21.0,-17.0,19.0,-14.0,16.0,-12.0,13.0
2.557,122.0,-96.0,7.0,0.0,0.0,0.0,0.0,0.0,0.0,0.0,0.0,0.0,-8.0,1.0,-8.0,-8.0,-9.0,-14.0,-11.0,-22.0,-12.0,-28.0,-15.0,-34.0,-18.0,-38.0,-20.0,-41.0,-21.0,-42.0,-21.0,-41.0,-21.0,-39.0,-19.0,-35.0,-17.0,-31.0,-14.0,-26.0,-9.0,-19.0,-4.0,-12.0,3.0,-7.0,10.0,-2.0,17.0,2.0,24.0,5.0,31.0,8.0,36.0,8.0,40.0,9.0,43.0,8.0,43.0,7.0,43.0,5.0
2.5677,122.0,-96.0,7.0,0.0,0.0,0.0,0.0,0.0,0.0,0.0,0.0,0.0,-25.0,4.0,-26.0,4.0,-26.0,3.0,-27.0,2.0,-26.0,1.0,-27.0,1.0,-27.0,0.0,-26.0,-1.0,-27.0,-1.0,-26.0,-1.0,-26.0,-2.0,-27.0,-2.0,-26.0,-2.0,-26.0,-3.0,-26.0,-3.0,-25.0,-3.0,-25.0,-4.0,-24.0,-4.0,-24.0,-4.0,-24.0,-3.0,-24.0,-4.0,-23.0,-3.0,-23.0,-3.0,-23.0,-3.0,-23.0,-3.0,-22.0,-2.0
2.5815,122.0,-96.0,7.0,0.0,0.0,0.0,0.0,0.0,0.0,0.0,0.0,0.0,-1.0,4.0,-6.0,6.0,-10.0,6.0,-15.0,8.0,-19.0,9.0,-23.0,11.0,-25.0,13.0,-28.0,14.0,-27.0,15.0,-27.0,15.0,-24.0,15.0,-22.0,14.0,-20.0,12.0,-16.0,9.0,-13.0,6.0,-8.0,2.0,-4.0,-3.0,-2.0,-8.0,1.0,-13.0,3.0,-18.0,4.0,-23.0,3.0,-26.0,4.0,-29.0,2.0,-30.0,1.0,-31.0,0.0,-30.0
2.5955,122.0,-96.0,7.0,0.0,0.0,0.0,0.0,0.0,0.0,0.0,0.0,0.0,21.0,-3.0,17.0,-2.0,12.0,0.0,7.0,2.0,1.0,5.0,-4.0,8.0,-8.0,11.0,-13.0,15.0,-17.0,18.0,-20.0,21.0,-22.0,24.0,-22.0,25.0,-23.0,27.0,-22.0,27.0,-20.0,26.0,-17.0,23.0,-15.0,20.0,-12.0,16.0,-10.0,11.0,-7.0,5.0,-6.0,-1.0,-5.0,-7.0,-4.0,-14.0,-4.0,-20.0,-5.0,-24.0,-7.0,-27.0
2.6093,122.0,-96.0,7.0,0.0,0.0,0.0,0.0,0.0,0.0,0.0,0.0,0.0,-3.0,-5.0,2.0,-7.0,7.0,-8.0,11.0,-10.0,16.0,-13.0,20.0,-15.0,22.0,-17.0,24.0,-19.0,23.0,-20.0,24.0,-20.0,21.0,-20.0,20.0,-18.0,18.0,-16.0,14.0,-13.0,11.0,-9.0,7.0,-5.0,4.0,1.0,2.0,6.0,0.0,12.0,-1.0,17.0,-2.0,22.0,-1.0,25.0,-1.0,29.0,0.0,29.0,1.0,30.0,2.0,29.0
2.6209,122.0,-96.0,7.0,0.0,0.0,0.0,0.0,0.0,0.0,0.0,0.0,0.0,4.0,-4.0,7.0,1.0,10.0,6.0,13.0,11.0,17.0,14.0,21.0,18.0,23.0,19.0,26.0,21.0,26.0,21.0,27.0,20.0,26.0,18.0,24.0,16.0,21.0,15.0,17.0,12.0,12.0,10.0,6.0,7.0,-1.0,5.0,-7.0,4.0,-14.0,3.0,-19.0,3.0,-25.0,4.0,-28.0,5.0,-32.0,6.0,-33.0,8.0,-32.0,10.0,-32.0,10.0
2.635,122.0,-96.0,7.0,0.0,0.0,0.0,0.0,0.0,0.0,0.0,0.0,0.0,0.0,-19.0,0.0,-23.0,1.0,-24.0,1.0,-27.0,0.0,-27.0,0.0,-28.0,0.0,-26.0,0.0,-23.0,1.0,-21.0,1.0,-17.0,1.0,-12.0,2.0,-8.0,4.0,-2.0,5.0,3.0,8.0,8.0,9.0,12.0,12.0,16.0,14.0,18.0,16.0,21.0,17.0,21.0,18.0,21.0,18.0,21.0,17.0,18.0,16.0,16.0,14.0,13.0,11.0,11.0
2.645,122.0,-96.0,7.0,0.0,0.0,0.0,0.0,0.0,0.0,0.0,0.0,0.0,14.0,-16.0,15.0,-15.0,15.0,-15.0,15.0,-15.0,16.0,-14.0,17.0,-14.0,17.0,-13.0,17.0,-13.0,17.0,-13.0,17.0,-12.0,17.0,-12.0,17.0,-12.0,17.0,-12.0,18.0,-11.0,18.0,-11.0,18.0,-11.0,17.0,-10.0,18.0,-10.0,18.0,-10.0,17.0,-10.0,17.0,-9.0,16.0,-10.0,17.0,-10.0,16.0,-10.0,15.0,-10.0,15.0,-10.0
2.6591,122.0,-96.0,7.0,0.0,0.0,0.0,0.0,0.0,0.0,0.0,0.0,0.0,-19.0,-18.0,-19.0,-18.0,-18.0,-17.0,-17.0,-16.0,-14.0,-14.0,-11.0,-11.0,-7.0,-9.0,-3.0,-7.0,2.0,-5.0,6.0,-3.0,11.0,-2.0,15.0,-1.0,19.0,0.0,24.0,1.0,26.0,2.0,28.0,2.0,29.0,1.0,28.0,1.0,27.0,0.0,24.0,-1.0,20.0,-1.0,15.0,-1.0,11.0,0.0,7.0,2.0,2.0,4.0,-3.0,6.0
2.6731,122.0,-96.0,7.0,0.0,0.0,0.0,0.0,0.0,0.0,0.0,0.0,0.0,-18.0,-22.0,-18.0,-22.0,-18.0,-21.0,-16.0,-19.0,-14.0,-18.0,-11.0,-14.0,-7.0,-11.0,-2.0,-8.0,2.0,-5.0,7.0,-3.0,12.0,0.0,16.0,2.0,21.0,3.0,25.0,5.0,28.0,6.0,31.0,5.0,31.0,5.0,31.0,4.0,29.0,3.0,26.0,2.0,22.0,2.0,18.0,1.0,12.0,2.0,7.0,3.0,2.0,4.0,-4.0,6.0
2.6829,122.0,-96.0,7.0,0.0,0.0,0.0,0.0,0.0,0.0,0.0,0.0,0.0,-16.0,11.0,-16.0,11.0,-16.0,11.0,-17.0,10.0,-17.0,10.0,-18.0,9.0,-17.0,10.0,-18.0,9.0,-18.0,9.0,-18.0,9.0,-18.0,8.0,-18.0,8.0,-19.0,7.0,-19.0,7.0,-18.0,7.0,-19.0,7.0,-18.0,6.0,-18.0,6.0,-18.0,6.0,-17.0,6.0,-17.0,6.0,-17.0,6.0,-17.0,6.0,-17.0,6.0,-16.0,6.0,-16.0,6.0
2.6943,122.0,-96.0,7.0,0.0,0.0,0.0,0.0,0.0,0.0,0.0,0.0,0.0,5.0,1.0,5.0,6.0,5.0,11.0,6.0,17.0,7.0,22.0,9.0,26.0,10.0,29.0,11.0,32.0,13.0,31.0,13.0,31.0,13.0,28.0,12.0,26.0,10.0,23.0,8.0,18.0,4.0,14.0,1.0,8.0,-4.0,4.0,-9.0,0.0,-14.0,-4.0,-19.0,-6.0,-25.0,-8.0,-28.0,-8.0,-32.0,-10.0,-33.0,-8.0,-33.0,-7.0,-33.0,-6.0
2.7078,122.0,-96.0,7.0,0.0,0.0,0.0,0.0,0.0,0.0,0.0,0.0,0.0,-19.0,-19.0,-15.0,-16.0,-11.0,-13.0,-5.0,-10.0,1.0,-7.0,8.0,-3.0,14.0,-2.0,21.0,0.0,27.0,1.0,32.0,1.0,36.0,1.0,38.0,0.0,39.0,-2.0,39.0,-2.0,37.0,-3.0,33.0,-4.0,28.0,-4.0,23.0,-2.0,17.0,-1.0,11.0,2.0,4.0,5.0,-3.0,8.0,-9.0,13.0,-14.0,17.0,-17.0,21.0,-18.0,26.0
2.7212,122.0,-96.0,7.0,0.0,0.0,0.0,0.0,0.0,0.0,0.0,0.0,0.0,-3.0,-18.0,-3.0,-21.0,-4.0,-24.0,-4.0,-26.0,-4.0,-27.0,-4.0,-27.0,-4.0,-26.0,-4.0,-24.0,-3.0,-21.0,-2.0,-17.0,-1.0,-13.0,0.0,-8.0,3.0,-4.0,6.0,1.0,9.0,5.0,11.0,9.0,15.0,13.0,18.0,15.0,20.0,16.0,21.0,17.0,22.0,17.0,22.0,16.0,21.0,14.0,19.0,12.0,16.0,10.0,12.0,8.0
2.7311,122.0,-96.0,7.0,0.0,0.0,0.0,0.0,0.0,0.0,0.0,0.0,0.0,-21.0,17.0,-22.0,17.0,-22.0,17.0,-23.0,16.0,-23.0,15.0,-24.0,15.0,-23.0,14.0,-24.0,14.0,-24.0,14.0,-24.0,13.0,-25.0,12.0,-25.0,12.0,-25.0,12.0,-25.0,11.0,-25.0,11.0,-24.0,11.0,-24.0,10.0,-25.0,10.0,-24.0,10.0,-23.0,10.0,-23.0,10.0,-23.0,10.0,-23.0,10.0,-22.0,10.0,-21.0,10.0,-20.0,10.0
2.7426,122.0,-96.0,7.0,0.0,0.0,0.0,0.0,0.0,0.0,0.0,0.0,0.0,-3.0,-26.0,-2.0,-21.0,-1.0,-16.0,2.0,-11.0,4.0,-4.0,8.0,3.0,12.0,8.0,15.0,13.0,20.0,18.0,23.0,21.0,26.0,24.0,28.0,25.0,30.0,25.0,30.0,26.0,29.0,23.0,26.0,19.0,23.0,17.0,18.0,14.0,13.0,11.0,6.0,8.0,-1.0,6.0,-8.0,4.0,-15.0,3.0,-22.0,2.0,-27.0,4.0,-31.0,6.0
2.7561,122.0,-96.0,7.0,0.0,0.0,0.0,0.0,0.0,0.0,0.0,0.0,0.0,-27.0,-10.0,-27.0,-10.0,-26.0,-10.0,-24.0,-9.0,-21.0,-8.0,-17.0,-7.0,-13.0,-6.0,-7.0,-6.0,-1.0,-6.0,4.0,-6.0,10.0,-7.0,14.0,-8.0,19.0,-9.0,24.0,-10.0,28.0,-11.0,29.0,-12.0,29.0,-13.0,28.0,-13.0,27.0,-13.0,24.0,-13.0,20.0,-11.0,16.0,-9.0,12.0,-6.0,8.0,-2.0,4.0,2.0,0.0,7.0
2.7703,122.0,-96.0,7.0,0.0,0.0,0.0,0.0,0.0,0.0,0.0,0.0,0.0,-26.0,9.0,-27.0,8.0,-26.0,8.0,-24.0,8.0,-21.0,6.0,-17.0,4.0,-13.0,2.0,-8.0,-1.0,-4.0,-5.0,0.0,-9.0,4.0,-13.0,7.0,-16.0,10.0,-20.0,13.0,-23.0,15.0,-26.0,15.0,-28.0,15.0,-29.0,14.0,-28.0,13.0,-27.0,11.0,-25.0,9.0,-21.0,7.0,-17.0,6.0,-12.0,5.0,-7.0,4.0,-1.0,5.0,5.0
2.7827,122.0,-96.0,7.0,0.0,0.0,0.0,0.0,0.0,0.0,0.0,0.0,0.0,5.0,1.0,2.0,6.0,0.0,12.0,-1.0,16.0,-3.0,22.0,-4.0,27.0,-3.0,30.0,-4.0,33.0,-2.0,34.0,-2.0,34.0,0.0,31.0,-1.0,29.0,-1.0,26.0,-1.0,21.0,-2.0,15.0,-3.0,9.0,-5.0,2.0,-8.0,-3.0,-11.0,-9.0,-14.0,-13.0,-18.0,-18.0,-21.0,-19.0,-25.0,-22.0,-27.0,-21.0,-28.0,-20.0,-28.0,-19.0
2.7965,122.0,-96.0,7.0,0.0,0.0,0.0,0.0,0.0,0.0,0.0,0.0,0.0,-4.0,-5.0,0.0,-9.0,3.0,-13.0,6.0,-17.0,9.0,-23.0,11.0,-27.0,12.0,-29.0,13.0,-32.0,12.0,-32.0,11.0,-33.0,9.0,-31.0,8.0,-28.0,8.0,-25.0,6.0,-20.0,6.0,-15.0,4.0,-8.0,5.0,-1.0,6.0,5.0,7.0,11.0,9.0,16.0,11.0,21.0,14.0,24.0,16.0,27.0,18.0,27.0,19.0,26.0,20.0,26.0
2.8057,122.0,-96.0,7.0,0.0,0.0,0.0,0.0,0.0,0.0,0.0,0.0,0.0,11.0,16.0,10.0,17.0,10.0,17.0,9.0,17.0,9.0,17.0,9.0,18.0,8.0,18.0,8.0,19.0,7.0,18.0,7.0,19.0,7.0,19.0,6.0,19.0,6.0,18.0,6.0,19.0,5.0,19.0,5.0,18.0,5.0,19.0,4.0,18.0,4.0,18.0,5.0,18.0,4.0,17.0,4.0,17.0,4.0,16.0,4.0,17.0,5.0,16.0,5.0,16.0
2.8196,122.0,-96.0,7.0,0.0,0.0,0.0,0.0,0.0,0.0,0.0,0.0,0.0,0.0,25.0,-1.0,25.0,0.0,24.0,0.0,22.0,-1.0,19.0,-1.0,14.0,-2.0,11.0,-3.0,5.0,-5.0,1.0,-7.0,-4.0,-9.0,-8.0,-11.0,-11.0,-14.0,-15.0,-16.0,-19.0,-18.0,-21.0,-19.0,-22.0,-20.0,-22.0,-20.0,-21.0,-19.0,-19.0,-18.0,-17.0,-16.0,-14.0,-13.0,-12.0,-8.0,-9.0,-4.0,-7.0,1.0,-5.0,5.0,-3.0
2.8339,122.0,-96.0,7.0,0.0,0.0,0.0,0.0,0.0,0.0,0.0,0.0,0.0,-6.0,24.0,-5.0,18.0,-5.0,13.0,-6.0,6.0,-7.0,0.0,-8.0,-8.0,-10.0,-13.0,-12.0,-20.0,-15.0,-25.0,-17.0,-30.0,-19.0,-32.0,-21.0,-33.0,-22.0,-34.0,-23.0,-34.0,-21.0,-31.0,-21.0,-27.0,-18.0,-23.0,-14.0,-19.0,-9.0,-15.0,-4.0,-10.0,2.0,-6.0,9.0,-3.0,16.0,1.0,22.0,3.0,26.0,3.0,31.0,3.0
2.8482,122.0,-96.0,7.0,0.0,0.0,0.0,0.0,0.0,0.0,0.0,0.0,0.0,-5.0,-3.0,-2.0,-8.0,2.0,-12.0,4.0,-17.0,7.0,-22.0,9.0,-26.0,9.0,-29.0,10.0,-33.0,10.0,-33.0,9.0,-33.0,7.0,-32.0,6.0,-30.0,6.0,-26.0,4.0,-21.0,5.0,-15.0,4.0,-9.0,5.0,-2.0,6.0,4.0,8.0,10.0,10.0,15.0,13.0,21.0,15.0,23.0,18.0,26.0,19.0,25.0,21.0,25.0,21.0,24.0
2.8582,122.0,-96.0,7.0,0.0,0.0,0.0,0.0,0.0,0.0,0.0,0.0,0.0,-26.0,-1.0,-26.0,-2.0,-26.0,-2.0,-26.0,-3.0,-26.0,-4.0,-27.0,-5.0,-26.0,-4.0,-26.0,-5.0,-26.0,-5.0,-26.0,-6.0,-26.0,-7.0,-25.0,-7.0,-25.0,-7.0,-25.0,-8.0,-25.0,-8.0,-24.0,-8.0,-24.0,-8.0,-24.0,-8.0,-24.0,-8.0,-23.0,-7.0,-23.0,-7.0,-22.0,-7.0,-22.0,-7.0,-22.0,-7.0,-22.0,-6.0,-21.0,-6.0
2.8734,122.0,-96.0,7.0,0.0,0.0,0.0,0.0,0.0,0.0,0.0,0.0,0.0,-5.0,3.0,-8.0,-2.0,-11.0,-7.0,-14.0,-11.0,-18.0,-15.0,-22.0,-18.0,-24.0,-20.0,-27.0,-22.0,-28.0,-22.0,-28.0,-21.0,-27.0,-19.0,-25.0,-18.0,-22.0,-16.0,-18.0,-13.0,-13.0,-11.0,-7.0,-8.0,0.0,-6.0,6.0,-5.0,12.0,-4.0,18.0,-4.0,24.0,-5.0,27.0,-7.0,31.0,-7.0,31.0,-9.0,31.0,-10.0,31.0,-11.0
2.8805,122.0,-96.0,7.0,0.0,0.0,0.0,0.0,0.0,0.0,0.0,0.0,0.0,21.0,3.0,21.0,4.0,21.0,4.0,21.0,5.0,21.0,6.0,21.0,6.0,21.0,6.0,21.0,7.0,21.0,7.0,21.0,7.0,20.0,8.0,21.0,8.0,20.0,8.0,20.0,8.0,20.0,9.0,20.0,9.0,19.0,9.0,19.0,9.0,19.0,9.0,19.0,8.0,19.0,8.0,18.0,8.0,18.0,8.0,18.0,7.0,18.0,7.0,17.0,6.0
2.8948,122.0,-96.0,7.0,0.0,0.0,0.0,0.0,0.0,0.0,0.0,0.0,0.0,12.0,19.0,9.0,15.0,6.0,12.0,2.0,8.0,-3.0,4.0,-8.0,0.0,-13.0,-2.0,-19.0,-5.0,-23.0,-8.0,-27.0,-9.0,-31.0,-10.0,-33.0,-10.0,-34.0,-10.0,-35.0,-9.0,-33.0,-8.0,-29.0,-6.0,-26.0,-5.0,-20.0,-5.0,-15.0,-4.0,-9.0,-5.0,-2.0,-6.0,4.0,-7.0,10.0,-9.0,16.0,-11.0,19.0,-14.0,22.0,-17.0
2.908,122.0,-96.0,7.0,0.0,0.0,0.0,0.0,0.0,0.0,0.0,0.0,0.0,19.0,-10.0,15.0,-8.0,11.0,-5.0,7.0,-1.0,3.0,4.0,-1.0,9.0,-4.0,14.0,-7.0,19.0,-10.0,23.0,-11.0,27.0,-13.0,30.0,-12.0,32.0,-12.0,33.0,-11.0,33.0,-10.0,31.0,-8.0,28.0,-7.0,24.0,-6.0,19.0,-6.0,13.0,-5.0,7.0,-6.0,1.0,-7.0,-6.0,-9.0,-12.0,-10.0,-18.0,-13.0,-21.0,-16.0,-24.0
2.9228,122.0,-96.0,7.0,0.0,0.0,0.0,0.0,0.0,0.0,0.0,0.0,0.0,-17.0,-12.0,-20.0,-14.0,-23.0,-16.0,-24.0,-17.0,-26.0,-18.0,-26.0,-17.0,-24.0,-17.0,-22.0,-15.0,-20.0,-15.0,-16.0,-12.0,-11.0,-10.0,-6.0,-7.0,0.0,-6.0,6.0,-4.0,12.0,-4.0,17.0,-2.0,22.0,-3.0,26.0,-3.0,28.0,-4.0,31.0,-4.0,31.0,-5.0,30.0,-6.0,29.0,-6.0,25.0,-6.0,21.0,-6.0,16.0,-4.0
2.9318,122.0,-96.0,7.0,0.0,0.0,0.0,0.0,0.0,0.0,0.0,0.0,0.0,18.0,13.0,18.0,14.0,17.0,14.0,17.0,15.0,16.0,15.0,16.0,16.0,16.0,16.0,16.0,17.0,16.0,16.0,15.0,17.0,15.0,17.0,14.0,18.0,14.0,18.0,13.0,18.0,13.0,18.0,13.0,17.0,13.0,17.0,12.0,17.0,12.0,17.0,12.0,16.0,12.0,16.0,12.0,15.0,11.0,15.0,12.0,15.0,12.0,15.0,11.0,15.0
2.9428,122.0,-96.0,7.0,0.0,0.0,0.0,0.0,0.0,0.0,0.0,0.0,0.0,-8.0,21.0,-8.0,21.0,-9.0,21.0,-9.0,21.0,-11.0,21.0,-11.0,20.0,-11.0,20.0,-12.0,20.0,-12.0,20.0,-13.0,20.0,-13.0,19.0,-13.0,19.0,-13.0,18.0,-13.0,18.0,-14.0,17.0,-13.0,18.0,-13.0,17.0,-14.0,17.0,-13.0,17.0,-13.0,16.0,-13.0,16.0,-12.0,16.0,-12.0,16.0,-12.0,15.0,-11.0,15.0,-11.0,15.0
2.9524,122.0,-96.0,7.0,0.0,0.0,0.0,0.0,0.0,0.0,0.0,0.0,0.0,17.0,-19.0,18.0,-19.0,18.0,-18.0,19.0,-18.0,20.0,-17.0,21.0,-17.0,20.0,-17.0,21.0,-17.0,21.0,-16.0,21.0,-16.0,21.0,-15.0,21.0,-15.0,21.0,-15.0,22.0,-14.0,22.0,-14.0,21.0,-13.0,21.0,-13.0,21.0,-12.0,21.0,-13.0,20.0,-13.0,20.0,-13.0,19.0,-13.0,19.0,-12.0,19.0,-12.0,18.0,-12.0,18.0,-13.0
2.9677,122.0,-96.0,7.0,0.0,0.0,0.0,0.0,0.0,0.0,0.0,0.0,0.0,20.0,-5.0,24.0,-5.0,26.0,-6.0,28.0,-6.0,29.0,-7.0,29.0,-7.0,28.0,-7.0,25.0,-6.0,22.0,-5.0,17.0,-4.0,12.0,-2.0,7.0,1.0,3.0,4.0,-3.0,7.0,-7.0,11.0,-11.0,14.0,-15.0,18.0,-17.0,21.0,-19.0,24.0,-19.0,25.0,-18.0,26.0,-17.0,26.0,-15.0,25.0,-13.0,22.0,-11.0,19.0,-9.0,15.0
2.9812,122.0,-96.0,7.0,0.0,0.0,0.0,0.0,0.0,0.0,0.0,0.0,0.0,3.0,4.0,-1.0,8.0,-5.0,12.0,-8.0,17.0,-10.0,21.0,-12.0,25.0,-13.0,28.0,-14.0,31.0,-13.0,31.0,-13.0,31.0,-11.0,30.0,-10.0,27.0,-10.0,24.0,-8.0,19.0,-7.0,13.0,-5.0,7.0,-5.0,0.0,-7.0,-6.0,-8.0,-12.0,-9.0,-18.0,-11.0,-23.0,-14.0,-26.0,-15.0,-29.0,-17.0,-29.0,-19.0,-29.0,-19.0,-28.0
2.9948,122.0,-96.0,7.0,0.0,0.0,0.0,0.0,0.0,0.0,0.0,0.0,0.0,-8.0,17.0,-9.0,20.0,-10.0,22.0,-11.0,24.0,-11.0,24.0,-11.0,24.0,-11.0,23.0,-9.0,21.0,-9.0,18.0,-8.0,14.0,-6.0,10.0,-5.0,5.0,-5.0,-1.0,-4.0,-6.0,-5.0,-12.0,-5.0,-16.0,-5.0,-21.0,-7.0,-24.0,-7.0,-26.0,-8.0,-28.0,-9.0,-28.0,-9.0,-28.0,-9.0,-25.0,-9.0,-22.0,-8.0,-19.0,-6.0,-15.0
3.009,122.0,-96.0,7.0,0.0,0.0,0.0,0.0,0.0,0.0,0.0,0.0,0.0,20.0,6.0,16.0,5.0,11.0,4.0,5.0,4.0,-1.0,5.0,-7.0,6.0,-13.0,8.0,-19.0,9.0,-23.0,11.0,-27.0,13.0,-30.0,14.0,-31.0,16.0,-32.0,17.0,-31.0,17.0,-29.0,17.0,-25.0,16.0,-22.0,13.0,-17.0,9.0,-14.0,6.0,-9.0,2.0,-5.0,-4.0,-1.0,-9.0,1.0,-15.0,4.0,-20.0,4.0,-24.0,4.0,-29.0
3.0205,122.0,-96.0,7.0,0.0,0.0,0.0,0.0,0.0,0.0,0.0,0.0,0.0,-8.0,-23.0,-6.0,-19.0,-4.0,-14.0,-1.0,-10.0,3.0,-5.0,7.0,0.0,12.0,4.0,17.0,8.0,21.0,11.0,24.0,13.0,28.0,15.0,30.0,15.0,31.0,14.0,32.0,14.0,30.0,13.0,27.0,10.0,23.0,9.0,18.0,7.0,13.0,6.0,7.0,5.0,1.0,5.0,-6.0,5.0,-12.0,7.0,-18.0,8.0,-22.0,10.0,-25.0,13.0
3.0344,122.0,-96.0,7.0,0.0,0.0,0.0,0.0,0.0,0.0,0.0,0.0,0.0,-1.0,-7.0,6.0,-9.0,11.0,-10.0,17.0,-13.0,22.0,-16.0,26.0,-18.0,29.0,-20.0,31.0,-22.0,31.0,-24.0,30.0,-24.0,28.0,-23.0,25.0,-21.0,22.0,-18.0,18.0,-15.0,14.0,-9.0,8.0,-4.0,5.0,3.0,2.0,9.0,0.0,16.0,-2.0,22.0,-3.0,28.0,-2.0,32.0,-2.0,36.0,0.0,37.0,1.0,37.0,2.0,37.0
3.0492,122.0,-96.0,7.0,0.0,0.0,0.0,0.0,0.0,0.0,0.0,0.0,0.0,-3.0,18.0,-4.0,21.0,-4.0,23.0,-5.0,25.0,-5.0,26.0,-5.0,26.0,-4.0,25.0,-3.0,22.0,-4.0,20.0,-4.0,15.0,-4.0,11.0,-4.0,6.0,-5.0,1.0,-7.0,-5.0,-9.0,-10.0,-10.0,-14.0,-12.0,-18.0,-14.0,-21.0,-16.0,-23.0,-17.0,-23.0,-18.0,-23.0,-18.0,-23.0,-17.0,-21.0,-16.0,-18.0,-14.0,-15.0,-11.0,-12.0
3.0639,122.0,-96.0,7.0,0.0,0.0,0.0,0.0,0.0,0.0,0.0,0.0,0.0,-21.0,-3.0,-25.0,-4.0,-28.0,-4.0,-29.0,-4.0,-30.0,-4.0,-30.0,-4.0,-29.0,-4.0,-26.0,-3.0,-23.0,-3.0,-19.0,-3.0,-13.0,-3.0,-8.0,-4.0,-2.0,-6.0,4.0,-7.0,9.0,-10.0,14.0,-12.0,18.0,-14.0,22.0,-17.0,23.0,-18.0,25.0,-20.0,24.0,-20.0,24.0,-21.0,21.0,-20.0,18.0,-18.0,15.0,-16.0,12.0,-12.0
3.0769,122.0,-96.0,7.0,0.0,0.0,0.0,0.0,0.0,0.0,0.0,0.0,0.0,-15.0,7.0,-15.0,8.0,-15.0,7.0,-16.0,8.0,-16.0,8.0,-17.0,7.0,-16.0,8.0,-17.0,7.0,-17.0,7.0,-18.0,7.0,-17.0,7.0,-17.0,7.0,-18.0,7.0,-18.0,7.0,-18.0,7.0,-17.0,7.0,-18.0,6.0,-18.0,6.0,-19.0,6.0,-18.0,6.0,-18.0,6.0,-17.0,6.0,-18.0,6.0,-17.0,6.0,-17.0,6.0,-17.0,6.0
3.0879,122.0,-96.0,7.0,0.0,0.0,0.0,0.0,0.0,0.0,0.0,0.0,0.0,-4.0,23.0,-5.0,23.0,-6.0,24.0,-6.0,23.0,-7.0,23.0,-8.0,23.0,-8.0,23.0,-9.0,22.0,-9.0,22.0,-9.0,22.0,-10.0,22.0,-9.0,22.0,-10.0,22.0,-10.0,21.0,-11.0,20.0,-11.0,21.0,-11.0,20.0,-11.0,20.0,-11.0,19.0,-10.0,19.0,-10.0,19.0,-10.0,18.0,-10.0,18.0,-9.0,19.0,-9.0,18.0,-8.0,18.0
3.1011,122.0,-96.0,7.0,0.0,0.0,0.0,0.0,0.0,0.0,0.0,0.0,0.0,20.0,-7.0,25.0,-7.0,28.0,-8.0,30.0,-8.0,31.0,-9.0,32.0,-10.0,30.0,-9.0,28.0,-8.0,25.0,-7.0,20.0,-5.0,15.0,-3.0,9.0,0.0,4.0,4.0,-1.0,8.0,-6.0,13.0,-10.0,17.0,-13.0,21.0,-15.0,25.0,-16.0,28.0,-17.0,30.0,-17.0,31.0,-16.0,30.0,-13.0,29.0,-11.0,26.0,-9.0,22.0,-8.0,17.0
3.1121,122.0,-96.0,7.0,0.0,0.0,0.0,0.0,0.0,0.0,0.0,0.0,0.0,-25.0,-2.0,-25.0,-2.0,-26.0,-3.0,-26.0,-3.0,-26.0,-5.0,-26.0,-5.0,-26.0,-5.0,-26.0,-6.0,-25.0,-6.0,-26.0,-7.0,-25.0,-8.0,-25.0,-8.0,-24.0,-8.0,-24.0,-9.0,-24.0,-9.0,-24.0,-9.0,-23.0,-9.0,-23.0,-9.0,-23.0,-9.0,-23.0,-8.0,-23.0,-8.0,-22.0,-8.0,-22.0,-8.0,-21.0,-8.0,-21.0,-8.0,-21.0,-7.0
3.1253,122.0,-96.0,7.0,0.0,0.0,0.0,0.0,0.0,0.0,0.0,0.0,0.0,-2.0,-6.0,2.0,-9.0,7.0,-11.0,11.0,-14.0,15.0,-18.0,18.0,-21.0,20.0,-24.0,22.0,-26.0,21.0,-27.0,21.0,-27.0,19.0,-26.0,17.0,-24.0,16.0,-21.0,13.0,-17.0,10.0,-12.0,7.0,-6.0,5.0,0.0,5.0,7.0,3.0,13.0,4.0,18.0,4.0,24.0,6.0,27.0,7.0,31.0,8.0,31.0,9.0,31.0,10.0,31.0
3.1387,122.0,-96.0,7.0,0.0,0.0,0.0,0.0,0.0,0.0,0.0,0.0,0.0,-15.0,12.0,-19.0,14.0,-21.0,16.0,-23.0,17.0,-23.0,18.0,-23.0,19.0,-22.0,18.0,-20.0,17.0,-19.0,14.0,-15.0,11.0,-12.0,7.0,-8.0,3.0,-6.0,-2.0,-3.0,-7.0,-1.0,-13.0,2.0,-18.0,3.0,-22.0,3.0,-27.0,4.0,-30.0,4.0,-31.0,3.0,-32.0,2.0,-32.0,1.0,-30.0,0.0,-27.0,0.0,-22.0,0.0,-18.0
3.1528,122.0,-96.0,7.0,0.0,0.0,0.0,0.0,0.0,0.0,0.0,0.0,0.0,22.0,-2.0,18.0,-1.0,13.0,-1.0,8.0,2.0,2.0,4.0,-4.0,7.0,-7.0,10.0,-13.0,14.0,-17.0,17.0,-19.0,20.0,-22.0,23.0,-23.0,25.0,-23.0,26.0,-23.0,27.0,-21.0,26.0,-17.0,23.0,-16.0,21.0,-13.0,15.0,-11.0,11.0,-8.0,5.0,-6.0,-1.0,-5.0,-7.0,-4.0,-14.0,-3.0,-20.0,-5.0,-24.0,-7.0,-28.0
3.166,122.0,-96.0,7.0,0.0,0.0,0.0,0.0,0.0,0.0,0.0,0.0,0.0,23.0,-10.0,19.0,-8.0,14.0,-5.0,10.0,-1.0,5.0,4.0,-1.0,8.0,-4.0,14.0,-8.0,19.0,-12.0,24.0,-13.0,29.0,-15.0,32.0,-15.0,34.0,-14.0,36.0,-14.0,37.0,-13.0,35.0,-10.0,31.0,-9.0,27.0,-8.0,21.0,-7.0,15.0,-6.0,8.0,-7.0,1.0,-7.0,-6.0,-10.0,-13.0,-11.0,-20.0,-15.0,-24.0,-18.0,-27.0
3.1808,122.0,-96.0,7.0,0.0,0.0,0.0,0.0,0.0,0.0,0.0,0.0,0.0,-20.0,-14.0,-22.0,-17.0,-25.0,-18.0,-26.0,-19.0,-28.0,-20.0,-27.0,-20.0,-27.0,-19.0,-24.0,-17.0,-21.0,-15.0,-17.0,-13.0,-11.0,-10.0,-5.0,-8.0,1.0,-7.0,8.0,-5.0,14.0,-4.0,20.0,-3.0,25.0,-3.0,30.0,-4.0,32.0,-5.0,35.0,-6.0,34.0,-7.0,34.0,-8.0,31.0,-8.0,27.0,-7.0,23.0,-7.0,18.0,-5.0
3.1941,122.0,-96.0,7.0,0.0,0.0,0.0,0.0,0.0,0.0,0.0,0.0,0.0,9.0,-13.0,10.0,-14.0,10.0,-14.0,10.0,-14.0,11.0,-14.0,11.0,-14.0,11.0,-14.0,12.0,-14.0,12.0,-14.0,12.0,-14.0,12.0,-14.0,12.0,-14.0,12.0,-14.0,13.0,-14.0,13.0,-14.0,13.0,-14.0,13.0,-14.0,14.0,-13.0,13.0,-13.0,13.0,-14.0,13.0,-14.0,12.0,-14.0,13.0,-13.0,13.0,-13.0,12.0,-13.0,12.0,-13.0
3.2078,122.0,-96.0,7.0,0.0,0.0,0.0,0.0,0.0,0.0,0.0,0.0,0.0,-22.0,-8.0,-18.0,-7.0,-14.0,-6.0,-8.0,-6.0,-2.0,-6.0,5.0,-6.0,10.0,-8.0,16.0,-9.0,21.0,-11.0,25.0,-13.0,28.0,-14.0,29.0,-16.0,30.0,-18.0,30.0,-18.0,28.0,-18.0,25.0,-17.0,21.0,-15.0,17.0,-12.0,13.0,-8.0,9.0,-4.0,5.0,2.0,1.0,7.0,-1.0,13.0,-3.0,19.0,-3.0,23.0,-3.0,27.0
3.2215,122.0,-96.0,7.0,0.0,0.0,0.0,0.0,0.0,0.0,0.0,0.0,0.0,-8.0,-24.0,-8.0,-24.0,-8.0,-24.0,-8.0,-22.0,-6.0,-20.0,-5.0,-16.0,-3.0,-12.0,-1.0,-8.0,2.0,-4.0,6.0,0.0,9.0,3.0,12.0,6.0,16.0,9.0,19.0,11.0,22.0,13.0,24.0,14.0,24.0,13.0,25.0,13.0,23.0,11.0,22.0,10.0,18.0,8.0,15.0,6.0,10.0,6.0,5.0,5.0,0.0,4.0,-5.0,4.0
3.235,122.0,-96.0,7.0,0.0,0.0,0.0,0.0,0.0,0.0,0.0,0.0,0.0,-20.0,-9.0,-16.0,-8.0,-12.0,-6.0,-7.0,-6.0,-2.0,-5.0,4.0,-5.0,9.0,-6.0,15.0,-7.0,19.0,-7.0,23.0,-9.0,27.0,-10.0,28.0,-11.0,28.0,-13.0,29.0,-13.0,26.0,-13.0,23.0,-13.0,20.0,-11.0,17.0,-9.0,13.0,-6.0,8.0,-3.0,5.0,2.0,1.0,6.0,-2.0,11.0,-5.0,16.0,-6.0,20.0,-5.0,24.0
3.2487,122.0,-96.0,7.0,0.0,0.0,0.0,0.0,0.0,0.0,0.0,0.0,0.0,-26.0,3.0,-21.0,2.0,-16.0,1.0,-11.0,-2.0,-4.0,-5.0,2.0,-8.0,7.0,-12.0,13.0,-17.0,17.0,-21.0,20.0,-24.0,23.0,-27.0,24.0,-30.0,24.0,-32.0,24.0,-32.0,22.0,-31.0,18.0,-28.0,16.0,-25.0,13.0,-20.0,11.0,-15.0,8.0,-8.0,6.0,-1.0,4.0,7.0,4.0,14.0,3.0,21.0,5.0,26.0,7.0,30.0
3.2624,122.0,-96.0,7.0,0.0,0.0,0.0,0.0,0.0,0.0,0.0,0.0,0.0,-10.0,-23.0,-10.0,-24.0,-10.0,-23.0,-10.0,-22.0,-8.0,-19.0,-7.0,-15.0,-4.0,-12.0,-1.0,-8.0,2.0,-4.0,6.0,-1.0,10.0,2.0,13.0,5.0,17.0,8.0,20.0,10.0,23.0,12.0,25.0,13.0,25.0,12.0,25.0,12.0,24.0,11.0,22.0,9.0,19.0,7.0,15.0,6.0,10.0,5.0,6.0,5.0,0.0,4.0,-5.0,4.0
3.2763,122.0,-96.0,7.0,0.0,0.0,0.0,0.0,0.0,0.0,0.0,0.0,0.0,-4.0,-4.0,0.0,-7.0,4.0,-10.0,8.0,-13.0,11.0,-18.0,13.0,-21.0,14.0,-23.0,16.0,-25.0,15.0,-27.0,15.0,-27.0,13.0,-26.0,12.0,-24.0,11.0,-22.0,8.0,-18.0,8.0,-13.0,5.0,-7.0,5.0,-1.0,5.0,5.0,5.0,10.0,6.0,15.0,7.0,21.0,9.0,23.0,10.0,27.0,12.0,26.0,14.0,26.0,14.0,26.0
3.2908,122.0,-96.0,7.0,0.0,0.0,0.0,0.0,0.0,0.0,0.0,0.0,0.0,-10.0,-17.0,-11.0,-21.0,-12.0,-23.0,-13.0,-25.0,-14.0,-27.0,-14.0,-26.0,-14.0,-25.0,-13.0,-23.0,-11.0,-21.0,-9.0,-17.0,-6.0,-13.0,-3.0,-9.0,2.0,-5.0,7.0,-1.0,11.0,1.0,16.0,5.0,20.0,7.0,24.0,8.0,27.0,9.0,29.0,9.0,30.0,8.0,30.0,8.0,28.0,6.0,25.0,4.0,21.0,3.0,17.0,3.0
3.3032,122.0,-96.0,7.0,0.0,0.0,0.0,0.0,0.0,0.0,0.0,0.0,0.0,15.0,15.0,17.0,18.0,19.0,21.0,21.0,22.0,22.0,24.0,23.0,23.0,22.0,22.0,20.0,20.0,18.0,18.0,14.0,15.0,9.0,11.0,4.0,8.0,-2.0,5.0,-8.0,2.0,-14.0,1.0,-20.0,-1.0,-25.0,-2.0,-30.0,-3.0,-33.0,-3.0,-35.0,-2.0,-36.0,-1.0,-35.0,0.0,-33.0,0.0,-29.0,0.0,-25.0,1.0,-20.0,0.0
3.3169,122.0,-96.0,7.0,0.0,0.0,0.0,0.0,0.0,0.0,0.0,0.0,0.0,-5.0,-3.0,-2.0,-7.0,2.0,-11.0,4.0,-15.0,6.0,-20.0,8.0,-24.0,9.0,-26.0,10.0,-29.0,9.0,-30.0,9.0,-30.0,7.0,-29.0,6.0,-27.0,6.0,-24.0,5.0,-19.0,5.0,-14.0,4.0,-9.0,5.0,-2.0,6.0,3.0,7.0,9.0,10.0,14.0,12.0,18.0,14.0,20.0,17.0,24.0,18.0,23.0,19.0,23.0,20.0,22.0
3.3299,122.0,-96.0,7.0,0.0,0.0,0.0,0.0,0.0,0.0,0.0,0.0,0.0,17.0,-1.0,21.0,0.0,23.0,0.0,25.0,0.0,26.0,0.0,26.0,-1.0,25.0,0.0,23.0,-1.0,21.0,0.0,16.0,0.0,12.0,1.0,7.0,2.0,2.0,4.0,-3.0,5.0,-8.0,8.0,-12.0,10.0,-16.0,13.0,-19.0,15.0,-21.0,17.0,-22.0,18.0,-22.0,19.0,-21.0,19.0,-19.0,19.0,-16.0,17.0,-14.0,14.0,-11.0,11.0
3.3431,122.0,-96.0,7.0,0.0,0.0,0.0,0.0,0.0,0.0,0.0,0.0,0.0,-18.0,13.0,-21.0,15.0,-24.0,17.0,-26.0,18.0,-27.0,20.0,-27.0,20.0,-26.0,19.0,-23.0,18.0,-21.0,15.0,-17.0,12.0,-13.0,8.0,-9.0,3.0,-6.0,-3.0,-2.0,-9.0,0.0,-15.0,3.0,-20.0,5.0,-25.0,5.0,-30.0,6.0,-33.0,6.0,-35.0,5.0,-36.0,4.0,-35.0,3.0,-33.0,1.0,-30.0,1.0,-25.0,1.0,-20.0
3.3508,122.0,-96.0,7.0,0.0,0.0,0.0,0.0,0.0,0.0,0.0,0.0,0.0,22.0,12.0,21.0,12.0,21.0,13.0,21.0,14.0,21.0,14.0,21.0,15.0,21.0,15.0,20.0,16.0,20.0,15.0,19.0,16.0,19.0,16.0,19.0,16.0,18.0,17.0,18.0,17.0,17.0,17.0,17.0,17.0,17.0,16.0,17.0,17.0,16.0,17.0,17.0,16.0,16.0,16.0,16.0,15.0,16.0,15.0,16.0,15.0,16.0,14.0,16.0,13.0
3.3641,122.0,-96.0,7.0,0.0,0.0,0.0,0.0,0.0,0.0,0.0,0.0,0.0,2.0,5.0,-3.0,9.0,-8.0,12.0,-12.0,17.0,-16.0,21.0,-20.0,25.0,-21.0,28.0,-23.0,31.0,-21.0,31.0,-21.0,32.0,-19.0,31.0,-17.0,28.0,-16.0,24.0,-13.0,20.0,-11.0,14.0,-8.0,7.0,-7.0,-1.0,-7.0,-8.0,-6.0,-15.0,-7.0,-21.0,-8.0,-28.0,-11.0,-31.0,-12.0,-35.0,-14.0,-36.0,-15.0,-35.0,-17.0,-35.0
3.3779,122.0,-96.0,7.0,0.0,0.0,0.0,0.0,0.0,0.0,0.0,0.0,0.0,9.0,15.0,11.0,18.0,12.0,20.0,13.0,21.0,14.0,22.0,14.0,22.0,14.0,21.0,12.0,19.0,11.0,17.0,8.0,13.0,5.0,10.0,1.0,6.0,-3.0,3.0,-8.0,0.0,-12.0,-2.0,-16.0,-4.0,-20.0,-6.0,-24.0,-7.0,-27.0,-7.0,-28.0,-7.0,-29.0,-6.0,-28.0,-5.0,-27.0,-4.0,-24.0,-4.0,-20.0,-3.0,-16.0,-2.0
3.3915,122.0,-96.0,7.0,0.0,0.0,0.0,0.0,0.0,0.0,0.0,0.0,0.0,-23.0,5.0,-27.0,5.0,-30.0,6.0,-32.0,6.0,-33.0,7.0,-33.0,7.0,-31.0,7.0,-28.0,6.0,-25.0,5.0,-20.0,3.0,-15.0,1.0,-9.0,-1.0,-4.0,-5.0,2.0,-9.0,6.0,-14.0,11.0,-17.0,15.0,-21.0,17.0,-25.0,19.0,-28.0,20.0,-29.0,19.0,-30.0,19.0,-30.0,16.0,-28.0,14.0,-26.0,11.0,-22.0,9.0,-17.0
3.4047,122.0,-96.0,7.0,0.0,0.0,0.0,0.0,0.0,0.0,0.0,0.0,0.0,7.0,-24.0,8.0,-24.0,7.0,-24.0,7.0,-22.0,6.0,-19.0,5.0,-15.0,5.0,-11.0,4.0,-5.0,4.0,0.0,5.0,5.0,6.0,10.0,7.0,14.0,8.0,18.0,9.0,22.0,10.0,25.0,11.0,26.0,12.0,26.0,12.0,26.0,12.0,24.0,11.0,21.0,10.0,17.0,7.0,14.0,4.0,10.0,1.0,7.0,-3.0,3.0,-8.0,0.0
3.4173,122.0,-96.0,7.0,0.0,0.0,0.0,0.0,0.0,0.0,0.0,0.0,0.0,-21.0,4.0,-17.0,3.0,-12.0,1.0,-7.0,-1.0,-2.0,-4.0,3.0,-7.0,7.0,-11.0,11.0,-14.0,15.0,-17.0,17.0,-20.0,20.0,-21.0,20.0,-23.0,20.0,-24.0,20.0,-24.0,18.0,-23.0,15.0,-20.0,13.0,-18.0,10.0,-13.0,8.0,-9.0,5.0,-5.0,4.0,2.0,1.0,7.0,0.0,12.0,-1.0,18.0,-1.0,22.0,0.0,25.0
3.431,122.0,-96.0,7.0,0.0,0.0,0.0,0.0,0.0,0.0,0.0,0.0,0.0,3.0,20.0,3.0,23.0,3.0,25.0,4.0,26.0,4.0,27.0,3.0,26.0,3.0,24.0,3.0,21.0,1.0,17.0,0.0,13.0,-1.0,8.0,-3.0,3.0,-5.0,-2.0,-7.0,-7.0,-10.0,-11.0,-12.0,-15.0,-15.0,-18.0,-17.0,-20.0,-18.0,-22.0,-19.0,-22.0,-19.0,-21.0,-19.0,-21.0,-18.0,-18.0,-15.0,-16.0,-13.0,-12.0,-9.0,-10.0
3.4453,122.0,-96.0,7.0,0.0,0.0,0.0,0.0,0.0,0.0,0.0,0.0,0.0,3.0,3.0,-1.0,7.0,-5.0,11.0,-7.0,15.0,-10.0,20.0,-11.0,23.0,-12.0,26.0,-14.0,28.0,-13.0,28.0,-12.0,28.0,-11.0,26.0,-10.0,24.0,-9.0,21.0,-7.0,16.0,-7.0,11.0,-5.0,5.0,-4.0,-2.0,-4.0,-8.0,-4.0,-13.0,-5.0,-18.0,-6.0,-23.0,-7.0,-26.0,-8.0,-29.0,-9.0,-29.0,-10.0,-29.0,-10.0,-28.0
3.4614,122.0,-96.0,7.0,0.0,0.0,0.0,0.0,0.0,0.0,0.0,0.0,0.0,-14.0,-18.0,-14.0,-18.0,-13.0,-19.0,-13.0,-19.0,-12.0,-20.0,-12.0,-20.0,-11.0,-20.0,-11.0,-21.0,-10.0,-21.0,-10.0,-21.0,-10.0,-21.0,-9.0,-21.0,-9.0,-21.0,-9.0,-21.0,-8.0,-21.0,-8.0,-21.0,-7.0,-20.0,-7.0,-21.0,-7.0,-20.0,-7.0,-20.0,-7.0,-20.0,-7.0,-19.0,-7.0,-19.0,-7.0,-18.0,-7.0,-18.0,-8.0,-18.0
3.4755,122.0,-96.0,7.0,0.0,0.0,0.0,0.0,0.0,0.0,0.0,0.0,0.0,-21.0,8.0,-22.0,7.0,-22.0,7.0,-23.0,6.0,-23.0,6.0,-23.0,5.0,-23.0,5.0,-23.0,5.0,-23.0,4.0,-23.0,4.0,-23.0,3.0,-23.0,3.0,-23.0,2.0,-23.0,2.0,-23.0,2.0,-23.0,2.0,-22.0,1.0,-22.0,1.0,-22.0,1.0,-21.0,2.0,-21.0,2.0,-21.0,2.0,-21.0,1.0,-20.0,1.0,-20.0,2.0,-19.0,2.0
3.4898,122.0,-96.0,7.0,0.0,0.0,0.0,0.0,0.0,0.0,0.0,0.0,0.0,18.0,0.0,13.0,0.0,8.0,1.0,3.0,2.0,-3.0,4.0,-9.0,6.0,-13.0,8.0,-18.0,10.0,-22.0,12.0,-24.0,13.0,-27.0,14.0,-28.0,15.0,-28.0,16.0,-27.0,15.0,-25.0,15.0,-21.0,13.0,-18.0,11.0,-14.0,7.0,-9.0,4.0,-5.0,0.0,-2.0,-5.0,1.0,-9.0,5.0,-14.0,7.0,-19.0,9.0,-22.0,9.0,-25.0
3.5047,122.0,-96.0,7.0,0.0,0.0,0.0,0.0,0.0,0.0,0.0,0.0,0.0,12.0,-8.0,12.0,-7.0,12.0,-7.0,12.0,-7.0,13.0,-7.0,13.0,-6.0,13.0,-6.0,13.0,-6.0,13.0,-6.0,14.0,-5.0,13.0,-5.0,13.0,-5.0,13.0,-5.0,13.0,-4.0,13.0,-4.0,13.0,-4.0,13.0,-4.0,13.0,-4.0,13.0,-4.0,12.0,-4.0,12.0,-4.0,12.0,-4.0,12.0,-4.0,11.0,-4.0,12.0,-4.0,11.0,-4.0
3.5182,122.0,-96.0,7.0,0.0,0.0,0.0,0.0,0.0,0.0,0.0,0.0,0.0,2.0,5.0,-4.0,8.0,-10.0,12.0,-15.0,15.0,-19.0,19.0,-23.0,23.0,-25.0,25.0,-28.0,27.0,-27.0,28.0,-26.0,28.0,-24.0,27.0,-22.0,25.0,-19.0,22.0,-15.0,17.0,-12.0,11.0,-8.0,4.0,-5.0,-2.0,-3.0,-9.0,-1.0,-17.0,1.0,-23.0,1.0,-29.0,0.0,-33.0,0.0,-37.0,-2.0,-38.0,-3.0,-38.0,-4.0,-37.0
3.5326,122.0,-96.0,7.0,0.0,0.0,0.0,0.0,0.0,0.0,0.0,0.0,0.0,-10.0,14.0,-10.0,14.0,-10.0,14.0,-11.0,14.0,-11.0,14.0,-12.0,14.0,-12.0,13.0,-12.0,13.0,-12.0,12.0,-13.0,12.0,-13.0,12.0,-13.0,12.0,-13.0,11.0,-13.0,11.0,-13.0,11.0,-13.0,11.0,-13.0,11.0,-13.0,10.0,-13.0,10.0,-12.0,10.0,-12.0,10.0,-11.0,10.0,-12.0,10.0,-11.0,10.0,-11.0,10.0,-10.0,10.0
3.5464,122.0,-96.0,7.0,0.0,0.0,0.0,0.0,0.0,0.0,0.0,0.0,0.0,-26.0,-8.0,-26.0,-8.0,-24.0,-8.0,-22.0,-7.0,-19.0,-7.0,-15.0,-6.0,-11.0,-5.0,-5.0,-4.0,0.0,-4.0,5.0,-4.0,10.0,-5.0,14.0,-5.0,19.0,-6.0,23.0,-6.0,26.0,-6.0,27.0,-7.0,27.0,-8.0,27.0,-8.0,25.0,-8.0,22.0,-8.0,18.0,-7.0,14.0,-5.0,10.0,-3.0,6.0,0.0,1.0,2.0,-2.0,5.0
3.5602,122.0,-96.0,7.0,0.0,0.0,0.0,0.0,0.0,0.0,0.0,0.0,0.0,16.0,11.0,16.0,12.0,16.0,12.0,17.0,13.0,16.0,13.0,16.0,14.0,15.0,14.0,15.0,14.0,14.0,14.0,14.0,15.0,14.0,16.0,13.0,15.0,13.0,15.0,13.0,16.0,13.0,16.0,12.0,16.0,13.0,16.0,12.0,15.0,11.0,15.0,12.0,14.0,11.0,14.0,11.0,14.0,11.0,14.0,11.0,14.0,11.0,13.0,11.0,13.0
3.5751,122.0,-96.0,7.0,0.0,0.0,0.0,0.0,0.0,0.0,0.0,0.0,0.0,4.0,26.0,4.0,24.0,3.0,23.0,3.0,20.0,2.0,17.0,1.0,13.0,-1.0,8.0,-3.0,3.0,-5.0,-1.0,-8.0,-6.0,-11.0,-10.0,-13.0,-13.0,-16.0,-16.0,-17.0,-19.0,-19.0,-21.0,-20.0,-22.0,-21.0,-21.0,-20.0,-20.0,-19.0,-18.0,-17.0,-15.0,-14.0,-12.0,-11.0,-10.0,-7.0,-8.0,-2.0,-5.0,3.0,-3.0,7.0,-2.0
3.589,122.0,-96.0,7.0,0.0,0.0,0.0,0.0,0.0,0.0,0.0,0.0,0.0,1.0,22.0,0.0,23.0,0.0,22.0,-1.0,23.0,-1.0,23.0,-3.0,23.0,-3.0,22.0,-3.0,22.0,-4.0,22.0,-4.0,22.0,-4.0,23.0,-4.0,22.0,-5.0,22.0,-5.0,22.0,-5.0,21.0,-5.0,21.0,-6.0,21.0,-5.0,20.0,-6.0,21.0,-5.0,20.0,-6.0,20.0,-5.0,19.0,-5.0,19.0,-5.0,19.0,-4.0,18.0,-4.0,19.0
3.6035,122.0,-96.0,7.0,0.0,0.0,0.0,0.0,0.0,0.0,0.0,0.0,0.0,25.0,2.0,25.0,2.0,24.0,2.0,22.0,2.0,19.0,2.0,15.0,2.0,10.0,2.0,5.0,2.0,0.0,3.0,-5.0,4.0,-9.0,5.0,-14.0,7.0,-18.0,8.0,-22.0,9.0,-25.0,10.0,-26.0,11.0,-26.0,12.0,-26.0,12.0,-24.0,11.0,-21.0,10.0,-17.0,9.0,-14.0,7.0,-11.0,4.0,-7.0,1.0,-3.0,-3.0,0.0,-7.0
3.6177,122.0,-96.0,7.0,0.0,0.0,0.0,0.0,0.0,0.0,0.0,0.0,0.0,-14.0,28.0,-14.0,28.0,-14.0,27.0,-12.0,24.0,-11.0,21.0,-9.0,16.0,-8.0,11.0,-6.0,5.0,-5.0,-1.0,-4.0,-7.0,-4.0,-13.0,-4.0,-19.0,-4.0,-24.0,-4.0,-29.0,-4.0,-32.0,-5.0,-35.0,-6.0,-35.0,-7.0,-34.0,-7.0,-32.0,-7.0,-29.0,-6.0,-24.0,-4.0,-19.0,-2.0,-14.0,0.0,-9.0,3.0,-3.0,7.0,2.0
3.6328,122.0,-96.0,7.0,0.0,0.0,0.0,0.0,0.0,0.0,0.0,0.0,0.0,16.0,-6.0,16.0,-5.0,16.0,-5.0,16.0,-5.0,17.0,-4.0,16.0,-4.0,17.0,-4.0,17.0,-3.0,17.0,-3.0,17.0,-2.0,17.0,-2.0,17.0,-2.0,17.0,-1.0,16.0,-1.0,16.0,-1.0,16.0,-2.0,15.0,-1.0,16.0,-1.0,16.0,-1.0,15.0,-2.0,15.0,-2.0,15.0,-2.0,15.0,-1.0,14.0,-1.0,14.0,-2.0,14.0,-2.0
3.6458,122.0,-96.0,7.0,0.0,0.0,0.0,0.0,0.0,0.0,0.0,0.0,0.0,-24.0,10.0,-24.0,10.0,-22.0,9.0,-20.0,8.0,-17.0,6.0,-13.0,4.0,-9.0,1.0,-4.0,-2.0,-1.0,-5.0,3.0,-9.0,6.0,-12.0,9.0,-15.0,12.0,-18.0,14.0,-21.0,16.0,-23.0,16.0,-24.0,15.0,-24.0,15.0,-23.0,13.0,-22.0,11.0,-19.0,8.0,-16.0,7.0,-12.0,6.0,-8.0,4.0,-3.0,3.0,2.0,2.0,7.0
3.6597,122.0,-96.0,7.0,0.0,0.0,0.0,0.0,0.0,0.0,0.0,0.0,0.0,23.0,-1.0,27.0,0.0,29.0,0.0,30.0,0.0,30.0,0.0,29.0,0.0,27.0,0.0,23.0,0.0,20.0,1.0,14.0,1.0,9.0,1.0,4.0,3.0,-2.0,4.0,-8.0,6.0,-14.0,8.0,-18.0,10.0,-22.0,12.0,-25.0,14.0,-27.0,15.0,-27.0,16.0,-27.0,17.0,-26.0,16.0,-23.0,15.0,-19.0,13.0,-16.0,11.0,-13.0,8.0
3.6736,122.0,-96.0,7.0,0.0,0.0,0.0,0.0,0.0,0.0,0.0,0.0,0.0,-1.0,-21.0,0.0,-16.0,1.0,-10.0,2.0,-4.0,5.0,2.0,8.0,7.0,10.0,12.0,13.0,17.0,16.0,21.0,18.0,24.0,19.0,26.0,21.0,26.0,22.0,26.0,21.0,25.0,20.0,23.0,18.0,19.0,15.0,16.0,10.0,12.0,6.0,9.0,1.0,5.0,-5.0,3.0,-11.0,0.0,-16.0,-3.0,-22.0,-4.0,-26.0,-4.0,-29.0,-4.0
3.6867,122.0,-96.0,7.0,0.0,0.0,0.0,0.0,0.0,0.0,0.0,0.0,0.0,-14.0,-26.0,-14.0,-26.0,-14.0,-25.0,-13.0,-22.0,-11.0,-20.0,-8.0,-16.0,-5.0,-12.0,-2.0,-7.0,2.0,-4.0,7.0,0.0,11.0,3.0,15.0,7.0,19.0,9.0,22.0,12.0,25.0,13.0,27.0,15.0,28.0,14.0,28.0,13.0,26.0,12.0,23.0,10.0,20.0,8.0,15.0,6.0,11.0,5.0,5.0,4.0,-1.0,4.0,-6.0,3.0
3.7031,122.0,-96.0,7.0,0.0,0.0,0.0,0.0,0.0,0.0,0.0,0.0,0.0,-4.0,2.0,-8.0,-1.0,-12.0,-4.0,-16.0,-7.0,-20.0,-10.0,-24.0,-12.0,-26.0,-13.0,-28.0,-14.0,-29.0,-13.0,-28.0,-12.0,-27.0,-11.0,-25.0,-10.0,-22.0,-9.0,-18.0,-7.0,-13.0,-7.0,-7.0,-5.0,0.0,-5.0,5.0,-5.0,12.0,-5.0,16.0,-6.0,21.0,-8.0,24.0,-10.0,27.0,-10.0,27.0,-13.0,27.0,-13.0,26.0,-14.0
3.7168,122.0,-96.0,7.0,0.0,0.0,0.0,0.0,0.0,0.0,0.0,0.0,0.0,-3.0,-5.0,-3.0,-9.0,-2.0,-14.0,-2.0,-18.0,-2.0,-22.0,-2.0,-25.0,-3.0,-27.0,-3.0,-29.0,-4.0,-28.0,-4.0,-27.0,-4.0,-25.0,-3.0,-22.0,-3.0,-19.0,-2.0,-14.0,0.0,-10.0,1.0,-5.0,4.0,0.0,7.0,4.0,9.0,9.0,12.0,12.0,15.0,15.0,17.0,16.0,19.0,18.0,20.0,17.0,20.0,16.0,20.0,15.0
3.7288,122.0,-96.0,7.0,0.0,0.0,0.0,0.0,0.0,0.0,0.0,0.0,0.0,5.0,-3.0,10.0,-1.0,14.0,1.0,19.0,2.0,23.0,3.0,26.0,4.0,29.0,4.0,30.0,4.0,30.0,3.0,29.0,3.0,27.0,2.0,24.0,2.0,20.0,2.0,15.0,2.0,10.0,2.0,4.0,2.0,-2.0,4.0,-8.0,5.0,-13.0,7.0,-17.0,9.0,-22.0,12.0,-23.0,14.0,-26.0,15.0,-25.0,17.0,-24.0,17.0,-23.0,17.0
3.7422,122.0,-96.0,7.0,0.0,0.0,0.0,0.0,0.0,0.0,0.0,0.0,0.0,18.0,3.0,21.0,5.0,24.0,5.0,25.0,5.0,26.0,6.0,26.0,6.0,25.0,5.0,22.0,4.0,20.0,4.0,15.0,3.0,11.0,3.0,5.0,3.0,0.0,3.0,-6.0,4.0,-11.0,5.0,-15.0,6.0,-19.0,7.0,-22.0,9.0,-24.0,10.0,-26.0,11.0,-26.0,12.0,-25.0,12.0,-23.0,12.0,-20.0,11.0,-16.0,9.0,-13.0,7.0
3.7579,122.0,-96.0,7.0,0.0,0.0,0.0,0.0,0.0,0.0,0.0,0.0,0.0,12.0,16.0,9.0,13.0,5.0,9.0,1.0,6.0,-3.0,2.0,-8.0,-1.0,-13.0,-3.0,-18.0,-5.0,-22.0,-7.0,-25.0,-8.0,-28.0,-10.0,-30.0,-9.0,-31.0,-9.0,-31.0,-8.0,-29.0,-7.0,-26.0,-6.0,-22.0,-5.0,-17.0,-4.0,-12.0,-4.0,-6.0,-4.0,-1.0,-5.0,5.0,-6.0,10.0,-7.0,16.0,-9.0,19.0,-11.0,21.0,-13.0
3.7733,122.0,-96.0,7.0,0.0,0.0,0.0,0.0,0.0,0.0,0.0,0.0,0.0,28.0,-8.0,28.0,-8.0,26.0,-7.0,24.0,-7.0,21.0,-6.0,17.0,-4.0,12.0,-2.0,7.0,0.0,3.0,3.0,-2.0,6.0,-7.0,9.0,-11.0,13.0,-14.0,16.0,-18.0,20.0,-20.0,22.0,-21.0,24.0,-20.0,25.0,-20.0,24.0,-18.0,23.0,-16.0,21.0,-13.0,18.0,-11.0,14.0,-9.0,9.0,-7.0,4.0,-5.0,-2.0,-3.0,-7.0
3.7895,122.0,-96.0,7.0,0.0,0.0,0.0,0.0,0.0,0.0,0.0,0.0,0.0,-20.0,-10.0,-21.0,-11.0,-20.0,-12.0,-21.0,-13.0,-20.0,-13.0,-21.0,-14.0,-20.0,-14.0,-19.0,-14.0,-19.0,-14.0,-18.0,-15.0,-18.0,-15.0,-18.0,-15.0,-17.0,-15.0,-17.0,-16.0,-17.0,-16.0,-16.0,-15.0,-17.0,-16.0,-16.0,-15.0,-16.0,-16.0,-16.0,-15.0,-16.0,-14.0,-15.0,-14.0,-15.0,-14.0,-15.0,-14.0,-14.0,-13.0,-15.0,-13.0
3.8024,122.0,-96.0,7.0,0.0,0.0,0.0,0.0,0.0,0.0,0.0,0.0,0.0,-3.0,-4.0,1.0,-7.0,5.0,-11.0,9.0,-14.0,12.0,-18.0,15.0,-21.0,16.0,-23.0,18.0,-25.0,18.0,-26.0,17.0,-26.0,15.0,-25.0,14.0,-23.0,13.0,-20.0,9.0,-16.0,8.0,-10.0,5.0,-6.0,3.0,1.0,3.0,6.0,1.0,12.0,1.0,17.0,1.0,22.0,2.0,25.0,2.0,29.0,4.0,29.0,4.0,29.0,5.0,29.0
3.8155,122.0,-96.0,7.0,0.0,0.0,0.0,0.0,0.0,0.0,0.0,0.0,0.0,17.0,3.0,18.0,4.0,17.0,4.0,18.0,5.0,17.0,5.0,18.0,6.0,17.0,6.0,17.0,7.0,17.0,7.0,17.0,7.0,17.0,7.0,16.0,7.0,16.0,7.0,16.0,8.0,16.0,8.0,15.0,8.0,16.0,8.0,15.0,8.0,15.0,8.0,14.0,8.0,14.0,8.0,14.0,8.0,14.0,7.0,14.0,7.0,14.0,7.0,14.0,6.0
3.8298,122.0,-96.0,7.0,0.0,0.0,0.0,0.0,0.0,0.0,0.0,0.0,0.0,-20.0,-7.0,-22.0,-9.0,-24.0,-9.0,-25.0,-9.0,-26.0,-9.0,-25.0,-9.0,-23.0,-9.0,-20.0,-8.0,-18.0,-7.0,-13.0,-6.0,-8.0,-5.0,-3.0,-4.0,2.0,-4.0,8.0,-3.0,12.0,-4.0,17.0,-4.0,21.0,-5.0,24.0,-6.0,25.0,-6.0,27.0,-7.0,26.0,-8.0,26.0,-8.0,24.0,-7.0,20.0,-7.0,16.0,-6.0,12.0,-5.0
3.8426,122.0,-96.0,7.0,0.0,0.0,0.0,0.0,0.0,0.0,0.0,0.0,0.0,-7.0,-26.0,-6.0,-25.0,-6.0,-23.0,-6.0,-21.0,-4.0,-18.0,-3.0,-14.0,-1.0,-10.0,2.0,-4.0,4.0,0.0,7.0,4.0,10.0,7.0,13.0,10.0,16.0,13.0,18.0,16.0,20.0,18.0,21.0,19.0,22.0,18.0,21.0,17.0,20.0,15.0,18.0,13.0,14.0,10.0,11.0,8.0,6.0,6.0,2.0,4.0,-3.0,3.0,-8.0,2.0
3.8563,122.0,-96.0,7.0,0.0,0.0,0.0,0.0,0.0,0.0,0.0,0.0,0.0,-1.0,-5.0,1.0,-10.0,4.0,-13.0,6.0,-17.0,8.0,-20.0,9.0,-24.0,9.0,-25.0,11.0,-27.0,10.0,-27.0,9.0,-26.0,7.0,-24.0,6.0,-21.0,6.0,-18.0,5.0,-13.0,4.0,-9.0,3.0,-3.0,3.0,3.0,4.0,7.0,4.0,12.0,6.0,16.0,7.0,21.0,9.0,23.0,10.0,25.0,11.0,24.0,12.0,24.0,12.0,23.0
3.8707,122.0,-96.0,7.0,0.0,0.0,0.0,0.0,0.0,0.0,0.0,0.0,0.0,2.0,-22.0,3.0,-23.0,3.0,-23.0,3.0,-23.0,4.0,-23.0,5.0,-23.0,5.0,-22.0,6.0,-23.0,6.0,-22.0,7.0,-22.0,7.0,-22.0,7.0,-22.0,7.0,-21.0,8.0,-21.0,8.0,-21.0,7.0,-20.0,8.0,-20.0,8.0,-20.0,8.0,-20.0,8.0,-19.0,7.0,-19.0,7.0,-19.0,7.0,-19.0,7.0,-18.0,6.0,-18.0,5.0,-18.0
3.8853,122.0,-96.0,7.0,0.0,0.0,0.0,0.0,0.0,0.0,0.0,0.0,0.0,4.0,25.0,4.0,24.0,4.0,23.0,4.0,20.0,2.0,17.0,1.0,13.0,-1.0,9.0,-3.0,3.0,-5.0,-1.0,-8.0,-5.0,-11.0,-9.0,-13.0,-12.0,-16.0,-15.0,-18.0,-18.0,-20.0,-20.0,-21.0,-20.0,-22.0,-20.0,-21.0,-19.0,-20.0,-17.0,-18.0,-15.0,-15.0,-12.0,-11.0,-10.0,-7.0,-8.0,-2.0,-6.0,2.0,-4.0,7.0,-2.0
3.9017,122.0,-96.0,7.0,0.0,0.0,0.0,0.0,0.0,0.0,0.0,0.0,0.0,-6.0,-13.0,-6.0,-14.0,-7.0,-14.0,-6.0,-14.0,-6.0,-15.0,-5.0,-15.0,-5.0,-15.0,-4.0,-15.0,-4.0,-15.0,-4.0,-15.0,-4.0,-15.0,-3.0,-15.0,-3.0,-15.0,-3.0,-15.0,-3.0,-15.0,-3.0,-15.0,-3.0,-14.0,-2.0,-15.0,-3.0,-14.0,-2.0,-14.0,-2.0,-14.0,-2.0,-14.0,-2.0,-14.0,-2.0,-13.0,-3.0,-13.0,-3.0,-12.0
3.9163,122.0,-96.0,7.0,0.0,0.0,0.0,0.0,0.0,0.0,0.0,0.0,0.0,21.0,23.0,21.0,23.0,20.0,22.0,18.0,20.0,15.0,17.0,12.0,14.0,8.0,11.0,2.0,7.0,-3.0,4.0,-8.0,0.0,-14.0,-3.0,-19.0,-5.0,-24.0,-7.0,-29.0,-9.0,-32.0,-11.0,-34.0,-10.0,-35.0,-10.0,-34.0,-9.0,-32.0,-8.0,-29.0,-7.0,-24.0,-5.0,-19.0,-5.0,-13.0,-5.0,-7.0,-4.0,0.0,-5.0,6.0,-6.0
3.9298,122.0,-96.0,7.0,0.0,0.0,0.0,0.0,0.0,0.0,0.0,0.0,0.0,21.0,3.0,22.0,3.0,21.0,4.0,21.0,5.0,22.0,5.0,21.0,5.0,21.0,6.0,21.0,6.0,20.0,7.0,20.0,7.0,20.0,8.0,20.0,8.0,20.0,8.0,20.0,9.0,19.0,8.0,19.0,8.0,18.0,9.0,18.0,9.0,18.0,9.0,18.0,8.0,18.0,8.0,17.0,8.0,17.0,8.0,16.0,8.0,16.0,7.0,17.0,7.0
3.9439,122.0,-96.0,7.0,0.0,0.0,0.0,0.0,0.0,0.0,0.0,0.0,0.0,-28.0,7.0,-27.0,7.0,-26.0,7.0,-23.0,6.0,-19.0,4.0,-15.0,2.0,-10.0,0.0,-5.0,-3.0,0.0,-6.0,5.0,-9.0,9.0,-12.0,12.0,-16.0,15.0,-18.0,19.0,-21.0,20.0,-23.0,21.0,-24.0,20.0,-24.0,20.0,-24.0,18.0,-22.0,15.0,-20.0,12.0,-16.0,9.0,-12.0,7.0,-7.0,5.0,-2.0,3.0,3.0,1.0,9.0
3.9604,122.0,-96.0,7.0,0.0,0.0,0.0,0.0,0.0,0.0,0.0,0.0,0.0,-14.0,-18.0,-13.0,-18.0,-13.0,-19.0,-13.0,-19.0,-12.0,-20.0,-12.0,-20.0,-11.0,-20.0,-11.0,-21.0,-10.0,-21.0,-10.0,-21.0,-9.0,-21.0,-9.0,-21.0,-9.0,-21.0,-8.0,-21.0,-8.0,-21.0,-8.0,-21.0,-7.0,-20.0,-7.0,-20.0,-7.0,-20.0,-7.0,-19.0,-7.0,-19.0,-7.0,-19.0,-7.0,-19.0,-7.0,-19.0,-7.0,-18.0,-7.0,-17.0
3.9751,122.0,-96.0,7.0,0.0,0.0,0.0,0.0,0.0,0.0,0.0,0.0,0.0,27.0,-7.0,27.0,-7.0,25.0,-6.0,22.0,-6.0,19.0,-4.0,14.0,-3.0,9.0,-1.0,4.0,2.0,-1.0,4.0,-6.0,8.0,-10.0,11.0,-14.0,14.0,-17.0,17.0,-20.0,19.0,-22.0,21.0,-23.0,22.0,-22.0,23.0,-21.0,22.0,-20.0,21.0,-17.0,18.0,-13.0,15.0,-11.0,11.0,-8.0,6.0,-6.0,1.0,-3.0,-4.0,-2.0,-9.0
3.9916,122.0,-96.0,7.0,0.0,0.0,0.0,0.0,0.0,0.0,0.0,0.0,0.0,4.0,17.0,2.0,13.0,0.0,8.0,-2.0,4.0,-6.0,-1.0,-9.0,-6.0,-13.0,-9.0,-16.0,-13.0,-19.0,-16.0,-22.0,-18.0,-24.0,-20.0,-26.0,-19.0,-26.0,-19.0,-25.0,-18.0,-24.0,-16.0,-21.0,-13.0,-17.0,-12.0,-13.0,-10.0,-8.0,-7.0,-3.0,-6.0,3.0,-5.0,8.0,-3.0,14.0,-3.0,19.0,-3.0,23.0,-4.0,26.0,-5.0
4.0049,122.0,-96.0,7.0,0.0,0.0,0.0,0.0,0.0,0.0,0.0,0.0,0.0,16.0,-12.0,12.0,-9.0,8.0,-5.0,5.0,0.0,1.0,5.0,-2.0,10.0,-4.0,16.0,-7.0,21.0,-9.0,25.0,-9.0,29.0,-11.0,31.0,-10.0,33.0,-9.0,33.0,-9.0,32.0,-8.0,30.0,-6.0,26.0,-5.0,22.0,-5.0,16.0,-5.0,10.0,-5.0,4.0,-6.0,-2.0,-7.0,-8.0,-9.0,-15.0,-10.0,-20.0,-13.0,-23.0,-15.0,-26.0
4.0191,122.0,-96.0,7.0,0.0,0.0,0.0,0.0,0.0,0.0,0.0,0.0,0.0,-17.0,7.0,-18.0,6.0,-18.0,6.0,-18.0,6.0,-19.0,5.0,-19.0,5.0,-18.0,4.0,-19.0,4.0,-19.0,3.0,-19.0,3.0,-19.0,3.0,-19.0,3.0,-18.0,3.0,-19.0,2.0,-19.0,2.0,-19.0,2.0,-18.0,2.0,-18.0,2.0,-18.0,2.0,-17.0,2.0,-17.0,2.0,-17.0,2.0,-17.0,2.0,-16.0,2.0,-16.0,2.0,-16.0,3.0
4.0331,122.0,-96.0,7.0,0.0,0.0,0.0,0.0,0.0,0.0,0.0,0.0,0.0,-15.0,10.0,-15.0,10.0,-16.0,10.0,-16.0,10.0,-17.0,9.0,-17.0,9.0,-17.0,9.0,-17.0,8.0,-17.0,8.0,-18.0,7.0,-18.0,7.0,-18.0,7.0,-17.0,6.0,-17.0,6.0,-18.0,6.0,-17.0,6.0,-17.0,6.0,-17.0,5.0,-17.0,5.0,-16.0,5.0,-17.0,5.0,-16.0,5.0,-16.0,5.0,-16.0,5.0,-15.0,5.0,-15.0,5.0
4.046,122.0,-96.0,7.0,0.0,0.0,0.0,0.0,0.0,0.0,0.0,0.0,0.0,-23.0,-5.0,-19.0,-5.0,-13.0,-4.0,-7.0,-4.0,-1.0,-5.0,6.0,-6.0,11.0,-8.0,17.0,-10.0,22.0,-12.0,25.0,-13.0,29.0,-14.0,30.0,-16.0,30.0,-17.0,30.0,-17.0,28.0,-17.0,24.0,-16.0,20.0,-14.0,16.0,-11.0,12.0,-7.0,8.0,-3.0,4.0,2.0,0.0,8.0,-4.0,13.0,-7.0,18.0,-7.0,23.0,-7.0,27.0
4.0605,122.0,-96.0,7.0,0.0,0.0,0.0,0.0,0.0,0.0,0.0,0.0,0.0,-13.0,10.0,-13.0,9.0,-14.0,9.0,-14.0,9.0,-14.0,9.0,-15.0,9.0,-15.0,8.0,-15.0,7.0,-15.0,7.0,-15.0,7.0,-15.0,7.0,-15.0,6.0,-15.0,6.0,-15.0,6.0,-15.0,6.0,-15.0,6.0,-15.0,6.0,-15.0,6.0,-15.0,6.0,-14.0,6.0,-14.0,6.0,-14.0,6.0,-14.0,5.0,-13.0,6.0,-13.0,6.0,-13.0,6.0
4.0765,122.0,-96.0,7.0,0.0,0.0,0.0,0.0,0.0,0.0,0.0,0.0,0.0,6.0,-4.0,12.0,-2.0,18.0,-1.0,24.0,0.0,30.0,1.0,34.0,1.0,36.0,1.0,39.0,1.0,39.0,-1.0,37.0,-1.0,35.0,-1.0,30.0,-1.0,25.0,-1.0,19.0,0.0,12.0,2.0,5.0,2.0,-2.0,6.0,-8.0,9.0,-14.0,12.0,-19.0,16.0,-24.0,20.0,-25.0,22.0,-28.0,25.0,-27.0,27.0,-26.0,27.0,-25.0,27.0
4.0881,122.0,-96.0,7.0,0.0,0.0,0.0,0.0,0.0,0.0,0.0,0.0,0.0,-14.0,3.0,-14.0,3.0,-14.0,3.0,-15.0,3.0,-15.0,2.0,-15.0,2.0,-15.0,1.0,-15.0,1.0,-15.0,1.0,-15.0,0.0,-15.0,0.0,-15.0,0.0,-15.0,0.0,-15.0,-1.0,-15.0,-1.0,-14.0,-1.0,-14.0,-1.0,-14.0,-1.0,-14.0,-1.0,-14.0,-1.0,-14.0,-1.0,-13.0,-1.0,-13.0,-1.0,-13.0,-1.0,-13.0,-1.0,-13.0,-1.0
4.1029,122.0,-96.0,7.0,0.0,0.0,0.0,0.0,0.0,0.0,0.0,0.0,0.0,1.0,20.0,0.0,14.0,-1.0,9.0,-4.0,4.0,-6.0,-2.0,-9.0,-8.0,-12.0,-12.0,-15.0,-17.0,-17.0,-21.0,-20.0,-24.0,-22.0,-26.0,-23.0,-27.0,-24.0,-26.0,-24.0,-25.0,-22.0,-22.0,-20.0,-19.0,-17.0,-16.0,-13.0,-13.0,-7.0,-10.0,-2.0,-7.0,4.0,-4.0,10.0,-2.0,16.0,0.0,22.0,2.0,25.0,2.0,29.0,1.0
4.1158,122.0,-96.0,7.0,0.0,0.0,0.0,0.0,0.0,0.0,0.0,0.0,0.0,4.0,-4.0,9.0,-4.0,14.0,-3.0,19.0,-2.0,23.0,-3.0,27.0,-3.0,29.0,-3.0,31.0,-3.0,30.0,-4.0,29.0,-4.0,27.0,-5.0,24.0,-4.0,20.0,-3.0,15.0,-3.0,10.0,0.0,5.0,2.0,-1.0,4.0,-6.0,8.0,-11.0,11.0,-14.0,13.0,-18.0,17.0,-19.0,19.0,-21.0,21.0,-19.0,23.0,-19.0,23.0,-18.0,23.0
4.1323,122.0,-96.0,7.0,0.0,0.0,0.0,0.0,0.0,0.0,0.0,0.0,0.0,11.0,-15.0,11.0,-15.0,11.0,-15.0,12.0,-14.0,12.0,-15.0,12.0,-14.0,13.0,-13.0,13.0,-13.0,13.0,-13.0,14.0,-13.0,14.0,-13.0,14.0,-12.0,14.0,-12.0,14.0,-12.0,14.0,-11.0,14.0,-11.0,14.0,-11.0,14.0,-11.0,13.0,-11.0,13.0,-11.0,13.0,-10.0,12.0,-10.0,13.0,-10.0,12.0,-11.0,12.0,-10.0,11.0,-11.0
4.1444,122.0,-96.0,7.0,0.0,0.0,0.0,0.0,0.0,0.0,0.0,0.0,0.0,3.0,-3.0,7.0,2.0,10.0,6.0,13.0,10.0,16.0,13.0,19.0,16.0,22.0,17.0,24.0,19.0,24.0,18.0,24.0,18.0,23.0,16.0,21.0,15.0,18.0,13.0,14.0,10.0,9.0,8.0,4.0,5.0,-2.0,4.0,-7.0,2.0,-13.0,1.0,-18.0,1.0,-23.0,1.0,-26.0,3.0,-30.0,2.0,-29.0,4.0,-30.0,5.0,-29.0,6.0
4.1594,122.0,-96.0,7.0,0.0,0.0,0.0,0.0,0.0,0.0,0.0,0.0,0.0,-6.0,1.0,-11.0,-2.0,-14.0,-5.0,-19.0,-7.0,-22.0,-9.0,-26.0,-11.0,-28.0,-11.0,-30.0,-12.0,-30.0,-10.0,-28.0,-10.0,-27.0,-8.0,-24.0,-8.0,-20.0,-7.0,-15.0,-5.0,-10.0,-6.0,-4.0,-4.0,2.0,-5.0,8.0,-6.0,14.0,-6.0,18.0,-8.0,22.0,-9.0,24.0,-11.0,27.0,-12.0,26.0,-14.0,26.0,-14.0,25.0,-15.0
4.1737,122.0,-96.0,7.0,0.0,0.0,0.0,0.0,0.0,0.0,0.0,0.0,0.0,-10.0,19.0,-11.0,19.0,-11.0,19.0,-12.0,19.0,-13.0,18.0,-13.0,18.0,-13.0,18.0,-14.0,17.0,-14.0,17.0,-15.0,17.0,-14.0,17.0,-15.0,16.0,-15.0,16.0,-15.0,16.0,-16.0,15.0,-16.0,15.0,-15.0,15.0,-16.0,14.0,-15.0,14.0,-15.0,13.0,-15.0,13.0,-15.0,13.0,-14.0,13.0,-14.0,13.0,-13.0,13.0,-12.0,13.0
4.1876,122.0,-96.0,7.0,0.0,0.0,0.0,0.0,0.0,0.0,0.0,0.0,0.0,28.0,5.0,27.0,5.0,25.0,4.0,22.0,4.0,18.0,4.0,13.0,3.0,9.0,3.0,2.0,3.0,-3.0,4.0,-9.0,5.0,-14.0,7.0,-18.0,8.0,-22.0,9.0,-26.0,10.0,-28.0,12.0,-30.0,12.0,-29.0,13.0,-28.0,13.0,-25.0,12.0,-22.0,11.0,-18.0,9.0,-14.0,6.0,-10.0,3.0,-6.0,-1.0,-2.0,-5.0,1.0,-9.0
4.2015,122.0,-96.0,7.0,0.0,0.0,0.0,0.0,0.0,0.0,0.0,0.0,0.0,-6.0,-18.0,-7.0,-22.0,-7.0,-24.0,-8.0,-26.0,-8.0,-27.0,-8.0,-27.0,-8.0,-25.0,-7.0,-23.0,-6.0,-21.0,-5.0,-16.0,-3.0,-12.0,0.0,-7.0,3.0,-3.0,5.0,2.0,9.0,6.0,12.0,10.0,16.0,13.0,18.0,15.0,20.0,16.0,21.0,17.0,22.0,16.0,22.0,16.0,21.0,14.0,19.0,12.0,15.0,9.0,12.0,7.0
4.2179,122.0,-96.0,7.0,0.0,0.0,0.0,0.0,0.0,0.0,0.0,0.0,0.0,-7.0,-17.0,-7.0,-18.0,-7.0,-18.0,-7.0,-18.0,-6.0,-19.0,-5.0,-19.0,-5.0,-19.0,-4.0,-19.0,-4.0,-19.0,-4.0,-19.0,-3.0,-19.0,-3.0,-19.0,-3.0,-19.0,-3.0,-19.0,-2.0,-19.0,-3.0,-18.0,-2.0,-17.0,-2.0,-18.0,-2.0,-18.0,-2.0,-17.0,-2.0,-17.0,-3.0,-17.0,-2.0,-17.0,-2.0,-16.0,-3.0,-16.0,-3.0,-16.0
4.2293,122.0,-96.0,7.0,0.0,0.0,0.0,0.0,0.0,0.0,0.0,0.0,0.0,4.0,-3.0,8.0,3.0,12.0,8.0,16.0,13.0,20.0,17.0,24.0,20.0,27.0,22.0,29.0,24.0,31.0,24.0,30.0,23.0,29.0,21.0,26.0,19.0,23.0,16.0,18.0,13.0,12.0,10.0,6.0,7.0,-2.0,4.0,-9.0,3.0,-17.0,1.0,-22.0,1.0,-29.0,2.0,-33.0,2.0,-37.0,3.0,-38.0,5.0,-38.0,6.0,-37.0,7.0
4.2437,122.0,-96.0,7.0,0.0,0.0,0.0,0.0,0.0,0.0,0.0,0.0,0.0,-10.0,14.0,-11.0,14.0,-11.0,13.0,-12.0,14.0,-12.0,13.0,-12.0,13.0,-13.0,13.0,-13.0,12.0,-13.0,12.0,-14.0,12.0,-14.0,12.0,-14.0,11.0,-14.0,11.0,-14.0,11.0,-14.0,10.0,-14.0,11.0,-13.0,10.0,-14.0,10.0,-13.0,10.0,-13.0,10.0,-13.0,9.0,-12.0,9.0,-13.0,9.0,-12.0,9.0,-11.0,9.0,-11.0,9.0
4.2578,122.0,-96.0,7.0,0.0,0.0,0.0,0.0,0.0,0.0,0.0,0.0,0.0,29.0,-13.0,29.0,-13.0,28.0,-12.0,25.0,-11.0,22.0,-9.0,17.0,-7.0,13.0,-5.0,7.0,-1.0,3.0,3.0,-2.0,8.0,-6.0,12.0,-11.0,16.0,-14.0,20.0,-17.0,23.0,-19.0,26.0,-20.0,29.0,-20.0,29.0,-19.0,29.0,-17.0,27.0,-15.0,25.0,-12.0,21.0,-10.0,16.0,-8.0,11.0,-7.0,4.0,-5.0,-2.0,-4.0,-8.0
4.2703,122.0,-96.0,7.0,0.0,0.0,0.0,0.0,0.0,0.0,0.0,0.0,0.0,-1.0,-19.0,0.0,-14.0,1.0,-9.0,2.0,-4.0,4.0,1.0,7.0,7.0,10.0,11.0,12.0,15.0,14.0,19.0,16.0,21.0,18.0,24.0,19.0,24.0,20.0,24.0,19.0,23.0,18.0,21.0,16.0,17.0,14.0,15.0,9.0,11.0,5.0,8.0,1.0,5.0,-5.0,3.0,-10.0,0.0,-15.0,-2.0,-20.0,-3.0,-24.0,-3.0,-27.0,-3.0
4.2831,122.0,-96.0,7.0,0.0,0.0,0.0,0.0,0.0,0.0,0.0,0.0,0.0,-28.0,8.0,-28.0,8.0,-27.0,8.0,-25.0,7.0,-22.0,6.0,-17.0,4.0,-13.0,2.0,-8.0,-1.0,-3.0,-4.0,2.0,-8.0,6.0,-11.0,10.0,-15.0,13.0,-18.0,16.0,-21.0,18.0,-23.0,19.0,-25.0,19.0,-26.0,18.0,-26.0,16.0,-25.0,14.0,-22.0,11.0,-19.0,9.0,-15.0,7.0,-10.0,5.0,-5.0,4.0,1.0,3.0,6.0
4.2978,122.0,-96.0,7.0,0.0,0.0,0.0,0.0,0.0,0.0,0.0,0.0,0.0,-21.0,11.0,-23.0,13.0,-26.0,13.0,-26.0,15.0,-27.0,15.0,-26.0,14.0,-25.0,13.0,-21.0,11.0,-19.0,9.0,-14.0,6.0,-10.0,3.0,-6.0,-1.0,-2.0,-5.0,3.0,-10.0,6.0,-15.0,9.0,-18.0,11.0,-22.0,12.0,-26.0,13.0,-28.0,13.0,-29.0,12.0,-29.0,12.0,-28.0,10.0,-27.0,8.0,-23.0,6.0,-19.0,5.0,-14.0
4.3108,122.0,-96.0,7.0,0.0,0.0,0.0,0.0,0.0,0.0,0.0,0.0,0.0,4.0,-29.0,4.0,-29.0,3.0,-28.0,3.0,-25.0,3.0,-22.0,3.0,-18.0,3.0,-13.0,3.0,-7.0,4.0,-1.0,5.0,5.0,6.0,10.0,8.0,15.0,9.0,19.0,11.0,24.0,12.0,26.0,13.0,28.0,14.0,28.0,14.0,27.0,14.0,25.0,13.0,22.0,11.0,18.0,8.0,14.0,5.0,11.0,1.0,7.0,-3.0,2.0,-8.0,-1.0
4.3255,122.0,-96.0,7.0,0.0,0.0,0.0,0.0,0.0,0.0,0.0,0.0,0.0,-19.0,2.0,-23.0,2.0,-25.0,2.0,-26.0,2.0,-28.0,2.0,-27.0,2.0,-26.0,2.0,-24.0,1.0,-21.0,0.0,-17.0,0.0,-12.0,0.0,-7.0,-2.0,-2.0,-4.0,3.0,-6.0,8.0,-8.0,12.0,-11.0,16.0,-13.0,19.0,-15.0,20.0,-17.0,22.0,-18.0,21.0,-18.0,21.0,-18.0,19.0,-18.0,16.0,-16.0,13.0,-14.0,10.0,-11.0
4.3371,122.0,-96.0,7.0,0.0,0.0,0.0,0.0,0.0,0.0,0.0,0.0,0.0,3.0,-3.0,7.0,1.0,10.0,5.0,13.0,9.0,17.0,11.0,21.0,14.0,23.0,15.0,25.0,17.0,26.0,16.0,26.0,16.0,24.0,14.0,22.0,13.0,19.0,12.0,15.0,9.0,10.0,7.0,5.0,5.0,-1.0,3.0,-7.0,3.0,-13.0,2.0,-18.0,2.0,-23.0,3.0,-26.0,4.0,-29.0,4.0,-30.0,6.0,-30.0,7.0,-29.0,7.0
4.3506,122.0,-96.0,7.0,0.0,0.0,0.0,0.0,0.0,0.0,0.0,0.0,0.0,15.0,-22.0,12.0,-17.0,9.0,-12.0,7.0,-6.0,4.0,1.0,2.0,8.0,2.0,15.0,0.0,22.0,0.0,27.0,1.0,32.0,0.0,36.0,2.0,38.0,3.0,39.0,3.0,39.0,4.0,36.0,4.0,32.0,3.0,28.0,2.0,22.0,0.0,15.0,-2.0,9.0,-6.0,2.0,-9.0,-4.0,-14.0,-10.0,-18.0,-16.0,-22.0,-18.0,-25.0,-20.0
4.3656,122.0,-96.0,7.0,0.0,0.0,0.0,0.0,0.0,0.0,0.0,0.0,0.0,-22.0,9.0,-26.0,9.0,-30.0,11.0,-31.0,11.0,-33.0,12.0,-32.0,12.0,-31.0,11.0,-28.0,10.0,-24.0,8.0,-19.0,6.0,-14.0,3.0,-9.0,0.0,-4.0,-4.0,3.0,-9.0,7.0,-13.0,11.0,-16.0,15.0,-20.0,17.0,-24.0,19.0,-27.0,20.0,-29.0,19.0,-29.0,19.0,-29.0,17.0,-27.0,14.0,-24.0,11.0,-21.0,9.0,-16.0
4.3797,122.0,-96.0,7.0,0.0,0.0,0.0,0.0,0.0,0.0,0.0,0.0,0.0,-21.0,8.0,-22.0,8.0,-22.0,7.0,-22.0,7.0,-23.0,6.0,-23.0,6.0,-22.0,5.0,-23.0,5.0,-23.0,4.0,-23.0,4.0,-23.0,4.0,-23.0,4.0,-23.0,3.0,-23.0,4.0,-23.0,3.0,-22.0,3.0,-22.0,3.0,-22.0,2.0,-22.0,2.0,-21.0,2.0,-21.0,2.0,-20.0,3.0,-20.0,2.0,-19.0,3.0,-20.0,3.0,-19.0,4.0
4.3939,122.0,-96.0,7.0,0.0,0.0,0.0,0.0,0.0,0.0,0.0,0.0,0.0,-14.0,17.0,-15.0,17.0,-15.0,17.0,-16.0,17.0,-16.0,16.0,-17.0,16.0,-17.0,16.0,-17.0,15.0,-18.0,15.0,-18.0,14.0,-19.0,14.0,-18.0,13.0,-18.0,13.0,-19.0,13.0,-19.0,12.0,-18.0,12.0,-18.0,13.0,-18.0,12.0,-18.0,11.0,-17.0,12.0,-17.0,11.0,-17.0,11.0,-17.0,11.0,-17.0,11.0,-15.0,11.0,-15.0,11.0
4.4081,122.0,-96.0,7.0,0.0,0.0,0.0,0.0,0.0,0.0,0.0,0.0,0.0,6.0,28.0,6.0,27.0,5.0,25.0,5.0,22.0,3.0,19.0,2.0,14.0,0.0,10.0,-3.0,4.0,-5.0,-1.0,-9.0,-6.0,-12.0,-10.0,-15.0,-13.0,-18.0,-17.0,-21.0,-20.0,-22.0,-22.0,-24.0,-22.0,-24.0,-22.0,-24.0,-21.0,-22.0,-19.0,-20.0,-16.0,-16.0,-13.0,-12.0,-10.0,-8.0,-8.0,-3.0,-6.0,3.0,-4.0,8.0,-2.0
4.4227,122.0,-96.0,7.0,0.0,0.0,0.0,0.0,0.0,0.0,0.0,0.0,0.0,-12.0,8.0,-12.0,8.0,-13.0,8.0,-13.0,8.0,-13.0,7.0,-14.0,7.0,-13.0,7.0,-14.0,6.0,-13.0,6.0,-14.0,6.0,-14.0,5.0,-14.0,5.0,-14.0,5.0,-14.0,4.0,-14.0,4.0,-14.0,4.0,-14.0,4.0,-14.0,4.0,-14.0,4.0,-13.0,4.0,-13.0,4.0,-12.0,3.0,-13.0,4.0,-13.0,3.0,-12.0,3.0,-12.0,4.0
4.4363,122.0,-96.0,7.0,0.0,0.0,0.0,0.0,0.0,0.0,0.0,0.0,0.0,-8.0,-25.0,-9.0,-29.0,-10.0,-31.0,-10.0,-32.0,-10.0,-33.0,-11.0,-32.0,-10.0,-30.0,-9.0,-26.0,-7.0,-23.0,-4.0,-17.0,-2.0,-12.0,1.0,-6.0,5.0,-1.0,9.0,5.0,13.0,10.0,16.0,14.0,20.0,17.0,23.0,19.0,26.0,21.0,27.0,21.0,27.0,20.0,27.0,19.0,25.0,17.0,22.0,14.0,18.0,11.0,13.0,9.0
4.4501,122.0,-96.0,7.0,0.0,0.0,0.0,0.0,0.0,0.0,0.0,0.0,0.0,4.0,-1.0,5.0,5.0,5.0,10.0,6.0,15.0,7.0,20.0,8.0,24.0,10.0,26.0,11.0,29.0,11.0,28.0,12.0,28.0,12.0,26.0,11.0,24.0,9.0,21.0,7.0,16.0,4.0,12.0,0.0,7.0,-3.0,2.0,-8.0,-2.0,-12.0,-6.0,-16.0,-9.0,-21.0,-11.0,-24.0,-11.0,-27.0,-13.0,-28.0,-12.0,-29.0,-11.0,-28.0,-10.0
4.4646,122.0,-96.0,7.0,0.0,0.0,0.0,0.0,0.0,0.0,0.0,0.0,0.0,24.0,-10.0,23.0,-10.0,21.0,-9.0,19.0,-8.0,16.0,-6.0,12.0,-4.0,8.0,-2.0,3.0,1.0,0.0,4.0,-4.0,7.0,-7.0,11.0,-10.0,14.0,-13.0,17.0,-15.0,20.0,-17.0,22.0,-17.0,23.0,-17.0,23.0,-16.0,22.0,-14.0,21.0,-12.0,18.0,-10.0,15.0,-8.0,11.0,-7.0,7.0,-5.0,2.0,-4.0,-3.0,-3.0,-8.0
4.478,122.0,-96.0,7.0,0.0,0.0,0.0,0.0,0.0,0.0,0.0,0.0,0.0,3.0,1.0,1.0,7.0,-1.0,11.0,-3.0,16.0,-4.0,21.0,-5.0,25.0,-5.0,28.0,-5.0,30.0,-4.0,30.0,-4.0,30.0,-3.0,28.0,-3.0,26.0,-3.0,23.0,-2.0,17.0,-3.0,13.0,-3.0,7.0,-5.0,1.0,-6.0,-5.0,-8.0,-11.0,-10.0,-15.0,-13.0,-19.0,-16.0,-22.0,-17.0,-24.0,-19.0,-24.0,-19.0,-24.0,-20.0,-23.0
4.4927,122.0,-96.0,7.0,0.0,0.0,0.0,0.0,0.0,0.0,0.0,0.0,0.0,21.0,-5.0,22.0,-4.0,22.0,-4.0,22.0,-3.0,23.0,-2.0,23.0,-2.0,23.0,-1.0,23.0,0.0,22.0,0.0,22.0,0.0,22.0,0.0,22.0,0.0,22.0,1.0,22.0,1.0,21.0,2.0,21.0,2.0,20.0,2.0,21.0,2.0,21.0,2.0,20.0,2.0,20.0,3.0,19.0,1.0,19.0,2.0,19.0,1.0,19.0,1.0,18.0,0.0
4.5059,122.0,-96.0,7.0,0.0,0.0,0.0,0.0,0.0,0.0,0.0,0.0,0.0,5.0,-29.0,5.0,-29.0,4.0,-26.0,4.0,-23.0,4.0,-19.0,3.0,-15.0,3.0,-10.0,3.0,-3.0,4.0,2.0,5.0,7.0,6.0,13.0,7.0,17.0,9.0,21.0,10.0,26.0,11.0,28.0,11.0,29.0,13.0,29.0,12.0,27.0,12.0,25.0,11.0,21.0,9.0,17.0,6.0,13.0,3.0,9.0,-1.0,5.0,-5.0,1.0,-9.0,-2.0
4.5198,122.0,-96.0,7.0,0.0,0.0,0.0,0.0,0.0,0.0,0.0,0.0,0.0,-2.0,20.0,-3.0,24.0,-4.0,27.0,-4.0,29.0,-4.0,30.0,-4.0,30.0,-4.0,28.0,-3.0,25.0,-4.0,22.0,-3.0,17.0,-3.0,12.0,-4.0,6.0,-5.0,0.0,-6.0,-6.0,-7.0,-11.0,-8.0,-17.0,-10.0,-21.0,-12.0,-25.0,-13.0,-27.0,-14.0,-28.0,-16.0,-28.0,-15.0,-28.0,-15.0,-25.0,-14.0,-22.0,-12.0,-18.0,-9.0,-14.0
4.5337,122.0,-96.0,7.0,0.0,0.0,0.0,0.0,0.0,0.0,0.0,0.0,0.0,0.0,-5.0,6.0,-5.0,12.0,-5.0,17.0,-6.0,23.0,-6.0,27.0,-7.0,30.0,-9.0,33.0,-9.0,33.0,-10.0,32.0,-10.0,30.0,-10.0,27.0,-10.0,24.0,-8.0,18.0,-7.0,14.0,-3.0,8.0,-1.0,2.0,3.0,-2.0,8.0,-7.0,12.0,-11.0,16.0,-14.0,21.0,-15.0,24.0,-17.0,28.0,-16.0,29.0,-15.0,29.0,-14.0,29.0
4.5467,122.0,-96.0,7.0,0.0,0.0,0.0,0.0,0.0,0.0,0.0,0.0,0.0,6.0,-4.0,12.0,-2.0,18.0,0.0,24.0,1.0,29.0,1.0,34.0,2.0,36.0,1.0,39.0,1.0,38.0,0.0,37.0,-1.0,35.0,-1.0,30.0,-1.0,26.0,0.0,20.0,0.0,13.0,2.0,5.0,3.0,-2.0,6.0,-8.0,9.0,-15.0,12.0,-19.0,15.0,-24.0,19.0,-25.0,22.0,-28.0,24.0,-27.0,26.0,-26.0,27.0,-25.0,27.0
4.5603,122.0,-96.0,7.0,0.0,0.0,0.0,0.0,0.0,0.0,0.0,0.0,0.0,16.0,9.0,16.0,10.0,15.0,10.0,15.0,11.0,15.0,11.0,15.0,12.0,14.0,12.0,14.0,12.0,13.0,13.0,13.0,13.0,14.0,12.0,13.0,12.0,13.0,13.0,13.0,13.0,12.0,13.0,12.0,13.0,12.0,13.0,11.0,13.0,11.0,13.0,11.0,12.0,11.0,13.0,11.0,12.0,11.0,12.0,11.0,12.0,11.0,11.0,11.0,10.0
4.5739,122.0,-96.0,7.0,0.0,0.0,0.0,0.0,0.0,0.0,0.0,0.0,0.0,17.0,5.0,20.0,7.0,23.0,8.0,25.0,8.0,25.0,8.0,25.0,9.0,24.0,8.0,22.0,7.0,19.0,7.0,14.0,5.0,10.0,4.0,5.0,3.0,-1.0,3.0,-6.0,3.0,-11.0,4.0,-16.0,4.0,-21.0,5.0,-24.0,5.0,-26.0,6.0,-28.0,7.0,-27.0,8.0,-27.0,8.0,-25.0,8.0,-22.0,8.0,-18.0,6.0,-14.0,5.0
4.5882,122.0,-96.0,7.0,0.0,0.0,0.0,0.0,0.0,0.0,0.0,0.0,0.0,-26.0,-6.0,-26.0,-6.0,-25.0,-6.0,-23.0,-5.0,-20.0,-5.0,-16.0,-4.0,-11.0,-4.0,-6.0,-4.0,-1.0,-4.0,4.0,-5.0,9.0,-6.0,14.0,-7.0,18.0,-8.0,22.0,-9.0,25.0,-10.0,26.0,-10.0,26.0,-11.0,26.0,-11.0,24.0,-11.0,21.0,-11.0,17.0,-9.0,14.0,-7.0,10.0,-4.0,6.0,-1.0,2.0,2.0,-2.0,6.0
4.6037,122.0,-96.0,7.0,0.0,0.0,0.0,0.0,0.0,0.0,0.0,0.0,0.0,-10.0,-17.0,-9.0,-18.0,-9.0,-18.0,-9.0,-18.0,-8.0,-19.0,-7.0,-19.0,-7.0,-18.0,-7.0,-19.0,-6.0,-19.0,-6.0,-19.0,-6.0,-19.0,-5.0,-19.0,-5.0,-19.0,-4.0,-19.0,-4.0,-19.0,-4.0,-18.0,-4.0,-18.0,-4.0,-18.0,-4.0,-18.0,-3.0,-18.0,-3.0,-17.0,-3.0,-17.0,-4.0,-17.0,-4.0,-17.0,-4.0,-16.0,-4.0,-16.0
4.6177,122.0,-96.0,7.0,0.0,0.0,0.0,0.0,0.0,0.0,0.0,0.0,0.0,-19.0,-6.0,-22.0,-7.0,-24.0,-8.0,-26.0,-8.0,-27.0,-9.0,-27.0,-9.0,-25.0,-9.0,-23.0,-8.0,-20.0,-8.0,-16.0,-6.0,-11.0,-5.0,-6.0,-5.0,-1.0,-4.0,5.0,-4.0,10.0,-5.0,15.0,-5.0,20.0,-6.0,23.0,-7.0,25.0,-8.0,27.0,-8.0,27.0,-9.0,26.0,-10.0,24.0,-9.0,21.0,-9.0,17.0,-8.0,13.0,-6.0
4.6321,122.0,-96.0,7.0,0.0,0.0,0.0,0.0,0.0,0.0,0.0,0.0,0.0,-5.0,2.0,-10.0,1.0,-15.0,-1.0,-20.0,-2.0,-24.0,-2.0,-28.0,-3.0,-30.0,-2.0,-32.0,-2.0,-32.0,-1.0,-31.0,-1.0,-28.0,-1.0,-25.0,0.0,-21.0,-1.0,-16.0,-1.0,-11.0,-3.0,-5.0,-3.0,1.0,-5.0,6.0,-8.0,11.0,-11.0,15.0,-13.0,19.0,-16.0,20.0,-18.0,22.0,-20.0,21.0,-22.0,21.0,-22.0,19.0,-21.0
4.6465,122.0,-96.0,7.0,0.0,0.0,0.0,0.0,0.0,0.0,0.0,0.0,0.0,-14.0,12.0,-14.0,12.0,-15.0,12.0,-15.0,12.0,-16.0,11.0,-16.0,11.0,-16.0,10.0,-17.0,10.0,-16.0,9.0,-17.0,9.0,-17.0,9.0,-18.0,8.0,-17.0,8.0,-17.0,8.0,-17.0,8.0,-17.0,8.0,-17.0,7.0,-17.0,7.0,-17.0,7.0,-16.0,7.0,-16.0,7.0,-15.0,7.0,-16.0,6.0,-15.0,7.0,-15.0,6.0,-14.0,7.0
4.6614,122.0,-96.0,7.0,0.0,0.0,0.0,0.0,0.0,0.0,0.0,0.0,0.0,1.0,31.0,1.0,30.0,1.0,29.0,1.0,25.0,0.0,21.0,-1.0,15.0,-2.0,10.0,-4.0,4.0,-6.0,-2.0,-9.0,-8.0,-11.0,-13.0,-14.0,-18.0,-16.0,-22.0,-19.0,-26.0,-20.0,-28.0,-21.0,-30.0,-22.0,-28.0,-21.0,-28.0,-20.0,-25.0,-18.0,-22.0,-15.0,-18.0,-11.0,-14.0,-6.0,-10.0,-1.0,-7.0,4.0,-3.0,10.0,0.0
4.6745,122.0,-96.0,7.0,0.0,0.0,0.0,0.0,0.0,0.0,0.0,0.0,0.0,-8.0,-22.0,-5.0,-17.0,-2.0,-12.0,2.0,-6.0,6.0,0.0,11.0,6.0,15.0,10.0,20.0,15.0,24.0,19.0,27.0,20.0,30.0,22.0,31.0,22.0,32.0,22.0,32.0,21.0,30.0,19.0,26.0,15.0,21.0,13.0,15.0,11.0,9.0,8.0,3.0,6.0,-4.0,5.0,-12.0,3.0,-18.0,3.0,-25.0,2.0,-30.0,4.0,-33.0,5.0
4.6856,122.0,-96.0,7.0,0.0,0.0,0.0,0.0,0.0,0.0,0.0,0.0,0.0,-14.0,-16.0,-10.0,-13.0,-6.0,-9.0,-1.0,-6.0,5.0,-2.0,11.0,0.0,16.0,2.0,21.0,4.0,26.0,6.0,30.0,6.0,32.0,7.0,34.0,6.0,34.0,5.0,33.0,5.0,31.0,4.0,26.0,3.0,22.0,2.0,16.0,2.0,11.0,3.0,4.0,3.0,-2.0,5.0,-8.0,7.0,-14.0,9.0,-19.0,11.0,-22.0,14.0,-25.0,16.0
4.6985,122.0,-96.0,7.0,0.0,0.0,0.0,0.0,0.0,0.0,0.0,0.0,0.0,20.0,5.0,22.0,6.0,24.0,7.0,25.0,7.0,26.0,7.0,25.0,7.0,23.0,7.0,20.0,6.0,17.0,6.0,12.0,4.0,8.0,4.0,2.0,3.0,-3.0,4.0,-9.0,4.0,-14.0,4.0,-18.0,5.0,-22.0,5.0,-25.0,7.0,-27.0,7.0,-28.0,8.0,-27.0,9.0,-27.0,8.0,-24.0,8.0,-20.0,8.0,-17.0,6.0,-13.0,4.0
4.7122,122.0,-96.0,7.0,0.0,0.0,0.0,0.0,0.0,0.0,0.0,0.0,0.0,20.0,-6.0,23.0,-6.0,25.0,-6.0,25.0,-6.0,26.0,-7.0,25.0,-7.0,24.0,-6.0,20.0,-5.0,18.0,-4.0,13.0,-2.0,9.0,-1.0,4.0,2.0,-1.0,4.0,-6.0,7.0,-10.0,10.0,-13.0,13.0,-16.0,15.0,-18.0,18.0,-19.0,19.0,-20.0,20.0,-19.0,21.0,-19.0,20.0,-17.0,19.0,-14.0,17.0,-11.0,14.0,-9.0,10.0
4.7276,122.0,-96.0,7.0,0.0,0.0,0.0,0.0,0.0,0.0,0.0,0.0,0.0,2.0,20.0,1.0,16.0,0.0,11.0,-2.0,7.0,-4.0,1.0,-7.0,-4.0,-10.0,-8.0,-13.0,-13.0,-15.0,-17.0,-18.0,-20.0,-20.0,-22.0,-22.0,-23.0,-23.0,-23.0,-23.0,-22.0,-22.0,-21.0,-20.0,-17.0,-18.0,-15.0,-14.0,-13.0,-9.0,-10.0,-4.0,-7.0,1.0,-5.0,7.0,-3.0,12.0,-1.0,18.0,0.0,22.0,-1.0,25.0,-1.0
4.7427,122.0,-96.0,7.0,0.0,0.0,0.0,0.0,0.0,0.0,0.0,0.0,0.0,22.0,2.0,22.0,2.0,23.0,3.0,22.0,3.0,23.0,4.0,22.0,5.0,22.0,5.0,22.0,6.0,22.0,6.0,22.0,7.0,22.0,7.0,22.0,7.0,21.0,7.0,21.0,7.0,20.0,8.0,20.0,7.0,20.0,8.0,20.0,8.0,19.0,8.0,19.0,7.0,18.0,8.0,18.0,7.0,18.0,7.0,18.0,6.0,18.0,6.0,17.0,6.0
4.7549,122.0,-96.0,7.0,0.0,0.0,0.0,0.0,0.0,0.0,0.0,0.0,0.0,3.0,-2.0,6.0,3.0,8.0,8.0,10.0,12.0,13.0,16.0,15.0,20.0,17.0,21.0,19.0,24.0,20.0,23.0,20.0,23.0,19.0,21.0,17.0,19.0,15.0,17.0,12.0,13.0,8.0,10.0,3.0,6.0,-3.0,3.0,-8.0,1.0,-13.0,-1.0,-18.0,-3.0,-23.0,-4.0,-26.0,-3.0,-30.0,-4.0,-31.0,-2.0,-31.0,-2.0,-30.0,-1.0
4.7661,122.0,-96.0,7.0,0.0,0.0,0.0,0.0,0.0,0.0,0.0,0.0,0.0,5.0,-1.0,9.0,2.0,13.0,5.0,17.0,8.0,21.0,10.0,24.0,12.0,26.0,12.0,28.0,13.0,28.0,12.0,27.0,12.0,25.0,10.0,22.0,9.0,18.0,8.0,13.0,6.0,9.0,6.0,3.0,4.0,-3.0,3.0,-9.0,4.0,-15.0,5.0,-19.0,6.0,-24.0,7.0,-26.0,9.0,-29.0,9.0,-28.0,11.0,-28.0,11.0,-27.0,12.0
4.7815,122.0,-96.0,7.0,0.0,0.0,0.0,0.0,0.0,0.0,0.0,0.0,0.0,-17.0,-4.0,-17.0,-4.0,-17.0,-4.0,-17.0,-5.0,-17.0,-6.0,-17.0,-6.0,-16.0,-6.0,-17.0,-7.0,-16.0,-7.0,-16.0,-7.0,-16.0,-7.0,-16.0,-7.0,-15.0,-7.0,-16.0,-8.0,-15.0,-8.0,-15.0,-8.0,-15.0,-8.0,-15.0,-8.0,-14.0,-8.0,-14.0,-7.0,-14.0,-8.0,-13.0,-7.0,-14.0,-7.0,-13.0,-7.0,-13.0,-7.0,-13.0,-6.0
4.797,122.0,-96.0,7.0,0.0,0.0,0.0,0.0,0.0,0.0,0.0,0.0,0.0,0.0,4.0,-6.0,5.0,-12.0,6.0,-17.0,7.0,-23.0,8.0,-27.0,10.0,-30.0,12.0,-32.0,12.0,-32.0,14.0,-32.0,14.0,-29.0,13.0,-27.0,12.0,-24.0,10.0,-19.0,8.0,-14.0,4.0,-9.0,1.0,-4.0,-4.0,0.0,-9.0,4.0,-13.0,8.0,-19.0,10.0,-24.0,10.0,-27.0,13.0,-31.0,11.0,-32.0,11.0,-32.0,10.0,-32.0
4.8124,122.0,-96.0,7.0,0.0,0.0,0.0,0.0,0.0,0.0,0.0,0.0,0.0,14.0,-8.0,15.0,-8.0,15.0,-8.0,15.0,-7.0,16.0,-7.0,16.0,-6.0,15.0,-6.0,16.0,-6.0,16.0,-5.0,16.0,-5.0,16.0,-5.0,16.0,-4.0,16.0,-4.0,16.0,-4.0,16.0,-4.0,15.0,-4.0,15.0,-3.0,15.0,-3.0,15.0,-3.0,14.0,-3.0,14.0,-3.0,14.0,-3.0,14.0,-3.0,14.0,-3.0,13.0,-4.0,13.0,-4.0
4.8263,122.0,-96.0,7.0,0.0,0.0,0.0,0.0,0.0,0.0,0.0,0.0,0.0,0.0,-27.0,0.0,-25.0,0.0,-24.0,0.0,-21.0,1.0,-18.0,1.0,-14.0,2.0,-9.0,3.0,-4.0,4.0,1.0,6.0,6.0,7.0,10.0,9.0,14.0,11.0,17.0,13.0,21.0,14.0,23.0,15.0,24.0,15.0,23.0,15.0,23.0,14.0,20.0,13.0,17.0,10.0,14.0,8.0,11.0,4.0,8.0,0.0,4.0,-4.0,2.0,-8.0,-1.0
4.8408,122.0,-96.0,7.0,0.0,0.0,0.0,0.0,0.0,0.0,0.0,0.0,0.0,-13.0,16.0,-15.0,19.0,-17.0,22.0,-18.0,23.0,-19.0,24.0,-19.0,24.0,-18.0,23.0,-16.0,20.0,-15.0,18.0,-12.0,13.0,-9.0,9.0,-6.0,4.0,-5.0,-2.0,-2.0,-8.0,-1.0,-13.0,0.0,-18.0,1.0,-23.0,1.0,-28.0,1.0,-29.0,0.0,-32.0,0.0,-32.0,-1.0,-32.0,-1.0,-30.0,-2.0,-26.0,-2.0,-22.0,-1.0,-17.0
4.8553,122.0,-96.0,7.0,0.0,0.0,0.0,0.0,0.0,0.0,0.0,0.0,0.0,-19.0,-5.0,-19.0,-6.0,-19.0,-6.0,-19.0,-6.0,-19.0,-7.0,-19.0,-8.0,-18.0,-8.0,-18.0,-8.0,-18.0,-8.0,-18.0,-9.0,-18.0,-9.0,-17.0,-9.0,-17.0,-9.0,-17.0,-10.0,-17.0,-10.0,-16.0,-10.0,-16.0,-10.0,-16.0,-10.0,-16.0,-10.0,-16.0,-9.0,-15.0,-9.0,-15.0,-9.0,-15.0,-9.0,-15.0,-8.0,-15.0,-8.0,-15.0,-8.0
4.87,122.0,-96.0,7.0,0.0,0.0,0.0,0.0,0.0,0.0,0.0,0.0,0.0,20.0,-4.0,16.0,-3.0,11.0,-2.0,6.0,0.0,1.0,3.0,-4.0,6.0,-7.0,9.0,-12.0,13.0,-16.0,16.0,-18.0,19.0,-21.0,21.0,-21.0,23.0,-21.0,24.0,-20.0,24.0,-19.0,23.0,-16.0,21.0,-14.0,18.0,-11.0,13.0,-9.0,9.0,-6.0,4.0,-5.0,-2.0,-3.0,-7.0,-2.0,-13.0,-1.0,-18.0,-2.0,-22.0,-3.0,-26.0
4.8837,122.0,-96.0,7.0,0.0,0.0,0.0,0.0,0.0,0.0,0.0,0.0,0.0,-20.0,17.0,-20.0,16.0,-20.0,16.0,-17.0,14.0,-16.0,12.0,-13.0,9.0,-10.0,6.0,-6.0,2.0,-4.0,-2.0,-1.0,-7.0,1.0,-11.0,3.0,-16.0,5.0,-19.0,7.0,-23.0,8.0,-26.0,8.0,-28.0,7.0,-28.0,7.0,-28.0,6.0,-26.0,5.0,-23.0,3.0,-20.0,3.0,-16.0,3.0,-11.0,3.0,-6.0,3.0,-1.0,4.0,4.0
4.8976,122.0,-96.0,7.0,0.0,0.0,0.0,0.0,0.0,0.0,0.0,0.0,0.0,-8.0,16.0,-8.0,16.0,-9.0,16.0,-9.0,16.0,-10.0,16.0,-10.0,15.0,-10.0,16.0,-11.0,15.0,-11.0,14.0,-12.0,14.0,-12.0,14.0,-12.0,14.0,-12.0,13.0,-12.0,13.0,-12.0,13.0,-12.0,13.0,-12.0,13.0,-12.0,12.0,-12.0,12.0,-11.0,12.0,-12.0,12.0,-11.0,12.0,-11.0,11.0,-11.0,11.0,-10.0,11.0,-10.0,11.0
4.9133,122.0,-96.0,7.0,0.0,0.0,0.0,0.0,0.0,0.0,0.0,0.0,0.0,-21.0,-10.0,-21.0,-11.0,-21.0,-11.0,-21.0,-12.0,-20.0,-12.0,-21.0,-13.0,-20.0,-13.0,-20.0,-13.0,-19.0,-13.0,-19.0,-15.0,-19.0,-15.0,-18.0,-15.0,-18.0,-15.0,-18.0,-15.0,-17.0,-15.0,-17.0,-15.0,-17.0,-15.0,-16.0,-15.0,-17.0,-15.0,-16.0,-14.0,-16.0,-14.0,-16.0,-13.0,-15.0,-13.0,-16.0,-13.0,-15.0,-13.0,-15.0,-12.0
4.927,122.0,-96.0,7.0,0.0,0.0,0.0,0.0,0.0,0.0,0.0,0.0,0.0,11.0,-29.0,9.0,-23.0,8.0,-16.0,6.0,-8.0,5.0,0.0,5.0,9.0,6.0,17.0,6.0,25.0,7.0,31.0,9.0,37.0,10.0,41.0,12.0,42.0,14.0,43.0,14.0,43.0,14.0,40.0,13.0,35.0,12.0,30.0,8.0,24.0,5.0,17.0,0.0,11.0,-5.0,4.0,-11.0,-3.0,-17.0,-8.0,-23.0,-12.0,-29.0,-15.0,-34.0,-17.0
4.9418,122.0,-96.0,7.0,0.0,0.0,0.0,0.0,0.0,0.0,0.0,0.0,0.0,12.0,-17.0,10.0,-13.0,7.0,-9.0,5.0,-4.0,3.0,1.0,1.0,7.0,1.0,11.0,-1.0,17.0,-2.0,21.0,-1.0,25.0,-2.0,28.0,-1.0,30.0,0.0,31.0,0.0,30.0,1.0,29.0,1.0,26.0,1.0,22.0,0.0,17.0,-1.0,12.0,-2.0,7.0,-5.0,1.0,-7.0,-4.0,-10.0,-9.0,-12.0,-14.0,-15.0,-17.0,-18.0,-18.0
4.9577,122.0,-96.0,7.0,0.0,0.0,0.0,0.0,0.0,0.0,0.0,0.0,0.0,-14.0,-14.0,-14.0,-14.0,-13.0,-15.0,-14.0,-15.0,-13.0,-16.0,-13.0,-16.0,-12.0,-16.0,-12.0,-16.0,-12.0,-16.0,-11.0,-17.0,-10.0,-17.0,-10.0,-17.0,-10.0,-17.0,-10.0,-17.0,-10.0,-17.0,-9.0,-17.0,-9.0,-17.0,-9.0,-16.0,-9.0,-17.0,-9.0,-16.0,-9.0,-16.0,-9.0,-15.0,-9.0,-15.0,-8.0,-15.0,-8.0,-15.0,-9.0,-14.0
4.971,122.0,-96.0,7.0,0.0,0.0,0.0,0.0,0.0,0.0,0.0,0.0,0.0,-21.0,0.0,-16.0,-1.0,-10.0,-2.0,-5.0,-4.0,1.0,-6.0,8.0,-8.0,12.0,-12.0,17.0,-14.0,21.0,-16.0,24.0,-19.0,26.0,-20.0,27.0,-22.0,27.0,-23.0,25.0,-22.0,23.0,-21.0,19.0,-19.0,16.0,-16.0,13.0,-12.0,9.0,-7.0,6.0,-2.0,3.0,4.0,0.0,9.0,-3.0,16.0,-4.0,21.0,-4.0,25.0,-4.0,29.0
4.984,122.0,-96.0,7.0,0.0,0.0,0.0,0.0,0.0,0.0,0.0,0.0,0.0,20.0,8.0,20.0,9.0,20.0,10.0,20.0,10.0,21.0,11.0,20.0,12.0,20.0,12.0,20.0,13.0,19.0,13.0,19.0,13.0,18.0,13.0,18.0,13.0,18.0,14.0,18.0,14.0,17.0,14.0,17.0,14.0,16.0,14.0,16.0,14.0,15.0,14.0,16.0,14.0,15.0,13.0,15.0,12.0,15.0,13.0,15.0,12.0,15.0,12.0,15.0,11.0
4.9983,122.0,-96.0,7.0,0.0,0.0,0.0,0.0,0.0,0.0,0.0,0.0,0.0,14.0,21.0,13.0,20.0,12.0,19.0,11.0,17.0,9.0,14.0,6.0,11.0,3.0,8.0,-1.0,4.0,-5.0,0.0,-9.0,-2.0,-13.0,-5.0,-17.0,-7.0,-20.0,-9.0,-23.0,-11.0,-25.0,-12.0,-26.0,-13.0,-27.0,-12.0,-26.0,-11.0,-24.0,-10.0,-21.0,-8.0,-18.0,-7.0,-13.0,-6.0,-9.0,-5.0,-4.0,-4.0,1.0,-4.0,6.0,-4.0
5.0114,122.0,-96.0,7.0,0.0,0.0,0.0,0.0,0.0,0.0,0.0,0.0,0.0,12.0,-30.0,12.0,-30.0,11.0,-28.0,10.0,-26.0,10.0,-22.0,8.0,-18.0,6.0,-12.0,5.0,-6.0,4.0,0.0,4.0,6.0,3.0,12.0,3.0,18.0,4.0,23.0,4.0,28.0,4.0,32.0,4.0,34.0,5.0,34.0,6.0,33.0,6.0,31.0,6.0,28.0,6.0,23.0,4.0,18.0,2.0,13.0,-1.0,7.0,-4.0,1.0,-8.0,-3.0
