time,sc_0,sc_1,sc_2,sc_3,sc_4,sc_5,sc_6,sc_7,sc_8,sc_9,sc_10,sc_11,sc_12,sc_13,sc_14,sc_15,sc_16,sc_17,sc_18,sc_19,sc_20,sc_21,sc_22,sc_23,sc_24,sc_25,sc_26,sc_27,sc_28,sc_29,sc_30,sc_31,sc_32,sc_33,sc_34,sc_35,sc_36,sc_37,sc_38,sc_39,sc_40,sc_41,sc_42,sc_43,sc_44,sc_45,sc_46,sc_47,sc_48,sc_49,sc_50,sc_51,sc_52,sc_53,sc_54,sc_55,sc_56,sc_57,sc_58,sc_59,sc_60,sc_61,sc_62,sc_63
0.0102,122.0,-96.0,7.0,0.0,12.0,11.0,12.0,11.0,12.0,11.0,12.0,11.0,12.0,11.0,12.0,10.0,12.0,10.0,11.0,10.0,11.0,10.0,11.0,10.0,11.0,9.0,11.0,9.0,11.0,9.0,11.0,9.0,10.0,9.0,10.0,9.0,10.0,9.0,9.0,9.0,9.0,8.0,8.0,8.0,8.0,8.0,7.0,7.0,7.0,7.0,6.0,7.0,5.0,7.0,0.0,0.0,0.0,0.0,0.0,0.0,0.0,0.0,0.0,0.0
0.0196,122.0,-96.0,7.0,0.0,14.0,31.0,15.0,30.0,15.0,27.0,14.0,23.0,11.0,20.0,9.0,15.0,5.0,11.0,0.0,7.0,-5.0,3.0,-10.0,1.0,-15.0,0.0,-19.0,-1.0,-23.0,-2.0,-27.0,-2.0,-29.0,-2.0,-29.0,-1.0,-29.0,-1.0,-27.0,0.0,-24.0,0.0,-21.0,1.0,-17.0,0.0,-12.0,0.0,-8.0,-1.0,-3.0,-2.0,0.0,-3.0,0.0,0.0,0.0,0.0,0.0,0.0,0.0,0.0,0.0,0.0
0.0337,122.0,-96.0,7.0,0.0,-29.0,-15.0,-28.0,-14.0,-26.0,-12.0,-24.0,-10.0,-20.0,-8.0,-16.0,-7.0,-11.0,-6.0,-5.0,-5.0,0.0,-5.0,5.0,-6.0,10.0,-8.0,14.0,-10.0,16.0,-12.0,19.0,-13.0,20.0,-14.0,21.0,-15.0,20.0,-15.0,18.0,-15.0,16.0,-14.0,13.0,-12.0,11.0,-10.0,8.0,-7.0,5.0,-4.0,3.0,-1.0,1.0,2.0,0.0,0.0,0.0,0.0,0.0,0.0,0.0,0.0,0.0,0.0
0.0433,122.0,-96.0,7.0,0.0,23.0,20.0,24.0,19.0,22.0,16.0,20.0,14.0,17.0,11.0,12.0,9.0,8.0,7.0,3.0,5.0,-3.0,4.0,-8.0,4.0,-13.0,5.0,-17.0,6.0,-20.0,7.0,-23.0,8.0,-24.0,9.0,-24.0,10.0,-24.0,10.0,-22.0,9.0,-19.0,8.0,-16.0,7.0,-13.0,5.0,-10.0,4.0,-6.0,1.0,-3.0,-1.0,0.0,-4.0,0.0,0.0,0.0,0.0,0.0,0.0,0.0,0.0,0.0,0.0
0.0614,122.0,-96.0,7.0,0.0,-6.0,2.0,-8.0,-3.0,-10.0,-8.0,-13.0,-12.0,-16.0,-15.0,-19.0,-17.0,-21.0,-18.0,-22.0,-17.0,-23.0,-17.0,-23.0,-15.0,-22.0,-14.0,-20.0,-12.0,-16.0,-10.0,-12.0,-9.0,-8.0,-7.0,-3.0,-6.0,1.0,-4.0,5.0,-4.0,9.0,-3.0,12.0,-3.0,15.0,-3.0,17.0,-3.0,17.0,-3.0,17.0,-3.0,16.0,-3.0,0.0,0.0,0.0,0.0,0.0,0.0,0.0,0.0,0.0,0.0
0.0733,122.0,-96.0,7.0,0.0,-16.0,22.0,-19.0,26.0,-20.0,29.0,-20.0,30.0,-18.0,31.0,-17.0,30.0,-15.0,29.0,-13.0,26.0,-11.0,22.0,-9.0,17.0,-8.0,11.0,-7.0,5.0,-6.0,-1.0,-7.0,-7.0,-8.0,-13.0,-8.0,-18.0,-9.0,-21.0,-10.0,-24.0,-11.0,-25.0,-11.0,-25.0,-12.0,-24.0,-11.0,-22.0,-10.0,-19.0,-8.0,-17.0,-6.0,-14.0,0.0,0.0,0.0,0.0,0.0,0.0,0.0,0.0,0.0,0.0
0.0877,122.0,-96.0,7.0,0.0,-6.0,1.0,-8.0,-5.0,-9.0,-10.0,-13.0,-15.0,-15.0,-19.0,-18.0,-21.0,-20.0,-23.0,-21.0,-23.0,-22.0,-22.0,-22.0,-21.0,-21.0,-19.0,-19.0,-17.0,-16.0,-14.0,-12.0,-11.0,-7.0,-9.0,-2.0,-7.0,2.0,-5.0,6.0,-3.0,11.0,-1.0,14.0,0.0,17.0,0.0,19.0,0.0,20.0,0.0,19.0,0.0,18.0,0.0,0.0,0.0,0.0,0.0,0.0,0.0,0.0,0.0,0.0,0.0
0.1021,122.0,-96.0,7.0,0.0,-12.0,-22.0,-9.0,-18.0,-6.0,-14.0,-2.0,-9.0,3.0,-5.0,8.0,-2.0,13.0,0.0,18.0,2.0,22.0,2.0,24.0,1.0,27.0,1.0,29.0,0.0,28.0,0.0,28.0,-1.0,25.0,-1.0,22.0,-1.0,18.0,-1.0,14.0,0.0,9.0,1.0,4.0,2.0,0.0,3.0,-4.0,5.0,-7.0,7.0,-9.0,9.0,-11.0,10.0,0.0,0.0,0.0,0.0,0.0,0.0,0.0,0.0,0.0,0.0
0.1154,122.0,-96.0,7.0,0.0,31.0,11.0,31.0,9.0,29.0,7.0,26.0,6.0,22.0,5.0,18.0,4.0,12.0,3.0,6.0,3.0,1.0,5.0,-5.0,6.0,-9.0,10.0,-13.0,12.0,-16.0,14.0,-18.0,16.0,-19.0,17.0,-20.0,19.0,-19.0,18.0,-17.0,18.0,-15.0,16.0,-13.0,14.0,-11.0,11.0,-8.0,8.0,-6.0,4.0,-4.0,1.0,-3.0,-3.0,0.0,0.0,0.0,0.0,0.0,0.0,0.0,0.0,0.0,0.0
0.1309,122.0,-96.0,7.0,0.0,16.0,-35.0,15.0,-35.0,12.0,-32.0,11.0,-30.0,8.0,-26.0,6.0,-21.0,5.0,-15.0,5.0,-8.0,6.0,-2.0,8.0,4.0,9.0,10.0,12.0,15.0,14.0,18.0,17.0,20.0,19.0,22.0,19.0,23.0,20.0,22.0,19.0,20.0,18.0,18.0,15.0,15.0,12.0,12.0,9.0,9.0,5.0,6.0,1.0,4.0,-2.0,2.0,0.0,0.0,0.0,0.0,0.0,0.0,0.0,0.0,0.0,0.0
0.1402,122.0,-96.0,7.0,0.0,-23.0,-4.0,-23.0,-3.0,-23.0,-3.0,-22.0,-3.0,-22.0,-1.0,-22.0,-2.0,-21.0,-1.0,-22.0,0.0,-21.0,-1.0,-21.0,0.0,-21.0,0.0,-21.0,1.0,-21.0,1.0,-21.0,1.0,-21.0,1.0,-21.0,1.0,-20.0,0.0,-19.0,0.0,-19.0,-1.0,-18.0,-1.0,-18.0,-1.0,-17.0,-1.0,-17.0,-1.0,-16.0,-2.0,-16.0,-2.0,0.0,0.0,0.0,0.0,0.0,0.0,0.0,0.0,0.0,0.0
0.1542,122.0,-96.0,7.0,0.0,18.0,-6.0,22.0,-7.0,23.0,-8.0,25.0,-9.0,24.0,-10.0,23.0,-10.0,21.0,-10.0,18.0,-10.0,15.0,-9.0,12.0,-7.0,9.0,-4.0,6.0,-1.0,3.0,3.0,0.0,6.0,-2.0,10.0,-3.0,13.0,-4.0,16.0,-5.0,17.0,-6.0,18.0,-5.0,18.0,-5.0,17.0,-4.0,16.0,-3.0,14.0,-3.0,12.0,-2.0,10.0,0.0,0.0,0.0,0.0,0.0,0.0,0.0,0.0,0.0,0.0
0.1641,122.0,-96.0,7.0,0.0,-10.0,21.0,-9.0,20.0,-9.0,20.0,-9.0,20.0,-8.0,20.0,-8.0,20.0,-7.0,20.0,-6.0,20.0,-6.0,20.0,-6.0,20.0,-5.0,20.0,-5.0,20.0,-5.0,19.0,-5.0,20.0,-5.0,19.0,-5.0,20.0,-5.0,18.0,-6.0,18.0,-6.0,17.0,-6.0,17.0,-6.0,16.0,-6.0,16.0,-6.0,15.0,-6.0,15.0,-6.0,14.0,0.0,0.0,0.0,0.0,0.0,0.0,0.0,0.0,0.0,0.0
0.1777,122.0,-96.0,7.0,0.0,4.0,2.0,2.0,6.0,-1.0,11.0,-2.0,15.0,-3.0,18.0,-2.0,21.0,-2.0,23.0,-2.0,24.0,-1.0,25.0,0.0,24.0,1.0,22.0,1.0,20.0,1.0,17.0,0.0,13.0,-1.0,9.0,-3.0,6.0,-4.0,1.0,-6.0,-3.0,-7.0,-6.0,-9.0,-8.0,-11.0,-10.0,-12.0,-10.0,-13.0,-11.0,-12.0,-11.0,-12.0,-11.0,0.0,0.0,0.0,0.0,0.0,0.0,0.0,0.0,0.0,0.0
0.192,122.0,-96.0,7.0,0.0,-17.0,11.0,-19.0,13.0,-21.0,15.0,-21.0,16.0,-21.0,16.0,-20.0,16.0,-18.0,16.0,-16.0,15.0,-13.0,13.0,-11.0,10.0,-9.0,6.0,-7.0,2.0,-5.0,-2.0,-3.0,-6.0,-3.0,-10.0,-2.0,-13.0,-1.0,-16.0,-1.0,-18.0,-1.0,-20.0,-1.0,-20.0,-2.0,-19.0,-2.0,-18.0,-2.0,-16.0,-2.0,-14.0,-1.0,-12.0,0.0,0.0,0.0,0.0,0.0,0.0,0.0,0.0,0.0,0.0
0.2002,122.0,-96.0,7.0,0.0,19.0,16.0,20.0,15.0,19.0,14.0,19.0,14.0,19.0,13.0,19.0,13.0,20.0,12.0,20.0,12.0,19.0,11.0,20.0,11.0,20.0,10.0,20.0,10.0,20.0,10.0,19.0,10.0,20.0,11.0,19.0,10.0,19.0,10.0,18.0,10.0,17.0,10.0,17.0,10.0,16.0,10.0,15.0,10.0,15.0,9.0,14.0,10.0,14.0,10.0,0.0,0.0,0.0,0.0,0.0,0.0,0.0,0.0,0.0,0.0
0.2177,122.0,-96.0,7.0,0.0,-15.0,-20.0,-12.0,-17.0,-8.0,-13.0,-3.0,-10.0,2.0,-6.0,7.0,-4.0,13.0,-3.0,17.0,-2.0,22.0,-3.0,25.0,-3.0,27.0,-5.0,28.0,-6.0,28.0,-7.0,27.0,-8.0,25.0,-8.0,22.0,-8.0,19.0,-6.0,14.0,-4.0,10.0,-2.0,6.0,0.0,2.0,3.0,-1.0,5.0,-4.0,8.0,-6.0,10.0,-7.0,12.0,0.0,0.0,0.0,0.0,0.0,0.0,0.0,0.0,0.0,0.0
0.2303,122.0,-96.0,7.0,0.0,21.0,-3.0,25.0,-3.0,27.0,-4.0,29.0,-5.0,29.0,-6.0,28.0,-7.0,26.0,-8.0,22.0,-8.0,18.0,-7.0,15.0,-5.0,11.0,-2.0,7.0,0.0,3.0,3.0,0.0,7.0,-3.0,10.0,-6.0,13.0,-8.0,16.0,-9.0,18.0,-9.0,19.0,-9.0,19.0,-8.0,19.0,-8.0,17.0,-7.0,16.0,-6.0,14.0,-5.0,11.0,0.0,0.0,0.0,0.0,0.0,0.0,0.0,0.0,0.0,0.0
0.2387,122.0,-96.0,7.0,0.0,18.0,11.0,19.0,11.0,18.0,10.0,18.0,10.0,18.0,9.0,19.0,8.0,18.0,8.0,18.0,7.0,19.0,7.0,19.0,7.0,18.0,6.0,19.0,6.0,18.0,6.0,18.0,6.0,18.0,6.0,18.0,6.0,18.0,6.0,17.0,6.0,16.0,6.0,16.0,6.0,16.0,6.0,14.0,6.0,14.0,6.0,14.0,6.0,13.0,6.0,0.0,0.0,0.0,0.0,0.0,0.0,0.0,0.0,0.0,0.0
0.2521,122.0,-96.0,7.0,0.0,25.0,-14.0,20.0,-11.0,15.0,-7.0,10.0,-3.0,7.0,3.0,3.0,9.0,0.0,14.0,-2.0,20.0,-2.0,25.0,-1.0,28.0,0.0,32.0,1.0,34.0,1.0,34.0,3.0,31.0,3.0,29.0,3.0,26.0,3.0,21.0,1.0,16.0,0.0,10.0,-3.0,6.0,-5.0,1.0,-7.0,-3.0,-9.0,-6.0,-11.0,-9.0,-13.0,-11.0,0.0,0.0,0.0,0.0,0.0,0.0,0.0,0.0,0.0,0.0
0.2661,122.0,-96.0,7.0,0.0,10.0,17.0,12.0,19.0,13.0,21.0,15.0,21.0,16.0,21.0,16.0,20.0,16.0,18.0,14.0,15.0,12.0,12.0,9.0,10.0,6.0,8.0,2.0,6.0,-2.0,4.0,-6.0,2.0,-10.0,1.0,-14.0,1.0,-17.0,0.0,-19.0,0.0,-19.0,0.0,-20.0,0.0,-19.0,0.0,-18.0,1.0,-16.0,1.0,-14.0,1.0,-11.0,0.0,0.0,0.0,0.0,0.0,0.0,0.0,0.0,0.0,0.0,0.0
0.2799,122.0,-96.0,7.0,0.0,4.0,24.0,5.0,28.0,7.0,30.0,8.0,32.0,9.0,31.0,10.0,30.0,10.0,28.0,9.0,24.0,8.0,20.0,6.0,16.0,4.0,12.0,0.0,8.0,-4.0,4.0,-9.0,0.0,-13.0,-3.0,-16.0,-5.0,-20.0,-7.0,-21.0,-8.0,-23.0,-8.0,-23.0,-8.0,-23.0,-7.0,-21.0,-7.0,-19.0,-6.0,-16.0,-5.0,-13.0,-4.0,0.0,0.0,0.0,0.0,0.0,0.0,0.0,0.0,0.0,0.0
0.2947,122.0,-96.0,7.0,0.0,-19.0,-14.0,-15.0,-11.0,-10.0,-9.0,-5.0,-7.0,0.0,-6.0,5.0,-6.0,10.0,-6.0,14.0,-8.0,18.0,-9.0,20.0,-11.0,22.0,-13.0,23.0,-14.0,22.0,-15.0,21.0,-15.0,19.0,-14.0,17.0,-13.0,14.0,-10.0,11.0,-8.0,8.0,-5.0,5.0,-1.0,2.0,1.0,0.0,5.0,-1.0,8.0,-2.0,10.0,-2.0,12.0,0.0,0.0,0.0,0.0,0.0,0.0,0.0,0.0,0.0,0.0
0.308,122.0,-96.0,7.0,0.0,3.0,-5.0,8.0,-1.0,12.0,2.0,16.0,5.0,20.0,6.0,23.0,7.0,26.0,7.0,27.0,6.0,27.0,5.0,26.0,4.0,25.0,3.0,22.0,2.0,18.0,2.0,14.0,2.0,9.0,2.0,4.0,3.0,0.0,4.0,-4.0,5.0,-8.0,7.0,-11.0,8.0,-13.0,9.0,-15.0,10.0,-15.0,10.0,-14.0,11.0,-14.0,11.0,0.0,0.0,0.0,0.0,0.0,0.0,0.0,0.0,0.0,0.0
0.3206,122.0,-96.0,7.0,0.0,21.0,13.0,16.0,11.0,11.0,9.0,5.0,7.0,-1.0,6.0,-6.0,6.0,-12.0,6.0,-17.0,7.0,-20.0,9.0,-23.0,11.0,-26.0,13.0,-26.0,15.0,-25.0,16.0,-25.0,15.0,-22.0,15.0,-20.0,14.0,-16.0,10.0,-13.0,7.0,-9.0,4.0,-6.0,0.0,-4.0,-3.0,-1.0,-6.0,0.0,-10.0,1.0,-13.0,2.0,-15.0,0.0,0.0,0.0,0.0,0.0,0.0,0.0,0.0,0.0,0.0
0.3336,122.0,-96.0,7.0,0.0,-5.0,5.0,-11.0,1.0,-16.0,-2.0,-22.0,-5.0,-26.0,-7.0,-31.0,-7.0,-33.0,-7.0,-35.0,-5.0,-35.0,-4.0,-34.0,-3.0,-33.0,-2.0,-29.0,-1.0,-24.0,-1.0,-19.0,-2.0,-13.0,-3.0,-8.0,-4.0,-3.0,-6.0,3.0,-8.0,7.0,-10.0,11.0,-12.0,14.0,-13.0,15.0,-14.0,16.0,-15.0,15.0,-16.0,15.0,-16.0,0.0,0.0,0.0,0.0,0.0,0.0,0.0,0.0,0.0,0.0
0.3449,122.0,-96.0,7.0,0.0,-9.0,-23.0,-9.0,-23.0,-9.0,-21.0,-9.0,-21.0,-10.0,-20.0,-10.0,-20.0,-10.0,-19.0,-11.0,-20.0,-10.0,-19.0,-11.0,-19.0,-12.0,-19.0,-12.0,-19.0,-12.0,-19.0,-11.0,-18.0,-11.0,-19.0,-11.0,-18.0,-11.0,-17.0,-10.0,-17.0,-9.0,-17.0,-9.0,-16.0,-9.0,-16.0,-8.0,-15.0,-8.0,-15.0,-7.0,-15.0,-7.0,-15.0,0.0,0.0,0.0,0.0,0.0,0.0,0.0,0.0,0.0,0.0
0.3586,122.0,-96.0,7.0,0.0,-26.0,4.0,-20.0,2.0,-14.0,0.0,-10.0,-2.0,-4.0,-5.0,0.0,-9.0,4.0,-14.0,7.0,-17.0,8.0,-21.0,8.0,-25.0,8.0,-28.0,7.0,-29.0,7.0,-29.0,6.0,-28.0,5.0,-26.0,4.0,-23.0,3.0,-18.0,3.0,-13.0,3.0,-9.0,3.0,-4.0,4.0,0.0,4.0,3.0,6.0,7.0,7.0,10.0,8.0,11.0,0.0,0.0,0.0,0.0,0.0,0.0,0.0,0.0,0.0,0.0
0.3727,122.0,-96.0,7.0,0.0,-21.0,-7.0,-26.0,-8.0,-27.0,-8.0,-30.0,-8.0,-29.0,-7.0,-29.0,-6.0,-27.0,-5.0,-24.0,-3.0,-20.0,-2.0,-16.0,-2.0,-12.0,-3.0,-7.0,-4.0,-2.0,-5.0,3.0,-7.0,7.0,-9.0,10.0,-11.0,13.0,-13.0,14.0,-14.0,15.0,-15.0,15.0,-16.0,14.0,-15.0,13.0,-14.0,11.0,-13.0,9.0,-12.0,7.0,-10.0,0.0,0.0,0.0,0.0,0.0,0.0,0.0,0.0,0.0,0.0
0.3864,122.0,-96.0,7.0,0.0,-12.0,16.0,-14.0,19.0,-14.0,21.0,-14.0,22.0,-13.0,23.0,-12.0,22.0,-10.0,21.0,-9.0,19.0,-7.0,16.0,-6.0,12.0,-5.0,8.0,-5.0,4.0,-5.0,-1.0,-6.0,-5.0,-6.0,-9.0,-7.0,-13.0,-8.0,-15.0,-9.0,-17.0,-9.0,-18.0,-10.0,-17.0,-10.0,-17.0,-9.0,-15.0,-9.0,-14.0,-7.0,-12.0,-6.0,-10.0,0.0,0.0,0.0,0.0,0.0,0.0,0.0,0.0,0.0,0.0
0.3946,122.0,-96.0,7.0,0.0,16.0,20.0,16.0,20.0,16.0,19.0,16.0,19.0,17.0,18.0,17.0,17.0,17.0,16.0,17.0,16.0,17.0,16.0,17.0,16.0,17.0,15.0,18.0,15.0,17.0,15.0,17.0,15.0,17.0,15.0,17.0,14.0,16.0,14.0,15.0,14.0,15.0,13.0,14.0,13.0,14.0,13.0,13.0,13.0,12.0,13.0,12.0,12.0,11.0,13.0,0.0,0.0,0.0,0.0,0.0,0.0,0.0,0.0,0.0,0.0
0.4099,122.0,-96.0,7.0,0.0,-6.0,-1.0,-7.0,-6.0,-6.0,-12.0,-8.0,-17.0,-9.0,-20.0,-10.0,-23.0,-12.0,-25.0,-13.0,-25.0,-14.0,-25.0,-14.0,-24.0,-14.0,-22.0,-13.0,-19.0,-11.0,-16.0,-8.0,-13.0,-5.0,-9.0,-1.0,-6.0,3.0,-3.0,6.0,-1.0,10.0,1.0,12.0,2.0,15.0,3.0,16.0,3.0,18.0,3.0,17.0,3.0,17.0,3.0,0.0,0.0,0.0,0.0,0.0,0.0,0.0,0.0,0.0,0.0
0.4231,122.0,-96.0,7.0,0.0,9.0,-18.0,11.0,-21.0,11.0,-23.0,12.0,-24.0,10.0,-25.0,9.0,-24.0,8.0,-23.0,6.0,-20.0,5.0,-18.0,4.0,-14.0,3.0,-10.0,3.0,-5.0,4.0,0.0,5.0,4.0,6.0,8.0,7.0,11.0,8.0,14.0,9.0,15.0,9.0,16.0,10.0,16.0,10.0,15.0,9.0,14.0,8.0,12.0,7.0,10.0,6.0,8.0,0.0,0.0,0.0,0.0,0.0,0.0,0.0,0.0,0.0,0.0
0.4383,122.0,-96.0,7.0,0.0,5.0,-1.0,6.0,5.0,7.0,9.0,9.0,14.0,11.0,18.0,13.0,20.0,15.0,22.0,16.0,22.0,17.0,21.0,17.0,20.0,17.0,18.0,15.0,16.0,12.0,13.0,9.0,10.0,6.0,7.0,1.0,5.0,-3.0,3.0,-7.0,1.0,-11.0,-1.0,-14.0,-1.0,-17.0,-2.0,-18.0,-2.0,-19.0,-2.0,-18.0,-2.0,-18.0,-1.0,0.0,0.0,0.0,0.0,0.0,0.0,0.0,0.0,0.0,0.0
0.4579,122.0,-96.0,7.0,0.0,-29.0,-13.0,-29.0,-11.0,-27.0,-9.0,-25.0,-8.0,-21.0,-7.0,-17.0,-5.0,-11.0,-5.0,-6.0,-5.0,-1.0,-5.0,3.0,-7.0,8.0,-10.0,11.0,-12.0,14.0,-14.0,16.0,-15.0,17.0,-17.0,17.0,-18.0,17.0,-18.0,15.0,-17.0,13.0,-16.0,11.0,-14.0,9.0,-11.0,6.0,-8.0,4.0,-5.0,2.0,-2.0,1.0,1.0,0.0,0.0,0.0,0.0,0.0,0.0,0.0,0.0,0.0,0.0
0.4715,122.0,-96.0,7.0,0.0,-23.0,26.0,-21.0,26.0,-18.0,25.0,-16.0,22.0,-13.0,19.0,-10.0,15.0,-8.0,10.0,-7.0,5.0,-6.0,-1.0,-6.0,-7.0,-7.0,-13.0,-8.0,-17.0,-10.0,-20.0,-12.0,-23.0,-13.0,-24.0,-14.0,-25.0,-14.0,-24.0,-14.0,-22.0,-13.0,-20.0,-11.0,-17.0,-9.0,-14.0,-7.0,-10.0,-4.0,-7.0,-1.0,-5.0,2.0,-2.0,0.0,0.0,0.0,0.0,0.0,0.0,0.0,0.0,0.0,0.0
0.4823,122.0,-96.0,7.0,0.0,-4.0,30.0,-3.0,30.0,-1.0,28.0,-1.0,25.0,0.0,21.0,0.0,16.0,-1.0,11.0,-3.0,6.0,-5.0,1.0,-8.0,-3.0,-11.0,-6.0,-14.0,-9.0,-17.0,-10.0,-20.0,-12.0,-22.0,-12.0,-23.0,-12.0,-23.0,-11.0,-22.0,-10.0,-19.0,-9.0,-17.0,-8.0,-13.0,-6.0,-10.0,-5.0,-6.0,-4.0,-2.0,-3.0,1.0,-3.0,0.0,0.0,0.0,0.0,0.0,0.0,0.0,0.0,0.0,0.0
0.4931,122.0,-96.0,7.0,0.0,-23.0,8.0,-23.0,8.0,-21.0,8.0,-21.0,8.0,-21.0,9.0,-20.0,9.0,-19.0,9.0,-20.0,10.0,-19.0,10.0,-19.0,10.0,-19.0,10.0,-19.0,11.0,-18.0,11.0,-18.0,10.0,-18.0,10.0,-18.0,10.0,-17.0,10.0,-17.0,9.0,-16.0,8.0,-16.0,8.0,-16.0,7.0,-16.0,7.0,-15.0,7.0,-15.0,6.0,-15.0,6.0,0.0,0.0,0.0,0.0,0.0,0.0,0.0,0.0,0.0,0.0
0.5064,122.0,-96.0,7.0,0.0,0.0,5.0,-6.0,6.0,-11.0,7.0,-15.0,8.0,-19.0,10.0,-22.0,12.0,-23.0,13.0,-24.0,15.0,-23.0,16.0,-22.0,16.0,-20.0,16.0,-18.0,14.0,-15.0,12.0,-12.0,8.0,-9.0,5.0,-6.0,1.0,-4.0,-4.0,-2.0,-8.0,0.0,-11.0,1.0,-14.0,2.0,-16.0,2.0,-17.0,2.0,-18.0,1.0,-19.0,1.0,-18.0,0.0,0.0,0.0,0.0,0.0,0.0,0.0,0.0,0.0,0.0
0.52,122.0,-96.0,7.0,0.0,3.0,3.0,-1.0,7.0,-5.0,10.0,-7.0,14.0,-8.0,17.0,-10.0,20.0,-10.0,22.0,-10.0,23.0,-8.0,23.0,-7.0,23.0,-6.0,22.0,-5.0,19.0,-5.0,16.0,-4.0,12.0,-4.0,8.0,-4.0,4.0,-4.0,-1.0,-5.0,-5.0,-6.0,-9.0,-7.0,-11.0,-8.0,-13.0,-8.0,-14.0,-9.0,-14.0,-9.0,-14.0,-9.0,-14.0,0.0,0.0,0.0,0.0,0.0,0.0,0.0,0.0,0.0,0.0
0.5342,122.0,-96.0,7.0,0.0,3.0,-5.0,7.0,-2.0,12.0,0.0,17.0,2.0,21.0,3.0,24.0,3.0,27.0,2.0,28.0,1.0,27.0,-1.0,27.0,-1.0,25.0,-2.0,22.0,-2.0,18.0,-2.0,14.0,-1.0,10.0,0.0,5.0,2.0,1.0,4.0,-4.0,6.0,-7.0,8.0,-9.0,10.0,-12.0,11.0,-12.0,12.0,-13.0,13.0,-12.0,14.0,-12.0,13.0,0.0,0.0,0.0,0.0,0.0,0.0,0.0,0.0,0.0,0.0
0.5481,122.0,-96.0,7.0,0.0,9.0,30.0,9.0,28.0,10.0,26.0,9.0,23.0,8.0,19.0,6.0,15.0,4.0,11.0,0.0,7.0,-4.0,3.0,-8.0,0.0,-13.0,-2.0,-16.0,-3.0,-20.0,-4.0,-23.0,-4.0,-25.0,-4.0,-25.0,-4.0,-25.0,-3.0,-24.0,-2.0,-21.0,-2.0,-18.0,-2.0,-15.0,-1.0,-11.0,-1.0,-7.0,-2.0,-3.0,-2.0,0.0,-3.0,0.0,0.0,0.0,0.0,0.0,0.0,0.0,0.0,0.0,0.0
0.5634,122.0,-96.0,7.0,0.0,-30.0,-11.0,-30.0,-9.0,-27.0,-8.0,-25.0,-6.0,-21.0,-5.0,-17.0,-4.0,-12.0,-4.0,-6.0,-4.0,-1.0,-5.0,3.0,-7.0,7.0,-10.0,11.0,-13.0,13.0,-15.0,16.0,-17.0,16.0,-18.0,16.0,-20.0,15.0,-19.0,14.0,-19.0,12.0,-17.0,10.0,-14.0,8.0,-12.0,6.0,-9.0,4.0,-5.0,3.0,-2.0,1.0,1.0,0.0,0.0,0.0,0.0,0.0,0.0,0.0,0.0,0.0,0.0
0.5792,122.0,-96.0,7.0,0.0,-17.0,-15.0,-14.0,-13.0,-9.0,-10.0,-4.0,-8.0,1.0,-6.0,7.0,-5.0,12.0,-5.0,16.0,-5.0,19.0,-6.0,22.0,-7.0,24.0,-9.0,25.0,-10.0,24.0,-11.0,23.0,-11.0,21.0,-11.0,18.0,-10.0,15.0,-8.0,11.0,-5.0,7.0,-3.0,4.0,0.0,1.0,3.0,-1.0,5.0,-3.0,8.0,-4.0,11.0,-5.0,13.0,0.0,0.0,0.0,0.0,0.0,0.0,0.0,0.0,0.0,0.0
0.5934,122.0,-96.0,7.0,0.0,0.0,22.0,1.0,26.0,2.0,28.0,3.0,29.0,4.0,29.0,5.0,28.0,6.0,25.0,5.0,22.0,4.0,18.0,3.0,14.0,1.0,10.0,-2.0,6.0,-5.0,2.0,-8.0,-1.0,-11.0,-4.0,-15.0,-7.0,-17.0,-9.0,-19.0,-10.0,-20.0,-11.0,-21.0,-10.0,-20.0,-9.0,-18.0,-8.0,-17.0,-7.0,-14.0,-6.0,-11.0,-5.0,0.0,0.0,0.0,0.0,0.0,0.0,0.0,0.0,0.0,0.0
0.6074,122.0,-96.0,7.0,0.0,-6.0,0.0,-8.0,-6.0,-8.0,-11.0,-10.0,-16.0,-12.0,-19.0,-14.0,-22.0,-16.0,-23.0,-17.0,-23.0,-18.0,-23.0,-18.0,-21.0,-18.0,-20.0,-16.0,-17.0,-14.0,-15.0,-10.0,-12.0,-7.0,-9.0,-2.0,-7.0,2.0,-4.0,6.0,-2.0,9.0,-1.0,12.0,0.0,15.0,1.0,17.0,1.0,18.0,1.0,17.0,1.0,17.0,1.0,0.0,0.0,0.0,0.0,0.0,0.0,0.0,0.0,0.0,0.0
0.6218,122.0,-96.0,7.0,0.0,-17.0,22.0,-14.0,18.0,-10.0,11.0,-9.0,5.0,-8.0,-1.0,-7.0,-8.0,-7.0,-14.0,-9.0,-20.0,-10.0,-25.0,-12.0,-27.0,-14.0,-30.0,-16.0,-31.0,-16.0,-30.0,-17.0,-28.0,-17.0,-25.0,-14.0,-23.0,-12.0,-18.0,-9.0,-15.0,-5.0,-10.0,-1.0,-7.0,3.0,-4.0,7.0,-1.0,10.0,1.0,13.0,3.0,15.0,4.0,0.0,0.0,0.0,0.0,0.0,0.0,0.0,0.0,0.0,0.0
0.6375,122.0,-96.0,7.0,0.0,-5.0,21.0,-5.0,24.0,-4.0,26.0,-4.0,27.0,-3.0,26.0,-2.0,25.0,-1.0,23.0,-1.0,20.0,-1.0,16.0,-1.0,12.0,-2.0,8.0,-3.0,3.0,-5.0,-2.0,-7.0,-6.0,-9.0,-10.0,-10.0,-13.0,-12.0,-16.0,-13.0,-17.0,-13.0,-18.0,-13.0,-18.0,-13.0,-17.0,-12.0,-15.0,-11.0,-14.0,-9.0,-12.0,-7.0,-10.0,0.0,0.0,0.0,0.0,0.0,0.0,0.0,0.0,0.0,0.0
0.6517,122.0,-96.0,7.0,0.0,-4.0,2.0,-8.0,0.0,-13.0,-2.0,-17.0,-3.0,-20.0,-4.0,-24.0,-4.0,-25.0,-4.0,-27.0,-3.0,-26.0,-2.0,-26.0,-1.0,-24.0,-1.0,-21.0,-1.0,-17.0,-1.0,-13.0,-1.0,-9.0,-2.0,-4.0,-3.0,0.0,-5.0,5.0,-6.0,8.0,-8.0,11.0,-9.0,13.0,-10.0,15.0,-10.0,15.0,-11.0,15.0,-11.0,15.0,-11.0,0.0,0.0,0.0,0.0,0.0,0.0,0.0,0.0,0.0,0.0
0.6661,122.0,-96.0,7.0,0.0,4.0,2.0,4.0,8.0,3.0,14.0,4.0,20.0,5.0,24.0,6.0,27.0,8.0,30.0,8.0,30.0,9.0,30.0,10.0,28.0,10.0,26.0,9.0,23.0,7.0,19.0,5.0,14.0,2.0,10.0,-2.0,5.0,-5.0,0.0,-9.0,-4.0,-12.0,-7.0,-15.0,-10.0,-17.0,-12.0,-19.0,-13.0,-20.0,-13.0,-19.0,-14.0,-19.0,-13.0,0.0,0.0,0.0,0.0,0.0,0.0,0.0,0.0,0.0,0.0
0.6797,122.0,-96.0,7.0,0.0,-21.0,-12.0,-24.0,-14.0,-26.0,-14.0,-28.0,-14.0,-28.0,-13.0,-27.0,-12.0,-25.0,-11.0,-22.0,-8.0,-19.0,-7.0,-14.0,-6.0,-10.0,-5.0,-4.0,-5.0,1.0,-5.0,7.0,-5.0,12.0,-5.0,16.0,-6.0,19.0,-6.0,21.0,-7.0,22.0,-7.0,22.0,-8.0,21.0,-7.0,20.0,-7.0,18.0,-6.0,15.0,-5.0,12.0,-4.0,0.0,0.0,0.0,0.0,0.0,0.0,0.0,0.0,0.0,0.0
0.6941,122.0,-96.0,7.0,0.0,0.0,-22.0,1.0,-17.0,1.0,-12.0,2.0,-6.0,4.0,0.0,6.0,5.0,9.0,9.0,11.0,13.0,14.0,16.0,16.0,18.0,18.0,19.0,19.0,19.0,19.0,18.0,21.0,17.0,18.0,15.0,16.0,14.0,13.0,11.0,9.0,8.0,5.0,6.0,0.0,3.0,-4.0,1.0,-8.0,0.0,-11.0,-2.0,-14.0,-3.0,-16.0,-4.0,0.0,0.0,0.0,0.0,0.0,0.0,0.0,0.0,0.0,0.0
0.709,122.0,-96.0,7.0,0.0,-26.0,4.0,-30.0,5.0,-32.0,6.0,-33.0,7.0,-33.0,8.0,-31.0,8.0,-28.0,9.0,-25.0,9.0,-21.0,7.0,-16.0,5.0,-11.0,1.0,-6.0,-1.0,-2.0,-6.0,3.0,-9.0,6.0,-13.0,9.0,-17.0,12.0,-19.0,14.0,-21.0,15.0,-22.0,14.0,-23.0,14.0,-21.0,12.0,-20.0,11.0,-18.0,9.0,-16.0,7.0,-13.0,0.0,0.0,0.0,0.0,0.0,0.0,0.0,0.0,0.0,0.0
0.7222,122.0,-96.0,7.0,0.0,5.0,-39.0,4.0,-38.0,2.0,-36.0,2.0,-32.0,1.0,-26.0,1.0,-20.0,2.0,-14.0,3.0,-7.0,5.0,0.0,7.0,6.0,10.0,12.0,13.0,17.0,15.0,20.0,19.0,23.0,21.0,25.0,21.0,25.0,21.0,24.0,20.0,23.0,18.0,20.0,15.0,17.0,12.0,13.0,8.0,10.0,4.0,6.0,-1.0,3.0,-5.0,0.0,0.0,0.0,0.0,0.0,0.0,0.0,0.0,0.0,0.0,0.0
0.7365,122.0,-96.0,7.0,0.0,-1.0,-5.0,3.0,-8.0,7.0,-11.0,10.0,-14.0,12.0,-17.0,13.0,-20.0,14.0,-22.0,14.0,-23.0,13.0,-23.0,12.0,-23.0,11.0,-20.0,9.0,-18.0,7.0,-15.0,6.0,-11.0,4.0,-6.0,3.0,-2.0,2.0,3.0,1.0,7.0,0.0,11.0,-1.0,14.0,-1.0,16.0,-1.0,17.0,-1.0,18.0,-1.0,18.0,-1.0,18.0,0.0,0.0,0.0,0.0,0.0,0.0,0.0,0.0,0.0,0.0
0.75,122.0,-96.0,7.0,0.0,12.0,-18.0,14.0,-21.0,14.0,-23.0,14.0,-24.0,13.0,-23.0,12.0,-23.0,10.0,-21.0,9.0,-19.0,7.0,-16.0,5.0,-12.0,4.0,-7.0,3.0,-2.0,2.0,2.0,2.0,7.0,2.0,12.0,2.0,15.0,2.0,18.0,1.0,20.0,2.0,21.0,2.0,21.0,2.0,20.0,2.0,18.0,2.0,16.0,1.0,14.0,0.0,11.0,0.0,0.0,0.0,0.0,0.0,0.0,0.0,0.0,0.0,0.0
0.7651,122.0,-96.0,7.0,0.0,-32.0,3.0,-30.0,4.0,-27.0,4.0,-24.0,4.0,-20.0,4.0,-15.0,2.0,-10.0,0.0,-5.0,-2.0,0.0,-5.0,4.0,-8.0,8.0,-12.0,11.0,-15.0,13.0,-18.0,15.0,-20.0,15.0,-21.0,16.0,-22.0,15.0,-22.0,14.0,-20.0,12.0,-18.0,10.0,-16.0,8.0,-13.0,6.0,-9.0,4.0,-5.0,2.0,-1.0,1.0,2.0,0.0,0.0,0.0,0.0,0.0,0.0,0.0,0.0,0.0,0.0
0.7786,122.0,-96.0,7.0,0.0,0.0,5.0,-5.0,9.0,-10.0,13.0,-13.0,17.0,-16.0,20.0,-18.0,23.0,-18.0,25.0,-19.0,26.0,-18.0,26.0,-17.0,26.0,-15.0,24.0,-13.0,21.0,-11.0,17.0,-9.0,12.0,-7.0,7.0,-5.0,1.0,-3.0,-4.0,-1.0,-10.0,0.0,-14.0,1.0,-18.0,1.0,-21.0,1.0,-23.0,1.0,-23.0,2.0,-24.0,2.0,-23.0,0.0,0.0,0.0,0.0,0.0,0.0,0.0,0.0,0.0,0.0
0.7925,122.0,-96.0,7.0,0.0,20.0,3.0,15.0,2.0,9.0,3.0,4.0,3.0,-2.0,4.0,-8.0,5.0,-12.0,7.0,-17.0,9.0,-20.0,11.0,-22.0,13.0,-24.0,15.0,-24.0,15.0,-24.0,16.0,-22.0,15.0,-20.0,14.0,-18.0,13.0,-14.0,9.0,-11.0,6.0,-7.0,2.0,-4.0,-1.0,-1.0,-4.0,2.0,-7.0,4.0,-10.0,6.0,-13.0,7.0,-15.0,0.0,0.0,0.0,0.0,0.0,0.0,0.0,0.0,0.0,0.0
0.8065,122.0,-96.0,7.0,0.0,-10.0,-38.0,-10.0,-37.0,-10.0,-34.0,-10.0,-30.0,-8.0,-24.0,-6.0,-18.0,-3.0,-12.0,1.0,-7.0,6.0,-1.0,10.0,4.0,15.0,7.0,19.0,10.0,23.0,12.0,27.0,14.0,29.0,15.0,29.0,15.0,30.0,15.0,27.0,13.0,25.0,12.0,21.0,10.0,16.0,8.0,11.0,6.0,6.0,4.0,1.0,3.0,-4.0,2.0,0.0,0.0,0.0,0.0,0.0,0.0,0.0,0.0,0.0,0.0
0.82,122.0,-96.0,7.0,0.0,17.0,14.0,13.0,11.0,7.0,8.0,2.0,5.0,-4.0,3.0,-10.0,1.0,-16.0,0.0,-21.0,0.0,-25.0,0.0,-28.0,1.0,-31.0,1.0,-32.0,2.0,-32.0,3.0,-30.0,3.0,-28.0,2.0,-24.0,3.0,-19.0,1.0,-14.0,0.0,-9.0,-1.0,-4.0,-3.0,1.0,-4.0,5.0,-6.0,9.0,-7.0,12.0,-9.0,14.0,-11.0,0.0,0.0,0.0,0.0,0.0,0.0,0.0,0.0,0.0,0.0
0.8343,122.0,-96.0,7.0,0.0,-24.0,9.0,-28.0,12.0,-29.0,13.0,-31.0,14.0,-30.0,15.0,-29.0,15.0,-26.0,14.0,-23.0,14.0,-19.0,12.0,-15.0,9.0,-11.0,5.0,-7.0,0.0,-3.0,-5.0,0.0,-9.0,4.0,-14.0,7.0,-17.0,9.0,-21.0,10.0,-23.0,11.0,-25.0,11.0,-25.0,11.0,-24.0,9.0,-22.0,8.0,-20.0,7.0,-18.0,6.0,-14.0,0.0,0.0,0.0,0.0,0.0,0.0,0.0,0.0,0.0,0.0
0.8482,122.0,-96.0,7.0,0.0,15.0,-17.0,12.0,-13.0,8.0,-9.0,6.0,-4.0,4.0,2.0,2.0,7.0,1.0,12.0,0.0,17.0,0.0,21.0,0.0,24.0,1.0,27.0,1.0,28.0,2.0,29.0,3.0,26.0,3.0,25.0,3.0,22.0,3.0,17.0,2.0,13.0,0.0,9.0,-3.0,3.0,-4.0,0.0,-6.0,-5.0,-8.0,-8.0,-9.0,-11.0,-10.0,-13.0,0.0,0.0,0.0,0.0,0.0,0.0,0.0,0.0,0.0,0.0
0.8616,122.0,-96.0,7.0,0.0,15.0,15.0,17.0,17.0,19.0,18.0,20.0,18.0,21.0,17.0,20.0,16.0,19.0,14.0,16.0,12.0,13.0,9.0,10.0,7.0,6.0,6.0,1.0,4.0,-4.0,3.0,-8.0,1.0,-13.0,0.0,-16.0,0.0,-19.0,0.0,-21.0,0.0,-22.0,-1.0,-22.0,0.0,-21.0,-1.0,-20.0,-1.0,-18.0,-1.0,-15.0,0.0,-12.0,0.0,0.0,0.0,0.0,0.0,0.0,0.0,0.0,0.0,0.0,0.0
0.8655,115.0,48.0,7.0,0.0,-9.0,7.0,-11.0,8.0,-6.0,-1.0,-11.0,0.0,-6.0,6.0,-2.0,1.0,-6.0,10.0,-4.0,14.0,5.0,12.0,4.0,17.0,-2.0,14.0,-6.0,8.0,-14.0,12.0,-1.0,6.0,2.0,13.0,-4.0,7.0,-3.0,8.0,-3.0,8.0,5.0,7.0,5.0,5.0,-2.0,9.0,3.0,8.0,1.0,9.0,3.0,6.0,4.0,13.0,0.0,0.0,0.0,0.0,0.0,0.0,0.0,0.0,0.0,0.0
0.8826,122.0,-96.0,7.0,0.0,8.0,-31.0,7.0,-30.0,5.0,-28.0,4.0,-25.0,3.0,-20.0,2.0,-16.0,2.0,-10.0,3.0,-5.0,5.0,0.0,6.0,6.0,8.0,10.0,10.0,14.0,12.0,17.0,14.0,20.0,15.0,21.0,15.0,21.0,16.0,21.0,15.0,19.0,13.0,17.0,11.0,15.0,9.0,12.0,6.0,9.0,3.0,5.0,-1.0,3.0,-4.0,0.0,0.0,0.0,0.0,0.0,0.0,0.0,0.0,0.0,0.0,0.0
0.8943,122.0,-96.0,7.0,0.0,4.0,1.0,5.0,6.0,6.0,10.0,8.0,15.0,9.0,18.0,11.0,21.0,13.0,22.0,13.0,22.0,14.0,21.0,14.0,20.0,13.0,18.0,12.0,16.0,9.0,13.0,6.0,10.0,3.0,7.0,-1.0,4.0,-4.0,1.0,-8.0,-2.0,-10.0,-4.0,-13.0,-6.0,-16.0,-8.0,-17.0,-8.0,-18.0,-9.0,-17.0,-8.0,-17.0,-8.0,0.0,0.0,0.0,0.0,0.0,0.0,0.0,0.0,0.0,0.0
0.9083,122.0,-96.0,7.0,0.0,-21.0,-18.0,-17.0,-15.0,-11.0,-12.0,-5.0,-8.0,2.0,-5.0,8.0,-3.0,16.0,-2.0,21.0,-2.0,26.0,-3.0,30.0,-4.0,33.0,-5.0,34.0,-6.0,35.0,-8.0,33.0,-7.0,31.0,-7.0,25.0,-7.0,22.0,-4.0,16.0,-3.0,10.0,-1.0,5.0,2.0,-1.0,3.0,-5.0,6.0,-9.0,9.0,-12.0,12.0,-14.0,13.0,0.0,0.0,0.0,0.0,0.0,0.0,0.0,0.0,0.0,0.0
0.9228,122.0,-96.0,7.0,0.0,-6.0,2.0,-11.0,-1.0,-16.0,-4.0,-21.0,-7.0,-25.0,-8.0,-29.0,-8.0,-31.0,-8.0,-32.0,-7.0,-32.0,-6.0,-31.0,-5.0,-29.0,-5.0,-25.0,-4.0,-21.0,-4.0,-15.0,-3.0,-10.0,-4.0,-4.0,-4.0,1.0,-5.0,7.0,-6.0,11.0,-7.0,15.0,-8.0,18.0,-8.0,20.0,-9.0,20.0,-9.0,20.0,-10.0,20.0,-10.0,0.0,0.0,0.0,0.0,0.0,0.0,0.0,0.0,0.0,0.0
0.9362,122.0,-96.0,7.0,0.0,-39.0,8.0,-37.0,9.0,-33.0,9.0,-29.0,8.0,-24.0,8.0,-18.0,5.0,-12.0,2.0,-7.0,-2.0,-2.0,-6.0,3.0,-11.0,7.0,-17.0,10.0,-21.0,11.0,-25.0,12.0,-28.0,13.0,-30.0,13.0,-31.0,13.0,-30.0,10.0,-29.0,10.0,-26.0,8.0,-22.0,7.0,-18.0,5.0,-13.0,3.0,-7.0,3.0,-2.0,2.0,2.0,0.0,0.0,0.0,0.0,0.0,0.0,0.0,0.0,0.0,0.0
0.9504,122.0,-96.0,7.0,0.0,-24.0,0.0,-18.0,-1.0,-12.0,-2.0,-6.0,-4.0,0.0,-5.0,5.0,-8.0,10.0,-12.0,14.0,-15.0,17.0,-18.0,18.0,-20.0,20.0,-23.0,20.0,-24.0,18.0,-25.0,17.0,-24.0,15.0,-22.0,13.0,-20.0,11.0,-15.0,8.0,-11.0,6.0,-6.0,4.0,-1.0,2.0,3.0,0.0,7.0,-1.0,11.0,-2.0,14.0,-2.0,17.0,0.0,0.0,0.0,0.0,0.0,0.0,0.0,0.0,0.0,0.0
0.9647,122.0,-96.0,7.0,0.0,-30.0,-1.0,-23.0,-1.0,-15.0,-3.0,-7.0,-5.0,0.0,-7.0,7.0,-11.0,13.0,-15.0,18.0,-20.0,22.0,-24.0,24.0,-26.0,26.0,-30.0,26.0,-31.0,25.0,-33.0,23.0,-31.0,21.0,-28.0,18.0,-25.0,15.0,-20.0,11.0,-14.0,8.0,-7.0,5.0,-2.0,3.0,4.0,1.0,10.0,-1.0,14.0,-2.0,19.0,-3.0,23.0,0.0,0.0,0.0,0.0,0.0,0.0,0.0,0.0,0.0,0.0
0.9792,122.0,-96.0,7.0,0.0,19.0,10.0,14.0,8.0,8.0,7.0,2.0,5.0,-3.0,4.0,-9.0,4.0,-15.0,4.0,-20.0,5.0,-24.0,6.0,-26.0,7.0,-29.0,9.0,-29.0,10.0,-29.0,11.0,-28.0,10.0,-25.0,9.0,-22.0,9.0,-18.0,6.0,-13.0,3.0,-9.0,1.0,-5.0,-2.0,-1.0,-5.0,3.0,-7.0,5.0,-10.0,8.0,-13.0,10.0,-14.0,0.0,0.0,0.0,0.0,0.0,0.0,0.0,0.0,0.0,0.0
0.9952,122.0,-96.0,7.0,0.0,-13.0,-18.0,-10.0,-14.0,-6.0,-11.0,-2.0,-7.0,3.0,-4.0,7.0,-1.0,12.0,1.0,16.0,2.0,21.0,2.0,23.0,3.0,26.0,2.0,27.0,2.0,27.0,1.0,27.0,0.0,24.0,0.0,21.0,-1.0,17.0,0.0,13.0,0.0,8.0,1.0,3.0,2.0,-1.0,3.0,-5.0,4.0,-8.0,5.0,-11.0,7.0,-13.0,8.0,0.0,0.0,0.0,0.0,0.0,0.0,0.0,0.0,0.0,0.0
1.0077,122.0,-96.0,7.0,0.0,22.0,30.0,23.0,29.0,22.0,26.0,20.0,23.0,17.0,19.0,13.0,15.0,8.0,10.0,2.0,7.0,-4.0,4.0,-10.0,2.0,-16.0,1.0,-21.0,0.0,-27.0,0.0,-31.0,0.0,-33.0,0.0,-33.0,0.0,-34.0,1.0,-31.0,1.0,-28.0,1.0,-24.0,0.0,-19.0,0.0,-14.0,0.0,-9.0,-1.0,-4.0,-3.0,1.0,-4.0,0.0,0.0,0.0,0.0,0.0,0.0,0.0,0.0,0.0,0.0
1.0213,122.0,-96.0,7.0,0.0,4.0,3.0,0.0,10.0,-3.0,15.0,-5.0,22.0,-6.0,27.0,-6.0,31.0,-6.0,34.0,-6.0,35.0,-5.0,35.0,-4.0,34.0,-3.0,32.0,-2.0,28.0,-2.0,23.0,-2.0,18.0,-3.0,11.0,-4.0,5.0,-6.0,-2.0,-7.0,-7.0,-9.0,-12.0,-10.0,-16.0,-12.0,-20.0,-13.0,-22.0,-14.0,-23.0,-14.0,-23.0,-13.0,-22.0,0.0,0.0,0.0,0.0,0.0,0.0,0.0,0.0,0.0,0.0
1.0376,122.0,-96.0,7.0,0.0,0.0,0.0,0.0,0.0,0.0,0.0,0.0,0.0,-12.0,17.0,-14.0,19.0,-14.0,21.0,-15.0,22.0,-14.0,22.0,-14.0,21.0,-13.0,20.0,-11.0,17.0,-10.0,14.0,-7.0,10.0,-6.0,5.0,-4.0,1.0,-3.0,-4.0,-1.0,-10.0,0.0,-15.0,0.0,-19.0,0.0,-23.0,0.0,-26.0,-1.0,-28.0,-1.0,-29.0,-2.0,-29.0,-2.0,-28.0,-2.0,-25.0,-3.0,-22.0,-3.0,-18.0,-2.0,-14.0
1.0515,122.0,-96.0,7.0,0.0,0.0,0.0,0.0,0.0,0.0,0.0,0.0,0.0,-16.0,7.0,-19.0,8.0,-20.0,9.0,-22.0,9.0,-22.0,10.0,-22.0,10.0,-20.0,9.0,-18.0,9.0,-16.0,7.0,-12.0,5.0,-9.0,3.0,-5.0,0.0,-2.0,-3.0,2.0,-6.0,5.0,-10.0,7.0,-13.0,10.0,-16.0,11.0,-19.0,11.0,-21.0,12.0,-22.0,11.0,-23.0,11.0,-23.0,10.0,-21.0,8.0,-19.0,6.0,-16.0,5.0,-12.0
1.0646,122.0,-96.0,7.0,0.0,0.0,0.0,0.0,0.0,0.0,0.0,0.0,0.0,-15.0,7.0,-15.0,6.0,-15.0,6.0,-16.0,6.0,-16.0,5.0,-16.0,5.0,-16.0,5.0,-16.0,5.0,-16.0,4.0,-16.0,4.0,-16.0,4.0,-16.0,3.0,-16.0,3.0,-16.0,3.0,-17.0,3.0,-16.0,3.0,-16.0,2.0,-16.0,2.0,-16.0,3.0,-15.0,3.0,-15.0,3.0,-15.0,2.0,-15.0,3.0,-14.0,3.0,-14.0,3.0,-14.0,3.0
1.0783,122.0,-96.0,7.0,0.0,0.0,0.0,0.0,0.0,0.0,0.0,0.0,0.0,-18.0,14.0,-18.0,13.0,-17.0,12.0,-15.0,12.0,-13.0,10.0,-10.0,7.0,-8.0,4.0,-4.0,1.0,-2.0,-2.0,0.0,-7.0,2.0,-10.0,4.0,-14.0,6.0,-17.0,7.0,-21.0,8.0,-23.0,8.0,-24.0,8.0,-24.0,7.0,-24.0,6.0,-23.0,5.0,-20.0,4.0,-17.0,3.0,-13.0,3.0,-9.0,3.0,-5.0,3.0,0.0,3.0,4.0
1.0919,122.0,-96.0,7.0,0.0,0.0,0.0,0.0,0.0,0.0,0.0,0.0,0.0,17.0,5.0,17.0,5.0,17.0,6.0,17.0,6.0,17.0,7.0,16.0,7.0,16.0,7.0,16.0,8.0,16.0,8.0,16.0,8.0,16.0,8.0,16.0,9.0,15.0,9.0,15.0,9.0,15.0,9.0,15.0,9.0,15.0,9.0,14.0,9.0,14.0,9.0,14.0,9.0,14.0,9.0,14.0,8.0,14.0,8.0,14.0,8.0,13.0,8.0,13.0,7.0
1.106,122.0,-96.0,7.0,0.0,0.0,0.0,0.0,0.0,0.0,0.0,0.0,0.0,16.0,-9.0,13.0,-7.0,8.0,-4.0,4.0,-1.0,0.0,3.0,-4.0,7.0,-6.0,11.0,-10.0,16.0,-12.0,19.0,-13.0,22.0,-15.0,25.0,-15.0,26.0,-14.0,27.0,-14.0,27.0,-12.0,26.0,-10.0,23.0,-9.0,20.0,-7.0,15.0,-6.0,10.0,-5.0,4.0,-4.0,-2.0,-4.0,-7.0,-5.0,-13.0,-5.0,-19.0,-7.0,-23.0,-8.0,-26.0
1.1194,122.0,-96.0,7.0,0.0,0.0,0.0,0.0,0.0,0.0,0.0,0.0,0.0,-13.0,12.0,-15.0,13.0,-16.0,15.0,-17.0,16.0,-17.0,16.0,-17.0,16.0,-16.0,15.0,-14.0,14.0,-13.0,12.0,-10.0,9.0,-7.0,5.0,-5.0,2.0,-2.0,-3.0,0.0,-7.0,2.0,-11.0,3.0,-15.0,4.0,-18.0,5.0,-21.0,5.0,-23.0,5.0,-25.0,4.0,-25.0,4.0,-25.0,3.0,-23.0,2.0,-20.0,2.0,-17.0,1.0,-13.0
1.1327,122.0,-96.0,7.0,0.0,0.0,0.0,0.0,0.0,0.0,0.0,0.0,0.0,-17.0,8.0,-13.0,6.0,-9.0,3.0,-5.0,0.0,-1.0,-4.0,3.0,-8.0,6.0,-12.0,9.0,-16.0,12.0,-20.0,14.0,-23.0,16.0,-25.0,15.0,-27.0,15.0,-28.0,14.0,-27.0,12.0,-26.0,10.0,-23.0,8.0,-20.0,7.0,-15.0,5.0,-11.0,4.0,-5.0,3.0,1.0,3.0,7.0,2.0,13.0,2.0,18.0,3.0,22.0,5.0,25.0
1.147,122.0,-96.0,7.0,0.0,0.0,0.0,0.0,0.0,0.0,0.0,0.0,0.0,-19.0,-1.0,-18.0,-2.0,-19.0,-2.0,-19.0,-3.0,-19.0,-3.0,-19.0,-4.0,-18.0,-4.0,-18.0,-5.0,-18.0,-5.0,-19.0,-5.0,-19.0,-5.0,-18.0,-5.0,-18.0,-6.0,-18.0,-6.0,-18.0,-6.0,-18.0,-5.0,-18.0,-6.0,-18.0,-6.0,-17.0,-6.0,-17.0,-6.0,-16.0,-6.0,-16.0,-5.0,-16.0,-5.0,-16.0,-6.0,-16.0,-5.0,-16.0,-5.0
1.16,122.0,-96.0,7.0,0.0,0.0,0.0,0.0,0.0,0.0,0.0,0.0,0.0,-12.0,20.0,-9.0,15.0,-7.0,9.0,-5.0,3.0,-3.0,-4.0,-2.0,-10.0,-2.0,-17.0,-1.0,-23.0,0.0,-29.0,-1.0,-33.0,0.0,-37.0,-2.0,-39.0,-3.0,-39.0,-3.0,-38.0,-3.0,-36.0,-4.0,-32.0,-3.0,-27.0,-2.0,-21.0,-1.0,-15.0,1.0,-8.0,4.0,-1.0,7.0,5.0,11.0,12.0,14.0,18.0,18.0,21.0,21.0,24.0
1.1765,122.0,-96.0,7.0,0.0,0.0,0.0,0.0,0.0,0.0,0.0,0.0,0.0,-13.0,-18.0,-13.0,-19.0,-12.0,-19.0,-12.0,-19.0,-11.0,-20.0,-11.0,-20.0,-11.0,-20.0,-10.0,-21.0,-10.0,-20.0,-9.0,-21.0,-9.0,-21.0,-8.0,-21.0,-8.0,-21.0,-8.0,-21.0,-8.0,-21.0,-8.0,-21.0,-8.0,-20.0,-7.0,-21.0,-7.0,-20.0,-7.0,-20.0,-7.0,-20.0,-8.0,-19.0,-7.0,-19.0,-7.0,-19.0,-7.0,-19.0,-8.0,-18.0
1.1922,122.0,-96.0,7.0,0.0,0.0,0.0,0.0,0.0,0.0,0.0,0.0,0.0,16.0,-12.0,17.0,-12.0,17.0,-12.0,17.0,-11.0,17.0,-11.0,18.0,-11.0,18.0,-10.0,18.0,-10.0,19.0,-9.0,19.0,-9.0,19.0,-9.0,19.0,-9.0,19.0,-8.0,19.0,-8.0,19.0,-8.0,18.0,-8.0,18.0,-7.0,18.0,-7.0,18.0,-7.0,17.0,-7.0,18.0,-7.0,17.0,-7.0,17.0,-7.0,17.0,-7.0,16.0,-7.0,16.0,-8.0
1.2048,122.0,-96.0,7.0,0.0,0.0,0.0,0.0,0.0,0.0,0.0,0.0,0.0,-19.0,8.0,-15.0,6.0,-10.0,4.0,-5.0,0.0,-1.0,-4.0,4.0,-8.0,7.0,-13.0,11.0,-17.0,15.0,-21.0,17.0,-25.0,19.0,-26.0,19.0,-28.0,18.0,-29.0,18.0,-29.0,16.0,-27.0,13.0,-25.0,11.0,-21.0,9.0,-17.0,7.0,-11.0,5.0,-5.0,3.0,1.0,2.0,7.0,1.0,15.0,0.0,20.0,1.0,25.0,2.0,28.0
1.2185,122.0,-96.0,7.0,0.0,0.0,0.0,0.0,0.0,0.0,0.0,0.0,0.0,-14.0,16.0,-17.0,19.0,-19.0,20.0,-19.0,21.0,-19.0,22.0,-19.0,22.0,-18.0,21.0,-16.0,19.0,-14.0,16.0,-11.0,12.0,-8.0,7.0,-5.0,3.0,-3.0,-3.0,0.0,-8.0,2.0,-14.0,4.0,-18.0,5.0,-23.0,5.0,-27.0,5.0,-29.0,5.0,-32.0,4.0,-32.0,4.0,-31.0,3.0,-29.0,2.0,-26.0,1.0,-21.0,1.0,-16.0
1.2329,122.0,-96.0,7.0,0.0,0.0,0.0,0.0,0.0,0.0,0.0,0.0,0.0,-3.0,1.0,-8.0,-1.0,-12.0,-3.0,-16.0,-5.0,-20.0,-7.0,-23.0,-8.0,-25.0,-8.0,-27.0,-9.0,-27.0,-8.0,-27.0,-8.0,-25.0,-6.0,-22.0,-5.0,-19.0,-5.0,-15.0,-4.0,-10.0,-4.0,-5.0,-3.0,0.0,-3.0,6.0,-4.0,11.0,-4.0,15.0,-6.0,20.0,-7.0,22.0,-9.0,25.0,-10.0,25.0,-11.0,24.0,-12.0,24.0,-12.0
1.2481,122.0,-96.0,7.0,0.0,0.0,0.0,0.0,0.0,0.0,0.0,0.0,0.0,-10.0,12.0,-10.0,12.0,-11.0,12.0,-11.0,12.0,-11.0,12.0,-12.0,11.0,-11.0,11.0,-12.0,11.0,-12.0,11.0,-13.0,11.0,-13.0,10.0,-12.0,10.0,-13.0,10.0,-13.0,10.0,-13.0,10.0,-13.0,10.0,-12.0,10.0,-13.0,9.0,-13.0,9.0,-12.0,9.0,-12.0,9.0,-12.0,9.0,-12.0,9.0,-12.0,9.0,-11.0,9.0,-11.0,9.0
1.2612,122.0,-96.0,7.0,0.0,0.0,0.0,0.0,0.0,0.0,0.0,0.0,0.0,16.0,3.0,16.0,4.0,16.0,4.0,16.0,5.0,16.0,5.0,16.0,5.0,16.0,6.0,15.0,6.0,15.0,6.0,15.0,7.0,15.0,6.0,15.0,7.0,15.0,7.0,15.0,7.0,15.0,7.0,14.0,7.0,14.0,7.0,14.0,7.0,14.0,7.0,14.0,7.0,13.0,7.0,13.0,7.0,13.0,6.0,13.0,6.0,13.0,6.0,13.0,6.0
1.2741,122.0,-96.0,7.0,0.0,0.0,0.0,0.0,0.0,0.0,0.0,0.0,0.0,16.0,-5.0,12.0,-3.0,8.0,-2.0,3.0,0.0,-1.0,3.0,-6.0,5.0,-9.0,8.0,-13.0,11.0,-16.0,13.0,-18.0,16.0,-20.0,17.0,-21.0,19.0,-20.0,20.0,-20.0,20.0,-18.0,19.0,-15.0,17.0,-13.0,14.0,-11.0,11.0,-8.0,7.0,-5.0,2.0,-3.0,-3.0,-1.0,-8.0,1.0,-13.0,2.0,-17.0,2.0,-21.0,2.0,-24.0
1.2889,122.0,-96.0,7.0,0.0,0.0,0.0,0.0,0.0,0.0,0.0,0.0,0.0,-6.0,2.0,-15.0,-2.0,-23.0,-5.0,-30.0,-8.0,-37.0,-10.0,-44.0,-11.0,-48.0,-11.0,-51.0,-11.0,-51.0,-9.0,-50.0,-9.0,-47.0,-8.0,-42.0,-7.0,-36.0,-5.0,-29.0,-5.0,-18.0,-4.0,-9.0,-4.0,0.0,-6.0,10.0,-8.0,19.0,-11.0,27.0,-14.0,34.0,-18.0,39.0,-21.0,43.0,-23.0,45.0,-26.0,43.0,-27.0,42.0,-28.0
1.3034,122.0,-96.0,7.0,0.0,0.0,0.0,0.0,0.0,0.0,0.0,0.0,0.0,-5.0,-5.0,-7.0,-10.0,-9.0,-15.0,-10.0,-19.0,-12.0,-22.0,-14.0,-26.0,-15.0,-26.0,-16.0,-28.0,-16.0,-27.0,-16.0,-25.0,-15.0,-23.0,-14.0,-20.0,-11.0,-17.0,-8.0,-12.0,-4.0,-9.0,0.0,-4.0,5.0,0.0,9.0,3.0,14.0,7.0,18.0,9.0,22.0,11.0,25.0,12.0,27.0,13.0,29.0,11.0,28.0,10.0,28.0,9.0
1.3189,122.0,-96.0,7.0,0.0,0.0,0.0,0.0,0.0,0.0,0.0,0.0,0.0,-13.0,18.0,-15.0,19.0,-16.0,21.0,-16.0,21.0,-16.0,22.0,-16.0,21.0,-15.0,19.0,-12.0,16.0,-11.0,13.0,-8.0,9.0,-6.0,5.0,-3.0,0.0,-2.0,-5.0,1.0,-10.0,2.0,-15.0,3.0,-19.0,4.0,-23.0,4.0,-26.0,4.0,-28.0,4.0,-29.0,3.0,-29.0,3.0,-28.0,2.0,-26.0,1.0,-22.0,0.0,-18.0,1.0,-14.0
1.335,122.0,-96.0,7.0,0.0,0.0,0.0,0.0,0.0,0.0,0.0,0.0,0.0,-16.0,-15.0,-15.0,-16.0,-16.0,-16.0,-16.0,-17.0,-15.0,-17.0,-14.0,-17.0,-14.0,-17.0,-14.0,-18.0,-13.0,-18.0,-13.0,-19.0,-13.0,-18.0,-12.0,-18.0,-12.0,-18.0,-11.0,-19.0,-11.0,-19.0,-11.0,-19.0,-11.0,-18.0,-11.0,-18.0,-11.0,-18.0,-10.0,-17.0,-11.0,-17.0,-11.0,-17.0,-10.0,-18.0,-11.0,-17.0,-11.0,-17.0,-11.0,-16.0
1.3467,122.0,-96.0,7.0,0.0,0.0,0.0,0.0,0.0,0.0,0.0,0.0,0.0,6.0,-2.0,11.0,-2.0,16.0,-1.0,21.0,-1.0,24.0,-1.0,29.0,-1.0,30.0,-1.0,32.0,-1.0,31.0,-2.0,29.0,-2.0,27.0,-3.0,23.0,-3.0,19.0,-2.0,14.0,-1.0,9.0,0.0,3.0,1.0,-3.0,4.0,-8.0,6.0,-14.0,9.0,-18.0,11.0,-22.0,14.0,-23.0,17.0,-25.0,18.0,-25.0,20.0,-24.0,20.0,-23.0,20.0
1.3619,122.0,-96.0,7.0,0.0,0.0,0.0,0.0,0.0,0.0,0.0,0.0,0.0,-13.0,10.0,-14.0,10.0,-14.0,10.0,-14.0,10.0,-14.0,9.0,-15.0,9.0,-15.0,9.0,-15.0,9.0,-15.0,9.0,-15.0,8.0,-16.0,8.0,-16.0,8.0,-16.0,7.0,-15.0,7.0,-16.0,7.0,-15.0,7.0,-15.0,7.0,-15.0,7.0,-15.0,7.0,-14.0,7.0,-15.0,7.0,-14.0,7.0,-14.0,7.0,-14.0,7.0,-14.0,7.0,-13.0,7.0
1.3759,122.0,-96.0,7.0,0.0,0.0,0.0,0.0,0.0,0.0,0.0,0.0,0.0,15.0,-5.0,15.0,-5.0,15.0,-5.0,16.0,-4.0,16.0,-4.0,16.0,-3.0,15.0,-3.0,16.0,-2.0,16.0,-2.0,16.0,-2.0,16.0,-2.0,16.0,-2.0,16.0,-2.0,16.0,-1.0,16.0,-1.0,15.0,-1.0,15.0,0.0,15.0,-1.0,15.0,0.0,15.0,0.0,15.0,0.0,15.0,-1.0,14.0,-1.0,14.0,-1.0,14.0,-1.0,14.0,-1.0
1.3892,122.0,-96.0,7.0,0.0,0.0,0.0,0.0,0.0,0.0,0.0,0.0,0.0,-14.0,11.0,-10.0,8.0,-7.0,5.0,-4.0,1.0,-1.0,-3.0,2.0,-8.0,3.0,-12.0,6.0,-17.0,8.0,-20.0,9.0,-24.0,10.0,-26.0,10.0,-28.0,9.0,-28.0,9.0,-28.0,8.0,-26.0,6.0,-23.0,5.0,-20.0,4.0,-15.0,3.0,-10.0,3.0,-5.0,3.0,1.0,3.0,6.0,3.0,12.0,4.0,17.0,5.0,20.0,6.0,23.0
1.4029,122.0,-96.0,7.0,0.0,0.0,0.0,0.0,0.0,0.0,0.0,0.0,0.0,-6.0,-23.0,-6.0,-23.0,-5.0,-22.0,-5.0,-19.0,-4.0,-17.0,-3.0,-13.0,-1.0,-9.0,0.0,-4.0,2.0,0.0,4.0,4.0,7.0,8.0,9.0,11.0,11.0,14.0,13.0,18.0,14.0,19.0,16.0,20.0,16.0,20.0,16.0,19.0,15.0,17.0,14.0,15.0,12.0,12.0,9.0,9.0,6.0,7.0,1.0,4.0,-3.0,1.0,-6.0,-1.0
1.417,122.0,-96.0,7.0,0.0,0.0,0.0,0.0,0.0,0.0,0.0,0.0,0.0,-17.0,-11.0,-19.0,-13.0,-20.0,-14.0,-21.0,-14.0,-21.0,-14.0,-20.0,-13.0,-19.0,-12.0,-16.0,-10.0,-13.0,-10.0,-9.0,-7.0,-5.0,-5.0,-1.0,-3.0,4.0,-1.0,8.0,0.0,13.0,1.0,17.0,3.0,20.0,3.0,23.0,3.0,25.0,3.0,26.0,3.0,25.0,1.0,25.0,1.0,22.0,0.0,19.0,0.0,16.0,0.0,12.0,0.0
1.4301,122.0,-96.0,7.0,0.0,0.0,0.0,0.0,0.0,0.0,0.0,0.0,0.0,9.0,17.0,8.0,17.0,8.0,18.0,8.0,18.0,7.0,19.0,7.0,19.0,6.0,19.0,6.0,19.0,6.0,19.0,5.0,20.0,5.0,19.0,4.0,19.0,4.0,19.0,4.0,19.0,4.0,19.0,4.0,19.0,3.0,19.0,3.0,19.0,3.0,18.0,3.0,18.0,3.0,18.0,4.0,17.0,3.0,18.0,4.0,17.0,4.0,18.0,4.0,17.0
1.4428,122.0,-96.0,7.0,0.0,0.0,0.0,0.0,0.0,0.0,0.0,0.0,0.0,2.0,2.0,2.0,7.0,1.0,12.0,0.0,17.0,1.0,21.0,1.0,24.0,1.0,26.0,1.0,29.0,2.0,28.0,2.0,28.0,3.0,26.0,3.0,23.0,2.0,20.0,1.0,15.0,0.0,10.0,-1.0,5.0,-3.0,-1.0,-6.0,-5.0,-8.0,-11.0,-10.0,-15.0,-14.0,-19.0,-15.0,-20.0,-18.0,-23.0,-19.0,-22.0,-20.0,-22.0,-20.0,-21.0
1.4559,122.0,-96.0,7.0,0.0,0.0,0.0,0.0,0.0,0.0,0.0,0.0,0.0,-21.0,6.0,-17.0,4.0,-11.0,1.0,-5.0,-1.0,0.0,-4.0,6.0,-8.0,11.0,-12.0,16.0,-15.0,20.0,-18.0,23.0,-21.0,26.0,-23.0,26.0,-25.0,26.0,-25.0,25.0,-25.0,23.0,-24.0,19.0,-22.0,16.0,-19.0,12.0,-14.0,9.0,-10.0,5.0,-4.0,3.0,2.0,-1.0,8.0,-3.0,15.0,-6.0,21.0,-6.0,26.0,-6.0,29.0
1.4685,122.0,-96.0,7.0,0.0,0.0,0.0,0.0,0.0,0.0,0.0,0.0,0.0,-12.0,-19.0,-9.0,-15.0,-5.0,-10.0,-2.0,-6.0,3.0,0.0,9.0,4.0,13.0,7.0,18.0,11.0,22.0,14.0,26.0,16.0,28.0,18.0,30.0,17.0,31.0,17.0,31.0,17.0,30.0,15.0,25.0,13.0,22.0,11.0,16.0,8.0,11.0,6.0,5.0,4.0,-3.0,3.0,-9.0,1.0,-16.0,1.0,-22.0,0.0,-27.0,2.0,-31.0,3.0
1.4828,122.0,-96.0,7.0,0.0,0.0,0.0,0.0,0.0,0.0,0.0,0.0,0.0,-15.0,6.0,-16.0,6.0,-16.0,6.0,-16.0,6.0,-16.0,5.0,-17.0,5.0,-16.0,4.0,-17.0,4.0,-17.0,4.0,-17.0,3.0,-17.0,3.0,-17.0,3.0,-17.0,3.0,-17.0,3.0,-17.0,2.0,-16.0,3.0,-16.0,3.0,-16.0,2.0,-16.0,2.0,-15.0,3.0,-16.0,3.0,-15.0,3.0,-15.0,3.0,-15.0,3.0,-15.0,3.0,-14.0,3.0
1.4977,122.0,-96.0,7.0,0.0,0.0,0.0,0.0,0.0,0.0,0.0,0.0,0.0,14.0,-3.0,10.0,-2.0,5.0,0.0,1.0,2.0,-4.0,4.0,-9.0,6.0,-13.0,9.0,-17.0,11.0,-20.0,13.0,-22.0,15.0,-24.0,16.0,-24.0,17.0,-24.0,18.0,-22.0,18.0,-20.0,16.0,-17.0,14.0,-14.0,12.0,-11.0,8.0,-7.0,4.0,-4.0,0.0,-1.0,-5.0,1.0,-9.0,4.0,-14.0,6.0,-19.0,6.0,-22.0,7.0,-26.0
1.5117,122.0,-96.0,7.0,0.0,0.0,0.0,0.0,0.0,0.0,0.0,0.0,0.0,-6.0,21.0,-7.0,24.0,-8.0,26.0,-8.0,27.0,-7.0,26.0,-7.0,26.0,-7.0,24.0,-5.0,20.0,-5.0,17.0,-4.0,11.0,-4.0,7.0,-3.0,1.0,-3.0,-4.0,-3.0,-10.0,-3.0,-16.0,-4.0,-20.0,-5.0,-24.0,-6.0,-27.0,-7.0,-29.0,-7.0,-30.0,-8.0,-29.0,-8.0,-28.0,-8.0,-26.0,-7.0,-22.0,-6.0,-18.0,-4.0,-13.0
1.5271,122.0,-96.0,7.0,0.0,0.0,0.0,0.0,0.0,0.0,0.0,0.0,0.0,6.0,29.0,6.0,28.0,5.0,27.0,5.0,24.0,3.0,20.0,2.0,15.0,1.0,11.0,-1.0,4.0,-4.0,-1.0,-7.0,-6.0,-9.0,-11.0,-12.0,-16.0,-15.0,-20.0,-17.0,-24.0,-19.0,-26.0,-20.0,-28.0,-21.0,-27.0,-21.0,-27.0,-20.0,-24.0,-18.0,-21.0,-15.0,-17.0,-12.0,-14.0,-8.0,-10.0,-3.0,-6.0,2.0,-2.0,7.0,1.0
1.5422,122.0,-96.0,7.0,0.0,0.0,0.0,0.0,0.0,0.0,0.0,0.0,0.0,8.0,-14.0,8.0,-14.0,8.0,-14.0,9.0,-14.0,9.0,-14.0,10.0,-14.0,10.0,-14.0,10.0,-13.0,11.0,-13.0,11.0,-13.0,11.0,-13.0,11.0,-13.0,11.0,-12.0,11.0,-12.0,11.0,-12.0,11.0,-12.0,11.0,-11.0,11.0,-12.0,11.0,-11.0,10.0,-12.0,11.0,-11.0,10.0,-11.0,10.0,-11.0,10.0,-12.0,10.0,-11.0,9.0,-11.0
1.5549,122.0,-96.0,7.0,0.0,0.0,0.0,0.0,0.0,0.0,0.0,0.0,0.0,-20.0,6.0,-24.0,7.0,-26.0,8.0,-27.0,8.0,-28.0,8.0,-27.0,8.0,-26.0,8.0,-23.0,7.0,-20.0,5.0,-15.0,4.0,-10.0,2.0,-6.0,-1.0,-1.0,-3.0,5.0,-6.0,9.0,-9.0,13.0,-12.0,17.0,-15.0,19.0,-18.0,21.0,-20.0,22.0,-21.0,21.0,-22.0,21.0,-22.0,19.0,-20.0,16.0,-18.0,13.0,-15.0,10.0,-12.0
1.5687,122.0,-96.0,7.0,0.0,0.0,0.0,0.0,0.0,0.0,0.0,0.0,0.0,12.0,15.0,12.0,15.0,12.0,15.0,12.0,16.0,11.0,16.0,11.0,17.0,11.0,17.0,10.0,17.0,10.0,18.0,9.0,18.0,9.0,18.0,9.0,18.0,9.0,18.0,9.0,18.0,8.0,18.0,8.0,18.0,8.0,17.0,8.0,17.0,8.0,17.0,8.0,17.0,8.0,17.0,8.0,16.0,8.0,17.0,8.0,16.0,8.0,16.0,9.0,15.0
1.5829,122.0,-96.0,7.0,0.0,0.0,0.0,0.0,0.0,0.0,0.0,0.0,0.0,-12.0,-28.0,-12.0,-28.0,-11.0,-26.0,-10.0,-24.0,-8.0,-20.0,-6.0,-16.0,-4.0,-11.0,0.0,-5.0,3.0,-1.0,7.0,4.0,10.0,9.0,14.0,13.0,17.0,16.0,20.0,19.0,22.0,22.0,24.0,23.0,24.0,22.0,24.0,21.0,23.0,19.0,21.0,17.0,17.0,13.0,14.0,10.0,9.0,8.0,3.0,5.0,-3.0,2.0,-8.0,0.0
1.5961,122.0,-96.0,7.0,0.0,0.0,0.0,0.0,0.0,0.0,0.0,0.0,0.0,10.0,-25.0,12.0,-28.0,14.0,-30.0,14.0,-31.0,15.0,-33.0,14.0,-31.0,14.0,-30.0,12.0,-26.0,11.0,-23.0,8.0,-17.0,6.0,-11.0,4.0,-5.0,2.0,2.0,0.0,9.0,-1.0,16.0,-2.0,22.0,-2.0,27.0,-2.0,32.0,-1.0,35.0,-1.0,37.0,0.0,37.0,0.0,36.0,1.0,34.0,2.0,29.0,2.0,24.0,1.0,19.0
1.6105,122.0,-96.0,7.0,0.0,0.0,0.0,0.0,0.0,0.0,0.0,0.0,0.0,-22.0,1.0,-25.0,1.0,-27.0,1.0,-28.0,1.0,-29.0,1.0,-29.0,1.0,-27.0,0.0,-24.0,1.0,-21.0,-1.0,-16.0,0.0,-11.0,-1.0,-5.0,-2.0,0.0,-3.0,6.0,-4.0,11.0,-6.0,16.0,-7.0,21.0,-9.0,23.0,-11.0,26.0,-12.0,27.0,-13.0,26.0,-14.0,26.0,-14.0,24.0,-13.0,20.0,-12.0,17.0,-11.0,13.0,-8.0
1.626,122.0,-96.0,7.0,0.0,0.0,0.0,0.0,0.0,0.0,0.0,0.0,0.0,10.0,-14.0,11.0,-14.0,11.0,-14.0,11.0,-14.0,12.0,-13.0,12.0,-13.0,12.0,-12.0,13.0,-12.0,13.0,-12.0,13.0,-12.0,13.0,-12.0,13.0,-12.0,13.0,-11.0,13.0,-11.0,14.0,-11.0,13.0,-11.0,13.0,-10.0,13.0,-10.0,13.0,-10.0,13.0,-10.0,13.0,-10.0,12.0,-10.0,12.0,-10.0,12.0,-11.0,12.0,-10.0,11.0,-11.0
1.6395,122.0,-96.0,7.0,0.0,0.0,0.0,0.0,0.0,0.0,0.0,0.0,0.0,-9.0,-15.0,-8.0,-18.0,-14.0,-19.0,-11.0,-20.0,-16.0,-20.0,-13.0,-20.0,-14.0,-17.0,-16.0,-17.0,-10.0,-18.0,-7.0,-9.0,-5.0,-8.0,-1.0,-5.0,3.0,-4.0,5.0,-2.0,7.0,3.0,16.0,1.0,16.0,3.0,23.0,3.0,23.0,4.0,26.0,2.0,28.0,2.0,25.0,4.0,22.0,-2.0,19.0,0.0,17.0,-1.0,13.0,-1.0
1.6514,122.0,-96.0,7.0,0.0,0.0,0.0,0.0,0.0,0.0,0.0,0.0,0.0,-20.0,22.0,-19.0,21.0,-18.0,19.0,-16.0,17.0,-13.0,13.0,-10.0,9.0,-7.0,4.0,-3.0,-1.0,0.0,-6.0,3.0,-12.0,5.0,-17.0,6.0,-21.0,8.0,-25.0,9.0,-29.0,10.0,-31.0,10.0,-33.0,9.0,-32.0,8.0,-32.0,7.0,-29.0,5.0,-26.0,4.0,-21.0,3.0,-15.0,3.0,-10.0,2.0,-3.0,2.0,3.0,3.0,9.0
1.6644,122.0,-96.0,7.0,0.0,0.0,0.0,0.0,0.0,0.0,0.0,0.0,0.0,10.0,12.0,10.0,12.0,10.0,13.0,9.0,12.0,9.0,13.0,9.0,13.0,8.0,13.0,8.0,14.0,8.0,13.0,7.0,14.0,7.0,14.0,7.0,14.0,7.0,14.0,7.0,14.0,7.0,14.0,6.0,14.0,6.0,14.0,6.0,14.0,6.0,14.0,6.0,13.0,6.0,13.0,6.0,13.0,6.0,13.0,6.0,13.0,6.0,13.0,6.0,12.0
1.6786,122.0,-96.0,7.0,0.0,0.0,0.0,0.0,0.0,0.0,0.0,0.0,0.0,13.0,-14.0,9.0,-10.0,6.0,-5.0,2.0,1.0,-2.0,7.0,-5.0,13.0,-6.0,18.0,-9.0,23.0,-11.0,28.0,-12.0,31.0,-13.0,33.0,-12.0,34.0,-11.0,35.0,-11.0,33.0,-9.0,31.0,-7.0,26.0,-6.0,21.0,-5.0,15.0,-4.0,9.0,-3.0,2.0,-4.0,-5.0,-4.0,-12.0,-5.0,-18.0,-6.0,-24.0,-7.0,-28.0,-9.0,-32.0
1.6925,122.0,-96.0,7.0,0.0,0.0,0.0,0.0,0.0,0.0,0.0,0.0,0.0,9.0,12.0,9.0,12.0,9.0,13.0,9.0,13.0,9.0,13.0,8.0,13.0,8.0,13.0,8.0,14.0,7.0,14.0,7.0,14.0,7.0,14.0,7.0,14.0,7.0,14.0,7.0,14.0,6.0,14.0,6.0,14.0,6.0,14.0,6.0,14.0,6.0,14.0,6.0,13.0,6.0,13.0,6.0,13.0,6.0,13.0,6.0,12.0,6.0,12.0,6.0,12.0
1.7086,122.0,-96.0,7.0,0.0,0.0,0.0,0.0,0.0,0.0,0.0,0.0,0.0,13.0,-13.0,14.0,-12.0,14.0,-12.0,15.0,-12.0,15.0,-11.0,16.0,-11.0,16.0,-11.0,16.0,-10.0,16.0,-10.0,16.0,-10.0,16.0,-10.0,16.0,-10.0,16.0,-9.0,16.0,-9.0,17.0,-8.0,16.0,-9.0,16.0,-9.0,16.0,-8.0,16.0,-8.0,15.0,-8.0,15.0,-8.0,15.0,-9.0,15.0,-8.0,15.0,-8.0,14.0,-9.0,14.0,-9.0
1.7215,122.0,-96.0,7.0,0.0,0.0,0.0,0.0,0.0,0.0,0.0,0.0,0.0,3.0,7.0,2.0,13.0,2.0,19.0,2.0,24.0,2.0,29.0,2.0,33.0,3.0,35.0,2.0,37.0,3.0,35.0,4.0,34.0,4.0,31.0,4.0,27.0,3.0,22.0,1.0,16.0,-1.0,10.0,-2.0,3.0,-5.0,-4.0,-8.0,-10.0,-10.0,-17.0,-13.0,-21.0,-16.0,-26.0,-19.0,-28.0,-21.0,-31.0,-23.0,-30.0,-23.0,-29.0,-22.0,-28.0
1.7367,122.0,-96.0,7.0,0.0,0.0,0.0,0.0,0.0,0.0,0.0,0.0,0.0,-12.0,-24.0,-12.0,-27.0,-13.0,-29.0,-13.0,-30.0,-13.0,-30.0,-13.0,-28.0,-11.0,-26.0,-10.0,-22.0,-8.0,-19.0,-5.0,-13.0,-3.0,-8.0,1.0,-3.0,4.0,2.0,8.0,8.0,12.0,12.0,15.0,16.0,19.0,19.0,21.0,21.0,23.0,22.0,24.0,23.0,25.0,22.0,24.0,21.0,22.0,19.0,19.0,15.0,16.0,12.0,12.0,9.0
1.7508,122.0,-96.0,7.0,0.0,0.0,0.0,0.0,0.0,0.0,0.0,0.0,0.0,15.0,-12.0,16.0,-14.0,20.0,-15.0,19.0,-15.0,21.0,-17.0,19.0,-15.0,18.0,-14.0,16.0,-12.0,14.0,-10.0,10.0,-9.0,7.0,-6.0,3.0,-2.0,0.0,2.0,-5.0,5.0,-6.0,10.0,-10.0,13.0,-11.0,16.0,-14.0,20.0,-13.0,21.0,-14.0,22.0,-14.0,22.0,-13.0,22.0,-12.0,21.0,-10.0,18.0,-8.0,15.0,-7.0,11.0
1.7657,122.0,-96.0,7.0,0.0,0.0,0.0,0.0,0.0,0.0,0.0,0.0,0.0,-4.0,-2.0,-7.0,-7.0,-9.0,-12.0,-12.0,-17.0,-14.0,-21.0,-16.0,-25.0,-18.0,-26.0,-19.0,-29.0,-19.0,-28.0,-19.0,-27.0,-18.0,-25.0,-16.0,-22.0,-14.0,-19.0,-11.0,-15.0,-7.0,-11.0,-3.0,-6.0,3.0,-1.0,7.0,2.0,13.0,7.0,17.0,9.0,22.0,12.0,25.0,13.0,28.0,14.0,29.0,13.0,30.0,12.0,29.0,12.0
1.7787,122.0,-96.0,7.0,0.0,0.0,0.0,0.0,0.0,0.0,0.0,0.0,0.0,-6.0,-19.0,-3.0,-13.0,-1.0,-8.0,2.0,-2.0,5.0,4.0,9.0,10.0,12.0,14.0,15.0,20.0,18.0,23.0,21.0,26.0,22.0,28.0,23.0,29.0,23.0,28.0,23.0,27.0,21.0,24.0,19.0,20.0,15.0,16.0,11.0,12.0,6.0,8.0,0.0,3.0,-6.0,0.0,-12.0,-4.0,-18.0,-7.0,-23.0,-10.0,-28.0,-11.0,-32.0,-12.0
1.7926,122.0,-96.0,7.0,0.0,0.0,0.0,0.0,0.0,0.0,0.0,0.0,0.0,4.0,3.0,7.0,8.0,9.0,12.0,12.0,16.0,14.0,18.0,16.0,21.0,17.0,22.0,18.0,24.0,18.0,23.0,17.0,21.0,16.0,19.0,14.0,17.0,11.0,14.0,8.0,10.0,4.0,7.0,0.0,2.0,-5.0,-1.0,-10.0,-4.0,-15.0,-7.0,-18.0,-10.0,-23.0,-11.0,-25.0,-12.0,-27.0,-13.0,-28.0,-11.0,-28.0,-11.0,-27.0,-10.0
1.8065,122.0,-96.0,7.0,0.0,0.0,0.0,0.0,0.0,0.0,0.0,0.0,0.0,0.0,-16.0,1.0,-16.0,1.0,-16.0,2.0,-17.0,2.0,-17.0,2.0,-17.0,3.0,-16.0,3.0,-16.0,4.0,-16.0,4.0,-16.0,4.0,-16.0,4.0,-16.0,4.0,-16.0,4.0,-16.0,4.0,-16.0,4.0,-15.0,4.0,-15.0,4.0,-15.0,5.0,-15.0,4.0,-15.0,5.0,-15.0,4.0,-15.0,4.0,-14.0,4.0,-15.0,4.0,-14.0,3.0,-14.0
1.8205,122.0,-96.0,7.0,0.0,0.0,0.0,0.0,0.0,0.0,0.0,0.0,0.0,-8.0,13.0,-7.0,9.0,-4.0,4.0,-3.0,-1.0,-1.0,-7.0,1.0,-12.0,1.0,-16.0,2.0,-21.0,3.0,-25.0,3.0,-28.0,4.0,-30.0,4.0,-31.0,3.0,-31.0,3.0,-29.0,2.0,-26.0,0.0,-23.0,0.0,-19.0,1.0,-14.0,1.0,-9.0,2.0,-3.0,3.0,2.0,4.0,8.0,5.0,14.0,6.0,19.0,8.0,22.0,10.0,24.0
1.8343,122.0,-96.0,7.0,0.0,0.0,0.0,0.0,0.0,0.0,0.0,0.0,0.0,-19.0,7.0,-19.0,6.0,-20.0,6.0,-20.0,6.0,-20.0,5.0,-21.0,4.0,-20.0,4.0,-21.0,4.0,-20.0,3.0,-21.0,3.0,-21.0,3.0,-21.0,3.0,-20.0,3.0,-21.0,2.0,-21.0,1.0,-20.0,2.0,-20.0,1.0,-20.0,1.0,-20.0,1.0,-19.0,1.0,-19.0,1.0,-19.0,1.0,-19.0,1.0,-18.0,2.0,-19.0,2.0,-18.0,2.0
1.8482,122.0,-96.0,7.0,0.0,0.0,0.0,0.0,0.0,0.0,0.0,0.0,0.0,1.0,3.0,0.0,9.0,-3.0,14.0,-4.0,19.0,-5.0,24.0,-6.0,28.0,-6.0,30.0,-7.0,33.0,-6.0,32.0,-6.0,31.0,-5.0,30.0,-4.0,26.0,-4.0,22.0,-3.0,17.0,-3.0,11.0,-2.0,5.0,-3.0,-2.0,-4.0,-8.0,-5.0,-15.0,-6.0,-20.0,-8.0,-25.0,-10.0,-28.0,-11.0,-31.0,-13.0,-31.0,-13.0,-31.0,-14.0,-30.0
1.862,122.0,-96.0,7.0,0.0,0.0,0.0,0.0,0.0,0.0,0.0,0.0,0.0,13.0,-19.0,10.0,-14.0,7.0,-9.0,3.0,-3.0,1.0,3.0,-2.0,10.0,-4.0,16.0,-6.0,22.0,-8.0,27.0,-8.0,31.0,-10.0,34.0,-9.0,36.0,-9.0,36.0,-8.0,36.0,-7.0,33.0,-6.0,29.0,-5.0,24.0,-4.0,19.0,-4.0,12.0,-3.0,5.0,-4.0,-2.0,-4.0,-9.0,-5.0,-16.0,-6.0,-23.0,-8.0,-27.0,-10.0,-31.0
1.8778,122.0,-96.0,7.0,0.0,0.0,0.0,0.0,0.0,0.0,0.0,0.0,0.0,10.0,-12.0,11.0,-12.0,11.0,-12.0,11.0,-12.0,12.0,-11.0,12.0,-11.0,12.0,-11.0,13.0,-11.0,13.0,-11.0,13.0,-10.0,13.0,-9.0,13.0,-9.0,13.0,-9.0,13.0,-9.0,13.0,-9.0,13.0,-9.0,13.0,-9.0,13.0,-9.0,13.0,-9.0,12.0,-9.0,12.0,-9.0,12.0,-9.0,13.0,-8.0,12.0,-8.0,12.0,-9.0,11.0,-9.0
1.8906,122.0,-96.0,7.0,0.0,0.0,0.0,0.0,0.0,0.0,0.0,0.0,0.0,-12.0,-13.0,-8.0,-10.0,-4.0,-6.0,1.0,-2.0,6.0,1.0,11.0,5.0,16.0,6.0,21.0,9.0,24.0,11.0,27.0,12.0,29.0,14.0,30.0,13.0,31.0,13.0,29.0,12.0,27.0,11.0,23.0,8.0,19.0,7.0,13.0,5.0,8.0,4.0,2.0,2.0,-5.0,2.0,-11.0,1.0,-17.0,1.0,-23.0,1.0,-27.0,2.0,-30.0,3.0
1.9037,122.0,-96.0,7.0,0.0,0.0,0.0,0.0,0.0,0.0,0.0,0.0,0.0,-8.0,-16.0,-5.0,-12.0,-2.0,-7.0,1.0,-2.0,5.0,3.0,9.0,7.0,14.0,10.0,17.0,14.0,21.0,17.0,23.0,19.0,25.0,21.0,26.0,21.0,26.0,21.0,25.0,19.0,23.0,17.0,21.0,14.0,17.0,11.0,12.0,8.0,6.0,6.0,1.0,3.0,-5.0,1.0,-11.0,-1.0,-17.0,-3.0,-23.0,-5.0,-27.0,-4.0,-30.0,-4.0
1.918,122.0,-96.0,7.0,0.0,0.0,0.0,0.0,0.0,0.0,0.0,0.0,0.0,-20.0,2.0,-21.0,2.0,-21.0,2.0,-21.0,1.0,-22.0,0.0,-22.0,0.0,-22.0,0.0,-22.0,-1.0,-21.0,-1.0,-22.0,-2.0,-22.0,-2.0,-22.0,-2.0,-21.0,-3.0,-21.0,-2.0,-21.0,-2.0,-21.0,-2.0,-20.0,-3.0,-21.0,-3.0,-20.0,-2.0,-20.0,-3.0,-20.0,-2.0,-19.0,-2.0,-20.0,-2.0,-19.0,-2.0,-19.0,-1.0,-19.0,-1.0
1.9315,122.0,-96.0,7.0,0.0,0.0,0.0,0.0,0.0,0.0,0.0,0.0,0.0,3.0,2.0,3.0,9.0,4.0,15.0,5.0,21.0,6.0,26.0,7.0,31.0,8.0,33.0,8.0,36.0,9.0,35.0,9.0,34.0,9.0,32.0,8.0,29.0,6.0,24.0,5.0,19.0,2.0,13.0,0.0,6.0,-4.0,-1.0,-8.0,-7.0,-12.0,-13.0,-15.0,-17.0,-19.0,-22.0,-23.0,-24.0,-25.0,-27.0,-27.0,-26.0,-27.0,-26.0,-27.0,-25.0
1.948,122.0,-96.0,7.0,0.0,0.0,0.0,0.0,0.0,0.0,0.0,0.0,0.0,17.0,-1.0,12.0,-1.0,6.0,0.0,0.0,2.0,-6.0,3.0,-12.0,6.0,-16.0,8.0,-21.0,10.0,-25.0,11.0,-28.0,13.0,-31.0,14.0,-31.0,15.0,-31.0,15.0,-29.0,15.0,-27.0,14.0,-22.0,12.0,-19.0,10.0,-14.0,7.0,-9.0,3.0,-4.0,-1.0,0.0,-6.0,5.0,-10.0,9.0,-14.0,13.0,-18.0,14.0,-22.0,16.0,-26.0
1.9616,122.0,-96.0,7.0,0.0,0.0,0.0,0.0,0.0,0.0,0.0,0.0,0.0,-26.0,-7.0,-29.0,-9.0,-30.0,-9.0,-31.0,-10.0,-32.0,-10.0,-30.0,-9.0,-28.0,-9.0,-24.0,-8.0,-19.0,-7.0,-13.0,-5.0,-8.0,-4.0,-2.0,-3.0,4.0,-3.0,11.0,-1.0,17.0,-1.0,22.0,-1.0,27.0,-2.0,30.0,-2.0,32.0,-3.0,34.0,-3.0,34.0,-4.0,32.0,-4.0,29.0,-4.0,25.0,-5.0,20.0,-4.0,15.0,-3.0
1.9747,122.0,-96.0,7.0,0.0,0.0,0.0,0.0,0.0,0.0,0.0,0.0,0.0,-4.0,17.0,-3.0,11.0,-3.0,6.0,-3.0,0.0,-3.0,-6.0,-4.0,-13.0,-5.0,-18.0,-6.0,-23.0,-6.0,-27.0,-7.0,-30.0,-7.0,-33.0,-8.0,-33.0,-9.0,-33.0,-9.0,-32.0,-8.0,-29.0,-8.0,-25.0,-6.0,-20.0,-4.0,-15.0,-2.0,-9.0,1.0,-4.0,4.0,1.0,7.0,6.0,11.0,12.0,14.0,16.0,17.0,19.0,21.0,21.0
1.9884,122.0,-96.0,7.0,0.0,0.0,0.0,0.0,0.0,0.0,0.0,0.0,0.0,-7.0,-4.0,-11.0,-9.0,-15.0,-14.0,-18.0,-18.0,-22.0,-22.0,-25.0,-24.0,-26.0,-25.0,-27.0,-26.0,-27.0,-26.0,-26.0,-24.0,-24.0,-22.0,-21.0,-19.0,-17.0,-16.0,-13.0,-12.0,-7.0,-8.0,-1.0,-4.0,6.0,0.0,12.0,2.0,17.0,5.0,23.0,7.0,28.0,9.0,32.0,9.0,35.0,10.0,36.0,8.0,35.0,7.0,34.0,6.0
2.0021,122.0,-96.0,7.0,0.0,0.0,0.0,0.0,0.0,0.0,0.0,0.0,0.0,6.0,1.0,11.0,4.0,15.0,7.0,19.0,10.0,23.0,12.0,26.0,14.0,28.0,14.0,29.0,15.0,29.0,14.0,28.0,13.0,26.0,11.0,23.0,9.0,18.0,8.0,13.0,6.0,7.0,5.0,1.0,2.0,-6.0,1.0,-12.0,0.0,-18.0,-1.0,-23.0,-1.0,-28.0,-1.0,-31.0,0.0,-33.0,0.0,-34.0,2.0,-33.0,3.0,-32.0,3.0
2.016,122.0,-96.0,7.0,0.0,0.0,0.0,0.0,0.0,0.0,0.0,0.0,0.0,20.0,-12.0,23.0,-13.0,24.0,-13.0,25.0,-14.0,25.0,-14.0,24.0,-13.0,22.0,-12.0,19.0,-10.0,16.0,-8.0,11.0,-6.0,7.0,-3.0,2.0,1.0,-2.0,4.0,-8.0,8.0,-11.0,11.0,-15.0,14.0,-18.0,17.0,-20.0,20.0,-21.0,22.0,-22.0,22.0,-21.0,23.0,-20.0,22.0,-18.0,20.0,-15.0,18.0,-12.0,14.0,-9.0,10.0
2.0283,122.0,-96.0,7.0,0.0,0.0,0.0,0.0,0.0,0.0,0.0,0.0,0.0,-15.0,5.0,-11.0,3.0,-6.0,1.0,-2.0,-2.0,3.0,-5.0,7.0,-9.0,11.0,-12.0,14.0,-14.0,17.0,-17.0,19.0,-19.0,21.0,-21.0,21.0,-22.0,21.0,-22.0,20.0,-21.0,18.0,-20.0,14.0,-18.0,12.0,-14.0,9.0,-10.0,6.0,-6.0,3.0,-1.0,0.0,4.0,-2.0,9.0,-5.0,14.0,-7.0,19.0,-7.0,22.0,-7.0,25.0
2.0451,122.0,-96.0,7.0,0.0,0.0,0.0,0.0,0.0,0.0,0.0,0.0,0.0,-16.0,-10.0,-17.0,-11.0,-17.0,-11.0,-17.0,-12.0,-16.0,-12.0,-16.0,-13.0,-16.0,-13.0,-15.0,-13.0,-15.0,-14.0,-15.0,-14.0,-15.0,-14.0,-15.0,-14.0,-14.0,-14.0,-14.0,-14.0,-15.0,-15.0,-14.0,-14.0,-14.0,-14.0,-13.0,-14.0,-13.0,-14.0,-13.0,-14.0,-13.0,-14.0,-13.0,-14.0,-13.0,-14.0,-13.0,-13.0,-13.0,-13.0,-13.0,-13.0
2.0608,122.0,-96.0,7.0,0.0,0.0,0.0,0.0,0.0,0.0,0.0,0.0,0.0,-15.0,-4.0,-15.0,-5.0,-15.0,-4.0,-15.0,-5.0,-15.0,-6.0,-15.0,-6.0,-15.0,-6.0,-14.0,-7.0,-14.0,-7.0,-14.0,-7.0,-14.0,-8.0,-14.0,-8.0,-14.0,-8.0,-14.0,-8.0,-14.0,-8.0,-14.0,-8.0,-14.0,-8.0,-13.0,-8.0,-13.0,-8.0,-13.0,-8.0,-13.0,-8.0,-13.0,-8.0,-12.0,-8.0,-13.0,-7.0,-13.0,-7.0,-13.0,-7.0
2.0757,122.0,-96.0,7.0,0.0,0.0,0.0,0.0,0.0,0.0,0.0,0.0,0.0,6.0,-14.0,6.0,-14.0,6.0,-14.0,7.0,-14.0,8.0,-14.0,8.0,-14.0,8.0,-13.0,9.0,-13.0,9.0,-13.0,9.0,-13.0,9.0,-13.0,9.0,-12.0,9.0,-12.0,10.0,-12.0,10.0,-12.0,10.0,-12.0,10.0,-12.0,10.0,-11.0,10.0,-11.0,9.0,-11.0,9.0,-11.0,9.0,-11.0,9.0,-11.0,9.0,-11.0,9.0,-11.0,8.0,-11.0
2.0902,122.0,-96.0,7.0,0.0,0.0,0.0,0.0,0.0,0.0,0.0,0.0,0.0,-8.0,21.0,-9.0,24.0,-10.0,26.0,-10.0,27.0,-10.0,26.0,-10.0,26.0,-9.0,23.0,-7.0,20.0,-7.0,16.0,-5.0,11.0,-4.0,6.0,-3.0,1.0,-3.0,-5.0,-1.0,-11.0,-1.0,-16.0,-1.0,-21.0,-1.0,-25.0,-1.0,-28.0,-1.0,-30.0,-2.0,-31.0,-3.0,-31.0,-3.0,-30.0,-3.0,-27.0,-3.0,-23.0,-3.0,-19.0,-2.0,-14.0
2.1041,122.0,-96.0,7.0,0.0,0.0,0.0,0.0,0.0,0.0,0.0,0.0,0.0,17.0,15.0,18.0,15.0,16.0,14.0,14.0,13.0,12.0,11.0,9.0,9.0,6.0,6.0,1.0,3.0,-3.0,1.0,-7.0,-2.0,-11.0,-4.0,-15.0,-5.0,-19.0,-7.0,-22.0,-9.0,-24.0,-10.0,-26.0,-10.0,-26.0,-9.0,-26.0,-9.0,-24.0,-8.0,-21.0,-7.0,-18.0,-5.0,-14.0,-5.0,-10.0,-4.0,-5.0,-3.0,0.0,-3.0,5.0,-3.0
2.12,122.0,-96.0,7.0,0.0,0.0,0.0,0.0,0.0,0.0,0.0,0.0,0.0,-4.0,1.0,-9.0,-2.0,-13.0,-5.0,-18.0,-8.0,-22.0,-10.0,-26.0,-11.0,-29.0,-11.0,-31.0,-12.0,-32.0,-11.0,-31.0,-11.0,-28.0,-10.0,-26.0,-9.0,-22.0,-8.0,-18.0,-6.0,-12.0,-5.0,-6.0,-3.0,1.0,-3.0,7.0,-3.0,14.0,-3.0,19.0,-4.0,24.0,-5.0,27.0,-7.0,31.0,-7.0,31.0,-9.0,31.0,-9.0,30.0,-10.0
2.1365,122.0,-96.0,7.0,0.0,0.0,0.0,0.0,0.0,0.0,0.0,0.0,0.0,17.0,-2.0,12.0,-1.0,6.0,0.0,1.0,2.0,-5.0,3.0,-11.0,5.0,-15.0,8.0,-20.0,10.0,-24.0,11.0,-27.0,13.0,-29.0,15.0,-29.0,16.0,-29.0,17.0,-28.0,16.0,-25.0,15.0,-21.0,13.0,-18.0,11.0,-14.0,7.0,-9.0,4.0,-4.0,0.0,-1.0,-6.0,3.0,-10.0,7.0,-15.0,11.0,-20.0,12.0,-23.0,13.0,-27.0
2.1483,122.0,-96.0,7.0,0.0,0.0,0.0,0.0,0.0,0.0,0.0,0.0,0.0,3.0,-2.0,8.0,0.0,13.0,2.0,18.0,4.0,22.0,4.0,27.0,6.0,29.0,6.0,31.0,7.0,32.0,5.0,31.0,5.0,29.0,4.0,26.0,4.0,22.0,4.0,17.0,2.0,12.0,3.0,5.0,2.0,-2.0,2.0,-8.0,3.0,-14.0,4.0,-19.0,6.0,-25.0,7.0,-27.0,9.0,-31.0,10.0,-31.0,12.0,-31.0,12.0,-30.0,12.0
2.1631,122.0,-96.0,7.0,0.0,0.0,0.0,0.0,0.0,0.0,0.0,0.0,0.0,-7.0,-2.0,-11.0,-5.0,-15.0,-7.0,-19.0,-10.0,-23.0,-12.0,-27.0,-13.0,-28.0,-14.0,-30.0,-15.0,-29.0,-14.0,-29.0,-13.0,-26.0,-11.0,-24.0,-10.0,-19.0,-9.0,-15.0,-7.0,-9.0,-6.0,-3.0,-4.0,4.0,-2.0,10.0,-2.0,16.0,-2.0,21.0,-2.0,26.0,-2.0,29.0,-3.0,32.0,-4.0,32.0,-6.0,32.0,-6.0,30.0,-6.0
2.177,122.0,-96.0,7.0,0.0,0.0,0.0,0.0,0.0,0.0,0.0,0.0,0.0,8.0,20.0,6.0,15.0,3.0,10.0,0.0,5.0,-4.0,0.0,-8.0,-6.0,-12.0,-9.0,-17.0,-14.0,-20.0,-18.0,-24.0,-20.0,-26.0,-23.0,-29.0,-23.0,-30.0,-23.0,-29.0,-22.0,-28.0,-20.0,-25.0,-17.0,-21.0,-15.0,-17.0,-12.0,-11.0,-9.0,-5.0,-6.0,2.0,-4.0,8.0,-1.0,15.0,0.0,22.0,2.0,27.0,2.0,31.0,1.0
2.1907,122.0,-96.0,7.0,0.0,0.0,0.0,0.0,0.0,0.0,0.0,0.0,0.0,3.0,18.0,2.0,13.0,0.0,7.0,-2.0,2.0,-5.0,-5.0,-8.0,-10.0,-11.0,-14.0,-15.0,-20.0,-17.0,-24.0,-20.0,-27.0,-21.0,-29.0,-23.0,-29.0,-24.0,-29.0,-23.0,-28.0,-22.0,-25.0,-19.0,-21.0,-16.0,-18.0,-11.0,-14.0,-7.0,-9.0,-1.0,-5.0,5.0,-2.0,10.0,2.0,17.0,5.0,22.0,8.0,26.0,9.0,30.0,9.0
2.2048,122.0,-96.0,7.0,0.0,0.0,0.0,0.0,0.0,0.0,0.0,0.0,0.0,6.0,18.0,6.0,20.0,6.0,23.0,7.0,23.0,7.0,23.0,6.0,22.0,6.0,21.0,5.0,17.0,4.0,15.0,3.0,11.0,1.0,7.0,-1.0,2.0,-4.0,-2.0,-6.0,-7.0,-9.0,-10.0,-11.0,-14.0,-14.0,-17.0,-16.0,-19.0,-17.0,-20.0,-18.0,-21.0,-19.0,-20.0,-18.0,-19.0,-17.0,-18.0,-15.0,-15.0,-13.0,-12.0,-9.0,-9.0
2.2196,122.0,-96.0,7.0,0.0,0.0,0.0,0.0,0.0,0.0,0.0,0.0,0.0,4.0,-20.0,5.0,-20.0,5.0,-20.0,6.0,-20.0,6.0,-20.0,6.0,-20.0,7.0,-20.0,7.0,-20.0,8.0,-20.0,8.0,-19.0,8.0,-19.0,8.0,-19.0,9.0,-19.0,9.0,-19.0,9.0,-18.0,9.0,-18.0,9.0,-18.0,9.0,-18.0,9.0,-18.0,8.0,-18.0,8.0,-17.0,8.0,-17.0,9.0,-17.0,8.0,-17.0,8.0,-17.0,7.0,-17.0
2.234,122.0,-96.0,7.0,0.0,0.0,0.0,0.0,0.0,0.0,0.0,0.0,0.0,4.0,19.0,4.0,23.0,4.0,25.0,4.0,27.0,5.0,27.0,5.0,27.0,4.0,25.0,4.0,22.0,3.0,20.0,2.0,15.0,1.0,10.0,-1.0,5.0,-3.0,0.0,-5.0,-6.0,-8.0,-11.0,-9.0,-15.0,-12.0,-19.0,-14.0,-22.0,-16.0,-25.0,-17.0,-26.0,-18.0,-25.0,-18.0,-25.0,-16.0,-23.0,-15.0,-20.0,-13.0,-17.0,-10.0,-13.0
2.2475,102.0,96.0,6.0,0.0,0.0,0.0,0.0,0.0,0.0,0.0,0.0,0.0,15.0,-14.0,18.0,-16.0,19.0,-17.0,20.0,-18.0,21.0,-19.0,21.0,-19.0,20.0,-18.0,17.0,-16.0,15.0,-13.0,11.0,-10.0,8.0,-7.0,4.0,-3.0,1.0,1.0,-3.0,6.0,-6.0,11.0,-9.0,15.0,-11.0,19.0,-12.0,22.0,-13.0,25.0,-14.0,26.0,-13.0,27.0,-13.0,26.0,-12.0,25.0,-10.0,22.0,-8.0,18.0,-6.0,14.0
2.2642,122.0,-96.0,7.0,0.0,0.0,0.0,0.0,0.0,0.0,0.0,0.0,0.0,-7.0,-15.0,-6.0,-15.0,-6.0,-15.0,-6.0,-15.0,-5.0,-16.0,-5.0,-16.0,-5.0,-16.0,-5.0,-16.0,-5.0,-16.0,-4.0,-16.0,-4.0,-16.0,-4.0,-16.0,-4.0,-16.0,-4.0,-16.0,-4.0,-16.0,-4.0,-16.0,-3.0,-16.0,-3.0,-16.0,-3.0,-16.0,-3.0,-16.0,-3.0,-15.0,-3.0,-15.0,-3.0,-15.0,-3.0,-15.0,-4.0,-15.0,-4.0,-15.0
2.2776,-120.0,-128.0,8.0,0.0,0.0,0.0,0.0,0.0,0.0,0.0,0.0,0.0,10.0,11.0,10.0,12.0,10.0,12.0,9.0,13.0,9.0,13.0,9.0,13.0,9.0,13.0,8.0,13.0,8.0,13.0,8.0,14.0,8.0,14.0,8.0,14.0,8.0,14.0,7.0,14.0,7.0,14.0,7.0,14.0,7.0,13.0,6.0,14.0,6.0,14.0,7.0,13.0,7.0,13.0,7.0,12.0,6.0,13.0,6.0,12.0,7.0,12.0,7.0,12.0
2.2912,78.0,-32.0,4.0,0.0,0.0,0.0,0.0,0.0,0.0,0.0,0.0,0.0,19.0,-3.0,20.0,-3.0,20.0,-3.0,20.0,-2.0,20.0,-1.0,20.0,-1.0,20.0,-1.0,20.0,0.0,19.0,0.0,20.0,0.0,20.0,1.0,20.0,1.0,20.0,1.0,20.0,1.0,20.0,2.0,19.0,1.0,19.0,2.0,19.0,2.0,19.0,1.0,19.0,2.0,18.0,2.0,18.0,1.0,18.0,1.0,18.0,2.0,18.0,1.0,17.0,1.0
2.3067,122.0,-96.0,7.0,0.0,0.0,0.0,0.0,0.0,0.0,0.0,0.0,0.0,-3.0,1.0,-8.0,0.0,-12.0,-1.0,-17.0,-1.0,-21.0,-1.0,-25.0,-2.0,-27.0,-2.0,-29.0,-2.0,-29.0,-1.0,-28.0,-1.0,-27.0,0.0,-25.0,0.0,-21.0,0.0,-16.0,0.0,-12.0,-1.0,-6.0,-2.0,0.0,-3.0,5.0,-5.0,11.0,-6.0,15.0,-8.0,20.0,-11.0,22.0,-12.0,24.0,-14.0,24.0,-16.0,24.0,-16.0,24.0,-16.0
2.3213,122.0,-96.0,7.0,0.0,0.0,0.0,0.0,0.0,0.0,0.0,0.0,0.0,-20.0,11.0,-23.0,13.0,-26.0,14.0,-26.0,14.0,-28.0,15.0,-27.0,15.0,-26.0,14.0,-23.0,12.0,-20.0,10.0,-16.0,8.0,-11.0,5.0,-6.0,1.0,-1.0,-3.0,4.0,-7.0,8.0,-11.0,12.0,-15.0,15.0,-18.0,19.0,-22.0,20.0,-24.0,21.0,-26.0,20.0,-27.0,20.0,-26.0,18.0,-25.0,15.0,-22.0,12.0,-19.0,10.0,-14.0
2.3338,122.0,-96.0,7.0,0.0,0.0,0.0,0.0,0.0,0.0,0.0,0.0,0.0,6.0,19.0,5.0,19.0,5.0,19.0,4.0,19.0,4.0,20.0,3.0,20.0,3.0,20.0,3.0,20.0,2.0,20.0,2.0,20.0,2.0,20.0,2.0,20.0,1.0,20.0,0.0,20.0,0.0,20.0,0.0,19.0,0.0,19.0,0.0,19.0,0.0,19.0,0.0,19.0,0.0,19.0,0.0,18.0,1.0,18.0,0.0,18.0,1.0,18.0,1.0,17.0
2.3502,122.0,-96.0,7.0,0.0,0.0,0.0,0.0,0.0,0.0,0.0,0.0,0.0,-10.0,-14.0,-9.0,-14.0,-9.0,-14.0,-9.0,-15.0,-9.0,-15.0,-9.0,-15.0,-8.0,-15.0,-8.0,-15.0,-7.0,-15.0,-7.0,-16.0,-7.0,-16.0,-7.0,-16.0,-7.0,-16.0,-6.0,-16.0,-6.0,-16.0,-6.0,-15.0,-6.0,-15.0,-6.0,-15.0,-6.0,-16.0,-6.0,-15.0,-6.0,-15.0,-6.0,-14.0,-6.0,-14.0,-6.0,-14.0,-6.0,-14.0,-6.0,-14.0
2.3639,122.0,-96.0,7.0,0.0,0.0,0.0,0.0,0.0,0.0,0.0,0.0,0.0,-19.0,23.0,-18.0,22.0,-17.0,20.0,-14.0,17.0,-12.0,14.0,-9.0,9.0,-6.0,5.0,-3.0,0.0,0.0,-5.0,2.0,-11.0,4.0,-16.0,6.0,-20.0,8.0,-25.0,9.0,-28.0,10.0,-30.0,11.0,-32.0,10.0,-32.0,9.0,-31.0,8.0,-28.0,7.0,-25.0,5.0,-20.0,4.0,-15.0,3.0,-10.0,2.0,-4.0,2.0,3.0,2.0,9.0
2.3776,122.0,-96.0,7.0,0.0,0.0,0.0,0.0,0.0,0.0,0.0,0.0,0.0,7.0,-20.0,5.0,-15.0,3.0,-10.0,2.0,-4.0,1.0,2.0,0.0,8.0,0.0,13.0,-1.0,19.0,-1.0,23.0,-1.0,27.0,-1.0,30.0,0.0,32.0,0.0,32.0,0.0,32.0,1.0,30.0,2.0,26.0,1.0,22.0,0.0,17.0,0.0,11.0,-1.0,6.0,-4.0,-1.0,-5.0,-6.0,-7.0,-13.0,-10.0,-18.0,-12.0,-22.0,-15.0,-24.0
2.3917,122.0,-96.0,7.0,0.0,0.0,0.0,0.0,0.0,0.0,0.0,0.0,0.0,-3.0,5.0,-7.0,9.0,-11.0,13.0,-14.0,16.0,-16.0,19.0,-19.0,22.0,-20.0,24.0,-21.0,25.0,-20.0,25.0,-19.0,24.0,-17.0,22.0,-15.0,19.0,-13.0,16.0,-10.0,11.0,-7.0,6.0,-4.0,1.0,-1.0,-5.0,1.0,-11.0,4.0,-17.0,5.0,-22.0,6.0,-26.0,6.0,-29.0,6.0,-32.0,5.0,-33.0,4.0,-32.0,4.0,-32.0
2.4061,122.0,-96.0,7.0,0.0,0.0,0.0,0.0,0.0,0.0,0.0,0.0,0.0,-1.0,5.0,-3.0,9.0,-5.0,14.0,-7.0,17.0,-8.0,21.0,-10.0,24.0,-10.0,25.0,-11.0,27.0,-10.0,27.0,-9.0,26.0,-8.0,24.0,-7.0,20.0,-7.0,17.0,-5.0,12.0,-5.0,7.0,-3.0,2.0,-2.0,-4.0,-2.0,-10.0,-2.0,-15.0,-2.0,-20.0,-3.0,-24.0,-4.0,-27.0,-4.0,-30.0,-6.0,-29.0,-6.0,-29.0,-6.0,-28.0
2.4204,122.0,-96.0,7.0,0.0,0.0,0.0,0.0,0.0,0.0,0.0,0.0,0.0,22.0,7.0,22.0,7.0,20.0,7.0,19.0,6.0,15.0,6.0,12.0,4.0,8.0,3.0,3.0,2.0,-2.0,1.0,-7.0,1.0,-11.0,0.0,-15.0,0.0,-19.0,0.0,-23.0,0.0,-26.0,-1.0,-27.0,0.0,-27.0,0.0,-27.0,1.0,-25.0,1.0,-22.0,1.0,-18.0,1.0,-14.0,1.0,-10.0,-1.0,-5.0,-1.0,0.0,-3.0,4.0,-5.0
2.4339,122.0,-96.0,7.0,0.0,0.0,0.0,0.0,0.0,0.0,0.0,0.0,0.0,2.0,-30.0,2.0,-29.0,2.0,-27.0,1.0,-23.0,2.0,-19.0,1.0,-14.0,2.0,-8.0,2.0,-2.0,3.0,3.0,3.0,10.0,5.0,15.0,6.0,20.0,7.0,24.0,8.0,28.0,8.0,30.0,9.0,32.0,10.0,31.0,10.0,30.0,9.0,27.0,8.0,24.0,7.0,19.0,4.0,14.0,2.0,9.0,-1.0,4.0,-5.0,-1.0,-8.0,-6.0
2.448,122.0,-96.0,7.0,0.0,0.0,0.0,0.0,0.0,0.0,0.0,0.0,0.0,25.0,15.0,25.0,15.0,23.0,14.0,21.0,12.0,17.0,11.0,13.0,8.0,9.0,6.0,3.0,4.0,-2.0,1.0,-9.0,0.0,-14.0,-2.0,-19.0,-3.0,-24.0,-4.0,-28.0,-5.0,-32.0,-6.0,-33.0,-6.0,-34.0,-6.0,-32.0,-5.0,-31.0,-4.0,-27.0,-4.0,-23.0,-3.0,-18.0,-3.0,-12.0,-3.0,-6.0,-3.0,0.0,-3.0,6.0,-5.0
2.4611,122.0,-96.0,7.0,0.0,0.0,0.0,0.0,0.0,0.0,0.0,0.0,0.0,-1.0,-4.0,2.0,-8.0,6.0,-12.0,9.0,-16.0,12.0,-20.0,14.0,-24.0,15.0,-26.0,17.0,-28.0,16.0,-28.0,15.0,-27.0,14.0,-26.0,13.0,-24.0,11.0,-20.0,8.0,-16.0,7.0,-11.0,3.0,-5.0,2.0,1.0,1.0,7.0,0.0,14.0,0.0,19.0,0.0,24.0,1.0,27.0,0.0,31.0,2.0,32.0,3.0,32.0,3.0,31.0
2.4741,122.0,-96.0,7.0,0.0,0.0,0.0,0.0,0.0,0.0,0.0,0.0,0.0,-18.0,1.0,-21.0,1.0,-23.0,1.0,-25.0,1.0,-26.0,1.0,-25.0,1.0,-23.0,1.0,-21.0,1.0,-19.0,0.0,-14.0,0.0,-10.0,-1.0,-5.0,-1.0,0.0,-3.0,5.0,-4.0,9.0,-6.0,13.0,-7.0,17.0,-9.0,19.0,-11.0,21.0,-12.0,23.0,-13.0,22.0,-14.0,22.0,-14.0,20.0,-13.0,17.0,-12.0,14.0,-11.0,11.0,-8.0
2.4897,122.0,-96.0,7.0,0.0,0.0,0.0,0.0,0.0,0.0,0.0,0.0,0.0,7.0,-14.0,8.0,-14.0,8.0,-14.0,8.0,-14.0,8.0,-14.0,9.0,-14.0,9.0,-13.0,10.0,-13.0,10.0,-13.0,10.0,-13.0,10.0,-12.0,10.0,-12.0,10.0,-12.0,11.0,-12.0,11.0,-11.0,10.0,-11.0,10.0,-11.0,10.0,-11.0,11.0,-11.0,10.0,-11.0,10.0,-11.0,10.0,-11.0,10.0,-10.0,10.0,-11.0,9.0,-10.0,9.0,-11.0
2.5036,122.0,-96.0,7.0,0.0,0.0,0.0,0.0,0.0,0.0,0.0,0.0,0.0,15.0,17.0,15.0,17.0,14.0,16.0,13.0,14.0,11.0,13.0,8.0,9.0,5.0,7.0,2.0,3.0,-2.0,1.0,-7.0,-1.0,-10.0,-4.0,-14.0,-5.0,-18.0,-7.0,-21.0,-9.0,-23.0,-10.0,-25.0,-11.0,-25.0,-10.0,-25.0,-10.0,-23.0,-8.0,-21.0,-7.0,-18.0,-6.0,-14.0,-5.0,-10.0,-4.0,-5.0,-4.0,0.0,-3.0,5.0,-3.0
2.5186,122.0,-96.0,7.0,0.0,0.0,0.0,0.0,0.0,0.0,0.0,0.0,0.0,-3.0,15.0,-2.0,11.0,-2.0,6.0,-2.0,1.0,-3.0,-4.0,-4.0,-9.0,-5.0,-14.0,-6.0,-18.0,-8.0,-22.0,-9.0,-25.0,-9.0,-27.0,-10.0,-28.0,-11.0,-28.0,-11.0,-27.0,-11.0,-24.0,-10.0,-21.0,-8.0,-18.0,-6.0,-13.0,-3.0,-9.0,0.0,-5.0,4.0,-1.0,7.0,3.0,11.0,8.0,15.0,11.0,18.0,13.0,21.0,13.0
2.5316,122.0,-96.0,7.0,0.0,0.0,0.0,0.0,0.0,0.0,0.0,0.0,0.0,-1.0,-4.0,3.0,-7.0,7.0,-9.0,11.0,-11.0,14.0,-14.0,17.0,-16.0,19.0,-18.0,20.0,-20.0,20.0,-21.0,19.0,-21.0,17.0,-21.0,16.0,-19.0,14.0,-17.0,11.0,-13.0,9.0,-9.0,5.0,-4.0,2.0,1.0,1.0,6.0,0.0,11.0,-1.0,16.0,-2.0,21.0,-1.0,24.0,-1.0,28.0,0.0,28.0,1.0,29.0,2.0,29.0
2.5453,122.0,-96.0,7.0,0.0,0.0,0.0,0.0,0.0,0.0,0.0,0.0,0.0,-17.0,5.0,-14.0,4.0,-10.0,2.0,-6.0,0.0,-1.0,-4.0,3.0,-7.0,6.0,-10.0,9.0,-14.0,12.0,-17.0,13.0,-20.0,15.0,-23.0,15.0,-25.0,15.0,-26.0,15.0,-26.0,14.0,-25.0,11.0,-22.0,10.0,-20.0,8.0,-15.0,6.0,-11.0,5.0,-6.0,4.0,0.0,2.0,5.0,3.0,11.0,3.0,16.0,4.0,20.0,5.0,23.0
2.5597,122.0,-96.0,7.0,0.0,0.0,0.0,0.0,0.0,0.0,0.0,0.0,0.0,-14.0,12.0,-17.0,14.0,-19.0,17.0,-19.0,18.0,-21.0,19.0,-20.0,19.0,-19.0,19.0,-17.0,17.0,-16.0,15.0,-13.0,12.0,-10.0,8.0,-6.0,4.0,-4.0,-1.0,-1.0,-7.0,1.0,-12.0,3.0,-17.0,4.0,-21.0,4.0,-26.0,4.0,-28.0,5.0,-30.0,4.0,-31.0,3.0,-31.0,2.0,-29.0,2.0,-26.0,1.0,-22.0,1.0,-18.0
2.5731,122.0,-96.0,7.0,0.0,0.0,0.0,0.0,0.0,0.0,0.0,0.0,0.0,5.0,-23.0,5.0,-23.0,4.0,-22.0,4.0,-21.0,4.0,-18.0,3.0,-15.0,2.0,-11.0,2.0,-6.0,2.0,-1.0,3.0,3.0,4.0,8.0,4.0,12.0,5.0,16.0,6.0,20.0,7.0,23.0,8.0,25.0,9.0,25.0,9.0,25.0,9.0,23.0,9.0,21.0,8.0,17.0,6.0,14.0,4.0,10.0,1.0,7.0,-3.0,3.0,-6.0,-1.0
2.5831,122.0,-96.0,7.0,0.0,0.0,0.0,0.0,0.0,0.0,0.0,0.0,0.0,-6.0,-19.0,-5.0,-20.0,-5.0,-20.0,-5.0,-20.0,-4.0,-20.0,-3.0,-21.0,-3.0,-20.0,-2.0,-21.0,-2.0,-21.0,-2.0,-20.0,-1.0,-21.0,-1.0,-21.0,0.0,-21.0,0.0,-20.0,1.0,-20.0,0.0,-20.0,0.0,-19.0,1.0,-19.0,1.0,-19.0,1.0,-19.0,0.0,-19.0,0.0,-19.0,0.0,-18.0,0.0,-18.0,0.0,-18.0,0.0,-18.0
2.5962,122.0,-96.0,7.0,0.0,0.0,0.0,0.0,0.0,0.0,0.0,0.0,0.0,1.0,-20.0,1.0,-16.0,1.0,-12.0,1.0,-7.0,2.0,-1.0,3.0,4.0,5.0,9.0,6.0,14.0,8.0,18.0,9.0,22.0,10.0,25.0,12.0,26.0,13.0,27.0,13.0,27.0,13.0,25.0,12.0,22.0,11.0,19.0,8.0,16.0,5.0,11.0,2.0,7.0,-2.0,3.0,-6.0,-1.0,-11.0,-5.0,-15.0,-8.0,-19.0,-9.0,-23.0,-10.0
2.6107,122.0,-96.0,7.0,0.0,0.0,0.0,0.0,0.0,0.0,0.0,0.0,0.0,-11.0,20.0,-11.0,21.0,-10.0,20.0,-10.0,19.0,-9.0,16.0,-7.0,13.0,-6.0,9.0,-4.0,4.0,-3.0,-1.0,-2.0,-5.0,-2.0,-10.0,-1.0,-14.0,-1.0,-18.0,-1.0,-22.0,-1.0,-26.0,-1.0,-27.0,-1.0,-28.0,-2.0,-28.0,-2.0,-26.0,-2.0,-24.0,-3.0,-20.0,-2.0,-17.0,-1.0,-12.0,0.0,-8.0,2.0,-3.0,4.0,2.0
2.6243,122.0,-96.0,7.0,0.0,0.0,0.0,0.0,0.0,0.0,0.0,0.0,0.0,-5.0,18.0,-4.0,14.0,-3.0,10.0,-3.0,5.0,-3.0,0.0,-3.0,-6.0,-4.0,-10.0,-5.0,-16.0,-5.0,-21.0,-7.0,-24.0,-7.0,-28.0,-9.0,-29.0,-9.0,-30.0,-9.0,-30.0,-10.0,-28.0,-10.0,-24.0,-9.0,-22.0,-7.0,-17.0,-5.0,-13.0,-2.0,-8.0,2.0,-4.0,5.0,1.0,9.0,6.0,13.0,10.0,16.0,12.0,20.0,14.0
2.6339,122.0,-96.0,7.0,0.0,0.0,0.0,0.0,0.0,0.0,0.0,0.0,0.0,21.0,-13.0,21.0,-12.0,22.0,-12.0,22.0,-12.0,23.0,-11.0,22.0,-10.0,22.0,-10.0,23.0,-10.0,23.0,-10.0,23.0,-9.0,23.0,-9.0,23.0,-9.0,23.0,-8.0,23.0,-7.0,23.0,-7.0,23.0,-7.0,22.0,-7.0,23.0,-7.0,22.0,-6.0,22.0,-7.0,22.0,-7.0,22.0,-7.0,22.0,-7.0,21.0,-7.0,21.0,-7.0,20.0,-8.0
2.6476,122.0,-96.0,7.0,0.0,0.0,0.0,0.0,0.0,0.0,0.0,0.0,0.0,7.0,-19.0,6.0,-15.0,4.0,-10.0,3.0,-5.0,2.0,1.0,0.0,8.0,1.0,13.0,0.0,19.0,0.0,24.0,0.0,28.0,0.0,31.0,1.0,33.0,1.0,34.0,1.0,34.0,2.0,32.0,3.0,28.0,2.0,25.0,1.0,19.0,0.0,14.0,-1.0,8.0,-4.0,2.0,-6.0,-5.0,-9.0,-11.0,-11.0,-17.0,-14.0,-20.0,-17.0,-23.0
2.661,122.0,-96.0,7.0,0.0,0.0,0.0,0.0,0.0,0.0,0.0,0.0,0.0,-19.0,19.0,-20.0,19.0,-19.0,18.0,-18.0,17.0,-15.0,14.0,-12.0,11.0,-10.0,7.0,-6.0,3.0,-3.0,-1.0,0.0,-6.0,3.0,-11.0,5.0,-15.0,7.0,-20.0,9.0,-24.0,12.0,-27.0,12.0,-29.0,12.0,-30.0,11.0,-29.0,10.0,-28.0,9.0,-26.0,7.0,-22.0,6.0,-18.0,5.0,-13.0,4.0,-7.0,2.0,-1.0,2.0,5.0
2.6759,122.0,-96.0,7.0,0.0,0.0,0.0,0.0,0.0,0.0,0.0,0.0,0.0,7.0,25.0,6.0,26.0,6.0,25.0,6.0,23.0,5.0,20.0,4.0,15.0,2.0,11.0,0.0,6.0,-2.0,1.0,-5.0,-4.0,-8.0,-9.0,-11.0,-13.0,-14.0,-17.0,-16.0,-21.0,-18.0,-24.0,-20.0,-25.0,-21.0,-25.0,-21.0,-25.0,-20.0,-23.0,-19.0,-21.0,-16.0,-17.0,-13.0,-14.0,-9.0,-10.0,-5.0,-7.0,0.0,-4.0,5.0,-1.0
2.6901,122.0,-96.0,7.0,0.0,0.0,0.0,0.0,0.0,0.0,0.0,0.0,0.0,17.0,-9.0,13.0,-8.0,9.0,-6.0,5.0,-2.0,1.0,1.0,-4.0,5.0,-7.0,9.0,-11.0,12.0,-14.0,16.0,-17.0,19.0,-20.0,21.0,-20.0,23.0,-20.0,24.0,-20.0,24.0,-18.0,23.0,-16.0,22.0,-14.0,18.0,-11.0,15.0,-9.0,10.0,-6.0,5.0,-4.0,-1.0,-1.0,-6.0,1.0,-13.0,3.0,-18.0,3.0,-22.0,3.0,-25.0
2.7025,122.0,-96.0,7.0,0.0,0.0,0.0,0.0,0.0,0.0,0.0,0.0,0.0,-2.0,-4.0,-1.0,-9.0,1.0,-14.0,2.0,-19.0,3.0,-25.0,4.0,-28.0,4.0,-31.0,4.0,-34.0,3.0,-34.0,3.0,-34.0,2.0,-31.0,2.0,-29.0,2.0,-26.0,1.0,-20.0,2.0,-14.0,1.0,-8.0,2.0,-1.0,4.0,5.0,5.0,11.0,8.0,17.0,9.0,23.0,12.0,25.0,14.0,30.0,15.0,30.0,16.0,30.0,17.0,29.0
2.7154,122.0,-96.0,7.0,0.0,0.0,0.0,0.0,0.0,0.0,0.0,0.0,0.0,2.0,-19.0,3.0,-21.0,3.0,-24.0,3.0,-25.0,3.0,-26.0,3.0,-26.0,3.0,-24.0,2.0,-22.0,2.0,-19.0,2.0,-15.0,1.0,-10.0,1.0,-5.0,2.0,-1.0,2.0,5.0,3.0,10.0,3.0,15.0,4.0,20.0,5.0,22.0,6.0,25.0,7.0,27.0,7.0,27.0,7.0,26.0,8.0,24.0,7.0,22.0,6.0,18.0,5.0,14.0
2.7305,122.0,-96.0,7.0,0.0,0.0,0.0,0.0,0.0,0.0,0.0,0.0,0.0,-1.0,3.0,-6.0,6.0,-10.0,9.0,-14.0,12.0,-18.0,15.0,-22.0,18.0,-23.0,20.0,-25.0,22.0,-24.0,22.0,-25.0,22.0,-23.0,21.0,-20.0,19.0,-18.0,17.0,-14.0,13.0,-11.0,8.0,-6.0,4.0,-2.0,-2.0,0.0,-8.0,3.0,-14.0,6.0,-19.0,8.0,-25.0,8.0,-28.0,9.0,-32.0,8.0,-33.0,8.0,-34.0,7.0,-34.0
2.7458,122.0,-96.0,7.0,0.0,0.0,0.0,0.0,0.0,0.0,0.0,0.0,0.0,-4.0,18.0,-3.0,14.0,-3.0,10.0,-3.0,5.0,-3.0,-1.0,-3.0,-6.0,-4.0,-12.0,-4.0,-17.0,-5.0,-22.0,-6.0,-26.0,-6.0,-28.0,-7.0,-30.0,-8.0,-31.0,-8.0,-31.0,-8.0,-28.0,-9.0,-25.0,-7.0,-22.0,-6.0,-18.0,-4.0,-13.0,-1.0,-8.0,2.0,-3.0,5.0,3.0,8.0,8.0,11.0,13.0,15.0,15.0,18.0,17.0
2.7601,122.0,-96.0,7.0,0.0,0.0,0.0,0.0,0.0,0.0,0.0,0.0,0.0,-15.0,11.0,-17.0,13.0,-19.0,14.0,-20.0,15.0,-20.0,15.0,-20.0,15.0,-19.0,14.0,-17.0,13.0,-15.0,11.0,-12.0,8.0,-8.0,5.0,-5.0,2.0,-2.0,-2.0,2.0,-6.0,5.0,-11.0,8.0,-14.0,10.0,-18.0,11.0,-21.0,13.0,-23.0,13.0,-25.0,13.0,-25.0,12.0,-25.0,11.0,-23.0,9.0,-21.0,7.0,-18.0,6.0,-14.0
2.7678,122.0,-96.0,7.0,0.0,0.0,0.0,0.0,0.0,0.0,0.0,0.0,0.0,23.0,2.0,24.0,3.0,23.0,3.0,24.0,4.0,23.0,4.0,24.0,5.0,23.0,5.0,23.0,6.0,23.0,6.0,23.0,6.0,23.0,7.0,23.0,7.0,22.0,7.0,22.0,8.0,22.0,8.0,21.0,8.0,21.0,8.0,21.0,8.0,21.0,9.0,21.0,8.0,21.0,7.0,20.0,7.0,20.0,7.0,20.0,7.0,20.0,7.0,20.0,6.0
2.782,122.0,-96.0,7.0,0.0,0.0,0.0,0.0,0.0,0.0,0.0,0.0,0.0,17.0,-20.0,18.0,-20.0,17.0,-19.0,15.0,-17.0,13.0,-14.0,10.0,-11.0,7.0,-7.0,4.0,-3.0,1.0,2.0,-2.0,7.0,-4.0,12.0,-6.0,16.0,-8.0,20.0,-9.0,24.0,-11.0,27.0,-11.0,29.0,-11.0,30.0,-10.0,29.0,-9.0,28.0,-8.0,25.0,-6.0,21.0,-5.0,16.0,-4.0,11.0,-4.0,6.0,-3.0,0.0,-3.0,-7.0
2.796,122.0,-96.0,7.0,0.0,0.0,0.0,0.0,0.0,0.0,0.0,0.0,0.0,-9.0,-18.0,-7.0,-14.0,-4.0,-10.0,-1.0,-5.0,3.0,-1.0,7.0,4.0,11.0,8.0,15.0,12.0,19.0,15.0,22.0,18.0,24.0,20.0,26.0,20.0,27.0,20.0,27.0,20.0,25.0,18.0,23.0,15.0,20.0,13.0,15.0,10.0,10.0,8.0,4.0,5.0,-2.0,3.0,-8.0,0.0,-15.0,-1.0,-20.0,-3.0,-25.0,-3.0,-29.0,-2.0
2.8104,122.0,-96.0,7.0,0.0,0.0,0.0,0.0,0.0,0.0,0.0,0.0,0.0,0.0,3.0,-2.0,7.0,-5.0,11.0,-7.0,15.0,-9.0,19.0,-11.0,23.0,-11.0,25.0,-13.0,27.0,-11.0,27.0,-12.0,27.0,-10.0,26.0,-9.0,23.0,-8.0,20.0,-6.0,15.0,-6.0,10.0,-4.0,5.0,-3.0,-1.0,-3.0,-7.0,-3.0,-13.0,-3.0,-19.0,-4.0,-23.0,-5.0,-26.0,-6.0,-30.0,-8.0,-30.0,-8.0,-30.0,-9.0,-30.0
2.8252,122.0,-96.0,7.0,0.0,0.0,0.0,0.0,0.0,0.0,0.0,0.0,0.0,-12.0,-17.0,-14.0,-20.0,-16.0,-22.0,-16.0,-23.0,-17.0,-24.0,-17.0,-24.0,-16.0,-22.0,-15.0,-20.0,-12.0,-18.0,-9.0,-14.0,-6.0,-10.0,-2.0,-6.0,2.0,-2.0,7.0,2.0,11.0,5.0,15.0,9.0,20.0,11.0,23.0,13.0,25.0,14.0,27.0,15.0,28.0,14.0,27.0,14.0,26.0,12.0,23.0,10.0,19.0,8.0,15.0,7.0
2.836,122.0,-96.0,7.0,0.0,0.0,0.0,0.0,0.0,0.0,0.0,0.0,0.0,-5.0,19.0,-5.0,19.0,-6.0,19.0,-6.0,19.0,-7.0,19.0,-7.0,19.0,-7.0,18.0,-8.0,18.0,-8.0,18.0,-8.0,18.0,-9.0,18.0,-8.0,18.0,-8.0,17.0,-9.0,17.0,-10.0,17.0,-9.0,17.0,-9.0,17.0,-10.0,16.0,-10.0,16.0,-9.0,16.0,-9.0,16.0,-9.0,15.0,-9.0,16.0,-9.0,16.0,-8.0,15.0,-8.0,15.0
2.8471,122.0,-96.0,7.0,0.0,0.0,0.0,0.0,0.0,0.0,0.0,0.0,0.0,3.0,-3.0,8.0,-1.0,13.0,1.0,18.0,1.0,23.0,2.0,28.0,3.0,31.0,2.0,33.0,2.0,33.0,1.0,32.0,1.0,30.0,0.0,27.0,0.0,24.0,0.0,19.0,1.0,13.0,1.0,6.0,1.0,-1.0,3.0,-7.0,5.0,-13.0,7.0,-18.0,10.0,-23.0,12.0,-25.0,15.0,-29.0,17.0,-29.0,18.0,-29.0,19.0,-28.0,20.0
2.8602,122.0,-96.0,7.0,0.0,0.0,0.0,0.0,0.0,0.0,0.0,0.0,0.0,3.0,1.0,5.0,6.0,6.0,11.0,9.0,16.0,11.0,21.0,13.0,24.0,14.0,26.0,16.0,29.0,16.0,28.0,17.0,28.0,16.0,25.0,15.0,23.0,12.0,20.0,10.0,16.0,6.0,12.0,2.0,6.0,-3.0,1.0,-9.0,-2.0,-14.0,-7.0,-18.0,-9.0,-24.0,-12.0,-27.0,-13.0,-31.0,-14.0,-32.0,-13.0,-33.0,-13.0,-32.0,-11.0
2.8748,122.0,-96.0,7.0,0.0,0.0,0.0,0.0,0.0,0.0,0.0,0.0,0.0,-3.0,3.0,-9.0,3.0,-14.0,2.0,-19.0,2.0,-24.0,3.0,-28.0,4.0,-30.0,5.0,-33.0,5.0,-33.0,6.0,-33.0,6.0,-30.0,6.0,-27.0,6.0,-24.0,5.0,-19.0,3.0,-14.0,1.0,-7.0,0.0,-1.0,-4.0,4.0,-8.0,9.0,-11.0,14.0,-15.0,18.0,-18.0,20.0,-21.0,23.0,-24.0,22.0,-26.0,22.0,-27.0,21.0,-27.0
2.8878,122.0,-96.0,7.0,0.0,0.0,0.0,0.0,0.0,0.0,0.0,0.0,0.0,15.0,-14.0,18.0,-16.0,20.0,-17.0,21.0,-18.0,21.0,-19.0,21.0,-19.0,20.0,-18.0,17.0,-16.0,16.0,-14.0,12.0,-10.0,8.0,-7.0,5.0,-3.0,2.0,2.0,-2.0,7.0,-5.0,12.0,-8.0,16.0,-10.0,21.0,-10.0,24.0,-12.0,27.0,-12.0,29.0,-11.0,30.0,-11.0,29.0,-9.0,27.0,-8.0,24.0,-7.0,20.0,-5.0,15.0
2.9021,122.0,-96.0,7.0,0.0,0.0,0.0,0.0,0.0,0.0,0.0,0.0,0.0,-6.0,-21.0,-6.0,-24.0,-7.0,-26.0,-8.0,-27.0,-8.0,-28.0,-8.0,-27.0,-8.0,-26.0,-8.0,-23.0,-6.0,-21.0,-5.0,-16.0,-3.0,-11.0,0.0,-6.0,3.0,-1.0,6.0,4.0,9.0,8.0,13.0,13.0,16.0,16.0,19.0,18.0,21.0,20.0,23.0,20.0,23.0,20.0,23.0,20.0,22.0,18.0,19.0,15.0,17.0,12.0,12.0,10.0
2.9156,122.0,-96.0,7.0,0.0,0.0,0.0,0.0,0.0,0.0,0.0,0.0,0.0,-9.0,-19.0,-10.0,-22.0,-11.0,-24.0,-12.0,-26.0,-12.0,-26.0,-12.0,-26.0,-11.0,-25.0,-10.0,-22.0,-8.0,-20.0,-6.0,-15.0,-4.0,-11.0,-1.0,-6.0,3.0,-2.0,6.0,3.0,10.0,7.0,14.0,11.0,17.0,14.0,21.0,16.0,23.0,17.0,24.0,18.0,25.0,18.0,25.0,18.0,24.0,16.0,21.0,13.0,18.0,11.0,14.0,9.0
2.9285,122.0,-96.0,7.0,0.0,0.0,0.0,0.0,0.0,0.0,0.0,0.0,0.0,0.0,-24.0,0.0,-23.0,-1.0,-22.0,-1.0,-20.0,0.0,-18.0,0.0,-13.0,0.0,-10.0,1.0,-4.0,3.0,0.0,4.0,4.0,6.0,9.0,8.0,12.0,9.0,16.0,11.0,19.0,12.0,21.0,14.0,23.0,15.0,22.0,14.0,22.0,14.0,20.0,13.0,18.0,11.0,14.0,9.0,11.0,5.0,8.0,2.0,5.0,-2.0,2.0,-7.0,-1.0
2.9428,122.0,-96.0,7.0,0.0,0.0,0.0,0.0,0.0,0.0,0.0,0.0,0.0,1.0,3.0,0.0,7.0,-2.0,12.0,-3.0,16.0,-4.0,20.0,-4.0,24.0,-4.0,26.0,-5.0,29.0,-3.0,29.0,-3.0,29.0,-2.0,26.0,-2.0,24.0,-2.0,21.0,-1.0,16.0,-2.0,11.0,-2.0,6.0,-3.0,0.0,-6.0,-6.0,-8.0,-11.0,-10.0,-15.0,-13.0,-20.0,-15.0,-21.0,-17.0,-25.0,-19.0,-24.0,-20.0,-24.0,-20.0,-23.0
2.9536,122.0,-96.0,7.0,0.0,0.0,0.0,0.0,0.0,0.0,0.0,0.0,0.0,9.0,-23.0,10.0,-23.0,10.0,-23.0,10.0,-23.0,11.0,-23.0,12.0,-22.0,12.0,-22.0,13.0,-22.0,12.0,-22.0,13.0,-21.0,14.0,-21.0,14.0,-21.0,13.0,-20.0,14.0,-20.0,14.0,-20.0,14.0,-20.0,14.0,-20.0,14.0,-19.0,14.0,-19.0,13.0,-19.0,13.0,-19.0,12.0,-19.0,13.0,-18.0,12.0,-18.0,12.0,-18.0,12.0,-18.0
2.9664,122.0,-96.0,7.0,0.0,0.0,0.0,0.0,0.0,0.0,0.0,0.0,0.0,20.0,11.0,20.0,11.0,19.0,11.0,17.0,10.0,15.0,9.0,11.0,6.0,8.0,5.0,3.0,3.0,-2.0,2.0,-6.0,1.0,-11.0,1.0,-15.0,0.0,-19.0,0.0,-23.0,-1.0,-26.0,-1.0,-27.0,0.0,-28.0,1.0,-27.0,1.0,-26.0,1.0,-23.0,2.0,-19.0,2.0,-16.0,1.0,-11.0,0.0,-7.0,-2.0,-2.0,-4.0,2.0,-6.0
2.98,122.0,-96.0,7.0,0.0,0.0,0.0,0.0,0.0,0.0,0.0,0.0,0.0,-7.0,-18.0,-6.0,-14.0,-4.0,-10.0,-1.0,-7.0,2.0,-2.0,6.0,2.0,10.0,5.0,13.0,9.0,16.0,12.0,19.0,14.0,22.0,16.0,24.0,16.0,25.0,16.0,25.0,16.0,23.0,14.0,21.0,12.0,18.0,10.0,14.0,8.0,10.0,7.0,5.0,5.0,-1.0,4.0,-6.0,2.0,-13.0,2.0,-18.0,1.0,-22.0,2.0,-25.0,4.0
2.9887,122.0,-96.0,7.0,0.0,0.0,0.0,0.0,0.0,0.0,0.0,0.0,0.0,-3.0,19.0,-4.0,19.0,-4.0,19.0,-5.0,19.0,-5.0,19.0,-6.0,18.0,-6.0,19.0,-5.0,20.0,-8.0,18.0,-7.0,18.0,-7.0,18.0,-8.0,18.0,-8.0,18.0,-8.0,18.0,-9.0,17.0,-9.0,17.0,-9.0,17.0,-9.0,17.0,-9.0,17.0,-9.0,16.0,-8.0,16.0,-8.0,16.0,-8.0,16.0,-8.0,16.0,-7.0,16.0,-7.0,15.0
2.9989,122.0,-96.0,7.0,0.0,0.0,0.0,0.0,0.0,0.0,0.0,0.0,0.0,-14.0,20.0,-14.0,20.0,-15.0,20.0,-15.0,20.0,-16.0,19.0,-17.0,19.0,-17.0,18.0,-18.0,18.0,-18.0,18.0,-17.0,18.0,-18.0,18.0,-18.0,18.0,-18.0,17.0,-19.0,17.0,-19.0,16.0,-19.0,16.0,-19.0,15.0,-19.0,15.0,-18.0,15.0,-18.0,15.0,-18.0,15.0,-18.0,15.0,-18.0,15.0,-17.0,15.0,-16.0,15.0,-16.0,15.0
3.0127,122.0,-96.0,7.0,0.0,0.0,0.0,0.0,0.0,0.0,0.0,0.0,0.0,-2.0,-4.0,3.0,-6.0,8.0,-8.0,13.0,-11.0,17.0,-14.0,21.0,-17.0,22.0,-19.0,25.0,-21.0,24.0,-22.0,24.0,-23.0,22.0,-22.0,20.0,-21.0,18.0,-18.0,14.0,-14.0,11.0,-10.0,7.0,-5.0,3.0,1.0,1.0,7.0,-2.0,13.0,-3.0,18.0,-4.0,24.0,-4.0,27.0,-4.0,32.0,-2.0,33.0,-1.0,33.0,0.0,33.0
3.0268,122.0,-96.0,7.0,0.0,0.0,0.0,0.0,0.0,0.0,0.0,0.0,0.0,17.0,19.0,17.0,20.0,16.0,19.0,15.0,18.0,13.0,15.0,10.0,12.0,7.0,9.0,2.0,6.0,-2.0,3.0,-7.0,0.0,-12.0,-2.0,-16.0,-4.0,-21.0,-6.0,-25.0,-7.0,-28.0,-8.0,-31.0,-8.0,-31.0,-7.0,-31.0,-7.0,-30.0,-6.0,-27.0,-4.0,-23.0,-3.0,-18.0,-3.0,-13.0,-3.0,-8.0,-4.0,-2.0,-5.0,4.0,-6.0
3.0394,122.0,-96.0,7.0,0.0,0.0,0.0,0.0,0.0,0.0,0.0,0.0,0.0,-5.0,-30.0,-5.0,-30.0,-5.0,-29.0,-5.0,-26.0,-4.0,-23.0,-3.0,-19.0,-2.0,-14.0,0.0,-8.0,3.0,-3.0,6.0,3.0,9.0,8.0,12.0,13.0,15.0,17.0,18.0,21.0,20.0,24.0,22.0,26.0,23.0,25.0,24.0,24.0,23.0,23.0,21.0,20.0,18.0,16.0,15.0,13.0,10.0,10.0,4.0,7.0,-2.0,4.0,-8.0,1.0
3.0535,122.0,-96.0,7.0,0.0,0.0,0.0,0.0,0.0,0.0,0.0,0.0,0.0,-17.0,-10.0,-20.0,-13.0,-22.0,-14.0,-24.0,-15.0,-25.0,-15.0,-25.0,-15.0,-24.0,-14.0,-22.0,-13.0,-20.0,-12.0,-15.0,-9.0,-11.0,-7.0,-6.0,-5.0,0.0,-4.0,6.0,-3.0,11.0,-2.0,17.0,-1.0,21.0,-1.0,26.0,-1.0,28.0,-1.0,31.0,-2.0,31.0,-3.0,31.0,-3.0,29.0,-4.0,25.0,-4.0,21.0,-4.0,17.0,-3.0
3.0631,122.0,-96.0,7.0,0.0,0.0,0.0,0.0,0.0,0.0,0.0,0.0,0.0,-1.0,19.0,-1.0,19.0,-2.0,19.0,-3.0,19.0,-3.0,19.0,-3.0,19.0,-4.0,19.0,-4.0,20.0,-4.0,19.0,-5.0,19.0,-5.0,19.0,-5.0,19.0,-5.0,19.0,-6.0,19.0,-6.0,18.0,-6.0,19.0,-6.0,18.0,-7.0,18.0,-6.0,18.0,-6.0,17.0,-6.0,17.0,-6.0,17.0,-6.0,17.0,-6.0,17.0,-5.0,17.0,-5.0,16.0
3.0746,122.0,-96.0,7.0,0.0,0.0,0.0,0.0,0.0,0.0,0.0,0.0,0.0,3.0,-3.0,8.0,-1.0,13.0,2.0,17.0,4.0,22.0,5.0,26.0,6.0,29.0,6.0,32.0,7.0,32.0,5.0,32.0,5.0,30.0,3.0,27.0,3.0,24.0,3.0,19.0,2.0,13.0,3.0,7.0,2.0,0.0,3.0,-6.0,5.0,-12.0,7.0,-17.0,9.0,-23.0,11.0,-25.0,14.0,-29.0,16.0,-28.0,18.0,-29.0,19.0,-28.0,19.0
3.087,122.0,-96.0,7.0,0.0,0.0,0.0,0.0,0.0,0.0,0.0,0.0,0.0,-6.0,-20.0,-4.0,-16.0,-3.0,-11.0,0.0,-6.0,3.0,-1.0,7.0,4.0,10.0,8.0,14.0,13.0,17.0,16.0,20.0,19.0,22.0,21.0,24.0,22.0,25.0,22.0,25.0,22.0,24.0,20.0,22.0,16.0,19.0,14.0,14.0,11.0,10.0,9.0,5.0,6.0,-1.0,4.0,-8.0,1.0,-14.0,0.0,-20.0,-2.0,-25.0,-1.0,-29.0,0.0
3.0947,122.0,-96.0,7.0,0.0,0.0,0.0,0.0,0.0,0.0,0.0,0.0,0.0,10.0,15.0,10.0,16.0,10.0,16.0,10.0,16.0,9.0,17.0,9.0,17.0,9.0,17.0,9.0,17.0,8.0,17.0,8.0,17.0,7.0,18.0,7.0,18.0,7.0,18.0,6.0,18.0,6.0,18.0,6.0,18.0,6.0,17.0,6.0,17.0,6.0,18.0,6.0,17.0,7.0,17.0,6.0,16.0,6.0,16.0,6.0,16.0,6.0,16.0,6.0,15.0
3.1026,122.0,-96.0,7.0,0.0,0.0,0.0,0.0,0.0,0.0,0.0,0.0,0.0,8.0,17.0,8.0,17.0,7.0,17.0,7.0,18.0,7.0,18.0,6.0,18.0,6.0,18.0,5.0,19.0,5.0,18.0,5.0,19.0,5.0,19.0,5.0,19.0,4.0,18.0,4.0,19.0,3.0,19.0,4.0,19.0,4.0,18.0,3.0,18.0,3.0,18.0,4.0,18.0,3.0,17.0,3.0,17.0,3.0,17.0,4.0,17.0,4.0,16.0,4.0,16.0
3.1158,122.0,-96.0,7.0,0.0,0.0,0.0,0.0,0.0,0.0,0.0,0.0,0.0,3.0,0.0,5.0,5.0,6.0,9.0,7.0,14.0,10.0,18.0,12.0,21.0,13.0,23.0,14.0,25.0,15.0,25.0,15.0,25.0,15.0,22.0,14.0,20.0,12.0,18.0,9.0,14.0,5.0,11.0,2.0,6.0,-3.0,2.0,-8.0,-1.0,-12.0,-5.0,-16.0,-7.0,-21.0,-10.0,-24.0,-10.0,-28.0,-11.0,-29.0,-10.0,-29.0,-10.0,-29.0,-9.0
3.1303,122.0,-96.0,7.0,0.0,0.0,0.0,0.0,0.0,0.0,0.0,0.0,0.0,-1.0,3.0,-5.0,5.0,-10.0,6.0,-14.0,9.0,-18.0,11.0,-21.0,13.0,-23.0,15.0,-25.0,16.0,-25.0,17.0,-24.0,16.0,-22.0,16.0,-20.0,15.0,-18.0,13.0,-14.0,10.0,-11.0,6.0,-6.0,3.0,-3.0,-2.0,0.0,-8.0,3.0,-12.0,5.0,-17.0,7.0,-22.0,7.0,-25.0,9.0,-28.0,7.0,-29.0,7.0,-30.0,6.0,-30.0
3.1431,122.0,-96.0,7.0,0.0,0.0,0.0,0.0,0.0,0.0,0.0,0.0,0.0,-22.0,5.0,-17.0,3.0,-12.0,1.0,-7.0,-1.0,-1.0,-5.0,5.0,-8.0,10.0,-12.0,15.0,-16.0,19.0,-19.0,22.0,-23.0,25.0,-25.0,25.0,-27.0,25.0,-28.0,25.0,-28.0,23.0,-27.0,19.0,-25.0,17.0,-21.0,14.0,-17.0,10.0,-12.0,7.0,-6.0,4.0,1.0,1.0,7.0,-1.0,15.0,-3.0,21.0,-3.0,26.0,-2.0,31.0
3.1531,122.0,-96.0,7.0,0.0,0.0,0.0,0.0,0.0,0.0,0.0,0.0,0.0,-19.0,-8.0,-19.0,-8.0,-19.0,-8.0,-19.0,-9.0,-19.0,-9.0,-19.0,-10.0,-18.0,-10.0,-18.0,-10.0,-18.0,-11.0,-18.0,-11.0,-17.0,-11.0,-17.0,-11.0,-17.0,-11.0,-17.0,-12.0,-16.0,-12.0,-16.0,-12.0,-16.0,-12.0,-16.0,-12.0,-16.0,-12.0,-15.0,-11.0,-15.0,-11.0,-15.0,-11.0,-16.0,-11.0,-15.0,-11.0,-15.0,-10.0,-15.0,-10.0
3.1672,122.0,-96.0,7.0,0.0,0.0,0.0,0.0,0.0,0.0,0.0,0.0,0.0,-19.0,6.0,-15.0,4.0,-11.0,2.0,-6.0,-1.0,-1.0,-4.0,4.0,-7.0,8.0,-11.0,12.0,-15.0,16.0,-18.0,18.0,-22.0,21.0,-24.0,21.0,-26.0,21.0,-27.0,21.0,-27.0,19.0,-26.0,15.0,-23.0,14.0,-20.0,11.0,-16.0,9.0,-11.0,6.0,-6.0,3.0,1.0,1.0,7.0,0.0,13.0,-2.0,19.0,-1.0,24.0,0.0,28.0
3.1812,122.0,-96.0,7.0,0.0,0.0,0.0,0.0,0.0,0.0,0.0,0.0,0.0,-1.0,3.0,-6.0,7.0,-10.0,9.0,-14.0,12.0,-18.0,15.0,-21.0,18.0,-23.0,20.0,-25.0,22.0,-24.0,23.0,-23.0,23.0,-21.0,22.0,-19.0,20.0,-17.0,17.0,-14.0,14.0,-11.0,9.0,-6.0,4.0,-3.0,-2.0,-1.0,-8.0,1.0,-14.0,2.0,-20.0,3.0,-25.0,3.0,-29.0,3.0,-33.0,2.0,-34.0,1.0,-34.0,0.0,-34.0
3.1909,122.0,-96.0,7.0,0.0,0.0,0.0,0.0,0.0,0.0,0.0,0.0,0.0,-19.0,8.0,-19.0,7.0,-19.0,7.0,-20.0,7.0,-20.0,6.0,-20.0,6.0,-20.0,5.0,-20.0,5.0,-20.0,5.0,-20.0,4.0,-20.0,4.0,-20.0,4.0,-20.0,3.0,-20.0,3.0,-20.0,2.0,-20.0,3.0,-20.0,3.0,-20.0,2.0,-20.0,2.0,-19.0,2.0,-19.0,3.0,-19.0,3.0,-19.0,2.0,-18.0,3.0,-18.0,3.0,-18.0,3.0
3.205,122.0,-96.0,7.0,0.0,0.0,0.0,0.0,0.0,0.0,0.0,0.0,0.0,18.0,-2.0,14.0,-1.0,10.0,-1.0,5.0,0.0,0.0,2.0,-5.0,4.0,-9.0,7.0,-14.0,9.0,-18.0,11.0,-21.0,14.0,-23.0,16.0,-24.0,17.0,-25.0,18.0,-25.0,18.0,-22.0,18.0,-19.0,17.0,-17.0,14.0,-14.0,11.0,-11.0,7.0,-7.0,3.0,-4.0,-2.0,-1.0,-7.0,2.0,-12.0,4.0,-18.0,5.0,-21.0,4.0,-25.0
3.2204,122.0,-96.0,7.0,0.0,0.0,0.0,0.0,0.0,0.0,0.0,0.0,0.0,12.0,14.0,9.0,11.0,6.0,8.0,2.0,5.0,-2.0,2.0,-7.0,-1.0,-11.0,-3.0,-16.0,-5.0,-21.0,-7.0,-24.0,-8.0,-27.0,-9.0,-29.0,-9.0,-30.0,-9.0,-30.0,-9.0,-28.0,-7.0,-25.0,-5.0,-22.0,-5.0,-18.0,-4.0,-13.0,-4.0,-7.0,-3.0,-1.0,-4.0,4.0,-5.0,11.0,-6.0,16.0,-7.0,20.0,-9.0,22.0,-11.0
3.234,122.0,-96.0,7.0,0.0,0.0,0.0,0.0,0.0,0.0,0.0,0.0,0.0,-14.0,-22.0,-16.0,-26.0,-18.0,-27.0,-19.0,-30.0,-20.0,-30.0,-20.0,-30.0,-19.0,-28.0,-17.0,-24.0,-15.0,-22.0,-11.0,-17.0,-7.0,-12.0,-3.0,-8.0,2.0,-3.0,8.0,2.0,14.0,6.0,18.0,10.0,24.0,13.0,28.0,15.0,31.0,16.0,34.0,16.0,35.0,16.0,34.0,15.0,32.0,13.0,29.0,11.0,25.0,9.0,19.0,7.0
3.2445,122.0,-96.0,7.0,0.0,0.0,0.0,0.0,0.0,0.0,0.0,0.0,0.0,11.0,-17.0,12.0,-17.0,12.0,-17.0,12.0,-16.0,13.0,-16.0,13.0,-16.0,13.0,-15.0,14.0,-15.0,14.0,-15.0,14.0,-15.0,14.0,-14.0,14.0,-14.0,14.0,-14.0,15.0,-14.0,15.0,-13.0,14.0,-13.0,14.0,-13.0,14.0,-13.0,14.0,-13.0,13.0,-13.0,13.0,-13.0,13.0,-13.0,13.0,-12.0,13.0,-12.0,13.0,-13.0,12.0,-13.0
3.2578,122.0,-96.0,7.0,0.0,0.0,0.0,0.0,0.0,0.0,0.0,0.0,0.0,0.0,3.0,-5.0,6.0,-9.0,8.0,-14.0,11.0,-18.0,14.0,-21.0,16.0,-23.0,19.0,-26.0,20.0,-25.0,22.0,-25.0,21.0,-23.0,21.0,-21.0,19.0,-19.0,17.0,-15.0,13.0,-12.0,9.0,-7.0,4.0,-4.0,-2.0,-1.0,-8.0,2.0,-14.0,4.0,-19.0,5.0,-25.0,5.0,-28.0,6.0,-32.0,4.0,-33.0,3.0,-34.0,3.0,-34.0
3.2717,122.0,-96.0,7.0,0.0,0.0,0.0,0.0,0.0,0.0,0.0,0.0,0.0,-3.0,-3.0,-3.0,-8.0,-3.0,-12.0,-3.0,-17.0,-3.0,-22.0,-3.0,-25.0,-4.0,-27.0,-4.0,-30.0,-5.0,-30.0,-5.0,-30.0,-6.0,-28.0,-5.0,-25.0,-4.0,-22.0,-4.0,-18.0,-2.0,-13.0,-1.0,-7.0,2.0,-2.0,6.0,3.0,9.0,8.0,12.0,12.0,15.0,16.0,18.0,17.0,21.0,20.0,22.0,20.0,22.0,20.0,23.0,19.0
3.2854,122.0,-96.0,7.0,0.0,0.0,0.0,0.0,0.0,0.0,0.0,0.0,0.0,14.0,-12.0,10.0,-9.0,7.0,-6.0,4.0,-2.0,1.0,2.0,-2.0,7.0,-3.0,11.0,-6.0,16.0,-8.0,20.0,-9.0,24.0,-10.0,26.0,-10.0,28.0,-10.0,29.0,-10.0,29.0,-8.0,27.0,-6.0,24.0,-6.0,21.0,-5.0,16.0,-4.0,11.0,-4.0,6.0,-4.0,0.0,-4.0,-6.0,-5.0,-12.0,-6.0,-17.0,-8.0,-21.0,-10.0,-24.0
3.2945,122.0,-96.0,7.0,0.0,0.0,0.0,0.0,0.0,0.0,0.0,0.0,0.0,18.0,-11.0,18.0,-11.0,18.0,-10.0,19.0,-10.0,19.0,-9.0,19.0,-9.0,19.0,-8.0,19.0,-8.0,19.0,-8.0,20.0,-7.0,19.0,-7.0,19.0,-7.0,19.0,-6.0,20.0,-5.0,19.0,-5.0,19.0,-5.0,19.0,-5.0,19.0,-5.0,19.0,-5.0,18.0,-5.0,18.0,-5.0,18.0,-5.0,17.0,-5.0,17.0,-5.0,17.0,-5.0,16.0,-5.0
3.3085,122.0,-96.0,7.0,0.0,0.0,0.0,0.0,0.0,0.0,0.0,0.0,0.0,18.0,-5.0,14.0,-4.0,10.0,-2.0,6.0,0.0,1.0,2.0,-4.0,5.0,-8.0,8.0,-13.0,11.0,-16.0,14.0,-18.0,16.0,-21.0,19.0,-22.0,21.0,-22.0,22.0,-22.0,22.0,-20.0,21.0,-17.0,20.0,-15.0,17.0,-12.0,13.0,-10.0,9.0,-6.0,4.0,-4.0,-1.0,-2.0,-7.0,0.0,-12.0,2.0,-18.0,2.0,-22.0,1.0,-26.0
3.3191,122.0,-96.0,7.0,0.0,0.0,0.0,0.0,0.0,0.0,0.0,0.0,0.0,13.0,-17.0,14.0,-16.0,14.0,-16.0,14.0,-16.0,15.0,-16.0,15.0,-15.0,15.0,-15.0,16.0,-14.0,16.0,-14.0,16.0,-14.0,16.0,-13.0,16.0,-13.0,16.0,-13.0,16.0,-13.0,16.0,-12.0,16.0,-12.0,16.0,-12.0,16.0,-12.0,16.0,-12.0,15.0,-12.0,15.0,-12.0,15.0,-12.0,15.0,-12.0,14.0,-12.0,14.0,-12.0,13.0,-12.0
3.3308,122.0,-96.0,7.0,0.0,0.0,0.0,0.0,0.0,0.0,0.0,0.0,0.0,20.0,-8.0,16.0,-6.0,11.0,-4.0,6.0,-1.0,0.0,3.0,-6.0,7.0,-10.0,12.0,-15.0,15.0,-19.0,20.0,-22.0,22.0,-24.0,25.0,-25.0,27.0,-25.0,28.0,-25.0,29.0,-23.0,28.0,-19.0,25.0,-17.0,22.0,-14.0,17.0,-11.0,12.0,-7.0,5.0,-5.0,-1.0,-2.0,-8.0,0.0,-16.0,2.0,-22.0,2.0,-27.0,1.0,-32.0
3.3437,122.0,-96.0,7.0,0.0,0.0,0.0,0.0,0.0,0.0,0.0,0.0,0.0,2.0,-2.0,6.0,3.0,8.0,8.0,11.0,12.0,14.0,16.0,18.0,19.0,20.0,21.0,22.0,24.0,23.0,23.0,23.0,23.0,23.0,21.0,21.0,19.0,18.0,17.0,15.0,13.0,10.0,10.0,5.0,6.0,-1.0,3.0,-8.0,1.0,-13.0,-2.0,-19.0,-4.0,-25.0,-5.0,-28.0,-5.0,-33.0,-6.0,-34.0,-4.0,-35.0,-4.0,-34.0,-3.0
3.3572,122.0,-96.0,7.0,0.0,0.0,0.0,0.0,0.0,0.0,0.0,0.0,0.0,27.0,-11.0,28.0,-11.0,26.0,-10.0,24.0,-10.0,21.0,-8.0,16.0,-7.0,12.0,-4.0,7.0,-1.0,2.0,2.0,-3.0,6.0,-7.0,10.0,-12.0,13.0,-16.0,17.0,-19.0,21.0,-22.0,24.0,-23.0,25.0,-23.0,27.0,-22.0,27.0,-21.0,26.0,-18.0,24.0,-15.0,21.0,-12.0,16.0,-10.0,11.0,-7.0,5.0,-4.0,-1.0,-3.0,-7.0
3.3707,122.0,-96.0,7.0,0.0,0.0,0.0,0.0,0.0,0.0,0.0,0.0,0.0,-2.0,21.0,-3.0,25.0,-3.0,28.0,-3.0,30.0,-3.0,31.0,-2.0,31.0,-2.0,30.0,-2.0,27.0,-2.0,24.0,-2.0,19.0,-2.0,13.0,-2.0,7.0,-4.0,1.0,-5.0,-6.0,-7.0,-12.0,-8.0,-18.0,-10.0,-23.0,-13.0,-27.0,-14.0,-30.0,-16.0,-32.0,-17.0,-32.0,-17.0,-32.0,-16.0,-29.0,-15.0,-26.0,-13.0,-22.0,-10.0,-18.0
3.3784,122.0,-96.0,7.0,0.0,0.0,0.0,0.0,0.0,0.0,0.0,0.0,0.0,21.0,1.0,21.0,2.0,21.0,2.0,21.0,3.0,21.0,3.0,21.0,4.0,21.0,4.0,21.0,5.0,21.0,5.0,20.0,5.0,20.0,5.0,20.0,5.0,20.0,5.0,20.0,6.0,19.0,7.0,19.0,6.0,19.0,6.0,19.0,7.0,18.0,6.0,18.0,6.0,18.0,6.0,18.0,5.0,18.0,5.0,18.0,5.0,17.0,5.0,17.0,4.0
3.3929,122.0,-96.0,7.0,0.0,0.0,0.0,0.0,0.0,0.0,0.0,0.0,0.0,2.0,-18.0,3.0,-21.0,3.0,-23.0,4.0,-24.0,3.0,-25.0,3.0,-25.0,3.0,-24.0,2.0,-22.0,2.0,-19.0,2.0,-15.0,2.0,-11.0,1.0,-6.0,2.0,0.0,2.0,5.0,3.0,10.0,4.0,14.0,5.0,19.0,7.0,22.0,7.0,24.0,8.0,25.0,9.0,26.0,9.0,25.0,10.0,23.0,9.0,21.0,8.0,17.0,6.0,13.0
3.4025,122.0,-96.0,7.0,0.0,0.0,0.0,0.0,0.0,0.0,0.0,0.0,0.0,8.0,-20.0,9.0,-20.0,10.0,-20.0,10.0,-20.0,11.0,-20.0,11.0,-19.0,11.0,-19.0,12.0,-19.0,12.0,-19.0,12.0,-18.0,12.0,-18.0,12.0,-18.0,12.0,-18.0,13.0,-17.0,13.0,-17.0,13.0,-17.0,13.0,-16.0,13.0,-16.0,13.0,-16.0,12.0,-16.0,12.0,-15.0,12.0,-16.0,12.0,-15.0,11.0,-15.0,11.0,-15.0,10.0,-15.0
3.4144,122.0,-96.0,7.0,0.0,0.0,0.0,0.0,0.0,0.0,0.0,0.0,0.0,-21.0,-10.0,-16.0,-7.0,-11.0,-6.0,-5.0,-4.0,2.0,-3.0,9.0,-1.0,15.0,-1.0,21.0,-1.0,26.0,0.0,31.0,-1.0,34.0,0.0,36.0,-1.0,37.0,-3.0,37.0,-2.0,35.0,-3.0,31.0,-4.0,26.0,-3.0,21.0,-2.0,15.0,-1.0,8.0,0.0,2.0,3.0,-5.0,5.0,-12.0,8.0,-19.0,11.0,-22.0,14.0,-26.0,17.0
3.4274,122.0,-96.0,7.0,0.0,0.0,0.0,0.0,0.0,0.0,0.0,0.0,0.0,-22.0,7.0,-17.0,5.0,-13.0,3.0,-7.0,0.0,-1.0,-3.0,4.0,-7.0,9.0,-11.0,14.0,-15.0,19.0,-18.0,22.0,-22.0,25.0,-24.0,25.0,-26.0,25.0,-27.0,26.0,-27.0,23.0,-27.0,19.0,-24.0,17.0,-21.0,14.0,-17.0,11.0,-12.0,7.0,-7.0,3.0,0.0,0.0,6.0,-3.0,14.0,-6.0,20.0,-6.0,25.0,-6.0,30.0
3.4373,122.0,-96.0,7.0,0.0,0.0,0.0,0.0,0.0,0.0,0.0,0.0,0.0,23.0,-15.0,23.0,-14.0,24.0,-14.0,24.0,-13.0,25.0,-13.0,24.0,-12.0,25.0,-12.0,25.0,-11.0,25.0,-11.0,26.0,-10.0,25.0,-9.0,26.0,-10.0,25.0,-9.0,25.0,-9.0,25.0,-8.0,25.0,-8.0,24.0,-8.0,25.0,-8.0,24.0,-7.0,24.0,-8.0,23.0,-8.0,23.0,-8.0,23.0,-8.0,22.0,-8.0,22.0,-8.0,21.0,-9.0
3.4491,122.0,-96.0,7.0,0.0,0.0,0.0,0.0,0.0,0.0,0.0,0.0,0.0,0.0,-4.0,4.0,-7.0,9.0,-10.0,13.0,-13.0,16.0,-16.0,19.0,-20.0,21.0,-21.0,23.0,-23.0,22.0,-24.0,22.0,-24.0,20.0,-23.0,18.0,-21.0,16.0,-18.0,12.0,-15.0,9.0,-10.0,5.0,-5.0,1.0,1.0,-1.0,7.0,-4.0,12.0,-6.0,17.0,-8.0,23.0,-8.0,26.0,-9.0,30.0,-8.0,32.0,-7.0,32.0,-7.0,32.0
3.4643,122.0,-96.0,7.0,0.0,0.0,0.0,0.0,0.0,0.0,0.0,0.0,0.0,-9.0,27.0,-9.0,27.0,-9.0,25.0,-8.0,24.0,-7.0,19.0,-5.0,15.0,-5.0,10.0,-3.0,4.0,-2.0,-2.0,-3.0,-8.0,-3.0,-13.0,-2.0,-19.0,-2.0,-24.0,-3.0,-29.0,-2.0,-32.0,-3.0,-34.0,-4.0,-35.0,-4.0,-34.0,-4.0,-33.0,-4.0,-29.0,-4.0,-25.0,-3.0,-20.0,-2.0,-14.0,0.0,-9.0,2.0,-3.0,4.0,3.0
3.4715,122.0,-96.0,7.0,0.0,18.0,2.0,18.0,2.0,17.0,2.0,17.0,2.0,17.0,1.0,17.0,1.0,17.0,0.0,16.0,0.0,16.0,0.0,16.0,0.0,16.0,0.0,16.0,0.0,15.0,-1.0,16.0,-1.0,15.0,-1.0,15.0,0.0,15.0,0.0,14.0,-1.0,14.0,0.0,14.0,0.0,13.0,0.0,13.0,0.0,12.0,1.0,12.0,1.0,12.0,1.0,0.0,0.0,0.0,0.0,0.0,0.0,0.0,0.0,0.0,0.0
3.4813,122.0,-96.0,7.0,0.0,-9.0,17.0,-8.0,18.0,-7.0,17.0,-8.0,17.0,-7.0,17.0,-7.0,17.0,-6.0,16.0,-6.0,17.0,-5.0,16.0,-5.0,16.0,-5.0,16.0,-4.0,17.0,-5.0,17.0,-4.0,16.0,-5.0,16.0,-4.0,16.0,-4.0,15.0,-5.0,15.0,-5.0,14.0,-5.0,14.0,-5.0,13.0,-5.0,12.0,-5.0,12.0,-5.0,12.0,-5.0,12.0,0.0,0.0,0.0,0.0,0.0,0.0,0.0,0.0,0.0,0.0
3.491,122.0,-96.0,7.0,0.0,18.0,-4.0,17.0,-5.0,18.0,-5.0,17.0,-5.0,17.0,-5.0,17.0,-6.0,16.0,-6.0,15.0,-6.0,16.0,-6.0,16.0,-7.0,15.0,-7.0,15.0,-7.0,14.0,-7.0,15.0,-7.0,14.0,-7.0,15.0,-7.0,14.0,-6.0,14.0,-6.0,13.0,-6.0,13.0,-6.0,12.0,-6.0,12.0,-5.0,12.0,-5.0,12.0,-4.0,11.0,-4.0,0.0,0.0,0.0,0.0,0.0,0.0,0.0,0.0,0.0,0.0
3.5044,122.0,-96.0,7.0,0.0,0.0,23.0,1.0,26.0,1.0,30.0,2.0,31.0,3.0,31.0,3.0,31.0,4.0,29.0,3.0,26.0,3.0,22.0,2.0,17.0,1.0,13.0,-1.0,7.0,-3.0,2.0,-5.0,-3.0,-8.0,-8.0,-10.0,-12.0,-11.0,-15.0,-12.0,-17.0,-13.0,-19.0,-13.0,-19.0,-13.0,-19.0,-13.0,-18.0,-11.0,-17.0,-9.0,-14.0,-7.0,-11.0,0.0,0.0,0.0,0.0,0.0,0.0,0.0,0.0,0.0,0.0
3.5153,122.0,-96.0,7.0,0.0,-23.0,-9.0,-23.0,-9.0,-22.0,-8.0,-22.0,-8.0,-22.0,-7.0,-22.0,-7.0,-21.0,-6.0,-22.0,-5.0,-21.0,-5.0,-22.0,-5.0,-22.0,-4.0,-21.0,-4.0,-21.0,-4.0,-21.0,-4.0,-21.0,-4.0,-20.0,-4.0,-20.0,-4.0,-19.0,-4.0,-19.0,-4.0,-18.0,-4.0,-17.0,-4.0,-17.0,-4.0,-17.0,-4.0,-16.0,-4.0,-16.0,-5.0,0.0,0.0,0.0,0.0,0.0,0.0,0.0,0.0,0.0,0.0
3.529,122.0,-96.0,7.0,0.0,20.0,-9.0,16.0,-7.0,11.0,-5.0,7.0,-2.0,3.0,1.0,-2.0,5.0,-5.0,9.0,-9.0,12.0,-11.0,15.0,-12.0,18.0,-14.0,21.0,-14.0,22.0,-14.0,22.0,-13.0,21.0,-12.0,20.0,-11.0,17.0,-8.0,14.0,-7.0,10.0,-5.0,6.0,-4.0,2.0,-3.0,-1.0,-1.0,-5.0,0.0,-8.0,1.0,-11.0,1.0,-13.0,0.0,0.0,0.0,0.0,0.0,0.0,0.0,0.0,0.0,0.0
3.5427,122.0,-96.0,7.0,0.0,6.0,-20.0,8.0,-23.0,9.0,-26.0,8.0,-28.0,8.0,-28.0,7.0,-28.0,6.0,-26.0,5.0,-23.0,4.0,-20.0,3.0,-16.0,2.0,-11.0,2.0,-6.0,2.0,-1.0,3.0,4.0,3.0,9.0,3.0,13.0,3.0,16.0,3.0,18.0,3.0,19.0,3.0,20.0,3.0,19.0,4.0,18.0,3.0,16.0,2.0,13.0,1.0,11.0,0.0,0.0,0.0,0.0,0.0,0.0,0.0,0.0,0.0,0.0
3.5558,122.0,-96.0,7.0,0.0,15.0,19.0,11.0,15.0,7.0,11.0,3.0,7.0,-2.0,3.0,-6.0,0.0,-12.0,-3.0,-16.0,-6.0,-20.0,-7.0,-23.0,-8.0,-27.0,-8.0,-28.0,-8.0,-29.0,-8.0,-27.0,-8.0,-26.0,-7.0,-22.0,-6.0,-18.0,-6.0,-14.0,-5.0,-9.0,-4.0,-4.0,-4.0,0.0,-3.0,4.0,-2.0,8.0,-2.0,11.0,-2.0,13.0,-2.0,0.0,0.0,0.0,0.0,0.0,0.0,0.0,0.0,0.0,0.0
3.5694,122.0,-96.0,7.0,0.0,11.0,-17.0,13.0,-21.0,14.0,-23.0,15.0,-25.0,15.0,-25.0,14.0,-25.0,12.0,-23.0,11.0,-21.0,9.0,-18.0,7.0,-14.0,5.0,-10.0,3.0,-5.0,2.0,0.0,1.0,5.0,0.0,9.0,-1.0,13.0,-1.0,16.0,-2.0,18.0,-3.0,20.0,-3.0,20.0,-3.0,19.0,-2.0,18.0,-2.0,16.0,-2.0,13.0,-2.0,11.0,0.0,0.0,0.0,0.0,0.0,0.0,0.0,0.0,0.0,0.0
3.5831,122.0,-96.0,7.0,0.0,2.0,-3.0,5.0,2.0,8.0,7.0,12.0,12.0,15.0,16.0,18.0,18.0,21.0,19.0,21.0,19.0,22.0,19.0,22.0,18.0,21.0,17.0,19.0,15.0,15.0,12.0,12.0,10.0,8.0,7.0,2.0,5.0,-2.0,2.0,-6.0,0.0,-10.0,-3.0,-13.0,-4.0,-16.0,-5.0,-17.0,-6.0,-19.0,-7.0,-18.0,-6.0,-18.0,-6.0,0.0,0.0,0.0,0.0,0.0,0.0,0.0,0.0,0.0,0.0
3.5924,122.0,-96.0,7.0,0.0,-11.0,21.0,-11.0,21.0,-10.0,21.0,-10.0,21.0,-9.0,20.0,-8.0,20.0,-8.0,20.0,-7.0,20.0,-7.0,20.0,-7.0,20.0,-7.0,20.0,-7.0,20.0,-6.0,20.0,-6.0,19.0,-6.0,19.0,-6.0,19.0,-6.0,19.0,-6.0,18.0,-6.0,17.0,-6.0,17.0,-6.0,16.0,-6.0,15.0,-6.0,15.0,-6.0,14.0,-7.0,14.0,0.0,0.0,0.0,0.0,0.0,0.0,0.0,0.0,0.0,0.0
3.6056,122.0,-96.0,7.0,0.0,27.0,-13.0,27.0,-14.0,24.0,-13.0,22.0,-13.0,18.0,-11.0,14.0,-9.0,11.0,-6.0,6.0,-3.0,2.0,0.0,-1.0,4.0,-4.0,8.0,-7.0,12.0,-9.0,15.0,-10.0,17.0,-12.0,19.0,-13.0,20.0,-12.0,20.0,-11.0,19.0,-10.0,17.0,-9.0,15.0,-8.0,12.0,-6.0,9.0,-5.0,5.0,-3.0,3.0,-2.0,-1.0,0.0,0.0,0.0,0.0,0.0,0.0,0.0,0.0,0.0,0.0
3.6165,122.0,-96.0,7.0,0.0,17.0,-18.0,17.0,-19.0,17.0,-18.0,16.0,-18.0,15.0,-18.0,15.0,-19.0,14.0,-19.0,14.0,-19.0,13.0,-19.0,13.0,-19.0,12.0,-19.0,12.0,-19.0,12.0,-19.0,12.0,-18.0,12.0,-18.0,12.0,-18.0,12.0,-17.0,11.0,-17.0,11.0,-16.0,11.0,-16.0,11.0,-15.0,10.0,-15.0,10.0,-14.0,10.0,-14.0,10.0,-13.0,0.0,0.0,0.0,0.0,0.0,0.0,0.0,0.0,0.0,0.0
3.6294,122.0,-96.0,7.0,0.0,-17.0,16.0,-14.0,13.0,-9.0,9.0,-7.0,4.0,-4.0,0.0,-1.0,-6.0,1.0,-10.0,3.0,-15.0,4.0,-19.0,4.0,-22.0,4.0,-24.0,4.0,-26.0,4.0,-26.0,3.0,-26.0,3.0,-23.0,3.0,-22.0,2.0,-18.0,2.0,-14.0,1.0,-9.0,1.0,-5.0,2.0,-1.0,1.0,2.0,2.0,6.0,2.0,9.0,2.0,11.0,0.0,0.0,0.0,0.0,0.0,0.0,0.0,0.0,0.0,0.0
3.6442,122.0,-96.0,7.0,0.0,-21.0,-6.0,-25.0,-7.0,-27.0,-7.0,-29.0,-7.0,-29.0,-7.0,-28.0,-6.0,-27.0,-5.0,-24.0,-4.0,-20.0,-3.0,-17.0,-3.0,-12.0,-3.0,-7.0,-3.0,-2.0,-3.0,3.0,-3.0,8.0,-4.0,12.0,-5.0,15.0,-5.0,17.0,-5.0,19.0,-5.0,19.0,-5.0,19.0,-5.0,18.0,-5.0,16.0,-4.0,14.0,-4.0,11.0,-3.0,0.0,0.0,0.0,0.0,0.0,0.0,0.0,0.0,0.0,0.0
3.6541,122.0,-96.0,7.0,0.0,8.0,-18.0,8.0,-18.0,8.0,-17.0,8.0,-17.0,7.0,-17.0,7.0,-17.0,7.0,-16.0,6.0,-17.0,6.0,-17.0,5.0,-17.0,5.0,-17.0,5.0,-17.0,5.0,-17.0,5.0,-16.0,5.0,-16.0,5.0,-16.0,5.0,-15.0,5.0,-15.0,5.0,-14.0,5.0,-14.0,5.0,-13.0,5.0,-13.0,5.0,-13.0,5.0,-12.0,5.0,-12.0,0.0,0.0,0.0,0.0,0.0,0.0,0.0,0.0,0.0,0.0
3.6682,122.0,-96.0,7.0,0.0,-23.0,12.0,-27.0,15.0,-30.0,17.0,-31.0,18.0,-30.0,19.0,-29.0,19.0,-28.0,18.0,-25.0,17.0,-21.0,15.0,-17.0,11.0,-13.0,7.0,-8.0,3.0,-4.0,-2.0,0.0,-6.0,4.0,-11.0,7.0,-15.0,10.0,-18.0,11.0,-20.0,13.0,-22.0,13.0,-22.0,12.0,-21.0,12.0,-20.0,11.0,-18.0,10.0,-16.0,8.0,-13.0,0.0,0.0,0.0,0.0,0.0,0.0,0.0,0.0,0.0,0.0
3.6818,122.0,-96.0,7.0,0.0,8.0,-30.0,8.0,-30.0,7.0,-28.0,6.0,-25.0,4.0,-22.0,3.0,-17.0,3.0,-13.0,2.0,-7.0,2.0,-2.0,3.0,3.0,3.0,8.0,4.0,13.0,5.0,16.0,6.0,20.0,7.0,21.0,6.0,22.0,7.0,22.0,7.0,21.0,6.0,19.0,5.0,17.0,4.0,13.0,3.0,10.0,1.0,7.0,0.0,3.0,-2.0,0.0,0.0,0.0,0.0,0.0,0.0,0.0,0.0,0.0,0.0,0.0
3.6959,122.0,-96.0,7.0,0.0,19.0,-16.0,16.0,-13.0,10.0,-9.0,7.0,-4.0,3.0,1.0,-1.0,5.0,-4.0,11.0,-7.0,15.0,-9.0,19.0,-10.0,22.0,-11.0,26.0,-11.0,27.0,-10.0,28.0,-9.0,26.0,-8.0,24.0,-8.0,21.0,-6.0,17.0,-5.0,13.0,-4.0,8.0,-3.0,3.0,-3.0,-2.0,-2.0,-5.0,-1.0,-9.0,-1.0,-12.0,0.0,-14.0,0.0,0.0,0.0,0.0,0.0,0.0,0.0,0.0,0.0,0.0
3.705,122.0,-96.0,7.0,0.0,-8.0,18.0,-7.0,18.0,-7.0,17.0,-7.0,17.0,-6.0,17.0,-5.0,17.0,-5.0,16.0,-5.0,17.0,-5.0,16.0,-4.0,16.0,-4.0,16.0,-4.0,16.0,-4.0,16.0,-4.0,16.0,-4.0,16.0,-4.0,16.0,-4.0,15.0,-4.0,15.0,-4.0,14.0,-4.0,14.0,-4.0,13.0,-4.0,13.0,-4.0,13.0,-4.0,12.0,-5.0,12.0,0.0,0.0,0.0,0.0,0.0,0.0,0.0,0.0,0.0,0.0
3.7189,122.0,-96.0,7.0,0.0,-2.0,2.0,-6.0,-3.0,-10.0,-7.0,-14.0,-12.0,-17.0,-15.0,-21.0,-18.0,-23.0,-19.0,-25.0,-19.0,-25.0,-19.0,-25.0,-18.0,-24.0,-17.0,-22.0,-15.0,-18.0,-13.0,-14.0,-11.0,-10.0,-8.0,-5.0,-6.0,0.0,-3.0,4.0,-1.0,8.0,1.0,12.0,2.0,15.0,4.0,16.0,5.0,17.0,5.0,18.0,5.0,18.0,5.0,0.0,0.0,0.0,0.0,0.0,0.0,0.0,0.0,0.0,0.0
3.7282,122.0,-96.0,7.0,0.0,-19.0,4.0,-19.0,4.0,-19.0,3.0,-18.0,4.0,-18.0,4.0,-18.0,4.0,-17.0,4.0,-17.0,5.0,-17.0,5.0,-17.0,5.0,-17.0,5.0,-17.0,6.0,-16.0,6.0,-16.0,6.0,-16.0,5.0,-16.0,5.0,-16.0,5.0,-15.0,4.0,-15.0,4.0,-14.0,4.0,-14.0,4.0,-14.0,3.0,-14.0,3.0,-13.0,3.0,-13.0,2.0,0.0,0.0,0.0,0.0,0.0,0.0,0.0,0.0,0.0,0.0
3.7417,122.0,-96.0,7.0,0.0,7.0,-18.0,8.0,-21.0,9.0,-23.0,9.0,-25.0,9.0,-25.0,8.0,-25.0,7.0,-23.0,6.0,-21.0,5.0,-18.0,4.0,-15.0,3.0,-10.0,2.0,-6.0,2.0,-1.0,2.0,3.0,2.0,7.0,1.0,11.0,1.0,14.0,1.0,16.0,1.0,18.0,1.0,18.0,1.0,18.0,1.0,16.0,0.0,15.0,0.0,12.0,0.0,10.0,0.0,0.0,0.0,0.0,0.0,0.0,0.0,0.0,0.0,0.0
3.7567,122.0,-96.0,7.0,0.0,-2.0,-3.0,4.0,-3.0,11.0,-4.0,15.0,-4.0,20.0,-4.0,23.0,-5.0,26.0,-6.0,26.0,-8.0,27.0,-9.0,26.0,-9.0,24.0,-8.0,21.0,-7.0,17.0,-6.0,14.0,-4.0,9.0,-3.0,5.0,0.0,1.0,2.0,-4.0,4.0,-7.0,6.0,-10.0,8.0,-12.0,8.0,-14.0,9.0,-14.0,10.0,-15.0,10.0,-14.0,10.0,0.0,0.0,0.0,0.0,0.0,0.0,0.0,0.0,0.0,0.0
3.7706,122.0,-96.0,7.0,0.0,-2.0,21.0,-2.0,25.0,-2.0,27.0,-1.0,29.0,-1.0,29.0,-1.0,29.0,0.0,27.0,0.0,23.0,0.0,19.0,0.0,15.0,0.0,11.0,-1.0,6.0,-3.0,0.0,-5.0,-4.0,-6.0,-9.0,-8.0,-13.0,-9.0,-16.0,-9.0,-18.0,-9.0,-19.0,-9.0,-19.0,-9.0,-19.0,-9.0,-17.0,-8.0,-16.0,-7.0,-13.0,-5.0,-11.0,0.0,0.0,0.0,0.0,0.0,0.0,0.0,0.0,0.0,0.0
3.7848,122.0,-96.0,7.0,0.0,4.0,20.0,5.0,25.0,6.0,26.0,7.0,29.0,7.0,28.0,8.0,27.0,8.0,26.0,7.0,22.0,6.0,18.0,4.0,14.0,3.0,10.0,0.0,6.0,-3.0,1.0,-6.0,-3.0,-8.0,-7.0,-10.0,-10.0,-13.0,-13.0,-14.0,-15.0,-14.0,-16.0,-14.0,-16.0,-14.0,-16.0,-13.0,-15.0,-12.0,-13.0,-10.0,-11.0,-8.0,-9.0,0.0,0.0,0.0,0.0,0.0,0.0,0.0,0.0,0.0,0.0
3.7942,122.0,-96.0,7.0,0.0,17.0,-3.0,18.0,-3.0,17.0,-3.0,17.0,-3.0,17.0,-3.0,16.0,-4.0,16.0,-4.0,16.0,-4.0,16.0,-4.0,16.0,-5.0,15.0,-5.0,15.0,-5.0,15.0,-5.0,15.0,-5.0,15.0,-5.0,15.0,-5.0,15.0,-4.0,14.0,-4.0,14.0,-4.0,13.0,-4.0,13.0,-3.0,13.0,-3.0,12.0,-3.0,12.0,-2.0,12.0,-2.0,0.0,0.0,0.0,0.0,0.0,0.0,0.0,0.0,0.0,0.0
3.8076,122.0,-96.0,7.0,0.0,10.0,-16.0,12.0,-19.0,14.0,-21.0,14.0,-22.0,13.0,-23.0,12.0,-23.0,11.0,-21.0,10.0,-19.0,8.0,-17.0,6.0,-13.0,4.0,-9.0,3.0,-4.0,2.0,0.0,2.0,4.0,1.0,8.0,0.0,13.0,0.0,15.0,-1.0,17.0,-1.0,18.0,-1.0,18.0,-1.0,17.0,-1.0,16.0,-1.0,14.0,-1.0,12.0,-1.0,10.0,0.0,0.0,0.0,0.0,0.0,0.0,0.0,0.0,0.0,0.0
3.8211,122.0,-96.0,7.0,0.0,-3.0,2.0,-7.0,-3.0,-11.0,-8.0,-15.0,-12.0,-18.0,-15.0,-22.0,-18.0,-24.0,-19.0,-25.0,-18.0,-26.0,-18.0,-25.0,-17.0,-24.0,-17.0,-22.0,-14.0,-18.0,-12.0,-14.0,-9.0,-9.0,-7.0,-4.0,-5.0,1.0,-3.0,5.0,-2.0,10.0,0.0,13.0,1.0,16.0,2.0,17.0,3.0,19.0,4.0,18.0,3.0,18.0,3.0,0.0,0.0,0.0,0.0,0.0,0.0,0.0,0.0,0.0,0.0
3.8373,122.0,-96.0,7.0,0.0,2.0,0.0,0.0,5.0,-2.0,9.0,-3.0,14.0,-4.0,17.0,-5.0,20.0,-5.0,23.0,-5.0,24.0,-4.0,24.0,-3.0,23.0,-3.0,22.0,-3.0,19.0,-2.0,16.0,-2.0,12.0,-2.0,8.0,-3.0,4.0,-2.0,-1.0,-3.0,-5.0,-3.0,-8.0,-3.0,-11.0,-4.0,-13.0,-5.0,-14.0,-5.0,-15.0,-4.0,-15.0,-4.0,-15.0,0.0,0.0,0.0,0.0,0.0,0.0,0.0,0.0,0.0,0.0
3.848,122.0,-96.0,7.0,0.0,21.0,22.0,21.0,21.0,20.0,19.0,18.0,17.0,16.0,14.0,12.0,11.0,8.0,8.0,3.0,5.0,-1.0,2.0,-6.0,0.0,-11.0,-1.0,-15.0,-2.0,-19.0,-3.0,-22.0,-4.0,-24.0,-4.0,-24.0,-4.0,-24.0,-4.0,-23.0,-4.0,-21.0,-3.0,-18.0,-3.0,-14.0,-2.0,-11.0,-2.0,-7.0,-2.0,-3.0,-2.0,0.0,-2.0,0.0,0.0,0.0,0.0,0.0,0.0,0.0,0.0,0.0,0.0
3.8581,122.0,-96.0,7.0,0.0,-21.0,10.0,-21.0,10.0,-19.0,10.0,-19.0,10.0,-19.0,10.0,-18.0,11.0,-17.0,11.0,-17.0,11.0,-17.0,11.0,-17.0,11.0,-16.0,12.0,-16.0,12.0,-16.0,12.0,-16.0,12.0,-16.0,11.0,-16.0,11.0,-15.0,11.0,-15.0,10.0,-15.0,10.0,-14.0,9.0,-14.0,9.0,-14.0,9.0,-14.0,8.0,-14.0,8.0,-14.0,7.0,0.0,0.0,0.0,0.0,0.0,0.0,0.0,0.0,0.0,0.0
3.8715,122.0,-96.0,7.0,0.0,6.0,-23.0,6.0,-28.0,7.0,-30.0,7.0,-32.0,7.0,-32.0,5.0,-32.0,4.0,-30.0,4.0,-27.0,3.0,-22.0,2.0,-18.0,1.0,-14.0,2.0,-8.0,2.0,-2.0,4.0,4.0,4.0,9.0,5.0,13.0,6.0,17.0,6.0,19.0,6.0,21.0,6.0,21.0,6.0,21.0,6.0,19.0,5.0,17.0,4.0,15.0,3.0,12.0,0.0,0.0,0.0,0.0,0.0,0.0,0.0,0.0,0.0,0.0
3.885,122.0,-96.0,7.0,0.0,4.0,-25.0,4.0,-20.0,3.0,-14.0,3.0,-8.0,3.0,-1.0,4.0,4.0,5.0,10.0,6.0,15.0,8.0,19.0,10.0,22.0,11.0,24.0,13.0,25.0,13.0,25.0,13.0,24.0,12.0,22.0,10.0,19.0,9.0,16.0,6.0,12.0,3.0,8.0,0.0,4.0,-3.0,0.0,-5.0,-3.0,-8.0,-5.0,-10.0,-7.0,-11.0,-9.0,0.0,0.0,0.0,0.0,0.0,0.0,0.0,0.0,0.0,0.0
3.899,122.0,-96.0,7.0,0.0,-4.0,-25.0,-3.0,-21.0,-2.0,-14.0,0.0,-9.0,3.0,-2.0,5.0,3.0,8.0,8.0,10.0,13.0,14.0,15.0,16.0,17.0,19.0,19.0,20.0,20.0,20.0,20.0,20.0,19.0,19.0,18.0,16.0,15.0,13.0,13.0,9.0,10.0,5.0,7.0,1.0,4.0,-3.0,1.0,-6.0,-1.0,-9.0,-3.0,-11.0,-4.0,-13.0,-6.0,0.0,0.0,0.0,0.0,0.0,0.0,0.0,0.0,0.0,0.0
3.9125,122.0,-96.0,7.0,0.0,-14.0,18.0,-12.0,14.0,-8.0,9.0,-6.0,4.0,-4.0,-1.0,-2.0,-6.0,0.0,-11.0,0.0,-16.0,1.0,-20.0,0.0,-23.0,0.0,-26.0,-1.0,-27.0,-1.0,-27.0,-2.0,-26.0,-2.0,-24.0,-1.0,-21.0,-1.0,-17.0,-1.0,-13.0,0.0,-9.0,1.0,-4.0,2.0,0.0,2.0,3.0,4.0,6.0,4.0,9.0,4.0,11.0,0.0,0.0,0.0,0.0,0.0,0.0,0.0,0.0,0.0,0.0
3.9218,122.0,-96.0,7.0,0.0,-19.0,1.0,-19.0,1.0,-18.0,1.0,-18.0,2.0,-17.0,3.0,-17.0,2.0,-17.0,3.0,-17.0,3.0,-16.0,3.0,-16.0,3.0,-17.0,4.0,-16.0,4.0,-16.0,4.0,-16.0,4.0,-16.0,4.0,-15.0,4.0,-15.0,4.0,-15.0,3.0,-14.0,3.0,-14.0,3.0,-13.0,3.0,-13.0,3.0,-13.0,2.0,-13.0,2.0,-13.0,1.0,0.0,0.0,0.0,0.0,0.0,0.0,0.0,0.0,0.0,0.0
3.9355,122.0,-96.0,7.0,0.0,0.0,-3.0,5.0,0.0,9.0,3.0,13.0,5.0,16.0,7.0,19.0,8.0,21.0,8.0,23.0,8.0,23.0,7.0,22.0,7.0,21.0,6.0,18.0,5.0,15.0,4.0,12.0,3.0,7.0,3.0,4.0,2.0,-1.0,2.0,-5.0,2.0,-8.0,1.0,-11.0,1.0,-14.0,1.0,-15.0,1.0,-16.0,1.0,-16.0,1.0,-15.0,1.0,0.0,0.0,0.0,0.0,0.0,0.0,0.0,0.0,0.0,0.0
3.9441,122.0,-96.0,7.0,0.0,21.0,15.0,21.0,14.0,21.0,14.0,20.0,13.0,20.0,13.0,21.0,12.0,21.0,11.0,21.0,11.0,21.0,11.0,21.0,10.0,21.0,10.0,20.0,10.0,20.0,9.0,20.0,9.0,20.0,9.0,20.0,9.0,19.0,9.0,19.0,9.0,18.0,9.0,17.0,9.0,17.0,9.0,16.0,9.0,16.0,9.0,15.0,9.0,14.0,9.0,0.0,0.0,0.0,0.0,0.0,0.0,0.0,0.0,0.0,0.0
3.9581,122.0,-96.0,7.0,0.0,16.0,-20.0,13.0,-16.0,9.0,-11.0,6.0,-6.0,3.0,0.0,1.0,5.0,-1.0,11.0,-2.0,16.0,-3.0,20.0,-2.0,24.0,-2.0,27.0,-2.0,29.0,-2.0,29.0,-1.0,27.0,0.0,26.0,-1.0,22.0,0.0,18.0,-1.0,13.0,-1.0,8.0,-2.0,4.0,-3.0,-1.0,-3.0,-4.0,-5.0,-8.0,-5.0,-11.0,-6.0,-13.0,0.0,0.0,0.0,0.0,0.0,0.0,0.0,0.0,0.0,0.0
3.971,122.0,-96.0,7.0,0.0,20.0,8.0,17.0,7.0,11.0,5.0,6.0,4.0,1.0,3.0,-5.0,2.0,-10.0,2.0,-15.0,2.0,-19.0,2.0,-22.0,3.0,-25.0,5.0,-26.0,5.0,-26.0,6.0,-25.0,5.0,-23.0,5.0,-21.0,5.0,-17.0,3.0,-14.0,2.0,-9.0,0.0,-5.0,-1.0,-2.0,-2.0,2.0,-3.0,4.0,-5.0,7.0,-6.0,9.0,-7.0,0.0,0.0,0.0,0.0,0.0,0.0,0.0,0.0,0.0,0.0
3.9839,122.0,-96.0,7.0,0.0,-19.0,13.0,-16.0,11.0,-10.0,7.0,-7.0,3.0,-4.0,-1.0,-1.0,-6.0,2.0,-11.0,4.0,-15.0,5.0,-19.0,6.0,-22.0,6.0,-25.0,6.0,-26.0,6.0,-26.0,5.0,-25.0,4.0,-23.0,4.0,-21.0,3.0,-17.0,2.0,-13.0,2.0,-8.0,2.0,-4.0,2.0,0.0,2.0,4.0,2.0,7.0,2.0,10.0,1.0,11.0,0.0,0.0,0.0,0.0,0.0,0.0,0.0,0.0,0.0,0.0
3.9999,122.0,-96.0,7.0,0.0,14.0,18.0,17.0,20.0,19.0,23.0,21.0,24.0,22.0,24.0,21.0,23.0,21.0,21.0,18.0,17.0,15.0,14.0,12.0,11.0,8.0,9.0,3.0,6.0,-1.0,3.0,-7.0,0.0,-11.0,-3.0,-15.0,-5.0,-18.0,-7.0,-20.0,-8.0,-21.0,-9.0,-22.0,-8.0,-21.0,-9.0,-20.0,-8.0,-18.0,-8.0,-15.0,-6.0,-12.0,-5.0,0.0,0.0,0.0,0.0,0.0,0.0,0.0,0.0,0.0,0.0
4.0123,122.0,-96.0,7.0,0.0,1.0,-3.0,5.0,1.0,8.0,6.0,12.0,10.0,15.0,13.0,18.0,15.0,20.0,16.0,21.0,16.0,22.0,16.0,21.0,14.0,20.0,14.0,18.0,12.0,15.0,10.0,12.0,8.0,7.0,6.0,3.0,4.0,-1.0,2.0,-5.0,0.0,-9.0,-1.0,-12.0,-2.0,-15.0,-4.0,-16.0,-4.0,-17.0,-4.0,-17.0,-4.0,-17.0,-4.0,0.0,0.0,0.0,0.0,0.0,0.0,0.0,0.0,0.0,0.0
4.0252,122.0,-96.0,7.0,0.0,1.0,2.0,-6.0,2.0,-12.0,2.0,-17.0,3.0,-22.0,3.0,-26.0,4.0,-28.0,5.0,-30.0,6.0,-30.0,7.0,-29.0,8.0,-27.0,7.0,-24.0,6.0,-20.0,5.0,-16.0,3.0,-11.0,1.0,-7.0,0.0,-1.0,-3.0,3.0,-5.0,7.0,-7.0,10.0,-9.0,12.0,-10.0,14.0,-11.0,15.0,-11.0,15.0,-11.0,15.0,-11.0,0.0,0.0,0.0,0.0,0.0,0.0,0.0,0.0,0.0,0.0
4.0353,122.0,-96.0,7.0,0.0,-8.0,20.0,-7.0,19.0,-7.0,19.0,-7.0,18.0,-7.0,19.0,-6.0,18.0,-6.0,18.0,-5.0,18.0,-5.0,18.0,-4.0,18.0,-4.0,18.0,-4.0,18.0,-4.0,17.0,-4.0,18.0,-4.0,17.0,-4.0,18.0,-4.0,16.0,-5.0,16.0,-5.0,16.0,-5.0,15.0,-5.0,14.0,-5.0,14.0,-4.0,14.0,-4.0,13.0,-5.0,13.0,0.0,0.0,0.0,0.0,0.0,0.0,0.0,0.0,0.0,0.0
4.0479,122.0,-96.0,7.0,0.0,19.0,22.0,20.0,22.0,19.0,20.0,17.0,18.0,15.0,15.0,12.0,12.0,8.0,8.0,3.0,5.0,-1.0,2.0,-6.0,0.0,-10.0,-2.0,-14.0,-3.0,-18.0,-5.0,-21.0,-6.0,-23.0,-6.0,-23.0,-6.0,-23.0,-7.0,-22.0,-6.0,-20.0,-6.0,-17.0,-5.0,-14.0,-4.0,-11.0,-4.0,-7.0,-3.0,-3.0,-2.0,0.0,-1.0,0.0,0.0,0.0,0.0,0.0,0.0,0.0,0.0,0.0,0.0
4.0577,122.0,-96.0,7.0,0.0,-4.0,-19.0,-4.0,-19.0,-4.0,-18.0,-4.0,-19.0,-5.0,-18.0,-5.0,-18.0,-5.0,-17.0,-5.0,-17.0,-5.0,-17.0,-6.0,-17.0,-6.0,-17.0,-6.0,-16.0,-6.0,-16.0,-6.0,-16.0,-6.0,-16.0,-6.0,-16.0,-6.0,-16.0,-5.0,-15.0,-5.0,-15.0,-5.0,-14.0,-4.0,-14.0,-4.0,-13.0,-4.0,-13.0,-3.0,-13.0,-3.0,-13.0,0.0,0.0,0.0,0.0,0.0,0.0,0.0,0.0,0.0,0.0
4.0711,122.0,-96.0,7.0,0.0,31.0,-28.0,30.0,-29.0,27.0,-28.0,25.0,-25.0,20.0,-21.0,16.0,-17.0,12.0,-12.0,7.0,-6.0,3.0,0.0,0.0,6.0,-3.0,13.0,-5.0,19.0,-7.0,24.0,-7.0,27.0,-7.0,30.0,-8.0,31.0,-8.0,31.0,-7.0,29.0,-7.0,26.0,-6.0,23.0,-5.0,18.0,-4.0,13.0,-3.0,8.0,-3.0,4.0,-2.0,-1.0,0.0,0.0,0.0,0.0,0.0,0.0,0.0,0.0,0.0,0.0
4.0863,122.0,-96.0,7.0,0.0,-16.0,-15.0,-14.0,-13.0,-9.0,-9.0,-5.0,-6.0,0.0,-3.0,4.0,-1.0,10.0,1.0,14.0,3.0,17.0,3.0,20.0,4.0,23.0,4.0,24.0,4.0,25.0,3.0,23.0,3.0,23.0,3.0,19.0,2.0,16.0,2.0,12.0,2.0,8.0,2.0,3.0,2.0,-1.0,1.0,-4.0,1.0,-7.0,2.0,-10.0,2.0,-12.0,2.0,0.0,0.0,0.0,0.0,0.0,0.0,0.0,0.0,0.0,0.0
4.0992,122.0,-96.0,7.0,0.0,0.0,27.0,-1.0,22.0,0.0,15.0,-2.0,8.0,-3.0,1.0,-5.0,-5.0,-7.0,-11.0,-9.0,-16.0,-12.0,-20.0,-14.0,-23.0,-16.0,-26.0,-18.0,-27.0,-18.0,-27.0,-18.0,-26.0,-17.0,-24.0,-14.0,-21.0,-13.0,-18.0,-9.0,-14.0,-6.0,-9.0,-2.0,-6.0,2.0,-2.0,4.0,2.0,7.0,4.0,9.0,6.0,11.0,9.0,0.0,0.0,0.0,0.0,0.0,0.0,0.0,0.0,0.0,0.0
4.1128,122.0,-96.0,7.0,0.0,0.0,3.0,-7.0,1.0,-13.0,-1.0,-19.0,-3.0,-24.0,-4.0,-28.0,-5.0,-31.0,-5.0,-33.0,-3.0,-34.0,-3.0,-33.0,-3.0,-31.0,-2.0,-28.0,-2.0,-23.0,-1.0,-18.0,-2.0,-13.0,-2.0,-7.0,-2.0,-1.0,-3.0,4.0,-4.0,10.0,-4.0,13.0,-5.0,16.0,-5.0,18.0,-5.0,19.0,-5.0,20.0,-6.0,19.0,-5.0,0.0,0.0,0.0,0.0,0.0,0.0,0.0,0.0,0.0,0.0
4.1206,122.0,-96.0,7.0,0.0,27.0,4.0,26.0,3.0,26.0,3.0,25.0,3.0,25.0,2.0,25.0,1.0,24.0,1.0,25.0,0.0,24.0,0.0,24.0,0.0,24.0,-1.0,23.0,-1.0,23.0,-1.0,23.0,-1.0,23.0,-1.0,23.0,-1.0,22.0,0.0,21.0,0.0,21.0,0.0,20.0,0.0,20.0,0.0,19.0,0.0,19.0,1.0,18.0,1.0,18.0,1.0,0.0,0.0,0.0,0.0,0.0,0.0,0.0,0.0,0.0,0.0
4.1376,122.0,-96.0,7.0,0.0,3.0,48.0,4.0,48.0,5.0,44.0,5.0,41.0,5.0,34.0,4.0,27.0,2.0,19.0,0.0,11.0,-4.0,2.0,-7.0,-5.0,-11.0,-11.0,-14.0,-16.0,-18.0,-22.0,-22.0,-26.0,-23.0,-29.0,-23.0,-29.0,-25.0,-30.0,-23.0,-29.0,-21.0,-26.0,-19.0,-23.0,-15.0,-19.0,-12.0,-15.0,-8.0,-11.0,-4.0,-6.0,1.0,-2.0,0.0,0.0,0.0,0.0,0.0,0.0,0.0,0.0,0.0,0.0
4.1498,122.0,-96.0,7.0,0.0,-18.0,-12.0,-18.0,-12.0,-17.0,-12.0,-18.0,-12.0,-17.0,-11.0,-17.0,-11.0,-17.0,-10.0,-17.0,-10.0,-16.0,-10.0,-16.0,-10.0,-16.0,-9.0,-16.0,-9.0,-16.0,-9.0,-16.0,-9.0,-15.0,-9.0,-15.0,-9.0,-14.0,-9.0,-13.0,-9.0,-12.0,-9.0,-12.0,-9.0,-12.0,-8.0,-11.0,-7.0,-11.0,-8.0,-10.0,-8.0,-9.0,-8.0,0.0,0.0,0.0,0.0,0.0,0.0,0.0,0.0,0.0,0.0
4.1642,122.0,-96.0,7.0,0.0,-3.0,-2.0,3.0,-4.0,9.0,-6.0,13.0,-7.0,16.0,-9.0,20.0,-11.0,22.0,-12.0,23.0,-14.0,23.0,-14.0,22.0,-15.0,20.0,-14.0,18.0,-13.0,15.0,-11.0,12.0,-9.0,9.0,-6.0,6.0,-3.0,2.0,1.0,-2.0,4.0,-5.0,6.0,-7.0,9.0,-8.0,10.0,-10.0,11.0,-11.0,12.0,-11.0,13.0,-11.0,12.0,0.0,0.0,0.0,0.0,0.0,0.0,0.0,0.0,0.0,0.0
4.1729,122.0,-96.0,7.0,0.0,-4.0,19.0,-3.0,19.0,-3.0,18.0,-3.0,18.0,-2.0,18.0,-2.0,18.0,-1.0,17.0,-1.0,17.0,-1.0,16.0,-1.0,17.0,-1.0,16.0,0.0,17.0,0.0,17.0,-1.0,16.0,0.0,17.0,0.0,16.0,0.0,16.0,-1.0,15.0,-1.0,15.0,-1.0,14.0,-1.0,14.0,-1.0,13.0,-1.0,13.0,-2.0,13.0,-2.0,13.0,0.0,0.0,0.0,0.0,0.0,0.0,0.0,0.0,0.0,0.0
4.1882,122.0,-96.0,7.0,0.0,12.0,13.0,15.0,15.0,16.0,17.0,18.0,17.0,19.0,17.0,18.0,16.0,17.0,15.0,15.0,12.0,13.0,10.0,10.0,8.0,7.0,7.0,3.0,4.0,-1.0,2.0,-5.0,0.0,-8.0,-2.0,-12.0,-3.0,-14.0,-4.0,-16.0,-5.0,-17.0,-6.0,-18.0,-6.0,-17.0,-6.0,-16.0,-6.0,-15.0,-6.0,-12.0,-4.0,-11.0,-4.0,0.0,0.0,0.0,0.0,0.0,0.0,0.0,0.0,0.0,0.0
4.199,122.0,-96.0,7.0,0.0,12.0,21.0,9.0,16.0,6.0,12.0,2.0,7.0,-2.0,3.0,-6.0,-2.0,-10.0,-5.0,-15.0,-8.0,-19.0,-11.0,-22.0,-12.0,-24.0,-13.0,-26.0,-13.0,-26.0,-13.0,-26.0,-12.0,-24.0,-11.0,-21.0,-10.0,-18.0,-9.0,-14.0,-7.0,-9.0,-5.0,-5.0,-4.0,0.0,-2.0,4.0,-1.0,7.0,0.0,10.0,1.0,12.0,1.0,0.0,0.0,0.0,0.0,0.0,0.0,0.0,0.0,0.0,0.0
4.2084,122.0,-96.0,7.0,0.0,23.0,-9.0,23.0,-9.0,22.0,-9.0,22.0,-9.0,21.0,-9.0,21.0,-10.0,20.0,-9.0,20.0,-10.0,19.0,-10.0,19.0,-10.0,19.0,-11.0,18.0,-11.0,18.0,-11.0,18.0,-11.0,18.0,-11.0,18.0,-10.0,17.0,-10.0,17.0,-9.0,17.0,-9.0,16.0,-8.0,16.0,-8.0,15.0,-8.0,15.0,-7.0,15.0,-7.0,15.0,-6.0,0.0,0.0,0.0,0.0,0.0,0.0,0.0,0.0,0.0,0.0
4.2217,122.0,-96.0,7.0,0.0,19.0,9.0,22.0,10.0,25.0,11.0,26.0,11.0,27.0,11.0,26.0,10.0,25.0,9.0,22.0,7.0,18.0,5.0,14.0,4.0,9.0,4.0,4.0,3.0,-1.0,2.0,-6.0,1.0,-10.0,1.0,-15.0,1.0,-17.0,1.0,-20.0,1.0,-21.0,1.0,-21.0,1.0,-21.0,0.0,-19.0,0.0,-17.0,0.0,-15.0,0.0,-12.0,0.0,0.0,0.0,0.0,0.0,0.0,0.0,0.0,0.0,0.0,0.0
4.2358,122.0,-96.0,7.0,0.0,-20.0,11.0,-16.0,9.0,-11.0,5.0,-7.0,2.0,-3.0,-2.0,0.0,-6.0,4.0,-10.0,6.0,-14.0,7.0,-18.0,8.0,-21.0,9.0,-24.0,9.0,-25.0,9.0,-26.0,9.0,-24.0,8.0,-23.0,7.0,-20.0,5.0,-16.0,4.0,-13.0,3.0,-8.0,2.0,-4.0,2.0,0.0,1.0,3.0,0.0,6.0,0.0,9.0,-1.0,11.0,0.0,0.0,0.0,0.0,0.0,0.0,0.0,0.0,0.0,0.0
4.2487,122.0,-96.0,7.0,0.0,10.0,32.0,10.0,32.0,10.0,29.0,10.0,26.0,8.0,22.0,7.0,17.0,4.0,12.0,1.0,6.0,-3.0,2.0,-7.0,-3.0,-10.0,-6.0,-14.0,-9.0,-17.0,-12.0,-20.0,-14.0,-22.0,-16.0,-22.0,-15.0,-23.0,-16.0,-21.0,-15.0,-19.0,-13.0,-17.0,-12.0,-14.0,-10.0,-10.0,-7.0,-7.0,-5.0,-4.0,-3.0,0.0,-1.0,0.0,0.0,0.0,0.0,0.0,0.0,0.0,0.0,0.0,0.0
4.2567,122.0,-96.0,7.0,0.0,24.0,3.0,24.0,3.0,23.0,3.0,23.0,2.0,22.0,1.0,23.0,1.0,22.0,0.0,21.0,0.0,21.0,0.0,21.0,-1.0,21.0,-1.0,21.0,-1.0,21.0,-1.0,20.0,-1.0,20.0,-1.0,20.0,-1.0,19.0,-1.0,19.0,-1.0,18.0,-1.0,18.0,0.0,17.0,0.0,17.0,0.0,16.0,0.0,16.0,0.0,15.0,1.0,0.0,0.0,0.0,0.0,0.0,0.0,0.0,0.0,0.0,0.0
4.2706,122.0,-96.0,7.0,0.0,-13.0,14.0,-16.0,17.0,-16.0,19.0,-17.0,20.0,-17.0,21.0,-16.0,20.0,-14.0,19.0,-13.0,17.0,-10.0,14.0,-9.0,11.0,-6.0,7.0,-4.0,3.0,-3.0,-1.0,-1.0,-6.0,0.0,-9.0,1.0,-13.0,2.0,-16.0,2.0,-17.0,3.0,-19.0,3.0,-19.0,2.0,-18.0,2.0,-17.0,2.0,-16.0,2.0,-13.0,2.0,-11.0,0.0,0.0,0.0,0.0,0.0,0.0,0.0,0.0,0.0,0.0
4.2839,122.0,-96.0,7.0,0.0,5.0,-20.0,5.0,-21.0,5.0,-20.0,5.0,-20.0,4.0,-20.0,4.0,-20.0,4.0,-19.0,3.0,-19.0,3.0,-19.0,3.0,-19.0,3.0,-19.0,3.0,-18.0,3.0,-18.0,3.0,-18.0,3.0,-18.0,3.0,-17.0,3.0,-16.0,3.0,-16.0,4.0,-15.0,4.0,-14.0,4.0,-13.0,4.0,-12.0,4.0,-12.0,3.0,-11.0,4.0,-11.0,0.0,0.0,0.0,0.0,0.0,0.0,0.0,0.0,0.0,0.0
4.2938,122.0,-96.0,7.0,0.0,-15.0,13.0,-15.0,13.0,-14.0,13.0,-14.0,13.0,-13.0,13.0,-13.0,13.0,-12.0,13.0,-12.0,13.0,-12.0,13.0,-12.0,13.0,-11.0,13.0,-11.0,13.0,-11.0,13.0,-10.0,13.0,-11.0,13.0,-10.0,13.0,-11.0,12.0,-10.0,12.0,-10.0,11.0,-10.0,11.0,-10.0,10.0,-9.0,10.0,-9.0,10.0,-9.0,9.0,-10.0,9.0,0.0,0.0,0.0,0.0,0.0,0.0,0.0,0.0,0.0,0.0
4.3021,122.0,-96.0,7.0,0.0,3.0,-20.0,3.0,-19.0,3.0,-19.0,3.0,-19.0,2.0,-19.0,2.0,-19.0,2.0,-18.0,1.0,-18.0,1.0,-18.0,1.0,-18.0,0.0,-18.0,0.0,-18.0,0.0,-17.0,0.0,-17.0,0.0,-17.0,0.0,-17.0,0.0,-17.0,0.0,-16.0,0.0,-15.0,0.0,-15.0,0.0,-15.0,1.0,-14.0,1.0,-14.0,1.0,-13.0,2.0,-13.0,0.0,0.0,0.0,0.0,0.0,0.0,0.0,0.0,0.0,0.0
4.3157,122.0,-96.0,7.0,0.0,-24.0,6.0,-20.0,4.0,-12.0,2.0,-8.0,0.0,-2.0,-3.0,3.0,-6.0,9.0,-10.0,13.0,-13.0,16.0,-16.0,18.0,-18.0,20.0,-21.0,20.0,-22.0,20.0,-23.0,18.0,-21.0,17.0,-20.0,15.0,-17.0,12.0,-14.0,8.0,-10.0,5.0,-6.0,2.0,-2.0,1.0,1.0,-2.0,5.0,-4.0,8.0,-6.0,10.0,-7.0,13.0,0.0,0.0,0.0,0.0,0.0,0.0,0.0,0.0,0.0,0.0
4.3296,122.0,-96.0,7.0,0.0,0.0,-2.0,5.0,0.0,10.0,2.0,14.0,4.0,18.0,5.0,21.0,6.0,22.0,6.0,24.0,5.0,24.0,4.0,23.0,4.0,21.0,4.0,19.0,3.0,15.0,2.0,12.0,2.0,7.0,2.0,3.0,1.0,-1.0,2.0,-6.0,1.0,-9.0,1.0,-12.0,2.0,-14.0,1.0,-15.0,1.0,-16.0,1.0,-16.0,1.0,-16.0,1.0,0.0,0.0,0.0,0.0,0.0,0.0,0.0,0.0,0.0,0.0
4.3432,122.0,-96.0,7.0,0.0,-15.0,16.0,-12.0,13.0,-8.0,8.0,-6.0,3.0,-3.0,-2.0,0.0,-7.0,2.0,-12.0,3.0,-16.0,4.0,-20.0,4.0,-23.0,5.0,-25.0,5.0,-27.0,4.0,-27.0,4.0,-25.0,3.0,-23.0,4.0,-20.0,2.0,-17.0,2.0,-12.0,1.0,-8.0,1.0,-3.0,1.0,1.0,1.0,4.0,1.0,7.0,0.0,10.0,0.0,12.0,0.0,0.0,0.0,0.0,0.0,0.0,0.0,0.0,0.0,0.0
4.3541,122.0,-96.0,7.0,0.0,-13.0,-21.0,-13.0,-21.0,-12.0,-20.0,-12.0,-20.0,-13.0,-19.0,-13.0,-18.0,-13.0,-18.0,-14.0,-18.0,-13.0,-17.0,-13.0,-18.0,-14.0,-17.0,-14.0,-16.0,-14.0,-16.0,-14.0,-16.0,-14.0,-16.0,-13.0,-16.0,-13.0,-15.0,-13.0,-15.0,-12.0,-15.0,-12.0,-14.0,-11.0,-14.0,-10.0,-14.0,-10.0,-13.0,-10.0,-14.0,-9.0,-13.0,0.0,0.0,0.0,0.0,0.0,0.0,0.0,0.0,0.0,0.0
4.3677,122.0,-96.0,7.0,0.0,12.0,14.0,15.0,17.0,16.0,18.0,17.0,19.0,17.0,19.0,17.0,18.0,17.0,16.0,14.0,14.0,12.0,11.0,9.0,9.0,6.0,7.0,2.0,4.0,-2.0,1.0,-6.0,-2.0,-9.0,-4.0,-12.0,-5.0,-14.0,-7.0,-16.0,-8.0,-17.0,-9.0,-17.0,-9.0,-16.0,-9.0,-15.0,-8.0,-13.0,-8.0,-11.0,-6.0,-9.0,-5.0,0.0,0.0,0.0,0.0,0.0,0.0,0.0,0.0,0.0,0.0
4.3754,122.0,-96.0,7.0,0.0,26.0,3.0,26.0,3.0,25.0,2.0,25.0,2.0,24.0,2.0,24.0,1.0,24.0,1.0,24.0,0.0,24.0,0.0,23.0,-1.0,23.0,-1.0,23.0,-2.0,23.0,-2.0,22.0,-1.0,23.0,-1.0,22.0,-1.0,22.0,-1.0,21.0,-1.0,20.0,0.0,20.0,0.0,19.0,0.0,18.0,0.0,18.0,0.0,17.0,0.0,17.0,1.0,0.0,0.0,0.0,0.0,0.0,0.0,0.0,0.0,0.0,0.0
4.39,122.0,-96.0,7.0,0.0,-3.0,-2.0,0.0,-7.0,5.0,-12.0,7.0,-17.0,9.0,-21.0,11.0,-25.0,12.0,-27.0,12.0,-29.0,11.0,-29.0,11.0,-28.0,9.0,-27.0,8.0,-24.0,7.0,-20.0,5.0,-14.0,4.0,-10.0,3.0,-5.0,1.0,1.0,0.0,6.0,-1.0,10.0,-2.0,13.0,-2.0,16.0,-3.0,17.0,-3.0,18.0,-4.0,18.0,-4.0,18.0,0.0,0.0,0.0,0.0,0.0,0.0,0.0,0.0,0.0,0.0
4.4032,122.0,-96.0,7.0,0.0,20.0,-39.0,19.0,-37.0,17.0,-36.0,15.0,-32.0,12.0,-27.0,9.0,-21.0,6.0,-15.0,4.0,-7.0,3.0,0.0,1.0,7.0,1.0,15.0,0.0,21.0,0.0,25.0,1.0,30.0,0.0,31.0,0.0,34.0,0.0,32.0,0.0,30.0,0.0,27.0,0.0,23.0,-1.0,18.0,-1.0,14.0,-1.0,8.0,-2.0,3.0,-2.0,-2.0,0.0,0.0,0.0,0.0,0.0,0.0,0.0,0.0,0.0,0.0
4.4176,122.0,-96.0,7.0,0.0,2.0,-1.0,3.0,5.0,3.0,10.0,4.0,16.0,5.0,20.0,6.0,23.0,7.0,25.0,7.0,26.0,8.0,26.0,8.0,24.0,8.0,23.0,7.0,20.0,5.0,17.0,4.0,13.0,2.0,8.0,-1.0,5.0,-2.0,0.0,-4.0,-4.0,-6.0,-8.0,-7.0,-11.0,-9.0,-13.0,-10.0,-14.0,-10.0,-15.0,-10.0,-15.0,-9.0,-14.0,0.0,0.0,0.0,0.0,0.0,0.0,0.0,0.0,0.0,0.0
4.4311,122.0,-96.0,7.0,0.0,22.0,20.0,22.0,19.0,21.0,17.0,19.0,15.0,16.0,13.0,12.0,10.0,8.0,7.0,3.0,4.0,-2.0,1.0,-6.0,0.0,-11.0,-2.0,-16.0,-3.0,-19.0,-4.0,-22.0,-5.0,-24.0,-5.0,-24.0,-5.0,-24.0,-5.0,-22.0,-5.0,-20.0,-4.0,-17.0,-4.0,-14.0,-3.0,-10.0,-3.0,-7.0,-2.0,-3.0,-2.0,1.0,-1.0,0.0,0.0,0.0,0.0,0.0,0.0,0.0,0.0,0.0,0.0
4.4444,122.0,-96.0,7.0,0.0,-3.0,1.0,-5.0,-5.0,-6.0,-10.0,-9.0,-15.0,-11.0,-19.0,-12.0,-22.0,-14.0,-23.0,-15.0,-24.0,-15.0,-23.0,-15.0,-22.0,-15.0,-21.0,-13.0,-19.0,-11.0,-16.0,-8.0,-12.0,-5.0,-9.0,-1.0,-5.0,1.0,-2.0,4.0,2.0,7.0,5.0,9.0,7.0,11.0,9.0,12.0,10.0,13.0,11.0,12.0,11.0,12.0,10.0,0.0,0.0,0.0,0.0,0.0,0.0,0.0,0.0,0.0,0.0
4.4581,122.0,-96.0,7.0,0.0,25.0,0.0,30.0,1.0,33.0,0.0,35.0,0.0,35.0,-1.0,34.0,-1.0,32.0,-2.0,28.0,-3.0,24.0,-3.0,19.0,-2.0,13.0,0.0,7.0,1.0,1.0,2.0,-5.0,4.0,-10.0,5.0,-15.0,7.0,-19.0,9.0,-22.0,9.0,-23.0,10.0,-23.0,10.0,-23.0,9.0,-21.0,9.0,-19.0,8.0,-17.0,7.0,-14.0,5.0,0.0,0.0,0.0,0.0,0.0,0.0,0.0,0.0,0.0,0.0
4.4668,122.0,-96.0,7.0,0.0,0.0,23.0,-1.0,23.0,0.0,23.0,1.0,22.0,1.0,22.0,1.0,22.0,1.0,21.0,2.0,21.0,2.0,21.0,2.0,21.0,3.0,20.0,3.0,20.0,3.0,20.0,3.0,20.0,3.0,20.0,2.0,20.0,2.0,19.0,2.0,19.0,1.0,18.0,1.0,18.0,1.0,17.0,1.0,16.0,0.0,16.0,0.0,15.0,-1.0,15.0,0.0,0.0,0.0,0.0,0.0,0.0,0.0,0.0,0.0,0.0
4.4807,122.0,-96.0,7.0,0.0,0.0,2.0,-6.0,2.0,-11.0,1.0,-16.0,1.0,-20.0,0.0,-24.0,1.0,-26.0,2.0,-28.0,2.0,-28.0,3.0,-27.0,4.0,-25.0,3.0,-23.0,3.0,-19.0,2.0,-15.0,1.0,-11.0,0.0,-7.0,-1.0,-1.0,-2.0,3.0,-4.0,7.0,-5.0,10.0,-6.0,12.0,-6.0,14.0,-7.0,15.0,-7.0,15.0,-7.0,15.0,-7.0,0.0,0.0,0.0,0.0,0.0,0.0,0.0,0.0,0.0,0.0
4.4905,122.0,-96.0,7.0,0.0,-16.0,11.0,-16.0,11.0,-15.0,11.0,-15.0,11.0,-14.0,11.0,-14.0,11.0,-13.0,11.0,-13.0,12.0,-13.0,11.0,-13.0,11.0,-12.0,12.0,-13.0,12.0,-12.0,12.0,-12.0,11.0,-12.0,11.0,-12.0,11.0,-12.0,11.0,-12.0,10.0,-11.0,10.0,-11.0,9.0,-11.0,9.0,-11.0,8.0,-11.0,8.0,-11.0,8.0,-11.0,7.0,0.0,0.0,0.0,0.0,0.0,0.0,0.0,0.0,0.0,0.0
4.503,122.0,-96.0,7.0,0.0,-26.0,4.0,-27.0,5.0,-25.0,4.0,-25.0,4.0,-25.0,4.0,-24.0,5.0,-25.0,5.0,-23.0,4.0,-22.0,5.0,-23.0,5.0,-23.0,5.0,-23.0,5.0,-23.0,5.0,-22.0,4.0,-22.0,4.0,-22.0,4.0,-20.0,3.0,-20.0,3.0,-19.0,2.0,-18.0,2.0,-18.0,1.0,-17.0,1.0,-16.0,1.0,-15.0,0.0,-14.0,0.0,0.0,0.0,0.0,0.0,0.0,0.0,0.0,0.0,0.0,0.0
4.5174,122.0,-96.0,7.0,0.0,-16.0,-19.0,-13.0,-15.0,-8.0,-12.0,-4.0,-7.0,1.0,-3.0,6.0,0.0,11.0,3.0,16.0,5.0,20.0,6.0,23.0,7.0,26.0,7.0,28.0,7.0,28.0,7.0,27.0,7.0,25.0,6.0,21.0,5.0,17.0,5.0,13.0,4.0,8.0,3.0,3.0,2.0,-2.0,1.0,-5.0,1.0,-9.0,1.0,-12.0,1.0,-14.0,0.0,0.0,0.0,0.0,0.0,0.0,0.0,0.0,0.0,0.0,0.0
4.5282,122.0,-96.0,7.0,0.0,-14.0,-24.0,-14.0,-24.0,-13.0,-23.0,-13.0,-22.0,-14.0,-21.0,-14.0,-21.0,-14.0,-21.0,-15.0,-20.0,-14.0,-20.0,-15.0,-20.0,-15.0,-19.0,-15.0,-19.0,-15.0,-19.0,-15.0,-18.0,-15.0,-18.0,-15.0,-18.0,-14.0,-18.0,-13.0,-18.0,-13.0,-17.0,-12.0,-17.0,-12.0,-16.0,-11.0,-16.0,-11.0,-16.0,-10.0,-16.0,-10.0,-16.0,0.0,0.0,0.0,0.0,0.0,0.0,0.0,0.0,0.0,0.0
4.5395,122.0,-96.0,7.0,0.0,-15.0,-23.0,-16.0,-23.0,-15.0,-22.0,-15.0,-21.0,-15.0,-20.0,-16.0,-20.0,-15.0,-20.0,-16.0,-19.0,-16.0,-18.0,-17.0,-18.0,-17.0,-18.0,-17.0,-17.0,-17.0,-17.0,-16.0,-17.0,-16.0,-17.0,-16.0,-17.0,-15.0,-17.0,-15.0,-17.0,-14.0,-16.0,-14.0,-16.0,-13.0,-15.0,-12.0,-15.0,-12.0,-14.0,-12.0,-14.0,-11.0,-14.0,0.0,0.0,0.0,0.0,0.0,0.0,0.0,0.0,0.0,0.0
4.5528,122.0,-96.0,7.0,0.0,23.0,0.0,23.0,0.0,22.0,0.0,22.0,0.0,22.0,0.0,22.0,0.0,22.0,-1.0,21.0,0.0,20.0,-1.0,20.0,-1.0,21.0,-2.0,20.0,-1.0,20.0,-1.0,19.0,-1.0,19.0,-1.0,19.0,0.0,17.0,0.0,17.0,0.0,16.0,1.0,15.0,1.0,15.0,1.0,14.0,1.0,13.0,1.0,12.0,1.0,12.0,2.0,0.0,0.0,0.0,0.0,0.0,0.0,0.0,0.0,0.0,0.0
4.5648,122.0,-96.0,7.0,0.0,15.0,-12.0,18.0,-13.0,20.0,-15.0,21.0,-16.0,20.0,-16.0,20.0,-16.0,18.0,-16.0,16.0,-15.0,13.0,-12.0,10.0,-10.0,7.0,-6.0,4.0,-3.0,1.0,1.0,-1.0,5.0,-3.0,8.0,-5.0,11.0,-7.0,14.0,-8.0,15.0,-9.0,16.0,-9.0,16.0,-8.0,15.0,-8.0,15.0,-8.0,13.0,-7.0,11.0,-6.0,9.0,0.0,0.0,0.0,0.0,0.0,0.0,0.0,0.0,0.0,0.0
4.5783,122.0,-96.0,7.0,0.0,22.0,5.0,17.0,5.0,11.0,3.0,7.0,3.0,1.0,3.0,-5.0,3.0,-10.0,3.0,-15.0,5.0,-19.0,5.0,-22.0,6.0,-24.0,8.0,-25.0,9.0,-26.0,10.0,-25.0,9.0,-23.0,9.0,-20.0,8.0,-17.0,6.0,-13.0,4.0,-9.0,2.0,-5.0,0.0,-2.0,-2.0,1.0,-4.0,4.0,-6.0,7.0,-7.0,9.0,-9.0,0.0,0.0,0.0,0.0,0.0,0.0,0.0,0.0,0.0,0.0
4.5885,122.0,-96.0,7.0,0.0,16.0,-10.0,16.0,-10.0,15.0,-10.0,15.0,-9.0,14.0,-10.0,14.0,-10.0,13.0,-10.0,13.0,-11.0,13.0,-11.0,13.0,-11.0,12.0,-11.0,12.0,-11.0,12.0,-11.0,12.0,-11.0,12.0,-11.0,12.0,-10.0,12.0,-10.0,11.0,-10.0,11.0,-9.0,10.0,-9.0,10.0,-9.0,10.0,-8.0,10.0,-8.0,10.0,-8.0,10.0,-7.0,0.0,0.0,0.0,0.0,0.0,0.0,0.0,0.0,0.0,0.0
4.6036,122.0,-96.0,7.0,0.0,-24.0,-5.0,-19.0,-5.0,-13.0,-4.0,-8.0,-3.0,-2.0,-3.0,4.0,-4.0,9.0,-5.0,14.0,-6.0,18.0,-7.0,20.0,-9.0,23.0,-10.0,24.0,-12.0,24.0,-12.0,23.0,-12.0,21.0,-11.0,19.0,-11.0,15.0,-8.0,12.0,-6.0,8.0,-4.0,4.0,-1.0,1.0,1.0,-2.0,3.0,-5.0,5.0,-7.0,7.0,-9.0,8.0,0.0,0.0,0.0,0.0,0.0,0.0,0.0,0.0,0.0,0.0
4.6188,122.0,-96.0,7.0,0.0,-2.0,2.0,-6.0,-1.0,-10.0,-3.0,-14.0,-6.0,-17.0,-8.0,-20.0,-9.0,-22.0,-10.0,-24.0,-9.0,-24.0,-8.0,-24.0,-8.0,-23.0,-7.0,-21.0,-6.0,-18.0,-5.0,-13.0,-5.0,-9.0,-4.0,-5.0,-3.0,-1.0,-3.0,3.0,-3.0,7.0,-2.0,10.0,-2.0,12.0,-2.0,14.0,-2.0,15.0,-2.0,15.0,-2.0,15.0,-2.0,0.0,0.0,0.0,0.0,0.0,0.0,0.0,0.0,0.0,0.0
4.6333,122.0,-96.0,7.0,0.0,2.0,-32.0,1.0,-32.0,0.0,-29.0,0.0,-27.0,-1.0,-23.0,-1.0,-18.0,0.0,-13.0,1.0,-8.0,2.0,-2.0,4.0,2.0,6.0,7.0,8.0,11.0,11.0,14.0,13.0,17.0,15.0,18.0,15.0,19.0,16.0,19.0,14.0,17.0,13.0,16.0,11.0,14.0,9.0,11.0,7.0,8.0,4.0,6.0,1.0,3.0,-2.0,1.0,0.0,0.0,0.0,0.0,0.0,0.0,0.0,0.0,0.0,0.0
4.6486,122.0,-96.0,7.0,0.0,-8.0,-24.0,-9.0,-28.0,-10.0,-30.0,-11.0,-32.0,-12.0,-32.0,-12.0,-31.0,-12.0,-29.0,-11.0,-25.0,-10.0,-21.0,-8.0,-17.0,-6.0,-13.0,-2.0,-8.0,1.0,-4.0,6.0,1.0,9.0,5.0,12.0,8.0,15.0,10.0,16.0,12.0,18.0,13.0,18.0,14.0,18.0,13.0,17.0,12.0,15.0,11.0,13.0,9.0,10.0,7.0,0.0,0.0,0.0,0.0,0.0,0.0,0.0,0.0,0.0,0.0
4.665,122.0,-96.0,7.0,0.0,8.0,22.0,10.0,26.0,11.0,28.0,13.0,29.0,14.0,29.0,14.0,28.0,14.0,26.0,13.0,22.0,11.0,18.0,8.0,14.0,6.0,11.0,2.0,7.0,-2.0,3.0,-7.0,-1.0,-10.0,-5.0,-14.0,-7.0,-17.0,-9.0,-19.0,-11.0,-20.0,-12.0,-20.0,-11.0,-20.0,-12.0,-19.0,-11.0,-17.0,-10.0,-15.0,-8.0,-12.0,-7.0,0.0,0.0,0.0,0.0,0.0,0.0,0.0,0.0,0.0,0.0
4.6747,122.0,-96.0,7.0,0.0,1.0,18.0,1.0,18.0,1.0,17.0,2.0,17.0,2.0,17.0,3.0,16.0,3.0,16.0,3.0,16.0,3.0,16.0,3.0,16.0,4.0,15.0,4.0,16.0,4.0,15.0,3.0,15.0,3.0,15.0,3.0,15.0,3.0,15.0,3.0,14.0,2.0,14.0,2.0,13.0,2.0,13.0,2.0,12.0,2.0,12.0,1.0,12.0,1.0,12.0,0.0,0.0,0.0,0.0,0.0,0.0,0.0,0.0,0.0,0.0
4.6886,122.0,-96.0,7.0,0.0,3.0,-2.0,5.0,4.0,7.0,10.0,9.0,15.0,12.0,19.0,14.0,22.0,16.0,24.0,17.0,24.0,18.0,24.0,18.0,23.0,17.0,21.0,16.0,19.0,13.0,16.0,10.0,12.0,6.0,9.0,2.0,6.0,-2.0,2.0,-6.0,-1.0,-9.0,-3.0,-12.0,-5.0,-15.0,-7.0,-17.0,-8.0,-18.0,-9.0,-17.0,-8.0,-17.0,-8.0,0.0,0.0,0.0,0.0,0.0,0.0,0.0,0.0,0.0,0.0
4.701,122.0,-96.0,7.0,0.0,-24.0,-11.0,-24.0,-11.0,-23.0,-11.0,-23.0,-10.0,-23.0,-9.0,-23.0,-9.0,-23.0,-8.0,-23.0,-7.0,-23.0,-8.0,-23.0,-8.0,-22.0,-7.0,-22.0,-7.0,-22.0,-6.0,-22.0,-7.0,-22.0,-7.0,-22.0,-7.0,-21.0,-7.0,-20.0,-6.0,-20.0,-7.0,-19.0,-6.0,-19.0,-6.0,-18.0,-7.0,-17.0,-7.0,-17.0,-7.0,-16.0,-7.0,0.0,0.0,0.0,0.0,0.0,0.0,0.0,0.0,0.0,0.0
4.712,122.0,-96.0,7.0,0.0,-26.0,6.0,-26.0,6.0,-25.0,6.0,-25.0,5.0,-25.0,6.0,-25.0,6.0,-25.0,6.0,-23.0,6.0,-23.0,6.0,-23.0,6.0,-23.0,6.0,-23.0,6.0,-22.0,6.0,-22.0,5.0,-21.0,5.0,-22.0,5.0,-20.0,4.0,-20.0,4.0,-19.0,2.0,-18.0,2.0,-18.0,2.0,-17.0,2.0,-16.0,1.0,-15.0,1.0,-15.0,1.0,0.0,0.0,0.0,0.0,0.0,0.0,0.0,0.0,0.0,0.0
4.7252,122.0,-96.0,7.0,0.0,-23.0,11.0,-19.0,9.0,-13.0,5.0,-8.0,2.0,-4.0,-3.0,0.0,-7.0,4.0,-11.0,7.0,-16.0,9.0,-20.0,10.0,-23.0,11.0,-26.0,11.0,-27.0,10.0,-28.0,9.0,-27.0,8.0,-25.0,8.0,-22.0,6.0,-18.0,4.0,-14.0,3.0,-9.0,2.0,-5.0,2.0,0.0,1.0,4.0,1.0,7.0,1.0,10.0,0.0,12.0,0.0,0.0,0.0,0.0,0.0,0.0,0.0,0.0,0.0,0.0
4.7405,122.0,-96.0,7.0,0.0,-24.0,-20.0,-24.0,-19.0,-22.0,-18.0,-21.0,-16.0,-18.0,-13.0,-14.0,-11.0,-10.0,-8.0,-5.0,-5.0,0.0,-3.0,5.0,-2.0,10.0,-2.0,13.0,-1.0,17.0,-1.0,21.0,0.0,23.0,0.0,23.0,-1.0,23.0,-1.0,22.0,-1.0,20.0,-1.0,17.0,-1.0,14.0,-1.0,10.0,-1.0,6.0,0.0,3.0,0.0,0.0,1.0,0.0,0.0,0.0,0.0,0.0,0.0,0.0,0.0,0.0,0.0
4.7548,122.0,-96.0,7.0,0.0,25.0,-17.0,21.0,-13.0,14.0,-9.0,9.0,-4.0,4.0,2.0,-1.0,8.0,-5.0,14.0,-8.0,20.0,-10.0,24.0,-11.0,28.0,-12.0,32.0,-11.0,34.0,-11.0,35.0,-10.0,32.0,-8.0,30.0,-8.0,27.0,-6.0,22.0,-5.0,16.0,-4.0,10.0,-3.0,4.0,-4.0,-2.0,-3.0,-6.0,-4.0,-11.0,-3.0,-15.0,-3.0,-18.0,0.0,0.0,0.0,0.0,0.0,0.0,0.0,0.0,0.0,0.0
4.7665,122.0,-96.0,7.0,0.0,-14.0,-23.0,-14.0,-22.0,-13.0,-22.0,-13.0,-21.0,-13.0,-21.0,-14.0,-21.0,-14.0,-20.0,-14.0,-20.0,-14.0,-19.0,-15.0,-19.0,-15.0,-19.0,-15.0,-18.0,-15.0,-18.0,-15.0,-18.0,-14.0,-18.0,-14.0,-18.0,-13.0,-17.0,-13.0,-17.0,-12.0,-17.0,-12.0,-17.0,-11.0,-16.0,-11.0,-16.0,-11.0,-15.0,-10.0,-15.0,-9.0,-15.0,0.0,0.0,0.0,0.0,0.0,0.0,0.0,0.0,0.0,0.0
4.7787,122.0,-96.0,7.0,0.0,11.0,32.0,11.0,30.0,12.0,28.0,11.0,25.0,9.0,21.0,7.0,17.0,5.0,12.0,1.0,7.0,-3.0,2.0,-7.0,-2.0,-11.0,-5.0,-14.0,-7.0,-18.0,-10.0,-21.0,-11.0,-23.0,-12.0,-24.0,-13.0,-24.0,-13.0,-23.0,-12.0,-20.0,-11.0,-18.0,-9.0,-15.0,-8.0,-11.0,-6.0,-7.0,-4.0,-4.0,-3.0,0.0,-2.0,0.0,0.0,0.0,0.0,0.0,0.0,0.0,0.0,0.0,0.0
4.7918,122.0,-96.0,7.0,0.0,-8.0,20.0,-7.0,16.0,-5.0,11.0,-4.0,6.0,-4.0,0.0,-4.0,-5.0,-4.0,-10.0,-5.0,-15.0,-6.0,-19.0,-8.0,-21.0,-9.0,-24.0,-10.0,-24.0,-10.0,-25.0,-10.0,-24.0,-10.0,-22.0,-9.0,-20.0,-7.0,-16.0,-6.0,-13.0,-3.0,-9.0,-1.0,-5.0,1.0,-2.0,3.0,1.0,5.0,3.0,7.0,6.0,8.0,7.0,0.0,0.0,0.0,0.0,0.0,0.0,0.0,0.0,0.0,0.0
4.8056,122.0,-96.0,7.0,0.0,20.0,4.0,23.0,5.0,27.0,5.0,27.0,5.0,28.0,5.0,27.0,4.0,26.0,3.0,22.0,2.0,19.0,1.0,14.0,1.0,10.0,2.0,5.0,2.0,0.0,3.0,-5.0,3.0,-9.0,4.0,-13.0,6.0,-16.0,6.0,-18.0,7.0,-19.0,7.0,-19.0,7.0,-19.0,7.0,-18.0,7.0,-16.0,5.0,-13.0,5.0,-11.0,4.0,0.0,0.0,0.0,0.0,0.0,0.0,0.0,0.0,0.0,0.0
4.8194,122.0,-96.0,7.0,0.0,-4.0,0.0,-3.0,-6.0,-1.0,-11.0,-1.0,-17.0,-1.0,-20.0,-1.0,-24.0,-1.0,-26.0,-2.0,-27.0,-3.0,-27.0,-4.0,-27.0,-5.0,-26.0,-4.0,-23.0,-3.0,-19.0,-2.0,-15.0,-1.0,-11.0,1.0,-6.0,2.0,-2.0,3.0,3.0,4.0,6.0,5.0,9.0,7.0,12.0,8.0,13.0,8.0,14.0,8.0,14.0,7.0,14.0,0.0,0.0,0.0,0.0,0.0,0.0,0.0,0.0,0.0,0.0
4.8329,122.0,-96.0,7.0,0.0,-31.0,29.0,-29.0,30.0,-26.0,28.0,-23.0,26.0,-19.0,22.0,-15.0,17.0,-11.0,12.0,-8.0,6.0,-5.0,-1.0,-3.0,-7.0,-1.0,-14.0,0.0,-21.0,1.0,-25.0,0.0,-29.0,0.0,-31.0,1.0,-33.0,0.0,-32.0,0.0,-31.0,0.0,-29.0,0.0,-25.0,0.0,-21.0,-1.0,-15.0,0.0,-11.0,1.0,-6.0,2.0,-1.0,0.0,0.0,0.0,0.0,0.0,0.0,0.0,0.0,0.0,0.0
4.8425,122.0,-96.0,7.0,0.0,17.0,17.0,18.0,17.0,17.0,16.0,17.0,16.0,18.0,15.0,17.0,15.0,18.0,14.0,18.0,14.0,17.0,13.0,18.0,13.0,18.0,12.0,18.0,12.0,18.0,12.0,17.0,12.0,17.0,12.0,17.0,12.0,16.0,12.0,16.0,12.0,15.0,12.0,14.0,11.0,14.0,11.0,13.0,11.0,13.0,11.0,12.0,11.0,12.0,11.0,0.0,0.0,0.0,0.0,0.0,0.0,0.0,0.0,0.0,0.0
4.8575,122.0,-96.0,7.0,0.0,3.0,1.0,0.0,7.0,-3.0,11.0,-5.0,17.0,-6.0,21.0,-7.0,25.0,-7.0,28.0,-7.0,29.0,-6.0,29.0,-5.0,28.0,-4.0,27.0,-3.0,24.0,-3.0,20.0,-3.0,15.0,-3.0,10.0,-3.0,5.0,-3.0,-1.0,-4.0,-6.0,-4.0,-10.0,-5.0,-13.0,-6.0,-16.0,-6.0,-17.0,-7.0,-18.0,-6.0,-18.0,-6.0,-18.0,0.0,0.0,0.0,0.0,0.0,0.0,0.0,0.0,0.0,0.0
4.8697,122.0,-96.0,7.0,0.0,22.0,3.0,27.0,3.0,30.0,3.0,31.0,4.0,32.0,3.0,31.0,2.0,28.0,1.0,25.0,-1.0,21.0,-1.0,17.0,-1.0,11.0,1.0,6.0,2.0,0.0,3.0,-5.0,4.0,-9.0,6.0,-14.0,8.0,-17.0,9.0,-19.0,10.0,-20.0,11.0,-20.0,11.0,-19.0,10.0,-18.0,9.0,-16.0,9.0,-14.0,8.0,-11.0,6.0,0.0,0.0,0.0,0.0,0.0,0.0,0.0,0.0,0.0,0.0
4.8839,122.0,-96.0,7.0,0.0,-21.0,-13.0,-25.0,-14.0,-27.0,-15.0,-28.0,-16.0,-30.0,-14.0,-29.0,-14.0,-27.0,-12.0,-24.0,-10.0,-21.0,-8.0,-16.0,-7.0,-11.0,-7.0,-6.0,-5.0,0.0,-4.0,6.0,-3.0,10.0,-4.0,15.0,-4.0,18.0,-4.0,21.0,-4.0,22.0,-4.0,22.0,-4.0,22.0,-4.0,20.0,-3.0,18.0,-3.0,15.0,-3.0,12.0,-2.0,0.0,0.0,0.0,0.0,0.0,0.0,0.0,0.0,0.0,0.0
4.8987,122.0,-96.0,7.0,0.0,-27.0,-15.0,-27.0,-15.0,-25.0,-13.0,-23.0,-11.0,-19.0,-9.0,-16.0,-7.0,-11.0,-6.0,-5.0,-4.0,0.0,-3.0,5.0,-4.0,9.0,-4.0,14.0,-5.0,17.0,-6.0,20.0,-6.0,22.0,-6.0,23.0,-7.0,23.0,-7.0,21.0,-7.0,19.0,-6.0,16.0,-5.0,13.0,-5.0,9.0,-3.0,6.0,-2.0,2.0,-1.0,-1.0,1.0,0.0,0.0,0.0,0.0,0.0,0.0,0.0,0.0,0.0,0.0
4.9138,122.0,-96.0,7.0,0.0,-17.0,-26.0,-18.0,-26.0,-17.0,-23.0,-16.0,-21.0,-14.0,-17.0,-11.0,-14.0,-7.0,-11.0,-3.0,-7.0,1.0,-4.0,5.0,-1.0,10.0,1.0,14.0,2.0,17.0,3.0,21.0,4.0,22.0,4.0,23.0,4.0,23.0,4.0,22.0,4.0,20.0,3.0,17.0,3.0,14.0,2.0,10.0,2.0,7.0,1.0,3.0,1.0,-1.0,1.0,0.0,0.0,0.0,0.0,0.0,0.0,0.0,0.0,0.0,0.0
4.9277,122.0,-96.0,7.0,0.0,8.0,-20.0,10.0,-24.0,11.0,-26.0,11.0,-28.0,10.0,-28.0,9.0,-28.0,8.0,-26.0,7.0,-23.0,5.0,-20.0,4.0,-16.0,3.0,-11.0,3.0,-6.0,3.0,0.0,3.0,5.0,3.0,9.0,4.0,13.0,4.0,17.0,4.0,19.0,4.0,20.0,4.0,20.0,5.0,19.0,4.0,18.0,4.0,16.0,3.0,13.0,2.0,11.0,0.0,0.0,0.0,0.0,0.0,0.0,0.0,0.0,0.0,0.0
4.936,122.0,-96.0,7.0,0.0,10.0,17.0,10.0,17.0,10.0,16.0,10.0,15.0,10.0,15.0,10.0,14.0,10.0,14.0,11.0,13.0,11.0,13.0,11.0,13.0,11.0,13.0,11.0,12.0,11.0,12.0,11.0,12.0,11.0,12.0,11.0,12.0,10.0,11.0,10.0,11.0,9.0,11.0,9.0,11.0,9.0,10.0,9.0,10.0,8.0,10.0,7.0,10.0,7.0,10.0,0.0,0.0,0.0,0.0,0.0,0.0,0.0,0.0,0.0,0.0
4.9494,122.0,-96.0,7.0,0.0,-17.0,16.0,-14.0,13.0,-9.0,8.0,-7.0,4.0,-4.0,-2.0,-2.0,-6.0,0.0,-12.0,0.0,-16.0,1.0,-20.0,0.0,-23.0,0.0,-26.0,-1.0,-27.0,-1.0,-27.0,-2.0,-26.0,-2.0,-24.0,-1.0,-22.0,-1.0,-18.0,-1.0,-14.0,-1.0,-10.0,1.0,-5.0,2.0,-1.0,3.0,2.0,4.0,5.0,5.0,8.0,6.0,10.0,0.0,0.0,0.0,0.0,0.0,0.0,0.0,0.0,0.0,0.0
4.9634,122.0,-96.0,7.0,0.0,-28.0,14.0,-28.0,14.0,-25.0,14.0,-22.0,13.0,-18.0,11.0,-15.0,8.0,-11.0,5.0,-7.0,2.0,-3.0,-3.0,0.0,-7.0,3.0,-12.0,5.0,-15.0,6.0,-19.0,7.0,-21.0,7.0,-23.0,8.0,-24.0,8.0,-24.0,7.0,-22.0,6.0,-20.0,5.0,-17.0,4.0,-14.0,3.0,-10.0,2.0,-6.0,1.0,-3.0,1.0,1.0,0.0,0.0,0.0,0.0,0.0,0.0,0.0,0.0,0.0,0.0
4.9767,122.0,-96.0,7.0,0.0,19.0,-10.0,22.0,-12.0,24.0,-14.0,26.0,-15.0,25.0,-15.0,24.0,-15.0,22.0,-15.0,20.0,-14.0,16.0,-13.0,13.0,-10.0,9.0,-7.0,6.0,-3.0,2.0,1.0,0.0,5.0,-3.0,9.0,-6.0,13.0,-8.0,15.0,-9.0,17.0,-10.0,18.0,-10.0,19.0,-9.0,18.0,-9.0,17.0,-7.0,15.0,-7.0,14.0,-6.0,11.0,0.0,0.0,0.0,0.0,0.0,0.0,0.0,0.0,0.0,0.0
4.991,122.0,-96.0,7.0,0.0,4.0,-32.0,3.0,-31.0,2.0,-29.0,1.0,-26.0,0.0,-22.0,0.0,-18.0,1.0,-13.0,1.0,-7.0,3.0,-2.0,4.0,3.0,6.0,7.0,8.0,12.0,10.0,14.0,13.0,17.0,14.0,18.0,14.0,19.0,15.0,19.0,14.0,18.0,13.0,16.0,11.0,14.0,9.0,11.0,7.0,8.0,3.0,6.0,1.0,3.0,-2.0,1.0,0.0,0.0,0.0,0.0,0.0,0.0,0.0,0.0,0.0,0.0
5.0014,122.0,-96.0,7.0,0.0,13.0,-14.0,14.0,-14.0,13.0,-14.0,13.0,-14.0,12.0,-14.0,12.0,-14.0,11.0,-14.0,10.0,-15.0,11.0,-14.0,10.0,-14.0,10.0,-14.0,10.0,-14.0,10.0,-14.0,9.0,-14.0,9.0,-14.0,9.0,-14.0,9.0,-13.0,9.0,-13.0,9.0,-13.0,8.0,-12.0,8.0,-12.0,8.0,-11.0,8.0,-10.0,8.0,-10.0,8.0,-10.0,0.0,0.0,0.0,0.0,0.0,0.0,0.0,0.0,0.0,0.0
