time,sc_0,sc_1,sc_2,sc_3,sc_4,sc_5,sc_6,sc_7,sc_8,sc_9,sc_10,sc_11,sc_12,sc_13,sc_14,sc_15,sc_16,sc_17,sc_18,sc_19,sc_20,sc_21,sc_22,sc_23,sc_24,sc_25,sc_26,sc_27,sc_28,sc_29,sc_30,sc_31,sc_32,sc_33,sc_34,sc_35,sc_36,sc_37,sc_38,sc_39,sc_40,sc_41,sc_42,sc_43,sc_44,sc_45,sc_46,sc_47,sc_48,sc_49,sc_50,sc_51,sc_52,sc_53,sc_54,sc_55,sc_56,sc_57,sc_58,sc_59,sc_60,sc_61,sc_62,sc_63
0.0108,122.0,-96.0,7.0,0.0,0.0,0.0,0.0,0.0,0.0,0.0,0.0,0.0,-3.0,-11.0,-3.0,-11.0,-3.0,-11.0,-3.0,-11.0,-3.0,-12.0,-3.0,-12.0,-3.0,-12.0,-4.0,-12.0,-4.0,-12.0,-4.0,-12.0,-4.0,-12.0,-4.0,-12.0,-4.0,-12.0,-4.0,-12.0,-4.0,-12.0,-4.0,-13.0,-4.0,-13.0,-4.0,-13.0,-5.0,-12.0,-5.0,-13.0,-5.0,-12.0,-5.0,-13.0,-5.0,-13.0,-5.0,-13.0,-5.0,-12.0,-5.0,-13.0
0.0183,122.0,-96.0,7.0,0.0,0.0,0.0,0.0,0.0,0.0,0.0,0.0,0.0,-11.0,-21.0,-10.0,-19.0,-8.0,-16.0,-6.0,-13.0,-4.0,-10.0,0.0,-7.0,4.0,-4.0,8.0,-2.0,13.0,0.0,17.0,1.0,20.0,2.0,23.0,2.0,26.0,2.0,27.0,1.0,28.0,0.0,27.0,0.0,25.0,-1.0,22.0,-1.0,18.0,-1.0,14.0,0.0,10.0,1.0,4.0,4.0,0.0,6.0,-4.0,9.0,-8.0,12.0,-11.0,16.0
0.0255,102.0,96.0,6.0,0.0,0.0,0.0,0.0,0.0,0.0,0.0,0.0,0.0,-9.0,6.0,-7.0,1.0,-5.0,-4.0,-5.0,-9.0,-4.0,-14.0,-5.0,-19.0,-5.0,-23.0,-6.0,-26.0,-8.0,-29.0,-9.0,-29.0,-10.0,-29.0,-11.0,-28.0,-11.0,-26.0,-11.0,-23.0,-9.0,-20.0,-6.0,-16.0,-3.0,-12.0,1.0,-8.0,6.0,-4.0,10.0,-1.0,15.0,2.0,20.0,4.0,25.0,4.0,28.0,4.0,30.0,3.0,31.0,3.0
0.0344,122.0,-96.0,7.0,0.0,0.0,0.0,0.0,0.0,0.0,0.0,0.0,0.0,-4.0,-13.0,-4.0,-17.0,-4.0,-21.0,-4.0,-25.0,-5.0,-27.0,-6.0,-29.0,-7.0,-30.0,-8.0,-29.0,-9.0,-28.0,-8.0,-25.0,-6.0,-21.0,-4.0,-18.0,-3.0,-14.0,1.0,-9.0,4.0,-5.0,8.0,-1.0,13.0,2.0,17.0,5.0,22.0,7.0,25.0,8.0,28.0,9.0,30.0,9.0,31.0,8.0,31.0,7.0,30.0,5.0,27.0,4.0
0.0485,122.0,-96.0,7.0,0.0,0.0,0.0,0.0,0.0,0.0,0.0,0.0,0.0,-9.0,-6.0,-10.0,-6.0,-10.0,-6.0,-11.0,-6.0,-11.0,-7.0,-11.0,-6.0,-11.0,-6.0,-11.0,-7.0,-12.0,-6.0,-11.0,-6.0,-11.0,-7.0,-11.0,-7.0,-11.0,-7.0,-12.0,-7.0,-11.0,-6.0,-11.0,-6.0,-12.0,-6.0,-12.0,-6.0,-12.0,-6.0,-12.0,-6.0,-12.0,-6.0,-13.0,-6.0,-13.0,-6.0,-12.0,-6.0,-12.0,-6.0,-12.0,-6.0
0.0625,122.0,-96.0,7.0,0.0,0.0,0.0,0.0,0.0,0.0,0.0,0.0,0.0,-16.0,20.0,-15.0,18.0,-12.0,15.0,-11.0,12.0,-9.0,7.0,-8.0,2.0,-7.0,-3.0,-6.0,-8.0,-6.0,-14.0,-6.0,-18.0,-7.0,-22.0,-8.0,-25.0,-10.0,-28.0,-11.0,-29.0,-12.0,-30.0,-12.0,-28.0,-13.0,-27.0,-12.0,-23.0,-10.0,-20.0,-8.0,-16.0,-4.0,-13.0,0.0,-9.0,5.0,-5.0,9.0,-1.0,14.0,2.0,19.0,3.0
0.0762,122.0,-96.0,7.0,0.0,0.0,0.0,0.0,0.0,0.0,0.0,0.0,0.0,10.0,0.0,11.0,0.0,11.0,0.0,11.0,0.0,11.0,0.0,12.0,0.0,12.0,0.0,11.0,0.0,11.0,0.0,11.0,0.0,12.0,-1.0,12.0,0.0,12.0,0.0,12.0,0.0,12.0,-1.0,12.0,-1.0,12.0,-1.0,12.0,-1.0,13.0,-1.0,12.0,-1.0,13.0,-1.0,12.0,-1.0,13.0,-1.0,13.0,-2.0,13.0,-1.0,13.0,-1.0
0.0911,122.0,-96.0,7.0,0.0,0.0,0.0,0.0,0.0,0.0,0.0,0.0,0.0,5.0,-24.0,4.0,-26.0,4.0,-26.0,3.0,-26.0,3.0,-24.0,2.0,-22.0,2.0,-19.0,2.0,-15.0,3.0,-11.0,4.0,-6.0,5.0,-1.0,7.0,3.0,9.0,8.0,11.0,11.0,14.0,15.0,15.0,17.0,18.0,19.0,19.0,20.0,20.0,20.0,20.0,19.0,19.0,18.0,18.0,15.0,15.0,13.0,12.0,10.0,7.0,8.0,3.0,6.0
0.1039,122.0,-96.0,7.0,0.0,0.0,0.0,0.0,0.0,0.0,0.0,0.0,0.0,16.0,-20.0,14.0,-19.0,12.0,-16.0,10.0,-13.0,8.0,-8.0,6.0,-3.0,5.0,2.0,5.0,7.0,4.0,13.0,5.0,17.0,6.0,21.0,6.0,24.0,7.0,27.0,9.0,29.0,10.0,29.0,10.0,28.0,10.0,26.0,9.0,23.0,8.0,20.0,6.0,16.0,3.0,11.0,-1.0,7.0,-6.0,3.0,-10.0,0.0,-14.0,-3.0,-20.0,-5.0
0.1169,122.0,-96.0,7.0,0.0,0.0,0.0,0.0,0.0,0.0,0.0,0.0,0.0,19.0,-13.0,17.0,-12.0,15.0,-10.0,12.0,-8.0,9.0,-5.0,6.0,-1.0,3.0,3.0,1.0,8.0,0.0,12.0,-1.0,16.0,-3.0,20.0,-3.0,23.0,-3.0,26.0,-2.0,27.0,-1.0,28.0,0.0,27.0,0.0,25.0,1.0,23.0,0.0,19.0,0.0,15.0,-2.0,11.0,-3.0,6.0,-6.0,1.0,-9.0,-3.0,-11.0,-8.0,-15.0,-11.0
0.1306,122.0,-96.0,7.0,0.0,0.0,0.0,0.0,0.0,0.0,0.0,0.0,0.0,-10.0,-22.0,-12.0,-24.0,-12.0,-23.0,-12.0,-23.0,-12.0,-21.0,-11.0,-19.0,-10.0,-17.0,-7.0,-14.0,-5.0,-11.0,0.0,-8.0,4.0,-4.0,8.0,-2.0,13.0,0.0,16.0,2.0,20.0,3.0,23.0,4.0,26.0,4.0,27.0,4.0,28.0,3.0,27.0,2.0,26.0,2.0,23.0,1.0,20.0,1.0,15.0,1.0,10.0,2.0,6.0,3.0
0.1446,122.0,-96.0,7.0,0.0,0.0,0.0,0.0,0.0,0.0,0.0,0.0,0.0,-13.0,16.0,-13.0,16.0,-13.0,16.0,-13.0,16.0,-13.0,17.0,-14.0,17.0,-14.0,18.0,-13.0,18.0,-13.0,18.0,-13.0,18.0,-13.0,18.0,-13.0,18.0,-13.0,18.0,-13.0,18.0,-13.0,19.0,-13.0,18.0,-13.0,19.0,-13.0,19.0,-13.0,19.0,-13.0,19.0,-13.0,20.0,-12.0,20.0,-12.0,20.0,-12.0,20.0,-12.0,19.0,-12.0,20.0
0.1595,122.0,-96.0,7.0,0.0,0.0,0.0,0.0,0.0,0.0,0.0,0.0,0.0,-13.0,3.0,-17.0,3.0,-22.0,4.0,-24.0,5.0,-27.0,6.0,-29.0,7.0,-29.0,8.0,-29.0,9.0,-27.0,9.0,-25.0,8.0,-21.0,6.0,-18.0,4.0,-14.0,2.0,-9.0,-1.0,-5.0,-4.0,-2.0,-9.0,2.0,-14.0,5.0,-18.0,6.0,-22.0,7.0,-26.0,8.0,-29.0,8.0,-31.0,7.0,-32.0,6.0,-32.0,4.0,-31.0,4.0,-28.0
0.1735,122.0,-96.0,7.0,0.0,0.0,0.0,0.0,0.0,0.0,0.0,0.0,0.0,-10.0,5.0,-10.0,6.0,-10.0,5.0,-10.0,5.0,-10.0,5.0,-11.0,6.0,-11.0,6.0,-11.0,6.0,-11.0,6.0,-12.0,6.0,-11.0,6.0,-11.0,6.0,-12.0,6.0,-11.0,6.0,-11.0,6.0,-12.0,6.0,-11.0,7.0,-11.0,7.0,-11.0,7.0,-11.0,6.0,-12.0,7.0,-12.0,7.0,-11.0,7.0,-11.0,7.0,-11.0,7.0,-11.0,7.0
0.1878,122.0,-96.0,7.0,0.0,0.0,0.0,0.0,0.0,0.0,0.0,0.0,0.0,-12.0,5.0,-16.0,6.0,-20.0,8.0,-23.0,8.0,-25.0,10.0,-27.0,12.0,-27.0,13.0,-27.0,13.0,-25.0,13.0,-23.0,12.0,-20.0,10.0,-16.0,7.0,-13.0,4.0,-9.0,0.0,-6.0,-4.0,-3.0,-9.0,0.0,-14.0,2.0,-18.0,3.0,-23.0,3.0,-27.0,4.0,-30.0,4.0,-32.0,3.0,-33.0,1.0,-32.0,0.0,-31.0,0.0,-28.0
0.2027,122.0,-96.0,7.0,0.0,0.0,0.0,0.0,0.0,0.0,0.0,0.0,0.0,-11.0,2.0,-12.0,2.0,-12.0,2.0,-12.0,2.0,-13.0,3.0,-13.0,3.0,-13.0,3.0,-13.0,3.0,-13.0,3.0,-13.0,3.0,-13.0,3.0,-13.0,3.0,-14.0,3.0,-14.0,4.0,-13.0,4.0,-13.0,4.0,-14.0,3.0,-13.0,4.0,-13.0,4.0,-13.0,4.0,-13.0,4.0,-14.0,4.0,-14.0,4.0,-14.0,4.0,-14.0,4.0,-14.0,4.0
0.217,122.0,-96.0,7.0,0.0,0.0,0.0,0.0,0.0,0.0,0.0,0.0,0.0,7.0,-10.0,7.0,-5.0,6.0,1.0,6.0,7.0,6.0,13.0,7.0,18.0,9.0,22.0,11.0,26.0,12.0,29.0,14.0,30.0,15.0,30.0,15.0,29.0,16.0,27.0,15.0,25.0,14.0,21.0,10.0,17.0,6.0,13.0,2.0,9.0,-4.0,6.0,-9.0,3.0,-15.0,1.0,-21.0,-1.0,-26.0,-1.0,-31.0,-1.0,-34.0,-1.0,-36.0,0.0
0.2318,122.0,-96.0,7.0,0.0,0.0,0.0,0.0,0.0,0.0,0.0,0.0,0.0,2.0,-11.0,3.0,-11.0,2.0,-11.0,2.0,-12.0,3.0,-12.0,3.0,-12.0,3.0,-12.0,2.0,-12.0,3.0,-12.0,2.0,-12.0,3.0,-12.0,3.0,-12.0,3.0,-12.0,2.0,-13.0,3.0,-13.0,3.0,-13.0,2.0,-13.0,2.0,-13.0,3.0,-13.0,3.0,-13.0,3.0,-13.0,3.0,-13.0,2.0,-13.0,2.0,-14.0,2.0,-14.0,2.0,-14.0
0.2451,122.0,-96.0,7.0,0.0,0.0,0.0,0.0,0.0,0.0,0.0,0.0,0.0,-6.0,28.0,-6.0,25.0,-5.0,22.0,-5.0,18.0,-5.0,13.0,-6.0,7.0,-7.0,1.0,-9.0,-5.0,-12.0,-10.0,-15.0,-15.0,-17.0,-19.0,-20.0,-22.0,-23.0,-24.0,-25.0,-25.0,-26.0,-25.0,-26.0,-24.0,-25.0,-22.0,-24.0,-20.0,-21.0,-17.0,-17.0,-15.0,-11.0,-12.0,-6.0,-9.0,1.0,-8.0,7.0,-6.0,13.0,-5.0,20.0,-5.0
0.2599,122.0,-96.0,7.0,0.0,0.0,0.0,0.0,0.0,0.0,0.0,0.0,0.0,-16.0,18.0,-16.0,20.0,-16.0,21.0,-15.0,20.0,-14.0,20.0,-13.0,17.0,-11.0,15.0,-10.0,12.0,-8.0,8.0,-7.0,3.0,-5.0,-2.0,-6.0,-7.0,-6.0,-13.0,-6.0,-17.0,-6.0,-20.0,-7.0,-24.0,-8.0,-26.0,-9.0,-28.0,-10.0,-27.0,-11.0,-27.0,-10.0,-25.0,-10.0,-23.0,-9.0,-20.0,-6.0,-15.0,-4.0,-11.0,0.0,-7.0
0.2641,98.0,33.0,22.0,0.0,0.0,0.0,0.0,0.0,0.0,0.0,0.0,0.0,-8.0,-23.0,-9.0,-24.0,-8.0,-23.0,-9.0,-22.0,-10.0,-19.0,-9.0,-16.0,-8.0,-12.0,-8.0,-8.0,-7.0,-3.0,-5.0,1.0,-3.0,6.0,-1.0,10.0,2.0,13.0,5.0,16.0,8.0,18.0,12.0,19.0,15.0,20.0,16.0,20.0,19.0,18.0,19.0,16.0,18.0,14.0,16.0,12.0,13.0,9.0,8.0,5.0,4.0,2.0,-2.0,1.0
0.2803,122.0,-96.0,7.0,0.0,0.0,0.0,0.0,0.0,0.0,0.0,0.0,0.0,-7.0,-11.0,-2.0,-8.0,3.0,-6.0,9.0,-5.0,14.0,-4.0,20.0,-4.0,24.0,-4.0,28.0,-4.0,32.0,-6.0,33.0,-7.0,33.0,-8.0,32.0,-9.0,30.0,-9.0,27.0,-10.0,23.0,-8.0,18.0,-6.0,13.0,-3.0,9.0,1.0,4.0,5.0,-1.0,10.0,-4.0,16.0,-6.0,21.0,-8.0,26.0,-8.0,30.0,-8.0,33.0,-8.0,34.0
0.2948,122.0,-96.0,7.0,0.0,0.0,0.0,0.0,0.0,0.0,0.0,0.0,0.0,20.0,20.0,18.0,18.0,16.0,15.0,12.0,13.0,7.0,10.0,2.0,7.0,-4.0,6.0,-10.0,4.0,-16.0,4.0,-21.0,3.0,-26.0,3.0,-29.0,4.0,-32.0,5.0,-34.0,6.0,-35.0,8.0,-34.0,9.0,-32.0,9.0,-28.0,8.0,-24.0,7.0,-19.0,5.0,-14.0,2.0,-9.0,-2.0,-4.0,-7.0,0.0,-11.0,4.0,-16.0,7.0,-21.0
0.3251,122.0,-96.0,7.0,0.0,0.0,0.0,0.0,0.0,0.0,0.0,0.0,0.0,-12.0,26.0,-10.0,24.0,-9.0,20.0,-8.0,15.0,-7.0,10.0,-7.0,4.0,-8.0,-2.0,-8.0,-8.0,-10.0,-14.0,-11.0,-19.0,-13.0,-23.0,-15.0,-27.0,-17.0,-29.0,-19.0,-30.0,-21.0,-29.0,-21.0,-28.0,-20.0,-26.0,-18.0,-23.0,-15.0,-19.0,-11.0,-15.0,-6.0,-12.0,-1.0,-9.0,6.0,-6.0,12.0,-3.0,18.0,-1.0,23.0,0.0
0.342,122.0,-96.0,7.0,0.0,0.0,0.0,0.0,0.0,0.0,0.0,0.0,0.0,-11.0,-3.0,-12.0,-2.0,-11.0,-2.0,-12.0,-3.0,-12.0,-2.0,-12.0,-3.0,-12.0,-2.0,-13.0,-2.0,-12.0,-2.0,-12.0,-2.0,-13.0,-2.0,-13.0,-3.0,-13.0,-3.0,-13.0,-2.0,-13.0,-2.0,-13.0,-2.0,-13.0,-2.0,-13.0,-2.0,-14.0,-2.0,-13.0,-2.0,-13.0,-2.0,-13.0,-1.0,-14.0,-1.0,-14.0,-1.0,-14.0,-2.0,-14.0,-1.0
0.3546,122.0,-96.0,7.0,0.0,0.0,0.0,0.0,0.0,0.0,0.0,0.0,0.0,9.0,-6.0,9.0,-6.0,9.0,-5.0,10.0,-6.0,10.0,-5.0,10.0,-6.0,10.0,-6.0,10.0,-6.0,10.0,-6.0,10.0,-7.0,10.0,-7.0,10.0,-7.0,10.0,-7.0,10.0,-7.0,11.0,-7.0,11.0,-7.0,11.0,-7.0,10.0,-7.0,11.0,-7.0,10.0,-7.0,11.0,-7.0,10.0,-7.0,10.0,-8.0,11.0,-8.0,11.0,-8.0,11.0,-8.0
0.3657,122.0,-96.0,7.0,0.0,0.0,0.0,0.0,0.0,0.0,0.0,0.0,0.0,-13.0,-5.0,-17.0,-8.0,-20.0,-9.0,-23.0,-11.0,-25.0,-12.0,-28.0,-12.0,-29.0,-11.0,-29.0,-10.0,-27.0,-9.0,-24.0,-8.0,-21.0,-8.0,-16.0,-7.0,-12.0,-7.0,-6.0,-7.0,0.0,-7.0,5.0,-8.0,11.0,-10.0,15.0,-11.0,20.0,-14.0,22.0,-16.0,25.0,-18.0,25.0,-19.0,25.0,-20.0,24.0,-20.0,22.0,-20.0,19.0,-19.0
0.3786,122.0,-96.0,7.0,0.0,0.0,0.0,0.0,0.0,0.0,0.0,0.0,0.0,-21.0,5.0,-22.0,6.0,-23.0,6.0,-22.0,6.0,-21.0,7.0,-19.0,6.0,-17.0,5.0,-14.0,4.0,-11.0,2.0,-8.0,-1.0,-4.0,-4.0,-1.0,-8.0,2.0,-11.0,4.0,-14.0,5.0,-17.0,7.0,-21.0,7.0,-23.0,7.0,-24.0,7.0,-25.0,6.0,-25.0,5.0,-24.0,4.0,-22.0,4.0,-19.0,3.0,-16.0,2.0,-11.0,3.0,-7.0
0.3924,122.0,-96.0,7.0,0.0,0.0,0.0,0.0,0.0,0.0,0.0,0.0,0.0,-3.0,11.0,-4.0,15.0,-6.0,18.0,-7.0,21.0,-6.0,23.0,-6.0,25.0,-6.0,26.0,-5.0,26.0,-4.0,24.0,-4.0,21.0,-4.0,18.0,-4.0,14.0,-4.0,10.0,-5.0,5.0,-6.0,0.0,-8.0,-4.0,-11.0,-9.0,-12.0,-13.0,-15.0,-17.0,-18.0,-19.0,-20.0,-20.0,-21.0,-21.0,-21.0,-20.0,-22.0,-20.0,-21.0,-18.0,-19.0,-16.0
0.4052,122.0,-96.0,7.0,0.0,0.0,0.0,0.0,0.0,0.0,0.0,0.0,0.0,10.0,3.0,5.0,4.0,0.0,5.0,-5.0,7.0,-9.0,8.0,-14.0,11.0,-17.0,14.0,-20.0,16.0,-21.0,19.0,-22.0,20.0,-22.0,21.0,-21.0,21.0,-19.0,21.0,-17.0,20.0,-15.0,17.0,-12.0,13.0,-10.0,9.0,-8.0,4.0,-7.0,-1.0,-6.0,-7.0,-5.0,-13.0,-6.0,-18.0,-6.0,-23.0,-8.0,-26.0,-9.0,-29.0,-10.0,-30.0
0.4192,122.0,-96.0,7.0,0.0,0.0,0.0,0.0,0.0,0.0,0.0,0.0,0.0,4.0,10.0,0.0,6.0,-4.0,4.0,-9.0,1.0,-14.0,-1.0,-19.0,-2.0,-23.0,-2.0,-26.0,-2.0,-29.0,-2.0,-30.0,-2.0,-31.0,0.0,-30.0,0.0,-28.0,1.0,-26.0,2.0,-22.0,1.0,-18.0,0.0,-13.0,-1.0,-8.0,-4.0,-3.0,-6.0,1.0,-9.0,6.0,-13.0,9.0,-17.0,12.0,-21.0,13.0,-25.0,14.0,-27.0,14.0,-28.0
0.4328,122.0,-96.0,7.0,0.0,0.0,0.0,0.0,0.0,0.0,0.0,0.0,0.0,-2.0,-12.0,-2.0,-17.0,-2.0,-20.0,-2.0,-23.0,-2.0,-25.0,-3.0,-27.0,-4.0,-27.0,-5.0,-27.0,-5.0,-25.0,-4.0,-22.0,-3.0,-19.0,-2.0,-15.0,0.0,-11.0,3.0,-6.0,5.0,-2.0,9.0,2.0,12.0,5.0,15.0,8.0,19.0,10.0,22.0,12.0,24.0,12.0,25.0,12.0,26.0,12.0,25.0,10.0,24.0,9.0,21.0,7.0
0.4472,122.0,-96.0,7.0,0.0,0.0,0.0,0.0,0.0,0.0,0.0,0.0,0.0,-7.0,-21.0,-8.0,-22.0,-8.0,-22.0,-9.0,-22.0,-9.0,-20.0,-8.0,-19.0,-7.0,-16.0,-5.0,-13.0,-3.0,-10.0,0.0,-7.0,3.0,-3.0,7.0,-1.0,11.0,2.0,14.0,4.0,17.0,5.0,20.0,6.0,22.0,7.0,23.0,7.0,25.0,6.0,24.0,5.0,23.0,5.0,20.0,4.0,18.0,3.0,13.0,3.0,9.0,3.0,5.0,3.0
0.4619,122.0,-96.0,7.0,0.0,0.0,0.0,0.0,0.0,0.0,0.0,0.0,0.0,-15.0,15.0,-16.0,17.0,-16.0,17.0,-15.0,17.0,-14.0,16.0,-13.0,15.0,-11.0,12.0,-10.0,9.0,-8.0,6.0,-7.0,2.0,-5.0,-3.0,-5.0,-7.0,-4.0,-11.0,-4.0,-15.0,-4.0,-19.0,-5.0,-21.0,-6.0,-24.0,-6.0,-25.0,-7.0,-25.0,-8.0,-24.0,-7.0,-24.0,-7.0,-21.0,-7.0,-18.0,-5.0,-14.0,-3.0,-10.0,0.0,-7.0
0.4758,122.0,-96.0,7.0,0.0,0.0,0.0,0.0,0.0,0.0,0.0,0.0,0.0,13.0,-3.0,13.0,-3.0,13.0,-3.0,14.0,-3.0,13.0,-3.0,14.0,-4.0,14.0,-4.0,14.0,-4.0,14.0,-4.0,14.0,-4.0,14.0,-4.0,14.0,-4.0,15.0,-4.0,15.0,-4.0,15.0,-5.0,14.0,-5.0,15.0,-5.0,15.0,-5.0,15.0,-5.0,14.0,-5.0,15.0,-6.0,15.0,-6.0,14.0,-6.0,15.0,-6.0,15.0,-6.0,15.0,-6.0
0.4801,98.0,33.0,22.0,0.0,0.0,0.0,0.0,0.0,0.0,0.0,0.0,0.0,19.0,-2.0,19.0,-1.0,19.0,-2.0,18.0,-3.0,16.0,-3.0,14.0,-3.0,10.0,-4.0,7.0,-4.0,3.0,-4.0,-1.0,-4.0,-5.0,-4.0,-8.0,-3.0,-12.0,-2.0,-14.0,0.0,-17.0,2.0,-18.0,4.0,-19.0,6.0,-19.0,8.0,-19.0,9.0,-18.0,10.0,-16.0,10.0,-13.0,9.0,-11.0,7.0,-7.0,5.0,-4.0,1.0,-1.0,-3.0
0.4943,122.0,-96.0,7.0,0.0,0.0,0.0,0.0,0.0,0.0,0.0,0.0,0.0,10.0,-9.0,9.0,-10.0,10.0,-10.0,10.0,-11.0,10.0,-11.0,10.0,-11.0,10.0,-11.0,10.0,-11.0,9.0,-12.0,10.0,-12.0,10.0,-12.0,10.0,-12.0,10.0,-12.0,10.0,-12.0,10.0,-12.0,10.0,-12.0,10.0,-12.0,10.0,-13.0,10.0,-13.0,10.0,-13.0,9.0,-13.0,10.0,-13.0,10.0,-14.0,9.0,-13.0,10.0,-13.0,9.0,-14.0
0.5079,122.0,-96.0,7.0,0.0,0.0,0.0,0.0,0.0,0.0,0.0,0.0,0.0,22.0,7.0,24.0,7.0,24.0,7.0,24.0,6.0,23.0,5.0,21.0,5.0,18.0,4.0,14.0,4.0,10.0,4.0,5.0,5.0,0.0,5.0,-5.0,6.0,-10.0,8.0,-14.0,10.0,-17.0,12.0,-20.0,14.0,-21.0,16.0,-22.0,17.0,-22.0,18.0,-22.0,18.0,-20.0,18.0,-18.0,16.0,-15.0,14.0,-12.0,10.0,-9.0,6.0,-7.0,2.0
0.5226,122.0,-96.0,7.0,0.0,0.0,0.0,0.0,0.0,0.0,0.0,0.0,0.0,0.0,-13.0,2.0,-8.0,5.0,-3.0,9.0,2.0,13.0,6.0,18.0,9.0,22.0,11.0,26.0,13.0,29.0,13.0,30.0,13.0,31.0,12.0,31.0,11.0,29.0,9.0,28.0,7.0,23.0,6.0,18.0,5.0,12.0,5.0,6.0,6.0,0.0,7.0,-6.0,8.0,-12.0,11.0,-18.0,13.0,-21.0,17.0,-24.0,20.0,-26.0,22.0,-26.0,24.0
0.5385,122.0,-96.0,7.0,0.0,0.0,0.0,0.0,0.0,0.0,0.0,0.0,0.0,-3.0,-12.0,0.0,-7.0,4.0,-4.0,8.0,-1.0,12.0,2.0,17.0,4.0,21.0,6.0,24.0,7.0,27.0,7.0,28.0,6.0,29.0,6.0,29.0,4.0,28.0,4.0,26.0,2.0,22.0,2.0,18.0,2.0,13.0,2.0,7.0,4.0,2.0,6.0,-3.0,8.0,-8.0,10.0,-13.0,13.0,-16.0,16.0,-18.0,19.0,-20.0,22.0,-21.0,24.0
0.5529,122.0,-96.0,7.0,0.0,0.0,0.0,0.0,0.0,0.0,0.0,0.0,0.0,-11.0,0.0,-12.0,0.0,-11.0,0.0,-12.0,0.0,-12.0,0.0,-12.0,0.0,-12.0,0.0,-12.0,0.0,-12.0,0.0,-13.0,0.0,-12.0,0.0,-13.0,0.0,-13.0,0.0,-13.0,1.0,-13.0,0.0,-13.0,0.0,-14.0,0.0,-13.0,1.0,-13.0,1.0,-13.0,0.0,-13.0,1.0,-14.0,1.0,-13.0,1.0,-14.0,1.0,-14.0,1.0,-14.0,1.0
0.5673,122.0,-96.0,7.0,0.0,0.0,0.0,0.0,0.0,0.0,0.0,0.0,0.0,-21.0,16.0,-19.0,14.0,-16.0,12.0,-13.0,9.0,-11.0,5.0,-8.0,1.0,-6.0,-4.0,-4.0,-9.0,-3.0,-14.0,-2.0,-19.0,-1.0,-23.0,-1.0,-26.0,-2.0,-29.0,-3.0,-31.0,-4.0,-32.0,-5.0,-31.0,-5.0,-29.0,-5.0,-26.0,-5.0,-22.0,-3.0,-18.0,-1.0,-13.0,2.0,-8.0,5.0,-4.0,9.0,2.0,12.0,5.0,17.0,9.0
0.5807,122.0,-96.0,7.0,0.0,0.0,0.0,0.0,0.0,0.0,0.0,0.0,0.0,-17.0,-18.0,-18.0,-18.0,-19.0,-18.0,-19.0,-18.0,-19.0,-17.0,-17.0,-15.0,-15.0,-13.0,-12.0,-11.0,-8.0,-9.0,-4.0,-8.0,1.0,-6.0,6.0,-5.0,11.0,-4.0,15.0,-3.0,19.0,-3.0,23.0,-3.0,25.0,-4.0,27.0,-4.0,28.0,-5.0,27.0,-6.0,26.0,-6.0,23.0,-6.0,20.0,-6.0,16.0,-4.0,12.0,-3.0,8.0,0.0
0.5959,122.0,-96.0,7.0,0.0,0.0,0.0,0.0,0.0,0.0,0.0,0.0,0.0,-10.0,-9.0,-4.0,-7.0,2.0,-6.0,7.0,-6.0,13.0,-7.0,19.0,-8.0,23.0,-9.0,27.0,-11.0,29.0,-13.0,30.0,-14.0,30.0,-16.0,29.0,-16.0,27.0,-16.0,24.0,-16.0,21.0,-13.0,16.0,-10.0,12.0,-6.0,9.0,-1.0,5.0,4.0,1.0,10.0,-1.0,16.0,-2.0,21.0,-2.0,27.0,-2.0,30.0,-2.0,34.0,-1.0,35.0
0.6085,122.0,-96.0,7.0,0.0,0.0,0.0,0.0,0.0,0.0,0.0,0.0,0.0,-3.0,12.0,-5.0,16.0,-7.0,20.0,-8.0,23.0,-8.0,26.0,-8.0,28.0,-6.0,29.0,-5.0,28.0,-5.0,27.0,-5.0,24.0,-5.0,20.0,-5.0,16.0,-5.0,11.0,-5.0,6.0,-6.0,0.0,-8.0,-5.0,-11.0,-10.0,-14.0,-14.0,-17.0,-18.0,-20.0,-20.0,-22.0,-22.0,-24.0,-22.0,-24.0,-23.0,-24.0,-22.0,-23.0,-20.0,-21.0,-17.0
0.6224,122.0,-96.0,7.0,0.0,0.0,0.0,0.0,0.0,0.0,0.0,0.0,0.0,14.0,21.0,16.0,22.0,17.0,22.0,17.0,22.0,16.0,20.0,15.0,19.0,13.0,16.0,10.0,13.0,7.0,10.0,2.0,8.0,-3.0,5.0,-8.0,3.0,-14.0,1.0,-18.0,0.0,-23.0,-1.0,-26.0,-2.0,-30.0,-1.0,-31.0,-1.0,-32.0,0.0,-32.0,1.0,-31.0,1.0,-28.0,1.0,-24.0,2.0,-20.0,1.0,-15.0,0.0,-10.0,-2.0
0.6383,122.0,-96.0,7.0,0.0,0.0,0.0,0.0,0.0,0.0,0.0,0.0,0.0,-10.0,5.0,-10.0,6.0,-10.0,5.0,-10.0,6.0,-10.0,5.0,-11.0,6.0,-10.0,6.0,-11.0,6.0,-11.0,6.0,-10.0,6.0,-11.0,6.0,-11.0,6.0,-11.0,7.0,-11.0,7.0,-11.0,7.0,-11.0,6.0,-12.0,6.0,-11.0,7.0,-11.0,7.0,-11.0,7.0,-11.0,7.0,-11.0,7.0,-10.0,8.0,-11.0,7.0,-11.0,7.0,-11.0,8.0
0.6535,122.0,-96.0,7.0,0.0,0.0,0.0,0.0,0.0,0.0,0.0,0.0,0.0,0.0,-13.0,2.0,-8.0,5.0,-2.0,9.0,2.0,13.0,6.0,18.0,10.0,21.0,12.0,24.0,14.0,28.0,15.0,30.0,15.0,31.0,14.0,30.0,13.0,29.0,11.0,27.0,9.0,23.0,8.0,18.0,7.0,12.0,6.0,6.0,6.0,-1.0,7.0,-7.0,8.0,-13.0,10.0,-18.0,12.0,-23.0,16.0,-26.0,18.0,-27.0,20.0,-28.0,22.0
0.6679,122.0,-96.0,7.0,0.0,0.0,0.0,0.0,0.0,0.0,0.0,0.0,0.0,10.0,-6.0,13.0,-7.0,17.0,-9.0,19.0,-10.0,22.0,-12.0,23.0,-13.0,23.0,-14.0,22.0,-14.0,21.0,-14.0,18.0,-13.0,15.0,-10.0,12.0,-7.0,9.0,-4.0,6.0,0.0,3.0,4.0,1.0,9.0,-1.0,13.0,-3.0,17.0,-3.0,21.0,-4.0,25.0,-3.0,27.0,-3.0,28.0,-2.0,29.0,-1.0,27.0,0.0,25.0,0.0,22.0
0.6818,122.0,-96.0,7.0,0.0,0.0,0.0,0.0,0.0,0.0,0.0,0.0,0.0,5.0,13.0,6.0,18.0,7.0,23.0,8.0,26.0,9.0,29.0,11.0,31.0,12.0,31.0,13.0,30.0,13.0,28.0,12.0,25.0,9.0,21.0,6.0,17.0,4.0,13.0,-1.0,8.0,-5.0,4.0,-11.0,0.0,-17.0,-3.0,-21.0,-5.0,-27.0,-7.0,-31.0,-8.0,-34.0,-8.0,-36.0,-7.0,-36.0,-7.0,-35.0,-6.0,-34.0,-4.0,-31.0,-4.0
0.6962,122.0,-96.0,7.0,0.0,0.0,0.0,0.0,0.0,0.0,0.0,0.0,0.0,12.0,4.0,15.0,7.0,19.0,9.0,22.0,11.0,24.0,11.0,26.0,12.0,27.0,11.0,27.0,10.0,25.0,9.0,22.0,8.0,19.0,7.0,14.0,6.0,10.0,5.0,4.0,5.0,-2.0,5.0,-8.0,7.0,-13.0,8.0,-17.0,10.0,-22.0,12.0,-25.0,14.0,-27.0,16.0,-28.0,17.0,-27.0,18.0,-26.0,18.0,-23.0,17.0,-21.0,16.0
0.7088,122.0,-96.0,7.0,0.0,0.0,0.0,0.0,0.0,0.0,0.0,0.0,0.0,15.0,14.0,17.0,14.0,18.0,14.0,17.0,13.0,17.0,12.0,15.0,11.0,13.0,10.0,10.0,8.0,7.0,7.0,2.0,6.0,-2.0,4.0,-7.0,4.0,-11.0,3.0,-15.0,3.0,-19.0,4.0,-22.0,4.0,-24.0,5.0,-25.0,5.0,-25.0,6.0,-25.0,7.0,-24.0,6.0,-21.0,6.0,-18.0,6.0,-14.0,4.0,-10.0,2.0,-7.0,-1.0
0.7242,122.0,-96.0,7.0,0.0,0.0,0.0,0.0,0.0,0.0,0.0,0.0,0.0,-10.0,9.0,-11.0,9.0,-11.0,9.0,-10.0,10.0,-11.0,9.0,-11.0,10.0,-11.0,10.0,-11.0,10.0,-12.0,10.0,-11.0,10.0,-12.0,10.0,-11.0,11.0,-12.0,11.0,-11.0,11.0,-11.0,11.0,-11.0,11.0,-12.0,11.0,-11.0,11.0,-12.0,12.0,-11.0,11.0,-12.0,11.0,-12.0,11.0,-11.0,12.0,-11.0,12.0,-11.0,12.0,-11.0,12.0
0.7426,122.0,-96.0,7.0,0.0,0.0,0.0,0.0,0.0,0.0,0.0,0.0,0.0,-4.0,22.0,-4.0,20.0,-3.0,17.0,-3.0,14.0,-3.0,9.0,-5.0,5.0,-6.0,0.0,-8.0,-4.0,-10.0,-8.0,-13.0,-12.0,-15.0,-15.0,-17.0,-17.0,-19.0,-18.0,-21.0,-18.0,-22.0,-18.0,-22.0,-17.0,-22.0,-16.0,-19.0,-14.0,-17.0,-12.0,-13.0,-10.0,-9.0,-8.0,-4.0,-7.0,1.0,-6.0,7.0,-5.0,11.0,-5.0,17.0,-6.0
0.7569,122.0,-96.0,7.0,0.0,0.0,0.0,0.0,0.0,0.0,0.0,0.0,0.0,-12.0,0.0,-12.0,1.0,-12.0,0.0,-12.0,1.0,-12.0,1.0,-13.0,1.0,-13.0,1.0,-12.0,1.0,-13.0,1.0,-13.0,1.0,-13.0,1.0,-13.0,1.0,-13.0,1.0,-13.0,1.0,-13.0,1.0,-13.0,2.0,-13.0,2.0,-13.0,2.0,-13.0,2.0,-13.0,2.0,-13.0,2.0,-13.0,2.0,-13.0,2.0,-13.0,2.0,-13.0,2.0,-13.0,3.0
0.7708,122.0,-96.0,7.0,0.0,0.0,0.0,0.0,0.0,0.0,0.0,0.0,0.0,8.0,-11.0,8.0,-11.0,8.0,-11.0,8.0,-12.0,9.0,-12.0,9.0,-12.0,8.0,-12.0,8.0,-13.0,9.0,-13.0,9.0,-13.0,9.0,-13.0,9.0,-13.0,9.0,-13.0,9.0,-13.0,9.0,-14.0,9.0,-13.0,9.0,-14.0,9.0,-14.0,9.0,-14.0,9.0,-14.0,9.0,-14.0,9.0,-14.0,9.0,-14.0,9.0,-14.0,8.0,-14.0,9.0,-15.0
0.7843,122.0,-96.0,7.0,0.0,0.0,0.0,0.0,0.0,0.0,0.0,0.0,0.0,17.0,-13.0,17.0,-14.0,18.0,-15.0,17.0,-15.0,16.0,-15.0,14.0,-13.0,12.0,-12.0,10.0,-9.0,8.0,-6.0,6.0,-2.0,4.0,2.0,2.0,7.0,1.0,11.0,0.0,15.0,0.0,18.0,0.0,21.0,1.0,23.0,1.0,25.0,1.0,25.0,3.0,25.0,3.0,23.0,3.0,21.0,3.0,18.0,1.0,14.0,0.0,10.0,-2.0,6.0
0.7983,122.0,-96.0,7.0,0.0,0.0,0.0,0.0,0.0,0.0,0.0,0.0,0.0,-16.0,13.0,-17.0,15.0,-17.0,15.0,-17.0,16.0,-15.0,15.0,-14.0,14.0,-12.0,11.0,-11.0,8.0,-8.0,6.0,-7.0,1.0,-5.0,-3.0,-4.0,-7.0,-3.0,-11.0,-3.0,-15.0,-3.0,-19.0,-3.0,-22.0,-3.0,-24.0,-4.0,-25.0,-5.0,-26.0,-5.0,-25.0,-5.0,-24.0,-5.0,-21.0,-5.0,-18.0,-3.0,-14.0,-2.0,-11.0,0.0,-7.0
0.8124,122.0,-96.0,7.0,0.0,0.0,0.0,0.0,0.0,0.0,0.0,0.0,0.0,-11.0,-2.0,-6.0,-3.0,-2.0,-6.0,3.0,-9.0,6.0,-13.0,10.0,-16.0,12.0,-20.0,13.0,-22.0,14.0,-25.0,14.0,-26.0,14.0,-27.0,12.0,-27.0,11.0,-26.0,9.0,-24.0,8.0,-20.0,7.0,-15.0,6.0,-10.0,6.0,-4.0,6.0,2.0,6.0,7.0,8.0,13.0,10.0,17.0,13.0,21.0,15.0,23.0,17.0,25.0,18.0,25.0
0.8171,-120.0,-126.0,40.0,0.0,0.0,0.0,0.0,0.0,0.0,0.0,0.0,0.0,0.0,-24.0,0.0,-21.0,-1.0,-17.0,-3.0,-14.0,-5.0,-10.0,-6.0,-5.0,-6.0,0.0,-8.0,5.0,-8.0,9.0,-8.0,14.0,-8.0,18.0,-7.0,21.0,-5.0,22.0,-4.0,24.0,-2.0,24.0,1.0,24.0,3.0,22.0,3.0,19.0,3.0,15.0,3.0,10.0,2.0,6.0,-1.0,0.0,-3.0,-6.0,-6.0,-12.0,-10.0,-17.0,-14.0,-21.0
0.8314,122.0,-96.0,7.0,0.0,0.0,0.0,0.0,0.0,0.0,0.0,0.0,0.0,23.0,-1.0,21.0,-1.0,18.0,-1.0,14.0,-1.0,10.0,0.0,6.0,2.0,2.0,5.0,-3.0,7.0,-6.0,10.0,-9.0,13.0,-12.0,16.0,-13.0,18.0,-15.0,21.0,-15.0,23.0,-15.0,24.0,-14.0,24.0,-12.0,23.0,-11.0,21.0,-9.0,18.0,-8.0,15.0,-7.0,10.0,-7.0,5.0,-6.0,0.0,-6.0,-5.0,-6.0,-10.0,-8.0,-15.0
0.8456,122.0,-96.0,7.0,0.0,0.0,0.0,0.0,0.0,0.0,0.0,0.0,0.0,-12.0,-4.0,-7.0,-5.0,-1.0,-7.0,4.0,-9.0,10.0,-12.0,14.0,-16.0,17.0,-18.0,20.0,-21.0,22.0,-24.0,22.0,-26.0,21.0,-27.0,20.0,-27.0,18.0,-25.0,16.0,-24.0,14.0,-20.0,11.0,-16.0,9.0,-11.0,7.0,-5.0,7.0,2.0,6.0,8.0,6.0,15.0,7.0,20.0,9.0,25.0,11.0,29.0,12.0,31.0,14.0,33.0
0.8585,122.0,-96.0,7.0,0.0,0.0,0.0,0.0,0.0,0.0,0.0,0.0,0.0,12.0,15.0,12.0,16.0,12.0,16.0,12.0,16.0,12.0,16.0,13.0,16.0,13.0,16.0,13.0,17.0,13.0,17.0,14.0,17.0,13.0,17.0,13.0,17.0,13.0,17.0,13.0,17.0,14.0,17.0,14.0,16.0,14.0,17.0,14.0,17.0,14.0,17.0,14.0,17.0,15.0,17.0,14.0,17.0,15.0,17.0,15.0,17.0,14.0,17.0,15.0,17.0
0.8756,122.0,-96.0,7.0,0.0,0.0,0.0,0.0,0.0,0.0,0.0,0.0,0.0,-7.0,-17.0,-7.0,-17.0,-7.0,-17.0,-7.0,-18.0,-8.0,-18.0,-8.0,-18.0,-8.0,-18.0,-8.0,-18.0,-9.0,-18.0,-8.0,-19.0,-8.0,-18.0,-9.0,-18.0,-9.0,-19.0,-10.0,-19.0,-9.0,-19.0,-9.0,-18.0,-9.0,-19.0,-10.0,-19.0,-10.0,-18.0,-10.0,-19.0,-10.0,-19.0,-10.0,-19.0,-10.0,-19.0,-11.0,-19.0,-10.0,-18.0,-11.0,-18.0
0.8882,122.0,-96.0,7.0,0.0,0.0,0.0,0.0,0.0,0.0,0.0,0.0,0.0,-4.0,10.0,-5.0,9.0,-5.0,9.0,-6.0,9.0,-5.0,10.0,-5.0,10.0,-6.0,10.0,-5.0,11.0,-6.0,11.0,-5.0,11.0,-5.0,11.0,-6.0,11.0,-5.0,11.0,-5.0,11.0,-5.0,11.0,-5.0,11.0,-5.0,11.0,-5.0,12.0,-4.0,12.0,-5.0,12.0,-5.0,12.0,-5.0,12.0,-4.0,12.0,-4.0,12.0,-5.0,12.0,-4.0,12.0
0.903,122.0,-96.0,7.0,0.0,0.0,0.0,0.0,0.0,0.0,0.0,0.0,0.0,-8.0,-29.0,-7.0,-26.0,-6.0,-22.0,-4.0,-18.0,-2.0,-13.0,1.0,-9.0,5.0,-4.0,10.0,0.0,14.0,4.0,19.0,7.0,23.0,9.0,26.0,10.0,30.0,11.0,32.0,11.0,33.0,10.0,33.0,9.0,31.0,7.0,28.0,6.0,23.0,5.0,19.0,4.0,13.0,5.0,6.0,5.0,-1.0,7.0,-7.0,8.0,-13.0,10.0,-18.0,13.0
0.9179,122.0,-96.0,7.0,0.0,0.0,0.0,0.0,0.0,0.0,0.0,0.0,0.0,-12.0,11.0,-12.0,11.0,-12.0,12.0,-12.0,12.0,-12.0,12.0,-12.0,12.0,-13.0,12.0,-12.0,12.0,-13.0,13.0,-13.0,13.0,-12.0,13.0,-13.0,13.0,-13.0,13.0,-13.0,13.0,-13.0,13.0,-13.0,13.0,-13.0,13.0,-13.0,13.0,-13.0,13.0,-13.0,13.0,-13.0,14.0,-13.0,13.0,-13.0,13.0,-13.0,13.0,-13.0,13.0,-13.0,14.0
0.9213,98.0,33.0,22.0,0.0,0.0,0.0,0.0,0.0,0.0,0.0,0.0,0.0,-11.0,7.0,-6.0,9.0,0.0,11.0,5.0,12.0,13.0,15.0,17.0,13.0,20.0,16.0,24.0,14.0,27.0,16.0,28.0,14.0,27.0,12.0,26.0,8.0,25.0,9.0,20.0,4.0,17.0,1.0,11.0,-1.0,8.0,-4.0,-1.0,-2.0,-7.0,-3.0,-15.0,-2.0,-19.0,-1.0,-26.0,2.0,-31.0,4.0,-35.0,6.0,-40.0,8.0,-39.0,10.0
0.9357,122.0,-96.0,7.0,0.0,0.0,0.0,0.0,0.0,0.0,0.0,0.0,0.0,11.0,-15.0,11.0,-15.0,11.0,-15.0,11.0,-15.0,11.0,-16.0,12.0,-16.0,11.0,-16.0,12.0,-16.0,11.0,-16.0,12.0,-16.0,12.0,-16.0,12.0,-16.0,12.0,-17.0,11.0,-17.0,12.0,-17.0,11.0,-17.0,12.0,-17.0,12.0,-17.0,12.0,-17.0,12.0,-17.0,12.0,-18.0,12.0,-17.0,12.0,-18.0,11.0,-18.0,12.0,-17.0,12.0,-18.0
0.9485,122.0,-96.0,7.0,0.0,0.0,0.0,0.0,0.0,0.0,0.0,0.0,0.0,2.0,-13.0,1.0,-14.0,2.0,-15.0,1.0,-15.0,2.0,-15.0,2.0,-16.0,1.0,-16.0,1.0,-16.0,1.0,-16.0,1.0,-16.0,1.0,-16.0,1.0,-16.0,1.0,-16.0,1.0,-16.0,1.0,-16.0,1.0,-16.0,0.0,-17.0,1.0,-16.0,0.0,-17.0,0.0,-17.0,0.0,-16.0,0.0,-17.0,0.0,-16.0,0.0,-17.0,-1.0,-18.0,-1.0,-17.0
0.9626,122.0,-96.0,7.0,0.0,0.0,0.0,0.0,0.0,0.0,0.0,0.0,0.0,-25.0,-10.0,-27.0,-10.0,-27.0,-10.0,-27.0,-9.0,-26.0,-8.0,-24.0,-8.0,-20.0,-6.0,-16.0,-6.0,-12.0,-6.0,-6.0,-6.0,0.0,-7.0,5.0,-8.0,11.0,-10.0,15.0,-11.0,19.0,-13.0,22.0,-15.0,24.0,-17.0,25.0,-18.0,25.0,-19.0,24.0,-20.0,23.0,-19.0,20.0,-17.0,17.0,-15.0,13.0,-12.0,10.0,-7.0,7.0,-3.0
0.9776,122.0,-96.0,7.0,0.0,0.0,0.0,0.0,0.0,0.0,0.0,0.0,0.0,-12.0,-27.0,-11.0,-24.0,-9.0,-21.0,-7.0,-17.0,-4.0,-12.0,1.0,-8.0,5.0,-5.0,11.0,-1.0,16.0,2.0,21.0,4.0,25.0,6.0,28.0,6.0,32.0,6.0,34.0,5.0,35.0,4.0,34.0,3.0,31.0,2.0,28.0,1.0,23.0,1.0,18.0,1.0,12.0,3.0,5.0,5.0,-1.0,7.0,-7.0,10.0,-12.0,13.0,-17.0,17.0
0.9918,122.0,-96.0,7.0,0.0,0.0,0.0,0.0,0.0,0.0,0.0,0.0,0.0,4.0,-10.0,4.0,-11.0,5.0,-11.0,4.0,-11.0,4.0,-11.0,5.0,-11.0,5.0,-11.0,4.0,-12.0,5.0,-11.0,5.0,-12.0,5.0,-12.0,5.0,-12.0,5.0,-12.0,4.0,-12.0,5.0,-12.0,5.0,-11.0,4.0,-13.0,5.0,-13.0,5.0,-12.0,5.0,-13.0,5.0,-12.0,5.0,-12.0,5.0,-13.0,4.0,-13.0,5.0,-13.0,4.0,-13.0
1.0058,122.0,-96.0,7.0,0.0,0.0,0.0,0.0,0.0,0.0,0.0,0.0,0.0,11.0,-2.0,6.0,1.0,2.0,5.0,-1.0,8.0,-5.0,12.0,-7.0,17.0,-9.0,20.0,-10.0,24.0,-10.0,27.0,-10.0,28.0,-9.0,29.0,-7.0,28.0,-6.0,27.0,-5.0,25.0,-5.0,21.0,-4.0,16.0,-4.0,11.0,-6.0,6.0,-7.0,0.0,-9.0,-5.0,-11.0,-10.0,-14.0,-14.0,-17.0,-18.0,-20.0,-20.0,-23.0,-21.0,-24.0,-22.0
1.0197,122.0,-96.0,7.0,0.0,0.0,0.0,0.0,0.0,0.0,0.0,0.0,0.0,-10.0,8.0,-14.0,11.0,-17.0,13.0,-20.0,15.0,-21.0,17.0,-22.0,19.0,-22.0,20.0,-21.0,20.0,-20.0,19.0,-17.0,17.0,-15.0,14.0,-13.0,10.0,-10.0,6.0,-8.0,1.0,-5.0,-4.0,-4.0,-10.0,-3.0,-16.0,-2.0,-21.0,-3.0,-25.0,-3.0,-28.0,-4.0,-32.0,-5.0,-32.0,-6.0,-32.0,-6.0,-31.0,-7.0,-29.0,-6.0,-26.0
1.0328,122.0,-96.0,7.0,0.0,0.0,0.0,0.0,0.0,0.0,0.0,0.0,0.0,9.0,-25.0,9.0,-28.0,8.0,-27.0,8.0,-28.0,6.0,-25.0,6.0,-24.0,4.0,-20.0,5.0,-16.0,4.0,-11.0,5.0,-5.0,6.0,0.0,7.0,6.0,9.0,11.0,11.0,16.0,14.0,20.0,14.0,22.0,17.0,24.0,17.0,24.0,19.0,25.0,19.0,23.0,18.0,21.0,16.0,19.0,13.0,15.0,10.0,12.0,5.0,9.0,0.0,6.0
1.047,122.0,-96.0,7.0,0.0,0.0,0.0,0.0,0.0,0.0,0.0,0.0,0.0,10.0,-7.0,7.0,-2.0,4.0,4.0,3.0,9.0,2.0,15.0,2.0,20.0,2.0,24.0,2.0,29.0,4.0,32.0,5.0,33.0,6.0,33.0,7.0,32.0,7.0,30.0,8.0,27.0,6.0,23.0,4.0,18.0,1.0,13.0,-2.0,8.0,-7.0,4.0,-11.0,-1.0,-16.0,-5.0,-22.0,-7.0,-26.0,-9.0,-30.0,-10.0,-33.0,-10.0,-35.0,-10.0
1.0511,98.0,33.0,22.0,0.0,0.0,0.0,0.0,0.0,0.0,0.0,0.0,0.0,-6.0,-22.0,-6.0,-22.0,-7.0,-21.0,-7.0,-20.0,-7.0,-18.0,-7.0,-15.0,-6.0,-11.0,-7.0,-7.0,-6.0,-3.0,-4.0,0.0,-4.0,5.0,-2.0,10.0,0.0,12.0,3.0,14.0,5.0,17.0,8.0,19.0,10.0,19.0,13.0,18.0,15.0,18.0,15.0,16.0,15.0,14.0,13.0,12.0,10.0,9.0,7.0,5.0,3.0,3.0,-3.0,1.0
1.0646,122.0,-96.0,7.0,0.0,0.0,0.0,0.0,0.0,0.0,0.0,0.0,0.0,0.0,10.0,-2.0,6.0,-5.0,2.0,-8.0,-2.0,-11.0,-5.0,-15.0,-7.0,-18.0,-9.0,-21.0,-10.0,-24.0,-11.0,-25.0,-11.0,-26.0,-10.0,-26.0,-10.0,-25.0,-8.0,-24.0,-7.0,-20.0,-6.0,-16.0,-5.0,-12.0,-5.0,-7.0,-5.0,-2.0,-6.0,3.0,-7.0,8.0,-9.0,12.0,-11.0,16.0,-13.0,18.0,-15.0,20.0,-18.0,21.0,-19.0
1.0786,122.0,-96.0,7.0,0.0,0.0,0.0,0.0,0.0,0.0,0.0,0.0,0.0,9.0,-7.0,6.0,-2.0,4.0,3.0,3.0,7.0,2.0,12.0,1.0,17.0,1.0,21.0,2.0,25.0,3.0,28.0,4.0,29.0,5.0,29.0,5.0,29.0,6.0,27.0,7.0,25.0,5.0,21.0,4.0,17.0,2.0,13.0,-1.0,9.0,-5.0,4.0,-9.0,0.0,-13.0,-3.0,-18.0,-6.0,-23.0,-8.0,-26.0,-9.0,-29.0,-9.0,-31.0,-9.0
1.0912,122.0,-96.0,7.0,0.0,0.0,0.0,0.0,0.0,0.0,0.0,0.0,0.0,4.0,10.0,0.0,6.0,-4.0,4.0,-9.0,1.0,-14.0,0.0,-19.0,-2.0,-23.0,-2.0,-26.0,-2.0,-29.0,-2.0,-30.0,-1.0,-31.0,0.0,-30.0,1.0,-28.0,2.0,-26.0,3.0,-22.0,2.0,-18.0,0.0,-13.0,-1.0,-8.0,-4.0,-3.0,-6.0,2.0,-9.0,6.0,-14.0,9.0,-17.0,11.0,-22.0,12.0,-25.0,13.0,-28.0,13.0,-29.0
1.1081,122.0,-96.0,7.0,0.0,0.0,0.0,0.0,0.0,0.0,0.0,0.0,0.0,-9.0,-6.0,-10.0,-6.0,-10.0,-6.0,-10.0,-7.0,-10.0,-6.0,-11.0,-7.0,-11.0,-6.0,-11.0,-6.0,-10.0,-6.0,-11.0,-7.0,-11.0,-7.0,-11.0,-7.0,-11.0,-7.0,-11.0,-6.0,-12.0,-6.0,-11.0,-7.0,-12.0,-6.0,-12.0,-6.0,-12.0,-7.0,-12.0,-6.0,-12.0,-6.0,-12.0,-6.0,-12.0,-6.0,-12.0,-6.0,-12.0,-6.0,-12.0,-6.0
1.1205,122.0,-96.0,7.0,0.0,0.0,0.0,0.0,0.0,0.0,0.0,0.0,0.0,-5.0,11.0,-8.0,16.0,-10.0,19.0,-11.0,22.0,-11.0,24.0,-12.0,27.0,-11.0,27.0,-10.0,27.0,-10.0,26.0,-8.0,23.0,-8.0,19.0,-7.0,15.0,-6.0,11.0,-6.0,5.0,-6.0,-1.0,-8.0,-6.0,-10.0,-12.0,-11.0,-16.0,-14.0,-21.0,-15.0,-23.0,-18.0,-26.0,-18.0,-27.0,-20.0,-26.0,-20.0,-25.0,-20.0,-23.0,-18.0,-21.0
1.1372,122.0,-96.0,7.0,0.0,0.0,0.0,0.0,0.0,0.0,0.0,0.0,0.0,-11.0,-3.0,-11.0,-3.0,-11.0,-3.0,-11.0,-3.0,-12.0,-3.0,-12.0,-3.0,-12.0,-4.0,-12.0,-3.0,-12.0,-3.0,-12.0,-3.0,-13.0,-3.0,-13.0,-3.0,-13.0,-3.0,-13.0,-3.0,-13.0,-3.0,-13.0,-3.0,-13.0,-2.0,-13.0,-3.0,-14.0,-3.0,-14.0,-3.0,-13.0,-3.0,-13.0,-2.0,-13.0,-2.0,-14.0,-2.0,-13.0,-2.0,-14.0,-2.0
1.1498,122.0,-96.0,7.0,0.0,0.0,0.0,0.0,0.0,0.0,0.0,0.0,0.0,21.0,8.0,19.0,7.0,17.0,6.0,13.0,5.0,9.0,4.0,4.0,5.0,-1.0,5.0,-6.0,6.0,-11.0,8.0,-14.0,9.0,-17.0,11.0,-20.0,12.0,-22.0,14.0,-22.0,16.0,-22.0,17.0,-21.0,17.0,-20.0,17.0,-18.0,15.0,-15.0,13.0,-12.0,10.0,-10.0,6.0,-8.0,1.0,-6.0,-3.0,-4.0,-8.0,-2.0,-13.0,-2.0,-18.0
1.165,122.0,-96.0,7.0,0.0,0.0,0.0,0.0,0.0,0.0,0.0,0.0,0.0,-18.0,19.0,-18.0,22.0,-18.0,22.0,-17.0,22.0,-16.0,21.0,-15.0,19.0,-13.0,16.0,-11.0,13.0,-9.0,8.0,-8.0,3.0,-6.0,-2.0,-6.0,-8.0,-6.0,-14.0,-6.0,-19.0,-7.0,-23.0,-7.0,-26.0,-8.0,-29.0,-9.0,-31.0,-10.0,-31.0,-11.0,-30.0,-10.0,-28.0,-10.0,-25.0,-9.0,-22.0,-7.0,-17.0,-4.0,-12.0,0.0,-9.0
1.1681,98.0,33.0,22.0,0.0,0.0,0.0,0.0,0.0,0.0,0.0,0.0,0.0,4.0,-23.0,4.0,-25.0,3.0,-25.0,2.0,-24.0,1.0,-22.0,0.0,-20.0,-2.0,-16.0,-3.0,-13.0,-4.0,-8.0,-5.0,-3.0,-6.0,1.0,-6.0,7.0,-5.0,12.0,-4.0,16.0,-2.0,20.0,0.0,22.0,3.0,24.0,4.0,25.0,7.0,25.0,8.0,24.0,9.0,22.0,8.0,18.0,7.0,15.0,4.0,10.0,2.0,4.0,-3.0,0.0
1.1829,122.0,-96.0,7.0,0.0,0.0,0.0,0.0,0.0,0.0,0.0,0.0,0.0,11.0,-2.0,15.0,-1.0,19.0,-1.0,22.0,-1.0,24.0,-2.0,26.0,-3.0,27.0,-3.0,26.0,-4.0,24.0,-4.0,21.0,-3.0,18.0,-3.0,14.0,-1.0,10.0,0.0,6.0,2.0,1.0,5.0,-3.0,8.0,-7.0,12.0,-10.0,15.0,-12.0,19.0,-13.0,22.0,-14.0,24.0,-14.0,25.0,-14.0,26.0,-12.0,25.0,-11.0,24.0,-9.0,21.0
1.1955,122.0,-96.0,7.0,0.0,0.0,0.0,0.0,0.0,0.0,0.0,0.0,0.0,-12.0,4.0,-16.0,5.0,-19.0,5.0,-22.0,6.0,-24.0,8.0,-26.0,9.0,-25.0,10.0,-24.0,10.0,-23.0,10.0,-20.0,9.0,-17.0,7.0,-14.0,4.0,-11.0,2.0,-7.0,-2.0,-4.0,-5.0,-1.0,-10.0,1.0,-15.0,3.0,-18.0,4.0,-23.0,5.0,-26.0,4.0,-28.0,4.0,-29.0,3.0,-29.0,2.0,-28.0,1.0,-27.0,1.0,-24.0
1.2085,122.0,-96.0,7.0,0.0,0.0,0.0,0.0,0.0,0.0,0.0,0.0,0.0,23.0,-3.0,20.0,-3.0,18.0,-2.0,14.0,-1.0,10.0,0.0,6.0,2.0,1.0,5.0,-3.0,8.0,-6.0,11.0,-9.0,14.0,-11.0,16.0,-13.0,19.0,-14.0,22.0,-14.0,23.0,-13.0,24.0,-12.0,24.0,-11.0,23.0,-10.0,21.0,-8.0,18.0,-7.0,14.0,-7.0,9.0,-6.0,4.0,-6.0,-1.0,-6.0,-7.0,-7.0,-11.0,-9.0,-16.0
1.2247,122.0,-96.0,7.0,0.0,0.0,0.0,0.0,0.0,0.0,0.0,0.0,0.0,-5.0,-12.0,0.0,-8.0,5.0,-4.0,10.0,-2.0,15.0,0.0,21.0,1.0,25.0,2.0,29.0,2.0,32.0,2.0,33.0,1.0,34.0,0.0,33.0,-1.0,31.0,-2.0,28.0,-3.0,23.0,-3.0,18.0,-1.0,12.0,1.0,6.0,4.0,1.0,8.0,-4.0,11.0,-9.0,16.0,-13.0,20.0,-15.0,24.0,-16.0,28.0,-17.0,31.0,-17.0,32.0
1.2399,122.0,-96.0,7.0,0.0,0.0,0.0,0.0,0.0,0.0,0.0,0.0,0.0,-2.0,9.0,-2.0,9.0,-3.0,10.0,-3.0,9.0,-2.0,10.0,-3.0,10.0,-3.0,10.0,-2.0,10.0,-2.0,10.0,-3.0,10.0,-2.0,11.0,-3.0,11.0,-2.0,11.0,-2.0,11.0,-2.0,11.0,-2.0,11.0,-2.0,11.0,-2.0,11.0,-2.0,11.0,-2.0,11.0,-2.0,11.0,-2.0,11.0,-1.0,11.0,-2.0,11.0,-1.0,11.0,-2.0,12.0
1.2541,122.0,-96.0,7.0,0.0,0.0,0.0,0.0,0.0,0.0,0.0,0.0,0.0,6.0,24.0,6.0,22.0,5.0,19.0,3.0,15.0,1.0,11.0,-2.0,7.0,-6.0,3.0,-9.0,0.0,-14.0,-4.0,-17.0,-6.0,-20.0,-9.0,-24.0,-10.0,-27.0,-11.0,-29.0,-11.0,-31.0,-10.0,-30.0,-9.0,-29.0,-8.0,-26.0,-7.0,-23.0,-5.0,-19.0,-5.0,-14.0,-5.0,-8.0,-5.0,-2.0,-7.0,3.0,-8.0,8.0,-9.0,13.0,-13.0
1.2685,122.0,-96.0,7.0,0.0,0.0,0.0,0.0,0.0,0.0,0.0,0.0,0.0,8.0,-8.0,7.0,-8.0,8.0,-8.0,8.0,-9.0,8.0,-8.0,8.0,-9.0,8.0,-9.0,8.0,-9.0,8.0,-9.0,8.0,-10.0,8.0,-9.0,8.0,-9.0,8.0,-10.0,8.0,-10.0,9.0,-10.0,9.0,-11.0,8.0,-10.0,8.0,-10.0,8.0,-11.0,8.0,-10.0,8.0,-11.0,8.0,-10.0,8.0,-11.0,8.0,-11.0,8.0,-11.0,8.0,-11.0
1.2816,122.0,-96.0,7.0,0.0,0.0,0.0,0.0,0.0,0.0,0.0,0.0,0.0,-8.0,8.0,-11.0,11.0,-14.0,14.0,-16.0,15.0,-17.0,18.0,-18.0,19.0,-18.0,20.0,-17.0,20.0,-15.0,20.0,-14.0,18.0,-12.0,14.0,-11.0,11.0,-9.0,7.0,-7.0,2.0,-6.0,-2.0,-5.0,-7.0,-5.0,-13.0,-5.0,-17.0,-6.0,-21.0,-8.0,-24.0,-8.0,-27.0,-10.0,-27.0,-11.0,-28.0,-11.0,-27.0,-11.0,-25.0,-10.0,-22.0
1.2964,122.0,-96.0,7.0,0.0,0.0,0.0,0.0,0.0,0.0,0.0,0.0,0.0,-9.0,-25.0,-8.0,-23.0,-7.0,-20.0,-5.0,-16.0,-3.0,-12.0,0.0,-8.0,4.0,-5.0,8.0,-1.0,13.0,2.0,17.0,4.0,20.0,6.0,24.0,7.0,27.0,8.0,29.0,7.0,30.0,7.0,30.0,6.0,28.0,5.0,26.0,4.0,22.0,3.0,18.0,3.0,13.0,3.0,7.0,4.0,2.0,5.0,-4.0,7.0,-9.0,9.0,-14.0,12.0
1.3086,122.0,-96.0,7.0,0.0,0.0,0.0,0.0,0.0,0.0,0.0,0.0,0.0,1.0,14.0,-1.0,19.0,-1.0,24.0,-1.0,27.0,-1.0,31.0,1.0,32.0,1.0,33.0,3.0,33.0,3.0,31.0,3.0,29.0,2.0,24.0,1.0,19.0,0.0,15.0,-3.0,9.0,-6.0,4.0,-10.0,-2.0,-15.0,-7.0,-18.0,-11.0,-23.0,-13.0,-27.0,-16.0,-30.0,-17.0,-32.0,-17.0,-33.0,-17.0,-33.0,-15.0,-33.0,-13.0,-29.0,-12.0
1.323,122.0,-96.0,7.0,0.0,0.0,0.0,0.0,0.0,0.0,0.0,0.0,0.0,-7.0,12.0,-7.0,12.0,-7.0,12.0,-7.0,12.0,-7.0,13.0,-7.0,13.0,-7.0,13.0,-7.0,13.0,-7.0,13.0,-7.0,13.0,-7.0,14.0,-8.0,13.0,-8.0,13.0,-7.0,14.0,-7.0,15.0,-7.0,14.0,-6.0,14.0,-7.0,15.0,-7.0,15.0,-7.0,15.0,-7.0,15.0,-7.0,15.0,-7.0,15.0,-6.0,15.0,-6.0,15.0,-6.0,15.0
1.344,122.0,-96.0,7.0,0.0,0.0,0.0,0.0,0.0,0.0,0.0,0.0,0.0,3.0,-24.0,2.0,-21.0,2.0,-19.0,2.0,-15.0,2.0,-11.0,3.0,-6.0,5.0,-2.0,7.0,3.0,9.0,7.0,12.0,10.0,14.0,13.0,17.0,15.0,19.0,17.0,21.0,17.0,22.0,16.0,22.0,15.0,21.0,14.0,19.0,12.0,16.0,10.0,12.0,8.0,8.0,7.0,3.0,6.0,-2.0,5.0,-7.0,5.0,-12.0,5.0,-17.0,6.0
1.3595,122.0,-96.0,7.0,0.0,0.0,0.0,0.0,0.0,0.0,0.0,0.0,0.0,-5.0,-10.0,-6.0,-11.0,-5.0,-10.0,-6.0,-11.0,-6.0,-11.0,-6.0,-11.0,-6.0,-11.0,-6.0,-11.0,-6.0,-11.0,-7.0,-11.0,-7.0,-11.0,-7.0,-11.0,-7.0,-11.0,-7.0,-12.0,-7.0,-11.0,-7.0,-12.0,-7.0,-12.0,-7.0,-11.0,-7.0,-11.0,-7.0,-11.0,-8.0,-12.0,-8.0,-12.0,-8.0,-11.0,-8.0,-11.0,-8.0,-11.0,-8.0,-12.0
1.3735,122.0,-96.0,7.0,0.0,0.0,0.0,0.0,0.0,0.0,0.0,0.0,0.0,7.0,-12.0,7.0,-12.0,7.0,-13.0,8.0,-13.0,7.0,-13.0,8.0,-13.0,7.0,-13.0,8.0,-13.0,8.0,-13.0,8.0,-14.0,8.0,-14.0,8.0,-13.0,8.0,-13.0,8.0,-14.0,8.0,-14.0,8.0,-14.0,7.0,-14.0,8.0,-14.0,8.0,-15.0,8.0,-15.0,8.0,-14.0,8.0,-15.0,8.0,-15.0,7.0,-15.0,8.0,-15.0,8.0,-16.0
1.3783,98.0,33.0,22.0,0.0,0.0,0.0,0.0,0.0,0.0,0.0,0.0,0.0,-8.0,9.0,-3.0,10.0,3.0,10.0,8.0,11.0,13.0,12.0,18.0,12.0,22.0,13.0,25.0,12.0,27.0,12.0,27.0,9.0,28.0,7.0,27.0,5.0,26.0,3.0,22.0,0.0,17.0,-3.0,12.0,-3.0,6.0,-4.0,0.0,-3.0,-7.0,-3.0,-12.0,-1.0,-20.0,1.0,-26.0,2.0,-30.0,6.0,-34.0,10.0,-38.0,12.0,-39.0,12.0
1.3924,122.0,-96.0,7.0,0.0,0.0,0.0,0.0,0.0,0.0,0.0,0.0,0.0,20.0,6.0,22.0,5.0,22.0,5.0,22.0,4.0,20.0,4.0,19.0,3.0,16.0,3.0,13.0,3.0,9.0,3.0,4.0,4.0,0.0,4.0,-4.0,6.0,-9.0,8.0,-12.0,9.0,-15.0,11.0,-17.0,13.0,-19.0,15.0,-19.0,16.0,-20.0,17.0,-19.0,17.0,-18.0,17.0,-15.0,15.0,-13.0,13.0,-10.0,10.0,-8.0,6.0,-6.0,2.0
1.4086,122.0,-96.0,7.0,0.0,0.0,0.0,0.0,0.0,0.0,0.0,0.0,0.0,-14.0,-3.0,-15.0,-4.0,-15.0,-2.0,-15.0,-3.0,-15.0,-3.0,-16.0,-4.0,-16.0,-3.0,-16.0,-3.0,-16.0,-3.0,-16.0,-4.0,-16.0,-4.0,-16.0,-4.0,-16.0,-4.0,-16.0,-3.0,-16.0,-5.0,-17.0,-3.0,-17.0,-2.0,-17.0,-2.0,-18.0,-2.0,-17.0,-2.0,-17.0,-3.0,-16.0,-2.0,-18.0,-3.0,-17.0,-2.0,-17.0,-3.0,-17.0,-3.0
1.4219,122.0,-96.0,7.0,0.0,0.0,0.0,0.0,0.0,0.0,0.0,0.0,0.0,-1.0,11.0,0.0,11.0,0.0,11.0,-1.0,11.0,-1.0,11.0,-1.0,11.0,0.0,12.0,0.0,12.0,0.0,12.0,0.0,12.0,0.0,12.0,0.0,12.0,0.0,12.0,0.0,12.0,0.0,12.0,0.0,12.0,0.0,13.0,0.0,13.0,0.0,12.0,1.0,12.0,1.0,12.0,1.0,13.0,1.0,13.0,1.0,13.0,1.0,13.0,1.0,13.0
1.4361,122.0,-96.0,7.0,0.0,0.0,0.0,0.0,0.0,0.0,0.0,0.0,0.0,-4.0,-24.0,-5.0,-26.0,-6.0,-25.0,-6.0,-25.0,-7.0,-24.0,-6.0,-22.0,-5.0,-19.0,-4.0,-16.0,-2.0,-12.0,2.0,-8.0,4.0,-4.0,8.0,0.0,12.0,3.0,15.0,6.0,19.0,8.0,21.0,9.0,24.0,10.0,25.0,10.0,26.0,9.0,26.0,9.0,25.0,8.0,22.0,7.0,19.0,5.0,15.0,4.0,10.0,4.0,5.0,4.0
1.4495,122.0,-96.0,7.0,0.0,0.0,0.0,0.0,0.0,0.0,0.0,0.0,0.0,-4.0,-13.0,-3.0,-18.0,-4.0,-22.0,-4.0,-25.0,-5.0,-28.0,-6.0,-29.0,-7.0,-30.0,-8.0,-29.0,-8.0,-28.0,-7.0,-24.0,-6.0,-21.0,-4.0,-17.0,-2.0,-13.0,1.0,-8.0,5.0,-4.0,9.0,0.0,13.0,4.0,17.0,7.0,22.0,9.0,25.0,10.0,28.0,11.0,30.0,11.0,30.0,10.0,29.0,9.0,28.0,7.0,25.0,6.0
1.464,122.0,-96.0,7.0,0.0,0.0,0.0,0.0,0.0,0.0,0.0,0.0,0.0,-11.0,7.0,-15.0,10.0,-18.0,12.0,-21.0,14.0,-23.0,15.0,-24.0,17.0,-24.0,18.0,-23.0,19.0,-22.0,18.0,-19.0,16.0,-16.0,13.0,-14.0,10.0,-11.0,6.0,-8.0,1.0,-6.0,-4.0,-4.0,-9.0,-3.0,-15.0,-2.0,-19.0,-3.0,-25.0,-3.0,-28.0,-4.0,-31.0,-5.0,-32.0,-6.0,-32.0,-7.0,-31.0,-8.0,-29.0,-7.0,-26.0
1.4772,122.0,-96.0,7.0,0.0,0.0,0.0,0.0,0.0,0.0,0.0,0.0,0.0,11.0,0.0,6.0,2.0,2.0,5.0,-2.0,8.0,-6.0,11.0,-9.0,16.0,-11.0,19.0,-12.0,22.0,-13.0,25.0,-13.0,26.0,-12.0,27.0,-11.0,27.0,-10.0,26.0,-8.0,25.0,-7.0,21.0,-6.0,16.0,-6.0,12.0,-6.0,6.0,-7.0,1.0,-8.0,-4.0,-10.0,-10.0,-12.0,-15.0,-15.0,-18.0,-17.0,-21.0,-20.0,-23.0,-21.0,-24.0
1.4936,122.0,-96.0,7.0,0.0,0.0,0.0,0.0,0.0,0.0,0.0,0.0,0.0,-8.0,-10.0,-3.0,-8.0,3.0,-6.0,9.0,-5.0,14.0,-5.0,21.0,-6.0,25.0,-7.0,28.0,-7.0,31.0,-10.0,32.0,-11.0,32.0,-12.0,30.0,-13.0,28.0,-13.0,25.0,-12.0,21.0,-10.0,16.0,-7.0,12.0,-4.0,8.0,1.0,4.0,7.0,0.0,12.0,-3.0,18.0,-5.0,23.0,-5.0,28.0,-4.0,32.0,-4.0,34.0,-3.0,36.0
1.5069,122.0,-96.0,7.0,0.0,0.0,0.0,0.0,0.0,0.0,0.0,0.0,0.0,21.0,-4.0,22.0,-5.0,22.0,-5.0,22.0,-6.0,21.0,-6.0,18.0,-5.0,16.0,-5.0,13.0,-3.0,9.0,-1.0,6.0,1.0,2.0,4.0,-1.0,7.0,-4.0,11.0,-7.0,13.0,-9.0,16.0,-10.0,19.0,-11.0,21.0,-11.0,23.0,-11.0,23.0,-10.0,23.0,-9.0,22.0,-8.0,20.0,-7.0,17.0,-6.0,13.0,-5.0,8.0,-5.0,4.0
1.52,122.0,-96.0,7.0,0.0,0.0,0.0,0.0,0.0,0.0,0.0,0.0,0.0,10.0,3.0,10.0,2.0,11.0,3.0,11.0,3.0,11.0,3.0,11.0,3.0,11.0,3.0,11.0,3.0,11.0,3.0,12.0,3.0,12.0,3.0,12.0,3.0,12.0,3.0,12.0,3.0,12.0,3.0,12.0,3.0,12.0,3.0,12.0,3.0,12.0,3.0,12.0,3.0,12.0,3.0,12.0,3.0,13.0,2.0,13.0,2.0,13.0,2.0,13.0,2.0
1.5337,122.0,-96.0,7.0,0.0,0.0,0.0,0.0,0.0,0.0,0.0,0.0,0.0,-22.0,-9.0,-20.0,-8.0,-17.0,-7.0,-13.0,-7.0,-9.0,-6.0,-4.0,-6.0,0.0,-6.0,5.0,-7.0,10.0,-9.0,14.0,-10.0,17.0,-12.0,19.0,-14.0,21.0,-16.0,22.0,-17.0,21.0,-18.0,20.0,-18.0,18.0,-17.0,16.0,-16.0,13.0,-13.0,10.0,-10.0,8.0,-6.0,6.0,-1.0,4.0,4.0,3.0,9.0,1.0,14.0,2.0,19.0
1.5471,122.0,-96.0,7.0,0.0,0.0,0.0,0.0,0.0,0.0,0.0,0.0,0.0,-4.0,16.0,-6.0,21.0,-8.0,27.0,-9.0,31.0,-9.0,35.0,-9.0,37.0,-7.0,39.0,-6.0,38.0,-5.0,36.0,-4.0,32.0,-5.0,27.0,-5.0,22.0,-5.0,15.0,-7.0,8.0,-8.0,1.0,-12.0,-6.0,-16.0,-13.0,-19.0,-18.0,-24.0,-23.0,-27.0,-26.0,-31.0,-28.0,-33.0,-29.0,-33.0,-28.0,-33.0,-27.0,-32.0,-24.0,-29.0,-21.0
1.5629,122.0,-96.0,7.0,0.0,0.0,0.0,0.0,0.0,0.0,0.0,0.0,0.0,-10.0,-5.0,-10.0,-5.0,-11.0,-5.0,-11.0,-5.0,-11.0,-5.0,-12.0,-5.0,-12.0,-5.0,-12.0,-5.0,-12.0,-5.0,-12.0,-5.0,-12.0,-5.0,-12.0,-5.0,-12.0,-5.0,-12.0,-5.0,-12.0,-5.0,-12.0,-5.0,-12.0,-5.0,-13.0,-5.0,-13.0,-5.0,-13.0,-5.0,-13.0,-4.0,-13.0,-4.0,-13.0,-4.0,-13.0,-4.0,-14.0,-5.0,-13.0,-4.0
1.5769,122.0,-96.0,7.0,0.0,0.0,0.0,0.0,0.0,0.0,0.0,0.0,0.0,4.0,10.0,5.0,14.0,6.0,18.0,7.0,20.0,8.0,23.0,9.0,24.0,11.0,24.0,11.0,24.0,11.0,22.0,9.0,20.0,7.0,17.0,5.0,14.0,3.0,10.0,-1.0,7.0,-5.0,4.0,-9.0,1.0,-14.0,-2.0,-18.0,-4.0,-22.0,-4.0,-25.0,-5.0,-28.0,-5.0,-29.0,-4.0,-30.0,-4.0,-29.0,-3.0,-27.0,-1.0,-24.0,-1.0
1.5912,122.0,-96.0,7.0,0.0,0.0,0.0,0.0,0.0,0.0,0.0,0.0,0.0,4.0,-10.0,4.0,-11.0,4.0,-11.0,4.0,-11.0,4.0,-11.0,4.0,-12.0,4.0,-12.0,4.0,-12.0,4.0,-12.0,4.0,-12.0,4.0,-12.0,5.0,-12.0,5.0,-11.0,4.0,-12.0,4.0,-12.0,5.0,-13.0,4.0,-12.0,4.0,-13.0,4.0,-13.0,4.0,-13.0,4.0,-13.0,4.0,-13.0,4.0,-13.0,4.0,-13.0,4.0,-13.0,4.0,-13.0
1.6064,122.0,-96.0,7.0,0.0,0.0,0.0,0.0,0.0,0.0,0.0,0.0,0.0,-26.0,1.0,-24.0,1.0,-21.0,1.0,-17.0,0.0,-13.0,-1.0,-8.0,-3.0,-4.0,-6.0,1.0,-9.0,5.0,-12.0,9.0,-16.0,11.0,-19.0,13.0,-22.0,14.0,-25.0,14.0,-27.0,14.0,-28.0,13.0,-29.0,11.0,-27.0,10.0,-25.0,8.0,-22.0,7.0,-18.0,7.0,-12.0,5.0,-7.0,6.0,-1.0,6.0,4.0,7.0,10.0,9.0,15.0
1.6199,122.0,-96.0,7.0,0.0,0.0,0.0,0.0,0.0,0.0,0.0,0.0,0.0,-11.0,2.0,-7.0,-1.0,-4.0,-5.0,-1.0,-9.0,2.0,-14.0,4.0,-19.0,5.0,-22.0,5.0,-26.0,5.0,-29.0,5.0,-30.0,4.0,-31.0,3.0,-30.0,2.0,-28.0,0.0,-26.0,0.0,-22.0,1.0,-18.0,2.0,-13.0,3.0,-8.0,6.0,-2.0,8.0,3.0,12.0,7.0,16.0,11.0,19.0,14.0,23.0,15.0,25.0,16.0,26.0,16.0
1.6243,98.0,33.0,22.0,0.0,0.0,0.0,0.0,0.0,0.0,0.0,0.0,0.0,12.0,-3.0,8.0,-7.0,5.0,-11.0,1.0,-16.0,-3.0,-19.0,-6.0,-22.0,-9.0,-25.0,-11.0,-27.0,-14.0,-27.0,-15.0,-27.0,-17.0,-26.0,-18.0,-23.0,-18.0,-20.0,-18.0,-16.0,-17.0,-12.0,-13.0,-8.0,-8.0,-3.0,-4.0,1.0,2.0,6.0,9.0,8.0,14.0,11.0,20.0,14.0,27.0,16.0,31.0,16.0,35.0,15.0,36.0,16.0
1.6392,122.0,-96.0,7.0,0.0,0.0,0.0,0.0,0.0,0.0,0.0,0.0,0.0,14.0,15.0,16.0,15.0,17.0,15.0,17.0,14.0,16.0,13.0,14.0,12.0,12.0,10.0,10.0,9.0,6.0,7.0,2.0,6.0,-3.0,4.0,-7.0,4.0,-12.0,3.0,-15.0,3.0,-19.0,3.0,-22.0,4.0,-24.0,4.0,-25.0,5.0,-26.0,6.0,-25.0,7.0,-23.0,7.0,-21.0,6.0,-18.0,6.0,-14.0,4.0,-10.0,2.0,-7.0,-1.0
1.6549,122.0,-96.0,7.0,0.0,0.0,0.0,0.0,0.0,0.0,0.0,0.0,0.0,-18.0,13.0,-18.0,14.0,-18.0,15.0,-17.0,15.0,-16.0,14.0,-15.0,13.0,-13.0,11.0,-11.0,8.0,-9.0,5.0,-7.0,1.0,-5.0,-3.0,-4.0,-8.0,-3.0,-12.0,-2.0,-16.0,-2.0,-19.0,-2.0,-22.0,-2.0,-25.0,-3.0,-26.0,-4.0,-26.0,-4.0,-25.0,-4.0,-24.0,-4.0,-22.0,-4.0,-19.0,-3.0,-14.0,-1.0,-10.0,1.0,-7.0
1.6694,122.0,-96.0,7.0,0.0,0.0,0.0,0.0,0.0,0.0,0.0,0.0,0.0,0.0,12.0,0.0,11.0,0.0,12.0,0.0,12.0,0.0,13.0,0.0,13.0,0.0,12.0,1.0,13.0,1.0,13.0,0.0,13.0,1.0,13.0,0.0,13.0,0.0,14.0,1.0,13.0,0.0,13.0,1.0,14.0,1.0,13.0,1.0,14.0,1.0,14.0,2.0,14.0,2.0,14.0,2.0,14.0,2.0,14.0,2.0,14.0,2.0,14.0,2.0,14.0
1.6832,122.0,-96.0,7.0,0.0,0.0,0.0,0.0,0.0,0.0,0.0,0.0,0.0,11.0,-1.0,15.0,0.0,19.0,0.0,22.0,1.0,24.0,0.0,26.0,0.0,27.0,-1.0,26.0,-1.0,25.0,-2.0,22.0,-2.0,18.0,-1.0,15.0,0.0,11.0,1.0,6.0,2.0,1.0,5.0,-3.0,8.0,-7.0,11.0,-10.0,14.0,-13.0,17.0,-15.0,20.0,-16.0,23.0,-16.0,23.0,-15.0,25.0,-14.0,24.0,-12.0,23.0,-11.0,21.0
1.6968,122.0,-96.0,7.0,0.0,0.0,0.0,0.0,0.0,0.0,0.0,0.0,0.0,6.0,-9.0,5.0,-4.0,5.0,2.0,6.0,6.0,6.0,12.0,8.0,17.0,9.0,20.0,11.0,23.0,13.0,25.0,13.0,26.0,15.0,26.0,15.0,25.0,15.0,22.0,14.0,20.0,11.0,17.0,8.0,13.0,4.0,10.0,-1.0,7.0,-6.0,4.0,-11.0,2.0,-16.0,0.0,-22.0,0.0,-26.0,0.0,-29.0,0.0,-31.0,2.0,-32.0,2.0
1.7126,122.0,-96.0,7.0,0.0,0.0,0.0,0.0,0.0,0.0,0.0,0.0,0.0,-9.0,-7.0,-4.0,-6.0,1.0,-5.0,5.0,-6.0,10.0,-7.0,14.0,-8.0,17.0,-9.0,20.0,-11.0,22.0,-13.0,23.0,-14.0,23.0,-15.0,22.0,-15.0,20.0,-15.0,18.0,-15.0,16.0,-13.0,13.0,-10.0,10.0,-7.0,7.0,-2.0,5.0,2.0,3.0,7.0,1.0,11.0,1.0,16.0,1.0,20.0,1.0,24.0,2.0,26.0,3.0,27.0
1.7261,122.0,-96.0,7.0,0.0,0.0,0.0,0.0,0.0,0.0,0.0,0.0,0.0,21.0,2.0,22.0,1.0,23.0,1.0,22.0,0.0,21.0,0.0,19.0,0.0,16.0,0.0,13.0,0.0,9.0,1.0,5.0,3.0,1.0,4.0,-3.0,6.0,-7.0,9.0,-10.0,11.0,-13.0,14.0,-15.0,16.0,-16.0,17.0,-17.0,19.0,-16.0,20.0,-15.0,20.0,-14.0,19.0,-13.0,17.0,-11.0,15.0,-9.0,11.0,-7.0,7.0,-6.0,3.0
1.7395,122.0,-96.0,7.0,0.0,0.0,0.0,0.0,0.0,0.0,0.0,0.0,0.0,-5.0,10.0,-5.0,4.0,-6.0,0.0,-8.0,-6.0,-10.0,-10.0,-13.0,-15.0,-15.0,-18.0,-18.0,-20.0,-20.0,-22.0,-21.0,-22.0,-22.0,-22.0,-22.0,-21.0,-21.0,-19.0,-21.0,-17.0,-17.0,-15.0,-13.0,-12.0,-9.0,-10.0,-3.0,-8.0,2.0,-7.0,8.0,-5.0,13.0,-5.0,19.0,-5.0,23.0,-6.0,26.0,-8.0,28.0,-10.0,30.0,-10.0
1.7531,122.0,-96.0,7.0,0.0,0.0,0.0,0.0,0.0,0.0,0.0,0.0,0.0,22.0,-9.0,23.0,-10.0,23.0,-10.0,23.0,-11.0,21.0,-11.0,20.0,-10.0,17.0,-9.0,14.0,-6.0,10.0,-4.0,7.0,0.0,4.0,3.0,1.0,7.0,-2.0,12.0,-4.0,15.0,-5.0,19.0,-6.0,22.0,-7.0,25.0,-7.0,26.0,-6.0,28.0,-6.0,27.0,-5.0,26.0,-4.0,24.0,-3.0,21.0,-3.0,17.0,-3.0,12.0,-4.0,7.0
1.7695,122.0,-96.0,7.0,0.0,0.0,0.0,0.0,0.0,0.0,0.0,0.0,0.0,-6.0,-10.0,-2.0,-7.0,3.0,-5.0,8.0,-3.0,13.0,-2.0,18.0,-2.0,22.0,-1.0,26.0,-2.0,28.0,-3.0,29.0,-4.0,30.0,-4.0,29.0,-5.0,27.0,-6.0,24.0,-7.0,21.0,-5.0,16.0,-4.0,12.0,-2.0,8.0,2.0,3.0,5.0,-1.0,9.0,-5.0,14.0,-7.0,18.0,-9.0,22.0,-10.0,26.0,-10.0,28.0,-10.0,30.0
1.7836,122.0,-96.0,7.0,0.0,0.0,0.0,0.0,0.0,0.0,0.0,0.0,0.0,15.0,20.0,14.0,18.0,12.0,15.0,9.0,12.0,5.0,9.0,1.0,7.0,-4.0,5.0,-10.0,3.0,-14.0,2.0,-19.0,1.0,-23.0,0.0,-26.0,0.0,-29.0,1.0,-31.0,2.0,-32.0,3.0,-30.0,4.0,-29.0,4.0,-26.0,4.0,-22.0,4.0,-18.0,2.0,-13.0,0.0,-8.0,-3.0,-3.0,-6.0,1.0,-10.0,5.0,-14.0,8.0,-18.0
1.797,122.0,-96.0,7.0,0.0,0.0,0.0,0.0,0.0,0.0,0.0,0.0,0.0,8.0,27.0,7.0,24.0,6.0,21.0,4.0,16.0,1.0,11.0,-3.0,7.0,-7.0,3.0,-12.0,-1.0,-17.0,-4.0,-21.0,-7.0,-25.0,-8.0,-29.0,-10.0,-32.0,-10.0,-34.0,-9.0,-35.0,-8.0,-34.0,-7.0,-32.0,-6.0,-28.0,-5.0,-24.0,-4.0,-19.0,-4.0,-12.0,-5.0,-6.0,-6.0,1.0,-9.0,6.0,-11.0,12.0,-14.0,16.0,-18.0
1.8109,122.0,-96.0,7.0,0.0,0.0,0.0,0.0,0.0,0.0,0.0,0.0,0.0,10.0,-2.0,6.0,1.0,3.0,4.0,0.0,7.0,-3.0,11.0,-5.0,15.0,-7.0,18.0,-8.0,22.0,-8.0,24.0,-8.0,26.0,-7.0,26.0,-6.0,26.0,-5.0,24.0,-3.0,23.0,-3.0,19.0,-3.0,16.0,-4.0,11.0,-5.0,6.0,-6.0,2.0,-8.0,-3.0,-10.0,-8.0,-13.0,-11.0,-16.0,-15.0,-18.0,-17.0,-21.0,-18.0,-22.0,-18.0
1.8255,122.0,-96.0,7.0,0.0,0.0,0.0,0.0,0.0,0.0,0.0,0.0,0.0,-6.0,-14.0,-6.0,-14.0,-6.0,-14.0,-7.0,-15.0,-6.0,-14.0,-6.0,-15.0,-7.0,-15.0,-7.0,-14.0,-7.0,-15.0,-7.0,-15.0,-7.0,-15.0,-7.0,-15.0,-7.0,-16.0,-7.0,-15.0,-7.0,-15.0,-7.0,-16.0,-8.0,-16.0,-8.0,-16.0,-8.0,-15.0,-8.0,-15.0,-8.0,-15.0,-8.0,-15.0,-9.0,-15.0,-8.0,-16.0,-9.0,-16.0,-9.0,-16.0
1.8306,98.0,33.0,22.0,0.0,0.0,0.0,0.0,0.0,0.0,0.0,0.0,0.0,-3.0,-14.0,-4.0,-17.0,-6.0,-18.0,-10.0,-19.0,-12.0,-23.0,-15.0,-20.0,-13.0,-20.0,-16.0,-21.0,-15.0,-18.0,-15.0,-12.0,-13.0,-10.0,-11.0,-7.0,-10.0,-3.0,-5.0,1.0,-2.0,5.0,1.0,7.0,6.0,10.0,10.0,12.0,17.0,13.0,20.0,13.0,25.0,15.0,26.0,13.0,25.0,12.0,24.0,11.0,24.0,9.0,22.0,7.0
1.8444,122.0,-96.0,7.0,0.0,0.0,0.0,0.0,0.0,0.0,0.0,0.0,0.0,-4.0,25.0,-3.0,22.0,-3.0,19.0,-3.0,15.0,-4.0,10.0,-5.0,5.0,-7.0,0.0,-9.0,-5.0,-12.0,-10.0,-15.0,-13.0,-17.0,-16.0,-20.0,-18.0,-22.0,-19.0,-25.0,-20.0,-25.0,-20.0,-25.0,-18.0,-24.0,-16.0,-21.0,-14.0,-18.0,-12.0,-14.0,-10.0,-8.0,-8.0,-3.0,-7.0,3.0,-7.0,9.0,-6.0,15.0,-6.0,20.0,-8.0
1.8612,122.0,-96.0,7.0,0.0,0.0,0.0,0.0,0.0,0.0,0.0,0.0,0.0,4.0,-12.0,7.0,-16.0,9.0,-19.0,11.0,-23.0,12.0,-25.0,12.0,-27.0,12.0,-28.0,10.0,-28.0,9.0,-27.0,8.0,-24.0,7.0,-20.0,7.0,-16.0,6.0,-11.0,6.0,-6.0,6.0,0.0,7.0,5.0,9.0,11.0,10.0,15.0,12.0,20.0,14.0,23.0,16.0,25.0,17.0,26.0,18.0,26.0,18.0,25.0,19.0,23.0,17.0,20.0
1.8644,-120.0,-126.0,40.0,0.0,0.0,0.0,0.0,0.0,0.0,0.0,0.0,0.0,-1.0,10.0,-1.0,9.0,5.0,8.0,12.0,6.0,14.0,7.0,19.0,3.0,23.0,1.0,23.0,1.0,27.0,1.0,26.0,-2.0,26.0,-4.0,26.0,-6.0,22.0,-8.0,16.0,-10.0,15.0,-9.0,9.0,-7.0,6.0,-6.0,0.0,-4.0,-6.0,-1.0,-12.0,2.0,-16.0,7.0,-21.0,11.0,-23.0,16.0,-25.0,20.0,-28.0,23.0,-28.0,24.0
1.8794,122.0,-96.0,7.0,0.0,0.0,0.0,0.0,0.0,0.0,0.0,0.0,0.0,-26.0,1.0,-24.0,1.0,-20.0,1.0,-16.0,0.0,-12.0,-1.0,-7.0,-4.0,-3.0,-7.0,2.0,-10.0,5.0,-13.0,9.0,-16.0,11.0,-20.0,13.0,-23.0,14.0,-25.0,14.0,-27.0,14.0,-29.0,12.0,-28.0,11.0,-27.0,10.0,-24.0,8.0,-21.0,7.0,-16.0,6.0,-11.0,6.0,-5.0,6.0,0.0,7.0,6.0,8.0,11.0,10.0,17.0
1.8926,122.0,-96.0,7.0,0.0,0.0,0.0,0.0,0.0,0.0,0.0,0.0,0.0,12.0,-2.0,15.0,-2.0,19.0,-2.0,22.0,-2.0,24.0,-3.0,26.0,-4.0,26.0,-5.0,25.0,-6.0,24.0,-6.0,21.0,-5.0,17.0,-4.0,14.0,-2.0,10.0,-1.0,6.0,2.0,1.0,5.0,-2.0,9.0,-6.0,13.0,-9.0,16.0,-10.0,20.0,-11.0,22.0,-12.0,25.0,-12.0,26.0,-11.0,27.0,-10.0,26.0,-8.0,24.0,-7.0,22.0
1.9064,122.0,-96.0,7.0,0.0,0.0,0.0,0.0,0.0,0.0,0.0,0.0,0.0,10.0,-19.0,10.0,-21.0,10.0,-21.0,9.0,-21.0,8.0,-20.0,7.0,-18.0,6.0,-16.0,6.0,-12.0,5.0,-8.0,5.0,-3.0,5.0,1.0,5.0,5.0,6.0,10.0,7.0,14.0,8.0,17.0,9.0,19.0,11.0,21.0,11.0,22.0,12.0,22.0,12.0,21.0,12.0,19.0,11.0,17.0,9.0,14.0,6.0,11.0,3.0,8.0,-1.0,5.0
1.9203,122.0,-96.0,7.0,0.0,0.0,0.0,0.0,0.0,0.0,0.0,0.0,0.0,9.0,9.0,10.0,10.0,10.0,9.0,10.0,10.0,10.0,10.0,10.0,10.0,10.0,10.0,11.0,10.0,11.0,10.0,11.0,10.0,11.0,10.0,11.0,11.0,11.0,11.0,11.0,10.0,12.0,11.0,12.0,10.0,11.0,10.0,12.0,10.0,12.0,11.0,11.0,11.0,12.0,11.0,12.0,10.0,13.0,11.0,12.0,10.0,12.0,10.0,13.0,10.0
1.9346,122.0,-96.0,7.0,0.0,0.0,0.0,0.0,0.0,0.0,0.0,0.0,0.0,0.0,-24.0,-1.0,-26.0,-1.0,-26.0,-2.0,-26.0,-2.0,-24.0,-3.0,-22.0,-2.0,-19.0,-1.0,-16.0,0.0,-12.0,3.0,-7.0,5.0,-3.0,8.0,2.0,11.0,5.0,14.0,9.0,17.0,11.0,19.0,13.0,22.0,14.0,23.0,15.0,24.0,14.0,24.0,13.0,23.0,12.0,21.0,10.0,18.0,9.0,14.0,7.0,9.0,5.0,4.0,5.0
1.9474,122.0,-96.0,7.0,0.0,0.0,0.0,0.0,0.0,0.0,0.0,0.0,0.0,4.0,12.0,5.0,12.0,5.0,13.0,6.0,13.0,4.0,14.0,6.0,14.0,5.0,14.0,6.0,14.0,5.0,14.0,5.0,14.0,6.0,14.0,5.0,15.0,5.0,14.0,6.0,15.0,6.0,15.0,7.0,15.0,6.0,16.0,7.0,14.0,6.0,14.0,7.0,14.0,6.0,15.0,6.0,15.0,7.0,15.0,8.0,15.0,7.0,16.0,7.0,15.0
1.9525,98.0,33.0,22.0,0.0,0.0,0.0,0.0,0.0,0.0,0.0,0.0,0.0,-13.0,17.0,-7.0,15.0,-6.0,15.0,-3.0,7.0,2.0,15.0,5.0,4.0,8.0,1.0,11.0,-3.0,14.0,-4.0,18.0,-8.0,18.0,-13.0,19.0,-16.0,16.0,-18.0,19.0,-22.0,16.0,-22.0,15.0,-25.0,10.0,-21.0,10.0,-20.0,7.0,-16.0,4.0,-11.0,0.0,-7.0,0.0,-2.0,-2.0,7.0,-4.0,12.0,-5.0,19.0,-6.0,25.0
1.9669,122.0,-96.0,7.0,0.0,0.0,0.0,0.0,0.0,0.0,0.0,0.0,0.0,26.0,-1.0,28.0,-2.0,28.0,-3.0,27.0,-3.0,26.0,-3.0,24.0,-3.0,20.0,-3.0,16.0,-1.0,12.0,0.0,7.0,3.0,2.0,5.0,-3.0,9.0,-7.0,12.0,-11.0,15.0,-13.0,19.0,-15.0,21.0,-17.0,24.0,-17.0,26.0,-17.0,27.0,-16.0,27.0,-15.0,25.0,-13.0,23.0,-11.0,20.0,-9.0,15.0,-8.0,10.0,-7.0,4.0
1.9812,122.0,-96.0,7.0,0.0,0.0,0.0,0.0,0.0,0.0,0.0,0.0,0.0,-2.0,-24.0,-4.0,-26.0,-4.0,-26.0,-4.0,-26.0,-5.0,-24.0,-5.0,-22.0,-4.0,-20.0,-3.0,-16.0,-1.0,-12.0,2.0,-8.0,4.0,-4.0,8.0,0.0,11.0,4.0,14.0,7.0,18.0,9.0,20.0,11.0,23.0,12.0,24.0,12.0,25.0,12.0,25.0,11.0,25.0,10.0,22.0,9.0,19.0,7.0,15.0,6.0,11.0,5.0,6.0,4.0
1.9952,122.0,-96.0,7.0,0.0,0.0,0.0,0.0,0.0,0.0,0.0,0.0,0.0,4.0,-14.0,7.0,-18.0,9.0,-22.0,12.0,-26.0,12.0,-29.0,12.0,-31.0,12.0,-32.0,10.0,-32.0,10.0,-31.0,8.0,-28.0,7.0,-24.0,7.0,-19.0,6.0,-14.0,6.0,-8.0,6.0,-2.0,8.0,4.0,10.0,11.0,12.0,16.0,14.0,21.0,17.0,24.0,19.0,27.0,21.0,28.0,22.0,28.0,23.0,26.0,23.0,25.0,21.0,22.0
2.0094,122.0,-96.0,7.0,0.0,0.0,0.0,0.0,0.0,0.0,0.0,0.0,0.0,1.0,-12.0,1.0,-12.0,1.0,-12.0,1.0,-12.0,1.0,-12.0,1.0,-13.0,1.0,-13.0,1.0,-13.0,0.0,-13.0,0.0,-14.0,1.0,-13.0,1.0,-13.0,1.0,-13.0,0.0,-13.0,1.0,-14.0,1.0,-13.0,0.0,-14.0,0.0,-14.0,0.0,-14.0,0.0,-14.0,0.0,-14.0,0.0,-14.0,0.0,-14.0,-1.0,-14.0,0.0,-14.0,0.0,-14.0
2.0219,122.0,-96.0,7.0,0.0,0.0,0.0,0.0,0.0,0.0,0.0,0.0,0.0,26.0,12.0,23.0,10.0,19.0,9.0,15.0,8.0,9.0,7.0,4.0,6.0,-3.0,7.0,-9.0,7.0,-15.0,9.0,-19.0,10.0,-23.0,12.0,-26.0,14.0,-29.0,16.0,-30.0,18.0,-30.0,20.0,-28.0,19.0,-26.0,19.0,-23.0,16.0,-19.0,14.0,-16.0,10.0,-12.0,5.0,-8.0,-1.0,-6.0,-7.0,-3.0,-13.0,-2.0,-18.0,-1.0,-25.0
2.0363,122.0,-96.0,7.0,0.0,0.0,0.0,0.0,0.0,0.0,0.0,0.0,0.0,3.0,-13.0,5.0,-17.0,7.0,-20.0,9.0,-23.0,9.0,-26.0,10.0,-28.0,9.0,-29.0,8.0,-29.0,7.0,-28.0,6.0,-24.0,5.0,-21.0,6.0,-16.0,5.0,-12.0,5.0,-6.0,6.0,-1.0,7.0,5.0,9.0,10.0,11.0,15.0,14.0,19.0,16.0,22.0,18.0,24.0,19.0,24.0,21.0,24.0,21.0,23.0,21.0,21.0,19.0,18.0
2.0512,122.0,-96.0,7.0,0.0,0.0,0.0,0.0,0.0,0.0,0.0,0.0,0.0,5.0,-11.0,7.0,-14.0,9.0,-17.0,11.0,-20.0,12.0,-22.0,12.0,-24.0,11.0,-25.0,10.0,-25.0,9.0,-23.0,8.0,-21.0,7.0,-17.0,6.0,-14.0,6.0,-9.0,5.0,-4.0,5.0,1.0,6.0,6.0,7.0,11.0,8.0,15.0,11.0,19.0,12.0,21.0,14.0,23.0,15.0,24.0,16.0,23.0,16.0,22.0,16.0,20.0,14.0,17.0
2.0645,122.0,-96.0,7.0,0.0,0.0,0.0,0.0,0.0,0.0,0.0,0.0,0.0,-10.0,24.0,-10.0,26.0,-9.0,27.0,-9.0,26.0,-8.0,25.0,-7.0,23.0,-7.0,19.0,-6.0,15.0,-6.0,11.0,-6.0,5.0,-7.0,-1.0,-8.0,-6.0,-10.0,-11.0,-12.0,-16.0,-13.0,-20.0,-15.0,-23.0,-17.0,-25.0,-18.0,-26.0,-19.0,-26.0,-20.0,-25.0,-19.0,-24.0,-18.0,-21.0,-15.0,-18.0,-11.0,-14.0,-7.0,-11.0,-3.0,-8.0
2.0692,98.0,33.0,22.0,0.0,0.0,0.0,0.0,0.0,0.0,0.0,0.0,0.0,-13.0,8.0,-14.0,8.0,-13.0,8.0,-12.0,8.0,-11.0,8.0,-9.0,7.0,-7.0,7.0,-5.0,5.0,-2.0,4.0,1.0,2.0,3.0,1.0,5.0,-1.0,8.0,-3.0,8.0,-5.0,9.0,-7.0,10.0,-10.0,10.0,-12.0,10.0,-13.0,9.0,-14.0,8.0,-14.0,7.0,-14.0,6.0,-11.0,4.0,-10.0,2.0,-7.0,1.0,-4.0,0.0,1.0
2.0838,122.0,-96.0,7.0,0.0,0.0,0.0,0.0,0.0,0.0,0.0,0.0,0.0,9.0,-6.0,6.0,-2.0,4.0,3.0,3.0,8.0,2.0,13.0,1.0,18.0,1.0,22.0,2.0,25.0,3.0,28.0,4.0,29.0,5.0,29.0,6.0,28.0,6.0,27.0,7.0,24.0,5.0,20.0,4.0,16.0,1.0,12.0,-3.0,8.0,-6.0,3.0,-10.0,-1.0,-15.0,-4.0,-19.0,-7.0,-24.0,-8.0,-27.0,-9.0,-30.0,-9.0,-31.0,-8.0
2.0967,122.0,-96.0,7.0,0.0,0.0,0.0,0.0,0.0,0.0,0.0,0.0,0.0,8.0,6.0,3.0,5.0,-1.0,5.0,-6.0,5.0,-11.0,6.0,-15.0,7.0,-18.0,8.0,-21.0,10.0,-23.0,12.0,-24.0,13.0,-24.0,14.0,-23.0,14.0,-21.0,14.0,-19.0,14.0,-17.0,12.0,-14.0,9.0,-11.0,6.0,-8.0,2.0,-6.0,-3.0,-4.0,-7.0,-3.0,-12.0,-2.0,-17.0,-2.0,-21.0,-3.0,-24.0,-3.0,-27.0,-4.0,-28.0
2.1091,122.0,-96.0,7.0,0.0,0.0,0.0,0.0,0.0,0.0,0.0,0.0,0.0,22.0,7.0,19.0,6.0,17.0,5.0,13.0,4.0,9.0,4.0,4.0,5.0,-1.0,5.0,-5.0,7.0,-10.0,8.0,-13.0,10.0,-17.0,12.0,-19.0,14.0,-21.0,16.0,-21.0,17.0,-21.0,18.0,-20.0,18.0,-19.0,18.0,-16.0,16.0,-14.0,14.0,-12.0,11.0,-9.0,7.0,-7.0,2.0,-6.0,-3.0,-4.0,-8.0,-3.0,-13.0,-4.0,-18.0
2.1231,122.0,-96.0,7.0,0.0,0.0,0.0,0.0,0.0,0.0,0.0,0.0,0.0,-3.0,-14.0,-3.0,-15.0,-3.0,-15.0,-3.0,-15.0,-3.0,-15.0,-3.0,-16.0,-3.0,-16.0,-4.0,-16.0,-3.0,-16.0,-3.0,-16.0,-4.0,-16.0,-4.0,-16.0,-4.0,-16.0,-4.0,-17.0,-4.0,-16.0,-4.0,-16.0,-4.0,-17.0,-4.0,-16.0,-5.0,-17.0,-5.0,-17.0,-5.0,-16.0,-5.0,-17.0,-5.0,-16.0,-5.0,-17.0,-6.0,-17.0,-6.0,-17.0
2.1386,122.0,-96.0,7.0,0.0,0.0,0.0,0.0,0.0,0.0,0.0,0.0,0.0,-19.0,14.0,-17.0,12.0,-15.0,10.0,-12.0,7.0,-9.0,5.0,-7.0,0.0,-5.0,-4.0,-4.0,-9.0,-3.0,-13.0,-2.0,-17.0,-1.0,-21.0,-1.0,-24.0,-2.0,-26.0,-3.0,-28.0,-4.0,-29.0,-5.0,-27.0,-5.0,-26.0,-5.0,-23.0,-4.0,-20.0,-3.0,-16.0,-1.0,-12.0,2.0,-7.0,5.0,-3.0,8.0,1.0,11.0,4.0,16.0,7.0
2.1534,122.0,-96.0,7.0,0.0,0.0,0.0,0.0,0.0,0.0,0.0,0.0,0.0,10.0,-10.0,10.0,-11.0,10.0,-10.0,11.0,-11.0,10.0,-10.0,10.0,-10.0,11.0,-11.0,11.0,-11.0,11.0,-11.0,11.0,-11.0,11.0,-11.0,11.0,-11.0,12.0,-11.0,11.0,-11.0,11.0,-12.0,11.0,-12.0,11.0,-12.0,11.0,-13.0,11.0,-13.0,11.0,-13.0,11.0,-13.0,11.0,-12.0,10.0,-13.0,11.0,-13.0,11.0,-13.0,11.0,-13.0
2.1673,122.0,-96.0,7.0,0.0,0.0,0.0,0.0,0.0,0.0,0.0,0.0,0.0,1.0,-12.0,1.0,-12.0,0.0,-12.0,1.0,-12.0,0.0,-12.0,0.0,-13.0,0.0,-13.0,0.0,-13.0,0.0,-13.0,0.0,-13.0,0.0,-13.0,1.0,-13.0,0.0,-13.0,0.0,-13.0,0.0,-14.0,0.0,-14.0,-1.0,-14.0,0.0,-14.0,0.0,-14.0,-1.0,-14.0,-1.0,-14.0,-1.0,-14.0,-1.0,-14.0,-1.0,-14.0,-1.0,-14.0,-1.0,-14.0
2.1806,122.0,-96.0,7.0,0.0,0.0,0.0,0.0,0.0,0.0,0.0,0.0,0.0,2.0,9.0,-1.0,6.0,-4.0,3.0,-8.0,1.0,-13.0,-2.0,-17.0,-3.0,-20.0,-4.0,-23.0,-4.0,-26.0,-4.0,-27.0,-4.0,-28.0,-2.0,-27.0,-2.0,-26.0,-1.0,-24.0,0.0,-20.0,0.0,-16.0,-1.0,-12.0,-2.0,-7.0,-4.0,-2.0,-6.0,2.0,-9.0,6.0,-12.0,9.0,-15.0,11.0,-19.0,12.0,-22.0,13.0,-24.0,13.0,-25.0
2.1947,122.0,-96.0,7.0,0.0,0.0,0.0,0.0,0.0,0.0,0.0,0.0,0.0,5.0,9.0,5.0,9.0,5.0,9.0,5.0,9.0,5.0,9.0,5.0,9.0,5.0,9.0,6.0,9.0,6.0,9.0,6.0,9.0,6.0,10.0,6.0,10.0,6.0,10.0,6.0,10.0,6.0,10.0,6.0,10.0,6.0,10.0,6.0,9.0,7.0,10.0,6.0,10.0,6.0,10.0,7.0,10.0,7.0,10.0,7.0,10.0,7.0,10.0,7.0,10.0
2.2085,122.0,-96.0,7.0,0.0,0.0,0.0,0.0,0.0,0.0,0.0,0.0,0.0,-4.0,17.0,-4.0,17.0,-4.0,18.0,-4.0,17.0,-4.0,18.0,-4.0,18.0,-3.0,18.0,-3.0,19.0,-4.0,19.0,-4.0,19.0,-4.0,19.0,-4.0,19.0,-4.0,19.0,-4.0,20.0,-3.0,19.0,-3.0,19.0,-3.0,19.0,-3.0,20.0,-3.0,20.0,-2.0,20.0,-2.0,20.0,-2.0,20.0,-3.0,20.0,-3.0,20.0,-3.0,20.0,-2.0,20.0
2.2233,122.0,-96.0,7.0,0.0,0.0,0.0,0.0,0.0,0.0,0.0,0.0,0.0,-11.0,2.0,-11.0,2.0,-11.0,2.0,-12.0,3.0,-12.0,3.0,-12.0,3.0,-12.0,3.0,-12.0,3.0,-12.0,3.0,-13.0,3.0,-13.0,3.0,-13.0,3.0,-13.0,3.0,-13.0,4.0,-12.0,3.0,-13.0,4.0,-13.0,4.0,-13.0,4.0,-13.0,4.0,-13.0,4.0,-13.0,4.0,-13.0,4.0,-13.0,4.0,-13.0,5.0,-13.0,5.0,-13.0,5.0
2.2374,122.0,-96.0,7.0,0.0,0.0,0.0,0.0,0.0,0.0,0.0,0.0,0.0,-9.0,8.0,-7.0,3.0,-6.0,-3.0,-6.0,-8.0,-7.0,-14.0,-8.0,-20.0,-9.0,-24.0,-11.0,-28.0,-13.0,-30.0,-14.0,-32.0,-15.0,-31.0,-15.0,-30.0,-15.0,-28.0,-15.0,-25.0,-13.0,-22.0,-10.0,-17.0,-6.0,-13.0,-1.0,-10.0,5.0,-6.0,10.0,-3.0,16.0,-1.0,22.0,0.0,27.0,1.0,30.0,1.0,33.0,0.0,35.0,0.0
2.2522,122.0,-96.0,7.0,0.0,0.0,0.0,0.0,0.0,0.0,0.0,0.0,0.0,7.0,-11.0,6.0,-5.0,6.0,1.0,6.0,6.0,7.0,12.0,9.0,17.0,10.0,22.0,12.0,25.0,14.0,28.0,16.0,28.0,18.0,28.0,18.0,27.0,18.0,25.0,18.0,23.0,15.0,20.0,12.0,16.0,7.0,12.0,3.0,10.0,-3.0,6.0,-9.0,4.0,-15.0,2.0,-21.0,1.0,-26.0,2.0,-30.0,2.0,-34.0,3.0,-36.0,4.0
2.2665,122.0,-96.0,7.0,0.0,0.0,0.0,0.0,0.0,0.0,0.0,0.0,0.0,27.0,-9.0,24.0,-9.0,21.0,-7.0,17.0,-5.0,12.0,-2.0,8.0,2.0,3.0,6.0,-1.0,10.0,-5.0,16.0,-6.0,20.0,-8.0,24.0,-9.0,28.0,-9.0,31.0,-8.0,33.0,-8.0,34.0,-6.0,33.0,-5.0,30.0,-4.0,27.0,-4.0,23.0,-4.0,18.0,-5.0,11.0,-6.0,5.0,-9.0,-2.0,-11.0,-7.0,-14.0,-13.0,-18.0,-17.0
2.2814,122.0,-96.0,7.0,0.0,0.0,0.0,0.0,0.0,0.0,0.0,0.0,0.0,0.0,-11.0,-1.0,-11.0,-1.0,-12.0,-1.0,-11.0,-1.0,-12.0,-1.0,-12.0,-1.0,-12.0,-2.0,-12.0,-1.0,-12.0,-1.0,-12.0,-1.0,-12.0,-1.0,-13.0,-1.0,-13.0,-2.0,-13.0,-2.0,-12.0,-2.0,-13.0,-2.0,-13.0,-2.0,-13.0,-2.0,-13.0,-3.0,-13.0,-3.0,-13.0,-3.0,-13.0,-3.0,-13.0,-3.0,-13.0,-3.0,-13.0,-3.0,-13.0
2.2865,98.0,33.0,22.0,0.0,0.0,0.0,0.0,0.0,0.0,0.0,0.0,0.0,-4.0,-24.0,-1.0,-22.0,-3.0,-17.0,-4.0,-12.0,-7.0,-8.0,-8.0,-3.0,-9.0,1.0,-9.0,8.0,-10.0,12.0,-10.0,16.0,-10.0,20.0,-8.0,23.0,-7.0,25.0,-4.0,27.0,-3.0,27.0,-1.0,26.0,1.0,24.0,2.0,21.0,3.0,16.0,3.0,11.0,2.0,6.0,0.0,-1.0,-3.0,-6.0,-5.0,-13.0,-8.0,-19.0,-12.0,-25.0
2.3012,122.0,-96.0,7.0,0.0,0.0,0.0,0.0,0.0,0.0,0.0,0.0,0.0,5.0,-12.0,7.0,-16.0,9.0,-20.0,11.0,-23.0,11.0,-25.0,12.0,-28.0,11.0,-28.0,10.0,-28.0,9.0,-26.0,8.0,-24.0,7.0,-20.0,6.0,-15.0,6.0,-11.0,6.0,-5.0,6.0,1.0,7.0,6.0,9.0,12.0,10.0,16.0,13.0,20.0,16.0,23.0,17.0,25.0,18.0,25.0,19.0,25.0,19.0,23.0,19.0,21.0,17.0,18.0
2.3159,122.0,-96.0,7.0,0.0,0.0,0.0,0.0,0.0,0.0,0.0,0.0,0.0,0.0,-23.0,0.0,-22.0,0.0,-18.0,1.0,-15.0,2.0,-10.0,3.0,-6.0,5.0,-1.0,8.0,3.0,11.0,7.0,13.0,10.0,16.0,12.0,19.0,13.0,21.0,15.0,23.0,15.0,24.0,14.0,23.0,13.0,22.0,12.0,19.0,10.0,16.0,8.0,12.0,7.0,7.0,6.0,2.0,5.0,-3.0,5.0,-8.0,6.0,-13.0,6.0,-18.0,8.0
2.3313,122.0,-96.0,7.0,0.0,0.0,0.0,0.0,0.0,0.0,0.0,0.0,0.0,-2.0,-27.0,-3.0,-28.0,-4.0,-29.0,-5.0,-28.0,-5.0,-27.0,-5.0,-24.0,-4.0,-21.0,-2.0,-17.0,0.0,-13.0,2.0,-8.0,5.0,-3.0,8.0,1.0,13.0,5.0,16.0,8.0,20.0,11.0,22.0,13.0,25.0,14.0,27.0,14.0,28.0,14.0,27.0,13.0,26.0,12.0,23.0,10.0,20.0,9.0,16.0,7.0,10.0,6.0,5.0,5.0
2.3461,122.0,-96.0,7.0,0.0,0.0,0.0,0.0,0.0,0.0,0.0,0.0,0.0,10.0,-4.0,10.0,-5.0,10.0,-4.0,10.0,-5.0,10.0,-5.0,10.0,-5.0,10.0,-5.0,11.0,-5.0,10.0,-5.0,11.0,-6.0,11.0,-5.0,11.0,-5.0,11.0,-6.0,11.0,-6.0,11.0,-6.0,11.0,-6.0,11.0,-6.0,11.0,-6.0,11.0,-6.0,11.0,-6.0,11.0,-6.0,11.0,-7.0,11.0,-7.0,11.0,-7.0,11.0,-7.0,11.0,-7.0
2.3601,122.0,-96.0,7.0,0.0,0.0,0.0,0.0,0.0,0.0,0.0,0.0,0.0,13.0,-1.0,13.0,-1.0,14.0,-1.0,13.0,-1.0,14.0,-1.0,14.0,-1.0,14.0,-2.0,15.0,-2.0,14.0,-1.0,15.0,-2.0,15.0,-1.0,15.0,-1.0,15.0,-1.0,15.0,-2.0,15.0,-2.0,16.0,-2.0,15.0,-3.0,15.0,-3.0,16.0,-2.0,16.0,-3.0,15.0,-3.0,15.0,-2.0,16.0,-3.0,16.0,-3.0,16.0,-3.0,16.0,-3.0
2.3736,122.0,-96.0,7.0,0.0,0.0,0.0,0.0,0.0,0.0,0.0,0.0,0.0,-4.0,28.0,-4.0,25.0,-3.0,21.0,-3.0,17.0,-4.0,12.0,-6.0,6.0,-8.0,0.0,-10.0,-5.0,-14.0,-10.0,-17.0,-15.0,-20.0,-18.0,-22.0,-20.0,-26.0,-21.0,-28.0,-21.0,-29.0,-21.0,-29.0,-19.0,-27.0,-17.0,-24.0,-15.0,-21.0,-13.0,-16.0,-11.0,-10.0,-9.0,-3.0,-8.0,3.0,-8.0,10.0,-7.0,16.0,-8.0,22.0,-9.0
2.3883,122.0,-96.0,7.0,0.0,0.0,0.0,0.0,0.0,0.0,0.0,0.0,0.0,9.0,-6.0,9.0,-6.0,9.0,-6.0,9.0,-7.0,9.0,-7.0,10.0,-7.0,9.0,-7.0,10.0,-7.0,10.0,-7.0,10.0,-7.0,10.0,-7.0,10.0,-7.0,10.0,-7.0,10.0,-8.0,10.0,-8.0,10.0,-8.0,10.0,-8.0,10.0,-8.0,10.0,-8.0,10.0,-8.0,10.0,-8.0,10.0,-8.0,10.0,-8.0,10.0,-8.0,10.0,-8.0,10.0,-9.0
2.4031,122.0,-96.0,7.0,0.0,0.0,0.0,0.0,0.0,0.0,0.0,0.0,0.0,2.0,-24.0,2.0,-26.0,1.0,-26.0,1.0,-25.0,0.0,-25.0,0.0,-22.0,0.0,-20.0,1.0,-16.0,1.0,-12.0,3.0,-8.0,4.0,-3.0,7.0,2.0,10.0,6.0,12.0,9.0,15.0,12.0,17.0,15.0,19.0,16.0,21.0,17.0,22.0,17.0,22.0,16.0,22.0,15.0,20.0,13.0,18.0,11.0,14.0,9.0,9.0,7.0,5.0,6.0
2.4063,98.0,33.0,22.0,0.0,0.0,0.0,0.0,0.0,0.0,0.0,0.0,0.0,-15.0,-21.0,-15.0,-20.0,-16.0,-21.0,-15.0,-18.0,-14.0,-16.0,-14.0,-14.0,-12.0,-10.0,-10.0,-6.0,-8.0,-1.0,-5.0,3.0,-3.0,7.0,0.0,10.0,5.0,13.0,8.0,15.0,11.0,16.0,15.0,17.0,18.0,17.0,20.0,16.0,22.0,14.0,22.0,13.0,21.0,11.0,18.0,9.0,14.0,7.0,10.0,4.0,4.0,2.0,-2.0,1.0
2.4206,122.0,-96.0,7.0,0.0,0.0,0.0,0.0,0.0,0.0,0.0,0.0,0.0,3.0,-13.0,5.0,-16.0,7.0,-20.0,9.0,-23.0,9.0,-26.0,9.0,-28.0,9.0,-29.0,7.0,-29.0,6.0,-28.0,5.0,-25.0,5.0,-21.0,5.0,-17.0,4.0,-12.0,5.0,-6.0,5.0,-1.0,7.0,4.0,10.0,10.0,12.0,14.0,14.0,18.0,17.0,21.0,19.0,23.0,20.0,23.0,22.0,23.0,21.0,22.0,21.0,20.0,19.0,17.0
2.4334,122.0,-96.0,7.0,0.0,0.0,0.0,0.0,0.0,0.0,0.0,0.0,0.0,13.0,18.0,12.0,16.0,11.0,14.0,8.0,11.0,5.0,9.0,0.0,6.0,-4.0,4.0,-9.0,2.0,-13.0,1.0,-17.0,0.0,-20.0,0.0,-23.0,0.0,-26.0,1.0,-28.0,2.0,-28.0,3.0,-27.0,4.0,-26.0,4.0,-23.0,4.0,-20.0,3.0,-16.0,2.0,-12.0,0.0,-7.0,-3.0,-3.0,-6.0,1.0,-9.0,4.0,-12.0,7.0,-17.0
2.4495,122.0,-96.0,7.0,0.0,0.0,0.0,0.0,0.0,0.0,0.0,0.0,0.0,9.0,-10.0,12.0,-12.0,16.0,-14.0,18.0,-16.0,20.0,-19.0,21.0,-20.0,21.0,-21.0,20.0,-22.0,18.0,-21.0,16.0,-19.0,14.0,-16.0,12.0,-12.0,9.0,-8.0,7.0,-3.0,5.0,2.0,4.0,7.0,3.0,13.0,3.0,18.0,3.0,23.0,4.0,27.0,5.0,29.0,7.0,31.0,7.0,31.0,8.0,30.0,9.0,28.0,8.0,25.0
2.4659,122.0,-96.0,7.0,0.0,0.0,0.0,0.0,0.0,0.0,0.0,0.0,0.0,-14.0,-4.0,-9.0,-6.0,-2.0,-8.0,4.0,-11.0,10.0,-14.0,16.0,-19.0,19.0,-23.0,22.0,-26.0,23.0,-30.0,24.0,-31.0,23.0,-33.0,22.0,-32.0,20.0,-31.0,17.0,-29.0,15.0,-25.0,12.0,-19.0,10.0,-14.0,9.0,-6.0,8.0,2.0,8.0,9.0,9.0,17.0,10.0,23.0,12.0,29.0,15.0,33.0,18.0,35.0,20.0,37.0
2.4782,122.0,-96.0,7.0,0.0,0.0,0.0,0.0,0.0,0.0,0.0,0.0,0.0,-21.0,1.0,-23.0,2.0,-23.0,3.0,-23.0,3.0,-21.0,3.0,-20.0,3.0,-17.0,2.0,-14.0,1.0,-11.0,0.0,-7.0,-3.0,-3.0,-5.0,0.0,-8.0,4.0,-11.0,6.0,-14.0,8.0,-17.0,10.0,-19.0,11.0,-22.0,11.0,-22.0,11.0,-24.0,10.0,-23.0,9.0,-22.0,8.0,-20.0,7.0,-18.0,5.0,-14.0,4.0,-9.0,4.0,-5.0
2.4904,122.0,-96.0,7.0,0.0,0.0,0.0,0.0,0.0,0.0,0.0,0.0,0.0,-3.0,11.0,-4.0,6.0,-6.0,1.0,-9.0,-3.0,-11.0,-8.0,-15.0,-11.0,-18.0,-14.0,-21.0,-16.0,-24.0,-17.0,-25.0,-17.0,-26.0,-17.0,-26.0,-16.0,-25.0,-14.0,-24.0,-12.0,-20.0,-11.0,-16.0,-9.0,-12.0,-8.0,-7.0,-7.0,-1.0,-7.0,5.0,-7.0,10.0,-8.0,15.0,-9.0,19.0,-11.0,23.0,-13.0,25.0,-15.0,26.0,-17.0
2.5046,122.0,-96.0,7.0,0.0,0.0,0.0,0.0,0.0,0.0,0.0,0.0,0.0,-6.0,-14.0,-5.0,-14.0,-6.0,-14.0,-6.0,-14.0,-5.0,-15.0,-6.0,-15.0,-7.0,-14.0,-7.0,-15.0,-7.0,-14.0,-6.0,-15.0,-6.0,-15.0,-6.0,-15.0,-6.0,-16.0,-7.0,-15.0,-7.0,-15.0,-7.0,-15.0,-7.0,-16.0,-7.0,-16.0,-7.0,-15.0,-7.0,-15.0,-7.0,-16.0,-8.0,-15.0,-8.0,-16.0,-7.0,-16.0,-7.0,-16.0,-8.0,-16.0
2.518,122.0,-96.0,7.0,0.0,0.0,0.0,0.0,0.0,0.0,0.0,0.0,0.0,-12.0,1.0,-16.0,1.0,-20.0,1.0,-22.0,1.0,-25.0,2.0,-27.0,3.0,-27.0,4.0,-27.0,4.0,-25.0,4.0,-22.0,4.0,-19.0,2.0,-15.0,1.0,-11.0,-1.0,-7.0,-3.0,-2.0,-6.0,1.0,-10.0,5.0,-13.0,8.0,-16.0,10.0,-21.0,11.0,-23.0,11.0,-26.0,11.0,-26.0,11.0,-27.0,10.0,-26.0,8.0,-25.0,7.0,-23.0
2.5303,122.0,-96.0,7.0,0.0,0.0,0.0,0.0,0.0,0.0,0.0,0.0,0.0,13.0,3.0,13.0,3.0,14.0,3.0,13.0,3.0,14.0,3.0,14.0,3.0,14.0,3.0,15.0,3.0,14.0,3.0,14.0,3.0,15.0,3.0,15.0,3.0,15.0,3.0,15.0,3.0,15.0,2.0,15.0,3.0,15.0,2.0,16.0,2.0,16.0,3.0,16.0,2.0,16.0,2.0,16.0,2.0,16.0,2.0,17.0,2.0,16.0,2.0,16.0,1.0
2.5444,122.0,-96.0,7.0,0.0,0.0,0.0,0.0,0.0,0.0,0.0,0.0,0.0,-23.0,1.0,-21.0,1.0,-18.0,1.0,-15.0,0.0,-11.0,-1.0,-7.0,-3.0,-3.0,-6.0,1.0,-9.0,5.0,-12.0,8.0,-15.0,10.0,-17.0,12.0,-20.0,13.0,-22.0,12.0,-24.0,13.0,-26.0,11.0,-25.0,10.0,-24.0,9.0,-21.0,7.0,-19.0,6.0,-15.0,6.0,-10.0,5.0,-5.0,5.0,0.0,5.0,5.0,6.0,10.0,8.0,15.0
2.5602,122.0,-96.0,7.0,0.0,0.0,0.0,0.0,0.0,0.0,0.0,0.0,0.0,-10.0,5.0,-10.0,5.0,-10.0,5.0,-11.0,6.0,-11.0,4.0,-11.0,5.0,-11.0,6.0,-12.0,6.0,-11.0,6.0,-11.0,5.0,-11.0,6.0,-11.0,6.0,-11.0,6.0,-11.0,6.0,-11.0,6.0,-11.0,6.0,-12.0,6.0,-11.0,6.0,-11.0,7.0,-11.0,6.0,-12.0,6.0,-11.0,7.0,-11.0,7.0,-11.0,7.0,-11.0,7.0,-11.0,7.0
2.574,122.0,-96.0,7.0,0.0,0.0,0.0,0.0,0.0,0.0,0.0,0.0,0.0,20.0,-10.0,19.0,-9.0,16.0,-8.0,13.0,-6.0,10.0,-3.0,6.0,0.0,3.0,4.0,0.0,8.0,-2.0,12.0,-3.0,16.0,-5.0,19.0,-5.0,22.0,-5.0,25.0,-4.0,27.0,-4.0,27.0,-3.0,27.0,-2.0,25.0,-2.0,23.0,-1.0,19.0,-2.0,15.0,-3.0,10.0,-4.0,6.0,-6.0,1.0,-8.0,-4.0,-11.0,-8.0,-15.0,-12.0
2.5876,122.0,-96.0,7.0,0.0,0.0,0.0,0.0,0.0,0.0,0.0,0.0,0.0,-2.0,12.0,-3.0,16.0,-4.0,21.0,-5.0,23.0,-5.0,27.0,-4.0,28.0,-3.0,29.0,-3.0,29.0,-2.0,27.0,-1.0,25.0,-2.0,21.0,-3.0,16.0,-3.0,11.0,-5.0,6.0,-6.0,1.0,-9.0,-4.0,-12.0,-9.0,-15.0,-13.0,-18.0,-16.0,-22.0,-18.0,-24.0,-20.0,-25.0,-20.0,-27.0,-20.0,-26.0,-18.0,-26.0,-17.0,-23.0,-14.0
2.6005,122.0,-96.0,7.0,0.0,0.0,0.0,0.0,0.0,0.0,0.0,0.0,0.0,19.0,-8.0,18.0,-9.0,19.0,-9.0,19.0,-9.0,19.0,-9.0,19.0,-10.0,19.0,-10.0,20.0,-10.0,19.0,-11.0,20.0,-10.0,19.0,-10.0,20.0,-10.0,20.0,-10.0,19.0,-11.0,20.0,-11.0,20.0,-11.0,20.0,-11.0,20.0,-11.0,20.0,-11.0,20.0,-12.0,20.0,-12.0,20.0,-12.0,20.0,-12.0,20.0,-12.0,20.0,-12.0,20.0,-12.0
2.6135,122.0,-96.0,7.0,0.0,0.0,0.0,0.0,0.0,0.0,0.0,0.0,0.0,-20.0,-3.0,-21.0,-3.0,-21.0,-3.0,-21.0,-3.0,-21.0,-2.0,-22.0,-2.0,-22.0,-3.0,-22.0,-2.0,-23.0,-3.0,-22.0,-2.0,-22.0,-2.0,-22.0,-2.0,-23.0,-2.0,-23.0,-1.0,-24.0,-2.0,-22.0,-2.0,-24.0,-2.0,-23.0,-1.0,-24.0,-2.0,-24.0,-2.0,-24.0,-1.0,-24.0,-1.0,-24.0,-1.0,-24.0,0.0,-24.0,0.0,-24.0,0.0
2.6292,122.0,-96.0,7.0,0.0,0.0,0.0,0.0,0.0,0.0,0.0,0.0,0.0,-13.0,-6.0,-14.0,-6.0,-14.0,-6.0,-14.0,-6.0,-14.0,-6.0,-15.0,-6.0,-15.0,-6.0,-15.0,-6.0,-15.0,-6.0,-15.0,-6.0,-15.0,-6.0,-15.0,-7.0,-15.0,-6.0,-15.0,-6.0,-16.0,-6.0,-15.0,-6.0,-16.0,-6.0,-16.0,-6.0,-16.0,-6.0,-16.0,-5.0,-16.0,-6.0,-16.0,-5.0,-16.0,-5.0,-16.0,-6.0,-16.0,-6.0,-17.0,-5.0
2.6413,122.0,-96.0,7.0,0.0,0.0,0.0,0.0,0.0,0.0,0.0,0.0,0.0,17.0,14.0,15.0,13.0,14.0,11.0,10.0,9.0,7.0,7.0,2.0,6.0,-3.0,5.0,-8.0,4.0,-12.0,4.0,-16.0,5.0,-19.0,5.0,-23.0,6.0,-25.0,7.0,-26.0,9.0,-26.0,10.0,-25.0,10.0,-24.0,10.0,-21.0,9.0,-18.0,8.0,-15.0,6.0,-11.0,3.0,-8.0,-1.0,-5.0,-5.0,-2.0,-9.0,1.0,-13.0,2.0,-18.0
2.6548,122.0,-96.0,7.0,0.0,0.0,0.0,0.0,0.0,0.0,0.0,0.0,0.0,-24.0,2.0,-26.0,3.0,-26.0,4.0,-25.0,4.0,-23.0,4.0,-22.0,4.0,-19.0,3.0,-15.0,2.0,-11.0,0.0,-7.0,-3.0,-3.0,-6.0,1.0,-9.0,4.0,-13.0,7.0,-16.0,9.0,-20.0,10.0,-22.0,11.0,-25.0,11.0,-26.0,10.0,-27.0,9.0,-26.0,9.0,-25.0,7.0,-22.0,6.0,-19.0,4.0,-14.0,4.0,-9.0,4.0,-4.0
2.6691,122.0,-96.0,7.0,0.0,0.0,0.0,0.0,0.0,0.0,0.0,0.0,0.0,-23.0,-6.0,-20.0,-6.0,-17.0,-5.0,-14.0,-5.0,-10.0,-4.0,-5.0,-5.0,0.0,-6.0,4.0,-8.0,9.0,-10.0,12.0,-12.0,15.0,-13.0,17.0,-15.0,19.0,-18.0,19.0,-20.0,19.0,-20.0,18.0,-20.0,16.0,-19.0,14.0,-17.0,12.0,-15.0,9.0,-11.0,8.0,-7.0,6.0,-2.0,4.0,3.0,3.0,8.0,3.0,13.0,4.0,18.0
2.6834,122.0,-96.0,7.0,0.0,0.0,0.0,0.0,0.0,0.0,0.0,0.0,0.0,0.0,21.0,1.0,22.0,2.0,22.0,2.0,22.0,2.0,20.0,2.0,19.0,1.0,16.0,0.0,12.0,-1.0,9.0,-4.0,5.0,-5.0,1.0,-9.0,-2.0,-12.0,-6.0,-14.0,-8.0,-17.0,-10.0,-19.0,-11.0,-21.0,-12.0,-23.0,-13.0,-23.0,-12.0,-23.0,-11.0,-21.0,-10.0,-19.0,-8.0,-16.0,-7.0,-12.0,-6.0,-8.0,-5.0,-3.0,-5.0
2.6968,122.0,-96.0,7.0,0.0,0.0,0.0,0.0,0.0,0.0,0.0,0.0,0.0,22.0,4.0,25.0,4.0,25.0,4.0,25.0,3.0,23.0,2.0,21.0,2.0,18.0,1.0,15.0,2.0,11.0,2.0,6.0,4.0,1.0,5.0,-3.0,7.0,-8.0,9.0,-12.0,11.0,-15.0,14.0,-17.0,15.0,-19.0,18.0,-20.0,19.0,-20.0,20.0,-19.0,21.0,-18.0,20.0,-16.0,18.0,-14.0,16.0,-11.0,13.0,-9.0,9.0,-7.0,5.0
2.7101,122.0,-96.0,7.0,0.0,0.0,0.0,0.0,0.0,0.0,0.0,0.0,0.0,6.0,-12.0,7.0,-12.0,7.0,-13.0,7.0,-12.0,6.0,-13.0,7.0,-14.0,7.0,-13.0,6.0,-13.0,7.0,-13.0,7.0,-15.0,7.0,-14.0,8.0,-15.0,8.0,-14.0,7.0,-14.0,7.0,-15.0,7.0,-15.0,6.0,-14.0,7.0,-16.0,7.0,-15.0,7.0,-15.0,7.0,-15.0,7.0,-15.0,7.0,-16.0,6.0,-14.0,6.0,-15.0,6.0,-16.0
2.7239,122.0,-96.0,7.0,0.0,0.0,0.0,0.0,0.0,0.0,0.0,0.0,0.0,-12.0,19.0,-11.0,17.0,-10.0,15.0,-8.0,11.0,-7.0,8.0,-6.0,3.0,-7.0,-2.0,-6.0,-7.0,-7.0,-11.0,-8.0,-15.0,-9.0,-19.0,-10.0,-21.0,-12.0,-24.0,-14.0,-24.0,-15.0,-25.0,-15.0,-24.0,-15.0,-22.0,-13.0,-20.0,-12.0,-17.0,-9.0,-14.0,-5.0,-11.0,-1.0,-8.0,3.0,-5.0,8.0,-3.0,12.0,-1.0,17.0,-1.0
2.7382,122.0,-96.0,7.0,0.0,0.0,0.0,0.0,0.0,0.0,0.0,0.0,0.0,23.0,-1.0,25.0,-3.0,25.0,-3.0,25.0,-3.0,23.0,-4.0,21.0,-3.0,18.0,-3.0,15.0,-2.0,11.0,0.0,6.0,2.0,2.0,4.0,-2.0,8.0,-6.0,11.0,-9.0,14.0,-11.0,17.0,-13.0,20.0,-14.0,22.0,-15.0,24.0,-14.0,24.0,-13.0,24.0,-12.0,24.0,-10.0,21.0,-9.0,18.0,-7.0,14.0,-6.0,9.0,-5.0,4.0
2.7511,122.0,-96.0,7.0,0.0,0.0,0.0,0.0,0.0,0.0,0.0,0.0,0.0,3.0,-11.0,3.0,-11.0,4.0,-11.0,3.0,-11.0,3.0,-11.0,3.0,-12.0,3.0,-12.0,3.0,-12.0,3.0,-12.0,3.0,-12.0,3.0,-12.0,4.0,-12.0,3.0,-12.0,3.0,-12.0,3.0,-13.0,3.0,-13.0,3.0,-13.0,3.0,-13.0,3.0,-13.0,3.0,-13.0,3.0,-13.0,3.0,-13.0,2.0,-13.0,2.0,-13.0,3.0,-13.0,2.0,-14.0
2.7651,122.0,-96.0,7.0,0.0,0.0,0.0,0.0,0.0,0.0,0.0,0.0,0.0,24.0,-8.0,26.0,-10.0,26.0,-10.0,26.0,-11.0,24.0,-11.0,22.0,-10.0,19.0,-9.0,16.0,-7.0,12.0,-4.0,8.0,0.0,4.0,4.0,1.0,8.0,-2.0,13.0,-5.0,17.0,-6.0,21.0,-8.0,24.0,-8.0,27.0,-8.0,29.0,-8.0,31.0,-6.0,30.0,-6.0,29.0,-5.0,26.0,-4.0,23.0,-4.0,18.0,-4.0,13.0,-4.0,8.0
2.7833,122.0,-96.0,7.0,0.0,0.0,0.0,0.0,0.0,0.0,0.0,0.0,0.0,9.0,-11.0,13.0,-14.0,17.0,-16.0,20.0,-19.0,22.0,-21.0,23.0,-24.0,23.0,-25.0,21.0,-26.0,20.0,-25.0,18.0,-23.0,15.0,-19.0,13.0,-15.0,11.0,-11.0,8.0,-5.0,6.0,1.0,6.0,7.0,5.0,13.0,5.0,19.0,6.0,25.0,7.0,28.0,9.0,32.0,10.0,33.0,11.0,33.0,12.0,33.0,13.0,31.0,12.0,28.0
2.7983,122.0,-96.0,7.0,0.0,0.0,0.0,0.0,0.0,0.0,0.0,0.0,0.0,0.0,-12.0,-1.0,-12.0,0.0,-11.0,-1.0,-12.0,-1.0,-12.0,0.0,-13.0,0.0,-13.0,0.0,-13.0,0.0,-13.0,-1.0,-13.0,-1.0,-13.0,0.0,-13.0,-1.0,-13.0,-1.0,-13.0,-1.0,-13.0,-1.0,-13.0,-2.0,-14.0,-1.0,-13.0,-1.0,-13.0,-2.0,-14.0,-2.0,-13.0,-2.0,-14.0,-1.0,-14.0,-2.0,-14.0,-2.0,-14.0,-2.0,-14.0
2.8147,122.0,-96.0,7.0,0.0,0.0,0.0,0.0,0.0,0.0,0.0,0.0,0.0,5.0,-11.0,8.0,-14.0,10.0,-17.0,12.0,-19.0,13.0,-21.0,13.0,-23.0,13.0,-24.0,12.0,-24.0,11.0,-23.0,10.0,-20.0,8.0,-17.0,7.0,-13.0,6.0,-9.0,5.0,-4.0,5.0,1.0,5.0,6.0,6.0,11.0,7.0,16.0,9.0,20.0,10.0,22.0,12.0,25.0,12.0,25.0,13.0,25.0,14.0,23.0,13.0,21.0,12.0,19.0
2.8302,122.0,-96.0,7.0,0.0,0.0,0.0,0.0,0.0,0.0,0.0,0.0,0.0,-3.0,-11.0,-3.0,-11.0,-3.0,-11.0,-4.0,-12.0,-3.0,-12.0,-4.0,-12.0,-4.0,-12.0,-4.0,-12.0,-4.0,-12.0,-4.0,-12.0,-4.0,-12.0,-4.0,-12.0,-4.0,-13.0,-4.0,-12.0,-4.0,-13.0,-4.0,-13.0,-4.0,-13.0,-5.0,-12.0,-5.0,-12.0,-5.0,-13.0,-5.0,-13.0,-5.0,-13.0,-5.0,-13.0,-5.0,-13.0,-5.0,-13.0,-5.0,-13.0
2.8433,122.0,-96.0,7.0,0.0,0.0,0.0,0.0,0.0,0.0,0.0,0.0,0.0,10.0,-21.0,9.0,-19.0,8.0,-16.0,7.0,-13.0,5.0,-9.0,5.0,-4.0,5.0,1.0,6.0,6.0,6.0,10.0,8.0,15.0,8.0,18.0,10.0,20.0,12.0,22.0,13.0,23.0,14.0,23.0,14.0,22.0,14.0,20.0,12.0,18.0,10.0,15.0,7.0,12.0,4.0,9.0,-1.0,6.0,-6.0,4.0,-10.0,1.0,-15.0,-1.0,-20.0,-1.0
2.8571,122.0,-96.0,7.0,0.0,0.0,0.0,0.0,0.0,0.0,0.0,0.0,0.0,7.0,-8.0,7.0,-8.0,7.0,-8.0,8.0,-9.0,7.0,-8.0,8.0,-9.0,8.0,-9.0,8.0,-9.0,8.0,-10.0,8.0,-10.0,8.0,-10.0,8.0,-10.0,8.0,-9.0,8.0,-10.0,8.0,-10.0,8.0,-10.0,8.0,-10.0,8.0,-10.0,8.0,-11.0,8.0,-10.0,8.0,-10.0,8.0,-10.0,8.0,-11.0,8.0,-11.0,8.0,-11.0,8.0,-11.0
2.8709,122.0,-96.0,7.0,0.0,0.0,0.0,0.0,0.0,0.0,0.0,0.0,0.0,-22.0,9.0,-23.0,11.0,-23.0,12.0,-22.0,11.0,-21.0,12.0,-19.0,11.0,-16.0,9.0,-14.0,6.0,-11.0,4.0,-8.0,0.0,-4.0,-4.0,-2.0,-9.0,-1.0,-14.0,1.0,-17.0,2.0,-21.0,3.0,-24.0,3.0,-27.0,3.0,-28.0,2.0,-29.0,1.0,-28.0,1.0,-27.0,0.0,-24.0,-1.0,-21.0,0.0,-16.0,1.0,-11.0,2.0,-7.0
2.887,122.0,-96.0,7.0,0.0,0.0,0.0,0.0,0.0,0.0,0.0,0.0,0.0,-23.0,5.0,-20.0,5.0,-17.0,4.0,-14.0,2.0,-10.0,1.0,-7.0,-3.0,-3.0,-6.0,0.0,-9.0,3.0,-13.0,5.0,-16.0,7.0,-20.0,8.0,-22.0,9.0,-25.0,8.0,-26.0,7.0,-27.0,6.0,-27.0,5.0,-25.0,4.0,-22.0,4.0,-19.0,3.0,-15.0,4.0,-10.0,4.0,-4.0,6.0,0.0,7.0,5.0,9.0,10.0,12.0,14.0
2.901,122.0,-96.0,7.0,0.0,0.0,0.0,0.0,0.0,0.0,0.0,0.0,0.0,-22.0,15.0,-22.0,17.0,-22.0,17.0,-22.0,18.0,-20.0,17.0,-19.0,16.0,-16.0,13.0,-14.0,10.0,-11.0,6.0,-9.0,1.0,-6.0,-3.0,-4.0,-9.0,-3.0,-14.0,-2.0,-19.0,-2.0,-24.0,-1.0,-27.0,-2.0,-30.0,-2.0,-31.0,-4.0,-32.0,-4.0,-31.0,-4.0,-30.0,-5.0,-26.0,-4.0,-23.0,-3.0,-18.0,-1.0,-13.0,1.0,-8.0
2.9137,122.0,-96.0,7.0,0.0,0.0,0.0,0.0,0.0,0.0,0.0,0.0,0.0,18.0,-23.0,16.0,-20.0,14.0,-17.0,11.0,-14.0,9.0,-9.0,7.0,-3.0,6.0,3.0,5.0,9.0,5.0,15.0,5.0,20.0,7.0,24.0,8.0,28.0,9.0,31.0,11.0,32.0,12.0,32.0,13.0,30.0,13.0,28.0,11.0,25.0,10.0,21.0,6.0,17.0,3.0,12.0,-2.0,8.0,-8.0,3.0,-13.0,-1.0,-18.0,-3.0,-24.0,-5.0
2.9284,122.0,-96.0,7.0,0.0,0.0,0.0,0.0,0.0,0.0,0.0,0.0,0.0,-26.0,-4.0,-28.0,-3.0,-28.0,-2.0,-28.0,-2.0,-27.0,-1.0,-24.0,-1.0,-21.0,-1.0,-16.0,-2.0,-12.0,-3.0,-7.0,-5.0,-1.0,-7.0,4.0,-10.0,8.0,-13.0,12.0,-15.0,15.0,-18.0,17.0,-21.0,19.0,-23.0,19.0,-24.0,19.0,-25.0,18.0,-25.0,17.0,-23.0,14.0,-21.0,12.0,-18.0,9.0,-13.0,7.0,-8.0,6.0,-3.0
2.9425,122.0,-96.0,7.0,0.0,0.0,0.0,0.0,0.0,0.0,0.0,0.0,0.0,-14.0,-19.0,-16.0,-20.0,-17.0,-20.0,-17.0,-19.0,-16.0,-18.0,-15.0,-16.0,-13.0,-15.0,-10.0,-12.0,-7.0,-10.0,-2.0,-8.0,2.0,-5.0,7.0,-4.0,12.0,-3.0,16.0,-2.0,20.0,-2.0,23.0,-2.0,25.0,-2.0,27.0,-2.0,28.0,-3.0,27.0,-4.0,26.0,-4.0,23.0,-4.0,20.0,-4.0,15.0,-3.0,11.0,-1.0,7.0,1.0
2.9591,122.0,-96.0,7.0,0.0,0.0,0.0,0.0,0.0,0.0,0.0,0.0,0.0,-11.0,-4.0,-11.0,-4.0,-11.0,-4.0,-11.0,-4.0,-11.0,-4.0,-12.0,-5.0,-11.0,-4.0,-12.0,-3.0,-13.0,-5.0,-12.0,-5.0,-12.0,-4.0,-12.0,-5.0,-12.0,-4.0,-13.0,-4.0,-13.0,-4.0,-12.0,-4.0,-13.0,-3.0,-13.0,-4.0,-13.0,-4.0,-13.0,-3.0,-13.0,-4.0,-13.0,-3.0,-13.0,-4.0,-13.0,-3.0,-13.0,-4.0,-13.0,-3.0
2.9731,122.0,-96.0,7.0,0.0,0.0,0.0,0.0,0.0,0.0,0.0,0.0,0.0,-4.0,-13.0,-3.0,-14.0,-4.0,-15.0,-5.0,-14.0,-4.0,-15.0,-5.0,-15.0,-4.0,-14.0,-5.0,-16.0,-5.0,-16.0,-5.0,-15.0,-5.0,-15.0,-5.0,-15.0,-4.0,-16.0,-4.0,-16.0,-5.0,-16.0,-5.0,-15.0,-5.0,-16.0,-5.0,-16.0,-5.0,-15.0,-5.0,-16.0,-5.0,-16.0,-5.0,-16.0,-6.0,-16.0,-5.0,-17.0,-6.0,-16.0,-6.0,-16.0
2.9868,122.0,-96.0,7.0,0.0,0.0,0.0,0.0,0.0,0.0,0.0,0.0,0.0,-10.0,-9.0,-13.0,-12.0,-15.0,-16.0,-18.0,-18.0,-20.0,-19.0,-22.0,-20.0,-24.0,-19.0,-23.0,-18.0,-23.0,-17.0,-20.0,-15.0,-16.0,-13.0,-13.0,-11.0,-8.0,-9.0,-3.0,-8.0,2.0,-6.0,8.0,-6.0,14.0,-6.0,19.0,-7.0,23.0,-8.0,26.0,-10.0,29.0,-11.0,29.0,-12.0,29.0,-13.0,28.0,-12.0,26.0,-13.0,22.0,-12.0
3.0027,122.0,-96.0,7.0,0.0,0.0,0.0,0.0,0.0,0.0,0.0,0.0,0.0,-16.0,-10.0,-16.0,-10.0,-17.0,-10.0,-17.0,-10.0,-17.0,-10.0,-18.0,-10.0,-18.0,-10.0,-19.0,-10.0,-18.0,-9.0,-19.0,-10.0,-19.0,-10.0,-19.0,-10.0,-19.0,-10.0,-19.0,-10.0,-19.0,-10.0,-20.0,-9.0,-19.0,-9.0,-20.0,-9.0,-20.0,-9.0,-20.0,-9.0,-21.0,-9.0,-21.0,-8.0,-21.0,-8.0,-20.0,-9.0,-21.0,-9.0,-21.0,-9.0
3.018,122.0,-96.0,7.0,0.0,0.0,0.0,0.0,0.0,0.0,0.0,0.0,0.0,-7.0,-12.0,-2.0,-9.0,3.0,-6.0,8.0,-4.0,14.0,-3.0,19.0,-2.0,23.0,-2.0,28.0,-2.0,31.0,-3.0,33.0,-4.0,33.0,-5.0,32.0,-7.0,31.0,-7.0,28.0,-8.0,24.0,-7.0,20.0,-5.0,15.0,-3.0,10.0,1.0,5.0,5.0,0.0,9.0,-4.0,14.0,-7.0,19.0,-9.0,24.0,-10.0,28.0,-11.0,31.0,-11.0,33.0
3.0312,122.0,-96.0,7.0,0.0,0.0,0.0,0.0,0.0,0.0,0.0,0.0,0.0,-6.0,22.0,-5.0,24.0,-5.0,25.0,-4.0,24.0,-3.0,23.0,-3.0,21.0,-3.0,18.0,-3.0,14.0,-3.0,10.0,-5.0,6.0,-6.0,0.0,-8.0,-4.0,-11.0,-8.0,-13.0,-12.0,-15.0,-15.0,-17.0,-17.0,-19.0,-19.0,-20.0,-20.0,-22.0,-20.0,-22.0,-19.0,-21.0,-18.0,-19.0,-15.0,-17.0,-13.0,-13.0,-11.0,-9.0,-9.0,-4.0,-7.0
3.0444,122.0,-96.0,7.0,0.0,0.0,0.0,0.0,0.0,0.0,0.0,0.0,0.0,9.0,-9.0,7.0,-4.0,6.0,2.0,5.0,7.0,5.0,13.0,6.0,19.0,7.0,23.0,9.0,27.0,11.0,29.0,12.0,30.0,13.0,31.0,14.0,29.0,14.0,27.0,14.0,25.0,11.0,21.0,9.0,16.0,5.0,13.0,0.0,9.0,-5.0,6.0,-11.0,2.0,-17.0,0.0,-22.0,-1.0,-27.0,-1.0,-32.0,-1.0,-34.0,0.0,-36.0,1.0
3.0582,122.0,-96.0,7.0,0.0,0.0,0.0,0.0,0.0,0.0,0.0,0.0,0.0,-15.0,-19.0,-17.0,-19.0,-18.0,-20.0,-17.0,-19.0,-17.0,-18.0,-16.0,-16.0,-14.0,-14.0,-11.0,-12.0,-8.0,-10.0,-3.0,-8.0,1.0,-6.0,6.0,-5.0,11.0,-4.0,15.0,-3.0,19.0,-3.0,23.0,-3.0,25.0,-4.0,27.0,-4.0,28.0,-5.0,27.0,-5.0,26.0,-6.0,23.0,-6.0,21.0,-6.0,16.0,-5.0,12.0,-3.0,8.0,0.0
3.0744,122.0,-96.0,7.0,0.0,0.0,0.0,0.0,0.0,0.0,0.0,0.0,0.0,5.0,-10.0,8.0,-13.0,11.0,-15.0,13.0,-18.0,14.0,-20.0,14.0,-22.0,14.0,-23.0,13.0,-23.0,12.0,-22.0,11.0,-20.0,10.0,-18.0,8.0,-14.0,7.0,-11.0,6.0,-6.0,5.0,-1.0,5.0,4.0,6.0,9.0,6.0,14.0,8.0,19.0,9.0,21.0,10.0,24.0,11.0,25.0,13.0,25.0,13.0,24.0,14.0,23.0,13.0,21.0
3.089,122.0,-96.0,7.0,0.0,0.0,0.0,0.0,0.0,0.0,0.0,0.0,0.0,-14.0,-1.0,-14.0,-1.0,-15.0,-1.0,-15.0,-1.0,-15.0,-1.0,-16.0,-1.0,-15.0,-1.0,-16.0,0.0,-16.0,-1.0,-16.0,-1.0,-16.0,-1.0,-16.0,-1.0,-16.0,-1.0,-17.0,-1.0,-16.0,-1.0,-16.0,-1.0,-17.0,0.0,-16.0,0.0,-17.0,-1.0,-17.0,0.0,-17.0,0.0,-17.0,0.0,-17.0,0.0,-17.0,0.0,-17.0,0.0,-17.0,1.0
3.0936,98.0,33.0,22.0,0.0,0.0,0.0,0.0,0.0,0.0,0.0,0.0,0.0,-8.0,-15.0,-11.0,-18.0,-14.0,-19.0,-17.0,-20.0,-18.0,-20.0,-19.0,-20.0,-20.0,-19.0,-20.0,-16.0,-19.0,-14.0,-17.0,-10.0,-14.0,-7.0,-11.0,-4.0,-8.0,0.0,-3.0,4.0,1.0,6.0,7.0,7.0,13.0,9.0,17.0,9.0,23.0,8.0,26.0,8.0,30.0,7.0,31.0,5.0,31.0,4.0,30.0,2.0,27.0,2.0,25.0,0.0
3.1105,122.0,-96.0,7.0,0.0,0.0,0.0,0.0,0.0,0.0,0.0,0.0,0.0,-4.0,-11.0,-4.0,-11.0,-4.0,-11.0,-4.0,-11.0,-4.0,-12.0,-4.0,-12.0,-4.0,-12.0,-4.0,-12.0,-5.0,-12.0,-4.0,-12.0,-5.0,-12.0,-5.0,-12.0,-5.0,-12.0,-5.0,-12.0,-5.0,-12.0,-5.0,-13.0,-5.0,-13.0,-5.0,-12.0,-5.0,-13.0,-5.0,-13.0,-5.0,-13.0,-5.0,-13.0,-6.0,-13.0,-6.0,-13.0,-5.0,-13.0,-6.0,-13.0
3.1239,122.0,-96.0,7.0,0.0,0.0,0.0,0.0,0.0,0.0,0.0,0.0,0.0,5.0,24.0,4.0,22.0,4.0,19.0,2.0,15.0,0.0,11.0,-3.0,7.0,-6.0,3.0,-10.0,-1.0,-14.0,-4.0,-17.0,-7.0,-21.0,-9.0,-24.0,-10.0,-27.0,-11.0,-29.0,-11.0,-30.0,-10.0,-29.0,-9.0,-28.0,-7.0,-25.0,-7.0,-22.0,-5.0,-17.0,-5.0,-12.0,-5.0,-7.0,-6.0,-1.0,-7.0,4.0,-8.0,10.0,-10.0,14.0,-14.0
3.1376,122.0,-96.0,7.0,0.0,0.0,0.0,0.0,0.0,0.0,0.0,0.0,0.0,5.0,-23.0,4.0,-25.0,4.0,-25.0,3.0,-25.0,2.0,-24.0,2.0,-22.0,2.0,-19.0,2.0,-15.0,2.0,-11.0,4.0,-6.0,5.0,-1.0,7.0,4.0,10.0,8.0,12.0,12.0,15.0,15.0,16.0,16.0,18.0,18.0,19.0,19.0,21.0,18.0,20.0,17.0,19.0,16.0,17.0,13.0,14.0,11.0,11.0,9.0,6.0,7.0,1.0,5.0
3.1533,122.0,-96.0,7.0,0.0,0.0,0.0,0.0,0.0,0.0,0.0,0.0,0.0,-4.0,10.0,-3.0,10.0,-4.0,11.0,-4.0,10.0,-4.0,11.0,-4.0,11.0,-4.0,11.0,-4.0,11.0,-4.0,11.0,-4.0,11.0,-4.0,11.0,-4.0,11.0,-4.0,11.0,-3.0,12.0,-4.0,12.0,-3.0,12.0,-4.0,12.0,-3.0,13.0,-3.0,12.0,-3.0,12.0,-4.0,12.0,-3.0,12.0,-3.0,13.0,-3.0,13.0,-3.0,12.0,-3.0,13.0
3.166,122.0,-96.0,7.0,0.0,0.0,0.0,0.0,0.0,0.0,0.0,0.0,0.0,-17.0,20.0,-17.0,22.0,-17.0,23.0,-16.0,22.0,-15.0,21.0,-14.0,19.0,-12.0,16.0,-10.0,12.0,-8.0,8.0,-8.0,3.0,-6.0,-3.0,-6.0,-9.0,-7.0,-14.0,-7.0,-19.0,-8.0,-23.0,-9.0,-26.0,-10.0,-28.0,-11.0,-30.0,-12.0,-29.0,-13.0,-28.0,-12.0,-27.0,-11.0,-23.0,-9.0,-20.0,-6.0,-15.0,-3.0,-11.0,1.0,-7.0
3.1818,122.0,-96.0,7.0,0.0,0.0,0.0,0.0,0.0,0.0,0.0,0.0,0.0,-22.0,14.0,-19.0,13.0,-17.0,11.0,-14.0,8.0,-11.0,5.0,-8.0,1.0,-6.0,-4.0,-3.0,-9.0,-2.0,-14.0,-1.0,-18.0,0.0,-22.0,0.0,-26.0,-1.0,-29.0,-2.0,-30.0,-3.0,-31.0,-4.0,-31.0,-4.0,-29.0,-4.0,-26.0,-4.0,-22.0,-3.0,-18.0,-1.0,-13.0,2.0,-8.0,6.0,-3.0,9.0,1.0,12.0,5.0,17.0,8.0
3.1961,122.0,-96.0,7.0,0.0,0.0,0.0,0.0,0.0,0.0,0.0,0.0,0.0,2.0,-24.0,1.0,-25.0,0.0,-26.0,0.0,-25.0,-1.0,-24.0,-1.0,-22.0,-1.0,-19.0,0.0,-15.0,1.0,-12.0,3.0,-7.0,5.0,-3.0,7.0,2.0,11.0,6.0,13.0,9.0,16.0,12.0,18.0,14.0,20.0,15.0,22.0,16.0,23.0,16.0,23.0,15.0,22.0,14.0,19.0,12.0,17.0,10.0,13.0,8.0,9.0,6.0,4.0,5.0
3.2,98.0,33.0,22.0,0.0,0.0,0.0,0.0,0.0,0.0,0.0,0.0,0.0,-10.0,7.0,-5.0,8.0,0.0,11.0,5.0,13.0,10.0,15.0,14.0,15.0,19.0,17.0,21.0,17.0,25.0,16.0,25.0,15.0,26.0,13.0,25.0,12.0,23.0,8.0,20.0,5.0,18.0,2.0,13.0,0.0,6.0,-2.0,0.0,-3.0,-6.0,-4.0,-13.0,-4.0,-21.0,-3.0,-27.0,-1.0,-32.0,1.0,-36.0,3.0,-39.0,4.0,-40.0,5.0
3.2124,122.0,-96.0,7.0,0.0,0.0,0.0,0.0,0.0,0.0,0.0,0.0,0.0,-2.0,17.0,-2.0,18.0,-1.0,18.0,-2.0,18.0,-2.0,18.0,-1.0,19.0,-1.0,19.0,-1.0,19.0,-1.0,19.0,-1.0,19.0,-1.0,19.0,-1.0,19.0,-1.0,19.0,-1.0,19.0,0.0,20.0,-1.0,19.0,0.0,20.0,0.0,20.0,0.0,20.0,0.0,20.0,0.0,20.0,0.0,20.0,1.0,20.0,1.0,20.0,0.0,20.0,1.0,20.0
3.2246,122.0,-96.0,7.0,0.0,0.0,0.0,0.0,0.0,0.0,0.0,0.0,0.0,12.0,16.0,12.0,15.0,12.0,16.0,12.0,15.0,13.0,16.0,13.0,16.0,13.0,16.0,14.0,16.0,14.0,16.0,14.0,17.0,14.0,16.0,13.0,17.0,14.0,17.0,14.0,17.0,14.0,16.0,14.0,17.0,14.0,16.0,15.0,17.0,14.0,17.0,15.0,16.0,15.0,17.0,15.0,17.0,16.0,17.0,15.0,16.0,15.0,16.0,16.0,16.0
3.2375,122.0,-96.0,7.0,0.0,0.0,0.0,0.0,0.0,0.0,0.0,0.0,0.0,-11.0,0.0,-7.0,-2.0,-3.0,-6.0,1.0,-9.0,4.0,-13.0,6.0,-18.0,7.0,-21.0,8.0,-25.0,9.0,-27.0,8.0,-29.0,7.0,-29.0,6.0,-29.0,5.0,-27.0,3.0,-25.0,3.0,-21.0,3.0,-16.0,3.0,-11.0,5.0,-6.0,7.0,0.0,8.0,5.0,12.0,9.0,14.0,14.0,18.0,16.0,21.0,18.0,23.0,18.0,24.0,19.0
3.2529,122.0,-96.0,7.0,0.0,0.0,0.0,0.0,0.0,0.0,0.0,0.0,0.0,-13.0,-6.0,-13.0,-6.0,-14.0,-5.0,-14.0,-6.0,-14.0,-5.0,-15.0,-6.0,-15.0,-6.0,-15.0,-6.0,-14.0,-6.0,-15.0,-6.0,-15.0,-5.0,-15.0,-6.0,-15.0,-6.0,-15.0,-6.0,-16.0,-5.0,-16.0,-5.0,-16.0,-5.0,-16.0,-5.0,-16.0,-6.0,-16.0,-5.0,-16.0,-5.0,-16.0,-5.0,-16.0,-5.0,-17.0,-4.0,-17.0,-5.0,-17.0,-5.0
3.2689,122.0,-96.0,7.0,0.0,0.0,0.0,0.0,0.0,0.0,0.0,0.0,0.0,-4.0,-23.0,-4.0,-21.0,-4.0,-18.0,-2.0,-14.0,-1.0,-11.0,2.0,-7.0,4.0,-3.0,7.0,0.0,11.0,3.0,15.0,6.0,17.0,8.0,20.0,9.0,23.0,10.0,25.0,10.0,25.0,9.0,25.0,8.0,24.0,6.0,22.0,6.0,18.0,5.0,14.0,4.0,10.0,4.0,5.0,5.0,0.0,6.0,-5.0,7.0,-10.0,8.0,-14.0,10.0
3.2824,122.0,-96.0,7.0,0.0,0.0,0.0,0.0,0.0,0.0,0.0,0.0,0.0,7.0,-12.0,7.0,-12.0,7.0,-12.0,8.0,-13.0,7.0,-13.0,8.0,-13.0,8.0,-13.0,7.0,-14.0,8.0,-14.0,7.0,-14.0,8.0,-14.0,8.0,-14.0,8.0,-14.0,8.0,-14.0,8.0,-15.0,8.0,-14.0,7.0,-14.0,7.0,-15.0,8.0,-15.0,8.0,-15.0,8.0,-15.0,7.0,-15.0,7.0,-15.0,7.0,-15.0,8.0,-15.0,7.0,-16.0
3.2978,122.0,-96.0,7.0,0.0,0.0,0.0,0.0,0.0,0.0,0.0,0.0,0.0,-7.0,-9.0,-2.0,-7.0,3.0,-5.0,8.0,-4.0,13.0,-3.0,18.0,-4.0,21.0,-5.0,25.0,-5.0,27.0,-6.0,28.0,-8.0,28.0,-9.0,27.0,-9.0,25.0,-10.0,22.0,-10.0,18.0,-8.0,15.0,-6.0,11.0,-3.0,7.0,1.0,3.0,6.0,0.0,10.0,-2.0,15.0,-4.0,19.0,-5.0,24.0,-5.0,27.0,-4.0,30.0,-3.0,30.0
3.3121,122.0,-96.0,7.0,0.0,0.0,0.0,0.0,0.0,0.0,0.0,0.0,0.0,11.0,5.0,5.0,5.0,-1.0,6.0,-5.0,7.0,-11.0,10.0,-16.0,12.0,-19.0,15.0,-22.0,18.0,-24.0,21.0,-25.0,22.0,-24.0,24.0,-23.0,24.0,-21.0,23.0,-19.0,22.0,-16.0,18.0,-13.0,14.0,-11.0,9.0,-9.0,4.0,-8.0,-3.0,-7.0,-9.0,-6.0,-16.0,-7.0,-21.0,-9.0,-26.0,-11.0,-29.0,-13.0,-32.0,-14.0,-33.0
3.3271,122.0,-96.0,7.0,0.0,0.0,0.0,0.0,0.0,0.0,0.0,0.0,0.0,-22.0,7.0,-20.0,7.0,-17.0,6.0,-14.0,4.0,-11.0,2.0,-7.0,-1.0,-4.0,-5.0,-1.0,-9.0,1.0,-13.0,3.0,-16.0,4.0,-20.0,5.0,-22.0,5.0,-25.0,4.0,-27.0,4.0,-28.0,3.0,-27.0,2.0,-26.0,1.0,-24.0,1.0,-20.0,1.0,-16.0,2.0,-12.0,3.0,-7.0,5.0,-2.0,7.0,2.0,9.0,7.0,13.0,11.0
3.3418,122.0,-96.0,7.0,0.0,0.0,0.0,0.0,0.0,0.0,0.0,0.0,0.0,-11.0,4.0,-8.0,1.0,-5.0,-4.0,-3.0,-8.0,-1.0,-13.0,-1.0,-18.0,0.0,-22.0,-1.0,-25.0,-1.0,-28.0,-2.0,-30.0,-3.0,-30.0,-4.0,-30.0,-4.0,-28.0,-6.0,-26.0,-5.0,-23.0,-3.0,-18.0,-2.0,-14.0,1.0,-10.0,5.0,-5.0,8.0,-1.0,12.0,3.0,16.0,6.0,20.0,8.0,24.0,9.0,27.0,9.0,29.0,10.0
3.3559,122.0,-96.0,7.0,0.0,0.0,0.0,0.0,0.0,0.0,0.0,0.0,0.0,-10.0,-6.0,-13.0,-8.0,-16.0,-11.0,-19.0,-12.0,-21.0,-13.0,-23.0,-13.0,-24.0,-13.0,-24.0,-12.0,-23.0,-11.0,-21.0,-10.0,-18.0,-9.0,-14.0,-8.0,-11.0,-7.0,-6.0,-6.0,-1.0,-6.0,4.0,-7.0,9.0,-8.0,13.0,-8.0,17.0,-10.0,20.0,-12.0,22.0,-13.0,23.0,-15.0,24.0,-16.0,23.0,-16.0,21.0,-17.0,19.0,-15.0
3.3696,122.0,-96.0,7.0,0.0,0.0,0.0,0.0,0.0,0.0,0.0,0.0,0.0,-21.0,-10.0,-20.0,-9.0,-16.0,-8.0,-13.0,-7.0,-9.0,-6.0,-5.0,-6.0,0.0,-6.0,5.0,-7.0,9.0,-8.0,13.0,-9.0,16.0,-10.0,19.0,-12.0,21.0,-14.0,23.0,-15.0,23.0,-17.0,21.0,-17.0,20.0,-17.0,17.0,-15.0,15.0,-13.0,12.0,-10.0,9.0,-7.0,7.0,-2.0,5.0,2.0,2.0,8.0,1.0,12.0,1.0,17.0
3.3835,122.0,-96.0,7.0,0.0,0.0,0.0,0.0,0.0,0.0,0.0,0.0,0.0,-12.0,2.0,-8.0,-1.0,-4.0,-5.0,-1.0,-8.0,2.0,-13.0,4.0,-17.0,5.0,-21.0,7.0,-24.0,7.0,-28.0,6.0,-29.0,5.0,-30.0,4.0,-29.0,4.0,-28.0,2.0,-27.0,2.0,-22.0,2.0,-19.0,2.0,-13.0,4.0,-9.0,5.0,-3.0,7.0,2.0,10.0,7.0,13.0,11.0,17.0,14.0,20.0,16.0,22.0,18.0,24.0,18.0
3.4009,122.0,-96.0,7.0,0.0,0.0,0.0,0.0,0.0,0.0,0.0,0.0,0.0,-10.0,-8.0,-10.0,-8.0,-10.0,-7.0,-10.0,-8.0,-11.0,-8.0,-11.0,-8.0,-11.0,-8.0,-12.0,-8.0,-12.0,-8.0,-11.0,-8.0,-12.0,-8.0,-12.0,-8.0,-11.0,-8.0,-12.0,-8.0,-13.0,-8.0,-12.0,-8.0,-12.0,-8.0,-13.0,-8.0,-13.0,-7.0,-12.0,-7.0,-13.0,-7.0,-13.0,-7.0,-14.0,-7.0,-13.0,-7.0,-13.0,-7.0,-13.0,-7.0
3.4151,122.0,-96.0,7.0,0.0,0.0,0.0,0.0,0.0,0.0,0.0,0.0,0.0,0.0,13.0,1.0,13.0,0.0,13.0,1.0,13.0,0.0,14.0,1.0,14.0,0.0,14.0,1.0,14.0,0.0,14.0,1.0,15.0,1.0,15.0,1.0,15.0,1.0,15.0,1.0,15.0,1.0,15.0,1.0,15.0,2.0,15.0,2.0,15.0,2.0,15.0,2.0,15.0,2.0,15.0,2.0,15.0,2.0,15.0,2.0,16.0,2.0,15.0,2.0,16.0
3.428,122.0,-96.0,7.0,0.0,0.0,0.0,0.0,0.0,0.0,0.0,0.0,0.0,-1.0,10.0,-3.0,6.0,-6.0,2.0,-9.0,-3.0,-12.0,-6.0,-16.0,-9.0,-20.0,-11.0,-23.0,-12.0,-25.0,-13.0,-27.0,-13.0,-28.0,-12.0,-28.0,-11.0,-26.0,-10.0,-25.0,-7.0,-21.0,-7.0,-17.0,-6.0,-12.0,-6.0,-7.0,-6.0,-1.0,-7.0,4.0,-8.0,10.0,-10.0,14.0,-12.0,18.0,-16.0,20.0,-18.0,21.0,-20.0,22.0,-22.0
3.4415,122.0,-96.0,7.0,0.0,0.0,0.0,0.0,0.0,0.0,0.0,0.0,0.0,-12.0,4.0,-8.0,0.0,-5.0,-5.0,-2.0,-10.0,0.0,-16.0,1.0,-21.0,2.0,-26.0,2.0,-29.0,1.0,-32.0,1.0,-34.0,0.0,-34.0,-2.0,-33.0,-2.0,-31.0,-3.0,-28.0,-2.0,-24.0,-1.0,-19.0,1.0,-14.0,4.0,-8.0,8.0,-2.0,11.0,3.0,15.0,7.0,19.0,11.0,24.0,13.0,28.0,14.0,30.0,14.0,32.0,14.0
3.4573,122.0,-96.0,7.0,0.0,0.0,0.0,0.0,0.0,0.0,0.0,0.0,0.0,-9.0,-22.0,-8.0,-20.0,-7.0,-17.0,-5.0,-14.0,-3.0,-11.0,1.0,-7.0,4.0,-4.0,8.0,-1.0,12.0,2.0,16.0,3.0,19.0,4.0,22.0,5.0,25.0,5.0,26.0,4.0,27.0,4.0,26.0,2.0,24.0,2.0,22.0,1.0,18.0,1.0,14.0,1.0,9.0,2.0,4.0,4.0,-1.0,6.0,-5.0,8.0,-9.0,10.0,-13.0,14.0
3.471,122.0,-96.0,7.0,0.0,0.0,0.0,0.0,0.0,0.0,0.0,0.0,0.0,12.0,18.0,11.0,17.0,10.0,14.0,7.0,12.0,4.0,9.0,0.0,6.0,-4.0,4.0,-8.0,2.0,-13.0,1.0,-17.0,0.0,-20.0,-1.0,-23.0,-1.0,-26.0,0.0,-27.0,1.0,-28.0,2.0,-27.0,2.0,-26.0,3.0,-23.0,3.0,-20.0,3.0,-16.0,2.0,-12.0,0.0,-8.0,-2.0,-4.0,-6.0,1.0,-9.0,4.0,-12.0,7.0,-16.0
3.4853,122.0,-96.0,7.0,0.0,0.0,0.0,0.0,0.0,0.0,0.0,0.0,0.0,10.0,4.0,14.0,6.0,17.0,8.0,19.0,9.0,22.0,10.0,24.0,10.0,24.0,9.0,24.0,8.0,23.0,7.0,20.0,6.0,17.0,6.0,13.0,5.0,9.0,4.0,4.0,5.0,-1.0,5.0,-6.0,6.0,-11.0,8.0,-15.0,10.0,-18.0,13.0,-20.0,15.0,-22.0,17.0,-22.0,18.0,-22.0,19.0,-21.0,18.0,-19.0,18.0,-16.0,16.0
3.5034,122.0,-96.0,7.0,0.0,0.0,0.0,0.0,0.0,0.0,0.0,0.0,0.0,-19.0,-9.0,-19.0,-9.0,-19.0,-9.0,-20.0,-9.0,-20.0,-9.0,-21.0,-9.0,-21.0,-9.0,-21.0,-9.0,-21.0,-9.0,-21.0,-9.0,-21.0,-9.0,-21.0,-9.0,-22.0,-9.0,-22.0,-9.0,-22.0,-9.0,-22.0,-9.0,-22.0,-9.0,-22.0,-9.0,-22.0,-9.0,-23.0,-9.0,-23.0,-9.0,-22.0,-9.0,-23.0,-9.0,-23.0,-8.0,-22.0,-9.0,-23.0,-8.0
3.5178,122.0,-96.0,7.0,0.0,0.0,0.0,0.0,0.0,0.0,0.0,0.0,0.0,2.0,10.0,3.0,10.0,2.0,10.0,3.0,10.0,3.0,11.0,3.0,11.0,3.0,11.0,4.0,11.0,4.0,11.0,3.0,11.0,3.0,11.0,4.0,11.0,4.0,11.0,4.0,11.0,4.0,11.0,4.0,11.0,4.0,12.0,4.0,11.0,4.0,11.0,4.0,11.0,4.0,11.0,4.0,12.0,5.0,11.0,5.0,12.0,5.0,11.0,5.0,12.0
3.5336,122.0,-96.0,7.0,0.0,0.0,0.0,0.0,0.0,0.0,0.0,0.0,0.0,-22.0,-7.0,-22.0,-7.0,-23.0,-7.0,-23.0,-7.0,-23.0,-7.0,-23.0,-7.0,-24.0,-7.0,-24.0,-7.0,-24.0,-7.0,-25.0,-7.0,-24.0,-7.0,-24.0,-7.0,-25.0,-7.0,-25.0,-7.0,-25.0,-7.0,-25.0,-7.0,-25.0,-7.0,-25.0,-7.0,-25.0,-7.0,-26.0,-6.0,-26.0,-7.0,-26.0,-7.0,-26.0,-7.0,-26.0,-6.0,-26.0,-6.0,-26.0,-6.0
3.549,122.0,-96.0,7.0,0.0,0.0,0.0,0.0,0.0,0.0,0.0,0.0,0.0,-13.0,-6.0,-13.0,-6.0,-14.0,-5.0,-14.0,-6.0,-14.0,-6.0,-15.0,-6.0,-14.0,-6.0,-15.0,-5.0,-15.0,-6.0,-15.0,-6.0,-15.0,-6.0,-15.0,-6.0,-15.0,-6.0,-16.0,-5.0,-16.0,-5.0,-16.0,-6.0,-15.0,-5.0,-16.0,-5.0,-16.0,-5.0,-16.0,-5.0,-16.0,-5.0,-16.0,-5.0,-17.0,-5.0,-16.0,-4.0,-17.0,-4.0,-17.0,-5.0
3.563,122.0,-96.0,7.0,0.0,0.0,0.0,0.0,0.0,0.0,0.0,0.0,0.0,-7.0,8.0,-10.0,11.0,-13.0,14.0,-14.0,16.0,-15.0,18.0,-16.0,20.0,-16.0,21.0,-15.0,21.0,-14.0,20.0,-13.0,18.0,-11.0,15.0,-10.0,12.0,-8.0,8.0,-7.0,3.0,-6.0,-1.0,-6.0,-7.0,-6.0,-12.0,-6.0,-16.0,-8.0,-21.0,-9.0,-24.0,-10.0,-26.0,-10.0,-26.0,-12.0,-27.0,-13.0,-26.0,-13.0,-24.0,-12.0,-22.0
3.578,122.0,-96.0,7.0,0.0,0.0,0.0,0.0,0.0,0.0,0.0,0.0,0.0,-23.0,0.0,-21.0,0.0,-18.0,0.0,-15.0,-1.0,-11.0,-2.0,-7.0,-4.0,-3.0,-6.0,1.0,-8.0,5.0,-11.0,8.0,-14.0,11.0,-17.0,12.0,-19.0,13.0,-22.0,13.0,-24.0,13.0,-25.0,12.0,-25.0,11.0,-24.0,9.0,-21.0,8.0,-18.0,6.0,-15.0,6.0,-10.0,5.0,-5.0,5.0,0.0,6.0,5.0,6.0,10.0,8.0,14.0
3.5917,122.0,-96.0,7.0,0.0,0.0,0.0,0.0,0.0,0.0,0.0,0.0,0.0,-13.0,2.0,-18.0,2.0,-21.0,2.0,-24.0,2.0,-27.0,3.0,-29.0,4.0,-29.0,5.0,-29.0,6.0,-27.0,6.0,-24.0,5.0,-20.0,4.0,-17.0,2.0,-12.0,0.0,-7.0,-3.0,-3.0,-6.0,0.0,-10.0,4.0,-15.0,7.0,-18.0,9.0,-23.0,10.0,-26.0,10.0,-29.0,10.0,-30.0,9.0,-31.0,8.0,-30.0,6.0,-28.0,5.0,-26.0
3.6057,122.0,-96.0,7.0,0.0,0.0,0.0,0.0,0.0,0.0,0.0,0.0,0.0,-11.0,3.0,-12.0,3.0,-11.0,4.0,-11.0,4.0,-11.0,4.0,-11.0,4.0,-11.0,3.0,-12.0,5.0,-12.0,4.0,-12.0,4.0,-12.0,4.0,-12.0,4.0,-12.0,4.0,-12.0,4.0,-12.0,5.0,-12.0,4.0,-12.0,5.0,-12.0,5.0,-12.0,5.0,-12.0,5.0,-12.0,5.0,-12.0,5.0,-12.0,6.0,-13.0,5.0,-13.0,5.0,-13.0,6.0
3.6197,122.0,-96.0,7.0,0.0,0.0,0.0,0.0,0.0,0.0,0.0,0.0,0.0,-23.0,13.0,-24.0,14.0,-24.0,15.0,-24.0,15.0,-22.0,15.0,-20.0,13.0,-17.0,11.0,-15.0,8.0,-11.0,5.0,-9.0,1.0,-6.0,-4.0,-3.0,-9.0,-2.0,-14.0,0.0,-19.0,1.0,-23.0,1.0,-26.0,1.0,-29.0,1.0,-31.0,0.0,-32.0,-1.0,-31.0,-1.0,-30.0,-2.0,-26.0,-2.0,-23.0,-1.0,-18.0,0.0,-13.0,2.0,-8.0
3.6341,122.0,-96.0,7.0,0.0,0.0,0.0,0.0,0.0,0.0,0.0,0.0,0.0,-19.0,12.0,-18.0,11.0,-15.0,10.0,-12.0,7.0,-10.0,4.0,-8.0,0.0,-5.0,-4.0,-3.0,-8.0,-2.0,-12.0,-1.0,-17.0,-1.0,-20.0,-1.0,-23.0,-2.0,-26.0,-3.0,-27.0,-3.0,-28.0,-4.0,-27.0,-5.0,-26.0,-4.0,-23.0,-4.0,-20.0,-3.0,-16.0,-1.0,-12.0,1.0,-8.0,5.0,-3.0,8.0,0.0,11.0,4.0,16.0,7.0
3.6473,122.0,-96.0,7.0,0.0,0.0,0.0,0.0,0.0,0.0,0.0,0.0,0.0,18.0,-15.0,16.0,-13.0,14.0,-12.0,11.0,-9.0,8.0,-6.0,6.0,-2.0,4.0,2.0,3.0,7.0,1.0,12.0,1.0,16.0,1.0,19.0,1.0,22.0,1.0,25.0,2.0,26.0,3.0,27.0,4.0,26.0,4.0,25.0,4.0,22.0,3.0,19.0,2.0,15.0,0.0,11.0,-2.0,7.0,-6.0,2.0,-9.0,-2.0,-12.0,-5.0,-16.0,-8.0
3.6601,122.0,-96.0,7.0,0.0,0.0,0.0,0.0,0.0,0.0,0.0,0.0,0.0,19.0,-17.0,17.0,-15.0,15.0,-12.0,12.0,-10.0,9.0,-6.0,7.0,-1.0,4.0,3.0,2.0,8.0,1.0,14.0,1.0,18.0,1.0,21.0,1.0,25.0,2.0,28.0,3.0,30.0,4.0,30.0,5.0,29.0,5.0,27.0,4.0,24.0,4.0,20.0,2.0,15.0,0.0,11.0,-3.0,6.0,-7.0,1.0,-11.0,-3.0,-15.0,-6.0,-19.0,-9.0
3.6738,122.0,-96.0,7.0,0.0,0.0,0.0,0.0,0.0,0.0,0.0,0.0,0.0,-15.0,-3.0,-19.0,-5.0,-23.0,-7.0,-27.0,-8.0,-30.0,-8.0,-32.0,-8.0,-33.0,-7.0,-33.0,-6.0,-31.0,-5.0,-28.0,-4.0,-23.0,-4.0,-18.0,-4.0,-13.0,-5.0,-7.0,-6.0,-1.0,-7.0,5.0,-10.0,10.0,-13.0,15.0,-16.0,19.0,-20.0,21.0,-23.0,23.0,-25.0,24.0,-27.0,23.0,-28.0,21.0,-27.0,19.0,-26.0,16.0,-24.0
3.6864,122.0,-96.0,7.0,0.0,0.0,0.0,0.0,0.0,0.0,0.0,0.0,0.0,-6.0,-12.0,-7.0,-16.0,-8.0,-20.0,-8.0,-23.0,-10.0,-25.0,-12.0,-27.0,-12.0,-27.0,-14.0,-27.0,-13.0,-25.0,-12.0,-22.0,-10.0,-19.0,-8.0,-16.0,-5.0,-12.0,-1.0,-9.0,3.0,-5.0,8.0,-3.0,13.0,0.0,18.0,2.0,23.0,3.0,26.0,3.0,29.0,3.0,31.0,3.0,31.0,1.0,30.0,0.0,29.0,-1.0,26.0,-1.0
3.7007,122.0,-96.0,7.0,0.0,0.0,0.0,0.0,0.0,0.0,0.0,0.0,0.0,3.0,10.0,3.0,10.0,3.0,11.0,3.0,10.0,3.0,11.0,3.0,11.0,3.0,11.0,4.0,11.0,4.0,11.0,3.0,11.0,3.0,12.0,3.0,11.0,4.0,12.0,4.0,12.0,4.0,11.0,4.0,12.0,4.0,12.0,4.0,11.0,4.0,12.0,5.0,12.0,4.0,12.0,5.0,12.0,5.0,12.0,5.0,12.0,5.0,12.0,5.0,12.0
3.714,122.0,-96.0,7.0,0.0,0.0,0.0,0.0,0.0,0.0,0.0,0.0,0.0,10.0,3.0,5.0,4.0,0.0,5.0,-4.0,7.0,-9.0,9.0,-13.0,12.0,-16.0,15.0,-18.0,18.0,-20.0,20.0,-19.0,21.0,-19.0,23.0,-18.0,23.0,-16.0,22.0,-14.0,21.0,-12.0,18.0,-10.0,13.0,-9.0,9.0,-8.0,4.0,-7.0,-2.0,-6.0,-7.0,-7.0,-13.0,-8.0,-18.0,-10.0,-22.0,-12.0,-25.0,-14.0,-27.0,-15.0,-28.0
3.728,122.0,-96.0,7.0,0.0,0.0,0.0,0.0,0.0,0.0,0.0,0.0,0.0,7.0,21.0,7.0,19.0,6.0,16.0,4.0,13.0,2.0,10.0,-1.0,6.0,-5.0,3.0,-9.0,0.0,-13.0,-2.0,-16.0,-4.0,-19.0,-6.0,-22.0,-7.0,-25.0,-7.0,-27.0,-7.0,-28.0,-6.0,-27.0,-5.0,-26.0,-4.0,-23.0,-3.0,-20.0,-3.0,-16.0,-3.0,-11.0,-4.0,-7.0,-5.0,-2.0,-6.0,3.0,-8.0,8.0,-10.0,11.0,-13.0
3.7312,-63.0,16.0,12.0,0.0,0.0,0.0,0.0,0.0,0.0,0.0,0.0,0.0,3.0,-4.0,4.0,-6.0,0.0,-7.0,-8.0,-11.0,-1.0,-4.0,-3.0,-17.0,-2.0,-4.0,5.0,-4.0,-5.0,-13.0,-14.0,-9.0,-7.0,-6.0,-4.0,-12.0,-7.0,-7.0,-14.0,-14.0,0.0,-14.0,3.0,-11.0,2.0,-11.0,0.0,-5.0,-3.0,0.0,2.0,1.0,-2.0,2.0,-13.0,5.0,-21.0,9.0,-17.0,15.0,-19.0,16.0,-22.0,10.0
3.7346,-63.0,16.0,12.0,0.0,0.0,0.0,0.0,0.0,0.0,0.0,0.0,0.0,2.0,3.0,0.0,5.0,6.0,7.0,8.0,-1.0,9.0,-1.0,3.0,6.0,8.0,-2.0,0.0,-13.0,7.0,-3.0,13.0,3.0,9.0,-4.0,13.0,-5.0,14.0,5.0,12.0,1.0,16.0,0.0,4.0,7.0,4.0,-6.0,-3.0,-1.0,1.0,4.0,-1.0,-6.0,-3.0,-5.0,-12.0,-15.0,-6.0,-10.0,-11.0,-18.0,-10.0,-22.0,-10.0,-23.0
3.7517,122.0,-96.0,7.0,0.0,0.0,0.0,0.0,0.0,0.0,0.0,0.0,0.0,3.0,10.0,0.0,7.0,-4.0,3.0,-9.0,1.0,-13.0,-1.0,-18.0,-2.0,-22.0,-2.0,-26.0,-2.0,-29.0,-2.0,-30.0,-1.0,-30.0,0.0,-29.0,1.0,-28.0,1.0,-26.0,2.0,-22.0,2.0,-18.0,1.0,-13.0,-1.0,-8.0,-3.0,-3.0,-7.0,1.0,-9.0,5.0,-13.0,8.0,-17.0,10.0,-21.0,12.0,-25.0,12.0,-27.0,12.0,-29.0
3.7616,122.0,-96.0,7.0,0.0,0.0,0.0,0.0,0.0,0.0,0.0,0.0,0.0,19.0,12.0,19.0,12.0,19.0,12.0,19.0,12.0,19.0,12.0,20.0,12.0,20.0,12.0,21.0,12.0,21.0,12.0,21.0,12.0,21.0,13.0,20.0,13.0,21.0,13.0,21.0,12.0,22.0,12.0,22.0,12.0,22.0,12.0,22.0,12.0,22.0,12.0,23.0,12.0,23.0,12.0,22.0,11.0,23.0,12.0,23.0,12.0,22.0,12.0,23.0,11.0
3.775,122.0,-96.0,7.0,0.0,0.0,0.0,0.0,0.0,0.0,0.0,0.0,0.0,6.0,9.0,6.0,8.0,7.0,9.0,7.0,9.0,6.0,9.0,7.0,9.0,7.0,9.0,7.0,9.0,7.0,9.0,7.0,9.0,7.0,9.0,7.0,10.0,8.0,9.0,8.0,10.0,7.0,9.0,8.0,9.0,8.0,10.0,8.0,9.0,8.0,9.0,8.0,9.0,9.0,10.0,8.0,10.0,9.0,10.0,8.0,9.0,9.0,9.0,9.0,9.0
3.7891,122.0,-96.0,7.0,0.0,0.0,0.0,0.0,0.0,0.0,0.0,0.0,0.0,21.0,-9.0,22.0,-10.0,23.0,-11.0,22.0,-11.0,21.0,-11.0,19.0,-10.0,16.0,-9.0,13.0,-6.0,10.0,-4.0,7.0,0.0,3.0,3.0,1.0,7.0,-2.0,12.0,-4.0,15.0,-5.0,19.0,-6.0,22.0,-7.0,24.0,-7.0,26.0,-6.0,27.0,-5.0,26.0,-5.0,26.0,-4.0,23.0,-3.0,20.0,-3.0,15.0,-3.0,11.0,-4.0,6.0
3.8034,122.0,-96.0,7.0,0.0,0.0,0.0,0.0,0.0,0.0,0.0,0.0,0.0,-13.0,4.0,-14.0,5.0,-13.0,4.0,-14.0,5.0,-14.0,5.0,-14.0,5.0,-14.0,5.0,-15.0,6.0,-15.0,5.0,-14.0,5.0,-15.0,5.0,-15.0,6.0,-16.0,6.0,-15.0,6.0,-15.0,6.0,-15.0,6.0,-16.0,6.0,-15.0,7.0,-16.0,6.0,-15.0,7.0,-15.0,7.0,-15.0,7.0,-15.0,7.0,-15.0,7.0,-15.0,7.0,-16.0,7.0
3.8182,122.0,-96.0,7.0,0.0,0.0,0.0,0.0,0.0,0.0,0.0,0.0,0.0,8.0,-22.0,8.0,-24.0,8.0,-25.0,7.0,-24.0,6.0,-23.0,6.0,-21.0,5.0,-19.0,5.0,-16.0,4.0,-11.0,5.0,-6.0,5.0,-2.0,6.0,3.0,8.0,8.0,9.0,12.0,10.0,16.0,12.0,19.0,14.0,20.0,15.0,22.0,16.0,22.0,16.0,22.0,16.0,21.0,15.0,18.0,13.0,16.0,10.0,13.0,7.0,10.0,3.0,7.0
3.8321,122.0,-96.0,7.0,0.0,0.0,0.0,0.0,0.0,0.0,0.0,0.0,0.0,-24.0,3.0,-25.0,4.0,-25.0,5.0,-24.0,5.0,-23.0,5.0,-21.0,5.0,-18.0,4.0,-15.0,2.0,-11.0,0.0,-7.0,-3.0,-3.0,-6.0,1.0,-9.0,4.0,-13.0,7.0,-16.0,8.0,-20.0,10.0,-22.0,10.0,-25.0,11.0,-26.0,10.0,-27.0,9.0,-26.0,8.0,-25.0,7.0,-22.0,6.0,-19.0,5.0,-14.0,4.0,-9.0,4.0,-4.0
3.8465,102.0,96.0,6.0,0.0,0.0,0.0,0.0,0.0,0.0,0.0,0.0,0.0,-12.0,-5.0,-7.0,-6.0,-1.0,-7.0,5.0,-9.0,10.0,-11.0,15.0,-14.0,18.0,-17.0,21.0,-19.0,23.0,-22.0,23.0,-24.0,23.0,-25.0,21.0,-25.0,20.0,-24.0,17.0,-23.0,15.0,-20.0,12.0,-15.0,10.0,-10.0,8.0,-4.0,7.0,2.0,5.0,8.0,6.0,14.0,6.0,20.0,8.0,25.0,10.0,28.0,11.0,31.0,13.0,32.0
3.8586,98.0,32.0,6.0,0.0,0.0,0.0,0.0,0.0,0.0,0.0,0.0,0.0,2.0,17.0,2.0,18.0,3.0,18.0,3.0,18.0,3.0,18.0,3.0,19.0,3.0,18.0,4.0,19.0,4.0,19.0,3.0,19.0,3.0,19.0,3.0,19.0,3.0,19.0,4.0,19.0,4.0,20.0,3.0,19.0,4.0,20.0,4.0,19.0,4.0,19.0,4.0,19.0,5.0,20.0,4.0,20.0,5.0,19.0,4.0,19.0,4.0,19.0,5.0,20.0
3.8701,122.0,-96.0,7.0,0.0,0.0,0.0,0.0,0.0,0.0,0.0,0.0,0.0,18.0,5.0,19.0,5.0,19.0,5.0,20.0,5.0,19.0,5.0,20.0,5.0,20.0,4.0,21.0,5.0,20.0,5.0,21.0,5.0,21.0,5.0,20.0,5.0,21.0,5.0,21.0,5.0,22.0,5.0,21.0,4.0,22.0,5.0,21.0,5.0,22.0,5.0,22.0,4.0,22.0,5.0,22.0,5.0,22.0,4.0,22.0,4.0,22.0,4.0,23.0,4.0
3.8866,122.0,-96.0,7.0,0.0,0.0,0.0,0.0,0.0,0.0,0.0,0.0,0.0,-9.0,-13.0,-3.0,-9.0,3.0,-7.0,10.0,-6.0,16.0,-4.0,23.0,-4.0,28.0,-5.0,32.0,-6.0,36.0,-8.0,37.0,-9.0,38.0,-10.0,37.0,-11.0,35.0,-12.0,31.0,-13.0,27.0,-10.0,21.0,-7.0,16.0,-4.0,10.0,0.0,5.0,6.0,0.0,11.0,-3.0,18.0,-6.0,24.0,-8.0,30.0,-8.0,35.0,-8.0,38.0,-7.0,41.0
3.9,122.0,-96.0,7.0,0.0,0.0,0.0,0.0,0.0,0.0,0.0,0.0,0.0,-21.0,-11.0,-23.0,-11.0,-23.0,-11.0,-23.0,-11.0,-22.0,-9.0,-21.0,-9.0,-18.0,-8.0,-14.0,-7.0,-10.0,-6.0,-5.0,-6.0,0.0,-6.0,5.0,-7.0,10.0,-8.0,14.0,-9.0,17.0,-10.0,20.0,-12.0,22.0,-13.0,23.0,-14.0,24.0,-15.0,23.0,-16.0,22.0,-15.0,19.0,-14.0,16.0,-12.0,13.0,-9.0,9.0,-6.0,7.0,-2.0
3.9137,122.0,-96.0,7.0,0.0,0.0,0.0,0.0,0.0,0.0,0.0,0.0,0.0,3.0,-26.0,2.0,-28.0,2.0,-29.0,1.0,-28.0,0.0,-27.0,0.0,-25.0,0.0,-21.0,1.0,-17.0,2.0,-13.0,3.0,-8.0,5.0,-3.0,8.0,2.0,11.0,7.0,13.0,11.0,17.0,14.0,19.0,17.0,21.0,18.0,23.0,20.0,24.0,19.0,24.0,18.0,23.0,17.0,21.0,15.0,18.0,12.0,14.0,10.0,9.0,8.0,4.0,6.0
3.9262,122.0,-96.0,7.0,0.0,0.0,0.0,0.0,0.0,0.0,0.0,0.0,0.0,7.0,9.0,2.0,6.0,-3.0,5.0,-9.0,5.0,-15.0,4.0,-20.0,5.0,-24.0,7.0,-28.0,8.0,-31.0,10.0,-32.0,11.0,-32.0,12.0,-31.0,12.0,-29.0,12.0,-26.0,12.0,-22.0,10.0,-17.0,7.0,-13.0,3.0,-9.0,-1.0,-5.0,-7.0,-2.0,-12.0,0.0,-18.0,2.0,-23.0,2.0,-28.0,2.0,-32.0,2.0,-35.0,1.0,-36.0
3.9404,122.0,-96.0,7.0,0.0,0.0,0.0,0.0,0.0,0.0,0.0,0.0,0.0,6.0,8.0,6.0,9.0,6.0,9.0,7.0,9.0,7.0,8.0,7.0,9.0,7.0,9.0,7.0,9.0,7.0,9.0,7.0,9.0,7.0,9.0,7.0,10.0,7.0,9.0,8.0,9.0,8.0,9.0,8.0,9.0,8.0,9.0,8.0,9.0,8.0,9.0,8.0,10.0,8.0,10.0,8.0,9.0,9.0,9.0,9.0,9.0,9.0,9.0,9.0,9.0
3.9553,122.0,-96.0,7.0,0.0,0.0,0.0,0.0,0.0,0.0,0.0,0.0,0.0,25.0,-13.0,23.0,-13.0,20.0,-11.0,16.0,-8.0,13.0,-5.0,9.0,-1.0,5.0,4.0,2.0,8.0,-1.0,14.0,-3.0,19.0,-5.0,23.0,-5.0,27.0,-5.0,31.0,-5.0,33.0,-4.0,34.0,-3.0,33.0,-2.0,32.0,-2.0,29.0,-1.0,25.0,-2.0,21.0,-3.0,15.0,-5.0,9.0,-7.0,3.0,-9.0,-2.0,-12.0,-8.0,-17.0,-13.0
3.9693,122.0,-96.0,7.0,0.0,0.0,0.0,0.0,0.0,0.0,0.0,0.0,0.0,-8.0,8.0,-8.0,8.0,-8.0,8.0,-8.0,8.0,-8.0,8.0,-8.0,8.0,-8.0,9.0,-8.0,10.0,-8.0,9.0,-8.0,10.0,-8.0,9.0,-8.0,10.0,-8.0,10.0,-8.0,10.0,-8.0,10.0,-8.0,10.0,-8.0,10.0,-8.0,10.0,-8.0,11.0,-8.0,10.0,-8.0,11.0,-8.0,11.0,-7.0,11.0,-8.0,11.0,-8.0,11.0,-8.0,11.0
3.983,122.0,-96.0,7.0,0.0,0.0,0.0,0.0,0.0,0.0,0.0,0.0,0.0,6.0,-25.0,5.0,-23.0,4.0,-20.0,4.0,-16.0,4.0,-12.0,4.0,-7.0,6.0,-2.0,7.0,3.0,9.0,8.0,11.0,13.0,13.0,16.0,15.0,19.0,18.0,21.0,20.0,22.0,21.0,22.0,21.0,21.0,20.0,20.0,19.0,18.0,16.0,15.0,13.0,13.0,9.0,10.0,4.0,8.0,-1.0,6.0,-7.0,4.0,-12.0,3.0,-18.0,3.0
3.997,122.0,-96.0,7.0,0.0,0.0,0.0,0.0,0.0,0.0,0.0,0.0,0.0,-14.0,25.0,-12.0,23.0,-11.0,20.0,-9.0,15.0,-8.0,11.0,-7.0,5.0,-7.0,-1.0,-8.0,-7.0,-9.0,-12.0,-10.0,-17.0,-12.0,-22.0,-13.0,-25.0,-16.0,-28.0,-18.0,-29.0,-19.0,-30.0,-19.0,-29.0,-19.0,-27.0,-18.0,-24.0,-16.0,-21.0,-13.0,-18.0,-8.0,-14.0,-4.0,-10.0,2.0,-8.0,7.0,-5.0,13.0,-2.0,20.0,-1.0
4.002,98.0,33.0,22.0,0.0,0.0,0.0,0.0,0.0,0.0,0.0,0.0,0.0,3.0,2.0,12.0,0.0,8.0,-6.0,5.0,-7.0,2.0,-12.0,2.0,-19.0,2.0,-23.0,0.0,-23.0,-3.0,-26.0,-4.0,-27.0,-5.0,-26.0,-7.0,-24.0,-8.0,-22.0,-8.0,-18.0,-8.0,-15.0,-8.0,-10.0,-6.0,-5.0,-3.0,1.0,-1.0,6.0,4.0,11.0,8.0,16.0,11.0,19.0,15.0,22.0,20.0,25.0,22.0,27.0,23.0,27.0
4.016,122.0,-96.0,7.0,0.0,0.0,0.0,0.0,0.0,0.0,0.0,0.0,0.0,-11.0,-21.0,-12.0,-22.0,-13.0,-22.0,-13.0,-21.0,-13.0,-20.0,-12.0,-18.0,-10.0,-16.0,-7.0,-13.0,-5.0,-10.0,-1.0,-8.0,4.0,-5.0,8.0,-2.0,13.0,-1.0,17.0,1.0,21.0,1.0,23.0,2.0,26.0,2.0,27.0,2.0,27.0,0.0,27.0,0.0,25.0,0.0,22.0,-1.0,19.0,-1.0,14.0,0.0,9.0,1.0,5.0,3.0
4.0292,122.0,-96.0,7.0,0.0,0.0,0.0,0.0,0.0,0.0,0.0,0.0,0.0,9.0,-25.0,9.0,-26.0,8.0,-28.0,7.0,-27.0,6.0,-26.0,6.0,-24.0,5.0,-20.0,5.0,-17.0,5.0,-12.0,5.0,-6.0,6.0,-1.0,7.0,4.0,9.0,10.0,11.0,14.0,13.0,17.0,15.0,20.0,17.0,22.0,18.0,24.0,20.0,23.0,20.0,23.0,19.0,21.0,17.0,19.0,15.0,16.0,11.0,13.0,7.0,10.0,2.0,7.0
4.0437,122.0,-96.0,7.0,0.0,0.0,0.0,0.0,0.0,0.0,0.0,0.0,0.0,17.0,15.0,19.0,16.0,20.0,15.0,19.0,14.0,18.0,13.0,17.0,12.0,14.0,10.0,11.0,9.0,7.0,7.0,2.0,6.0,-3.0,5.0,-8.0,4.0,-13.0,4.0,-17.0,4.0,-21.0,5.0,-24.0,5.0,-26.0,6.0,-27.0,7.0,-27.0,8.0,-26.0,9.0,-25.0,8.0,-22.0,8.0,-18.0,7.0,-14.0,4.0,-10.0,1.0,-7.0,-2.0
4.0573,122.0,-96.0,7.0,0.0,0.0,0.0,0.0,0.0,0.0,0.0,0.0,0.0,7.0,7.0,7.0,8.0,8.0,8.0,7.0,7.0,8.0,8.0,8.0,8.0,8.0,8.0,8.0,8.0,8.0,8.0,8.0,8.0,9.0,8.0,8.0,9.0,9.0,9.0,9.0,8.0,8.0,8.0,9.0,8.0,9.0,8.0,9.0,8.0,9.0,8.0,9.0,8.0,10.0,8.0,10.0,8.0,10.0,8.0,10.0,8.0,10.0,8.0,10.0,8.0
4.0721,122.0,-96.0,7.0,0.0,0.0,0.0,0.0,0.0,0.0,0.0,0.0,0.0,-9.0,9.0,-7.0,4.0,-7.0,-2.0,-7.0,-8.0,-7.0,-13.0,-9.0,-19.0,-11.0,-23.0,-13.0,-26.0,-15.0,-29.0,-16.0,-30.0,-18.0,-29.0,-18.0,-28.0,-18.0,-26.0,-18.0,-23.0,-15.0,-20.0,-11.0,-17.0,-8.0,-13.0,-2.0,-10.0,4.0,-7.0,9.0,-4.0,16.0,-3.0,21.0,-2.0,26.0,-2.0,30.0,-3.0,33.0,-4.0,34.0,-5.0
4.0857,122.0,-96.0,7.0,0.0,0.0,0.0,0.0,0.0,0.0,0.0,0.0,0.0,10.0,-21.0,9.0,-19.0,8.0,-16.0,6.0,-13.0,5.0,-9.0,5.0,-4.0,5.0,1.0,6.0,6.0,7.0,10.0,8.0,14.0,10.0,17.0,11.0,20.0,13.0,21.0,14.0,22.0,16.0,22.0,15.0,21.0,15.0,19.0,13.0,17.0,12.0,14.0,8.0,11.0,4.0,8.0,0.0,6.0,-5.0,4.0,-10.0,2.0,-14.0,1.0,-19.0,1.0
4.0999,122.0,-96.0,7.0,0.0,0.0,0.0,0.0,0.0,0.0,0.0,0.0,0.0,7.0,11.0,8.0,10.0,9.0,11.0,7.0,10.0,8.0,12.0,8.0,11.0,9.0,11.0,8.0,11.0,9.0,12.0,9.0,12.0,9.0,12.0,9.0,12.0,9.0,12.0,10.0,12.0,10.0,12.0,10.0,12.0,9.0,12.0,10.0,12.0,10.0,12.0,10.0,12.0,10.0,12.0,10.0,12.0,11.0,12.0,11.0,13.0,10.0,12.0,11.0,12.0
4.1047,98.0,33.0,22.0,0.0,0.0,0.0,0.0,0.0,0.0,0.0,0.0,0.0,-16.0,0.0,-12.0,4.0,-7.0,7.0,-4.0,12.0,1.0,15.0,4.0,19.0,7.0,23.0,10.0,23.0,12.0,25.0,15.0,24.0,17.0,24.0,18.0,22.0,18.0,19.0,17.0,15.0,16.0,11.0,12.0,7.0,9.0,3.0,3.0,-2.0,-3.0,-6.0,-9.0,-11.0,-15.0,-13.0,-21.0,-16.0,-26.0,-17.0,-31.0,-18.0,-36.0,-19.0,-37.0,-19.0
4.1185,122.0,-96.0,7.0,0.0,0.0,0.0,0.0,0.0,0.0,0.0,0.0,0.0,18.0,17.0,20.0,18.0,21.0,18.0,21.0,17.0,20.0,16.0,18.0,14.0,16.0,12.0,12.0,11.0,8.0,8.0,3.0,7.0,-3.0,5.0,-8.0,5.0,-13.0,4.0,-18.0,4.0,-23.0,4.0,-26.0,5.0,-29.0,6.0,-30.0,6.0,-31.0,8.0,-30.0,9.0,-28.0,9.0,-25.0,8.0,-22.0,7.0,-17.0,5.0,-13.0,2.0,-9.0,-1.0
4.1335,122.0,-96.0,7.0,0.0,0.0,0.0,0.0,0.0,0.0,0.0,0.0,0.0,4.0,11.0,5.0,15.0,6.0,19.0,6.0,22.0,8.0,25.0,9.0,26.0,10.0,27.0,11.0,26.0,11.0,25.0,10.0,22.0,8.0,19.0,6.0,15.0,3.0,11.0,-1.0,8.0,-4.0,4.0,-9.0,1.0,-15.0,-2.0,-19.0,-4.0,-24.0,-5.0,-27.0,-5.0,-30.0,-5.0,-31.0,-5.0,-32.0,-4.0,-31.0,-3.0,-30.0,-1.0,-27.0,-1.0
4.1483,122.0,-96.0,7.0,0.0,0.0,0.0,0.0,0.0,0.0,0.0,0.0,0.0,-6.0,-10.0,-6.0,-10.0,-6.0,-10.0,-7.0,-10.0,-7.0,-10.0,-7.0,-11.0,-7.0,-11.0,-7.0,-11.0,-7.0,-11.0,-8.0,-11.0,-7.0,-11.0,-7.0,-11.0,-7.0,-11.0,-8.0,-11.0,-8.0,-11.0,-8.0,-12.0,-8.0,-11.0,-8.0,-11.0,-8.0,-11.0,-8.0,-11.0,-8.0,-11.0,-8.0,-11.0,-9.0,-11.0,-9.0,-11.0,-9.0,-11.0,-9.0,-11.0
4.1617,122.0,-96.0,7.0,0.0,0.0,0.0,0.0,0.0,0.0,0.0,0.0,0.0,-17.0,-16.0,-19.0,-17.0,-20.0,-17.0,-20.0,-16.0,-19.0,-15.0,-18.0,-14.0,-16.0,-12.0,-13.0,-11.0,-9.0,-9.0,-4.0,-7.0,0.0,-6.0,5.0,-6.0,10.0,-5.0,15.0,-5.0,18.0,-6.0,21.0,-6.0,24.0,-7.0,26.0,-8.0,26.0,-9.0,26.0,-9.0,25.0,-10.0,22.0,-9.0,19.0,-9.0,16.0,-7.0,12.0,-4.0,8.0,-2.0
4.1774,122.0,-96.0,7.0,0.0,0.0,0.0,0.0,0.0,0.0,0.0,0.0,0.0,-12.0,-7.0,-12.0,-7.0,-12.0,-7.0,-12.0,-7.0,-13.0,-7.0,-13.0,-7.0,-13.0,-8.0,-13.0,-8.0,-13.0,-8.0,-14.0,-8.0,-13.0,-8.0,-13.0,-8.0,-13.0,-8.0,-14.0,-8.0,-14.0,-8.0,-14.0,-8.0,-14.0,-8.0,-14.0,-8.0,-14.0,-8.0,-14.0,-7.0,-14.0,-8.0,-14.0,-8.0,-15.0,-8.0,-15.0,-8.0,-15.0,-8.0,-15.0,-8.0
4.1896,122.0,-96.0,7.0,0.0,0.0,0.0,0.0,0.0,0.0,0.0,0.0,0.0,24.0,4.0,22.0,4.0,19.0,3.0,15.0,3.0,10.0,3.0,6.0,4.0,0.0,6.0,-5.0,8.0,-9.0,10.0,-13.0,13.0,-16.0,15.0,-19.0,17.0,-20.0,19.0,-21.0,21.0,-21.0,22.0,-20.0,22.0,-18.0,22.0,-16.0,20.0,-14.0,17.0,-12.0,13.0,-9.0,8.0,-8.0,3.0,-7.0,-3.0,-6.0,-8.0,-5.0,-13.0,-6.0,-19.0
4.203,122.0,-96.0,7.0,0.0,0.0,0.0,0.0,0.0,0.0,0.0,0.0,0.0,9.0,-7.0,6.0,-3.0,5.0,2.0,4.0,7.0,3.0,12.0,3.0,16.0,3.0,20.0,4.0,24.0,5.0,27.0,6.0,28.0,7.0,28.0,8.0,27.0,9.0,26.0,9.0,23.0,7.0,20.0,6.0,16.0,3.0,12.0,0.0,9.0,-4.0,5.0,-9.0,2.0,-13.0,-1.0,-18.0,-3.0,-23.0,-5.0,-26.0,-5.0,-29.0,-5.0,-31.0,-4.0
4.216,122.0,-96.0,7.0,0.0,0.0,0.0,0.0,0.0,0.0,0.0,0.0,0.0,13.0,18.0,15.0,19.0,16.0,19.0,16.0,18.0,15.0,17.0,14.0,16.0,13.0,14.0,9.0,12.0,6.0,9.0,2.0,7.0,-2.0,5.0,-7.0,3.0,-12.0,2.0,-16.0,2.0,-20.0,2.0,-23.0,1.0,-26.0,2.0,-28.0,2.0,-28.0,3.0,-28.0,4.0,-27.0,4.0,-24.0,5.0,-21.0,4.0,-17.0,3.0,-13.0,1.0,-9.0,-1.0
4.2208,98.0,33.0,22.0,0.0,0.0,0.0,0.0,0.0,0.0,0.0,0.0,0.0,8.0,-24.0,8.0,-22.0,6.0,-19.0,2.0,-16.0,0.0,-14.0,-4.0,-7.0,-9.0,-3.0,-10.0,-1.0,-14.0,7.0,-15.0,7.0,-17.0,13.0,-17.0,16.0,-18.0,20.0,-17.0,21.0,-16.0,20.0,-13.0,20.0,-10.0,22.0,-9.0,19.0,-5.0,18.0,-2.0,13.0,-1.0,7.0,0.0,-2.0,3.0,-7.0,2.0,-13.0,3.0,-21.0,2.0,-26.0
4.2378,122.0,-96.0,7.0,0.0,0.0,0.0,0.0,0.0,0.0,0.0,0.0,0.0,-12.0,18.0,-13.0,19.0,-12.0,19.0,-13.0,19.0,-13.0,20.0,-13.0,20.0,-13.0,20.0,-13.0,21.0,-13.0,21.0,-13.0,21.0,-13.0,21.0,-13.0,21.0,-13.0,21.0,-12.0,22.0,-13.0,22.0,-12.0,21.0,-13.0,22.0,-13.0,22.0,-13.0,22.0,-12.0,22.0,-12.0,23.0,-12.0,23.0,-12.0,23.0,-12.0,23.0,-12.0,22.0,-11.0,23.0
4.2473,122.0,-96.0,7.0,0.0,0.0,0.0,0.0,0.0,0.0,0.0,0.0,0.0,19.0,-3.0,19.0,-3.0,20.0,-3.0,19.0,-3.0,20.0,-3.0,20.0,-3.0,21.0,-4.0,21.0,-3.0,21.0,-4.0,21.0,-4.0,21.0,-4.0,21.0,-4.0,22.0,-4.0,21.0,-5.0,22.0,-4.0,21.0,-4.0,22.0,-5.0,22.0,-4.0,22.0,-4.0,22.0,-5.0,22.0,-5.0,22.0,-5.0,22.0,-5.0,22.0,-5.0,22.0,-5.0,22.0,-6.0
4.2611,98.0,32.0,6.0,0.0,0.0,0.0,0.0,0.0,0.0,0.0,0.0,0.0,12.0,-23.0,11.0,-21.0,9.0,-18.0,8.0,-15.0,6.0,-11.0,6.0,-6.0,5.0,0.0,6.0,5.0,7.0,10.0,8.0,15.0,9.0,18.0,11.0,22.0,13.0,24.0,15.0,25.0,16.0,26.0,16.0,25.0,16.0,23.0,14.0,21.0,13.0,18.0,10.0,15.0,7.0,12.0,2.0,8.0,-3.0,6.0,-7.0,3.0,-13.0,1.0,-18.0,0.0
4.2751,122.0,-96.0,7.0,0.0,0.0,0.0,0.0,0.0,0.0,0.0,0.0,0.0,13.0,-1.0,18.0,1.0,23.0,1.0,26.0,2.0,30.0,1.0,32.0,1.0,32.0,0.0,32.0,-1.0,31.0,-2.0,27.0,-2.0,23.0,-2.0,19.0,-1.0,14.0,0.0,8.0,3.0,2.0,6.0,-2.0,9.0,-8.0,14.0,-12.0,17.0,-15.0,22.0,-17.0,25.0,-18.0,28.0,-19.0,30.0,-17.0,31.0,-16.0,30.0,-14.0,30.0,-12.0,27.0
4.2883,122.0,-96.0,7.0,0.0,0.0,0.0,0.0,0.0,0.0,0.0,0.0,0.0,-18.0,18.0,-19.0,20.0,-19.0,21.0,-18.0,20.0,-17.0,20.0,-15.0,18.0,-13.0,16.0,-12.0,12.0,-9.0,8.0,-8.0,3.0,-6.0,-2.0,-6.0,-8.0,-5.0,-13.0,-5.0,-18.0,-6.0,-22.0,-7.0,-26.0,-8.0,-28.0,-8.0,-30.0,-9.0,-30.0,-10.0,-29.0,-10.0,-28.0,-10.0,-25.0,-9.0,-22.0,-6.0,-17.0,-4.0,-13.0,0.0,-9.0
4.3043,122.0,-96.0,7.0,0.0,0.0,0.0,0.0,0.0,0.0,0.0,0.0,0.0,-18.0,-19.0,-17.0,-17.0,-15.0,-14.0,-11.0,-12.0,-8.0,-10.0,-3.0,-8.0,2.0,-6.0,7.0,-5.0,12.0,-4.0,17.0,-4.0,21.0,-4.0,24.0,-5.0,27.0,-5.0,29.0,-7.0,29.0,-8.0,28.0,-9.0,27.0,-9.0,24.0,-8.0,20.0,-7.0,16.0,-6.0,12.0,-3.0,8.0,1.0,4.0,5.0,0.0,9.0,-4.0,13.0,-6.0,18.0
4.3178,122.0,-96.0,7.0,0.0,0.0,0.0,0.0,0.0,0.0,0.0,0.0,0.0,-20.0,-14.0,-21.0,-14.0,-22.0,-14.0,-22.0,-13.0,-21.0,-12.0,-20.0,-11.0,-17.0,-10.0,-14.0,-9.0,-9.0,-7.0,-4.0,-7.0,0.0,-6.0,5.0,-6.0,10.0,-7.0,14.0,-7.0,18.0,-9.0,21.0,-10.0,23.0,-11.0,24.0,-12.0,24.0,-13.0,24.0,-13.0,23.0,-13.0,20.0,-12.0,17.0,-11.0,13.0,-8.0,10.0,-5.0,7.0,-2.0
4.3325,122.0,-96.0,7.0,0.0,0.0,0.0,0.0,0.0,0.0,0.0,0.0,0.0,-2.0,10.0,-2.0,10.0,-2.0,11.0,-2.0,11.0,-2.0,10.0,-1.0,11.0,-2.0,11.0,-2.0,11.0,-2.0,10.0,-2.0,11.0,-1.0,12.0,-2.0,12.0,-2.0,12.0,-1.0,12.0,-1.0,12.0,-1.0,11.0,-1.0,12.0,-1.0,12.0,-1.0,12.0,-1.0,12.0,-1.0,13.0,-1.0,12.0,-1.0,13.0,-1.0,12.0,-1.0,12.0,0.0,12.0
4.3462,122.0,-96.0,7.0,0.0,0.0,0.0,0.0,0.0,0.0,0.0,0.0,0.0,11.0,-7.0,7.0,-2.0,5.0,3.0,3.0,8.0,2.0,14.0,1.0,20.0,1.0,24.0,1.0,28.0,3.0,31.0,4.0,33.0,5.0,33.0,6.0,32.0,6.0,30.0,7.0,27.0,6.0,23.0,5.0,18.0,2.0,14.0,-2.0,9.0,-6.0,4.0,-11.0,0.0,-16.0,-4.0,-21.0,-6.0,-26.0,-8.0,-30.0,-9.0,-33.0,-9.0,-35.0,-8.0
4.36,122.0,-96.0,7.0,0.0,0.0,0.0,0.0,0.0,0.0,0.0,0.0,0.0,5.0,24.0,5.0,22.0,4.0,19.0,2.0,15.0,1.0,11.0,-2.0,7.0,-6.0,3.0,-10.0,-1.0,-14.0,-4.0,-17.0,-7.0,-20.0,-9.0,-24.0,-10.0,-27.0,-11.0,-29.0,-10.0,-29.0,-10.0,-29.0,-9.0,-28.0,-8.0,-25.0,-7.0,-21.0,-6.0,-18.0,-5.0,-12.0,-5.0,-7.0,-6.0,-1.0,-7.0,4.0,-8.0,9.0,-10.0,14.0,-13.0
4.3744,122.0,-96.0,7.0,0.0,0.0,0.0,0.0,0.0,0.0,0.0,0.0,0.0,0.0,-12.0,0.0,-11.0,1.0,-12.0,0.0,-13.0,0.0,-12.0,-1.0,-12.0,-1.0,-13.0,0.0,-13.0,0.0,-13.0,0.0,-14.0,0.0,-13.0,-1.0,-13.0,0.0,-14.0,0.0,-13.0,0.0,-13.0,0.0,-13.0,-1.0,-14.0,-1.0,-14.0,-1.0,-14.0,-1.0,-14.0,-1.0,-14.0,-1.0,-14.0,-2.0,-14.0,-1.0,-14.0,-1.0,-14.0,-1.0,-14.0
4.3894,122.0,-96.0,7.0,0.0,0.0,0.0,0.0,0.0,0.0,0.0,0.0,0.0,-15.0,-21.0,-14.0,-19.0,-12.0,-17.0,-9.0,-14.0,-6.0,-11.0,-1.0,-8.0,3.0,-6.0,8.0,-4.0,13.0,-2.0,17.0,-1.0,21.0,0.0,25.0,0.0,28.0,-1.0,30.0,-2.0,30.0,-3.0,29.0,-4.0,28.0,-4.0,25.0,-4.0,21.0,-4.0,17.0,-3.0,12.0,-1.0,7.0,2.0,3.0,5.0,-2.0,9.0,-6.0,12.0,-9.0,17.0
4.4045,122.0,-96.0,7.0,0.0,0.0,0.0,0.0,0.0,0.0,0.0,0.0,0.0,-4.0,-10.0,-4.0,-10.0,-4.0,-10.0,-3.0,-10.0,-4.0,-11.0,-4.0,-11.0,-5.0,-11.0,-5.0,-11.0,-4.0,-10.0,-5.0,-11.0,-5.0,-11.0,-5.0,-11.0,-5.0,-11.0,-5.0,-11.0,-5.0,-11.0,-6.0,-11.0,-5.0,-12.0,-6.0,-11.0,-6.0,-11.0,-6.0,-11.0,-5.0,-12.0,-6.0,-11.0,-6.0,-11.0,-6.0,-12.0,-5.0,-11.0,-6.0,-12.0
4.4181,122.0,-96.0,7.0,0.0,0.0,0.0,0.0,0.0,0.0,0.0,0.0,0.0,10.0,20.0,11.0,22.0,11.0,21.0,12.0,21.0,11.0,19.0,11.0,17.0,9.0,15.0,6.0,12.0,4.0,9.0,-1.0,6.0,-4.0,4.0,-9.0,1.0,-14.0,0.0,-18.0,-2.0,-22.0,-3.0,-24.0,-3.0,-27.0,-3.0,-28.0,-3.0,-29.0,-2.0,-27.0,-1.0,-26.0,-1.0,-23.0,0.0,-20.0,0.0,-15.0,-1.0,-10.0,-2.0,-6.0,-4.0
4.4328,122.0,-96.0,7.0,0.0,0.0,0.0,0.0,0.0,0.0,0.0,0.0,0.0,13.0,-7.0,11.0,-8.0,12.0,-8.0,13.0,-9.0,12.0,-9.0,12.0,-9.0,12.0,-8.0,13.0,-8.0,13.0,-9.0,13.0,-8.0,13.0,-9.0,14.0,-9.0,14.0,-9.0,13.0,-10.0,13.0,-9.0,13.0,-10.0,13.0,-10.0,13.0,-10.0,13.0,-9.0,13.0,-10.0,13.0,-10.0,14.0,-9.0,14.0,-10.0,13.0,-10.0,13.0,-10.0,14.0,-11.0
4.4474,122.0,-96.0,7.0,0.0,0.0,0.0,0.0,0.0,0.0,0.0,0.0,0.0,8.0,-10.0,11.0,-12.0,14.0,-15.0,17.0,-17.0,18.0,-19.0,20.0,-21.0,19.0,-22.0,19.0,-22.0,17.0,-22.0,15.0,-19.0,13.0,-16.0,11.0,-13.0,9.0,-9.0,7.0,-4.0,5.0,1.0,4.0,7.0,4.0,13.0,4.0,17.0,5.0,22.0,6.0,26.0,7.0,28.0,8.0,29.0,9.0,30.0,10.0,29.0,11.0,27.0,10.0,24.0
4.46,122.0,-96.0,7.0,0.0,0.0,0.0,0.0,0.0,0.0,0.0,0.0,0.0,3.0,-14.0,3.0,-14.0,3.0,-15.0,3.0,-15.0,3.0,-16.0,4.0,-15.0,2.0,-16.0,2.0,-16.0,2.0,-16.0,3.0,-16.0,3.0,-16.0,3.0,-17.0,3.0,-16.0,4.0,-17.0,3.0,-17.0,2.0,-16.0,1.0,-17.0,3.0,-17.0,2.0,-17.0,2.0,-17.0,1.0,-17.0,1.0,-18.0,1.0,-18.0,2.0,-18.0,2.0,-18.0,1.0,-17.0
4.4752,122.0,-96.0,7.0,0.0,0.0,0.0,0.0,0.0,0.0,0.0,0.0,0.0,10.0,-5.0,6.0,-1.0,4.0,3.0,2.0,7.0,-1.0,12.0,-2.0,17.0,-3.0,21.0,-3.0,24.0,-2.0,27.0,-1.0,28.0,0.0,29.0,1.0,29.0,2.0,27.0,3.0,25.0,2.0,21.0,1.0,16.0,-1.0,12.0,-3.0,7.0,-7.0,2.0,-10.0,-2.0,-14.0,-6.0,-17.0,-9.0,-22.0,-11.0,-25.0,-12.0,-28.0,-12.0,-29.0,-12.0
4.4887,122.0,-96.0,7.0,0.0,0.0,0.0,0.0,0.0,0.0,0.0,0.0,0.0,3.0,-17.0,3.0,-17.0,3.0,-17.0,3.0,-18.0,2.0,-18.0,4.0,-17.0,2.0,-18.0,3.0,-18.0,2.0,-17.0,2.0,-19.0,3.0,-19.0,4.0,-19.0,3.0,-20.0,3.0,-20.0,2.0,-19.0,4.0,-20.0,3.0,-19.0,3.0,-20.0,2.0,-20.0,2.0,-20.0,1.0,-20.0,1.0,-20.0,1.0,-20.0,2.0,-20.0,3.0,-21.0,1.0,-21.0
4.5026,122.0,-96.0,7.0,0.0,0.0,0.0,0.0,0.0,0.0,0.0,0.0,0.0,7.0,-24.0,6.0,-22.0,5.0,-20.0,5.0,-15.0,4.0,-11.0,5.0,-6.0,6.0,-1.0,7.0,4.0,8.0,9.0,11.0,13.0,13.0,16.0,15.0,19.0,17.0,21.0,19.0,22.0,20.0,22.0,20.0,21.0,19.0,19.0,18.0,17.0,16.0,15.0,12.0,12.0,7.0,9.0,2.0,7.0,-3.0,5.0,-8.0,4.0,-14.0,3.0,-19.0,3.0
4.5156,122.0,-96.0,7.0,0.0,0.0,0.0,0.0,0.0,0.0,0.0,0.0,0.0,9.0,5.0,4.0,5.0,-1.0,5.0,-6.0,6.0,-11.0,7.0,-15.0,10.0,-19.0,11.0,-21.0,14.0,-23.0,15.0,-24.0,17.0,-23.0,18.0,-22.0,19.0,-21.0,18.0,-18.0,18.0,-16.0,15.0,-13.0,11.0,-11.0,7.0,-8.0,2.0,-7.0,-3.0,-5.0,-8.0,-5.0,-14.0,-4.0,-19.0,-5.0,-23.0,-7.0,-27.0,-8.0,-29.0,-9.0,-30.0
4.5292,122.0,-96.0,7.0,0.0,0.0,0.0,0.0,0.0,0.0,0.0,0.0,0.0,12.0,3.0,6.0,4.0,1.0,6.0,-4.0,8.0,-9.0,11.0,-13.0,15.0,-16.0,18.0,-19.0,22.0,-20.0,24.0,-20.0,26.0,-20.0,27.0,-18.0,27.0,-16.0,26.0,-14.0,25.0,-12.0,21.0,-10.0,16.0,-9.0,11.0,-8.0,5.0,-8.0,-1.0,-8.0,-7.0,-10.0,-13.0,-11.0,-19.0,-14.0,-23.0,-17.0,-26.0,-18.0,-29.0,-20.0,-29.0
4.5422,122.0,-96.0,7.0,0.0,0.0,0.0,0.0,0.0,0.0,0.0,0.0,0.0,-13.0,18.0,-14.0,21.0,-13.0,21.0,-13.0,21.0,-12.0,20.0,-11.0,19.0,-9.0,16.0,-9.0,12.0,-7.0,9.0,-7.0,4.0,-6.0,-1.0,-6.0,-6.0,-7.0,-11.0,-8.0,-15.0,-9.0,-19.0,-10.0,-22.0,-12.0,-24.0,-12.0,-25.0,-13.0,-26.0,-14.0,-25.0,-13.0,-23.0,-12.0,-21.0,-11.0,-18.0,-9.0,-14.0,-5.0,-10.0,-2.0,-8.0
4.5578,122.0,-96.0,7.0,0.0,0.0,0.0,0.0,0.0,0.0,0.0,0.0,0.0,-9.0,6.0,-7.0,2.0,-5.0,-3.0,-5.0,-7.0,-5.0,-13.0,-5.0,-18.0,-6.0,-21.0,-7.0,-25.0,-8.0,-27.0,-9.0,-29.0,-10.0,-29.0,-11.0,-27.0,-11.0,-26.0,-11.0,-23.0,-9.0,-20.0,-7.0,-16.0,-4.0,-12.0,0.0,-9.0,4.0,-5.0,8.0,-2.0,13.0,0.0,18.0,2.0,23.0,3.0,26.0,3.0,29.0,2.0,30.0,2.0
4.5727,122.0,-96.0,7.0,0.0,0.0,0.0,0.0,0.0,0.0,0.0,0.0,0.0,11.0,-2.0,14.0,-1.0,18.0,-1.0,21.0,-1.0,24.0,-1.0,25.0,-2.0,26.0,-3.0,25.0,-3.0,24.0,-4.0,22.0,-3.0,18.0,-3.0,15.0,-1.0,11.0,0.0,7.0,2.0,2.0,4.0,-1.0,7.0,-5.0,11.0,-8.0,14.0,-10.0,18.0,-12.0,21.0,-13.0,23.0,-13.0,24.0,-12.0,26.0,-12.0,25.0,-10.0,24.0,-8.0,22.0
4.5857,122.0,-96.0,7.0,0.0,0.0,0.0,0.0,0.0,0.0,0.0,0.0,0.0,2.0,-9.0,2.0,-10.0,2.0,-11.0,2.0,-11.0,2.0,-11.0,3.0,-11.0,2.0,-11.0,2.0,-12.0,3.0,-11.0,2.0,-12.0,2.0,-12.0,2.0,-12.0,3.0,-12.0,1.0,-11.0,2.0,-12.0,3.0,-12.0,2.0,-13.0,2.0,-12.0,2.0,-12.0,2.0,-12.0,2.0,-12.0,2.0,-12.0,2.0,-13.0,2.0,-13.0,2.0,-13.0,2.0,-13.0
4.6001,122.0,-96.0,7.0,0.0,0.0,0.0,0.0,0.0,0.0,0.0,0.0,0.0,-24.0,-2.0,-25.0,-2.0,-26.0,-1.0,-25.0,-1.0,-24.0,0.0,-22.0,0.0,-19.0,0.0,-16.0,-1.0,-12.0,-2.0,-7.0,-4.0,-3.0,-6.0,2.0,-9.0,5.0,-12.0,9.0,-14.0,11.0,-17.0,13.0,-19.0,14.0,-22.0,15.0,-23.0,15.0,-24.0,14.0,-24.0,13.0,-23.0,11.0,-21.0,9.0,-18.0,7.0,-14.0,6.0,-10.0,5.0,-5.0
4.6138,122.0,-96.0,7.0,0.0,0.0,0.0,0.0,0.0,0.0,0.0,0.0,0.0,-15.0,-1.0,-9.0,-4.0,-3.0,-7.0,2.0,-12.0,7.0,-17.0,10.0,-22.0,13.0,-26.0,15.0,-31.0,15.0,-34.0,15.0,-36.0,14.0,-37.0,13.0,-37.0,11.0,-34.0,9.0,-32.0,7.0,-27.0,6.0,-21.0,6.0,-14.0,7.0,-7.0,9.0,1.0,10.0,7.0,14.0,14.0,17.0,20.0,21.0,24.0,24.0,26.0,28.0,28.0,29.0,28.0
4.6281,122.0,-96.0,7.0,0.0,0.0,0.0,0.0,0.0,0.0,0.0,0.0,0.0,-10.0,6.0,-13.0,8.0,-17.0,9.0,-19.0,10.0,-21.0,12.0,-22.0,14.0,-22.0,15.0,-21.0,15.0,-19.0,15.0,-18.0,14.0,-15.0,11.0,-13.0,8.0,-10.0,5.0,-8.0,1.0,-5.0,-3.0,-4.0,-8.0,-3.0,-13.0,-2.0,-17.0,-2.0,-21.0,-3.0,-24.0,-4.0,-27.0,-4.0,-28.0,-5.0,-29.0,-6.0,-28.0,-7.0,-26.0,-6.0,-23.0
4.6412,122.0,-96.0,7.0,0.0,0.0,0.0,0.0,0.0,0.0,0.0,0.0,0.0,9.0,-24.0,8.0,-22.0,7.0,-19.0,6.0,-15.0,5.0,-11.0,5.0,-6.0,6.0,-1.0,7.0,5.0,8.0,10.0,10.0,14.0,12.0,18.0,14.0,20.0,16.0,23.0,18.0,23.0,19.0,23.0,19.0,22.0,18.0,20.0,17.0,18.0,15.0,15.0,11.0,12.0,7.0,10.0,2.0,7.0,-4.0,6.0,-9.0,3.0,-14.0,2.0,-19.0,3.0
4.6578,122.0,-96.0,7.0,0.0,0.0,0.0,0.0,0.0,0.0,0.0,0.0,0.0,-21.0,14.0,-20.0,13.0,-17.0,11.0,-14.0,8.0,-11.0,5.0,-9.0,1.0,-6.0,-4.0,-4.0,-8.0,-2.0,-13.0,-1.0,-18.0,0.0,-22.0,0.0,-25.0,-1.0,-28.0,-2.0,-30.0,-3.0,-31.0,-3.0,-30.0,-4.0,-29.0,-4.0,-26.0,-4.0,-23.0,-3.0,-19.0,-1.0,-15.0,1.0,-10.0,4.0,-5.0,7.0,0.0,11.0,4.0,15.0,7.0
4.6711,122.0,-96.0,7.0,0.0,0.0,0.0,0.0,0.0,0.0,0.0,0.0,0.0,10.0,6.0,13.0,9.0,16.0,12.0,18.0,13.0,21.0,15.0,23.0,15.0,25.0,15.0,25.0,14.0,24.0,13.0,22.0,11.0,18.0,10.0,14.0,9.0,10.0,7.0,5.0,6.0,0.0,6.0,-5.0,6.0,-11.0,7.0,-16.0,8.0,-20.0,10.0,-23.0,12.0,-26.0,14.0,-27.0,15.0,-28.0,16.0,-27.0,16.0,-25.0,17.0,-22.0,16.0
4.6841,122.0,-96.0,7.0,0.0,0.0,0.0,0.0,0.0,0.0,0.0,0.0,0.0,23.0,-17.0,20.0,-16.0,18.0,-14.0,14.0,-11.0,11.0,-7.0,8.0,-2.0,6.0,3.0,3.0,9.0,2.0,15.0,1.0,19.0,0.0,24.0,0.0,28.0,1.0,31.0,2.0,33.0,3.0,34.0,4.0,33.0,5.0,31.0,4.0,28.0,4.0,24.0,2.0,19.0,0.0,14.0,-3.0,8.0,-7.0,3.0,-11.0,-2.0,-15.0,-6.0,-20.0,-10.0
4.6984,122.0,-96.0,7.0,0.0,0.0,0.0,0.0,0.0,0.0,0.0,0.0,0.0,5.0,-10.0,5.0,-10.0,5.0,-11.0,5.0,-11.0,5.0,-11.0,5.0,-11.0,5.0,-11.0,5.0,-12.0,5.0,-12.0,5.0,-12.0,5.0,-12.0,6.0,-12.0,6.0,-12.0,5.0,-12.0,5.0,-12.0,5.0,-12.0,5.0,-13.0,5.0,-13.0,5.0,-13.0,5.0,-13.0,5.0,-13.0,5.0,-13.0,5.0,-13.0,4.0,-13.0,4.0,-13.0,4.0,-13.0
4.712,122.0,-96.0,7.0,0.0,0.0,0.0,0.0,0.0,0.0,0.0,0.0,0.0,-1.0,25.0,0.0,23.0,0.0,20.0,-1.0,16.0,-2.0,12.0,-4.0,7.0,-6.0,2.0,-9.0,-2.0,-12.0,-6.0,-16.0,-9.0,-18.0,-12.0,-21.0,-14.0,-24.0,-16.0,-26.0,-16.0,-27.0,-16.0,-26.0,-15.0,-26.0,-14.0,-24.0,-12.0,-21.0,-10.0,-17.0,-9.0,-12.0,-8.0,-7.0,-7.0,-1.0,-7.0,4.0,-7.0,10.0,-8.0,15.0,-9.0
4.7279,122.0,-96.0,7.0,0.0,0.0,0.0,0.0,0.0,0.0,0.0,0.0,0.0,6.0,9.0,2.0,6.0,-3.0,5.0,-7.0,3.0,-12.0,3.0,-17.0,3.0,-22.0,3.0,-25.0,3.0,-28.0,5.0,-29.0,5.0,-29.0,6.0,-29.0,7.0,-27.0,8.0,-25.0,8.0,-22.0,7.0,-18.0,5.0,-14.0,3.0,-10.0,-1.0,-6.0,-5.0,-2.0,-8.0,1.0,-13.0,3.0,-18.0,4.0,-22.0,5.0,-26.0,5.0,-29.0,5.0,-31.0
4.7421,122.0,-96.0,7.0,0.0,0.0,0.0,0.0,0.0,0.0,0.0,0.0,0.0,10.0,9.0,10.0,9.0,10.0,9.0,11.0,9.0,10.0,9.0,11.0,10.0,11.0,9.0,11.0,9.0,11.0,9.0,11.0,9.0,11.0,10.0,12.0,10.0,12.0,10.0,12.0,10.0,13.0,10.0,12.0,10.0,12.0,9.0,12.0,9.0,13.0,9.0,13.0,10.0,13.0,9.0,13.0,9.0,14.0,9.0,13.0,10.0,13.0,10.0,13.0,9.0
4.7565,122.0,-96.0,7.0,0.0,0.0,0.0,0.0,0.0,0.0,0.0,0.0,0.0,-11.0,6.0,-15.0,7.0,-19.0,8.0,-22.0,9.0,-24.0,11.0,-26.0,13.0,-26.0,14.0,-26.0,15.0,-24.0,15.0,-21.0,13.0,-19.0,11.0,-16.0,9.0,-13.0,6.0,-9.0,1.0,-6.0,-3.0,-4.0,-8.0,-2.0,-14.0,-1.0,-18.0,-1.0,-23.0,0.0,-27.0,-1.0,-29.0,-1.0,-31.0,-2.0,-32.0,-3.0,-32.0,-5.0,-30.0,-5.0,-28.0
4.771,122.0,-96.0,7.0,0.0,0.0,0.0,0.0,0.0,0.0,0.0,0.0,0.0,-1.0,22.0,-1.0,24.0,0.0,25.0,0.0,24.0,1.0,23.0,1.0,21.0,0.0,18.0,-1.0,15.0,-1.0,10.0,-4.0,6.0,-6.0,2.0,-8.0,-2.0,-12.0,-6.0,-14.0,-9.0,-17.0,-12.0,-20.0,-13.0,-22.0,-15.0,-23.0,-15.0,-25.0,-15.0,-25.0,-14.0,-23.0,-13.0,-21.0,-11.0,-19.0,-9.0,-15.0,-8.0,-10.0,-6.0,-5.0,-6.0
4.7835,122.0,-96.0,7.0,0.0,0.0,0.0,0.0,0.0,0.0,0.0,0.0,0.0,5.0,-14.0,4.0,-14.0,5.0,-14.0,5.0,-14.0,4.0,-14.0,5.0,-15.0,4.0,-15.0,4.0,-15.0,5.0,-15.0,4.0,-15.0,5.0,-16.0,5.0,-16.0,5.0,-16.0,5.0,-16.0,5.0,-16.0,5.0,-16.0,5.0,-16.0,5.0,-17.0,5.0,-17.0,4.0,-17.0,4.0,-17.0,4.0,-17.0,4.0,-17.0,4.0,-17.0,4.0,-17.0,4.0,-17.0
4.7974,122.0,-96.0,7.0,0.0,0.0,0.0,0.0,0.0,0.0,0.0,0.0,0.0,-3.0,-14.0,-3.0,-14.0,-3.0,-15.0,-3.0,-15.0,-3.0,-15.0,-4.0,-16.0,-3.0,-15.0,-4.0,-16.0,-3.0,-16.0,-3.0,-16.0,-3.0,-16.0,-3.0,-16.0,-3.0,-16.0,-3.0,-17.0,-4.0,-17.0,-4.0,-17.0,-4.0,-17.0,-4.0,-17.0,-4.0,-17.0,-4.0,-17.0,-5.0,-17.0,-5.0,-17.0,-5.0,-17.0,-5.0,-17.0,-5.0,-18.0,-5.0,-18.0
4.8127,122.0,-96.0,7.0,0.0,0.0,0.0,0.0,0.0,0.0,0.0,0.0,0.0,7.0,9.0,9.0,13.0,11.0,17.0,12.0,20.0,14.0,21.0,16.0,23.0,17.0,22.0,18.0,22.0,18.0,20.0,15.0,18.0,13.0,16.0,10.0,13.0,6.0,10.0,2.0,7.0,-3.0,5.0,-8.0,3.0,-14.0,2.0,-19.0,1.0,-24.0,2.0,-27.0,2.0,-30.0,3.0,-32.0,3.0,-32.0,5.0,-31.0,5.0,-29.0,6.0,-26.0,6.0
4.8278,122.0,-96.0,7.0,0.0,0.0,0.0,0.0,0.0,0.0,0.0,0.0,0.0,-3.0,-14.0,-3.0,-15.0,-3.0,-15.0,-3.0,-15.0,-3.0,-15.0,-3.0,-16.0,-4.0,-15.0,-4.0,-16.0,-4.0,-16.0,-4.0,-16.0,-4.0,-16.0,-4.0,-17.0,-3.0,-16.0,-4.0,-16.0,-4.0,-16.0,-4.0,-17.0,-4.0,-17.0,-4.0,-17.0,-4.0,-17.0,-5.0,-17.0,-5.0,-17.0,-5.0,-17.0,-5.0,-17.0,-5.0,-17.0,-5.0,-17.0,-5.0,-17.0
4.844,122.0,-96.0,7.0,0.0,0.0,0.0,0.0,0.0,0.0,0.0,0.0,0.0,-8.0,-9.0,-9.0,-8.0,-9.0,-8.0,-9.0,-9.0,-9.0,-9.0,-9.0,-9.0,-9.0,-9.0,-10.0,-9.0,-9.0,-9.0,-10.0,-9.0,-10.0,-9.0,-10.0,-9.0,-10.0,-10.0,-10.0,-9.0,-10.0,-9.0,-10.0,-10.0,-10.0,-10.0,-11.0,-9.0,-11.0,-10.0,-11.0,-9.0,-11.0,-10.0,-11.0,-9.0,-11.0,-9.0,-11.0,-9.0,-11.0,-9.0,-11.0,-9.0
4.8563,122.0,-96.0,7.0,0.0,0.0,0.0,0.0,0.0,0.0,0.0,0.0,0.0,22.0,11.0,24.0,11.0,25.0,11.0,25.0,10.0,24.0,9.0,22.0,9.0,19.0,8.0,15.0,7.0,10.0,6.0,5.0,6.0,-1.0,6.0,-6.0,6.0,-12.0,8.0,-16.0,9.0,-20.0,11.0,-23.0,12.0,-25.0,14.0,-26.0,15.0,-27.0,16.0,-26.0,16.0,-25.0,16.0,-22.0,15.0,-19.0,13.0,-15.0,10.0,-11.0,6.0,-9.0,1.0
4.8711,122.0,-96.0,7.0,0.0,0.0,0.0,0.0,0.0,0.0,0.0,0.0,0.0,10.0,-2.0,6.0,0.0,3.0,4.0,0.0,8.0,-3.0,12.0,-5.0,16.0,-6.0,20.0,-8.0,24.0,-7.0,27.0,-7.0,28.0,-6.0,29.0,-5.0,28.0,-4.0,27.0,-2.0,25.0,-2.0,21.0,-2.0,17.0,-3.0,12.0,-5.0,7.0,-7.0,1.0,-9.0,-3.0,-12.0,-8.0,-16.0,-11.0,-20.0,-15.0,-23.0,-16.0,-25.0,-17.0,-27.0,-17.0
4.8853,122.0,-96.0,7.0,0.0,0.0,0.0,0.0,0.0,0.0,0.0,0.0,0.0,14.0,-3.0,14.0,-3.0,14.0,-2.0,14.0,-3.0,15.0,-3.0,15.0,-3.0,15.0,-3.0,15.0,-3.0,15.0,-2.0,15.0,-3.0,15.0,-3.0,16.0,-4.0,16.0,-3.0,16.0,-4.0,16.0,-4.0,16.0,-4.0,16.0,-4.0,16.0,-4.0,16.0,-4.0,17.0,-4.0,16.0,-4.0,16.0,-4.0,16.0,-4.0,17.0,-5.0,16.0,-5.0,17.0,-5.0
4.8992,122.0,-96.0,7.0,0.0,0.0,0.0,0.0,0.0,0.0,0.0,0.0,0.0,18.0,-13.0,19.0,-16.0,19.0,-16.0,19.0,-16.0,18.0,-16.0,16.0,-15.0,14.0,-13.0,12.0,-10.0,9.0,-7.0,7.0,-3.0,5.0,2.0,3.0,6.0,2.0,11.0,1.0,15.0,1.0,19.0,0.0,22.0,1.0,25.0,1.0,26.0,2.0,28.0,3.0,27.0,3.0,26.0,3.0,23.0,3.0,20.0,2.0,17.0,1.0,12.0,-1.0,8.0
4.9133,122.0,-96.0,7.0,0.0,0.0,0.0,0.0,0.0,0.0,0.0,0.0,0.0,-12.0,3.0,-16.0,4.0,-20.0,5.0,-23.0,5.0,-26.0,6.0,-28.0,8.0,-28.0,9.0,-28.0,10.0,-26.0,10.0,-24.0,9.0,-21.0,7.0,-17.0,5.0,-14.0,3.0,-10.0,-1.0,-6.0,-4.0,-2.0,-8.0,1.0,-13.0,3.0,-18.0,4.0,-22.0,5.0,-26.0,5.0,-29.0,4.0,-31.0,5.0,-32.0,4.0,-31.0,2.0,-30.0,1.0,-28.0
4.926,122.0,-96.0,7.0,0.0,0.0,0.0,0.0,0.0,0.0,0.0,0.0,0.0,-13.0,-1.0,-17.0,-3.0,-21.0,-4.0,-24.0,-4.0,-27.0,-4.0,-29.0,-3.0,-30.0,-3.0,-30.0,-1.0,-28.0,-1.0,-25.0,-1.0,-21.0,-1.0,-17.0,-2.0,-13.0,-2.0,-8.0,-4.0,-3.0,-6.0,2.0,-9.0,6.0,-13.0,10.0,-16.0,13.0,-20.0,15.0,-22.0,16.0,-25.0,16.0,-27.0,16.0,-28.0,14.0,-27.0,13.0,-27.0,11.0,-24.0
4.9369,122.0,-96.0,7.0,0.0,0.0,0.0,0.0,0.0,0.0,0.0,0.0,0.0,8.0,18.0,7.0,18.0,8.0,18.0,8.0,19.0,8.0,18.0,8.0,19.0,8.0,19.0,8.0,19.0,8.0,20.0,9.0,19.0,8.0,19.0,8.0,19.0,9.0,20.0,9.0,20.0,9.0,20.0,8.0,19.0,9.0,20.0,9.0,20.0,9.0,20.0,9.0,20.0,9.0,20.0,9.0,20.0,10.0,20.0,10.0,20.0,9.0,20.0,10.0,20.0
4.9502,122.0,-96.0,7.0,0.0,0.0,0.0,0.0,0.0,0.0,0.0,0.0,0.0,5.0,-10.0,4.0,-11.0,5.0,-11.0,4.0,-11.0,5.0,-11.0,5.0,-11.0,4.0,-12.0,5.0,-12.0,4.0,-12.0,5.0,-12.0,5.0,-11.0,5.0,-12.0,5.0,-11.0,5.0,-13.0,4.0,-13.0,5.0,-13.0,4.0,-12.0,5.0,-12.0,4.0,-13.0,4.0,-12.0,4.0,-14.0,4.0,-13.0,4.0,-13.0,4.0,-13.0,4.0,-13.0,4.0,-14.0
4.9632,122.0,-96.0,7.0,0.0,0.0,0.0,0.0,0.0,0.0,0.0,0.0,0.0,-20.0,6.0,-20.0,6.0,-19.0,6.0,-20.0,7.0,-20.0,7.0,-20.0,7.0,-21.0,7.0,-21.0,8.0,-21.0,7.0,-21.0,8.0,-21.0,8.0,-21.0,7.0,-21.0,8.0,-21.0,8.0,-21.0,9.0,-21.0,8.0,-21.0,8.0,-21.0,9.0,-21.0,9.0,-21.0,9.0,-22.0,9.0,-22.0,9.0,-21.0,10.0,-21.0,10.0,-21.0,9.0,-21.0,10.0
4.9786,122.0,-96.0,7.0,0.0,0.0,0.0,0.0,0.0,0.0,0.0,0.0,0.0,-2.0,13.0,-2.0,13.0,-3.0,14.0,-3.0,14.0,-3.0,14.0,-3.0,15.0,-3.0,15.0,-3.0,15.0,-3.0,15.0,-3.0,15.0,-3.0,15.0,-3.0,15.0,-3.0,15.0,-2.0,15.0,-2.0,16.0,-2.0,15.0,-2.0,16.0,-2.0,16.0,-2.0,16.0,-2.0,16.0,-2.0,16.0,-2.0,16.0,-2.0,16.0,-2.0,17.0,-2.0,16.0,-2.0,17.0
4.992,122.0,-96.0,7.0,0.0,0.0,0.0,0.0,0.0,0.0,0.0,0.0,0.0,-23.0,-12.0,-22.0,-10.0,-19.0,-9.0,-15.0,-8.0,-11.0,-7.0,-6.0,-7.0,-1.0,-7.0,4.0,-7.0,9.0,-9.0,14.0,-10.0,17.0,-12.0,20.0,-13.0,23.0,-15.0,24.0,-17.0,25.0,-18.0,23.0,-18.0,22.0,-19.0,20.0,-17.0,17.0,-15.0,13.0,-13.0,11.0,-9.0,8.0,-4.0,6.0,1.0,4.0,6.0,2.0,11.0,1.0,17.0
5.0042,122.0,-96.0,7.0,0.0,0.0,0.0,0.0,0.0,0.0,0.0,0.0,0.0,9.0,8.0,4.0,7.0,-2.0,6.0,-7.0,5.0,-13.0,5.0,-18.0,7.0,-23.0,8.0,-26.0,10.0,-29.0,12.0,-31.0,13.0,-31.0,14.0,-30.0,15.0,-28.0,15.0,-25.0,15.0,-22.0,13.0,-18.0,10.0,-14.0,6.0,-11.0,2.0,-7.0,-3.0,-5.0,-9.0,-2.0,-15.0,-1.0,-20.0,0.0,-26.0,-1.0,-30.0,-1.0,-33.0,-2.0,-35.0
