time,sc_0,sc_1,sc_2,sc_3,sc_4,sc_5,sc_6,sc_7,sc_8,sc_9,sc_10,sc_11,sc_12,sc_13,sc_14,sc_15,sc_16,sc_17,sc_18,sc_19,sc_20,sc_21,sc_22,sc_23,sc_24,sc_25,sc_26,sc_27,sc_28,sc_29,sc_30,sc_31,sc_32,sc_33,sc_34,sc_35,sc_36,sc_37,sc_38,sc_39,sc_40,sc_41,sc_42,sc_43,sc_44,sc_45,sc_46,sc_47,sc_48,sc_49,sc_50,sc_51,sc_52,sc_53,sc_54,sc_55,sc_56,sc_57,sc_58,sc_59,sc_60,sc_61,sc_62,sc_63
0.0228,122.0,-96.0,7.0,0.0,0.0,0.0,0.0,0.0,0.0,0.0,0.0,0.0,4.0,9.0,5.0,8.0,4.0,9.0,4.0,9.0,5.0,10.0,4.0,9.0,5.0,9.0,4.0,10.0,5.0,10.0,5.0,10.0,5.0,10.0,4.0,10.0,5.0,10.0,5.0,10.0,5.0,10.0,5.0,10.0,5.0,10.0,5.0,10.0,5.0,10.0,6.0,10.0,5.0,10.0,5.0,10.0,6.0,10.0,6.0,10.0,6.0,10.0,6.0,10.0
0.045,122.0,-96.0,7.0,0.0,0.0,0.0,0.0,0.0,0.0,0.0,0.0,0.0,6.0,8.0,2.0,6.0,-3.0,5.0,-8.0,4.0,-13.0,3.0,-18.0,4.0,-22.0,5.0,-26.0,6.0,-28.0,7.0,-29.0,8.0,-30.0,9.0,-28.0,9.0,-26.0,10.0,-24.0,10.0,-20.0,8.0,-16.0,6.0,-13.0,3.0,-9.0,-1.0,-5.0,-6.0,-2.0,-10.0,1.0,-15.0,2.0,-20.0,4.0,-25.0,4.0,-28.0,4.0,-31.0,3.0,-32.0
0.0571,122.0,-96.0,7.0,0.0,0.0,0.0,0.0,0.0,0.0,0.0,0.0,0.0,-14.0,12.0,-15.0,12.0,-14.0,13.0,-14.0,13.0,-14.0,14.0,-14.0,14.0,-15.0,14.0,-15.0,14.0,-14.0,15.0,-16.0,14.0,-15.0,14.0,-15.0,15.0,-15.0,14.0,-14.0,16.0,-16.0,15.0,-14.0,16.0,-15.0,16.0,-14.0,17.0,-14.0,17.0,-15.0,16.0,-15.0,16.0,-14.0,16.0,-14.0,17.0,-14.0,18.0,-15.0,17.0,-15.0,18.0
0.0788,122.0,-96.0,7.0,0.0,0.0,0.0,0.0,0.0,0.0,0.0,0.0,0.0,22.0,-8.0,19.0,-8.0,17.0,-7.0,14.0,-5.0,10.0,-3.0,7.0,0.0,3.0,4.0,0.0,8.0,-2.0,12.0,-4.0,15.0,-6.0,18.0,-7.0,21.0,-7.0,24.0,-6.0,26.0,-5.0,27.0,-5.0,27.0,-4.0,26.0,-3.0,23.0,-2.0,20.0,-3.0,16.0,-3.0,12.0,-4.0,7.0,-6.0,2.0,-8.0,-3.0,-10.0,-8.0,-13.0,-11.0
0.0869,122.0,-96.0,7.0,0.0,0.0,0.0,0.0,0.0,0.0,0.0,0.0,0.0,-11.0,-22.0,-12.0,-23.0,-13.0,-23.0,-13.0,-22.0,-13.0,-21.0,-12.0,-19.0,-10.0,-17.0,-7.0,-14.0,-4.0,-10.0,0.0,-7.0,4.0,-4.0,9.0,-2.0,13.0,0.0,17.0,2.0,21.0,3.0,23.0,3.0,26.0,3.0,27.0,3.0,28.0,2.0,27.0,1.0,26.0,1.0,22.0,0.0,19.0,0.0,14.0,1.0,9.0,2.0,4.0,3.0
0.1011,122.0,-96.0,7.0,0.0,0.0,0.0,0.0,0.0,0.0,0.0,0.0,0.0,-8.0,-8.0,-8.0,-7.0,-8.0,-8.0,-9.0,-8.0,-8.0,-9.0,-9.0,-9.0,-8.0,-8.0,-10.0,-9.0,-10.0,-8.0,-10.0,-8.0,-10.0,-9.0,-9.0,-9.0,-10.0,-9.0,-9.0,-9.0,-11.0,-9.0,-10.0,-9.0,-10.0,-9.0,-11.0,-8.0,-10.0,-9.0,-11.0,-8.0,-10.0,-9.0,-11.0,-8.0,-11.0,-8.0,-11.0,-9.0,-11.0,-9.0,-11.0,-8.0
0.1133,122.0,-96.0,7.0,0.0,0.0,0.0,0.0,0.0,0.0,0.0,0.0,0.0,17.0,19.0,15.0,16.0,13.0,14.0,10.0,12.0,6.0,9.0,1.0,7.0,-4.0,5.0,-9.0,4.0,-14.0,3.0,-19.0,3.0,-23.0,2.0,-26.0,3.0,-29.0,4.0,-30.0,6.0,-31.0,7.0,-30.0,7.0,-28.0,8.0,-25.0,7.0,-22.0,7.0,-18.0,5.0,-13.0,2.0,-9.0,-2.0,-4.0,-6.0,0.0,-10.0,3.0,-14.0,5.0,-19.0
0.1272,122.0,-96.0,7.0,0.0,0.0,0.0,0.0,0.0,0.0,0.0,0.0,0.0,8.0,-5.0,8.0,-6.0,8.0,-5.0,9.0,-6.0,8.0,-5.0,8.0,-6.0,8.0,-6.0,9.0,-7.0,9.0,-6.0,8.0,-6.0,9.0,-7.0,9.0,-7.0,9.0,-7.0,8.0,-7.0,9.0,-8.0,9.0,-7.0,9.0,-8.0,8.0,-7.0,9.0,-8.0,9.0,-7.0,9.0,-7.0,9.0,-7.0,8.0,-8.0,9.0,-7.0,9.0,-8.0,9.0,-8.0
0.1432,122.0,-96.0,7.0,0.0,0.0,0.0,0.0,0.0,0.0,0.0,0.0,0.0,-8.0,-7.0,-9.0,-7.0,-9.0,-7.0,-9.0,-8.0,-9.0,-8.0,-10.0,-8.0,-10.0,-8.0,-9.0,-8.0,-10.0,-8.0,-10.0,-9.0,-10.0,-8.0,-10.0,-9.0,-10.0,-9.0,-10.0,-9.0,-11.0,-8.0,-10.0,-8.0,-10.0,-8.0,-11.0,-8.0,-11.0,-8.0,-11.0,-8.0,-11.0,-8.0,-11.0,-8.0,-11.0,-8.0,-11.0,-9.0,-11.0,-8.0,-11.0,-8.0
0.1463,98.0,33.0,22.0,0.0,0.0,0.0,0.0,0.0,0.0,0.0,0.0,0.0,13.0,20.0,11.0,17.0,10.0,12.0,10.0,8.0,8.0,3.0,7.0,-2.0,7.0,-7.0,6.0,-12.0,4.0,-17.0,3.0,-20.0,1.0,-23.0,-1.0,-26.0,-2.0,-27.0,-5.0,-28.0,-6.0,-27.0,-8.0,-26.0,-9.0,-23.0,-9.0,-20.0,-8.0,-15.0,-7.0,-10.0,-4.0,-4.0,-1.0,1.0,2.0,7.0,6.0,13.0,10.0,19.0,14.0,24.0
0.1618,122.0,-96.0,7.0,0.0,0.0,0.0,0.0,0.0,0.0,0.0,0.0,0.0,10.0,-4.0,7.0,-1.0,3.0,4.0,1.0,8.0,-2.0,13.0,-3.0,18.0,-4.0,21.0,-4.0,25.0,-3.0,28.0,-3.0,29.0,-2.0,30.0,-1.0,29.0,0.0,27.0,1.0,25.0,1.0,21.0,0.0,17.0,-2.0,12.0,-4.0,7.0,-7.0,2.0,-10.0,-3.0,-13.0,-7.0,-17.0,-10.0,-21.0,-13.0,-24.0,-14.0,-27.0,-15.0,-29.0,-15.0
0.176,122.0,-96.0,7.0,0.0,0.0,0.0,0.0,0.0,0.0,0.0,0.0,0.0,17.0,-17.0,17.0,-19.0,17.0,-20.0,16.0,-19.0,15.0,-19.0,14.0,-18.0,11.0,-16.0,10.0,-12.0,8.0,-9.0,7.0,-4.0,5.0,1.0,4.0,6.0,4.0,11.0,3.0,15.0,4.0,19.0,4.0,22.0,5.0,24.0,6.0,27.0,7.0,27.0,8.0,26.0,8.0,26.0,8.0,23.0,7.0,20.0,5.0,16.0,3.0,12.0,0.0,8.0
0.1904,122.0,-96.0,7.0,0.0,0.0,0.0,0.0,0.0,0.0,0.0,0.0,0.0,12.0,-3.0,7.0,1.0,3.0,5.0,-1.0,9.0,-4.0,14.0,-6.0,20.0,-8.0,24.0,-9.0,27.0,-9.0,31.0,-8.0,32.0,-7.0,33.0,-6.0,33.0,-5.0,31.0,-3.0,29.0,-3.0,24.0,-3.0,18.0,-4.0,13.0,-5.0,7.0,-8.0,1.0,-10.0,-5.0,-14.0,-10.0,-18.0,-14.0,-21.0,-18.0,-25.0,-20.0,-28.0,-21.0,-30.0,-21.0
0.2046,122.0,-96.0,7.0,0.0,0.0,0.0,0.0,0.0,0.0,0.0,0.0,0.0,11.0,0.0,15.0,1.0,19.0,2.0,22.0,2.0,24.0,2.0,26.0,2.0,26.0,1.0,26.0,1.0,25.0,0.0,22.0,0.0,18.0,0.0,14.0,1.0,10.0,2.0,5.0,3.0,0.0,5.0,-4.0,8.0,-9.0,11.0,-12.0,14.0,-15.0,17.0,-17.0,19.0,-18.0,22.0,-18.0,23.0,-17.0,24.0,-16.0,23.0,-14.0,22.0,-12.0,19.0
0.2201,122.0,-96.0,7.0,0.0,0.0,0.0,0.0,0.0,0.0,0.0,0.0,0.0,9.0,-9.0,13.0,-11.0,17.0,-14.0,19.0,-15.0,21.0,-18.0,22.0,-19.0,22.0,-20.0,21.0,-21.0,20.0,-20.0,18.0,-18.0,15.0,-15.0,13.0,-11.0,10.0,-8.0,7.0,-3.0,5.0,2.0,3.0,8.0,3.0,13.0,2.0,18.0,2.0,23.0,3.0,27.0,4.0,30.0,4.0,31.0,6.0,31.0,6.0,30.0,7.0,28.0,7.0,25.0
0.2339,122.0,-96.0,7.0,0.0,0.0,0.0,0.0,0.0,0.0,0.0,0.0,0.0,-3.0,9.0,-3.0,10.0,-5.0,10.0,-3.0,10.0,-3.0,10.0,-3.0,10.0,-5.0,11.0,-2.0,12.0,-3.0,10.0,-3.0,11.0,-5.0,11.0,-3.0,12.0,-4.0,11.0,-3.0,12.0,-3.0,13.0,-3.0,12.0,-3.0,12.0,-3.0,13.0,-2.0,12.0,-2.0,12.0,-3.0,12.0,-2.0,12.0,-2.0,12.0,-2.0,12.0,-3.0,13.0,-2.0,13.0
0.2472,122.0,-96.0,7.0,0.0,0.0,0.0,0.0,0.0,0.0,0.0,0.0,0.0,-5.0,9.0,-5.0,4.0,-6.0,-1.0,-7.0,-6.0,-10.0,-11.0,-12.0,-15.0,-14.0,-18.0,-17.0,-21.0,-19.0,-22.0,-20.0,-23.0,-22.0,-23.0,-21.0,-21.0,-20.0,-19.0,-20.0,-17.0,-16.0,-14.0,-13.0,-12.0,-8.0,-9.0,-2.0,-8.0,4.0,-6.0,9.0,-5.0,15.0,-5.0,19.0,-6.0,24.0,-7.0,27.0,-9.0,29.0,-10.0,29.0,-11.0
0.2619,122.0,-96.0,7.0,0.0,0.0,0.0,0.0,0.0,0.0,0.0,0.0,0.0,-22.0,3.0,-23.0,4.0,-23.0,5.0,-22.0,5.0,-21.0,5.0,-20.0,5.0,-17.0,4.0,-14.0,2.0,-11.0,0.0,-7.0,-2.0,-3.0,-5.0,0.0,-8.0,3.0,-12.0,5.0,-15.0,6.0,-18.0,8.0,-20.0,8.0,-23.0,9.0,-24.0,8.0,-25.0,7.0,-25.0,7.0,-23.0,5.0,-21.0,4.0,-19.0,4.0,-14.0,3.0,-10.0,3.0,-6.0
0.2762,122.0,-96.0,7.0,0.0,0.0,0.0,0.0,0.0,0.0,0.0,0.0,0.0,-18.0,-13.0,-19.0,-14.0,-20.0,-14.0,-20.0,-13.0,-19.0,-12.0,-18.0,-11.0,-15.0,-9.0,-12.0,-8.0,-8.0,-7.0,-4.0,-6.0,1.0,-5.0,5.0,-5.0,10.0,-6.0,14.0,-6.0,17.0,-7.0,20.0,-8.0,22.0,-9.0,23.0,-10.0,24.0,-11.0,22.0,-11.0,21.0,-11.0,19.0,-10.0,16.0,-9.0,13.0,-7.0,9.0,-4.0,6.0,-1.0
0.29,122.0,-96.0,7.0,0.0,0.0,0.0,0.0,0.0,0.0,0.0,0.0,0.0,26.0,2.0,28.0,1.0,28.0,0.0,28.0,0.0,26.0,-1.0,24.0,-1.0,21.0,-1.0,16.0,0.0,12.0,1.0,7.0,4.0,2.0,5.0,-4.0,8.0,-8.0,11.0,-12.0,14.0,-15.0,18.0,-17.0,20.0,-19.0,22.0,-20.0,24.0,-20.0,25.0,-18.0,25.0,-18.0,24.0,-15.0,21.0,-13.0,19.0,-11.0,14.0,-8.0,9.0,-7.0,4.0
0.3037,122.0,-96.0,7.0,0.0,0.0,0.0,0.0,0.0,0.0,0.0,0.0,0.0,2.0,11.0,2.0,11.0,3.0,11.0,3.0,11.0,3.0,12.0,2.0,11.0,3.0,11.0,3.0,11.0,3.0,12.0,3.0,12.0,3.0,13.0,3.0,12.0,2.0,13.0,4.0,12.0,3.0,12.0,3.0,12.0,3.0,13.0,4.0,13.0,4.0,12.0,4.0,13.0,4.0,13.0,3.0,12.0,4.0,12.0,4.0,13.0,3.0,13.0,4.0,13.0
0.3188,122.0,-96.0,7.0,0.0,0.0,0.0,0.0,0.0,0.0,0.0,0.0,0.0,-10.0,6.0,-8.0,2.0,-5.0,-3.0,-4.0,-8.0,-3.0,-14.0,-3.0,-19.0,-4.0,-23.0,-4.0,-26.0,-6.0,-28.0,-6.0,-30.0,-8.0,-30.0,-8.0,-29.0,-9.0,-27.0,-9.0,-25.0,-8.0,-21.0,-6.0,-17.0,-3.0,-13.0,0.0,-9.0,5.0,-5.0,9.0,-1.0,14.0,2.0,18.0,4.0,23.0,6.0,27.0,6.0,29.0,6.0,30.0,6.0
0.3326,122.0,-96.0,7.0,0.0,0.0,0.0,0.0,0.0,0.0,0.0,0.0,0.0,-26.0,-8.0,-28.0,-8.0,-28.0,-8.0,-28.0,-7.0,-26.0,-6.0,-24.0,-5.0,-21.0,-5.0,-16.0,-5.0,-11.0,-5.0,-6.0,-6.0,0.0,-7.0,5.0,-9.0,10.0,-11.0,15.0,-13.0,18.0,-15.0,21.0,-17.0,23.0,-19.0,24.0,-20.0,24.0,-21.0,22.0,-21.0,21.0,-20.0,18.0,-18.0,15.0,-16.0,12.0,-11.0,9.0,-7.0,6.0,-2.0
0.3472,122.0,-96.0,7.0,0.0,0.0,0.0,0.0,0.0,0.0,0.0,0.0,0.0,14.0,-16.0,14.0,-17.0,14.0,-16.0,14.0,-17.0,13.0,-17.0,14.0,-18.0,14.0,-18.0,14.0,-18.0,14.0,-19.0,14.0,-18.0,14.0,-18.0,14.0,-18.0,14.0,-19.0,14.0,-19.0,14.0,-20.0,13.0,-19.0,14.0,-20.0,13.0,-19.0,13.0,-20.0,13.0,-20.0,14.0,-20.0,13.0,-20.0,13.0,-20.0,13.0,-20.0,13.0,-20.0,13.0,-21.0
0.3607,122.0,-96.0,7.0,0.0,0.0,0.0,0.0,0.0,0.0,0.0,0.0,0.0,0.0,-21.0,0.0,-21.0,0.0,-21.0,-1.0,-22.0,-1.0,-22.0,-1.0,-22.0,-1.0,-23.0,-1.0,-22.0,-1.0,-23.0,-1.0,-23.0,-1.0,-23.0,-1.0,-23.0,-1.0,-23.0,-2.0,-24.0,-2.0,-24.0,-2.0,-23.0,-2.0,-24.0,-2.0,-23.0,-2.0,-24.0,-3.0,-24.0,-3.0,-24.0,-2.0,-23.0,-3.0,-24.0,-3.0,-24.0,-2.0,-24.0,-3.0,-24.0
0.395,122.0,-96.0,7.0,0.0,0.0,0.0,0.0,0.0,0.0,0.0,0.0,0.0,3.0,23.0,5.0,24.0,5.0,24.0,6.0,24.0,6.0,22.0,5.0,21.0,4.0,17.0,2.0,14.0,0.0,10.0,-3.0,6.0,-5.0,2.0,-9.0,-1.0,-14.0,-4.0,-17.0,-7.0,-21.0,-8.0,-23.0,-10.0,-26.0,-10.0,-27.0,-10.0,-28.0,-9.0,-27.0,-8.0,-26.0,-8.0,-23.0,-6.0,-19.0,-5.0,-15.0,-5.0,-10.0,-5.0,-5.0,-5.0
0.417,122.0,-96.0,7.0,0.0,0.0,0.0,0.0,0.0,0.0,0.0,0.0,0.0,-13.0,-9.0,-14.0,-9.0,-14.0,-10.0,-15.0,-10.0,-15.0,-10.0,-15.0,-10.0,-15.0,-9.0,-16.0,-11.0,-15.0,-10.0,-16.0,-9.0,-16.0,-10.0,-16.0,-9.0,-15.0,-10.0,-17.0,-10.0,-17.0,-11.0,-16.0,-10.0,-17.0,-10.0,-17.0,-9.0,-17.0,-9.0,-17.0,-10.0,-17.0,-9.0,-17.0,-10.0,-17.0,-9.0,-18.0,-9.0,-18.0,-10.0,-18.0,-9.0
0.4234,122.0,-96.0,7.0,0.0,0.0,0.0,0.0,0.0,0.0,0.0,0.0,0.0,5.0,-13.0,5.0,-13.0,5.0,-13.0,5.0,-13.0,5.0,-13.0,5.0,-14.0,5.0,-14.0,5.0,-14.0,5.0,-14.0,5.0,-14.0,5.0,-14.0,5.0,-15.0,5.0,-15.0,5.0,-15.0,5.0,-15.0,5.0,-15.0,5.0,-15.0,5.0,-16.0,5.0,-16.0,5.0,-15.0,5.0,-15.0,5.0,-15.0,5.0,-16.0,4.0,-16.0,5.0,-16.0,4.0,-17.0
0.4323,122.0,-96.0,7.0,0.0,0.0,0.0,0.0,0.0,0.0,0.0,0.0,0.0,1.0,12.0,-2.0,7.0,-6.0,3.0,-10.0,-1.0,-15.0,-4.0,-21.0,-7.0,-24.0,-8.0,-29.0,-9.0,-32.0,-9.0,-33.0,-9.0,-34.0,-8.0,-33.0,-7.0,-32.0,-6.0,-29.0,-4.0,-25.0,-4.0,-20.0,-4.0,-15.0,-4.0,-8.0,-6.0,-2.0,-8.0,4.0,-10.0,9.0,-14.0,14.0,-17.0,17.0,-21.0,20.0,-24.0,21.0,-27.0,21.0,-29.0
0.4475,122.0,-96.0,7.0,0.0,0.0,0.0,0.0,0.0,0.0,0.0,0.0,0.0,-4.0,-13.0,-5.0,-13.0,-5.0,-14.0,-5.0,-14.0,-5.0,-14.0,-5.0,-14.0,-5.0,-15.0,-5.0,-15.0,-5.0,-15.0,-6.0,-15.0,-6.0,-15.0,-5.0,-15.0,-5.0,-15.0,-6.0,-15.0,-6.0,-15.0,-6.0,-16.0,-6.0,-15.0,-6.0,-16.0,-6.0,-15.0,-7.0,-16.0,-6.0,-16.0,-7.0,-16.0,-8.0,-16.0,-8.0,-16.0,-7.0,-16.0,-7.0,-16.0
0.4611,122.0,-96.0,7.0,0.0,0.0,0.0,0.0,0.0,0.0,0.0,0.0,0.0,10.0,-1.0,11.0,-1.0,11.0,-1.0,11.0,-1.0,11.0,-1.0,12.0,-1.0,11.0,-2.0,11.0,-2.0,11.0,-1.0,12.0,-2.0,12.0,-1.0,12.0,-2.0,12.0,-1.0,11.0,-2.0,11.0,-1.0,12.0,-2.0,12.0,-3.0,12.0,-2.0,12.0,-2.0,12.0,-2.0,12.0,-3.0,12.0,-2.0,13.0,-3.0,13.0,-3.0,12.0,-3.0,13.0,-3.0
0.4758,122.0,-96.0,7.0,0.0,0.0,0.0,0.0,0.0,0.0,0.0,0.0,0.0,-4.0,-11.0,-4.0,-12.0,-4.0,-11.0,-4.0,-12.0,-3.0,-12.0,-4.0,-11.0,-4.0,-11.0,-4.0,-11.0,-4.0,-12.0,-4.0,-12.0,-5.0,-12.0,-5.0,-12.0,-6.0,-12.0,-5.0,-13.0,-5.0,-13.0,-5.0,-12.0,-6.0,-13.0,-5.0,-12.0,-5.0,-12.0,-6.0,-13.0,-5.0,-12.0,-6.0,-13.0,-6.0,-13.0,-6.0,-13.0,-6.0,-13.0,-6.0,-13.0
0.4896,122.0,-96.0,7.0,0.0,0.0,0.0,0.0,0.0,0.0,0.0,0.0,0.0,-10.0,5.0,-14.0,6.0,-18.0,8.0,-20.0,9.0,-22.0,10.0,-24.0,12.0,-24.0,13.0,-23.0,14.0,-22.0,14.0,-20.0,12.0,-17.0,10.0,-15.0,8.0,-11.0,5.0,-8.0,1.0,-6.0,-3.0,-3.0,-8.0,-2.0,-12.0,0.0,-17.0,0.0,-21.0,0.0,-24.0,0.0,-27.0,-1.0,-28.0,-2.0,-30.0,-2.0,-29.0,-4.0,-28.0,-4.0,-25.0
0.5021,122.0,-96.0,7.0,0.0,0.0,0.0,0.0,0.0,0.0,0.0,0.0,0.0,5.0,-29.0,4.0,-26.0,4.0,-23.0,4.0,-18.0,4.0,-13.0,5.0,-8.0,6.0,-2.0,9.0,4.0,12.0,10.0,14.0,14.0,17.0,18.0,20.0,21.0,23.0,22.0,25.0,23.0,26.0,23.0,26.0,21.0,25.0,19.0,23.0,17.0,19.0,14.0,15.0,12.0,10.0,10.0,3.0,8.0,-3.0,7.0,-10.0,5.0,-15.0,5.0,-22.0,5.0
0.5182,122.0,-96.0,7.0,0.0,0.0,0.0,0.0,0.0,0.0,0.0,0.0,0.0,-11.0,-6.0,-11.0,-6.0,-11.0,-6.0,-12.0,-6.0,-12.0,-6.0,-13.0,-6.0,-12.0,-6.0,-12.0,-6.0,-13.0,-6.0,-13.0,-6.0,-13.0,-6.0,-13.0,-7.0,-12.0,-6.0,-13.0,-6.0,-14.0,-6.0,-13.0,-6.0,-13.0,-6.0,-13.0,-6.0,-14.0,-6.0,-14.0,-6.0,-14.0,-6.0,-14.0,-6.0,-14.0,-6.0,-14.0,-6.0,-14.0,-6.0,-14.0,-6.0
0.5304,122.0,-96.0,7.0,0.0,0.0,0.0,0.0,0.0,0.0,0.0,0.0,0.0,1.0,10.0,-2.0,6.0,-5.0,3.0,-9.0,0.0,-14.0,-3.0,-18.0,-5.0,-22.0,-6.0,-26.0,-7.0,-28.0,-7.0,-30.0,-6.0,-30.0,-6.0,-30.0,-5.0,-28.0,-4.0,-26.0,-2.0,-22.0,-2.0,-18.0,-2.0,-13.0,-3.0,-8.0,-5.0,-2.0,-7.0,2.0,-9.0,7.0,-13.0,11.0,-16.0,14.0,-20.0,15.0,-23.0,16.0,-26.0,16.0,-27.0
0.5452,122.0,-96.0,7.0,0.0,0.0,0.0,0.0,0.0,0.0,0.0,0.0,0.0,10.0,-5.0,6.0,-1.0,4.0,3.0,2.0,8.0,0.0,13.0,0.0,18.0,-1.0,21.0,0.0,25.0,1.0,28.0,1.0,29.0,2.0,30.0,3.0,29.0,4.0,27.0,5.0,25.0,3.0,21.0,3.0,16.0,0.0,12.0,-3.0,8.0,-6.0,3.0,-10.0,-1.0,-14.0,-4.0,-19.0,-7.0,-23.0,-9.0,-26.0,-10.0,-29.0,-10.0,-30.0,-10.0
0.5604,122.0,-96.0,7.0,0.0,0.0,0.0,0.0,0.0,0.0,0.0,0.0,0.0,-2.0,10.0,-4.0,6.0,-6.0,1.0,-9.0,-3.0,-12.0,-7.0,-16.0,-11.0,-19.0,-13.0,-22.0,-15.0,-25.0,-16.0,-26.0,-16.0,-27.0,-14.0,-27.0,-13.0,-26.0,-12.0,-25.0,-9.0,-21.0,-9.0,-16.0,-7.0,-12.0,-7.0,-6.0,-7.0,0.0,-7.0,5.0,-8.0,11.0,-10.0,15.0,-12.0,19.0,-15.0,21.0,-17.0,23.0,-19.0,24.0,-21.0
0.5627,-120.0,-126.0,40.0,0.0,0.0,0.0,0.0,0.0,0.0,0.0,0.0,0.0,14.0,-6.0,11.0,-5.0,8.0,-5.0,5.0,-6.0,1.0,-6.0,-2.0,-7.0,-6.0,-7.0,-9.0,-8.0,-12.0,-8.0,-14.0,-8.0,-16.0,-8.0,-18.0,-7.0,-19.0,-7.0,-20.0,-5.0,-19.0,-3.0,-18.0,-2.0,-17.0,-1.0,-14.0,0.0,-11.0,0.0,-8.0,1.0,-3.0,1.0,2.0,1.0,6.0,0.0,10.0,-1.0,15.0,0.0,19.0,-3.0
0.5778,122.0,-96.0,7.0,0.0,0.0,0.0,0.0,0.0,0.0,0.0,0.0,0.0,1.0,-29.0,0.0,-27.0,0.0,-23.0,1.0,-18.0,2.0,-14.0,4.0,-8.0,6.0,-3.0,9.0,3.0,13.0,8.0,17.0,11.0,19.0,15.0,22.0,17.0,26.0,19.0,28.0,19.0,30.0,18.0,29.0,16.0,28.0,15.0,25.0,13.0,21.0,11.0,17.0,9.0,11.0,8.0,5.0,7.0,-2.0,7.0,-8.0,7.0,-15.0,7.0,-20.0,9.0
0.5912,122.0,-96.0,7.0,0.0,0.0,0.0,0.0,0.0,0.0,0.0,0.0,0.0,22.0,13.0,24.0,14.0,24.0,13.0,24.0,13.0,24.0,11.0,21.0,10.0,18.0,9.0,14.0,8.0,10.0,7.0,4.0,6.0,-1.0,6.0,-7.0,6.0,-12.0,7.0,-17.0,8.0,-21.0,10.0,-24.0,11.0,-27.0,13.0,-28.0,14.0,-28.0,15.0,-27.0,16.0,-26.0,15.0,-22.0,14.0,-19.0,12.0,-16.0,9.0,-12.0,5.0,-9.0,1.0
0.6052,122.0,-96.0,7.0,0.0,0.0,0.0,0.0,0.0,0.0,0.0,0.0,0.0,-12.0,-1.0,-7.0,-3.0,-2.0,-6.0,2.0,-9.0,5.0,-13.0,8.0,-17.0,10.0,-20.0,12.0,-23.0,12.0,-26.0,12.0,-27.0,11.0,-28.0,10.0,-28.0,8.0,-27.0,7.0,-25.0,6.0,-21.0,5.0,-16.0,5.0,-11.0,5.0,-5.0,7.0,1.0,8.0,6.0,10.0,11.0,12.0,16.0,16.0,19.0,18.0,21.0,21.0,22.0,22.0,22.0
0.6203,122.0,-96.0,7.0,0.0,0.0,0.0,0.0,0.0,0.0,0.0,0.0,0.0,10.0,3.0,14.0,5.0,17.0,7.0,20.0,8.0,22.0,9.0,24.0,9.0,25.0,8.0,25.0,7.0,23.0,6.0,21.0,6.0,17.0,5.0,13.0,5.0,9.0,5.0,4.0,5.0,-1.0,5.0,-6.0,7.0,-11.0,9.0,-15.0,10.0,-18.0,13.0,-21.0,15.0,-22.0,17.0,-22.0,18.0,-22.0,19.0,-21.0,18.0,-19.0,18.0,-16.0,16.0
0.6346,122.0,-96.0,7.0,0.0,0.0,0.0,0.0,0.0,0.0,0.0,0.0,0.0,-22.0,-15.0,-20.0,-14.0,-17.0,-12.0,-13.0,-10.0,-9.0,-9.0,-4.0,-8.0,1.0,-7.0,7.0,-6.0,12.0,-7.0,17.0,-8.0,20.0,-8.0,24.0,-10.0,26.0,-11.0,27.0,-13.0,28.0,-14.0,27.0,-14.0,25.0,-14.0,22.0,-13.0,19.0,-11.0,15.0,-9.0,11.0,-5.0,7.0,-1.0,4.0,4.0,1.0,9.0,-1.0,14.0,-2.0,19.0
0.6479,122.0,-96.0,7.0,0.0,0.0,0.0,0.0,0.0,0.0,0.0,0.0,0.0,-6.0,-12.0,-7.0,-16.0,-9.0,-20.0,-9.0,-24.0,-11.0,-25.0,-13.0,-27.0,-14.0,-27.0,-14.0,-26.0,-14.0,-25.0,-13.0,-22.0,-11.0,-19.0,-8.0,-16.0,-5.0,-12.0,-1.0,-9.0,3.0,-5.0,9.0,-3.0,14.0,-1.0,18.0,1.0,24.0,2.0,27.0,2.0,30.0,2.0,31.0,2.0,31.0,0.0,31.0,-1.0,29.0,-3.0,26.0,-2.0
0.6617,122.0,-96.0,7.0,0.0,0.0,0.0,0.0,0.0,0.0,0.0,0.0,0.0,12.0,-5.0,13.0,-5.0,13.0,-5.0,13.0,-5.0,13.0,-5.0,14.0,-5.0,14.0,-5.0,14.0,-6.0,13.0,-5.0,13.0,-6.0,14.0,-6.0,14.0,-6.0,14.0,-6.0,14.0,-6.0,14.0,-6.0,14.0,-6.0,14.0,-6.0,14.0,-6.0,14.0,-7.0,14.0,-7.0,14.0,-7.0,14.0,-7.0,14.0,-8.0,15.0,-7.0,15.0,-8.0,15.0,-8.0
0.6775,122.0,-96.0,7.0,0.0,0.0,0.0,0.0,0.0,0.0,0.0,0.0,0.0,-7.0,11.0,-7.0,11.0,-7.0,11.0,-8.0,11.0,-8.0,12.0,-8.0,12.0,-8.0,12.0,-8.0,13.0,-8.0,12.0,-8.0,13.0,-8.0,13.0,-9.0,13.0,-8.0,12.0,-8.0,13.0,-8.0,13.0,-8.0,13.0,-8.0,13.0,-8.0,13.0,-8.0,14.0,-8.0,14.0,-8.0,14.0,-8.0,14.0,-7.0,14.0,-7.0,14.0,-8.0,14.0,-8.0,15.0
0.681,98.0,33.0,22.0,0.0,0.0,0.0,0.0,0.0,0.0,0.0,0.0,0.0,-10.0,5.0,-6.0,6.0,-3.0,7.0,0.0,9.0,5.0,10.0,8.0,12.0,10.0,14.0,13.0,13.0,14.0,14.0,16.0,13.0,18.0,12.0,18.0,11.0,16.0,8.0,15.0,6.0,13.0,3.0,10.0,0.0,6.0,-1.0,1.0,-2.0,-3.0,-4.0,-9.0,-5.0,-14.0,-7.0,-18.0,-7.0,-23.0,-7.0,-26.0,-5.0,-29.0,-5.0,-30.0,-5.0
0.6955,122.0,-96.0,7.0,0.0,0.0,0.0,0.0,0.0,0.0,0.0,0.0,0.0,-5.0,12.0,-5.0,12.0,-5.0,13.0,-5.0,12.0,-5.0,13.0,-5.0,14.0,-5.0,13.0,-5.0,14.0,-5.0,13.0,-6.0,14.0,-6.0,14.0,-6.0,14.0,-6.0,14.0,-6.0,14.0,-5.0,14.0,-5.0,14.0,-5.0,14.0,-5.0,15.0,-5.0,15.0,-5.0,15.0,-5.0,15.0,-5.0,15.0,-5.0,15.0,-5.0,15.0,-5.0,15.0,-5.0,15.0
0.7087,122.0,-96.0,7.0,0.0,0.0,0.0,0.0,0.0,0.0,0.0,0.0,0.0,10.0,-1.0,11.0,-1.0,10.0,-1.0,10.0,-1.0,11.0,-1.0,11.0,-2.0,11.0,-2.0,11.0,-1.0,11.0,-1.0,11.0,-2.0,12.0,-2.0,12.0,-2.0,11.0,-2.0,12.0,-2.0,12.0,-2.0,12.0,-2.0,12.0,-3.0,12.0,-2.0,12.0,-2.0,12.0,-3.0,12.0,-3.0,12.0,-3.0,12.0,-3.0,12.0,-3.0,12.0,-3.0,13.0,-4.0
0.7226,122.0,-96.0,7.0,0.0,0.0,0.0,0.0,0.0,0.0,0.0,0.0,0.0,2.0,12.0,2.0,16.0,3.0,21.0,3.0,23.0,4.0,27.0,5.0,28.0,7.0,28.0,7.0,28.0,7.0,26.0,7.0,23.0,5.0,20.0,3.0,16.0,1.0,12.0,-2.0,7.0,-5.0,3.0,-10.0,0.0,-14.0,-4.0,-19.0,-6.0,-23.0,-8.0,-27.0,-9.0,-30.0,-9.0,-31.0,-9.0,-32.0,-8.0,-31.0,-7.0,-30.0,-5.0,-27.0,-4.0
0.7363,122.0,-96.0,7.0,0.0,0.0,0.0,0.0,0.0,0.0,0.0,0.0,0.0,-9.0,-8.0,-12.0,-11.0,-14.0,-14.0,-16.0,-16.0,-19.0,-17.0,-20.0,-18.0,-21.0,-17.0,-22.0,-16.0,-21.0,-15.0,-19.0,-14.0,-16.0,-12.0,-12.0,-10.0,-9.0,-8.0,-4.0,-7.0,1.0,-6.0,6.0,-6.0,11.0,-6.0,16.0,-6.0,20.0,-7.0,23.0,-9.0,25.0,-10.0,26.0,-11.0,26.0,-12.0,25.0,-12.0,24.0,-13.0,21.0,-12.0
0.7494,122.0,-96.0,7.0,0.0,0.0,0.0,0.0,0.0,0.0,0.0,0.0,0.0,-3.0,11.0,-4.0,6.0,-6.0,1.0,-8.0,-4.0,-11.0,-8.0,-14.0,-12.0,-17.0,-14.0,-20.0,-17.0,-23.0,-18.0,-24.0,-18.0,-25.0,-17.0,-25.0,-16.0,-25.0,-15.0,-24.0,-13.0,-20.0,-11.0,-16.0,-10.0,-12.0,-8.0,-7.0,-8.0,-1.0,-7.0,4.0,-7.0,10.0,-8.0,15.0,-9.0,19.0,-11.0,23.0,-14.0,25.0,-15.0,26.0,-17.0
0.764,122.0,-96.0,7.0,0.0,0.0,0.0,0.0,0.0,0.0,0.0,0.0,0.0,-7.0,-26.0,-7.0,-24.0,-6.0,-20.0,-4.0,-17.0,-2.0,-12.0,1.0,-9.0,4.0,-5.0,8.0,-1.0,12.0,2.0,16.0,5.0,19.0,7.0,23.0,8.0,26.0,9.0,28.0,8.0,30.0,8.0,29.0,7.0,28.0,6.0,25.0,5.0,22.0,4.0,18.0,3.0,13.0,4.0,7.0,4.0,2.0,5.0,-4.0,7.0,-9.0,9.0,-14.0,12.0
0.7793,122.0,-96.0,7.0,0.0,0.0,0.0,0.0,0.0,0.0,0.0,0.0,0.0,-9.0,-8.0,-8.0,-7.0,-9.0,-8.0,-8.0,-8.0,-10.0,-8.0,-9.0,-8.0,-10.0,-8.0,-10.0,-8.0,-10.0,-7.0,-10.0,-9.0,-10.0,-9.0,-10.0,-8.0,-10.0,-9.0,-10.0,-8.0,-10.0,-9.0,-10.0,-9.0,-10.0,-8.0,-12.0,-8.0,-11.0,-9.0,-11.0,-8.0,-11.0,-8.0,-11.0,-8.0,-11.0,-8.0,-11.0,-8.0,-11.0,-8.0,-11.0,-8.0
0.792,122.0,-96.0,7.0,0.0,0.0,0.0,0.0,0.0,0.0,0.0,0.0,0.0,6.0,10.0,2.0,7.0,-4.0,5.0,-9.0,4.0,-15.0,3.0,-21.0,3.0,-25.0,3.0,-29.0,4.0,-32.0,6.0,-33.0,7.0,-34.0,9.0,-32.0,10.0,-30.0,10.0,-28.0,10.0,-23.0,8.0,-19.0,5.0,-14.0,3.0,-10.0,-1.0,-5.0,-6.0,-1.0,-11.0,2.0,-17.0,4.0,-22.0,5.0,-27.0,5.0,-31.0,5.0,-34.0,4.0,-36.0
0.8071,122.0,-96.0,7.0,0.0,0.0,0.0,0.0,0.0,0.0,0.0,0.0,0.0,12.0,-10.0,12.0,-10.0,13.0,-10.0,13.0,-10.0,14.0,-10.0,13.0,-11.0,13.0,-11.0,13.0,-12.0,13.0,-11.0,13.0,-12.0,14.0,-12.0,14.0,-12.0,13.0,-11.0,13.0,-12.0,13.0,-12.0,14.0,-12.0,14.0,-12.0,13.0,-13.0,13.0,-12.0,13.0,-13.0,14.0,-13.0,13.0,-14.0,13.0,-14.0,14.0,-14.0,14.0,-14.0,14.0,-14.0
0.8117,98.0,33.0,22.0,0.0,0.0,0.0,0.0,0.0,0.0,0.0,0.0,0.0,21.0,-15.0,17.0,-12.0,10.0,-11.0,9.0,-12.0,4.0,-9.0,-2.0,-9.0,-5.0,-8.0,-11.0,-6.0,-16.0,-5.0,-20.0,-3.0,-24.0,-1.0,-26.0,-1.0,-26.0,1.0,-28.0,3.0,-26.0,7.0,-26.0,7.0,-23.0,8.0,-19.0,7.0,-14.0,7.0,-11.0,5.0,-5.0,5.0,2.0,0.0,7.0,-3.0,13.0,-7.0,19.0,-10.0,24.0,-14.0
0.8272,122.0,-96.0,7.0,0.0,0.0,0.0,0.0,0.0,0.0,0.0,0.0,0.0,-11.0,4.0,-7.0,0.0,-5.0,-4.0,-3.0,-9.0,-1.0,-14.0,0.0,-19.0,0.0,-23.0,0.0,-26.0,-1.0,-29.0,-2.0,-30.0,-3.0,-31.0,-4.0,-30.0,-4.0,-28.0,-5.0,-26.0,-4.0,-22.0,-3.0,-18.0,-1.0,-13.0,2.0,-8.0,5.0,-4.0,9.0,0.0,13.0,4.0,17.0,7.0,22.0,9.0,25.0,10.0,28.0,10.0,29.0,10.0
0.8437,122.0,-96.0,7.0,0.0,0.0,0.0,0.0,0.0,0.0,0.0,0.0,0.0,-20.0,12.0,-18.0,11.0,-15.0,9.0,-12.0,7.0,-10.0,4.0,-7.0,0.0,-5.0,-5.0,-3.0,-9.0,-1.0,-13.0,0.0,-18.0,0.0,-21.0,0.0,-24.0,0.0,-26.0,-2.0,-28.0,-2.0,-28.0,-3.0,-28.0,-3.0,-26.0,-3.0,-23.0,-3.0,-19.0,-1.0,-15.0,1.0,-11.0,3.0,-6.0,6.0,-2.0,9.0,2.0,12.0,6.0,16.0,9.0
0.8591,122.0,-96.0,7.0,0.0,0.0,0.0,0.0,0.0,0.0,0.0,0.0,0.0,-7.0,-12.0,-7.0,-12.0,-7.0,-12.0,-7.0,-13.0,-7.0,-13.0,-8.0,-14.0,-8.0,-13.0,-8.0,-13.0,-8.0,-13.0,-8.0,-14.0,-8.0,-14.0,-8.0,-14.0,-8.0,-14.0,-8.0,-14.0,-9.0,-14.0,-9.0,-14.0,-9.0,-14.0,-9.0,-14.0,-9.0,-14.0,-9.0,-14.0,-9.0,-14.0,-9.0,-14.0,-10.0,-14.0,-10.0,-14.0,-9.0,-14.0,-10.0,-14.0
0.8726,122.0,-96.0,7.0,0.0,0.0,0.0,0.0,0.0,0.0,0.0,0.0,0.0,-5.0,22.0,-4.0,24.0,-4.0,25.0,-3.0,24.0,-3.0,23.0,-3.0,22.0,-3.0,18.0,-3.0,15.0,-3.0,10.0,-5.0,6.0,-6.0,1.0,-8.0,-4.0,-11.0,-8.0,-13.0,-12.0,-15.0,-15.0,-17.0,-17.0,-19.0,-19.0,-21.0,-20.0,-22.0,-20.0,-22.0,-19.0,-21.0,-18.0,-19.0,-15.0,-17.0,-13.0,-13.0,-10.0,-9.0,-8.0,-4.0,-7.0
0.8858,122.0,-96.0,7.0,0.0,0.0,0.0,0.0,0.0,0.0,0.0,0.0,0.0,-24.0,1.0,-26.0,2.0,-26.0,2.0,-25.0,2.0,-24.0,3.0,-22.0,2.0,-19.0,2.0,-15.0,0.0,-11.0,-1.0,-7.0,-3.0,-3.0,-6.0,1.0,-9.0,5.0,-13.0,8.0,-16.0,10.0,-19.0,12.0,-22.0,13.0,-24.0,13.0,-25.0,12.0,-26.0,11.0,-25.0,10.0,-24.0,9.0,-21.0,7.0,-18.0,6.0,-14.0,5.0,-9.0,5.0,-4.0
0.8995,122.0,-96.0,7.0,0.0,0.0,0.0,0.0,0.0,0.0,0.0,0.0,0.0,20.0,4.0,22.0,3.0,22.0,3.0,22.0,2.0,21.0,1.0,19.0,1.0,16.0,1.0,12.0,1.0,9.0,2.0,5.0,4.0,0.0,5.0,-4.0,7.0,-8.0,9.0,-11.0,11.0,-14.0,13.0,-16.0,15.0,-17.0,17.0,-17.0,18.0,-17.0,19.0,-16.0,19.0,-15.0,18.0,-13.0,16.0,-11.0,14.0,-8.0,10.0,-7.0,6.0,-6.0,1.0
0.9151,122.0,-96.0,7.0,0.0,0.0,0.0,0.0,0.0,0.0,0.0,0.0,0.0,-9.0,-10.0,-4.0,-8.0,2.0,-6.0,8.0,-6.0,13.0,-6.0,19.0,-6.0,24.0,-7.0,27.0,-9.0,30.0,-10.0,31.0,-12.0,31.0,-13.0,30.0,-14.0,28.0,-14.0,25.0,-14.0,21.0,-12.0,17.0,-9.0,13.0,-5.0,9.0,-1.0,5.0,5.0,2.0,10.0,-1.0,16.0,-3.0,21.0,-3.0,26.0,-3.0,30.0,-3.0,33.0,-2.0,35.0
0.9288,122.0,-96.0,7.0,0.0,0.0,0.0,0.0,0.0,0.0,0.0,0.0,0.0,-12.0,-6.0,-7.0,-6.0,-1.0,-7.0,4.0,-8.0,10.0,-10.0,15.0,-13.0,19.0,-16.0,22.0,-18.0,24.0,-21.0,25.0,-23.0,24.0,-24.0,23.0,-24.0,22.0,-24.0,19.0,-24.0,16.0,-20.0,13.0,-16.0,11.0,-12.0,9.0,-6.0,7.0,0.0,6.0,7.0,5.0,13.0,6.0,19.0,7.0,24.0,9.0,28.0,10.0,31.0,12.0,32.0
0.9419,122.0,-96.0,7.0,0.0,0.0,0.0,0.0,0.0,0.0,0.0,0.0,0.0,10.0,-24.0,9.0,-22.0,7.0,-19.0,6.0,-15.0,5.0,-11.0,6.0,-6.0,6.0,-1.0,6.0,5.0,8.0,9.0,9.0,14.0,11.0,18.0,13.0,21.0,15.0,23.0,17.0,24.0,18.0,24.0,19.0,23.0,18.0,22.0,17.0,20.0,15.0,17.0,12.0,14.0,8.0,11.0,3.0,8.0,-2.0,6.0,-7.0,4.0,-12.0,2.0,-19.0,1.0
0.9556,122.0,-96.0,7.0,0.0,0.0,0.0,0.0,0.0,0.0,0.0,0.0,0.0,8.0,-20.0,8.0,-20.0,8.0,-20.0,8.0,-20.0,8.0,-21.0,8.0,-21.0,8.0,-22.0,8.0,-21.0,8.0,-22.0,8.0,-22.0,8.0,-22.0,8.0,-22.0,8.0,-22.0,8.0,-22.0,7.0,-22.0,8.0,-22.0,8.0,-22.0,7.0,-23.0,8.0,-23.0,7.0,-23.0,7.0,-23.0,7.0,-23.0,7.0,-23.0,7.0,-23.0,7.0,-23.0,7.0,-23.0
0.9694,122.0,-96.0,7.0,0.0,0.0,0.0,0.0,0.0,0.0,0.0,0.0,0.0,0.0,13.0,0.0,13.0,0.0,13.0,0.0,14.0,0.0,13.0,1.0,14.0,1.0,14.0,1.0,14.0,1.0,14.0,1.0,14.0,1.0,15.0,1.0,15.0,1.0,15.0,1.0,15.0,1.0,15.0,1.0,15.0,2.0,16.0,1.0,15.0,2.0,15.0,2.0,15.0,2.0,15.0,2.0,15.0,3.0,15.0,3.0,16.0,2.0,16.0,3.0,16.0
0.9848,122.0,-96.0,7.0,0.0,0.0,0.0,0.0,0.0,0.0,0.0,0.0,0.0,-7.0,8.0,-6.0,3.0,-6.0,-1.0,-6.0,-7.0,-7.0,-12.0,-9.0,-16.0,-10.0,-20.0,-12.0,-23.0,-14.0,-25.0,-15.0,-26.0,-16.0,-26.0,-16.0,-25.0,-16.0,-23.0,-16.0,-21.0,-13.0,-18.0,-10.0,-15.0,-7.0,-12.0,-2.0,-9.0,3.0,-6.0,8.0,-4.0,14.0,-2.0,19.0,-1.0,23.0,-1.0,27.0,-2.0,29.0,-3.0,31.0,-4.0
1.0027,122.0,-96.0,7.0,0.0,0.0,0.0,0.0,0.0,0.0,0.0,0.0,0.0,-20.0,12.0,-18.0,11.0,-15.0,10.0,-13.0,7.0,-10.0,4.0,-8.0,1.0,-6.0,-3.0,-3.0,-8.0,-2.0,-12.0,-1.0,-16.0,-1.0,-20.0,0.0,-23.0,-1.0,-26.0,-2.0,-28.0,-3.0,-29.0,-3.0,-28.0,-4.0,-27.0,-4.0,-24.0,-4.0,-21.0,-3.0,-18.0,-1.0,-13.0,1.0,-9.0,4.0,-5.0,7.0,0.0,10.0,3.0,14.0,6.0
1.0169,122.0,-96.0,7.0,0.0,0.0,0.0,0.0,0.0,0.0,0.0,0.0,0.0,2.0,-12.0,3.0,-7.0,6.0,-2.0,9.0,3.0,12.0,8.0,17.0,12.0,20.0,14.0,23.0,16.0,26.0,17.0,28.0,17.0,29.0,17.0,28.0,15.0,27.0,13.0,26.0,11.0,21.0,9.0,16.0,7.0,10.0,7.0,4.0,6.0,-3.0,8.0,-8.0,8.0,-15.0,10.0,-20.0,12.0,-24.0,15.0,-26.0,18.0,-28.0,20.0,-29.0,22.0
1.0294,122.0,-96.0,7.0,0.0,0.0,0.0,0.0,0.0,0.0,0.0,0.0,0.0,-14.0,-4.0,-19.0,-6.0,-23.0,-8.0,-27.0,-9.0,-30.0,-9.0,-32.0,-9.0,-33.0,-8.0,-33.0,-7.0,-32.0,-6.0,-28.0,-5.0,-24.0,-5.0,-19.0,-5.0,-14.0,-5.0,-8.0,-6.0,-2.0,-7.0,4.0,-10.0,10.0,-13.0,15.0,-15.0,20.0,-19.0,22.0,-21.0,25.0,-24.0,25.0,-25.0,25.0,-27.0,23.0,-26.0,21.0,-27.0,19.0,-24.0
1.0465,122.0,-96.0,7.0,0.0,0.0,0.0,0.0,0.0,0.0,0.0,0.0,0.0,-6.0,-10.0,-2.0,-7.0,2.0,-6.0,7.0,-4.0,12.0,-3.0,17.0,-2.0,21.0,-3.0,24.0,-3.0,27.0,-4.0,29.0,-5.0,29.0,-6.0,28.0,-7.0,27.0,-7.0,25.0,-8.0,21.0,-7.0,17.0,-5.0,13.0,-3.0,9.0,0.0,4.0,4.0,0.0,8.0,-3.0,12.0,-5.0,17.0,-7.0,21.0,-8.0,25.0,-8.0,28.0,-8.0,30.0
1.0601,122.0,-96.0,7.0,0.0,0.0,0.0,0.0,0.0,0.0,0.0,0.0,0.0,8.0,-9.0,6.0,-4.0,5.0,1.0,4.0,6.0,5.0,11.0,6.0,16.0,6.0,20.0,8.0,24.0,10.0,26.0,11.0,27.0,12.0,27.0,13.0,26.0,13.0,24.0,13.0,22.0,11.0,19.0,9.0,15.0,5.0,12.0,1.0,9.0,-3.0,5.0,-8.0,2.0,-13.0,0.0,-18.0,-1.0,-23.0,-2.0,-27.0,-1.0,-30.0,-1.0,-32.0,0.0
1.0722,122.0,-96.0,7.0,0.0,0.0,0.0,0.0,0.0,0.0,0.0,0.0,0.0,10.0,5.0,5.0,5.0,0.0,5.0,-5.0,6.0,-10.0,8.0,-15.0,10.0,-18.0,12.0,-21.0,15.0,-23.0,17.0,-23.0,18.0,-23.0,19.0,-22.0,20.0,-21.0,19.0,-18.0,19.0,-16.0,16.0,-13.0,12.0,-11.0,9.0,-8.0,4.0,-7.0,-2.0,-6.0,-7.0,-5.0,-13.0,-5.0,-18.0,-6.0,-22.0,-7.0,-26.0,-8.0,-29.0,-10.0,-31.0
1.0891,122.0,-96.0,7.0,0.0,0.0,0.0,0.0,0.0,0.0,0.0,0.0,0.0,-10.0,-8.0,-4.0,-7.0,1.0,-6.0,6.0,-6.0,11.0,-6.0,16.0,-8.0,19.0,-9.0,23.0,-11.0,25.0,-12.0,26.0,-14.0,26.0,-15.0,25.0,-15.0,23.0,-16.0,21.0,-16.0,18.0,-13.0,15.0,-10.0,12.0,-7.0,8.0,-3.0,6.0,3.0,3.0,7.0,1.0,12.0,0.0,18.0,0.0,22.0,0.0,26.0,1.0,29.0,2.0,31.0
1.1104,122.0,-96.0,7.0,0.0,0.0,0.0,0.0,0.0,0.0,0.0,0.0,0.0,-13.0,-5.0,-7.0,-5.0,-1.0,-7.0,4.0,-9.0,9.0,-12.0,13.0,-15.0,16.0,-18.0,19.0,-21.0,21.0,-24.0,22.0,-26.0,21.0,-27.0,20.0,-27.0,18.0,-27.0,15.0,-26.0,13.0,-22.0,12.0,-18.0,9.0,-13.0,8.0,-7.0,7.0,0.0,6.0,6.0,7.0,12.0,8.0,18.0,10.0,23.0,12.0,27.0,14.0,29.0,15.0,31.0
1.1258,122.0,-96.0,7.0,0.0,0.0,0.0,0.0,0.0,0.0,0.0,0.0,0.0,-9.0,8.0,-9.0,8.0,-9.0,8.0,-10.0,9.0,-9.0,8.0,-10.0,9.0,-9.0,9.0,-10.0,9.0,-10.0,9.0,-9.0,9.0,-10.0,9.0,-9.0,10.0,-10.0,10.0,-9.0,10.0,-10.0,10.0,-10.0,10.0,-10.0,10.0,-9.0,11.0,-10.0,10.0,-9.0,10.0,-10.0,11.0,-10.0,10.0,-9.0,11.0,-9.0,11.0,-9.0,11.0,-10.0,11.0
1.1389,122.0,-96.0,7.0,0.0,0.0,0.0,0.0,0.0,0.0,0.0,0.0,0.0,12.0,0.0,7.0,2.0,2.0,5.0,-2.0,9.0,-7.0,13.0,-10.0,17.0,-12.0,21.0,-14.0,25.0,-15.0,28.0,-15.0,30.0,-14.0,31.0,-12.0,30.0,-11.0,29.0,-9.0,27.0,-8.0,23.0,-6.0,18.0,-6.0,12.0,-7.0,6.0,-8.0,0.0,-9.0,-6.0,-12.0,-12.0,-15.0,-17.0,-18.0,-21.0,-21.0,-24.0,-23.0,-26.0,-25.0,-26.0
1.1533,122.0,-96.0,7.0,0.0,0.0,0.0,0.0,0.0,0.0,0.0,0.0,0.0,-2.0,-11.0,-2.0,-11.0,-2.0,-11.0,-2.0,-12.0,-2.0,-12.0,-2.0,-13.0,-3.0,-12.0,-4.0,-12.0,-3.0,-12.0,-3.0,-12.0,-3.0,-12.0,-3.0,-13.0,-3.0,-13.0,-3.0,-13.0,-3.0,-13.0,-3.0,-13.0,-4.0,-13.0,-4.0,-13.0,-4.0,-13.0,-4.0,-13.0,-4.0,-13.0,-4.0,-13.0,-5.0,-13.0,-4.0,-13.0,-4.0,-13.0,-5.0,-13.0
1.1654,122.0,-96.0,7.0,0.0,0.0,0.0,0.0,0.0,0.0,0.0,0.0,0.0,2.0,12.0,-2.0,7.0,-5.0,3.0,-11.0,0.0,-15.0,-3.0,-21.0,-6.0,-25.0,-7.0,-29.0,-8.0,-32.0,-7.0,-33.0,-7.0,-34.0,-6.0,-33.0,-5.0,-31.0,-4.0,-29.0,-2.0,-24.0,-2.0,-19.0,-3.0,-13.0,-4.0,-7.0,-5.0,-1.0,-9.0,5.0,-11.0,10.0,-15.0,14.0,-19.0,17.0,-23.0,18.0,-26.0,19.0,-29.0,20.0,-31.0
1.1785,122.0,-96.0,7.0,0.0,0.0,0.0,0.0,0.0,0.0,0.0,0.0,0.0,-8.0,24.0,-7.0,22.0,-6.0,18.0,-6.0,14.0,-6.0,10.0,-6.0,4.0,-7.0,-1.0,-9.0,-6.0,-11.0,-11.0,-13.0,-15.0,-14.0,-18.0,-17.0,-21.0,-19.0,-22.0,-21.0,-23.0,-22.0,-23.0,-22.0,-22.0,-21.0,-20.0,-19.0,-18.0,-16.0,-15.0,-12.0,-12.0,-7.0,-10.0,-2.0,-7.0,4.0,-6.0,9.0,-5.0,15.0,-4.0,20.0,-5.0
1.193,122.0,-96.0,7.0,0.0,0.0,0.0,0.0,0.0,0.0,0.0,0.0,0.0,4.0,-11.0,6.0,-14.0,8.0,-18.0,10.0,-20.0,10.0,-22.0,11.0,-24.0,10.0,-25.0,9.0,-25.0,9.0,-24.0,7.0,-22.0,7.0,-18.0,6.0,-14.0,5.0,-10.0,5.0,-6.0,5.0,-1.0,6.0,4.0,7.0,9.0,9.0,14.0,11.0,17.0,13.0,20.0,15.0,22.0,16.0,23.0,17.0,23.0,17.0,21.0,17.0,20.0,15.0,17.0
1.2073,122.0,-96.0,7.0,0.0,0.0,0.0,0.0,0.0,0.0,0.0,0.0,0.0,26.0,-12.0,24.0,-11.0,20.0,-10.0,16.0,-7.0,12.0,-4.0,8.0,0.0,4.0,5.0,1.0,10.0,-2.0,15.0,-4.0,20.0,-6.0,24.0,-7.0,27.0,-7.0,31.0,-6.0,33.0,-5.0,35.0,-3.0,33.0,-3.0,32.0,-2.0,28.0,-2.0,24.0,-2.0,20.0,-3.0,14.0,-5.0,7.0,-8.0,1.0,-11.0,-5.0,-13.0,-10.0,-18.0,-15.0
1.221,122.0,-96.0,7.0,0.0,0.0,0.0,0.0,0.0,0.0,0.0,0.0,0.0,11.0,0.0,6.0,2.0,1.0,6.0,-3.0,9.0,-7.0,13.0,-10.0,18.0,-13.0,22.0,-14.0,26.0,-14.0,29.0,-14.0,30.0,-13.0,31.0,-12.0,30.0,-10.0,29.0,-9.0,26.0,-8.0,22.0,-7.0,17.0,-7.0,11.0,-7.0,5.0,-8.0,-2.0,-10.0,-8.0,-12.0,-14.0,-15.0,-18.0,-18.0,-22.0,-22.0,-25.0,-24.0,-26.0,-25.0,-26.0
1.2349,122.0,-96.0,7.0,0.0,0.0,0.0,0.0,0.0,0.0,0.0,0.0,0.0,13.0,15.0,15.0,16.0,16.0,16.0,16.0,15.0,15.0,14.0,14.0,13.0,12.0,11.0,9.0,9.0,6.0,8.0,1.0,6.0,-3.0,4.0,-7.0,3.0,-12.0,3.0,-15.0,2.0,-19.0,2.0,-22.0,2.0,-24.0,3.0,-25.0,3.0,-26.0,4.0,-25.0,5.0,-24.0,5.0,-21.0,5.0,-18.0,4.0,-15.0,3.0,-11.0,1.0,-7.0,-2.0
1.249,122.0,-96.0,7.0,0.0,0.0,0.0,0.0,0.0,0.0,0.0,0.0,0.0,-24.0,0.0,-26.0,0.0,-26.0,1.0,-26.0,1.0,-24.0,2.0,-22.0,2.0,-19.0,1.0,-15.0,0.0,-11.0,-1.0,-7.0,-4.0,-2.0,-6.0,2.0,-9.0,6.0,-13.0,9.0,-16.0,11.0,-19.0,13.0,-21.0,14.0,-23.0,14.0,-24.0,14.0,-25.0,12.0,-25.0,12.0,-23.0,10.0,-21.0,8.0,-18.0,7.0,-13.0,5.0,-8.0,5.0,-4.0
1.2623,122.0,-96.0,7.0,0.0,0.0,0.0,0.0,0.0,0.0,0.0,0.0,0.0,-7.0,-11.0,-9.0,-15.0,-11.0,-19.0,-12.0,-22.0,-13.0,-24.0,-15.0,-26.0,-16.0,-26.0,-17.0,-25.0,-17.0,-23.0,-15.0,-21.0,-12.0,-18.0,-9.0,-15.0,-6.0,-12.0,-2.0,-9.0,3.0,-6.0,8.0,-4.0,14.0,-2.0,18.0,0.0,23.0,0.0,27.0,0.0,30.0,-1.0,31.0,-1.0,32.0,-2.0,31.0,-3.0,29.0,-4.0,26.0,-4.0
1.2755,122.0,-96.0,7.0,0.0,0.0,0.0,0.0,0.0,0.0,0.0,0.0,0.0,3.0,28.0,3.0,26.0,3.0,22.0,1.0,17.0,-1.0,12.0,-3.0,8.0,-7.0,2.0,-11.0,-2.0,-15.0,-6.0,-19.0,-10.0,-23.0,-12.0,-26.0,-14.0,-29.0,-15.0,-32.0,-15.0,-33.0,-14.0,-32.0,-13.0,-31.0,-12.0,-27.0,-10.0,-24.0,-9.0,-19.0,-8.0,-13.0,-8.0,-7.0,-7.0,0.0,-8.0,6.0,-9.0,12.0,-10.0,18.0,-13.0
1.2806,98.0,33.0,22.0,0.0,0.0,0.0,0.0,0.0,0.0,0.0,0.0,0.0,22.0,9.0,19.0,7.0,16.0,5.0,13.0,2.0,9.0,-2.0,6.0,-6.0,2.0,-10.0,-1.0,-13.0,-5.0,-16.0,-8.0,-18.0,-11.0,-20.0,-14.0,-22.0,-16.0,-22.0,-19.0,-20.0,-20.0,-20.0,-20.0,-17.0,-20.0,-16.0,-18.0,-12.0,-15.0,-9.0,-11.0,-5.0,-7.0,-2.0,0.0,2.0,6.0,5.0,12.0,7.0,18.0,10.0,24.0,12.0
1.2935,122.0,-96.0,7.0,0.0,0.0,0.0,0.0,0.0,0.0,0.0,0.0,0.0,2.0,12.0,-2.0,7.0,-6.0,3.0,-10.0,-1.0,-15.0,-3.0,-21.0,-5.0,-25.0,-7.0,-29.0,-8.0,-32.0,-7.0,-34.0,-7.0,-35.0,-6.0,-33.0,-4.0,-31.0,-3.0,-29.0,-2.0,-24.0,-2.0,-19.0,-3.0,-13.0,-4.0,-7.0,-6.0,-1.0,-9.0,4.0,-11.0,10.0,-15.0,14.0,-19.0,16.0,-23.0,17.0,-27.0,18.0,-30.0,18.0,-31.0
1.308,122.0,-96.0,7.0,0.0,0.0,0.0,0.0,0.0,0.0,0.0,0.0,0.0,1.0,-12.0,1.0,-13.0,1.0,-13.0,1.0,-13.0,1.0,-13.0,1.0,-14.0,0.0,-14.0,1.0,-14.0,1.0,-14.0,1.0,-14.0,1.0,-14.0,1.0,-14.0,1.0,-14.0,0.0,-14.0,1.0,-15.0,1.0,-14.0,0.0,-15.0,0.0,-15.0,0.0,-15.0,0.0,-15.0,0.0,-15.0,0.0,-15.0,0.0,-15.0,0.0,-15.0,0.0,-15.0,0.0,-16.0
1.3224,122.0,-96.0,7.0,0.0,0.0,0.0,0.0,0.0,0.0,0.0,0.0,0.0,23.0,-11.0,25.0,-13.0,25.0,-13.0,24.0,-14.0,23.0,-13.0,21.0,-13.0,18.0,-11.0,15.0,-9.0,11.0,-5.0,8.0,-1.0,5.0,3.0,2.0,8.0,0.0,13.0,-3.0,17.0,-4.0,22.0,-5.0,25.0,-5.0,28.0,-5.0,30.0,-4.0,31.0,-3.0,31.0,-3.0,30.0,-2.0,27.0,-1.0,23.0,-2.0,19.0,-2.0,14.0,-4.0,9.0
1.3359,122.0,-96.0,7.0,0.0,0.0,0.0,0.0,0.0,0.0,0.0,0.0,0.0,5.0,11.0,5.0,11.0,5.0,10.0,6.0,11.0,5.0,11.0,6.0,11.0,5.0,11.0,7.0,12.0,6.0,12.0,5.0,11.0,6.0,12.0,6.0,12.0,5.0,12.0,6.0,12.0,7.0,11.0,6.0,12.0,7.0,12.0,7.0,11.0,7.0,12.0,7.0,12.0,7.0,12.0,7.0,12.0,8.0,12.0,8.0,12.0,7.0,12.0,8.0,12.0
1.3503,122.0,-96.0,7.0,0.0,0.0,0.0,0.0,0.0,0.0,0.0,0.0,0.0,-14.0,22.0,-14.0,24.0,-14.0,25.0,-13.0,24.0,-12.0,24.0,-11.0,22.0,-10.0,19.0,-9.0,15.0,-8.0,11.0,-7.0,5.0,-7.0,0.0,-7.0,-6.0,-8.0,-12.0,-9.0,-16.0,-10.0,-20.0,-12.0,-24.0,-13.0,-26.0,-14.0,-28.0,-16.0,-29.0,-16.0,-28.0,-16.0,-27.0,-15.0,-24.0,-13.0,-21.0,-11.0,-17.0,-7.0,-13.0,-3.0,-9.0
1.3632,122.0,-96.0,7.0,0.0,0.0,0.0,0.0,0.0,0.0,0.0,0.0,0.0,0.0,11.0,-1.0,15.0,-2.0,18.0,-2.0,21.0,-2.0,24.0,-1.0,26.0,0.0,26.0,1.0,26.0,1.0,25.0,1.0,22.0,0.0,19.0,0.0,15.0,-1.0,11.0,-3.0,6.0,-5.0,2.0,-9.0,-2.0,-12.0,-6.0,-15.0,-10.0,-19.0,-12.0,-21.0,-14.0,-24.0,-15.0,-25.0,-15.0,-26.0,-14.0,-26.0,-13.0,-25.0,-11.0,-23.0,-10.0
1.3762,122.0,-96.0,7.0,0.0,0.0,0.0,0.0,0.0,0.0,0.0,0.0,0.0,15.0,2.0,15.0,1.0,16.0,1.0,16.0,2.0,16.0,1.0,17.0,2.0,17.0,1.0,17.0,1.0,18.0,0.0,17.0,0.0,17.0,1.0,19.0,1.0,18.0,2.0,18.0,1.0,18.0,1.0,18.0,0.0,18.0,1.0,18.0,1.0,19.0,0.0,19.0,0.0,19.0,0.0,19.0,0.0,19.0,0.0,19.0,-1.0,19.0,0.0,19.0,-1.0
1.3895,122.0,-96.0,7.0,0.0,0.0,0.0,0.0,0.0,0.0,0.0,0.0,0.0,6.0,-10.0,5.0,-5.0,6.0,0.0,6.0,5.0,7.0,10.0,9.0,15.0,10.0,18.0,12.0,21.0,14.0,23.0,16.0,24.0,18.0,24.0,18.0,22.0,18.0,21.0,18.0,18.0,15.0,16.0,12.0,13.0,8.0,10.0,3.0,8.0,-2.0,6.0,-8.0,4.0,-13.0,3.0,-18.0,3.0,-23.0,3.0,-27.0,5.0,-29.0,6.0,-31.0,7.0
1.4037,122.0,-96.0,7.0,0.0,0.0,0.0,0.0,0.0,0.0,0.0,0.0,0.0,-4.0,-24.0,-5.0,-26.0,-5.0,-25.0,-6.0,-25.0,-6.0,-24.0,-6.0,-22.0,-5.0,-19.0,-4.0,-16.0,-2.0,-12.0,1.0,-8.0,4.0,-4.0,7.0,-1.0,11.0,3.0,14.0,6.0,18.0,8.0,20.0,10.0,23.0,11.0,24.0,11.0,26.0,11.0,26.0,10.0,25.0,9.0,23.0,8.0,20.0,6.0,16.0,5.0,11.0,4.0,7.0,4.0
1.4181,122.0,-96.0,7.0,0.0,0.0,0.0,0.0,0.0,0.0,0.0,0.0,0.0,7.0,-9.0,5.0,-4.0,5.0,2.0,5.0,7.0,6.0,12.0,8.0,16.0,9.0,20.0,10.0,23.0,12.0,25.0,13.0,26.0,15.0,26.0,15.0,24.0,15.0,22.0,15.0,20.0,11.0,17.0,8.0,13.0,5.0,10.0,0.0,7.0,-6.0,4.0,-11.0,2.0,-16.0,1.0,-21.0,0.0,-26.0,1.0,-29.0,2.0,-31.0,3.0,-32.0,3.0
1.4332,122.0,-96.0,7.0,0.0,0.0,0.0,0.0,0.0,0.0,0.0,0.0,0.0,-10.0,5.0,-8.0,1.0,-5.0,-4.0,-3.0,-8.0,-2.0,-13.0,-2.0,-19.0,-2.0,-22.0,-2.0,-25.0,-3.0,-29.0,-3.0,-30.0,-4.0,-30.0,-5.0,-30.0,-6.0,-28.0,-7.0,-26.0,-6.0,-22.0,-4.0,-18.0,-2.0,-14.0,1.0,-9.0,4.0,-5.0,8.0,-1.0,12.0,2.0,17.0,5.0,21.0,7.0,25.0,8.0,27.0,9.0,30.0,9.0
1.4475,122.0,-96.0,7.0,0.0,0.0,0.0,0.0,0.0,0.0,0.0,0.0,0.0,-7.0,-10.0,-8.0,-14.0,-10.0,-17.0,-11.0,-20.0,-13.0,-22.0,-15.0,-23.0,-16.0,-23.0,-16.0,-22.0,-16.0,-21.0,-14.0,-19.0,-12.0,-16.0,-9.0,-14.0,-6.0,-11.0,-2.0,-8.0,3.0,-5.0,7.0,-3.0,13.0,-2.0,17.0,-1.0,21.0,-1.0,24.0,-1.0,27.0,-2.0,28.0,-2.0,28.0,-3.0,28.0,-4.0,26.0,-5.0,23.0,-5.0
1.4609,122.0,-96.0,7.0,0.0,0.0,0.0,0.0,0.0,0.0,0.0,0.0,0.0,14.0,5.0,15.0,3.0,17.0,5.0,16.0,5.0,16.0,4.0,16.0,5.0,16.0,5.0,17.0,4.0,16.0,5.0,17.0,5.0,17.0,5.0,17.0,6.0,18.0,4.0,19.0,4.0,18.0,5.0,16.0,4.0,18.0,4.0,17.0,5.0,19.0,5.0,18.0,4.0,19.0,4.0,18.0,4.0,18.0,3.0,18.0,4.0,18.0,4.0,20.0,3.0
1.4756,122.0,-96.0,7.0,0.0,0.0,0.0,0.0,0.0,0.0,0.0,0.0,0.0,2.0,-24.0,2.0,-25.0,1.0,-26.0,1.0,-26.0,0.0,-24.0,0.0,-23.0,0.0,-20.0,1.0,-16.0,1.0,-12.0,3.0,-8.0,4.0,-3.0,7.0,1.0,10.0,6.0,12.0,9.0,15.0,12.0,17.0,15.0,19.0,16.0,21.0,17.0,22.0,17.0,22.0,16.0,22.0,15.0,20.0,13.0,18.0,11.0,14.0,9.0,10.0,7.0,5.0,6.0
1.4893,122.0,-96.0,7.0,0.0,0.0,0.0,0.0,0.0,0.0,0.0,0.0,0.0,8.0,-7.0,8.0,-7.0,8.0,-8.0,8.0,-8.0,8.0,-8.0,9.0,-8.0,8.0,-8.0,9.0,-9.0,8.0,-8.0,9.0,-9.0,9.0,-9.0,9.0,-9.0,9.0,-9.0,9.0,-9.0,8.0,-9.0,8.0,-10.0,8.0,-9.0,9.0,-10.0,9.0,-10.0,9.0,-10.0,8.0,-10.0,9.0,-10.0,9.0,-10.0,8.0,-10.0,8.0,-10.0,8.0,-10.0
1.5032,122.0,-96.0,7.0,0.0,0.0,0.0,0.0,0.0,0.0,0.0,0.0,0.0,-18.0,-17.0,-19.0,-17.0,-20.0,-17.0,-20.0,-16.0,-19.0,-15.0,-18.0,-14.0,-16.0,-12.0,-12.0,-11.0,-9.0,-9.0,-4.0,-7.0,2.0,-6.0,7.0,-5.0,12.0,-5.0,16.0,-5.0,20.0,-5.0,23.0,-6.0,25.0,-7.0,27.0,-8.0,27.0,-9.0,26.0,-9.0,25.0,-9.0,22.0,-9.0,19.0,-8.0,15.0,-6.0,10.0,-3.0,7.0,0.0
1.5077,98.0,33.0,22.0,0.0,0.0,0.0,0.0,0.0,0.0,0.0,0.0,0.0,-17.0,-19.0,-18.0,-19.0,-17.0,-18.0,-15.0,-16.0,-16.0,-16.0,-16.0,-13.0,-11.0,-11.0,-11.0,-4.0,-10.0,-2.0,-5.0,2.0,-3.0,5.0,-1.0,12.0,3.0,14.0,8.0,15.0,9.0,18.0,13.0,19.0,17.0,19.0,18.0,19.0,20.0,17.0,20.0,16.0,18.0,13.0,16.0,10.0,13.0,8.0,9.0,5.0,4.0,1.0,-3.0,-1.0
1.5216,122.0,-96.0,7.0,0.0,0.0,0.0,0.0,0.0,0.0,0.0,0.0,0.0,11.0,16.0,12.0,16.0,12.0,17.0,12.0,16.0,12.0,17.0,12.0,17.0,12.0,17.0,13.0,18.0,13.0,17.0,13.0,17.0,13.0,17.0,13.0,17.0,13.0,18.0,14.0,17.0,14.0,18.0,13.0,18.0,14.0,17.0,14.0,18.0,14.0,18.0,14.0,18.0,14.0,18.0,14.0,18.0,15.0,18.0,14.0,17.0,14.0,17.0,15.0,18.0
1.5345,122.0,-96.0,7.0,0.0,0.0,0.0,0.0,0.0,0.0,0.0,0.0,0.0,18.0,-10.0,17.0,-10.0,18.0,-11.0,18.0,-10.0,18.0,-11.0,18.0,-11.0,19.0,-11.0,19.0,-11.0,19.0,-11.0,19.0,-11.0,19.0,-11.0,19.0,-11.0,19.0,-12.0,19.0,-12.0,19.0,-12.0,19.0,-12.0,19.0,-12.0,20.0,-13.0,19.0,-12.0,20.0,-12.0,20.0,-13.0,20.0,-12.0,20.0,-13.0,19.0,-13.0,19.0,-13.0,19.0,-14.0
1.5556,122.0,-96.0,7.0,0.0,0.0,0.0,0.0,0.0,0.0,0.0,0.0,0.0,-6.0,-10.0,-7.0,-14.0,-8.0,-18.0,-10.0,-21.0,-11.0,-23.0,-13.0,-24.0,-13.0,-24.0,-14.0,-23.0,-14.0,-22.0,-13.0,-20.0,-11.0,-17.0,-8.0,-14.0,-6.0,-12.0,-2.0,-8.0,2.0,-5.0,7.0,-3.0,11.0,-1.0,16.0,0.0,20.0,1.0,23.0,1.0,26.0,1.0,28.0,1.0,29.0,-1.0,28.0,-1.0,27.0,-3.0,24.0,-3.0
1.5642,122.0,-96.0,7.0,0.0,0.0,0.0,0.0,0.0,0.0,0.0,0.0,0.0,-12.0,-6.0,-16.0,-8.0,-19.0,-10.0,-22.0,-12.0,-25.0,-13.0,-27.0,-13.0,-27.0,-13.0,-28.0,-12.0,-27.0,-11.0,-24.0,-9.0,-20.0,-8.0,-16.0,-8.0,-12.0,-7.0,-6.0,-7.0,0.0,-7.0,5.0,-8.0,11.0,-10.0,16.0,-11.0,20.0,-13.0,23.0,-15.0,25.0,-17.0,26.0,-18.0,26.0,-19.0,24.0,-20.0,22.0,-20.0,20.0,-18.0
1.5794,122.0,-96.0,7.0,0.0,0.0,0.0,0.0,0.0,0.0,0.0,0.0,0.0,11.0,-2.0,10.0,-2.0,11.0,-2.0,11.0,-2.0,11.0,-2.0,11.0,-2.0,11.0,-2.0,12.0,-2.0,12.0,-2.0,11.0,-2.0,12.0,-3.0,12.0,-3.0,12.0,-3.0,12.0,-3.0,12.0,-3.0,12.0,-3.0,12.0,-3.0,12.0,-3.0,12.0,-3.0,12.0,-3.0,12.0,-3.0,12.0,-3.0,12.0,-4.0,13.0,-4.0,12.0,-4.0,13.0,-4.0
1.5931,122.0,-96.0,7.0,0.0,0.0,0.0,0.0,0.0,0.0,0.0,0.0,0.0,10.0,6.0,14.0,9.0,17.0,11.0,20.0,14.0,22.0,14.0,25.0,15.0,26.0,15.0,26.0,13.0,25.0,12.0,22.0,11.0,18.0,10.0,14.0,8.0,10.0,7.0,4.0,6.0,-1.0,6.0,-7.0,6.0,-13.0,7.0,-18.0,8.0,-22.0,10.0,-25.0,12.0,-28.0,13.0,-28.0,14.0,-29.0,15.0,-27.0,15.0,-25.0,16.0,-23.0,14.0
1.6059,122.0,-96.0,7.0,0.0,0.0,0.0,0.0,0.0,0.0,0.0,0.0,0.0,-2.0,-13.0,-2.0,-18.0,-2.0,-22.0,-2.0,-25.0,-3.0,-28.0,-4.0,-29.0,-5.0,-30.0,-6.0,-30.0,-6.0,-28.0,-6.0,-25.0,-4.0,-22.0,-3.0,-17.0,-1.0,-13.0,2.0,-8.0,5.0,-4.0,9.0,0.0,13.0,4.0,17.0,7.0,22.0,9.0,25.0,11.0,28.0,11.0,29.0,11.0,30.0,10.0,30.0,10.0,28.0,8.0,26.0,6.0
1.6205,122.0,-96.0,7.0,0.0,0.0,0.0,0.0,0.0,0.0,0.0,0.0,0.0,-13.0,-4.0,-7.0,-5.0,-1.0,-7.0,4.0,-9.0,9.0,-12.0,14.0,-16.0,17.0,-19.0,19.0,-22.0,21.0,-25.0,21.0,-26.0,21.0,-28.0,19.0,-28.0,17.0,-27.0,15.0,-25.0,13.0,-21.0,11.0,-17.0,9.0,-12.0,7.0,-5.0,7.0,2.0,6.0,8.0,7.0,14.0,8.0,20.0,11.0,24.0,13.0,28.0,15.0,30.0,16.0,31.0
1.634,122.0,-96.0,7.0,0.0,0.0,0.0,0.0,0.0,0.0,0.0,0.0,0.0,14.0,0.0,19.0,1.0,23.0,2.0,27.0,2.0,30.0,2.0,33.0,1.0,33.0,0.0,33.0,-1.0,31.0,-2.0,27.0,-2.0,24.0,-1.0,19.0,0.0,14.0,1.0,8.0,3.0,2.0,6.0,-3.0,9.0,-9.0,14.0,-13.0,17.0,-16.0,22.0,-18.0,25.0,-19.0,29.0,-20.0,30.0,-19.0,31.0,-18.0,31.0,-16.0,30.0,-13.0,27.0
1.6472,122.0,-96.0,7.0,0.0,0.0,0.0,0.0,0.0,0.0,0.0,0.0,0.0,13.0,25.0,11.0,22.0,10.0,19.0,7.0,15.0,4.0,12.0,-1.0,7.0,-6.0,5.0,-11.0,1.0,-17.0,-1.0,-22.0,-3.0,-26.0,-4.0,-30.0,-4.0,-33.0,-4.0,-35.0,-2.0,-36.0,-2.0,-35.0,0.0,-32.0,0.0,-29.0,1.0,-24.0,0.0,-19.0,0.0,-13.0,-3.0,-7.0,-5.0,-1.0,-8.0,4.0,-12.0,9.0,-16.0,13.0,-21.0
1.6611,122.0,-96.0,7.0,0.0,0.0,0.0,0.0,0.0,0.0,0.0,0.0,0.0,-6.0,9.0,-5.0,9.0,-5.0,9.0,-6.0,9.0,-6.0,9.0,-6.0,10.0,-6.0,10.0,-6.0,10.0,-6.0,10.0,-6.0,10.0,-6.0,10.0,-6.0,10.0,-6.0,11.0,-6.0,11.0,-6.0,11.0,-6.0,10.0,-5.0,11.0,-6.0,11.0,-6.0,12.0,-6.0,11.0,-6.0,12.0,-6.0,12.0,-6.0,12.0,-5.0,11.0,-5.0,12.0,-5.0,11.0
1.6742,122.0,-96.0,7.0,0.0,0.0,0.0,0.0,0.0,0.0,0.0,0.0,0.0,3.0,12.0,-1.0,7.0,-5.0,4.0,-10.0,1.0,-15.0,-2.0,-21.0,-4.0,-25.0,-5.0,-29.0,-5.0,-33.0,-5.0,-34.0,-4.0,-35.0,-3.0,-34.0,-2.0,-32.0,-1.0,-30.0,0.0,-25.0,0.0,-20.0,-1.0,-15.0,-2.0,-9.0,-5.0,-3.0,-8.0,2.0,-11.0,7.0,-15.0,11.0,-19.0,14.0,-23.0,16.0,-27.0,17.0,-30.0,17.0,-32.0
1.6871,122.0,-96.0,7.0,0.0,0.0,0.0,0.0,0.0,0.0,0.0,0.0,0.0,6.0,-12.0,6.0,-13.0,6.0,-13.0,7.0,-13.0,6.0,-13.0,7.0,-14.0,6.0,-14.0,6.0,-14.0,7.0,-14.0,6.0,-14.0,6.0,-14.0,6.0,-14.0,7.0,-14.0,6.0,-15.0,6.0,-15.0,7.0,-15.0,7.0,-15.0,6.0,-15.0,7.0,-15.0,6.0,-15.0,6.0,-15.0,6.0,-15.0,6.0,-16.0,6.0,-16.0,6.0,-16.0,6.0,-16.0
1.7025,122.0,-96.0,7.0,0.0,0.0,0.0,0.0,0.0,0.0,0.0,0.0,0.0,-28.0,-7.0,-26.0,-7.0,-22.0,-6.0,-17.0,-6.0,-12.0,-6.0,-6.0,-6.0,-1.0,-8.0,6.0,-9.0,10.0,-12.0,16.0,-15.0,20.0,-17.0,22.0,-20.0,24.0,-22.0,25.0,-24.0,24.0,-25.0,23.0,-25.0,21.0,-24.0,18.0,-21.0,15.0,-18.0,12.0,-14.0,10.0,-8.0,8.0,-2.0,6.0,5.0,5.0,11.0,4.0,17.0,4.0,23.0
1.7057,98.0,33.0,22.0,0.0,0.0,0.0,0.0,0.0,0.0,0.0,0.0,0.0,-9.0,-9.0,-11.0,-9.0,-13.0,-1.0,-12.0,3.0,-12.0,9.0,-13.0,12.0,-15.0,14.0,-14.0,19.0,-15.0,21.0,-13.0,23.0,-13.0,24.0,-10.0,24.0,-7.0,22.0,-6.0,20.0,-3.0,17.0,-2.0,14.0,0.0,9.0,3.0,1.0,5.0,-6.0,6.0,-10.0,7.0,-14.0,7.0,-23.0,7.0,-27.0,10.0,-31.0,7.0,-37.0,6.0,-37.0
1.7204,122.0,-96.0,7.0,0.0,0.0,0.0,0.0,0.0,0.0,0.0,0.0,0.0,26.0,-3.0,28.0,-5.0,27.0,-4.0,28.0,-5.0,25.0,-6.0,24.0,-5.0,20.0,-5.0,16.0,-3.0,12.0,-1.0,7.0,2.0,3.0,5.0,-1.0,9.0,-5.0,13.0,-8.0,16.0,-11.0,21.0,-12.0,23.0,-14.0,26.0,-14.0,27.0,-13.0,29.0,-13.0,28.0,-12.0,27.0,-10.0,24.0,-8.0,21.0,-7.0,16.0,-6.0,11.0,-6.0,6.0
1.7363,122.0,-96.0,7.0,0.0,0.0,0.0,0.0,0.0,0.0,0.0,0.0,0.0,-10.0,-7.0,-5.0,-6.0,0.0,-6.0,5.0,-7.0,10.0,-8.0,15.0,-10.0,18.0,-12.0,21.0,-14.0,23.0,-16.0,24.0,-17.0,24.0,-18.0,23.0,-19.0,21.0,-19.0,19.0,-19.0,16.0,-16.0,14.0,-13.0,11.0,-9.0,8.0,-4.0,6.0,2.0,4.0,6.0,3.0,12.0,3.0,18.0,3.0,22.0,4.0,26.0,5.0,28.0,6.0,30.0
1.7509,122.0,-96.0,7.0,0.0,0.0,0.0,0.0,0.0,0.0,0.0,0.0,0.0,-11.0,4.0,-10.0,4.0,-11.0,4.0,-10.0,4.0,-11.0,4.0,-11.0,5.0,-11.0,5.0,-11.0,5.0,-12.0,5.0,-11.0,4.0,-12.0,5.0,-12.0,5.0,-12.0,6.0,-11.0,5.0,-12.0,6.0,-12.0,6.0,-12.0,6.0,-12.0,6.0,-12.0,6.0,-12.0,6.0,-12.0,6.0,-12.0,6.0,-11.0,7.0,-12.0,6.0,-12.0,6.0,-12.0,7.0
1.7654,122.0,-96.0,7.0,0.0,0.0,0.0,0.0,0.0,0.0,0.0,0.0,0.0,2.0,25.0,3.0,23.0,2.0,19.0,1.0,16.0,-1.0,11.0,-3.0,7.0,-7.0,2.0,-10.0,-2.0,-14.0,-6.0,-17.0,-9.0,-20.0,-11.0,-23.0,-13.0,-26.0,-14.0,-28.0,-14.0,-29.0,-13.0,-28.0,-12.0,-28.0,-11.0,-25.0,-9.0,-22.0,-8.0,-17.0,-7.0,-12.0,-7.0,-6.0,-6.0,0.0,-7.0,5.0,-8.0,11.0,-9.0,16.0,-12.0
1.7792,122.0,-96.0,7.0,0.0,0.0,0.0,0.0,0.0,0.0,0.0,0.0,0.0,-1.0,-11.0,-2.0,-12.0,-1.0,-12.0,-1.0,-12.0,-2.0,-13.0,-2.0,-12.0,-2.0,-12.0,-1.0,-13.0,-1.0,-13.0,-2.0,-13.0,-2.0,-13.0,-1.0,-13.0,-2.0,-12.0,-2.0,-14.0,-2.0,-13.0,-1.0,-13.0,-3.0,-13.0,-2.0,-13.0,-2.0,-14.0,-3.0,-14.0,-3.0,-14.0,-3.0,-13.0,-3.0,-14.0,-4.0,-14.0,-3.0,-14.0,-3.0,-14.0
1.7968,122.0,-96.0,7.0,0.0,0.0,0.0,0.0,0.0,0.0,0.0,0.0,0.0,-6.0,10.0,-6.0,9.0,-6.0,10.0,-6.0,10.0,-4.0,10.0,-6.0,11.0,-5.0,11.0,-5.0,11.0,-6.0,11.0,-6.0,11.0,-6.0,11.0,-5.0,11.0,-6.0,12.0,-5.0,11.0,-5.0,12.0,-6.0,11.0,-5.0,11.0,-5.0,11.0,-5.0,12.0,-6.0,12.0,-5.0,12.0,-5.0,12.0,-5.0,12.0,-5.0,12.0,-5.0,12.0,-5.0,12.0
1.8084,122.0,-96.0,7.0,0.0,0.0,0.0,0.0,0.0,0.0,0.0,0.0,0.0,9.0,12.0,9.0,14.0,8.0,14.0,9.0,13.0,7.0,13.0,9.0,14.0,9.0,14.0,8.0,15.0,10.0,14.0,10.0,15.0,9.0,15.0,10.0,15.0,10.0,15.0,10.0,13.0,10.0,15.0,9.0,15.0,11.0,14.0,11.0,14.0,11.0,15.0,12.0,15.0,11.0,15.0,11.0,14.0,12.0,14.0,12.0,15.0,12.0,15.0,13.0,15.0
1.8222,122.0,-96.0,7.0,0.0,0.0,0.0,0.0,0.0,0.0,0.0,0.0,0.0,2.0,-13.0,3.0,-7.0,6.0,-2.0,9.0,3.0,12.0,8.0,16.0,12.0,19.0,15.0,23.0,17.0,26.0,18.0,28.0,18.0,29.0,18.0,29.0,16.0,27.0,14.0,26.0,12.0,21.0,11.0,17.0,9.0,11.0,8.0,5.0,7.0,-2.0,7.0,-8.0,7.0,-14.0,9.0,-20.0,11.0,-24.0,13.0,-27.0,16.0,-29.0,18.0,-30.0,20.0
1.8356,122.0,-96.0,7.0,0.0,0.0,0.0,0.0,0.0,0.0,0.0,0.0,0.0,-5.0,-12.0,-5.0,-17.0,-6.0,-21.0,-7.0,-24.0,-8.0,-27.0,-10.0,-28.0,-10.0,-29.0,-12.0,-28.0,-12.0,-27.0,-11.0,-24.0,-9.0,-21.0,-6.0,-17.0,-4.0,-14.0,-1.0,-9.0,3.0,-5.0,8.0,-2.0,13.0,1.0,17.0,3.0,22.0,5.0,25.0,5.0,29.0,5.0,30.0,5.0,32.0,5.0,31.0,4.0,30.0,2.0,27.0,2.0
1.8488,122.0,-96.0,7.0,0.0,0.0,0.0,0.0,0.0,0.0,0.0,0.0,0.0,10.0,-21.0,10.0,-22.0,10.0,-22.0,10.0,-22.0,10.0,-23.0,10.0,-23.0,10.0,-23.0,10.0,-23.0,10.0,-24.0,10.0,-24.0,9.0,-23.0,10.0,-23.0,10.0,-24.0,10.0,-24.0,9.0,-24.0,10.0,-24.0,9.0,-25.0,9.0,-25.0,9.0,-25.0,9.0,-25.0,9.0,-26.0,9.0,-25.0,9.0,-26.0,8.0,-26.0,9.0,-25.0,8.0,-26.0
1.863,122.0,-96.0,7.0,0.0,0.0,0.0,0.0,0.0,0.0,0.0,0.0,0.0,11.0,-17.0,11.0,-17.0,12.0,-18.0,12.0,-18.0,12.0,-18.0,11.0,-18.0,12.0,-19.0,12.0,-19.0,11.0,-19.0,12.0,-19.0,12.0,-19.0,11.0,-19.0,11.0,-19.0,12.0,-20.0,12.0,-20.0,11.0,-20.0,12.0,-20.0,12.0,-20.0,12.0,-20.0,11.0,-21.0,12.0,-21.0,11.0,-20.0,12.0,-21.0,11.0,-21.0,11.0,-20.0,11.0,-21.0
1.8769,122.0,-96.0,7.0,0.0,0.0,0.0,0.0,0.0,0.0,0.0,0.0,0.0,10.0,20.0,10.0,18.0,8.0,15.0,6.0,12.0,3.0,9.0,-1.0,6.0,-5.0,3.0,-9.0,1.0,-14.0,-1.0,-18.0,-2.0,-21.0,-3.0,-24.0,-3.0,-27.0,-3.0,-28.0,-2.0,-29.0,-1.0,-28.0,0.0,-26.0,0.0,-23.0,0.0,-19.0,0.0,-15.0,0.0,-11.0,-2.0,-6.0,-4.0,-1.0,-7.0,3.0,-10.0,7.0,-13.0,10.0,-17.0
1.8906,122.0,-96.0,7.0,0.0,0.0,0.0,0.0,0.0,0.0,0.0,0.0,0.0,9.0,-25.0,8.0,-22.0,7.0,-19.0,6.0,-15.0,5.0,-11.0,5.0,-6.0,6.0,0.0,7.0,5.0,8.0,11.0,10.0,15.0,12.0,18.0,14.0,21.0,16.0,23.0,18.0,24.0,19.0,24.0,19.0,22.0,19.0,21.0,17.0,18.0,15.0,16.0,11.0,13.0,7.0,10.0,2.0,7.0,-4.0,5.0,-9.0,4.0,-14.0,2.0,-20.0,2.0
1.9045,122.0,-96.0,7.0,0.0,0.0,0.0,0.0,0.0,0.0,0.0,0.0,0.0,20.0,7.0,21.0,7.0,21.0,7.0,21.0,6.0,20.0,5.0,18.0,5.0,16.0,4.0,12.0,4.0,8.0,4.0,3.0,4.0,-1.0,5.0,-5.0,6.0,-9.0,8.0,-13.0,9.0,-16.0,11.0,-18.0,13.0,-20.0,14.0,-21.0,15.0,-20.0,16.0,-19.0,16.0,-18.0,15.0,-15.0,14.0,-13.0,11.0,-10.0,8.0,-8.0,4.0,-6.0,0.0
1.9177,122.0,-96.0,7.0,0.0,0.0,0.0,0.0,0.0,0.0,0.0,0.0,0.0,18.0,15.0,19.0,15.0,21.0,14.0,20.0,14.0,20.0,13.0,18.0,12.0,15.0,10.0,11.0,8.0,7.0,7.0,2.0,6.0,-3.0,5.0,-8.0,4.0,-13.0,5.0,-17.0,5.0,-21.0,6.0,-23.0,7.0,-26.0,8.0,-27.0,9.0,-27.0,10.0,-26.0,11.0,-24.0,10.0,-21.0,9.0,-18.0,8.0,-14.0,5.0,-10.0,2.0,-7.0,-1.0
1.9324,122.0,-96.0,7.0,0.0,0.0,0.0,0.0,0.0,0.0,0.0,0.0,0.0,-11.0,-21.0,-13.0,-23.0,-13.0,-22.0,-14.0,-22.0,-14.0,-20.0,-13.0,-19.0,-11.0,-16.0,-8.0,-13.0,-5.0,-10.0,0.0,-7.0,3.0,-4.0,8.0,-3.0,13.0,-1.0,17.0,0.0,21.0,1.0,24.0,1.0,27.0,1.0,27.0,1.0,28.0,0.0,27.0,-1.0,25.0,-1.0,22.0,-2.0,19.0,-2.0,14.0,-1.0,9.0,1.0,5.0,3.0
1.9462,122.0,-96.0,7.0,0.0,0.0,0.0,0.0,0.0,0.0,0.0,0.0,0.0,-5.0,11.0,-7.0,15.0,-9.0,19.0,-11.0,22.0,-11.0,25.0,-11.0,27.0,-10.0,27.0,-10.0,28.0,-8.0,27.0,-8.0,24.0,-7.0,20.0,-7.0,15.0,-6.0,11.0,-6.0,5.0,-7.0,0.0,-8.0,-6.0,-11.0,-11.0,-12.0,-16.0,-15.0,-20.0,-17.0,-23.0,-19.0,-24.0,-21.0,-25.0,-22.0,-25.0,-21.0,-24.0,-21.0,-22.0,-20.0,-19.0
1.9617,122.0,-96.0,7.0,0.0,0.0,0.0,0.0,0.0,0.0,0.0,0.0,0.0,-21.0,9.0,-19.0,8.0,-17.0,7.0,-13.0,5.0,-10.0,2.0,-7.0,-1.0,-4.0,-5.0,-2.0,-9.0,0.0,-14.0,2.0,-18.0,4.0,-21.0,4.0,-24.0,4.0,-26.0,3.0,-28.0,2.0,-29.0,1.0,-28.0,0.0,-26.0,0.0,-23.0,0.0,-19.0,0.0,-15.0,2.0,-11.0,4.0,-5.0,6.0,-1.0,8.0,4.0,11.0,8.0,14.0,11.0
1.9746,122.0,-96.0,7.0,0.0,0.0,0.0,0.0,0.0,0.0,0.0,0.0,0.0,17.0,15.0,20.0,16.0,20.0,15.0,20.0,14.0,19.0,13.0,17.0,12.0,14.0,10.0,11.0,9.0,7.0,7.0,2.0,6.0,-3.0,5.0,-8.0,5.0,-13.0,5.0,-17.0,5.0,-21.0,6.0,-24.0,7.0,-26.0,8.0,-27.0,9.0,-27.0,10.0,-26.0,10.0,-25.0,10.0,-22.0,9.0,-18.0,7.0,-14.0,5.0,-10.0,2.0,-7.0,-2.0
1.9883,122.0,-96.0,7.0,0.0,0.0,0.0,0.0,0.0,0.0,0.0,0.0,0.0,14.0,-16.0,14.0,-18.0,14.0,-18.0,14.0,-18.0,12.0,-18.0,11.0,-16.0,9.0,-14.0,8.0,-10.0,6.0,-7.0,5.0,-2.0,4.0,2.0,4.0,7.0,4.0,11.0,4.0,15.0,5.0,18.0,5.0,20.0,6.0,23.0,7.0,24.0,8.0,24.0,8.0,23.0,8.0,21.0,7.0,18.0,6.0,16.0,4.0,12.0,2.0,8.0,-2.0,5.0
2.0035,122.0,-96.0,7.0,0.0,0.0,0.0,0.0,0.0,0.0,0.0,0.0,0.0,11.0,0.0,10.0,-1.0,11.0,-1.0,11.0,-1.0,11.0,-1.0,11.0,-1.0,12.0,-1.0,12.0,-1.0,11.0,-1.0,12.0,-1.0,12.0,-1.0,12.0,-1.0,12.0,-1.0,12.0,-2.0,12.0,-2.0,12.0,-2.0,12.0,-2.0,13.0,-2.0,12.0,-2.0,12.0,-2.0,12.0,-2.0,12.0,-2.0,13.0,-3.0,13.0,-3.0,13.0,-3.0,13.0,-3.0
2.0167,122.0,-96.0,7.0,0.0,0.0,0.0,0.0,0.0,0.0,0.0,0.0,0.0,10.0,-1.0,10.0,-1.0,11.0,-1.0,12.0,-1.0,11.0,-1.0,12.0,-1.0,11.0,-2.0,11.0,-2.0,11.0,-1.0,11.0,-2.0,12.0,-2.0,12.0,-2.0,12.0,-1.0,12.0,-2.0,12.0,-2.0,12.0,-2.0,12.0,-3.0,12.0,-2.0,12.0,-2.0,12.0,-2.0,13.0,-2.0,12.0,-2.0,12.0,-3.0,13.0,-2.0,13.0,-2.0,13.0,-3.0
2.0311,122.0,-96.0,7.0,0.0,0.0,0.0,0.0,0.0,0.0,0.0,0.0,0.0,-5.0,-26.0,-6.0,-28.0,-7.0,-28.0,-7.0,-28.0,-7.0,-26.0,-7.0,-24.0,-6.0,-21.0,-4.0,-17.0,-2.0,-13.0,2.0,-9.0,4.0,-4.0,9.0,0.0,13.0,3.0,17.0,6.0,21.0,9.0,24.0,10.0,27.0,11.0,28.0,11.0,30.0,11.0,29.0,10.0,28.0,9.0,25.0,8.0,21.0,6.0,16.0,5.0,11.0,4.0,6.0,4.0
2.0454,122.0,-96.0,7.0,0.0,0.0,0.0,0.0,0.0,0.0,0.0,0.0,0.0,-3.0,12.0,-3.0,12.0,-4.0,13.0,-4.0,12.0,-3.0,13.0,-4.0,14.0,-3.0,13.0,-3.0,14.0,-4.0,14.0,-4.0,14.0,-3.0,14.0,-4.0,14.0,-4.0,14.0,-3.0,14.0,-3.0,14.0,-4.0,14.0,-3.0,15.0,-3.0,15.0,-3.0,15.0,-4.0,15.0,-3.0,15.0,-3.0,15.0,-3.0,15.0,-2.0,16.0,-3.0,15.0,-3.0,16.0
2.0608,122.0,-96.0,7.0,0.0,0.0,0.0,0.0,0.0,0.0,0.0,0.0,0.0,11.0,-3.0,15.0,-3.0,18.0,-3.0,22.0,-3.0,24.0,-4.0,26.0,-5.0,26.0,-6.0,25.0,-7.0,24.0,-7.0,21.0,-6.0,18.0,-5.0,15.0,-3.0,11.0,-2.0,7.0,1.0,3.0,4.0,-1.0,8.0,-4.0,12.0,-7.0,15.0,-9.0,20.0,-10.0,23.0,-10.0,25.0,-10.0,26.0,-9.0,27.0,-9.0,27.0,-7.0,26.0,-6.0,23.0
2.0642,98.0,33.0,22.0,0.0,0.0,0.0,0.0,0.0,0.0,0.0,0.0,0.0,-1.0,-13.0,-5.0,-11.0,-9.0,-8.0,-13.0,-6.0,-18.0,-5.0,-22.0,-2.0,-24.0,-2.0,-26.0,1.0,-27.0,2.0,-27.0,3.0,-27.0,4.0,-25.0,5.0,-23.0,7.0,-19.0,7.0,-15.0,8.0,-10.0,7.0,-5.0,6.0,1.0,4.0,6.0,1.0,13.0,-1.0,18.0,-4.0,23.0,-6.0,26.0,-9.0,30.0,-12.0,32.0,-15.0,33.0,-15.0
2.0772,122.0,-96.0,7.0,0.0,0.0,0.0,0.0,0.0,0.0,0.0,0.0,0.0,-12.0,0.0,-16.0,-1.0,-20.0,-1.0,-22.0,-2.0,-25.0,-1.0,-27.0,0.0,-27.0,0.0,-27.0,1.0,-26.0,2.0,-23.0,2.0,-19.0,1.0,-16.0,0.0,-12.0,-1.0,-7.0,-3.0,-3.0,-5.0,1.0,-9.0,5.0,-12.0,8.0,-15.0,10.0,-19.0,12.0,-22.0,13.0,-25.0,13.0,-26.0,12.0,-27.0,11.0,-27.0,9.0,-26.0,8.0,-23.0
2.0893,122.0,-96.0,7.0,0.0,0.0,0.0,0.0,0.0,0.0,0.0,0.0,0.0,-3.0,10.0,-4.0,6.0,-6.0,1.0,-9.0,-4.0,-11.0,-8.0,-15.0,-12.0,-18.0,-14.0,-21.0,-16.0,-24.0,-17.0,-25.0,-17.0,-26.0,-17.0,-26.0,-15.0,-25.0,-14.0,-24.0,-12.0,-20.0,-10.0,-16.0,-9.0,-11.0,-8.0,-6.0,-7.0,0.0,-7.0,6.0,-7.0,11.0,-9.0,16.0,-11.0,20.0,-13.0,23.0,-15.0,25.0,-17.0,26.0,-19.0
2.1048,122.0,-96.0,7.0,0.0,0.0,0.0,0.0,0.0,0.0,0.0,0.0,0.0,-12.0,-24.0,-11.0,-22.0,-10.0,-19.0,-7.0,-16.0,-4.0,-12.0,0.0,-8.0,4.0,-5.0,8.0,-2.0,13.0,0.0,18.0,2.0,21.0,3.0,25.0,4.0,28.0,3.0,30.0,3.0,31.0,2.0,30.0,1.0,29.0,0.0,25.0,0.0,22.0,0.0,17.0,0.0,12.0,1.0,7.0,3.0,1.0,6.0,-4.0,8.0,-8.0,11.0,-12.0,16.0
2.1189,122.0,-96.0,7.0,0.0,0.0,0.0,0.0,0.0,0.0,0.0,0.0,0.0,-7.0,11.0,-7.0,12.0,-7.0,11.0,-9.0,13.0,-7.0,13.0,-7.0,13.0,-8.0,14.0,-6.0,13.0,-8.0,13.0,-8.0,13.0,-8.0,13.0,-8.0,13.0,-8.0,13.0,-8.0,14.0,-8.0,14.0,-7.0,14.0,-7.0,13.0,-7.0,15.0,-7.0,15.0,-8.0,14.0,-8.0,15.0,-7.0,15.0,-7.0,15.0,-7.0,15.0,-7.0,15.0,-7.0,15.0
2.1348,122.0,-96.0,7.0,0.0,0.0,0.0,0.0,0.0,0.0,0.0,0.0,0.0,-11.0,-21.0,-10.0,-20.0,-9.0,-17.0,-7.0,-14.0,-4.0,-10.0,0.0,-8.0,3.0,-5.0,8.0,-2.0,12.0,0.0,16.0,1.0,19.0,2.0,23.0,2.0,25.0,2.0,27.0,1.0,28.0,0.0,27.0,0.0,26.0,-1.0,23.0,-1.0,20.0,-2.0,15.0,-1.0,11.0,1.0,6.0,3.0,2.0,5.0,-3.0,8.0,-7.0,11.0,-10.0,14.0
2.1483,122.0,-96.0,7.0,0.0,0.0,0.0,0.0,0.0,0.0,0.0,0.0,0.0,18.0,-15.0,16.0,-14.0,14.0,-12.0,12.0,-10.0,9.0,-7.0,7.0,-2.0,4.0,2.0,3.0,7.0,2.0,11.0,2.0,16.0,1.0,19.0,1.0,22.0,2.0,25.0,3.0,26.0,4.0,27.0,5.0,27.0,5.0,25.0,5.0,23.0,5.0,20.0,3.0,16.0,1.0,12.0,-1.0,8.0,-5.0,4.0,-8.0,0.0,-11.0,-3.0,-16.0,-6.0
2.1525,98.0,33.0,22.0,0.0,0.0,0.0,0.0,0.0,0.0,0.0,0.0,0.0,11.0,-25.0,9.0,-22.0,8.0,-20.0,3.0,-16.0,-1.0,-12.0,-2.0,-10.0,-7.0,-7.0,-11.0,-1.0,-14.0,1.0,-18.0,3.0,-21.0,7.0,-24.0,9.0,-24.0,11.0,-23.0,15.0,-22.0,18.0,-21.0,16.0,-18.0,18.0,-14.0,16.0,-12.0,13.0,-7.0,11.0,-3.0,6.0,1.0,2.0,6.0,-4.0,10.0,-11.0,15.0,-16.0,18.0,-21.0
2.1666,122.0,-96.0,7.0,0.0,0.0,0.0,0.0,0.0,0.0,0.0,0.0,0.0,9.0,6.0,4.0,5.0,-1.0,5.0,-6.0,5.0,-11.0,6.0,-16.0,8.0,-20.0,10.0,-23.0,11.0,-25.0,13.0,-26.0,14.0,-26.0,15.0,-26.0,16.0,-24.0,16.0,-22.0,16.0,-19.0,13.0,-15.0,10.0,-12.0,7.0,-9.0,2.0,-7.0,-3.0,-5.0,-8.0,-3.0,-13.0,-2.0,-18.0,-2.0,-23.0,-2.0,-27.0,-3.0,-30.0,-4.0,-32.0
2.1798,122.0,-96.0,7.0,0.0,0.0,0.0,0.0,0.0,0.0,0.0,0.0,0.0,10.0,1.0,11.0,2.0,10.0,1.0,11.0,2.0,11.0,1.0,11.0,1.0,11.0,1.0,11.0,1.0,11.0,1.0,11.0,1.0,12.0,1.0,12.0,1.0,12.0,1.0,12.0,0.0,12.0,1.0,12.0,0.0,12.0,0.0,13.0,0.0,13.0,0.0,12.0,0.0,13.0,0.0,12.0,0.0,13.0,0.0,13.0,0.0,13.0,-1.0,14.0,-1.0
2.1941,122.0,-96.0,7.0,0.0,0.0,0.0,0.0,0.0,0.0,0.0,0.0,0.0,15.0,21.0,14.0,19.0,12.0,16.0,9.0,13.0,6.0,10.0,1.0,8.0,-4.0,5.0,-9.0,3.0,-14.0,1.0,-18.0,0.0,-22.0,-1.0,-26.0,-1.0,-29.0,0.0,-31.0,1.0,-32.0,1.0,-31.0,2.0,-30.0,3.0,-27.0,3.0,-24.0,3.0,-20.0,2.0,-15.0,0.0,-10.0,-2.0,-5.0,-5.0,0.0,-9.0,5.0,-12.0,8.0,-16.0
2.2099,122.0,-96.0,7.0,0.0,0.0,0.0,0.0,0.0,0.0,0.0,0.0,0.0,-5.0,-15.0,-4.0,-13.0,-4.0,-14.0,-4.0,-15.0,-4.0,-16.0,-5.0,-15.0,-4.0,-15.0,-4.0,-16.0,-5.0,-15.0,-5.0,-15.0,-4.0,-15.0,-5.0,-15.0,-5.0,-15.0,-5.0,-16.0,-5.0,-15.0,-5.0,-16.0,-6.0,-16.0,-6.0,-16.0,-6.0,-15.0,-6.0,-16.0,-6.0,-16.0,-6.0,-16.0,-7.0,-16.0,-7.0,-16.0,-7.0,-16.0,-7.0,-16.0
2.2244,122.0,-96.0,7.0,0.0,0.0,0.0,0.0,0.0,0.0,0.0,0.0,0.0,-23.0,3.0,-21.0,3.0,-18.0,2.0,-15.0,1.0,-11.0,0.0,-7.0,-3.0,-4.0,-6.0,0.0,-9.0,3.0,-12.0,6.0,-16.0,8.0,-19.0,9.0,-22.0,9.0,-24.0,9.0,-27.0,9.0,-27.0,8.0,-27.0,7.0,-26.0,6.0,-23.0,4.0,-20.0,4.0,-16.0,4.0,-11.0,4.0,-6.0,5.0,-1.0,7.0,4.0,8.0,9.0,11.0,13.0
2.2374,122.0,-96.0,7.0,0.0,0.0,0.0,0.0,0.0,0.0,0.0,0.0,0.0,7.0,8.0,2.0,6.0,-3.0,5.0,-8.0,4.0,-13.0,4.0,-18.0,4.0,-22.0,5.0,-26.0,6.0,-28.0,8.0,-29.0,9.0,-29.0,10.0,-28.0,11.0,-26.0,11.0,-24.0,11.0,-20.0,9.0,-16.0,7.0,-13.0,3.0,-9.0,0.0,-5.0,-5.0,-2.0,-10.0,0.0,-15.0,1.0,-20.0,2.0,-24.0,1.0,-28.0,1.0,-31.0,0.0,-32.0
2.2519,122.0,-96.0,7.0,0.0,0.0,0.0,0.0,0.0,0.0,0.0,0.0,0.0,-9.0,8.0,-9.0,9.0,-8.0,7.0,-9.0,8.0,-8.0,9.0,-9.0,8.0,-9.0,8.0,-9.0,9.0,-9.0,9.0,-9.0,9.0,-9.0,9.0,-9.0,10.0,-10.0,9.0,-9.0,10.0,-9.0,9.0,-10.0,10.0,-9.0,9.0,-10.0,11.0,-10.0,11.0,-9.0,11.0,-9.0,10.0,-9.0,10.0,-8.0,11.0,-9.0,11.0,-9.0,11.0,-9.0,11.0
2.2672,122.0,-96.0,7.0,0.0,0.0,0.0,0.0,0.0,0.0,0.0,0.0,0.0,-8.0,-9.0,-3.0,-7.0,2.0,-6.0,6.0,-5.0,12.0,-4.0,17.0,-5.0,21.0,-6.0,24.0,-6.0,27.0,-8.0,28.0,-9.0,29.0,-10.0,28.0,-10.0,26.0,-11.0,24.0,-11.0,20.0,-9.0,17.0,-8.0,12.0,-5.0,9.0,-1.0,5.0,3.0,2.0,8.0,-1.0,12.0,-3.0,17.0,-4.0,22.0,-5.0,26.0,-5.0,28.0,-4.0,31.0
2.2803,122.0,-96.0,7.0,0.0,0.0,0.0,0.0,0.0,0.0,0.0,0.0,0.0,5.0,-18.0,5.0,-18.0,5.0,-18.0,5.0,-18.0,5.0,-18.0,5.0,-19.0,5.0,-19.0,5.0,-19.0,5.0,-20.0,5.0,-19.0,5.0,-20.0,5.0,-20.0,5.0,-20.0,4.0,-20.0,5.0,-20.0,5.0,-20.0,5.0,-20.0,4.0,-20.0,4.0,-20.0,4.0,-21.0,4.0,-21.0,4.0,-21.0,4.0,-21.0,3.0,-21.0,4.0,-21.0,3.0,-21.0
2.2967,122.0,-96.0,7.0,0.0,0.0,0.0,0.0,0.0,0.0,0.0,0.0,0.0,-26.0,-3.0,-24.0,-3.0,-20.0,-2.0,-16.0,-2.0,-12.0,-3.0,-7.0,-5.0,-2.0,-7.0,3.0,-9.0,7.0,-12.0,11.0,-15.0,14.0,-18.0,16.0,-20.0,18.0,-23.0,18.0,-25.0,18.0,-26.0,16.0,-26.0,15.0,-25.0,13.0,-22.0,11.0,-20.0,9.0,-15.0,8.0,-10.0,7.0,-5.0,6.0,1.0,5.0,7.0,6.0,12.0,7.0,18.0
2.3002,98.0,33.0,22.0,0.0,0.0,0.0,0.0,0.0,0.0,0.0,0.0,0.0,8.0,-10.0,8.0,-12.0,9.0,-14.0,9.0,-16.0,9.0,-17.0,9.0,-18.0,8.0,-18.0,7.0,-17.0,5.0,-15.0,4.0,-14.0,1.0,-12.0,-1.0,-8.0,-3.0,-6.0,-5.0,-2.0,-7.0,1.0,-7.0,5.0,-8.0,8.0,-9.0,12.0,-8.0,16.0,-8.0,19.0,-8.0,21.0,-8.0,22.0,-7.0,22.0,-6.0,21.0,-5.0,19.0,-3.0,17.0
2.3148,122.0,-96.0,7.0,0.0,0.0,0.0,0.0,0.0,0.0,0.0,0.0,0.0,-24.0,-1.0,-22.0,-1.0,-19.0,-1.0,-15.0,-1.0,-11.0,-2.0,-7.0,-4.0,-3.0,-6.0,1.0,-8.0,5.0,-11.0,8.0,-14.0,11.0,-16.0,13.0,-19.0,15.0,-21.0,15.0,-23.0,15.0,-24.0,14.0,-24.0,12.0,-24.0,11.0,-21.0,9.0,-19.0,8.0,-16.0,7.0,-11.0,6.0,-6.0,6.0,-1.0,5.0,4.0,5.0,9.0,7.0,14.0
2.329,122.0,-96.0,7.0,0.0,0.0,0.0,0.0,0.0,0.0,0.0,0.0,0.0,-3.0,12.0,-4.0,13.0,-4.0,14.0,-3.0,12.0,-3.0,15.0,-4.0,14.0,-3.0,14.0,-2.0,15.0,-4.0,14.0,-4.0,15.0,-3.0,16.0,-3.0,15.0,-4.0,15.0,-4.0,15.0,-3.0,16.0,-3.0,15.0,-2.0,15.0,-2.0,16.0,-2.0,16.0,-2.0,16.0,-3.0,16.0,-2.0,17.0,-2.0,16.0,-2.0,16.0,-2.0,16.0,-1.0,16.0
2.3429,122.0,-96.0,7.0,0.0,0.0,0.0,0.0,0.0,0.0,0.0,0.0,0.0,-6.0,25.0,-5.0,22.0,-5.0,19.0,-5.0,15.0,-5.0,10.0,-6.0,5.0,-7.0,-1.0,-9.0,-5.0,-11.0,-10.0,-14.0,-14.0,-16.0,-18.0,-18.0,-20.0,-20.0,-22.0,-23.0,-22.0,-23.0,-22.0,-23.0,-20.0,-22.0,-19.0,-20.0,-16.0,-17.0,-14.0,-13.0,-11.0,-8.0,-9.0,-2.0,-8.0,4.0,-6.0,9.0,-5.0,15.0,-5.0,20.0,-6.0
2.3567,122.0,-96.0,7.0,0.0,0.0,0.0,0.0,0.0,0.0,0.0,0.0,0.0,10.0,21.0,11.0,22.0,12.0,22.0,12.0,21.0,12.0,20.0,11.0,18.0,9.0,15.0,6.0,12.0,3.0,10.0,-1.0,7.0,-5.0,3.0,-9.0,1.0,-14.0,-1.0,-18.0,-2.0,-22.0,-3.0,-25.0,-3.0,-27.0,-3.0,-29.0,-3.0,-29.0,-2.0,-28.0,-1.0,-26.0,-1.0,-24.0,0.0,-20.0,-1.0,-15.0,-1.0,-10.0,-2.0,-6.0,-4.0
2.3716,122.0,-96.0,7.0,0.0,0.0,0.0,0.0,0.0,0.0,0.0,0.0,0.0,12.0,-23.0,11.0,-21.0,9.0,-18.0,8.0,-14.0,7.0,-10.0,6.0,-5.0,6.0,1.0,6.0,6.0,7.0,11.0,8.0,16.0,9.0,20.0,10.0,23.0,12.0,25.0,14.0,26.0,16.0,26.0,16.0,25.0,15.0,23.0,14.0,21.0,12.0,18.0,9.0,14.0,5.0,11.0,1.0,8.0,-5.0,5.0,-10.0,2.0,-15.0,0.0,-20.0,-1.0
2.3854,122.0,-96.0,7.0,0.0,0.0,0.0,0.0,0.0,0.0,0.0,0.0,0.0,6.0,11.0,7.0,11.0,6.0,11.0,7.0,12.0,6.0,12.0,7.0,12.0,7.0,12.0,8.0,12.0,7.0,12.0,7.0,12.0,8.0,13.0,7.0,12.0,7.0,13.0,8.0,13.0,9.0,13.0,8.0,12.0,8.0,13.0,9.0,12.0,9.0,13.0,9.0,13.0,9.0,12.0,9.0,13.0,9.0,12.0,10.0,13.0,9.0,13.0,10.0,13.0
2.4004,122.0,-96.0,7.0,0.0,0.0,0.0,0.0,0.0,0.0,0.0,0.0,0.0,-8.0,-23.0,-10.0,-24.0,-10.0,-24.0,-10.0,-24.0,-10.0,-22.0,-10.0,-20.0,-8.0,-18.0,-6.0,-15.0,-4.0,-11.0,0.0,-8.0,4.0,-4.0,8.0,-1.0,12.0,1.0,16.0,3.0,20.0,4.0,23.0,5.0,26.0,6.0,27.0,5.0,28.0,4.0,27.0,4.0,26.0,3.0,23.0,2.0,20.0,2.0,16.0,2.0,10.0,2.0,6.0,3.0
2.4137,122.0,-96.0,7.0,0.0,0.0,0.0,0.0,0.0,0.0,0.0,0.0,0.0,9.0,23.0,8.0,21.0,7.0,18.0,5.0,15.0,2.0,10.0,-2.0,7.0,-6.0,3.0,-10.0,0.0,-15.0,-3.0,-19.0,-5.0,-23.0,-6.0,-26.0,-7.0,-29.0,-7.0,-31.0,-6.0,-32.0,-5.0,-30.0,-4.0,-29.0,-3.0,-25.0,-3.0,-22.0,-2.0,-17.0,-3.0,-12.0,-4.0,-6.0,-5.0,0.0,-8.0,5.0,-10.0,9.0,-13.0,13.0,-17.0
2.4303,122.0,-96.0,7.0,0.0,0.0,0.0,0.0,0.0,0.0,0.0,0.0,0.0,-4.0,-11.0,-1.0,-8.0,4.0,-4.0,8.0,-2.0,13.0,1.0,18.0,2.0,21.0,3.0,25.0,3.0,28.0,3.0,29.0,2.0,30.0,1.0,29.0,0.0,27.0,-1.0,25.0,-2.0,21.0,-2.0,17.0,-1.0,12.0,1.0,7.0,3.0,2.0,6.0,-3.0,9.0,-7.0,13.0,-10.0,16.0,-13.0,20.0,-14.0,23.0,-15.0,26.0,-15.0,28.0
2.4451,122.0,-96.0,7.0,0.0,0.0,0.0,0.0,0.0,0.0,0.0,0.0,0.0,-12.0,-23.0,-11.0,-22.0,-10.0,-18.0,-7.0,-15.0,-5.0,-12.0,0.0,-8.0,4.0,-5.0,9.0,-2.0,13.0,0.0,18.0,2.0,22.0,3.0,25.0,4.0,28.0,4.0,30.0,3.0,31.0,2.0,30.0,1.0,28.0,0.0,25.0,0.0,22.0,0.0,17.0,0.0,12.0,1.0,7.0,3.0,1.0,6.0,-4.0,8.0,-9.0,11.0,-12.0,15.0
2.4593,122.0,-96.0,7.0,0.0,0.0,0.0,0.0,0.0,0.0,0.0,0.0,0.0,-15.0,21.0,-15.0,23.0,-15.0,24.0,-15.0,24.0,-13.0,23.0,-12.0,20.0,-10.0,17.0,-9.0,13.0,-8.0,9.0,-7.0,3.0,-7.0,-3.0,-7.0,-8.0,-8.0,-14.0,-8.0,-19.0,-10.0,-23.0,-11.0,-26.0,-12.0,-28.0,-13.0,-29.0,-15.0,-29.0,-15.0,-28.0,-14.0,-26.0,-13.0,-23.0,-11.0,-19.0,-8.0,-15.0,-4.0,-11.0,0.0,-8.0
2.4737,122.0,-96.0,7.0,0.0,0.0,0.0,0.0,0.0,0.0,0.0,0.0,0.0,3.0,-14.0,6.0,-19.0,8.0,-23.0,9.0,-27.0,10.0,-30.0,10.0,-32.0,9.0,-33.0,8.0,-33.0,7.0,-31.0,6.0,-27.0,5.0,-23.0,5.0,-18.0,5.0,-12.0,6.0,-6.0,7.0,0.0,9.0,6.0,12.0,12.0,14.0,17.0,18.0,21.0,20.0,24.0,23.0,26.0,24.0,26.0,25.0,25.0,25.0,23.0,24.0,21.0,22.0,19.0
2.4868,122.0,-96.0,7.0,0.0,0.0,0.0,0.0,0.0,0.0,0.0,0.0,0.0,11.0,2.0,6.0,4.0,1.0,6.0,-5.0,9.0,-9.0,12.0,-13.0,16.0,-16.0,20.0,-18.0,23.0,-19.0,26.0,-19.0,28.0,-18.0,29.0,-17.0,28.0,-15.0,27.0,-13.0,25.0,-11.0,21.0,-9.0,15.0,-8.0,10.0,-8.0,4.0,-8.0,-3.0,-9.0,-9.0,-11.0,-15.0,-13.0,-20.0,-16.0,-24.0,-19.0,-27.0,-21.0,-28.0,-22.0,-29.0
2.5013,122.0,-96.0,7.0,0.0,0.0,0.0,0.0,0.0,0.0,0.0,0.0,0.0,-7.0,-23.0,-9.0,-25.0,-9.0,-24.0,-9.0,-24.0,-10.0,-22.0,-9.0,-20.0,-7.0,-18.0,-5.0,-14.0,-3.0,-11.0,1.0,-7.0,4.0,-4.0,9.0,0.0,13.0,2.0,17.0,4.0,20.0,5.0,23.0,6.0,26.0,6.0,26.0,7.0,27.0,6.0,27.0,4.0,25.0,4.0,22.0,3.0,18.0,2.0,14.0,3.0,9.0,3.0,4.0,4.0
2.5145,122.0,-96.0,7.0,0.0,0.0,0.0,0.0,0.0,0.0,0.0,0.0,0.0,16.0,20.0,14.0,18.0,12.0,15.0,9.0,12.0,5.0,10.0,1.0,7.0,-4.0,5.0,-9.0,3.0,-14.0,2.0,-19.0,2.0,-23.0,1.0,-26.0,2.0,-29.0,3.0,-31.0,4.0,-31.0,5.0,-30.0,6.0,-28.0,7.0,-26.0,6.0,-22.0,5.0,-18.0,4.0,-13.0,1.0,-9.0,-2.0,-4.0,-6.0,0.0,-10.0,4.0,-14.0,6.0,-19.0
2.5285,122.0,-96.0,7.0,0.0,0.0,0.0,0.0,0.0,0.0,0.0,0.0,0.0,23.0,-12.0,24.0,-14.0,25.0,-15.0,24.0,-14.0,22.0,-15.0,20.0,-13.0,17.0,-12.0,14.0,-8.0,11.0,-6.0,8.0,0.0,4.0,3.0,2.0,9.0,0.0,14.0,-2.0,18.0,-3.0,22.0,-4.0,26.0,-4.0,28.0,-4.0,31.0,-3.0,31.0,-2.0,31.0,-1.0,29.0,-1.0,26.0,0.0,23.0,-1.0,17.0,-2.0,12.0,-4.0,7.0
2.5421,122.0,-96.0,7.0,0.0,0.0,0.0,0.0,0.0,0.0,0.0,0.0,0.0,19.0,-12.0,17.0,-11.0,15.0,-10.0,12.0,-7.0,9.0,-4.0,6.0,-1.0,4.0,4.0,1.0,8.0,0.0,13.0,-2.0,16.0,-2.0,20.0,-2.0,23.0,-2.0,26.0,0.0,27.0,0.0,27.0,1.0,26.0,1.0,25.0,1.0,22.0,1.0,19.0,0.0,14.0,-2.0,9.0,-4.0,5.0,-7.0,0.0,-10.0,-4.0,-13.0,-8.0,-17.0,-10.0
2.556,122.0,-96.0,7.0,0.0,0.0,0.0,0.0,0.0,0.0,0.0,0.0,0.0,22.0,-12.0,20.0,-11.0,17.0,-9.0,14.0,-7.0,10.0,-4.0,7.0,0.0,4.0,4.0,1.0,9.0,-1.0,14.0,-3.0,18.0,-4.0,22.0,-4.0,25.0,-4.0,28.0,-3.0,30.0,-2.0,31.0,-1.0,30.0,0.0,28.0,0.0,24.0,0.0,20.0,-1.0,16.0,-2.0,11.0,-5.0,6.0,-8.0,0.0,-11.0,-5.0,-13.0,-9.0,-18.0,-13.0
2.5693,122.0,-96.0,7.0,0.0,0.0,0.0,0.0,0.0,0.0,0.0,0.0,0.0,-12.0,-7.0,-15.0,-10.0,-18.0,-12.0,-21.0,-14.0,-23.0,-15.0,-26.0,-16.0,-26.0,-15.0,-27.0,-14.0,-25.0,-13.0,-22.0,-11.0,-19.0,-10.0,-15.0,-9.0,-10.0,-8.0,-4.0,-7.0,1.0,-7.0,7.0,-8.0,12.0,-9.0,17.0,-10.0,22.0,-12.0,24.0,-14.0,27.0,-16.0,27.0,-16.0,26.0,-18.0,25.0,-18.0,23.0,-18.0,20.0,-16.0
2.5831,122.0,-96.0,7.0,0.0,0.0,0.0,0.0,0.0,0.0,0.0,0.0,0.0,7.0,10.0,8.0,14.0,10.0,18.0,12.0,20.0,14.0,23.0,15.0,24.0,17.0,24.0,17.0,23.0,17.0,22.0,15.0,20.0,13.0,17.0,10.0,14.0,7.0,11.0,2.0,8.0,-3.0,5.0,-8.0,3.0,-14.0,2.0,-18.0,1.0,-23.0,1.0,-27.0,2.0,-30.0,2.0,-32.0,3.0,-33.0,4.0,-32.0,4.0,-30.0,6.0,-27.0,5.0
2.5983,122.0,-96.0,7.0,0.0,0.0,0.0,0.0,0.0,0.0,0.0,0.0,0.0,-10.0,4.0,-10.0,4.0,-11.0,4.0,-10.0,4.0,-11.0,4.0,-12.0,4.0,-11.0,5.0,-11.0,6.0,-12.0,5.0,-11.0,5.0,-11.0,5.0,-11.0,5.0,-11.0,5.0,-12.0,5.0,-11.0,6.0,-11.0,6.0,-12.0,6.0,-12.0,6.0,-12.0,7.0,-12.0,6.0,-12.0,6.0,-11.0,6.0,-12.0,7.0,-12.0,6.0,-12.0,6.0,-12.0,7.0
2.6122,122.0,-96.0,7.0,0.0,0.0,0.0,0.0,0.0,0.0,0.0,0.0,0.0,-7.0,-21.0,-8.0,-22.0,-8.0,-22.0,-8.0,-22.0,-9.0,-21.0,-8.0,-19.0,-7.0,-17.0,-5.0,-14.0,-3.0,-11.0,0.0,-8.0,3.0,-5.0,7.0,-1.0,10.0,1.0,13.0,3.0,16.0,5.0,19.0,6.0,22.0,6.0,23.0,7.0,24.0,6.0,24.0,5.0,23.0,5.0,21.0,4.0,19.0,3.0,15.0,3.0,11.0,3.0,7.0,3.0
2.6273,122.0,-96.0,7.0,0.0,0.0,0.0,0.0,0.0,0.0,0.0,0.0,0.0,5.0,23.0,7.0,24.0,7.0,24.0,7.0,24.0,7.0,22.0,7.0,20.0,6.0,17.0,3.0,14.0,1.0,10.0,-2.0,7.0,-5.0,3.0,-9.0,0.0,-13.0,-3.0,-16.0,-6.0,-20.0,-7.0,-23.0,-9.0,-26.0,-9.0,-27.0,-9.0,-28.0,-9.0,-27.0,-8.0,-26.0,-7.0,-23.0,-6.0,-21.0,-5.0,-16.0,-4.0,-11.0,-4.0,-6.0,-5.0
2.6307,98.0,33.0,22.0,0.0,0.0,0.0,0.0,0.0,0.0,0.0,0.0,0.0,-21.0,-9.0,-18.0,-8.0,-15.0,-7.0,-11.0,-3.0,-10.0,0.0,-5.0,5.0,-5.0,9.0,-2.0,13.0,3.0,16.0,5.0,15.0,7.0,18.0,9.0,20.0,12.0,21.0,16.0,19.0,16.0,17.0,17.0,16.0,16.0,15.0,14.0,10.0,11.0,7.0,8.0,5.0,5.0,2.0,-2.0,-2.0,-5.0,-5.0,-10.0,-9.0,-15.0,-14.0,-20.0,-16.0
2.6446,122.0,-96.0,7.0,0.0,0.0,0.0,0.0,0.0,0.0,0.0,0.0,0.0,-1.0,11.0,-3.0,7.0,-5.0,2.0,-9.0,-2.0,-12.0,-5.0,-16.0,-8.0,-20.0,-10.0,-23.0,-11.0,-26.0,-12.0,-28.0,-12.0,-29.0,-11.0,-28.0,-10.0,-27.0,-9.0,-26.0,-7.0,-22.0,-7.0,-18.0,-6.0,-13.0,-6.0,-8.0,-6.0,-2.0,-7.0,3.0,-8.0,8.0,-10.0,13.0,-13.0,16.0,-16.0,19.0,-19.0,21.0,-21.0,21.0,-22.0
2.6579,122.0,-96.0,7.0,0.0,0.0,0.0,0.0,0.0,0.0,0.0,0.0,0.0,11.0,-5.0,16.0,-5.0,20.0,-6.0,23.0,-7.0,25.0,-8.0,28.0,-9.0,28.0,-10.0,27.0,-11.0,26.0,-11.0,23.0,-10.0,20.0,-9.0,17.0,-7.0,12.0,-5.0,9.0,-1.0,4.0,3.0,1.0,7.0,-2.0,13.0,-4.0,17.0,-6.0,22.0,-7.0,25.0,-7.0,29.0,-8.0,30.0,-6.0,31.0,-5.0,31.0,-3.0,30.0,-3.0,27.0
2.6707,122.0,-96.0,7.0,0.0,0.0,0.0,0.0,0.0,0.0,0.0,0.0,0.0,13.0,1.0,13.0,1.0,13.0,0.0,14.0,1.0,14.0,1.0,15.0,1.0,14.0,1.0,15.0,0.0,14.0,1.0,15.0,1.0,15.0,1.0,15.0,1.0,15.0,1.0,15.0,0.0,15.0,0.0,15.0,0.0,16.0,-1.0,15.0,0.0,16.0,0.0,16.0,0.0,16.0,0.0,16.0,0.0,16.0,-1.0,16.0,-1.0,16.0,-1.0,16.0,-1.0
2.6751,82.0,32.0,5.0,0.0,0.0,0.0,0.0,0.0,0.0,0.0,0.0,0.0,6.0,8.0,5.0,7.0,8.0,-3.0,3.0,4.0,-2.0,17.0,8.0,9.0,14.0,-7.0,25.0,-19.0,10.0,3.0,13.0,-3.0,-8.0,5.0,11.0,0.0,8.0,0.0,4.0,7.0,12.0,3.0,7.0,9.0,6.0,3.0,2.0,3.0,2.0,6.0,-3.0,-7.0,-1.0,-7.0,-2.0,-8.0,5.0,-17.0,5.0,-23.0,12.0,-24.0,15.0,-27.0
2.6887,122.0,-96.0,7.0,0.0,0.0,0.0,0.0,0.0,0.0,0.0,0.0,0.0,4.0,-13.0,4.0,-13.0,4.0,-14.0,3.0,-14.0,4.0,-14.0,4.0,-14.0,4.0,-15.0,3.0,-15.0,3.0,-16.0,3.0,-16.0,4.0,-15.0,4.0,-15.0,4.0,-14.0,3.0,-16.0,4.0,-16.0,4.0,-16.0,3.0,-15.0,3.0,-16.0,4.0,-16.0,3.0,-16.0,3.0,-16.0,3.0,-16.0,3.0,-17.0,3.0,-17.0,3.0,-17.0,3.0,-18.0
2.7037,122.0,-96.0,7.0,0.0,0.0,0.0,0.0,0.0,0.0,0.0,0.0,0.0,-23.0,-19.0,-21.0,-17.0,-18.0,-15.0,-14.0,-12.0,-10.0,-10.0,-4.0,-8.0,2.0,-8.0,8.0,-6.0,14.0,-7.0,19.0,-6.0,23.0,-7.0,27.0,-8.0,30.0,-10.0,32.0,-12.0,32.0,-13.0,31.0,-14.0,29.0,-14.0,26.0,-13.0,22.0,-11.0,18.0,-8.0,13.0,-5.0,9.0,0.0,4.0,5.0,1.0,10.0,-3.0,15.0,-4.0,21.0
2.7152,98.0,33.0,22.0,0.0,0.0,0.0,0.0,0.0,0.0,0.0,0.0,0.0,-13.0,25.0,-16.0,24.0,-13.0,25.0,-11.0,24.0,-9.0,22.0,-7.0,20.0,-5.0,16.0,0.0,12.0,2.0,7.0,6.0,0.0,8.0,-3.0,10.0,-5.0,9.0,-12.0,13.0,-18.0,12.0,-20.0,12.0,-22.0,10.0,-28.0,10.0,-27.0,9.0,-30.0,6.0,-29.0,6.0,-26.0,4.0,-22.0,1.0,-19.0,1.0,-12.0,-1.0,-4.0,1.0,1.0
2.7305,122.0,-96.0,7.0,0.0,0.0,0.0,0.0,0.0,0.0,0.0,0.0,0.0,-18.0,18.0,-17.0,16.0,-14.0,14.0,-12.0,10.0,-9.0,6.0,-8.0,1.0,-6.0,-4.0,-5.0,-9.0,-5.0,-15.0,-4.0,-19.0,-5.0,-22.0,-5.0,-26.0,-6.0,-29.0,-9.0,-30.0,-9.0,-31.0,-10.0,-29.0,-10.0,-27.0,-9.0,-24.0,-8.0,-20.0,-6.0,-16.0,-2.0,-12.0,1.0,-7.0,6.0,-4.0,10.0,0.0,15.0,3.0,20.0,5.0
2.7449,122.0,-96.0,7.0,0.0,0.0,0.0,0.0,0.0,0.0,0.0,0.0,0.0,-10.0,4.0,-11.0,5.0,-11.0,5.0,-12.0,5.0,-12.0,4.0,-11.0,5.0,-12.0,4.0,-12.0,5.0,-12.0,5.0,-12.0,5.0,-12.0,5.0,-13.0,5.0,-13.0,6.0,-13.0,6.0,-12.0,6.0,-12.0,6.0,-13.0,6.0,-12.0,6.0,-12.0,6.0,-12.0,6.0,-12.0,6.0,-12.0,6.0,-12.0,7.0,-13.0,7.0,-12.0,6.0,-13.0,7.0
2.7595,122.0,-96.0,7.0,0.0,0.0,0.0,0.0,0.0,0.0,0.0,0.0,0.0,9.0,24.0,11.0,25.0,12.0,25.0,12.0,25.0,12.0,23.0,11.0,21.0,9.0,18.0,6.0,15.0,4.0,11.0,-1.0,8.0,-4.0,4.0,-10.0,1.0,-14.0,-1.0,-19.0,-3.0,-23.0,-5.0,-26.0,-6.0,-29.0,-6.0,-31.0,-5.0,-32.0,-5.0,-31.0,-4.0,-30.0,-3.0,-27.0,-2.0,-23.0,-2.0,-18.0,-2.0,-13.0,-2.0,-8.0,-4.0
2.7732,122.0,-96.0,7.0,0.0,0.0,0.0,0.0,0.0,0.0,0.0,0.0,0.0,19.0,-18.0,20.0,-20.0,20.0,-21.0,19.0,-21.0,18.0,-20.0,16.0,-18.0,14.0,-17.0,12.0,-13.0,10.0,-9.0,8.0,-4.0,5.0,1.0,4.0,7.0,3.0,12.0,2.0,17.0,3.0,21.0,3.0,25.0,4.0,28.0,4.0,30.0,5.0,30.0,6.0,30.0,6.0,29.0,6.0,26.0,6.0,23.0,4.0,18.0,2.0,14.0,-1.0,9.0
2.7898,122.0,-96.0,7.0,0.0,0.0,0.0,0.0,0.0,0.0,0.0,0.0,0.0,-7.0,-10.0,-2.0,-7.0,3.0,-5.0,8.0,-4.0,12.0,-3.0,18.0,-3.0,21.0,-3.0,25.0,-3.0,27.0,-5.0,29.0,-5.0,29.0,-6.0,28.0,-7.0,27.0,-7.0,24.0,-8.0,21.0,-7.0,16.0,-5.0,12.0,-3.0,8.0,1.0,4.0,5.0,-1.0,9.0,-4.0,13.0,-6.0,18.0,-8.0,22.0,-8.0,26.0,-8.0,28.0,-8.0,30.0
2.8039,122.0,-96.0,7.0,0.0,0.0,0.0,0.0,0.0,0.0,0.0,0.0,0.0,1.0,-14.0,1.0,-14.0,1.0,-14.0,1.0,-15.0,1.0,-15.0,1.0,-15.0,1.0,-15.0,0.0,-16.0,0.0,-15.0,0.0,-15.0,1.0,-16.0,1.0,-16.0,1.0,-16.0,0.0,-17.0,1.0,-16.0,0.0,-16.0,0.0,-17.0,0.0,-17.0,0.0,-17.0,0.0,-17.0,0.0,-17.0,-1.0,-17.0,-1.0,-17.0,-1.0,-17.0,-1.0,-17.0,-1.0,-17.0
2.8174,122.0,-96.0,7.0,0.0,0.0,0.0,0.0,0.0,0.0,0.0,0.0,0.0,-11.0,-10.0,-14.0,-14.0,-17.0,-18.0,-19.0,-21.0,-22.0,-22.0,-24.0,-23.0,-25.0,-24.0,-26.0,-22.0,-24.0,-21.0,-23.0,-18.0,-19.0,-16.0,-15.0,-13.0,-10.0,-11.0,-5.0,-9.0,2.0,-7.0,8.0,-6.0,15.0,-7.0,20.0,-6.0,26.0,-7.0,29.0,-9.0,33.0,-10.0,34.0,-11.0,34.0,-13.0,32.0,-13.0,30.0,-14.0,27.0,-13.0
2.8328,122.0,-96.0,7.0,0.0,0.0,0.0,0.0,0.0,0.0,0.0,0.0,0.0,7.0,-11.0,10.0,-13.0,13.0,-16.0,15.0,-19.0,17.0,-21.0,18.0,-23.0,17.0,-25.0,16.0,-25.0,15.0,-24.0,13.0,-22.0,11.0,-19.0,10.0,-15.0,8.0,-11.0,7.0,-6.0,6.0,0.0,6.0,5.0,6.0,11.0,7.0,15.0,8.0,21.0,10.0,24.0,11.0,27.0,12.0,28.0,14.0,28.0,15.0,27.0,15.0,26.0,14.0,23.0
2.8454,122.0,-96.0,7.0,0.0,0.0,0.0,0.0,0.0,0.0,0.0,0.0,0.0,-6.0,11.0,-9.0,14.0,-12.0,17.0,-13.0,20.0,-14.0,23.0,-15.0,25.0,-14.0,26.0,-13.0,26.0,-12.0,25.0,-11.0,22.0,-10.0,19.0,-9.0,15.0,-7.0,10.0,-7.0,4.0,-7.0,-1.0,-8.0,-6.0,-9.0,-12.0,-10.0,-17.0,-13.0,-21.0,-14.0,-24.0,-16.0,-27.0,-17.0,-27.0,-18.0,-28.0,-19.0,-26.0,-19.0,-24.0,-17.0,-21.0
2.8602,122.0,-96.0,7.0,0.0,0.0,0.0,0.0,0.0,0.0,0.0,0.0,0.0,4.0,-13.0,4.0,-14.0,4.0,-14.0,4.0,-14.0,4.0,-14.0,4.0,-15.0,4.0,-15.0,4.0,-15.0,4.0,-14.0,4.0,-15.0,4.0,-15.0,5.0,-15.0,4.0,-15.0,4.0,-16.0,4.0,-16.0,4.0,-15.0,4.0,-16.0,4.0,-16.0,4.0,-16.0,4.0,-16.0,4.0,-16.0,4.0,-16.0,4.0,-16.0,4.0,-16.0,4.0,-16.0,4.0,-17.0
2.8769,122.0,-96.0,7.0,0.0,0.0,0.0,0.0,0.0,0.0,0.0,0.0,0.0,-13.0,3.0,-8.0,0.0,-5.0,-5.0,-2.0,-10.0,0.0,-15.0,2.0,-21.0,3.0,-25.0,3.0,-29.0,2.0,-33.0,2.0,-34.0,1.0,-35.0,-1.0,-34.0,-2.0,-32.0,-3.0,-30.0,-2.0,-25.0,-1.0,-20.0,0.0,-15.0,3.0,-9.0,7.0,-3.0,10.0,2.0,14.0,6.0,19.0,10.0,23.0,12.0,27.0,14.0,30.0,14.0,32.0,14.0
2.8877,122.0,-96.0,7.0,0.0,0.0,0.0,0.0,0.0,0.0,0.0,0.0,0.0,8.0,8.0,8.0,8.0,8.0,8.0,9.0,9.0,9.0,8.0,9.0,9.0,9.0,9.0,9.0,8.0,9.0,9.0,9.0,9.0,9.0,9.0,9.0,9.0,10.0,9.0,10.0,9.0,10.0,9.0,10.0,9.0,10.0,8.0,11.0,9.0,10.0,9.0,10.0,9.0,11.0,9.0,11.0,9.0,11.0,8.0,11.0,9.0,11.0,8.0,11.0,9.0
2.902,122.0,-96.0,7.0,0.0,0.0,0.0,0.0,0.0,0.0,0.0,0.0,0.0,18.0,-15.0,19.0,-17.0,19.0,-17.0,19.0,-17.0,17.0,-16.0,15.0,-15.0,13.0,-13.0,11.0,-9.0,8.0,-6.0,6.0,-1.0,4.0,3.0,3.0,8.0,2.0,13.0,1.0,17.0,1.0,21.0,1.0,24.0,2.0,26.0,2.0,27.0,3.0,28.0,4.0,27.0,4.0,25.0,4.0,22.0,3.0,19.0,2.0,14.0,0.0,9.0,-3.0,5.0
2.9155,122.0,-96.0,7.0,0.0,0.0,0.0,0.0,0.0,0.0,0.0,0.0,0.0,4.0,11.0,4.0,15.0,5.0,20.0,6.0,23.0,7.0,26.0,8.0,27.0,10.0,27.0,11.0,27.0,11.0,25.0,9.0,23.0,7.0,19.0,5.0,16.0,3.0,12.0,-1.0,8.0,-5.0,4.0,-10.0,1.0,-14.0,-2.0,-19.0,-4.0,-23.0,-6.0,-27.0,-6.0,-30.0,-6.0,-31.0,-6.0,-33.0,-6.0,-31.0,-4.0,-30.0,-3.0,-27.0,-2.0
2.9295,122.0,-96.0,7.0,0.0,0.0,0.0,0.0,0.0,0.0,0.0,0.0,0.0,10.0,-5.0,9.0,-5.0,10.0,-6.0,10.0,-6.0,10.0,-5.0,10.0,-6.0,10.0,-6.0,10.0,-6.0,9.0,-6.0,11.0,-6.0,11.0,-7.0,11.0,-6.0,10.0,-7.0,11.0,-6.0,10.0,-6.0,11.0,-8.0,11.0,-7.0,10.0,-7.0,10.0,-7.0,10.0,-7.0,11.0,-7.0,11.0,-7.0,11.0,-8.0,11.0,-8.0,11.0,-8.0,10.0,-8.0
2.9431,122.0,-96.0,7.0,0.0,0.0,0.0,0.0,0.0,0.0,0.0,0.0,0.0,-4.0,12.0,-6.0,15.0,-7.0,20.0,-8.0,23.0,-8.0,26.0,-8.0,28.0,-7.0,29.0,-7.0,28.0,-5.0,27.0,-5.0,24.0,-5.0,20.0,-5.0,16.0,-5.0,11.0,-5.0,6.0,-7.0,1.0,-9.0,-5.0,-11.0,-10.0,-13.0,-14.0,-17.0,-18.0,-19.0,-20.0,-22.0,-22.0,-23.0,-23.0,-24.0,-23.0,-24.0,-21.0,-23.0,-20.0,-21.0,-17.0
2.9562,122.0,-96.0,7.0,0.0,0.0,0.0,0.0,0.0,0.0,0.0,0.0,0.0,-11.0,-8.0,-15.0,-11.0,-18.0,-14.0,-20.0,-15.0,-22.0,-17.0,-25.0,-17.0,-26.0,-17.0,-26.0,-16.0,-24.0,-14.0,-22.0,-13.0,-18.0,-11.0,-14.0,-10.0,-9.0,-8.0,-4.0,-7.0,2.0,-6.0,7.0,-7.0,13.0,-8.0,18.0,-9.0,22.0,-11.0,25.0,-12.0,27.0,-14.0,28.0,-15.0,28.0,-16.0,26.0,-16.0,24.0,-16.0,21.0,-15.0
2.9723,122.0,-96.0,7.0,0.0,0.0,0.0,0.0,0.0,0.0,0.0,0.0,0.0,-6.0,-10.0,-7.0,-10.0,-6.0,-9.0,-7.0,-10.0,-7.0,-10.0,-7.0,-10.0,-7.0,-10.0,-8.0,-10.0,-8.0,-10.0,-8.0,-10.0,-7.0,-10.0,-8.0,-10.0,-7.0,-11.0,-8.0,-10.0,-8.0,-10.0,-8.0,-11.0,-8.0,-11.0,-8.0,-10.0,-9.0,-10.0,-9.0,-11.0,-9.0,-10.0,-9.0,-11.0,-9.0,-10.0,-9.0,-11.0,-9.0,-11.0,-9.0,-11.0
2.9844,122.0,-96.0,7.0,0.0,0.0,0.0,0.0,0.0,0.0,0.0,0.0,0.0,-20.0,2.0,-21.0,2.0,-21.0,2.0,-21.0,2.0,-21.0,3.0,-22.0,3.0,-22.0,3.0,-22.0,4.0,-22.0,4.0,-22.0,4.0,-22.0,3.0,-22.0,3.0,-23.0,4.0,-23.0,4.0,-23.0,4.0,-23.0,4.0,-23.0,4.0,-23.0,5.0,-23.0,5.0,-23.0,5.0,-23.0,5.0,-23.0,5.0,-23.0,6.0,-23.0,5.0,-22.0,5.0,-23.0,6.0
2.9999,122.0,-96.0,7.0,0.0,0.0,0.0,0.0,0.0,0.0,0.0,0.0,0.0,-17.0,-12.0,-17.0,-13.0,-17.0,-13.0,-18.0,-13.0,-18.0,-12.0,-18.0,-13.0,-19.0,-13.0,-19.0,-13.0,-19.0,-13.0,-19.0,-13.0,-19.0,-13.0,-19.0,-13.0,-19.0,-13.0,-20.0,-13.0,-20.0,-13.0,-20.0,-13.0,-20.0,-13.0,-20.0,-13.0,-20.0,-13.0,-20.0,-13.0,-20.0,-12.0,-21.0,-13.0,-21.0,-12.0,-21.0,-12.0,-20.0,-12.0,-21.0,-12.0
3.0136,122.0,-96.0,7.0,0.0,0.0,0.0,0.0,0.0,0.0,0.0,0.0,0.0,9.0,-6.0,8.0,-6.0,9.0,-6.0,9.0,-7.0,9.0,-7.0,9.0,-7.0,9.0,-7.0,9.0,-8.0,9.0,-7.0,9.0,-7.0,9.0,-8.0,10.0,-8.0,10.0,-8.0,10.0,-8.0,9.0,-9.0,9.0,-9.0,9.0,-8.0,9.0,-8.0,10.0,-9.0,9.0,-8.0,9.0,-9.0,9.0,-9.0,9.0,-9.0,10.0,-9.0,9.0,-9.0,9.0,-9.0
3.0273,122.0,-96.0,7.0,0.0,0.0,0.0,0.0,0.0,0.0,0.0,0.0,0.0,15.0,17.0,13.0,16.0,11.0,13.0,9.0,11.0,5.0,8.0,1.0,6.0,-4.0,4.0,-8.0,3.0,-13.0,2.0,-17.0,1.0,-20.0,1.0,-23.0,1.0,-26.0,2.0,-28.0,3.0,-28.0,4.0,-27.0,4.0,-26.0,5.0,-23.0,5.0,-20.0,4.0,-16.0,3.0,-12.0,0.0,-7.0,-2.0,-3.0,-6.0,1.0,-9.0,4.0,-12.0,7.0,-17.0
3.04,122.0,-96.0,7.0,0.0,0.0,0.0,0.0,0.0,0.0,0.0,0.0,0.0,20.0,12.0,22.0,12.0,22.0,11.0,22.0,11.0,21.0,10.0,19.0,9.0,17.0,7.0,13.0,6.0,9.0,6.0,4.0,5.0,-1.0,5.0,-6.0,6.0,-11.0,7.0,-16.0,7.0,-19.0,9.0,-22.0,10.0,-24.0,11.0,-25.0,13.0,-25.0,13.0,-24.0,14.0,-23.0,14.0,-20.0,13.0,-18.0,11.0,-14.0,8.0,-10.0,5.0,-8.0,1.0
3.0546,122.0,-96.0,7.0,0.0,0.0,0.0,0.0,0.0,0.0,0.0,0.0,0.0,-10.0,-6.0,-5.0,-6.0,0.0,-6.0,5.0,-7.0,10.0,-9.0,15.0,-11.0,18.0,-13.0,21.0,-15.0,23.0,-18.0,24.0,-18.0,23.0,-20.0,22.0,-20.0,20.0,-19.0,17.0,-18.0,14.0,-15.0,11.0,-12.0,9.0,-7.0,7.0,-2.0,5.0,4.0,4.0,9.0,3.0,15.0,4.0,20.0,4.0,24.0,6.0,27.0,8.0,29.0,8.0,30.0
3.0695,122.0,-96.0,7.0,0.0,0.0,0.0,0.0,0.0,0.0,0.0,0.0,0.0,23.0,-1.0,24.0,-2.0,26.0,-3.0,24.0,-3.0,24.0,-3.0,21.0,-3.0,19.0,-3.0,15.0,-2.0,11.0,-1.0,7.0,2.0,2.0,4.0,-2.0,7.0,-5.0,10.0,-9.0,13.0,-11.0,16.0,-13.0,19.0,-14.0,21.0,-16.0,23.0,-15.0,24.0,-14.0,24.0,-14.0,23.0,-12.0,22.0,-10.0,19.0,-8.0,15.0,-7.0,10.0,-6.0,6.0
3.0834,122.0,-96.0,7.0,0.0,0.0,0.0,0.0,0.0,0.0,0.0,0.0,0.0,-12.0,6.0,-8.0,1.0,-5.0,-4.0,-4.0,-10.0,-2.0,-15.0,-1.0,-21.0,-1.0,-25.0,-2.0,-29.0,-3.0,-33.0,-4.0,-34.0,-6.0,-34.0,-7.0,-33.0,-8.0,-31.0,-9.0,-28.0,-7.0,-24.0,-4.0,-20.0,-2.0,-15.0,1.0,-10.0,6.0,-5.0,10.0,0.0,15.0,4.0,20.0,7.0,25.0,8.0,29.0,8.0,32.0,8.0,34.0,8.0
3.0975,122.0,-96.0,7.0,0.0,0.0,0.0,0.0,0.0,0.0,0.0,0.0,0.0,7.0,22.0,9.0,23.0,10.0,23.0,10.0,22.0,10.0,21.0,9.0,19.0,8.0,16.0,5.0,13.0,3.0,10.0,-1.0,7.0,-4.0,3.0,-9.0,1.0,-14.0,-2.0,-17.0,-4.0,-21.0,-5.0,-24.0,-6.0,-26.0,-6.0,-28.0,-6.0,-28.0,-5.0,-28.0,-5.0,-27.0,-4.0,-24.0,-3.0,-21.0,-3.0,-16.0,-2.0,-12.0,-3.0,-7.0,-4.0
3.1108,122.0,-96.0,7.0,0.0,0.0,0.0,0.0,0.0,0.0,0.0,0.0,0.0,10.0,-22.0,10.0,-24.0,9.0,-24.0,9.0,-24.0,7.0,-23.0,7.0,-21.0,6.0,-18.0,5.0,-14.0,4.0,-10.0,5.0,-4.0,5.0,0.0,6.0,5.0,7.0,10.0,9.0,14.0,11.0,18.0,12.0,20.0,14.0,22.0,14.0,23.0,16.0,23.0,16.0,22.0,15.0,20.0,13.0,17.0,12.0,15.0,8.0,11.0,4.0,8.0,0.0,6.0
3.1236,122.0,-96.0,7.0,0.0,0.0,0.0,0.0,0.0,0.0,0.0,0.0,0.0,-13.0,1.0,-8.0,-2.0,-4.0,-6.0,0.0,-10.0,4.0,-15.0,6.0,-20.0,8.0,-24.0,9.0,-28.0,9.0,-31.0,9.0,-33.0,9.0,-33.0,7.0,-33.0,6.0,-31.0,4.0,-29.0,4.0,-25.0,3.0,-20.0,4.0,-14.0,5.0,-8.0,7.0,-2.0,9.0,4.0,12.0,10.0,16.0,14.0,19.0,18.0,23.0,20.0,25.0,22.0,27.0,22.0
3.1387,122.0,-96.0,7.0,0.0,0.0,0.0,0.0,0.0,0.0,0.0,0.0,0.0,-11.0,-5.0,-6.0,-5.0,0.0,-6.0,5.0,-8.0,9.0,-9.0,14.0,-12.0,17.0,-14.0,20.0,-17.0,21.0,-19.0,22.0,-20.0,22.0,-21.0,21.0,-21.0,19.0,-21.0,17.0,-20.0,14.0,-17.0,11.0,-13.0,10.0,-9.0,7.0,-4.0,6.0,2.0,5.0,7.0,4.0,13.0,5.0,18.0,6.0,22.0,7.0,26.0,8.0,28.0,9.0,30.0
3.1532,122.0,-96.0,7.0,0.0,0.0,0.0,0.0,0.0,0.0,0.0,0.0,0.0,10.0,1.0,5.0,3.0,1.0,5.0,-3.0,8.0,-8.0,11.0,-11.0,15.0,-14.0,18.0,-16.0,21.0,-16.0,24.0,-17.0,25.0,-16.0,26.0,-15.0,25.0,-13.0,24.0,-11.0,22.0,-9.0,18.0,-8.0,14.0,-7.0,9.0,-7.0,3.0,-7.0,-3.0,-8.0,-8.0,-9.0,-14.0,-11.0,-18.0,-14.0,-22.0,-16.0,-24.0,-18.0,-26.0,-19.0,-26.0
3.1694,122.0,-96.0,7.0,0.0,0.0,0.0,0.0,0.0,0.0,0.0,0.0,0.0,-10.0,-6.0,-5.0,-6.0,1.0,-6.0,6.0,-7.0,11.0,-9.0,15.0,-11.0,19.0,-12.0,21.0,-14.0,23.0,-17.0,24.0,-18.0,23.0,-19.0,22.0,-19.0,20.0,-19.0,17.0,-18.0,14.0,-15.0,12.0,-11.0,9.0,-7.0,7.0,-2.0,5.0,4.0,3.0,9.0,3.0,15.0,2.0,20.0,4.0,24.0,6.0,27.0,7.0,29.0,7.0,30.0
3.1829,122.0,-96.0,7.0,0.0,0.0,0.0,0.0,0.0,0.0,0.0,0.0,0.0,-10.0,21.0,-10.0,23.0,-10.0,23.0,-9.0,24.0,-8.0,22.0,-8.0,21.0,-7.0,18.0,-6.0,14.0,-6.0,10.0,-6.0,5.0,-6.0,0.0,-7.0,-5.0,-8.0,-9.0,-9.0,-14.0,-11.0,-18.0,-12.0,-20.0,-14.0,-23.0,-15.0,-24.0,-16.0,-24.0,-17.0,-24.0,-17.0,-22.0,-16.0,-20.0,-14.0,-17.0,-11.0,-14.0,-8.0,-11.0,-4.0,-8.0
3.1959,122.0,-96.0,7.0,0.0,0.0,0.0,0.0,0.0,0.0,0.0,0.0,0.0,-11.0,7.0,-15.0,8.0,-19.0,10.0,-22.0,11.0,-24.0,14.0,-25.0,15.0,-25.0,16.0,-24.0,17.0,-23.0,16.0,-21.0,15.0,-18.0,13.0,-15.0,9.0,-12.0,6.0,-9.0,2.0,-6.0,-2.0,-4.0,-8.0,-2.0,-13.0,-1.0,-18.0,-1.0,-23.0,-1.0,-27.0,-1.0,-30.0,-2.0,-32.0,-3.0,-33.0,-3.0,-32.0,-5.0,-31.0,-4.0,-28.0
3.209,122.0,-96.0,7.0,0.0,0.0,0.0,0.0,0.0,0.0,0.0,0.0,0.0,8.0,6.0,9.0,6.0,8.0,6.0,9.0,6.0,9.0,6.0,9.0,7.0,9.0,6.0,9.0,6.0,9.0,7.0,9.0,6.0,9.0,7.0,9.0,7.0,10.0,7.0,10.0,7.0,10.0,7.0,10.0,6.0,10.0,7.0,10.0,6.0,11.0,6.0,10.0,7.0,11.0,7.0,11.0,6.0,11.0,6.0,11.0,7.0,11.0,6.0,11.0,6.0
3.2227,122.0,-96.0,7.0,0.0,0.0,0.0,0.0,0.0,0.0,0.0,0.0,0.0,-23.0,-14.0,-21.0,-13.0,-18.0,-11.0,-14.0,-10.0,-10.0,-8.0,-5.0,-7.0,0.0,-7.0,5.0,-6.0,11.0,-7.0,16.0,-8.0,19.0,-9.0,23.0,-10.0,25.0,-12.0,27.0,-14.0,27.0,-15.0,26.0,-15.0,25.0,-15.0,22.0,-14.0,19.0,-13.0,16.0,-10.0,12.0,-7.0,8.0,-3.0,5.0,2.0,2.0,7.0,-1.0,12.0,-2.0,18.0
3.2364,122.0,-96.0,7.0,0.0,0.0,0.0,0.0,0.0,0.0,0.0,0.0,0.0,15.0,-18.0,14.0,-16.0,12.0,-14.0,10.0,-11.0,8.0,-7.0,6.0,-3.0,5.0,2.0,4.0,6.0,3.0,12.0,3.0,16.0,3.0,19.0,4.0,22.0,5.0,25.0,6.0,26.0,7.0,27.0,8.0,26.0,8.0,24.0,7.0,21.0,6.0,18.0,4.0,15.0,2.0,11.0,-1.0,7.0,-5.0,3.0,-9.0,-1.0,-13.0,-4.0,-17.0,-5.0
3.2517,122.0,-96.0,7.0,0.0,0.0,0.0,0.0,0.0,0.0,0.0,0.0,0.0,-5.0,-11.0,-1.0,-8.0,3.0,-5.0,8.0,-2.0,12.0,0.0,18.0,2.0,21.0,3.0,25.0,4.0,28.0,3.0,29.0,2.0,30.0,1.0,29.0,0.0,28.0,-1.0,26.0,-2.0,22.0,-1.0,18.0,0.0,13.0,0.0,8.0,2.0,3.0,5.0,-2.0,8.0,-7.0,11.0,-11.0,15.0,-13.0,18.0,-14.0,22.0,-16.0,24.0,-17.0,27.0
3.266,122.0,-96.0,7.0,0.0,0.0,0.0,0.0,0.0,0.0,0.0,0.0,0.0,-6.0,15.0,-6.0,15.0,-5.0,15.0,-6.0,15.0,-6.0,15.0,-6.0,16.0,-6.0,16.0,-6.0,17.0,-6.0,16.0,-6.0,17.0,-6.0,17.0,-6.0,17.0,-6.0,16.0,-5.0,17.0,-6.0,18.0,-6.0,17.0,-6.0,18.0,-5.0,18.0,-5.0,18.0,-6.0,18.0,-6.0,18.0,-5.0,18.0,-5.0,18.0,-4.0,19.0,-5.0,19.0,-5.0,19.0
3.2789,122.0,-96.0,7.0,0.0,0.0,0.0,0.0,0.0,0.0,0.0,0.0,0.0,12.0,7.0,5.0,7.0,-1.0,7.0,-8.0,8.0,-15.0,9.0,-21.0,12.0,-26.0,14.0,-30.0,16.0,-32.0,20.0,-33.0,21.0,-33.0,23.0,-31.0,23.0,-29.0,23.0,-26.0,22.0,-23.0,19.0,-18.0,14.0,-14.0,9.0,-11.0,2.0,-8.0,-5.0,-6.0,-12.0,-4.0,-20.0,-4.0,-26.0,-5.0,-32.0,-6.0,-37.0,-7.0,-40.0,-8.0,-42.0
3.2942,122.0,-96.0,7.0,0.0,0.0,0.0,0.0,0.0,0.0,0.0,0.0,0.0,-11.0,-5.0,-14.0,-8.0,-17.0,-10.0,-20.0,-12.0,-22.0,-13.0,-24.0,-13.0,-25.0,-13.0,-25.0,-12.0,-24.0,-10.0,-21.0,-10.0,-18.0,-8.0,-14.0,-8.0,-10.0,-7.0,-5.0,-6.0,0.0,-6.0,5.0,-7.0,10.0,-8.0,14.0,-9.0,18.0,-11.0,21.0,-13.0,23.0,-14.0,24.0,-15.0,24.0,-16.0,23.0,-17.0,21.0,-17.0,19.0,-15.0
3.3093,122.0,-96.0,7.0,0.0,0.0,0.0,0.0,0.0,0.0,0.0,0.0,0.0,13.0,-2.0,13.0,-2.0,13.0,-2.0,13.0,-3.0,14.0,-2.0,14.0,-3.0,14.0,-3.0,15.0,-3.0,14.0,-3.0,14.0,-3.0,15.0,-3.0,15.0,-3.0,15.0,-3.0,15.0,-4.0,15.0,-3.0,15.0,-3.0,15.0,-4.0,15.0,-4.0,15.0,-4.0,15.0,-4.0,16.0,-4.0,15.0,-4.0,15.0,-5.0,16.0,-5.0,15.0,-5.0,15.0,-5.0
3.3127,98.0,33.0,22.0,0.0,0.0,0.0,0.0,0.0,0.0,0.0,0.0,0.0,-4.0,13.0,-2.0,16.0,-1.0,19.0,0.0,21.0,1.0,23.0,2.0,23.0,3.0,23.0,5.0,22.0,5.0,20.0,6.0,17.0,6.0,13.0,6.0,9.0,5.0,5.0,5.0,0.0,4.0,-5.0,1.0,-10.0,-1.0,-14.0,-4.0,-18.0,-7.0,-22.0,-10.0,-24.0,-13.0,-26.0,-14.0,-27.0,-15.0,-25.0,-15.0,-24.0,-14.0,-22.0,-13.0,-19.0
3.3262,122.0,-96.0,7.0,0.0,0.0,0.0,0.0,0.0,0.0,0.0,0.0,0.0,-1.0,10.0,-3.0,6.0,-6.0,1.0,-9.0,-3.0,-13.0,-7.0,-16.0,-10.0,-20.0,-12.0,-23.0,-13.0,-26.0,-14.0,-27.0,-14.0,-28.0,-13.0,-28.0,-12.0,-26.0,-10.0,-25.0,-8.0,-21.0,-7.0,-16.0,-7.0,-11.0,-6.0,-5.0,-7.0,1.0,-7.0,6.0,-8.0,12.0,-11.0,16.0,-13.0,19.0,-16.0,21.0,-18.0,23.0,-21.0,23.0,-22.0
3.3406,122.0,-96.0,7.0,0.0,0.0,0.0,0.0,0.0,0.0,0.0,0.0,0.0,7.0,-11.0,10.0,-15.0,13.0,-17.0,15.0,-20.0,16.0,-22.0,17.0,-25.0,16.0,-26.0,15.0,-26.0,14.0,-24.0,12.0,-22.0,10.0,-18.0,9.0,-14.0,7.0,-10.0,6.0,-4.0,5.0,2.0,6.0,7.0,7.0,13.0,7.0,18.0,10.0,23.0,11.0,26.0,13.0,28.0,13.0,28.0,15.0,27.0,15.0,26.0,15.0,24.0,14.0,21.0
3.3552,122.0,-96.0,7.0,0.0,0.0,0.0,0.0,0.0,0.0,0.0,0.0,0.0,-11.0,4.0,-11.0,4.0,-10.0,3.0,-11.0,4.0,-11.0,4.0,-11.0,4.0,-11.0,4.0,-11.0,4.0,-12.0,4.0,-11.0,4.0,-12.0,4.0,-12.0,4.0,-12.0,4.0,-12.0,5.0,-12.0,4.0,-12.0,4.0,-13.0,4.0,-12.0,5.0,-12.0,5.0,-12.0,5.0,-12.0,5.0,-12.0,5.0,-12.0,5.0,-12.0,5.0,-12.0,5.0,-13.0,5.0
3.3694,122.0,-96.0,7.0,0.0,0.0,0.0,0.0,0.0,0.0,0.0,0.0,0.0,26.0,-3.0,27.0,-4.0,28.0,-5.0,27.0,-5.0,26.0,-5.0,24.0,-5.0,21.0,-5.0,17.0,-3.0,13.0,-1.0,8.0,2.0,3.0,4.0,-1.0,8.0,-5.0,12.0,-9.0,15.0,-11.0,19.0,-14.0,22.0,-15.0,24.0,-16.0,27.0,-15.0,28.0,-14.0,28.0,-14.0,27.0,-11.0,25.0,-10.0,22.0,-8.0,17.0,-7.0,12.0,-6.0,7.0
3.383,122.0,-96.0,7.0,0.0,0.0,0.0,0.0,0.0,0.0,0.0,0.0,0.0,0.0,12.0,-1.0,16.0,-1.0,20.0,-2.0,24.0,-1.0,26.0,0.0,29.0,1.0,29.0,2.0,29.0,2.0,28.0,2.0,25.0,1.0,21.0,0.0,17.0,-1.0,13.0,-3.0,8.0,-5.0,3.0,-9.0,-1.0,-13.0,-6.0,-16.0,-9.0,-20.0,-13.0,-23.0,-14.0,-26.0,-15.0,-28.0,-16.0,-29.0,-15.0,-29.0,-14.0,-29.0,-12.0,-26.0,-11.0
3.3988,122.0,-96.0,7.0,0.0,0.0,0.0,0.0,0.0,0.0,0.0,0.0,0.0,-12.0,-14.0,-13.0,-14.0,-13.0,-14.0,-13.0,-14.0,-13.0,-14.0,-14.0,-14.0,-14.0,-14.0,-14.0,-14.0,-15.0,-14.0,-14.0,-15.0,-14.0,-15.0,-14.0,-15.0,-15.0,-15.0,-15.0,-15.0,-15.0,-15.0,-15.0,-15.0,-15.0,-15.0,-15.0,-15.0,-15.0,-15.0,-16.0,-14.0,-16.0,-15.0,-16.0,-14.0,-16.0,-14.0,-16.0,-14.0,-15.0,-14.0,-16.0,-14.0
3.4131,122.0,-96.0,7.0,0.0,0.0,0.0,0.0,0.0,0.0,0.0,0.0,0.0,-21.0,-5.0,-21.0,-5.0,-21.0,-4.0,-21.0,-5.0,-21.0,-4.0,-22.0,-4.0,-23.0,-4.0,-22.0,-4.0,-23.0,-4.0,-23.0,-4.0,-22.0,-4.0,-22.0,-4.0,-23.0,-4.0,-23.0,-3.0,-23.0,-3.0,-23.0,-4.0,-23.0,-3.0,-23.0,-3.0,-24.0,-3.0,-24.0,-3.0,-24.0,-3.0,-24.0,-3.0,-24.0,-3.0,-24.0,-3.0,-23.0,-3.0,-24.0,-2.0
3.4262,122.0,-96.0,7.0,0.0,0.0,0.0,0.0,0.0,0.0,0.0,0.0,0.0,13.0,0.0,13.0,0.0,14.0,0.0,14.0,0.0,14.0,0.0,14.0,0.0,14.0,-1.0,14.0,-1.0,14.0,0.0,15.0,0.0,15.0,0.0,15.0,0.0,15.0,0.0,15.0,-1.0,15.0,-1.0,15.0,-1.0,15.0,-1.0,16.0,-1.0,16.0,-1.0,16.0,-1.0,16.0,-1.0,16.0,-1.0,16.0,-1.0,16.0,-1.0,16.0,-1.0,16.0,-1.0
3.4405,122.0,-96.0,7.0,0.0,0.0,0.0,0.0,0.0,0.0,0.0,0.0,0.0,4.0,-13.0,4.0,-14.0,4.0,-14.0,4.0,-14.0,4.0,-14.0,4.0,-15.0,4.0,-15.0,3.0,-15.0,4.0,-15.0,4.0,-15.0,3.0,-16.0,4.0,-15.0,4.0,-15.0,3.0,-16.0,3.0,-16.0,4.0,-16.0,3.0,-16.0,3.0,-16.0,3.0,-17.0,3.0,-17.0,3.0,-16.0,3.0,-16.0,2.0,-16.0,2.0,-17.0,2.0,-17.0,2.0,-17.0
3.4551,122.0,-96.0,7.0,0.0,0.0,0.0,0.0,0.0,0.0,0.0,0.0,0.0,-1.0,-12.0,0.0,-16.0,1.0,-19.0,1.0,-23.0,1.0,-25.0,0.0,-27.0,-1.0,-27.0,-2.0,-27.0,-2.0,-26.0,-2.0,-23.0,-1.0,-20.0,0.0,-16.0,0.0,-12.0,2.0,-7.0,4.0,-3.0,7.0,1.0,11.0,5.0,14.0,9.0,17.0,11.0,20.0,13.0,23.0,14.0,24.0,14.0,25.0,13.0,25.0,12.0,24.0,11.0,22.0,9.0
3.4699,122.0,-96.0,7.0,0.0,0.0,0.0,0.0,0.0,0.0,0.0,0.0,0.0,17.0,23.0,15.0,20.0,13.0,17.0,9.0,14.0,5.0,11.0,0.0,8.0,-6.0,5.0,-11.0,2.0,-17.0,1.0,-22.0,0.0,-26.0,-1.0,-30.0,0.0,-33.0,0.0,-35.0,2.0,-36.0,3.0,-34.0,4.0,-32.0,4.0,-29.0,4.0,-24.0,3.0,-19.0,1.0,-13.0,-1.0,-8.0,-4.0,-2.0,-8.0,3.0,-12.0,8.0,-16.0,11.0,-22.0
3.4832,122.0,-96.0,7.0,0.0,0.0,0.0,0.0,0.0,0.0,0.0,0.0,0.0,-4.0,12.0,-5.0,6.0,-7.0,0.0,-9.0,-5.0,-12.0,-10.0,-15.0,-15.0,-19.0,-17.0,-22.0,-20.0,-25.0,-22.0,-26.0,-22.0,-27.0,-22.0,-27.0,-21.0,-26.0,-19.0,-25.0,-16.0,-21.0,-14.0,-17.0,-11.0,-12.0,-10.0,-5.0,-9.0,1.0,-8.0,7.0,-8.0,14.0,-8.0,19.0,-10.0,25.0,-12.0,28.0,-14.0,30.0,-16.0,31.0,-17.0
3.4959,122.0,-96.0,7.0,0.0,0.0,0.0,0.0,0.0,0.0,0.0,0.0,0.0,-7.0,10.0,-11.0,14.0,-13.0,17.0,-16.0,19.0,-17.0,22.0,-17.0,24.0,-16.0,25.0,-15.0,25.0,-14.0,24.0,-13.0,21.0,-11.0,18.0,-10.0,14.0,-8.0,9.0,-7.0,4.0,-7.0,-1.0,-7.0,-7.0,-8.0,-13.0,-8.0,-18.0,-10.0,-22.0,-12.0,-25.0,-14.0,-28.0,-14.0,-29.0,-16.0,-29.0,-16.0,-27.0,-17.0,-26.0,-15.0,-23.0
3.5103,122.0,-96.0,7.0,0.0,0.0,0.0,0.0,0.0,0.0,0.0,0.0,0.0,-19.0,15.0,-20.0,16.0,-19.0,17.0,-19.0,17.0,-18.0,16.0,-16.0,15.0,-14.0,13.0,-12.0,10.0,-9.0,6.0,-8.0,2.0,-5.0,-3.0,-4.0,-8.0,-3.0,-13.0,-3.0,-17.0,-3.0,-21.0,-3.0,-24.0,-4.0,-27.0,-4.0,-28.0,-5.0,-29.0,-6.0,-28.0,-6.0,-27.0,-6.0,-24.0,-6.0,-21.0,-4.0,-16.0,-2.0,-12.0,1.0,-8.0
3.5239,122.0,-96.0,7.0,0.0,0.0,0.0,0.0,0.0,0.0,0.0,0.0,0.0,10.0,-24.0,9.0,-22.0,8.0,-19.0,7.0,-15.0,6.0,-10.0,5.0,-5.0,6.0,1.0,6.0,6.0,8.0,12.0,10.0,16.0,11.0,19.0,12.0,22.0,14.0,24.0,17.0,25.0,17.0,25.0,18.0,24.0,17.0,21.0,15.0,19.0,13.0,16.0,9.0,13.0,5.0,10.0,0.0,7.0,-6.0,4.0,-11.0,2.0,-16.0,0.0,-22.0,0.0
3.5378,122.0,-96.0,7.0,0.0,0.0,0.0,0.0,0.0,0.0,0.0,0.0,0.0,9.0,9.0,10.0,9.0,10.0,9.0,10.0,9.0,10.0,9.0,10.0,9.0,10.0,9.0,11.0,10.0,11.0,10.0,11.0,10.0,11.0,9.0,11.0,10.0,11.0,10.0,12.0,9.0,12.0,10.0,12.0,10.0,12.0,9.0,12.0,9.0,12.0,10.0,12.0,10.0,12.0,10.0,13.0,9.0,13.0,9.0,13.0,9.0,13.0,9.0,13.0,9.0
3.5513,122.0,-96.0,7.0,0.0,0.0,0.0,0.0,0.0,0.0,0.0,0.0,0.0,9.0,8.0,9.0,9.0,9.0,9.0,10.0,9.0,10.0,9.0,11.0,9.0,11.0,9.0,11.0,9.0,11.0,10.0,11.0,9.0,11.0,9.0,11.0,9.0,11.0,10.0,12.0,9.0,12.0,9.0,12.0,9.0,12.0,9.0,12.0,9.0,13.0,9.0,12.0,9.0,13.0,9.0,13.0,9.0,13.0,9.0,13.0,9.0,13.0,9.0,14.0,9.0
3.5657,122.0,-96.0,7.0,0.0,0.0,0.0,0.0,0.0,0.0,0.0,0.0,0.0,8.0,-23.0,7.0,-25.0,6.0,-25.0,6.0,-25.0,5.0,-24.0,4.0,-22.0,4.0,-19.0,4.0,-15.0,4.0,-11.0,4.0,-6.0,5.0,-1.0,7.0,4.0,9.0,9.0,10.0,13.0,12.0,17.0,14.0,19.0,16.0,21.0,16.0,22.0,18.0,22.0,18.0,21.0,17.0,20.0,16.0,17.0,14.0,14.0,10.0,12.0,7.0,9.0,2.0,6.0
3.5797,122.0,-96.0,7.0,0.0,0.0,0.0,0.0,0.0,0.0,0.0,0.0,0.0,3.0,-11.0,4.0,-6.0,5.0,-1.0,7.0,4.0,10.0,9.0,13.0,13.0,16.0,15.0,18.0,18.0,21.0,19.0,22.0,19.0,23.0,19.0,23.0,17.0,22.0,16.0,21.0,13.0,17.0,11.0,13.0,9.0,8.0,8.0,2.0,6.0,-4.0,6.0,-9.0,5.0,-15.0,6.0,-20.0,7.0,-24.0,9.0,-27.0,11.0,-28.0,13.0,-29.0,14.0
3.5957,122.0,-96.0,7.0,0.0,0.0,0.0,0.0,0.0,0.0,0.0,0.0,0.0,-9.0,-25.0,-9.0,-22.0,-8.0,-19.0,-6.0,-16.0,-3.0,-12.0,1.0,-8.0,4.0,-5.0,9.0,-1.0,13.0,2.0,17.0,4.0,21.0,6.0,24.0,7.0,27.0,7.0,29.0,6.0,30.0,6.0,30.0,4.0,28.0,3.0,25.0,3.0,22.0,2.0,17.0,2.0,12.0,3.0,6.0,4.0,1.0,6.0,-5.0,8.0,-10.0,10.0,-14.0,14.0
3.6102,122.0,-96.0,7.0,0.0,0.0,0.0,0.0,0.0,0.0,0.0,0.0,0.0,-10.0,-28.0,-9.0,-26.0,-8.0,-22.0,-6.0,-18.0,-3.0,-13.0,0.0,-9.0,5.0,-5.0,10.0,-1.0,15.0,2.0,20.0,5.0,24.0,7.0,27.0,8.0,31.0,8.0,33.0,7.0,34.0,7.0,33.0,5.0,32.0,4.0,28.0,3.0,24.0,3.0,19.0,3.0,13.0,3.0,7.0,5.0,0.0,7.0,-6.0,9.0,-11.0,12.0,-16.0,16.0
3.6245,122.0,-96.0,7.0,0.0,0.0,0.0,0.0,0.0,0.0,0.0,0.0,0.0,7.0,22.0,8.0,23.0,9.0,24.0,9.0,23.0,9.0,22.0,8.0,20.0,7.0,17.0,5.0,14.0,3.0,10.0,-1.0,7.0,-5.0,3.0,-9.0,0.0,-13.0,-3.0,-17.0,-4.0,-21.0,-6.0,-23.0,-7.0,-26.0,-7.0,-28.0,-8.0,-28.0,-7.0,-28.0,-6.0,-27.0,-5.0,-24.0,-4.0,-21.0,-3.0,-17.0,-3.0,-12.0,-3.0,-7.0,-4.0
3.6395,122.0,-96.0,7.0,0.0,0.0,0.0,0.0,0.0,0.0,0.0,0.0,0.0,-24.0,9.0,-22.0,8.0,-19.0,7.0,-16.0,5.0,-12.0,3.0,-9.0,-1.0,-5.0,-5.0,-1.0,-9.0,1.0,-13.0,3.0,-18.0,5.0,-22.0,6.0,-25.0,6.0,-28.0,6.0,-30.0,6.0,-31.0,5.0,-31.0,4.0,-30.0,3.0,-27.0,2.0,-24.0,2.0,-19.0,3.0,-14.0,4.0,-9.0,5.0,-3.0,7.0,2.0,9.0,7.0,13.0,12.0
3.6533,122.0,-96.0,7.0,0.0,0.0,0.0,0.0,0.0,0.0,0.0,0.0,0.0,-2.0,16.0,-2.0,17.0,-1.0,16.0,-1.0,16.0,-2.0,16.0,-1.0,17.0,-3.0,17.0,-2.0,17.0,-1.0,17.0,-1.0,17.0,-2.0,18.0,-1.0,18.0,-1.0,17.0,-2.0,18.0,0.0,17.0,-2.0,17.0,-1.0,19.0,-1.0,18.0,-1.0,19.0,0.0,19.0,0.0,20.0,-1.0,18.0,1.0,19.0,-1.0,18.0,-1.0,19.0,1.0,19.0
3.6674,122.0,-96.0,7.0,0.0,0.0,0.0,0.0,0.0,0.0,0.0,0.0,0.0,-10.0,27.0,-9.0,25.0,-8.0,21.0,-7.0,17.0,-6.0,12.0,-7.0,6.0,-7.0,0.0,-8.0,-6.0,-10.0,-11.0,-12.0,-17.0,-14.0,-21.0,-16.0,-25.0,-19.0,-27.0,-21.0,-28.0,-22.0,-29.0,-22.0,-28.0,-22.0,-26.0,-21.0,-23.0,-18.0,-20.0,-15.0,-17.0,-9.0,-14.0,-4.0,-10.0,1.0,-8.0,7.0,-5.0,14.0,-2.0,20.0,-2.0
3.6814,122.0,-96.0,7.0,0.0,0.0,0.0,0.0,0.0,0.0,0.0,0.0,0.0,22.0,12.0,21.0,11.0,18.0,9.0,14.0,8.0,9.0,6.0,4.0,6.0,-1.0,6.0,-7.0,6.0,-12.0,7.0,-16.0,8.0,-20.0,9.0,-23.0,10.0,-26.0,12.0,-27.0,14.0,-28.0,16.0,-26.0,15.0,-26.0,16.0,-22.0,14.0,-20.0,13.0,-16.0,10.0,-13.0,6.0,-9.0,2.0,-6.0,-3.0,-3.0,-8.0,-1.0,-13.0,0.0,-19.0
3.6839,-120.0,-126.0,40.0,0.0,0.0,0.0,0.0,0.0,0.0,0.0,0.0,0.0,6.0,24.0,6.0,25.0,3.0,22.0,6.0,21.0,5.0,19.0,5.0,17.0,5.0,12.0,5.0,8.0,7.0,3.0,5.0,-1.0,5.0,-6.0,5.0,-10.0,3.0,-15.0,1.0,-19.0,-1.0,-22.0,-2.0,-24.0,-6.0,-26.0,-8.0,-26.0,-10.0,-26.0,-10.0,-24.0,-11.0,-21.0,-9.0,-19.0,-8.0,-15.0,-6.0,-9.0,-3.0,-4.0,1.0,1.0
3.6981,122.0,-96.0,7.0,0.0,0.0,0.0,0.0,0.0,0.0,0.0,0.0,0.0,6.0,-13.0,5.0,-13.0,5.0,-13.0,6.0,-13.0,5.0,-13.0,5.0,-14.0,5.0,-14.0,5.0,-14.0,6.0,-14.0,6.0,-15.0,5.0,-14.0,6.0,-15.0,6.0,-15.0,6.0,-15.0,5.0,-16.0,5.0,-15.0,5.0,-15.0,5.0,-16.0,5.0,-16.0,5.0,-16.0,5.0,-16.0,5.0,-16.0,5.0,-16.0,5.0,-16.0,5.0,-16.0,5.0,-16.0
3.7116,122.0,-96.0,7.0,0.0,0.0,0.0,0.0,0.0,0.0,0.0,0.0,0.0,1.0,10.0,1.0,10.0,1.0,10.0,1.0,10.0,1.0,11.0,1.0,11.0,1.0,11.0,1.0,11.0,1.0,11.0,1.0,11.0,2.0,12.0,1.0,12.0,1.0,12.0,2.0,12.0,2.0,12.0,2.0,12.0,2.0,12.0,2.0,12.0,2.0,12.0,2.0,12.0,2.0,12.0,2.0,12.0,2.0,12.0,3.0,12.0,2.0,12.0,3.0,13.0
3.7252,122.0,-96.0,7.0,0.0,0.0,0.0,0.0,0.0,0.0,0.0,0.0,0.0,-7.0,9.0,-10.0,12.0,-12.0,15.0,-14.0,17.0,-15.0,19.0,-15.0,22.0,-15.0,22.0,-14.0,23.0,-12.0,22.0,-11.0,20.0,-10.0,17.0,-9.0,13.0,-8.0,9.0,-7.0,5.0,-6.0,0.0,-6.0,-5.0,-7.0,-11.0,-7.0,-15.0,-9.0,-19.0,-11.0,-22.0,-13.0,-24.0,-14.0,-25.0,-15.0,-26.0,-15.0,-26.0,-15.0,-24.0,-14.0,-22.0
3.7404,122.0,-96.0,7.0,0.0,0.0,0.0,0.0,0.0,0.0,0.0,0.0,0.0,-13.0,-4.0,-14.0,-5.0,-15.0,-6.0,-13.0,-5.0,-15.0,-4.0,-14.0,-5.0,-15.0,-5.0,-15.0,-5.0,-14.0,-5.0,-16.0,-5.0,-15.0,-4.0,-15.0,-5.0,-15.0,-5.0,-15.0,-4.0,-16.0,-4.0,-16.0,-4.0,-16.0,-3.0,-16.0,-4.0,-17.0,-4.0,-17.0,-4.0,-16.0,-3.0,-17.0,-3.0,-17.0,-3.0,-17.0,-3.0,-17.0,-3.0,-17.0,-3.0
3.7445,98.0,33.0,22.0,0.0,0.0,0.0,0.0,0.0,0.0,0.0,0.0,0.0,9.0,-11.0,5.0,-10.0,1.0,-11.0,-4.0,-14.0,-8.0,-17.0,-13.0,-15.0,-17.0,-18.0,-19.0,-20.0,-20.0,-19.0,-20.0,-18.0,-21.0,-16.0,-22.0,-15.0,-20.0,-10.0,-18.0,-6.0,-17.0,-4.0,-13.0,-3.0,-9.0,-1.0,-4.0,4.0,5.0,5.0,10.0,9.0,16.0,9.0,20.0,9.0,27.0,11.0,30.0,12.0,33.0,11.0,34.0,12.0
3.7604,122.0,-96.0,7.0,0.0,0.0,0.0,0.0,0.0,0.0,0.0,0.0,0.0,-12.0,-7.0,-15.0,-10.0,-18.0,-12.0,-21.0,-14.0,-23.0,-16.0,-25.0,-16.0,-26.0,-16.0,-27.0,-15.0,-26.0,-13.0,-24.0,-12.0,-20.0,-11.0,-16.0,-9.0,-11.0,-8.0,-6.0,-7.0,-1.0,-7.0,5.0,-7.0,11.0,-8.0,15.0,-8.0,20.0,-10.0,24.0,-12.0,26.0,-14.0,27.0,-15.0,28.0,-16.0,27.0,-17.0,25.0,-17.0,23.0,-16.0
3.7736,122.0,-96.0,7.0,0.0,0.0,0.0,0.0,0.0,0.0,0.0,0.0,0.0,9.0,-6.0,9.0,-6.0,9.0,-7.0,10.0,-7.0,10.0,-7.0,10.0,-7.0,10.0,-7.0,10.0,-7.0,10.0,-7.0,10.0,-7.0,10.0,-7.0,11.0,-8.0,10.0,-7.0,10.0,-7.0,10.0,-8.0,10.0,-8.0,10.0,-8.0,10.0,-8.0,10.0,-8.0,10.0,-9.0,10.0,-9.0,11.0,-9.0,10.0,-10.0,11.0,-9.0,10.0,-9.0,11.0,-10.0
3.7886,122.0,-96.0,7.0,0.0,0.0,0.0,0.0,0.0,0.0,0.0,0.0,0.0,-23.0,-8.0,-25.0,-7.0,-26.0,-7.0,-25.0,-7.0,-24.0,-6.0,-22.0,-5.0,-19.0,-5.0,-15.0,-5.0,-11.0,-4.0,-6.0,-5.0,-1.0,-6.0,4.0,-8.0,9.0,-10.0,13.0,-11.0,16.0,-13.0,19.0,-15.0,20.0,-17.0,22.0,-18.0,21.0,-19.0,20.0,-20.0,19.0,-19.0,17.0,-17.0,14.0,-15.0,11.0,-12.0,9.0,-8.0,6.0,-3.0
3.8016,122.0,-96.0,7.0,0.0,0.0,0.0,0.0,0.0,0.0,0.0,0.0,0.0,16.0,19.0,15.0,17.0,13.0,15.0,9.0,12.0,5.0,9.0,1.0,7.0,-4.0,5.0,-10.0,3.0,-15.0,2.0,-20.0,1.0,-23.0,1.0,-27.0,1.0,-29.0,2.0,-31.0,3.0,-31.0,5.0,-30.0,5.0,-28.0,6.0,-25.0,5.0,-21.0,4.0,-17.0,3.0,-12.0,0.0,-7.0,-3.0,-3.0,-7.0,2.0,-11.0,6.0,-15.0,8.0,-20.0
3.8165,122.0,-96.0,7.0,0.0,0.0,0.0,0.0,0.0,0.0,0.0,0.0,0.0,-5.0,23.0,-4.0,25.0,-4.0,25.0,-3.0,25.0,-3.0,23.0,-2.0,22.0,-2.0,18.0,-3.0,15.0,-3.0,10.0,-5.0,6.0,-6.0,1.0,-8.0,-4.0,-11.0,-8.0,-13.0,-12.0,-16.0,-15.0,-17.0,-17.0,-20.0,-19.0,-20.0,-19.0,-22.0,-20.0,-22.0,-19.0,-21.0,-17.0,-19.0,-15.0,-17.0,-13.0,-13.0,-11.0,-9.0,-8.0,-4.0,-7.0
3.8302,122.0,-96.0,7.0,0.0,0.0,0.0,0.0,0.0,0.0,0.0,0.0,0.0,22.0,-7.0,20.0,-7.0,17.0,-6.0,13.0,-4.0,9.0,-2.0,6.0,1.0,2.0,5.0,-1.0,8.0,-4.0,12.0,-6.0,16.0,-8.0,19.0,-9.0,22.0,-9.0,24.0,-8.0,26.0,-8.0,27.0,-7.0,26.0,-6.0,24.0,-5.0,22.0,-4.0,18.0,-4.0,14.0,-4.0,9.0,-5.0,4.0,-7.0,-1.0,-8.0,-6.0,-10.0,-11.0,-13.0,-15.0
3.8439,122.0,-96.0,7.0,0.0,0.0,0.0,0.0,0.0,0.0,0.0,0.0,0.0,-9.0,21.0,-8.0,19.0,-7.0,16.0,-6.0,13.0,-6.0,8.0,-6.0,4.0,-6.0,-1.0,-7.0,-6.0,-8.0,-10.0,-10.0,-14.0,-11.0,-17.0,-13.0,-20.0,-15.0,-22.0,-17.0,-23.0,-18.0,-23.0,-17.0,-22.0,-17.0,-21.0,-16.0,-18.0,-14.0,-15.0,-11.0,-13.0,-7.0,-10.0,-2.0,-7.0,2.0,-6.0,7.0,-3.0,12.0,-2.0,17.0,-2.0
3.858,122.0,-96.0,7.0,0.0,0.0,0.0,0.0,0.0,0.0,0.0,0.0,0.0,21.0,0.0,23.0,-2.0,23.0,-2.0,22.0,-2.0,21.0,-3.0,19.0,-2.0,16.0,-2.0,13.0,-1.0,9.0,0.0,5.0,3.0,1.0,4.0,-3.0,7.0,-6.0,10.0,-9.0,13.0,-11.0,16.0,-13.0,17.0,-14.0,19.0,-15.0,20.0,-14.0,21.0,-13.0,21.0,-12.0,20.0,-10.0,18.0,-9.0,15.0,-7.0,11.0,-6.0,7.0,-5.0,2.0
3.8644,98.0,33.0,22.0,0.0,0.0,0.0,0.0,0.0,0.0,0.0,0.0,0.0,-21.0,-3.0,-19.0,-2.0,-15.0,-2.0,-13.0,0.0,-9.0,2.0,-6.0,4.0,-1.0,6.0,2.0,7.0,6.0,10.0,9.0,12.0,12.0,12.0,14.0,12.0,16.0,12.0,18.0,11.0,18.0,10.0,19.0,8.0,18.0,6.0,16.0,5.0,14.0,4.0,9.0,1.0,5.0,0.0,-1.0,-1.0,-6.0,-3.0,-12.0,-4.0,-17.0,-5.0,-22.0,-5.0
3.8773,122.0,-96.0,7.0,0.0,0.0,0.0,0.0,0.0,0.0,0.0,0.0,0.0,12.0,2.0,16.0,3.0,20.0,4.0,23.0,5.0,27.0,5.0,28.0,5.0,29.0,4.0,29.0,3.0,28.0,2.0,25.0,2.0,21.0,2.0,16.0,2.0,12.0,2.0,6.0,4.0,1.0,5.0,-4.0,8.0,-9.0,11.0,-13.0,14.0,-16.0,17.0,-19.0,20.0,-20.0,23.0,-20.0,25.0,-20.0,26.0,-19.0,25.0,-17.0,24.0,-15.0,22.0
3.8924,122.0,-96.0,7.0,0.0,0.0,0.0,0.0,0.0,0.0,0.0,0.0,0.0,8.0,-6.0,9.0,-6.0,9.0,-6.0,10.0,-7.0,8.0,-6.0,10.0,-7.0,9.0,-7.0,8.0,-7.0,9.0,-7.0,9.0,-8.0,9.0,-8.0,9.0,-8.0,10.0,-8.0,10.0,-8.0,9.0,-8.0,10.0,-8.0,10.0,-8.0,9.0,-9.0,9.0,-9.0,9.0,-9.0,10.0,-9.0,9.0,-8.0,9.0,-9.0,10.0,-9.0,9.0,-9.0,9.0,-9.0
3.9049,122.0,-96.0,7.0,0.0,0.0,0.0,0.0,0.0,0.0,0.0,0.0,0.0,9.0,4.0,9.0,5.0,9.0,4.0,9.0,5.0,10.0,4.0,10.0,5.0,10.0,5.0,10.0,4.0,10.0,5.0,10.0,5.0,10.0,5.0,10.0,5.0,11.0,5.0,11.0,4.0,11.0,5.0,11.0,5.0,11.0,4.0,11.0,4.0,12.0,5.0,11.0,4.0,11.0,5.0,11.0,5.0,11.0,4.0,11.0,4.0,12.0,4.0,12.0,4.0
3.9179,122.0,-96.0,7.0,0.0,0.0,0.0,0.0,0.0,0.0,0.0,0.0,0.0,17.0,-20.0,18.0,-22.0,18.0,-23.0,17.0,-23.0,15.0,-22.0,14.0,-21.0,12.0,-18.0,11.0,-14.0,8.0,-10.0,7.0,-5.0,5.0,0.0,5.0,6.0,5.0,12.0,4.0,17.0,5.0,21.0,5.0,25.0,6.0,28.0,7.0,29.0,8.0,31.0,9.0,30.0,9.0,29.0,9.0,26.0,8.0,22.0,6.0,18.0,3.0,13.0,1.0,9.0
3.9323,122.0,-96.0,7.0,0.0,0.0,0.0,0.0,0.0,0.0,0.0,0.0,0.0,0.0,-14.0,-1.0,-14.0,1.0,-14.0,0.0,-14.0,0.0,-15.0,-1.0,-16.0,-1.0,-15.0,-1.0,-16.0,0.0,-15.0,0.0,-15.0,0.0,-16.0,0.0,-16.0,-1.0,-16.0,0.0,-17.0,-1.0,-17.0,0.0,-16.0,-2.0,-16.0,-1.0,-17.0,-1.0,-17.0,-2.0,-17.0,-1.0,-17.0,-2.0,-16.0,-2.0,-17.0,-2.0,-17.0,-1.0,-17.0,-2.0,-17.0
3.9478,122.0,-96.0,7.0,0.0,0.0,0.0,0.0,0.0,0.0,0.0,0.0,0.0,-10.0,-9.0,-4.0,-7.0,2.0,-6.0,7.0,-6.0,13.0,-6.0,19.0,-8.0,23.0,-9.0,27.0,-10.0,30.0,-12.0,31.0,-14.0,31.0,-15.0,30.0,-16.0,27.0,-15.0,25.0,-15.0,21.0,-13.0,17.0,-10.0,13.0,-6.0,9.0,-1.0,5.0,5.0,2.0,10.0,0.0,16.0,-2.0,22.0,-3.0,27.0,-3.0,31.0,-2.0,34.0,-1.0,35.0
3.9625,122.0,-96.0,7.0,0.0,0.0,0.0,0.0,0.0,0.0,0.0,0.0,0.0,-24.0,-11.0,-22.0,-10.0,-19.0,-8.0,-15.0,-7.0,-11.0,-6.0,-6.0,-6.0,-1.0,-7.0,5.0,-8.0,10.0,-9.0,14.0,-11.0,18.0,-12.0,21.0,-14.0,23.0,-16.0,24.0,-18.0,25.0,-20.0,23.0,-20.0,22.0,-20.0,19.0,-18.0,17.0,-16.0,14.0,-13.0,11.0,-9.0,8.0,-4.0,6.0,1.0,3.0,7.0,2.0,12.0,2.0,17.0
3.9758,122.0,-96.0,7.0,0.0,0.0,0.0,0.0,0.0,0.0,0.0,0.0,0.0,-4.0,11.0,-6.0,14.0,-7.0,18.0,-8.0,20.0,-8.0,23.0,-8.0,25.0,-7.0,26.0,-6.0,26.0,-5.0,25.0,-5.0,21.0,-5.0,19.0,-4.0,14.0,-4.0,10.0,-5.0,5.0,-6.0,0.0,-8.0,-5.0,-10.0,-9.0,-12.0,-13.0,-15.0,-17.0,-18.0,-19.0,-20.0,-20.0,-21.0,-21.0,-22.0,-20.0,-21.0,-20.0,-21.0,-18.0,-20.0,-16.0
3.9911,122.0,-96.0,7.0,0.0,0.0,0.0,0.0,0.0,0.0,0.0,0.0,0.0,-10.0,0.0,-10.0,1.0,-10.0,0.0,-10.0,1.0,-11.0,1.0,-11.0,0.0,-11.0,1.0,-11.0,1.0,-11.0,1.0,-11.0,1.0,-11.0,1.0,-11.0,1.0,-11.0,1.0,-12.0,1.0,-12.0,1.0,-11.0,1.0,-12.0,2.0,-11.0,2.0,-12.0,1.0,-12.0,2.0,-12.0,2.0,-12.0,2.0,-12.0,2.0,-12.0,2.0,-12.0,2.0,-12.0,2.0
4.0052,122.0,-96.0,7.0,0.0,0.0,0.0,0.0,0.0,0.0,0.0,0.0,0.0,-23.0,18.0,-21.0,16.0,-18.0,14.0,-15.0,10.0,-12.0,6.0,-9.0,1.0,-7.0,-4.0,-4.0,-10.0,-3.0,-16.0,-2.0,-21.0,-2.0,-26.0,-2.0,-30.0,-3.0,-33.0,-4.0,-35.0,-5.0,-35.0,-6.0,-35.0,-7.0,-32.0,-6.0,-29.0,-6.0,-25.0,-4.0,-20.0,-1.0,-15.0,2.0,-10.0,6.0,-4.0,10.0,1.0,14.0,6.0,19.0,9.0
4.0198,122.0,-96.0,7.0,0.0,0.0,0.0,0.0,0.0,0.0,0.0,0.0,0.0,1.0,-10.0,3.0,-6.0,5.0,-2.0,7.0,2.0,9.0,6.0,13.0,9.0,15.0,12.0,18.0,14.0,21.0,15.0,22.0,14.0,23.0,14.0,23.0,13.0,22.0,12.0,21.0,10.0,17.0,8.0,13.0,7.0,9.0,6.0,4.0,5.0,-1.0,5.0,-7.0,6.0,-12.0,7.0,-16.0,8.0,-20.0,10.0,-22.0,12.0,-24.0,14.0,-25.0,15.0
4.0335,122.0,-96.0,7.0,0.0,0.0,0.0,0.0,0.0,0.0,0.0,0.0,0.0,-5.0,11.0,-8.0,15.0,-10.0,19.0,-11.0,22.0,-12.0,24.0,-12.0,26.0,-11.0,28.0,-11.0,28.0,-9.0,26.0,-8.0,23.0,-8.0,20.0,-7.0,15.0,-6.0,11.0,-6.0,5.0,-7.0,-1.0,-8.0,-6.0,-9.0,-12.0,-11.0,-16.0,-14.0,-21.0,-16.0,-24.0,-18.0,-26.0,-19.0,-26.0,-20.0,-27.0,-20.0,-25.0,-20.0,-23.0,-18.0,-21.0
4.0468,122.0,-96.0,7.0,0.0,0.0,0.0,0.0,0.0,0.0,0.0,0.0,0.0,-26.0,-3.0,-24.0,-3.0,-21.0,-2.0,-17.0,-3.0,-12.0,-3.0,-8.0,-5.0,-3.0,-7.0,2.0,-9.0,7.0,-11.0,11.0,-14.0,14.0,-16.0,17.0,-19.0,18.0,-22.0,19.0,-24.0,19.0,-25.0,18.0,-26.0,16.0,-25.0,14.0,-23.0,12.0,-20.0,10.0,-17.0,8.0,-12.0,6.0,-6.0,6.0,-1.0,5.0,5.0,5.0,11.0,6.0,16.0
4.0608,122.0,-96.0,7.0,0.0,0.0,0.0,0.0,0.0,0.0,0.0,0.0,0.0,-11.0,4.0,-7.0,0.0,-4.0,-5.0,-3.0,-9.0,-1.0,-14.0,1.0,-19.0,1.0,-23.0,1.0,-26.0,0.0,-29.0,0.0,-31.0,-2.0,-31.0,-3.0,-30.0,-3.0,-28.0,-5.0,-26.0,-3.0,-22.0,-2.0,-18.0,0.0,-13.0,2.0,-8.0,6.0,-3.0,9.0,1.0,13.0,5.0,17.0,9.0,21.0,11.0,25.0,12.0,27.0,12.0,29.0,12.0
4.0761,122.0,-96.0,7.0,0.0,0.0,0.0,0.0,0.0,0.0,0.0,0.0,0.0,9.0,-20.0,8.0,-22.0,8.0,-22.0,7.0,-22.0,6.0,-21.0,6.0,-19.0,5.0,-17.0,4.0,-13.0,4.0,-10.0,4.0,-5.0,4.0,-1.0,5.0,4.0,7.0,8.0,8.0,12.0,10.0,15.0,11.0,18.0,12.0,20.0,13.0,21.0,15.0,21.0,15.0,19.0,15.0,19.0,13.0,16.0,12.0,14.0,8.0,11.0,5.0,8.0,1.0,6.0
4.0905,122.0,-96.0,7.0,0.0,0.0,0.0,0.0,0.0,0.0,0.0,0.0,0.0,8.0,7.0,9.0,8.0,8.0,7.0,8.0,8.0,9.0,8.0,9.0,8.0,9.0,8.0,9.0,8.0,10.0,8.0,9.0,8.0,9.0,8.0,10.0,8.0,10.0,8.0,10.0,8.0,10.0,8.0,10.0,8.0,10.0,8.0,10.0,8.0,11.0,8.0,10.0,8.0,10.0,8.0,11.0,8.0,11.0,8.0,11.0,8.0,11.0,9.0,11.0,8.0
4.1034,122.0,-96.0,7.0,0.0,0.0,0.0,0.0,0.0,0.0,0.0,0.0,0.0,6.0,7.0,2.0,5.0,-3.0,4.0,-7.0,4.0,-12.0,4.0,-17.0,5.0,-20.0,5.0,-23.0,7.0,-25.0,9.0,-26.0,9.0,-26.0,10.0,-25.0,11.0,-22.0,11.0,-20.0,11.0,-17.0,9.0,-14.0,6.0,-10.0,3.0,-7.0,-1.0,-4.0,-6.0,-2.0,-10.0,0.0,-15.0,1.0,-19.0,1.0,-23.0,1.0,-26.0,0.0,-29.0,0.0,-29.0
4.1174,122.0,-96.0,7.0,0.0,0.0,0.0,0.0,0.0,0.0,0.0,0.0,0.0,-9.0,8.0,-9.0,8.0,-9.0,9.0,-9.0,9.0,-9.0,9.0,-9.0,9.0,-9.0,9.0,-9.0,10.0,-9.0,10.0,-9.0,10.0,-9.0,10.0,-9.0,10.0,-9.0,10.0,-9.0,10.0,-9.0,11.0,-9.0,11.0,-9.0,11.0,-9.0,11.0,-8.0,11.0,-9.0,11.0,-9.0,11.0,-9.0,11.0,-8.0,12.0,-8.0,12.0,-8.0,12.0,-8.0,12.0
4.1313,122.0,-96.0,7.0,0.0,0.0,0.0,0.0,0.0,0.0,0.0,0.0,0.0,8.0,6.0,3.0,5.0,-2.0,5.0,-8.0,5.0,-13.0,6.0,-17.0,8.0,-21.0,9.0,-24.0,11.0,-26.0,13.0,-27.0,14.0,-26.0,16.0,-25.0,16.0,-23.0,16.0,-20.0,15.0,-17.0,12.0,-14.0,8.0,-11.0,5.0,-8.0,-1.0,-5.0,-6.0,-3.0,-11.0,-1.0,-17.0,0.0,-21.0,-1.0,-26.0,-3.0,-29.0,-3.0,-31.0,-3.0,-32.0
4.1472,122.0,-96.0,7.0,0.0,0.0,0.0,0.0,0.0,0.0,0.0,0.0,0.0,-2.0,-12.0,1.0,-7.0,5.0,-3.0,8.0,0.0,12.0,3.0,17.0,5.0,21.0,7.0,24.0,8.0,27.0,8.0,28.0,8.0,29.0,8.0,28.0,6.0,27.0,5.0,25.0,3.0,21.0,3.0,17.0,3.0,11.0,3.0,6.0,4.0,0.0,6.0,-5.0,8.0,-10.0,11.0,-14.0,14.0,-17.0,17.0,-20.0,20.0,-21.0,22.0,-21.0,23.0
4.1628,122.0,-96.0,7.0,0.0,0.0,0.0,0.0,0.0,0.0,0.0,0.0,0.0,-5.0,-13.0,-5.0,-13.0,-5.0,-14.0,-6.0,-14.0,-6.0,-14.0,-6.0,-14.0,-6.0,-14.0,-6.0,-14.0,-6.0,-14.0,-6.0,-15.0,-6.0,-15.0,-6.0,-15.0,-6.0,-15.0,-6.0,-15.0,-7.0,-14.0,-6.0,-15.0,-7.0,-15.0,-7.0,-15.0,-7.0,-15.0,-7.0,-15.0,-7.0,-15.0,-7.0,-15.0,-8.0,-15.0,-8.0,-16.0,-7.0,-15.0,-8.0,-15.0
4.1755,122.0,-96.0,7.0,0.0,0.0,0.0,0.0,0.0,0.0,0.0,0.0,0.0,-5.0,22.0,-5.0,20.0,-4.0,17.0,-4.0,13.0,-4.0,9.0,-5.0,4.0,-7.0,-1.0,-8.0,-5.0,-10.0,-10.0,-13.0,-13.0,-14.0,-16.0,-16.0,-18.0,-19.0,-20.0,-21.0,-20.0,-22.0,-20.0,-21.0,-18.0,-20.0,-17.0,-18.0,-14.0,-15.0,-12.0,-12.0,-10.0,-7.0,-8.0,-2.0,-7.0,3.0,-6.0,8.0,-5.0,13.0,-4.0,18.0,-5.0
4.1925,122.0,-96.0,7.0,0.0,0.0,0.0,0.0,0.0,0.0,0.0,0.0,0.0,-7.0,-10.0,-2.0,-7.0,3.0,-5.0,8.0,-4.0,13.0,-3.0,18.0,-3.0,22.0,-3.0,25.0,-4.0,28.0,-5.0,29.0,-6.0,29.0,-7.0,28.0,-8.0,26.0,-8.0,24.0,-9.0,20.0,-7.0,16.0,-6.0,12.0,-3.0,8.0,1.0,4.0,5.0,0.0,9.0,-4.0,13.0,-6.0,18.0,-7.0,23.0,-8.0,26.0,-8.0,29.0,-7.0,30.0
4.2063,122.0,-96.0,7.0,0.0,0.0,0.0,0.0,0.0,0.0,0.0,0.0,0.0,11.0,-3.0,15.0,-2.0,19.0,-3.0,22.0,-3.0,24.0,-3.0,26.0,-4.0,26.0,-5.0,25.0,-6.0,24.0,-6.0,21.0,-6.0,18.0,-5.0,15.0,-3.0,11.0,-2.0,7.0,1.0,2.0,4.0,-1.0,8.0,-5.0,12.0,-7.0,15.0,-9.0,19.0,-11.0,22.0,-11.0,25.0,-11.0,26.0,-10.0,27.0,-9.0,26.0,-8.0,26.0,-6.0,23.0
4.2203,122.0,-96.0,7.0,0.0,0.0,0.0,0.0,0.0,0.0,0.0,0.0,0.0,-15.0,21.0,-14.0,19.0,-12.0,16.0,-11.0,13.0,-8.0,8.0,-7.0,4.0,-7.0,-2.0,-6.0,-7.0,-6.0,-12.0,-7.0,-17.0,-7.0,-21.0,-8.0,-25.0,-10.0,-27.0,-11.0,-29.0,-13.0,-30.0,-13.0,-29.0,-13.0,-28.0,-12.0,-25.0,-11.0,-22.0,-8.0,-18.0,-5.0,-14.0,-1.0,-10.0,3.0,-6.0,7.0,-2.0,12.0,1.0,17.0,3.0
4.2352,122.0,-96.0,7.0,0.0,0.0,0.0,0.0,0.0,0.0,0.0,0.0,0.0,-3.0,-11.0,-3.0,-11.0,-3.0,-11.0,-3.0,-11.0,-4.0,-12.0,-4.0,-12.0,-4.0,-12.0,-4.0,-12.0,-4.0,-12.0,-4.0,-12.0,-4.0,-12.0,-4.0,-12.0,-4.0,-12.0,-5.0,-12.0,-5.0,-12.0,-5.0,-12.0,-5.0,-13.0,-5.0,-12.0,-5.0,-12.0,-6.0,-12.0,-5.0,-12.0,-6.0,-13.0,-5.0,-12.0,-6.0,-13.0,-6.0,-12.0,-6.0,-13.0
4.2494,122.0,-96.0,7.0,0.0,0.0,0.0,0.0,0.0,0.0,0.0,0.0,0.0,-12.0,-3.0,-16.0,-5.0,-19.0,-7.0,-21.0,-8.0,-24.0,-8.0,-26.0,-8.0,-27.0,-8.0,-26.0,-7.0,-25.0,-6.0,-22.0,-5.0,-19.0,-5.0,-15.0,-5.0,-11.0,-4.0,-6.0,-5.0,-1.0,-6.0,4.0,-8.0,8.0,-10.0,13.0,-12.0,16.0,-15.0,18.0,-17.0,20.0,-19.0,21.0,-20.0,20.0,-21.0,19.0,-21.0,17.0,-21.0,15.0,-19.0
4.2639,122.0,-96.0,7.0,0.0,0.0,0.0,0.0,0.0,0.0,0.0,0.0,0.0,10.0,-6.0,13.0,-7.0,17.0,-8.0,20.0,-9.0,22.0,-10.0,24.0,-12.0,24.0,-13.0,23.0,-13.0,22.0,-13.0,19.0,-12.0,17.0,-10.0,14.0,-8.0,10.0,-5.0,8.0,-2.0,4.0,2.0,2.0,6.0,0.0,12.0,-2.0,15.0,-3.0,20.0,-4.0,23.0,-4.0,26.0,-3.0,28.0,-3.0,29.0,-2.0,28.0,0.0,27.0,0.0,25.0
4.2775,122.0,-96.0,7.0,0.0,0.0,0.0,0.0,0.0,0.0,0.0,0.0,0.0,12.0,5.0,13.0,5.0,13.0,5.0,13.0,5.0,13.0,5.0,14.0,5.0,14.0,4.0,14.0,5.0,14.0,5.0,14.0,5.0,14.0,4.0,15.0,5.0,14.0,5.0,14.0,5.0,15.0,4.0,15.0,5.0,15.0,4.0,15.0,4.0,15.0,5.0,15.0,4.0,15.0,4.0,15.0,4.0,16.0,4.0,16.0,4.0,16.0,4.0,16.0,3.0
4.2903,122.0,-96.0,7.0,0.0,0.0,0.0,0.0,0.0,0.0,0.0,0.0,0.0,23.0,12.0,21.0,11.0,18.0,9.0,14.0,8.0,10.0,6.0,4.0,6.0,-1.0,6.0,-6.0,6.0,-12.0,7.0,-17.0,8.0,-20.0,9.0,-24.0,10.0,-26.0,12.0,-27.0,14.0,-28.0,15.0,-27.0,15.0,-26.0,15.0,-23.0,14.0,-20.0,12.0,-17.0,10.0,-13.0,6.0,-9.0,2.0,-6.0,-3.0,-3.0,-8.0,0.0,-13.0,1.0,-19.0
4.3048,122.0,-96.0,7.0,0.0,0.0,0.0,0.0,0.0,0.0,0.0,0.0,0.0,-1.0,13.0,-1.0,13.0,-2.0,13.0,-1.0,14.0,-1.0,14.0,-1.0,15.0,-1.0,14.0,-1.0,15.0,-1.0,15.0,-1.0,15.0,-1.0,15.0,-1.0,15.0,-1.0,15.0,0.0,15.0,-1.0,16.0,-1.0,15.0,0.0,16.0,0.0,16.0,0.0,16.0,0.0,16.0,0.0,16.0,0.0,16.0,1.0,16.0,0.0,16.0,1.0,16.0,1.0,16.0
4.3197,122.0,-96.0,7.0,0.0,0.0,0.0,0.0,0.0,0.0,0.0,0.0,0.0,9.0,9.0,10.0,9.0,10.0,9.0,10.0,10.0,10.0,9.0,10.0,10.0,10.0,10.0,11.0,9.0,11.0,10.0,11.0,10.0,11.0,10.0,11.0,10.0,11.0,10.0,11.0,9.0,12.0,9.0,12.0,9.0,11.0,10.0,12.0,10.0,12.0,10.0,12.0,9.0,12.0,10.0,12.0,9.0,13.0,9.0,13.0,9.0,13.0,9.0,13.0,9.0
4.3336,122.0,-96.0,7.0,0.0,0.0,0.0,0.0,0.0,0.0,0.0,0.0,0.0,6.0,12.0,8.0,17.0,10.0,22.0,12.0,25.0,13.0,27.0,15.0,29.0,16.0,29.0,17.0,29.0,16.0,26.0,15.0,23.0,12.0,20.0,9.0,16.0,5.0,13.0,0.0,8.0,-5.0,5.0,-10.0,2.0,-17.0,-1.0,-22.0,-2.0,-28.0,-3.0,-32.0,-3.0,-35.0,-3.0,-37.0,-3.0,-37.0,-2.0,-36.0,-1.0,-34.0,0.0,-31.0,1.0
4.3479,122.0,-96.0,7.0,0.0,0.0,0.0,0.0,0.0,0.0,0.0,0.0,0.0,11.0,23.0,10.0,21.0,9.0,18.0,6.0,15.0,3.0,11.0,0.0,7.0,-5.0,4.0,-11.0,1.0,-14.0,-1.0,-18.0,-3.0,-22.0,-5.0,-25.0,-5.0,-29.0,-5.0,-31.0,-5.0,-32.0,-4.0,-31.0,-3.0,-30.0,-2.0,-27.0,-2.0,-24.0,-1.0,-19.0,-1.0,-14.0,-3.0,-9.0,-4.0,-4.0,-6.0,2.0,-8.0,7.0,-11.0,11.0,-15.0
4.3605,122.0,-96.0,7.0,0.0,0.0,0.0,0.0,0.0,0.0,0.0,0.0,0.0,7.0,5.0,3.0,5.0,-2.0,5.0,-7.0,5.0,-12.0,7.0,-17.0,9.0,-20.0,11.0,-23.0,12.0,-25.0,15.0,-26.0,16.0,-25.0,17.0,-24.0,17.0,-22.0,16.0,-20.0,16.0,-17.0,13.0,-13.0,9.0,-11.0,5.0,-8.0,0.0,-6.0,-6.0,-4.0,-11.0,-2.0,-16.0,-2.0,-21.0,-3.0,-26.0,-4.0,-29.0,-5.0,-31.0,-6.0,-32.0
4.3742,122.0,-96.0,7.0,0.0,0.0,0.0,0.0,0.0,0.0,0.0,0.0,0.0,-21.0,-6.0,-23.0,-6.0,-23.0,-6.0,-23.0,-5.0,-22.0,-5.0,-20.0,-4.0,-18.0,-4.0,-15.0,-4.0,-11.0,-4.0,-7.0,-4.0,-2.0,-5.0,2.0,-7.0,6.0,-9.0,10.0,-11.0,13.0,-13.0,15.0,-14.0,17.0,-17.0,18.0,-18.0,18.0,-19.0,17.0,-19.0,16.0,-19.0,14.0,-17.0,12.0,-16.0,10.0,-12.0,7.0,-9.0,6.0,-5.0
4.3892,122.0,-96.0,7.0,0.0,0.0,0.0,0.0,0.0,0.0,0.0,0.0,0.0,-7.0,11.0,-6.0,12.0,-6.0,12.0,-7.0,12.0,-7.0,12.0,-7.0,13.0,-7.0,13.0,-6.0,13.0,-7.0,14.0,-7.0,14.0,-7.0,14.0,-7.0,14.0,-7.0,14.0,-7.0,14.0,-7.0,14.0,-7.0,14.0,-6.0,14.0,-6.0,15.0,-6.0,15.0,-7.0,15.0,-6.0,15.0,-6.0,15.0,-6.0,15.0,-6.0,15.0,-6.0,15.0,-6.0,16.0
4.4024,122.0,-96.0,7.0,0.0,0.0,0.0,0.0,0.0,0.0,0.0,0.0,0.0,4.0,-11.0,4.0,-12.0,4.0,-12.0,4.0,-12.0,4.0,-12.0,4.0,-13.0,4.0,-13.0,4.0,-13.0,4.0,-13.0,4.0,-13.0,4.0,-13.0,4.0,-13.0,4.0,-14.0,4.0,-14.0,4.0,-14.0,4.0,-13.0,3.0,-14.0,3.0,-14.0,4.0,-14.0,4.0,-14.0,4.0,-14.0,4.0,-14.0,4.0,-14.0,3.0,-14.0,4.0,-14.0,3.0,-15.0
4.4155,122.0,-96.0,7.0,0.0,0.0,0.0,0.0,0.0,0.0,0.0,0.0,0.0,-7.0,-12.0,-8.0,-16.0,-9.0,-20.0,-10.0,-24.0,-12.0,-25.0,-14.0,-27.0,-14.0,-27.0,-15.0,-26.0,-15.0,-25.0,-14.0,-22.0,-11.0,-19.0,-8.0,-16.0,-6.0,-12.0,-1.0,-9.0,4.0,-5.0,9.0,-3.0,14.0,0.0,19.0,2.0,24.0,2.0,27.0,3.0,30.0,2.0,32.0,2.0,32.0,1.0,31.0,0.0,29.0,-2.0,26.0,-2.0
4.4298,122.0,-96.0,7.0,0.0,0.0,0.0,0.0,0.0,0.0,0.0,0.0,0.0,-14.0,1.0,-15.0,1.0,-14.0,1.0,-15.0,1.0,-15.0,1.0,-16.0,2.0,-15.0,2.0,-15.0,3.0,-16.0,2.0,-16.0,2.0,-16.0,2.0,-16.0,2.0,-16.0,2.0,-16.0,3.0,-16.0,3.0,-16.0,2.0,-17.0,3.0,-16.0,3.0,-16.0,3.0,-17.0,3.0,-17.0,4.0,-17.0,4.0,-16.0,4.0,-17.0,4.0,-17.0,4.0,-17.0,4.0
4.4459,122.0,-96.0,7.0,0.0,0.0,0.0,0.0,0.0,0.0,0.0,0.0,0.0,-10.0,-6.0,-10.0,-6.0,-10.0,-6.0,-10.0,-7.0,-11.0,-6.0,-11.0,-6.0,-11.0,-6.0,-11.0,-6.0,-11.0,-6.0,-12.0,-6.0,-11.0,-6.0,-12.0,-6.0,-12.0,-7.0,-12.0,-6.0,-12.0,-6.0,-12.0,-6.0,-12.0,-6.0,-12.0,-6.0,-12.0,-6.0,-13.0,-6.0,-13.0,-6.0,-13.0,-6.0,-13.0,-5.0,-13.0,-6.0,-13.0,-6.0,-13.0,-6.0
4.4616,122.0,-96.0,7.0,0.0,0.0,0.0,0.0,0.0,0.0,0.0,0.0,0.0,-24.0,-4.0,-21.0,-4.0,-18.0,-3.0,-14.0,-3.0,-10.0,-4.0,-5.0,-5.0,-1.0,-6.0,4.0,-8.0,8.0,-11.0,12.0,-13.0,15.0,-15.0,16.0,-17.0,18.0,-19.0,18.0,-21.0,18.0,-22.0,16.0,-22.0,15.0,-21.0,13.0,-19.0,11.0,-16.0,9.0,-12.0,7.0,-8.0,5.0,-2.0,5.0,3.0,4.0,8.0,4.0,13.0,5.0,18.0
4.4653,98.0,33.0,22.0,0.0,0.0,0.0,0.0,0.0,0.0,0.0,0.0,0.0,15.0,-3.0,18.0,-5.0,19.0,-7.0,21.0,-9.0,21.0,-10.0,22.0,-11.0,20.0,-11.0,18.0,-12.0,16.0,-12.0,12.0,-12.0,10.0,-10.0,5.0,-9.0,2.0,-8.0,-2.0,-5.0,-9.0,-2.0,-11.0,2.0,-14.0,6.0,-17.0,8.0,-19.0,15.0,-20.0,17.0,-20.0,21.0,-20.0,21.0,-19.0,23.0,-17.0,22.0,-16.0,20.0,-13.0,18.0
4.4799,122.0,-96.0,7.0,0.0,0.0,0.0,0.0,0.0,0.0,0.0,0.0,0.0,-11.0,5.0,-15.0,6.0,-19.0,7.0,-21.0,8.0,-23.0,9.0,-25.0,11.0,-25.0,12.0,-24.0,12.0,-22.0,12.0,-20.0,10.0,-17.0,8.0,-14.0,5.0,-11.0,3.0,-7.0,-1.0,-4.0,-5.0,-2.0,-10.0,0.0,-15.0,3.0,-19.0,3.0,-23.0,3.0,-26.0,3.0,-28.0,3.0,-29.0,1.0,-30.0,1.0,-28.0,0.0,-27.0,-1.0,-24.0
4.494,122.0,-96.0,7.0,0.0,0.0,0.0,0.0,0.0,0.0,0.0,0.0,0.0,10.0,-1.0,9.0,-1.0,11.0,-1.0,10.0,-2.0,10.0,-2.0,11.0,-2.0,11.0,-2.0,11.0,-2.0,11.0,-2.0,12.0,-2.0,11.0,-2.0,11.0,-2.0,11.0,-2.0,11.0,-3.0,11.0,-3.0,12.0,-4.0,12.0,-4.0,12.0,-4.0,12.0,-3.0,12.0,-3.0,11.0,-4.0,12.0,-4.0,12.0,-3.0,12.0,-4.0,12.0,-3.0,12.0,-4.0
4.5076,122.0,-96.0,7.0,0.0,0.0,0.0,0.0,0.0,0.0,0.0,0.0,0.0,-17.0,23.0,-16.0,21.0,-14.0,18.0,-11.0,14.0,-9.0,8.0,-8.0,3.0,-7.0,-3.0,-7.0,-9.0,-7.0,-15.0,-8.0,-20.0,-9.0,-25.0,-10.0,-28.0,-12.0,-31.0,-14.0,-33.0,-15.0,-33.0,-15.0,-32.0,-15.0,-30.0,-13.0,-26.0,-12.0,-22.0,-9.0,-19.0,-5.0,-14.0,-1.0,-9.0,5.0,-5.0,10.0,-2.0,16.0,1.0,22.0,3.0
4.5212,122.0,-96.0,7.0,0.0,0.0,0.0,0.0,0.0,0.0,0.0,0.0,0.0,5.0,-12.0,5.0,-6.0,6.0,0.0,7.0,6.0,9.0,11.0,12.0,16.0,15.0,20.0,17.0,23.0,20.0,25.0,21.0,25.0,22.0,25.0,23.0,23.0,22.0,22.0,21.0,19.0,18.0,16.0,14.0,13.0,9.0,10.0,3.0,8.0,-4.0,6.0,-10.0,5.0,-16.0,5.0,-22.0,5.0,-27.0,6.0,-31.0,8.0,-33.0,9.0,-35.0,10.0
4.5355,122.0,-96.0,7.0,0.0,0.0,0.0,0.0,0.0,0.0,0.0,0.0,0.0,-8.0,11.0,-8.0,12.0,-8.0,12.0,-9.0,12.0,-8.0,12.0,-9.0,12.0,-9.0,12.0,-8.0,13.0,-9.0,12.0,-9.0,13.0,-8.0,13.0,-9.0,13.0,-9.0,13.0,-8.0,14.0,-8.0,14.0,-8.0,13.0,-8.0,14.0,-8.0,14.0,-8.0,14.0,-8.0,14.0,-8.0,14.0,-8.0,14.0,-8.0,14.0,-8.0,14.0,-8.0,15.0,-8.0,15.0
4.5507,122.0,-96.0,7.0,0.0,0.0,0.0,0.0,0.0,0.0,0.0,0.0,0.0,-8.0,7.0,-8.0,7.0,-8.0,7.0,-10.0,7.0,-8.0,7.0,-9.0,8.0,-9.0,7.0,-8.0,9.0,-9.0,8.0,-9.0,8.0,-9.0,8.0,-9.0,8.0,-10.0,8.0,-9.0,8.0,-9.0,9.0,-10.0,9.0,-9.0,8.0,-9.0,9.0,-9.0,10.0,-9.0,9.0,-9.0,9.0,-9.0,9.0,-9.0,10.0,-9.0,10.0,-8.0,10.0,-9.0,10.0
4.5637,122.0,-96.0,7.0,0.0,0.0,0.0,0.0,0.0,0.0,0.0,0.0,0.0,18.0,-15.0,19.0,-17.0,19.0,-17.0,19.0,-18.0,17.0,-17.0,16.0,-16.0,14.0,-14.0,12.0,-11.0,9.0,-7.0,7.0,-3.0,5.0,2.0,3.0,7.0,2.0,11.0,1.0,15.0,1.0,20.0,1.0,23.0,1.0,26.0,1.0,27.0,2.0,28.0,3.0,28.0,3.0,26.0,3.0,24.0,3.0,21.0,2.0,16.0,1.0,12.0,-1.0,8.0
4.5766,122.0,-96.0,7.0,0.0,0.0,0.0,0.0,0.0,0.0,0.0,0.0,0.0,-3.0,11.0,-5.0,15.0,-6.0,18.0,-8.0,21.0,-8.0,23.0,-8.0,25.0,-7.0,26.0,-6.0,26.0,-5.0,24.0,-5.0,21.0,-4.0,18.0,-5.0,14.0,-4.0,10.0,-5.0,5.0,-6.0,0.0,-8.0,-4.0,-10.0,-9.0,-13.0,-13.0,-15.0,-16.0,-18.0,-18.0,-20.0,-20.0,-22.0,-20.0,-22.0,-20.0,-22.0,-19.0,-22.0,-17.0,-20.0,-15.0
4.5905,122.0,-96.0,7.0,0.0,0.0,0.0,0.0,0.0,0.0,0.0,0.0,0.0,-24.0,-5.0,-26.0,-5.0,-26.0,-4.0,-26.0,-4.0,-24.0,-3.0,-23.0,-3.0,-19.0,-3.0,-15.0,-3.0,-11.0,-3.0,-7.0,-5.0,-2.0,-6.0,3.0,-8.0,8.0,-11.0,11.0,-13.0,15.0,-15.0,17.0,-17.0,19.0,-19.0,19.0,-20.0,19.0,-22.0,18.0,-21.0,17.0,-21.0,15.0,-18.0,12.0,-16.0,10.0,-13.0,7.0,-8.0,6.0,-4.0
4.6043,122.0,-96.0,7.0,0.0,0.0,0.0,0.0,0.0,0.0,0.0,0.0,0.0,10.0,21.0,11.0,22.0,12.0,22.0,12.0,22.0,12.0,20.0,11.0,19.0,9.0,16.0,6.0,13.0,4.0,10.0,-1.0,7.0,-4.0,4.0,-9.0,1.0,-14.0,-1.0,-18.0,-2.0,-21.0,-3.0,-24.0,-4.0,-27.0,-4.0,-29.0,-4.0,-29.0,-3.0,-28.0,-2.0,-27.0,-2.0,-24.0,-1.0,-21.0,-1.0,-16.0,-1.0,-12.0,-2.0,-7.0,-3.0
4.6193,122.0,-96.0,7.0,0.0,0.0,0.0,0.0,0.0,0.0,0.0,0.0,0.0,-12.0,-23.0,-11.0,-21.0,-9.0,-18.0,-7.0,-15.0,-4.0,-11.0,0.0,-8.0,4.0,-5.0,9.0,-2.0,14.0,0.0,19.0,2.0,22.0,3.0,26.0,4.0,28.0,3.0,30.0,2.0,31.0,1.0,30.0,0.0,28.0,0.0,25.0,-1.0,21.0,0.0,16.0,0.0,11.0,1.0,5.0,4.0,0.0,7.0,-6.0,10.0,-10.0,12.0,-13.0,17.0
4.6358,122.0,-96.0,7.0,0.0,0.0,0.0,0.0,0.0,0.0,0.0,0.0,0.0,12.0,-2.0,17.0,-2.0,21.0,-2.0,25.0,-2.0,27.0,-2.0,29.0,-3.0,30.0,-4.0,29.0,-5.0,27.0,-6.0,24.0,-5.0,20.0,-4.0,16.0,-2.0,12.0,-1.0,7.0,2.0,2.0,5.0,-2.0,9.0,-6.0,13.0,-9.0,16.0,-12.0,21.0,-13.0,24.0,-14.0,27.0,-14.0,29.0,-13.0,29.0,-12.0,29.0,-10.0,28.0,-9.0,25.0
4.6474,122.0,-96.0,7.0,0.0,0.0,0.0,0.0,0.0,0.0,0.0,0.0,0.0,10.0,-3.0,11.0,-3.0,11.0,-3.0,11.0,-3.0,11.0,-3.0,11.0,-3.0,11.0,-4.0,11.0,-4.0,11.0,-3.0,11.0,-4.0,12.0,-4.0,11.0,-4.0,12.0,-4.0,12.0,-4.0,12.0,-4.0,12.0,-4.0,12.0,-5.0,12.0,-4.0,12.0,-5.0,12.0,-4.0,12.0,-4.0,12.0,-5.0,11.0,-5.0,12.0,-5.0,12.0,-5.0,13.0,-6.0
4.6636,122.0,-96.0,7.0,0.0,0.0,0.0,0.0,0.0,0.0,0.0,0.0,0.0,-23.0,-1.0,-21.0,-1.0,-18.0,-1.0,-14.0,-2.0,-10.0,-2.0,-6.0,-4.0,-2.0,-6.0,3.0,-9.0,6.0,-12.0,10.0,-15.0,12.0,-17.0,14.0,-20.0,15.0,-22.0,15.0,-24.0,15.0,-24.0,14.0,-24.0,12.0,-23.0,10.0,-20.0,9.0,-17.0,7.0,-13.0,6.0,-8.0,5.0,-3.0,5.0,2.0,5.0,8.0,6.0,13.0,8.0,17.0
4.6775,122.0,-96.0,7.0,0.0,0.0,0.0,0.0,0.0,0.0,0.0,0.0,0.0,5.0,25.0,5.0,23.0,4.0,19.0,2.0,15.0,1.0,11.0,-3.0,7.0,-6.0,3.0,-10.0,-1.0,-14.0,-5.0,-18.0,-7.0,-21.0,-10.0,-24.0,-11.0,-27.0,-11.0,-29.0,-11.0,-31.0,-11.0,-29.0,-10.0,-29.0,-9.0,-25.0,-7.0,-22.0,-6.0,-17.0,-5.0,-12.0,-6.0,-6.0,-6.0,0.0,-7.0,5.0,-8.0,10.0,-10.0,15.0,-13.0
4.6914,122.0,-96.0,7.0,0.0,0.0,0.0,0.0,0.0,0.0,0.0,0.0,0.0,-8.0,5.0,-6.0,1.0,-5.0,-3.0,-4.0,-8.0,-4.0,-13.0,-4.0,-17.0,-5.0,-21.0,-6.0,-23.0,-7.0,-26.0,-8.0,-26.0,-9.0,-27.0,-9.0,-25.0,-10.0,-23.0,-10.0,-21.0,-8.0,-18.0,-6.0,-14.0,-3.0,-11.0,1.0,-7.0,5.0,-4.0,9.0,-1.0,13.0,1.0,18.0,3.0,22.0,3.0,25.0,3.0,27.0,3.0,28.0,2.0
4.7045,122.0,-96.0,7.0,0.0,0.0,0.0,0.0,0.0,0.0,0.0,0.0,0.0,13.0,17.0,14.0,17.0,15.0,17.0,15.0,17.0,14.0,15.0,13.0,14.0,11.0,12.0,8.0,10.0,5.0,8.0,1.0,6.0,-3.0,4.0,-7.0,2.0,-12.0,2.0,-16.0,1.0,-20.0,1.0,-22.0,1.0,-25.0,1.0,-25.0,1.0,-26.0,2.0,-26.0,3.0,-24.0,3.0,-22.0,3.0,-18.0,3.0,-15.0,2.0,-11.0,0.0,-7.0,-2.0
4.7207,122.0,-96.0,7.0,0.0,0.0,0.0,0.0,0.0,0.0,0.0,0.0,0.0,-14.0,-1.0,-15.0,-1.0,-15.0,-1.0,-15.0,-1.0,-16.0,-1.0,-16.0,-1.0,-16.0,-1.0,-16.0,-1.0,-16.0,-1.0,-16.0,-1.0,-16.0,-1.0,-17.0,-1.0,-17.0,-1.0,-17.0,-1.0,-17.0,-1.0,-16.0,-1.0,-17.0,-1.0,-17.0,-1.0,-17.0,-1.0,-17.0,-1.0,-17.0,0.0,-17.0,0.0,-18.0,0.0,-18.0,0.0,-18.0,0.0,-18.0,0.0
4.7336,78.0,-32.0,4.0,0.0,0.0,0.0,0.0,0.0,0.0,0.0,0.0,0.0,4.0,-13.0,4.0,-14.0,4.0,-14.0,4.0,-14.0,4.0,-15.0,4.0,-15.0,4.0,-15.0,4.0,-16.0,4.0,-15.0,4.0,-16.0,4.0,-16.0,4.0,-16.0,4.0,-16.0,4.0,-16.0,4.0,-16.0,4.0,-16.0,3.0,-16.0,3.0,-17.0,4.0,-17.0,3.0,-17.0,4.0,-17.0,3.0,-17.0,3.0,-17.0,3.0,-17.0,3.0,-17.0,3.0,-17.0
4.7478,113.0,16.0,7.0,0.0,0.0,0.0,0.0,0.0,0.0,0.0,0.0,0.0,-12.0,18.0,-12.0,20.0,-11.0,20.0,-11.0,20.0,-10.0,19.0,-9.0,17.0,-8.0,14.0,-7.0,11.0,-6.0,7.0,-6.0,3.0,-6.0,-2.0,-6.0,-7.0,-7.0,-11.0,-8.0,-15.0,-9.0,-18.0,-10.0,-20.0,-12.0,-22.0,-12.0,-23.0,-13.0,-23.0,-14.0,-22.0,-13.0,-20.0,-11.0,-18.0,-10.0,-15.0,-7.0,-12.0,-4.0,-8.0,0.0,-6.0
4.7616,122.0,-96.0,7.0,0.0,0.0,0.0,0.0,0.0,0.0,0.0,0.0,0.0,10.0,9.0,11.0,8.0,10.0,9.0,11.0,9.0,11.0,9.0,11.0,9.0,11.0,9.0,12.0,9.0,11.0,10.0,12.0,9.0,12.0,9.0,12.0,9.0,12.0,9.0,12.0,9.0,13.0,9.0,13.0,9.0,13.0,9.0,13.0,9.0,13.0,9.0,13.0,9.0,14.0,9.0,13.0,9.0,14.0,9.0,14.0,9.0,14.0,9.0,14.0,9.0
4.7766,122.0,-96.0,7.0,0.0,0.0,0.0,0.0,0.0,0.0,0.0,0.0,0.0,9.0,23.0,9.0,22.0,7.0,18.0,5.0,15.0,3.0,11.0,-1.0,8.0,-5.0,4.0,-9.0,1.0,-14.0,-2.0,-18.0,-4.0,-22.0,-6.0,-25.0,-6.0,-29.0,-7.0,-30.0,-6.0,-32.0,-5.0,-31.0,-5.0,-30.0,-4.0,-27.0,-3.0,-24.0,-2.0,-19.0,-2.0,-14.0,-3.0,-9.0,-4.0,-3.0,-6.0,2.0,-8.0,7.0,-11.0,12.0,-15.0
4.7899,122.0,-96.0,7.0,0.0,0.0,0.0,0.0,0.0,0.0,0.0,0.0,0.0,7.0,-26.0,7.0,-28.0,6.0,-28.0,6.0,-28.0,5.0,-27.0,4.0,-25.0,4.0,-22.0,4.0,-17.0,4.0,-13.0,5.0,-8.0,6.0,-2.0,7.0,3.0,10.0,8.0,12.0,13.0,14.0,17.0,16.0,20.0,19.0,22.0,20.0,23.0,21.0,23.0,21.0,22.0,21.0,21.0,19.0,18.0,17.0,16.0,13.0,12.0,9.0,10.0,5.0,8.0
4.8037,122.0,-96.0,7.0,0.0,0.0,0.0,0.0,0.0,0.0,0.0,0.0,0.0,5.0,9.0,1.0,6.0,-4.0,4.0,-9.0,3.0,-14.0,2.0,-19.0,2.0,-23.0,1.0,-26.0,2.0,-29.0,3.0,-30.0,4.0,-31.0,5.0,-29.0,6.0,-27.0,6.0,-25.0,7.0,-21.0,5.0,-17.0,3.0,-13.0,1.0,-9.0,-2.0,-4.0,-6.0,0.0,-10.0,3.0,-15.0,5.0,-19.0,7.0,-24.0,8.0,-27.0,8.0,-30.0,8.0,-31.0
4.808,98.0,33.0,22.0,0.0,0.0,0.0,0.0,0.0,0.0,0.0,0.0,0.0,17.0,-18.0,17.0,-19.0,16.0,-19.0,15.0,-18.0,13.0,-17.0,11.0,-15.0,7.0,-13.0,4.0,-10.0,0.0,-8.0,-3.0,-4.0,-8.0,-2.0,-11.0,3.0,-12.0,6.0,-14.0,10.0,-15.0,14.0,-15.0,17.0,-16.0,20.0,-14.0,22.0,-12.0,24.0,-11.0,23.0,-9.0,23.0,-7.0,19.0,-6.0,16.0,-3.0,10.0,-2.0,5.0,-2.0,-2.0
4.8235,122.0,-96.0,7.0,0.0,0.0,0.0,0.0,0.0,0.0,0.0,0.0,0.0,-2.0,12.0,-2.0,12.0,-2.0,12.0,-2.0,13.0,-2.0,13.0,-2.0,13.0,-2.0,13.0,-1.0,14.0,-1.0,13.0,-2.0,13.0,-2.0,14.0,-2.0,14.0,-2.0,14.0,-1.0,13.0,-1.0,14.0,-2.0,14.0,-1.0,14.0,-1.0,14.0,-1.0,14.0,-1.0,14.0,-1.0,15.0,-1.0,14.0,-1.0,15.0,0.0,14.0,-1.0,14.0,-1.0,15.0
4.8383,122.0,-96.0,7.0,0.0,0.0,0.0,0.0,0.0,0.0,0.0,0.0,0.0,8.0,8.0,10.0,11.0,13.0,14.0,15.0,16.0,17.0,18.0,18.0,19.0,19.0,18.0,19.0,17.0,18.0,16.0,16.0,14.0,13.0,12.0,10.0,10.0,6.0,8.0,1.0,6.0,-4.0,4.0,-9.0,4.0,-14.0,4.0,-19.0,3.0,-23.0,4.0,-26.0,5.0,-28.0,7.0,-28.0,7.0,-28.0,8.0,-27.0,9.0,-25.0,9.0,-22.0,8.0
4.8536,126.0,-32.0,7.0,0.0,0.0,0.0,0.0,0.0,0.0,0.0,0.0,0.0,-13.0,5.0,-13.0,6.0,-14.0,5.0,-14.0,5.0,-14.0,5.0,-14.0,6.0,-14.0,6.0,-14.0,7.0,-14.0,6.0,-14.0,6.0,-15.0,6.0,-15.0,6.0,-15.0,7.0,-15.0,7.0,-14.0,7.0,-15.0,7.0,-15.0,7.0,-15.0,8.0,-15.0,8.0,-15.0,8.0,-15.0,8.0,-15.0,8.0,-15.0,8.0,-15.0,9.0,-15.0,8.0,-15.0,9.0
4.8669,122.0,-96.0,7.0,0.0,0.0,0.0,0.0,0.0,0.0,0.0,0.0,0.0,-16.0,14.0,-17.0,16.0,-16.0,16.0,-16.0,16.0,-15.0,15.0,-14.0,15.0,-12.0,12.0,-10.0,9.0,-8.0,6.0,-7.0,1.0,-5.0,-3.0,-4.0,-7.0,-4.0,-12.0,-3.0,-16.0,-3.0,-20.0,-3.0,-22.0,-4.0,-25.0,-5.0,-25.0,-6.0,-26.0,-6.0,-25.0,-6.0,-24.0,-6.0,-21.0,-5.0,-18.0,-4.0,-14.0,-2.0,-11.0,0.0,-7.0
4.8827,122.0,-96.0,7.0,0.0,0.0,0.0,0.0,0.0,0.0,0.0,0.0,0.0,-26.0,2.0,-23.0,2.0,-20.0,1.0,-16.0,0.0,-12.0,-1.0,-7.0,-4.0,-3.0,-7.0,2.0,-10.0,5.0,-13.0,8.0,-17.0,10.0,-20.0,12.0,-23.0,13.0,-26.0,12.0,-28.0,13.0,-29.0,12.0,-29.0,10.0,-27.0,9.0,-24.0,7.0,-21.0,6.0,-17.0,6.0,-11.0,6.0,-6.0,6.0,0.0,7.0,6.0,8.0,11.0,10.0,16.0
4.8866,98.0,33.0,22.0,0.0,0.0,0.0,0.0,0.0,0.0,0.0,0.0,0.0,-14.0,5.0,-9.0,4.0,-3.0,9.0,0.0,8.0,6.0,12.0,9.0,15.0,12.0,13.0,18.0,15.0,19.0,13.0,22.0,14.0,22.0,12.0,20.0,10.0,22.0,7.0,21.0,5.0,17.0,1.0,14.0,1.0,8.0,-2.0,2.0,-3.0,-5.0,-4.0,-11.0,-4.0,-16.0,-2.0,-23.0,0.0,-28.0,0.0,-32.0,1.0,-35.0,3.0,-36.0,4.0
4.9015,122.0,-96.0,7.0,0.0,0.0,0.0,0.0,0.0,0.0,0.0,0.0,0.0,7.0,24.0,6.0,22.0,6.0,19.0,3.0,15.0,1.0,11.0,-2.0,7.0,-6.0,3.0,-10.0,0.0,-15.0,-4.0,-19.0,-6.0,-22.0,-8.0,-25.0,-8.0,-28.0,-9.0,-30.0,-8.0,-31.0,-7.0,-30.0,-6.0,-29.0,-5.0,-26.0,-4.0,-22.0,-4.0,-18.0,-4.0,-12.0,-4.0,-7.0,-5.0,-1.0,-7.0,4.0,-9.0,9.0,-11.0,14.0,-15.0
4.9169,122.0,-96.0,7.0,0.0,0.0,0.0,0.0,0.0,0.0,0.0,0.0,0.0,10.0,-3.0,10.0,-3.0,11.0,-3.0,11.0,-3.0,11.0,-3.0,12.0,-3.0,12.0,-4.0,12.0,-4.0,11.0,-4.0,11.0,-4.0,12.0,-4.0,12.0,-4.0,12.0,-4.0,12.0,-4.0,12.0,-4.0,12.0,-4.0,12.0,-5.0,12.0,-4.0,12.0,-4.0,12.0,-4.0,12.0,-5.0,12.0,-5.0,12.0,-5.0,12.0,-5.0,12.0,-5.0,12.0,-6.0
4.9302,122.0,-96.0,7.0,0.0,0.0,0.0,0.0,0.0,0.0,0.0,0.0,0.0,-21.0,5.0,-22.0,7.0,-22.0,7.0,-22.0,7.0,-20.0,8.0,-18.0,7.0,-16.0,6.0,-13.0,3.0,-10.0,1.0,-7.0,-2.0,-3.0,-5.0,-1.0,-9.0,2.0,-13.0,4.0,-16.0,5.0,-20.0,6.0,-22.0,6.0,-24.0,6.0,-25.0,5.0,-26.0,4.0,-25.0,4.0,-24.0,3.0,-21.0,2.0,-18.0,2.0,-13.0,3.0,-9.0,3.0,-4.0
4.9445,122.0,-96.0,7.0,0.0,0.0,0.0,0.0,0.0,0.0,0.0,0.0,0.0,-16.0,14.0,-17.0,16.0,-16.0,16.0,-16.0,16.0,-14.0,15.0,-14.0,14.0,-11.0,12.0,-10.0,8.0,-8.0,5.0,-7.0,1.0,-5.0,-3.0,-4.0,-8.0,-4.0,-12.0,-3.0,-16.0,-4.0,-20.0,-4.0,-22.0,-5.0,-25.0,-5.0,-25.0,-6.0,-26.0,-7.0,-24.0,-7.0,-23.0,-6.0,-20.0,-5.0,-17.0,-4.0,-13.0,-1.0,-9.0,1.0,-6.0
4.9577,122.0,-96.0,7.0,0.0,0.0,0.0,0.0,0.0,0.0,0.0,0.0,0.0,20.0,-11.0,18.0,-10.0,16.0,-8.0,12.0,-6.0,9.0,-3.0,6.0,0.0,3.0,4.0,0.0,9.0,-1.0,13.0,-3.0,17.0,-4.0,20.0,-4.0,23.0,-4.0,26.0,-3.0,27.0,-2.0,27.0,-1.0,27.0,0.0,25.0,0.0,22.0,0.0,18.0,-1.0,14.0,-2.0,9.0,-5.0,5.0,-7.0,0.0,-10.0,-5.0,-13.0,-9.0,-17.0,-12.0
4.9734,122.0,-96.0,7.0,0.0,0.0,0.0,0.0,0.0,0.0,0.0,0.0,0.0,-14.0,-4.0,-15.0,-4.0,-14.0,-4.0,-15.0,-4.0,-15.0,-4.0,-16.0,-5.0,-16.0,-4.0,-16.0,-4.0,-15.0,-4.0,-16.0,-4.0,-16.0,-4.0,-16.0,-4.0,-16.0,-4.0,-16.0,-4.0,-17.0,-4.0,-17.0,-4.0,-17.0,-3.0,-17.0,-3.0,-17.0,-3.0,-17.0,-3.0,-18.0,-3.0,-17.0,-3.0,-18.0,-3.0,-18.0,-3.0,-18.0,-3.0,-18.0,-2.0
4.9876,122.0,-96.0,7.0,0.0,0.0,0.0,0.0,0.0,0.0,0.0,0.0,0.0,1.0,-12.0,3.0,-16.0,4.0,-19.0,5.0,-22.0,4.0,-25.0,4.0,-26.0,3.0,-27.0,2.0,-27.0,2.0,-26.0,2.0,-23.0,2.0,-19.0,2.0,-15.0,3.0,-11.0,4.0,-6.0,5.0,-2.0,7.0,3.0,10.0,7.0,13.0,11.0,16.0,14.0,18.0,16.0,20.0,17.0,22.0,18.0,23.0,18.0,22.0,17.0,22.0,15.0,19.0,13.0
5.0009,122.0,-96.0,7.0,0.0,0.0,0.0,0.0,0.0,0.0,0.0,0.0,0.0,21.0,-4.0,22.0,-5.0,22.0,-5.0,21.0,-6.0,21.0,-6.0,18.0,-5.0,16.0,-5.0,13.0,-3.0,9.0,-2.0,6.0,1.0,2.0,4.0,-1.0,7.0,-4.0,11.0,-6.0,14.0,-8.0,17.0,-9.0,19.0,-10.0,21.0,-10.0,23.0,-9.0,23.0,-9.0,23.0,-8.0,22.0,-7.0,20.0,-5.0,17.0,-5.0,13.0,-4.0,9.0,-4.0,4.0
