time,sc_0,sc_1,sc_2,sc_3,sc_4,sc_5,sc_6,sc_7,sc_8,sc_9,sc_10,sc_11,sc_12,sc_13,sc_14,sc_15,sc_16,sc_17,sc_18,sc_19,sc_20,sc_21,sc_22,sc_23,sc_24,sc_25,sc_26,sc_27,sc_28,sc_29,sc_30,sc_31,sc_32,sc_33,sc_34,sc_35,sc_36,sc_37,sc_38,sc_39,sc_40,sc_41,sc_42,sc_43,sc_44,sc_45,sc_46,sc_47,sc_48,sc_49,sc_50,sc_51,sc_52,sc_53,sc_54,sc_55,sc_56,sc_57,sc_58,sc_59,sc_60,sc_61,sc_62,sc_63
0.0106,122.0,-96.0,7.0,0.0,0.0,0.0,0.0,0.0,0.0,0.0,0.0,0.0,4.0,10.0,5.0,15.0,6.0,19.0,6.0,22.0,7.0,24.0,9.0,26.0,10.0,26.0,11.0,26.0,11.0,24.0,10.0,22.0,8.0,19.0,5.0,15.0,3.0,12.0,0.0,8.0,-5.0,4.0,-9.0,1.0,-14.0,-1.0,-18.0,-3.0,-23.0,-4.0,-27.0,-5.0,-29.0,-5.0,-31.0,-4.0,-31.0,-4.0,-31.0,-3.0,-29.0,-1.0,-27.0,-1.0
0.013,98.0,33.0,22.0,0.0,0.0,0.0,0.0,0.0,0.0,0.0,0.0,0.0,27.0,-10.0,24.0,-10.0,19.0,-8.0,16.0,-10.0,10.0,-10.0,3.0,-11.0,-3.0,-12.0,-7.0,-11.0,-14.0,-9.0,-19.0,-8.0,-24.0,-7.0,-27.0,-7.0,-28.0,-3.0,-30.0,0.0,-32.0,0.0,-32.0,1.0,-29.0,3.0,-23.0,6.0,-22.0,4.0,-16.0,5.0,-6.0,4.0,-1.0,0.0,6.0,-2.0,13.0,-6.0,20.0,-9.0,29.0,-12.0
0.0198,122.0,-96.0,7.0,0.0,0.0,0.0,0.0,0.0,0.0,0.0,0.0,0.0,-11.0,2.0,-8.0,-1.0,-4.0,-5.0,-2.0,-9.0,1.0,-13.0,2.0,-18.0,3.0,-21.0,4.0,-24.0,3.0,-28.0,3.0,-29.0,2.0,-30.0,1.0,-29.0,0.0,-28.0,-2.0,-26.0,-1.0,-22.0,0.0,-18.0,1.0,-13.0,3.0,-8.0,6.0,-3.0,8.0,1.0,12.0,5.0,16.0,9.0,19.0,11.0,23.0,11.0,25.0,12.0,27.0,12.0
0.0269,122.0,-96.0,7.0,0.0,0.0,0.0,0.0,0.0,0.0,0.0,0.0,0.0,-7.0,8.0,-7.0,8.0,-7.0,8.0,-7.0,9.0,-7.0,9.0,-7.0,10.0,-7.0,9.0,-7.0,9.0,-8.0,10.0,-7.0,9.0,-8.0,10.0,-8.0,10.0,-8.0,10.0,-7.0,10.0,-7.0,10.0,-8.0,10.0,-8.0,10.0,-7.0,10.0,-8.0,11.0,-8.0,10.0,-8.0,11.0,-8.0,11.0,-7.0,11.0,-7.0,11.0,-7.0,12.0,-7.0,12.0
0.0522,122.0,-96.0,7.0,0.0,0.0,0.0,0.0,0.0,0.0,0.0,0.0,0.0,4.0,-11.0,4.0,-11.0,5.0,-11.0,4.0,-11.0,4.0,-11.0,4.0,-12.0,5.0,-11.0,4.0,-11.0,5.0,-12.0,4.0,-12.0,4.0,-12.0,5.0,-12.0,4.0,-12.0,4.0,-13.0,4.0,-13.0,4.0,-13.0,4.0,-13.0,4.0,-13.0,4.0,-13.0,4.0,-13.0,4.0,-13.0,4.0,-13.0,4.0,-14.0,4.0,-13.0,4.0,-13.0,4.0,-14.0
0.0679,122.0,-96.0,7.0,0.0,0.0,0.0,0.0,0.0,0.0,0.0,0.0,0.0,-3.0,-13.0,0.0,-8.0,4.0,-5.0,9.0,-1.0,14.0,2.0,19.0,4.0,23.0,5.0,27.0,6.0,30.0,5.0,31.0,5.0,32.0,4.0,31.0,3.0,30.0,2.0,27.0,0.0,22.0,0.0,18.0,0.0,12.0,2.0,7.0,4.0,1.0,7.0,-4.0,10.0,-9.0,14.0,-12.0,18.0,-16.0,22.0,-17.0,25.0,-17.0,28.0,-17.0,29.0
0.083,122.0,-96.0,7.0,0.0,0.0,0.0,0.0,0.0,0.0,0.0,0.0,0.0,-14.0,-4.0,-15.0,-3.0,-15.0,-3.0,-14.0,-4.0,-16.0,-4.0,-16.0,-4.0,-16.0,-4.0,-16.0,-3.0,-16.0,-4.0,-16.0,-4.0,-16.0,-4.0,-16.0,-4.0,-16.0,-4.0,-17.0,-4.0,-17.0,-4.0,-16.0,-4.0,-17.0,-3.0,-17.0,-3.0,-17.0,-4.0,-17.0,-4.0,-17.0,-3.0,-18.0,-3.0,-18.0,-3.0,-18.0,-3.0,-18.0,-3.0,-18.0,-3.0
0.0965,122.0,-96.0,7.0,0.0,0.0,0.0,0.0,0.0,0.0,0.0,0.0,0.0,3.0,10.0,3.0,10.0,3.0,10.0,3.0,11.0,3.0,11.0,3.0,11.0,3.0,11.0,3.0,11.0,4.0,11.0,4.0,11.0,3.0,11.0,3.0,12.0,3.0,12.0,4.0,12.0,4.0,12.0,4.0,12.0,4.0,12.0,4.0,12.0,4.0,12.0,4.0,13.0,4.0,12.0,4.0,12.0,4.0,12.0,4.0,13.0,4.0,12.0,5.0,13.0
0.1108,122.0,-96.0,7.0,0.0,0.0,0.0,0.0,0.0,0.0,0.0,0.0,0.0,-23.0,-1.0,-24.0,0.0,-25.0,0.0,-24.0,1.0,-24.0,1.0,-22.0,1.0,-19.0,1.0,-16.0,0.0,-12.0,-1.0,-8.0,-3.0,-3.0,-5.0,1.0,-8.0,5.0,-11.0,8.0,-14.0,10.0,-17.0,12.0,-19.0,13.0,-21.0,14.0,-23.0,13.0,-24.0,12.0,-24.0,12.0,-23.0,10.0,-21.0,8.0,-19.0,7.0,-15.0,5.0,-10.0,5.0,-6.0
0.1256,122.0,-96.0,7.0,0.0,0.0,0.0,0.0,0.0,0.0,0.0,0.0,0.0,7.0,7.0,9.0,10.0,11.0,13.0,13.0,16.0,15.0,17.0,16.0,18.0,18.0,18.0,18.0,17.0,18.0,16.0,16.0,14.0,13.0,12.0,10.0,10.0,7.0,8.0,2.0,6.0,-2.0,5.0,-7.0,4.0,-12.0,3.0,-16.0,3.0,-20.0,4.0,-23.0,4.0,-26.0,6.0,-27.0,6.0,-28.0,7.0,-26.0,8.0,-25.0,8.0,-22.0,8.0
0.1387,122.0,-96.0,7.0,0.0,0.0,0.0,0.0,0.0,0.0,0.0,0.0,0.0,14.0,1.0,8.0,3.0,2.0,6.0,-4.0,10.0,-9.0,14.0,-13.0,19.0,-16.0,23.0,-18.0,27.0,-20.0,31.0,-19.0,32.0,-19.0,33.0,-17.0,33.0,-15.0,32.0,-13.0,30.0,-11.0,25.0,-9.0,18.0,-9.0,13.0,-8.0,5.0,-9.0,-2.0,-10.0,-8.0,-13.0,-16.0,-15.0,-22.0,-19.0,-26.0,-21.0,-29.0,-25.0,-32.0,-26.0,-32.0
0.1532,122.0,-96.0,7.0,0.0,0.0,0.0,0.0,0.0,0.0,0.0,0.0,0.0,4.0,-11.0,6.0,-15.0,8.0,-18.0,10.0,-22.0,10.0,-24.0,11.0,-27.0,10.0,-28.0,9.0,-27.0,8.0,-26.0,7.0,-23.0,7.0,-20.0,6.0,-16.0,5.0,-12.0,5.0,-7.0,5.0,-1.0,6.0,4.0,8.0,9.0,10.0,14.0,13.0,18.0,15.0,21.0,16.0,23.0,18.0,24.0,19.0,23.0,19.0,23.0,19.0,21.0,17.0,19.0
0.1678,122.0,-96.0,7.0,0.0,0.0,0.0,0.0,0.0,0.0,0.0,0.0,0.0,-7.0,8.0,-7.0,8.0,-7.0,8.0,-8.0,8.0,-7.0,8.0,-7.0,9.0,-7.0,9.0,-7.0,9.0,-8.0,9.0,-8.0,9.0,-8.0,9.0,-8.0,9.0,-8.0,9.0,-7.0,9.0,-7.0,10.0,-8.0,10.0,-7.0,9.0,-7.0,10.0,-7.0,10.0,-8.0,11.0,-7.0,10.0,-8.0,10.0,-7.0,11.0,-7.0,11.0,-7.0,11.0,-7.0,11.0
0.1839,122.0,-96.0,7.0,0.0,0.0,0.0,0.0,0.0,0.0,0.0,0.0,0.0,-25.0,-5.0,-23.0,-4.0,-20.0,-4.0,-15.0,-4.0,-12.0,-4.0,-6.0,-5.0,-2.0,-7.0,4.0,-8.0,8.0,-11.0,12.0,-14.0,15.0,-16.0,17.0,-18.0,19.0,-20.0,19.0,-23.0,18.0,-23.0,17.0,-24.0,16.0,-23.0,14.0,-21.0,11.0,-18.0,9.0,-13.0,8.0,-9.0,6.0,-4.0,5.0,3.0,5.0,8.0,5.0,13.0,6.0,18.0
0.1969,122.0,-96.0,7.0,0.0,0.0,0.0,0.0,0.0,0.0,0.0,0.0,0.0,22.0,-4.0,20.0,-3.0,17.0,-3.0,14.0,-2.0,10.0,-1.0,6.0,1.0,2.0,4.0,-1.0,7.0,-5.0,10.0,-7.0,13.0,-9.0,16.0,-11.0,19.0,-12.0,21.0,-11.0,23.0,-11.0,24.0,-10.0,24.0,-9.0,23.0,-8.0,21.0,-6.0,18.0,-6.0,15.0,-5.0,10.0,-5.0,5.0,-6.0,0.0,-7.0,-5.0,-8.0,-9.0,-11.0,-14.0
0.2118,122.0,-96.0,7.0,0.0,0.0,0.0,0.0,0.0,0.0,0.0,0.0,0.0,-29.0,2.0,-31.0,3.0,-30.0,3.0,-31.0,4.0,-29.0,5.0,-27.0,5.0,-23.0,4.0,-19.0,2.0,-14.0,1.0,-10.0,-3.0,-4.0,-6.0,0.0,-10.0,4.0,-14.0,8.0,-18.0,11.0,-23.0,13.0,-25.0,14.0,-29.0,14.0,-30.0,14.0,-32.0,13.0,-31.0,12.0,-30.0,10.0,-28.0,8.0,-24.0,6.0,-19.0,5.0,-14.0,6.0,-8.0
0.2297,122.0,-96.0,7.0,0.0,0.0,0.0,0.0,0.0,0.0,0.0,0.0,0.0,-17.0,-1.0,-17.0,-1.0,-18.0,0.0,-18.0,-1.0,-19.0,0.0,-19.0,-1.0,-18.0,-1.0,-18.0,0.0,-19.0,-1.0,-18.0,0.0,-19.0,0.0,-19.0,0.0,-20.0,-2.0,-20.0,0.0,-20.0,1.0,-20.0,0.0,-21.0,0.0,-20.0,0.0,-21.0,0.0,-21.0,1.0,-20.0,1.0,-20.0,0.0,-20.0,2.0,-21.0,2.0,-21.0,1.0,-21.0,1.0
0.2422,122.0,-96.0,7.0,0.0,0.0,0.0,0.0,0.0,0.0,0.0,0.0,0.0,-17.0,19.0,-15.0,17.0,-13.0,15.0,-11.0,11.0,-9.0,7.0,-8.0,3.0,-7.0,-2.0,-6.0,-7.0,-6.0,-12.0,-6.0,-17.0,-6.0,-21.0,-7.0,-24.0,-8.0,-27.0,-9.0,-28.0,-11.0,-29.0,-11.0,-28.0,-11.0,-26.0,-11.0,-24.0,-9.0,-21.0,-7.0,-17.0,-4.0,-13.0,-1.0,-9.0,4.0,-5.0,8.0,-2.0,12.0,1.0,18.0,3.0
0.2597,122.0,-96.0,7.0,0.0,0.0,0.0,0.0,0.0,0.0,0.0,0.0,0.0,-11.0,-2.0,-12.0,-2.0,-12.0,-2.0,-12.0,-2.0,-12.0,-2.0,-13.0,-2.0,-13.0,-2.0,-13.0,-2.0,-13.0,-2.0,-13.0,-2.0,-13.0,-2.0,-13.0,-2.0,-13.0,-2.0,-13.0,-2.0,-14.0,-2.0,-13.0,-2.0,-14.0,-2.0,-14.0,-2.0,-14.0,-2.0,-13.0,-1.0,-14.0,-2.0,-14.0,-2.0,-14.0,-1.0,-14.0,-1.0,-14.0,-1.0,-14.0,-1.0
0.274,122.0,-96.0,7.0,0.0,0.0,0.0,0.0,0.0,0.0,0.0,0.0,0.0,10.0,-6.0,10.0,-6.0,11.0,-6.0,11.0,-7.0,11.0,-6.0,11.0,-6.0,11.0,-6.0,12.0,-7.0,11.0,-6.0,11.0,-7.0,11.0,-7.0,12.0,-7.0,11.0,-7.0,12.0,-7.0,11.0,-8.0,12.0,-7.0,12.0,-7.0,11.0,-8.0,11.0,-8.0,11.0,-8.0,12.0,-8.0,12.0,-8.0,12.0,-8.0,12.0,-8.0,12.0,-8.0,12.0,-9.0
0.288,122.0,-96.0,7.0,0.0,0.0,0.0,0.0,0.0,0.0,0.0,0.0,0.0,-15.0,-3.0,-9.0,-5.0,-2.0,-7.0,3.0,-11.0,8.0,-15.0,13.0,-19.0,16.0,-23.0,18.0,-27.0,19.0,-31.0,20.0,-33.0,19.0,-34.0,17.0,-34.0,15.0,-33.0,13.0,-30.0,11.0,-26.0,9.0,-20.0,8.0,-14.0,8.0,-6.0,8.0,2.0,8.0,8.0,11.0,15.0,13.0,22.0,17.0,26.0,20.0,29.0,22.0,31.0,24.0,32.0
0.3039,122.0,-96.0,7.0,0.0,0.0,0.0,0.0,0.0,0.0,0.0,0.0,0.0,-25.0,-1.0,-23.0,-1.0,-20.0,-1.0,-16.0,-1.0,-12.0,-2.0,-7.0,-4.0,-2.0,-6.0,2.0,-9.0,6.0,-12.0,10.0,-15.0,12.0,-18.0,15.0,-20.0,16.0,-23.0,16.0,-25.0,16.0,-26.0,14.0,-26.0,13.0,-24.0,11.0,-22.0,9.0,-19.0,8.0,-14.0,7.0,-10.0,6.0,-4.0,6.0,2.0,6.0,7.0,6.0,13.0,8.0,18.0
0.3164,122.0,-96.0,7.0,0.0,0.0,0.0,0.0,0.0,0.0,0.0,0.0,0.0,22.0,17.0,20.0,15.0,17.0,13.0,13.0,11.0,8.0,8.0,3.0,7.0,-3.0,6.0,-9.0,5.0,-15.0,6.0,-20.0,6.0,-24.0,7.0,-27.0,7.0,-30.0,9.0,-32.0,11.0,-32.0,12.0,-31.0,13.0,-29.0,13.0,-25.0,11.0,-22.0,10.0,-17.0,7.0,-13.0,3.0,-9.0,-2.0,-5.0,-7.0,-1.0,-12.0,2.0,-17.0,4.0,-23.0
0.332,122.0,-96.0,7.0,0.0,0.0,0.0,0.0,0.0,0.0,0.0,0.0,0.0,-4.0,-23.0,-3.0,-20.0,-3.0,-18.0,-2.0,-14.0,-1.0,-11.0,2.0,-7.0,4.0,-3.0,7.0,1.0,11.0,4.0,14.0,6.0,17.0,8.0,20.0,9.0,22.0,11.0,24.0,10.0,24.0,9.0,24.0,8.0,23.0,7.0,21.0,6.0,17.0,5.0,13.0,5.0,9.0,4.0,4.0,5.0,-2.0,5.0,-6.0,6.0,-11.0,7.0,-15.0,10.0
0.3453,122.0,-96.0,7.0,0.0,0.0,0.0,0.0,0.0,0.0,0.0,0.0,0.0,-23.0,-1.0,-25.0,0.0,-25.0,1.0,-25.0,2.0,-24.0,2.0,-22.0,2.0,-19.0,2.0,-16.0,1.0,-12.0,-1.0,-8.0,-3.0,-3.0,-5.0,1.0,-8.0,4.0,-11.0,7.0,-14.0,10.0,-17.0,12.0,-20.0,13.0,-22.0,13.0,-23.0,13.0,-24.0,12.0,-25.0,11.0,-23.0,9.0,-21.0,8.0,-19.0,6.0,-15.0,5.0,-11.0,5.0,-6.0
0.3595,122.0,-96.0,7.0,0.0,0.0,0.0,0.0,0.0,0.0,0.0,0.0,0.0,10.0,0.0,14.0,1.0,18.0,2.0,20.0,2.0,23.0,2.0,25.0,2.0,26.0,1.0,25.0,0.0,24.0,-1.0,21.0,-1.0,18.0,0.0,15.0,0.0,11.0,1.0,6.0,3.0,2.0,4.0,-2.0,7.0,-6.0,10.0,-10.0,13.0,-12.0,16.0,-14.0,19.0,-16.0,21.0,-16.0,22.0,-15.0,23.0,-15.0,23.0,-13.0,22.0,-11.0,20.0
0.3736,122.0,-96.0,7.0,0.0,0.0,0.0,0.0,0.0,0.0,0.0,0.0,0.0,4.0,10.0,5.0,14.0,6.0,18.0,7.0,21.0,8.0,24.0,10.0,26.0,11.0,26.0,11.0,26.0,12.0,24.0,10.0,22.0,8.0,19.0,6.0,16.0,4.0,12.0,0.0,9.0,-3.0,5.0,-8.0,2.0,-13.0,-1.0,-17.0,-3.0,-22.0,-4.0,-25.0,-5.0,-29.0,-5.0,-30.0,-5.0,-31.0,-4.0,-31.0,-3.0,-30.0,-2.0,-28.0,-1.0
0.3862,122.0,-96.0,7.0,0.0,0.0,0.0,0.0,0.0,0.0,0.0,0.0,0.0,-5.0,21.0,-5.0,20.0,-4.0,17.0,-4.0,13.0,-4.0,10.0,-5.0,5.0,-6.0,1.0,-8.0,-4.0,-9.0,-8.0,-12.0,-12.0,-13.0,-14.0,-15.0,-17.0,-18.0,-18.0,-19.0,-19.0,-20.0,-19.0,-20.0,-18.0,-20.0,-17.0,-18.0,-15.0,-16.0,-13.0,-13.0,-11.0,-9.0,-9.0,-4.0,-7.0,1.0,-6.0,6.0,-5.0,11.0,-4.0,16.0,-5.0
0.3998,122.0,-96.0,7.0,0.0,0.0,0.0,0.0,0.0,0.0,0.0,0.0,0.0,-16.0,-16.0,-18.0,-17.0,-19.0,-17.0,-19.0,-16.0,-19.0,-16.0,-17.0,-14.0,-15.0,-13.0,-12.0,-11.0,-9.0,-9.0,-4.0,-8.0,0.0,-6.0,5.0,-5.0,10.0,-5.0,14.0,-4.0,18.0,-4.0,21.0,-5.0,24.0,-6.0,26.0,-6.0,26.0,-7.0,26.0,-8.0,25.0,-8.0,22.0,-8.0,20.0,-7.0,16.0,-6.0,12.0,-4.0,8.0,-1.0
0.4133,122.0,-96.0,7.0,0.0,0.0,0.0,0.0,0.0,0.0,0.0,0.0,0.0,-12.0,1.0,-8.0,-1.0,-3.0,-5.0,0.0,-8.0,3.0,-12.0,5.0,-16.0,7.0,-20.0,8.0,-23.0,9.0,-26.0,9.0,-27.0,8.0,-28.0,7.0,-28.0,6.0,-27.0,4.0,-26.0,4.0,-23.0,4.0,-18.0,3.0,-13.0,4.0,-9.0,5.0,-3.0,7.0,2.0,9.0,7.0,12.0,11.0,14.0,15.0,18.0,17.0,20.0,19.0,22.0,20.0
0.4271,122.0,-96.0,7.0,0.0,0.0,0.0,0.0,0.0,0.0,0.0,0.0,0.0,4.0,-9.0,4.0,-10.0,4.0,-10.0,4.0,-10.0,4.0,-10.0,4.0,-10.0,4.0,-10.0,4.0,-11.0,4.0,-11.0,4.0,-11.0,4.0,-11.0,5.0,-11.0,4.0,-11.0,4.0,-11.0,4.0,-12.0,4.0,-11.0,4.0,-11.0,4.0,-12.0,4.0,-12.0,4.0,-12.0,4.0,-12.0,4.0,-12.0,4.0,-12.0,4.0,-12.0,4.0,-12.0,4.0,-12.0
0.4403,122.0,-96.0,7.0,0.0,0.0,0.0,0.0,0.0,0.0,0.0,0.0,0.0,17.0,14.0,16.0,13.0,14.0,11.0,11.0,9.0,7.0,7.0,3.0,6.0,-2.0,5.0,-6.0,4.0,-11.0,4.0,-15.0,4.0,-18.0,4.0,-21.0,5.0,-24.0,6.0,-25.0,7.0,-26.0,8.0,-25.0,9.0,-24.0,9.0,-22.0,8.0,-20.0,8.0,-16.0,6.0,-13.0,3.0,-9.0,0.0,-6.0,-3.0,-2.0,-7.0,1.0,-11.0,3.0,-15.0
0.4534,122.0,-96.0,7.0,0.0,0.0,0.0,0.0,0.0,0.0,0.0,0.0,0.0,-8.0,21.0,-8.0,23.0,-7.0,23.0,-7.0,23.0,-6.0,22.0,-5.0,20.0,-5.0,17.0,-5.0,14.0,-5.0,10.0,-5.0,5.0,-6.0,0.0,-7.0,-4.0,-9.0,-9.0,-11.0,-12.0,-13.0,-16.0,-14.0,-19.0,-16.0,-20.0,-18.0,-21.0,-19.0,-21.0,-19.0,-20.0,-18.0,-19.0,-17.0,-17.0,-15.0,-15.0,-12.0,-12.0,-8.0,-9.0,-4.0,-7.0
0.4668,122.0,-96.0,7.0,0.0,0.0,0.0,0.0,0.0,0.0,0.0,0.0,0.0,14.0,17.0,15.0,18.0,16.0,18.0,16.0,17.0,16.0,16.0,15.0,15.0,13.0,13.0,10.0,11.0,7.0,9.0,2.0,7.0,-2.0,5.0,-7.0,4.0,-11.0,3.0,-15.0,2.0,-19.0,2.0,-22.0,2.0,-25.0,3.0,-27.0,3.0,-28.0,4.0,-28.0,5.0,-26.0,5.0,-24.0,5.0,-21.0,5.0,-17.0,4.0,-13.0,2.0,-9.0,0.0
0.472,98.0,33.0,22.0,0.0,0.0,0.0,0.0,0.0,0.0,0.0,0.0,0.0,11.0,-9.0,6.0,-10.0,0.0,-10.0,-5.0,-14.0,-10.0,-14.0,-16.0,-15.0,-20.0,-16.0,-23.0,-16.0,-26.0,-16.0,-26.0,-14.0,-28.0,-13.0,-27.0,-11.0,-26.0,-8.0,-22.0,-5.0,-19.0,-3.0,-14.0,0.0,-8.0,2.0,-2.0,3.0,6.0,4.0,12.0,4.0,19.0,3.0,25.0,4.0,30.0,1.0,35.0,1.0,38.0,-1.0,39.0,-1.0
0.4854,122.0,-96.0,7.0,0.0,0.0,0.0,0.0,0.0,0.0,0.0,0.0,0.0,14.0,-17.0,13.0,-16.0,11.0,-14.0,9.0,-11.0,7.0,-7.0,6.0,-3.0,5.0,1.0,4.0,6.0,4.0,11.0,4.0,15.0,4.0,18.0,5.0,21.0,6.0,23.0,8.0,25.0,8.0,25.0,9.0,24.0,9.0,23.0,8.0,20.0,7.0,18.0,5.0,14.0,3.0,10.0,-1.0,7.0,-4.0,4.0,-8.0,1.0,-12.0,-2.0,-17.0,-4.0
0.498,122.0,-96.0,7.0,0.0,0.0,0.0,0.0,0.0,0.0,0.0,0.0,0.0,-10.0,4.0,-14.0,4.0,-18.0,5.0,-20.0,6.0,-23.0,7.0,-24.0,8.0,-24.0,9.0,-24.0,10.0,-23.0,10.0,-21.0,9.0,-18.0,7.0,-15.0,5.0,-12.0,3.0,-9.0,0.0,-5.0,-3.0,-3.0,-7.0,0.0,-12.0,2.0,-15.0,3.0,-20.0,3.0,-23.0,3.0,-26.0,3.0,-27.0,2.0,-29.0,2.0,-28.0,0.0,-27.0,0.0,-25.0
0.5105,122.0,-96.0,7.0,0.0,0.0,0.0,0.0,0.0,0.0,0.0,0.0,0.0,8.0,4.0,9.0,4.0,9.0,4.0,9.0,5.0,9.0,4.0,9.0,4.0,9.0,4.0,10.0,4.0,10.0,4.0,10.0,4.0,10.0,4.0,10.0,4.0,10.0,4.0,10.0,4.0,10.0,5.0,10.0,5.0,10.0,4.0,10.0,4.0,11.0,5.0,10.0,4.0,11.0,4.0,11.0,4.0,11.0,4.0,11.0,4.0,11.0,4.0,11.0,4.0
0.5258,122.0,-96.0,7.0,0.0,0.0,0.0,0.0,0.0,0.0,0.0,0.0,0.0,-4.0,-14.0,-4.0,-18.0,-5.0,-23.0,-5.0,-26.0,-6.0,-30.0,-8.0,-31.0,-9.0,-32.0,-10.0,-32.0,-10.0,-30.0,-9.0,-27.0,-8.0,-23.0,-5.0,-19.0,-3.0,-15.0,1.0,-10.0,4.0,-5.0,9.0,-1.0,14.0,2.0,19.0,5.0,24.0,7.0,28.0,8.0,31.0,8.0,33.0,8.0,34.0,8.0,33.0,6.0,32.0,5.0,28.0,4.0
0.5369,122.0,-96.0,7.0,0.0,0.0,0.0,0.0,0.0,0.0,0.0,0.0,0.0,-7.0,10.0,-7.0,5.0,-6.0,-1.0,-8.0,-6.0,-9.0,-11.0,-12.0,-17.0,-14.0,-20.0,-17.0,-23.0,-19.0,-25.0,-20.0,-26.0,-22.0,-26.0,-22.0,-24.0,-22.0,-23.0,-21.0,-20.0,-18.0,-18.0,-14.0,-14.0,-10.0,-11.0,-4.0,-9.0,2.0,-7.0,8.0,-6.0,14.0,-6.0,19.0,-6.0,24.0,-7.0,28.0,-9.0,30.0,-10.0,32.0,-11.0
0.5496,122.0,-96.0,7.0,0.0,0.0,0.0,0.0,0.0,0.0,0.0,0.0,0.0,-23.0,-11.0,-25.0,-11.0,-26.0,-11.0,-26.0,-10.0,-25.0,-9.0,-23.0,-8.0,-20.0,-8.0,-16.0,-7.0,-12.0,-6.0,-7.0,-7.0,-1.0,-6.0,4.0,-8.0,10.0,-9.0,14.0,-11.0,18.0,-12.0,21.0,-14.0,23.0,-16.0,25.0,-17.0,24.0,-18.0,24.0,-19.0,23.0,-18.0,20.0,-17.0,17.0,-15.0,13.0,-12.0,10.0,-8.0,7.0,-3.0
0.5651,122.0,-96.0,7.0,0.0,0.0,0.0,0.0,0.0,0.0,0.0,0.0,0.0,-11.0,-6.0,-12.0,-6.0,-12.0,-6.0,-12.0,-6.0,-12.0,-6.0,-13.0,-6.0,-12.0,-6.0,-13.0,-6.0,-13.0,-6.0,-13.0,-6.0,-13.0,-6.0,-13.0,-6.0,-13.0,-6.0,-13.0,-6.0,-14.0,-6.0,-13.0,-6.0,-14.0,-6.0,-14.0,-5.0,-14.0,-6.0,-14.0,-5.0,-14.0,-6.0,-14.0,-5.0,-15.0,-5.0,-14.0,-5.0,-15.0,-5.0,-15.0,-5.0
0.5793,122.0,-96.0,7.0,0.0,0.0,0.0,0.0,0.0,0.0,0.0,0.0,0.0,8.0,-7.0,6.0,-3.0,5.0,1.0,3.0,6.0,2.0,11.0,3.0,17.0,3.0,20.0,4.0,24.0,5.0,26.0,6.0,27.0,7.0,28.0,8.0,27.0,8.0,25.0,9.0,23.0,7.0,19.0,5.0,16.0,3.0,12.0,-1.0,8.0,-5.0,4.0,-9.0,1.0,-14.0,-3.0,-18.0,-4.0,-23.0,-6.0,-27.0,-6.0,-29.0,-6.0,-30.0,-5.0
0.593,122.0,-96.0,7.0,0.0,0.0,0.0,0.0,0.0,0.0,0.0,0.0,0.0,24.0,-6.0,22.0,-6.0,19.0,-6.0,16.0,-4.0,12.0,-2.0,8.0,0.0,4.0,4.0,0.0,8.0,-3.0,12.0,-6.0,16.0,-8.0,19.0,-9.0,22.0,-10.0,25.0,-10.0,27.0,-9.0,28.0,-8.0,28.0,-7.0,27.0,-7.0,25.0,-5.0,22.0,-5.0,18.0,-5.0,13.0,-5.0,8.0,-6.0,2.0,-8.0,-3.0,-9.0,-9.0,-12.0,-13.0
0.6083,122.0,-96.0,7.0,0.0,0.0,0.0,0.0,0.0,0.0,0.0,0.0,0.0,-6.0,-12.0,-6.0,-12.0,-6.0,-12.0,-6.0,-12.0,-6.0,-12.0,-6.0,-12.0,-7.0,-12.0,-7.0,-12.0,-7.0,-13.0,-7.0,-13.0,-7.0,-13.0,-7.0,-13.0,-7.0,-13.0,-7.0,-13.0,-7.0,-13.0,-8.0,-13.0,-8.0,-13.0,-8.0,-13.0,-8.0,-13.0,-8.0,-13.0,-8.0,-13.0,-8.0,-13.0,-9.0,-13.0,-9.0,-13.0,-9.0,-13.0,-9.0,-13.0
0.6227,122.0,-96.0,7.0,0.0,0.0,0.0,0.0,0.0,0.0,0.0,0.0,0.0,-25.0,4.0,-23.0,4.0,-20.0,3.0,-17.0,2.0,-13.0,0.0,-8.0,-2.0,-5.0,-5.0,0.0,-9.0,3.0,-12.0,5.0,-16.0,8.0,-19.0,9.0,-22.0,10.0,-26.0,10.0,-28.0,10.0,-29.0,9.0,-29.0,7.0,-28.0,6.0,-26.0,5.0,-23.0,5.0,-19.0,5.0,-14.0,4.0,-9.0,6.0,-3.0,6.0,2.0,8.0,7.0,11.0,12.0
0.6361,122.0,-96.0,7.0,0.0,0.0,0.0,0.0,0.0,0.0,0.0,0.0,0.0,-23.0,3.0,-24.0,5.0,-25.0,5.0,-24.0,5.0,-23.0,6.0,-21.0,6.0,-19.0,5.0,-15.0,3.0,-12.0,1.0,-8.0,-2.0,-4.0,-5.0,-1.0,-8.0,3.0,-13.0,5.0,-15.0,7.0,-19.0,9.0,-22.0,9.0,-24.0,10.0,-26.0,9.0,-26.0,8.0,-26.0,7.0,-25.0,6.0,-23.0,5.0,-20.0,4.0,-16.0,4.0,-11.0,4.0,-7.0
0.6517,122.0,-96.0,7.0,0.0,0.0,0.0,0.0,0.0,0.0,0.0,0.0,0.0,10.0,-7.0,10.0,-7.0,11.0,-7.0,11.0,-7.0,11.0,-7.0,11.0,-8.0,11.0,-8.0,11.0,-8.0,11.0,-8.0,11.0,-8.0,11.0,-8.0,11.0,-8.0,11.0,-8.0,11.0,-9.0,11.0,-9.0,12.0,-9.0,12.0,-9.0,11.0,-10.0,11.0,-10.0,12.0,-9.0,11.0,-9.0,11.0,-10.0,12.0,-10.0,12.0,-10.0,11.0,-10.0,11.0,-11.0
0.6664,122.0,-96.0,7.0,0.0,0.0,0.0,0.0,0.0,0.0,0.0,0.0,0.0,10.0,-4.0,13.0,-4.0,17.0,-5.0,20.0,-5.0,23.0,-6.0,24.0,-7.0,25.0,-8.0,24.0,-9.0,23.0,-9.0,21.0,-8.0,18.0,-7.0,15.0,-5.0,11.0,-4.0,8.0,0.0,4.0,2.0,1.0,6.0,-1.0,11.0,-4.0,14.0,-5.0,19.0,-6.0,22.0,-6.0,25.0,-6.0,26.0,-5.0,27.0,-5.0,27.0,-3.0,26.0,-3.0,24.0
0.6811,122.0,-96.0,7.0,0.0,0.0,0.0,0.0,0.0,0.0,0.0,0.0,0.0,8.0,7.0,8.0,7.0,8.0,7.0,9.0,8.0,8.0,8.0,9.0,8.0,8.0,8.0,9.0,7.0,9.0,8.0,9.0,7.0,9.0,8.0,10.0,8.0,10.0,7.0,10.0,8.0,10.0,8.0,10.0,8.0,9.0,7.0,10.0,8.0,10.0,8.0,10.0,7.0,11.0,8.0,10.0,8.0,11.0,8.0,10.0,8.0,11.0,8.0,10.0,7.0
0.6963,122.0,-96.0,7.0,0.0,0.0,0.0,0.0,0.0,0.0,0.0,0.0,0.0,-22.0,-8.0,-24.0,-7.0,-25.0,-7.0,-24.0,-6.0,-23.0,-6.0,-21.0,-5.0,-18.0,-5.0,-15.0,-5.0,-10.0,-5.0,-6.0,-5.0,0.0,-6.0,4.0,-8.0,9.0,-10.0,12.0,-11.0,16.0,-13.0,18.0,-15.0,20.0,-16.0,21.0,-17.0,21.0,-18.0,20.0,-18.0,19.0,-17.0,16.0,-16.0,14.0,-14.0,10.0,-10.0,8.0,-6.0,6.0,-2.0
0.7,98.0,33.0,22.0,0.0,0.0,0.0,0.0,0.0,0.0,0.0,0.0,0.0,-17.0,8.0,-18.0,8.0,-16.0,9.0,-16.0,9.0,-13.0,7.0,-13.0,7.0,-9.0,7.0,-4.0,4.0,-1.0,4.0,2.0,3.0,6.0,3.0,8.0,0.0,12.0,-1.0,12.0,-3.0,16.0,-4.0,16.0,-8.0,18.0,-11.0,17.0,-10.0,17.0,-12.0,15.0,-12.0,13.0,-12.0,11.0,-11.0,7.0,-8.0,4.0,-5.0,1.0,-3.0,-2.0,2.0
0.7125,122.0,-96.0,7.0,0.0,0.0,0.0,0.0,0.0,0.0,0.0,0.0,0.0,12.0,7.0,5.0,7.0,-1.0,7.0,-7.0,7.0,-14.0,9.0,-20.0,11.0,-25.0,14.0,-29.0,16.0,-32.0,19.0,-33.0,21.0,-33.0,22.0,-31.0,23.0,-29.0,22.0,-26.0,21.0,-22.0,18.0,-18.0,14.0,-14.0,9.0,-11.0,3.0,-8.0,-4.0,-6.0,-11.0,-5.0,-18.0,-4.0,-24.0,-5.0,-31.0,-6.0,-36.0,-7.0,-39.0,-8.0,-41.0
0.7285,78.0,-32.0,4.0,0.0,0.0,0.0,0.0,0.0,0.0,0.0,0.0,0.0,-11.0,-9.0,-12.0,-9.0,-12.0,-9.0,-12.0,-10.0,-12.0,-9.0,-13.0,-10.0,-13.0,-10.0,-13.0,-9.0,-13.0,-10.0,-13.0,-10.0,-13.0,-10.0,-14.0,-10.0,-13.0,-10.0,-14.0,-10.0,-14.0,-10.0,-14.0,-10.0,-14.0,-10.0,-14.0,-10.0,-15.0,-10.0,-15.0,-10.0,-14.0,-10.0,-15.0,-9.0,-15.0,-9.0,-15.0,-9.0,-15.0,-9.0,-16.0,-9.0
0.7429,78.0,-32.0,4.0,0.0,0.0,0.0,0.0,0.0,0.0,0.0,0.0,0.0,-13.0,-7.0,-13.0,-7.0,-13.0,-7.0,-14.0,-7.0,-14.0,-6.0,-15.0,-7.0,-14.0,-7.0,-15.0,-7.0,-15.0,-7.0,-15.0,-7.0,-15.0,-7.0,-15.0,-7.0,-15.0,-7.0,-16.0,-7.0,-16.0,-6.0,-16.0,-7.0,-16.0,-7.0,-16.0,-6.0,-17.0,-7.0,-16.0,-6.0,-16.0,-6.0,-16.0,-6.0,-17.0,-6.0,-17.0,-6.0,-17.0,-6.0,-17.0,-6.0
0.7596,98.0,32.0,6.0,0.0,0.0,0.0,0.0,0.0,0.0,0.0,0.0,0.0,-8.0,-10.0,-3.0,-7.0,2.0,-6.0,6.0,-5.0,11.0,-3.0,16.0,-4.0,20.0,-4.0,23.0,-4.0,26.0,-6.0,28.0,-6.0,28.0,-7.0,28.0,-8.0,26.0,-8.0,24.0,-9.0,21.0,-8.0,17.0,-6.0,13.0,-4.0,9.0,-1.0,5.0,3.0,1.0,7.0,-2.0,12.0,-4.0,16.0,-6.0,21.0,-7.0,24.0,-8.0,27.0,-7.0,29.0
0.774,102.0,96.0,6.0,0.0,0.0,0.0,0.0,0.0,0.0,0.0,0.0,0.0,11.0,4.0,14.0,6.0,18.0,9.0,20.0,10.0,23.0,11.0,25.0,11.0,26.0,11.0,26.0,10.0,25.0,9.0,23.0,8.0,19.0,7.0,15.0,6.0,11.0,5.0,5.0,5.0,0.0,6.0,-5.0,6.0,-11.0,8.0,-16.0,10.0,-19.0,12.0,-23.0,14.0,-25.0,16.0,-26.0,18.0,-26.0,19.0,-24.0,19.0,-22.0,19.0,-20.0,17.0
0.7884,122.0,-96.0,7.0,0.0,0.0,0.0,0.0,0.0,0.0,0.0,0.0,0.0,11.0,-2.0,7.0,1.0,3.0,4.0,0.0,7.0,-4.0,11.0,-6.0,16.0,-8.0,19.0,-9.0,23.0,-9.0,25.0,-9.0,27.0,-9.0,28.0,-7.0,28.0,-6.0,27.0,-5.0,25.0,-4.0,21.0,-4.0,17.0,-4.0,13.0,-5.0,8.0,-6.0,2.0,-8.0,-3.0,-11.0,-8.0,-13.0,-12.0,-16.0,-16.0,-19.0,-18.0,-21.0,-20.0,-24.0,-20.0
0.8027,122.0,-96.0,7.0,0.0,0.0,0.0,0.0,0.0,0.0,0.0,0.0,0.0,12.0,-8.0,12.0,-8.0,12.0,-7.0,13.0,-8.0,12.0,-8.0,13.0,-8.0,13.0,-8.0,13.0,-9.0,13.0,-8.0,13.0,-8.0,13.0,-9.0,13.0,-9.0,13.0,-9.0,13.0,-9.0,13.0,-9.0,13.0,-9.0,14.0,-10.0,13.0,-10.0,13.0,-10.0,13.0,-10.0,13.0,-10.0,14.0,-10.0,13.0,-10.0,14.0,-10.0,13.0,-10.0,14.0,-11.0
0.8073,98.0,33.0,22.0,0.0,0.0,0.0,0.0,0.0,0.0,0.0,0.0,0.0,-10.0,-18.0,-9.0,-15.0,-8.0,-12.0,-8.0,-8.0,-7.0,-4.0,-7.0,0.0,-7.0,4.0,-7.0,9.0,-7.0,13.0,-6.0,15.0,-5.0,18.0,-3.0,20.0,-2.0,21.0,1.0,22.0,1.0,21.0,3.0,20.0,3.0,18.0,4.0,15.0,3.0,11.0,3.0,7.0,2.0,3.0,0.0,-2.0,-1.0,-8.0,-3.0,-13.0,-6.0,-18.0,-9.0,-22.0
0.8201,122.0,-96.0,7.0,0.0,0.0,0.0,0.0,0.0,0.0,0.0,0.0,0.0,8.0,-24.0,8.0,-23.0,6.0,-19.0,6.0,-16.0,5.0,-11.0,5.0,-6.0,5.0,-1.0,7.0,5.0,8.0,9.0,10.0,13.0,12.0,17.0,14.0,20.0,16.0,22.0,18.0,23.0,20.0,23.0,19.0,21.0,19.0,20.0,17.0,18.0,15.0,15.0,11.0,12.0,7.0,10.0,2.0,7.0,-3.0,5.0,-8.0,4.0,-13.0,2.0,-19.0,2.0
0.835,122.0,-96.0,7.0,0.0,0.0,0.0,0.0,0.0,0.0,0.0,0.0,0.0,-11.0,-4.0,-6.0,-5.0,-1.0,-6.0,4.0,-8.0,8.0,-10.0,12.0,-13.0,15.0,-15.0,17.0,-18.0,19.0,-20.0,19.0,-21.0,19.0,-23.0,18.0,-23.0,16.0,-22.0,14.0,-21.0,12.0,-18.0,10.0,-14.0,8.0,-10.0,7.0,-5.0,6.0,1.0,5.0,6.0,6.0,12.0,7.0,17.0,8.0,21.0,10.0,24.0,12.0,26.0,13.0,27.0
0.8493,122.0,-96.0,7.0,0.0,0.0,0.0,0.0,0.0,0.0,0.0,0.0,0.0,1.0,11.0,1.0,11.0,1.0,10.0,2.0,11.0,2.0,11.0,2.0,12.0,2.0,11.0,2.0,11.0,3.0,12.0,3.0,12.0,3.0,12.0,2.0,12.0,2.0,12.0,3.0,12.0,3.0,11.0,3.0,11.0,4.0,13.0,4.0,13.0,2.0,13.0,2.0,11.0,5.0,11.0,5.0,13.0,5.0,13.0,4.0,14.0,3.0,13.0,4.0,12.0
0.8626,122.0,-96.0,7.0,0.0,0.0,0.0,0.0,0.0,0.0,0.0,0.0,0.0,1.0,12.0,1.0,13.0,1.0,13.0,1.0,13.0,1.0,13.0,1.0,14.0,1.0,14.0,1.0,14.0,1.0,14.0,1.0,14.0,1.0,14.0,1.0,14.0,1.0,14.0,2.0,15.0,1.0,15.0,2.0,15.0,2.0,15.0,2.0,15.0,2.0,15.0,2.0,15.0,2.0,15.0,2.0,15.0,3.0,15.0,3.0,15.0,3.0,15.0,3.0,15.0
0.877,122.0,-96.0,7.0,0.0,0.0,0.0,0.0,0.0,0.0,0.0,0.0,0.0,28.0,2.0,25.0,2.0,22.0,1.0,17.0,1.0,12.0,2.0,7.0,4.0,1.0,6.0,-4.0,9.0,-9.0,13.0,-13.0,16.0,-16.0,19.0,-18.0,22.0,-20.0,25.0,-20.0,27.0,-19.0,28.0,-17.0,28.0,-16.0,27.0,-14.0,24.0,-11.0,20.0,-10.0,16.0,-8.0,9.0,-8.0,4.0,-8.0,-3.0,-8.0,-9.0,-9.0,-15.0,-11.0,-21.0
0.8912,122.0,-96.0,7.0,0.0,0.0,0.0,0.0,0.0,0.0,0.0,0.0,0.0,23.0,-11.0,21.0,-10.0,18.0,-9.0,14.0,-7.0,11.0,-4.0,7.0,0.0,4.0,4.0,1.0,8.0,-1.0,13.0,-3.0,17.0,-5.0,21.0,-5.0,24.0,-5.0,27.0,-5.0,29.0,-4.0,30.0,-3.0,29.0,-2.0,28.0,-2.0,25.0,-1.0,21.0,-2.0,17.0,-2.0,12.0,-4.0,7.0,-6.0,2.0,-9.0,-3.0,-12.0,-8.0,-16.0,-12.0
0.9043,122.0,-96.0,7.0,0.0,0.0,0.0,0.0,0.0,0.0,0.0,0.0,0.0,13.0,-1.0,14.0,-1.0,14.0,-2.0,14.0,-2.0,14.0,-2.0,15.0,-2.0,14.0,-2.0,15.0,-2.0,15.0,-2.0,15.0,-2.0,15.0,-2.0,15.0,-2.0,15.0,-2.0,15.0,-3.0,15.0,-2.0,15.0,-2.0,16.0,-3.0,15.0,-3.0,16.0,-3.0,16.0,-3.0,16.0,-3.0,16.0,-3.0,16.0,-3.0,17.0,-4.0,16.0,-4.0,17.0,-4.0
0.9173,122.0,-96.0,7.0,0.0,0.0,0.0,0.0,0.0,0.0,0.0,0.0,0.0,11.0,-2.0,14.0,-2.0,18.0,-2.0,21.0,-2.0,23.0,-3.0,25.0,-4.0,26.0,-4.0,25.0,-4.0,24.0,-5.0,21.0,-5.0,17.0,-4.0,14.0,-2.0,10.0,-1.0,6.0,2.0,2.0,5.0,-2.0,8.0,-5.0,12.0,-8.0,15.0,-10.0,19.0,-12.0,22.0,-13.0,24.0,-12.0,25.0,-11.0,26.0,-10.0,25.0,-9.0,24.0,-8.0,21.0
0.9308,122.0,-96.0,7.0,0.0,0.0,0.0,0.0,0.0,0.0,0.0,0.0,0.0,-14.0,-2.0,-19.0,-4.0,-24.0,-5.0,-27.0,-6.0,-30.0,-6.0,-32.0,-5.0,-33.0,-5.0,-33.0,-3.0,-31.0,-2.0,-28.0,-2.0,-23.0,-2.0,-18.0,-3.0,-14.0,-4.0,-7.0,-5.0,-2.0,-7.0,4.0,-11.0,9.0,-14.0,14.0,-17.0,17.0,-21.0,19.0,-24.0,21.0,-27.0,21.0,-28.0,21.0,-29.0,19.0,-28.0,17.0,-27.0,15.0,-25.0
0.9452,122.0,-96.0,7.0,0.0,0.0,0.0,0.0,0.0,0.0,0.0,0.0,0.0,11.0,-1.0,11.0,-1.0,11.0,-1.0,11.0,-1.0,11.0,-2.0,12.0,-1.0,11.0,-1.0,12.0,-1.0,12.0,-1.0,12.0,-1.0,12.0,-1.0,12.0,-1.0,12.0,-1.0,12.0,-2.0,12.0,-2.0,12.0,-2.0,12.0,-2.0,13.0,-2.0,13.0,-2.0,13.0,-2.0,13.0,-2.0,13.0,-2.0,13.0,-3.0,13.0,-3.0,13.0,-3.0,13.0,-3.0
0.9589,122.0,-96.0,7.0,0.0,0.0,0.0,0.0,0.0,0.0,0.0,0.0,0.0,5.0,-13.0,5.0,-14.0,5.0,-14.0,5.0,-14.0,5.0,-14.0,6.0,-15.0,5.0,-15.0,5.0,-15.0,6.0,-15.0,6.0,-15.0,6.0,-15.0,6.0,-15.0,6.0,-15.0,6.0,-16.0,6.0,-16.0,6.0,-15.0,5.0,-16.0,5.0,-16.0,6.0,-17.0,5.0,-16.0,5.0,-16.0,5.0,-17.0,5.0,-16.0,5.0,-17.0,5.0,-17.0,5.0,-17.0
0.9733,122.0,-96.0,7.0,0.0,0.0,0.0,0.0,0.0,0.0,0.0,0.0,0.0,8.0,-11.0,8.0,-12.0,9.0,-12.0,9.0,-11.0,8.0,-12.0,8.0,-12.0,8.0,-13.0,9.0,-13.0,9.0,-13.0,9.0,-13.0,9.0,-14.0,9.0,-13.0,9.0,-13.0,9.0,-14.0,8.0,-14.0,9.0,-14.0,9.0,-13.0,9.0,-14.0,9.0,-14.0,9.0,-14.0,9.0,-14.0,9.0,-14.0,9.0,-15.0,9.0,-15.0,9.0,-15.0,9.0,-15.0
0.9882,122.0,-96.0,7.0,0.0,0.0,0.0,0.0,0.0,0.0,0.0,0.0,0.0,-7.0,9.0,-7.0,9.0,-8.0,9.0,-7.0,10.0,-8.0,10.0,-7.0,10.0,-8.0,10.0,-7.0,11.0,-8.0,10.0,-8.0,11.0,-8.0,11.0,-8.0,11.0,-8.0,11.0,-7.0,11.0,-7.0,12.0,-8.0,12.0,-7.0,11.0,-7.0,12.0,-8.0,12.0,-8.0,12.0,-7.0,12.0,-7.0,12.0,-7.0,12.0,-7.0,12.0,-7.0,12.0,-7.0,12.0
1.0026,122.0,-96.0,7.0,0.0,0.0,0.0,0.0,0.0,0.0,0.0,0.0,0.0,-26.0,-3.0,-28.0,-2.0,-28.0,-2.0,-28.0,-1.0,-27.0,-1.0,-25.0,0.0,-22.0,0.0,-18.0,-1.0,-14.0,-2.0,-9.0,-4.0,-3.0,-6.0,1.0,-9.0,6.0,-12.0,10.0,-14.0,13.0,-17.0,15.0,-20.0,17.0,-22.0,18.0,-24.0,18.0,-26.0,17.0,-26.0,16.0,-25.0,14.0,-23.0,12.0,-21.0,10.0,-17.0,8.0,-12.0,7.0,-7.0
1.0165,122.0,-96.0,7.0,0.0,0.0,0.0,0.0,0.0,0.0,0.0,0.0,0.0,-17.0,15.0,-16.0,14.0,-13.0,12.0,-11.0,9.0,-9.0,6.0,-7.0,2.0,-6.0,-2.0,-5.0,-7.0,-4.0,-11.0,-4.0,-16.0,-3.0,-19.0,-4.0,-22.0,-5.0,-25.0,-6.0,-27.0,-7.0,-27.0,-7.0,-26.0,-8.0,-25.0,-7.0,-23.0,-7.0,-20.0,-6.0,-17.0,-3.0,-13.0,-1.0,-9.0,3.0,-5.0,6.0,-2.0,10.0,2.0,15.0,4.0
1.0299,122.0,-96.0,7.0,0.0,0.0,0.0,0.0,0.0,0.0,0.0,0.0,0.0,-20.0,8.0,-20.0,9.0,-20.0,9.0,-20.0,9.0,-20.0,9.0,-21.0,10.0,-21.0,10.0,-21.0,10.0,-21.0,10.0,-21.0,10.0,-21.0,10.0,-21.0,10.0,-22.0,10.0,-22.0,11.0,-22.0,11.0,-21.0,10.0,-22.0,11.0,-21.0,11.0,-21.0,12.0,-22.0,12.0,-22.0,12.0,-22.0,12.0,-21.0,12.0,-22.0,11.0,-22.0,11.0,-22.0,12.0
1.0439,122.0,-96.0,7.0,0.0,0.0,0.0,0.0,0.0,0.0,0.0,0.0,0.0,-11.0,-4.0,-6.0,-5.0,-1.0,-6.0,3.0,-8.0,8.0,-10.0,12.0,-13.0,15.0,-15.0,17.0,-18.0,19.0,-20.0,19.0,-22.0,19.0,-23.0,18.0,-23.0,16.0,-23.0,14.0,-22.0,13.0,-19.0,10.0,-15.0,8.0,-11.0,7.0,-6.0,6.0,0.0,5.0,5.0,6.0,10.0,6.0,15.0,9.0,20.0,10.0,23.0,12.0,26.0,13.0,27.0
1.0578,122.0,-96.0,7.0,0.0,0.0,0.0,0.0,0.0,0.0,0.0,0.0,0.0,0.0,11.0,-2.0,7.0,-5.0,3.0,-8.0,-1.0,-12.0,-4.0,-17.0,-7.0,-20.0,-9.0,-23.0,-10.0,-26.0,-10.0,-28.0,-11.0,-29.0,-10.0,-29.0,-9.0,-27.0,-8.0,-26.0,-6.0,-22.0,-5.0,-18.0,-5.0,-14.0,-5.0,-9.0,-5.0,-3.0,-7.0,2.0,-8.0,7.0,-10.0,11.0,-13.0,16.0,-16.0,18.0,-19.0,19.0,-21.0,20.0,-23.0
1.071,122.0,-96.0,7.0,0.0,0.0,0.0,0.0,0.0,0.0,0.0,0.0,0.0,-10.0,-22.0,-12.0,-23.0,-13.0,-23.0,-13.0,-22.0,-13.0,-21.0,-12.0,-19.0,-10.0,-17.0,-8.0,-14.0,-5.0,-11.0,-1.0,-8.0,3.0,-5.0,7.0,-3.0,12.0,0.0,16.0,1.0,20.0,2.0,23.0,3.0,25.0,3.0,27.0,3.0,27.0,2.0,27.0,1.0,26.0,1.0,23.0,0.0,20.0,0.0,15.0,0.0,11.0,1.0,6.0,3.0
1.0851,122.0,-96.0,7.0,0.0,0.0,0.0,0.0,0.0,0.0,0.0,0.0,0.0,-11.0,-1.0,-7.0,-3.0,-2.0,-6.0,1.0,-9.0,5.0,-13.0,8.0,-17.0,9.0,-20.0,10.0,-23.0,11.0,-26.0,11.0,-27.0,11.0,-28.0,9.0,-28.0,8.0,-26.0,6.0,-24.0,5.0,-21.0,5.0,-16.0,4.0,-11.0,5.0,-6.0,7.0,0.0,8.0,5.0,10.0,10.0,13.0,14.0,16.0,18.0,18.0,20.0,21.0,21.0,22.0,21.0
1.0988,122.0,-96.0,7.0,0.0,0.0,0.0,0.0,0.0,0.0,0.0,0.0,0.0,-3.0,-11.0,-3.0,-15.0,-3.0,-19.0,-3.0,-22.0,-4.0,-24.0,-5.0,-26.0,-6.0,-26.0,-7.0,-26.0,-7.0,-24.0,-7.0,-22.0,-5.0,-19.0,-3.0,-16.0,-2.0,-12.0,1.0,-8.0,4.0,-4.0,8.0,-1.0,12.0,2.0,15.0,5.0,19.0,7.0,22.0,7.0,25.0,8.0,26.0,8.0,27.0,7.0,27.0,6.0,26.0,4.0,23.0,4.0
1.1161,122.0,-96.0,7.0,0.0,0.0,0.0,0.0,0.0,0.0,0.0,0.0,0.0,-10.0,6.0,-10.0,6.0,-10.0,6.0,-10.0,6.0,-10.0,6.0,-11.0,6.0,-10.0,7.0,-11.0,7.0,-10.0,7.0,-11.0,7.0,-11.0,7.0,-10.0,7.0,-10.0,7.0,-10.0,7.0,-11.0,7.0,-11.0,8.0,-11.0,7.0,-11.0,8.0,-11.0,7.0,-11.0,7.0,-10.0,8.0,-11.0,8.0,-10.0,8.0,-11.0,8.0,-11.0,8.0,-10.0,9.0
1.1277,122.0,-96.0,7.0,0.0,0.0,0.0,0.0,0.0,0.0,0.0,0.0,0.0,-3.0,22.0,-2.0,20.0,-2.0,17.0,-2.0,13.0,-3.0,9.0,-4.0,5.0,-6.0,0.0,-8.0,-4.0,-11.0,-7.0,-14.0,-11.0,-16.0,-13.0,-18.0,-15.0,-21.0,-16.0,-23.0,-16.0,-24.0,-16.0,-23.0,-14.0,-23.0,-13.0,-20.0,-11.0,-17.0,-9.0,-13.0,-8.0,-9.0,-7.0,-3.0,-6.0,2.0,-6.0,7.0,-6.0,11.0,-7.0,16.0,-9.0
1.1421,122.0,-96.0,7.0,0.0,0.0,0.0,0.0,0.0,0.0,0.0,0.0,0.0,-17.0,19.0,-16.0,17.0,-13.0,14.0,-11.0,11.0,-9.0,7.0,-8.0,2.0,-6.0,-3.0,-5.0,-9.0,-5.0,-14.0,-6.0,-18.0,-7.0,-22.0,-7.0,-25.0,-9.0,-28.0,-11.0,-29.0,-12.0,-29.0,-12.0,-28.0,-12.0,-26.0,-11.0,-23.0,-9.0,-19.0,-7.0,-16.0,-3.0,-12.0,1.0,-7.0,6.0,-4.0,10.0,-1.0,15.0,1.0,20.0,3.0
1.1562,122.0,-96.0,7.0,0.0,0.0,0.0,0.0,0.0,0.0,0.0,0.0,0.0,-9.0,7.0,-12.0,9.0,-15.0,11.0,-17.0,13.0,-19.0,15.0,-20.0,17.0,-20.0,17.0,-19.0,18.0,-18.0,17.0,-16.0,16.0,-14.0,13.0,-12.0,10.0,-10.0,6.0,-8.0,2.0,-6.0,-2.0,-5.0,-8.0,-4.0,-13.0,-4.0,-17.0,-4.0,-21.0,-5.0,-24.0,-6.0,-27.0,-7.0,-27.0,-8.0,-28.0,-9.0,-27.0,-9.0,-25.0,-9.0,-23.0
1.1694,122.0,-96.0,7.0,0.0,0.0,0.0,0.0,0.0,0.0,0.0,0.0,0.0,5.0,-26.0,5.0,-28.0,5.0,-28.0,4.0,-28.0,3.0,-26.0,2.0,-24.0,2.0,-21.0,3.0,-17.0,3.0,-13.0,4.0,-7.0,5.0,-2.0,8.0,3.0,10.0,8.0,13.0,12.0,16.0,16.0,17.0,18.0,20.0,20.0,21.0,21.0,22.0,21.0,22.0,20.0,21.0,19.0,20.0,16.0,17.0,14.0,13.0,11.0,8.0,8.0,4.0,7.0
1.183,122.0,-96.0,7.0,0.0,0.0,0.0,0.0,0.0,0.0,0.0,0.0,0.0,-17.0,23.0,-15.0,20.0,-13.0,18.0,-11.0,13.0,-10.0,9.0,-8.0,3.0,-7.0,-3.0,-7.0,-9.0,-8.0,-15.0,-8.0,-20.0,-9.0,-24.0,-10.0,-28.0,-12.0,-30.0,-14.0,-32.0,-15.0,-32.0,-16.0,-31.0,-15.0,-28.0,-14.0,-25.0,-12.0,-21.0,-9.0,-17.0,-5.0,-13.0,0.0,-9.0,6.0,-5.0,12.0,-1.0,17.0,1.0,23.0,3.0
1.1976,122.0,-96.0,7.0,0.0,0.0,0.0,0.0,0.0,0.0,0.0,0.0,0.0,-14.0,-20.0,-15.0,-21.0,-16.0,-21.0,-16.0,-20.0,-16.0,-19.0,-14.0,-17.0,-12.0,-15.0,-10.0,-13.0,-6.0,-10.0,-2.0,-8.0,2.0,-5.0,7.0,-4.0,12.0,-2.0,16.0,-1.0,19.0,-1.0,23.0,-1.0,25.0,-2.0,27.0,-2.0,27.0,-3.0,27.0,-4.0,26.0,-4.0,23.0,-4.0,20.0,-4.0,15.0,-3.0,11.0,-1.0,7.0,1.0
1.2126,122.0,-96.0,7.0,0.0,0.0,0.0,0.0,0.0,0.0,0.0,0.0,0.0,-10.0,7.0,-8.0,3.0,-6.0,-3.0,-6.0,-8.0,-5.0,-14.0,-5.0,-20.0,-6.0,-24.0,-7.0,-28.0,-9.0,-31.0,-10.0,-32.0,-11.0,-32.0,-12.0,-31.0,-12.0,-30.0,-12.0,-27.0,-11.0,-24.0,-8.0,-19.0,-5.0,-15.0,-1.0,-11.0,4.0,-7.0,8.0,-3.0,14.0,0.0,19.0,2.0,24.0,3.0,29.0,4.0,32.0,4.0,34.0,3.0
1.2262,122.0,-96.0,7.0,0.0,0.0,0.0,0.0,0.0,0.0,0.0,0.0,0.0,9.0,6.0,9.0,6.0,9.0,6.0,9.0,6.0,9.0,6.0,9.0,6.0,10.0,6.0,10.0,7.0,10.0,6.0,10.0,7.0,10.0,7.0,10.0,7.0,10.0,7.0,10.0,6.0,10.0,6.0,11.0,6.0,10.0,6.0,11.0,6.0,11.0,6.0,11.0,6.0,11.0,6.0,11.0,6.0,12.0,6.0,11.0,6.0,11.0,6.0,11.0,6.0
1.2305,98.0,33.0,22.0,0.0,0.0,0.0,0.0,0.0,0.0,0.0,0.0,0.0,-18.0,19.0,-19.0,17.0,-18.0,17.0,-17.0,16.0,-15.0,17.0,-9.0,11.0,-11.0,12.0,-4.0,10.0,1.0,7.0,2.0,1.0,8.0,2.0,12.0,-1.0,16.0,-7.0,15.0,-9.0,19.0,-13.0,20.0,-16.0,19.0,-20.0,18.0,-21.0,16.0,-21.0,14.0,-22.0,12.0,-19.0,9.0,-18.0,7.0,-14.0,4.0,-9.0,1.0,-4.0,-2.0,2.0
1.2481,122.0,-96.0,7.0,0.0,0.0,0.0,0.0,0.0,0.0,0.0,0.0,0.0,-10.0,-6.0,-11.0,-6.0,-10.0,-6.0,-11.0,-6.0,-11.0,-6.0,-11.0,-7.0,-11.0,-6.0,-12.0,-5.0,-11.0,-6.0,-12.0,-6.0,-12.0,-6.0,-13.0,-6.0,-12.0,-7.0,-12.0,-6.0,-13.0,-7.0,-12.0,-6.0,-12.0,-6.0,-13.0,-6.0,-13.0,-6.0,-13.0,-6.0,-13.0,-7.0,-13.0,-6.0,-13.0,-6.0,-13.0,-6.0,-13.0,-6.0,-13.0,-5.0
1.2619,122.0,-96.0,7.0,0.0,0.0,0.0,0.0,0.0,0.0,0.0,0.0,0.0,0.0,-13.0,1.0,-17.0,2.0,-21.0,2.0,-24.0,2.0,-27.0,1.0,-29.0,1.0,-30.0,1.0,-29.0,-2.0,-29.0,-1.0,-26.0,-1.0,-22.0,0.0,-18.0,1.0,-14.0,3.0,-9.0,5.0,-4.0,8.0,0.0,11.0,5.0,15.0,9.0,19.0,12.0,21.0,13.0,25.0,15.0,26.0,15.0,28.0,14.0,28.0,13.0,27.0,12.0,24.0,10.0
1.2755,122.0,-96.0,7.0,0.0,0.0,0.0,0.0,0.0,0.0,0.0,0.0,0.0,13.0,-23.0,13.0,-24.0,13.0,-25.0,12.0,-25.0,12.0,-24.0,10.0,-22.0,9.0,-19.0,8.0,-15.0,7.0,-11.0,6.0,-5.0,6.0,0.0,6.0,6.0,7.0,11.0,8.0,16.0,9.0,20.0,10.0,23.0,12.0,25.0,13.0,27.0,14.0,27.0,14.0,26.0,14.0,25.0,13.0,22.0,11.0,19.0,8.0,15.0,5.0,11.0,1.0,8.0
1.29,122.0,-96.0,7.0,0.0,0.0,0.0,0.0,0.0,0.0,0.0,0.0,0.0,3.0,10.0,2.0,14.0,3.0,18.0,3.0,21.0,4.0,23.0,5.0,25.0,6.0,25.0,7.0,25.0,7.0,23.0,6.0,21.0,4.0,18.0,3.0,14.0,1.0,11.0,-2.0,7.0,-5.0,3.0,-9.0,-1.0,-13.0,-4.0,-16.0,-6.0,-20.0,-8.0,-24.0,-8.0,-26.0,-9.0,-27.0,-8.0,-28.0,-8.0,-28.0,-7.0,-26.0,-6.0,-24.0,-5.0
1.3037,122.0,-96.0,7.0,0.0,0.0,0.0,0.0,0.0,0.0,0.0,0.0,0.0,20.0,-21.0,18.0,-19.0,16.0,-17.0,13.0,-12.0,10.0,-8.0,7.0,-3.0,6.0,2.0,4.0,8.0,4.0,14.0,4.0,20.0,4.0,24.0,5.0,28.0,6.0,31.0,8.0,32.0,9.0,33.0,10.0,32.0,10.0,30.0,9.0,27.0,8.0,23.0,6.0,19.0,2.0,14.0,-2.0,9.0,-7.0,4.0,-11.0,0.0,-16.0,-4.0,-21.0,-6.0
1.3172,122.0,-96.0,7.0,0.0,0.0,0.0,0.0,0.0,0.0,0.0,0.0,0.0,10.0,9.0,11.0,9.0,11.0,9.0,11.0,9.0,11.0,9.0,11.0,9.0,12.0,9.0,12.0,9.0,12.0,9.0,12.0,9.0,12.0,9.0,12.0,10.0,12.0,10.0,13.0,9.0,13.0,9.0,13.0,9.0,12.0,9.0,13.0,9.0,13.0,9.0,13.0,9.0,14.0,9.0,13.0,9.0,14.0,9.0,14.0,9.0,14.0,9.0,14.0,9.0
1.3312,122.0,-96.0,7.0,0.0,0.0,0.0,0.0,0.0,0.0,0.0,0.0,0.0,-15.0,-19.0,-16.0,-19.0,-17.0,-20.0,-17.0,-19.0,-17.0,-18.0,-15.0,-16.0,-14.0,-14.0,-11.0,-12.0,-7.0,-10.0,-3.0,-8.0,2.0,-5.0,7.0,-4.0,12.0,-4.0,16.0,-3.0,20.0,-3.0,23.0,-3.0,25.0,-4.0,27.0,-4.0,27.0,-5.0,27.0,-6.0,25.0,-6.0,22.0,-6.0,19.0,-5.0,15.0,-4.0,11.0,-2.0,7.0,0.0
1.3442,122.0,-96.0,7.0,0.0,0.0,0.0,0.0,0.0,0.0,0.0,0.0,0.0,-10.0,7.0,-14.0,9.0,-18.0,11.0,-21.0,12.0,-22.0,14.0,-24.0,16.0,-24.0,17.0,-23.0,18.0,-22.0,18.0,-20.0,16.0,-17.0,13.0,-15.0,10.0,-12.0,7.0,-9.0,2.0,-6.0,-2.0,-5.0,-8.0,-3.0,-14.0,-3.0,-18.0,-3.0,-23.0,-3.0,-27.0,-4.0,-30.0,-4.0,-31.0,-6.0,-32.0,-7.0,-31.0,-8.0,-30.0,-7.0,-27.0
1.3495,-63.0,16.0,12.0,0.0,0.0,0.0,0.0,0.0,0.0,0.0,0.0,0.0,-3.0,5.0,-4.0,4.0,-5.0,5.0,2.0,6.0,1.0,10.0,5.0,6.0,4.0,4.0,4.0,14.0,4.0,12.0,4.0,11.0,3.0,11.0,8.0,10.0,3.0,14.0,4.0,13.0,2.0,17.0,3.0,10.0,6.0,8.0,-6.0,8.0,-2.0,2.0,5.0,-6.0,7.0,-6.0,2.0,-19.0,14.0,-19.0,18.0,-13.0,17.0,-15.0,19.0,-18.0
1.3525,98.0,33.0,22.0,0.0,0.0,0.0,0.0,0.0,0.0,0.0,0.0,0.0,-16.0,-13.0,-16.0,-11.0,-17.0,-11.0,-15.0,-10.0,-14.0,-8.0,-14.0,-8.0,-10.0,-6.0,-9.0,-3.0,-7.0,0.0,-2.0,3.0,0.0,6.0,3.0,8.0,6.0,10.0,10.0,12.0,11.0,12.0,14.0,14.0,16.0,14.0,18.0,11.0,17.0,10.0,19.0,9.0,16.0,6.0,14.0,7.0,11.0,4.0,7.0,2.0,3.0,0.0,-3.0,-1.0
1.3693,122.0,-96.0,7.0,0.0,0.0,0.0,0.0,0.0,0.0,0.0,0.0,0.0,-12.0,0.0,-12.0,0.0,-12.0,1.0,-12.0,0.0,-12.0,0.0,-13.0,1.0,-13.0,0.0,-13.0,1.0,-13.0,1.0,-13.0,0.0,-13.0,0.0,-13.0,1.0,-13.0,0.0,-13.0,1.0,-13.0,1.0,-13.0,0.0,-14.0,1.0,-14.0,1.0,-13.0,1.0,-14.0,1.0,-13.0,1.0,-14.0,1.0,-14.0,2.0,-14.0,1.0,-14.0,1.0,-14.0,2.0
1.3815,122.0,-96.0,7.0,0.0,0.0,0.0,0.0,0.0,0.0,0.0,0.0,0.0,-11.0,5.0,-8.0,1.0,-5.0,-4.0,-3.0,-9.0,-2.0,-13.0,-1.0,-18.0,-1.0,-22.0,-1.0,-25.0,-2.0,-28.0,-2.0,-29.0,-3.0,-30.0,-4.0,-29.0,-5.0,-28.0,-6.0,-26.0,-5.0,-23.0,-3.0,-19.0,-1.0,-14.0,1.0,-10.0,5.0,-5.0,8.0,0.0,12.0,3.0,16.0,6.0,20.0,8.0,24.0,9.0,26.0,10.0,29.0,10.0
1.395,122.0,-96.0,7.0,0.0,0.0,0.0,0.0,0.0,0.0,0.0,0.0,0.0,8.0,7.0,8.0,7.0,9.0,7.0,8.0,8.0,9.0,7.0,8.0,8.0,9.0,7.0,9.0,8.0,9.0,8.0,9.0,8.0,9.0,8.0,9.0,8.0,9.0,8.0,9.0,8.0,10.0,8.0,10.0,8.0,9.0,7.0,10.0,8.0,10.0,8.0,10.0,8.0,10.0,8.0,10.0,8.0,11.0,8.0,10.0,8.0,10.0,8.0,10.0,8.0
1.4086,122.0,-96.0,7.0,0.0,0.0,0.0,0.0,0.0,0.0,0.0,0.0,0.0,-8.0,9.0,-12.0,12.0,-15.0,15.0,-18.0,17.0,-19.0,19.0,-20.0,21.0,-20.0,22.0,-19.0,22.0,-17.0,21.0,-16.0,19.0,-14.0,16.0,-12.0,12.0,-10.0,8.0,-8.0,3.0,-7.0,-2.0,-6.0,-8.0,-6.0,-14.0,-6.0,-18.0,-7.0,-23.0,-8.0,-26.0,-9.0,-29.0,-9.0,-30.0,-11.0,-31.0,-12.0,-29.0,-12.0,-27.0,-11.0,-25.0
1.4236,122.0,-96.0,7.0,0.0,0.0,0.0,0.0,0.0,0.0,0.0,0.0,0.0,-1.0,11.0,-2.0,11.0,-2.0,11.0,-1.0,11.0,-1.0,11.0,-1.0,12.0,-2.0,11.0,-1.0,12.0,-1.0,12.0,-2.0,12.0,-1.0,13.0,-2.0,12.0,-1.0,12.0,-1.0,12.0,-1.0,13.0,-1.0,13.0,-1.0,12.0,-1.0,13.0,-1.0,13.0,0.0,13.0,-1.0,13.0,-1.0,13.0,-1.0,13.0,0.0,13.0,-1.0,13.0,0.0,13.0
1.4368,122.0,-96.0,7.0,0.0,0.0,0.0,0.0,0.0,0.0,0.0,0.0,0.0,-7.0,17.0,-7.0,17.0,-7.0,17.0,-6.0,17.0,-7.0,18.0,-7.0,18.0,-7.0,18.0,-7.0,18.0,-7.0,19.0,-7.0,19.0,-7.0,18.0,-7.0,18.0,-7.0,19.0,-6.0,19.0,-7.0,19.0,-7.0,19.0,-7.0,19.0,-7.0,19.0,-7.0,19.0,-6.0,20.0,-7.0,20.0,-6.0,20.0,-6.0,20.0,-6.0,20.0,-6.0,19.0,-6.0,20.0
1.4512,122.0,-96.0,7.0,0.0,0.0,0.0,0.0,0.0,0.0,0.0,0.0,0.0,5.0,-12.0,8.0,-15.0,10.0,-19.0,12.0,-21.0,12.0,-24.0,12.0,-26.0,12.0,-27.0,11.0,-27.0,10.0,-26.0,9.0,-24.0,8.0,-20.0,7.0,-16.0,6.0,-11.0,6.0,-6.0,6.0,0.0,7.0,5.0,9.0,10.0,10.0,15.0,13.0,19.0,14.0,22.0,17.0,24.0,18.0,25.0,19.0,25.0,19.0,24.0,19.0,22.0,17.0,19.0
1.4666,122.0,-96.0,7.0,0.0,0.0,0.0,0.0,0.0,0.0,0.0,0.0,0.0,-24.0,3.0,-25.0,4.0,-26.0,5.0,-24.0,5.0,-23.0,5.0,-21.0,5.0,-18.0,4.0,-15.0,2.0,-11.0,1.0,-7.0,-3.0,-3.0,-6.0,0.0,-9.0,3.0,-13.0,6.0,-17.0,7.0,-20.0,9.0,-23.0,9.0,-25.0,9.0,-27.0,9.0,-27.0,7.0,-27.0,7.0,-25.0,6.0,-22.0,5.0,-19.0,4.0,-14.0,4.0,-9.0,4.0,-4.0
1.4701,98.0,33.0,22.0,0.0,0.0,0.0,0.0,0.0,0.0,0.0,0.0,0.0,0.0,-25.0,0.0,-26.0,0.0,-26.0,-1.0,-25.0,-1.0,-22.0,-3.0,-20.0,-3.0,-17.0,-5.0,-12.0,-5.0,-8.0,-6.0,-3.0,-7.0,2.0,-7.0,7.0,-6.0,12.0,-5.0,17.0,-4.0,20.0,-2.0,23.0,0.0,25.0,1.0,26.0,4.0,26.0,5.0,25.0,6.0,23.0,5.0,19.0,4.0,15.0,3.0,9.0,1.0,3.0,-2.0,-2.0
1.4847,122.0,-96.0,7.0,0.0,0.0,0.0,0.0,0.0,0.0,0.0,0.0,0.0,8.0,-8.0,8.0,-8.0,8.0,-8.0,8.0,-9.0,8.0,-9.0,9.0,-9.0,8.0,-9.0,8.0,-9.0,8.0,-9.0,8.0,-9.0,9.0,-9.0,9.0,-9.0,9.0,-9.0,9.0,-10.0,9.0,-10.0,9.0,-10.0,9.0,-10.0,8.0,-10.0,8.0,-10.0,9.0,-10.0,8.0,-10.0,8.0,-10.0,8.0,-11.0,8.0,-11.0,9.0,-11.0,9.0,-11.0
1.5,122.0,-96.0,7.0,0.0,0.0,0.0,0.0,0.0,0.0,0.0,0.0,0.0,-5.0,-14.0,-5.0,-14.0,-5.0,-14.0,-6.0,-15.0,-5.0,-14.0,-6.0,-15.0,-5.0,-15.0,-6.0,-15.0,-6.0,-15.0,-6.0,-16.0,-6.0,-16.0,-5.0,-15.0,-6.0,-16.0,-7.0,-15.0,-7.0,-16.0,-6.0,-16.0,-6.0,-16.0,-7.0,-16.0,-7.0,-16.0,-7.0,-16.0,-7.0,-16.0,-7.0,-16.0,-7.0,-16.0,-7.0,-17.0,-7.0,-16.0,-8.0,-16.0
1.5138,122.0,-96.0,7.0,0.0,0.0,0.0,0.0,0.0,0.0,0.0,0.0,0.0,-11.0,-8.0,-5.0,-7.0,0.0,-7.0,6.0,-8.0,12.0,-9.0,17.0,-11.0,21.0,-13.0,24.0,-15.0,26.0,-18.0,27.0,-19.0,27.0,-21.0,25.0,-21.0,23.0,-21.0,21.0,-20.0,17.0,-17.0,14.0,-13.0,11.0,-9.0,8.0,-3.0,6.0,3.0,5.0,9.0,4.0,15.0,4.0,21.0,5.0,26.0,6.0,29.0,8.0,32.0,9.0,34.0
1.5286,122.0,-96.0,7.0,0.0,0.0,0.0,0.0,0.0,0.0,0.0,0.0,0.0,-1.0,-12.0,-1.0,-12.0,-1.0,-12.0,-1.0,-13.0,-1.0,-13.0,-1.0,-13.0,-2.0,-13.0,-2.0,-13.0,-2.0,-13.0,-2.0,-13.0,-2.0,-13.0,-2.0,-13.0,-2.0,-14.0,-2.0,-14.0,-2.0,-14.0,-2.0,-14.0,-2.0,-14.0,-2.0,-14.0,-2.0,-14.0,-3.0,-14.0,-2.0,-14.0,-3.0,-14.0,-3.0,-14.0,-3.0,-14.0,-3.0,-14.0,-3.0,-14.0
1.5445,122.0,-96.0,7.0,0.0,0.0,0.0,0.0,0.0,0.0,0.0,0.0,0.0,-2.0,-12.0,1.0,-8.0,4.0,-4.0,8.0,-1.0,12.0,3.0,17.0,5.0,20.0,6.0,24.0,7.0,27.0,7.0,28.0,7.0,28.0,6.0,28.0,5.0,27.0,4.0,25.0,3.0,21.0,2.0,16.0,2.0,12.0,3.0,6.0,4.0,1.0,6.0,-4.0,8.0,-8.0,11.0,-12.0,15.0,-15.0,18.0,-17.0,20.0,-18.0,23.0,-18.0,25.0
1.5572,122.0,-96.0,7.0,0.0,0.0,0.0,0.0,0.0,0.0,0.0,0.0,0.0,-23.0,-5.0,-21.0,-4.0,-18.0,-4.0,-14.0,-4.0,-11.0,-4.0,-6.0,-5.0,-2.0,-6.0,3.0,-8.0,7.0,-10.0,11.0,-13.0,13.0,-15.0,16.0,-17.0,17.0,-19.0,17.0,-21.0,17.0,-22.0,16.0,-22.0,15.0,-21.0,13.0,-19.0,11.0,-17.0,9.0,-13.0,7.0,-9.0,6.0,-4.0,5.0,1.0,4.0,6.0,4.0,11.0,5.0,16.0
1.5694,122.0,-96.0,7.0,0.0,0.0,0.0,0.0,0.0,0.0,0.0,0.0,0.0,7.0,10.0,2.0,7.0,-4.0,5.0,-9.0,4.0,-15.0,3.0,-21.0,4.0,-25.0,4.0,-29.0,5.0,-32.0,7.0,-33.0,8.0,-33.0,10.0,-32.0,11.0,-30.0,11.0,-27.0,11.0,-23.0,9.0,-18.0,6.0,-14.0,3.0,-10.0,-2.0,-6.0,-6.0,-2.0,-11.0,1.0,-17.0,3.0,-22.0,3.0,-26.0,3.0,-31.0,3.0,-34.0,2.0,-35.0
1.5846,122.0,-96.0,7.0,0.0,0.0,0.0,0.0,0.0,0.0,0.0,0.0,0.0,-21.0,9.0,-20.0,8.0,-17.0,7.0,-14.0,5.0,-11.0,3.0,-8.0,-1.0,-5.0,-4.0,-2.0,-8.0,0.0,-12.0,1.0,-16.0,3.0,-19.0,3.0,-23.0,3.0,-25.0,2.0,-27.0,2.0,-29.0,1.0,-27.0,0.0,-27.0,0.0,-24.0,0.0,-21.0,0.0,-18.0,1.0,-13.0,2.0,-8.0,5.0,-4.0,7.0,1.0,9.0,5.0,13.0,9.0
1.5885,98.0,33.0,22.0,0.0,0.0,0.0,0.0,0.0,0.0,0.0,0.0,0.0,24.0,-18.0,21.0,-15.0,17.0,-14.0,12.0,-12.0,6.0,-12.0,0.0,-9.0,-5.0,-8.0,-11.0,-6.0,-18.0,-4.0,-20.0,-3.0,-26.0,-1.0,-29.0,1.0,-29.0,3.0,-32.0,7.0,-31.0,8.0,-28.0,10.0,-27.0,11.0,-23.0,11.0,-19.0,10.0,-12.0,8.0,-6.0,5.0,1.0,1.0,7.0,-4.0,13.0,-10.0,19.0,-13.0,24.0,-19.0
1.6019,122.0,-96.0,7.0,0.0,0.0,0.0,0.0,0.0,0.0,0.0,0.0,0.0,-11.0,3.0,-15.0,3.0,-19.0,3.0,-22.0,4.0,-24.0,5.0,-25.0,6.0,-26.0,7.0,-26.0,8.0,-24.0,8.0,-21.0,7.0,-19.0,5.0,-15.0,3.0,-12.0,2.0,-8.0,-2.0,-4.0,-5.0,-1.0,-9.0,1.0,-13.0,4.0,-17.0,5.0,-21.0,5.0,-24.0,6.0,-27.0,5.0,-28.0,4.0,-29.0,4.0,-28.0,2.0,-27.0,2.0,-24.0
1.6156,122.0,-96.0,7.0,0.0,0.0,0.0,0.0,0.0,0.0,0.0,0.0,0.0,5.0,-13.0,5.0,-14.0,5.0,-15.0,5.0,-14.0,4.0,-15.0,5.0,-15.0,5.0,-15.0,5.0,-16.0,5.0,-15.0,5.0,-16.0,5.0,-16.0,5.0,-16.0,5.0,-16.0,5.0,-16.0,5.0,-16.0,5.0,-16.0,5.0,-16.0,5.0,-16.0,5.0,-16.0,4.0,-17.0,5.0,-17.0,5.0,-17.0,4.0,-17.0,4.0,-17.0,4.0,-17.0,4.0,-18.0
1.6289,122.0,-96.0,7.0,0.0,0.0,0.0,0.0,0.0,0.0,0.0,0.0,0.0,4.0,28.0,4.0,25.0,4.0,21.0,2.0,17.0,0.0,12.0,-3.0,7.0,-7.0,2.0,-12.0,-2.0,-16.0,-5.0,-20.0,-9.0,-24.0,-11.0,-27.0,-12.0,-30.0,-13.0,-33.0,-12.0,-34.0,-11.0,-33.0,-10.0,-31.0,-8.0,-28.0,-7.0,-23.0,-6.0,-18.0,-6.0,-12.0,-6.0,-6.0,-7.0,1.0,-9.0,7.0,-10.0,12.0,-13.0,17.0,-16.0
1.6451,122.0,-96.0,7.0,0.0,0.0,0.0,0.0,0.0,0.0,0.0,0.0,0.0,-9.0,-9.0,-9.0,-8.0,-9.0,-8.0,-9.0,-9.0,-9.0,-8.0,-10.0,-9.0,-10.0,-8.0,-10.0,-8.0,-10.0,-9.0,-10.0,-9.0,-10.0,-9.0,-10.0,-9.0,-11.0,-10.0,-10.0,-9.0,-11.0,-9.0,-10.0,-9.0,-11.0,-9.0,-11.0,-9.0,-12.0,-9.0,-11.0,-9.0,-12.0,-9.0,-11.0,-9.0,-12.0,-9.0,-12.0,-9.0,-11.0,-9.0,-12.0,-9.0
1.6598,122.0,-96.0,7.0,0.0,0.0,0.0,0.0,0.0,0.0,0.0,0.0,0.0,2.0,-11.0,4.0,-15.0,5.0,-18.0,6.0,-21.0,6.0,-24.0,6.0,-26.0,5.0,-26.0,5.0,-27.0,4.0,-25.0,3.0,-23.0,3.0,-20.0,3.0,-16.0,3.0,-12.0,4.0,-7.0,5.0,-2.0,7.0,2.0,9.0,6.0,11.0,10.0,14.0,13.0,17.0,15.0,19.0,17.0,21.0,18.0,22.0,17.0,22.0,16.0,22.0,15.0,20.0,13.0
1.6766,122.0,-96.0,7.0,0.0,0.0,0.0,0.0,0.0,0.0,0.0,0.0,0.0,-7.0,-9.0,-7.0,-9.0,-7.0,-9.0,-8.0,-10.0,-8.0,-9.0,-9.0,-9.0,-9.0,-10.0,-8.0,-9.0,-9.0,-10.0,-9.0,-9.0,-9.0,-9.0,-9.0,-10.0,-9.0,-10.0,-9.0,-9.0,-10.0,-9.0,-9.0,-9.0,-9.0,-9.0,-9.0,-9.0,-10.0,-9.0,-10.0,-9.0,-10.0,-10.0,-10.0,-9.0,-10.0,-9.0,-10.0,-9.0,-10.0,-9.0,-11.0,-9.0
1.6901,122.0,-96.0,7.0,0.0,0.0,0.0,0.0,0.0,0.0,0.0,0.0,0.0,2.0,13.0,2.0,13.0,2.0,13.0,2.0,14.0,2.0,14.0,2.0,14.0,2.0,14.0,2.0,15.0,2.0,14.0,3.0,15.0,3.0,15.0,2.0,15.0,2.0,15.0,3.0,15.0,3.0,15.0,3.0,15.0,3.0,15.0,3.0,15.0,3.0,15.0,3.0,16.0,3.0,15.0,3.0,15.0,4.0,15.0,4.0,16.0,4.0,15.0,5.0,16.0
1.7054,122.0,-96.0,7.0,0.0,0.0,0.0,0.0,0.0,0.0,0.0,0.0,0.0,-10.0,5.0,-7.0,1.0,-5.0,-4.0,-4.0,-9.0,-3.0,-14.0,-3.0,-19.0,-3.0,-23.0,-4.0,-26.0,-5.0,-29.0,-5.0,-30.0,-7.0,-30.0,-7.0,-28.0,-8.0,-27.0,-8.0,-24.0,-6.0,-20.0,-5.0,-16.0,-2.0,-12.0,1.0,-8.0,6.0,-4.0,10.0,0.0,14.0,2.0,19.0,4.0,24.0,6.0,27.0,5.0,29.0,5.0,30.0,5.0
1.7195,122.0,-96.0,7.0,0.0,0.0,0.0,0.0,0.0,0.0,0.0,0.0,0.0,-20.0,-8.0,-21.0,-8.0,-22.0,-8.0,-21.0,-7.0,-21.0,-6.0,-19.0,-6.0,-16.0,-5.0,-13.0,-5.0,-9.0,-5.0,-5.0,-5.0,0.0,-6.0,4.0,-7.0,8.0,-9.0,12.0,-10.0,14.0,-12.0,17.0,-14.0,18.0,-15.0,19.0,-16.0,18.0,-17.0,18.0,-17.0,17.0,-16.0,14.0,-15.0,12.0,-13.0,9.0,-9.0,7.0,-5.0,5.0,-1.0
1.7241,98.0,33.0,22.0,0.0,0.0,0.0,0.0,0.0,0.0,0.0,0.0,0.0,10.0,-23.0,8.0,-20.0,6.0,-17.0,2.0,-13.0,-2.0,-10.0,-5.0,-7.0,-10.0,-3.0,-13.0,0.0,-17.0,4.0,-19.0,7.0,-22.0,10.0,-23.0,12.0,-23.0,15.0,-22.0,17.0,-21.0,18.0,-19.0,19.0,-16.0,17.0,-13.0,17.0,-10.0,13.0,-6.0,10.0,-2.0,5.0,1.0,-1.0,5.0,-7.0,8.0,-13.0,11.0,-20.0,13.0,-25.0
1.7397,122.0,-96.0,7.0,0.0,0.0,0.0,0.0,0.0,0.0,0.0,0.0,0.0,-5.0,13.0,-4.0,13.0,-4.0,14.0,-4.0,14.0,-4.0,14.0,-4.0,15.0,-4.0,15.0,-4.0,15.0,-4.0,15.0,-5.0,15.0,-4.0,15.0,-5.0,15.0,-5.0,15.0,-4.0,15.0,-4.0,16.0,-4.0,15.0,-4.0,15.0,-4.0,16.0,-4.0,16.0,-4.0,16.0,-3.0,16.0,-4.0,16.0,-4.0,16.0,-4.0,17.0,-4.0,17.0,-3.0,17.0
1.7525,122.0,-96.0,7.0,0.0,0.0,0.0,0.0,0.0,0.0,0.0,0.0,0.0,-11.0,22.0,-10.0,20.0,-9.0,17.0,-8.0,13.0,-7.0,9.0,-7.0,4.0,-7.0,-2.0,-8.0,-7.0,-9.0,-12.0,-10.0,-16.0,-12.0,-20.0,-14.0,-23.0,-16.0,-25.0,-18.0,-25.0,-19.0,-25.0,-19.0,-24.0,-18.0,-22.0,-17.0,-19.0,-14.0,-16.0,-11.0,-13.0,-6.0,-11.0,-1.0,-8.0,5.0,-6.0,10.0,-4.0,15.0,-3.0,20.0,-3.0
1.7668,122.0,-96.0,7.0,0.0,0.0,0.0,0.0,0.0,0.0,0.0,0.0,0.0,-13.0,-2.0,-8.0,-4.0,-3.0,-6.0,1.0,-10.0,6.0,-14.0,10.0,-17.0,12.0,-21.0,14.0,-24.0,15.0,-28.0,15.0,-30.0,15.0,-31.0,13.0,-31.0,12.0,-29.0,10.0,-28.0,8.0,-24.0,7.0,-20.0,6.0,-14.0,6.0,-9.0,7.0,-2.0,8.0,4.0,9.0,10.0,12.0,15.0,15.0,20.0,18.0,23.0,20.0,25.0,22.0,26.0
1.7817,122.0,-96.0,7.0,0.0,0.0,0.0,0.0,0.0,0.0,0.0,0.0,0.0,10.0,-4.0,7.0,-1.0,4.0,3.0,2.0,8.0,0.0,13.0,-1.0,17.0,-2.0,21.0,-2.0,25.0,-1.0,27.0,-1.0,29.0,0.0,29.0,1.0,29.0,2.0,27.0,3.0,25.0,2.0,21.0,1.0,17.0,0.0,12.0,-3.0,8.0,-7.0,3.0,-10.0,-2.0,-14.0,-6.0,-18.0,-8.0,-22.0,-11.0,-25.0,-12.0,-28.0,-12.0,-29.0,-12.0
1.7964,122.0,-96.0,7.0,0.0,0.0,0.0,0.0,0.0,0.0,0.0,0.0,0.0,11.0,2.0,15.0,5.0,19.0,6.0,22.0,7.0,25.0,8.0,27.0,7.0,28.0,7.0,28.0,6.0,27.0,5.0,24.0,4.0,20.0,4.0,16.0,4.0,11.0,4.0,6.0,5.0,1.0,6.0,-4.0,8.0,-10.0,10.0,-14.0,13.0,-17.0,16.0,-20.0,19.0,-21.0,21.0,-22.0,22.0,-22.0,24.0,-20.0,23.0,-18.0,23.0,-16.0,21.0
1.8149,122.0,-96.0,7.0,0.0,0.0,0.0,0.0,0.0,0.0,0.0,0.0,0.0,-5.0,10.0,-8.0,13.0,-10.0,16.0,-11.0,18.0,-12.0,21.0,-12.0,23.0,-12.0,23.0,-11.0,24.0,-10.0,22.0,-9.0,20.0,-8.0,17.0,-7.0,13.0,-6.0,9.0,-6.0,4.0,-6.0,-1.0,-7.0,-5.0,-8.0,-11.0,-10.0,-14.0,-12.0,-18.0,-14.0,-21.0,-16.0,-23.0,-16.0,-23.0,-18.0,-23.0,-18.0,-22.0,-18.0,-21.0,-17.0,-18.0
1.8274,122.0,-96.0,7.0,0.0,0.0,0.0,0.0,0.0,0.0,0.0,0.0,0.0,-14.0,3.0,-15.0,3.0,-15.0,3.0,-15.0,3.0,-15.0,3.0,-16.0,4.0,-16.0,3.0,-16.0,4.0,-16.0,4.0,-16.0,4.0,-16.0,4.0,-16.0,4.0,-16.0,4.0,-16.0,4.0,-16.0,4.0,-16.0,4.0,-17.0,4.0,-16.0,4.0,-16.0,5.0,-17.0,5.0,-17.0,5.0,-17.0,5.0,-16.0,5.0,-17.0,5.0,-17.0,5.0,-17.0,6.0
1.8437,122.0,-96.0,7.0,0.0,0.0,0.0,0.0,0.0,0.0,0.0,0.0,0.0,-7.0,-10.0,-3.0,-7.0,3.0,-5.0,7.0,-4.0,12.0,-3.0,18.0,-3.0,21.0,-3.0,24.0,-4.0,27.0,-5.0,28.0,-6.0,28.0,-7.0,28.0,-8.0,26.0,-9.0,24.0,-9.0,20.0,-7.0,16.0,-5.0,12.0,-3.0,8.0,1.0,4.0,5.0,0.0,9.0,-3.0,14.0,-6.0,18.0,-7.0,22.0,-6.0,26.0,-7.0,28.0,-6.0,30.0
1.8586,122.0,-96.0,7.0,0.0,0.0,0.0,0.0,0.0,0.0,0.0,0.0,0.0,22.0,-5.0,24.0,-6.0,24.0,-7.0,23.0,-7.0,22.0,-7.0,20.0,-7.0,18.0,-6.0,14.0,-4.0,11.0,-2.0,7.0,1.0,3.0,4.0,-1.0,8.0,-3.0,12.0,-6.0,15.0,-8.0,19.0,-9.0,21.0,-10.0,24.0,-10.0,25.0,-10.0,26.0,-9.0,26.0,-8.0,25.0,-7.0,22.0,-6.0,19.0,-5.0,15.0,-4.0,10.0,-5.0,5.0
1.8737,122.0,-96.0,7.0,0.0,0.0,0.0,0.0,0.0,0.0,0.0,0.0,0.0,4.0,-11.0,6.0,-14.0,8.0,-17.0,10.0,-20.0,10.0,-22.0,11.0,-24.0,10.0,-25.0,8.0,-25.0,8.0,-24.0,7.0,-21.0,7.0,-18.0,6.0,-14.0,5.0,-11.0,5.0,-5.0,5.0,-1.0,6.0,4.0,8.0,9.0,9.0,13.0,12.0,17.0,14.0,19.0,16.0,21.0,17.0,21.0,18.0,21.0,18.0,20.0,18.0,19.0,16.0,16.0
1.8869,122.0,-96.0,7.0,0.0,0.0,0.0,0.0,0.0,0.0,0.0,0.0,0.0,8.0,6.0,9.0,7.0,9.0,7.0,9.0,7.0,9.0,7.0,9.0,7.0,9.0,7.0,10.0,7.0,9.0,7.0,10.0,7.0,10.0,7.0,10.0,7.0,10.0,7.0,10.0,7.0,10.0,8.0,10.0,7.0,10.0,7.0,11.0,7.0,10.0,7.0,10.0,7.0,10.0,8.0,10.0,7.0,11.0,7.0,11.0,7.0,11.0,7.0,11.0,7.0
1.9013,122.0,-96.0,7.0,0.0,0.0,0.0,0.0,0.0,0.0,0.0,0.0,0.0,2.0,-14.0,2.0,-15.0,2.0,-15.0,2.0,-16.0,1.0,-16.0,2.0,-16.0,2.0,-16.0,2.0,-16.0,2.0,-16.0,1.0,-16.0,1.0,-16.0,2.0,-17.0,2.0,-17.0,1.0,-16.0,1.0,-17.0,1.0,-17.0,1.0,-17.0,1.0,-17.0,1.0,-18.0,1.0,-17.0,1.0,-17.0,1.0,-17.0,0.0,-17.0,0.0,-18.0,0.0,-18.0,0.0,-18.0
1.9153,122.0,-96.0,7.0,0.0,0.0,0.0,0.0,0.0,0.0,0.0,0.0,0.0,-8.0,-9.0,-10.0,-13.0,-12.0,-16.0,-13.0,-19.0,-15.0,-20.0,-17.0,-21.0,-17.0,-21.0,-17.0,-20.0,-17.0,-18.0,-15.0,-17.0,-12.0,-14.0,-9.0,-12.0,-6.0,-9.0,-2.0,-7.0,3.0,-5.0,8.0,-4.0,13.0,-3.0,17.0,-2.0,21.0,-3.0,24.0,-4.0,26.0,-4.0,27.0,-5.0,28.0,-6.0,26.0,-7.0,24.0,-8.0,21.0,-7.0
1.929,122.0,-96.0,7.0,0.0,0.0,0.0,0.0,0.0,0.0,0.0,0.0,0.0,8.0,20.0,7.0,18.0,7.0,16.0,4.0,12.0,2.0,9.0,-1.0,6.0,-5.0,3.0,-9.0,0.0,-14.0,-1.0,-17.0,-4.0,-20.0,-5.0,-23.0,-6.0,-26.0,-6.0,-27.0,-5.0,-28.0,-4.0,-27.0,-3.0,-25.0,-2.0,-23.0,-2.0,-19.0,-1.0,-15.0,-2.0,-10.0,-3.0,-6.0,-4.0,-1.0,-7.0,4.0,-9.0,8.0,-11.0,11.0,-15.0
1.9419,122.0,-96.0,7.0,0.0,0.0,0.0,0.0,0.0,0.0,0.0,0.0,0.0,19.0,12.0,17.0,10.0,15.0,9.0,11.0,8.0,8.0,6.0,3.0,5.0,-2.0,5.0,-6.0,5.0,-11.0,6.0,-15.0,7.0,-19.0,7.0,-21.0,9.0,-24.0,10.0,-25.0,12.0,-25.0,13.0,-24.0,13.0,-22.0,13.0,-20.0,12.0,-17.0,10.0,-14.0,8.0,-11.0,4.0,-8.0,0.0,-5.0,-4.0,-3.0,-8.0,-1.0,-13.0,0.0,-18.0
1.9457,98.0,33.0,22.0,0.0,0.0,0.0,0.0,0.0,0.0,0.0,0.0,0.0,-11.0,-23.0,-11.0,-23.0,-12.0,-23.0,-11.0,-21.0,-11.0,-19.0,-10.0,-16.0,-10.0,-12.0,-8.0,-7.0,-7.0,-3.0,-6.0,2.0,-4.0,7.0,-2.0,11.0,1.0,15.0,3.0,18.0,6.0,20.0,9.0,22.0,12.0,22.0,14.0,23.0,16.0,21.0,16.0,19.0,16.0,17.0,13.0,14.0,11.0,11.0,7.0,6.0,2.0,2.0,-3.0,-1.0
1.9606,122.0,-96.0,7.0,0.0,0.0,0.0,0.0,0.0,0.0,0.0,0.0,0.0,2.0,-23.0,1.0,-26.0,1.0,-26.0,1.0,-25.0,0.0,-24.0,-1.0,-22.0,0.0,-19.0,0.0,-16.0,1.0,-12.0,3.0,-7.0,5.0,-3.0,7.0,2.0,10.0,6.0,13.0,9.0,16.0,12.0,18.0,14.0,21.0,15.0,22.0,15.0,23.0,15.0,23.0,14.0,22.0,13.0,20.0,11.0,17.0,9.0,14.0,8.0,9.0,6.0,4.0,5.0
1.9764,122.0,-96.0,7.0,0.0,0.0,0.0,0.0,0.0,0.0,0.0,0.0,0.0,-18.0,-7.0,-19.0,-6.0,-19.0,-6.0,-19.0,-6.0,-20.0,-7.0,-20.0,-7.0,-20.0,-6.0,-21.0,-6.0,-20.0,-7.0,-20.0,-6.0,-21.0,-7.0,-21.0,-7.0,-21.0,-7.0,-21.0,-6.0,-22.0,-6.0,-22.0,-5.0,-22.0,-6.0,-22.0,-5.0,-23.0,-6.0,-22.0,-6.0,-22.0,-5.0,-23.0,-5.0,-22.0,-5.0,-22.0,-5.0,-23.0,-5.0,-24.0,-5.0
1.9895,122.0,-96.0,7.0,0.0,0.0,0.0,0.0,0.0,0.0,0.0,0.0,0.0,6.0,-11.0,6.0,-12.0,6.0,-12.0,6.0,-12.0,6.0,-12.0,6.0,-12.0,6.0,-13.0,6.0,-13.0,6.0,-12.0,6.0,-13.0,7.0,-13.0,6.0,-13.0,7.0,-13.0,6.0,-13.0,6.0,-14.0,6.0,-14.0,6.0,-13.0,6.0,-14.0,6.0,-14.0,6.0,-14.0,6.0,-14.0,6.0,-14.0,6.0,-15.0,6.0,-14.0,6.0,-14.0,5.0,-15.0
2.0034,122.0,-96.0,7.0,0.0,0.0,0.0,0.0,0.0,0.0,0.0,0.0,0.0,1.0,12.0,0.0,16.0,0.0,20.0,0.0,23.0,0.0,26.0,1.0,28.0,2.0,29.0,3.0,29.0,3.0,27.0,3.0,24.0,2.0,20.0,1.0,16.0,0.0,12.0,-3.0,8.0,-6.0,3.0,-10.0,-2.0,-14.0,-6.0,-17.0,-9.0,-22.0,-11.0,-25.0,-13.0,-28.0,-14.0,-29.0,-14.0,-30.0,-13.0,-29.0,-11.0,-29.0,-10.0,-26.0,-8.0
2.0184,122.0,-96.0,7.0,0.0,0.0,0.0,0.0,0.0,0.0,0.0,0.0,0.0,-18.0,14.0,-16.0,13.0,-14.0,11.0,-12.0,8.0,-9.0,5.0,-7.0,1.0,-6.0,-4.0,-4.0,-8.0,-3.0,-13.0,-3.0,-16.0,-3.0,-20.0,-3.0,-23.0,-4.0,-26.0,-6.0,-27.0,-6.0,-28.0,-7.0,-27.0,-7.0,-25.0,-7.0,-22.0,-6.0,-19.0,-5.0,-16.0,-2.0,-12.0,1.0,-8.0,4.0,-4.0,8.0,0.0,11.0,3.0,16.0,4.0
2.0317,122.0,-96.0,7.0,0.0,0.0,0.0,0.0,0.0,0.0,0.0,0.0,0.0,12.0,2.0,13.0,2.0,12.0,1.0,13.0,2.0,13.0,2.0,13.0,2.0,13.0,2.0,13.0,2.0,13.0,2.0,13.0,2.0,14.0,2.0,14.0,2.0,14.0,2.0,14.0,1.0,14.0,2.0,14.0,2.0,14.0,1.0,14.0,2.0,15.0,2.0,14.0,1.0,14.0,1.0,15.0,1.0,15.0,1.0,15.0,1.0,15.0,1.0,15.0,1.0
2.0455,122.0,-96.0,7.0,0.0,0.0,0.0,0.0,0.0,0.0,0.0,0.0,0.0,21.0,-10.0,19.0,-9.0,16.0,-8.0,13.0,-6.0,10.0,-4.0,7.0,-1.0,4.0,3.0,1.0,7.0,-1.0,11.0,-2.0,15.0,-4.0,18.0,-4.0,21.0,-4.0,24.0,-4.0,26.0,-3.0,27.0,-2.0,26.0,-2.0,25.0,-1.0,23.0,-1.0,20.0,-1.0,16.0,-2.0,12.0,-4.0,7.0,-5.0,3.0,-8.0,-2.0,-10.0,-6.0,-13.0,-10.0
2.0599,122.0,-96.0,7.0,0.0,0.0,0.0,0.0,0.0,0.0,0.0,0.0,0.0,10.0,-10.0,10.0,-10.0,11.0,-10.0,11.0,-11.0,11.0,-10.0,11.0,-11.0,11.0,-10.0,11.0,-11.0,11.0,-11.0,11.0,-11.0,11.0,-11.0,12.0,-11.0,12.0,-11.0,11.0,-12.0,11.0,-13.0,12.0,-12.0,11.0,-12.0,11.0,-13.0,11.0,-13.0,11.0,-13.0,11.0,-13.0,11.0,-13.0,11.0,-14.0,11.0,-13.0,11.0,-13.0,11.0,-14.0
2.0782,122.0,-96.0,7.0,0.0,0.0,0.0,0.0,0.0,0.0,0.0,0.0,0.0,-11.0,-4.0,-14.0,-6.0,-17.0,-8.0,-20.0,-9.0,-22.0,-10.0,-25.0,-10.0,-25.0,-9.0,-26.0,-8.0,-25.0,-7.0,-22.0,-7.0,-19.0,-7.0,-16.0,-6.0,-12.0,-6.0,-7.0,-5.0,-2.0,-6.0,2.0,-7.0,7.0,-9.0,12.0,-10.0,15.0,-13.0,18.0,-15.0,20.0,-17.0,20.0,-18.0,20.0,-20.0,20.0,-20.0,18.0,-20.0,16.0,-19.0
2.0925,122.0,-96.0,7.0,0.0,0.0,0.0,0.0,0.0,0.0,0.0,0.0,0.0,14.0,-3.0,13.0,-2.0,14.0,-3.0,14.0,-3.0,14.0,-2.0,14.0,-3.0,15.0,-3.0,15.0,-3.0,14.0,-3.0,15.0,-3.0,15.0,-3.0,15.0,-3.0,16.0,-3.0,15.0,-3.0,15.0,-3.0,16.0,-4.0,15.0,-4.0,16.0,-4.0,15.0,-4.0,16.0,-4.0,16.0,-4.0,16.0,-4.0,16.0,-4.0,16.0,-4.0,16.0,-4.0,16.0,-4.0
2.107,122.0,-96.0,7.0,0.0,0.0,0.0,0.0,0.0,0.0,0.0,0.0,0.0,13.0,-5.0,13.0,-5.0,13.0,-5.0,14.0,-6.0,13.0,-5.0,14.0,-5.0,14.0,-6.0,14.0,-6.0,14.0,-6.0,14.0,-6.0,15.0,-6.0,15.0,-6.0,15.0,-6.0,15.0,-6.0,14.0,-7.0,15.0,-7.0,15.0,-6.0,15.0,-7.0,15.0,-7.0,15.0,-7.0,15.0,-7.0,15.0,-7.0,15.0,-8.0,15.0,-7.0,15.0,-8.0,15.0,-8.0
2.1195,122.0,-96.0,7.0,0.0,0.0,0.0,0.0,0.0,0.0,0.0,0.0,0.0,-13.0,2.0,-17.0,2.0,-21.0,1.0,-25.0,2.0,-27.0,2.0,-29.0,3.0,-29.0,4.0,-29.0,5.0,-27.0,5.0,-25.0,5.0,-21.0,3.0,-17.0,2.0,-13.0,0.0,-8.0,-3.0,-4.0,-6.0,0.0,-10.0,4.0,-14.0,7.0,-17.0,9.0,-22.0,11.0,-25.0,12.0,-28.0,12.0,-29.0,11.0,-30.0,10.0,-29.0,8.0,-29.0,7.0,-26.0
2.1335,122.0,-96.0,7.0,0.0,0.0,0.0,0.0,0.0,0.0,0.0,0.0,0.0,-23.0,-8.0,-24.0,-8.0,-25.0,-8.0,-24.0,-7.0,-23.0,-6.0,-21.0,-6.0,-18.0,-5.0,-15.0,-5.0,-10.0,-5.0,-5.0,-6.0,-1.0,-6.0,4.0,-8.0,9.0,-10.0,13.0,-11.0,16.0,-13.0,19.0,-15.0,20.0,-17.0,21.0,-17.0,21.0,-19.0,19.0,-19.0,18.0,-18.0,16.0,-16.0,13.0,-14.0,10.0,-10.0,7.0,-6.0,6.0,-2.0
2.1476,122.0,-96.0,7.0,0.0,0.0,0.0,0.0,0.0,0.0,0.0,0.0,0.0,-20.0,-12.0,-18.0,-11.0,-15.0,-10.0,-12.0,-9.0,-8.0,-7.0,-3.0,-6.0,1.0,-6.0,6.0,-6.0,11.0,-6.0,15.0,-8.0,18.0,-9.0,21.0,-10.0,23.0,-11.0,24.0,-13.0,24.0,-14.0,23.0,-14.0,21.0,-14.0,18.0,-12.0,15.0,-10.0,12.0,-8.0,9.0,-4.0,6.0,0.0,3.0,4.0,1.0,9.0,-1.0,13.0,-2.0,18.0
2.1604,122.0,-96.0,7.0,0.0,0.0,0.0,0.0,0.0,0.0,0.0,0.0,0.0,16.0,-17.0,17.0,-18.0,17.0,-19.0,16.0,-19.0,15.0,-18.0,13.0,-17.0,12.0,-15.0,10.0,-11.0,8.0,-8.0,7.0,-3.0,5.0,1.0,4.0,7.0,4.0,11.0,3.0,15.0,4.0,20.0,4.0,23.0,5.0,25.0,5.0,26.0,6.0,27.0,7.0,26.0,7.0,25.0,7.0,22.0,6.0,19.0,4.0,15.0,2.0,11.0,-1.0,7.0
2.1737,122.0,-96.0,7.0,0.0,0.0,0.0,0.0,0.0,0.0,0.0,0.0,0.0,-11.0,3.0,-16.0,3.0,-19.0,3.0,-22.0,3.0,-24.0,4.0,-26.0,6.0,-26.0,6.0,-25.0,7.0,-24.0,7.0,-21.0,7.0,-18.0,5.0,-15.0,3.0,-12.0,1.0,-8.0,-2.0,-4.0,-5.0,-1.0,-9.0,2.0,-13.0,4.0,-16.0,6.0,-21.0,7.0,-24.0,7.0,-26.0,7.0,-27.0,6.0,-28.0,5.0,-28.0,4.0,-27.0,3.0,-24.0
2.1869,122.0,-96.0,7.0,0.0,0.0,0.0,0.0,0.0,0.0,0.0,0.0,0.0,14.0,1.0,18.0,3.0,23.0,4.0,26.0,4.0,29.0,5.0,32.0,4.0,33.0,3.0,32.0,2.0,30.0,1.0,27.0,1.0,23.0,1.0,17.0,2.0,12.0,3.0,6.0,5.0,0.0,7.0,-5.0,10.0,-10.0,14.0,-14.0,17.0,-18.0,21.0,-20.0,24.0,-21.0,27.0,-21.0,29.0,-21.0,29.0,-19.0,28.0,-17.0,27.0,-15.0,24.0
2.2031,122.0,-96.0,7.0,0.0,0.0,0.0,0.0,0.0,0.0,0.0,0.0,0.0,11.0,22.0,10.0,20.0,9.0,18.0,7.0,14.0,4.0,11.0,0.0,8.0,-4.0,4.0,-9.0,2.0,-13.0,0.0,-18.0,-2.0,-21.0,-3.0,-25.0,-4.0,-28.0,-4.0,-31.0,-3.0,-31.0,-2.0,-30.0,-1.0,-29.0,-1.0,-27.0,0.0,-23.0,0.0,-19.0,0.0,-15.0,-1.0,-9.0,-3.0,-4.0,-6.0,1.0,-8.0,5.0,-11.0,9.0,-15.0
2.2175,122.0,-96.0,7.0,0.0,0.0,0.0,0.0,0.0,0.0,0.0,0.0,0.0,-21.0,-4.0,-23.0,-3.0,-23.0,-3.0,-23.0,-3.0,-22.0,-2.0,-20.0,-2.0,-17.0,-2.0,-14.0,-2.0,-10.0,-3.0,-6.0,-4.0,-2.0,-5.0,2.0,-7.0,6.0,-10.0,9.0,-12.0,12.0,-14.0,14.0,-16.0,15.0,-18.0,16.0,-19.0,16.0,-20.0,15.0,-20.0,14.0,-19.0,12.0,-17.0,10.0,-15.0,8.0,-12.0,6.0,-8.0,5.0,-4.0
2.2328,122.0,-96.0,7.0,0.0,0.0,0.0,0.0,0.0,0.0,0.0,0.0,0.0,-7.0,-13.0,-7.0,-13.0,-7.0,-14.0,-7.0,-14.0,-7.0,-14.0,-8.0,-14.0,-8.0,-14.0,-8.0,-14.0,-8.0,-14.0,-8.0,-14.0,-8.0,-15.0,-8.0,-14.0,-8.0,-15.0,-8.0,-15.0,-9.0,-14.0,-9.0,-15.0,-9.0,-15.0,-9.0,-15.0,-9.0,-15.0,-10.0,-15.0,-9.0,-15.0,-10.0,-14.0,-10.0,-15.0,-10.0,-15.0,-9.0,-15.0,-10.0,-15.0
2.2478,122.0,-96.0,7.0,0.0,0.0,0.0,0.0,0.0,0.0,0.0,0.0,0.0,-20.0,11.0,-19.0,10.0,-16.0,8.0,-13.0,6.0,-10.0,3.0,-7.0,0.0,-5.0,-4.0,-3.0,-8.0,-1.0,-12.0,1.0,-17.0,2.0,-20.0,2.0,-23.0,2.0,-26.0,1.0,-27.0,0.0,-28.0,-1.0,-27.0,-2.0,-26.0,-2.0,-23.0,-1.0,-20.0,-1.0,-16.0,1.0,-12.0,2.0,-7.0,5.0,-3.0,7.0,2.0,10.0,6.0,14.0,9.0
2.2621,122.0,-96.0,7.0,0.0,0.0,0.0,0.0,0.0,0.0,0.0,0.0,0.0,-4.0,13.0,-4.0,14.0,-4.0,14.0,-5.0,14.0,-4.0,14.0,-5.0,15.0,-4.0,14.0,-4.0,15.0,-5.0,15.0,-5.0,15.0,-4.0,15.0,-5.0,15.0,-5.0,15.0,-4.0,16.0,-4.0,16.0,-4.0,15.0,-3.0,16.0,-4.0,16.0,-4.0,16.0,-4.0,16.0,-3.0,16.0,-3.0,16.0,-3.0,16.0,-3.0,16.0,-3.0,17.0,-3.0,17.0
2.2777,122.0,-96.0,7.0,0.0,0.0,0.0,0.0,0.0,0.0,0.0,0.0,0.0,-9.0,-10.0,-4.0,-8.0,2.0,-6.0,8.0,-6.0,13.0,-5.0,19.0,-6.0,23.0,-7.0,27.0,-8.0,30.0,-10.0,31.0,-11.0,31.0,-12.0,30.0,-13.0,28.0,-13.0,25.0,-13.0,22.0,-11.0,17.0,-9.0,13.0,-5.0,9.0,-1.0,5.0,5.0,1.0,10.0,-1.0,15.0,-3.0,21.0,-4.0,26.0,-4.0,30.0,-4.0,33.0,-3.0,34.0
2.2819,98.0,33.0,22.0,0.0,0.0,0.0,0.0,0.0,0.0,0.0,0.0,0.0,3.0,10.0,6.0,7.0,10.0,3.0,14.0,1.0,17.0,-2.0,20.0,-5.0,22.0,-7.0,24.0,-8.0,24.0,-10.0,24.0,-11.0,23.0,-13.0,21.0,-14.0,18.0,-13.0,15.0,-12.0,10.0,-11.0,6.0,-10.0,1.0,-7.0,-3.0,-3.0,-8.0,2.0,-12.0,6.0,-16.0,11.0,-19.0,15.0,-22.0,20.0,-23.0,23.0,-24.0,26.0,-25.0,27.0
2.2962,122.0,-96.0,7.0,0.0,0.0,0.0,0.0,0.0,0.0,0.0,0.0,0.0,-9.0,-12.0,-12.0,-16.0,-14.0,-20.0,-16.0,-23.0,-18.0,-26.0,-20.0,-26.0,-22.0,-26.0,-22.0,-25.0,-21.0,-23.0,-19.0,-21.0,-15.0,-18.0,-11.0,-15.0,-7.0,-12.0,-1.0,-9.0,4.0,-6.0,10.0,-5.0,16.0,-4.0,22.0,-3.0,26.0,-4.0,30.0,-5.0,33.0,-5.0,34.0,-7.0,35.0,-7.0,33.0,-7.0,31.0,-8.0,27.0,-8.0
2.3102,122.0,-96.0,7.0,0.0,0.0,0.0,0.0,0.0,0.0,0.0,0.0,0.0,13.0,-26.0,14.0,-28.0,13.0,-29.0,13.0,-29.0,12.0,-28.0,10.0,-26.0,8.0,-22.0,8.0,-18.0,7.0,-12.0,7.0,-6.0,6.0,0.0,7.0,6.0,8.0,12.0,9.0,17.0,12.0,22.0,13.0,26.0,15.0,28.0,16.0,30.0,17.0,29.0,18.0,29.0,17.0,27.0,16.0,24.0,14.0,21.0,11.0,16.0,6.0,12.0,2.0,9.0
2.3262,122.0,-96.0,7.0,0.0,0.0,0.0,0.0,0.0,0.0,0.0,0.0,0.0,9.0,-8.0,14.0,-10.0,17.0,-12.0,20.0,-13.0,22.0,-15.0,23.0,-17.0,23.0,-19.0,22.0,-19.0,21.0,-19.0,18.0,-17.0,16.0,-14.0,13.0,-10.0,10.0,-7.0,7.0,-2.0,5.0,2.0,3.0,7.0,2.0,13.0,1.0,18.0,1.0,23.0,1.0,26.0,3.0,29.0,3.0,31.0,4.0,31.0,4.0,30.0,6.0,29.0,5.0,25.0
2.3399,122.0,-96.0,7.0,0.0,0.0,0.0,0.0,0.0,0.0,0.0,0.0,0.0,3.0,-11.0,4.0,-6.0,5.0,0.0,7.0,4.0,9.0,9.0,12.0,13.0,15.0,15.0,17.0,18.0,20.0,19.0,21.0,19.0,22.0,19.0,22.0,18.0,21.0,16.0,20.0,14.0,17.0,12.0,12.0,9.0,8.0,7.0,2.0,6.0,-3.0,6.0,-9.0,5.0,-14.0,6.0,-19.0,7.0,-23.0,9.0,-26.0,10.0,-28.0,12.0,-29.0,13.0
2.3533,122.0,-96.0,7.0,0.0,0.0,0.0,0.0,0.0,0.0,0.0,0.0,0.0,19.0,7.0,21.0,7.0,21.0,6.0,21.0,6.0,20.0,5.0,18.0,4.0,15.0,4.0,12.0,4.0,8.0,4.0,3.0,4.0,-1.0,4.0,-5.0,6.0,-9.0,8.0,-13.0,9.0,-16.0,11.0,-17.0,12.0,-20.0,14.0,-20.0,15.0,-20.0,16.0,-19.0,16.0,-18.0,15.0,-15.0,13.0,-13.0,11.0,-11.0,8.0,-8.0,4.0,-6.0,0.0
2.369,122.0,-96.0,7.0,0.0,0.0,0.0,0.0,0.0,0.0,0.0,0.0,0.0,-7.0,-22.0,-6.0,-20.0,-5.0,-18.0,-4.0,-14.0,-2.0,-10.0,1.0,-7.0,4.0,-4.0,8.0,0.0,12.0,3.0,16.0,4.0,18.0,6.0,21.0,7.0,24.0,7.0,26.0,6.0,26.0,6.0,26.0,5.0,24.0,4.0,21.0,4.0,18.0,3.0,14.0,3.0,9.0,3.0,4.0,4.0,-1.0,6.0,-6.0,7.0,-10.0,9.0,-14.0,12.0
2.383,122.0,-96.0,7.0,0.0,0.0,0.0,0.0,0.0,0.0,0.0,0.0,0.0,-10.0,3.0,-7.0,0.0,-4.0,-5.0,-2.0,-9.0,0.0,-14.0,1.0,-19.0,1.0,-23.0,1.0,-26.0,1.0,-29.0,0.0,-30.0,-1.0,-30.0,-1.0,-29.0,-2.0,-27.0,-3.0,-25.0,-2.0,-21.0,-2.0,-17.0,0.0,-12.0,3.0,-7.0,6.0,-2.0,9.0,2.0,13.0,6.0,17.0,9.0,21.0,11.0,24.0,12.0,27.0,12.0,28.0,12.0
2.3968,122.0,-96.0,7.0,0.0,0.0,0.0,0.0,0.0,0.0,0.0,0.0,0.0,12.0,-27.0,11.0,-25.0,10.0,-21.0,8.0,-17.0,7.0,-11.0,6.0,-6.0,6.0,0.0,7.0,6.0,8.0,12.0,10.0,16.0,12.0,21.0,14.0,24.0,16.0,27.0,18.0,28.0,20.0,28.0,20.0,26.0,19.0,25.0,17.0,21.0,15.0,19.0,11.0,15.0,7.0,12.0,1.0,8.0,-4.0,6.0,-10.0,3.0,-16.0,2.0,-22.0,1.0
2.4095,122.0,-96.0,7.0,0.0,0.0,0.0,0.0,0.0,0.0,0.0,0.0,0.0,-12.0,0.0,-15.0,-1.0,-19.0,-1.0,-22.0,-1.0,-24.0,-1.0,-27.0,0.0,-27.0,1.0,-27.0,2.0,-25.0,2.0,-23.0,2.0,-20.0,1.0,-16.0,1.0,-13.0,0.0,-8.0,-3.0,-4.0,-5.0,0.0,-8.0,4.0,-11.0,7.0,-14.0,9.0,-18.0,11.0,-21.0,12.0,-24.0,12.0,-25.0,11.0,-26.0,11.0,-26.0,9.0,-26.0,8.0,-24.0
2.4233,122.0,-96.0,7.0,0.0,0.0,0.0,0.0,0.0,0.0,0.0,0.0,0.0,17.0,14.0,20.0,14.0,20.0,14.0,20.0,14.0,20.0,12.0,18.0,11.0,16.0,10.0,12.0,9.0,9.0,7.0,4.0,6.0,-1.0,5.0,-6.0,5.0,-11.0,5.0,-15.0,5.0,-19.0,6.0,-22.0,7.0,-25.0,8.0,-26.0,9.0,-27.0,10.0,-26.0,11.0,-25.0,11.0,-22.0,10.0,-20.0,9.0,-16.0,7.0,-12.0,5.0,-9.0,1.0
2.4395,122.0,-96.0,7.0,0.0,0.0,0.0,0.0,0.0,0.0,0.0,0.0,0.0,-12.0,-2.0,-12.0,-2.0,-12.0,-2.0,-12.0,-2.0,-12.0,-2.0,-13.0,-2.0,-13.0,-2.0,-13.0,-2.0,-13.0,-2.0,-13.0,-3.0,-13.0,-2.0,-13.0,-3.0,-13.0,-3.0,-13.0,-3.0,-13.0,-2.0,-13.0,-2.0,-13.0,-2.0,-14.0,-2.0,-14.0,-2.0,-14.0,-2.0,-14.0,-1.0,-14.0,-1.0,-14.0,-2.0,-14.0,-2.0,-14.0,-2.0,-14.0,-2.0
2.4529,122.0,-96.0,7.0,0.0,0.0,0.0,0.0,0.0,0.0,0.0,0.0,0.0,-15.0,-19.0,-17.0,-20.0,-17.0,-19.0,-17.0,-19.0,-17.0,-17.0,-16.0,-16.0,-13.0,-14.0,-10.0,-12.0,-7.0,-10.0,-2.0,-8.0,2.0,-5.0,7.0,-4.0,12.0,-4.0,16.0,-2.0,20.0,-2.0,23.0,-2.0,26.0,-3.0,27.0,-3.0,27.0,-4.0,26.0,-4.0,26.0,-4.0,23.0,-4.0,20.0,-4.0,15.0,-3.0,11.0,-2.0,7.0,1.0
2.4658,122.0,-96.0,7.0,0.0,0.0,0.0,0.0,0.0,0.0,0.0,0.0,0.0,2.0,13.0,2.0,13.0,2.0,14.0,2.0,13.0,2.0,14.0,2.0,14.0,3.0,14.0,3.0,14.0,3.0,14.0,2.0,15.0,3.0,15.0,3.0,15.0,2.0,15.0,3.0,15.0,3.0,15.0,3.0,15.0,4.0,15.0,4.0,15.0,3.0,15.0,4.0,15.0,4.0,16.0,4.0,16.0,4.0,16.0,4.0,16.0,4.0,16.0,4.0,16.0
2.48,122.0,-96.0,7.0,0.0,0.0,0.0,0.0,0.0,0.0,0.0,0.0,0.0,4.0,10.0,5.0,14.0,6.0,17.0,7.0,20.0,8.0,22.0,9.0,24.0,10.0,24.0,11.0,23.0,11.0,22.0,10.0,19.0,7.0,17.0,6.0,14.0,3.0,10.0,0.0,7.0,-4.0,4.0,-8.0,1.0,-13.0,-1.0,-17.0,-3.0,-21.0,-4.0,-24.0,-5.0,-27.0,-4.0,-28.0,-4.0,-29.0,-3.0,-28.0,-2.0,-27.0,-1.0,-24.0,-1.0
2.496,122.0,-96.0,7.0,0.0,0.0,0.0,0.0,0.0,0.0,0.0,0.0,0.0,-7.0,-9.0,-7.0,-9.0,-8.0,-9.0,-8.0,-10.0,-8.0,-9.0,-9.0,-9.0,-8.0,-10.0,-9.0,-10.0,-8.0,-10.0,-8.0,-10.0,-8.0,-10.0,-9.0,-10.0,-9.0,-11.0,-9.0,-10.0,-9.0,-10.0,-9.0,-11.0,-9.0,-11.0,-9.0,-10.0,-10.0,-10.0,-10.0,-10.0,-9.0,-10.0,-9.0,-10.0,-10.0,-10.0,-10.0,-11.0,-10.0,-10.0,-10.0,-10.0
2.5091,122.0,-96.0,7.0,0.0,0.0,0.0,0.0,0.0,0.0,0.0,0.0,0.0,-7.0,24.0,-6.0,22.0,-5.0,19.0,-5.0,15.0,-5.0,11.0,-5.0,5.0,-7.0,0.0,-9.0,-4.0,-11.0,-9.0,-13.0,-13.0,-15.0,-17.0,-17.0,-19.0,-20.0,-21.0,-22.0,-21.0,-23.0,-22.0,-23.0,-20.0,-22.0,-19.0,-21.0,-17.0,-18.0,-14.0,-14.0,-12.0,-9.0,-10.0,-4.0,-8.0,2.0,-7.0,7.0,-6.0,12.0,-5.0,18.0,-6.0
2.513,98.0,33.0,22.0,0.0,0.0,0.0,0.0,0.0,0.0,0.0,0.0,0.0,19.0,-2.0,20.0,-3.0,19.0,-3.0,18.0,-3.0,17.0,-4.0,15.0,-4.0,11.0,-5.0,8.0,-5.0,4.0,-5.0,1.0,-5.0,-4.0,-5.0,-7.0,-4.0,-11.0,-3.0,-14.0,-2.0,-18.0,0.0,-19.0,1.0,-20.0,3.0,-21.0,6.0,-21.0,6.0,-20.0,7.0,-18.0,7.0,-15.0,7.0,-11.0,6.0,-8.0,3.0,-3.0,1.0,1.0,-2.0
2.5275,122.0,-96.0,7.0,0.0,0.0,0.0,0.0,0.0,0.0,0.0,0.0,0.0,-15.0,18.0,-16.0,20.0,-15.0,20.0,-15.0,20.0,-13.0,19.0,-13.0,18.0,-11.0,15.0,-9.0,12.0,-8.0,8.0,-7.0,3.0,-6.0,-2.0,-5.0,-7.0,-6.0,-12.0,-6.0,-16.0,-7.0,-20.0,-7.0,-23.0,-8.0,-26.0,-9.0,-26.0,-10.0,-28.0,-11.0,-26.0,-11.0,-25.0,-10.0,-22.0,-9.0,-19.0,-7.0,-15.0,-4.0,-11.0,-1.0,-8.0
2.5427,122.0,-96.0,7.0,0.0,0.0,0.0,0.0,0.0,0.0,0.0,0.0,0.0,12.0,-7.0,12.0,-8.0,12.0,-7.0,12.0,-8.0,12.0,-7.0,12.0,-8.0,12.0,-8.0,13.0,-9.0,13.0,-8.0,13.0,-8.0,13.0,-9.0,14.0,-8.0,13.0,-9.0,13.0,-9.0,13.0,-9.0,13.0,-9.0,14.0,-10.0,13.0,-10.0,13.0,-10.0,13.0,-9.0,14.0,-9.0,13.0,-9.0,13.0,-10.0,14.0,-10.0,13.0,-10.0,13.0,-10.0
2.556,122.0,-96.0,7.0,0.0,0.0,0.0,0.0,0.0,0.0,0.0,0.0,0.0,-6.0,17.0,-6.0,17.0,-6.0,17.0,-6.0,17.0,-6.0,18.0,-6.0,18.0,-6.0,18.0,-6.0,19.0,-7.0,19.0,-6.0,19.0,-6.0,18.0,-6.0,18.0,-6.0,19.0,-6.0,19.0,-6.0,19.0,-6.0,19.0,-6.0,19.0,-6.0,19.0,-7.0,19.0,-6.0,19.0,-7.0,20.0,-6.0,20.0,-6.0,20.0,-6.0,20.0,-6.0,19.0,-6.0,20.0
2.5697,122.0,-96.0,7.0,0.0,0.0,0.0,0.0,0.0,0.0,0.0,0.0,0.0,12.0,6.0,12.0,6.0,13.0,6.0,13.0,6.0,13.0,6.0,13.0,6.0,13.0,6.0,14.0,6.0,13.0,6.0,13.0,6.0,14.0,7.0,14.0,7.0,13.0,7.0,14.0,6.0,14.0,6.0,14.0,6.0,14.0,6.0,15.0,6.0,15.0,6.0,15.0,6.0,15.0,6.0,15.0,6.0,15.0,6.0,15.0,6.0,15.0,6.0,15.0,6.0
2.5853,122.0,-96.0,7.0,0.0,0.0,0.0,0.0,0.0,0.0,0.0,0.0,0.0,9.0,-9.0,13.0,-11.0,16.0,-13.0,19.0,-15.0,21.0,-17.0,22.0,-19.0,22.0,-20.0,21.0,-20.0,20.0,-19.0,18.0,-17.0,15.0,-14.0,12.0,-11.0,9.0,-7.0,7.0,-2.0,5.0,3.0,3.0,8.0,2.0,14.0,1.0,19.0,2.0,24.0,2.0,27.0,3.0,30.0,4.0,31.0,5.0,31.0,5.0,29.0,6.0,27.0,6.0,24.0
2.5987,122.0,-96.0,7.0,0.0,0.0,0.0,0.0,0.0,0.0,0.0,0.0,0.0,-8.0,9.0,-7.0,4.0,-7.0,-2.0,-7.0,-8.0,-8.0,-14.0,-10.0,-19.0,-12.0,-23.0,-14.0,-26.0,-16.0,-29.0,-18.0,-29.0,-19.0,-29.0,-19.0,-27.0,-19.0,-25.0,-18.0,-22.0,-15.0,-19.0,-11.0,-15.0,-6.0,-12.0,-1.0,-9.0,5.0,-6.0,10.0,-4.0,17.0,-3.0,22.0,-2.0,27.0,-3.0,31.0,-5.0,33.0,-6.0,34.0,-7.0
2.6127,122.0,-96.0,7.0,0.0,0.0,0.0,0.0,0.0,0.0,0.0,0.0,0.0,-11.0,-4.0,-6.0,-5.0,-1.0,-6.0,3.0,-8.0,8.0,-10.0,12.0,-14.0,15.0,-16.0,17.0,-19.0,18.0,-21.0,19.0,-23.0,19.0,-24.0,17.0,-24.0,16.0,-23.0,13.0,-22.0,11.0,-18.0,9.0,-15.0,7.0,-10.0,7.0,-5.0,6.0,1.0,5.0,7.0,6.0,12.0,8.0,17.0,9.0,21.0,11.0,24.0,13.0,26.0,14.0,27.0
2.6261,122.0,-96.0,7.0,0.0,0.0,0.0,0.0,0.0,0.0,0.0,0.0,0.0,1.0,13.0,1.0,14.0,2.0,14.0,2.0,14.0,2.0,14.0,2.0,15.0,2.0,14.0,3.0,15.0,2.0,15.0,2.0,15.0,2.0,15.0,3.0,15.0,2.0,15.0,3.0,15.0,3.0,15.0,3.0,15.0,3.0,16.0,3.0,15.0,4.0,15.0,4.0,15.0,4.0,15.0,4.0,15.0,4.0,15.0,4.0,16.0,4.0,16.0,5.0,16.0
2.6394,122.0,-96.0,7.0,0.0,0.0,0.0,0.0,0.0,0.0,0.0,0.0,0.0,-10.0,-11.0,-13.0,-16.0,-15.0,-20.0,-17.0,-23.0,-19.0,-24.0,-22.0,-26.0,-23.0,-26.0,-23.0,-24.0,-22.0,-23.0,-19.0,-20.0,-17.0,-17.0,-12.0,-14.0,-8.0,-12.0,-2.0,-9.0,4.0,-6.0,10.0,-5.0,16.0,-4.0,21.0,-4.0,27.0,-5.0,30.0,-6.0,34.0,-6.0,35.0,-8.0,34.0,-9.0,33.0,-9.0,30.0,-10.0,27.0,-9.0
2.6533,122.0,-96.0,7.0,0.0,0.0,0.0,0.0,0.0,0.0,0.0,0.0,0.0,2.0,25.0,2.0,23.0,2.0,19.0,1.0,15.0,-1.0,11.0,-3.0,7.0,-6.0,2.0,-9.0,-2.0,-13.0,-6.0,-17.0,-9.0,-20.0,-11.0,-23.0,-13.0,-25.0,-14.0,-28.0,-14.0,-29.0,-13.0,-28.0,-12.0,-27.0,-11.0,-24.0,-9.0,-21.0,-8.0,-17.0,-7.0,-11.0,-7.0,-6.0,-6.0,0.0,-7.0,5.0,-8.0,11.0,-9.0,15.0,-12.0
2.6665,122.0,-96.0,7.0,0.0,0.0,0.0,0.0,0.0,0.0,0.0,0.0,0.0,-1.0,12.0,-3.0,7.0,-7.0,2.0,-10.0,-3.0,-14.0,-7.0,-19.0,-10.0,-23.0,-12.0,-26.0,-14.0,-30.0,-14.0,-31.0,-14.0,-32.0,-13.0,-31.0,-12.0,-30.0,-10.0,-28.0,-8.0,-23.0,-8.0,-17.0,-7.0,-12.0,-7.0,-6.0,-7.0,1.0,-8.0,6.0,-10.0,13.0,-12.0,18.0,-15.0,21.0,-18.0,23.0,-21.0,25.0,-23.0,25.0,-24.0
2.6801,122.0,-96.0,7.0,0.0,0.0,0.0,0.0,0.0,0.0,0.0,0.0,0.0,-1.0,13.0,-1.0,14.0,-1.0,14.0,0.0,14.0,0.0,15.0,-1.0,15.0,-2.0,15.0,-1.0,15.0,-1.0,14.0,-1.0,15.0,0.0,15.0,0.0,15.0,0.0,15.0,0.0,15.0,0.0,16.0,0.0,15.0,1.0,16.0,0.0,16.0,1.0,16.0,0.0,16.0,1.0,16.0,1.0,16.0,1.0,16.0,2.0,16.0,2.0,16.0,2.0,17.0
2.696,122.0,-96.0,7.0,0.0,0.0,0.0,0.0,0.0,0.0,0.0,0.0,0.0,-5.0,-10.0,-6.0,-10.0,-6.0,-11.0,-5.0,-11.0,-5.0,-11.0,-6.0,-11.0,-6.0,-11.0,-7.0,-11.0,-6.0,-11.0,-7.0,-11.0,-6.0,-12.0,-7.0,-11.0,-6.0,-12.0,-6.0,-12.0,-7.0,-11.0,-7.0,-12.0,-7.0,-12.0,-7.0,-11.0,-7.0,-11.0,-7.0,-11.0,-8.0,-12.0,-7.0,-12.0,-8.0,-12.0,-8.0,-12.0,-8.0,-12.0,-8.0,-12.0
2.7101,122.0,-96.0,7.0,0.0,0.0,0.0,0.0,0.0,0.0,0.0,0.0,0.0,-19.0,-8.0,-19.0,-7.0,-20.0,-7.0,-20.0,-8.0,-20.0,-7.0,-21.0,-7.0,-21.0,-7.0,-21.0,-7.0,-22.0,-7.0,-21.0,-8.0,-21.0,-7.0,-21.0,-8.0,-22.0,-7.0,-22.0,-8.0,-22.0,-7.0,-22.0,-7.0,-22.0,-7.0,-22.0,-7.0,-22.0,-7.0,-23.0,-7.0,-23.0,-7.0,-22.0,-7.0,-23.0,-7.0,-23.0,-7.0,-22.0,-7.0,-23.0,-7.0
2.7264,122.0,-96.0,7.0,0.0,0.0,0.0,0.0,0.0,0.0,0.0,0.0,0.0,-4.0,-13.0,-4.0,-17.0,-4.0,-21.0,-4.0,-24.0,-5.0,-27.0,-6.0,-29.0,-8.0,-29.0,-9.0,-29.0,-8.0,-28.0,-8.0,-25.0,-6.0,-21.0,-5.0,-18.0,-3.0,-14.0,0.0,-9.0,3.0,-5.0,8.0,-2.0,12.0,2.0,16.0,5.0,21.0,7.0,24.0,8.0,28.0,9.0,29.0,9.0,30.0,8.0,30.0,7.0,30.0,5.0,26.0,4.0
2.7402,122.0,-96.0,7.0,0.0,0.0,0.0,0.0,0.0,0.0,0.0,0.0,0.0,13.0,-3.0,14.0,-3.0,14.0,-2.0,14.0,-3.0,14.0,-3.0,14.0,-3.0,14.0,-3.0,14.0,-3.0,14.0,-3.0,15.0,-3.0,15.0,-4.0,15.0,-3.0,15.0,-3.0,15.0,-4.0,15.0,-4.0,15.0,-4.0,16.0,-4.0,15.0,-4.0,15.0,-4.0,15.0,-4.0,15.0,-5.0,15.0,-4.0,15.0,-5.0,16.0,-5.0,15.0,-5.0,16.0,-5.0
2.7537,122.0,-96.0,7.0,0.0,0.0,0.0,0.0,0.0,0.0,0.0,0.0,0.0,9.0,9.0,10.0,9.0,10.0,9.0,10.0,9.0,10.0,9.0,10.0,9.0,10.0,9.0,11.0,9.0,11.0,9.0,11.0,9.0,11.0,9.0,12.0,9.0,11.0,10.0,12.0,9.0,12.0,10.0,12.0,10.0,12.0,9.0,12.0,9.0,12.0,10.0,12.0,10.0,12.0,10.0,13.0,9.0,13.0,9.0,13.0,9.0,13.0,9.0,13.0,9.0
2.7675,122.0,-96.0,7.0,0.0,0.0,0.0,0.0,0.0,0.0,0.0,0.0,0.0,-21.0,2.0,-22.0,3.0,-23.0,3.0,-22.0,4.0,-21.0,4.0,-20.0,4.0,-17.0,3.0,-14.0,2.0,-11.0,1.0,-7.0,-2.0,-3.0,-5.0,0.0,-8.0,3.0,-11.0,6.0,-14.0,7.0,-17.0,9.0,-19.0,9.0,-22.0,10.0,-23.0,9.0,-24.0,8.0,-24.0,8.0,-23.0,6.0,-21.0,5.0,-18.0,4.0,-14.0,4.0,-10.0,4.0,-5.0
2.7803,122.0,-96.0,7.0,0.0,0.0,0.0,0.0,0.0,0.0,0.0,0.0,0.0,3.0,11.0,-1.0,7.0,-5.0,4.0,-11.0,1.0,-15.0,-2.0,-21.0,-4.0,-26.0,-4.0,-30.0,-4.0,-32.0,-4.0,-34.0,-3.0,-34.0,-2.0,-33.0,-1.0,-31.0,0.0,-29.0,1.0,-24.0,1.0,-18.0,0.0,-13.0,-2.0,-7.0,-5.0,-2.0,-8.0,3.0,-11.0,8.0,-16.0,11.0,-20.0,13.0,-24.0,14.0,-28.0,15.0,-31.0,15.0,-32.0
2.7971,122.0,-96.0,7.0,0.0,0.0,0.0,0.0,0.0,0.0,0.0,0.0,0.0,10.0,6.0,4.0,6.0,-2.0,6.0,-7.0,7.0,-13.0,8.0,-18.0,11.0,-22.0,13.0,-25.0,15.0,-27.0,17.0,-28.0,19.0,-27.0,20.0,-26.0,20.0,-24.0,20.0,-21.0,19.0,-18.0,15.0,-14.0,11.0,-12.0,7.0,-9.0,1.0,-7.0,-6.0,-5.0,-11.0,-4.0,-18.0,-4.0,-23.0,-5.0,-28.0,-7.0,-32.0,-8.0,-34.0,-9.0,-35.0
2.8123,122.0,-96.0,7.0,0.0,0.0,0.0,0.0,0.0,0.0,0.0,0.0,0.0,-9.0,11.0,-8.0,11.0,-8.0,11.0,-9.0,11.0,-9.0,12.0,-9.0,12.0,-9.0,12.0,-9.0,13.0,-9.0,12.0,-9.0,12.0,-9.0,13.0,-9.0,13.0,-9.0,12.0,-9.0,13.0,-9.0,13.0,-9.0,13.0,-9.0,13.0,-9.0,14.0,-9.0,14.0,-9.0,13.0,-9.0,14.0,-9.0,14.0,-8.0,14.0,-9.0,14.0,-9.0,14.0,-8.0,14.0
2.8263,122.0,-96.0,7.0,0.0,0.0,0.0,0.0,0.0,0.0,0.0,0.0,0.0,13.0,0.0,14.0,0.0,14.0,0.0,14.0,0.0,14.0,0.0,15.0,0.0,15.0,0.0,15.0,-1.0,14.0,0.0,15.0,0.0,15.0,-1.0,15.0,0.0,15.0,0.0,16.0,-1.0,15.0,-1.0,15.0,-1.0,16.0,-1.0,15.0,-1.0,16.0,-1.0,16.0,-1.0,16.0,-1.0,16.0,-1.0,16.0,-2.0,16.0,-2.0,16.0,-2.0,16.0,-2.0
2.8406,122.0,-96.0,7.0,0.0,0.0,0.0,0.0,0.0,0.0,0.0,0.0,0.0,10.0,0.0,11.0,0.0,10.0,0.0,11.0,0.0,11.0,0.0,12.0,-1.0,11.0,-1.0,12.0,-1.0,11.0,-1.0,11.0,-1.0,12.0,0.0,12.0,0.0,12.0,0.0,12.0,0.0,12.0,-1.0,12.0,-1.0,12.0,-1.0,12.0,-1.0,13.0,-1.0,12.0,-2.0,12.0,-2.0,12.0,-2.0,12.0,-2.0,13.0,-2.0,12.0,-2.0,13.0,-2.0
2.8555,122.0,-96.0,7.0,0.0,0.0,0.0,0.0,0.0,0.0,0.0,0.0,0.0,-15.0,17.0,-14.0,16.0,-12.0,13.0,-10.0,10.0,-8.0,7.0,-7.0,2.0,-6.0,-3.0,-5.0,-7.0,-5.0,-12.0,-5.0,-16.0,-6.0,-19.0,-7.0,-23.0,-8.0,-25.0,-10.0,-26.0,-11.0,-27.0,-10.0,-25.0,-11.0,-24.0,-10.0,-21.0,-9.0,-18.0,-7.0,-15.0,-3.0,-12.0,0.0,-8.0,4.0,-5.0,8.0,-2.0,12.0,1.0,17.0,3.0
2.8699,122.0,-96.0,7.0,0.0,0.0,0.0,0.0,0.0,0.0,0.0,0.0,0.0,11.0,-1.0,14.0,0.0,18.0,1.0,21.0,1.0,24.0,1.0,25.0,0.0,26.0,-1.0,26.0,-1.0,25.0,-2.0,22.0,-2.0,19.0,-1.0,16.0,-1.0,11.0,0.0,7.0,2.0,3.0,4.0,-1.0,7.0,-5.0,10.0,-9.0,13.0,-11.0,17.0,-13.0,19.0,-15.0,22.0,-15.0,23.0,-14.0,25.0,-13.0,25.0,-11.0,25.0,-10.0,22.0
2.8844,122.0,-96.0,7.0,0.0,0.0,0.0,0.0,0.0,0.0,0.0,0.0,0.0,10.0,-8.0,13.0,-10.0,17.0,-12.0,20.0,-14.0,22.0,-15.0,23.0,-17.0,23.0,-18.0,22.0,-19.0,21.0,-18.0,18.0,-16.0,16.0,-13.0,13.0,-10.0,10.0,-7.0,7.0,-2.0,5.0,2.0,3.0,8.0,2.0,13.0,0.0,18.0,0.0,23.0,1.0,26.0,1.0,30.0,2.0,31.0,3.0,31.0,4.0,30.0,5.0,29.0,5.0,26.0
2.8984,122.0,-96.0,7.0,0.0,0.0,0.0,0.0,0.0,0.0,0.0,0.0,0.0,12.0,1.0,7.0,3.0,2.0,5.0,-3.0,9.0,-7.0,13.0,-11.0,17.0,-13.0,21.0,-15.0,24.0,-16.0,27.0,-16.0,29.0,-16.0,30.0,-14.0,29.0,-13.0,28.0,-11.0,27.0,-9.0,22.0,-8.0,17.0,-7.0,12.0,-7.0,6.0,-8.0,0.0,-9.0,-7.0,-11.0,-13.0,-13.0,-18.0,-16.0,-22.0,-19.0,-25.0,-21.0,-27.0,-23.0,-28.0
2.9113,122.0,-96.0,7.0,0.0,0.0,0.0,0.0,0.0,0.0,0.0,0.0,0.0,-13.0,6.0,-18.0,6.0,-22.0,8.0,-25.0,9.0,-29.0,11.0,-30.0,13.0,-31.0,14.0,-30.0,14.0,-28.0,15.0,-26.0,13.0,-22.0,11.0,-18.0,8.0,-14.0,5.0,-11.0,1.0,-6.0,-4.0,-3.0,-9.0,0.0,-15.0,2.0,-20.0,3.0,-26.0,3.0,-30.0,3.0,-33.0,3.0,-36.0,2.0,-37.0,1.0,-36.0,0.0,-35.0,-1.0,-31.0
2.9253,122.0,-96.0,7.0,0.0,0.0,0.0,0.0,0.0,0.0,0.0,0.0,0.0,1.0,-12.0,3.0,-7.0,5.0,-2.0,7.0,2.0,10.0,6.0,14.0,9.0,17.0,12.0,20.0,14.0,23.0,15.0,25.0,16.0,25.0,14.0,25.0,13.0,25.0,12.0,23.0,10.0,20.0,9.0,16.0,7.0,11.0,6.0,6.0,6.0,0.0,6.0,-5.0,6.0,-11.0,7.0,-16.0,9.0,-20.0,11.0,-23.0,13.0,-24.0,15.0,-26.0,17.0
2.9387,122.0,-96.0,7.0,0.0,0.0,0.0,0.0,0.0,0.0,0.0,0.0,0.0,9.0,14.0,10.0,14.0,10.0,14.0,10.0,15.0,10.0,15.0,10.0,15.0,11.0,15.0,11.0,15.0,11.0,15.0,11.0,15.0,11.0,15.0,11.0,15.0,11.0,15.0,12.0,16.0,12.0,16.0,11.0,15.0,12.0,15.0,12.0,15.0,12.0,16.0,12.0,15.0,13.0,16.0,12.0,16.0,13.0,16.0,12.0,16.0,12.0,15.0,12.0,16.0
2.9513,122.0,-96.0,7.0,0.0,0.0,0.0,0.0,0.0,0.0,0.0,0.0,0.0,-17.0,12.0,-17.0,12.0,-17.0,11.0,-17.0,12.0,-17.0,12.0,-18.0,12.0,-18.0,12.0,-18.0,13.0,-18.0,13.0,-18.0,13.0,-18.0,12.0,-18.0,12.0,-18.0,13.0,-19.0,13.0,-18.0,14.0,-18.0,13.0,-18.0,14.0,-18.0,14.0,-19.0,14.0,-18.0,14.0,-19.0,14.0,-18.0,14.0,-19.0,14.0,-18.0,14.0,-18.0,14.0,-18.0,14.0
2.9654,122.0,-96.0,7.0,0.0,0.0,0.0,0.0,0.0,0.0,0.0,0.0,0.0,-11.0,-5.0,-6.0,-5.0,-1.0,-6.0,4.0,-8.0,8.0,-10.0,13.0,-13.0,15.0,-15.0,18.0,-18.0,19.0,-20.0,19.0,-22.0,19.0,-23.0,18.0,-23.0,16.0,-23.0,14.0,-22.0,12.0,-18.0,10.0,-14.0,9.0,-10.0,6.0,-4.0,6.0,2.0,5.0,6.0,6.0,12.0,6.0,18.0,8.0,21.0,10.0,24.0,12.0,26.0,13.0,28.0
2.9794,122.0,-96.0,7.0,0.0,0.0,0.0,0.0,0.0,0.0,0.0,0.0,0.0,-23.0,3.0,-25.0,5.0,-25.0,5.0,-25.0,6.0,-23.0,6.0,-22.0,6.0,-19.0,5.0,-16.0,3.0,-12.0,2.0,-8.0,-1.0,-4.0,-4.0,-1.0,-8.0,2.0,-12.0,5.0,-15.0,7.0,-19.0,8.0,-22.0,9.0,-25.0,9.0,-26.0,8.0,-28.0,7.0,-27.0,7.0,-26.0,5.0,-24.0,4.0,-21.0,4.0,-17.0,3.0,-13.0,3.0,-8.0
2.9839,-120.0,-126.0,40.0,0.0,0.0,0.0,0.0,0.0,0.0,0.0,0.0,0.0,-6.0,-14.0,-9.0,-8.0,-11.0,-3.0,-18.0,-3.0,-19.0,2.0,-24.0,6.0,-28.0,9.0,-26.0,12.0,-27.0,12.0,-26.0,14.0,-26.0,15.0,-23.0,16.0,-19.0,18.0,-14.0,15.0,-11.0,15.0,-7.0,8.0,-1.0,7.0,2.0,3.0,9.0,-4.0,11.0,-11.0,15.0,-15.0,20.0,-21.0,19.0,-26.0,21.0,-31.0,21.0,-34.0,23.0,-35.0
2.998,122.0,-96.0,7.0,0.0,0.0,0.0,0.0,0.0,0.0,0.0,0.0,0.0,-3.0,12.0,-4.0,6.0,-7.0,0.0,-10.0,-5.0,-13.0,-9.0,-16.0,-13.0,-20.0,-16.0,-23.0,-18.0,-26.0,-20.0,-28.0,-19.0,-29.0,-19.0,-29.0,-17.0,-27.0,-15.0,-26.0,-13.0,-21.0,-11.0,-16.0,-10.0,-11.0,-8.0,-5.0,-8.0,2.0,-8.0,8.0,-8.0,15.0,-10.0,20.0,-11.0,24.0,-14.0,27.0,-17.0,28.0,-19.0,29.0,-20.0
3.0115,122.0,-96.0,7.0,0.0,0.0,0.0,0.0,0.0,0.0,0.0,0.0,0.0,6.0,-12.0,5.0,-13.0,6.0,-13.0,6.0,-13.0,6.0,-13.0,6.0,-13.0,6.0,-13.0,6.0,-14.0,6.0,-14.0,6.0,-14.0,6.0,-14.0,7.0,-14.0,6.0,-14.0,6.0,-14.0,6.0,-15.0,6.0,-14.0,6.0,-15.0,5.0,-15.0,6.0,-15.0,6.0,-15.0,6.0,-15.0,5.0,-15.0,6.0,-15.0,6.0,-15.0,6.0,-16.0,5.0,-16.0
3.0257,122.0,-96.0,7.0,0.0,0.0,0.0,0.0,0.0,0.0,0.0,0.0,0.0,4.0,-14.0,5.0,-8.0,7.0,-1.0,9.0,5.0,12.0,10.0,17.0,16.0,20.0,20.0,23.0,23.0,27.0,25.0,29.0,25.0,30.0,25.0,30.0,23.0,29.0,21.0,27.0,18.0,23.0,16.0,18.0,13.0,12.0,11.0,5.0,9.0,-3.0,8.0,-10.0,7.0,-18.0,8.0,-24.0,9.0,-30.0,11.0,-34.0,13.0,-37.0,16.0,-39.0,18.0
3.0389,122.0,-96.0,7.0,0.0,0.0,0.0,0.0,0.0,0.0,0.0,0.0,0.0,0.0,10.0,-2.0,6.0,-5.0,2.0,-9.0,-2.0,-13.0,-5.0,-18.0,-7.0,-21.0,-9.0,-25.0,-10.0,-27.0,-10.0,-29.0,-10.0,-29.0,-9.0,-28.0,-8.0,-27.0,-6.0,-25.0,-5.0,-21.0,-4.0,-16.0,-4.0,-11.0,-5.0,-6.0,-5.0,0.0,-8.0,5.0,-9.0,10.0,-12.0,14.0,-15.0,16.0,-18.0,18.0,-22.0,19.0,-24.0,19.0,-25.0
3.051,122.0,-96.0,7.0,0.0,0.0,0.0,0.0,0.0,0.0,0.0,0.0,0.0,4.0,12.0,4.0,16.0,5.0,20.0,6.0,23.0,7.0,26.0,8.0,27.0,9.0,28.0,10.0,27.0,9.0,25.0,8.0,22.0,6.0,19.0,4.0,15.0,2.0,11.0,-2.0,7.0,-6.0,3.0,-10.0,-1.0,-15.0,-4.0,-19.0,-6.0,-24.0,-8.0,-27.0,-9.0,-30.0,-9.0,-31.0,-9.0,-32.0,-8.0,-30.0,-7.0,-28.0,-6.0,-26.0,-5.0
3.0662,122.0,-96.0,7.0,0.0,0.0,0.0,0.0,0.0,0.0,0.0,0.0,0.0,-23.0,11.0,-21.0,10.0,-18.0,9.0,-15.0,6.0,-11.0,3.0,-8.0,-1.0,-5.0,-5.0,-2.0,-10.0,0.0,-15.0,2.0,-19.0,3.0,-23.0,3.0,-26.0,3.0,-29.0,2.0,-31.0,1.0,-31.0,0.0,-30.0,-1.0,-28.0,-1.0,-25.0,-1.0,-21.0,0.0,-17.0,2.0,-12.0,4.0,-7.0,6.0,-1.0,9.0,4.0,12.0,8.0,16.0,12.0
3.0702,98.0,33.0,22.0,0.0,0.0,0.0,0.0,0.0,0.0,0.0,0.0,0.0,24.0,-6.0,24.0,-6.0,23.0,-6.0,21.0,-6.0,19.0,-6.0,16.0,-6.0,11.0,-7.0,7.0,-6.0,3.0,-7.0,-2.0,-6.0,-7.0,-5.0,-11.0,-4.0,-16.0,-2.0,-19.0,-1.0,-22.0,2.0,-24.0,4.0,-25.0,6.0,-26.0,8.0,-25.0,10.0,-23.0,11.0,-21.0,11.0,-17.0,10.0,-13.0,8.0,-9.0,5.0,-3.0,2.0,1.0,-3.0
3.0841,122.0,-96.0,7.0,0.0,0.0,0.0,0.0,0.0,0.0,0.0,0.0,0.0,17.0,-16.0,15.0,-14.0,13.0,-13.0,10.0,-10.0,8.0,-6.0,6.0,-2.0,4.0,2.0,3.0,7.0,2.0,11.0,2.0,16.0,1.0,19.0,2.0,22.0,2.0,25.0,4.0,26.0,5.0,26.0,6.0,26.0,6.0,24.0,5.0,22.0,5.0,18.0,3.0,15.0,1.0,11.0,-2.0,7.0,-5.0,3.0,-9.0,-1.0,-12.0,-5.0,-17.0,-7.0
3.0978,122.0,-96.0,7.0,0.0,0.0,0.0,0.0,0.0,0.0,0.0,0.0,0.0,8.0,6.0,3.0,5.0,-2.0,5.0,-7.0,5.0,-12.0,6.0,-17.0,8.0,-20.0,9.0,-23.0,11.0,-25.0,13.0,-26.0,14.0,-26.0,15.0,-25.0,16.0,-23.0,16.0,-20.0,15.0,-17.0,12.0,-13.0,9.0,-11.0,5.0,-8.0,0.0,-6.0,-5.0,-4.0,-11.0,-3.0,-16.0,-3.0,-21.0,-3.0,-25.0,-4.0,-28.0,-5.0,-31.0,-6.0,-31.0
3.113,122.0,-96.0,7.0,0.0,0.0,0.0,0.0,0.0,0.0,0.0,0.0,0.0,-14.0,-19.0,-13.0,-17.0,-11.0,-15.0,-9.0,-12.0,-6.0,-9.0,-2.0,-7.0,3.0,-5.0,7.0,-3.0,11.0,-2.0,15.0,-1.0,19.0,-1.0,22.0,-1.0,25.0,-1.0,26.0,-3.0,27.0,-4.0,26.0,-4.0,25.0,-5.0,22.0,-4.0,19.0,-4.0,15.0,-3.0,11.0,-1.0,6.0,1.0,2.0,5.0,-2.0,8.0,-6.0,11.0,-8.0,15.0
3.1276,122.0,-96.0,7.0,0.0,0.0,0.0,0.0,0.0,0.0,0.0,0.0,0.0,0.0,-14.0,-1.0,-15.0,-1.0,-14.0,-1.0,-15.0,-1.0,-15.0,-1.0,-15.0,-2.0,-15.0,-2.0,-15.0,-2.0,-16.0,-1.0,-16.0,-2.0,-16.0,-1.0,-16.0,-1.0,-15.0,-2.0,-16.0,-2.0,-16.0,-2.0,-17.0,-2.0,-17.0,-2.0,-16.0,-3.0,-16.0,-3.0,-16.0,-3.0,-16.0,-3.0,-17.0,-4.0,-16.0,-3.0,-17.0,-3.0,-17.0,-3.0,-17.0
3.1422,122.0,-96.0,7.0,0.0,0.0,0.0,0.0,0.0,0.0,0.0,0.0,0.0,12.0,-10.0,12.0,-11.0,13.0,-11.0,13.0,-11.0,13.0,-11.0,12.0,-11.0,13.0,-12.0,13.0,-12.0,13.0,-12.0,13.0,-12.0,13.0,-12.0,14.0,-12.0,14.0,-12.0,13.0,-12.0,13.0,-13.0,14.0,-13.0,14.0,-13.0,13.0,-13.0,13.0,-13.0,13.0,-13.0,14.0,-13.0,14.0,-13.0,13.0,-14.0,14.0,-14.0,14.0,-13.0,14.0,-14.0
3.156,122.0,-96.0,7.0,0.0,0.0,0.0,0.0,0.0,0.0,0.0,0.0,0.0,9.0,-7.0,6.0,-3.0,5.0,2.0,3.0,7.0,2.0,12.0,2.0,17.0,2.0,20.0,3.0,24.0,4.0,27.0,5.0,28.0,6.0,29.0,7.0,28.0,8.0,27.0,8.0,24.0,7.0,21.0,5.0,17.0,3.0,13.0,-1.0,9.0,-5.0,5.0,-9.0,0.0,-13.0,-2.0,-18.0,-5.0,-22.0,-6.0,-26.0,-7.0,-29.0,-7.0,-31.0,-7.0
3.17,122.0,-96.0,7.0,0.0,0.0,0.0,0.0,0.0,0.0,0.0,0.0,0.0,4.0,10.0,4.0,14.0,5.0,18.0,5.0,20.0,6.0,23.0,7.0,24.0,9.0,24.0,9.0,24.0,9.0,22.0,8.0,20.0,7.0,17.0,5.0,14.0,3.0,11.0,-1.0,7.0,-4.0,3.0,-8.0,0.0,-13.0,-2.0,-17.0,-4.0,-21.0,-5.0,-24.0,-6.0,-27.0,-6.0,-28.0,-6.0,-29.0,-5.0,-28.0,-4.0,-27.0,-3.0,-24.0,-2.0
3.1851,122.0,-96.0,7.0,0.0,0.0,0.0,0.0,0.0,0.0,0.0,0.0,0.0,9.0,7.0,12.0,11.0,14.0,14.0,17.0,16.0,19.0,18.0,21.0,19.0,23.0,18.0,23.0,17.0,22.0,16.0,20.0,14.0,16.0,12.0,12.0,10.0,9.0,9.0,3.0,7.0,-2.0,6.0,-8.0,5.0,-13.0,5.0,-18.0,5.0,-23.0,7.0,-26.0,8.0,-29.0,9.0,-30.0,11.0,-30.0,11.0,-29.0,12.0,-27.0,13.0,-24.0,11.0
3.1988,122.0,-96.0,7.0,0.0,0.0,0.0,0.0,0.0,0.0,0.0,0.0,0.0,9.0,10.0,11.0,14.0,14.0,18.0,16.0,21.0,18.0,23.0,20.0,25.0,22.0,25.0,22.0,24.0,22.0,22.0,20.0,20.0,16.0,17.0,13.0,15.0,9.0,11.0,4.0,9.0,-2.0,6.0,-8.0,4.0,-15.0,3.0,-20.0,2.0,-26.0,2.0,-30.0,3.0,-33.0,4.0,-35.0,5.0,-36.0,6.0,-35.0,7.0,-34.0,8.0,-30.0,7.0
3.2205,122.0,-96.0,7.0,0.0,0.0,0.0,0.0,0.0,0.0,0.0,0.0,0.0,-3.0,-11.0,0.0,-7.0,4.0,-4.0,8.0,-1.0,12.0,2.0,17.0,3.0,20.0,5.0,24.0,5.0,27.0,6.0,29.0,5.0,29.0,4.0,29.0,3.0,27.0,2.0,25.0,1.0,21.0,0.0,17.0,1.0,12.0,2.0,7.0,3.0,1.0,6.0,-4.0,8.0,-8.0,11.0,-12.0,15.0,-15.0,18.0,-16.0,21.0,-18.0,24.0,-18.0,25.0
3.2344,122.0,-96.0,7.0,0.0,0.0,0.0,0.0,0.0,0.0,0.0,0.0,0.0,-14.0,1.0,-14.0,2.0,-14.0,2.0,-15.0,2.0,-15.0,2.0,-16.0,2.0,-15.0,1.0,-16.0,2.0,-15.0,2.0,-16.0,2.0,-16.0,2.0,-16.0,2.0,-16.0,2.0,-16.0,2.0,-17.0,2.0,-16.0,2.0,-17.0,3.0,-16.0,3.0,-17.0,3.0,-17.0,3.0,-17.0,3.0,-16.0,3.0,-16.0,3.0,-17.0,4.0,-17.0,4.0,-17.0,4.0
3.2479,122.0,-96.0,7.0,0.0,0.0,0.0,0.0,0.0,0.0,0.0,0.0,0.0,3.0,13.0,3.0,13.0,3.0,13.0,4.0,14.0,3.0,13.0,4.0,14.0,4.0,14.0,4.0,14.0,4.0,14.0,4.0,14.0,4.0,14.0,4.0,15.0,4.0,15.0,4.0,14.0,5.0,15.0,5.0,15.0,5.0,15.0,5.0,15.0,6.0,15.0,5.0,15.0,6.0,15.0,6.0,15.0,6.0,15.0,6.0,16.0,6.0,15.0,7.0,15.0
3.2632,122.0,-96.0,7.0,0.0,0.0,0.0,0.0,0.0,0.0,0.0,0.0,0.0,1.0,-12.0,2.0,-7.0,5.0,-2.0,7.0,2.0,11.0,6.0,15.0,9.0,17.0,12.0,20.0,13.0,23.0,14.0,25.0,14.0,26.0,14.0,26.0,13.0,24.0,11.0,23.0,9.0,19.0,8.0,15.0,6.0,11.0,6.0,5.0,6.0,-1.0,6.0,-6.0,6.0,-12.0,8.0,-16.0,10.0,-20.0,12.0,-23.0,14.0,-25.0,16.0,-25.0,18.0
3.2766,122.0,-96.0,7.0,0.0,0.0,0.0,0.0,0.0,0.0,0.0,0.0,0.0,12.0,5.0,12.0,5.0,13.0,5.0,13.0,5.0,13.0,5.0,13.0,5.0,13.0,5.0,14.0,5.0,14.0,5.0,15.0,6.0,14.0,5.0,14.0,6.0,14.0,6.0,14.0,5.0,15.0,5.0,15.0,5.0,14.0,4.0,15.0,5.0,15.0,5.0,15.0,5.0,15.0,5.0,15.0,4.0,16.0,5.0,15.0,4.0,16.0,4.0,15.0,4.0
3.2886,122.0,-96.0,7.0,0.0,0.0,0.0,0.0,0.0,0.0,0.0,0.0,0.0,7.0,10.0,2.0,7.0,-4.0,5.0,-9.0,3.0,-15.0,2.0,-20.0,2.0,-25.0,2.0,-29.0,1.0,-32.0,4.0,-33.0,5.0,-34.0,6.0,-33.0,7.0,-31.0,8.0,-28.0,8.0,-24.0,7.0,-19.0,5.0,-15.0,2.0,-10.0,-2.0,-5.0,-6.0,-1.0,-11.0,3.0,-16.0,5.0,-21.0,7.0,-26.0,8.0,-30.0,8.0,-33.0,8.0,-34.0
3.2924,98.0,33.0,22.0,0.0,0.0,0.0,0.0,0.0,0.0,0.0,0.0,0.0,6.0,-23.0,7.0,-19.0,5.0,-16.0,-1.0,-14.0,-4.0,-8.0,-6.0,-6.0,-10.0,-4.0,-13.0,2.0,-17.0,6.0,-20.0,10.0,-20.0,12.0,-21.0,14.0,-20.0,17.0,-20.0,19.0,-19.0,20.0,-16.0,20.0,-14.0,19.0,-11.0,17.0,-8.0,13.0,-4.0,9.0,-1.0,4.0,1.0,-2.0,5.0,-9.0,7.0,-15.0,9.0,-21.0,11.0,-27.0
3.3062,122.0,-96.0,7.0,0.0,0.0,0.0,0.0,0.0,0.0,0.0,0.0,0.0,-21.0,-21.0,-18.0,-19.0,-16.0,-17.0,-13.0,-14.0,-8.0,-11.0,-3.0,-8.0,3.0,-6.0,9.0,-5.0,15.0,-4.0,20.0,-4.0,25.0,-5.0,28.0,-5.0,31.0,-6.0,33.0,-8.0,33.0,-9.0,32.0,-10.0,29.0,-10.0,26.0,-10.0,22.0,-8.0,17.0,-6.0,12.0,-3.0,8.0,2.0,2.0,6.0,-2.0,11.0,-5.0,16.0,-8.0,21.0
3.3215,122.0,-96.0,7.0,0.0,0.0,0.0,0.0,0.0,0.0,0.0,0.0,0.0,-10.0,5.0,-7.0,1.0,-5.0,-4.0,-3.0,-9.0,-2.0,-14.0,-2.0,-19.0,-2.0,-23.0,-3.0,-26.0,-4.0,-29.0,-4.0,-30.0,-4.0,-30.0,-5.0,-29.0,-6.0,-27.0,-6.0,-25.0,-5.0,-21.0,-4.0,-17.0,-1.0,-12.0,2.0,-8.0,6.0,-3.0,9.0,1.0,14.0,4.0,18.0,7.0,22.0,9.0,26.0,10.0,28.0,10.0,29.0,9.0
3.3369,122.0,-96.0,7.0,0.0,0.0,0.0,0.0,0.0,0.0,0.0,0.0,0.0,-23.0,-4.0,-21.0,-4.0,-18.0,-3.0,-15.0,-3.0,-11.0,-3.0,-6.0,-4.0,-2.0,-6.0,3.0,-8.0,7.0,-10.0,11.0,-12.0,13.0,-15.0,15.0,-17.0,17.0,-19.0,17.0,-21.0,17.0,-22.0,16.0,-22.0,15.0,-21.0,13.0,-19.0,11.0,-17.0,9.0,-14.0,7.0,-9.0,6.0,-4.0,5.0,1.0,4.0,6.0,4.0,11.0,5.0,16.0
3.3504,122.0,-96.0,7.0,0.0,0.0,0.0,0.0,0.0,0.0,0.0,0.0,0.0,6.0,12.0,6.0,12.0,6.0,12.0,7.0,12.0,7.0,12.0,6.0,13.0,7.0,12.0,7.0,12.0,7.0,13.0,7.0,13.0,7.0,13.0,7.0,13.0,8.0,13.0,8.0,13.0,8.0,13.0,8.0,13.0,8.0,13.0,8.0,13.0,8.0,13.0,8.0,14.0,9.0,13.0,9.0,13.0,9.0,13.0,9.0,14.0,9.0,13.0,9.0,13.0
3.3632,122.0,-96.0,7.0,0.0,0.0,0.0,0.0,0.0,0.0,0.0,0.0,0.0,21.0,9.0,19.0,8.0,16.0,7.0,13.0,6.0,8.0,5.0,4.0,5.0,-1.0,5.0,-6.0,5.0,-11.0,7.0,-14.0,8.0,-18.0,9.0,-21.0,10.0,-23.0,12.0,-24.0,13.0,-24.0,15.0,-22.0,15.0,-22.0,15.0,-19.0,13.0,-16.0,12.0,-14.0,9.0,-10.0,5.0,-8.0,1.0,-5.0,-3.0,-3.0,-8.0,-1.0,-13.0,-1.0,-18.0
3.3762,122.0,-96.0,7.0,0.0,0.0,0.0,0.0,0.0,0.0,0.0,0.0,0.0,5.0,-13.0,5.0,-14.0,5.0,-14.0,6.0,-14.0,5.0,-14.0,6.0,-15.0,5.0,-15.0,5.0,-15.0,5.0,-15.0,5.0,-15.0,5.0,-15.0,6.0,-15.0,5.0,-15.0,5.0,-16.0,5.0,-16.0,5.0,-15.0,5.0,-16.0,5.0,-16.0,5.0,-16.0,5.0,-16.0,5.0,-16.0,4.0,-17.0,4.0,-16.0,4.0,-17.0,4.0,-17.0,4.0,-17.0
3.3818,98.0,33.0,22.0,0.0,0.0,0.0,0.0,0.0,0.0,0.0,0.0,0.0,10.0,-6.0,7.0,-9.0,-1.0,-10.0,-1.0,-14.0,-6.0,-17.0,-9.0,-22.0,-10.0,-22.0,-12.0,-24.0,-14.0,-23.0,-15.0,-22.0,-16.0,-21.0,-17.0,-19.0,-17.0,-16.0,-15.0,-13.0,-12.0,-8.0,-12.0,-7.0,-7.0,0.0,-2.0,2.0,5.0,6.0,8.0,11.0,14.0,14.0,18.0,17.0,22.0,17.0,26.0,20.0,28.0,21.0,30.0,21.0
3.3981,122.0,-96.0,7.0,0.0,0.0,0.0,0.0,0.0,0.0,0.0,0.0,0.0,-11.0,-10.0,-14.0,-14.0,-17.0,-17.0,-20.0,-20.0,-23.0,-21.0,-25.0,-22.0,-26.0,-22.0,-27.0,-21.0,-25.0,-20.0,-23.0,-17.0,-20.0,-15.0,-15.0,-13.0,-11.0,-11.0,-5.0,-9.0,1.0,-7.0,7.0,-6.0,14.0,-6.0,20.0,-6.0,25.0,-8.0,28.0,-9.0,32.0,-10.0,33.0,-11.0,33.0,-13.0,32.0,-14.0,30.0,-14.0,27.0,-13.0
3.4122,122.0,-96.0,7.0,0.0,0.0,0.0,0.0,0.0,0.0,0.0,0.0,0.0,-14.0,-2.0,-8.0,-4.0,-3.0,-6.0,2.0,-9.0,7.0,-13.0,10.0,-17.0,13.0,-20.0,15.0,-24.0,17.0,-27.0,17.0,-29.0,17.0,-30.0,16.0,-30.0,14.0,-29.0,12.0,-28.0,10.0,-24.0,8.0,-19.0,7.0,-14.0,6.0,-8.0,7.0,-2.0,7.0,5.0,9.0,11.0,10.0,16.0,12.0,21.0,15.0,24.0,16.0,27.0,19.0,29.0
3.4264,122.0,-96.0,7.0,0.0,0.0,0.0,0.0,0.0,0.0,0.0,0.0,0.0,6.0,11.0,6.0,12.0,6.0,12.0,6.0,11.0,6.0,12.0,6.0,13.0,6.0,12.0,7.0,12.0,7.0,11.0,6.0,13.0,7.0,13.0,7.0,13.0,6.0,12.0,7.0,13.0,7.0,12.0,7.0,13.0,7.0,13.0,7.0,14.0,8.0,14.0,7.0,13.0,8.0,14.0,9.0,13.0,8.0,13.0,9.0,13.0,8.0,13.0,9.0,13.0
3.4404,122.0,-96.0,7.0,0.0,0.0,0.0,0.0,0.0,0.0,0.0,0.0,0.0,7.0,21.0,7.0,19.0,6.0,16.0,4.0,13.0,2.0,10.0,-1.0,6.0,-5.0,3.0,-9.0,0.0,-13.0,-3.0,-16.0,-5.0,-19.0,-6.0,-22.0,-7.0,-25.0,-7.0,-27.0,-7.0,-28.0,-7.0,-27.0,-6.0,-26.0,-5.0,-23.0,-4.0,-20.0,-3.0,-16.0,-3.0,-12.0,-4.0,-7.0,-5.0,-1.0,-6.0,3.0,-8.0,8.0,-9.0,12.0,-13.0
3.4544,122.0,-96.0,7.0,0.0,0.0,0.0,0.0,0.0,0.0,0.0,0.0,0.0,-11.0,-1.0,-11.0,-1.0,-12.0,-1.0,-12.0,-1.0,-12.0,0.0,-12.0,-1.0,-13.0,-1.0,-13.0,0.0,-12.0,-1.0,-13.0,0.0,-13.0,0.0,-13.0,-1.0,-13.0,0.0,-13.0,0.0,-13.0,0.0,-13.0,0.0,-13.0,1.0,-13.0,0.0,-13.0,0.0,-14.0,0.0,-14.0,0.0,-14.0,1.0,-14.0,1.0,-14.0,1.0,-14.0,1.0,-14.0,1.0
3.4672,122.0,-96.0,7.0,0.0,0.0,0.0,0.0,0.0,0.0,0.0,0.0,0.0,22.0,4.0,20.0,4.0,18.0,3.0,14.0,3.0,10.0,3.0,6.0,4.0,1.0,5.0,-4.0,6.0,-8.0,9.0,-12.0,11.0,-15.0,12.0,-17.0,14.0,-19.0,17.0,-19.0,19.0,-19.0,20.0,-18.0,20.0,-17.0,19.0,-15.0,18.0,-13.0,16.0,-11.0,13.0,-9.0,9.0,-7.0,4.0,-6.0,-1.0,-5.0,-6.0,-4.0,-11.0,-5.0,-16.0
3.4808,122.0,-96.0,7.0,0.0,0.0,0.0,0.0,0.0,0.0,0.0,0.0,0.0,13.0,3.0,13.0,3.0,13.0,3.0,14.0,3.0,14.0,4.0,14.0,3.0,14.0,3.0,15.0,3.0,14.0,3.0,15.0,3.0,15.0,3.0,15.0,3.0,15.0,3.0,15.0,3.0,15.0,3.0,15.0,3.0,15.0,2.0,15.0,2.0,16.0,3.0,16.0,2.0,16.0,2.0,15.0,2.0,16.0,2.0,16.0,1.0,16.0,2.0,16.0,2.0
3.4953,122.0,-96.0,7.0,0.0,0.0,0.0,0.0,0.0,0.0,0.0,0.0,0.0,9.0,-8.0,14.0,-10.0,17.0,-12.0,20.0,-14.0,22.0,-15.0,23.0,-17.0,23.0,-18.0,23.0,-19.0,21.0,-19.0,19.0,-17.0,17.0,-14.0,14.0,-11.0,11.0,-8.0,8.0,-3.0,5.0,1.0,3.0,6.0,2.0,12.0,0.0,17.0,0.0,22.0,1.0,26.0,1.0,29.0,1.0,30.0,3.0,31.0,3.0,31.0,5.0,29.0,4.0,27.0
3.5093,122.0,-96.0,7.0,0.0,0.0,0.0,0.0,0.0,0.0,0.0,0.0,0.0,8.0,-23.0,8.0,-24.0,8.0,-25.0,7.0,-24.0,6.0,-23.0,5.0,-21.0,5.0,-18.0,5.0,-14.0,4.0,-10.0,5.0,-5.0,5.0,0.0,6.0,5.0,8.0,10.0,9.0,14.0,11.0,17.0,13.0,19.0,14.0,21.0,15.0,23.0,16.0,22.0,16.0,22.0,15.0,20.0,14.0,17.0,12.0,14.0,9.0,11.0,4.0,8.0,0.0,6.0
3.5229,122.0,-96.0,7.0,0.0,0.0,0.0,0.0,0.0,0.0,0.0,0.0,0.0,-12.0,9.0,-16.0,11.0,-20.0,13.0,-23.0,15.0,-25.0,17.0,-27.0,20.0,-26.0,21.0,-25.0,21.0,-23.0,21.0,-20.0,18.0,-18.0,15.0,-15.0,11.0,-12.0,7.0,-9.0,1.0,-6.0,-5.0,-4.0,-11.0,-3.0,-18.0,-2.0,-22.0,-3.0,-29.0,-4.0,-32.0,-5.0,-35.0,-5.0,-36.0,-7.0,-35.0,-7.0,-34.0,-8.0,-32.0,-8.0,-29.0
3.5368,122.0,-96.0,7.0,0.0,0.0,0.0,0.0,0.0,0.0,0.0,0.0,0.0,-9.0,7.0,-7.0,3.0,-5.0,-2.0,-5.0,-7.0,-4.0,-13.0,-4.0,-18.0,-5.0,-21.0,-6.0,-25.0,-7.0,-28.0,-8.0,-29.0,-9.0,-29.0,-10.0,-28.0,-10.0,-27.0,-11.0,-25.0,-9.0,-22.0,-7.0,-18.0,-5.0,-14.0,-1.0,-10.0,3.0,-6.0,7.0,-2.0,12.0,0.0,17.0,3.0,21.0,4.0,25.0,4.0,28.0,5.0,30.0,4.0
3.5516,122.0,-96.0,7.0,0.0,0.0,0.0,0.0,0.0,0.0,0.0,0.0,0.0,5.0,-10.0,5.0,-10.0,5.0,-10.0,5.0,-11.0,5.0,-10.0,5.0,-11.0,5.0,-11.0,5.0,-11.0,5.0,-11.0,5.0,-11.0,5.0,-12.0,5.0,-12.0,5.0,-12.0,5.0,-12.0,4.0,-12.0,5.0,-12.0,5.0,-12.0,5.0,-12.0,4.0,-12.0,4.0,-13.0,5.0,-13.0,4.0,-12.0,4.0,-13.0,5.0,-13.0,4.0,-13.0,4.0,-13.0
3.565,122.0,-96.0,7.0,0.0,0.0,0.0,0.0,0.0,0.0,0.0,0.0,0.0,20.0,-12.0,18.0,-11.0,15.0,-10.0,12.0,-8.0,10.0,-5.0,7.0,-2.0,4.0,2.0,1.0,7.0,0.0,11.0,-1.0,15.0,-2.0,19.0,-3.0,22.0,-3.0,25.0,-2.0,26.0,-1.0,27.0,0.0,27.0,0.0,26.0,0.0,24.0,1.0,20.0,0.0,17.0,-2.0,12.0,-3.0,8.0,-5.0,3.0,-7.0,-2.0,-10.0,-6.0,-14.0,-9.0
3.5814,122.0,-96.0,7.0,0.0,0.0,0.0,0.0,0.0,0.0,0.0,0.0,0.0,-11.0,-9.0,-12.0,-9.0,-12.0,-9.0,-12.0,-9.0,-12.0,-9.0,-12.0,-9.0,-13.0,-9.0,-13.0,-9.0,-13.0,-9.0,-13.0,-10.0,-13.0,-10.0,-13.0,-10.0,-13.0,-10.0,-14.0,-9.0,-14.0,-9.0,-14.0,-9.0,-14.0,-9.0,-14.0,-9.0,-14.0,-10.0,-14.0,-9.0,-14.0,-9.0,-15.0,-9.0,-15.0,-9.0,-15.0,-9.0,-15.0,-9.0,-15.0,-9.0
3.5948,122.0,-96.0,7.0,0.0,0.0,0.0,0.0,0.0,0.0,0.0,0.0,0.0,-24.0,0.0,-26.0,2.0,-26.0,2.0,-25.0,3.0,-24.0,3.0,-22.0,3.0,-19.0,2.0,-16.0,1.0,-12.0,0.0,-7.0,-3.0,-3.0,-5.0,1.0,-8.0,4.0,-12.0,7.0,-15.0,10.0,-18.0,11.0,-21.0,12.0,-23.0,13.0,-24.0,12.0,-26.0,11.0,-26.0,10.0,-25.0,9.0,-22.0,7.0,-20.0,6.0,-15.0,5.0,-11.0,5.0,-6.0
3.6096,122.0,-96.0,7.0,0.0,0.0,0.0,0.0,0.0,0.0,0.0,0.0,0.0,-11.0,8.0,-11.0,8.0,-11.0,9.0,-13.0,8.0,-11.0,8.0,-11.0,9.0,-13.0,10.0,-13.0,9.0,-12.0,10.0,-12.0,10.0,-12.0,10.0,-12.0,10.0,-13.0,10.0,-12.0,10.0,-12.0,11.0,-12.0,11.0,-13.0,10.0,-12.0,11.0,-12.0,11.0,-12.0,11.0,-12.0,11.0,-12.0,11.0,-12.0,12.0,-12.0,12.0,-12.0,12.0,-12.0,12.0
3.6265,122.0,-96.0,7.0,0.0,0.0,0.0,0.0,0.0,0.0,0.0,0.0,0.0,-12.0,-8.0,-12.0,-8.0,-13.0,-8.0,-12.0,-8.0,-13.0,-8.0,-13.0,-8.0,-13.0,-8.0,-14.0,-8.0,-13.0,-8.0,-14.0,-9.0,-14.0,-9.0,-14.0,-9.0,-14.0,-9.0,-14.0,-8.0,-15.0,-8.0,-14.0,-9.0,-14.0,-8.0,-15.0,-8.0,-15.0,-8.0,-15.0,-9.0,-15.0,-9.0,-15.0,-8.0,-15.0,-8.0,-15.0,-8.0,-15.0,-8.0,-15.0,-8.0
3.6386,122.0,-96.0,7.0,0.0,0.0,0.0,0.0,0.0,0.0,0.0,0.0,0.0,10.0,3.0,5.0,4.0,0.0,5.0,-5.0,7.0,-10.0,9.0,-13.0,12.0,-17.0,14.0,-19.0,17.0,-21.0,19.0,-21.0,21.0,-20.0,22.0,-19.0,22.0,-17.0,22.0,-15.0,21.0,-13.0,17.0,-11.0,13.0,-9.0,9.0,-8.0,3.0,-7.0,-2.0,-6.0,-7.0,-6.0,-13.0,-6.0,-18.0,-9.0,-23.0,-10.0,-26.0,-12.0,-28.0,-13.0,-29.0
3.6523,122.0,-96.0,7.0,0.0,0.0,0.0,0.0,0.0,0.0,0.0,0.0,0.0,6.0,-9.0,6.0,-10.0,6.0,-10.0,6.0,-10.0,6.0,-9.0,6.0,-10.0,6.0,-10.0,6.0,-11.0,6.0,-10.0,6.0,-11.0,6.0,-11.0,6.0,-11.0,6.0,-11.0,6.0,-11.0,6.0,-11.0,6.0,-11.0,6.0,-11.0,6.0,-12.0,6.0,-12.0,6.0,-11.0,6.0,-11.0,5.0,-12.0,6.0,-12.0,6.0,-12.0,6.0,-12.0,6.0,-12.0
3.6654,122.0,-96.0,7.0,0.0,0.0,0.0,0.0,0.0,0.0,0.0,0.0,0.0,12.0,2.0,7.0,3.0,1.0,5.0,-3.0,8.0,-9.0,11.0,-13.0,15.0,-16.0,18.0,-19.0,22.0,-20.0,24.0,-20.0,27.0,-19.0,28.0,-18.0,28.0,-17.0,27.0,-15.0,26.0,-12.0,22.0,-11.0,17.0,-9.0,13.0,-8.0,7.0,-8.0,0.0,-8.0,-6.0,-8.0,-13.0,-10.0,-18.0,-12.0,-23.0,-14.0,-27.0,-16.0,-30.0,-17.0,-31.0
3.6791,122.0,-96.0,7.0,0.0,0.0,0.0,0.0,0.0,0.0,0.0,0.0,0.0,6.0,-10.0,5.0,-5.0,5.0,0.0,6.0,5.0,6.0,10.0,8.0,15.0,10.0,19.0,11.0,22.0,14.0,24.0,14.0,25.0,15.0,25.0,16.0,24.0,16.0,22.0,16.0,20.0,13.0,17.0,11.0,14.0,7.0,11.0,3.0,8.0,-3.0,6.0,-8.0,4.0,-13.0,2.0,-18.0,1.0,-23.0,1.0,-27.0,1.0,-29.0,2.0,-31.0,3.0
3.6933,122.0,-96.0,7.0,0.0,0.0,0.0,0.0,0.0,0.0,0.0,0.0,0.0,-5.0,22.0,-4.0,20.0,-4.0,17.0,-3.0,14.0,-4.0,10.0,-5.0,5.0,-6.0,0.0,-8.0,-4.0,-10.0,-8.0,-12.0,-12.0,-14.0,-15.0,-16.0,-17.0,-19.0,-19.0,-21.0,-19.0,-22.0,-19.0,-21.0,-18.0,-21.0,-16.0,-19.0,-14.0,-17.0,-12.0,-13.0,-10.0,-9.0,-9.0,-4.0,-7.0,1.0,-6.0,6.0,-5.0,11.0,-5.0,16.0,-6.0
3.7076,122.0,-96.0,7.0,0.0,0.0,0.0,0.0,0.0,0.0,0.0,0.0,0.0,7.0,-23.0,7.0,-24.0,6.0,-26.0,6.0,-24.0,5.0,-24.0,4.0,-21.0,3.0,-19.0,4.0,-16.0,3.0,-11.0,4.0,-6.0,5.0,-1.0,6.0,4.0,8.0,9.0,10.0,12.0,12.0,15.0,14.0,18.0,16.0,19.0,17.0,21.0,18.0,20.0,19.0,20.0,18.0,19.0,16.0,16.0,14.0,14.0,11.0,11.0,7.0,8.0,3.0,6.0
3.7211,122.0,-96.0,7.0,0.0,0.0,0.0,0.0,0.0,0.0,0.0,0.0,0.0,-24.0,5.0,-25.0,6.0,-25.0,7.0,-24.0,7.0,-23.0,7.0,-21.0,7.0,-18.0,6.0,-15.0,3.0,-12.0,2.0,-8.0,-2.0,-4.0,-5.0,-1.0,-9.0,2.0,-12.0,5.0,-16.0,7.0,-20.0,8.0,-22.0,9.0,-25.0,9.0,-26.0,9.0,-27.0,8.0,-27.0,7.0,-26.0,6.0,-23.0,5.0,-21.0,4.0,-16.0,4.0,-12.0,4.0,-7.0
3.7354,122.0,-96.0,7.0,0.0,0.0,0.0,0.0,0.0,0.0,0.0,0.0,0.0,-10.0,4.0,-11.0,5.0,-10.0,5.0,-11.0,5.0,-11.0,5.0,-11.0,5.0,-11.0,5.0,-11.0,6.0,-11.0,5.0,-11.0,5.0,-11.0,5.0,-12.0,5.0,-12.0,5.0,-12.0,5.0,-12.0,6.0,-12.0,6.0,-12.0,5.0,-11.0,6.0,-12.0,6.0,-12.0,6.0,-12.0,6.0,-12.0,6.0,-11.0,7.0,-12.0,6.0,-12.0,6.0,-12.0,7.0
3.7509,122.0,-96.0,7.0,0.0,0.0,0.0,0.0,0.0,0.0,0.0,0.0,0.0,-13.0,3.0,-14.0,4.0,-14.0,4.0,-15.0,4.0,-14.0,4.0,-15.0,4.0,-14.0,4.0,-14.0,5.0,-15.0,5.0,-15.0,4.0,-15.0,5.0,-15.0,5.0,-15.0,5.0,-15.0,5.0,-15.0,5.0,-15.0,5.0,-16.0,5.0,-15.0,6.0,-15.0,6.0,-16.0,6.0,-16.0,6.0,-15.0,7.0,-15.0,7.0,-16.0,7.0,-16.0,7.0,-16.0,7.0
3.7655,122.0,-96.0,7.0,0.0,0.0,0.0,0.0,0.0,0.0,0.0,0.0,0.0,-4.0,-29.0,-4.0,-26.0,-3.0,-23.0,-2.0,-18.0,0.0,-13.0,2.0,-8.0,6.0,-3.0,10.0,2.0,14.0,6.0,18.0,9.0,22.0,12.0,25.0,13.0,28.0,14.0,31.0,14.0,32.0,13.0,31.0,11.0,30.0,10.0,26.0,8.0,22.0,7.0,17.0,6.0,11.0,6.0,4.0,6.0,-3.0,7.0,-9.0,8.0,-15.0,10.0,-20.0,13.0
3.7803,122.0,-96.0,7.0,0.0,0.0,0.0,0.0,0.0,0.0,0.0,0.0,0.0,-12.0,0.0,-11.0,1.0,-12.0,1.0,-12.0,1.0,-12.0,1.0,-13.0,0.0,-12.0,1.0,-13.0,1.0,-13.0,1.0,-13.0,0.0,-13.0,1.0,-13.0,1.0,-13.0,1.0,-13.0,1.0,-13.0,1.0,-13.0,1.0,-13.0,2.0,-13.0,1.0,-14.0,1.0,-14.0,1.0,-14.0,1.0,-14.0,2.0,-13.0,2.0,-14.0,2.0,-14.0,2.0,-14.0,2.0
3.7969,122.0,-96.0,7.0,0.0,0.0,0.0,0.0,0.0,0.0,0.0,0.0,0.0,12.0,22.0,11.0,20.0,10.0,17.0,7.0,14.0,4.0,10.0,0.0,7.0,-5.0,4.0,-9.0,1.0,-14.0,-1.0,-19.0,-2.0,-22.0,-3.0,-26.0,-4.0,-29.0,-3.0,-31.0,-2.0,-32.0,-2.0,-30.0,-1.0,-29.0,0.0,-26.0,0.0,-23.0,1.0,-18.0,0.0,-13.0,-2.0,-8.0,-4.0,-3.0,-7.0,2.0,-9.0,7.0,-12.0,10.0,-17.0
3.8081,122.0,-96.0,7.0,0.0,0.0,0.0,0.0,0.0,0.0,0.0,0.0,0.0,24.0,6.0,22.0,6.0,19.0,4.0,15.0,4.0,10.0,4.0,5.0,5.0,-1.0,6.0,-6.0,7.0,-11.0,10.0,-15.0,12.0,-18.0,14.0,-21.0,16.0,-23.0,18.0,-23.0,20.0,-23.0,21.0,-21.0,21.0,-19.0,20.0,-18.0,18.0,-14.0,15.0,-12.0,11.0,-10.0,6.0,-8.0,1.0,-6.0,-5.0,-5.0,-10.0,-4.0,-15.0,-5.0,-21.0
3.822,122.0,-96.0,7.0,0.0,0.0,0.0,0.0,0.0,0.0,0.0,0.0,0.0,-11.0,3.0,-15.0,4.0,-19.0,5.0,-21.0,5.0,-24.0,6.0,-25.0,7.0,-25.0,9.0,-25.0,10.0,-24.0,10.0,-22.0,8.0,-19.0,7.0,-16.0,5.0,-12.0,3.0,-9.0,0.0,-5.0,-3.0,-2.0,-8.0,1.0,-12.0,3.0,-16.0,4.0,-20.0,4.0,-23.0,5.0,-26.0,4.0,-28.0,4.0,-29.0,3.0,-29.0,2.0,-28.0,1.0,-25.0
3.8355,122.0,-96.0,7.0,0.0,0.0,0.0,0.0,0.0,0.0,0.0,0.0,0.0,12.0,4.0,13.0,4.0,13.0,4.0,13.0,4.0,13.0,4.0,14.0,5.0,14.0,4.0,14.0,4.0,14.0,4.0,14.0,4.0,15.0,4.0,14.0,5.0,14.0,4.0,15.0,4.0,15.0,4.0,15.0,4.0,15.0,3.0,15.0,3.0,16.0,4.0,15.0,3.0,16.0,3.0,16.0,3.0,16.0,3.0,16.0,3.0,16.0,3.0,16.0,3.0
3.8496,122.0,-96.0,7.0,0.0,0.0,0.0,0.0,0.0,0.0,0.0,0.0,0.0,-8.0,10.0,-8.0,11.0,-8.0,12.0,-9.0,11.0,-9.0,11.0,-9.0,12.0,-8.0,12.0,-9.0,13.0,-9.0,12.0,-9.0,12.0,-9.0,13.0,-9.0,13.0,-9.0,13.0,-9.0,13.0,-9.0,13.0,-9.0,13.0,-9.0,13.0,-9.0,14.0,-9.0,14.0,-9.0,14.0,-9.0,14.0,-9.0,14.0,-9.0,14.0,-8.0,14.0,-9.0,14.0,-9.0,15.0
3.8642,122.0,-96.0,7.0,0.0,0.0,0.0,0.0,0.0,0.0,0.0,0.0,0.0,23.0,-11.0,24.0,-13.0,25.0,-14.0,24.0,-14.0,23.0,-14.0,21.0,-13.0,18.0,-12.0,15.0,-9.0,11.0,-6.0,8.0,-2.0,5.0,3.0,2.0,8.0,-1.0,13.0,-3.0,17.0,-3.0,21.0,-5.0,25.0,-4.0,27.0,-5.0,30.0,-4.0,31.0,-3.0,31.0,-2.0,30.0,-1.0,27.0,-1.0,24.0,-1.0,19.0,-2.0,14.0,-3.0,9.0
3.8772,122.0,-96.0,7.0,0.0,0.0,0.0,0.0,0.0,0.0,0.0,0.0,0.0,-7.0,-23.0,-8.0,-24.0,-9.0,-25.0,-9.0,-24.0,-10.0,-23.0,-9.0,-21.0,-8.0,-18.0,-6.0,-15.0,-4.0,-12.0,0.0,-8.0,3.0,-5.0,7.0,-1.0,11.0,1.0,14.0,4.0,18.0,5.0,22.0,6.0,24.0,7.0,26.0,7.0,27.0,7.0,27.0,6.0,26.0,5.0,24.0,4.0,21.0,4.0,17.0,3.0,12.0,3.0,8.0,3.0
3.8929,122.0,-96.0,7.0,0.0,0.0,0.0,0.0,0.0,0.0,0.0,0.0,0.0,-3.0,-14.0,-4.0,-14.0,-4.0,-14.0,-4.0,-15.0,-4.0,-14.0,-4.0,-15.0,-4.0,-15.0,-5.0,-15.0,-5.0,-15.0,-4.0,-15.0,-5.0,-16.0,-5.0,-16.0,-5.0,-16.0,-5.0,-16.0,-5.0,-16.0,-6.0,-16.0,-6.0,-16.0,-6.0,-16.0,-6.0,-16.0,-6.0,-16.0,-6.0,-16.0,-7.0,-16.0,-7.0,-16.0,-7.0,-17.0,-7.0,-16.0,-7.0,-16.0
3.9068,122.0,-96.0,7.0,0.0,0.0,0.0,0.0,0.0,0.0,0.0,0.0,0.0,15.0,2.0,8.0,4.0,2.0,6.0,-4.0,9.0,-10.0,13.0,-15.0,18.0,-18.0,22.0,-21.0,26.0,-23.0,29.0,-23.0,31.0,-23.0,33.0,-22.0,33.0,-20.0,32.0,-17.0,30.0,-15.0,26.0,-12.0,21.0,-10.0,15.0,-9.0,8.0,-9.0,0.0,-9.0,-7.0,-10.0,-15.0,-12.0,-21.0,-14.0,-27.0,-16.0,-31.0,-19.0,-34.0,-21.0,-36.0
3.9204,122.0,-96.0,7.0,0.0,0.0,0.0,0.0,0.0,0.0,0.0,0.0,0.0,-12.0,2.0,-15.0,2.0,-19.0,2.0,-22.0,2.0,-25.0,3.0,-26.0,4.0,-27.0,5.0,-26.0,6.0,-25.0,6.0,-22.0,6.0,-19.0,4.0,-16.0,3.0,-12.0,1.0,-8.0,-2.0,-4.0,-5.0,-1.0,-9.0,3.0,-13.0,5.0,-16.0,7.0,-20.0,7.0,-23.0,8.0,-26.0,8.0,-27.0,8.0,-28.0,7.0,-28.0,5.0,-27.0,4.0,-24.0
3.9349,122.0,-96.0,7.0,0.0,0.0,0.0,0.0,0.0,0.0,0.0,0.0,0.0,21.0,-1.0,22.0,-2.0,23.0,-2.0,22.0,-3.0,21.0,-3.0,19.0,-3.0,16.0,-2.0,13.0,-1.0,10.0,0.0,6.0,2.0,2.0,4.0,-2.0,7.0,-6.0,10.0,-8.0,12.0,-11.0,15.0,-13.0,17.0,-14.0,19.0,-14.0,20.0,-14.0,21.0,-13.0,21.0,-12.0,20.0,-11.0,18.0,-9.0,16.0,-8.0,12.0,-6.0,8.0,-5.0,4.0
3.9486,122.0,-96.0,7.0,0.0,0.0,0.0,0.0,0.0,0.0,0.0,0.0,0.0,-23.0,-6.0,-21.0,-5.0,-18.0,-5.0,-15.0,-5.0,-11.0,-4.0,-6.0,-5.0,-2.0,-6.0,3.0,-7.0,7.0,-9.0,11.0,-11.0,15.0,-13.0,17.0,-15.0,19.0,-17.0,20.0,-19.0,20.0,-19.0,19.0,-20.0,18.0,-20.0,16.0,-18.0,14.0,-16.0,11.0,-13.0,9.0,-9.0,7.0,-5.0,5.0,0.0,3.0,5.0,2.0,10.0,3.0,15.0
3.9703,122.0,-96.0,7.0,0.0,0.0,0.0,0.0,0.0,0.0,0.0,0.0,0.0,-13.0,19.0,-12.0,17.0,-10.0,15.0,-8.0,11.0,-7.0,7.0,-6.0,2.0,-6.0,-2.0,-6.0,-7.0,-6.0,-12.0,-7.0,-16.0,-8.0,-19.0,-9.0,-22.0,-11.0,-24.0,-12.0,-25.0,-13.0,-26.0,-13.0,-24.0,-13.0,-23.0,-12.0,-20.0,-10.0,-17.0,-7.0,-14.0,-4.0,-10.0,0.0,-7.0,5.0,-4.0,9.0,-2.0,13.0,1.0,18.0,2.0
3.9805,122.0,-96.0,7.0,0.0,0.0,0.0,0.0,0.0,0.0,0.0,0.0,0.0,-9.0,-6.0,-8.0,-6.0,-9.0,-6.0,-9.0,-6.0,-9.0,-6.0,-9.0,-6.0,-10.0,-6.0,-10.0,-6.0,-10.0,-6.0,-10.0,-7.0,-10.0,-7.0,-10.0,-7.0,-10.0,-7.0,-10.0,-7.0,-10.0,-6.0,-11.0,-7.0,-10.0,-6.0,-11.0,-6.0,-11.0,-6.0,-11.0,-7.0,-11.0,-6.0,-10.0,-6.0,-12.0,-7.0,-11.0,-7.0,-11.0,-7.0,-11.0,-6.0
3.9829,98.0,33.0,22.0,0.0,0.0,0.0,0.0,0.0,0.0,0.0,0.0,0.0,11.0,15.0,13.0,17.0,16.0,15.0,17.0,18.0,19.0,17.0,20.0,16.0,21.0,16.0,20.0,14.0,18.0,11.0,17.0,7.0,14.0,5.0,11.0,1.0,7.0,-4.0,3.0,-5.0,-3.0,-10.0,-6.0,-13.0,-11.0,-14.0,-15.0,-16.0,-20.0,-17.0,-24.0,-18.0,-28.0,-18.0,-30.0,-18.0,-29.0,-17.0,-27.0,-15.0,-25.0,-13.0,-24.0,-11.0
3.9978,122.0,-96.0,7.0,0.0,0.0,0.0,0.0,0.0,0.0,0.0,0.0,0.0,18.0,-15.0,19.0,-16.0,19.0,-17.0,19.0,-17.0,17.0,-17.0,15.0,-15.0,13.0,-13.0,11.0,-10.0,8.0,-6.0,6.0,-2.0,4.0,2.0,3.0,8.0,1.0,13.0,1.0,17.0,1.0,21.0,1.0,23.0,1.0,26.0,1.0,28.0,2.0,28.0,3.0,27.0,3.0,25.0,3.0,22.0,3.0,19.0,1.0,14.0,0.0,10.0,-3.0,5.0
4.0109,122.0,-96.0,7.0,0.0,0.0,0.0,0.0,0.0,0.0,0.0,0.0,0.0,-3.0,-19.0,-3.0,-19.0,-4.0,-19.0,-3.0,-19.0,-4.0,-19.0,-4.0,-20.0,-4.0,-20.0,-4.0,-20.0,-4.0,-20.0,-4.0,-20.0,-4.0,-20.0,-4.0,-20.0,-4.0,-21.0,-5.0,-20.0,-5.0,-21.0,-4.0,-20.0,-4.0,-21.0,-4.0,-21.0,-5.0,-21.0,-5.0,-21.0,-4.0,-21.0,-4.0,-21.0,-5.0,-21.0,-5.0,-21.0,-5.0,-20.0,-5.0,-21.0
4.0255,122.0,-96.0,7.0,0.0,0.0,0.0,0.0,0.0,0.0,0.0,0.0,0.0,-1.0,13.0,-1.0,13.0,-1.0,14.0,-1.0,14.0,-1.0,14.0,-1.0,15.0,-1.0,15.0,-1.0,15.0,-1.0,14.0,-1.0,15.0,-1.0,15.0,-1.0,16.0,-1.0,15.0,-1.0,16.0,-1.0,16.0,-1.0,16.0,0.0,16.0,-1.0,16.0,0.0,16.0,0.0,16.0,0.0,16.0,0.0,16.0,0.0,16.0,0.0,17.0,0.0,17.0,1.0,17.0
4.038,122.0,-96.0,7.0,0.0,0.0,0.0,0.0,0.0,0.0,0.0,0.0,0.0,-10.0,4.0,-14.0,5.0,-18.0,6.0,-21.0,8.0,-23.0,9.0,-24.0,10.0,-25.0,11.0,-24.0,12.0,-23.0,12.0,-20.0,11.0,-18.0,9.0,-15.0,6.0,-12.0,4.0,-8.0,1.0,-5.0,-3.0,-3.0,-8.0,0.0,-12.0,2.0,-16.0,2.0,-21.0,3.0,-24.0,3.0,-27.0,3.0,-28.0,2.0,-29.0,1.0,-29.0,0.0,-28.0,-1.0,-25.0
4.0421,-120.0,-126.0,40.0,0.0,0.0,0.0,0.0,0.0,0.0,0.0,0.0,0.0,-2.0,-25.0,-2.0,-25.0,-2.0,-25.0,-2.0,-24.0,-3.0,-22.0,-3.0,-19.0,-4.0,-16.0,-6.0,-11.0,-6.0,-7.0,-7.0,-2.0,-8.0,2.0,-8.0,8.0,-8.0,12.0,-7.0,16.0,-6.0,20.0,-5.0,23.0,-3.0,25.0,-2.0,27.0,0.0,27.0,1.0,26.0,2.0,23.0,2.0,19.0,2.0,14.0,1.0,9.0,1.0,2.0,-1.0,-5.0
4.0559,122.0,-96.0,7.0,0.0,0.0,0.0,0.0,0.0,0.0,0.0,0.0,0.0,14.0,10.0,15.0,10.0,15.0,10.0,15.0,10.0,14.0,10.0,15.0,10.0,15.0,10.0,16.0,10.0,16.0,10.0,16.0,10.0,16.0,11.0,16.0,10.0,16.0,11.0,16.0,10.0,17.0,10.0,16.0,10.0,17.0,10.0,16.0,11.0,17.0,11.0,17.0,10.0,17.0,10.0,17.0,10.0,17.0,10.0,17.0,10.0,17.0,10.0,17.0,10.0
4.0693,122.0,-96.0,7.0,0.0,0.0,0.0,0.0,0.0,0.0,0.0,0.0,0.0,-14.0,17.0,-15.0,18.0,-15.0,18.0,-15.0,18.0,-15.0,18.0,-15.0,19.0,-15.0,19.0,-15.0,20.0,-16.0,20.0,-15.0,20.0,-15.0,20.0,-15.0,20.0,-15.0,20.0,-15.0,20.0,-15.0,21.0,-15.0,20.0,-15.0,21.0,-15.0,21.0,-15.0,21.0,-15.0,21.0,-14.0,22.0,-15.0,22.0,-14.0,22.0,-14.0,22.0,-14.0,21.0,-14.0,22.0
4.0829,122.0,-96.0,7.0,0.0,0.0,0.0,0.0,0.0,0.0,0.0,0.0,0.0,0.0,12.0,-1.0,12.0,-1.0,12.0,0.0,12.0,0.0,13.0,-1.0,13.0,-1.0,13.0,0.0,13.0,0.0,13.0,0.0,13.0,0.0,13.0,0.0,13.0,-1.0,13.0,0.0,14.0,0.0,14.0,0.0,14.0,1.0,14.0,1.0,14.0,1.0,14.0,1.0,14.0,1.0,14.0,1.0,14.0,1.0,14.0,1.0,15.0,1.0,15.0,2.0,15.0
4.1016,122.0,-96.0,7.0,0.0,0.0,0.0,0.0,0.0,0.0,0.0,0.0,0.0,-17.0,15.0,-16.0,14.0,-14.0,11.0,-11.0,8.0,-9.0,5.0,-7.0,1.0,-5.0,-4.0,-4.0,-8.0,-3.0,-13.0,-3.0,-17.0,-3.0,-21.0,-3.0,-24.0,-4.0,-26.0,-6.0,-27.0,-6.0,-28.0,-7.0,-27.0,-7.0,-25.0,-6.0,-22.0,-6.0,-18.0,-4.0,-15.0,-1.0,-11.0,2.0,-7.0,5.0,-3.0,9.0,1.0,12.0,4.0,17.0,6.0
4.1132,122.0,-96.0,7.0,0.0,0.0,0.0,0.0,0.0,0.0,0.0,0.0,0.0,19.0,-17.0,17.0,-15.0,15.0,-14.0,12.0,-10.0,9.0,-7.0,7.0,-1.0,5.0,3.0,3.0,8.0,2.0,14.0,1.0,18.0,1.0,22.0,1.0,25.0,2.0,28.0,4.0,30.0,5.0,30.0,6.0,29.0,6.0,27.0,5.0,24.0,4.0,20.0,2.0,16.0,0.0,11.0,-3.0,6.0,-7.0,2.0,-11.0,-3.0,-15.0,-6.0,-20.0,-9.0
4.1277,122.0,-96.0,7.0,0.0,0.0,0.0,0.0,0.0,0.0,0.0,0.0,0.0,-9.0,7.0,-7.0,2.0,-5.0,-3.0,-4.0,-8.0,-4.0,-13.0,-4.0,-18.0,-5.0,-22.0,-5.0,-25.0,-7.0,-28.0,-7.0,-29.0,-8.0,-30.0,-9.0,-28.0,-9.0,-27.0,-10.0,-24.0,-8.0,-21.0,-6.0,-17.0,-3.0,-13.0,0.0,-9.0,4.0,-5.0,8.0,-1.0,13.0,2.0,18.0,5.0,23.0,6.0,26.0,6.0,28.0,6.0,30.0,6.0
4.1424,122.0,-96.0,7.0,0.0,0.0,0.0,0.0,0.0,0.0,0.0,0.0,0.0,22.0,-7.0,20.0,-7.0,17.0,-6.0,14.0,-4.0,10.0,-2.0,6.0,1.0,3.0,4.0,-1.0,8.0,-3.0,12.0,-6.0,15.0,-7.0,18.0,-8.0,21.0,-9.0,24.0,-8.0,26.0,-8.0,26.0,-7.0,26.0,-6.0,25.0,-5.0,22.0,-4.0,19.0,-4.0,15.0,-4.0,10.0,-5.0,6.0,-6.0,0.0,-8.0,-5.0,-9.0,-9.0,-12.0,-13.0
4.1599,122.0,-96.0,7.0,0.0,0.0,0.0,0.0,0.0,0.0,0.0,0.0,0.0,-23.0,0.0,-22.0,0.0,-19.0,0.0,-15.0,-1.0,-11.0,-2.0,-7.0,-3.0,-3.0,-6.0,1.0,-8.0,5.0,-11.0,8.0,-14.0,11.0,-16.0,13.0,-19.0,14.0,-21.0,14.0,-23.0,14.0,-25.0,13.0,-24.0,12.0,-24.0,10.0,-21.0,9.0,-19.0,7.0,-15.0,7.0,-11.0,5.0,-6.0,5.0,-1.0,5.0,4.0,5.0,9.0,7.0,14.0
4.171,122.0,-96.0,7.0,0.0,0.0,0.0,0.0,0.0,0.0,0.0,0.0,0.0,11.0,0.0,6.0,2.0,2.0,5.0,-3.0,7.0,-6.0,11.0,-9.0,15.0,-12.0,18.0,-14.0,22.0,-14.0,24.0,-14.0,26.0,-14.0,27.0,-12.0,27.0,-11.0,25.0,-9.0,24.0,-8.0,20.0,-7.0,16.0,-6.0,11.0,-6.0,5.0,-7.0,-1.0,-8.0,-6.0,-10.0,-11.0,-12.0,-16.0,-14.0,-20.0,-17.0,-22.0,-19.0,-24.0,-20.0,-25.0
4.1859,122.0,-96.0,7.0,0.0,0.0,0.0,0.0,0.0,0.0,0.0,0.0,0.0,-8.0,-11.0,-9.0,-12.0,-9.0,-12.0,-9.0,-13.0,-9.0,-12.0,-10.0,-13.0,-10.0,-12.0,-10.0,-13.0,-10.0,-13.0,-10.0,-12.0,-10.0,-13.0,-10.0,-13.0,-10.0,-13.0,-10.0,-13.0,-11.0,-13.0,-11.0,-13.0,-11.0,-14.0,-11.0,-13.0,-11.0,-13.0,-11.0,-13.0,-12.0,-13.0,-12.0,-13.0,-12.0,-13.0,-12.0,-13.0,-12.0,-13.0,-12.0,-13.0
4.1986,122.0,-96.0,7.0,0.0,0.0,0.0,0.0,0.0,0.0,0.0,0.0,0.0,-11.0,3.0,-15.0,4.0,-19.0,4.0,-21.0,5.0,-24.0,6.0,-25.0,8.0,-26.0,8.0,-25.0,9.0,-24.0,9.0,-22.0,9.0,-19.0,7.0,-16.0,5.0,-12.0,3.0,-8.0,0.0,-5.0,-3.0,-2.0,-8.0,0.0,-12.0,3.0,-16.0,4.0,-21.0,5.0,-23.0,5.0,-26.0,5.0,-28.0,4.0,-29.0,2.0,-29.0,1.0,-28.0,1.0,-25.0
4.2117,122.0,-96.0,7.0,0.0,0.0,0.0,0.0,0.0,0.0,0.0,0.0,0.0,-7.0,-23.0,-9.0,-24.0,-9.0,-24.0,-10.0,-24.0,-10.0,-22.0,-9.0,-21.0,-8.0,-18.0,-6.0,-15.0,-4.0,-11.0,0.0,-8.0,3.0,-4.0,8.0,-1.0,12.0,1.0,15.0,4.0,19.0,5.0,22.0,6.0,25.0,6.0,26.0,7.0,27.0,6.0,27.0,5.0,25.0,5.0,23.0,3.0,20.0,3.0,15.0,2.0,10.0,2.0,6.0,3.0
4.2253,122.0,-96.0,7.0,0.0,0.0,0.0,0.0,0.0,0.0,0.0,0.0,0.0,-10.0,7.0,-8.0,3.0,-6.0,-3.0,-5.0,-9.0,-5.0,-15.0,-5.0,-21.0,-6.0,-25.0,-7.0,-29.0,-8.0,-32.0,-9.0,-33.0,-11.0,-33.0,-11.0,-32.0,-12.0,-30.0,-12.0,-27.0,-10.0,-23.0,-8.0,-19.0,-4.0,-14.0,0.0,-10.0,5.0,-6.0,10.0,-1.0,15.0,2.0,21.0,4.0,26.0,5.0,30.0,5.0,33.0,5.0,34.0,5.0
4.2392,122.0,-96.0,7.0,0.0,0.0,0.0,0.0,0.0,0.0,0.0,0.0,0.0,6.0,25.0,5.0,22.0,5.0,19.0,3.0,16.0,1.0,12.0,-2.0,7.0,-5.0,3.0,-9.0,0.0,-13.0,-3.0,-17.0,-6.0,-20.0,-8.0,-24.0,-10.0,-27.0,-10.0,-29.0,-10.0,-30.0,-9.0,-30.0,-9.0,-29.0,-7.0,-26.0,-6.0,-23.0,-5.0,-19.0,-5.0,-14.0,-5.0,-9.0,-5.0,-3.0,-6.0,3.0,-8.0,8.0,-9.0,12.0,-12.0
4.255,122.0,-96.0,7.0,0.0,0.0,0.0,0.0,0.0,0.0,0.0,0.0,0.0,-23.0,11.0,-21.0,11.0,-18.0,9.0,-15.0,7.0,-12.0,4.0,-9.0,0.0,-6.0,-4.0,-3.0,-9.0,0.0,-13.0,1.0,-18.0,3.0,-22.0,4.0,-25.0,4.0,-28.0,3.0,-31.0,2.0,-32.0,1.0,-31.0,0.0,-30.0,0.0,-27.0,-1.0,-24.0,0.0,-20.0,1.0,-15.0,3.0,-9.0,5.0,-4.0,7.0,1.0,10.0,6.0,14.0,10.0
4.2685,122.0,-96.0,7.0,0.0,0.0,0.0,0.0,0.0,0.0,0.0,0.0,0.0,-12.0,0.0,-7.0,-3.0,-3.0,-5.0,1.0,-9.0,5.0,-12.0,8.0,-17.0,10.0,-20.0,11.0,-23.0,12.0,-26.0,12.0,-27.0,11.0,-28.0,10.0,-28.0,9.0,-27.0,7.0,-25.0,6.0,-22.0,5.0,-17.0,5.0,-13.0,5.0,-7.0,6.0,-1.0,7.0,5.0,9.0,9.0,12.0,14.0,14.0,18.0,17.0,20.0,19.0,21.0,21.0,23.0
4.2824,122.0,-96.0,7.0,0.0,0.0,0.0,0.0,0.0,0.0,0.0,0.0,0.0,-10.0,7.0,-8.0,2.0,-6.0,-3.0,-5.0,-10.0,-4.0,-15.0,-4.0,-21.0,-5.0,-25.0,-6.0,-29.0,-8.0,-32.0,-9.0,-33.0,-10.0,-33.0,-11.0,-32.0,-11.0,-30.0,-12.0,-27.0,-9.0,-23.0,-7.0,-18.0,-4.0,-13.0,1.0,-9.0,6.0,-4.0,11.0,-1.0,17.0,2.0,22.0,4.0,27.0,5.0,31.0,5.0,34.0,4.0,35.0,4.0
4.2966,122.0,-96.0,7.0,0.0,0.0,0.0,0.0,0.0,0.0,0.0,0.0,0.0,23.0,-5.0,24.0,-7.0,24.0,-7.0,24.0,-7.0,22.0,-7.0,21.0,-7.0,17.0,-6.0,14.0,-4.0,10.0,-2.0,7.0,1.0,3.0,4.0,-1.0,8.0,-4.0,12.0,-6.0,15.0,-8.0,19.0,-10.0,21.0,-11.0,24.0,-11.0,25.0,-10.0,27.0,-9.0,26.0,-9.0,25.0,-7.0,22.0,-6.0,19.0,-5.0,15.0,-5.0,10.0,-5.0,6.0
4.3096,122.0,-96.0,7.0,0.0,0.0,0.0,0.0,0.0,0.0,0.0,0.0,0.0,23.0,11.0,20.0,10.0,17.0,8.0,13.0,7.0,9.0,6.0,3.0,6.0,-2.0,6.0,-7.0,6.0,-13.0,7.0,-17.0,9.0,-20.0,11.0,-23.0,12.0,-25.0,14.0,-26.0,16.0,-27.0,17.0,-25.0,16.0,-23.0,16.0,-20.0,15.0,-17.0,12.0,-14.0,9.0,-11.0,5.0,-7.0,0.0,-5.0,-5.0,-3.0,-11.0,-2.0,-16.0,-1.0,-21.0
4.3243,122.0,-96.0,7.0,0.0,0.0,0.0,0.0,0.0,0.0,0.0,0.0,0.0,-19.0,13.0,-17.0,12.0,-15.0,10.0,-12.0,7.0,-10.0,5.0,-7.0,0.0,-5.0,-4.0,-3.0,-8.0,-2.0,-13.0,-2.0,-18.0,-1.0,-21.0,-2.0,-24.0,-2.0,-26.0,-4.0,-28.0,-4.0,-28.0,-6.0,-27.0,-6.0,-25.0,-6.0,-22.0,-5.0,-19.0,-3.0,-15.0,-1.0,-11.0,2.0,-7.0,5.0,-3.0,9.0,2.0,12.0,5.0,17.0,7.0
4.3369,122.0,-96.0,7.0,0.0,0.0,0.0,0.0,0.0,0.0,0.0,0.0,0.0,11.0,3.0,11.0,3.0,11.0,3.0,11.0,3.0,12.0,3.0,12.0,3.0,12.0,3.0,12.0,3.0,12.0,3.0,12.0,3.0,12.0,3.0,12.0,3.0,13.0,4.0,13.0,3.0,13.0,3.0,13.0,3.0,13.0,3.0,13.0,3.0,13.0,3.0,13.0,4.0,13.0,3.0,13.0,3.0,14.0,3.0,14.0,3.0,14.0,3.0,14.0,3.0
4.3503,122.0,-96.0,7.0,0.0,0.0,0.0,0.0,0.0,0.0,0.0,0.0,0.0,5.0,-18.0,5.0,-18.0,5.0,-19.0,5.0,-18.0,5.0,-19.0,5.0,-19.0,5.0,-19.0,6.0,-19.0,5.0,-20.0,5.0,-20.0,5.0,-20.0,5.0,-20.0,5.0,-20.0,4.0,-20.0,5.0,-20.0,5.0,-20.0,5.0,-20.0,5.0,-21.0,5.0,-20.0,5.0,-21.0,6.0,-21.0,5.0,-21.0,5.0,-21.0,4.0,-21.0,5.0,-21.0,4.0,-21.0
4.3669,122.0,-96.0,7.0,0.0,0.0,0.0,0.0,0.0,0.0,0.0,0.0,0.0,14.0,-18.0,14.0,-18.0,15.0,-18.0,15.0,-19.0,15.0,-19.0,15.0,-19.0,15.0,-20.0,15.0,-20.0,15.0,-20.0,15.0,-20.0,15.0,-20.0,15.0,-20.0,15.0,-21.0,15.0,-21.0,15.0,-22.0,14.0,-21.0,15.0,-22.0,14.0,-21.0,15.0,-22.0,14.0,-22.0,14.0,-23.0,14.0,-22.0,13.0,-23.0,13.0,-23.0,14.0,-22.0,14.0,-23.0
4.3799,122.0,-96.0,7.0,0.0,0.0,0.0,0.0,0.0,0.0,0.0,0.0,0.0,-10.0,-11.0,-10.0,-11.0,-10.0,-11.0,-10.0,-11.0,-11.0,-11.0,-11.0,-11.0,-12.0,-11.0,-12.0,-11.0,-12.0,-11.0,-12.0,-11.0,-12.0,-11.0,-12.0,-12.0,-12.0,-12.0,-12.0,-12.0,-13.0,-11.0,-13.0,-11.0,-12.0,-11.0,-13.0,-11.0,-13.0,-11.0,-13.0,-11.0,-13.0,-11.0,-13.0,-11.0,-14.0,-11.0,-14.0,-11.0,-14.0,-12.0,-14.0,-11.0
4.3919,122.0,-96.0,7.0,0.0,0.0,0.0,0.0,0.0,0.0,0.0,0.0,0.0,17.0,0.0,18.0,0.0,18.0,0.0,18.0,0.0,18.0,0.0,19.0,0.0,19.0,0.0,19.0,0.0,19.0,0.0,19.0,0.0,19.0,0.0,19.0,0.0,19.0,0.0,19.0,0.0,20.0,-1.0,19.0,0.0,20.0,0.0,19.0,-1.0,20.0,0.0,20.0,0.0,20.0,-1.0,20.0,0.0,20.0,-1.0,20.0,-1.0,20.0,-1.0,21.0,-1.0
4.4052,122.0,-96.0,7.0,0.0,0.0,0.0,0.0,0.0,0.0,0.0,0.0,0.0,10.0,0.0,6.0,2.0,1.0,5.0,-2.0,8.0,-6.0,12.0,-9.0,16.0,-11.0,19.0,-13.0,22.0,-13.0,25.0,-14.0,26.0,-13.0,27.0,-11.0,27.0,-10.0,25.0,-8.0,23.0,-7.0,19.0,-6.0,15.0,-6.0,10.0,-6.0,4.0,-7.0,-2.0,-9.0,-7.0,-11.0,-12.0,-13.0,-16.0,-15.0,-20.0,-18.0,-22.0,-21.0,-23.0,-22.0,-24.0
4.4228,122.0,-96.0,7.0,0.0,0.0,0.0,0.0,0.0,0.0,0.0,0.0,0.0,-6.0,-11.0,-6.0,-11.0,-7.0,-11.0,-6.0,-11.0,-7.0,-11.0,-7.0,-11.0,-7.0,-11.0,-7.0,-11.0,-7.0,-12.0,-7.0,-12.0,-7.0,-12.0,-7.0,-12.0,-8.0,-12.0,-8.0,-12.0,-8.0,-12.0,-8.0,-12.0,-8.0,-12.0,-9.0,-12.0,-8.0,-11.0,-9.0,-12.0,-9.0,-12.0,-9.0,-12.0,-9.0,-12.0,-9.0,-12.0,-9.0,-12.0,-9.0,-12.0
4.4255,98.0,33.0,22.0,0.0,0.0,0.0,0.0,0.0,0.0,0.0,0.0,0.0,-5.0,26.0,-10.0,27.0,-6.0,23.0,-10.0,24.0,-4.0,17.0,-5.0,18.0,-2.0,12.0,1.0,12.0,4.0,7.0,6.0,2.0,8.0,-2.0,11.0,-6.0,12.0,-11.0,12.0,-15.0,13.0,-18.0,13.0,-21.0,13.0,-24.0,11.0,-24.0,9.0,-26.0,8.0,-25.0,6.0,-23.0,4.0,-19.0,3.0,-15.0,1.0,-9.0,-1.0,-3.0,-2.0,3.0
4.4408,122.0,-96.0,7.0,0.0,0.0,0.0,0.0,0.0,0.0,0.0,0.0,0.0,-4.0,9.0,-4.0,9.0,-4.0,9.0,-4.0,9.0,-4.0,9.0,-4.0,10.0,-4.0,10.0,-4.0,9.0,-4.0,10.0,-5.0,10.0,-5.0,10.0,-5.0,10.0,-4.0,10.0,-5.0,11.0,-5.0,11.0,-5.0,11.0,-4.0,11.0,-4.0,11.0,-5.0,11.0,-4.0,11.0,-4.0,11.0,-4.0,11.0,-4.0,11.0,-4.0,11.0,-4.0,11.0,-4.0,11.0
4.4572,122.0,-96.0,7.0,0.0,0.0,0.0,0.0,0.0,0.0,0.0,0.0,0.0,-23.0,4.0,-21.0,4.0,-18.0,3.0,-15.0,2.0,-11.0,1.0,-8.0,-2.0,-4.0,-5.0,0.0,-8.0,2.0,-11.0,5.0,-15.0,7.0,-18.0,9.0,-21.0,9.0,-24.0,9.0,-25.0,9.0,-27.0,8.0,-27.0,7.0,-26.0,6.0,-23.0,5.0,-21.0,4.0,-17.0,4.0,-12.0,4.0,-8.0,5.0,-2.0,6.0,3.0,7.0,7.0,10.0,12.0
4.47,122.0,-96.0,7.0,0.0,0.0,0.0,0.0,0.0,0.0,0.0,0.0,0.0,5.0,-11.0,5.0,-6.0,5.0,-1.0,6.0,4.0,7.0,10.0,9.0,14.0,11.0,18.0,13.0,21.0,15.0,23.0,16.0,24.0,17.0,24.0,18.0,23.0,18.0,21.0,17.0,19.0,14.0,16.0,12.0,13.0,8.0,10.0,3.0,8.0,-2.0,6.0,-8.0,4.0,-13.0,2.0,-18.0,3.0,-23.0,2.0,-27.0,3.0,-29.0,4.0,-31.0,5.0
4.4838,122.0,-96.0,7.0,0.0,0.0,0.0,0.0,0.0,0.0,0.0,0.0,0.0,2.0,-14.0,2.0,-14.0,2.0,-15.0,2.0,-15.0,2.0,-15.0,2.0,-15.0,2.0,-15.0,2.0,-16.0,2.0,-15.0,3.0,-16.0,2.0,-16.0,3.0,-16.0,2.0,-16.0,2.0,-16.0,2.0,-17.0,2.0,-17.0,1.0,-17.0,2.0,-17.0,2.0,-17.0,2.0,-17.0,2.0,-17.0,2.0,-17.0,2.0,-17.0,1.0,-18.0,1.0,-18.0,1.0,-18.0
4.4977,122.0,-96.0,7.0,0.0,0.0,0.0,0.0,0.0,0.0,0.0,0.0,0.0,20.0,11.0,22.0,11.0,23.0,10.0,23.0,10.0,21.0,9.0,20.0,8.0,17.0,7.0,13.0,6.0,9.0,5.0,4.0,5.0,-1.0,5.0,-6.0,6.0,-11.0,7.0,-15.0,8.0,-19.0,9.0,-21.0,10.0,-23.0,12.0,-24.0,13.0,-25.0,14.0,-24.0,14.0,-23.0,14.0,-20.0,13.0,-17.0,12.0,-14.0,9.0,-11.0,5.0,-8.0,1.0
4.5113,122.0,-96.0,7.0,0.0,0.0,0.0,0.0,0.0,0.0,0.0,0.0,0.0,11.0,-21.0,11.0,-23.0,11.0,-23.0,10.0,-24.0,9.0,-22.0,8.0,-21.0,7.0,-18.0,6.0,-15.0,5.0,-11.0,5.0,-6.0,5.0,-1.0,5.0,4.0,7.0,9.0,7.0,13.0,9.0,17.0,10.0,20.0,12.0,23.0,13.0,23.0,14.0,24.0,14.0,23.0,14.0,22.0,13.0,20.0,12.0,17.0,9.0,14.0,6.0,10.0,3.0,8.0
4.525,122.0,-96.0,7.0,0.0,0.0,0.0,0.0,0.0,0.0,0.0,0.0,0.0,6.0,-23.0,5.0,-25.0,5.0,-26.0,4.0,-25.0,4.0,-25.0,3.0,-22.0,2.0,-20.0,2.0,-16.0,2.0,-12.0,4.0,-7.0,4.0,-2.0,7.0,2.0,8.0,7.0,10.0,11.0,13.0,14.0,15.0,17.0,17.0,19.0,18.0,20.0,20.0,20.0,20.0,19.0,19.0,18.0,18.0,16.0,16.0,14.0,13.0,11.0,9.0,9.0,5.0,7.0
4.5409,122.0,-96.0,7.0,0.0,0.0,0.0,0.0,0.0,0.0,0.0,0.0,0.0,-21.0,11.0,-22.0,12.0,-22.0,13.0,-21.0,13.0,-20.0,13.0,-18.0,12.0,-16.0,10.0,-13.0,8.0,-11.0,5.0,-8.0,1.0,-5.0,-3.0,-3.0,-8.0,-2.0,-13.0,0.0,-17.0,1.0,-21.0,1.0,-24.0,1.0,-27.0,0.0,-28.0,-1.0,-28.0,-1.0,-28.0,-2.0,-27.0,-2.0,-24.0,-2.0,-21.0,-1.0,-16.0,0.0,-12.0,2.0,-8.0
4.5557,122.0,-96.0,7.0,0.0,0.0,0.0,0.0,0.0,0.0,0.0,0.0,0.0,6.0,-13.0,6.0,-13.0,6.0,-13.0,6.0,-13.0,6.0,-14.0,6.0,-14.0,6.0,-14.0,7.0,-14.0,7.0,-14.0,7.0,-15.0,6.0,-15.0,7.0,-14.0,7.0,-15.0,6.0,-15.0,7.0,-15.0,7.0,-15.0,6.0,-15.0,6.0,-16.0,7.0,-16.0,6.0,-15.0,7.0,-16.0,7.0,-16.0,6.0,-16.0,6.0,-16.0,6.0,-16.0,6.0,-17.0
4.5701,122.0,-96.0,7.0,0.0,0.0,0.0,0.0,0.0,0.0,0.0,0.0,0.0,-8.0,11.0,-9.0,11.0,-9.0,11.0,-9.0,11.0,-9.0,11.0,-9.0,12.0,-9.0,12.0,-9.0,12.0,-10.0,12.0,-9.0,12.0,-9.0,12.0,-10.0,13.0,-9.0,12.0,-9.0,13.0,-9.0,13.0,-10.0,13.0,-9.0,13.0,-9.0,14.0,-10.0,14.0,-9.0,13.0,-10.0,14.0,-9.0,14.0,-9.0,14.0,-9.0,14.0,-9.0,14.0,-9.0,15.0
4.5835,122.0,-96.0,7.0,0.0,0.0,0.0,0.0,0.0,0.0,0.0,0.0,0.0,-1.0,-13.0,-1.0,-17.0,-1.0,-22.0,0.0,-25.0,-1.0,-28.0,-1.0,-29.0,-3.0,-30.0,-4.0,-30.0,-4.0,-28.0,-4.0,-26.0,-3.0,-21.0,-1.0,-18.0,0.0,-13.0,2.0,-8.0,5.0,-3.0,8.0,1.0,12.0,5.0,16.0,8.0,20.0,11.0,23.0,12.0,26.0,13.0,28.0,13.0,29.0,13.0,28.0,12.0,27.0,10.0,24.0,9.0
4.5982,122.0,-96.0,7.0,0.0,0.0,0.0,0.0,0.0,0.0,0.0,0.0,0.0,-10.0,9.0,-10.0,10.0,-10.0,10.0,-11.0,11.0,-10.0,10.0,-11.0,11.0,-10.0,11.0,-10.0,11.0,-11.0,11.0,-11.0,11.0,-11.0,11.0,-11.0,12.0,-11.0,12.0,-10.0,12.0,-10.0,12.0,-11.0,12.0,-10.0,12.0,-10.0,13.0,-11.0,13.0,-10.0,13.0,-10.0,13.0,-11.0,13.0,-10.0,14.0,-10.0,13.0,-10.0,14.0,-10.0,14.0
4.612,122.0,-96.0,7.0,0.0,0.0,0.0,0.0,0.0,0.0,0.0,0.0,0.0,-3.0,22.0,-3.0,20.0,-2.0,17.0,-2.0,14.0,-3.0,10.0,-4.0,5.0,-6.0,1.0,-8.0,-4.0,-10.0,-8.0,-13.0,-11.0,-15.0,-14.0,-17.0,-16.0,-19.0,-18.0,-21.0,-18.0,-22.0,-18.0,-22.0,-17.0,-21.0,-16.0,-20.0,-14.0,-17.0,-12.0,-13.0,-10.0,-9.0,-8.0,-4.0,-7.0,1.0,-6.0,6.0,-5.0,11.0,-5.0,16.0,-6.0
4.6267,122.0,-96.0,7.0,0.0,0.0,0.0,0.0,0.0,0.0,0.0,0.0,0.0,16.0,-13.0,17.0,-15.0,17.0,-15.0,17.0,-16.0,15.0,-15.0,14.0,-14.0,12.0,-12.0,10.0,-9.0,7.0,-6.0,6.0,-1.0,4.0,2.0,2.0,7.0,1.0,11.0,1.0,15.0,1.0,19.0,1.0,21.0,2.0,24.0,1.0,24.0,2.0,25.0,3.0,24.0,3.0,23.0,3.0,20.0,3.0,17.0,1.0,12.0,0.0,9.0,-2.0,5.0
4.6414,122.0,-96.0,7.0,0.0,0.0,0.0,0.0,0.0,0.0,0.0,0.0,0.0,-19.0,-14.0,-21.0,-15.0,-22.0,-14.0,-22.0,-14.0,-21.0,-13.0,-19.0,-11.0,-16.0,-10.0,-13.0,-9.0,-9.0,-7.0,-4.0,-7.0,1.0,-6.0,7.0,-6.0,11.0,-6.0,16.0,-7.0,19.0,-8.0,22.0,-9.0,24.0,-10.0,26.0,-10.0,25.0,-12.0,25.0,-12.0,23.0,-11.0,20.0,-11.0,17.0,-9.0,13.0,-7.0,9.0,-4.0,6.0,0.0
4.6543,122.0,-96.0,7.0,0.0,0.0,0.0,0.0,0.0,0.0,0.0,0.0,0.0,-11.0,-5.0,-14.0,-7.0,-17.0,-9.0,-20.0,-10.0,-22.0,-11.0,-24.0,-11.0,-25.0,-10.0,-25.0,-9.0,-24.0,-8.0,-22.0,-7.0,-19.0,-7.0,-15.0,-6.0,-11.0,-6.0,-6.0,-6.0,-1.0,-6.0,4.0,-7.0,9.0,-9.0,13.0,-10.0,17.0,-13.0,19.0,-15.0,21.0,-17.0,22.0,-18.0,21.0,-19.0,20.0,-19.0,19.0,-19.0,17.0,-18.0
4.6689,122.0,-96.0,7.0,0.0,0.0,0.0,0.0,0.0,0.0,0.0,0.0,0.0,-25.0,-9.0,-22.0,-8.0,-19.0,-7.0,-15.0,-6.0,-11.0,-6.0,-5.0,-6.0,0.0,-7.0,5.0,-8.0,10.0,-10.0,14.0,-12.0,18.0,-14.0,21.0,-15.0,22.0,-18.0,23.0,-20.0,23.0,-21.0,22.0,-21.0,19.0,-20.0,17.0,-18.0,14.0,-15.0,12.0,-12.0,9.0,-7.0,7.0,-2.0,5.0,4.0,3.0,9.0,2.0,14.0,3.0,20.0
4.6838,122.0,-96.0,7.0,0.0,0.0,0.0,0.0,0.0,0.0,0.0,0.0,0.0,-12.0,-8.0,-12.0,-8.0,-13.0,-8.0,-13.0,-8.0,-13.0,-8.0,-13.0,-8.0,-14.0,-8.0,-14.0,-8.0,-14.0,-8.0,-15.0,-8.0,-14.0,-8.0,-14.0,-8.0,-14.0,-8.0,-14.0,-8.0,-15.0,-8.0,-15.0,-8.0,-15.0,-8.0,-16.0,-8.0,-15.0,-8.0,-16.0,-7.0,-16.0,-7.0,-15.0,-7.0,-16.0,-8.0,-16.0,-7.0,-16.0,-7.0,-17.0,-7.0
4.697,122.0,-96.0,7.0,0.0,0.0,0.0,0.0,0.0,0.0,0.0,0.0,0.0,8.0,-22.0,8.0,-20.0,6.0,-17.0,6.0,-14.0,5.0,-9.0,5.0,-5.0,5.0,0.0,6.0,5.0,7.0,10.0,9.0,14.0,10.0,17.0,11.0,19.0,13.0,21.0,15.0,22.0,16.0,22.0,16.0,20.0,16.0,19.0,14.0,16.0,12.0,14.0,9.0,11.0,5.0,8.0,0.0,6.0,-5.0,4.0,-9.0,2.0,-14.0,1.0,-19.0,1.0
4.7112,122.0,-96.0,7.0,0.0,0.0,0.0,0.0,0.0,0.0,0.0,0.0,0.0,-1.0,25.0,-1.0,22.0,0.0,20.0,-1.0,15.0,-2.0,11.0,-4.0,6.0,-7.0,2.0,-9.0,-3.0,-12.0,-7.0,-15.0,-11.0,-18.0,-14.0,-21.0,-16.0,-23.0,-17.0,-25.0,-18.0,-26.0,-17.0,-27.0,-16.0,-25.0,-15.0,-24.0,-13.0,-20.0,-11.0,-16.0,-9.0,-11.0,-8.0,-5.0,-7.0,1.0,-7.0,6.0,-7.0,12.0,-6.0,17.0,-8.0
4.7254,122.0,-96.0,7.0,0.0,0.0,0.0,0.0,0.0,0.0,0.0,0.0,0.0,-11.0,18.0,-10.0,20.0,-10.0,20.0,-10.0,20.0,-9.0,19.0,-8.0,17.0,-7.0,15.0,-6.0,11.0,-6.0,8.0,-6.0,3.0,-5.0,-1.0,-6.0,-6.0,-7.0,-10.0,-8.0,-14.0,-10.0,-17.0,-11.0,-19.0,-12.0,-21.0,-13.0,-22.0,-14.0,-22.0,-14.0,-21.0,-14.0,-20.0,-13.0,-17.0,-11.0,-14.0,-8.0,-11.0,-5.0,-8.0,-1.0,-6.0
4.7403,122.0,-96.0,7.0,0.0,0.0,0.0,0.0,0.0,0.0,0.0,0.0,0.0,-4.0,-14.0,-4.0,-14.0,-4.0,-14.0,-5.0,-15.0,-4.0,-14.0,-5.0,-15.0,-5.0,-15.0,-5.0,-15.0,-6.0,-15.0,-5.0,-15.0,-5.0,-15.0,-5.0,-16.0,-5.0,-16.0,-6.0,-16.0,-6.0,-15.0,-6.0,-16.0,-6.0,-16.0,-6.0,-16.0,-7.0,-16.0,-7.0,-16.0,-7.0,-16.0,-7.0,-16.0,-8.0,-16.0,-7.0,-16.0,-7.0,-16.0,-8.0,-16.0
4.7564,122.0,-96.0,7.0,0.0,0.0,0.0,0.0,0.0,0.0,0.0,0.0,0.0,-2.0,10.0,-2.0,10.0,-2.0,11.0,-2.0,11.0,-2.0,11.0,-2.0,11.0,-2.0,12.0,-1.0,12.0,-2.0,12.0,-2.0,12.0,-2.0,12.0,-2.0,12.0,-2.0,12.0,-2.0,12.0,-2.0,12.0,-2.0,12.0,-1.0,12.0,-2.0,13.0,-2.0,12.0,-1.0,12.0,-1.0,13.0,-1.0,13.0,-1.0,13.0,-1.0,13.0,-1.0,13.0,-1.0,13.0
4.7686,122.0,-96.0,7.0,0.0,0.0,0.0,0.0,0.0,0.0,0.0,0.0,0.0,11.0,3.0,5.0,4.0,1.0,5.0,-4.0,7.0,-9.0,9.0,-12.0,12.0,-16.0,14.0,-18.0,17.0,-20.0,20.0,-20.0,21.0,-20.0,22.0,-19.0,23.0,-17.0,22.0,-15.0,22.0,-13.0,18.0,-11.0,14.0,-9.0,10.0,-8.0,5.0,-7.0,0.0,-6.0,-6.0,-6.0,-12.0,-7.0,-17.0,-9.0,-21.0,-10.0,-25.0,-12.0,-27.0,-13.0,-29.0
4.7823,122.0,-96.0,7.0,0.0,0.0,0.0,0.0,0.0,0.0,0.0,0.0,0.0,-7.0,11.0,-6.0,5.0,-7.0,0.0,-8.0,-6.0,-8.0,-12.0,-11.0,-18.0,-13.0,-21.0,-15.0,-25.0,-18.0,-27.0,-19.0,-28.0,-21.0,-28.0,-21.0,-27.0,-21.0,-25.0,-21.0,-22.0,-18.0,-19.0,-14.0,-16.0,-10.0,-13.0,-5.0,-10.0,1.0,-7.0,7.0,-5.0,13.0,-4.0,19.0,-4.0,24.0,-4.0,29.0,-5.0,31.0,-5.0,34.0,-7.0
4.7969,122.0,-96.0,7.0,0.0,0.0,0.0,0.0,0.0,0.0,0.0,0.0,0.0,22.0,-6.0,20.0,-6.0,17.0,-5.0,14.0,-4.0,10.0,-2.0,6.0,1.0,3.0,4.0,-1.0,8.0,-4.0,11.0,-6.0,15.0,-8.0,18.0,-9.0,21.0,-9.0,24.0,-8.0,25.0,-8.0,26.0,-7.0,26.0,-6.0,25.0,-5.0,22.0,-4.0,19.0,-4.0,15.0,-4.0,10.0,-5.0,6.0,-6.0,1.0,-8.0,-5.0,-9.0,-9.0,-12.0,-13.0
4.8101,122.0,-96.0,7.0,0.0,0.0,0.0,0.0,0.0,0.0,0.0,0.0,0.0,10.0,9.0,10.0,9.0,10.0,9.0,11.0,9.0,10.0,9.0,11.0,9.0,11.0,9.0,11.0,9.0,11.0,10.0,12.0,9.0,12.0,10.0,12.0,9.0,12.0,10.0,12.0,9.0,13.0,10.0,12.0,9.0,13.0,9.0,12.0,9.0,13.0,10.0,13.0,9.0,13.0,9.0,13.0,9.0,14.0,9.0,14.0,9.0,13.0,9.0,14.0,9.0
4.8245,122.0,-96.0,7.0,0.0,0.0,0.0,0.0,0.0,0.0,0.0,0.0,0.0,-24.0,-4.0,-25.0,-2.0,-26.0,-2.0,-26.0,-2.0,-25.0,-1.0,-23.0,-1.0,-20.0,-1.0,-16.0,-1.0,-12.0,-2.0,-8.0,-4.0,-3.0,-5.0,1.0,-8.0,6.0,-10.0,9.0,-13.0,12.0,-16.0,14.0,-18.0,16.0,-20.0,17.0,-21.0,17.0,-23.0,16.0,-23.0,15.0,-23.0,13.0,-21.0,11.0,-19.0,10.0,-15.0,7.0,-11.0,6.0,-7.0
4.8384,122.0,-96.0,7.0,0.0,0.0,0.0,0.0,0.0,0.0,0.0,0.0,0.0,7.0,7.0,7.0,7.0,7.0,7.0,8.0,8.0,8.0,7.0,8.0,8.0,8.0,8.0,8.0,8.0,7.0,8.0,9.0,8.0,8.0,8.0,8.0,8.0,9.0,8.0,9.0,8.0,9.0,8.0,9.0,9.0,9.0,8.0,9.0,8.0,9.0,8.0,9.0,8.0,9.0,8.0,9.0,8.0,10.0,8.0,10.0,8.0,10.0,8.0,10.0,8.0
4.8528,122.0,-96.0,7.0,0.0,0.0,0.0,0.0,0.0,0.0,0.0,0.0,0.0,11.0,2.0,12.0,2.0,12.0,2.0,12.0,2.0,12.0,2.0,12.0,2.0,12.0,2.0,13.0,2.0,12.0,2.0,13.0,2.0,13.0,2.0,13.0,2.0,13.0,2.0,14.0,2.0,13.0,2.0,13.0,2.0,14.0,1.0,14.0,2.0,14.0,2.0,14.0,2.0,14.0,1.0,14.0,2.0,14.0,1.0,14.0,1.0,14.0,1.0,14.0,1.0
4.8658,122.0,-96.0,7.0,0.0,0.0,0.0,0.0,0.0,0.0,0.0,0.0,0.0,11.0,-2.0,15.0,-2.0,19.0,-2.0,21.0,-2.0,24.0,-3.0,26.0,-3.0,26.0,-5.0,25.0,-5.0,24.0,-6.0,21.0,-5.0,18.0,-4.0,14.0,-2.0,10.0,-1.0,6.0,2.0,2.0,5.0,-2.0,8.0,-5.0,12.0,-8.0,16.0,-10.0,20.0,-11.0,22.0,-11.0,25.0,-11.0,26.0,-10.0,27.0,-9.0,26.0,-8.0,25.0,-6.0,22.0
4.8798,122.0,-96.0,7.0,0.0,0.0,0.0,0.0,0.0,0.0,0.0,0.0,0.0,25.0,-3.0,23.0,-3.0,20.0,-3.0,16.0,-2.0,11.0,0.0,7.0,2.0,2.0,5.0,-2.0,8.0,-6.0,12.0,-9.0,15.0,-11.0,19.0,-13.0,22.0,-14.0,25.0,-13.0,27.0,-14.0,28.0,-12.0,27.0,-11.0,26.0,-9.0,24.0,-8.0,20.0,-7.0,16.0,-7.0,11.0,-7.0,5.0,-7.0,0.0,-8.0,-6.0,-9.0,-11.0,-11.0,-17.0
4.8929,122.0,-96.0,7.0,0.0,0.0,0.0,0.0,0.0,0.0,0.0,0.0,0.0,1.0,12.0,-2.0,7.0,-6.0,3.0,-10.0,-1.0,-14.0,-5.0,-20.0,-8.0,-24.0,-10.0,-27.0,-10.0,-31.0,-11.0,-32.0,-10.0,-33.0,-9.0,-33.0,-8.0,-31.0,-6.0,-30.0,-5.0,-25.0,-4.0,-20.0,-4.0,-15.0,-5.0,-8.0,-6.0,-2.0,-8.0,4.0,-9.0,10.0,-13.0,14.0,-16.0,17.0,-20.0,20.0,-23.0,21.0,-26.0,22.0,-28.0
4.9076,122.0,-96.0,7.0,0.0,0.0,0.0,0.0,0.0,0.0,0.0,0.0,0.0,-6.0,9.0,-6.0,9.0,-6.0,9.0,-7.0,9.0,-6.0,9.0,-6.0,10.0,-7.0,10.0,-7.0,10.0,-7.0,10.0,-6.0,10.0,-7.0,10.0,-7.0,10.0,-7.0,10.0,-6.0,10.0,-6.0,11.0,-6.0,11.0,-6.0,11.0,-7.0,11.0,-6.0,11.0,-7.0,11.0,-7.0,11.0,-7.0,11.0,-6.0,11.0,-6.0,12.0,-6.0,11.0,-7.0,12.0
4.9217,122.0,-96.0,7.0,0.0,0.0,0.0,0.0,0.0,0.0,0.0,0.0,0.0,-23.0,5.0,-24.0,7.0,-25.0,7.0,-24.0,8.0,-23.0,8.0,-21.0,7.0,-18.0,6.0,-15.0,4.0,-12.0,2.0,-8.0,-1.0,-4.0,-5.0,-1.0,-8.0,1.0,-13.0,4.0,-17.0,5.0,-20.0,7.0,-23.0,7.0,-26.0,7.0,-27.0,6.0,-28.0,5.0,-28.0,5.0,-26.0,4.0,-24.0,3.0,-21.0,2.0,-16.0,2.0,-12.0,3.0,-7.0
4.9354,122.0,-96.0,7.0,0.0,0.0,0.0,0.0,0.0,0.0,0.0,0.0,0.0,-18.0,-20.0,-20.0,-21.0,-20.0,-21.0,-21.0,-20.0,-20.0,-18.0,-18.0,-17.0,-16.0,-15.0,-12.0,-13.0,-8.0,-10.0,-4.0,-8.0,1.0,-6.0,7.0,-5.0,13.0,-4.0,18.0,-3.0,22.0,-3.0,25.0,-4.0,28.0,-5.0,30.0,-5.0,31.0,-6.0,30.0,-7.0,29.0,-7.0,25.0,-7.0,22.0,-6.0,17.0,-5.0,12.0,-2.0,8.0,0.0
4.95,122.0,-96.0,7.0,0.0,0.0,0.0,0.0,0.0,0.0,0.0,0.0,0.0,0.0,-13.0,2.0,-7.0,6.0,-2.0,9.0,2.0,13.0,7.0,18.0,10.0,21.0,12.0,25.0,15.0,28.0,15.0,29.0,15.0,30.0,14.0,30.0,12.0,28.0,11.0,26.0,9.0,22.0,7.0,17.0,6.0,11.0,6.0,5.0,6.0,-2.0,7.0,-8.0,8.0,-14.0,10.0,-19.0,13.0,-23.0,16.0,-25.0,19.0,-27.0,22.0,-27.0,22.0
4.9634,122.0,-96.0,7.0,0.0,0.0,0.0,0.0,0.0,0.0,0.0,0.0,0.0,0.0,12.0,-3.0,7.0,-6.0,2.0,-10.0,-2.0,-14.0,-6.0,-19.0,-10.0,-22.0,-12.0,-27.0,-13.0,-29.0,-14.0,-31.0,-14.0,-32.0,-13.0,-32.0,-12.0,-31.0,-10.0,-29.0,-8.0,-24.0,-7.0,-19.0,-6.0,-14.0,-6.0,-8.0,-6.0,-1.0,-8.0,5.0,-9.0,11.0,-12.0,16.0,-14.0,20.0,-18.0,22.0,-21.0,24.0,-23.0,25.0,-25.0
4.9776,122.0,-96.0,7.0,0.0,0.0,0.0,0.0,0.0,0.0,0.0,0.0,0.0,10.0,7.0,13.0,10.0,16.0,13.0,19.0,15.0,21.0,16.0,23.0,17.0,24.0,16.0,24.0,15.0,24.0,14.0,20.0,12.0,17.0,11.0,13.0,9.0,8.0,7.0,3.0,6.0,-3.0,5.0,-8.0,5.0,-14.0,5.0,-19.0,6.0,-23.0,8.0,-26.0,9.0,-29.0,11.0,-30.0,12.0,-30.0,13.0,-28.0,13.0,-26.0,13.0,-23.0,12.0
4.9927,122.0,-96.0,7.0,0.0,0.0,0.0,0.0,0.0,0.0,0.0,0.0,0.0,-5.0,-23.0,-6.0,-25.0,-7.0,-25.0,-7.0,-25.0,-7.0,-24.0,-7.0,-22.0,-6.0,-19.0,-5.0,-16.0,-3.0,-12.0,0.0,-8.0,3.0,-4.0,7.0,-1.0,11.0,2.0,14.0,5.0,17.0,7.0,21.0,9.0,23.0,9.0,25.0,10.0,26.0,9.0,26.0,9.0,25.0,8.0,23.0,7.0,21.0,6.0,16.0,5.0,11.0,4.0,7.0,4.0
5.0067,122.0,-96.0,7.0,0.0,0.0,0.0,0.0,0.0,0.0,0.0,0.0,0.0,6.0,10.0,7.0,14.0,9.0,18.0,10.0,21.0,12.0,23.0,14.0,25.0,15.0,25.0,15.0,25.0,15.0,23.0,13.0,20.0,11.0,17.0,8.0,14.0,5.0,11.0,1.0,8.0,-4.0,5.0,-9.0,2.0,-15.0,0.0,-19.0,-2.0,-24.0,-2.0,-27.0,-3.0,-30.0,-2.0,-32.0,-2.0,-33.0,-1.0,-32.0,0.0,-30.0,1.0,-27.0,1.0
