time,sc_0,sc_1,sc_2,sc_3,sc_4,sc_5,sc_6,sc_7,sc_8,sc_9,sc_10,sc_11,sc_12,sc_13,sc_14,sc_15,sc_16,sc_17,sc_18,sc_19,sc_20,sc_21,sc_22,sc_23,sc_24,sc_25,sc_26,sc_27,sc_28,sc_29,sc_30,sc_31,sc_32,sc_33,sc_34,sc_35,sc_36,sc_37,sc_38,sc_39,sc_40,sc_41,sc_42,sc_43,sc_44,sc_45,sc_46,sc_47,sc_48,sc_49,sc_50,sc_51,sc_52,sc_53,sc_54,sc_55,sc_56,sc_57,sc_58,sc_59,sc_60,sc_61,sc_62,sc_63
0.0111,122.0,-96.0,7.0,0.0,0.0,0.0,0.0,0.0,0.0,0.0,0.0,0.0,-10.0,5.0,-7.0,1.0,-5.0,-3.0,-4.0,-8.0,-3.0,-13.0,-2.0,-18.0,-2.0,-22.0,-3.0,-25.0,-4.0,-28.0,-4.0,-29.0,-5.0,-30.0,-6.0,-29.0,-7.0,-28.0,-7.0,-26.0,-6.0,-22.0,-5.0,-18.0,-3.0,-14.0,0.0,-10.0,4.0,-6.0,8.0,-2.0,12.0,1.0,16.0,4.0,21.0,6.0,24.0,7.0,27.0,7.0,29.0,7.0
0.0171,122.0,-96.0,7.0,0.0,0.0,0.0,0.0,0.0,0.0,0.0,0.0,0.0,3.0,12.0,0.0,8.0,-5.0,4.0,-10.0,1.0,-15.0,-2.0,-20.0,-3.0,-24.0,-5.0,-29.0,-5.0,-32.0,-5.0,-33.0,-4.0,-34.0,-3.0,-33.0,-2.0,-31.0,-1.0,-29.0,0.0,-25.0,0.0,-20.0,-1.0,-15.0,-2.0,-9.0,-4.0,-3.0,-7.0,1.0,-10.0,6.0,-15.0,11.0,-18.0,13.0,-23.0,15.0,-27.0,16.0,-29.0,16.0,-31.0
0.0233,122.0,-96.0,7.0,0.0,0.0,0.0,0.0,0.0,0.0,0.0,0.0,0.0,15.0,-21.0,14.0,-19.0,12.0,-16.0,10.0,-13.0,8.0,-9.0,7.0,-4.0,6.0,1.0,5.0,6.0,5.0,12.0,6.0,16.0,6.0,20.0,7.0,23.0,9.0,26.0,10.0,27.0,12.0,28.0,12.0,26.0,12.0,25.0,11.0,22.0,10.0,19.0,7.0,15.0,4.0,12.0,0.0,8.0,-5.0,4.0,-10.0,1.0,-14.0,-2.0,-20.0,-3.0
0.03,122.0,-96.0,7.0,0.0,0.0,0.0,0.0,0.0,0.0,0.0,0.0,0.0,0.0,-14.0,-1.0,-15.0,0.0,-15.0,-1.0,-15.0,0.0,-15.0,0.0,-16.0,-1.0,-16.0,-1.0,-16.0,-1.0,-16.0,-1.0,-16.0,-1.0,-16.0,-1.0,-16.0,-1.0,-17.0,-1.0,-17.0,-1.0,-17.0,-1.0,-17.0,-2.0,-17.0,-1.0,-17.0,-1.0,-17.0,-2.0,-17.0,-2.0,-17.0,-2.0,-17.0,-2.0,-17.0,-2.0,-18.0,-2.0,-18.0,-3.0,-18.0
0.0495,122.0,-96.0,7.0,0.0,0.0,0.0,0.0,0.0,0.0,0.0,0.0,0.0,2.0,11.0,2.0,16.0,2.0,20.0,2.0,24.0,3.0,26.0,4.0,28.0,5.0,28.0,5.0,28.0,6.0,26.0,5.0,23.0,4.0,19.0,2.0,16.0,0.0,11.0,-3.0,7.0,-6.0,2.0,-10.0,-2.0,-15.0,-6.0,-19.0,-8.0,-23.0,-10.0,-26.0,-11.0,-29.0,-12.0,-30.0,-12.0,-30.0,-11.0,-29.0,-10.0,-28.0,-8.0,-25.0,-7.0
0.0642,122.0,-96.0,7.0,0.0,0.0,0.0,0.0,0.0,0.0,0.0,0.0,0.0,-21.0,20.0,-19.0,18.0,-16.0,15.0,-13.0,11.0,-11.0,7.0,-8.0,1.0,-7.0,-4.0,-5.0,-10.0,-4.0,-16.0,-4.0,-21.0,-4.0,-26.0,-4.0,-29.0,-5.0,-32.0,-7.0,-34.0,-8.0,-34.0,-9.0,-33.0,-9.0,-31.0,-9.0,-27.0,-7.0,-23.0,-5.0,-18.0,-2.0,-13.0,2.0,-8.0,7.0,-3.0,11.0,1.0,16.0,6.0,21.0,8.0
0.0779,122.0,-96.0,7.0,0.0,0.0,0.0,0.0,0.0,0.0,0.0,0.0,0.0,-7.0,-10.0,-9.0,-13.0,-11.0,-16.0,-12.0,-19.0,-14.0,-20.0,-16.0,-21.0,-17.0,-21.0,-18.0,-20.0,-17.0,-19.0,-15.0,-17.0,-12.0,-14.0,-9.0,-12.0,-6.0,-10.0,-2.0,-7.0,3.0,-5.0,8.0,-4.0,13.0,-3.0,17.0,-2.0,21.0,-3.0,24.0,-3.0,26.0,-4.0,27.0,-4.0,28.0,-6.0,26.0,-6.0,24.0,-7.0,21.0,-6.0
0.0913,122.0,-96.0,7.0,0.0,0.0,0.0,0.0,0.0,0.0,0.0,0.0,0.0,7.0,8.0,7.0,8.0,7.0,8.0,7.0,9.0,7.0,8.0,7.0,9.0,7.0,9.0,8.0,9.0,8.0,9.0,8.0,9.0,8.0,9.0,8.0,9.0,8.0,9.0,8.0,9.0,9.0,9.0,8.0,10.0,8.0,9.0,9.0,9.0,9.0,9.0,8.0,9.0,9.0,9.0,9.0,9.0,9.0,9.0,9.0,9.0,9.0,9.0,9.0,9.0
0.1048,122.0,-96.0,7.0,0.0,0.0,0.0,0.0,0.0,0.0,0.0,0.0,0.0,25.0,-4.0,22.0,-4.0,19.0,-3.0,15.0,-2.0,11.0,0.0,6.0,2.0,2.0,5.0,-2.0,8.0,-6.0,12.0,-9.0,16.0,-11.0,19.0,-13.0,22.0,-13.0,25.0,-13.0,27.0,-12.0,27.0,-11.0,27.0,-10.0,25.0,-9.0,23.0,-7.0,19.0,-7.0,15.0,-6.0,9.0,-6.0,4.0,-7.0,-2.0,-8.0,-8.0,-9.0,-13.0,-12.0,-17.0
0.1183,122.0,-96.0,7.0,0.0,0.0,0.0,0.0,0.0,0.0,0.0,0.0,0.0,-25.0,-7.0,-28.0,-7.0,-28.0,-6.0,-28.0,-5.0,-26.0,-4.0,-24.0,-4.0,-21.0,-4.0,-16.0,-4.0,-12.0,-4.0,-6.0,-5.0,-1.0,-7.0,4.0,-9.0,9.0,-11.0,13.0,-14.0,17.0,-16.0,19.0,-19.0,21.0,-21.0,22.0,-22.0,21.0,-23.0,19.0,-23.0,18.0,-22.0,16.0,-19.0,13.0,-17.0,11.0,-12.0,8.0,-8.0,6.0,-3.0
0.1331,122.0,-96.0,7.0,0.0,0.0,0.0,0.0,0.0,0.0,0.0,0.0,0.0,-24.0,-11.0,-26.0,-11.0,-27.0,-11.0,-26.0,-10.0,-25.0,-9.0,-23.0,-9.0,-20.0,-7.0,-16.0,-7.0,-12.0,-6.0,-6.0,-6.0,-1.0,-6.0,5.0,-7.0,10.0,-9.0,15.0,-10.0,19.0,-12.0,22.0,-13.0,24.0,-15.0,26.0,-17.0,25.0,-18.0,25.0,-18.0,24.0,-17.0,21.0,-16.0,18.0,-14.0,14.0,-11.0,10.0,-7.0,7.0,-3.0
0.1373,98.0,33.0,22.0,0.0,0.0,0.0,0.0,0.0,0.0,0.0,0.0,0.0,8.0,15.0,13.0,16.0,15.0,18.0,15.0,20.0,16.0,17.0,16.0,19.0,18.0,18.0,16.0,14.0,18.0,13.0,16.0,8.0,13.0,6.0,11.0,3.0,5.0,0.0,2.0,-5.0,0.0,-9.0,-6.0,-11.0,-12.0,-11.0,-18.0,-13.0,-24.0,-11.0,-26.0,-12.0,-30.0,-10.0,-32.0,-9.0,-31.0,-8.0,-30.0,-8.0,-27.0,-6.0,-24.0,-5.0
0.1516,122.0,-96.0,7.0,0.0,0.0,0.0,0.0,0.0,0.0,0.0,0.0,0.0,5.0,-11.0,5.0,-6.0,6.0,0.0,7.0,6.0,9.0,11.0,12.0,15.0,14.0,19.0,17.0,22.0,20.0,24.0,21.0,25.0,22.0,24.0,22.0,23.0,22.0,20.0,21.0,18.0,17.0,15.0,13.0,12.0,8.0,10.0,2.0,8.0,-5.0,6.0,-10.0,5.0,-17.0,5.0,-22.0,6.0,-28.0,7.0,-31.0,8.0,-33.0,10.0,-34.0,11.0
0.1655,122.0,-96.0,7.0,0.0,0.0,0.0,0.0,0.0,0.0,0.0,0.0,0.0,4.0,-11.0,4.0,-6.0,5.0,-1.0,6.0,3.0,8.0,8.0,11.0,12.0,13.0,16.0,15.0,19.0,18.0,21.0,19.0,21.0,20.0,21.0,20.0,20.0,20.0,19.0,20.0,16.0,17.0,14.0,13.0,11.0,10.0,9.0,4.0,7.0,-1.0,6.0,-7.0,5.0,-12.0,4.0,-17.0,5.0,-22.0,6.0,-25.0,7.0,-28.0,8.0,-29.0,9.0
0.1801,122.0,-96.0,7.0,0.0,0.0,0.0,0.0,0.0,0.0,0.0,0.0,0.0,11.0,19.0,13.0,20.0,14.0,20.0,14.0,20.0,14.0,19.0,12.0,17.0,11.0,14.0,8.0,12.0,5.0,9.0,1.0,7.0,-3.0,4.0,-8.0,2.0,-13.0,1.0,-17.0,0.0,-21.0,-1.0,-24.0,-1.0,-26.0,-1.0,-28.0,0.0,-28.0,1.0,-28.0,1.0,-27.0,2.0,-24.0,2.0,-21.0,2.0,-16.0,1.0,-12.0,0.0,-8.0,-2.0
0.1941,122.0,-96.0,7.0,0.0,0.0,0.0,0.0,0.0,0.0,0.0,0.0,0.0,-18.0,18.0,-16.0,17.0,-14.0,15.0,-12.0,11.0,-9.0,8.0,-8.0,3.0,-7.0,-2.0,-6.0,-7.0,-5.0,-12.0,-5.0,-17.0,-5.0,-21.0,-6.0,-25.0,-7.0,-27.0,-9.0,-29.0,-10.0,-30.0,-10.0,-29.0,-11.0,-28.0,-10.0,-25.0,-9.0,-22.0,-8.0,-18.0,-4.0,-14.0,-1.0,-10.0,3.0,-6.0,7.0,-3.0,11.0,1.0,16.0,3.0
0.2076,122.0,-96.0,7.0,0.0,0.0,0.0,0.0,0.0,0.0,0.0,0.0,0.0,-22.0,-8.0,-24.0,-8.0,-24.0,-8.0,-25.0,-8.0,-23.0,-6.0,-22.0,-6.0,-19.0,-5.0,-16.0,-5.0,-12.0,-5.0,-7.0,-5.0,-2.0,-6.0,3.0,-7.0,7.0,-9.0,11.0,-10.0,15.0,-12.0,18.0,-14.0,20.0,-16.0,21.0,-16.0,22.0,-18.0,21.0,-18.0,20.0,-18.0,18.0,-17.0,15.0,-15.0,12.0,-12.0,9.0,-9.0,7.0,-5.0
0.2226,122.0,-96.0,7.0,0.0,0.0,0.0,0.0,0.0,0.0,0.0,0.0,0.0,-10.0,9.0,-11.0,10.0,-10.0,9.0,-12.0,10.0,-11.0,10.0,-11.0,10.0,-11.0,10.0,-11.0,11.0,-12.0,10.0,-11.0,11.0,-11.0,11.0,-11.0,11.0,-12.0,11.0,-11.0,11.0,-11.0,12.0,-11.0,11.0,-12.0,12.0,-11.0,12.0,-12.0,12.0,-12.0,12.0,-12.0,12.0,-11.0,13.0,-11.0,13.0,-11.0,13.0,-11.0,13.0,-11.0,13.0
0.238,122.0,-96.0,7.0,0.0,0.0,0.0,0.0,0.0,0.0,0.0,0.0,0.0,-11.0,-6.0,-14.0,-9.0,-18.0,-11.0,-20.0,-13.0,-23.0,-14.0,-25.0,-15.0,-26.0,-14.0,-26.0,-14.0,-26.0,-13.0,-23.0,-11.0,-20.0,-10.0,-16.0,-9.0,-12.0,-8.0,-7.0,-7.0,-2.0,-6.0,4.0,-7.0,10.0,-8.0,14.0,-9.0,19.0,-11.0,22.0,-13.0,25.0,-15.0,26.0,-16.0,27.0,-17.0,26.0,-18.0,24.0,-18.0,22.0,-17.0
0.2501,122.0,-96.0,7.0,0.0,0.0,0.0,0.0,0.0,0.0,0.0,0.0,0.0,17.0,-15.0,16.0,-14.0,13.0,-12.0,11.0,-9.0,8.0,-6.0,6.0,-2.0,4.0,2.0,2.0,7.0,2.0,11.0,1.0,15.0,1.0,19.0,1.0,22.0,1.0,25.0,2.0,26.0,3.0,27.0,4.0,26.0,4.0,24.0,4.0,22.0,4.0,19.0,2.0,15.0,0.0,11.0,-2.0,7.0,-6.0,2.0,-8.0,-1.0,-12.0,-5.0,-16.0,-8.0
0.2529,98.0,33.0,22.0,0.0,0.0,0.0,0.0,0.0,0.0,0.0,0.0,0.0,6.0,13.0,5.0,7.0,7.0,-1.0,10.0,-3.0,12.0,-8.0,13.0,-11.0,16.0,-15.0,17.0,-18.0,17.0,-19.0,15.0,-22.0,15.0,-22.0,13.0,-21.0,8.0,-22.0,8.0,-21.0,5.0,-15.0,-1.0,-13.0,0.0,-9.0,-4.0,-3.0,-6.0,5.0,-6.0,10.0,-8.0,15.0,-9.0,20.0,-9.0,26.0,-9.0,29.0,-8.0,33.0,-8.0,33.0
0.2672,122.0,-96.0,7.0,0.0,0.0,0.0,0.0,0.0,0.0,0.0,0.0,0.0,5.0,11.0,1.0,8.0,-4.0,4.0,-9.0,2.0,-14.0,0.0,-20.0,-1.0,-24.0,-2.0,-29.0,-2.0,-32.0,-1.0,-33.0,0.0,-34.0,1.0,-33.0,2.0,-32.0,2.0,-30.0,4.0,-26.0,3.0,-21.0,2.0,-16.0,0.0,-11.0,-2.0,-5.0,-6.0,-1.0,-9.0,4.0,-14.0,8.0,-18.0,10.0,-23.0,12.0,-27.0,13.0,-30.0,13.0,-32.0
0.2822,122.0,-96.0,7.0,0.0,0.0,0.0,0.0,0.0,0.0,0.0,0.0,0.0,-4.0,12.0,-4.0,6.0,-6.0,1.0,-9.0,-5.0,-12.0,-10.0,-16.0,-14.0,-18.0,-17.0,-21.0,-20.0,-24.0,-21.0,-26.0,-22.0,-27.0,-21.0,-27.0,-20.0,-26.0,-18.0,-25.0,-16.0,-21.0,-14.0,-16.0,-12.0,-12.0,-10.0,-5.0,-8.0,1.0,-8.0,7.0,-7.0,13.0,-8.0,19.0,-8.0,23.0,-10.0,27.0,-13.0,29.0,-15.0,31.0,-16.0
0.2966,122.0,-96.0,7.0,0.0,0.0,0.0,0.0,0.0,0.0,0.0,0.0,0.0,6.0,12.0,7.0,12.0,6.0,12.0,7.0,13.0,6.0,12.0,7.0,13.0,7.0,13.0,7.0,13.0,7.0,13.0,8.0,13.0,8.0,13.0,8.0,13.0,8.0,13.0,9.0,13.0,8.0,13.0,9.0,14.0,8.0,13.0,9.0,13.0,9.0,13.0,9.0,13.0,9.0,13.0,9.0,13.0,10.0,13.0,10.0,13.0,10.0,13.0,10.0,13.0
0.3097,122.0,-96.0,7.0,0.0,0.0,0.0,0.0,0.0,0.0,0.0,0.0,0.0,14.0,20.0,13.0,18.0,11.0,16.0,8.0,12.0,5.0,9.0,0.0,7.0,-5.0,4.0,-9.0,2.0,-15.0,1.0,-19.0,0.0,-23.0,-1.0,-26.0,0.0,-29.0,0.0,-31.0,1.0,-31.0,2.0,-30.0,3.0,-28.0,4.0,-25.0,3.0,-21.0,3.0,-17.0,1.0,-12.0,-1.0,-7.0,-3.0,-2.0,-7.0,2.0,-10.0,6.0,-14.0,9.0,-19.0
0.3237,122.0,-96.0,7.0,0.0,0.0,0.0,0.0,0.0,0.0,0.0,0.0,0.0,4.0,10.0,5.0,10.0,4.0,9.0,5.0,10.0,5.0,10.0,5.0,11.0,5.0,10.0,6.0,10.0,6.0,10.0,6.0,11.0,6.0,11.0,6.0,10.0,6.0,10.0,6.0,11.0,6.0,11.0,6.0,11.0,6.0,10.0,7.0,11.0,7.0,11.0,6.0,10.0,7.0,11.0,7.0,11.0,7.0,10.0,7.0,11.0,7.0,10.0,8.0,11.0
0.3371,122.0,-96.0,7.0,0.0,0.0,0.0,0.0,0.0,0.0,0.0,0.0,0.0,8.0,-12.0,7.0,-6.0,6.0,1.0,7.0,7.0,7.0,14.0,9.0,21.0,11.0,25.0,14.0,30.0,16.0,33.0,18.0,33.0,20.0,34.0,20.0,32.0,20.0,30.0,19.0,27.0,17.0,23.0,12.0,18.0,7.0,14.0,2.0,10.0,-5.0,7.0,-12.0,4.0,-19.0,2.0,-25.0,0.0,-32.0,1.0,-36.0,2.0,-40.0,2.0,-42.0,4.0
0.3506,122.0,-96.0,7.0,0.0,0.0,0.0,0.0,0.0,0.0,0.0,0.0,0.0,5.0,-12.0,5.0,-6.0,6.0,-1.0,7.0,4.0,9.0,10.0,12.0,15.0,15.0,19.0,17.0,22.0,20.0,23.0,21.0,24.0,23.0,24.0,23.0,23.0,22.0,21.0,21.0,18.0,18.0,16.0,14.0,12.0,9.0,10.0,4.0,8.0,-3.0,6.0,-9.0,5.0,-15.0,5.0,-21.0,6.0,-26.0,6.0,-30.0,8.0,-32.0,9.0,-34.0,11.0
0.3651,122.0,-96.0,7.0,0.0,0.0,0.0,0.0,0.0,0.0,0.0,0.0,0.0,-17.0,-17.0,-18.0,-17.0,-19.0,-17.0,-19.0,-17.0,-19.0,-15.0,-17.0,-14.0,-15.0,-12.0,-11.0,-10.0,-8.0,-8.0,-3.0,-7.0,2.0,-6.0,7.0,-5.0,12.0,-5.0,16.0,-4.0,20.0,-5.0,23.0,-5.0,25.0,-6.0,26.0,-6.0,27.0,-8.0,26.0,-8.0,24.0,-8.0,21.0,-7.0,18.0,-7.0,14.0,-5.0,9.0,-2.0,6.0,1.0
0.3793,122.0,-96.0,7.0,0.0,0.0,0.0,0.0,0.0,0.0,0.0,0.0,0.0,3.0,22.0,4.0,24.0,5.0,24.0,5.0,24.0,5.0,22.0,5.0,20.0,4.0,17.0,3.0,14.0,1.0,11.0,-2.0,7.0,-5.0,2.0,-9.0,-1.0,-12.0,-4.0,-15.0,-7.0,-19.0,-9.0,-21.0,-11.0,-24.0,-11.0,-25.0,-11.0,-27.0,-11.0,-27.0,-10.0,-25.0,-10.0,-23.0,-8.0,-20.0,-7.0,-16.0,-6.0,-11.0,-5.0,-6.0,-5.0
0.3922,122.0,-96.0,7.0,0.0,0.0,0.0,0.0,0.0,0.0,0.0,0.0,0.0,-11.0,23.0,-10.0,21.0,-9.0,17.0,-8.0,14.0,-7.0,9.0,-6.0,4.0,-7.0,-1.0,-7.0,-6.0,-9.0,-11.0,-10.0,-15.0,-11.0,-19.0,-13.0,-22.0,-15.0,-25.0,-17.0,-26.0,-18.0,-26.0,-18.0,-24.0,-18.0,-23.0,-16.0,-20.0,-14.0,-18.0,-11.0,-15.0,-7.0,-12.0,-2.0,-9.0,3.0,-6.0,8.0,-4.0,13.0,-2.0,18.0,-2.0
0.4059,122.0,-96.0,7.0,0.0,0.0,0.0,0.0,0.0,0.0,0.0,0.0,0.0,-14.0,18.0,-15.0,20.0,-14.0,20.0,-14.0,20.0,-13.0,20.0,-12.0,18.0,-10.0,15.0,-9.0,12.0,-8.0,9.0,-7.0,4.0,-6.0,-2.0,-6.0,-7.0,-6.0,-11.0,-6.0,-16.0,-7.0,-20.0,-8.0,-22.0,-9.0,-25.0,-10.0,-26.0,-11.0,-27.0,-11.0,-26.0,-11.0,-25.0,-10.0,-22.0,-10.0,-19.0,-8.0,-15.0,-5.0,-11.0,-1.0,-8.0
0.4202,122.0,-96.0,7.0,0.0,0.0,0.0,0.0,0.0,0.0,0.0,0.0,0.0,8.0,-3.0,9.0,-4.0,8.0,-4.0,10.0,-5.0,9.0,-5.0,10.0,-4.0,9.0,-4.0,9.0,-6.0,10.0,-5.0,10.0,-6.0,10.0,-5.0,10.0,-5.0,10.0,-4.0,10.0,-6.0,10.0,-6.0,11.0,-6.0,11.0,-6.0,9.0,-6.0,9.0,-6.0,11.0,-6.0,11.0,-6.0,10.0,-6.0,10.0,-7.0,10.0,-6.0,10.0,-7.0,11.0,-7.0
0.4354,122.0,-96.0,7.0,0.0,0.0,0.0,0.0,0.0,0.0,0.0,0.0,0.0,4.0,-10.0,7.0,-14.0,9.0,-17.0,11.0,-19.0,11.0,-22.0,11.0,-24.0,11.0,-25.0,10.0,-25.0,9.0,-23.0,8.0,-21.0,7.0,-18.0,6.0,-14.0,5.0,-11.0,5.0,-6.0,5.0,-1.0,6.0,4.0,7.0,9.0,8.0,13.0,11.0,18.0,12.0,20.0,14.0,22.0,15.0,23.0,16.0,23.0,16.0,22.0,17.0,20.0,15.0,18.0
0.4506,122.0,-96.0,7.0,0.0,0.0,0.0,0.0,0.0,0.0,0.0,0.0,0.0,10.0,-8.0,10.0,-8.0,12.0,-8.0,11.0,-8.0,11.0,-7.0,12.0,-8.0,11.0,-7.0,10.0,-8.0,12.0,-10.0,11.0,-8.0,11.0,-9.0,11.0,-8.0,12.0,-9.0,11.0,-9.0,12.0,-10.0,11.0,-9.0,11.0,-10.0,10.0,-10.0,10.0,-10.0,11.0,-10.0,11.0,-10.0,10.0,-10.0,11.0,-11.0,11.0,-10.0,11.0,-10.0,11.0,-11.0
0.4671,122.0,-96.0,7.0,0.0,0.0,0.0,0.0,0.0,0.0,0.0,0.0,0.0,-25.0,-8.0,-22.0,-7.0,-20.0,-6.0,-16.0,-5.0,-11.0,-5.0,-6.0,-5.0,-1.0,-7.0,4.0,-8.0,9.0,-10.0,13.0,-12.0,17.0,-13.0,20.0,-15.0,22.0,-17.0,22.0,-20.0,23.0,-21.0,21.0,-21.0,19.0,-21.0,18.0,-18.0,15.0,-16.0,12.0,-13.0,10.0,-8.0,7.0,-3.0,5.0,2.0,4.0,7.0,2.0,13.0,2.0,18.0
0.4704,98.0,33.0,22.0,0.0,0.0,0.0,0.0,0.0,0.0,0.0,0.0,0.0,-3.0,17.0,-2.0,17.0,1.0,20.0,2.0,24.0,4.0,24.0,3.0,22.0,6.0,22.0,3.0,19.0,7.0,16.0,6.0,15.0,5.0,11.0,4.0,9.0,5.0,2.0,4.0,-3.0,3.0,-8.0,0.0,-12.0,-1.0,-17.0,-5.0,-19.0,-8.0,-22.0,-13.0,-23.0,-13.0,-25.0,-15.0,-25.0,-16.0,-24.0,-15.0,-22.0,-15.0,-21.0,-13.0,-16.0
0.4858,122.0,-96.0,7.0,0.0,0.0,0.0,0.0,0.0,0.0,0.0,0.0,0.0,-8.0,-29.0,-7.0,-26.0,-6.0,-22.0,-4.0,-18.0,-2.0,-13.0,1.0,-9.0,5.0,-4.0,9.0,0.0,13.0,3.0,18.0,6.0,23.0,8.0,26.0,10.0,30.0,10.0,32.0,10.0,33.0,9.0,32.0,8.0,31.0,7.0,27.0,6.0,24.0,5.0,19.0,4.0,13.0,4.0,7.0,5.0,0.0,7.0,-5.0,8.0,-11.0,10.0,-17.0,14.0
0.5007,122.0,-96.0,7.0,0.0,0.0,0.0,0.0,0.0,0.0,0.0,0.0,0.0,1.0,-11.0,3.0,-15.0,4.0,-18.0,5.0,-21.0,6.0,-24.0,5.0,-26.0,4.0,-26.0,4.0,-26.0,3.0,-26.0,3.0,-23.0,3.0,-20.0,3.0,-16.0,3.0,-12.0,4.0,-8.0,4.0,-3.0,6.0,2.0,8.0,6.0,11.0,10.0,14.0,14.0,16.0,16.0,18.0,18.0,20.0,19.0,21.0,19.0,21.0,18.0,21.0,16.0,19.0,15.0
0.5147,122.0,-96.0,7.0,0.0,0.0,0.0,0.0,0.0,0.0,0.0,0.0,0.0,-22.0,-6.0,-21.0,-5.0,-18.0,-4.0,-14.0,-4.0,-10.0,-4.0,-6.0,-5.0,-2.0,-6.0,3.0,-7.0,7.0,-9.0,11.0,-11.0,14.0,-13.0,16.0,-15.0,18.0,-18.0,19.0,-19.0,19.0,-21.0,17.0,-20.0,16.0,-20.0,14.0,-18.0,12.0,-16.0,10.0,-12.0,8.0,-8.0,6.0,-4.0,5.0,1.0,4.0,6.0,3.0,11.0,4.0,16.0
0.5295,122.0,-96.0,7.0,0.0,0.0,0.0,0.0,0.0,0.0,0.0,0.0,0.0,-5.0,-29.0,-5.0,-26.0,-5.0,-23.0,-3.0,-18.0,-1.0,-14.0,2.0,-9.0,5.0,-4.0,9.0,0.0,13.0,4.0,18.0,8.0,22.0,11.0,25.0,12.0,28.0,13.0,31.0,13.0,32.0,12.0,32.0,11.0,30.0,9.0,27.0,8.0,23.0,7.0,18.0,6.0,12.0,5.0,6.0,6.0,0.0,7.0,-6.0,8.0,-12.0,9.0,-18.0,12.0
0.5515,122.0,-96.0,7.0,0.0,0.0,0.0,0.0,0.0,0.0,0.0,0.0,0.0,28.0,-5.0,26.0,-4.0,23.0,-4.0,18.0,-3.0,13.0,-1.0,9.0,2.0,3.0,5.0,-1.0,9.0,-6.0,13.0,-9.0,17.0,-12.0,20.0,-14.0,24.0,-15.0,27.0,-15.0,29.0,-15.0,31.0,-14.0,31.0,-12.0,30.0,-11.0,27.0,-9.0,24.0,-8.0,19.0,-7.0,14.0,-7.0,8.0,-7.0,1.0,-8.0,-5.0,-9.0,-11.0,-12.0,-17.0
0.5672,122.0,-96.0,7.0,0.0,0.0,0.0,0.0,0.0,0.0,0.0,0.0,0.0,-5.0,9.0,-5.0,9.0,-5.0,9.0,-5.0,9.0,-5.0,10.0,-4.0,9.0,-4.0,10.0,-4.0,11.0,-4.0,10.0,-4.0,10.0,-5.0,10.0,-4.0,10.0,-4.0,10.0,-4.0,10.0,-4.0,10.0,-5.0,10.0,-4.0,11.0,-4.0,11.0,-4.0,11.0,-4.0,11.0,-4.0,11.0,-4.0,11.0,-4.0,11.0,-4.0,11.0,-4.0,11.0,-4.0,11.0
0.5794,122.0,-96.0,7.0,0.0,0.0,0.0,0.0,0.0,0.0,0.0,0.0,0.0,7.0,10.0,2.0,7.0,-3.0,5.0,-9.0,3.0,-15.0,2.0,-20.0,2.0,-25.0,2.0,-29.0,3.0,-32.0,4.0,-33.0,5.0,-33.0,6.0,-33.0,7.0,-30.0,8.0,-28.0,8.0,-24.0,6.0,-19.0,5.0,-14.0,2.0,-10.0,-2.0,-5.0,-6.0,-1.0,-10.0,3.0,-16.0,5.0,-21.0,7.0,-26.0,8.0,-30.0,8.0,-33.0,7.0,-34.0
0.593,122.0,-96.0,7.0,0.0,0.0,0.0,0.0,0.0,0.0,0.0,0.0,0.0,7.0,21.0,7.0,19.0,6.0,16.0,4.0,13.0,2.0,10.0,-1.0,6.0,-5.0,3.0,-8.0,0.0,-12.0,-2.0,-16.0,-4.0,-19.0,-6.0,-22.0,-7.0,-25.0,-7.0,-27.0,-6.0,-28.0,-6.0,-27.0,-5.0,-26.0,-4.0,-23.0,-3.0,-20.0,-3.0,-16.0,-3.0,-12.0,-3.0,-7.0,-4.0,-2.0,-6.0,3.0,-8.0,8.0,-10.0,11.0,-13.0
0.6099,122.0,-96.0,7.0,0.0,0.0,0.0,0.0,0.0,0.0,0.0,0.0,0.0,-11.0,-3.0,-11.0,-2.0,-12.0,-3.0,-12.0,-3.0,-12.0,-3.0,-12.0,-2.0,-13.0,-2.0,-13.0,-3.0,-13.0,-2.0,-13.0,-3.0,-13.0,-3.0,-13.0,-3.0,-13.0,-2.0,-14.0,-3.0,-13.0,-3.0,-13.0,-3.0,-13.0,-2.0,-14.0,-3.0,-14.0,-2.0,-14.0,-2.0,-14.0,-2.0,-14.0,-2.0,-14.0,-2.0,-14.0,-2.0,-14.0,-2.0,-14.0,-2.0
0.6225,122.0,-96.0,7.0,0.0,0.0,0.0,0.0,0.0,0.0,0.0,0.0,0.0,-6.0,11.0,-8.0,14.0,-11.0,17.0,-12.0,20.0,-13.0,23.0,-13.0,25.0,-13.0,26.0,-12.0,26.0,-11.0,25.0,-10.0,23.0,-9.0,19.0,-8.0,15.0,-7.0,11.0,-7.0,5.0,-6.0,-1.0,-7.0,-6.0,-9.0,-12.0,-10.0,-16.0,-12.0,-20.0,-14.0,-24.0,-16.0,-26.0,-18.0,-27.0,-19.0,-27.0,-18.0,-26.0,-19.0,-24.0,-17.0,-21.0
0.6361,122.0,-96.0,7.0,0.0,0.0,0.0,0.0,0.0,0.0,0.0,0.0,0.0,-24.0,0.0,-25.0,2.0,-26.0,2.0,-25.0,2.0,-24.0,3.0,-22.0,3.0,-19.0,2.0,-16.0,1.0,-12.0,0.0,-8.0,-3.0,-3.0,-5.0,1.0,-9.0,4.0,-12.0,7.0,-14.0,10.0,-18.0,12.0,-20.0,12.0,-23.0,13.0,-24.0,13.0,-25.0,11.0,-25.0,11.0,-24.0,9.0,-22.0,8.0,-19.0,6.0,-15.0,5.0,-10.0,5.0,-6.0
0.6488,122.0,-96.0,7.0,0.0,0.0,0.0,0.0,0.0,0.0,0.0,0.0,0.0,-4.0,11.0,-7.0,15.0,-9.0,19.0,-10.0,22.0,-10.0,24.0,-10.0,27.0,-9.0,27.0,-9.0,27.0,-7.0,26.0,-7.0,23.0,-6.0,19.0,-6.0,15.0,-6.0,10.0,-6.0,5.0,-7.0,-1.0,-8.0,-6.0,-10.0,-12.0,-12.0,-16.0,-15.0,-20.0,-17.0,-22.0,-20.0,-24.0,-20.0,-25.0,-21.0,-24.0,-21.0,-23.0,-21.0,-21.0,-19.0,-18.0
0.662,122.0,-96.0,7.0,0.0,0.0,0.0,0.0,0.0,0.0,0.0,0.0,0.0,-20.0,20.0,-18.0,18.0,-16.0,16.0,-13.0,11.0,-11.0,7.0,-8.0,2.0,-7.0,-4.0,-5.0,-10.0,-5.0,-16.0,-4.0,-21.0,-4.0,-26.0,-5.0,-29.0,-6.0,-32.0,-8.0,-34.0,-9.0,-35.0,-10.0,-33.0,-10.0,-31.0,-9.0,-27.0,-8.0,-23.0,-5.0,-19.0,-2.0,-13.0,2.0,-8.0,7.0,-3.0,11.0,1.0,16.0,5.0,21.0,8.0
0.6758,122.0,-96.0,7.0,0.0,0.0,0.0,0.0,0.0,0.0,0.0,0.0,0.0,1.0,25.0,1.0,22.0,1.0,19.0,0.0,15.0,-2.0,11.0,-4.0,6.0,-7.0,2.0,-9.0,-3.0,-13.0,-7.0,-16.0,-10.0,-19.0,-12.0,-22.0,-14.0,-25.0,-15.0,-27.0,-15.0,-28.0,-15.0,-27.0,-13.0,-26.0,-12.0,-23.0,-10.0,-20.0,-9.0,-15.0,-8.0,-10.0,-7.0,-4.0,-7.0,1.0,-7.0,7.0,-8.0,12.0,-8.0,17.0,-11.0
0.6898,122.0,-96.0,7.0,0.0,0.0,0.0,0.0,0.0,0.0,0.0,0.0,0.0,-9.0,7.0,-13.0,9.0,-16.0,11.0,-18.0,12.0,-20.0,14.0,-21.0,15.0,-21.0,16.0,-20.0,17.0,-19.0,16.0,-17.0,14.0,-14.0,11.0,-12.0,9.0,-9.0,5.0,-7.0,1.0,-5.0,-3.0,-4.0,-9.0,-2.0,-14.0,-2.0,-18.0,-2.0,-22.0,-2.0,-25.0,-3.0,-28.0,-3.0,-28.0,-5.0,-29.0,-5.0,-27.0,-6.0,-26.0,-5.0,-23.0
0.7044,122.0,-96.0,7.0,0.0,0.0,0.0,0.0,0.0,0.0,0.0,0.0,0.0,6.0,22.0,7.0,23.0,8.0,23.0,8.0,23.0,8.0,21.0,7.0,20.0,7.0,17.0,4.0,14.0,3.0,10.0,-2.0,7.0,-5.0,3.0,-9.0,0.0,-13.0,-2.0,-16.0,-5.0,-20.0,-6.0,-23.0,-7.0,-26.0,-8.0,-27.0,-8.0,-28.0,-7.0,-28.0,-6.0,-27.0,-5.0,-23.0,-5.0,-21.0,-3.0,-17.0,-3.0,-11.0,-3.0,-7.0,-4.0
0.7185,122.0,-96.0,7.0,0.0,0.0,0.0,0.0,0.0,0.0,0.0,0.0,0.0,11.0,-4.0,7.0,-1.0,4.0,3.0,1.0,7.0,-2.0,12.0,-3.0,16.0,-4.0,20.0,-5.0,24.0,-5.0,27.0,-4.0,28.0,-3.0,29.0,-2.0,29.0,-1.0,28.0,0.0,26.0,0.0,22.0,-1.0,18.0,-2.0,13.0,-3.0,8.0,-6.0,3.0,-9.0,-2.0,-12.0,-6.0,-16.0,-10.0,-19.0,-13.0,-22.0,-15.0,-25.0,-16.0,-27.0,-17.0
0.7323,122.0,-96.0,7.0,0.0,0.0,0.0,0.0,0.0,0.0,0.0,0.0,0.0,7.0,8.0,3.0,6.0,-2.0,5.0,-7.0,4.0,-12.0,4.0,-17.0,4.0,-21.0,5.0,-24.0,6.0,-27.0,8.0,-28.0,8.0,-29.0,9.0,-28.0,10.0,-26.0,10.0,-24.0,11.0,-21.0,9.0,-17.0,7.0,-13.0,4.0,-10.0,1.0,-6.0,-4.0,-3.0,-8.0,0.0,-13.0,2.0,-18.0,3.0,-22.0,3.0,-26.0,4.0,-29.0,3.0,-31.0
0.7453,122.0,-96.0,7.0,0.0,0.0,0.0,0.0,0.0,0.0,0.0,0.0,0.0,-6.0,12.0,-9.0,16.0,-12.0,21.0,-13.0,24.0,-14.0,27.0,-14.0,29.0,-14.0,30.0,-13.0,30.0,-11.0,28.0,-9.0,26.0,-8.0,21.0,-8.0,16.0,-7.0,11.0,-7.0,5.0,-7.0,-2.0,-9.0,-8.0,-11.0,-14.0,-12.0,-19.0,-15.0,-24.0,-18.0,-27.0,-20.0,-29.0,-21.0,-29.0,-22.0,-29.0,-22.0,-27.0,-22.0,-25.0,-20.0,-22.0
0.7593,122.0,-96.0,7.0,0.0,0.0,0.0,0.0,0.0,0.0,0.0,0.0,0.0,6.0,-9.0,6.0,-9.0,6.0,-10.0,7.0,-10.0,6.0,-10.0,7.0,-10.0,7.0,-11.0,7.0,-11.0,6.0,-11.0,7.0,-11.0,7.0,-11.0,7.0,-11.0,6.0,-11.0,6.0,-11.0,7.0,-11.0,6.0,-12.0,6.0,-12.0,6.0,-12.0,6.0,-12.0,6.0,-12.0,6.0,-12.0,6.0,-12.0,6.0,-13.0,6.0,-13.0,6.0,-12.0,6.0,-13.0
0.7726,122.0,-96.0,7.0,0.0,0.0,0.0,0.0,0.0,0.0,0.0,0.0,0.0,5.0,-10.0,4.0,-5.0,5.0,0.0,6.0,5.0,8.0,10.0,10.0,14.0,12.0,18.0,14.0,21.0,16.0,22.0,18.0,23.0,19.0,22.0,19.0,21.0,18.0,19.0,17.0,17.0,14.0,14.0,11.0,11.0,6.0,9.0,1.0,7.0,-4.0,5.0,-10.0,4.0,-15.0,3.0,-20.0,3.0,-25.0,4.0,-28.0,6.0,-30.0,7.0,-30.0,7.0
0.7874,122.0,-96.0,7.0,0.0,0.0,0.0,0.0,0.0,0.0,0.0,0.0,0.0,-1.0,-24.0,-2.0,-25.0,-2.0,-26.0,-3.0,-25.0,-3.0,-24.0,-3.0,-22.0,-3.0,-19.0,-2.0,-16.0,0.0,-12.0,2.0,-8.0,4.0,-3.0,7.0,1.0,11.0,5.0,14.0,8.0,17.0,10.0,19.0,12.0,21.0,13.0,23.0,14.0,24.0,13.0,24.0,12.0,23.0,11.0,21.0,10.0,18.0,8.0,14.0,7.0,9.0,5.0,5.0,5.0
0.8028,122.0,-96.0,7.0,0.0,0.0,0.0,0.0,0.0,0.0,0.0,0.0,0.0,10.0,-4.0,6.0,-1.0,4.0,3.0,1.0,8.0,-2.0,12.0,-3.0,17.0,-4.0,21.0,-4.0,25.0,-4.0,27.0,-3.0,29.0,-2.0,30.0,-1.0,29.0,0.0,27.0,1.0,25.0,0.0,21.0,0.0,16.0,-2.0,12.0,-4.0,7.0,-6.0,2.0,-10.0,-3.0,-13.0,-7.0,-17.0,-10.0,-20.0,-13.0,-24.0,-14.0,-26.0,-15.0,-28.0,-15.0
0.8077,98.0,33.0,22.0,0.0,0.0,0.0,0.0,0.0,0.0,0.0,0.0,0.0,6.0,14.0,11.0,15.0,12.0,15.0,12.0,17.0,15.0,17.0,16.0,18.0,16.0,17.0,16.0,15.0,16.0,11.0,13.0,9.0,12.0,5.0,9.0,0.0,6.0,-2.0,3.0,-5.0,-3.0,-9.0,-6.0,-10.0,-10.0,-11.0,-14.0,-14.0,-18.0,-15.0,-20.0,-15.0,-24.0,-15.0,-25.0,-16.0,-25.0,-15.0,-25.0,-12.0,-22.0,-10.0,-19.0,-8.0
0.8218,122.0,-96.0,7.0,0.0,0.0,0.0,0.0,0.0,0.0,0.0,0.0,0.0,-17.0,16.0,-17.0,18.0,-17.0,19.0,-16.0,19.0,-15.0,18.0,-14.0,17.0,-12.0,14.0,-11.0,11.0,-8.0,8.0,-7.0,3.0,-6.0,-2.0,-5.0,-7.0,-5.0,-12.0,-5.0,-16.0,-5.0,-20.0,-6.0,-23.0,-7.0,-26.0,-7.0,-27.0,-8.0,-28.0,-9.0,-27.0,-9.0,-26.0,-8.0,-23.0,-8.0,-20.0,-6.0,-16.0,-3.0,-12.0,0.0,-8.0
0.8354,122.0,-96.0,7.0,0.0,0.0,0.0,0.0,0.0,0.0,0.0,0.0,0.0,-23.0,-13.0,-25.0,-14.0,-25.0,-13.0,-26.0,-13.0,-24.0,-11.0,-23.0,-10.0,-20.0,-9.0,-16.0,-8.0,-11.0,-7.0,-6.0,-7.0,0.0,-7.0,5.0,-7.0,11.0,-8.0,15.0,-9.0,19.0,-11.0,23.0,-12.0,25.0,-14.0,26.0,-15.0,27.0,-17.0,25.0,-17.0,24.0,-16.0,21.0,-16.0,18.0,-14.0,14.0,-11.0,11.0,-7.0,7.0,-3.0
0.8525,122.0,-96.0,7.0,0.0,0.0,0.0,0.0,0.0,0.0,0.0,0.0,0.0,-3.0,23.0,-2.0,24.0,-2.0,25.0,-1.0,24.0,0.0,23.0,0.0,21.0,0.0,18.0,-1.0,14.0,-2.0,11.0,-4.0,6.0,-5.0,2.0,-8.0,-3.0,-11.0,-7.0,-14.0,-10.0,-17.0,-13.0,-19.0,-15.0,-21.0,-16.0,-22.0,-17.0,-24.0,-16.0,-24.0,-15.0,-23.0,-14.0,-21.0,-12.0,-18.0,-11.0,-14.0,-9.0,-10.0,-7.0,-5.0,-6.0
0.8659,122.0,-96.0,7.0,0.0,0.0,0.0,0.0,0.0,0.0,0.0,0.0,0.0,-13.0,5.0,-19.0,5.0,-23.0,6.0,-26.0,7.0,-30.0,8.0,-31.0,10.0,-32.0,11.0,-31.0,12.0,-29.0,11.0,-26.0,11.0,-23.0,9.0,-19.0,6.0,-14.0,3.0,-10.0,-1.0,-5.0,-5.0,-2.0,-10.0,2.0,-16.0,5.0,-21.0,6.0,-26.0,7.0,-30.0,8.0,-33.0,8.0,-35.0,7.0,-36.0,5.0,-35.0,4.0,-34.0,3.0,-30.0
0.8797,122.0,-96.0,7.0,0.0,0.0,0.0,0.0,0.0,0.0,0.0,0.0,0.0,-20.0,12.0,-18.0,11.0,-15.0,9.0,-13.0,7.0,-10.0,4.0,-7.0,0.0,-5.0,-4.0,-2.0,-8.0,-1.0,-13.0,0.0,-17.0,1.0,-21.0,1.0,-23.0,1.0,-26.0,0.0,-28.0,-1.0,-28.0,-2.0,-27.0,-3.0,-26.0,-3.0,-23.0,-2.0,-19.0,-1.0,-15.0,1.0,-11.0,3.0,-6.0,6.0,-2.0,8.0,3.0,11.0,6.0,15.0,10.0
0.8932,122.0,-96.0,7.0,0.0,0.0,0.0,0.0,0.0,0.0,0.0,0.0,0.0,-12.0,-3.0,-17.0,-5.0,-20.0,-6.0,-24.0,-7.0,-26.0,-8.0,-29.0,-7.0,-29.0,-7.0,-29.0,-6.0,-28.0,-5.0,-25.0,-4.0,-21.0,-4.0,-17.0,-4.0,-13.0,-5.0,-7.0,-5.0,-2.0,-6.0,3.0,-9.0,8.0,-11.0,13.0,-13.0,16.0,-17.0,18.0,-20.0,20.0,-22.0,21.0,-23.0,21.0,-25.0,19.0,-24.0,18.0,-24.0,15.0,-22.0
0.9075,122.0,-96.0,7.0,0.0,0.0,0.0,0.0,0.0,0.0,0.0,0.0,0.0,10.0,-3.0,6.0,0.0,3.0,4.0,0.0,8.0,-3.0,12.0,-4.0,17.0,-5.0,20.0,-6.0,25.0,-6.0,27.0,-5.0,28.0,-4.0,29.0,-3.0,29.0,-1.0,27.0,0.0,26.0,-1.0,21.0,-1.0,16.0,-2.0,12.0,-4.0,7.0,-7.0,1.0,-9.0,-3.0,-13.0,-7.0,-16.0,-12.0,-20.0,-14.0,-23.0,-15.0,-25.0,-16.0,-27.0,-16.0
0.9204,122.0,-96.0,7.0,0.0,0.0,0.0,0.0,0.0,0.0,0.0,0.0,0.0,3.0,-11.0,3.0,-12.0,3.0,-11.0,4.0,-11.0,3.0,-12.0,4.0,-12.0,4.0,-12.0,4.0,-12.0,4.0,-12.0,4.0,-12.0,3.0,-12.0,4.0,-13.0,4.0,-13.0,3.0,-12.0,4.0,-13.0,4.0,-13.0,3.0,-13.0,4.0,-13.0,4.0,-13.0,3.0,-13.0,4.0,-13.0,4.0,-14.0,3.0,-13.0,3.0,-14.0,3.0,-14.0,3.0,-14.0
0.9346,122.0,-96.0,7.0,0.0,0.0,0.0,0.0,0.0,0.0,0.0,0.0,0.0,2.0,-23.0,2.0,-26.0,1.0,-25.0,1.0,-26.0,0.0,-24.0,0.0,-22.0,0.0,-19.0,1.0,-15.0,1.0,-11.0,3.0,-6.0,5.0,-2.0,7.0,3.0,10.0,7.0,12.0,11.0,15.0,14.0,17.0,15.0,19.0,17.0,20.0,17.0,22.0,17.0,21.0,16.0,20.0,15.0,18.0,13.0,15.0,11.0,11.0,8.0,7.0,7.0,2.0,5.0
0.9394,98.0,33.0,22.0,0.0,0.0,0.0,0.0,0.0,0.0,0.0,0.0,0.0,20.0,13.0,20.0,13.0,20.0,13.0,19.0,11.0,17.0,9.0,15.0,7.0,12.0,4.0,10.0,1.0,7.0,-2.0,4.0,-5.0,0.0,-9.0,-4.0,-11.0,-8.0,-14.0,-11.0,-15.0,-14.0,-16.0,-18.0,-17.0,-21.0,-16.0,-22.0,-16.0,-23.0,-14.0,-23.0,-12.0,-21.0,-10.0,-18.0,-8.0,-14.0,-6.0,-9.0,-3.0,-4.0,-1.0,3.0,1.0
0.955,122.0,-96.0,7.0,0.0,0.0,0.0,0.0,0.0,0.0,0.0,0.0,0.0,7.0,-9.0,5.0,-4.0,5.0,1.0,5.0,6.0,5.0,11.0,7.0,16.0,8.0,19.0,9.0,23.0,12.0,25.0,12.0,26.0,13.0,26.0,14.0,25.0,14.0,23.0,14.0,21.0,11.0,18.0,9.0,14.0,5.0,11.0,1.0,8.0,-4.0,5.0,-9.0,2.0,-14.0,0.0,-19.0,0.0,-24.0,-1.0,-27.0,-1.0,-30.0,0.0,-31.0,0.0
0.9721,122.0,-96.0,7.0,0.0,0.0,0.0,0.0,0.0,0.0,0.0,0.0,0.0,-21.0,-10.0,-23.0,-11.0,-24.0,-10.0,-24.0,-10.0,-22.0,-9.0,-21.0,-8.0,-18.0,-7.0,-14.0,-7.0,-11.0,-6.0,-6.0,-6.0,-1.0,-6.0,4.0,-7.0,9.0,-8.0,13.0,-9.0,17.0,-11.0,19.0,-12.0,22.0,-14.0,23.0,-15.0,23.0,-16.0,22.0,-17.0,21.0,-16.0,18.0,-15.0,15.0,-13.0,12.0,-10.0,9.0,-7.0,7.0,-2.0
0.9847,122.0,-96.0,7.0,0.0,0.0,0.0,0.0,0.0,0.0,0.0,0.0,0.0,7.0,10.0,2.0,7.0,-3.0,5.0,-9.0,4.0,-14.0,2.0,-20.0,2.0,-24.0,2.0,-28.0,3.0,-31.0,4.0,-33.0,5.0,-34.0,7.0,-33.0,7.0,-31.0,8.0,-29.0,9.0,-25.0,7.0,-21.0,5.0,-16.0,3.0,-11.0,-1.0,-6.0,-5.0,-2.0,-9.0,2.0,-15.0,5.0,-19.0,7.0,-25.0,7.0,-29.0,7.0,-32.0,8.0,-34.0
1.0001,122.0,-96.0,7.0,0.0,0.0,0.0,0.0,0.0,0.0,0.0,0.0,0.0,-5.0,9.0,-5.0,10.0,-5.0,10.0,-5.0,10.0,-5.0,10.0,-5.0,11.0,-5.0,11.0,-5.0,11.0,-5.0,11.0,-5.0,11.0,-5.0,11.0,-5.0,11.0,-5.0,11.0,-5.0,11.0,-5.0,12.0,-5.0,12.0,-5.0,12.0,-5.0,12.0,-5.0,12.0,-5.0,12.0,-5.0,12.0,-5.0,12.0,-5.0,12.0,-4.0,12.0,-5.0,12.0,-4.0,13.0
1.0136,122.0,-96.0,7.0,0.0,0.0,0.0,0.0,0.0,0.0,0.0,0.0,0.0,6.0,-9.0,5.0,-5.0,5.0,1.0,5.0,5.0,5.0,11.0,7.0,16.0,8.0,19.0,10.0,23.0,12.0,25.0,13.0,25.0,15.0,25.0,15.0,24.0,15.0,22.0,15.0,20.0,12.0,17.0,9.0,14.0,6.0,11.0,1.0,8.0,-4.0,5.0,-9.0,2.0,-14.0,1.0,-20.0,0.0,-23.0,1.0,-27.0,2.0,-30.0,2.0,-31.0,3.0
1.0283,122.0,-96.0,7.0,0.0,0.0,0.0,0.0,0.0,0.0,0.0,0.0,0.0,-6.0,9.0,-6.0,9.0,-6.0,10.0,-6.0,9.0,-6.0,10.0,-6.0,10.0,-6.0,10.0,-6.0,10.0,-7.0,10.0,-6.0,11.0,-6.0,11.0,-6.0,11.0,-6.0,11.0,-6.0,11.0,-6.0,11.0,-6.0,11.0,-6.0,11.0,-6.0,12.0,-6.0,12.0,-6.0,12.0,-6.0,12.0,-6.0,12.0,-6.0,13.0,-6.0,12.0,-5.0,12.0,-5.0,12.0
1.0424,122.0,-96.0,7.0,0.0,0.0,0.0,0.0,0.0,0.0,0.0,0.0,0.0,-7.0,8.0,-10.0,11.0,-13.0,13.0,-15.0,16.0,-16.0,18.0,-17.0,20.0,-17.0,20.0,-16.0,21.0,-15.0,20.0,-13.0,18.0,-12.0,15.0,-10.0,12.0,-8.0,8.0,-7.0,3.0,-6.0,-2.0,-6.0,-6.0,-6.0,-12.0,-6.0,-16.0,-7.0,-21.0,-8.0,-23.0,-10.0,-26.0,-10.0,-26.0,-12.0,-27.0,-12.0,-26.0,-12.0,-24.0,-12.0,-22.0
1.0577,122.0,-96.0,7.0,0.0,0.0,0.0,0.0,0.0,0.0,0.0,0.0,0.0,-2.0,23.0,-1.0,24.0,-1.0,25.0,0.0,25.0,1.0,24.0,1.0,21.0,1.0,19.0,0.0,15.0,-1.0,11.0,-3.0,7.0,-5.0,2.0,-8.0,-2.0,-11.0,-6.0,-13.0,-9.0,-16.0,-12.0,-19.0,-14.0,-21.0,-15.0,-23.0,-16.0,-24.0,-16.0,-24.0,-15.0,-24.0,-14.0,-22.0,-12.0,-20.0,-11.0,-16.0,-9.0,-11.0,-7.0,-7.0,-6.0
1.0721,122.0,-96.0,7.0,0.0,0.0,0.0,0.0,0.0,0.0,0.0,0.0,0.0,-7.0,-23.0,-9.0,-24.0,-9.0,-24.0,-10.0,-24.0,-10.0,-22.0,-9.0,-21.0,-8.0,-18.0,-6.0,-15.0,-4.0,-11.0,0.0,-8.0,3.0,-5.0,7.0,-2.0,12.0,1.0,16.0,3.0,19.0,5.0,22.0,5.0,25.0,6.0,26.0,6.0,27.0,5.0,27.0,4.0,26.0,4.0,23.0,3.0,20.0,2.0,15.0,2.0,11.0,2.0,6.0,3.0
1.0857,122.0,-96.0,7.0,0.0,0.0,0.0,0.0,0.0,0.0,0.0,0.0,0.0,14.0,-18.0,15.0,-21.0,15.0,-21.0,14.0,-21.0,13.0,-20.0,12.0,-19.0,10.0,-16.0,9.0,-13.0,7.0,-9.0,6.0,-4.0,5.0,1.0,4.0,6.0,5.0,11.0,5.0,15.0,6.0,19.0,6.0,22.0,7.0,24.0,8.0,26.0,9.0,26.0,10.0,25.0,9.0,24.0,9.0,21.0,8.0,18.0,6.0,14.0,3.0,10.0,0.0,7.0
1.0998,122.0,-96.0,7.0,0.0,0.0,0.0,0.0,0.0,0.0,0.0,0.0,0.0,11.0,0.0,6.0,2.0,2.0,4.0,-2.0,7.0,-6.0,10.0,-10.0,14.0,-12.0,17.0,-14.0,20.0,-15.0,23.0,-15.0,25.0,-14.0,26.0,-13.0,26.0,-12.0,25.0,-10.0,24.0,-9.0,21.0,-7.0,16.0,-7.0,12.0,-6.0,6.0,-7.0,1.0,-7.0,-4.0,-9.0,-10.0,-11.0,-15.0,-13.0,-19.0,-15.0,-22.0,-17.0,-24.0,-19.0,-25.0
1.1074,-120.0,-126.0,40.0,0.0,0.0,0.0,0.0,0.0,0.0,0.0,0.0,0.0,-4.0,24.0,-4.0,22.0,-3.0,19.0,-1.0,15.0,2.0,11.0,4.0,6.0,8.0,2.0,11.0,-2.0,14.0,-6.0,15.0,-8.0,18.0,-13.0,18.0,-15.0,19.0,-17.0,18.0,-20.0,17.0,-21.0,15.0,-21.0,13.0,-21.0,10.0,-19.0,8.0,-16.0,3.0,-12.0,0.0,-6.0,-3.0,0.0,-7.0,5.0,-10.0,11.0,-14.0,17.0,-17.0,23.0
1.1199,122.0,-96.0,7.0,0.0,0.0,0.0,0.0,0.0,0.0,0.0,0.0,0.0,-9.0,-6.0,-9.0,-6.0,-9.0,-5.0,-10.0,-6.0,-10.0,-5.0,-10.0,-6.0,-10.0,-6.0,-10.0,-6.0,-10.0,-6.0,-10.0,-7.0,-10.0,-6.0,-10.0,-6.0,-10.0,-6.0,-11.0,-6.0,-10.0,-7.0,-11.0,-6.0,-10.0,-6.0,-11.0,-6.0,-11.0,-6.0,-11.0,-6.0,-11.0,-6.0,-11.0,-6.0,-12.0,-6.0,-12.0,-6.0,-12.0,-6.0,-12.0,-6.0
1.1337,122.0,-96.0,7.0,0.0,0.0,0.0,0.0,0.0,0.0,0.0,0.0,0.0,-12.0,4.0,-9.0,1.0,-5.0,-4.0,-3.0,-10.0,-1.0,-15.0,0.0,-21.0,1.0,-25.0,1.0,-29.0,0.0,-32.0,-1.0,-33.0,-2.0,-34.0,-4.0,-33.0,-5.0,-31.0,-6.0,-29.0,-5.0,-25.0,-3.0,-20.0,-1.0,-15.0,2.0,-10.0,6.0,-4.0,9.0,0.0,14.0,4.0,19.0,8.0,24.0,10.0,28.0,10.0,31.0,11.0,32.0,11.0
1.149,122.0,-96.0,7.0,0.0,0.0,0.0,0.0,0.0,0.0,0.0,0.0,0.0,-10.0,6.0,-11.0,6.0,-10.0,6.0,-11.0,6.0,-11.0,7.0,-12.0,6.0,-11.0,7.0,-11.0,7.0,-11.0,6.0,-11.0,8.0,-12.0,7.0,-11.0,8.0,-11.0,7.0,-11.0,7.0,-11.0,8.0,-12.0,8.0,-12.0,7.0,-12.0,8.0,-11.0,8.0,-12.0,8.0,-12.0,8.0,-12.0,8.0,-12.0,9.0,-12.0,8.0,-11.0,9.0,-11.0,9.0
1.1622,122.0,-96.0,7.0,0.0,0.0,0.0,0.0,0.0,0.0,0.0,0.0,0.0,23.0,10.0,26.0,9.0,26.0,9.0,26.0,8.0,24.0,7.0,23.0,7.0,19.0,5.0,15.0,5.0,10.0,5.0,5.0,5.0,-1.0,6.0,-6.0,7.0,-11.0,9.0,-16.0,10.0,-20.0,13.0,-22.0,14.0,-24.0,17.0,-25.0,18.0,-25.0,19.0,-23.0,19.0,-22.0,18.0,-19.0,17.0,-16.0,14.0,-13.0,10.0,-10.0,6.0,-8.0,1.0
1.1764,122.0,-96.0,7.0,0.0,0.0,0.0,0.0,0.0,0.0,0.0,0.0,0.0,11.0,9.0,11.0,8.0,11.0,8.0,10.0,9.0,12.0,7.0,12.0,9.0,11.0,9.0,12.0,8.0,12.0,8.0,12.0,9.0,12.0,9.0,12.0,9.0,13.0,8.0,13.0,9.0,13.0,8.0,14.0,9.0,13.0,9.0,14.0,8.0,13.0,8.0,14.0,9.0,13.0,9.0,14.0,9.0,15.0,8.0,14.0,8.0,14.0,8.0,15.0,9.0
1.1909,122.0,-96.0,7.0,0.0,0.0,0.0,0.0,0.0,0.0,0.0,0.0,0.0,-9.0,7.0,-12.0,9.0,-15.0,11.0,-18.0,12.0,-19.0,14.0,-20.0,16.0,-20.0,17.0,-20.0,18.0,-18.0,17.0,-16.0,15.0,-14.0,13.0,-12.0,10.0,-10.0,6.0,-7.0,2.0,-5.0,-2.0,-4.0,-7.0,-4.0,-13.0,-3.0,-17.0,-4.0,-21.0,-5.0,-24.0,-5.0,-27.0,-6.0,-28.0,-7.0,-28.0,-7.0,-28.0,-8.0,-26.0,-8.0,-23.0
1.2059,122.0,-96.0,7.0,0.0,0.0,0.0,0.0,0.0,0.0,0.0,0.0,0.0,-19.0,-18.0,-18.0,-16.0,-15.0,-14.0,-12.0,-12.0,-8.0,-9.0,-4.0,-8.0,2.0,-6.0,7.0,-5.0,12.0,-5.0,17.0,-5.0,21.0,-5.0,24.0,-5.0,27.0,-7.0,29.0,-8.0,30.0,-9.0,28.0,-10.0,27.0,-10.0,23.0,-9.0,20.0,-8.0,16.0,-6.0,12.0,-3.0,7.0,0.0,4.0,4.0,0.0,9.0,-3.0,13.0,-6.0,18.0
1.2223,122.0,-96.0,7.0,0.0,0.0,0.0,0.0,0.0,0.0,0.0,0.0,0.0,-8.0,-9.0,-4.0,-7.0,1.0,-6.0,6.0,-5.0,11.0,-4.0,16.0,-5.0,20.0,-5.0,23.0,-6.0,27.0,-8.0,28.0,-9.0,28.0,-10.0,27.0,-10.0,25.0,-11.0,24.0,-11.0,20.0,-10.0,16.0,-8.0,13.0,-5.0,9.0,-1.0,5.0,3.0,2.0,7.0,-1.0,12.0,-4.0,17.0,-5.0,21.0,-5.0,25.0,-5.0,28.0,-5.0,29.0
1.2384,122.0,-96.0,7.0,0.0,0.0,0.0,0.0,0.0,0.0,0.0,0.0,0.0,-9.0,-25.0,-8.0,-22.0,-7.0,-20.0,-5.0,-16.0,-4.0,-12.0,0.0,-9.0,3.0,-5.0,8.0,-1.0,12.0,1.0,17.0,4.0,20.0,6.0,23.0,7.0,26.0,7.0,28.0,7.0,30.0,6.0,30.0,4.0,28.0,3.0,26.0,3.0,23.0,2.0,18.0,2.0,13.0,2.0,8.0,3.0,2.0,5.0,-3.0,7.0,-8.0,9.0,-12.0,12.0
1.254,122.0,-96.0,7.0,0.0,0.0,0.0,0.0,0.0,0.0,0.0,0.0,0.0,-12.0,-3.0,-12.0,-3.0,-11.0,-2.0,-12.0,-3.0,-12.0,-2.0,-13.0,-3.0,-12.0,-2.0,-13.0,-1.0,-13.0,-2.0,-13.0,-2.0,-13.0,-2.0,-13.0,-3.0,-13.0,-3.0,-13.0,-2.0,-14.0,-2.0,-14.0,-2.0,-14.0,-2.0,-14.0,-2.0,-14.0,-2.0,-14.0,-1.0,-14.0,-1.0,-14.0,-1.0,-14.0,-1.0,-14.0,-2.0,-14.0,-2.0,-14.0,-2.0
1.2668,122.0,-96.0,7.0,0.0,0.0,0.0,0.0,0.0,0.0,0.0,0.0,0.0,6.0,-23.0,6.0,-25.0,5.0,-25.0,4.0,-25.0,4.0,-24.0,3.0,-22.0,3.0,-20.0,3.0,-16.0,3.0,-12.0,4.0,-7.0,5.0,-2.0,6.0,2.0,8.0,7.0,10.0,11.0,12.0,15.0,14.0,17.0,16.0,19.0,17.0,20.0,19.0,20.0,19.0,20.0,18.0,19.0,17.0,17.0,15.0,14.0,12.0,12.0,8.0,9.0,5.0,7.0
1.2809,122.0,-96.0,7.0,0.0,0.0,0.0,0.0,0.0,0.0,0.0,0.0,0.0,-25.0,-7.0,-23.0,-6.0,-20.0,-6.0,-16.0,-5.0,-12.0,-5.0,-7.0,-6.0,-2.0,-7.0,3.0,-8.0,8.0,-9.0,12.0,-12.0,16.0,-14.0,19.0,-16.0,21.0,-18.0,22.0,-20.0,22.0,-22.0,21.0,-21.0,20.0,-21.0,17.0,-20.0,15.0,-17.0,13.0,-14.0,10.0,-10.0,8.0,-5.0,6.0,0.0,4.0,5.0,3.0,11.0,3.0,17.0
1.2953,122.0,-96.0,7.0,0.0,0.0,0.0,0.0,0.0,0.0,0.0,0.0,0.0,4.0,22.0,6.0,24.0,6.0,24.0,7.0,24.0,7.0,22.0,7.0,21.0,6.0,18.0,4.0,15.0,2.0,11.0,-1.0,8.0,-4.0,4.0,-8.0,0.0,-12.0,-3.0,-15.0,-5.0,-19.0,-7.0,-22.0,-8.0,-24.0,-9.0,-26.0,-9.0,-27.0,-9.0,-27.0,-8.0,-27.0,-7.0,-24.0,-6.0,-22.0,-5.0,-18.0,-4.0,-13.0,-4.0,-8.0,-4.0
1.3077,122.0,-96.0,7.0,0.0,0.0,0.0,0.0,0.0,0.0,0.0,0.0,0.0,20.0,10.0,19.0,9.0,16.0,7.0,13.0,6.0,9.0,5.0,4.0,5.0,-1.0,5.0,-6.0,5.0,-10.0,6.0,-14.0,8.0,-17.0,8.0,-20.0,10.0,-22.0,12.0,-23.0,13.0,-24.0,14.0,-23.0,15.0,-22.0,14.0,-20.0,13.0,-17.0,12.0,-15.0,9.0,-12.0,6.0,-9.0,2.0,-6.0,-2.0,-4.0,-7.0,-2.0,-11.0,-1.0,-16.0
1.3201,122.0,-96.0,7.0,0.0,0.0,0.0,0.0,0.0,0.0,0.0,0.0,0.0,6.0,8.0,2.0,6.0,-3.0,4.0,-7.0,3.0,-13.0,3.0,-18.0,3.0,-22.0,3.0,-25.0,5.0,-28.0,6.0,-29.0,7.0,-29.0,8.0,-28.0,9.0,-26.0,9.0,-24.0,10.0,-21.0,8.0,-16.0,6.0,-13.0,3.0,-9.0,-1.0,-5.0,-5.0,-2.0,-9.0,1.0,-14.0,3.0,-19.0,4.0,-23.0,4.0,-27.0,3.0,-30.0,3.0,-31.0
1.3333,122.0,-96.0,7.0,0.0,0.0,0.0,0.0,0.0,0.0,0.0,0.0,0.0,-20.0,16.0,-21.0,18.0,-21.0,19.0,-20.0,19.0,-19.0,18.0,-18.0,17.0,-15.0,15.0,-13.0,11.0,-10.0,7.0,-8.0,2.0,-6.0,-3.0,-5.0,-8.0,-4.0,-13.0,-3.0,-18.0,-4.0,-23.0,-4.0,-26.0,-4.0,-29.0,-5.0,-30.0,-6.0,-32.0,-7.0,-30.0,-7.0,-29.0,-7.0,-26.0,-6.0,-23.0,-5.0,-18.0,-2.0,-13.0,0.0,-9.0
1.3467,122.0,-96.0,7.0,0.0,0.0,0.0,0.0,0.0,0.0,0.0,0.0,0.0,-13.0,3.0,-9.0,0.0,-5.0,-5.0,-2.0,-9.0,1.0,-15.0,3.0,-21.0,3.0,-25.0,4.0,-28.0,3.0,-32.0,3.0,-33.0,2.0,-34.0,1.0,-33.0,0.0,-32.0,-2.0,-29.0,-1.0,-25.0,-1.0,-20.0,1.0,-15.0,3.0,-10.0,6.0,-4.0,10.0,2.0,13.0,6.0,17.0,11.0,22.0,13.0,26.0,15.0,28.0,16.0,31.0,16.0
1.3644,122.0,-96.0,7.0,0.0,0.0,0.0,0.0,0.0,0.0,0.0,0.0,0.0,10.0,-5.0,7.0,-1.0,4.0,3.0,2.0,7.0,0.0,12.0,-1.0,17.0,-2.0,20.0,-2.0,24.0,-1.0,27.0,-1.0,29.0,0.0,29.0,1.0,29.0,2.0,27.0,3.0,26.0,2.0,21.0,2.0,18.0,0.0,13.0,-2.0,9.0,-5.0,4.0,-9.0,0.0,-12.0,-4.0,-16.0,-7.0,-21.0,-10.0,-24.0,-12.0,-27.0,-12.0,-29.0,-13.0
1.3754,122.0,-96.0,7.0,0.0,0.0,0.0,0.0,0.0,0.0,0.0,0.0,0.0,-12.0,-4.0,-15.0,-7.0,-19.0,-9.0,-22.0,-10.0,-25.0,-11.0,-27.0,-11.0,-28.0,-11.0,-28.0,-9.0,-27.0,-8.0,-25.0,-7.0,-22.0,-7.0,-17.0,-6.0,-13.0,-5.0,-8.0,-6.0,-3.0,-6.0,3.0,-8.0,8.0,-10.0,13.0,-12.0,17.0,-15.0,19.0,-17.0,22.0,-19.0,23.0,-21.0,22.0,-23.0,21.0,-23.0,19.0,-23.0,18.0,-21.0
1.3892,122.0,-96.0,7.0,0.0,0.0,0.0,0.0,0.0,0.0,0.0,0.0,0.0,16.0,-20.0,16.0,-22.0,16.0,-23.0,16.0,-23.0,14.0,-23.0,13.0,-21.0,11.0,-18.0,10.0,-15.0,8.0,-11.0,7.0,-5.0,5.0,0.0,5.0,5.0,5.0,11.0,5.0,15.0,6.0,20.0,7.0,24.0,8.0,26.0,9.0,28.0,10.0,29.0,11.0,28.0,11.0,27.0,11.0,24.0,10.0,21.0,8.0,17.0,5.0,13.0,2.0,9.0
1.3926,98.0,33.0,22.0,0.0,0.0,0.0,0.0,0.0,0.0,0.0,0.0,0.0,8.0,23.0,9.0,23.0,7.0,21.0,7.0,20.0,7.0,17.0,8.0,13.0,7.0,11.0,5.0,9.0,7.0,4.0,7.0,-1.0,6.0,-7.0,6.0,-11.0,2.0,-14.0,2.0,-15.0,0.0,-22.0,-1.0,-26.0,-3.0,-27.0,-6.0,-25.0,-6.0,-25.0,-9.0,-24.0,-8.0,-22.0,-7.0,-18.0,-6.0,-13.0,-4.0,-9.0,-3.0,-3.0,-1.0,5.0
1.4075,122.0,-96.0,7.0,0.0,0.0,0.0,0.0,0.0,0.0,0.0,0.0,0.0,-13.0,-1.0,-17.0,-2.0,-21.0,-3.0,-25.0,-3.0,-27.0,-3.0,-29.0,-2.0,-30.0,-1.0,-30.0,0.0,-28.0,0.0,-25.0,0.0,-21.0,0.0,-17.0,-1.0,-13.0,-2.0,-8.0,-4.0,-3.0,-6.0,1.0,-9.0,6.0,-13.0,10.0,-16.0,13.0,-20.0,15.0,-22.0,16.0,-25.0,17.0,-27.0,16.0,-27.0,14.0,-27.0,13.0,-27.0,11.0,-24.0
1.4209,122.0,-96.0,7.0,0.0,0.0,0.0,0.0,0.0,0.0,0.0,0.0,0.0,-12.0,0.0,-15.0,-1.0,-19.0,-2.0,-22.0,-2.0,-25.0,-2.0,-26.0,-1.0,-27.0,0.0,-27.0,1.0,-25.0,1.0,-23.0,1.0,-20.0,1.0,-16.0,0.0,-12.0,-1.0,-8.0,-3.0,-3.0,-5.0,1.0,-8.0,5.0,-12.0,8.0,-15.0,10.0,-19.0,12.0,-21.0,13.0,-24.0,13.0,-25.0,12.0,-26.0,11.0,-26.0,10.0,-25.0,8.0,-23.0
1.4337,122.0,-96.0,7.0,0.0,0.0,0.0,0.0,0.0,0.0,0.0,0.0,0.0,7.0,6.0,8.0,6.0,8.0,6.0,8.0,6.0,8.0,6.0,8.0,7.0,8.0,6.0,9.0,6.0,8.0,7.0,8.0,7.0,9.0,6.0,9.0,6.0,8.0,7.0,9.0,7.0,9.0,6.0,8.0,7.0,9.0,6.0,9.0,6.0,10.0,6.0,9.0,7.0,9.0,7.0,10.0,6.0,10.0,6.0,10.0,6.0,10.0,7.0,10.0,6.0
1.4473,122.0,-96.0,7.0,0.0,0.0,0.0,0.0,0.0,0.0,0.0,0.0,0.0,10.0,3.0,5.0,4.0,0.0,5.0,-4.0,7.0,-9.0,9.0,-13.0,12.0,-16.0,15.0,-19.0,17.0,-20.0,20.0,-20.0,21.0,-20.0,22.0,-18.0,23.0,-17.0,22.0,-15.0,21.0,-12.0,17.0,-11.0,14.0,-9.0,9.0,-8.0,4.0,-7.0,-2.0,-6.0,-7.0,-7.0,-13.0,-8.0,-17.0,-9.0,-22.0,-12.0,-25.0,-13.0,-27.0,-14.0,-28.0
1.4612,122.0,-96.0,7.0,0.0,0.0,0.0,0.0,0.0,0.0,0.0,0.0,0.0,23.0,-10.0,21.0,-9.0,19.0,-8.0,15.0,-6.0,11.0,-4.0,8.0,0.0,4.0,3.0,1.0,7.0,-2.0,12.0,-4.0,16.0,-6.0,20.0,-7.0,23.0,-7.0,26.0,-7.0,28.0,-6.0,30.0,-5.0,29.0,-4.0,28.0,-4.0,26.0,-3.0,22.0,-3.0,18.0,-4.0,13.0,-4.0,8.0,-6.0,3.0,-8.0,-3.0,-10.0,-8.0,-14.0,-12.0
1.4754,122.0,-96.0,7.0,0.0,0.0,0.0,0.0,0.0,0.0,0.0,0.0,0.0,-24.0,-17.0,-22.0,-15.0,-20.0,-13.0,-15.0,-11.0,-11.0,-9.0,-5.0,-8.0,1.0,-7.0,7.0,-7.0,12.0,-7.0,18.0,-8.0,22.0,-8.0,26.0,-9.0,29.0,-11.0,31.0,-13.0,31.0,-15.0,30.0,-16.0,28.0,-15.0,25.0,-14.0,21.0,-12.0,17.0,-9.0,13.0,-6.0,9.0,-1.0,5.0,5.0,1.0,9.0,-2.0,14.0,-4.0,20.0
1.4895,122.0,-96.0,7.0,0.0,0.0,0.0,0.0,0.0,0.0,0.0,0.0,0.0,14.0,-21.0,13.0,-19.0,11.0,-17.0,9.0,-13.0,7.0,-9.0,6.0,-4.0,5.0,1.0,5.0,7.0,5.0,12.0,6.0,17.0,7.0,20.0,8.0,23.0,10.0,26.0,12.0,27.0,13.0,27.0,13.0,26.0,13.0,24.0,12.0,21.0,10.0,18.0,7.0,14.0,4.0,10.0,-1.0,7.0,-6.0,4.0,-11.0,1.0,-15.0,-1.0,-21.0,-2.0
1.4921,98.0,33.0,22.0,0.0,0.0,0.0,0.0,0.0,0.0,0.0,0.0,0.0,17.0,14.0,17.0,14.0,14.0,9.0,13.0,4.0,9.0,1.0,8.0,-3.0,8.0,-10.0,4.0,-12.0,2.0,-18.0,3.0,-19.0,2.0,-23.0,-3.0,-24.0,-2.0,-28.0,-5.0,-26.0,-6.0,-23.0,-6.0,-24.0,-6.0,-24.0,-8.0,-17.0,-7.0,-15.0,-6.0,-10.0,-5.0,-3.0,-4.0,3.0,0.0,8.0,1.0,15.0,3.0,23.0,5.0,29.0
1.5055,122.0,-96.0,7.0,0.0,0.0,0.0,0.0,0.0,0.0,0.0,0.0,0.0,21.0,8.0,19.0,7.0,16.0,6.0,12.0,5.0,8.0,5.0,4.0,5.0,-1.0,5.0,-6.0,6.0,-11.0,7.0,-14.0,9.0,-17.0,11.0,-20.0,12.0,-21.0,14.0,-22.0,16.0,-22.0,17.0,-21.0,17.0,-19.0,16.0,-17.0,15.0,-14.0,12.0,-12.0,9.0,-9.0,5.0,-7.0,0.0,-5.0,-4.0,-4.0,-9.0,-3.0,-14.0,-3.0,-19.0
1.5194,122.0,-96.0,7.0,0.0,0.0,0.0,0.0,0.0,0.0,0.0,0.0,0.0,9.0,-5.0,9.0,-5.0,9.0,-5.0,9.0,-6.0,9.0,-5.0,9.0,-5.0,9.0,-5.0,9.0,-6.0,9.0,-6.0,10.0,-6.0,10.0,-6.0,9.0,-6.0,10.0,-6.0,9.0,-6.0,9.0,-7.0,10.0,-7.0,9.0,-7.0,10.0,-7.0,10.0,-7.0,10.0,-8.0,10.0,-7.0,10.0,-8.0,10.0,-8.0,10.0,-7.0,10.0,-7.0,10.0,-7.0
1.5326,122.0,-96.0,7.0,0.0,0.0,0.0,0.0,0.0,0.0,0.0,0.0,0.0,13.0,-3.0,14.0,-3.0,14.0,-3.0,14.0,-3.0,14.0,-3.0,15.0,-3.0,14.0,-3.0,15.0,-4.0,15.0,-3.0,15.0,-4.0,15.0,-4.0,16.0,-4.0,15.0,-4.0,15.0,-4.0,16.0,-4.0,16.0,-4.0,16.0,-5.0,15.0,-4.0,16.0,-5.0,16.0,-5.0,16.0,-5.0,16.0,-5.0,16.0,-6.0,16.0,-6.0,16.0,-6.0,16.0,-6.0
1.5459,122.0,-96.0,7.0,0.0,0.0,0.0,0.0,0.0,0.0,0.0,0.0,0.0,-3.0,10.0,-4.0,14.0,-6.0,18.0,-6.0,20.0,-7.0,23.0,-6.0,25.0,-6.0,25.0,-5.0,25.0,-4.0,24.0,-4.0,21.0,-4.0,18.0,-4.0,14.0,-4.0,9.0,-5.0,5.0,-6.0,0.0,-8.0,-5.0,-10.0,-10.0,-13.0,-13.0,-15.0,-16.0,-18.0,-19.0,-20.0,-20.0,-21.0,-20.0,-21.0,-20.0,-21.0,-18.0,-21.0,-17.0,-19.0,-15.0
1.5602,122.0,-96.0,7.0,0.0,0.0,0.0,0.0,0.0,0.0,0.0,0.0,0.0,-23.0,-4.0,-25.0,-3.0,-26.0,-3.0,-25.0,-2.0,-24.0,-2.0,-22.0,-2.0,-19.0,-2.0,-16.0,-2.0,-12.0,-3.0,-7.0,-4.0,-2.0,-6.0,2.0,-8.0,6.0,-11.0,10.0,-13.0,13.0,-16.0,15.0,-18.0,16.0,-20.0,17.0,-21.0,17.0,-22.0,16.0,-22.0,16.0,-22.0,13.0,-20.0,11.0,-18.0,9.0,-13.0,7.0,-9.0,6.0,-5.0
1.5732,122.0,-96.0,7.0,0.0,0.0,0.0,0.0,0.0,0.0,0.0,0.0,0.0,-3.0,12.0,-4.0,6.0,-6.0,1.0,-9.0,-4.0,-12.0,-9.0,-16.0,-13.0,-19.0,-16.0,-23.0,-18.0,-26.0,-20.0,-27.0,-20.0,-28.0,-19.0,-28.0,-18.0,-27.0,-16.0,-26.0,-14.0,-21.0,-12.0,-16.0,-10.0,-11.0,-9.0,-5.0,-8.0,2.0,-7.0,8.0,-8.0,14.0,-9.0,19.0,-11.0,24.0,-13.0,26.0,-16.0,28.0,-18.0,29.0,-19.0
1.5878,122.0,-96.0,7.0,0.0,0.0,0.0,0.0,0.0,0.0,0.0,0.0,0.0,16.0,23.0,18.0,25.0,19.0,25.0,19.0,24.0,18.0,22.0,17.0,20.0,15.0,17.0,11.0,14.0,7.0,11.0,1.0,8.0,-4.0,5.0,-10.0,3.0,-17.0,2.0,-21.0,1.0,-27.0,0.0,-30.0,0.0,-33.0,1.0,-35.0,2.0,-36.0,3.0,-35.0,3.0,-32.0,3.0,-29.0,4.0,-25.0,3.0,-19.0,2.0,-13.0,0.0,-8.0,-4.0
1.602,122.0,-96.0,7.0,0.0,0.0,0.0,0.0,0.0,0.0,0.0,0.0,0.0,-10.0,-21.0,-12.0,-23.0,-12.0,-23.0,-12.0,-22.0,-13.0,-21.0,-12.0,-19.0,-10.0,-17.0,-8.0,-14.0,-6.0,-12.0,-2.0,-8.0,2.0,-5.0,7.0,-3.0,11.0,-1.0,15.0,1.0,19.0,2.0,22.0,3.0,25.0,3.0,26.0,4.0,27.0,3.0,27.0,2.0,26.0,2.0,24.0,1.0,21.0,0.0,17.0,0.0,12.0,1.0,8.0,2.0
1.6154,122.0,-96.0,7.0,0.0,0.0,0.0,0.0,0.0,0.0,0.0,0.0,0.0,5.0,-13.0,4.0,-14.0,5.0,-14.0,4.0,-14.0,5.0,-15.0,5.0,-15.0,5.0,-15.0,4.0,-16.0,4.0,-15.0,5.0,-16.0,5.0,-16.0,5.0,-16.0,5.0,-16.0,4.0,-16.0,5.0,-17.0,5.0,-17.0,4.0,-17.0,4.0,-17.0,5.0,-17.0,4.0,-17.0,4.0,-17.0,4.0,-17.0,4.0,-17.0,4.0,-18.0,4.0,-18.0,4.0,-18.0
1.6303,122.0,-96.0,7.0,0.0,0.0,0.0,0.0,0.0,0.0,0.0,0.0,0.0,-1.0,-23.0,-1.0,-21.0,-1.0,-19.0,-1.0,-15.0,0.0,-11.0,2.0,-7.0,4.0,-3.0,7.0,1.0,10.0,5.0,13.0,8.0,15.0,10.0,18.0,12.0,21.0,13.0,23.0,13.0,23.0,13.0,23.0,12.0,22.0,11.0,20.0,10.0,17.0,8.0,14.0,7.0,9.0,6.0,4.0,5.0,-1.0,5.0,-6.0,5.0,-11.0,6.0,-16.0,7.0
1.6431,122.0,-96.0,7.0,0.0,0.0,0.0,0.0,0.0,0.0,0.0,0.0,0.0,5.0,-13.0,5.0,-14.0,5.0,-14.0,4.0,-14.0,5.0,-15.0,4.0,-15.0,4.0,-15.0,4.0,-16.0,4.0,-15.0,5.0,-16.0,5.0,-16.0,5.0,-16.0,4.0,-16.0,4.0,-16.0,4.0,-17.0,4.0,-17.0,3.0,-16.0,4.0,-17.0,4.0,-17.0,4.0,-17.0,4.0,-17.0,3.0,-17.0,3.0,-18.0,3.0,-18.0,3.0,-18.0,3.0,-18.0
1.6561,122.0,-96.0,7.0,0.0,0.0,0.0,0.0,0.0,0.0,0.0,0.0,0.0,11.0,0.0,15.0,1.0,20.0,2.0,23.0,2.0,26.0,2.0,28.0,1.0,29.0,0.0,29.0,-1.0,27.0,-2.0,24.0,-1.0,21.0,-1.0,17.0,1.0,12.0,1.0,7.0,3.0,2.0,5.0,-2.0,8.0,-7.0,11.0,-11.0,14.0,-14.0,18.0,-16.0,22.0,-17.0,24.0,-17.0,26.0,-17.0,27.0,-16.0,26.0,-14.0,26.0,-12.0,23.0
1.6695,122.0,-96.0,7.0,0.0,0.0,0.0,0.0,0.0,0.0,0.0,0.0,0.0,10.0,-1.0,11.0,-1.0,12.0,-1.0,11.0,-1.0,11.0,-1.0,12.0,-2.0,12.0,-2.0,12.0,-1.0,12.0,-1.0,12.0,-2.0,12.0,-2.0,13.0,-1.0,12.0,-1.0,13.0,-2.0,12.0,-2.0,13.0,-2.0,13.0,-2.0,13.0,-2.0,13.0,-2.0,13.0,-2.0,13.0,-2.0,13.0,-2.0,13.0,-3.0,14.0,-3.0,13.0,-3.0,14.0,-3.0
1.6858,122.0,-96.0,7.0,0.0,0.0,0.0,0.0,0.0,0.0,0.0,0.0,0.0,-6.0,-13.0,-6.0,-13.0,-6.0,-14.0,-7.0,-14.0,-7.0,-14.0,-7.0,-14.0,-7.0,-14.0,-8.0,-14.0,-8.0,-14.0,-8.0,-15.0,-8.0,-15.0,-8.0,-15.0,-7.0,-15.0,-8.0,-15.0,-9.0,-15.0,-9.0,-15.0,-9.0,-15.0,-9.0,-15.0,-10.0,-15.0,-10.0,-15.0,-10.0,-15.0,-10.0,-15.0,-10.0,-15.0,-10.0,-16.0,-11.0,-15.0,-11.0,-16.0
1.6998,122.0,-96.0,7.0,0.0,0.0,0.0,0.0,0.0,0.0,0.0,0.0,0.0,1.0,25.0,2.0,27.0,3.0,28.0,3.0,26.0,4.0,25.0,3.0,23.0,3.0,20.0,2.0,16.0,0.0,12.0,-3.0,7.0,-6.0,2.0,-10.0,-2.0,-14.0,-6.0,-17.0,-9.0,-21.0,-11.0,-24.0,-13.0,-26.0,-14.0,-28.0,-14.0,-28.0,-14.0,-28.0,-12.0,-27.0,-11.0,-24.0,-10.0,-21.0,-9.0,-15.0,-7.0,-10.0,-6.0,-5.0,-6.0
1.7166,122.0,-96.0,7.0,0.0,0.0,0.0,0.0,0.0,0.0,0.0,0.0,0.0,-23.0,-1.0,-22.0,-1.0,-19.0,0.0,-15.0,-1.0,-11.0,-1.0,-7.0,-3.0,-3.0,-5.0,1.0,-8.0,4.0,-10.0,8.0,-13.0,10.0,-16.0,13.0,-18.0,14.0,-21.0,14.0,-23.0,14.0,-24.0,13.0,-24.0,12.0,-23.0,10.0,-21.0,9.0,-19.0,7.0,-16.0,6.0,-12.0,5.0,-7.0,5.0,-2.0,5.0,4.0,5.0,8.0,7.0,13.0
1.7202,98.0,33.0,22.0,0.0,0.0,0.0,0.0,0.0,0.0,0.0,0.0,0.0,1.0,17.0,3.0,20.0,5.0,22.0,6.0,23.0,7.0,24.0,8.0,24.0,8.0,23.0,10.0,21.0,9.0,18.0,10.0,14.0,9.0,11.0,9.0,6.0,7.0,1.0,6.0,-4.0,4.0,-9.0,1.0,-14.0,-1.0,-18.0,-4.0,-21.0,-8.0,-25.0,-10.0,-27.0,-12.0,-29.0,-14.0,-29.0,-15.0,-29.0,-14.0,-26.0,-13.0,-23.0,-13.0,-19.0
1.7348,122.0,-96.0,7.0,0.0,0.0,0.0,0.0,0.0,0.0,0.0,0.0,0.0,10.0,-10.0,9.0,-10.0,9.0,-11.0,10.0,-11.0,10.0,-11.0,10.0,-11.0,10.0,-11.0,10.0,-12.0,11.0,-12.0,11.0,-12.0,11.0,-12.0,11.0,-12.0,11.0,-12.0,11.0,-13.0,11.0,-13.0,11.0,-13.0,10.0,-13.0,11.0,-14.0,11.0,-13.0,11.0,-13.0,11.0,-13.0,11.0,-13.0,11.0,-14.0,11.0,-14.0,11.0,-14.0,11.0,-14.0
1.7501,122.0,-96.0,7.0,0.0,0.0,0.0,0.0,0.0,0.0,0.0,0.0,0.0,8.0,8.0,11.0,11.0,14.0,14.0,15.0,17.0,18.0,18.0,20.0,19.0,21.0,19.0,22.0,18.0,21.0,17.0,19.0,15.0,16.0,14.0,13.0,11.0,9.0,9.0,4.0,7.0,-1.0,5.0,-6.0,5.0,-12.0,5.0,-17.0,5.0,-22.0,6.0,-25.0,7.0,-28.0,8.0,-30.0,9.0,-30.0,10.0,-29.0,11.0,-28.0,12.0,-25.0,11.0
1.7634,122.0,-96.0,7.0,0.0,0.0,0.0,0.0,0.0,0.0,0.0,0.0,0.0,8.0,5.0,8.0,5.0,8.0,4.0,9.0,5.0,8.0,5.0,9.0,5.0,9.0,5.0,9.0,5.0,9.0,5.0,9.0,5.0,9.0,5.0,10.0,5.0,9.0,5.0,10.0,5.0,10.0,5.0,9.0,5.0,10.0,5.0,10.0,5.0,10.0,5.0,10.0,5.0,10.0,5.0,10.0,5.0,11.0,5.0,11.0,5.0,11.0,5.0,11.0,5.0
1.7772,122.0,-96.0,7.0,0.0,0.0,0.0,0.0,0.0,0.0,0.0,0.0,0.0,-6.0,11.0,-6.0,5.0,-6.0,0.0,-8.0,-5.0,-10.0,-11.0,-13.0,-16.0,-16.0,-19.0,-19.0,-22.0,-21.0,-24.0,-23.0,-25.0,-24.0,-24.0,-25.0,-23.0,-24.0,-21.0,-23.0,-18.0,-20.0,-16.0,-15.0,-13.0,-11.0,-11.0,-5.0,-9.0,1.0,-8.0,7.0,-6.0,14.0,-7.0,19.0,-7.0,24.0,-9.0,27.0,-11.0,30.0,-13.0,32.0,-14.0
1.7957,122.0,-96.0,7.0,0.0,0.0,0.0,0.0,0.0,0.0,0.0,0.0,0.0,8.0,8.0,8.0,8.0,8.0,8.0,8.0,8.0,9.0,8.0,7.0,8.0,8.0,9.0,8.0,8.0,8.0,9.0,9.0,8.0,9.0,9.0,9.0,9.0,9.0,8.0,9.0,8.0,9.0,8.0,10.0,9.0,9.0,8.0,10.0,8.0,10.0,8.0,10.0,8.0,11.0,8.0,10.0,8.0,12.0,8.0,10.0,8.0,11.0,8.0,11.0,8.0
1.8072,122.0,-96.0,7.0,0.0,0.0,0.0,0.0,0.0,0.0,0.0,0.0,0.0,8.0,9.0,10.0,12.0,12.0,16.0,14.0,19.0,16.0,20.0,19.0,21.0,20.0,21.0,20.0,20.0,19.0,18.0,17.0,16.0,14.0,14.0,11.0,12.0,7.0,9.0,2.0,7.0,-4.0,5.0,-9.0,4.0,-15.0,3.0,-20.0,2.0,-25.0,3.0,-28.0,4.0,-30.0,5.0,-31.0,6.0,-31.0,7.0,-30.0,8.0,-28.0,8.0,-25.0,8.0
1.8196,122.0,-96.0,7.0,0.0,0.0,0.0,0.0,0.0,0.0,0.0,0.0,0.0,18.0,22.0,16.0,20.0,14.0,17.0,10.0,14.0,6.0,11.0,1.0,8.0,-4.0,5.0,-10.0,3.0,-16.0,2.0,-21.0,1.0,-25.0,0.0,-29.0,1.0,-32.0,1.0,-34.0,3.0,-35.0,4.0,-33.0,5.0,-31.0,5.0,-28.0,5.0,-24.0,4.0,-19.0,2.0,-14.0,0.0,-8.0,-4.0,-3.0,-8.0,2.0,-12.0,6.0,-16.0,10.0,-21.0
1.8331,122.0,-96.0,7.0,0.0,0.0,0.0,0.0,0.0,0.0,0.0,0.0,0.0,9.0,23.0,9.0,20.0,8.0,18.0,5.0,14.0,3.0,10.0,-1.0,7.0,-5.0,4.0,-9.0,0.0,-14.0,-2.0,-18.0,-4.0,-22.0,-6.0,-25.0,-6.0,-28.0,-7.0,-30.0,-5.0,-30.0,-5.0,-30.0,-4.0,-28.0,-3.0,-26.0,-2.0,-21.0,-2.0,-17.0,-2.0,-12.0,-3.0,-6.0,-5.0,-1.0,-7.0,5.0,-9.0,9.0,-12.0,13.0,-16.0
1.8462,122.0,-96.0,7.0,0.0,0.0,0.0,0.0,0.0,0.0,0.0,0.0,0.0,28.0,4.0,25.0,3.0,22.0,3.0,17.0,2.0,11.0,3.0,6.0,5.0,0.0,6.0,-5.0,9.0,-10.0,12.0,-15.0,14.0,-18.0,17.0,-21.0,19.0,-23.0,22.0,-23.0,25.0,-23.0,26.0,-21.0,26.0,-19.0,25.0,-17.0,22.0,-15.0,19.0,-12.0,15.0,-10.0,9.0,-8.0,2.0,-7.0,-4.0,-6.0,-11.0,-6.0,-17.0,-7.0,-23.0
1.8592,122.0,-96.0,7.0,0.0,0.0,0.0,0.0,0.0,0.0,0.0,0.0,0.0,-22.0,-7.0,-24.0,-6.0,-25.0,-6.0,-25.0,-5.0,-24.0,-5.0,-22.0,-4.0,-19.0,-3.0,-16.0,-4.0,-12.0,-4.0,-8.0,-4.0,-2.0,-5.0,2.0,-7.0,7.0,-9.0,11.0,-11.0,14.0,-13.0,17.0,-15.0,19.0,-17.0,20.0,-18.0,20.0,-20.0,19.0,-20.0,19.0,-20.0,16.0,-18.0,14.0,-16.0,11.0,-13.0,9.0,-10.0,7.0,-6.0
1.8731,122.0,-96.0,7.0,0.0,0.0,0.0,0.0,0.0,0.0,0.0,0.0,0.0,-12.0,-5.0,-7.0,-5.0,-1.0,-6.0,4.0,-8.0,10.0,-11.0,14.0,-14.0,18.0,-16.0,20.0,-19.0,23.0,-22.0,23.0,-24.0,22.0,-25.0,21.0,-25.0,19.0,-25.0,17.0,-24.0,14.0,-20.0,12.0,-16.0,10.0,-11.0,8.0,-5.0,6.0,1.0,5.0,7.0,6.0,13.0,7.0,19.0,8.0,24.0,10.0,27.0,12.0,30.0,13.0,31.0
1.8875,122.0,-96.0,7.0,0.0,0.0,0.0,0.0,0.0,0.0,0.0,0.0,0.0,22.0,-1.0,24.0,-2.0,25.0,-2.0,24.0,-3.0,23.0,-3.0,21.0,-3.0,19.0,-2.0,15.0,-2.0,11.0,0.0,7.0,2.0,3.0,3.0,-1.0,7.0,-5.0,10.0,-8.0,13.0,-11.0,16.0,-13.0,18.0,-14.0,21.0,-15.0,22.0,-15.0,23.0,-14.0,24.0,-14.0,23.0,-12.0,21.0,-10.0,19.0,-9.0,15.0,-7.0,11.0,-6.0,6.0
1.9011,122.0,-96.0,7.0,0.0,0.0,0.0,0.0,0.0,0.0,0.0,0.0,0.0,22.0,-3.0,24.0,-4.0,24.0,-5.0,24.0,-5.0,23.0,-6.0,21.0,-5.0,18.0,-5.0,14.0,-3.0,11.0,-2.0,7.0,1.0,3.0,4.0,-1.0,7.0,-5.0,11.0,-7.0,14.0,-9.0,17.0,-11.0,20.0,-12.0,22.0,-13.0,24.0,-12.0,25.0,-11.0,25.0,-10.0,24.0,-9.0,22.0,-7.0,19.0,-7.0,15.0,-6.0,10.0,-5.0,5.0
1.9146,122.0,-96.0,7.0,0.0,0.0,0.0,0.0,0.0,0.0,0.0,0.0,0.0,7.0,9.0,7.0,9.0,7.0,9.0,8.0,10.0,7.0,10.0,8.0,10.0,8.0,10.0,8.0,10.0,8.0,10.0,8.0,10.0,8.0,11.0,8.0,11.0,8.0,11.0,9.0,11.0,9.0,11.0,9.0,11.0,10.0,11.0,9.0,10.0,10.0,11.0,9.0,11.0,10.0,11.0,10.0,11.0,10.0,10.0,10.0,11.0,10.0,11.0,11.0,11.0
1.9288,122.0,-96.0,7.0,0.0,0.0,0.0,0.0,0.0,0.0,0.0,0.0,0.0,-12.0,19.0,-12.0,21.0,-12.0,22.0,-11.0,22.0,-10.0,21.0,-9.0,20.0,-8.0,16.0,-8.0,13.0,-7.0,9.0,-6.0,5.0,-6.0,-1.0,-6.0,-6.0,-7.0,-10.0,-8.0,-15.0,-9.0,-19.0,-10.0,-21.0,-11.0,-24.0,-12.0,-25.0,-14.0,-25.0,-14.0,-25.0,-13.0,-23.0,-13.0,-21.0,-11.0,-18.0,-9.0,-14.0,-6.0,-11.0,-2.0,-8.0
1.9427,122.0,-96.0,7.0,0.0,0.0,0.0,0.0,0.0,0.0,0.0,0.0,0.0,12.0,-1.0,12.0,-1.0,12.0,-1.0,12.0,-1.0,13.0,-1.0,13.0,-1.0,13.0,-1.0,13.0,-2.0,13.0,-1.0,14.0,-2.0,14.0,-2.0,14.0,-2.0,14.0,-2.0,14.0,-2.0,14.0,-2.0,14.0,-2.0,14.0,-2.0,14.0,-2.0,14.0,-2.0,15.0,-3.0,15.0,-3.0,14.0,-3.0,15.0,-3.0,15.0,-3.0,15.0,-3.0,15.0,-4.0
1.9581,122.0,-96.0,7.0,0.0,0.0,0.0,0.0,0.0,0.0,0.0,0.0,0.0,-5.0,-12.0,-5.0,-12.0,-5.0,-12.0,-6.0,-13.0,-5.0,-12.0,-6.0,-13.0,-6.0,-13.0,-6.0,-13.0,-7.0,-13.0,-6.0,-13.0,-6.0,-14.0,-6.0,-14.0,-6.0,-14.0,-7.0,-14.0,-7.0,-13.0,-7.0,-14.0,-7.0,-14.0,-7.0,-14.0,-7.0,-13.0,-8.0,-14.0,-8.0,-14.0,-8.0,-14.0,-8.0,-14.0,-8.0,-14.0,-8.0,-14.0,-9.0,-14.0
1.9717,122.0,-96.0,7.0,0.0,0.0,0.0,0.0,0.0,0.0,0.0,0.0,0.0,18.0,17.0,21.0,18.0,21.0,17.0,21.0,17.0,20.0,15.0,19.0,14.0,16.0,12.0,12.0,10.0,9.0,8.0,3.0,7.0,-2.0,5.0,-7.0,4.0,-13.0,4.0,-17.0,4.0,-22.0,5.0,-25.0,5.0,-29.0,6.0,-30.0,6.0,-31.0,8.0,-30.0,8.0,-29.0,8.0,-25.0,8.0,-22.0,7.0,-18.0,5.0,-13.0,3.0,-9.0,0.0
1.9856,122.0,-96.0,7.0,0.0,0.0,0.0,0.0,0.0,0.0,0.0,0.0,0.0,-12.0,1.0,-12.0,1.0,-12.0,1.0,-12.0,1.0,-12.0,2.0,-13.0,2.0,-13.0,2.0,-13.0,2.0,-13.0,2.0,-13.0,2.0,-13.0,2.0,-13.0,2.0,-13.0,2.0,-14.0,2.0,-14.0,3.0,-13.0,2.0,-14.0,3.0,-13.0,3.0,-14.0,3.0,-14.0,3.0,-14.0,3.0,-14.0,3.0,-14.0,3.0,-14.0,3.0,-14.0,3.0,-14.0,4.0
1.9995,122.0,-96.0,7.0,0.0,0.0,0.0,0.0,0.0,0.0,0.0,0.0,0.0,10.0,9.0,10.0,8.0,10.0,9.0,11.0,9.0,11.0,9.0,11.0,10.0,11.0,9.0,11.0,9.0,11.0,10.0,12.0,10.0,11.0,10.0,12.0,10.0,12.0,10.0,12.0,10.0,13.0,10.0,13.0,10.0,13.0,10.0,13.0,9.0,13.0,10.0,13.0,10.0,13.0,10.0,14.0,10.0,14.0,10.0,14.0,10.0,14.0,10.0,14.0,10.0
2.0184,122.0,-96.0,7.0,0.0,0.0,0.0,0.0,0.0,0.0,0.0,0.0,0.0,-12.0,-1.0,-7.0,-3.0,-3.0,-5.0,1.0,-8.0,5.0,-11.0,8.0,-15.0,11.0,-18.0,12.0,-21.0,13.0,-24.0,14.0,-26.0,13.0,-27.0,12.0,-27.0,11.0,-26.0,9.0,-25.0,8.0,-22.0,6.0,-18.0,5.0,-13.0,5.0,-8.0,6.0,-2.0,6.0,3.0,7.0,9.0,10.0,13.0,12.0,18.0,14.0,21.0,16.0,22.0,18.0,24.0
2.0302,122.0,-96.0,7.0,0.0,0.0,0.0,0.0,0.0,0.0,0.0,0.0,0.0,10.0,-4.0,10.0,-4.0,11.0,-4.0,11.0,-5.0,11.0,-4.0,11.0,-5.0,11.0,-5.0,11.0,-5.0,11.0,-5.0,11.0,-5.0,12.0,-5.0,12.0,-5.0,12.0,-5.0,12.0,-6.0,12.0,-6.0,12.0,-6.0,12.0,-6.0,12.0,-6.0,12.0,-6.0,12.0,-6.0,12.0,-6.0,12.0,-6.0,12.0,-7.0,12.0,-7.0,12.0,-7.0,12.0,-7.0
2.0443,122.0,-96.0,7.0,0.0,0.0,0.0,0.0,0.0,0.0,0.0,0.0,0.0,12.0,19.0,13.0,20.0,14.0,20.0,14.0,19.0,14.0,18.0,13.0,17.0,11.0,14.0,8.0,12.0,6.0,9.0,1.0,7.0,-3.0,4.0,-8.0,2.0,-12.0,1.0,-16.0,-1.0,-20.0,-1.0,-24.0,-2.0,-26.0,-2.0,-28.0,-2.0,-29.0,-1.0,-28.0,0.0,-27.0,1.0,-24.0,1.0,-21.0,1.0,-17.0,0.0,-12.0,-1.0,-8.0,-3.0
2.0659,122.0,-96.0,7.0,0.0,0.0,0.0,0.0,0.0,0.0,0.0,0.0,0.0,-13.0,-1.0,-13.0,-1.0,-13.0,-1.0,-13.0,-1.0,-14.0,-1.0,-14.0,-1.0,-14.0,-1.0,-15.0,0.0,-14.0,0.0,-15.0,-1.0,-15.0,0.0,-15.0,0.0,-15.0,0.0,-15.0,0.0,-15.0,0.0,-15.0,0.0,-15.0,1.0,-16.0,1.0,-16.0,1.0,-16.0,1.0,-16.0,1.0,-16.0,1.0,-16.0,1.0,-16.0,1.0,-16.0,1.0,-17.0,2.0
2.073,122.0,-96.0,7.0,0.0,0.0,0.0,0.0,0.0,0.0,0.0,0.0,0.0,-5.0,10.0,-8.0,14.0,-9.0,17.0,-11.0,20.0,-12.0,23.0,-12.0,26.0,-12.0,26.0,-11.0,27.0,-10.0,26.0,-8.0,23.0,-8.0,20.0,-7.0,16.0,-6.0,12.0,-6.0,7.0,-6.0,2.0,-7.0,-4.0,-9.0,-10.0,-10.0,-14.0,-13.0,-19.0,-15.0,-22.0,-17.0,-24.0,-19.0,-25.0,-20.0,-26.0,-20.0,-25.0,-21.0,-23.0,-19.0,-21.0
2.0751,98.0,33.0,22.0,0.0,0.0,0.0,0.0,0.0,0.0,0.0,0.0,0.0,-27.0,-1.0,-28.0,-1.0,-25.0,-1.0,-24.0,-2.0,-20.0,0.0,-16.0,3.0,-13.0,3.0,-9.0,5.0,-5.0,8.0,0.0,8.0,5.0,9.0,11.0,11.0,14.0,10.0,15.0,12.0,21.0,11.0,22.0,9.0,25.0,7.0,26.0,6.0,27.0,4.0,27.0,4.0,22.0,0.0,18.0,0.0,15.0,0.0,8.0,-2.0,2.0,-1.0,-5.0,-3.0
2.089,122.0,-96.0,7.0,0.0,0.0,0.0,0.0,0.0,0.0,0.0,0.0,0.0,5.0,11.0,1.0,7.0,-4.0,4.0,-9.0,2.0,-15.0,-1.0,-20.0,-2.0,-25.0,-3.0,-29.0,-3.0,-32.0,-2.0,-33.0,-2.0,-34.0,0.0,-33.0,0.0,-32.0,1.0,-29.0,3.0,-25.0,2.0,-20.0,1.0,-15.0,0.0,-10.0,-3.0,-4.0,-6.0,1.0,-10.0,5.0,-14.0,9.0,-19.0,12.0,-23.0,13.0,-27.0,14.0,-30.0,14.0,-32.0
2.1022,122.0,-96.0,7.0,0.0,0.0,0.0,0.0,0.0,0.0,0.0,0.0,0.0,7.0,21.0,8.0,23.0,9.0,23.0,9.0,22.0,9.0,21.0,8.0,20.0,8.0,17.0,5.0,14.0,3.0,11.0,0.0,7.0,-3.0,4.0,-7.0,1.0,-12.0,-2.0,-15.0,-4.0,-19.0,-6.0,-22.0,-7.0,-25.0,-8.0,-27.0,-8.0,-27.0,-7.0,-28.0,-6.0,-27.0,-6.0,-25.0,-5.0,-22.0,-4.0,-18.0,-4.0,-13.0,-4.0,-9.0,-4.0
2.1167,122.0,-96.0,7.0,0.0,0.0,0.0,0.0,0.0,0.0,0.0,0.0,0.0,4.0,-12.0,6.0,-15.0,8.0,-19.0,10.0,-22.0,10.0,-24.0,11.0,-27.0,10.0,-28.0,9.0,-28.0,9.0,-27.0,7.0,-25.0,6.0,-21.0,6.0,-18.0,5.0,-13.0,5.0,-8.0,5.0,-3.0,6.0,3.0,8.0,9.0,10.0,13.0,12.0,17.0,14.0,20.0,16.0,23.0,18.0,24.0,20.0,24.0,20.0,23.0,21.0,21.0,19.0,19.0
2.131,122.0,-96.0,7.0,0.0,0.0,0.0,0.0,0.0,0.0,0.0,0.0,0.0,6.0,8.0,6.0,9.0,6.0,8.0,6.0,9.0,6.0,9.0,7.0,9.0,7.0,9.0,8.0,9.0,8.0,9.0,7.0,9.0,8.0,9.0,8.0,9.0,8.0,9.0,8.0,10.0,9.0,10.0,8.0,9.0,8.0,9.0,9.0,9.0,9.0,9.0,9.0,10.0,9.0,9.0,9.0,10.0,10.0,9.0,10.0,9.0,9.0,9.0,10.0,9.0
2.1447,122.0,-96.0,7.0,0.0,0.0,0.0,0.0,0.0,0.0,0.0,0.0,0.0,-24.0,-10.0,-26.0,-10.0,-27.0,-9.0,-27.0,-9.0,-26.0,-8.0,-24.0,-7.0,-21.0,-6.0,-17.0,-6.0,-13.0,-5.0,-8.0,-6.0,-2.0,-6.0,3.0,-8.0,8.0,-9.0,13.0,-11.0,17.0,-13.0,20.0,-15.0,23.0,-16.0,24.0,-18.0,24.0,-19.0,24.0,-20.0,23.0,-20.0,20.0,-18.0,18.0,-16.0,14.0,-13.0,11.0,-10.0,8.0,-5.0
2.1586,122.0,-96.0,7.0,0.0,0.0,0.0,0.0,0.0,0.0,0.0,0.0,0.0,-4.0,13.0,-4.0,13.0,-5.0,13.0,-4.0,14.0,-4.0,14.0,-5.0,14.0,-4.0,14.0,-4.0,15.0,-4.0,14.0,-5.0,15.0,-4.0,16.0,-4.0,16.0,-5.0,15.0,-4.0,15.0,-4.0,16.0,-4.0,15.0,-3.0,15.0,-3.0,16.0,-3.0,16.0,-4.0,16.0,-3.0,17.0,-3.0,17.0,-3.0,17.0,-3.0,17.0,-3.0,17.0,-2.0,17.0
2.1739,122.0,-96.0,7.0,0.0,0.0,0.0,0.0,0.0,0.0,0.0,0.0,0.0,-24.0,9.0,-21.0,8.0,-19.0,7.0,-15.0,5.0,-12.0,3.0,-8.0,0.0,-5.0,-5.0,-2.0,-9.0,1.0,-13.0,3.0,-18.0,5.0,-21.0,6.0,-24.0,6.0,-28.0,5.0,-30.0,5.0,-30.0,4.0,-30.0,3.0,-29.0,2.0,-26.0,1.0,-23.0,2.0,-18.0,2.0,-14.0,3.0,-8.0,6.0,-2.0,7.0,3.0,10.0,8.0,13.0,12.0
2.1777,98.0,33.0,22.0,0.0,0.0,0.0,0.0,0.0,0.0,0.0,0.0,0.0,-8.0,8.0,-4.0,10.0,0.0,11.0,4.0,13.0,7.0,14.0,11.0,16.0,13.0,17.0,15.0,18.0,16.0,18.0,17.0,17.0,17.0,16.0,17.0,15.0,16.0,12.0,15.0,8.0,13.0,5.0,10.0,2.0,6.0,-2.0,2.0,-5.0,-4.0,-10.0,-8.0,-12.0,-13.0,-16.0,-17.0,-18.0,-20.0,-20.0,-23.0,-22.0,-26.0,-23.0,-27.0,-23.0
2.1935,122.0,-96.0,7.0,0.0,0.0,0.0,0.0,0.0,0.0,0.0,0.0,0.0,9.0,5.0,12.0,7.0,15.0,9.0,17.0,11.0,20.0,12.0,22.0,12.0,23.0,11.0,23.0,10.0,22.0,10.0,20.0,8.0,16.0,7.0,13.0,6.0,8.0,5.0,4.0,5.0,-1.0,5.0,-6.0,5.0,-11.0,6.0,-15.0,7.0,-19.0,10.0,-22.0,12.0,-24.0,14.0,-24.0,14.0,-24.0,16.0,-23.0,16.0,-21.0,15.0,-18.0,14.0
2.207,122.0,-96.0,7.0,0.0,0.0,0.0,0.0,0.0,0.0,0.0,0.0,0.0,-9.0,-7.0,-12.0,-10.0,-15.0,-12.0,-17.0,-15.0,-19.0,-16.0,-21.0,-16.0,-22.0,-16.0,-22.0,-15.0,-21.0,-14.0,-19.0,-12.0,-16.0,-11.0,-12.0,-9.0,-8.0,-8.0,-3.0,-7.0,1.0,-5.0,6.0,-5.0,12.0,-5.0,16.0,-6.0,20.0,-7.0,23.0,-8.0,25.0,-10.0,26.0,-10.0,26.0,-11.0,25.0,-11.0,23.0,-12.0,20.0,-11.0
2.2221,122.0,-96.0,7.0,0.0,0.0,0.0,0.0,0.0,0.0,0.0,0.0,0.0,10.0,-8.0,9.0,-8.0,9.0,-9.0,10.0,-9.0,10.0,-9.0,10.0,-9.0,10.0,-9.0,10.0,-10.0,10.0,-10.0,10.0,-10.0,11.0,-10.0,11.0,-10.0,11.0,-10.0,11.0,-10.0,10.0,-10.0,10.0,-11.0,10.0,-11.0,10.0,-11.0,10.0,-11.0,10.0,-11.0,10.0,-11.0,10.0,-12.0,10.0,-12.0,11.0,-11.0,10.0,-12.0,10.0,-12.0
2.2356,122.0,-96.0,7.0,0.0,0.0,0.0,0.0,0.0,0.0,0.0,0.0,0.0,18.0,-13.0,17.0,-12.0,14.0,-10.0,12.0,-8.0,8.0,-5.0,6.0,-1.0,3.0,3.0,1.0,7.0,0.0,12.0,-1.0,16.0,-2.0,19.0,-2.0,22.0,-1.0,25.0,0.0,26.0,0.0,27.0,1.0,26.0,1.0,24.0,2.0,22.0,2.0,19.0,0.0,14.0,-1.0,10.0,-3.0,5.0,-6.0,1.0,-9.0,-3.0,-12.0,-7.0,-16.0,-10.0
2.2496,122.0,-96.0,7.0,0.0,0.0,0.0,0.0,0.0,0.0,0.0,0.0,0.0,5.0,13.0,6.0,13.0,5.0,13.0,6.0,14.0,5.0,13.0,6.0,14.0,6.0,13.0,6.0,14.0,6.0,14.0,6.0,14.0,6.0,14.0,6.0,14.0,6.0,15.0,7.0,15.0,7.0,15.0,7.0,15.0,7.0,15.0,7.0,15.0,8.0,15.0,7.0,15.0,8.0,15.0,7.0,15.0,8.0,15.0,8.0,16.0,8.0,15.0,8.0,16.0
2.2632,122.0,-96.0,7.0,0.0,0.0,0.0,0.0,0.0,0.0,0.0,0.0,0.0,25.0,-2.0,23.0,-2.0,20.0,-2.0,16.0,-1.0,11.0,0.0,7.0,2.0,2.0,5.0,-2.0,8.0,-6.0,11.0,-10.0,15.0,-13.0,17.0,-14.0,20.0,-16.0,23.0,-16.0,25.0,-15.0,26.0,-13.0,26.0,-12.0,25.0,-11.0,23.0,-9.0,20.0,-8.0,16.0,-7.0,11.0,-7.0,5.0,-7.0,-1.0,-7.0,-6.0,-7.0,-12.0,-9.0,-17.0
2.2774,122.0,-96.0,7.0,0.0,0.0,0.0,0.0,0.0,0.0,0.0,0.0,0.0,-4.0,12.0,-5.0,7.0,-6.0,1.0,-8.0,-4.0,-10.0,-9.0,-14.0,-14.0,-17.0,-18.0,-19.0,-21.0,-22.0,-23.0,-24.0,-23.0,-26.0,-23.0,-26.0,-22.0,-25.0,-20.0,-25.0,-17.0,-21.0,-16.0,-17.0,-13.0,-13.0,-11.0,-7.0,-9.0,-1.0,-8.0,5.0,-6.0,12.0,-6.0,17.0,-7.0,22.0,-8.0,27.0,-10.0,29.0,-11.0,31.0,-13.0
2.2913,122.0,-96.0,7.0,0.0,0.0,0.0,0.0,0.0,0.0,0.0,0.0,0.0,1.0,-12.0,1.0,-12.0,0.0,-12.0,1.0,-12.0,0.0,-12.0,0.0,-13.0,0.0,-13.0,0.0,-13.0,0.0,-13.0,0.0,-13.0,0.0,-13.0,0.0,-13.0,0.0,-14.0,0.0,-14.0,0.0,-14.0,0.0,-14.0,0.0,-14.0,-1.0,-14.0,0.0,-14.0,0.0,-14.0,-1.0,-14.0,-1.0,-15.0,-1.0,-14.0,-1.0,-15.0,-1.0,-15.0,-1.0,-15.0
2.3077,122.0,-96.0,7.0,0.0,0.0,0.0,0.0,0.0,0.0,0.0,0.0,0.0,-8.0,-8.0,-9.0,-8.0,-9.0,-8.0,-9.0,-9.0,-9.0,-8.0,-10.0,-9.0,-10.0,-9.0,-10.0,-9.0,-10.0,-9.0,-10.0,-9.0,-10.0,-9.0,-10.0,-9.0,-10.0,-10.0,-10.0,-9.0,-11.0,-9.0,-11.0,-9.0,-11.0,-10.0,-11.0,-9.0,-11.0,-9.0,-11.0,-9.0,-11.0,-9.0,-11.0,-9.0,-12.0,-9.0,-12.0,-9.0,-12.0,-9.0,-12.0,-9.0
2.3207,122.0,-96.0,7.0,0.0,0.0,0.0,0.0,0.0,0.0,0.0,0.0,0.0,-7.0,-11.0,-9.0,-15.0,-11.0,-19.0,-12.0,-21.0,-14.0,-23.0,-16.0,-25.0,-17.0,-25.0,-17.0,-24.0,-17.0,-23.0,-15.0,-20.0,-13.0,-17.0,-9.0,-14.0,-6.0,-11.0,-1.0,-8.0,3.0,-5.0,8.0,-3.0,14.0,-1.0,18.0,0.0,23.0,1.0,27.0,0.0,29.0,0.0,31.0,-1.0,31.0,-1.0,30.0,-2.0,28.0,-3.0,25.0,-3.0
2.3379,122.0,-96.0,7.0,0.0,0.0,0.0,0.0,0.0,0.0,0.0,0.0,0.0,10.0,-7.0,11.0,-7.0,11.0,-7.0,11.0,-8.0,11.0,-7.0,11.0,-7.0,11.0,-8.0,12.0,-8.0,12.0,-8.0,11.0,-8.0,12.0,-8.0,12.0,-8.0,12.0,-8.0,12.0,-9.0,12.0,-9.0,12.0,-9.0,12.0,-9.0,12.0,-9.0,12.0,-10.0,12.0,-9.0,12.0,-10.0,12.0,-10.0,12.0,-10.0,12.0,-10.0,12.0,-10.0,12.0,-11.0
2.3477,122.0,-96.0,7.0,0.0,0.0,0.0,0.0,0.0,0.0,0.0,0.0,0.0,0.0,11.0,-2.0,6.0,-5.0,2.0,-8.0,-2.0,-12.0,-6.0,-15.0,-9.0,-19.0,-11.0,-23.0,-12.0,-25.0,-13.0,-27.0,-13.0,-28.0,-12.0,-27.0,-11.0,-27.0,-10.0,-25.0,-8.0,-21.0,-7.0,-17.0,-7.0,-12.0,-6.0,-7.0,-6.0,-1.0,-7.0,4.0,-7.0,10.0,-9.0,14.0,-11.0,18.0,-14.0,21.0,-16.0,23.0,-18.0,23.0,-19.0
2.3622,122.0,-96.0,7.0,0.0,0.0,0.0,0.0,0.0,0.0,0.0,0.0,0.0,7.0,10.0,7.0,10.0,7.0,10.0,8.0,10.0,7.0,10.0,8.0,11.0,8.0,11.0,8.0,11.0,8.0,11.0,8.0,11.0,9.0,11.0,8.0,11.0,9.0,11.0,9.0,11.0,9.0,11.0,10.0,11.0,9.0,11.0,10.0,11.0,10.0,11.0,10.0,11.0,10.0,11.0,10.0,11.0,11.0,11.0,11.0,11.0,11.0,11.0,11.0,11.0
2.376,122.0,-96.0,7.0,0.0,0.0,0.0,0.0,0.0,0.0,0.0,0.0,0.0,-12.0,22.0,-11.0,20.0,-10.0,17.0,-8.0,13.0,-7.0,9.0,-6.0,4.0,-7.0,-1.0,-6.0,-6.0,-8.0,-11.0,-8.0,-16.0,-9.0,-20.0,-11.0,-23.0,-12.0,-26.0,-14.0,-27.0,-15.0,-27.0,-16.0,-27.0,-15.0,-25.0,-14.0,-22.0,-13.0,-19.0,-10.0,-16.0,-6.0,-12.0,-2.0,-9.0,3.0,-6.0,8.0,-3.0,12.0,0.0,18.0,1.0
2.3897,122.0,-96.0,7.0,0.0,0.0,0.0,0.0,0.0,0.0,0.0,0.0,0.0,7.0,10.0,7.0,10.0,7.0,10.0,7.0,10.0,7.0,10.0,7.0,11.0,7.0,11.0,8.0,11.0,8.0,11.0,8.0,11.0,8.0,11.0,8.0,11.0,9.0,11.0,9.0,11.0,9.0,11.0,9.0,11.0,9.0,11.0,9.0,11.0,9.0,11.0,9.0,11.0,9.0,12.0,10.0,11.0,10.0,11.0,10.0,11.0,10.0,11.0,10.0,11.0
2.4036,122.0,-96.0,7.0,0.0,0.0,0.0,0.0,0.0,0.0,0.0,0.0,0.0,-13.0,1.0,-8.0,-2.0,-3.0,-5.0,1.0,-9.0,5.0,-14.0,8.0,-18.0,10.0,-23.0,11.0,-26.0,12.0,-29.0,12.0,-31.0,11.0,-32.0,9.0,-31.0,8.0,-30.0,6.0,-28.0,5.0,-24.0,5.0,-18.0,4.0,-13.0,5.0,-7.0,7.0,0.0,8.0,6.0,11.0,12.0,13.0,16.0,17.0,20.0,20.0,22.0,22.0,24.0,24.0,25.0
2.418,122.0,-96.0,7.0,0.0,0.0,0.0,0.0,0.0,0.0,0.0,0.0,0.0,8.0,7.0,8.0,7.0,8.0,8.0,9.0,8.0,9.0,7.0,9.0,8.0,9.0,8.0,10.0,7.0,9.0,7.0,9.0,8.0,10.0,8.0,10.0,8.0,10.0,8.0,10.0,8.0,10.0,8.0,10.0,8.0,10.0,8.0,11.0,8.0,11.0,8.0,10.0,8.0,11.0,8.0,11.0,8.0,11.0,8.0,11.0,8.0,11.0,8.0,11.0,8.0
2.4332,122.0,-96.0,7.0,0.0,0.0,0.0,0.0,0.0,0.0,0.0,0.0,0.0,-15.0,-17.0,-16.0,-17.0,-16.0,-17.0,-16.0,-18.0,-16.0,-17.0,-17.0,-18.0,-17.0,-18.0,-17.0,-17.0,-18.0,-18.0,-18.0,-17.0,-18.0,-17.0,-18.0,-18.0,-18.0,-18.0,-19.0,-18.0,-19.0,-18.0,-18.0,-18.0,-19.0,-18.0,-19.0,-17.0,-19.0,-18.0,-19.0,-17.0,-20.0,-18.0,-20.0,-18.0,-20.0,-17.0,-20.0,-17.0,-20.0,-17.0,-21.0,-18.0
2.4471,122.0,-96.0,7.0,0.0,0.0,0.0,0.0,0.0,0.0,0.0,0.0,0.0,2.0,-20.0,2.0,-21.0,1.0,-20.0,1.0,-21.0,1.0,-21.0,1.0,-21.0,1.0,-22.0,2.0,-22.0,1.0,-22.0,1.0,-22.0,2.0,-22.0,1.0,-22.0,1.0,-22.0,1.0,-23.0,1.0,-23.0,1.0,-22.0,0.0,-23.0,1.0,-23.0,1.0,-23.0,0.0,-23.0,1.0,-23.0,0.0,-23.0,1.0,-23.0,0.0,-23.0,1.0,-23.0,0.0,-23.0
2.4601,122.0,-96.0,7.0,0.0,0.0,0.0,0.0,0.0,0.0,0.0,0.0,0.0,11.0,4.0,6.0,4.0,0.0,5.0,-6.0,7.0,-11.0,9.0,-16.0,12.0,-19.0,15.0,-22.0,18.0,-24.0,21.0,-25.0,22.0,-24.0,23.0,-23.0,24.0,-20.0,23.0,-18.0,22.0,-15.0,18.0,-13.0,13.0,-10.0,8.0,-8.0,3.0,-7.0,-4.0,-6.0,-9.0,-6.0,-16.0,-6.0,-22.0,-7.0,-26.0,-9.0,-30.0,-11.0,-32.0,-12.0,-33.0
2.4745,122.0,-96.0,7.0,0.0,0.0,0.0,0.0,0.0,0.0,0.0,0.0,0.0,12.0,-5.0,12.0,-5.0,12.0,-5.0,12.0,-5.0,12.0,-5.0,12.0,-6.0,12.0,-6.0,13.0,-6.0,12.0,-6.0,13.0,-6.0,13.0,-6.0,13.0,-6.0,13.0,-7.0,13.0,-7.0,13.0,-7.0,13.0,-7.0,14.0,-7.0,13.0,-7.0,13.0,-8.0,13.0,-7.0,13.0,-7.0,13.0,-8.0,13.0,-8.0,14.0,-9.0,14.0,-8.0,14.0,-9.0
2.488,122.0,-96.0,7.0,0.0,0.0,0.0,0.0,0.0,0.0,0.0,0.0,0.0,-10.0,-5.0,-13.0,-7.0,-17.0,-9.0,-19.0,-11.0,-22.0,-12.0,-23.0,-12.0,-24.0,-11.0,-25.0,-11.0,-24.0,-10.0,-21.0,-9.0,-18.0,-8.0,-15.0,-7.0,-11.0,-6.0,-6.0,-6.0,-1.0,-5.0,4.0,-6.0,9.0,-8.0,13.0,-9.0,17.0,-11.0,20.0,-12.0,22.0,-14.0,23.0,-15.0,23.0,-16.0,22.0,-17.0,21.0,-17.0,18.0,-15.0
2.5036,122.0,-96.0,7.0,0.0,0.0,0.0,0.0,0.0,0.0,0.0,0.0,0.0,-9.0,-12.0,-9.0,-12.0,-9.0,-12.0,-10.0,-13.0,-10.0,-12.0,-10.0,-13.0,-10.0,-13.0,-11.0,-13.0,-11.0,-13.0,-11.0,-13.0,-11.0,-13.0,-11.0,-13.0,-11.0,-14.0,-11.0,-13.0,-12.0,-13.0,-12.0,-14.0,-12.0,-14.0,-13.0,-13.0,-12.0,-13.0,-13.0,-13.0,-12.0,-13.0,-13.0,-13.0,-13.0,-13.0,-13.0,-14.0,-13.0,-13.0,-14.0,-14.0
2.5314,122.0,-96.0,7.0,0.0,0.0,0.0,0.0,0.0,0.0,0.0,0.0,0.0,21.0,8.0,19.0,7.0,16.0,6.0,13.0,5.0,9.0,4.0,4.0,4.0,0.0,4.0,-5.0,5.0,-10.0,6.0,-14.0,7.0,-17.0,9.0,-20.0,10.0,-22.0,12.0,-23.0,13.0,-23.0,15.0,-22.0,15.0,-21.0,15.0,-19.0,14.0,-16.0,12.0,-14.0,9.0,-11.0,6.0,-8.0,2.0,-5.0,-3.0,-3.0,-7.0,-1.0,-12.0,0.0,-17.0
2.5468,122.0,-96.0,7.0,0.0,0.0,0.0,0.0,0.0,0.0,0.0,0.0,0.0,-12.0,-2.0,-12.0,-2.0,-12.0,-2.0,-12.0,-2.0,-12.0,-2.0,-13.0,-2.0,-13.0,-2.0,-13.0,-2.0,-13.0,-2.0,-14.0,-2.0,-13.0,-2.0,-14.0,-2.0,-13.0,-2.0,-14.0,-2.0,-14.0,-2.0,-14.0,-2.0,-14.0,-1.0,-14.0,-2.0,-15.0,-2.0,-15.0,-1.0,-14.0,-1.0,-15.0,-1.0,-15.0,-1.0,-15.0,-1.0,-15.0,-1.0,-15.0,-1.0
2.5623,122.0,-96.0,7.0,0.0,0.0,0.0,0.0,0.0,0.0,0.0,0.0,0.0,-2.0,12.0,-2.0,12.0,-3.0,12.0,-3.0,13.0,-2.0,13.0,-3.0,14.0,-3.0,13.0,-2.0,14.0,-2.0,13.0,-2.0,14.0,-2.0,14.0,-2.0,14.0,-2.0,14.0,-2.0,14.0,-2.0,15.0,-2.0,14.0,-1.0,15.0,-2.0,14.0,-2.0,15.0,-2.0,15.0,-1.0,15.0,-1.0,15.0,-1.0,15.0,-1.0,16.0,-1.0,16.0,0.0,16.0
2.5756,122.0,-96.0,7.0,0.0,0.0,0.0,0.0,0.0,0.0,0.0,0.0,0.0,8.0,-8.0,12.0,-10.0,15.0,-12.0,18.0,-15.0,20.0,-17.0,21.0,-19.0,21.0,-20.0,20.0,-21.0,19.0,-21.0,17.0,-19.0,15.0,-16.0,13.0,-13.0,10.0,-10.0,8.0,-5.0,5.0,0.0,4.0,5.0,3.0,11.0,2.0,16.0,3.0,21.0,3.0,24.0,4.0,28.0,5.0,29.0,6.0,30.0,7.0,29.0,8.0,28.0,7.0,26.0
2.5887,122.0,-96.0,7.0,0.0,0.0,0.0,0.0,0.0,0.0,0.0,0.0,0.0,7.0,-28.0,6.0,-26.0,4.0,-23.0,4.0,-19.0,4.0,-14.0,4.0,-8.0,6.0,-2.0,7.0,3.0,9.0,9.0,12.0,14.0,14.0,18.0,16.0,21.0,19.0,24.0,21.0,25.0,23.0,25.0,23.0,24.0,22.0,23.0,21.0,21.0,19.0,17.0,15.0,15.0,10.0,12.0,5.0,9.0,-1.0,7.0,-7.0,4.0,-13.0,3.0,-19.0,3.0
2.6028,122.0,-96.0,7.0,0.0,0.0,0.0,0.0,0.0,0.0,0.0,0.0,0.0,-15.0,17.0,-15.0,19.0,-15.0,20.0,-14.0,20.0,-13.0,19.0,-13.0,18.0,-11.0,15.0,-10.0,12.0,-7.0,9.0,-7.0,4.0,-5.0,-1.0,-5.0,-6.0,-5.0,-11.0,-5.0,-15.0,-6.0,-19.0,-7.0,-23.0,-8.0,-25.0,-8.0,-26.0,-10.0,-27.0,-10.0,-27.0,-10.0,-25.0,-10.0,-22.0,-9.0,-20.0,-7.0,-16.0,-4.0,-12.0,-1.0,-8.0
2.6188,122.0,-96.0,7.0,0.0,0.0,0.0,0.0,0.0,0.0,0.0,0.0,0.0,-15.0,-6.0,-15.0,-6.0,-16.0,-6.0,-16.0,-6.0,-18.0,-6.0,-17.0,-7.0,-18.0,-7.0,-17.0,-6.0,-18.0,-6.0,-19.0,-5.0,-19.0,-6.0,-18.0,-6.0,-17.0,-6.0,-19.0,-5.0,-19.0,-5.0,-19.0,-6.0,-19.0,-5.0,-19.0,-6.0,-20.0,-5.0,-20.0,-5.0,-19.0,-5.0,-20.0,-6.0,-20.0,-5.0,-20.0,-5.0,-20.0,-5.0,-21.0,-5.0
2.6365,122.0,-96.0,7.0,0.0,0.0,0.0,0.0,0.0,0.0,0.0,0.0,0.0,10.0,1.0,14.0,2.0,18.0,3.0,20.0,4.0,23.0,3.0,25.0,3.0,26.0,2.0,25.0,1.0,24.0,0.0,22.0,0.0,19.0,1.0,15.0,1.0,11.0,1.0,6.0,3.0,2.0,4.0,-3.0,6.0,-7.0,9.0,-11.0,12.0,-13.0,15.0,-16.0,18.0,-17.0,20.0,-17.0,22.0,-17.0,23.0,-16.0,22.0,-15.0,22.0,-13.0,20.0
2.6463,122.0,-96.0,7.0,0.0,0.0,0.0,0.0,0.0,0.0,0.0,0.0,0.0,-23.0,5.0,-24.0,6.0,-25.0,7.0,-24.0,7.0,-23.0,7.0,-21.0,7.0,-18.0,6.0,-15.0,4.0,-11.0,2.0,-7.0,-2.0,-4.0,-5.0,0.0,-9.0,3.0,-12.0,5.0,-16.0,7.0,-19.0,8.0,-22.0,9.0,-25.0,9.0,-26.0,8.0,-27.0,7.0,-27.0,7.0,-25.0,5.0,-22.0,4.0,-19.0,4.0,-15.0,3.0,-10.0,4.0,-5.0
2.6597,122.0,-96.0,7.0,0.0,0.0,0.0,0.0,0.0,0.0,0.0,0.0,0.0,19.0,-13.0,17.0,-12.0,15.0,-10.0,12.0,-8.0,8.0,-5.0,6.0,-1.0,3.0,3.0,1.0,7.0,-1.0,12.0,-2.0,15.0,-3.0,19.0,-3.0,22.0,-3.0,25.0,-2.0,26.0,-1.0,27.0,-1.0,26.0,0.0,25.0,0.0,22.0,0.0,19.0,-1.0,15.0,-2.0,10.0,-4.0,5.0,-6.0,1.0,-9.0,-4.0,-11.0,-8.0,-15.0,-11.0
2.6729,122.0,-96.0,7.0,0.0,0.0,0.0,0.0,0.0,0.0,0.0,0.0,0.0,-17.0,19.0,-15.0,17.0,-13.0,15.0,-11.0,12.0,-9.0,8.0,-7.0,3.0,-6.0,-2.0,-5.0,-7.0,-5.0,-12.0,-4.0,-17.0,-4.0,-21.0,-4.0,-25.0,-6.0,-28.0,-7.0,-29.0,-8.0,-30.0,-10.0,-29.0,-10.0,-27.0,-9.0,-25.0,-8.0,-21.0,-7.0,-18.0,-3.0,-13.0,0.0,-9.0,4.0,-5.0,8.0,0.0,12.0,3.0,17.0,5.0
2.6865,122.0,-96.0,7.0,0.0,0.0,0.0,0.0,0.0,0.0,0.0,0.0,0.0,16.0,20.0,17.0,21.0,19.0,20.0,19.0,19.0,18.0,18.0,16.0,17.0,14.0,14.0,11.0,13.0,8.0,10.0,3.0,8.0,-3.0,4.0,-7.0,3.0,-12.0,2.0,-18.0,1.0,-22.0,0.0,-27.0,1.0,-29.0,2.0,-31.0,2.0,-32.0,3.0,-31.0,4.0,-30.0,2.0,-27.0,4.0,-24.0,3.0,-18.0,2.0,-14.0,1.0,-10.0,-2.0
2.7005,122.0,-96.0,7.0,0.0,0.0,0.0,0.0,0.0,0.0,0.0,0.0,0.0,-11.0,-9.0,-14.0,-13.0,-17.0,-16.0,-20.0,-19.0,-22.0,-21.0,-25.0,-22.0,-26.0,-21.0,-27.0,-20.0,-25.0,-18.0,-23.0,-16.0,-19.0,-14.0,-15.0,-12.0,-10.0,-10.0,-4.0,-8.0,2.0,-6.0,8.0,-6.0,15.0,-6.0,20.0,-6.0,25.0,-7.0,29.0,-9.0,32.0,-10.0,33.0,-11.0,33.0,-12.0,32.0,-12.0,29.0,-13.0,26.0,-12.0
2.7144,122.0,-96.0,7.0,0.0,0.0,0.0,0.0,0.0,0.0,0.0,0.0,0.0,-12.0,5.0,-8.0,1.0,-5.0,-4.0,-2.0,-9.0,0.0,-15.0,1.0,-21.0,1.0,-25.0,0.0,-29.0,0.0,-32.0,-1.0,-33.0,-2.0,-34.0,-3.0,-33.0,-4.0,-31.0,-5.0,-29.0,-4.0,-24.0,-2.0,-19.0,0.0,-14.0,3.0,-8.0,6.0,-3.0,9.0,2.0,14.0,6.0,18.0,10.0,23.0,12.0,27.0,13.0,30.0,14.0,31.0,14.0
2.7288,122.0,-96.0,7.0,0.0,0.0,0.0,0.0,0.0,0.0,0.0,0.0,0.0,3.0,22.0,3.0,20.0,3.0,18.0,2.0,14.0,1.0,11.0,-2.0,7.0,-5.0,3.0,-7.0,-1.0,-11.0,-4.0,-14.0,-7.0,-17.0,-9.0,-20.0,-11.0,-22.0,-12.0,-24.0,-12.0,-26.0,-11.0,-26.0,-10.0,-25.0,-9.0,-23.0,-8.0,-20.0,-7.0,-17.0,-6.0,-13.0,-6.0,-8.0,-5.0,-3.0,-6.0,2.0,-6.0,7.0,-7.0,12.0,-9.0
2.7338,98.0,33.0,22.0,0.0,0.0,0.0,0.0,0.0,0.0,0.0,0.0,0.0,-10.0,-7.0,-10.0,-4.0,-12.0,1.0,-14.0,4.0,-15.0,7.0,-17.0,10.0,-18.0,13.0,-19.0,15.0,-18.0,16.0,-17.0,16.0,-16.0,17.0,-15.0,17.0,-12.0,16.0,-9.0,14.0,-6.0,12.0,-2.0,9.0,1.0,5.0,5.0,1.0,8.0,-4.0,12.0,-8.0,15.0,-13.0,17.0,-17.0,19.0,-20.0,20.0,-24.0,22.0,-26.0,22.0,-26.0
2.7478,122.0,-96.0,7.0,0.0,0.0,0.0,0.0,0.0,0.0,0.0,0.0,0.0,-23.0,-1.0,-25.0,0.0,-26.0,0.0,-25.0,1.0,-24.0,1.0,-22.0,1.0,-20.0,1.0,-16.0,0.0,-12.0,-1.0,-8.0,-3.0,-4.0,-5.0,1.0,-7.0,5.0,-10.0,8.0,-13.0,11.0,-16.0,13.0,-18.0,15.0,-20.0,16.0,-22.0,16.0,-23.0,15.0,-24.0,14.0,-23.0,12.0,-21.0,11.0,-19.0,9.0,-16.0,7.0,-11.0,6.0,-7.0
2.7635,122.0,-96.0,7.0,0.0,0.0,0.0,0.0,0.0,0.0,0.0,0.0,0.0,-12.0,-4.0,-13.0,-4.0,-13.0,-4.0,-13.0,-4.0,-14.0,-3.0,-15.0,-4.0,-14.0,-4.0,-15.0,-3.0,-14.0,-4.0,-15.0,-4.0,-15.0,-4.0,-15.0,-4.0,-15.0,-3.0,-15.0,-3.0,-16.0,-3.0,-15.0,-3.0,-16.0,-3.0,-16.0,-3.0,-16.0,-3.0,-16.0,-3.0,-16.0,-3.0,-16.0,-2.0,-16.0,-2.0,-17.0,-2.0,-16.0,-2.0,-17.0,-2.0
2.7775,122.0,-96.0,7.0,0.0,0.0,0.0,0.0,0.0,0.0,0.0,0.0,0.0,-10.0,-8.0,-12.0,-12.0,-15.0,-14.0,-17.0,-17.0,-20.0,-18.0,-22.0,-19.0,-24.0,-18.0,-24.0,-17.0,-24.0,-16.0,-21.0,-15.0,-18.0,-14.0,-15.0,-11.0,-11.0,-9.0,-6.0,-8.0,-1.0,-6.0,5.0,-6.0,10.0,-6.0,15.0,-6.0,20.0,-7.0,23.0,-9.0,26.0,-10.0,28.0,-11.0,29.0,-13.0,28.0,-13.0,26.0,-14.0,24.0,-13.0
2.7907,122.0,-96.0,7.0,0.0,0.0,0.0,0.0,0.0,0.0,0.0,0.0,0.0,-14.0,1.0,-14.0,1.0,-14.0,1.0,-14.0,2.0,-15.0,2.0,-15.0,2.0,-15.0,2.0,-15.0,2.0,-15.0,2.0,-16.0,2.0,-16.0,2.0,-16.0,2.0,-16.0,3.0,-16.0,3.0,-16.0,3.0,-16.0,3.0,-16.0,3.0,-16.0,3.0,-16.0,3.0,-16.0,3.0,-16.0,3.0,-17.0,4.0,-17.0,4.0,-17.0,5.0,-17.0,4.0,-17.0,4.0
2.8053,122.0,-96.0,7.0,0.0,0.0,0.0,0.0,0.0,0.0,0.0,0.0,0.0,-11.0,5.0,-10.0,5.0,-11.0,5.0,-11.0,5.0,-11.0,6.0,-11.0,6.0,-11.0,6.0,-11.0,7.0,-12.0,6.0,-12.0,6.0,-12.0,6.0,-12.0,6.0,-12.0,6.0,-12.0,8.0,-12.0,7.0,-12.0,7.0,-12.0,6.0,-12.0,8.0,-12.0,8.0,-12.0,7.0,-12.0,7.0,-12.0,8.0,-12.0,8.0,-12.0,8.0,-12.0,8.0,-12.0,8.0
2.8196,122.0,-96.0,7.0,0.0,0.0,0.0,0.0,0.0,0.0,0.0,0.0,0.0,22.0,-2.0,24.0,-3.0,24.0,-4.0,24.0,-4.0,23.0,-5.0,21.0,-5.0,18.0,-4.0,15.0,-3.0,11.0,-2.0,6.0,1.0,3.0,3.0,-1.0,7.0,-5.0,10.0,-8.0,13.0,-11.0,17.0,-12.0,19.0,-13.0,22.0,-14.0,23.0,-14.0,25.0,-13.0,24.0,-12.0,23.0,-10.0,21.0,-9.0,18.0,-7.0,14.0,-6.0,10.0,-6.0,5.0
2.8339,122.0,-96.0,7.0,0.0,0.0,0.0,0.0,0.0,0.0,0.0,0.0,0.0,-10.0,5.0,-10.0,6.0,-10.0,5.0,-11.0,6.0,-11.0,6.0,-11.0,6.0,-11.0,6.0,-11.0,6.0,-11.0,7.0,-11.0,6.0,-12.0,7.0,-12.0,7.0,-12.0,7.0,-11.0,7.0,-12.0,7.0,-12.0,7.0,-12.0,7.0,-12.0,8.0,-12.0,8.0,-12.0,8.0,-12.0,8.0,-12.0,8.0,-12.0,8.0,-12.0,8.0,-12.0,8.0,-12.0,9.0
2.8487,122.0,-96.0,7.0,0.0,0.0,0.0,0.0,0.0,0.0,0.0,0.0,0.0,-19.0,17.0,-19.0,19.0,-19.0,20.0,-19.0,20.0,-17.0,20.0,-16.0,19.0,-14.0,16.0,-12.0,13.0,-10.0,9.0,-8.0,4.0,-6.0,-1.0,-5.0,-6.0,-5.0,-12.0,-4.0,-16.0,-4.0,-21.0,-5.0,-25.0,-5.0,-28.0,-6.0,-30.0,-7.0,-31.0,-8.0,-31.0,-8.0,-30.0,-8.0,-27.0,-8.0,-24.0,-6.0,-19.0,-4.0,-15.0,-2.0,-11.0
2.8624,122.0,-96.0,7.0,0.0,0.0,0.0,0.0,0.0,0.0,0.0,0.0,0.0,11.0,-18.0,11.0,-19.0,11.0,-20.0,11.0,-20.0,10.0,-19.0,9.0,-18.0,7.0,-15.0,7.0,-12.0,5.0,-9.0,5.0,-4.0,4.0,0.0,4.0,4.0,4.0,9.0,5.0,13.0,5.0,16.0,6.0,19.0,7.0,21.0,8.0,22.0,9.0,23.0,9.0,22.0,9.0,21.0,8.0,19.0,8.0,16.0,5.0,13.0,3.0,10.0,1.0,6.0
2.8666,98.0,33.0,22.0,0.0,0.0,0.0,0.0,0.0,0.0,0.0,0.0,0.0,-14.0,-22.0,-14.0,-22.0,-14.0,-21.0,-13.0,-20.0,-13.0,-17.0,-12.0,-14.0,-11.0,-10.0,-10.0,-6.0,-8.0,-1.0,-7.0,3.0,-6.0,8.0,-4.0,12.0,-1.0,16.0,1.0,19.0,4.0,22.0,6.0,23.0,9.0,25.0,10.0,24.0,12.0,23.0,12.0,22.0,12.0,19.0,10.0,15.0,8.0,11.0,5.0,5.0,2.0,-1.0,-3.0,-6.0
2.8834,122.0,-96.0,7.0,0.0,0.0,0.0,0.0,0.0,0.0,0.0,0.0,0.0,-10.0,-21.0,-12.0,-22.0,-13.0,-22.0,-13.0,-22.0,-13.0,-20.0,-13.0,-19.0,-11.0,-17.0,-9.0,-14.0,-6.0,-11.0,-2.0,-8.0,1.0,-6.0,6.0,-3.0,10.0,-1.0,14.0,1.0,18.0,2.0,21.0,3.0,25.0,3.0,26.0,3.0,28.0,2.0,27.0,1.0,26.0,1.0,24.0,0.0,21.0,-1.0,17.0,0.0,13.0,0.0,9.0,1.0
2.895,122.0,-96.0,7.0,0.0,0.0,0.0,0.0,0.0,0.0,0.0,0.0,0.0,1.0,11.0,0.0,16.0,0.0,20.0,0.0,23.0,1.0,26.0,1.0,28.0,3.0,29.0,4.0,28.0,4.0,27.0,3.0,24.0,2.0,21.0,1.0,17.0,0.0,12.0,-3.0,8.0,-5.0,3.0,-8.0,-2.0,-13.0,-6.0,-16.0,-9.0,-20.0,-12.0,-24.0,-13.0,-26.0,-15.0,-28.0,-15.0,-29.0,-15.0,-28.0,-14.0,-28.0,-12.0,-25.0,-11.0
2.9119,122.0,-96.0,7.0,0.0,0.0,0.0,0.0,0.0,0.0,0.0,0.0,0.0,8.0,-9.0,11.0,-12.0,15.0,-14.0,17.0,-16.0,19.0,-18.0,20.0,-20.0,20.0,-22.0,18.0,-23.0,17.0,-22.0,15.0,-20.0,13.0,-17.0,11.0,-13.0,9.0,-9.0,7.0,-5.0,5.0,1.0,4.0,6.0,4.0,12.0,4.0,17.0,4.0,22.0,5.0,25.0,7.0,28.0,8.0,29.0,9.0,30.0,9.0,29.0,10.0,27.0,9.0,24.0
2.9272,122.0,-96.0,7.0,0.0,0.0,0.0,0.0,0.0,0.0,0.0,0.0,0.0,-8.0,8.0,-8.0,8.0,-8.0,8.0,-9.0,9.0,-8.0,8.0,-9.0,9.0,-9.0,9.0,-9.0,9.0,-9.0,9.0,-9.0,9.0,-9.0,9.0,-9.0,10.0,-9.0,9.0,-9.0,10.0,-8.0,10.0,-9.0,10.0,-9.0,10.0,-9.0,11.0,-9.0,11.0,-9.0,11.0,-9.0,11.0,-8.0,11.0,-8.0,12.0,-9.0,11.0,-9.0,11.0,-9.0,11.0
2.9404,122.0,-96.0,7.0,0.0,0.0,0.0,0.0,0.0,0.0,0.0,0.0,0.0,-6.0,-12.0,-8.0,-17.0,-10.0,-22.0,-11.0,-26.0,-12.0,-28.0,-14.0,-29.0,-16.0,-30.0,-17.0,-29.0,-16.0,-27.0,-15.0,-24.0,-12.0,-21.0,-9.0,-17.0,-5.0,-13.0,-1.0,-9.0,4.0,-5.0,10.0,-2.0,15.0,1.0,20.0,3.0,26.0,4.0,30.0,4.0,33.0,4.0,35.0,4.0,35.0,3.0,34.0,2.0,32.0,0.0,28.0,0.0
2.953,122.0,-96.0,7.0,0.0,0.0,0.0,0.0,0.0,0.0,0.0,0.0,0.0,5.0,28.0,4.0,25.0,4.0,22.0,2.0,17.0,1.0,13.0,-2.0,8.0,-6.0,3.0,-9.0,-2.0,-14.0,-6.0,-18.0,-9.0,-22.0,-12.0,-25.0,-14.0,-29.0,-14.0,-31.0,-14.0,-32.0,-14.0,-32.0,-13.0,-31.0,-11.0,-28.0,-10.0,-24.0,-8.0,-20.0,-7.0,-14.0,-7.0,-8.0,-6.0,-1.0,-7.0,5.0,-8.0,11.0,-9.0,17.0,-12.0
2.9672,122.0,-96.0,7.0,0.0,0.0,0.0,0.0,0.0,0.0,0.0,0.0,0.0,1.0,12.0,1.0,12.0,1.0,13.0,2.0,12.0,1.0,13.0,1.0,13.0,2.0,13.0,2.0,13.0,2.0,13.0,1.0,14.0,1.0,14.0,1.0,14.0,2.0,14.0,2.0,15.0,2.0,14.0,2.0,14.0,3.0,15.0,3.0,14.0,3.0,15.0,3.0,15.0,3.0,15.0,3.0,15.0,3.0,15.0,3.0,15.0,3.0,15.0,3.0,15.0
2.982,122.0,-96.0,7.0,0.0,0.0,0.0,0.0,0.0,0.0,0.0,0.0,0.0,3.0,11.0,4.0,15.0,5.0,19.0,6.0,22.0,7.0,25.0,8.0,27.0,10.0,27.0,11.0,26.0,10.0,25.0,9.0,22.0,7.0,18.0,5.0,15.0,3.0,11.0,-1.0,7.0,-5.0,3.0,-9.0,0.0,-15.0,-3.0,-19.0,-6.0,-23.0,-6.0,-27.0,-7.0,-30.0,-7.0,-31.0,-7.0,-32.0,-6.0,-31.0,-5.0,-29.0,-4.0,-26.0,-3.0
2.9865,98.0,33.0,22.0,0.0,0.0,0.0,0.0,0.0,0.0,0.0,0.0,0.0,28.0,-4.0,28.0,-4.0,28.0,-4.0,25.0,-4.0,23.0,-5.0,19.0,-5.0,14.0,-6.0,10.0,-7.0,4.0,-8.0,-1.0,-9.0,-7.0,-9.0,-12.0,-11.0,-17.0,-10.0,-21.0,-9.0,-25.0,-7.0,-29.0,-7.0,-30.0,-5.0,-31.0,-3.0,-31.0,-1.0,-29.0,0.0,-26.0,2.0,-22.0,3.0,-16.0,1.0,-7.0,2.0,-1.0,1.0,6.0,1.0
3.0006,122.0,-96.0,7.0,0.0,0.0,0.0,0.0,0.0,0.0,0.0,0.0,0.0,-7.0,12.0,-7.0,6.0,-6.0,-1.0,-8.0,-7.0,-9.0,-13.0,-11.0,-20.0,-14.0,-24.0,-17.0,-28.0,-19.0,-30.0,-21.0,-32.0,-23.0,-31.0,-23.0,-30.0,-23.0,-28.0,-22.0,-25.0,-19.0,-21.0,-15.0,-18.0,-10.0,-14.0,-4.0,-11.0,3.0,-8.0,9.0,-5.0,17.0,-3.0,22.0,-2.0,29.0,-3.0,33.0,-4.0,36.0,-5.0,38.0,-6.0
3.0147,122.0,-96.0,7.0,0.0,0.0,0.0,0.0,0.0,0.0,0.0,0.0,0.0,3.0,10.0,3.0,13.0,4.0,17.0,5.0,20.0,6.0,22.0,7.0,24.0,8.0,24.0,9.0,24.0,9.0,22.0,8.0,21.0,6.0,17.0,4.0,14.0,2.0,11.0,-1.0,7.0,-4.0,3.0,-8.0,0.0,-12.0,-3.0,-16.0,-5.0,-20.0,-6.0,-24.0,-7.0,-26.0,-7.0,-27.0,-7.0,-29.0,-7.0,-28.0,-6.0,-27.0,-5.0,-24.0,-4.0
3.03,122.0,-96.0,7.0,0.0,0.0,0.0,0.0,0.0,0.0,0.0,0.0,0.0,-9.0,7.0,-9.0,7.0,-9.0,7.0,-10.0,8.0,-9.0,8.0,-9.0,8.0,-9.0,8.0,-9.0,9.0,-9.0,9.0,-9.0,8.0,-9.0,9.0,-10.0,9.0,-10.0,9.0,-10.0,9.0,-9.0,10.0,-9.0,9.0,-10.0,9.0,-9.0,10.0,-9.0,10.0,-9.0,10.0,-9.0,10.0,-10.0,10.0,-9.0,11.0,-10.0,11.0,-9.0,11.0,-9.0,11.0
3.0436,122.0,-96.0,7.0,0.0,0.0,0.0,0.0,0.0,0.0,0.0,0.0,0.0,-11.0,-1.0,-15.0,-2.0,-19.0,-2.0,-21.0,-3.0,-24.0,-3.0,-26.0,-2.0,-27.0,-1.0,-27.0,0.0,-25.0,1.0,-23.0,1.0,-20.0,0.0,-16.0,-1.0,-12.0,-1.0,-8.0,-3.0,-3.0,-5.0,1.0,-8.0,5.0,-11.0,9.0,-14.0,12.0,-17.0,13.0,-20.0,14.0,-22.0,15.0,-24.0,15.0,-25.0,14.0,-24.0,12.0,-24.0,10.0,-22.0
3.0575,122.0,-96.0,7.0,0.0,0.0,0.0,0.0,0.0,0.0,0.0,0.0,0.0,-1.0,-13.0,-1.0,-13.0,0.0,-13.0,-1.0,-14.0,0.0,-14.0,-1.0,-14.0,-1.0,-14.0,-1.0,-15.0,-1.0,-14.0,-1.0,-15.0,-1.0,-15.0,0.0,-15.0,-1.0,-15.0,-1.0,-15.0,-1.0,-15.0,-1.0,-15.0,-1.0,-16.0,-1.0,-16.0,-1.0,-16.0,-1.0,-16.0,-1.0,-16.0,-2.0,-16.0,-2.0,-16.0,-2.0,-16.0,-2.0,-16.0,-2.0,-17.0
3.0711,122.0,-96.0,7.0,0.0,0.0,0.0,0.0,0.0,0.0,0.0,0.0,0.0,10.0,-7.0,7.0,-2.0,5.0,3.0,2.0,8.0,1.0,13.0,0.0,19.0,-1.0,24.0,-1.0,28.0,0.0,31.0,2.0,32.0,3.0,33.0,4.0,32.0,5.0,30.0,5.0,28.0,4.0,23.0,3.0,19.0,1.0,14.0,-2.0,9.0,-6.0,4.0,-10.0,-1.0,-15.0,-5.0,-19.0,-9.0,-24.0,-11.0,-28.0,-12.0,-31.0,-12.0,-33.0,-13.0
3.0844,122.0,-96.0,7.0,0.0,0.0,0.0,0.0,0.0,0.0,0.0,0.0,0.0,25.0,-4.0,23.0,-4.0,20.0,-4.0,16.0,-3.0,11.0,-1.0,7.0,2.0,2.0,4.0,-2.0,8.0,-6.0,12.0,-9.0,15.0,-11.0,18.0,-13.0,21.0,-14.0,24.0,-14.0,26.0,-13.0,27.0,-12.0,27.0,-11.0,26.0,-10.0,23.0,-8.0,20.0,-7.0,16.0,-7.0,11.0,-6.0,5.0,-7.0,0.0,-7.0,-6.0,-8.0,-11.0,-10.0,-16.0
3.0999,122.0,-96.0,7.0,0.0,0.0,0.0,0.0,0.0,0.0,0.0,0.0,0.0,-12.0,-5.0,-13.0,-5.0,-12.0,-5.0,-13.0,-5.0,-13.0,-5.0,-14.0,-6.0,-14.0,-5.0,-14.0,-5.0,-14.0,-5.0,-14.0,-5.0,-14.0,-5.0,-14.0,-5.0,-14.0,-6.0,-15.0,-5.0,-15.0,-5.0,-14.0,-5.0,-15.0,-5.0,-15.0,-5.0,-16.0,-5.0,-16.0,-5.0,-16.0,-5.0,-15.0,-4.0,-16.0,-4.0,-16.0,-4.0,-16.0,-4.0,-17.0,-4.0
3.1132,122.0,-96.0,7.0,0.0,0.0,0.0,0.0,0.0,0.0,0.0,0.0,0.0,12.0,-2.0,12.0,-2.0,13.0,-2.0,13.0,-3.0,13.0,-2.0,13.0,-3.0,14.0,-3.0,14.0,-3.0,13.0,-3.0,14.0,-3.0,14.0,-3.0,14.0,-2.0,14.0,-3.0,14.0,-4.0,14.0,-4.0,14.0,-4.0,14.0,-4.0,15.0,-4.0,15.0,-4.0,15.0,-4.0,15.0,-4.0,15.0,-4.0,15.0,-4.0,15.0,-5.0,15.0,-4.0,16.0,-5.0
3.1269,122.0,-96.0,7.0,0.0,0.0,0.0,0.0,0.0,0.0,0.0,0.0,0.0,7.0,11.0,8.0,16.0,11.0,20.0,12.0,23.0,14.0,25.0,16.0,28.0,17.0,27.0,18.0,27.0,17.0,25.0,16.0,21.0,13.0,18.0,10.0,15.0,6.0,11.0,1.0,8.0,-5.0,4.0,-10.0,2.0,-17.0,0.0,-21.0,-1.0,-28.0,-2.0,-31.0,-2.0,-35.0,-1.0,-36.0,-1.0,-36.0,0.0,-35.0,1.0,-32.0,3.0,-29.0,2.0
3.1419,122.0,-96.0,7.0,0.0,0.0,0.0,0.0,0.0,0.0,0.0,0.0,0.0,-12.0,-3.0,-12.0,-3.0,-12.0,-3.0,-12.0,-3.0,-13.0,-3.0,-13.0,-3.0,-13.0,-3.0,-13.0,-2.0,-13.0,-3.0,-14.0,-3.0,-13.0,-2.0,-14.0,-3.0,-13.0,-3.0,-14.0,-2.0,-14.0,-3.0,-14.0,-2.0,-14.0,-2.0,-14.0,-2.0,-14.0,-3.0,-15.0,-2.0,-14.0,-2.0,-14.0,-2.0,-15.0,-2.0,-15.0,-2.0,-15.0,-2.0,-15.0,-1.0
3.155,122.0,-96.0,7.0,0.0,0.0,0.0,0.0,0.0,0.0,0.0,0.0,0.0,12.0,0.0,6.0,2.0,1.0,5.0,-4.0,8.0,-8.0,12.0,-12.0,16.0,-15.0,20.0,-17.0,23.0,-18.0,26.0,-18.0,28.0,-18.0,29.0,-16.0,28.0,-14.0,27.0,-12.0,25.0,-10.0,21.0,-8.0,16.0,-7.0,11.0,-7.0,5.0,-8.0,-2.0,-8.0,-8.0,-10.0,-14.0,-12.0,-19.0,-15.0,-24.0,-17.0,-27.0,-19.0,-29.0,-20.0,-29.0
3.1721,122.0,-96.0,7.0,0.0,0.0,0.0,0.0,0.0,0.0,0.0,0.0,0.0,-10.0,-11.0,-10.0,-11.0,-10.0,-11.0,-11.0,-12.0,-10.0,-12.0,-11.0,-12.0,-11.0,-12.0,-12.0,-12.0,-11.0,-12.0,-11.0,-12.0,-12.0,-13.0,-12.0,-13.0,-12.0,-13.0,-12.0,-12.0,-12.0,-13.0,-12.0,-13.0,-12.0,-13.0,-13.0,-12.0,-13.0,-12.0,-13.0,-13.0,-13.0,-13.0,-13.0,-13.0,-14.0,-12.0,-14.0,-13.0,-14.0,-13.0,-14.0,-13.0
3.1864,122.0,-96.0,7.0,0.0,0.0,0.0,0.0,0.0,0.0,0.0,0.0,0.0,5.0,11.0,6.0,10.0,6.0,10.0,6.0,11.0,6.0,11.0,6.0,11.0,7.0,11.0,8.0,11.0,7.0,11.0,7.0,12.0,8.0,11.0,7.0,12.0,8.0,12.0,8.0,11.0,8.0,11.0,8.0,12.0,8.0,12.0,9.0,12.0,9.0,12.0,9.0,12.0,9.0,12.0,9.0,12.0,10.0,12.0,9.0,12.0,9.0,12.0,10.0,12.0
3.1899,28.0,-64.0,1.0,0.0,0.0,0.0,0.0,0.0,0.0,0.0,0.0,0.0,-14.0,9.0,-17.0,5.0,-8.0,7.0,-10.0,10.0,-11.0,9.0,-14.0,7.0,-13.0,13.0,-10.0,14.0,-10.0,9.0,-7.0,12.0,-6.0,21.0,-12.0,12.0,-5.0,19.0,-14.0,19.0,-9.0,15.0,-4.0,24.0,-8.0,19.0,-12.0,20.0,-10.0,22.0,-7.0,19.0,-10.0,18.0,-10.0,16.0,-11.0,24.0,-8.0,17.0,-12.0,27.0,-10.0,25.0
3.1948,-120.0,-126.0,40.0,0.0,0.0,0.0,0.0,0.0,0.0,0.0,0.0,0.0,13.0,8.0,17.0,5.0,22.0,6.0,21.0,4.0,20.0,6.0,22.0,8.0,20.0,5.0,21.0,2.0,17.0,2.0,14.0,0.0,11.0,-2.0,8.0,-4.0,3.0,-5.0,-1.0,-7.0,-5.0,-8.0,-9.0,-8.0,-15.0,-8.0,-18.0,-7.0,-22.0,-7.0,-25.0,-5.0,-27.0,-5.0,-28.0,-4.0,-27.0,-2.0,-25.0,-2.0,-23.0,-2.0,-19.0,-1.0
3.2086,122.0,-96.0,7.0,0.0,0.0,0.0,0.0,0.0,0.0,0.0,0.0,0.0,15.0,6.0,16.0,6.0,15.0,6.0,16.0,5.0,16.0,6.0,17.0,6.0,16.0,6.0,17.0,6.0,17.0,6.0,17.0,6.0,17.0,6.0,18.0,6.0,18.0,6.0,18.0,5.0,18.0,6.0,18.0,5.0,19.0,5.0,19.0,5.0,19.0,5.0,19.0,5.0,20.0,5.0,19.0,5.0,19.0,5.0,20.0,4.0,20.0,5.0,20.0,5.0
3.2216,122.0,-96.0,7.0,0.0,0.0,0.0,0.0,0.0,0.0,0.0,0.0,0.0,2.0,10.0,3.0,14.0,3.0,18.0,3.0,20.0,5.0,23.0,6.0,24.0,7.0,25.0,7.0,24.0,7.0,23.0,7.0,20.0,6.0,18.0,4.0,14.0,2.0,11.0,-1.0,7.0,-4.0,3.0,-8.0,0.0,-12.0,-3.0,-16.0,-5.0,-20.0,-7.0,-23.0,-8.0,-26.0,-8.0,-27.0,-8.0,-28.0,-7.0,-28.0,-6.0,-27.0,-5.0,-24.0,-4.0
3.2348,122.0,-96.0,7.0,0.0,0.0,0.0,0.0,0.0,0.0,0.0,0.0,0.0,4.0,-10.0,4.0,-11.0,4.0,-10.0,5.0,-11.0,4.0,-11.0,4.0,-11.0,4.0,-11.0,4.0,-12.0,4.0,-12.0,4.0,-12.0,5.0,-12.0,4.0,-12.0,5.0,-12.0,4.0,-12.0,4.0,-13.0,4.0,-13.0,4.0,-13.0,4.0,-13.0,4.0,-13.0,4.0,-13.0,4.0,-13.0,4.0,-13.0,3.0,-13.0,3.0,-13.0,3.0,-14.0,3.0,-14.0
3.2487,122.0,-96.0,7.0,0.0,0.0,0.0,0.0,0.0,0.0,0.0,0.0,0.0,-16.0,24.0,-16.0,26.0,-16.0,27.0,-15.0,27.0,-14.0,26.0,-12.0,24.0,-11.0,22.0,-10.0,17.0,-8.0,12.0,-8.0,6.0,-7.0,0.0,-7.0,-6.0,-8.0,-12.0,-8.0,-17.0,-10.0,-22.0,-12.0,-26.0,-13.0,-29.0,-14.0,-32.0,-16.0,-32.0,-17.0,-31.0,-17.0,-30.0,-16.0,-27.0,-15.0,-24.0,-11.0,-20.0,-8.0,-15.0,-4.0,-12.0
3.2627,98.0,32.0,6.0,0.0,0.0,0.0,0.0,0.0,0.0,0.0,0.0,0.0,13.0,-19.0,13.0,-21.0,13.0,-22.0,12.0,-22.0,11.0,-21.0,10.0,-20.0,9.0,-17.0,7.0,-14.0,6.0,-10.0,6.0,-5.0,5.0,0.0,5.0,5.0,5.0,10.0,5.0,14.0,6.0,18.0,7.0,21.0,8.0,23.0,9.0,25.0,10.0,26.0,10.0,25.0,10.0,24.0,9.0,21.0,8.0,18.0,6.0,14.0,3.0,10.0,1.0,7.0
3.2773,122.0,-96.0,7.0,0.0,0.0,0.0,0.0,0.0,0.0,0.0,0.0,0.0,22.0,-4.0,21.0,-4.0,17.0,-4.0,14.0,-3.0,10.0,-1.0,6.0,1.0,2.0,4.0,-2.0,7.0,-5.0,10.0,-7.0,14.0,-10.0,16.0,-11.0,19.0,-12.0,22.0,-12.0,23.0,-12.0,25.0,-11.0,24.0,-10.0,24.0,-8.0,21.0,-7.0,19.0,-6.0,15.0,-6.0,10.0,-6.0,5.0,-6.0,0.0,-6.0,-5.0,-7.0,-10.0,-9.0,-15.0
3.291,122.0,-96.0,7.0,0.0,0.0,0.0,0.0,0.0,0.0,0.0,0.0,0.0,15.0,-3.0,21.0,-2.0,27.0,-2.0,31.0,-2.0,35.0,-3.0,37.0,-4.0,38.0,-5.0,37.0,-6.0,35.0,-7.0,32.0,-7.0,27.0,-6.0,22.0,-4.0,16.0,-2.0,10.0,2.0,3.0,5.0,-2.0,10.0,-7.0,15.0,-12.0,20.0,-15.0,26.0,-18.0,30.0,-19.0,34.0,-19.0,36.0,-19.0,37.0,-18.0,37.0,-15.0,36.0,-13.0,32.0
3.3051,122.0,-96.0,7.0,0.0,0.0,0.0,0.0,0.0,0.0,0.0,0.0,0.0,-23.0,4.0,-25.0,5.0,-25.0,5.0,-25.0,6.0,-23.0,6.0,-22.0,6.0,-19.0,5.0,-16.0,4.0,-12.0,2.0,-9.0,-1.0,-4.0,-4.0,-1.0,-8.0,2.0,-11.0,5.0,-15.0,7.0,-18.0,9.0,-21.0,10.0,-23.0,10.0,-26.0,10.0,-27.0,9.0,-27.0,8.0,-26.0,7.0,-24.0,5.0,-22.0,4.0,-17.0,4.0,-13.0,4.0,-9.0
3.3201,122.0,-96.0,7.0,0.0,0.0,0.0,0.0,0.0,0.0,0.0,0.0,0.0,22.0,0.0,24.0,-1.0,25.0,-1.0,24.0,-2.0,23.0,-2.0,22.0,-2.0,19.0,-3.0,15.0,-1.0,12.0,-1.0,7.0,2.0,3.0,4.0,-1.0,6.0,-5.0,9.0,-9.0,12.0,-12.0,15.0,-14.0,17.0,-15.0,20.0,-16.0,22.0,-16.0,23.0,-15.0,23.0,-14.0,23.0,-13.0,21.0,-11.0,19.0,-9.0,15.0,-7.0,10.0,-6.0,6.0
3.3239,98.0,33.0,22.0,0.0,0.0,0.0,0.0,0.0,0.0,0.0,0.0,0.0,13.0,22.0,12.0,22.0,14.0,21.0,13.0,19.0,13.0,17.0,11.0,16.0,9.0,11.0,9.0,7.0,6.0,2.0,5.0,-3.0,5.0,-8.0,4.0,-12.0,-1.0,-18.0,-3.0,-22.0,-5.0,-23.0,-6.0,-26.0,-9.0,-27.0,-12.0,-27.0,-12.0,-26.0,-13.0,-23.0,-12.0,-21.0,-12.0,-17.0,-9.0,-13.0,-5.0,-7.0,-3.0,-1.0,2.0,5.0
3.3378,122.0,-96.0,7.0,0.0,0.0,0.0,0.0,0.0,0.0,0.0,0.0,0.0,-1.0,-11.0,0.0,-10.0,0.0,-11.0,-1.0,-11.0,-1.0,-11.0,-1.0,-11.0,-1.0,-11.0,-1.0,-12.0,0.0,-12.0,-1.0,-12.0,-1.0,-12.0,-1.0,-13.0,-1.0,-13.0,-1.0,-12.0,-2.0,-13.0,-1.0,-12.0,-2.0,-13.0,-1.0,-13.0,-2.0,-12.0,-2.0,-13.0,-2.0,-13.0,-2.0,-13.0,-2.0,-13.0,-2.0,-13.0,-2.0,-13.0,-2.0,-13.0
3.3536,122.0,-96.0,7.0,0.0,0.0,0.0,0.0,0.0,0.0,0.0,0.0,0.0,-7.0,22.0,-6.0,23.0,-6.0,24.0,-5.0,24.0,-4.0,23.0,-4.0,21.0,-3.0,18.0,-4.0,15.0,-3.0,11.0,-5.0,6.0,-5.0,1.0,-7.0,-4.0,-9.0,-9.0,-11.0,-12.0,-14.0,-15.0,-15.0,-18.0,-17.0,-20.0,-18.0,-21.0,-19.0,-21.0,-20.0,-20.0,-20.0,-19.0,-18.0,-17.0,-16.0,-14.0,-12.0,-12.0,-8.0,-9.0,-4.0,-7.0
3.3679,122.0,-96.0,7.0,0.0,0.0,0.0,0.0,0.0,0.0,0.0,0.0,0.0,-3.0,-11.0,-4.0,-11.0,-3.0,-12.0,-4.0,-12.0,-4.0,-12.0,-4.0,-12.0,-4.0,-12.0,-4.0,-12.0,-5.0,-12.0,-4.0,-13.0,-5.0,-13.0,-4.0,-13.0,-4.0,-13.0,-5.0,-13.0,-5.0,-13.0,-5.0,-13.0,-5.0,-13.0,-5.0,-13.0,-5.0,-13.0,-6.0,-13.0,-6.0,-13.0,-6.0,-13.0,-6.0,-13.0,-6.0,-14.0,-6.0,-14.0,-6.0,-14.0
3.3818,122.0,-96.0,7.0,0.0,0.0,0.0,0.0,0.0,0.0,0.0,0.0,0.0,-10.0,5.0,-14.0,6.0,-17.0,8.0,-20.0,9.0,-22.0,10.0,-23.0,11.0,-23.0,13.0,-23.0,13.0,-21.0,13.0,-19.0,12.0,-16.0,9.0,-13.0,6.0,-10.0,4.0,-8.0,0.0,-5.0,-4.0,-2.0,-9.0,-1.0,-13.0,1.0,-18.0,1.0,-22.0,1.0,-25.0,1.0,-27.0,0.0,-29.0,0.0,-29.0,-1.0,-28.0,-2.0,-26.0,-2.0,-24.0
3.3948,122.0,-96.0,7.0,0.0,0.0,0.0,0.0,0.0,0.0,0.0,0.0,0.0,4.0,10.0,0.0,6.0,-4.0,3.0,-8.0,1.0,-13.0,-1.0,-18.0,-3.0,-22.0,-3.0,-26.0,-4.0,-28.0,-3.0,-30.0,-2.0,-30.0,-1.0,-29.0,0.0,-28.0,1.0,-25.0,2.0,-21.0,1.0,-17.0,0.0,-12.0,-1.0,-7.0,-3.0,-2.0,-7.0,2.0,-10.0,6.0,-14.0,9.0,-17.0,12.0,-21.0,13.0,-24.0,13.0,-27.0,13.0,-28.0
3.4083,122.0,-96.0,7.0,0.0,0.0,0.0,0.0,0.0,0.0,0.0,0.0,0.0,-11.0,-2.0,-15.0,-3.0,-18.0,-4.0,-21.0,-5.0,-24.0,-5.0,-26.0,-4.0,-26.0,-4.0,-27.0,-2.0,-25.0,-2.0,-22.0,-2.0,-19.0,-2.0,-15.0,-2.0,-11.0,-3.0,-6.0,-4.0,-2.0,-6.0,3.0,-8.0,7.0,-11.0,11.0,-13.0,14.0,-16.0,16.0,-19.0,17.0,-21.0,17.0,-22.0,16.0,-23.0,16.0,-23.0,14.0,-22.0,12.0,-20.0
3.422,122.0,-96.0,7.0,0.0,0.0,0.0,0.0,0.0,0.0,0.0,0.0,0.0,2.0,28.0,2.0,25.0,2.0,22.0,1.0,17.0,-1.0,12.0,-3.0,7.0,-7.0,2.0,-10.0,-3.0,-14.0,-7.0,-18.0,-11.0,-21.0,-13.0,-25.0,-16.0,-28.0,-16.0,-30.0,-17.0,-31.0,-16.0,-31.0,-14.0,-29.0,-13.0,-27.0,-11.0,-22.0,-9.0,-18.0,-8.0,-12.0,-7.0,-6.0,-7.0,1.0,-8.0,7.0,-8.0,13.0,-9.0,19.0,-12.0
3.4357,122.0,-96.0,7.0,0.0,0.0,0.0,0.0,0.0,0.0,0.0,0.0,0.0,22.0,12.0,24.0,12.0,24.0,12.0,24.0,11.0,23.0,10.0,21.0,9.0,18.0,8.0,14.0,7.0,10.0,6.0,4.0,5.0,-1.0,5.0,-7.0,6.0,-12.0,7.0,-17.0,8.0,-21.0,9.0,-24.0,10.0,-27.0,12.0,-28.0,13.0,-28.0,14.0,-27.0,14.0,-25.0,14.0,-22.0,13.0,-19.0,11.0,-15.0,8.0,-11.0,4.0,-8.0,0.0
3.4499,122.0,-96.0,7.0,0.0,0.0,0.0,0.0,0.0,0.0,0.0,0.0,0.0,25.0,-1.0,23.0,-2.0,19.0,-1.0,15.0,-1.0,11.0,0.0,6.0,3.0,1.0,5.0,-3.0,8.0,-7.0,12.0,-10.0,15.0,-13.0,17.0,-15.0,20.0,-16.0,23.0,-16.0,25.0,-16.0,27.0,-13.0,26.0,-12.0,25.0,-10.0,22.0,-9.0,19.0,-8.0,15.0,-7.0,9.0,-7.0,4.0,-6.0,-2.0,-7.0,-8.0,-8.0,-13.0,-10.0,-18.0
3.4641,122.0,-96.0,7.0,0.0,0.0,0.0,0.0,0.0,0.0,0.0,0.0,0.0,-12.0,19.0,-11.0,18.0,-9.0,16.0,-8.0,12.0,-7.0,9.0,-6.0,4.0,-6.0,-1.0,-6.0,-5.0,-6.0,-10.0,-7.0,-14.0,-7.0,-18.0,-9.0,-21.0,-10.0,-23.0,-12.0,-25.0,-13.0,-25.0,-14.0,-24.0,-13.0,-23.0,-13.0,-21.0,-12.0,-18.0,-10.0,-15.0,-7.0,-12.0,-3.0,-9.0,1.0,-6.0,5.0,-3.0,10.0,0.0,15.0,0.0
3.4776,122.0,-96.0,7.0,0.0,0.0,0.0,0.0,0.0,0.0,0.0,0.0,0.0,6.0,22.0,7.0,23.0,8.0,23.0,8.0,22.0,8.0,21.0,8.0,20.0,7.0,17.0,5.0,14.0,3.0,10.0,-1.0,7.0,-4.0,3.0,-8.0,0.0,-12.0,-3.0,-16.0,-5.0,-19.0,-7.0,-22.0,-8.0,-25.0,-9.0,-26.0,-9.0,-27.0,-8.0,-28.0,-7.0,-26.0,-7.0,-24.0,-5.0,-21.0,-5.0,-17.0,-4.0,-12.0,-4.0,-7.0,-4.0
3.4928,122.0,-96.0,7.0,0.0,0.0,0.0,0.0,0.0,0.0,0.0,0.0,0.0,-10.0,8.0,-10.0,8.0,-10.0,8.0,-10.0,9.0,-10.0,9.0,-10.0,9.0,-10.0,9.0,-10.0,9.0,-10.0,10.0,-11.0,10.0,-11.0,10.0,-11.0,10.0,-11.0,10.0,-11.0,10.0,-10.0,10.0,-11.0,11.0,-11.0,10.0,-11.0,11.0,-10.0,11.0,-10.0,11.0,-10.0,11.0,-10.0,11.0,-11.0,12.0,-11.0,12.0,-10.0,11.0,-11.0,12.0
3.5064,122.0,-96.0,7.0,0.0,0.0,0.0,0.0,0.0,0.0,0.0,0.0,0.0,9.0,5.0,12.0,9.0,15.0,11.0,18.0,14.0,20.0,15.0,24.0,15.0,24.0,15.0,25.0,14.0,24.0,13.0,21.0,11.0,19.0,10.0,15.0,9.0,11.0,7.0,6.0,6.0,1.0,5.0,-5.0,5.0,-11.0,6.0,-16.0,7.0,-21.0,9.0,-24.0,10.0,-26.0,12.0,-27.0,13.0,-28.0,15.0,-28.0,15.0,-26.0,16.0,-23.0,15.0
3.5197,102.0,96.0,6.0,0.0,0.0,0.0,0.0,0.0,0.0,0.0,0.0,0.0,19.0,-13.0,20.0,-15.0,20.0,-16.0,19.0,-16.0,18.0,-16.0,16.0,-15.0,14.0,-13.0,12.0,-10.0,9.0,-7.0,7.0,-3.0,4.0,1.0,3.0,6.0,1.0,10.0,0.0,15.0,0.0,19.0,-1.0,22.0,-1.0,25.0,-1.0,26.0,1.0,28.0,1.0,27.0,1.0,27.0,2.0,24.0,2.0,21.0,1.0,17.0,0.0,13.0,-1.0,8.0
3.5351,126.0,-32.0,7.0,0.0,0.0,0.0,0.0,0.0,0.0,0.0,0.0,0.0,-6.0,9.0,-6.0,9.0,-6.0,9.0,-6.0,10.0,-6.0,10.0,-6.0,11.0,-6.0,10.0,-6.0,11.0,-6.0,11.0,-6.0,11.0,-6.0,11.0,-6.0,11.0,-6.0,11.0,-6.0,11.0,-6.0,12.0,-6.0,12.0,-6.0,12.0,-5.0,12.0,-5.0,12.0,-5.0,12.0,-5.0,12.0,-5.0,13.0,-5.0,13.0,-5.0,13.0,-5.0,13.0,-5.0,13.0
3.5488,98.0,32.0,6.0,0.0,0.0,0.0,0.0,0.0,0.0,0.0,0.0,0.0,5.0,10.0,6.0,14.0,8.0,18.0,9.0,21.0,11.0,23.0,12.0,25.0,13.0,25.0,14.0,25.0,14.0,23.0,12.0,20.0,10.0,18.0,8.0,15.0,5.0,11.0,1.0,8.0,-3.0,4.0,-8.0,1.0,-14.0,-1.0,-18.0,-3.0,-23.0,-3.0,-27.0,-4.0,-30.0,-4.0,-31.0,-3.0,-32.0,-2.0,-31.0,-1.0,-30.0,0.0,-27.0,1.0
3.5633,122.0,-96.0,7.0,0.0,0.0,0.0,0.0,0.0,0.0,0.0,0.0,0.0,9.0,5.0,13.0,8.0,16.0,11.0,19.0,12.0,22.0,14.0,24.0,14.0,25.0,14.0,25.0,12.0,25.0,12.0,22.0,10.0,18.0,9.0,14.0,8.0,11.0,6.0,5.0,6.0,0.0,5.0,-6.0,6.0,-12.0,7.0,-16.0,8.0,-21.0,10.0,-24.0,12.0,-26.0,14.0,-27.0,15.0,-27.0,16.0,-26.0,16.0,-25.0,17.0,-22.0,15.0
3.577,122.0,-96.0,7.0,0.0,0.0,0.0,0.0,0.0,0.0,0.0,0.0,0.0,22.0,-3.0,20.0,-3.0,17.0,-2.0,14.0,-2.0,10.0,0.0,6.0,2.0,1.0,4.0,-3.0,7.0,-6.0,10.0,-9.0,13.0,-11.0,16.0,-12.0,19.0,-13.0,21.0,-13.0,23.0,-13.0,24.0,-12.0,24.0,-10.0,22.0,-9.0,20.0,-8.0,17.0,-7.0,13.0,-6.0,8.0,-6.0,3.0,-6.0,-2.0,-7.0,-7.0,-7.0,-12.0,-10.0,-16.0
3.5907,122.0,-96.0,7.0,0.0,0.0,0.0,0.0,0.0,0.0,0.0,0.0,0.0,-8.0,-9.0,-10.0,-12.0,-12.0,-15.0,-13.0,-18.0,-15.0,-19.0,-17.0,-20.0,-18.0,-20.0,-19.0,-19.0,-18.0,-18.0,-16.0,-16.0,-13.0,-14.0,-10.0,-12.0,-7.0,-9.0,-2.0,-7.0,2.0,-5.0,7.0,-4.0,12.0,-3.0,16.0,-3.0,21.0,-3.0,23.0,-4.0,26.0,-4.0,27.0,-5.0,27.0,-6.0,26.0,-7.0,24.0,-8.0,22.0,-7.0
3.6048,122.0,-96.0,7.0,0.0,0.0,0.0,0.0,0.0,0.0,0.0,0.0,0.0,7.0,-8.0,6.0,-3.0,5.0,2.0,4.0,6.0,4.0,12.0,4.0,17.0,5.0,20.0,6.0,24.0,7.0,26.0,8.0,27.0,10.0,27.0,10.0,26.0,11.0,24.0,10.0,22.0,9.0,18.0,6.0,14.0,3.0,11.0,-1.0,7.0,-6.0,4.0,-10.0,0.0,-15.0,-2.0,-20.0,-4.0,-24.0,-4.0,-28.0,-4.0,-30.0,-3.0,-31.0,-3.0
3.6209,122.0,-96.0,7.0,0.0,0.0,0.0,0.0,0.0,0.0,0.0,0.0,0.0,-12.0,-5.0,-7.0,-5.0,-1.0,-6.0,4.0,-8.0,9.0,-10.0,14.0,-13.0,18.0,-16.0,21.0,-19.0,22.0,-21.0,23.0,-23.0,23.0,-25.0,21.0,-25.0,19.0,-24.0,17.0,-23.0,14.0,-20.0,12.0,-16.0,10.0,-11.0,8.0,-5.0,7.0,1.0,5.0,7.0,5.0,14.0,5.0,19.0,7.0,24.0,9.0,28.0,10.0,30.0,12.0,32.0
3.6361,122.0,-96.0,7.0,0.0,0.0,0.0,0.0,0.0,0.0,0.0,0.0,0.0,-7.0,21.0,-7.0,23.0,-7.0,24.0,-6.0,23.0,-6.0,22.0,-5.0,21.0,-4.0,18.0,-4.0,14.0,-4.0,10.0,-5.0,6.0,-6.0,0.0,-7.0,-4.0,-9.0,-9.0,-11.0,-13.0,-13.0,-16.0,-14.0,-19.0,-16.0,-21.0,-17.0,-22.0,-19.0,-22.0,-19.0,-21.0,-18.0,-20.0,-17.0,-18.0,-15.0,-15.0,-12.0,-12.0,-8.0,-10.0,-4.0,-7.0
3.6499,122.0,-96.0,7.0,0.0,0.0,0.0,0.0,0.0,0.0,0.0,0.0,0.0,18.0,-15.0,18.0,-17.0,18.0,-17.0,18.0,-18.0,16.0,-17.0,15.0,-16.0,13.0,-15.0,11.0,-12.0,9.0,-8.0,7.0,-4.0,5.0,1.0,3.0,5.0,2.0,10.0,1.0,15.0,1.0,19.0,1.0,22.0,2.0,24.0,2.0,26.0,3.0,27.0,4.0,27.0,4.0,26.0,5.0,24.0,4.0,21.0,3.0,17.0,1.0,13.0,0.0,9.0
3.6636,122.0,-96.0,7.0,0.0,0.0,0.0,0.0,0.0,0.0,0.0,0.0,0.0,-1.0,12.0,-1.0,12.0,-1.0,12.0,-1.0,13.0,-1.0,13.0,0.0,13.0,0.0,13.0,0.0,13.0,0.0,13.0,0.0,14.0,0.0,14.0,-1.0,14.0,0.0,14.0,0.0,14.0,0.0,14.0,0.0,14.0,1.0,14.0,0.0,14.0,0.0,15.0,0.0,15.0,1.0,15.0,1.0,15.0,1.0,15.0,1.0,15.0,1.0,15.0,1.0,15.0
3.6779,122.0,-96.0,7.0,0.0,0.0,0.0,0.0,0.0,0.0,0.0,0.0,0.0,-15.0,17.0,-16.0,19.0,-16.0,19.0,-15.0,19.0,-14.0,19.0,-13.0,17.0,-12.0,15.0,-10.0,12.0,-8.0,8.0,-7.0,3.0,-5.0,-1.0,-5.0,-7.0,-5.0,-12.0,-5.0,-16.0,-5.0,-20.0,-5.0,-23.0,-6.0,-26.0,-7.0,-27.0,-8.0,-28.0,-8.0,-27.0,-8.0,-26.0,-8.0,-23.0,-7.0,-20.0,-6.0,-16.0,-3.0,-12.0,0.0,-8.0
3.6923,122.0,-96.0,7.0,0.0,0.0,0.0,0.0,0.0,0.0,0.0,0.0,0.0,22.0,-1.0,24.0,-1.0,25.0,-2.0,24.0,-3.0,23.0,-3.0,21.0,-3.0,19.0,-3.0,15.0,-2.0,11.0,-1.0,7.0,1.0,3.0,4.0,-1.0,6.0,-5.0,10.0,-8.0,13.0,-11.0,15.0,-13.0,18.0,-14.0,21.0,-15.0,23.0,-14.0,24.0,-14.0,24.0,-13.0,23.0,-11.0,21.0,-9.0,20.0,-8.0,15.0,-7.0,11.0,-6.0,7.0
3.7069,122.0,-96.0,7.0,0.0,0.0,0.0,0.0,0.0,0.0,0.0,0.0,0.0,-12.0,6.0,-8.0,2.0,-5.0,-3.0,-4.0,-8.0,-2.0,-14.0,-1.0,-20.0,-1.0,-24.0,-2.0,-28.0,-2.0,-31.0,-3.0,-33.0,-4.0,-34.0,-5.0,-33.0,-5.0,-31.0,-7.0,-29.0,-6.0,-25.0,-4.0,-21.0,-3.0,-16.0,0.0,-11.0,4.0,-6.0,8.0,-1.0,13.0,3.0,18.0,6.0,22.0,9.0,26.0,11.0,29.0,11.0,32.0,11.0
3.7218,122.0,-96.0,7.0,0.0,0.0,0.0,0.0,0.0,0.0,0.0,0.0,0.0,25.0,-1.0,27.0,-2.0,28.0,-3.0,27.0,-3.0,26.0,-3.0,23.0,-3.0,20.0,-3.0,16.0,-2.0,12.0,-1.0,7.0,2.0,3.0,4.0,-2.0,8.0,-6.0,12.0,-10.0,15.0,-12.0,18.0,-15.0,21.0,-16.0,23.0,-16.0,25.0,-16.0,26.0,-15.0,26.0,-14.0,25.0,-12.0,23.0,-10.0,20.0,-8.0,16.0,-7.0,11.0,-6.0,6.0
3.7373,122.0,-96.0,7.0,0.0,0.0,0.0,0.0,0.0,0.0,0.0,0.0,0.0,-21.0,-16.0,-19.0,-14.0,-17.0,-12.0,-13.0,-10.0,-9.0,-9.0,-4.0,-7.0,1.0,-6.0,6.0,-5.0,11.0,-6.0,16.0,-6.0,20.0,-6.0,23.0,-7.0,26.0,-8.0,27.0,-10.0,28.0,-11.0,27.0,-12.0,25.0,-12.0,23.0,-11.0,19.0,-10.0,16.0,-8.0,12.0,-5.0,8.0,-1.0,4.0,4.0,0.0,8.0,-3.0,12.0,-4.0,18.0
3.7507,122.0,-96.0,7.0,0.0,0.0,0.0,0.0,0.0,0.0,0.0,0.0,0.0,-9.0,9.0,-7.0,4.0,-6.0,-2.0,-6.0,-8.0,-6.0,-13.0,-8.0,-19.0,-9.0,-23.0,-11.0,-26.0,-13.0,-29.0,-14.0,-30.0,-15.0,-31.0,-16.0,-29.0,-16.0,-28.0,-16.0,-25.0,-14.0,-21.0,-11.0,-17.0,-7.0,-13.0,-2.0,-10.0,4.0,-6.0,8.0,-3.0,15.0,-2.0,20.0,0.0,25.0,1.0,29.0,0.0,32.0,0.0,34.0,-1.0
3.764,122.0,-96.0,7.0,0.0,0.0,0.0,0.0,0.0,0.0,0.0,0.0,0.0,18.0,-14.0,16.0,-13.0,14.0,-11.0,11.0,-9.0,8.0,-6.0,6.0,-2.0,4.0,3.0,2.0,7.0,1.0,12.0,0.0,16.0,-1.0,19.0,0.0,22.0,0.0,25.0,2.0,26.0,2.0,27.0,3.0,26.0,4.0,24.0,3.0,22.0,3.0,18.0,2.0,14.0,0.0,10.0,-3.0,6.0,-6.0,1.0,-9.0,-3.0,-13.0,-6.0,-17.0,-8.0
3.7789,122.0,-96.0,7.0,0.0,0.0,0.0,0.0,0.0,0.0,0.0,0.0,0.0,11.0,7.0,15.0,11.0,18.0,14.0,21.0,16.0,23.0,18.0,26.0,19.0,27.0,18.0,27.0,17.0,26.0,15.0,23.0,13.0,19.0,12.0,15.0,10.0,10.0,8.0,4.0,7.0,-3.0,6.0,-8.0,6.0,-15.0,6.0,-21.0,7.0,-26.0,9.0,-29.0,11.0,-32.0,13.0,-33.0,14.0,-33.0,15.0,-31.0,15.0,-29.0,15.0,-26.0,14.0
3.7933,122.0,-96.0,7.0,0.0,0.0,0.0,0.0,0.0,0.0,0.0,0.0,0.0,14.0,0.0,14.0,0.0,14.0,0.0,14.0,0.0,14.0,0.0,15.0,0.0,15.0,0.0,16.0,0.0,15.0,0.0,15.0,0.0,16.0,0.0,16.0,0.0,16.0,0.0,16.0,0.0,16.0,0.0,16.0,0.0,16.0,0.0,17.0,0.0,17.0,0.0,17.0,0.0,17.0,-1.0,17.0,-1.0,17.0,-1.0,18.0,-1.0,17.0,-1.0,18.0,-1.0
3.8065,122.0,-96.0,7.0,0.0,0.0,0.0,0.0,0.0,0.0,0.0,0.0,0.0,22.0,-1.0,20.0,-1.0,18.0,-2.0,14.0,-1.0,10.0,0.0,6.0,2.0,2.0,4.0,-2.0,7.0,-6.0,10.0,-9.0,13.0,-12.0,15.0,-13.0,18.0,-14.0,20.0,-15.0,22.0,-14.0,23.0,-13.0,23.0,-12.0,22.0,-11.0,20.0,-9.0,17.0,-8.0,14.0,-7.0,9.0,-6.0,5.0,-6.0,-1.0,-6.0,-6.0,-6.0,-11.0,-9.0,-15.0
3.8205,122.0,-96.0,7.0,0.0,0.0,0.0,0.0,0.0,0.0,0.0,0.0,0.0,-11.0,-2.0,-14.0,-4.0,-18.0,-5.0,-21.0,-6.0,-24.0,-6.0,-25.0,-6.0,-26.0,-5.0,-26.0,-4.0,-25.0,-4.0,-23.0,-3.0,-19.0,-3.0,-16.0,-3.0,-12.0,-3.0,-7.0,-4.0,-2.0,-5.0,2.0,-8.0,7.0,-10.0,10.0,-12.0,14.0,-15.0,15.0,-18.0,17.0,-20.0,18.0,-21.0,17.0,-23.0,16.0,-22.0,15.0,-22.0,13.0,-20.0
3.8544,122.0,-96.0,7.0,0.0,0.0,0.0,0.0,0.0,0.0,0.0,0.0,0.0,22.0,5.0,20.0,4.0,17.0,4.0,13.0,3.0,10.0,3.0,5.0,4.0,0.0,5.0,-4.0,6.0,-8.0,8.0,-12.0,10.0,-15.0,12.0,-18.0,14.0,-19.0,16.0,-20.0,17.0,-20.0,18.0,-19.0,19.0,-18.0,18.0,-16.0,17.0,-14.0,14.0,-11.0,11.0,-9.0,7.0,-8.0,3.0,-6.0,-2.0,-5.0,-7.0,-3.0,-12.0,-4.0,-17.0
3.8763,122.0,-96.0,7.0,0.0,0.0,0.0,0.0,0.0,0.0,0.0,0.0,0.0,7.0,-11.0,6.0,-12.0,6.0,-11.0,7.0,-12.0,7.0,-11.0,7.0,-12.0,7.0,-12.0,7.0,-13.0,7.0,-12.0,7.0,-13.0,7.0,-13.0,7.0,-13.0,7.0,-13.0,7.0,-13.0,7.0,-14.0,7.0,-14.0,7.0,-13.0,7.0,-14.0,7.0,-14.0,7.0,-13.0,7.0,-14.0,7.0,-14.0,7.0,-15.0,6.0,-15.0,7.0,-15.0,7.0,-15.0
3.8833,122.0,-96.0,7.0,0.0,0.0,0.0,0.0,0.0,0.0,0.0,0.0,0.0,5.0,10.0,5.0,9.0,5.0,10.0,5.0,10.0,5.0,10.0,5.0,10.0,6.0,10.0,6.0,11.0,6.0,10.0,6.0,11.0,6.0,11.0,6.0,11.0,6.0,11.0,6.0,11.0,6.0,11.0,6.0,11.0,7.0,11.0,6.0,11.0,7.0,11.0,7.0,11.0,7.0,11.0,7.0,11.0,7.0,11.0,7.0,12.0,7.0,11.0,7.0,11.0
3.894,122.0,-96.0,7.0,0.0,0.0,0.0,0.0,0.0,0.0,0.0,0.0,0.0,7.0,8.0,10.0,12.0,12.0,15.0,14.0,18.0,16.0,20.0,18.0,21.0,19.0,21.0,20.0,21.0,20.0,19.0,18.0,17.0,15.0,15.0,12.0,12.0,9.0,10.0,4.0,8.0,-1.0,5.0,-7.0,4.0,-12.0,3.0,-17.0,2.0,-22.0,3.0,-26.0,3.0,-29.0,4.0,-31.0,5.0,-31.0,6.0,-31.0,7.0,-29.0,8.0,-27.0,8.0
3.9075,122.0,-96.0,7.0,0.0,0.0,0.0,0.0,0.0,0.0,0.0,0.0,0.0,7.0,-25.0,6.0,-23.0,5.0,-20.0,4.0,-16.0,4.0,-12.0,4.0,-7.0,5.0,-2.0,7.0,4.0,8.0,9.0,11.0,13.0,13.0,16.0,15.0,19.0,17.0,21.0,20.0,21.0,21.0,21.0,21.0,21.0,20.0,19.0,19.0,17.0,16.0,14.0,12.0,12.0,8.0,9.0,3.0,7.0,-3.0,6.0,-8.0,4.0,-13.0,3.0,-19.0,3.0
3.922,122.0,-96.0,7.0,0.0,0.0,0.0,0.0,0.0,0.0,0.0,0.0,0.0,9.0,-4.0,13.0,-4.0,17.0,-5.0,20.0,-5.0,23.0,-6.0,24.0,-7.0,25.0,-8.0,24.0,-9.0,23.0,-9.0,20.0,-8.0,17.0,-7.0,14.0,-5.0,11.0,-3.0,7.0,0.0,3.0,3.0,0.0,7.0,-2.0,11.0,-5.0,15.0,-6.0,19.0,-7.0,22.0,-8.0,25.0,-8.0,26.0,-7.0,27.0,-6.0,27.0,-5.0,26.0,-4.0,24.0
3.9349,122.0,-96.0,7.0,0.0,0.0,0.0,0.0,0.0,0.0,0.0,0.0,0.0,1.0,12.0,-2.0,7.0,-5.0,3.0,-9.0,-1.0,-14.0,-4.0,-19.0,-7.0,-23.0,-9.0,-27.0,-10.0,-31.0,-10.0,-32.0,-10.0,-33.0,-9.0,-32.0,-8.0,-31.0,-7.0,-29.0,-5.0,-25.0,-4.0,-20.0,-4.0,-15.0,-4.0,-9.0,-5.0,-3.0,-7.0,3.0,-10.0,9.0,-13.0,13.0,-16.0,17.0,-20.0,20.0,-23.0,21.0,-25.0,22.0,-27.0
3.9478,122.0,-96.0,7.0,0.0,0.0,0.0,0.0,0.0,0.0,0.0,0.0,0.0,6.0,-15.0,6.0,-16.0,6.0,-17.0,5.0,-16.0,6.0,-17.0,6.0,-18.0,7.0,-18.0,5.0,-19.0,5.0,-19.0,6.0,-18.0,6.0,-18.0,7.0,-18.0,6.0,-18.0,5.0,-18.0,5.0,-19.0,6.0,-19.0,5.0,-19.0,5.0,-20.0,5.0,-19.0,5.0,-20.0,6.0,-19.0,5.0,-20.0,5.0,-20.0,5.0,-20.0,5.0,-20.0,5.0,-21.0
3.9607,122.0,-96.0,7.0,0.0,0.0,0.0,0.0,0.0,0.0,0.0,0.0,0.0,16.0,15.0,15.0,14.0,13.0,12.0,10.0,9.0,6.0,8.0,2.0,6.0,-3.0,4.0,-8.0,3.0,-13.0,3.0,-17.0,2.0,-20.0,3.0,-23.0,3.0,-26.0,4.0,-27.0,6.0,-27.0,6.0,-26.0,7.0,-25.0,7.0,-22.0,6.0,-19.0,6.0,-15.0,4.0,-11.0,1.0,-7.0,-2.0,-3.0,-6.0,0.0,-9.0,4.0,-13.0,5.0,-18.0
3.9742,122.0,-96.0,7.0,0.0,0.0,0.0,0.0,0.0,0.0,0.0,0.0,0.0,-2.0,11.0,-3.0,16.0,-4.0,19.0,-5.0,23.0,-5.0,25.0,-5.0,28.0,-4.0,28.0,-3.0,28.0,-2.0,27.0,-2.0,24.0,-2.0,20.0,-3.0,16.0,-3.0,11.0,-5.0,6.0,-6.0,1.0,-9.0,-4.0,-12.0,-9.0,-15.0,-13.0,-18.0,-16.0,-21.0,-18.0,-24.0,-19.0,-25.0,-20.0,-26.0,-20.0,-25.0,-18.0,-25.0,-16.0,-22.0,-14.0
3.9897,122.0,-96.0,7.0,0.0,0.0,0.0,0.0,0.0,0.0,0.0,0.0,0.0,-5.0,12.0,-5.0,13.0,-6.0,13.0,-6.0,13.0,-5.0,14.0,-6.0,14.0,-6.0,14.0,-5.0,15.0,-6.0,15.0,-5.0,15.0,-5.0,15.0,-6.0,15.0,-6.0,15.0,-5.0,16.0,-6.0,16.0,-5.0,16.0,-5.0,16.0,-5.0,16.0,-5.0,16.0,-5.0,16.0,-5.0,16.0,-5.0,17.0,-4.0,17.0,-4.0,17.0,-4.0,17.0,-4.0,17.0
3.995,28.0,-64.0,1.0,0.0,0.0,0.0,0.0,0.0,0.0,0.0,0.0,0.0,-10.0,1.0,-9.0,1.0,-8.0,12.0,-6.0,9.0,-10.0,6.0,-18.0,14.0,-11.0,14.0,-11.0,11.0,-13.0,9.0,-15.0,8.0,-14.0,11.0,-14.0,11.0,-13.0,14.0,-23.0,16.0,-13.0,18.0,-13.0,11.0,-15.0,14.0,-15.0,14.0,-23.0,15.0,-22.0,17.0,-23.0,15.0,-20.0,18.0,-21.0,14.0,-26.0,7.0,-30.0,8.0,-20.0,10.0
4.0083,122.0,-96.0,7.0,0.0,0.0,0.0,0.0,0.0,0.0,0.0,0.0,0.0,14.0,-21.0,13.0,-19.0,11.0,-17.0,9.0,-13.0,7.0,-9.0,6.0,-4.0,5.0,2.0,5.0,7.0,5.0,12.0,6.0,17.0,7.0,20.0,8.0,23.0,9.0,26.0,11.0,27.0,12.0,27.0,13.0,26.0,12.0,24.0,11.0,21.0,9.0,18.0,7.0,14.0,3.0,10.0,-1.0,7.0,-6.0,3.0,-11.0,0.0,-15.0,-2.0,-20.0,-3.0
4.0205,122.0,-96.0,7.0,0.0,0.0,0.0,0.0,0.0,0.0,0.0,0.0,0.0,-4.0,-11.0,-5.0,-15.0,-6.0,-18.0,-6.0,-21.0,-7.0,-23.0,-9.0,-25.0,-10.0,-25.0,-10.0,-25.0,-10.0,-23.0,-9.0,-21.0,-8.0,-18.0,-6.0,-15.0,-3.0,-11.0,0.0,-7.0,4.0,-4.0,8.0,-1.0,12.0,2.0,16.0,4.0,21.0,5.0,23.0,5.0,26.0,6.0,27.0,5.0,27.0,4.0,27.0,3.0,25.0,2.0,22.0,1.0
4.0339,122.0,-96.0,7.0,0.0,0.0,0.0,0.0,0.0,0.0,0.0,0.0,0.0,-19.0,-18.0,-21.0,-18.0,-22.0,-18.0,-22.0,-18.0,-22.0,-16.0,-20.0,-15.0,-17.0,-13.0,-14.0,-11.0,-10.0,-9.0,-4.0,-8.0,1.0,-6.0,6.0,-6.0,12.0,-6.0,17.0,-5.0,21.0,-6.0,24.0,-7.0,27.0,-8.0,29.0,-9.0,29.0,-10.0,28.0,-10.0,27.0,-10.0,24.0,-10.0,21.0,-9.0,16.0,-7.0,12.0,-4.0,8.0,-1.0
4.0482,122.0,-96.0,7.0,0.0,0.0,0.0,0.0,0.0,0.0,0.0,0.0,0.0,16.0,-16.0,15.0,-14.0,13.0,-13.0,11.0,-10.0,8.0,-7.0,6.0,-3.0,4.0,2.0,3.0,6.0,2.0,11.0,2.0,15.0,1.0,18.0,1.0,22.0,3.0,24.0,4.0,26.0,5.0,26.0,5.0,26.0,6.0,24.0,5.0,22.0,5.0,19.0,3.0,15.0,1.0,11.0,-2.0,7.0,-5.0,3.0,-8.0,-1.0,-12.0,-5.0,-16.0,-7.0
4.0632,122.0,-96.0,7.0,0.0,0.0,0.0,0.0,0.0,0.0,0.0,0.0,0.0,-15.0,-18.0,-17.0,-19.0,-18.0,-19.0,-18.0,-18.0,-18.0,-17.0,-16.0,-16.0,-14.0,-14.0,-12.0,-12.0,-8.0,-10.0,-4.0,-8.0,1.0,-6.0,6.0,-4.0,10.0,-4.0,15.0,-3.0,19.0,-3.0,22.0,-3.0,24.0,-3.0,26.0,-3.0,27.0,-4.0,27.0,-5.0,26.0,-5.0,24.0,-6.0,21.0,-5.0,16.0,-4.0,12.0,-2.0,8.0,0.0
4.0777,122.0,-96.0,7.0,0.0,0.0,0.0,0.0,0.0,0.0,0.0,0.0,0.0,-12.0,-2.0,-12.0,-2.0,-12.0,-2.0,-12.0,-2.0,-13.0,-2.0,-13.0,-2.0,-13.0,-3.0,-13.0,-2.0,-13.0,-2.0,-13.0,-2.0,-13.0,-2.0,-13.0,-2.0,-13.0,-2.0,-14.0,-2.0,-13.0,-2.0,-14.0,-2.0,-14.0,-2.0,-14.0,-2.0,-14.0,-2.0,-14.0,-2.0,-14.0,-1.0,-15.0,-1.0,-14.0,-1.0,-14.0,-1.0,-15.0,-1.0,-15.0,-1.0
4.0905,122.0,-96.0,7.0,0.0,0.0,0.0,0.0,0.0,0.0,0.0,0.0,0.0,10.0,11.0,4.0,8.0,-2.0,6.0,-9.0,5.0,-16.0,4.0,-22.0,4.0,-28.0,5.0,-32.0,6.0,-36.0,8.0,-38.0,10.0,-38.0,12.0,-37.0,13.0,-35.0,13.0,-32.0,14.0,-28.0,12.0,-23.0,9.0,-18.0,6.0,-13.0,1.0,-8.0,-4.0,-3.0,-10.0,0.0,-17.0,3.0,-23.0,5.0,-29.0,5.0,-34.0,5.0,-38.0,4.0,-41.0
4.1045,122.0,-96.0,7.0,0.0,0.0,0.0,0.0,0.0,0.0,0.0,0.0,0.0,-7.0,12.0,-6.0,13.0,-6.0,13.0,-6.0,13.0,-6.0,13.0,-7.0,15.0,-7.0,14.0,-6.0,15.0,-7.0,15.0,-6.0,15.0,-6.0,15.0,-6.0,15.0,-6.0,15.0,-7.0,15.0,-6.0,16.0,-7.0,16.0,-6.0,16.0,-6.0,16.0,-6.0,16.0,-6.0,16.0,-6.0,16.0,-5.0,16.0,-5.0,16.0,-5.0,17.0,-5.0,17.0,-5.0,17.0
4.1177,122.0,-96.0,7.0,0.0,0.0,0.0,0.0,0.0,0.0,0.0,0.0,0.0,-2.0,-12.0,-1.0,-17.0,0.0,-21.0,0.0,-24.0,-1.0,-27.0,-2.0,-29.0,-3.0,-30.0,-4.0,-30.0,-4.0,-28.0,-4.0,-26.0,-3.0,-22.0,-2.0,-18.0,-1.0,-14.0,1.0,-10.0,3.0,-5.0,7.0,-1.0,11.0,4.0,15.0,7.0,19.0,10.0,22.0,12.0,25.0,13.0,27.0,13.0,28.0,12.0,28.0,11.0,28.0,10.0,26.0,8.0
4.1317,122.0,-96.0,7.0,0.0,0.0,0.0,0.0,0.0,0.0,0.0,0.0,0.0,0.0,11.0,0.0,11.0,1.0,11.0,0.0,11.0,0.0,12.0,0.0,12.0,1.0,12.0,0.0,12.0,0.0,12.0,1.0,12.0,1.0,12.0,0.0,13.0,1.0,13.0,1.0,12.0,1.0,13.0,1.0,12.0,1.0,14.0,1.0,13.0,1.0,13.0,2.0,14.0,1.0,13.0,2.0,13.0,2.0,13.0,2.0,14.0,2.0,13.0,2.0,14.0
4.1464,122.0,-96.0,7.0,0.0,0.0,0.0,0.0,0.0,0.0,0.0,0.0,0.0,1.0,-29.0,1.0,-27.0,1.0,-24.0,1.0,-19.0,1.0,-14.0,3.0,-9.0,5.0,-4.0,8.0,2.0,11.0,6.0,15.0,11.0,18.0,14.0,21.0,17.0,24.0,19.0,27.0,19.0,28.0,19.0,28.0,18.0,27.0,16.0,25.0,14.0,22.0,12.0,18.0,10.0,13.0,9.0,7.0,7.0,0.0,7.0,-6.0,6.0,-12.0,6.0,-18.0,8.0
4.1599,122.0,-96.0,7.0,0.0,0.0,0.0,0.0,0.0,0.0,0.0,0.0,0.0,-8.0,-10.0,-10.0,-14.0,-13.0,-17.0,-14.0,-20.0,-16.0,-22.0,-18.0,-23.0,-19.0,-23.0,-20.0,-22.0,-19.0,-21.0,-18.0,-19.0,-15.0,-17.0,-11.0,-14.0,-8.0,-11.0,-3.0,-8.0,2.0,-6.0,7.0,-5.0,12.0,-4.0,18.0,-3.0,22.0,-3.0,26.0,-4.0,29.0,-5.0,30.0,-6.0,31.0,-7.0,29.0,-7.0,28.0,-8.0,25.0,-8.0
4.1709,122.0,-96.0,7.0,0.0,0.0,0.0,0.0,0.0,0.0,0.0,0.0,0.0,5.0,18.0,6.0,19.0,6.0,18.0,6.0,19.0,6.0,19.0,6.0,20.0,6.0,19.0,7.0,20.0,6.0,20.0,7.0,20.0,7.0,20.0,6.0,20.0,7.0,20.0,7.0,20.0,7.0,21.0,7.0,19.0,7.0,21.0,7.0,20.0,7.0,21.0,8.0,21.0,8.0,21.0,7.0,21.0,8.0,21.0,8.0,21.0,8.0,20.0,8.0,21.0
4.1858,122.0,-96.0,7.0,0.0,0.0,0.0,0.0,0.0,0.0,0.0,0.0,0.0,-10.0,-15.0,-10.0,-16.0,-10.0,-15.0,-10.0,-16.0,-10.0,-15.0,-11.0,-16.0,-11.0,-16.0,-11.0,-16.0,-11.0,-16.0,-11.0,-16.0,-11.0,-16.0,-11.0,-17.0,-11.0,-17.0,-12.0,-17.0,-12.0,-17.0,-12.0,-16.0,-12.0,-17.0,-12.0,-17.0,-12.0,-17.0,-12.0,-17.0,-12.0,-17.0,-12.0,-17.0,-12.0,-17.0,-12.0,-17.0,-12.0,-17.0,-13.0,-17.0
4.1987,122.0,-96.0,7.0,0.0,0.0,0.0,0.0,0.0,0.0,0.0,0.0,0.0,14.0,-18.0,15.0,-20.0,15.0,-20.0,15.0,-21.0,13.0,-20.0,12.0,-19.0,11.0,-16.0,9.0,-13.0,7.0,-10.0,6.0,-5.0,5.0,0.0,5.0,5.0,4.0,9.0,4.0,14.0,5.0,18.0,6.0,21.0,7.0,24.0,7.0,25.0,9.0,26.0,9.0,26.0,9.0,25.0,9.0,22.0,8.0,19.0,7.0,15.0,4.0,12.0,2.0,8.0
4.2134,122.0,-96.0,7.0,0.0,0.0,0.0,0.0,0.0,0.0,0.0,0.0,0.0,10.0,3.0,13.0,6.0,16.0,7.0,19.0,9.0,21.0,9.0,23.0,9.0,24.0,9.0,24.0,8.0,24.0,7.0,21.0,6.0,18.0,6.0,15.0,5.0,10.0,4.0,6.0,5.0,1.0,5.0,-3.0,6.0,-8.0,7.0,-13.0,9.0,-16.0,11.0,-19.0,14.0,-21.0,16.0,-22.0,17.0,-22.0,18.0,-21.0,19.0,-20.0,19.0,-18.0,17.0
4.2282,122.0,-96.0,7.0,0.0,0.0,0.0,0.0,0.0,0.0,0.0,0.0,0.0,10.0,-7.0,10.0,-7.0,11.0,-7.0,11.0,-8.0,11.0,-8.0,11.0,-8.0,11.0,-8.0,11.0,-8.0,11.0,-8.0,11.0,-9.0,12.0,-8.0,12.0,-9.0,12.0,-9.0,12.0,-9.0,12.0,-9.0,12.0,-10.0,12.0,-10.0,12.0,-10.0,11.0,-10.0,11.0,-10.0,12.0,-10.0,12.0,-10.0,12.0,-11.0,12.0,-11.0,12.0,-11.0,11.0,-11.0
4.242,122.0,-96.0,7.0,0.0,0.0,0.0,0.0,0.0,0.0,0.0,0.0,0.0,25.0,-6.0,22.0,-6.0,19.0,-5.0,16.0,-4.0,12.0,-2.0,8.0,1.0,4.0,4.0,0.0,7.0,-4.0,12.0,-6.0,15.0,-9.0,19.0,-10.0,22.0,-11.0,25.0,-11.0,27.0,-10.0,28.0,-9.0,28.0,-8.0,27.0,-7.0,25.0,-6.0,22.0,-6.0,18.0,-5.0,13.0,-5.0,8.0,-6.0,2.0,-7.0,-4.0,-9.0,-9.0,-11.0,-14.0
4.2464,-120.0,-126.0,40.0,0.0,0.0,0.0,0.0,0.0,0.0,0.0,0.0,0.0,-16.0,-8.0,-13.0,-5.0,-12.0,0.0,-11.0,6.0,-12.0,10.0,-16.0,14.0,-15.0,22.0,-11.0,26.0,-14.0,27.0,-10.0,27.0,-10.0,27.0,-9.0,26.0,-6.0,24.0,-3.0,22.0,-1.0,18.0,2.0,15.0,2.0,8.0,5.0,2.0,7.0,-6.0,6.0,-12.0,9.0,-18.0,10.0,-25.0,11.0,-31.0,12.0,-35.0,9.0,-39.0,11.0,-40.0
4.2838,122.0,-96.0,7.0,0.0,0.0,0.0,0.0,0.0,0.0,0.0,0.0,0.0,2.0,-12.0,4.0,-16.0,5.0,-20.0,6.0,-23.0,7.0,-26.0,6.0,-28.0,6.0,-29.0,5.0,-29.0,4.0,-28.0,3.0,-25.0,3.0,-21.0,3.0,-17.0,3.0,-13.0,4.0,-7.0,5.0,-2.0,8.0,3.0,10.0,8.0,12.0,12.0,16.0,16.0,18.0,18.0,21.0,20.0,22.0,20.0,24.0,20.0,24.0,18.0,24.0,17.0,21.0,14.0
4.2932,122.0,-96.0,7.0,0.0,0.0,0.0,0.0,0.0,0.0,0.0,0.0,0.0,-11.0,-2.0,-10.0,-1.0,-12.0,-1.0,-11.0,-1.0,-12.0,-1.0,-13.0,-1.0,-12.0,-1.0,-12.0,-1.0,-12.0,-1.0,-13.0,-1.0,-12.0,-1.0,-12.0,-2.0,-13.0,-1.0,-12.0,-1.0,-13.0,-1.0,-13.0,-1.0,-12.0,-1.0,-13.0,-1.0,-13.0,-1.0,-13.0,0.0,-13.0,0.0,-13.0,0.0,-13.0,-1.0,-13.0,-1.0,-13.0,-1.0,-13.0,0.0
4.3018,122.0,-96.0,7.0,0.0,0.0,0.0,0.0,0.0,0.0,0.0,0.0,0.0,21.0,-7.0,19.0,-6.0,17.0,-5.0,13.0,-4.0,10.0,-2.0,6.0,1.0,2.0,4.0,-1.0,8.0,-4.0,12.0,-6.0,15.0,-7.0,18.0,-8.0,21.0,-8.0,23.0,-8.0,25.0,-7.0,26.0,-6.0,25.0,-5.0,24.0,-4.0,22.0,-4.0,18.0,-4.0,14.0,-4.0,9.0,-5.0,4.0,-7.0,-1.0,-8.0,-5.0,-10.0,-10.0,-13.0,-14.0
4.3178,122.0,-96.0,7.0,0.0,0.0,0.0,0.0,0.0,0.0,0.0,0.0,0.0,-7.0,-10.0,-7.0,-10.0,-7.0,-10.0,-7.0,-10.0,-7.0,-10.0,-8.0,-11.0,-8.0,-11.0,-8.0,-11.0,-8.0,-11.0,-8.0,-11.0,-9.0,-11.0,-8.0,-11.0,-9.0,-11.0,-9.0,-11.0,-9.0,-11.0,-9.0,-11.0,-9.0,-11.0,-9.0,-11.0,-9.0,-11.0,-10.0,-11.0,-9.0,-11.0,-9.0,-11.0,-10.0,-11.0,-10.0,-11.0,-10.0,-11.0,-10.0,-11.0
4.3328,122.0,-96.0,7.0,0.0,0.0,0.0,0.0,0.0,0.0,0.0,0.0,0.0,-6.0,10.0,-6.0,9.0,-5.0,10.0,-6.0,10.0,-6.0,10.0,-6.0,11.0,-7.0,11.0,-6.0,11.0,-6.0,11.0,-7.0,11.0,-7.0,11.0,-6.0,11.0,-7.0,11.0,-6.0,11.0,-6.0,12.0,-6.0,11.0,-6.0,11.0,-6.0,12.0,-6.0,12.0,-7.0,12.0,-7.0,12.0,-6.0,12.0,-6.0,12.0,-6.0,12.0,-6.0,13.0,-6.0,13.0
4.3478,122.0,-96.0,7.0,0.0,0.0,0.0,0.0,0.0,0.0,0.0,0.0,0.0,8.0,21.0,9.0,22.0,9.0,23.0,10.0,22.0,10.0,21.0,9.0,19.0,7.0,16.0,5.0,13.0,3.0,10.0,-1.0,7.0,-5.0,3.0,-9.0,0.0,-13.0,-2.0,-17.0,-4.0,-21.0,-5.0,-23.0,-6.0,-26.0,-7.0,-27.0,-7.0,-28.0,-6.0,-27.0,-5.0,-26.0,-4.0,-23.0,-4.0,-20.0,-3.0,-15.0,-3.0,-10.0,-3.0,-5.0,-4.0
4.3626,122.0,-96.0,7.0,0.0,0.0,0.0,0.0,0.0,0.0,0.0,0.0,0.0,-2.0,-13.0,1.0,-9.0,4.0,-4.0,8.0,-1.0,13.0,3.0,18.0,6.0,22.0,7.0,26.0,9.0,29.0,9.0,31.0,9.0,32.0,9.0,32.0,8.0,30.0,6.0,29.0,5.0,25.0,4.0,20.0,3.0,14.0,3.0,9.0,4.0,3.0,6.0,-3.0,8.0,-9.0,11.0,-13.0,14.0,-18.0,18.0,-21.0,21.0,-23.0,23.0,-23.0,25.0
4.3777,122.0,-96.0,7.0,0.0,0.0,0.0,0.0,0.0,0.0,0.0,0.0,0.0,22.0,-6.0,24.0,-7.0,24.0,-7.0,24.0,-8.0,22.0,-8.0,20.0,-8.0,17.0,-7.0,14.0,-5.0,10.0,-3.0,7.0,0.0,3.0,3.0,0.0,7.0,-3.0,11.0,-5.0,15.0,-7.0,18.0,-8.0,21.0,-9.0,24.0,-9.0,25.0,-9.0,27.0,-8.0,26.0,-7.0,25.0,-6.0,22.0,-5.0,20.0,-4.0,15.0,-4.0,10.0,-4.0,6.0
4.3917,122.0,-96.0,7.0,0.0,0.0,0.0,0.0,0.0,0.0,0.0,0.0,0.0,-12.0,7.0,-13.0,7.0,-13.0,7.0,-13.0,8.0,-13.0,7.0,-13.0,8.0,-13.0,8.0,-13.0,9.0,-14.0,9.0,-13.0,9.0,-14.0,9.0,-14.0,9.0,-14.0,9.0,-14.0,9.0,-13.0,10.0,-14.0,9.0,-14.0,10.0,-14.0,10.0,-14.0,10.0,-14.0,10.0,-14.0,11.0,-14.0,11.0,-13.0,11.0,-14.0,12.0,-13.0,11.0,-14.0,12.0
4.4043,122.0,-96.0,7.0,0.0,0.0,0.0,0.0,0.0,0.0,0.0,0.0,0.0,10.0,4.0,5.0,4.0,0.0,5.0,-5.0,6.0,-10.0,8.0,-14.0,9.0,-17.0,11.0,-21.0,14.0,-23.0,16.0,-23.0,17.0,-23.0,18.0,-22.0,19.0,-21.0,19.0,-19.0,19.0,-16.0,16.0,-13.0,13.0,-11.0,9.0,-9.0,4.0,-7.0,-1.0,-5.0,-6.0,-5.0,-12.0,-5.0,-17.0,-5.0,-22.0,-7.0,-26.0,-8.0,-28.0,-9.0,-30.0
4.4175,122.0,-96.0,7.0,0.0,0.0,0.0,0.0,0.0,0.0,0.0,0.0,0.0,8.0,-10.0,6.0,-5.0,5.0,1.0,5.0,6.0,5.0,12.0,7.0,18.0,8.0,22.0,10.0,26.0,12.0,28.0,13.0,29.0,14.0,30.0,15.0,28.0,15.0,26.0,15.0,23.0,13.0,20.0,10.0,16.0,6.0,13.0,1.0,9.0,-5.0,6.0,-10.0,3.0,-16.0,1.0,-22.0,0.0,-26.0,-1.0,-30.0,0.0,-33.0,1.0,-35.0,2.0
4.4336,122.0,-96.0,7.0,0.0,0.0,0.0,0.0,0.0,0.0,0.0,0.0,0.0,9.0,-8.0,13.0,-9.0,17.0,-11.0,20.0,-13.0,22.0,-15.0,23.0,-17.0,23.0,-18.0,22.0,-18.0,21.0,-18.0,19.0,-17.0,17.0,-14.0,14.0,-11.0,11.0,-8.0,8.0,-3.0,5.0,1.0,3.0,6.0,2.0,12.0,1.0,16.0,1.0,21.0,1.0,25.0,1.0,28.0,2.0,30.0,3.0,31.0,4.0,30.0,5.0,29.0,5.0,26.0
4.4469,122.0,-96.0,7.0,0.0,0.0,0.0,0.0,0.0,0.0,0.0,0.0,0.0,3.0,11.0,4.0,15.0,5.0,19.0,5.0,22.0,6.0,25.0,8.0,27.0,9.0,27.0,10.0,27.0,10.0,25.0,9.0,22.0,7.0,19.0,4.0,16.0,2.0,12.0,-1.0,8.0,-5.0,4.0,-9.0,0.0,-14.0,-3.0,-18.0,-5.0,-23.0,-7.0,-26.0,-8.0,-29.0,-8.0,-31.0,-7.0,-32.0,-7.0,-31.0,-6.0,-30.0,-5.0,-27.0,-4.0
4.4604,122.0,-96.0,7.0,0.0,0.0,0.0,0.0,0.0,0.0,0.0,0.0,0.0,23.0,10.0,25.0,10.0,25.0,10.0,25.0,9.0,24.0,8.0,22.0,7.0,19.0,6.0,15.0,5.0,11.0,5.0,5.0,5.0,0.0,5.0,-5.0,6.0,-11.0,8.0,-15.0,9.0,-19.0,12.0,-22.0,13.0,-25.0,15.0,-26.0,16.0,-26.0,18.0,-25.0,18.0,-24.0,18.0,-21.0,16.0,-18.0,14.0,-14.0,11.0,-11.0,7.0,-9.0,2.0
4.475,122.0,-96.0,7.0,0.0,0.0,0.0,0.0,0.0,0.0,0.0,0.0,0.0,-13.0,2.0,-13.0,2.0,-14.0,2.0,-14.0,2.0,-14.0,3.0,-14.0,2.0,-14.0,2.0,-14.0,3.0,-15.0,3.0,-15.0,2.0,-15.0,3.0,-15.0,3.0,-15.0,3.0,-15.0,3.0,-15.0,3.0,-15.0,3.0,-15.0,4.0,-15.0,4.0,-15.0,3.0,-15.0,3.0,-15.0,4.0,-16.0,4.0,-15.0,5.0,-16.0,4.0,-16.0,5.0,-16.0,5.0
4.4886,122.0,-96.0,7.0,0.0,0.0,0.0,0.0,0.0,0.0,0.0,0.0,0.0,-11.0,6.0,-8.0,1.0,-5.0,-4.0,-4.0,-10.0,-2.0,-15.0,-2.0,-21.0,-2.0,-25.0,-3.0,-29.0,-4.0,-32.0,-5.0,-33.0,-7.0,-33.0,-7.0,-32.0,-8.0,-30.0,-9.0,-27.0,-7.0,-23.0,-4.0,-18.0,-2.0,-14.0,2.0,-9.0,6.0,-4.0,10.0,0.0,16.0,4.0,21.0,7.0,25.0,8.0,29.0,8.0,32.0,8.0,34.0,8.0
4.5022,122.0,-96.0,7.0,0.0,0.0,0.0,0.0,0.0,0.0,0.0,0.0,0.0,8.0,9.0,9.0,8.0,9.0,9.0,9.0,9.0,9.0,9.0,9.0,9.0,10.0,9.0,10.0,9.0,10.0,9.0,10.0,9.0,10.0,9.0,10.0,10.0,10.0,9.0,10.0,10.0,11.0,9.0,11.0,10.0,11.0,9.0,11.0,9.0,11.0,10.0,11.0,9.0,11.0,10.0,11.0,9.0,12.0,9.0,12.0,9.0,11.0,9.0,12.0,9.0
4.5155,122.0,-96.0,7.0,0.0,0.0,0.0,0.0,0.0,0.0,0.0,0.0,0.0,-11.0,6.0,-8.0,1.0,-6.0,-4.0,-4.0,-10.0,-2.0,-15.0,-2.0,-21.0,-2.0,-25.0,-3.0,-29.0,-4.0,-32.0,-5.0,-33.0,-7.0,-33.0,-8.0,-32.0,-8.0,-30.0,-8.0,-27.0,-7.0,-23.0,-4.0,-19.0,-2.0,-14.0,2.0,-8.0,7.0,-4.0,10.0,1.0,16.0,4.0,20.0,7.0,25.0,8.0,29.0,8.0,32.0,8.0,33.0,8.0
4.5302,122.0,-96.0,7.0,0.0,0.0,0.0,0.0,0.0,0.0,0.0,0.0,0.0,-2.0,23.0,-1.0,24.0,0.0,24.0,0.0,24.0,1.0,23.0,0.0,21.0,0.0,18.0,-1.0,14.0,-2.0,10.0,-4.0,6.0,-6.0,1.0,-8.0,-3.0,-12.0,-7.0,-14.0,-10.0,-17.0,-13.0,-19.0,-15.0,-22.0,-16.0,-23.0,-16.0,-24.0,-16.0,-23.0,-15.0,-22.0,-14.0,-20.0,-12.0,-17.0,-10.0,-13.0,-8.0,-8.0,-7.0,-4.0,-6.0
4.5426,122.0,-96.0,7.0,0.0,0.0,0.0,0.0,0.0,0.0,0.0,0.0,0.0,18.0,17.0,16.0,15.0,15.0,13.0,11.0,11.0,7.0,8.0,2.0,7.0,-2.0,5.0,-8.0,4.0,-13.0,4.0,-18.0,4.0,-21.0,4.0,-25.0,5.0,-28.0,6.0,-29.0,7.0,-30.0,8.0,-29.0,9.0,-27.0,9.0,-24.0,9.0,-21.0,8.0,-17.0,6.0,-13.0,3.0,-9.0,-1.0,-5.0,-5.0,-1.0,-9.0,2.0,-14.0,4.0,-19.0
4.5552,122.0,-96.0,7.0,0.0,0.0,0.0,0.0,0.0,0.0,0.0,0.0,0.0,-12.0,2.0,-8.0,-2.0,-4.0,-5.0,-1.0,-10.0,3.0,-15.0,5.0,-20.0,6.0,-24.0,7.0,-28.0,6.0,-31.0,6.0,-33.0,5.0,-33.0,4.0,-33.0,3.0,-31.0,1.0,-28.0,1.0,-24.0,2.0,-19.0,3.0,-14.0,4.0,-7.0,7.0,-1.0,9.0,4.0,13.0,9.0,17.0,14.0,21.0,16.0,25.0,18.0,27.0,19.0,28.0,19.0
4.5704,122.0,-96.0,7.0,0.0,0.0,0.0,0.0,0.0,0.0,0.0,0.0,0.0,11.0,-2.0,7.0,1.0,3.0,4.0,-1.0,7.0,-4.0,12.0,-6.0,16.0,-8.0,20.0,-9.0,23.0,-9.0,26.0,-9.0,27.0,-8.0,28.0,-7.0,28.0,-5.0,27.0,-4.0,25.0,-4.0,21.0,-3.0,16.0,-4.0,12.0,-5.0,7.0,-7.0,1.0,-9.0,-4.0,-11.0,-9.0,-14.0,-13.0,-17.0,-16.0,-20.0,-18.0,-23.0,-20.0,-24.0,-20.0
4.5838,122.0,-96.0,7.0,0.0,0.0,0.0,0.0,0.0,0.0,0.0,0.0,0.0,-13.0,-2.0,-16.0,-3.0,-21.0,-5.0,-23.0,-5.0,-27.0,-5.0,-28.0,-5.0,-29.0,-4.0,-30.0,-3.0,-28.0,-3.0,-25.0,-2.0,-22.0,-2.0,-17.0,-2.0,-13.0,-3.0,-8.0,-4.0,-3.0,-5.0,2.0,-9.0,7.0,-12.0,11.0,-15.0,14.0,-18.0,16.0,-21.0,18.0,-23.0,19.0,-24.0,18.0,-26.0,16.0,-26.0,15.0,-26.0,13.0,-23.0
4.5988,122.0,-96.0,7.0,0.0,0.0,0.0,0.0,0.0,0.0,0.0,0.0,0.0,-5.0,9.0,-5.0,10.0,-5.0,10.0,-5.0,10.0,-5.0,11.0,-6.0,11.0,-5.0,11.0,-5.0,11.0,-6.0,11.0,-6.0,11.0,-6.0,11.0,-6.0,12.0,-6.0,11.0,-5.0,11.0,-6.0,12.0,-6.0,12.0,-5.0,12.0,-5.0,12.0,-5.0,12.0,-5.0,12.0,-5.0,13.0,-5.0,12.0,-5.0,13.0,-5.0,13.0,-5.0,13.0,-5.0,13.0
4.616,122.0,-96.0,7.0,0.0,0.0,0.0,0.0,0.0,0.0,0.0,0.0,0.0,-20.0,15.0,-18.0,14.0,-16.0,12.0,-13.0,9.0,-10.0,5.0,-8.0,1.0,-6.0,-4.0,-3.0,-9.0,-3.0,-14.0,-2.0,-18.0,-2.0,-22.0,-1.0,-26.0,-2.0,-28.0,-4.0,-30.0,-4.0,-31.0,-5.0,-30.0,-6.0,-28.0,-6.0,-25.0,-5.0,-21.0,-3.0,-17.0,-1.0,-12.0,2.0,-7.0,6.0,-3.0,9.0,2.0,13.0,5.0,18.0,8.0
4.6279,122.0,-96.0,7.0,0.0,0.0,0.0,0.0,0.0,0.0,0.0,0.0,0.0,19.0,-13.0,17.0,-12.0,14.0,-10.0,12.0,-8.0,9.0,-5.0,6.0,-1.0,3.0,3.0,1.0,7.0,0.0,12.0,-1.0,16.0,-2.0,19.0,-2.0,22.0,-2.0,24.0,0.0,26.0,0.0,27.0,1.0,26.0,2.0,24.0,2.0,22.0,1.0,18.0,0.0,15.0,-1.0,10.0,-4.0,5.0,-6.0,1.0,-9.0,-3.0,-12.0,-7.0,-16.0,-10.0
4.642,122.0,-96.0,7.0,0.0,0.0,0.0,0.0,0.0,0.0,0.0,0.0,0.0,-10.0,-6.0,-13.0,-9.0,-16.0,-11.0,-19.0,-13.0,-21.0,-13.0,-23.0,-14.0,-24.0,-14.0,-24.0,-12.0,-23.0,-11.0,-20.0,-10.0,-17.0,-9.0,-13.0,-8.0,-9.0,-7.0,-4.0,-6.0,1.0,-6.0,5.0,-6.0,11.0,-7.0,15.0,-8.0,19.0,-10.0,21.0,-11.0,23.0,-13.0,24.0,-14.0,24.0,-15.0,22.0,-15.0,21.0,-15.0,18.0,-14.0
4.6556,122.0,-96.0,7.0,0.0,0.0,0.0,0.0,0.0,0.0,0.0,0.0,0.0,3.0,-23.0,2.0,-25.0,2.0,-26.0,1.0,-25.0,0.0,-24.0,0.0,-22.0,0.0,-19.0,1.0,-16.0,1.0,-12.0,3.0,-7.0,4.0,-2.0,7.0,2.0,9.0,6.0,11.0,10.0,14.0,13.0,16.0,15.0,18.0,17.0,20.0,18.0,21.0,18.0,21.0,17.0,20.0,16.0,18.0,14.0,16.0,12.0,12.0,9.0,8.0,7.0,4.0,6.0
4.6711,122.0,-96.0,7.0,0.0,0.0,0.0,0.0,0.0,0.0,0.0,0.0,0.0,-2.0,9.0,-2.0,10.0,-1.0,10.0,-2.0,11.0,-1.0,10.0,-1.0,11.0,-1.0,10.0,-1.0,11.0,-1.0,11.0,-1.0,11.0,-1.0,11.0,-1.0,11.0,-1.0,11.0,-1.0,11.0,-1.0,12.0,-1.0,12.0,-1.0,12.0,0.0,12.0,-1.0,13.0,-1.0,12.0,0.0,12.0,-1.0,12.0,0.0,12.0,0.0,12.0,-1.0,12.0,0.0,12.0
4.6872,122.0,-96.0,7.0,0.0,0.0,0.0,0.0,0.0,0.0,0.0,0.0,0.0,-16.0,-25.0,-18.0,-26.0,-19.0,-26.0,-19.0,-26.0,-19.0,-23.0,-18.0,-22.0,-15.0,-19.0,-12.0,-16.0,-8.0,-12.0,-3.0,-9.0,2.0,-6.0,8.0,-4.0,14.0,-2.0,19.0,-1.0,25.0,0.0,28.0,0.0,32.0,0.0,33.0,-1.0,35.0,-2.0,33.0,-3.0,32.0,-3.0,29.0,-3.0,25.0,-3.0,20.0,-2.0,14.0,0.0,9.0,2.0
4.7058,122.0,-96.0,7.0,0.0,0.0,0.0,0.0,0.0,0.0,0.0,0.0,0.0,11.0,0.0,6.0,2.0,2.0,4.0,-2.0,7.0,-6.0,10.0,-9.0,14.0,-12.0,17.0,-14.0,21.0,-15.0,24.0,-15.0,25.0,-14.0,26.0,-13.0,26.0,-11.0,25.0,-9.0,23.0,-8.0,20.0,-7.0,15.0,-6.0,11.0,-6.0,5.0,-7.0,0.0,-8.0,-6.0,-9.0,-11.0,-11.0,-15.0,-14.0,-19.0,-17.0,-22.0,-19.0,-23.0,-20.0,-24.0
4.7133,122.0,-96.0,7.0,0.0,0.0,0.0,0.0,0.0,0.0,0.0,0.0,0.0,-13.0,-20.0,-14.0,-21.0,-15.0,-21.0,-15.0,-21.0,-15.0,-19.0,-14.0,-18.0,-12.0,-15.0,-10.0,-13.0,-7.0,-10.0,-2.0,-8.0,2.0,-5.0,7.0,-3.0,11.0,-2.0,16.0,-1.0,19.0,0.0,22.0,0.0,25.0,0.0,27.0,0.0,27.0,-1.0,27.0,-2.0,26.0,-2.0,23.0,-3.0,20.0,-2.0,16.0,-2.0,11.0,0.0,7.0,1.0
4.7265,122.0,-96.0,7.0,0.0,0.0,0.0,0.0,0.0,0.0,0.0,0.0,0.0,20.0,10.0,22.0,10.0,22.0,10.0,22.0,9.0,21.0,8.0,20.0,8.0,18.0,6.0,14.0,5.0,10.0,5.0,5.0,5.0,1.0,5.0,-4.0,5.0,-9.0,7.0,-13.0,7.0,-17.0,9.0,-20.0,10.0,-22.0,12.0,-23.0,13.0,-24.0,15.0,-23.0,15.0,-22.0,15.0,-20.0,14.0,-17.0,12.0,-15.0,10.0,-11.0,7.0,-9.0,3.0
4.741,122.0,-96.0,7.0,0.0,0.0,0.0,0.0,0.0,0.0,0.0,0.0,0.0,-10.0,6.0,-7.0,2.0,-5.0,-2.0,-4.0,-8.0,-3.0,-13.0,-3.0,-18.0,-4.0,-21.0,-5.0,-25.0,-5.0,-28.0,-7.0,-29.0,-8.0,-29.0,-9.0,-28.0,-9.0,-27.0,-10.0,-25.0,-8.0,-21.0,-6.0,-17.0,-4.0,-13.0,0.0,-9.0,4.0,-5.0,8.0,-1.0,13.0,1.0,17.0,4.0,22.0,5.0,25.0,5.0,28.0,5.0,30.0,5.0
4.7555,122.0,-96.0,7.0,0.0,0.0,0.0,0.0,0.0,0.0,0.0,0.0,0.0,-10.0,-22.0,-11.0,-23.0,-12.0,-23.0,-12.0,-22.0,-12.0,-21.0,-12.0,-19.0,-10.0,-17.0,-8.0,-14.0,-5.0,-11.0,-1.0,-8.0,3.0,-5.0,7.0,-2.0,12.0,0.0,15.0,1.0,19.0,2.0,22.0,3.0,25.0,3.0,26.0,3.0,27.0,2.0,27.0,2.0,26.0,1.0,23.0,0.0,20.0,0.0,16.0,0.0,11.0,1.0,7.0,2.0
4.7707,122.0,-96.0,7.0,0.0,0.0,0.0,0.0,0.0,0.0,0.0,0.0,0.0,-8.0,7.0,-6.0,3.0,-4.0,-2.0,-4.0,-7.0,-3.0,-11.0,-5.0,-16.0,-6.0,-20.0,-8.0,-23.0,-9.0,-26.0,-12.0,-27.0,-13.0,-28.0,-14.0,-27.0,-14.0,-26.0,-14.0,-24.0,-12.0,-20.0,-9.0,-17.0,-6.0,-13.0,-1.0,-10.0,4.0,-6.0,9.0,-3.0,14.0,-1.0,20.0,1.0,24.0,2.0,26.0,1.0,28.0,1.0,30.0,0.0
4.7843,122.0,-96.0,7.0,0.0,0.0,0.0,0.0,0.0,0.0,0.0,0.0,0.0,11.0,8.0,12.0,8.0,12.0,7.0,12.0,8.0,12.0,8.0,12.0,8.0,12.0,8.0,13.0,8.0,13.0,8.0,13.0,8.0,13.0,8.0,13.0,8.0,13.0,8.0,13.0,8.0,14.0,8.0,14.0,8.0,14.0,8.0,14.0,8.0,15.0,8.0,14.0,8.0,14.0,8.0,14.0,8.0,15.0,8.0,15.0,8.0,15.0,8.0,15.0,8.0
4.7981,122.0,-96.0,7.0,0.0,0.0,0.0,0.0,0.0,0.0,0.0,0.0,0.0,-4.0,9.0,-7.0,13.0,-8.0,16.0,-10.0,18.0,-10.0,21.0,-10.0,23.0,-10.0,24.0,-9.0,24.0,-8.0,23.0,-7.0,21.0,-6.0,17.0,-6.0,14.0,-5.0,10.0,-6.0,5.0,-6.0,0.0,-7.0,-5.0,-9.0,-10.0,-10.0,-14.0,-13.0,-17.0,-15.0,-19.0,-17.0,-21.0,-18.0,-22.0,-19.0,-22.0,-19.0,-21.0,-19.0,-19.0,-17.0,-17.0
4.8145,122.0,-96.0,7.0,0.0,0.0,0.0,0.0,0.0,0.0,0.0,0.0,0.0,10.0,-10.0,10.0,-11.0,8.0,-12.0,11.0,-12.0,9.0,-10.0,9.0,-12.0,10.0,-11.0,9.0,-13.0,10.0,-12.0,9.0,-13.0,10.0,-13.0,11.0,-13.0,11.0,-12.0,10.0,-14.0,10.0,-14.0,10.0,-13.0,11.0,-14.0,10.0,-14.0,11.0,-14.0,9.0,-14.0,10.0,-14.0,10.0,-13.0,10.0,-15.0,10.0,-14.0,10.0,-14.0,10.0,-15.0
4.8298,122.0,-96.0,7.0,0.0,0.0,0.0,0.0,0.0,0.0,0.0,0.0,0.0,-10.0,-3.0,-11.0,-3.0,-10.0,-3.0,-11.0,-3.0,-11.0,-4.0,-12.0,-3.0,-12.0,-3.0,-12.0,-3.0,-12.0,-3.0,-12.0,-3.0,-12.0,-3.0,-13.0,-3.0,-12.0,-3.0,-13.0,-3.0,-12.0,-3.0,-12.0,-3.0,-12.0,-3.0,-13.0,-3.0,-13.0,-3.0,-13.0,-3.0,-13.0,-3.0,-13.0,-3.0,-13.0,-3.0,-13.0,-2.0,-13.0,-2.0,-13.0,-2.0
4.844,122.0,-96.0,7.0,0.0,0.0,0.0,0.0,0.0,0.0,0.0,0.0,0.0,4.0,10.0,5.0,15.0,6.0,19.0,7.0,22.0,8.0,24.0,10.0,26.0,11.0,26.0,12.0,26.0,12.0,24.0,11.0,21.0,8.0,19.0,6.0,15.0,4.0,12.0,0.0,8.0,-4.0,4.0,-9.0,1.0,-14.0,-1.0,-18.0,-3.0,-23.0,-4.0,-27.0,-4.0,-30.0,-4.0,-31.0,-4.0,-32.0,-3.0,-31.0,-2.0,-30.0,-1.0,-27.0,0.0
4.8588,122.0,-96.0,7.0,0.0,0.0,0.0,0.0,0.0,0.0,0.0,0.0,0.0,-23.0,2.0,-21.0,2.0,-18.0,2.0,-15.0,1.0,-11.0,0.0,-7.0,-3.0,-4.0,-5.0,0.0,-8.0,4.0,-11.0,6.0,-15.0,9.0,-17.0,10.0,-20.0,11.0,-23.0,11.0,-25.0,11.0,-26.0,10.0,-25.0,9.0,-25.0,8.0,-22.0,6.0,-19.0,6.0,-15.0,5.0,-11.0,5.0,-6.0,5.0,-1.0,6.0,4.0,7.0,9.0,9.0,14.0
4.8722,122.0,-96.0,7.0,0.0,0.0,0.0,0.0,0.0,0.0,0.0,0.0,0.0,-3.0,10.0,-4.0,5.0,-6.0,1.0,-8.0,-4.0,-11.0,-8.0,-14.0,-12.0,-17.0,-15.0,-20.0,-17.0,-22.0,-18.0,-24.0,-18.0,-25.0,-17.0,-25.0,-16.0,-24.0,-14.0,-23.0,-12.0,-19.0,-11.0,-14.0,-9.0,-10.0,-8.0,-4.0,-7.0,1.0,-7.0,7.0,-7.0,12.0,-8.0,17.0,-10.0,21.0,-12.0,23.0,-14.0,25.0,-16.0,25.0,-17.0
4.8863,122.0,-96.0,7.0,0.0,0.0,0.0,0.0,0.0,0.0,0.0,0.0,0.0,9.0,-24.0,9.0,-26.0,9.0,-27.0,8.0,-27.0,7.0,-26.0,6.0,-24.0,5.0,-21.0,5.0,-17.0,4.0,-13.0,5.0,-8.0,5.0,-2.0,7.0,3.0,9.0,8.0,10.0,13.0,12.0,17.0,14.0,20.0,16.0,22.0,18.0,24.0,19.0,24.0,19.0,23.0,19.0,22.0,18.0,19.0,16.0,17.0,13.0,14.0,9.0,11.0,5.0,8.0
4.9031,122.0,-96.0,7.0,0.0,0.0,0.0,0.0,0.0,0.0,0.0,0.0,0.0,-13.0,-6.0,-14.0,-6.0,-14.0,-6.0,-14.0,-7.0,-15.0,-6.0,-15.0,-7.0,-15.0,-7.0,-15.0,-7.0,-15.0,-7.0,-15.0,-7.0,-15.0,-7.0,-16.0,-7.0,-15.0,-7.0,-16.0,-7.0,-16.0,-7.0,-16.0,-7.0,-16.0,-7.0,-16.0,-7.0,-16.0,-7.0,-16.0,-7.0,-16.0,-6.0,-17.0,-7.0,-17.0,-7.0,-17.0,-6.0,-17.0,-6.0,-17.0,-6.0
4.9156,122.0,-96.0,7.0,0.0,0.0,0.0,0.0,0.0,0.0,0.0,0.0,0.0,-19.0,13.0,-20.0,14.0,-20.0,15.0,-20.0,15.0,-19.0,15.0,-18.0,14.0,-15.0,12.0,-13.0,10.0,-10.0,7.0,-8.0,2.0,-6.0,-2.0,-4.0,-7.0,-3.0,-11.0,-2.0,-16.0,-2.0,-19.0,-2.0,-23.0,-2.0,-26.0,-2.0,-27.0,-3.0,-29.0,-4.0,-28.0,-4.0,-27.0,-4.0,-24.0,-4.0,-22.0,-4.0,-18.0,-2.0,-13.0,0.0,-9.0
4.9294,122.0,-96.0,7.0,0.0,0.0,0.0,0.0,0.0,0.0,0.0,0.0,0.0,5.0,10.0,5.0,10.0,5.0,10.0,6.0,10.0,5.0,10.0,6.0,10.0,6.0,10.0,6.0,10.0,6.0,11.0,6.0,10.0,6.0,11.0,7.0,11.0,6.0,11.0,7.0,11.0,7.0,11.0,7.0,11.0,7.0,11.0,7.0,10.0,7.0,11.0,7.0,11.0,7.0,11.0,7.0,11.0,8.0,11.0,8.0,11.0,7.0,11.0,8.0,11.0
4.944,122.0,-96.0,7.0,0.0,0.0,0.0,0.0,0.0,0.0,0.0,0.0,0.0,-3.0,22.0,-2.0,25.0,-2.0,25.0,-1.0,24.0,0.0,23.0,-1.0,22.0,-1.0,18.0,-1.0,15.0,-2.0,11.0,-4.0,6.0,-5.0,2.0,-8.0,-3.0,-11.0,-7.0,-13.0,-10.0,-16.0,-13.0,-18.0,-15.0,-21.0,-17.0,-22.0,-17.0,-23.0,-17.0,-23.0,-16.0,-22.0,-15.0,-20.0,-13.0,-18.0,-11.0,-14.0,-9.0,-10.0,-8.0,-5.0,-7.0
4.9574,122.0,-96.0,7.0,0.0,0.0,0.0,0.0,0.0,0.0,0.0,0.0,0.0,15.0,24.0,14.0,22.0,13.0,18.0,10.0,15.0,6.0,12.0,2.0,9.0,-4.0,6.0,-9.0,3.0,-15.0,1.0,-20.0,0.0,-24.0,-2.0,-28.0,-2.0,-32.0,-2.0,-34.0,-1.0,-35.0,0.0,-34.0,1.0,-33.0,2.0,-30.0,2.0,-26.0,3.0,-22.0,1.0,-16.0,-1.0,-11.0,-3.0,-5.0,-6.0,0.0,-9.0,5.0,-13.0,9.0,-17.0
4.9759,122.0,-96.0,7.0,0.0,0.0,0.0,0.0,0.0,0.0,0.0,0.0,0.0,9.0,-6.0,9.0,-6.0,9.0,-7.0,9.0,-7.0,9.0,-7.0,9.0,-7.0,9.0,-7.0,10.0,-7.0,10.0,-8.0,9.0,-8.0,10.0,-8.0,10.0,-8.0,10.0,-8.0,10.0,-8.0,10.0,-8.0,10.0,-8.0,11.0,-8.0,10.0,-9.0,10.0,-8.0,10.0,-8.0,10.0,-8.0,10.0,-8.0,10.0,-9.0,10.0,-9.0,10.0,-9.0,10.0,-9.0
4.9852,122.0,-96.0,7.0,0.0,0.0,0.0,0.0,0.0,0.0,0.0,0.0,0.0,9.0,-7.0,7.0,-3.0,4.0,2.0,3.0,6.0,1.0,12.0,1.0,16.0,1.0,20.0,1.0,24.0,2.0,27.0,3.0,28.0,3.0,29.0,4.0,29.0,5.0,27.0,6.0,25.0,5.0,21.0,4.0,17.0,1.0,13.0,-1.0,9.0,-5.0,4.0,-8.0,0.0,-12.0,-3.0,-17.0,-6.0,-21.0,-8.0,-25.0,-9.0,-27.0,-10.0,-30.0,-9.0
5.0002,122.0,-96.0,7.0,0.0,0.0,0.0,0.0,0.0,0.0,0.0,0.0,0.0,9.0,-9.0,9.0,-9.0,9.0,-10.0,9.0,-10.0,9.0,-10.0,9.0,-10.0,9.0,-10.0,9.0,-11.0,10.0,-10.0,9.0,-11.0,10.0,-11.0,10.0,-11.0,10.0,-11.0,10.0,-11.0,10.0,-12.0,10.0,-12.0,9.0,-11.0,9.0,-12.0,10.0,-12.0,9.0,-12.0,10.0,-12.0,9.0,-12.0,9.0,-13.0,9.0,-12.0,9.0,-13.0,10.0,-13.0
