time,sc_0,sc_1,sc_2,sc_3,sc_4,sc_5,sc_6,sc_7,sc_8,sc_9,sc_10,sc_11,sc_12,sc_13,sc_14,sc_15,sc_16,sc_17,sc_18,sc_19,sc_20,sc_21,sc_22,sc_23,sc_24,sc_25,sc_26,sc_27,sc_28,sc_29,sc_30,sc_31,sc_32,sc_33,sc_34,sc_35,sc_36,sc_37,sc_38,sc_39,sc_40,sc_41,sc_42,sc_43,sc_44,sc_45,sc_46,sc_47,sc_48,sc_49,sc_50,sc_51,sc_52,sc_53,sc_54,sc_55,sc_56,sc_57,sc_58,sc_59,sc_60,sc_61,sc_62,sc_63
0.0037,98.0,33.0,22.0,0.0,0.0,0.0,0.0,0.0,0.0,0.0,0.0,0.0,-13.0,21.0,-14.0,21.0,-14.0,19.0,-12.0,18.0,-11.0,17.0,-9.0,16.0,-5.0,13.0,0.0,10.0,3.0,6.0,5.0,4.0,9.0,1.0,14.0,-2.0,15.0,-7.0,17.0,-10.0,19.0,-11.0,18.0,-15.0,19.0,-18.0,18.0,-19.0,16.0,-20.0,16.0,-20.0,13.0,-20.0,10.0,-17.0,7.0,-12.0,3.0,-8.0,0.0,-4.0,-4.0,3.0
0.0186,122.0,-96.0,7.0,0.0,0.0,0.0,0.0,0.0,0.0,0.0,0.0,0.0,11.0,0.0,6.0,2.0,2.0,4.0,-2.0,7.0,-7.0,11.0,-10.0,14.0,-12.0,17.0,-14.0,21.0,-15.0,23.0,-15.0,25.0,-14.0,26.0,-13.0,26.0,-12.0,25.0,-10.0,24.0,-9.0,20.0,-7.0,17.0,-7.0,12.0,-7.0,7.0,-7.0,1.0,-8.0,-4.0,-9.0,-10.0,-11.0,-15.0,-13.0,-19.0,-16.0,-22.0,-18.0,-24.0,-20.0,-25.0
0.0269,122.0,-96.0,7.0,0.0,0.0,0.0,0.0,0.0,0.0,0.0,0.0,0.0,-3.0,9.0,-3.0,9.0,-3.0,10.0,-3.0,10.0,-3.0,10.0,-3.0,10.0,-3.0,10.0,-2.0,10.0,-3.0,10.0,-3.0,11.0,-3.0,11.0,-3.0,11.0,-3.0,11.0,-3.0,11.0,-3.0,11.0,-3.0,11.0,-2.0,11.0,-2.0,11.0,-2.0,11.0,-2.0,11.0,-2.0,12.0,-2.0,12.0,-2.0,12.0,-2.0,12.0,-2.0,12.0,-2.0,12.0
0.0346,122.0,-96.0,7.0,0.0,0.0,0.0,0.0,0.0,0.0,0.0,0.0,0.0,13.0,-5.0,17.0,-5.0,22.0,-6.0,26.0,-6.0,29.0,-8.0,31.0,-9.0,32.0,-10.0,31.0,-11.0,30.0,-11.0,27.0,-11.0,23.0,-9.0,19.0,-7.0,14.0,-4.0,10.0,0.0,5.0,3.0,1.0,8.0,-3.0,14.0,-6.0,19.0,-9.0,24.0,-10.0,28.0,-11.0,31.0,-11.0,33.0,-10.0,34.0,-8.0,34.0,-7.0,33.0,-6.0,30.0
0.0538,122.0,-96.0,7.0,0.0,0.0,0.0,0.0,0.0,0.0,0.0,0.0,0.0,2.0,-11.0,2.0,-11.0,2.0,-12.0,2.0,-12.0,2.0,-12.0,2.0,-12.0,1.0,-11.0,1.0,-12.0,1.0,-12.0,2.0,-12.0,2.0,-13.0,2.0,-13.0,2.0,-13.0,2.0,-12.0,1.0,-12.0,2.0,-13.0,1.0,-13.0,2.0,-13.0,1.0,-13.0,1.0,-13.0,1.0,-13.0,1.0,-13.0,1.0,-15.0,1.0,-14.0,1.0,-14.0,1.0,-14.0
0.0608,122.0,-96.0,7.0,0.0,0.0,0.0,0.0,0.0,0.0,0.0,0.0,0.0,23.0,9.0,25.0,9.0,26.0,8.0,26.0,8.0,25.0,7.0,22.0,6.0,19.0,5.0,15.0,5.0,10.0,4.0,5.0,5.0,-1.0,5.0,-6.0,6.0,-12.0,8.0,-16.0,10.0,-20.0,12.0,-23.0,13.0,-25.0,15.0,-26.0,16.0,-26.0,18.0,-25.0,18.0,-23.0,17.0,-20.0,15.0,-17.0,13.0,-14.0,9.0,-10.0,5.0,-7.0,1.0
0.0719,122.0,-96.0,7.0,0.0,0.0,0.0,0.0,0.0,0.0,0.0,0.0,0.0,4.0,-10.0,6.0,-13.0,8.0,-17.0,10.0,-19.0,10.0,-22.0,11.0,-24.0,10.0,-25.0,9.0,-25.0,8.0,-24.0,7.0,-21.0,6.0,-18.0,6.0,-15.0,5.0,-11.0,5.0,-6.0,5.0,-1.0,6.0,3.0,7.0,9.0,8.0,13.0,10.0,17.0,12.0,20.0,14.0,22.0,15.0,22.0,17.0,22.0,17.0,21.0,17.0,20.0,15.0,17.0
0.0848,122.0,-96.0,7.0,0.0,0.0,0.0,0.0,0.0,0.0,0.0,0.0,0.0,12.0,2.0,12.0,1.0,12.0,2.0,12.0,1.0,12.0,1.0,13.0,2.0,13.0,2.0,13.0,1.0,13.0,2.0,13.0,2.0,14.0,2.0,14.0,2.0,14.0,2.0,14.0,1.0,14.0,1.0,14.0,1.0,15.0,1.0,15.0,1.0,15.0,1.0,15.0,1.0,15.0,1.0,15.0,1.0,15.0,1.0,15.0,0.0,15.0,1.0,15.0,0.0
0.0979,122.0,-96.0,7.0,0.0,0.0,0.0,0.0,0.0,0.0,0.0,0.0,0.0,-12.0,6.0,-9.0,1.0,-5.0,-4.0,-3.0,-9.0,-1.0,-14.0,0.0,-20.0,0.0,-24.0,0.0,-28.0,-1.0,-32.0,-2.0,-33.0,-3.0,-34.0,-4.0,-33.0,-5.0,-31.0,-6.0,-29.0,-5.0,-25.0,-3.0,-20.0,-2.0,-15.0,1.0,-10.0,5.0,-5.0,9.0,1.0,14.0,4.0,18.0,8.0,23.0,10.0,27.0,11.0,30.0,11.0,32.0,12.0
0.1034,98.0,33.0,22.0,0.0,0.0,0.0,0.0,0.0,0.0,0.0,0.0,0.0,-3.0,-16.0,-6.0,-18.0,-8.0,-21.0,-10.0,-19.0,-10.0,-20.0,-12.0,-21.0,-13.0,-19.0,-11.0,-18.0,-12.0,-14.0,-11.0,-11.0,-10.0,-10.0,-9.0,-5.0,-8.0,-1.0,-7.0,3.0,-4.0,7.0,-2.0,11.0,1.0,17.0,6.0,18.0,9.0,22.0,9.0,24.0,15.0,25.0,13.0,24.0,13.0,23.0,13.0,20.0,13.0,18.0,13.0,13.0
0.1191,122.0,-96.0,7.0,0.0,0.0,0.0,0.0,0.0,0.0,0.0,0.0,0.0,-17.0,18.0,-16.0,17.0,-13.0,14.0,-11.0,11.0,-9.0,7.0,-7.0,2.0,-6.0,-3.0,-5.0,-8.0,-5.0,-13.0,-5.0,-18.0,-5.0,-22.0,-6.0,-25.0,-7.0,-28.0,-9.0,-29.0,-10.0,-30.0,-10.0,-28.0,-11.0,-27.0,-10.0,-23.0,-9.0,-20.0,-6.0,-16.0,-3.0,-12.0,1.0,-8.0,5.0,-4.0,9.0,0.0,14.0,3.0,19.0,5.0
0.1317,122.0,-96.0,7.0,0.0,0.0,0.0,0.0,0.0,0.0,0.0,0.0,0.0,-2.0,-12.0,-2.0,-16.0,-2.0,-20.0,-2.0,-24.0,-3.0,-27.0,-5.0,-29.0,-6.0,-30.0,-7.0,-29.0,-7.0,-27.0,-7.0,-25.0,-5.0,-21.0,-3.0,-17.0,-2.0,-13.0,1.0,-9.0,4.0,-4.0,8.0,0.0,12.0,4.0,16.0,6.0,21.0,8.0,24.0,9.0,27.0,10.0,29.0,10.0,30.0,9.0,29.0,9.0,28.0,7.0,25.0,6.0
0.1451,122.0,-96.0,7.0,0.0,0.0,0.0,0.0,0.0,0.0,0.0,0.0,0.0,8.0,9.0,3.0,7.0,-2.0,5.0,-8.0,4.0,-14.0,3.0,-19.0,3.0,-24.0,4.0,-28.0,4.0,-31.0,5.0,-32.0,7.0,-33.0,8.0,-32.0,9.0,-30.0,10.0,-28.0,11.0,-24.0,9.0,-20.0,7.0,-16.0,4.0,-11.0,0.0,-6.0,-4.0,-3.0,-9.0,1.0,-14.0,4.0,-19.0,6.0,-24.0,6.0,-28.0,7.0,-32.0,7.0,-34.0
0.1591,122.0,-96.0,7.0,0.0,0.0,0.0,0.0,0.0,0.0,0.0,0.0,0.0,14.0,-2.0,13.0,-2.0,15.0,-2.0,14.0,-2.0,15.0,-2.0,14.0,-2.0,15.0,-2.0,15.0,-3.0,15.0,-3.0,15.0,-3.0,16.0,-3.0,16.0,-3.0,16.0,-3.0,16.0,-3.0,15.0,-2.0,16.0,-3.0,16.0,-4.0,16.0,-4.0,17.0,-5.0,16.0,-5.0,16.0,-5.0,16.0,-5.0,17.0,-5.0,16.0,-5.0,16.0,-5.0,17.0,-5.0
0.1728,122.0,-96.0,7.0,0.0,0.0,0.0,0.0,0.0,0.0,0.0,0.0,0.0,-17.0,-16.0,-16.0,-14.0,-14.0,-12.0,-11.0,-10.0,-8.0,-8.0,-3.0,-7.0,1.0,-5.0,6.0,-5.0,10.0,-4.0,15.0,-4.0,18.0,-4.0,21.0,-5.0,24.0,-6.0,25.0,-8.0,26.0,-9.0,25.0,-9.0,23.0,-10.0,21.0,-9.0,18.0,-8.0,14.0,-6.0,11.0,-4.0,7.0,0.0,3.0,3.0,0.0,7.0,-3.0,11.0,-5.0,16.0
0.1865,122.0,-96.0,7.0,0.0,0.0,0.0,0.0,0.0,0.0,0.0,0.0,0.0,-13.0,4.0,-9.0,0.0,-5.0,-5.0,-2.0,-9.0,1.0,-14.0,2.0,-20.0,4.0,-24.0,4.0,-28.0,4.0,-31.0,3.0,-33.0,2.0,-34.0,1.0,-33.0,0.0,-32.0,-2.0,-30.0,-1.0,-25.0,-1.0,-20.0,1.0,-15.0,3.0,-9.0,6.0,-4.0,9.0,2.0,13.0,7.0,17.0,11.0,21.0,14.0,24.0,16.0,27.0,17.0,29.0,17.0
0.2011,122.0,-96.0,7.0,0.0,0.0,0.0,0.0,0.0,0.0,0.0,0.0,0.0,-2.0,-26.0,-3.0,-28.0,-4.0,-28.0,-4.0,-28.0,-5.0,-27.0,-5.0,-25.0,-4.0,-22.0,-3.0,-18.0,-2.0,-14.0,1.0,-9.0,4.0,-4.0,7.0,0.0,11.0,4.0,14.0,7.0,18.0,10.0,20.0,12.0,23.0,14.0,25.0,15.0,27.0,14.0,27.0,13.0,26.0,13.0,24.0,11.0,21.0,9.0,17.0,8.0,13.0,6.0,8.0,5.0
0.216,122.0,-96.0,7.0,0.0,0.0,0.0,0.0,0.0,0.0,0.0,0.0,0.0,-20.0,-17.0,-19.0,-15.0,-16.0,-13.0,-13.0,-11.0,-10.0,-9.0,-5.0,-7.0,0.0,-6.0,5.0,-5.0,11.0,-5.0,15.0,-6.0,19.0,-5.0,23.0,-6.0,26.0,-7.0,28.0,-9.0,29.0,-10.0,28.0,-11.0,26.0,-11.0,24.0,-10.0,21.0,-10.0,17.0,-8.0,14.0,-5.0,9.0,-1.0,5.0,3.0,1.0,6.0,-2.0,11.0,-4.0,16.0
0.2361,122.0,-96.0,7.0,0.0,0.0,0.0,0.0,0.0,0.0,0.0,0.0,0.0,-13.0,3.0,-9.0,0.0,-4.0,-5.0,-1.0,-9.0,2.0,-14.0,3.0,-20.0,4.0,-24.0,5.0,-28.0,5.0,-31.0,5.0,-33.0,4.0,-34.0,3.0,-33.0,2.0,-31.0,0.0,-30.0,0.0,-25.0,1.0,-20.0,1.0,-15.0,3.0,-9.0,6.0,-3.0,9.0,2.0,12.0,7.0,16.0,11.0,20.0,15.0,24.0,17.0,26.0,18.0,28.0,18.0
0.2517,122.0,-96.0,7.0,0.0,0.0,0.0,0.0,0.0,0.0,0.0,0.0,0.0,-10.0,-8.0,-5.0,-7.0,1.0,-7.0,6.0,-6.0,12.0,-7.0,17.0,-9.0,21.0,-10.0,25.0,-12.0,28.0,-14.0,29.0,-15.0,29.0,-17.0,28.0,-17.0,26.0,-17.0,23.0,-17.0,20.0,-14.0,16.0,-11.0,12.0,-7.0,9.0,-3.0,6.0,3.0,2.0,9.0,1.0,14.0,-1.0,20.0,-1.0,25.0,0.0,29.0,0.0,32.0,1.0,34.0
0.2705,122.0,-96.0,7.0,0.0,0.0,0.0,0.0,0.0,0.0,0.0,0.0,0.0,-12.0,8.0,-12.0,8.0,-12.0,8.0,-12.0,9.0,-12.0,8.0,-13.0,9.0,-12.0,9.0,-12.0,9.0,-13.0,9.0,-12.0,9.0,-13.0,10.0,-13.0,10.0,-13.0,10.0,-13.0,10.0,-13.0,11.0,-13.0,10.0,-14.0,10.0,-12.0,11.0,-13.0,11.0,-13.0,11.0,-13.0,11.0,-13.0,11.0,-12.0,12.0,-13.0,12.0,-13.0,12.0,-13.0,12.0
0.2816,122.0,-96.0,7.0,0.0,0.0,0.0,0.0,0.0,0.0,0.0,0.0,0.0,-10.0,23.0,-9.0,21.0,-8.0,18.0,-7.0,14.0,-6.0,10.0,-6.0,5.0,-7.0,0.0,-7.0,-6.0,-8.0,-11.0,-10.0,-15.0,-11.0,-19.0,-13.0,-22.0,-15.0,-24.0,-17.0,-25.0,-18.0,-25.0,-19.0,-24.0,-18.0,-22.0,-17.0,-20.0,-15.0,-17.0,-12.0,-14.0,-8.0,-12.0,-3.0,-8.0,2.0,-6.0,7.0,-4.0,12.0,-2.0,18.0,-2.0
0.2932,122.0,-96.0,7.0,0.0,0.0,0.0,0.0,0.0,0.0,0.0,0.0,0.0,12.0,5.0,12.0,4.0,13.0,4.0,13.0,4.0,13.0,4.0,14.0,4.0,15.0,4.0,14.0,4.0,14.0,5.0,14.0,4.0,15.0,4.0,15.0,5.0,15.0,5.0,15.0,4.0,15.0,5.0,15.0,4.0,15.0,4.0,16.0,4.0,16.0,4.0,16.0,4.0,17.0,4.0,16.0,3.0,16.0,3.0,16.0,4.0,16.0,4.0,17.0,4.0
0.3067,122.0,-96.0,7.0,0.0,0.0,0.0,0.0,0.0,0.0,0.0,0.0,0.0,6.0,-11.0,7.0,-12.0,8.0,-13.0,7.0,-14.0,7.0,-12.0,8.0,-13.0,7.0,-15.0,7.0,-15.0,7.0,-13.0,8.0,-14.0,8.0,-14.0,8.0,-14.0,7.0,-14.0,8.0,-15.0,7.0,-15.0,7.0,-16.0,7.0,-15.0,8.0,-15.0,8.0,-16.0,7.0,-15.0,7.0,-16.0,8.0,-16.0,7.0,-16.0,7.0,-17.0,7.0,-16.0,7.0,-17.0
0.3217,122.0,-96.0,7.0,0.0,0.0,0.0,0.0,0.0,0.0,0.0,0.0,0.0,-1.0,-26.0,-1.0,-23.0,-1.0,-20.0,0.0,-16.0,1.0,-12.0,3.0,-7.0,5.0,-2.0,8.0,2.0,11.0,6.0,14.0,10.0,17.0,13.0,20.0,15.0,22.0,16.0,25.0,16.0,25.0,15.0,25.0,14.0,24.0,12.0,22.0,11.0,18.0,9.0,14.0,8.0,9.0,6.0,3.0,6.0,-3.0,5.0,-8.0,6.0,-13.0,6.0,-19.0,8.0
0.3348,122.0,-96.0,7.0,0.0,0.0,0.0,0.0,0.0,0.0,0.0,0.0,0.0,8.0,5.0,9.0,4.0,8.0,4.0,8.0,5.0,8.0,4.0,10.0,5.0,9.0,5.0,10.0,5.0,9.0,5.0,9.0,5.0,9.0,5.0,10.0,5.0,10.0,5.0,10.0,5.0,9.0,5.0,10.0,5.0,10.0,5.0,10.0,5.0,11.0,4.0,11.0,5.0,11.0,4.0,11.0,5.0,11.0,4.0,10.0,5.0,11.0,5.0,11.0,5.0
0.35,122.0,-96.0,7.0,0.0,0.0,0.0,0.0,0.0,0.0,0.0,0.0,0.0,14.0,-21.0,13.0,-20.0,11.0,-17.0,9.0,-14.0,7.0,-10.0,6.0,-5.0,5.0,0.0,5.0,5.0,5.0,10.0,6.0,15.0,6.0,19.0,7.0,22.0,9.0,25.0,11.0,27.0,12.0,28.0,12.0,26.0,13.0,25.0,12.0,23.0,11.0,20.0,9.0,16.0,5.0,13.0,2.0,9.0,-3.0,6.0,-7.0,2.0,-12.0,-1.0,-17.0,-3.0
0.3633,122.0,-96.0,7.0,0.0,0.0,0.0,0.0,0.0,0.0,0.0,0.0,0.0,6.0,23.0,6.0,23.0,6.0,20.0,5.0,18.0,3.0,14.0,1.0,11.0,-1.0,7.0,-4.0,4.0,-7.0,0.0,-11.0,-4.0,-14.0,-7.0,-17.0,-9.0,-21.0,-11.0,-23.0,-12.0,-25.0,-12.0,-26.0,-11.0,-26.0,-11.0,-25.0,-10.0,-23.0,-9.0,-21.0,-8.0,-16.0,-7.0,-12.0,-6.0,-7.0,-5.0,-2.0,-5.0,4.0,-5.0,9.0,-7.0
0.3764,122.0,-96.0,7.0,0.0,0.0,0.0,0.0,0.0,0.0,0.0,0.0,0.0,-21.0,9.0,-22.0,11.0,-22.0,12.0,-21.0,12.0,-21.0,12.0,-19.0,12.0,-16.0,10.0,-14.0,8.0,-11.0,5.0,-8.0,1.0,-5.0,-3.0,-2.0,-8.0,-1.0,-12.0,1.0,-16.0,1.0,-20.0,2.0,-23.0,2.0,-26.0,2.0,-28.0,1.0,-28.0,0.0,-28.0,0.0,-27.0,-1.0,-24.0,-1.0,-21.0,-1.0,-17.0,0.0,-12.0,2.0,-8.0
0.3923,122.0,-96.0,7.0,0.0,0.0,0.0,0.0,0.0,0.0,0.0,0.0,0.0,-11.0,-8.0,-13.0,-8.0,-12.0,-8.0,-12.0,-8.0,-13.0,-8.0,-15.0,-8.0,-14.0,-8.0,-14.0,-9.0,-14.0,-9.0,-14.0,-9.0,-14.0,-8.0,-15.0,-7.0,-14.0,-9.0,-14.0,-8.0,-14.0,-8.0,-15.0,-8.0,-14.0,-8.0,-16.0,-9.0,-16.0,-8.0,-15.0,-9.0,-15.0,-8.0,-15.0,-8.0,-16.0,-8.0,-16.0,-8.0,-16.0,-8.0,-16.0,-7.0
0.406,122.0,-96.0,7.0,0.0,0.0,0.0,0.0,0.0,0.0,0.0,0.0,0.0,-5.0,22.0,-4.0,24.0,-4.0,24.0,-4.0,24.0,-3.0,23.0,-3.0,21.0,-2.0,17.0,-3.0,14.0,-3.0,10.0,-5.0,5.0,-6.0,0.0,-8.0,-4.0,-10.0,-9.0,-12.0,-12.0,-15.0,-15.0,-17.0,-17.0,-19.0,-19.0,-20.0,-19.0,-21.0,-19.0,-21.0,-18.0,-20.0,-17.0,-18.0,-15.0,-16.0,-13.0,-12.0,-10.0,-8.0,-8.0,-3.0,-6.0
0.419,122.0,-96.0,7.0,0.0,0.0,0.0,0.0,0.0,0.0,0.0,0.0,0.0,-10.0,23.0,-9.0,21.0,-8.0,17.0,-7.0,14.0,-6.0,9.0,-6.0,4.0,-7.0,-1.0,-7.0,-6.0,-8.0,-11.0,-10.0,-16.0,-12.0,-19.0,-14.0,-22.0,-16.0,-24.0,-18.0,-25.0,-19.0,-25.0,-19.0,-23.0,-19.0,-22.0,-17.0,-19.0,-15.0,-16.0,-11.0,-13.0,-6.0,-11.0,-2.0,-7.0,4.0,-6.0,9.0,-4.0,14.0,-2.0,20.0,-2.0
0.4331,122.0,-96.0,7.0,0.0,0.0,0.0,0.0,0.0,0.0,0.0,0.0,0.0,-6.0,-13.0,-6.0,-13.0,-6.0,-13.0,-7.0,-14.0,-6.0,-14.0,-7.0,-14.0,-7.0,-14.0,-7.0,-14.0,-7.0,-14.0,-8.0,-14.0,-8.0,-15.0,-8.0,-15.0,-8.0,-15.0,-8.0,-15.0,-8.0,-15.0,-8.0,-15.0,-8.0,-16.0,-8.0,-15.0,-8.0,-15.0,-9.0,-15.0,-9.0,-15.0,-9.0,-15.0,-9.0,-15.0,-10.0,-15.0,-10.0,-15.0,-10.0,-16.0
0.4464,122.0,-96.0,7.0,0.0,0.0,0.0,0.0,0.0,0.0,0.0,0.0,0.0,-1.0,12.0,-3.0,7.0,-6.0,2.0,-9.0,-3.0,-13.0,-7.0,-18.0,-11.0,-21.0,-13.0,-25.0,-15.0,-28.0,-15.0,-30.0,-16.0,-31.0,-15.0,-30.0,-13.0,-29.0,-12.0,-27.0,-9.0,-22.0,-8.0,-18.0,-7.0,-12.0,-7.0,-6.0,-7.0,1.0,-8.0,6.0,-9.0,12.0,-11.0,17.0,-14.0,21.0,-17.0,24.0,-20.0,25.0,-22.0,26.0,-23.0
0.4605,122.0,-96.0,7.0,0.0,0.0,0.0,0.0,0.0,0.0,0.0,0.0,0.0,10.0,3.0,5.0,3.0,1.0,5.0,-4.0,6.0,-9.0,9.0,-12.0,11.0,-16.0,13.0,-18.0,16.0,-20.0,19.0,-20.0,21.0,-20.0,22.0,-19.0,22.0,-17.0,21.0,-15.0,21.0,-13.0,18.0,-11.0,15.0,-9.0,10.0,-8.0,5.0,-7.0,0.0,-6.0,-6.0,-6.0,-11.0,-7.0,-16.0,-8.0,-21.0,-10.0,-24.0,-12.0,-26.0,-13.0,-28.0
0.4756,122.0,-96.0,7.0,0.0,0.0,0.0,0.0,0.0,0.0,0.0,0.0,0.0,5.0,-13.0,5.0,-14.0,5.0,-14.0,4.0,-14.0,6.0,-14.0,5.0,-15.0,6.0,-14.0,5.0,-15.0,5.0,-15.0,6.0,-15.0,6.0,-15.0,6.0,-16.0,6.0,-15.0,6.0,-16.0,6.0,-16.0,5.0,-15.0,6.0,-16.0,5.0,-17.0,5.0,-16.0,4.0,-17.0,5.0,-17.0,5.0,-17.0,5.0,-17.0,5.0,-17.0,5.0,-17.0,4.0,-18.0
0.4792,98.0,33.0,22.0,0.0,0.0,0.0,0.0,0.0,0.0,0.0,0.0,0.0,15.0,-6.0,16.0,-8.0,18.0,-10.0,19.0,-11.0,19.0,-12.0,19.0,-13.0,17.0,-13.0,16.0,-13.0,13.0,-13.0,10.0,-12.0,7.0,-11.0,3.0,-9.0,-1.0,-7.0,-5.0,-4.0,-10.0,-2.0,-13.0,1.0,-14.0,4.0,-19.0,9.0,-19.0,12.0,-20.0,16.0,-21.0,16.0,-21.0,17.0,-18.0,20.0,-19.0,19.0,-16.0,15.0,-14.0,14.0
0.4931,122.0,-96.0,7.0,0.0,0.0,0.0,0.0,0.0,0.0,0.0,0.0,0.0,3.0,10.0,3.0,14.0,4.0,17.0,4.0,20.0,5.0,22.0,6.0,24.0,8.0,24.0,8.0,24.0,9.0,22.0,8.0,20.0,6.0,17.0,4.0,14.0,2.0,10.0,-1.0,7.0,-4.0,4.0,-8.0,0.0,-12.0,-2.0,-16.0,-4.0,-20.0,-6.0,-24.0,-6.0,-26.0,-6.0,-28.0,-6.0,-29.0,-5.0,-28.0,-5.0,-26.0,-3.0,-24.0,-3.0
0.5064,122.0,-96.0,7.0,0.0,0.0,0.0,0.0,0.0,0.0,0.0,0.0,0.0,-9.0,-9.0,-12.0,-13.0,-14.0,-16.0,-16.0,-19.0,-18.0,-20.0,-20.0,-22.0,-20.0,-22.0,-21.0,-21.0,-20.0,-19.0,-18.0,-17.0,-15.0,-15.0,-12.0,-12.0,-8.0,-10.0,-3.0,-8.0,2.0,-5.0,8.0,-5.0,14.0,-4.0,18.0,-3.0,23.0,-4.0,26.0,-4.0,29.0,-5.0,30.0,-5.0,30.0,-7.0,29.0,-8.0,27.0,-9.0,24.0,-8.0
0.5202,122.0,-96.0,7.0,0.0,0.0,0.0,0.0,0.0,0.0,0.0,0.0,0.0,-13.0,21.0,-12.0,20.0,-10.0,17.0,-9.0,13.0,-7.0,9.0,-7.0,4.0,-7.0,-1.0,-6.0,-6.0,-7.0,-12.0,-8.0,-16.0,-9.0,-20.0,-10.0,-23.0,-12.0,-26.0,-14.0,-27.0,-15.0,-27.0,-16.0,-26.0,-16.0,-25.0,-14.0,-22.0,-13.0,-19.0,-10.0,-16.0,-6.0,-12.0,-2.0,-8.0,3.0,-6.0,8.0,-3.0,12.0,-1.0,18.0,0.0
0.5356,122.0,-96.0,7.0,0.0,0.0,0.0,0.0,0.0,0.0,0.0,0.0,0.0,-9.0,10.0,-9.0,10.0,-9.0,11.0,-10.0,10.0,-9.0,10.0,-9.0,11.0,-10.0,11.0,-10.0,11.0,-10.0,11.0,-10.0,12.0,-11.0,12.0,-10.0,12.0,-11.0,12.0,-11.0,13.0,-10.0,12.0,-9.0,13.0,-11.0,12.0,-10.0,12.0,-10.0,12.0,-11.0,13.0,-11.0,13.0,-10.0,13.0,-10.0,14.0,-11.0,13.0,-10.0,14.0,-10.0,14.0
0.5491,122.0,-96.0,7.0,0.0,0.0,0.0,0.0,0.0,0.0,0.0,0.0,0.0,-13.0,0.0,-8.0,-2.0,-3.0,-5.0,1.0,-10.0,5.0,-14.0,8.0,-19.0,9.0,-23.0,11.0,-27.0,11.0,-30.0,11.0,-31.0,10.0,-33.0,8.0,-32.0,7.0,-30.0,5.0,-28.0,4.0,-24.0,4.0,-19.0,4.0,-13.0,5.0,-7.0,7.0,0.0,8.0,5.0,12.0,11.0,14.0,16.0,18.0,19.0,21.0,21.0,24.0,22.0,25.0,23.0
0.5636,122.0,-96.0,7.0,0.0,0.0,0.0,0.0,0.0,0.0,0.0,0.0,0.0,-22.0,-6.0,-25.0,-5.0,-25.0,-5.0,-25.0,-5.0,-24.0,-4.0,-22.0,-3.0,-19.0,-3.0,-16.0,-3.0,-12.0,-3.0,-7.0,-5.0,-2.0,-6.0,2.0,-7.0,7.0,-10.0,11.0,-12.0,14.0,-14.0,16.0,-16.0,18.0,-19.0,19.0,-19.0,19.0,-21.0,17.0,-21.0,17.0,-20.0,14.0,-18.0,12.0,-16.0,10.0,-13.0,8.0,-9.0,6.0,-5.0
0.5769,122.0,-96.0,7.0,0.0,0.0,0.0,0.0,0.0,0.0,0.0,0.0,0.0,-12.0,-3.0,-16.0,-5.0,-20.0,-6.0,-23.0,-7.0,-26.0,-7.0,-28.0,-7.0,-29.0,-6.0,-29.0,-5.0,-28.0,-4.0,-26.0,-3.0,-22.0,-3.0,-18.0,-3.0,-14.0,-3.0,-9.0,-4.0,-4.0,-6.0,1.0,-8.0,6.0,-11.0,11.0,-13.0,14.0,-16.0,17.0,-19.0,18.0,-22.0,19.0,-23.0,19.0,-25.0,18.0,-26.0,16.0,-26.0,14.0,-23.0
0.5913,122.0,-96.0,7.0,0.0,0.0,0.0,0.0,0.0,0.0,0.0,0.0,0.0,1.0,-11.0,1.0,-12.0,1.0,-12.0,1.0,-12.0,0.0,-12.0,0.0,-12.0,0.0,-12.0,0.0,-13.0,0.0,-13.0,0.0,-13.0,0.0,-13.0,0.0,-13.0,0.0,-13.0,0.0,-13.0,0.0,-14.0,0.0,-14.0,-1.0,-14.0,-1.0,-14.0,0.0,-14.0,-1.0,-14.0,-1.0,-14.0,-1.0,-14.0,-1.0,-14.0,-1.0,-14.0,-1.0,-14.0,-2.0,-15.0
0.5959,98.0,33.0,22.0,0.0,0.0,0.0,0.0,0.0,0.0,0.0,0.0,0.0,4.0,23.0,2.0,22.0,6.0,22.0,4.0,20.0,4.0,17.0,4.0,17.0,5.0,12.0,6.0,9.0,7.0,4.0,9.0,-2.0,8.0,-5.0,7.0,-9.0,5.0,-19.0,6.0,-17.0,5.0,-20.0,0.0,-25.0,0.0,-26.0,-1.0,-26.0,-3.0,-26.0,-3.0,-25.0,-4.0,-22.0,-4.0,-18.0,-3.0,-13.0,-4.0,-6.0,-2.0,-2.0,0.0,4.0
0.61,122.0,-96.0,7.0,0.0,0.0,0.0,0.0,0.0,0.0,0.0,0.0,0.0,25.0,-4.0,22.0,-3.0,19.0,-4.0,15.0,-2.0,11.0,-1.0,6.0,2.0,2.0,5.0,-2.0,8.0,-6.0,12.0,-9.0,16.0,-10.0,19.0,-12.0,22.0,-13.0,25.0,-12.0,27.0,-12.0,28.0,-10.0,27.0,-9.0,26.0,-8.0,23.0,-7.0,19.0,-6.0,15.0,-6.0,10.0,-6.0,4.0,-7.0,-1.0,-8.0,-7.0,-10.0,-12.0,-12.0,-16.0
0.6244,122.0,-96.0,7.0,0.0,0.0,0.0,0.0,0.0,0.0,0.0,0.0,0.0,-14.0,-3.0,-15.0,-3.0,-15.0,-2.0,-15.0,-3.0,-15.0,-2.0,-16.0,-3.0,-16.0,-2.0,-15.0,-2.0,-15.0,-2.0,-17.0,-2.0,-16.0,-2.0,-17.0,-3.0,-16.0,-2.0,-16.0,-2.0,-17.0,-1.0,-17.0,-2.0,-17.0,-2.0,-17.0,-1.0,-18.0,-2.0,-18.0,-1.0,-17.0,-2.0,-17.0,-1.0,-17.0,0.0,-17.0,-2.0,-17.0,0.0,-18.0,-1.0
0.639,122.0,-96.0,7.0,0.0,0.0,0.0,0.0,0.0,0.0,0.0,0.0,0.0,-22.0,-8.0,-24.0,-7.0,-25.0,-7.0,-24.0,-6.0,-24.0,-5.0,-22.0,-4.0,-19.0,-4.0,-15.0,-4.0,-12.0,-4.0,-6.0,-5.0,-1.0,-6.0,3.0,-7.0,8.0,-9.0,11.0,-11.0,15.0,-13.0,17.0,-15.0,19.0,-17.0,20.0,-19.0,20.0,-20.0,18.0,-20.0,18.0,-19.0,15.0,-18.0,13.0,-16.0,10.0,-12.0,8.0,-8.0,6.0,-4.0
0.6526,122.0,-96.0,7.0,0.0,0.0,0.0,0.0,0.0,0.0,0.0,0.0,0.0,-13.0,3.0,-9.0,0.0,-5.0,-4.0,-2.0,-9.0,1.0,-14.0,3.0,-19.0,4.0,-23.0,4.0,-27.0,5.0,-31.0,4.0,-33.0,3.0,-34.0,2.0,-33.0,1.0,-32.0,-1.0,-30.0,-1.0,-26.0,0.0,-21.0,1.0,-16.0,3.0,-11.0,5.0,-5.0,8.0,0.0,12.0,5.0,16.0,9.0,20.0,13.0,24.0,14.0,26.0,16.0,29.0,17.0
0.668,122.0,-96.0,7.0,0.0,0.0,0.0,0.0,0.0,0.0,0.0,0.0,0.0,-12.0,7.0,-12.0,7.0,-12.0,7.0,-13.0,7.0,-12.0,8.0,-13.0,8.0,-13.0,8.0,-13.0,9.0,-13.0,9.0,-13.0,9.0,-13.0,9.0,-13.0,9.0,-13.0,9.0,-13.0,10.0,-13.0,10.0,-13.0,10.0,-13.0,10.0,-13.0,10.0,-13.0,10.0,-14.0,10.0,-13.0,10.0,-13.0,10.0,-13.0,11.0,-13.0,11.0,-13.0,11.0,-13.0,12.0
0.6832,122.0,-96.0,7.0,0.0,0.0,0.0,0.0,0.0,0.0,0.0,0.0,0.0,-13.0,-6.0,-13.0,-6.0,-14.0,-6.0,-14.0,-6.0,-14.0,-6.0,-15.0,-6.0,-14.0,-7.0,-15.0,-6.0,-15.0,-6.0,-16.0,-7.0,-15.0,-7.0,-15.0,-7.0,-15.0,-6.0,-16.0,-6.0,-16.0,-7.0,-16.0,-6.0,-16.0,-6.0,-17.0,-6.0,-17.0,-6.0,-17.0,-6.0,-17.0,-6.0,-17.0,-6.0,-17.0,-6.0,-17.0,-5.0,-17.0,-6.0,-17.0,-5.0
0.6996,122.0,-96.0,7.0,0.0,0.0,0.0,0.0,0.0,0.0,0.0,0.0,0.0,-10.0,-6.0,-6.0,-5.0,-1.0,-6.0,4.0,-7.0,9.0,-8.0,14.0,-9.0,17.0,-11.0,20.0,-13.0,22.0,-16.0,23.0,-17.0,23.0,-18.0,23.0,-19.0,21.0,-18.0,19.0,-18.0,16.0,-15.0,13.0,-13.0,11.0,-9.0,8.0,-5.0,6.0,1.0,4.0,6.0,3.0,11.0,2.0,16.0,2.0,21.0,3.0,25.0,3.0,28.0,4.0,29.0
0.716,122.0,-96.0,7.0,0.0,0.0,0.0,0.0,0.0,0.0,0.0,0.0,0.0,-13.0,-22.0,-13.0,-20.0,-11.0,-17.0,-8.0,-15.0,-6.0,-11.0,-2.0,-8.0,3.0,-5.0,8.0,-3.0,12.0,-1.0,17.0,0.0,21.0,1.0,24.0,1.0,27.0,1.0,29.0,0.0,30.0,-1.0,29.0,-2.0,28.0,-3.0,25.0,-3.0,21.0,-3.0,17.0,-2.0,13.0,0.0,7.0,2.0,3.0,5.0,-2.0,8.0,-6.0,11.0,-10.0,16.0
0.7182,98.0,33.0,22.0,0.0,0.0,0.0,0.0,0.0,0.0,0.0,0.0,0.0,-12.0,-3.0,-11.0,1.0,-10.0,6.0,-10.0,10.0,-9.0,14.0,-9.0,18.0,-9.0,20.0,-8.0,22.0,-7.0,24.0,-5.0,24.0,-4.0,24.0,-2.0,23.0,-1.0,20.0,1.0,17.0,3.0,14.0,4.0,9.0,4.0,4.0,5.0,-2.0,4.0,-8.0,4.0,-14.0,3.0,-20.0,3.0,-24.0,2.0,-29.0,0.0,-32.0,-1.0,-35.0,-1.0,-35.0
0.7342,122.0,-96.0,7.0,0.0,0.0,0.0,0.0,0.0,0.0,0.0,0.0,0.0,21.0,-6.0,23.0,-8.0,23.0,-8.0,23.0,-9.0,21.0,-9.0,20.0,-8.0,17.0,-8.0,14.0,-6.0,11.0,-4.0,7.0,0.0,4.0,3.0,1.0,7.0,-2.0,10.0,-5.0,14.0,-7.0,18.0,-8.0,20.0,-9.0,23.0,-9.0,25.0,-9.0,26.0,-8.0,26.0,-8.0,26.0,-6.0,23.0,-5.0,20.0,-5.0,16.0,-4.0,12.0,-4.0,8.0
0.748,122.0,-96.0,7.0,0.0,0.0,0.0,0.0,0.0,0.0,0.0,0.0,0.0,11.0,1.0,16.0,2.0,20.0,3.0,23.0,4.0,26.0,4.0,27.0,4.0,28.0,3.0,28.0,2.0,27.0,1.0,24.0,1.0,20.0,2.0,16.0,2.0,11.0,2.0,6.0,4.0,1.0,5.0,-4.0,8.0,-9.0,11.0,-13.0,13.0,-16.0,17.0,-19.0,19.0,-20.0,22.0,-20.0,24.0,-20.0,24.0,-19.0,23.0,-17.0,23.0,-15.0,21.0
0.762,122.0,-96.0,7.0,0.0,0.0,0.0,0.0,0.0,0.0,0.0,0.0,0.0,-8.0,21.0,-8.0,23.0,-8.0,24.0,-7.0,23.0,-6.0,22.0,-6.0,21.0,-5.0,18.0,-5.0,14.0,-4.0,10.0,-5.0,5.0,-5.0,0.0,-7.0,-4.0,-9.0,-9.0,-10.0,-13.0,-12.0,-16.0,-14.0,-19.0,-16.0,-21.0,-17.0,-22.0,-18.0,-22.0,-19.0,-21.0,-18.0,-20.0,-16.0,-18.0,-15.0,-15.0,-12.0,-12.0,-8.0,-9.0,-4.0,-7.0
0.7756,122.0,-96.0,7.0,0.0,0.0,0.0,0.0,0.0,0.0,0.0,0.0,0.0,11.0,6.0,12.0,6.0,13.0,6.0,12.0,6.0,13.0,6.0,13.0,7.0,13.0,6.0,13.0,6.0,14.0,7.0,14.0,6.0,14.0,7.0,13.0,7.0,14.0,7.0,14.0,6.0,15.0,6.0,14.0,6.0,15.0,6.0,15.0,6.0,15.0,6.0,15.0,6.0,15.0,6.0,15.0,6.0,15.0,6.0,16.0,6.0,16.0,6.0,16.0,6.0
0.7901,122.0,-96.0,7.0,0.0,0.0,0.0,0.0,0.0,0.0,0.0,0.0,0.0,-25.0,4.0,-27.0,5.0,-28.0,6.0,-27.0,6.0,-26.0,7.0,-24.0,6.0,-21.0,5.0,-17.0,3.0,-13.0,2.0,-9.0,-2.0,-4.0,-5.0,0.0,-9.0,3.0,-13.0,6.0,-17.0,8.0,-21.0,10.0,-24.0,11.0,-27.0,11.0,-29.0,10.0,-30.0,9.0,-29.0,9.0,-28.0,7.0,-25.0,6.0,-23.0,5.0,-18.0,5.0,-13.0,5.0,-7.0
0.8075,122.0,-96.0,7.0,0.0,0.0,0.0,0.0,0.0,0.0,0.0,0.0,0.0,0.0,11.0,-1.0,16.0,-1.0,20.0,-1.0,23.0,-1.0,26.0,0.0,28.0,2.0,29.0,2.0,28.0,3.0,26.0,2.0,24.0,1.0,20.0,0.0,16.0,-1.0,11.0,-4.0,6.0,-6.0,1.0,-10.0,-3.0,-13.0,-7.0,-17.0,-10.0,-21.0,-13.0,-24.0,-15.0,-27.0,-15.0,-28.0,-15.0,-29.0,-15.0,-28.0,-14.0,-26.0,-12.0,-24.0,-10.0
0.817,122.0,-96.0,7.0,0.0,0.0,0.0,0.0,0.0,0.0,0.0,0.0,0.0,-4.0,24.0,-3.0,22.0,-3.0,19.0,-3.0,15.0,-3.0,11.0,-5.0,6.0,-7.0,1.0,-9.0,-5.0,-12.0,-9.0,-14.0,-13.0,-16.0,-16.0,-19.0,-18.0,-21.0,-20.0,-23.0,-20.0,-24.0,-19.0,-24.0,-18.0,-24.0,-17.0,-21.0,-14.0,-18.0,-12.0,-14.0,-10.0,-9.0,-9.0,-3.0,-7.0,2.0,-6.0,8.0,-6.0,13.0,-6.0,19.0,-7.0
0.8319,122.0,-96.0,7.0,0.0,0.0,0.0,0.0,0.0,0.0,0.0,0.0,0.0,-12.0,-6.0,-6.0,-6.0,0.0,-6.0,5.0,-7.0,11.0,-9.0,16.0,-12.0,19.0,-14.0,23.0,-16.0,25.0,-18.0,26.0,-20.0,25.0,-22.0,24.0,-22.0,22.0,-22.0,20.0,-21.0,17.0,-18.0,14.0,-14.0,11.0,-9.0,8.0,-4.0,6.0,2.0,4.0,8.0,3.0,14.0,3.0,20.0,4.0,25.0,6.0,29.0,6.0,31.0,7.0,33.0
0.8463,122.0,-96.0,7.0,0.0,0.0,0.0,0.0,0.0,0.0,0.0,0.0,0.0,-7.0,11.0,-6.0,6.0,-6.0,0.0,-7.0,-5.0,-9.0,-11.0,-11.0,-16.0,-13.0,-20.0,-16.0,-24.0,-19.0,-26.0,-19.0,-27.0,-21.0,-27.0,-22.0,-26.0,-21.0,-24.0,-21.0,-22.0,-18.0,-19.0,-15.0,-16.0,-11.0,-13.0,-5.0,-10.0,0.0,-8.0,6.0,-6.0,12.0,-5.0,18.0,-4.0,24.0,-5.0,28.0,-6.0,31.0,-7.0,33.0,-8.0
0.8606,122.0,-96.0,7.0,0.0,0.0,0.0,0.0,0.0,0.0,0.0,0.0,0.0,2.0,-11.0,2.0,-12.0,3.0,-11.0,2.0,-12.0,3.0,-11.0,3.0,-12.0,2.0,-12.0,2.0,-12.0,3.0,-12.0,2.0,-12.0,2.0,-13.0,2.0,-13.0,3.0,-12.0,2.0,-13.0,3.0,-14.0,3.0,-13.0,2.0,-13.0,2.0,-13.0,3.0,-14.0,2.0,-14.0,2.0,-14.0,2.0,-14.0,2.0,-14.0,2.0,-13.0,2.0,-14.0,2.0,-14.0
0.8745,122.0,-96.0,7.0,0.0,0.0,0.0,0.0,0.0,0.0,0.0,0.0,0.0,22.0,6.0,24.0,5.0,24.0,5.0,24.0,4.0,22.0,4.0,21.0,3.0,18.0,2.0,14.0,3.0,10.0,3.0,6.0,4.0,1.0,4.0,-4.0,6.0,-9.0,8.0,-12.0,10.0,-16.0,13.0,-18.0,14.0,-20.0,16.0,-21.0,17.0,-21.0,19.0,-20.0,19.0,-19.0,18.0,-17.0,17.0,-14.0,15.0,-12.0,11.0,-9.0,7.0,-7.0,3.0
0.8905,122.0,-96.0,7.0,0.0,0.0,0.0,0.0,0.0,0.0,0.0,0.0,0.0,10.0,0.0,14.0,1.0,18.0,2.0,21.0,2.0,23.0,2.0,25.0,1.0,26.0,0.0,25.0,0.0,24.0,-1.0,21.0,-1.0,18.0,-1.0,14.0,0.0,10.0,1.0,6.0,2.0,1.0,5.0,-3.0,7.0,-7.0,10.0,-11.0,13.0,-13.0,17.0,-15.0,19.0,-16.0,21.0,-17.0,22.0,-16.0,24.0,-14.0,23.0,-12.0,22.0,-11.0,20.0
0.905,122.0,-96.0,7.0,0.0,0.0,0.0,0.0,0.0,0.0,0.0,0.0,0.0,5.0,-10.0,5.0,-6.0,5.0,-1.0,5.0,4.0,6.0,9.0,9.0,14.0,11.0,17.0,13.0,20.0,15.0,22.0,16.0,23.0,17.0,23.0,17.0,22.0,17.0,21.0,17.0,19.0,14.0,16.0,12.0,13.0,8.0,10.0,3.0,8.0,-2.0,6.0,-7.0,4.0,-12.0,2.0,-18.0,2.0,-22.0,2.0,-26.0,3.0,-28.0,4.0,-30.0,5.0
0.9098,98.0,33.0,22.0,0.0,0.0,0.0,0.0,0.0,0.0,0.0,0.0,0.0,-6.0,-15.0,-7.0,-22.0,-15.0,-16.0,-20.0,-22.0,-13.0,-18.0,-18.0,-17.0,-21.0,-15.0,-18.0,-13.0,-16.0,-13.0,-14.0,-9.0,-11.0,-5.0,-9.0,-2.0,-6.0,1.0,-3.0,5.0,0.0,7.0,4.0,10.0,8.0,13.0,11.0,14.0,16.0,16.0,19.0,16.0,22.0,16.0,22.0,16.0,23.0,15.0,21.0,13.0,19.0,12.0,17.0,9.0
0.9234,122.0,-96.0,7.0,0.0,0.0,0.0,0.0,0.0,0.0,0.0,0.0,0.0,-9.0,9.0,-14.0,12.0,-18.0,15.0,-20.0,18.0,-22.0,20.0,-23.0,23.0,-23.0,24.0,-22.0,24.0,-20.0,23.0,-18.0,21.0,-16.0,18.0,-14.0,14.0,-11.0,9.0,-9.0,3.0,-7.0,-2.0,-6.0,-8.0,-5.0,-15.0,-5.0,-20.0,-6.0,-26.0,-7.0,-30.0,-8.0,-33.0,-9.0,-34.0,-10.0,-35.0,-10.0,-34.0,-11.0,-32.0,-11.0,-29.0
0.937,122.0,-96.0,7.0,0.0,0.0,0.0,0.0,0.0,0.0,0.0,0.0,0.0,-9.0,5.0,-10.0,6.0,-10.0,7.0,-10.0,6.0,-10.0,6.0,-10.0,7.0,-10.0,7.0,-10.0,7.0,-10.0,7.0,-10.0,7.0,-11.0,7.0,-10.0,7.0,-11.0,7.0,-10.0,7.0,-10.0,8.0,-10.0,7.0,-11.0,8.0,-11.0,8.0,-11.0,8.0,-11.0,8.0,-11.0,9.0,-10.0,9.0,-10.0,9.0,-11.0,9.0,-11.0,9.0,-11.0,9.0
0.9512,122.0,-96.0,7.0,0.0,0.0,0.0,0.0,0.0,0.0,0.0,0.0,0.0,-5.0,-12.0,-5.0,-16.0,-6.0,-19.0,-7.0,-23.0,-8.0,-25.0,-10.0,-28.0,-11.0,-28.0,-12.0,-27.0,-12.0,-26.0,-11.0,-23.0,-9.0,-20.0,-7.0,-17.0,-5.0,-13.0,-1.0,-10.0,2.0,-6.0,7.0,-3.0,12.0,0.0,16.0,2.0,21.0,3.0,25.0,4.0,28.0,4.0,30.0,4.0,31.0,3.0,31.0,2.0,30.0,1.0,27.0,0.0
0.9677,122.0,-96.0,7.0,0.0,0.0,0.0,0.0,0.0,0.0,0.0,0.0,0.0,-12.0,-20.0,-11.0,-18.0,-10.0,-16.0,-8.0,-13.0,-6.0,-10.0,-2.0,-8.0,2.0,-5.0,6.0,-3.0,11.0,-1.0,15.0,0.0,18.0,1.0,21.0,1.0,24.0,1.0,26.0,0.0,27.0,-1.0,27.0,-1.0,25.0,-2.0,23.0,-2.0,20.0,-3.0,17.0,-2.0,12.0,0.0,8.0,1.0,3.0,4.0,-1.0,6.0,-5.0,9.0,-8.0,13.0
0.9802,122.0,-96.0,7.0,0.0,0.0,0.0,0.0,0.0,0.0,0.0,0.0,0.0,-3.0,22.0,-2.0,24.0,-2.0,24.0,-1.0,25.0,-1.0,23.0,0.0,22.0,0.0,19.0,-1.0,15.0,-1.0,11.0,-4.0,7.0,-5.0,2.0,-7.0,-2.0,-10.0,-6.0,-13.0,-9.0,-16.0,-13.0,-18.0,-14.0,-20.0,-16.0,-21.0,-17.0,-24.0,-17.0,-23.0,-16.0,-23.0,-15.0,-21.0,-14.0,-19.0,-11.0,-15.0,-10.0,-11.0,-8.0,-7.0,-7.0
0.9953,122.0,-96.0,7.0,0.0,0.0,0.0,0.0,0.0,0.0,0.0,0.0,0.0,-11.0,4.0,-7.0,0.0,-5.0,-4.0,-2.0,-9.0,-1.0,-14.0,0.0,-18.0,1.0,-22.0,1.0,-26.0,0.0,-28.0,-1.0,-30.0,-2.0,-30.0,-3.0,-29.0,-3.0,-27.0,-4.0,-25.0,-3.0,-21.0,-2.0,-17.0,0.0,-12.0,2.0,-8.0,6.0,-3.0,9.0,2.0,13.0,5.0,17.0,8.0,22.0,11.0,25.0,11.0,27.0,11.0,28.0,11.0
1.0093,122.0,-96.0,7.0,0.0,0.0,0.0,0.0,0.0,0.0,0.0,0.0,0.0,14.0,-22.0,12.0,-20.0,10.0,-18.0,9.0,-15.0,7.0,-10.0,6.0,-5.0,5.0,0.0,5.0,5.0,6.0,10.0,7.0,15.0,8.0,18.0,9.0,22.0,11.0,25.0,12.0,26.0,13.0,26.0,14.0,26.0,14.0,24.0,14.0,22.0,12.0,19.0,10.0,16.0,6.0,12.0,2.0,9.0,-3.0,6.0,-7.0,3.0,-12.0,0.0,-18.0,-2.0
1.031,122.0,-96.0,7.0,0.0,0.0,0.0,0.0,0.0,0.0,0.0,0.0,0.0,-7.0,-9.0,-8.0,-13.0,-10.0,-16.0,-11.0,-19.0,-12.0,-21.0,-14.0,-22.0,-16.0,-22.0,-16.0,-21.0,-16.0,-20.0,-14.0,-18.0,-12.0,-16.0,-9.0,-13.0,-6.0,-10.0,-2.0,-8.0,2.0,-5.0,6.0,-4.0,12.0,-2.0,16.0,-1.0,20.0,-1.0,23.0,-2.0,26.0,-2.0,27.0,-3.0,28.0,-4.0,28.0,-4.0,26.0,-5.0,23.0,-5.0
1.0387,122.0,-96.0,7.0,0.0,0.0,0.0,0.0,0.0,0.0,0.0,0.0,0.0,-7.0,-9.0,-9.0,-13.0,-10.0,-16.0,-12.0,-19.0,-13.0,-20.0,-15.0,-22.0,-16.0,-22.0,-17.0,-21.0,-17.0,-19.0,-15.0,-17.0,-13.0,-15.0,-10.0,-13.0,-7.0,-10.0,-3.0,-8.0,2.0,-5.0,6.0,-4.0,11.0,-3.0,16.0,-2.0,21.0,-2.0,23.0,-3.0,26.0,-4.0,27.0,-4.0,28.0,-5.0,27.0,-6.0,25.0,-7.0,23.0,-7.0
1.0408,98.0,33.0,22.0,0.0,0.0,0.0,0.0,0.0,0.0,0.0,0.0,0.0,-7.0,3.0,-5.0,5.0,-2.0,6.0,-1.0,8.0,1.0,10.0,3.0,11.0,5.0,13.0,5.0,13.0,7.0,13.0,8.0,13.0,8.0,13.0,8.0,11.0,9.0,10.0,8.0,7.0,7.0,5.0,5.0,2.0,3.0,0.0,1.0,-3.0,-2.0,-6.0,-4.0,-9.0,-7.0,-11.0,-9.0,-13.0,-11.0,-15.0,-12.0,-16.0,-14.0,-17.0,-15.0,-17.0
1.0558,122.0,-96.0,7.0,0.0,0.0,0.0,0.0,0.0,0.0,0.0,0.0,0.0,7.0,9.0,7.0,9.0,7.0,9.0,7.0,10.0,7.0,10.0,8.0,10.0,7.0,10.0,8.0,10.0,8.0,9.0,8.0,9.0,8.0,10.0,8.0,10.0,8.0,10.0,9.0,10.0,9.0,10.0,8.0,10.0,8.0,10.0,9.0,9.0,9.0,10.0,9.0,10.0,9.0,9.0,10.0,10.0,10.0,10.0,10.0,10.0,10.0,10.0,11.0,10.0
1.0701,122.0,-96.0,7.0,0.0,0.0,0.0,0.0,0.0,0.0,0.0,0.0,0.0,-1.0,22.0,-1.0,24.0,0.0,25.0,0.0,24.0,1.0,23.0,0.0,21.0,1.0,18.0,-1.0,14.0,-2.0,10.0,-4.0,6.0,-6.0,1.0,-8.0,-3.0,-12.0,-7.0,-15.0,-10.0,-17.0,-12.0,-20.0,-14.0,-22.0,-16.0,-23.0,-16.0,-24.0,-15.0,-24.0,-15.0,-23.0,-13.0,-20.0,-11.0,-17.0,-10.0,-13.0,-8.0,-9.0,-6.0,-4.0,-6.0
1.0841,122.0,-96.0,7.0,0.0,0.0,0.0,0.0,0.0,0.0,0.0,0.0,0.0,-12.0,-21.0,-13.0,-21.0,-14.0,-22.0,-14.0,-21.0,-15.0,-20.0,-13.0,-18.0,-12.0,-16.0,-9.0,-13.0,-6.0,-11.0,-2.0,-8.0,2.0,-5.0,7.0,-3.0,12.0,-2.0,16.0,-1.0,19.0,0.0,23.0,0.0,25.0,0.0,27.0,0.0,27.0,-1.0,27.0,-2.0,26.0,-2.0,23.0,-2.0,20.0,-2.0,16.0,-2.0,11.0,0.0,7.0,1.0
1.0998,122.0,-96.0,7.0,0.0,0.0,0.0,0.0,0.0,0.0,0.0,0.0,0.0,-6.0,-9.0,-6.0,-8.0,-6.0,-9.0,-6.0,-9.0,-7.0,-9.0,-7.0,-9.0,-7.0,-9.0,-7.0,-9.0,-7.0,-9.0,-7.0,-9.0,-8.0,-10.0,-8.0,-9.0,-8.0,-10.0,-7.0,-10.0,-9.0,-10.0,-8.0,-9.0,-8.0,-10.0,-8.0,-9.0,-9.0,-10.0,-8.0,-10.0,-8.0,-10.0,-9.0,-9.0,-9.0,-9.0,-9.0,-10.0,-9.0,-9.0,-9.0,-9.0
1.1129,122.0,-96.0,7.0,0.0,0.0,0.0,0.0,0.0,0.0,0.0,0.0,0.0,-24.0,-11.0,-22.0,-9.0,-19.0,-8.0,-15.0,-7.0,-11.0,-6.0,-6.0,-6.0,-1.0,-7.0,5.0,-7.0,10.0,-8.0,14.0,-10.0,18.0,-11.0,21.0,-13.0,24.0,-15.0,25.0,-17.0,25.0,-18.0,24.0,-19.0,22.0,-18.0,20.0,-17.0,17.0,-14.0,14.0,-12.0,11.0,-7.0,8.0,-3.0,5.0,2.0,3.0,8.0,0.0,13.0,0.0,18.0
1.1274,122.0,-96.0,7.0,0.0,0.0,0.0,0.0,0.0,0.0,0.0,0.0,0.0,-11.0,-7.0,-5.0,-6.0,1.0,-6.0,6.0,-7.0,12.0,-8.0,17.0,-11.0,21.0,-13.0,24.0,-15.0,26.0,-17.0,27.0,-19.0,27.0,-20.0,26.0,-20.0,24.0,-20.0,21.0,-19.0,18.0,-16.0,14.0,-12.0,11.0,-7.0,8.0,-2.0,6.0,4.0,3.0,10.0,2.0,16.0,2.0,22.0,3.0,27.0,4.0,30.0,5.0,33.0,6.0,34.0
1.1423,122.0,-96.0,7.0,0.0,0.0,0.0,0.0,0.0,0.0,0.0,0.0,0.0,12.0,-2.0,16.0,-1.0,20.0,-1.0,24.0,-1.0,26.0,-2.0,28.0,-2.0,29.0,-3.0,28.0,-4.0,27.0,-4.0,24.0,-4.0,20.0,-3.0,16.0,-2.0,12.0,0.0,6.0,3.0,2.0,5.0,-2.0,9.0,-7.0,13.0,-10.0,16.0,-13.0,20.0,-14.0,23.0,-16.0,26.0,-16.0,27.0,-15.0,28.0,-13.0,27.0,-12.0,26.0,-10.0,23.0
1.1464,98.0,33.0,22.0,0.0,0.0,0.0,0.0,0.0,0.0,0.0,0.0,0.0,8.0,23.0,6.0,23.0,6.0,21.0,6.0,20.0,6.0,18.0,7.0,14.0,5.0,10.0,6.0,8.0,6.0,2.0,6.0,-4.0,6.0,-8.0,5.0,-11.0,5.0,-17.0,2.0,-17.0,-1.0,-23.0,-1.0,-23.0,-6.0,-26.0,-6.0,-25.0,-7.0,-24.0,-9.0,-23.0,-9.0,-20.0,-8.0,-17.0,-7.0,-13.0,-5.0,-8.0,-3.0,-2.0,1.0,3.0
1.1632,122.0,-96.0,7.0,0.0,0.0,0.0,0.0,0.0,0.0,0.0,0.0,0.0,-8.0,-8.0,-4.0,-6.0,2.0,-6.0,6.0,-5.0,11.0,-5.0,17.0,-6.0,20.0,-7.0,23.0,-8.0,26.0,-10.0,27.0,-11.0,27.0,-12.0,26.0,-13.0,24.0,-13.0,21.0,-13.0,18.0,-11.0,14.0,-8.0,11.0,-4.0,7.0,0.0,4.0,5.0,1.0,9.0,-1.0,15.0,-2.0,19.0,-3.0,24.0,-2.0,27.0,-1.0,29.0,0.0,31.0
1.1763,122.0,-96.0,7.0,0.0,0.0,0.0,0.0,0.0,0.0,0.0,0.0,0.0,24.0,-9.0,21.0,-9.0,18.0,-8.0,14.0,-6.0,11.0,-4.0,7.0,0.0,4.0,4.0,0.0,8.0,-3.0,13.0,-4.0,17.0,-6.0,20.0,-7.0,23.0,-8.0,26.0,-7.0,29.0,-6.0,30.0,-5.0,29.0,-4.0,28.0,-3.0,25.0,-3.0,22.0,-3.0,18.0,-3.0,12.0,-5.0,7.0,-7.0,1.0,-8.0,-4.0,-11.0,-9.0,-15.0,-13.0
1.1899,122.0,-96.0,7.0,0.0,0.0,0.0,0.0,0.0,0.0,0.0,0.0,0.0,3.0,9.0,3.0,9.0,3.0,9.0,3.0,9.0,3.0,9.0,3.0,9.0,3.0,9.0,4.0,10.0,4.0,10.0,4.0,10.0,4.0,10.0,4.0,10.0,4.0,11.0,4.0,10.0,4.0,10.0,4.0,10.0,4.0,10.0,5.0,10.0,5.0,10.0,4.0,10.0,5.0,10.0,5.0,10.0,5.0,10.0,5.0,10.0,5.0,10.0,5.0,11.0
1.2031,122.0,-96.0,7.0,0.0,0.0,0.0,0.0,0.0,0.0,0.0,0.0,0.0,16.0,15.0,18.0,16.0,19.0,16.0,19.0,15.0,18.0,14.0,17.0,13.0,14.0,11.0,11.0,9.0,8.0,7.0,3.0,6.0,-2.0,5.0,-7.0,4.0,-12.0,4.0,-16.0,4.0,-20.0,4.0,-23.0,5.0,-26.0,6.0,-27.0,6.0,-28.0,8.0,-27.0,8.0,-25.0,8.0,-23.0,7.0,-20.0,7.0,-16.0,5.0,-12.0,3.0,-8.0,0.0
1.2197,122.0,-96.0,7.0,0.0,0.0,0.0,0.0,0.0,0.0,0.0,0.0,0.0,-26.0,1.0,-23.0,1.0,-20.0,1.0,-16.0,0.0,-12.0,-1.0,-7.0,-4.0,-3.0,-6.0,2.0,-9.0,6.0,-13.0,9.0,-16.0,11.0,-19.0,12.0,-23.0,14.0,-25.0,13.0,-27.0,13.0,-28.0,12.0,-28.0,10.0,-27.0,9.0,-23.0,7.0,-20.0,6.0,-15.0,6.0,-10.0,6.0,-4.0,6.0,1.0,7.0,7.0,8.0,12.0,10.0,17.0
1.2341,122.0,-96.0,7.0,0.0,0.0,0.0,0.0,0.0,0.0,0.0,0.0,0.0,-20.0,11.0,-19.0,10.0,-16.0,9.0,-13.0,7.0,-10.0,4.0,-7.0,0.0,-5.0,-4.0,-2.0,-8.0,-1.0,-12.0,0.0,-16.0,1.0,-20.0,1.0,-23.0,1.0,-26.0,0.0,-27.0,-1.0,-28.0,-2.0,-27.0,-2.0,-26.0,-2.0,-23.0,-2.0,-21.0,-2.0,-16.0,0.0,-12.0,2.0,-7.0,5.0,-3.0,7.0,1.0,10.0,5.0,14.0,8.0
1.2478,122.0,-96.0,7.0,0.0,0.0,0.0,0.0,0.0,0.0,0.0,0.0,0.0,-2.0,11.0,-1.0,10.0,-1.0,11.0,-2.0,10.0,-2.0,11.0,-2.0,12.0,-1.0,11.0,-1.0,11.0,-1.0,11.0,-2.0,12.0,-2.0,12.0,-2.0,11.0,-1.0,12.0,-1.0,12.0,-1.0,12.0,-2.0,12.0,-1.0,12.0,-1.0,13.0,-1.0,13.0,0.0,13.0,-1.0,13.0,-1.0,12.0,-1.0,13.0,-1.0,13.0,0.0,13.0,0.0,13.0
1.2619,122.0,-96.0,7.0,0.0,0.0,0.0,0.0,0.0,0.0,0.0,0.0,0.0,-7.0,-11.0,-9.0,-15.0,-10.0,-18.0,-12.0,-22.0,-14.0,-24.0,-15.0,-25.0,-17.0,-25.0,-17.0,-24.0,-17.0,-23.0,-15.0,-20.0,-13.0,-18.0,-10.0,-15.0,-7.0,-12.0,-2.0,-9.0,2.0,-6.0,8.0,-4.0,13.0,-2.0,18.0,-1.0,23.0,-1.0,26.0,-1.0,29.0,-2.0,30.0,-2.0,31.0,-4.0,30.0,-4.0,29.0,-5.0,26.0,-5.0
1.275,122.0,-96.0,7.0,0.0,0.0,0.0,0.0,0.0,0.0,0.0,0.0,0.0,10.0,4.0,10.0,4.0,10.0,4.0,10.0,4.0,10.0,4.0,10.0,5.0,10.0,4.0,11.0,4.0,11.0,5.0,11.0,4.0,11.0,4.0,11.0,4.0,11.0,4.0,12.0,4.0,12.0,4.0,12.0,4.0,11.0,4.0,12.0,4.0,12.0,4.0,12.0,4.0,12.0,4.0,12.0,4.0,12.0,4.0,12.0,4.0,13.0,4.0,13.0,4.0
1.2887,122.0,-96.0,7.0,0.0,0.0,0.0,0.0,0.0,0.0,0.0,0.0,0.0,3.0,-12.0,5.0,-16.0,7.0,-20.0,8.0,-23.0,9.0,-26.0,9.0,-28.0,9.0,-28.0,8.0,-28.0,7.0,-27.0,6.0,-24.0,5.0,-20.0,5.0,-16.0,5.0,-11.0,5.0,-6.0,6.0,0.0,7.0,5.0,9.0,10.0,11.0,15.0,14.0,19.0,16.0,21.0,18.0,23.0,20.0,24.0,21.0,24.0,20.0,22.0,20.0,20.0,18.0,17.0
1.3022,122.0,-96.0,7.0,0.0,0.0,0.0,0.0,0.0,0.0,0.0,0.0,0.0,8.0,5.0,9.0,5.0,9.0,5.0,10.0,5.0,10.0,5.0,10.0,6.0,10.0,6.0,10.0,5.0,11.0,6.0,11.0,5.0,10.0,6.0,11.0,6.0,10.0,6.0,11.0,5.0,11.0,6.0,11.0,6.0,11.0,5.0,12.0,5.0,12.0,6.0,11.0,6.0,11.0,6.0,11.0,6.0,12.0,6.0,12.0,5.0,12.0,5.0,12.0,5.0
1.317,122.0,-96.0,7.0,0.0,0.0,0.0,0.0,0.0,0.0,0.0,0.0,0.0,-22.0,-9.0,-20.0,-8.0,-17.0,-7.0,-13.0,-6.0,-10.0,-6.0,-5.0,-6.0,0.0,-6.0,5.0,-7.0,9.0,-8.0,13.0,-10.0,16.0,-12.0,19.0,-13.0,20.0,-15.0,21.0,-17.0,21.0,-18.0,20.0,-18.0,19.0,-18.0,16.0,-16.0,13.0,-13.0,11.0,-10.0,9.0,-6.0,6.0,-2.0,4.0,4.0,2.0,8.0,1.0,13.0,2.0,18.0
1.3304,122.0,-96.0,7.0,0.0,0.0,0.0,0.0,0.0,0.0,0.0,0.0,0.0,20.0,9.0,23.0,9.0,23.0,9.0,23.0,8.0,22.0,7.0,20.0,7.0,17.0,5.0,14.0,5.0,10.0,4.0,5.0,5.0,0.0,5.0,-5.0,6.0,-10.0,7.0,-14.0,9.0,-17.0,11.0,-20.0,12.0,-22.0,14.0,-23.0,15.0,-23.0,16.0,-22.0,17.0,-21.0,16.0,-18.0,15.0,-16.0,13.0,-13.0,10.0,-10.0,6.0,-7.0,2.0
1.3455,122.0,-96.0,7.0,0.0,0.0,0.0,0.0,0.0,0.0,0.0,0.0,0.0,13.0,-1.0,17.0,0.0,23.0,0.0,26.0,0.0,30.0,0.0,32.0,-1.0,33.0,-2.0,33.0,-3.0,31.0,-4.0,28.0,-4.0,24.0,-3.0,20.0,-2.0,15.0,-1.0,10.0,2.0,4.0,5.0,-1.0,8.0,-6.0,13.0,-10.0,17.0,-13.0,21.0,-15.0,25.0,-16.0,28.0,-17.0,31.0,-16.0,32.0,-15.0,32.0,-13.0,31.0,-12.0,29.0
1.3597,122.0,-96.0,7.0,0.0,0.0,0.0,0.0,0.0,0.0,0.0,0.0,0.0,-29.0,4.0,-26.0,4.0,-23.0,4.0,-18.0,2.0,-14.0,0.0,-9.0,-3.0,-4.0,-6.0,0.0,-10.0,4.0,-15.0,7.0,-19.0,10.0,-23.0,12.0,-26.0,13.0,-30.0,12.0,-32.0,12.0,-33.0,10.0,-33.0,9.0,-31.0,8.0,-28.0,6.0,-24.0,5.0,-20.0,5.0,-14.0,5.0,-7.0,7.0,-1.0,8.0,5.0,10.0,11.0,13.0,16.0
1.3755,122.0,-96.0,7.0,0.0,0.0,0.0,0.0,0.0,0.0,0.0,0.0,0.0,-3.0,-12.0,-3.0,-12.0,-3.0,-13.0,-3.0,-13.0,-3.0,-13.0,-3.0,-13.0,-4.0,-13.0,-4.0,-13.0,-4.0,-13.0,-4.0,-13.0,-4.0,-14.0,-4.0,-14.0,-4.0,-14.0,-4.0,-14.0,-4.0,-14.0,-4.0,-14.0,-5.0,-14.0,-5.0,-14.0,-5.0,-15.0,-5.0,-14.0,-5.0,-14.0,-5.0,-14.0,-6.0,-14.0,-6.0,-15.0,-5.0,-15.0,-6.0,-15.0
1.388,122.0,-96.0,7.0,0.0,0.0,0.0,0.0,0.0,0.0,0.0,0.0,0.0,-2.0,12.0,-4.0,7.0,-6.0,2.0,-9.0,-3.0,-12.0,-8.0,-17.0,-12.0,-20.0,-15.0,-23.0,-17.0,-26.0,-18.0,-28.0,-18.0,-29.0,-18.0,-29.0,-17.0,-28.0,-16.0,-27.0,-13.0,-24.0,-11.0,-19.0,-10.0,-14.0,-9.0,-8.0,-8.0,-2.0,-8.0,4.0,-8.0,11.0,-9.0,16.0,-11.0,21.0,-13.0,25.0,-16.0,27.0,-17.0,28.0,-20.0
1.4026,122.0,-96.0,7.0,0.0,0.0,0.0,0.0,0.0,0.0,0.0,0.0,0.0,-26.0,-2.0,-24.0,-1.0,-20.0,-1.0,-16.0,-2.0,-12.0,-2.0,-7.0,-4.0,-3.0,-6.0,2.0,-9.0,6.0,-12.0,10.0,-15.0,13.0,-17.0,15.0,-20.0,16.0,-23.0,17.0,-25.0,17.0,-26.0,15.0,-26.0,14.0,-25.0,12.0,-23.0,10.0,-20.0,9.0,-16.0,8.0,-11.0,6.0,-5.0,6.0,1.0,6.0,6.0,5.0,12.0,7.0,17.0
1.4168,122.0,-96.0,7.0,0.0,0.0,0.0,0.0,0.0,0.0,0.0,0.0,0.0,-5.0,22.0,-4.0,24.0,-4.0,25.0,-4.0,24.0,-3.0,23.0,-3.0,21.0,-2.0,18.0,-3.0,15.0,-3.0,11.0,-5.0,7.0,-5.0,2.0,-7.0,-3.0,-10.0,-7.0,-12.0,-11.0,-15.0,-14.0,-17.0,-16.0,-19.0,-18.0,-20.0,-19.0,-22.0,-19.0,-22.0,-18.0,-21.0,-18.0,-20.0,-16.0,-18.0,-13.0,-15.0,-11.0,-11.0,-9.0,-6.0,-7.0
1.4317,122.0,-96.0,7.0,0.0,0.0,0.0,0.0,0.0,0.0,0.0,0.0,0.0,-1.0,-13.0,1.0,-17.0,2.0,-21.0,2.0,-24.0,2.0,-27.0,1.0,-29.0,0.0,-30.0,-1.0,-30.0,-1.0,-29.0,-2.0,-26.0,-1.0,-22.0,0.0,-18.0,0.0,-14.0,2.0,-9.0,4.0,-4.0,7.0,0.0,11.0,4.0,14.0,8.0,18.0,12.0,21.0,14.0,24.0,15.0,26.0,16.0,28.0,15.0,27.0,14.0,27.0,12.0,25.0,11.0
1.4473,122.0,-96.0,7.0,0.0,0.0,0.0,0.0,0.0,0.0,0.0,0.0,0.0,-7.0,-22.0,-8.0,-24.0,-9.0,-24.0,-9.0,-24.0,-9.0,-22.0,-9.0,-21.0,-8.0,-18.0,-5.0,-15.0,-3.0,-12.0,0.0,-8.0,3.0,-4.0,7.0,-1.0,12.0,1.0,15.0,3.0,19.0,5.0,22.0,6.0,25.0,6.0,26.0,6.0,27.0,6.0,26.0,5.0,26.0,5.0,23.0,3.0,20.0,2.0,15.0,2.0,11.0,2.0,6.0,3.0
1.4624,122.0,-96.0,7.0,0.0,0.0,0.0,0.0,0.0,0.0,0.0,0.0,0.0,-11.0,2.0,-11.0,1.0,-11.0,1.0,-11.0,1.0,-12.0,2.0,-13.0,2.0,-12.0,2.0,-12.0,3.0,-13.0,3.0,-12.0,2.0,-13.0,2.0,-13.0,2.0,-13.0,2.0,-13.0,3.0,-12.0,3.0,-13.0,3.0,-13.0,3.0,-14.0,3.0,-12.0,3.0,-13.0,4.0,-13.0,3.0,-13.0,4.0,-13.0,4.0,-13.0,4.0,-14.0,4.0,-14.0,4.0
1.4773,122.0,-96.0,7.0,0.0,0.0,0.0,0.0,0.0,0.0,0.0,0.0,0.0,22.0,3.0,24.0,3.0,25.0,2.0,24.0,2.0,23.0,1.0,21.0,1.0,18.0,0.0,15.0,1.0,11.0,2.0,6.0,3.0,1.0,4.0,-3.0,7.0,-7.0,10.0,-11.0,12.0,-14.0,15.0,-16.0,17.0,-17.0,19.0,-18.0,21.0,-18.0,22.0,-17.0,22.0,-16.0,21.0,-13.0,19.0,-12.0,17.0,-10.0,13.0,-8.0,8.0,-7.0,4.0
1.4898,122.0,-96.0,7.0,0.0,0.0,0.0,0.0,0.0,0.0,0.0,0.0,0.0,-1.0,11.0,-1.0,11.0,-1.0,11.0,0.0,11.0,-2.0,11.0,-1.0,12.0,-2.0,12.0,-1.0,12.0,0.0,12.0,-2.0,13.0,-1.0,12.0,-1.0,12.0,-1.0,13.0,0.0,12.0,-1.0,12.0,0.0,13.0,0.0,12.0,0.0,13.0,0.0,13.0,0.0,13.0,0.0,13.0,1.0,13.0,0.0,14.0,0.0,13.0,0.0,13.0,0.0,13.0
1.5038,122.0,-96.0,7.0,0.0,0.0,0.0,0.0,0.0,0.0,0.0,0.0,0.0,-5.0,25.0,-4.0,22.0,-4.0,19.0,-3.0,15.0,-4.0,11.0,-5.0,6.0,-7.0,1.0,-8.0,-4.0,-11.0,-9.0,-14.0,-13.0,-16.0,-16.0,-18.0,-19.0,-21.0,-20.0,-23.0,-21.0,-24.0,-21.0,-24.0,-19.0,-23.0,-18.0,-21.0,-15.0,-19.0,-13.0,-15.0,-11.0,-10.0,-10.0,-5.0,-8.0,1.0,-7.0,7.0,-6.0,12.0,-6.0,17.0,-7.0
1.5178,122.0,-96.0,7.0,0.0,0.0,0.0,0.0,0.0,0.0,0.0,0.0,0.0,2.0,10.0,2.0,14.0,3.0,18.0,4.0,20.0,5.0,23.0,6.0,25.0,7.0,25.0,8.0,25.0,8.0,23.0,7.0,21.0,5.0,18.0,3.0,14.0,2.0,11.0,-1.0,7.0,-4.0,3.0,-8.0,0.0,-13.0,-2.0,-17.0,-5.0,-21.0,-6.0,-24.0,-7.0,-27.0,-7.0,-28.0,-6.0,-29.0,-6.0,-28.0,-6.0,-27.0,-4.0,-24.0,-3.0
1.5325,122.0,-96.0,7.0,0.0,0.0,0.0,0.0,0.0,0.0,0.0,0.0,0.0,-23.0,-12.0,-21.0,-11.0,-18.0,-9.0,-14.0,-8.0,-10.0,-7.0,-5.0,-7.0,1.0,-7.0,6.0,-7.0,11.0,-8.0,16.0,-10.0,19.0,-11.0,22.0,-13.0,24.0,-14.0,25.0,-16.0,25.0,-17.0,24.0,-18.0,22.0,-17.0,19.0,-16.0,16.0,-13.0,13.0,-10.0,10.0,-6.0,7.0,-1.0,4.0,5.0,2.0,10.0,0.0,15.0,0.0,20.0
1.5463,122.0,-96.0,7.0,0.0,0.0,0.0,0.0,0.0,0.0,0.0,0.0,0.0,-17.0,19.0,-15.0,17.0,-13.0,14.0,-11.0,11.0,-9.0,7.0,-7.0,2.0,-6.0,-3.0,-5.0,-8.0,-6.0,-14.0,-6.0,-18.0,-6.0,-22.0,-7.0,-26.0,-8.0,-28.0,-10.0,-29.0,-11.0,-30.0,-12.0,-28.0,-11.0,-26.0,-10.0,-24.0,-9.0,-20.0,-7.0,-16.0,-3.0,-12.0,1.0,-8.0,6.0,-4.0,10.0,-1.0,14.0,2.0,20.0,4.0
1.5607,122.0,-96.0,7.0,0.0,0.0,0.0,0.0,0.0,0.0,0.0,0.0,0.0,-8.0,9.0,-7.0,4.0,-7.0,-2.0,-7.0,-7.0,-8.0,-13.0,-10.0,-18.0,-11.0,-22.0,-14.0,-26.0,-16.0,-28.0,-17.0,-29.0,-19.0,-29.0,-19.0,-28.0,-19.0,-26.0,-19.0,-23.0,-15.0,-20.0,-12.0,-16.0,-8.0,-13.0,-3.0,-10.0,3.0,-7.0,8.0,-4.0,15.0,-3.0,21.0,-3.0,26.0,-3.0,30.0,-4.0,33.0,-5.0,34.0,-6.0
1.5758,122.0,-96.0,7.0,0.0,0.0,0.0,0.0,0.0,0.0,0.0,0.0,0.0,-6.0,8.0,-7.0,9.0,-6.0,9.0,-7.0,9.0,-7.0,9.0,-7.0,9.0,-7.0,10.0,-7.0,10.0,-7.0,10.0,-7.0,10.0,-7.0,10.0,-7.0,10.0,-7.0,11.0,-7.0,11.0,-6.0,11.0,-7.0,11.0,-7.0,11.0,-6.0,11.0,-7.0,11.0,-6.0,11.0,-7.0,11.0,-7.0,11.0,-6.0,12.0,-7.0,12.0,-6.0,12.0,-6.0,12.0
1.5899,102.0,96.0,6.0,0.0,0.0,0.0,0.0,0.0,0.0,0.0,0.0,0.0,12.0,2.0,15.0,4.0,19.0,6.0,23.0,7.0,25.0,7.0,27.0,7.0,28.0,6.0,28.0,5.0,27.0,5.0,24.0,4.0,20.0,3.0,16.0,3.0,12.0,3.0,6.0,4.0,1.0,5.0,-4.0,7.0,-9.0,10.0,-13.0,13.0,-17.0,16.0,-20.0,18.0,-21.0,21.0,-22.0,22.0,-22.0,23.0,-20.0,23.0,-18.0,23.0,-16.0,21.0
1.6033,122.0,-96.0,7.0,0.0,0.0,0.0,0.0,0.0,0.0,0.0,0.0,0.0,-12.0,20.0,-12.0,22.0,-11.0,22.0,-11.0,22.0,-10.0,21.0,-9.0,20.0,-8.0,17.0,-7.0,13.0,-6.0,9.0,-7.0,4.0,-6.0,-1.0,-7.0,-6.0,-8.0,-10.0,-9.0,-15.0,-10.0,-18.0,-11.0,-21.0,-13.0,-23.0,-14.0,-24.0,-15.0,-24.0,-16.0,-24.0,-15.0,-22.0,-14.0,-20.0,-13.0,-17.0,-10.0,-14.0,-6.0,-11.0,-2.0,-8.0
1.6178,122.0,-96.0,7.0,0.0,0.0,0.0,0.0,0.0,0.0,0.0,0.0,0.0,-3.0,-11.0,-4.0,-11.0,-3.0,-11.0,-4.0,-12.0,-3.0,-12.0,-3.0,-12.0,-4.0,-12.0,-4.0,-13.0,-3.0,-13.0,-4.0,-12.0,-4.0,-13.0,-4.0,-12.0,-4.0,-12.0,-5.0,-14.0,-5.0,-13.0,-4.0,-13.0,-5.0,-13.0,-5.0,-13.0,-4.0,-13.0,-5.0,-13.0,-5.0,-13.0,-5.0,-13.0,-5.0,-13.0,-5.0,-13.0,-5.0,-14.0,-6.0,-13.0
1.6308,122.0,-96.0,7.0,0.0,0.0,0.0,0.0,0.0,0.0,0.0,0.0,0.0,14.0,-19.0,14.0,-21.0,14.0,-22.0,13.0,-22.0,12.0,-21.0,11.0,-19.0,9.0,-17.0,8.0,-14.0,7.0,-10.0,6.0,-5.0,5.0,0.0,5.0,5.0,5.0,10.0,6.0,14.0,6.0,18.0,7.0,21.0,9.0,23.0,9.0,25.0,10.0,25.0,11.0,25.0,11.0,24.0,11.0,21.0,10.0,19.0,7.0,15.0,5.0,11.0,2.0,8.0
1.6446,122.0,-96.0,7.0,0.0,0.0,0.0,0.0,0.0,0.0,0.0,0.0,0.0,-10.0,9.0,-16.0,11.0,-19.0,14.0,-22.0,16.0,-24.0,19.0,-25.0,21.0,-25.0,22.0,-24.0,23.0,-22.0,22.0,-20.0,20.0,-17.0,17.0,-15.0,12.0,-12.0,9.0,-9.0,3.0,-7.0,-2.0,-6.0,-9.0,-5.0,-16.0,-5.0,-21.0,-5.0,-26.0,-7.0,-30.0,-8.0,-33.0,-9.0,-35.0,-10.0,-35.0,-10.0,-34.0,-11.0,-32.0,-11.0,-28.0
1.6591,122.0,-96.0,7.0,0.0,0.0,0.0,0.0,0.0,0.0,0.0,0.0,0.0,-7.0,22.0,-7.0,24.0,-6.0,24.0,-6.0,24.0,-5.0,23.0,-5.0,21.0,-4.0,18.0,-4.0,14.0,-4.0,11.0,-5.0,5.0,-6.0,0.0,-8.0,-4.0,-10.0,-9.0,-12.0,-12.0,-14.0,-16.0,-16.0,-18.0,-18.0,-20.0,-19.0,-20.0,-20.0,-21.0,-21.0,-19.0,-20.0,-18.0,-18.0,-16.0,-16.0,-14.0,-13.0,-11.0,-8.0,-9.0,-4.0,-7.0
1.6722,122.0,-96.0,7.0,0.0,0.0,0.0,0.0,0.0,0.0,0.0,0.0,0.0,-13.0,0.0,-8.0,-3.0,-3.0,-6.0,1.0,-10.0,4.0,-15.0,7.0,-20.0,9.0,-24.0,10.0,-27.0,10.0,-30.0,10.0,-32.0,9.0,-33.0,7.0,-32.0,6.0,-30.0,4.0,-28.0,4.0,-24.0,4.0,-19.0,4.0,-13.0,5.0,-7.0,7.0,0.0,9.0,5.0,13.0,11.0,16.0,15.0,20.0,18.0,23.0,20.0,26.0,21.0,27.0,21.0
1.6864,122.0,-96.0,7.0,0.0,0.0,0.0,0.0,0.0,0.0,0.0,0.0,0.0,-9.0,-10.0,-11.0,-14.0,-13.0,-17.0,-15.0,-20.0,-17.0,-22.0,-19.0,-23.0,-20.0,-23.0,-20.0,-22.0,-20.0,-20.0,-18.0,-18.0,-14.0,-16.0,-11.0,-13.0,-7.0,-11.0,-2.0,-8.0,3.0,-5.0,8.0,-5.0,14.0,-4.0,19.0,-3.0,24.0,-4.0,26.0,-5.0,29.0,-5.0,31.0,-7.0,31.0,-7.0,29.0,-8.0,27.0,-9.0,24.0,-8.0
1.6994,122.0,-96.0,7.0,0.0,0.0,0.0,0.0,0.0,0.0,0.0,0.0,0.0,21.0,13.0,19.0,12.0,17.0,10.0,13.0,8.0,9.0,7.0,4.0,6.0,-2.0,6.0,-8.0,5.0,-12.0,6.0,-17.0,7.0,-21.0,8.0,-24.0,9.0,-27.0,10.0,-28.0,12.0,-28.0,13.0,-27.0,14.0,-26.0,13.0,-22.0,12.0,-20.0,10.0,-16.0,8.0,-12.0,4.0,-9.0,0.0,-5.0,-5.0,-2.0,-9.0,0.0,-14.0,2.0,-20.0
1.7124,122.0,-96.0,7.0,0.0,0.0,0.0,0.0,0.0,0.0,0.0,0.0,0.0,17.0,-12.0,18.0,-13.0,18.0,-14.0,18.0,-14.0,16.0,-13.0,15.0,-13.0,13.0,-11.0,10.0,-8.0,8.0,-6.0,6.0,-2.0,4.0,2.0,2.0,6.0,1.0,11.0,0.0,14.0,0.0,18.0,-1.0,20.0,0.0,23.0,0.0,24.0,1.0,25.0,2.0,24.0,2.0,23.0,2.0,21.0,2.0,18.0,1.0,14.0,0.0,10.0,-2.0,6.0
1.727,122.0,-96.0,7.0,0.0,0.0,0.0,0.0,0.0,0.0,0.0,0.0,0.0,-8.0,-23.0,-9.0,-24.0,-10.0,-24.0,-10.0,-23.0,-11.0,-22.0,-10.0,-20.0,-8.0,-17.0,-6.0,-14.0,-4.0,-11.0,0.0,-8.0,4.0,-4.0,8.0,-1.0,12.0,1.0,16.0,3.0,20.0,4.0,23.0,5.0,26.0,5.0,26.0,5.0,27.0,4.0,26.0,3.0,25.0,3.0,22.0,2.0,19.0,1.0,14.0,2.0,9.0,2.0,4.0,3.0
1.7413,122.0,-96.0,7.0,0.0,0.0,0.0,0.0,0.0,0.0,0.0,0.0,0.0,-12.0,4.0,-17.0,5.0,-20.0,5.0,-24.0,6.0,-26.0,7.0,-28.0,9.0,-28.0,10.0,-28.0,11.0,-26.0,11.0,-23.0,10.0,-20.0,8.0,-17.0,5.0,-13.0,3.0,-9.0,-1.0,-5.0,-4.0,-2.0,-9.0,1.0,-14.0,3.0,-19.0,5.0,-23.0,5.0,-27.0,5.0,-30.0,5.0,-31.0,4.0,-32.0,3.0,-31.0,1.0,-30.0,0.0,-27.0
1.7442,98.0,33.0,22.0,0.0,0.0,0.0,0.0,0.0,0.0,0.0,0.0,0.0,10.0,9.0,9.0,5.0,14.0,1.0,14.0,-2.0,18.0,-5.0,19.0,-8.0,21.0,-11.0,20.0,-12.0,21.0,-14.0,22.0,-15.0,20.0,-18.0,17.0,-17.0,15.0,-16.0,11.0,-15.0,8.0,-13.0,4.0,-10.0,-1.0,-7.0,-5.0,-4.0,-9.0,0.0,-14.0,4.0,-18.0,9.0,-22.0,13.0,-24.0,16.0,-26.0,19.0,-28.0,21.0,-29.0,22.0
1.7598,122.0,-96.0,7.0,0.0,0.0,0.0,0.0,0.0,0.0,0.0,0.0,0.0,-4.0,-13.0,-1.0,-8.0,4.0,-5.0,9.0,-2.0,14.0,1.0,20.0,3.0,23.0,4.0,28.0,5.0,31.0,4.0,32.0,4.0,33.0,2.0,33.0,1.0,31.0,0.0,28.0,-1.0,24.0,-1.0,19.0,-1.0,14.0,1.0,8.0,3.0,2.0,7.0,-3.0,9.0,-8.0,13.0,-12.0,18.0,-15.0,22.0,-17.0,26.0,-17.0,28.0,-18.0,31.0
1.7736,122.0,-96.0,7.0,0.0,0.0,0.0,0.0,0.0,0.0,0.0,0.0,0.0,-10.0,2.0,-11.0,3.0,-11.0,2.0,-11.0,3.0,-11.0,2.0,-12.0,3.0,-12.0,3.0,-12.0,3.0,-12.0,4.0,-12.0,3.0,-12.0,3.0,-12.0,3.0,-12.0,3.0,-12.0,4.0,-12.0,4.0,-12.0,3.0,-12.0,4.0,-12.0,4.0,-13.0,3.0,-13.0,3.0,-12.0,4.0,-12.0,4.0,-12.0,4.0,-13.0,4.0,-13.0,4.0,-13.0,4.0
1.7858,122.0,-96.0,7.0,0.0,0.0,0.0,0.0,0.0,0.0,0.0,0.0,0.0,-14.0,1.0,-19.0,0.0,-24.0,0.0,-27.0,0.0,-31.0,0.0,-33.0,1.0,-34.0,2.0,-34.0,3.0,-32.0,4.0,-28.0,3.0,-24.0,2.0,-20.0,1.0,-15.0,-1.0,-9.0,-3.0,-4.0,-6.0,1.0,-10.0,6.0,-15.0,9.0,-19.0,12.0,-24.0,14.0,-27.0,15.0,-30.0,15.0,-32.0,15.0,-33.0,14.0,-33.0,11.0,-32.0,10.0,-29.0
1.7987,122.0,-96.0,7.0,0.0,0.0,0.0,0.0,0.0,0.0,0.0,0.0,0.0,0.0,12.0,-1.0,16.0,-1.0,21.0,-1.0,24.0,-1.0,26.0,0.0,29.0,1.0,29.0,1.0,29.0,2.0,27.0,2.0,24.0,1.0,20.0,0.0,16.0,-1.0,11.0,-4.0,6.0,-6.0,1.0,-10.0,-3.0,-14.0,-7.0,-17.0,-11.0,-21.0,-13.0,-25.0,-15.0,-27.0,-16.0,-28.0,-15.0,-29.0,-15.0,-28.0,-14.0,-27.0,-12.0,-24.0,-10.0
1.8126,122.0,-96.0,7.0,0.0,0.0,0.0,0.0,0.0,0.0,0.0,0.0,0.0,-2.0,11.0,-3.0,15.0,-4.0,18.0,-4.0,21.0,-5.0,24.0,-4.0,25.0,-3.0,26.0,-2.0,26.0,-2.0,24.0,-1.0,22.0,-2.0,18.0,-2.0,14.0,-3.0,10.0,-4.0,5.0,-6.0,0.0,-9.0,-4.0,-12.0,-8.0,-14.0,-12.0,-17.0,-14.0,-20.0,-17.0,-22.0,-18.0,-23.0,-18.0,-24.0,-17.0,-23.0,-16.0,-23.0,-14.0,-20.0,-13.0
1.8331,122.0,-96.0,7.0,0.0,0.0,0.0,0.0,0.0,0.0,0.0,0.0,0.0,5.0,25.0,6.0,27.0,7.0,27.0,7.0,26.0,7.0,24.0,7.0,22.0,6.0,19.0,4.0,15.0,1.0,11.0,-2.0,7.0,-6.0,3.0,-10.0,-1.0,-15.0,-4.0,-18.0,-7.0,-23.0,-8.0,-25.0,-10.0,-29.0,-10.0,-30.0,-10.0,-31.0,-9.0,-30.0,-8.0,-28.0,-7.0,-25.0,-6.0,-22.0,-5.0,-16.0,-5.0,-11.0,-4.0,-5.0,-5.0
1.844,122.0,-96.0,7.0,0.0,0.0,0.0,0.0,0.0,0.0,0.0,0.0,0.0,-1.0,9.0,-2.0,10.0,-2.0,9.0,-2.0,9.0,-2.0,9.0,-2.0,10.0,-2.0,10.0,-1.0,11.0,-2.0,11.0,-2.0,12.0,-2.0,11.0,-2.0,11.0,-1.0,10.0,-2.0,11.0,-2.0,11.0,-1.0,11.0,-2.0,11.0,-1.0,11.0,-2.0,11.0,-1.0,11.0,-1.0,11.0,-1.0,12.0,-1.0,11.0,-1.0,11.0,-1.0,12.0,-1.0,12.0
1.856,122.0,-96.0,7.0,0.0,0.0,0.0,0.0,0.0,0.0,0.0,0.0,0.0,-24.0,-9.0,-22.0,-9.0,-19.0,-7.0,-16.0,-7.0,-11.0,-6.0,-6.0,-6.0,0.0,-7.0,5.0,-7.0,10.0,-9.0,14.0,-11.0,17.0,-13.0,21.0,-15.0,23.0,-17.0,24.0,-19.0,24.0,-20.0,22.0,-20.0,21.0,-20.0,18.0,-18.0,16.0,-16.0,13.0,-12.0,10.0,-8.0,7.0,-3.0,5.0,2.0,3.0,8.0,1.0,13.0,2.0,19.0
1.8688,122.0,-96.0,7.0,0.0,0.0,0.0,0.0,0.0,0.0,0.0,0.0,0.0,18.0,18.0,16.0,15.0,14.0,14.0,11.0,11.0,7.0,9.0,2.0,7.0,-3.0,5.0,-8.0,4.0,-13.0,3.0,-19.0,3.0,-22.0,3.0,-25.0,3.0,-29.0,5.0,-30.0,6.0,-30.0,7.0,-30.0,8.0,-27.0,8.0,-25.0,8.0,-21.0,7.0,-18.0,5.0,-13.0,2.0,-9.0,-1.0,-4.0,-6.0,-1.0,-10.0,3.0,-14.0,5.0,-19.0
1.883,122.0,-96.0,7.0,0.0,0.0,0.0,0.0,0.0,0.0,0.0,0.0,0.0,5.0,11.0,6.0,15.0,8.0,19.0,9.0,22.0,10.0,24.0,12.0,26.0,13.0,26.0,13.0,25.0,13.0,24.0,12.0,21.0,9.0,17.0,6.0,14.0,3.0,11.0,-1.0,7.0,-5.0,4.0,-10.0,1.0,-16.0,-1.0,-20.0,-3.0,-25.0,-3.0,-28.0,-4.0,-31.0,-3.0,-32.0,-3.0,-33.0,-2.0,-31.0,-1.0,-29.0,0.0,-26.0,1.0
1.8988,122.0,-96.0,7.0,0.0,0.0,0.0,0.0,0.0,0.0,0.0,0.0,0.0,-4.0,-11.0,-1.0,-8.0,3.0,-5.0,8.0,-2.0,13.0,0.0,17.0,1.0,21.0,2.0,24.0,3.0,28.0,2.0,29.0,1.0,29.0,0.0,29.0,-1.0,27.0,-2.0,25.0,-3.0,21.0,-3.0,17.0,-2.0,12.0,0.0,8.0,2.0,3.0,5.0,-2.0,9.0,-6.0,12.0,-9.0,17.0,-12.0,21.0,-12.0,24.0,-13.0,27.0,-13.0,28.0
1.9142,122.0,-96.0,7.0,0.0,0.0,0.0,0.0,0.0,0.0,0.0,0.0,0.0,-26.0,-6.0,-23.0,-5.0,-20.0,-5.0,-16.0,-4.0,-11.0,-4.0,-7.0,-5.0,-2.0,-7.0,3.0,-8.0,8.0,-11.0,12.0,-14.0,15.0,-16.0,18.0,-18.0,20.0,-20.0,20.0,-23.0,20.0,-23.0,19.0,-24.0,17.0,-23.0,15.0,-21.0,13.0,-18.0,11.0,-14.0,9.0,-10.0,7.0,-4.0,6.0,1.0,5.0,7.0,4.0,13.0,5.0,18.0
1.9284,122.0,-96.0,7.0,0.0,0.0,0.0,0.0,0.0,0.0,0.0,0.0,0.0,-5.0,22.0,-4.0,24.0,-3.0,25.0,-3.0,24.0,-2.0,24.0,-2.0,22.0,-2.0,19.0,-2.0,15.0,-3.0,11.0,-4.0,7.0,-5.0,2.0,-8.0,-3.0,-11.0,-7.0,-13.0,-10.0,-15.0,-14.0,-18.0,-16.0,-20.0,-17.0,-21.0,-18.0,-23.0,-18.0,-23.0,-17.0,-23.0,-16.0,-21.0,-14.0,-19.0,-12.0,-15.0,-10.0,-11.0,-8.0,-7.0,-7.0
1.9419,122.0,-96.0,7.0,0.0,0.0,0.0,0.0,0.0,0.0,0.0,0.0,0.0,-21.0,14.0,-19.0,13.0,-17.0,11.0,-14.0,8.0,-11.0,5.0,-8.0,1.0,-6.0,-4.0,-4.0,-9.0,-3.0,-14.0,-1.0,-19.0,-1.0,-22.0,-1.0,-26.0,-1.0,-29.0,-3.0,-31.0,-4.0,-31.0,-4.0,-30.0,-5.0,-29.0,-5.0,-26.0,-5.0,-22.0,-4.0,-18.0,-1.0,-13.0,2.0,-8.0,5.0,-4.0,9.0,1.0,12.0,5.0,17.0,7.0
1.9562,122.0,-96.0,7.0,0.0,0.0,0.0,0.0,0.0,0.0,0.0,0.0,0.0,20.0,-11.0,21.0,-13.0,22.0,-13.0,21.0,-14.0,19.0,-14.0,18.0,-12.0,16.0,-11.0,13.0,-8.0,10.0,-6.0,7.0,-2.0,4.0,2.0,2.0,7.0,1.0,11.0,-1.0,15.0,-2.0,19.0,-2.0,22.0,-3.0,25.0,-2.0,27.0,-1.0,28.0,0.0,27.0,0.0,27.0,0.0,24.0,1.0,21.0,0.0,17.0,0.0,13.0,-2.0,8.0
1.9692,122.0,-96.0,7.0,0.0,0.0,0.0,0.0,0.0,0.0,0.0,0.0,0.0,4.0,25.0,4.0,22.0,3.0,20.0,2.0,15.0,0.0,11.0,-3.0,7.0,-6.0,3.0,-10.0,-1.0,-14.0,-5.0,-17.0,-7.0,-20.0,-10.0,-23.0,-11.0,-26.0,-12.0,-28.0,-12.0,-29.0,-11.0,-29.0,-10.0,-28.0,-9.0,-25.0,-8.0,-22.0,-7.0,-18.0,-6.0,-12.0,-6.0,-7.0,-6.0,-1.0,-7.0,5.0,-8.0,10.0,-10.0,15.0,-13.0
1.985,122.0,-96.0,7.0,0.0,0.0,0.0,0.0,0.0,0.0,0.0,0.0,0.0,8.0,8.0,10.0,12.0,13.0,16.0,15.0,18.0,17.0,20.0,19.0,21.0,20.0,21.0,20.0,20.0,20.0,19.0,18.0,17.0,15.0,15.0,12.0,12.0,8.0,10.0,4.0,7.0,-1.0,6.0,-7.0,4.0,-13.0,3.0,-17.0,3.0,-23.0,4.0,-26.0,4.0,-30.0,5.0,-31.0,6.0,-32.0,7.0,-31.0,8.0,-29.0,9.0,-26.0,8.0
1.9986,122.0,-96.0,7.0,0.0,0.0,0.0,0.0,0.0,0.0,0.0,0.0,0.0,-10.0,-6.0,-13.0,-8.0,-16.0,-11.0,-19.0,-12.0,-21.0,-13.0,-23.0,-14.0,-24.0,-14.0,-24.0,-12.0,-23.0,-11.0,-21.0,-10.0,-18.0,-9.0,-15.0,-8.0,-11.0,-7.0,-6.0,-6.0,-2.0,-6.0,4.0,-7.0,8.0,-8.0,13.0,-9.0,18.0,-11.0,20.0,-12.0,22.0,-14.0,23.0,-15.0,23.0,-16.0,23.0,-17.0,21.0,-18.0,19.0,-16.0
2.0119,122.0,-96.0,7.0,0.0,0.0,0.0,0.0,0.0,0.0,0.0,0.0,0.0,7.0,-10.0,6.0,-5.0,6.0,1.0,6.0,6.0,7.0,13.0,8.0,18.0,9.0,22.0,11.0,26.0,13.0,28.0,15.0,29.0,16.0,29.0,17.0,28.0,17.0,26.0,16.0,23.0,13.0,19.0,10.0,16.0,6.0,12.0,1.0,9.0,-5.0,6.0,-10.0,3.0,-16.0,1.0,-22.0,0.0,-27.0,0.0,-31.0,1.0,-34.0,2.0,-36.0,3.0
2.0264,122.0,-96.0,7.0,0.0,0.0,0.0,0.0,0.0,0.0,0.0,0.0,0.0,11.0,-3.0,11.0,-3.0,11.0,-2.0,11.0,-3.0,11.0,-2.0,12.0,-2.0,12.0,-3.0,11.0,-3.0,12.0,-3.0,12.0,-4.0,12.0,-3.0,12.0,-3.0,12.0,-4.0,12.0,-3.0,13.0,-4.0,12.0,-4.0,13.0,-4.0,12.0,-4.0,12.0,-4.0,13.0,-4.0,13.0,-4.0,12.0,-4.0,13.0,-4.0,13.0,-5.0,13.0,-5.0,13.0,-5.0
2.0405,122.0,-96.0,7.0,0.0,0.0,0.0,0.0,0.0,0.0,0.0,0.0,0.0,26.0,-13.0,23.0,-12.0,20.0,-11.0,16.0,-8.0,12.0,-5.0,9.0,-1.0,5.0,4.0,1.0,9.0,-1.0,15.0,-3.0,19.0,-4.0,24.0,-5.0,28.0,-5.0,32.0,-4.0,33.0,-3.0,35.0,-1.0,33.0,-1.0,32.0,0.0,28.0,0.0,24.0,-1.0,20.0,-2.0,14.0,-5.0,8.0,-8.0,1.0,-10.0,-4.0,-14.0,-9.0,-18.0,-13.0
2.0548,122.0,-96.0,7.0,0.0,0.0,0.0,0.0,0.0,0.0,0.0,0.0,0.0,16.0,20.0,14.0,18.0,12.0,15.0,9.0,12.0,6.0,10.0,1.0,7.0,-4.0,5.0,-9.0,3.0,-14.0,2.0,-19.0,1.0,-22.0,1.0,-26.0,1.0,-29.0,2.0,-31.0,3.0,-31.0,4.0,-31.0,5.0,-28.0,5.0,-26.0,5.0,-22.0,5.0,-18.0,3.0,-13.0,1.0,-9.0,-2.0,-4.0,-6.0,1.0,-10.0,4.0,-13.0,7.0,-18.0
2.068,122.0,-96.0,7.0,0.0,0.0,0.0,0.0,0.0,0.0,0.0,0.0,0.0,-15.0,1.0,-20.0,0.0,-25.0,-1.0,-28.0,-1.0,-32.0,0.0,-33.0,1.0,-34.0,2.0,-33.0,4.0,-31.0,4.0,-28.0,4.0,-23.0,2.0,-19.0,0.0,-14.0,-1.0,-8.0,-4.0,-3.0,-7.0,2.0,-11.0,6.0,-16.0,9.0,-20.0,12.0,-25.0,13.0,-29.0,14.0,-32.0,13.0,-34.0,13.0,-34.0,12.0,-33.0,10.0,-31.0,8.0,-28.0
2.0817,122.0,-96.0,7.0,0.0,0.0,0.0,0.0,0.0,0.0,0.0,0.0,0.0,-29.0,6.0,-31.0,8.0,-31.0,9.0,-30.0,9.0,-29.0,9.0,-26.0,9.0,-22.0,7.0,-18.0,5.0,-14.0,2.0,-9.0,-2.0,-4.0,-6.0,0.0,-11.0,3.0,-17.0,6.0,-21.0,8.0,-26.0,9.0,-29.0,9.0,-32.0,9.0,-34.0,8.0,-35.0,7.0,-34.0,7.0,-32.0,5.0,-28.0,4.0,-24.0,3.0,-19.0,4.0,-12.0,5.0,-6.0
2.0957,122.0,-96.0,7.0,0.0,0.0,0.0,0.0,0.0,0.0,0.0,0.0,0.0,11.0,-3.0,15.0,-2.0,19.0,-2.0,22.0,-3.0,24.0,-4.0,25.0,-4.0,25.0,-5.0,25.0,-5.0,24.0,-6.0,21.0,-5.0,18.0,-4.0,14.0,-3.0,10.0,-1.0,6.0,2.0,2.0,5.0,-1.0,8.0,-5.0,12.0,-7.0,16.0,-9.0,20.0,-10.0,22.0,-11.0,25.0,-11.0,26.0,-9.0,27.0,-8.0,26.0,-7.0,25.0,-6.0,22.0
2.11,122.0,-96.0,7.0,0.0,0.0,0.0,0.0,0.0,0.0,0.0,0.0,0.0,-10.0,4.0,-10.0,4.0,-10.0,5.0,-11.0,5.0,-11.0,5.0,-11.0,5.0,-11.0,5.0,-11.0,6.0,-12.0,5.0,-11.0,5.0,-12.0,5.0,-12.0,5.0,-12.0,5.0,-12.0,6.0,-12.0,6.0,-12.0,6.0,-12.0,6.0,-12.0,6.0,-12.0,6.0,-12.0,6.0,-12.0,6.0,-12.0,6.0,-12.0,7.0,-13.0,6.0,-12.0,6.0,-12.0,7.0
2.127,122.0,-96.0,7.0,0.0,0.0,0.0,0.0,0.0,0.0,0.0,0.0,0.0,0.0,-13.0,2.0,-8.0,6.0,-3.0,9.0,1.0,14.0,5.0,18.0,8.0,22.0,10.0,26.0,12.0,29.0,12.0,31.0,12.0,31.0,11.0,31.0,10.0,29.0,9.0,27.0,6.0,22.0,5.0,17.0,5.0,11.0,5.0,6.0,6.0,-1.0,7.0,-7.0,9.0,-13.0,12.0,-17.0,16.0,-21.0,19.0,-23.0,22.0,-24.0,25.0,-24.0,25.0
2.1392,122.0,-96.0,7.0,0.0,0.0,0.0,0.0,0.0,0.0,0.0,0.0,0.0,18.0,-14.0,16.0,-13.0,14.0,-11.0,11.0,-9.0,8.0,-5.0,6.0,-1.0,4.0,3.0,2.0,8.0,1.0,12.0,1.0,16.0,0.0,19.0,1.0,23.0,2.0,25.0,3.0,27.0,4.0,27.0,4.0,26.0,5.0,24.0,4.0,21.0,4.0,18.0,2.0,14.0,0.0,10.0,-3.0,6.0,-7.0,2.0,-10.0,-2.0,-13.0,-6.0,-18.0,-8.0
2.1461,98.0,33.0,22.0,0.0,0.0,0.0,0.0,0.0,0.0,0.0,0.0,0.0,5.0,-11.0,2.0,-10.0,-4.0,-13.0,-10.0,-12.0,-10.0,-13.0,-14.0,-13.0,-20.0,-14.0,-20.0,-14.0,-23.0,-16.0,-24.0,-15.0,-23.0,-13.0,-22.0,-11.0,-20.0,-10.0,-19.0,-8.0,-16.0,-2.0,-12.0,0.0,-7.0,2.0,-3.0,6.0,3.0,7.0,8.0,9.0,16.0,12.0,19.0,13.0,24.0,14.0,28.0,14.0,32.0,16.0,32.0,15.0
2.1607,122.0,-96.0,7.0,0.0,0.0,0.0,0.0,0.0,0.0,0.0,0.0,0.0,22.0,0.0,20.0,0.0,17.0,0.0,14.0,0.0,10.0,1.0,5.0,3.0,0.0,5.0,-4.0,8.0,-7.0,11.0,-10.0,13.0,-12.0,16.0,-14.0,18.0,-16.0,21.0,-15.0,22.0,-15.0,23.0,-13.0,23.0,-12.0,22.0,-11.0,19.0,-9.0,17.0,-8.0,13.0,-7.0,8.0,-6.0,3.0,-7.0,-3.0,-7.0,-8.0,-7.0,-12.0,-9.0,-17.0
2.1778,122.0,-96.0,7.0,0.0,0.0,0.0,0.0,0.0,0.0,0.0,0.0,0.0,-10.0,9.0,-11.0,9.0,-11.0,9.0,-11.0,9.0,-11.0,9.0,-12.0,10.0,-12.0,10.0,-11.0,11.0,-12.0,10.0,-12.0,10.0,-12.0,10.0,-12.0,11.0,-12.0,10.0,-12.0,11.0,-12.0,11.0,-12.0,11.0,-12.0,11.0,-11.0,12.0,-12.0,12.0,-12.0,12.0,-12.0,12.0,-12.0,11.0,-12.0,12.0,-12.0,12.0,-12.0,12.0,-12.0,13.0
2.1889,122.0,-96.0,7.0,0.0,0.0,0.0,0.0,0.0,0.0,0.0,0.0,0.0,-1.0,12.0,-3.0,7.0,-6.0,2.0,-10.0,-2.0,-14.0,-6.0,-19.0,-10.0,-22.0,-12.0,-26.0,-14.0,-29.0,-14.0,-31.0,-14.0,-32.0,-13.0,-32.0,-12.0,-30.0,-10.0,-29.0,-8.0,-24.0,-7.0,-19.0,-7.0,-14.0,-6.0,-8.0,-7.0,-1.0,-8.0,5.0,-9.0,11.0,-12.0,16.0,-14.0,19.0,-18.0,22.0,-21.0,24.0,-24.0,24.0,-26.0
2.2019,122.0,-96.0,7.0,0.0,0.0,0.0,0.0,0.0,0.0,0.0,0.0,0.0,19.0,17.0,17.0,15.0,15.0,13.0,11.0,11.0,8.0,9.0,3.0,7.0,-2.0,6.0,-7.0,5.0,-12.0,4.0,-17.0,4.0,-21.0,4.0,-25.0,5.0,-28.0,6.0,-29.0,8.0,-30.0,9.0,-29.0,10.0,-27.0,10.0,-25.0,10.0,-21.0,9.0,-18.0,7.0,-14.0,4.0,-10.0,0.0,-6.0,-4.0,-2.0,-8.0,1.0,-13.0,3.0,-18.0
2.2155,122.0,-96.0,7.0,0.0,0.0,0.0,0.0,0.0,0.0,0.0,0.0,0.0,12.0,0.0,16.0,1.0,20.0,2.0,23.0,3.0,26.0,2.0,28.0,2.0,29.0,1.0,29.0,0.0,28.0,-1.0,25.0,-1.0,21.0,0.0,17.0,0.0,13.0,1.0,8.0,3.0,3.0,5.0,-2.0,7.0,-6.0,11.0,-10.0,14.0,-13.0,18.0,-15.0,21.0,-16.0,24.0,-17.0,26.0,-16.0,27.0,-15.0,27.0,-13.0,27.0,-12.0,24.0
2.2291,122.0,-96.0,7.0,0.0,0.0,0.0,0.0,0.0,0.0,0.0,0.0,0.0,-8.0,-25.0,-9.0,-27.0,-10.0,-27.0,-11.0,-27.0,-11.0,-25.0,-10.0,-23.0,-9.0,-20.0,-7.0,-17.0,-4.0,-13.0,0.0,-9.0,3.0,-5.0,8.0,-2.0,12.0,1.0,17.0,4.0,21.0,5.0,24.0,7.0,27.0,7.0,29.0,8.0,30.0,7.0,30.0,5.0,29.0,5.0,27.0,4.0,23.0,3.0,19.0,3.0,13.0,3.0,8.0,3.0
2.2421,122.0,-96.0,7.0,0.0,0.0,0.0,0.0,0.0,0.0,0.0,0.0,0.0,-11.0,23.0,-10.0,21.0,-8.0,18.0,-7.0,14.0,-7.0,10.0,-6.0,5.0,-7.0,0.0,-7.0,-6.0,-9.0,-11.0,-10.0,-15.0,-11.0,-19.0,-13.0,-22.0,-16.0,-24.0,-17.0,-25.0,-18.0,-26.0,-19.0,-25.0,-19.0,-23.0,-18.0,-21.0,-16.0,-18.0,-13.0,-15.0,-8.0,-12.0,-4.0,-9.0,1.0,-7.0,6.0,-5.0,11.0,-3.0,17.0,-3.0
2.2544,122.0,-96.0,7.0,0.0,0.0,0.0,0.0,0.0,0.0,0.0,0.0,0.0,-4.0,11.0,-7.0,15.0,-8.0,19.0,-9.0,22.0,-10.0,25.0,-10.0,27.0,-9.0,27.0,-8.0,28.0,-7.0,27.0,-7.0,24.0,-6.0,20.0,-6.0,16.0,-5.0,11.0,-6.0,6.0,-6.0,0.0,-8.0,-5.0,-11.0,-11.0,-12.0,-15.0,-15.0,-19.0,-17.0,-22.0,-20.0,-24.0,-21.0,-24.0,-22.0,-24.0,-22.0,-23.0,-22.0,-21.0,-20.0,-19.0
2.2691,122.0,-96.0,7.0,0.0,0.0,0.0,0.0,0.0,0.0,0.0,0.0,0.0,21.0,-16.0,18.0,-14.0,16.0,-13.0,13.0,-10.0,10.0,-6.0,7.0,-2.0,5.0,3.0,2.0,8.0,1.0,13.0,1.0,18.0,0.0,21.0,0.0,25.0,1.0,28.0,2.0,29.0,3.0,30.0,4.0,29.0,4.0,27.0,4.0,25.0,4.0,21.0,2.0,17.0,0.0,12.0,-3.0,7.0,-6.0,3.0,-10.0,-2.0,-13.0,-6.0,-18.0,-9.0
2.2837,122.0,-96.0,7.0,0.0,0.0,0.0,0.0,0.0,0.0,0.0,0.0,0.0,-29.0,-7.0,-27.0,-6.0,-23.0,-5.0,-18.0,-5.0,-14.0,-5.0,-8.0,-6.0,-2.0,-7.0,4.0,-9.0,9.0,-11.0,14.0,-14.0,17.0,-17.0,21.0,-19.0,23.0,-22.0,24.0,-24.0,24.0,-26.0,23.0,-26.0,21.0,-26.0,19.0,-24.0,16.0,-20.0,13.0,-17.0,11.0,-12.0,8.0,-6.0,7.0,0.0,5.0,6.0,4.0,13.0,5.0,19.0
2.2874,98.0,33.0,22.0,0.0,0.0,0.0,0.0,0.0,0.0,0.0,0.0,0.0,3.0,-24.0,2.0,-21.0,1.0,-17.0,-1.0,-13.0,-5.0,-9.0,-8.0,-5.0,-11.0,-2.0,-14.0,2.0,-17.0,5.0,-19.0,8.0,-21.0,11.0,-23.0,14.0,-23.0,15.0,-22.0,18.0,-20.0,18.0,-18.0,19.0,-16.0,18.0,-13.0,16.0,-9.0,13.0,-5.0,9.0,-1.0,5.0,3.0,-1.0,7.0,-6.0,11.0,-11.0,15.0,-17.0,19.0,-22.0
2.3011,122.0,-96.0,7.0,0.0,0.0,0.0,0.0,0.0,0.0,0.0,0.0,0.0,-18.0,5.0,-18.0,5.0,-18.0,5.0,-18.0,5.0,-19.0,5.0,-19.0,5.0,-19.0,5.0,-19.0,5.0,-20.0,6.0,-20.0,5.0,-19.0,5.0,-20.0,5.0,-20.0,6.0,-20.0,6.0,-20.0,6.0,-19.0,6.0,-20.0,6.0,-20.0,6.0,-20.0,6.0,-20.0,6.0,-20.0,7.0,-20.0,7.0,-21.0,7.0,-20.0,7.0,-20.0,7.0,-20.0,7.0
2.3144,122.0,-96.0,7.0,0.0,0.0,0.0,0.0,0.0,0.0,0.0,0.0,0.0,-20.0,-2.0,-20.0,-2.0,-20.0,-2.0,-20.0,-2.0,-21.0,-2.0,-21.0,-2.0,-22.0,-2.0,-21.0,-2.0,-22.0,-2.0,-22.0,-2.0,-22.0,-2.0,-22.0,-2.0,-22.0,-2.0,-22.0,-2.0,-23.0,-2.0,-22.0,-2.0,-23.0,-2.0,-22.0,-2.0,-22.0,-2.0,-23.0,-1.0,-23.0,-2.0,-23.0,-2.0,-23.0,-2.0,-23.0,-2.0,-23.0,-2.0,-23.0,-1.0
2.3277,122.0,-96.0,7.0,0.0,0.0,0.0,0.0,0.0,0.0,0.0,0.0,0.0,5.0,-10.0,5.0,-5.0,5.0,0.0,6.0,5.0,7.0,10.0,9.0,15.0,11.0,18.0,13.0,21.0,15.0,23.0,16.0,24.0,18.0,24.0,18.0,22.0,18.0,20.0,17.0,18.0,14.0,15.0,11.0,12.0,7.0,10.0,2.0,7.0,-4.0,5.0,-9.0,4.0,-14.0,3.0,-19.0,3.0,-24.0,4.0,-27.0,5.0,-29.0,7.0,-31.0,8.0
2.3418,122.0,-96.0,7.0,0.0,0.0,0.0,0.0,0.0,0.0,0.0,0.0,0.0,10.0,-24.0,9.0,-22.0,7.0,-19.0,6.0,-15.0,6.0,-10.0,6.0,-5.0,6.0,0.0,6.0,5.0,8.0,10.0,10.0,15.0,11.0,18.0,12.0,21.0,15.0,24.0,17.0,24.0,18.0,24.0,19.0,23.0,17.0,22.0,16.0,19.0,14.0,16.0,11.0,13.0,7.0,10.0,2.0,8.0,-4.0,5.0,-9.0,3.0,-14.0,1.0,-20.0,1.0
2.3555,122.0,-96.0,7.0,0.0,0.0,0.0,0.0,0.0,0.0,0.0,0.0,0.0,12.0,-1.0,7.0,2.0,3.0,5.0,-2.0,9.0,-6.0,13.0,-9.0,18.0,-11.0,22.0,-12.0,26.0,-13.0,29.0,-12.0,31.0,-11.0,32.0,-10.0,31.0,-9.0,30.0,-7.0,28.0,-6.0,24.0,-6.0,18.0,-6.0,13.0,-6.0,7.0,-8.0,0.0,-9.0,-5.0,-13.0,-11.0,-15.0,-16.0,-19.0,-20.0,-22.0,-22.0,-25.0,-23.0,-27.0,-24.0
2.3702,122.0,-96.0,7.0,0.0,0.0,0.0,0.0,0.0,0.0,0.0,0.0,0.0,9.0,-22.0,9.0,-24.0,8.0,-24.0,8.0,-24.0,7.0,-23.0,6.0,-22.0,5.0,-19.0,5.0,-15.0,4.0,-11.0,4.0,-6.0,5.0,-1.0,6.0,3.0,8.0,8.0,9.0,12.0,11.0,16.0,12.0,19.0,14.0,21.0,15.0,22.0,17.0,22.0,17.0,22.0,16.0,21.0,15.0,18.0,14.0,16.0,11.0,12.0,7.0,10.0,3.0,7.0
2.3838,122.0,-96.0,7.0,0.0,0.0,0.0,0.0,0.0,0.0,0.0,0.0,0.0,7.0,-9.0,8.0,-9.0,8.0,-9.0,8.0,-9.0,7.0,-9.0,7.0,-9.0,7.0,-10.0,7.0,-11.0,7.0,-11.0,7.0,-10.0,7.0,-10.0,8.0,-10.0,8.0,-10.0,8.0,-11.0,8.0,-11.0,8.0,-11.0,8.0,-11.0,8.0,-11.0,8.0,-11.0,7.0,-11.0,8.0,-11.0,8.0,-11.0,7.0,-12.0,8.0,-12.0,8.0,-12.0,7.0,-12.0
2.4031,122.0,-96.0,7.0,0.0,0.0,0.0,0.0,0.0,0.0,0.0,0.0,0.0,7.0,-23.0,7.0,-25.0,7.0,-25.0,6.0,-25.0,5.0,-24.0,4.0,-22.0,4.0,-19.0,4.0,-15.0,3.0,-11.0,4.0,-6.0,5.0,-1.0,7.0,4.0,9.0,8.0,10.0,12.0,13.0,16.0,14.0,18.0,16.0,20.0,17.0,21.0,18.0,21.0,18.0,20.0,18.0,19.0,16.0,16.0,14.0,14.0,11.0,11.0,7.0,8.0,2.0,6.0
2.4115,122.0,-96.0,7.0,0.0,0.0,0.0,0.0,0.0,0.0,0.0,0.0,0.0,5.0,11.0,5.0,15.0,7.0,19.0,8.0,22.0,9.0,25.0,11.0,26.0,12.0,26.0,13.0,26.0,13.0,24.0,12.0,22.0,9.0,19.0,7.0,16.0,5.0,12.0,0.0,9.0,-4.0,5.0,-8.0,2.0,-13.0,0.0,-18.0,-2.0,-23.0,-3.0,-27.0,-3.0,-30.0,-3.0,-31.0,-3.0,-33.0,-2.0,-32.0,-1.0,-31.0,0.0,-28.0,0.0
2.4253,122.0,-96.0,7.0,0.0,0.0,0.0,0.0,0.0,0.0,0.0,0.0,0.0,-2.0,-24.0,-3.0,-25.0,-4.0,-26.0,-4.0,-25.0,-5.0,-24.0,-5.0,-22.0,-4.0,-20.0,-2.0,-16.0,-1.0,-12.0,1.0,-8.0,4.0,-4.0,7.0,0.0,11.0,3.0,14.0,6.0,17.0,9.0,20.0,11.0,22.0,11.0,24.0,12.0,25.0,12.0,25.0,11.0,25.0,11.0,22.0,9.0,20.0,8.0,16.0,6.0,11.0,5.0,7.0,5.0
2.4371,122.0,-96.0,7.0,0.0,0.0,0.0,0.0,0.0,0.0,0.0,0.0,0.0,6.0,8.0,2.0,6.0,-3.0,4.0,-8.0,4.0,-13.0,3.0,-18.0,3.0,-22.0,4.0,-26.0,5.0,-28.0,6.0,-29.0,8.0,-29.0,9.0,-28.0,10.0,-26.0,10.0,-24.0,10.0,-20.0,8.0,-16.0,6.0,-13.0,3.0,-9.0,-1.0,-5.0,-5.0,-2.0,-9.0,1.0,-15.0,3.0,-19.0,3.0,-24.0,3.0,-28.0,2.0,-30.0,2.0,-32.0
2.4583,122.0,-96.0,7.0,0.0,0.0,0.0,0.0,0.0,0.0,0.0,0.0,0.0,7.0,-25.0,6.0,-23.0,5.0,-20.0,5.0,-16.0,4.0,-11.0,5.0,-6.0,6.0,-1.0,7.0,4.0,9.0,9.0,11.0,14.0,12.0,17.0,15.0,20.0,17.0,22.0,19.0,23.0,20.0,23.0,20.0,21.0,20.0,20.0,18.0,17.0,15.0,15.0,12.0,12.0,7.0,9.0,2.0,7.0,-3.0,5.0,-9.0,4.0,-14.0,2.0,-20.0,3.0
2.4745,122.0,-96.0,7.0,0.0,0.0,0.0,0.0,0.0,0.0,0.0,0.0,0.0,-12.0,11.0,-12.0,10.0,-13.0,11.0,-14.0,11.0,-13.0,11.0,-12.0,11.0,-13.0,12.0,-13.0,13.0,-14.0,12.0,-13.0,12.0,-12.0,12.0,-13.0,13.0,-13.0,13.0,-13.0,13.0,-13.0,14.0,-14.0,12.0,-13.0,13.0,-12.0,14.0,-12.0,15.0,-13.0,14.0,-13.0,14.0,-13.0,14.0,-12.0,15.0,-12.0,15.0,-13.0,15.0,-12.0,15.0
2.4874,122.0,-96.0,7.0,0.0,0.0,0.0,0.0,0.0,0.0,0.0,0.0,0.0,15.0,18.0,16.0,18.0,17.0,18.0,17.0,17.0,17.0,16.0,15.0,14.0,13.0,12.0,9.0,10.0,6.0,8.0,1.0,7.0,-4.0,4.0,-9.0,3.0,-14.0,3.0,-18.0,3.0,-22.0,2.0,-24.0,3.0,-27.0,4.0,-28.0,4.0,-28.0,5.0,-27.0,6.0,-25.0,5.0,-22.0,6.0,-19.0,5.0,-15.0,3.0,-10.0,1.0,-6.0,-3.0
2.5021,122.0,-96.0,7.0,0.0,0.0,0.0,0.0,0.0,0.0,0.0,0.0,0.0,-21.0,11.0,-22.0,13.0,-22.0,13.0,-21.0,13.0,-20.0,13.0,-18.0,12.0,-16.0,10.0,-14.0,8.0,-10.0,5.0,-8.0,0.0,-5.0,-4.0,-3.0,-9.0,-1.0,-13.0,0.0,-17.0,1.0,-21.0,1.0,-24.0,1.0,-27.0,1.0,-28.0,0.0,-29.0,-1.0,-28.0,-1.0,-27.0,-2.0,-24.0,-1.0,-21.0,-1.0,-17.0,0.0,-12.0,2.0,-7.0
2.5164,122.0,-96.0,7.0,0.0,0.0,0.0,0.0,0.0,0.0,0.0,0.0,0.0,-19.0,-18.0,-18.0,-16.0,-15.0,-14.0,-12.0,-12.0,-8.0,-9.0,-3.0,-8.0,2.0,-6.0,7.0,-5.0,12.0,-5.0,17.0,-5.0,21.0,-5.0,25.0,-5.0,27.0,-7.0,29.0,-8.0,29.0,-9.0,28.0,-10.0,26.0,-11.0,24.0,-9.0,20.0,-9.0,16.0,-6.0,12.0,-4.0,8.0,0.0,4.0,4.0,0.0,9.0,-4.0,13.0,-6.0,18.0
2.5301,122.0,-96.0,7.0,0.0,0.0,0.0,0.0,0.0,0.0,0.0,0.0,0.0,20.0,15.0,18.0,14.0,15.0,12.0,12.0,10.0,8.0,8.0,3.0,7.0,-3.0,5.0,-8.0,5.0,-13.0,5.0,-18.0,6.0,-21.0,6.0,-25.0,7.0,-27.0,9.0,-29.0,10.0,-30.0,11.0,-28.0,12.0,-27.0,12.0,-23.0,11.0,-20.0,10.0,-17.0,7.0,-13.0,4.0,-9.0,0.0,-5.0,-5.0,-2.0,-10.0,1.0,-14.0,2.0,-20.0
2.5429,122.0,-96.0,7.0,0.0,0.0,0.0,0.0,0.0,0.0,0.0,0.0,0.0,4.0,-11.0,4.0,-11.0,4.0,-11.0,4.0,-11.0,4.0,-11.0,4.0,-12.0,5.0,-11.0,4.0,-13.0,4.0,-12.0,5.0,-12.0,4.0,-12.0,5.0,-12.0,5.0,-12.0,3.0,-13.0,4.0,-12.0,5.0,-12.0,3.0,-14.0,4.0,-13.0,5.0,-13.0,4.0,-13.0,4.0,-13.0,4.0,-13.0,4.0,-13.0,3.0,-13.0,4.0,-13.0,3.0,-14.0
2.5562,122.0,-96.0,7.0,0.0,0.0,0.0,0.0,0.0,0.0,0.0,0.0,0.0,-2.0,28.0,-2.0,26.0,-1.0,22.0,-3.0,17.0,-3.0,13.0,-5.0,7.0,-8.0,2.0,-10.0,-4.0,-14.0,-8.0,-17.0,-13.0,-20.0,-16.0,-23.0,-18.0,-26.0,-20.0,-28.0,-20.0,-30.0,-20.0,-29.0,-19.0,-28.0,-17.0,-26.0,-15.0,-22.0,-12.0,-18.0,-11.0,-12.0,-9.0,-6.0,-8.0,1.0,-8.0,7.0,-8.0,13.0,-8.0,19.0,-10.0
2.5693,122.0,-96.0,7.0,0.0,0.0,0.0,0.0,0.0,0.0,0.0,0.0,0.0,13.0,15.0,15.0,16.0,15.0,16.0,16.0,16.0,15.0,14.0,14.0,13.0,11.0,11.0,8.0,9.0,5.0,7.0,1.0,6.0,-3.0,4.0,-8.0,3.0,-12.0,2.0,-16.0,2.0,-20.0,2.0,-22.0,2.0,-25.0,2.0,-25.0,3.0,-26.0,4.0,-25.0,4.0,-23.0,4.0,-20.0,4.0,-17.0,4.0,-13.0,2.0,-9.0,0.0,-6.0,-2.0
2.5836,122.0,-96.0,7.0,0.0,0.0,0.0,0.0,0.0,0.0,0.0,0.0,0.0,-10.0,24.0,-10.0,26.0,-10.0,26.0,-9.0,26.0,-8.0,24.0,-7.0,23.0,-7.0,19.0,-6.0,15.0,-6.0,10.0,-7.0,4.0,-7.0,-1.0,-8.0,-7.0,-10.0,-12.0,-12.0,-16.0,-14.0,-20.0,-15.0,-23.0,-17.0,-25.0,-18.0,-26.0,-20.0,-26.0,-19.0,-24.0,-19.0,-23.0,-17.0,-20.0,-15.0,-17.0,-11.0,-13.0,-6.0,-10.0,-2.0,-7.0
2.5976,122.0,-96.0,7.0,0.0,0.0,0.0,0.0,0.0,0.0,0.0,0.0,0.0,-23.0,-13.0,-26.0,-14.0,-26.0,-13.0,-26.0,-13.0,-25.0,-11.0,-24.0,-10.0,-20.0,-9.0,-16.0,-8.0,-12.0,-7.0,-7.0,-7.0,-1.0,-7.0,5.0,-7.0,10.0,-9.0,14.0,-10.0,19.0,-11.0,22.0,-12.0,25.0,-15.0,26.0,-16.0,27.0,-17.0,25.0,-17.0,25.0,-18.0,22.0,-16.0,19.0,-15.0,15.0,-12.0,12.0,-8.0,9.0,-4.0
2.6123,122.0,-96.0,7.0,0.0,0.0,0.0,0.0,0.0,0.0,0.0,0.0,0.0,-1.0,11.0,-1.0,10.0,-1.0,11.0,-1.0,11.0,-1.0,11.0,-1.0,12.0,-1.0,12.0,0.0,12.0,-1.0,12.0,-1.0,12.0,-1.0,12.0,-1.0,12.0,-1.0,12.0,-1.0,12.0,-1.0,12.0,-1.0,12.0,-1.0,13.0,-1.0,12.0,0.0,13.0,0.0,13.0,0.0,13.0,0.0,13.0,0.0,13.0,0.0,13.0,0.0,13.0,0.0,13.0
2.6263,122.0,-96.0,7.0,0.0,0.0,0.0,0.0,0.0,0.0,0.0,0.0,0.0,-4.0,14.0,-5.0,7.0,-7.0,1.0,-11.0,-5.0,-14.0,-11.0,-18.0,-16.0,-22.0,-20.0,-26.0,-23.0,-29.0,-25.0,-31.0,-25.0,-33.0,-24.0,-33.0,-22.0,-32.0,-20.0,-30.0,-18.0,-25.0,-16.0,-19.0,-13.0,-14.0,-11.0,-7.0,-10.0,1.0,-9.0,8.0,-8.0,16.0,-10.0,22.0,-11.0,28.0,-14.0,32.0,-17.0,35.0,-18.0,36.0,-21.0
2.6301,98.0,33.0,22.0,0.0,0.0,0.0,0.0,0.0,0.0,0.0,0.0,0.0,4.0,12.0,5.0,9.0,10.0,7.0,14.0,5.0,19.0,6.0,21.0,5.0,24.0,6.0,24.0,5.0,26.0,3.0,27.0,2.0,25.0,1.0,23.0,1.0,19.0,-4.0,19.0,-3.0,13.0,-5.0,8.0,-7.0,5.0,-4.0,-3.0,-5.0,-9.0,-6.0,-16.0,-4.0,-21.0,-4.0,-26.0,-3.0,-30.0,-4.0,-34.0,-2.0,-36.0,-1.0,-38.0,-1.0
2.644,122.0,-96.0,7.0,0.0,0.0,0.0,0.0,0.0,0.0,0.0,0.0,0.0,-7.0,7.0,-7.0,7.0,-7.0,7.0,-7.0,8.0,-7.0,8.0,-6.0,8.0,-7.0,8.0,-7.0,9.0,-7.0,9.0,-7.0,9.0,-7.0,9.0,-7.0,9.0,-7.0,9.0,-7.0,9.0,-7.0,9.0,-7.0,9.0,-8.0,9.0,-7.0,9.0,-6.0,10.0,-7.0,9.0,-7.0,10.0,-6.0,10.0,-6.0,10.0,-7.0,10.0,-6.0,10.0,-7.0,10.0
2.6579,122.0,-96.0,7.0,0.0,0.0,0.0,0.0,0.0,0.0,0.0,0.0,0.0,9.0,-8.0,13.0,-10.0,17.0,-12.0,20.0,-13.0,22.0,-15.0,23.0,-17.0,24.0,-18.0,23.0,-19.0,21.0,-19.0,19.0,-17.0,17.0,-14.0,14.0,-11.0,11.0,-8.0,8.0,-3.0,5.0,2.0,4.0,7.0,2.0,12.0,1.0,17.0,0.0,22.0,1.0,26.0,1.0,29.0,2.0,31.0,3.0,32.0,4.0,31.0,5.0,30.0,5.0,27.0
2.6718,122.0,-96.0,7.0,0.0,0.0,0.0,0.0,0.0,0.0,0.0,0.0,0.0,-10.0,6.0,-14.0,7.0,-17.0,9.0,-19.0,10.0,-21.0,11.0,-22.0,14.0,-23.0,15.0,-22.0,15.0,-21.0,15.0,-19.0,13.0,-17.0,11.0,-14.0,8.0,-11.0,5.0,-9.0,1.0,-5.0,-3.0,-4.0,-7.0,-2.0,-12.0,-1.0,-16.0,-1.0,-21.0,-1.0,-24.0,-1.0,-27.0,-1.0,-28.0,-2.0,-29.0,-3.0,-29.0,-4.0,-28.0,-4.0,-25.0
2.6872,122.0,-96.0,7.0,0.0,0.0,0.0,0.0,0.0,0.0,0.0,0.0,0.0,8.0,9.0,11.0,13.0,13.0,16.0,15.0,18.0,17.0,20.0,19.0,21.0,20.0,21.0,21.0,20.0,20.0,19.0,18.0,16.0,15.0,14.0,11.0,12.0,7.0,9.0,2.0,7.0,-3.0,5.0,-8.0,4.0,-14.0,3.0,-19.0,3.0,-24.0,4.0,-27.0,5.0,-30.0,6.0,-31.0,7.0,-32.0,8.0,-31.0,8.0,-29.0,9.0,-26.0,9.0
2.7008,122.0,-96.0,7.0,0.0,0.0,0.0,0.0,0.0,0.0,0.0,0.0,0.0,22.0,-5.0,20.0,-5.0,17.0,-5.0,14.0,-3.0,10.0,-1.0,6.0,1.0,2.0,4.0,-1.0,8.0,-4.0,11.0,-7.0,15.0,-9.0,18.0,-10.0,20.0,-10.0,23.0,-10.0,25.0,-9.0,26.0,-9.0,26.0,-8.0,24.0,-7.0,22.0,-6.0,19.0,-5.0,15.0,-5.0,10.0,-5.0,5.0,-6.0,0.0,-7.0,-5.0,-9.0,-10.0,-11.0,-14.0
2.716,122.0,-96.0,7.0,0.0,0.0,0.0,0.0,0.0,0.0,0.0,0.0,0.0,4.0,10.0,4.0,14.0,5.0,18.0,5.0,20.0,6.0,23.0,8.0,24.0,9.0,24.0,10.0,24.0,9.0,23.0,9.0,20.0,7.0,18.0,5.0,14.0,3.0,11.0,0.0,8.0,-3.0,4.0,-7.0,1.0,-12.0,-2.0,-16.0,-3.0,-21.0,-5.0,-24.0,-6.0,-27.0,-5.0,-28.0,-5.0,-29.0,-5.0,-29.0,-3.0,-28.0,-2.0,-25.0,-2.0
2.7194,-120.0,-126.0,40.0,0.0,0.0,0.0,0.0,0.0,0.0,0.0,0.0,0.0,-5.0,-15.0,-11.0,-18.0,-12.0,-18.0,-14.0,-20.0,-16.0,-22.0,-12.0,-22.0,-16.0,-20.0,-14.0,-20.0,-16.0,-16.0,-12.0,-11.0,-11.0,-8.0,-10.0,-5.0,-6.0,-2.0,-6.0,2.0,-2.0,8.0,0.0,12.0,4.0,16.0,7.0,18.0,12.0,20.0,14.0,23.0,16.0,24.0,19.0,23.0,18.0,22.0,19.0,19.0,17.0,18.0,15.0,15.0
2.7327,122.0,-96.0,7.0,0.0,0.0,0.0,0.0,0.0,0.0,0.0,0.0,0.0,13.0,19.0,15.0,19.0,16.0,19.0,16.0,19.0,16.0,17.0,14.0,16.0,12.0,14.0,9.0,11.0,6.0,9.0,1.0,7.0,-3.0,5.0,-8.0,3.0,-13.0,2.0,-17.0,1.0,-21.0,1.0,-24.0,1.0,-27.0,2.0,-28.0,2.0,-29.0,3.0,-28.0,4.0,-27.0,4.0,-24.0,4.0,-21.0,4.0,-16.0,2.0,-12.0,1.0,-8.0,-2.0
2.7463,122.0,-96.0,7.0,0.0,0.0,0.0,0.0,0.0,0.0,0.0,0.0,0.0,25.0,-3.0,23.0,-3.0,20.0,-2.0,16.0,-2.0,11.0,0.0,6.0,2.0,2.0,5.0,-2.0,8.0,-6.0,12.0,-9.0,16.0,-12.0,19.0,-13.0,22.0,-14.0,25.0,-14.0,26.0,-14.0,28.0,-13.0,27.0,-11.0,26.0,-10.0,23.0,-8.0,20.0,-8.0,16.0,-7.0,10.0,-7.0,5.0,-7.0,-1.0,-7.0,-6.0,-8.0,-12.0,-11.0,-17.0
2.7601,122.0,-96.0,7.0,0.0,0.0,0.0,0.0,0.0,0.0,0.0,0.0,0.0,5.0,-10.0,4.0,-11.0,5.0,-10.0,6.0,-11.0,6.0,-11.0,6.0,-11.0,5.0,-12.0,6.0,-12.0,5.0,-10.0,6.0,-12.0,5.0,-12.0,6.0,-12.0,5.0,-11.0,5.0,-12.0,6.0,-12.0,4.0,-12.0,4.0,-12.0,5.0,-12.0,6.0,-13.0,6.0,-12.0,5.0,-12.0,5.0,-12.0,5.0,-13.0,5.0,-13.0,5.0,-13.0,5.0,-13.0
2.7755,122.0,-96.0,7.0,0.0,0.0,0.0,0.0,0.0,0.0,0.0,0.0,0.0,21.0,-10.0,19.0,-9.0,16.0,-8.0,13.0,-6.0,9.0,-3.0,6.0,0.0,3.0,4.0,0.0,8.0,-2.0,13.0,-4.0,16.0,-5.0,19.0,-6.0,22.0,-6.0,25.0,-5.0,27.0,-4.0,27.0,-3.0,26.0,-2.0,25.0,-2.0,22.0,-1.0,18.0,-2.0,14.0,-3.0,9.0,-5.0,5.0,-7.0,0.0,-9.0,-5.0,-12.0,-9.0,-15.0,-12.0
2.79,122.0,-96.0,7.0,0.0,0.0,0.0,0.0,0.0,0.0,0.0,0.0,0.0,9.0,-10.0,10.0,-9.0,10.0,-10.0,11.0,-10.0,10.0,-10.0,10.0,-11.0,11.0,-11.0,11.0,-11.0,10.0,-10.0,10.0,-12.0,11.0,-11.0,10.0,-12.0,11.0,-12.0,12.0,-11.0,11.0,-13.0,10.0,-12.0,11.0,-12.0,10.0,-12.0,10.0,-12.0,10.0,-12.0,10.0,-12.0,10.0,-13.0,10.0,-13.0,11.0,-13.0,11.0,-13.0,10.0,-14.0
2.8064,122.0,-96.0,7.0,0.0,0.0,0.0,0.0,0.0,0.0,0.0,0.0,0.0,-4.0,-11.0,-4.0,-11.0,-5.0,-11.0,-5.0,-11.0,-5.0,-11.0,-5.0,-11.0,-5.0,-11.0,-6.0,-12.0,-5.0,-12.0,-6.0,-12.0,-6.0,-12.0,-5.0,-13.0,-6.0,-12.0,-6.0,-12.0,-5.0,-12.0,-6.0,-12.0,-6.0,-13.0,-6.0,-12.0,-7.0,-12.0,-7.0,-12.0,-7.0,-12.0,-7.0,-12.0,-7.0,-12.0,-7.0,-12.0,-7.0,-13.0,-7.0,-12.0
2.8201,122.0,-96.0,7.0,0.0,0.0,0.0,0.0,0.0,0.0,0.0,0.0,0.0,-11.0,2.0,-7.0,-1.0,-4.0,-5.0,-1.0,-9.0,2.0,-14.0,4.0,-19.0,4.0,-23.0,5.0,-26.0,4.0,-29.0,4.0,-30.0,3.0,-30.0,2.0,-29.0,1.0,-28.0,0.0,-26.0,0.0,-22.0,1.0,-17.0,2.0,-12.0,4.0,-7.0,6.0,-1.0,9.0,4.0,12.0,8.0,16.0,11.0,19.0,15.0,22.0,16.0,25.0,16.0,26.0,17.0
2.8351,122.0,-96.0,7.0,0.0,0.0,0.0,0.0,0.0,0.0,0.0,0.0,0.0,9.0,-7.0,13.0,-9.0,16.0,-10.0,19.0,-12.0,21.0,-13.0,22.0,-15.0,22.0,-15.0,21.0,-16.0,19.0,-15.0,17.0,-14.0,15.0,-11.0,12.0,-8.0,9.0,-5.0,6.0,-1.0,3.0,3.0,2.0,8.0,0.0,13.0,-1.0,17.0,-1.0,22.0,-1.0,25.0,-1.0,27.0,0.0,28.0,1.0,28.0,1.0,27.0,2.0,25.0,2.0,23.0
2.8479,122.0,-96.0,7.0,0.0,0.0,0.0,0.0,0.0,0.0,0.0,0.0,0.0,-12.0,6.0,-16.0,7.0,-20.0,9.0,-23.0,10.0,-25.0,12.0,-26.0,13.0,-27.0,13.0,-26.0,14.0,-24.0,14.0,-22.0,12.0,-18.0,10.0,-15.0,7.0,-11.0,4.0,-8.0,-1.0,-5.0,-5.0,-2.0,-11.0,0.0,-16.0,2.0,-20.0,2.0,-25.0,2.0,-28.0,2.0,-31.0,2.0,-32.0,1.0,-33.0,0.0,-31.0,-2.0,-29.0,-2.0,-26.0
2.8618,122.0,-96.0,7.0,0.0,0.0,0.0,0.0,0.0,0.0,0.0,0.0,0.0,9.0,-6.0,7.0,-2.0,4.0,3.0,3.0,7.0,1.0,13.0,1.0,18.0,1.0,21.0,1.0,25.0,2.0,28.0,3.0,29.0,4.0,29.0,4.0,29.0,5.0,27.0,6.0,25.0,5.0,21.0,3.0,16.0,1.0,12.0,-2.0,8.0,-6.0,3.0,-10.0,-1.0,-14.0,-4.0,-19.0,-6.0,-23.0,-8.0,-26.0,-9.0,-29.0,-9.0,-31.0,-9.0
2.8761,122.0,-96.0,7.0,0.0,0.0,0.0,0.0,0.0,0.0,0.0,0.0,0.0,11.0,7.0,11.0,7.0,12.0,7.0,11.0,7.0,11.0,7.0,11.0,7.0,12.0,8.0,13.0,8.0,12.0,8.0,13.0,8.0,13.0,8.0,12.0,8.0,13.0,8.0,13.0,8.0,13.0,7.0,13.0,7.0,12.0,8.0,14.0,8.0,14.0,8.0,13.0,7.0,14.0,8.0,14.0,7.0,14.0,7.0,14.0,7.0,15.0,7.0,15.0,7.0
2.8909,122.0,-96.0,7.0,0.0,0.0,0.0,0.0,0.0,0.0,0.0,0.0,0.0,3.0,-13.0,4.0,-7.0,6.0,-1.0,8.0,4.0,10.0,9.0,14.0,14.0,17.0,17.0,20.0,20.0,23.0,21.0,25.0,22.0,26.0,22.0,26.0,20.0,25.0,18.0,24.0,16.0,20.0,14.0,16.0,11.0,10.0,9.0,5.0,7.0,-2.0,7.0,-8.0,6.0,-14.0,6.0,-20.0,9.0,-25.0,10.0,-29.0,12.0,-31.0,14.0,-32.0,15.0
2.907,122.0,-96.0,7.0,0.0,0.0,0.0,0.0,0.0,0.0,0.0,0.0,0.0,-7.0,-11.0,-2.0,-8.0,3.0,-5.0,9.0,-4.0,15.0,-2.0,21.0,-2.0,25.0,-2.0,28.0,-2.0,32.0,-3.0,33.0,-4.0,33.0,-5.0,32.0,-6.0,30.0,-7.0,27.0,-7.0,23.0,-6.0,17.0,-4.0,13.0,-1.0,8.0,2.0,2.0,7.0,-2.0,11.0,-6.0,16.0,-9.0,21.0,-10.0,26.0,-11.0,29.0,-11.0,32.0,-11.0,34.0
2.9209,122.0,-96.0,7.0,0.0,0.0,0.0,0.0,0.0,0.0,0.0,0.0,0.0,-9.0,-8.0,-4.0,-6.0,2.0,-6.0,7.0,-6.0,12.0,-7.0,17.0,-8.0,20.0,-9.0,23.0,-11.0,25.0,-13.0,26.0,-14.0,26.0,-15.0,25.0,-15.0,23.0,-15.0,20.0,-15.0,17.0,-12.0,13.0,-9.0,10.0,-5.0,7.0,-1.0,4.0,5.0,2.0,10.0,0.0,15.0,0.0,20.0,0.0,24.0,1.0,27.0,2.0,30.0,3.0,31.0
2.9348,122.0,-96.0,7.0,0.0,0.0,0.0,0.0,0.0,0.0,0.0,0.0,0.0,8.0,22.0,10.0,23.0,10.0,23.0,10.0,22.0,10.0,21.0,9.0,19.0,8.0,16.0,5.0,13.0,3.0,10.0,-1.0,6.0,-5.0,3.0,-9.0,0.0,-14.0,-2.0,-18.0,-4.0,-22.0,-5.0,-24.0,-6.0,-27.0,-6.0,-28.0,-5.0,-29.0,-5.0,-28.0,-4.0,-26.0,-3.0,-23.0,-2.0,-20.0,-2.0,-15.0,-2.0,-10.0,-3.0,-6.0,-4.0
2.9498,122.0,-96.0,7.0,0.0,0.0,0.0,0.0,0.0,0.0,0.0,0.0,0.0,-1.0,-14.0,-3.0,-15.0,-3.0,-15.0,-2.0,-15.0,-2.0,-16.0,-3.0,-16.0,-3.0,-17.0,-4.0,-16.0,-3.0,-16.0,-3.0,-16.0,-3.0,-16.0,-3.0,-16.0,-2.0,-17.0,-4.0,-17.0,-4.0,-16.0,-3.0,-16.0,-3.0,-17.0,-4.0,-17.0,-4.0,-16.0,-5.0,-16.0,-4.0,-17.0,-5.0,-16.0,-4.0,-17.0,-5.0,-17.0,-5.0,-17.0,-5.0,-17.0
2.9637,122.0,-96.0,7.0,0.0,0.0,0.0,0.0,0.0,0.0,0.0,0.0,0.0,11.0,23.0,10.0,20.0,9.0,17.0,6.0,14.0,3.0,11.0,-1.0,7.0,-5.0,4.0,-9.0,1.0,-14.0,-1.0,-18.0,-3.0,-22.0,-4.0,-25.0,-5.0,-29.0,-5.0,-30.0,-4.0,-32.0,-3.0,-30.0,-2.0,-29.0,-1.0,-26.0,-1.0,-23.0,-1.0,-18.0,-1.0,-13.0,-3.0,-8.0,-4.0,-2.0,-7.0,2.0,-9.0,7.0,-12.0,11.0,-16.0
2.9777,122.0,-96.0,7.0,0.0,0.0,0.0,0.0,0.0,0.0,0.0,0.0,0.0,-8.0,7.0,-7.0,3.0,-6.0,-2.0,-5.0,-7.0,-6.0,-13.0,-7.0,-17.0,-8.0,-21.0,-10.0,-24.0,-11.0,-27.0,-12.0,-28.0,-13.0,-28.0,-14.0,-27.0,-14.0,-25.0,-14.0,-23.0,-12.0,-19.0,-9.0,-16.0,-6.0,-12.0,-1.0,-9.0,3.0,-6.0,8.0,-3.0,13.0,-2.0,18.0,0.0,23.0,0.0,27.0,0.0,30.0,-1.0,31.0,-2.0
2.9909,122.0,-96.0,7.0,0.0,0.0,0.0,0.0,0.0,0.0,0.0,0.0,0.0,9.0,11.0,3.0,8.0,-3.0,6.0,-10.0,5.0,-17.0,5.0,-23.0,5.0,-29.0,6.0,-33.0,8.0,-37.0,9.0,-38.0,11.0,-38.0,13.0,-37.0,14.0,-35.0,14.0,-31.0,14.0,-27.0,12.0,-21.0,8.0,-17.0,5.0,-11.0,-1.0,-7.0,-7.0,-2.0,-12.0,1.0,-20.0,4.0,-26.0,5.0,-32.0,5.0,-36.0,4.0,-40.0,4.0,-42.0
3.0044,122.0,-96.0,7.0,0.0,0.0,0.0,0.0,0.0,0.0,0.0,0.0,0.0,-10.0,2.0,-10.0,3.0,-10.0,3.0,-10.0,3.0,-10.0,3.0,-10.0,3.0,-11.0,3.0,-11.0,3.0,-11.0,3.0,-11.0,3.0,-11.0,3.0,-11.0,3.0,-11.0,3.0,-11.0,3.0,-11.0,3.0,-11.0,4.0,-11.0,3.0,-12.0,4.0,-11.0,4.0,-12.0,4.0,-11.0,4.0,-11.0,4.0,-12.0,4.0,-12.0,4.0,-12.0,4.0,-12.0,4.0
3.0186,122.0,-96.0,7.0,0.0,0.0,0.0,0.0,0.0,0.0,0.0,0.0,0.0,18.0,19.0,19.0,19.0,21.0,19.0,20.0,18.0,20.0,17.0,17.0,16.0,15.0,13.0,12.0,11.0,8.0,9.0,3.0,7.0,-3.0,5.0,-8.0,4.0,-14.0,4.0,-19.0,3.0,-23.0,3.0,-27.0,3.0,-29.0,4.0,-31.0,5.0,-31.0,6.0,-31.0,7.0,-29.0,7.0,-26.0,6.0,-23.0,6.0,-18.0,4.0,-13.0,2.0,-9.0,-1.0
3.0321,122.0,-96.0,7.0,0.0,0.0,0.0,0.0,0.0,0.0,0.0,0.0,0.0,-12.0,3.0,-16.0,4.0,-21.0,5.0,-24.0,5.0,-26.0,6.0,-28.0,8.0,-29.0,9.0,-28.0,10.0,-27.0,10.0,-24.0,9.0,-21.0,7.0,-17.0,6.0,-14.0,3.0,-9.0,0.0,-5.0,-4.0,-2.0,-8.0,1.0,-13.0,3.0,-18.0,5.0,-23.0,6.0,-26.0,6.0,-29.0,6.0,-31.0,5.0,-33.0,4.0,-32.0,2.0,-31.0,2.0,-28.0
3.0458,122.0,-96.0,7.0,0.0,0.0,0.0,0.0,0.0,0.0,0.0,0.0,0.0,7.0,24.0,7.0,22.0,6.0,19.0,4.0,15.0,2.0,11.0,-2.0,7.0,-6.0,3.0,-10.0,0.0,-14.0,-3.0,-18.0,-5.0,-21.0,-7.0,-25.0,-9.0,-28.0,-9.0,-30.0,-8.0,-31.0,-8.0,-30.0,-7.0,-29.0,-6.0,-26.0,-5.0,-22.0,-4.0,-18.0,-4.0,-13.0,-5.0,-8.0,-5.0,-1.0,-7.0,4.0,-8.0,9.0,-11.0,14.0,-14.0
3.0604,122.0,-96.0,7.0,0.0,0.0,0.0,0.0,0.0,0.0,0.0,0.0,0.0,3.0,-13.0,4.0,-7.0,6.0,-1.0,8.0,4.0,11.0,9.0,15.0,13.0,18.0,16.0,21.0,19.0,23.0,20.0,26.0,20.0,26.0,21.0,27.0,19.0,26.0,17.0,24.0,14.0,20.0,12.0,16.0,10.0,11.0,8.0,5.0,7.0,-2.0,7.0,-8.0,7.0,-14.0,8.0,-20.0,9.0,-25.0,11.0,-28.0,13.0,-30.0,16.0,-31.0,17.0
3.0655,98.0,33.0,22.0,0.0,0.0,0.0,0.0,0.0,0.0,0.0,0.0,0.0,1.0,-27.0,0.0,-23.0,0.0,-19.0,-2.0,-15.0,-4.0,-10.0,-8.0,-6.0,-10.0,-2.0,-11.0,3.0,-13.0,10.0,-14.0,13.0,-17.0,16.0,-16.0,19.0,-20.0,21.0,-15.0,21.0,-14.0,22.0,-9.0,24.0,-9.0,24.0,-7.0,19.0,-6.0,15.0,-1.0,11.0,1.0,5.0,2.0,-1.0,3.0,-10.0,5.0,-15.0,7.0,-22.0,9.0,-28.0
3.079,122.0,-96.0,7.0,0.0,0.0,0.0,0.0,0.0,0.0,0.0,0.0,0.0,-7.0,23.0,-6.0,24.0,-6.0,24.0,-6.0,24.0,-5.0,23.0,-5.0,21.0,-4.0,18.0,-4.0,14.0,-4.0,10.0,-5.0,5.0,-6.0,0.0,-7.0,-5.0,-10.0,-9.0,-11.0,-13.0,-14.0,-16.0,-16.0,-19.0,-18.0,-21.0,-19.0,-22.0,-20.0,-21.0,-20.0,-21.0,-19.0,-20.0,-17.0,-17.0,-15.0,-15.0,-12.0,-12.0,-8.0,-9.0,-4.0,-7.0
3.0933,122.0,-96.0,7.0,0.0,0.0,0.0,0.0,0.0,0.0,0.0,0.0,0.0,-9.0,5.0,-8.0,6.0,-8.0,6.0,-8.0,5.0,-9.0,6.0,-9.0,6.0,-9.0,6.0,-8.0,6.0,-9.0,7.0,-9.0,7.0,-9.0,6.0,-9.0,6.0,-9.0,7.0,-9.0,7.0,-9.0,7.0,-9.0,6.0,-9.0,7.0,-9.0,8.0,-9.0,8.0,-10.0,7.0,-9.0,8.0,-9.0,8.0,-9.0,8.0,-9.0,8.0,-9.0,8.0,-10.0,8.0
3.1061,122.0,-96.0,7.0,0.0,0.0,0.0,0.0,0.0,0.0,0.0,0.0,0.0,14.0,-23.0,14.0,-25.0,14.0,-26.0,13.0,-25.0,12.0,-24.0,10.0,-22.0,9.0,-19.0,8.0,-15.0,6.0,-10.0,6.0,-4.0,6.0,1.0,6.0,7.0,7.0,12.0,8.0,17.0,10.0,21.0,11.0,24.0,12.0,26.0,13.0,27.0,15.0,27.0,15.0,26.0,14.0,24.0,13.0,21.0,11.0,18.0,8.0,14.0,4.0,9.0,-1.0,7.0
3.1196,122.0,-96.0,7.0,0.0,0.0,0.0,0.0,0.0,0.0,0.0,0.0,0.0,12.0,4.0,12.0,4.0,13.0,5.0,13.0,4.0,13.0,4.0,14.0,5.0,13.0,4.0,14.0,5.0,14.0,5.0,14.0,4.0,14.0,4.0,14.0,4.0,15.0,3.0,14.0,4.0,14.0,5.0,16.0,5.0,14.0,4.0,15.0,4.0,15.0,5.0,15.0,5.0,15.0,4.0,15.0,4.0,16.0,4.0,16.0,4.0,15.0,4.0,16.0,4.0
3.1329,122.0,-96.0,7.0,0.0,0.0,0.0,0.0,0.0,0.0,0.0,0.0,0.0,5.0,9.0,6.0,13.0,8.0,17.0,9.0,20.0,10.0,21.0,12.0,23.0,12.0,23.0,13.0,22.0,13.0,21.0,11.0,18.0,9.0,15.0,6.0,13.0,3.0,10.0,-1.0,6.0,-4.0,3.0,-9.0,1.0,-14.0,-1.0,-18.0,-2.0,-22.0,-2.0,-25.0,-3.0,-28.0,-3.0,-29.0,-2.0,-29.0,-1.0,-28.0,0.0,-27.0,1.0,-23.0,1.0
3.1478,122.0,-96.0,7.0,0.0,0.0,0.0,0.0,0.0,0.0,0.0,0.0,0.0,-4.0,-29.0,-4.0,-26.0,-3.0,-23.0,-2.0,-18.0,0.0,-13.0,2.0,-8.0,6.0,-3.0,10.0,1.0,14.0,6.0,18.0,9.0,22.0,12.0,25.0,14.0,28.0,15.0,30.0,15.0,31.0,14.0,31.0,12.0,29.0,10.0,26.0,9.0,22.0,8.0,17.0,7.0,11.0,6.0,4.0,6.0,-3.0,7.0,-9.0,8.0,-15.0,9.0,-20.0,12.0
3.1621,122.0,-96.0,7.0,0.0,0.0,0.0,0.0,0.0,0.0,0.0,0.0,0.0,1.0,-13.0,3.0,-17.0,4.0,-21.0,5.0,-24.0,5.0,-27.0,5.0,-29.0,4.0,-30.0,3.0,-30.0,2.0,-29.0,2.0,-26.0,2.0,-22.0,2.0,-17.0,3.0,-13.0,4.0,-7.0,5.0,-2.0,8.0,3.0,11.0,8.0,13.0,12.0,17.0,15.0,20.0,17.0,22.0,19.0,24.0,20.0,25.0,20.0,24.0,18.0,24.0,16.0,22.0,14.0
3.1771,122.0,-96.0,7.0,0.0,0.0,0.0,0.0,0.0,0.0,0.0,0.0,0.0,-8.0,-11.0,-10.0,-15.0,-12.0,-18.0,-14.0,-21.0,-16.0,-23.0,-18.0,-24.0,-19.0,-24.0,-20.0,-23.0,-19.0,-21.0,-17.0,-19.0,-14.0,-16.0,-11.0,-14.0,-6.0,-11.0,-2.0,-8.0,3.0,-5.0,9.0,-4.0,15.0,-3.0,19.0,-3.0,24.0,-3.0,27.0,-4.0,30.0,-4.0,31.0,-5.0,31.0,-6.0,29.0,-7.0,27.0,-8.0,24.0,-7.0
3.1803,98.0,33.0,22.0,0.0,0.0,0.0,0.0,0.0,0.0,0.0,0.0,0.0,-21.0,-6.0,-18.0,-5.0,-16.0,-2.0,-12.0,0.0,-8.0,2.0,-5.0,5.0,-2.0,9.0,3.0,12.0,5.0,15.0,8.0,16.0,11.0,18.0,13.0,19.0,14.0,19.0,17.0,18.0,17.0,17.0,16.0,14.0,16.0,13.0,15.0,9.0,13.0,6.0,8.0,4.0,4.0,0.0,-1.0,-3.0,-7.0,-7.0,-12.0,-10.0,-17.0,-14.0,-22.0,-15.0
3.1958,122.0,-96.0,7.0,0.0,0.0,0.0,0.0,0.0,0.0,0.0,0.0,0.0,9.0,9.0,11.0,12.0,13.0,16.0,15.0,18.0,17.0,20.0,19.0,21.0,20.0,21.0,21.0,20.0,20.0,18.0,18.0,16.0,14.0,14.0,10.0,12.0,7.0,9.0,1.0,7.0,-4.0,5.0,-9.0,4.0,-15.0,3.0,-20.0,2.0,-25.0,3.0,-28.0,4.0,-31.0,5.0,-32.0,6.0,-32.0,6.0,-31.0,7.0,-28.0,8.0,-25.0,7.0
3.2098,122.0,-96.0,7.0,0.0,0.0,0.0,0.0,0.0,0.0,0.0,0.0,0.0,-5.0,10.0,-5.0,5.0,-6.0,0.0,-7.0,-5.0,-10.0,-10.0,-12.0,-14.0,-15.0,-17.0,-17.0,-20.0,-20.0,-22.0,-21.0,-23.0,-22.0,-22.0,-21.0,-21.0,-21.0,-19.0,-20.0,-17.0,-17.0,-14.0,-14.0,-12.0,-9.0,-10.0,-4.0,-8.0,2.0,-7.0,7.0,-6.0,12.0,-6.0,18.0,-6.0,22.0,-7.0,26.0,-8.0,28.0,-10.0,29.0,-10.0
3.223,122.0,-96.0,7.0,0.0,0.0,0.0,0.0,0.0,0.0,0.0,0.0,0.0,11.0,4.0,6.0,5.0,0.0,6.0,-5.0,8.0,-10.0,10.0,-15.0,14.0,-19.0,16.0,-21.0,19.0,-23.0,22.0,-23.0,24.0,-23.0,25.0,-21.0,25.0,-20.0,24.0,-17.0,24.0,-15.0,20.0,-12.0,15.0,-10.0,10.0,-9.0,4.0,-8.0,-2.0,-7.0,-9.0,-8.0,-15.0,-9.0,-20.0,-10.0,-25.0,-12.0,-29.0,-14.0,-31.0,-16.0,-32.0
3.2374,122.0,-96.0,7.0,0.0,0.0,0.0,0.0,0.0,0.0,0.0,0.0,0.0,-13.0,5.0,-13.0,6.0,-13.0,5.0,-13.0,6.0,-15.0,6.0,-14.0,6.0,-14.0,6.0,-14.0,6.0,-15.0,6.0,-15.0,6.0,-15.0,6.0,-15.0,6.0,-14.0,8.0,-15.0,6.0,-15.0,7.0,-14.0,7.0,-15.0,7.0,-14.0,7.0,-15.0,8.0,-15.0,8.0,-14.0,7.0,-15.0,8.0,-15.0,9.0,-16.0,8.0,-15.0,8.0,-15.0,9.0
3.2514,122.0,-96.0,7.0,0.0,0.0,0.0,0.0,0.0,0.0,0.0,0.0,0.0,3.0,-11.0,4.0,-6.0,5.0,-2.0,7.0,3.0,9.0,8.0,12.0,12.0,14.0,15.0,16.0,18.0,19.0,20.0,21.0,20.0,22.0,20.0,22.0,19.0,21.0,17.0,21.0,15.0,17.0,13.0,14.0,11.0,10.0,9.0,5.0,7.0,-1.0,6.0,-7.0,5.0,-12.0,5.0,-17.0,6.0,-22.0,7.0,-25.0,8.0,-28.0,10.0,-29.0,11.0
3.2658,122.0,-96.0,7.0,0.0,0.0,0.0,0.0,0.0,0.0,0.0,0.0,0.0,-12.0,1.0,-8.0,-1.0,-4.0,-5.0,-1.0,-8.0,3.0,-13.0,5.0,-17.0,6.0,-21.0,8.0,-24.0,8.0,-27.0,8.0,-29.0,7.0,-30.0,6.0,-30.0,5.0,-28.0,3.0,-27.0,3.0,-23.0,2.0,-19.0,3.0,-14.0,4.0,-9.0,5.0,-3.0,7.0,2.0,10.0,7.0,13.0,11.0,16.0,15.0,19.0,16.0,22.0,18.0,24.0,19.0
3.2793,122.0,-96.0,7.0,0.0,0.0,0.0,0.0,0.0,0.0,0.0,0.0,0.0,-1.0,11.0,-1.0,15.0,-2.0,18.0,-3.0,21.0,-2.0,24.0,-2.0,26.0,-1.0,26.0,0.0,26.0,0.0,25.0,1.0,22.0,0.0,19.0,-1.0,15.0,-2.0,11.0,-3.0,6.0,-5.0,2.0,-8.0,-2.0,-12.0,-6.0,-14.0,-10.0,-18.0,-12.0,-21.0,-14.0,-23.0,-15.0,-25.0,-15.0,-26.0,-15.0,-26.0,-13.0,-25.0,-12.0,-22.0,-11.0
3.2936,122.0,-96.0,7.0,0.0,0.0,0.0,0.0,0.0,0.0,0.0,0.0,0.0,3.0,-11.0,4.0,-7.0,5.0,-1.0,7.0,3.0,9.0,8.0,12.0,12.0,14.0,15.0,16.0,18.0,19.0,20.0,20.0,21.0,21.0,20.0,22.0,19.0,21.0,18.0,20.0,15.0,17.0,14.0,14.0,11.0,10.0,9.0,5.0,7.0,-1.0,6.0,-6.0,5.0,-12.0,4.0,-17.0,5.0,-22.0,6.0,-25.0,7.0,-28.0,9.0,-30.0,10.0
3.2984,98.0,33.0,22.0,0.0,0.0,0.0,0.0,0.0,0.0,0.0,0.0,0.0,13.0,-24.0,14.0,-24.0,9.0,-19.0,5.0,-17.0,-1.0,-11.0,-5.0,-9.0,-9.0,-8.0,-12.0,-2.0,-20.0,-2.0,-21.0,0.0,-25.0,5.0,-26.0,9.0,-28.0,9.0,-30.0,14.0,-26.0,12.0,-27.0,13.0,-25.0,12.0,-21.0,11.0,-15.0,11.0,-10.0,9.0,-1.0,6.0,2.0,1.0,9.0,-4.0,15.0,-9.0,21.0,-15.0,25.0,-20.0
3.313,122.0,-96.0,7.0,0.0,0.0,0.0,0.0,0.0,0.0,0.0,0.0,0.0,11.0,-5.0,15.0,-5.0,20.0,-6.0,23.0,-7.0,25.0,-8.0,27.0,-9.0,28.0,-10.0,27.0,-11.0,25.0,-11.0,23.0,-10.0,19.0,-8.0,16.0,-6.0,12.0,-4.0,8.0,0.0,4.0,4.0,0.0,8.0,-3.0,13.0,-5.0,17.0,-7.0,22.0,-8.0,26.0,-8.0,29.0,-8.0,30.0,-7.0,31.0,-6.0,30.0,-5.0,29.0,-4.0,26.0
3.3276,122.0,-96.0,7.0,0.0,0.0,0.0,0.0,0.0,0.0,0.0,0.0,0.0,1.0,-13.0,3.0,-7.0,6.0,-2.0,9.0,2.0,13.0,7.0,17.0,11.0,21.0,13.0,24.0,15.0,27.0,16.0,29.0,16.0,30.0,15.0,29.0,14.0,27.0,12.0,26.0,10.0,21.0,8.0,16.0,7.0,11.0,6.0,5.0,6.0,-2.0,8.0,-9.0,8.0,-14.0,10.0,-19.0,13.0,-24.0,15.0,-26.0,18.0,-28.0,20.0,-29.0,22.0
3.3437,122.0,-96.0,7.0,0.0,0.0,0.0,0.0,0.0,0.0,0.0,0.0,0.0,-10.0,-10.0,-11.0,-11.0,-9.0,-10.0,-11.0,-11.0,-9.0,-11.0,-11.0,-12.0,-10.0,-11.0,-12.0,-11.0,-11.0,-12.0,-11.0,-12.0,-11.0,-11.0,-11.0,-12.0,-12.0,-12.0,-11.0,-11.0,-14.0,-11.0,-12.0,-11.0,-12.0,-11.0,-12.0,-11.0,-13.0,-12.0,-13.0,-11.0,-12.0,-11.0,-13.0,-11.0,-13.0,-10.0,-14.0,-11.0,-14.0,-11.0,-14.0,-11.0
3.3571,122.0,-96.0,7.0,0.0,0.0,0.0,0.0,0.0,0.0,0.0,0.0,0.0,-22.0,-10.0,-24.0,-10.0,-24.0,-10.0,-24.0,-9.0,-23.0,-8.0,-21.0,-7.0,-18.0,-7.0,-14.0,-6.0,-10.0,-5.0,-5.0,-6.0,0.0,-6.0,5.0,-7.0,10.0,-9.0,14.0,-10.0,17.0,-12.0,20.0,-13.0,22.0,-15.0,23.0,-16.0,23.0,-17.0,21.0,-17.0,20.0,-16.0,17.0,-15.0,15.0,-13.0,11.0,-9.0,8.0,-6.0,6.0,-1.0
3.3704,66.0,32.0,4.0,0.0,0.0,0.0,0.0,0.0,0.0,0.0,0.0,0.0,22.0,-5.0,20.0,-5.0,17.0,-4.0,13.0,-3.0,10.0,-1.0,6.0,2.0,2.0,5.0,-1.0,8.0,-5.0,12.0,-7.0,15.0,-8.0,18.0,-9.0,21.0,-10.0,24.0,-10.0,25.0,-9.0,26.0,-8.0,25.0,-7.0,24.0,-6.0,21.0,-5.0,18.0,-5.0,14.0,-5.0,9.0,-6.0,4.0,-7.0,-1.0,-8.0,-6.0,-10.0,-10.0,-13.0,-15.0
3.386,122.0,-96.0,7.0,0.0,0.0,0.0,0.0,0.0,0.0,0.0,0.0,0.0,8.0,-8.0,12.0,-10.0,15.0,-12.0,17.0,-14.0,19.0,-15.0,20.0,-17.0,19.0,-18.0,18.0,-19.0,17.0,-18.0,15.0,-16.0,13.0,-13.0,11.0,-10.0,9.0,-7.0,6.0,-2.0,4.0,3.0,3.0,7.0,3.0,13.0,2.0,17.0,3.0,21.0,4.0,24.0,5.0,27.0,6.0,27.0,6.0,28.0,6.0,26.0,7.0,25.0,7.0,22.0
3.3997,122.0,-96.0,7.0,0.0,0.0,0.0,0.0,0.0,0.0,0.0,0.0,0.0,22.0,5.0,24.0,5.0,25.0,4.0,25.0,4.0,23.0,3.0,21.0,3.0,19.0,2.0,15.0,2.0,11.0,2.0,6.0,4.0,1.0,4.0,-3.0,6.0,-7.0,9.0,-11.0,11.0,-15.0,13.0,-17.0,15.0,-19.0,17.0,-20.0,19.0,-20.0,20.0,-19.0,21.0,-18.0,20.0,-16.0,18.0,-14.0,17.0,-12.0,13.0,-9.0,9.0,-7.0,5.0
3.4132,122.0,-96.0,7.0,0.0,0.0,0.0,0.0,0.0,0.0,0.0,0.0,0.0,-10.0,23.0,-10.0,26.0,-9.0,26.0,-9.0,26.0,-8.0,25.0,-7.0,23.0,-6.0,20.0,-6.0,16.0,-5.0,11.0,-6.0,6.0,-6.0,0.0,-8.0,-5.0,-10.0,-10.0,-12.0,-15.0,-14.0,-19.0,-15.0,-21.0,-18.0,-24.0,-19.0,-25.0,-21.0,-25.0,-21.0,-24.0,-20.0,-23.0,-19.0,-20.0,-16.0,-17.0,-13.0,-14.0,-9.0,-10.0,-4.0,-8.0
3.4277,122.0,-96.0,7.0,0.0,0.0,0.0,0.0,0.0,0.0,0.0,0.0,0.0,-12.0,-21.0,-13.0,-22.0,-14.0,-22.0,-14.0,-22.0,-14.0,-20.0,-13.0,-19.0,-12.0,-16.0,-9.0,-14.0,-6.0,-11.0,-2.0,-8.0,2.0,-6.0,6.0,-4.0,11.0,-2.0,15.0,0.0,19.0,1.0,22.0,1.0,25.0,1.0,27.0,1.0,28.0,0.0,28.0,-1.0,27.0,-1.0,24.0,-2.0,21.0,-2.0,17.0,-2.0,13.0,-1.0,8.0,1.0
3.442,122.0,-96.0,7.0,0.0,0.0,0.0,0.0,0.0,0.0,0.0,0.0,0.0,-23.0,2.0,-22.0,2.0,-19.0,2.0,-15.0,1.0,-11.0,0.0,-8.0,-2.0,-4.0,-5.0,0.0,-8.0,3.0,-11.0,6.0,-14.0,9.0,-17.0,11.0,-20.0,11.0,-23.0,12.0,-25.0,11.0,-27.0,10.0,-26.0,9.0,-25.0,8.0,-23.0,7.0,-21.0,6.0,-16.0,5.0,-12.0,5.0,-7.0,5.0,-2.0,6.0,3.0,6.0,8.0,9.0,13.0
3.4551,122.0,-96.0,7.0,0.0,0.0,0.0,0.0,0.0,0.0,0.0,0.0,0.0,-12.0,-6.0,-15.0,-9.0,-18.0,-11.0,-21.0,-14.0,-24.0,-14.0,-26.0,-15.0,-27.0,-14.0,-27.0,-14.0,-26.0,-12.0,-24.0,-11.0,-21.0,-9.0,-16.0,-9.0,-12.0,-7.0,-7.0,-7.0,-2.0,-6.0,4.0,-7.0,10.0,-9.0,15.0,-9.0,20.0,-12.0,23.0,-13.0,25.0,-16.0,26.0,-16.0,26.0,-18.0,25.0,-18.0,24.0,-19.0,21.0,-18.0
3.4698,122.0,-96.0,7.0,0.0,0.0,0.0,0.0,0.0,0.0,0.0,0.0,0.0,3.0,10.0,4.0,10.0,3.0,10.0,3.0,10.0,3.0,10.0,3.0,11.0,3.0,11.0,4.0,10.0,4.0,10.0,4.0,10.0,3.0,11.0,3.0,11.0,4.0,12.0,4.0,12.0,4.0,12.0,4.0,11.0,5.0,12.0,5.0,12.0,5.0,11.0,5.0,12.0,5.0,11.0,5.0,11.0,6.0,12.0,5.0,12.0,5.0,11.0,6.0,12.0
3.4848,122.0,-96.0,7.0,0.0,0.0,0.0,0.0,0.0,0.0,0.0,0.0,0.0,-24.0,-11.0,-22.0,-9.0,-19.0,-8.0,-15.0,-7.0,-11.0,-6.0,-6.0,-6.0,0.0,-7.0,5.0,-7.0,10.0,-9.0,15.0,-10.0,18.0,-12.0,21.0,-14.0,23.0,-15.0,25.0,-17.0,24.0,-19.0,23.0,-19.0,22.0,-19.0,19.0,-17.0,16.0,-15.0,13.0,-12.0,11.0,-8.0,8.0,-3.0,5.0,3.0,3.0,8.0,1.0,13.0,1.0,19.0
3.4997,122.0,-96.0,7.0,0.0,0.0,0.0,0.0,0.0,0.0,0.0,0.0,0.0,-8.0,7.0,-8.0,8.0,-7.0,7.0,-8.0,8.0,-8.0,8.0,-8.0,8.0,-8.0,8.0,-8.0,8.0,-8.0,9.0,-8.0,9.0,-8.0,9.0,-8.0,9.0,-8.0,9.0,-8.0,9.0,-8.0,10.0,-8.0,9.0,-8.0,9.0,-8.0,10.0,-7.0,10.0,-8.0,10.0,-8.0,9.0,-8.0,10.0,-7.0,10.0,-8.0,10.0,-8.0,10.0,-8.0,11.0
3.5164,122.0,-96.0,7.0,0.0,0.0,0.0,0.0,0.0,0.0,0.0,0.0,0.0,-10.0,-7.0,-9.0,-6.0,-10.0,-6.0,-10.0,-7.0,-10.0,-7.0,-10.0,-7.0,-11.0,-8.0,-10.0,-7.0,-10.0,-7.0,-11.0,-7.0,-11.0,-7.0,-11.0,-7.0,-11.0,-7.0,-11.0,-7.0,-12.0,-7.0,-12.0,-7.0,-11.0,-7.0,-12.0,-7.0,-11.0,-7.0,-12.0,-7.0,-12.0,-7.0,-12.0,-7.0,-13.0,-7.0,-12.0,-7.0,-12.0,-7.0,-12.0,-7.0
3.5288,122.0,-96.0,7.0,0.0,0.0,0.0,0.0,0.0,0.0,0.0,0.0,0.0,-1.0,-12.0,-1.0,-16.0,0.0,-20.0,0.0,-22.0,-1.0,-25.0,-1.0,-27.0,-2.0,-27.0,-3.0,-27.0,-3.0,-25.0,-3.0,-22.0,-2.0,-19.0,-1.0,-15.0,0.0,-11.0,2.0,-7.0,5.0,-2.0,8.0,2.0,12.0,5.0,15.0,8.0,19.0,11.0,21.0,12.0,24.0,12.0,25.0,13.0,26.0,12.0,25.0,11.0,24.0,9.0,21.0,8.0
3.5421,122.0,-96.0,7.0,0.0,0.0,0.0,0.0,0.0,0.0,0.0,0.0,0.0,9.0,6.0,9.0,5.0,10.0,5.0,10.0,5.0,10.0,5.0,10.0,5.0,10.0,5.0,10.0,5.0,10.0,5.0,10.0,5.0,10.0,5.0,10.0,5.0,10.0,6.0,11.0,5.0,12.0,6.0,11.0,6.0,11.0,5.0,11.0,5.0,12.0,5.0,11.0,5.0,12.0,5.0,11.0,5.0,12.0,5.0,11.0,5.0,12.0,5.0,12.0,5.0
3.5476,98.0,33.0,22.0,0.0,0.0,0.0,0.0,0.0,0.0,0.0,0.0,0.0,23.0,5.0,20.0,-3.0,20.0,-16.0,21.0,-23.0,19.0,-35.0,20.0,-43.0,17.0,-56.0,12.0,-56.0,16.0,-60.0,9.0,-64.0,6.0,-60.0,0.0,-52.0,-2.0,-54.0,-5.0,-42.0,-12.0,-35.0,-6.0,-24.0,-10.0,-13.0,-9.0,4.0,-11.0,15.0,-4.0,29.0,-7.0,43.0,-2.0,54.0,-3.0,64.0,0.0,70.0,0.0,79.0,2.0,78.0
3.5602,122.0,-96.0,7.0,0.0,0.0,0.0,0.0,0.0,0.0,0.0,0.0,0.0,-11.0,2.0,-8.0,-1.0,-4.0,-4.0,-1.0,-9.0,1.0,-13.0,3.0,-18.0,4.0,-22.0,4.0,-25.0,4.0,-28.0,4.0,-30.0,3.0,-31.0,2.0,-30.0,1.0,-28.0,0.0,-26.0,0.0,-22.0,0.0,-18.0,1.0,-13.0,3.0,-8.0,5.0,-3.0,8.0,2.0,12.0,6.0,15.0,10.0,19.0,13.0,22.0,15.0,24.0,15.0,26.0,16.0
3.573,122.0,-96.0,7.0,0.0,0.0,0.0,0.0,0.0,0.0,0.0,0.0,0.0,-9.0,10.0,-13.0,13.0,-17.0,16.0,-20.0,19.0,-21.0,21.0,-23.0,24.0,-23.0,25.0,-22.0,25.0,-20.0,24.0,-18.0,22.0,-16.0,19.0,-13.0,14.0,-11.0,10.0,-9.0,5.0,-7.0,-1.0,-6.0,-7.0,-6.0,-14.0,-6.0,-19.0,-7.0,-25.0,-8.0,-29.0,-10.0,-32.0,-10.0,-34.0,-12.0,-35.0,-13.0,-34.0,-14.0,-32.0,-13.0,-29.0
3.5864,122.0,-96.0,7.0,0.0,0.0,0.0,0.0,0.0,0.0,0.0,0.0,0.0,-9.0,14.0,-9.0,14.0,-8.0,14.0,-8.0,14.0,-8.0,14.0,-9.0,15.0,-9.0,15.0,-9.0,15.0,-9.0,15.0,-9.0,15.0,-9.0,15.0,-9.0,15.0,-9.0,16.0,-9.0,16.0,-9.0,16.0,-9.0,15.0,-9.0,16.0,-9.0,16.0,-9.0,16.0,-9.0,16.0,-9.0,16.0,-9.0,16.0,-9.0,16.0,-8.0,16.0,-8.0,16.0,-8.0,17.0
3.6013,122.0,-96.0,7.0,0.0,0.0,0.0,0.0,0.0,0.0,0.0,0.0,0.0,-7.0,10.0,-7.0,8.0,-6.0,9.0,-6.0,7.0,-8.0,8.0,-7.0,11.0,-8.0,10.0,-7.0,11.0,-7.0,10.0,-8.0,10.0,-7.0,10.0,-7.0,10.0,-7.0,10.0,-7.0,10.0,-7.0,11.0,-6.0,11.0,-6.0,11.0,-7.0,11.0,-7.0,11.0,-6.0,11.0,-6.0,11.0,-6.0,11.0,-6.0,12.0,-6.0,12.0,-6.0,12.0,-6.0,12.0
3.6149,122.0,-96.0,7.0,0.0,0.0,0.0,0.0,0.0,0.0,0.0,0.0,0.0,20.0,-3.0,20.0,-3.0,21.0,-4.0,20.0,-4.0,21.0,-4.0,21.0,-4.0,21.0,-5.0,22.0,-5.0,22.0,-5.0,22.0,-5.0,22.0,-4.0,22.0,-4.0,22.0,-4.0,22.0,-5.0,22.0,-5.0,23.0,-5.0,23.0,-5.0,22.0,-5.0,23.0,-5.0,22.0,-5.0,23.0,-6.0,23.0,-5.0,23.0,-6.0,22.0,-5.0,23.0,-5.0,23.0,-6.0
3.6304,122.0,-96.0,7.0,0.0,0.0,0.0,0.0,0.0,0.0,0.0,0.0,0.0,-10.0,-9.0,-5.0,-7.0,1.0,-7.0,7.0,-6.0,13.0,-7.0,18.0,-8.0,23.0,-10.0,26.0,-11.0,29.0,-13.0,30.0,-15.0,30.0,-16.0,28.0,-16.0,27.0,-17.0,24.0,-16.0,20.0,-13.0,17.0,-10.0,13.0,-6.0,9.0,-2.0,5.0,4.0,2.0,9.0,0.0,15.0,-2.0,21.0,-2.0,26.0,-1.0,30.0,-1.0,33.0,0.0,35.0
3.6434,122.0,-96.0,7.0,0.0,0.0,0.0,0.0,0.0,0.0,0.0,0.0,0.0,8.0,22.0,9.0,23.0,10.0,23.0,10.0,22.0,10.0,21.0,9.0,19.0,7.0,16.0,5.0,13.0,3.0,10.0,-1.0,6.0,-5.0,3.0,-9.0,0.0,-14.0,-2.0,-17.0,-4.0,-21.0,-5.0,-24.0,-6.0,-26.0,-6.0,-28.0,-6.0,-29.0,-5.0,-28.0,-4.0,-26.0,-4.0,-23.0,-3.0,-20.0,-3.0,-15.0,-2.0,-10.0,-3.0,-5.0,-4.0
3.6486,98.0,33.0,22.0,0.0,0.0,0.0,0.0,0.0,0.0,0.0,0.0,0.0,1.0,-16.0,0.0,-20.0,-2.0,-20.0,0.0,-24.0,-2.0,-24.0,-3.0,-23.0,-4.0,-22.0,-7.0,-24.0,-5.0,-19.0,-5.0,-17.0,-6.0,-13.0,-6.0,-9.0,-7.0,-4.0,-6.0,0.0,-4.0,7.0,-3.0,11.0,-1.0,13.0,1.0,19.0,6.0,23.0,8.0,25.0,10.0,27.0,9.0,27.0,10.0,27.0,12.0,24.0,10.0,21.0,10.0,18.0
3.6623,122.0,-96.0,7.0,0.0,0.0,0.0,0.0,0.0,0.0,0.0,0.0,0.0,19.0,-13.0,16.0,-12.0,14.0,-10.0,11.0,-8.0,9.0,-5.0,6.0,-1.0,4.0,3.0,2.0,8.0,0.0,12.0,0.0,17.0,-1.0,20.0,-1.0,23.0,0.0,25.0,1.0,27.0,2.0,27.0,3.0,26.0,3.0,24.0,3.0,22.0,3.0,18.0,1.0,14.0,-1.0,10.0,-3.0,5.0,-7.0,1.0,-9.0,-3.0,-13.0,-6.0,-17.0,-9.0
3.6757,122.0,-96.0,7.0,0.0,0.0,0.0,0.0,0.0,0.0,0.0,0.0,0.0,4.0,10.0,5.0,14.0,6.0,17.0,7.0,20.0,8.0,22.0,10.0,23.0,11.0,24.0,11.0,23.0,11.0,22.0,10.0,19.0,8.0,17.0,6.0,14.0,3.0,10.0,0.0,7.0,-4.0,4.0,-8.0,1.0,-13.0,-1.0,-17.0,-3.0,-21.0,-4.0,-25.0,-4.0,-27.0,-4.0,-29.0,-4.0,-29.0,-3.0,-28.0,-2.0,-27.0,-1.0,-25.0,0.0
3.6897,122.0,-96.0,7.0,0.0,0.0,0.0,0.0,0.0,0.0,0.0,0.0,0.0,7.0,-12.0,6.0,-14.0,6.0,-12.0,7.0,-13.0,7.0,-12.0,5.0,-14.0,7.0,-14.0,6.0,-14.0,6.0,-15.0,7.0,-14.0,7.0,-14.0,8.0,-14.0,8.0,-15.0,7.0,-16.0,6.0,-15.0,7.0,-15.0,6.0,-15.0,7.0,-16.0,7.0,-15.0,5.0,-16.0,6.0,-15.0,6.0,-16.0,6.0,-16.0,6.0,-16.0,5.0,-16.0,6.0,-16.0
3.703,122.0,-96.0,7.0,0.0,0.0,0.0,0.0,0.0,0.0,0.0,0.0,0.0,14.0,-19.0,15.0,-21.0,14.0,-21.0,14.0,-21.0,13.0,-20.0,11.0,-19.0,10.0,-16.0,8.0,-12.0,7.0,-8.0,6.0,-3.0,5.0,2.0,4.0,7.0,5.0,12.0,5.0,16.0,6.0,20.0,7.0,22.0,8.0,25.0,9.0,26.0,10.0,26.0,10.0,25.0,10.0,23.0,9.0,20.0,8.0,17.0,5.0,13.0,3.0,9.0,-1.0,6.0
3.7186,122.0,-96.0,7.0,0.0,0.0,0.0,0.0,0.0,0.0,0.0,0.0,0.0,-6.0,-14.0,-5.0,-14.0,-4.0,-14.0,-4.0,-14.0,-5.0,-14.0,-4.0,-15.0,-5.0,-15.0,-6.0,-16.0,-6.0,-16.0,-6.0,-16.0,-6.0,-15.0,-6.0,-16.0,-6.0,-14.0,-7.0,-16.0,-6.0,-15.0,-6.0,-15.0,-7.0,-15.0,-6.0,-15.0,-7.0,-16.0,-8.0,-16.0,-7.0,-16.0,-8.0,-16.0,-8.0,-16.0,-8.0,-16.0,-8.0,-16.0,-8.0,-16.0
3.7338,122.0,-96.0,7.0,0.0,0.0,0.0,0.0,0.0,0.0,0.0,0.0,0.0,-9.0,-9.0,-4.0,-7.0,2.0,-6.0,8.0,-7.0,13.0,-7.0,19.0,-8.0,23.0,-10.0,27.0,-11.0,29.0,-13.0,30.0,-14.0,30.0,-16.0,29.0,-16.0,26.0,-16.0,24.0,-16.0,20.0,-13.0,16.0,-9.0,12.0,-5.0,8.0,0.0,4.0,6.0,1.0,11.0,-1.0,17.0,-2.0,23.0,-2.0,28.0,-1.0,31.0,0.0,34.0,0.0,35.0
3.7477,122.0,-96.0,7.0,0.0,0.0,0.0,0.0,0.0,0.0,0.0,0.0,0.0,2.0,10.0,3.0,14.0,3.0,18.0,4.0,21.0,4.0,23.0,5.0,25.0,7.0,25.0,7.0,25.0,7.0,23.0,6.0,21.0,5.0,18.0,3.0,14.0,1.0,11.0,-2.0,7.0,-5.0,3.0,-9.0,0.0,-13.0,-4.0,-16.0,-6.0,-21.0,-8.0,-24.0,-9.0,-26.0,-9.0,-27.0,-9.0,-28.0,-8.0,-28.0,-8.0,-27.0,-6.0,-24.0,-5.0
3.7617,122.0,-96.0,7.0,0.0,0.0,0.0,0.0,0.0,0.0,0.0,0.0,0.0,18.0,-15.0,16.0,-13.0,14.0,-12.0,11.0,-9.0,9.0,-6.0,6.0,-2.0,4.0,2.0,2.0,7.0,1.0,12.0,1.0,16.0,1.0,19.0,1.0,22.0,1.0,25.0,3.0,26.0,3.0,27.0,4.0,26.0,4.0,25.0,4.0,22.0,4.0,19.0,2.0,15.0,0.0,11.0,-3.0,7.0,-6.0,2.0,-9.0,-2.0,-12.0,-5.0,-16.0,-8.0
3.7769,122.0,-96.0,7.0,0.0,0.0,0.0,0.0,0.0,0.0,0.0,0.0,0.0,10.0,-4.0,7.0,-1.0,4.0,3.0,1.0,8.0,-1.0,13.0,-2.0,18.0,-3.0,21.0,-3.0,25.0,-2.0,28.0,-2.0,29.0,-2.0,29.0,0.0,29.0,0.0,27.0,2.0,25.0,1.0,21.0,0.0,17.0,-1.0,12.0,-3.0,7.0,-7.0,2.0,-10.0,-2.0,-13.0,-6.0,-18.0,-9.0,-21.0,-12.0,-25.0,-14.0,-27.0,-14.0,-29.0,-14.0
3.792,122.0,-96.0,7.0,0.0,0.0,0.0,0.0,0.0,0.0,0.0,0.0,0.0,5.0,-10.0,4.0,-11.0,5.0,-11.0,5.0,-10.0,5.0,-10.0,4.0,-11.0,4.0,-10.0,5.0,-11.0,5.0,-12.0,5.0,-12.0,5.0,-12.0,5.0,-11.0,5.0,-12.0,6.0,-12.0,6.0,-13.0,5.0,-12.0,5.0,-12.0,5.0,-13.0,5.0,-13.0,5.0,-12.0,5.0,-12.0,5.0,-12.0,5.0,-13.0,5.0,-13.0,5.0,-13.0,5.0,-13.0
3.7953,-120.0,-126.0,40.0,0.0,0.0,0.0,0.0,0.0,0.0,0.0,0.0,0.0,4.0,-11.0,0.0,-11.0,-4.0,-13.0,-12.0,-10.0,-13.0,-12.0,-16.0,-10.0,-22.0,-10.0,-23.0,-12.0,-27.0,-10.0,-26.0,-9.0,-25.0,-8.0,-24.0,-7.0,-22.0,-4.0,-20.0,-2.0,-17.0,0.0,-13.0,1.0,-5.0,3.0,-2.0,4.0,8.0,3.0,13.0,5.0,18.0,6.0,24.0,3.0,28.0,3.0,32.0,3.0,35.0,2.0,36.0,2.0
3.809,122.0,-96.0,7.0,0.0,0.0,0.0,0.0,0.0,0.0,0.0,0.0,0.0,-13.0,3.0,-17.0,3.0,-22.0,3.0,-25.0,4.0,-27.0,5.0,-29.0,6.0,-29.0,6.0,-29.0,7.0,-27.0,7.0,-24.0,7.0,-21.0,5.0,-17.0,3.0,-12.0,1.0,-8.0,-3.0,-3.0,-6.0,0.0,-11.0,4.0,-15.0,6.0,-19.0,8.0,-24.0,9.0,-27.0,9.0,-30.0,9.0,-31.0,8.0,-31.0,7.0,-30.0,5.0,-29.0,4.0,-26.0
3.8243,122.0,-96.0,7.0,0.0,0.0,0.0,0.0,0.0,0.0,0.0,0.0,0.0,8.0,9.0,10.0,13.0,12.0,16.0,14.0,19.0,16.0,21.0,18.0,22.0,19.0,22.0,20.0,21.0,19.0,19.0,17.0,17.0,14.0,15.0,10.0,12.0,7.0,10.0,2.0,7.0,-3.0,5.0,-8.0,4.0,-14.0,3.0,-19.0,2.0,-24.0,3.0,-28.0,4.0,-30.0,4.0,-31.0,5.0,-32.0,6.0,-31.0,7.0,-29.0,8.0,-26.0,7.0
3.8375,122.0,-96.0,7.0,0.0,0.0,0.0,0.0,0.0,0.0,0.0,0.0,0.0,-21.0,-17.0,-23.0,-17.0,-24.0,-17.0,-24.0,-17.0,-23.0,-15.0,-21.0,-14.0,-19.0,-12.0,-15.0,-11.0,-11.0,-9.0,-6.0,-8.0,0.0,-6.0,6.0,-6.0,11.0,-7.0,16.0,-6.0,21.0,-7.0,24.0,-8.0,27.0,-9.0,29.0,-10.0,29.0,-12.0,28.0,-12.0,27.0,-12.0,25.0,-12.0,21.0,-11.0,17.0,-8.0,13.0,-6.0,9.0,-2.0
3.8508,122.0,-96.0,7.0,0.0,0.0,0.0,0.0,0.0,0.0,0.0,0.0,0.0,10.0,2.0,6.0,3.0,1.0,5.0,-4.0,7.0,-8.0,10.0,-12.0,13.0,-15.0,15.0,-17.0,18.0,-19.0,21.0,-19.0,23.0,-18.0,24.0,-17.0,24.0,-16.0,23.0,-14.0,22.0,-12.0,19.0,-10.0,15.0,-8.0,11.0,-8.0,5.0,-7.0,0.0,-7.0,-6.0,-7.0,-11.0,-9.0,-16.0,-10.0,-21.0,-12.0,-24.0,-14.0,-26.0,-16.0,-28.0
3.8637,122.0,-96.0,7.0,0.0,0.0,0.0,0.0,0.0,0.0,0.0,0.0,0.0,-12.0,1.0,-15.0,0.0,-19.0,0.0,-22.0,0.0,-25.0,0.0,-27.0,1.0,-27.0,2.0,-27.0,3.0,-25.0,4.0,-23.0,4.0,-20.0,2.0,-16.0,1.0,-13.0,0.0,-9.0,-2.0,-4.0,-4.0,0.0,-8.0,3.0,-12.0,6.0,-15.0,8.0,-19.0,10.0,-22.0,10.0,-24.0,10.0,-26.0,10.0,-28.0,9.0,-27.0,8.0,-27.0,7.0,-24.0
3.8769,122.0,-96.0,7.0,0.0,0.0,0.0,0.0,0.0,0.0,0.0,0.0,0.0,-3.0,12.0,-4.0,7.0,-6.0,2.0,-9.0,-4.0,-13.0,-8.0,-17.0,-12.0,-20.0,-15.0,-24.0,-17.0,-27.0,-18.0,-28.0,-19.0,-29.0,-18.0,-30.0,-17.0,-28.0,-15.0,-27.0,-13.0,-23.0,-11.0,-19.0,-10.0,-14.0,-8.0,-8.0,-8.0,-2.0,-8.0,5.0,-8.0,11.0,-9.0,16.0,-11.0,22.0,-14.0,25.0,-17.0,27.0,-18.0,28.0,-20.0
3.8893,122.0,-96.0,7.0,0.0,0.0,0.0,0.0,0.0,0.0,0.0,0.0,0.0,-13.0,3.0,-17.0,3.0,-21.0,3.0,-24.0,4.0,-27.0,5.0,-29.0,6.0,-29.0,7.0,-29.0,8.0,-27.0,8.0,-24.0,7.0,-21.0,6.0,-17.0,3.0,-13.0,2.0,-9.0,-2.0,-4.0,-5.0,-1.0,-10.0,2.0,-15.0,5.0,-18.0,7.0,-23.0,8.0,-26.0,9.0,-30.0,9.0,-31.0,8.0,-32.0,6.0,-31.0,5.0,-30.0,4.0,-27.0
3.9033,122.0,-96.0,7.0,0.0,0.0,0.0,0.0,0.0,0.0,0.0,0.0,0.0,-10.0,-6.0,-5.0,-5.0,0.0,-6.0,5.0,-8.0,10.0,-10.0,14.0,-12.0,17.0,-14.0,20.0,-16.0,21.0,-19.0,22.0,-20.0,21.0,-21.0,20.0,-21.0,18.0,-21.0,16.0,-20.0,13.0,-16.0,11.0,-13.0,8.0,-8.0,7.0,-3.0,5.0,4.0,4.0,9.0,4.0,14.0,5.0,19.0,6.0,24.0,8.0,26.0,10.0,28.0,10.0,29.0
3.9171,122.0,-96.0,7.0,0.0,0.0,0.0,0.0,0.0,0.0,0.0,0.0,0.0,4.0,-13.0,4.0,-14.0,4.0,-14.0,4.0,-14.0,4.0,-15.0,4.0,-15.0,4.0,-15.0,4.0,-16.0,4.0,-15.0,4.0,-15.0,4.0,-16.0,4.0,-16.0,4.0,-16.0,4.0,-16.0,4.0,-16.0,4.0,-16.0,4.0,-16.0,3.0,-16.0,4.0,-17.0,3.0,-16.0,4.0,-17.0,3.0,-17.0,3.0,-16.0,3.0,-17.0,3.0,-17.0,3.0,-17.0
3.9288,122.0,-96.0,7.0,0.0,0.0,0.0,0.0,0.0,0.0,0.0,0.0,0.0,8.0,9.0,3.0,7.0,-3.0,5.0,-8.0,5.0,-14.0,4.0,-20.0,5.0,-24.0,5.0,-28.0,7.0,-31.0,8.0,-32.0,9.0,-33.0,10.0,-32.0,11.0,-30.0,11.0,-28.0,12.0,-24.0,10.0,-19.0,7.0,-15.0,4.0,-11.0,0.0,-7.0,-5.0,-3.0,-10.0,0.0,-15.0,3.0,-20.0,4.0,-25.0,4.0,-30.0,5.0,-33.0,4.0,-35.0
3.9426,122.0,-96.0,7.0,0.0,0.0,0.0,0.0,0.0,0.0,0.0,0.0,0.0,7.0,7.0,7.0,7.0,7.0,7.0,7.0,8.0,7.0,8.0,7.0,8.0,8.0,8.0,8.0,8.0,8.0,8.0,8.0,8.0,8.0,8.0,8.0,9.0,8.0,9.0,9.0,9.0,9.0,9.0,9.0,9.0,9.0,8.0,9.0,8.0,10.0,9.0,9.0,8.0,10.0,8.0,9.0,8.0,10.0,8.0,10.0,8.0,10.0,8.0,10.0,8.0
3.9567,122.0,-96.0,7.0,0.0,0.0,0.0,0.0,0.0,0.0,0.0,0.0,0.0,8.0,24.0,8.0,22.0,7.0,18.0,5.0,15.0,3.0,11.0,-1.0,8.0,-5.0,4.0,-9.0,0.0,-13.0,-2.0,-18.0,-4.0,-21.0,-6.0,-25.0,-7.0,-28.0,-7.0,-30.0,-7.0,-31.0,-7.0,-30.0,-5.0,-30.0,-4.0,-27.0,-4.0,-24.0,-3.0,-19.0,-3.0,-14.0,-4.0,-9.0,-4.0,-4.0,-6.0,2.0,-8.0,7.0,-10.0,11.0,-14.0
3.9706,122.0,-96.0,7.0,0.0,0.0,0.0,0.0,0.0,0.0,0.0,0.0,0.0,4.0,11.0,5.0,15.0,6.0,19.0,7.0,22.0,8.0,25.0,10.0,27.0,11.0,27.0,12.0,26.0,12.0,24.0,10.0,22.0,8.0,19.0,5.0,15.0,3.0,12.0,-1.0,8.0,-5.0,4.0,-9.0,1.0,-14.0,-2.0,-19.0,-4.0,-24.0,-5.0,-28.0,-5.0,-30.0,-5.0,-32.0,-5.0,-33.0,-4.0,-31.0,-3.0,-30.0,-2.0,-27.0,-1.0
3.9835,122.0,-96.0,7.0,0.0,0.0,0.0,0.0,0.0,0.0,0.0,0.0,0.0,7.0,6.0,2.0,5.0,-2.0,4.0,-6.0,4.0,-11.0,4.0,-15.0,5.0,-19.0,6.0,-22.0,7.0,-24.0,9.0,-25.0,9.0,-25.0,11.0,-25.0,11.0,-23.0,11.0,-21.0,11.0,-18.0,9.0,-15.0,7.0,-12.0,5.0,-9.0,1.0,-6.0,-3.0,-3.0,-7.0,-1.0,-12.0,0.0,-16.0,1.0,-21.0,1.0,-24.0,1.0,-27.0,0.0,-28.0
3.9958,122.0,-96.0,7.0,0.0,0.0,0.0,0.0,0.0,0.0,0.0,0.0,0.0,-8.0,-11.0,-9.0,-15.0,-11.0,-19.0,-12.0,-22.0,-14.0,-24.0,-16.0,-25.0,-17.0,-25.0,-18.0,-25.0,-17.0,-23.0,-16.0,-21.0,-13.0,-18.0,-11.0,-15.0,-8.0,-12.0,-3.0,-9.0,1.0,-6.0,7.0,-5.0,13.0,-3.0,17.0,-1.0,22.0,-1.0,26.0,-1.0,29.0,-1.0,31.0,-1.0,32.0,-3.0,31.0,-4.0,30.0,-5.0,27.0,-5.0
4.0084,122.0,-96.0,7.0,0.0,0.0,0.0,0.0,0.0,0.0,0.0,0.0,0.0,5.0,11.0,5.0,15.0,7.0,19.0,8.0,22.0,9.0,25.0,11.0,26.0,11.0,26.0,12.0,26.0,12.0,24.0,11.0,22.0,9.0,19.0,7.0,16.0,4.0,12.0,0.0,9.0,-3.0,5.0,-8.0,2.0,-14.0,-1.0,-18.0,-3.0,-23.0,-4.0,-27.0,-4.0,-30.0,-4.0,-32.0,-4.0,-33.0,-3.0,-32.0,-2.0,-31.0,0.0,-28.0,0.0
4.0243,122.0,-96.0,7.0,0.0,0.0,0.0,0.0,0.0,0.0,0.0,0.0,0.0,9.0,5.0,12.0,8.0,14.0,11.0,17.0,13.0,19.0,13.0,21.0,14.0,22.0,13.0,23.0,13.0,22.0,12.0,20.0,10.0,17.0,9.0,13.0,8.0,10.0,6.0,5.0,6.0,0.0,5.0,-5.0,5.0,-10.0,6.0,-15.0,7.0,-19.0,9.0,-21.0,10.0,-24.0,12.0,-25.0,13.0,-25.0,15.0,-24.0,15.0,-23.0,16.0,-20.0,14.0
4.0394,122.0,-96.0,7.0,0.0,0.0,0.0,0.0,0.0,0.0,0.0,0.0,0.0,-4.0,-14.0,-4.0,-15.0,-4.0,-14.0,-4.0,-15.0,-5.0,-15.0,-4.0,-15.0,-5.0,-15.0,-5.0,-15.0,-5.0,-15.0,-5.0,-15.0,-5.0,-16.0,-4.0,-16.0,-4.0,-16.0,-5.0,-16.0,-5.0,-16.0,-5.0,-16.0,-6.0,-16.0,-6.0,-16.0,-5.0,-16.0,-6.0,-16.0,-5.0,-17.0,-5.0,-16.0,-6.0,-16.0,-6.0,-17.0,-6.0,-17.0,-6.0,-17.0
4.0524,122.0,-96.0,7.0,0.0,0.0,0.0,0.0,0.0,0.0,0.0,0.0,0.0,3.0,-12.0,4.0,-7.0,6.0,-1.0,8.0,4.0,11.0,9.0,15.0,13.0,18.0,17.0,21.0,19.0,24.0,20.0,25.0,20.0,27.0,20.0,26.0,18.0,25.0,16.0,24.0,14.0,20.0,12.0,14.0,10.0,9.0,8.0,3.0,7.0,-4.0,7.0,-10.0,6.0,-16.0,8.0,-22.0,9.0,-26.0,12.0,-29.0,14.0,-31.0,16.0,-32.0,17.0
4.0677,122.0,-96.0,7.0,0.0,0.0,0.0,0.0,0.0,0.0,0.0,0.0,0.0,-11.0,-5.0,-12.0,-6.0,-12.0,-6.0,-13.0,-6.0,-12.0,-6.0,-13.0,-7.0,-13.0,-6.0,-13.0,-6.0,-13.0,-6.0,-13.0,-6.0,-13.0,-6.0,-14.0,-7.0,-13.0,-6.0,-14.0,-6.0,-15.0,-6.0,-14.0,-6.0,-14.0,-5.0,-14.0,-5.0,-15.0,-7.0,-15.0,-6.0,-15.0,-5.0,-15.0,-6.0,-15.0,-5.0,-15.0,-5.0,-15.0,-5.0,-15.0,-5.0
4.0815,122.0,-96.0,7.0,0.0,0.0,0.0,0.0,0.0,0.0,0.0,0.0,0.0,21.0,-7.0,20.0,-7.0,17.0,-6.0,14.0,-4.0,10.0,-2.0,6.0,1.0,3.0,4.0,-1.0,8.0,-3.0,12.0,-5.0,15.0,-6.0,18.0,-7.0,21.0,-8.0,24.0,-7.0,25.0,-7.0,26.0,-6.0,26.0,-5.0,24.0,-4.0,22.0,-4.0,19.0,-4.0,15.0,-4.0,10.0,-5.0,6.0,-6.0,0.0,-8.0,-4.0,-10.0,-9.0,-13.0,-13.0
4.0963,122.0,-96.0,7.0,0.0,0.0,0.0,0.0,0.0,0.0,0.0,0.0,0.0,-11.0,1.0,-12.0,1.0,-12.0,1.0,-12.0,1.0,-12.0,1.0,-12.0,1.0,-12.0,0.0,-13.0,1.0,-13.0,1.0,-12.0,1.0,-13.0,2.0,-13.0,1.0,-12.0,1.0,-13.0,2.0,-13.0,2.0,-13.0,2.0,-13.0,2.0,-13.0,2.0,-13.0,2.0,-14.0,2.0,-14.0,2.0,-13.0,3.0,-13.0,3.0,-14.0,3.0,-14.0,3.0,-13.0,3.0
4.1089,122.0,-96.0,7.0,0.0,0.0,0.0,0.0,0.0,0.0,0.0,0.0,0.0,12.0,25.0,11.0,23.0,10.0,19.0,7.0,16.0,3.0,12.0,-1.0,8.0,-5.0,5.0,-11.0,2.0,-16.0,-1.0,-21.0,-3.0,-25.0,-4.0,-29.0,-5.0,-32.0,-5.0,-35.0,-4.0,-36.0,-3.0,-34.0,-2.0,-33.0,-1.0,-29.0,0.0,-26.0,0.0,-20.0,-1.0,-15.0,-2.0,-9.0,-4.0,-3.0,-7.0,3.0,-10.0,8.0,-14.0,12.0,-18.0
4.1132,98.0,33.0,22.0,0.0,0.0,0.0,0.0,0.0,0.0,0.0,0.0,0.0,-5.0,19.0,-2.0,18.0,-1.0,20.0,-5.0,22.0,-3.0,21.0,-3.0,25.0,4.0,25.0,2.0,24.0,1.0,19.0,4.0,18.0,3.0,13.0,6.0,8.0,6.0,4.0,6.0,-2.0,5.0,-7.0,3.0,-11.0,3.0,-16.0,1.0,-19.0,-2.0,-24.0,-3.0,-28.0,-6.0,-29.0,-7.0,-29.0,-8.0,-29.0,-8.0,-26.0,-8.0,-24.0,-8.0,-21.0
4.1374,122.0,-96.0,7.0,0.0,0.0,0.0,0.0,0.0,0.0,0.0,0.0,0.0,9.0,-8.0,7.0,-3.0,6.0,3.0,4.0,8.0,3.0,14.0,4.0,19.0,4.0,24.0,5.0,28.0,6.0,31.0,8.0,32.0,9.0,32.0,10.0,31.0,10.0,29.0,11.0,26.0,9.0,22.0,6.0,18.0,3.0,13.0,-1.0,9.0,-6.0,5.0,-11.0,0.0,-17.0,-2.0,-22.0,-5.0,-27.0,-6.0,-31.0,-6.0,-34.0,-5.0,-36.0,-5.0
4.1506,122.0,-96.0,7.0,0.0,0.0,0.0,0.0,0.0,0.0,0.0,0.0,0.0,8.0,6.0,7.0,5.0,8.0,6.0,8.0,6.0,8.0,6.0,8.0,6.0,9.0,6.0,9.0,5.0,8.0,6.0,9.0,6.0,8.0,6.0,9.0,6.0,8.0,6.0,9.0,6.0,9.0,6.0,9.0,6.0,9.0,6.0,9.0,5.0,10.0,6.0,9.0,6.0,9.0,6.0,10.0,6.0,10.0,6.0,10.0,6.0,10.0,6.0,10.0,6.0
4.1639,122.0,-96.0,7.0,0.0,0.0,0.0,0.0,0.0,0.0,0.0,0.0,0.0,-24.0,-2.0,-26.0,0.0,-26.0,0.0,-25.0,0.0,-24.0,1.0,-22.0,1.0,-19.0,0.0,-16.0,0.0,-12.0,-2.0,-7.0,-4.0,-3.0,-6.0,2.0,-9.0,5.0,-12.0,8.0,-15.0,11.0,-18.0,13.0,-20.0,14.0,-23.0,14.0,-24.0,14.0,-25.0,13.0,-25.0,12.0,-24.0,10.0,-21.0,9.0,-19.0,7.0,-15.0,5.0,-10.0,5.0,-6.0
4.1797,122.0,-96.0,7.0,0.0,0.0,0.0,0.0,0.0,0.0,0.0,0.0,0.0,-11.0,-4.0,-12.0,-3.0,-12.0,-3.0,-12.0,-3.0,-12.0,-3.0,-13.0,-3.0,-13.0,-3.0,-13.0,-3.0,-13.0,-3.0,-13.0,-3.0,-13.0,-3.0,-13.0,-3.0,-13.0,-3.0,-13.0,-3.0,-13.0,-3.0,-13.0,-4.0,-13.0,-3.0,-13.0,-3.0,-14.0,-3.0,-14.0,-3.0,-14.0,-3.0,-14.0,-3.0,-14.0,-3.0,-14.0,-2.0,-14.0,-2.0,-14.0,-3.0
4.1917,122.0,-96.0,7.0,0.0,0.0,0.0,0.0,0.0,0.0,0.0,0.0,0.0,9.0,4.0,5.0,4.0,-1.0,5.0,-5.0,7.0,-10.0,9.0,-14.0,12.0,-17.0,15.0,-19.0,17.0,-21.0,20.0,-21.0,20.0,-21.0,22.0,-19.0,22.0,-17.0,21.0,-15.0,20.0,-13.0,16.0,-10.0,12.0,-9.0,8.0,-7.0,2.0,-7.0,-4.0,-7.0,-10.0,-7.0,-15.0,-8.0,-19.0,-9.0,-23.0,-12.0,-26.0,-13.0,-28.0,-14.0,-29.0
4.207,122.0,-96.0,7.0,0.0,0.0,0.0,0.0,0.0,0.0,0.0,0.0,0.0,-8.0,-10.0,-4.0,-8.0,2.0,-6.0,8.0,-5.0,14.0,-5.0,20.0,-5.0,23.0,-6.0,27.0,-7.0,30.0,-9.0,32.0,-10.0,32.0,-11.0,30.0,-12.0,29.0,-13.0,26.0,-13.0,22.0,-11.0,18.0,-8.0,13.0,-5.0,9.0,0.0,5.0,5.0,1.0,10.0,-1.0,16.0,-4.0,21.0,-4.0,26.0,-4.0,30.0,-4.0,33.0,-3.0,35.0
4.2107,98.0,33.0,22.0,0.0,0.0,0.0,0.0,0.0,0.0,0.0,0.0,0.0,11.0,-14.0,12.0,-18.0,13.0,-20.0,15.0,-23.0,14.0,-24.0,12.0,-25.0,11.0,-25.0,9.0,-24.0,7.0,-21.0,4.0,-18.0,2.0,-15.0,-1.0,-12.0,-4.0,-7.0,-7.0,-2.0,-10.0,3.0,-11.0,8.0,-12.0,13.0,-11.0,18.0,-11.0,24.0,-10.0,27.0,-9.0,31.0,-9.0,31.0,-6.0,31.0,-6.0,29.0,-5.0,27.0,-3.0,24.0
4.2258,122.0,-96.0,7.0,0.0,0.0,0.0,0.0,0.0,0.0,0.0,0.0,0.0,3.0,-11.0,4.0,-11.0,4.0,-11.0,4.0,-11.0,4.0,-12.0,4.0,-12.0,3.0,-12.0,3.0,-12.0,3.0,-12.0,4.0,-12.0,4.0,-12.0,4.0,-12.0,4.0,-12.0,4.0,-13.0,4.0,-13.0,4.0,-13.0,3.0,-13.0,3.0,-13.0,3.0,-13.0,3.0,-13.0,3.0,-13.0,3.0,-13.0,3.0,-13.0,3.0,-13.0,3.0,-13.0,3.0,-14.0
4.2395,122.0,-96.0,7.0,0.0,0.0,0.0,0.0,0.0,0.0,0.0,0.0,0.0,18.0,-15.0,16.0,-14.0,14.0,-12.0,11.0,-9.0,8.0,-6.0,6.0,-2.0,4.0,3.0,3.0,7.0,1.0,12.0,1.0,16.0,0.0,19.0,1.0,22.0,2.0,25.0,3.0,27.0,4.0,27.0,4.0,26.0,4.0,25.0,4.0,22.0,4.0,19.0,2.0,15.0,0.0,11.0,-2.0,7.0,-5.0,3.0,-9.0,-1.0,-12.0,-5.0,-17.0,-7.0
4.2531,122.0,-96.0,7.0,0.0,0.0,0.0,0.0,0.0,0.0,0.0,0.0,0.0,13.0,0.0,14.0,0.0,14.0,0.0,15.0,-1.0,14.0,0.0,15.0,-1.0,15.0,-1.0,16.0,-1.0,15.0,0.0,15.0,-1.0,16.0,-1.0,15.0,-1.0,15.0,-1.0,16.0,-1.0,16.0,-1.0,16.0,-1.0,17.0,-1.0,16.0,-1.0,17.0,-1.0,16.0,-1.0,16.0,-1.0,16.0,-1.0,16.0,-2.0,17.0,-2.0,17.0,-2.0,17.0,-2.0
4.2676,122.0,-96.0,7.0,0.0,0.0,0.0,0.0,0.0,0.0,0.0,0.0,0.0,22.0,-7.0,23.0,-9.0,24.0,-9.0,23.0,-10.0,22.0,-10.0,20.0,-9.0,17.0,-8.0,14.0,-6.0,11.0,-4.0,8.0,0.0,4.0,3.0,1.0,7.0,-1.0,11.0,-3.0,15.0,-5.0,19.0,-6.0,22.0,-6.0,24.0,-7.0,26.0,-6.0,27.0,-5.0,27.0,-4.0,26.0,-3.0,24.0,-2.0,21.0,-2.0,17.0,-3.0,12.0,-3.0,8.0
4.2826,122.0,-96.0,7.0,0.0,0.0,0.0,0.0,0.0,0.0,0.0,0.0,0.0,4.0,-10.0,7.0,-13.0,10.0,-16.0,12.0,-19.0,12.0,-21.0,13.0,-23.0,12.0,-24.0,11.0,-24.0,11.0,-23.0,9.0,-21.0,8.0,-18.0,7.0,-14.0,6.0,-11.0,6.0,-6.0,5.0,-1.0,6.0,4.0,7.0,9.0,8.0,13.0,9.0,17.0,11.0,20.0,13.0,22.0,14.0,24.0,15.0,24.0,16.0,23.0,16.0,21.0,15.0,19.0
4.2969,122.0,-96.0,7.0,0.0,0.0,0.0,0.0,0.0,0.0,0.0,0.0,0.0,-13.0,-4.0,-8.0,-5.0,-2.0,-7.0,3.0,-9.0,8.0,-12.0,12.0,-16.0,16.0,-19.0,18.0,-22.0,19.0,-25.0,21.0,-27.0,20.0,-28.0,19.0,-28.0,17.0,-27.0,14.0,-26.0,12.0,-22.0,10.0,-18.0,8.0,-13.0,8.0,-7.0,7.0,-1.0,7.0,6.0,8.0,12.0,9.0,17.0,11.0,23.0,13.0,26.0,15.0,29.0,17.0,30.0
4.3126,122.0,-96.0,7.0,0.0,0.0,0.0,0.0,0.0,0.0,0.0,0.0,0.0,-22.0,13.0,-20.0,12.0,-18.0,11.0,-15.0,8.0,-11.0,5.0,-9.0,1.0,-6.0,-4.0,-4.0,-9.0,-2.0,-14.0,-1.0,-18.0,1.0,-22.0,1.0,-25.0,0.0,-29.0,-1.0,-31.0,-1.0,-31.0,-2.0,-31.0,-3.0,-29.0,-3.0,-27.0,-3.0,-23.0,-2.0,-19.0,0.0,-15.0,2.0,-10.0,5.0,-5.0,8.0,0.0,11.0,5.0,15.0,8.0
4.3258,122.0,-96.0,7.0,0.0,0.0,0.0,0.0,0.0,0.0,0.0,0.0,0.0,4.0,-23.0,4.0,-25.0,3.0,-26.0,3.0,-25.0,2.0,-24.0,2.0,-22.0,1.0,-19.0,2.0,-16.0,2.0,-11.0,4.0,-6.0,5.0,-2.0,7.0,3.0,10.0,7.0,12.0,11.0,15.0,13.0,17.0,16.0,19.0,17.0,20.0,18.0,21.0,18.0,21.0,16.0,20.0,16.0,18.0,13.0,16.0,12.0,12.0,9.0,8.0,7.0,4.0,6.0
4.3398,122.0,-96.0,7.0,0.0,0.0,0.0,0.0,0.0,0.0,0.0,0.0,0.0,20.0,-6.0,21.0,-7.0,21.0,-8.0,21.0,-8.0,20.0,-8.0,18.0,-7.0,15.0,-6.0,13.0,-4.0,9.0,-3.0,6.0,1.0,3.0,4.0,0.0,7.0,-3.0,11.0,-5.0,14.0,-6.0,17.0,-7.0,20.0,-8.0,22.0,-8.0,23.0,-7.0,24.0,-7.0,23.0,-6.0,23.0,-5.0,20.0,-4.0,17.0,-4.0,13.0,-3.0,9.0,-4.0,5.0
4.3546,122.0,-96.0,7.0,0.0,0.0,0.0,0.0,0.0,0.0,0.0,0.0,0.0,9.0,6.0,11.0,9.0,14.0,12.0,16.0,13.0,19.0,15.0,20.0,15.0,21.0,15.0,22.0,14.0,21.0,13.0,19.0,11.0,15.0,10.0,12.0,8.0,8.0,7.0,3.0,6.0,-2.0,5.0,-6.0,5.0,-12.0,6.0,-16.0,6.0,-20.0,8.0,-23.0,9.0,-25.0,11.0,-26.0,12.0,-26.0,13.0,-25.0,13.0,-23.0,14.0,-21.0,12.0
4.3701,122.0,-96.0,7.0,0.0,0.0,0.0,0.0,0.0,0.0,0.0,0.0,0.0,-11.0,9.0,-11.0,9.0,-11.0,9.0,-11.0,10.0,-11.0,10.0,-12.0,10.0,-11.0,10.0,-11.0,11.0,-11.0,10.0,-11.0,11.0,-12.0,11.0,-11.0,11.0,-12.0,11.0,-11.0,11.0,-11.0,11.0,-11.0,12.0,-12.0,11.0,-11.0,12.0,-11.0,12.0,-11.0,12.0,-11.0,12.0,-12.0,12.0,-11.0,13.0,-12.0,13.0,-11.0,12.0,-11.0,13.0
4.3836,122.0,-96.0,7.0,0.0,0.0,0.0,0.0,0.0,0.0,0.0,0.0,0.0,8.0,-28.0,7.0,-26.0,7.0,-22.0,6.0,-18.0,5.0,-12.0,6.0,-7.0,7.0,-1.0,8.0,5.0,10.0,10.0,13.0,15.0,15.0,19.0,18.0,22.0,21.0,24.0,23.0,25.0,24.0,25.0,24.0,23.0,24.0,21.0,21.0,18.0,18.0,16.0,14.0,13.0,9.0,10.0,3.0,8.0,-4.0,6.0,-10.0,5.0,-15.0,4.0,-22.0,5.0
4.3975,122.0,-96.0,7.0,0.0,0.0,0.0,0.0,0.0,0.0,0.0,0.0,0.0,6.0,22.0,7.0,23.0,7.0,23.0,8.0,23.0,8.0,22.0,7.0,20.0,6.0,17.0,4.0,14.0,2.0,11.0,-1.0,8.0,-4.0,4.0,-8.0,1.0,-12.0,-2.0,-16.0,-4.0,-20.0,-6.0,-22.0,-7.0,-25.0,-8.0,-27.0,-8.0,-28.0,-7.0,-28.0,-7.0,-27.0,-6.0,-24.0,-5.0,-22.0,-4.0,-18.0,-3.0,-13.0,-3.0,-9.0,-4.0
4.4121,122.0,-96.0,7.0,0.0,0.0,0.0,0.0,0.0,0.0,0.0,0.0,0.0,-21.0,3.0,-23.0,4.0,-22.0,4.0,-22.0,5.0,-21.0,5.0,-20.0,5.0,-17.0,4.0,-14.0,2.0,-11.0,1.0,-7.0,-2.0,-4.0,-5.0,-1.0,-8.0,2.0,-12.0,5.0,-15.0,6.0,-18.0,7.0,-20.0,8.0,-22.0,8.0,-24.0,7.0,-25.0,7.0,-25.0,6.0,-23.0,5.0,-21.0,4.0,-18.0,3.0,-14.0,3.0,-10.0,3.0,-6.0
4.4263,122.0,-96.0,7.0,0.0,0.0,0.0,0.0,0.0,0.0,0.0,0.0,0.0,25.0,1.0,28.0,1.0,28.0,0.0,27.0,-1.0,26.0,-1.0,24.0,-1.0,20.0,-1.0,16.0,0.0,12.0,1.0,7.0,3.0,2.0,5.0,-3.0,9.0,-7.0,12.0,-11.0,15.0,-14.0,18.0,-16.0,20.0,-18.0,23.0,-18.0,25.0,-18.0,26.0,-17.0,26.0,-15.0,25.0,-14.0,22.0,-11.0,19.0,-10.0,15.0,-8.0,9.0,-7.0,5.0
4.4422,122.0,-96.0,7.0,0.0,0.0,0.0,0.0,0.0,0.0,0.0,0.0,0.0,-11.0,-2.0,-12.0,-2.0,-12.0,-2.0,-12.0,-2.0,-12.0,-2.0,-13.0,-2.0,-13.0,-3.0,-13.0,-2.0,-13.0,-2.0,-13.0,-2.0,-13.0,-2.0,-13.0,-2.0,-13.0,-2.0,-13.0,-2.0,-13.0,-2.0,-13.0,-2.0,-14.0,-2.0,-14.0,-2.0,-14.0,-2.0,-14.0,-2.0,-14.0,-2.0,-14.0,-2.0,-14.0,-1.0,-14.0,-1.0,-14.0,-1.0,-14.0,-1.0
4.4548,122.0,-96.0,7.0,0.0,0.0,0.0,0.0,0.0,0.0,0.0,0.0,0.0,-14.0,-19.0,-16.0,-20.0,-17.0,-20.0,-17.0,-20.0,-16.0,-18.0,-15.0,-17.0,-13.0,-14.0,-10.0,-12.0,-7.0,-10.0,-2.0,-8.0,2.0,-6.0,7.0,-4.0,12.0,-3.0,16.0,-3.0,20.0,-3.0,23.0,-3.0,25.0,-4.0,27.0,-4.0,27.0,-5.0,27.0,-6.0,25.0,-6.0,22.0,-6.0,19.0,-5.0,15.0,-4.0,11.0,-2.0,7.0,1.0
4.4703,122.0,-96.0,7.0,0.0,0.0,0.0,0.0,0.0,0.0,0.0,0.0,0.0,-14.0,-5.0,-14.0,-5.0,-14.0,-5.0,-15.0,-5.0,-15.0,-5.0,-15.0,-5.0,-15.0,-5.0,-16.0,-4.0,-15.0,-5.0,-16.0,-5.0,-16.0,-5.0,-16.0,-5.0,-16.0,-5.0,-16.0,-5.0,-16.0,-5.0,-16.0,-5.0,-17.0,-4.0,-17.0,-4.0,-17.0,-5.0,-17.0,-4.0,-17.0,-4.0,-17.0,-4.0,-17.0,-4.0,-18.0,-4.0,-18.0,-4.0,-18.0,-4.0
4.4857,122.0,-96.0,7.0,0.0,0.0,0.0,0.0,0.0,0.0,0.0,0.0,0.0,-17.0,-20.0,-16.0,-18.0,-14.0,-16.0,-11.0,-13.0,-8.0,-10.0,-3.0,-8.0,2.0,-6.0,7.0,-5.0,12.0,-4.0,17.0,-4.0,21.0,-3.0,24.0,-4.0,27.0,-5.0,29.0,-6.0,30.0,-7.0,29.0,-8.0,27.0,-8.0,25.0,-7.0,21.0,-7.0,17.0,-6.0,13.0,-3.0,9.0,0.0,5.0,4.0,0.0,7.0,-3.0,12.0,-6.0,17.0
4.5004,122.0,-96.0,7.0,0.0,0.0,0.0,0.0,0.0,0.0,0.0,0.0,0.0,-11.0,-4.0,-11.0,-4.0,-11.0,-4.0,-11.0,-4.0,-12.0,-4.0,-12.0,-4.0,-12.0,-4.0,-13.0,-4.0,-12.0,-4.0,-13.0,-4.0,-13.0,-4.0,-13.0,-4.0,-12.0,-4.0,-13.0,-4.0,-13.0,-4.0,-13.0,-4.0,-13.0,-4.0,-13.0,-4.0,-14.0,-4.0,-13.0,-4.0,-14.0,-4.0,-13.0,-3.0,-13.0,-3.0,-14.0,-4.0,-14.0,-3.0,-14.0,-4.0
4.5155,122.0,-96.0,7.0,0.0,0.0,0.0,0.0,0.0,0.0,0.0,0.0,0.0,-7.0,8.0,-8.0,9.0,-7.0,8.0,-8.0,9.0,-8.0,9.0,-8.0,9.0,-8.0,9.0,-7.0,9.0,-8.0,10.0,-8.0,10.0,-8.0,10.0,-8.0,10.0,-8.0,9.0,-8.0,10.0,-8.0,10.0,-8.0,10.0,-8.0,10.0,-8.0,11.0,-8.0,11.0,-8.0,10.0,-8.0,11.0,-8.0,11.0,-7.0,11.0,-7.0,11.0,-7.0,11.0,-8.0,11.0
4.5301,122.0,-96.0,7.0,0.0,0.0,0.0,0.0,0.0,0.0,0.0,0.0,0.0,3.0,-13.0,4.0,-7.0,6.0,-1.0,8.0,3.0,11.0,8.0,15.0,13.0,18.0,16.0,21.0,18.0,24.0,19.0,26.0,20.0,26.0,19.0,26.0,18.0,26.0,16.0,24.0,14.0,20.0,12.0,16.0,10.0,11.0,8.0,5.0,8.0,-2.0,7.0,-8.0,7.0,-14.0,8.0,-20.0,10.0,-24.0,12.0,-28.0,14.0,-30.0,16.0,-31.0,18.0
4.5435,122.0,-96.0,7.0,0.0,0.0,0.0,0.0,0.0,0.0,0.0,0.0,0.0,5.0,9.0,5.0,10.0,5.0,10.0,6.0,10.0,5.0,10.0,5.0,10.0,6.0,10.0,6.0,10.0,5.0,11.0,5.0,10.0,6.0,11.0,5.0,11.0,6.0,11.0,6.0,11.0,6.0,10.0,6.0,10.0,6.0,11.0,6.0,10.0,6.0,11.0,6.0,11.0,6.0,11.0,6.0,11.0,7.0,11.0,7.0,11.0,7.0,11.0,7.0,11.0
4.5582,122.0,-96.0,7.0,0.0,0.0,0.0,0.0,0.0,0.0,0.0,0.0,0.0,-3.0,-14.0,-3.0,-15.0,-3.0,-15.0,-3.0,-15.0,-2.0,-15.0,-3.0,-16.0,-3.0,-16.0,-3.0,-16.0,-3.0,-16.0,-3.0,-16.0,-3.0,-16.0,-3.0,-16.0,-3.0,-16.0,-4.0,-17.0,-4.0,-16.0,-3.0,-16.0,-4.0,-17.0,-4.0,-17.0,-4.0,-17.0,-4.0,-17.0,-4.0,-17.0,-4.0,-17.0,-4.0,-17.0,-5.0,-17.0,-4.0,-17.0,-5.0,-17.0
4.572,122.0,-96.0,7.0,0.0,0.0,0.0,0.0,0.0,0.0,0.0,0.0,0.0,-19.0,-10.0,-21.0,-10.0,-21.0,-9.0,-21.0,-9.0,-20.0,-8.0,-19.0,-8.0,-16.0,-7.0,-13.0,-6.0,-9.0,-6.0,-5.0,-6.0,0.0,-5.0,4.0,-7.0,8.0,-8.0,12.0,-9.0,15.0,-10.0,17.0,-11.0,19.0,-13.0,20.0,-14.0,20.0,-15.0,19.0,-15.0,18.0,-15.0,16.0,-14.0,14.0,-12.0,11.0,-9.0,8.0,-6.0,6.0,-3.0
4.5856,122.0,-96.0,7.0,0.0,0.0,0.0,0.0,0.0,0.0,0.0,0.0,0.0,-21.0,15.0,-22.0,17.0,-21.0,18.0,-21.0,18.0,-19.0,17.0,-18.0,16.0,-15.0,13.0,-13.0,10.0,-10.0,6.0,-8.0,1.0,-6.0,-4.0,-5.0,-10.0,-4.0,-15.0,-3.0,-19.0,-4.0,-24.0,-4.0,-26.0,-5.0,-30.0,-5.0,-30.0,-7.0,-31.0,-8.0,-30.0,-7.0,-28.0,-7.0,-25.0,-6.0,-21.0,-4.0,-16.0,-1.0,-11.0,2.0,-7.0
4.6003,122.0,-96.0,7.0,0.0,0.0,0.0,0.0,0.0,0.0,0.0,0.0,0.0,9.0,-3.0,9.0,-3.0,10.0,-3.0,9.0,-3.0,10.0,-3.0,10.0,-3.0,10.0,-4.0,10.0,-3.0,10.0,-3.0,10.0,-3.0,10.0,-3.0,10.0,-4.0,11.0,-3.0,10.0,-3.0,11.0,-3.0,11.0,-4.0,11.0,-4.0,11.0,-4.0,11.0,-4.0,11.0,-4.0,11.0,-5.0,11.0,-4.0,11.0,-4.0,11.0,-5.0,11.0,-5.0,11.0,-5.0
4.6146,122.0,-96.0,7.0,0.0,0.0,0.0,0.0,0.0,0.0,0.0,0.0,0.0,-6.0,8.0,-7.0,7.0,-7.0,7.0,-7.0,9.0,-7.0,8.0,-7.0,9.0,-6.0,8.0,-6.0,8.0,-7.0,9.0,-7.0,9.0,-7.0,9.0,-7.0,9.0,-7.0,9.0,-7.0,10.0,-7.0,10.0,-7.0,9.0,-6.0,9.0,-7.0,10.0,-7.0,10.0,-7.0,10.0,-6.0,10.0,-7.0,10.0,-6.0,10.0,-7.0,10.0,-6.0,10.0,-6.0,10.0
4.6289,122.0,-96.0,7.0,0.0,0.0,0.0,0.0,0.0,0.0,0.0,0.0,0.0,24.0,-5.0,22.0,-4.0,19.0,-4.0,15.0,-3.0,11.0,-1.0,7.0,2.0,2.0,5.0,-1.0,9.0,-5.0,14.0,-8.0,17.0,-10.0,20.0,-11.0,23.0,-11.0,26.0,-11.0,28.0,-10.0,29.0,-9.0,27.0,-8.0,26.0,-7.0,23.0,-6.0,20.0,-6.0,15.0,-5.0,10.0,-6.0,4.0,-8.0,-2.0,-9.0,-7.0,-11.0,-12.0,-14.0,-17.0
4.6439,122.0,-96.0,7.0,0.0,0.0,0.0,0.0,0.0,0.0,0.0,0.0,0.0,-16.0,-17.0,-18.0,-18.0,-18.0,-18.0,-19.0,-17.0,-18.0,-16.0,-17.0,-15.0,-15.0,-13.0,-12.0,-11.0,-8.0,-9.0,-4.0,-8.0,0.0,-6.0,6.0,-5.0,10.0,-5.0,14.0,-5.0,19.0,-5.0,22.0,-6.0,24.0,-7.0,26.0,-7.0,27.0,-8.0,26.0,-9.0,25.0,-9.0,22.0,-9.0,19.0,-8.0,16.0,-6.0,12.0,-4.0,8.0,-2.0
4.6601,122.0,-96.0,7.0,0.0,0.0,0.0,0.0,0.0,0.0,0.0,0.0,0.0,-11.0,9.0,-11.0,9.0,-11.0,9.0,-12.0,9.0,-12.0,9.0,-12.0,10.0,-12.0,10.0,-12.0,10.0,-12.0,10.0,-12.0,10.0,-12.0,10.0,-12.0,10.0,-13.0,10.0,-12.0,11.0,-12.0,11.0,-12.0,11.0,-12.0,10.0,-12.0,12.0,-12.0,12.0,-12.0,12.0,-12.0,12.0,-12.0,12.0,-12.0,12.0,-12.0,12.0,-12.0,12.0,-11.0,12.0
4.6738,122.0,-96.0,7.0,0.0,0.0,0.0,0.0,0.0,0.0,0.0,0.0,0.0,6.0,10.0,7.0,15.0,8.0,18.0,9.0,21.0,11.0,23.0,13.0,25.0,14.0,25.0,14.0,24.0,14.0,23.0,12.0,20.0,10.0,18.0,8.0,15.0,5.0,12.0,1.0,9.0,-3.0,5.0,-8.0,3.0,-14.0,1.0,-18.0,-1.0,-23.0,-2.0,-27.0,-2.0,-30.0,-2.0,-31.0,-1.0,-32.0,0.0,-32.0,0.0,-31.0,2.0,-28.0,2.0
4.6876,122.0,-96.0,7.0,0.0,0.0,0.0,0.0,0.0,0.0,0.0,0.0,0.0,22.0,5.0,23.0,5.0,24.0,5.0,24.0,4.0,23.0,3.0,21.0,3.0,18.0,2.0,15.0,2.0,11.0,3.0,6.0,4.0,2.0,5.0,-3.0,7.0,-7.0,9.0,-11.0,11.0,-14.0,13.0,-17.0,15.0,-19.0,17.0,-20.0,19.0,-20.0,20.0,-19.0,20.0,-18.0,20.0,-15.0,18.0,-14.0,16.0,-12.0,13.0,-9.0,9.0,-7.0,5.0
4.7033,122.0,-96.0,7.0,0.0,0.0,0.0,0.0,0.0,0.0,0.0,0.0,0.0,-11.0,-3.0,-12.0,-3.0,-12.0,-3.0,-12.0,-3.0,-12.0,-3.0,-13.0,-3.0,-12.0,-3.0,-13.0,-3.0,-12.0,-3.0,-13.0,-3.0,-13.0,-3.0,-13.0,-3.0,-13.0,-3.0,-13.0,-3.0,-13.0,-3.0,-13.0,-3.0,-13.0,-3.0,-14.0,-3.0,-14.0,-3.0,-14.0,-3.0,-14.0,-3.0,-14.0,-3.0,-14.0,-3.0,-14.0,-3.0,-14.0,-3.0,-14.0,-2.0
4.7163,122.0,-96.0,7.0,0.0,0.0,0.0,0.0,0.0,0.0,0.0,0.0,0.0,-10.0,-6.0,-12.0,-8.0,-16.0,-10.0,-18.0,-12.0,-21.0,-13.0,-22.0,-13.0,-24.0,-13.0,-24.0,-12.0,-23.0,-11.0,-21.0,-10.0,-18.0,-9.0,-14.0,-8.0,-11.0,-7.0,-6.0,-7.0,-2.0,-6.0,3.0,-7.0,9.0,-8.0,13.0,-9.0,17.0,-11.0,19.0,-13.0,22.0,-14.0,22.0,-16.0,23.0,-17.0,22.0,-17.0,20.0,-18.0,18.0,-16.0
4.7297,122.0,-96.0,7.0,0.0,0.0,0.0,0.0,0.0,0.0,0.0,0.0,0.0,4.0,10.0,5.0,10.0,5.0,11.0,7.0,12.0,5.0,12.0,5.0,11.0,4.0,11.0,5.0,10.0,6.0,12.0,5.0,12.0,5.0,12.0,6.0,12.0,6.0,13.0,6.0,12.0,6.0,12.0,6.0,12.0,6.0,12.0,7.0,13.0,6.0,12.0,6.0,13.0,6.0,13.0,6.0,13.0,7.0,13.0,7.0,13.0,7.0,12.0,7.0,12.0
4.7451,122.0,-96.0,7.0,0.0,0.0,0.0,0.0,0.0,0.0,0.0,0.0,0.0,-25.0,7.0,-22.0,6.0,-20.0,6.0,-16.0,4.0,-13.0,2.0,-9.0,-1.0,-5.0,-5.0,-2.0,-9.0,1.0,-13.0,4.0,-17.0,5.0,-21.0,6.0,-24.0,7.0,-28.0,6.0,-30.0,5.0,-30.0,4.0,-30.0,3.0,-29.0,2.0,-27.0,2.0,-23.0,2.0,-19.0,3.0,-15.0,4.0,-9.0,5.0,-4.0,7.0,2.0,9.0,7.0,13.0,11.0
4.7592,122.0,-96.0,7.0,0.0,0.0,0.0,0.0,0.0,0.0,0.0,0.0,0.0,-23.0,-6.0,-25.0,-6.0,-25.0,-5.0,-25.0,-5.0,-24.0,-4.0,-23.0,-4.0,-19.0,-3.0,-16.0,-3.0,-12.0,-3.0,-7.0,-5.0,-3.0,-6.0,2.0,-8.0,6.0,-10.0,10.0,-12.0,13.0,-14.0,16.0,-16.0,18.0,-18.0,19.0,-19.0,19.0,-21.0,18.0,-21.0,17.0,-21.0,15.0,-19.0,13.0,-17.0,10.0,-14.0,8.0,-10.0,7.0,-6.0
4.7738,122.0,-96.0,7.0,0.0,0.0,0.0,0.0,0.0,0.0,0.0,0.0,0.0,9.0,-9.0,10.0,-9.0,10.0,-9.0,10.0,-10.0,10.0,-9.0,10.0,-10.0,10.0,-10.0,10.0,-10.0,11.0,-10.0,10.0,-10.0,11.0,-10.0,11.0,-10.0,11.0,-10.0,11.0,-10.0,11.0,-11.0,11.0,-11.0,11.0,-11.0,10.0,-11.0,10.0,-11.0,10.0,-11.0,10.0,-12.0,10.0,-11.0,10.0,-12.0,10.0,-12.0,10.0,-12.0,11.0,-12.0
4.7781,98.0,33.0,22.0,0.0,0.0,0.0,0.0,0.0,0.0,0.0,0.0,0.0,19.0,-3.0,17.0,-3.0,14.0,-3.0,10.0,-5.0,7.0,-5.0,2.0,-7.0,-2.0,-8.0,-5.0,-9.0,-10.0,-10.0,-12.0,-11.0,-16.0,-11.0,-18.0,-11.0,-20.0,-10.0,-21.0,-8.0,-22.0,-7.0,-21.0,-6.0,-20.0,-4.0,-17.0,-2.0,-14.0,-1.0,-11.0,0.0,-5.0,1.0,0.0,1.0,5.0,0.0,10.0,0.0,16.0,1.0,22.0,0.0
4.7919,122.0,-96.0,7.0,0.0,0.0,0.0,0.0,0.0,0.0,0.0,0.0,0.0,-6.0,12.0,-9.0,16.0,-12.0,20.0,-13.0,23.0,-15.0,26.0,-15.0,28.0,-14.0,30.0,-13.0,30.0,-12.0,29.0,-11.0,26.0,-9.0,21.0,-8.0,17.0,-7.0,12.0,-7.0,6.0,-7.0,0.0,-9.0,-6.0,-10.0,-13.0,-12.0,-18.0,-15.0,-22.0,-17.0,-26.0,-19.0,-28.0,-21.0,-29.0,-22.0,-29.0,-22.0,-28.0,-22.0,-25.0,-20.0,-23.0
4.806,122.0,-96.0,7.0,0.0,0.0,0.0,0.0,0.0,0.0,0.0,0.0,0.0,22.0,10.0,21.0,9.0,17.0,8.0,14.0,7.0,9.0,6.0,4.0,6.0,-1.0,6.0,-6.0,6.0,-11.0,8.0,-15.0,9.0,-19.0,11.0,-22.0,12.0,-24.0,14.0,-25.0,16.0,-25.0,18.0,-24.0,18.0,-22.0,17.0,-20.0,16.0,-17.0,14.0,-14.0,11.0,-11.0,6.0,-8.0,2.0,-6.0,-4.0,-4.0,-9.0,-3.0,-14.0,-3.0,-19.0
4.8198,122.0,-96.0,7.0,0.0,0.0,0.0,0.0,0.0,0.0,0.0,0.0,0.0,-6.0,-11.0,-7.0,-15.0,-9.0,-19.0,-9.0,-22.0,-10.0,-25.0,-12.0,-26.0,-13.0,-27.0,-14.0,-26.0,-14.0,-25.0,-13.0,-22.0,-11.0,-19.0,-8.0,-16.0,-6.0,-13.0,-2.0,-9.0,2.0,-6.0,7.0,-4.0,12.0,-2.0,17.0,0.0,22.0,1.0,25.0,1.0,28.0,1.0,30.0,1.0,31.0,0.0,30.0,-1.0,30.0,-2.0,26.0,-3.0
4.8343,122.0,-96.0,7.0,0.0,0.0,0.0,0.0,0.0,0.0,0.0,0.0,0.0,-11.0,3.0,-11.0,3.0,-11.0,3.0,-11.0,3.0,-12.0,3.0,-12.0,3.0,-12.0,3.0,-12.0,4.0,-12.0,4.0,-12.0,4.0,-12.0,4.0,-12.0,4.0,-13.0,4.0,-13.0,4.0,-13.0,4.0,-13.0,4.0,-13.0,4.0,-13.0,4.0,-13.0,4.0,-13.0,4.0,-13.0,5.0,-13.0,4.0,-13.0,5.0,-13.0,5.0,-13.0,5.0,-13.0,5.0
4.8488,122.0,-96.0,7.0,0.0,0.0,0.0,0.0,0.0,0.0,0.0,0.0,0.0,8.0,7.0,8.0,7.0,8.0,7.0,8.0,7.0,9.0,7.0,9.0,7.0,9.0,7.0,9.0,7.0,9.0,7.0,9.0,7.0,9.0,7.0,9.0,7.0,9.0,8.0,10.0,7.0,10.0,7.0,10.0,8.0,10.0,7.0,10.0,7.0,10.0,7.0,10.0,7.0,11.0,7.0,10.0,7.0,11.0,7.0,11.0,7.0,11.0,7.0,11.0,7.0
4.8632,122.0,-96.0,7.0,0.0,0.0,0.0,0.0,0.0,0.0,0.0,0.0,0.0,3.0,-11.0,4.0,-6.0,6.0,-1.0,7.0,3.0,10.0,8.0,13.0,11.0,15.0,14.0,18.0,17.0,20.0,18.0,22.0,18.0,23.0,18.0,23.0,16.0,22.0,14.0,21.0,12.0,17.0,10.0,13.0,9.0,8.0,7.0,3.0,7.0,-3.0,6.0,-8.0,6.0,-14.0,7.0,-18.0,8.0,-23.0,11.0,-25.0,13.0,-26.0,15.0,-27.0,15.0
4.8786,122.0,-96.0,7.0,0.0,0.0,0.0,0.0,0.0,0.0,0.0,0.0,0.0,6.0,-10.0,8.0,-12.0,11.0,-15.0,13.0,-17.0,14.0,-19.0,14.0,-21.0,14.0,-22.0,13.0,-22.0,12.0,-21.0,11.0,-19.0,10.0,-16.0,8.0,-12.0,7.0,-8.0,6.0,-3.0,5.0,1.0,5.0,6.0,6.0,11.0,6.0,15.0,8.0,19.0,9.0,22.0,11.0,24.0,12.0,24.0,12.0,25.0,13.0,23.0,13.0,21.0,11.0,19.0
4.8916,122.0,-96.0,7.0,0.0,0.0,0.0,0.0,0.0,0.0,0.0,0.0,0.0,5.0,-11.0,8.0,-14.0,11.0,-17.0,13.0,-20.0,14.0,-22.0,15.0,-25.0,14.0,-26.0,13.0,-25.0,12.0,-25.0,11.0,-22.0,10.0,-19.0,8.0,-15.0,7.0,-11.0,6.0,-5.0,5.0,0.0,6.0,5.0,7.0,11.0,8.0,15.0,10.0,20.0,12.0,23.0,14.0,25.0,15.0,26.0,16.0,26.0,16.0,25.0,16.0,23.0,15.0,21.0
4.9168,122.0,-96.0,7.0,0.0,0.0,0.0,0.0,0.0,0.0,0.0,0.0,0.0,18.0,22.0,20.0,23.0,21.0,22.0,21.0,22.0,20.0,20.0,18.0,18.0,16.0,15.0,12.0,13.0,8.0,10.0,2.0,8.0,-4.0,6.0,-10.0,4.0,-16.0,4.0,-21.0,4.0,-26.0,4.0,-29.0,4.0,-32.0,5.0,-34.0,6.0,-34.0,7.0,-34.0,8.0,-31.0,7.0,-28.0,7.0,-24.0,6.0,-18.0,4.0,-13.0,1.0,-8.0,-3.0
4.9313,122.0,-96.0,7.0,0.0,0.0,0.0,0.0,0.0,0.0,0.0,0.0,0.0,6.0,13.0,8.0,18.0,10.0,23.0,11.0,27.0,13.0,30.0,15.0,32.0,17.0,32.0,18.0,31.0,18.0,29.0,16.0,26.0,13.0,23.0,9.0,19.0,6.0,14.0,0.0,10.0,-5.0,6.0,-11.0,3.0,-18.0,1.0,-24.0,-1.0,-30.0,-2.0,-34.0,-1.0,-38.0,-1.0,-40.0,1.0,-40.0,1.0,-39.0,2.0,-37.0,3.0,-34.0,3.0
4.9464,122.0,-96.0,7.0,0.0,0.0,0.0,0.0,0.0,0.0,0.0,0.0,0.0,-11.0,-4.0,-11.0,-4.0,-11.0,-4.0,-11.0,-4.0,-11.0,-4.0,-12.0,-4.0,-12.0,-4.0,-12.0,-4.0,-12.0,-4.0,-12.0,-4.0,-12.0,-4.0,-12.0,-4.0,-12.0,-4.0,-12.0,-4.0,-13.0,-4.0,-13.0,-4.0,-13.0,-4.0,-13.0,-3.0,-13.0,-4.0,-13.0,-3.0,-13.0,-4.0,-13.0,-3.0,-13.0,-3.0,-14.0,-3.0,-13.0,-3.0,-14.0,-3.0
4.9614,122.0,-96.0,7.0,0.0,0.0,0.0,0.0,0.0,0.0,0.0,0.0,0.0,-11.0,-7.0,-11.0,-7.0,-11.0,-7.0,-11.0,-7.0,-11.0,-7.0,-12.0,-7.0,-12.0,-7.0,-12.0,-7.0,-12.0,-7.0,-13.0,-7.0,-13.0,-7.0,-13.0,-7.0,-12.0,-7.0,-13.0,-7.0,-13.0,-7.0,-13.0,-7.0,-13.0,-7.0,-13.0,-7.0,-13.0,-7.0,-13.0,-7.0,-14.0,-7.0,-13.0,-7.0,-14.0,-6.0,-14.0,-6.0,-14.0,-6.0,-14.0,-6.0
4.9747,122.0,-96.0,7.0,0.0,0.0,0.0,0.0,0.0,0.0,0.0,0.0,0.0,0.0,9.0,0.0,9.0,0.0,10.0,0.0,9.0,0.0,10.0,0.0,10.0,1.0,10.0,1.0,10.0,1.0,10.0,1.0,11.0,1.0,11.0,1.0,11.0,1.0,11.0,1.0,11.0,1.0,11.0,1.0,11.0,1.0,11.0,1.0,11.0,1.0,11.0,1.0,11.0,1.0,11.0,2.0,11.0,2.0,11.0,2.0,11.0,2.0,11.0,2.0,11.0
4.9879,122.0,-96.0,7.0,0.0,0.0,0.0,0.0,0.0,0.0,0.0,0.0,0.0,-12.0,0.0,-16.0,0.0,-21.0,0.0,-23.0,0.0,-27.0,0.0,-28.0,1.0,-29.0,2.0,-29.0,4.0,-27.0,4.0,-25.0,4.0,-22.0,2.0,-18.0,1.0,-14.0,0.0,-9.0,-3.0,-5.0,-5.0,-1.0,-9.0,3.0,-13.0,6.0,-16.0,8.0,-21.0,9.0,-24.0,10.0,-27.0,10.0,-29.0,10.0,-30.0,9.0,-30.0,7.0,-29.0,6.0,-27.0
5.0007,122.0,-96.0,7.0,0.0,0.0,0.0,0.0,0.0,0.0,0.0,0.0,0.0,-9.0,7.0,-13.0,10.0,-16.0,12.0,-19.0,13.0,-21.0,15.0,-22.0,17.0,-22.0,19.0,-21.0,20.0,-20.0,19.0,-18.0,17.0,-16.0,14.0,-13.0,11.0,-11.0,8.0,-9.0,3.0,-7.0,-1.0,-5.0,-7.0,-5.0,-12.0,-4.0,-17.0,-5.0,-22.0,-6.0,-25.0,-7.0,-28.0,-8.0,-30.0,-9.0,-30.0,-10.0,-30.0,-11.0,-28.0,-10.0,-26.0
