time,sc_0,sc_1,sc_2,sc_3,sc_4,sc_5,sc_6,sc_7,sc_8,sc_9,sc_10,sc_11,sc_12,sc_13,sc_14,sc_15,sc_16,sc_17,sc_18,sc_19,sc_20,sc_21,sc_22,sc_23,sc_24,sc_25,sc_26,sc_27,sc_28,sc_29,sc_30,sc_31,sc_32,sc_33,sc_34,sc_35,sc_36,sc_37,sc_38,sc_39,sc_40,sc_41,sc_42,sc_43,sc_44,sc_45,sc_46,sc_47,sc_48,sc_49,sc_50,sc_51,sc_52,sc_53,sc_54,sc_55,sc_56,sc_57,sc_58,sc_59,sc_60,sc_61,sc_62,sc_63
0.0124,122.0,-96.0,7.0,0.0,0.0,0.0,0.0,0.0,0.0,0.0,0.0,0.0,8.0,-7.0,8.0,-7.0,8.0,-7.0,8.0,-7.0,8.0,-7.0,8.0,-7.0,8.0,-8.0,9.0,-7.0,8.0,-8.0,8.0,-8.0,9.0,-8.0,9.0,-8.0,9.0,-8.0,9.0,-8.0,8.0,-9.0,9.0,-9.0,9.0,-8.0,9.0,-9.0,9.0,-9.0,9.0,-9.0,9.0,-9.0,9.0,-9.0,9.0,-9.0,9.0,-9.0,9.0,-9.0,9.0,-9.0
0.0209,122.0,-96.0,7.0,0.0,0.0,0.0,0.0,0.0,0.0,0.0,0.0,0.0,-13.0,1.0,-17.0,1.0,-20.0,1.0,-23.0,1.0,-26.0,2.0,-27.0,2.0,-27.0,3.0,-27.0,4.0,-25.0,4.0,-22.0,3.0,-19.0,2.0,-15.0,1.0,-11.0,-1.0,-6.0,-3.0,-2.0,-6.0,2.0,-9.0,6.0,-13.0,9.0,-16.0,12.0,-20.0,13.0,-22.0,14.0,-25.0,14.0,-26.0,13.0,-27.0,12.0,-26.0,10.0,-25.0,9.0,-22.0
0.0273,122.0,-96.0,7.0,0.0,0.0,0.0,0.0,0.0,0.0,0.0,0.0,0.0,-11.0,1.0,-6.0,-2.0,-3.0,-6.0,0.0,-10.0,3.0,-14.0,6.0,-19.0,7.0,-23.0,8.0,-26.0,8.0,-29.0,8.0,-30.0,7.0,-30.0,6.0,-29.0,5.0,-28.0,3.0,-26.0,3.0,-21.0,3.0,-16.0,3.0,-11.0,5.0,-5.0,6.0,1.0,8.0,6.0,11.0,11.0,14.0,15.0,17.0,19.0,20.0,20.0,22.0,22.0,23.0,22.0
0.0342,122.0,-96.0,7.0,0.0,0.0,0.0,0.0,0.0,0.0,0.0,0.0,0.0,-23.0,-10.0,-24.0,-10.0,-25.0,-10.0,-24.0,-9.0,-23.0,-8.0,-21.0,-8.0,-18.0,-7.0,-14.0,-6.0,-10.0,-6.0,-5.0,-6.0,0.0,-6.0,5.0,-7.0,10.0,-8.0,14.0,-9.0,18.0,-10.0,21.0,-12.0,23.0,-13.0,25.0,-14.0,25.0,-15.0,24.0,-15.0,22.0,-15.0,20.0,-14.0,17.0,-12.0,13.0,-9.0,10.0,-6.0,6.0,-2.0
0.0598,122.0,-96.0,7.0,0.0,0.0,0.0,0.0,0.0,0.0,0.0,0.0,0.0,1.0,11.0,2.0,11.0,2.0,12.0,2.0,11.0,1.0,11.0,2.0,13.0,2.0,11.0,2.0,11.0,2.0,12.0,2.0,12.0,3.0,12.0,3.0,12.0,3.0,12.0,3.0,12.0,3.0,12.0,3.0,12.0,3.0,13.0,3.0,12.0,3.0,12.0,2.0,13.0,3.0,13.0,3.0,13.0,4.0,12.0,4.0,13.0,4.0,12.0,4.0,13.0
0.0719,122.0,-96.0,7.0,0.0,0.0,0.0,0.0,0.0,0.0,0.0,0.0,0.0,-1.0,-27.0,-2.0,-29.0,-3.0,-29.0,-3.0,-29.0,-4.0,-27.0,-3.0,-25.0,-3.0,-21.0,-2.0,-17.0,0.0,-13.0,3.0,-8.0,5.0,-3.0,9.0,2.0,13.0,6.0,15.0,10.0,19.0,13.0,22.0,14.0,25.0,16.0,26.0,17.0,27.0,16.0,27.0,15.0,25.0,14.0,23.0,12.0,20.0,10.0,15.0,8.0,10.0,6.0,5.0,6.0
0.0858,122.0,-96.0,7.0,0.0,0.0,0.0,0.0,0.0,0.0,0.0,0.0,0.0,0.0,-12.0,0.0,-12.0,0.0,-12.0,-1.0,-12.0,-1.0,-13.0,-1.0,-12.0,-1.0,-13.0,-1.0,-13.0,-1.0,-13.0,-1.0,-13.0,-2.0,-13.0,-1.0,-14.0,-1.0,-14.0,-2.0,-14.0,-2.0,-14.0,-2.0,-14.0,-2.0,-13.0,-2.0,-14.0,-2.0,-14.0,-2.0,-14.0,-2.0,-14.0,-2.0,-14.0,-3.0,-14.0,-3.0,-14.0,-3.0,-15.0,-3.0,-14.0
0.1011,122.0,-96.0,7.0,0.0,0.0,0.0,0.0,0.0,0.0,0.0,0.0,0.0,-9.0,-10.0,-9.0,-10.0,-9.0,-11.0,-9.0,-11.0,-9.0,-11.0,-10.0,-11.0,-10.0,-11.0,-10.0,-11.0,-10.0,-11.0,-10.0,-11.0,-10.0,-11.0,-10.0,-11.0,-10.0,-11.0,-10.0,-11.0,-11.0,-11.0,-11.0,-11.0,-10.0,-11.0,-11.0,-11.0,-12.0,-11.0,-12.0,-11.0,-12.0,-11.0,-12.0,-11.0,-13.0,-11.0,-12.0,-11.0,-12.0,-11.0,-12.0,-11.0
0.1149,122.0,-96.0,7.0,0.0,0.0,0.0,0.0,0.0,0.0,0.0,0.0,0.0,-22.0,-4.0,-23.0,-3.0,-24.0,-3.0,-23.0,-2.0,-22.0,-2.0,-20.0,-2.0,-17.0,-2.0,-13.0,-2.0,-10.0,-3.0,-5.0,-4.0,-1.0,-5.0,3.0,-8.0,7.0,-10.0,11.0,-12.0,13.0,-14.0,15.0,-16.0,16.0,-18.0,17.0,-19.0,17.0,-20.0,15.0,-20.0,14.0,-19.0,12.0,-17.0,10.0,-14.0,8.0,-11.0,6.0,-6.0,4.0,-2.0
0.1202,98.0,33.0,22.0,0.0,0.0,0.0,0.0,0.0,0.0,0.0,0.0,0.0,14.0,-25.0,12.0,-23.0,9.0,-20.0,5.0,-15.0,1.0,-11.0,-4.0,-7.0,-8.0,-4.0,-10.0,2.0,-16.0,6.0,-17.0,11.0,-21.0,14.0,-21.0,18.0,-22.0,23.0,-19.0,24.0,-18.0,25.0,-14.0,24.0,-10.0,26.0,-9.0,22.0,-5.0,20.0,-4.0,13.0,-2.0,6.0,1.0,1.0,-1.0,-8.0,1.0,-15.0,0.0,-23.0,-2.0,-31.0
0.1342,122.0,-96.0,7.0,0.0,0.0,0.0,0.0,0.0,0.0,0.0,0.0,0.0,8.0,21.0,8.0,19.0,7.0,16.0,4.0,13.0,2.0,10.0,-1.0,6.0,-5.0,3.0,-9.0,0.0,-13.0,-3.0,-17.0,-5.0,-19.0,-6.0,-23.0,-7.0,-25.0,-7.0,-27.0,-7.0,-28.0,-7.0,-28.0,-6.0,-27.0,-5.0,-24.0,-4.0,-21.0,-3.0,-17.0,-3.0,-12.0,-4.0,-8.0,-4.0,-3.0,-6.0,3.0,-7.0,8.0,-9.0,12.0,-12.0
0.1502,122.0,-96.0,7.0,0.0,0.0,0.0,0.0,0.0,0.0,0.0,0.0,0.0,-10.0,-6.0,-11.0,-6.0,-11.0,-5.0,-11.0,-6.0,-11.0,-6.0,-12.0,-6.0,-12.0,-7.0,-12.0,-6.0,-12.0,-6.0,-12.0,-6.0,-12.0,-6.0,-12.0,-6.0,-12.0,-6.0,-13.0,-6.0,-13.0,-5.0,-12.0,-6.0,-13.0,-5.0,-13.0,-5.0,-13.0,-6.0,-13.0,-5.0,-13.0,-5.0,-14.0,-5.0,-13.0,-5.0,-13.0,-5.0,-14.0,-5.0,-14.0,-5.0
0.1662,122.0,-96.0,7.0,0.0,0.0,0.0,0.0,0.0,0.0,0.0,0.0,0.0,-10.0,-8.0,-4.0,-7.0,2.0,-6.0,7.0,-6.0,14.0,-7.0,19.0,-8.0,24.0,-9.0,27.0,-10.0,30.0,-13.0,31.0,-13.0,31.0,-14.0,30.0,-15.0,28.0,-15.0,25.0,-15.0,21.0,-12.0,17.0,-9.0,12.0,-6.0,9.0,-1.0,5.0,5.0,1.0,10.0,-2.0,16.0,-3.0,22.0,-4.0,27.0,-4.0,31.0,-4.0,34.0,-3.0,36.0
0.18,122.0,-96.0,7.0,0.0,0.0,0.0,0.0,0.0,0.0,0.0,0.0,0.0,-24.0,4.0,-25.0,6.0,-25.0,6.0,-25.0,6.0,-24.0,7.0,-22.0,6.0,-19.0,5.0,-15.0,3.0,-12.0,2.0,-8.0,-2.0,-4.0,-5.0,0.0,-8.0,3.0,-12.0,6.0,-16.0,8.0,-19.0,9.0,-22.0,10.0,-25.0,10.0,-26.0,10.0,-28.0,9.0,-27.0,8.0,-27.0,7.0,-24.0,6.0,-21.0,5.0,-17.0,4.0,-12.0,4.0,-8.0
0.1944,122.0,-96.0,7.0,0.0,0.0,0.0,0.0,0.0,0.0,0.0,0.0,0.0,8.0,-22.0,7.0,-20.0,6.0,-17.0,5.0,-14.0,4.0,-10.0,5.0,-5.0,5.0,0.0,6.0,5.0,7.0,10.0,9.0,14.0,11.0,16.0,12.0,19.0,14.0,21.0,16.0,22.0,17.0,21.0,17.0,20.0,17.0,19.0,15.0,17.0,13.0,14.0,10.0,11.0,6.0,9.0,1.0,7.0,-4.0,4.0,-9.0,2.0,-13.0,1.0,-18.0,1.0
0.2117,122.0,-96.0,7.0,0.0,0.0,0.0,0.0,0.0,0.0,0.0,0.0,0.0,-9.0,-9.0,-9.0,-9.0,-9.0,-9.0,-9.0,-9.0,-9.0,-9.0,-9.0,-9.0,-10.0,-9.0,-10.0,-9.0,-10.0,-9.0,-10.0,-9.0,-10.0,-9.0,-10.0,-9.0,-10.0,-9.0,-10.0,-9.0,-11.0,-9.0,-11.0,-9.0,-11.0,-9.0,-11.0,-9.0,-12.0,-9.0,-11.0,-9.0,-11.0,-9.0,-11.0,-9.0,-12.0,-8.0,-12.0,-9.0,-12.0,-8.0,-12.0,-9.0
0.2276,122.0,-96.0,7.0,0.0,0.0,0.0,0.0,0.0,0.0,0.0,0.0,0.0,-7.0,-9.0,-8.0,-10.0,-8.0,-10.0,-8.0,-10.0,-8.0,-10.0,-8.0,-10.0,-9.0,-10.0,-9.0,-10.0,-9.0,-10.0,-9.0,-10.0,-9.0,-10.0,-9.0,-10.0,-9.0,-10.0,-9.0,-10.0,-10.0,-10.0,-10.0,-10.0,-9.0,-11.0,-10.0,-10.0,-10.0,-10.0,-10.0,-10.0,-10.0,-10.0,-10.0,-10.0,-11.0,-10.0,-10.0,-10.0,-11.0,-10.0,-10.0,-10.0
0.2416,122.0,-96.0,7.0,0.0,0.0,0.0,0.0,0.0,0.0,0.0,0.0,0.0,5.0,10.0,6.0,14.0,7.0,18.0,8.0,20.0,9.0,23.0,10.0,24.0,12.0,24.0,12.0,23.0,12.0,22.0,10.0,19.0,8.0,16.0,6.0,13.0,3.0,10.0,-1.0,7.0,-4.0,4.0,-9.0,1.0,-14.0,-2.0,-18.0,-4.0,-22.0,-4.0,-25.0,-5.0,-28.0,-5.0,-29.0,-4.0,-30.0,-3.0,-29.0,-3.0,-28.0,-2.0,-25.0,-1.0
0.2573,122.0,-96.0,7.0,0.0,0.0,0.0,0.0,0.0,0.0,0.0,0.0,0.0,-24.0,0.0,-21.0,0.0,-18.0,0.0,-14.0,-1.0,-10.0,-2.0,-6.0,-4.0,-2.0,-6.0,3.0,-9.0,6.0,-12.0,9.0,-15.0,12.0,-17.0,14.0,-20.0,15.0,-22.0,14.0,-24.0,14.0,-25.0,13.0,-24.0,12.0,-23.0,10.0,-20.0,8.0,-17.0,7.0,-13.0,6.0,-9.0,5.0,-3.0,5.0,2.0,5.0,8.0,6.0,12.0,8.0,17.0
0.2707,122.0,-96.0,7.0,0.0,0.0,0.0,0.0,0.0,0.0,0.0,0.0,0.0,-18.0,12.0,-18.0,14.0,-19.0,14.0,-18.0,14.0,-17.0,14.0,-15.0,12.0,-13.0,11.0,-11.0,8.0,-9.0,5.0,-7.0,1.0,-4.0,-3.0,-3.0,-8.0,-2.0,-12.0,-1.0,-16.0,0.0,-19.0,0.0,-22.0,0.0,-25.0,-1.0,-26.0,-1.0,-26.0,-2.0,-26.0,-2.0,-25.0,-2.0,-22.0,-2.0,-19.0,-1.0,-15.0,0.0,-10.0,1.0,-6.0
0.2837,122.0,-96.0,7.0,0.0,0.0,0.0,0.0,0.0,0.0,0.0,0.0,0.0,8.0,5.0,9.0,4.0,9.0,4.0,10.0,4.0,9.0,4.0,9.0,5.0,9.0,4.0,10.0,5.0,10.0,4.0,10.0,4.0,10.0,4.0,10.0,4.0,10.0,4.0,10.0,4.0,11.0,4.0,10.0,4.0,11.0,4.0,11.0,4.0,11.0,4.0,11.0,4.0,11.0,4.0,11.0,4.0,11.0,3.0,11.0,4.0,11.0,4.0,11.0,4.0
0.2972,122.0,-96.0,7.0,0.0,0.0,0.0,0.0,0.0,0.0,0.0,0.0,0.0,21.0,-8.0,20.0,-7.0,17.0,-6.0,14.0,-5.0,9.0,-3.0,6.0,1.0,2.0,4.0,-1.0,8.0,-4.0,12.0,-5.0,16.0,-7.0,19.0,-8.0,22.0,-8.0,24.0,-8.0,26.0,-7.0,27.0,-6.0,26.0,-6.0,25.0,-5.0,22.0,-4.0,19.0,-4.0,15.0,-4.0,10.0,-5.0,5.0,-6.0,0.0,-8.0,-5.0,-9.0,-10.0,-12.0,-14.0
0.3094,122.0,-96.0,7.0,0.0,0.0,0.0,0.0,0.0,0.0,0.0,0.0,0.0,11.0,2.0,11.0,2.0,11.0,2.0,11.0,2.0,12.0,2.0,12.0,2.0,11.0,2.0,12.0,2.0,12.0,2.0,12.0,2.0,12.0,2.0,12.0,2.0,12.0,2.0,12.0,1.0,13.0,1.0,13.0,1.0,12.0,1.0,13.0,2.0,13.0,1.0,13.0,1.0,13.0,1.0,13.0,1.0,13.0,1.0,13.0,0.0,13.0,1.0,13.0,0.0
0.3229,122.0,-96.0,7.0,0.0,0.0,0.0,0.0,0.0,0.0,0.0,0.0,0.0,7.0,-23.0,6.0,-25.0,6.0,-26.0,5.0,-25.0,4.0,-24.0,4.0,-22.0,3.0,-19.0,3.0,-15.0,3.0,-11.0,4.0,-6.0,5.0,-1.0,7.0,4.0,9.0,9.0,11.0,12.0,13.0,16.0,14.0,18.0,17.0,20.0,17.0,21.0,19.0,21.0,19.0,20.0,18.0,19.0,17.0,16.0,14.0,14.0,11.0,11.0,7.0,8.0,2.0,6.0
0.3381,122.0,-96.0,7.0,0.0,0.0,0.0,0.0,0.0,0.0,0.0,0.0,0.0,-11.0,-21.0,-10.0,-19.0,-9.0,-16.0,-6.0,-13.0,-3.0,-10.0,0.0,-7.0,4.0,-4.0,8.0,-1.0,13.0,1.0,17.0,2.0,20.0,3.0,23.0,4.0,26.0,3.0,27.0,3.0,28.0,2.0,27.0,1.0,25.0,0.0,22.0,0.0,18.0,0.0,14.0,1.0,9.0,2.0,4.0,4.0,-1.0,6.0,-5.0,8.0,-10.0,11.0,-13.0,15.0
0.3527,122.0,-96.0,7.0,0.0,0.0,0.0,0.0,0.0,0.0,0.0,0.0,0.0,10.0,-2.0,6.0,1.0,2.0,5.0,-1.0,8.0,-4.0,13.0,-6.0,17.0,-8.0,21.0,-8.0,25.0,-8.0,28.0,-8.0,29.0,-7.0,29.0,-6.0,29.0,-5.0,27.0,-4.0,25.0,-3.0,20.0,-3.0,15.0,-4.0,10.0,-6.0,5.0,-8.0,-1.0,-10.0,-6.0,-13.0,-11.0,-16.0,-15.0,-19.0,-18.0,-22.0,-20.0,-24.0,-21.0,-25.0,-21.0
0.3665,122.0,-96.0,7.0,0.0,0.0,0.0,0.0,0.0,0.0,0.0,0.0,0.0,19.0,-10.0,20.0,-12.0,20.0,-12.0,19.0,-12.0,18.0,-12.0,16.0,-11.0,14.0,-10.0,11.0,-7.0,9.0,-5.0,6.0,-1.0,3.0,3.0,1.0,7.0,-1.0,11.0,-2.0,15.0,-3.0,19.0,-4.0,21.0,-3.0,23.0,-3.0,25.0,-2.0,25.0,-2.0,25.0,-1.0,24.0,-1.0,21.0,-1.0,18.0,-1.0,14.0,-2.0,9.0,-3.0,5.0
0.3809,122.0,-96.0,7.0,0.0,0.0,0.0,0.0,0.0,0.0,0.0,0.0,0.0,23.0,-6.0,24.0,-7.0,25.0,-8.0,24.0,-8.0,22.0,-8.0,20.0,-7.0,18.0,-7.0,14.0,-4.0,10.0,-2.0,7.0,1.0,2.0,4.0,-1.0,8.0,-4.0,12.0,-7.0,16.0,-9.0,19.0,-10.0,21.0,-11.0,24.0,-11.0,26.0,-10.0,27.0,-10.0,26.0,-9.0,25.0,-7.0,22.0,-6.0,19.0,-6.0,15.0,-5.0,10.0,-5.0,5.0
0.401,122.0,-96.0,7.0,0.0,0.0,0.0,0.0,0.0,0.0,0.0,0.0,0.0,8.0,-12.0,12.0,-16.0,16.0,-19.0,18.0,-22.0,19.0,-24.0,21.0,-27.0,21.0,-27.0,19.0,-28.0,18.0,-26.0,15.0,-24.0,13.0,-20.0,11.0,-15.0,9.0,-11.0,7.0,-5.0,6.0,2.0,6.0,8.0,6.0,15.0,6.0,20.0,8.0,26.0,8.0,30.0,10.0,33.0,11.0,34.0,12.0,34.0,13.0,32.0,13.0,30.0,12.0,27.0
0.4152,122.0,-96.0,7.0,0.0,0.0,0.0,0.0,0.0,0.0,0.0,0.0,0.0,-20.0,18.0,-21.0,20.0,-20.0,20.0,-20.0,20.0,-18.0,19.0,-17.0,18.0,-14.0,15.0,-12.0,11.0,-10.0,8.0,-8.0,2.0,-6.0,-3.0,-5.0,-9.0,-5.0,-14.0,-4.0,-19.0,-5.0,-24.0,-5.0,-27.0,-6.0,-30.0,-7.0,-31.0,-8.0,-32.0,-8.0,-30.0,-8.0,-29.0,-8.0,-26.0,-7.0,-22.0,-5.0,-17.0,-3.0,-12.0,0.0,-8.0
0.4295,122.0,-96.0,7.0,0.0,0.0,0.0,0.0,0.0,0.0,0.0,0.0,0.0,9.0,-25.0,9.0,-23.0,7.0,-19.0,6.0,-16.0,5.0,-11.0,5.0,-6.0,6.0,0.0,6.0,5.0,8.0,10.0,10.0,14.0,12.0,18.0,13.0,21.0,15.0,23.0,18.0,24.0,19.0,25.0,18.0,23.0,19.0,22.0,17.0,20.0,15.0,17.0,11.0,14.0,7.0,11.0,3.0,8.0,-3.0,6.0,-8.0,3.0,-13.0,1.0,-19.0,1.0
0.4441,122.0,-96.0,7.0,0.0,0.0,0.0,0.0,0.0,0.0,0.0,0.0,0.0,-3.0,11.0,-2.0,11.0,-3.0,11.0,-3.0,11.0,-3.0,11.0,-3.0,12.0,-2.0,11.0,-2.0,12.0,-2.0,12.0,-2.0,12.0,-2.0,12.0,-3.0,13.0,-2.0,12.0,-2.0,13.0,-2.0,13.0,-2.0,13.0,-2.0,13.0,-2.0,13.0,-2.0,13.0,-2.0,13.0,-2.0,13.0,-1.0,13.0,-2.0,13.0,-1.0,13.0,-2.0,13.0,-1.0,13.0
0.4571,122.0,-96.0,7.0,0.0,0.0,0.0,0.0,0.0,0.0,0.0,0.0,0.0,13.0,16.0,14.0,17.0,15.0,17.0,15.0,16.0,14.0,15.0,13.0,14.0,11.0,12.0,8.0,10.0,5.0,8.0,1.0,6.0,-3.0,4.0,-8.0,3.0,-12.0,2.0,-16.0,1.0,-20.0,1.0,-22.0,1.0,-24.0,1.0,-26.0,2.0,-26.0,3.0,-26.0,3.0,-24.0,3.0,-22.0,3.0,-19.0,3.0,-15.0,2.0,-10.0,0.0,-7.0,-2.0
0.4713,122.0,-96.0,7.0,0.0,0.0,0.0,0.0,0.0,0.0,0.0,0.0,0.0,2.0,-24.0,2.0,-26.0,1.0,-27.0,0.0,-26.0,0.0,-25.0,0.0,-23.0,0.0,-20.0,0.0,-16.0,1.0,-12.0,3.0,-7.0,5.0,-3.0,7.0,2.0,10.0,6.0,12.0,10.0,15.0,13.0,17.0,15.0,19.0,16.0,21.0,18.0,22.0,17.0,22.0,17.0,21.0,16.0,20.0,14.0,18.0,12.0,14.0,10.0,9.0,7.0,5.0,6.0
0.4854,122.0,-96.0,7.0,0.0,0.0,0.0,0.0,0.0,0.0,0.0,0.0,0.0,23.0,-5.0,25.0,-6.0,25.0,-7.0,24.0,-7.0,23.0,-7.0,21.0,-7.0,18.0,-6.0,15.0,-4.0,11.0,-2.0,7.0,1.0,3.0,4.0,0.0,7.0,-4.0,11.0,-6.0,15.0,-9.0,18.0,-10.0,21.0,-11.0,24.0,-11.0,25.0,-10.0,27.0,-10.0,27.0,-9.0,26.0,-8.0,24.0,-6.0,20.0,-5.0,16.0,-5.0,12.0,-5.0,7.0
0.5001,122.0,-96.0,7.0,0.0,0.0,0.0,0.0,0.0,0.0,0.0,0.0,0.0,-5.0,-13.0,-6.0,-17.0,-6.0,-21.0,-7.0,-25.0,-8.0,-27.0,-10.0,-29.0,-11.0,-29.0,-12.0,-28.0,-11.0,-26.0,-10.0,-23.0,-8.0,-20.0,-6.0,-17.0,-4.0,-13.0,0.0,-8.0,4.0,-4.0,9.0,-1.0,14.0,2.0,18.0,5.0,23.0,6.0,27.0,7.0,29.0,7.0,31.0,7.0,31.0,6.0,31.0,5.0,29.0,4.0,26.0,3.0
0.515,122.0,-96.0,7.0,0.0,0.0,0.0,0.0,0.0,0.0,0.0,0.0,0.0,10.0,4.0,13.0,6.0,17.0,9.0,19.0,10.0,22.0,11.0,24.0,11.0,24.0,10.0,24.0,9.0,23.0,8.0,21.0,8.0,17.0,7.0,13.0,6.0,9.0,5.0,4.0,5.0,-1.0,5.0,-6.0,6.0,-11.0,7.0,-15.0,8.0,-19.0,11.0,-22.0,12.0,-24.0,14.0,-25.0,15.0,-25.0,16.0,-24.0,16.0,-22.0,16.0,-19.0,15.0
0.5305,122.0,-96.0,7.0,0.0,0.0,0.0,0.0,0.0,0.0,0.0,0.0,0.0,-4.0,10.0,-4.0,10.0,-4.0,11.0,-4.0,11.0,-4.0,11.0,-4.0,11.0,-4.0,11.0,-4.0,12.0,-4.0,11.0,-4.0,12.0,-4.0,12.0,-4.0,12.0,-4.0,11.0,-4.0,12.0,-4.0,12.0,-4.0,13.0,-3.0,12.0,-4.0,13.0,-4.0,12.0,-4.0,13.0,-4.0,13.0,-4.0,13.0,-4.0,13.0,-3.0,13.0,-3.0,13.0,-4.0,13.0
0.5429,122.0,-96.0,7.0,0.0,0.0,0.0,0.0,0.0,0.0,0.0,0.0,0.0,2.0,10.0,-1.0,6.0,-5.0,3.0,-9.0,0.0,-14.0,-2.0,-19.0,-4.0,-23.0,-5.0,-27.0,-5.0,-29.0,-5.0,-30.0,-5.0,-31.0,-3.0,-30.0,-2.0,-29.0,-2.0,-27.0,0.0,-22.0,-1.0,-17.0,-1.0,-13.0,-2.0,-8.0,-4.0,-2.0,-7.0,3.0,-9.0,7.0,-13.0,11.0,-17.0,14.0,-20.0,15.0,-24.0,16.0,-26.0,17.0,-27.0
0.5574,122.0,-96.0,7.0,0.0,0.0,0.0,0.0,0.0,0.0,0.0,0.0,0.0,3.0,-26.0,2.0,-24.0,2.0,-21.0,2.0,-16.0,2.0,-12.0,4.0,-7.0,5.0,-2.0,8.0,3.0,11.0,8.0,13.0,12.0,16.0,15.0,18.0,18.0,21.0,19.0,23.0,19.0,24.0,19.0,24.0,18.0,23.0,16.0,21.0,14.0,18.0,12.0,14.0,10.0,9.0,8.0,3.0,7.0,-3.0,6.0,-9.0,5.0,-14.0,4.0,-20.0,6.0
0.5729,122.0,-96.0,7.0,0.0,0.0,0.0,0.0,0.0,0.0,0.0,0.0,0.0,-4.0,-10.0,-4.0,-10.0,-4.0,-10.0,-4.0,-11.0,-5.0,-11.0,-5.0,-11.0,-5.0,-11.0,-5.0,-11.0,-5.0,-11.0,-5.0,-11.0,-5.0,-11.0,-5.0,-11.0,-5.0,-11.0,-5.0,-11.0,-5.0,-12.0,-5.0,-11.0,-6.0,-12.0,-5.0,-12.0,-6.0,-11.0,-6.0,-12.0,-5.0,-12.0,-6.0,-11.0,-6.0,-11.0,-6.0,-11.0,-6.0,-12.0,-6.0,-11.0
0.5768,98.0,33.0,22.0,0.0,0.0,0.0,0.0,0.0,0.0,0.0,0.0,0.0,-4.0,19.0,-3.0,19.0,-3.0,19.0,-3.0,17.0,-2.0,16.0,-1.0,14.0,0.0,11.0,2.0,8.0,3.0,4.0,4.0,0.0,5.0,-3.0,5.0,-7.0,5.0,-11.0,5.0,-14.0,4.0,-17.0,3.0,-19.0,1.0,-21.0,0.0,-22.0,-2.0,-22.0,-3.0,-21.0,-4.0,-19.0,-4.0,-17.0,-3.0,-13.0,-3.0,-9.0,-1.0,-4.0,0.0,0.0
0.5914,122.0,-96.0,7.0,0.0,0.0,0.0,0.0,0.0,0.0,0.0,0.0,0.0,-2.0,25.0,-2.0,23.0,-2.0,19.0,-2.0,15.0,-3.0,11.0,-5.0,6.0,-7.0,1.0,-9.0,-4.0,-13.0,-8.0,-15.0,-12.0,-17.0,-16.0,-20.0,-18.0,-23.0,-20.0,-25.0,-20.0,-25.0,-20.0,-26.0,-18.0,-25.0,-17.0,-22.0,-15.0,-19.0,-13.0,-15.0,-11.0,-10.0,-9.0,-5.0,-7.0,2.0,-7.0,8.0,-6.0,13.0,-6.0,18.0,-7.0
0.6058,122.0,-96.0,7.0,0.0,0.0,0.0,0.0,0.0,0.0,0.0,0.0,0.0,-10.0,-7.0,-13.0,-10.0,-16.0,-12.0,-18.0,-14.0,-21.0,-15.0,-22.0,-16.0,-23.0,-15.0,-24.0,-14.0,-23.0,-13.0,-21.0,-12.0,-18.0,-11.0,-14.0,-9.0,-10.0,-8.0,-5.0,-7.0,-1.0,-6.0,5.0,-6.0,10.0,-7.0,15.0,-8.0,19.0,-9.0,22.0,-10.0,24.0,-12.0,25.0,-13.0,26.0,-14.0,25.0,-15.0,23.0,-16.0,21.0,-14.0
0.6193,122.0,-96.0,7.0,0.0,0.0,0.0,0.0,0.0,0.0,0.0,0.0,0.0,4.0,-13.0,3.0,-13.0,4.0,-13.0,4.0,-13.0,4.0,-14.0,4.0,-14.0,4.0,-14.0,4.0,-14.0,4.0,-14.0,4.0,-14.0,3.0,-15.0,4.0,-15.0,4.0,-14.0,3.0,-15.0,3.0,-15.0,3.0,-15.0,3.0,-15.0,3.0,-15.0,3.0,-15.0,3.0,-15.0,3.0,-15.0,3.0,-15.0,3.0,-16.0,2.0,-16.0,3.0,-16.0,2.0,-16.0
0.6326,122.0,-96.0,7.0,0.0,0.0,0.0,0.0,0.0,0.0,0.0,0.0,0.0,-2.0,11.0,-3.0,15.0,-4.0,19.0,-5.0,21.0,-5.0,24.0,-4.0,26.0,-3.0,26.0,-3.0,26.0,-2.0,25.0,-2.0,23.0,-2.0,19.0,-3.0,15.0,-3.0,11.0,-4.0,7.0,-5.0,2.0,-8.0,-3.0,-11.0,-7.0,-13.0,-11.0,-16.0,-14.0,-19.0,-16.0,-22.0,-17.0,-23.0,-18.0,-24.0,-18.0,-24.0,-17.0,-24.0,-15.0,-22.0,-13.0
0.6456,122.0,-96.0,7.0,0.0,0.0,0.0,0.0,0.0,0.0,0.0,0.0,0.0,23.0,-4.0,20.0,-3.0,18.0,-3.0,14.0,-2.0,10.0,0.0,6.0,2.0,2.0,5.0,-2.0,8.0,-6.0,11.0,-8.0,15.0,-10.0,17.0,-12.0,20.0,-13.0,23.0,-12.0,25.0,-12.0,25.0,-11.0,25.0,-10.0,24.0,-9.0,21.0,-7.0,18.0,-7.0,14.0,-6.0,9.0,-6.0,4.0,-7.0,-1.0,-7.0,-6.0,-8.0,-11.0,-10.0,-16.0
0.6611,122.0,-96.0,7.0,0.0,0.0,0.0,0.0,0.0,0.0,0.0,0.0,0.0,10.0,-6.0,14.0,-7.0,17.0,-8.0,20.0,-9.0,22.0,-11.0,24.0,-13.0,23.0,-13.0,23.0,-14.0,21.0,-14.0,19.0,-12.0,16.0,-10.0,13.0,-8.0,10.0,-5.0,7.0,-1.0,3.0,3.0,2.0,8.0,0.0,13.0,-2.0,17.0,-3.0,21.0,-3.0,24.0,-3.0,27.0,-2.0,28.0,-1.0,29.0,-1.0,28.0,1.0,27.0,1.0,24.0
0.674,122.0,-96.0,7.0,0.0,0.0,0.0,0.0,0.0,0.0,0.0,0.0,0.0,-12.0,3.0,-16.0,3.0,-19.0,4.0,-22.0,4.0,-25.0,5.0,-26.0,7.0,-27.0,8.0,-26.0,8.0,-24.0,8.0,-22.0,7.0,-19.0,6.0,-15.0,4.0,-12.0,1.0,-8.0,-2.0,-4.0,-5.0,-1.0,-9.0,2.0,-13.0,4.0,-17.0,6.0,-22.0,6.0,-25.0,7.0,-27.0,6.0,-28.0,6.0,-29.0,5.0,-29.0,3.0,-27.0,3.0,-25.0
0.6892,122.0,-96.0,7.0,0.0,0.0,0.0,0.0,0.0,0.0,0.0,0.0,0.0,-11.0,1.0,-11.0,1.0,-11.0,1.0,-11.0,1.0,-11.0,1.0,-12.0,1.0,-12.0,1.0,-12.0,1.0,-12.0,1.0,-12.0,1.0,-12.0,1.0,-12.0,1.0,-12.0,1.0,-12.0,2.0,-12.0,1.0,-12.0,2.0,-12.0,2.0,-12.0,2.0,-12.0,2.0,-13.0,2.0,-13.0,2.0,-12.0,3.0,-13.0,3.0,-13.0,2.0,-13.0,3.0,-13.0,3.0
0.7076,122.0,-96.0,7.0,0.0,0.0,0.0,0.0,0.0,0.0,0.0,0.0,0.0,11.0,-1.0,15.0,1.0,19.0,1.0,22.0,1.0,24.0,1.0,26.0,0.0,27.0,-1.0,26.0,-2.0,24.0,-2.0,21.0,-2.0,18.0,-1.0,14.0,0.0,10.0,1.0,5.0,3.0,0.0,5.0,-3.0,8.0,-7.0,12.0,-11.0,15.0,-13.0,18.0,-14.0,21.0,-15.0,24.0,-15.0,25.0,-15.0,25.0,-14.0,24.0,-12.0,23.0,-10.0,21.0
0.7226,122.0,-96.0,7.0,0.0,0.0,0.0,0.0,0.0,0.0,0.0,0.0,0.0,-1.0,-12.0,-2.0,-12.0,-2.0,-12.0,-2.0,-13.0,-2.0,-12.0,-2.0,-13.0,-2.0,-12.0,-2.0,-13.0,-3.0,-13.0,-2.0,-13.0,-3.0,-13.0,-3.0,-14.0,-3.0,-13.0,-3.0,-13.0,-3.0,-13.0,-3.0,-13.0,-3.0,-14.0,-3.0,-13.0,-3.0,-14.0,-3.0,-14.0,-3.0,-14.0,-3.0,-14.0,-4.0,-14.0,-4.0,-14.0,-4.0,-14.0,-4.0,-14.0
0.7364,122.0,-96.0,7.0,0.0,0.0,0.0,0.0,0.0,0.0,0.0,0.0,0.0,10.0,-22.0,10.0,-24.0,9.0,-24.0,9.0,-24.0,7.0,-23.0,7.0,-21.0,6.0,-18.0,5.0,-14.0,5.0,-9.0,5.0,-4.0,5.0,0.0,7.0,5.0,8.0,10.0,10.0,15.0,11.0,18.0,12.0,20.0,14.0,22.0,15.0,23.0,16.0,23.0,16.0,22.0,15.0,20.0,14.0,17.0,12.0,14.0,8.0,11.0,4.0,8.0,0.0,5.0
0.7519,122.0,-96.0,7.0,0.0,0.0,0.0,0.0,0.0,0.0,0.0,0.0,0.0,-7.0,12.0,-7.0,13.0,-7.0,13.0,-7.0,13.0,-7.0,13.0,-8.0,13.0,-8.0,13.0,-7.0,14.0,-8.0,13.0,-8.0,14.0,-7.0,14.0,-8.0,14.0,-8.0,14.0,-7.0,14.0,-8.0,15.0,-8.0,15.0,-7.0,14.0,-7.0,15.0,-8.0,15.0,-8.0,15.0,-8.0,15.0,-7.0,15.0,-7.0,15.0,-7.0,16.0,-7.0,16.0,-7.0,16.0
0.7657,122.0,-96.0,7.0,0.0,0.0,0.0,0.0,0.0,0.0,0.0,0.0,0.0,16.0,-15.0,16.0,-17.0,16.0,-17.0,15.0,-17.0,14.0,-16.0,12.0,-15.0,11.0,-13.0,9.0,-10.0,7.0,-6.0,5.0,-2.0,4.0,2.0,3.0,7.0,3.0,12.0,2.0,15.0,3.0,19.0,3.0,21.0,3.0,24.0,4.0,25.0,5.0,25.0,5.0,24.0,5.0,23.0,5.0,19.0,4.0,16.0,2.0,12.0,0.0,8.0,-3.0,4.0
0.7788,122.0,-96.0,7.0,0.0,0.0,0.0,0.0,0.0,0.0,0.0,0.0,0.0,6.0,8.0,1.0,6.0,-3.0,5.0,-8.0,4.0,-14.0,3.0,-18.0,3.0,-23.0,4.0,-26.0,5.0,-29.0,6.0,-30.0,7.0,-30.0,8.0,-29.0,9.0,-27.0,9.0,-24.0,10.0,-21.0,7.0,-16.0,6.0,-12.0,2.0,-9.0,-1.0,-5.0,-6.0,-1.0,-10.0,1.0,-15.0,3.0,-20.0,4.0,-24.0,4.0,-28.0,4.0,-31.0,4.0,-32.0
0.7936,122.0,-96.0,7.0,0.0,0.0,0.0,0.0,0.0,0.0,0.0,0.0,0.0,-6.0,9.0,-9.0,13.0,-11.0,16.0,-13.0,18.0,-14.0,20.0,-14.0,22.0,-14.0,23.0,-13.0,23.0,-12.0,22.0,-11.0,19.0,-9.0,16.0,-8.0,13.0,-7.0,9.0,-7.0,4.0,-6.0,-1.0,-7.0,-7.0,-8.0,-12.0,-8.0,-16.0,-10.0,-20.0,-11.0,-23.0,-13.0,-25.0,-14.0,-26.0,-15.0,-26.0,-16.0,-24.0,-16.0,-23.0,-15.0,-20.0
0.8079,122.0,-96.0,7.0,0.0,0.0,0.0,0.0,0.0,0.0,0.0,0.0,0.0,-11.0,3.0,-7.0,-1.0,-4.0,-5.0,-2.0,-10.0,0.0,-15.0,1.0,-19.0,2.0,-23.0,2.0,-26.0,1.0,-29.0,1.0,-31.0,-1.0,-31.0,-2.0,-30.0,-2.0,-28.0,-3.0,-26.0,-2.0,-21.0,-1.0,-17.0,0.0,-12.0,3.0,-7.0,7.0,-2.0,10.0,2.0,14.0,6.0,18.0,9.0,23.0,11.0,26.0,12.0,28.0,12.0,29.0,12.0
0.8232,122.0,-96.0,7.0,0.0,0.0,0.0,0.0,0.0,0.0,0.0,0.0,0.0,0.0,-12.0,1.0,-11.0,0.0,-13.0,-1.0,-11.0,-1.0,-11.0,1.0,-11.0,-1.0,-12.0,0.0,-12.0,0.0,-11.0,0.0,-13.0,0.0,-12.0,0.0,-13.0,0.0,-12.0,-1.0,-12.0,-1.0,-12.0,-1.0,-12.0,-1.0,-12.0,-1.0,-13.0,-1.0,-12.0,-1.0,-13.0,-1.0,-13.0,-1.0,-13.0,-1.0,-13.0,-2.0,-13.0,-1.0,-13.0,-2.0,-13.0
0.8364,122.0,-96.0,7.0,0.0,0.0,0.0,0.0,0.0,0.0,0.0,0.0,0.0,7.0,-11.0,7.0,-11.0,7.0,-11.0,7.0,-12.0,7.0,-12.0,7.0,-12.0,7.0,-12.0,7.0,-13.0,7.0,-13.0,7.0,-13.0,7.0,-13.0,7.0,-13.0,7.0,-13.0,7.0,-13.0,7.0,-13.0,7.0,-14.0,6.0,-14.0,7.0,-14.0,7.0,-14.0,6.0,-14.0,6.0,-14.0,6.0,-14.0,6.0,-15.0,6.0,-14.0,6.0,-15.0,6.0,-15.0
0.8519,122.0,-96.0,7.0,0.0,0.0,0.0,0.0,0.0,0.0,0.0,0.0,0.0,7.0,9.0,8.0,12.0,10.0,16.0,12.0,18.0,14.0,20.0,15.0,21.0,17.0,21.0,17.0,20.0,16.0,18.0,14.0,16.0,12.0,14.0,9.0,12.0,6.0,9.0,1.0,7.0,-3.0,4.0,-8.0,3.0,-14.0,2.0,-18.0,1.0,-22.0,2.0,-26.0,2.0,-28.0,3.0,-29.0,4.0,-30.0,4.0,-29.0,5.0,-27.0,6.0,-24.0,6.0
0.8652,122.0,-96.0,7.0,0.0,0.0,0.0,0.0,0.0,0.0,0.0,0.0,0.0,-3.0,-12.0,-3.0,-16.0,-3.0,-20.0,-3.0,-23.0,-4.0,-25.0,-5.0,-27.0,-6.0,-27.0,-7.0,-26.0,-7.0,-25.0,-6.0,-22.0,-4.0,-19.0,-3.0,-15.0,0.0,-11.0,2.0,-7.0,5.0,-2.0,9.0,1.0,13.0,4.0,16.0,7.0,20.0,8.0,23.0,9.0,26.0,10.0,27.0,9.0,28.0,9.0,26.0,8.0,25.0,6.0,22.0,5.0
0.8771,122.0,-96.0,7.0,0.0,0.0,0.0,0.0,0.0,0.0,0.0,0.0,0.0,3.0,-13.0,3.0,-13.0,3.0,-13.0,3.0,-13.0,3.0,-14.0,3.0,-14.0,3.0,-14.0,3.0,-14.0,3.0,-14.0,3.0,-14.0,3.0,-15.0,3.0,-15.0,3.0,-14.0,2.0,-15.0,2.0,-15.0,2.0,-15.0,2.0,-15.0,2.0,-16.0,2.0,-15.0,2.0,-16.0,2.0,-16.0,1.0,-16.0,2.0,-16.0,1.0,-16.0,2.0,-16.0,1.0,-16.0
0.8904,122.0,-96.0,7.0,0.0,0.0,0.0,0.0,0.0,0.0,0.0,0.0,0.0,-20.0,-15.0,-21.0,-15.0,-22.0,-14.0,-22.0,-14.0,-21.0,-13.0,-19.0,-11.0,-17.0,-10.0,-13.0,-9.0,-9.0,-8.0,-4.0,-7.0,1.0,-6.0,6.0,-6.0,11.0,-7.0,15.0,-8.0,19.0,-8.0,22.0,-10.0,24.0,-11.0,25.0,-12.0,25.0,-13.0,24.0,-14.0,23.0,-13.0,20.0,-13.0,17.0,-11.0,14.0,-8.0,10.0,-5.0,7.0,-1.0
0.905,122.0,-96.0,7.0,0.0,0.0,0.0,0.0,0.0,0.0,0.0,0.0,0.0,-4.0,-30.0,-6.0,-32.0,-6.0,-33.0,-7.0,-32.0,-7.0,-30.0,-7.0,-28.0,-6.0,-24.0,-4.0,-20.0,-2.0,-15.0,1.0,-10.0,5.0,-5.0,9.0,0.0,14.0,4.0,18.0,8.0,23.0,10.0,26.0,12.0,29.0,13.0,32.0,14.0,33.0,13.0,33.0,12.0,32.0,11.0,29.0,9.0,26.0,7.0,20.0,6.0,14.0,5.0,8.0,5.0
0.919,122.0,-96.0,7.0,0.0,0.0,0.0,0.0,0.0,0.0,0.0,0.0,0.0,10.0,-4.0,10.0,-5.0,11.0,-5.0,10.0,-5.0,11.0,-5.0,10.0,-5.0,11.0,-5.0,11.0,-5.0,11.0,-5.0,11.0,-6.0,11.0,-6.0,11.0,-6.0,11.0,-6.0,11.0,-6.0,11.0,-6.0,11.0,-6.0,12.0,-7.0,11.0,-6.0,11.0,-6.0,11.0,-7.0,11.0,-7.0,11.0,-7.0,12.0,-7.0,11.0,-7.0,12.0,-7.0,11.0,-7.0
0.9355,122.0,-96.0,7.0,0.0,0.0,0.0,0.0,0.0,0.0,0.0,0.0,0.0,-1.0,-11.0,1.0,-7.0,5.0,-3.0,9.0,0.0,12.0,3.0,17.0,6.0,20.0,8.0,24.0,9.0,27.0,9.0,28.0,9.0,29.0,8.0,28.0,7.0,27.0,5.0,25.0,4.0,21.0,3.0,17.0,3.0,11.0,4.0,6.0,5.0,0.0,6.0,-5.0,8.0,-10.0,11.0,-15.0,14.0,-18.0,17.0,-19.0,20.0,-21.0,22.0,-21.0,23.0
0.9486,122.0,-96.0,7.0,0.0,0.0,0.0,0.0,0.0,0.0,0.0,0.0,0.0,-3.0,-12.0,-3.0,-16.0,-3.0,-20.0,-3.0,-23.0,-4.0,-25.0,-5.0,-27.0,-6.0,-27.0,-7.0,-26.0,-7.0,-25.0,-6.0,-22.0,-5.0,-18.0,-3.0,-15.0,-1.0,-11.0,2.0,-7.0,5.0,-3.0,9.0,1.0,13.0,3.0,16.0,6.0,21.0,8.0,23.0,9.0,26.0,9.0,27.0,9.0,27.0,8.0,26.0,7.0,25.0,6.0,22.0,4.0
0.9631,122.0,-96.0,7.0,0.0,0.0,0.0,0.0,0.0,0.0,0.0,0.0,0.0,-21.0,-6.0,-23.0,-6.0,-23.0,-6.0,-23.0,-5.0,-22.0,-4.0,-20.0,-4.0,-17.0,-4.0,-13.0,-4.0,-9.0,-4.0,-5.0,-5.0,0.0,-6.0,4.0,-8.0,8.0,-10.0,11.0,-11.0,14.0,-13.0,16.0,-15.0,18.0,-17.0,18.0,-18.0,18.0,-19.0,16.0,-19.0,15.0,-18.0,13.0,-16.0,11.0,-14.0,8.0,-10.0,6.0,-6.0,5.0,-2.0
0.9766,122.0,-96.0,7.0,0.0,0.0,0.0,0.0,0.0,0.0,0.0,0.0,0.0,-9.0,9.0,-8.0,10.0,-8.0,10.0,-9.0,10.0,-8.0,10.0,-9.0,11.0,-9.0,11.0,-8.0,11.0,-9.0,11.0,-9.0,11.0,-9.0,11.0,-9.0,11.0,-9.0,11.0,-9.0,11.0,-9.0,12.0,-9.0,12.0,-8.0,12.0,-8.0,12.0,-8.0,13.0,-8.0,13.0,-8.0,13.0,-8.0,13.0,-8.0,13.0,-8.0,13.0,-9.0,13.0,-8.0,13.0
0.9888,122.0,-96.0,7.0,0.0,0.0,0.0,0.0,0.0,0.0,0.0,0.0,0.0,3.0,11.0,-1.0,7.0,-5.0,4.0,-11.0,1.0,-16.0,-1.0,-21.0,-3.0,-26.0,-3.0,-30.0,-3.0,-33.0,-2.0,-35.0,-2.0,-35.0,-1.0,-34.0,0.0,-31.0,1.0,-29.0,2.0,-24.0,1.0,-19.0,0.0,-13.0,-2.0,-8.0,-5.0,-2.0,-9.0,3.0,-12.0,7.0,-17.0,11.0,-21.0,13.0,-26.0,14.0,-30.0,14.0,-32.0,14.0,-33.0
1.0033,122.0,-96.0,7.0,0.0,0.0,0.0,0.0,0.0,0.0,0.0,0.0,0.0,-10.0,6.0,-14.0,8.0,-17.0,10.0,-20.0,11.0,-21.0,13.0,-22.0,14.0,-22.0,15.0,-21.0,16.0,-20.0,16.0,-18.0,14.0,-16.0,11.0,-13.0,8.0,-10.0,5.0,-8.0,1.0,-5.0,-3.0,-4.0,-8.0,-3.0,-14.0,-2.0,-18.0,-3.0,-22.0,-3.0,-25.0,-4.0,-28.0,-4.0,-29.0,-6.0,-29.0,-6.0,-28.0,-7.0,-27.0,-7.0,-24.0
1.0194,122.0,-96.0,7.0,0.0,0.0,0.0,0.0,0.0,0.0,0.0,0.0,0.0,-13.0,-7.0,-13.0,-6.0,-14.0,-7.0,-14.0,-7.0,-14.0,-7.0,-14.0,-7.0,-14.0,-7.0,-15.0,-6.0,-15.0,-6.0,-14.0,-7.0,-15.0,-7.0,-15.0,-7.0,-15.0,-7.0,-15.0,-7.0,-16.0,-7.0,-15.0,-7.0,-16.0,-6.0,-16.0,-7.0,-16.0,-7.0,-16.0,-7.0,-16.0,-6.0,-16.0,-6.0,-17.0,-6.0,-17.0,-6.0,-16.0,-7.0,-17.0,-6.0
1.0351,122.0,-96.0,7.0,0.0,0.0,0.0,0.0,0.0,0.0,0.0,0.0,0.0,-5.0,-13.0,-5.0,-14.0,-5.0,-14.0,-6.0,-15.0,-6.0,-14.0,-6.0,-15.0,-6.0,-14.0,-7.0,-14.0,-6.0,-15.0,-6.0,-15.0,-7.0,-15.0,-6.0,-15.0,-6.0,-15.0,-7.0,-16.0,-7.0,-15.0,-7.0,-16.0,-7.0,-16.0,-8.0,-15.0,-7.0,-15.0,-8.0,-16.0,-7.0,-16.0,-7.0,-16.0,-8.0,-16.0,-8.0,-16.0,-8.0,-16.0,-8.0,-16.0
1.039,98.0,33.0,22.0,0.0,0.0,0.0,0.0,0.0,0.0,0.0,0.0,0.0,10.0,17.0,9.0,14.0,8.0,11.0,7.0,7.0,7.0,3.0,6.0,-1.0,6.0,-6.0,5.0,-10.0,4.0,-13.0,4.0,-16.0,3.0,-19.0,2.0,-21.0,0.0,-22.0,-2.0,-23.0,-3.0,-23.0,-5.0,-22.0,-5.0,-20.0,-6.0,-18.0,-6.0,-13.0,-4.0,-9.0,-4.0,-4.0,-1.0,2.0,1.0,6.0,3.0,10.0,6.0,15.0,8.0,20.0
1.0535,122.0,-96.0,7.0,0.0,0.0,0.0,0.0,0.0,0.0,0.0,0.0,0.0,7.0,-9.0,6.0,-4.0,5.0,1.0,5.0,6.0,5.0,11.0,7.0,16.0,8.0,20.0,9.0,23.0,11.0,25.0,12.0,26.0,13.0,27.0,14.0,26.0,14.0,24.0,14.0,22.0,12.0,19.0,9.0,15.0,6.0,12.0,1.0,9.0,-4.0,6.0,-9.0,3.0,-14.0,1.0,-19.0,0.0,-23.0,-1.0,-27.0,-1.0,-30.0,0.0,-32.0,0.0
1.0671,122.0,-96.0,7.0,0.0,0.0,0.0,0.0,0.0,0.0,0.0,0.0,0.0,8.0,-8.0,6.0,-4.0,5.0,1.0,5.0,6.0,5.0,12.0,6.0,16.0,6.0,20.0,8.0,24.0,9.0,26.0,11.0,27.0,11.0,28.0,12.0,27.0,12.0,25.0,12.0,22.0,10.0,19.0,8.0,15.0,5.0,12.0,1.0,9.0,-4.0,5.0,-9.0,3.0,-14.0,0.0,-19.0,0.0,-24.0,-2.0,-28.0,-1.0,-30.0,-1.0,-32.0,0.0
1.0823,122.0,-96.0,7.0,0.0,0.0,0.0,0.0,0.0,0.0,0.0,0.0,0.0,-12.0,-6.0,-6.0,-6.0,-1.0,-7.0,5.0,-9.0,10.0,-12.0,15.0,-15.0,18.0,-18.0,21.0,-20.0,22.0,-23.0,23.0,-25.0,23.0,-26.0,21.0,-26.0,19.0,-25.0,16.0,-24.0,14.0,-20.0,12.0,-16.0,10.0,-11.0,8.0,-4.0,7.0,2.0,6.0,8.0,7.0,14.0,7.0,20.0,10.0,25.0,11.0,28.0,13.0,31.0,15.0,32.0
1.0967,122.0,-96.0,7.0,0.0,0.0,0.0,0.0,0.0,0.0,0.0,0.0,0.0,-11.0,-6.0,-14.0,-8.0,-17.0,-11.0,-19.0,-12.0,-22.0,-13.0,-23.0,-13.0,-25.0,-13.0,-25.0,-12.0,-23.0,-11.0,-21.0,-10.0,-18.0,-9.0,-14.0,-8.0,-10.0,-7.0,-5.0,-7.0,0.0,-6.0,5.0,-7.0,10.0,-8.0,15.0,-9.0,18.0,-11.0,21.0,-13.0,23.0,-15.0,24.0,-16.0,24.0,-17.0,23.0,-17.0,21.0,-17.0,18.0,-15.0
1.11,122.0,-96.0,7.0,0.0,0.0,0.0,0.0,0.0,0.0,0.0,0.0,0.0,8.0,8.0,9.0,8.0,9.0,8.0,9.0,9.0,9.0,9.0,10.0,9.0,10.0,9.0,10.0,9.0,10.0,9.0,10.0,9.0,10.0,9.0,10.0,9.0,11.0,9.0,11.0,9.0,11.0,9.0,11.0,9.0,11.0,9.0,11.0,8.0,11.0,9.0,12.0,9.0,12.0,8.0,12.0,8.0,12.0,8.0,12.0,8.0,12.0,8.0,13.0,8.0
1.1255,122.0,-96.0,7.0,0.0,0.0,0.0,0.0,0.0,0.0,0.0,0.0,0.0,-5.0,8.0,-5.0,9.0,-6.0,8.0,-5.0,9.0,-5.0,9.0,-6.0,9.0,-6.0,9.0,-5.0,9.0,-6.0,10.0,-6.0,10.0,-5.0,10.0,-6.0,10.0,-6.0,10.0,-6.0,10.0,-5.0,10.0,-6.0,10.0,-6.0,10.0,-5.0,10.0,-5.0,11.0,-5.0,11.0,-5.0,11.0,-5.0,11.0,-5.0,11.0,-5.0,11.0,-5.0,11.0,-5.0,11.0
1.1401,122.0,-96.0,7.0,0.0,0.0,0.0,0.0,0.0,0.0,0.0,0.0,0.0,-17.0,16.0,-18.0,18.0,-18.0,19.0,-17.0,18.0,-16.0,18.0,-15.0,16.0,-12.0,13.0,-11.0,10.0,-9.0,6.0,-7.0,1.0,-6.0,-3.0,-5.0,-8.0,-5.0,-14.0,-5.0,-18.0,-6.0,-22.0,-6.0,-24.0,-7.0,-27.0,-8.0,-28.0,-9.0,-28.0,-10.0,-27.0,-9.0,-25.0,-9.0,-22.0,-7.0,-19.0,-5.0,-14.0,-2.0,-10.0,1.0,-7.0
1.1584,122.0,-96.0,7.0,0.0,0.0,0.0,0.0,0.0,0.0,0.0,0.0,0.0,-24.0,8.0,-22.0,7.0,-19.0,6.0,-16.0,4.0,-12.0,1.0,-8.0,-2.0,-4.0,-6.0,-1.0,-11.0,2.0,-15.0,4.0,-19.0,5.0,-23.0,6.0,-26.0,6.0,-29.0,5.0,-31.0,5.0,-32.0,4.0,-30.0,3.0,-29.0,2.0,-25.0,2.0,-21.0,2.0,-17.0,3.0,-11.0,4.0,-6.0,7.0,0.0,9.0,5.0,12.0,10.0,16.0,14.0
1.1695,122.0,-96.0,7.0,0.0,0.0,0.0,0.0,0.0,0.0,0.0,0.0,0.0,-9.0,5.0,-9.0,6.0,-9.0,6.0,-10.0,6.0,-9.0,6.0,-10.0,7.0,-9.0,6.0,-10.0,7.0,-10.0,7.0,-9.0,7.0,-10.0,7.0,-10.0,6.0,-9.0,6.0,-10.0,7.0,-10.0,7.0,-10.0,7.0,-9.0,7.0,-10.0,7.0,-10.0,8.0,-9.0,8.0,-10.0,8.0,-9.0,8.0,-9.0,8.0,-9.0,8.0,-10.0,8.0,-9.0,8.0
1.1844,122.0,-96.0,7.0,0.0,0.0,0.0,0.0,0.0,0.0,0.0,0.0,0.0,-5.0,10.0,-5.0,10.0,-5.0,10.0,-5.0,10.0,-5.0,10.0,-5.0,10.0,-5.0,11.0,-5.0,11.0,-5.0,11.0,-5.0,11.0,-5.0,11.0,-5.0,11.0,-5.0,11.0,-5.0,11.0,-5.0,12.0,-5.0,12.0,-5.0,12.0,-5.0,12.0,-4.0,12.0,-5.0,12.0,-5.0,12.0,-4.0,12.0,-4.0,13.0,-4.0,12.0,-5.0,13.0,-4.0,13.0
1.1978,122.0,-96.0,7.0,0.0,0.0,0.0,0.0,0.0,0.0,0.0,0.0,0.0,-21.0,-13.0,-22.0,-13.0,-23.0,-13.0,-23.0,-12.0,-22.0,-11.0,-20.0,-10.0,-18.0,-9.0,-14.0,-8.0,-10.0,-7.0,-5.0,-7.0,0.0,-6.0,5.0,-7.0,10.0,-8.0,14.0,-9.0,18.0,-10.0,21.0,-11.0,23.0,-13.0,24.0,-14.0,24.0,-15.0,23.0,-15.0,22.0,-15.0,19.0,-14.0,16.0,-12.0,13.0,-9.0,9.0,-6.0,7.0,-2.0
1.2109,122.0,-96.0,7.0,0.0,0.0,0.0,0.0,0.0,0.0,0.0,0.0,0.0,10.0,-19.0,10.0,-21.0,10.0,-21.0,10.0,-21.0,8.0,-20.0,8.0,-18.0,7.0,-16.0,6.0,-13.0,5.0,-9.0,5.0,-4.0,5.0,0.0,5.0,4.0,6.0,9.0,7.0,13.0,8.0,16.0,10.0,18.0,11.0,20.0,12.0,21.0,13.0,22.0,13.0,21.0,13.0,19.0,12.0,17.0,10.0,14.0,8.0,11.0,5.0,8.0,1.0,6.0
1.2253,122.0,-96.0,7.0,0.0,0.0,0.0,0.0,0.0,0.0,0.0,0.0,0.0,-12.0,-3.0,-15.0,-4.0,-19.0,-5.0,-21.0,-6.0,-24.0,-6.0,-26.0,-6.0,-27.0,-6.0,-27.0,-5.0,-25.0,-4.0,-23.0,-3.0,-20.0,-3.0,-15.0,-3.0,-12.0,-4.0,-7.0,-5.0,-2.0,-6.0,3.0,-8.0,7.0,-11.0,11.0,-13.0,14.0,-17.0,16.0,-19.0,17.0,-21.0,18.0,-22.0,17.0,-24.0,16.0,-23.0,14.0,-23.0,12.0,-21.0
1.239,122.0,-96.0,7.0,0.0,0.0,0.0,0.0,0.0,0.0,0.0,0.0,0.0,3.0,-11.0,3.0,-11.0,3.0,-11.0,3.0,-12.0,3.0,-12.0,3.0,-12.0,3.0,-12.0,3.0,-12.0,2.0,-13.0,3.0,-13.0,3.0,-13.0,3.0,-13.0,3.0,-13.0,3.0,-13.0,2.0,-13.0,2.0,-13.0,3.0,-13.0,2.0,-14.0,2.0,-14.0,2.0,-13.0,2.0,-14.0,2.0,-13.0,2.0,-14.0,2.0,-14.0,2.0,-14.0,2.0,-14.0
1.2543,122.0,-96.0,7.0,0.0,0.0,0.0,0.0,0.0,0.0,0.0,0.0,0.0,-11.0,4.0,-8.0,0.0,-5.0,-4.0,-3.0,-9.0,-1.0,-14.0,0.0,-19.0,0.0,-23.0,0.0,-26.0,-1.0,-29.0,-2.0,-31.0,-2.0,-31.0,-3.0,-30.0,-4.0,-28.0,-5.0,-26.0,-4.0,-22.0,-3.0,-18.0,-1.0,-13.0,2.0,-9.0,5.0,-4.0,9.0,0.0,13.0,4.0,18.0,6.0,22.0,9.0,25.0,9.0,28.0,9.0,29.0,9.0
1.2684,122.0,-96.0,7.0,0.0,0.0,0.0,0.0,0.0,0.0,0.0,0.0,0.0,5.0,12.0,6.0,12.0,6.0,13.0,6.0,13.0,6.0,13.0,6.0,13.0,6.0,13.0,7.0,13.0,7.0,13.0,7.0,13.0,7.0,14.0,7.0,14.0,7.0,14.0,7.0,14.0,7.0,14.0,8.0,14.0,7.0,14.0,8.0,14.0,8.0,14.0,8.0,14.0,8.0,14.0,8.0,14.0,9.0,14.0,8.0,14.0,8.0,14.0,9.0,14.0
1.2729,98.0,33.0,22.0,0.0,0.0,0.0,0.0,0.0,0.0,0.0,0.0,0.0,0.0,-14.0,-4.0,-11.0,-10.0,-9.0,-14.0,-7.0,-19.0,-5.0,-23.0,-3.0,-27.0,-2.0,-29.0,0.0,-30.0,2.0,-30.0,4.0,-30.0,5.0,-28.0,7.0,-25.0,8.0,-21.0,9.0,-17.0,9.0,-11.0,8.0,-6.0,6.0,1.0,4.0,8.0,0.0,13.0,-3.0,19.0,-7.0,25.0,-11.0,28.0,-15.0,31.0,-19.0,34.0,-22.0,35.0,-22.0
1.2865,122.0,-96.0,7.0,0.0,0.0,0.0,0.0,0.0,0.0,0.0,0.0,0.0,13.0,2.0,13.0,2.0,14.0,2.0,14.0,1.0,15.0,2.0,14.0,2.0,15.0,2.0,15.0,2.0,15.0,2.0,15.0,2.0,15.0,1.0,16.0,1.0,15.0,2.0,16.0,1.0,16.0,1.0,16.0,1.0,16.0,0.0,16.0,1.0,16.0,1.0,16.0,1.0,16.0,1.0,16.0,0.0,16.0,0.0,17.0,0.0,17.0,0.0,17.0,0.0
1.3016,122.0,-96.0,7.0,0.0,0.0,0.0,0.0,0.0,0.0,0.0,0.0,0.0,-12.0,-7.0,-6.0,-6.0,0.0,-7.0,5.0,-8.0,11.0,-10.0,16.0,-13.0,19.0,-15.0,23.0,-18.0,25.0,-20.0,25.0,-22.0,25.0,-23.0,23.0,-24.0,21.0,-23.0,19.0,-22.0,16.0,-18.0,13.0,-15.0,10.0,-10.0,9.0,-4.0,6.0,3.0,5.0,8.0,5.0,15.0,5.0,20.0,7.0,26.0,9.0,29.0,10.0,32.0,11.0,33.0
1.3181,122.0,-96.0,7.0,0.0,0.0,0.0,0.0,0.0,0.0,0.0,0.0,0.0,-5.0,-11.0,-6.0,-11.0,-5.0,-11.0,-6.0,-11.0,-6.0,-11.0,-6.0,-11.0,-6.0,-11.0,-7.0,-11.0,-6.0,-11.0,-6.0,-11.0,-7.0,-12.0,-7.0,-12.0,-7.0,-12.0,-7.0,-11.0,-8.0,-12.0,-7.0,-12.0,-7.0,-12.0,-7.0,-12.0,-8.0,-12.0,-8.0,-12.0,-8.0,-12.0,-8.0,-12.0,-8.0,-12.0,-8.0,-12.0,-8.0,-12.0,-9.0,-12.0
1.331,122.0,-96.0,7.0,0.0,0.0,0.0,0.0,0.0,0.0,0.0,0.0,0.0,9.0,5.0,9.0,5.0,10.0,5.0,10.0,5.0,10.0,5.0,10.0,5.0,10.0,4.0,11.0,5.0,11.0,5.0,11.0,5.0,11.0,5.0,11.0,5.0,11.0,5.0,11.0,5.0,11.0,5.0,12.0,5.0,12.0,4.0,12.0,5.0,12.0,5.0,12.0,4.0,12.0,4.0,12.0,4.0,12.0,4.0,12.0,4.0,12.0,4.0,13.0,4.0
1.3448,122.0,-96.0,7.0,0.0,0.0,0.0,0.0,0.0,0.0,0.0,0.0,0.0,-17.0,-20.0,-19.0,-21.0,-20.0,-21.0,-20.0,-21.0,-20.0,-19.0,-19.0,-18.0,-16.0,-15.0,-13.0,-13.0,-9.0,-11.0,-4.0,-9.0,1.0,-7.0,7.0,-5.0,12.0,-5.0,17.0,-4.0,22.0,-4.0,25.0,-4.0,28.0,-5.0,30.0,-6.0,31.0,-7.0,30.0,-8.0,29.0,-8.0,26.0,-8.0,22.0,-7.0,18.0,-6.0,13.0,-4.0,9.0,-1.0
1.3593,122.0,-96.0,7.0,0.0,0.0,0.0,0.0,0.0,0.0,0.0,0.0,0.0,-23.0,-5.0,-21.0,-5.0,-18.0,-4.0,-15.0,-4.0,-11.0,-4.0,-6.0,-5.0,-2.0,-6.0,3.0,-8.0,7.0,-9.0,11.0,-12.0,14.0,-14.0,16.0,-16.0,18.0,-18.0,18.0,-20.0,19.0,-21.0,18.0,-21.0,17.0,-21.0,15.0,-18.0,13.0,-16.0,11.0,-13.0,9.0,-10.0,7.0,-5.0,5.0,0.0,4.0,5.0,3.0,10.0,4.0,15.0
1.3729,122.0,-96.0,7.0,0.0,0.0,0.0,0.0,0.0,0.0,0.0,0.0,0.0,8.0,-8.0,8.0,-8.0,8.0,-9.0,8.0,-8.0,8.0,-9.0,8.0,-9.0,8.0,-9.0,8.0,-9.0,9.0,-9.0,8.0,-10.0,8.0,-10.0,8.0,-10.0,8.0,-10.0,8.0,-10.0,8.0,-11.0,8.0,-10.0,8.0,-10.0,8.0,-11.0,9.0,-11.0,8.0,-10.0,8.0,-11.0,8.0,-11.0,8.0,-11.0,8.0,-11.0,8.0,-11.0,8.0,-12.0
1.3866,122.0,-96.0,7.0,0.0,0.0,0.0,0.0,0.0,0.0,0.0,0.0,0.0,19.0,-9.0,20.0,-10.0,20.0,-11.0,20.0,-11.0,18.0,-11.0,17.0,-10.0,14.0,-9.0,12.0,-7.0,9.0,-4.0,6.0,0.0,3.0,3.0,1.0,7.0,0.0,11.0,-2.0,14.0,-3.0,18.0,-3.0,21.0,-3.0,23.0,-3.0,24.0,-2.0,25.0,-2.0,25.0,-1.0,24.0,0.0,21.0,0.0,18.0,-1.0,14.0,-2.0,10.0,-3.0,6.0
1.391,98.0,33.0,22.0,0.0,0.0,0.0,0.0,0.0,0.0,0.0,0.0,0.0,1.0,-25.0,0.0,-22.0,-1.0,-18.0,-3.0,-14.0,-5.0,-10.0,-7.0,-4.0,-10.0,-1.0,-12.0,4.0,-14.0,9.0,-16.0,13.0,-16.0,16.0,-17.0,20.0,-17.0,21.0,-15.0,23.0,-15.0,24.0,-11.0,23.0,-11.0,23.0,-7.0,19.0,-6.0,16.0,-2.0,11.0,0.0,6.0,1.0,-1.0,3.0,-7.0,3.0,-15.0,6.0,-22.0,5.0,-26.0
1.405,122.0,-96.0,7.0,0.0,0.0,0.0,0.0,0.0,0.0,0.0,0.0,0.0,-12.0,-4.0,-7.0,-4.0,-2.0,-6.0,3.0,-8.0,7.0,-11.0,11.0,-14.0,13.0,-17.0,16.0,-20.0,17.0,-22.0,18.0,-24.0,17.0,-25.0,16.0,-25.0,15.0,-24.0,12.0,-24.0,11.0,-20.0,9.0,-16.0,8.0,-12.0,7.0,-6.0,6.0,-1.0,6.0,5.0,7.0,10.0,8.0,16.0,10.0,20.0,12.0,23.0,14.0,25.0,15.0,26.0
1.4201,122.0,-96.0,7.0,0.0,0.0,0.0,0.0,0.0,0.0,0.0,0.0,0.0,-6.0,9.0,-7.0,9.0,-7.0,9.0,-7.0,10.0,-7.0,9.0,-7.0,10.0,-6.0,9.0,-6.0,11.0,-7.0,11.0,-6.0,10.0,-7.0,10.0,-7.0,11.0,-7.0,10.0,-7.0,11.0,-7.0,11.0,-6.0,11.0,-7.0,11.0,-7.0,11.0,-7.0,12.0,-7.0,11.0,-7.0,12.0,-7.0,11.0,-6.0,12.0,-6.0,12.0,-6.0,12.0,-6.0,12.0
1.4367,122.0,-96.0,7.0,0.0,0.0,0.0,0.0,0.0,0.0,0.0,0.0,0.0,-24.0,10.0,-22.0,9.0,-19.0,8.0,-15.0,5.0,-12.0,3.0,-9.0,0.0,-6.0,-5.0,-2.0,-9.0,0.0,-13.0,2.0,-18.0,3.0,-22.0,4.0,-25.0,5.0,-28.0,4.0,-30.0,3.0,-31.0,2.0,-31.0,1.0,-30.0,1.0,-27.0,0.0,-23.0,0.0,-19.0,2.0,-15.0,3.0,-9.0,5.0,-4.0,7.0,1.0,10.0,6.0,14.0,10.0
1.4517,122.0,-96.0,7.0,0.0,0.0,0.0,0.0,0.0,0.0,0.0,0.0,0.0,-1.0,-12.0,0.0,-16.0,0.0,-20.0,1.0,-23.0,0.0,-25.0,0.0,-27.0,-1.0,-27.0,-2.0,-27.0,-2.0,-25.0,-2.0,-22.0,-2.0,-19.0,0.0,-15.0,1.0,-11.0,3.0,-6.0,5.0,-2.0,9.0,2.0,12.0,5.0,15.0,9.0,19.0,11.0,21.0,12.0,24.0,13.0,25.0,13.0,26.0,13.0,24.0,11.0,23.0,9.0,21.0,8.0
1.4663,122.0,-96.0,7.0,0.0,0.0,0.0,0.0,0.0,0.0,0.0,0.0,0.0,-3.0,13.0,-3.0,13.0,-4.0,14.0,-4.0,14.0,-3.0,14.0,-3.0,15.0,-3.0,15.0,-3.0,15.0,-3.0,15.0,-4.0,15.0,-3.0,15.0,-3.0,15.0,-3.0,15.0,-3.0,16.0,-3.0,16.0,-3.0,15.0,-3.0,16.0,-3.0,16.0,-3.0,16.0,-3.0,17.0,-3.0,16.0,-2.0,16.0,-2.0,17.0,-2.0,17.0,-3.0,17.0,-2.0,17.0
1.4811,122.0,-96.0,7.0,0.0,0.0,0.0,0.0,0.0,0.0,0.0,0.0,0.0,-8.0,-10.0,-10.0,-13.0,-12.0,-16.0,-13.0,-19.0,-15.0,-20.0,-17.0,-21.0,-18.0,-21.0,-18.0,-20.0,-17.0,-19.0,-16.0,-17.0,-13.0,-14.0,-9.0,-12.0,-6.0,-10.0,-2.0,-7.0,3.0,-5.0,8.0,-4.0,13.0,-3.0,18.0,-3.0,22.0,-3.0,25.0,-4.0,27.0,-5.0,28.0,-5.0,28.0,-7.0,27.0,-7.0,24.0,-8.0,22.0,-7.0
1.4946,122.0,-96.0,7.0,0.0,0.0,0.0,0.0,0.0,0.0,0.0,0.0,0.0,23.0,0.0,20.0,0.0,18.0,0.0,14.0,0.0,10.0,1.0,5.0,3.0,1.0,5.0,-3.0,8.0,-7.0,12.0,-10.0,14.0,-12.0,17.0,-14.0,19.0,-14.0,21.0,-14.0,23.0,-14.0,24.0,-12.0,24.0,-11.0,22.0,-10.0,20.0,-8.0,17.0,-7.0,13.0,-6.0,7.0,-6.0,3.0,-7.0,-3.0,-7.0,-8.0,-8.0,-13.0,-10.0,-17.0
1.5084,122.0,-96.0,7.0,0.0,0.0,0.0,0.0,0.0,0.0,0.0,0.0,0.0,-3.0,12.0,-5.0,16.0,-6.0,20.0,-7.0,23.0,-8.0,26.0,-7.0,28.0,-6.0,29.0,-5.0,29.0,-4.0,27.0,-4.0,24.0,-4.0,20.0,-4.0,16.0,-4.0,12.0,-5.0,6.0,-7.0,1.0,-9.0,-4.0,-12.0,-9.0,-15.0,-13.0,-18.0,-16.0,-21.0,-19.0,-24.0,-21.0,-25.0,-20.0,-26.0,-20.0,-26.0,-19.0,-25.0,-17.0,-23.0,-15.0
1.5224,122.0,-96.0,7.0,0.0,0.0,0.0,0.0,0.0,0.0,0.0,0.0,0.0,7.0,-7.0,6.0,-8.0,7.0,-8.0,7.0,-8.0,7.0,-8.0,7.0,-8.0,7.0,-9.0,7.0,-9.0,7.0,-9.0,7.0,-9.0,7.0,-9.0,7.0,-9.0,7.0,-9.0,7.0,-9.0,7.0,-9.0,7.0,-10.0,7.0,-9.0,7.0,-10.0,6.0,-10.0,7.0,-10.0,7.0,-10.0,7.0,-10.0,7.0,-11.0,7.0,-10.0,7.0,-10.0,7.0,-11.0
1.5364,122.0,-96.0,7.0,0.0,0.0,0.0,0.0,0.0,0.0,0.0,0.0,0.0,2.0,-13.0,4.0,-17.0,6.0,-21.0,7.0,-24.0,7.0,-27.0,7.0,-28.0,6.0,-30.0,6.0,-30.0,5.0,-28.0,4.0,-25.0,3.0,-21.0,4.0,-17.0,4.0,-13.0,5.0,-7.0,6.0,-2.0,8.0,3.0,11.0,8.0,13.0,13.0,16.0,16.0,18.0,19.0,21.0,21.0,22.0,21.0,24.0,21.0,23.0,20.0,23.0,18.0,21.0,16.0
1.5512,122.0,-96.0,7.0,0.0,0.0,0.0,0.0,0.0,0.0,0.0,0.0,0.0,10.0,2.0,10.0,3.0,11.0,3.0,11.0,3.0,11.0,3.0,11.0,3.0,11.0,3.0,11.0,3.0,11.0,2.0,11.0,3.0,12.0,2.0,12.0,2.0,12.0,3.0,12.0,2.0,12.0,2.0,13.0,2.0,12.0,2.0,13.0,2.0,13.0,2.0,12.0,2.0,13.0,2.0,13.0,2.0,13.0,2.0,13.0,2.0,13.0,2.0,13.0,2.0
1.5543,-120.0,-126.0,40.0,0.0,0.0,0.0,0.0,0.0,0.0,0.0,0.0,0.0,11.0,-3.0,9.0,-6.0,6.0,-9.0,3.0,-14.0,0.0,-17.0,-2.0,-21.0,-3.0,-23.0,-5.0,-26.0,-7.0,-27.0,-8.0,-25.0,-10.0,-26.0,-10.0,-24.0,-11.0,-21.0,-11.0,-18.0,-11.0,-14.0,-9.0,-9.0,-7.0,-4.0,-4.0,2.0,0.0,7.0,3.0,11.0,8.0,16.0,10.0,21.0,14.0,23.0,19.0,26.0,21.0,28.0,22.0,29.0
1.5677,122.0,-96.0,7.0,0.0,0.0,0.0,0.0,0.0,0.0,0.0,0.0,0.0,-3.0,-12.0,-3.0,-16.0,-3.0,-20.0,-3.0,-23.0,-4.0,-25.0,-5.0,-26.0,-6.0,-27.0,-6.0,-26.0,-6.0,-25.0,-6.0,-22.0,-5.0,-19.0,-3.0,-15.0,-1.0,-11.0,2.0,-7.0,5.0,-3.0,9.0,0.0,13.0,4.0,16.0,6.0,20.0,8.0,23.0,9.0,25.0,9.0,26.0,9.0,27.0,8.0,26.0,7.0,25.0,5.0,22.0,5.0
1.5819,122.0,-96.0,7.0,0.0,0.0,0.0,0.0,0.0,0.0,0.0,0.0,0.0,-4.0,23.0,-3.0,25.0,-3.0,25.0,-2.0,25.0,-2.0,23.0,-2.0,22.0,-2.0,18.0,-2.0,15.0,-3.0,10.0,-5.0,6.0,-6.0,1.0,-8.0,-3.0,-11.0,-7.0,-14.0,-11.0,-17.0,-14.0,-18.0,-16.0,-21.0,-18.0,-22.0,-18.0,-23.0,-18.0,-23.0,-17.0,-22.0,-16.0,-20.0,-14.0,-18.0,-12.0,-14.0,-10.0,-9.0,-8.0,-5.0,-7.0
1.5949,122.0,-96.0,7.0,0.0,0.0,0.0,0.0,0.0,0.0,0.0,0.0,0.0,0.0,11.0,-1.0,15.0,-1.0,18.0,-1.0,22.0,-1.0,23.0,0.0,26.0,1.0,26.0,1.0,26.0,2.0,24.0,2.0,22.0,1.0,19.0,0.0,15.0,-1.0,11.0,-3.0,6.0,-6.0,2.0,-9.0,-1.0,-12.0,-6.0,-15.0,-8.0,-20.0,-11.0,-22.0,-13.0,-25.0,-13.0,-26.0,-13.0,-27.0,-12.0,-27.0,-11.0,-26.0,-9.0,-23.0,-8.0
1.6071,122.0,-96.0,7.0,0.0,0.0,0.0,0.0,0.0,0.0,0.0,0.0,0.0,11.0,2.0,6.0,3.0,1.0,5.0,-4.0,7.0,-9.0,10.0,-12.0,13.0,-15.0,16.0,-17.0,19.0,-18.0,22.0,-18.0,23.0,-18.0,24.0,-17.0,24.0,-15.0,23.0,-13.0,22.0,-12.0,18.0,-9.0,14.0,-8.0,10.0,-8.0,4.0,-7.0,-2.0,-7.0,-7.0,-8.0,-13.0,-10.0,-18.0,-12.0,-22.0,-14.0,-25.0,-16.0,-27.0,-17.0,-28.0
1.6209,122.0,-96.0,7.0,0.0,0.0,0.0,0.0,0.0,0.0,0.0,0.0,0.0,-5.0,10.0,-8.0,13.0,-9.0,16.0,-11.0,19.0,-11.0,21.0,-12.0,23.0,-11.0,24.0,-10.0,24.0,-9.0,23.0,-8.0,21.0,-7.0,17.0,-7.0,13.0,-6.0,10.0,-6.0,5.0,-6.0,0.0,-7.0,-5.0,-9.0,-10.0,-11.0,-14.0,-13.0,-18.0,-15.0,-20.0,-17.0,-22.0,-18.0,-23.0,-19.0,-23.0,-19.0,-21.0,-19.0,-20.0,-18.0,-17.0
1.6357,122.0,-96.0,7.0,0.0,0.0,0.0,0.0,0.0,0.0,0.0,0.0,0.0,7.0,8.0,7.0,8.0,7.0,8.0,8.0,8.0,8.0,8.0,8.0,8.0,8.0,8.0,8.0,8.0,8.0,8.0,8.0,8.0,8.0,8.0,8.0,8.0,9.0,9.0,8.0,8.0,9.0,8.0,9.0,9.0,9.0,8.0,10.0,8.0,10.0,8.0,9.0,8.0,10.0,9.0,9.0,8.0,10.0,8.0,10.0,8.0,10.0,8.0,10.0,8.0
1.649,122.0,-96.0,7.0,0.0,0.0,0.0,0.0,0.0,0.0,0.0,0.0,0.0,4.0,10.0,0.0,6.0,-4.0,4.0,-9.0,2.0,-14.0,1.0,-19.0,0.0,-23.0,0.0,-26.0,0.0,-29.0,1.0,-30.0,2.0,-31.0,3.0,-29.0,4.0,-28.0,5.0,-26.0,6.0,-22.0,4.0,-17.0,3.0,-13.0,1.0,-9.0,-2.0,-4.0,-6.0,0.0,-10.0,3.0,-14.0,5.0,-19.0,7.0,-23.0,7.0,-27.0,7.0,-30.0,7.0,-31.0
1.6622,122.0,-96.0,7.0,0.0,0.0,0.0,0.0,0.0,0.0,0.0,0.0,0.0,16.0,15.0,15.0,14.0,13.0,12.0,10.0,9.0,6.0,8.0,2.0,6.0,-3.0,5.0,-8.0,4.0,-12.0,4.0,-17.0,4.0,-20.0,4.0,-23.0,5.0,-25.0,6.0,-26.0,8.0,-27.0,8.0,-26.0,9.0,-24.0,9.0,-22.0,9.0,-19.0,7.0,-15.0,5.0,-12.0,2.0,-8.0,-1.0,-5.0,-5.0,-1.0,-9.0,1.0,-13.0,3.0,-18.0
1.6749,122.0,-96.0,7.0,0.0,0.0,0.0,0.0,0.0,0.0,0.0,0.0,0.0,5.0,-12.0,5.0,-6.0,6.0,0.0,7.0,5.0,9.0,11.0,12.0,16.0,14.0,20.0,17.0,23.0,19.0,25.0,21.0,25.0,22.0,25.0,22.0,24.0,22.0,22.0,21.0,19.0,17.0,16.0,13.0,13.0,8.0,10.0,3.0,8.0,-4.0,6.0,-10.0,5.0,-16.0,5.0,-22.0,5.0,-27.0,6.0,-31.0,8.0,-33.0,9.0,-34.0,10.0
1.6884,122.0,-96.0,7.0,0.0,0.0,0.0,0.0,0.0,0.0,0.0,0.0,0.0,12.0,20.0,14.0,20.0,14.0,21.0,14.0,20.0,14.0,19.0,12.0,17.0,11.0,15.0,8.0,12.0,5.0,9.0,0.0,7.0,-4.0,4.0,-8.0,2.0,-14.0,1.0,-17.0,0.0,-21.0,-1.0,-24.0,-1.0,-27.0,-1.0,-28.0,-1.0,-29.0,1.0,-28.0,2.0,-27.0,2.0,-24.0,2.0,-21.0,2.0,-16.0,1.0,-12.0,-1.0,-7.0,-3.0
1.7036,122.0,-96.0,7.0,0.0,0.0,0.0,0.0,0.0,0.0,0.0,0.0,0.0,22.0,-9.0,23.0,-10.0,23.0,-11.0,22.0,-11.0,21.0,-11.0,19.0,-10.0,16.0,-9.0,13.0,-6.0,10.0,-4.0,6.0,1.0,3.0,4.0,0.0,9.0,-2.0,13.0,-4.0,17.0,-4.0,21.0,-5.0,24.0,-5.0,26.0,-5.0,27.0,-4.0,28.0,-3.0,27.0,-3.0,26.0,-2.0,22.0,-2.0,19.0,-2.0,14.0,-3.0,9.0,-5.0,5.0
1.7071,98.0,33.0,22.0,0.0,0.0,0.0,0.0,0.0,0.0,0.0,0.0,0.0,28.0,0.0,26.0,2.0,27.0,1.0,26.0,0.0,22.0,1.0,19.0,-2.0,15.0,-2.0,10.0,-3.0,7.0,-7.0,-1.0,-8.0,-4.0,-9.0,-12.0,-9.0,-15.0,-8.0,-20.0,-9.0,-22.0,-8.0,-25.0,-8.0,-29.0,-5.0,-28.0,-2.0,-31.0,0.0,-29.0,3.0,-26.0,3.0,-23.0,3.0,-17.0,1.0,-10.0,2.0,-6.0,2.0,3.0,-1.0
1.721,122.0,-96.0,7.0,0.0,0.0,0.0,0.0,0.0,0.0,0.0,0.0,0.0,-13.0,-1.0,-8.0,-3.0,-3.0,-7.0,2.0,-11.0,6.0,-15.0,9.0,-19.0,11.0,-23.0,13.0,-27.0,13.0,-30.0,13.0,-32.0,12.0,-32.0,11.0,-32.0,9.0,-30.0,7.0,-28.0,6.0,-23.0,6.0,-18.0,5.0,-12.0,6.0,-6.0,7.0,1.0,9.0,7.0,12.0,13.0,14.0,17.0,18.0,21.0,21.0,23.0,24.0,24.0,25.0,25.0
1.7376,122.0,-96.0,7.0,0.0,0.0,0.0,0.0,0.0,0.0,0.0,0.0,0.0,-8.0,8.0,-8.0,8.0,-8.0,8.0,-8.0,8.0,-8.0,8.0,-8.0,8.0,-8.0,8.0,-8.0,9.0,-8.0,9.0,-8.0,9.0,-8.0,9.0,-8.0,9.0,-8.0,9.0,-8.0,9.0,-8.0,10.0,-8.0,10.0,-8.0,9.0,-8.0,10.0,-8.0,10.0,-8.0,10.0,-8.0,10.0,-8.0,10.0,-8.0,11.0,-8.0,10.0,-8.0,10.0,-8.0,11.0
1.7509,122.0,-96.0,7.0,0.0,0.0,0.0,0.0,0.0,0.0,0.0,0.0,0.0,-21.0,-12.0,-20.0,-10.0,-17.0,-9.0,-13.0,-8.0,-10.0,-6.0,-5.0,-6.0,0.0,-6.0,4.0,-7.0,9.0,-7.0,13.0,-9.0,16.0,-10.0,19.0,-11.0,22.0,-13.0,23.0,-15.0,23.0,-16.0,22.0,-16.0,21.0,-17.0,18.0,-15.0,16.0,-14.0,13.0,-11.0,11.0,-7.0,7.0,-3.0,5.0,1.0,3.0,6.0,1.0,10.0,1.0,16.0
1.7654,122.0,-96.0,7.0,0.0,0.0,0.0,0.0,0.0,0.0,0.0,0.0,0.0,-9.0,6.0,-9.0,6.0,-9.0,6.0,-10.0,7.0,-10.0,6.0,-10.0,7.0,-10.0,7.0,-10.0,7.0,-10.0,7.0,-10.0,7.0,-10.0,8.0,-10.0,8.0,-11.0,7.0,-10.0,8.0,-10.0,8.0,-10.0,8.0,-10.0,8.0,-10.0,8.0,-10.0,8.0,-10.0,8.0,-10.0,8.0,-10.0,9.0,-10.0,9.0,-10.0,9.0,-10.0,9.0,-10.0,9.0
1.7798,122.0,-96.0,7.0,0.0,0.0,0.0,0.0,0.0,0.0,0.0,0.0,0.0,-1.0,-12.0,0.0,-16.0,1.0,-20.0,1.0,-23.0,1.0,-25.0,0.0,-27.0,-1.0,-28.0,-2.0,-27.0,-2.0,-26.0,-2.0,-23.0,-1.0,-20.0,0.0,-16.0,0.0,-12.0,2.0,-7.0,5.0,-3.0,8.0,1.0,11.0,5.0,14.0,8.0,18.0,11.0,21.0,12.0,23.0,13.0,24.0,13.0,25.0,13.0,25.0,12.0,24.0,10.0,22.0,9.0
1.7925,122.0,-96.0,7.0,0.0,0.0,0.0,0.0,0.0,0.0,0.0,0.0,0.0,7.0,-10.0,6.0,-5.0,6.0,1.0,6.0,7.0,7.0,12.0,9.0,18.0,10.0,22.0,12.0,26.0,15.0,28.0,16.0,29.0,17.0,29.0,18.0,27.0,18.0,25.0,17.0,23.0,14.0,19.0,11.0,15.0,6.0,12.0,1.0,9.0,-5.0,6.0,-11.0,3.0,-16.0,2.0,-22.0,1.0,-28.0,1.0,-31.0,2.0,-34.0,3.0,-36.0,4.0
1.8063,122.0,-96.0,7.0,0.0,0.0,0.0,0.0,0.0,0.0,0.0,0.0,0.0,15.0,-16.0,15.0,-17.0,15.0,-18.0,14.0,-18.0,13.0,-17.0,12.0,-16.0,10.0,-14.0,9.0,-11.0,7.0,-7.0,6.0,-3.0,4.0,1.0,4.0,6.0,3.0,11.0,3.0,14.0,4.0,18.0,4.0,20.0,5.0,22.0,5.0,24.0,6.0,24.0,7.0,23.0,7.0,22.0,6.0,20.0,6.0,17.0,4.0,13.0,2.0,9.0,-1.0,6.0
1.8195,122.0,-96.0,7.0,0.0,0.0,0.0,0.0,0.0,0.0,0.0,0.0,0.0,-7.0,10.0,-10.0,13.0,-13.0,17.0,-15.0,19.0,-16.0,22.0,-16.0,24.0,-16.0,25.0,-15.0,26.0,-14.0,25.0,-12.0,22.0,-11.0,19.0,-10.0,15.0,-8.0,10.0,-7.0,6.0,-7.0,0.0,-7.0,-6.0,-8.0,-11.0,-9.0,-16.0,-11.0,-21.0,-13.0,-24.0,-15.0,-27.0,-16.0,-27.0,-18.0,-28.0,-18.0,-27.0,-19.0,-25.0,-17.0,-22.0
1.8354,122.0,-96.0,7.0,0.0,0.0,0.0,0.0,0.0,0.0,0.0,0.0,0.0,-12.0,-7.0,-13.0,-7.0,-13.0,-7.0,-13.0,-7.0,-14.0,-7.0,-14.0,-7.0,-14.0,-7.0,-15.0,-7.0,-14.0,-7.0,-15.0,-7.0,-14.0,-7.0,-15.0,-8.0,-14.0,-8.0,-15.0,-8.0,-15.0,-7.0,-15.0,-7.0,-15.0,-7.0,-16.0,-7.0,-16.0,-7.0,-16.0,-7.0,-16.0,-7.0,-16.0,-6.0,-16.0,-7.0,-16.0,-7.0,-16.0,-7.0,-17.0,-6.0
1.8392,98.0,33.0,22.0,0.0,0.0,0.0,0.0,0.0,0.0,0.0,0.0,0.0,-7.0,-13.0,-9.0,-15.0,-11.0,-16.0,-14.0,-17.0,-15.0,-17.0,-16.0,-17.0,-16.0,-16.0,-16.0,-14.0,-15.0,-12.0,-14.0,-9.0,-12.0,-6.0,-10.0,-3.0,-7.0,1.0,-3.0,3.0,1.0,6.0,4.0,8.0,8.0,10.0,12.0,12.0,17.0,11.0,20.0,12.0,22.0,11.0,24.0,11.0,24.0,11.0,23.0,9.0,21.0,8.0,19.0,7.0
1.8517,122.0,-96.0,7.0,0.0,0.0,0.0,0.0,0.0,0.0,0.0,0.0,0.0,-13.0,2.0,-17.0,2.0,-21.0,2.0,-24.0,2.0,-27.0,4.0,-29.0,5.0,-30.0,6.0,-29.0,7.0,-28.0,7.0,-25.0,6.0,-22.0,5.0,-18.0,3.0,-14.0,2.0,-10.0,-2.0,-5.0,-5.0,-1.0,-9.0,2.0,-14.0,5.0,-17.0,7.0,-22.0,8.0,-25.0,9.0,-29.0,9.0,-30.0,8.0,-32.0,7.0,-31.0,5.0,-31.0,5.0,-28.0
1.8656,122.0,-96.0,7.0,0.0,0.0,0.0,0.0,0.0,0.0,0.0,0.0,0.0,2.0,10.0,2.0,10.0,2.0,10.0,2.0,10.0,2.0,11.0,2.0,11.0,2.0,11.0,3.0,11.0,3.0,11.0,3.0,11.0,3.0,12.0,3.0,12.0,3.0,12.0,3.0,12.0,3.0,12.0,3.0,12.0,3.0,12.0,3.0,12.0,3.0,12.0,3.0,12.0,3.0,12.0,3.0,12.0,4.0,12.0,4.0,13.0,4.0,12.0,4.0,13.0
1.8784,122.0,-96.0,7.0,0.0,0.0,0.0,0.0,0.0,0.0,0.0,0.0,0.0,7.0,8.0,2.0,6.0,-3.0,5.0,-8.0,4.0,-14.0,4.0,-18.0,5.0,-22.0,6.0,-26.0,7.0,-28.0,9.0,-29.0,9.0,-28.0,11.0,-27.0,11.0,-25.0,11.0,-23.0,11.0,-19.0,9.0,-15.0,7.0,-11.0,3.0,-8.0,-1.0,-5.0,-6.0,-2.0,-11.0,0.0,-16.0,1.0,-21.0,2.0,-26.0,1.0,-29.0,0.0,-32.0,0.0,-32.0
1.8924,122.0,-96.0,7.0,0.0,0.0,0.0,0.0,0.0,0.0,0.0,0.0,0.0,4.0,13.0,4.0,13.0,4.0,13.0,4.0,14.0,4.0,13.0,5.0,14.0,4.0,13.0,5.0,14.0,5.0,14.0,5.0,14.0,5.0,14.0,5.0,14.0,5.0,14.0,5.0,15.0,6.0,14.0,6.0,14.0,6.0,15.0,6.0,14.0,6.0,14.0,6.0,15.0,7.0,14.0,7.0,15.0,7.0,14.0,7.0,15.0,7.0,15.0,7.0,15.0
1.9067,122.0,-96.0,7.0,0.0,0.0,0.0,0.0,0.0,0.0,0.0,0.0,0.0,-14.0,3.0,-14.0,4.0,-14.0,4.0,-15.0,4.0,-15.0,4.0,-15.0,4.0,-14.0,4.0,-15.0,5.0,-15.0,5.0,-15.0,4.0,-15.0,5.0,-15.0,5.0,-16.0,5.0,-15.0,5.0,-16.0,5.0,-16.0,5.0,-16.0,5.0,-15.0,6.0,-16.0,6.0,-16.0,6.0,-16.0,5.0,-16.0,6.0,-16.0,6.0,-16.0,7.0,-16.0,6.0,-16.0,7.0
1.9212,122.0,-96.0,7.0,0.0,0.0,0.0,0.0,0.0,0.0,0.0,0.0,0.0,-11.0,-5.0,-6.0,-5.0,0.0,-6.0,4.0,-8.0,9.0,-10.0,13.0,-13.0,16.0,-15.0,19.0,-17.0,20.0,-20.0,21.0,-22.0,20.0,-23.0,19.0,-23.0,17.0,-22.0,15.0,-21.0,13.0,-18.0,11.0,-14.0,8.0,-9.0,7.0,-4.0,6.0,2.0,5.0,7.0,5.0,13.0,6.0,18.0,7.0,22.0,10.0,25.0,10.0,27.0,12.0,28.0
1.9365,122.0,-96.0,7.0,0.0,0.0,0.0,0.0,0.0,0.0,0.0,0.0,0.0,-23.0,-3.0,-21.0,-3.0,-18.0,-3.0,-15.0,-3.0,-11.0,-3.0,-6.0,-4.0,-2.0,-6.0,3.0,-8.0,6.0,-11.0,10.0,-14.0,13.0,-15.0,15.0,-18.0,16.0,-20.0,16.0,-22.0,16.0,-23.0,15.0,-23.0,14.0,-22.0,12.0,-20.0,10.0,-18.0,8.0,-14.0,7.0,-9.0,6.0,-4.0,6.0,1.0,5.0,6.0,5.0,11.0,6.0,16.0
1.9514,122.0,-96.0,7.0,0.0,0.0,0.0,0.0,0.0,0.0,0.0,0.0,0.0,20.0,-17.0,18.0,-16.0,15.0,-13.0,13.0,-10.0,10.0,-6.0,7.0,-2.0,5.0,3.0,3.0,8.0,2.0,13.0,1.0,18.0,1.0,22.0,2.0,25.0,2.0,28.0,4.0,29.0,5.0,30.0,5.0,29.0,6.0,28.0,5.0,25.0,5.0,21.0,3.0,17.0,1.0,12.0,-3.0,7.0,-6.0,3.0,-10.0,-1.0,-14.0,-5.0,-19.0,-8.0
1.9652,122.0,-96.0,7.0,0.0,0.0,0.0,0.0,0.0,0.0,0.0,0.0,0.0,10.0,-7.0,7.0,-2.0,5.0,3.0,4.0,8.0,2.0,14.0,2.0,20.0,2.0,24.0,3.0,29.0,5.0,31.0,6.0,32.0,7.0,33.0,8.0,32.0,9.0,30.0,9.0,27.0,7.0,23.0,5.0,18.0,2.0,14.0,-2.0,9.0,-7.0,4.0,-11.0,0.0,-17.0,-3.0,-22.0,-6.0,-27.0,-7.0,-31.0,-7.0,-34.0,-7.0,-36.0,-7.0
1.9795,122.0,-96.0,7.0,0.0,0.0,0.0,0.0,0.0,0.0,0.0,0.0,0.0,-17.0,13.0,-18.0,15.0,-17.0,15.0,-17.0,15.0,-16.0,15.0,-14.0,14.0,-13.0,12.0,-11.0,9.0,-9.0,5.0,-7.0,1.0,-5.0,-3.0,-4.0,-7.0,-3.0,-12.0,-3.0,-15.0,-3.0,-19.0,-3.0,-22.0,-3.0,-25.0,-4.0,-25.0,-5.0,-26.0,-5.0,-25.0,-5.0,-24.0,-5.0,-21.0,-5.0,-19.0,-4.0,-14.0,-2.0,-11.0,1.0,-7.0
1.9948,122.0,-96.0,7.0,0.0,0.0,0.0,0.0,0.0,0.0,0.0,0.0,0.0,-12.0,-8.0,-12.0,-9.0,-12.0,-8.0,-12.0,-9.0,-13.0,-9.0,-13.0,-9.0,-13.0,-9.0,-13.0,-9.0,-13.0,-9.0,-13.0,-9.0,-14.0,-9.0,-14.0,-9.0,-14.0,-9.0,-14.0,-9.0,-14.0,-9.0,-14.0,-9.0,-14.0,-9.0,-15.0,-9.0,-15.0,-9.0,-15.0,-9.0,-15.0,-10.0,-15.0,-9.0,-15.0,-9.0,-15.0,-9.0,-16.0,-9.0,-16.0,-9.0
2.0085,122.0,-96.0,7.0,0.0,0.0,0.0,0.0,0.0,0.0,0.0,0.0,0.0,-2.0,-22.0,-3.0,-23.0,-4.0,-23.0,-4.0,-23.0,-5.0,-21.0,-4.0,-19.0,-3.0,-17.0,-2.0,-14.0,-1.0,-10.0,2.0,-6.0,4.0,-2.0,8.0,1.0,11.0,4.0,14.0,6.0,17.0,8.0,19.0,9.0,21.0,10.0,22.0,10.0,23.0,9.0,23.0,9.0,21.0,8.0,19.0,7.0,16.0,5.0,12.0,4.0,7.0,4.0,3.0,4.0
2.0224,122.0,-96.0,7.0,0.0,0.0,0.0,0.0,0.0,0.0,0.0,0.0,0.0,20.0,-13.0,21.0,-14.0,21.0,-15.0,20.0,-15.0,19.0,-15.0,17.0,-14.0,15.0,-12.0,12.0,-9.0,9.0,-6.0,7.0,-1.0,4.0,3.0,2.0,8.0,1.0,12.0,-1.0,16.0,-1.0,20.0,-2.0,23.0,-2.0,26.0,-1.0,28.0,0.0,28.0,0.0,28.0,1.0,26.0,1.0,23.0,1.0,20.0,0.0,16.0,-1.0,11.0,-3.0,6.0
2.0372,122.0,-96.0,7.0,0.0,0.0,0.0,0.0,0.0,0.0,0.0,0.0,0.0,-21.0,-16.0,-19.0,-15.0,-16.0,-13.0,-12.0,-11.0,-8.0,-9.0,-3.0,-7.0,2.0,-6.0,8.0,-6.0,13.0,-6.0,17.0,-6.0,21.0,-7.0,24.0,-9.0,27.0,-10.0,28.0,-12.0,29.0,-13.0,27.0,-13.0,25.0,-14.0,22.0,-12.0,19.0,-10.0,15.0,-7.0,11.0,-3.0,7.0,1.0,3.0,6.0,0.0,11.0,-3.0,15.0,-4.0,21.0
2.0425,98.0,33.0,22.0,0.0,0.0,0.0,0.0,0.0,0.0,0.0,0.0,0.0,19.0,-2.0,16.0,-3.0,12.0,-3.0,11.0,-5.0,6.0,-5.0,1.0,-6.0,-2.0,-9.0,-7.0,-10.0,-11.0,-11.0,-12.0,-12.0,-15.0,-12.0,-18.0,-12.0,-19.0,-12.0,-21.0,-10.0,-22.0,-8.0,-21.0,-7.0,-19.0,-5.0,-17.0,-3.0,-14.0,-2.0,-10.0,0.0,-5.0,1.0,0.0,1.0,6.0,3.0,11.0,3.0,16.0,3.0,21.0,3.0
2.0551,122.0,-96.0,7.0,0.0,0.0,0.0,0.0,0.0,0.0,0.0,0.0,0.0,2.0,-13.0,4.0,-17.0,5.0,-21.0,6.0,-24.0,6.0,-27.0,6.0,-29.0,5.0,-30.0,4.0,-30.0,3.0,-28.0,3.0,-26.0,3.0,-21.0,3.0,-17.0,3.0,-13.0,4.0,-7.0,6.0,-2.0,8.0,3.0,11.0,8.0,14.0,12.0,17.0,16.0,20.0,18.0,23.0,20.0,24.0,20.0,25.0,20.0,24.0,18.0,24.0,16.0,22.0,14.0
2.0696,122.0,-96.0,7.0,0.0,0.0,0.0,0.0,0.0,0.0,0.0,0.0,0.0,-10.0,-2.0,-6.0,-4.0,-2.0,-6.0,2.0,-8.0,6.0,-11.0,9.0,-14.0,12.0,-16.0,13.0,-19.0,15.0,-22.0,14.0,-23.0,13.0,-24.0,12.0,-24.0,11.0,-23.0,9.0,-22.0,8.0,-18.0,7.0,-14.0,6.0,-10.0,6.0,-5.0,6.0,1.0,5.0,5.0,7.0,10.0,9.0,15.0,11.0,18.0,13.0,20.0,15.0,22.0,16.0,23.0
2.0833,122.0,-96.0,7.0,0.0,0.0,0.0,0.0,0.0,0.0,0.0,0.0,0.0,12.0,6.0,12.0,6.0,12.0,6.0,12.0,6.0,13.0,6.0,13.0,6.0,13.0,6.0,14.0,6.0,13.0,6.0,14.0,6.0,13.0,6.0,14.0,6.0,14.0,6.0,14.0,6.0,15.0,7.0,14.0,6.0,14.0,6.0,15.0,6.0,15.0,6.0,15.0,6.0,15.0,6.0,15.0,6.0,15.0,6.0,16.0,6.0,15.0,6.0,16.0,6.0
2.0958,122.0,-96.0,7.0,0.0,0.0,0.0,0.0,0.0,0.0,0.0,0.0,0.0,19.0,-14.0,20.0,-16.0,20.0,-17.0,19.0,-17.0,17.0,-17.0,16.0,-15.0,14.0,-13.0,11.0,-10.0,9.0,-6.0,7.0,-2.0,4.0,2.0,3.0,7.0,2.0,13.0,1.0,16.0,1.0,20.0,1.0,23.0,1.0,26.0,2.0,28.0,3.0,28.0,4.0,27.0,4.0,26.0,4.0,23.0,3.0,20.0,2.0,15.0,0.0,11.0,-2.0,7.0
2.1099,122.0,-96.0,7.0,0.0,0.0,0.0,0.0,0.0,0.0,0.0,0.0,0.0,10.0,2.0,10.0,2.0,11.0,3.0,10.0,2.0,11.0,3.0,11.0,3.0,11.0,2.0,11.0,2.0,11.0,3.0,12.0,2.0,12.0,2.0,12.0,2.0,12.0,2.0,12.0,2.0,12.0,2.0,12.0,2.0,12.0,2.0,12.0,2.0,12.0,2.0,12.0,2.0,13.0,2.0,13.0,2.0,13.0,2.0,13.0,1.0,13.0,1.0,13.0,2.0
2.126,122.0,-96.0,7.0,0.0,0.0,0.0,0.0,0.0,0.0,0.0,0.0,0.0,-6.0,-10.0,-8.0,-10.0,-7.0,-9.0,-8.0,-10.0,-7.0,-9.0,-8.0,-10.0,-7.0,-10.0,-8.0,-10.0,-8.0,-10.0,-8.0,-10.0,-8.0,-11.0,-8.0,-11.0,-7.0,-11.0,-8.0,-11.0,-9.0,-11.0,-8.0,-11.0,-8.0,-11.0,-9.0,-11.0,-9.0,-11.0,-9.0,-11.0,-9.0,-11.0,-9.0,-11.0,-10.0,-11.0,-9.0,-11.0,-9.0,-11.0,-9.0,-11.0
2.142,122.0,-96.0,7.0,0.0,0.0,0.0,0.0,0.0,0.0,0.0,0.0,0.0,4.0,-29.0,4.0,-27.0,3.0,-23.0,3.0,-19.0,3.0,-13.0,4.0,-8.0,6.0,-2.0,9.0,4.0,12.0,9.0,15.0,13.0,18.0,17.0,21.0,19.0,24.0,21.0,26.0,21.0,28.0,21.0,27.0,20.0,27.0,18.0,23.0,16.0,21.0,13.0,16.0,11.0,10.0,9.0,4.0,7.0,-3.0,7.0,-9.0,6.0,-15.0,6.0,-21.0,7.0
2.1545,122.0,-96.0,7.0,0.0,0.0,0.0,0.0,0.0,0.0,0.0,0.0,0.0,-1.0,-13.0,2.0,-8.0,6.0,-3.0,10.0,1.0,14.0,5.0,20.0,7.0,23.0,8.0,27.0,10.0,30.0,10.0,32.0,10.0,33.0,9.0,32.0,7.0,30.0,6.0,27.0,4.0,23.0,4.0,17.0,3.0,12.0,4.0,5.0,5.0,-1.0,8.0,-7.0,10.0,-12.0,14.0,-17.0,17.0,-20.0,21.0,-22.0,24.0,-23.0,26.0,-23.0,28.0
2.1593,98.0,33.0,22.0,0.0,0.0,0.0,0.0,0.0,0.0,0.0,0.0,0.0,6.0,10.0,8.0,5.0,10.0,5.0,15.0,-2.0,17.0,-4.0,19.0,-6.0,21.0,-8.0,22.0,-11.0,24.0,-13.0,22.0,-13.0,22.0,-15.0,19.0,-14.0,15.0,-16.0,13.0,-13.0,10.0,-14.0,3.0,-12.0,0.0,-6.0,-4.0,-3.0,-10.0,0.0,-13.0,5.0,-17.0,9.0,-20.0,15.0,-22.0,18.0,-25.0,22.0,-26.0,25.0,-27.0,26.0
2.1759,122.0,-96.0,7.0,0.0,0.0,0.0,0.0,0.0,0.0,0.0,0.0,0.0,-8.0,-26.0,-7.0,-23.0,-6.0,-20.0,-4.0,-16.0,-2.0,-12.0,1.0,-8.0,5.0,-4.0,9.0,0.0,13.0,3.0,17.0,5.0,21.0,7.0,24.0,8.0,27.0,8.0,30.0,7.0,30.0,7.0,29.0,6.0,28.0,5.0,25.0,4.0,21.0,3.0,17.0,3.0,11.0,3.0,6.0,5.0,0.0,6.0,-5.0,8.0,-10.0,10.0,-15.0,14.0
2.1893,122.0,-96.0,7.0,0.0,0.0,0.0,0.0,0.0,0.0,0.0,0.0,0.0,5.0,-10.0,5.0,-11.0,5.0,-10.0,6.0,-11.0,5.0,-11.0,5.0,-11.0,5.0,-11.0,4.0,-12.0,5.0,-11.0,5.0,-12.0,5.0,-12.0,5.0,-12.0,5.0,-12.0,5.0,-12.0,5.0,-12.0,5.0,-12.0,5.0,-12.0,5.0,-13.0,5.0,-13.0,5.0,-13.0,5.0,-13.0,4.0,-12.0,5.0,-13.0,4.0,-14.0,5.0,-13.0,4.0,-14.0
2.2029,122.0,-96.0,7.0,0.0,0.0,0.0,0.0,0.0,0.0,0.0,0.0,0.0,1.0,12.0,-2.0,8.0,-6.0,3.0,-10.0,-1.0,-15.0,-4.0,-20.0,-7.0,-24.0,-9.0,-28.0,-10.0,-31.0,-10.0,-32.0,-10.0,-34.0,-9.0,-33.0,-8.0,-32.0,-7.0,-30.0,-5.0,-26.0,-5.0,-20.0,-4.0,-16.0,-5.0,-9.0,-6.0,-3.0,-8.0,3.0,-9.0,8.0,-13.0,13.0,-16.0,17.0,-20.0,20.0,-23.0,21.0,-26.0,22.0,-28.0
2.2163,122.0,-96.0,7.0,0.0,0.0,0.0,0.0,0.0,0.0,0.0,0.0,0.0,17.0,16.0,19.0,17.0,19.0,16.0,19.0,16.0,19.0,14.0,17.0,13.0,14.0,11.0,11.0,10.0,7.0,8.0,2.0,6.0,-2.0,5.0,-8.0,4.0,-13.0,4.0,-17.0,4.0,-21.0,4.0,-24.0,4.0,-26.0,5.0,-28.0,6.0,-28.0,7.0,-28.0,8.0,-26.0,8.0,-23.0,7.0,-20.0,6.0,-16.0,4.0,-12.0,2.0,-8.0,-1.0
2.2304,122.0,-96.0,7.0,0.0,0.0,0.0,0.0,0.0,0.0,0.0,0.0,0.0,3.0,11.0,4.0,15.0,5.0,18.0,5.0,21.0,6.0,23.0,8.0,25.0,9.0,25.0,9.0,24.0,10.0,23.0,8.0,20.0,7.0,17.0,4.0,14.0,2.0,10.0,-1.0,7.0,-5.0,3.0,-9.0,1.0,-13.0,-2.0,-17.0,-4.0,-22.0,-5.0,-25.0,-6.0,-28.0,-6.0,-29.0,-5.0,-30.0,-4.0,-29.0,-4.0,-27.0,-2.0,-25.0,-2.0
2.2438,122.0,-96.0,7.0,0.0,0.0,0.0,0.0,0.0,0.0,0.0,0.0,0.0,14.0,15.0,16.0,16.0,16.0,16.0,16.0,15.0,15.0,14.0,14.0,13.0,12.0,11.0,9.0,9.0,5.0,7.0,1.0,6.0,-3.0,4.0,-8.0,3.0,-12.0,3.0,-16.0,2.0,-20.0,3.0,-22.0,3.0,-24.0,4.0,-25.0,4.0,-26.0,5.0,-25.0,6.0,-23.0,6.0,-20.0,5.0,-17.0,5.0,-13.0,3.0,-9.0,0.0,-6.0,-2.0
2.2578,122.0,-96.0,7.0,0.0,0.0,0.0,0.0,0.0,0.0,0.0,0.0,0.0,-24.0,-13.0,-26.0,-13.0,-26.0,-13.0,-26.0,-12.0,-25.0,-11.0,-23.0,-10.0,-20.0,-9.0,-16.0,-8.0,-11.0,-7.0,-6.0,-7.0,0.0,-6.0,6.0,-7.0,11.0,-9.0,16.0,-9.0,20.0,-11.0,23.0,-13.0,26.0,-15.0,27.0,-16.0,27.0,-17.0,26.0,-17.0,24.0,-17.0,21.0,-15.0,18.0,-14.0,15.0,-10.0,10.0,-7.0,8.0,-2.0
2.2737,122.0,-96.0,7.0,0.0,0.0,0.0,0.0,0.0,0.0,0.0,0.0,0.0,-1.0,-26.0,-1.0,-24.0,0.0,-20.0,0.0,-16.0,1.0,-12.0,3.0,-7.0,6.0,-2.0,9.0,3.0,12.0,7.0,15.0,11.0,18.0,13.0,21.0,15.0,23.0,16.0,26.0,16.0,26.0,15.0,26.0,14.0,25.0,12.0,22.0,11.0,19.0,9.0,14.0,7.0,9.0,6.0,3.0,6.0,-4.0,6.0,-9.0,6.0,-15.0,7.0,-20.0,9.0
2.2866,122.0,-96.0,7.0,0.0,0.0,0.0,0.0,0.0,0.0,0.0,0.0,0.0,10.0,1.0,11.0,1.0,11.0,1.0,11.0,1.0,11.0,1.0,12.0,0.0,11.0,0.0,12.0,0.0,12.0,1.0,12.0,0.0,12.0,0.0,12.0,0.0,12.0,0.0,12.0,0.0,12.0,0.0,12.0,0.0,13.0,-1.0,13.0,0.0,13.0,-1.0,13.0,-1.0,13.0,-1.0,13.0,-1.0,13.0,-1.0,13.0,-1.0,13.0,-1.0,14.0,-1.0
2.3033,122.0,-96.0,7.0,0.0,0.0,0.0,0.0,0.0,0.0,0.0,0.0,0.0,-1.0,-11.0,-1.0,-12.0,-1.0,-12.0,-1.0,-12.0,-1.0,-13.0,-1.0,-12.0,-1.0,-13.0,-1.0,-13.0,-1.0,-13.0,-2.0,-12.0,-2.0,-13.0,-1.0,-13.0,-1.0,-14.0,-2.0,-13.0,-1.0,-13.0,-2.0,-13.0,-3.0,-14.0,-2.0,-14.0,-2.0,-14.0,-3.0,-14.0,-2.0,-13.0,-2.0,-13.0,-3.0,-14.0,-3.0,-14.0,-3.0,-14.0,-3.0,-14.0
2.3158,122.0,-96.0,7.0,0.0,0.0,0.0,0.0,0.0,0.0,0.0,0.0,0.0,0.0,-24.0,0.0,-26.0,-1.0,-26.0,-1.0,-26.0,-2.0,-25.0,-2.0,-23.0,-2.0,-20.0,-1.0,-16.0,0.0,-12.0,2.0,-8.0,4.0,-3.0,7.0,1.0,10.0,5.0,13.0,8.0,16.0,11.0,18.0,13.0,21.0,15.0,22.0,16.0,24.0,15.0,23.0,15.0,23.0,14.0,21.0,12.0,19.0,10.0,15.0,8.0,11.0,6.0,6.0,6.0
2.3288,122.0,-96.0,7.0,0.0,0.0,0.0,0.0,0.0,0.0,0.0,0.0,0.0,-4.0,10.0,-5.0,5.0,-6.0,0.0,-8.0,-5.0,-10.0,-10.0,-13.0,-14.0,-16.0,-17.0,-19.0,-19.0,-21.0,-21.0,-22.0,-21.0,-24.0,-20.0,-24.0,-19.0,-23.0,-18.0,-22.0,-15.0,-18.0,-13.0,-14.0,-11.0,-10.0,-9.0,-4.0,-8.0,2.0,-7.0,7.0,-6.0,13.0,-7.0,18.0,-7.0,22.0,-9.0,26.0,-11.0,27.0,-12.0,29.0,-13.0
2.3425,122.0,-96.0,7.0,0.0,0.0,0.0,0.0,0.0,0.0,0.0,0.0,0.0,-11.0,21.0,-11.0,23.0,-11.0,23.0,-10.0,23.0,-9.0,22.0,-8.0,20.0,-7.0,17.0,-7.0,13.0,-6.0,9.0,-6.0,3.0,-6.0,-2.0,-7.0,-7.0,-8.0,-12.0,-10.0,-16.0,-11.0,-19.0,-13.0,-22.0,-14.0,-24.0,-15.0,-25.0,-16.0,-25.0,-17.0,-23.0,-16.0,-22.0,-14.0,-19.0,-12.0,-16.0,-9.0,-12.0,-5.0,-9.0,-1.0,-7.0
2.356,122.0,-96.0,7.0,0.0,0.0,0.0,0.0,0.0,0.0,0.0,0.0,0.0,12.0,4.0,13.0,4.0,13.0,4.0,13.0,4.0,14.0,4.0,14.0,4.0,14.0,4.0,14.0,4.0,14.0,4.0,14.0,4.0,15.0,4.0,15.0,4.0,14.0,4.0,15.0,4.0,15.0,4.0,15.0,4.0,15.0,4.0,15.0,3.0,15.0,4.0,15.0,4.0,16.0,4.0,15.0,4.0,16.0,4.0,16.0,3.0,16.0,3.0,16.0,3.0
2.3686,122.0,-96.0,7.0,0.0,0.0,0.0,0.0,0.0,0.0,0.0,0.0,0.0,10.0,-25.0,10.0,-27.0,10.0,-27.0,9.0,-27.0,8.0,-26.0,7.0,-23.0,6.0,-20.0,6.0,-16.0,5.0,-11.0,5.0,-5.0,6.0,1.0,6.0,6.0,9.0,12.0,10.0,16.0,12.0,20.0,13.0,23.0,15.0,25.0,16.0,26.0,17.0,26.0,17.0,25.0,16.0,23.0,14.0,20.0,13.0,17.0,9.0,13.0,4.0,9.0,0.0,6.0
2.3826,122.0,-96.0,7.0,0.0,0.0,0.0,0.0,0.0,0.0,0.0,0.0,0.0,23.0,2.0,21.0,1.0,18.0,1.0,14.0,1.0,10.0,2.0,5.0,3.0,0.0,5.0,-4.0,7.0,-8.0,10.0,-11.0,12.0,-14.0,14.0,-17.0,16.0,-18.0,19.0,-18.0,21.0,-18.0,22.0,-17.0,22.0,-16.0,21.0,-14.0,19.0,-12.0,16.0,-10.0,12.0,-8.0,8.0,-7.0,3.0,-6.0,-2.0,-5.0,-8.0,-5.0,-13.0,-6.0,-18.0
2.3956,122.0,-96.0,7.0,0.0,0.0,0.0,0.0,0.0,0.0,0.0,0.0,0.0,10.0,1.0,10.0,1.0,11.0,1.0,11.0,1.0,11.0,1.0,11.0,1.0,12.0,1.0,12.0,1.0,11.0,1.0,12.0,1.0,12.0,1.0,12.0,1.0,12.0,1.0,12.0,1.0,12.0,1.0,12.0,0.0,12.0,0.0,13.0,0.0,13.0,0.0,12.0,0.0,13.0,0.0,13.0,0.0,13.0,0.0,13.0,0.0,13.0,0.0,13.0,-1.0
2.4096,122.0,-96.0,7.0,0.0,0.0,0.0,0.0,0.0,0.0,0.0,0.0,0.0,-19.0,-11.0,-21.0,-11.0,-21.0,-11.0,-21.0,-10.0,-20.0,-9.0,-19.0,-8.0,-16.0,-7.0,-12.0,-7.0,-8.0,-6.0,-4.0,-6.0,1.0,-5.0,6.0,-6.0,10.0,-7.0,14.0,-8.0,17.0,-9.0,19.0,-10.0,21.0,-12.0,22.0,-12.0,22.0,-13.0,21.0,-13.0,20.0,-13.0,17.0,-11.0,14.0,-10.0,11.0,-7.0,7.0,-4.0,5.0,0.0
2.4232,122.0,-96.0,7.0,0.0,0.0,0.0,0.0,0.0,0.0,0.0,0.0,0.0,-15.0,18.0,-16.0,20.0,-15.0,21.0,-15.0,20.0,-13.0,20.0,-12.0,18.0,-10.0,15.0,-9.0,11.0,-8.0,8.0,-7.0,2.0,-5.0,-3.0,-5.0,-8.0,-6.0,-13.0,-6.0,-18.0,-7.0,-21.0,-7.0,-24.0,-9.0,-26.0,-9.0,-27.0,-11.0,-28.0,-11.0,-26.0,-10.0,-25.0,-10.0,-22.0,-8.0,-19.0,-6.0,-14.0,-3.0,-10.0,0.0,-7.0
2.4372,122.0,-96.0,7.0,0.0,0.0,0.0,0.0,0.0,0.0,0.0,0.0,0.0,15.0,-1.0,18.0,-1.0,16.0,0.0,16.0,-1.0,18.0,-2.0,17.0,-2.0,18.0,-1.0,17.0,-1.0,18.0,-3.0,18.0,-2.0,18.0,-1.0,18.0,-1.0,18.0,-2.0,19.0,-2.0,19.0,-2.0,18.0,-2.0,17.0,-3.0,18.0,-2.0,19.0,-3.0,19.0,-4.0,19.0,-3.0,19.0,-4.0,19.0,-4.0,20.0,-4.0,20.0,-4.0,20.0,-4.0
2.4515,122.0,-96.0,7.0,0.0,0.0,0.0,0.0,0.0,0.0,0.0,0.0,0.0,-18.0,-13.0,-20.0,-12.0,-21.0,-13.0,-20.0,-12.0,-20.0,-11.0,-18.0,-10.0,-15.0,-9.0,-12.0,-7.0,-8.0,-6.0,-3.0,-6.0,1.0,-5.0,6.0,-6.0,10.0,-6.0,14.0,-7.0,17.0,-8.0,20.0,-9.0,22.0,-10.0,23.0,-11.0,23.0,-11.0,22.0,-12.0,20.0,-11.0,18.0,-10.0,15.0,-9.0,11.0,-6.0,8.0,-3.0,5.0,0.0
2.4671,122.0,-96.0,7.0,0.0,0.0,0.0,0.0,0.0,0.0,0.0,0.0,0.0,-10.0,-6.0,-10.0,-6.0,-10.0,-6.0,-10.0,-6.0,-10.0,-6.0,-11.0,-6.0,-11.0,-6.0,-12.0,-6.0,-12.0,-6.0,-11.0,-6.0,-12.0,-6.0,-12.0,-6.0,-11.0,-6.0,-12.0,-6.0,-13.0,-6.0,-12.0,-6.0,-12.0,-5.0,-13.0,-5.0,-13.0,-6.0,-13.0,-5.0,-13.0,-5.0,-13.0,-5.0,-13.0,-6.0,-13.0,-5.0,-13.0,-6.0,-13.0,-5.0
2.4809,122.0,-96.0,7.0,0.0,0.0,0.0,0.0,0.0,0.0,0.0,0.0,0.0,-12.0,-19.0,-13.0,-19.0,-14.0,-20.0,-14.0,-19.0,-14.0,-18.0,-13.0,-16.0,-11.0,-14.0,-9.0,-12.0,-6.0,-10.0,-2.0,-7.0,2.0,-5.0,6.0,-3.0,10.0,-2.0,14.0,-1.0,17.0,0.0,21.0,0.0,23.0,0.0,25.0,0.0,25.0,-1.0,25.0,-1.0,24.0,-1.0,22.0,-2.0,19.0,-2.0,15.0,-1.0,11.0,-1.0,7.0,1.0
2.4942,122.0,-96.0,7.0,0.0,0.0,0.0,0.0,0.0,0.0,0.0,0.0,0.0,6.0,-9.0,6.0,-10.0,6.0,-10.0,7.0,-10.0,7.0,-10.0,7.0,-10.0,6.0,-10.0,7.0,-11.0,7.0,-10.0,7.0,-11.0,7.0,-11.0,7.0,-11.0,7.0,-10.0,7.0,-11.0,7.0,-11.0,7.0,-11.0,6.0,-11.0,6.0,-12.0,7.0,-12.0,6.0,-11.0,7.0,-12.0,7.0,-12.0,7.0,-12.0,7.0,-12.0,7.0,-12.0,6.0,-12.0
2.5082,122.0,-96.0,7.0,0.0,0.0,0.0,0.0,0.0,0.0,0.0,0.0,0.0,-1.0,-24.0,-1.0,-22.0,-1.0,-19.0,0.0,-15.0,0.0,-12.0,2.0,-7.0,4.0,-3.0,7.0,2.0,10.0,5.0,13.0,9.0,15.0,11.0,18.0,13.0,21.0,14.0,22.0,15.0,23.0,14.0,23.0,14.0,23.0,12.0,21.0,11.0,18.0,9.0,14.0,8.0,10.0,7.0,5.0,6.0,0.0,5.0,-5.0,5.0,-10.0,5.0,-15.0,7.0
2.5221,122.0,-96.0,7.0,0.0,0.0,0.0,0.0,0.0,0.0,0.0,0.0,0.0,-7.0,10.0,-11.0,13.0,-13.0,16.0,-15.0,19.0,-17.0,22.0,-17.0,24.0,-17.0,25.0,-16.0,25.0,-14.0,25.0,-13.0,22.0,-12.0,18.0,-10.0,14.0,-9.0,11.0,-8.0,5.0,-7.0,0.0,-7.0,-6.0,-7.0,-12.0,-8.0,-17.0,-9.0,-22.0,-11.0,-26.0,-12.0,-28.0,-14.0,-30.0,-14.0,-30.0,-15.0,-29.0,-16.0,-28.0,-15.0,-25.0
2.5245,98.0,33.0,22.0,0.0,0.0,0.0,0.0,0.0,0.0,0.0,0.0,0.0,3.0,-15.0,-4.0,-13.0,-7.0,-13.0,-10.0,-10.0,-16.0,-10.0,-23.0,-8.0,-27.0,-9.0,-28.0,-8.0,-30.0,-10.0,-30.0,-8.0,-32.0,-6.0,-29.0,-5.0,-26.0,-2.0,-22.0,0.0,-18.0,1.0,-12.0,2.0,-6.0,4.0,0.0,5.0,7.0,5.0,14.0,4.0,21.0,3.0,27.0,3.0,32.0,2.0,37.0,0.0,41.0,0.0,41.0,-1.0
2.5383,122.0,-96.0,7.0,0.0,0.0,0.0,0.0,0.0,0.0,0.0,0.0,0.0,12.0,4.0,12.0,5.0,13.0,5.0,13.0,6.0,13.0,5.0,14.0,5.0,13.0,5.0,14.0,6.0,13.0,5.0,14.0,5.0,14.0,5.0,14.0,6.0,14.0,4.0,14.0,5.0,14.0,6.0,15.0,4.0,15.0,5.0,15.0,5.0,15.0,5.0,14.0,5.0,15.0,4.0,16.0,5.0,15.0,4.0,15.0,4.0,16.0,4.0,16.0,4.0
2.551,122.0,-96.0,7.0,0.0,0.0,0.0,0.0,0.0,0.0,0.0,0.0,0.0,18.0,-19.0,16.0,-17.0,14.0,-15.0,12.0,-11.0,9.0,-8.0,7.0,-2.0,5.0,3.0,3.0,8.0,3.0,13.0,3.0,18.0,3.0,22.0,4.0,25.0,4.0,28.0,6.0,29.0,7.0,30.0,8.0,29.0,8.0,27.0,7.0,24.0,6.0,21.0,4.0,17.0,2.0,12.0,-2.0,7.0,-6.0,3.0,-10.0,-1.0,-14.0,-4.0,-19.0,-7.0
2.5647,122.0,-96.0,7.0,0.0,0.0,0.0,0.0,0.0,0.0,0.0,0.0,0.0,-2.0,13.0,-2.0,13.0,-2.0,14.0,-2.0,13.0,-2.0,14.0,-2.0,14.0,-1.0,14.0,-1.0,15.0,-1.0,14.0,-1.0,15.0,-2.0,15.0,-1.0,15.0,-1.0,15.0,-1.0,15.0,-1.0,15.0,-1.0,15.0,0.0,15.0,-1.0,15.0,0.0,16.0,0.0,16.0,0.0,16.0,0.0,16.0,0.0,16.0,0.0,16.0,0.0,17.0,0.0,16.0
2.5801,122.0,-96.0,7.0,0.0,0.0,0.0,0.0,0.0,0.0,0.0,0.0,0.0,8.0,7.0,10.0,10.0,13.0,13.0,15.0,15.0,18.0,16.0,19.0,17.0,20.0,16.0,21.0,16.0,20.0,14.0,18.0,13.0,15.0,11.0,12.0,10.0,9.0,8.0,4.0,6.0,-1.0,5.0,-6.0,5.0,-12.0,4.0,-16.0,4.0,-20.0,6.0,-24.0,7.0,-26.0,8.0,-28.0,9.0,-28.0,10.0,-27.0,10.0,-26.0,11.0,-23.0,11.0
2.5934,122.0,-96.0,7.0,0.0,0.0,0.0,0.0,0.0,0.0,0.0,0.0,0.0,-17.0,16.0,-15.0,15.0,-13.0,13.0,-11.0,9.0,-9.0,6.0,-7.0,2.0,-6.0,-3.0,-5.0,-8.0,-4.0,-13.0,-4.0,-17.0,-4.0,-21.0,-5.0,-24.0,-6.0,-26.0,-7.0,-27.0,-8.0,-28.0,-9.0,-27.0,-9.0,-26.0,-8.0,-22.0,-7.0,-19.0,-6.0,-16.0,-3.0,-12.0,0.0,-8.0,4.0,-4.0,8.0,0.0,12.0,3.0,17.0,5.0
2.6071,122.0,-96.0,7.0,0.0,0.0,0.0,0.0,0.0,0.0,0.0,0.0,0.0,6.0,9.0,6.0,8.0,6.0,9.0,7.0,9.0,6.0,9.0,7.0,9.0,7.0,9.0,7.0,9.0,7.0,9.0,7.0,9.0,7.0,9.0,7.0,10.0,7.0,9.0,7.0,9.0,8.0,9.0,8.0,9.0,7.0,9.0,8.0,9.0,8.0,9.0,8.0,9.0,8.0,10.0,8.0,9.0,9.0,9.0,8.0,10.0,8.0,9.0,9.0,9.0
2.6119,-120.0,-126.0,40.0,0.0,0.0,0.0,0.0,0.0,0.0,0.0,0.0,0.0,-6.0,-12.0,-7.0,-14.0,-10.0,-14.0,-9.0,-16.0,-11.0,-17.0,-13.0,-17.0,-13.0,-16.0,-12.0,-14.0,-11.0,-13.0,-11.0,-10.0,-10.0,-7.0,-9.0,-4.0,-6.0,-1.0,-4.0,2.0,-1.0,6.0,3.0,9.0,5.0,10.0,7.0,14.0,11.0,16.0,13.0,16.0,15.0,16.0,16.0,17.0,17.0,15.0,16.0,14.0,15.0,13.0,13.0,10.0
2.6262,122.0,-96.0,7.0,0.0,0.0,0.0,0.0,0.0,0.0,0.0,0.0,0.0,-25.0,-12.0,-27.0,-12.0,-27.0,-11.0,-27.0,-11.0,-26.0,-10.0,-24.0,-9.0,-21.0,-7.0,-17.0,-7.0,-12.0,-6.0,-7.0,-7.0,-1.0,-6.0,5.0,-8.0,10.0,-9.0,14.0,-10.0,18.0,-12.0,22.0,-14.0,25.0,-16.0,26.0,-17.0,26.0,-18.0,25.0,-19.0,24.0,-19.0,22.0,-17.0,19.0,-16.0,15.0,-12.0,12.0,-8.0,8.0,-4.0
2.6407,122.0,-96.0,7.0,0.0,0.0,0.0,0.0,0.0,0.0,0.0,0.0,0.0,10.0,-4.0,6.0,0.0,3.0,4.0,0.0,8.0,-2.0,13.0,-3.0,18.0,-4.0,21.0,-5.0,25.0,-4.0,28.0,-4.0,29.0,-3.0,30.0,-2.0,29.0,-1.0,28.0,0.0,26.0,0.0,21.0,-1.0,17.0,-2.0,12.0,-4.0,7.0,-7.0,2.0,-9.0,-3.0,-13.0,-8.0,-16.0,-12.0,-20.0,-14.0,-24.0,-16.0,-26.0,-17.0,-28.0,-17.0
2.6549,122.0,-96.0,7.0,0.0,0.0,0.0,0.0,0.0,0.0,0.0,0.0,0.0,-26.0,13.0,-24.0,12.0,-20.0,11.0,-16.0,7.0,-12.0,4.0,-9.0,-1.0,-5.0,-6.0,-2.0,-11.0,0.0,-17.0,2.0,-22.0,3.0,-26.0,4.0,-30.0,4.0,-34.0,2.0,-36.0,2.0,-36.0,0.0,-35.0,0.0,-32.0,-1.0,-29.0,-1.0,-24.0,0.0,-19.0,2.0,-13.0,4.0,-7.0,8.0,0.0,10.0,5.0,14.0,10.0,19.0,14.0
2.6705,122.0,-96.0,7.0,0.0,0.0,0.0,0.0,0.0,0.0,0.0,0.0,0.0,-11.0,-4.0,-11.0,-3.0,-11.0,-3.0,-11.0,-3.0,-12.0,-3.0,-12.0,-3.0,-12.0,-3.0,-12.0,-3.0,-12.0,-3.0,-13.0,-3.0,-13.0,-3.0,-13.0,-4.0,-13.0,-3.0,-13.0,-3.0,-13.0,-3.0,-13.0,-3.0,-13.0,-3.0,-13.0,-2.0,-14.0,-3.0,-14.0,-2.0,-14.0,-2.0,-14.0,-2.0,-14.0,-2.0,-14.0,-2.0,-14.0,-2.0,-14.0,-2.0
2.6844,122.0,-96.0,7.0,0.0,0.0,0.0,0.0,0.0,0.0,0.0,0.0,0.0,11.0,-7.0,15.0,-9.0,19.0,-10.0,22.0,-12.0,24.0,-13.0,26.0,-15.0,26.0,-16.0,24.0,-16.0,23.0,-16.0,20.0,-14.0,17.0,-12.0,14.0,-8.0,11.0,-5.0,7.0,0.0,3.0,5.0,1.0,10.0,-1.0,15.0,-2.0,20.0,-3.0,25.0,-3.0,28.0,-2.0,31.0,-2.0,32.0,-1.0,32.0,0.0,31.0,1.0,29.0,1.0,26.0
2.6976,122.0,-96.0,7.0,0.0,0.0,0.0,0.0,0.0,0.0,0.0,0.0,0.0,0.0,-25.0,-1.0,-26.0,-1.0,-27.0,-2.0,-26.0,-2.0,-25.0,-2.0,-22.0,-1.0,-19.0,0.0,-15.0,1.0,-11.0,3.0,-7.0,5.0,-2.0,8.0,3.0,11.0,7.0,14.0,10.0,17.0,13.0,19.0,15.0,21.0,16.0,22.0,17.0,23.0,16.0,22.0,15.0,21.0,14.0,19.0,12.0,16.0,10.0,12.0,8.0,7.0,6.0,2.0,5.0
2.7112,122.0,-96.0,7.0,0.0,0.0,0.0,0.0,0.0,0.0,0.0,0.0,0.0,-12.0,21.0,-12.0,23.0,-12.0,23.0,-11.0,23.0,-10.0,22.0,-9.0,20.0,-8.0,17.0,-7.0,13.0,-6.0,9.0,-7.0,4.0,-6.0,-1.0,-6.0,-6.0,-8.0,-11.0,-9.0,-16.0,-10.0,-20.0,-11.0,-22.0,-13.0,-25.0,-13.0,-26.0,-15.0,-26.0,-15.0,-25.0,-14.0,-24.0,-13.0,-21.0,-12.0,-18.0,-9.0,-14.0,-6.0,-11.0,-2.0,-8.0
2.7257,122.0,-96.0,7.0,0.0,0.0,0.0,0.0,0.0,0.0,0.0,0.0,0.0,10.0,-2.0,6.0,1.0,2.0,4.0,-1.0,9.0,-5.0,13.0,-6.0,18.0,-7.0,21.0,-9.0,25.0,-8.0,28.0,-8.0,29.0,-8.0,29.0,-6.0,29.0,-5.0,27.0,-4.0,25.0,-3.0,20.0,-3.0,15.0,-4.0,10.0,-5.0,5.0,-8.0,-1.0,-10.0,-6.0,-13.0,-11.0,-16.0,-14.0,-19.0,-18.0,-22.0,-19.0,-25.0,-20.0,-26.0,-21.0
2.7406,122.0,-96.0,7.0,0.0,0.0,0.0,0.0,0.0,0.0,0.0,0.0,0.0,2.0,-11.0,2.0,-11.0,2.0,-12.0,1.0,-11.0,2.0,-12.0,2.0,-13.0,1.0,-13.0,2.0,-13.0,2.0,-13.0,2.0,-13.0,2.0,-13.0,2.0,-13.0,2.0,-13.0,2.0,-13.0,1.0,-13.0,1.0,-14.0,1.0,-13.0,1.0,-14.0,1.0,-13.0,1.0,-14.0,1.0,-14.0,1.0,-13.0,0.0,-14.0,0.0,-14.0,1.0,-14.0,1.0,-14.0
2.7432,98.0,33.0,22.0,0.0,0.0,0.0,0.0,0.0,0.0,0.0,0.0,0.0,8.0,11.0,11.0,13.0,15.0,13.0,17.0,14.0,18.0,14.0,20.0,15.0,20.0,14.0,20.0,12.0,18.0,10.0,16.0,7.0,14.0,4.0,11.0,1.0,7.0,-2.0,3.0,-5.0,-1.0,-8.0,-6.0,-9.0,-11.0,-11.0,-16.0,-11.0,-22.0,-12.0,-24.0,-12.0,-29.0,-12.0,-29.0,-11.0,-29.0,-10.0,-28.0,-9.0,-25.0,-7.0,-23.0,-6.0
2.7588,122.0,-96.0,7.0,0.0,0.0,0.0,0.0,0.0,0.0,0.0,0.0,0.0,-5.0,-13.0,-5.0,-18.0,-6.0,-22.0,-7.0,-25.0,-8.0,-27.0,-9.0,-29.0,-10.0,-29.0,-11.0,-28.0,-11.0,-27.0,-10.0,-24.0,-7.0,-20.0,-5.0,-16.0,-3.0,-12.0,1.0,-8.0,5.0,-3.0,10.0,0.0,15.0,3.0,19.0,6.0,24.0,7.0,27.0,8.0,30.0,8.0,31.0,8.0,31.0,7.0,30.0,6.0,28.0,5.0,25.0,4.0
2.7722,122.0,-96.0,7.0,0.0,0.0,0.0,0.0,0.0,0.0,0.0,0.0,0.0,-2.0,-13.0,-1.0,-18.0,-1.0,-22.0,-1.0,-25.0,-2.0,-28.0,-3.0,-30.0,-4.0,-31.0,-5.0,-30.0,-6.0,-29.0,-5.0,-26.0,-4.0,-22.0,-2.0,-18.0,-1.0,-14.0,1.0,-9.0,4.0,-4.0,8.0,0.0,12.0,4.0,16.0,7.0,21.0,10.0,24.0,11.0,27.0,12.0,29.0,12.0,30.0,12.0,29.0,11.0,29.0,10.0,26.0,8.0
2.787,122.0,-96.0,7.0,0.0,0.0,0.0,0.0,0.0,0.0,0.0,0.0,0.0,-24.0,-1.0,-26.0,0.0,-26.0,0.0,-26.0,0.0,-25.0,1.0,-23.0,1.0,-20.0,1.0,-16.0,0.0,-12.0,-1.0,-7.0,-4.0,-2.0,-5.0,2.0,-9.0,6.0,-12.0,10.0,-14.0,12.0,-18.0,14.0,-19.0,16.0,-22.0,16.0,-23.0,16.0,-24.0,15.0,-24.0,14.0,-23.0,12.0,-21.0,10.0,-18.0,8.0,-14.0,6.0,-10.0,5.0,-5.0
2.801,122.0,-96.0,7.0,0.0,0.0,0.0,0.0,0.0,0.0,0.0,0.0,0.0,-8.0,10.0,-8.0,11.0,-8.0,11.0,-9.0,11.0,-9.0,11.0,-9.0,12.0,-8.0,13.0,-8.0,13.0,-9.0,13.0,-9.0,13.0,-8.0,13.0,-9.0,13.0,-8.0,14.0,-8.0,14.0,-8.0,14.0,-8.0,14.0,-8.0,14.0,-7.0,14.0,-8.0,15.0,-8.0,14.0,-7.0,14.0,-8.0,15.0,-7.0,15.0,-7.0,15.0,-7.0,15.0,-7.0,15.0
2.816,122.0,-96.0,7.0,0.0,0.0,0.0,0.0,0.0,0.0,0.0,0.0,0.0,-7.0,-23.0,-7.0,-21.0,-5.0,-18.0,-4.0,-15.0,-2.0,-11.0,1.0,-7.0,4.0,-4.0,8.0,0.0,11.0,3.0,15.0,5.0,18.0,7.0,21.0,8.0,24.0,9.0,26.0,8.0,27.0,8.0,26.0,7.0,25.0,6.0,22.0,5.0,19.0,4.0,15.0,4.0,10.0,4.0,5.0,4.0,0.0,5.0,-6.0,6.0,-10.0,8.0,-15.0,11.0
2.8289,122.0,-96.0,7.0,0.0,0.0,0.0,0.0,0.0,0.0,0.0,0.0,0.0,10.0,-22.0,9.0,-20.0,8.0,-17.0,6.0,-13.0,5.0,-9.0,5.0,-4.0,5.0,1.0,5.0,5.0,6.0,10.0,7.0,14.0,9.0,17.0,10.0,20.0,12.0,23.0,14.0,24.0,14.0,24.0,14.0,23.0,14.0,21.0,13.0,19.0,11.0,16.0,8.0,13.0,5.0,10.0,0.0,7.0,-4.0,4.0,-9.0,1.0,-13.0,-1.0,-19.0,-2.0
2.8442,122.0,-96.0,7.0,0.0,0.0,0.0,0.0,0.0,0.0,0.0,0.0,0.0,-11.0,5.0,-10.0,4.0,-10.0,6.0,-10.0,5.0,-11.0,6.0,-10.0,5.0,-10.0,5.0,-11.0,6.0,-11.0,7.0,-11.0,6.0,-11.0,6.0,-11.0,6.0,-11.0,6.0,-11.0,7.0,-11.0,7.0,-11.0,7.0,-11.0,7.0,-11.0,7.0,-10.0,7.0,-11.0,7.0,-11.0,7.0,-11.0,8.0,-11.0,8.0,-11.0,8.0,-11.0,8.0,-11.0,8.0
2.8582,122.0,-96.0,7.0,0.0,0.0,0.0,0.0,0.0,0.0,0.0,0.0,0.0,-8.0,28.0,-8.0,26.0,-6.0,22.0,-6.0,17.0,-6.0,12.0,-6.0,6.0,-7.0,0.0,-9.0,-6.0,-11.0,-11.0,-13.0,-16.0,-15.0,-21.0,-18.0,-24.0,-20.0,-26.0,-22.0,-27.0,-24.0,-28.0,-24.0,-27.0,-23.0,-25.0,-22.0,-22.0,-19.0,-19.0,-15.0,-16.0,-10.0,-13.0,-5.0,-10.0,2.0,-7.0,7.0,-5.0,14.0,-3.0,20.0,-3.0
2.8704,122.0,-96.0,7.0,0.0,0.0,0.0,0.0,0.0,0.0,0.0,0.0,0.0,6.0,9.0,1.0,6.0,-3.0,4.0,-8.0,2.0,-13.0,1.0,-19.0,1.0,-23.0,1.0,-26.0,2.0,-29.0,3.0,-30.0,3.0,-31.0,4.0,-30.0,5.0,-29.0,6.0,-26.0,7.0,-23.0,5.0,-18.0,4.0,-14.0,2.0,-9.0,-1.0,-5.0,-5.0,-1.0,-9.0,3.0,-13.0,5.0,-18.0,8.0,-22.0,9.0,-26.0,9.0,-29.0,9.0,-31.0
2.8836,122.0,-96.0,7.0,0.0,0.0,0.0,0.0,0.0,0.0,0.0,0.0,0.0,5.0,-24.0,4.0,-26.0,4.0,-26.0,3.0,-26.0,3.0,-25.0,2.0,-23.0,2.0,-20.0,2.0,-16.0,2.0,-12.0,4.0,-7.0,4.0,-2.0,7.0,3.0,9.0,7.0,11.0,11.0,13.0,15.0,15.0,17.0,17.0,19.0,18.0,21.0,19.0,20.0,20.0,20.0,19.0,19.0,18.0,16.0,16.0,14.0,12.0,12.0,8.0,9.0,4.0,6.0
2.8988,122.0,-96.0,7.0,0.0,0.0,0.0,0.0,0.0,0.0,0.0,0.0,0.0,-4.0,-9.0,-4.0,-10.0,-4.0,-10.0,-5.0,-10.0,-5.0,-10.0,-5.0,-10.0,-5.0,-10.0,-5.0,-10.0,-5.0,-11.0,-6.0,-10.0,-6.0,-10.0,-6.0,-11.0,-5.0,-10.0,-6.0,-11.0,-6.0,-11.0,-6.0,-11.0,-6.0,-11.0,-6.0,-10.0,-7.0,-10.0,-6.0,-11.0,-6.0,-11.0,-7.0,-11.0,-7.0,-10.0,-7.0,-11.0,-7.0,-10.0,-7.0,-11.0
2.9123,122.0,-96.0,7.0,0.0,0.0,0.0,0.0,0.0,0.0,0.0,0.0,0.0,-24.0,-11.0,-22.0,-10.0,-19.0,-9.0,-15.0,-8.0,-11.0,-7.0,-5.0,-6.0,0.0,-7.0,6.0,-7.0,11.0,-9.0,16.0,-10.0,20.0,-11.0,23.0,-13.0,25.0,-15.0,26.0,-17.0,26.0,-18.0,25.0,-19.0,22.0,-18.0,21.0,-16.0,17.0,-14.0,14.0,-11.0,11.0,-7.0,8.0,-2.0,5.0,4.0,2.0,9.0,0.0,14.0,-1.0,19.0
2.9257,122.0,-96.0,7.0,0.0,0.0,0.0,0.0,0.0,0.0,0.0,0.0,0.0,-1.0,-11.0,-1.0,-12.0,-1.0,-12.0,-1.0,-12.0,-1.0,-12.0,-1.0,-13.0,-1.0,-12.0,-2.0,-13.0,-1.0,-12.0,-2.0,-13.0,-2.0,-13.0,-2.0,-13.0,-2.0,-13.0,-2.0,-13.0,-2.0,-13.0,-2.0,-13.0,-3.0,-14.0,-3.0,-13.0,-3.0,-13.0,-3.0,-13.0,-3.0,-13.0,-3.0,-14.0,-3.0,-13.0,-4.0,-14.0,-3.0,-14.0,-4.0,-14.0
2.939,122.0,-96.0,7.0,0.0,0.0,0.0,0.0,0.0,0.0,0.0,0.0,0.0,6.0,8.0,5.0,7.0,5.0,7.0,6.0,8.0,6.0,8.0,6.0,7.0,6.0,8.0,6.0,7.0,7.0,7.0,6.0,8.0,7.0,8.0,6.0,8.0,7.0,7.0,7.0,8.0,8.0,8.0,8.0,8.0,7.0,7.0,8.0,8.0,8.0,8.0,8.0,8.0,8.0,8.0,8.0,8.0,9.0,8.0,8.0,8.0,8.0,8.0,9.0,8.0
2.9536,122.0,-96.0,7.0,0.0,0.0,0.0,0.0,0.0,0.0,0.0,0.0,0.0,8.0,-8.0,8.0,-8.0,8.0,-8.0,8.0,-8.0,8.0,-9.0,8.0,-8.0,9.0,-9.0,9.0,-8.0,8.0,-8.0,8.0,-9.0,9.0,-9.0,9.0,-9.0,9.0,-9.0,9.0,-9.0,8.0,-10.0,8.0,-9.0,8.0,-9.0,8.0,-10.0,9.0,-10.0,9.0,-10.0,9.0,-10.0,9.0,-10.0,8.0,-11.0,9.0,-10.0,9.0,-10.0,8.0,-11.0
2.9681,122.0,-96.0,7.0,0.0,0.0,0.0,0.0,0.0,0.0,0.0,0.0,0.0,-11.0,-20.0,-12.0,-21.0,-12.0,-21.0,-12.0,-20.0,-12.0,-19.0,-11.0,-17.0,-9.0,-15.0,-7.0,-12.0,-4.0,-9.0,0.0,-7.0,3.0,-4.0,8.0,-2.0,12.0,0.0,15.0,2.0,19.0,3.0,21.0,3.0,24.0,3.0,25.0,3.0,26.0,2.0,24.0,2.0,23.0,2.0,20.0,1.0,17.0,1.0,13.0,1.0,8.0,1.0,4.0,3.0
2.9831,122.0,-96.0,7.0,0.0,0.0,0.0,0.0,0.0,0.0,0.0,0.0,0.0,9.0,-7.0,13.0,-8.0,16.0,-10.0,19.0,-12.0,21.0,-13.0,22.0,-15.0,22.0,-16.0,22.0,-16.0,20.0,-16.0,18.0,-14.0,15.0,-12.0,12.0,-9.0,9.0,-6.0,7.0,-2.0,4.0,2.0,2.0,7.0,0.0,12.0,-1.0,17.0,-1.0,21.0,-2.0,24.0,-1.0,28.0,-1.0,29.0,0.0,29.0,2.0,28.0,2.0,27.0,3.0,24.0
2.9969,122.0,-96.0,7.0,0.0,0.0,0.0,0.0,0.0,0.0,0.0,0.0,0.0,12.0,-4.0,7.0,0.0,3.0,4.0,0.0,9.0,-3.0,14.0,-5.0,20.0,-6.0,24.0,-8.0,29.0,-7.0,32.0,-6.0,33.0,-6.0,34.0,-4.0,33.0,-3.0,31.0,-2.0,29.0,-2.0,24.0,-2.0,19.0,-3.0,14.0,-5.0,7.0,-8.0,1.0,-10.0,-4.0,-14.0,-10.0,-18.0,-14.0,-22.0,-18.0,-25.0,-20.0,-28.0,-21.0,-30.0,-21.0
3.0107,122.0,-96.0,7.0,0.0,0.0,0.0,0.0,0.0,0.0,0.0,0.0,0.0,23.0,4.0,25.0,3.0,26.0,3.0,25.0,3.0,24.0,2.0,21.0,2.0,19.0,1.0,15.0,2.0,10.0,2.0,5.0,4.0,0.0,5.0,-4.0,7.0,-9.0,9.0,-13.0,12.0,-16.0,14.0,-19.0,16.0,-20.0,18.0,-21.0,20.0,-20.0,21.0,-20.0,21.0,-18.0,20.0,-16.0,18.0,-14.0,16.0,-11.0,12.0,-9.0,7.0,-7.0,3.0
3.0243,122.0,-96.0,7.0,0.0,0.0,0.0,0.0,0.0,0.0,0.0,0.0,0.0,10.0,-8.0,6.0,-3.0,5.0,3.0,3.0,8.0,2.0,15.0,2.0,20.0,2.0,25.0,2.0,29.0,3.0,32.0,5.0,34.0,6.0,34.0,7.0,32.0,8.0,30.0,8.0,28.0,6.0,23.0,5.0,19.0,2.0,13.0,-2.0,9.0,-7.0,3.0,-11.0,-2.0,-16.0,-6.0,-21.0,-9.0,-26.0,-11.0,-30.0,-12.0,-33.0,-12.0,-35.0,-12.0
3.0399,122.0,-96.0,7.0,0.0,0.0,0.0,0.0,0.0,0.0,0.0,0.0,0.0,-10.0,-9.0,-4.0,-7.0,2.0,-6.0,7.0,-6.0,14.0,-6.0,19.0,-8.0,24.0,-9.0,27.0,-10.0,30.0,-12.0,31.0,-14.0,31.0,-15.0,30.0,-15.0,28.0,-15.0,25.0,-15.0,21.0,-13.0,17.0,-10.0,13.0,-6.0,9.0,-1.0,5.0,4.0,1.0,10.0,-1.0,16.0,-3.0,22.0,-3.0,27.0,-3.0,31.0,-3.0,34.0,-2.0,35.0
3.0544,122.0,-96.0,7.0,0.0,0.0,0.0,0.0,0.0,0.0,0.0,0.0,0.0,-27.0,-4.0,-29.0,-4.0,-29.0,-4.0,-29.0,-3.0,-27.0,-2.0,-25.0,-2.0,-22.0,-2.0,-17.0,-3.0,-13.0,-3.0,-7.0,-4.0,-2.0,-6.0,3.0,-9.0,8.0,-12.0,12.0,-14.0,16.0,-17.0,18.0,-19.0,21.0,-22.0,21.0,-23.0,21.0,-25.0,20.0,-24.0,19.0,-23.0,16.0,-21.0,13.0,-19.0,11.0,-15.0,8.0,-10.0,6.0,-5.0
3.0694,122.0,-96.0,7.0,0.0,0.0,0.0,0.0,0.0,0.0,0.0,0.0,0.0,10.0,-4.0,10.0,-4.0,10.0,-5.0,10.0,-5.0,10.0,-5.0,10.0,-5.0,10.0,-5.0,10.0,-6.0,10.0,-5.0,10.0,-6.0,11.0,-6.0,11.0,-5.0,11.0,-6.0,11.0,-6.0,11.0,-7.0,11.0,-6.0,12.0,-6.0,10.0,-6.0,11.0,-6.0,11.0,-7.0,11.0,-7.0,12.0,-7.0,11.0,-7.0,11.0,-7.0,11.0,-7.0,11.0,-7.0
3.0837,122.0,-96.0,7.0,0.0,0.0,0.0,0.0,0.0,0.0,0.0,0.0,0.0,-1.0,-14.0,-1.0,-18.0,0.0,-23.0,0.0,-25.0,-1.0,-29.0,-1.0,-30.0,-3.0,-31.0,-4.0,-30.0,-4.0,-28.0,-3.0,-26.0,-2.0,-21.0,-1.0,-17.0,0.0,-12.0,3.0,-7.0,5.0,-2.0,9.0,3.0,13.0,7.0,17.0,10.0,20.0,13.0,24.0,15.0,26.0,16.0,28.0,15.0,29.0,15.0,27.0,14.0,26.0,13.0,23.0,10.0
3.0967,122.0,-96.0,7.0,0.0,0.0,0.0,0.0,0.0,0.0,0.0,0.0,0.0,12.0,0.0,16.0,1.0,21.0,2.0,24.0,2.0,27.0,2.0,29.0,2.0,30.0,0.0,29.0,-1.0,28.0,-1.0,25.0,-1.0,21.0,0.0,17.0,0.0,13.0,1.0,8.0,2.0,2.0,5.0,-2.0,7.0,-7.0,11.0,-11.0,14.0,-15.0,18.0,-17.0,21.0,-18.0,24.0,-18.0,26.0,-18.0,27.0,-18.0,27.0,-16.0,27.0,-14.0,24.0
3.1114,122.0,-96.0,7.0,0.0,0.0,0.0,0.0,0.0,0.0,0.0,0.0,0.0,3.0,23.0,3.0,21.0,3.0,18.0,1.0,14.0,0.0,11.0,-2.0,6.0,-5.0,3.0,-8.0,-2.0,-11.0,-5.0,-15.0,-8.0,-17.0,-10.0,-20.0,-12.0,-23.0,-13.0,-25.0,-13.0,-26.0,-13.0,-26.0,-12.0,-25.0,-11.0,-23.0,-10.0,-20.0,-8.0,-17.0,-7.0,-12.0,-7.0,-7.0,-6.0,-2.0,-6.0,4.0,-6.0,9.0,-7.0,14.0,-9.0
3.1248,122.0,-96.0,7.0,0.0,0.0,0.0,0.0,0.0,0.0,0.0,0.0,0.0,-4.0,11.0,-5.0,14.0,-7.0,18.0,-8.0,20.0,-9.0,23.0,-9.0,25.0,-8.0,26.0,-7.0,26.0,-6.0,24.0,-6.0,22.0,-5.0,19.0,-5.0,14.0,-5.0,10.0,-5.0,5.0,-6.0,0.0,-7.0,-5.0,-9.0,-10.0,-11.0,-14.0,-13.0,-18.0,-15.0,-21.0,-17.0,-23.0,-18.0,-23.0,-19.0,-24.0,-20.0,-22.0,-19.0,-21.0,-18.0,-18.0
3.1404,122.0,-96.0,7.0,0.0,0.0,0.0,0.0,0.0,0.0,0.0,0.0,0.0,7.0,-9.0,11.0,-11.0,14.0,-13.0,17.0,-15.0,18.0,-18.0,19.0,-19.0,19.0,-20.0,18.0,-20.0,17.0,-20.0,15.0,-18.0,13.0,-15.0,11.0,-11.0,8.0,-8.0,7.0,-3.0,4.0,2.0,3.0,7.0,2.0,12.0,2.0,17.0,2.0,21.0,3.0,24.0,4.0,27.0,4.0,28.0,5.0,28.0,5.0,28.0,7.0,26.0,6.0,23.0
3.1556,122.0,-96.0,7.0,0.0,0.0,0.0,0.0,0.0,0.0,0.0,0.0,0.0,-6.0,-9.0,-6.0,-9.0,-6.0,-8.0,-6.0,-9.0,-7.0,-9.0,-7.0,-9.0,-7.0,-8.0,-7.0,-9.0,-8.0,-9.0,-8.0,-9.0,-8.0,-9.0,-8.0,-9.0,-8.0,-9.0,-8.0,-9.0,-9.0,-9.0,-8.0,-9.0,-8.0,-9.0,-9.0,-9.0,-9.0,-9.0,-9.0,-9.0,-9.0,-9.0,-9.0,-9.0,-10.0,-9.0,-9.0,-9.0,-9.0,-9.0,-9.0,-9.0
3.1687,122.0,-96.0,7.0,0.0,0.0,0.0,0.0,0.0,0.0,0.0,0.0,0.0,21.0,15.0,19.0,13.0,17.0,11.0,13.0,9.0,9.0,7.0,4.0,7.0,-2.0,5.0,-7.0,5.0,-13.0,5.0,-18.0,5.0,-22.0,5.0,-25.0,6.0,-28.0,7.0,-30.0,9.0,-31.0,10.0,-30.0,11.0,-28.0,11.0,-26.0,10.0,-22.0,9.0,-19.0,7.0,-15.0,4.0,-10.0,0.0,-5.0,-4.0,-2.0,-8.0,2.0,-13.0,4.0,-18.0
3.1828,122.0,-96.0,7.0,0.0,0.0,0.0,0.0,0.0,0.0,0.0,0.0,0.0,-9.0,6.0,-7.0,2.0,-5.0,-3.0,-4.0,-8.0,-3.0,-14.0,-3.0,-19.0,-3.0,-23.0,-3.0,-26.0,-4.0,-30.0,-5.0,-30.0,-7.0,-31.0,-7.0,-30.0,-8.0,-28.0,-9.0,-26.0,-7.0,-22.0,-5.0,-18.0,-2.0,-13.0,1.0,-8.0,5.0,-4.0,8.0,0.0,13.0,3.0,18.0,7.0,22.0,8.0,26.0,8.0,29.0,9.0,30.0,9.0
3.1884,98.0,33.0,22.0,0.0,0.0,0.0,0.0,0.0,0.0,0.0,0.0,0.0,11.0,-1.0,8.0,-6.0,6.0,-9.0,5.0,-14.0,3.0,-19.0,2.0,-21.0,2.0,-25.0,-1.0,-27.0,-2.0,-27.0,-1.0,-27.0,-2.0,-28.0,-5.0,-26.0,-5.0,-22.0,-6.0,-19.0,-8.0,-15.0,-7.0,-9.0,-5.0,-4.0,-4.0,2.0,-2.0,8.0,-1.0,14.0,1.0,19.0,4.0,26.0,7.0,30.0,8.0,32.0,9.0,36.0,11.0,37.0
3.2034,122.0,-96.0,7.0,0.0,0.0,0.0,0.0,0.0,0.0,0.0,0.0,0.0,-11.0,6.0,-11.0,6.0,-11.0,7.0,-12.0,7.0,-11.0,7.0,-11.0,7.0,-11.0,7.0,-11.0,8.0,-11.0,8.0,-12.0,7.0,-11.0,8.0,-11.0,7.0,-12.0,8.0,-12.0,8.0,-11.0,9.0,-11.0,8.0,-12.0,8.0,-11.0,9.0,-12.0,9.0,-12.0,9.0,-12.0,9.0,-11.0,9.0,-12.0,10.0,-12.0,9.0,-12.0,9.0,-11.0,10.0
3.2192,122.0,-96.0,7.0,0.0,0.0,0.0,0.0,0.0,0.0,0.0,0.0,0.0,0.0,-24.0,0.0,-22.0,0.0,-18.0,0.0,-15.0,1.0,-11.0,3.0,-6.0,5.0,-2.0,7.0,3.0,10.0,7.0,13.0,10.0,16.0,13.0,18.0,15.0,20.0,16.0,22.0,16.0,23.0,16.0,22.0,14.0,21.0,13.0,19.0,11.0,16.0,9.0,12.0,8.0,7.0,6.0,2.0,5.0,-3.0,5.0,-9.0,5.0,-14.0,5.0,-19.0,6.0
3.2352,122.0,-96.0,7.0,0.0,0.0,0.0,0.0,0.0,0.0,0.0,0.0,0.0,-9.0,-7.0,-10.0,-7.0,-9.0,-7.0,-10.0,-8.0,-10.0,-7.0,-10.0,-8.0,-10.0,-7.0,-10.0,-7.0,-11.0,-8.0,-11.0,-7.0,-11.0,-7.0,-11.0,-8.0,-11.0,-7.0,-11.0,-8.0,-12.0,-7.0,-11.0,-7.0,-12.0,-8.0,-12.0,-7.0,-12.0,-7.0,-12.0,-7.0,-12.0,-7.0,-12.0,-7.0,-12.0,-6.0,-12.0,-7.0,-12.0,-6.0,-12.0,-7.0
3.2507,122.0,-96.0,7.0,0.0,0.0,0.0,0.0,0.0,0.0,0.0,0.0,0.0,8.0,-8.0,12.0,-10.0,15.0,-12.0,17.0,-14.0,20.0,-16.0,20.0,-17.0,20.0,-19.0,19.0,-19.0,18.0,-18.0,16.0,-17.0,14.0,-13.0,12.0,-10.0,9.0,-7.0,6.0,-2.0,4.0,2.0,3.0,7.0,1.0,12.0,1.0,17.0,1.0,21.0,1.0,24.0,2.0,27.0,3.0,28.0,4.0,29.0,4.0,28.0,5.0,26.0,5.0,23.0
3.2632,122.0,-96.0,7.0,0.0,0.0,0.0,0.0,0.0,0.0,0.0,0.0,0.0,2.0,9.0,-1.0,6.0,-5.0,2.0,-9.0,-1.0,-14.0,-3.0,-19.0,-5.0,-23.0,-6.0,-27.0,-6.0,-29.0,-6.0,-30.0,-6.0,-31.0,-5.0,-30.0,-4.0,-28.0,-3.0,-26.0,-2.0,-21.0,-2.0,-17.0,-2.0,-12.0,-3.0,-6.0,-5.0,-1.0,-7.0,4.0,-10.0,9.0,-13.0,13.0,-16.0,16.0,-20.0,18.0,-23.0,18.0,-26.0,18.0,-26.0
3.2796,122.0,-96.0,7.0,0.0,0.0,0.0,0.0,0.0,0.0,0.0,0.0,0.0,-5.0,-10.0,-5.0,-10.0,-5.0,-10.0,-6.0,-11.0,-5.0,-11.0,-6.0,-11.0,-6.0,-11.0,-7.0,-11.0,-7.0,-11.0,-7.0,-11.0,-7.0,-11.0,-7.0,-11.0,-7.0,-11.0,-7.0,-11.0,-8.0,-11.0,-8.0,-11.0,-8.0,-12.0,-8.0,-11.0,-8.0,-11.0,-8.0,-12.0,-8.0,-11.0,-8.0,-11.0,-9.0,-11.0,-8.0,-11.0,-9.0,-11.0,-9.0,-11.0
3.2924,122.0,-96.0,7.0,0.0,0.0,0.0,0.0,0.0,0.0,0.0,0.0,0.0,1.0,26.0,2.0,28.0,2.0,29.0,2.0,28.0,3.0,26.0,2.0,24.0,2.0,20.0,0.0,16.0,-1.0,12.0,-4.0,7.0,-6.0,2.0,-9.0,-3.0,-13.0,-7.0,-16.0,-11.0,-20.0,-14.0,-22.0,-17.0,-25.0,-18.0,-26.0,-19.0,-27.0,-18.0,-27.0,-18.0,-26.0,-17.0,-24.0,-14.0,-21.0,-12.0,-16.0,-10.0,-11.0,-8.0,-6.0,-7.0
3.3078,122.0,-96.0,7.0,0.0,0.0,0.0,0.0,0.0,0.0,0.0,0.0,0.0,10.0,5.0,13.0,8.0,16.0,10.0,18.0,12.0,21.0,13.0,23.0,13.0,23.0,13.0,23.0,12.0,22.0,11.0,20.0,10.0,16.0,8.0,12.0,7.0,8.0,6.0,3.0,5.0,-2.0,5.0,-8.0,5.0,-13.0,6.0,-17.0,6.0,-21.0,8.0,-24.0,10.0,-26.0,12.0,-27.0,13.0,-27.0,13.0,-25.0,13.0,-23.0,13.0,-20.0,12.0
3.3216,122.0,-96.0,7.0,0.0,0.0,0.0,0.0,0.0,0.0,0.0,0.0,0.0,9.0,-2.0,6.0,1.0,2.0,4.0,-1.0,7.0,-5.0,11.0,-7.0,15.0,-8.0,18.0,-9.0,22.0,-10.0,24.0,-10.0,25.0,-10.0,26.0,-9.0,25.0,-8.0,24.0,-6.0,22.0,-5.0,19.0,-4.0,15.0,-4.0,10.0,-5.0,5.0,-6.0,0.0,-8.0,-5.0,-9.0,-10.0,-12.0,-14.0,-14.0,-17.0,-17.0,-20.0,-19.0,-21.0,-20.0,-22.0
3.3349,122.0,-96.0,7.0,0.0,0.0,0.0,0.0,0.0,0.0,0.0,0.0,0.0,9.0,5.0,9.0,5.0,10.0,5.0,9.0,5.0,10.0,5.0,10.0,5.0,10.0,5.0,10.0,5.0,10.0,5.0,11.0,5.0,10.0,5.0,10.0,5.0,11.0,5.0,11.0,5.0,11.0,5.0,11.0,5.0,11.0,5.0,11.0,5.0,12.0,5.0,11.0,5.0,11.0,5.0,11.0,5.0,12.0,5.0,12.0,4.0,12.0,4.0,12.0,4.0
3.3506,122.0,-96.0,7.0,0.0,0.0,0.0,0.0,0.0,0.0,0.0,0.0,0.0,-7.0,-8.0,-3.0,-6.0,2.0,-5.0,7.0,-4.0,12.0,-4.0,16.0,-4.0,19.0,-4.0,22.0,-5.0,25.0,-7.0,26.0,-8.0,26.0,-8.0,25.0,-9.0,23.0,-9.0,21.0,-9.0,17.0,-7.0,14.0,-6.0,10.0,-3.0,6.0,1.0,2.0,5.0,-1.0,9.0,-4.0,13.0,-5.0,18.0,-6.0,22.0,-6.0,25.0,-6.0,27.0,-6.0,28.0
3.3645,78.0,-32.0,4.0,0.0,0.0,0.0,0.0,0.0,0.0,0.0,0.0,0.0,6.0,8.0,6.0,8.0,7.0,8.0,7.0,8.0,7.0,8.0,7.0,8.0,7.0,8.0,8.0,9.0,8.0,9.0,8.0,8.0,8.0,9.0,8.0,9.0,8.0,9.0,8.0,9.0,8.0,9.0,8.0,8.0,8.0,9.0,9.0,9.0,9.0,8.0,9.0,9.0,9.0,9.0,9.0,9.0,10.0,8.0,9.0,8.0,9.0,9.0,10.0,8.0
3.3808,122.0,-96.0,7.0,0.0,0.0,0.0,0.0,0.0,0.0,0.0,0.0,0.0,-11.0,-3.0,-11.0,-3.0,-11.0,-3.0,-11.0,-3.0,-12.0,-3.0,-13.0,-3.0,-12.0,-3.0,-12.0,-3.0,-12.0,-3.0,-12.0,-3.0,-13.0,-3.0,-13.0,-3.0,-13.0,-3.0,-13.0,-3.0,-13.0,-2.0,-13.0,-2.0,-13.0,-3.0,-13.0,-2.0,-14.0,-2.0,-14.0,-2.0,-14.0,-2.0,-14.0,-2.0,-14.0,-2.0,-14.0,-1.0,-14.0,-2.0,-14.0,-1.0
3.3953,102.0,96.0,6.0,0.0,0.0,0.0,0.0,0.0,0.0,0.0,0.0,0.0,1.0,-24.0,1.0,-22.0,1.0,-19.0,1.0,-15.0,2.0,-11.0,3.0,-6.0,5.0,-2.0,7.0,3.0,9.0,7.0,12.0,11.0,14.0,13.0,17.0,15.0,19.0,17.0,21.0,17.0,22.0,17.0,22.0,16.0,21.0,14.0,19.0,13.0,16.0,11.0,13.0,9.0,8.0,7.0,3.0,6.0,-3.0,5.0,-7.0,4.0,-13.0,4.0,-17.0,5.0
3.4084,98.0,32.0,6.0,0.0,0.0,0.0,0.0,0.0,0.0,0.0,0.0,0.0,-9.0,7.0,-13.0,9.0,-16.0,11.0,-19.0,13.0,-20.0,15.0,-21.0,17.0,-21.0,17.0,-21.0,18.0,-19.0,17.0,-17.0,15.0,-15.0,13.0,-12.0,9.0,-10.0,6.0,-7.0,2.0,-5.0,-3.0,-4.0,-8.0,-3.0,-14.0,-2.0,-18.0,-2.0,-22.0,-3.0,-25.0,-4.0,-28.0,-4.0,-29.0,-4.0,-30.0,-5.0,-29.0,-6.0,-27.0,-6.0,-25.0
3.4222,122.0,-96.0,7.0,0.0,0.0,0.0,0.0,0.0,0.0,0.0,0.0,0.0,-19.0,11.0,-20.0,12.0,-20.0,13.0,-19.0,13.0,-18.0,13.0,-16.0,12.0,-14.0,10.0,-12.0,7.0,-9.0,5.0,-7.0,0.0,-4.0,-3.0,-3.0,-7.0,-1.0,-12.0,0.0,-16.0,1.0,-19.0,1.0,-22.0,1.0,-25.0,1.0,-26.0,0.0,-27.0,-1.0,-26.0,-1.0,-25.0,-1.0,-22.0,-1.0,-19.0,-1.0,-15.0,0.0,-11.0,2.0,-7.0
3.4359,98.0,32.0,6.0,0.0,0.0,0.0,0.0,0.0,0.0,0.0,0.0,0.0,4.0,23.0,4.0,21.0,3.0,18.0,2.0,14.0,0.0,10.0,-2.0,6.0,-5.0,2.0,-8.0,-1.0,-12.0,-4.0,-15.0,-7.0,-18.0,-10.0,-21.0,-11.0,-24.0,-12.0,-26.0,-12.0,-27.0,-12.0,-26.0,-11.0,-26.0,-10.0,-23.0,-8.0,-21.0,-7.0,-17.0,-6.0,-12.0,-6.0,-7.0,-5.0,-2.0,-6.0,3.0,-7.0,8.0,-7.0,13.0,-10.0
3.4497,122.0,-96.0,7.0,0.0,0.0,0.0,0.0,0.0,0.0,0.0,0.0,0.0,17.0,-21.0,17.0,-24.0,17.0,-24.0,16.0,-24.0,15.0,-23.0,13.0,-21.0,11.0,-18.0,10.0,-14.0,8.0,-10.0,6.0,-4.0,5.0,1.0,4.0,7.0,4.0,13.0,4.0,18.0,5.0,23.0,6.0,26.0,7.0,28.0,7.0,30.0,9.0,31.0,9.0,30.0,8.0,28.0,8.0,25.0,7.0,21.0,5.0,17.0,2.0,12.0,-1.0,7.0
3.4619,122.0,-96.0,7.0,0.0,0.0,0.0,0.0,0.0,0.0,0.0,0.0,0.0,7.0,7.0,2.0,6.0,-3.0,4.0,-8.0,4.0,-13.0,3.0,-18.0,4.0,-22.0,5.0,-26.0,6.0,-28.0,8.0,-29.0,9.0,-30.0,10.0,-28.0,10.0,-27.0,10.0,-24.0,11.0,-21.0,9.0,-16.0,7.0,-13.0,3.0,-9.0,-1.0,-5.0,-5.0,-2.0,-10.0,1.0,-15.0,3.0,-20.0,4.0,-24.0,4.0,-28.0,4.0,-31.0,4.0,-32.0
3.476,122.0,-96.0,7.0,0.0,0.0,0.0,0.0,0.0,0.0,0.0,0.0,0.0,26.0,2.0,28.0,1.0,29.0,1.0,29.0,0.0,26.0,0.0,25.0,-1.0,21.0,-1.0,17.0,0.0,13.0,1.0,8.0,3.0,3.0,5.0,-3.0,8.0,-7.0,11.0,-12.0,13.0,-16.0,17.0,-17.0,19.0,-20.0,22.0,-21.0,23.0,-21.0,25.0,-20.0,25.0,-19.0,24.0,-17.0,22.0,-14.0,19.0,-12.0,16.0,-9.0,11.0,-8.0,6.0
3.4918,122.0,-96.0,7.0,0.0,0.0,0.0,0.0,0.0,0.0,0.0,0.0,0.0,-9.0,-7.0,-10.0,-7.0,-10.0,-6.0,-10.0,-7.0,-10.0,-6.0,-11.0,-7.0,-11.0,-7.0,-11.0,-7.0,-11.0,-7.0,-11.0,-7.0,-11.0,-7.0,-11.0,-7.0,-11.0,-7.0,-11.0,-7.0,-12.0,-7.0,-11.0,-7.0,-11.0,-7.0,-12.0,-7.0,-12.0,-7.0,-12.0,-7.0,-12.0,-7.0,-12.0,-7.0,-12.0,-7.0,-12.0,-6.0,-12.0,-7.0,-13.0,-7.0
3.5053,122.0,-96.0,7.0,0.0,0.0,0.0,0.0,0.0,0.0,0.0,0.0,0.0,16.0,-22.0,16.0,-24.0,16.0,-25.0,15.0,-25.0,13.0,-24.0,12.0,-22.0,11.0,-19.0,9.0,-15.0,7.0,-10.0,7.0,-4.0,5.0,1.0,5.0,7.0,5.0,13.0,5.0,17.0,6.0,22.0,7.0,25.0,8.0,28.0,9.0,30.0,10.0,30.0,11.0,29.0,10.0,28.0,10.0,24.0,8.0,21.0,6.0,17.0,3.0,12.0,0.0,8.0
3.5201,122.0,-96.0,7.0,0.0,0.0,0.0,0.0,0.0,0.0,0.0,0.0,0.0,1.0,-13.0,3.0,-7.0,6.0,-2.0,9.0,3.0,12.0,8.0,16.0,12.0,20.0,15.0,23.0,18.0,26.0,19.0,28.0,19.0,28.0,19.0,28.0,17.0,27.0,16.0,26.0,13.0,21.0,11.0,17.0,9.0,11.0,8.0,5.0,7.0,-2.0,7.0,-8.0,6.0,-15.0,7.0,-21.0,9.0,-26.0,11.0,-29.0,13.0,-31.0,15.0,-32.0,17.0
3.5336,122.0,-96.0,7.0,0.0,0.0,0.0,0.0,0.0,0.0,0.0,0.0,0.0,9.0,-9.0,7.0,-4.0,5.0,2.0,4.0,7.0,3.0,14.0,3.0,20.0,3.0,24.0,3.0,28.0,5.0,32.0,6.0,33.0,7.0,33.0,8.0,33.0,8.0,31.0,9.0,28.0,7.0,25.0,6.0,19.0,3.0,15.0,-1.0,10.0,-5.0,5.0,-10.0,1.0,-15.0,-4.0,-20.0,-7.0,-25.0,-9.0,-29.0,-11.0,-32.0,-11.0,-35.0,-11.0
3.5474,122.0,-96.0,7.0,0.0,0.0,0.0,0.0,0.0,0.0,0.0,0.0,0.0,-11.0,-2.0,-7.0,-4.0,-1.0,-6.0,3.0,-8.0,7.0,-11.0,11.0,-15.0,13.0,-18.0,15.0,-21.0,16.0,-24.0,17.0,-25.0,16.0,-26.0,15.0,-26.0,14.0,-25.0,12.0,-24.0,10.0,-20.0,8.0,-16.0,7.0,-11.0,6.0,-5.0,6.0,1.0,6.0,7.0,7.0,12.0,8.0,17.0,10.0,21.0,12.0,25.0,13.0,26.0,15.0,28.0
3.5513,98.0,33.0,22.0,0.0,0.0,0.0,0.0,0.0,0.0,0.0,0.0,0.0,-8.0,17.0,-5.0,17.0,-5.0,13.0,-3.0,7.0,3.0,6.0,4.0,4.0,8.0,4.0,11.0,0.0,13.0,-3.0,17.0,-4.0,17.0,-7.0,19.0,-9.0,20.0,-10.0,19.0,-12.0,17.0,-14.0,16.0,-14.0,14.0,-14.0,11.0,-13.0,9.0,-10.0,5.0,-7.0,1.0,-5.0,-3.0,0.0,-8.0,3.0,-11.0,9.0,-15.0,11.0,-18.0,16.0
3.5662,122.0,-96.0,7.0,0.0,0.0,0.0,0.0,0.0,0.0,0.0,0.0,0.0,18.0,-11.0,19.0,-13.0,19.0,-13.0,19.0,-13.0,17.0,-13.0,16.0,-12.0,14.0,-11.0,11.0,-8.0,8.0,-5.0,6.0,-1.0,3.0,2.0,1.0,7.0,-1.0,11.0,-2.0,14.0,-3.0,18.0,-3.0,21.0,-3.0,23.0,-4.0,25.0,-3.0,26.0,-2.0,25.0,-2.0,24.0,-1.0,21.0,-1.0,18.0,-1.0,14.0,-2.0,9.0,-3.0,5.0
3.581,122.0,-96.0,7.0,0.0,0.0,0.0,0.0,0.0,0.0,0.0,0.0,0.0,-7.0,23.0,-6.0,25.0,-6.0,25.0,-5.0,25.0,-4.0,23.0,-4.0,21.0,-3.0,18.0,-4.0,14.0,-4.0,10.0,-5.0,4.0,-6.0,-1.0,-8.0,-5.0,-10.0,-10.0,-12.0,-14.0,-15.0,-17.0,-17.0,-20.0,-18.0,-21.0,-19.0,-22.0,-20.0,-21.0,-21.0,-20.0,-19.0,-19.0,-18.0,-16.0,-15.0,-14.0,-11.0,-11.0,-7.0,-8.0,-2.0,-7.0
3.5986,122.0,-96.0,7.0,0.0,0.0,0.0,0.0,0.0,0.0,0.0,0.0,0.0,-4.0,-24.0,-5.0,-22.0,-4.0,-18.0,-3.0,-15.0,-1.0,-11.0,2.0,-7.0,4.0,-3.0,8.0,1.0,11.0,4.0,14.0,7.0,17.0,9.0,20.0,11.0,23.0,12.0,25.0,11.0,26.0,11.0,25.0,10.0,24.0,9.0,21.0,8.0,19.0,6.0,14.0,5.0,10.0,5.0,5.0,5.0,-1.0,5.0,-6.0,6.0,-11.0,7.0,-16.0,9.0
3.6115,122.0,-96.0,7.0,0.0,0.0,0.0,0.0,0.0,0.0,0.0,0.0,0.0,6.0,-11.0,6.0,-12.0,5.0,-12.0,6.0,-12.0,6.0,-12.0,6.0,-12.0,6.0,-12.0,5.0,-13.0,6.0,-12.0,6.0,-13.0,6.0,-13.0,6.0,-13.0,6.0,-13.0,6.0,-13.0,6.0,-13.0,6.0,-14.0,5.0,-13.0,5.0,-14.0,6.0,-14.0,5.0,-14.0,6.0,-14.0,5.0,-14.0,5.0,-15.0,5.0,-14.0,5.0,-15.0,5.0,-15.0
3.6265,122.0,-96.0,7.0,0.0,0.0,0.0,0.0,0.0,0.0,0.0,0.0,0.0,-24.0,-1.0,-22.0,-1.0,-19.0,-1.0,-15.0,-1.0,-11.0,-2.0,-7.0,-4.0,-3.0,-6.0,2.0,-8.0,6.0,-11.0,9.0,-13.0,12.0,-15.0,15.0,-18.0,16.0,-21.0,16.0,-23.0,16.0,-24.0,15.0,-24.0,14.0,-23.0,13.0,-21.0,10.0,-19.0,9.0,-15.0,8.0,-11.0,6.0,-5.0,5.0,0.0,4.0,5.0,4.0,10.0,5.0,15.0
3.6404,122.0,-96.0,7.0,0.0,0.0,0.0,0.0,0.0,0.0,0.0,0.0,0.0,14.0,-1.0,13.0,-2.0,14.0,-1.0,14.0,-2.0,14.0,-1.0,14.0,-2.0,15.0,-2.0,15.0,-2.0,15.0,-2.0,15.0,-2.0,15.0,-2.0,15.0,-2.0,15.0,-2.0,16.0,-3.0,15.0,-3.0,16.0,-3.0,16.0,-3.0,16.0,-3.0,16.0,-3.0,16.0,-3.0,16.0,-3.0,16.0,-3.0,16.0,-3.0,16.0,-4.0,16.0,-4.0,17.0,-4.0
3.6539,122.0,-96.0,7.0,0.0,0.0,0.0,0.0,0.0,0.0,0.0,0.0,0.0,1.0,11.0,1.0,15.0,1.0,19.0,1.0,22.0,1.0,24.0,2.0,26.0,3.0,26.0,4.0,26.0,4.0,25.0,4.0,22.0,3.0,19.0,1.0,15.0,0.0,11.0,-3.0,7.0,-5.0,2.0,-9.0,-2.0,-12.0,-6.0,-16.0,-9.0,-20.0,-11.0,-23.0,-12.0,-25.0,-13.0,-27.0,-13.0,-28.0,-13.0,-27.0,-12.0,-26.0,-10.0,-24.0,-9.0
3.6593,-120.0,-126.0,40.0,0.0,0.0,0.0,0.0,0.0,0.0,0.0,0.0,0.0,2.0,-12.0,-2.0,-10.0,-7.0,-10.0,-11.0,-9.0,-17.0,-9.0,-20.0,-8.0,-24.0,-8.0,-25.0,-7.0,-27.0,-6.0,-28.0,-7.0,-27.0,-6.0,-25.0,-3.0,-22.0,-2.0,-20.0,-1.0,-16.0,1.0,-12.0,3.0,-5.0,3.0,0.0,4.0,7.0,3.0,12.0,3.0,19.0,4.0,24.0,3.0,31.0,3.0,33.0,3.0,38.0,2.0,38.0,-1.0
3.672,122.0,-96.0,7.0,0.0,0.0,0.0,0.0,0.0,0.0,0.0,0.0,0.0,9.0,-9.0,8.0,-9.0,8.0,-9.0,9.0,-10.0,9.0,-9.0,9.0,-10.0,9.0,-10.0,9.0,-10.0,9.0,-11.0,9.0,-10.0,9.0,-10.0,9.0,-11.0,9.0,-11.0,9.0,-11.0,9.0,-11.0,9.0,-11.0,9.0,-11.0,9.0,-12.0,9.0,-12.0,9.0,-12.0,9.0,-12.0,9.0,-12.0,9.0,-13.0,9.0,-12.0,9.0,-12.0,9.0,-13.0
3.6866,122.0,-96.0,7.0,0.0,0.0,0.0,0.0,0.0,0.0,0.0,0.0,0.0,1.0,-11.0,3.0,-6.0,5.0,-1.0,8.0,3.0,11.0,8.0,15.0,11.0,17.0,14.0,21.0,16.0,23.0,17.0,25.0,17.0,25.0,16.0,25.0,15.0,24.0,13.0,22.0,11.0,18.0,10.0,14.0,8.0,8.0,7.0,3.0,6.0,-3.0,6.0,-9.0,6.0,-15.0,7.0,-19.0,8.0,-24.0,11.0,-26.0,12.0,-28.0,14.0,-28.0,15.0
3.7004,122.0,-96.0,7.0,0.0,0.0,0.0,0.0,0.0,0.0,0.0,0.0,0.0,17.0,19.0,15.0,17.0,13.0,15.0,10.0,12.0,6.0,9.0,1.0,7.0,-4.0,5.0,-9.0,3.0,-15.0,1.0,-19.0,1.0,-23.0,1.0,-27.0,1.0,-30.0,2.0,-31.0,3.0,-32.0,4.0,-31.0,4.0,-29.0,4.0,-26.0,4.0,-22.0,4.0,-18.0,2.0,-13.0,0.0,-8.0,-3.0,-3.0,-7.0,1.0,-10.0,6.0,-14.0,9.0,-18.0
3.7145,122.0,-96.0,7.0,0.0,0.0,0.0,0.0,0.0,0.0,0.0,0.0,0.0,-6.0,-11.0,-8.0,-15.0,-9.0,-18.0,-10.0,-21.0,-11.0,-23.0,-13.0,-24.0,-14.0,-24.0,-14.0,-23.0,-14.0,-22.0,-12.0,-19.0,-10.0,-17.0,-7.0,-13.0,-4.0,-11.0,0.0,-7.0,4.0,-4.0,9.0,-2.0,14.0,0.0,18.0,2.0,22.0,3.0,25.0,3.0,28.0,3.0,29.0,2.0,29.0,2.0,28.0,1.0,26.0,0.0,23.0,-1.0
3.7281,122.0,-96.0,7.0,0.0,0.0,0.0,0.0,0.0,0.0,0.0,0.0,0.0,2.0,-11.0,2.0,-12.0,2.0,-12.0,2.0,-12.0,1.0,-12.0,2.0,-12.0,1.0,-12.0,1.0,-13.0,1.0,-13.0,2.0,-13.0,1.0,-13.0,2.0,-13.0,1.0,-13.0,1.0,-13.0,1.0,-13.0,1.0,-13.0,1.0,-14.0,1.0,-13.0,1.0,-14.0,1.0,-14.0,1.0,-14.0,1.0,-14.0,1.0,-14.0,1.0,-14.0,1.0,-14.0,1.0,-14.0
3.7435,122.0,-96.0,7.0,0.0,0.0,0.0,0.0,0.0,0.0,0.0,0.0,0.0,-4.0,-12.0,-4.0,-13.0,-4.0,-13.0,-4.0,-13.0,-4.0,-13.0,-5.0,-13.0,-4.0,-13.0,-5.0,-13.0,-5.0,-13.0,-5.0,-13.0,-5.0,-13.0,-5.0,-14.0,-5.0,-14.0,-5.0,-14.0,-6.0,-14.0,-6.0,-14.0,-6.0,-15.0,-6.0,-14.0,-6.0,-14.0,-6.0,-14.0,-6.0,-14.0,-6.0,-14.0,-7.0,-14.0,-7.0,-14.0,-7.0,-14.0,-7.0,-15.0
3.7569,122.0,-96.0,7.0,0.0,0.0,0.0,0.0,0.0,0.0,0.0,0.0,0.0,9.0,-24.0,9.0,-22.0,7.0,-19.0,6.0,-15.0,5.0,-10.0,5.0,-5.0,6.0,1.0,6.0,7.0,8.0,12.0,9.0,16.0,10.0,20.0,12.0,23.0,14.0,25.0,16.0,26.0,17.0,26.0,17.0,24.0,17.0,22.0,15.0,20.0,12.0,17.0,8.0,13.0,5.0,9.0,-1.0,7.0,-6.0,4.0,-11.0,1.0,-16.0,-1.0,-22.0,-2.0
3.7618,98.0,33.0,22.0,0.0,0.0,0.0,0.0,0.0,0.0,0.0,0.0,0.0,-13.0,17.0,-9.0,14.0,-4.0,8.0,-3.0,11.0,-2.0,8.0,0.0,4.0,7.0,3.0,11.0,2.0,15.0,0.0,16.0,-2.0,19.0,-4.0,20.0,-6.0,20.0,-7.0,20.0,-9.0,20.0,-10.0,19.0,-11.0,17.0,-11.0,14.0,-11.0,10.0,-9.0,6.0,-7.0,2.0,-4.0,-3.0,-1.0,-7.0,2.0,-11.0,6.0,-16.0,10.0,-19.0,14.0
3.7767,122.0,-96.0,7.0,0.0,0.0,0.0,0.0,0.0,0.0,0.0,0.0,0.0,21.0,-5.0,22.0,-6.0,22.0,-7.0,22.0,-7.0,20.0,-7.0,18.0,-7.0,16.0,-6.0,13.0,-4.0,9.0,-2.0,6.0,1.0,2.0,4.0,-1.0,7.0,-3.0,11.0,-6.0,14.0,-7.0,17.0,-8.0,20.0,-9.0,22.0,-10.0,23.0,-9.0,24.0,-8.0,24.0,-8.0,23.0,-6.0,20.0,-5.0,17.0,-4.0,14.0,-4.0,9.0,-4.0,5.0
3.7911,122.0,-96.0,7.0,0.0,0.0,0.0,0.0,0.0,0.0,0.0,0.0,0.0,17.0,11.0,19.0,12.0,20.0,12.0,19.0,11.0,18.0,10.0,17.0,9.0,14.0,8.0,11.0,7.0,7.0,6.0,3.0,5.0,-2.0,4.0,-6.0,5.0,-11.0,5.0,-15.0,5.0,-19.0,6.0,-21.0,6.0,-23.0,8.0,-24.0,8.0,-25.0,9.0,-24.0,10.0,-23.0,9.0,-20.0,8.0,-17.0,8.0,-14.0,6.0,-10.0,3.0,-7.0,0.0
3.8053,122.0,-96.0,7.0,0.0,0.0,0.0,0.0,0.0,0.0,0.0,0.0,0.0,1.0,-10.0,2.0,-6.0,5.0,-2.0,7.0,2.0,10.0,6.0,13.0,10.0,16.0,12.0,18.0,14.0,21.0,15.0,22.0,15.0,23.0,14.0,23.0,13.0,22.0,11.0,21.0,10.0,17.0,8.0,13.0,7.0,9.0,6.0,4.0,6.0,-2.0,5.0,-7.0,5.0,-12.0,6.0,-16.0,8.0,-20.0,10.0,-23.0,12.0,-24.0,13.0,-25.0,14.0
3.8189,122.0,-96.0,7.0,0.0,0.0,0.0,0.0,0.0,0.0,0.0,0.0,0.0,-2.0,-14.0,-2.0,-18.0,-2.0,-22.0,-2.0,-26.0,-2.0,-28.0,-4.0,-30.0,-4.0,-31.0,-5.0,-30.0,-5.0,-29.0,-5.0,-25.0,-3.0,-21.0,-2.0,-18.0,-1.0,-13.0,2.0,-8.0,5.0,-3.0,9.0,1.0,13.0,5.0,16.0,9.0,21.0,11.0,24.0,13.0,27.0,14.0,28.0,14.0,29.0,13.0,29.0,12.0,28.0,11.0,25.0,9.0
3.834,122.0,-96.0,7.0,0.0,0.0,0.0,0.0,0.0,0.0,0.0,0.0,0.0,11.0,0.0,15.0,1.0,19.0,2.0,22.0,2.0,24.0,2.0,26.0,2.0,27.0,1.0,26.0,0.0,25.0,0.0,22.0,0.0,19.0,0.0,15.0,1.0,11.0,1.0,6.0,3.0,1.0,5.0,-3.0,7.0,-8.0,10.0,-12.0,13.0,-15.0,16.0,-17.0,19.0,-18.0,21.0,-19.0,22.0,-18.0,23.0,-17.0,23.0,-15.0,23.0,-13.0,20.0
3.8475,122.0,-96.0,7.0,0.0,0.0,0.0,0.0,0.0,0.0,0.0,0.0,0.0,-11.0,3.0,-11.0,3.0,-11.0,3.0,-12.0,3.0,-12.0,3.0,-12.0,3.0,-12.0,4.0,-12.0,4.0,-12.0,3.0,-12.0,4.0,-13.0,4.0,-13.0,3.0,-13.0,4.0,-13.0,4.0,-12.0,4.0,-12.0,4.0,-13.0,4.0,-13.0,5.0,-13.0,5.0,-13.0,5.0,-13.0,5.0,-13.0,5.0,-13.0,6.0,-13.0,5.0,-13.0,5.0,-13.0,6.0
3.8629,122.0,-96.0,7.0,0.0,0.0,0.0,0.0,0.0,0.0,0.0,0.0,0.0,9.0,9.0,11.0,13.0,14.0,16.0,16.0,18.0,18.0,20.0,20.0,21.0,21.0,21.0,21.0,20.0,20.0,19.0,18.0,16.0,15.0,14.0,12.0,12.0,8.0,9.0,2.0,7.0,-3.0,5.0,-9.0,4.0,-15.0,3.0,-20.0,2.0,-25.0,3.0,-28.0,4.0,-31.0,5.0,-32.0,6.0,-32.0,7.0,-31.0,8.0,-29.0,8.0,-26.0,7.0
3.8789,122.0,-96.0,7.0,0.0,0.0,0.0,0.0,0.0,0.0,0.0,0.0,0.0,-3.0,10.0,-3.0,10.0,-4.0,11.0,-4.0,10.0,-3.0,11.0,-3.0,11.0,-3.0,12.0,-3.0,12.0,-4.0,12.0,-3.0,12.0,-3.0,12.0,-3.0,12.0,-3.0,12.0,-3.0,12.0,-3.0,12.0,-3.0,13.0,-3.0,12.0,-3.0,13.0,-3.0,13.0,-3.0,13.0,-3.0,13.0,-3.0,13.0,-2.0,13.0,-2.0,13.0,-3.0,13.0,-2.0,13.0
3.8923,122.0,-96.0,7.0,0.0,0.0,0.0,0.0,0.0,0.0,0.0,0.0,0.0,9.0,-14.0,9.0,-14.0,9.0,-14.0,9.0,-14.0,9.0,-15.0,9.0,-15.0,9.0,-15.0,9.0,-15.0,10.0,-16.0,10.0,-16.0,9.0,-15.0,9.0,-16.0,10.0,-16.0,9.0,-16.0,9.0,-16.0,10.0,-16.0,10.0,-16.0,10.0,-16.0,9.0,-16.0,10.0,-16.0,10.0,-16.0,10.0,-16.0,10.0,-17.0,9.0,-17.0,9.0,-16.0,9.0,-17.0
3.9001,98.0,33.0,22.0,0.0,0.0,0.0,0.0,0.0,0.0,0.0,0.0,0.0,4.0,-12.0,0.0,-11.0,-5.0,-12.0,-10.0,-10.0,-17.0,-11.0,-21.0,-12.0,-27.0,-10.0,-30.0,-11.0,-29.0,-11.0,-30.0,-9.0,-30.0,-6.0,-27.0,-4.0,-28.0,-2.0,-21.0,-2.0,-18.0,0.0,-14.0,3.0,-7.0,4.0,0.0,5.0,7.0,3.0,14.0,2.0,22.0,1.0,27.0,0.0,33.0,-4.0,37.0,-4.0,40.0,-6.0,42.0,-6.0
3.913,122.0,-96.0,7.0,0.0,0.0,0.0,0.0,0.0,0.0,0.0,0.0,0.0,-12.0,-16.0,-12.0,-16.0,-12.0,-16.0,-12.0,-16.0,-12.0,-16.0,-13.0,-16.0,-13.0,-16.0,-13.0,-16.0,-14.0,-16.0,-13.0,-17.0,-13.0,-16.0,-13.0,-16.0,-14.0,-16.0,-14.0,-16.0,-14.0,-16.0,-14.0,-16.0,-14.0,-17.0,-14.0,-16.0,-14.0,-16.0,-15.0,-16.0,-15.0,-17.0,-15.0,-16.0,-15.0,-16.0,-15.0,-16.0,-14.0,-16.0,-15.0,-16.0
3.9266,122.0,-96.0,7.0,0.0,0.0,0.0,0.0,0.0,0.0,0.0,0.0,0.0,5.0,11.0,6.0,15.0,8.0,20.0,9.0,23.0,10.0,25.0,12.0,27.0,13.0,27.0,13.0,26.0,13.0,24.0,11.0,22.0,9.0,18.0,6.0,15.0,4.0,11.0,-1.0,8.0,-5.0,4.0,-10.0,1.0,-15.0,-1.0,-20.0,-3.0,-24.0,-4.0,-28.0,-5.0,-31.0,-5.0,-32.0,-4.0,-34.0,-4.0,-32.0,-3.0,-31.0,-1.0,-27.0,-1.0
3.9419,122.0,-96.0,7.0,0.0,0.0,0.0,0.0,0.0,0.0,0.0,0.0,0.0,-16.0,-18.0,-14.0,-17.0,-12.0,-14.0,-9.0,-12.0,-6.0,-9.0,-2.0,-7.0,3.0,-5.0,7.0,-4.0,12.0,-3.0,16.0,-2.0,20.0,-2.0,23.0,-2.0,26.0,-3.0,27.0,-4.0,28.0,-5.0,27.0,-6.0,25.0,-6.0,22.0,-5.0,19.0,-5.0,15.0,-3.0,11.0,-1.0,6.0,1.0,2.0,5.0,-2.0,8.0,-6.0,11.0,-8.0,16.0
3.9574,122.0,-96.0,7.0,0.0,0.0,0.0,0.0,0.0,0.0,0.0,0.0,0.0,-10.0,-8.0,-10.0,-8.0,-11.0,-8.0,-11.0,-9.0,-11.0,-8.0,-11.0,-8.0,-12.0,-8.0,-12.0,-9.0,-12.0,-8.0,-12.0,-9.0,-12.0,-9.0,-12.0,-9.0,-12.0,-9.0,-12.0,-9.0,-13.0,-9.0,-12.0,-9.0,-12.0,-9.0,-13.0,-9.0,-13.0,-9.0,-13.0,-9.0,-13.0,-9.0,-13.0,-8.0,-14.0,-9.0,-14.0,-9.0,-13.0,-9.0,-14.0,-9.0
3.9702,122.0,-96.0,7.0,0.0,0.0,0.0,0.0,0.0,0.0,0.0,0.0,0.0,-15.0,-22.0,-17.0,-23.0,-18.0,-24.0,-18.0,-23.0,-18.0,-21.0,-16.0,-20.0,-14.0,-17.0,-11.0,-15.0,-7.0,-11.0,-3.0,-9.0,2.0,-6.0,8.0,-4.0,13.0,-3.0,18.0,-1.0,22.0,0.0,26.0,0.0,29.0,-1.0,31.0,-1.0,32.0,-2.0,31.0,-3.0,30.0,-3.0,27.0,-3.0,24.0,-3.0,19.0,-3.0,14.0,-1.0,9.0,1.0
3.9833,122.0,-96.0,7.0,0.0,0.0,0.0,0.0,0.0,0.0,0.0,0.0,0.0,10.0,4.0,5.0,4.0,0.0,5.0,-5.0,7.0,-10.0,9.0,-14.0,11.0,-18.0,13.0,-20.0,16.0,-22.0,18.0,-23.0,20.0,-22.0,21.0,-21.0,21.0,-20.0,21.0,-17.0,20.0,-15.0,17.0,-13.0,13.0,-10.0,9.0,-8.0,4.0,-7.0,-2.0,-6.0,-7.0,-5.0,-13.0,-5.0,-18.0,-7.0,-23.0,-8.0,-26.0,-9.0,-29.0,-10.0,-30.0
3.9956,122.0,-96.0,7.0,0.0,0.0,0.0,0.0,0.0,0.0,0.0,0.0,0.0,7.0,8.0,2.0,6.0,-3.0,5.0,-7.0,4.0,-13.0,4.0,-18.0,4.0,-22.0,5.0,-26.0,6.0,-28.0,7.0,-29.0,9.0,-29.0,10.0,-29.0,11.0,-27.0,11.0,-25.0,11.0,-21.0,9.0,-17.0,6.0,-14.0,4.0,-9.0,0.0,-6.0,-5.0,-2.0,-8.0,0.0,-14.0,2.0,-19.0,3.0,-23.0,3.0,-27.0,3.0,-30.0,3.0,-32.0
4.0092,122.0,-96.0,7.0,0.0,0.0,0.0,0.0,0.0,0.0,0.0,0.0,0.0,15.0,-18.0,13.0,-16.0,11.0,-14.0,9.0,-11.0,8.0,-7.0,6.0,-3.0,5.0,2.0,4.0,7.0,4.0,12.0,4.0,16.0,4.0,20.0,5.0,22.0,6.0,25.0,8.0,26.0,9.0,26.0,9.0,25.0,9.0,24.0,9.0,21.0,7.0,18.0,5.0,14.0,2.0,11.0,-1.0,7.0,-5.0,3.0,-9.0,0.0,-13.0,-3.0,-18.0,-5.0
4.0224,122.0,-96.0,7.0,0.0,0.0,0.0,0.0,0.0,0.0,0.0,0.0,0.0,8.0,-10.0,8.0,-10.0,8.0,-10.0,9.0,-10.0,8.0,-10.0,9.0,-11.0,8.0,-11.0,8.0,-11.0,9.0,-11.0,9.0,-12.0,9.0,-11.0,9.0,-12.0,9.0,-11.0,9.0,-12.0,9.0,-12.0,9.0,-12.0,9.0,-12.0,8.0,-12.0,9.0,-13.0,9.0,-12.0,9.0,-13.0,8.0,-13.0,8.0,-13.0,8.0,-13.0,9.0,-13.0,8.0,-13.0
4.0349,122.0,-96.0,7.0,0.0,0.0,0.0,0.0,0.0,0.0,0.0,0.0,0.0,-2.0,9.0,-4.0,4.0,-6.0,1.0,-8.0,-4.0,-11.0,-7.0,-14.0,-10.0,-17.0,-12.0,-20.0,-14.0,-23.0,-14.0,-24.0,-15.0,-24.0,-14.0,-24.0,-13.0,-23.0,-11.0,-21.0,-9.0,-18.0,-8.0,-14.0,-7.0,-9.0,-6.0,-4.0,-6.0,1.0,-7.0,6.0,-7.0,11.0,-9.0,15.0,-11.0,19.0,-13.0,21.0,-15.0,22.0,-17.0,22.0,-18.0
4.0481,122.0,-96.0,7.0,0.0,0.0,0.0,0.0,0.0,0.0,0.0,0.0,0.0,3.0,-11.0,3.0,-11.0,3.0,-12.0,3.0,-12.0,3.0,-12.0,3.0,-12.0,3.0,-13.0,3.0,-12.0,3.0,-12.0,3.0,-13.0,3.0,-13.0,3.0,-13.0,3.0,-13.0,2.0,-13.0,3.0,-13.0,3.0,-13.0,2.0,-14.0,2.0,-13.0,3.0,-13.0,3.0,-14.0,2.0,-14.0,3.0,-14.0,2.0,-14.0,2.0,-14.0,3.0,-14.0,3.0,-14.0
4.0615,122.0,-96.0,7.0,0.0,0.0,0.0,0.0,0.0,0.0,0.0,0.0,0.0,-5.0,9.0,-5.0,4.0,-6.0,-1.0,-8.0,-6.0,-10.0,-10.0,-13.0,-15.0,-16.0,-18.0,-19.0,-20.0,-21.0,-21.0,-22.0,-21.0,-23.0,-21.0,-23.0,-20.0,-22.0,-18.0,-21.0,-16.0,-17.0,-13.0,-13.0,-11.0,-8.0,-9.0,-3.0,-7.0,3.0,-7.0,9.0,-6.0,14.0,-7.0,19.0,-8.0,24.0,-9.0,26.0,-11.0,28.0,-13.0,29.0,-14.0
4.0763,122.0,-96.0,7.0,0.0,0.0,0.0,0.0,0.0,0.0,0.0,0.0,0.0,-12.0,1.0,-12.0,2.0,-12.0,2.0,-12.0,2.0,-12.0,2.0,-12.0,2.0,-12.0,2.0,-13.0,3.0,-12.0,3.0,-13.0,3.0,-13.0,3.0,-13.0,3.0,-13.0,3.0,-13.0,3.0,-13.0,3.0,-13.0,3.0,-13.0,3.0,-14.0,3.0,-13.0,3.0,-13.0,4.0,-13.0,4.0,-13.0,4.0,-13.0,4.0,-14.0,4.0,-13.0,4.0,-14.0,5.0
4.0907,122.0,-96.0,7.0,0.0,0.0,0.0,0.0,0.0,0.0,0.0,0.0,0.0,-8.0,-26.0,-10.0,-27.0,-10.0,-28.0,-11.0,-27.0,-11.0,-26.0,-10.0,-23.0,-9.0,-20.0,-7.0,-17.0,-4.0,-13.0,0.0,-9.0,4.0,-5.0,8.0,-2.0,13.0,1.0,17.0,4.0,21.0,5.0,25.0,6.0,27.0,6.0,29.0,7.0,31.0,6.0,30.0,5.0,29.0,5.0,27.0,4.0,23.0,3.0,19.0,2.0,13.0,2.0,8.0,3.0
4.1042,122.0,-96.0,7.0,0.0,0.0,0.0,0.0,0.0,0.0,0.0,0.0,0.0,7.0,-10.0,7.0,-11.0,8.0,-11.0,7.0,-11.0,8.0,-11.0,8.0,-11.0,7.0,-12.0,7.0,-12.0,7.0,-12.0,8.0,-12.0,8.0,-11.0,8.0,-12.0,8.0,-12.0,8.0,-12.0,8.0,-13.0,8.0,-13.0,8.0,-12.0,7.0,-13.0,8.0,-13.0,7.0,-13.0,8.0,-13.0,7.0,-13.0,7.0,-13.0,7.0,-14.0,8.0,-14.0,7.0,-14.0
4.1087,98.0,33.0,22.0,0.0,0.0,0.0,0.0,0.0,0.0,0.0,0.0,0.0,13.0,-16.0,10.0,-13.0,10.0,-11.0,5.0,-9.0,1.0,-8.0,-2.0,-6.0,-5.0,-5.0,-10.0,-2.0,-13.0,-2.0,-17.0,-1.0,-20.0,2.0,-21.0,5.0,-22.0,5.0,-23.0,7.0,-20.0,9.0,-19.0,10.0,-17.0,10.0,-14.0,11.0,-12.0,9.0,-7.0,8.0,-4.0,3.0,-1.0,0.0,5.0,-4.0,9.0,-7.0,13.0,-12.0,16.0,-17.0
4.1226,122.0,-96.0,7.0,0.0,0.0,0.0,0.0,0.0,0.0,0.0,0.0,0.0,15.0,-21.0,14.0,-19.0,12.0,-17.0,10.0,-13.0,8.0,-9.0,7.0,-4.0,6.0,1.0,5.0,7.0,5.0,12.0,6.0,17.0,6.0,21.0,7.0,24.0,8.0,27.0,10.0,28.0,11.0,29.0,12.0,28.0,12.0,26.0,11.0,23.0,10.0,20.0,8.0,17.0,4.0,13.0,0.0,8.0,-4.0,5.0,-9.0,1.0,-13.0,-2.0,-19.0,-4.0
4.137,122.0,-96.0,7.0,0.0,0.0,0.0,0.0,0.0,0.0,0.0,0.0,0.0,-24.0,-3.0,-26.0,-2.0,-26.0,-1.0,-26.0,-1.0,-25.0,0.0,-23.0,0.0,-20.0,0.0,-16.0,-1.0,-12.0,-1.0,-8.0,-4.0,-3.0,-6.0,2.0,-8.0,5.0,-12.0,9.0,-14.0,11.0,-17.0,13.0,-20.0,14.0,-22.0,16.0,-23.0,15.0,-25.0,14.0,-25.0,13.0,-24.0,11.0,-22.0,10.0,-20.0,8.0,-16.0,6.0,-11.0,6.0,-6.0
4.1509,122.0,-96.0,7.0,0.0,0.0,0.0,0.0,0.0,0.0,0.0,0.0,0.0,-13.0,7.0,-18.0,8.0,-22.0,10.0,-25.0,11.0,-28.0,13.0,-30.0,15.0,-29.0,17.0,-29.0,18.0,-27.0,17.0,-24.0,15.0,-21.0,12.0,-18.0,9.0,-14.0,6.0,-10.0,1.0,-7.0,-4.0,-4.0,-10.0,-2.0,-16.0,0.0,-21.0,1.0,-27.0,0.0,-31.0,0.0,-35.0,-1.0,-36.0,-1.0,-37.0,-3.0,-36.0,-4.0,-35.0,-4.0,-31.0
4.1841,122.0,-96.0,7.0,0.0,0.0,0.0,0.0,0.0,0.0,0.0,0.0,0.0,5.0,-11.0,8.0,-14.0,10.0,-17.0,12.0,-19.0,12.0,-21.0,13.0,-23.0,12.0,-24.0,11.0,-25.0,10.0,-24.0,9.0,-22.0,8.0,-18.0,7.0,-15.0,6.0,-11.0,5.0,-6.0,5.0,-1.0,6.0,4.0,7.0,9.0,8.0,14.0,10.0,18.0,11.0,20.0,14.0,23.0,15.0,24.0,16.0,24.0,16.0,22.0,17.0,21.0,16.0,19.0
4.1961,122.0,-96.0,7.0,0.0,0.0,0.0,0.0,0.0,0.0,0.0,0.0,0.0,9.0,10.0,9.0,10.0,9.0,11.0,9.0,11.0,9.0,11.0,10.0,11.0,10.0,11.0,10.0,11.0,10.0,11.0,10.0,11.0,11.0,11.0,10.0,11.0,10.0,12.0,11.0,11.0,11.0,11.0,11.0,11.0,11.0,12.0,11.0,11.0,11.0,11.0,11.0,11.0,12.0,11.0,11.0,11.0,12.0,11.0,12.0,11.0,12.0,11.0,12.0,11.0
4.2092,122.0,-96.0,7.0,0.0,0.0,0.0,0.0,0.0,0.0,0.0,0.0,0.0,9.0,8.0,9.0,8.0,10.0,7.0,10.0,8.0,10.0,7.0,10.0,8.0,10.0,8.0,11.0,8.0,11.0,8.0,11.0,7.0,11.0,8.0,11.0,8.0,11.0,8.0,11.0,8.0,12.0,8.0,11.0,8.0,12.0,8.0,11.0,7.0,12.0,8.0,12.0,7.0,12.0,7.0,12.0,7.0,12.0,7.0,13.0,7.0,13.0,7.0,13.0,7.0
4.2236,122.0,-96.0,7.0,0.0,0.0,0.0,0.0,0.0,0.0,0.0,0.0,0.0,-22.0,1.0,-23.0,1.0,-23.0,2.0,-23.0,2.0,-22.0,3.0,-20.0,3.0,-17.0,2.0,-14.0,1.0,-11.0,-1.0,-7.0,-3.0,-3.0,-5.0,1.0,-8.0,4.0,-11.0,7.0,-14.0,8.0,-17.0,10.0,-19.0,11.0,-22.0,11.0,-23.0,11.0,-24.0,10.0,-24.0,9.0,-23.0,8.0,-20.0,7.0,-18.0,5.0,-14.0,4.0,-9.0,4.0,-5.0
4.2374,122.0,-96.0,7.0,0.0,0.0,0.0,0.0,0.0,0.0,0.0,0.0,0.0,14.0,-1.0,14.0,-1.0,15.0,-1.0,14.0,-1.0,15.0,-1.0,15.0,-2.0,15.0,-2.0,16.0,-2.0,15.0,-2.0,16.0,-2.0,16.0,-2.0,16.0,-1.0,16.0,-1.0,16.0,-2.0,16.0,-2.0,17.0,-2.0,16.0,-3.0,16.0,-2.0,16.0,-3.0,17.0,-3.0,16.0,-3.0,17.0,-3.0,17.0,-3.0,17.0,-4.0,17.0,-4.0,17.0,-4.0
4.2511,122.0,-96.0,7.0,0.0,0.0,0.0,0.0,0.0,0.0,0.0,0.0,0.0,7.0,8.0,3.0,6.0,-3.0,5.0,-8.0,5.0,-13.0,5.0,-18.0,6.0,-21.0,6.0,-25.0,8.0,-27.0,10.0,-28.0,11.0,-28.0,12.0,-27.0,13.0,-25.0,13.0,-23.0,13.0,-19.0,10.0,-15.0,7.0,-12.0,4.0,-9.0,-1.0,-5.0,-5.0,-3.0,-10.0,-1.0,-15.0,0.0,-20.0,0.0,-25.0,0.0,-28.0,-1.0,-31.0,-2.0,-32.0
4.2644,122.0,-96.0,7.0,0.0,0.0,0.0,0.0,0.0,0.0,0.0,0.0,0.0,2.0,-15.0,2.0,-15.0,3.0,-15.0,2.0,-15.0,2.0,-16.0,2.0,-16.0,2.0,-16.0,2.0,-16.0,2.0,-16.0,2.0,-16.0,2.0,-17.0,2.0,-17.0,2.0,-17.0,2.0,-17.0,2.0,-17.0,1.0,-17.0,1.0,-17.0,2.0,-17.0,2.0,-18.0,1.0,-18.0,1.0,-18.0,1.0,-18.0,1.0,-18.0,1.0,-18.0,1.0,-18.0,0.0,-18.0
4.2794,122.0,-96.0,7.0,0.0,0.0,0.0,0.0,0.0,0.0,0.0,0.0,0.0,-16.0,17.0,-14.0,15.0,-12.0,13.0,-10.0,9.0,-8.0,6.0,-7.0,1.0,-6.0,-4.0,-5.0,-8.0,-5.0,-13.0,-6.0,-17.0,-6.0,-20.0,-7.0,-23.0,-9.0,-26.0,-10.0,-26.0,-11.0,-27.0,-11.0,-25.0,-11.0,-24.0,-10.0,-21.0,-9.0,-17.0,-6.0,-14.0,-3.0,-10.0,1.0,-7.0,5.0,-4.0,10.0,-1.0,14.0,1.0,19.0,2.0
4.2935,122.0,-96.0,7.0,0.0,0.0,0.0,0.0,0.0,0.0,0.0,0.0,0.0,22.0,-4.0,20.0,-4.0,17.0,-3.0,13.0,-2.0,10.0,0.0,5.0,2.0,2.0,5.0,-2.0,8.0,-5.0,12.0,-8.0,15.0,-9.0,18.0,-11.0,21.0,-11.0,24.0,-10.0,25.0,-10.0,26.0,-8.0,25.0,-7.0,24.0,-7.0,21.0,-5.0,18.0,-5.0,13.0,-5.0,8.0,-6.0,3.0,-7.0,-2.0,-8.0,-7.0,-10.0,-12.0,-13.0,-16.0
4.3068,122.0,-96.0,7.0,0.0,0.0,0.0,0.0,0.0,0.0,0.0,0.0,0.0,8.0,22.0,9.0,23.0,10.0,23.0,10.0,22.0,10.0,21.0,9.0,19.0,7.0,16.0,5.0,13.0,2.0,10.0,-2.0,6.0,-5.0,3.0,-10.0,0.0,-14.0,-2.0,-18.0,-4.0,-22.0,-5.0,-24.0,-6.0,-27.0,-6.0,-28.0,-5.0,-29.0,-4.0,-28.0,-3.0,-26.0,-3.0,-23.0,-2.0,-20.0,-2.0,-15.0,-3.0,-10.0,-3.0,-5.0,-5.0
4.3203,122.0,-96.0,7.0,0.0,0.0,0.0,0.0,0.0,0.0,0.0,0.0,0.0,14.0,14.0,16.0,15.0,17.0,15.0,17.0,14.0,16.0,13.0,14.0,12.0,13.0,10.0,9.0,9.0,6.0,7.0,2.0,6.0,-2.0,4.0,-7.0,4.0,-11.0,3.0,-15.0,3.0,-19.0,4.0,-21.0,4.0,-24.0,5.0,-25.0,6.0,-25.0,7.0,-24.0,7.0,-23.0,7.0,-20.0,7.0,-18.0,6.0,-14.0,4.0,-10.0,2.0,-7.0,-1.0
4.3342,122.0,-96.0,7.0,0.0,0.0,0.0,0.0,0.0,0.0,0.0,0.0,0.0,2.0,-27.0,1.0,-29.0,1.0,-29.0,0.0,-29.0,0.0,-27.0,0.0,-25.0,0.0,-21.0,1.0,-17.0,2.0,-13.0,4.0,-8.0,6.0,-2.0,9.0,2.0,12.0,7.0,14.0,11.0,17.0,14.0,20.0,16.0,22.0,18.0,24.0,19.0,25.0,18.0,24.0,18.0,24.0,17.0,21.0,14.0,19.0,12.0,14.0,9.0,9.0,7.0,4.0,6.0
4.3479,122.0,-96.0,7.0,0.0,0.0,0.0,0.0,0.0,0.0,0.0,0.0,0.0,-24.0,2.0,-26.0,3.0,-26.0,4.0,-25.0,4.0,-24.0,4.0,-23.0,4.0,-19.0,3.0,-16.0,2.0,-12.0,0.0,-8.0,-2.0,-4.0,-5.0,0.0,-9.0,3.0,-12.0,6.0,-15.0,8.0,-19.0,10.0,-21.0,11.0,-24.0,12.0,-25.0,11.0,-27.0,10.0,-27.0,9.0,-26.0,8.0,-23.0,7.0,-21.0,5.0,-17.0,5.0,-12.0,4.0,-8.0
4.363,122.0,-96.0,7.0,0.0,0.0,0.0,0.0,0.0,0.0,0.0,0.0,0.0,-23.0,1.0,-21.0,1.0,-18.0,1.0,-15.0,0.0,-12.0,-1.0,-7.0,-3.0,-3.0,-6.0,1.0,-8.0,4.0,-12.0,7.0,-15.0,10.0,-17.0,12.0,-20.0,12.0,-23.0,13.0,-24.0,12.0,-26.0,11.0,-25.0,10.0,-25.0,9.0,-22.0,7.0,-20.0,6.0,-16.0,5.0,-12.0,5.0,-7.0,5.0,-1.0,6.0,4.0,6.0,9.0,8.0,13.0
4.3769,122.0,-96.0,7.0,0.0,0.0,0.0,0.0,0.0,0.0,0.0,0.0,0.0,-14.0,22.0,-13.0,20.0,-11.0,17.0,-10.0,13.0,-8.0,9.0,-7.0,4.0,-7.0,-1.0,-7.0,-7.0,-7.0,-12.0,-9.0,-16.0,-9.0,-20.0,-11.0,-23.0,-13.0,-26.0,-15.0,-27.0,-16.0,-28.0,-16.0,-27.0,-16.0,-25.0,-15.0,-22.0,-13.0,-20.0,-11.0,-16.0,-7.0,-13.0,-3.0,-9.0,2.0,-7.0,7.0,-4.0,12.0,-1.0,18.0,-1.0
4.3901,122.0,-96.0,7.0,0.0,0.0,0.0,0.0,0.0,0.0,0.0,0.0,0.0,3.0,-11.0,2.0,-12.0,3.0,-12.0,3.0,-11.0,3.0,-12.0,2.0,-12.0,2.0,-12.0,2.0,-12.0,2.0,-12.0,3.0,-13.0,2.0,-13.0,2.0,-13.0,2.0,-13.0,2.0,-13.0,2.0,-13.0,2.0,-13.0,2.0,-13.0,2.0,-14.0,1.0,-13.0,1.0,-13.0,2.0,-14.0,1.0,-13.0,1.0,-13.0,1.0,-14.0,1.0,-13.0,1.0,-14.0
4.4057,122.0,-96.0,7.0,0.0,0.0,0.0,0.0,0.0,0.0,0.0,0.0,0.0,-11.0,-8.0,-6.0,-7.0,1.0,-7.0,6.0,-8.0,12.0,-9.0,17.0,-11.0,21.0,-12.0,24.0,-15.0,27.0,-17.0,28.0,-18.0,28.0,-19.0,27.0,-20.0,25.0,-19.0,23.0,-19.0,19.0,-16.0,16.0,-13.0,12.0,-9.0,9.0,-4.0,6.0,2.0,4.0,8.0,3.0,14.0,2.0,20.0,2.0,26.0,3.0,29.0,3.0,32.0,5.0,34.0
4.4201,122.0,-96.0,7.0,0.0,0.0,0.0,0.0,0.0,0.0,0.0,0.0,0.0,19.0,-14.0,19.0,-16.0,20.0,-17.0,19.0,-17.0,18.0,-16.0,16.0,-15.0,14.0,-13.0,12.0,-10.0,9.0,-7.0,7.0,-3.0,5.0,2.0,3.0,6.0,2.0,12.0,1.0,16.0,1.0,19.0,1.0,23.0,1.0,25.0,1.0,27.0,3.0,28.0,3.0,28.0,3.0,26.0,4.0,23.0,3.0,21.0,2.0,17.0,1.0,12.0,-1.0,8.0
4.434,122.0,-96.0,7.0,0.0,0.0,0.0,0.0,0.0,0.0,0.0,0.0,0.0,2.0,-11.0,2.0,-12.0,3.0,-12.0,2.0,-12.0,2.0,-12.0,3.0,-13.0,1.0,-13.0,2.0,-13.0,2.0,-13.0,2.0,-12.0,2.0,-13.0,2.0,-14.0,2.0,-14.0,2.0,-14.0,2.0,-13.0,2.0,-14.0,1.0,-14.0,2.0,-13.0,2.0,-14.0,1.0,-14.0,1.0,-14.0,1.0,-14.0,1.0,-14.0,1.0,-14.0,1.0,-14.0,1.0,-15.0
4.4484,122.0,-96.0,7.0,0.0,0.0,0.0,0.0,0.0,0.0,0.0,0.0,0.0,-3.0,-11.0,-3.0,-10.0,-3.0,-11.0,-3.0,-11.0,-5.0,-11.0,-4.0,-11.0,-4.0,-11.0,-4.0,-11.0,-4.0,-11.0,-5.0,-12.0,-4.0,-12.0,-4.0,-12.0,-5.0,-11.0,-5.0,-11.0,-5.0,-11.0,-5.0,-12.0,-5.0,-12.0,-5.0,-12.0,-5.0,-12.0,-5.0,-12.0,-5.0,-12.0,-5.0,-12.0,-5.0,-12.0,-5.0,-12.0,-6.0,-12.0,-6.0,-12.0
4.463,122.0,-96.0,7.0,0.0,0.0,0.0,0.0,0.0,0.0,0.0,0.0,0.0,10.0,1.0,6.0,2.0,2.0,5.0,-2.0,8.0,-6.0,12.0,-9.0,16.0,-11.0,19.0,-12.0,22.0,-13.0,25.0,-13.0,27.0,-12.0,27.0,-11.0,27.0,-9.0,26.0,-8.0,24.0,-7.0,20.0,-6.0,16.0,-6.0,11.0,-6.0,6.0,-7.0,0.0,-9.0,-6.0,-11.0,-11.0,-14.0,-14.0,-17.0,-18.0,-20.0,-21.0,-22.0,-22.0,-23.0,-22.0
4.4785,122.0,-96.0,7.0,0.0,0.0,0.0,0.0,0.0,0.0,0.0,0.0,0.0,-10.0,-6.0,-10.0,-6.0,-10.0,-6.0,-11.0,-6.0,-11.0,-6.0,-12.0,-6.0,-12.0,-6.0,-12.0,-6.0,-12.0,-6.0,-12.0,-6.0,-12.0,-6.0,-12.0,-7.0,-12.0,-6.0,-12.0,-6.0,-13.0,-6.0,-13.0,-6.0,-12.0,-6.0,-13.0,-6.0,-13.0,-6.0,-13.0,-6.0,-13.0,-6.0,-13.0,-6.0,-13.0,-6.0,-13.0,-5.0,-13.0,-6.0,-13.0,-5.0
4.4921,122.0,-96.0,7.0,0.0,0.0,0.0,0.0,0.0,0.0,0.0,0.0,0.0,-11.0,-6.0,-6.0,-6.0,0.0,-7.0,6.0,-9.0,11.0,-11.0,16.0,-14.0,19.0,-17.0,22.0,-19.0,24.0,-22.0,24.0,-23.0,24.0,-25.0,22.0,-24.0,20.0,-23.0,17.0,-22.0,14.0,-19.0,12.0,-14.0,10.0,-9.0,8.0,-3.0,7.0,4.0,5.0,10.0,6.0,16.0,7.0,22.0,9.0,26.0,11.0,29.0,13.0,32.0,14.0,32.0
4.5049,122.0,-96.0,7.0,0.0,0.0,0.0,0.0,0.0,0.0,0.0,0.0,0.0,13.0,-22.0,14.0,-24.0,14.0,-25.0,13.0,-25.0,12.0,-24.0,11.0,-22.0,10.0,-19.0,9.0,-15.0,7.0,-11.0,7.0,-6.0,6.0,-1.0,6.0,5.0,7.0,11.0,8.0,15.0,9.0,20.0,10.0,23.0,11.0,26.0,12.0,28.0,13.0,28.0,13.0,27.0,13.0,26.0,12.0,24.0,11.0,20.0,9.0,16.0,6.0,12.0,2.0,9.0
4.5196,122.0,-96.0,7.0,0.0,0.0,0.0,0.0,0.0,0.0,0.0,0.0,0.0,-13.0,3.0,-12.0,3.0,-13.0,3.0,-13.0,4.0,-13.0,3.0,-14.0,3.0,-13.0,3.0,-14.0,4.0,-14.0,4.0,-14.0,3.0,-15.0,4.0,-14.0,4.0,-15.0,4.0,-15.0,4.0,-14.0,4.0,-15.0,5.0,-15.0,4.0,-15.0,5.0,-14.0,5.0,-15.0,6.0,-14.0,5.0,-15.0,5.0,-14.0,5.0,-15.0,5.0,-15.0,5.0,-15.0,6.0
4.5355,122.0,-96.0,7.0,0.0,0.0,0.0,0.0,0.0,0.0,0.0,0.0,0.0,-5.0,-11.0,-1.0,-8.0,3.0,-5.0,8.0,-3.0,12.0,-1.0,17.0,0.0,21.0,0.0,25.0,0.0,28.0,-1.0,29.0,-1.0,29.0,-2.0,29.0,-3.0,27.0,-4.0,25.0,-5.0,21.0,-4.0,17.0,-3.0,13.0,-1.0,9.0,1.0,4.0,5.0,-1.0,8.0,-4.0,12.0,-7.0,17.0,-9.0,21.0,-10.0,24.0,-11.0,27.0,-11.0,29.0
4.5491,122.0,-96.0,7.0,0.0,0.0,0.0,0.0,0.0,0.0,0.0,0.0,0.0,11.0,2.0,12.0,3.0,12.0,2.0,13.0,2.0,13.0,2.0,13.0,2.0,13.0,2.0,13.0,2.0,13.0,1.0,14.0,2.0,13.0,2.0,14.0,2.0,13.0,2.0,14.0,1.0,15.0,1.0,14.0,1.0,15.0,0.0,14.0,2.0,15.0,2.0,14.0,1.0,14.0,2.0,15.0,1.0,14.0,1.0,15.0,0.0,15.0,1.0,15.0,0.0
4.5628,122.0,-96.0,7.0,0.0,0.0,0.0,0.0,0.0,0.0,0.0,0.0,0.0,-2.0,9.0,-2.0,9.0,-2.0,10.0,-2.0,10.0,-2.0,10.0,-2.0,11.0,-2.0,10.0,-3.0,11.0,-1.0,11.0,-2.0,11.0,-2.0,11.0,-2.0,11.0,-2.0,11.0,-2.0,11.0,-1.0,11.0,-1.0,11.0,-1.0,11.0,-1.0,12.0,-1.0,12.0,-1.0,12.0,-1.0,12.0,-1.0,12.0,-1.0,12.0,0.0,12.0,-1.0,12.0,-1.0,12.0
4.578,122.0,-96.0,7.0,0.0,0.0,0.0,0.0,0.0,0.0,0.0,0.0,0.0,8.0,9.0,10.0,13.0,12.0,16.0,14.0,19.0,17.0,21.0,18.0,22.0,20.0,22.0,20.0,21.0,19.0,19.0,18.0,17.0,15.0,15.0,11.0,13.0,8.0,10.0,3.0,8.0,-2.0,6.0,-8.0,4.0,-13.0,4.0,-18.0,3.0,-23.0,3.0,-27.0,4.0,-30.0,6.0,-31.0,6.0,-32.0,8.0,-31.0,8.0,-29.0,9.0,-26.0,9.0
4.5941,122.0,-96.0,7.0,0.0,0.0,0.0,0.0,0.0,0.0,0.0,0.0,0.0,-4.0,10.0,-4.0,9.0,-4.0,9.0,-4.0,9.0,-4.0,10.0,-4.0,10.0,-4.0,10.0,-4.0,11.0,-4.0,10.0,-4.0,11.0,-4.0,10.0,-4.0,11.0,-4.0,11.0,-3.0,10.0,-4.0,11.0,-4.0,11.0,-3.0,11.0,-3.0,11.0,-3.0,11.0,-3.0,11.0,-3.0,11.0,-3.0,12.0,-3.0,12.0,-3.0,11.0,-4.0,12.0,-3.0,12.0
4.6076,122.0,-96.0,7.0,0.0,0.0,0.0,0.0,0.0,0.0,0.0,0.0,0.0,1.0,20.0,2.0,22.0,3.0,22.0,3.0,22.0,3.0,21.0,3.0,19.0,2.0,16.0,1.0,13.0,-1.0,9.0,-3.0,6.0,-5.0,2.0,-8.0,-1.0,-12.0,-4.0,-14.0,-7.0,-17.0,-9.0,-19.0,-10.0,-22.0,-11.0,-23.0,-11.0,-24.0,-11.0,-24.0,-10.0,-23.0,-9.0,-20.0,-8.0,-18.0,-6.0,-14.0,-5.0,-10.0,-5.0,-5.0,-5.0
4.6233,122.0,-96.0,7.0,0.0,0.0,0.0,0.0,0.0,0.0,0.0,0.0,0.0,-4.0,-23.0,-3.0,-21.0,-3.0,-18.0,-2.0,-15.0,-1.0,-11.0,2.0,-7.0,5.0,-4.0,8.0,0.0,11.0,3.0,15.0,6.0,18.0,8.0,20.0,9.0,23.0,10.0,25.0,9.0,26.0,9.0,25.0,7.0,24.0,7.0,21.0,6.0,18.0,5.0,14.0,4.0,10.0,4.0,5.0,5.0,0.0,6.0,-5.0,7.0,-10.0,8.0,-14.0,11.0
4.6379,122.0,-96.0,7.0,0.0,0.0,0.0,0.0,0.0,0.0,0.0,0.0,0.0,-21.0,-17.0,-23.0,-18.0,-23.0,-17.0,-23.0,-17.0,-22.0,-15.0,-21.0,-14.0,-18.0,-13.0,-14.0,-11.0,-10.0,-9.0,-4.0,-8.0,1.0,-7.0,7.0,-6.0,12.0,-7.0,17.0,-7.0,22.0,-8.0,25.0,-9.0,28.0,-10.0,28.0,-10.0,29.0,-12.0,28.0,-12.0,27.0,-12.0,23.0,-11.0,20.0,-10.0,15.0,-8.0,11.0,-4.0,8.0,-1.0
4.6504,122.0,-96.0,7.0,0.0,0.0,0.0,0.0,0.0,0.0,0.0,0.0,0.0,-1.0,11.0,-1.0,12.0,-1.0,12.0,-1.0,12.0,-1.0,11.0,-1.0,12.0,-1.0,12.0,0.0,12.0,0.0,12.0,-1.0,12.0,0.0,12.0,-1.0,12.0,-1.0,12.0,0.0,13.0,0.0,13.0,-1.0,12.0,0.0,13.0,0.0,13.0,0.0,13.0,0.0,13.0,1.0,13.0,1.0,13.0,1.0,13.0,1.0,13.0,1.0,14.0,1.0,14.0
4.6646,122.0,-96.0,7.0,0.0,0.0,0.0,0.0,0.0,0.0,0.0,0.0,0.0,-18.0,-12.0,-20.0,-13.0,-20.0,-12.0,-20.0,-12.0,-19.0,-11.0,-18.0,-10.0,-15.0,-8.0,-12.0,-8.0,-8.0,-7.0,-3.0,-6.0,1.0,-6.0,6.0,-6.0,10.0,-7.0,14.0,-7.0,17.0,-8.0,19.0,-9.0,21.0,-11.0,22.0,-11.0,22.0,-12.0,21.0,-13.0,20.0,-12.0,17.0,-11.0,14.0,-9.0,11.0,-6.0,8.0,-4.0,5.0,0.0
4.6791,122.0,-96.0,7.0,0.0,0.0,0.0,0.0,0.0,0.0,0.0,0.0,0.0,-21.0,10.0,-19.0,9.0,-16.0,7.0,-13.0,5.0,-10.0,2.0,-7.0,-1.0,-5.0,-5.0,-2.0,-9.0,-1.0,-14.0,1.0,-18.0,2.0,-21.0,2.0,-24.0,2.0,-26.0,0.0,-28.0,0.0,-28.0,-2.0,-28.0,-2.0,-25.0,-2.0,-23.0,-2.0,-19.0,-1.0,-15.0,1.0,-11.0,3.0,-6.0,6.0,-1.0,9.0,3.0,12.0,6.0,16.0,9.0
4.6938,122.0,-96.0,7.0,0.0,0.0,0.0,0.0,0.0,0.0,0.0,0.0,0.0,-12.0,2.0,-12.0,2.0,-12.0,2.0,-12.0,2.0,-12.0,3.0,-13.0,3.0,-13.0,3.0,-13.0,3.0,-13.0,3.0,-13.0,3.0,-13.0,3.0,-13.0,2.0,-13.0,3.0,-13.0,3.0,-13.0,3.0,-13.0,3.0,-13.0,3.0,-13.0,4.0,-13.0,4.0,-14.0,4.0,-14.0,4.0,-13.0,4.0,-14.0,4.0,-14.0,4.0,-14.0,4.0,-14.0,4.0
4.7087,122.0,-96.0,7.0,0.0,0.0,0.0,0.0,0.0,0.0,0.0,0.0,0.0,9.0,-6.0,6.0,-2.0,5.0,3.0,3.0,8.0,2.0,13.0,2.0,18.0,3.0,22.0,3.0,25.0,4.0,27.0,5.0,28.0,7.0,29.0,7.0,27.0,7.0,25.0,8.0,23.0,6.0,19.0,4.0,15.0,1.0,11.0,-3.0,7.0,-7.0,3.0,-11.0,-1.0,-16.0,-3.0,-21.0,-5.0,-25.0,-6.0,-29.0,-6.0,-31.0,-6.0,-32.0,-5.0
4.7232,122.0,-96.0,7.0,0.0,0.0,0.0,0.0,0.0,0.0,0.0,0.0,0.0,-3.0,10.0,-2.0,11.0,-2.0,11.0,-3.0,11.0,-2.0,11.0,-3.0,12.0,-2.0,12.0,-2.0,12.0,-2.0,12.0,-2.0,12.0,-2.0,12.0,-3.0,12.0,-2.0,12.0,-2.0,13.0,-2.0,13.0,-2.0,13.0,-2.0,13.0,-2.0,13.0,-2.0,13.0,-2.0,13.0,-2.0,13.0,-2.0,13.0,-1.0,13.0,-1.0,14.0,-1.0,13.0,-1.0,13.0
4.7365,122.0,-96.0,7.0,0.0,0.0,0.0,0.0,0.0,0.0,0.0,0.0,0.0,-11.0,22.0,-10.0,20.0,-9.0,17.0,-8.0,13.0,-7.0,9.0,-7.0,3.0,-7.0,-2.0,-8.0,-7.0,-9.0,-12.0,-11.0,-17.0,-12.0,-20.0,-14.0,-23.0,-16.0,-25.0,-18.0,-25.0,-19.0,-26.0,-19.0,-24.0,-18.0,-22.0,-16.0,-19.0,-14.0,-16.0,-10.0,-13.0,-6.0,-11.0,-1.0,-8.0,5.0,-6.0,10.0,-4.0,15.0,-3.0,21.0,-3.0
4.75,122.0,-96.0,7.0,0.0,0.0,0.0,0.0,0.0,0.0,0.0,0.0,0.0,-9.0,21.0,-8.0,19.0,-7.0,16.0,-6.0,12.0,-6.0,9.0,-6.0,4.0,-7.0,-1.0,-7.0,-5.0,-9.0,-10.0,-11.0,-14.0,-12.0,-17.0,-13.0,-20.0,-15.0,-22.0,-17.0,-22.0,-18.0,-22.0,-18.0,-21.0,-18.0,-19.0,-16.0,-17.0,-14.0,-15.0,-11.0,-12.0,-7.0,-10.0,-2.0,-8.0,3.0,-6.0,8.0,-4.0,12.0,-3.0,17.0,-3.0
4.764,122.0,-96.0,7.0,0.0,0.0,0.0,0.0,0.0,0.0,0.0,0.0,0.0,7.0,8.0,9.0,12.0,11.0,15.0,12.0,17.0,14.0,19.0,16.0,20.0,17.0,20.0,17.0,19.0,17.0,18.0,15.0,16.0,12.0,13.0,9.0,11.0,6.0,9.0,1.0,7.0,-3.0,5.0,-8.0,4.0,-13.0,3.0,-18.0,3.0,-22.0,4.0,-25.0,4.0,-27.0,6.0,-28.0,6.0,-29.0,7.0,-27.0,8.0,-26.0,9.0,-23.0,8.0
4.7808,122.0,-96.0,7.0,0.0,0.0,0.0,0.0,0.0,0.0,0.0,0.0,0.0,-7.0,-10.0,-7.0,-10.0,-8.0,-10.0,-7.0,-10.0,-8.0,-10.0,-8.0,-10.0,-8.0,-10.0,-9.0,-10.0,-9.0,-10.0,-9.0,-11.0,-9.0,-11.0,-8.0,-11.0,-8.0,-11.0,-8.0,-11.0,-9.0,-10.0,-9.0,-11.0,-9.0,-11.0,-10.0,-11.0,-10.0,-10.0,-10.0,-10.0,-10.0,-10.0,-10.0,-10.0,-10.0,-10.0,-10.0,-11.0,-10.0,-11.0,-10.0,-11.0
4.7834,98.0,33.0,22.0,0.0,0.0,0.0,0.0,0.0,0.0,0.0,0.0,0.0,-6.0,-24.0,-7.0,-21.0,-6.0,-17.0,-7.0,-12.0,-8.0,-7.0,-7.0,-1.0,-7.0,3.0,-7.0,9.0,-7.0,14.0,-6.0,18.0,-5.0,22.0,-3.0,24.0,-1.0,26.0,2.0,27.0,3.0,27.0,5.0,25.0,6.0,23.0,7.0,20.0,7.0,16.0,5.0,11.0,3.0,5.0,-1.0,0.0,-5.0,-6.0,-9.0,-10.0,-13.0,-16.0,-19.0,-20.0
4.7973,122.0,-96.0,7.0,0.0,0.0,0.0,0.0,0.0,0.0,0.0,0.0,0.0,11.0,1.0,6.0,3.0,2.0,6.0,-3.0,9.0,-8.0,13.0,-11.0,18.0,-13.0,22.0,-15.0,25.0,-15.0,28.0,-15.0,30.0,-15.0,30.0,-13.0,30.0,-11.0,28.0,-9.0,26.0,-8.0,21.0,-7.0,16.0,-7.0,10.0,-8.0,4.0,-9.0,-2.0,-10.0,-8.0,-13.0,-14.0,-15.0,-19.0,-19.0,-22.0,-22.0,-25.0,-25.0,-26.0,-25.0,-26.0
4.813,122.0,-96.0,7.0,0.0,0.0,0.0,0.0,0.0,0.0,0.0,0.0,0.0,22.0,-3.0,21.0,-3.0,18.0,-2.0,14.0,-1.0,10.0,0.0,6.0,2.0,2.0,5.0,-1.0,8.0,-5.0,11.0,-7.0,14.0,-10.0,17.0,-11.0,20.0,-12.0,22.0,-12.0,24.0,-12.0,25.0,-11.0,25.0,-10.0,24.0,-8.0,22.0,-7.0,19.0,-6.0,16.0,-6.0,11.0,-6.0,6.0,-7.0,1.0,-7.0,-4.0,-8.0,-9.0,-11.0,-13.0
4.8275,122.0,-96.0,7.0,0.0,0.0,0.0,0.0,0.0,0.0,0.0,0.0,0.0,-5.0,11.0,-4.0,12.0,-4.0,12.0,-4.0,12.0,-4.0,13.0,-4.0,13.0,-4.0,13.0,-4.0,13.0,-4.0,13.0,-4.0,13.0,-4.0,13.0,-4.0,14.0,-4.0,13.0,-4.0,14.0,-4.0,14.0,-4.0,14.0,-3.0,14.0,-3.0,14.0,-3.0,14.0,-3.0,14.0,-3.0,15.0,-3.0,14.0,-3.0,15.0,-3.0,15.0,-2.0,15.0,-2.0,15.0
4.8446,122.0,-96.0,7.0,0.0,0.0,0.0,0.0,0.0,0.0,0.0,0.0,0.0,-24.0,9.0,-22.0,8.0,-19.0,7.0,-16.0,5.0,-12.0,2.0,-9.0,-1.0,-6.0,-5.0,-2.0,-9.0,0.0,-14.0,2.0,-18.0,3.0,-21.0,4.0,-25.0,4.0,-28.0,3.0,-30.0,3.0,-31.0,2.0,-31.0,1.0,-29.0,1.0,-27.0,0.0,-23.0,1.0,-19.0,2.0,-15.0,3.0,-9.0,6.0,-4.0,8.0,1.0,10.0,6.0,15.0,10.0
4.8606,122.0,-96.0,7.0,0.0,0.0,0.0,0.0,0.0,0.0,0.0,0.0,0.0,-11.0,-8.0,-10.0,-8.0,-11.0,-8.0,-11.0,-9.0,-11.0,-8.0,-12.0,-8.0,-12.0,-8.0,-12.0,-8.0,-12.0,-8.0,-13.0,-8.0,-12.0,-8.0,-13.0,-9.0,-12.0,-9.0,-13.0,-8.0,-13.0,-8.0,-13.0,-8.0,-13.0,-8.0,-13.0,-8.0,-14.0,-8.0,-14.0,-8.0,-14.0,-8.0,-14.0,-7.0,-14.0,-7.0,-14.0,-8.0,-14.0,-8.0,-14.0,-8.0
4.8751,122.0,-96.0,7.0,0.0,0.0,0.0,0.0,0.0,0.0,0.0,0.0,0.0,-18.0,14.0,-16.0,13.0,-14.0,12.0,-12.0,9.0,-10.0,5.0,-8.0,1.0,-6.0,-3.0,-5.0,-8.0,-4.0,-12.0,-4.0,-16.0,-3.0,-20.0,-4.0,-23.0,-5.0,-26.0,-6.0,-27.0,-7.0,-28.0,-7.0,-27.0,-8.0,-25.0,-7.0,-23.0,-7.0,-20.0,-5.0,-16.0,-3.0,-13.0,0.0,-9.0,4.0,-5.0,7.0,-1.0,11.0,2.0,16.0,4.0
4.8878,122.0,-96.0,7.0,0.0,0.0,0.0,0.0,0.0,0.0,0.0,0.0,0.0,-13.0,0.0,-17.0,0.0,-22.0,-1.0,-24.0,-1.0,-28.0,-1.0,-29.0,0.0,-30.0,1.0,-30.0,2.0,-28.0,3.0,-26.0,2.0,-22.0,1.0,-18.0,0.0,-14.0,-1.0,-9.0,-4.0,-4.0,-6.0,0.0,-9.0,4.0,-13.0,7.0,-17.0,10.0,-21.0,11.0,-25.0,12.0,-27.0,12.0,-29.0,12.0,-30.0,11.0,-30.0,9.0,-29.0,8.0,-26.0
4.9004,122.0,-96.0,7.0,0.0,0.0,0.0,0.0,0.0,0.0,0.0,0.0,0.0,-13.0,0.0,-18.0,-1.0,-22.0,-2.0,-25.0,-2.0,-28.0,-2.0,-30.0,-1.0,-30.0,-1.0,-30.0,0.0,-28.0,1.0,-25.0,1.0,-21.0,0.0,-17.0,-1.0,-13.0,-2.0,-8.0,-4.0,-3.0,-6.0,1.0,-10.0,6.0,-14.0,9.0,-17.0,12.0,-21.0,14.0,-24.0,15.0,-27.0,15.0,-28.0,14.0,-29.0,12.0,-29.0,11.0,-28.0,9.0,-25.0
4.9057,98.0,33.0,22.0,0.0,0.0,0.0,0.0,0.0,0.0,0.0,0.0,0.0,-5.0,-9.0,-6.0,-6.0,-9.0,-2.0,-11.0,1.0,-13.0,4.0,-13.0,6.0,-15.0,12.0,-16.0,12.0,-13.0,16.0,-14.0,17.0,-13.0,18.0,-12.0,17.0,-8.0,18.0,-6.0,14.0,-3.0,14.0,-2.0,9.0,0.0,7.0,2.0,1.0,1.0,-4.0,1.0,-10.0,0.0,-15.0,-1.0,-18.0,-2.0,-23.0,-3.0,-26.0,-5.0,-29.0,-6.0,-30.0
4.9209,122.0,-96.0,7.0,0.0,0.0,0.0,0.0,0.0,0.0,0.0,0.0,0.0,0.0,23.0,1.0,24.0,2.0,25.0,2.0,24.0,2.0,23.0,2.0,21.0,1.0,18.0,0.0,14.0,-1.0,11.0,-4.0,6.0,-6.0,2.0,-9.0,-2.0,-13.0,-6.0,-15.0,-8.0,-18.0,-10.0,-21.0,-12.0,-23.0,-13.0,-25.0,-13.0,-26.0,-13.0,-26.0,-12.0,-25.0,-11.0,-22.0,-9.0,-20.0,-8.0,-15.0,-7.0,-10.0,-6.0,-5.0,-6.0
4.9369,122.0,-96.0,7.0,0.0,0.0,0.0,0.0,0.0,0.0,0.0,0.0,0.0,-6.0,-25.0,-6.0,-23.0,-5.0,-20.0,-3.0,-17.0,-2.0,-13.0,1.0,-9.0,5.0,-5.0,8.0,-1.0,12.0,2.0,16.0,5.0,20.0,7.0,23.0,8.0,26.0,9.0,29.0,8.0,29.0,7.0,29.0,6.0,28.0,5.0,25.0,5.0,22.0,4.0,18.0,3.0,13.0,4.0,8.0,4.0,2.0,6.0,-4.0,7.0,-9.0,9.0,-13.0,13.0
4.9506,122.0,-96.0,7.0,0.0,0.0,0.0,0.0,0.0,0.0,0.0,0.0,0.0,-11.0,4.0,-11.0,5.0,-11.0,4.0,-11.0,5.0,-11.0,4.0,-11.0,5.0,-11.0,5.0,-11.0,6.0,-11.0,6.0,-11.0,6.0,-12.0,6.0,-12.0,6.0,-12.0,6.0,-12.0,6.0,-12.0,6.0,-11.0,6.0,-12.0,6.0,-12.0,6.0,-12.0,7.0,-12.0,7.0,-12.0,7.0,-12.0,7.0,-11.0,7.0,-12.0,7.0,-12.0,7.0,-12.0,8.0
4.9654,122.0,-96.0,7.0,0.0,0.0,0.0,0.0,0.0,0.0,0.0,0.0,0.0,-17.0,13.0,-17.0,14.0,-17.0,15.0,-17.0,15.0,-16.0,15.0,-14.0,14.0,-13.0,12.0,-11.0,9.0,-9.0,6.0,-7.0,2.0,-6.0,-2.0,-5.0,-7.0,-4.0,-11.0,-4.0,-15.0,-4.0,-18.0,-4.0,-21.0,-5.0,-23.0,-5.0,-25.0,-6.0,-25.0,-7.0,-25.0,-7.0,-24.0,-7.0,-21.0,-7.0,-19.0,-5.0,-15.0,-3.0,-11.0,-1.0,-8.0
4.9784,122.0,-96.0,7.0,0.0,0.0,0.0,0.0,0.0,0.0,0.0,0.0,0.0,19.0,-13.0,17.0,-12.0,15.0,-10.0,12.0,-8.0,9.0,-5.0,7.0,-1.0,4.0,3.0,2.0,8.0,1.0,12.0,0.0,16.0,0.0,19.0,0.0,23.0,0.0,25.0,2.0,27.0,2.0,27.0,3.0,26.0,3.0,25.0,3.0,22.0,3.0,19.0,2.0,15.0,0.0,11.0,-3.0,6.0,-6.0,2.0,-9.0,-2.0,-13.0,-5.0,-17.0,-7.0
4.9941,122.0,-96.0,7.0,0.0,0.0,0.0,0.0,0.0,0.0,0.0,0.0,0.0,-9.0,-8.0,-4.0,-7.0,1.0,-6.0,6.0,-7.0,11.0,-8.0,16.0,-9.0,19.0,-10.0,22.0,-12.0,24.0,-14.0,25.0,-15.0,25.0,-17.0,24.0,-17.0,22.0,-17.0,19.0,-17.0,16.0,-14.0,13.0,-11.0,10.0,-7.0,7.0,-2.0,6.0,3.0,4.0,8.0,3.0,14.0,3.0,19.0,4.0,23.0,5.0,27.0,6.0,29.0,7.0,30.0
5.0073,122.0,-96.0,7.0,0.0,0.0,0.0,0.0,0.0,0.0,0.0,0.0,0.0,-6.0,-10.0,-7.0,-14.0,-8.0,-18.0,-9.0,-21.0,-10.0,-23.0,-12.0,-24.0,-12.0,-24.0,-13.0,-24.0,-13.0,-22.0,-12.0,-20.0,-10.0,-18.0,-8.0,-15.0,-5.0,-12.0,-2.0,-9.0,2.0,-6.0,7.0,-3.0,12.0,-2.0,16.0,0.0,20.0,0.0,23.0,0.0,26.0,1.0,27.0,0.0,29.0,-1.0,28.0,-2.0,27.0,-3.0,24.0,-3.0
