time,sc_0,sc_1,sc_2,sc_3,sc_4,sc_5,sc_6,sc_7,sc_8,sc_9,sc_10,sc_11,sc_12,sc_13,sc_14,sc_15,sc_16,sc_17,sc_18,sc_19,sc_20,sc_21,sc_22,sc_23,sc_24,sc_25,sc_26,sc_27,sc_28,sc_29,sc_30,sc_31,sc_32,sc_33,sc_34,sc_35,sc_36,sc_37,sc_38,sc_39,sc_40,sc_41,sc_42,sc_43,sc_44,sc_45,sc_46,sc_47,sc_48,sc_49,sc_50,sc_51,sc_52,sc_53,sc_54,sc_55,sc_56,sc_57,sc_58,sc_59,sc_60,sc_61,sc_62,sc_63
0.027,122.0,-96.0,7.0,0.0,0.0,0.0,0.0,0.0,0.0,0.0,0.0,0.0,-28.0,1.0,-29.0,3.0,-32.0,3.0,-31.0,4.0,-31.0,5.0,-28.0,5.0,-25.0,5.0,-22.0,5.0,-17.0,4.0,-12.0,2.0,-5.0,0.0,0.0,-3.0,6.0,-6.0,10.0,-9.0,15.0,-12.0,19.0,-15.0,21.0,-18.0,24.0,-20.0,24.0,-22.0,24.0,-23.0,24.0,-23.0,21.0,-23.0,19.0,-21.0,16.0,-18.0,12.0,-14.0,9.0,-10.0
0.0419,122.0,-96.0,7.0,0.0,0.0,0.0,0.0,0.0,0.0,0.0,0.0,0.0,-12.0,0.0,-12.0,0.0,-12.0,0.0,-12.0,0.0,-12.0,1.0,-13.0,1.0,-13.0,1.0,-13.0,1.0,-13.0,1.0,-13.0,1.0,-13.0,1.0,-13.0,1.0,-13.0,1.0,-14.0,2.0,-14.0,2.0,-14.0,2.0,-14.0,2.0,-14.0,2.0,-14.0,2.0,-14.0,3.0,-14.0,3.0,-14.0,3.0,-14.0,3.0,-14.0,3.0,-14.0,2.0,-14.0,3.0
0.055,122.0,-96.0,7.0,0.0,0.0,0.0,0.0,0.0,0.0,0.0,0.0,0.0,8.0,20.0,9.0,21.0,10.0,21.0,10.0,20.0,10.0,19.0,9.0,17.0,7.0,15.0,5.0,12.0,3.0,9.0,-1.0,6.0,-4.0,3.0,-8.0,1.0,-13.0,-1.0,-16.0,-2.0,-20.0,-3.0,-22.0,-3.0,-25.0,-3.0,-26.0,-3.0,-27.0,-2.0,-26.0,-1.0,-24.0,-1.0,-21.0,-1.0,-18.0,-1.0,-14.0,-1.0,-10.0,-2.0,-6.0,-4.0
0.0698,122.0,-96.0,7.0,0.0,0.0,0.0,0.0,0.0,0.0,0.0,0.0,0.0,-17.0,-22.0,-18.0,-22.0,-19.0,-23.0,-19.0,-22.0,-19.0,-21.0,-17.0,-19.0,-15.0,-16.0,-12.0,-14.0,-8.0,-11.0,-3.0,-9.0,2.0,-7.0,8.0,-5.0,13.0,-4.0,18.0,-3.0,23.0,-3.0,26.0,-3.0,29.0,-4.0,31.0,-4.0,31.0,-6.0,30.0,-6.0,29.0,-6.0,26.0,-6.0,22.0,-6.0,17.0,-4.0,12.0,-2.0,8.0,1.0
0.0833,122.0,-96.0,7.0,0.0,0.0,0.0,0.0,0.0,0.0,0.0,0.0,0.0,-9.0,-26.0,-11.0,-27.0,-11.0,-28.0,-12.0,-27.0,-12.0,-25.0,-12.0,-24.0,-10.0,-20.0,-7.0,-17.0,-5.0,-13.0,-1.0,-10.0,3.0,-6.0,8.0,-2.0,13.0,0.0,17.0,2.0,22.0,4.0,25.0,5.0,28.0,5.0,30.0,5.0,32.0,5.0,31.0,3.0,30.0,3.0,27.0,2.0,24.0,1.0,19.0,1.0,14.0,2.0,9.0,3.0
0.0977,122.0,-96.0,7.0,0.0,0.0,0.0,0.0,0.0,0.0,0.0,0.0,0.0,11.0,-2.0,15.0,-2.0,19.0,-1.0,22.0,-2.0,24.0,-2.0,26.0,-3.0,27.0,-5.0,26.0,-5.0,25.0,-6.0,22.0,-5.0,19.0,-4.0,15.0,-3.0,11.0,-1.0,7.0,1.0,3.0,4.0,-1.0,8.0,-4.0,12.0,-7.0,15.0,-9.0,20.0,-10.0,22.0,-10.0,26.0,-10.0,26.0,-10.0,28.0,-8.0,27.0,-7.0,26.0,-6.0,23.0
0.1108,122.0,-96.0,7.0,0.0,0.0,0.0,0.0,0.0,0.0,0.0,0.0,0.0,19.0,-8.0,19.0,-8.0,20.0,-8.0,19.0,-9.0,20.0,-9.0,20.0,-9.0,20.0,-9.0,20.0,-9.0,20.0,-9.0,21.0,-9.0,20.0,-9.0,20.0,-9.0,21.0,-10.0,20.0,-10.0,21.0,-10.0,21.0,-10.0,21.0,-10.0,21.0,-11.0,21.0,-10.0,21.0,-11.0,21.0,-11.0,21.0,-11.0,21.0,-11.0,21.0,-11.0,21.0,-11.0,21.0,-11.0
0.1257,122.0,-96.0,7.0,0.0,0.0,0.0,0.0,0.0,0.0,0.0,0.0,0.0,-13.0,4.0,-14.0,4.0,-13.0,3.0,-14.0,4.0,-14.0,4.0,-14.0,5.0,-14.0,4.0,-14.0,5.0,-15.0,5.0,-14.0,5.0,-15.0,5.0,-15.0,5.0,-15.0,5.0,-15.0,5.0,-15.0,6.0,-15.0,6.0,-16.0,6.0,-15.0,6.0,-15.0,6.0,-15.0,6.0,-15.0,6.0,-15.0,7.0,-15.0,7.0,-16.0,7.0,-16.0,7.0,-16.0,8.0
0.14,122.0,-96.0,7.0,0.0,0.0,0.0,0.0,0.0,0.0,0.0,0.0,0.0,-11.0,-1.0,-7.0,-3.0,-2.0,-5.0,1.0,-9.0,5.0,-12.0,7.0,-16.0,9.0,-18.0,11.0,-21.0,11.0,-24.0,11.0,-25.0,10.0,-26.0,9.0,-26.0,7.0,-25.0,6.0,-23.0,5.0,-19.0,4.0,-15.0,4.0,-10.0,5.0,-5.0,6.0,0.0,7.0,5.0,10.0,10.0,12.0,14.0,15.0,16.0,17.0,18.0,19.0,19.0,21.0,19.0
0.1556,122.0,-96.0,7.0,0.0,0.0,0.0,0.0,0.0,0.0,0.0,0.0,0.0,-9.0,-7.0,-10.0,-7.0,-9.0,-6.0,-10.0,-7.0,-10.0,-7.0,-11.0,-7.0,-10.0,-7.0,-11.0,-6.0,-11.0,-7.0,-11.0,-7.0,-11.0,-7.0,-11.0,-7.0,-11.0,-7.0,-11.0,-7.0,-12.0,-7.0,-11.0,-7.0,-11.0,-7.0,-12.0,-7.0,-12.0,-7.0,-12.0,-7.0,-12.0,-7.0,-12.0,-6.0,-12.0,-6.0,-13.0,-7.0,-13.0,-6.0,-13.0,-6.0
0.1682,122.0,-96.0,7.0,0.0,0.0,0.0,0.0,0.0,0.0,0.0,0.0,0.0,-4.0,12.0,-6.0,16.0,-8.0,20.0,-9.0,23.0,-9.0,26.0,-9.0,28.0,-8.0,29.0,-7.0,29.0,-6.0,27.0,-5.0,24.0,-5.0,20.0,-5.0,16.0,-5.0,11.0,-6.0,5.0,-7.0,0.0,-9.0,-5.0,-12.0,-11.0,-14.0,-15.0,-18.0,-18.0,-21.0,-20.0,-24.0,-22.0,-25.0,-22.0,-26.0,-21.0,-25.0,-20.0,-24.0,-18.0,-22.0,-15.0
0.1817,122.0,-96.0,7.0,0.0,0.0,0.0,0.0,0.0,0.0,0.0,0.0,0.0,11.0,-3.0,15.0,-3.0,19.0,-3.0,21.0,-4.0,24.0,-4.0,25.0,-5.0,26.0,-7.0,25.0,-7.0,24.0,-8.0,22.0,-7.0,18.0,-5.0,15.0,-4.0,11.0,-2.0,7.0,1.0,3.0,4.0,0.0,8.0,-3.0,12.0,-6.0,16.0,-7.0,20.0,-8.0,23.0,-8.0,26.0,-8.0,27.0,-7.0,28.0,-6.0,27.0,-5.0,26.0,-4.0,24.0
0.1952,122.0,-96.0,7.0,0.0,0.0,0.0,0.0,0.0,0.0,0.0,0.0,0.0,0.0,13.0,1.0,13.0,1.0,13.0,1.0,13.0,1.0,13.0,1.0,14.0,1.0,14.0,1.0,14.0,1.0,14.0,1.0,14.0,2.0,15.0,1.0,15.0,2.0,15.0,2.0,15.0,1.0,15.0,2.0,15.0,2.0,15.0,2.0,15.0,2.0,16.0,2.0,16.0,2.0,16.0,3.0,16.0,3.0,15.0,4.0,16.0,3.0,16.0,4.0,16.0
0.2108,122.0,-96.0,7.0,0.0,0.0,0.0,0.0,0.0,0.0,0.0,0.0,0.0,8.0,7.0,11.0,10.0,13.0,13.0,15.0,15.0,17.0,16.0,19.0,18.0,20.0,17.0,21.0,16.0,20.0,15.0,18.0,13.0,15.0,12.0,11.0,10.0,7.0,8.0,3.0,6.0,-2.0,5.0,-7.0,5.0,-12.0,5.0,-17.0,5.0,-21.0,6.0,-24.0,8.0,-26.0,9.0,-27.0,10.0,-27.0,11.0,-27.0,12.0,-25.0,12.0,-22.0,11.0
0.2246,122.0,-96.0,7.0,0.0,0.0,0.0,0.0,0.0,0.0,0.0,0.0,0.0,11.0,-3.0,11.0,-3.0,11.0,-3.0,12.0,-3.0,11.0,-3.0,11.0,-3.0,12.0,-4.0,12.0,-4.0,12.0,-4.0,12.0,-4.0,13.0,-4.0,13.0,-4.0,13.0,-4.0,13.0,-4.0,12.0,-4.0,13.0,-5.0,13.0,-5.0,13.0,-5.0,13.0,-5.0,13.0,-6.0,13.0,-5.0,13.0,-6.0,13.0,-6.0,14.0,-6.0,13.0,-6.0,13.0,-6.0
0.2377,122.0,-96.0,7.0,0.0,0.0,0.0,0.0,0.0,0.0,0.0,0.0,0.0,16.0,-21.0,15.0,-19.0,13.0,-17.0,11.0,-13.0,9.0,-9.0,7.0,-4.0,6.0,1.0,5.0,6.0,5.0,11.0,5.0,16.0,6.0,20.0,7.0,24.0,8.0,27.0,10.0,28.0,11.0,29.0,12.0,28.0,12.0,26.0,11.0,24.0,10.0,20.0,7.0,17.0,4.0,13.0,0.0,9.0,-4.0,6.0,-8.0,2.0,-13.0,-1.0,-18.0,-3.0
0.2515,122.0,-96.0,7.0,0.0,0.0,0.0,0.0,0.0,0.0,0.0,0.0,0.0,8.0,-7.0,8.0,-8.0,7.0,-8.0,8.0,-8.0,8.0,-8.0,8.0,-8.0,8.0,-8.0,8.0,-9.0,8.0,-9.0,8.0,-9.0,8.0,-9.0,8.0,-9.0,8.0,-9.0,9.0,-9.0,8.0,-10.0,8.0,-9.0,9.0,-9.0,8.0,-10.0,8.0,-10.0,8.0,-10.0,8.0,-10.0,8.0,-10.0,8.0,-10.0,8.0,-10.0,8.0,-10.0,8.0,-11.0
0.2645,122.0,-96.0,7.0,0.0,0.0,0.0,0.0,0.0,0.0,0.0,0.0,0.0,-18.0,16.0,-19.0,17.0,-19.0,18.0,-18.0,18.0,-17.0,17.0,-15.0,16.0,-13.0,14.0,-12.0,11.0,-9.0,7.0,-8.0,2.0,-6.0,-3.0,-5.0,-8.0,-5.0,-12.0,-4.0,-17.0,-4.0,-21.0,-5.0,-24.0,-6.0,-27.0,-6.0,-28.0,-7.0,-28.0,-8.0,-28.0,-8.0,-26.0,-7.0,-23.0,-7.0,-21.0,-5.0,-16.0,-3.0,-12.0,0.0,-8.0
0.2781,122.0,-96.0,7.0,0.0,0.0,0.0,0.0,0.0,0.0,0.0,0.0,0.0,1.0,-12.0,2.0,-7.0,5.0,-3.0,8.0,1.0,11.0,5.0,15.0,8.0,18.0,11.0,21.0,13.0,24.0,13.0,26.0,14.0,27.0,13.0,27.0,12.0,26.0,10.0,24.0,9.0,21.0,8.0,17.0,6.0,12.0,6.0,7.0,6.0,1.0,6.0,-5.0,7.0,-10.0,9.0,-15.0,11.0,-19.0,13.0,-21.0,16.0,-24.0,18.0,-24.0,20.0
0.2922,122.0,-96.0,7.0,0.0,0.0,0.0,0.0,0.0,0.0,0.0,0.0,0.0,11.0,-1.0,15.0,0.0,18.0,0.0,22.0,0.0,24.0,0.0,26.0,-1.0,26.0,-2.0,26.0,-2.0,25.0,-3.0,22.0,-3.0,19.0,-2.0,15.0,-1.0,11.0,0.0,7.0,2.0,2.0,5.0,-1.0,8.0,-5.0,11.0,-8.0,15.0,-10.0,19.0,-12.0,21.0,-13.0,24.0,-12.0,26.0,-12.0,26.0,-11.0,26.0,-9.0,25.0,-8.0,23.0
0.3061,122.0,-96.0,7.0,0.0,0.0,0.0,0.0,0.0,0.0,0.0,0.0,0.0,-12.0,1.0,-12.0,2.0,-12.0,1.0,-12.0,1.0,-12.0,2.0,-13.0,2.0,-13.0,2.0,-13.0,2.0,-13.0,2.0,-13.0,2.0,-13.0,2.0,-13.0,2.0,-13.0,2.0,-13.0,3.0,-13.0,3.0,-14.0,3.0,-14.0,3.0,-14.0,3.0,-13.0,3.0,-14.0,3.0,-14.0,3.0,-14.0,3.0,-13.0,4.0,-14.0,4.0,-14.0,4.0,-14.0,4.0
0.3189,122.0,-96.0,7.0,0.0,0.0,0.0,0.0,0.0,0.0,0.0,0.0,0.0,8.0,8.0,3.0,7.0,-3.0,6.0,-8.0,6.0,-14.0,6.0,-20.0,8.0,-24.0,9.0,-28.0,11.0,-30.0,13.0,-31.0,14.0,-30.0,16.0,-29.0,17.0,-26.0,16.0,-24.0,16.0,-20.0,13.0,-16.0,9.0,-13.0,5.0,-9.0,-1.0,-6.0,-7.0,-4.0,-12.0,-2.0,-19.0,-1.0,-24.0,-2.0,-29.0,-3.0,-32.0,-4.0,-35.0,-5.0,-36.0
0.333,122.0,-96.0,7.0,0.0,0.0,0.0,0.0,0.0,0.0,0.0,0.0,0.0,-15.0,21.0,-13.0,19.0,-12.0,16.0,-10.0,13.0,-8.0,8.0,-8.0,4.0,-7.0,-2.0,-7.0,-7.0,-8.0,-13.0,-9.0,-17.0,-9.0,-21.0,-11.0,-24.0,-12.0,-26.0,-14.0,-28.0,-15.0,-28.0,-16.0,-27.0,-16.0,-25.0,-14.0,-22.0,-13.0,-19.0,-10.0,-16.0,-6.0,-13.0,-1.0,-9.0,4.0,-6.0,8.0,-3.0,14.0,-1.0,19.0,0.0
0.3482,122.0,-96.0,7.0,0.0,0.0,0.0,0.0,0.0,0.0,0.0,0.0,0.0,4.0,-11.0,7.0,-14.0,9.0,-17.0,11.0,-20.0,12.0,-22.0,12.0,-24.0,11.0,-24.0,10.0,-25.0,9.0,-23.0,8.0,-21.0,7.0,-18.0,7.0,-14.0,6.0,-10.0,5.0,-5.0,5.0,1.0,7.0,5.0,8.0,11.0,9.0,15.0,11.0,19.0,13.0,21.0,15.0,23.0,16.0,23.0,17.0,22.0,17.0,21.0,17.0,19.0,15.0,17.0
0.3645,122.0,-96.0,7.0,0.0,0.0,0.0,0.0,0.0,0.0,0.0,0.0,0.0,-11.0,-8.0,-11.0,-8.0,-11.0,-8.0,-11.0,-9.0,-12.0,-8.0,-12.0,-9.0,-12.0,-9.0,-12.0,-9.0,-12.0,-9.0,-13.0,-9.0,-13.0,-9.0,-13.0,-9.0,-13.0,-9.0,-13.0,-8.0,-14.0,-8.0,-14.0,-9.0,-13.0,-8.0,-14.0,-9.0,-14.0,-8.0,-14.0,-9.0,-14.0,-9.0,-14.0,-8.0,-15.0,-8.0,-15.0,-8.0,-15.0,-8.0,-15.0,-8.0
0.376,122.0,-96.0,7.0,0.0,0.0,0.0,0.0,0.0,0.0,0.0,0.0,0.0,-1.0,12.0,-3.0,7.0,-6.0,2.0,-11.0,-2.0,-15.0,-6.0,-20.0,-9.0,-24.0,-10.0,-28.0,-11.0,-31.0,-11.0,-32.0,-11.0,-33.0,-11.0,-32.0,-9.0,-31.0,-7.0,-29.0,-6.0,-24.0,-5.0,-18.0,-5.0,-13.0,-5.0,-7.0,-6.0,-1.0,-9.0,5.0,-11.0,11.0,-15.0,15.0,-18.0,18.0,-22.0,20.0,-25.0,21.0,-27.0,21.0,-29.0
0.3914,122.0,-96.0,7.0,0.0,0.0,0.0,0.0,0.0,0.0,0.0,0.0,0.0,2.0,-12.0,3.0,-15.0,4.0,-19.0,5.0,-22.0,5.0,-24.0,5.0,-26.0,4.0,-27.0,3.0,-27.0,3.0,-25.0,2.0,-23.0,3.0,-19.0,3.0,-15.0,3.0,-10.0,4.0,-6.0,5.0,-1.0,7.0,3.0,10.0,8.0,13.0,11.0,16.0,14.0,19.0,16.0,21.0,17.0,22.0,17.0,23.0,17.0,22.0,15.0,21.0,14.0,19.0,12.0
0.3949,98.0,33.0,22.0,0.0,0.0,0.0,0.0,0.0,0.0,0.0,0.0,0.0,-17.0,5.0,-20.0,7.0,-21.0,9.0,-23.0,10.0,-24.0,11.0,-23.0,11.0,-23.0,11.0,-20.0,12.0,-18.0,11.0,-14.0,11.0,-10.0,10.0,-6.0,9.0,-1.0,7.0,3.0,5.0,8.0,3.0,12.0,0.0,15.0,-4.0,18.0,-7.0,21.0,-10.0,23.0,-13.0,25.0,-16.0,25.0,-17.0,24.0,-18.0,22.0,-18.0,20.0,-16.0,16.0,-15.0
0.4113,122.0,-96.0,7.0,0.0,0.0,0.0,0.0,0.0,0.0,0.0,0.0,0.0,-9.0,-10.0,-4.0,-8.0,2.0,-7.0,7.0,-6.0,13.0,-6.0,19.0,-7.0,23.0,-8.0,27.0,-9.0,29.0,-11.0,30.0,-12.0,31.0,-14.0,29.0,-15.0,28.0,-14.0,25.0,-15.0,21.0,-13.0,17.0,-9.0,13.0,-6.0,9.0,-1.0,6.0,5.0,2.0,9.0,1.0,15.0,-1.0,21.0,-1.0,26.0,0.0,30.0,0.0,33.0,1.0,35.0
0.4255,122.0,-96.0,7.0,0.0,0.0,0.0,0.0,0.0,0.0,0.0,0.0,0.0,-2.0,-12.0,-2.0,-12.0,-2.0,-12.0,-2.0,-13.0,-2.0,-13.0,-2.0,-13.0,-2.0,-13.0,-3.0,-13.0,-3.0,-13.0,-3.0,-13.0,-3.0,-14.0,-2.0,-14.0,-3.0,-14.0,-3.0,-14.0,-3.0,-14.0,-3.0,-14.0,-3.0,-14.0,-4.0,-14.0,-4.0,-14.0,-3.0,-14.0,-4.0,-14.0,-4.0,-14.0,-4.0,-14.0,-4.0,-14.0,-5.0,-14.0,-4.0,-15.0
0.4392,122.0,-96.0,7.0,0.0,0.0,0.0,0.0,0.0,0.0,0.0,0.0,0.0,-3.0,-12.0,-2.0,-12.0,-3.0,-12.0,-3.0,-13.0,-3.0,-13.0,-3.0,-13.0,-3.0,-13.0,-3.0,-13.0,-3.0,-13.0,-3.0,-13.0,-3.0,-13.0,-3.0,-14.0,-3.0,-14.0,-3.0,-13.0,-3.0,-14.0,-3.0,-14.0,-4.0,-14.0,-4.0,-14.0,-4.0,-14.0,-4.0,-14.0,-4.0,-14.0,-4.0,-15.0,-4.0,-14.0,-4.0,-14.0,-4.0,-15.0,-5.0,-14.0
0.4547,122.0,-96.0,7.0,0.0,0.0,0.0,0.0,0.0,0.0,0.0,0.0,0.0,1.0,-16.0,3.0,-10.0,7.0,-4.0,10.0,1.0,15.0,6.0,19.0,10.0,24.0,14.0,28.0,16.0,32.0,18.0,34.0,17.0,35.0,15.0,36.0,14.0,34.0,13.0,33.0,10.0,28.0,9.0,22.0,8.0,16.0,7.0,10.0,7.0,2.0,8.0,-5.0,9.0,-12.0,13.0,-18.0,15.0,-23.0,19.0,-26.0,23.0,-29.0,26.0,-30.0,28.0
0.459,-120.0,-126.0,40.0,0.0,0.0,0.0,0.0,0.0,0.0,0.0,0.0,0.0,16.0,-7.0,18.0,-9.0,19.0,-12.0,20.0,-13.0,21.0,-13.0,21.0,-14.0,20.0,-15.0,18.0,-15.0,15.0,-14.0,12.0,-13.0,8.0,-12.0,4.0,-10.0,-1.0,-8.0,-5.0,-5.0,-9.0,-3.0,-13.0,1.0,-16.0,4.0,-19.0,7.0,-22.0,12.0,-23.0,15.0,-24.0,18.0,-24.0,19.0,-23.0,20.0,-21.0,19.0,-18.0,18.0,-16.0,16.0
0.4734,122.0,-96.0,7.0,0.0,0.0,0.0,0.0,0.0,0.0,0.0,0.0,0.0,-23.0,4.0,-24.0,6.0,-25.0,7.0,-24.0,7.0,-23.0,7.0,-21.0,7.0,-18.0,6.0,-15.0,4.0,-12.0,2.0,-8.0,-2.0,-4.0,-5.0,-1.0,-9.0,2.0,-13.0,4.0,-16.0,5.0,-20.0,6.0,-23.0,7.0,-26.0,7.0,-27.0,6.0,-28.0,5.0,-27.0,5.0,-26.0,3.0,-24.0,3.0,-21.0,3.0,-16.0,2.0,-12.0,3.0,-7.0
0.4876,122.0,-96.0,7.0,0.0,0.0,0.0,0.0,0.0,0.0,0.0,0.0,0.0,22.0,-5.0,23.0,-7.0,24.0,-7.0,23.0,-7.0,22.0,-8.0,20.0,-7.0,18.0,-7.0,14.0,-5.0,11.0,-3.0,7.0,1.0,3.0,4.0,0.0,8.0,-3.0,12.0,-5.0,15.0,-6.0,19.0,-7.0,22.0,-8.0,24.0,-8.0,26.0,-7.0,27.0,-7.0,27.0,-6.0,25.0,-5.0,23.0,-4.0,20.0,-3.0,15.0,-4.0,11.0,-4.0,6.0
0.5014,122.0,-96.0,7.0,0.0,0.0,0.0,0.0,0.0,0.0,0.0,0.0,0.0,-15.0,5.0,-15.0,5.0,-15.0,5.0,-16.0,5.0,-15.0,5.0,-16.0,5.0,-16.0,5.0,-16.0,6.0,-17.0,5.0,-16.0,5.0,-17.0,6.0,-17.0,6.0,-17.0,6.0,-17.0,6.0,-17.0,6.0,-17.0,6.0,-17.0,7.0,-17.0,7.0,-17.0,7.0,-17.0,7.0,-17.0,7.0,-18.0,8.0,-17.0,8.0,-18.0,8.0,-18.0,8.0,-18.0,9.0
0.5157,122.0,-96.0,7.0,0.0,0.0,0.0,0.0,0.0,0.0,0.0,0.0,0.0,-6.0,9.0,-9.0,12.0,-11.0,15.0,-13.0,17.0,-13.0,19.0,-14.0,21.0,-13.0,22.0,-13.0,23.0,-12.0,22.0,-10.0,19.0,-10.0,16.0,-8.0,13.0,-7.0,9.0,-7.0,4.0,-6.0,0.0,-7.0,-5.0,-8.0,-11.0,-9.0,-15.0,-11.0,-18.0,-13.0,-21.0,-14.0,-23.0,-16.0,-24.0,-17.0,-24.0,-17.0,-23.0,-17.0,-21.0,-16.0,-19.0
0.5293,122.0,-96.0,7.0,0.0,0.0,0.0,0.0,0.0,0.0,0.0,0.0,0.0,19.0,-14.0,17.0,-12.0,15.0,-11.0,12.0,-8.0,9.0,-6.0,7.0,-2.0,4.0,2.0,3.0,7.0,1.0,11.0,1.0,16.0,0.0,19.0,0.0,22.0,1.0,25.0,2.0,26.0,3.0,27.0,3.0,26.0,3.0,24.0,3.0,22.0,3.0,19.0,2.0,16.0,0.0,11.0,-3.0,7.0,-6.0,3.0,-9.0,-1.0,-12.0,-5.0,-16.0,-7.0
0.5438,122.0,-96.0,7.0,0.0,0.0,0.0,0.0,0.0,0.0,0.0,0.0,0.0,21.0,-7.0,23.0,-8.0,23.0,-9.0,23.0,-9.0,21.0,-9.0,20.0,-8.0,17.0,-8.0,14.0,-6.0,11.0,-3.0,7.0,0.0,4.0,4.0,1.0,8.0,-2.0,12.0,-4.0,15.0,-5.0,19.0,-6.0,22.0,-6.0,24.0,-6.0,26.0,-5.0,27.0,-5.0,27.0,-4.0,26.0,-3.0,23.0,-2.0,20.0,-3.0,15.0,-3.0,11.0,-4.0,7.0
0.556,122.0,-96.0,7.0,0.0,0.0,0.0,0.0,0.0,0.0,0.0,0.0,0.0,11.0,5.0,12.0,5.0,12.0,5.0,13.0,5.0,13.0,5.0,13.0,5.0,13.0,5.0,13.0,5.0,13.0,5.0,14.0,6.0,14.0,6.0,14.0,6.0,14.0,6.0,14.0,6.0,14.0,5.0,14.0,6.0,14.0,5.0,15.0,5.0,15.0,5.0,15.0,5.0,15.0,5.0,15.0,5.0,16.0,5.0,15.0,5.0,15.0,5.0,16.0,5.0
0.5721,122.0,-96.0,7.0,0.0,0.0,0.0,0.0,0.0,0.0,0.0,0.0,0.0,-23.0,-2.0,-21.0,-2.0,-18.0,-2.0,-15.0,-2.0,-11.0,-3.0,-7.0,-4.0,-3.0,-6.0,2.0,-9.0,5.0,-12.0,8.0,-14.0,10.0,-17.0,12.0,-19.0,13.0,-22.0,13.0,-24.0,13.0,-24.0,11.0,-24.0,10.0,-23.0,9.0,-21.0,7.0,-18.0,6.0,-14.0,6.0,-9.0,5.0,-4.0,6.0,1.0,6.0,6.0,7.0,11.0,9.0,15.0
0.585,122.0,-96.0,7.0,0.0,0.0,0.0,0.0,0.0,0.0,0.0,0.0,0.0,-7.0,11.0,-7.0,11.0,-7.0,11.0,-7.0,11.0,-7.0,11.0,-7.0,12.0,-7.0,12.0,-7.0,12.0,-7.0,12.0,-7.0,13.0,-7.0,12.0,-7.0,13.0,-8.0,13.0,-7.0,13.0,-7.0,13.0,-7.0,13.0,-6.0,13.0,-7.0,14.0,-7.0,14.0,-6.0,14.0,-6.0,14.0,-6.0,14.0,-6.0,15.0,-6.0,15.0,-6.0,14.0,-6.0,15.0
0.5982,122.0,-96.0,7.0,0.0,0.0,0.0,0.0,0.0,0.0,0.0,0.0,0.0,-27.0,11.0,-28.0,12.0,-28.0,13.0,-27.0,14.0,-26.0,14.0,-24.0,13.0,-21.0,11.0,-17.0,8.0,-13.0,4.0,-10.0,0.0,-6.0,-5.0,-3.0,-11.0,-1.0,-16.0,1.0,-21.0,2.0,-26.0,2.0,-30.0,2.0,-33.0,2.0,-35.0,0.0,-35.0,-1.0,-34.0,0.0,-32.0,-2.0,-29.0,-1.0,-25.0,-1.0,-19.0,1.0,-13.0,3.0,-8.0
0.6032,98.0,33.0,22.0,0.0,0.0,0.0,0.0,0.0,0.0,0.0,0.0,0.0,-4.0,-11.0,-8.0,-8.0,-12.0,-5.0,-14.0,-5.0,-18.0,-2.0,-21.0,1.0,-23.0,5.0,-25.0,3.0,-26.0,6.0,-24.0,7.0,-25.0,8.0,-22.0,8.0,-20.0,10.0,-16.0,11.0,-11.0,11.0,-9.0,8.0,-4.0,7.0,1.0,4.0,7.0,2.0,13.0,-2.0,17.0,-3.0,22.0,-6.0,27.0,-8.0,30.0,-11.0,32.0,-12.0,34.0,-13.0
0.6183,122.0,-96.0,7.0,0.0,0.0,0.0,0.0,0.0,0.0,0.0,0.0,0.0,-11.0,-2.0,-12.0,-2.0,-12.0,-2.0,-12.0,-2.0,-12.0,-2.0,-13.0,-3.0,-13.0,-2.0,-13.0,-2.0,-13.0,-2.0,-13.0,-3.0,-13.0,-2.0,-13.0,-2.0,-13.0,-2.0,-14.0,-2.0,-14.0,-2.0,-13.0,-2.0,-14.0,-2.0,-14.0,-2.0,-14.0,-2.0,-14.0,-2.0,-14.0,-2.0,-14.0,-2.0,-15.0,-2.0,-15.0,-1.0,-15.0,-1.0,-15.0,-1.0
0.6334,122.0,-96.0,7.0,0.0,0.0,0.0,0.0,0.0,0.0,0.0,0.0,0.0,5.0,13.0,6.0,13.0,6.0,13.0,6.0,14.0,6.0,14.0,6.0,14.0,6.0,14.0,7.0,14.0,6.0,14.0,7.0,15.0,6.0,15.0,7.0,15.0,7.0,15.0,7.0,15.0,7.0,15.0,7.0,15.0,8.0,15.0,7.0,15.0,8.0,15.0,8.0,15.0,8.0,15.0,8.0,15.0,8.0,15.0,9.0,15.0,9.0,15.0,10.0,15.0
0.6456,122.0,-96.0,7.0,0.0,0.0,0.0,0.0,0.0,0.0,0.0,0.0,0.0,-1.0,11.0,-2.0,7.0,-5.0,3.0,-8.0,-1.0,-12.0,-4.0,-16.0,-7.0,-20.0,-9.0,-23.0,-10.0,-26.0,-10.0,-27.0,-10.0,-28.0,-9.0,-28.0,-8.0,-27.0,-7.0,-25.0,-5.0,-22.0,-5.0,-17.0,-4.0,-13.0,-4.0,-8.0,-5.0,-3.0,-7.0,2.0,-9.0,7.0,-11.0,11.0,-15.0,14.0,-18.0,16.0,-21.0,17.0,-23.0,18.0,-25.0
0.6588,122.0,-96.0,7.0,0.0,0.0,0.0,0.0,0.0,0.0,0.0,0.0,0.0,-1.0,-11.0,-1.0,-12.0,-1.0,-12.0,0.0,-12.0,-1.0,-13.0,-1.0,-12.0,-1.0,-13.0,-1.0,-13.0,-1.0,-13.0,-1.0,-13.0,-1.0,-13.0,-1.0,-14.0,-1.0,-14.0,-2.0,-14.0,-1.0,-14.0,-2.0,-14.0,-2.0,-13.0,-2.0,-14.0,-2.0,-14.0,-2.0,-14.0,-2.0,-14.0,-3.0,-14.0,-3.0,-14.0,-3.0,-15.0,-3.0,-14.0,-3.0,-15.0
0.6723,122.0,-96.0,7.0,0.0,0.0,0.0,0.0,0.0,0.0,0.0,0.0,0.0,3.0,14.0,-1.0,9.0,-5.0,5.0,-11.0,2.0,-16.0,-2.0,-22.0,-4.0,-27.0,-4.0,-32.0,-5.0,-35.0,-4.0,-37.0,-4.0,-38.0,-3.0,-37.0,-2.0,-35.0,-1.0,-33.0,1.0,-28.0,1.0,-23.0,0.0,-17.0,-2.0,-11.0,-4.0,-5.0,-8.0,0.0,-11.0,5.0,-17.0,9.0,-22.0,13.0,-26.0,15.0,-30.0,15.0,-34.0,15.0,-36.0
0.6867,122.0,-96.0,7.0,0.0,0.0,0.0,0.0,0.0,0.0,0.0,0.0,0.0,-8.0,7.0,-9.0,7.0,-8.0,7.0,-9.0,8.0,-9.0,8.0,-9.0,8.0,-9.0,8.0,-9.0,8.0,-10.0,9.0,-9.0,8.0,-9.0,8.0,-9.0,9.0,-10.0,9.0,-10.0,9.0,-9.0,9.0,-10.0,9.0,-10.0,9.0,-9.0,9.0,-9.0,10.0,-10.0,10.0,-10.0,10.0,-9.0,10.0,-9.0,11.0,-9.0,11.0,-9.0,11.0,-9.0,11.0
0.7006,122.0,-96.0,7.0,0.0,0.0,0.0,0.0,0.0,0.0,0.0,0.0,0.0,6.0,-22.0,5.0,-24.0,5.0,-24.0,4.0,-25.0,3.0,-24.0,3.0,-22.0,2.0,-19.0,2.0,-16.0,3.0,-12.0,4.0,-7.0,5.0,-2.0,7.0,2.0,9.0,6.0,11.0,10.0,14.0,13.0,16.0,15.0,18.0,17.0,19.0,18.0,20.0,17.0,21.0,16.0,20.0,15.0,18.0,13.0,16.0,11.0,12.0,9.0,8.0,7.0,4.0,6.0
0.7139,122.0,-96.0,7.0,0.0,0.0,0.0,0.0,0.0,0.0,0.0,0.0,0.0,2.0,22.0,2.0,20.0,2.0,17.0,1.0,14.0,0.0,10.0,-3.0,7.0,-5.0,3.0,-8.0,0.0,-12.0,-4.0,-15.0,-6.0,-17.0,-8.0,-20.0,-9.0,-23.0,-10.0,-25.0,-10.0,-26.0,-9.0,-26.0,-9.0,-25.0,-7.0,-22.0,-6.0,-20.0,-5.0,-16.0,-5.0,-12.0,-5.0,-7.0,-5.0,-2.0,-6.0,3.0,-7.0,7.0,-9.0,11.0,-12.0
0.7184,98.0,33.0,22.0,0.0,0.0,0.0,0.0,0.0,0.0,0.0,0.0,0.0,-14.0,7.0,-15.0,10.0,-16.0,11.0,-18.0,12.0,-18.0,13.0,-18.0,13.0,-17.0,13.0,-15.0,13.0,-13.0,12.0,-10.0,11.0,-7.0,10.0,-4.0,8.0,0.0,6.0,4.0,4.0,7.0,2.0,11.0,-2.0,14.0,-4.0,17.0,-7.0,19.0,-10.0,21.0,-13.0,21.0,-14.0,21.0,-15.0,21.0,-17.0,19.0,-16.0,17.0,-15.0,14.0,-14.0
0.7325,122.0,-96.0,7.0,0.0,0.0,0.0,0.0,0.0,0.0,0.0,0.0,0.0,20.0,-16.0,18.0,-14.0,16.0,-13.0,13.0,-10.0,10.0,-7.0,8.0,-3.0,6.0,1.0,4.0,6.0,2.0,11.0,1.0,16.0,1.0,20.0,1.0,23.0,2.0,26.0,3.0,28.0,4.0,29.0,5.0,28.0,6.0,27.0,5.0,25.0,5.0,22.0,4.0,18.0,2.0,14.0,-1.0,10.0,-4.0,5.0,-8.0,1.0,-12.0,-3.0,-16.0,-5.0
0.7469,122.0,-96.0,7.0,0.0,0.0,0.0,0.0,0.0,0.0,0.0,0.0,0.0,19.0,10.0,21.0,10.0,21.0,10.0,22.0,10.0,21.0,9.0,19.0,8.0,17.0,7.0,13.0,6.0,10.0,6.0,5.0,5.0,0.0,5.0,-5.0,6.0,-9.0,7.0,-13.0,9.0,-17.0,10.0,-19.0,11.0,-22.0,13.0,-23.0,14.0,-23.0,15.0,-22.0,16.0,-21.0,15.0,-19.0,14.0,-16.0,13.0,-13.0,10.0,-10.0,6.0,-8.0,2.0
0.7609,122.0,-96.0,7.0,0.0,0.0,0.0,0.0,0.0,0.0,0.0,0.0,0.0,5.0,12.0,5.0,13.0,5.0,13.0,6.0,14.0,5.0,13.0,6.0,14.0,5.0,14.0,7.0,14.0,6.0,14.0,6.0,14.0,6.0,14.0,7.0,15.0,7.0,15.0,7.0,15.0,7.0,15.0,7.0,15.0,8.0,15.0,8.0,15.0,8.0,15.0,8.0,15.0,8.0,15.0,9.0,15.0,9.0,15.0,9.0,15.0,9.0,15.0,10.0,15.0
0.7746,122.0,-96.0,7.0,0.0,0.0,0.0,0.0,0.0,0.0,0.0,0.0,0.0,19.0,10.0,21.0,10.0,22.0,10.0,22.0,10.0,21.0,9.0,19.0,8.0,17.0,7.0,13.0,6.0,10.0,5.0,5.0,6.0,0.0,5.0,-5.0,6.0,-9.0,7.0,-14.0,8.0,-17.0,10.0,-20.0,11.0,-22.0,13.0,-23.0,14.0,-23.0,15.0,-22.0,15.0,-21.0,15.0,-19.0,14.0,-16.0,12.0,-13.0,10.0,-10.0,6.0,-8.0,2.0
0.7892,122.0,-96.0,7.0,0.0,0.0,0.0,0.0,0.0,0.0,0.0,0.0,0.0,4.0,-14.0,3.0,-15.0,4.0,-14.0,4.0,-15.0,4.0,-15.0,5.0,-16.0,4.0,-16.0,4.0,-17.0,5.0,-15.0,4.0,-17.0,4.0,-16.0,4.0,-17.0,4.0,-16.0,5.0,-17.0,5.0,-17.0,4.0,-17.0,4.0,-17.0,4.0,-18.0,4.0,-18.0,4.0,-18.0,4.0,-18.0,3.0,-18.0,4.0,-19.0,4.0,-19.0,4.0,-19.0,4.0,-19.0
0.8031,122.0,-96.0,7.0,0.0,0.0,0.0,0.0,0.0,0.0,0.0,0.0,0.0,7.0,10.0,8.0,15.0,9.0,19.0,11.0,22.0,13.0,25.0,16.0,27.0,17.0,27.0,17.0,26.0,17.0,24.0,16.0,22.0,13.0,19.0,10.0,16.0,6.0,12.0,2.0,9.0,-3.0,6.0,-9.0,4.0,-15.0,2.0,-20.0,1.0,-26.0,0.0,-30.0,1.0,-33.0,2.0,-34.0,2.0,-35.0,3.0,-34.0,4.0,-33.0,5.0,-29.0,5.0
0.8179,122.0,-96.0,7.0,0.0,0.0,0.0,0.0,0.0,0.0,0.0,0.0,0.0,11.0,-3.0,7.0,0.0,4.0,3.0,1.0,7.0,-2.0,11.0,-3.0,16.0,-5.0,19.0,-6.0,23.0,-6.0,26.0,-5.0,27.0,-4.0,28.0,-4.0,28.0,-2.0,26.0,-1.0,25.0,-1.0,21.0,-1.0,17.0,-2.0,13.0,-4.0,8.0,-6.0,3.0,-9.0,-2.0,-12.0,-7.0,-16.0,-10.0,-19.0,-12.0,-23.0,-14.0,-25.0,-15.0,-26.0,-15.0
0.8321,122.0,-96.0,7.0,0.0,0.0,0.0,0.0,0.0,0.0,0.0,0.0,0.0,22.0,1.0,20.0,1.0,18.0,1.0,14.0,1.0,10.0,2.0,6.0,3.0,2.0,5.0,-2.0,7.0,-6.0,9.0,-9.0,12.0,-12.0,14.0,-14.0,17.0,-15.0,19.0,-15.0,21.0,-15.0,22.0,-14.0,22.0,-13.0,21.0,-11.0,19.0,-10.0,17.0,-8.0,14.0,-7.0,9.0,-6.0,5.0,-6.0,0.0,-6.0,-5.0,-7.0,-10.0,-9.0,-15.0
0.845,122.0,-96.0,7.0,0.0,0.0,0.0,0.0,0.0,0.0,0.0,0.0,0.0,13.0,-3.0,13.0,-4.0,14.0,-3.0,14.0,-4.0,14.0,-4.0,15.0,-4.0,14.0,-4.0,15.0,-5.0,14.0,-4.0,14.0,-5.0,16.0,-5.0,16.0,-5.0,16.0,-5.0,15.0,-6.0,15.0,-6.0,16.0,-6.0,16.0,-6.0,15.0,-6.0,16.0,-6.0,16.0,-7.0,16.0,-6.0,16.0,-7.0,16.0,-7.0,16.0,-8.0,16.0,-7.0,17.0,-8.0
0.8595,122.0,-96.0,7.0,0.0,0.0,0.0,0.0,0.0,0.0,0.0,0.0,0.0,9.0,3.0,10.0,3.0,10.0,3.0,10.0,3.0,10.0,3.0,11.0,3.0,10.0,3.0,11.0,2.0,11.0,3.0,11.0,3.0,11.0,3.0,11.0,3.0,12.0,3.0,11.0,3.0,12.0,3.0,12.0,3.0,12.0,3.0,12.0,3.0,12.0,3.0,12.0,2.0,12.0,3.0,12.0,3.0,13.0,2.0,13.0,2.0,13.0,2.0,13.0,2.0
0.8724,122.0,-96.0,7.0,0.0,0.0,0.0,0.0,0.0,0.0,0.0,0.0,0.0,-10.0,2.0,-14.0,2.0,-18.0,2.0,-21.0,2.0,-23.0,3.0,-25.0,4.0,-25.0,5.0,-25.0,6.0,-24.0,6.0,-22.0,6.0,-19.0,5.0,-16.0,3.0,-13.0,2.0,-9.0,-1.0,-5.0,-3.0,-2.0,-7.0,1.0,-11.0,3.0,-15.0,5.0,-19.0,6.0,-22.0,7.0,-25.0,7.0,-26.0,6.0,-27.0,5.0,-28.0,4.0,-27.0,3.0,-25.0
0.8857,122.0,-96.0,7.0,0.0,0.0,0.0,0.0,0.0,0.0,0.0,0.0,0.0,-5.0,9.0,-7.0,11.0,-9.0,15.0,-11.0,17.0,-12.0,20.0,-12.0,21.0,-12.0,22.0,-11.0,23.0,-10.0,22.0,-9.0,20.0,-8.0,17.0,-7.0,13.0,-7.0,10.0,-6.0,5.0,-6.0,1.0,-7.0,-4.0,-8.0,-9.0,-9.0,-14.0,-11.0,-16.0,-14.0,-20.0,-15.0,-21.0,-16.0,-22.0,-18.0,-23.0,-17.0,-21.0,-18.0,-20.0,-16.0,-18.0
0.9004,122.0,-96.0,7.0,0.0,0.0,0.0,0.0,0.0,0.0,0.0,0.0,0.0,-6.0,13.0,-5.0,12.0,-5.0,13.0,-7.0,14.0,-6.0,13.0,-6.0,14.0,-5.0,14.0,-5.0,15.0,-6.0,15.0,-5.0,14.0,-6.0,15.0,-6.0,16.0,-6.0,15.0,-5.0,16.0,-5.0,17.0,-5.0,16.0,-5.0,16.0,-4.0,17.0,-5.0,17.0,-5.0,17.0,-5.0,17.0,-5.0,17.0,-4.0,18.0,-4.0,18.0,-4.0,18.0,-4.0,18.0
0.9143,122.0,-96.0,7.0,0.0,0.0,0.0,0.0,0.0,0.0,0.0,0.0,0.0,-14.0,17.0,-13.0,16.0,-11.0,14.0,-9.0,11.0,-8.0,7.0,-7.0,3.0,-6.0,-1.0,-6.0,-6.0,-6.0,-10.0,-7.0,-14.0,-7.0,-18.0,-8.0,-21.0,-10.0,-23.0,-12.0,-24.0,-13.0,-24.0,-13.0,-23.0,-13.0,-22.0,-12.0,-20.0,-11.0,-17.0,-8.0,-14.0,-5.0,-11.0,-2.0,-8.0,3.0,-6.0,7.0,-3.0,11.0,-1.0,16.0,0.0
0.9261,122.0,-96.0,7.0,0.0,0.0,0.0,0.0,0.0,0.0,0.0,0.0,0.0,12.0,0.0,12.0,0.0,13.0,1.0,13.0,1.0,13.0,0.0,13.0,1.0,13.0,0.0,14.0,0.0,14.0,1.0,14.0,1.0,14.0,1.0,15.0,0.0,14.0,1.0,14.0,0.0,15.0,0.0,15.0,1.0,15.0,0.0,15.0,0.0,15.0,0.0,15.0,0.0,15.0,0.0,15.0,0.0,16.0,0.0,16.0,-1.0,15.0,-1.0,16.0,-1.0
0.9429,122.0,-96.0,7.0,0.0,0.0,0.0,0.0,0.0,0.0,0.0,0.0,0.0,-8.0,-11.0,-8.0,-11.0,-9.0,-11.0,-9.0,-11.0,-9.0,-11.0,-9.0,-11.0,-9.0,-12.0,-10.0,-11.0,-10.0,-12.0,-10.0,-12.0,-10.0,-12.0,-9.0,-12.0,-10.0,-12.0,-10.0,-12.0,-11.0,-12.0,-11.0,-12.0,-10.0,-12.0,-11.0,-12.0,-11.0,-12.0,-11.0,-12.0,-11.0,-12.0,-11.0,-12.0,-12.0,-12.0,-11.0,-12.0,-11.0,-12.0,-12.0,-12.0
0.9553,122.0,-96.0,7.0,0.0,0.0,0.0,0.0,0.0,0.0,0.0,0.0,0.0,21.0,12.0,23.0,12.0,24.0,12.0,24.0,11.0,23.0,10.0,21.0,10.0,18.0,8.0,15.0,7.0,10.0,6.0,5.0,6.0,0.0,6.0,-5.0,6.0,-11.0,8.0,-15.0,9.0,-19.0,10.0,-22.0,12.0,-24.0,14.0,-26.0,15.0,-26.0,16.0,-25.0,17.0,-24.0,16.0,-21.0,15.0,-18.0,14.0,-15.0,10.0,-11.0,6.0,-8.0,2.0
0.9698,122.0,-96.0,7.0,0.0,0.0,0.0,0.0,0.0,0.0,0.0,0.0,0.0,-2.0,-13.0,-2.0,-14.0,-2.0,-14.0,-2.0,-14.0,-2.0,-14.0,-2.0,-15.0,-2.0,-15.0,-3.0,-15.0,-2.0,-15.0,-2.0,-15.0,-3.0,-15.0,-3.0,-15.0,-3.0,-15.0,-3.0,-16.0,-3.0,-16.0,-3.0,-16.0,-3.0,-16.0,-4.0,-16.0,-4.0,-16.0,-4.0,-16.0,-4.0,-16.0,-5.0,-16.0,-4.0,-16.0,-5.0,-17.0,-4.0,-16.0,-5.0,-17.0
0.9837,122.0,-96.0,7.0,0.0,0.0,0.0,0.0,0.0,0.0,0.0,0.0,0.0,5.0,-12.0,5.0,-13.0,5.0,-13.0,5.0,-13.0,5.0,-13.0,5.0,-14.0,5.0,-14.0,5.0,-14.0,5.0,-14.0,5.0,-14.0,5.0,-14.0,6.0,-14.0,6.0,-14.0,5.0,-14.0,5.0,-15.0,5.0,-15.0,5.0,-15.0,5.0,-15.0,5.0,-16.0,5.0,-16.0,5.0,-16.0,5.0,-15.0,4.0,-16.0,4.0,-16.0,4.0,-16.0,4.0,-17.0
0.9972,122.0,-96.0,7.0,0.0,0.0,0.0,0.0,0.0,0.0,0.0,0.0,0.0,15.0,18.0,17.0,20.0,18.0,19.0,18.0,19.0,18.0,18.0,16.0,16.0,14.0,14.0,11.0,12.0,8.0,10.0,2.0,8.0,-2.0,6.0,-7.0,4.0,-13.0,4.0,-17.0,3.0,-22.0,3.0,-25.0,3.0,-28.0,4.0,-29.0,4.0,-30.0,6.0,-29.0,7.0,-28.0,7.0,-25.0,6.0,-22.0,6.0,-18.0,4.0,-13.0,2.0,-9.0,-1.0
1.0125,122.0,-96.0,7.0,0.0,0.0,0.0,0.0,0.0,0.0,0.0,0.0,0.0,-9.0,6.0,-8.0,6.0,-9.0,6.0,-9.0,7.0,-9.0,7.0,-9.0,7.0,-9.0,7.0,-9.0,7.0,-9.0,7.0,-9.0,7.0,-10.0,7.0,-10.0,7.0,-10.0,8.0,-10.0,8.0,-9.0,8.0,-10.0,8.0,-10.0,8.0,-9.0,9.0,-9.0,8.0,-9.0,9.0,-10.0,9.0,-9.0,9.0,-9.0,9.0,-9.0,9.0,-9.0,9.0,-9.0,10.0
1.0265,122.0,-96.0,7.0,0.0,0.0,0.0,0.0,0.0,0.0,0.0,0.0,0.0,16.0,22.0,15.0,20.0,13.0,18.0,10.0,14.0,6.0,11.0,2.0,9.0,-3.0,6.0,-9.0,4.0,-14.0,2.0,-19.0,2.0,-23.0,2.0,-27.0,2.0,-31.0,3.0,-33.0,4.0,-34.0,5.0,-33.0,6.0,-31.0,7.0,-28.0,6.0,-24.0,6.0,-20.0,4.0,-15.0,1.0,-10.0,-2.0,-6.0,-6.0,-1.0,-10.0,3.0,-14.0,5.0,-20.0
1.0416,122.0,-96.0,7.0,0.0,0.0,0.0,0.0,0.0,0.0,0.0,0.0,0.0,7.0,8.0,9.0,12.0,11.0,15.0,13.0,18.0,15.0,20.0,17.0,21.0,19.0,21.0,19.0,20.0,18.0,18.0,17.0,17.0,14.0,15.0,11.0,12.0,8.0,10.0,3.0,7.0,-2.0,5.0,-7.0,5.0,-13.0,4.0,-18.0,4.0,-22.0,5.0,-26.0,5.0,-28.0,7.0,-29.0,7.0,-30.0,9.0,-29.0,9.0,-27.0,10.0,-25.0,9.0
1.0567,122.0,-96.0,7.0,0.0,0.0,0.0,0.0,0.0,0.0,0.0,0.0,0.0,-13.0,5.0,-13.0,5.0,-13.0,5.0,-14.0,5.0,-13.0,5.0,-14.0,6.0,-14.0,5.0,-14.0,6.0,-14.0,6.0,-14.0,6.0,-14.0,6.0,-15.0,6.0,-15.0,6.0,-14.0,6.0,-14.0,7.0,-15.0,7.0,-15.0,7.0,-14.0,7.0,-15.0,8.0,-15.0,8.0,-15.0,8.0,-14.0,8.0,-14.0,8.0,-15.0,8.0,-15.0,8.0,-15.0,9.0
1.0697,122.0,-96.0,7.0,0.0,0.0,0.0,0.0,0.0,0.0,0.0,0.0,0.0,13.0,-2.0,13.0,-2.0,13.0,-2.0,14.0,-3.0,14.0,-3.0,14.0,-3.0,14.0,-3.0,14.0,-3.0,14.0,-3.0,15.0,-3.0,15.0,-3.0,15.0,-3.0,15.0,-3.0,15.0,-3.0,15.0,-4.0,15.0,-4.0,15.0,-4.0,15.0,-4.0,16.0,-4.0,15.0,-4.0,15.0,-5.0,15.0,-5.0,16.0,-5.0,16.0,-5.0,16.0,-5.0,16.0,-5.0
1.0741,98.0,33.0,22.0,0.0,0.0,0.0,0.0,0.0,0.0,0.0,0.0,0.0,21.0,-9.0,17.0,-8.0,12.0,-6.0,12.0,-9.0,4.0,-8.0,1.0,-11.0,-6.0,-12.0,-8.0,-10.0,-14.0,-10.0,-18.0,-11.0,-22.0,-10.0,-24.0,-10.0,-26.0,-8.0,-27.0,-6.0,-27.0,-4.0,-26.0,-4.0,-25.0,-1.0,-21.0,0.0,-17.0,1.0,-13.0,2.0,-6.0,3.0,0.0,3.0,7.0,2.0,14.0,1.0,20.0,1.0,27.0,0.0
1.0883,122.0,-96.0,7.0,0.0,0.0,0.0,0.0,0.0,0.0,0.0,0.0,0.0,13.0,-1.0,8.0,2.0,4.0,5.0,-1.0,8.0,-4.0,12.0,-7.0,17.0,-9.0,20.0,-11.0,25.0,-12.0,28.0,-11.0,29.0,-10.0,30.0,-9.0,30.0,-8.0,29.0,-6.0,28.0,-5.0,24.0,-5.0,19.0,-5.0,15.0,-6.0,9.0,-8.0,3.0,-9.0,-2.0,-12.0,-7.0,-15.0,-12.0,-19.0,-16.0,-22.0,-18.0,-25.0,-20.0,-27.0,-21.0
1.1015,122.0,-96.0,7.0,0.0,0.0,0.0,0.0,0.0,0.0,0.0,0.0,0.0,6.0,8.0,6.0,8.0,7.0,8.0,7.0,8.0,7.0,8.0,7.0,8.0,7.0,8.0,7.0,8.0,8.0,9.0,7.0,9.0,8.0,9.0,8.0,9.0,8.0,9.0,8.0,9.0,8.0,9.0,9.0,9.0,9.0,9.0,9.0,9.0,9.0,8.0,9.0,8.0,9.0,8.0,9.0,8.0,9.0,8.0,10.0,9.0,10.0,9.0,10.0,9.0
1.1152,122.0,-96.0,7.0,0.0,0.0,0.0,0.0,0.0,0.0,0.0,0.0,0.0,-28.0,5.0,-26.0,5.0,-23.0,4.0,-18.0,2.0,-14.0,1.0,-10.0,-3.0,-6.0,-6.0,-1.0,-10.0,2.0,-14.0,5.0,-18.0,7.0,-22.0,9.0,-26.0,10.0,-29.0,9.0,-32.0,9.0,-33.0,8.0,-33.0,7.0,-31.0,6.0,-28.0,4.0,-24.0,4.0,-20.0,4.0,-14.0,5.0,-8.0,7.0,-2.0,9.0,3.0,11.0,9.0,15.0,13.0
1.131,122.0,-96.0,7.0,0.0,0.0,0.0,0.0,0.0,0.0,0.0,0.0,0.0,5.0,-10.0,8.0,-13.0,11.0,-16.0,14.0,-18.0,15.0,-21.0,15.0,-23.0,15.0,-25.0,14.0,-25.0,13.0,-24.0,12.0,-22.0,10.0,-19.0,9.0,-15.0,8.0,-12.0,7.0,-7.0,6.0,-1.0,6.0,4.0,7.0,9.0,8.0,14.0,10.0,18.0,11.0,21.0,14.0,24.0,15.0,25.0,16.0,26.0,17.0,25.0,17.0,23.0,16.0,21.0
1.1455,122.0,-96.0,7.0,0.0,0.0,0.0,0.0,0.0,0.0,0.0,0.0,0.0,-7.0,10.0,-7.0,11.0,-7.0,11.0,-7.0,11.0,-7.0,11.0,-7.0,12.0,-7.0,12.0,-7.0,12.0,-7.0,13.0,-7.0,13.0,-7.0,12.0,-8.0,13.0,-8.0,13.0,-7.0,13.0,-7.0,13.0,-7.0,13.0,-7.0,13.0,-7.0,14.0,-7.0,14.0,-7.0,14.0,-7.0,14.0,-7.0,14.0,-7.0,15.0,-7.0,14.0,-7.0,15.0,-6.0,15.0
1.161,122.0,-96.0,7.0,0.0,0.0,0.0,0.0,0.0,0.0,0.0,0.0,0.0,-4.0,-14.0,-4.0,-14.0,-4.0,-15.0,-5.0,-15.0,-5.0,-15.0,-5.0,-15.0,-5.0,-15.0,-5.0,-16.0,-5.0,-16.0,-5.0,-15.0,-5.0,-16.0,-5.0,-16.0,-5.0,-16.0,-6.0,-16.0,-5.0,-15.0,-6.0,-16.0,-6.0,-17.0,-6.0,-16.0,-6.0,-16.0,-6.0,-16.0,-7.0,-16.0,-6.0,-16.0,-7.0,-17.0,-7.0,-17.0,-7.0,-17.0,-7.0,-17.0
1.1747,122.0,-96.0,7.0,0.0,0.0,0.0,0.0,0.0,0.0,0.0,0.0,0.0,-8.0,20.0,-8.0,19.0,-6.0,16.0,-6.0,13.0,-5.0,9.0,-6.0,4.0,-7.0,0.0,-8.0,-5.0,-9.0,-9.0,-11.0,-12.0,-13.0,-15.0,-15.0,-17.0,-17.0,-19.0,-19.0,-19.0,-20.0,-20.0,-19.0,-18.0,-19.0,-17.0,-17.0,-14.0,-15.0,-13.0,-11.0,-11.0,-7.0,-9.0,-3.0,-7.0,2.0,-6.0,7.0,-6.0,12.0,-5.0,17.0,-6.0
1.188,122.0,-96.0,7.0,0.0,0.0,0.0,0.0,0.0,0.0,0.0,0.0,0.0,13.0,-2.0,13.0,-2.0,14.0,-2.0,14.0,-2.0,14.0,-2.0,15.0,-2.0,15.0,-2.0,15.0,-3.0,15.0,-2.0,15.0,-2.0,16.0,-3.0,16.0,-3.0,16.0,-2.0,16.0,-3.0,16.0,-3.0,16.0,-3.0,16.0,-3.0,15.0,-3.0,16.0,-3.0,16.0,-3.0,16.0,-3.0,16.0,-4.0,16.0,-4.0,17.0,-4.0,16.0,-4.0,17.0,-4.0
1.2021,122.0,-96.0,7.0,0.0,0.0,0.0,0.0,0.0,0.0,0.0,0.0,0.0,11.0,21.0,10.0,19.0,9.0,17.0,7.0,13.0,4.0,10.0,0.0,8.0,-5.0,5.0,-9.0,2.0,-14.0,1.0,-18.0,0.0,-22.0,-1.0,-25.0,-1.0,-28.0,-1.0,-30.0,1.0,-30.0,2.0,-29.0,3.0,-27.0,3.0,-25.0,3.0,-21.0,3.0,-17.0,2.0,-12.0,-1.0,-8.0,-3.0,-3.0,-7.0,1.0,-11.0,5.0,-14.0,7.0,-19.0
1.216,122.0,-96.0,7.0,0.0,0.0,0.0,0.0,0.0,0.0,0.0,0.0,0.0,-5.0,-11.0,-6.0,-15.0,-7.0,-19.0,-7.0,-23.0,-9.0,-25.0,-10.0,-27.0,-11.0,-27.0,-13.0,-26.0,-12.0,-25.0,-11.0,-22.0,-10.0,-20.0,-7.0,-16.0,-4.0,-13.0,-1.0,-9.0,3.0,-6.0,8.0,-3.0,13.0,-1.0,17.0,0.0,22.0,1.0,25.0,1.0,29.0,1.0,30.0,1.0,30.0,-1.0,30.0,-2.0,28.0,-3.0,26.0,-3.0
1.2291,122.0,-96.0,7.0,0.0,0.0,0.0,0.0,0.0,0.0,0.0,0.0,0.0,21.0,12.0,20.0,11.0,17.0,9.0,14.0,8.0,9.0,7.0,5.0,6.0,0.0,6.0,-6.0,6.0,-10.0,7.0,-15.0,8.0,-18.0,9.0,-21.0,11.0,-24.0,13.0,-25.0,15.0,-26.0,16.0,-25.0,16.0,-24.0,16.0,-21.0,15.0,-19.0,13.0,-16.0,10.0,-13.0,7.0,-10.0,2.0,-7.0,-2.0,-5.0,-7.0,-3.0,-12.0,-2.0,-17.0
1.2489,122.0,-96.0,7.0,0.0,0.0,0.0,0.0,0.0,0.0,0.0,0.0,0.0,13.0,-19.0,12.0,-18.0,10.0,-15.0,9.0,-12.0,7.0,-9.0,6.0,-5.0,5.0,0.0,5.0,4.0,5.0,9.0,7.0,13.0,7.0,16.0,8.0,19.0,10.0,22.0,11.0,23.0,13.0,23.0,13.0,22.0,13.0,21.0,12.0,19.0,11.0,17.0,9.0,14.0,6.0,11.0,2.0,8.0,-3.0,6.0,-7.0,3.0,-11.0,1.0,-16.0,0.0
1.263,122.0,-96.0,7.0,0.0,0.0,0.0,0.0,0.0,0.0,0.0,0.0,0.0,-6.0,12.0,-6.0,13.0,-6.0,13.0,-6.0,13.0,-6.0,13.0,-6.0,14.0,-6.0,13.0,-6.0,14.0,-6.0,14.0,-6.0,14.0,-6.0,15.0,-6.0,15.0,-7.0,14.0,-6.0,15.0,-6.0,16.0,-6.0,15.0,-6.0,15.0,-6.0,15.0,-6.0,16.0,-6.0,16.0,-6.0,16.0,-6.0,16.0,-5.0,16.0,-5.0,16.0,-5.0,16.0,-5.0,17.0
1.2761,122.0,-96.0,7.0,0.0,0.0,0.0,0.0,0.0,0.0,0.0,0.0,0.0,13.0,4.0,13.0,3.0,14.0,4.0,13.0,4.0,14.0,4.0,14.0,4.0,14.0,4.0,14.0,4.0,15.0,4.0,15.0,4.0,15.0,3.0,15.0,3.0,15.0,3.0,15.0,3.0,15.0,3.0,16.0,3.0,15.0,2.0,16.0,2.0,16.0,3.0,16.0,2.0,17.0,2.0,16.0,2.0,17.0,2.0,17.0,1.0,17.0,1.0,17.0,1.0
1.2911,122.0,-96.0,7.0,0.0,0.0,0.0,0.0,0.0,0.0,0.0,0.0,0.0,-21.0,7.0,-20.0,7.0,-17.0,6.0,-14.0,4.0,-11.0,2.0,-8.0,-1.0,-5.0,-5.0,-2.0,-9.0,0.0,-13.0,1.0,-16.0,3.0,-20.0,3.0,-23.0,3.0,-25.0,2.0,-27.0,1.0,-27.0,0.0,-26.0,0.0,-26.0,-1.0,-22.0,-1.0,-19.0,0.0,-15.0,1.0,-11.0,3.0,-6.0,6.0,-2.0,8.0,3.0,11.0,6.0,15.0,9.0
1.3054,122.0,-96.0,7.0,0.0,0.0,0.0,0.0,0.0,0.0,0.0,0.0,0.0,-19.0,-21.0,-18.0,-20.0,-15.0,-17.0,-12.0,-14.0,-8.0,-11.0,-3.0,-9.0,3.0,-7.0,8.0,-6.0,14.0,-5.0,19.0,-5.0,24.0,-5.0,27.0,-5.0,30.0,-7.0,32.0,-9.0,32.0,-10.0,30.0,-11.0,29.0,-11.0,25.0,-10.0,22.0,-9.0,17.0,-6.0,12.0,-3.0,8.0,2.0,3.0,6.0,0.0,11.0,-4.0,16.0,-5.0,22.0
1.3236,122.0,-96.0,7.0,0.0,0.0,0.0,0.0,0.0,0.0,0.0,0.0,0.0,-22.0,-7.0,-24.0,-6.0,-25.0,-6.0,-24.0,-6.0,-24.0,-5.0,-22.0,-4.0,-19.0,-4.0,-16.0,-4.0,-12.0,-4.0,-8.0,-5.0,-3.0,-6.0,2.0,-8.0,6.0,-10.0,10.0,-12.0,13.0,-14.0,16.0,-16.0,17.0,-18.0,18.0,-20.0,18.0,-21.0,17.0,-21.0,16.0,-21.0,14.0,-19.0,12.0,-17.0,10.0,-14.0,8.0,-10.0,6.0,-6.0
1.3358,122.0,-96.0,7.0,0.0,0.0,0.0,0.0,0.0,0.0,0.0,0.0,0.0,4.0,-10.0,6.0,-13.0,8.0,-16.0,10.0,-19.0,11.0,-21.0,11.0,-23.0,10.0,-24.0,9.0,-24.0,8.0,-23.0,7.0,-21.0,7.0,-18.0,6.0,-14.0,5.0,-11.0,5.0,-6.0,5.0,-1.0,6.0,4.0,8.0,8.0,9.0,12.0,12.0,16.0,14.0,18.0,16.0,20.0,17.0,21.0,18.0,21.0,18.0,19.0,19.0,18.0,17.0,15.0
1.35,122.0,-96.0,7.0,0.0,0.0,0.0,0.0,0.0,0.0,0.0,0.0,0.0,10.0,1.0,11.0,1.0,11.0,1.0,11.0,1.0,11.0,1.0,12.0,0.0,12.0,0.0,12.0,0.0,12.0,0.0,12.0,0.0,12.0,0.0,12.0,0.0,12.0,0.0,12.0,0.0,12.0,-1.0,13.0,-1.0,13.0,-1.0,12.0,-1.0,13.0,-1.0,13.0,-1.0,13.0,-1.0,13.0,-1.0,13.0,-2.0,13.0,-2.0,13.0,-2.0,14.0,-2.0
1.3639,122.0,-96.0,7.0,0.0,0.0,0.0,0.0,0.0,0.0,0.0,0.0,0.0,-3.0,11.0,-5.0,15.0,-7.0,19.0,-8.0,22.0,-8.0,24.0,-8.0,27.0,-7.0,28.0,-6.0,27.0,-5.0,26.0,-5.0,23.0,-5.0,19.0,-5.0,15.0,-5.0,11.0,-6.0,5.0,-7.0,0.0,-9.0,-5.0,-12.0,-10.0,-14.0,-14.0,-17.0,-18.0,-20.0,-20.0,-22.0,-21.0,-23.0,-21.0,-24.0,-21.0,-24.0,-19.0,-23.0,-17.0,-21.0,-15.0
1.3799,122.0,-96.0,7.0,0.0,0.0,0.0,0.0,0.0,0.0,0.0,0.0,0.0,8.0,6.0,10.0,9.0,13.0,12.0,14.0,14.0,17.0,16.0,18.0,16.0,20.0,16.0,20.0,15.0,19.0,14.0,17.0,13.0,14.0,11.0,11.0,9.0,8.0,8.0,3.0,6.0,-2.0,5.0,-6.0,5.0,-11.0,5.0,-16.0,5.0,-20.0,7.0,-23.0,8.0,-25.0,10.0,-26.0,11.0,-26.0,12.0,-25.0,12.0,-23.0,12.0,-21.0,12.0
1.3931,122.0,-96.0,7.0,0.0,0.0,0.0,0.0,0.0,0.0,0.0,0.0,0.0,5.0,-22.0,5.0,-24.0,5.0,-24.0,4.0,-25.0,4.0,-23.0,3.0,-22.0,3.0,-19.0,3.0,-15.0,3.0,-11.0,4.0,-7.0,5.0,-2.0,7.0,3.0,9.0,7.0,11.0,11.0,13.0,14.0,15.0,16.0,17.0,18.0,18.0,19.0,20.0,19.0,19.0,18.0,19.0,17.0,17.0,15.0,15.0,13.0,11.0,10.0,7.0,8.0,3.0,6.0
1.4089,122.0,-96.0,7.0,0.0,0.0,0.0,0.0,0.0,0.0,0.0,0.0,0.0,11.0,2.0,15.0,5.0,19.0,6.0,22.0,7.0,24.0,8.0,27.0,7.0,27.0,7.0,27.0,6.0,26.0,5.0,23.0,4.0,19.0,4.0,15.0,4.0,11.0,4.0,5.0,5.0,0.0,6.0,-5.0,8.0,-10.0,11.0,-14.0,13.0,-18.0,17.0,-20.0,19.0,-21.0,21.0,-22.0,22.0,-20.0,23.0,-19.0,23.0,-17.0,22.0,-15.0,20.0
1.4229,122.0,-96.0,7.0,0.0,0.0,0.0,0.0,0.0,0.0,0.0,0.0,0.0,-13.0,4.0,-14.0,5.0,-14.0,4.0,-14.0,5.0,-14.0,5.0,-15.0,5.0,-15.0,5.0,-15.0,5.0,-15.0,5.0,-15.0,5.0,-15.0,6.0,-15.0,6.0,-15.0,6.0,-15.0,6.0,-15.0,6.0,-15.0,6.0,-16.0,7.0,-15.0,6.0,-15.0,7.0,-16.0,7.0,-16.0,7.0,-16.0,7.0,-15.0,8.0,-16.0,8.0,-16.0,8.0,-16.0,9.0
1.4364,122.0,-96.0,7.0,0.0,0.0,0.0,0.0,0.0,0.0,0.0,0.0,0.0,9.0,5.0,4.0,5.0,0.0,5.0,-5.0,6.0,-10.0,8.0,-14.0,10.0,-18.0,12.0,-21.0,14.0,-22.0,16.0,-23.0,18.0,-23.0,19.0,-21.0,19.0,-20.0,19.0,-18.0,18.0,-15.0,15.0,-12.0,12.0,-10.0,8.0,-8.0,3.0,-7.0,-3.0,-6.0,-8.0,-6.0,-13.0,-6.0,-18.0,-7.0,-22.0,-9.0,-26.0,-10.0,-28.0,-11.0,-29.0
1.45,122.0,-96.0,7.0,0.0,0.0,0.0,0.0,0.0,0.0,0.0,0.0,0.0,21.0,-7.0,23.0,-9.0,23.0,-9.0,22.0,-10.0,21.0,-9.0,19.0,-9.0,17.0,-8.0,14.0,-5.0,10.0,-3.0,7.0,0.0,4.0,3.0,1.0,8.0,-2.0,12.0,-4.0,15.0,-5.0,19.0,-6.0,21.0,-7.0,24.0,-7.0,25.0,-6.0,27.0,-5.0,26.0,-5.0,25.0,-4.0,23.0,-3.0,19.0,-3.0,15.0,-3.0,10.0,-4.0,6.0
1.4642,122.0,-96.0,7.0,0.0,0.0,0.0,0.0,0.0,0.0,0.0,0.0,0.0,-16.0,-20.0,-17.0,-21.0,-18.0,-21.0,-19.0,-21.0,-18.0,-19.0,-17.0,-18.0,-14.0,-16.0,-11.0,-14.0,-8.0,-11.0,-3.0,-9.0,2.0,-6.0,7.0,-5.0,13.0,-4.0,17.0,-3.0,22.0,-3.0,25.0,-3.0,28.0,-3.0,29.0,-4.0,30.0,-5.0,29.0,-5.0,28.0,-5.0,25.0,-5.0,22.0,-5.0,17.0,-4.0,12.0,-2.0,8.0,1.0
1.4769,122.0,-96.0,7.0,0.0,0.0,0.0,0.0,0.0,0.0,0.0,0.0,0.0,-2.0,13.0,-2.0,13.0,-2.0,14.0,-2.0,13.0,-2.0,14.0,-2.0,15.0,-2.0,15.0,-1.0,15.0,-1.0,14.0,-2.0,15.0,-1.0,15.0,-1.0,15.0,-2.0,15.0,-1.0,16.0,-1.0,16.0,-1.0,16.0,0.0,15.0,-1.0,16.0,0.0,16.0,0.0,16.0,0.0,17.0,0.0,16.0,1.0,17.0,1.0,17.0,1.0,16.0,1.0,17.0
1.4909,122.0,-96.0,7.0,0.0,0.0,0.0,0.0,0.0,0.0,0.0,0.0,0.0,16.0,-16.0,15.0,-15.0,13.0,-12.0,11.0,-10.0,8.0,-7.0,6.0,-3.0,5.0,2.0,4.0,6.0,3.0,10.0,3.0,15.0,2.0,18.0,3.0,21.0,4.0,24.0,5.0,25.0,6.0,26.0,6.0,25.0,7.0,24.0,6.0,22.0,6.0,19.0,4.0,16.0,2.0,12.0,-1.0,8.0,-4.0,4.0,-7.0,1.0,-11.0,-3.0,-16.0,-5.0
1.5058,122.0,-96.0,7.0,0.0,0.0,0.0,0.0,0.0,0.0,0.0,0.0,0.0,-8.0,8.0,-7.0,3.0,-6.0,-2.0,-6.0,-7.0,-6.0,-12.0,-7.0,-16.0,-9.0,-20.0,-10.0,-24.0,-12.0,-26.0,-13.0,-27.0,-14.0,-27.0,-14.0,-26.0,-15.0,-24.0,-15.0,-21.0,-12.0,-18.0,-10.0,-15.0,-6.0,-12.0,-2.0,-9.0,3.0,-6.0,8.0,-4.0,13.0,-2.0,18.0,-1.0,23.0,-1.0,26.0,-2.0,29.0,-2.0,30.0,-3.0
1.5207,122.0,-96.0,7.0,0.0,0.0,0.0,0.0,0.0,0.0,0.0,0.0,0.0,-20.0,11.0,-18.0,10.0,-16.0,9.0,-13.0,6.0,-10.0,4.0,-8.0,0.0,-5.0,-4.0,-3.0,-8.0,-2.0,-12.0,0.0,-16.0,1.0,-20.0,1.0,-23.0,1.0,-26.0,-1.0,-27.0,-1.0,-28.0,-2.0,-27.0,-3.0,-26.0,-3.0,-23.0,-3.0,-20.0,-2.0,-16.0,0.0,-12.0,2.0,-7.0,5.0,-3.0,8.0,1.0,10.0,5.0,14.0,8.0
1.5246,98.0,33.0,22.0,0.0,0.0,0.0,0.0,0.0,0.0,0.0,0.0,0.0,-3.0,12.0,1.0,9.0,7.0,8.0,11.0,8.0,16.0,4.0,18.0,6.0,23.0,3.0,26.0,4.0,29.0,2.0,26.0,0.0,27.0,-1.0,24.0,-2.0,22.0,-5.0,21.0,-5.0,14.0,-7.0,8.0,-7.0,5.0,-6.0,-3.0,-6.0,-9.0,-1.0,-14.0,-2.0,-19.0,3.0,-26.0,4.0,-31.0,8.0,-32.0,10.0,-35.0,13.0,-35.0,13.0
1.551,122.0,-96.0,7.0,0.0,0.0,0.0,0.0,0.0,0.0,0.0,0.0,0.0,22.0,-4.0,24.0,-6.0,24.0,-6.0,23.0,-7.0,22.0,-7.0,20.0,-6.0,17.0,-6.0,14.0,-4.0,11.0,-2.0,7.0,1.0,3.0,4.0,0.0,8.0,-3.0,11.0,-6.0,15.0,-8.0,18.0,-9.0,21.0,-9.0,24.0,-10.0,25.0,-9.0,26.0,-8.0,26.0,-8.0,25.0,-6.0,22.0,-5.0,19.0,-5.0,15.0,-4.0,10.0,-5.0,6.0
1.5638,122.0,-96.0,7.0,0.0,0.0,0.0,0.0,0.0,0.0,0.0,0.0,0.0,8.0,-8.0,8.0,-8.0,8.0,-8.0,8.0,-9.0,8.0,-8.0,8.0,-9.0,8.0,-9.0,8.0,-9.0,8.0,-9.0,8.0,-9.0,9.0,-9.0,9.0,-9.0,8.0,-9.0,9.0,-9.0,9.0,-10.0,8.0,-10.0,9.0,-10.0,8.0,-10.0,9.0,-10.0,8.0,-10.0,9.0,-11.0,8.0,-10.0,8.0,-11.0,8.0,-11.0,8.0,-11.0,8.0,-11.0
1.5761,122.0,-96.0,7.0,0.0,0.0,0.0,0.0,0.0,0.0,0.0,0.0,0.0,10.0,2.0,10.0,2.0,11.0,2.0,11.0,2.0,11.0,2.0,11.0,1.0,11.0,1.0,12.0,2.0,11.0,2.0,11.0,2.0,12.0,1.0,12.0,2.0,12.0,1.0,12.0,1.0,12.0,1.0,12.0,1.0,13.0,1.0,13.0,1.0,13.0,1.0,13.0,0.0,13.0,1.0,13.0,1.0,13.0,0.0,13.0,0.0,13.0,0.0,14.0,0.0
1.5904,122.0,-96.0,7.0,0.0,0.0,0.0,0.0,0.0,0.0,0.0,0.0,0.0,9.0,-7.0,6.0,-2.0,5.0,2.0,3.0,7.0,3.0,12.0,3.0,17.0,3.0,21.0,3.0,25.0,5.0,27.0,5.0,28.0,7.0,28.0,7.0,27.0,8.0,25.0,8.0,23.0,6.0,19.0,4.0,15.0,1.0,11.0,-2.0,7.0,-6.0,3.0,-11.0,0.0,-15.0,-3.0,-20.0,-5.0,-24.0,-6.0,-28.0,-5.0,-30.0,-5.0,-31.0,-5.0
1.6043,122.0,-96.0,7.0,0.0,0.0,0.0,0.0,0.0,0.0,0.0,0.0,0.0,2.0,-23.0,2.0,-21.0,2.0,-18.0,2.0,-14.0,2.0,-10.0,3.0,-6.0,5.0,-2.0,7.0,3.0,10.0,6.0,12.0,9.0,15.0,12.0,17.0,14.0,20.0,15.0,22.0,15.0,22.0,15.0,22.0,13.0,21.0,12.0,18.0,11.0,16.0,9.0,12.0,8.0,7.0,6.0,2.0,6.0,-3.0,5.0,-8.0,5.0,-13.0,5.0,-17.0,7.0
1.6177,122.0,-96.0,7.0,0.0,0.0,0.0,0.0,0.0,0.0,0.0,0.0,0.0,22.0,4.0,20.0,3.0,17.0,3.0,14.0,3.0,9.0,3.0,5.0,4.0,1.0,5.0,-4.0,7.0,-8.0,9.0,-11.0,11.0,-14.0,13.0,-16.0,15.0,-18.0,17.0,-18.0,19.0,-18.0,21.0,-17.0,20.0,-16.0,20.0,-14.0,18.0,-12.0,16.0,-10.0,12.0,-8.0,8.0,-7.0,3.0,-6.0,-2.0,-6.0,-7.0,-5.0,-12.0,-6.0,-17.0
1.6221,98.0,33.0,22.0,0.0,0.0,0.0,0.0,0.0,0.0,0.0,0.0,0.0,-26.0,-4.0,-26.0,-4.0,-26.0,-4.0,-24.0,-4.0,-23.0,-4.0,-20.0,-2.0,-17.0,0.0,-13.0,2.0,-8.0,4.0,-4.0,5.0,1.0,7.0,6.0,8.0,11.0,9.0,15.0,9.0,19.0,8.0,22.0,7.0,25.0,5.0,26.0,4.0,27.0,1.0,26.0,-1.0,24.0,-1.0,20.0,-2.0,15.0,-1.0,9.0,-2.0,3.0,-2.0,-4.0,0.0
1.6352,122.0,-96.0,7.0,0.0,0.0,0.0,0.0,0.0,0.0,0.0,0.0,0.0,-23.0,-5.0,-24.0,-4.0,-25.0,-4.0,-25.0,-4.0,-23.0,-3.0,-22.0,-2.0,-19.0,-2.0,-15.0,-3.0,-11.0,-3.0,-6.0,-5.0,-2.0,-6.0,3.0,-8.0,7.0,-11.0,10.0,-14.0,13.0,-16.0,15.0,-18.0,16.0,-20.0,17.0,-21.0,16.0,-22.0,15.0,-22.0,14.0,-21.0,12.0,-19.0,10.0,-16.0,8.0,-12.0,6.0,-8.0,6.0,-3.0
1.6492,122.0,-96.0,7.0,0.0,0.0,0.0,0.0,0.0,0.0,0.0,0.0,0.0,-23.0,-10.0,-21.0,-10.0,-19.0,-8.0,-15.0,-7.0,-11.0,-7.0,-6.0,-6.0,-1.0,-7.0,4.0,-8.0,9.0,-9.0,14.0,-11.0,17.0,-12.0,20.0,-14.0,22.0,-16.0,23.0,-18.0,23.0,-19.0,22.0,-20.0,20.0,-19.0,18.0,-18.0,15.0,-15.0,13.0,-12.0,10.0,-8.0,7.0,-3.0,6.0,2.0,4.0,7.0,2.0,13.0,2.0,18.0
1.6645,122.0,-96.0,7.0,0.0,0.0,0.0,0.0,0.0,0.0,0.0,0.0,0.0,-9.0,-8.0,-9.0,-8.0,-9.0,-8.0,-9.0,-8.0,-9.0,-8.0,-9.0,-8.0,-9.0,-8.0,-10.0,-8.0,-10.0,-9.0,-10.0,-8.0,-10.0,-8.0,-10.0,-9.0,-10.0,-9.0,-11.0,-8.0,-11.0,-9.0,-11.0,-9.0,-11.0,-8.0,-11.0,-8.0,-11.0,-8.0,-11.0,-8.0,-11.0,-8.0,-11.0,-8.0,-12.0,-8.0,-11.0,-8.0,-12.0,-8.0,-12.0,-8.0
1.6778,98.0,32.0,6.0,0.0,0.0,0.0,0.0,0.0,0.0,0.0,0.0,0.0,6.0,9.0,6.0,14.0,8.0,17.0,10.0,20.0,11.0,23.0,13.0,24.0,14.0,24.0,15.0,24.0,15.0,23.0,14.0,20.0,11.0,18.0,9.0,14.0,6.0,11.0,2.0,9.0,-2.0,6.0,-7.0,3.0,-13.0,2.0,-17.0,1.0,-22.0,0.0,-26.0,0.0,-29.0,1.0,-31.0,2.0,-31.0,3.0,-31.0,4.0,-30.0,5.0,-27.0,5.0
1.6914,122.0,-96.0,7.0,0.0,0.0,0.0,0.0,0.0,0.0,0.0,0.0,0.0,-8.0,7.0,-12.0,10.0,-14.0,11.0,-17.0,14.0,-18.0,15.0,-19.0,18.0,-18.0,18.0,-18.0,19.0,-16.0,18.0,-14.0,16.0,-13.0,13.0,-11.0,10.0,-9.0,6.0,-7.0,2.0,-6.0,-3.0,-6.0,-8.0,-5.0,-13.0,-5.0,-17.0,-7.0,-21.0,-8.0,-24.0,-9.0,-26.0,-10.0,-26.0,-11.0,-26.0,-11.0,-25.0,-12.0,-23.0,-11.0,-21.0
1.7046,122.0,-96.0,7.0,0.0,0.0,0.0,0.0,0.0,0.0,0.0,0.0,0.0,5.0,9.0,1.0,7.0,-3.0,5.0,-8.0,3.0,-13.0,2.0,-18.0,2.0,-21.0,1.0,-25.0,2.0,-28.0,3.0,-29.0,4.0,-29.0,5.0,-28.0,6.0,-27.0,7.0,-25.0,7.0,-21.0,6.0,-17.0,4.0,-13.0,1.0,-9.0,-2.0,-5.0,-5.0,-1.0,-9.0,1.0,-14.0,4.0,-18.0,5.0,-23.0,5.0,-26.0,5.0,-29.0,5.0,-31.0
1.7187,122.0,-96.0,7.0,0.0,0.0,0.0,0.0,0.0,0.0,0.0,0.0,0.0,-18.0,-15.0,-16.0,-14.0,-14.0,-12.0,-11.0,-10.0,-8.0,-9.0,-4.0,-7.0,1.0,-6.0,6.0,-6.0,10.0,-6.0,14.0,-6.0,18.0,-6.0,21.0,-7.0,23.0,-8.0,24.0,-10.0,24.0,-11.0,24.0,-12.0,22.0,-11.0,20.0,-11.0,17.0,-9.0,14.0,-7.0,11.0,-4.0,7.0,-1.0,4.0,3.0,1.0,7.0,-1.0,11.0,-2.0,16.0
1.7344,122.0,-96.0,7.0,0.0,0.0,0.0,0.0,0.0,0.0,0.0,0.0,0.0,-7.0,-10.0,-3.0,-8.0,2.0,-6.0,6.0,-5.0,11.0,-4.0,16.0,-4.0,20.0,-4.0,23.0,-5.0,26.0,-6.0,27.0,-8.0,28.0,-9.0,27.0,-10.0,25.0,-10.0,23.0,-11.0,19.0,-9.0,16.0,-7.0,12.0,-4.0,8.0,0.0,5.0,4.0,1.0,8.0,-1.0,13.0,-3.0,17.0,-3.0,22.0,-3.0,25.0,-3.0,28.0,-2.0,30.0
1.7385,98.0,33.0,22.0,0.0,0.0,0.0,0.0,0.0,0.0,0.0,0.0,0.0,4.0,8.0,6.0,5.0,9.0,2.0,12.0,-1.0,14.0,-3.0,16.0,-6.0,18.0,-9.0,19.0,-10.0,19.0,-11.0,18.0,-12.0,19.0,-13.0,16.0,-13.0,13.0,-13.0,11.0,-12.0,8.0,-11.0,4.0,-9.0,0.0,-6.0,-4.0,-3.0,-7.0,1.0,-10.0,5.0,-14.0,9.0,-16.0,13.0,-18.0,17.0,-19.0,20.0,-19.0,23.0,-20.0,23.0
1.7548,122.0,-96.0,7.0,0.0,0.0,0.0,0.0,0.0,0.0,0.0,0.0,0.0,10.0,3.0,14.0,5.0,18.0,7.0,21.0,8.0,24.0,9.0,26.0,9.0,27.0,8.0,27.0,7.0,26.0,6.0,23.0,6.0,20.0,5.0,16.0,5.0,11.0,4.0,6.0,5.0,1.0,6.0,-4.0,7.0,-9.0,10.0,-13.0,12.0,-17.0,15.0,-19.0,17.0,-21.0,20.0,-22.0,21.0,-21.0,22.0,-21.0,22.0,-19.0,22.0,-17.0,20.0
1.7688,122.0,-96.0,7.0,0.0,0.0,0.0,0.0,0.0,0.0,0.0,0.0,0.0,20.0,-9.0,21.0,-11.0,22.0,-12.0,21.0,-12.0,20.0,-12.0,18.0,-11.0,16.0,-9.0,13.0,-7.0,11.0,-5.0,8.0,-1.0,4.0,3.0,2.0,7.0,0.0,12.0,-1.0,15.0,-2.0,19.0,-3.0,22.0,-3.0,24.0,-3.0,26.0,-2.0,27.0,-1.0,27.0,-1.0,25.0,-1.0,23.0,0.0,20.0,0.0,15.0,-1.0,11.0,-3.0,7.0
1.7822,122.0,-96.0,7.0,0.0,0.0,0.0,0.0,0.0,0.0,0.0,0.0,0.0,13.0,-22.0,13.0,-24.0,12.0,-25.0,12.0,-25.0,11.0,-24.0,10.0,-22.0,8.0,-19.0,8.0,-15.0,6.0,-11.0,6.0,-5.0,6.0,0.0,7.0,5.0,8.0,10.0,9.0,15.0,10.0,19.0,12.0,22.0,14.0,24.0,15.0,25.0,16.0,25.0,16.0,24.0,15.0,23.0,14.0,20.0,12.0,17.0,9.0,13.0,5.0,10.0,0.0,7.0
1.7958,122.0,-96.0,7.0,0.0,0.0,0.0,0.0,0.0,0.0,0.0,0.0,0.0,9.0,5.0,9.0,5.0,9.0,5.0,9.0,6.0,9.0,6.0,9.0,5.0,10.0,6.0,10.0,6.0,10.0,6.0,10.0,5.0,10.0,6.0,10.0,6.0,11.0,6.0,11.0,5.0,11.0,6.0,11.0,6.0,11.0,5.0,11.0,5.0,12.0,5.0,11.0,5.0,12.0,5.0,12.0,5.0,12.0,5.0,12.0,5.0,12.0,5.0,12.0,5.0
1.8098,122.0,-96.0,7.0,0.0,0.0,0.0,0.0,0.0,0.0,0.0,0.0,0.0,21.0,-13.0,22.0,-15.0,22.0,-16.0,22.0,-16.0,20.0,-16.0,18.0,-15.0,16.0,-13.0,13.0,-10.0,10.0,-6.0,7.0,-1.0,5.0,3.0,3.0,8.0,2.0,13.0,0.0,18.0,0.0,22.0,0.0,25.0,1.0,28.0,1.0,29.0,2.0,30.0,3.0,29.0,3.0,27.0,4.0,24.0,3.0,21.0,1.0,16.0,0.0,11.0,-3.0,7.0
1.8252,122.0,-96.0,7.0,0.0,0.0,0.0,0.0,0.0,0.0,0.0,0.0,0.0,9.0,-10.0,9.0,-11.0,9.0,-11.0,9.0,-11.0,9.0,-11.0,10.0,-11.0,10.0,-12.0,10.0,-12.0,10.0,-12.0,10.0,-12.0,10.0,-12.0,10.0,-12.0,10.0,-12.0,10.0,-13.0,10.0,-13.0,10.0,-13.0,10.0,-14.0,9.0,-14.0,10.0,-13.0,10.0,-14.0,10.0,-14.0,9.0,-14.0,10.0,-14.0,9.0,-15.0,9.0,-14.0,9.0,-15.0
1.8389,122.0,-96.0,7.0,0.0,0.0,0.0,0.0,0.0,0.0,0.0,0.0,0.0,-10.0,20.0,-9.0,18.0,-8.0,16.0,-7.0,12.0,-6.0,8.0,-6.0,4.0,-7.0,0.0,-7.0,-5.0,-9.0,-9.0,-10.0,-13.0,-11.0,-16.0,-13.0,-19.0,-15.0,-20.0,-17.0,-21.0,-18.0,-21.0,-18.0,-20.0,-18.0,-18.0,-16.0,-16.0,-14.0,-14.0,-11.0,-11.0,-7.0,-9.0,-2.0,-7.0,3.0,-6.0,8.0,-5.0,12.0,-4.0,17.0,-5.0
1.8516,122.0,-96.0,7.0,0.0,0.0,0.0,0.0,0.0,0.0,0.0,0.0,0.0,17.0,13.0,19.0,13.0,20.0,13.0,20.0,13.0,19.0,11.0,18.0,11.0,15.0,9.0,12.0,8.0,8.0,7.0,3.0,6.0,-1.0,5.0,-7.0,6.0,-11.0,6.0,-15.0,7.0,-19.0,8.0,-22.0,9.0,-24.0,10.0,-25.0,11.0,-25.0,13.0,-24.0,13.0,-22.0,13.0,-20.0,11.0,-17.0,10.0,-13.0,7.0,-10.0,4.0,-7.0,0.0
1.8661,122.0,-96.0,7.0,0.0,0.0,0.0,0.0,0.0,0.0,0.0,0.0,0.0,-1.0,-14.0,-1.0,-15.0,-1.0,-14.0,-1.0,-15.0,-1.0,-15.0,-1.0,-15.0,-1.0,-15.0,-2.0,-16.0,-2.0,-15.0,-2.0,-16.0,-1.0,-16.0,-1.0,-16.0,-1.0,-16.0,-2.0,-17.0,-2.0,-17.0,-2.0,-16.0,-2.0,-17.0,-2.0,-17.0,-2.0,-17.0,-3.0,-17.0,-3.0,-17.0,-2.0,-17.0,-3.0,-17.0,-2.0,-18.0,-3.0,-18.0,-3.0,-18.0
1.879,122.0,-96.0,7.0,0.0,0.0,0.0,0.0,0.0,0.0,0.0,0.0,0.0,20.0,-19.0,19.0,-18.0,16.0,-16.0,14.0,-13.0,11.0,-9.0,8.0,-5.0,7.0,1.0,5.0,6.0,4.0,12.0,4.0,18.0,4.0,22.0,4.0,25.0,6.0,29.0,7.0,31.0,8.0,32.0,9.0,31.0,10.0,30.0,9.0,27.0,8.0,24.0,6.0,20.0,3.0,15.0,0.0,11.0,-4.0,6.0,-9.0,2.0,-13.0,-1.0,-19.0,-4.0
1.8914,122.0,-96.0,7.0,0.0,0.0,0.0,0.0,0.0,0.0,0.0,0.0,0.0,12.0,3.0,13.0,2.0,13.0,2.0,14.0,2.0,13.0,2.0,14.0,3.0,14.0,2.0,14.0,2.0,14.0,2.0,15.0,2.0,15.0,2.0,15.0,3.0,15.0,3.0,15.0,2.0,16.0,2.0,16.0,2.0,16.0,1.0,16.0,1.0,16.0,2.0,16.0,1.0,16.0,1.0,16.0,1.0,16.0,1.0,16.0,1.0,17.0,1.0,17.0,1.0
1.9078,122.0,-96.0,7.0,0.0,0.0,0.0,0.0,0.0,0.0,0.0,0.0,0.0,-16.0,15.0,-17.0,16.0,-17.0,17.0,-17.0,18.0,-16.0,17.0,-14.0,16.0,-13.0,14.0,-12.0,11.0,-10.0,8.0,-8.0,4.0,-6.0,-1.0,-6.0,-6.0,-6.0,-10.0,-6.0,-14.0,-6.0,-18.0,-7.0,-22.0,-8.0,-24.0,-8.0,-26.0,-9.0,-26.0,-10.0,-26.0,-10.0,-25.0,-10.0,-23.0,-9.0,-20.0,-8.0,-16.0,-5.0,-13.0,-3.0,-10.0
1.92,122.0,-96.0,7.0,0.0,0.0,0.0,0.0,0.0,0.0,0.0,0.0,0.0,-14.0,-21.0,-16.0,-22.0,-17.0,-22.0,-17.0,-21.0,-17.0,-20.0,-16.0,-18.0,-14.0,-17.0,-11.0,-14.0,-8.0,-11.0,-3.0,-9.0,2.0,-7.0,7.0,-5.0,12.0,-4.0,16.0,-3.0,21.0,-3.0,24.0,-3.0,27.0,-4.0,29.0,-4.0,29.0,-6.0,29.0,-6.0,27.0,-6.0,25.0,-7.0,21.0,-6.0,17.0,-4.0,12.0,-2.0,8.0,0.0
1.9351,126.0,-32.0,7.0,0.0,0.0,0.0,0.0,0.0,0.0,0.0,0.0,0.0,6.0,8.0,6.0,8.0,7.0,7.0,7.0,8.0,7.0,8.0,7.0,8.0,7.0,9.0,8.0,8.0,8.0,8.0,8.0,8.0,8.0,8.0,8.0,9.0,7.0,9.0,8.0,8.0,9.0,8.0,9.0,9.0,8.0,9.0,9.0,8.0,9.0,9.0,9.0,9.0,10.0,8.0,10.0,8.0,10.0,9.0,9.0,9.0,10.0,9.0,10.0,8.0
1.949,126.0,-32.0,7.0,0.0,0.0,0.0,0.0,0.0,0.0,0.0,0.0,0.0,0.0,-11.0,1.0,-11.0,0.0,-12.0,0.0,-11.0,0.0,-12.0,0.0,-12.0,0.0,-12.0,0.0,-12.0,0.0,-12.0,0.0,-13.0,0.0,-13.0,0.0,-13.0,0.0,-13.0,0.0,-13.0,0.0,-13.0,0.0,-14.0,-1.0,-13.0,0.0,-14.0,0.0,-13.0,-1.0,-14.0,-1.0,-14.0,-1.0,-14.0,-1.0,-14.0,-1.0,-14.0,-1.0,-14.0,-2.0,-14.0
1.9632,122.0,-96.0,7.0,0.0,0.0,0.0,0.0,0.0,0.0,0.0,0.0,0.0,-23.0,-10.0,-26.0,-10.0,-26.0,-9.0,-27.0,-9.0,-25.0,-7.0,-24.0,-7.0,-21.0,-6.0,-17.0,-6.0,-13.0,-5.0,-7.0,-6.0,-3.0,-7.0,3.0,-9.0,8.0,-11.0,12.0,-12.0,16.0,-15.0,18.0,-16.0,21.0,-19.0,21.0,-20.0,22.0,-22.0,20.0,-22.0,19.0,-22.0,17.0,-20.0,14.0,-18.0,12.0,-14.0,9.0,-10.0,7.0,-5.0
1.9771,122.0,-96.0,7.0,0.0,0.0,0.0,0.0,0.0,0.0,0.0,0.0,0.0,0.0,-12.0,1.0,-16.0,2.0,-20.0,3.0,-23.0,2.0,-26.0,2.0,-28.0,1.0,-29.0,0.0,-29.0,-1.0,-28.0,-1.0,-25.0,-1.0,-21.0,0.0,-18.0,1.0,-14.0,3.0,-9.0,5.0,-4.0,8.0,0.0,11.0,4.0,15.0,8.0,19.0,10.0,22.0,12.0,25.0,13.0,26.0,13.0,28.0,12.0,27.0,11.0,27.0,9.0,24.0,8.0
1.99,122.0,-96.0,7.0,0.0,0.0,0.0,0.0,0.0,0.0,0.0,0.0,0.0,11.0,-23.0,10.0,-21.0,8.0,-18.0,7.0,-15.0,6.0,-11.0,6.0,-6.0,6.0,-1.0,7.0,4.0,8.0,9.0,9.0,13.0,11.0,16.0,13.0,19.0,15.0,22.0,17.0,22.0,18.0,23.0,19.0,22.0,18.0,20.0,17.0,18.0,15.0,15.0,11.0,13.0,7.0,10.0,2.0,8.0,-3.0,6.0,-8.0,5.0,-12.0,3.0,-18.0,4.0
2.004,122.0,-96.0,7.0,0.0,0.0,0.0,0.0,0.0,0.0,0.0,0.0,0.0,-14.0,-21.0,-16.0,-23.0,-16.0,-22.0,-17.0,-22.0,-16.0,-20.0,-16.0,-19.0,-13.0,-16.0,-10.0,-13.0,-7.0,-11.0,-2.0,-9.0,2.0,-6.0,8.0,-5.0,13.0,-4.0,17.0,-3.0,22.0,-3.0,24.0,-2.0,28.0,-3.0,28.0,-3.0,30.0,-5.0,28.0,-5.0,27.0,-5.0,24.0,-5.0,20.0,-5.0,15.0,-4.0,11.0,-2.0,7.0,1.0
2.0187,122.0,-96.0,7.0,0.0,0.0,0.0,0.0,0.0,0.0,0.0,0.0,0.0,-19.0,11.0,-18.0,11.0,-15.0,9.0,-13.0,7.0,-10.0,4.0,-8.0,0.0,-6.0,-3.0,-4.0,-8.0,-3.0,-12.0,-2.0,-16.0,-1.0,-20.0,-1.0,-22.0,-2.0,-25.0,-3.0,-27.0,-4.0,-27.0,-5.0,-26.0,-5.0,-25.0,-5.0,-22.0,-5.0,-19.0,-3.0,-15.0,-1.0,-11.0,2.0,-7.0,5.0,-3.0,9.0,0.0,12.0,3.0,16.0,5.0
2.0328,122.0,-96.0,7.0,0.0,0.0,0.0,0.0,0.0,0.0,0.0,0.0,0.0,8.0,-7.0,8.0,-7.0,9.0,-7.0,8.0,-7.0,8.0,-7.0,8.0,-8.0,8.0,-8.0,9.0,-8.0,9.0,-8.0,9.0,-8.0,9.0,-8.0,9.0,-9.0,9.0,-8.0,9.0,-9.0,9.0,-9.0,9.0,-9.0,9.0,-9.0,9.0,-10.0,9.0,-9.0,9.0,-9.0,10.0,-9.0,9.0,-9.0,9.0,-11.0,9.0,-10.0,9.0,-10.0,9.0,-10.0
2.0477,122.0,-96.0,7.0,0.0,0.0,0.0,0.0,0.0,0.0,0.0,0.0,0.0,-2.0,-14.0,1.0,-9.0,4.0,-5.0,8.0,-1.0,13.0,2.0,17.0,5.0,22.0,7.0,25.0,8.0,28.0,8.0,30.0,7.0,31.0,6.0,31.0,5.0,29.0,4.0,28.0,2.0,24.0,2.0,19.0,2.0,14.0,3.0,8.0,4.0,3.0,7.0,-3.0,9.0,-8.0,13.0,-12.0,16.0,-15.0,21.0,-16.0,24.0,-17.0,27.0,-17.0,29.0
2.0633,122.0,-96.0,7.0,0.0,0.0,0.0,0.0,0.0,0.0,0.0,0.0,0.0,-10.0,-6.0,-11.0,-6.0,-11.0,-6.0,-11.0,-7.0,-12.0,-6.0,-12.0,-7.0,-12.0,-7.0,-12.0,-7.0,-12.0,-6.0,-13.0,-7.0,-13.0,-6.0,-12.0,-7.0,-12.0,-7.0,-13.0,-7.0,-13.0,-7.0,-13.0,-7.0,-13.0,-6.0,-14.0,-7.0,-14.0,-7.0,-14.0,-7.0,-14.0,-7.0,-14.0,-6.0,-15.0,-6.0,-14.0,-6.0,-15.0,-6.0,-14.0,-7.0
2.0772,122.0,-96.0,7.0,0.0,0.0,0.0,0.0,0.0,0.0,0.0,0.0,0.0,-21.0,8.0,-23.0,9.0,-23.0,10.0,-22.0,10.0,-21.0,10.0,-20.0,10.0,-17.0,8.0,-14.0,6.0,-11.0,4.0,-9.0,0.0,-5.0,-4.0,-3.0,-8.0,-1.0,-12.0,0.0,-16.0,1.0,-20.0,2.0,-23.0,2.0,-26.0,1.0,-27.0,1.0,-28.0,0.0,-27.0,0.0,-26.0,-1.0,-24.0,-2.0,-21.0,-1.0,-17.0,0.0,-12.0,2.0,-8.0
2.0927,122.0,-96.0,7.0,0.0,0.0,0.0,0.0,0.0,0.0,0.0,0.0,0.0,-12.0,-7.0,-12.0,-7.0,-12.0,-7.0,-13.0,-7.0,-13.0,-7.0,-14.0,-7.0,-14.0,-7.0,-14.0,-7.0,-14.0,-7.0,-14.0,-7.0,-14.0,-7.0,-15.0,-7.0,-14.0,-7.0,-15.0,-7.0,-16.0,-7.0,-15.0,-7.0,-15.0,-7.0,-15.0,-7.0,-16.0,-7.0,-16.0,-7.0,-15.0,-7.0,-16.0,-7.0,-16.0,-7.0,-16.0,-7.0,-16.0,-7.0,-16.0,-7.0
2.0974,98.0,33.0,22.0,0.0,0.0,0.0,0.0,0.0,0.0,0.0,0.0,0.0,15.0,-21.0,13.0,-19.0,9.0,-16.0,5.0,-14.0,1.0,-11.0,-4.0,-10.0,-9.0,-8.0,-14.0,-6.0,-18.0,-4.0,-22.0,-2.0,-25.0,1.0,-27.0,3.0,-29.0,4.0,-29.0,7.0,-28.0,9.0,-27.0,10.0,-24.0,10.0,-20.0,10.0,-16.0,9.0,-11.0,8.0,-5.0,6.0,2.0,2.0,8.0,-1.0,15.0,-5.0,21.0,-9.0,26.0,-13.0
2.1117,122.0,-96.0,7.0,0.0,0.0,0.0,0.0,0.0,0.0,0.0,0.0,0.0,0.0,-23.0,-1.0,-25.0,-1.0,-25.0,-1.0,-25.0,-2.0,-24.0,-2.0,-22.0,-2.0,-20.0,-1.0,-17.0,0.0,-13.0,2.0,-9.0,4.0,-4.0,7.0,-1.0,10.0,3.0,13.0,6.0,16.0,8.0,18.0,10.0,21.0,11.0,22.0,12.0,24.0,11.0,24.0,11.0,24.0,10.0,22.0,9.0,20.0,7.0,16.0,6.0,11.0,5.0,7.0,5.0
2.1247,122.0,-96.0,7.0,0.0,0.0,0.0,0.0,0.0,0.0,0.0,0.0,0.0,11.0,-1.0,7.0,1.0,3.0,4.0,0.0,7.0,-3.0,11.0,-6.0,15.0,-8.0,19.0,-9.0,22.0,-9.0,25.0,-9.0,27.0,-8.0,28.0,-7.0,27.0,-6.0,26.0,-4.0,24.0,-4.0,21.0,-4.0,17.0,-4.0,12.0,-5.0,7.0,-7.0,2.0,-9.0,-3.0,-12.0,-8.0,-15.0,-11.0,-18.0,-15.0,-21.0,-16.0,-24.0,-17.0,-25.0,-18.0
2.1388,122.0,-96.0,7.0,0.0,0.0,0.0,0.0,0.0,0.0,0.0,0.0,0.0,0.0,27.0,0.0,24.0,1.0,22.0,0.0,17.0,-2.0,13.0,-4.0,8.0,-7.0,3.0,-10.0,-2.0,-14.0,-6.0,-18.0,-9.0,-22.0,-12.0,-25.0,-14.0,-28.0,-15.0,-30.0,-14.0,-31.0,-14.0,-31.0,-13.0,-29.0,-11.0,-27.0,-9.0,-23.0,-8.0,-18.0,-7.0,-12.0,-7.0,-6.0,-7.0,0.0,-9.0,6.0,-10.0,12.0,-11.0,16.0,-15.0
2.1551,122.0,-96.0,7.0,0.0,0.0,0.0,0.0,0.0,0.0,0.0,0.0,0.0,-7.0,-8.0,-9.0,-8.0,-8.0,-8.0,-9.0,-9.0,-9.0,-9.0,-9.0,-9.0,-8.0,-9.0,-9.0,-9.0,-9.0,-8.0,-9.0,-9.0,-9.0,-9.0,-10.0,-9.0,-9.0,-10.0,-9.0,-10.0,-9.0,-9.0,-10.0,-9.0,-10.0,-10.0,-11.0,-9.0,-10.0,-9.0,-10.0,-9.0,-11.0,-9.0,-11.0,-9.0,-11.0,-9.0,-11.0,-9.0,-10.0,-9.0,-11.0,-9.0
2.1686,122.0,-96.0,7.0,0.0,0.0,0.0,0.0,0.0,0.0,0.0,0.0,0.0,21.0,-6.0,20.0,-5.0,17.0,-5.0,14.0,-4.0,10.0,-2.0,7.0,1.0,3.0,4.0,0.0,7.0,-2.0,11.0,-4.0,15.0,-6.0,17.0,-7.0,20.0,-7.0,23.0,-6.0,25.0,-5.0,26.0,-4.0,25.0,-4.0,24.0,-3.0,22.0,-2.0,19.0,-2.0,15.0,-3.0,11.0,-4.0,7.0,-6.0,2.0,-8.0,-3.0,-10.0,-7.0,-14.0,-10.0
2.1825,122.0,-96.0,7.0,0.0,0.0,0.0,0.0,0.0,0.0,0.0,0.0,0.0,-2.0,-23.0,-3.0,-24.0,-4.0,-25.0,-4.0,-24.0,-5.0,-24.0,-5.0,-22.0,-4.0,-19.0,-3.0,-16.0,-2.0,-13.0,1.0,-9.0,3.0,-5.0,7.0,-1.0,10.0,2.0,13.0,4.0,17.0,7.0,19.0,8.0,22.0,9.0,24.0,10.0,25.0,9.0,26.0,8.0,24.0,8.0,22.0,6.0,20.0,5.0,16.0,4.0,12.0,4.0,8.0,4.0
2.187,98.0,33.0,22.0,0.0,0.0,0.0,0.0,0.0,0.0,0.0,0.0,0.0,-17.0,-5.0,-20.0,-4.0,-22.0,-3.0,-25.0,-3.0,-26.0,-2.0,-26.0,-1.0,-26.0,1.0,-25.0,1.0,-22.0,3.0,-19.0,4.0,-15.0,5.0,-10.0,5.0,-6.0,6.0,0.0,6.0,4.0,6.0,10.0,4.0,15.0,3.0,19.0,2.0,24.0,-1.0,27.0,-3.0,29.0,-5.0,30.0,-5.0,30.0,-8.0,28.0,-8.0,26.0,-8.0,22.0,-8.0
2.2028,122.0,-96.0,7.0,0.0,0.0,0.0,0.0,0.0,0.0,0.0,0.0,0.0,3.0,-10.0,6.0,-13.0,8.0,-16.0,10.0,-18.0,11.0,-21.0,11.0,-23.0,10.0,-24.0,9.0,-24.0,8.0,-24.0,7.0,-21.0,7.0,-19.0,6.0,-15.0,5.0,-12.0,5.0,-7.0,5.0,-3.0,6.0,2.0,8.0,7.0,9.0,11.0,12.0,15.0,13.0,17.0,16.0,19.0,17.0,20.0,18.0,20.0,19.0,19.0,19.0,17.0,18.0,16.0
2.2165,122.0,-96.0,7.0,0.0,0.0,0.0,0.0,0.0,0.0,0.0,0.0,0.0,2.0,-25.0,2.0,-27.0,1.0,-28.0,1.0,-28.0,0.0,-27.0,-1.0,-24.0,0.0,-21.0,0.0,-18.0,1.0,-13.0,3.0,-9.0,5.0,-4.0,8.0,1.0,11.0,5.0,14.0,9.0,17.0,12.0,20.0,14.0,22.0,15.0,24.0,16.0,25.0,16.0,25.0,15.0,24.0,14.0,22.0,12.0,20.0,10.0,15.0,8.0,10.0,6.0,5.0,6.0
2.2295,122.0,-96.0,7.0,0.0,0.0,0.0,0.0,0.0,0.0,0.0,0.0,0.0,-11.0,0.0,-14.0,0.0,-18.0,-1.0,-21.0,-1.0,-24.0,-1.0,-25.0,1.0,-26.0,1.0,-26.0,2.0,-25.0,3.0,-23.0,3.0,-20.0,2.0,-17.0,1.0,-13.0,0.0,-9.0,-2.0,-5.0,-4.0,-1.0,-8.0,2.0,-11.0,5.0,-15.0,7.0,-19.0,8.0,-21.0,9.0,-24.0,9.0,-26.0,8.0,-27.0,7.0,-27.0,5.0,-26.0,5.0,-24.0
2.2433,122.0,-96.0,7.0,0.0,0.0,0.0,0.0,0.0,0.0,0.0,0.0,0.0,-10.0,4.0,-10.0,5.0,-10.0,5.0,-10.0,6.0,-11.0,5.0,-11.0,5.0,-11.0,5.0,-12.0,6.0,-12.0,6.0,-11.0,6.0,-11.0,6.0,-12.0,6.0,-12.0,6.0,-12.0,7.0,-12.0,7.0,-12.0,6.0,-12.0,7.0,-12.0,7.0,-12.0,7.0,-12.0,7.0,-12.0,7.0,-12.0,7.0,-12.0,8.0,-12.0,8.0,-12.0,8.0,-12.0,8.0
2.256,122.0,-96.0,7.0,0.0,0.0,0.0,0.0,0.0,0.0,0.0,0.0,0.0,-3.0,22.0,-3.0,20.0,-2.0,17.0,-2.0,14.0,-3.0,10.0,-4.0,5.0,-6.0,1.0,-9.0,-3.0,-11.0,-6.0,-14.0,-10.0,-16.0,-12.0,-18.0,-14.0,-21.0,-15.0,-23.0,-15.0,-24.0,-14.0,-23.0,-13.0,-22.0,-12.0,-20.0,-10.0,-17.0,-9.0,-14.0,-8.0,-9.0,-7.0,-4.0,-7.0,1.0,-7.0,6.0,-7.0,11.0,-8.0,15.0,-10.0
2.2722,122.0,-96.0,7.0,0.0,0.0,0.0,0.0,0.0,0.0,0.0,0.0,0.0,-9.0,-7.0,-9.0,-6.0,-10.0,-6.0,-10.0,-6.0,-10.0,-6.0,-10.0,-7.0,-11.0,-7.0,-11.0,-7.0,-11.0,-7.0,-11.0,-7.0,-11.0,-7.0,-11.0,-7.0,-11.0,-7.0,-11.0,-7.0,-12.0,-7.0,-12.0,-7.0,-11.0,-7.0,-12.0,-6.0,-12.0,-6.0,-12.0,-6.0,-12.0,-7.0,-12.0,-6.0,-13.0,-6.0,-12.0,-6.0,-13.0,-6.0,-13.0,-6.0
2.2871,122.0,-96.0,7.0,0.0,0.0,0.0,0.0,0.0,0.0,0.0,0.0,0.0,-13.0,-19.0,-12.0,-18.0,-11.0,-15.0,-8.0,-13.0,-5.0,-10.0,-2.0,-8.0,2.0,-6.0,6.0,-4.0,11.0,-2.0,15.0,-2.0,18.0,-1.0,21.0,-2.0,24.0,-2.0,26.0,-4.0,26.0,-4.0,26.0,-5.0,24.0,-6.0,22.0,-5.0,19.0,-5.0,15.0,-3.0,11.0,-2.0,7.0,1.0,3.0,4.0,0.0,8.0,-3.0,11.0,-6.0,15.0
2.3004,122.0,-96.0,7.0,0.0,0.0,0.0,0.0,0.0,0.0,0.0,0.0,0.0,10.0,-20.0,11.0,-22.0,11.0,-23.0,10.0,-23.0,9.0,-22.0,8.0,-20.0,7.0,-18.0,6.0,-14.0,5.0,-11.0,6.0,-6.0,5.0,-1.0,6.0,4.0,7.0,8.0,9.0,13.0,10.0,16.0,11.0,19.0,13.0,21.0,14.0,22.0,16.0,22.0,15.0,21.0,15.0,20.0,14.0,18.0,12.0,15.0,10.0,12.0,6.0,9.0,2.0,7.0
2.3135,122.0,-96.0,7.0,0.0,0.0,0.0,0.0,0.0,0.0,0.0,0.0,0.0,11.0,19.0,10.0,17.0,9.0,15.0,7.0,12.0,4.0,9.0,0.0,7.0,-4.0,4.0,-8.0,2.0,-13.0,1.0,-17.0,0.0,-20.0,0.0,-23.0,0.0,-26.0,0.0,-27.0,2.0,-28.0,3.0,-26.0,3.0,-25.0,4.0,-22.0,4.0,-19.0,3.0,-15.0,2.0,-11.0,0.0,-7.0,-3.0,-3.0,-6.0,0.0,-10.0,4.0,-13.0,6.0,-18.0
2.3287,122.0,-96.0,7.0,0.0,0.0,0.0,0.0,0.0,0.0,0.0,0.0,0.0,11.0,-1.0,15.0,1.0,20.0,1.0,22.0,1.0,25.0,1.0,27.0,0.0,28.0,0.0,28.0,-1.0,27.0,-2.0,24.0,-2.0,20.0,-1.0,17.0,0.0,13.0,0.0,8.0,2.0,3.0,5.0,-1.0,8.0,-5.0,12.0,-9.0,16.0,-11.0,20.0,-13.0,23.0,-13.0,25.0,-14.0,27.0,-13.0,28.0,-11.0,28.0,-9.0,27.0,-8.0,24.0
2.342,122.0,-96.0,7.0,0.0,0.0,0.0,0.0,0.0,0.0,0.0,0.0,0.0,-13.0,0.0,-9.0,-2.0,-4.0,-6.0,-1.0,-10.0,3.0,-14.0,5.0,-19.0,7.0,-23.0,8.0,-27.0,8.0,-30.0,8.0,-32.0,6.0,-32.0,5.0,-32.0,4.0,-31.0,2.0,-28.0,2.0,-24.0,2.0,-19.0,3.0,-14.0,5.0,-8.0,8.0,-2.0,10.0,3.0,14.0,8.0,18.0,12.0,22.0,14.0,26.0,15.0,29.0,16.0,30.0,16.0
2.3565,122.0,-96.0,7.0,0.0,0.0,0.0,0.0,0.0,0.0,0.0,0.0,0.0,13.0,-4.0,17.0,-3.0,22.0,-4.0,26.0,-4.0,29.0,-5.0,31.0,-7.0,31.0,-8.0,31.0,-9.0,29.0,-9.0,26.0,-9.0,21.0,-7.0,17.0,-5.0,13.0,-2.0,9.0,2.0,4.0,5.0,0.0,10.0,-3.0,16.0,-6.0,20.0,-7.0,25.0,-8.0,29.0,-8.0,33.0,-7.0,34.0,-6.0,34.0,-5.0,33.0,-4.0,31.0,-3.0,28.0
2.3722,122.0,-96.0,7.0,0.0,0.0,0.0,0.0,0.0,0.0,0.0,0.0,0.0,6.0,9.0,7.0,9.0,7.0,9.0,7.0,10.0,7.0,10.0,7.0,10.0,7.0,10.0,8.0,10.0,7.0,10.0,8.0,10.0,8.0,10.0,8.0,10.0,8.0,10.0,8.0,10.0,8.0,10.0,8.0,10.0,9.0,10.0,9.0,10.0,9.0,10.0,9.0,10.0,9.0,11.0,9.0,10.0,10.0,10.0,10.0,11.0,10.0,10.0,10.0,10.0
2.3848,122.0,-96.0,7.0,0.0,0.0,0.0,0.0,0.0,0.0,0.0,0.0,0.0,-3.0,11.0,-5.0,6.0,-6.0,1.0,-8.0,-3.0,-11.0,-7.0,-14.0,-11.0,-17.0,-13.0,-20.0,-15.0,-23.0,-16.0,-24.0,-16.0,-25.0,-16.0,-25.0,-15.0,-25.0,-13.0,-23.0,-11.0,-20.0,-10.0,-16.0,-9.0,-12.0,-8.0,-6.0,-7.0,-1.0,-8.0,4.0,-8.0,10.0,-10.0,14.0,-12.0,18.0,-14.0,20.0,-17.0,22.0,-19.0,23.0,-20.0
2.398,122.0,-96.0,7.0,0.0,0.0,0.0,0.0,0.0,0.0,0.0,0.0,0.0,-14.0,-1.0,-14.0,-1.0,-15.0,-1.0,-14.0,-1.0,-15.0,-1.0,-16.0,-1.0,-15.0,-1.0,-16.0,0.0,-15.0,-1.0,-16.0,-1.0,-16.0,-1.0,-16.0,-1.0,-16.0,-1.0,-16.0,0.0,-17.0,-1.0,-16.0,-1.0,-17.0,0.0,-17.0,0.0,-17.0,0.0,-17.0,0.0,-17.0,1.0,-17.0,0.0,-17.0,0.0,-17.0,0.0,-18.0,0.0,-18.0,1.0
2.4145,122.0,-96.0,7.0,0.0,0.0,0.0,0.0,0.0,0.0,0.0,0.0,0.0,-9.0,10.0,-9.0,10.0,-10.0,10.0,-10.0,10.0,-10.0,10.0,-10.0,11.0,-10.0,11.0,-10.0,11.0,-10.0,11.0,-10.0,11.0,-10.0,12.0,-10.0,12.0,-10.0,12.0,-10.0,12.0,-10.0,12.0,-10.0,12.0,-10.0,12.0,-10.0,13.0,-9.0,13.0,-10.0,13.0,-9.0,13.0,-9.0,13.0,-9.0,14.0,-9.0,14.0,-9.0,14.0,-9.0,14.0
2.4282,122.0,-96.0,7.0,0.0,0.0,0.0,0.0,0.0,0.0,0.0,0.0,0.0,24.0,-4.0,22.0,-4.0,19.0,-4.0,15.0,-2.0,11.0,-1.0,7.0,2.0,3.0,5.0,-1.0,9.0,-4.0,13.0,-7.0,17.0,-9.0,19.0,-10.0,22.0,-11.0,25.0,-10.0,27.0,-9.0,28.0,-8.0,28.0,-7.0,26.0,-6.0,23.0,-5.0,20.0,-5.0,15.0,-5.0,10.0,-6.0,5.0,-8.0,0.0,-9.0,-6.0,-11.0,-11.0,-15.0,-15.0
2.4424,122.0,-96.0,7.0,0.0,0.0,0.0,0.0,0.0,0.0,0.0,0.0,0.0,11.0,21.0,13.0,23.0,14.0,23.0,14.0,22.0,14.0,21.0,13.0,19.0,11.0,16.0,9.0,14.0,5.0,11.0,1.0,8.0,-4.0,5.0,-9.0,3.0,-14.0,2.0,-18.0,0.0,-23.0,0.0,-26.0,0.0,-29.0,0.0,-31.0,1.0,-31.0,2.0,-30.0,3.0,-29.0,3.0,-26.0,4.0,-23.0,3.0,-18.0,2.0,-13.0,0.0,-9.0,-3.0
2.4562,122.0,-96.0,7.0,0.0,0.0,0.0,0.0,0.0,0.0,0.0,0.0,0.0,9.0,-11.0,8.0,-11.0,9.0,-12.0,9.0,-11.0,8.0,-12.0,9.0,-12.0,9.0,-12.0,9.0,-12.0,9.0,-12.0,9.0,-13.0,9.0,-12.0,9.0,-13.0,9.0,-13.0,9.0,-13.0,9.0,-14.0,9.0,-13.0,9.0,-13.0,9.0,-14.0,9.0,-14.0,9.0,-13.0,10.0,-14.0,9.0,-14.0,9.0,-15.0,9.0,-14.0,9.0,-14.0,9.0,-15.0
2.4697,122.0,-96.0,7.0,0.0,0.0,0.0,0.0,0.0,0.0,0.0,0.0,0.0,9.0,-15.0,10.0,-17.0,8.0,-17.0,9.0,-17.0,10.0,-17.0,10.0,-16.0,10.0,-17.0,10.0,-18.0,10.0,-17.0,10.0,-18.0,10.0,-19.0,10.0,-18.0,10.0,-19.0,10.0,-19.0,9.0,-18.0,9.0,-20.0,9.0,-19.0,9.0,-20.0,9.0,-21.0,9.0,-19.0,9.0,-20.0,10.0,-20.0,9.0,-20.0,10.0,-21.0,10.0,-21.0,9.0,-21.0
2.4841,122.0,-96.0,7.0,0.0,0.0,0.0,0.0,0.0,0.0,0.0,0.0,0.0,-23.0,0.0,-22.0,0.0,-19.0,0.0,-15.0,0.0,-12.0,-1.0,-8.0,-3.0,-4.0,-5.0,0.0,-8.0,3.0,-11.0,6.0,-14.0,8.0,-17.0,10.0,-19.0,11.0,-22.0,11.0,-24.0,11.0,-26.0,10.0,-25.0,8.0,-25.0,8.0,-22.0,6.0,-20.0,5.0,-17.0,5.0,-12.0,5.0,-7.0,5.0,-3.0,6.0,2.0,7.0,7.0,10.0,11.0
2.4969,122.0,-96.0,7.0,0.0,0.0,0.0,0.0,0.0,0.0,0.0,0.0,0.0,12.0,-6.0,12.0,-7.0,12.0,-6.0,13.0,-7.0,12.0,-6.0,13.0,-7.0,13.0,-7.0,13.0,-8.0,13.0,-8.0,13.0,-8.0,13.0,-8.0,13.0,-8.0,14.0,-7.0,14.0,-8.0,14.0,-9.0,14.0,-8.0,14.0,-8.0,13.0,-8.0,14.0,-9.0,14.0,-9.0,14.0,-9.0,14.0,-9.0,14.0,-9.0,14.0,-9.0,14.0,-9.0,14.0,-10.0
2.5103,122.0,-96.0,7.0,0.0,0.0,0.0,0.0,0.0,0.0,0.0,0.0,0.0,19.0,-13.0,17.0,-12.0,15.0,-10.0,12.0,-8.0,9.0,-5.0,7.0,-2.0,4.0,3.0,3.0,7.0,1.0,11.0,1.0,15.0,0.0,19.0,0.0,22.0,1.0,24.0,2.0,26.0,3.0,26.0,3.0,26.0,4.0,24.0,4.0,22.0,4.0,19.0,2.0,15.0,0.0,11.0,-2.0,7.0,-6.0,3.0,-9.0,-1.0,-12.0,-4.0,-16.0,-6.0
2.5239,122.0,-96.0,7.0,0.0,0.0,0.0,0.0,0.0,0.0,0.0,0.0,0.0,6.0,-12.0,5.0,-13.0,6.0,-13.0,6.0,-13.0,5.0,-14.0,6.0,-14.0,6.0,-14.0,5.0,-15.0,5.0,-15.0,6.0,-15.0,6.0,-15.0,6.0,-15.0,6.0,-15.0,5.0,-15.0,6.0,-16.0,5.0,-15.0,5.0,-16.0,5.0,-16.0,5.0,-16.0,5.0,-16.0,5.0,-16.0,5.0,-16.0,5.0,-17.0,5.0,-17.0,5.0,-17.0,5.0,-17.0
2.5361,122.0,-96.0,7.0,0.0,0.0,0.0,0.0,0.0,0.0,0.0,0.0,0.0,-9.0,5.0,-13.0,6.0,-16.0,8.0,-19.0,9.0,-21.0,10.0,-22.0,12.0,-22.0,13.0,-22.0,14.0,-21.0,14.0,-19.0,13.0,-17.0,10.0,-14.0,8.0,-11.0,5.0,-9.0,2.0,-6.0,-2.0,-4.0,-7.0,-3.0,-12.0,-2.0,-16.0,-2.0,-20.0,-3.0,-24.0,-3.0,-26.0,-4.0,-28.0,-5.0,-29.0,-5.0,-28.0,-6.0,-27.0,-6.0,-24.0
2.5491,122.0,-96.0,7.0,0.0,0.0,0.0,0.0,0.0,0.0,0.0,0.0,0.0,-7.0,8.0,-9.0,11.0,-12.0,13.0,-14.0,15.0,-15.0,18.0,-16.0,20.0,-15.0,21.0,-15.0,21.0,-13.0,21.0,-12.0,19.0,-11.0,16.0,-10.0,13.0,-8.0,9.0,-7.0,5.0,-6.0,0.0,-7.0,-5.0,-7.0,-10.0,-8.0,-14.0,-10.0,-18.0,-12.0,-20.0,-14.0,-23.0,-15.0,-24.0,-16.0,-24.0,-17.0,-23.0,-17.0,-22.0,-16.0,-19.0
2.562,122.0,-96.0,7.0,0.0,0.0,0.0,0.0,0.0,0.0,0.0,0.0,0.0,0.0,22.0,0.0,20.0,0.0,17.0,-1.0,14.0,-1.0,10.0,-4.0,6.0,-6.0,2.0,-9.0,-1.0,-12.0,-5.0,-15.0,-8.0,-17.0,-10.0,-20.0,-12.0,-22.0,-13.0,-24.0,-12.0,-26.0,-12.0,-25.0,-10.0,-24.0,-10.0,-22.0,-8.0,-19.0,-7.0,-16.0,-6.0,-11.0,-6.0,-6.0,-6.0,-1.0,-7.0,4.0,-8.0,9.0,-9.0,13.0,-12.0
2.5762,122.0,-96.0,7.0,0.0,0.0,0.0,0.0,0.0,0.0,0.0,0.0,0.0,4.0,8.0,5.0,8.0,4.0,8.0,5.0,9.0,4.0,9.0,5.0,9.0,5.0,9.0,5.0,9.0,5.0,9.0,5.0,9.0,5.0,9.0,5.0,10.0,5.0,9.0,5.0,9.0,6.0,9.0,5.0,10.0,6.0,10.0,6.0,9.0,6.0,10.0,6.0,10.0,6.0,10.0,6.0,9.0,6.0,9.0,6.0,10.0,6.0,10.0,7.0,9.0
2.5928,122.0,-96.0,7.0,0.0,0.0,0.0,0.0,0.0,0.0,0.0,0.0,0.0,-8.0,-9.0,-4.0,-7.0,2.0,-6.0,6.0,-6.0,11.0,-5.0,16.0,-7.0,20.0,-8.0,23.0,-8.0,25.0,-10.0,26.0,-11.0,26.0,-13.0,26.0,-13.0,24.0,-13.0,21.0,-13.0,18.0,-12.0,15.0,-9.0,11.0,-6.0,8.0,-2.0,5.0,4.0,3.0,8.0,1.0,13.0,0.0,18.0,0.0,23.0,1.0,26.0,2.0,29.0,3.0,30.0
2.6069,122.0,-96.0,7.0,0.0,0.0,0.0,0.0,0.0,0.0,0.0,0.0,0.0,-5.0,10.0,-5.0,5.0,-7.0,0.0,-8.0,-5.0,-11.0,-9.0,-13.0,-13.0,-16.0,-16.0,-19.0,-18.0,-21.0,-19.0,-23.0,-20.0,-24.0,-19.0,-24.0,-17.0,-23.0,-16.0,-22.0,-14.0,-18.0,-12.0,-14.0,-10.0,-9.0,-8.0,-4.0,-8.0,2.0,-7.0,7.0,-8.0,12.0,-9.0,17.0,-10.0,21.0,-13.0,23.0,-15.0,25.0,-17.0,25.0,-18.0
2.6208,122.0,-96.0,7.0,0.0,0.0,0.0,0.0,0.0,0.0,0.0,0.0,0.0,22.0,-5.0,23.0,-6.0,24.0,-7.0,23.0,-7.0,22.0,-7.0,20.0,-7.0,17.0,-6.0,14.0,-4.0,10.0,-2.0,7.0,2.0,3.0,5.0,0.0,8.0,-3.0,12.0,-5.0,16.0,-7.0,19.0,-8.0,22.0,-8.0,24.0,-8.0,26.0,-7.0,26.0,-6.0,26.0,-5.0,25.0,-4.0,22.0,-4.0,19.0,-3.0,14.0,-4.0,9.0,-5.0,4.0
2.6354,122.0,-96.0,7.0,0.0,0.0,0.0,0.0,0.0,0.0,0.0,0.0,0.0,12.0,-4.0,12.0,-4.0,13.0,-4.0,12.0,-4.0,13.0,-4.0,13.0,-5.0,12.0,-5.0,13.0,-5.0,13.0,-5.0,13.0,-5.0,13.0,-5.0,14.0,-5.0,13.0,-5.0,14.0,-5.0,14.0,-6.0,13.0,-5.0,14.0,-6.0,14.0,-6.0,13.0,-6.0,14.0,-7.0,13.0,-6.0,14.0,-7.0,14.0,-7.0,14.0,-7.0,14.0,-7.0,14.0,-7.0
2.6391,98.0,33.0,22.0,0.0,0.0,0.0,0.0,0.0,0.0,0.0,0.0,0.0,28.0,-10.0,20.0,-13.0,17.0,-9.0,14.0,-13.0,9.0,-7.0,0.0,-10.0,-6.0,-9.0,-7.0,-9.0,-16.0,-7.0,-19.0,-6.0,-22.0,-4.0,-27.0,-2.0,-28.0,-1.0,-29.0,2.0,-29.0,3.0,-28.0,5.0,-26.0,6.0,-22.0,7.0,-19.0,7.0,-13.0,6.0,-5.0,4.0,1.0,1.0,7.0,-2.0,13.0,-5.0,20.0,-8.0,26.0,-11.0
2.6524,122.0,-96.0,7.0,0.0,0.0,0.0,0.0,0.0,0.0,0.0,0.0,0.0,1.0,22.0,1.0,20.0,1.0,17.0,0.0,14.0,-1.0,11.0,-3.0,6.0,-6.0,2.0,-9.0,-1.0,-12.0,-4.0,-15.0,-7.0,-18.0,-9.0,-21.0,-10.0,-23.0,-11.0,-25.0,-11.0,-26.0,-11.0,-25.0,-10.0,-25.0,-9.0,-23.0,-7.0,-20.0,-6.0,-16.0,-6.0,-11.0,-6.0,-6.0,-6.0,-1.0,-7.0,4.0,-8.0,8.0,-9.0,12.0,-12.0
2.671,122.0,-96.0,7.0,0.0,0.0,0.0,0.0,0.0,0.0,0.0,0.0,0.0,17.0,-15.0,18.0,-18.0,18.0,-18.0,18.0,-18.0,16.0,-17.0,14.0,-16.0,12.0,-14.0,11.0,-11.0,8.0,-8.0,7.0,-3.0,5.0,2.0,4.0,6.0,4.0,11.0,3.0,15.0,4.0,19.0,4.0,22.0,5.0,25.0,6.0,26.0,7.0,27.0,8.0,26.0,8.0,25.0,7.0,22.0,7.0,19.0,5.0,15.0,2.0,11.0,-1.0,7.0
2.6824,122.0,-96.0,7.0,0.0,0.0,0.0,0.0,0.0,0.0,0.0,0.0,0.0,-11.0,5.0,-8.0,1.0,-6.0,-3.0,-4.0,-8.0,-3.0,-13.0,-3.0,-17.0,-3.0,-22.0,-3.0,-25.0,-4.0,-28.0,-5.0,-29.0,-6.0,-30.0,-7.0,-29.0,-8.0,-27.0,-8.0,-26.0,-7.0,-22.0,-6.0,-18.0,-3.0,-14.0,0.0,-10.0,4.0,-6.0,8.0,-3.0,12.0,0.0,17.0,3.0,22.0,4.0,25.0,4.0,28.0,4.0,30.0,4.0
2.6968,122.0,-96.0,7.0,0.0,0.0,0.0,0.0,0.0,0.0,0.0,0.0,0.0,9.0,-22.0,7.0,-20.0,7.0,-17.0,6.0,-14.0,5.0,-10.0,5.0,-5.0,5.0,-1.0,6.0,4.0,8.0,8.0,10.0,12.0,11.0,15.0,13.0,18.0,15.0,19.0,17.0,20.0,18.0,20.0,18.0,19.0,18.0,17.0,16.0,16.0,14.0,13.0,10.0,11.0,7.0,9.0,2.0,7.0,-3.0,5.0,-8.0,4.0,-12.0,3.0,-17.0,4.0
2.7131,122.0,-96.0,7.0,0.0,0.0,0.0,0.0,0.0,0.0,0.0,0.0,0.0,-13.0,-6.0,-14.0,-6.0,-13.0,-5.0,-14.0,-6.0,-14.0,-6.0,-15.0,-5.0,-15.0,-6.0,-15.0,-6.0,-15.0,-6.0,-15.0,-6.0,-15.0,-6.0,-16.0,-6.0,-15.0,-6.0,-16.0,-6.0,-16.0,-6.0,-16.0,-6.0,-16.0,-6.0,-16.0,-6.0,-17.0,-6.0,-17.0,-6.0,-17.0,-6.0,-17.0,-5.0,-17.0,-5.0,-17.0,-5.0,-17.0,-5.0,-17.0,-5.0
2.728,122.0,-96.0,7.0,0.0,0.0,0.0,0.0,0.0,0.0,0.0,0.0,0.0,3.0,-12.0,6.0,-16.0,8.0,-19.0,9.0,-22.0,10.0,-25.0,10.0,-27.0,9.0,-28.0,8.0,-28.0,7.0,-28.0,6.0,-25.0,5.0,-21.0,6.0,-17.0,5.0,-13.0,5.0,-8.0,6.0,-3.0,7.0,2.0,10.0,7.0,12.0,12.0,15.0,16.0,18.0,18.0,20.0,20.0,22.0,21.0,23.0,21.0,23.0,19.0,24.0,18.0,21.0,16.0
2.7442,122.0,-96.0,7.0,0.0,0.0,0.0,0.0,0.0,0.0,0.0,0.0,0.0,-9.0,11.0,-8.0,11.0,-9.0,11.0,-9.0,11.0,-9.0,11.0,-9.0,12.0,-9.0,12.0,-9.0,12.0,-10.0,12.0,-10.0,12.0,-10.0,12.0,-10.0,12.0,-10.0,12.0,-9.0,12.0,-9.0,13.0,-10.0,13.0,-9.0,12.0,-10.0,14.0,-9.0,13.0,-10.0,14.0,-9.0,13.0,-10.0,14.0,-9.0,14.0,-9.0,14.0,-9.0,14.0,-9.0,14.0
2.7589,122.0,-96.0,7.0,0.0,0.0,0.0,0.0,0.0,0.0,0.0,0.0,0.0,-4.0,-11.0,-4.0,-15.0,-5.0,-18.0,-5.0,-22.0,-6.0,-23.0,-7.0,-26.0,-8.0,-26.0,-9.0,-25.0,-9.0,-24.0,-9.0,-21.0,-7.0,-19.0,-6.0,-16.0,-4.0,-12.0,-1.0,-9.0,3.0,-5.0,7.0,-3.0,11.0,0.0,15.0,2.0,20.0,3.0,22.0,4.0,25.0,4.0,27.0,4.0,28.0,3.0,28.0,2.0,27.0,0.0,24.0,0.0
2.7622,98.0,33.0,22.0,0.0,0.0,0.0,0.0,0.0,0.0,0.0,0.0,0.0,10.0,-5.0,11.0,-8.0,12.0,-10.0,13.0,-12.0,13.0,-14.0,13.0,-16.0,12.0,-15.0,11.0,-16.0,10.0,-15.0,7.0,-14.0,5.0,-12.0,1.0,-10.0,-1.0,-7.0,-4.0,-4.0,-6.0,0.0,-7.0,3.0,-9.0,7.0,-10.0,11.0,-11.0,16.0,-10.0,18.0,-10.0,21.0,-10.0,22.0,-8.0,22.0,-7.0,22.0,-6.0,20.0,-5.0,18.0
2.7793,122.0,-96.0,7.0,0.0,0.0,0.0,0.0,0.0,0.0,0.0,0.0,0.0,-7.0,11.0,-7.0,5.0,-7.0,0.0,-8.0,-6.0,-10.0,-11.0,-12.0,-16.0,-14.0,-20.0,-17.0,-23.0,-20.0,-25.0,-21.0,-26.0,-23.0,-26.0,-23.0,-25.0,-23.0,-23.0,-22.0,-20.0,-19.0,-18.0,-15.0,-15.0,-11.0,-12.0,-6.0,-10.0,1.0,-8.0,6.0,-7.0,13.0,-7.0,18.0,-7.0,24.0,-8.0,27.0,-10.0,30.0,-12.0,32.0,-13.0
2.7917,122.0,-96.0,7.0,0.0,0.0,0.0,0.0,0.0,0.0,0.0,0.0,0.0,1.0,-12.0,2.0,-7.0,5.0,-3.0,9.0,1.0,12.0,5.0,16.0,8.0,19.0,10.0,22.0,11.0,25.0,11.0,26.0,11.0,27.0,9.0,27.0,8.0,26.0,7.0,24.0,5.0,20.0,4.0,15.0,4.0,10.0,4.0,5.0,6.0,-1.0,7.0,-6.0,8.0,-11.0,11.0,-15.0,14.0,-17.0,18.0,-18.0,21.0,-19.0,23.0,-20.0,24.0
2.805,122.0,-96.0,7.0,0.0,0.0,0.0,0.0,0.0,0.0,0.0,0.0,0.0,-2.0,12.0,-4.0,16.0,-5.0,20.0,-6.0,23.0,-6.0,25.0,-5.0,28.0,-5.0,28.0,-4.0,28.0,-3.0,26.0,-3.0,23.0,-3.0,20.0,-4.0,15.0,-4.0,11.0,-6.0,6.0,-7.0,0.0,-9.0,-5.0,-13.0,-9.0,-16.0,-13.0,-19.0,-16.0,-22.0,-18.0,-25.0,-19.0,-25.0,-20.0,-26.0,-18.0,-26.0,-18.0,-25.0,-15.0,-23.0,-14.0
2.8191,122.0,-96.0,7.0,0.0,0.0,0.0,0.0,0.0,0.0,0.0,0.0,0.0,22.0,-2.0,20.0,-2.0,17.0,-1.0,14.0,-1.0,9.0,0.0,6.0,3.0,1.0,5.0,-2.0,8.0,-6.0,12.0,-8.0,14.0,-10.0,17.0,-12.0,20.0,-12.0,22.0,-12.0,24.0,-12.0,25.0,-10.0,24.0,-9.0,23.0,-8.0,20.0,-7.0,18.0,-6.0,13.0,-6.0,8.0,-6.0,4.0,-7.0,-2.0,-8.0,-7.0,-9.0,-11.0,-12.0,-16.0
2.8318,122.0,-96.0,7.0,0.0,0.0,0.0,0.0,0.0,0.0,0.0,0.0,0.0,-12.0,3.0,-15.0,3.0,-19.0,3.0,-22.0,4.0,-24.0,5.0,-26.0,6.0,-26.0,7.0,-25.0,7.0,-24.0,7.0,-21.0,7.0,-18.0,5.0,-15.0,3.0,-11.0,1.0,-7.0,-2.0,-4.0,-5.0,0.0,-10.0,2.0,-14.0,4.0,-18.0,5.0,-22.0,5.0,-25.0,5.0,-27.0,5.0,-28.0,4.0,-29.0,4.0,-28.0,2.0,-26.0,1.0,-23.0
2.8449,122.0,-96.0,7.0,0.0,0.0,0.0,0.0,0.0,0.0,0.0,0.0,0.0,9.0,7.0,8.0,6.0,9.0,7.0,9.0,7.0,9.0,7.0,8.0,8.0,9.0,8.0,10.0,7.0,9.0,7.0,9.0,7.0,10.0,7.0,9.0,7.0,10.0,8.0,10.0,7.0,10.0,7.0,10.0,7.0,10.0,7.0,11.0,7.0,10.0,7.0,10.0,7.0,11.0,7.0,11.0,7.0,11.0,7.0,11.0,7.0,11.0,7.0,11.0,7.0
2.8597,122.0,-96.0,7.0,0.0,0.0,0.0,0.0,0.0,0.0,0.0,0.0,0.0,10.0,-3.0,7.0,0.0,4.0,4.0,1.0,8.0,-2.0,13.0,-3.0,18.0,-4.0,21.0,-4.0,25.0,-4.0,28.0,-3.0,29.0,-2.0,29.0,-1.0,28.0,0.0,27.0,1.0,24.0,0.0,20.0,0.0,16.0,-2.0,11.0,-4.0,6.0,-8.0,1.0,-11.0,-3.0,-15.0,-7.0,-18.0,-10.0,-22.0,-12.0,-26.0,-13.0,-28.0,-13.0,-29.0,-13.0
2.8741,122.0,-96.0,7.0,0.0,0.0,0.0,0.0,0.0,0.0,0.0,0.0,0.0,11.0,-18.0,10.0,-20.0,10.0,-21.0,10.0,-20.0,9.0,-20.0,8.0,-18.0,7.0,-16.0,6.0,-13.0,5.0,-9.0,5.0,-5.0,5.0,0.0,6.0,4.0,7.0,9.0,7.0,12.0,9.0,16.0,10.0,18.0,12.0,20.0,12.0,21.0,13.0,21.0,14.0,20.0,13.0,19.0,12.0,16.0,11.0,14.0,8.0,11.0,5.0,8.0,1.0,6.0
2.8885,122.0,-96.0,7.0,0.0,0.0,0.0,0.0,0.0,0.0,0.0,0.0,0.0,10.0,-4.0,14.0,-4.0,18.0,-5.0,21.0,-5.0,23.0,-6.0,24.0,-7.0,25.0,-8.0,24.0,-9.0,23.0,-9.0,20.0,-8.0,18.0,-6.0,14.0,-5.0,11.0,-3.0,7.0,1.0,3.0,4.0,1.0,8.0,-2.0,12.0,-5.0,16.0,-5.0,20.0,-6.0,23.0,-6.0,26.0,-6.0,27.0,-5.0,28.0,-5.0,27.0,-3.0,26.0,-2.0,23.0
2.9027,122.0,-96.0,7.0,0.0,0.0,0.0,0.0,0.0,0.0,0.0,0.0,0.0,2.0,20.0,3.0,21.0,4.0,22.0,4.0,22.0,4.0,20.0,4.0,19.0,3.0,16.0,2.0,13.0,0.0,10.0,-2.0,7.0,-4.0,3.0,-8.0,0.0,-11.0,-3.0,-14.0,-5.0,-17.0,-7.0,-20.0,-9.0,-22.0,-9.0,-23.0,-10.0,-25.0,-9.0,-25.0,-8.0,-24.0,-8.0,-22.0,-7.0,-19.0,-5.0,-16.0,-4.0,-11.0,-4.0,-7.0,-5.0
2.9166,122.0,-96.0,7.0,0.0,0.0,0.0,0.0,0.0,0.0,0.0,0.0,0.0,-4.0,13.0,-4.0,13.0,-4.0,14.0,-3.0,14.0,-4.0,14.0,-4.0,15.0,-4.0,14.0,-3.0,15.0,-4.0,14.0,-3.0,15.0,-3.0,15.0,-4.0,15.0,-3.0,15.0,-3.0,15.0,-3.0,16.0,-3.0,15.0,-3.0,16.0,-3.0,16.0,-3.0,16.0,-2.0,16.0,-2.0,16.0,-3.0,16.0,-2.0,16.0,-2.0,17.0,-2.0,17.0,-2.0,17.0
2.9309,122.0,-96.0,7.0,0.0,0.0,0.0,0.0,0.0,0.0,0.0,0.0,0.0,17.0,11.0,19.0,12.0,19.0,12.0,19.0,11.0,18.0,10.0,17.0,9.0,14.0,8.0,11.0,7.0,7.0,6.0,3.0,5.0,-1.0,5.0,-6.0,5.0,-10.0,6.0,-14.0,6.0,-17.0,7.0,-20.0,8.0,-22.0,9.0,-23.0,10.0,-23.0,11.0,-23.0,11.0,-21.0,11.0,-19.0,10.0,-16.0,9.0,-13.0,7.0,-10.0,4.0,-7.0,0.0
2.9449,122.0,-96.0,7.0,0.0,0.0,0.0,0.0,0.0,0.0,0.0,0.0,0.0,-18.0,11.0,-18.0,13.0,-18.0,14.0,-18.0,14.0,-17.0,13.0,-15.0,12.0,-13.0,10.0,-11.0,7.0,-9.0,5.0,-7.0,0.0,-5.0,-4.0,-3.0,-8.0,-3.0,-13.0,-2.0,-16.0,-2.0,-19.0,-2.0,-22.0,-3.0,-24.0,-3.0,-26.0,-4.0,-25.0,-5.0,-25.0,-4.0,-23.0,-5.0,-21.0,-4.0,-18.0,-2.0,-14.0,-1.0,-9.0,2.0,-6.0
2.9585,122.0,-96.0,7.0,0.0,0.0,0.0,0.0,0.0,0.0,0.0,0.0,0.0,-8.0,-9.0,-10.0,-12.0,-12.0,-16.0,-13.0,-18.0,-15.0,-20.0,-17.0,-21.0,-18.0,-21.0,-18.0,-20.0,-18.0,-18.0,-16.0,-17.0,-13.0,-14.0,-10.0,-12.0,-6.0,-10.0,-2.0,-8.0,3.0,-5.0,8.0,-5.0,13.0,-4.0,17.0,-3.0,21.0,-4.0,24.0,-5.0,27.0,-6.0,27.0,-7.0,28.0,-8.0,26.0,-8.0,24.0,-9.0,21.0,-8.0
2.9721,122.0,-96.0,7.0,0.0,0.0,0.0,0.0,0.0,0.0,0.0,0.0,0.0,9.0,5.0,10.0,5.0,11.0,5.0,10.0,6.0,10.0,5.0,11.0,6.0,11.0,5.0,11.0,6.0,11.0,6.0,11.0,6.0,11.0,5.0,11.0,6.0,11.0,6.0,11.0,5.0,12.0,5.0,12.0,5.0,12.0,5.0,13.0,6.0,12.0,5.0,12.0,5.0,13.0,5.0,12.0,5.0,13.0,5.0,13.0,5.0,13.0,5.0,13.0,5.0
2.9891,122.0,-96.0,7.0,0.0,0.0,0.0,0.0,0.0,0.0,0.0,0.0,0.0,-12.0,13.0,-12.0,13.0,-13.0,13.0,-13.0,13.0,-13.0,14.0,-13.0,14.0,-14.0,14.0,-13.0,14.0,-13.0,15.0,-14.0,15.0,-14.0,14.0,-14.0,14.0,-14.0,15.0,-14.0,15.0,-13.0,15.0,-13.0,15.0,-13.0,15.0,-14.0,15.0,-14.0,15.0,-14.0,16.0,-14.0,16.0,-14.0,15.0,-14.0,16.0,-14.0,16.0,-13.0,15.0,-14.0,16.0
3.0014,122.0,-96.0,7.0,0.0,0.0,0.0,0.0,0.0,0.0,0.0,0.0,0.0,12.0,-7.0,12.0,-8.0,12.0,-8.0,12.0,-8.0,11.0,-8.0,13.0,-8.0,12.0,-8.0,13.0,-9.0,13.0,-8.0,12.0,-9.0,13.0,-9.0,13.0,-9.0,13.0,-9.0,13.0,-9.0,13.0,-10.0,13.0,-10.0,13.0,-10.0,13.0,-10.0,13.0,-10.0,13.0,-10.0,13.0,-10.0,13.0,-10.0,13.0,-11.0,13.0,-11.0,13.0,-11.0,13.0,-11.0
3.0153,122.0,-96.0,7.0,0.0,0.0,0.0,0.0,0.0,0.0,0.0,0.0,0.0,3.0,-18.0,-2.0,-22.0,4.0,-22.0,-2.0,-21.0,2.0,-22.0,-2.0,-16.0,-3.0,-18.0,0.0,-19.0,-2.0,-16.0,-4.0,-20.0,2.0,-18.0,1.0,-18.0,4.0,-20.0,4.0,-20.0,4.0,-25.0,8.0,-18.0,4.0,-25.0,7.0,-20.0,-1.0,-22.0,0.0,-23.0,2.0,-23.0,-1.0,-21.0,1.0,-27.0,1.0,-18.0,0.0,-20.0,6.0,-17.0
3.0287,122.0,-96.0,7.0,0.0,0.0,0.0,0.0,0.0,0.0,0.0,0.0,0.0,13.0,1.0,14.0,1.0,14.0,1.0,14.0,1.0,14.0,1.0,15.0,1.0,15.0,0.0,15.0,0.0,15.0,1.0,15.0,0.0,15.0,0.0,16.0,0.0,15.0,0.0,16.0,0.0,16.0,0.0,16.0,0.0,16.0,-1.0,16.0,0.0,16.0,0.0,16.0,-1.0,17.0,-1.0,16.0,0.0,16.0,-1.0,17.0,-2.0,17.0,-2.0,17.0,-2.0
3.043,122.0,-96.0,7.0,0.0,0.0,0.0,0.0,0.0,0.0,0.0,0.0,0.0,0.0,-12.0,-1.0,-11.0,-1.0,-12.0,-1.0,-13.0,-2.0,-12.0,-1.0,-12.0,-2.0,-13.0,-1.0,-12.0,-1.0,-13.0,-1.0,-13.0,-1.0,-13.0,-1.0,-13.0,-1.0,-13.0,-1.0,-13.0,-1.0,-13.0,-2.0,-13.0,-2.0,-14.0,-2.0,-14.0,-2.0,-14.0,-2.0,-14.0,-2.0,-14.0,-2.0,-14.0,-2.0,-14.0,-2.0,-14.0,-2.0,-14.0,-2.0,-14.0
3.0573,122.0,-96.0,7.0,0.0,0.0,0.0,0.0,0.0,0.0,0.0,0.0,0.0,21.0,1.0,22.0,0.0,23.0,0.0,22.0,-1.0,21.0,-1.0,19.0,-1.0,16.0,-1.0,13.0,0.0,10.0,1.0,6.0,3.0,2.0,4.0,-2.0,7.0,-6.0,10.0,-8.0,12.0,-10.0,15.0,-12.0,17.0,-13.0,19.0,-14.0,21.0,-13.0,22.0,-12.0,22.0,-11.0,21.0,-10.0,19.0,-8.0,17.0,-7.0,12.0,-6.0,8.0,-5.0,4.0
3.0722,122.0,-96.0,7.0,0.0,0.0,0.0,0.0,0.0,0.0,0.0,0.0,0.0,8.0,7.0,9.0,6.0,8.0,7.0,9.0,7.0,9.0,7.0,9.0,7.0,9.0,7.0,10.0,7.0,9.0,7.0,9.0,7.0,9.0,7.0,9.0,7.0,9.0,7.0,10.0,7.0,10.0,7.0,10.0,7.0,10.0,7.0,10.0,7.0,11.0,7.0,10.0,7.0,11.0,7.0,11.0,7.0,11.0,7.0,11.0,7.0,11.0,7.0,11.0,7.0
3.0857,122.0,-96.0,7.0,0.0,0.0,0.0,0.0,0.0,0.0,0.0,0.0,0.0,-4.0,23.0,-3.0,20.0,-3.0,18.0,-3.0,14.0,-3.0,10.0,-4.0,6.0,-6.0,2.0,-8.0,-3.0,-11.0,-7.0,-13.0,-10.0,-15.0,-13.0,-18.0,-15.0,-20.0,-17.0,-22.0,-17.0,-23.0,-17.0,-23.0,-16.0,-22.0,-15.0,-21.0,-13.0,-18.0,-11.0,-15.0,-10.0,-11.0,-8.0,-6.0,-7.0,-1.0,-7.0,4.0,-6.0,9.0,-6.0,14.0,-8.0
3.1,122.0,-96.0,7.0,0.0,0.0,0.0,0.0,0.0,0.0,0.0,0.0,0.0,12.0,3.0,15.0,5.0,19.0,7.0,22.0,8.0,25.0,8.0,28.0,9.0,28.0,8.0,28.0,7.0,27.0,6.0,24.0,5.0,21.0,5.0,16.0,5.0,13.0,4.0,7.0,5.0,2.0,5.0,-3.0,8.0,-9.0,10.0,-13.0,12.0,-17.0,16.0,-20.0,18.0,-22.0,20.0,-22.0,22.0,-22.0,23.0,-21.0,24.0,-19.0,24.0,-17.0,22.0
3.1134,122.0,-96.0,7.0,0.0,0.0,0.0,0.0,0.0,0.0,0.0,0.0,0.0,-11.0,-4.0,-7.0,-5.0,-2.0,-6.0,3.0,-9.0,7.0,-11.0,11.0,-14.0,14.0,-17.0,16.0,-20.0,17.0,-23.0,18.0,-24.0,17.0,-25.0,16.0,-25.0,15.0,-24.0,12.0,-23.0,10.0,-19.0,9.0,-16.0,7.0,-10.0,6.0,-5.0,6.0,1.0,6.0,6.0,7.0,11.0,9.0,17.0,11.0,21.0,13.0,24.0,15.0,25.0,16.0,26.0
3.1289,122.0,-96.0,7.0,0.0,0.0,0.0,0.0,0.0,0.0,0.0,0.0,0.0,-7.0,-11.0,-8.0,-11.0,-8.0,-11.0,-8.0,-11.0,-8.0,-11.0,-8.0,-11.0,-8.0,-11.0,-9.0,-12.0,-9.0,-12.0,-9.0,-11.0,-9.0,-12.0,-9.0,-12.0,-9.0,-12.0,-9.0,-12.0,-10.0,-12.0,-9.0,-12.0,-9.0,-12.0,-10.0,-12.0,-10.0,-12.0,-10.0,-12.0,-10.0,-12.0,-10.0,-12.0,-11.0,-12.0,-11.0,-12.0,-10.0,-12.0,-11.0,-12.0
3.1414,122.0,-96.0,7.0,0.0,0.0,0.0,0.0,0.0,0.0,0.0,0.0,0.0,10.0,-21.0,9.0,-20.0,8.0,-17.0,7.0,-14.0,5.0,-10.0,5.0,-5.0,5.0,-1.0,6.0,4.0,7.0,9.0,8.0,13.0,9.0,16.0,11.0,19.0,13.0,21.0,14.0,22.0,16.0,22.0,16.0,21.0,16.0,20.0,14.0,18.0,13.0,16.0,10.0,13.0,7.0,10.0,2.0,8.0,-2.0,6.0,-7.0,3.0,-12.0,2.0,-17.0,1.0
3.1549,122.0,-96.0,7.0,0.0,0.0,0.0,0.0,0.0,0.0,0.0,0.0,0.0,9.0,10.0,12.0,14.0,14.0,18.0,17.0,21.0,19.0,23.0,21.0,24.0,23.0,24.0,23.0,23.0,22.0,21.0,20.0,18.0,16.0,16.0,13.0,14.0,8.0,11.0,2.0,9.0,-3.0,6.0,-9.0,5.0,-16.0,5.0,-21.0,4.0,-27.0,5.0,-31.0,6.0,-34.0,8.0,-35.0,9.0,-35.0,10.0,-34.0,10.0,-32.0,11.0,-29.0,11.0
3.1679,122.0,-96.0,7.0,0.0,0.0,0.0,0.0,0.0,0.0,0.0,0.0,0.0,-14.0,-1.0,-19.0,-3.0,-24.0,-4.0,-28.0,-5.0,-31.0,-5.0,-33.0,-4.0,-34.0,-3.0,-34.0,-2.0,-32.0,-1.0,-29.0,-1.0,-25.0,-1.0,-21.0,-2.0,-16.0,-2.0,-10.0,-5.0,-4.0,-7.0,1.0,-10.0,6.0,-14.0,11.0,-17.0,14.0,-22.0,16.0,-25.0,18.0,-29.0,19.0,-30.0,18.0,-32.0,17.0,-32.0,15.0,-31.0,13.0,-29.0
3.1814,122.0,-96.0,7.0,0.0,0.0,0.0,0.0,0.0,0.0,0.0,0.0,0.0,-14.0,-20.0,-15.0,-21.0,-16.0,-21.0,-16.0,-21.0,-16.0,-19.0,-15.0,-17.0,-12.0,-15.0,-10.0,-13.0,-6.0,-10.0,-2.0,-8.0,2.0,-6.0,7.0,-4.0,12.0,-3.0,16.0,-2.0,20.0,-1.0,23.0,-1.0,26.0,-2.0,27.0,-2.0,28.0,-3.0,27.0,-3.0,26.0,-4.0,23.0,-4.0,20.0,-4.0,16.0,-3.0,11.0,-1.0,7.0,1.0
3.1958,122.0,-96.0,7.0,0.0,0.0,0.0,0.0,0.0,0.0,0.0,0.0,0.0,7.0,-11.0,6.0,-5.0,6.0,1.0,7.0,6.0,9.0,12.0,12.0,17.0,14.0,20.0,16.0,23.0,19.0,25.0,20.0,26.0,21.0,26.0,21.0,24.0,20.0,22.0,20.0,19.0,16.0,16.0,12.0,13.0,7.0,10.0,1.0,8.0,-5.0,7.0,-11.0,5.0,-18.0,5.0,-23.0,5.0,-28.0,7.0,-31.0,8.0,-33.0,10.0,-34.0,11.0
3.21,122.0,-96.0,7.0,0.0,0.0,0.0,0.0,0.0,0.0,0.0,0.0,0.0,5.0,9.0,5.0,9.0,5.0,9.0,5.0,10.0,6.0,10.0,6.0,10.0,6.0,10.0,6.0,10.0,6.0,10.0,6.0,10.0,6.0,10.0,6.0,10.0,6.0,11.0,7.0,10.0,7.0,10.0,7.0,10.0,7.0,10.0,7.0,10.0,7.0,11.0,7.0,11.0,7.0,11.0,7.0,11.0,8.0,11.0,8.0,11.0,7.0,11.0,8.0,11.0
3.2248,122.0,-96.0,7.0,0.0,0.0,0.0,0.0,0.0,0.0,0.0,0.0,0.0,25.0,14.0,23.0,12.0,20.0,11.0,15.0,9.0,10.0,8.0,4.0,7.0,-2.0,7.0,-8.0,7.0,-14.0,8.0,-19.0,9.0,-23.0,11.0,-26.0,13.0,-29.0,15.0,-30.0,17.0,-30.0,18.0,-29.0,19.0,-27.0,18.0,-24.0,17.0,-20.0,14.0,-17.0,11.0,-13.0,6.0,-10.0,1.0,-7.0,-5.0,-4.0,-11.0,-2.0,-16.0,-1.0,-22.0
3.2273,98.0,33.0,22.0,0.0,0.0,0.0,0.0,0.0,0.0,0.0,0.0,0.0,-27.0,5.0,-28.0,4.0,-27.0,7.0,-25.0,6.0,-25.0,6.0,-20.0,6.0,-15.0,7.0,-12.0,8.0,-4.0,8.0,0.0,6.0,7.0,6.0,13.0,6.0,17.0,4.0,19.0,5.0,24.0,1.0,26.0,-2.0,29.0,-6.0,30.0,-6.0,30.0,-8.0,27.0,-10.0,24.0,-11.0,21.0,-10.0,15.0,-8.0,11.0,-6.0,3.0,-3.0,-2.0,1.0
3.2404,122.0,-96.0,7.0,0.0,0.0,0.0,0.0,0.0,0.0,0.0,0.0,0.0,8.0,9.0,3.0,7.0,-3.0,6.0,-9.0,5.0,-15.0,5.0,-20.0,6.0,-25.0,8.0,-28.0,9.0,-31.0,11.0,-32.0,12.0,-32.0,13.0,-30.0,14.0,-28.0,14.0,-25.0,14.0,-21.0,11.0,-17.0,8.0,-13.0,4.0,-10.0,-1.0,-6.0,-7.0,-3.0,-12.0,-1.0,-18.0,0.0,-24.0,0.0,-29.0,0.0,-33.0,-2.0,-35.0,-3.0,-36.0
3.2533,122.0,-96.0,7.0,0.0,0.0,0.0,0.0,0.0,0.0,0.0,0.0,0.0,14.0,-21.0,13.0,-20.0,11.0,-17.0,9.0,-13.0,7.0,-9.0,7.0,-4.0,6.0,2.0,5.0,7.0,6.0,13.0,7.0,17.0,9.0,21.0,10.0,23.0,11.0,26.0,13.0,26.0,14.0,27.0,15.0,25.0,15.0,24.0,13.0,20.0,11.0,17.0,7.0,14.0,3.0,10.0,-1.0,7.0,-6.0,4.0,-11.0,2.0,-16.0,-1.0,-22.0,-1.0
3.2658,122.0,-96.0,7.0,0.0,0.0,0.0,0.0,0.0,0.0,0.0,0.0,0.0,-5.0,-11.0,-5.0,-16.0,-6.0,-19.0,-6.0,-22.0,-8.0,-24.0,-9.0,-26.0,-10.0,-26.0,-11.0,-25.0,-10.0,-24.0,-9.0,-21.0,-7.0,-18.0,-5.0,-15.0,-3.0,-11.0,1.0,-7.0,4.0,-4.0,9.0,-1.0,13.0,2.0,17.0,4.0,21.0,4.0,24.0,5.0,27.0,5.0,28.0,5.0,29.0,3.0,27.0,3.0,26.0,2.0,22.0,1.0
3.2809,122.0,-96.0,7.0,0.0,0.0,0.0,0.0,0.0,0.0,0.0,0.0,0.0,9.0,-6.0,6.0,-2.0,5.0,3.0,3.0,8.0,2.0,13.0,3.0,18.0,3.0,21.0,3.0,25.0,4.0,28.0,5.0,29.0,7.0,29.0,8.0,28.0,8.0,26.0,8.0,23.0,6.0,20.0,4.0,15.0,1.0,11.0,-2.0,7.0,-7.0,3.0,-11.0,0.0,-16.0,-3.0,-21.0,-5.0,-25.0,-6.0,-29.0,-6.0,-31.0,-5.0,-32.0,-5.0
3.2961,122.0,-96.0,7.0,0.0,0.0,0.0,0.0,0.0,0.0,0.0,0.0,0.0,-25.0,8.0,-22.0,7.0,-20.0,6.0,-16.0,4.0,-12.0,2.0,-8.0,-2.0,-5.0,-6.0,-1.0,-10.0,1.0,-14.0,3.0,-19.0,5.0,-22.0,6.0,-25.0,6.0,-29.0,5.0,-30.0,4.0,-31.0,3.0,-31.0,2.0,-29.0,2.0,-26.0,1.0,-23.0,1.0,-18.0,3.0,-13.0,4.0,-7.0,6.0,-2.0,9.0,3.0,11.0,8.0,15.0,12.0
3.3097,122.0,-96.0,7.0,0.0,0.0,0.0,0.0,0.0,0.0,0.0,0.0,0.0,-3.0,12.0,-5.0,16.0,-6.0,20.0,-7.0,23.0,-8.0,25.0,-8.0,28.0,-7.0,28.0,-6.0,29.0,-5.0,27.0,-5.0,24.0,-4.0,20.0,-5.0,16.0,-4.0,12.0,-6.0,6.0,-7.0,1.0,-9.0,-5.0,-12.0,-10.0,-14.0,-14.0,-18.0,-17.0,-20.0,-20.0,-23.0,-21.0,-24.0,-22.0,-25.0,-21.0,-25.0,-20.0,-25.0,-18.0,-23.0,-16.0
3.3249,122.0,-96.0,7.0,0.0,0.0,0.0,0.0,0.0,0.0,0.0,0.0,0.0,-1.0,-15.0,-2.0,-14.0,-2.0,-15.0,-2.0,-15.0,-2.0,-15.0,-2.0,-15.0,-3.0,-16.0,-3.0,-16.0,-3.0,-16.0,-3.0,-16.0,-3.0,-16.0,-2.0,-17.0,-2.0,-16.0,-3.0,-16.0,-3.0,-16.0,-3.0,-17.0,-4.0,-17.0,-3.0,-17.0,-4.0,-16.0,-4.0,-17.0,-4.0,-17.0,-4.0,-17.0,-4.0,-17.0,-5.0,-18.0,-4.0,-18.0,-4.0,-17.0
3.3288,98.0,33.0,22.0,0.0,0.0,0.0,0.0,0.0,0.0,0.0,0.0,0.0,2.0,-12.0,-2.0,-11.0,-7.0,-10.0,-13.0,-10.0,-17.0,-9.0,-21.0,-9.0,-24.0,-9.0,-26.0,-8.0,-28.0,-6.0,-28.0,-5.0,-28.0,-4.0,-27.0,-2.0,-24.0,0.0,-21.0,2.0,-17.0,4.0,-11.0,4.0,-6.0,4.0,0.0,5.0,7.0,3.0,13.0,2.0,20.0,0.0,25.0,-1.0,29.0,-3.0,34.0,-5.0,37.0,-7.0,37.0,-7.0
3.343,122.0,-96.0,7.0,0.0,0.0,0.0,0.0,0.0,0.0,0.0,0.0,0.0,20.0,-16.0,18.0,-15.0,16.0,-13.0,13.0,-10.0,10.0,-7.0,7.0,-2.0,5.0,3.0,3.0,8.0,2.0,13.0,2.0,18.0,1.0,22.0,1.0,25.0,2.0,28.0,3.0,30.0,5.0,30.0,6.0,29.0,6.0,27.0,5.0,25.0,5.0,21.0,3.0,17.0,1.0,13.0,-2.0,8.0,-6.0,3.0,-10.0,-1.0,-14.0,-5.0,-19.0,-7.0
3.3562,122.0,-96.0,7.0,0.0,0.0,0.0,0.0,0.0,0.0,0.0,0.0,0.0,3.0,-22.0,3.0,-22.0,3.0,-22.0,2.0,-22.0,2.0,-22.0,3.0,-22.0,2.0,-23.0,2.0,-23.0,2.0,-23.0,2.0,-23.0,2.0,-23.0,2.0,-23.0,2.0,-24.0,2.0,-24.0,2.0,-24.0,2.0,-24.0,2.0,-24.0,2.0,-24.0,2.0,-24.0,1.0,-24.0,1.0,-25.0,1.0,-24.0,1.0,-25.0,1.0,-24.0,1.0,-24.0,1.0,-25.0
3.3702,122.0,-96.0,7.0,0.0,0.0,0.0,0.0,0.0,0.0,0.0,0.0,0.0,-10.0,-1.0,-11.0,-1.0,-11.0,-1.0,-11.0,-1.0,-11.0,-1.0,-12.0,-1.0,-11.0,-1.0,-12.0,0.0,-12.0,-1.0,-12.0,-1.0,-12.0,-1.0,-12.0,-1.0,-12.0,-1.0,-12.0,-1.0,-12.0,-1.0,-12.0,-1.0,-12.0,0.0,-12.0,0.0,-13.0,0.0,-12.0,0.0,-13.0,0.0,-13.0,0.0,-13.0,0.0,-13.0,0.0,-13.0,0.0,-13.0,0.0
3.3827,122.0,-96.0,7.0,0.0,0.0,0.0,0.0,0.0,0.0,0.0,0.0,0.0,14.0,-26.0,13.0,-23.0,11.0,-20.0,9.0,-16.0,8.0,-11.0,7.0,-5.0,7.0,1.0,7.0,7.0,8.0,13.0,9.0,18.0,11.0,22.0,13.0,25.0,15.0,28.0,17.0,30.0,18.0,30.0,18.0,28.0,18.0,26.0,16.0,23.0,14.0,19.0,10.0,16.0,6.0,13.0,1.0,9.0,-5.0,6.0,-10.0,3.0,-17.0,1.0,-23.0,0.0
3.3954,122.0,-96.0,7.0,0.0,0.0,0.0,0.0,0.0,0.0,0.0,0.0,0.0,-10.0,6.0,-13.0,7.0,-17.0,9.0,-19.0,10.0,-22.0,12.0,-22.0,14.0,-22.0,15.0,-22.0,16.0,-20.0,15.0,-19.0,14.0,-16.0,11.0,-14.0,9.0,-11.0,6.0,-8.0,2.0,-6.0,-2.0,-4.0,-7.0,-3.0,-12.0,-2.0,-17.0,-3.0,-21.0,-3.0,-24.0,-4.0,-27.0,-4.0,-28.0,-6.0,-30.0,-6.0,-29.0,-8.0,-27.0,-7.0,-25.0
3.4096,122.0,-96.0,7.0,0.0,0.0,0.0,0.0,0.0,0.0,0.0,0.0,0.0,0.0,-24.0,-1.0,-26.0,-2.0,-26.0,-3.0,-26.0,-3.0,-24.0,-3.0,-22.0,-3.0,-19.0,-1.0,-16.0,0.0,-12.0,2.0,-7.0,5.0,-3.0,8.0,1.0,11.0,4.0,14.0,7.0,17.0,10.0,20.0,11.0,23.0,12.0,24.0,13.0,25.0,12.0,25.0,11.0,24.0,10.0,22.0,8.0,19.0,7.0,14.0,6.0,10.0,5.0,5.0,5.0
3.4251,122.0,-96.0,7.0,0.0,0.0,0.0,0.0,0.0,0.0,0.0,0.0,0.0,-10.0,-6.0,-10.0,-6.0,-11.0,-6.0,-10.0,-6.0,-11.0,-6.0,-11.0,-6.0,-12.0,-6.0,-12.0,-6.0,-12.0,-6.0,-12.0,-6.0,-12.0,-6.0,-12.0,-6.0,-12.0,-6.0,-12.0,-6.0,-13.0,-6.0,-12.0,-6.0,-12.0,-6.0,-13.0,-6.0,-13.0,-6.0,-13.0,-6.0,-13.0,-5.0,-13.0,-5.0,-13.0,-5.0,-13.0,-5.0,-13.0,-5.0,-14.0,-5.0
3.4377,122.0,-96.0,7.0,0.0,0.0,0.0,0.0,0.0,0.0,0.0,0.0,0.0,-3.0,10.0,-4.0,6.0,-6.0,1.0,-9.0,-3.0,-12.0,-7.0,-15.0,-11.0,-18.0,-13.0,-21.0,-15.0,-24.0,-17.0,-26.0,-16.0,-27.0,-16.0,-26.0,-14.0,-25.0,-13.0,-24.0,-11.0,-20.0,-10.0,-16.0,-9.0,-11.0,-8.0,-5.0,-7.0,0.0,-8.0,5.0,-8.0,11.0,-9.0,16.0,-11.0,19.0,-14.0,22.0,-16.0,24.0,-18.0,25.0,-19.0
3.4534,122.0,-96.0,7.0,0.0,0.0,0.0,0.0,0.0,0.0,0.0,0.0,0.0,-2.0,-24.0,-2.0,-22.0,-2.0,-18.0,-1.0,-15.0,0.0,-11.0,2.0,-7.0,5.0,-3.0,8.0,1.0,11.0,4.0,14.0,7.0,17.0,9.0,20.0,11.0,22.0,12.0,24.0,11.0,25.0,11.0,24.0,10.0,24.0,9.0,21.0,7.0,18.0,6.0,14.0,5.0,10.0,5.0,4.0,5.0,-1.0,6.0,-6.0,6.0,-11.0,7.0,-15.0,10.0
3.4667,122.0,-96.0,7.0,0.0,0.0,0.0,0.0,0.0,0.0,0.0,0.0,0.0,23.0,1.0,21.0,1.0,18.0,0.0,15.0,1.0,10.0,1.0,6.0,3.0,2.0,5.0,-2.0,7.0,-6.0,10.0,-9.0,13.0,-12.0,15.0,-14.0,18.0,-15.0,20.0,-15.0,22.0,-15.0,24.0,-14.0,23.0,-13.0,23.0,-11.0,21.0,-10.0,18.0,-9.0,15.0,-8.0,10.0,-7.0,5.0,-6.0,0.0,-7.0,-5.0,-7.0,-10.0,-9.0,-15.0
3.483,122.0,-96.0,7.0,0.0,0.0,0.0,0.0,0.0,0.0,0.0,0.0,0.0,-14.0,-20.0,-13.0,-18.0,-11.0,-16.0,-9.0,-13.0,-6.0,-10.0,-2.0,-8.0,2.0,-6.0,7.0,-4.0,11.0,-3.0,16.0,-2.0,19.0,-1.0,22.0,-1.0,25.0,-2.0,27.0,-3.0,28.0,-4.0,27.0,-4.0,25.0,-5.0,23.0,-5.0,20.0,-5.0,16.0,-3.0,12.0,-2.0,8.0,1.0,4.0,4.0,0.0,7.0,-4.0,10.0,-7.0,15.0
3.4959,122.0,-96.0,7.0,0.0,0.0,0.0,0.0,0.0,0.0,0.0,0.0,0.0,10.0,1.0,11.0,1.0,11.0,1.0,11.0,1.0,11.0,1.0,12.0,1.0,11.0,1.0,12.0,1.0,12.0,1.0,12.0,0.0,12.0,0.0,12.0,1.0,12.0,1.0,12.0,0.0,12.0,0.0,12.0,0.0,12.0,0.0,13.0,0.0,13.0,0.0,13.0,-1.0,13.0,0.0,12.0,-1.0,13.0,-1.0,13.0,-1.0,13.0,-1.0,13.0,-1.0
3.5086,122.0,-96.0,7.0,0.0,0.0,0.0,0.0,0.0,0.0,0.0,0.0,0.0,7.0,8.0,2.0,6.0,-2.0,5.0,-7.0,5.0,-13.0,5.0,-18.0,6.0,-21.0,7.0,-25.0,8.0,-27.0,10.0,-28.0,11.0,-28.0,12.0,-27.0,13.0,-25.0,13.0,-22.0,13.0,-19.0,11.0,-15.0,8.0,-12.0,5.0,-9.0,0.0,-6.0,-5.0,-4.0,-10.0,-2.0,-15.0,-1.0,-20.0,0.0,-24.0,-1.0,-28.0,-2.0,-31.0,-3.0,-32.0
3.5216,122.0,-96.0,7.0,0.0,0.0,0.0,0.0,0.0,0.0,0.0,0.0,0.0,-26.0,-5.0,-23.0,-5.0,-20.0,-4.0,-16.0,-4.0,-12.0,-4.0,-7.0,-5.0,-2.0,-7.0,3.0,-9.0,8.0,-11.0,12.0,-14.0,15.0,-16.0,18.0,-19.0,19.0,-22.0,20.0,-24.0,19.0,-25.0,18.0,-25.0,17.0,-24.0,15.0,-21.0,12.0,-18.0,10.0,-15.0,9.0,-10.0,7.0,-4.0,6.0,2.0,5.0,7.0,5.0,13.0,6.0,18.0
3.5355,122.0,-96.0,7.0,0.0,0.0,0.0,0.0,0.0,0.0,0.0,0.0,0.0,17.0,-16.0,15.0,-14.0,13.0,-13.0,11.0,-10.0,8.0,-7.0,6.0,-2.0,5.0,2.0,4.0,7.0,3.0,12.0,3.0,16.0,2.0,19.0,3.0,22.0,4.0,25.0,5.0,26.0,6.0,27.0,7.0,26.0,7.0,24.0,7.0,22.0,6.0,18.0,4.0,15.0,1.0,11.0,-1.0,7.0,-5.0,3.0,-9.0,-1.0,-13.0,-4.0,-18.0,-5.0
3.5501,122.0,-96.0,7.0,0.0,0.0,0.0,0.0,0.0,0.0,0.0,0.0,0.0,-5.0,23.0,-4.0,24.0,-4.0,25.0,-3.0,24.0,-3.0,23.0,-2.0,21.0,-2.0,18.0,-3.0,14.0,-3.0,10.0,-5.0,5.0,-6.0,0.0,-9.0,-4.0,-12.0,-9.0,-14.0,-11.0,-17.0,-14.0,-19.0,-16.0,-21.0,-18.0,-23.0,-18.0,-23.0,-17.0,-23.0,-16.0,-22.0,-16.0,-20.0,-13.0,-17.0,-11.0,-12.0,-9.0,-8.0,-7.0,-3.0,-6.0
3.5641,122.0,-96.0,7.0,0.0,0.0,0.0,0.0,0.0,0.0,0.0,0.0,0.0,19.0,-15.0,20.0,-16.0,19.0,-16.0,19.0,-17.0,17.0,-16.0,16.0,-15.0,14.0,-13.0,12.0,-10.0,9.0,-7.0,7.0,-2.0,5.0,2.0,3.0,7.0,3.0,12.0,2.0,16.0,2.0,20.0,2.0,23.0,3.0,26.0,3.0,27.0,4.0,28.0,4.0,27.0,5.0,26.0,5.0,23.0,4.0,20.0,3.0,15.0,1.0,11.0,-2.0,7.0
3.578,122.0,-96.0,7.0,0.0,0.0,0.0,0.0,0.0,0.0,0.0,0.0,0.0,-24.0,-6.0,-25.0,-5.0,-26.0,-5.0,-26.0,-5.0,-24.0,-4.0,-22.0,-3.0,-19.0,-3.0,-15.0,-3.0,-11.0,-4.0,-6.0,-5.0,-1.0,-6.0,3.0,-9.0,8.0,-12.0,11.0,-14.0,14.0,-16.0,16.0,-18.0,18.0,-21.0,18.0,-21.0,17.0,-23.0,16.0,-22.0,15.0,-21.0,13.0,-19.0,11.0,-16.0,8.0,-12.0,6.0,-8.0,6.0,-3.0
3.592,122.0,-96.0,7.0,0.0,0.0,0.0,0.0,0.0,0.0,0.0,0.0,0.0,-19.0,-11.0,-21.0,-11.0,-21.0,-10.0,-21.0,-10.0,-21.0,-9.0,-19.0,-8.0,-16.0,-7.0,-13.0,-6.0,-9.0,-5.0,-5.0,-6.0,0.0,-6.0,4.0,-7.0,8.0,-8.0,12.0,-9.0,15.0,-10.0,18.0,-12.0,19.0,-13.0,20.0,-14.0,20.0,-15.0,19.0,-15.0,18.0,-15.0,16.0,-14.0,14.0,-12.0,11.0,-10.0,8.0,-6.0,6.0,-2.0
3.5967,-120.0,-126.0,40.0,0.0,0.0,0.0,0.0,0.0,0.0,0.0,0.0,0.0,7.0,-6.0,5.0,-7.0,3.0,-10.0,1.0,-15.0,-2.0,-18.0,-4.0,-19.0,-5.0,-21.0,-7.0,-22.0,-7.0,-23.0,-8.0,-22.0,-8.0,-21.0,-9.0,-19.0,-9.0,-16.0,-9.0,-14.0,-9.0,-9.0,-7.0,-5.0,-5.0,-1.0,-3.0,2.0,0.0,6.0,3.0,10.0,6.0,14.0,10.0,17.0,13.0,20.0,15.0,21.0,18.0,23.0,19.0,23.0
3.6122,122.0,-96.0,7.0,0.0,0.0,0.0,0.0,0.0,0.0,0.0,0.0,0.0,0.0,-11.0,2.0,-7.0,5.0,-3.0,7.0,0.0,11.0,4.0,14.0,6.0,17.0,8.0,20.0,9.0,23.0,10.0,24.0,10.0,25.0,9.0,25.0,8.0,24.0,7.0,23.0,5.0,19.0,4.0,16.0,4.0,11.0,3.0,7.0,4.0,2.0,5.0,-3.0,7.0,-7.0,9.0,-12.0,12.0,-15.0,14.0,-17.0,17.0,-18.0,19.0,-19.0,21.0
3.6263,122.0,-96.0,7.0,0.0,0.0,0.0,0.0,0.0,0.0,0.0,0.0,0.0,7.0,-9.0,5.0,-4.0,6.0,1.0,5.0,5.0,6.0,11.0,7.0,15.0,9.0,19.0,10.0,23.0,12.0,24.0,13.0,26.0,15.0,26.0,15.0,25.0,15.0,23.0,15.0,21.0,12.0,18.0,10.0,15.0,6.0,11.0,2.0,9.0,-3.0,6.0,-8.0,4.0,-13.0,2.0,-19.0,1.0,-23.0,1.0,-27.0,2.0,-30.0,2.0,-32.0,3.0
3.6408,122.0,-96.0,7.0,0.0,0.0,0.0,0.0,0.0,0.0,0.0,0.0,0.0,7.0,-8.0,7.0,-9.0,8.0,-9.0,8.0,-9.0,7.0,-9.0,8.0,-9.0,8.0,-9.0,8.0,-10.0,8.0,-10.0,8.0,-10.0,8.0,-10.0,8.0,-10.0,8.0,-10.0,8.0,-10.0,8.0,-11.0,8.0,-11.0,8.0,-10.0,8.0,-11.0,8.0,-11.0,8.0,-11.0,8.0,-11.0,8.0,-11.0,7.0,-12.0,7.0,-11.0,8.0,-11.0,8.0,-12.0
3.6556,122.0,-96.0,7.0,0.0,0.0,0.0,0.0,0.0,0.0,0.0,0.0,0.0,-4.0,9.0,-3.0,10.0,-4.0,9.0,-3.0,10.0,-3.0,10.0,-3.0,11.0,-3.0,10.0,-2.0,10.0,-4.0,10.0,-3.0,11.0,-3.0,10.0,-3.0,11.0,-3.0,11.0,-3.0,11.0,-3.0,11.0,-3.0,10.0,-3.0,11.0,-3.0,11.0,-3.0,11.0,-3.0,11.0,-2.0,11.0,-3.0,11.0,-3.0,12.0,-2.0,12.0,-3.0,12.0,-2.0,12.0
3.6602,98.0,33.0,22.0,0.0,0.0,0.0,0.0,0.0,0.0,0.0,0.0,0.0,0.0,20.0,1.0,17.0,2.0,14.0,3.0,9.0,5.0,6.0,5.0,2.0,8.0,-1.0,9.0,-6.0,11.0,-9.0,12.0,-12.0,12.0,-15.0,13.0,-17.0,13.0,-19.0,11.0,-21.0,9.0,-21.0,8.0,-20.0,6.0,-19.0,4.0,-17.0,1.0,-14.0,1.0,-9.0,-1.0,-6.0,-2.0,1.0,-3.0,6.0,-4.0,13.0,-5.0,17.0,-5.0,22.0
3.6731,122.0,-96.0,7.0,0.0,0.0,0.0,0.0,0.0,0.0,0.0,0.0,0.0,12.0,19.0,11.0,17.0,10.0,15.0,7.0,12.0,4.0,9.0,0.0,7.0,-5.0,4.0,-9.0,2.0,-14.0,1.0,-18.0,0.0,-21.0,-1.0,-24.0,-1.0,-26.0,0.0,-28.0,2.0,-28.0,2.0,-27.0,3.0,-26.0,4.0,-23.0,3.0,-19.0,3.0,-15.0,1.0,-11.0,-1.0,-7.0,-3.0,-2.0,-7.0,2.0,-10.0,5.0,-14.0,8.0,-18.0
3.6865,122.0,-96.0,7.0,0.0,0.0,0.0,0.0,0.0,0.0,0.0,0.0,0.0,22.0,4.0,20.0,3.0,18.0,3.0,14.0,3.0,10.0,3.0,5.0,4.0,0.0,5.0,-4.0,7.0,-8.0,10.0,-11.0,12.0,-14.0,14.0,-16.0,16.0,-18.0,19.0,-18.0,20.0,-18.0,21.0,-17.0,21.0,-15.0,20.0,-14.0,18.0,-12.0,16.0,-10.0,12.0,-8.0,8.0,-7.0,3.0,-6.0,-2.0,-6.0,-7.0,-6.0,-12.0,-7.0,-17.0
3.7004,122.0,-96.0,7.0,0.0,0.0,0.0,0.0,0.0,0.0,0.0,0.0,0.0,21.0,-2.0,22.0,-2.0,23.0,-3.0,22.0,-3.0,21.0,-4.0,19.0,-4.0,16.0,-3.0,13.0,-2.0,9.0,-1.0,5.0,2.0,2.0,4.0,-2.0,8.0,-5.0,11.0,-7.0,14.0,-9.0,17.0,-10.0,19.0,-11.0,21.0,-11.0,22.0,-10.0,23.0,-9.0,23.0,-9.0,21.0,-7.0,19.0,-6.0,16.0,-5.0,12.0,-5.0,7.0,-5.0,3.0
3.7138,122.0,-96.0,7.0,0.0,0.0,0.0,0.0,0.0,0.0,0.0,0.0,0.0,-1.0,-11.0,-1.0,-12.0,-1.0,-12.0,-1.0,-12.0,-1.0,-12.0,-1.0,-12.0,-1.0,-13.0,-2.0,-13.0,-2.0,-13.0,-1.0,-13.0,-1.0,-13.0,-1.0,-13.0,-2.0,-13.0,-2.0,-13.0,-1.0,-13.0,-2.0,-13.0,-2.0,-13.0,-2.0,-14.0,-2.0,-14.0,-2.0,-14.0,-2.0,-14.0,-2.0,-14.0,-2.0,-13.0,-3.0,-14.0,-2.0,-14.0,-3.0,-14.0
3.734,122.0,-96.0,7.0,0.0,0.0,0.0,0.0,0.0,0.0,0.0,0.0,0.0,-1.0,-11.0,0.0,-11.0,0.0,-11.0,-1.0,-12.0,-1.0,-12.0,-1.0,-12.0,-1.0,-12.0,-1.0,-12.0,-1.0,-13.0,-1.0,-13.0,-1.0,-13.0,-1.0,-13.0,-1.0,-13.0,-1.0,-13.0,-1.0,-13.0,-1.0,-13.0,-2.0,-13.0,-2.0,-13.0,-2.0,-14.0,-2.0,-14.0,-2.0,-14.0,-2.0,-13.0,-2.0,-13.0,-2.0,-14.0,-2.0,-13.0,-3.0,-14.0
3.7471,122.0,-96.0,7.0,0.0,0.0,0.0,0.0,0.0,0.0,0.0,0.0,0.0,-8.0,-9.0,-6.0,-10.0,-8.0,-9.0,-8.0,-11.0,-7.0,-10.0,-8.0,-9.0,-8.0,-10.0,-8.0,-10.0,-8.0,-10.0,-9.0,-11.0,-9.0,-10.0,-9.0,-10.0,-9.0,-11.0,-9.0,-10.0,-9.0,-10.0,-9.0,-10.0,-8.0,-11.0,-10.0,-10.0,-9.0,-10.0,-9.0,-10.0,-9.0,-10.0,-10.0,-10.0,-10.0,-10.0,-10.0,-10.0,-10.0,-10.0,-10.0,-10.0
3.7597,122.0,-96.0,7.0,0.0,0.0,0.0,0.0,0.0,0.0,0.0,0.0,0.0,-9.0,-10.0,-11.0,-14.0,-13.0,-18.0,-14.0,-20.0,-17.0,-22.0,-18.0,-23.0,-20.0,-23.0,-20.0,-22.0,-20.0,-21.0,-18.0,-19.0,-14.0,-16.0,-11.0,-14.0,-7.0,-11.0,-3.0,-9.0,2.0,-6.0,8.0,-5.0,14.0,-4.0,19.0,-4.0,23.0,-4.0,26.0,-5.0,29.0,-6.0,31.0,-7.0,31.0,-9.0,30.0,-9.0,28.0,-10.0,25.0,-9.0
3.7747,122.0,-96.0,7.0,0.0,0.0,0.0,0.0,0.0,0.0,0.0,0.0,0.0,-5.0,-9.0,-5.0,-9.0,-5.0,-9.0,-5.0,-9.0,-5.0,-10.0,-6.0,-9.0,-6.0,-10.0,-6.0,-10.0,-6.0,-10.0,-6.0,-10.0,-6.0,-10.0,-7.0,-10.0,-6.0,-10.0,-7.0,-10.0,-7.0,-10.0,-7.0,-10.0,-6.0,-11.0,-7.0,-11.0,-7.0,-10.0,-8.0,-11.0,-6.0,-11.0,-7.0,-11.0,-7.0,-10.0,-7.0,-10.0,-8.0,-11.0,-7.0,-10.0
3.7788,98.0,33.0,22.0,0.0,0.0,0.0,0.0,0.0,0.0,0.0,0.0,0.0,11.0,-8.0,5.0,-10.0,1.0,-11.0,-5.0,-12.0,-9.0,-16.0,-14.0,-15.0,-17.0,-16.0,-16.0,-20.0,-19.0,-18.0,-21.0,-20.0,-23.0,-17.0,-21.0,-15.0,-24.0,-10.0,-20.0,-12.0,-17.0,-6.0,-12.0,-3.0,-9.0,2.0,-4.0,3.0,3.0,7.0,8.0,8.0,14.0,10.0,20.0,12.0,25.0,14.0,31.0,13.0,33.0,12.0,35.0,12.0
3.7948,122.0,-96.0,7.0,0.0,0.0,0.0,0.0,0.0,0.0,0.0,0.0,0.0,-3.0,-13.0,0.0,-9.0,5.0,-5.0,10.0,-2.0,14.0,1.0,20.0,3.0,24.0,4.0,28.0,5.0,31.0,5.0,33.0,4.0,33.0,2.0,33.0,1.0,31.0,0.0,29.0,-1.0,24.0,-1.0,19.0,0.0,14.0,1.0,8.0,4.0,2.0,7.0,-3.0,10.0,-8.0,15.0,-12.0,18.0,-14.0,23.0,-15.0,27.0,-16.0,30.0,-16.0,31.0
3.8094,122.0,-96.0,7.0,0.0,0.0,0.0,0.0,0.0,0.0,0.0,0.0,0.0,-10.0,6.0,-7.0,2.0,-5.0,-3.0,-5.0,-8.0,-4.0,-14.0,-4.0,-19.0,-5.0,-22.0,-6.0,-25.0,-7.0,-28.0,-8.0,-29.0,-9.0,-30.0,-10.0,-29.0,-10.0,-27.0,-10.0,-24.0,-9.0,-21.0,-6.0,-17.0,-4.0,-13.0,0.0,-9.0,5.0,-5.0,9.0,-2.0,14.0,0.0,19.0,3.0,23.0,3.0,27.0,3.0,29.0,3.0,31.0,2.0
3.825,122.0,-96.0,7.0,0.0,0.0,0.0,0.0,0.0,0.0,0.0,0.0,0.0,-9.0,-7.0,-9.0,-7.0,-10.0,-7.0,-9.0,-7.0,-10.0,-7.0,-10.0,-7.0,-10.0,-7.0,-11.0,-7.0,-11.0,-7.0,-11.0,-7.0,-10.0,-7.0,-11.0,-7.0,-11.0,-7.0,-11.0,-7.0,-12.0,-7.0,-11.0,-7.0,-11.0,-7.0,-12.0,-6.0,-12.0,-7.0,-12.0,-6.0,-12.0,-6.0,-12.0,-6.0,-13.0,-6.0,-12.0,-7.0,-12.0,-6.0,-13.0,-6.0
3.8387,122.0,-96.0,7.0,0.0,0.0,0.0,0.0,0.0,0.0,0.0,0.0,0.0,-14.0,16.0,-14.0,18.0,-14.0,18.0,-13.0,18.0,-12.0,17.0,-11.0,16.0,-10.0,13.0,-8.0,10.0,-7.0,7.0,-7.0,2.0,-6.0,-2.0,-6.0,-7.0,-6.0,-11.0,-7.0,-15.0,-8.0,-18.0,-9.0,-21.0,-10.0,-23.0,-10.0,-23.0,-11.0,-24.0,-12.0,-22.0,-12.0,-21.0,-10.0,-18.0,-9.0,-16.0,-7.0,-12.0,-4.0,-9.0,0.0,-6.0
3.8522,122.0,-96.0,7.0,0.0,0.0,0.0,0.0,0.0,0.0,0.0,0.0,0.0,11.0,-2.0,11.0,-2.0,10.0,-2.0,10.0,-2.0,11.0,-1.0,12.0,-2.0,11.0,-2.0,12.0,-2.0,11.0,-2.0,12.0,-2.0,12.0,-2.0,12.0,-2.0,12.0,-2.0,12.0,-3.0,12.0,-3.0,12.0,-3.0,12.0,-3.0,12.0,-3.0,12.0,-3.0,13.0,-3.0,12.0,-3.0,12.0,-3.0,12.0,-4.0,13.0,-4.0,12.0,-4.0,13.0,-4.0
3.8664,122.0,-96.0,7.0,0.0,0.0,0.0,0.0,0.0,0.0,0.0,0.0,0.0,9.0,-7.0,6.0,-2.0,5.0,3.0,4.0,8.0,3.0,13.0,3.0,18.0,4.0,21.0,5.0,25.0,6.0,27.0,7.0,28.0,9.0,28.0,9.0,27.0,10.0,25.0,10.0,22.0,8.0,18.0,5.0,15.0,2.0,11.0,-2.0,7.0,-7.0,4.0,-11.0,0.0,-16.0,-2.0,-21.0,-3.0,-26.0,-4.0,-29.0,-3.0,-31.0,-2.0,-32.0,-2.0
3.8887,122.0,-96.0,7.0,0.0,0.0,0.0,0.0,0.0,0.0,0.0,0.0,0.0,6.0,10.0,8.0,14.0,9.0,18.0,11.0,22.0,12.0,23.0,14.0,25.0,15.0,25.0,16.0,24.0,16.0,22.0,14.0,20.0,11.0,17.0,8.0,14.0,5.0,11.0,1.0,8.0,-4.0,5.0,-9.0,3.0,-15.0,1.0,-19.0,0.0,-25.0,0.0,-28.0,0.0,-31.0,1.0,-32.0,1.0,-32.0,2.0,-32.0,3.0,-30.0,4.0,-27.0,4.0
3.8955,122.0,-96.0,7.0,0.0,0.0,0.0,0.0,0.0,0.0,0.0,0.0,0.0,-4.0,-24.0,-5.0,-26.0,-5.0,-25.0,-5.0,-26.0,-6.0,-23.0,-5.0,-22.0,-4.0,-19.0,-3.0,-15.0,-1.0,-11.0,2.0,-7.0,5.0,-3.0,8.0,0.0,13.0,4.0,16.0,6.0,20.0,8.0,22.0,10.0,24.0,11.0,25.0,10.0,26.0,10.0,25.0,9.0,24.0,8.0,21.0,6.0,18.0,5.0,13.0,4.0,8.0,4.0,3.0,4.0
3.9083,122.0,-96.0,7.0,0.0,0.0,0.0,0.0,0.0,0.0,0.0,0.0,0.0,22.0,5.0,20.0,5.0,17.0,4.0,14.0,4.0,9.0,4.0,5.0,4.0,0.0,6.0,-4.0,7.0,-9.0,9.0,-12.0,11.0,-15.0,13.0,-17.0,16.0,-18.0,18.0,-19.0,20.0,-19.0,21.0,-17.0,21.0,-16.0,20.0,-14.0,18.0,-12.0,16.0,-10.0,12.0,-9.0,8.0,-7.0,3.0,-6.0,-2.0,-6.0,-7.0,-6.0,-12.0,-7.0,-17.0
3.9219,122.0,-96.0,7.0,0.0,0.0,0.0,0.0,0.0,0.0,0.0,0.0,0.0,16.0,-17.0,17.0,-18.0,17.0,-19.0,16.0,-19.0,15.0,-19.0,14.0,-17.0,12.0,-15.0,11.0,-12.0,9.0,-9.0,7.0,-4.0,5.0,1.0,5.0,6.0,4.0,10.0,4.0,15.0,4.0,19.0,4.0,22.0,5.0,24.0,6.0,26.0,7.0,27.0,7.0,27.0,8.0,26.0,7.0,23.0,7.0,20.0,5.0,16.0,3.0,12.0,0.0,8.0
3.936,122.0,-96.0,7.0,0.0,0.0,0.0,0.0,0.0,0.0,0.0,0.0,0.0,5.0,-12.0,5.0,-12.0,5.0,-12.0,5.0,-12.0,5.0,-12.0,5.0,-12.0,5.0,-13.0,5.0,-13.0,5.0,-13.0,6.0,-13.0,6.0,-13.0,6.0,-13.0,6.0,-13.0,6.0,-13.0,6.0,-13.0,5.0,-14.0,5.0,-13.0,5.0,-14.0,5.0,-14.0,5.0,-14.0,6.0,-14.0,5.0,-14.0,5.0,-15.0,5.0,-15.0,5.0,-14.0,5.0,-15.0
3.9502,122.0,-96.0,7.0,0.0,0.0,0.0,0.0,0.0,0.0,0.0,0.0,0.0,1.0,-24.0,0.0,-26.0,0.0,-26.0,-1.0,-26.0,-1.0,-25.0,-1.0,-22.0,-1.0,-20.0,0.0,-16.0,1.0,-13.0,2.0,-8.0,4.0,-4.0,8.0,0.0,11.0,4.0,13.0,8.0,16.0,11.0,19.0,12.0,21.0,14.0,23.0,14.0,24.0,14.0,24.0,13.0,23.0,13.0,21.0,11.0,19.0,9.0,15.0,7.0,11.0,6.0,6.0,5.0
3.9641,122.0,-96.0,7.0,0.0,0.0,0.0,0.0,0.0,0.0,0.0,0.0,0.0,13.0,2.0,13.0,2.0,14.0,2.0,14.0,2.0,14.0,2.0,15.0,2.0,15.0,1.0,15.0,1.0,15.0,1.0,15.0,1.0,15.0,2.0,15.0,2.0,15.0,2.0,15.0,1.0,16.0,1.0,16.0,1.0,16.0,0.0,16.0,1.0,16.0,1.0,16.0,0.0,17.0,0.0,16.0,0.0,16.0,0.0,16.0,0.0,17.0,0.0,17.0,-1.0
3.9775,122.0,-96.0,7.0,0.0,0.0,0.0,0.0,0.0,0.0,0.0,0.0,0.0,19.0,-18.0,19.0,-20.0,20.0,-21.0,18.0,-20.0,17.0,-20.0,15.0,-18.0,13.0,-16.0,11.0,-12.0,9.0,-8.0,8.0,-2.0,5.0,3.0,5.0,8.0,5.0,14.0,5.0,18.0,5.0,22.0,6.0,26.0,7.0,28.0,8.0,30.0,9.0,29.0,9.0,28.0,9.0,27.0,8.0,23.0,7.0,20.0,5.0,15.0,2.0,11.0,-2.0,6.0
3.9918,122.0,-96.0,7.0,0.0,0.0,0.0,0.0,0.0,0.0,0.0,0.0,0.0,-12.0,-1.0,-7.0,-3.0,-3.0,-6.0,0.0,-10.0,4.0,-13.0,6.0,-18.0,8.0,-22.0,9.0,-24.0,8.0,-27.0,9.0,-29.0,8.0,-29.0,7.0,-29.0,6.0,-27.0,4.0,-25.0,4.0,-21.0,3.0,-17.0,4.0,-12.0,5.0,-6.0,7.0,-1.0,9.0,4.0,12.0,9.0,15.0,12.0,19.0,16.0,22.0,17.0,24.0,18.0,25.0,18.0
4.0072,122.0,-96.0,7.0,0.0,0.0,0.0,0.0,0.0,0.0,0.0,0.0,0.0,-16.0,14.0,-16.0,14.0,-16.0,14.0,-16.0,14.0,-16.0,15.0,-17.0,15.0,-17.0,15.0,-17.0,16.0,-17.0,16.0,-17.0,16.0,-17.0,16.0,-17.0,15.0,-17.0,16.0,-17.0,16.0,-17.0,17.0,-17.0,16.0,-17.0,16.0,-17.0,16.0,-17.0,17.0,-17.0,17.0,-17.0,17.0,-17.0,17.0,-17.0,17.0,-17.0,17.0,-16.0,17.0,-17.0,18.0
4.0197,122.0,-96.0,7.0,0.0,0.0,0.0,0.0,0.0,0.0,0.0,0.0,0.0,9.0,-5.0,10.0,-5.0,9.0,-5.0,10.0,-5.0,10.0,-5.0,11.0,-5.0,10.0,-6.0,10.0,-6.0,10.0,-6.0,10.0,-6.0,10.0,-6.0,11.0,-6.0,11.0,-6.0,11.0,-6.0,11.0,-7.0,11.0,-6.0,11.0,-7.0,10.0,-7.0,11.0,-7.0,11.0,-7.0,11.0,-7.0,11.0,-7.0,11.0,-8.0,11.0,-7.0,11.0,-8.0,11.0,-8.0
4.0349,122.0,-96.0,7.0,0.0,0.0,0.0,0.0,0.0,0.0,0.0,0.0,0.0,-12.0,-17.0,-12.0,-17.0,-12.0,-18.0,-12.0,-18.0,-13.0,-18.0,-13.0,-18.0,-14.0,-19.0,-13.0,-18.0,-14.0,-19.0,-13.0,-19.0,-13.0,-19.0,-13.0,-19.0,-13.0,-19.0,-14.0,-19.0,-14.0,-19.0,-14.0,-18.0,-14.0,-19.0,-15.0,-19.0,-15.0,-19.0,-16.0,-19.0,-15.0,-19.0,-15.0,-19.0,-16.0,-19.0,-15.0,-19.0,-15.0,-19.0,-16.0,-19.0
4.0476,122.0,-96.0,7.0,0.0,0.0,0.0,0.0,0.0,0.0,0.0,0.0,0.0,20.0,1.0,23.0,-4.0,24.0,2.0,22.0,-5.0,24.0,1.0,17.0,-4.0,19.0,-5.0,21.0,-2.0,18.0,-3.0,22.0,-6.0,19.0,0.0,19.0,-1.0,22.0,3.0,21.0,2.0,26.0,3.0,20.0,7.0,27.0,2.0,22.0,7.0,24.0,-2.0,25.0,-1.0,25.0,1.0,23.0,-2.0,29.0,-1.0,20.0,-1.0,22.0,-2.0,18.0,5.0
4.0623,122.0,-96.0,7.0,0.0,0.0,0.0,0.0,0.0,0.0,0.0,0.0,0.0,12.0,-7.0,12.0,-8.0,12.0,-8.0,12.0,-8.0,12.0,-8.0,12.0,-8.0,12.0,-8.0,12.0,-9.0,12.0,-9.0,13.0,-9.0,12.0,-9.0,13.0,-9.0,13.0,-9.0,13.0,-9.0,13.0,-10.0,13.0,-10.0,13.0,-10.0,13.0,-10.0,12.0,-10.0,13.0,-11.0,13.0,-11.0,13.0,-11.0,13.0,-11.0,13.0,-11.0,13.0,-10.0,13.0,-11.0
4.0762,122.0,-96.0,7.0,0.0,0.0,0.0,0.0,0.0,0.0,0.0,0.0,0.0,-2.0,11.0,-4.0,6.0,-6.0,2.0,-9.0,-3.0,-12.0,-6.0,-16.0,-10.0,-19.0,-12.0,-23.0,-13.0,-25.0,-14.0,-27.0,-14.0,-27.0,-14.0,-27.0,-13.0,-26.0,-11.0,-25.0,-9.0,-21.0,-8.0,-17.0,-7.0,-12.0,-7.0,-6.0,-7.0,-1.0,-8.0,5.0,-8.0,10.0,-10.0,15.0,-13.0,18.0,-15.0,20.0,-18.0,22.0,-20.0,23.0,-21.0
4.0905,122.0,-96.0,7.0,0.0,0.0,0.0,0.0,0.0,0.0,0.0,0.0,0.0,5.0,20.0,6.0,21.0,7.0,21.0,7.0,21.0,7.0,19.0,7.0,18.0,6.0,16.0,4.0,13.0,2.0,10.0,-1.0,7.0,-4.0,3.0,-7.0,1.0,-11.0,-1.0,-14.0,-3.0,-18.0,-5.0,-20.0,-6.0,-23.0,-6.0,-24.0,-6.0,-26.0,-5.0,-25.0,-4.0,-24.0,-4.0,-22.0,-3.0,-20.0,-2.0,-16.0,-2.0,-12.0,-2.0,-8.0,-3.0
4.1044,122.0,-96.0,7.0,0.0,0.0,0.0,0.0,0.0,0.0,0.0,0.0,0.0,3.0,-9.0,3.0,-10.0,3.0,-10.0,4.0,-10.0,3.0,-10.0,4.0,-11.0,4.0,-10.0,3.0,-11.0,4.0,-10.0,3.0,-11.0,3.0,-11.0,4.0,-11.0,3.0,-11.0,3.0,-12.0,3.0,-12.0,4.0,-11.0,3.0,-12.0,3.0,-12.0,3.0,-11.0,3.0,-11.0,3.0,-12.0,3.0,-12.0,3.0,-12.0,3.0,-12.0,3.0,-12.0,2.0,-12.0
4.1205,122.0,-96.0,7.0,0.0,0.0,0.0,0.0,0.0,0.0,0.0,0.0,0.0,-9.0,-11.0,-4.0,-9.0,2.0,-7.0,7.0,-6.0,13.0,-5.0,19.0,-5.0,23.0,-6.0,27.0,-7.0,30.0,-9.0,31.0,-10.0,32.0,-11.0,31.0,-12.0,29.0,-12.0,27.0,-13.0,23.0,-11.0,19.0,-9.0,14.0,-5.0,10.0,-1.0,6.0,4.0,2.0,9.0,0.0,14.0,-2.0,20.0,-4.0,25.0,-4.0,29.0,-4.0,32.0,-3.0,34.0
4.1351,122.0,-96.0,7.0,0.0,0.0,0.0,0.0,0.0,0.0,0.0,0.0,0.0,0.0,-11.0,2.0,-7.0,5.0,-3.0,7.0,0.0,10.0,4.0,14.0,6.0,16.0,8.0,19.0,10.0,22.0,10.0,24.0,10.0,24.0,10.0,24.0,9.0,24.0,8.0,22.0,6.0,19.0,5.0,16.0,4.0,11.0,4.0,7.0,5.0,2.0,5.0,-3.0,7.0,-8.0,9.0,-12.0,11.0,-15.0,14.0,-17.0,16.0,-19.0,18.0,-19.0,20.0
4.1474,122.0,-96.0,7.0,0.0,0.0,0.0,0.0,0.0,0.0,0.0,0.0,0.0,20.0,10.0,19.0,9.0,16.0,7.0,13.0,6.0,9.0,5.0,4.0,5.0,-1.0,5.0,-5.0,6.0,-10.0,8.0,-14.0,9.0,-17.0,10.0,-20.0,12.0,-21.0,14.0,-22.0,16.0,-22.0,17.0,-21.0,17.0,-20.0,17.0,-17.0,16.0,-15.0,13.0,-12.0,10.0,-10.0,6.0,-8.0,2.0,-6.0,-3.0,-4.0,-8.0,-4.0,-13.0,-4.0,-18.0
4.1603,122.0,-96.0,7.0,0.0,0.0,0.0,0.0,0.0,0.0,0.0,0.0,0.0,-1.0,-14.0,-1.0,-15.0,-1.0,-15.0,-1.0,-15.0,-1.0,-16.0,-1.0,-16.0,-1.0,-16.0,-2.0,-16.0,-2.0,-16.0,-1.0,-16.0,-2.0,-16.0,-1.0,-17.0,-2.0,-16.0,-2.0,-16.0,-2.0,-17.0,-2.0,-17.0,-3.0,-17.0,-2.0,-17.0,-3.0,-17.0,-3.0,-17.0,-3.0,-17.0,-3.0,-17.0,-3.0,-17.0,-3.0,-18.0,-4.0,-18.0,-4.0,-18.0
4.1742,122.0,-96.0,7.0,0.0,0.0,0.0,0.0,0.0,0.0,0.0,0.0,0.0,11.0,20.0,13.0,21.0,13.0,21.0,14.0,20.0,13.0,19.0,13.0,17.0,11.0,15.0,8.0,13.0,6.0,10.0,1.0,8.0,-3.0,5.0,-8.0,3.0,-12.0,2.0,-16.0,0.0,-20.0,0.0,-23.0,0.0,-26.0,0.0,-28.0,1.0,-29.0,2.0,-29.0,3.0,-28.0,3.0,-25.0,3.0,-22.0,3.0,-18.0,2.0,-14.0,1.0,-10.0,-1.0
4.1879,122.0,-96.0,7.0,0.0,0.0,0.0,0.0,0.0,0.0,0.0,0.0,0.0,7.0,9.0,2.0,7.0,-2.0,5.0,-7.0,4.0,-13.0,4.0,-18.0,5.0,-22.0,6.0,-25.0,7.0,-27.0,8.0,-28.0,9.0,-29.0,11.0,-27.0,11.0,-26.0,11.0,-24.0,12.0,-20.0,10.0,-16.0,7.0,-13.0,4.0,-9.0,0.0,-6.0,-5.0,-3.0,-9.0,-1.0,-15.0,1.0,-19.0,1.0,-24.0,0.0,-28.0,0.0,-30.0,-1.0,-32.0
4.2016,122.0,-96.0,7.0,0.0,0.0,0.0,0.0,0.0,0.0,0.0,0.0,0.0,16.0,-20.0,15.0,-18.0,13.0,-16.0,11.0,-13.0,8.0,-8.0,7.0,-4.0,6.0,2.0,5.0,7.0,5.0,12.0,6.0,17.0,6.0,20.0,7.0,24.0,9.0,26.0,10.0,28.0,12.0,28.0,12.0,27.0,12.0,25.0,11.0,22.0,10.0,19.0,7.0,15.0,4.0,12.0,0.0,8.0,-5.0,5.0,-10.0,1.0,-14.0,-1.0,-20.0,-2.0
4.2167,122.0,-96.0,7.0,0.0,0.0,0.0,0.0,0.0,0.0,0.0,0.0,0.0,-10.0,-7.0,-10.0,-6.0,-10.0,-6.0,-10.0,-7.0,-10.0,-7.0,-11.0,-7.0,-11.0,-7.0,-11.0,-7.0,-11.0,-7.0,-11.0,-7.0,-11.0,-6.0,-11.0,-7.0,-11.0,-7.0,-12.0,-6.0,-12.0,-7.0,-12.0,-7.0,-12.0,-6.0,-12.0,-7.0,-12.0,-6.0,-13.0,-6.0,-12.0,-6.0,-12.0,-6.0,-13.0,-6.0,-13.0,-6.0,-13.0,-6.0,-13.0,-6.0
4.2307,122.0,-96.0,7.0,0.0,0.0,0.0,0.0,0.0,0.0,0.0,0.0,0.0,9.0,-7.0,13.0,-8.0,16.0,-9.0,19.0,-11.0,20.0,-13.0,22.0,-14.0,22.0,-15.0,21.0,-16.0,20.0,-15.0,17.0,-14.0,15.0,-12.0,13.0,-9.0,10.0,-7.0,7.0,-2.0,4.0,2.0,3.0,7.0,2.0,12.0,1.0,16.0,1.0,21.0,1.0,24.0,2.0,27.0,2.0,28.0,4.0,28.0,5.0,27.0,6.0,25.0,6.0,23.0
4.2458,122.0,-96.0,7.0,0.0,0.0,0.0,0.0,0.0,0.0,0.0,0.0,0.0,-5.0,-13.0,-5.0,-13.0,-5.0,-14.0,-5.0,-14.0,-5.0,-14.0,-6.0,-15.0,-6.0,-15.0,-6.0,-14.0,-6.0,-15.0,-5.0,-15.0,-6.0,-15.0,-6.0,-15.0,-6.0,-15.0,-6.0,-16.0,-7.0,-15.0,-7.0,-15.0,-7.0,-15.0,-7.0,-15.0,-7.0,-16.0,-7.0,-16.0,-7.0,-16.0,-8.0,-16.0,-8.0,-16.0,-8.0,-16.0,-8.0,-16.0,-8.0,-16.0
4.2592,122.0,-96.0,7.0,0.0,0.0,0.0,0.0,0.0,0.0,0.0,0.0,0.0,12.0,4.0,13.0,4.0,13.0,4.0,13.0,4.0,13.0,4.0,14.0,4.0,14.0,4.0,14.0,4.0,14.0,4.0,14.0,4.0,14.0,4.0,14.0,4.0,15.0,4.0,15.0,4.0,15.0,4.0,15.0,4.0,15.0,3.0,16.0,4.0,16.0,4.0,16.0,4.0,15.0,4.0,16.0,3.0,16.0,3.0,16.0,3.0,16.0,3.0,17.0,3.0
4.2734,122.0,-96.0,7.0,0.0,0.0,0.0,0.0,0.0,0.0,0.0,0.0,0.0,6.0,-11.0,8.0,-14.0,11.0,-18.0,13.0,-20.0,14.0,-23.0,15.0,-25.0,14.0,-26.0,13.0,-26.0,12.0,-26.0,10.0,-23.0,9.0,-19.0,8.0,-15.0,7.0,-11.0,7.0,-5.0,6.0,0.0,7.0,5.0,8.0,11.0,9.0,15.0,12.0,20.0,14.0,22.0,16.0,25.0,17.0,25.0,18.0,26.0,18.0,24.0,18.0,22.0,17.0,20.0
4.2869,122.0,-96.0,7.0,0.0,0.0,0.0,0.0,0.0,0.0,0.0,0.0,0.0,21.0,-7.0,20.0,-7.0,17.0,-6.0,14.0,-4.0,10.0,-3.0,7.0,1.0,4.0,3.0,0.0,7.0,-2.0,11.0,-4.0,14.0,-5.0,18.0,-6.0,21.0,-7.0,24.0,-6.0,25.0,-6.0,27.0,-5.0,26.0,-4.0,26.0,-3.0,23.0,-3.0,21.0,-3.0,16.0,-3.0,12.0,-4.0,7.0,-6.0,3.0,-8.0,-2.0,-10.0,-6.0,-13.0,-10.0
4.3009,122.0,-96.0,7.0,0.0,0.0,0.0,0.0,0.0,0.0,0.0,0.0,0.0,-12.0,22.0,-11.0,20.0,-10.0,17.0,-9.0,14.0,-7.0,9.0,-7.0,5.0,-7.0,-1.0,-8.0,-6.0,-9.0,-11.0,-11.0,-15.0,-12.0,-19.0,-14.0,-22.0,-16.0,-24.0,-18.0,-25.0,-19.0,-25.0,-20.0,-24.0,-19.0,-22.0,-18.0,-19.0,-16.0,-17.0,-12.0,-14.0,-8.0,-11.0,-3.0,-9.0,2.0,-7.0,8.0,-5.0,13.0,-4.0,18.0,-4.0
4.3138,122.0,-96.0,7.0,0.0,0.0,0.0,0.0,0.0,0.0,0.0,0.0,0.0,2.0,10.0,2.0,15.0,2.0,18.0,3.0,21.0,3.0,23.0,4.0,25.0,5.0,25.0,6.0,25.0,7.0,23.0,6.0,21.0,4.0,18.0,2.0,15.0,1.0,11.0,-2.0,7.0,-5.0,3.0,-8.0,0.0,-13.0,-3.0,-17.0,-5.0,-21.0,-6.0,-24.0,-7.0,-26.0,-7.0,-28.0,-7.0,-29.0,-6.0,-28.0,-5.0,-27.0,-4.0,-24.0,-3.0
4.329,122.0,-96.0,7.0,0.0,0.0,0.0,0.0,0.0,0.0,0.0,0.0,0.0,8.0,-11.0,8.0,-11.0,8.0,-12.0,8.0,-12.0,8.0,-12.0,9.0,-12.0,9.0,-12.0,8.0,-13.0,8.0,-13.0,9.0,-13.0,9.0,-13.0,9.0,-13.0,9.0,-13.0,9.0,-13.0,9.0,-14.0,8.0,-14.0,8.0,-13.0,9.0,-14.0,8.0,-14.0,8.0,-14.0,8.0,-15.0,8.0,-14.0,8.0,-15.0,8.0,-15.0,8.0,-15.0,8.0,-15.0
4.3417,122.0,-96.0,7.0,0.0,0.0,0.0,0.0,0.0,0.0,0.0,0.0,0.0,20.0,9.0,19.0,8.0,16.0,7.0,13.0,6.0,9.0,5.0,5.0,5.0,0.0,6.0,-5.0,6.0,-9.0,7.0,-13.0,9.0,-16.0,10.0,-19.0,12.0,-21.0,14.0,-22.0,16.0,-22.0,17.0,-21.0,17.0,-20.0,17.0,-18.0,16.0,-15.0,14.0,-13.0,11.0,-11.0,7.0,-8.0,3.0,-7.0,-2.0,-5.0,-6.0,-4.0,-11.0,-4.0,-16.0
4.356,122.0,-96.0,7.0,0.0,0.0,0.0,0.0,0.0,0.0,0.0,0.0,0.0,-3.0,-10.0,-3.0,-10.0,-2.0,-10.0,-3.0,-11.0,-2.0,-10.0,-3.0,-11.0,-3.0,-11.0,-3.0,-11.0,-3.0,-11.0,-3.0,-11.0,-3.0,-11.0,-3.0,-12.0,-3.0,-12.0,-4.0,-12.0,-4.0,-11.0,-4.0,-11.0,-4.0,-12.0,-4.0,-12.0,-4.0,-12.0,-4.0,-12.0,-4.0,-12.0,-4.0,-12.0,-4.0,-12.0,-4.0,-12.0,-4.0,-12.0,-5.0,-12.0
4.3707,122.0,-96.0,7.0,0.0,0.0,0.0,0.0,0.0,0.0,0.0,0.0,0.0,-24.0,-18.0,-22.0,-16.0,-19.0,-14.0,-15.0,-12.0,-11.0,-10.0,-5.0,-8.0,1.0,-8.0,6.0,-7.0,12.0,-8.0,18.0,-9.0,22.0,-10.0,26.0,-11.0,29.0,-13.0,30.0,-16.0,30.0,-17.0,29.0,-18.0,26.0,-17.0,24.0,-16.0,20.0,-14.0,17.0,-11.0,13.0,-7.0,9.0,-2.0,6.0,4.0,3.0,9.0,0.0,15.0,0.0,21.0
4.385,122.0,-96.0,7.0,0.0,0.0,0.0,0.0,0.0,0.0,0.0,0.0,0.0,7.0,19.0,9.0,20.0,9.0,20.0,10.0,19.0,10.0,18.0,9.0,17.0,7.0,14.0,5.0,12.0,3.0,9.0,-1.0,7.0,-3.0,4.0,-7.0,2.0,-12.0,0.0,-15.0,-1.0,-19.0,-2.0,-21.0,-2.0,-24.0,-2.0,-25.0,-2.0,-26.0,-1.0,-25.0,-1.0,-24.0,0.0,-22.0,0.0,-19.0,1.0,-15.0,0.0,-11.0,-1.0,-7.0,-3.0
4.3998,122.0,-96.0,7.0,0.0,0.0,0.0,0.0,0.0,0.0,0.0,0.0,0.0,-15.0,20.0,-14.0,18.0,-12.0,16.0,-10.0,12.0,-9.0,8.0,-8.0,3.0,-7.0,-2.0,-7.0,-8.0,-8.0,-13.0,-9.0,-17.0,-9.0,-21.0,-11.0,-24.0,-12.0,-26.0,-14.0,-27.0,-15.0,-27.0,-16.0,-26.0,-15.0,-24.0,-14.0,-21.0,-12.0,-18.0,-9.0,-15.0,-5.0,-12.0,0.0,-8.0,5.0,-6.0,10.0,-3.0,15.0,-1.0,20.0,-1.0
4.4129,122.0,-96.0,7.0,0.0,0.0,0.0,0.0,0.0,0.0,0.0,0.0,0.0,-13.0,-5.0,-7.0,-6.0,-1.0,-7.0,4.0,-9.0,9.0,-12.0,13.0,-15.0,16.0,-18.0,19.0,-21.0,21.0,-24.0,21.0,-25.0,21.0,-26.0,20.0,-26.0,18.0,-26.0,15.0,-24.0,13.0,-21.0,11.0,-17.0,9.0,-11.0,8.0,-6.0,8.0,1.0,7.0,7.0,8.0,13.0,9.0,18.0,11.0,23.0,14.0,27.0,15.0,28.0,17.0,29.0
4.4267,122.0,-96.0,7.0,0.0,0.0,0.0,0.0,0.0,0.0,0.0,0.0,0.0,16.0,-16.0,15.0,-15.0,13.0,-13.0,11.0,-11.0,8.0,-7.0,7.0,-3.0,5.0,1.0,4.0,6.0,3.0,10.0,4.0,15.0,3.0,18.0,4.0,21.0,5.0,24.0,6.0,25.0,7.0,26.0,8.0,25.0,8.0,24.0,7.0,22.0,7.0,19.0,5.0,16.0,3.0,12.0,0.0,8.0,-4.0,5.0,-7.0,1.0,-11.0,-2.0,-16.0,-3.0
4.4405,122.0,-96.0,7.0,0.0,0.0,0.0,0.0,0.0,0.0,0.0,0.0,0.0,8.0,8.0,11.0,12.0,13.0,15.0,15.0,18.0,17.0,19.0,19.0,21.0,20.0,20.0,21.0,19.0,20.0,18.0,18.0,16.0,15.0,14.0,12.0,12.0,8.0,9.0,3.0,7.0,-2.0,5.0,-8.0,5.0,-14.0,5.0,-18.0,4.0,-23.0,5.0,-27.0,6.0,-29.0,8.0,-31.0,8.0,-30.0,10.0,-29.0,10.0,-28.0,11.0,-25.0,10.0
4.4541,122.0,-96.0,7.0,0.0,0.0,0.0,0.0,0.0,0.0,0.0,0.0,0.0,-11.0,23.0,-10.0,21.0,-8.0,18.0,-8.0,14.0,-7.0,10.0,-7.0,5.0,-8.0,-1.0,-8.0,-6.0,-10.0,-10.0,-12.0,-14.0,-13.0,-18.0,-15.0,-20.0,-18.0,-22.0,-20.0,-23.0,-21.0,-24.0,-21.0,-22.0,-21.0,-21.0,-19.0,-18.0,-17.0,-16.0,-13.0,-13.0,-8.0,-11.0,-4.0,-8.0,2.0,-7.0,7.0,-6.0,13.0,-5.0,18.0,-6.0
4.4675,122.0,-96.0,7.0,0.0,0.0,0.0,0.0,0.0,0.0,0.0,0.0,0.0,3.0,10.0,3.0,15.0,4.0,19.0,5.0,23.0,6.0,25.0,7.0,27.0,8.0,28.0,8.0,27.0,9.0,26.0,8.0,23.0,7.0,20.0,5.0,17.0,3.0,13.0,-1.0,9.0,-4.0,5.0,-8.0,2.0,-13.0,-1.0,-17.0,-4.0,-23.0,-5.0,-26.0,-6.0,-29.0,-6.0,-31.0,-6.0,-32.0,-5.0,-32.0,-4.0,-31.0,-2.0,-28.0,-2.0
4.4816,122.0,-96.0,7.0,0.0,0.0,0.0,0.0,0.0,0.0,0.0,0.0,0.0,-21.0,-16.0,-23.0,-16.0,-24.0,-16.0,-24.0,-15.0,-23.0,-14.0,-21.0,-13.0,-19.0,-11.0,-15.0,-10.0,-11.0,-8.0,-5.0,-8.0,0.0,-7.0,6.0,-7.0,11.0,-8.0,16.0,-9.0,20.0,-10.0,23.0,-11.0,25.0,-13.0,27.0,-14.0,27.0,-15.0,26.0,-16.0,25.0,-15.0,21.0,-14.0,19.0,-13.0,15.0,-10.0,11.0,-6.0,8.0,-2.0
4.4946,122.0,-96.0,7.0,0.0,0.0,0.0,0.0,0.0,0.0,0.0,0.0,0.0,22.0,17.0,21.0,16.0,17.0,13.0,14.0,11.0,9.0,9.0,4.0,8.0,-2.0,7.0,-8.0,7.0,-14.0,7.0,-19.0,8.0,-23.0,9.0,-27.0,10.0,-29.0,11.0,-31.0,14.0,-32.0,15.0,-30.0,15.0,-28.0,15.0,-25.0,14.0,-22.0,12.0,-18.0,9.0,-14.0,5.0,-10.0,0.0,-7.0,-5.0,-4.0,-11.0,-1.0,-16.0,0.0,-22.0
4.5084,122.0,-96.0,7.0,0.0,0.0,0.0,0.0,0.0,0.0,0.0,0.0,0.0,-11.0,1.0,-15.0,0.0,-19.0,-1.0,-22.0,-1.0,-24.0,0.0,-26.0,0.0,-27.0,0.0,-27.0,2.0,-25.0,2.0,-23.0,2.0,-19.0,1.0,-16.0,0.0,-12.0,-1.0,-8.0,-3.0,-4.0,-5.0,0.0,-9.0,4.0,-12.0,7.0,-16.0,9.0,-20.0,10.0,-22.0,11.0,-25.0,11.0,-26.0,10.0,-27.0,9.0,-26.0,8.0,-26.0,7.0,-23.0
4.5222,122.0,-96.0,7.0,0.0,0.0,0.0,0.0,0.0,0.0,0.0,0.0,0.0,1.0,14.0,3.0,13.0,2.0,13.0,2.0,13.0,2.0,14.0,2.0,15.0,2.0,14.0,2.0,15.0,2.0,13.0,2.0,14.0,3.0,15.0,3.0,15.0,2.0,15.0,3.0,16.0,3.0,15.0,3.0,15.0,3.0,15.0,2.0,16.0,3.0,16.0,3.0,16.0,4.0,16.0,3.0,15.0,3.0,16.0,4.0,16.0,4.0,17.0,4.0,16.0
4.5366,122.0,-96.0,7.0,0.0,0.0,0.0,0.0,0.0,0.0,0.0,0.0,0.0,-7.0,21.0,-7.0,23.0,-7.0,24.0,-6.0,23.0,-6.0,23.0,-5.0,20.0,-5.0,18.0,-5.0,14.0,-5.0,10.0,-6.0,6.0,-6.0,1.0,-8.0,-4.0,-11.0,-8.0,-12.0,-12.0,-15.0,-15.0,-16.0,-18.0,-18.0,-19.0,-19.0,-20.0,-20.0,-20.0,-21.0,-19.0,-20.0,-18.0,-18.0,-16.0,-16.0,-13.0,-13.0,-11.0,-9.0,-9.0,-4.0,-7.0
4.5508,122.0,-96.0,7.0,0.0,0.0,0.0,0.0,0.0,0.0,0.0,0.0,0.0,-9.0,10.0,-9.0,11.0,-9.0,10.0,-10.0,11.0,-10.0,11.0,-9.0,11.0,-9.0,12.0,-9.0,12.0,-10.0,12.0,-10.0,12.0,-10.0,12.0,-10.0,12.0,-10.0,12.0,-10.0,12.0,-10.0,13.0,-9.0,13.0,-10.0,13.0,-9.0,13.0,-9.0,14.0,-9.0,13.0,-9.0,14.0,-9.0,13.0,-9.0,14.0,-9.0,14.0,-9.0,14.0,-9.0,15.0
4.5644,122.0,-96.0,7.0,0.0,0.0,0.0,0.0,0.0,0.0,0.0,0.0,0.0,13.0,-19.0,14.0,-21.0,14.0,-22.0,13.0,-21.0,12.0,-21.0,10.0,-19.0,9.0,-16.0,8.0,-13.0,7.0,-9.0,6.0,-4.0,5.0,1.0,5.0,6.0,6.0,11.0,7.0,15.0,8.0,19.0,9.0,21.0,10.0,23.0,11.0,24.0,12.0,24.0,12.0,23.0,12.0,22.0,11.0,19.0,9.0,16.0,6.0,12.0,3.0,9.0,-1.0,6.0
4.5784,122.0,-96.0,7.0,0.0,0.0,0.0,0.0,0.0,0.0,0.0,0.0,0.0,10.0,7.0,13.0,10.0,15.0,13.0,18.0,15.0,20.0,16.0,23.0,17.0,24.0,16.0,24.0,15.0,23.0,14.0,20.0,12.0,16.0,11.0,13.0,9.0,8.0,8.0,3.0,7.0,-2.0,6.0,-8.0,6.0,-14.0,7.0,-18.0,8.0,-23.0,10.0,-26.0,11.0,-28.0,13.0,-28.0,15.0,-28.0,16.0,-27.0,15.0,-24.0,16.0,-22.0,14.0
4.592,122.0,-96.0,7.0,0.0,0.0,0.0,0.0,0.0,0.0,0.0,0.0,0.0,10.0,1.0,6.0,3.0,2.0,5.0,-2.0,8.0,-6.0,11.0,-9.0,15.0,-12.0,18.0,-13.0,22.0,-13.0,24.0,-13.0,26.0,-13.0,27.0,-11.0,26.0,-9.0,25.0,-8.0,23.0,-7.0,19.0,-6.0,15.0,-6.0,10.0,-6.0,5.0,-8.0,-1.0,-10.0,-6.0,-12.0,-11.0,-14.0,-15.0,-18.0,-18.0,-21.0,-20.0,-23.0,-21.0,-24.0,-20.0
4.61,122.0,-96.0,7.0,0.0,0.0,0.0,0.0,0.0,0.0,0.0,0.0,0.0,1.0,-13.0,2.0,-17.0,4.0,-21.0,5.0,-24.0,4.0,-26.0,4.0,-29.0,3.0,-30.0,2.0,-29.0,1.0,-28.0,1.0,-25.0,1.0,-22.0,2.0,-18.0,2.0,-13.0,4.0,-8.0,6.0,-3.0,8.0,1.0,12.0,6.0,15.0,9.0,19.0,13.0,22.0,14.0,25.0,16.0,26.0,15.0,27.0,15.0,27.0,14.0,26.0,12.0,24.0,10.0
4.6239,122.0,-96.0,7.0,0.0,0.0,0.0,0.0,0.0,0.0,0.0,0.0,0.0,8.0,7.0,8.0,7.0,8.0,7.0,8.0,7.0,8.0,7.0,9.0,7.0,9.0,7.0,9.0,7.0,9.0,7.0,9.0,7.0,9.0,7.0,9.0,7.0,9.0,7.0,10.0,7.0,10.0,7.0,10.0,7.0,9.0,7.0,10.0,7.0,10.0,7.0,10.0,7.0,11.0,7.0,11.0,7.0,11.0,6.0,11.0,7.0,11.0,7.0,11.0,7.0
4.6378,122.0,-96.0,7.0,0.0,0.0,0.0,0.0,0.0,0.0,0.0,0.0,0.0,2.0,-11.0,2.0,-11.0,2.0,-12.0,2.0,-12.0,2.0,-12.0,2.0,-12.0,2.0,-12.0,2.0,-13.0,2.0,-12.0,2.0,-13.0,2.0,-12.0,2.0,-13.0,2.0,-13.0,2.0,-13.0,2.0,-13.0,2.0,-13.0,1.0,-13.0,2.0,-13.0,2.0,-14.0,1.0,-14.0,2.0,-14.0,2.0,-13.0,2.0,-14.0,1.0,-14.0,1.0,-14.0,1.0,-14.0
4.6512,122.0,-96.0,7.0,0.0,0.0,0.0,0.0,0.0,0.0,0.0,0.0,0.0,-7.0,10.0,-11.0,13.0,-13.0,16.0,-15.0,18.0,-16.0,21.0,-17.0,23.0,-16.0,24.0,-15.0,25.0,-14.0,24.0,-12.0,21.0,-11.0,18.0,-10.0,14.0,-8.0,10.0,-7.0,4.0,-7.0,-1.0,-8.0,-6.0,-9.0,-12.0,-10.0,-16.0,-12.0,-21.0,-14.0,-24.0,-16.0,-26.0,-17.0,-26.0,-19.0,-26.0,-19.0,-25.0,-19.0,-23.0,-18.0,-21.0
4.6664,122.0,-96.0,7.0,0.0,0.0,0.0,0.0,0.0,0.0,0.0,0.0,0.0,11.0,-4.0,7.0,-1.0,4.0,3.0,2.0,7.0,0.0,12.0,-2.0,17.0,-2.0,20.0,-3.0,24.0,-2.0,27.0,-2.0,29.0,-1.0,29.0,0.0,29.0,1.0,27.0,2.0,25.0,2.0,22.0,1.0,18.0,-1.0,13.0,-3.0,9.0,-6.0,4.0,-9.0,0.0,-13.0,-4.0,-17.0,-7.0,-21.0,-10.0,-24.0,-11.0,-27.0,-12.0,-29.0,-12.0
4.6799,122.0,-96.0,7.0,0.0,0.0,0.0,0.0,0.0,0.0,0.0,0.0,0.0,19.0,12.0,21.0,12.0,22.0,11.0,22.0,11.0,21.0,10.0,19.0,9.0,17.0,7.0,14.0,7.0,10.0,6.0,5.0,6.0,0.0,5.0,-5.0,6.0,-9.0,7.0,-13.0,8.0,-17.0,9.0,-20.0,11.0,-22.0,12.0,-24.0,14.0,-24.0,15.0,-23.0,15.0,-22.0,15.0,-20.0,15.0,-17.0,13.0,-14.0,10.0,-11.0,7.0,-9.0,3.0
4.6929,122.0,-96.0,7.0,0.0,0.0,0.0,0.0,0.0,0.0,0.0,0.0,0.0,-14.0,2.0,-18.0,2.0,-23.0,3.0,-27.0,3.0,-30.0,4.0,-32.0,5.0,-33.0,6.0,-32.0,8.0,-31.0,8.0,-27.0,7.0,-24.0,6.0,-20.0,4.0,-15.0,2.0,-11.0,-2.0,-7.0,-5.0,-2.0,-10.0,1.0,-15.0,4.0,-19.0,6.0,-25.0,7.0,-29.0,7.0,-32.0,6.0,-35.0,6.0,-36.0,5.0,-35.0,3.0,-34.0,2.0,-31.0
4.7061,122.0,-96.0,7.0,0.0,0.0,0.0,0.0,0.0,0.0,0.0,0.0,0.0,3.0,-16.0,3.0,-17.0,3.0,-17.0,3.0,-17.0,3.0,-18.0,3.0,-18.0,3.0,-18.0,3.0,-18.0,2.0,-18.0,3.0,-19.0,2.0,-18.0,3.0,-19.0,3.0,-18.0,2.0,-19.0,2.0,-19.0,2.0,-20.0,2.0,-19.0,2.0,-20.0,2.0,-20.0,1.0,-20.0,2.0,-20.0,1.0,-20.0,2.0,-20.0,1.0,-20.0,1.0,-20.0,1.0,-20.0
4.7207,122.0,-96.0,7.0,0.0,0.0,0.0,0.0,0.0,0.0,0.0,0.0,0.0,21.0,-9.0,19.0,-9.0,16.0,-8.0,13.0,-6.0,10.0,-4.0,7.0,0.0,4.0,4.0,1.0,8.0,-1.0,12.0,-2.0,15.0,-4.0,19.0,-4.0,22.0,-4.0,25.0,-3.0,26.0,-3.0,27.0,-2.0,26.0,-1.0,25.0,-1.0,22.0,-1.0,19.0,-1.0,15.0,-2.0,11.0,-4.0,6.0,-6.0,2.0,-9.0,-3.0,-11.0,-7.0,-15.0,-10.0
4.7357,122.0,-96.0,7.0,0.0,0.0,0.0,0.0,0.0,0.0,0.0,0.0,0.0,7.0,9.0,9.0,13.0,11.0,17.0,12.0,19.0,15.0,22.0,17.0,23.0,17.0,22.0,18.0,22.0,18.0,20.0,16.0,18.0,13.0,16.0,10.0,13.0,7.0,10.0,2.0,8.0,-3.0,5.0,-8.0,4.0,-14.0,3.0,-19.0,3.0,-23.0,3.0,-27.0,4.0,-30.0,5.0,-31.0,6.0,-32.0,7.0,-30.0,8.0,-29.0,9.0,-25.0,8.0
4.7489,122.0,-96.0,7.0,0.0,0.0,0.0,0.0,0.0,0.0,0.0,0.0,0.0,4.0,13.0,4.0,12.0,4.0,13.0,4.0,13.0,4.0,13.0,5.0,13.0,4.0,14.0,5.0,14.0,4.0,14.0,5.0,14.0,5.0,14.0,5.0,14.0,5.0,14.0,5.0,14.0,5.0,14.0,5.0,15.0,5.0,15.0,6.0,14.0,6.0,15.0,6.0,15.0,6.0,15.0,6.0,15.0,6.0,15.0,7.0,15.0,6.0,15.0,7.0,15.0
4.7634,122.0,-96.0,7.0,0.0,0.0,0.0,0.0,0.0,0.0,0.0,0.0,0.0,-21.0,-1.0,-23.0,0.0,-23.0,0.0,-23.0,0.0,-22.0,1.0,-20.0,1.0,-17.0,1.0,-14.0,0.0,-11.0,-1.0,-7.0,-3.0,-3.0,-5.0,0.0,-8.0,3.0,-11.0,6.0,-14.0,8.0,-16.0,10.0,-19.0,11.0,-21.0,11.0,-22.0,11.0,-23.0,10.0,-23.0,9.0,-22.0,8.0,-20.0,6.0,-18.0,5.0,-14.0,4.0,-10.0,4.0,-6.0
4.7763,122.0,-96.0,7.0,0.0,0.0,0.0,0.0,0.0,0.0,0.0,0.0,0.0,-9.0,-9.0,-11.0,-12.0,-13.0,-16.0,-15.0,-19.0,-18.0,-20.0,-20.0,-22.0,-21.0,-22.0,-22.0,-20.0,-21.0,-19.0,-19.0,-17.0,-17.0,-15.0,-13.0,-13.0,-9.0,-11.0,-5.0,-9.0,0.0,-7.0,5.0,-6.0,11.0,-6.0,16.0,-6.0,21.0,-7.0,25.0,-7.0,27.0,-9.0,29.0,-9.0,29.0,-11.0,29.0,-12.0,27.0,-13.0,24.0,-12.0
4.7893,122.0,-96.0,7.0,0.0,0.0,0.0,0.0,0.0,0.0,0.0,0.0,0.0,5.0,-12.0,5.0,-7.0,6.0,-1.0,8.0,4.0,10.0,9.0,14.0,14.0,16.0,17.0,18.0,20.0,21.0,22.0,23.0,23.0,24.0,22.0,24.0,21.0,24.0,19.0,23.0,16.0,19.0,14.0,15.0,12.0,10.0,10.0,4.0,8.0,-2.0,7.0,-8.0,7.0,-15.0,7.0,-20.0,8.0,-25.0,10.0,-28.0,12.0,-30.0,14.0,-32.0,16.0
4.794,98.0,33.0,22.0,0.0,0.0,0.0,0.0,0.0,0.0,0.0,0.0,0.0,-20.0,-17.0,-17.0,-14.0,-14.0,-11.0,-12.0,-7.0,-11.0,-2.0,-8.0,3.0,-6.0,8.0,-5.0,13.0,-3.0,18.0,-2.0,21.0,0.0,24.0,2.0,26.0,4.0,27.0,6.0,27.0,8.0,28.0,9.0,26.0,10.0,22.0,11.0,18.0,8.0,14.0,7.0,9.0,4.0,4.0,1.0,-2.0,-2.0,-10.0,-6.0,-16.0,-10.0,-23.0,-13.0,-27.0
4.8086,122.0,-96.0,7.0,0.0,0.0,0.0,0.0,0.0,0.0,0.0,0.0,0.0,-12.0,6.0,-9.0,2.0,-6.0,-3.0,-5.0,-9.0,-4.0,-14.0,-3.0,-20.0,-4.0,-24.0,-4.0,-28.0,-5.0,-31.0,-7.0,-33.0,-8.0,-33.0,-9.0,-32.0,-10.0,-31.0,-10.0,-28.0,-9.0,-25.0,-7.0,-20.0,-4.0,-16.0,0.0,-11.0,4.0,-7.0,8.0,-3.0,14.0,0.0,19.0,3.0,25.0,4.0,28.0,5.0,31.0,5.0,34.0,4.0
4.8223,122.0,-96.0,7.0,0.0,0.0,0.0,0.0,0.0,0.0,0.0,0.0,0.0,4.0,-13.0,4.0,-14.0,4.0,-14.0,4.0,-14.0,3.0,-14.0,4.0,-15.0,3.0,-15.0,4.0,-15.0,3.0,-15.0,4.0,-15.0,4.0,-16.0,4.0,-15.0,4.0,-15.0,4.0,-16.0,3.0,-16.0,3.0,-16.0,3.0,-16.0,3.0,-16.0,3.0,-17.0,3.0,-17.0,3.0,-17.0,3.0,-17.0,2.0,-17.0,2.0,-17.0,2.0,-18.0,2.0,-17.0
4.8366,122.0,-96.0,7.0,0.0,0.0,0.0,0.0,0.0,0.0,0.0,0.0,0.0,-11.0,3.0,-11.0,3.0,-11.0,3.0,-11.0,4.0,-11.0,3.0,-12.0,4.0,-11.0,4.0,-12.0,4.0,-12.0,4.0,-12.0,4.0,-12.0,4.0,-12.0,4.0,-12.0,4.0,-12.0,5.0,-12.0,5.0,-12.0,5.0,-12.0,5.0,-12.0,5.0,-11.0,5.0,-12.0,5.0,-12.0,6.0,-12.0,6.0,-12.0,6.0,-12.0,6.0,-12.0,5.0,-13.0,6.0
4.8493,122.0,-96.0,7.0,0.0,0.0,0.0,0.0,0.0,0.0,0.0,0.0,0.0,-5.0,-11.0,-6.0,-15.0,-6.0,-18.0,-7.0,-21.0,-8.0,-23.0,-10.0,-25.0,-11.0,-25.0,-12.0,-24.0,-11.0,-23.0,-11.0,-20.0,-9.0,-18.0,-6.0,-15.0,-4.0,-12.0,-1.0,-8.0,3.0,-5.0,7.0,-3.0,12.0,-1.0,16.0,1.0,20.0,1.0,23.0,2.0,26.0,1.0,27.0,1.0,28.0,0.0,27.0,-1.0,26.0,-2.0,23.0,-3.0
4.8629,122.0,-96.0,7.0,0.0,0.0,0.0,0.0,0.0,0.0,0.0,0.0,0.0,9.0,-7.0,8.0,-7.0,9.0,-7.0,9.0,-7.0,9.0,-7.0,9.0,-7.0,9.0,-7.0,9.0,-8.0,9.0,-8.0,9.0,-8.0,9.0,-8.0,9.0,-8.0,9.0,-8.0,9.0,-8.0,9.0,-8.0,9.0,-8.0,10.0,-9.0,9.0,-9.0,9.0,-9.0,10.0,-9.0,10.0,-9.0,9.0,-9.0,9.0,-10.0,9.0,-9.0,9.0,-9.0,10.0,-10.0
4.8755,122.0,-96.0,7.0,0.0,0.0,0.0,0.0,0.0,0.0,0.0,0.0,0.0,12.0,-2.0,8.0,1.0,4.0,5.0,0.0,9.0,-3.0,14.0,-5.0,19.0,-6.0,24.0,-7.0,27.0,-6.0,30.0,-6.0,32.0,-5.0,33.0,-4.0,32.0,-3.0,30.0,-1.0,27.0,-1.0,23.0,-2.0,18.0,-4.0,13.0,-5.0,7.0,-9.0,1.0,-12.0,-4.0,-16.0,-9.0,-20.0,-12.0,-24.0,-15.0,-28.0,-16.0,-31.0,-17.0,-32.0,-16.0
4.8897,122.0,-96.0,7.0,0.0,0.0,0.0,0.0,0.0,0.0,0.0,0.0,0.0,-8.0,-10.0,-10.0,-14.0,-12.0,-18.0,-14.0,-21.0,-15.0,-23.0,-17.0,-24.0,-18.0,-24.0,-19.0,-23.0,-18.0,-21.0,-17.0,-19.0,-14.0,-16.0,-10.0,-14.0,-7.0,-11.0,-2.0,-9.0,3.0,-6.0,9.0,-5.0,14.0,-4.0,19.0,-4.0,24.0,-4.0,26.0,-5.0,29.0,-6.0,30.0,-7.0,30.0,-8.0,28.0,-9.0,26.0,-10.0,24.0,-9.0
4.8937,98.0,33.0,22.0,0.0,0.0,0.0,0.0,0.0,0.0,0.0,0.0,0.0,5.0,17.0,5.0,14.0,5.0,12.0,5.0,9.0,6.0,4.0,5.0,1.0,7.0,-4.0,6.0,-7.0,6.0,-9.0,7.0,-12.0,7.0,-16.0,5.0,-19.0,6.0,-19.0,3.0,-21.0,3.0,-21.0,3.0,-18.0,0.0,-19.0,-1.0,-15.0,-1.0,-13.0,-2.0,-9.0,-2.0,-4.0,-3.0,1.0,-2.0,6.0,-1.0,11.0,-2.0,15.0,0.0,20.0
4.9082,122.0,-96.0,7.0,0.0,0.0,0.0,0.0,0.0,0.0,0.0,0.0,0.0,10.0,5.0,5.0,5.0,0.0,5.0,-5.0,6.0,-10.0,8.0,-14.0,11.0,-17.0,13.0,-20.0,15.0,-22.0,18.0,-22.0,19.0,-22.0,20.0,-21.0,21.0,-19.0,20.0,-17.0,19.0,-14.0,16.0,-12.0,12.0,-10.0,8.0,-8.0,3.0,-7.0,-2.0,-7.0,-8.0,-7.0,-13.0,-7.0,-18.0,-9.0,-22.0,-11.0,-25.0,-12.0,-28.0,-13.0,-28.0
4.9232,122.0,-96.0,7.0,0.0,0.0,0.0,0.0,0.0,0.0,0.0,0.0,0.0,-7.0,-9.0,-8.0,-9.0,-8.0,-8.0,-8.0,-9.0,-8.0,-9.0,-9.0,-9.0,-8.0,-9.0,-9.0,-9.0,-9.0,-9.0,-9.0,-9.0,-9.0,-9.0,-9.0,-9.0,-9.0,-9.0,-10.0,-9.0,-10.0,-9.0,-10.0,-9.0,-10.0,-10.0,-10.0,-8.0,-10.0,-9.0,-10.0,-9.0,-11.0,-9.0,-10.0,-8.0,-11.0,-8.0,-11.0,-9.0,-11.0,-8.0,-11.0,-9.0
4.9376,122.0,-96.0,7.0,0.0,0.0,0.0,0.0,0.0,0.0,0.0,0.0,0.0,6.0,-8.0,6.0,-9.0,6.0,-9.0,7.0,-9.0,7.0,-9.0,7.0,-10.0,7.0,-10.0,6.0,-10.0,7.0,-10.0,7.0,-10.0,7.0,-10.0,7.0,-10.0,7.0,-10.0,7.0,-10.0,7.0,-10.0,7.0,-11.0,7.0,-10.0,7.0,-11.0,7.0,-11.0,7.0,-11.0,7.0,-11.0,7.0,-11.0,7.0,-12.0,7.0,-11.0,7.0,-11.0,7.0,-12.0
4.952,122.0,-96.0,7.0,0.0,0.0,0.0,0.0,0.0,0.0,0.0,0.0,0.0,-26.0,-5.0,-27.0,-3.0,-29.0,-3.0,-28.0,-3.0,-27.0,-2.0,-25.0,-2.0,-22.0,-1.0,-18.0,-2.0,-14.0,-2.0,-9.0,-4.0,-4.0,-6.0,1.0,-9.0,6.0,-12.0,9.0,-15.0,12.0,-18.0,15.0,-20.0,16.0,-23.0,18.0,-25.0,17.0,-26.0,16.0,-27.0,15.0,-26.0,13.0,-24.0,12.0,-22.0,9.0,-17.0,8.0,-12.0,7.0,-7.0
4.9677,122.0,-96.0,7.0,0.0,0.0,0.0,0.0,0.0,0.0,0.0,0.0,0.0,-4.0,-12.0,0.0,-8.0,4.0,-5.0,8.0,-2.0,12.0,0.0,17.0,1.0,21.0,2.0,25.0,2.0,27.0,1.0,29.0,1.0,29.0,-1.0,28.0,-2.0,27.0,-2.0,25.0,-4.0,21.0,-3.0,17.0,-2.0,12.0,0.0,8.0,2.0,3.0,5.0,-1.0,9.0,-4.0,13.0,-8.0,17.0,-9.0,21.0,-10.0,24.0,-11.0,27.0,-10.0,29.0
4.9798,122.0,-96.0,7.0,0.0,0.0,0.0,0.0,0.0,0.0,0.0,0.0,0.0,13.0,0.0,8.0,2.0,3.0,5.0,-1.0,9.0,-5.0,13.0,-9.0,17.0,-11.0,21.0,-13.0,25.0,-14.0,28.0,-14.0,30.0,-13.0,30.0,-12.0,31.0,-10.0,29.0,-8.0,28.0,-7.0,24.0,-6.0,19.0,-6.0,14.0,-7.0,8.0,-8.0,2.0,-9.0,-4.0,-12.0,-10.0,-15.0,-14.0,-18.0,-18.0,-22.0,-21.0,-24.0,-23.0,-27.0,-23.0
4.993,122.0,-96.0,7.0,0.0,0.0,0.0,0.0,0.0,0.0,0.0,0.0,0.0,11.0,6.0,6.0,6.0,0.0,6.0,-5.0,8.0,-10.0,9.0,-16.0,12.0,-19.0,14.0,-23.0,17.0,-25.0,19.0,-25.0,21.0,-25.0,22.0,-24.0,23.0,-22.0,23.0,-20.0,22.0,-18.0,19.0,-14.0,14.0,-12.0,10.0,-10.0,5.0,-9.0,-1.0,-7.0,-7.0,-8.0,-13.0,-8.0,-19.0,-9.0,-24.0,-11.0,-28.0,-13.0,-30.0,-15.0,-32.0
5.0067,122.0,-96.0,7.0,0.0,0.0,0.0,0.0,0.0,0.0,0.0,0.0,0.0,15.0,-1.0,21.0,1.0,26.0,2.0,31.0,2.0,34.0,2.0,38.0,1.0,38.0,0.0,37.0,-1.0,36.0,-3.0,32.0,-2.0,27.0,-2.0,22.0,-1.0,17.0,1.0,10.0,4.0,4.0,8.0,-2.0,11.0,-7.0,17.0,-11.0,21.0,-15.0,27.0,-17.0,31.0,-18.0,35.0,-18.0,37.0,-17.0,37.0,-16.0,38.0,-13.0,37.0,-12.0,33.0
