time,sc_0,sc_1,sc_2,sc_3,sc_4,sc_5,sc_6,sc_7,sc_8,sc_9,sc_10,sc_11,sc_12,sc_13,sc_14,sc_15,sc_16,sc_17,sc_18,sc_19,sc_20,sc_21,sc_22,sc_23,sc_24,sc_25,sc_26,sc_27,sc_28,sc_29,sc_30,sc_31,sc_32,sc_33,sc_34,sc_35,sc_36,sc_37,sc_38,sc_39,sc_40,sc_41,sc_42,sc_43,sc_44,sc_45,sc_46,sc_47,sc_48,sc_49,sc_50,sc_51,sc_52,sc_53,sc_54,sc_55,sc_56,sc_57,sc_58,sc_59,sc_60,sc_61,sc_62,sc_63
0.0205,122.0,-96.0,7.0,0.0,0.0,0.0,0.0,0.0,0.0,0.0,0.0,0.0,2.0,-15.0,2.0,-15.0,2.0,-15.0,2.0,-16.0,1.0,-16.0,1.0,-16.0,1.0,-16.0,1.0,-16.0,1.0,-16.0,1.0,-16.0,2.0,-17.0,2.0,-17.0,2.0,-17.0,1.0,-17.0,1.0,-17.0,1.0,-17.0,0.0,-17.0,1.0,-17.0,1.0,-18.0,0.0,-18.0,0.0,-18.0,0.0,-18.0,0.0,-18.0,0.0,-18.0,0.0,-18.0,0.0,-18.0
0.0261,98.0,33.0,22.0,0.0,0.0,0.0,0.0,0.0,0.0,0.0,0.0,0.0,2.0,5.0,4.0,3.0,6.0,1.0,8.0,-2.0,9.0,-4.0,11.0,-6.0,12.0,-8.0,12.0,-10.0,12.0,-11.0,11.0,-12.0,10.0,-12.0,9.0,-13.0,7.0,-12.0,5.0,-11.0,3.0,-9.0,1.0,-7.0,0.0,-5.0,-1.0,-1.0,-3.0,3.0,-3.0,6.0,-3.0,9.0,-3.0,13.0,-2.0,16.0,-1.0,18.0,0.0,20.0,-1.0,21.0
0.0486,122.0,-96.0,7.0,0.0,0.0,0.0,0.0,0.0,0.0,0.0,0.0,0.0,10.0,-8.0,14.0,-9.0,18.0,-11.0,21.0,-12.0,22.0,-14.0,24.0,-16.0,24.0,-17.0,23.0,-18.0,21.0,-17.0,19.0,-15.0,16.0,-13.0,14.0,-10.0,11.0,-6.0,8.0,-2.0,5.0,3.0,3.0,8.0,2.0,14.0,1.0,18.0,2.0,23.0,2.0,27.0,3.0,29.0,3.0,31.0,5.0,31.0,5.0,30.0,6.0,28.0,6.0,25.0
0.057,122.0,-96.0,7.0,0.0,0.0,0.0,0.0,0.0,0.0,0.0,0.0,0.0,2.0,12.0,-1.0,8.0,-5.0,4.0,-10.0,1.0,-15.0,-2.0,-20.0,-4.0,-24.0,-5.0,-28.0,-5.0,-31.0,-6.0,-32.0,-5.0,-33.0,-3.0,-33.0,-2.0,-32.0,-1.0,-30.0,0.0,-26.0,0.0,-20.0,-1.0,-16.0,-2.0,-10.0,-4.0,-5.0,-7.0,1.0,-10.0,5.0,-15.0,10.0,-19.0,11.0,-22.0,13.0,-27.0,15.0,-30.0,15.0,-32.0
0.0787,122.0,-96.0,7.0,0.0,0.0,0.0,0.0,0.0,0.0,0.0,0.0,0.0,-2.0,28.0,-2.0,26.0,-1.0,22.0,-2.0,17.0,-3.0,13.0,-5.0,7.0,-8.0,2.0,-11.0,-3.0,-15.0,-8.0,-18.0,-11.0,-21.0,-14.0,-24.0,-17.0,-27.0,-18.0,-30.0,-18.0,-31.0,-17.0,-30.0,-16.0,-29.0,-14.0,-27.0,-12.0,-23.0,-10.0,-18.0,-9.0,-12.0,-9.0,-6.0,-8.0,0.0,-8.0,7.0,-9.0,12.0,-10.0,18.0,-13.0
0.0869,122.0,-96.0,7.0,0.0,0.0,0.0,0.0,0.0,0.0,0.0,0.0,0.0,-13.0,-7.0,-13.0,-6.0,-14.0,-7.0,-14.0,-7.0,-14.0,-7.0,-14.0,-7.0,-15.0,-7.0,-15.0,-7.0,-15.0,-7.0,-15.0,-7.0,-15.0,-7.0,-15.0,-7.0,-15.0,-7.0,-16.0,-7.0,-16.0,-7.0,-16.0,-7.0,-16.0,-6.0,-16.0,-7.0,-17.0,-7.0,-16.0,-7.0,-16.0,-7.0,-16.0,-7.0,-17.0,-7.0,-17.0,-7.0,-17.0,-7.0,-17.0,-6.0
0.1,122.0,-96.0,7.0,0.0,0.0,0.0,0.0,0.0,0.0,0.0,0.0,0.0,-28.0,-6.0,-26.0,-5.0,-23.0,-5.0,-19.0,-5.0,-14.0,-5.0,-9.0,-6.0,-3.0,-7.0,2.0,-9.0,7.0,-12.0,12.0,-15.0,15.0,-17.0,18.0,-20.0,20.0,-23.0,21.0,-25.0,21.0,-27.0,20.0,-27.0,18.0,-27.0,16.0,-24.0,14.0,-22.0,11.0,-18.0,10.0,-13.0,8.0,-7.0,7.0,-1.0,6.0,5.0,6.0,11.0,7.0,17.0
0.1156,122.0,-96.0,7.0,0.0,0.0,0.0,0.0,0.0,0.0,0.0,0.0,0.0,-24.0,7.0,-22.0,7.0,-19.0,6.0,-16.0,4.0,-12.0,3.0,-9.0,-1.0,-6.0,-5.0,-2.0,-9.0,0.0,-13.0,2.0,-17.0,4.0,-21.0,5.0,-24.0,5.0,-27.0,4.0,-29.0,4.0,-31.0,3.0,-30.0,2.0,-29.0,1.0,-26.0,1.0,-23.0,1.0,-20.0,2.0,-15.0,3.0,-9.0,5.0,-4.0,7.0,1.0,10.0,5.0,14.0,9.0
0.1284,122.0,-96.0,7.0,0.0,0.0,0.0,0.0,0.0,0.0,0.0,0.0,0.0,-4.0,-11.0,-4.0,-15.0,-4.0,-18.0,-5.0,-21.0,-7.0,-23.0,-7.0,-25.0,-9.0,-25.0,-10.0,-24.0,-10.0,-23.0,-9.0,-21.0,-7.0,-18.0,-5.0,-14.0,-3.0,-11.0,1.0,-8.0,4.0,-4.0,8.0,-2.0,13.0,0.0,16.0,3.0,20.0,3.0,23.0,3.0,26.0,3.0,27.0,3.0,28.0,2.0,26.0,1.0,25.0,0.0,22.0,-1.0
0.1408,122.0,-96.0,7.0,0.0,0.0,0.0,0.0,0.0,0.0,0.0,0.0,0.0,0.0,11.0,-2.0,7.0,-5.0,3.0,-8.0,-1.0,-12.0,-4.0,-16.0,-6.0,-20.0,-8.0,-23.0,-9.0,-26.0,-9.0,-28.0,-9.0,-29.0,-8.0,-29.0,-7.0,-28.0,-5.0,-26.0,-4.0,-23.0,-4.0,-19.0,-4.0,-14.0,-4.0,-9.0,-5.0,-4.0,-6.0,1.0,-8.0,6.0,-11.0,10.0,-14.0,13.0,-18.0,15.0,-21.0,16.0,-23.0,16.0,-25.0
0.1545,122.0,-96.0,7.0,0.0,0.0,0.0,0.0,0.0,0.0,0.0,0.0,0.0,-13.0,1.0,-13.0,1.0,-13.0,1.0,-14.0,1.0,-14.0,1.0,-14.0,1.0,-14.0,1.0,-14.0,2.0,-14.0,2.0,-14.0,1.0,-15.0,2.0,-14.0,2.0,-15.0,2.0,-15.0,2.0,-15.0,2.0,-15.0,2.0,-15.0,3.0,-15.0,3.0,-15.0,3.0,-15.0,3.0,-15.0,3.0,-15.0,3.0,-15.0,4.0,-16.0,4.0,-15.0,3.0,-16.0,4.0
0.1682,122.0,-96.0,7.0,0.0,0.0,0.0,0.0,0.0,0.0,0.0,0.0,0.0,-13.0,21.0,-13.0,23.0,-13.0,24.0,-12.0,24.0,-11.0,23.0,-10.0,22.0,-9.0,19.0,-8.0,15.0,-7.0,11.0,-7.0,6.0,-7.0,1.0,-8.0,-5.0,-9.0,-10.0,-10.0,-14.0,-12.0,-18.0,-13.0,-21.0,-16.0,-24.0,-17.0,-25.0,-18.0,-26.0,-19.0,-25.0,-18.0,-23.0,-18.0,-21.0,-16.0,-19.0,-13.0,-15.0,-9.0,-12.0,-5.0,-9.0
0.1821,122.0,-96.0,7.0,0.0,0.0,0.0,0.0,0.0,0.0,0.0,0.0,0.0,21.0,4.0,24.0,4.0,24.0,3.0,24.0,3.0,23.0,2.0,21.0,2.0,18.0,1.0,15.0,2.0,11.0,2.0,6.0,4.0,1.0,5.0,-3.0,7.0,-7.0,10.0,-10.0,12.0,-13.0,15.0,-15.0,17.0,-17.0,19.0,-17.0,20.0,-17.0,22.0,-16.0,21.0,-15.0,21.0,-13.0,19.0,-11.0,17.0,-9.0,13.0,-8.0,8.0,-7.0,4.0
0.1984,122.0,-96.0,7.0,0.0,0.0,0.0,0.0,0.0,0.0,0.0,0.0,0.0,-6.0,-11.0,-2.0,-8.0,2.0,-6.0,7.0,-4.0,11.0,-3.0,16.0,-2.0,20.0,-2.0,23.0,-2.0,26.0,-3.0,28.0,-4.0,28.0,-6.0,27.0,-6.0,26.0,-7.0,24.0,-8.0,21.0,-7.0,17.0,-5.0,13.0,-3.0,9.0,0.0,5.0,4.0,1.0,8.0,-2.0,12.0,-4.0,16.0,-5.0,21.0,-6.0,24.0,-6.0,27.0,-6.0,29.0
0.2128,122.0,-96.0,7.0,0.0,0.0,0.0,0.0,0.0,0.0,0.0,0.0,0.0,-8.0,6.0,-8.0,6.0,-8.0,6.0,-9.0,6.0,-9.0,6.0,-9.0,7.0,-8.0,7.0,-9.0,7.0,-9.0,7.0,-9.0,8.0,-9.0,7.0,-10.0,8.0,-9.0,8.0,-9.0,8.0,-8.0,8.0,-9.0,8.0,-9.0,8.0,-9.0,8.0,-9.0,9.0,-9.0,9.0,-9.0,9.0,-9.0,9.0,-9.0,9.0,-9.0,9.0,-8.0,9.0,-9.0,9.0
0.2256,122.0,-96.0,7.0,0.0,0.0,0.0,0.0,0.0,0.0,0.0,0.0,0.0,4.0,-11.0,3.0,-11.0,4.0,-12.0,3.0,-12.0,3.0,-12.0,3.0,-13.0,3.0,-12.0,3.0,-12.0,3.0,-12.0,3.0,-13.0,3.0,-13.0,3.0,-13.0,4.0,-13.0,3.0,-13.0,3.0,-14.0,3.0,-14.0,3.0,-14.0,3.0,-13.0,3.0,-13.0,3.0,-14.0,3.0,-14.0,3.0,-14.0,2.0,-14.0,2.0,-14.0,3.0,-14.0,3.0,-14.0
0.241,122.0,-96.0,7.0,0.0,0.0,0.0,0.0,0.0,0.0,0.0,0.0,0.0,-10.0,7.0,-8.0,7.0,-10.0,6.0,-9.0,6.0,-8.0,6.0,-9.0,7.0,-11.0,8.0,-11.0,8.0,-10.0,8.0,-10.0,8.0,-10.0,8.0,-10.0,8.0,-11.0,8.0,-10.0,8.0,-10.0,9.0,-10.0,8.0,-10.0,8.0,-10.0,9.0,-10.0,9.0,-10.0,9.0,-10.0,9.0,-10.0,10.0,-10.0,10.0,-10.0,10.0,-10.0,10.0,-10.0,10.0
0.2545,122.0,-96.0,7.0,0.0,0.0,0.0,0.0,0.0,0.0,0.0,0.0,0.0,-12.0,-4.0,-15.0,-7.0,-19.0,-8.0,-22.0,-10.0,-24.0,-11.0,-27.0,-11.0,-27.0,-10.0,-28.0,-9.0,-27.0,-8.0,-24.0,-7.0,-20.0,-7.0,-17.0,-6.0,-12.0,-6.0,-7.0,-6.0,-2.0,-6.0,4.0,-8.0,9.0,-11.0,13.0,-12.0,17.0,-15.0,19.0,-18.0,21.0,-20.0,22.0,-21.0,21.0,-23.0,21.0,-23.0,18.0,-23.0,16.0,-21.0
0.2696,122.0,-96.0,7.0,0.0,0.0,0.0,0.0,0.0,0.0,0.0,0.0,0.0,9.0,10.0,9.0,10.0,9.0,10.0,10.0,11.0,10.0,11.0,10.0,11.0,10.0,11.0,10.0,11.0,11.0,11.0,11.0,11.0,11.0,11.0,11.0,11.0,11.0,11.0,11.0,11.0,12.0,11.0,12.0,11.0,12.0,11.0,12.0,11.0,12.0,11.0,12.0,11.0,12.0,11.0,13.0,11.0,13.0,11.0,13.0,11.0,13.0,11.0,13.0,10.0
0.2833,122.0,-96.0,7.0,0.0,0.0,0.0,0.0,0.0,0.0,0.0,0.0,0.0,21.0,-7.0,23.0,-8.0,23.0,-8.0,23.0,-9.0,21.0,-9.0,19.0,-8.0,16.0,-7.0,13.0,-5.0,10.0,-3.0,7.0,1.0,3.0,4.0,1.0,8.0,-2.0,12.0,-4.0,16.0,-5.0,20.0,-6.0,22.0,-6.0,25.0,-7.0,26.0,-6.0,27.0,-5.0,26.0,-4.0,25.0,-3.0,22.0,-3.0,18.0,-3.0,14.0,-3.0,9.0,-4.0,5.0
0.2962,122.0,-96.0,7.0,0.0,0.0,0.0,0.0,0.0,0.0,0.0,0.0,0.0,11.0,5.0,11.0,5.0,12.0,5.0,12.0,5.0,12.0,4.0,12.0,5.0,12.0,4.0,13.0,5.0,12.0,5.0,13.0,5.0,13.0,5.0,13.0,5.0,13.0,5.0,13.0,5.0,13.0,4.0,14.0,5.0,13.0,4.0,14.0,5.0,14.0,5.0,14.0,4.0,14.0,4.0,14.0,5.0,14.0,4.0,14.0,4.0,14.0,4.0,14.0,4.0
0.3089,122.0,-96.0,7.0,0.0,0.0,0.0,0.0,0.0,0.0,0.0,0.0,0.0,-9.0,-11.0,-11.0,-15.0,-14.0,-19.0,-15.0,-22.0,-18.0,-24.0,-20.0,-26.0,-21.0,-26.0,-22.0,-25.0,-21.0,-23.0,-20.0,-20.0,-17.0,-18.0,-13.0,-15.0,-9.0,-12.0,-3.0,-10.0,2.0,-7.0,8.0,-6.0,14.0,-5.0,19.0,-4.0,25.0,-5.0,28.0,-6.0,32.0,-7.0,33.0,-8.0,34.0,-9.0,32.0,-10.0,31.0,-11.0,27.0,-10.0
0.3223,122.0,-96.0,7.0,0.0,0.0,0.0,0.0,0.0,0.0,0.0,0.0,0.0,-10.0,6.0,-14.0,8.0,-18.0,10.0,-20.0,11.0,-23.0,13.0,-24.0,15.0,-24.0,16.0,-23.0,17.0,-22.0,16.0,-20.0,15.0,-17.0,12.0,-14.0,9.0,-12.0,6.0,-9.0,1.0,-6.0,-3.0,-4.0,-8.0,-3.0,-14.0,-2.0,-18.0,-2.0,-23.0,-2.0,-26.0,-3.0,-29.0,-3.0,-31.0,-5.0,-32.0,-5.0,-31.0,-6.0,-29.0,-6.0,-26.0
0.3361,122.0,-96.0,7.0,0.0,0.0,0.0,0.0,0.0,0.0,0.0,0.0,0.0,9.0,-5.0,13.0,-6.0,16.0,-7.0,19.0,-8.0,22.0,-9.0,22.0,-11.0,23.0,-12.0,22.0,-12.0,20.0,-12.0,18.0,-11.0,16.0,-9.0,13.0,-6.0,10.0,-4.0,7.0,0.0,4.0,4.0,1.0,8.0,-1.0,12.0,-2.0,16.0,-2.0,20.0,-2.0,24.0,-2.0,26.0,-1.0,27.0,-1.0,28.0,-1.0,26.0,1.0,25.0,1.0,22.0
0.3496,122.0,-96.0,7.0,0.0,0.0,0.0,0.0,0.0,0.0,0.0,0.0,0.0,21.0,4.0,20.0,4.0,17.0,3.0,14.0,3.0,9.0,3.0,5.0,4.0,1.0,5.0,-4.0,7.0,-8.0,9.0,-11.0,11.0,-13.0,13.0,-16.0,15.0,-17.0,18.0,-18.0,20.0,-18.0,21.0,-16.0,20.0,-16.0,20.0,-13.0,18.0,-12.0,16.0,-10.0,12.0,-8.0,8.0,-7.0,3.0,-6.0,-1.0,-6.0,-6.0,-6.0,-11.0,-7.0,-16.0
0.3636,122.0,-96.0,7.0,0.0,0.0,0.0,0.0,0.0,0.0,0.0,0.0,0.0,-4.0,22.0,-3.0,23.0,-3.0,24.0,-2.0,24.0,-2.0,23.0,-2.0,21.0,-2.0,18.0,-2.0,14.0,-3.0,10.0,-4.0,6.0,-6.0,1.0,-8.0,-3.0,-11.0,-7.0,-14.0,-10.0,-16.0,-13.0,-19.0,-15.0,-21.0,-16.0,-22.0,-17.0,-23.0,-16.0,-23.0,-16.0,-22.0,-14.0,-20.0,-12.0,-17.0,-10.0,-13.0,-8.0,-8.0,-7.0,-4.0,-6.0
0.3696,98.0,33.0,22.0,0.0,0.0,0.0,0.0,0.0,0.0,0.0,0.0,0.0,21.0,-14.0,18.0,-13.0,15.0,-12.0,11.0,-11.0,6.0,-9.0,1.0,-8.0,-4.0,-8.0,-9.0,-6.0,-14.0,-4.0,-18.0,-3.0,-21.0,0.0,-24.0,1.0,-25.0,4.0,-25.0,6.0,-26.0,8.0,-25.0,10.0,-23.0,11.0,-19.0,11.0,-15.0,9.0,-10.0,7.0,-5.0,4.0,1.0,0.0,5.0,-5.0,11.0,-9.0,15.0,-14.0,19.0,-19.0
0.383,122.0,-96.0,7.0,0.0,0.0,0.0,0.0,0.0,0.0,0.0,0.0,0.0,7.0,21.0,8.0,22.0,9.0,22.0,9.0,22.0,9.0,21.0,9.0,19.0,8.0,16.0,5.0,14.0,3.0,10.0,0.0,7.0,-4.0,4.0,-8.0,1.0,-13.0,-1.0,-16.0,-3.0,-20.0,-4.0,-23.0,-4.0,-26.0,-4.0,-27.0,-4.0,-28.0,-3.0,-28.0,-2.0,-26.0,-2.0,-24.0,-1.0,-21.0,-1.0,-17.0,-2.0,-12.0,-2.0,-8.0,-4.0
0.3964,122.0,-96.0,7.0,0.0,0.0,0.0,0.0,0.0,0.0,0.0,0.0,0.0,8.0,-12.0,8.0,-13.0,8.0,-13.0,8.0,-13.0,7.0,-13.0,8.0,-14.0,7.0,-14.0,7.0,-14.0,8.0,-14.0,8.0,-14.0,8.0,-14.0,8.0,-15.0,8.0,-15.0,8.0,-15.0,8.0,-15.0,7.0,-15.0,7.0,-15.0,7.0,-16.0,8.0,-16.0,7.0,-16.0,7.0,-16.0,7.0,-16.0,7.0,-16.0,7.0,-16.0,7.0,-17.0,7.0,-17.0
0.4124,122.0,-96.0,7.0,0.0,0.0,0.0,0.0,0.0,0.0,0.0,0.0,0.0,8.0,6.0,10.0,9.0,13.0,12.0,15.0,14.0,17.0,15.0,19.0,16.0,20.0,15.0,20.0,15.0,20.0,13.0,17.0,12.0,15.0,11.0,11.0,9.0,8.0,7.0,3.0,6.0,-1.0,5.0,-6.0,5.0,-11.0,5.0,-15.0,6.0,-19.0,7.0,-22.0,9.0,-24.0,10.0,-25.0,11.0,-26.0,12.0,-25.0,12.0,-23.0,13.0,-20.0,12.0
0.4277,122.0,-96.0,7.0,0.0,0.0,0.0,0.0,0.0,0.0,0.0,0.0,0.0,6.0,26.0,6.0,25.0,6.0,21.0,4.0,17.0,2.0,13.0,-2.0,9.0,-6.0,4.0,-10.0,0.0,-15.0,-3.0,-19.0,-6.0,-23.0,-8.0,-27.0,-9.0,-30.0,-9.0,-32.0,-9.0,-34.0,-9.0,-33.0,-7.0,-32.0,-6.0,-28.0,-5.0,-25.0,-4.0,-20.0,-4.0,-14.0,-5.0,-8.0,-6.0,-2.0,-8.0,3.0,-10.0,9.0,-12.0,14.0,-16.0
0.4429,122.0,-96.0,7.0,0.0,0.0,0.0,0.0,0.0,0.0,0.0,0.0,0.0,1.0,11.0,1.0,11.0,1.0,11.0,1.0,11.0,1.0,12.0,2.0,11.0,2.0,11.0,2.0,12.0,2.0,12.0,2.0,12.0,2.0,12.0,2.0,12.0,2.0,12.0,2.0,12.0,2.0,12.0,3.0,12.0,3.0,12.0,3.0,13.0,3.0,12.0,3.0,13.0,3.0,13.0,3.0,13.0,3.0,13.0,3.0,13.0,4.0,13.0,4.0,13.0
0.4595,122.0,-96.0,7.0,0.0,0.0,0.0,0.0,0.0,0.0,0.0,0.0,0.0,-11.0,-7.0,-12.0,-6.0,-12.0,-7.0,-12.0,-7.0,-12.0,-7.0,-13.0,-7.0,-13.0,-7.0,-13.0,-7.0,-13.0,-7.0,-13.0,-7.0,-13.0,-7.0,-13.0,-7.0,-13.0,-8.0,-13.0,-7.0,-14.0,-7.0,-14.0,-7.0,-13.0,-7.0,-14.0,-7.0,-14.0,-7.0,-14.0,-7.0,-14.0,-7.0,-14.0,-7.0,-15.0,-7.0,-15.0,-7.0,-14.0,-7.0,-15.0,-7.0
0.4724,122.0,-96.0,7.0,0.0,0.0,0.0,0.0,0.0,0.0,0.0,0.0,0.0,1.0,-14.0,1.0,-15.0,1.0,-15.0,1.0,-15.0,1.0,-16.0,1.0,-16.0,1.0,-16.0,1.0,-17.0,1.0,-16.0,1.0,-16.0,1.0,-16.0,1.0,-17.0,1.0,-17.0,0.0,-17.0,0.0,-17.0,1.0,-17.0,0.0,-17.0,0.0,-17.0,0.0,-18.0,0.0,-18.0,0.0,-18.0,0.0,-18.0,0.0,-18.0,-1.0,-18.0,-1.0,-18.0,-1.0,-19.0
0.488,122.0,-96.0,7.0,0.0,0.0,0.0,0.0,0.0,0.0,0.0,0.0,0.0,8.0,-7.0,11.0,-9.0,15.0,-11.0,17.0,-12.0,19.0,-14.0,20.0,-15.0,20.0,-17.0,19.0,-17.0,18.0,-17.0,16.0,-15.0,14.0,-13.0,12.0,-10.0,9.0,-7.0,7.0,-3.0,4.0,1.0,4.0,6.0,3.0,11.0,2.0,16.0,3.0,19.0,3.0,23.0,4.0,25.0,5.0,26.0,6.0,27.0,6.0,26.0,7.0,24.0,7.0,22.0
0.5043,122.0,-96.0,7.0,0.0,0.0,0.0,0.0,0.0,0.0,0.0,0.0,0.0,-11.0,-10.0,-11.0,-10.0,-11.0,-10.0,-12.0,-11.0,-11.0,-10.0,-13.0,-11.0,-13.0,-11.0,-13.0,-10.0,-13.0,-11.0,-13.0,-10.0,-13.0,-11.0,-13.0,-11.0,-13.0,-11.0,-14.0,-10.0,-14.0,-10.0,-14.0,-10.0,-14.0,-11.0,-14.0,-10.0,-15.0,-10.0,-14.0,-10.0,-14.0,-10.0,-14.0,-10.0,-15.0,-10.0,-15.0,-10.0,-15.0,-11.0,-16.0,-10.0
0.5175,122.0,-96.0,7.0,0.0,0.0,0.0,0.0,0.0,0.0,0.0,0.0,0.0,-4.0,10.0,-5.0,6.0,-6.0,1.0,-8.0,-4.0,-9.0,-8.0,-12.0,-12.0,-15.0,-15.0,-17.0,-18.0,-20.0,-19.0,-21.0,-20.0,-22.0,-19.0,-23.0,-19.0,-22.0,-17.0,-22.0,-15.0,-19.0,-13.0,-15.0,-11.0,-11.0,-10.0,-6.0,-8.0,-1.0,-7.0,4.0,-6.0,10.0,-7.0,14.0,-8.0,19.0,-9.0,22.0,-11.0,25.0,-13.0,26.0,-14.0
0.532,122.0,-96.0,7.0,0.0,0.0,0.0,0.0,0.0,0.0,0.0,0.0,0.0,22.0,-1.0,24.0,-2.0,24.0,-3.0,24.0,-3.0,23.0,-3.0,21.0,-3.0,18.0,-3.0,15.0,-2.0,11.0,-1.0,8.0,2.0,3.0,4.0,0.0,7.0,-4.0,10.0,-7.0,13.0,-9.0,16.0,-11.0,19.0,-12.0,21.0,-12.0,23.0,-12.0,25.0,-11.0,24.0,-10.0,24.0,-9.0,22.0,-8.0,19.0,-6.0,16.0,-6.0,11.0,-6.0,7.0
0.5485,122.0,-96.0,7.0,0.0,0.0,0.0,0.0,0.0,0.0,0.0,0.0,0.0,24.0,2.0,26.0,1.0,27.0,0.0,27.0,-1.0,25.0,-1.0,24.0,-1.0,21.0,-1.0,17.0,0.0,13.0,0.0,8.0,3.0,3.0,4.0,-1.0,8.0,-5.0,11.0,-9.0,14.0,-12.0,17.0,-14.0,20.0,-15.0,22.0,-16.0,24.0,-16.0,26.0,-15.0,26.0,-14.0,25.0,-12.0,24.0,-10.0,21.0,-9.0,17.0,-7.0,12.0,-7.0,7.0
0.5623,122.0,-96.0,7.0,0.0,0.0,0.0,0.0,0.0,0.0,0.0,0.0,0.0,11.0,-6.0,8.0,-2.0,5.0,3.0,3.0,8.0,1.0,13.0,1.0,19.0,0.0,23.0,0.0,27.0,1.0,30.0,3.0,31.0,4.0,32.0,5.0,31.0,6.0,29.0,7.0,27.0,6.0,23.0,4.0,18.0,1.0,14.0,-2.0,9.0,-6.0,5.0,-10.0,0.0,-16.0,-3.0,-20.0,-6.0,-25.0,-6.0,-29.0,-7.0,-32.0,-7.0,-34.0,-7.0
0.5765,122.0,-96.0,7.0,0.0,0.0,0.0,0.0,0.0,0.0,0.0,0.0,0.0,10.0,-5.0,10.0,-5.0,10.0,-5.0,10.0,-6.0,11.0,-5.0,11.0,-6.0,11.0,-6.0,11.0,-6.0,11.0,-6.0,11.0,-6.0,11.0,-6.0,11.0,-6.0,11.0,-6.0,11.0,-6.0,11.0,-6.0,11.0,-7.0,11.0,-7.0,11.0,-7.0,11.0,-7.0,12.0,-6.0,12.0,-7.0,12.0,-7.0,11.0,-8.0,12.0,-7.0,11.0,-7.0,12.0,-8.0
0.591,122.0,-96.0,7.0,0.0,0.0,0.0,0.0,0.0,0.0,0.0,0.0,0.0,-17.0,18.0,-18.0,19.0,-18.0,21.0,-17.0,20.0,-16.0,20.0,-15.0,18.0,-13.0,16.0,-11.0,13.0,-9.0,9.0,-8.0,4.0,-6.0,-2.0,-6.0,-7.0,-6.0,-13.0,-6.0,-17.0,-7.0,-21.0,-8.0,-25.0,-9.0,-27.0,-10.0,-29.0,-11.0,-29.0,-12.0,-28.0,-11.0,-27.0,-11.0,-24.0,-10.0,-21.0,-8.0,-17.0,-4.0,-12.0,-1.0,-9.0
0.5954,98.0,33.0,22.0,0.0,0.0,0.0,0.0,0.0,0.0,0.0,0.0,0.0,-4.0,-24.0,-4.0,-25.0,-5.0,-24.0,-5.0,-23.0,-6.0,-20.0,-6.0,-17.0,-6.0,-13.0,-7.0,-10.0,-7.0,-5.0,-6.0,0.0,-5.0,5.0,-4.0,10.0,-3.0,14.0,0.0,17.0,2.0,20.0,4.0,21.0,7.0,23.0,8.0,23.0,10.0,23.0,11.0,21.0,11.0,19.0,10.0,16.0,8.0,13.0,5.0,7.0,2.0,3.0,-3.0,-1.0
0.6103,122.0,-96.0,7.0,0.0,0.0,0.0,0.0,0.0,0.0,0.0,0.0,0.0,2.0,12.0,1.0,17.0,2.0,22.0,2.0,25.0,3.0,29.0,4.0,30.0,5.0,31.0,7.0,31.0,7.0,29.0,7.0,26.0,5.0,22.0,3.0,18.0,1.0,14.0,-2.0,9.0,-6.0,4.0,-10.0,0.0,-15.0,-4.0,-20.0,-7.0,-25.0,-8.0,-29.0,-9.0,-32.0,-10.0,-34.0,-9.0,-35.0,-9.0,-34.0,-8.0,-33.0,-6.0,-30.0,-4.0
0.6238,122.0,-96.0,7.0,0.0,0.0,0.0,0.0,0.0,0.0,0.0,0.0,0.0,-3.0,11.0,-5.0,14.0,-6.0,19.0,-7.0,21.0,-7.0,25.0,-7.0,27.0,-6.0,27.0,-5.0,28.0,-4.0,26.0,-4.0,24.0,-4.0,20.0,-4.0,16.0,-4.0,12.0,-5.0,7.0,-6.0,2.0,-9.0,-3.0,-12.0,-8.0,-14.0,-11.0,-18.0,-15.0,-21.0,-17.0,-23.0,-18.0,-25.0,-18.0,-25.0,-19.0,-26.0,-18.0,-25.0,-16.0,-23.0,-14.0
0.6394,122.0,-96.0,7.0,0.0,0.0,0.0,0.0,0.0,0.0,0.0,0.0,0.0,-2.0,-15.0,1.0,-10.0,5.0,-5.0,10.0,-1.0,15.0,3.0,21.0,6.0,25.0,8.0,30.0,10.0,34.0,10.0,36.0,9.0,37.0,8.0,37.0,7.0,35.0,6.0,33.0,4.0,28.0,3.0,22.0,3.0,16.0,3.0,9.0,5.0,3.0,8.0,-4.0,11.0,-10.0,15.0,-15.0,19.0,-18.0,24.0,-21.0,28.0,-22.0,31.0,-23.0,34.0
0.6518,122.0,-96.0,7.0,0.0,0.0,0.0,0.0,0.0,0.0,0.0,0.0,0.0,-11.0,2.0,-14.0,3.0,-18.0,3.0,-21.0,3.0,-23.0,4.0,-24.0,6.0,-25.0,6.0,-25.0,8.0,-23.0,7.0,-21.0,7.0,-18.0,6.0,-15.0,4.0,-12.0,2.0,-8.0,-1.0,-5.0,-4.0,-2.0,-8.0,1.0,-13.0,3.0,-16.0,4.0,-20.0,5.0,-23.0,5.0,-26.0,5.0,-27.0,4.0,-28.0,3.0,-28.0,2.0,-26.0,1.0,-24.0
0.6654,122.0,-96.0,7.0,0.0,0.0,0.0,0.0,0.0,0.0,0.0,0.0,0.0,10.0,-6.0,14.0,-7.0,17.0,-8.0,21.0,-10.0,23.0,-11.0,24.0,-13.0,24.0,-15.0,24.0,-15.0,22.0,-15.0,20.0,-14.0,18.0,-12.0,15.0,-9.0,12.0,-7.0,9.0,-3.0,5.0,1.0,3.0,6.0,2.0,12.0,0.0,16.0,0.0,21.0,0.0,25.0,1.0,28.0,1.0,30.0,3.0,30.0,3.0,30.0,4.0,28.0,4.0,26.0
0.6818,122.0,-96.0,7.0,0.0,0.0,0.0,0.0,0.0,0.0,0.0,0.0,0.0,-10.0,-8.0,-9.0,-7.0,-10.0,-8.0,-10.0,-8.0,-10.0,-8.0,-10.0,-8.0,-10.0,-8.0,-11.0,-8.0,-10.0,-8.0,-11.0,-8.0,-11.0,-8.0,-11.0,-8.0,-11.0,-8.0,-12.0,-8.0,-12.0,-8.0,-11.0,-8.0,-11.0,-8.0,-12.0,-8.0,-12.0,-8.0,-12.0,-8.0,-12.0,-8.0,-12.0,-8.0,-13.0,-7.0,-13.0,-7.0,-13.0,-7.0,-13.0,-7.0
0.6948,122.0,-96.0,7.0,0.0,0.0,0.0,0.0,0.0,0.0,0.0,0.0,0.0,12.0,3.0,16.0,5.0,20.0,7.0,24.0,9.0,26.0,9.0,29.0,9.0,30.0,8.0,31.0,7.0,30.0,6.0,27.0,5.0,23.0,5.0,19.0,5.0,14.0,4.0,9.0,5.0,3.0,6.0,-3.0,8.0,-8.0,11.0,-13.0,14.0,-17.0,17.0,-20.0,20.0,-22.0,23.0,-23.0,25.0,-23.0,26.0,-21.0,27.0,-20.0,27.0,-17.0,25.0
0.7092,122.0,-96.0,7.0,0.0,0.0,0.0,0.0,0.0,0.0,0.0,0.0,0.0,18.0,-18.0,16.0,-16.0,14.0,-14.0,11.0,-11.0,9.0,-8.0,7.0,-3.0,5.0,2.0,4.0,7.0,4.0,12.0,4.0,16.0,4.0,20.0,4.0,23.0,6.0,26.0,7.0,27.0,8.0,28.0,9.0,27.0,10.0,25.0,8.0,23.0,8.0,20.0,6.0,16.0,3.0,12.0,-1.0,8.0,-5.0,4.0,-9.0,1.0,-13.0,-3.0,-19.0,-4.0
0.7223,122.0,-96.0,7.0,0.0,0.0,0.0,0.0,0.0,0.0,0.0,0.0,0.0,6.0,12.0,1.0,9.0,-4.0,6.0,-10.0,3.0,-16.0,1.0,-22.0,1.0,-27.0,1.0,-32.0,1.0,-35.0,2.0,-37.0,4.0,-37.0,5.0,-36.0,7.0,-34.0,7.0,-32.0,8.0,-27.0,7.0,-22.0,5.0,-17.0,2.0,-11.0,-2.0,-6.0,-7.0,-2.0,-12.0,2.0,-17.0,5.0,-23.0,7.0,-29.0,7.0,-33.0,7.0,-36.0,6.0,-38.0
0.7374,122.0,-96.0,7.0,0.0,0.0,0.0,0.0,0.0,0.0,0.0,0.0,0.0,7.0,8.0,9.0,12.0,12.0,15.0,14.0,18.0,16.0,20.0,18.0,21.0,19.0,20.0,20.0,20.0,19.0,18.0,17.0,16.0,14.0,14.0,11.0,12.0,7.0,10.0,3.0,7.0,-2.0,5.0,-7.0,5.0,-13.0,4.0,-18.0,4.0,-22.0,5.0,-26.0,6.0,-28.0,8.0,-29.0,8.0,-30.0,9.0,-29.0,10.0,-27.0,11.0,-24.0,10.0
0.7508,122.0,-96.0,7.0,0.0,0.0,0.0,0.0,0.0,0.0,0.0,0.0,0.0,-8.0,21.0,-7.0,19.0,-6.0,17.0,-5.0,13.0,-5.0,10.0,-5.0,5.0,-6.0,1.0,-7.0,-3.0,-9.0,-8.0,-11.0,-12.0,-12.0,-15.0,-14.0,-17.0,-16.0,-19.0,-18.0,-20.0,-19.0,-20.0,-19.0,-19.0,-19.0,-18.0,-18.0,-16.0,-16.0,-14.0,-13.0,-12.0,-9.0,-10.0,-5.0,-8.0,0.0,-7.0,4.0,-5.0,9.0,-4.0,14.0,-5.0
0.7643,122.0,-96.0,7.0,0.0,0.0,0.0,0.0,0.0,0.0,0.0,0.0,0.0,11.0,-1.0,11.0,-1.0,11.0,-1.0,11.0,-2.0,11.0,-2.0,12.0,-2.0,12.0,-2.0,12.0,-2.0,12.0,-2.0,12.0,-2.0,12.0,-2.0,13.0,-2.0,12.0,-2.0,13.0,-2.0,13.0,-2.0,12.0,-3.0,13.0,-3.0,13.0,-3.0,13.0,-3.0,13.0,-3.0,13.0,-3.0,13.0,-3.0,13.0,-3.0,13.0,-3.0,13.0,-3.0,13.0,-4.0
0.7781,122.0,-96.0,7.0,0.0,0.0,0.0,0.0,0.0,0.0,0.0,0.0,0.0,10.0,-8.0,8.0,-3.0,5.0,2.0,4.0,7.0,3.0,12.0,3.0,18.0,3.0,22.0,3.0,26.0,4.0,29.0,6.0,31.0,7.0,31.0,8.0,31.0,8.0,29.0,9.0,27.0,8.0,23.0,6.0,19.0,3.0,15.0,-1.0,10.0,-5.0,6.0,-9.0,2.0,-14.0,-1.0,-19.0,-4.0,-24.0,-6.0,-28.0,-6.0,-32.0,-7.0,-34.0,-6.0
0.7924,122.0,-96.0,7.0,0.0,0.0,0.0,0.0,0.0,0.0,0.0,0.0,0.0,-6.0,8.0,-8.0,11.0,-10.0,14.0,-12.0,16.0,-14.0,19.0,-14.0,21.0,-13.0,22.0,-13.0,22.0,-12.0,21.0,-11.0,19.0,-10.0,17.0,-9.0,13.0,-7.0,10.0,-7.0,5.0,-6.0,1.0,-6.0,-4.0,-8.0,-9.0,-8.0,-13.0,-10.0,-17.0,-12.0,-20.0,-14.0,-22.0,-15.0,-23.0,-16.0,-24.0,-16.0,-23.0,-17.0,-21.0,-16.0,-19.0
0.8065,122.0,-96.0,7.0,0.0,0.0,0.0,0.0,0.0,0.0,0.0,0.0,0.0,-12.0,4.0,-12.0,3.0,-13.0,4.0,-13.0,4.0,-13.0,4.0,-14.0,4.0,-13.0,5.0,-13.0,5.0,-13.0,5.0,-14.0,5.0,-14.0,5.0,-14.0,5.0,-14.0,5.0,-14.0,5.0,-13.0,5.0,-14.0,6.0,-14.0,5.0,-14.0,6.0,-14.0,6.0,-14.0,6.0,-14.0,6.0,-14.0,7.0,-14.0,7.0,-15.0,7.0,-14.0,6.0,-14.0,7.0
0.8205,122.0,-96.0,7.0,0.0,0.0,0.0,0.0,0.0,0.0,0.0,0.0,0.0,1.0,-12.0,2.0,-8.0,5.0,-4.0,7.0,0.0,10.0,4.0,14.0,7.0,17.0,10.0,20.0,12.0,23.0,12.0,25.0,13.0,26.0,12.0,26.0,11.0,25.0,10.0,24.0,8.0,20.0,7.0,17.0,6.0,12.0,5.0,7.0,6.0,2.0,6.0,-4.0,7.0,-8.0,8.0,-13.0,11.0,-17.0,13.0,-20.0,16.0,-22.0,17.0,-23.0,19.0
0.8341,122.0,-96.0,7.0,0.0,0.0,0.0,0.0,0.0,0.0,0.0,0.0,0.0,-3.0,11.0,-5.0,14.0,-6.0,18.0,-7.0,21.0,-8.0,24.0,-7.0,27.0,-7.0,28.0,-6.0,28.0,-4.0,26.0,-4.0,24.0,-4.0,21.0,-4.0,17.0,-4.0,13.0,-5.0,8.0,-6.0,3.0,-8.0,-2.0,-11.0,-7.0,-13.0,-11.0,-17.0,-14.0,-20.0,-17.0,-22.0,-19.0,-24.0,-19.0,-24.0,-19.0,-25.0,-19.0,-25.0,-17.0,-23.0,-15.0
0.8507,122.0,-96.0,7.0,0.0,0.0,0.0,0.0,0.0,0.0,0.0,0.0,0.0,-14.0,-12.0,-14.0,-12.0,-15.0,-12.0,-15.0,-12.0,-15.0,-12.0,-15.0,-12.0,-15.0,-12.0,-15.0,-12.0,-16.0,-12.0,-16.0,-13.0,-16.0,-13.0,-16.0,-13.0,-16.0,-13.0,-16.0,-13.0,-16.0,-13.0,-16.0,-13.0,-16.0,-13.0,-17.0,-13.0,-16.0,-13.0,-17.0,-13.0,-17.0,-13.0,-17.0,-13.0,-17.0,-13.0,-17.0,-13.0,-16.0,-13.0,-17.0,-13.0
0.8647,122.0,-96.0,7.0,0.0,0.0,0.0,0.0,0.0,0.0,0.0,0.0,0.0,-6.0,15.0,-6.0,16.0,-5.0,16.0,-5.0,16.0,-5.0,16.0,-5.0,17.0,-6.0,17.0,-5.0,17.0,-6.0,17.0,-6.0,17.0,-5.0,17.0,-5.0,17.0,-6.0,17.0,-5.0,18.0,-5.0,18.0,-5.0,17.0,-5.0,18.0,-5.0,18.0,-5.0,18.0,-5.0,18.0,-5.0,18.0,-5.0,18.0,-5.0,19.0,-5.0,18.0,-5.0,18.0,-4.0,19.0
0.8795,122.0,-96.0,7.0,0.0,0.0,0.0,0.0,0.0,0.0,0.0,0.0,0.0,13.0,-5.0,13.0,-5.0,13.0,-6.0,14.0,-6.0,13.0,-5.0,14.0,-6.0,13.0,-6.0,14.0,-7.0,14.0,-6.0,14.0,-7.0,15.0,-6.0,14.0,-6.0,15.0,-6.0,14.0,-7.0,15.0,-7.0,15.0,-7.0,15.0,-8.0,15.0,-7.0,15.0,-8.0,14.0,-8.0,15.0,-8.0,15.0,-8.0,15.0,-9.0,15.0,-8.0,15.0,-8.0,15.0,-9.0
0.8924,122.0,-96.0,7.0,0.0,0.0,0.0,0.0,0.0,0.0,0.0,0.0,0.0,9.0,-21.0,8.0,-19.0,7.0,-17.0,6.0,-13.0,5.0,-10.0,5.0,-5.0,5.0,-1.0,6.0,4.0,7.0,8.0,8.0,12.0,10.0,15.0,11.0,18.0,13.0,20.0,15.0,21.0,16.0,21.0,16.0,20.0,16.0,18.0,15.0,17.0,13.0,14.0,10.0,12.0,6.0,9.0,2.0,7.0,-3.0,5.0,-7.0,3.0,-12.0,2.0,-17.0,2.0
0.9081,122.0,-96.0,7.0,0.0,0.0,0.0,0.0,0.0,0.0,0.0,0.0,0.0,-12.0,7.0,-9.0,2.0,-6.0,-3.0,-5.0,-8.0,-3.0,-13.0,-3.0,-19.0,-3.0,-23.0,-4.0,-27.0,-5.0,-30.0,-6.0,-32.0,-7.0,-33.0,-8.0,-32.0,-9.0,-30.0,-10.0,-28.0,-8.0,-24.0,-6.0,-20.0,-4.0,-16.0,0.0,-11.0,4.0,-7.0,8.0,-3.0,13.0,0.0,18.0,3.0,23.0,5.0,27.0,5.0,30.0,5.0,33.0,5.0
0.9116,98.0,33.0,22.0,0.0,0.0,0.0,0.0,0.0,0.0,0.0,0.0,0.0,-11.0,-17.0,-9.0,-17.0,-10.0,-17.0,-9.0,-17.0,-10.0,-15.0,-9.0,-11.0,-8.0,-7.0,-7.0,-4.0,-7.0,-2.0,-4.0,2.0,-2.0,4.0,0.0,7.0,3.0,10.0,4.0,12.0,7.0,13.0,10.0,14.0,11.0,14.0,14.0,14.0,14.0,13.0,15.0,11.0,15.0,11.0,13.0,8.0,10.0,6.0,6.0,4.0,1.0,2.0,-3.0,-1.0
0.9261,122.0,-96.0,7.0,0.0,0.0,0.0,0.0,0.0,0.0,0.0,0.0,0.0,1.0,-12.0,2.0,-16.0,3.0,-20.0,4.0,-23.0,4.0,-26.0,3.0,-28.0,3.0,-29.0,1.0,-29.0,1.0,-28.0,0.0,-25.0,1.0,-22.0,1.0,-18.0,1.0,-14.0,3.0,-9.0,4.0,-4.0,7.0,0.0,11.0,5.0,13.0,8.0,17.0,12.0,20.0,13.0,23.0,15.0,25.0,16.0,26.0,15.0,26.0,14.0,26.0,12.0,24.0,11.0
0.9408,122.0,-96.0,7.0,0.0,0.0,0.0,0.0,0.0,0.0,0.0,0.0,0.0,12.0,-5.0,8.0,-1.0,5.0,3.0,2.0,7.0,-1.0,13.0,-2.0,18.0,-4.0,22.0,-4.0,26.0,-3.0,29.0,-3.0,31.0,-2.0,32.0,0.0,32.0,0.0,30.0,2.0,28.0,1.0,24.0,1.0,20.0,-1.0,15.0,-3.0,10.0,-6.0,5.0,-9.0,-1.0,-14.0,-5.0,-18.0,-8.0,-22.0,-11.0,-26.0,-13.0,-29.0,-14.0,-31.0,-14.0
0.956,122.0,-96.0,7.0,0.0,0.0,0.0,0.0,0.0,0.0,0.0,0.0,0.0,-10.0,-3.0,-11.0,-5.0,-13.0,-4.0,-12.0,-4.0,-12.0,-4.0,-12.0,-4.0,-14.0,-4.0,-13.0,-3.0,-13.0,-3.0,-13.0,-4.0,-13.0,-3.0,-13.0,-3.0,-13.0,-3.0,-14.0,-3.0,-14.0,-3.0,-13.0,-3.0,-14.0,-3.0,-14.0,-3.0,-14.0,-3.0,-14.0,-3.0,-14.0,-2.0,-14.0,-3.0,-14.0,-2.0,-15.0,-2.0,-15.0,-2.0,-15.0,-2.0
0.9697,122.0,-96.0,7.0,0.0,0.0,0.0,0.0,0.0,0.0,0.0,0.0,0.0,-15.0,17.0,-13.0,15.0,-11.0,14.0,-10.0,11.0,-8.0,7.0,-7.0,3.0,-7.0,-1.0,-6.0,-6.0,-6.0,-10.0,-6.0,-14.0,-6.0,-18.0,-7.0,-21.0,-9.0,-23.0,-10.0,-24.0,-11.0,-25.0,-12.0,-24.0,-12.0,-23.0,-12.0,-21.0,-11.0,-18.0,-9.0,-15.0,-6.0,-13.0,-2.0,-9.0,2.0,-6.0,6.0,-4.0,10.0,-1.0,15.0,0.0
0.9838,122.0,-96.0,7.0,0.0,0.0,0.0,0.0,0.0,0.0,0.0,0.0,0.0,-6.0,11.0,-6.0,6.0,-7.0,1.0,-8.0,-5.0,-10.0,-10.0,-13.0,-15.0,-16.0,-18.0,-18.0,-21.0,-22.0,-22.0,-23.0,-24.0,-24.0,-23.0,-24.0,-22.0,-24.0,-20.0,-23.0,-18.0,-20.0,-15.0,-16.0,-12.0,-11.0,-11.0,-6.0,-9.0,1.0,-8.0,6.0,-7.0,13.0,-8.0,18.0,-9.0,23.0,-10.0,26.0,-12.0,29.0,-14.0,30.0,-15.0
0.9997,122.0,-96.0,7.0,0.0,0.0,0.0,0.0,0.0,0.0,0.0,0.0,0.0,-2.0,-25.0,-2.0,-23.0,-2.0,-20.0,-1.0,-16.0,0.0,-12.0,2.0,-7.0,5.0,-3.0,9.0,1.0,12.0,4.0,15.0,7.0,18.0,9.0,21.0,11.0,24.0,12.0,26.0,11.0,27.0,11.0,27.0,9.0,25.0,8.0,22.0,7.0,19.0,6.0,15.0,5.0,10.0,5.0,4.0,5.0,-2.0,7.0,-7.0,8.0,-12.0,9.0,-16.0,12.0
1.0159,122.0,-96.0,7.0,0.0,0.0,0.0,0.0,0.0,0.0,0.0,0.0,0.0,-10.0,-11.0,-10.0,-11.0,-10.0,-12.0,-10.0,-12.0,-10.0,-12.0,-11.0,-13.0,-10.0,-13.0,-11.0,-13.0,-10.0,-12.0,-10.0,-12.0,-11.0,-13.0,-11.0,-13.0,-11.0,-13.0,-12.0,-13.0,-12.0,-13.0,-11.0,-14.0,-11.0,-13.0,-13.0,-12.0,-12.0,-12.0,-13.0,-13.0,-13.0,-13.0,-12.0,-13.0,-13.0,-13.0,-13.0,-13.0,-13.0,-13.0,-13.0,-13.0
1.0294,122.0,-96.0,7.0,0.0,0.0,0.0,0.0,0.0,0.0,0.0,0.0,0.0,11.0,-1.0,15.0,0.0,19.0,1.0,23.0,1.0,25.0,1.0,28.0,0.0,28.0,-1.0,28.0,-2.0,27.0,-3.0,24.0,-2.0,20.0,-1.0,16.0,-1.0,12.0,0.0,8.0,3.0,3.0,5.0,-1.0,8.0,-5.0,12.0,-9.0,15.0,-11.0,19.0,-13.0,22.0,-14.0,25.0,-14.0,27.0,-13.0,28.0,-13.0,27.0,-10.0,27.0,-9.0,24.0
1.0421,122.0,-96.0,7.0,0.0,0.0,0.0,0.0,0.0,0.0,0.0,0.0,0.0,11.0,5.0,5.0,5.0,0.0,6.0,-5.0,7.0,-11.0,9.0,-15.0,12.0,-18.0,15.0,-22.0,17.0,-23.0,21.0,-24.0,22.0,-23.0,23.0,-22.0,23.0,-20.0,23.0,-17.0,21.0,-14.0,18.0,-12.0,14.0,-10.0,9.0,-9.0,3.0,-8.0,-3.0,-8.0,-9.0,-8.0,-15.0,-9.0,-20.0,-11.0,-25.0,-14.0,-28.0,-16.0,-30.0,-17.0,-31.0
1.0562,122.0,-96.0,7.0,0.0,0.0,0.0,0.0,0.0,0.0,0.0,0.0,0.0,-12.0,26.0,-11.0,23.0,-9.0,20.0,-8.0,16.0,-8.0,12.0,-7.0,6.0,-8.0,0.0,-8.0,-5.0,-10.0,-11.0,-12.0,-15.0,-13.0,-20.0,-15.0,-23.0,-18.0,-25.0,-20.0,-27.0,-21.0,-27.0,-21.0,-26.0,-21.0,-25.0,-20.0,-22.0,-18.0,-19.0,-15.0,-16.0,-10.0,-13.0,-5.0,-10.0,1.0,-8.0,7.0,-6.0,12.0,-4.0,18.0,-4.0
1.0694,122.0,-96.0,7.0,0.0,0.0,0.0,0.0,0.0,0.0,0.0,0.0,0.0,-24.0,-16.0,-22.0,-14.0,-20.0,-12.0,-16.0,-10.0,-11.0,-9.0,-6.0,-8.0,0.0,-8.0,6.0,-7.0,11.0,-8.0,16.0,-10.0,20.0,-11.0,24.0,-13.0,27.0,-15.0,28.0,-17.0,28.0,-18.0,27.0,-19.0,25.0,-19.0,23.0,-17.0,19.0,-16.0,16.0,-12.0,12.0,-8.0,9.0,-3.0,6.0,3.0,3.0,9.0,2.0,14.0,1.0,20.0
1.0835,122.0,-96.0,7.0,0.0,0.0,0.0,0.0,0.0,0.0,0.0,0.0,0.0,-6.0,9.0,-6.0,9.0,-6.0,10.0,-6.0,10.0,-6.0,10.0,-6.0,11.0,-6.0,11.0,-6.0,11.0,-6.0,11.0,-6.0,11.0,-6.0,11.0,-6.0,11.0,-6.0,11.0,-6.0,12.0,-6.0,12.0,-6.0,11.0,-6.0,12.0,-6.0,12.0,-6.0,13.0,-6.0,12.0,-6.0,12.0,-6.0,12.0,-6.0,12.0,-5.0,12.0,-5.0,12.0,-6.0,13.0
1.0978,122.0,-96.0,7.0,0.0,0.0,0.0,0.0,0.0,0.0,0.0,0.0,0.0,-5.0,-11.0,-6.0,-15.0,-7.0,-19.0,-8.0,-22.0,-10.0,-25.0,-11.0,-26.0,-12.0,-26.0,-14.0,-26.0,-14.0,-24.0,-12.0,-22.0,-10.0,-19.0,-8.0,-16.0,-5.0,-13.0,-1.0,-9.0,3.0,-6.0,8.0,-3.0,13.0,-1.0,17.0,0.0,22.0,1.0,25.0,1.0,28.0,0.0,30.0,0.0,30.0,-1.0,29.0,-1.0,28.0,-3.0,25.0,-3.0
1.1108,122.0,-96.0,7.0,0.0,0.0,0.0,0.0,0.0,0.0,0.0,0.0,0.0,2.0,22.0,3.0,24.0,4.0,23.0,4.0,23.0,4.0,22.0,4.0,20.0,3.0,17.0,2.0,14.0,0.0,10.0,-3.0,7.0,-5.0,2.0,-9.0,-1.0,-13.0,-4.0,-16.0,-7.0,-19.0,-9.0,-21.0,-10.0,-24.0,-11.0,-25.0,-11.0,-26.0,-10.0,-25.0,-9.0,-24.0,-8.0,-22.0,-7.0,-19.0,-6.0,-14.0,-5.0,-10.0,-5.0,-5.0,-5.0
1.1252,122.0,-96.0,7.0,0.0,0.0,0.0,0.0,0.0,0.0,0.0,0.0,0.0,7.0,-9.0,7.0,-9.0,7.0,-9.0,7.0,-10.0,7.0,-9.0,8.0,-10.0,7.0,-10.0,7.0,-10.0,7.0,-11.0,8.0,-11.0,8.0,-11.0,8.0,-11.0,8.0,-11.0,7.0,-11.0,7.0,-11.0,8.0,-11.0,8.0,-11.0,7.0,-12.0,7.0,-12.0,7.0,-12.0,7.0,-12.0,7.0,-12.0,7.0,-12.0,7.0,-12.0,7.0,-12.0,7.0,-13.0
1.1388,122.0,-96.0,7.0,0.0,0.0,0.0,0.0,0.0,0.0,0.0,0.0,0.0,-14.0,4.0,-10.0,0.0,-6.0,-5.0,-3.0,-11.0,0.0,-17.0,1.0,-24.0,2.0,-28.0,1.0,-33.0,1.0,-37.0,-1.0,-38.0,-2.0,-39.0,-4.0,-38.0,-4.0,-36.0,-6.0,-33.0,-5.0,-28.0,-2.0,-22.0,0.0,-17.0,3.0,-10.0,8.0,-4.0,12.0,1.0,18.0,5.0,23.0,9.0,29.0,10.0,33.0,11.0,37.0,11.0,39.0,11.0
1.1534,122.0,-96.0,7.0,0.0,0.0,0.0,0.0,0.0,0.0,0.0,0.0,0.0,-11.0,3.0,-14.0,3.0,-18.0,4.0,-21.0,5.0,-23.0,6.0,-24.0,7.0,-25.0,8.0,-24.0,9.0,-23.0,9.0,-21.0,8.0,-18.0,6.0,-15.0,4.0,-12.0,2.0,-8.0,-1.0,-5.0,-4.0,-2.0,-8.0,0.0,-13.0,2.0,-16.0,3.0,-20.0,3.0,-24.0,3.0,-26.0,3.0,-27.0,2.0,-29.0,2.0,-28.0,0.0,-26.0,0.0,-24.0
1.1561,98.0,33.0,22.0,0.0,0.0,0.0,0.0,0.0,0.0,0.0,0.0,0.0,11.0,11.0,15.0,12.0,18.0,12.0,20.0,12.0,22.0,12.0,23.0,11.0,23.0,10.0,23.0,7.0,20.0,5.0,18.0,3.0,14.0,1.0,10.0,-1.0,6.0,-4.0,1.0,-5.0,-4.0,-6.0,-10.0,-6.0,-15.0,-6.0,-20.0,-5.0,-25.0,-3.0,-28.0,-2.0,-30.0,1.0,-31.0,2.0,-32.0,3.0,-29.0,4.0,-27.0,4.0,-23.0,5.0
1.1703,122.0,-96.0,7.0,0.0,0.0,0.0,0.0,0.0,0.0,0.0,0.0,0.0,22.0,9.0,25.0,9.0,25.0,8.0,25.0,8.0,24.0,7.0,22.0,6.0,19.0,5.0,14.0,5.0,10.0,5.0,5.0,5.0,0.0,6.0,-6.0,7.0,-10.0,9.0,-14.0,11.0,-19.0,14.0,-21.0,15.0,-23.0,17.0,-23.0,18.0,-23.0,20.0,-22.0,20.0,-21.0,19.0,-18.0,17.0,-15.0,14.0,-13.0,11.0,-9.0,6.0,-7.0,1.0
1.186,122.0,-96.0,7.0,0.0,0.0,0.0,0.0,0.0,0.0,0.0,0.0,0.0,-8.0,-8.0,-9.0,-8.0,-8.0,-8.0,-9.0,-9.0,-9.0,-9.0,-9.0,-9.0,-9.0,-9.0,-10.0,-9.0,-9.0,-9.0,-10.0,-9.0,-10.0,-9.0,-10.0,-9.0,-10.0,-9.0,-10.0,-9.0,-11.0,-9.0,-10.0,-9.0,-10.0,-9.0,-10.0,-9.0,-11.0,-9.0,-11.0,-9.0,-11.0,-9.0,-11.0,-9.0,-11.0,-9.0,-11.0,-9.0,-11.0,-9.0,-11.0,-9.0
1.1995,122.0,-96.0,7.0,0.0,0.0,0.0,0.0,0.0,0.0,0.0,0.0,0.0,8.0,-24.0,7.0,-26.0,7.0,-27.0,6.0,-26.0,5.0,-26.0,5.0,-23.0,4.0,-21.0,4.0,-17.0,4.0,-12.0,5.0,-7.0,6.0,-2.0,7.0,3.0,9.0,8.0,11.0,12.0,13.0,16.0,15.0,19.0,17.0,21.0,19.0,22.0,20.0,22.0,21.0,21.0,20.0,20.0,18.0,17.0,16.0,15.0,12.0,12.0,8.0,9.0,3.0,7.0
1.2127,122.0,-96.0,7.0,0.0,0.0,0.0,0.0,0.0,0.0,0.0,0.0,0.0,2.0,10.0,2.0,11.0,2.0,11.0,2.0,11.0,2.0,11.0,2.0,12.0,2.0,12.0,3.0,12.0,3.0,12.0,3.0,12.0,3.0,12.0,3.0,12.0,3.0,12.0,4.0,12.0,3.0,12.0,3.0,12.0,4.0,13.0,4.0,12.0,4.0,12.0,4.0,13.0,4.0,13.0,4.0,12.0,5.0,12.0,5.0,13.0,4.0,12.0,5.0,13.0
1.2267,122.0,-96.0,7.0,0.0,0.0,0.0,0.0,0.0,0.0,0.0,0.0,0.0,-5.0,-29.0,-6.0,-31.0,-7.0,-31.0,-7.0,-30.0,-8.0,-29.0,-7.0,-26.0,-7.0,-23.0,-5.0,-19.0,-2.0,-15.0,1.0,-10.0,4.0,-5.0,9.0,-1.0,14.0,3.0,18.0,6.0,23.0,9.0,26.0,10.0,29.0,11.0,31.0,12.0,32.0,11.0,31.0,9.0,30.0,9.0,27.0,7.0,24.0,6.0,18.0,5.0,13.0,5.0,7.0,5.0
1.2426,122.0,-96.0,7.0,0.0,0.0,0.0,0.0,0.0,0.0,0.0,0.0,0.0,-25.0,-2.0,-23.0,-2.0,-20.0,-2.0,-16.0,-2.0,-12.0,-3.0,-8.0,-4.0,-3.0,-6.0,1.0,-9.0,6.0,-12.0,9.0,-15.0,12.0,-17.0,14.0,-20.0,15.0,-23.0,15.0,-25.0,15.0,-26.0,14.0,-26.0,12.0,-25.0,11.0,-23.0,9.0,-20.0,8.0,-16.0,7.0,-11.0,6.0,-6.0,6.0,0.0,6.0,5.0,7.0,10.0,9.0,15.0
1.2557,122.0,-96.0,7.0,0.0,0.0,0.0,0.0,0.0,0.0,0.0,0.0,0.0,-22.0,-4.0,-21.0,-3.0,-18.0,-3.0,-15.0,-3.0,-11.0,-3.0,-7.0,-4.0,-3.0,-6.0,1.0,-8.0,5.0,-10.0,8.0,-12.0,11.0,-14.0,13.0,-17.0,15.0,-19.0,15.0,-21.0,15.0,-23.0,14.0,-22.0,13.0,-22.0,11.0,-20.0,10.0,-18.0,8.0,-15.0,7.0,-11.0,6.0,-6.0,6.0,-2.0,5.0,3.0,5.0,8.0,7.0,13.0
1.2711,122.0,-96.0,7.0,0.0,0.0,0.0,0.0,0.0,0.0,0.0,0.0,0.0,-23.0,1.0,-21.0,1.0,-18.0,1.0,-15.0,0.0,-11.0,-1.0,-7.0,-3.0,-4.0,-6.0,0.0,-8.0,3.0,-11.0,6.0,-14.0,8.0,-17.0,10.0,-20.0,11.0,-23.0,10.0,-24.0,10.0,-25.0,9.0,-25.0,8.0,-24.0,7.0,-22.0,5.0,-19.0,5.0,-15.0,5.0,-11.0,5.0,-6.0,5.0,-1.0,6.0,4.0,8.0,8.0,10.0,12.0
1.2864,122.0,-96.0,7.0,0.0,0.0,0.0,0.0,0.0,0.0,0.0,0.0,0.0,3.0,-10.0,6.0,-14.0,7.0,-17.0,9.0,-20.0,9.0,-22.0,10.0,-24.0,9.0,-25.0,8.0,-25.0,7.0,-24.0,6.0,-21.0,6.0,-17.0,5.0,-14.0,5.0,-10.0,5.0,-5.0,5.0,0.0,6.0,4.0,8.0,9.0,10.0,13.0,13.0,16.0,14.0,18.0,16.0,20.0,17.0,20.0,18.0,20.0,18.0,19.0,18.0,17.0,16.0,15.0
1.3004,122.0,-96.0,7.0,0.0,0.0,0.0,0.0,0.0,0.0,0.0,0.0,0.0,11.0,5.0,5.0,5.0,0.0,6.0,-5.0,7.0,-11.0,9.0,-15.0,12.0,-19.0,15.0,-21.0,18.0,-23.0,20.0,-24.0,22.0,-23.0,23.0,-22.0,24.0,-20.0,23.0,-18.0,22.0,-15.0,19.0,-13.0,14.0,-11.0,10.0,-9.0,4.0,-8.0,-2.0,-8.0,-8.0,-8.0,-14.0,-9.0,-19.0,-11.0,-24.0,-13.0,-27.0,-15.0,-30.0,-16.0,-31.0
1.3141,122.0,-96.0,7.0,0.0,0.0,0.0,0.0,0.0,0.0,0.0,0.0,0.0,8.0,7.0,8.0,7.0,9.0,7.0,9.0,7.0,9.0,7.0,9.0,7.0,9.0,7.0,9.0,8.0,9.0,8.0,10.0,8.0,9.0,8.0,10.0,8.0,10.0,8.0,10.0,8.0,10.0,7.0,10.0,7.0,10.0,7.0,11.0,7.0,11.0,7.0,11.0,7.0,11.0,8.0,11.0,7.0,11.0,7.0,11.0,7.0,11.0,7.0,12.0,7.0
1.3295,122.0,-96.0,7.0,0.0,0.0,0.0,0.0,0.0,0.0,0.0,0.0,0.0,-2.0,-23.0,-2.0,-21.0,-2.0,-18.0,-1.0,-14.0,0.0,-11.0,2.0,-7.0,5.0,-3.0,7.0,1.0,10.0,4.0,14.0,7.0,16.0,9.0,19.0,10.0,22.0,11.0,24.0,11.0,24.0,11.0,24.0,9.0,22.0,8.0,20.0,7.0,17.0,6.0,13.0,5.0,9.0,5.0,4.0,5.0,-1.0,6.0,-7.0,7.0,-11.0,8.0,-15.0,10.0
1.3429,122.0,-96.0,7.0,0.0,0.0,0.0,0.0,0.0,0.0,0.0,0.0,0.0,6.0,-10.0,9.0,-14.0,12.0,-17.0,14.0,-19.0,14.0,-22.0,15.0,-24.0,14.0,-25.0,13.0,-25.0,12.0,-24.0,11.0,-22.0,10.0,-18.0,8.0,-14.0,7.0,-10.0,6.0,-5.0,6.0,1.0,6.0,6.0,7.0,12.0,8.0,16.0,11.0,20.0,12.0,23.0,14.0,25.0,15.0,26.0,16.0,26.0,16.0,24.0,16.0,22.0,15.0,20.0
1.3565,122.0,-96.0,7.0,0.0,0.0,0.0,0.0,0.0,0.0,0.0,0.0,0.0,8.0,7.0,3.0,5.0,-2.0,5.0,-6.0,5.0,-12.0,5.0,-16.0,7.0,-20.0,8.0,-23.0,10.0,-25.0,11.0,-26.0,13.0,-25.0,14.0,-24.0,15.0,-23.0,15.0,-20.0,14.0,-17.0,11.0,-14.0,8.0,-11.0,5.0,-8.0,0.0,-6.0,-5.0,-4.0,-10.0,-3.0,-15.0,-2.0,-20.0,-3.0,-24.0,-4.0,-27.0,-5.0,-29.0,-6.0,-30.0
1.3713,122.0,-96.0,7.0,0.0,0.0,0.0,0.0,0.0,0.0,0.0,0.0,0.0,-11.0,-1.0,-15.0,-2.0,-18.0,-3.0,-21.0,-4.0,-24.0,-3.0,-26.0,-3.0,-26.0,-2.0,-26.0,-1.0,-25.0,0.0,-22.0,0.0,-19.0,-1.0,-15.0,-2.0,-11.0,-2.0,-7.0,-4.0,-2.0,-6.0,2.0,-9.0,6.0,-12.0,9.0,-15.0,11.0,-18.0,12.0,-20.0,13.0,-23.0,13.0,-24.0,13.0,-25.0,12.0,-24.0,10.0,-24.0,8.0,-21.0
1.3848,122.0,-96.0,7.0,0.0,0.0,0.0,0.0,0.0,0.0,0.0,0.0,0.0,-11.0,6.0,-8.0,2.0,-6.0,-4.0,-5.0,-9.0,-4.0,-15.0,-3.0,-20.0,-4.0,-24.0,-5.0,-28.0,-6.0,-31.0,-7.0,-32.0,-8.0,-32.0,-9.0,-31.0,-9.0,-30.0,-10.0,-27.0,-8.0,-23.0,-6.0,-18.0,-3.0,-14.0,1.0,-9.0,6.0,-5.0,10.0,-1.0,16.0,2.0,21.0,4.0,26.0,5.0,30.0,5.0,32.0,4.0,34.0,3.0
1.3991,122.0,-96.0,7.0,0.0,0.0,0.0,0.0,0.0,0.0,0.0,0.0,0.0,9.0,9.0,12.0,13.0,15.0,17.0,17.0,19.0,19.0,21.0,22.0,22.0,23.0,21.0,24.0,21.0,23.0,19.0,20.0,17.0,17.0,14.0,13.0,12.0,8.0,10.0,3.0,8.0,-3.0,6.0,-9.0,6.0,-16.0,6.0,-21.0,6.0,-26.0,7.0,-29.0,8.0,-32.0,10.0,-33.0,11.0,-33.0,12.0,-31.0,12.0,-29.0,13.0,-26.0,12.0
1.4131,122.0,-96.0,7.0,0.0,0.0,0.0,0.0,0.0,0.0,0.0,0.0,0.0,-3.0,12.0,-4.0,7.0,-6.0,2.0,-9.0,-3.0,-12.0,-7.0,-16.0,-11.0,-20.0,-14.0,-23.0,-16.0,-26.0,-18.0,-28.0,-17.0,-29.0,-17.0,-29.0,-15.0,-28.0,-14.0,-27.0,-12.0,-22.0,-11.0,-18.0,-9.0,-13.0,-8.0,-7.0,-8.0,-1.0,-8.0,5.0,-8.0,11.0,-11.0,16.0,-12.0,21.0,-15.0,23.0,-18.0,25.0,-21.0,26.0,-22.0
1.427,122.0,-96.0,7.0,0.0,0.0,0.0,0.0,0.0,0.0,0.0,0.0,0.0,22.0,-11.0,20.0,-11.0,17.0,-9.0,14.0,-7.0,11.0,-5.0,8.0,-1.0,5.0,3.0,2.0,8.0,0.0,13.0,-2.0,17.0,-3.0,20.0,-3.0,24.0,-3.0,27.0,-2.0,29.0,-1.0,29.0,0.0,29.0,1.0,27.0,1.0,25.0,1.0,21.0,0.0,17.0,-1.0,12.0,-3.0,8.0,-6.0,3.0,-9.0,-2.0,-13.0,-6.0,-17.0,-9.0
1.4415,122.0,-96.0,7.0,0.0,0.0,0.0,0.0,0.0,0.0,0.0,0.0,0.0,-18.0,-18.0,-20.0,-18.0,-21.0,-19.0,-21.0,-18.0,-21.0,-16.0,-20.0,-15.0,-17.0,-13.0,-13.0,-12.0,-10.0,-9.0,-4.0,-8.0,1.0,-7.0,6.0,-6.0,12.0,-6.0,16.0,-6.0,20.0,-7.0,24.0,-8.0,26.0,-9.0,28.0,-9.0,28.0,-11.0,28.0,-11.0,26.0,-11.0,23.0,-11.0,20.0,-10.0,16.0,-7.0,12.0,-4.0,8.0,-1.0
1.4565,122.0,-96.0,7.0,0.0,0.0,0.0,0.0,0.0,0.0,0.0,0.0,0.0,-9.0,-10.0,-4.0,-8.0,2.0,-7.0,7.0,-6.0,13.0,-7.0,18.0,-7.0,22.0,-8.0,26.0,-9.0,29.0,-11.0,29.0,-12.0,29.0,-14.0,28.0,-15.0,26.0,-15.0,23.0,-15.0,20.0,-12.0,16.0,-9.0,12.0,-5.0,8.0,-1.0,5.0,6.0,2.0,11.0,0.0,16.0,-1.0,22.0,0.0,26.0,1.0,30.0,2.0,33.0,2.0,34.0
1.4696,122.0,-96.0,7.0,0.0,0.0,0.0,0.0,0.0,0.0,0.0,0.0,0.0,-12.0,2.0,-17.0,1.0,-21.0,1.0,-24.0,1.0,-26.0,2.0,-29.0,3.0,-29.0,4.0,-28.0,5.0,-27.0,5.0,-24.0,5.0,-20.0,4.0,-16.0,2.0,-12.0,0.0,-8.0,-3.0,-4.0,-6.0,0.0,-10.0,3.0,-15.0,6.0,-19.0,7.0,-23.0,8.0,-26.0,9.0,-29.0,8.0,-30.0,7.0,-30.0,6.0,-30.0,5.0,-28.0,3.0,-25.0
1.4837,122.0,-96.0,7.0,0.0,0.0,0.0,0.0,0.0,0.0,0.0,0.0,0.0,-9.0,8.0,-7.0,3.0,-6.0,-2.0,-6.0,-6.0,-6.0,-12.0,-6.0,-16.0,-7.0,-20.0,-9.0,-23.0,-10.0,-26.0,-11.0,-27.0,-13.0,-27.0,-13.0,-26.0,-13.0,-25.0,-14.0,-23.0,-12.0,-20.0,-9.0,-17.0,-6.0,-13.0,-3.0,-10.0,2.0,-7.0,6.0,-4.0,11.0,-3.0,17.0,-1.0,21.0,-1.0,25.0,-1.0,28.0,-2.0,29.0,-3.0
1.4975,122.0,-96.0,7.0,0.0,0.0,0.0,0.0,0.0,0.0,0.0,0.0,0.0,-1.0,12.0,-1.0,12.0,-1.0,13.0,-1.0,13.0,-1.0,13.0,0.0,13.0,0.0,14.0,0.0,14.0,0.0,13.0,-1.0,14.0,0.0,14.0,0.0,14.0,0.0,14.0,0.0,14.0,0.0,14.0,0.0,14.0,0.0,15.0,1.0,14.0,1.0,14.0,0.0,15.0,1.0,14.0,1.0,15.0,1.0,15.0,1.0,15.0,1.0,15.0,1.0,15.0
1.5129,122.0,-96.0,7.0,0.0,0.0,0.0,0.0,0.0,0.0,0.0,0.0,0.0,-23.0,3.0,-21.0,3.0,-18.0,3.0,-15.0,2.0,-12.0,1.0,-8.0,-2.0,-4.0,-5.0,-1.0,-8.0,2.0,-11.0,4.0,-15.0,6.0,-18.0,8.0,-20.0,8.0,-23.0,8.0,-25.0,8.0,-26.0,7.0,-26.0,6.0,-25.0,5.0,-23.0,4.0,-20.0,3.0,-17.0,4.0,-12.0,4.0,-8.0,5.0,-3.0,6.0,2.0,8.0,6.0,10.0,10.0
1.5265,122.0,-96.0,7.0,0.0,0.0,0.0,0.0,0.0,0.0,0.0,0.0,0.0,11.0,2.0,10.0,2.0,11.0,3.0,11.0,2.0,11.0,2.0,11.0,2.0,12.0,2.0,12.0,2.0,12.0,3.0,12.0,2.0,12.0,2.0,12.0,3.0,12.0,3.0,13.0,2.0,12.0,2.0,13.0,2.0,12.0,2.0,13.0,2.0,13.0,2.0,13.0,2.0,13.0,2.0,13.0,2.0,13.0,2.0,13.0,2.0,13.0,2.0,13.0,2.0
1.5409,122.0,-96.0,7.0,0.0,0.0,0.0,0.0,0.0,0.0,0.0,0.0,0.0,4.0,-13.0,6.0,-17.0,9.0,-21.0,10.0,-24.0,11.0,-28.0,11.0,-30.0,10.0,-31.0,9.0,-32.0,8.0,-30.0,7.0,-28.0,6.0,-24.0,6.0,-19.0,5.0,-15.0,5.0,-9.0,6.0,-3.0,8.0,2.0,11.0,8.0,13.0,13.0,17.0,17.0,19.0,20.0,22.0,22.0,24.0,24.0,26.0,23.0,26.0,22.0,26.0,20.0,24.0,18.0
1.5567,122.0,-96.0,7.0,0.0,0.0,0.0,0.0,0.0,0.0,0.0,0.0,0.0,-8.0,11.0,-8.0,12.0,-8.0,12.0,-8.0,12.0,-8.0,13.0,-8.0,13.0,-8.0,13.0,-8.0,13.0,-8.0,13.0,-9.0,13.0,-8.0,13.0,-9.0,13.0,-9.0,14.0,-9.0,14.0,-8.0,14.0,-8.0,14.0,-8.0,14.0,-8.0,15.0,-8.0,15.0,-8.0,15.0,-8.0,15.0,-8.0,15.0,-8.0,15.0,-7.0,15.0,-8.0,15.0,-8.0,15.0
1.5713,122.0,-96.0,7.0,0.0,0.0,0.0,0.0,0.0,0.0,0.0,0.0,0.0,10.0,-1.0,14.0,0.0,18.0,1.0,20.0,1.0,23.0,1.0,25.0,0.0,26.0,-1.0,25.0,-2.0,24.0,-3.0,21.0,-2.0,18.0,-2.0,15.0,-1.0,11.0,0.0,7.0,2.0,2.0,4.0,-1.0,7.0,-5.0,11.0,-8.0,14.0,-10.0,18.0,-11.0,21.0,-12.0,24.0,-12.0,25.0,-11.0,26.0,-10.0,25.0,-9.0,24.0,-8.0,22.0
1.5863,122.0,-96.0,7.0,0.0,0.0,0.0,0.0,0.0,0.0,0.0,0.0,0.0,-23.0,1.0,-21.0,1.0,-18.0,1.0,-15.0,0.0,-11.0,-1.0,-7.0,-3.0,-4.0,-5.0,0.0,-8.0,3.0,-12.0,6.0,-15.0,8.0,-18.0,9.0,-21.0,10.0,-23.0,9.0,-25.0,9.0,-26.0,8.0,-25.0,7.0,-25.0,6.0,-22.0,5.0,-19.0,4.0,-16.0,4.0,-11.0,5.0,-6.0,6.0,-1.0,7.0,3.0,8.0,8.0,11.0,12.0
1.5997,122.0,-96.0,7.0,0.0,0.0,0.0,0.0,0.0,0.0,0.0,0.0,0.0,-11.0,-2.0,-15.0,-3.0,-18.0,-4.0,-21.0,-5.0,-23.0,-5.0,-25.0,-4.0,-26.0,-4.0,-26.0,-3.0,-25.0,-2.0,-22.0,-2.0,-19.0,-2.0,-16.0,-2.0,-12.0,-3.0,-7.0,-4.0,-3.0,-6.0,2.0,-8.0,5.0,-11.0,9.0,-14.0,11.0,-17.0,13.0,-20.0,14.0,-22.0,15.0,-23.0,14.0,-25.0,13.0,-24.0,11.0,-24.0,10.0,-22.0
1.6047,98.0,33.0,22.0,0.0,0.0,0.0,0.0,0.0,0.0,0.0,0.0,0.0,22.0,5.0,23.0,6.0,23.0,5.0,23.0,5.0,20.0,4.0,19.0,2.0,15.0,0.0,12.0,-2.0,8.0,-4.0,3.0,-5.0,-1.0,-7.0,-6.0,-8.0,-11.0,-8.0,-15.0,-8.0,-19.0,-7.0,-22.0,-6.0,-25.0,-4.0,-26.0,-3.0,-27.0,0.0,-26.0,1.0,-24.0,2.0,-21.0,3.0,-16.0,2.0,-11.0,1.0,-5.0,0.0,1.0,-2.0
1.6195,126.0,-32.0,7.0,0.0,0.0,0.0,0.0,0.0,0.0,0.0,0.0,0.0,8.0,11.0,8.0,11.0,8.0,11.0,8.0,12.0,8.0,12.0,8.0,12.0,9.0,12.0,9.0,11.0,9.0,12.0,9.0,12.0,9.0,13.0,9.0,13.0,9.0,12.0,10.0,13.0,10.0,12.0,10.0,12.0,10.0,13.0,10.0,12.0,11.0,12.0,11.0,12.0,11.0,12.0,11.0,12.0,11.0,12.0,11.0,13.0,11.0,13.0,11.0,12.0
1.6357,122.0,-96.0,7.0,0.0,0.0,0.0,0.0,0.0,0.0,0.0,0.0,0.0,-4.0,-11.0,-1.0,-8.0,3.0,-5.0,7.0,-3.0,12.0,-1.0,17.0,0.0,20.0,1.0,24.0,1.0,27.0,0.0,28.0,0.0,29.0,-1.0,28.0,-2.0,26.0,-3.0,24.0,-4.0,20.0,-3.0,17.0,-3.0,12.0,-1.0,8.0,2.0,3.0,5.0,-1.0,9.0,-4.0,12.0,-7.0,17.0,-9.0,21.0,-10.0,24.0,-11.0,26.0,-10.0,28.0
1.6515,122.0,-96.0,7.0,0.0,0.0,0.0,0.0,0.0,0.0,0.0,0.0,0.0,6.0,10.0,7.0,14.0,10.0,17.0,11.0,20.0,13.0,22.0,15.0,23.0,16.0,23.0,16.0,23.0,16.0,21.0,14.0,18.0,11.0,16.0,8.0,13.0,5.0,10.0,1.0,7.0,-4.0,5.0,-9.0,3.0,-15.0,2.0,-20.0,1.0,-24.0,2.0,-27.0,2.0,-30.0,3.0,-31.0,4.0,-31.0,5.0,-30.0,6.0,-28.0,6.0,-25.0,6.0
1.6655,122.0,-96.0,7.0,0.0,0.0,0.0,0.0,0.0,0.0,0.0,0.0,0.0,9.0,-8.0,8.0,-8.0,9.0,-8.0,10.0,-8.0,9.0,-8.0,9.0,-8.0,8.0,-9.0,8.0,-9.0,9.0,-9.0,9.0,-9.0,9.0,-9.0,9.0,-9.0,9.0,-9.0,9.0,-10.0,9.0,-10.0,9.0,-10.0,9.0,-10.0,9.0,-10.0,9.0,-10.0,9.0,-10.0,9.0,-11.0,9.0,-10.0,9.0,-11.0,9.0,-11.0,9.0,-11.0,9.0,-11.0
1.6784,122.0,-96.0,7.0,0.0,0.0,0.0,0.0,0.0,0.0,0.0,0.0,0.0,2.0,-15.0,1.0,-15.0,1.0,-15.0,1.0,-15.0,1.0,-16.0,1.0,-16.0,0.0,-16.0,0.0,-16.0,0.0,-16.0,1.0,-16.0,1.0,-17.0,1.0,-17.0,1.0,-16.0,1.0,-17.0,1.0,-17.0,0.0,-17.0,0.0,-17.0,0.0,-17.0,0.0,-18.0,0.0,-18.0,-1.0,-18.0,-1.0,-17.0,-1.0,-18.0,0.0,-18.0,-1.0,-18.0,-1.0,-18.0
1.6954,122.0,-96.0,7.0,0.0,0.0,0.0,0.0,0.0,0.0,0.0,0.0,0.0,-6.0,-10.0,-2.0,-8.0,3.0,-6.0,7.0,-4.0,12.0,-3.0,17.0,-3.0,20.0,-3.0,24.0,-3.0,27.0,-4.0,28.0,-5.0,28.0,-6.0,27.0,-7.0,26.0,-8.0,23.0,-8.0,20.0,-7.0,16.0,-5.0,12.0,-3.0,8.0,1.0,4.0,5.0,1.0,9.0,-2.0,13.0,-4.0,18.0,-5.0,22.0,-5.0,25.0,-5.0,28.0,-4.0,30.0
1.7094,122.0,-96.0,7.0,0.0,0.0,0.0,0.0,0.0,0.0,0.0,0.0,0.0,-12.0,3.0,-13.0,3.0,-13.0,3.0,-13.0,4.0,-13.0,3.0,-14.0,3.0,-14.0,3.0,-14.0,4.0,-14.0,4.0,-14.0,4.0,-14.0,4.0,-15.0,4.0,-14.0,4.0,-14.0,4.0,-14.0,4.0,-14.0,4.0,-15.0,4.0,-14.0,5.0,-15.0,5.0,-15.0,5.0,-15.0,5.0,-15.0,5.0,-15.0,5.0,-15.0,6.0,-15.0,6.0,-15.0,6.0
1.7228,122.0,-96.0,7.0,0.0,0.0,0.0,0.0,0.0,0.0,0.0,0.0,0.0,4.0,13.0,4.0,13.0,4.0,13.0,5.0,14.0,4.0,14.0,5.0,14.0,5.0,14.0,6.0,14.0,5.0,14.0,5.0,14.0,5.0,15.0,5.0,15.0,5.0,15.0,6.0,15.0,6.0,15.0,6.0,15.0,6.0,15.0,6.0,15.0,6.0,15.0,6.0,15.0,7.0,15.0,7.0,15.0,7.0,15.0,7.0,16.0,7.0,16.0,7.0,16.0
1.7369,122.0,-96.0,7.0,0.0,0.0,0.0,0.0,0.0,0.0,0.0,0.0,0.0,2.0,9.0,3.0,9.0,3.0,9.0,3.0,10.0,3.0,10.0,3.0,10.0,3.0,10.0,3.0,10.0,4.0,10.0,3.0,10.0,3.0,10.0,3.0,10.0,4.0,11.0,4.0,11.0,4.0,10.0,4.0,10.0,4.0,11.0,4.0,11.0,4.0,11.0,4.0,11.0,5.0,11.0,5.0,11.0,5.0,11.0,5.0,11.0,5.0,11.0,5.0,11.0
1.7505,122.0,-96.0,7.0,0.0,0.0,0.0,0.0,0.0,0.0,0.0,0.0,0.0,-1.0,24.0,-1.0,22.0,0.0,19.0,-1.0,15.0,-2.0,11.0,-4.0,7.0,-7.0,2.0,-9.0,-2.0,-13.0,-6.0,-16.0,-9.0,-18.0,-12.0,-22.0,-13.0,-24.0,-15.0,-26.0,-15.0,-28.0,-14.0,-27.0,-13.0,-26.0,-12.0,-24.0,-10.0,-21.0,-9.0,-17.0,-7.0,-12.0,-7.0,-6.0,-7.0,-1.0,-7.0,5.0,-8.0,10.0,-9.0,15.0,-12.0
1.7649,122.0,-96.0,7.0,0.0,0.0,0.0,0.0,0.0,0.0,0.0,0.0,0.0,-8.0,8.0,-8.0,8.0,-8.0,8.0,-9.0,9.0,-9.0,8.0,-8.0,9.0,-8.0,8.0,-8.0,10.0,-9.0,9.0,-9.0,9.0,-9.0,9.0,-9.0,9.0,-9.0,10.0,-9.0,10.0,-9.0,10.0,-9.0,10.0,-9.0,10.0,-8.0,11.0,-8.0,11.0,-9.0,10.0,-9.0,11.0,-9.0,11.0,-8.0,11.0,-8.0,11.0,-8.0,11.0,-8.0,11.0
1.7789,122.0,-96.0,7.0,0.0,0.0,0.0,0.0,0.0,0.0,0.0,0.0,0.0,-10.0,3.0,-11.0,3.0,-10.0,3.0,-11.0,3.0,-11.0,3.0,-11.0,3.0,-11.0,3.0,-11.0,4.0,-11.0,4.0,-11.0,4.0,-11.0,4.0,-11.0,4.0,-12.0,4.0,-12.0,4.0,-12.0,4.0,-11.0,4.0,-12.0,4.0,-11.0,4.0,-12.0,5.0,-12.0,4.0,-12.0,4.0,-12.0,4.0,-11.0,5.0,-11.0,5.0,-12.0,4.0,-12.0,5.0
1.793,122.0,-96.0,7.0,0.0,0.0,0.0,0.0,0.0,0.0,0.0,0.0,0.0,-20.0,15.0,-21.0,17.0,-21.0,17.0,-21.0,18.0,-19.0,17.0,-18.0,16.0,-15.0,13.0,-13.0,10.0,-10.0,6.0,-9.0,1.0,-6.0,-3.0,-5.0,-9.0,-5.0,-14.0,-4.0,-19.0,-4.0,-23.0,-4.0,-26.0,-6.0,-29.0,-6.0,-30.0,-7.0,-31.0,-8.0,-29.0,-7.0,-27.0,-7.0,-25.0,-6.0,-21.0,-5.0,-16.0,-2.0,-11.0,2.0,-7.0
1.8086,122.0,-96.0,7.0,0.0,0.0,0.0,0.0,0.0,0.0,0.0,0.0,0.0,8.0,6.0,11.0,9.0,14.0,11.0,16.0,13.0,18.0,14.0,20.0,15.0,21.0,15.0,21.0,14.0,20.0,12.0,18.0,11.0,15.0,10.0,11.0,9.0,7.0,7.0,3.0,6.0,-2.0,5.0,-7.0,6.0,-12.0,6.0,-16.0,7.0,-20.0,9.0,-23.0,10.0,-24.0,12.0,-25.0,13.0,-25.0,14.0,-23.0,14.0,-21.0,14.0,-19.0,13.0
1.8257,122.0,-96.0,7.0,0.0,0.0,0.0,0.0,0.0,0.0,0.0,0.0,0.0,-10.0,8.0,-10.0,8.0,-10.0,8.0,-11.0,8.0,-10.0,8.0,-10.0,9.0,-11.0,9.0,-10.0,10.0,-11.0,9.0,-11.0,9.0,-11.0,10.0,-11.0,10.0,-11.0,10.0,-11.0,10.0,-11.0,10.0,-11.0,10.0,-11.0,11.0,-10.0,11.0,-11.0,11.0,-11.0,10.0,-11.0,11.0,-11.0,11.0,-10.0,11.0,-11.0,11.0,-10.0,12.0,-10.0,12.0
1.8398,122.0,-96.0,7.0,0.0,0.0,0.0,0.0,0.0,0.0,0.0,0.0,0.0,-3.0,-13.0,-4.0,-13.0,-3.0,-13.0,-4.0,-13.0,-4.0,-13.0,-4.0,-14.0,-5.0,-14.0,-5.0,-14.0,-5.0,-14.0,-5.0,-14.0,-5.0,-14.0,-5.0,-14.0,-5.0,-14.0,-5.0,-14.0,-6.0,-14.0,-5.0,-14.0,-6.0,-15.0,-6.0,-14.0,-6.0,-15.0,-7.0,-14.0,-6.0,-14.0,-6.0,-15.0,-7.0,-14.0,-7.0,-15.0,-6.0,-15.0,-7.0,-15.0
1.8562,122.0,-96.0,7.0,0.0,0.0,0.0,0.0,0.0,0.0,0.0,0.0,0.0,-13.0,-19.0,-13.0,-17.0,-11.0,-15.0,-8.0,-13.0,-6.0,-10.0,-2.0,-8.0,2.0,-6.0,7.0,-4.0,11.0,-3.0,15.0,-2.0,18.0,-2.0,22.0,-2.0,24.0,-2.0,26.0,-4.0,27.0,-4.0,26.0,-5.0,24.0,-6.0,22.0,-5.0,19.0,-5.0,15.0,-4.0,11.0,-1.0,7.0,1.0,3.0,5.0,-1.0,8.0,-4.0,11.0,-6.0,16.0
1.8715,122.0,-96.0,7.0,0.0,0.0,0.0,0.0,0.0,0.0,0.0,0.0,0.0,-19.0,16.0,-18.0,15.0,-15.0,13.0,-13.0,10.0,-10.0,6.0,-8.0,2.0,-7.0,-3.0,-5.0,-8.0,-5.0,-13.0,-4.0,-18.0,-4.0,-22.0,-4.0,-25.0,-6.0,-28.0,-7.0,-29.0,-8.0,-30.0,-9.0,-29.0,-9.0,-27.0,-9.0,-24.0,-8.0,-21.0,-6.0,-17.0,-3.0,-13.0,0.0,-9.0,4.0,-5.0,9.0,-2.0,13.0,2.0,18.0,4.0
1.8874,122.0,-96.0,7.0,0.0,0.0,0.0,0.0,0.0,0.0,0.0,0.0,0.0,-1.0,-12.0,1.0,-8.0,5.0,-4.0,8.0,0.0,12.0,2.0,17.0,4.0,20.0,5.0,24.0,6.0,26.0,6.0,28.0,6.0,28.0,5.0,28.0,4.0,26.0,3.0,24.0,2.0,20.0,1.0,16.0,1.0,11.0,3.0,6.0,4.0,1.0,7.0,-4.0,9.0,-8.0,13.0,-12.0,16.0,-14.0,20.0,-15.0,23.0,-15.0,25.0,-15.0,26.0
1.9,122.0,-96.0,7.0,0.0,0.0,0.0,0.0,0.0,0.0,0.0,0.0,0.0,9.0,6.0,9.0,6.0,9.0,7.0,9.0,6.0,9.0,6.0,9.0,6.0,10.0,6.0,10.0,6.0,10.0,6.0,10.0,7.0,10.0,6.0,10.0,7.0,10.0,7.0,11.0,6.0,10.0,6.0,11.0,6.0,10.0,5.0,12.0,5.0,12.0,6.0,11.0,7.0,10.0,6.0,11.0,5.0,12.0,5.0,12.0,6.0,12.0,7.0,11.0,6.0
1.9129,122.0,-96.0,7.0,0.0,0.0,0.0,0.0,0.0,0.0,0.0,0.0,0.0,7.0,23.0,6.0,22.0,6.0,18.0,4.0,15.0,2.0,11.0,-2.0,8.0,-6.0,4.0,-9.0,1.0,-14.0,-2.0,-18.0,-4.0,-21.0,-5.0,-24.0,-6.0,-28.0,-6.0,-29.0,-5.0,-31.0,-4.0,-30.0,-3.0,-29.0,-2.0,-25.0,-1.0,-22.0,-1.0,-18.0,-2.0,-13.0,-3.0,-8.0,-4.0,-3.0,-7.0,2.0,-10.0,6.0,-12.0,10.0,-17.0
1.9261,122.0,-96.0,7.0,0.0,0.0,0.0,0.0,0.0,0.0,0.0,0.0,0.0,25.0,-13.0,23.0,-13.0,19.0,-11.0,16.0,-8.0,12.0,-5.0,9.0,-1.0,5.0,4.0,3.0,9.0,0.0,14.0,-1.0,19.0,-2.0,24.0,-3.0,27.0,-2.0,31.0,-1.0,33.0,0.0,34.0,1.0,32.0,2.0,31.0,2.0,27.0,2.0,24.0,1.0,19.0,-1.0,14.0,-4.0,8.0,-7.0,3.0,-11.0,-2.0,-15.0,-7.0,-20.0,-11.0
1.941,122.0,-96.0,7.0,0.0,0.0,0.0,0.0,0.0,0.0,0.0,0.0,0.0,13.0,-2.0,13.0,-3.0,14.0,-3.0,15.0,-3.0,15.0,-2.0,15.0,-2.0,14.0,-3.0,16.0,-3.0,15.0,-3.0,15.0,-3.0,15.0,-3.0,15.0,-3.0,15.0,-3.0,16.0,-4.0,16.0,-3.0,17.0,-3.0,16.0,-3.0,15.0,-3.0,15.0,-5.0,18.0,-5.0,18.0,-3.0,16.0,-2.0,16.0,-3.0,15.0,-5.0,16.0,-5.0,18.0,-5.0
1.9562,122.0,-96.0,7.0,0.0,0.0,0.0,0.0,0.0,0.0,0.0,0.0,0.0,19.0,-12.0,17.0,-11.0,15.0,-10.0,13.0,-8.0,10.0,-5.0,7.0,-2.0,5.0,2.0,2.0,7.0,1.0,11.0,0.0,15.0,0.0,18.0,0.0,21.0,0.0,24.0,1.0,26.0,2.0,27.0,2.0,26.0,3.0,25.0,3.0,22.0,3.0,20.0,2.0,16.0,0.0,12.0,-2.0,8.0,-5.0,4.0,-8.0,0.0,-11.0,-3.0,-15.0,-6.0
1.9596,98.0,33.0,22.0,0.0,0.0,0.0,0.0,0.0,0.0,0.0,0.0,0.0,-13.0,-3.0,-13.0,2.0,-10.0,5.0,-7.0,10.0,-7.0,14.0,-8.0,17.0,-9.0,21.0,-6.0,24.0,-4.0,25.0,-3.0,27.0,-1.0,25.0,0.0,23.0,2.0,22.0,3.0,19.0,4.0,14.0,5.0,10.0,4.0,5.0,4.0,0.0,1.0,-6.0,0.0,-12.0,-2.0,-18.0,-5.0,-22.0,-7.0,-27.0,-10.0,-31.0,-12.0,-34.0,-12.0,-34.0
1.9731,122.0,-96.0,7.0,0.0,0.0,0.0,0.0,0.0,0.0,0.0,0.0,0.0,-23.0,5.0,-24.0,7.0,-24.0,7.0,-24.0,7.0,-22.0,8.0,-21.0,7.0,-18.0,6.0,-15.0,4.0,-11.0,2.0,-8.0,-1.0,-5.0,-5.0,-1.0,-9.0,1.0,-13.0,3.0,-16.0,4.0,-20.0,6.0,-23.0,6.0,-25.0,6.0,-27.0,6.0,-28.0,4.0,-27.0,4.0,-26.0,3.0,-24.0,2.0,-21.0,2.0,-16.0,3.0,-11.0,3.0,-7.0
1.9867,122.0,-96.0,7.0,0.0,0.0,0.0,0.0,0.0,0.0,0.0,0.0,0.0,5.0,-23.0,5.0,-24.0,5.0,-25.0,4.0,-25.0,3.0,-24.0,3.0,-22.0,2.0,-19.0,2.0,-16.0,3.0,-11.0,4.0,-7.0,5.0,-2.0,7.0,3.0,10.0,7.0,12.0,10.0,14.0,13.0,17.0,15.0,18.0,16.0,20.0,17.0,21.0,17.0,21.0,16.0,20.0,15.0,19.0,13.0,16.0,11.0,12.0,9.0,8.0,7.0,4.0,6.0
2.0014,122.0,-96.0,7.0,0.0,0.0,0.0,0.0,0.0,0.0,0.0,0.0,0.0,13.0,-2.0,18.0,-1.0,22.0,-1.0,26.0,-1.0,29.0,-2.0,32.0,-3.0,32.0,-3.0,32.0,-5.0,30.0,-5.0,27.0,-5.0,23.0,-4.0,18.0,-3.0,14.0,-1.0,9.0,2.0,4.0,5.0,0.0,10.0,-4.0,14.0,-8.0,18.0,-10.0,24.0,-11.0,27.0,-12.0,31.0,-12.0,32.0,-10.0,33.0,-9.0,33.0,-7.0,31.0,-7.0,28.0
2.0173,122.0,-96.0,7.0,0.0,0.0,0.0,0.0,0.0,0.0,0.0,0.0,0.0,-3.0,-11.0,0.0,-7.0,4.0,-4.0,8.0,-2.0,13.0,1.0,17.0,2.0,21.0,3.0,24.0,3.0,27.0,2.0,28.0,2.0,29.0,1.0,28.0,0.0,26.0,-1.0,24.0,-2.0,20.0,-1.0,16.0,-1.0,11.0,1.0,7.0,3.0,2.0,6.0,-3.0,10.0,-7.0,14.0,-10.0,17.0,-12.0,21.0,-12.0,24.0,-12.0,27.0,-12.0,28.0
2.0312,122.0,-96.0,7.0,0.0,0.0,0.0,0.0,0.0,0.0,0.0,0.0,0.0,-23.0,17.0,-21.0,16.0,-18.0,13.0,-15.0,10.0,-12.0,6.0,-9.0,2.0,-7.0,-4.0,-5.0,-9.0,-4.0,-15.0,-4.0,-20.0,-4.0,-24.0,-4.0,-28.0,-5.0,-31.0,-7.0,-33.0,-8.0,-34.0,-8.0,-33.0,-9.0,-31.0,-9.0,-27.0,-8.0,-24.0,-6.0,-20.0,-3.0,-15.0,1.0,-10.0,6.0,-5.0,10.0,-1.0,14.0,3.0,20.0,5.0
2.0442,122.0,-96.0,7.0,0.0,0.0,0.0,0.0,0.0,0.0,0.0,0.0,0.0,-9.0,-9.0,-11.0,-13.0,-13.0,-16.0,-15.0,-19.0,-17.0,-20.0,-19.0,-22.0,-20.0,-22.0,-21.0,-21.0,-21.0,-19.0,-19.0,-17.0,-16.0,-15.0,-13.0,-13.0,-9.0,-11.0,-5.0,-9.0,0.0,-7.0,6.0,-6.0,11.0,-6.0,16.0,-5.0,21.0,-7.0,24.0,-8.0,27.0,-9.0,28.0,-10.0,29.0,-11.0,28.0,-12.0,26.0,-13.0,24.0,-12.0
2.0567,122.0,-96.0,7.0,0.0,0.0,0.0,0.0,0.0,0.0,0.0,0.0,0.0,11.0,7.0,12.0,7.0,12.0,7.0,12.0,7.0,13.0,7.0,13.0,8.0,13.0,7.0,13.0,8.0,13.0,8.0,13.0,7.0,13.0,8.0,13.0,8.0,14.0,8.0,14.0,7.0,14.0,8.0,14.0,7.0,14.0,8.0,14.0,8.0,15.0,8.0,14.0,8.0,15.0,7.0,15.0,7.0,15.0,7.0,15.0,7.0,15.0,7.0,16.0,8.0
2.0713,122.0,-96.0,7.0,0.0,0.0,0.0,0.0,0.0,0.0,0.0,0.0,0.0,23.0,-11.0,23.0,-13.0,24.0,-14.0,23.0,-14.0,22.0,-14.0,20.0,-13.0,17.0,-12.0,14.0,-9.0,11.0,-5.0,8.0,-1.0,5.0,3.0,2.0,8.0,0.0,13.0,-2.0,17.0,-2.0,22.0,-3.0,25.0,-2.0,27.0,-2.0,30.0,-1.0,30.0,0.0,30.0,0.0,28.0,1.0,25.0,1.0,22.0,0.0,17.0,-1.0,12.0,-4.0,7.0
2.0851,122.0,-96.0,7.0,0.0,0.0,0.0,0.0,0.0,0.0,0.0,0.0,0.0,-4.0,11.0,-6.0,15.0,-8.0,19.0,-9.0,22.0,-9.0,24.0,-9.0,27.0,-8.0,27.0,-7.0,27.0,-7.0,26.0,-6.0,23.0,-5.0,19.0,-5.0,15.0,-5.0,11.0,-6.0,5.0,-7.0,0.0,-9.0,-5.0,-12.0,-10.0,-14.0,-14.0,-17.0,-18.0,-20.0,-20.0,-23.0,-21.0,-24.0,-22.0,-25.0,-21.0,-24.0,-19.0,-23.0,-17.0,-21.0,-15.0
2.0997,122.0,-96.0,7.0,0.0,0.0,0.0,0.0,0.0,0.0,0.0,0.0,0.0,-3.0,-15.0,-3.0,-15.0,-3.0,-15.0,-3.0,-16.0,-3.0,-16.0,-3.0,-16.0,-3.0,-16.0,-3.0,-16.0,-3.0,-16.0,-3.0,-16.0,-4.0,-17.0,-3.0,-16.0,-3.0,-17.0,-4.0,-17.0,-4.0,-17.0,-4.0,-17.0,-4.0,-17.0,-4.0,-17.0,-4.0,-17.0,-5.0,-17.0,-5.0,-17.0,-5.0,-17.0,-5.0,-17.0,-5.0,-18.0,-5.0,-18.0,-5.0,-18.0
2.1129,122.0,-96.0,7.0,0.0,0.0,0.0,0.0,0.0,0.0,0.0,0.0,0.0,4.0,11.0,4.0,11.0,4.0,11.0,4.0,11.0,4.0,11.0,4.0,12.0,4.0,12.0,5.0,12.0,5.0,12.0,5.0,12.0,5.0,12.0,4.0,12.0,5.0,12.0,6.0,12.0,5.0,12.0,5.0,12.0,6.0,12.0,6.0,12.0,6.0,12.0,6.0,13.0,6.0,13.0,6.0,13.0,6.0,13.0,6.0,13.0,6.0,13.0,6.0,13.0
2.126,122.0,-96.0,7.0,0.0,0.0,0.0,0.0,0.0,0.0,0.0,0.0,0.0,14.0,20.0,13.0,18.0,11.0,15.0,8.0,13.0,5.0,10.0,1.0,8.0,-4.0,5.0,-9.0,3.0,-14.0,2.0,-18.0,1.0,-22.0,1.0,-25.0,1.0,-28.0,2.0,-30.0,4.0,-31.0,5.0,-29.0,6.0,-28.0,6.0,-25.0,6.0,-22.0,5.0,-18.0,3.0,-13.0,1.0,-9.0,-2.0,-5.0,-6.0,-1.0,-9.0,3.0,-14.0,5.0,-19.0
2.1423,122.0,-96.0,7.0,0.0,0.0,0.0,0.0,0.0,0.0,0.0,0.0,0.0,-3.0,-12.0,0.0,-8.0,4.0,-5.0,8.0,-2.0,12.0,0.0,17.0,2.0,20.0,3.0,24.0,3.0,27.0,2.0,28.0,2.0,29.0,1.0,28.0,0.0,27.0,-1.0,25.0,-2.0,21.0,-2.0,17.0,-2.0,12.0,0.0,7.0,2.0,3.0,6.0,-2.0,9.0,-5.0,12.0,-8.0,17.0,-10.0,21.0,-11.0,24.0,-11.0,26.0,-11.0,28.0
2.1572,122.0,-96.0,7.0,0.0,0.0,0.0,0.0,0.0,0.0,0.0,0.0,0.0,21.0,-7.0,19.0,-7.0,17.0,-6.0,13.0,-5.0,10.0,-3.0,7.0,0.0,3.0,4.0,0.0,8.0,-1.0,12.0,-3.0,15.0,-5.0,18.0,-5.0,21.0,-6.0,24.0,-4.0,26.0,-4.0,26.0,-3.0,26.0,-2.0,25.0,-2.0,22.0,-1.0,20.0,-2.0,15.0,-3.0,11.0,-4.0,6.0,-7.0,2.0,-8.0,-3.0,-11.0,-7.0,-15.0,-10.0
2.1722,122.0,-96.0,7.0,0.0,0.0,0.0,0.0,0.0,0.0,0.0,0.0,0.0,-16.0,19.0,-15.0,18.0,-13.0,15.0,-11.0,11.0,-9.0,7.0,-8.0,2.0,-7.0,-3.0,-7.0,-8.0,-7.0,-13.0,-7.0,-17.0,-8.0,-21.0,-9.0,-25.0,-11.0,-26.0,-12.0,-28.0,-13.0,-28.0,-14.0,-27.0,-14.0,-25.0,-12.0,-22.0,-11.0,-19.0,-8.0,-15.0,-4.0,-11.0,0.0,-8.0,5.0,-5.0,10.0,-2.0,15.0,0.0,20.0,1.0
2.1771,98.0,33.0,22.0,0.0,0.0,0.0,0.0,0.0,0.0,0.0,0.0,0.0,-20.0,-14.0,-21.0,-14.0,-21.0,-13.0,-21.0,-13.0,-20.0,-11.0,-18.0,-9.0,-16.0,-6.0,-13.0,-3.0,-10.0,0.0,-6.0,3.0,-2.0,6.0,2.0,8.0,7.0,10.0,10.0,11.0,14.0,12.0,18.0,12.0,20.0,11.0,23.0,11.0,24.0,9.0,24.0,7.0,22.0,5.0,19.0,4.0,16.0,3.0,9.0,1.0,4.0,0.0,-3.0,0.0
2.1931,122.0,-96.0,7.0,0.0,0.0,0.0,0.0,0.0,0.0,0.0,0.0,0.0,-11.0,-8.0,-6.0,-7.0,0.0,-7.0,5.0,-8.0,11.0,-10.0,16.0,-12.0,19.0,-14.0,22.0,-16.0,24.0,-19.0,25.0,-20.0,25.0,-22.0,24.0,-22.0,22.0,-22.0,19.0,-21.0,16.0,-18.0,14.0,-14.0,11.0,-9.0,9.0,-4.0,7.0,2.0,5.0,8.0,6.0,14.0,6.0,20.0,7.0,25.0,9.0,28.0,11.0,31.0,12.0,32.0
2.2079,122.0,-96.0,7.0,0.0,0.0,0.0,0.0,0.0,0.0,0.0,0.0,0.0,11.0,2.0,15.0,4.0,19.0,5.0,22.0,6.0,25.0,7.0,27.0,7.0,28.0,6.0,28.0,5.0,27.0,4.0,24.0,4.0,21.0,3.0,17.0,4.0,12.0,3.0,8.0,4.0,3.0,5.0,-2.0,7.0,-8.0,10.0,-11.0,13.0,-15.0,16.0,-17.0,19.0,-19.0,22.0,-19.0,24.0,-20.0,25.0,-18.0,25.0,-16.0,25.0,-15.0,23.0
2.2222,122.0,-96.0,7.0,0.0,0.0,0.0,0.0,0.0,0.0,0.0,0.0,0.0,24.0,-8.0,21.0,-8.0,19.0,-7.0,15.0,-5.0,11.0,-3.0,7.0,1.0,4.0,4.0,1.0,8.0,-2.0,13.0,-4.0,17.0,-6.0,20.0,-7.0,23.0,-7.0,27.0,-7.0,28.0,-6.0,29.0,-4.0,29.0,-4.0,27.0,-3.0,25.0,-3.0,21.0,-3.0,17.0,-4.0,12.0,-5.0,7.0,-7.0,2.0,-9.0,-3.0,-12.0,-8.0,-16.0,-12.0
2.2355,122.0,-96.0,7.0,0.0,0.0,0.0,0.0,0.0,0.0,0.0,0.0,0.0,2.0,25.0,2.0,22.0,2.0,20.0,1.0,16.0,0.0,12.0,-3.0,7.0,-6.0,3.0,-9.0,-1.0,-13.0,-4.0,-16.0,-7.0,-19.0,-9.0,-22.0,-11.0,-25.0,-12.0,-28.0,-12.0,-29.0,-11.0,-28.0,-11.0,-28.0,-9.0,-25.0,-8.0,-22.0,-7.0,-18.0,-6.0,-14.0,-6.0,-8.0,-6.0,-3.0,-7.0,3.0,-8.0,8.0,-9.0,13.0,-12.0
2.2496,122.0,-96.0,7.0,0.0,0.0,0.0,0.0,0.0,0.0,0.0,0.0,0.0,-13.0,-20.0,-14.0,-21.0,-15.0,-21.0,-15.0,-20.0,-15.0,-19.0,-14.0,-17.0,-12.0,-15.0,-9.0,-13.0,-6.0,-10.0,-2.0,-8.0,2.0,-6.0,7.0,-4.0,11.0,-3.0,16.0,-2.0,19.0,-1.0,23.0,-1.0,25.0,-2.0,26.0,-2.0,27.0,-3.0,26.0,-3.0,25.0,-4.0,23.0,-4.0,20.0,-3.0,15.0,-3.0,11.0,-1.0,7.0,1.0
2.2628,122.0,-96.0,7.0,0.0,0.0,0.0,0.0,0.0,0.0,0.0,0.0,0.0,-1.0,11.0,-1.0,11.0,-1.0,11.0,-1.0,12.0,0.0,12.0,-1.0,12.0,0.0,12.0,-1.0,13.0,-1.0,12.0,-1.0,13.0,0.0,12.0,0.0,12.0,-1.0,12.0,0.0,12.0,-1.0,13.0,0.0,13.0,1.0,14.0,0.0,14.0,0.0,13.0,0.0,13.0,0.0,13.0,0.0,14.0,0.0,13.0,1.0,14.0,1.0,14.0,1.0,14.0
2.2764,122.0,-96.0,7.0,0.0,0.0,0.0,0.0,0.0,0.0,0.0,0.0,0.0,-11.0,-5.0,-6.0,-5.0,-2.0,-6.0,3.0,-8.0,8.0,-11.0,11.0,-14.0,14.0,-16.0,16.0,-19.0,17.0,-21.0,18.0,-23.0,18.0,-24.0,16.0,-24.0,15.0,-23.0,13.0,-22.0,11.0,-19.0,9.0,-15.0,7.0,-10.0,7.0,-5.0,7.0,0.0,6.0,6.0,8.0,11.0,9.0,16.0,11.0,20.0,13.0,23.0,15.0,24.0,16.0,25.0
2.2909,122.0,-96.0,7.0,0.0,0.0,0.0,0.0,0.0,0.0,0.0,0.0,0.0,13.0,-18.0,14.0,-20.0,14.0,-21.0,13.0,-21.0,12.0,-20.0,11.0,-19.0,10.0,-16.0,8.0,-13.0,7.0,-9.0,6.0,-4.0,5.0,0.0,6.0,5.0,6.0,10.0,7.0,14.0,7.0,18.0,8.0,21.0,10.0,23.0,10.0,24.0,12.0,25.0,12.0,24.0,11.0,23.0,10.0,20.0,10.0,17.0,7.0,13.0,4.0,10.0,1.0,7.0
2.3055,122.0,-96.0,7.0,0.0,0.0,0.0,0.0,0.0,0.0,0.0,0.0,0.0,-19.0,-18.0,-17.0,-16.0,-15.0,-14.0,-12.0,-12.0,-8.0,-10.0,-3.0,-8.0,1.0,-7.0,7.0,-6.0,11.0,-5.0,16.0,-6.0,20.0,-6.0,23.0,-7.0,26.0,-8.0,28.0,-10.0,28.0,-11.0,27.0,-12.0,25.0,-12.0,23.0,-11.0,19.0,-10.0,15.0,-8.0,12.0,-4.0,8.0,0.0,5.0,4.0,1.0,9.0,-1.0,13.0,-3.0,19.0
2.3193,122.0,-96.0,7.0,0.0,0.0,0.0,0.0,0.0,0.0,0.0,0.0,0.0,10.0,1.0,6.0,3.0,2.0,5.0,-2.0,8.0,-6.0,12.0,-9.0,15.0,-11.0,18.0,-12.0,22.0,-12.0,25.0,-13.0,26.0,-12.0,27.0,-10.0,26.0,-9.0,25.0,-7.0,23.0,-6.0,19.0,-5.0,15.0,-6.0,10.0,-6.0,5.0,-8.0,-1.0,-10.0,-6.0,-12.0,-10.0,-15.0,-14.0,-18.0,-17.0,-21.0,-19.0,-23.0,-20.0,-24.0,-20.0
2.3351,122.0,-96.0,7.0,0.0,0.0,0.0,0.0,0.0,0.0,0.0,0.0,0.0,-8.0,-9.0,-9.0,-9.0,-8.0,-9.0,-9.0,-9.0,-9.0,-9.0,-10.0,-10.0,-9.0,-9.0,-10.0,-9.0,-10.0,-9.0,-10.0,-9.0,-10.0,-9.0,-10.0,-9.0,-10.0,-10.0,-10.0,-9.0,-11.0,-9.0,-10.0,-10.0,-11.0,-9.0,-11.0,-9.0,-11.0,-9.0,-11.0,-9.0,-11.0,-9.0,-11.0,-9.0,-11.0,-9.0,-11.0,-9.0,-11.0,-9.0,-12.0,-9.0
2.3481,122.0,-96.0,7.0,0.0,0.0,0.0,0.0,0.0,0.0,0.0,0.0,0.0,10.0,4.0,5.0,5.0,0.0,6.0,-5.0,7.0,-9.0,9.0,-13.0,12.0,-16.0,14.0,-19.0,17.0,-20.0,19.0,-20.0,20.0,-20.0,22.0,-19.0,22.0,-17.0,21.0,-15.0,21.0,-13.0,17.0,-11.0,13.0,-9.0,9.0,-8.0,4.0,-7.0,-2.0,-7.0,-7.0,-8.0,-12.0,-9.0,-17.0,-11.0,-21.0,-13.0,-24.0,-15.0,-26.0,-16.0,-27.0
2.3605,122.0,-96.0,7.0,0.0,0.0,0.0,0.0,0.0,0.0,0.0,0.0,0.0,-8.0,-9.0,-10.0,-12.0,-11.0,-15.0,-13.0,-18.0,-15.0,-19.0,-17.0,-21.0,-17.0,-21.0,-18.0,-19.0,-17.0,-18.0,-16.0,-16.0,-13.0,-14.0,-10.0,-12.0,-6.0,-10.0,-2.0,-7.0,2.0,-6.0,7.0,-5.0,13.0,-5.0,17.0,-4.0,21.0,-5.0,23.0,-5.0,26.0,-7.0,27.0,-7.0,26.0,-9.0,25.0,-9.0,23.0,-10.0,21.0,-9.0
2.3752,122.0,-96.0,7.0,0.0,0.0,0.0,0.0,0.0,0.0,0.0,0.0,0.0,22.0,-3.0,20.0,-3.0,17.0,-3.0,14.0,-2.0,10.0,-1.0,6.0,2.0,2.0,5.0,-1.0,7.0,-4.0,11.0,-7.0,15.0,-9.0,17.0,-10.0,20.0,-10.0,22.0,-10.0,25.0,-9.0,25.0,-8.0,25.0,-7.0,23.0,-6.0,22.0,-5.0,18.0,-5.0,15.0,-5.0,10.0,-6.0,6.0,-7.0,0.0,-8.0,-5.0,-10.0,-9.0,-13.0,-13.0
2.3909,122.0,-96.0,7.0,0.0,0.0,0.0,0.0,0.0,0.0,0.0,0.0,0.0,-5.0,-12.0,-1.0,-8.0,4.0,-5.0,9.0,-3.0,14.0,-2.0,20.0,0.0,24.0,0.0,28.0,0.0,31.0,-1.0,32.0,-2.0,33.0,-4.0,31.0,-5.0,29.0,-6.0,27.0,-6.0,22.0,-5.0,18.0,-3.0,13.0,-1.0,8.0,3.0,3.0,7.0,-2.0,11.0,-5.0,16.0,-8.0,21.0,-9.0,26.0,-9.0,29.0,-9.0,32.0,-8.0,33.0
2.4048,122.0,-96.0,7.0,0.0,0.0,0.0,0.0,0.0,0.0,0.0,0.0,0.0,-6.0,13.0,-5.0,13.0,-5.0,13.0,-6.0,14.0,-6.0,14.0,-5.0,14.0,-5.0,14.0,-5.0,15.0,-5.0,15.0,-5.0,15.0,-6.0,15.0,-6.0,15.0,-5.0,15.0,-5.0,15.0,-5.0,16.0,-5.0,15.0,-5.0,16.0,-5.0,15.0,-5.0,16.0,-5.0,16.0,-5.0,16.0,-5.0,16.0,-4.0,17.0,-4.0,17.0,-4.0,17.0,-5.0,17.0
2.4205,122.0,-96.0,7.0,0.0,0.0,0.0,0.0,0.0,0.0,0.0,0.0,0.0,12.0,6.0,12.0,6.0,13.0,6.0,13.0,7.0,13.0,6.0,14.0,6.0,14.0,6.0,15.0,6.0,14.0,6.0,14.0,6.0,14.0,6.0,14.0,6.0,14.0,6.0,15.0,6.0,15.0,6.0,15.0,6.0,15.0,5.0,15.0,6.0,15.0,5.0,15.0,6.0,16.0,6.0,16.0,6.0,16.0,6.0,16.0,6.0,16.0,6.0,16.0,5.0
2.435,122.0,-96.0,7.0,0.0,0.0,0.0,0.0,0.0,0.0,0.0,0.0,0.0,-12.0,0.0,-16.0,-1.0,-19.0,-2.0,-22.0,-1.0,-24.0,-1.0,-26.0,-1.0,-26.0,0.0,-26.0,1.0,-25.0,1.0,-22.0,1.0,-19.0,0.0,-15.0,-1.0,-11.0,-2.0,-7.0,-4.0,-3.0,-6.0,1.0,-9.0,5.0,-13.0,8.0,-16.0,10.0,-20.0,11.0,-22.0,11.0,-25.0,11.0,-26.0,10.0,-26.0,9.0,-25.0,8.0,-25.0,7.0,-22.0
2.4484,122.0,-96.0,7.0,0.0,0.0,0.0,0.0,0.0,0.0,0.0,0.0,0.0,14.0,0.0,14.0,0.0,14.0,0.0,14.0,0.0,15.0,0.0,16.0,0.0,15.0,-1.0,16.0,-1.0,15.0,0.0,16.0,-1.0,16.0,-1.0,16.0,-1.0,16.0,-1.0,16.0,-1.0,16.0,-1.0,16.0,-1.0,16.0,-2.0,16.0,-1.0,17.0,-1.0,17.0,-1.0,17.0,-2.0,17.0,-1.0,17.0,-2.0,18.0,-3.0,17.0,-2.0,17.0,-2.0
2.4599,122.0,-96.0,7.0,0.0,0.0,0.0,0.0,0.0,0.0,0.0,0.0,0.0,8.0,9.0,3.0,7.0,-2.0,6.0,-8.0,5.0,-14.0,6.0,-19.0,7.0,-23.0,8.0,-27.0,10.0,-29.0,12.0,-30.0,13.0,-30.0,15.0,-29.0,16.0,-27.0,16.0,-24.0,16.0,-21.0,12.0,-17.0,10.0,-13.0,6.0,-10.0,1.0,-7.0,-5.0,-5.0,-10.0,-3.0,-16.0,-3.0,-21.0,-3.0,-27.0,-4.0,-31.0,-5.0,-34.0,-6.0,-35.0
2.4745,122.0,-96.0,7.0,0.0,0.0,0.0,0.0,0.0,0.0,0.0,0.0,0.0,-4.0,13.0,-4.0,13.0,-5.0,14.0,-4.0,14.0,-5.0,14.0,-4.0,15.0,-4.0,15.0,-4.0,15.0,-4.0,14.0,-4.0,15.0,-4.0,15.0,-4.0,16.0,-4.0,15.0,-4.0,16.0,-4.0,16.0,-4.0,16.0,-3.0,16.0,-3.0,16.0,-3.0,16.0,-4.0,16.0,-3.0,16.0,-3.0,17.0,-2.0,17.0,-2.0,17.0,-2.0,17.0,-2.0,17.0
2.4886,122.0,-96.0,7.0,0.0,0.0,0.0,0.0,0.0,0.0,0.0,0.0,0.0,7.0,-10.0,5.0,-5.0,6.0,0.0,6.0,5.0,6.0,10.0,8.0,14.0,9.0,18.0,11.0,21.0,13.0,23.0,15.0,24.0,16.0,24.0,17.0,23.0,17.0,21.0,16.0,19.0,14.0,17.0,11.0,14.0,7.0,11.0,3.0,8.0,-2.0,6.0,-7.0,5.0,-13.0,3.0,-18.0,3.0,-22.0,3.0,-26.0,4.0,-28.0,5.0,-30.0,6.0
2.5023,122.0,-96.0,7.0,0.0,0.0,0.0,0.0,0.0,0.0,0.0,0.0,0.0,23.0,-1.0,24.0,-2.0,25.0,-2.0,24.0,-3.0,22.0,-4.0,20.0,-3.0,17.0,-3.0,14.0,-2.0,10.0,0.0,6.0,3.0,2.0,5.0,-2.0,8.0,-5.0,12.0,-8.0,15.0,-10.0,18.0,-11.0,21.0,-12.0,23.0,-12.0,24.0,-11.0,25.0,-10.0,25.0,-9.0,24.0,-7.0,21.0,-7.0,18.0,-6.0,13.0,-5.0,8.0,-6.0,3.0
2.5154,122.0,-96.0,7.0,0.0,0.0,0.0,0.0,0.0,0.0,0.0,0.0,0.0,5.0,9.0,1.0,6.0,-4.0,5.0,-9.0,3.0,-13.0,2.0,-19.0,2.0,-22.0,2.0,-26.0,3.0,-28.0,4.0,-29.0,5.0,-29.0,7.0,-28.0,7.0,-26.0,8.0,-24.0,8.0,-20.0,6.0,-16.0,4.0,-12.0,1.0,-8.0,-2.0,-5.0,-7.0,-1.0,-11.0,1.0,-16.0,3.0,-20.0,3.0,-25.0,3.0,-28.0,2.0,-30.0,2.0,-31.0
2.5308,122.0,-96.0,7.0,0.0,0.0,0.0,0.0,0.0,0.0,0.0,0.0,0.0,-10.0,6.0,-10.0,6.0,-10.0,6.0,-11.0,7.0,-10.0,6.0,-11.0,7.0,-10.0,7.0,-10.0,7.0,-11.0,7.0,-11.0,8.0,-11.0,7.0,-11.0,7.0,-11.0,7.0,-11.0,8.0,-11.0,8.0,-11.0,8.0,-11.0,7.0,-10.0,8.0,-11.0,8.0,-11.0,8.0,-11.0,8.0,-11.0,8.0,-11.0,9.0,-11.0,8.0,-11.0,8.0,-11.0,9.0
2.5356,98.0,33.0,22.0,0.0,0.0,0.0,0.0,0.0,0.0,0.0,0.0,0.0,-12.0,24.0,-13.0,24.0,-11.0,24.0,-10.0,23.0,-8.0,21.0,-7.0,19.0,-4.0,15.0,0.0,11.0,2.0,8.0,5.0,2.0,8.0,-2.0,9.0,-7.0,10.0,-12.0,10.0,-16.0,11.0,-20.0,9.0,-24.0,8.0,-27.0,6.0,-28.0,4.0,-29.0,2.0,-28.0,1.0,-26.0,0.0,-23.0,-1.0,-19.0,-1.0,-12.0,0.0,-6.0,1.0,0.0
2.5503,122.0,-96.0,7.0,0.0,0.0,0.0,0.0,0.0,0.0,0.0,0.0,0.0,-2.0,-23.0,-3.0,-25.0,-3.0,-25.0,-3.0,-25.0,-4.0,-24.0,-4.0,-22.0,-3.0,-19.0,-2.0,-16.0,-1.0,-12.0,2.0,-8.0,4.0,-4.0,8.0,0.0,11.0,3.0,14.0,6.0,18.0,9.0,20.0,10.0,23.0,11.0,24.0,12.0,25.0,11.0,25.0,10.0,23.0,10.0,21.0,8.0,18.0,7.0,14.0,5.0,10.0,5.0,5.0,5.0
2.5638,122.0,-96.0,7.0,0.0,0.0,0.0,0.0,0.0,0.0,0.0,0.0,0.0,-13.0,-23.0,-15.0,-24.0,-15.0,-24.0,-16.0,-24.0,-15.0,-22.0,-14.0,-20.0,-12.0,-17.0,-9.0,-14.0,-6.0,-11.0,-1.0,-9.0,4.0,-6.0,9.0,-4.0,14.0,-2.0,19.0,-1.0,23.0,-1.0,26.0,0.0,29.0,-1.0,30.0,-1.0,31.0,-2.0,29.0,-3.0,28.0,-3.0,24.0,-3.0,20.0,-3.0,15.0,-2.0,11.0,0.0,6.0,3.0
2.5767,122.0,-96.0,7.0,0.0,0.0,0.0,0.0,0.0,0.0,0.0,0.0,0.0,6.0,9.0,7.0,9.0,7.0,9.0,7.0,8.0,7.0,9.0,7.0,9.0,8.0,9.0,8.0,9.0,8.0,10.0,8.0,9.0,8.0,9.0,8.0,10.0,8.0,9.0,8.0,9.0,8.0,9.0,8.0,10.0,9.0,9.0,9.0,9.0,9.0,9.0,9.0,9.0,9.0,9.0,9.0,10.0,9.0,9.0,9.0,10.0,9.0,9.0,9.0,9.0
2.592,122.0,-96.0,7.0,0.0,0.0,0.0,0.0,0.0,0.0,0.0,0.0,0.0,-17.0,14.0,-16.0,14.0,-14.0,11.0,-11.0,8.0,-9.0,5.0,-7.0,1.0,-6.0,-3.0,-5.0,-8.0,-4.0,-13.0,-4.0,-17.0,-4.0,-20.0,-5.0,-23.0,-6.0,-25.0,-7.0,-27.0,-8.0,-27.0,-8.0,-26.0,-9.0,-24.0,-8.0,-21.0,-7.0,-18.0,-5.0,-14.0,-2.0,-11.0,1.0,-7.0,5.0,-4.0,9.0,-1.0,13.0,2.0,18.0,3.0
2.6054,122.0,-96.0,7.0,0.0,0.0,0.0,0.0,0.0,0.0,0.0,0.0,0.0,17.0,-15.0,15.0,-13.0,14.0,-12.0,11.0,-9.0,8.0,-6.0,6.0,-2.0,5.0,3.0,3.0,7.0,2.0,12.0,2.0,16.0,2.0,19.0,3.0,22.0,4.0,25.0,5.0,26.0,6.0,26.0,7.0,25.0,7.0,23.0,6.0,21.0,5.0,17.0,3.0,14.0,1.0,10.0,-3.0,6.0,-6.0,2.0,-10.0,-1.0,-14.0,-4.0,-19.0,-5.0
2.6213,122.0,-96.0,7.0,0.0,0.0,0.0,0.0,0.0,0.0,0.0,0.0,0.0,-22.0,5.0,-20.0,5.0,-17.0,4.0,-14.0,2.0,-11.0,1.0,-7.0,-2.0,-4.0,-5.0,-1.0,-9.0,1.0,-13.0,4.0,-17.0,5.0,-20.0,6.0,-23.0,6.0,-25.0,5.0,-27.0,5.0,-27.0,4.0,-27.0,3.0,-25.0,2.0,-23.0,1.0,-19.0,2.0,-15.0,3.0,-11.0,4.0,-5.0,6.0,-1.0,8.0,4.0,10.0,8.0,14.0,11.0
2.6352,122.0,-96.0,7.0,0.0,0.0,0.0,0.0,0.0,0.0,0.0,0.0,0.0,-6.0,9.0,-6.0,5.0,-6.0,-1.0,-7.0,-5.0,-9.0,-10.0,-12.0,-15.0,-14.0,-18.0,-16.0,-21.0,-18.0,-22.0,-19.0,-23.0,-21.0,-23.0,-20.0,-21.0,-21.0,-20.0,-20.0,-17.0,-16.0,-15.0,-13.0,-13.0,-9.0,-11.0,-4.0,-8.0,2.0,-7.0,7.0,-6.0,13.0,-6.0,18.0,-6.0,22.0,-8.0,25.0,-9.0,27.0,-11.0,29.0,-12.0
2.6478,122.0,-96.0,7.0,0.0,0.0,0.0,0.0,0.0,0.0,0.0,0.0,0.0,-6.0,-10.0,-7.0,-14.0,-8.0,-17.0,-9.0,-20.0,-11.0,-22.0,-12.0,-23.0,-13.0,-24.0,-14.0,-23.0,-13.0,-21.0,-12.0,-19.0,-10.0,-17.0,-8.0,-14.0,-5.0,-11.0,-1.0,-8.0,3.0,-5.0,7.0,-3.0,12.0,-2.0,16.0,0.0,21.0,0.0,23.0,0.0,26.0,-1.0,28.0,-1.0,28.0,-2.0,27.0,-2.0,26.0,-4.0,23.0,-4.0
2.6627,122.0,-96.0,7.0,0.0,0.0,0.0,0.0,0.0,0.0,0.0,0.0,0.0,-10.0,3.0,-10.0,4.0,-10.0,4.0,-10.0,4.0,-10.0,4.0,-11.0,4.0,-11.0,4.0,-10.0,5.0,-11.0,5.0,-11.0,5.0,-11.0,5.0,-11.0,4.0,-11.0,5.0,-11.0,5.0,-11.0,5.0,-11.0,5.0,-11.0,5.0,-11.0,5.0,-11.0,5.0,-11.0,6.0,-11.0,6.0,-11.0,6.0,-11.0,6.0,-11.0,6.0,-11.0,6.0,-11.0,6.0
2.6769,122.0,-96.0,7.0,0.0,0.0,0.0,0.0,0.0,0.0,0.0,0.0,0.0,-21.0,10.0,-22.0,11.0,-22.0,12.0,-22.0,12.0,-20.0,12.0,-19.0,11.0,-16.0,9.0,-13.0,7.0,-11.0,4.0,-8.0,0.0,-5.0,-4.0,-3.0,-9.0,-1.0,-14.0,0.0,-18.0,1.0,-22.0,1.0,-24.0,1.0,-27.0,1.0,-28.0,0.0,-29.0,-1.0,-27.0,-1.0,-26.0,-2.0,-23.0,-2.0,-20.0,-1.0,-15.0,1.0,-11.0,3.0,-6.0
2.6919,122.0,-96.0,7.0,0.0,0.0,0.0,0.0,0.0,0.0,0.0,0.0,0.0,-12.0,-4.0,-12.0,-3.0,-12.0,-4.0,-13.0,-4.0,-13.0,-3.0,-13.0,-3.0,-13.0,-4.0,-14.0,-4.0,-12.0,-3.0,-13.0,-4.0,-14.0,-3.0,-13.0,-4.0,-13.0,-4.0,-13.0,-3.0,-13.0,-3.0,-14.0,-3.0,-14.0,-2.0,-14.0,-3.0,-14.0,-3.0,-14.0,-3.0,-14.0,-3.0,-14.0,-2.0,-14.0,-2.0,-14.0,-2.0,-14.0,-2.0,-14.0,-2.0
2.7055,122.0,-96.0,7.0,0.0,0.0,0.0,0.0,0.0,0.0,0.0,0.0,0.0,0.0,11.0,-2.0,7.0,-5.0,3.0,-9.0,-1.0,-13.0,-4.0,-17.0,-6.0,-21.0,-8.0,-24.0,-9.0,-27.0,-9.0,-28.0,-9.0,-29.0,-8.0,-29.0,-7.0,-28.0,-6.0,-26.0,-4.0,-22.0,-4.0,-17.0,-3.0,-13.0,-4.0,-8.0,-5.0,-2.0,-7.0,3.0,-9.0,8.0,-12.0,11.0,-15.0,15.0,-19.0,16.0,-22.0,18.0,-24.0,18.0,-26.0
2.7185,122.0,-96.0,7.0,0.0,0.0,0.0,0.0,0.0,0.0,0.0,0.0,0.0,24.0,-7.0,22.0,-6.0,19.0,-5.0,15.0,-4.0,11.0,-2.0,7.0,2.0,3.0,5.0,-1.0,9.0,-4.0,14.0,-6.0,17.0,-8.0,20.0,-9.0,23.0,-9.0,27.0,-9.0,29.0,-8.0,29.0,-7.0,28.0,-6.0,27.0,-5.0,24.0,-4.0,20.0,-4.0,15.0,-5.0,10.0,-6.0,5.0,-8.0,-1.0,-10.0,-6.0,-12.0,-12.0,-15.0,-15.0
2.7328,122.0,-96.0,7.0,0.0,0.0,0.0,0.0,0.0,0.0,0.0,0.0,0.0,10.0,6.0,12.0,10.0,15.0,13.0,18.0,15.0,20.0,16.0,22.0,17.0,24.0,17.0,24.0,16.0,23.0,14.0,21.0,13.0,18.0,11.0,14.0,10.0,10.0,8.0,5.0,7.0,0.0,6.0,-6.0,6.0,-12.0,6.0,-17.0,7.0,-21.0,8.0,-25.0,9.0,-28.0,11.0,-29.0,12.0,-29.0,13.0,-28.0,14.0,-26.0,15.0,-24.0,13.0
2.7481,122.0,-96.0,7.0,0.0,0.0,0.0,0.0,0.0,0.0,0.0,0.0,0.0,-7.0,10.0,-7.0,10.0,-7.0,11.0,-8.0,10.0,-7.0,11.0,-7.0,11.0,-7.0,12.0,-7.0,12.0,-8.0,12.0,-8.0,12.0,-7.0,12.0,-7.0,12.0,-8.0,12.0,-7.0,12.0,-7.0,13.0,-8.0,13.0,-7.0,12.0,-7.0,13.0,-7.0,13.0,-8.0,13.0,-7.0,13.0,-7.0,13.0,-7.0,14.0,-7.0,14.0,-7.0,13.0,-7.0,14.0
2.7526,98.0,33.0,22.0,0.0,0.0,0.0,0.0,0.0,0.0,0.0,0.0,0.0,-13.0,21.0,-12.0,19.0,-9.0,16.0,-6.0,14.0,-2.0,11.0,2.0,7.0,6.0,4.0,10.0,1.0,13.0,-3.0,16.0,-6.0,18.0,-10.0,20.0,-13.0,20.0,-15.0,20.0,-18.0,19.0,-19.0,17.0,-20.0,14.0,-20.0,11.0,-18.0,9.0,-16.0,5.0,-12.0,2.0,-6.0,-1.0,0.0,-4.0,5.0,-7.0,12.0,-9.0,18.0,-10.0,24.0
2.7671,122.0,-96.0,7.0,0.0,0.0,0.0,0.0,0.0,0.0,0.0,0.0,0.0,-12.0,5.0,-9.0,0.0,-6.0,-4.0,-4.0,-10.0,-2.0,-15.0,-1.0,-21.0,-1.0,-25.0,-1.0,-29.0,-2.0,-32.0,-3.0,-34.0,-4.0,-34.0,-5.0,-33.0,-6.0,-31.0,-7.0,-29.0,-6.0,-24.0,-4.0,-20.0,-2.0,-15.0,2.0,-9.0,6.0,-5.0,10.0,0.0,15.0,3.0,20.0,7.0,25.0,8.0,28.0,9.0,32.0,9.0,33.0,9.0
2.7807,122.0,-96.0,7.0,0.0,0.0,0.0,0.0,0.0,0.0,0.0,0.0,0.0,14.0,20.0,17.0,21.0,17.0,21.0,17.0,21.0,17.0,19.0,16.0,18.0,14.0,15.0,11.0,13.0,7.0,10.0,3.0,8.0,-2.0,5.0,-8.0,4.0,-13.0,3.0,-18.0,2.0,-22.0,2.0,-26.0,1.0,-29.0,2.0,-31.0,3.0,-32.0,4.0,-31.0,5.0,-30.0,5.0,-27.0,6.0,-24.0,5.0,-19.0,3.0,-15.0,1.0,-10.0,-1.0
2.7946,122.0,-96.0,7.0,0.0,0.0,0.0,0.0,0.0,0.0,0.0,0.0,0.0,5.0,8.0,6.0,8.0,7.0,8.0,6.0,8.0,6.0,8.0,6.0,9.0,6.0,8.0,7.0,8.0,7.0,8.0,7.0,8.0,7.0,9.0,6.0,9.0,6.0,9.0,7.0,9.0,7.0,9.0,7.0,9.0,7.0,9.0,8.0,8.0,8.0,9.0,7.0,9.0,8.0,9.0,8.0,9.0,8.0,8.0,8.0,9.0,8.0,9.0,8.0,9.0
2.8087,122.0,-96.0,7.0,0.0,0.0,0.0,0.0,0.0,0.0,0.0,0.0,0.0,5.0,-12.0,5.0,-6.0,6.0,0.0,8.0,5.0,10.0,10.0,14.0,15.0,16.0,18.0,19.0,21.0,22.0,23.0,23.0,22.0,24.0,22.0,24.0,20.0,24.0,18.0,22.0,16.0,19.0,14.0,13.0,11.0,8.0,9.0,2.0,7.0,-5.0,7.0,-10.0,6.0,-17.0,7.0,-22.0,8.0,-26.0,10.0,-29.0,12.0,-31.0,14.0,-32.0,15.0
2.8225,122.0,-96.0,7.0,0.0,0.0,0.0,0.0,0.0,0.0,0.0,0.0,0.0,11.0,1.0,11.0,1.0,11.0,1.0,11.0,1.0,11.0,1.0,12.0,1.0,12.0,1.0,12.0,1.0,12.0,1.0,12.0,1.0,12.0,1.0,13.0,1.0,12.0,1.0,12.0,0.0,13.0,0.0,13.0,1.0,13.0,-1.0,13.0,0.0,13.0,0.0,13.0,0.0,13.0,0.0,13.0,0.0,13.0,0.0,13.0,-1.0,13.0,0.0,14.0,-1.0
2.8355,122.0,-96.0,7.0,0.0,0.0,0.0,0.0,0.0,0.0,0.0,0.0,0.0,1.0,25.0,1.0,23.0,0.0,19.0,0.0,15.0,-2.0,11.0,-4.0,6.0,-7.0,1.0,-10.0,-3.0,-13.0,-6.0,-17.0,-10.0,-20.0,-12.0,-22.0,-14.0,-25.0,-15.0,-27.0,-14.0,-28.0,-14.0,-27.0,-13.0,-26.0,-12.0,-23.0,-10.0,-20.0,-8.0,-16.0,-7.0,-10.0,-7.0,-4.0,-6.0,2.0,-7.0,7.0,-8.0,12.0,-9.0,17.0,-12.0
2.8499,122.0,-96.0,7.0,0.0,0.0,0.0,0.0,0.0,0.0,0.0,0.0,0.0,-12.0,19.0,-11.0,18.0,-9.0,15.0,-8.0,11.0,-7.0,7.0,-7.0,3.0,-6.0,-2.0,-6.0,-7.0,-7.0,-12.0,-8.0,-15.0,-9.0,-19.0,-10.0,-21.0,-12.0,-23.0,-14.0,-24.0,-15.0,-25.0,-14.0,-23.0,-15.0,-22.0,-13.0,-19.0,-11.0,-16.0,-9.0,-13.0,-5.0,-10.0,0.0,-7.0,4.0,-5.0,9.0,-2.0,13.0,-1.0,19.0,0.0
2.8639,122.0,-96.0,7.0,0.0,0.0,0.0,0.0,0.0,0.0,0.0,0.0,0.0,-9.0,-8.0,-11.0,-12.0,-13.0,-14.0,-15.0,-17.0,-17.0,-18.0,-19.0,-19.0,-19.0,-19.0,-20.0,-18.0,-19.0,-17.0,-18.0,-15.0,-15.0,-13.0,-12.0,-11.0,-8.0,-9.0,-4.0,-8.0,1.0,-6.0,6.0,-5.0,11.0,-5.0,16.0,-5.0,20.0,-6.0,23.0,-7.0,25.0,-9.0,26.0,-9.0,27.0,-10.0,25.0,-11.0,24.0,-12.0,21.0,-11.0
2.8781,122.0,-96.0,7.0,0.0,0.0,0.0,0.0,0.0,0.0,0.0,0.0,0.0,11.0,-2.0,10.0,-3.0,11.0,-3.0,11.0,-3.0,12.0,-3.0,12.0,-3.0,11.0,-4.0,11.0,-4.0,12.0,-4.0,11.0,-4.0,12.0,-4.0,12.0,-4.0,12.0,-4.0,12.0,-4.0,11.0,-4.0,12.0,-4.0,13.0,-4.0,12.0,-4.0,12.0,-5.0,12.0,-5.0,12.0,-5.0,12.0,-5.0,12.0,-5.0,12.0,-5.0,12.0,-5.0,12.0,-6.0
2.8945,122.0,-96.0,7.0,0.0,0.0,0.0,0.0,0.0,0.0,0.0,0.0,0.0,-7.0,-11.0,-2.0,-8.0,3.0,-6.0,8.0,-5.0,14.0,-4.0,20.0,-4.0,24.0,-4.0,28.0,-4.0,30.0,-6.0,32.0,-7.0,32.0,-8.0,31.0,-9.0,29.0,-10.0,27.0,-10.0,23.0,-8.0,18.0,-6.0,14.0,-3.0,9.0,1.0,4.0,5.0,0.0,10.0,-3.0,15.0,-5.0,21.0,-6.0,26.0,-7.0,29.0,-7.0,32.0,-6.0,34.0
2.9073,122.0,-96.0,7.0,0.0,0.0,0.0,0.0,0.0,0.0,0.0,0.0,0.0,9.0,3.0,10.0,3.0,10.0,3.0,10.0,3.0,10.0,3.0,10.0,3.0,11.0,3.0,11.0,3.0,11.0,3.0,11.0,3.0,11.0,3.0,12.0,3.0,11.0,3.0,12.0,3.0,12.0,3.0,12.0,3.0,12.0,3.0,12.0,3.0,12.0,3.0,12.0,3.0,11.0,3.0,12.0,3.0,12.0,3.0,12.0,3.0,12.0,3.0,13.0,3.0
2.9222,122.0,-96.0,7.0,0.0,0.0,0.0,0.0,0.0,0.0,0.0,0.0,0.0,-23.0,6.0,-24.0,8.0,-24.0,8.0,-24.0,8.0,-22.0,9.0,-21.0,8.0,-18.0,7.0,-15.0,4.0,-12.0,3.0,-8.0,-1.0,-4.0,-4.0,-2.0,-9.0,1.0,-13.0,3.0,-17.0,5.0,-21.0,6.0,-23.0,6.0,-26.0,6.0,-27.0,5.0,-28.0,4.0,-28.0,4.0,-26.0,3.0,-24.0,2.0,-21.0,2.0,-17.0,2.0,-11.0,3.0,-7.0
2.9365,122.0,-96.0,7.0,0.0,0.0,0.0,0.0,0.0,0.0,0.0,0.0,0.0,-8.0,8.0,-7.0,8.0,-7.0,8.0,-8.0,8.0,-8.0,8.0,-8.0,9.0,-8.0,9.0,-8.0,9.0,-8.0,9.0,-8.0,9.0,-8.0,9.0,-8.0,9.0,-8.0,9.0,-8.0,10.0,-8.0,10.0,-8.0,10.0,-8.0,10.0,-8.0,10.0,-8.0,10.0,-8.0,10.0,-8.0,10.0,-8.0,11.0,-7.0,11.0,-8.0,10.0,-8.0,10.0,-7.0,11.0
2.9517,122.0,-96.0,7.0,0.0,0.0,0.0,0.0,0.0,0.0,0.0,0.0,0.0,-11.0,-24.0,-11.0,-22.0,-9.0,-18.0,-7.0,-15.0,-4.0,-12.0,0.0,-8.0,4.0,-5.0,9.0,-2.0,13.0,0.0,17.0,2.0,21.0,3.0,24.0,3.0,28.0,3.0,30.0,3.0,31.0,1.0,29.0,0.0,28.0,0.0,25.0,-1.0,22.0,-1.0,17.0,0.0,12.0,1.0,7.0,3.0,2.0,6.0,-3.0,8.0,-8.0,11.0,-11.0,16.0
2.9657,122.0,-96.0,7.0,0.0,0.0,0.0,0.0,0.0,0.0,0.0,0.0,0.0,12.0,6.0,16.0,9.0,19.0,13.0,23.0,15.0,25.0,16.0,28.0,16.0,29.0,15.0,29.0,15.0,28.0,13.0,25.0,12.0,21.0,10.0,16.0,9.0,11.0,7.0,5.0,7.0,-1.0,7.0,-7.0,7.0,-14.0,8.0,-19.0,9.0,-24.0,12.0,-28.0,14.0,-30.0,16.0,-31.0,17.0,-31.0,18.0,-30.0,18.0,-28.0,18.0,-25.0,17.0
2.9804,122.0,-96.0,7.0,0.0,0.0,0.0,0.0,0.0,0.0,0.0,0.0,0.0,5.0,-12.0,8.0,-15.0,10.0,-18.0,12.0,-21.0,13.0,-24.0,13.0,-26.0,13.0,-27.0,11.0,-27.0,10.0,-26.0,9.0,-23.0,8.0,-20.0,7.0,-16.0,6.0,-11.0,6.0,-6.0,6.0,0.0,7.0,5.0,8.0,11.0,10.0,15.0,12.0,20.0,14.0,22.0,16.0,24.0,18.0,25.0,19.0,25.0,19.0,24.0,19.0,22.0,17.0,19.0
2.9931,122.0,-96.0,7.0,0.0,0.0,0.0,0.0,0.0,0.0,0.0,0.0,0.0,10.0,2.0,11.0,2.0,11.0,2.0,11.0,2.0,11.0,2.0,12.0,2.0,11.0,2.0,12.0,2.0,11.0,3.0,12.0,2.0,12.0,2.0,12.0,2.0,12.0,3.0,12.0,2.0,12.0,2.0,12.0,2.0,12.0,2.0,13.0,2.0,13.0,2.0,12.0,2.0,12.0,2.0,13.0,2.0,13.0,2.0,13.0,2.0,13.0,2.0,13.0,2.0
3.01,122.0,-96.0,7.0,0.0,0.0,0.0,0.0,0.0,0.0,0.0,0.0,0.0,-12.0,-23.0,-11.0,-21.0,-10.0,-19.0,-7.0,-15.0,-5.0,-12.0,0.0,-8.0,4.0,-5.0,9.0,-2.0,13.0,0.0,18.0,1.0,21.0,2.0,25.0,2.0,28.0,2.0,30.0,1.0,30.0,1.0,30.0,0.0,28.0,-1.0,25.0,-1.0,21.0,-2.0,17.0,0.0,12.0,1.0,7.0,3.0,2.0,6.0,-3.0,9.0,-7.0,12.0,-11.0,16.0
3.0237,122.0,-96.0,7.0,0.0,0.0,0.0,0.0,0.0,0.0,0.0,0.0,0.0,25.0,5.0,22.0,4.0,19.0,4.0,15.0,3.0,10.0,4.0,5.0,4.0,0.0,6.0,-5.0,8.0,-10.0,11.0,-13.0,13.0,-17.0,15.0,-19.0,18.0,-20.0,20.0,-20.0,22.0,-20.0,23.0,-19.0,23.0,-17.0,22.0,-15.0,20.0,-12.0,17.0,-11.0,12.0,-9.0,7.0,-8.0,2.0,-7.0,-4.0,-6.0,-10.0,-6.0,-15.0,-7.0,-20.0
3.0381,122.0,-96.0,7.0,0.0,0.0,0.0,0.0,0.0,0.0,0.0,0.0,0.0,11.0,1.0,11.0,0.0,11.0,1.0,11.0,0.0,11.0,0.0,12.0,0.0,12.0,0.0,12.0,0.0,12.0,0.0,12.0,0.0,12.0,0.0,12.0,0.0,12.0,0.0,12.0,0.0,12.0,0.0,12.0,0.0,13.0,0.0,12.0,0.0,13.0,-1.0,13.0,-1.0,13.0,-1.0,13.0,-1.0,13.0,-1.0,13.0,-1.0,13.0,-1.0,13.0,-1.0
3.0533,122.0,-96.0,7.0,0.0,0.0,0.0,0.0,0.0,0.0,0.0,0.0,0.0,9.0,7.0,12.0,10.0,15.0,13.0,18.0,16.0,20.0,17.0,22.0,18.0,23.0,17.0,23.0,16.0,23.0,15.0,20.0,13.0,16.0,12.0,13.0,10.0,9.0,8.0,3.0,7.0,-2.0,6.0,-7.0,5.0,-13.0,6.0,-18.0,6.0,-23.0,7.0,-26.0,9.0,-29.0,10.0,-30.0,11.0,-30.0,12.0,-29.0,12.0,-27.0,13.0,-24.0,12.0
3.0677,122.0,-96.0,7.0,0.0,0.0,0.0,0.0,0.0,0.0,0.0,0.0,0.0,2.0,22.0,3.0,25.0,3.0,24.0,4.0,24.0,4.0,23.0,4.0,21.0,4.0,18.0,2.0,15.0,1.0,11.0,-2.0,7.0,-5.0,3.0,-8.0,-1.0,-12.0,-4.0,-15.0,-7.0,-19.0,-9.0,-21.0,-11.0,-24.0,-12.0,-25.0,-12.0,-27.0,-12.0,-27.0,-10.0,-26.0,-10.0,-23.0,-8.0,-21.0,-7.0,-17.0,-6.0,-12.0,-5.0,-8.0,-5.0
3.0812,122.0,-96.0,7.0,0.0,0.0,0.0,0.0,0.0,0.0,0.0,0.0,0.0,9.0,-22.0,8.0,-20.0,7.0,-17.0,6.0,-14.0,5.0,-9.0,5.0,-5.0,5.0,0.0,6.0,5.0,7.0,9.0,9.0,13.0,10.0,16.0,12.0,19.0,14.0,21.0,16.0,21.0,16.0,22.0,17.0,20.0,16.0,19.0,15.0,17.0,13.0,14.0,10.0,12.0,6.0,9.0,1.0,7.0,-3.0,5.0,-8.0,3.0,-13.0,2.0,-18.0,2.0
3.0856,98.0,33.0,22.0,0.0,0.0,0.0,0.0,0.0,0.0,0.0,0.0,0.0,15.0,-1.0,11.0,-4.0,7.0,-9.0,3.0,-13.0,0.0,-17.0,-4.0,-20.0,-6.0,-24.0,-9.0,-26.0,-11.0,-27.0,-12.0,-27.0,-13.0,-26.0,-15.0,-25.0,-15.0,-22.0,-16.0,-19.0,-15.0,-14.0,-12.0,-9.0,-9.0,-5.0,-5.0,2.0,0.0,5.0,6.0,10.0,10.0,16.0,16.0,19.0,21.0,22.0,25.0,23.0,29.0,26.0,31.0,25.0
3.099,122.0,-96.0,7.0,0.0,0.0,0.0,0.0,0.0,0.0,0.0,0.0,0.0,-1.0,12.0,-3.0,7.0,-6.0,2.0,-10.0,-2.0,-14.0,-6.0,-19.0,-9.0,-23.0,-11.0,-27.0,-13.0,-30.0,-13.0,-31.0,-13.0,-32.0,-13.0,-32.0,-12.0,-30.0,-10.0,-28.0,-8.0,-24.0,-7.0,-19.0,-6.0,-14.0,-6.0,-7.0,-7.0,-1.0,-8.0,5.0,-10.0,11.0,-12.0,15.0,-15.0,20.0,-19.0,22.0,-21.0,24.0,-24.0,24.0,-25.0
3.1133,122.0,-96.0,7.0,0.0,0.0,0.0,0.0,0.0,0.0,0.0,0.0,0.0,12.0,22.0,14.0,23.0,15.0,23.0,16.0,22.0,15.0,21.0,14.0,19.0,12.0,17.0,9.0,14.0,6.0,11.0,1.0,8.0,-3.0,5.0,-8.0,3.0,-14.0,1.0,-18.0,0.0,-22.0,-1.0,-26.0,-1.0,-29.0,-1.0,-31.0,0.0,-32.0,1.0,-32.0,2.0,-30.0,2.0,-27.0,2.0,-24.0,2.0,-19.0,1.0,-14.0,0.0,-10.0,-2.0
3.1286,122.0,-96.0,7.0,0.0,0.0,0.0,0.0,0.0,0.0,0.0,0.0,0.0,-15.0,-15.0,-15.0,-15.0,-15.0,-15.0,-15.0,-15.0,-16.0,-15.0,-16.0,-15.0,-17.0,-15.0,-16.0,-15.0,-17.0,-15.0,-16.0,-16.0,-16.0,-16.0,-16.0,-16.0,-17.0,-16.0,-18.0,-16.0,-17.0,-15.0,-17.0,-15.0,-18.0,-16.0,-18.0,-15.0,-18.0,-16.0,-18.0,-15.0,-18.0,-15.0,-18.0,-15.0,-18.0,-16.0,-18.0,-16.0,-18.0,-16.0,-19.0,-16.0
3.1408,122.0,-96.0,7.0,0.0,0.0,0.0,0.0,0.0,0.0,0.0,0.0,0.0,1.0,20.0,1.0,20.0,2.0,20.0,2.0,20.0,1.0,20.0,2.0,21.0,2.0,21.0,2.0,21.0,2.0,21.0,2.0,21.0,2.0,21.0,2.0,21.0,2.0,22.0,3.0,22.0,3.0,22.0,2.0,22.0,3.0,22.0,3.0,22.0,3.0,22.0,3.0,22.0,3.0,23.0,3.0,23.0,4.0,23.0,4.0,22.0,3.0,22.0,4.0,23.0
3.1571,122.0,-96.0,7.0,0.0,0.0,0.0,0.0,0.0,0.0,0.0,0.0,0.0,-5.0,-23.0,-4.0,-21.0,-4.0,-18.0,-3.0,-15.0,-1.0,-11.0,1.0,-7.0,4.0,-4.0,8.0,0.0,11.0,3.0,15.0,5.0,18.0,7.0,21.0,8.0,23.0,9.0,25.0,8.0,26.0,8.0,25.0,7.0,24.0,6.0,22.0,5.0,19.0,4.0,15.0,4.0,10.0,4.0,5.0,4.0,0.0,5.0,-5.0,7.0,-9.0,8.0,-14.0,11.0
3.1698,122.0,-96.0,7.0,0.0,0.0,0.0,0.0,0.0,0.0,0.0,0.0,0.0,12.0,7.0,12.0,6.0,12.0,6.0,12.0,7.0,13.0,7.0,13.0,7.0,13.0,6.0,13.0,7.0,13.0,7.0,13.0,7.0,13.0,7.0,14.0,7.0,13.0,7.0,14.0,7.0,14.0,7.0,14.0,7.0,14.0,6.0,14.0,6.0,15.0,7.0,15.0,7.0,15.0,6.0,15.0,6.0,15.0,7.0,15.0,6.0,16.0,6.0,15.0,6.0
3.1828,122.0,-96.0,7.0,0.0,0.0,0.0,0.0,0.0,0.0,0.0,0.0,0.0,18.0,13.0,17.0,11.0,15.0,10.0,12.0,8.0,8.0,6.0,4.0,6.0,-2.0,5.0,-6.0,5.0,-11.0,5.0,-15.0,6.0,-19.0,6.0,-21.0,7.0,-24.0,9.0,-25.0,11.0,-26.0,12.0,-25.0,12.0,-24.0,12.0,-21.0,11.0,-18.0,10.0,-15.0,8.0,-12.0,4.0,-9.0,1.0,-6.0,-3.0,-3.0,-7.0,0.0,-12.0,0.0,-17.0
3.197,122.0,-96.0,7.0,0.0,0.0,0.0,0.0,0.0,0.0,0.0,0.0,0.0,6.0,-11.0,9.0,-15.0,11.0,-18.0,13.0,-21.0,14.0,-23.0,15.0,-25.0,15.0,-26.0,13.0,-26.0,12.0,-25.0,11.0,-22.0,10.0,-19.0,9.0,-15.0,7.0,-11.0,6.0,-5.0,6.0,0.0,6.0,6.0,7.0,12.0,8.0,16.0,10.0,21.0,12.0,24.0,14.0,26.0,15.0,27.0,16.0,27.0,16.0,26.0,16.0,24.0,15.0,21.0
3.2008,98.0,33.0,22.0,0.0,0.0,0.0,0.0,0.0,0.0,0.0,0.0,0.0,3.0,-13.0,-1.0,-9.0,-4.0,-13.0,-11.0,-10.0,-14.0,-13.0,-17.0,-7.0,-21.0,-13.0,-23.0,-11.0,-26.0,-11.0,-26.0,-7.0,-26.0,-6.0,-25.0,-5.0,-22.0,-3.0,-20.0,-1.0,-16.0,2.0,-12.0,2.0,-6.0,3.0,0.0,3.0,6.0,2.0,12.0,2.0,18.0,0.0,23.0,-1.0,27.0,-3.0,30.0,-5.0,34.0,-7.0,35.0,-7.0
3.2143,122.0,-96.0,7.0,0.0,0.0,0.0,0.0,0.0,0.0,0.0,0.0,0.0,23.0,3.0,20.0,2.0,18.0,1.0,14.0,2.0,10.0,2.0,5.0,3.0,1.0,5.0,-4.0,7.0,-8.0,10.0,-11.0,12.0,-14.0,14.0,-16.0,16.0,-17.0,19.0,-17.0,21.0,-17.0,21.0,-16.0,22.0,-14.0,21.0,-13.0,19.0,-11.0,16.0,-10.0,13.0,-8.0,8.0,-7.0,3.0,-6.0,-2.0,-6.0,-7.0,-6.0,-12.0,-7.0,-17.0
3.2304,122.0,-96.0,7.0,0.0,0.0,0.0,0.0,0.0,0.0,0.0,0.0,0.0,-22.0,9.0,-20.0,8.0,-17.0,7.0,-14.0,5.0,-11.0,2.0,-8.0,-1.0,-5.0,-5.0,-2.0,-9.0,0.0,-13.0,2.0,-17.0,3.0,-20.0,3.0,-23.0,4.0,-26.0,3.0,-28.0,2.0,-29.0,1.0,-27.0,1.0,-26.0,0.0,-23.0,0.0,-20.0,0.0,-16.0,2.0,-12.0,3.0,-7.0,5.0,-2.0,7.0,2.0,10.0,6.0,14.0,10.0
3.2431,122.0,-96.0,7.0,0.0,0.0,0.0,0.0,0.0,0.0,0.0,0.0,0.0,7.0,8.0,2.0,6.0,-3.0,5.0,-8.0,4.0,-13.0,4.0,-18.0,4.0,-22.0,5.0,-25.0,6.0,-28.0,8.0,-29.0,9.0,-29.0,10.0,-28.0,11.0,-26.0,11.0,-23.0,11.0,-20.0,9.0,-16.0,7.0,-13.0,4.0,-9.0,0.0,-5.0,-5.0,-3.0,-10.0,0.0,-15.0,1.0,-19.0,2.0,-24.0,1.0,-28.0,1.0,-30.0,0.0,-32.0
3.2593,122.0,-96.0,7.0,0.0,0.0,0.0,0.0,0.0,0.0,0.0,0.0,0.0,-11.0,-4.0,-11.0,-4.0,-11.0,-4.0,-11.0,-4.0,-12.0,-4.0,-12.0,-4.0,-12.0,-4.0,-12.0,-4.0,-12.0,-4.0,-13.0,-4.0,-12.0,-4.0,-12.0,-4.0,-12.0,-4.0,-13.0,-4.0,-13.0,-4.0,-13.0,-4.0,-12.0,-4.0,-13.0,-4.0,-13.0,-4.0,-14.0,-4.0,-13.0,-3.0,-13.0,-4.0,-14.0,-3.0,-13.0,-3.0,-14.0,-4.0,-14.0,-4.0
3.2718,122.0,-96.0,7.0,0.0,0.0,0.0,0.0,0.0,0.0,0.0,0.0,0.0,10.0,0.0,11.0,-1.0,11.0,0.0,11.0,0.0,11.0,0.0,11.0,-1.0,11.0,-1.0,12.0,-2.0,12.0,0.0,12.0,-1.0,12.0,-1.0,12.0,-1.0,13.0,-1.0,13.0,-1.0,12.0,-1.0,12.0,-1.0,13.0,-2.0,13.0,-1.0,13.0,-2.0,13.0,-2.0,12.0,-2.0,12.0,-2.0,13.0,-2.0,13.0,-3.0,13.0,-2.0,13.0,-3.0
3.2857,122.0,-96.0,7.0,0.0,0.0,0.0,0.0,0.0,0.0,0.0,0.0,0.0,5.0,-26.0,5.0,-28.0,4.0,-28.0,4.0,-28.0,3.0,-27.0,2.0,-25.0,2.0,-22.0,2.0,-18.0,3.0,-13.0,4.0,-8.0,5.0,-3.0,8.0,2.0,11.0,7.0,12.0,11.0,15.0,15.0,18.0,17.0,20.0,19.0,22.0,20.0,23.0,20.0,23.0,19.0,23.0,19.0,21.0,16.0,19.0,14.0,15.0,11.0,11.0,9.0,6.0,7.0
3.29,98.0,33.0,22.0,0.0,0.0,0.0,0.0,0.0,0.0,0.0,0.0,0.0,14.0,-1.0,15.0,-1.0,18.0,-5.0,21.0,-6.0,22.0,-8.0,22.0,-10.0,21.0,-12.0,19.0,-10.0,17.0,-12.0,13.0,-10.0,11.0,-9.0,5.0,-9.0,2.0,-7.0,-2.0,-6.0,-6.0,-2.0,-9.0,2.0,-13.0,5.0,-17.0,9.0,-17.0,15.0,-18.0,17.0,-19.0,20.0,-20.0,20.0,-18.0,23.0,-17.0,22.0,-14.0,20.0,-12.0,17.0
3.3086,122.0,-96.0,7.0,0.0,0.0,0.0,0.0,0.0,0.0,0.0,0.0,0.0,25.0,-7.0,27.0,-8.0,27.0,-8.0,26.0,-9.0,24.0,-9.0,23.0,-8.0,20.0,-7.0,16.0,-5.0,12.0,-3.0,8.0,1.0,4.0,4.0,0.0,8.0,-3.0,13.0,-6.0,16.0,-8.0,20.0,-9.0,23.0,-11.0,26.0,-11.0,28.0,-10.0,30.0,-10.0,29.0,-9.0,28.0,-7.0,26.0,-6.0,23.0,-5.0,18.0,-5.0,13.0,-5.0,8.0
3.325,122.0,-96.0,7.0,0.0,0.0,0.0,0.0,0.0,0.0,0.0,0.0,0.0,10.0,3.0,10.0,2.0,10.0,3.0,11.0,3.0,11.0,3.0,11.0,3.0,11.0,2.0,12.0,3.0,11.0,3.0,11.0,3.0,11.0,3.0,11.0,3.0,12.0,3.0,12.0,3.0,12.0,3.0,12.0,3.0,12.0,2.0,12.0,2.0,12.0,3.0,12.0,2.0,12.0,2.0,13.0,2.0,12.0,2.0,13.0,2.0,13.0,2.0,13.0,2.0
3.3372,122.0,-96.0,7.0,0.0,0.0,0.0,0.0,0.0,0.0,0.0,0.0,0.0,-13.0,0.0,-13.0,0.0,-13.0,0.0,-13.0,0.0,-14.0,1.0,-14.0,1.0,-14.0,0.0,-14.0,1.0,-14.0,0.0,-14.0,0.0,-15.0,1.0,-15.0,1.0,-14.0,1.0,-15.0,1.0,-14.0,1.0,-15.0,1.0,-15.0,1.0,-15.0,1.0,-15.0,1.0,-16.0,1.0,-15.0,1.0,-15.0,2.0,-16.0,2.0,-16.0,2.0,-15.0,2.0,-15.0,2.0
3.3506,122.0,-96.0,7.0,0.0,0.0,0.0,0.0,0.0,0.0,0.0,0.0,0.0,6.0,7.0,2.0,6.0,-3.0,4.0,-7.0,3.0,-12.0,3.0,-16.0,3.0,-20.0,4.0,-23.0,5.0,-25.0,6.0,-26.0,7.0,-26.0,8.0,-25.0,9.0,-24.0,9.0,-22.0,9.0,-19.0,8.0,-14.0,5.0,-12.0,3.0,-8.0,-1.0,-5.0,-5.0,-2.0,-9.0,0.0,-13.0,2.0,-18.0,2.0,-21.0,3.0,-25.0,2.0,-27.0,2.0,-29.0
3.365,122.0,-96.0,7.0,0.0,0.0,0.0,0.0,0.0,0.0,0.0,0.0,0.0,-23.0,6.0,-20.0,5.0,-18.0,5.0,-14.0,3.0,-11.0,1.0,-7.0,-2.0,-4.0,-5.0,0.0,-9.0,2.0,-13.0,4.0,-16.0,6.0,-19.0,8.0,-22.0,8.0,-25.0,7.0,-26.0,7.0,-27.0,6.0,-27.0,5.0,-25.0,4.0,-23.0,3.0,-20.0,3.0,-16.0,3.0,-11.0,4.0,-6.0,5.0,-1.0,7.0,4.0,8.0,9.0,11.0,13.0
3.3797,122.0,-96.0,7.0,0.0,0.0,0.0,0.0,0.0,0.0,0.0,0.0,0.0,-11.0,-4.0,-6.0,-4.0,-2.0,-6.0,3.0,-8.0,8.0,-10.0,12.0,-13.0,14.0,-16.0,17.0,-18.0,19.0,-21.0,19.0,-22.0,19.0,-23.0,18.0,-24.0,16.0,-23.0,14.0,-22.0,12.0,-19.0,10.0,-16.0,8.0,-11.0,7.0,-6.0,6.0,0.0,5.0,5.0,5.0,11.0,6.0,16.0,8.0,21.0,9.0,24.0,11.0,26.0,12.0,28.0
3.3917,122.0,-96.0,7.0,0.0,0.0,0.0,0.0,0.0,0.0,0.0,0.0,0.0,4.0,17.0,4.0,18.0,4.0,18.0,4.0,18.0,4.0,18.0,4.0,18.0,5.0,19.0,5.0,19.0,5.0,19.0,5.0,19.0,5.0,19.0,5.0,19.0,5.0,19.0,5.0,19.0,6.0,19.0,6.0,19.0,6.0,19.0,6.0,19.0,6.0,19.0,6.0,19.0,6.0,20.0,6.0,20.0,7.0,19.0,7.0,19.0,6.0,19.0,7.0,19.0
3.4067,122.0,-96.0,7.0,0.0,0.0,0.0,0.0,0.0,0.0,0.0,0.0,0.0,-18.0,15.0,-16.0,13.0,-14.0,11.0,-12.0,9.0,-9.0,5.0,-7.0,1.0,-6.0,-3.0,-4.0,-8.0,-4.0,-12.0,-3.0,-17.0,-3.0,-20.0,-3.0,-24.0,-4.0,-26.0,-6.0,-27.0,-7.0,-28.0,-7.0,-27.0,-8.0,-26.0,-7.0,-22.0,-6.0,-20.0,-5.0,-16.0,-2.0,-12.0,1.0,-8.0,4.0,-4.0,8.0,0.0,12.0,3.0,16.0,5.0
3.4202,122.0,-96.0,7.0,0.0,0.0,0.0,0.0,0.0,0.0,0.0,0.0,0.0,24.0,9.0,26.0,9.0,27.0,8.0,26.0,8.0,25.0,7.0,22.0,6.0,19.0,5.0,15.0,4.0,10.0,4.0,5.0,5.0,-1.0,6.0,-6.0,7.0,-12.0,10.0,-16.0,12.0,-19.0,13.0,-22.0,15.0,-24.0,17.0,-25.0,19.0,-24.0,20.0,-23.0,20.0,-22.0,19.0,-19.0,17.0,-16.0,14.0,-13.0,10.0,-10.0,6.0,-7.0,1.0
3.4246,98.0,33.0,22.0,0.0,0.0,0.0,0.0,0.0,0.0,0.0,0.0,0.0,8.0,-23.0,6.0,-20.0,5.0,-17.0,1.0,-14.0,-2.0,-10.0,-7.0,-5.0,-9.0,-3.0,-12.0,1.0,-16.0,4.0,-19.0,7.0,-20.0,11.0,-21.0,14.0,-20.0,17.0,-22.0,18.0,-19.0,17.0,-15.0,18.0,-13.0,19.0,-10.0,16.0,-9.0,14.0,-4.0,9.0,-2.0,5.0,3.0,-2.0,5.0,-7.0,6.0,-13.0,9.0,-19.0,10.0,-26.0
3.4379,122.0,-96.0,7.0,0.0,0.0,0.0,0.0,0.0,0.0,0.0,0.0,0.0,-5.0,10.0,-8.0,13.0,-10.0,16.0,-11.0,18.0,-12.0,21.0,-12.0,23.0,-12.0,23.0,-11.0,24.0,-10.0,23.0,-9.0,20.0,-8.0,17.0,-7.0,13.0,-6.0,9.0,-6.0,4.0,-6.0,-1.0,-7.0,-6.0,-8.0,-10.0,-10.0,-15.0,-12.0,-18.0,-14.0,-21.0,-16.0,-23.0,-17.0,-24.0,-18.0,-24.0,-18.0,-22.0,-18.0,-21.0,-17.0,-18.0
3.4518,122.0,-96.0,7.0,0.0,0.0,0.0,0.0,0.0,0.0,0.0,0.0,0.0,-7.0,19.0,-7.0,21.0,-6.0,21.0,-6.0,21.0,-5.0,21.0,-5.0,19.0,-4.0,16.0,-4.0,13.0,-4.0,10.0,-5.0,5.0,-5.0,1.0,-7.0,-4.0,-8.0,-8.0,-10.0,-11.0,-12.0,-14.0,-13.0,-17.0,-15.0,-19.0,-16.0,-20.0,-17.0,-20.0,-18.0,-19.0,-17.0,-18.0,-16.0,-16.0,-14.0,-14.0,-12.0,-12.0,-8.0,-9.0,-4.0,-7.0
3.4659,122.0,-96.0,7.0,0.0,0.0,0.0,0.0,0.0,0.0,0.0,0.0,0.0,8.0,6.0,8.0,6.0,8.0,6.0,8.0,6.0,9.0,6.0,9.0,6.0,9.0,6.0,9.0,6.0,9.0,6.0,9.0,6.0,9.0,6.0,10.0,6.0,10.0,6.0,10.0,6.0,10.0,6.0,10.0,6.0,10.0,6.0,10.0,6.0,10.0,6.0,10.0,6.0,10.0,5.0,10.0,6.0,11.0,6.0,10.0,6.0,11.0,6.0,11.0,6.0
3.4808,122.0,-96.0,7.0,0.0,0.0,0.0,0.0,0.0,0.0,0.0,0.0,0.0,9.0,-6.0,13.0,-7.0,17.0,-8.0,20.0,-9.0,21.0,-10.0,23.0,-12.0,23.0,-13.0,23.0,-13.0,21.0,-13.0,19.0,-12.0,16.0,-10.0,14.0,-8.0,10.0,-6.0,8.0,-2.0,4.0,2.0,2.0,6.0,0.0,11.0,-1.0,15.0,-2.0,20.0,-3.0,23.0,-2.0,26.0,-2.0,28.0,0.0,28.0,1.0,28.0,2.0,27.0,2.0,24.0
3.4973,122.0,-96.0,7.0,0.0,0.0,0.0,0.0,0.0,0.0,0.0,0.0,0.0,-7.0,-9.0,-6.0,-10.0,-7.0,-10.0,-7.0,-10.0,-7.0,-10.0,-7.0,-10.0,-8.0,-11.0,-8.0,-10.0,-8.0,-10.0,-8.0,-10.0,-8.0,-10.0,-8.0,-11.0,-8.0,-10.0,-9.0,-10.0,-9.0,-10.0,-9.0,-11.0,-9.0,-11.0,-9.0,-10.0,-9.0,-10.0,-9.0,-11.0,-10.0,-11.0,-9.0,-10.0,-10.0,-11.0,-10.0,-11.0,-9.0,-11.0,-10.0,-11.0
3.51,122.0,-96.0,7.0,0.0,0.0,0.0,0.0,0.0,0.0,0.0,0.0,0.0,13.0,3.0,17.0,5.0,22.0,7.0,26.0,8.0,29.0,9.0,31.0,8.0,32.0,8.0,32.0,6.0,31.0,5.0,28.0,4.0,24.0,4.0,19.0,4.0,14.0,4.0,8.0,5.0,2.0,6.0,-4.0,8.0,-10.0,11.0,-15.0,14.0,-19.0,18.0,-22.0,21.0,-24.0,24.0,-25.0,25.0,-24.0,27.0,-23.0,27.0,-21.0,27.0,-19.0,25.0
3.5245,122.0,-96.0,7.0,0.0,0.0,0.0,0.0,0.0,0.0,0.0,0.0,0.0,-6.0,7.0,-6.0,8.0,-6.0,8.0,-7.0,8.0,-6.0,8.0,-7.0,8.0,-6.0,8.0,-7.0,9.0,-7.0,9.0,-7.0,9.0,-7.0,9.0,-7.0,9.0,-7.0,9.0,-7.0,9.0,-7.0,10.0,-7.0,9.0,-6.0,9.0,-6.0,10.0,-6.0,10.0,-6.0,10.0,-6.0,10.0,-6.0,10.0,-6.0,10.0,-6.0,10.0,-6.0,10.0,-6.0,10.0
3.5387,122.0,-96.0,7.0,0.0,0.0,0.0,0.0,0.0,0.0,0.0,0.0,0.0,-21.0,-10.0,-20.0,-9.0,-16.0,-8.0,-13.0,-7.0,-9.0,-6.0,-4.0,-6.0,0.0,-6.0,6.0,-7.0,10.0,-8.0,14.0,-9.0,17.0,-11.0,20.0,-12.0,22.0,-14.0,22.0,-16.0,23.0,-17.0,21.0,-17.0,19.0,-16.0,17.0,-14.0,15.0,-13.0,11.0,-9.0,9.0,-5.0,6.0,0.0,4.0,4.0,2.0,9.0,1.0,13.0,0.0,19.0
3.5552,122.0,-96.0,7.0,0.0,0.0,0.0,0.0,0.0,0.0,0.0,0.0,0.0,-9.0,-8.0,-9.0,-8.0,-9.0,-8.0,-8.0,-9.0,-9.0,-8.0,-9.0,-9.0,-9.0,-8.0,-10.0,-8.0,-10.0,-8.0,-10.0,-8.0,-10.0,-8.0,-10.0,-9.0,-10.0,-9.0,-10.0,-8.0,-11.0,-8.0,-11.0,-9.0,-10.0,-8.0,-11.0,-8.0,-11.0,-8.0,-11.0,-8.0,-11.0,-8.0,-11.0,-8.0,-12.0,-8.0,-11.0,-8.0,-12.0,-8.0,-11.0,-8.0
3.5704,122.0,-96.0,7.0,0.0,0.0,0.0,0.0,0.0,0.0,0.0,0.0,0.0,-10.0,-5.0,-10.0,-5.0,-11.0,-5.0,-10.0,-4.0,-11.0,-5.0,-12.0,-5.0,-11.0,-5.0,-11.0,-5.0,-12.0,-5.0,-13.0,-5.0,-12.0,-5.0,-12.0,-5.0,-12.0,-5.0,-12.0,-5.0,-12.0,-5.0,-12.0,-5.0,-12.0,-4.0,-13.0,-5.0,-13.0,-5.0,-13.0,-5.0,-13.0,-5.0,-13.0,-4.0,-13.0,-4.0,-13.0,-4.0,-13.0,-4.0,-13.0,-4.0
3.5828,122.0,-96.0,7.0,0.0,0.0,0.0,0.0,0.0,0.0,0.0,0.0,0.0,2.0,-18.0,1.0,-19.0,1.0,-19.0,1.0,-19.0,1.0,-19.0,1.0,-20.0,0.0,-20.0,1.0,-20.0,1.0,-20.0,1.0,-20.0,1.0,-20.0,1.0,-20.0,1.0,-21.0,0.0,-21.0,0.0,-21.0,0.0,-21.0,0.0,-21.0,0.0,-21.0,0.0,-21.0,-1.0,-21.0,-1.0,-21.0,-1.0,-21.0,-1.0,-21.0,-1.0,-21.0,0.0,-21.0,-1.0,-22.0
3.5959,122.0,-96.0,7.0,0.0,0.0,0.0,0.0,0.0,0.0,0.0,0.0,0.0,-1.0,-24.0,-2.0,-26.0,-3.0,-26.0,-3.0,-26.0,-4.0,-24.0,-3.0,-22.0,-3.0,-19.0,-1.0,-15.0,0.0,-11.0,3.0,-7.0,5.0,-2.0,8.0,2.0,12.0,5.0,15.0,8.0,18.0,10.0,20.0,12.0,23.0,13.0,24.0,13.0,25.0,12.0,24.0,11.0,23.0,11.0,20.0,9.0,17.0,7.0,13.0,6.0,8.0,5.0,3.0,5.0
3.6106,122.0,-96.0,7.0,0.0,0.0,0.0,0.0,0.0,0.0,0.0,0.0,0.0,9.0,-7.0,13.0,-8.0,16.0,-9.0,19.0,-11.0,21.0,-12.0,22.0,-14.0,23.0,-14.0,22.0,-15.0,20.0,-14.0,18.0,-13.0,15.0,-10.0,12.0,-7.0,9.0,-4.0,6.0,0.0,3.0,4.0,1.0,8.0,0.0,13.0,-2.0,18.0,-2.0,22.0,-2.0,25.0,-2.0,27.0,-2.0,28.0,-1.0,28.0,0.0,27.0,1.0,25.0,1.0,23.0
3.6259,122.0,-96.0,7.0,0.0,0.0,0.0,0.0,0.0,0.0,0.0,0.0,0.0,5.0,-10.0,4.0,-5.0,5.0,0.0,6.0,5.0,8.0,9.0,10.0,14.0,12.0,17.0,15.0,20.0,17.0,22.0,18.0,22.0,19.0,22.0,20.0,21.0,19.0,19.0,19.0,17.0,16.0,14.0,12.0,11.0,8.0,9.0,3.0,7.0,-3.0,6.0,-8.0,5.0,-14.0,4.0,-19.0,5.0,-23.0,6.0,-27.0,7.0,-29.0,8.0,-30.0,10.0
3.6398,122.0,-96.0,7.0,0.0,0.0,0.0,0.0,0.0,0.0,0.0,0.0,0.0,11.0,5.0,13.0,5.0,12.0,6.0,13.0,6.0,13.0,5.0,13.0,6.0,13.0,5.0,14.0,5.0,13.0,6.0,14.0,5.0,14.0,5.0,14.0,5.0,14.0,5.0,14.0,5.0,14.0,5.0,14.0,5.0,14.0,5.0,15.0,5.0,15.0,5.0,15.0,5.0,15.0,5.0,15.0,5.0,15.0,5.0,16.0,4.0,16.0,5.0,16.0,4.0
3.6545,122.0,-96.0,7.0,0.0,0.0,0.0,0.0,0.0,0.0,0.0,0.0,0.0,-12.0,3.0,-12.0,3.0,-12.0,3.0,-13.0,4.0,-13.0,4.0,-13.0,4.0,-13.0,4.0,-13.0,4.0,-14.0,4.0,-13.0,4.0,-13.0,4.0,-14.0,4.0,-14.0,4.0,-14.0,4.0,-14.0,5.0,-14.0,5.0,-14.0,5.0,-14.0,5.0,-13.0,5.0,-14.0,5.0,-14.0,6.0,-14.0,6.0,-13.0,6.0,-15.0,6.0,-14.0,6.0,-14.0,6.0
3.6681,122.0,-96.0,7.0,0.0,0.0,0.0,0.0,0.0,0.0,0.0,0.0,0.0,7.0,-9.0,6.0,-4.0,5.0,1.0,5.0,6.0,5.0,12.0,6.0,16.0,7.0,20.0,8.0,24.0,10.0,26.0,11.0,27.0,12.0,27.0,13.0,26.0,12.0,24.0,13.0,22.0,10.0,18.0,8.0,14.0,4.0,11.0,0.0,8.0,-5.0,5.0,-10.0,2.0,-14.0,0.0,-20.0,-1.0,-24.0,-2.0,-28.0,-2.0,-31.0,-1.0,-32.0,0.0
3.6819,122.0,-96.0,7.0,0.0,0.0,0.0,0.0,0.0,0.0,0.0,0.0,0.0,-10.0,-25.0,-12.0,-27.0,-12.0,-26.0,-13.0,-26.0,-13.0,-24.0,-12.0,-22.0,-10.0,-19.0,-8.0,-16.0,-5.0,-12.0,0.0,-9.0,4.0,-5.0,9.0,-2.0,14.0,1.0,18.0,3.0,22.0,4.0,25.0,5.0,29.0,5.0,29.0,5.0,31.0,4.0,30.0,3.0,29.0,3.0,26.0,1.0,22.0,1.0,17.0,1.0,12.0,2.0,7.0,3.0
3.6951,122.0,-96.0,7.0,0.0,0.0,0.0,0.0,0.0,0.0,0.0,0.0,0.0,-10.0,-22.0,-12.0,-23.0,-13.0,-23.0,-13.0,-22.0,-13.0,-21.0,-12.0,-19.0,-11.0,-17.0,-8.0,-14.0,-5.0,-11.0,-1.0,-8.0,3.0,-5.0,8.0,-2.0,12.0,0.0,16.0,1.0,20.0,2.0,23.0,2.0,25.0,2.0,27.0,2.0,27.0,1.0,27.0,1.0,26.0,0.0,23.0,0.0,20.0,0.0,15.0,0.0,11.0,1.0,6.0,2.0
3.7107,122.0,-96.0,7.0,0.0,0.0,0.0,0.0,0.0,0.0,0.0,0.0,0.0,-10.0,-11.0,-4.0,-9.0,2.0,-7.0,9.0,-6.0,16.0,-6.0,22.0,-7.0,28.0,-8.0,32.0,-9.0,35.0,-11.0,37.0,-13.0,37.0,-14.0,36.0,-15.0,33.0,-15.0,30.0,-15.0,26.0,-13.0,20.0,-10.0,15.0,-6.0,11.0,-1.0,5.0,5.0,2.0,11.0,-1.0,19.0,-4.0,25.0,-5.0,31.0,-5.0,35.0,-5.0,39.0,-4.0,41.0
3.7279,122.0,-96.0,7.0,0.0,0.0,0.0,0.0,0.0,0.0,0.0,0.0,0.0,-9.0,9.0,-7.0,3.0,-6.0,-3.0,-6.0,-8.0,-6.0,-14.0,-8.0,-20.0,-8.0,-24.0,-10.0,-28.0,-12.0,-30.0,-14.0,-32.0,-15.0,-31.0,-16.0,-30.0,-15.0,-28.0,-15.0,-25.0,-13.0,-22.0,-9.0,-18.0,-6.0,-14.0,-1.0,-10.0,4.0,-6.0,9.0,-3.0,15.0,-1.0,21.0,1.0,26.0,1.0,30.0,1.0,33.0,0.0,35.0,-1.0
3.7418,122.0,-96.0,7.0,0.0,0.0,0.0,0.0,0.0,0.0,0.0,0.0,0.0,5.0,-10.0,5.0,-10.0,5.0,-10.0,5.0,-11.0,5.0,-10.0,5.0,-11.0,6.0,-11.0,6.0,-12.0,5.0,-11.0,5.0,-12.0,5.0,-12.0,5.0,-12.0,5.0,-11.0,5.0,-12.0,5.0,-12.0,5.0,-12.0,5.0,-12.0,5.0,-12.0,5.0,-13.0,5.0,-12.0,5.0,-12.0,5.0,-12.0,5.0,-13.0,4.0,-13.0,5.0,-13.0,5.0,-13.0
3.7556,122.0,-96.0,7.0,0.0,0.0,0.0,0.0,0.0,0.0,0.0,0.0,0.0,-10.0,23.0,-9.0,21.0,-7.0,18.0,-7.0,14.0,-6.0,9.0,-6.0,4.0,-7.0,-1.0,-8.0,-6.0,-10.0,-12.0,-11.0,-16.0,-13.0,-20.0,-15.0,-22.0,-17.0,-24.0,-19.0,-25.0,-20.0,-24.0,-20.0,-23.0,-19.0,-21.0,-17.0,-19.0,-15.0,-16.0,-11.0,-13.0,-7.0,-10.0,-1.0,-8.0,4.0,-6.0,10.0,-4.0,15.0,-2.0,20.0,-3.0
3.7687,122.0,-96.0,7.0,0.0,0.0,0.0,0.0,0.0,0.0,0.0,0.0,0.0,3.0,-13.0,5.0,-16.0,7.0,-20.0,8.0,-23.0,9.0,-26.0,9.0,-28.0,9.0,-29.0,7.0,-29.0,6.0,-28.0,5.0,-25.0,5.0,-21.0,5.0,-17.0,4.0,-12.0,5.0,-7.0,5.0,-1.0,7.0,4.0,10.0,9.0,12.0,14.0,14.0,18.0,17.0,21.0,19.0,23.0,21.0,23.0,22.0,23.0,21.0,22.0,21.0,20.0,19.0,18.0
3.7827,122.0,-96.0,7.0,0.0,0.0,0.0,0.0,0.0,0.0,0.0,0.0,0.0,9.0,-10.0,9.0,-11.0,9.0,-11.0,9.0,-11.0,9.0,-11.0,9.0,-11.0,9.0,-12.0,9.0,-12.0,9.0,-12.0,9.0,-12.0,10.0,-12.0,10.0,-12.0,10.0,-12.0,10.0,-12.0,10.0,-13.0,10.0,-13.0,10.0,-13.0,9.0,-14.0,10.0,-13.0,9.0,-13.0,10.0,-13.0,9.0,-14.0,10.0,-14.0,10.0,-14.0,10.0,-14.0,9.0,-14.0
3.7959,122.0,-96.0,7.0,0.0,0.0,0.0,0.0,0.0,0.0,0.0,0.0,0.0,6.0,22.0,5.0,20.0,5.0,17.0,3.0,13.0,1.0,10.0,-2.0,6.0,-5.0,3.0,-9.0,0.0,-13.0,-3.0,-16.0,-5.0,-19.0,-7.0,-22.0,-8.0,-25.0,-9.0,-27.0,-8.0,-28.0,-8.0,-27.0,-7.0,-26.0,-6.0,-23.0,-5.0,-20.0,-4.0,-16.0,-4.0,-11.0,-4.0,-7.0,-5.0,-1.0,-6.0,4.0,-8.0,8.0,-9.0,12.0,-12.0
3.8092,122.0,-96.0,7.0,0.0,0.0,0.0,0.0,0.0,0.0,0.0,0.0,0.0,-13.0,3.0,-17.0,4.0,-22.0,5.0,-24.0,6.0,-26.0,7.0,-29.0,8.0,-29.0,9.0,-28.0,10.0,-26.0,10.0,-23.0,9.0,-20.0,6.0,-16.0,4.0,-12.0,2.0,-8.0,-2.0,-4.0,-6.0,-1.0,-11.0,3.0,-16.0,5.0,-20.0,7.0,-24.0,7.0,-28.0,7.0,-30.0,7.0,-31.0,6.0,-32.0,5.0,-31.0,4.0,-29.0,3.0,-26.0
3.8229,122.0,-96.0,7.0,0.0,0.0,0.0,0.0,0.0,0.0,0.0,0.0,0.0,-19.0,18.0,-20.0,20.0,-20.0,20.0,-19.0,20.0,-18.0,19.0,-16.0,18.0,-14.0,15.0,-12.0,11.0,-9.0,7.0,-8.0,2.0,-6.0,-4.0,-5.0,-9.0,-4.0,-14.0,-4.0,-19.0,-5.0,-24.0,-5.0,-27.0,-6.0,-30.0,-7.0,-31.0,-8.0,-31.0,-9.0,-30.0,-8.0,-28.0,-8.0,-25.0,-7.0,-21.0,-5.0,-16.0,-2.0,-11.0,1.0,-7.0
3.8377,122.0,-96.0,7.0,0.0,0.0,0.0,0.0,0.0,0.0,0.0,0.0,0.0,-6.0,-13.0,-6.0,-13.0,-6.0,-13.0,-6.0,-14.0,-6.0,-13.0,-7.0,-14.0,-7.0,-14.0,-7.0,-14.0,-7.0,-14.0,-7.0,-14.0,-7.0,-14.0,-8.0,-14.0,-7.0,-14.0,-8.0,-14.0,-8.0,-14.0,-8.0,-15.0,-8.0,-15.0,-8.0,-14.0,-8.0,-14.0,-8.0,-14.0,-9.0,-15.0,-9.0,-15.0,-9.0,-15.0,-9.0,-15.0,-9.0,-15.0,-9.0,-14.0
3.8522,122.0,-96.0,7.0,0.0,0.0,0.0,0.0,0.0,0.0,0.0,0.0,0.0,12.0,19.0,11.0,17.0,10.0,15.0,7.0,12.0,4.0,9.0,0.0,6.0,-4.0,4.0,-8.0,2.0,-13.0,1.0,-17.0,0.0,-20.0,-1.0,-23.0,-1.0,-26.0,-1.0,-28.0,0.0,-28.0,1.0,-27.0,2.0,-26.0,3.0,-24.0,3.0,-20.0,3.0,-16.0,2.0,-12.0,0.0,-8.0,-3.0,-3.0,-6.0,1.0,-9.0,5.0,-12.0,7.0,-16.0
3.8658,122.0,-96.0,7.0,0.0,0.0,0.0,0.0,0.0,0.0,0.0,0.0,0.0,3.0,11.0,3.0,16.0,4.0,20.0,4.0,23.0,6.0,26.0,7.0,28.0,8.0,28.0,9.0,27.0,9.0,26.0,8.0,23.0,6.0,20.0,4.0,16.0,2.0,12.0,-1.0,8.0,-5.0,4.0,-10.0,0.0,-14.0,-3.0,-18.0,-6.0,-23.0,-7.0,-27.0,-8.0,-30.0,-8.0,-31.0,-8.0,-32.0,-7.0,-31.0,-7.0,-30.0,-5.0,-27.0,-4.0
3.8821,122.0,-96.0,7.0,0.0,0.0,0.0,0.0,0.0,0.0,0.0,0.0,0.0,7.0,8.0,2.0,6.0,-3.0,5.0,-8.0,4.0,-13.0,4.0,-18.0,5.0,-22.0,5.0,-25.0,6.0,-28.0,8.0,-29.0,9.0,-29.0,10.0,-27.0,11.0,-26.0,11.0,-23.0,11.0,-20.0,8.0,-15.0,6.0,-12.0,2.0,-8.0,-2.0,-5.0,-6.0,-1.0,-11.0,1.0,-16.0,3.0,-20.0,3.0,-25.0,3.0,-29.0,2.0,-31.0,2.0,-32.0
3.8847,98.0,33.0,22.0,0.0,0.0,0.0,0.0,0.0,0.0,0.0,0.0,0.0,23.0,14.0,18.0,10.0,18.0,7.0,13.0,5.0,8.0,0.0,6.0,-6.0,4.0,-10.0,0.0,-13.0,-6.0,-17.0,-7.0,-22.0,-13.0,-24.0,-12.0,-23.0,-17.0,-25.0,-19.0,-26.0,-19.0,-23.0,-23.0,-22.0,-21.0,-17.0,-18.0,-15.0,-16.0,-11.0,-12.0,-6.0,-7.0,-3.0,0.0,1.0,8.0,6.0,14.0,8.0,22.0,12.0,28.0,14.0
3.8993,122.0,-96.0,7.0,0.0,0.0,0.0,0.0,0.0,0.0,0.0,0.0,0.0,5.0,11.0,6.0,15.0,7.0,19.0,8.0,23.0,9.0,24.0,11.0,27.0,12.0,26.0,13.0,26.0,13.0,24.0,12.0,21.0,9.0,19.0,7.0,15.0,4.0,11.0,0.0,8.0,-4.0,4.0,-9.0,2.0,-15.0,-1.0,-19.0,-3.0,-24.0,-4.0,-27.0,-4.0,-31.0,-4.0,-32.0,-4.0,-32.0,-2.0,-32.0,-1.0,-30.0,0.0,-27.0,0.0
3.9131,122.0,-96.0,7.0,0.0,0.0,0.0,0.0,0.0,0.0,0.0,0.0,0.0,-21.0,20.0,-18.0,18.0,-16.0,16.0,-13.0,11.0,-11.0,7.0,-8.0,2.0,-7.0,-4.0,-6.0,-10.0,-6.0,-16.0,-5.0,-21.0,-5.0,-26.0,-6.0,-29.0,-8.0,-32.0,-9.0,-34.0,-11.0,-34.0,-12.0,-33.0,-12.0,-30.0,-11.0,-27.0,-9.0,-22.0,-7.0,-18.0,-3.0,-13.0,1.0,-9.0,7.0,-4.0,12.0,0.0,17.0,3.0,22.0,5.0
3.928,122.0,-96.0,7.0,0.0,0.0,0.0,0.0,0.0,0.0,0.0,0.0,0.0,2.0,-13.0,4.0,-17.0,5.0,-21.0,6.0,-24.0,6.0,-27.0,6.0,-29.0,5.0,-30.0,4.0,-30.0,3.0,-28.0,2.0,-26.0,2.0,-22.0,3.0,-17.0,3.0,-13.0,4.0,-7.0,6.0,-2.0,8.0,3.0,11.0,8.0,13.0,12.0,17.0,15.0,20.0,18.0,22.0,19.0,24.0,19.0,25.0,20.0,25.0,18.0,24.0,16.0,22.0,14.0
3.943,122.0,-96.0,7.0,0.0,0.0,0.0,0.0,0.0,0.0,0.0,0.0,0.0,2.0,23.0,3.0,24.0,4.0,25.0,4.0,24.0,4.0,23.0,4.0,21.0,4.0,18.0,2.0,15.0,0.0,11.0,-3.0,7.0,-5.0,2.0,-9.0,-1.0,-13.0,-5.0,-16.0,-7.0,-19.0,-9.0,-22.0,-11.0,-24.0,-11.0,-26.0,-12.0,-27.0,-11.0,-27.0,-10.0,-25.0,-10.0,-23.0,-8.0,-20.0,-7.0,-16.0,-6.0,-11.0,-5.0,-6.0,-5.0
3.9594,122.0,-96.0,7.0,0.0,0.0,0.0,0.0,0.0,0.0,0.0,0.0,0.0,-6.0,-10.0,-7.0,-10.0,-7.0,-10.0,-7.0,-10.0,-7.0,-10.0,-7.0,-10.0,-7.0,-10.0,-7.0,-10.0,-8.0,-11.0,-8.0,-10.0,-8.0,-10.0,-8.0,-11.0,-8.0,-11.0,-8.0,-10.0,-8.0,-10.0,-9.0,-11.0,-8.0,-11.0,-9.0,-11.0,-9.0,-11.0,-9.0,-11.0,-9.0,-11.0,-9.0,-10.0,-9.0,-10.0,-9.0,-11.0,-10.0,-10.0,-10.0,-11.0
3.9726,122.0,-96.0,7.0,0.0,0.0,0.0,0.0,0.0,0.0,0.0,0.0,0.0,-6.0,-13.0,-7.0,-18.0,-8.0,-23.0,-8.0,-26.0,-11.0,-29.0,-12.0,-31.0,-13.0,-32.0,-14.0,-31.0,-14.0,-29.0,-13.0,-26.0,-11.0,-23.0,-8.0,-19.0,-5.0,-15.0,-1.0,-11.0,3.0,-6.0,8.0,-3.0,14.0,0.0,19.0,3.0,25.0,4.0,29.0,5.0,32.0,5.0,35.0,4.0,35.0,4.0,35.0,2.0,34.0,1.0,31.0,1.0
3.9868,122.0,-96.0,7.0,0.0,0.0,0.0,0.0,0.0,0.0,0.0,0.0,0.0,13.0,1.0,14.0,1.0,14.0,1.0,14.0,0.0,14.0,1.0,15.0,1.0,14.0,0.0,15.0,0.0,14.0,0.0,15.0,0.0,15.0,0.0,15.0,1.0,15.0,0.0,16.0,0.0,15.0,0.0,16.0,0.0,15.0,0.0,15.0,0.0,16.0,0.0,16.0,-1.0,16.0,-1.0,16.0,-1.0,16.0,-1.0,16.0,-1.0,16.0,-1.0,17.0,-1.0
4.0013,122.0,-96.0,7.0,0.0,0.0,0.0,0.0,0.0,0.0,0.0,0.0,0.0,20.0,-5.0,21.0,-7.0,22.0,-7.0,21.0,-7.0,20.0,-8.0,18.0,-7.0,16.0,-6.0,13.0,-4.0,10.0,-3.0,6.0,1.0,2.0,3.0,0.0,7.0,-3.0,11.0,-5.0,14.0,-6.0,17.0,-7.0,19.0,-8.0,22.0,-9.0,23.0,-8.0,24.0,-7.0,24.0,-6.0,23.0,-5.0,20.0,-4.0,18.0,-4.0,14.0,-4.0,9.0,-4.0,5.0
4.0172,122.0,-96.0,7.0,0.0,0.0,0.0,0.0,0.0,0.0,0.0,0.0,0.0,-8.0,-10.0,-3.0,-8.0,3.0,-6.0,9.0,-5.0,14.0,-5.0,20.0,-5.0,24.0,-6.0,28.0,-7.0,30.0,-9.0,32.0,-10.0,32.0,-11.0,30.0,-12.0,28.0,-12.0,25.0,-12.0,21.0,-10.0,16.0,-7.0,12.0,-3.0,8.0,1.0,4.0,6.0,0.0,11.0,-2.0,17.0,-4.0,22.0,-5.0,27.0,-5.0,31.0,-4.0,34.0,-3.0,35.0
4.0323,122.0,-96.0,7.0,0.0,0.0,0.0,0.0,0.0,0.0,0.0,0.0,0.0,-10.0,-5.0,-5.0,-5.0,0.0,-6.0,5.0,-8.0,10.0,-10.0,14.0,-12.0,17.0,-15.0,19.0,-17.0,21.0,-19.0,21.0,-21.0,21.0,-22.0,20.0,-22.0,18.0,-21.0,15.0,-20.0,13.0,-17.0,11.0,-12.0,9.0,-8.0,7.0,-3.0,6.0,3.0,4.0,9.0,5.0,14.0,5.0,19.0,7.0,23.0,9.0,26.0,10.0,28.0,11.0,29.0
4.0467,122.0,-96.0,7.0,0.0,0.0,0.0,0.0,0.0,0.0,0.0,0.0,0.0,8.0,-6.0,9.0,-6.0,9.0,-6.0,10.0,-6.0,9.0,-6.0,10.0,-7.0,9.0,-7.0,10.0,-7.0,9.0,-7.0,10.0,-7.0,10.0,-8.0,10.0,-8.0,10.0,-8.0,10.0,-8.0,10.0,-8.0,10.0,-8.0,11.0,-8.0,9.0,-9.0,10.0,-9.0,9.0,-8.0,10.0,-9.0,10.0,-9.0,9.0,-9.0,10.0,-9.0,10.0,-9.0,10.0,-9.0
4.0631,122.0,-96.0,7.0,0.0,0.0,0.0,0.0,0.0,0.0,0.0,0.0,0.0,-7.0,-25.0,-6.0,-23.0,-5.0,-20.0,-4.0,-16.0,-2.0,-12.0,1.0,-8.0,5.0,-4.0,8.0,0.0,12.0,3.0,17.0,5.0,20.0,7.0,23.0,8.0,26.0,8.0,29.0,8.0,30.0,8.0,29.0,6.0,28.0,5.0,25.0,5.0,21.0,3.0,17.0,3.0,12.0,3.0,6.0,4.0,0.0,6.0,-5.0,7.0,-10.0,10.0,-14.0,13.0
4.0757,122.0,-96.0,7.0,0.0,0.0,0.0,0.0,0.0,0.0,0.0,0.0,0.0,7.0,7.0,7.0,7.0,7.0,7.0,8.0,8.0,8.0,7.0,8.0,8.0,8.0,8.0,9.0,8.0,8.0,8.0,9.0,8.0,9.0,8.0,9.0,8.0,9.0,8.0,9.0,8.0,10.0,8.0,9.0,7.0,9.0,8.0,10.0,7.0,9.0,8.0,10.0,8.0,10.0,8.0,9.0,7.0,11.0,7.0,10.0,7.0,10.0,7.0,11.0,7.0
4.0899,122.0,-96.0,7.0,0.0,0.0,0.0,0.0,0.0,0.0,0.0,0.0,0.0,23.0,1.0,25.0,1.0,25.0,0.0,25.0,0.0,23.0,-1.0,21.0,-1.0,18.0,-1.0,15.0,0.0,11.0,1.0,6.0,3.0,1.0,5.0,-3.0,8.0,-7.0,10.0,-10.0,13.0,-13.0,16.0,-15.0,18.0,-16.0,20.0,-17.0,22.0,-16.0,23.0,-16.0,23.0,-15.0,22.0,-13.0,20.0,-11.0,17.0,-9.0,13.0,-7.0,9.0,-6.0,4.0
4.105,122.0,-96.0,7.0,0.0,0.0,0.0,0.0,0.0,0.0,0.0,0.0,0.0,-20.0,13.0,-17.0,12.0,-15.0,10.0,-13.0,8.0,-10.0,5.0,-8.0,1.0,-6.0,-3.0,-3.0,-8.0,-2.0,-12.0,-1.0,-16.0,0.0,-20.0,0.0,-23.0,0.0,-26.0,-1.0,-28.0,-2.0,-28.0,-2.0,-28.0,-3.0,-26.0,-3.0,-24.0,-3.0,-21.0,-2.0,-18.0,0.0,-13.0,1.0,-9.0,4.0,-4.0,7.0,0.0,10.0,4.0,14.0,7.0
4.1186,122.0,-96.0,7.0,0.0,0.0,0.0,0.0,0.0,0.0,0.0,0.0,0.0,-22.0,-10.0,-24.0,-10.0,-24.0,-10.0,-24.0,-9.0,-23.0,-8.0,-22.0,-7.0,-18.0,-7.0,-15.0,-6.0,-11.0,-5.0,-6.0,-6.0,-1.0,-6.0,4.0,-7.0,9.0,-9.0,13.0,-10.0,16.0,-12.0,19.0,-13.0,21.0,-15.0,22.0,-16.0,22.0,-18.0,21.0,-18.0,20.0,-17.0,18.0,-16.0,15.0,-14.0,12.0,-11.0,9.0,-7.0,6.0,-3.0
4.1323,122.0,-96.0,7.0,0.0,0.0,0.0,0.0,0.0,0.0,0.0,0.0,0.0,-6.0,22.0,-6.0,24.0,-5.0,24.0,-5.0,24.0,-4.0,23.0,-4.0,21.0,-3.0,18.0,-3.0,14.0,-4.0,11.0,-5.0,5.0,-6.0,1.0,-8.0,-4.0,-10.0,-9.0,-12.0,-12.0,-15.0,-15.0,-17.0,-18.0,-19.0,-19.0,-20.0,-20.0,-21.0,-20.0,-22.0,-19.0,-21.0,-18.0,-19.0,-15.0,-16.0,-13.0,-13.0,-11.0,-8.0,-9.0,-4.0,-7.0
4.1461,122.0,-96.0,7.0,0.0,0.0,0.0,0.0,0.0,0.0,0.0,0.0,0.0,-24.0,-17.0,-22.0,-15.0,-19.0,-13.0,-15.0,-11.0,-10.0,-9.0,-5.0,-8.0,1.0,-8.0,7.0,-7.0,13.0,-7.0,18.0,-8.0,23.0,-9.0,26.0,-10.0,29.0,-12.0,31.0,-14.0,31.0,-15.0,30.0,-16.0,28.0,-16.0,25.0,-14.0,21.0,-12.0,17.0,-9.0,13.0,-6.0,9.0,-1.0,5.0,4.0,1.0,10.0,-1.0,15.0,-3.0,21.0
4.1597,122.0,-96.0,7.0,0.0,0.0,0.0,0.0,0.0,0.0,0.0,0.0,0.0,4.0,22.0,4.0,20.0,4.0,17.0,2.0,14.0,1.0,11.0,-2.0,7.0,-5.0,3.0,-8.0,0.0,-12.0,-3.0,-16.0,-6.0,-18.0,-7.0,-21.0,-9.0,-24.0,-9.0,-26.0,-9.0,-27.0,-9.0,-27.0,-8.0,-26.0,-7.0,-24.0,-6.0,-21.0,-5.0,-17.0,-5.0,-13.0,-5.0,-8.0,-5.0,-3.0,-6.0,2.0,-7.0,7.0,-9.0,11.0,-12.0
4.1746,122.0,-96.0,7.0,0.0,0.0,0.0,0.0,0.0,0.0,0.0,0.0,0.0,-7.0,12.0,-7.0,12.0,-6.0,12.0,-7.0,13.0,-7.0,13.0,-7.0,13.0,-7.0,13.0,-7.0,14.0,-7.0,14.0,-7.0,13.0,-7.0,14.0,-7.0,14.0,-7.0,14.0,-7.0,14.0,-7.0,15.0,-6.0,14.0,-6.0,14.0,-6.0,15.0,-7.0,16.0,-7.0,15.0,-7.0,15.0,-6.0,15.0,-6.0,15.0,-6.0,15.0,-6.0,16.0,-6.0,16.0
4.1885,122.0,-96.0,7.0,0.0,0.0,0.0,0.0,0.0,0.0,0.0,0.0,0.0,1.0,-12.0,3.0,-7.0,6.0,-2.0,9.0,3.0,12.0,7.0,17.0,11.0,20.0,14.0,23.0,16.0,26.0,17.0,28.0,16.0,29.0,16.0,29.0,14.0,28.0,13.0,26.0,11.0,21.0,9.0,16.0,7.0,10.0,7.0,4.0,6.0,-2.0,7.0,-9.0,8.0,-15.0,10.0,-20.0,13.0,-24.0,15.0,-26.0,18.0,-28.0,21.0,-28.0,22.0
4.2017,122.0,-96.0,7.0,0.0,0.0,0.0,0.0,0.0,0.0,0.0,0.0,0.0,-1.0,13.0,-1.0,13.0,-1.0,14.0,-1.0,14.0,-1.0,14.0,-1.0,15.0,-1.0,15.0,-1.0,15.0,0.0,14.0,-1.0,15.0,-1.0,15.0,-1.0,15.0,-1.0,15.0,-1.0,16.0,0.0,15.0,0.0,16.0,0.0,15.0,0.0,16.0,0.0,16.0,1.0,16.0,1.0,16.0,1.0,16.0,1.0,16.0,1.0,16.0,1.0,17.0,1.0,17.0
4.2159,122.0,-96.0,7.0,0.0,0.0,0.0,0.0,0.0,0.0,0.0,0.0,0.0,0.0,10.0,1.0,10.0,0.0,11.0,1.0,11.0,1.0,12.0,1.0,11.0,1.0,12.0,2.0,11.0,1.0,11.0,1.0,12.0,1.0,12.0,1.0,12.0,2.0,11.0,2.0,12.0,2.0,12.0,2.0,12.0,1.0,12.0,2.0,12.0,2.0,13.0,2.0,13.0,3.0,13.0,2.0,12.0,2.0,13.0,2.0,13.0,2.0,13.0,2.0,13.0
4.2312,122.0,-96.0,7.0,0.0,0.0,0.0,0.0,0.0,0.0,0.0,0.0,0.0,-23.0,-7.0,-21.0,-7.0,-18.0,-6.0,-14.0,-5.0,-10.0,-4.0,-6.0,-5.0,-1.0,-6.0,4.0,-7.0,8.0,-9.0,12.0,-11.0,15.0,-13.0,17.0,-15.0,19.0,-17.0,19.0,-19.0,20.0,-20.0,18.0,-20.0,17.0,-20.0,15.0,-18.0,13.0,-16.0,10.0,-12.0,8.0,-8.0,6.0,-3.0,5.0,2.0,4.0,7.0,3.0,11.0,4.0,17.0
4.2478,122.0,-96.0,7.0,0.0,0.0,0.0,0.0,0.0,0.0,0.0,0.0,0.0,13.0,-2.0,18.0,-1.0,23.0,-1.0,27.0,-1.0,30.0,-2.0,32.0,-2.0,32.0,-4.0,32.0,-5.0,31.0,-5.0,27.0,-5.0,23.0,-4.0,19.0,-2.0,14.0,-1.0,8.0,2.0,3.0,5.0,-2.0,10.0,-6.0,14.0,-10.0,18.0,-13.0,23.0,-15.0,27.0,-16.0,30.0,-16.0,32.0,-15.0,32.0,-14.0,32.0,-12.0,31.0,-11.0,28.0
4.2508,98.0,33.0,22.0,0.0,0.0,0.0,0.0,0.0,0.0,0.0,0.0,0.0,-6.0,8.0,-2.0,8.0,2.0,9.0,7.0,11.0,9.0,10.0,13.0,10.0,17.0,9.0,19.0,11.0,21.0,9.0,22.0,8.0,22.0,7.0,22.0,5.0,19.0,2.0,17.0,0.0,13.0,0.0,10.0,-2.0,5.0,-4.0,0.0,-4.0,-6.0,-3.0,-11.0,-5.0,-17.0,-2.0,-23.0,-2.0,-26.0,0.0,-30.0,0.0,-32.0,0.0,-34.0,2.0
4.2653,122.0,-96.0,7.0,0.0,0.0,0.0,0.0,0.0,0.0,0.0,0.0,0.0,22.0,-7.0,23.0,-9.0,24.0,-9.0,23.0,-9.0,22.0,-9.0,20.0,-9.0,17.0,-8.0,15.0,-6.0,11.0,-4.0,8.0,0.0,4.0,3.0,1.0,7.0,-2.0,11.0,-4.0,14.0,-6.0,19.0,-7.0,21.0,-8.0,24.0,-8.0,26.0,-7.0,27.0,-7.0,27.0,-6.0,26.0,-5.0,23.0,-4.0,21.0,-4.0,17.0,-4.0,12.0,-4.0,7.0
4.2788,122.0,-96.0,7.0,0.0,0.0,0.0,0.0,0.0,0.0,0.0,0.0,0.0,-11.0,3.0,-8.0,0.0,-5.0,-4.0,-2.0,-9.0,0.0,-13.0,1.0,-18.0,2.0,-22.0,2.0,-25.0,2.0,-28.0,1.0,-30.0,0.0,-30.0,-1.0,-30.0,-1.0,-29.0,-3.0,-27.0,-2.0,-23.0,-1.0,-19.0,0.0,-15.0,2.0,-9.0,5.0,-5.0,8.0,0.0,11.0,4.0,15.0,8.0,19.0,11.0,23.0,12.0,25.0,13.0,27.0,13.0
4.2915,122.0,-96.0,7.0,0.0,0.0,0.0,0.0,0.0,0.0,0.0,0.0,0.0,19.0,16.0,22.0,16.0,22.0,16.0,23.0,16.0,21.0,14.0,20.0,13.0,17.0,11.0,13.0,10.0,10.0,8.0,4.0,7.0,-1.0,6.0,-6.0,5.0,-12.0,6.0,-16.0,6.0,-21.0,7.0,-24.0,8.0,-28.0,9.0,-29.0,10.0,-30.0,12.0,-29.0,12.0,-28.0,12.0,-25.0,12.0,-21.0,11.0,-18.0,8.0,-14.0,6.0,-10.0,2.0
4.306,122.0,-96.0,7.0,0.0,0.0,0.0,0.0,0.0,0.0,0.0,0.0,0.0,-14.0,2.0,-14.0,2.0,-14.0,2.0,-15.0,3.0,-15.0,3.0,-15.0,3.0,-15.0,3.0,-15.0,3.0,-15.0,4.0,-15.0,3.0,-16.0,4.0,-16.0,4.0,-16.0,3.0,-16.0,4.0,-16.0,4.0,-16.0,4.0,-16.0,4.0,-16.0,4.0,-16.0,5.0,-16.0,5.0,-16.0,5.0,-16.0,5.0,-16.0,5.0,-17.0,6.0,-17.0,6.0,-17.0,6.0
4.3193,122.0,-96.0,7.0,0.0,0.0,0.0,0.0,0.0,0.0,0.0,0.0,0.0,22.0,13.0,20.0,11.0,17.0,9.0,13.0,8.0,9.0,7.0,4.0,6.0,-1.0,6.0,-6.0,6.0,-11.0,7.0,-16.0,8.0,-20.0,9.0,-22.0,10.0,-25.0,12.0,-27.0,14.0,-27.0,15.0,-26.0,16.0,-24.0,16.0,-22.0,15.0,-19.0,13.0,-16.0,10.0,-13.0,6.0,-10.0,2.0,-6.0,-3.0,-4.0,-8.0,-2.0,-13.0,-1.0,-18.0
4.3325,122.0,-96.0,7.0,0.0,0.0,0.0,0.0,0.0,0.0,0.0,0.0,0.0,9.0,10.0,9.0,10.0,9.0,10.0,10.0,10.0,9.0,10.0,9.0,11.0,10.0,11.0,10.0,10.0,10.0,11.0,10.0,11.0,10.0,11.0,10.0,11.0,10.0,11.0,11.0,11.0,11.0,11.0,11.0,11.0,11.0,11.0,12.0,11.0,12.0,10.0,12.0,10.0,12.0,10.0,12.0,10.0,13.0,10.0,13.0,10.0,12.0,10.0,13.0,10.0
4.3365,98.0,33.0,22.0,0.0,0.0,0.0,0.0,0.0,0.0,0.0,0.0,0.0,22.0,-9.0,22.0,-9.0,23.0,-9.0,21.0,-9.0,20.0,-9.0,17.0,-9.0,13.0,-9.0,10.0,-9.0,4.0,-8.0,0.0,-6.0,-5.0,-5.0,-10.0,-3.0,-14.0,-1.0,-18.0,2.0,-20.0,5.0,-22.0,8.0,-23.0,11.0,-23.0,13.0,-23.0,14.0,-21.0,16.0,-19.0,15.0,-15.0,13.0,-13.0,11.0,-7.0,7.0,-3.0,2.0,0.0,-3.0
4.3513,122.0,-96.0,7.0,0.0,0.0,0.0,0.0,0.0,0.0,0.0,0.0,0.0,-13.0,4.0,-8.0,0.0,-5.0,-5.0,-2.0,-9.0,0.0,-15.0,1.0,-20.0,2.0,-25.0,2.0,-28.0,2.0,-32.0,1.0,-34.0,0.0,-34.0,-1.0,-34.0,-2.0,-32.0,-3.0,-30.0,-3.0,-26.0,-2.0,-21.0,0.0,-16.0,2.0,-11.0,6.0,-5.0,9.0,0.0,13.0,4.0,17.0,8.0,22.0,11.0,26.0,13.0,29.0,14.0,31.0,14.0
4.3664,122.0,-96.0,7.0,0.0,0.0,0.0,0.0,0.0,0.0,0.0,0.0,0.0,22.0,-4.0,20.0,-4.0,18.0,-3.0,14.0,-2.0,10.0,-1.0,6.0,2.0,2.0,5.0,-2.0,8.0,-5.0,11.0,-8.0,14.0,-10.0,17.0,-11.0,20.0,-12.0,22.0,-12.0,24.0,-11.0,25.0,-10.0,25.0,-9.0,23.0,-8.0,22.0,-7.0,18.0,-6.0,14.0,-5.0,10.0,-6.0,5.0,-6.0,-1.0,-7.0,-6.0,-8.0,-10.0,-11.0,-15.0
4.3802,122.0,-96.0,7.0,0.0,0.0,0.0,0.0,0.0,0.0,0.0,0.0,0.0,7.0,-9.0,7.0,-9.0,8.0,-9.0,7.0,-9.0,7.0,-9.0,8.0,-10.0,7.0,-10.0,7.0,-10.0,7.0,-10.0,8.0,-10.0,8.0,-10.0,8.0,-11.0,8.0,-10.0,7.0,-11.0,7.0,-11.0,8.0,-11.0,7.0,-11.0,7.0,-12.0,7.0,-11.0,7.0,-11.0,7.0,-11.0,7.0,-12.0,8.0,-12.0,7.0,-11.0,7.0,-12.0,7.0,-12.0
4.3933,122.0,-96.0,7.0,0.0,0.0,0.0,0.0,0.0,0.0,0.0,0.0,0.0,22.0,-4.0,20.0,-4.0,17.0,-4.0,14.0,-3.0,10.0,-1.0,7.0,1.0,3.0,4.0,-1.0,7.0,-4.0,11.0,-6.0,14.0,-9.0,17.0,-10.0,20.0,-10.0,23.0,-10.0,24.0,-10.0,26.0,-9.0,25.0,-8.0,25.0,-7.0,22.0,-6.0,20.0,-5.0,16.0,-5.0,11.0,-5.0,6.0,-6.0,1.0,-7.0,-4.0,-8.0,-8.0,-11.0,-13.0
4.4072,122.0,-96.0,7.0,0.0,0.0,0.0,0.0,0.0,0.0,0.0,0.0,0.0,12.0,19.0,13.0,21.0,14.0,21.0,14.0,20.0,14.0,19.0,12.0,17.0,11.0,15.0,8.0,12.0,5.0,9.0,0.0,7.0,-4.0,4.0,-8.0,2.0,-13.0,1.0,-17.0,0.0,-21.0,-1.0,-24.0,-1.0,-27.0,-1.0,-28.0,-1.0,-29.0,0.0,-28.0,1.0,-27.0,1.0,-24.0,2.0,-21.0,2.0,-16.0,1.0,-12.0,-1.0,-8.0,-3.0
4.4213,122.0,-96.0,7.0,0.0,0.0,0.0,0.0,0.0,0.0,0.0,0.0,0.0,-4.0,-24.0,-4.0,-25.0,-5.0,-26.0,-6.0,-25.0,-6.0,-24.0,-6.0,-22.0,-5.0,-19.0,-3.0,-16.0,-2.0,-12.0,2.0,-8.0,4.0,-4.0,8.0,0.0,12.0,3.0,15.0,6.0,18.0,8.0,21.0,9.0,23.0,10.0,25.0,10.0,26.0,10.0,25.0,9.0,24.0,9.0,22.0,7.0,19.0,6.0,15.0,5.0,10.0,4.0,5.0,4.0
4.4356,122.0,-96.0,7.0,0.0,0.0,0.0,0.0,0.0,0.0,0.0,0.0,0.0,8.0,-8.0,6.0,-3.0,5.0,2.0,4.0,7.0,4.0,12.0,5.0,16.0,6.0,20.0,6.0,24.0,8.0,26.0,9.0,27.0,10.0,27.0,11.0,26.0,11.0,25.0,11.0,22.0,9.0,19.0,7.0,15.0,4.0,11.0,0.0,8.0,-5.0,5.0,-10.0,2.0,-15.0,-1.0,-19.0,-2.0,-24.0,-3.0,-27.0,-3.0,-30.0,-3.0,-31.0,-2.0
4.4484,122.0,-96.0,7.0,0.0,0.0,0.0,0.0,0.0,0.0,0.0,0.0,0.0,4.0,-12.0,4.0,-12.0,5.0,-12.0,5.0,-13.0,5.0,-13.0,4.0,-13.0,4.0,-13.0,5.0,-13.0,5.0,-13.0,4.0,-13.0,5.0,-14.0,4.0,-13.0,5.0,-13.0,4.0,-14.0,5.0,-15.0,5.0,-14.0,4.0,-14.0,4.0,-15.0,5.0,-15.0,4.0,-15.0,4.0,-15.0,4.0,-14.0,4.0,-15.0,4.0,-15.0,4.0,-15.0,4.0,-15.0
4.4619,122.0,-96.0,7.0,0.0,0.0,0.0,0.0,0.0,0.0,0.0,0.0,0.0,9.0,5.0,9.0,5.0,9.0,5.0,10.0,5.0,10.0,5.0,10.0,5.0,10.0,5.0,10.0,5.0,10.0,5.0,10.0,5.0,10.0,6.0,11.0,6.0,11.0,6.0,11.0,6.0,11.0,5.0,11.0,5.0,11.0,5.0,11.0,5.0,11.0,6.0,12.0,5.0,12.0,5.0,11.0,5.0,12.0,5.0,12.0,5.0,12.0,5.0,12.0,5.0
4.4767,122.0,-96.0,7.0,0.0,0.0,0.0,0.0,0.0,0.0,0.0,0.0,0.0,-1.0,-13.0,-1.0,-17.0,0.0,-22.0,0.0,-25.0,-1.0,-28.0,-1.0,-29.0,-2.0,-30.0,-3.0,-30.0,-4.0,-28.0,-4.0,-25.0,-3.0,-22.0,-2.0,-17.0,0.0,-13.0,2.0,-8.0,5.0,-4.0,9.0,1.0,13.0,5.0,16.0,8.0,21.0,10.0,24.0,12.0,27.0,12.0,28.0,13.0,29.0,12.0,29.0,11.0,28.0,9.0,25.0,7.0
4.4915,122.0,-96.0,7.0,0.0,0.0,0.0,0.0,0.0,0.0,0.0,0.0,0.0,-1.0,-14.0,-1.0,-15.0,-1.0,-15.0,-1.0,-15.0,-1.0,-16.0,-1.0,-16.0,-1.0,-16.0,-1.0,-16.0,-2.0,-16.0,-1.0,-17.0,-1.0,-17.0,-1.0,-16.0,-1.0,-16.0,-2.0,-16.0,-2.0,-16.0,-2.0,-17.0,-2.0,-17.0,-2.0,-17.0,-2.0,-17.0,-2.0,-17.0,-2.0,-17.0,-2.0,-17.0,-3.0,-17.0,-3.0,-18.0,-3.0,-17.0,-3.0,-18.0
4.5051,122.0,-96.0,7.0,0.0,0.0,0.0,0.0,0.0,0.0,0.0,0.0,0.0,-19.0,-23.0,-17.0,-20.0,-15.0,-18.0,-11.0,-14.0,-7.0,-12.0,-2.0,-9.0,4.0,-7.0,9.0,-5.0,15.0,-3.0,21.0,-3.0,25.0,-3.0,29.0,-3.0,31.0,-5.0,34.0,-6.0,34.0,-7.0,33.0,-8.0,30.0,-8.0,27.0,-7.0,22.0,-6.0,18.0,-4.0,12.0,-1.0,7.0,3.0,2.0,8.0,-2.0,12.0,-6.0,16.0,-9.0,22.0
4.5214,122.0,-96.0,7.0,0.0,0.0,0.0,0.0,0.0,0.0,0.0,0.0,0.0,-8.0,-12.0,-8.0,-12.0,-8.0,-12.0,-8.0,-13.0,-9.0,-12.0,-9.0,-13.0,-9.0,-13.0,-9.0,-13.0,-9.0,-13.0,-9.0,-13.0,-9.0,-13.0,-10.0,-14.0,-9.0,-14.0,-10.0,-14.0,-10.0,-14.0,-10.0,-14.0,-10.0,-14.0,-11.0,-14.0,-11.0,-13.0,-10.0,-13.0,-11.0,-14.0,-11.0,-14.0,-11.0,-14.0,-11.0,-14.0,-11.0,-14.0,-12.0,-14.0
4.536,122.0,-96.0,7.0,0.0,0.0,0.0,0.0,0.0,0.0,0.0,0.0,0.0,-6.0,-23.0,-5.0,-21.0,-4.0,-18.0,-3.0,-15.0,-2.0,-11.0,1.0,-7.0,4.0,-4.0,8.0,0.0,11.0,2.0,15.0,5.0,18.0,6.0,21.0,8.0,23.0,7.0,26.0,7.0,26.0,6.0,26.0,5.0,24.0,4.0,22.0,4.0,19.0,3.0,15.0,3.0,11.0,3.0,6.0,4.0,0.0,5.0,-5.0,7.0,-9.0,9.0,-12.0,12.0
4.5522,122.0,-96.0,7.0,0.0,0.0,0.0,0.0,0.0,0.0,0.0,0.0,0.0,-15.0,-22.0,-14.0,-20.0,-12.0,-17.0,-10.0,-15.0,-6.0,-11.0,-2.0,-9.0,2.0,-6.0,7.0,-4.0,12.0,-2.0,17.0,-2.0,21.0,-1.0,24.0,-1.0,27.0,-1.0,30.0,-3.0,31.0,-3.0,29.0,-4.0,29.0,-5.0,25.0,-4.0,22.0,-4.0,18.0,-3.0,14.0,-1.0,8.0,1.0,4.0,4.0,-1.0,7.0,-5.0,11.0,-8.0,16.0
4.5652,122.0,-96.0,7.0,0.0,0.0,0.0,0.0,0.0,0.0,0.0,0.0,0.0,-4.0,-12.0,-4.0,-17.0,-4.0,-21.0,-4.0,-24.0,-6.0,-26.0,-7.0,-29.0,-8.0,-29.0,-9.0,-29.0,-9.0,-27.0,-8.0,-25.0,-6.0,-22.0,-4.0,-18.0,-3.0,-14.0,0.0,-10.0,3.0,-5.0,8.0,-2.0,12.0,2.0,16.0,5.0,21.0,7.0,24.0,8.0,28.0,8.0,29.0,9.0,30.0,8.0,30.0,7.0,29.0,5.0,27.0,4.0
4.5785,122.0,-96.0,7.0,0.0,0.0,0.0,0.0,0.0,0.0,0.0,0.0,0.0,-6.0,11.0,-6.0,6.0,-7.0,0.0,-9.0,-5.0,-10.0,-11.0,-13.0,-16.0,-16.0,-19.0,-18.0,-22.0,-21.0,-24.0,-22.0,-25.0,-24.0,-25.0,-24.0,-24.0,-23.0,-22.0,-23.0,-20.0,-20.0,-17.0,-15.0,-14.0,-11.0,-12.0,-6.0,-10.0,0.0,-8.0,7.0,-7.0,13.0,-7.0,19.0,-7.0,24.0,-8.0,27.0,-9.0,31.0,-11.0,32.0,-12.0
4.5938,122.0,-96.0,7.0,0.0,0.0,0.0,0.0,0.0,0.0,0.0,0.0,0.0,10.0,4.0,13.0,7.0,16.0,9.0,19.0,10.0,21.0,11.0,23.0,12.0,24.0,11.0,23.0,10.0,22.0,9.0,20.0,8.0,16.0,7.0,12.0,6.0,9.0,5.0,3.0,5.0,-2.0,5.0,-7.0,6.0,-12.0,8.0,-16.0,8.0,-19.0,11.0,-22.0,12.0,-24.0,14.0,-24.0,15.0,-24.0,16.0,-23.0,16.0,-21.0,16.0,-18.0,14.0
4.607,122.0,-96.0,7.0,0.0,0.0,0.0,0.0,0.0,0.0,0.0,0.0,0.0,13.0,-3.0,13.0,-3.0,14.0,-3.0,14.0,-4.0,14.0,-3.0,14.0,-4.0,14.0,-4.0,15.0,-4.0,14.0,-4.0,15.0,-4.0,15.0,-4.0,15.0,-4.0,15.0,-4.0,16.0,-5.0,15.0,-5.0,16.0,-5.0,15.0,-5.0,16.0,-5.0,15.0,-5.0,16.0,-5.0,16.0,-5.0,15.0,-6.0,15.0,-6.0,16.0,-6.0,16.0,-6.0,16.0,-7.0
4.6214,122.0,-96.0,7.0,0.0,0.0,0.0,0.0,0.0,0.0,0.0,0.0,0.0,-9.0,-22.0,-10.0,-23.0,-11.0,-23.0,-11.0,-23.0,-11.0,-22.0,-10.0,-20.0,-9.0,-17.0,-7.0,-14.0,-4.0,-11.0,0.0,-8.0,3.0,-5.0,8.0,-2.0,12.0,0.0,16.0,2.0,20.0,3.0,23.0,4.0,25.0,4.0,27.0,4.0,27.0,3.0,27.0,2.0,26.0,2.0,23.0,1.0,20.0,0.0,15.0,1.0,11.0,2.0,6.0,3.0
4.6351,122.0,-96.0,7.0,0.0,0.0,0.0,0.0,0.0,0.0,0.0,0.0,0.0,7.0,24.0,6.0,21.0,5.0,18.0,3.0,15.0,1.0,11.0,-2.0,7.0,-6.0,3.0,-10.0,0.0,-15.0,-3.0,-19.0,-5.0,-22.0,-7.0,-25.0,-8.0,-28.0,-7.0,-30.0,-6.0,-31.0,-6.0,-30.0,-5.0,-28.0,-4.0,-25.0,-3.0,-21.0,-2.0,-17.0,-3.0,-12.0,-4.0,-6.0,-5.0,0.0,-8.0,4.0,-10.0,9.0,-13.0,13.0,-17.0
4.6513,122.0,-96.0,7.0,0.0,0.0,0.0,0.0,0.0,0.0,0.0,0.0,0.0,-3.0,-11.0,-4.0,-11.0,-4.0,-11.0,-4.0,-12.0,-4.0,-11.0,-5.0,-11.0,-5.0,-12.0,-5.0,-12.0,-5.0,-11.0,-5.0,-12.0,-5.0,-12.0,-5.0,-12.0,-5.0,-12.0,-5.0,-12.0,-6.0,-12.0,-6.0,-12.0,-6.0,-13.0,-6.0,-12.0,-6.0,-12.0,-6.0,-12.0,-6.0,-12.0,-7.0,-12.0,-7.0,-12.0,-7.0,-12.0,-7.0,-12.0,-7.0,-12.0
4.6656,122.0,-96.0,7.0,0.0,0.0,0.0,0.0,0.0,0.0,0.0,0.0,0.0,-10.0,-7.0,-13.0,-9.0,-16.0,-12.0,-18.0,-14.0,-20.0,-15.0,-22.0,-15.0,-23.0,-15.0,-23.0,-14.0,-22.0,-13.0,-20.0,-11.0,-17.0,-10.0,-13.0,-9.0,-9.0,-8.0,-5.0,-7.0,0.0,-6.0,5.0,-7.0,10.0,-8.0,15.0,-9.0,18.0,-10.0,21.0,-12.0,23.0,-14.0,24.0,-15.0,24.0,-16.0,23.0,-16.0,21.0,-16.0,19.0,-15.0
4.6797,122.0,-96.0,7.0,0.0,0.0,0.0,0.0,0.0,0.0,0.0,0.0,0.0,-11.0,0.0,-12.0,0.0,-12.0,0.0,-12.0,0.0,-12.0,0.0,-13.0,0.0,-13.0,0.0,-13.0,1.0,-13.0,0.0,-13.0,0.0,-13.0,0.0,-13.0,0.0,-13.0,0.0,-14.0,1.0,-14.0,0.0,-13.0,1.0,-13.0,1.0,-14.0,1.0,-14.0,1.0,-14.0,1.0,-14.0,1.0,-14.0,2.0,-14.0,1.0,-14.0,2.0,-14.0,1.0,-14.0,2.0
4.6931,122.0,-96.0,7.0,0.0,0.0,0.0,0.0,0.0,0.0,0.0,0.0,0.0,-13.0,18.0,-14.0,21.0,-13.0,21.0,-13.0,21.0,-12.0,20.0,-11.0,19.0,-10.0,16.0,-9.0,13.0,-7.0,9.0,-7.0,4.0,-6.0,0.0,-6.0,-6.0,-7.0,-10.0,-8.0,-14.0,-9.0,-18.0,-10.0,-21.0,-11.0,-24.0,-12.0,-25.0,-14.0,-26.0,-14.0,-25.0,-14.0,-24.0,-13.0,-21.0,-12.0,-18.0,-10.0,-15.0,-6.0,-12.0,-3.0,-9.0
4.7073,122.0,-96.0,7.0,0.0,0.0,0.0,0.0,0.0,0.0,0.0,0.0,0.0,-24.0,-3.0,-25.0,-3.0,-26.0,-2.0,-25.0,-2.0,-24.0,-1.0,-22.0,-1.0,-20.0,-1.0,-16.0,-1.0,-12.0,-2.0,-8.0,-4.0,-3.0,-5.0,1.0,-8.0,5.0,-11.0,9.0,-14.0,11.0,-16.0,14.0,-19.0,15.0,-21.0,16.0,-22.0,16.0,-24.0,15.0,-24.0,14.0,-23.0,12.0,-21.0,11.0,-19.0,8.0,-15.0,7.0,-11.0,6.0,-7.0
4.7213,122.0,-96.0,7.0,0.0,0.0,0.0,0.0,0.0,0.0,0.0,0.0,0.0,22.0,-5.0,24.0,-6.0,24.0,-7.0,24.0,-7.0,22.0,-8.0,20.0,-7.0,18.0,-7.0,15.0,-5.0,11.0,-3.0,8.0,1.0,4.0,3.0,0.0,7.0,-3.0,11.0,-5.0,15.0,-7.0,18.0,-8.0,21.0,-9.0,23.0,-9.0,26.0,-8.0,26.0,-7.0,26.0,-7.0,26.0,-6.0,23.0,-5.0,21.0,-4.0,16.0,-4.0,12.0,-4.0,7.0
4.735,122.0,-96.0,7.0,0.0,0.0,0.0,0.0,0.0,0.0,0.0,0.0,0.0,10.0,20.0,9.0,19.0,7.0,16.0,5.0,13.0,3.0,10.0,0.0,7.0,-4.0,4.0,-8.0,2.0,-12.0,0.0,-16.0,-2.0,-19.0,-3.0,-23.0,-4.0,-25.0,-4.0,-27.0,-3.0,-28.0,-2.0,-27.0,-2.0,-27.0,-1.0,-24.0,-1.0,-21.0,0.0,-17.0,-1.0,-13.0,-2.0,-8.0,-3.0,-4.0,-6.0,1.0,-8.0,5.0,-10.0,8.0,-14.0
4.7485,122.0,-96.0,7.0,0.0,0.0,0.0,0.0,0.0,0.0,0.0,0.0,0.0,-14.0,-2.0,-19.0,-4.0,-23.0,-5.0,-27.0,-6.0,-31.0,-6.0,-32.0,-5.0,-34.0,-4.0,-34.0,-3.0,-32.0,-2.0,-29.0,-2.0,-25.0,-3.0,-20.0,-3.0,-15.0,-3.0,-10.0,-5.0,-4.0,-7.0,1.0,-10.0,7.0,-14.0,11.0,-17.0,15.0,-21.0,17.0,-24.0,18.0,-28.0,19.0,-30.0,19.0,-31.0,18.0,-30.0,16.0,-30.0,14.0,-28.0
4.7619,122.0,-96.0,7.0,0.0,0.0,0.0,0.0,0.0,0.0,0.0,0.0,0.0,-9.0,21.0,-9.0,23.0,-9.0,23.0,-8.0,23.0,-7.0,22.0,-7.0,21.0,-6.0,18.0,-5.0,14.0,-5.0,10.0,-6.0,6.0,-6.0,1.0,-7.0,-4.0,-9.0,-9.0,-10.0,-13.0,-12.0,-17.0,-14.0,-19.0,-16.0,-21.0,-17.0,-22.0,-18.0,-23.0,-19.0,-22.0,-18.0,-21.0,-17.0,-18.0,-15.0,-16.0,-12.0,-13.0,-9.0,-11.0,-5.0,-8.0
4.7759,122.0,-96.0,7.0,0.0,0.0,0.0,0.0,0.0,0.0,0.0,0.0,0.0,17.0,15.0,19.0,15.0,20.0,15.0,20.0,14.0,19.0,13.0,17.0,12.0,14.0,10.0,11.0,9.0,7.0,7.0,2.0,6.0,-3.0,5.0,-8.0,5.0,-13.0,5.0,-17.0,5.0,-21.0,6.0,-23.0,7.0,-26.0,8.0,-26.0,9.0,-26.0,10.0,-26.0,10.0,-24.0,10.0,-21.0,9.0,-18.0,8.0,-14.0,5.0,-10.0,2.0,-7.0,-2.0
4.7901,122.0,-96.0,7.0,0.0,0.0,0.0,0.0,0.0,0.0,0.0,0.0,0.0,19.0,6.0,21.0,6.0,22.0,5.0,21.0,5.0,20.0,4.0,18.0,4.0,16.0,3.0,12.0,3.0,8.0,3.0,4.0,4.0,0.0,5.0,-5.0,6.0,-9.0,8.0,-12.0,10.0,-15.0,12.0,-17.0,13.0,-19.0,15.0,-19.0,16.0,-19.0,17.0,-18.0,17.0,-17.0,16.0,-14.0,14.0,-12.0,12.0,-10.0,9.0,-7.0,5.0,-6.0,1.0
4.8048,122.0,-96.0,7.0,0.0,0.0,0.0,0.0,0.0,0.0,0.0,0.0,0.0,-4.0,-14.0,-4.0,-14.0,-4.0,-15.0,-5.0,-15.0,-5.0,-15.0,-5.0,-15.0,-5.0,-15.0,-5.0,-16.0,-5.0,-15.0,-5.0,-16.0,-5.0,-16.0,-5.0,-16.0,-5.0,-16.0,-6.0,-16.0,-6.0,-16.0,-6.0,-16.0,-6.0,-17.0,-6.0,-16.0,-6.0,-16.0,-7.0,-16.0,-6.0,-16.0,-7.0,-16.0,-7.0,-17.0,-7.0,-17.0,-7.0,-17.0,-7.0,-17.0
4.8191,122.0,-96.0,7.0,0.0,0.0,0.0,0.0,0.0,0.0,0.0,0.0,0.0,5.0,-24.0,5.0,-25.0,4.0,-26.0,3.0,-25.0,3.0,-24.0,2.0,-22.0,2.0,-19.0,3.0,-15.0,2.0,-11.0,4.0,-7.0,5.0,-2.0,7.0,3.0,10.0,7.0,11.0,11.0,14.0,14.0,16.0,17.0,18.0,18.0,19.0,19.0,20.0,19.0,20.0,18.0,19.0,17.0,18.0,15.0,15.0,12.0,12.0,10.0,7.0,8.0,3.0,6.0
4.8335,122.0,-96.0,7.0,0.0,0.0,0.0,0.0,0.0,0.0,0.0,0.0,0.0,12.0,-1.0,16.0,0.0,21.0,0.0,23.0,0.0,27.0,0.0,28.0,-1.0,29.0,-2.0,29.0,-2.0,28.0,-3.0,24.0,-3.0,21.0,-2.0,16.0,-1.0,12.0,0.0,7.0,3.0,2.0,5.0,-2.0,9.0,-7.0,12.0,-10.0,16.0,-12.0,20.0,-14.0,23.0,-15.0,26.0,-15.0,27.0,-15.0,28.0,-14.0,27.0,-12.0,27.0,-10.0,24.0
4.8474,122.0,-96.0,7.0,0.0,0.0,0.0,0.0,0.0,0.0,0.0,0.0,0.0,-5.0,8.0,-5.0,8.0,-5.0,8.0,-5.0,9.0,-5.0,9.0,-5.0,10.0,-4.0,10.0,-5.0,9.0,-6.0,10.0,-5.0,10.0,-5.0,10.0,-5.0,10.0,-6.0,10.0,-5.0,10.0,-5.0,11.0,-5.0,10.0,-5.0,10.0,-5.0,10.0,-5.0,11.0,-4.0,10.0,-5.0,11.0,-5.0,11.0,-4.0,11.0,-4.0,11.0,-5.0,11.0,-4.0,12.0
4.8619,122.0,-96.0,7.0,0.0,0.0,0.0,0.0,0.0,0.0,0.0,0.0,0.0,-23.0,-6.0,-25.0,-6.0,-25.0,-5.0,-25.0,-6.0,-24.0,-4.0,-22.0,-4.0,-19.0,-4.0,-15.0,-4.0,-11.0,-4.0,-7.0,-5.0,-2.0,-6.0,3.0,-8.0,7.0,-10.0,11.0,-12.0,15.0,-15.0,17.0,-16.0,19.0,-19.0,19.0,-19.0,20.0,-21.0,18.0,-20.0,18.0,-20.0,16.0,-18.0,13.0,-16.0,10.0,-12.0,8.0,-8.0,6.0,-4.0
4.8783,122.0,-96.0,7.0,0.0,0.0,0.0,0.0,0.0,0.0,0.0,0.0,0.0,-8.0,-9.0,-8.0,-8.0,-8.0,-9.0,-8.0,-10.0,-8.0,-9.0,-9.0,-9.0,-9.0,-9.0,-9.0,-9.0,-9.0,-10.0,-9.0,-10.0,-9.0,-10.0,-10.0,-10.0,-9.0,-10.0,-10.0,-9.0,-10.0,-9.0,-10.0,-10.0,-10.0,-10.0,-10.0,-10.0,-10.0,-9.0,-10.0,-9.0,-11.0,-9.0,-10.0,-9.0,-11.0,-10.0,-11.0,-9.0,-11.0,-10.0,-11.0,-10.0
4.8912,122.0,-96.0,7.0,0.0,0.0,0.0,0.0,0.0,0.0,0.0,0.0,0.0,16.0,-17.0,16.0,-19.0,16.0,-20.0,15.0,-20.0,14.0,-19.0,12.0,-17.0,10.0,-15.0,9.0,-12.0,7.0,-8.0,6.0,-3.0,5.0,2.0,5.0,7.0,5.0,12.0,4.0,16.0,6.0,20.0,6.0,23.0,7.0,25.0,8.0,26.0,9.0,26.0,10.0,25.0,10.0,23.0,9.0,20.0,7.0,17.0,5.0,13.0,2.0,9.0,-2.0,6.0
4.9071,122.0,-96.0,7.0,0.0,0.0,0.0,0.0,0.0,0.0,0.0,0.0,0.0,-10.0,-4.0,-10.0,-4.0,-10.0,-4.0,-10.0,-4.0,-11.0,-4.0,-11.0,-4.0,-11.0,-4.0,-11.0,-4.0,-11.0,-4.0,-11.0,-4.0,-11.0,-4.0,-12.0,-4.0,-11.0,-4.0,-12.0,-4.0,-12.0,-4.0,-12.0,-5.0,-12.0,-4.0,-12.0,-4.0,-12.0,-4.0,-12.0,-4.0,-12.0,-4.0,-12.0,-4.0,-12.0,-4.0,-12.0,-4.0,-12.0,-4.0,-13.0,-4.0
4.9215,122.0,-96.0,7.0,0.0,0.0,0.0,0.0,0.0,0.0,0.0,0.0,0.0,-14.0,2.0,-14.0,2.0,-15.0,2.0,-15.0,2.0,-15.0,2.0,-15.0,2.0,-16.0,2.0,-16.0,3.0,-16.0,3.0,-16.0,3.0,-16.0,3.0,-16.0,3.0,-16.0,3.0,-16.0,3.0,-16.0,3.0,-17.0,3.0,-17.0,4.0,-17.0,4.0,-17.0,4.0,-17.0,4.0,-17.0,4.0,-17.0,4.0,-17.0,5.0,-17.0,5.0,-17.0,5.0,-17.0,5.0
4.9248,98.0,33.0,22.0,0.0,0.0,0.0,0.0,0.0,0.0,0.0,0.0,0.0,-20.0,0.0,-18.0,1.0,-16.0,1.0,-10.0,2.0,-9.0,4.0,-3.0,6.0,1.0,6.0,4.0,7.0,8.0,9.0,9.0,10.0,13.0,11.0,15.0,11.0,18.0,10.0,20.0,9.0,18.0,8.0,19.0,6.0,17.0,5.0,15.0,3.0,14.0,1.0,9.0,1.0,5.0,-1.0,-1.0,-2.0,-7.0,-3.0,-11.0,-4.0,-17.0,-4.0,-23.0,-5.0
4.939,122.0,-96.0,7.0,0.0,0.0,0.0,0.0,0.0,0.0,0.0,0.0,0.0,-9.0,11.0,-12.0,14.0,-15.0,18.0,-17.0,21.0,-19.0,24.0,-19.0,26.0,-19.0,27.0,-18.0,28.0,-16.0,27.0,-15.0,24.0,-13.0,19.0,-11.0,15.0,-10.0,10.0,-8.0,4.0,-7.0,-2.0,-8.0,-8.0,-8.0,-15.0,-9.0,-20.0,-12.0,-25.0,-14.0,-28.0,-15.0,-31.0,-17.0,-32.0,-18.0,-33.0,-18.0,-31.0,-18.0,-29.0,-17.0,-26.0
4.954,122.0,-96.0,7.0,0.0,0.0,0.0,0.0,0.0,0.0,0.0,0.0,0.0,9.0,-7.0,13.0,-8.0,16.0,-10.0,19.0,-11.0,20.0,-13.0,21.0,-15.0,22.0,-15.0,21.0,-16.0,19.0,-15.0,17.0,-14.0,14.0,-11.0,12.0,-8.0,9.0,-5.0,6.0,-1.0,4.0,3.0,2.0,8.0,1.0,13.0,0.0,17.0,0.0,21.0,0.0,25.0,0.0,27.0,1.0,28.0,2.0,28.0,2.0,27.0,3.0,25.0,3.0,22.0
4.9704,122.0,-96.0,7.0,0.0,0.0,0.0,0.0,0.0,0.0,0.0,0.0,0.0,-8.0,-9.0,-8.0,-10.0,-8.0,-10.0,-9.0,-10.0,-8.0,-10.0,-9.0,-10.0,-9.0,-10.0,-9.0,-11.0,-9.0,-11.0,-10.0,-10.0,-9.0,-11.0,-10.0,-10.0,-10.0,-11.0,-10.0,-10.0,-10.0,-10.0,-10.0,-11.0,-10.0,-11.0,-10.0,-10.0,-11.0,-11.0,-11.0,-10.0,-11.0,-11.0,-11.0,-10.0,-11.0,-10.0,-11.0,-11.0,-11.0,-10.0,-12.0,-11.0
4.9844,122.0,-96.0,7.0,0.0,0.0,0.0,0.0,0.0,0.0,0.0,0.0,0.0,10.0,-10.0,14.0,-13.0,18.0,-15.0,21.0,-18.0,23.0,-20.0,24.0,-22.0,24.0,-24.0,22.0,-24.0,21.0,-23.0,18.0,-21.0,16.0,-17.0,13.0,-13.0,10.0,-8.0,8.0,-3.0,6.0,3.0,5.0,9.0,4.0,16.0,4.0,21.0,5.0,27.0,7.0,30.0,8.0,33.0,9.0,34.0,10.0,34.0,10.0,32.0,11.0,30.0,10.0,26.0
4.9981,122.0,-96.0,7.0,0.0,0.0,0.0,0.0,0.0,0.0,0.0,0.0,0.0,-6.0,12.0,-6.0,6.0,-8.0,-1.0,-10.0,-7.0,-13.0,-13.0,-17.0,-18.0,-21.0,-22.0,-24.0,-25.0,-27.0,-28.0,-29.0,-28.0,-30.0,-27.0,-30.0,-25.0,-29.0,-23.0,-27.0,-20.0,-23.0,-17.0,-17.0,-14.0,-11.0,-12.0,-4.0,-10.0,4.0,-9.0,11.0,-7.0,19.0,-9.0,25.0,-10.0,31.0,-12.0,34.0,-15.0,37.0,-17.0,38.0,-18.0
5.0117,122.0,-96.0,7.0,0.0,0.0,0.0,0.0,0.0,0.0,0.0,0.0,0.0,5.0,-11.0,4.0,-11.0,5.0,-11.0,4.0,-10.0,5.0,-11.0,5.0,-11.0,5.0,-12.0,4.0,-12.0,5.0,-12.0,5.0,-12.0,5.0,-12.0,6.0,-12.0,6.0,-12.0,5.0,-13.0,5.0,-13.0,5.0,-13.0,4.0,-13.0,5.0,-13.0,5.0,-13.0,4.0,-13.0,5.0,-13.0,5.0,-13.0,5.0,-13.0,4.0,-13.0,5.0,-14.0,4.0,-13.0
