time,sc_0,sc_1,sc_2,sc_3,sc_4,sc_5,sc_6,sc_7,sc_8,sc_9,sc_10,sc_11,sc_12,sc_13,sc_14,sc_15,sc_16,sc_17,sc_18,sc_19,sc_20,sc_21,sc_22,sc_23,sc_24,sc_25,sc_26,sc_27,sc_28,sc_29,sc_30,sc_31,sc_32,sc_33,sc_34,sc_35,sc_36,sc_37,sc_38,sc_39,sc_40,sc_41,sc_42,sc_43,sc_44,sc_45,sc_46,sc_47,sc_48,sc_49,sc_50,sc_51,sc_52,sc_53,sc_54,sc_55,sc_56,sc_57,sc_58,sc_59,sc_60,sc_61,sc_62,sc_63
0.0085,98.0,33.0,22.0,0.0,0.0,0.0,0.0,0.0,0.0,0.0,0.0,0.0,-10.0,-18.0,-9.0,-15.0,-8.0,-11.0,-7.0,-8.0,-7.0,-4.0,-7.0,0.0,-8.0,4.0,-8.0,8.0,-8.0,12.0,-8.0,15.0,-8.0,18.0,-7.0,20.0,-6.0,21.0,-4.0,22.0,-3.0,21.0,-2.0,21.0,0.0,19.0,0.0,16.0,2.0,12.0,2.0,8.0,2.0,3.0,2.0,-3.0,1.0,-9.0,1.0,-14.0,1.0,-19.0,0.0,-25.0
0.0276,122.0,-96.0,7.0,0.0,0.0,0.0,0.0,0.0,0.0,0.0,0.0,0.0,7.0,9.0,3.0,7.0,-3.0,5.0,-8.0,4.0,-14.0,3.0,-20.0,2.0,-24.0,3.0,-29.0,4.0,-32.0,5.0,-33.0,6.0,-34.0,7.0,-33.0,8.0,-31.0,8.0,-29.0,9.0,-25.0,7.0,-20.0,5.0,-16.0,3.0,-11.0,-1.0,-6.0,-5.0,-2.0,-9.0,2.0,-15.0,5.0,-19.0,7.0,-25.0,8.0,-29.0,8.0,-32.0,8.0,-34.0
0.0494,122.0,-96.0,7.0,0.0,0.0,0.0,0.0,0.0,0.0,0.0,0.0,0.0,-7.0,-23.0,-8.0,-24.0,-9.0,-25.0,-10.0,-24.0,-10.0,-23.0,-9.0,-21.0,-8.0,-18.0,-6.0,-15.0,-4.0,-12.0,-1.0,-8.0,3.0,-5.0,7.0,-2.0,11.0,1.0,15.0,3.0,18.0,5.0,22.0,6.0,24.0,6.0,26.0,7.0,27.0,6.0,27.0,5.0,26.0,5.0,24.0,3.0,21.0,3.0,17.0,2.0,12.0,2.0,8.0,3.0
0.0584,122.0,-96.0,7.0,0.0,0.0,0.0,0.0,0.0,0.0,0.0,0.0,0.0,-6.0,12.0,-6.0,12.0,-6.0,12.0,-6.0,12.0,-6.0,13.0,-6.0,13.0,-6.0,13.0,-6.0,13.0,-7.0,13.0,-6.0,14.0,-6.0,14.0,-6.0,14.0,-7.0,14.0,-6.0,14.0,-6.0,15.0,-6.0,15.0,-6.0,14.0,-6.0,15.0,-6.0,15.0,-6.0,15.0,-6.0,15.0,-6.0,15.0,-5.0,16.0,-5.0,16.0,-5.0,16.0,-5.0,16.0
0.0664,122.0,-96.0,7.0,0.0,0.0,0.0,0.0,0.0,0.0,0.0,0.0,0.0,9.0,4.0,9.0,4.0,10.0,4.0,10.0,4.0,10.0,4.0,10.0,4.0,10.0,4.0,11.0,4.0,11.0,5.0,11.0,4.0,11.0,4.0,11.0,5.0,11.0,5.0,11.0,4.0,12.0,5.0,11.0,4.0,11.0,4.0,12.0,4.0,12.0,4.0,12.0,4.0,12.0,4.0,12.0,4.0,12.0,4.0,12.0,4.0,12.0,4.0,12.0,4.0
0.0817,122.0,-96.0,7.0,0.0,0.0,0.0,0.0,0.0,0.0,0.0,0.0,0.0,0.0,-11.0,1.0,-15.0,2.0,-19.0,2.0,-22.0,2.0,-24.0,1.0,-27.0,0.0,-27.0,-1.0,-27.0,-1.0,-26.0,-1.0,-23.0,0.0,-19.0,0.0,-16.0,1.0,-12.0,3.0,-7.0,4.0,-2.0,7.0,2.0,10.0,6.0,13.0,9.0,17.0,12.0,19.0,14.0,21.0,15.0,23.0,15.0,24.0,15.0,24.0,14.0,23.0,12.0,21.0,11.0
0.0938,122.0,-96.0,7.0,0.0,0.0,0.0,0.0,0.0,0.0,0.0,0.0,0.0,-7.0,8.0,-7.0,8.0,-7.0,8.0,-7.0,9.0,-7.0,9.0,-7.0,9.0,-7.0,9.0,-7.0,10.0,-7.0,10.0,-8.0,10.0,-8.0,10.0,-8.0,10.0,-8.0,10.0,-7.0,10.0,-7.0,10.0,-7.0,10.0,-7.0,10.0,-7.0,11.0,-7.0,10.0,-7.0,10.0,-7.0,11.0,-7.0,11.0,-7.0,11.0,-8.0,11.0,-7.0,11.0,-7.0,11.0
0.1079,122.0,-96.0,7.0,0.0,0.0,0.0,0.0,0.0,0.0,0.0,0.0,0.0,4.0,-23.0,4.0,-25.0,4.0,-26.0,3.0,-25.0,2.0,-24.0,2.0,-22.0,2.0,-19.0,2.0,-16.0,2.0,-11.0,3.0,-7.0,4.0,-2.0,7.0,2.0,9.0,7.0,11.0,11.0,14.0,14.0,16.0,16.0,18.0,17.0,19.0,18.0,20.0,18.0,20.0,17.0,20.0,17.0,18.0,14.0,16.0,12.0,12.0,9.0,8.0,7.0,4.0,6.0
0.1219,122.0,-96.0,7.0,0.0,0.0,0.0,0.0,0.0,0.0,0.0,0.0,0.0,-18.0,-16.0,-16.0,-14.0,-14.0,-13.0,-11.0,-11.0,-8.0,-8.0,-4.0,-7.0,1.0,-6.0,6.0,-5.0,10.0,-4.0,15.0,-4.0,18.0,-4.0,21.0,-5.0,24.0,-6.0,25.0,-7.0,26.0,-8.0,25.0,-9.0,24.0,-9.0,22.0,-8.0,19.0,-8.0,16.0,-6.0,12.0,-4.0,8.0,-1.0,4.0,3.0,1.0,6.0,-3.0,10.0,-5.0,15.0
0.1387,122.0,-96.0,7.0,0.0,0.0,0.0,0.0,0.0,0.0,0.0,0.0,0.0,-10.0,-6.0,-5.0,-6.0,0.0,-6.0,5.0,-7.0,10.0,-8.0,15.0,-10.0,18.0,-11.0,21.0,-13.0,23.0,-16.0,24.0,-17.0,24.0,-18.0,23.0,-18.0,21.0,-18.0,19.0,-17.0,16.0,-15.0,13.0,-12.0,10.0,-8.0,8.0,-3.0,5.0,3.0,3.0,8.0,2.0,13.0,2.0,18.0,2.0,23.0,3.0,26.0,3.0,29.0,4.0,30.0
0.1537,122.0,-96.0,7.0,0.0,0.0,0.0,0.0,0.0,0.0,0.0,0.0,0.0,5.0,22.0,5.0,20.0,4.0,17.0,3.0,13.0,1.0,10.0,-2.0,6.0,-5.0,2.0,-9.0,-1.0,-12.0,-4.0,-16.0,-6.0,-19.0,-8.0,-22.0,-9.0,-24.0,-9.0,-26.0,-9.0,-27.0,-9.0,-26.0,-8.0,-25.0,-7.0,-23.0,-6.0,-20.0,-5.0,-16.0,-5.0,-11.0,-5.0,-6.0,-5.0,-1.0,-6.0,3.0,-7.0,8.0,-9.0,13.0,-12.0
0.167,122.0,-96.0,7.0,0.0,0.0,0.0,0.0,0.0,0.0,0.0,0.0,0.0,-10.0,-8.0,-12.0,-12.0,-15.0,-15.0,-17.0,-18.0,-20.0,-19.0,-21.0,-20.0,-22.0,-20.0,-23.0,-19.0,-22.0,-18.0,-21.0,-16.0,-17.0,-14.0,-14.0,-12.0,-10.0,-10.0,-6.0,-8.0,0.0,-6.0,5.0,-6.0,11.0,-6.0,16.0,-6.0,21.0,-7.0,24.0,-8.0,28.0,-9.0,29.0,-9.0,29.0,-11.0,28.0,-12.0,27.0,-13.0,24.0,-12.0
0.1852,122.0,-96.0,7.0,0.0,0.0,0.0,0.0,0.0,0.0,0.0,0.0,0.0,-5.0,9.0,-5.0,9.0,-5.0,10.0,-5.0,10.0,-5.0,10.0,-5.0,10.0,-5.0,11.0,-5.0,11.0,-5.0,11.0,-5.0,11.0,-5.0,11.0,-5.0,12.0,-5.0,11.0,-5.0,12.0,-5.0,12.0,-5.0,12.0,-4.0,11.0,-4.0,12.0,-5.0,13.0,-4.0,12.0,-4.0,12.0,-4.0,12.0,-4.0,13.0,-4.0,13.0,-4.0,13.0,-4.0,13.0
0.1974,122.0,-96.0,7.0,0.0,0.0,0.0,0.0,0.0,0.0,0.0,0.0,0.0,9.0,-5.0,6.0,-1.0,3.0,3.0,1.0,8.0,-1.0,13.0,-1.0,18.0,-2.0,21.0,-2.0,25.0,-1.0,28.0,0.0,29.0,1.0,29.0,2.0,28.0,3.0,27.0,3.0,24.0,3.0,20.0,1.0,16.0,-1.0,11.0,-3.0,6.0,-7.0,2.0,-10.0,-3.0,-14.0,-6.0,-18.0,-9.0,-22.0,-11.0,-26.0,-12.0,-29.0,-12.0,-30.0,-12.0
0.2115,122.0,-96.0,7.0,0.0,0.0,0.0,0.0,0.0,0.0,0.0,0.0,0.0,-1.0,12.0,-1.0,16.0,-2.0,20.0,-2.0,23.0,-1.0,26.0,-1.0,28.0,0.0,29.0,1.0,28.0,1.0,27.0,1.0,24.0,0.0,20.0,-1.0,16.0,-2.0,11.0,-4.0,6.0,-6.0,1.0,-9.0,-3.0,-13.0,-8.0,-17.0,-11.0,-20.0,-14.0,-24.0,-16.0,-26.0,-16.0,-27.0,-16.0,-28.0,-16.0,-27.0,-15.0,-26.0,-13.0,-24.0,-11.0
0.2249,122.0,-96.0,7.0,0.0,0.0,0.0,0.0,0.0,0.0,0.0,0.0,0.0,14.0,17.0,12.0,16.0,11.0,13.0,8.0,11.0,5.0,8.0,0.0,6.0,-4.0,4.0,-8.0,2.0,-13.0,2.0,-17.0,1.0,-20.0,1.0,-24.0,1.0,-26.0,1.0,-27.0,3.0,-28.0,3.0,-26.0,5.0,-25.0,5.0,-22.0,4.0,-19.0,4.0,-15.0,2.0,-11.0,0.0,-7.0,-3.0,-3.0,-6.0,1.0,-10.0,4.0,-13.0,7.0,-18.0
0.2369,122.0,-96.0,7.0,0.0,0.0,0.0,0.0,0.0,0.0,0.0,0.0,0.0,-3.0,12.0,-4.0,6.0,-6.0,1.0,-9.0,-4.0,-13.0,-9.0,-17.0,-13.0,-20.0,-16.0,-24.0,-18.0,-26.0,-19.0,-28.0,-20.0,-29.0,-19.0,-29.0,-17.0,-27.0,-16.0,-26.0,-13.0,-21.0,-12.0,-16.0,-10.0,-11.0,-8.0,-5.0,-8.0,2.0,-8.0,8.0,-8.0,14.0,-9.0,19.0,-11.0,24.0,-13.0,27.0,-16.0,29.0,-18.0,30.0,-19.0
0.2508,122.0,-96.0,7.0,0.0,0.0,0.0,0.0,0.0,0.0,0.0,0.0,0.0,10.0,-2.0,11.0,-2.0,11.0,-2.0,11.0,-3.0,11.0,-2.0,11.0,-2.0,11.0,-3.0,11.0,-3.0,12.0,-3.0,11.0,-3.0,12.0,-3.0,12.0,-3.0,12.0,-3.0,12.0,-3.0,12.0,-4.0,12.0,-3.0,12.0,-4.0,12.0,-3.0,12.0,-3.0,12.0,-4.0,12.0,-4.0,12.0,-4.0,12.0,-5.0,12.0,-4.0,12.0,-4.0,12.0,-5.0
0.2633,122.0,-96.0,7.0,0.0,0.0,0.0,0.0,0.0,0.0,0.0,0.0,0.0,6.0,10.0,1.0,7.0,-4.0,4.0,-9.0,3.0,-15.0,1.0,-21.0,1.0,-25.0,1.0,-29.0,1.0,-32.0,2.0,-33.0,3.0,-34.0,5.0,-33.0,6.0,-31.0,7.0,-28.0,7.0,-24.0,6.0,-20.0,3.0,-15.0,1.0,-10.0,-2.0,-5.0,-6.0,0.0,-10.0,4.0,-15.0,7.0,-20.0,8.0,-25.0,9.0,-30.0,9.0,-32.0,9.0,-34.0
0.277,122.0,-96.0,7.0,0.0,0.0,0.0,0.0,0.0,0.0,0.0,0.0,0.0,-12.0,5.0,-8.0,1.0,-5.0,-4.0,-3.0,-9.0,-1.0,-15.0,0.0,-21.0,0.0,-25.0,0.0,-29.0,-1.0,-32.0,-2.0,-33.0,-2.0,-34.0,-3.0,-33.0,-4.0,-31.0,-5.0,-29.0,-4.0,-25.0,-3.0,-20.0,-1.0,-15.0,2.0,-10.0,6.0,-4.0,9.0,1.0,14.0,5.0,19.0,8.0,24.0,11.0,27.0,12.0,30.0,12.0,32.0,12.0
0.2904,122.0,-96.0,7.0,0.0,0.0,0.0,0.0,0.0,0.0,0.0,0.0,0.0,-1.0,12.0,-3.0,7.0,-6.0,2.0,-10.0,-2.0,-13.0,-7.0,-18.0,-10.0,-22.0,-12.0,-26.0,-14.0,-29.0,-15.0,-30.0,-15.0,-31.0,-14.0,-31.0,-12.0,-30.0,-11.0,-28.0,-9.0,-24.0,-8.0,-19.0,-8.0,-13.0,-7.0,-8.0,-7.0,-1.0,-8.0,5.0,-9.0,11.0,-11.0,16.0,-13.0,20.0,-17.0,23.0,-19.0,25.0,-22.0,26.0,-23.0
0.3058,122.0,-96.0,7.0,0.0,0.0,0.0,0.0,0.0,0.0,0.0,0.0,0.0,-26.0,-1.0,-23.0,-1.0,-20.0,0.0,-16.0,-1.0,-12.0,-2.0,-7.0,-4.0,-3.0,-6.0,2.0,-9.0,6.0,-12.0,9.0,-15.0,12.0,-18.0,14.0,-21.0,15.0,-24.0,15.0,-26.0,15.0,-27.0,14.0,-27.0,12.0,-26.0,11.0,-24.0,9.0,-20.0,8.0,-17.0,6.0,-11.0,6.0,-6.0,6.0,0.0,6.0,5.0,7.0,11.0,9.0,16.0
0.3189,122.0,-96.0,7.0,0.0,0.0,0.0,0.0,0.0,0.0,0.0,0.0,0.0,9.0,7.0,12.0,11.0,15.0,14.0,17.0,16.0,19.0,17.0,21.0,18.0,23.0,18.0,23.0,17.0,22.0,15.0,20.0,14.0,16.0,12.0,13.0,10.0,9.0,8.0,3.0,7.0,-2.0,5.0,-7.0,5.0,-13.0,5.0,-18.0,5.0,-22.0,6.0,-26.0,8.0,-29.0,9.0,-29.0,10.0,-30.0,11.0,-29.0,11.0,-27.0,12.0,-24.0,11.0
0.3347,122.0,-96.0,7.0,0.0,0.0,0.0,0.0,0.0,0.0,0.0,0.0,0.0,-6.0,-13.0,-6.0,-14.0,-5.0,-14.0,-5.0,-14.0,-5.0,-14.0,-6.0,-14.0,-6.0,-14.0,-6.0,-15.0,-6.0,-14.0,-6.0,-15.0,-6.0,-15.0,-6.0,-15.0,-6.0,-15.0,-7.0,-15.0,-7.0,-14.0,-7.0,-15.0,-7.0,-16.0,-7.0,-15.0,-7.0,-15.0,-7.0,-15.0,-7.0,-15.0,-8.0,-15.0,-8.0,-15.0,-8.0,-16.0,-8.0,-16.0,-8.0,-15.0
0.3478,122.0,-96.0,7.0,0.0,0.0,0.0,0.0,0.0,0.0,0.0,0.0,0.0,22.0,-6.0,24.0,-7.0,24.0,-8.0,23.0,-8.0,22.0,-8.0,20.0,-7.0,17.0,-7.0,13.0,-4.0,10.0,-2.0,6.0,1.0,2.0,4.0,-1.0,8.0,-4.0,12.0,-6.0,16.0,-8.0,19.0,-9.0,22.0,-10.0,24.0,-10.0,25.0,-9.0,26.0,-9.0,26.0,-8.0,24.0,-6.0,21.0,-6.0,18.0,-5.0,13.0,-4.0,9.0,-5.0,4.0
0.3615,122.0,-96.0,7.0,0.0,0.0,0.0,0.0,0.0,0.0,0.0,0.0,0.0,11.0,2.0,15.0,5.0,19.0,6.0,22.0,8.0,25.0,8.0,27.0,8.0,28.0,7.0,28.0,6.0,26.0,5.0,23.0,5.0,20.0,5.0,16.0,4.0,11.0,4.0,6.0,5.0,1.0,5.0,-4.0,7.0,-10.0,9.0,-14.0,11.0,-18.0,15.0,-21.0,17.0,-23.0,19.0,-23.0,21.0,-23.0,22.0,-22.0,22.0,-20.0,22.0,-18.0,20.0
0.3744,122.0,-96.0,7.0,0.0,0.0,0.0,0.0,0.0,0.0,0.0,0.0,0.0,-12.0,1.0,-15.0,1.0,-19.0,1.0,-22.0,1.0,-24.0,2.0,-26.0,3.0,-27.0,3.0,-26.0,4.0,-25.0,5.0,-22.0,4.0,-19.0,3.0,-16.0,2.0,-12.0,0.0,-8.0,-2.0,-4.0,-5.0,0.0,-9.0,3.0,-12.0,6.0,-16.0,8.0,-20.0,9.0,-23.0,10.0,-25.0,9.0,-26.0,9.0,-28.0,8.0,-27.0,6.0,-26.0,5.0,-24.0
0.3887,122.0,-96.0,7.0,0.0,0.0,0.0,0.0,0.0,0.0,0.0,0.0,0.0,-12.0,-9.0,-5.0,-8.0,2.0,-7.0,8.0,-8.0,15.0,-9.0,21.0,-11.0,26.0,-13.0,30.0,-15.0,33.0,-17.0,34.0,-19.0,34.0,-20.0,32.0,-21.0,30.0,-20.0,26.0,-20.0,22.0,-17.0,18.0,-12.0,13.0,-8.0,9.0,-2.0,6.0,6.0,2.0,12.0,1.0,20.0,0.0,26.0,0.0,32.0,1.0,37.0,3.0,40.0,3.0,41.0
0.4017,122.0,-96.0,7.0,0.0,0.0,0.0,0.0,0.0,0.0,0.0,0.0,0.0,11.0,2.0,11.0,2.0,12.0,2.0,12.0,2.0,12.0,2.0,12.0,2.0,12.0,2.0,13.0,2.0,12.0,2.0,13.0,2.0,13.0,1.0,13.0,2.0,13.0,2.0,13.0,2.0,14.0,2.0,13.0,2.0,14.0,1.0,13.0,1.0,14.0,2.0,14.0,2.0,14.0,1.0,13.0,1.0,14.0,1.0,14.0,1.0,14.0,1.0,15.0,1.0
0.4154,122.0,-96.0,7.0,0.0,0.0,0.0,0.0,0.0,0.0,0.0,0.0,0.0,-13.0,-20.0,-15.0,-21.0,-15.0,-21.0,-15.0,-20.0,-15.0,-19.0,-14.0,-17.0,-12.0,-15.0,-9.0,-12.0,-6.0,-10.0,-2.0,-7.0,3.0,-5.0,8.0,-3.0,13.0,-2.0,16.0,-1.0,20.0,-1.0,23.0,0.0,26.0,-1.0,27.0,-1.0,28.0,-2.0,26.0,-3.0,25.0,-3.0,22.0,-3.0,19.0,-3.0,14.0,-1.0,10.0,0.0,5.0,2.0
0.4281,122.0,-96.0,7.0,0.0,0.0,0.0,0.0,0.0,0.0,0.0,0.0,0.0,-5.0,9.0,-5.0,4.0,-5.0,0.0,-7.0,-5.0,-9.0,-10.0,-11.0,-15.0,-13.0,-18.0,-15.0,-21.0,-18.0,-22.0,-19.0,-23.0,-20.0,-23.0,-20.0,-22.0,-19.0,-20.0,-19.0,-18.0,-16.0,-16.0,-13.0,-13.0,-9.0,-10.0,-4.0,-8.0,2.0,-6.0,7.0,-5.0,12.0,-5.0,17.0,-5.0,22.0,-6.0,26.0,-7.0,28.0,-8.0,29.0,-9.0
0.4421,122.0,-96.0,7.0,0.0,0.0,0.0,0.0,0.0,0.0,0.0,0.0,0.0,7.0,21.0,8.0,23.0,9.0,23.0,9.0,22.0,9.0,21.0,8.0,19.0,7.0,16.0,5.0,13.0,2.0,10.0,-2.0,6.0,-5.0,3.0,-9.0,0.0,-14.0,-3.0,-17.0,-5.0,-21.0,-6.0,-24.0,-7.0,-26.0,-7.0,-27.0,-7.0,-28.0,-6.0,-27.0,-5.0,-26.0,-5.0,-23.0,-4.0,-20.0,-4.0,-15.0,-3.0,-10.0,-3.0,-5.0,-5.0
0.4565,122.0,-96.0,7.0,0.0,0.0,0.0,0.0,0.0,0.0,0.0,0.0,0.0,14.0,24.0,14.0,22.0,11.0,18.0,9.0,15.0,5.0,11.0,0.0,8.0,-5.0,5.0,-10.0,2.0,-16.0,0.0,-21.0,-1.0,-25.0,-2.0,-29.0,-2.0,-32.0,-2.0,-34.0,-1.0,-36.0,0.0,-34.0,1.0,-33.0,2.0,-29.0,2.0,-25.0,2.0,-20.0,1.0,-15.0,-1.0,-9.0,-3.0,-4.0,-7.0,1.0,-10.0,7.0,-14.0,11.0,-19.0
0.4696,122.0,-96.0,7.0,0.0,0.0,0.0,0.0,0.0,0.0,0.0,0.0,0.0,-11.0,7.0,-8.0,2.0,-6.0,-4.0,-4.0,-9.0,-3.0,-15.0,-2.0,-20.0,-3.0,-24.0,-4.0,-29.0,-5.0,-32.0,-5.0,-34.0,-6.0,-33.0,-7.0,-33.0,-8.0,-31.0,-9.0,-28.0,-7.0,-24.0,-6.0,-20.0,-3.0,-15.0,1.0,-10.0,5.0,-5.0,9.0,0.0,15.0,3.0,19.0,6.0,25.0,8.0,28.0,8.0,32.0,8.0,33.0,8.0
0.4848,122.0,-96.0,7.0,0.0,0.0,0.0,0.0,0.0,0.0,0.0,0.0,0.0,8.0,-7.0,8.0,-7.0,9.0,-7.0,9.0,-8.0,9.0,-8.0,9.0,-8.0,9.0,-8.0,9.0,-9.0,9.0,-8.0,9.0,-9.0,9.0,-8.0,9.0,-9.0,9.0,-8.0,9.0,-9.0,9.0,-10.0,9.0,-9.0,9.0,-9.0,9.0,-9.0,9.0,-10.0,8.0,-10.0,9.0,-10.0,9.0,-10.0,9.0,-10.0,9.0,-10.0,9.0,-10.0,9.0,-10.0
0.4988,122.0,-96.0,7.0,0.0,0.0,0.0,0.0,0.0,0.0,0.0,0.0,0.0,-11.0,-7.0,-6.0,-7.0,0.0,-7.0,6.0,-8.0,11.0,-9.0,16.0,-11.0,20.0,-13.0,24.0,-15.0,26.0,-18.0,27.0,-20.0,27.0,-21.0,26.0,-21.0,23.0,-20.0,21.0,-20.0,18.0,-17.0,15.0,-13.0,11.0,-9.0,9.0,-4.0,6.0,3.0,4.0,8.0,3.0,14.0,2.0,20.0,3.0,26.0,5.0,29.0,6.0,32.0,6.0,33.0
0.5154,122.0,-96.0,7.0,0.0,0.0,0.0,0.0,0.0,0.0,0.0,0.0,0.0,-6.0,-10.0,-2.0,-7.0,3.0,-5.0,8.0,-3.0,13.0,-2.0,18.0,-1.0,21.0,-1.0,25.0,-2.0,27.0,-3.0,29.0,-4.0,29.0,-5.0,28.0,-6.0,26.0,-6.0,24.0,-7.0,19.0,-6.0,16.0,-4.0,11.0,-1.0,7.0,2.0,2.0,6.0,-2.0,10.0,-4.0,14.0,-7.0,19.0,-8.0,23.0,-9.0,26.0,-8.0,29.0,-8.0,30.0
0.529,122.0,-96.0,7.0,0.0,0.0,0.0,0.0,0.0,0.0,0.0,0.0,0.0,21.0,6.0,19.0,6.0,17.0,5.0,13.0,4.0,9.0,4.0,4.0,5.0,-1.0,5.0,-6.0,6.0,-10.0,8.0,-13.0,10.0,-16.0,11.0,-19.0,13.0,-21.0,15.0,-21.0,17.0,-21.0,18.0,-20.0,18.0,-18.0,17.0,-16.0,15.0,-14.0,13.0,-11.0,10.0,-9.0,5.0,-7.0,1.0,-5.0,-4.0,-4.0,-9.0,-3.0,-14.0,-3.0,-19.0
0.5437,122.0,-96.0,7.0,0.0,0.0,0.0,0.0,0.0,0.0,0.0,0.0,0.0,-9.0,-8.0,-9.0,-8.0,-9.0,-8.0,-9.0,-8.0,-9.0,-8.0,-10.0,-8.0,-10.0,-8.0,-10.0,-8.0,-10.0,-8.0,-10.0,-8.0,-10.0,-8.0,-10.0,-8.0,-10.0,-8.0,-11.0,-8.0,-11.0,-8.0,-11.0,-8.0,-11.0,-8.0,-11.0,-8.0,-11.0,-8.0,-11.0,-8.0,-12.0,-8.0,-11.0,-8.0,-12.0,-8.0,-11.0,-8.0,-12.0,-8.0,-12.0,-8.0
0.5569,122.0,-96.0,7.0,0.0,0.0,0.0,0.0,0.0,0.0,0.0,0.0,0.0,-8.0,7.0,-12.0,9.0,-15.0,11.0,-17.0,13.0,-19.0,15.0,-20.0,17.0,-20.0,17.0,-19.0,18.0,-18.0,18.0,-16.0,16.0,-14.0,13.0,-12.0,10.0,-9.0,7.0,-7.0,2.0,-6.0,-2.0,-5.0,-7.0,-4.0,-13.0,-3.0,-17.0,-4.0,-21.0,-4.0,-24.0,-5.0,-27.0,-6.0,-28.0,-7.0,-28.0,-8.0,-27.0,-8.0,-26.0,-8.0,-23.0
0.5714,122.0,-96.0,7.0,0.0,0.0,0.0,0.0,0.0,0.0,0.0,0.0,0.0,-21.0,-16.0,-19.0,-14.0,-16.0,-12.0,-12.0,-10.0,-8.0,-8.0,-4.0,-7.0,2.0,-6.0,7.0,-6.0,12.0,-6.0,17.0,-6.0,21.0,-7.0,24.0,-8.0,26.0,-9.0,28.0,-11.0,28.0,-12.0,26.0,-13.0,24.0,-13.0,22.0,-12.0,18.0,-10.0,14.0,-8.0,11.0,-4.0,7.0,0.0,3.0,5.0,0.0,10.0,-3.0,15.0,-4.0,20.0
0.5775,98.0,33.0,22.0,0.0,0.0,0.0,0.0,0.0,0.0,0.0,0.0,0.0,-10.0,-14.0,-12.0,-15.0,-15.0,-16.0,-17.0,-17.0,-19.0,-17.0,-19.0,-16.0,-19.0,-16.0,-20.0,-14.0,-17.0,-11.0,-16.0,-7.0,-13.0,-5.0,-10.0,-3.0,-7.0,1.0,-2.0,6.0,1.0,7.0,6.0,9.0,11.0,10.0,15.0,11.0,20.0,11.0,23.0,11.0,26.0,11.0,27.0,11.0,27.0,9.0,25.0,8.0,23.0,6.0,20.0,5.0
0.5911,122.0,-96.0,7.0,0.0,0.0,0.0,0.0,0.0,0.0,0.0,0.0,0.0,19.0,-3.0,19.0,-3.0,20.0,-4.0,20.0,-4.0,20.0,-4.0,20.0,-4.0,21.0,-4.0,21.0,-4.0,21.0,-5.0,21.0,-5.0,21.0,-5.0,21.0,-5.0,21.0,-5.0,21.0,-6.0,21.0,-6.0,21.0,-5.0,22.0,-5.0,21.0,-6.0,21.0,-6.0,22.0,-6.0,22.0,-6.0,22.0,-6.0,22.0,-7.0,21.0,-7.0,21.0,-7.0,22.0,-7.0
0.6044,122.0,-96.0,7.0,0.0,0.0,0.0,0.0,0.0,0.0,0.0,0.0,0.0,-8.0,24.0,-7.0,26.0,-7.0,27.0,-7.0,26.0,-6.0,25.0,-5.0,24.0,-4.0,20.0,-5.0,17.0,-4.0,12.0,-6.0,7.0,-6.0,2.0,-8.0,-3.0,-11.0,-8.0,-12.0,-13.0,-15.0,-17.0,-17.0,-20.0,-19.0,-21.0,-21.0,-23.0,-22.0,-23.0,-23.0,-22.0,-22.0,-21.0,-21.0,-19.0,-19.0,-16.0,-15.0,-13.0,-11.0,-10.0,-7.0,-9.0
0.62,122.0,-96.0,7.0,0.0,0.0,0.0,0.0,0.0,0.0,0.0,0.0,0.0,-10.0,0.0,-11.0,1.0,-11.0,0.0,-11.0,0.0,-11.0,0.0,-12.0,0.0,-11.0,0.0,-12.0,1.0,-12.0,0.0,-12.0,1.0,-12.0,1.0,-12.0,0.0,-12.0,1.0,-12.0,1.0,-12.0,0.0,-12.0,0.0,-12.0,1.0,-12.0,1.0,-12.0,1.0,-13.0,1.0,-13.0,1.0,-12.0,1.0,-13.0,1.0,-13.0,1.0,-13.0,2.0,-13.0,2.0
0.6336,122.0,-96.0,7.0,0.0,0.0,0.0,0.0,0.0,0.0,0.0,0.0,0.0,3.0,-23.0,2.0,-25.0,2.0,-25.0,1.0,-25.0,0.0,-24.0,0.0,-22.0,0.0,-19.0,1.0,-15.0,1.0,-12.0,3.0,-7.0,5.0,-2.0,7.0,2.0,10.0,6.0,12.0,10.0,15.0,13.0,17.0,15.0,19.0,16.0,20.0,17.0,22.0,17.0,21.0,16.0,21.0,15.0,19.0,13.0,16.0,11.0,13.0,9.0,8.0,7.0,4.0,6.0
0.6457,122.0,-96.0,7.0,0.0,0.0,0.0,0.0,0.0,0.0,0.0,0.0,0.0,8.0,8.0,3.0,7.0,-2.0,5.0,-8.0,5.0,-14.0,5.0,-19.0,6.0,-23.0,7.0,-27.0,9.0,-30.0,11.0,-31.0,12.0,-31.0,14.0,-30.0,14.0,-28.0,14.0,-25.0,14.0,-22.0,12.0,-18.0,9.0,-14.0,6.0,-10.0,1.0,-7.0,-5.0,-3.0,-10.0,-2.0,-16.0,0.0,-21.0,0.0,-27.0,-1.0,-31.0,-1.0,-34.0,-2.0,-36.0
0.6602,122.0,-96.0,7.0,0.0,0.0,0.0,0.0,0.0,0.0,0.0,0.0,0.0,9.0,-6.0,9.0,-7.0,8.0,-7.0,9.0,-7.0,9.0,-7.0,9.0,-8.0,9.0,-7.0,9.0,-8.0,9.0,-7.0,10.0,-9.0,10.0,-8.0,9.0,-8.0,9.0,-8.0,10.0,-8.0,9.0,-9.0,10.0,-8.0,10.0,-9.0,10.0,-9.0,10.0,-9.0,10.0,-9.0,10.0,-9.0,10.0,-9.0,10.0,-10.0,10.0,-9.0,10.0,-9.0,10.0,-9.0
0.6748,122.0,-96.0,7.0,0.0,0.0,0.0,0.0,0.0,0.0,0.0,0.0,0.0,-3.0,23.0,-3.0,24.0,-2.0,25.0,-2.0,24.0,-1.0,23.0,-1.0,21.0,-1.0,18.0,-2.0,15.0,-2.0,11.0,-4.0,6.0,-6.0,1.0,-8.0,-3.0,-11.0,-7.0,-13.0,-11.0,-16.0,-13.0,-18.0,-16.0,-20.0,-17.0,-21.0,-18.0,-23.0,-18.0,-23.0,-17.0,-22.0,-16.0,-20.0,-14.0,-18.0,-12.0,-14.0,-10.0,-9.0,-8.0,-5.0,-6.0
0.6794,98.0,33.0,22.0,0.0,0.0,0.0,0.0,0.0,0.0,0.0,0.0,0.0,-4.0,18.0,-3.0,16.0,-2.0,13.0,1.0,10.0,2.0,7.0,5.0,4.0,8.0,0.0,10.0,-3.0,12.0,-7.0,13.0,-9.0,15.0,-11.0,15.0,-14.0,15.0,-16.0,14.0,-17.0,13.0,-18.0,11.0,-18.0,9.0,-17.0,7.0,-15.0,4.0,-12.0,1.0,-9.0,-1.0,-4.0,-3.0,0.0,-5.0,5.0,-7.0,11.0,-9.0,16.0,-10.0,21.0
0.6937,122.0,-96.0,7.0,0.0,0.0,0.0,0.0,0.0,0.0,0.0,0.0,0.0,-11.0,-4.0,-6.0,-5.0,-1.0,-6.0,4.0,-8.0,8.0,-10.0,12.0,-13.0,15.0,-16.0,17.0,-18.0,18.0,-21.0,19.0,-23.0,19.0,-23.0,17.0,-23.0,15.0,-22.0,13.0,-21.0,11.0,-17.0,9.0,-14.0,8.0,-9.0,7.0,-4.0,6.0,2.0,5.0,7.0,6.0,13.0,7.0,18.0,9.0,22.0,10.0,25.0,12.0,27.0,13.0,27.0
0.7106,122.0,-96.0,7.0,0.0,0.0,0.0,0.0,0.0,0.0,0.0,0.0,0.0,22.0,2.0,24.0,2.0,24.0,1.0,25.0,1.0,23.0,0.0,21.0,0.0,18.0,0.0,15.0,1.0,11.0,1.0,6.0,3.0,1.0,4.0,-3.0,7.0,-7.0,10.0,-11.0,12.0,-14.0,15.0,-16.0,16.0,-18.0,19.0,-18.0,20.0,-18.0,21.0,-17.0,21.0,-17.0,20.0,-14.0,18.0,-12.0,16.0,-10.0,12.0,-8.0,8.0,-7.0,4.0
0.7246,122.0,-96.0,7.0,0.0,0.0,0.0,0.0,0.0,0.0,0.0,0.0,0.0,-12.0,8.0,-12.0,8.0,-12.0,9.0,-12.0,9.0,-12.0,9.0,-12.0,9.0,-12.0,9.0,-12.0,9.0,-13.0,10.0,-12.0,10.0,-13.0,9.0,-13.0,10.0,-13.0,10.0,-13.0,10.0,-12.0,11.0,-13.0,10.0,-13.0,10.0,-13.0,11.0,-13.0,11.0,-13.0,11.0,-13.0,11.0,-13.0,11.0,-13.0,12.0,-13.0,11.0,-13.0,11.0,-13.0,12.0
0.7396,122.0,-96.0,7.0,0.0,0.0,0.0,0.0,0.0,0.0,0.0,0.0,0.0,-12.0,8.0,-12.0,8.0,-13.0,8.0,-13.0,8.0,-13.0,8.0,-13.0,8.0,-13.0,8.0,-13.0,9.0,-13.0,8.0,-13.0,9.0,-13.0,9.0,-14.0,9.0,-14.0,9.0,-13.0,9.0,-13.0,9.0,-14.0,10.0,-14.0,9.0,-13.0,11.0,-13.0,10.0,-13.0,10.0,-13.0,11.0,-13.0,10.0,-14.0,11.0,-13.0,11.0,-13.0,12.0,-13.0,11.0
0.7538,122.0,-96.0,7.0,0.0,0.0,0.0,0.0,0.0,0.0,0.0,0.0,0.0,-12.0,6.0,-9.0,1.0,-6.0,-4.0,-4.0,-9.0,-2.0,-14.0,-1.0,-20.0,-1.0,-24.0,0.0,-29.0,-1.0,-32.0,-2.0,-33.0,-3.0,-34.0,-4.0,-34.0,-5.0,-32.0,-6.0,-30.0,-5.0,-26.0,-3.0,-21.0,-2.0,-16.0,1.0,-11.0,5.0,-5.0,8.0,0.0,13.0,3.0,18.0,8.0,22.0,10.0,26.0,11.0,29.0,12.0,31.0,12.0
0.767,122.0,-96.0,7.0,0.0,0.0,0.0,0.0,0.0,0.0,0.0,0.0,0.0,-11.0,-2.0,-15.0,-3.0,-19.0,-4.0,-21.0,-5.0,-24.0,-5.0,-26.0,-5.0,-27.0,-4.0,-26.0,-3.0,-25.0,-2.0,-23.0,-2.0,-20.0,-2.0,-16.0,-3.0,-12.0,-3.0,-7.0,-4.0,-2.0,-6.0,2.0,-8.0,6.0,-11.0,10.0,-13.0,13.0,-16.0,15.0,-19.0,17.0,-21.0,17.0,-22.0,17.0,-23.0,16.0,-23.0,14.0,-23.0,12.0,-21.0
0.7813,122.0,-96.0,7.0,0.0,0.0,0.0,0.0,0.0,0.0,0.0,0.0,0.0,-10.0,7.0,-8.0,2.0,-6.0,-3.0,-5.0,-9.0,-5.0,-15.0,-5.0,-21.0,-5.0,-25.0,-6.0,-29.0,-8.0,-31.0,-9.0,-32.0,-11.0,-33.0,-11.0,-31.0,-11.0,-29.0,-12.0,-26.0,-10.0,-22.0,-6.0,-18.0,-3.0,-13.0,1.0,-9.0,6.0,-4.0,10.0,-1.0,16.0,2.0,21.0,5.0,26.0,5.0,30.0,4.0,33.0,4.0,34.0,4.0
0.7947,122.0,-96.0,7.0,0.0,0.0,0.0,0.0,0.0,0.0,0.0,0.0,0.0,10.0,-4.0,11.0,-4.0,10.0,-4.0,11.0,-5.0,11.0,-4.0,11.0,-5.0,11.0,-5.0,11.0,-5.0,11.0,-5.0,11.0,-5.0,11.0,-5.0,11.0,-5.0,11.0,-5.0,12.0,-6.0,12.0,-5.0,12.0,-5.0,12.0,-6.0,11.0,-6.0,12.0,-6.0,12.0,-5.0,12.0,-6.0,12.0,-6.0,11.0,-6.0,12.0,-6.0,12.0,-6.0,12.0,-7.0
0.8087,122.0,-96.0,7.0,0.0,0.0,0.0,0.0,0.0,0.0,0.0,0.0,0.0,-21.0,-3.0,-23.0,-2.0,-23.0,-2.0,-23.0,-2.0,-21.0,-1.0,-20.0,-1.0,-17.0,-1.0,-14.0,-2.0,-11.0,-2.0,-7.0,-4.0,-2.0,-5.0,2.0,-7.0,6.0,-10.0,9.0,-12.0,11.0,-14.0,13.0,-16.0,15.0,-18.0,15.0,-19.0,15.0,-20.0,14.0,-20.0,14.0,-20.0,12.0,-18.0,10.0,-16.0,8.0,-12.0,6.0,-8.0,5.0,-4.0
0.8231,122.0,-96.0,7.0,0.0,0.0,0.0,0.0,0.0,0.0,0.0,0.0,0.0,1.0,-13.0,1.0,-13.0,1.0,-13.0,1.0,-13.0,1.0,-14.0,1.0,-14.0,1.0,-14.0,1.0,-14.0,1.0,-14.0,1.0,-15.0,0.0,-15.0,1.0,-15.0,1.0,-15.0,0.0,-15.0,0.0,-15.0,0.0,-15.0,-1.0,-15.0,0.0,-16.0,0.0,-15.0,0.0,-16.0,0.0,-16.0,-1.0,-16.0,0.0,-16.0,-1.0,-16.0,-1.0,-16.0,-1.0,-16.0
0.8354,122.0,-96.0,7.0,0.0,0.0,0.0,0.0,0.0,0.0,0.0,0.0,0.0,-10.0,5.0,-14.0,6.0,-17.0,7.0,-20.0,9.0,-22.0,10.0,-24.0,12.0,-23.0,12.0,-23.0,13.0,-22.0,13.0,-19.0,11.0,-16.0,9.0,-14.0,6.0,-10.0,4.0,-8.0,0.0,-4.0,-4.0,-2.0,-9.0,-1.0,-14.0,2.0,-18.0,2.0,-23.0,2.0,-25.0,2.0,-28.0,2.0,-28.0,0.0,-29.0,-1.0,-28.0,-2.0,-26.0,-2.0,-24.0
0.8482,122.0,-96.0,7.0,0.0,0.0,0.0,0.0,0.0,0.0,0.0,0.0,0.0,-14.0,25.0,-14.0,28.0,-13.0,29.0,-13.0,28.0,-11.0,27.0,-10.0,25.0,-9.0,22.0,-8.0,17.0,-7.0,12.0,-7.0,6.0,-7.0,0.0,-8.0,-6.0,-10.0,-13.0,-11.0,-18.0,-13.0,-23.0,-14.0,-26.0,-17.0,-29.0,-18.0,-30.0,-19.0,-30.0,-20.0,-29.0,-19.0,-28.0,-18.0,-24.0,-16.0,-21.0,-12.0,-17.0,-8.0,-13.0,-3.0,-10.0
0.8622,122.0,-96.0,7.0,0.0,0.0,0.0,0.0,0.0,0.0,0.0,0.0,0.0,-8.0,7.0,-11.0,9.0,-15.0,12.0,-17.0,13.0,-19.0,15.0,-19.0,17.0,-19.0,18.0,-18.0,19.0,-17.0,18.0,-15.0,16.0,-13.0,13.0,-12.0,10.0,-9.0,7.0,-7.0,2.0,-6.0,-2.0,-5.0,-7.0,-4.0,-12.0,-4.0,-17.0,-5.0,-21.0,-5.0,-24.0,-7.0,-27.0,-7.0,-27.0,-8.0,-29.0,-9.0,-27.0,-9.0,-25.0,-9.0,-23.0
0.8763,122.0,-96.0,7.0,0.0,0.0,0.0,0.0,0.0,0.0,0.0,0.0,0.0,5.0,10.0,6.0,11.0,6.0,11.0,6.0,11.0,6.0,11.0,6.0,11.0,6.0,12.0,7.0,12.0,7.0,11.0,7.0,12.0,7.0,12.0,6.0,12.0,6.0,12.0,7.0,12.0,7.0,12.0,7.0,12.0,7.0,12.0,8.0,12.0,8.0,12.0,8.0,12.0,8.0,12.0,8.0,12.0,9.0,12.0,8.0,12.0,8.0,12.0,8.0,12.0
0.8928,122.0,-96.0,7.0,0.0,0.0,0.0,0.0,0.0,0.0,0.0,0.0,0.0,-7.0,-11.0,-7.0,-11.0,-7.0,-11.0,-7.0,-11.0,-7.0,-11.0,-8.0,-11.0,-7.0,-11.0,-8.0,-11.0,-8.0,-12.0,-8.0,-12.0,-8.0,-12.0,-9.0,-12.0,-8.0,-12.0,-9.0,-12.0,-9.0,-11.0,-9.0,-12.0,-9.0,-12.0,-9.0,-12.0,-10.0,-12.0,-10.0,-12.0,-10.0,-12.0,-10.0,-12.0,-10.0,-11.0,-10.0,-12.0,-10.0,-11.0,-10.0,-12.0
0.9061,122.0,-96.0,7.0,0.0,0.0,0.0,0.0,0.0,0.0,0.0,0.0,0.0,-10.0,-8.0,-12.0,-12.0,-15.0,-15.0,-17.0,-17.0,-20.0,-19.0,-22.0,-20.0,-23.0,-20.0,-23.0,-19.0,-22.0,-17.0,-20.0,-15.0,-17.0,-14.0,-13.0,-12.0,-10.0,-10.0,-4.0,-8.0,1.0,-6.0,7.0,-6.0,12.0,-6.0,17.0,-6.0,22.0,-7.0,25.0,-8.0,28.0,-9.0,29.0,-10.0,29.0,-11.0,28.0,-11.0,26.0,-12.0,24.0,-12.0
0.9189,122.0,-96.0,7.0,0.0,0.0,0.0,0.0,0.0,0.0,0.0,0.0,0.0,9.0,-13.0,12.0,-15.0,7.0,-11.0,9.0,-14.0,7.0,-9.0,8.0,-10.0,10.0,-7.0,9.0,-4.0,11.0,-5.0,16.0,-4.0,15.0,-6.0,16.0,-5.0,18.0,-6.0,17.0,-7.0,20.0,-5.0,13.0,-10.0,17.0,-7.0,13.0,-11.0,15.0,-11.0,13.0,-8.0,9.0,-8.0,11.0,-7.0,10.0,-1.0,14.0,0.0,13.0,-1.0,13.0,2.0
0.9333,122.0,-96.0,7.0,0.0,0.0,0.0,0.0,0.0,0.0,0.0,0.0,0.0,-13.0,7.0,-13.0,7.0,-13.0,7.0,-14.0,7.0,-13.0,8.0,-14.0,7.0,-13.0,8.0,-13.0,8.0,-14.0,8.0,-14.0,8.0,-14.0,8.0,-14.0,8.0,-14.0,8.0,-14.0,9.0,-14.0,9.0,-14.0,9.0,-14.0,9.0,-14.0,10.0,-14.0,10.0,-14.0,9.0,-14.0,10.0,-14.0,10.0,-14.0,11.0,-14.0,11.0,-14.0,10.0,-14.0,11.0
0.9495,122.0,-96.0,7.0,0.0,0.0,0.0,0.0,0.0,0.0,0.0,0.0,0.0,-18.0,-15.0,-18.0,-15.0,-18.0,-15.0,-18.0,-16.0,-19.0,-16.0,-19.0,-16.0,-19.0,-16.0,-19.0,-16.0,-20.0,-16.0,-19.0,-16.0,-20.0,-16.0,-19.0,-17.0,-20.0,-17.0,-20.0,-16.0,-21.0,-16.0,-20.0,-16.0,-20.0,-16.0,-20.0,-16.0,-21.0,-17.0,-21.0,-17.0,-21.0,-16.0,-21.0,-16.0,-21.0,-16.0,-21.0,-16.0,-21.0,-16.0,-22.0,-16.0
0.9618,122.0,-96.0,7.0,0.0,0.0,0.0,0.0,0.0,0.0,0.0,0.0,0.0,-3.0,19.0,-3.0,20.0,-3.0,20.0,-3.0,20.0,-3.0,20.0,-3.0,21.0,-3.0,21.0,-2.0,21.0,-3.0,21.0,-2.0,21.0,-3.0,21.0,-3.0,21.0,-3.0,22.0,-2.0,22.0,-2.0,22.0,-2.0,21.0,-2.0,22.0,-2.0,22.0,-2.0,22.0,-1.0,23.0,-1.0,23.0,-2.0,22.0,-1.0,22.0,-2.0,23.0,-2.0,22.0,-1.0,23.0
0.975,122.0,-96.0,7.0,0.0,0.0,0.0,0.0,0.0,0.0,0.0,0.0,0.0,26.0,-12.0,23.0,-12.0,20.0,-10.0,17.0,-8.0,12.0,-5.0,8.0,-1.0,5.0,4.0,1.0,9.0,-2.0,14.0,-4.0,19.0,-6.0,23.0,-7.0,27.0,-7.0,30.0,-6.0,33.0,-5.0,34.0,-5.0,33.0,-3.0,32.0,-3.0,29.0,-2.0,25.0,-2.0,21.0,-3.0,15.0,-4.0,10.0,-7.0,3.0,-9.0,-3.0,-12.0,-9.0,-15.0,-13.0
0.9877,122.0,-96.0,7.0,0.0,0.0,0.0,0.0,0.0,0.0,0.0,0.0,0.0,10.0,-9.0,8.0,-12.0,13.0,-6.0,10.0,-8.0,15.0,-5.0,14.0,-4.0,17.0,-6.0,21.0,-5.0,20.0,-7.0,20.0,-12.0,17.0,-11.0,18.0,-10.0,17.0,-13.0,17.0,-11.0,19.0,-14.0,12.0,-5.0,16.0,-9.0,11.0,-4.0,12.0,-5.0,15.0,-3.0,15.0,2.0,15.0,0.0,22.0,0.0,22.0,-4.0,20.0,-2.0,23.0,-3.0
1.0022,122.0,-96.0,7.0,0.0,0.0,0.0,0.0,0.0,0.0,0.0,0.0,0.0,-10.0,-21.0,-10.0,-19.0,-8.0,-16.0,-6.0,-13.0,-4.0,-10.0,0.0,-7.0,4.0,-4.0,8.0,-2.0,12.0,0.0,16.0,2.0,19.0,3.0,22.0,3.0,25.0,3.0,26.0,2.0,27.0,1.0,26.0,0.0,24.0,-1.0,22.0,-1.0,18.0,-1.0,14.0,0.0,10.0,1.0,5.0,3.0,0.0,5.0,-4.0,8.0,-8.0,11.0,-11.0,15.0
1.0163,122.0,-96.0,7.0,0.0,0.0,0.0,0.0,0.0,0.0,0.0,0.0,0.0,-12.0,-3.0,-7.0,-4.0,-2.0,-6.0,3.0,-8.0,7.0,-11.0,11.0,-15.0,13.0,-18.0,15.0,-20.0,16.0,-23.0,16.0,-25.0,16.0,-25.0,15.0,-25.0,13.0,-25.0,11.0,-23.0,9.0,-20.0,8.0,-16.0,7.0,-11.0,6.0,-6.0,6.0,0.0,6.0,6.0,7.0,11.0,9.0,16.0,11.0,20.0,13.0,23.0,15.0,25.0,16.0,26.0
1.03,122.0,-96.0,7.0,0.0,0.0,0.0,0.0,0.0,0.0,0.0,0.0,0.0,10.0,7.0,10.0,7.0,10.0,7.0,11.0,7.0,10.0,7.0,11.0,7.0,11.0,7.0,11.0,7.0,11.0,7.0,11.0,8.0,11.0,8.0,11.0,8.0,11.0,8.0,12.0,8.0,12.0,8.0,12.0,8.0,12.0,7.0,12.0,7.0,12.0,7.0,12.0,8.0,12.0,8.0,12.0,8.0,13.0,7.0,13.0,7.0,12.0,8.0,13.0,7.0
1.0336,98.0,33.0,22.0,0.0,0.0,0.0,0.0,0.0,0.0,0.0,0.0,0.0,-21.0,15.0,-18.0,13.0,-15.0,12.0,-11.0,10.0,-6.0,9.0,-1.0,8.0,4.0,7.0,10.0,6.0,14.0,5.0,18.0,4.0,22.0,2.0,25.0,1.0,26.0,-1.0,27.0,-3.0,26.0,-4.0,25.0,-6.0,23.0,-7.0,19.0,-7.0,15.0,-7.0,10.0,-6.0,4.0,-5.0,-3.0,-1.0,-9.0,0.0,-16.0,3.0,-22.0,6.0,-28.0,9.0
1.0491,122.0,-96.0,7.0,0.0,0.0,0.0,0.0,0.0,0.0,0.0,0.0,0.0,-23.0,-4.0,-25.0,-4.0,-26.0,-4.0,-25.0,-3.0,-24.0,-2.0,-22.0,-2.0,-19.0,-2.0,-15.0,-2.0,-11.0,-3.0,-6.0,-5.0,-1.0,-6.0,3.0,-8.0,7.0,-11.0,11.0,-13.0,14.0,-16.0,16.0,-18.0,18.0,-19.0,18.0,-20.0,18.0,-21.0,17.0,-21.0,16.0,-20.0,14.0,-18.0,11.0,-16.0,9.0,-12.0,7.0,-7.0,5.0,-3.0
1.0644,122.0,-96.0,7.0,0.0,0.0,0.0,0.0,0.0,0.0,0.0,0.0,0.0,-7.0,-25.0,-7.0,-23.0,-6.0,-19.0,-4.0,-16.0,-2.0,-12.0,1.0,-8.0,5.0,-4.0,9.0,0.0,13.0,3.0,17.0,6.0,20.0,7.0,23.0,9.0,26.0,9.0,28.0,9.0,29.0,8.0,28.0,7.0,27.0,6.0,24.0,5.0,20.0,4.0,15.0,4.0,10.0,4.0,4.0,5.0,-1.0,6.0,-7.0,7.0,-12.0,10.0,-16.0,13.0
1.079,122.0,-96.0,7.0,0.0,0.0,0.0,0.0,0.0,0.0,0.0,0.0,0.0,9.0,6.0,11.0,9.0,14.0,12.0,16.0,14.0,18.0,15.0,20.0,16.0,21.0,15.0,21.0,14.0,20.0,13.0,18.0,12.0,14.0,10.0,11.0,9.0,7.0,7.0,2.0,6.0,-2.0,4.0,-8.0,4.0,-13.0,5.0,-17.0,5.0,-21.0,6.0,-24.0,8.0,-26.0,9.0,-27.0,10.0,-27.0,11.0,-26.0,11.0,-24.0,11.0,-21.0,10.0
1.0931,122.0,-96.0,7.0,0.0,0.0,0.0,0.0,0.0,0.0,0.0,0.0,0.0,8.0,-8.0,9.0,-8.0,9.0,-8.0,9.0,-8.0,8.0,-8.0,9.0,-8.0,9.0,-8.0,9.0,-9.0,9.0,-9.0,9.0,-9.0,9.0,-9.0,9.0,-9.0,9.0,-9.0,9.0,-9.0,9.0,-10.0,10.0,-9.0,9.0,-9.0,9.0,-10.0,9.0,-10.0,9.0,-10.0,10.0,-10.0,9.0,-10.0,9.0,-11.0,9.0,-11.0,9.0,-11.0,9.0,-11.0
1.1061,122.0,-96.0,7.0,0.0,0.0,0.0,0.0,0.0,0.0,0.0,0.0,0.0,-15.0,17.0,-16.0,19.0,-15.0,20.0,-15.0,20.0,-13.0,20.0,-12.0,18.0,-11.0,15.0,-9.0,12.0,-8.0,8.0,-7.0,3.0,-6.0,-1.0,-6.0,-7.0,-6.0,-11.0,-6.0,-16.0,-7.0,-20.0,-8.0,-23.0,-10.0,-25.0,-10.0,-26.0,-11.0,-27.0,-12.0,-26.0,-12.0,-24.0,-11.0,-21.0,-10.0,-19.0,-8.0,-15.0,-5.0,-11.0,-1.0,-8.0
1.1105,-82.0,-32.0,10.0,0.0,0.0,0.0,0.0,0.0,0.0,0.0,0.0,0.0,9.0,-5.0,4.0,3.0,0.0,-10.0,19.0,-2.0,16.0,-6.0,15.0,-7.0,24.0,-9.0,19.0,-20.0,12.0,-10.0,18.0,-15.0,9.0,-16.0,8.0,-16.0,6.0,-14.0,-2.0,-8.0,1.0,-10.0,-3.0,0.0,-5.0,9.0,0.0,9.0,-1.0,12.0,5.0,14.0,0.0,12.0,5.0,18.0,2.0,16.0,8.0,18.0,4.0,21.0,5.0,16.0
1.1263,122.0,-96.0,7.0,0.0,0.0,0.0,0.0,0.0,0.0,0.0,0.0,0.0,-21.0,-15.0,-20.0,-14.0,-16.0,-12.0,-13.0,-10.0,-9.0,-8.0,-4.0,-7.0,1.0,-6.0,7.0,-6.0,12.0,-6.0,17.0,-7.0,21.0,-8.0,24.0,-9.0,26.0,-10.0,27.0,-12.0,28.0,-13.0,26.0,-13.0,25.0,-13.0,21.0,-12.0,18.0,-10.0,14.0,-7.0,11.0,-4.0,7.0,0.0,3.0,5.0,0.0,10.0,-3.0,14.0,-4.0,20.0
1.1315,98.0,33.0,22.0,0.0,0.0,0.0,0.0,0.0,0.0,0.0,0.0,0.0,-19.0,-21.0,-16.0,-19.0,-15.0,-14.0,-12.0,-10.0,-11.0,-4.0,-10.0,2.0,-8.0,7.0,-7.0,13.0,-5.0,18.0,-5.0,21.0,-4.0,25.0,-3.0,28.0,-1.0,30.0,2.0,30.0,4.0,30.0,5.0,28.0,7.0,26.0,7.0,21.0,6.0,16.0,5.0,11.0,4.0,4.0,0.0,-4.0,-2.0,-10.0,-4.0,-19.0,-7.0,-25.0,-10.0,-32.0
1.1459,122.0,-96.0,7.0,0.0,0.0,0.0,0.0,0.0,0.0,0.0,0.0,0.0,-20.0,-17.0,-22.0,-17.0,-23.0,-17.0,-23.0,-16.0,-23.0,-15.0,-21.0,-13.0,-18.0,-12.0,-15.0,-10.0,-11.0,-9.0,-5.0,-8.0,0.0,-7.0,5.0,-6.0,11.0,-6.0,16.0,-7.0,20.0,-8.0,24.0,-8.0,26.0,-10.0,28.0,-11.0,29.0,-12.0,28.0,-13.0,27.0,-13.0,24.0,-12.0,21.0,-11.0,17.0,-9.0,13.0,-6.0,9.0,-3.0
1.151,-120.0,-126.0,40.0,0.0,0.0,0.0,0.0,0.0,0.0,0.0,0.0,0.0,-11.0,4.0,-9.0,6.0,-5.0,10.0,-2.0,13.0,2.0,17.0,3.0,19.0,6.0,22.0,8.0,23.0,9.0,24.0,11.0,24.0,10.0,23.0,12.0,21.0,12.0,18.0,11.0,14.0,10.0,10.0,8.0,6.0,5.0,1.0,4.0,-4.0,-2.0,-9.0,-4.0,-14.0,-8.0,-18.0,-12.0,-22.0,-16.0,-26.0,-18.0,-27.0,-21.0,-29.0,-21.0,-30.0
1.1682,122.0,-96.0,7.0,0.0,0.0,0.0,0.0,0.0,0.0,0.0,0.0,0.0,-9.0,-13.0,-3.0,-9.0,3.0,-7.0,9.0,-4.0,16.0,-3.0,22.0,-2.0,27.0,-2.0,32.0,-2.0,36.0,-3.0,38.0,-4.0,38.0,-5.0,38.0,-6.0,36.0,-7.0,33.0,-8.0,29.0,-7.0,23.0,-5.0,17.0,-3.0,12.0,1.0,6.0,6.0,0.0,10.0,-5.0,16.0,-9.0,21.0,-12.0,27.0,-14.0,31.0,-15.0,35.0,-15.0,38.0
1.1846,122.0,-96.0,7.0,0.0,0.0,0.0,0.0,0.0,0.0,0.0,0.0,0.0,-12.0,-13.0,-13.0,-12.0,-13.0,-13.0,-13.0,-13.0,-13.0,-13.0,-14.0,-13.0,-14.0,-13.0,-14.0,-13.0,-14.0,-13.0,-14.0,-13.0,-15.0,-14.0,-15.0,-14.0,-15.0,-14.0,-15.0,-13.0,-15.0,-13.0,-15.0,-14.0,-15.0,-13.0,-16.0,-13.0,-16.0,-13.0,-16.0,-13.0,-16.0,-13.0,-17.0,-13.0,-17.0,-13.0,-17.0,-13.0,-17.0,-13.0,-17.0,-13.0
1.1996,122.0,-96.0,7.0,0.0,0.0,0.0,0.0,0.0,0.0,0.0,0.0,0.0,3.0,-11.0,5.0,-15.0,7.0,-18.0,9.0,-20.0,9.0,-23.0,9.0,-24.0,9.0,-25.0,8.0,-25.0,7.0,-24.0,6.0,-21.0,5.0,-18.0,5.0,-14.0,4.0,-10.0,5.0,-5.0,5.0,0.0,6.0,5.0,8.0,10.0,9.0,14.0,12.0,18.0,13.0,20.0,15.0,22.0,16.0,23.0,17.0,22.0,17.0,20.0,17.0,19.0,15.0,16.0
1.2151,122.0,-96.0,7.0,0.0,0.0,0.0,0.0,0.0,0.0,0.0,0.0,0.0,-11.0,-4.0,-12.0,-4.0,-11.0,-4.0,-12.0,-5.0,-12.0,-4.0,-13.0,-4.0,-13.0,-4.0,-13.0,-3.0,-13.0,-4.0,-13.0,-4.0,-13.0,-4.0,-13.0,-4.0,-13.0,-4.0,-13.0,-4.0,-14.0,-4.0,-13.0,-4.0,-14.0,-4.0,-14.0,-4.0,-14.0,-3.0,-14.0,-4.0,-14.0,-4.0,-14.0,-4.0,-14.0,-3.0,-14.0,-3.0,-14.0,-3.0,-14.0,-3.0
1.2294,122.0,-96.0,7.0,0.0,0.0,0.0,0.0,0.0,0.0,0.0,0.0,0.0,-12.0,22.0,-11.0,20.0,-9.0,17.0,-8.0,13.0,-7.0,9.0,-7.0,4.0,-7.0,-2.0,-7.0,-7.0,-8.0,-12.0,-9.0,-17.0,-11.0,-20.0,-12.0,-23.0,-14.0,-26.0,-16.0,-26.0,-17.0,-26.0,-17.0,-25.0,-17.0,-23.0,-15.0,-21.0,-13.0,-17.0,-10.0,-14.0,-6.0,-11.0,-1.0,-8.0,5.0,-5.0,10.0,-2.0,15.0,-1.0,20.0,0.0
1.2429,122.0,-96.0,7.0,0.0,0.0,0.0,0.0,0.0,0.0,0.0,0.0,0.0,-12.0,3.0,-8.0,-1.0,-4.0,-5.0,-1.0,-9.0,1.0,-13.0,3.0,-18.0,4.0,-22.0,4.0,-25.0,4.0,-28.0,4.0,-30.0,3.0,-30.0,2.0,-29.0,1.0,-28.0,-1.0,-26.0,0.0,-22.0,0.0,-18.0,1.0,-13.0,3.0,-8.0,6.0,-3.0,8.0,2.0,12.0,6.0,15.0,11.0,18.0,13.0,22.0,15.0,24.0,15.0,26.0,16.0
1.2563,122.0,-96.0,7.0,0.0,0.0,0.0,0.0,0.0,0.0,0.0,0.0,0.0,-8.0,-9.0,-10.0,-12.0,-12.0,-15.0,-13.0,-18.0,-15.0,-19.0,-17.0,-20.0,-18.0,-20.0,-19.0,-19.0,-18.0,-18.0,-17.0,-16.0,-14.0,-14.0,-11.0,-12.0,-7.0,-10.0,-3.0,-7.0,1.0,-5.0,6.0,-5.0,11.0,-4.0,16.0,-3.0,20.0,-4.0,23.0,-5.0,26.0,-6.0,27.0,-6.0,27.0,-7.0,26.0,-8.0,25.0,-9.0,22.0,-8.0
1.2718,122.0,-96.0,7.0,0.0,0.0,0.0,0.0,0.0,0.0,0.0,0.0,0.0,-10.0,6.0,-10.0,6.0,-10.0,7.0,-10.0,7.0,-10.0,7.0,-10.0,7.0,-10.0,7.0,-10.0,8.0,-10.0,8.0,-10.0,7.0,-11.0,8.0,-11.0,7.0,-11.0,8.0,-11.0,8.0,-10.0,8.0,-11.0,8.0,-11.0,8.0,-10.0,9.0,-10.0,9.0,-11.0,9.0,-11.0,9.0,-10.0,9.0,-11.0,9.0,-11.0,9.0,-11.0,9.0,-11.0,9.0
1.2898,122.0,-96.0,7.0,0.0,0.0,0.0,0.0,0.0,0.0,0.0,0.0,0.0,5.0,22.0,5.0,20.0,4.0,17.0,3.0,14.0,1.0,10.0,-2.0,7.0,-5.0,3.0,-8.0,0.0,-12.0,-3.0,-15.0,-5.0,-18.0,-7.0,-21.0,-8.0,-24.0,-9.0,-26.0,-8.0,-27.0,-8.0,-26.0,-7.0,-26.0,-6.0,-24.0,-5.0,-21.0,-4.0,-17.0,-4.0,-13.0,-4.0,-8.0,-5.0,-3.0,-6.0,2.0,-7.0,7.0,-9.0,11.0,-12.0
1.3042,122.0,-96.0,7.0,0.0,0.0,0.0,0.0,0.0,0.0,0.0,0.0,0.0,6.0,-11.0,7.0,-11.0,7.0,-11.0,7.0,-12.0,7.0,-11.0,7.0,-12.0,7.0,-12.0,7.0,-12.0,7.0,-12.0,7.0,-12.0,7.0,-13.0,7.0,-12.0,8.0,-12.0,7.0,-13.0,7.0,-14.0,7.0,-13.0,7.0,-13.0,7.0,-13.0,8.0,-13.0,7.0,-13.0,7.0,-14.0,7.0,-14.0,7.0,-14.0,7.0,-14.0,7.0,-14.0,7.0,-14.0
1.3178,122.0,-96.0,7.0,0.0,0.0,0.0,0.0,0.0,0.0,0.0,0.0,0.0,-17.0,16.0,-15.0,14.0,-13.0,13.0,-11.0,10.0,-9.0,7.0,-7.0,2.0,-6.0,-2.0,-5.0,-7.0,-4.0,-11.0,-4.0,-16.0,-4.0,-19.0,-4.0,-22.0,-5.0,-25.0,-6.0,-26.0,-7.0,-27.0,-8.0,-26.0,-9.0,-25.0,-8.0,-23.0,-7.0,-20.0,-6.0,-16.0,-3.0,-13.0,0.0,-9.0,3.0,-5.0,6.0,-1.0,10.0,2.0,14.0,4.0
1.3342,122.0,-96.0,7.0,0.0,0.0,0.0,0.0,0.0,0.0,0.0,0.0,0.0,-13.0,-3.0,-13.0,-2.0,-13.0,-3.0,-13.0,-3.0,-14.0,-3.0,-14.0,-3.0,-14.0,-3.0,-14.0,-2.0,-14.0,-3.0,-15.0,-3.0,-15.0,-3.0,-15.0,-3.0,-15.0,-3.0,-15.0,-3.0,-15.0,-3.0,-15.0,-3.0,-15.0,-2.0,-16.0,-2.0,-15.0,-3.0,-16.0,-2.0,-16.0,-2.0,-16.0,-2.0,-16.0,-2.0,-16.0,-2.0,-16.0,-2.0,-16.0,-2.0
1.3482,122.0,-96.0,7.0,0.0,0.0,0.0,0.0,0.0,0.0,0.0,0.0,0.0,-24.0,-2.0,-25.0,-1.0,-26.0,0.0,-25.0,0.0,-24.0,1.0,-22.0,1.0,-19.0,1.0,-16.0,0.0,-12.0,-1.0,-8.0,-4.0,-3.0,-5.0,1.0,-8.0,5.0,-12.0,8.0,-14.0,11.0,-17.0,13.0,-19.0,14.0,-22.0,14.0,-23.0,14.0,-24.0,13.0,-24.0,13.0,-23.0,10.0,-21.0,9.0,-19.0,7.0,-15.0,6.0,-10.0,5.0,-6.0
1.3623,122.0,-96.0,7.0,0.0,0.0,0.0,0.0,0.0,0.0,0.0,0.0,0.0,10.0,20.0,11.0,21.0,12.0,21.0,12.0,21.0,12.0,20.0,11.0,18.0,10.0,16.0,7.0,13.0,5.0,10.0,1.0,7.0,-3.0,4.0,-8.0,2.0,-12.0,0.0,-16.0,-2.0,-20.0,-3.0,-23.0,-4.0,-26.0,-4.0,-27.0,-4.0,-28.0,-3.0,-29.0,-2.0,-27.0,-2.0,-25.0,-1.0,-22.0,-1.0,-18.0,-1.0,-13.0,-1.0,-9.0,-3.0
1.3756,122.0,-96.0,7.0,0.0,0.0,0.0,0.0,0.0,0.0,0.0,0.0,0.0,8.0,7.0,8.0,7.0,8.0,7.0,9.0,8.0,8.0,8.0,8.0,8.0,9.0,8.0,9.0,8.0,9.0,8.0,9.0,8.0,9.0,8.0,9.0,8.0,9.0,8.0,9.0,8.0,10.0,8.0,10.0,9.0,10.0,8.0,10.0,8.0,10.0,8.0,10.0,8.0,10.0,9.0,10.0,8.0,10.0,8.0,10.0,8.0,10.0,8.0,11.0,8.0
1.3892,122.0,-96.0,7.0,0.0,0.0,0.0,0.0,0.0,0.0,0.0,0.0,0.0,10.0,-9.0,7.0,-4.0,6.0,2.0,4.0,7.0,3.0,13.0,3.0,18.0,3.0,23.0,3.0,27.0,5.0,30.0,6.0,32.0,8.0,32.0,8.0,31.0,9.0,30.0,9.0,27.0,8.0,24.0,6.0,19.0,3.0,14.0,0.0,10.0,-5.0,5.0,-9.0,1.0,-14.0,-3.0,-19.0,-5.0,-25.0,-7.0,-28.0,-8.0,-32.0,-8.0,-34.0,-8.0
1.4049,122.0,-96.0,7.0,0.0,0.0,0.0,0.0,0.0,0.0,0.0,0.0,0.0,7.0,9.0,9.0,13.0,11.0,17.0,13.0,19.0,15.0,21.0,17.0,22.0,18.0,22.0,19.0,22.0,18.0,20.0,16.0,18.0,13.0,15.0,10.0,13.0,7.0,10.0,2.0,7.0,-3.0,5.0,-8.0,3.0,-14.0,2.0,-19.0,1.0,-23.0,2.0,-27.0,2.0,-30.0,3.0,-31.0,3.0,-32.0,4.0,-31.0,5.0,-29.0,6.0,-26.0,6.0
1.4196,122.0,-96.0,7.0,0.0,0.0,0.0,0.0,0.0,0.0,0.0,0.0,0.0,4.0,-14.0,3.0,-15.0,4.0,-15.0,4.0,-15.0,4.0,-15.0,4.0,-16.0,4.0,-16.0,4.0,-16.0,4.0,-16.0,4.0,-16.0,4.0,-16.0,4.0,-17.0,4.0,-16.0,3.0,-16.0,3.0,-17.0,3.0,-17.0,3.0,-17.0,3.0,-17.0,3.0,-18.0,3.0,-18.0,3.0,-18.0,2.0,-18.0,3.0,-17.0,2.0,-18.0,3.0,-18.0,2.0,-18.0
1.4358,122.0,-96.0,7.0,0.0,0.0,0.0,0.0,0.0,0.0,0.0,0.0,0.0,-14.0,-3.0,-15.0,-3.0,-15.0,-3.0,-15.0,-3.0,-16.0,-3.0,-16.0,-3.0,-16.0,-3.0,-17.0,-2.0,-17.0,-3.0,-16.0,-2.0,-17.0,-2.0,-17.0,-3.0,-16.0,-3.0,-17.0,-3.0,-17.0,-2.0,-17.0,-2.0,-17.0,-2.0,-17.0,-2.0,-18.0,-2.0,-18.0,-2.0,-18.0,-1.0,-18.0,-1.0,-18.0,-1.0,-18.0,-1.0,-18.0,-1.0,-18.0,-1.0
1.4506,122.0,-96.0,7.0,0.0,0.0,0.0,0.0,0.0,0.0,0.0,0.0,0.0,7.0,-9.0,10.0,-11.0,13.0,-14.0,15.0,-16.0,16.0,-18.0,17.0,-20.0,17.0,-21.0,15.0,-21.0,14.0,-20.0,13.0,-18.0,11.0,-15.0,10.0,-11.0,7.0,-8.0,6.0,-3.0,5.0,2.0,4.0,7.0,4.0,12.0,4.0,16.0,5.0,20.0,6.0,23.0,7.0,26.0,8.0,26.0,9.0,26.0,9.0,25.0,10.0,23.0,9.0,21.0
1.4662,122.0,-96.0,7.0,0.0,0.0,0.0,0.0,0.0,0.0,0.0,0.0,0.0,-12.0,-20.0,-11.0,-18.0,-9.0,-16.0,-7.0,-13.0,-5.0,-10.0,-1.0,-7.0,3.0,-5.0,7.0,-2.0,11.0,-1.0,15.0,1.0,18.0,2.0,22.0,2.0,25.0,2.0,26.0,1.0,27.0,0.0,26.0,-1.0,25.0,-1.0,22.0,-2.0,20.0,-1.0,15.0,-1.0,11.0,1.0,6.0,2.0,2.0,4.0,-3.0,7.0,-7.0,10.0,-10.0,14.0
1.4804,122.0,-96.0,7.0,0.0,0.0,0.0,0.0,0.0,0.0,0.0,0.0,0.0,9.0,-11.0,8.0,-12.0,9.0,-12.0,9.0,-12.0,9.0,-12.0,10.0,-13.0,9.0,-13.0,9.0,-13.0,9.0,-13.0,9.0,-14.0,9.0,-14.0,10.0,-14.0,10.0,-13.0,9.0,-14.0,9.0,-14.0,10.0,-14.0,9.0,-14.0,9.0,-15.0,10.0,-15.0,9.0,-14.0,9.0,-15.0,9.0,-15.0,9.0,-15.0,10.0,-15.0,9.0,-15.0,9.0,-16.0
1.4951,122.0,-96.0,7.0,0.0,0.0,0.0,0.0,0.0,0.0,0.0,0.0,0.0,-3.0,22.0,-2.0,24.0,-2.0,24.0,-1.0,24.0,-1.0,23.0,-1.0,21.0,-1.0,18.0,-1.0,15.0,-2.0,11.0,-4.0,6.0,-5.0,1.0,-8.0,-3.0,-11.0,-7.0,-13.0,-10.0,-16.0,-13.0,-18.0,-15.0,-21.0,-17.0,-22.0,-17.0,-23.0,-17.0,-23.0,-16.0,-22.0,-15.0,-20.0,-13.0,-18.0,-11.0,-14.0,-9.0,-10.0,-7.0,-5.0,-6.0
1.5077,122.0,-96.0,7.0,0.0,0.0,0.0,0.0,0.0,0.0,0.0,0.0,0.0,11.0,-1.0,11.0,-1.0,11.0,0.0,12.0,-1.0,12.0,-1.0,12.0,-1.0,12.0,-1.0,12.0,-1.0,12.0,-1.0,12.0,-1.0,13.0,-1.0,13.0,-1.0,12.0,-1.0,13.0,-1.0,13.0,-1.0,13.0,-1.0,13.0,-2.0,13.0,-2.0,13.0,-2.0,13.0,-2.0,13.0,-2.0,13.0,-2.0,13.0,-3.0,14.0,-3.0,13.0,-2.0,14.0,-3.0
1.5236,122.0,-96.0,7.0,0.0,0.0,0.0,0.0,0.0,0.0,0.0,0.0,0.0,22.0,-2.0,20.0,-2.0,18.0,-2.0,14.0,-1.0,10.0,0.0,6.0,2.0,2.0,4.0,-2.0,7.0,-5.0,10.0,-8.0,13.0,-10.0,16.0,-12.0,19.0,-13.0,21.0,-13.0,23.0,-13.0,24.0,-12.0,24.0,-10.0,23.0,-9.0,21.0,-8.0,18.0,-7.0,14.0,-6.0,10.0,-6.0,5.0,-7.0,0.0,-7.0,-6.0,-7.0,-10.0,-10.0,-15.0
1.5379,122.0,-96.0,7.0,0.0,0.0,0.0,0.0,0.0,0.0,0.0,0.0,0.0,-14.0,5.0,-14.0,6.0,-14.0,5.0,-15.0,6.0,-14.0,6.0,-15.0,6.0,-15.0,6.0,-15.0,7.0,-15.0,7.0,-15.0,7.0,-15.0,7.0,-15.0,7.0,-16.0,6.0,-16.0,7.0,-15.0,7.0,-16.0,7.0,-16.0,8.0,-16.0,8.0,-15.0,8.0,-16.0,8.0,-15.0,8.0,-16.0,8.0,-16.0,8.0,-16.0,9.0,-16.0,9.0,-16.0,9.0
1.5509,122.0,-96.0,7.0,0.0,0.0,0.0,0.0,0.0,0.0,0.0,0.0,0.0,5.0,9.0,6.0,9.0,6.0,9.0,6.0,10.0,6.0,10.0,6.0,10.0,6.0,10.0,7.0,10.0,7.0,10.0,6.0,10.0,7.0,11.0,7.0,10.0,7.0,11.0,7.0,11.0,7.0,11.0,7.0,11.0,7.0,11.0,7.0,10.0,8.0,11.0,7.0,11.0,7.0,11.0,8.0,11.0,8.0,10.0,8.0,11.0,8.0,11.0,8.0,11.0
1.5649,122.0,-96.0,7.0,0.0,0.0,0.0,0.0,0.0,0.0,0.0,0.0,0.0,-19.0,13.0,-19.0,15.0,-20.0,16.0,-19.0,16.0,-18.0,15.0,-17.0,15.0,-14.0,12.0,-12.0,10.0,-10.0,7.0,-8.0,2.0,-6.0,-2.0,-4.0,-7.0,-3.0,-12.0,-2.0,-16.0,-2.0,-20.0,-2.0,-23.0,-3.0,-26.0,-3.0,-27.0,-4.0,-28.0,-5.0,-28.0,-5.0,-27.0,-5.0,-24.0,-5.0,-22.0,-4.0,-17.0,-3.0,-13.0,0.0,-9.0
1.5699,98.0,33.0,22.0,0.0,0.0,0.0,0.0,0.0,0.0,0.0,0.0,0.0,1.0,-20.0,1.0,-20.0,1.0,-20.0,1.0,-19.0,1.0,-17.0,-1.0,-14.0,-2.0,-11.0,-3.0,-9.0,-5.0,-4.0,-5.0,-1.0,-7.0,2.0,-7.0,6.0,-8.0,10.0,-7.0,13.0,-7.0,15.0,-6.0,17.0,-5.0,19.0,-5.0,20.0,-3.0,21.0,-2.0,20.0,0.0,17.0,0.0,15.0,0.0,11.0,1.0,6.0,0.0,1.0,-1.0,-4.0
1.5836,122.0,-96.0,7.0,0.0,0.0,0.0,0.0,0.0,0.0,0.0,0.0,0.0,-15.0,-25.0,-17.0,-27.0,-18.0,-27.0,-19.0,-26.0,-18.0,-24.0,-17.0,-22.0,-15.0,-19.0,-11.0,-16.0,-8.0,-13.0,-2.0,-10.0,3.0,-6.0,9.0,-4.0,14.0,-2.0,19.0,0.0,24.0,1.0,28.0,1.0,32.0,1.0,34.0,1.0,35.0,0.0,34.0,-1.0,32.0,-1.0,29.0,-2.0,25.0,-2.0,20.0,-1.0,14.0,0.0,9.0,3.0
1.5978,122.0,-96.0,7.0,0.0,0.0,0.0,0.0,0.0,0.0,0.0,0.0,0.0,-23.0,4.0,-24.0,5.0,-25.0,5.0,-24.0,5.0,-23.0,6.0,-21.0,5.0,-18.0,5.0,-15.0,3.0,-11.0,1.0,-7.0,-2.0,-3.0,-5.0,0.0,-9.0,3.0,-13.0,6.0,-16.0,7.0,-20.0,9.0,-22.0,9.0,-25.0,10.0,-26.0,9.0,-26.0,8.0,-26.0,7.0,-25.0,6.0,-22.0,5.0,-19.0,4.0,-15.0,4.0,-10.0,4.0,-5.0
1.6141,122.0,-96.0,7.0,0.0,0.0,0.0,0.0,0.0,0.0,0.0,0.0,0.0,2.0,-14.0,2.0,-15.0,2.0,-15.0,2.0,-15.0,2.0,-15.0,1.0,-16.0,1.0,-15.0,1.0,-16.0,1.0,-16.0,2.0,-16.0,1.0,-16.0,1.0,-16.0,1.0,-16.0,1.0,-17.0,1.0,-17.0,1.0,-17.0,0.0,-17.0,1.0,-17.0,1.0,-17.0,0.0,-18.0,0.0,-18.0,0.0,-17.0,0.0,-17.0,0.0,-18.0,0.0,-18.0,0.0,-18.0
1.6247,122.0,-96.0,7.0,0.0,0.0,0.0,0.0,0.0,0.0,0.0,0.0,0.0,-5.0,-10.0,-5.0,-14.0,-6.0,-18.0,-7.0,-21.0,-8.0,-23.0,-9.0,-24.0,-10.0,-25.0,-11.0,-24.0,-11.0,-23.0,-10.0,-21.0,-8.0,-18.0,-6.0,-15.0,-4.0,-12.0,-1.0,-8.0,3.0,-4.0,7.0,-2.0,12.0,0.0,15.0,3.0,20.0,4.0,22.0,5.0,25.0,5.0,27.0,5.0,28.0,3.0,27.0,3.0,26.0,1.0,23.0,1.0
1.6372,122.0,-96.0,7.0,0.0,0.0,0.0,0.0,0.0,0.0,0.0,0.0,0.0,-1.0,11.0,-1.0,11.0,-1.0,11.0,-1.0,11.0,-1.0,12.0,-1.0,12.0,-1.0,12.0,0.0,12.0,-1.0,12.0,-1.0,12.0,0.0,13.0,0.0,13.0,0.0,13.0,0.0,13.0,0.0,13.0,0.0,13.0,0.0,13.0,0.0,13.0,0.0,14.0,0.0,13.0,0.0,13.0,0.0,13.0,1.0,13.0,1.0,13.0,1.0,13.0,1.0,14.0
1.6513,122.0,-96.0,7.0,0.0,0.0,0.0,0.0,0.0,0.0,0.0,0.0,0.0,-13.0,2.0,-9.0,-1.0,-4.0,-5.0,-1.0,-9.0,3.0,-14.0,6.0,-18.0,7.0,-23.0,9.0,-27.0,9.0,-30.0,9.0,-32.0,8.0,-33.0,6.0,-32.0,6.0,-31.0,4.0,-30.0,3.0,-25.0,3.0,-21.0,3.0,-16.0,4.0,-10.0,6.0,-4.0,8.0,2.0,11.0,7.0,14.0,13.0,17.0,17.0,21.0,19.0,23.0,21.0,25.0,22.0
1.6649,122.0,-96.0,7.0,0.0,0.0,0.0,0.0,0.0,0.0,0.0,0.0,0.0,-4.0,-12.0,-4.0,-16.0,-4.0,-21.0,-5.0,-24.0,-5.0,-26.0,-7.0,-28.0,-7.0,-29.0,-9.0,-28.0,-8.0,-27.0,-8.0,-24.0,-7.0,-21.0,-5.0,-17.0,-3.0,-13.0,1.0,-9.0,3.0,-4.0,8.0,-1.0,13.0,3.0,17.0,6.0,21.0,8.0,24.0,9.0,27.0,10.0,28.0,10.0,30.0,9.0,29.0,8.0,28.0,6.0,25.0,5.0
1.6804,122.0,-96.0,7.0,0.0,0.0,0.0,0.0,0.0,0.0,0.0,0.0,0.0,8.0,8.0,10.0,12.0,13.0,15.0,15.0,17.0,17.0,19.0,19.0,20.0,20.0,20.0,20.0,20.0,20.0,18.0,18.0,16.0,15.0,14.0,11.0,12.0,8.0,9.0,3.0,7.0,-2.0,5.0,-7.0,4.0,-13.0,4.0,-18.0,3.0,-23.0,4.0,-26.0,5.0,-29.0,6.0,-30.0,8.0,-31.0,8.0,-30.0,9.0,-28.0,10.0,-25.0,9.0
1.6937,122.0,-96.0,7.0,0.0,0.0,0.0,0.0,0.0,0.0,0.0,0.0,0.0,25.0,3.0,22.0,2.0,19.0,2.0,15.0,2.0,11.0,2.0,5.0,4.0,0.0,5.0,-4.0,8.0,-9.0,10.0,-13.0,13.0,-16.0,15.0,-18.0,17.0,-20.0,20.0,-20.0,22.0,-20.0,23.0,-18.0,23.0,-17.0,22.0,-15.0,19.0,-13.0,16.0,-11.0,12.0,-9.0,7.0,-7.0,2.0,-6.0,-4.0,-5.0,-9.0,-5.0,-14.0,-6.0,-20.0
1.7079,122.0,-96.0,7.0,0.0,0.0,0.0,0.0,0.0,0.0,0.0,0.0,0.0,-22.0,8.0,-23.0,10.0,-23.0,10.0,-22.0,10.0,-21.0,11.0,-19.0,10.0,-17.0,8.0,-14.0,6.0,-11.0,3.0,-8.0,-1.0,-4.0,-4.0,-2.0,-9.0,1.0,-13.0,2.0,-17.0,3.0,-21.0,4.0,-23.0,4.0,-26.0,4.0,-27.0,3.0,-28.0,2.0,-28.0,2.0,-26.0,1.0,-23.0,1.0,-20.0,1.0,-15.0,1.0,-10.0,3.0,-6.0
1.7215,122.0,-96.0,7.0,0.0,0.0,0.0,0.0,0.0,0.0,0.0,0.0,0.0,21.0,-7.0,23.0,-8.0,23.0,-9.0,23.0,-9.0,22.0,-9.0,20.0,-8.0,17.0,-8.0,14.0,-6.0,11.0,-4.0,8.0,-1.0,4.0,3.0,1.0,6.0,-2.0,11.0,-4.0,14.0,-6.0,18.0,-7.0,21.0,-8.0,23.0,-8.0,25.0,-8.0,26.0,-7.0,26.0,-6.0,26.0,-5.0,23.0,-4.0,21.0,-4.0,17.0,-3.0,12.0,-4.0,8.0
1.7361,122.0,-96.0,7.0,0.0,0.0,0.0,0.0,0.0,0.0,0.0,0.0,0.0,-3.0,-23.0,-3.0,-25.0,-4.0,-26.0,-4.0,-25.0,-5.0,-24.0,-4.0,-22.0,-4.0,-19.0,-3.0,-16.0,-1.0,-12.0,2.0,-8.0,4.0,-3.0,7.0,1.0,11.0,4.0,14.0,7.0,17.0,9.0,20.0,11.0,22.0,12.0,24.0,12.0,24.0,12.0,24.0,11.0,23.0,10.0,21.0,9.0,18.0,8.0,14.0,6.0,10.0,5.0,5.0,4.0
1.7492,122.0,-96.0,7.0,0.0,0.0,0.0,0.0,0.0,0.0,0.0,0.0,0.0,-11.0,3.0,-12.0,3.0,-11.0,3.0,-12.0,4.0,-12.0,3.0,-13.0,4.0,-12.0,4.0,-12.0,4.0,-13.0,4.0,-12.0,4.0,-13.0,4.0,-13.0,4.0,-13.0,4.0,-13.0,5.0,-13.0,5.0,-13.0,4.0,-14.0,4.0,-13.0,5.0,-13.0,5.0,-13.0,5.0,-14.0,5.0,-13.0,5.0,-13.0,5.0,-14.0,5.0,-13.0,6.0,-14.0,6.0
1.7641,122.0,-96.0,7.0,0.0,0.0,0.0,0.0,0.0,0.0,0.0,0.0,0.0,23.0,8.0,26.0,7.0,26.0,7.0,26.0,6.0,25.0,5.0,23.0,5.0,20.0,4.0,17.0,4.0,12.0,3.0,7.0,4.0,2.0,5.0,-4.0,7.0,-9.0,9.0,-13.0,10.0,-17.0,13.0,-20.0,15.0,-21.0,17.0,-23.0,19.0,-23.0,20.0,-22.0,21.0,-21.0,21.0,-19.0,20.0,-17.0,17.0,-14.0,14.0,-11.0,9.0,-9.0,5.0
1.7784,122.0,-96.0,7.0,0.0,0.0,0.0,0.0,0.0,0.0,0.0,0.0,0.0,10.0,-6.0,10.0,-6.0,10.0,-6.0,10.0,-7.0,10.0,-6.0,10.0,-7.0,10.0,-7.0,10.0,-7.0,10.0,-7.0,11.0,-7.0,11.0,-7.0,11.0,-7.0,11.0,-7.0,11.0,-7.0,11.0,-8.0,11.0,-8.0,11.0,-8.0,11.0,-8.0,11.0,-8.0,11.0,-8.0,11.0,-8.0,11.0,-8.0,11.0,-9.0,11.0,-8.0,11.0,-8.0,11.0,-9.0
1.7938,122.0,-96.0,7.0,0.0,0.0,0.0,0.0,0.0,0.0,0.0,0.0,0.0,-3.0,-11.0,0.0,-7.0,4.0,-4.0,7.0,-1.0,12.0,1.0,16.0,3.0,20.0,5.0,23.0,5.0,26.0,5.0,28.0,5.0,29.0,4.0,28.0,3.0,27.0,2.0,25.0,0.0,21.0,0.0,17.0,0.0,12.0,2.0,7.0,3.0,2.0,6.0,-3.0,8.0,-8.0,11.0,-12.0,14.0,-14.0,18.0,-16.0,21.0,-17.0,23.0,-17.0,25.0
1.8066,122.0,-96.0,7.0,0.0,0.0,0.0,0.0,0.0,0.0,0.0,0.0,0.0,-12.0,1.0,-12.0,1.0,-12.0,0.0,-12.0,1.0,-12.0,1.0,-13.0,1.0,-13.0,1.0,-13.0,2.0,-13.0,1.0,-13.0,1.0,-13.0,1.0,-14.0,1.0,-14.0,1.0,-14.0,2.0,-14.0,2.0,-13.0,1.0,-14.0,2.0,-14.0,2.0,-14.0,2.0,-14.0,2.0,-14.0,2.0,-14.0,3.0,-14.0,3.0,-14.0,2.0,-14.0,2.0,-15.0,3.0
1.8212,122.0,-96.0,7.0,0.0,0.0,0.0,0.0,0.0,0.0,0.0,0.0,0.0,7.0,8.0,9.0,12.0,11.0,16.0,13.0,19.0,15.0,21.0,17.0,22.0,18.0,22.0,18.0,22.0,18.0,20.0,16.0,18.0,14.0,16.0,11.0,13.0,7.0,10.0,3.0,8.0,-2.0,5.0,-7.0,4.0,-12.0,2.0,-17.0,1.0,-22.0,2.0,-26.0,2.0,-29.0,2.0,-31.0,3.0,-32.0,4.0,-31.0,5.0,-30.0,6.0,-27.0,6.0
1.8259,98.0,33.0,22.0,0.0,0.0,0.0,0.0,0.0,0.0,0.0,0.0,0.0,-12.0,-15.0,-14.0,-17.0,-17.0,-17.0,-19.0,-18.0,-20.0,-18.0,-21.0,-18.0,-22.0,-16.0,-21.0,-14.0,-20.0,-12.0,-17.0,-8.0,-14.0,-6.0,-11.0,-2.0,-6.0,2.0,-3.0,5.0,2.0,8.0,6.0,10.0,12.0,12.0,17.0,14.0,22.0,14.0,25.0,13.0,28.0,13.0,29.0,12.0,29.0,10.0,27.0,9.0,25.0,8.0,21.0,7.0
1.841,122.0,-96.0,7.0,0.0,0.0,0.0,0.0,0.0,0.0,0.0,0.0,0.0,-2.0,-12.0,-3.0,-12.0,-3.0,-12.0,-3.0,-13.0,-3.0,-13.0,-3.0,-13.0,-3.0,-13.0,-4.0,-13.0,-4.0,-13.0,-3.0,-13.0,-4.0,-13.0,-3.0,-13.0,-4.0,-13.0,-4.0,-14.0,-4.0,-13.0,-4.0,-13.0,-4.0,-14.0,-4.0,-13.0,-4.0,-14.0,-5.0,-14.0,-5.0,-14.0,-5.0,-14.0,-5.0,-14.0,-5.0,-14.0,-5.0,-14.0,-5.0,-14.0
1.8549,122.0,-96.0,7.0,0.0,0.0,0.0,0.0,0.0,0.0,0.0,0.0,0.0,-3.0,12.0,-5.0,17.0,-7.0,21.0,-8.0,25.0,-9.0,28.0,-9.0,30.0,-8.0,31.0,-7.0,32.0,-6.0,30.0,-5.0,27.0,-4.0,23.0,-5.0,19.0,-4.0,14.0,-5.0,8.0,-6.0,3.0,-9.0,-3.0,-12.0,-9.0,-14.0,-14.0,-18.0,-18.0,-21.0,-21.0,-24.0,-23.0,-26.0,-24.0,-27.0,-24.0,-27.0,-23.0,-27.0,-21.0,-25.0,-19.0
1.8698,122.0,-96.0,7.0,0.0,0.0,0.0,0.0,0.0,0.0,0.0,0.0,0.0,-12.0,7.0,-13.0,8.0,-13.0,7.0,-13.0,8.0,-13.0,8.0,-13.0,8.0,-14.0,8.0,-13.0,9.0,-14.0,9.0,-13.0,9.0,-14.0,9.0,-14.0,9.0,-14.0,9.0,-13.0,9.0,-14.0,10.0,-14.0,10.0,-14.0,10.0,-13.0,10.0,-13.0,10.0,-14.0,10.0,-13.0,11.0,-14.0,11.0,-13.0,11.0,-14.0,11.0,-14.0,11.0,-14.0,12.0
1.8835,122.0,-96.0,7.0,0.0,0.0,0.0,0.0,0.0,0.0,0.0,0.0,0.0,3.0,-20.0,4.0,-20.0,4.0,-21.0,3.0,-21.0,3.0,-21.0,3.0,-21.0,4.0,-22.0,3.0,-22.0,3.0,-22.0,3.0,-22.0,3.0,-22.0,3.0,-22.0,3.0,-23.0,3.0,-23.0,3.0,-23.0,3.0,-23.0,3.0,-23.0,3.0,-23.0,3.0,-23.0,3.0,-23.0,3.0,-23.0,3.0,-23.0,3.0,-24.0,2.0,-23.0,3.0,-23.0,2.0,-24.0
1.8977,122.0,-96.0,7.0,0.0,0.0,0.0,0.0,0.0,0.0,0.0,0.0,0.0,21.0,12.0,24.0,12.0,24.0,12.0,25.0,11.0,23.0,10.0,22.0,9.0,19.0,8.0,14.0,7.0,10.0,6.0,4.0,6.0,-1.0,5.0,-6.0,6.0,-11.0,7.0,-16.0,8.0,-21.0,9.0,-23.0,10.0,-26.0,12.0,-27.0,13.0,-28.0,14.0,-27.0,15.0,-25.0,14.0,-23.0,13.0,-20.0,12.0,-16.0,9.0,-12.0,5.0,-9.0,1.0
1.9129,122.0,-96.0,7.0,0.0,0.0,0.0,0.0,0.0,0.0,0.0,0.0,0.0,-7.0,12.0,-7.0,13.0,-7.0,12.0,-7.0,13.0,-7.0,13.0,-7.0,14.0,-7.0,13.0,-7.0,14.0,-8.0,14.0,-7.0,14.0,-7.0,14.0,-7.0,14.0,-7.0,14.0,-7.0,14.0,-7.0,15.0,-7.0,14.0,-7.0,14.0,-7.0,15.0,-7.0,15.0,-7.0,15.0,-7.0,15.0,-7.0,15.0,-6.0,16.0,-6.0,16.0,-6.0,16.0,-6.0,16.0
1.9271,122.0,-96.0,7.0,0.0,0.0,0.0,0.0,0.0,0.0,0.0,0.0,0.0,-15.0,17.0,-15.0,19.0,-15.0,19.0,-15.0,20.0,-13.0,19.0,-13.0,18.0,-11.0,15.0,-9.0,12.0,-8.0,8.0,-7.0,3.0,-6.0,-2.0,-5.0,-6.0,-6.0,-11.0,-6.0,-16.0,-6.0,-20.0,-7.0,-22.0,-8.0,-25.0,-8.0,-26.0,-10.0,-27.0,-10.0,-26.0,-10.0,-25.0,-10.0,-22.0,-9.0,-19.0,-7.0,-15.0,-4.0,-11.0,-1.0,-8.0
1.9402,122.0,-96.0,7.0,0.0,0.0,0.0,0.0,0.0,0.0,0.0,0.0,0.0,1.0,11.0,2.0,11.0,1.0,11.0,1.0,11.0,1.0,11.0,2.0,12.0,1.0,12.0,2.0,12.0,1.0,12.0,1.0,12.0,1.0,13.0,1.0,13.0,1.0,13.0,1.0,13.0,2.0,13.0,2.0,13.0,2.0,13.0,2.0,12.0,2.0,13.0,3.0,13.0,3.0,13.0,3.0,13.0,3.0,13.0,3.0,14.0,3.0,13.0,3.0,13.0
1.9533,122.0,-96.0,7.0,0.0,0.0,0.0,0.0,0.0,0.0,0.0,0.0,0.0,14.0,-18.0,13.0,-17.0,11.0,-15.0,9.0,-12.0,7.0,-8.0,6.0,-4.0,5.0,1.0,4.0,6.0,4.0,10.0,4.0,15.0,5.0,18.0,6.0,21.0,7.0,23.0,8.0,24.0,9.0,25.0,9.0,24.0,9.0,23.0,9.0,20.0,8.0,17.0,5.0,14.0,3.0,11.0,0.0,7.0,-4.0,4.0,-8.0,1.0,-12.0,-2.0,-17.0,-4.0
1.9675,122.0,-96.0,7.0,0.0,0.0,0.0,0.0,0.0,0.0,0.0,0.0,0.0,22.0,-5.0,24.0,-7.0,24.0,-7.0,23.0,-7.0,22.0,-8.0,20.0,-7.0,17.0,-6.0,14.0,-4.0,10.0,-2.0,6.0,1.0,2.0,4.0,-1.0,8.0,-4.0,12.0,-6.0,15.0,-8.0,19.0,-10.0,21.0,-10.0,23.0,-11.0,25.0,-10.0,26.0,-9.0,25.0,-8.0,24.0,-7.0,21.0,-6.0,18.0,-5.0,13.0,-5.0,9.0,-5.0,4.0
1.9812,122.0,-96.0,7.0,0.0,0.0,0.0,0.0,0.0,0.0,0.0,0.0,0.0,-2.0,-15.0,-3.0,-15.0,-2.0,-15.0,-3.0,-16.0,-2.0,-16.0,-3.0,-16.0,-3.0,-16.0,-3.0,-16.0,-3.0,-16.0,-3.0,-16.0,-3.0,-16.0,-3.0,-17.0,-3.0,-16.0,-4.0,-17.0,-4.0,-17.0,-3.0,-17.0,-4.0,-17.0,-4.0,-17.0,-4.0,-17.0,-4.0,-18.0,-4.0,-18.0,-5.0,-18.0,-5.0,-17.0,-5.0,-18.0,-5.0,-18.0,-5.0,-18.0
1.9945,122.0,-96.0,7.0,0.0,0.0,0.0,0.0,0.0,0.0,0.0,0.0,0.0,-23.0,-5.0,-21.0,-4.0,-18.0,-3.0,-14.0,-4.0,-10.0,-4.0,-6.0,-5.0,-2.0,-6.0,3.0,-8.0,7.0,-10.0,11.0,-12.0,14.0,-14.0,16.0,-16.0,17.0,-18.0,18.0,-20.0,18.0,-21.0,16.0,-21.0,15.0,-20.0,13.0,-18.0,11.0,-16.0,8.0,-12.0,7.0,-8.0,6.0,-3.0,5.0,2.0,4.0,7.0,3.0,12.0,4.0,17.0
2.0096,122.0,-96.0,7.0,0.0,0.0,0.0,0.0,0.0,0.0,0.0,0.0,0.0,-21.0,8.0,-19.0,8.0,-17.0,7.0,-13.0,5.0,-10.0,3.0,-7.0,-1.0,-4.0,-5.0,-1.0,-8.0,1.0,-13.0,3.0,-16.0,4.0,-20.0,5.0,-22.0,5.0,-25.0,4.0,-27.0,4.0,-27.0,3.0,-27.0,2.0,-25.0,2.0,-23.0,1.0,-19.0,1.0,-15.0,2.0,-11.0,3.0,-6.0,5.0,-1.0,7.0,4.0,9.0,8.0,12.0,12.0
2.023,122.0,-96.0,7.0,0.0,0.0,0.0,0.0,0.0,0.0,0.0,0.0,0.0,-9.0,9.0,-7.0,4.0,-6.0,-2.0,-6.0,-7.0,-6.0,-13.0,-7.0,-19.0,-8.0,-23.0,-10.0,-27.0,-12.0,-29.0,-13.0,-31.0,-15.0,-31.0,-15.0,-29.0,-15.0,-28.0,-15.0,-25.0,-13.0,-22.0,-10.0,-18.0,-7.0,-14.0,-2.0,-10.0,4.0,-6.0,9.0,-3.0,14.0,-1.0,20.0,1.0,25.0,1.0,29.0,0.0,32.0,0.0,34.0,-1.0
2.0375,122.0,-96.0,7.0,0.0,0.0,0.0,0.0,0.0,0.0,0.0,0.0,0.0,-10.0,-4.0,-13.0,-7.0,-17.0,-8.0,-19.0,-10.0,-22.0,-11.0,-24.0,-10.0,-25.0,-10.0,-25.0,-9.0,-24.0,-8.0,-22.0,-7.0,-19.0,-7.0,-16.0,-6.0,-12.0,-5.0,-7.0,-5.0,-2.0,-5.0,2.0,-7.0,7.0,-8.0,11.0,-10.0,15.0,-12.0,18.0,-14.0,19.0,-16.0,20.0,-18.0,21.0,-19.0,20.0,-20.0,18.0,-20.0,16.0,-18.0
2.0531,122.0,-96.0,7.0,0.0,0.0,0.0,0.0,0.0,0.0,0.0,0.0,0.0,-11.0,-8.0,-12.0,-8.0,-11.0,-8.0,-12.0,-9.0,-12.0,-8.0,-12.0,-8.0,-12.0,-8.0,-13.0,-8.0,-13.0,-8.0,-12.0,-8.0,-13.0,-8.0,-13.0,-8.0,-13.0,-8.0,-13.0,-8.0,-14.0,-9.0,-13.0,-8.0,-13.0,-8.0,-14.0,-8.0,-14.0,-9.0,-14.0,-8.0,-14.0,-8.0,-14.0,-8.0,-14.0,-8.0,-14.0,-8.0,-14.0,-8.0,-15.0,-8.0
2.0664,122.0,-96.0,7.0,0.0,0.0,0.0,0.0,0.0,0.0,0.0,0.0,0.0,12.0,0.0,7.0,2.0,2.0,5.0,-2.0,8.0,-7.0,12.0,-10.0,16.0,-12.0,20.0,-14.0,24.0,-15.0,27.0,-15.0,29.0,-15.0,30.0,-13.0,30.0,-12.0,28.0,-10.0,27.0,-8.0,23.0,-7.0,17.0,-7.0,12.0,-7.0,6.0,-8.0,0.0,-8.0,-6.0,-11.0,-12.0,-13.0,-17.0,-16.0,-21.0,-19.0,-24.0,-21.0,-26.0,-23.0,-27.0
2.0832,122.0,-96.0,7.0,0.0,0.0,0.0,0.0,0.0,0.0,0.0,0.0,0.0,-19.0,-14.0,-21.0,-14.0,-22.0,-14.0,-22.0,-13.0,-21.0,-12.0,-20.0,-11.0,-17.0,-10.0,-14.0,-9.0,-10.0,-7.0,-6.0,-7.0,-1.0,-6.0,4.0,-6.0,9.0,-6.0,14.0,-6.0,17.0,-7.0,21.0,-8.0,23.0,-9.0,25.0,-10.0,25.0,-11.0,25.0,-12.0,24.0,-11.0,21.0,-11.0,19.0,-10.0,15.0,-8.0,12.0,-6.0,8.0,-3.0
2.0952,122.0,-96.0,7.0,0.0,0.0,0.0,0.0,0.0,0.0,0.0,0.0,0.0,-17.0,-24.0,-19.0,-25.0,-20.0,-25.0,-20.0,-24.0,-20.0,-24.0,-18.0,-21.0,-16.0,-19.0,-13.0,-16.0,-9.0,-13.0,-4.0,-10.0,1.0,-7.0,7.0,-5.0,13.0,-3.0,18.0,-1.0,23.0,-1.0,27.0,0.0,30.0,-1.0,33.0,-1.0,34.0,-2.0,34.0,-3.0,32.0,-3.0,30.0,-4.0,27.0,-4.0,21.0,-3.0,16.0,-1.0,11.0,1.0
2.1089,122.0,-96.0,7.0,0.0,0.0,0.0,0.0,0.0,0.0,0.0,0.0,0.0,-2.0,-12.0,-2.0,-12.0,-2.0,-11.0,-3.0,-13.0,-2.0,-12.0,-2.0,-14.0,-2.0,-13.0,-3.0,-13.0,-3.0,-12.0,-3.0,-13.0,-3.0,-14.0,-3.0,-14.0,-3.0,-13.0,-3.0,-13.0,-4.0,-14.0,-3.0,-14.0,-4.0,-14.0,-4.0,-14.0,-4.0,-14.0,-4.0,-14.0,-4.0,-14.0,-4.0,-14.0,-4.0,-14.0,-5.0,-14.0,-4.0,-14.0,-5.0,-14.0
2.1231,122.0,-96.0,7.0,0.0,0.0,0.0,0.0,0.0,0.0,0.0,0.0,0.0,4.0,22.0,5.0,23.0,6.0,24.0,6.0,24.0,6.0,22.0,6.0,21.0,5.0,18.0,4.0,15.0,2.0,11.0,-1.0,7.0,-4.0,4.0,-7.0,0.0,-11.0,-3.0,-15.0,-6.0,-18.0,-7.0,-21.0,-9.0,-24.0,-10.0,-25.0,-10.0,-27.0,-10.0,-27.0,-9.0,-26.0,-8.0,-24.0,-7.0,-21.0,-6.0,-17.0,-5.0,-13.0,-5.0,-9.0,-5.0
2.1364,122.0,-96.0,7.0,0.0,0.0,0.0,0.0,0.0,0.0,0.0,0.0,0.0,20.0,14.0,19.0,13.0,16.0,11.0,13.0,9.0,9.0,7.0,4.0,6.0,-2.0,5.0,-7.0,5.0,-12.0,5.0,-17.0,6.0,-20.0,7.0,-23.0,7.0,-26.0,9.0,-28.0,11.0,-28.0,12.0,-27.0,12.0,-25.0,13.0,-23.0,11.0,-20.0,10.0,-16.0,8.0,-12.0,4.0,-9.0,0.0,-5.0,-4.0,-2.0,-9.0,1.0,-13.0,2.0,-19.0
2.151,122.0,-96.0,7.0,0.0,0.0,0.0,0.0,0.0,0.0,0.0,0.0,0.0,-12.0,-6.0,-7.0,-6.0,-1.0,-7.0,5.0,-7.0,10.0,-9.0,16.0,-11.0,19.0,-13.0,23.0,-15.0,25.0,-18.0,25.0,-19.0,26.0,-21.0,25.0,-21.0,23.0,-21.0,21.0,-21.0,18.0,-18.0,15.0,-14.0,12.0,-10.0,9.0,-5.0,7.0,1.0,4.0,6.0,3.0,12.0,2.0,18.0,3.0,24.0,4.0,28.0,5.0,30.0,6.0,33.0
2.1662,122.0,-96.0,7.0,0.0,0.0,0.0,0.0,0.0,0.0,0.0,0.0,0.0,-2.0,-13.0,1.0,-9.0,4.0,-4.0,8.0,0.0,12.0,3.0,17.0,6.0,21.0,8.0,25.0,10.0,28.0,10.0,30.0,10.0,31.0,9.0,31.0,8.0,30.0,7.0,28.0,5.0,24.0,4.0,20.0,4.0,14.0,4.0,9.0,5.0,3.0,6.0,-3.0,8.0,-9.0,10.0,-14.0,13.0,-18.0,17.0,-21.0,19.0,-23.0,22.0,-24.0,24.0
2.1801,122.0,-96.0,7.0,0.0,0.0,0.0,0.0,0.0,0.0,0.0,0.0,0.0,10.0,-3.0,9.0,-3.0,10.0,-3.0,10.0,-3.0,10.0,-3.0,11.0,-4.0,10.0,-4.0,11.0,-4.0,10.0,-3.0,11.0,-4.0,11.0,-4.0,11.0,-4.0,11.0,-4.0,11.0,-4.0,11.0,-4.0,11.0,-5.0,11.0,-5.0,12.0,-4.0,11.0,-5.0,11.0,-5.0,11.0,-5.0,11.0,-5.0,11.0,-5.0,11.0,-5.0,11.0,-5.0,11.0,-6.0
2.1841,98.0,33.0,22.0,0.0,0.0,0.0,0.0,0.0,0.0,0.0,0.0,0.0,-10.0,24.0,-13.0,24.0,-11.0,25.0,-10.0,22.0,-10.0,21.0,-5.0,19.0,-3.0,16.0,1.0,10.0,2.0,7.0,4.0,1.0,8.0,-2.0,9.0,-8.0,12.0,-13.0,15.0,-17.0,15.0,-20.0,12.0,-25.0,11.0,-25.0,11.0,-28.0,7.0,-28.0,7.0,-26.0,3.0,-26.0,3.0,-20.0,2.0,-17.0,0.0,-10.0,-2.0,-3.0,0.0,4.0
2.2011,122.0,-96.0,7.0,0.0,0.0,0.0,0.0,0.0,0.0,0.0,0.0,0.0,-9.0,-10.0,-4.0,-8.0,2.0,-6.0,7.0,-5.0,12.0,-5.0,18.0,-5.0,23.0,-6.0,27.0,-7.0,29.0,-9.0,31.0,-10.0,31.0,-11.0,30.0,-12.0,28.0,-12.0,25.0,-12.0,21.0,-11.0,18.0,-9.0,13.0,-5.0,9.0,-1.0,5.0,4.0,1.0,9.0,-1.0,15.0,-4.0,20.0,-5.0,25.0,-5.0,29.0,-5.0,32.0,-4.0,34.0
2.2144,122.0,-96.0,7.0,0.0,0.0,0.0,0.0,0.0,0.0,0.0,0.0,0.0,-7.0,-13.0,-8.0,-17.0,-9.0,-22.0,-11.0,-26.0,-12.0,-28.0,-14.0,-30.0,-15.0,-29.0,-16.0,-29.0,-16.0,-27.0,-15.0,-24.0,-12.0,-21.0,-9.0,-17.0,-5.0,-13.0,-1.0,-9.0,4.0,-5.0,10.0,-2.0,16.0,0.0,21.0,2.0,26.0,2.0,30.0,3.0,33.0,2.0,35.0,1.0,35.0,0.0,33.0,0.0,32.0,-2.0,28.0,-2.0
2.2289,122.0,-96.0,7.0,0.0,0.0,0.0,0.0,0.0,0.0,0.0,0.0,0.0,9.0,-4.0,10.0,-5.0,10.0,-4.0,10.0,-5.0,10.0,-5.0,11.0,-5.0,10.0,-5.0,11.0,-6.0,10.0,-6.0,11.0,-6.0,11.0,-5.0,11.0,-6.0,11.0,-5.0,11.0,-6.0,11.0,-6.0,11.0,-7.0,12.0,-6.0,11.0,-6.0,12.0,-6.0,12.0,-6.0,12.0,-6.0,12.0,-6.0,11.0,-7.0,12.0,-7.0,11.0,-7.0,12.0,-7.0
2.2437,122.0,-96.0,7.0,0.0,0.0,0.0,0.0,0.0,0.0,0.0,0.0,0.0,-9.0,-8.0,-9.0,-8.0,-9.0,-9.0,-8.0,-9.0,-10.0,-9.0,-9.0,-9.0,-10.0,-9.0,-11.0,-9.0,-10.0,-9.0,-10.0,-9.0,-10.0,-9.0,-10.0,-10.0,-10.0,-10.0,-10.0,-8.0,-11.0,-9.0,-11.0,-10.0,-10.0,-9.0,-11.0,-10.0,-11.0,-9.0,-11.0,-9.0,-11.0,-9.0,-11.0,-9.0,-12.0,-9.0,-11.0,-10.0,-12.0,-9.0,-12.0,-9.0
2.2556,122.0,-96.0,7.0,0.0,0.0,0.0,0.0,0.0,0.0,0.0,0.0,0.0,14.0,12.0,15.0,12.0,15.0,12.0,15.0,12.0,15.0,13.0,16.0,13.0,15.0,13.0,16.0,13.0,16.0,13.0,16.0,13.0,16.0,13.0,16.0,13.0,16.0,13.0,17.0,13.0,17.0,13.0,16.0,13.0,17.0,13.0,17.0,13.0,17.0,13.0,17.0,13.0,18.0,13.0,18.0,13.0,18.0,13.0,18.0,13.0,18.0,13.0,18.0,12.0
2.2675,122.0,-96.0,7.0,0.0,0.0,0.0,0.0,0.0,0.0,0.0,0.0,0.0,10.0,7.0,4.0,6.0,-1.0,5.0,-7.0,6.0,-12.0,6.0,-18.0,8.0,-22.0,10.0,-25.0,12.0,-28.0,14.0,-29.0,15.0,-29.0,17.0,-28.0,18.0,-26.0,17.0,-23.0,17.0,-20.0,14.0,-16.0,11.0,-13.0,7.0,-10.0,2.0,-7.0,-4.0,-4.0,-9.0,-3.0,-15.0,-2.0,-21.0,-2.0,-26.0,-3.0,-30.0,-3.0,-33.0,-4.0,-35.0
2.2812,122.0,-96.0,7.0,0.0,0.0,0.0,0.0,0.0,0.0,0.0,0.0,0.0,7.0,-12.0,6.0,-11.0,7.0,-12.0,7.0,-12.0,6.0,-11.0,7.0,-12.0,7.0,-13.0,6.0,-13.0,6.0,-13.0,7.0,-13.0,7.0,-13.0,8.0,-13.0,8.0,-13.0,7.0,-13.0,7.0,-14.0,8.0,-14.0,7.0,-13.0,7.0,-14.0,7.0,-14.0,7.0,-14.0,7.0,-14.0,6.0,-14.0,7.0,-15.0,7.0,-14.0,7.0,-15.0,7.0,-14.0
2.3039,122.0,-96.0,7.0,0.0,0.0,0.0,0.0,0.0,0.0,0.0,0.0,0.0,10.0,7.0,14.0,11.0,17.0,15.0,20.0,16.0,23.0,18.0,25.0,19.0,26.0,18.0,27.0,17.0,25.0,15.0,23.0,14.0,19.0,12.0,14.0,10.0,10.0,8.0,3.0,7.0,-2.0,6.0,-8.0,6.0,-15.0,7.0,-20.0,8.0,-25.0,9.0,-29.0,11.0,-32.0,13.0,-32.0,14.0,-32.0,15.0,-31.0,15.0,-28.0,15.0,-25.0,14.0
2.32,122.0,-96.0,7.0,0.0,0.0,0.0,0.0,0.0,0.0,0.0,0.0,0.0,-6.0,9.0,-6.0,10.0,-5.0,10.0,-6.0,10.0,-5.0,10.0,-6.0,11.0,-5.0,11.0,-5.0,11.0,-6.0,11.0,-6.0,11.0,-6.0,11.0,-6.0,11.0,-6.0,11.0,-5.0,12.0,-5.0,12.0,-5.0,12.0,-5.0,12.0,-5.0,12.0,-5.0,13.0,-5.0,12.0,-5.0,12.0,-5.0,12.0,-5.0,12.0,-5.0,13.0,-5.0,13.0,-5.0,13.0
2.3345,122.0,-96.0,7.0,0.0,0.0,0.0,0.0,0.0,0.0,0.0,0.0,0.0,10.0,-2.0,10.0,-2.0,10.0,-2.0,10.0,-2.0,10.0,-2.0,11.0,-2.0,10.0,-2.0,10.0,-3.0,11.0,-2.0,10.0,-2.0,11.0,-3.0,11.0,-3.0,11.0,-3.0,11.0,-3.0,11.0,-3.0,11.0,-3.0,11.0,-3.0,12.0,-3.0,11.0,-3.0,12.0,-4.0,11.0,-3.0,11.0,-3.0,11.0,-4.0,12.0,-4.0,12.0,-4.0,12.0,-4.0
2.3504,122.0,-96.0,7.0,0.0,0.0,0.0,0.0,0.0,0.0,0.0,0.0,0.0,-10.0,-11.0,-10.0,-11.0,-10.0,-11.0,-11.0,-12.0,-10.0,-12.0,-11.0,-12.0,-11.0,-12.0,-11.0,-12.0,-11.0,-12.0,-11.0,-12.0,-11.0,-12.0,-12.0,-12.0,-11.0,-13.0,-12.0,-12.0,-12.0,-13.0,-11.0,-12.0,-12.0,-13.0,-12.0,-12.0,-13.0,-13.0,-13.0,-13.0,-12.0,-13.0,-12.0,-13.0,-13.0,-12.0,-13.0,-13.0,-13.0,-12.0,-14.0,-12.0
2.3633,122.0,-96.0,7.0,0.0,0.0,0.0,0.0,0.0,0.0,0.0,0.0,0.0,10.0,4.0,10.0,4.0,11.0,4.0,11.0,4.0,11.0,4.0,11.0,4.0,11.0,4.0,12.0,4.0,11.0,4.0,12.0,4.0,12.0,4.0,12.0,4.0,12.0,4.0,12.0,4.0,12.0,4.0,12.0,4.0,13.0,3.0,12.0,3.0,13.0,4.0,12.0,3.0,13.0,3.0,12.0,4.0,12.0,4.0,13.0,3.0,13.0,3.0,14.0,3.0
2.3757,122.0,-96.0,7.0,0.0,0.0,0.0,0.0,0.0,0.0,0.0,0.0,0.0,7.0,9.0,3.0,7.0,-3.0,5.0,-8.0,4.0,-14.0,3.0,-19.0,3.0,-24.0,4.0,-28.0,5.0,-31.0,6.0,-32.0,7.0,-32.0,8.0,-32.0,9.0,-30.0,9.0,-27.0,10.0,-23.0,8.0,-19.0,6.0,-14.0,3.0,-10.0,-1.0,-6.0,-5.0,-2.0,-10.0,2.0,-16.0,3.0,-21.0,5.0,-26.0,6.0,-30.0,5.0,-33.0,5.0,-34.0
2.3899,122.0,-96.0,7.0,0.0,0.0,0.0,0.0,0.0,0.0,0.0,0.0,0.0,-25.0,-6.0,-23.0,-5.0,-20.0,-5.0,-16.0,-4.0,-12.0,-4.0,-7.0,-5.0,-2.0,-6.0,3.0,-8.0,8.0,-10.0,12.0,-12.0,15.0,-14.0,18.0,-17.0,20.0,-19.0,20.0,-21.0,20.0,-22.0,19.0,-23.0,18.0,-22.0,15.0,-20.0,13.0,-18.0,11.0,-14.0,9.0,-9.0,7.0,-4.0,6.0,1.0,5.0,7.0,4.0,12.0,4.0,17.0
2.4031,122.0,-96.0,7.0,0.0,0.0,0.0,0.0,0.0,0.0,0.0,0.0,0.0,-11.0,7.0,-16.0,9.0,-20.0,12.0,-23.0,13.0,-26.0,16.0,-27.0,17.0,-27.0,19.0,-26.0,20.0,-24.0,19.0,-22.0,17.0,-19.0,14.0,-16.0,11.0,-13.0,7.0,-10.0,1.0,-7.0,-3.0,-4.0,-9.0,-3.0,-15.0,-2.0,-21.0,-2.0,-26.0,-2.0,-30.0,-3.0,-33.0,-4.0,-35.0,-4.0,-36.0,-5.0,-35.0,-6.0,-33.0,-6.0,-29.0
2.4173,122.0,-96.0,7.0,0.0,0.0,0.0,0.0,0.0,0.0,0.0,0.0,0.0,1.0,22.0,1.0,20.0,1.0,17.0,0.0,14.0,-1.0,10.0,-3.0,6.0,-5.0,2.0,-8.0,-2.0,-11.0,-5.0,-14.0,-9.0,-16.0,-11.0,-19.0,-13.0,-21.0,-14.0,-23.0,-14.0,-24.0,-14.0,-24.0,-13.0,-23.0,-11.0,-21.0,-10.0,-19.0,-9.0,-15.0,-7.0,-11.0,-7.0,-6.0,-6.0,0.0,-6.0,4.0,-6.0,10.0,-7.0,14.0,-9.0
2.4319,122.0,-96.0,7.0,0.0,0.0,0.0,0.0,0.0,0.0,0.0,0.0,0.0,-13.0,-1.0,-13.0,-1.0,-14.0,0.0,-14.0,0.0,-15.0,0.0,-15.0,-1.0,-15.0,0.0,-15.0,0.0,-15.0,0.0,-15.0,0.0,-15.0,0.0,-15.0,0.0,-15.0,0.0,-16.0,0.0,-15.0,0.0,-15.0,0.0,-16.0,1.0,-16.0,0.0,-16.0,1.0,-16.0,1.0,-16.0,1.0,-16.0,1.0,-16.0,1.0,-16.0,1.0,-16.0,1.0,-17.0,2.0
2.4466,122.0,-96.0,7.0,0.0,0.0,0.0,0.0,0.0,0.0,0.0,0.0,0.0,5.0,-23.0,4.0,-20.0,4.0,-18.0,3.0,-14.0,3.0,-11.0,4.0,-6.0,4.0,-1.0,6.0,3.0,8.0,7.0,10.0,11.0,12.0,14.0,14.0,16.0,16.0,18.0,18.0,18.0,19.0,18.0,20.0,17.0,19.0,16.0,17.0,14.0,15.0,12.0,12.0,10.0,8.0,8.0,3.0,6.0,-2.0,5.0,-7.0,4.0,-12.0,3.0,-17.0,4.0
2.4621,122.0,-96.0,7.0,0.0,0.0,0.0,0.0,0.0,0.0,0.0,0.0,0.0,-13.0,-5.0,-13.0,-4.0,-13.0,-5.0,-13.0,-5.0,-14.0,-5.0,-14.0,-5.0,-14.0,-5.0,-15.0,-5.0,-14.0,-5.0,-14.0,-5.0,-14.0,-5.0,-14.0,-5.0,-14.0,-5.0,-15.0,-5.0,-15.0,-5.0,-15.0,-5.0,-15.0,-4.0,-15.0,-5.0,-15.0,-5.0,-15.0,-5.0,-15.0,-5.0,-16.0,-4.0,-16.0,-4.0,-16.0,-4.0,-16.0,-4.0,-16.0,-4.0
2.4753,122.0,-96.0,7.0,0.0,0.0,0.0,0.0,0.0,0.0,0.0,0.0,0.0,20.0,9.0,19.0,8.0,16.0,7.0,13.0,6.0,9.0,5.0,4.0,5.0,-1.0,5.0,-5.0,5.0,-10.0,7.0,-14.0,8.0,-17.0,9.0,-20.0,10.0,-22.0,12.0,-23.0,14.0,-23.0,15.0,-22.0,15.0,-21.0,15.0,-18.0,14.0,-16.0,12.0,-13.0,9.0,-10.0,5.0,-8.0,1.0,-5.0,-3.0,-3.0,-8.0,-1.0,-12.0,-1.0,-17.0
2.4882,122.0,-96.0,7.0,0.0,0.0,0.0,0.0,0.0,0.0,0.0,0.0,0.0,3.0,-9.0,3.0,-9.0,3.0,-9.0,3.0,-9.0,3.0,-10.0,3.0,-10.0,3.0,-10.0,3.0,-10.0,3.0,-10.0,3.0,-10.0,3.0,-10.0,3.0,-11.0,3.0,-11.0,3.0,-11.0,2.0,-11.0,3.0,-11.0,3.0,-11.0,2.0,-11.0,2.0,-11.0,2.0,-11.0,2.0,-11.0,2.0,-11.0,2.0,-11.0,2.0,-11.0,2.0,-11.0,2.0,-11.0
2.5033,122.0,-96.0,7.0,0.0,0.0,0.0,0.0,0.0,0.0,0.0,0.0,0.0,-2.0,-26.0,-3.0,-27.0,-3.0,-28.0,-4.0,-27.0,-5.0,-27.0,-4.0,-24.0,-4.0,-21.0,-3.0,-17.0,-1.0,-13.0,2.0,-8.0,4.0,-4.0,8.0,1.0,12.0,4.0,15.0,8.0,18.0,10.0,22.0,12.0,23.0,13.0,26.0,15.0,26.0,14.0,27.0,12.0,25.0,12.0,23.0,10.0,21.0,9.0,16.0,7.0,10.0,6.0,6.0,5.0
2.5164,122.0,-96.0,7.0,0.0,0.0,0.0,0.0,0.0,0.0,0.0,0.0,0.0,-12.0,-6.0,-16.0,-10.0,-20.0,-13.0,-22.0,-15.0,-26.0,-16.0,-28.0,-17.0,-29.0,-16.0,-30.0,-15.0,-29.0,-14.0,-26.0,-13.0,-23.0,-11.0,-18.0,-10.0,-14.0,-8.0,-8.0,-8.0,-2.0,-7.0,4.0,-8.0,10.0,-9.0,16.0,-10.0,21.0,-12.0,24.0,-15.0,27.0,-16.0,28.0,-18.0,29.0,-19.0,28.0,-20.0,26.0,-21.0,23.0,-19.0
2.5303,122.0,-96.0,7.0,0.0,0.0,0.0,0.0,0.0,0.0,0.0,0.0,0.0,9.0,5.0,9.0,5.0,9.0,5.0,10.0,5.0,9.0,5.0,10.0,6.0,10.0,5.0,10.0,5.0,10.0,6.0,10.0,5.0,10.0,5.0,11.0,5.0,11.0,6.0,11.0,5.0,11.0,5.0,11.0,5.0,11.0,5.0,12.0,5.0,12.0,5.0,12.0,5.0,12.0,5.0,12.0,5.0,12.0,5.0,11.0,5.0,12.0,4.0,12.0,5.0
2.5446,122.0,-96.0,7.0,0.0,0.0,0.0,0.0,0.0,0.0,0.0,0.0,0.0,7.0,-22.0,7.0,-24.0,7.0,-24.0,6.0,-25.0,5.0,-23.0,5.0,-22.0,4.0,-19.0,4.0,-16.0,3.0,-12.0,4.0,-7.0,4.0,-2.0,6.0,3.0,8.0,7.0,9.0,11.0,11.0,15.0,13.0,17.0,14.0,19.0,15.0,21.0,17.0,21.0,17.0,20.0,17.0,20.0,16.0,17.0,14.0,15.0,11.0,12.0,8.0,10.0,4.0,7.0
2.5599,122.0,-96.0,7.0,0.0,0.0,0.0,0.0,0.0,0.0,0.0,0.0,0.0,-20.0,11.0,-18.0,11.0,-16.0,9.0,-13.0,7.0,-10.0,4.0,-8.0,1.0,-5.0,-3.0,-3.0,-7.0,-1.0,-11.0,0.0,-16.0,1.0,-19.0,1.0,-22.0,1.0,-25.0,0.0,-27.0,-1.0,-28.0,-1.0,-27.0,-2.0,-27.0,-2.0,-23.0,-2.0,-21.0,-2.0,-17.0,0.0,-13.0,1.0,-9.0,4.0,-4.0,6.0,0.0,9.0,4.0,13.0,7.0
2.5757,122.0,-96.0,7.0,0.0,0.0,0.0,0.0,0.0,0.0,0.0,0.0,0.0,-6.0,-11.0,-6.0,-11.0,-6.0,-11.0,-6.0,-12.0,-6.0,-11.0,-6.0,-12.0,-6.0,-12.0,-7.0,-12.0,-7.0,-12.0,-7.0,-12.0,-7.0,-12.0,-7.0,-12.0,-7.0,-12.0,-7.0,-12.0,-8.0,-12.0,-8.0,-12.0,-7.0,-12.0,-8.0,-12.0,-8.0,-12.0,-8.0,-12.0,-8.0,-12.0,-8.0,-12.0,-9.0,-12.0,-8.0,-12.0,-9.0,-12.0,-9.0,-12.0
2.589,122.0,-96.0,7.0,0.0,0.0,0.0,0.0,0.0,0.0,0.0,0.0,0.0,-11.0,-23.0,-13.0,-25.0,-13.0,-24.0,-14.0,-24.0,-14.0,-23.0,-13.0,-21.0,-11.0,-18.0,-8.0,-15.0,-6.0,-12.0,-1.0,-9.0,3.0,-5.0,8.0,-2.0,13.0,0.0,17.0,2.0,21.0,3.0,24.0,4.0,27.0,5.0,29.0,5.0,30.0,4.0,29.0,3.0,28.0,2.0,25.0,2.0,22.0,1.0,17.0,1.0,12.0,2.0,7.0,3.0
2.6021,122.0,-96.0,7.0,0.0,0.0,0.0,0.0,0.0,0.0,0.0,0.0,0.0,25.0,4.0,22.0,3.0,19.0,2.0,15.0,2.0,11.0,2.0,6.0,4.0,1.0,5.0,-4.0,7.0,-8.0,10.0,-12.0,12.0,-15.0,14.0,-18.0,17.0,-20.0,19.0,-20.0,21.0,-20.0,23.0,-19.0,23.0,-17.0,22.0,-15.0,20.0,-13.0,17.0,-11.0,14.0,-9.0,9.0,-7.0,4.0,-7.0,-2.0,-6.0,-7.0,-5.0,-13.0,-7.0,-18.0
2.6153,122.0,-96.0,7.0,0.0,0.0,0.0,0.0,0.0,0.0,0.0,0.0,0.0,1.0,-12.0,1.0,-12.0,1.0,-12.0,1.0,-13.0,1.0,-13.0,1.0,-13.0,1.0,-13.0,1.0,-14.0,1.0,-13.0,1.0,-13.0,1.0,-14.0,1.0,-14.0,1.0,-14.0,1.0,-14.0,1.0,-14.0,1.0,-14.0,0.0,-14.0,0.0,-14.0,1.0,-15.0,0.0,-14.0,0.0,-14.0,0.0,-14.0,0.0,-15.0,0.0,-15.0,0.0,-15.0,-1.0,-15.0
2.629,122.0,-96.0,7.0,0.0,0.0,0.0,0.0,0.0,0.0,0.0,0.0,0.0,-22.0,13.0,-23.0,15.0,-22.0,16.0,-23.0,16.0,-21.0,16.0,-20.0,15.0,-17.0,13.0,-14.0,9.0,-11.0,6.0,-9.0,1.0,-6.0,-3.0,-4.0,-9.0,-2.0,-13.0,-1.0,-18.0,0.0,-23.0,0.0,-26.0,0.0,-29.0,0.0,-30.0,-1.0,-31.0,-2.0,-31.0,-2.0,-29.0,-3.0,-26.0,-3.0,-23.0,-2.0,-18.0,-1.0,-14.0,2.0,-9.0
2.6332,98.0,33.0,22.0,0.0,0.0,0.0,0.0,0.0,0.0,0.0,0.0,0.0,-13.0,-5.0,-14.0,-4.0,-16.0,-4.0,-19.0,-3.0,-19.0,-3.0,-20.0,-2.0,-19.0,-1.0,-18.0,-1.0,-16.0,1.0,-13.0,1.0,-11.0,2.0,-7.0,3.0,-4.0,3.0,0.0,3.0,4.0,3.0,8.0,2.0,12.0,1.0,15.0,-1.0,18.0,-3.0,20.0,-4.0,21.0,-6.0,21.0,-7.0,21.0,-8.0,19.0,-8.0,17.0,-8.0,14.0,-7.0
2.6474,122.0,-96.0,7.0,0.0,0.0,0.0,0.0,0.0,0.0,0.0,0.0,0.0,7.0,-11.0,6.0,-5.0,6.0,0.0,6.0,6.0,6.0,11.0,8.0,17.0,9.0,21.0,10.0,25.0,12.0,28.0,14.0,29.0,16.0,28.0,16.0,27.0,16.0,25.0,16.0,23.0,13.0,20.0,10.0,16.0,6.0,12.0,1.0,9.0,-4.0,6.0,-10.0,3.0,-16.0,0.0,-21.0,-1.0,-26.0,-1.0,-30.0,0.0,-33.0,1.0,-35.0,1.0
2.6612,122.0,-96.0,7.0,0.0,0.0,0.0,0.0,0.0,0.0,0.0,0.0,0.0,2.0,-24.0,2.0,-24.0,2.0,-24.0,2.0,-25.0,2.0,-25.0,2.0,-25.0,2.0,-26.0,2.0,-26.0,1.0,-26.0,1.0,-27.0,2.0,-26.0,2.0,-26.0,2.0,-27.0,1.0,-27.0,1.0,-27.0,1.0,-27.0,1.0,-27.0,1.0,-27.0,1.0,-27.0,1.0,-28.0,1.0,-28.0,1.0,-27.0,1.0,-28.0,0.0,-28.0,1.0,-27.0,0.0,-28.0
2.6765,122.0,-96.0,7.0,0.0,0.0,0.0,0.0,0.0,0.0,0.0,0.0,0.0,-12.0,1.0,-12.0,1.0,-12.0,1.0,-12.0,1.0,-12.0,1.0,-13.0,2.0,-13.0,1.0,-13.0,2.0,-13.0,1.0,-13.0,2.0,-13.0,2.0,-13.0,2.0,-13.0,2.0,-13.0,2.0,-14.0,2.0,-13.0,2.0,-14.0,2.0,-13.0,2.0,-14.0,2.0,-14.0,2.0,-14.0,3.0,-14.0,3.0,-13.0,3.0,-14.0,4.0,-14.0,3.0,-14.0,4.0
2.6902,122.0,-96.0,7.0,0.0,0.0,0.0,0.0,0.0,0.0,0.0,0.0,0.0,-4.0,-12.0,-5.0,-16.0,-6.0,-20.0,-7.0,-24.0,-8.0,-26.0,-9.0,-28.0,-10.0,-28.0,-11.0,-27.0,-11.0,-25.0,-10.0,-23.0,-8.0,-19.0,-5.0,-16.0,-3.0,-12.0,0.0,-8.0,4.0,-4.0,9.0,-1.0,14.0,2.0,18.0,4.0,23.0,5.0,26.0,5.0,29.0,5.0,30.0,5.0,31.0,4.0,29.0,4.0,28.0,2.0,25.0,1.0
2.7043,122.0,-96.0,7.0,0.0,0.0,0.0,0.0,0.0,0.0,0.0,0.0,0.0,16.0,19.0,18.0,19.0,19.0,19.0,19.0,18.0,19.0,17.0,17.0,16.0,15.0,14.0,11.0,11.0,8.0,10.0,2.0,7.0,-2.0,5.0,-8.0,4.0,-13.0,3.0,-18.0,3.0,-22.0,3.0,-25.0,3.0,-28.0,4.0,-30.0,4.0,-31.0,5.0,-30.0,6.0,-29.0,6.0,-26.0,6.0,-22.0,5.0,-18.0,4.0,-13.0,1.0,-9.0,-1.0
2.7183,122.0,-96.0,7.0,0.0,0.0,0.0,0.0,0.0,0.0,0.0,0.0,0.0,0.0,-13.0,0.0,-13.0,1.0,-14.0,0.0,-14.0,0.0,-14.0,0.0,-15.0,0.0,-14.0,0.0,-15.0,0.0,-15.0,0.0,-15.0,0.0,-15.0,0.0,-15.0,0.0,-15.0,0.0,-15.0,0.0,-15.0,0.0,-16.0,-1.0,-15.0,-1.0,-16.0,0.0,-16.0,-1.0,-16.0,-1.0,-16.0,-1.0,-16.0,-1.0,-16.0,-1.0,-16.0,-1.0,-16.0,-1.0,-16.0
2.7327,122.0,-96.0,7.0,0.0,0.0,0.0,0.0,0.0,0.0,0.0,0.0,0.0,3.0,11.0,3.0,15.0,4.0,19.0,5.0,22.0,6.0,25.0,7.0,27.0,8.0,27.0,9.0,27.0,9.0,25.0,8.0,22.0,6.0,19.0,4.0,16.0,2.0,12.0,-1.0,8.0,-4.0,4.0,-9.0,0.0,-13.0,-3.0,-18.0,-6.0,-22.0,-7.0,-26.0,-8.0,-28.0,-9.0,-30.0,-8.0,-31.0,-8.0,-30.0,-7.0,-29.0,-5.0,-26.0,-4.0
2.7481,122.0,-96.0,7.0,0.0,0.0,0.0,0.0,0.0,0.0,0.0,0.0,0.0,4.0,-11.0,4.0,-6.0,5.0,-1.0,6.0,3.0,8.0,8.0,11.0,12.0,13.0,15.0,16.0,18.0,18.0,20.0,19.0,20.0,21.0,20.0,21.0,19.0,20.0,17.0,20.0,15.0,17.0,12.0,13.0,10.0,8.0,8.0,4.0,7.0,-2.0,6.0,-7.0,5.0,-12.0,5.0,-18.0,6.0,-22.0,7.0,-25.0,8.0,-27.0,10.0,-29.0,11.0
2.7614,122.0,-96.0,7.0,0.0,0.0,0.0,0.0,0.0,0.0,0.0,0.0,0.0,2.0,-15.0,1.0,-15.0,1.0,-16.0,2.0,-16.0,1.0,-15.0,2.0,-16.0,2.0,-16.0,1.0,-17.0,2.0,-16.0,1.0,-17.0,1.0,-17.0,1.0,-17.0,1.0,-17.0,1.0,-17.0,1.0,-17.0,1.0,-17.0,0.0,-18.0,0.0,-18.0,0.0,-18.0,0.0,-18.0,1.0,-18.0,0.0,-18.0,0.0,-18.0,-1.0,-18.0,-1.0,-18.0,-1.0,-19.0
2.7759,122.0,-96.0,7.0,0.0,0.0,0.0,0.0,0.0,0.0,0.0,0.0,0.0,-8.0,-8.0,-10.0,-11.0,-13.0,-14.0,-14.0,-16.0,-17.0,-17.0,-18.0,-19.0,-19.0,-19.0,-20.0,-18.0,-20.0,-17.0,-18.0,-15.0,-15.0,-13.0,-13.0,-11.0,-9.0,-9.0,-5.0,-7.0,0.0,-6.0,5.0,-5.0,10.0,-5.0,14.0,-5.0,18.0,-6.0,21.0,-6.0,24.0,-8.0,26.0,-8.0,26.0,-9.0,26.0,-10.0,24.0,-11.0,22.0,-10.0
2.79,122.0,-96.0,7.0,0.0,0.0,0.0,0.0,0.0,0.0,0.0,0.0,0.0,-12.0,19.0,-12.0,21.0,-11.0,22.0,-11.0,22.0,-10.0,21.0,-9.0,19.0,-8.0,17.0,-7.0,13.0,-6.0,10.0,-6.0,4.0,-6.0,-1.0,-6.0,-6.0,-7.0,-10.0,-8.0,-14.0,-9.0,-18.0,-11.0,-21.0,-12.0,-23.0,-13.0,-24.0,-14.0,-24.0,-15.0,-24.0,-14.0,-23.0,-13.0,-20.0,-12.0,-17.0,-9.0,-14.0,-6.0,-11.0,-2.0,-8.0
2.8028,122.0,-96.0,7.0,0.0,0.0,0.0,0.0,0.0,0.0,0.0,0.0,0.0,23.0,7.0,26.0,7.0,26.0,7.0,27.0,6.0,24.0,5.0,23.0,5.0,20.0,4.0,16.0,4.0,11.0,4.0,6.0,5.0,1.0,5.0,-4.0,7.0,-10.0,9.0,-14.0,11.0,-18.0,13.0,-21.0,14.0,-23.0,17.0,-24.0,18.0,-24.0,19.0,-23.0,19.0,-22.0,19.0,-20.0,17.0,-17.0,15.0,-13.0,12.0,-11.0,7.0,-9.0,3.0
2.8174,122.0,-96.0,7.0,0.0,0.0,0.0,0.0,0.0,0.0,0.0,0.0,0.0,-9.0,10.0,-13.0,13.0,-16.0,15.0,-19.0,18.0,-21.0,21.0,-22.0,23.0,-21.0,24.0,-21.0,25.0,-19.0,25.0,-17.0,22.0,-15.0,19.0,-13.0,15.0,-11.0,11.0,-9.0,5.0,-7.0,0.0,-7.0,-6.0,-6.0,-13.0,-6.0,-18.0,-8.0,-24.0,-9.0,-28.0,-11.0,-31.0,-12.0,-33.0,-12.0,-34.0,-14.0,-33.0,-14.0,-31.0,-13.0,-28.0
2.8317,122.0,-96.0,7.0,0.0,0.0,0.0,0.0,0.0,0.0,0.0,0.0,0.0,9.0,14.0,9.0,14.0,9.0,15.0,9.0,15.0,9.0,15.0,9.0,15.0,10.0,15.0,10.0,15.0,10.0,15.0,10.0,15.0,10.0,15.0,10.0,16.0,10.0,16.0,10.0,15.0,11.0,16.0,10.0,15.0,11.0,16.0,10.0,16.0,11.0,16.0,11.0,16.0,12.0,16.0,11.0,16.0,11.0,16.0,11.0,16.0,11.0,16.0,11.0,16.0
2.8446,122.0,-96.0,7.0,0.0,0.0,0.0,0.0,0.0,0.0,0.0,0.0,0.0,4.0,12.0,4.0,12.0,4.0,12.0,5.0,12.0,4.0,12.0,5.0,12.0,5.0,12.0,5.0,13.0,5.0,13.0,5.0,13.0,5.0,13.0,5.0,13.0,5.0,13.0,6.0,13.0,6.0,13.0,6.0,13.0,6.0,13.0,6.0,13.0,6.0,13.0,6.0,13.0,6.0,13.0,6.0,13.0,6.0,13.0,7.0,14.0,7.0,13.0,7.0,14.0
2.8595,122.0,-96.0,7.0,0.0,0.0,0.0,0.0,0.0,0.0,0.0,0.0,0.0,-20.0,-2.0,-21.0,-2.0,-20.0,-2.0,-21.0,-2.0,-21.0,-2.0,-22.0,-2.0,-22.0,-2.0,-21.0,-2.0,-22.0,-2.0,-22.0,-2.0,-22.0,-2.0,-22.0,-2.0,-22.0,-2.0,-23.0,-1.0,-23.0,-2.0,-22.0,-2.0,-23.0,-2.0,-23.0,-1.0,-23.0,-2.0,-23.0,-1.0,-23.0,-1.0,-23.0,-1.0,-23.0,-1.0,-23.0,-1.0,-23.0,-1.0,-24.0,-1.0
2.8723,122.0,-96.0,7.0,0.0,0.0,0.0,0.0,0.0,0.0,0.0,0.0,0.0,11.0,8.0,12.0,8.0,12.0,9.0,12.0,9.0,12.0,9.0,12.0,9.0,12.0,8.0,13.0,9.0,13.0,9.0,13.0,8.0,13.0,9.0,13.0,9.0,13.0,9.0,13.0,8.0,14.0,9.0,14.0,9.0,14.0,8.0,14.0,8.0,15.0,9.0,14.0,8.0,15.0,9.0,14.0,8.0,15.0,8.0,15.0,8.0,15.0,9.0,15.0,8.0
2.8886,122.0,-96.0,7.0,0.0,0.0,0.0,0.0,0.0,0.0,0.0,0.0,0.0,-26.0,-1.0,-23.0,-1.0,-20.0,0.0,-16.0,-1.0,-12.0,-2.0,-8.0,-4.0,-3.0,-6.0,1.0,-8.0,5.0,-12.0,9.0,-15.0,12.0,-17.0,14.0,-20.0,16.0,-23.0,16.0,-25.0,16.0,-26.0,15.0,-26.0,13.0,-25.0,12.0,-23.0,10.0,-20.0,8.0,-16.0,7.0,-11.0,6.0,-6.0,6.0,0.0,6.0,5.0,6.0,11.0,8.0,16.0
2.9019,122.0,-96.0,7.0,0.0,0.0,0.0,0.0,0.0,0.0,0.0,0.0,0.0,18.0,13.0,20.0,13.0,21.0,13.0,20.0,12.0,20.0,11.0,18.0,10.0,16.0,8.0,12.0,8.0,9.0,6.0,4.0,6.0,-1.0,5.0,-6.0,5.0,-11.0,5.0,-15.0,6.0,-19.0,7.0,-22.0,8.0,-24.0,9.0,-25.0,10.0,-25.0,11.0,-25.0,12.0,-24.0,12.0,-21.0,11.0,-18.0,10.0,-15.0,7.0,-11.0,4.0,-8.0,1.0
2.9161,122.0,-96.0,7.0,0.0,0.0,0.0,0.0,0.0,0.0,0.0,0.0,0.0,10.0,4.0,11.0,4.0,10.0,4.0,11.0,4.0,11.0,4.0,12.0,4.0,11.0,4.0,12.0,4.0,11.0,4.0,12.0,4.0,12.0,4.0,12.0,4.0,12.0,4.0,12.0,4.0,13.0,3.0,12.0,4.0,12.0,3.0,12.0,3.0,13.0,4.0,12.0,4.0,13.0,4.0,12.0,4.0,13.0,3.0,13.0,3.0,13.0,3.0,13.0,3.0
2.9295,122.0,-96.0,7.0,0.0,0.0,0.0,0.0,0.0,0.0,0.0,0.0,0.0,-6.0,10.0,-8.0,14.0,-11.0,17.0,-12.0,20.0,-13.0,23.0,-13.0,25.0,-13.0,25.0,-12.0,26.0,-11.0,25.0,-10.0,22.0,-9.0,18.0,-8.0,14.0,-7.0,10.0,-6.0,4.0,-6.0,-1.0,-7.0,-7.0,-9.0,-12.0,-10.0,-17.0,-13.0,-21.0,-15.0,-24.0,-16.0,-26.0,-18.0,-26.0,-19.0,-26.0,-18.0,-25.0,-18.0,-23.0,-17.0,-20.0
2.9433,122.0,-96.0,7.0,0.0,0.0,0.0,0.0,0.0,0.0,0.0,0.0,0.0,10.0,-5.0,11.0,-5.0,11.0,-5.0,11.0,-6.0,11.0,-5.0,11.0,-6.0,11.0,-6.0,11.0,-6.0,11.0,-6.0,11.0,-6.0,11.0,-6.0,11.0,-6.0,11.0,-6.0,12.0,-6.0,12.0,-7.0,12.0,-7.0,12.0,-7.0,11.0,-7.0,11.0,-7.0,12.0,-7.0,12.0,-7.0,12.0,-7.0,11.0,-7.0,12.0,-8.0,12.0,-8.0,12.0,-8.0
2.9582,122.0,-96.0,7.0,0.0,0.0,0.0,0.0,0.0,0.0,0.0,0.0,0.0,5.0,8.0,7.0,12.0,8.0,16.0,10.0,18.0,11.0,20.0,13.0,21.0,14.0,21.0,14.0,21.0,14.0,19.0,13.0,17.0,11.0,15.0,8.0,13.0,5.0,9.0,1.0,7.0,-3.0,4.0,-7.0,2.0,-12.0,1.0,-17.0,0.0,-21.0,-1.0,-24.0,0.0,-27.0,0.0,-28.0,1.0,-29.0,1.0,-28.0,2.0,-27.0,3.0,-24.0,3.0
2.9713,122.0,-96.0,7.0,0.0,0.0,0.0,0.0,0.0,0.0,0.0,0.0,0.0,6.0,-9.0,5.0,-5.0,5.0,1.0,5.0,5.0,6.0,11.0,8.0,15.0,9.0,18.0,11.0,22.0,13.0,24.0,14.0,25.0,15.0,24.0,16.0,23.0,16.0,21.0,15.0,19.0,12.0,16.0,10.0,13.0,5.0,10.0,0.0,7.0,-5.0,5.0,-10.0,3.0,-15.0,2.0,-20.0,1.0,-24.0,2.0,-28.0,3.0,-30.0,4.0,-31.0,4.0
2.9761,98.0,33.0,22.0,0.0,0.0,0.0,0.0,0.0,0.0,0.0,0.0,0.0,-25.0,-2.0,-25.0,-2.0,-25.0,-2.0,-23.0,-1.0,-21.0,0.0,-18.0,0.0,-14.0,2.0,-9.0,3.0,-5.0,4.0,0.0,5.0,4.0,6.0,9.0,6.0,14.0,5.0,17.0,4.0,21.0,2.0,23.0,0.0,25.0,-2.0,26.0,-3.0,25.0,-5.0,24.0,-6.0,21.0,-7.0,18.0,-6.0,13.0,-5.0,8.0,-3.0,2.0,-1.0,-3.0,3.0
2.9918,122.0,-96.0,7.0,0.0,0.0,0.0,0.0,0.0,0.0,0.0,0.0,0.0,10.0,-8.0,10.0,-8.0,10.0,-8.0,11.0,-9.0,10.0,-8.0,11.0,-9.0,11.0,-9.0,11.0,-10.0,11.0,-9.0,11.0,-10.0,11.0,-10.0,11.0,-10.0,11.0,-10.0,11.0,-10.0,11.0,-10.0,11.0,-10.0,12.0,-10.0,11.0,-10.0,11.0,-10.0,11.0,-10.0,11.0,-10.0,11.0,-10.0,11.0,-11.0,11.0,-11.0,11.0,-11.0,11.0,-11.0
3.0051,122.0,-96.0,7.0,0.0,0.0,0.0,0.0,0.0,0.0,0.0,0.0,0.0,-11.0,-1.0,-15.0,-3.0,-18.0,-3.0,-21.0,-4.0,-24.0,-4.0,-26.0,-3.0,-26.0,-3.0,-26.0,-2.0,-25.0,-1.0,-23.0,-1.0,-19.0,-1.0,-16.0,-2.0,-12.0,-2.0,-7.0,-4.0,-2.0,-5.0,2.0,-8.0,6.0,-11.0,10.0,-13.0,13.0,-16.0,15.0,-19.0,16.0,-21.0,17.0,-22.0,16.0,-23.0,15.0,-23.0,13.0,-23.0,12.0,-21.0
3.0192,122.0,-96.0,7.0,0.0,0.0,0.0,0.0,0.0,0.0,0.0,0.0,0.0,9.0,4.0,9.0,4.0,9.0,4.0,9.0,4.0,9.0,4.0,10.0,4.0,10.0,4.0,10.0,4.0,10.0,4.0,10.0,4.0,10.0,4.0,10.0,5.0,10.0,4.0,10.0,4.0,11.0,4.0,10.0,4.0,10.0,4.0,11.0,4.0,11.0,4.0,11.0,4.0,11.0,4.0,11.0,4.0,11.0,4.0,11.0,4.0,11.0,4.0,11.0,4.0
3.0336,122.0,-96.0,7.0,0.0,0.0,0.0,0.0,0.0,0.0,0.0,0.0,0.0,-7.0,-11.0,-8.0,-15.0,-9.0,-19.0,-11.0,-22.0,-12.0,-24.0,-14.0,-26.0,-15.0,-26.0,-16.0,-25.0,-16.0,-23.0,-14.0,-20.0,-11.0,-18.0,-8.0,-15.0,-5.0,-12.0,-1.0,-8.0,3.0,-5.0,9.0,-3.0,14.0,-1.0,18.0,0.0,24.0,1.0,26.0,1.0,29.0,0.0,30.0,0.0,31.0,-1.0,29.0,-2.0,28.0,-3.0,25.0,-3.0
3.0482,122.0,-96.0,7.0,0.0,0.0,0.0,0.0,0.0,0.0,0.0,0.0,0.0,-8.0,6.0,-12.0,8.0,-15.0,9.0,-18.0,11.0,-20.0,13.0,-21.0,15.0,-21.0,16.0,-20.0,17.0,-19.0,16.0,-17.0,15.0,-15.0,13.0,-13.0,10.0,-10.0,7.0,-8.0,3.0,-6.0,-1.0,-5.0,-6.0,-4.0,-11.0,-3.0,-15.0,-3.0,-20.0,-4.0,-23.0,-5.0,-26.0,-5.0,-27.0,-7.0,-28.0,-7.0,-27.0,-8.0,-26.0,-8.0,-24.0
3.0607,122.0,-96.0,7.0,0.0,0.0,0.0,0.0,0.0,0.0,0.0,0.0,0.0,-11.0,2.0,-15.0,1.0,-18.0,1.0,-21.0,1.0,-24.0,2.0,-26.0,3.0,-26.0,3.0,-26.0,4.0,-25.0,5.0,-22.0,4.0,-20.0,3.0,-16.0,2.0,-13.0,1.0,-9.0,-2.0,-4.0,-4.0,-1.0,-8.0,2.0,-11.0,5.0,-14.0,8.0,-19.0,9.0,-21.0,10.0,-24.0,10.0,-25.0,9.0,-27.0,8.0,-27.0,7.0,-26.0,6.0,-24.0
3.074,122.0,-96.0,7.0,0.0,0.0,0.0,0.0,0.0,0.0,0.0,0.0,0.0,-13.0,4.0,-9.0,0.0,-5.0,-4.0,-3.0,-9.0,0.0,-14.0,1.0,-20.0,1.0,-24.0,1.0,-28.0,1.0,-31.0,1.0,-33.0,-1.0,-34.0,-1.0,-33.0,-2.0,-32.0,-4.0,-29.0,-3.0,-26.0,-2.0,-21.0,-1.0,-16.0,2.0,-11.0,5.0,-5.0,8.0,0.0,13.0,4.0,17.0,8.0,21.0,11.0,25.0,12.0,28.0,14.0,30.0,14.0
3.0881,122.0,-96.0,7.0,0.0,0.0,0.0,0.0,0.0,0.0,0.0,0.0,0.0,10.0,-1.0,14.0,-1.0,17.0,0.0,21.0,0.0,23.0,-1.0,25.0,-1.0,26.0,-2.0,25.0,-3.0,24.0,-3.0,22.0,-3.0,19.0,-2.0,15.0,-2.0,12.0,-1.0,8.0,1.0,3.0,3.0,-1.0,6.0,-4.0,10.0,-7.0,13.0,-10.0,17.0,-12.0,20.0,-12.0,22.0,-13.0,24.0,-12.0,25.0,-12.0,25.0,-10.0,25.0,-9.0,23.0
3.1018,122.0,-96.0,7.0,0.0,0.0,0.0,0.0,0.0,0.0,0.0,0.0,0.0,11.0,6.0,11.0,6.0,11.0,6.0,11.0,6.0,12.0,6.0,12.0,6.0,12.0,6.0,12.0,6.0,12.0,6.0,12.0,7.0,12.0,7.0,12.0,7.0,12.0,7.0,13.0,6.0,13.0,6.0,13.0,6.0,13.0,6.0,14.0,6.0,13.0,6.0,13.0,6.0,14.0,6.0,14.0,6.0,14.0,6.0,14.0,6.0,13.0,6.0,14.0,5.0
3.1169,122.0,-96.0,7.0,0.0,0.0,0.0,0.0,0.0,0.0,0.0,0.0,0.0,-3.0,12.0,-4.0,12.0,-5.0,12.0,-4.0,13.0,-4.0,13.0,-5.0,13.0,-4.0,14.0,-3.0,13.0,-4.0,13.0,-4.0,13.0,-5.0,13.0,-5.0,14.0,-4.0,13.0,-4.0,15.0,-3.0,15.0,-4.0,14.0,-3.0,15.0,-3.0,15.0,-3.0,15.0,-3.0,15.0,-3.0,14.0,-3.0,14.0,-3.0,15.0,-3.0,15.0,-3.0,15.0,-2.0,15.0
3.1309,122.0,-96.0,7.0,0.0,0.0,0.0,0.0,0.0,0.0,0.0,0.0,0.0,2.0,11.0,1.0,16.0,2.0,19.0,2.0,23.0,3.0,26.0,3.0,27.0,5.0,28.0,5.0,28.0,6.0,26.0,5.0,23.0,4.0,20.0,2.0,16.0,0.0,12.0,-2.0,8.0,-5.0,3.0,-9.0,-1.0,-13.0,-5.0,-17.0,-8.0,-21.0,-10.0,-24.0,-12.0,-27.0,-13.0,-29.0,-12.0,-30.0,-12.0,-29.0,-11.0,-28.0,-9.0,-26.0,-8.0
3.1485,122.0,-96.0,7.0,0.0,0.0,0.0,0.0,0.0,0.0,0.0,0.0,0.0,9.0,-6.0,12.0,-7.0,16.0,-9.0,18.0,-10.0,21.0,-11.0,22.0,-13.0,22.0,-14.0,21.0,-14.0,20.0,-15.0,18.0,-13.0,16.0,-11.0,13.0,-8.0,10.0,-5.0,7.0,-2.0,4.0,2.0,2.0,6.0,0.0,11.0,-1.0,16.0,-1.0,20.0,-1.0,23.0,-1.0,26.0,0.0,27.0,0.0,28.0,1.0,27.0,2.0,26.0,2.0,23.0
3.1611,122.0,-96.0,7.0,0.0,0.0,0.0,0.0,0.0,0.0,0.0,0.0,0.0,11.0,1.0,11.0,2.0,12.0,2.0,12.0,2.0,12.0,2.0,12.0,1.0,12.0,2.0,12.0,1.0,12.0,2.0,12.0,1.0,12.0,1.0,13.0,1.0,12.0,1.0,13.0,1.0,13.0,1.0,13.0,1.0,13.0,0.0,13.0,1.0,13.0,1.0,13.0,1.0,14.0,0.0,13.0,1.0,13.0,0.0,14.0,0.0,14.0,0.0,14.0,0.0
3.1743,122.0,-96.0,7.0,0.0,0.0,0.0,0.0,0.0,0.0,0.0,0.0,0.0,-6.0,11.0,-6.0,6.0,-6.0,0.0,-8.0,-6.0,-10.0,-11.0,-13.0,-16.0,-15.0,-19.0,-18.0,-23.0,-20.0,-25.0,-22.0,-25.0,-23.0,-24.0,-24.0,-23.0,-23.0,-21.0,-22.0,-19.0,-19.0,-17.0,-15.0,-14.0,-10.0,-12.0,-4.0,-8.0,2.0,-7.0,7.0,-5.0,14.0,-6.0,19.0,-6.0,24.0,-8.0,28.0,-9.0,30.0,-10.0,32.0,-11.0
3.1871,122.0,-96.0,7.0,0.0,0.0,0.0,0.0,0.0,0.0,0.0,0.0,0.0,-4.0,10.0,-5.0,5.0,-6.0,0.0,-8.0,-5.0,-10.0,-9.0,-13.0,-13.0,-15.0,-16.0,-18.0,-18.0,-21.0,-20.0,-22.0,-20.0,-22.0,-20.0,-23.0,-19.0,-22.0,-17.0,-21.0,-15.0,-17.0,-13.0,-13.0,-11.0,-9.0,-9.0,-4.0,-7.0,2.0,-7.0,8.0,-6.0,13.0,-6.0,18.0,-7.0,22.0,-9.0,25.0,-10.0,27.0,-12.0,27.0,-13.0
3.2002,122.0,-96.0,7.0,0.0,0.0,0.0,0.0,0.0,0.0,0.0,0.0,0.0,-12.0,-8.0,-15.0,-12.0,-18.0,-16.0,-21.0,-18.0,-24.0,-20.0,-26.0,-20.0,-27.0,-20.0,-27.0,-19.0,-27.0,-17.0,-24.0,-15.0,-20.0,-14.0,-16.0,-12.0,-11.0,-10.0,-5.0,-8.0,0.0,-7.0,6.0,-7.0,13.0,-7.0,19.0,-8.0,24.0,-9.0,27.0,-11.0,30.0,-12.0,31.0,-13.0,32.0,-15.0,31.0,-15.0,29.0,-16.0,25.0,-15.0
3.2157,122.0,-96.0,7.0,0.0,0.0,0.0,0.0,0.0,0.0,0.0,0.0,0.0,-9.0,-7.0,-9.0,-8.0,-9.0,-8.0,-8.0,-8.0,-9.0,-7.0,-10.0,-9.0,-10.0,-8.0,-9.0,-8.0,-11.0,-9.0,-11.0,-9.0,-11.0,-9.0,-11.0,-9.0,-11.0,-9.0,-11.0,-9.0,-11.0,-8.0,-11.0,-9.0,-11.0,-9.0,-11.0,-8.0,-12.0,-9.0,-12.0,-8.0,-12.0,-8.0,-11.0,-8.0,-12.0,-8.0,-12.0,-9.0,-12.0,-9.0,-12.0,-8.0
3.2281,122.0,-96.0,7.0,0.0,0.0,0.0,0.0,0.0,0.0,0.0,0.0,0.0,2.0,11.0,-1.0,7.0,-5.0,3.0,-10.0,-1.0,-15.0,-4.0,-19.0,-6.0,-24.0,-7.0,-28.0,-8.0,-31.0,-8.0,-33.0,-7.0,-33.0,-6.0,-32.0,-5.0,-31.0,-4.0,-28.0,-2.0,-24.0,-2.0,-19.0,-2.0,-13.0,-4.0,-8.0,-5.0,-2.0,-8.0,4.0,-11.0,9.0,-14.0,13.0,-18.0,16.0,-22.0,17.0,-26.0,18.0,-28.0,18.0,-30.0
3.2422,122.0,-96.0,7.0,0.0,0.0,0.0,0.0,0.0,0.0,0.0,0.0,0.0,-20.0,11.0,-21.0,13.0,-21.0,14.0,-20.0,14.0,-19.0,14.0,-18.0,13.0,-15.0,11.0,-13.0,9.0,-10.0,6.0,-8.0,2.0,-6.0,-2.0,-4.0,-7.0,-2.0,-12.0,-1.0,-16.0,-1.0,-20.0,0.0,-23.0,0.0,-26.0,-1.0,-27.0,-2.0,-28.0,-3.0,-28.0,-3.0,-27.0,-3.0,-24.0,-3.0,-22.0,-2.0,-18.0,-1.0,-13.0,0.0,-10.0
3.2557,122.0,-96.0,7.0,0.0,0.0,0.0,0.0,0.0,0.0,0.0,0.0,0.0,10.0,22.0,12.0,23.0,13.0,24.0,13.0,23.0,13.0,22.0,12.0,20.0,11.0,17.0,8.0,14.0,5.0,11.0,0.0,8.0,-4.0,4.0,-9.0,2.0,-14.0,0.0,-18.0,-2.0,-23.0,-3.0,-25.0,-3.0,-28.0,-4.0,-31.0,-4.0,-31.0,-2.0,-31.0,-1.0,-29.0,-1.0,-26.0,0.0,-23.0,0.0,-18.0,-1.0,-13.0,-2.0,-9.0,-4.0
3.2694,122.0,-96.0,7.0,0.0,0.0,0.0,0.0,0.0,0.0,0.0,0.0,0.0,8.0,-21.0,8.0,-21.0,8.0,-22.0,8.0,-22.0,8.0,-22.0,8.0,-22.0,8.0,-23.0,8.0,-23.0,8.0,-24.0,8.0,-23.0,8.0,-23.0,9.0,-23.0,8.0,-24.0,8.0,-24.0,8.0,-24.0,8.0,-24.0,8.0,-24.0,8.0,-25.0,8.0,-24.0,7.0,-25.0,8.0,-25.0,8.0,-24.0,8.0,-26.0,8.0,-25.0,8.0,-24.0,8.0,-25.0
3.2833,122.0,-96.0,7.0,0.0,0.0,0.0,0.0,0.0,0.0,0.0,0.0,0.0,10.0,1.0,10.0,1.0,10.0,1.0,10.0,1.0,10.0,1.0,11.0,1.0,11.0,1.0,11.0,1.0,11.0,1.0,11.0,1.0,11.0,1.0,11.0,1.0,11.0,1.0,11.0,0.0,11.0,1.0,11.0,0.0,12.0,0.0,11.0,0.0,12.0,1.0,12.0,0.0,12.0,0.0,12.0,0.0,12.0,0.0,12.0,0.0,12.0,0.0,12.0,0.0
3.2968,122.0,-96.0,7.0,0.0,0.0,0.0,0.0,0.0,0.0,0.0,0.0,0.0,25.0,-4.0,27.0,-5.0,27.0,-6.0,27.0,-6.0,25.0,-6.0,23.0,-6.0,20.0,-5.0,17.0,-4.0,13.0,-2.0,8.0,1.0,4.0,4.0,0.0,7.0,-4.0,11.0,-7.0,15.0,-10.0,19.0,-12.0,21.0,-13.0,24.0,-13.0,26.0,-13.0,28.0,-12.0,28.0,-12.0,27.0,-10.0,25.0,-9.0,22.0,-7.0,17.0,-6.0,13.0,-6.0,8.0
3.3133,122.0,-96.0,7.0,0.0,0.0,0.0,0.0,0.0,0.0,0.0,0.0,0.0,-7.0,9.0,-7.0,9.0,-7.0,9.0,-7.0,9.0,-7.0,9.0,-8.0,10.0,-7.0,10.0,-7.0,11.0,-7.0,10.0,-7.0,10.0,-8.0,10.0,-8.0,11.0,-8.0,11.0,-7.0,11.0,-7.0,11.0,-7.0,11.0,-7.0,10.0,-7.0,12.0,-7.0,11.0,-7.0,11.0,-7.0,11.0,-7.0,11.0,-7.0,13.0,-7.0,12.0,-7.0,12.0,-7.0,12.0
3.3266,122.0,-96.0,7.0,0.0,0.0,0.0,0.0,0.0,0.0,0.0,0.0,0.0,-9.0,-9.0,-12.0,-12.0,-14.0,-16.0,-16.0,-18.0,-18.0,-20.0,-20.0,-21.0,-21.0,-21.0,-22.0,-20.0,-21.0,-19.0,-19.0,-17.0,-16.0,-14.0,-12.0,-13.0,-9.0,-10.0,-4.0,-8.0,1.0,-6.0,7.0,-5.0,12.0,-5.0,17.0,-4.0,22.0,-5.0,25.0,-6.0,28.0,-7.0,29.0,-7.0,30.0,-8.0,29.0,-9.0,27.0,-10.0,24.0,-9.0
3.3415,122.0,-96.0,7.0,0.0,0.0,0.0,0.0,0.0,0.0,0.0,0.0,0.0,-8.0,-10.0,-10.0,-14.0,-12.0,-17.0,-14.0,-20.0,-16.0,-22.0,-18.0,-23.0,-19.0,-23.0,-19.0,-22.0,-19.0,-21.0,-17.0,-19.0,-14.0,-16.0,-11.0,-14.0,-8.0,-11.0,-3.0,-8.0,2.0,-6.0,7.0,-5.0,13.0,-3.0,17.0,-2.0,23.0,-3.0,26.0,-3.0,29.0,-4.0,30.0,-4.0,30.0,-6.0,30.0,-6.0,28.0,-7.0,25.0,-7.0
3.3551,122.0,-96.0,7.0,0.0,0.0,0.0,0.0,0.0,0.0,0.0,0.0,0.0,20.0,-11.0,17.0,-10.0,16.0,-10.0,12.0,-7.0,10.0,-5.0,6.0,-1.0,4.0,3.0,1.0,7.0,-1.0,11.0,-2.0,15.0,-3.0,18.0,-4.0,21.0,-4.0,24.0,-3.0,26.0,-2.0,27.0,-1.0,26.0,0.0,24.0,0.0,23.0,0.0,19.0,-1.0,16.0,-2.0,11.0,-4.0,6.0,-6.0,2.0,-8.0,-3.0,-11.0,-7.0,-14.0,-10.0
3.3694,122.0,-96.0,7.0,0.0,0.0,0.0,0.0,0.0,0.0,0.0,0.0,0.0,16.0,-16.0,17.0,-18.0,17.0,-19.0,16.0,-19.0,15.0,-18.0,13.0,-17.0,12.0,-15.0,10.0,-12.0,8.0,-8.0,6.0,-3.0,5.0,1.0,4.0,6.0,4.0,11.0,3.0,15.0,3.0,19.0,4.0,22.0,5.0,24.0,5.0,26.0,6.0,26.0,7.0,26.0,7.0,25.0,7.0,22.0,6.0,19.0,4.0,15.0,2.0,11.0,-1.0,7.0
3.3837,122.0,-96.0,7.0,0.0,0.0,0.0,0.0,0.0,0.0,0.0,0.0,0.0,6.0,11.0,6.0,11.0,6.0,11.0,7.0,11.0,6.0,11.0,7.0,12.0,6.0,12.0,7.0,11.0,7.0,12.0,7.0,12.0,7.0,12.0,7.0,12.0,7.0,12.0,7.0,12.0,8.0,12.0,8.0,12.0,8.0,12.0,7.0,12.0,8.0,12.0,8.0,12.0,8.0,12.0,8.0,12.0,9.0,12.0,8.0,13.0,9.0,12.0,9.0,12.0
3.3982,122.0,-96.0,7.0,0.0,0.0,0.0,0.0,0.0,0.0,0.0,0.0,0.0,-2.0,22.0,-1.0,24.0,-1.0,25.0,0.0,24.0,0.0,23.0,1.0,21.0,0.0,18.0,-1.0,15.0,-1.0,11.0,-4.0,7.0,-5.0,2.0,-8.0,-2.0,-11.0,-6.0,-14.0,-9.0,-16.0,-12.0,-19.0,-14.0,-21.0,-16.0,-22.0,-16.0,-23.0,-16.0,-24.0,-15.0,-23.0,-14.0,-21.0,-12.0,-19.0,-10.0,-14.0,-9.0,-10.0,-7.0,-5.0,-6.0
3.4109,122.0,-96.0,7.0,0.0,0.0,0.0,0.0,0.0,0.0,0.0,0.0,0.0,-11.0,1.0,-15.0,1.0,-19.0,1.0,-21.0,1.0,-24.0,2.0,-26.0,3.0,-26.0,3.0,-26.0,5.0,-25.0,5.0,-23.0,4.0,-20.0,4.0,-16.0,2.0,-13.0,1.0,-9.0,-2.0,-5.0,-4.0,-1.0,-8.0,2.0,-12.0,5.0,-15.0,7.0,-19.0,8.0,-22.0,9.0,-24.0,9.0,-26.0,9.0,-28.0,7.0,-27.0,6.0,-27.0,5.0,-25.0
3.4238,122.0,-96.0,7.0,0.0,0.0,0.0,0.0,0.0,0.0,0.0,0.0,0.0,-6.0,25.0,-5.0,27.0,-5.0,27.0,-5.0,26.0,-4.0,25.0,-3.0,24.0,-3.0,20.0,-3.0,16.0,-4.0,12.0,-5.0,6.0,-6.0,1.0,-9.0,-4.0,-11.0,-9.0,-13.0,-13.0,-16.0,-16.0,-18.0,-19.0,-20.0,-21.0,-22.0,-22.0,-23.0,-22.0,-23.0,-20.0,-22.0,-20.0,-20.0,-17.0,-18.0,-15.0,-14.0,-12.0,-9.0,-9.0,-5.0,-8.0
3.4283,98.0,33.0,22.0,0.0,0.0,0.0,0.0,0.0,0.0,0.0,0.0,0.0,16.0,-19.0,16.0,-20.0,13.0,-20.0,14.0,-19.0,10.0,-17.0,6.0,-14.0,5.0,-11.0,2.0,-10.0,-2.0,-8.0,-4.0,-3.0,-9.0,0.0,-10.0,5.0,-12.0,7.0,-14.0,11.0,-16.0,13.0,-15.0,16.0,-15.0,21.0,-14.0,23.0,-12.0,23.0,-11.0,22.0,-10.0,21.0,-8.0,19.0,-6.0,14.0,-4.0,9.0,-1.0,3.0,-1.0,-4.0
3.4484,122.0,-96.0,7.0,0.0,0.0,0.0,0.0,0.0,0.0,0.0,0.0,0.0,11.0,7.0,14.0,10.0,17.0,13.0,21.0,16.0,23.0,17.0,26.0,18.0,27.0,17.0,28.0,16.0,27.0,15.0,24.0,13.0,21.0,12.0,16.0,10.0,12.0,8.0,6.0,7.0,0.0,6.0,-6.0,6.0,-13.0,7.0,-18.0,7.0,-23.0,10.0,-27.0,11.0,-30.0,13.0,-32.0,14.0,-32.0,16.0,-31.0,16.0,-29.0,17.0,-27.0,16.0
3.461,122.0,-96.0,7.0,0.0,0.0,0.0,0.0,0.0,0.0,0.0,0.0,0.0,-12.0,-2.0,-12.0,-3.0,-12.0,-2.0,-12.0,-2.0,-13.0,-2.0,-13.0,-2.0,-13.0,-2.0,-13.0,-2.0,-14.0,-2.0,-14.0,-2.0,-14.0,-2.0,-14.0,-2.0,-14.0,-3.0,-14.0,-2.0,-14.0,-2.0,-14.0,-2.0,-14.0,-2.0,-14.0,-1.0,-14.0,-2.0,-14.0,-1.0,-14.0,-1.0,-14.0,-1.0,-14.0,-1.0,-15.0,-1.0,-15.0,-1.0,-15.0,-1.0
3.4759,122.0,-96.0,7.0,0.0,0.0,0.0,0.0,0.0,0.0,0.0,0.0,0.0,-9.0,6.0,-9.0,6.0,-9.0,6.0,-9.0,6.0,-9.0,6.0,-9.0,6.0,-10.0,6.0,-9.0,7.0,-9.0,7.0,-9.0,7.0,-9.0,7.0,-10.0,7.0,-10.0,7.0,-9.0,8.0,-10.0,7.0,-10.0,7.0,-10.0,7.0,-9.0,8.0,-9.0,8.0,-10.0,8.0,-10.0,8.0,-10.0,8.0,-9.0,8.0,-10.0,8.0,-9.0,8.0,-10.0,8.0
3.4889,122.0,-96.0,7.0,0.0,0.0,0.0,0.0,0.0,0.0,0.0,0.0,0.0,0.0,-24.0,-1.0,-25.0,-2.0,-25.0,-2.0,-25.0,-3.0,-24.0,-3.0,-22.0,-3.0,-19.0,-1.0,-15.0,0.0,-11.0,2.0,-7.0,5.0,-2.0,8.0,2.0,11.0,5.0,14.0,8.0,17.0,11.0,19.0,12.0,22.0,13.0,23.0,14.0,24.0,13.0,23.0,12.0,23.0,11.0,20.0,9.0,17.0,8.0,12.0,6.0,8.0,5.0,3.0,5.0
3.5049,122.0,-96.0,7.0,0.0,0.0,0.0,0.0,0.0,0.0,0.0,0.0,0.0,-11.0,-6.0,-11.0,-6.0,-11.0,-6.0,-11.0,-6.0,-11.0,-6.0,-12.0,-6.0,-12.0,-6.0,-12.0,-6.0,-12.0,-6.0,-12.0,-6.0,-12.0,-6.0,-13.0,-6.0,-12.0,-6.0,-13.0,-6.0,-13.0,-6.0,-13.0,-6.0,-13.0,-6.0,-13.0,-6.0,-13.0,-6.0,-13.0,-6.0,-13.0,-6.0,-13.0,-5.0,-13.0,-6.0,-14.0,-5.0,-14.0,-6.0,-14.0,-5.0
3.517,122.0,-96.0,7.0,0.0,0.0,0.0,0.0,0.0,0.0,0.0,0.0,0.0,-8.0,9.0,-11.0,12.0,-14.0,15.0,-16.0,17.0,-18.0,20.0,-18.0,22.0,-18.0,22.0,-17.0,23.0,-16.0,22.0,-14.0,20.0,-13.0,17.0,-11.0,13.0,-9.0,9.0,-8.0,4.0,-6.0,-1.0,-6.0,-7.0,-6.0,-13.0,-7.0,-18.0,-8.0,-22.0,-10.0,-25.0,-11.0,-28.0,-12.0,-29.0,-13.0,-30.0,-13.0,-28.0,-14.0,-27.0,-13.0,-24.0
3.5298,122.0,-96.0,7.0,0.0,0.0,0.0,0.0,0.0,0.0,0.0,0.0,0.0,0.0,12.0,1.0,11.0,0.0,12.0,1.0,13.0,0.0,13.0,1.0,13.0,1.0,13.0,2.0,13.0,1.0,13.0,1.0,13.0,0.0,13.0,1.0,14.0,1.0,13.0,1.0,15.0,1.0,14.0,1.0,13.0,1.0,14.0,1.0,14.0,1.0,14.0,2.0,14.0,2.0,14.0,2.0,14.0,2.0,14.0,2.0,15.0,1.0,15.0,2.0,15.0
3.5453,122.0,-96.0,7.0,0.0,0.0,0.0,0.0,0.0,0.0,0.0,0.0,0.0,-3.0,10.0,-3.0,9.0,-3.0,10.0,-3.0,10.0,-3.0,10.0,-3.0,10.0,-3.0,11.0,-3.0,11.0,-3.0,11.0,-3.0,11.0,-3.0,11.0,-3.0,11.0,-3.0,11.0,-3.0,11.0,-2.0,11.0,-3.0,11.0,-2.0,11.0,-3.0,11.0,-3.0,12.0,-3.0,12.0,-2.0,12.0,-2.0,12.0,-2.0,12.0,-2.0,12.0,-2.0,12.0,-2.0,12.0
3.5593,122.0,-96.0,7.0,0.0,0.0,0.0,0.0,0.0,0.0,0.0,0.0,0.0,-7.0,-9.0,-9.0,-13.0,-11.0,-16.0,-12.0,-18.0,-14.0,-20.0,-15.0,-21.0,-16.0,-22.0,-17.0,-21.0,-17.0,-19.0,-15.0,-17.0,-13.0,-15.0,-10.0,-13.0,-7.0,-10.0,-2.0,-8.0,2.0,-5.0,6.0,-4.0,11.0,-3.0,16.0,-2.0,20.0,-2.0,23.0,-2.0,26.0,-3.0,27.0,-4.0,28.0,-5.0,27.0,-5.0,25.0,-6.0,23.0,-6.0
3.5736,122.0,-96.0,7.0,0.0,0.0,0.0,0.0,0.0,0.0,0.0,0.0,0.0,18.0,-14.0,19.0,-15.0,19.0,-16.0,19.0,-16.0,17.0,-16.0,16.0,-14.0,14.0,-13.0,11.0,-10.0,9.0,-6.0,7.0,-2.0,4.0,2.0,3.0,7.0,1.0,12.0,0.0,15.0,0.0,20.0,0.0,22.0,0.0,25.0,0.0,27.0,1.0,27.0,2.0,27.0,2.0,26.0,2.0,23.0,2.0,20.0,1.0,15.0,0.0,11.0,-2.0,7.0
3.5862,122.0,-96.0,7.0,0.0,0.0,0.0,0.0,0.0,0.0,0.0,0.0,0.0,7.0,27.0,6.0,25.0,5.0,21.0,3.0,16.0,1.0,12.0,-2.0,7.0,-7.0,3.0,-11.0,-1.0,-16.0,-5.0,-20.0,-7.0,-24.0,-9.0,-28.0,-10.0,-31.0,-10.0,-33.0,-9.0,-34.0,-9.0,-33.0,-8.0,-31.0,-6.0,-28.0,-5.0,-24.0,-4.0,-19.0,-5.0,-12.0,-5.0,-6.0,-6.0,0.0,-9.0,6.0,-11.0,11.0,-13.0,16.0,-17.0
3.5996,122.0,-96.0,7.0,0.0,0.0,0.0,0.0,0.0,0.0,0.0,0.0,0.0,8.0,9.0,8.0,9.0,8.0,9.0,9.0,10.0,9.0,10.0,9.0,10.0,9.0,10.0,9.0,10.0,10.0,10.0,9.0,10.0,9.0,11.0,9.0,11.0,9.0,11.0,9.0,10.0,10.0,10.0,10.0,10.0,10.0,10.0,11.0,10.0,10.0,9.0,10.0,10.0,11.0,10.0,11.0,10.0,11.0,10.0,11.0,10.0,11.0,10.0,11.0,10.0
3.6141,122.0,-96.0,7.0,0.0,0.0,0.0,0.0,0.0,0.0,0.0,0.0,0.0,7.0,-9.0,6.0,-4.0,5.0,1.0,5.0,6.0,5.0,11.0,6.0,16.0,7.0,20.0,8.0,23.0,10.0,25.0,11.0,26.0,13.0,26.0,13.0,25.0,13.0,23.0,13.0,21.0,11.0,18.0,8.0,14.0,5.0,11.0,0.0,8.0,-5.0,5.0,-9.0,2.0,-14.0,0.0,-19.0,-1.0,-23.0,-1.0,-27.0,-1.0,-30.0,-1.0,-31.0,0.0
3.6277,122.0,-96.0,7.0,0.0,0.0,0.0,0.0,0.0,0.0,0.0,0.0,0.0,20.0,11.0,22.0,11.0,22.0,11.0,22.0,10.0,21.0,9.0,19.0,8.0,16.0,7.0,12.0,6.0,8.0,5.0,3.0,5.0,-1.0,5.0,-6.0,6.0,-11.0,7.0,-15.0,7.0,-19.0,9.0,-21.0,10.0,-24.0,12.0,-25.0,12.0,-25.0,14.0,-24.0,14.0,-22.0,13.0,-19.0,12.0,-16.0,10.0,-13.0,7.0,-10.0,4.0,-7.0,0.0
3.642,122.0,-96.0,7.0,0.0,0.0,0.0,0.0,0.0,0.0,0.0,0.0,0.0,1.0,-13.0,3.0,-7.0,6.0,-2.0,9.0,3.0,12.0,7.0,17.0,11.0,20.0,14.0,23.0,16.0,26.0,17.0,28.0,17.0,29.0,16.0,28.0,15.0,27.0,13.0,25.0,11.0,21.0,9.0,16.0,8.0,10.0,7.0,4.0,6.0,-2.0,7.0,-8.0,7.0,-15.0,9.0,-20.0,11.0,-24.0,14.0,-26.0,17.0,-28.0,19.0,-28.0,20.0
3.6566,122.0,-96.0,7.0,0.0,0.0,0.0,0.0,0.0,0.0,0.0,0.0,0.0,1.0,-11.0,1.0,-11.0,1.0,-11.0,0.0,-11.0,0.0,-12.0,0.0,-12.0,0.0,-12.0,0.0,-12.0,-1.0,-12.0,0.0,-12.0,0.0,-13.0,0.0,-13.0,0.0,-12.0,0.0,-13.0,0.0,-12.0,0.0,-13.0,0.0,-13.0,-1.0,-13.0,-1.0,-13.0,-1.0,-13.0,-1.0,-13.0,-2.0,-13.0,-1.0,-13.0,-1.0,-13.0,-1.0,-13.0,-1.0,-13.0
3.67,122.0,-96.0,7.0,0.0,0.0,0.0,0.0,0.0,0.0,0.0,0.0,0.0,7.0,21.0,8.0,23.0,9.0,23.0,9.0,23.0,9.0,21.0,8.0,20.0,7.0,16.0,5.0,14.0,3.0,10.0,-1.0,7.0,-4.0,3.0,-8.0,0.0,-13.0,-2.0,-16.0,-5.0,-20.0,-6.0,-23.0,-7.0,-25.0,-8.0,-27.0,-8.0,-28.0,-7.0,-27.0,-6.0,-26.0,-6.0,-24.0,-5.0,-21.0,-4.0,-16.0,-3.0,-11.0,-3.0,-7.0,-4.0
3.6842,122.0,-96.0,7.0,0.0,0.0,0.0,0.0,0.0,0.0,0.0,0.0,0.0,1.0,-14.0,3.0,-8.0,5.0,-3.0,8.0,2.0,12.0,6.0,16.0,10.0,19.0,13.0,22.0,16.0,25.0,17.0,27.0,17.0,28.0,16.0,29.0,15.0,28.0,13.0,26.0,11.0,22.0,10.0,18.0,8.0,13.0,7.0,7.0,7.0,1.0,7.0,-6.0,7.0,-12.0,8.0,-17.0,10.0,-22.0,13.0,-25.0,15.0,-27.0,17.0,-29.0,19.0
3.6977,122.0,-96.0,7.0,0.0,0.0,0.0,0.0,0.0,0.0,0.0,0.0,0.0,-20.0,12.0,-20.0,14.0,-21.0,15.0,-20.0,15.0,-19.0,14.0,-17.0,13.0,-15.0,11.0,-13.0,8.0,-10.0,5.0,-8.0,1.0,-5.0,-3.0,-4.0,-8.0,-2.0,-12.0,-1.0,-17.0,-1.0,-21.0,-1.0,-24.0,-1.0,-26.0,-1.0,-28.0,-2.0,-28.0,-3.0,-28.0,-3.0,-27.0,-3.0,-24.0,-3.0,-21.0,-2.0,-16.0,-1.0,-12.0,1.0,-8.0
3.7111,122.0,-96.0,7.0,0.0,0.0,0.0,0.0,0.0,0.0,0.0,0.0,0.0,4.0,14.0,4.0,13.0,4.0,14.0,5.0,14.0,4.0,14.0,4.0,14.0,5.0,15.0,5.0,15.0,5.0,15.0,5.0,15.0,5.0,15.0,5.0,15.0,5.0,15.0,5.0,15.0,5.0,15.0,6.0,16.0,6.0,15.0,6.0,15.0,6.0,15.0,6.0,15.0,6.0,16.0,7.0,15.0,7.0,16.0,6.0,16.0,6.0,16.0,7.0,16.0
3.7249,122.0,-96.0,7.0,0.0,0.0,0.0,0.0,0.0,0.0,0.0,0.0,0.0,8.0,-10.0,8.0,-11.0,8.0,-11.0,9.0,-11.0,8.0,-11.0,8.0,-11.0,8.0,-11.0,9.0,-12.0,9.0,-12.0,8.0,-12.0,8.0,-12.0,9.0,-12.0,9.0,-12.0,9.0,-13.0,9.0,-13.0,9.0,-12.0,8.0,-13.0,8.0,-13.0,8.0,-13.0,9.0,-13.0,8.0,-13.0,8.0,-13.0,8.0,-14.0,8.0,-14.0,8.0,-14.0,8.0,-14.0
3.7378,122.0,-96.0,7.0,0.0,0.0,0.0,0.0,0.0,0.0,0.0,0.0,0.0,20.0,20.0,18.0,18.0,16.0,16.0,12.0,13.0,8.0,10.0,3.0,8.0,-2.0,6.0,-8.0,5.0,-14.0,4.0,-19.0,4.0,-24.0,3.0,-28.0,4.0,-31.0,5.0,-33.0,7.0,-34.0,8.0,-33.0,9.0,-32.0,9.0,-28.0,9.0,-25.0,8.0,-21.0,6.0,-16.0,3.0,-11.0,0.0,-6.0,-5.0,-2.0,-9.0,2.0,-14.0,5.0,-19.0
3.7512,122.0,-96.0,7.0,0.0,0.0,0.0,0.0,0.0,0.0,0.0,0.0,0.0,-23.0,-1.0,-26.0,0.0,-25.0,0.0,-26.0,1.0,-24.0,2.0,-23.0,2.0,-20.0,1.0,-16.0,0.0,-12.0,-1.0,-8.0,-3.0,-4.0,-5.0,0.0,-8.0,4.0,-11.0,7.0,-14.0,10.0,-17.0,12.0,-19.0,14.0,-22.0,14.0,-23.0,14.0,-25.0,13.0,-25.0,12.0,-24.0,11.0,-22.0,9.0,-20.0,7.0,-16.0,6.0,-12.0,5.0,-8.0
3.7652,122.0,-96.0,7.0,0.0,0.0,0.0,0.0,0.0,0.0,0.0,0.0,0.0,12.0,1.0,12.0,1.0,13.0,1.0,13.0,1.0,13.0,1.0,14.0,1.0,13.0,1.0,14.0,0.0,13.0,1.0,14.0,0.0,14.0,0.0,14.0,0.0,14.0,0.0,14.0,0.0,14.0,0.0,14.0,0.0,14.0,-1.0,15.0,0.0,15.0,0.0,15.0,0.0,15.0,0.0,15.0,0.0,15.0,-1.0,15.0,-1.0,15.0,-1.0,15.0,-1.0
3.7777,122.0,-96.0,7.0,0.0,0.0,0.0,0.0,0.0,0.0,0.0,0.0,0.0,-3.0,-13.0,-4.0,-17.0,-3.0,-21.0,-4.0,-25.0,-5.0,-27.0,-6.0,-29.0,-7.0,-29.0,-8.0,-28.0,-7.0,-27.0,-7.0,-24.0,-5.0,-20.0,-4.0,-17.0,-2.0,-12.0,2.0,-8.0,5.0,-3.0,9.0,0.0,14.0,4.0,18.0,7.0,22.0,9.0,25.0,10.0,28.0,10.0,29.0,10.0,29.0,9.0,28.0,7.0,27.0,6.0,24.0,5.0
3.7911,122.0,-96.0,7.0,0.0,0.0,0.0,0.0,0.0,0.0,0.0,0.0,0.0,-15.0,-19.0,-17.0,-19.0,-17.0,-19.0,-17.0,-19.0,-17.0,-17.0,-15.0,-16.0,-13.0,-14.0,-10.0,-12.0,-6.0,-9.0,-2.0,-7.0,2.0,-5.0,7.0,-4.0,12.0,-3.0,17.0,-2.0,20.0,-2.0,23.0,-2.0,26.0,-2.0,27.0,-3.0,27.0,-4.0,26.0,-4.0,25.0,-4.0,22.0,-4.0,18.0,-4.0,14.0,-3.0,10.0,-1.0,5.0,2.0
3.8053,122.0,-96.0,7.0,0.0,0.0,0.0,0.0,0.0,0.0,0.0,0.0,0.0,-1.0,-12.0,-1.0,-12.0,-1.0,-13.0,-1.0,-13.0,-1.0,-13.0,-1.0,-13.0,-2.0,-13.0,-2.0,-13.0,-2.0,-13.0,-1.0,-14.0,-2.0,-14.0,-1.0,-14.0,-1.0,-14.0,-2.0,-14.0,-2.0,-14.0,-2.0,-14.0,-2.0,-14.0,-2.0,-14.0,-2.0,-14.0,-3.0,-14.0,-2.0,-14.0,-3.0,-14.0,-3.0,-14.0,-3.0,-14.0,-2.0,-14.0,-3.0,-15.0
3.8188,122.0,-96.0,7.0,0.0,0.0,0.0,0.0,0.0,0.0,0.0,0.0,0.0,6.0,22.0,8.0,23.0,8.0,23.0,8.0,23.0,8.0,21.0,7.0,19.0,6.0,17.0,4.0,13.0,2.0,10.0,-2.0,6.0,-5.0,3.0,-9.0,-1.0,-14.0,-3.0,-17.0,-5.0,-21.0,-7.0,-23.0,-8.0,-26.0,-8.0,-27.0,-8.0,-28.0,-7.0,-27.0,-6.0,-26.0,-6.0,-23.0,-5.0,-19.0,-4.0,-15.0,-4.0,-10.0,-4.0,-5.0,-5.0
3.8317,122.0,-96.0,7.0,0.0,0.0,0.0,0.0,0.0,0.0,0.0,0.0,0.0,18.0,-14.0,19.0,-16.0,19.0,-17.0,18.0,-17.0,17.0,-16.0,15.0,-15.0,13.0,-13.0,11.0,-10.0,8.0,-6.0,6.0,-2.0,4.0,3.0,3.0,8.0,2.0,12.0,1.0,17.0,1.0,20.0,1.0,23.0,2.0,26.0,2.0,27.0,3.0,27.0,4.0,26.0,4.0,25.0,4.0,22.0,3.0,18.0,2.0,14.0,0.0,9.0,-3.0,5.0
3.8461,122.0,-96.0,7.0,0.0,0.0,0.0,0.0,0.0,0.0,0.0,0.0,0.0,-6.0,-23.0,-7.0,-25.0,-8.0,-24.0,-8.0,-24.0,-8.0,-22.0,-8.0,-21.0,-7.0,-18.0,-5.0,-15.0,-2.0,-11.0,1.0,-8.0,4.0,-4.0,8.0,-1.0,12.0,1.0,15.0,4.0,19.0,6.0,21.0,7.0,24.0,8.0,26.0,8.0,27.0,7.0,26.0,7.0,25.0,6.0,22.0,5.0,19.0,3.0,15.0,3.0,10.0,3.0,6.0,3.0
3.859,122.0,-96.0,7.0,0.0,0.0,0.0,0.0,0.0,0.0,0.0,0.0,0.0,4.0,-26.0,3.0,-28.0,3.0,-28.0,2.0,-28.0,2.0,-26.0,1.0,-24.0,1.0,-21.0,1.0,-17.0,2.0,-12.0,4.0,-7.0,5.0,-1.0,8.0,4.0,11.0,8.0,14.0,12.0,17.0,16.0,19.0,18.0,21.0,19.0,22.0,20.0,23.0,20.0,23.0,18.0,22.0,17.0,19.0,14.0,17.0,12.0,12.0,10.0,7.0,7.0,2.0,6.0
3.872,122.0,-96.0,7.0,0.0,0.0,0.0,0.0,0.0,0.0,0.0,0.0,0.0,20.0,-21.0,19.0,-19.0,16.0,-17.0,13.0,-13.0,10.0,-8.0,8.0,-3.0,6.0,2.0,4.0,8.0,3.0,14.0,3.0,20.0,3.0,24.0,3.0,28.0,5.0,31.0,6.0,33.0,7.0,33.0,8.0,32.0,8.0,30.0,7.0,27.0,7.0,23.0,4.0,19.0,2.0,14.0,-2.0,9.0,-7.0,3.0,-11.0,-1.0,-15.0,-5.0,-21.0,-8.0
3.886,122.0,-96.0,7.0,0.0,0.0,0.0,0.0,0.0,0.0,0.0,0.0,0.0,10.0,-5.0,10.0,-5.0,10.0,-5.0,11.0,-5.0,10.0,-5.0,11.0,-6.0,11.0,-6.0,11.0,-6.0,11.0,-6.0,11.0,-6.0,11.0,-6.0,11.0,-6.0,11.0,-6.0,11.0,-7.0,11.0,-7.0,11.0,-7.0,12.0,-6.0,11.0,-7.0,11.0,-7.0,12.0,-7.0,12.0,-7.0,11.0,-7.0,11.0,-8.0,12.0,-7.0,12.0,-7.0,12.0,-8.0
3.899,122.0,-96.0,7.0,0.0,0.0,0.0,0.0,0.0,0.0,0.0,0.0,0.0,-10.0,5.0,-14.0,6.0,-17.0,8.0,-20.0,9.0,-21.0,10.0,-23.0,12.0,-23.0,13.0,-23.0,13.0,-21.0,14.0,-19.0,12.0,-17.0,10.0,-14.0,8.0,-11.0,5.0,-9.0,1.0,-6.0,-2.0,-4.0,-7.0,-2.0,-12.0,0.0,-16.0,0.0,-21.0,0.0,-23.0,0.0,-27.0,0.0,-28.0,-1.0,-29.0,-2.0,-29.0,-4.0,-27.0,-3.0,-25.0
3.9144,122.0,-96.0,7.0,0.0,0.0,0.0,0.0,0.0,0.0,0.0,0.0,0.0,-6.0,-10.0,-2.0,-7.0,3.0,-5.0,7.0,-3.0,12.0,-2.0,18.0,-1.0,21.0,-1.0,24.0,-1.0,27.0,-2.0,29.0,-3.0,29.0,-4.0,28.0,-5.0,27.0,-5.0,24.0,-6.0,21.0,-5.0,17.0,-4.0,12.0,-2.0,8.0,1.0,3.0,5.0,-1.0,9.0,-5.0,13.0,-8.0,17.0,-10.0,21.0,-10.0,25.0,-11.0,27.0,-11.0,29.0
3.9287,122.0,-96.0,7.0,0.0,0.0,0.0,0.0,0.0,0.0,0.0,0.0,0.0,12.0,-1.0,12.0,-1.0,13.0,-1.0,13.0,-1.0,13.0,-1.0,14.0,-1.0,14.0,-2.0,14.0,-2.0,13.0,-1.0,14.0,-1.0,14.0,-1.0,14.0,-1.0,14.0,-1.0,15.0,-2.0,15.0,-2.0,14.0,-2.0,15.0,-2.0,14.0,-2.0,15.0,-2.0,15.0,-3.0,15.0,-3.0,15.0,-3.0,14.0,-3.0,15.0,-3.0,15.0,-3.0,15.0,-3.0
3.9428,122.0,-96.0,7.0,0.0,0.0,0.0,0.0,0.0,0.0,0.0,0.0,0.0,-12.0,26.0,-11.0,23.0,-9.0,20.0,-8.0,16.0,-7.0,11.0,-7.0,5.0,-8.0,-1.0,-9.0,-6.0,-10.0,-12.0,-12.0,-17.0,-13.0,-21.0,-15.0,-25.0,-18.0,-27.0,-20.0,-28.0,-21.0,-28.0,-22.0,-27.0,-21.0,-25.0,-20.0,-22.0,-17.0,-19.0,-14.0,-16.0,-9.0,-13.0,-3.0,-9.0,3.0,-7.0,9.0,-5.0,15.0,-3.0,21.0,-3.0
3.9553,122.0,-96.0,7.0,0.0,0.0,0.0,0.0,0.0,0.0,0.0,0.0,0.0,13.0,5.0,7.0,5.0,0.0,7.0,-6.0,9.0,-12.0,11.0,-17.0,15.0,-22.0,18.0,-25.0,22.0,-27.0,25.0,-28.0,27.0,-27.0,28.0,-26.0,28.0,-24.0,28.0,-21.0,26.0,-18.0,22.0,-15.0,16.0,-12.0,11.0,-10.0,4.0,-8.0,-3.0,-8.0,-10.0,-8.0,-18.0,-8.0,-24.0,-10.0,-30.0,-12.0,-35.0,-14.0,-38.0,-15.0,-39.0
3.9683,122.0,-96.0,7.0,0.0,0.0,0.0,0.0,0.0,0.0,0.0,0.0,0.0,-12.0,8.0,-17.0,9.0,-21.0,12.0,-25.0,13.0,-27.0,15.0,-28.0,17.0,-28.0,18.0,-27.0,19.0,-25.0,18.0,-22.0,16.0,-19.0,13.0,-16.0,9.0,-12.0,5.0,-9.0,0.0,-6.0,-5.0,-3.0,-11.0,-2.0,-18.0,0.0,-23.0,0.0,-28.0,0.0,-32.0,-1.0,-35.0,-2.0,-36.0,-2.0,-37.0,-3.0,-35.0,-4.0,-33.0,-4.0,-29.0
3.9812,122.0,-96.0,7.0,0.0,0.0,0.0,0.0,0.0,0.0,0.0,0.0,0.0,9.0,6.0,10.0,5.0,10.0,5.0,10.0,5.0,10.0,5.0,11.0,6.0,10.0,5.0,11.0,6.0,11.0,5.0,11.0,6.0,11.0,6.0,12.0,6.0,12.0,6.0,11.0,6.0,11.0,6.0,12.0,5.0,12.0,5.0,12.0,5.0,12.0,6.0,12.0,5.0,12.0,5.0,12.0,5.0,12.0,5.0,12.0,5.0,12.0,5.0,13.0,5.0
3.9955,122.0,-96.0,7.0,0.0,0.0,0.0,0.0,0.0,0.0,0.0,0.0,0.0,-13.0,1.0,-14.0,1.0,-14.0,1.0,-14.0,1.0,-14.0,1.0,-15.0,1.0,-14.0,2.0,-15.0,2.0,-14.0,2.0,-15.0,2.0,-15.0,2.0,-15.0,2.0,-15.0,2.0,-15.0,2.0,-15.0,2.0,-15.0,3.0,-15.0,2.0,-15.0,3.0,-15.0,3.0,-16.0,3.0,-15.0,3.0,-16.0,3.0,-15.0,3.0,-16.0,3.0,-16.0,4.0,-15.0,3.0
4.0095,122.0,-96.0,7.0,0.0,0.0,0.0,0.0,0.0,0.0,0.0,0.0,0.0,-9.0,7.0,-7.0,3.0,-6.0,-2.0,-5.0,-8.0,-6.0,-13.0,-6.0,-17.0,-7.0,-21.0,-8.0,-24.0,-10.0,-27.0,-11.0,-28.0,-12.0,-28.0,-13.0,-27.0,-13.0,-25.0,-13.0,-23.0,-11.0,-20.0,-8.0,-16.0,-5.0,-12.0,-1.0,-9.0,4.0,-6.0,8.0,-3.0,13.0,-1.0,18.0,1.0,23.0,1.0,27.0,1.0,29.0,0.0,30.0,0.0
4.0226,122.0,-96.0,7.0,0.0,0.0,0.0,0.0,0.0,0.0,0.0,0.0,0.0,-2.0,12.0,-3.0,16.0,-5.0,20.0,-5.0,23.0,-5.0,26.0,-5.0,28.0,-4.0,28.0,-3.0,28.0,-3.0,27.0,-2.0,24.0,-3.0,20.0,-3.0,15.0,-4.0,11.0,-5.0,5.0,-7.0,0.0,-9.0,-5.0,-12.0,-10.0,-15.0,-14.0,-18.0,-17.0,-21.0,-19.0,-23.0,-21.0,-24.0,-21.0,-26.0,-20.0,-24.0,-19.0,-24.0,-17.0,-22.0,-15.0
4.0461,122.0,-96.0,7.0,0.0,0.0,0.0,0.0,0.0,0.0,0.0,0.0,0.0,-9.0,-8.0,-4.0,-6.0,1.0,-6.0,6.0,-6.0,12.0,-7.0,16.0,-8.0,20.0,-9.0,23.0,-10.0,25.0,-12.0,26.0,-13.0,26.0,-14.0,25.0,-15.0,23.0,-15.0,20.0,-14.0,17.0,-12.0,13.0,-9.0,10.0,-5.0,7.0,-1.0,4.0,5.0,2.0,10.0,0.0,15.0,-1.0,20.0,-1.0,24.0,0.0,27.0,1.0,30.0,2.0,31.0
4.0597,122.0,-96.0,7.0,0.0,0.0,0.0,0.0,0.0,0.0,0.0,0.0,0.0,5.0,9.0,5.0,9.0,5.0,10.0,5.0,10.0,5.0,10.0,5.0,10.0,6.0,10.0,6.0,10.0,6.0,10.0,6.0,10.0,6.0,10.0,6.0,11.0,5.0,10.0,6.0,11.0,7.0,10.0,6.0,11.0,6.0,11.0,7.0,10.0,7.0,11.0,7.0,11.0,7.0,11.0,7.0,11.0,7.0,11.0,7.0,11.0,7.0,11.0,7.0,11.0
4.0737,122.0,-96.0,7.0,0.0,0.0,0.0,0.0,0.0,0.0,0.0,0.0,0.0,8.0,7.0,8.0,7.0,9.0,7.0,8.0,7.0,8.0,8.0,8.0,8.0,9.0,8.0,9.0,8.0,9.0,8.0,9.0,8.0,9.0,8.0,9.0,8.0,9.0,8.0,9.0,8.0,10.0,8.0,10.0,8.0,9.0,8.0,10.0,8.0,10.0,8.0,10.0,8.0,10.0,8.0,10.0,8.0,10.0,8.0,10.0,8.0,10.0,8.0,11.0,8.0
4.0886,122.0,-96.0,7.0,0.0,0.0,0.0,0.0,0.0,0.0,0.0,0.0,0.0,0.0,-14.0,2.0,-8.0,5.0,-3.0,8.0,1.0,12.0,5.0,17.0,9.0,20.0,12.0,24.0,14.0,26.0,15.0,28.0,15.0,30.0,14.0,30.0,13.0,29.0,11.0,27.0,9.0,24.0,8.0,19.0,7.0,14.0,6.0,7.0,6.0,1.0,7.0,-5.0,7.0,-11.0,9.0,-16.0,11.0,-21.0,15.0,-24.0,17.0,-26.0,19.0,-27.0,21.0
4.1036,122.0,-96.0,7.0,0.0,0.0,0.0,0.0,0.0,0.0,0.0,0.0,0.0,-6.0,8.0,-6.0,9.0,-6.0,9.0,-7.0,8.0,-6.0,9.0,-6.0,9.0,-6.0,9.0,-6.0,10.0,-6.0,9.0,-6.0,9.0,-6.0,9.0,-6.0,9.0,-7.0,10.0,-6.0,10.0,-6.0,10.0,-6.0,10.0,-7.0,10.0,-6.0,10.0,-6.0,10.0,-6.0,10.0,-6.0,11.0,-6.0,11.0,-6.0,11.0,-6.0,11.0,-6.0,11.0,-6.0,11.0
4.119,122.0,-96.0,7.0,0.0,0.0,0.0,0.0,0.0,0.0,0.0,0.0,0.0,8.0,7.0,10.0,10.0,13.0,13.0,15.0,15.0,16.0,16.0,18.0,18.0,19.0,17.0,20.0,16.0,19.0,15.0,17.0,13.0,14.0,12.0,11.0,10.0,7.0,8.0,3.0,6.0,-2.0,5.0,-7.0,4.0,-12.0,4.0,-17.0,4.0,-21.0,5.0,-24.0,6.0,-26.0,7.0,-27.0,8.0,-28.0,9.0,-27.0,9.0,-25.0,10.0,-23.0,9.0
4.133,122.0,-96.0,7.0,0.0,0.0,0.0,0.0,0.0,0.0,0.0,0.0,0.0,8.0,-8.0,8.0,-9.0,8.0,-8.0,9.0,-9.0,8.0,-9.0,8.0,-9.0,8.0,-9.0,8.0,-10.0,8.0,-9.0,9.0,-10.0,9.0,-10.0,9.0,-10.0,9.0,-10.0,9.0,-10.0,8.0,-11.0,9.0,-10.0,9.0,-11.0,8.0,-11.0,8.0,-11.0,8.0,-11.0,9.0,-11.0,8.0,-11.0,8.0,-12.0,8.0,-11.0,8.0,-11.0,8.0,-12.0
4.1463,122.0,-96.0,7.0,0.0,0.0,0.0,0.0,0.0,0.0,0.0,0.0,0.0,10.0,10.0,10.0,9.0,11.0,8.0,12.0,10.0,10.0,10.0,10.0,11.0,11.0,9.0,12.0,10.0,11.0,10.0,12.0,10.0,12.0,10.0,12.0,11.0,12.0,10.0,12.0,10.0,12.0,10.0,12.0,10.0,12.0,10.0,13.0,10.0,13.0,10.0,12.0,10.0,13.0,10.0,12.0,10.0,14.0,10.0,13.0,10.0,13.0,10.0,14.0,10.0
4.1627,122.0,-96.0,7.0,0.0,0.0,0.0,0.0,0.0,0.0,0.0,0.0,0.0,14.0,-1.0,14.0,-1.0,14.0,-1.0,15.0,-1.0,15.0,-1.0,15.0,-2.0,15.0,-2.0,16.0,-2.0,15.0,-1.0,15.0,-2.0,16.0,-1.0,16.0,-1.0,16.0,-1.0,16.0,-2.0,16.0,-2.0,16.0,-2.0,16.0,-2.0,17.0,-3.0,17.0,-3.0,16.0,-3.0,17.0,-3.0,16.0,-3.0,17.0,-3.0,17.0,-3.0,17.0,-3.0,17.0,-3.0
4.1726,122.0,-96.0,7.0,0.0,0.0,0.0,0.0,0.0,0.0,0.0,0.0,0.0,3.0,11.0,-1.0,7.0,-5.0,3.0,-11.0,0.0,-15.0,-2.0,-21.0,-4.0,-25.0,-5.0,-29.0,-5.0,-32.0,-5.0,-33.0,-4.0,-34.0,-3.0,-33.0,-2.0,-31.0,-1.0,-29.0,1.0,-24.0,0.0,-19.0,-1.0,-14.0,-2.0,-8.0,-5.0,-2.0,-8.0,3.0,-11.0,8.0,-16.0,11.0,-20.0,14.0,-24.0,15.0,-28.0,15.0,-31.0,15.0,-32.0
4.1859,122.0,-96.0,7.0,0.0,0.0,0.0,0.0,0.0,0.0,0.0,0.0,0.0,-1.0,10.0,-3.0,6.0,-5.0,2.0,-9.0,-2.0,-12.0,-6.0,-16.0,-9.0,-20.0,-11.0,-23.0,-12.0,-26.0,-13.0,-27.0,-13.0,-28.0,-12.0,-28.0,-11.0,-26.0,-9.0,-25.0,-8.0,-21.0,-7.0,-17.0,-6.0,-12.0,-6.0,-7.0,-6.0,-1.0,-7.0,4.0,-8.0,9.0,-11.0,14.0,-13.0,17.0,-16.0,20.0,-19.0,21.0,-21.0,21.0,-23.0
4.2011,122.0,-96.0,7.0,0.0,0.0,0.0,0.0,0.0,0.0,0.0,0.0,0.0,-8.0,-11.0,-8.0,-11.0,-8.0,-12.0,-8.0,-12.0,-8.0,-12.0,-8.0,-12.0,-9.0,-12.0,-9.0,-12.0,-9.0,-12.0,-9.0,-12.0,-8.0,-12.0,-9.0,-12.0,-9.0,-13.0,-9.0,-13.0,-10.0,-12.0,-10.0,-13.0,-9.0,-13.0,-10.0,-12.0,-10.0,-12.0,-9.0,-12.0,-10.0,-12.0,-10.0,-13.0,-10.0,-13.0,-10.0,-13.0,-10.0,-13.0,-11.0,-12.0
4.2146,122.0,-96.0,7.0,0.0,0.0,0.0,0.0,0.0,0.0,0.0,0.0,0.0,-14.0,7.0,-10.0,2.0,-6.0,-4.0,-5.0,-10.0,-3.0,-17.0,-2.0,-23.0,-2.0,-29.0,-2.0,-33.0,-3.0,-37.0,-4.0,-39.0,-6.0,-40.0,-7.0,-39.0,-7.0,-37.0,-8.0,-34.0,-7.0,-30.0,-5.0,-24.0,-3.0,-19.0,1.0,-12.0,6.0,-7.0,10.0,-1.0,17.0,4.0,22.0,7.0,28.0,10.0,32.0,12.0,36.0,12.0,39.0,12.0
4.2283,122.0,-96.0,7.0,0.0,0.0,0.0,0.0,0.0,0.0,0.0,0.0,0.0,8.0,-9.0,8.0,-9.0,8.0,-9.0,8.0,-9.0,8.0,-9.0,8.0,-10.0,8.0,-10.0,8.0,-10.0,8.0,-10.0,8.0,-10.0,8.0,-10.0,9.0,-10.0,9.0,-10.0,8.0,-11.0,8.0,-11.0,8.0,-11.0,8.0,-10.0,8.0,-11.0,8.0,-11.0,8.0,-11.0,8.0,-11.0,8.0,-11.0,8.0,-12.0,8.0,-11.0,8.0,-11.0,8.0,-12.0
4.2407,122.0,-96.0,7.0,0.0,0.0,0.0,0.0,0.0,0.0,0.0,0.0,0.0,-13.0,2.0,-17.0,1.0,-21.0,2.0,-24.0,2.0,-27.0,3.0,-29.0,4.0,-29.0,5.0,-29.0,6.0,-27.0,7.0,-25.0,6.0,-22.0,4.0,-18.0,3.0,-14.0,1.0,-9.0,-2.0,-5.0,-5.0,-1.0,-9.0,2.0,-13.0,5.0,-17.0,7.0,-21.0,8.0,-25.0,8.0,-28.0,8.0,-30.0,8.0,-31.0,7.0,-31.0,5.0,-30.0,5.0,-27.0
4.2551,122.0,-96.0,7.0,0.0,0.0,0.0,0.0,0.0,0.0,0.0,0.0,0.0,-13.0,-4.0,-6.0,-5.0,-1.0,-7.0,4.0,-9.0,10.0,-12.0,14.0,-15.0,16.0,-18.0,19.0,-21.0,21.0,-25.0,21.0,-26.0,20.0,-27.0,19.0,-26.0,17.0,-26.0,14.0,-24.0,12.0,-20.0,10.0,-16.0,8.0,-10.0,7.0,-4.0,6.0,3.0,6.0,9.0,8.0,15.0,9.0,20.0,12.0,25.0,14.0,28.0,16.0,30.0,17.0,30.0
4.2692,122.0,-96.0,7.0,0.0,0.0,0.0,0.0,0.0,0.0,0.0,0.0,0.0,-20.0,-13.0,-18.0,-11.0,-15.0,-10.0,-12.0,-9.0,-8.0,-7.0,-4.0,-7.0,1.0,-6.0,6.0,-6.0,10.0,-7.0,15.0,-8.0,18.0,-9.0,21.0,-10.0,23.0,-12.0,23.0,-14.0,24.0,-14.0,22.0,-14.0,21.0,-14.0,18.0,-13.0,15.0,-11.0,12.0,-8.0,9.0,-5.0,6.0,0.0,4.0,4.0,1.0,9.0,-1.0,13.0,-1.0,18.0
4.2858,122.0,-96.0,7.0,0.0,0.0,0.0,0.0,0.0,0.0,0.0,0.0,0.0,-20.0,11.0,-18.0,10.0,-16.0,9.0,-13.0,6.0,-10.0,3.0,-7.0,0.0,-5.0,-4.0,-3.0,-8.0,-1.0,-13.0,0.0,-17.0,1.0,-20.0,2.0,-23.0,1.0,-26.0,0.0,-27.0,0.0,-28.0,-1.0,-27.0,-2.0,-26.0,-2.0,-23.0,-2.0,-20.0,-1.0,-16.0,1.0,-12.0,2.0,-7.0,5.0,-3.0,8.0,2.0,10.0,6.0,14.0,9.0
4.3,122.0,-96.0,7.0,0.0,0.0,0.0,0.0,0.0,0.0,0.0,0.0,0.0,10.0,-10.0,10.0,-10.0,11.0,-10.0,11.0,-11.0,11.0,-10.0,11.0,-11.0,11.0,-11.0,11.0,-12.0,11.0,-11.0,11.0,-12.0,11.0,-12.0,11.0,-12.0,11.0,-12.0,11.0,-12.0,11.0,-12.0,12.0,-13.0,11.0,-12.0,11.0,-13.0,11.0,-13.0,12.0,-12.0,12.0,-13.0,11.0,-12.0,11.0,-14.0,11.0,-14.0,11.0,-14.0,11.0,-14.0
4.3166,122.0,-96.0,7.0,0.0,0.0,0.0,0.0,0.0,0.0,0.0,0.0,0.0,-8.0,-22.0,-7.0,-20.0,-7.0,-18.0,-5.0,-14.0,-3.0,-11.0,0.0,-7.0,4.0,-4.0,7.0,-1.0,12.0,1.0,16.0,3.0,19.0,4.0,21.0,5.0,24.0,5.0,26.0,4.0,26.0,4.0,27.0,3.0,25.0,2.0,23.0,2.0,19.0,1.0,15.0,1.0,11.0,2.0,6.0,3.0,1.0,5.0,-4.0,7.0,-8.0,9.0,-11.0,13.0
4.3317,122.0,-96.0,7.0,0.0,0.0,0.0,0.0,0.0,0.0,0.0,0.0,0.0,5.0,-11.0,5.0,-11.0,5.0,-11.0,5.0,-11.0,5.0,-11.0,5.0,-12.0,5.0,-12.0,5.0,-12.0,5.0,-12.0,5.0,-13.0,5.0,-12.0,5.0,-12.0,6.0,-12.0,6.0,-12.0,5.0,-13.0,5.0,-13.0,5.0,-13.0,5.0,-13.0,5.0,-13.0,5.0,-13.0,6.0,-13.0,5.0,-13.0,5.0,-13.0,5.0,-13.0,5.0,-14.0,4.0,-14.0
4.3351,98.0,33.0,22.0,0.0,0.0,0.0,0.0,0.0,0.0,0.0,0.0,0.0,-9.0,-16.0,-14.0,-16.0,-19.0,-18.0,-22.0,-16.0,-21.0,-20.0,-24.0,-15.0,-23.0,-15.0,-22.0,-15.0,-22.0,-9.0,-18.0,-9.0,-15.0,-5.0,-12.0,0.0,-5.0,0.0,-1.0,6.0,3.0,7.0,7.0,11.0,11.0,11.0,17.0,11.0,21.0,10.0,27.0,11.0,30.0,10.0,30.0,11.0,31.0,8.0,30.0,8.0,27.0,6.0,23.0,4.0
4.3482,122.0,-96.0,7.0,0.0,0.0,0.0,0.0,0.0,0.0,0.0,0.0,0.0,25.0,13.0,23.0,11.0,19.0,10.0,15.0,8.0,10.0,7.0,4.0,6.0,-2.0,7.0,-8.0,7.0,-14.0,8.0,-19.0,10.0,-23.0,12.0,-26.0,13.0,-28.0,15.0,-29.0,17.0,-29.0,19.0,-27.0,19.0,-25.0,18.0,-22.0,17.0,-19.0,14.0,-16.0,10.0,-12.0,5.0,-9.0,0.0,-6.0,-6.0,-3.0,-12.0,-2.0,-18.0,-1.0,-24.0
4.3614,122.0,-96.0,7.0,0.0,0.0,0.0,0.0,0.0,0.0,0.0,0.0,0.0,7.0,10.0,2.0,7.0,-4.0,5.0,-9.0,4.0,-15.0,3.0,-20.0,3.0,-24.0,4.0,-29.0,5.0,-31.0,6.0,-33.0,8.0,-33.0,9.0,-32.0,10.0,-30.0,10.0,-27.0,11.0,-23.0,8.0,-19.0,6.0,-14.0,3.0,-10.0,-1.0,-6.0,-6.0,-2.0,-11.0,1.0,-16.0,3.0,-21.0,4.0,-27.0,4.0,-30.0,4.0,-34.0,3.0,-35.0
4.376,122.0,-96.0,7.0,0.0,0.0,0.0,0.0,0.0,0.0,0.0,0.0,0.0,10.0,-4.0,10.0,-4.0,11.0,-4.0,11.0,-4.0,11.0,-4.0,11.0,-5.0,11.0,-4.0,11.0,-5.0,12.0,-5.0,11.0,-5.0,11.0,-5.0,12.0,-5.0,11.0,-5.0,11.0,-5.0,12.0,-5.0,12.0,-5.0,12.0,-6.0,12.0,-6.0,11.0,-6.0,11.0,-6.0,12.0,-6.0,12.0,-6.0,11.0,-7.0,12.0,-7.0,12.0,-6.0,12.0,-7.0
4.3892,122.0,-96.0,7.0,0.0,0.0,0.0,0.0,0.0,0.0,0.0,0.0,0.0,-13.0,-2.0,-8.0,-4.0,-3.0,-6.0,2.0,-9.0,7.0,-13.0,10.0,-17.0,13.0,-20.0,15.0,-24.0,16.0,-27.0,17.0,-29.0,15.0,-30.0,15.0,-30.0,13.0,-29.0,10.0,-28.0,9.0,-23.0,8.0,-20.0,7.0,-14.0,7.0,-8.0,6.0,-2.0,7.0,4.0,8.0,10.0,11.0,16.0,14.0,21.0,16.0,24.0,18.0,26.0,20.0,27.0
4.4029,122.0,-96.0,7.0,0.0,0.0,0.0,0.0,0.0,0.0,0.0,0.0,0.0,10.0,-1.0,14.0,-1.0,18.0,0.0,21.0,0.0,23.0,0.0,26.0,-1.0,26.0,-2.0,26.0,-3.0,24.0,-3.0,22.0,-3.0,18.0,-2.0,15.0,-1.0,11.0,0.0,7.0,2.0,2.0,4.0,-2.0,7.0,-5.0,11.0,-8.0,14.0,-10.0,18.0,-12.0,21.0,-13.0,24.0,-13.0,25.0,-12.0,26.0,-11.0,25.0,-9.0,24.0,-8.0,22.0
4.416,122.0,-96.0,7.0,0.0,0.0,0.0,0.0,0.0,0.0,0.0,0.0,0.0,22.0,11.0,20.0,10.0,17.0,9.0,13.0,7.0,9.0,6.0,4.0,6.0,-2.0,6.0,-6.0,6.0,-12.0,7.0,-16.0,8.0,-20.0,9.0,-23.0,11.0,-25.0,13.0,-26.0,15.0,-27.0,15.0,-25.0,16.0,-23.0,16.0,-21.0,14.0,-18.0,12.0,-15.0,10.0,-12.0,6.0,-9.0,1.0,-6.0,-4.0,-4.0,-9.0,-1.0,-14.0,-1.0,-20.0
4.4291,122.0,-96.0,7.0,0.0,0.0,0.0,0.0,0.0,0.0,0.0,0.0,0.0,-11.0,4.0,-15.0,4.0,-18.0,5.0,-21.0,6.0,-23.0,7.0,-25.0,8.0,-25.0,9.0,-25.0,10.0,-23.0,10.0,-21.0,9.0,-18.0,7.0,-15.0,5.0,-11.0,3.0,-8.0,-1.0,-4.0,-4.0,-2.0,-8.0,1.0,-13.0,2.0,-17.0,4.0,-21.0,4.0,-24.0,4.0,-27.0,4.0,-28.0,3.0,-29.0,2.0,-28.0,1.0,-27.0,0.0,-24.0
4.4422,122.0,-96.0,7.0,0.0,0.0,0.0,0.0,0.0,0.0,0.0,0.0,0.0,22.0,12.0,20.0,11.0,17.0,9.0,14.0,8.0,10.0,6.0,4.0,6.0,-1.0,6.0,-6.0,6.0,-11.0,7.0,-16.0,8.0,-20.0,9.0,-23.0,10.0,-25.0,12.0,-27.0,14.0,-27.0,15.0,-26.0,15.0,-25.0,16.0,-22.0,14.0,-19.0,13.0,-16.0,10.0,-13.0,6.0,-9.0,2.0,-7.0,-3.0,-4.0,-7.0,-1.0,-13.0,0.0,-18.0
4.4559,122.0,-96.0,7.0,0.0,0.0,0.0,0.0,0.0,0.0,0.0,0.0,0.0,11.0,-3.0,11.0,-4.0,11.0,-4.0,11.0,-4.0,11.0,-4.0,11.0,-4.0,11.0,-4.0,11.0,-5.0,12.0,-4.0,11.0,-5.0,12.0,-5.0,12.0,-5.0,12.0,-5.0,12.0,-5.0,12.0,-5.0,12.0,-5.0,12.0,-5.0,12.0,-5.0,12.0,-6.0,12.0,-5.0,12.0,-5.0,12.0,-5.0,12.0,-6.0,12.0,-6.0,12.0,-6.0,12.0,-6.0
4.4688,122.0,-96.0,7.0,0.0,0.0,0.0,0.0,0.0,0.0,0.0,0.0,0.0,1.0,20.0,1.0,20.0,1.0,21.0,1.0,20.0,1.0,21.0,1.0,21.0,1.0,21.0,1.0,22.0,1.0,22.0,1.0,22.0,1.0,22.0,1.0,22.0,1.0,22.0,2.0,22.0,2.0,22.0,2.0,22.0,2.0,22.0,2.0,23.0,1.0,22.0,2.0,23.0,2.0,23.0,2.0,23.0,2.0,23.0,2.0,23.0,2.0,23.0,2.0,23.0
4.4827,122.0,-96.0,7.0,0.0,0.0,0.0,0.0,0.0,0.0,0.0,0.0,0.0,-5.0,-14.0,-6.0,-14.0,-5.0,-15.0,-6.0,-15.0,-5.0,-15.0,-6.0,-15.0,-6.0,-15.0,-6.0,-16.0,-6.0,-16.0,-6.0,-16.0,-7.0,-16.0,-6.0,-16.0,-7.0,-16.0,-7.0,-16.0,-7.0,-16.0,-7.0,-16.0,-7.0,-16.0,-7.0,-16.0,-7.0,-16.0,-7.0,-16.0,-7.0,-16.0,-7.0,-16.0,-8.0,-16.0,-8.0,-17.0,-8.0,-16.0,-8.0,-16.0
4.4969,122.0,-96.0,7.0,0.0,0.0,0.0,0.0,0.0,0.0,0.0,0.0,0.0,-2.0,10.0,-3.0,14.0,-4.0,17.0,-5.0,20.0,-5.0,23.0,-5.0,25.0,-4.0,25.0,-3.0,25.0,-2.0,25.0,-2.0,22.0,-3.0,19.0,-3.0,15.0,-3.0,11.0,-4.0,7.0,-5.0,2.0,-7.0,-2.0,-11.0,-7.0,-13.0,-10.0,-16.0,-13.0,-18.0,-15.0,-21.0,-17.0,-22.0,-17.0,-23.0,-17.0,-23.0,-17.0,-23.0,-15.0,-21.0,-13.0
4.5112,122.0,-96.0,7.0,0.0,0.0,0.0,0.0,0.0,0.0,0.0,0.0,0.0,-4.0,-12.0,-4.0,-13.0,-3.0,-13.0,-4.0,-14.0,-4.0,-13.0,-4.0,-14.0,-4.0,-14.0,-4.0,-14.0,-4.0,-14.0,-4.0,-14.0,-5.0,-14.0,-5.0,-14.0,-4.0,-15.0,-5.0,-14.0,-5.0,-15.0,-5.0,-14.0,-5.0,-15.0,-5.0,-14.0,-6.0,-15.0,-5.0,-15.0,-5.0,-15.0,-5.0,-15.0,-6.0,-14.0,-6.0,-15.0,-6.0,-15.0,-6.0,-15.0
4.5246,122.0,-96.0,7.0,0.0,0.0,0.0,0.0,0.0,0.0,0.0,0.0,0.0,-7.0,9.0,-6.0,4.0,-6.0,-1.0,-7.0,-6.0,-8.0,-11.0,-10.0,-15.0,-12.0,-19.0,-14.0,-21.0,-16.0,-24.0,-17.0,-25.0,-18.0,-24.0,-19.0,-23.0,-18.0,-22.0,-18.0,-19.0,-15.0,-16.0,-12.0,-14.0,-8.0,-11.0,-3.0,-9.0,2.0,-6.0,7.0,-5.0,13.0,-4.0,18.0,-4.0,23.0,-4.0,26.0,-6.0,28.0,-7.0,29.0,-8.0
4.5386,122.0,-96.0,7.0,0.0,0.0,0.0,0.0,0.0,0.0,0.0,0.0,0.0,2.0,-11.0,4.0,-15.0,6.0,-18.0,7.0,-21.0,7.0,-23.0,7.0,-25.0,7.0,-26.0,6.0,-26.0,5.0,-25.0,5.0,-22.0,4.0,-19.0,4.0,-15.0,4.0,-11.0,4.0,-6.0,5.0,-1.0,6.0,3.0,8.0,8.0,10.0,12.0,13.0,15.0,15.0,18.0,17.0,20.0,18.0,20.0,20.0,20.0,19.0,19.0,19.0,17.0,17.0,15.0
4.5518,122.0,-96.0,7.0,0.0,0.0,0.0,0.0,0.0,0.0,0.0,0.0,0.0,10.0,4.0,5.0,4.0,0.0,5.0,-5.0,6.0,-9.0,8.0,-13.0,11.0,-17.0,13.0,-20.0,16.0,-21.0,18.0,-22.0,19.0,-22.0,20.0,-21.0,21.0,-19.0,20.0,-17.0,20.0,-15.0,17.0,-12.0,13.0,-10.0,9.0,-9.0,4.0,-7.0,-1.0,-6.0,-6.0,-6.0,-12.0,-6.0,-17.0,-7.0,-22.0,-8.0,-25.0,-9.0,-28.0,-11.0,-29.0
4.5657,122.0,-96.0,7.0,0.0,0.0,0.0,0.0,0.0,0.0,0.0,0.0,0.0,-23.0,-4.0,-25.0,-3.0,-26.0,-2.0,-25.0,-2.0,-24.0,-1.0,-23.0,-1.0,-20.0,-1.0,-16.0,-2.0,-12.0,-2.0,-8.0,-4.0,-3.0,-6.0,1.0,-8.0,5.0,-11.0,9.0,-13.0,12.0,-16.0,14.0,-18.0,16.0,-20.0,16.0,-21.0,17.0,-23.0,16.0,-23.0,15.0,-22.0,13.0,-21.0,11.0,-19.0,9.0,-15.0,7.0,-11.0,6.0,-6.0
4.5802,122.0,-96.0,7.0,0.0,0.0,0.0,0.0,0.0,0.0,0.0,0.0,0.0,-23.0,-1.0,-25.0,0.0,-25.0,1.0,-25.0,1.0,-24.0,2.0,-22.0,2.0,-19.0,1.0,-16.0,0.0,-12.0,-1.0,-7.0,-3.0,-3.0,-5.0,1.0,-9.0,5.0,-12.0,8.0,-14.0,11.0,-17.0,12.0,-20.0,14.0,-22.0,14.0,-23.0,14.0,-25.0,13.0,-25.0,12.0,-24.0,10.0,-21.0,8.0,-19.0,7.0,-15.0,5.0,-10.0,5.0,-6.0
4.594,122.0,-96.0,7.0,0.0,0.0,0.0,0.0,0.0,0.0,0.0,0.0,0.0,25.0,-1.0,23.0,-1.0,20.0,-1.0,15.0,-1.0,11.0,1.0,7.0,3.0,2.0,5.0,-2.0,8.0,-7.0,12.0,-10.0,15.0,-12.0,18.0,-14.0,20.0,-15.0,23.0,-15.0,25.0,-15.0,26.0,-14.0,26.0,-13.0,25.0,-11.0,22.0,-9.0,19.0,-8.0,15.0,-7.0,10.0,-7.0,5.0,-7.0,-1.0,-7.0,-7.0,-8.0,-12.0,-10.0,-17.0
4.6089,122.0,-96.0,7.0,0.0,0.0,0.0,0.0,0.0,0.0,0.0,0.0,0.0,-6.0,9.0,-6.0,4.0,-6.0,-1.0,-7.0,-6.0,-9.0,-11.0,-11.0,-15.0,-13.0,-19.0,-15.0,-21.0,-18.0,-23.0,-19.0,-23.0,-20.0,-23.0,-20.0,-22.0,-20.0,-20.0,-19.0,-17.0,-16.0,-15.0,-12.0,-12.0,-7.0,-10.0,-2.0,-8.0,3.0,-6.0,8.0,-5.0,14.0,-5.0,19.0,-5.0,24.0,-6.0,26.0,-8.0,28.0,-9.0,29.0,-10.0
4.6227,122.0,-96.0,7.0,0.0,0.0,0.0,0.0,0.0,0.0,0.0,0.0,0.0,7.0,-12.0,8.0,-13.0,8.0,-13.0,8.0,-13.0,8.0,-13.0,8.0,-14.0,7.0,-14.0,8.0,-14.0,8.0,-14.0,8.0,-14.0,8.0,-14.0,8.0,-14.0,8.0,-14.0,8.0,-15.0,8.0,-15.0,7.0,-15.0,7.0,-15.0,7.0,-16.0,8.0,-15.0,7.0,-15.0,7.0,-16.0,7.0,-16.0,7.0,-16.0,7.0,-16.0,7.0,-16.0,7.0,-17.0
4.6379,122.0,-96.0,7.0,0.0,0.0,0.0,0.0,0.0,0.0,0.0,0.0,0.0,-18.0,18.0,-16.0,16.0,-14.0,14.0,-12.0,11.0,-10.0,7.0,-8.0,2.0,-6.0,-3.0,-5.0,-8.0,-5.0,-13.0,-4.0,-18.0,-4.0,-22.0,-5.0,-25.0,-6.0,-28.0,-8.0,-30.0,-9.0,-30.0,-9.0,-29.0,-9.0,-28.0,-9.0,-25.0,-8.0,-21.0,-6.0,-17.0,-3.0,-13.0,0.0,-9.0,5.0,-4.0,9.0,-1.0,13.0,3.0,18.0,5.0
4.6521,122.0,-96.0,7.0,0.0,0.0,0.0,0.0,0.0,0.0,0.0,0.0,0.0,11.0,-2.0,11.0,-2.0,11.0,-2.0,11.0,-2.0,12.0,-2.0,12.0,-2.0,12.0,-3.0,12.0,-2.0,12.0,-2.0,12.0,-2.0,12.0,-3.0,12.0,-2.0,12.0,-2.0,12.0,-2.0,13.0,-3.0,13.0,-3.0,12.0,-3.0,13.0,-3.0,13.0,-3.0,13.0,-3.0,13.0,-4.0,13.0,-3.0,13.0,-4.0,13.0,-4.0,13.0,-4.0,13.0,-4.0
4.6654,122.0,-96.0,7.0,0.0,0.0,0.0,0.0,0.0,0.0,0.0,0.0,0.0,6.0,-14.0,6.0,-7.0,7.0,0.0,8.0,6.0,10.0,12.0,13.0,18.0,16.0,23.0,18.0,27.0,21.0,29.0,24.0,29.0,25.0,29.0,26.0,28.0,25.0,26.0,24.0,23.0,20.0,20.0,15.0,16.0,10.0,13.0,4.0,10.0,-4.0,8.0,-10.0,5.0,-19.0,5.0,-25.0,5.0,-31.0,6.0,-35.0,8.0,-38.0,9.0,-41.0,11.0
4.6818,122.0,-96.0,7.0,0.0,0.0,0.0,0.0,0.0,0.0,0.0,0.0,0.0,-4.0,-12.0,0.0,-8.0,4.0,-5.0,8.0,-2.0,12.0,1.0,17.0,2.0,20.0,4.0,24.0,4.0,27.0,4.0,28.0,4.0,29.0,2.0,28.0,1.0,27.0,1.0,26.0,-1.0,22.0,0.0,18.0,0.0,13.0,1.0,8.0,3.0,3.0,5.0,-2.0,8.0,-6.0,10.0,-10.0,15.0,-13.0,18.0,-14.0,21.0,-16.0,24.0,-16.0,26.0
4.6966,122.0,-96.0,7.0,0.0,0.0,0.0,0.0,0.0,0.0,0.0,0.0,0.0,-7.0,-13.0,-7.0,-13.0,-7.0,-13.0,-8.0,-14.0,-7.0,-14.0,-8.0,-14.0,-8.0,-14.0,-8.0,-14.0,-8.0,-14.0,-8.0,-15.0,-8.0,-15.0,-8.0,-15.0,-8.0,-14.0,-9.0,-15.0,-9.0,-15.0,-9.0,-15.0,-9.0,-15.0,-9.0,-15.0,-9.0,-15.0,-9.0,-15.0,-9.0,-15.0,-10.0,-15.0,-10.0,-15.0,-10.0,-15.0,-10.0,-15.0,-10.0,-15.0
4.7096,122.0,-96.0,7.0,0.0,0.0,0.0,0.0,0.0,0.0,0.0,0.0,0.0,-29.0,-5.0,-31.0,-5.0,-32.0,-4.0,-31.0,-4.0,-30.0,-3.0,-28.0,-3.0,-24.0,-2.0,-19.0,-3.0,-15.0,-4.0,-9.0,-5.0,-3.0,-7.0,3.0,-10.0,8.0,-13.0,13.0,-16.0,16.0,-19.0,19.0,-22.0,21.0,-25.0,21.0,-27.0,21.0,-28.0,20.0,-28.0,19.0,-27.0,16.0,-25.0,14.0,-22.0,11.0,-17.0,8.0,-12.0,7.0,-6.0
4.7241,122.0,-96.0,7.0,0.0,0.0,0.0,0.0,0.0,0.0,0.0,0.0,0.0,22.0,6.0,23.0,6.0,24.0,6.0,24.0,5.0,23.0,4.0,21.0,4.0,18.0,3.0,15.0,3.0,11.0,3.0,6.0,4.0,1.0,5.0,-3.0,6.0,-8.0,8.0,-12.0,10.0,-15.0,12.0,-18.0,14.0,-20.0,16.0,-21.0,17.0,-21.0,18.0,-21.0,19.0,-20.0,18.0,-18.0,17.0,-15.0,15.0,-12.0,12.0,-10.0,8.0,-8.0,4.0
4.7384,122.0,-96.0,7.0,0.0,0.0,0.0,0.0,0.0,0.0,0.0,0.0,0.0,-10.0,-9.0,-5.0,-7.0,1.0,-7.0,6.0,-6.0,12.0,-7.0,18.0,-8.0,22.0,-9.0,25.0,-11.0,28.0,-13.0,30.0,-14.0,29.0,-16.0,29.0,-16.0,27.0,-17.0,24.0,-16.0,21.0,-14.0,18.0,-11.0,13.0,-8.0,10.0,-3.0,7.0,3.0,3.0,8.0,1.0,14.0,0.0,19.0,-1.0,25.0,0.0,29.0,0.0,32.0,2.0,34.0
4.7517,122.0,-96.0,7.0,0.0,0.0,0.0,0.0,0.0,0.0,0.0,0.0,0.0,27.0,10.0,25.0,8.0,22.0,7.0,17.0,6.0,12.0,5.0,6.0,6.0,0.0,6.0,-5.0,7.0,-11.0,9.0,-16.0,11.0,-20.0,13.0,-23.0,15.0,-26.0,17.0,-28.0,20.0,-28.0,21.0,-27.0,21.0,-25.0,21.0,-23.0,19.0,-20.0,17.0,-16.0,14.0,-13.0,9.0,-10.0,3.0,-8.0,-2.0,-5.0,-8.0,-3.0,-14.0,-2.0,-20.0
4.7669,122.0,-96.0,7.0,0.0,0.0,0.0,0.0,0.0,0.0,0.0,0.0,0.0,-5.0,-13.0,-1.0,-9.0,4.0,-5.0,8.0,-3.0,13.0,0.0,19.0,1.0,23.0,2.0,27.0,2.0,31.0,2.0,33.0,1.0,33.0,0.0,32.0,-1.0,31.0,-2.0,29.0,-3.0,25.0,-3.0,20.0,-2.0,15.0,0.0,10.0,2.0,4.0,6.0,-1.0,9.0,-6.0,13.0,-10.0,17.0,-13.0,22.0,-14.0,25.0,-15.0,28.0,-16.0,30.0
4.7795,122.0,-96.0,7.0,0.0,0.0,0.0,0.0,0.0,0.0,0.0,0.0,0.0,11.0,1.0,11.0,1.0,11.0,0.0,11.0,0.0,12.0,0.0,12.0,0.0,12.0,0.0,12.0,0.0,12.0,0.0,12.0,0.0,12.0,0.0,13.0,0.0,12.0,0.0,13.0,0.0,12.0,0.0,13.0,0.0,13.0,-1.0,13.0,-1.0,13.0,-1.0,12.0,-1.0,13.0,-1.0,13.0,-1.0,13.0,-1.0,13.0,-2.0,13.0,-1.0,13.0,-1.0
4.7925,122.0,-96.0,7.0,0.0,0.0,0.0,0.0,0.0,0.0,0.0,0.0,0.0,-11.0,-5.0,-14.0,-7.0,-18.0,-9.0,-20.0,-10.0,-23.0,-11.0,-24.0,-11.0,-25.0,-10.0,-25.0,-9.0,-23.0,-8.0,-21.0,-7.0,-18.0,-7.0,-14.0,-6.0,-10.0,-6.0,-5.0,-6.0,0.0,-6.0,5.0,-7.0,10.0,-9.0,14.0,-11.0,17.0,-13.0,20.0,-15.0,21.0,-16.0,22.0,-17.0,22.0,-18.0,21.0,-18.0,19.0,-18.0,16.0,-16.0
4.8068,122.0,-96.0,7.0,0.0,0.0,0.0,0.0,0.0,0.0,0.0,0.0,0.0,-12.0,0.0,-7.0,-2.0,-3.0,-5.0,0.0,-9.0,3.0,-13.0,6.0,-17.0,7.0,-20.0,8.0,-24.0,8.0,-27.0,8.0,-28.0,7.0,-29.0,6.0,-29.0,5.0,-27.0,3.0,-26.0,3.0,-22.0,3.0,-17.0,3.0,-13.0,4.0,-7.0,6.0,-2.0,8.0,3.0,10.0,8.0,14.0,12.0,17.0,15.0,20.0,17.0,22.0,18.0,24.0,19.0
4.8204,122.0,-96.0,7.0,0.0,0.0,0.0,0.0,0.0,0.0,0.0,0.0,0.0,-22.0,-8.0,-24.0,-7.0,-25.0,-7.0,-24.0,-6.0,-24.0,-5.0,-22.0,-5.0,-19.0,-5.0,-15.0,-4.0,-11.0,-4.0,-7.0,-5.0,-1.0,-6.0,3.0,-8.0,8.0,-9.0,12.0,-11.0,15.0,-13.0,18.0,-15.0,20.0,-17.0,20.0,-18.0,20.0,-19.0,19.0,-20.0,18.0,-19.0,16.0,-17.0,14.0,-15.0,11.0,-12.0,8.0,-8.0,6.0,-4.0
4.8344,122.0,-96.0,7.0,0.0,0.0,0.0,0.0,0.0,0.0,0.0,0.0,0.0,12.0,2.0,6.0,3.0,1.0,5.0,-4.0,8.0,-9.0,12.0,-12.0,16.0,-15.0,19.0,-18.0,23.0,-19.0,26.0,-19.0,27.0,-18.0,28.0,-17.0,28.0,-15.0,26.0,-13.0,25.0,-11.0,20.0,-9.0,15.0,-8.0,10.0,-8.0,4.0,-8.0,-3.0,-8.0,-9.0,-10.0,-15.0,-12.0,-20.0,-14.0,-25.0,-16.0,-27.0,-19.0,-29.0,-20.0,-30.0
4.8498,122.0,-96.0,7.0,0.0,0.0,0.0,0.0,0.0,0.0,0.0,0.0,0.0,9.0,-10.0,14.0,-13.0,17.0,-16.0,21.0,-19.0,22.0,-20.0,23.0,-23.0,23.0,-24.0,22.0,-24.0,20.0,-23.0,17.0,-21.0,15.0,-17.0,13.0,-13.0,10.0,-8.0,8.0,-3.0,5.0,3.0,5.0,9.0,4.0,16.0,4.0,21.0,5.0,26.0,5.0,30.0,6.0,33.0,8.0,34.0,9.0,34.0,9.0,32.0,10.0,30.0,9.0,27.0
4.8643,122.0,-96.0,7.0,0.0,0.0,0.0,0.0,0.0,0.0,0.0,0.0,0.0,5.0,-10.0,5.0,-5.0,5.0,0.0,6.0,5.0,7.0,10.0,9.0,14.0,11.0,18.0,13.0,21.0,16.0,22.0,17.0,23.0,18.0,23.0,18.0,21.0,18.0,19.0,17.0,17.0,14.0,14.0,11.0,11.0,6.0,9.0,1.0,7.0,-5.0,5.0,-10.0,4.0,-15.0,3.0,-20.0,4.0,-24.0,4.0,-28.0,6.0,-29.0,7.0,-30.0,8.0
4.8794,122.0,-96.0,7.0,0.0,0.0,0.0,0.0,0.0,0.0,0.0,0.0,0.0,-20.0,16.0,-18.0,14.0,-15.0,12.0,-13.0,9.0,-10.0,6.0,-8.0,1.0,-6.0,-4.0,-4.0,-9.0,-3.0,-14.0,-2.0,-19.0,-2.0,-23.0,-2.0,-26.0,-3.0,-29.0,-5.0,-30.0,-5.0,-31.0,-6.0,-30.0,-7.0,-28.0,-6.0,-24.0,-5.0,-21.0,-4.0,-17.0,-1.0,-12.0,2.0,-7.0,6.0,-3.0,10.0,1.0,14.0,5.0,18.0,8.0
4.8931,122.0,-96.0,7.0,0.0,0.0,0.0,0.0,0.0,0.0,0.0,0.0,0.0,-5.0,-12.0,-6.0,-16.0,-7.0,-20.0,-8.0,-23.0,-9.0,-26.0,-11.0,-27.0,-12.0,-28.0,-13.0,-27.0,-13.0,-25.0,-12.0,-23.0,-10.0,-20.0,-7.0,-16.0,-5.0,-13.0,-1.0,-9.0,3.0,-5.0,8.0,-2.0,13.0,0.0,18.0,2.0,22.0,3.0,26.0,4.0,29.0,4.0,30.0,4.0,31.0,2.0,30.0,1.0,29.0,0.0,26.0,0.0
4.909,122.0,-96.0,7.0,0.0,0.0,0.0,0.0,0.0,0.0,0.0,0.0,0.0,-10.0,6.0,-7.0,2.0,-5.0,-3.0,-4.0,-8.0,-3.0,-13.0,-3.0,-18.0,-4.0,-22.0,-5.0,-25.0,-6.0,-28.0,-7.0,-29.0,-8.0,-29.0,-9.0,-28.0,-9.0,-27.0,-10.0,-24.0,-8.0,-21.0,-6.0,-17.0,-3.0,-13.0,0.0,-9.0,5.0,-5.0,8.0,-1.0,13.0,2.0,17.0,4.0,22.0,5.0,26.0,5.0,28.0,5.0,30.0,5.0
4.9257,122.0,-96.0,7.0,0.0,0.0,0.0,0.0,0.0,0.0,0.0,0.0,0.0,-14.0,-6.0,-14.0,-6.0,-14.0,-6.0,-14.0,-6.0,-15.0,-6.0,-15.0,-6.0,-15.0,-6.0,-16.0,-6.0,-16.0,-6.0,-16.0,-6.0,-16.0,-6.0,-16.0,-6.0,-16.0,-6.0,-17.0,-6.0,-17.0,-6.0,-16.0,-6.0,-16.0,-6.0,-17.0,-6.0,-17.0,-6.0,-17.0,-5.0,-17.0,-5.0,-17.0,-5.0,-17.0,-5.0,-17.0,-5.0,-17.0,-5.0,-17.0,-5.0
4.9381,122.0,-96.0,7.0,0.0,0.0,0.0,0.0,0.0,0.0,0.0,0.0,0.0,0.0,11.0,-2.0,6.0,-5.0,2.0,-9.0,-1.0,-13.0,-5.0,-17.0,-8.0,-20.0,-9.0,-24.0,-10.0,-26.0,-11.0,-27.0,-11.0,-29.0,-10.0,-28.0,-9.0,-27.0,-8.0,-25.0,-6.0,-22.0,-6.0,-17.0,-5.0,-12.0,-5.0,-7.0,-6.0,-1.0,-7.0,4.0,-8.0,9.0,-11.0,13.0,-13.0,17.0,-16.0,19.0,-18.0,21.0,-21.0,21.0,-22.0
4.9524,122.0,-96.0,7.0,0.0,0.0,0.0,0.0,0.0,0.0,0.0,0.0,0.0,-12.0,-1.0,-12.0,-2.0,-13.0,-1.0,-12.0,-1.0,-13.0,-1.0,-13.0,-1.0,-13.0,0.0,-14.0,0.0,-13.0,0.0,-13.0,-1.0,-14.0,-1.0,-13.0,-1.0,-14.0,-1.0,-13.0,0.0,-14.0,0.0,-13.0,0.0,-14.0,0.0,-14.0,0.0,-14.0,0.0,-14.0,0.0,-14.0,0.0,-14.0,0.0,-14.0,1.0,-15.0,1.0,-14.0,0.0,-15.0,1.0
4.9669,122.0,-96.0,7.0,0.0,0.0,0.0,0.0,0.0,0.0,0.0,0.0,0.0,-22.0,7.0,-24.0,8.0,-24.0,9.0,-24.0,9.0,-22.0,9.0,-21.0,9.0,-18.0,8.0,-15.0,5.0,-11.0,3.0,-8.0,-1.0,-5.0,-4.0,-2.0,-8.0,1.0,-13.0,3.0,-16.0,4.0,-20.0,5.0,-23.0,5.0,-26.0,5.0,-27.0,4.0,-28.0,3.0,-28.0,3.0,-26.0,2.0,-24.0,1.0,-21.0,2.0,-16.0,2.0,-12.0,3.0,-7.0
4.9794,122.0,-96.0,7.0,0.0,0.0,0.0,0.0,0.0,0.0,0.0,0.0,0.0,9.0,4.0,4.0,4.0,0.0,5.0,-5.0,6.0,-10.0,8.0,-15.0,10.0,-18.0,12.0,-21.0,14.0,-22.0,17.0,-23.0,18.0,-23.0,19.0,-22.0,19.0,-20.0,19.0,-18.0,18.0,-15.0,15.0,-12.0,12.0,-10.0,8.0,-8.0,3.0,-7.0,-3.0,-5.0,-8.0,-5.0,-13.0,-5.0,-18.0,-6.0,-23.0,-7.0,-27.0,-8.0,-29.0,-9.0,-30.0
4.9938,122.0,-96.0,7.0,0.0,0.0,0.0,0.0,0.0,0.0,0.0,0.0,0.0,7.0,-8.0,7.0,-8.0,7.0,-8.0,7.0,-8.0,7.0,-8.0,7.0,-9.0,7.0,-9.0,7.0,-9.0,7.0,-9.0,7.0,-9.0,7.0,-9.0,8.0,-9.0,7.0,-9.0,7.0,-9.0,7.0,-9.0,7.0,-10.0,7.0,-10.0,7.0,-10.0,7.0,-10.0,7.0,-10.0,7.0,-10.0,7.0,-10.0,7.0,-11.0,7.0,-10.0,7.0,-10.0,7.0,-10.0
5.0067,122.0,-96.0,7.0,0.0,0.0,0.0,0.0,0.0,0.0,0.0,0.0,0.0,15.0,13.0,15.0,14.0,15.0,13.0,15.0,14.0,15.0,14.0,15.0,14.0,16.0,14.0,16.0,15.0,16.0,14.0,16.0,14.0,16.0,14.0,16.0,14.0,16.0,15.0,17.0,14.0,17.0,14.0,17.0,14.0,17.0,14.0,17.0,14.0,17.0,14.0,17.0,14.0,18.0,14.0,17.0,14.0,18.0,14.0,18.0,14.0,17.0,14.0,18.0,14.0
