time,sc_0,sc_1,sc_2,sc_3,sc_4,sc_5,sc_6,sc_7,sc_8,sc_9,sc_10,sc_11,sc_12,sc_13,sc_14,sc_15,sc_16,sc_17,sc_18,sc_19,sc_20,sc_21,sc_22,sc_23,sc_24,sc_25,sc_26,sc_27,sc_28,sc_29,sc_30,sc_31,sc_32,sc_33,sc_34,sc_35,sc_36,sc_37,sc_38,sc_39,sc_40,sc_41,sc_42,sc_43,sc_44,sc_45,sc_46,sc_47,sc_48,sc_49,sc_50,sc_51,sc_52,sc_53,sc_54,sc_55,sc_56,sc_57,sc_58,sc_59,sc_60,sc_61,sc_62,sc_63
0.0202,122.0,-96.0,7.0,0.0,0.0,0.0,0.0,0.0,0.0,0.0,0.0,0.0,-11.0,3.0,-7.0,0.0,-5.0,-4.0,-3.0,-9.0,-1.0,-14.0,0.0,-18.0,1.0,-22.0,1.0,-26.0,0.0,-29.0,0.0,-30.0,-2.0,-31.0,-2.0,-30.0,-3.0,-28.0,-4.0,-26.0,-3.0,-22.0,-3.0,-18.0,-1.0,-13.0,2.0,-9.0,6.0,-4.0,9.0,1.0,13.0,4.0,17.0,7.0,22.0,10.0,25.0,10.0,27.0,11.0,28.0,10.0
0.0264,98.0,33.0,22.0,0.0,0.0,0.0,0.0,0.0,0.0,0.0,0.0,0.0,-7.0,8.0,-5.0,7.0,0.0,8.0,5.0,8.0,6.0,10.0,10.0,11.0,12.0,11.0,16.0,13.0,16.0,11.0,16.0,11.0,18.0,10.0,18.0,8.0,17.0,6.0,14.0,4.0,12.0,1.0,9.0,-1.0,5.0,-2.0,1.0,-4.0,-4.0,-5.0,-9.0,-6.0,-14.0,-6.0,-18.0,-7.0,-22.0,-7.0,-25.0,-7.0,-28.0,-6.0,-29.0,-6.0
0.0481,122.0,-96.0,7.0,0.0,0.0,0.0,0.0,0.0,0.0,0.0,0.0,0.0,-9.0,21.0,-9.0,23.0,-9.0,23.0,-8.0,23.0,-7.0,22.0,-7.0,21.0,-6.0,18.0,-6.0,14.0,-5.0,10.0,-6.0,5.0,-6.0,0.0,-8.0,-5.0,-9.0,-10.0,-11.0,-13.0,-13.0,-17.0,-14.0,-19.0,-16.0,-22.0,-17.0,-22.0,-19.0,-23.0,-19.0,-21.0,-18.0,-20.0,-16.0,-18.0,-15.0,-15.0,-11.0,-12.0,-7.0,-9.0,-3.0,-7.0
0.0573,122.0,-96.0,7.0,0.0,0.0,0.0,0.0,0.0,0.0,0.0,0.0,0.0,-14.0,-2.0,-15.0,-2.0,-15.0,-2.0,-15.0,-2.0,-15.0,-2.0,-16.0,-2.0,-16.0,-2.0,-16.0,-1.0,-16.0,-2.0,-16.0,-2.0,-16.0,-2.0,-17.0,-2.0,-16.0,-2.0,-16.0,-1.0,-17.0,-2.0,-17.0,-1.0,-17.0,-1.0,-17.0,-1.0,-17.0,-1.0,-17.0,-1.0,-17.0,-1.0,-18.0,-1.0,-18.0,-1.0,-18.0,0.0,-18.0,-1.0,-18.0,0.0
0.0609,122.0,-96.0,7.0,0.0,0.0,0.0,0.0,0.0,0.0,0.0,0.0,0.0,7.0,11.0,7.0,11.0,7.0,12.0,8.0,12.0,7.0,11.0,8.0,12.0,7.0,12.0,8.0,12.0,8.0,13.0,8.0,12.0,8.0,12.0,8.0,13.0,9.0,13.0,9.0,12.0,9.0,13.0,9.0,13.0,9.0,13.0,9.0,13.0,9.0,13.0,9.0,13.0,9.0,13.0,9.0,13.0,10.0,13.0,10.0,13.0,10.0,13.0,10.0,13.0
0.0897,122.0,-96.0,7.0,0.0,0.0,0.0,0.0,0.0,0.0,0.0,0.0,0.0,10.0,6.0,13.0,9.0,16.0,12.0,18.0,14.0,21.0,15.0,23.0,16.0,24.0,15.0,24.0,14.0,23.0,13.0,20.0,11.0,17.0,10.0,13.0,9.0,9.0,7.0,3.0,6.0,-2.0,6.0,-8.0,6.0,-13.0,7.0,-18.0,8.0,-22.0,10.0,-25.0,12.0,-27.0,14.0,-28.0,15.0,-27.0,16.0,-26.0,15.0,-24.0,16.0,-21.0,14.0
0.1055,122.0,-96.0,7.0,0.0,0.0,0.0,0.0,0.0,0.0,0.0,0.0,0.0,-7.0,-9.0,-7.0,-9.0,-7.0,-9.0,-8.0,-10.0,-7.0,-9.0,-8.0,-10.0,-9.0,-10.0,-9.0,-9.0,-9.0,-10.0,-9.0,-10.0,-9.0,-10.0,-9.0,-10.0,-8.0,-10.0,-9.0,-10.0,-10.0,-10.0,-9.0,-10.0,-10.0,-10.0,-10.0,-10.0,-10.0,-10.0,-10.0,-10.0,-10.0,-10.0,-10.0,-10.0,-11.0,-10.0,-11.0,-10.0,-11.0,-10.0,-11.0,-10.0
0.1179,122.0,-96.0,7.0,0.0,0.0,0.0,0.0,0.0,0.0,0.0,0.0,0.0,-24.0,-11.0,-25.0,-10.0,-27.0,-10.0,-26.0,-10.0,-26.0,-8.0,-23.0,-8.0,-20.0,-7.0,-16.0,-7.0,-12.0,-6.0,-7.0,-7.0,-1.0,-7.0,4.0,-8.0,9.0,-10.0,13.0,-12.0,17.0,-13.0,21.0,-16.0,22.0,-17.0,24.0,-19.0,23.0,-19.0,22.0,-20.0,21.0,-19.0,19.0,-18.0,16.0,-16.0,12.0,-12.0,10.0,-8.0,7.0,-4.0
0.1317,122.0,-96.0,7.0,0.0,0.0,0.0,0.0,0.0,0.0,0.0,0.0,0.0,-2.0,-14.0,-2.0,-15.0,-2.0,-15.0,-2.0,-15.0,-2.0,-15.0,-3.0,-16.0,-3.0,-15.0,-3.0,-16.0,-3.0,-16.0,-3.0,-15.0,-3.0,-16.0,-3.0,-16.0,-3.0,-16.0,-3.0,-16.0,-3.0,-17.0,-3.0,-17.0,-3.0,-17.0,-4.0,-16.0,-4.0,-17.0,-4.0,-17.0,-4.0,-17.0,-4.0,-17.0,-5.0,-17.0,-4.0,-18.0,-4.0,-17.0,-5.0,-18.0
0.146,122.0,-96.0,7.0,0.0,0.0,0.0,0.0,0.0,0.0,0.0,0.0,0.0,2.0,12.0,2.0,12.0,2.0,13.0,2.0,13.0,2.0,13.0,3.0,13.0,3.0,13.0,3.0,14.0,3.0,14.0,3.0,14.0,2.0,14.0,3.0,14.0,3.0,14.0,3.0,15.0,3.0,14.0,3.0,14.0,4.0,14.0,3.0,14.0,4.0,14.0,4.0,15.0,4.0,15.0,4.0,15.0,4.0,15.0,5.0,15.0,4.0,15.0,5.0,15.0
0.1592,122.0,-96.0,7.0,0.0,0.0,0.0,0.0,0.0,0.0,0.0,0.0,0.0,-14.0,4.0,-19.0,4.0,-23.0,4.0,-27.0,5.0,-29.0,6.0,-32.0,8.0,-31.0,9.0,-31.0,10.0,-29.0,10.0,-26.0,9.0,-22.0,7.0,-18.0,5.0,-14.0,2.0,-9.0,-2.0,-5.0,-6.0,-1.0,-11.0,2.0,-17.0,5.0,-21.0,6.0,-27.0,6.0,-30.0,6.0,-34.0,5.0,-35.0,5.0,-35.0,4.0,-34.0,2.0,-32.0,1.0,-29.0
0.1734,122.0,-96.0,7.0,0.0,0.0,0.0,0.0,0.0,0.0,0.0,0.0,0.0,-11.0,-5.0,-6.0,-5.0,-1.0,-6.0,3.0,-8.0,8.0,-10.0,12.0,-13.0,15.0,-15.0,17.0,-18.0,19.0,-20.0,19.0,-21.0,18.0,-23.0,17.0,-23.0,16.0,-22.0,14.0,-22.0,12.0,-18.0,10.0,-14.0,8.0,-10.0,7.0,-5.0,6.0,1.0,6.0,6.0,6.0,11.0,7.0,16.0,9.0,20.0,12.0,23.0,13.0,25.0,14.0,26.0
0.1878,122.0,-96.0,7.0,0.0,0.0,0.0,0.0,0.0,0.0,0.0,0.0,0.0,24.0,-6.0,22.0,-5.0,19.0,-5.0,15.0,-4.0,11.0,-2.0,7.0,1.0,3.0,4.0,-1.0,8.0,-4.0,12.0,-6.0,16.0,-8.0,19.0,-9.0,22.0,-10.0,25.0,-9.0,28.0,-9.0,29.0,-8.0,28.0,-7.0,27.0,-6.0,24.0,-5.0,21.0,-5.0,17.0,-5.0,11.0,-6.0,6.0,-7.0,1.0,-9.0,-5.0,-10.0,-10.0,-14.0,-14.0
0.2009,122.0,-96.0,7.0,0.0,0.0,0.0,0.0,0.0,0.0,0.0,0.0,0.0,9.0,5.0,9.0,5.0,9.0,4.0,10.0,6.0,9.0,5.0,9.0,5.0,10.0,6.0,11.0,6.0,10.0,6.0,11.0,6.0,11.0,6.0,11.0,6.0,11.0,5.0,11.0,5.0,11.0,5.0,12.0,5.0,11.0,5.0,12.0,5.0,12.0,5.0,12.0,5.0,12.0,5.0,11.0,5.0,12.0,5.0,12.0,5.0,12.0,5.0,12.0,5.0
0.2151,122.0,-96.0,7.0,0.0,0.0,0.0,0.0,0.0,0.0,0.0,0.0,0.0,-10.0,7.0,-8.0,2.0,-6.0,-3.0,-5.0,-8.0,-5.0,-14.0,-6.0,-20.0,-6.0,-24.0,-8.0,-27.0,-9.0,-30.0,-10.0,-31.0,-11.0,-32.0,-12.0,-31.0,-12.0,-29.0,-13.0,-26.0,-11.0,-23.0,-8.0,-18.0,-5.0,-14.0,-1.0,-10.0,5.0,-6.0,9.0,-3.0,15.0,-1.0,20.0,1.0,25.0,2.0,29.0,2.0,32.0,1.0,34.0,1.0
0.2309,122.0,-96.0,7.0,0.0,0.0,0.0,0.0,0.0,0.0,0.0,0.0,0.0,-11.0,8.0,-11.0,9.0,-11.0,9.0,-12.0,9.0,-12.0,9.0,-12.0,10.0,-12.0,10.0,-12.0,10.0,-12.0,10.0,-12.0,10.0,-12.0,10.0,-12.0,11.0,-12.0,11.0,-12.0,11.0,-12.0,11.0,-12.0,11.0,-12.0,11.0,-12.0,12.0,-12.0,12.0,-12.0,12.0,-12.0,12.0,-12.0,12.0,-12.0,13.0,-12.0,12.0,-12.0,13.0,-12.0,13.0
0.2454,122.0,-96.0,7.0,0.0,0.0,0.0,0.0,0.0,0.0,0.0,0.0,0.0,6.0,-10.0,7.0,-11.0,7.0,-11.0,7.0,-11.0,8.0,-11.0,7.0,-12.0,7.0,-12.0,7.0,-12.0,7.0,-12.0,7.0,-12.0,7.0,-13.0,7.0,-13.0,7.0,-13.0,7.0,-13.0,7.0,-13.0,7.0,-13.0,6.0,-13.0,6.0,-14.0,6.0,-14.0,6.0,-14.0,6.0,-14.0,6.0,-14.0,6.0,-14.0,6.0,-14.0,6.0,-14.0,6.0,-14.0
0.2593,122.0,-96.0,7.0,0.0,0.0,0.0,0.0,0.0,0.0,0.0,0.0,0.0,11.0,-23.0,11.0,-25.0,11.0,-25.0,10.0,-26.0,9.0,-25.0,8.0,-23.0,7.0,-20.0,6.0,-16.0,5.0,-12.0,5.0,-6.0,6.0,-1.0,7.0,4.0,8.0,10.0,10.0,14.0,12.0,18.0,12.0,21.0,15.0,23.0,16.0,24.0,17.0,25.0,17.0,23.0,17.0,22.0,15.0,20.0,14.0,17.0,10.0,14.0,6.0,10.0,2.0,7.0
0.2747,122.0,-96.0,7.0,0.0,0.0,0.0,0.0,0.0,0.0,0.0,0.0,0.0,-12.0,-6.0,-12.0,-5.0,-12.0,-6.0,-12.0,-6.0,-13.0,-5.0,-13.0,-6.0,-13.0,-6.0,-14.0,-5.0,-13.0,-5.0,-14.0,-6.0,-14.0,-6.0,-14.0,-6.0,-14.0,-6.0,-14.0,-6.0,-14.0,-5.0,-14.0,-6.0,-14.0,-5.0,-15.0,-6.0,-15.0,-6.0,-15.0,-5.0,-15.0,-5.0,-15.0,-5.0,-15.0,-5.0,-15.0,-5.0,-15.0,-5.0,-16.0,-5.0
0.2887,122.0,-96.0,7.0,0.0,0.0,0.0,0.0,0.0,0.0,0.0,0.0,0.0,5.0,12.0,5.0,12.0,5.0,13.0,5.0,13.0,5.0,13.0,5.0,13.0,6.0,14.0,6.0,13.0,6.0,13.0,6.0,14.0,6.0,14.0,6.0,14.0,6.0,14.0,6.0,14.0,6.0,14.0,7.0,14.0,7.0,14.0,7.0,14.0,7.0,14.0,7.0,14.0,8.0,14.0,8.0,14.0,8.0,14.0,8.0,15.0,7.0,15.0,8.0,15.0
0.3027,122.0,-96.0,7.0,0.0,0.0,0.0,0.0,0.0,0.0,0.0,0.0,0.0,21.0,-8.0,22.0,-10.0,22.0,-10.0,22.0,-11.0,20.0,-11.0,18.0,-10.0,16.0,-9.0,13.0,-6.0,10.0,-4.0,7.0,0.0,4.0,4.0,1.0,8.0,-2.0,12.0,-3.0,16.0,-4.0,20.0,-5.0,22.0,-6.0,25.0,-6.0,26.0,-4.0,27.0,-4.0,26.0,-3.0,25.0,-3.0,22.0,-2.0,19.0,-2.0,14.0,-3.0,9.0,-4.0,5.0
0.3164,122.0,-96.0,7.0,0.0,0.0,0.0,0.0,0.0,0.0,0.0,0.0,0.0,-11.0,-20.0,-13.0,-22.0,-14.0,-22.0,-14.0,-21.0,-14.0,-20.0,-13.0,-18.0,-11.0,-16.0,-8.0,-13.0,-5.0,-10.0,-1.0,-7.0,3.0,-5.0,8.0,-3.0,12.0,-1.0,16.0,0.0,20.0,1.0,23.0,1.0,25.0,1.0,27.0,1.0,27.0,0.0,26.0,-1.0,25.0,-1.0,22.0,-1.0,19.0,-1.0,14.0,-1.0,10.0,0.0,5.0,3.0
0.3298,122.0,-96.0,7.0,0.0,0.0,0.0,0.0,0.0,0.0,0.0,0.0,0.0,17.0,14.0,19.0,14.0,20.0,14.0,20.0,13.0,19.0,12.0,17.0,11.0,15.0,9.0,11.0,8.0,7.0,7.0,3.0,6.0,-2.0,5.0,-7.0,5.0,-12.0,5.0,-16.0,6.0,-20.0,7.0,-22.0,8.0,-24.0,9.0,-25.0,10.0,-26.0,11.0,-25.0,12.0,-23.0,11.0,-20.0,10.0,-17.0,9.0,-13.0,6.0,-10.0,3.0,-7.0,-1.0
0.3448,122.0,-96.0,7.0,0.0,0.0,0.0,0.0,0.0,0.0,0.0,0.0,0.0,13.0,4.0,13.0,3.0,13.0,3.0,14.0,4.0,15.0,2.0,14.0,3.0,15.0,4.0,15.0,1.0,14.0,3.0,15.0,4.0,15.0,2.0,15.0,3.0,16.0,3.0,16.0,2.0,15.0,2.0,15.0,1.0,15.0,2.0,16.0,2.0,16.0,3.0,16.0,3.0,16.0,1.0,16.0,2.0,16.0,3.0,16.0,3.0,17.0,1.0,16.0,1.0
0.3471,98.0,33.0,22.0,0.0,0.0,0.0,0.0,0.0,0.0,0.0,0.0,0.0,-24.0,4.0,-21.0,3.0,-17.0,4.0,-12.0,4.0,-8.0,5.0,-3.0,8.0,1.0,9.0,6.0,9.0,11.0,10.0,15.0,10.0,18.0,10.0,21.0,10.0,23.0,9.0,25.0,6.0,24.0,5.0,25.0,3.0,22.0,1.0,19.0,0.0,15.0,-1.0,11.0,-2.0,5.0,-2.0,-2.0,-2.0,-8.0,-1.0,-15.0,0.0,-21.0,1.0,-27.0,3.0
0.3609,122.0,-96.0,7.0,0.0,0.0,0.0,0.0,0.0,0.0,0.0,0.0,0.0,2.0,24.0,4.0,27.0,4.0,27.0,5.0,26.0,5.0,25.0,4.0,23.0,4.0,20.0,2.0,16.0,1.0,13.0,-2.0,8.0,-5.0,4.0,-8.0,0.0,-12.0,-4.0,-16.0,-6.0,-20.0,-9.0,-23.0,-11.0,-26.0,-12.0,-27.0,-12.0,-29.0,-12.0,-29.0,-11.0,-28.0,-10.0,-26.0,-9.0,-23.0,-7.0,-19.0,-6.0,-14.0,-5.0,-9.0,-5.0
0.3749,122.0,-96.0,7.0,0.0,0.0,0.0,0.0,0.0,0.0,0.0,0.0,0.0,10.0,-4.0,10.0,-4.0,10.0,-4.0,11.0,-4.0,11.0,-4.0,11.0,-5.0,11.0,-5.0,11.0,-5.0,11.0,-5.0,11.0,-5.0,12.0,-5.0,11.0,-5.0,12.0,-5.0,12.0,-5.0,11.0,-5.0,12.0,-6.0,12.0,-6.0,12.0,-6.0,12.0,-6.0,12.0,-6.0,12.0,-6.0,12.0,-6.0,12.0,-6.0,13.0,-7.0,12.0,-6.0,12.0,-6.0
0.3876,122.0,-96.0,7.0,0.0,0.0,0.0,0.0,0.0,0.0,0.0,0.0,0.0,-13.0,-6.0,-17.0,-9.0,-21.0,-12.0,-24.0,-14.0,-26.0,-15.0,-29.0,-15.0,-30.0,-14.0,-31.0,-13.0,-29.0,-11.0,-26.0,-10.0,-22.0,-9.0,-17.0,-9.0,-12.0,-8.0,-6.0,-7.0,0.0,-7.0,6.0,-9.0,12.0,-11.0,17.0,-13.0,22.0,-16.0,25.0,-18.0,27.0,-21.0,27.0,-22.0,26.0,-23.0,25.0,-22.0,23.0,-22.0,20.0,-20.0
0.4009,122.0,-96.0,7.0,0.0,0.0,0.0,0.0,0.0,0.0,0.0,0.0,0.0,-4.0,-12.0,-5.0,-16.0,-5.0,-20.0,-6.0,-23.0,-7.0,-26.0,-8.0,-27.0,-9.0,-28.0,-10.0,-27.0,-10.0,-26.0,-9.0,-24.0,-8.0,-20.0,-6.0,-17.0,-3.0,-13.0,0.0,-9.0,4.0,-5.0,8.0,-2.0,13.0,1.0,17.0,3.0,21.0,5.0,25.0,5.0,28.0,6.0,29.0,6.0,31.0,5.0,30.0,4.0,29.0,2.0,25.0,2.0
0.4141,122.0,-96.0,7.0,0.0,0.0,0.0,0.0,0.0,0.0,0.0,0.0,0.0,12.0,-19.0,10.0,-17.0,9.0,-16.0,7.0,-12.0,6.0,-8.0,5.0,-4.0,5.0,1.0,5.0,5.0,6.0,10.0,6.0,14.0,7.0,18.0,8.0,20.0,10.0,22.0,12.0,23.0,12.0,23.0,13.0,22.0,13.0,20.0,12.0,18.0,10.0,15.0,7.0,12.0,3.0,9.0,-1.0,6.0,-5.0,4.0,-10.0,1.0,-14.0,0.0,-19.0,-1.0
0.4297,122.0,-96.0,7.0,0.0,0.0,0.0,0.0,0.0,0.0,0.0,0.0,0.0,-8.0,-21.0,-8.0,-20.0,-7.0,-17.0,-5.0,-14.0,-3.0,-10.0,1.0,-7.0,4.0,-4.0,8.0,-1.0,12.0,1.0,15.0,3.0,19.0,4.0,22.0,4.0,24.0,5.0,26.0,4.0,27.0,3.0,26.0,2.0,25.0,1.0,21.0,1.0,18.0,1.0,14.0,1.0,10.0,2.0,5.0,3.0,0.0,5.0,-4.0,8.0,-8.0,10.0,-12.0,14.0
0.446,122.0,-96.0,7.0,0.0,0.0,0.0,0.0,0.0,0.0,0.0,0.0,0.0,-6.0,24.0,-5.0,22.0,-4.0,19.0,-4.0,15.0,-4.0,10.0,-5.0,6.0,-7.0,1.0,-8.0,-4.0,-11.0,-8.0,-13.0,-12.0,-15.0,-16.0,-17.0,-18.0,-20.0,-20.0,-22.0,-20.0,-23.0,-20.0,-23.0,-19.0,-23.0,-18.0,-21.0,-16.0,-18.0,-14.0,-15.0,-11.0,-10.0,-10.0,-4.0,-8.0,1.0,-7.0,7.0,-6.0,12.0,-5.0,17.0,-6.0
0.4563,122.0,-96.0,7.0,0.0,0.0,0.0,0.0,0.0,0.0,0.0,0.0,0.0,2.0,-13.0,1.0,-12.0,2.0,-13.0,2.0,-13.0,2.0,-13.0,2.0,-13.0,2.0,-14.0,2.0,-14.0,2.0,-14.0,2.0,-14.0,2.0,-14.0,2.0,-15.0,2.0,-14.0,2.0,-15.0,2.0,-15.0,2.0,-14.0,2.0,-15.0,1.0,-15.0,2.0,-16.0,1.0,-15.0,2.0,-15.0,2.0,-15.0,1.0,-16.0,1.0,-16.0,2.0,-16.0,1.0,-16.0
0.4709,122.0,-96.0,7.0,0.0,0.0,0.0,0.0,0.0,0.0,0.0,0.0,0.0,-12.0,-4.0,-15.0,-6.0,-19.0,-8.0,-22.0,-9.0,-25.0,-9.0,-27.0,-9.0,-28.0,-9.0,-28.0,-8.0,-27.0,-7.0,-25.0,-6.0,-22.0,-5.0,-17.0,-5.0,-13.0,-5.0,-8.0,-5.0,-3.0,-6.0,2.0,-8.0,7.0,-10.0,11.0,-13.0,15.0,-15.0,18.0,-18.0,20.0,-20.0,21.0,-22.0,21.0,-24.0,20.0,-24.0,18.0,-24.0,16.0,-22.0
0.4761,98.0,33.0,22.0,0.0,0.0,0.0,0.0,0.0,0.0,0.0,0.0,0.0,12.0,-11.0,11.0,-14.0,14.0,-18.0,13.0,-19.0,17.0,-20.0,14.0,-24.0,12.0,-22.0,11.0,-25.0,8.0,-22.0,6.0,-19.0,2.0,-15.0,-2.0,-11.0,-1.0,-8.0,-6.0,-4.0,-5.0,2.0,-7.0,7.0,-7.0,14.0,-6.0,17.0,-6.0,23.0,-5.0,26.0,-5.0,30.0,-3.0,31.0,-2.0,31.0,-1.0,28.0,1.0,25.0,1.0,23.0
0.4893,122.0,-96.0,7.0,0.0,0.0,0.0,0.0,0.0,0.0,0.0,0.0,0.0,11.0,0.0,11.0,0.0,11.0,0.0,11.0,0.0,11.0,0.0,12.0,-1.0,12.0,-1.0,12.0,-1.0,12.0,-1.0,12.0,-1.0,12.0,-1.0,12.0,-1.0,12.0,-1.0,12.0,-1.0,13.0,-1.0,13.0,-1.0,13.0,-2.0,12.0,-1.0,13.0,-1.0,13.0,-2.0,13.0,-2.0,13.0,-2.0,13.0,-2.0,13.0,-2.0,14.0,-2.0,14.0,-2.0
0.5017,122.0,-96.0,7.0,0.0,0.0,0.0,0.0,0.0,0.0,0.0,0.0,0.0,-14.0,1.0,-19.0,0.0,-23.0,0.0,-27.0,-1.0,-29.0,0.0,-32.0,1.0,-33.0,2.0,-32.0,3.0,-31.0,3.0,-28.0,3.0,-24.0,3.0,-20.0,1.0,-15.0,0.0,-10.0,-3.0,-5.0,-6.0,0.0,-10.0,5.0,-15.0,8.0,-18.0,11.0,-24.0,13.0,-27.0,14.0,-30.0,14.0,-32.0,13.0,-33.0,12.0,-32.0,10.0,-32.0,8.0,-29.0
0.5146,122.0,-96.0,7.0,0.0,0.0,0.0,0.0,0.0,0.0,0.0,0.0,0.0,9.0,0.0,10.0,0.0,10.0,0.0,10.0,0.0,10.0,0.0,10.0,0.0,11.0,0.0,11.0,0.0,10.0,0.0,11.0,0.0,11.0,0.0,12.0,0.0,11.0,-1.0,11.0,-1.0,12.0,-1.0,12.0,-1.0,12.0,-1.0,12.0,-1.0,12.0,-1.0,11.0,-1.0,12.0,-1.0,12.0,-1.0,12.0,-1.0,12.0,-2.0,12.0,-2.0,12.0,-2.0
0.5287,122.0,-96.0,7.0,0.0,0.0,0.0,0.0,0.0,0.0,0.0,0.0,0.0,-1.0,10.0,-1.0,11.0,-1.0,11.0,-1.0,11.0,0.0,12.0,0.0,12.0,-1.0,12.0,0.0,13.0,-1.0,11.0,-1.0,12.0,0.0,13.0,0.0,13.0,-1.0,13.0,0.0,13.0,0.0,13.0,0.0,13.0,0.0,13.0,0.0,13.0,0.0,13.0,0.0,13.0,0.0,13.0,0.0,13.0,1.0,13.0,1.0,14.0,1.0,13.0,1.0,14.0
0.5422,122.0,-96.0,7.0,0.0,0.0,0.0,0.0,0.0,0.0,0.0,0.0,0.0,20.0,8.0,23.0,7.0,23.0,7.0,23.0,7.0,22.0,6.0,21.0,5.0,18.0,4.0,15.0,4.0,11.0,4.0,6.0,4.0,1.0,5.0,-3.0,6.0,-8.0,8.0,-12.0,9.0,-15.0,11.0,-18.0,13.0,-20.0,15.0,-21.0,16.0,-22.0,18.0,-21.0,18.0,-20.0,18.0,-17.0,16.0,-15.0,15.0,-13.0,12.0,-10.0,8.0,-8.0,4.0
0.5569,122.0,-96.0,7.0,0.0,0.0,0.0,0.0,0.0,0.0,0.0,0.0,0.0,-9.0,9.0,-7.0,10.0,-8.0,10.0,-8.0,10.0,-8.0,10.0,-8.0,11.0,-8.0,11.0,-8.0,11.0,-8.0,11.0,-9.0,11.0,-8.0,11.0,-9.0,12.0,-9.0,11.0,-8.0,12.0,-8.0,12.0,-8.0,12.0,-8.0,12.0,-8.0,13.0,-8.0,12.0,-8.0,12.0,-8.0,12.0,-8.0,13.0,-7.0,13.0,-8.0,13.0,-8.0,13.0,-8.0,14.0
0.5627,98.0,33.0,22.0,0.0,0.0,0.0,0.0,0.0,0.0,0.0,0.0,0.0,7.0,26.0,7.0,24.0,7.0,26.0,6.0,23.0,7.0,19.0,7.0,16.0,6.0,13.0,6.0,7.0,7.0,3.0,5.0,-4.0,4.0,-6.0,1.0,-11.0,0.0,-16.0,-4.0,-20.0,-8.0,-21.0,-8.0,-22.0,-11.0,-24.0,-15.0,-23.0,-18.0,-22.0,-17.0,-21.0,-16.0,-19.0,-15.0,-15.0,-12.0,-12.0,-8.0,-8.0,-3.0,-4.0,3.0,1.0
0.5762,122.0,-96.0,7.0,0.0,0.0,0.0,0.0,0.0,0.0,0.0,0.0,0.0,5.0,-11.0,4.0,-11.0,5.0,-11.0,4.0,-11.0,4.0,-11.0,4.0,-12.0,4.0,-12.0,4.0,-12.0,4.0,-13.0,4.0,-12.0,4.0,-12.0,4.0,-12.0,4.0,-13.0,4.0,-13.0,5.0,-13.0,5.0,-13.0,4.0,-13.0,4.0,-14.0,4.0,-13.0,4.0,-14.0,4.0,-13.0,4.0,-14.0,4.0,-14.0,4.0,-14.0,4.0,-14.0,4.0,-14.0
0.5903,122.0,-96.0,7.0,0.0,0.0,0.0,0.0,0.0,0.0,0.0,0.0,0.0,-4.0,-23.0,-4.0,-23.0,-4.0,-23.0,-4.0,-23.0,-5.0,-23.0,-5.0,-24.0,-6.0,-24.0,-6.0,-24.0,-6.0,-24.0,-6.0,-25.0,-5.0,-24.0,-5.0,-24.0,-5.0,-25.0,-6.0,-25.0,-6.0,-25.0,-6.0,-25.0,-6.0,-25.0,-7.0,-25.0,-7.0,-25.0,-8.0,-25.0,-7.0,-25.0,-8.0,-25.0,-8.0,-26.0,-7.0,-25.0,-7.0,-25.0,-8.0,-25.0
0.6042,122.0,-96.0,7.0,0.0,0.0,0.0,0.0,0.0,0.0,0.0,0.0,0.0,5.0,-10.0,4.0,-10.0,3.0,-9.0,4.0,-10.0,4.0,-10.0,5.0,-10.0,5.0,-11.0,4.0,-10.0,4.0,-11.0,4.0,-11.0,5.0,-11.0,4.0,-12.0,5.0,-11.0,4.0,-12.0,4.0,-12.0,4.0,-12.0,4.0,-11.0,4.0,-12.0,4.0,-12.0,4.0,-12.0,4.0,-12.0,4.0,-12.0,4.0,-12.0,4.0,-12.0,4.0,-12.0,4.0,-12.0
0.6179,98.0,32.0,6.0,0.0,0.0,0.0,0.0,0.0,0.0,0.0,0.0,0.0,-19.0,6.0,-19.0,6.0,-19.0,6.0,-20.0,6.0,-20.0,7.0,-20.0,7.0,-20.0,7.0,-20.0,7.0,-21.0,7.0,-21.0,7.0,-21.0,7.0,-21.0,7.0,-21.0,8.0,-21.0,8.0,-21.0,8.0,-21.0,7.0,-21.0,8.0,-21.0,8.0,-21.0,8.0,-21.0,9.0,-21.0,9.0,-21.0,9.0,-21.0,9.0,-21.0,9.0,-21.0,9.0,-21.0,9.0
0.6335,122.0,-96.0,7.0,0.0,0.0,0.0,0.0,0.0,0.0,0.0,0.0,0.0,-22.0,12.0,-20.0,11.0,-17.0,10.0,-14.0,7.0,-11.0,4.0,-8.0,0.0,-6.0,-4.0,-4.0,-8.0,-2.0,-13.0,-1.0,-18.0,0.0,-22.0,1.0,-25.0,0.0,-28.0,-1.0,-30.0,-2.0,-31.0,-3.0,-30.0,-4.0,-29.0,-4.0,-26.0,-3.0,-22.0,-3.0,-18.0,-1.0,-14.0,2.0,-9.0,5.0,-4.0,8.0,1.0,12.0,5.0,16.0,8.0
0.647,122.0,-96.0,7.0,0.0,0.0,0.0,0.0,0.0,0.0,0.0,0.0,0.0,7.0,-22.0,7.0,-24.0,6.0,-24.0,6.0,-24.0,5.0,-23.0,4.0,-21.0,4.0,-19.0,3.0,-15.0,3.0,-11.0,4.0,-6.0,5.0,-1.0,6.0,3.0,9.0,7.0,10.0,11.0,12.0,14.0,14.0,17.0,16.0,19.0,17.0,20.0,18.0,20.0,19.0,19.0,18.0,18.0,17.0,15.0,15.0,13.0,11.0,11.0,7.0,8.0,3.0,6.0
0.6615,122.0,-96.0,7.0,0.0,0.0,0.0,0.0,0.0,0.0,0.0,0.0,0.0,15.0,-17.0,16.0,-20.0,15.0,-19.0,15.0,-20.0,13.0,-19.0,12.0,-18.0,10.0,-15.0,9.0,-11.0,7.0,-8.0,6.0,-3.0,5.0,1.0,4.0,6.0,5.0,11.0,4.0,15.0,5.0,20.0,5.0,21.0,7.0,25.0,7.0,25.0,8.0,26.0,8.0,25.0,8.0,23.0,7.0,20.0,7.0,17.0,5.0,13.0,2.0,9.0,-2.0,6.0
0.6754,122.0,-96.0,7.0,0.0,0.0,0.0,0.0,0.0,0.0,0.0,0.0,0.0,-18.0,-18.0,-20.0,-19.0,-21.0,-18.0,-21.0,-18.0,-20.0,-16.0,-19.0,-15.0,-16.0,-13.0,-13.0,-11.0,-9.0,-9.0,-4.0,-8.0,2.0,-6.0,7.0,-6.0,13.0,-5.0,17.0,-6.0,22.0,-6.0,25.0,-7.0,27.0,-8.0,28.0,-8.0,29.0,-10.0,27.0,-10.0,26.0,-10.0,23.0,-9.0,19.0,-8.0,15.0,-6.0,10.0,-3.0,7.0,1.0
0.6912,122.0,-96.0,7.0,0.0,0.0,0.0,0.0,0.0,0.0,0.0,0.0,0.0,7.0,-9.0,12.0,-10.0,15.0,-13.0,17.0,-15.0,19.0,-17.0,20.0,-19.0,20.0,-20.0,20.0,-21.0,19.0,-21.0,16.0,-19.0,14.0,-16.0,12.0,-13.0,10.0,-10.0,8.0,-5.0,6.0,0.0,4.0,5.0,4.0,11.0,4.0,16.0,4.0,20.0,5.0,24.0,6.0,27.0,7.0,29.0,8.0,30.0,9.0,28.0,10.0,27.0,10.0,24.0
0.7042,122.0,-96.0,7.0,0.0,0.0,0.0,0.0,0.0,0.0,0.0,0.0,0.0,4.0,-11.0,4.0,-11.0,5.0,-11.0,4.0,-11.0,4.0,-11.0,4.0,-12.0,4.0,-12.0,4.0,-12.0,5.0,-12.0,5.0,-12.0,4.0,-13.0,5.0,-12.0,5.0,-13.0,4.0,-13.0,4.0,-13.0,5.0,-13.0,4.0,-13.0,5.0,-13.0,4.0,-14.0,5.0,-13.0,4.0,-14.0,4.0,-13.0,4.0,-14.0,4.0,-14.0,4.0,-14.0,4.0,-14.0
0.7187,122.0,-96.0,7.0,0.0,0.0,0.0,0.0,0.0,0.0,0.0,0.0,0.0,4.0,10.0,5.0,14.0,6.0,18.0,7.0,21.0,8.0,24.0,9.0,25.0,11.0,26.0,11.0,26.0,12.0,24.0,11.0,22.0,9.0,19.0,7.0,16.0,5.0,12.0,1.0,9.0,-3.0,5.0,-8.0,2.0,-13.0,-1.0,-17.0,-2.0,-22.0,-4.0,-26.0,-4.0,-29.0,-4.0,-30.0,-4.0,-32.0,-3.0,-31.0,-2.0,-30.0,-1.0,-27.0,0.0
0.7339,122.0,-96.0,7.0,0.0,0.0,0.0,0.0,0.0,0.0,0.0,0.0,0.0,-8.0,-22.0,-8.0,-20.0,-7.0,-17.0,-5.0,-14.0,-4.0,-11.0,0.0,-8.0,3.0,-5.0,7.0,-2.0,10.0,1.0,15.0,3.0,17.0,4.0,20.0,5.0,23.0,6.0,25.0,5.0,26.0,4.0,26.0,3.0,25.0,2.0,23.0,2.0,20.0,1.0,16.0,1.0,12.0,2.0,8.0,3.0,3.0,4.0,-2.0,6.0,-7.0,8.0,-10.0,11.0
0.747,122.0,-96.0,7.0,0.0,0.0,0.0,0.0,0.0,0.0,0.0,0.0,0.0,10.0,3.0,11.0,3.0,11.0,3.0,11.0,3.0,11.0,3.0,11.0,3.0,11.0,3.0,12.0,2.0,11.0,3.0,12.0,3.0,12.0,3.0,12.0,3.0,12.0,3.0,12.0,3.0,13.0,3.0,12.0,3.0,13.0,2.0,12.0,3.0,13.0,3.0,13.0,2.0,13.0,2.0,13.0,2.0,13.0,2.0,13.0,2.0,14.0,2.0,14.0,2.0
0.7614,122.0,-96.0,7.0,0.0,0.0,0.0,0.0,0.0,0.0,0.0,0.0,0.0,6.0,-10.0,5.0,-9.0,7.0,-10.0,6.0,-10.0,6.0,-10.0,6.0,-10.0,6.0,-11.0,6.0,-11.0,6.0,-11.0,6.0,-12.0,7.0,-12.0,6.0,-11.0,6.0,-11.0,5.0,-12.0,7.0,-11.0,7.0,-13.0,6.0,-12.0,7.0,-12.0,6.0,-12.0,6.0,-12.0,6.0,-13.0,6.0,-12.0,6.0,-13.0,6.0,-13.0,6.0,-13.0,5.0,-13.0
0.7743,122.0,-96.0,7.0,0.0,0.0,0.0,0.0,0.0,0.0,0.0,0.0,0.0,10.0,2.0,6.0,3.0,1.0,5.0,-4.0,7.0,-8.0,9.0,-12.0,13.0,-15.0,15.0,-17.0,18.0,-18.0,21.0,-17.0,22.0,-17.0,23.0,-16.0,23.0,-15.0,23.0,-12.0,22.0,-11.0,19.0,-9.0,14.0,-8.0,10.0,-7.0,4.0,-7.0,-1.0,-7.0,-7.0,-8.0,-12.0,-9.0,-16.0,-11.0,-20.0,-14.0,-23.0,-15.0,-25.0,-17.0,-27.0
0.7883,122.0,-96.0,7.0,0.0,0.0,0.0,0.0,0.0,0.0,0.0,0.0,0.0,-3.0,24.0,-2.0,26.0,-2.0,27.0,-2.0,26.0,-1.0,25.0,-1.0,23.0,-1.0,20.0,-1.0,16.0,-2.0,12.0,-4.0,7.0,-6.0,2.0,-9.0,-3.0,-12.0,-7.0,-14.0,-11.0,-18.0,-14.0,-20.0,-16.0,-23.0,-18.0,-24.0,-19.0,-25.0,-18.0,-26.0,-17.0,-25.0,-16.0,-23.0,-14.0,-20.0,-12.0,-15.0,-10.0,-11.0,-8.0,-6.0,-7.0
0.803,102.0,96.0,6.0,0.0,0.0,0.0,0.0,0.0,0.0,0.0,0.0,0.0,4.0,24.0,4.0,22.0,4.0,19.0,2.0,15.0,1.0,11.0,-2.0,7.0,-6.0,3.0,-9.0,-1.0,-13.0,-4.0,-17.0,-7.0,-20.0,-8.0,-23.0,-10.0,-26.0,-10.0,-28.0,-10.0,-29.0,-9.0,-29.0,-8.0,-28.0,-7.0,-25.0,-6.0,-22.0,-5.0,-18.0,-5.0,-13.0,-5.0,-7.0,-5.0,-2.0,-7.0,4.0,-8.0,8.0,-10.0,13.0,-13.0
0.8162,122.0,-96.0,7.0,0.0,0.0,0.0,0.0,0.0,0.0,0.0,0.0,0.0,13.0,-19.0,12.0,-17.0,10.0,-15.0,9.0,-12.0,7.0,-9.0,6.0,-4.0,5.0,0.0,5.0,4.0,5.0,9.0,5.0,13.0,5.0,17.0,6.0,20.0,7.0,22.0,9.0,24.0,10.0,25.0,10.0,24.0,11.0,23.0,10.0,20.0,9.0,18.0,7.0,14.0,4.0,11.0,1.0,8.0,-3.0,5.0,-7.0,2.0,-11.0,-1.0,-16.0,-2.0
0.8314,122.0,-96.0,7.0,0.0,0.0,0.0,0.0,0.0,0.0,0.0,0.0,0.0,-15.0,1.0,-14.0,1.0,-16.0,1.0,-15.0,1.0,-16.0,1.0,-16.0,2.0,-16.0,1.0,-16.0,2.0,-16.0,2.0,-16.0,2.0,-17.0,2.0,-17.0,1.0,-17.0,1.0,-17.0,2.0,-17.0,2.0,-17.0,2.0,-17.0,2.0,-17.0,3.0,-17.0,3.0,-18.0,3.0,-18.0,3.0,-18.0,4.0,-18.0,3.0,-18.0,3.0,-18.0,3.0,-18.0,4.0
0.843,122.0,-96.0,7.0,0.0,0.0,0.0,0.0,0.0,0.0,0.0,0.0,0.0,18.0,6.0,18.0,6.0,18.0,7.0,18.0,7.0,19.0,7.0,19.0,7.0,19.0,7.0,20.0,7.0,20.0,7.0,20.0,7.0,20.0,6.0,20.0,6.0,20.0,6.0,21.0,6.0,20.0,6.0,20.0,6.0,21.0,6.0,21.0,6.0,21.0,6.0,21.0,6.0,21.0,6.0,21.0,6.0,22.0,6.0,21.0,5.0,21.0,5.0,22.0,5.0
0.8572,122.0,-96.0,7.0,0.0,0.0,0.0,0.0,0.0,0.0,0.0,0.0,0.0,17.0,-10.0,17.0,-10.0,17.0,-10.0,17.0,-10.0,17.0,-11.0,17.0,-11.0,18.0,-11.0,18.0,-11.0,18.0,-12.0,19.0,-11.0,18.0,-11.0,18.0,-11.0,18.0,-12.0,18.0,-12.0,18.0,-12.0,18.0,-12.0,18.0,-12.0,18.0,-12.0,18.0,-12.0,18.0,-13.0,18.0,-13.0,18.0,-13.0,19.0,-14.0,18.0,-13.0,18.0,-13.0,18.0,-13.0
0.8707,122.0,-96.0,7.0,0.0,0.0,0.0,0.0,0.0,0.0,0.0,0.0,0.0,5.0,10.0,6.0,15.0,7.0,18.0,8.0,22.0,9.0,24.0,11.0,25.0,11.0,25.0,12.0,25.0,12.0,23.0,11.0,21.0,9.0,18.0,6.0,14.0,4.0,11.0,-1.0,7.0,-5.0,4.0,-10.0,1.0,-15.0,-1.0,-19.0,-3.0,-24.0,-4.0,-27.0,-5.0,-30.0,-5.0,-31.0,-4.0,-31.0,-3.0,-30.0,-2.0,-29.0,-1.0,-26.0,0.0
0.8847,122.0,-96.0,7.0,0.0,0.0,0.0,0.0,0.0,0.0,0.0,0.0,0.0,16.0,22.0,15.0,20.0,13.0,17.0,9.0,14.0,6.0,11.0,1.0,8.0,-4.0,5.0,-10.0,3.0,-16.0,1.0,-21.0,0.0,-25.0,0.0,-29.0,0.0,-31.0,1.0,-34.0,2.0,-34.0,3.0,-33.0,4.0,-31.0,5.0,-28.0,5.0,-24.0,4.0,-19.0,2.0,-14.0,-1.0,-8.0,-4.0,-3.0,-8.0,2.0,-12.0,6.0,-16.0,9.0,-21.0
0.8963,122.0,-96.0,7.0,0.0,0.0,0.0,0.0,0.0,0.0,0.0,0.0,0.0,-11.0,1.0,-15.0,1.0,-19.0,1.0,-22.0,1.0,-24.0,2.0,-26.0,3.0,-26.0,3.0,-26.0,4.0,-24.0,4.0,-22.0,4.0,-19.0,3.0,-15.0,1.0,-11.0,0.0,-7.0,-2.0,-3.0,-5.0,1.0,-9.0,4.0,-13.0,7.0,-16.0,9.0,-20.0,10.0,-22.0,11.0,-25.0,11.0,-26.0,9.0,-27.0,8.0,-26.0,6.0,-25.0,6.0,-22.0
0.911,122.0,-96.0,7.0,0.0,0.0,0.0,0.0,0.0,0.0,0.0,0.0,0.0,-3.0,-23.0,-4.0,-25.0,-4.0,-25.0,-5.0,-25.0,-5.0,-23.0,-5.0,-21.0,-4.0,-19.0,-3.0,-15.0,-1.0,-11.0,2.0,-7.0,4.0,-3.0,8.0,1.0,11.0,4.0,15.0,6.0,18.0,8.0,20.0,10.0,23.0,11.0,24.0,11.0,25.0,10.0,24.0,9.0,23.0,9.0,20.0,7.0,17.0,6.0,13.0,5.0,9.0,4.0,4.0,4.0
0.9252,122.0,-96.0,7.0,0.0,0.0,0.0,0.0,0.0,0.0,0.0,0.0,0.0,24.0,-5.0,26.0,-7.0,26.0,-7.0,26.0,-8.0,24.0,-8.0,22.0,-8.0,19.0,-7.0,16.0,-5.0,13.0,-3.0,8.0,0.0,4.0,3.0,1.0,8.0,-3.0,12.0,-6.0,15.0,-8.0,19.0,-9.0,22.0,-10.0,25.0,-10.0,27.0,-10.0,29.0,-9.0,28.0,-8.0,28.0,-7.0,25.0,-6.0,23.0,-5.0,18.0,-5.0,13.0,-5.0,9.0
0.9394,122.0,-96.0,7.0,0.0,0.0,0.0,0.0,0.0,0.0,0.0,0.0,0.0,-22.0,7.0,-23.0,8.0,-24.0,9.0,-23.0,9.0,-22.0,9.0,-20.0,8.0,-17.0,7.0,-15.0,5.0,-12.0,3.0,-8.0,0.0,-4.0,-4.0,-2.0,-8.0,1.0,-12.0,3.0,-16.0,4.0,-20.0,6.0,-23.0,6.0,-25.0,6.0,-27.0,5.0,-27.0,4.0,-27.0,4.0,-26.0,3.0,-24.0,2.0,-21.0,2.0,-16.0,2.0,-12.0,3.0,-7.0
0.9552,122.0,-96.0,7.0,0.0,0.0,0.0,0.0,0.0,0.0,0.0,0.0,0.0,-10.0,-5.0,-10.0,-6.0,-10.0,-6.0,-11.0,-6.0,-11.0,-6.0,-12.0,-6.0,-11.0,-6.0,-11.0,-6.0,-12.0,-6.0,-12.0,-6.0,-12.0,-6.0,-12.0,-6.0,-12.0,-6.0,-12.0,-6.0,-13.0,-5.0,-13.0,-6.0,-13.0,-6.0,-13.0,-6.0,-13.0,-6.0,-13.0,-6.0,-13.0,-6.0,-14.0,-5.0,-13.0,-5.0,-14.0,-5.0,-14.0,-5.0,-14.0,-5.0
0.9685,122.0,-96.0,7.0,0.0,0.0,0.0,0.0,0.0,0.0,0.0,0.0,0.0,11.0,-6.0,8.0,-2.0,5.0,3.0,2.0,7.0,0.0,13.0,-2.0,19.0,-2.0,22.0,-2.0,27.0,-2.0,30.0,-1.0,31.0,0.0,32.0,1.0,32.0,2.0,30.0,3.0,29.0,3.0,24.0,2.0,20.0,0.0,15.0,-2.0,10.0,-6.0,5.0,-9.0,0.0,-14.0,-5.0,-18.0,-8.0,-22.0,-11.0,-26.0,-12.0,-30.0,-13.0,-32.0,-14.0
0.982,122.0,-96.0,7.0,0.0,0.0,0.0,0.0,0.0,0.0,0.0,0.0,0.0,17.0,14.0,18.0,15.0,19.0,14.0,19.0,14.0,18.0,13.0,17.0,12.0,14.0,10.0,11.0,9.0,7.0,7.0,2.0,6.0,-2.0,5.0,-7.0,4.0,-12.0,5.0,-16.0,5.0,-20.0,5.0,-23.0,6.0,-25.0,7.0,-26.0,7.0,-27.0,9.0,-26.0,9.0,-24.0,9.0,-21.0,8.0,-18.0,7.0,-14.0,5.0,-10.0,2.0,-7.0,-1.0
0.9953,122.0,-96.0,7.0,0.0,0.0,0.0,0.0,0.0,0.0,0.0,0.0,0.0,-5.0,11.0,-8.0,14.0,-10.0,18.0,-11.0,20.0,-12.0,23.0,-12.0,25.0,-11.0,26.0,-11.0,26.0,-9.0,25.0,-8.0,23.0,-8.0,19.0,-7.0,15.0,-6.0,11.0,-6.0,6.0,-6.0,0.0,-8.0,-5.0,-10.0,-10.0,-11.0,-15.0,-14.0,-19.0,-16.0,-22.0,-18.0,-24.0,-19.0,-25.0,-21.0,-25.0,-21.0,-23.0,-21.0,-22.0,-19.0,-19.0
1.0098,122.0,-96.0,7.0,0.0,0.0,0.0,0.0,0.0,0.0,0.0,0.0,0.0,-3.0,-13.0,-3.0,-13.0,-3.0,-13.0,-3.0,-14.0,-3.0,-14.0,-3.0,-14.0,-3.0,-14.0,-4.0,-14.0,-3.0,-14.0,-3.0,-14.0,-3.0,-14.0,-3.0,-15.0,-3.0,-15.0,-4.0,-15.0,-4.0,-14.0,-4.0,-15.0,-4.0,-15.0,-4.0,-15.0,-4.0,-15.0,-4.0,-15.0,-5.0,-15.0,-5.0,-15.0,-5.0,-15.0,-5.0,-16.0,-5.0,-16.0,-5.0,-16.0
1.0237,122.0,-96.0,7.0,0.0,0.0,0.0,0.0,0.0,0.0,0.0,0.0,0.0,2.0,-23.0,1.0,-25.0,1.0,-25.0,0.0,-25.0,0.0,-23.0,-1.0,-21.0,0.0,-19.0,1.0,-15.0,1.0,-11.0,3.0,-7.0,5.0,-2.0,7.0,2.0,10.0,6.0,13.0,10.0,16.0,12.0,18.0,14.0,20.0,15.0,21.0,16.0,22.0,15.0,22.0,15.0,20.0,14.0,19.0,12.0,16.0,10.0,12.0,8.0,7.0,6.0,2.0,5.0
1.0368,122.0,-96.0,7.0,0.0,0.0,0.0,0.0,0.0,0.0,0.0,0.0,0.0,9.0,7.0,10.0,7.0,10.0,7.0,10.0,8.0,10.0,7.0,10.0,8.0,10.0,8.0,11.0,8.0,11.0,8.0,11.0,8.0,11.0,8.0,11.0,8.0,11.0,8.0,12.0,8.0,12.0,8.0,12.0,8.0,12.0,8.0,12.0,8.0,12.0,8.0,12.0,8.0,12.0,8.0,12.0,8.0,13.0,7.0,13.0,7.0,13.0,8.0,13.0,7.0
1.0511,122.0,-96.0,7.0,0.0,0.0,0.0,0.0,0.0,0.0,0.0,0.0,0.0,-12.0,0.0,-12.0,0.0,-12.0,0.0,-12.0,0.0,-13.0,1.0,-13.0,1.0,-13.0,1.0,-13.0,1.0,-13.0,1.0,-14.0,1.0,-13.0,1.0,-14.0,0.0,-14.0,1.0,-14.0,1.0,-14.0,2.0,-14.0,1.0,-13.0,2.0,-14.0,2.0,-14.0,2.0,-14.0,2.0,-14.0,2.0,-14.0,2.0,-14.0,2.0,-15.0,2.0,-14.0,2.0,-15.0,2.0
1.0689,122.0,-96.0,7.0,0.0,0.0,0.0,0.0,0.0,0.0,0.0,0.0,0.0,11.0,-9.0,8.0,-4.0,6.0,2.0,4.0,9.0,3.0,15.0,3.0,22.0,3.0,27.0,4.0,32.0,6.0,35.0,7.0,37.0,8.0,37.0,10.0,36.0,10.0,34.0,10.0,31.0,9.0,26.0,6.0,21.0,3.0,16.0,-1.0,11.0,-7.0,5.0,-12.0,1.0,-19.0,-3.0,-24.0,-6.0,-30.0,-8.0,-34.0,-8.0,-38.0,-8.0,-40.0,-8.0
1.084,122.0,-96.0,7.0,0.0,0.0,0.0,0.0,0.0,0.0,0.0,0.0,0.0,-4.0,13.0,-4.0,13.0,-4.0,13.0,-4.0,13.0,-4.0,13.0,-4.0,14.0,-4.0,14.0,-4.0,15.0,-4.0,14.0,-5.0,14.0,-4.0,15.0,-5.0,14.0,-5.0,14.0,-4.0,15.0,-4.0,15.0,-5.0,15.0,-4.0,15.0,-4.0,15.0,-4.0,16.0,-4.0,16.0,-3.0,16.0,-3.0,16.0,-3.0,16.0,-3.0,16.0,-4.0,16.0,-3.0,16.0
1.0976,122.0,-96.0,7.0,0.0,0.0,0.0,0.0,0.0,0.0,0.0,0.0,0.0,21.0,7.0,19.0,6.0,17.0,5.0,13.0,4.0,9.0,4.0,5.0,4.0,0.0,5.0,-5.0,6.0,-9.0,8.0,-13.0,9.0,-15.0,11.0,-18.0,12.0,-20.0,15.0,-21.0,16.0,-21.0,17.0,-19.0,18.0,-18.0,17.0,-16.0,16.0,-14.0,14.0,-12.0,11.0,-10.0,7.0,-8.0,2.0,-6.0,-2.0,-4.0,-7.0,-3.0,-12.0,-4.0,-17.0
1.1121,122.0,-96.0,7.0,0.0,0.0,0.0,0.0,0.0,0.0,0.0,0.0,0.0,-6.0,-22.0,-8.0,-24.0,-8.0,-24.0,-9.0,-23.0,-9.0,-22.0,-8.0,-20.0,-7.0,-18.0,-5.0,-14.0,-3.0,-11.0,0.0,-8.0,4.0,-4.0,8.0,-1.0,12.0,2.0,16.0,4.0,19.0,5.0,22.0,6.0,24.0,6.0,25.0,7.0,26.0,5.0,26.0,5.0,24.0,4.0,21.0,3.0,18.0,2.0,14.0,2.0,9.0,3.0,4.0,4.0
1.125,122.0,-96.0,7.0,0.0,0.0,0.0,0.0,0.0,0.0,0.0,0.0,0.0,10.0,3.0,10.0,3.0,11.0,4.0,11.0,4.0,11.0,4.0,11.0,3.0,11.0,4.0,12.0,3.0,11.0,4.0,12.0,4.0,12.0,3.0,12.0,4.0,12.0,4.0,12.0,3.0,12.0,4.0,12.0,4.0,12.0,3.0,13.0,3.0,13.0,3.0,13.0,3.0,13.0,3.0,13.0,3.0,13.0,3.0,13.0,3.0,13.0,3.0,13.0,3.0
1.1388,122.0,-96.0,7.0,0.0,0.0,0.0,0.0,0.0,0.0,0.0,0.0,0.0,9.0,-5.0,13.0,-6.0,16.0,-7.0,19.0,-8.0,21.0,-10.0,22.0,-11.0,23.0,-12.0,22.0,-13.0,21.0,-13.0,19.0,-12.0,16.0,-9.0,13.0,-7.0,10.0,-5.0,7.0,-1.0,4.0,2.0,2.0,7.0,0.0,12.0,-2.0,15.0,-2.0,20.0,-3.0,23.0,-2.0,26.0,-2.0,27.0,-1.0,28.0,0.0,27.0,1.0,26.0,1.0,23.0
1.1534,122.0,-96.0,7.0,0.0,0.0,0.0,0.0,0.0,0.0,0.0,0.0,0.0,0.0,-11.0,1.0,-15.0,2.0,-18.0,2.0,-21.0,2.0,-24.0,1.0,-26.0,0.0,-26.0,-1.0,-26.0,-1.0,-25.0,-1.0,-22.0,-1.0,-19.0,0.0,-16.0,1.0,-12.0,2.0,-7.0,4.0,-3.0,7.0,1.0,10.0,5.0,13.0,8.0,16.0,11.0,19.0,12.0,22.0,14.0,23.0,14.0,24.0,13.0,23.0,12.0,23.0,11.0,21.0,9.0
1.1673,122.0,-96.0,7.0,0.0,0.0,0.0,0.0,0.0,0.0,0.0,0.0,0.0,-22.0,7.0,-23.0,8.0,-23.0,9.0,-23.0,9.0,-22.0,9.0,-20.0,9.0,-17.0,8.0,-14.0,5.0,-11.0,3.0,-8.0,-1.0,-5.0,-4.0,-2.0,-8.0,0.0,-12.0,2.0,-16.0,3.0,-20.0,5.0,-23.0,4.0,-25.0,5.0,-27.0,4.0,-28.0,3.0,-27.0,3.0,-26.0,2.0,-24.0,1.0,-21.0,1.0,-16.0,2.0,-12.0,3.0,-7.0
1.1808,122.0,-96.0,7.0,0.0,0.0,0.0,0.0,0.0,0.0,0.0,0.0,0.0,25.0,13.0,23.0,11.0,20.0,10.0,16.0,8.0,11.0,7.0,6.0,6.0,0.0,6.0,-6.0,7.0,-12.0,8.0,-16.0,9.0,-21.0,10.0,-24.0,12.0,-27.0,14.0,-29.0,16.0,-30.0,18.0,-28.0,18.0,-27.0,18.0,-24.0,17.0,-21.0,15.0,-18.0,12.0,-14.0,8.0,-11.0,3.0,-8.0,-2.0,-5.0,-8.0,-2.0,-13.0,-2.0,-20.0
1.1954,122.0,-96.0,7.0,0.0,0.0,0.0,0.0,0.0,0.0,0.0,0.0,0.0,-13.0,5.0,-12.0,5.0,-12.0,6.0,-13.0,6.0,-13.0,6.0,-14.0,6.0,-14.0,5.0,-14.0,6.0,-14.0,6.0,-14.0,7.0,-14.0,7.0,-14.0,7.0,-14.0,7.0,-14.0,7.0,-14.0,7.0,-15.0,7.0,-14.0,6.0,-13.0,8.0,-13.0,8.0,-15.0,9.0,-16.0,8.0,-16.0,8.0,-16.0,8.0,-15.0,7.0,-15.0,7.0,-14.0,8.0
1.2114,122.0,-96.0,7.0,0.0,0.0,0.0,0.0,0.0,0.0,0.0,0.0,0.0,21.0,-8.0,19.0,-7.0,16.0,-6.0,13.0,-5.0,10.0,-3.0,7.0,0.0,3.0,4.0,0.0,7.0,-2.0,11.0,-4.0,15.0,-5.0,18.0,-6.0,21.0,-6.0,24.0,-6.0,26.0,-5.0,26.0,-4.0,26.0,-3.0,25.0,-3.0,22.0,-2.0,19.0,-2.0,15.0,-3.0,11.0,-4.0,6.0,-6.0,1.0,-8.0,-3.0,-10.0,-7.0,-13.0,-11.0
1.2245,122.0,-96.0,7.0,0.0,0.0,0.0,0.0,0.0,0.0,0.0,0.0,0.0,8.0,-21.0,8.0,-23.0,8.0,-24.0,7.0,-24.0,6.0,-23.0,5.0,-21.0,5.0,-19.0,4.0,-15.0,4.0,-11.0,5.0,-6.0,5.0,-1.0,6.0,3.0,8.0,8.0,9.0,12.0,11.0,15.0,13.0,18.0,15.0,20.0,16.0,21.0,17.0,21.0,17.0,20.0,17.0,19.0,15.0,16.0,14.0,14.0,10.0,11.0,7.0,9.0,3.0,6.0
1.2411,122.0,-96.0,7.0,0.0,0.0,0.0,0.0,0.0,0.0,0.0,0.0,0.0,-12.0,-3.0,-12.0,-3.0,-12.0,-3.0,-12.0,-3.0,-12.0,-3.0,-13.0,-3.0,-13.0,-2.0,-13.0,-2.0,-13.0,-2.0,-13.0,-3.0,-14.0,-2.0,-13.0,-3.0,-13.0,-2.0,-14.0,-2.0,-14.0,-3.0,-13.0,-2.0,-14.0,-2.0,-14.0,-2.0,-14.0,-2.0,-14.0,-1.0,-14.0,-1.0,-14.0,-1.0,-15.0,-1.0,-15.0,-1.0,-15.0,-1.0,-15.0,-1.0
1.2542,122.0,-96.0,7.0,0.0,0.0,0.0,0.0,0.0,0.0,0.0,0.0,0.0,5.0,-12.0,4.0,-7.0,6.0,-1.0,7.0,4.0,10.0,9.0,13.0,13.0,16.0,17.0,18.0,20.0,21.0,22.0,23.0,22.0,24.0,22.0,24.0,21.0,23.0,19.0,22.0,17.0,19.0,14.0,15.0,11.0,10.0,9.0,4.0,8.0,-2.0,7.0,-8.0,6.0,-14.0,7.0,-20.0,8.0,-25.0,9.0,-28.0,11.0,-31.0,12.0,-31.0,14.0
1.27,122.0,-96.0,7.0,0.0,0.0,0.0,0.0,0.0,0.0,0.0,0.0,0.0,-5.0,-11.0,-5.0,-11.0,-5.0,-11.0,-5.0,-11.0,-5.0,-12.0,-6.0,-12.0,-6.0,-12.0,-6.0,-12.0,-6.0,-12.0,-6.0,-12.0,-6.0,-12.0,-6.0,-12.0,-6.0,-13.0,-6.0,-12.0,-7.0,-12.0,-7.0,-13.0,-7.0,-13.0,-7.0,-12.0,-8.0,-12.0,-7.0,-12.0,-7.0,-12.0,-8.0,-12.0,-8.0,-12.0,-8.0,-13.0,-8.0,-12.0,-8.0,-13.0
1.2839,122.0,-96.0,7.0,0.0,0.0,0.0,0.0,0.0,0.0,0.0,0.0,0.0,22.0,-2.0,23.0,-3.0,24.0,-4.0,23.0,-5.0,22.0,-5.0,20.0,-5.0,17.0,-5.0,14.0,-3.0,10.0,-1.0,6.0,2.0,2.0,4.0,-1.0,8.0,-5.0,12.0,-7.0,14.0,-9.0,18.0,-10.0,21.0,-10.0,23.0,-11.0,25.0,-10.0,25.0,-9.0,25.0,-8.0,24.0,-7.0,21.0,-6.0,18.0,-5.0,14.0,-5.0,9.0,-5.0,4.0
1.2982,122.0,-96.0,7.0,0.0,0.0,0.0,0.0,0.0,0.0,0.0,0.0,0.0,10.0,1.0,14.0,3.0,17.0,4.0,20.0,5.0,23.0,5.0,24.0,4.0,25.0,4.0,25.0,3.0,24.0,2.0,21.0,2.0,18.0,2.0,14.0,2.0,10.0,2.0,5.0,4.0,0.0,5.0,-4.0,7.0,-8.0,10.0,-12.0,12.0,-15.0,16.0,-17.0,18.0,-17.0,20.0,-18.0,21.0,-17.0,22.0,-16.0,22.0,-14.0,21.0,-12.0,19.0
1.3128,122.0,-96.0,7.0,0.0,0.0,0.0,0.0,0.0,0.0,0.0,0.0,0.0,8.0,7.0,8.0,7.0,8.0,7.0,9.0,7.0,9.0,7.0,9.0,7.0,9.0,7.0,9.0,7.0,10.0,8.0,10.0,7.0,10.0,7.0,10.0,7.0,10.0,8.0,10.0,7.0,10.0,7.0,10.0,8.0,10.0,7.0,11.0,7.0,11.0,7.0,11.0,7.0,11.0,7.0,11.0,7.0,11.0,7.0,11.0,7.0,11.0,7.0,12.0,7.0
1.3272,122.0,-96.0,7.0,0.0,0.0,0.0,0.0,0.0,0.0,0.0,0.0,0.0,-4.0,-20.0,-4.0,-21.0,-4.0,-21.0,-5.0,-21.0,-5.0,-21.0,-5.0,-22.0,-5.0,-21.0,-6.0,-22.0,-6.0,-22.0,-5.0,-22.0,-5.0,-22.0,-5.0,-22.0,-6.0,-22.0,-6.0,-22.0,-6.0,-23.0,-6.0,-22.0,-6.0,-23.0,-6.0,-22.0,-7.0,-23.0,-7.0,-22.0,-7.0,-23.0,-7.0,-23.0,-7.0,-23.0,-7.0,-23.0,-7.0,-22.0,-8.0,-23.0
1.3439,122.0,-96.0,7.0,0.0,0.0,0.0,0.0,0.0,0.0,0.0,0.0,0.0,-11.0,3.0,-11.0,3.0,-12.0,3.0,-12.0,3.0,-12.0,3.0,-12.0,3.0,-12.0,3.0,-13.0,4.0,-12.0,4.0,-13.0,3.0,-13.0,4.0,-13.0,3.0,-13.0,3.0,-13.0,4.0,-13.0,4.0,-13.0,4.0,-13.0,5.0,-14.0,4.0,-13.0,4.0,-13.0,5.0,-13.0,5.0,-13.0,5.0,-14.0,5.0,-14.0,5.0,-14.0,5.0,-14.0,6.0
1.3545,122.0,-96.0,7.0,0.0,0.0,0.0,0.0,0.0,0.0,0.0,0.0,0.0,12.0,2.0,12.0,2.0,13.0,3.0,13.0,2.0,13.0,2.0,14.0,2.0,14.0,2.0,13.0,2.0,13.0,2.0,14.0,2.0,13.0,2.0,14.0,2.0,14.0,2.0,14.0,1.0,15.0,2.0,15.0,1.0,14.0,1.0,15.0,1.0,12.0,2.0,15.0,1.0,15.0,1.0,15.0,2.0,15.0,3.0,15.0,1.0,15.0,1.0,15.0,0.0
1.369,122.0,-96.0,7.0,0.0,0.0,0.0,0.0,0.0,0.0,0.0,0.0,0.0,-24.0,8.0,-26.0,9.0,-26.0,10.0,-25.0,10.0,-24.0,11.0,-22.0,10.0,-19.0,8.0,-16.0,6.0,-12.0,4.0,-9.0,-1.0,-5.0,-5.0,-2.0,-9.0,0.0,-14.0,3.0,-18.0,4.0,-22.0,5.0,-25.0,5.0,-28.0,5.0,-30.0,4.0,-31.0,3.0,-30.0,3.0,-29.0,2.0,-26.0,1.0,-23.0,1.0,-18.0,2.0,-13.0,3.0,-8.0
1.3725,98.0,33.0,22.0,0.0,0.0,0.0,0.0,0.0,0.0,0.0,0.0,0.0,-19.0,-16.0,-18.0,-9.0,-21.0,-6.0,-16.0,-4.0,-5.0,0.0,-5.0,2.0,-2.0,7.0,0.0,8.0,5.0,13.0,10.0,16.0,11.0,17.0,15.0,18.0,17.0,18.0,20.0,16.0,20.0,14.0,20.0,13.0,20.0,11.0,17.0,9.0,15.0,5.0,10.0,3.0,5.0,0.0,-1.0,-1.0,-8.0,-2.0,-15.0,-4.0,-21.0,-6.0,-27.0,-4.0
1.3865,122.0,-96.0,7.0,0.0,0.0,0.0,0.0,0.0,0.0,0.0,0.0,0.0,-8.0,4.0,-9.0,5.0,-8.0,4.0,-9.0,5.0,-8.0,5.0,-9.0,5.0,-9.0,5.0,-8.0,6.0,-9.0,6.0,-9.0,5.0,-9.0,6.0,-9.0,6.0,-9.0,6.0,-8.0,6.0,-9.0,7.0,-9.0,6.0,-9.0,6.0,-8.0,7.0,-9.0,6.0,-9.0,6.0,-9.0,7.0,-10.0,6.0,-8.0,7.0,-9.0,7.0,-8.0,8.0,-9.0,8.0
1.4011,122.0,-96.0,7.0,0.0,0.0,0.0,0.0,0.0,0.0,0.0,0.0,0.0,10.0,-7.0,11.0,-7.0,11.0,-7.0,11.0,-8.0,10.0,-8.0,11.0,-8.0,11.0,-8.0,11.0,-9.0,11.0,-9.0,11.0,-9.0,11.0,-9.0,11.0,-8.0,12.0,-9.0,12.0,-9.0,12.0,-10.0,12.0,-10.0,12.0,-9.0,11.0,-9.0,12.0,-10.0,11.0,-10.0,11.0,-10.0,11.0,-10.0,11.0,-11.0,12.0,-11.0,12.0,-11.0,12.0,-11.0
1.4165,122.0,-96.0,7.0,0.0,0.0,0.0,0.0,0.0,0.0,0.0,0.0,0.0,-3.0,-14.0,-4.0,-15.0,-3.0,-15.0,-4.0,-15.0,-3.0,-15.0,-4.0,-16.0,-4.0,-16.0,-4.0,-16.0,-4.0,-15.0,-4.0,-16.0,-4.0,-16.0,-4.0,-16.0,-4.0,-16.0,-4.0,-16.0,-5.0,-17.0,-5.0,-16.0,-5.0,-17.0,-5.0,-16.0,-5.0,-17.0,-6.0,-17.0,-5.0,-17.0,-5.0,-17.0,-5.0,-17.0,-5.0,-17.0,-5.0,-18.0,-6.0,-17.0
1.4297,122.0,-96.0,7.0,0.0,0.0,0.0,0.0,0.0,0.0,0.0,0.0,0.0,11.0,1.0,11.0,0.0,11.0,1.0,12.0,0.0,12.0,0.0,12.0,0.0,12.0,0.0,13.0,0.0,12.0,0.0,12.0,0.0,13.0,0.0,12.0,0.0,13.0,0.0,13.0,0.0,13.0,0.0,13.0,0.0,13.0,-1.0,13.0,0.0,13.0,0.0,13.0,0.0,13.0,-1.0,13.0,-1.0,13.0,-1.0,14.0,-1.0,14.0,-1.0,14.0,-1.0
1.4431,122.0,-96.0,7.0,0.0,0.0,0.0,0.0,0.0,0.0,0.0,0.0,0.0,7.0,-10.0,11.0,-12.0,14.0,-15.0,17.0,-17.0,18.0,-19.0,19.0,-21.0,19.0,-22.0,18.0,-23.0,17.0,-22.0,15.0,-20.0,13.0,-17.0,11.0,-13.0,9.0,-9.0,7.0,-4.0,5.0,1.0,5.0,6.0,5.0,12.0,5.0,17.0,6.0,21.0,7.0,24.0,9.0,27.0,9.0,29.0,11.0,29.0,11.0,27.0,12.0,26.0,11.0,23.0
1.4572,122.0,-96.0,7.0,0.0,0.0,0.0,0.0,0.0,0.0,0.0,0.0,0.0,-10.0,5.0,-10.0,5.0,-10.0,5.0,-11.0,6.0,-11.0,6.0,-11.0,6.0,-11.0,6.0,-12.0,6.0,-12.0,6.0,-11.0,6.0,-12.0,6.0,-11.0,6.0,-12.0,7.0,-11.0,7.0,-12.0,7.0,-12.0,6.0,-12.0,7.0,-11.0,7.0,-11.0,7.0,-12.0,7.0,-12.0,7.0,-12.0,7.0,-12.0,8.0,-12.0,8.0,-12.0,8.0,-12.0,8.0
1.4733,122.0,-96.0,7.0,0.0,0.0,0.0,0.0,0.0,0.0,0.0,0.0,0.0,-12.0,-10.0,-6.0,-8.0,0.0,-8.0,7.0,-8.0,14.0,-8.0,20.0,-10.0,24.0,-11.0,29.0,-14.0,32.0,-16.0,34.0,-18.0,34.0,-19.0,33.0,-20.0,31.0,-20.0,27.0,-20.0,24.0,-17.0,20.0,-13.0,15.0,-9.0,12.0,-4.0,8.0,3.0,4.0,9.0,2.0,16.0,0.0,23.0,0.0,29.0,1.0,33.0,1.0,37.0,2.0,40.0
1.4869,122.0,-96.0,7.0,0.0,0.0,0.0,0.0,0.0,0.0,0.0,0.0,0.0,7.0,-7.0,6.0,-8.0,6.0,-7.0,7.0,-9.0,7.0,-8.0,7.0,-8.0,7.0,-8.0,7.0,-9.0,7.0,-9.0,7.0,-9.0,7.0,-9.0,8.0,-9.0,7.0,-10.0,7.0,-10.0,7.0,-10.0,7.0,-9.0,7.0,-10.0,7.0,-10.0,7.0,-10.0,7.0,-10.0,7.0,-10.0,7.0,-10.0,7.0,-11.0,7.0,-11.0,7.0,-11.0,7.0,-11.0
1.4909,98.0,33.0,22.0,0.0,0.0,0.0,0.0,0.0,0.0,0.0,0.0,0.0,12.0,-14.0,12.0,-15.0,11.0,-16.0,11.0,-15.0,9.0,-15.0,8.0,-14.0,5.0,-12.0,3.0,-10.0,0.0,-8.0,-2.0,-4.0,-5.0,-2.0,-7.0,1.0,-9.0,5.0,-10.0,9.0,-10.0,10.0,-11.0,15.0,-11.0,17.0,-8.0,18.0,-8.0,17.0,-7.0,19.0,-5.0,18.0,-4.0,16.0,-4.0,12.0,-3.0,7.0,-3.0,2.0,-2.0,-2.0
1.5075,122.0,-96.0,7.0,0.0,0.0,0.0,0.0,0.0,0.0,0.0,0.0,0.0,12.0,-1.0,7.0,2.0,3.0,5.0,-1.0,9.0,-5.0,13.0,-7.0,18.0,-10.0,22.0,-11.0,26.0,-11.0,29.0,-11.0,30.0,-10.0,31.0,-9.0,31.0,-7.0,30.0,-5.0,28.0,-5.0,23.0,-4.0,18.0,-5.0,13.0,-6.0,8.0,-8.0,1.0,-10.0,-4.0,-13.0,-10.0,-17.0,-14.0,-20.0,-17.0,-24.0,-19.0,-27.0,-21.0,-28.0,-21.0
1.5225,122.0,-96.0,7.0,0.0,0.0,0.0,0.0,0.0,0.0,0.0,0.0,0.0,5.0,-13.0,5.0,-7.0,6.0,-1.0,7.0,4.0,9.0,10.0,12.0,15.0,13.0,18.0,16.0,22.0,19.0,24.0,21.0,24.0,22.0,24.0,22.0,23.0,22.0,21.0,21.0,19.0,18.0,16.0,14.0,13.0,10.0,11.0,5.0,9.0,-2.0,7.0,-8.0,6.0,-14.0,5.0,-19.0,5.0,-24.0,6.0,-28.0,8.0,-31.0,9.0,-33.0,10.0
1.5362,122.0,-96.0,7.0,0.0,0.0,0.0,0.0,0.0,0.0,0.0,0.0,0.0,-13.0,2.0,-9.0,-2.0,-4.0,-5.0,-1.0,-10.0,2.0,-14.0,5.0,-20.0,6.0,-24.0,6.0,-28.0,7.0,-31.0,6.0,-32.0,5.0,-33.0,4.0,-33.0,2.0,-31.0,1.0,-29.0,1.0,-25.0,2.0,-20.0,2.0,-15.0,4.0,-8.0,7.0,-3.0,9.0,2.0,13.0,7.0,17.0,12.0,21.0,14.0,25.0,15.0,27.0,16.0,29.0,17.0
1.5496,122.0,-96.0,7.0,0.0,0.0,0.0,0.0,0.0,0.0,0.0,0.0,0.0,5.0,-10.0,5.0,-11.0,5.0,-11.0,5.0,-11.0,5.0,-11.0,5.0,-12.0,5.0,-12.0,5.0,-12.0,5.0,-12.0,5.0,-12.0,5.0,-12.0,5.0,-12.0,5.0,-12.0,5.0,-13.0,5.0,-13.0,5.0,-13.0,5.0,-13.0,5.0,-13.0,5.0,-14.0,4.0,-13.0,5.0,-13.0,4.0,-13.0,4.0,-13.0,5.0,-13.0,5.0,-13.0,4.0,-14.0
1.5646,122.0,-96.0,7.0,0.0,0.0,0.0,0.0,0.0,0.0,0.0,0.0,0.0,6.0,9.0,7.0,9.0,7.0,9.0,7.0,9.0,7.0,9.0,7.0,9.0,7.0,10.0,8.0,9.0,7.0,9.0,8.0,9.0,8.0,9.0,8.0,9.0,8.0,10.0,8.0,10.0,8.0,9.0,8.0,10.0,8.0,10.0,9.0,9.0,9.0,9.0,9.0,10.0,9.0,10.0,9.0,10.0,9.0,10.0,9.0,10.0,9.0,9.0,9.0,10.0
1.5782,122.0,-96.0,7.0,0.0,0.0,0.0,0.0,0.0,0.0,0.0,0.0,0.0,-7.0,9.0,-6.0,4.0,-6.0,-1.0,-7.0,-6.0,-8.0,-11.0,-10.0,-16.0,-11.0,-19.0,-14.0,-22.0,-16.0,-24.0,-16.0,-24.0,-18.0,-25.0,-18.0,-23.0,-18.0,-22.0,-18.0,-19.0,-15.0,-16.0,-12.0,-14.0,-8.0,-11.0,-3.0,-8.0,2.0,-7.0,7.0,-5.0,13.0,-4.0,18.0,-4.0,22.0,-5.0,26.0,-6.0,28.0,-7.0,29.0,-8.0
1.5925,122.0,-96.0,7.0,0.0,0.0,0.0,0.0,0.0,0.0,0.0,0.0,0.0,13.0,3.0,17.0,5.0,22.0,8.0,25.0,8.0,28.0,9.0,30.0,9.0,31.0,8.0,31.0,7.0,30.0,6.0,27.0,6.0,22.0,5.0,18.0,5.0,13.0,4.0,7.0,5.0,1.0,6.0,-5.0,8.0,-11.0,11.0,-16.0,13.0,-20.0,17.0,-23.0,19.0,-25.0,22.0,-26.0,24.0,-26.0,25.0,-24.0,24.0,-22.0,25.0,-20.0,22.0
1.608,122.0,-96.0,7.0,0.0,0.0,0.0,0.0,0.0,0.0,0.0,0.0,0.0,-11.0,-4.0,-6.0,-5.0,-1.0,-6.0,3.0,-8.0,7.0,-12.0,11.0,-15.0,13.0,-17.0,15.0,-20.0,16.0,-23.0,17.0,-24.0,16.0,-25.0,15.0,-24.0,13.0,-24.0,11.0,-22.0,10.0,-18.0,8.0,-15.0,6.0,-10.0,6.0,-4.0,6.0,2.0,6.0,7.0,8.0,12.0,9.0,17.0,12.0,21.0,14.0,23.0,16.0,25.0,17.0,25.0
1.6222,122.0,-96.0,7.0,0.0,0.0,0.0,0.0,0.0,0.0,0.0,0.0,0.0,1.0,-13.0,0.0,-14.0,0.0,-14.0,0.0,-14.0,0.0,-14.0,0.0,-15.0,-1.0,-14.0,0.0,-15.0,0.0,-15.0,0.0,-15.0,0.0,-15.0,0.0,-15.0,0.0,-15.0,0.0,-15.0,-1.0,-15.0,-1.0,-16.0,-1.0,-15.0,-1.0,-16.0,-1.0,-16.0,-2.0,-16.0,-2.0,-16.0,-2.0,-15.0,-2.0,-16.0,-2.0,-16.0,-1.0,-16.0,-2.0,-16.0
1.6378,122.0,-96.0,7.0,0.0,0.0,0.0,0.0,0.0,0.0,0.0,0.0,0.0,-4.0,-11.0,-3.0,-12.0,-3.0,-12.0,-3.0,-13.0,-3.0,-12.0,-4.0,-12.0,-3.0,-12.0,-4.0,-12.0,-4.0,-12.0,-4.0,-13.0,-4.0,-13.0,-4.0,-13.0,-4.0,-13.0,-4.0,-13.0,-5.0,-13.0,-4.0,-13.0,-4.0,-14.0,-5.0,-13.0,-4.0,-13.0,-5.0,-14.0,-5.0,-14.0,-5.0,-13.0,-5.0,-13.0,-5.0,-14.0,-5.0,-14.0,-6.0,-14.0
1.6512,122.0,-96.0,7.0,0.0,0.0,0.0,0.0,0.0,0.0,0.0,0.0,0.0,-12.0,1.0,-8.0,-2.0,-4.0,-5.0,-1.0,-9.0,3.0,-12.0,5.0,-17.0,7.0,-20.0,8.0,-24.0,8.0,-27.0,8.0,-28.0,7.0,-29.0,6.0,-29.0,5.0,-28.0,3.0,-26.0,3.0,-23.0,3.0,-19.0,3.0,-14.0,4.0,-9.0,6.0,-3.0,7.0,2.0,10.0,6.0,13.0,11.0,16.0,14.0,19.0,16.0,21.0,18.0,23.0,18.0
1.6646,122.0,-96.0,7.0,0.0,0.0,0.0,0.0,0.0,0.0,0.0,0.0,0.0,-12.0,4.0,-9.0,0.0,-5.0,-5.0,-3.0,-10.0,-1.0,-15.0,1.0,-21.0,1.0,-25.0,0.0,-29.0,0.0,-32.0,-1.0,-33.0,-2.0,-34.0,-3.0,-33.0,-4.0,-31.0,-5.0,-29.0,-4.0,-25.0,-3.0,-20.0,-1.0,-15.0,3.0,-9.0,6.0,-4.0,10.0,0.0,14.0,4.0,19.0,8.0,24.0,10.0,28.0,11.0,30.0,11.0,32.0,11.0
1.6799,122.0,-96.0,7.0,0.0,0.0,0.0,0.0,0.0,0.0,0.0,0.0,0.0,-2.0,12.0,-4.0,16.0,-5.0,20.0,-6.0,22.0,-6.0,25.0,-6.0,28.0,-5.0,28.0,-4.0,28.0,-3.0,27.0,-3.0,24.0,-3.0,20.0,-3.0,16.0,-3.0,11.0,-5.0,7.0,-6.0,1.0,-9.0,-3.0,-12.0,-8.0,-15.0,-12.0,-19.0,-15.0,-21.0,-17.0,-24.0,-19.0,-25.0,-19.0,-27.0,-19.0,-26.0,-18.0,-26.0,-16.0,-23.0,-14.0
1.6938,122.0,-96.0,7.0,0.0,0.0,0.0,0.0,0.0,0.0,0.0,0.0,0.0,-2.0,-13.0,1.0,-8.0,5.0,-4.0,9.0,-1.0,14.0,3.0,19.0,6.0,22.0,7.0,26.0,8.0,30.0,9.0,31.0,8.0,32.0,7.0,32.0,6.0,30.0,4.0,28.0,3.0,24.0,2.0,19.0,2.0,13.0,3.0,7.0,5.0,1.0,7.0,-4.0,9.0,-10.0,13.0,-14.0,16.0,-17.0,20.0,-19.0,24.0,-20.0,26.0,-21.0,28.0
1.7081,122.0,-96.0,7.0,0.0,0.0,0.0,0.0,0.0,0.0,0.0,0.0,0.0,4.0,9.0,4.0,8.0,6.0,7.0,5.0,9.0,4.0,8.0,5.0,11.0,5.0,10.0,5.0,9.0,4.0,9.0,5.0,10.0,6.0,10.0,5.0,9.0,5.0,10.0,6.0,10.0,6.0,10.0,5.0,9.0,6.0,10.0,6.0,10.0,6.0,10.0,6.0,10.0,6.0,10.0,6.0,9.0,6.0,9.0,6.0,10.0,6.0,9.0,7.0,10.0
1.7237,122.0,-96.0,7.0,0.0,0.0,0.0,0.0,0.0,0.0,0.0,0.0,0.0,-1.0,-12.0,1.0,-8.0,5.0,-4.0,8.0,0.0,12.0,2.0,17.0,4.0,20.0,6.0,23.0,7.0,26.0,7.0,28.0,7.0,28.0,6.0,28.0,5.0,26.0,4.0,25.0,2.0,21.0,2.0,16.0,2.0,12.0,3.0,7.0,4.0,1.0,6.0,-4.0,8.0,-8.0,11.0,-12.0,15.0,-15.0,18.0,-16.0,21.0,-18.0,24.0,-18.0,25.0
1.7386,122.0,-96.0,7.0,0.0,0.0,0.0,0.0,0.0,0.0,0.0,0.0,0.0,-9.0,-8.0,-4.0,-7.0,2.0,-6.0,7.0,-6.0,12.0,-7.0,16.0,-8.0,20.0,-9.0,23.0,-10.0,25.0,-13.0,26.0,-14.0,25.0,-15.0,24.0,-15.0,22.0,-15.0,20.0,-15.0,16.0,-12.0,13.0,-10.0,10.0,-5.0,7.0,-1.0,5.0,4.0,2.0,9.0,1.0,15.0,1.0,20.0,1.0,24.0,3.0,27.0,4.0,29.0,4.0,30.0
1.7523,122.0,-96.0,7.0,0.0,0.0,0.0,0.0,0.0,0.0,0.0,0.0,0.0,19.0,-12.0,19.0,-12.0,19.0,-12.0,19.0,-13.0,19.0,-13.0,20.0,-13.0,20.0,-14.0,20.0,-14.0,20.0,-14.0,20.0,-14.0,20.0,-14.0,21.0,-13.0,21.0,-14.0,21.0,-15.0,21.0,-15.0,20.0,-15.0,21.0,-15.0,21.0,-15.0,21.0,-15.0,21.0,-16.0,21.0,-16.0,21.0,-15.0,21.0,-16.0,20.0,-15.0,21.0,-15.0,21.0,-16.0
1.7653,122.0,-96.0,7.0,0.0,0.0,0.0,0.0,0.0,0.0,0.0,0.0,0.0,12.0,12.0,12.0,12.0,12.0,13.0,12.0,12.0,12.0,13.0,13.0,13.0,13.0,13.0,13.0,13.0,13.0,13.0,13.0,13.0,13.0,13.0,13.0,13.0,13.0,13.0,14.0,13.0,14.0,13.0,13.0,13.0,14.0,13.0,14.0,13.0,14.0,13.0,14.0,14.0,15.0,13.0,14.0,14.0,15.0,13.0,15.0,13.0,14.0,13.0,15.0,13.0
1.7783,122.0,-96.0,7.0,0.0,0.0,0.0,0.0,0.0,0.0,0.0,0.0,0.0,-11.0,6.0,-8.0,2.0,-6.0,-4.0,-5.0,-10.0,-4.0,-15.0,-4.0,-21.0,-5.0,-25.0,-6.0,-29.0,-7.0,-32.0,-8.0,-33.0,-10.0,-33.0,-11.0,-31.0,-11.0,-29.0,-11.0,-26.0,-9.0,-22.0,-6.0,-18.0,-3.0,-13.0,1.0,-9.0,7.0,-5.0,11.0,-1.0,17.0,2.0,22.0,4.0,27.0,5.0,30.0,4.0,34.0,3.0,35.0,3.0
1.7922,122.0,-96.0,7.0,0.0,0.0,0.0,0.0,0.0,0.0,0.0,0.0,0.0,17.0,14.0,19.0,14.0,20.0,14.0,20.0,13.0,19.0,13.0,18.0,11.0,15.0,10.0,12.0,8.0,8.0,7.0,3.0,6.0,-2.0,5.0,-7.0,5.0,-12.0,5.0,-16.0,6.0,-20.0,7.0,-22.0,7.0,-25.0,8.0,-26.0,10.0,-26.0,11.0,-25.0,11.0,-24.0,11.0,-21.0,10.0,-18.0,9.0,-15.0,6.0,-11.0,4.0,-8.0,0.0
1.8074,122.0,-96.0,7.0,0.0,0.0,0.0,0.0,0.0,0.0,0.0,0.0,0.0,-2.0,-12.0,-3.0,-12.0,-2.0,-12.0,-3.0,-12.0,-3.0,-12.0,-3.0,-12.0,-3.0,-12.0,-3.0,-13.0,-3.0,-12.0,-3.0,-13.0,-3.0,-13.0,-3.0,-13.0,-3.0,-13.0,-4.0,-13.0,-4.0,-13.0,-3.0,-13.0,-4.0,-14.0,-4.0,-13.0,-4.0,-14.0,-4.0,-13.0,-4.0,-14.0,-4.0,-13.0,-5.0,-13.0,-5.0,-14.0,-5.0,-14.0,-5.0,-14.0
1.8239,122.0,-96.0,7.0,0.0,0.0,0.0,0.0,0.0,0.0,0.0,0.0,0.0,9.0,6.0,12.0,9.0,14.0,11.0,17.0,13.0,18.0,14.0,21.0,14.0,22.0,14.0,22.0,13.0,21.0,12.0,19.0,10.0,16.0,9.0,12.0,8.0,8.0,6.0,3.0,6.0,-1.0,5.0,-6.0,5.0,-11.0,6.0,-15.0,7.0,-19.0,9.0,-22.0,10.0,-24.0,12.0,-25.0,13.0,-25.0,14.0,-24.0,15.0,-22.0,15.0,-20.0,13.0
1.837,122.0,-96.0,7.0,0.0,0.0,0.0,0.0,0.0,0.0,0.0,0.0,0.0,2.0,14.0,2.0,13.0,2.0,14.0,2.0,14.0,2.0,14.0,3.0,15.0,3.0,14.0,3.0,15.0,3.0,15.0,3.0,15.0,3.0,15.0,3.0,15.0,3.0,15.0,4.0,15.0,3.0,15.0,4.0,15.0,4.0,15.0,4.0,16.0,4.0,15.0,4.0,16.0,4.0,16.0,4.0,16.0,5.0,16.0,5.0,16.0,5.0,16.0,5.0,16.0
1.8513,122.0,-96.0,7.0,0.0,0.0,0.0,0.0,0.0,0.0,0.0,0.0,0.0,-1.0,10.0,0.0,10.0,0.0,10.0,-1.0,10.0,0.0,10.0,0.0,10.0,0.0,11.0,0.0,11.0,0.0,11.0,0.0,11.0,0.0,11.0,0.0,11.0,0.0,11.0,0.0,11.0,0.0,11.0,0.0,11.0,1.0,11.0,1.0,11.0,0.0,11.0,1.0,12.0,1.0,12.0,1.0,12.0,1.0,12.0,1.0,12.0,1.0,12.0,1.0,12.0
1.8666,122.0,-96.0,7.0,0.0,0.0,0.0,0.0,0.0,0.0,0.0,0.0,0.0,-1.0,-14.0,2.0,-8.0,5.0,-3.0,9.0,0.0,13.0,5.0,18.0,8.0,22.0,10.0,25.0,11.0,29.0,12.0,30.0,11.0,31.0,10.0,31.0,9.0,29.0,8.0,27.0,6.0,23.0,5.0,18.0,4.0,12.0,4.0,7.0,5.0,1.0,7.0,-5.0,9.0,-10.0,12.0,-15.0,16.0,-19.0,19.0,-21.0,22.0,-23.0,25.0,-23.0,26.0
1.8813,122.0,-96.0,7.0,0.0,0.0,0.0,0.0,0.0,0.0,0.0,0.0,0.0,-10.0,7.0,-10.0,8.0,-11.0,7.0,-11.0,7.0,-11.0,8.0,-11.0,8.0,-11.0,8.0,-11.0,9.0,-11.0,8.0,-11.0,9.0,-11.0,9.0,-11.0,9.0,-12.0,9.0,-11.0,9.0,-11.0,10.0,-11.0,9.0,-11.0,9.0,-11.0,10.0,-11.0,10.0,-12.0,10.0,-12.0,10.0,-12.0,10.0,-11.0,11.0,-11.0,10.0,-11.0,10.0,-11.0,11.0
1.8953,122.0,-96.0,7.0,0.0,0.0,0.0,0.0,0.0,0.0,0.0,0.0,0.0,4.0,-23.0,4.0,-25.0,4.0,-25.0,3.0,-25.0,2.0,-24.0,2.0,-22.0,1.0,-19.0,2.0,-16.0,3.0,-11.0,4.0,-6.0,5.0,-2.0,7.0,3.0,10.0,7.0,12.0,10.0,14.0,14.0,16.0,15.0,18.0,17.0,20.0,18.0,21.0,18.0,21.0,17.0,20.0,16.0,18.0,14.0,16.0,11.0,12.0,9.0,8.0,7.0,3.0,6.0
1.9086,122.0,-96.0,7.0,0.0,0.0,0.0,0.0,0.0,0.0,0.0,0.0,0.0,17.0,14.0,19.0,15.0,20.0,15.0,20.0,14.0,19.0,13.0,17.0,12.0,15.0,10.0,11.0,9.0,7.0,7.0,3.0,7.0,-2.0,5.0,-7.0,5.0,-12.0,5.0,-16.0,5.0,-20.0,6.0,-23.0,6.0,-25.0,8.0,-26.0,8.0,-27.0,10.0,-26.0,10.0,-25.0,10.0,-22.0,9.0,-19.0,8.0,-15.0,6.0,-11.0,3.0,-8.0,0.0
1.9222,122.0,-96.0,7.0,0.0,0.0,0.0,0.0,0.0,0.0,0.0,0.0,0.0,22.0,12.0,20.0,11.0,17.0,9.0,13.0,8.0,9.0,6.0,4.0,6.0,-2.0,6.0,-7.0,6.0,-12.0,7.0,-16.0,8.0,-20.0,9.0,-23.0,11.0,-26.0,13.0,-26.0,15.0,-26.0,16.0,-25.0,16.0,-23.0,16.0,-21.0,15.0,-18.0,13.0,-15.0,10.0,-12.0,6.0,-9.0,1.0,-6.0,-4.0,-4.0,-9.0,-2.0,-14.0,-1.0,-20.0
1.9352,122.0,-96.0,7.0,0.0,0.0,0.0,0.0,0.0,0.0,0.0,0.0,0.0,9.0,5.0,10.0,5.0,10.0,5.0,10.0,5.0,10.0,5.0,10.0,5.0,10.0,4.0,11.0,5.0,11.0,5.0,11.0,5.0,11.0,5.0,11.0,5.0,10.0,5.0,11.0,4.0,11.0,5.0,11.0,6.0,11.0,5.0,12.0,5.0,12.0,5.0,12.0,5.0,12.0,5.0,12.0,4.0,12.0,5.0,12.0,5.0,12.0,4.0,13.0,4.0
1.9489,122.0,-96.0,7.0,0.0,0.0,0.0,0.0,0.0,0.0,0.0,0.0,0.0,17.0,22.0,15.0,20.0,13.0,17.0,10.0,14.0,5.0,11.0,0.0,8.0,-5.0,5.0,-11.0,3.0,-17.0,2.0,-21.0,1.0,-26.0,0.0,-30.0,1.0,-33.0,2.0,-34.0,3.0,-35.0,4.0,-33.0,5.0,-31.0,5.0,-28.0,5.0,-23.0,5.0,-19.0,2.0,-13.0,-1.0,-8.0,-4.0,-3.0,-8.0,2.0,-12.0,6.0,-17.0,10.0,-22.0
1.9648,122.0,-96.0,7.0,0.0,0.0,0.0,0.0,0.0,0.0,0.0,0.0,0.0,-11.0,-3.0,-10.0,-3.0,-11.0,-3.0,-11.0,-3.0,-12.0,-2.0,-11.0,-2.0,-12.0,-3.0,-12.0,-2.0,-11.0,-3.0,-12.0,-3.0,-12.0,-2.0,-12.0,-3.0,-12.0,-3.0,-12.0,-2.0,-12.0,-3.0,-13.0,-3.0,-13.0,-2.0,-12.0,-2.0,-13.0,-2.0,-13.0,-2.0,-13.0,-2.0,-13.0,-2.0,-13.0,-2.0,-13.0,-2.0,-13.0,-2.0,-13.0,-1.0
1.9789,122.0,-96.0,7.0,0.0,0.0,0.0,0.0,0.0,0.0,0.0,0.0,0.0,8.0,23.0,7.0,21.0,6.0,18.0,4.0,15.0,2.0,11.0,-2.0,7.0,-6.0,4.0,-10.0,0.0,-14.0,-3.0,-18.0,-4.0,-22.0,-6.0,-25.0,-7.0,-28.0,-7.0,-30.0,-6.0,-31.0,-6.0,-30.0,-4.0,-29.0,-4.0,-26.0,-3.0,-22.0,-2.0,-18.0,-2.0,-13.0,-4.0,-7.0,-5.0,-2.0,-7.0,3.0,-9.0,8.0,-12.0,12.0,-16.0
1.9912,122.0,-96.0,7.0,0.0,0.0,0.0,0.0,0.0,0.0,0.0,0.0,0.0,2.0,11.0,-2.0,7.0,-6.0,3.0,-10.0,0.0,-16.0,-3.0,-21.0,-5.0,-25.0,-6.0,-29.0,-6.0,-32.0,-6.0,-34.0,-6.0,-34.0,-5.0,-33.0,-4.0,-31.0,-2.0,-29.0,-1.0,-24.0,-1.0,-19.0,-2.0,-13.0,-3.0,-8.0,-5.0,-1.0,-9.0,4.0,-11.0,9.0,-16.0,12.0,-20.0,15.0,-24.0,17.0,-27.0,17.0,-30.0,17.0,-31.0
2.0057,122.0,-96.0,7.0,0.0,0.0,0.0,0.0,0.0,0.0,0.0,0.0,0.0,8.0,9.0,9.0,13.0,11.0,17.0,13.0,20.0,15.0,21.0,17.0,23.0,18.0,23.0,18.0,22.0,18.0,21.0,16.0,18.0,13.0,16.0,10.0,13.0,7.0,10.0,2.0,8.0,-3.0,5.0,-9.0,4.0,-14.0,2.0,-19.0,1.0,-24.0,2.0,-27.0,2.0,-30.0,3.0,-32.0,3.0,-32.0,5.0,-31.0,5.0,-29.0,6.0,-26.0,6.0
2.0213,122.0,-96.0,7.0,0.0,0.0,0.0,0.0,0.0,0.0,0.0,0.0,0.0,-8.0,-8.0,-8.0,-8.0,-8.0,-8.0,-8.0,-7.0,-8.0,-8.0,-9.0,-8.0,-9.0,-8.0,-9.0,-8.0,-9.0,-8.0,-9.0,-8.0,-9.0,-9.0,-9.0,-8.0,-10.0,-8.0,-9.0,-8.0,-10.0,-8.0,-10.0,-8.0,-9.0,-8.0,-10.0,-8.0,-10.0,-8.0,-10.0,-7.0,-10.0,-8.0,-10.0,-8.0,-10.0,-8.0,-10.0,-8.0,-10.0,-8.0,-11.0,-8.0
2.0361,122.0,-96.0,7.0,0.0,0.0,0.0,0.0,0.0,0.0,0.0,0.0,0.0,-25.0,9.0,-26.0,11.0,-26.0,11.0,-25.0,11.0,-24.0,11.0,-22.0,10.0,-19.0,9.0,-15.0,6.0,-12.0,3.0,-8.0,-2.0,-4.0,-6.0,-1.0,-10.0,1.0,-15.0,3.0,-19.0,5.0,-24.0,5.0,-27.0,5.0,-30.0,5.0,-31.0,4.0,-32.0,4.0,-30.0,3.0,-29.0,2.0,-25.0,2.0,-22.0,2.0,-16.0,2.0,-11.0,4.0,-6.0
2.0499,122.0,-96.0,7.0,0.0,0.0,0.0,0.0,0.0,0.0,0.0,0.0,0.0,-7.0,8.0,-6.0,8.0,-7.0,8.0,-7.0,8.0,-7.0,8.0,-7.0,9.0,-7.0,9.0,-6.0,9.0,-7.0,9.0,-7.0,9.0,-7.0,9.0,-7.0,9.0,-8.0,9.0,-7.0,9.0,-6.0,10.0,-7.0,9.0,-7.0,10.0,-7.0,11.0,-7.0,10.0,-6.0,10.0,-6.0,10.0,-6.0,10.0,-7.0,10.0,-6.0,10.0,-7.0,10.0,-6.0,10.0
2.064,122.0,-96.0,7.0,0.0,0.0,0.0,0.0,0.0,0.0,0.0,0.0,0.0,13.0,19.0,15.0,20.0,15.0,20.0,15.0,19.0,14.0,17.0,13.0,16.0,11.0,14.0,8.0,11.0,5.0,8.0,0.0,6.0,-4.0,4.0,-9.0,2.0,-14.0,1.0,-18.0,1.0,-22.0,1.0,-24.0,0.0,-27.0,1.0,-28.0,1.0,-29.0,3.0,-28.0,3.0,-26.0,3.0,-23.0,3.0,-19.0,3.0,-15.0,1.0,-10.0,0.0,-6.0,-3.0
2.0803,122.0,-96.0,7.0,0.0,0.0,0.0,0.0,0.0,0.0,0.0,0.0,0.0,-8.0,-9.0,-7.0,-10.0,-8.0,-9.0,-8.0,-10.0,-8.0,-9.0,-9.0,-10.0,-8.0,-10.0,-9.0,-10.0,-8.0,-10.0,-9.0,-10.0,-9.0,-10.0,-9.0,-10.0,-9.0,-10.0,-9.0,-10.0,-9.0,-11.0,-9.0,-10.0,-9.0,-10.0,-9.0,-11.0,-10.0,-11.0,-9.0,-10.0,-10.0,-10.0,-9.0,-11.0,-10.0,-10.0,-10.0,-10.0,-11.0,-10.0,-10.0,-10.0
2.0951,122.0,-96.0,7.0,0.0,0.0,0.0,0.0,0.0,0.0,0.0,0.0,0.0,-10.0,-2.0,-10.0,-1.0,-10.0,-2.0,-11.0,-2.0,-11.0,-2.0,-12.0,-2.0,-12.0,-2.0,-12.0,-1.0,-11.0,-2.0,-11.0,-2.0,-12.0,-2.0,-13.0,-3.0,-12.0,-1.0,-12.0,-2.0,-13.0,-2.0,-12.0,-2.0,-12.0,-1.0,-12.0,-2.0,-12.0,-2.0,-13.0,-2.0,-13.0,-2.0,-13.0,-1.0,-13.0,-2.0,-12.0,-1.0,-13.0,-1.0,-13.0,-1.0
2.1081,122.0,-96.0,7.0,0.0,0.0,0.0,0.0,0.0,0.0,0.0,0.0,0.0,-9.0,9.0,-7.0,3.0,-6.0,-2.0,-6.0,-8.0,-7.0,-14.0,-8.0,-19.0,-10.0,-24.0,-11.0,-27.0,-13.0,-30.0,-14.0,-31.0,-16.0,-31.0,-16.0,-30.0,-16.0,-27.0,-16.0,-25.0,-13.0,-21.0,-10.0,-17.0,-7.0,-13.0,-2.0,-10.0,4.0,-6.0,10.0,-3.0,16.0,-1.0,21.0,0.0,26.0,0.0,31.0,-1.0,33.0,-2.0,35.0,-2.0
2.1258,122.0,-96.0,7.0,0.0,0.0,0.0,0.0,0.0,0.0,0.0,0.0,0.0,-5.0,9.0,-6.0,10.0,-5.0,10.0,-5.0,10.0,-5.0,10.0,-6.0,11.0,-5.0,10.0,-5.0,11.0,-6.0,11.0,-6.0,11.0,-6.0,11.0,-6.0,11.0,-7.0,11.0,-5.0,10.0,-6.0,12.0,-6.0,11.0,-5.0,11.0,-5.0,12.0,-6.0,12.0,-6.0,11.0,-6.0,12.0,-6.0,12.0,-5.0,12.0,-5.0,12.0,-5.0,12.0,-5.0,13.0
2.1385,122.0,-96.0,7.0,0.0,0.0,0.0,0.0,0.0,0.0,0.0,0.0,0.0,-23.0,3.0,-21.0,3.0,-18.0,2.0,-15.0,1.0,-11.0,0.0,-7.0,-3.0,-3.0,-6.0,0.0,-9.0,4.0,-12.0,6.0,-16.0,8.0,-18.0,10.0,-21.0,10.0,-24.0,10.0,-25.0,9.0,-26.0,8.0,-26.0,7.0,-25.0,6.0,-23.0,5.0,-19.0,5.0,-15.0,4.0,-11.0,4.0,-6.0,5.0,-1.0,6.0,4.0,8.0,9.0,10.0,13.0
2.1531,122.0,-96.0,7.0,0.0,0.0,0.0,0.0,0.0,0.0,0.0,0.0,0.0,-19.0,-17.0,-18.0,-16.0,-16.0,-14.0,-12.0,-11.0,-8.0,-10.0,-3.0,-8.0,2.0,-7.0,7.0,-5.0,12.0,-5.0,17.0,-5.0,21.0,-5.0,24.0,-6.0,27.0,-7.0,29.0,-9.0,29.0,-10.0,28.0,-10.0,26.0,-11.0,24.0,-9.0,20.0,-8.0,16.0,-6.0,12.0,-3.0,8.0,1.0,3.0,5.0,0.0,9.0,-4.0,13.0,-5.0,18.0
2.1673,122.0,-96.0,7.0,0.0,0.0,0.0,0.0,0.0,0.0,0.0,0.0,0.0,12.0,-2.0,8.0,0.0,3.0,4.0,0.0,9.0,-4.0,14.0,-6.0,19.0,-8.0,23.0,-9.0,27.0,-9.0,30.0,-10.0,32.0,-8.0,32.0,-8.0,32.0,-6.0,31.0,-4.0,29.0,-3.0,25.0,-4.0,20.0,-4.0,14.0,-5.0,8.0,-8.0,3.0,-10.0,-3.0,-13.0,-9.0,-16.0,-13.0,-20.0,-17.0,-23.0,-20.0,-26.0,-21.0,-28.0,-23.0
2.1815,122.0,-96.0,7.0,0.0,0.0,0.0,0.0,0.0,0.0,0.0,0.0,0.0,11.0,1.0,15.0,3.0,18.0,4.0,21.0,5.0,23.0,5.0,25.0,5.0,26.0,4.0,25.0,3.0,24.0,2.0,21.0,2.0,18.0,2.0,15.0,2.0,10.0,3.0,6.0,4.0,1.0,5.0,-4.0,7.0,-8.0,10.0,-12.0,12.0,-15.0,15.0,-18.0,17.0,-19.0,19.0,-20.0,21.0,-19.0,21.0,-18.0,21.0,-16.0,21.0,-14.0,19.0
2.1959,122.0,-96.0,7.0,0.0,0.0,0.0,0.0,0.0,0.0,0.0,0.0,0.0,10.0,-5.0,9.0,-4.0,10.0,-4.0,11.0,-6.0,10.0,-5.0,10.0,-6.0,10.0,-6.0,11.0,-6.0,11.0,-6.0,10.0,-6.0,11.0,-6.0,10.0,-6.0,10.0,-6.0,11.0,-6.0,12.0,-6.0,11.0,-6.0,12.0,-7.0,11.0,-7.0,11.0,-6.0,11.0,-7.0,11.0,-6.0,12.0,-7.0,11.0,-8.0,12.0,-7.0,11.0,-7.0,11.0,-8.0
2.2105,122.0,-96.0,7.0,0.0,0.0,0.0,0.0,0.0,0.0,0.0,0.0,0.0,-29.0,7.0,-31.0,9.0,-30.0,9.0,-30.0,10.0,-28.0,10.0,-26.0,9.0,-22.0,7.0,-18.0,5.0,-13.0,2.0,-9.0,-3.0,-4.0,-7.0,0.0,-12.0,3.0,-17.0,6.0,-21.0,8.0,-26.0,9.0,-29.0,9.0,-33.0,9.0,-34.0,8.0,-35.0,7.0,-34.0,6.0,-32.0,5.0,-28.0,4.0,-24.0,4.0,-18.0,4.0,-12.0,5.0,-6.0
2.2247,122.0,-96.0,7.0,0.0,0.0,0.0,0.0,0.0,0.0,0.0,0.0,0.0,0.0,11.0,-2.0,6.0,-5.0,3.0,-9.0,-1.0,-12.0,-4.0,-17.0,-7.0,-20.0,-9.0,-24.0,-10.0,-27.0,-10.0,-28.0,-11.0,-29.0,-10.0,-29.0,-9.0,-28.0,-7.0,-26.0,-5.0,-22.0,-5.0,-18.0,-5.0,-13.0,-4.0,-8.0,-6.0,-3.0,-7.0,2.0,-8.0,8.0,-11.0,12.0,-13.0,15.0,-17.0,18.0,-20.0,19.0,-22.0,20.0,-24.0
2.2393,122.0,-96.0,7.0,0.0,0.0,0.0,0.0,0.0,0.0,0.0,0.0,0.0,-5.0,11.0,-5.0,11.0,-5.0,12.0,-5.0,11.0,-5.0,12.0,-5.0,12.0,-5.0,12.0,-5.0,13.0,-5.0,12.0,-5.0,13.0,-6.0,13.0,-6.0,13.0,-5.0,13.0,-5.0,13.0,-5.0,13.0,-5.0,13.0,-5.0,14.0,-5.0,14.0,-5.0,14.0,-5.0,14.0,-5.0,14.0,-5.0,14.0,-5.0,14.0,-5.0,14.0,-5.0,14.0,-5.0,14.0
2.2542,122.0,-96.0,7.0,0.0,0.0,0.0,0.0,0.0,0.0,0.0,0.0,0.0,12.0,-20.0,12.0,-22.0,12.0,-23.0,11.0,-23.0,10.0,-22.0,9.0,-20.0,8.0,-17.0,7.0,-13.0,6.0,-10.0,5.0,-4.0,5.0,0.0,5.0,5.0,6.0,10.0,7.0,15.0,8.0,18.0,9.0,21.0,10.0,23.0,11.0,24.0,12.0,25.0,13.0,24.0,12.0,23.0,11.0,20.0,10.0,17.0,7.0,13.0,4.0,10.0,0.0,7.0
2.269,122.0,-96.0,7.0,0.0,0.0,0.0,0.0,0.0,0.0,0.0,0.0,0.0,-8.0,11.0,-8.0,11.0,-8.0,12.0,-9.0,12.0,-8.0,12.0,-9.0,13.0,-9.0,12.0,-9.0,13.0,-9.0,13.0,-9.0,13.0,-9.0,13.0,-9.0,13.0,-9.0,13.0,-9.0,13.0,-9.0,14.0,-9.0,14.0,-9.0,13.0,-9.0,14.0,-9.0,15.0,-9.0,14.0,-9.0,14.0,-9.0,14.0,-8.0,15.0,-8.0,15.0,-8.0,15.0,-8.0,15.0
2.2832,122.0,-96.0,7.0,0.0,0.0,0.0,0.0,0.0,0.0,0.0,0.0,0.0,2.0,-24.0,1.0,-26.0,0.0,-26.0,0.0,-26.0,-1.0,-24.0,-1.0,-22.0,-1.0,-19.0,0.0,-16.0,1.0,-12.0,3.0,-7.0,5.0,-2.0,8.0,2.0,11.0,6.0,13.0,9.0,16.0,11.0,19.0,13.0,21.0,14.0,22.0,15.0,23.0,15.0,23.0,14.0,22.0,13.0,20.0,11.0,17.0,9.0,13.0,7.0,9.0,6.0,4.0,5.0
2.2973,122.0,-96.0,7.0,0.0,0.0,0.0,0.0,0.0,0.0,0.0,0.0,0.0,0.0,-13.0,2.0,-18.0,3.0,-21.0,4.0,-24.0,4.0,-27.0,3.0,-29.0,3.0,-30.0,2.0,-30.0,1.0,-28.0,1.0,-25.0,1.0,-21.0,2.0,-17.0,2.0,-13.0,4.0,-8.0,6.0,-2.0,8.0,2.0,12.0,7.0,14.0,11.0,18.0,14.0,21.0,17.0,24.0,18.0,25.0,18.0,26.0,17.0,25.0,16.0,25.0,14.0,23.0,13.0
2.3114,122.0,-96.0,7.0,0.0,0.0,0.0,0.0,0.0,0.0,0.0,0.0,0.0,-8.0,8.0,-8.0,8.0,-8.0,9.0,-7.0,9.0,-8.0,10.0,-8.0,9.0,-8.0,8.0,-8.0,10.0,-8.0,10.0,-8.0,10.0,-8.0,10.0,-8.0,10.0,-9.0,10.0,-8.0,10.0,-7.0,10.0,-8.0,10.0,-8.0,10.0,-8.0,10.0,-8.0,10.0,-8.0,11.0,-8.0,11.0,-8.0,11.0,-7.0,11.0,-8.0,11.0,-8.0,11.0,-7.0,11.0
2.3273,122.0,-96.0,7.0,0.0,0.0,0.0,0.0,0.0,0.0,0.0,0.0,0.0,-8.0,-11.0,-3.0,-8.0,2.0,-6.0,8.0,-5.0,14.0,-5.0,20.0,-6.0,23.0,-7.0,27.0,-8.0,30.0,-10.0,31.0,-11.0,31.0,-12.0,30.0,-13.0,28.0,-13.0,25.0,-13.0,21.0,-11.0,17.0,-9.0,13.0,-5.0,9.0,0.0,5.0,5.0,2.0,10.0,-1.0,16.0,-2.0,21.0,-3.0,26.0,-3.0,30.0,-3.0,33.0,-2.0,35.0
2.3428,122.0,-96.0,7.0,0.0,0.0,0.0,0.0,0.0,0.0,0.0,0.0,0.0,-5.0,-12.0,0.0,-8.0,5.0,-5.0,10.0,-3.0,15.0,0.0,21.0,1.0,25.0,1.0,29.0,1.0,32.0,0.0,33.0,0.0,33.0,-2.0,32.0,-3.0,30.0,-3.0,27.0,-4.0,22.0,-4.0,18.0,-2.0,13.0,0.0,7.0,4.0,2.0,8.0,-3.0,11.0,-7.0,16.0,-11.0,21.0,-12.0,25.0,-13.0,29.0,-13.0,32.0,-12.0,33.0
2.3571,122.0,-96.0,7.0,0.0,0.0,0.0,0.0,0.0,0.0,0.0,0.0,0.0,-7.0,9.0,-6.0,9.0,-6.0,9.0,-7.0,9.0,-6.0,9.0,-7.0,10.0,-7.0,10.0,-7.0,10.0,-7.0,10.0,-7.0,10.0,-7.0,10.0,-7.0,10.0,-7.0,10.0,-7.0,11.0,-7.0,11.0,-7.0,11.0,-7.0,11.0,-7.0,11.0,-7.0,11.0,-7.0,11.0,-6.0,11.0,-7.0,11.0,-6.0,12.0,-6.0,12.0,-6.0,12.0,-6.0,12.0
2.3712,122.0,-96.0,7.0,0.0,0.0,0.0,0.0,0.0,0.0,0.0,0.0,0.0,3.0,9.0,4.0,9.0,3.0,9.0,4.0,9.0,4.0,9.0,3.0,10.0,4.0,9.0,5.0,9.0,4.0,10.0,4.0,10.0,4.0,10.0,4.0,10.0,5.0,10.0,5.0,10.0,5.0,10.0,4.0,10.0,5.0,10.0,5.0,10.0,5.0,10.0,5.0,10.0,5.0,10.0,5.0,10.0,5.0,10.0,6.0,10.0,5.0,10.0,5.0,10.0
2.385,122.0,-96.0,7.0,0.0,0.0,0.0,0.0,0.0,0.0,0.0,0.0,0.0,8.0,7.0,4.0,6.0,-2.0,5.0,-6.0,5.0,-12.0,6.0,-16.0,8.0,-20.0,9.0,-23.0,11.0,-25.0,13.0,-26.0,14.0,-26.0,15.0,-25.0,16.0,-24.0,16.0,-21.0,16.0,-18.0,13.0,-15.0,10.0,-12.0,7.0,-9.0,2.0,-7.0,-3.0,-5.0,-8.0,-3.0,-13.0,-3.0,-18.0,-2.0,-23.0,-3.0,-27.0,-4.0,-29.0,-5.0,-31.0
2.3985,122.0,-96.0,7.0,0.0,0.0,0.0,0.0,0.0,0.0,0.0,0.0,0.0,20.0,5.0,22.0,5.0,22.0,4.0,21.0,4.0,21.0,3.0,19.0,3.0,17.0,2.0,13.0,2.0,9.0,3.0,5.0,4.0,1.0,4.0,-3.0,6.0,-7.0,8.0,-11.0,10.0,-14.0,12.0,-16.0,13.0,-18.0,15.0,-19.0,16.0,-19.0,17.0,-18.0,17.0,-17.0,17.0,-15.0,16.0,-13.0,14.0,-11.0,11.0,-9.0,7.0,-7.0,4.0
2.4129,122.0,-96.0,7.0,0.0,0.0,0.0,0.0,0.0,0.0,0.0,0.0,0.0,-25.0,7.0,-27.0,8.0,-27.0,8.0,-27.0,9.0,-25.0,9.0,-24.0,9.0,-21.0,7.0,-17.0,5.0,-13.0,3.0,-9.0,-1.0,-5.0,-5.0,-2.0,-9.0,1.0,-14.0,4.0,-18.0,5.0,-22.0,7.0,-25.0,7.0,-29.0,7.0,-30.0,6.0,-32.0,5.0,-31.0,5.0,-30.0,4.0,-27.0,3.0,-24.0,2.0,-19.0,2.0,-14.0,3.0,-9.0
2.4254,122.0,-96.0,7.0,0.0,0.0,0.0,0.0,0.0,0.0,0.0,0.0,0.0,11.0,4.0,6.0,5.0,0.0,6.0,-5.0,8.0,-10.0,11.0,-15.0,14.0,-18.0,16.0,-21.0,20.0,-23.0,22.0,-22.0,24.0,-22.0,26.0,-21.0,26.0,-19.0,25.0,-17.0,24.0,-15.0,20.0,-12.0,16.0,-11.0,11.0,-9.0,5.0,-8.0,-1.0,-7.0,-7.0,-8.0,-14.0,-9.0,-19.0,-11.0,-24.0,-13.0,-28.0,-15.0,-30.0,-16.0,-32.0
2.44,122.0,-96.0,7.0,0.0,0.0,0.0,0.0,0.0,0.0,0.0,0.0,0.0,-4.0,23.0,-4.0,24.0,-4.0,25.0,-3.0,24.0,-2.0,23.0,-2.0,21.0,-2.0,19.0,-2.0,15.0,-3.0,11.0,-5.0,7.0,-6.0,2.0,-8.0,-3.0,-11.0,-7.0,-13.0,-11.0,-16.0,-14.0,-18.0,-16.0,-20.0,-17.0,-22.0,-19.0,-22.0,-18.0,-23.0,-17.0,-22.0,-16.0,-21.0,-14.0,-19.0,-13.0,-15.0,-10.0,-11.0,-8.0,-6.0,-7.0
2.4539,122.0,-96.0,7.0,0.0,0.0,0.0,0.0,0.0,0.0,0.0,0.0,0.0,-8.0,-23.0,-9.0,-24.0,-10.0,-24.0,-10.0,-23.0,-11.0,-22.0,-10.0,-20.0,-8.0,-18.0,-6.0,-15.0,-4.0,-11.0,0.0,-8.0,4.0,-4.0,8.0,-2.0,12.0,1.0,16.0,2.0,20.0,4.0,23.0,4.0,25.0,4.0,27.0,5.0,27.0,4.0,27.0,3.0,26.0,3.0,23.0,2.0,20.0,1.0,15.0,1.0,10.0,2.0,6.0,3.0
2.4673,122.0,-96.0,7.0,0.0,0.0,0.0,0.0,0.0,0.0,0.0,0.0,0.0,-23.0,6.0,-24.0,7.0,-24.0,8.0,-24.0,8.0,-23.0,8.0,-21.0,7.0,-18.0,6.0,-15.0,4.0,-11.0,2.0,-8.0,-2.0,-4.0,-5.0,-1.0,-9.0,2.0,-13.0,4.0,-17.0,5.0,-21.0,6.0,-23.0,6.0,-26.0,6.0,-28.0,5.0,-28.0,4.0,-28.0,4.0,-27.0,3.0,-24.0,2.0,-21.0,2.0,-16.0,2.0,-11.0,3.0,-7.0
2.4807,122.0,-96.0,7.0,0.0,0.0,0.0,0.0,0.0,0.0,0.0,0.0,0.0,11.0,3.0,12.0,3.0,12.0,4.0,12.0,3.0,13.0,3.0,13.0,4.0,13.0,3.0,13.0,3.0,13.0,3.0,13.0,4.0,13.0,3.0,13.0,4.0,13.0,4.0,14.0,3.0,13.0,3.0,14.0,3.0,14.0,2.0,14.0,3.0,14.0,3.0,14.0,3.0,14.0,2.0,14.0,2.0,15.0,3.0,14.0,2.0,15.0,3.0,15.0,2.0
2.4949,122.0,-96.0,7.0,0.0,0.0,0.0,0.0,0.0,0.0,0.0,0.0,0.0,-4.0,25.0,-3.0,28.0,-3.0,28.0,-2.0,28.0,-1.0,26.0,-2.0,24.0,-1.0,21.0,-2.0,17.0,-2.0,13.0,-5.0,7.0,-6.0,2.0,-9.0,-3.0,-12.0,-7.0,-15.0,-11.0,-18.0,-15.0,-20.0,-17.0,-23.0,-19.0,-25.0,-19.0,-26.0,-20.0,-26.0,-18.0,-25.0,-18.0,-23.0,-15.0,-21.0,-13.0,-16.0,-11.0,-12.0,-9.0,-7.0,-7.0
2.5117,122.0,-96.0,7.0,0.0,0.0,0.0,0.0,0.0,0.0,0.0,0.0,0.0,-15.0,-22.0,-14.0,-20.0,-12.0,-17.0,-9.0,-14.0,-6.0,-11.0,-1.0,-8.0,3.0,-6.0,8.0,-4.0,13.0,-2.0,18.0,-1.0,22.0,-1.0,25.0,-1.0,28.0,-2.0,30.0,-3.0,31.0,-4.0,30.0,-4.0,28.0,-5.0,24.0,-4.0,21.0,-4.0,17.0,-3.0,12.0,0.0,7.0,2.0,3.0,6.0,-2.0,9.0,-6.0,12.0,-9.0,17.0
2.5144,98.0,33.0,22.0,0.0,0.0,0.0,0.0,0.0,0.0,0.0,0.0,0.0,-30.0,33.0,-30.0,33.0,-28.0,34.0,-27.0,33.0,-22.0,30.0,-18.0,26.0,-14.0,23.0,-5.0,18.0,0.0,11.0,6.0,5.0,9.0,-2.0,15.0,-9.0,19.0,-17.0,21.0,-27.0,21.0,-33.0,19.0,-37.0,18.0,-44.0,13.0,-45.0,11.0,-47.0,7.0,-46.0,4.0,-43.0,1.0,-36.0,5.0,-27.0,2.0,-21.0,1.0,-10.0,2.0,2.0
2.5282,122.0,-96.0,7.0,0.0,0.0,0.0,0.0,0.0,0.0,0.0,0.0,0.0,2.0,10.0,3.0,10.0,3.0,11.0,3.0,11.0,3.0,11.0,3.0,11.0,2.0,11.0,3.0,11.0,2.0,11.0,3.0,12.0,3.0,12.0,3.0,11.0,3.0,11.0,4.0,12.0,3.0,12.0,4.0,12.0,4.0,12.0,4.0,12.0,4.0,12.0,4.0,12.0,5.0,12.0,4.0,12.0,5.0,12.0,5.0,12.0,5.0,12.0,5.0,12.0
2.5428,122.0,-96.0,7.0,0.0,0.0,0.0,0.0,0.0,0.0,0.0,0.0,0.0,7.0,22.0,8.0,23.0,9.0,23.0,9.0,23.0,8.0,21.0,8.0,19.0,6.0,16.0,4.0,13.0,2.0,10.0,-2.0,6.0,-5.0,3.0,-10.0,0.0,-14.0,-3.0,-18.0,-5.0,-21.0,-6.0,-24.0,-7.0,-26.0,-7.0,-28.0,-7.0,-28.0,-6.0,-28.0,-5.0,-26.0,-5.0,-23.0,-4.0,-20.0,-3.0,-15.0,-3.0,-10.0,-3.0,-5.0,-5.0
2.5562,122.0,-96.0,7.0,0.0,0.0,0.0,0.0,0.0,0.0,0.0,0.0,0.0,11.0,0.0,11.0,0.0,11.0,0.0,11.0,0.0,11.0,0.0,12.0,0.0,12.0,0.0,12.0,0.0,12.0,0.0,12.0,0.0,12.0,0.0,12.0,0.0,13.0,0.0,13.0,0.0,13.0,0.0,13.0,0.0,12.0,-1.0,13.0,-1.0,13.0,0.0,13.0,-1.0,13.0,-1.0,13.0,0.0,13.0,-1.0,13.0,-1.0,13.0,-1.0,13.0,-1.0
2.5702,122.0,-96.0,7.0,0.0,0.0,0.0,0.0,0.0,0.0,0.0,0.0,0.0,3.0,10.0,-1.0,6.0,-5.0,3.0,-9.0,1.0,-14.0,-2.0,-19.0,-3.0,-22.0,-4.0,-26.0,-4.0,-29.0,-4.0,-30.0,-3.0,-31.0,-2.0,-30.0,-1.0,-28.0,0.0,-26.0,0.0,-22.0,0.0,-17.0,-1.0,-13.0,-2.0,-8.0,-4.0,-3.0,-7.0,2.0,-10.0,6.0,-14.0,10.0,-17.0,12.0,-21.0,14.0,-24.0,14.0,-27.0,14.0,-28.0
2.588,122.0,-96.0,7.0,0.0,0.0,0.0,0.0,0.0,0.0,0.0,0.0,0.0,7.0,-9.0,7.0,-9.0,7.0,-9.0,7.0,-10.0,7.0,-9.0,7.0,-10.0,7.0,-10.0,7.0,-11.0,7.0,-10.0,8.0,-10.0,7.0,-10.0,8.0,-10.0,7.0,-11.0,8.0,-10.0,7.0,-11.0,7.0,-11.0,8.0,-11.0,7.0,-11.0,8.0,-11.0,8.0,-11.0,7.0,-12.0,7.0,-11.0,8.0,-12.0,7.0,-11.0,8.0,-12.0,7.0,-12.0
2.5982,122.0,-96.0,7.0,0.0,0.0,0.0,0.0,0.0,0.0,0.0,0.0,0.0,-26.0,-3.0,-23.0,-3.0,-20.0,-3.0,-16.0,-3.0,-11.0,-3.0,-6.0,-5.0,-1.0,-7.0,4.0,-10.0,8.0,-13.0,11.0,-16.0,14.0,-18.0,16.0,-21.0,17.0,-24.0,17.0,-25.0,16.0,-26.0,15.0,-26.0,14.0,-25.0,11.0,-22.0,10.0,-19.0,8.0,-14.0,7.0,-9.0,6.0,-3.0,6.0,3.0,6.0,8.0,7.0,14.0,9.0,19.0
2.612,122.0,-96.0,7.0,0.0,0.0,0.0,0.0,0.0,0.0,0.0,0.0,0.0,20.0,-15.0,18.0,-14.0,16.0,-11.0,13.0,-9.0,10.0,-5.0,7.0,-1.0,4.0,4.0,2.0,9.0,1.0,14.0,1.0,18.0,0.0,22.0,1.0,26.0,1.0,28.0,3.0,30.0,3.0,30.0,4.0,29.0,5.0,27.0,4.0,24.0,4.0,20.0,2.0,16.0,-1.0,11.0,-4.0,6.0,-8.0,1.0,-11.0,-3.0,-16.0,-6.0,-20.0,-9.0
2.6255,122.0,-96.0,7.0,0.0,0.0,0.0,0.0,0.0,0.0,0.0,0.0,0.0,19.0,17.0,17.0,15.0,14.0,13.0,11.0,11.0,7.0,8.0,2.0,7.0,-3.0,6.0,-9.0,5.0,-14.0,4.0,-18.0,5.0,-22.0,5.0,-25.0,5.0,-28.0,6.0,-30.0,8.0,-30.0,9.0,-29.0,9.0,-28.0,9.0,-24.0,8.0,-21.0,8.0,-17.0,5.0,-13.0,2.0,-9.0,-2.0,-5.0,-6.0,-1.0,-10.0,2.0,-14.0,5.0,-20.0
2.6394,122.0,-96.0,7.0,0.0,0.0,0.0,0.0,0.0,0.0,0.0,0.0,0.0,15.0,13.0,16.0,13.0,16.0,14.0,16.0,14.0,16.0,14.0,17.0,14.0,17.0,14.0,17.0,14.0,17.0,14.0,17.0,14.0,17.0,14.0,17.0,14.0,17.0,14.0,17.0,14.0,18.0,14.0,17.0,14.0,18.0,14.0,17.0,14.0,18.0,15.0,18.0,15.0,18.0,15.0,18.0,15.0,18.0,15.0,18.0,14.0,18.0,14.0,18.0,14.0
2.6549,122.0,-96.0,7.0,0.0,0.0,0.0,0.0,0.0,0.0,0.0,0.0,0.0,0.0,-24.0,-1.0,-26.0,-2.0,-26.0,-2.0,-26.0,-2.0,-24.0,-2.0,-22.0,-2.0,-19.0,-1.0,-16.0,0.0,-12.0,3.0,-7.0,5.0,-3.0,8.0,1.0,11.0,5.0,14.0,8.0,17.0,11.0,20.0,12.0,23.0,13.0,23.0,14.0,25.0,13.0,24.0,12.0,23.0,11.0,21.0,9.0,18.0,7.0,14.0,6.0,9.0,5.0,4.0,5.0
2.6689,122.0,-96.0,7.0,0.0,0.0,0.0,0.0,0.0,0.0,0.0,0.0,0.0,10.0,-5.0,10.0,-5.0,10.0,-5.0,11.0,-5.0,10.0,-5.0,11.0,-5.0,10.0,-6.0,11.0,-6.0,11.0,-6.0,11.0,-6.0,11.0,-6.0,11.0,-6.0,11.0,-6.0,12.0,-6.0,11.0,-7.0,11.0,-7.0,11.0,-6.0,11.0,-6.0,11.0,-7.0,11.0,-7.0,11.0,-7.0,11.0,-7.0,11.0,-7.0,11.0,-8.0,12.0,-7.0,11.0,-7.0
2.6815,122.0,-96.0,7.0,0.0,0.0,0.0,0.0,0.0,0.0,0.0,0.0,0.0,22.0,6.0,20.0,5.0,17.0,4.0,14.0,4.0,9.0,4.0,5.0,4.0,0.0,5.0,-5.0,6.0,-9.0,8.0,-13.0,10.0,-16.0,12.0,-18.0,14.0,-20.0,16.0,-21.0,18.0,-21.0,19.0,-20.0,19.0,-19.0,18.0,-17.0,17.0,-14.0,15.0,-12.0,12.0,-10.0,8.0,-8.0,3.0,-6.0,-1.0,-5.0,-6.0,-4.0,-11.0,-4.0,-17.0
2.6967,122.0,-96.0,7.0,0.0,0.0,0.0,0.0,0.0,0.0,0.0,0.0,0.0,-6.0,9.0,-6.0,10.0,-6.0,10.0,-6.0,10.0,-6.0,10.0,-6.0,10.0,-6.0,10.0,-6.0,11.0,-6.0,11.0,-6.0,11.0,-6.0,11.0,-6.0,11.0,-7.0,11.0,-5.0,11.0,-6.0,12.0,-6.0,11.0,-6.0,11.0,-5.0,11.0,-6.0,13.0,-6.0,12.0,-6.0,12.0,-6.0,12.0,-5.0,13.0,-6.0,12.0,-6.0,12.0,-5.0,12.0
2.7103,122.0,-96.0,7.0,0.0,0.0,0.0,0.0,0.0,0.0,0.0,0.0,0.0,-15.0,-19.0,-16.0,-20.0,-17.0,-20.0,-17.0,-20.0,-16.0,-18.0,-15.0,-17.0,-13.0,-15.0,-10.0,-12.0,-6.0,-10.0,-2.0,-8.0,2.0,-5.0,7.0,-4.0,12.0,-3.0,17.0,-2.0,21.0,-2.0,23.0,-2.0,26.0,-2.0,27.0,-3.0,28.0,-3.0,27.0,-4.0,26.0,-4.0,23.0,-4.0,19.0,-4.0,15.0,-3.0,11.0,-1.0,7.0,1.0
2.7261,122.0,-96.0,7.0,0.0,0.0,0.0,0.0,0.0,0.0,0.0,0.0,0.0,4.0,-11.0,4.0,-12.0,4.0,-12.0,4.0,-12.0,3.0,-12.0,3.0,-12.0,4.0,-12.0,4.0,-13.0,4.0,-12.0,4.0,-13.0,4.0,-13.0,4.0,-13.0,4.0,-13.0,3.0,-13.0,4.0,-13.0,3.0,-13.0,3.0,-13.0,3.0,-13.0,3.0,-13.0,3.0,-13.0,3.0,-13.0,3.0,-13.0,3.0,-14.0,3.0,-14.0,3.0,-14.0,3.0,-14.0
2.7387,122.0,-96.0,7.0,0.0,0.0,0.0,0.0,0.0,0.0,0.0,0.0,0.0,11.0,-6.0,11.0,-6.0,11.0,-6.0,11.0,-7.0,11.0,-7.0,12.0,-7.0,11.0,-7.0,11.0,-7.0,12.0,-7.0,12.0,-8.0,12.0,-8.0,12.0,-8.0,12.0,-8.0,12.0,-8.0,12.0,-9.0,12.0,-8.0,12.0,-8.0,11.0,-9.0,12.0,-9.0,12.0,-8.0,12.0,-9.0,12.0,-9.0,12.0,-10.0,12.0,-9.0,11.0,-9.0,12.0,-10.0
2.7538,122.0,-96.0,7.0,0.0,0.0,0.0,0.0,0.0,0.0,0.0,0.0,0.0,11.0,0.0,15.0,0.0,19.0,1.0,22.0,1.0,24.0,1.0,26.0,0.0,26.0,-1.0,26.0,-1.0,25.0,-2.0,22.0,-2.0,19.0,-1.0,15.0,0.0,11.0,1.0,6.0,3.0,1.0,5.0,-3.0,8.0,-7.0,11.0,-10.0,14.0,-12.0,18.0,-14.0,20.0,-15.0,23.0,-15.0,24.0,-14.0,25.0,-13.0,24.0,-12.0,24.0,-10.0,21.0
2.7687,122.0,-96.0,7.0,0.0,0.0,0.0,0.0,0.0,0.0,0.0,0.0,0.0,-17.0,-21.0,-15.0,-18.0,-13.0,-16.0,-10.0,-13.0,-6.0,-10.0,-2.0,-8.0,3.0,-6.0,8.0,-4.0,13.0,-3.0,18.0,-2.0,22.0,-2.0,25.0,-2.0,28.0,-3.0,30.0,-4.0,31.0,-5.0,29.0,-6.0,28.0,-6.0,25.0,-6.0,21.0,-5.0,17.0,-3.0,12.0,-1.0,7.0,2.0,2.0,6.0,-2.0,9.0,-6.0,13.0,-9.0,18.0
2.7829,122.0,-96.0,7.0,0.0,0.0,0.0,0.0,0.0,0.0,0.0,0.0,0.0,-6.0,-24.0,-7.0,-25.0,-8.0,-25.0,-8.0,-24.0,-8.0,-23.0,-7.0,-21.0,-6.0,-18.0,-4.0,-15.0,-2.0,-11.0,2.0,-7.0,5.0,-3.0,9.0,0.0,13.0,3.0,16.0,6.0,20.0,7.0,22.0,8.0,25.0,9.0,26.0,9.0,26.0,8.0,26.0,7.0,24.0,6.0,22.0,5.0,18.0,4.0,13.0,4.0,8.0,4.0,3.0,4.0
2.7978,122.0,-96.0,7.0,0.0,0.0,0.0,0.0,0.0,0.0,0.0,0.0,0.0,-11.0,-5.0,-11.0,-5.0,-12.0,-5.0,-11.0,-5.0,-12.0,-5.0,-13.0,-5.0,-12.0,-5.0,-12.0,-5.0,-12.0,-4.0,-12.0,-5.0,-12.0,-5.0,-12.0,-5.0,-13.0,-5.0,-12.0,-5.0,-13.0,-5.0,-13.0,-5.0,-12.0,-4.0,-13.0,-5.0,-13.0,-4.0,-14.0,-4.0,-13.0,-5.0,-13.0,-4.0,-14.0,-5.0,-14.0,-4.0,-14.0,-5.0,-13.0,-4.0
2.8109,122.0,-96.0,7.0,0.0,0.0,0.0,0.0,0.0,0.0,0.0,0.0,0.0,-21.0,16.0,-22.0,18.0,-22.0,18.0,-21.0,18.0,-19.0,18.0,-18.0,17.0,-16.0,15.0,-14.0,11.0,-11.0,7.0,-9.0,2.0,-6.0,-3.0,-4.0,-8.0,-4.0,-14.0,-3.0,-18.0,-3.0,-23.0,-3.0,-26.0,-3.0,-30.0,-4.0,-31.0,-5.0,-32.0,-6.0,-32.0,-6.0,-30.0,-6.0,-27.0,-6.0,-24.0,-4.0,-19.0,-2.0,-14.0,0.0,-10.0
2.8273,122.0,-96.0,7.0,0.0,0.0,0.0,0.0,0.0,0.0,0.0,0.0,0.0,-9.0,-8.0,-10.0,-8.0,-10.0,-8.0,-10.0,-9.0,-10.0,-8.0,-10.0,-9.0,-11.0,-9.0,-11.0,-9.0,-11.0,-9.0,-11.0,-9.0,-11.0,-9.0,-11.0,-8.0,-11.0,-9.0,-11.0,-9.0,-12.0,-9.0,-11.0,-9.0,-11.0,-9.0,-12.0,-9.0,-12.0,-9.0,-12.0,-8.0,-12.0,-9.0,-12.0,-8.0,-13.0,-8.0,-12.0,-8.0,-13.0,-8.0,-13.0,-8.0
2.8402,122.0,-96.0,7.0,0.0,0.0,0.0,0.0,0.0,0.0,0.0,0.0,0.0,9.0,4.0,10.0,4.0,9.0,4.0,10.0,4.0,10.0,4.0,10.0,4.0,10.0,4.0,10.0,5.0,10.0,5.0,10.0,4.0,11.0,4.0,11.0,4.0,11.0,5.0,11.0,4.0,11.0,4.0,11.0,4.0,11.0,5.0,11.0,4.0,12.0,5.0,11.0,5.0,12.0,4.0,11.0,4.0,12.0,4.0,11.0,4.0,12.0,4.0,12.0,4.0
2.8546,122.0,-96.0,7.0,0.0,0.0,0.0,0.0,0.0,0.0,0.0,0.0,0.0,-3.0,25.0,-3.0,22.0,-2.0,19.0,-2.0,15.0,-3.0,10.0,-5.0,5.0,-7.0,0.0,-10.0,-5.0,-13.0,-9.0,-15.0,-13.0,-18.0,-16.0,-21.0,-17.0,-23.0,-19.0,-25.0,-18.0,-26.0,-18.0,-26.0,-17.0,-24.0,-15.0,-22.0,-13.0,-19.0,-11.0,-14.0,-9.0,-9.0,-8.0,-3.0,-7.0,3.0,-7.0,9.0,-6.0,14.0,-7.0,19.0,-9.0
2.8671,122.0,-96.0,7.0,0.0,0.0,0.0,0.0,0.0,0.0,0.0,0.0,0.0,-3.0,10.0,-5.0,5.0,-6.0,0.0,-9.0,-4.0,-12.0,-8.0,-15.0,-12.0,-19.0,-15.0,-22.0,-16.0,-24.0,-17.0,-25.0,-18.0,-26.0,-17.0,-25.0,-16.0,-24.0,-14.0,-23.0,-12.0,-19.0,-10.0,-14.0,-9.0,-9.0,-8.0,-4.0,-7.0,2.0,-7.0,8.0,-7.0,13.0,-8.0,18.0,-10.0,22.0,-12.0,25.0,-14.0,26.0,-16.0,27.0,-17.0
2.8822,122.0,-96.0,7.0,0.0,0.0,0.0,0.0,0.0,0.0,0.0,0.0,0.0,11.0,-3.0,15.0,-2.0,19.0,-3.0,22.0,-3.0,24.0,-3.0,26.0,-4.0,26.0,-5.0,25.0,-6.0,24.0,-6.0,21.0,-5.0,18.0,-4.0,14.0,-2.0,10.0,-1.0,6.0,2.0,1.0,5.0,-2.0,8.0,-6.0,13.0,-9.0,16.0,-10.0,20.0,-12.0,23.0,-12.0,25.0,-12.0,26.0,-11.0,27.0,-10.0,26.0,-9.0,24.0,-7.0,22.0
2.8957,122.0,-96.0,7.0,0.0,0.0,0.0,0.0,0.0,0.0,0.0,0.0,0.0,-18.0,-20.0,-20.0,-21.0,-21.0,-21.0,-21.0,-20.0,-20.0,-18.0,-18.0,-17.0,-16.0,-14.0,-12.0,-12.0,-8.0,-10.0,-2.0,-8.0,3.0,-6.0,9.0,-5.0,15.0,-4.0,19.0,-3.0,23.0,-4.0,27.0,-4.0,29.0,-5.0,31.0,-5.0,31.0,-6.0,29.0,-7.0,28.0,-7.0,24.0,-6.0,20.0,-6.0,15.0,-4.0,10.0,-1.0,6.0,2.0
2.9112,122.0,-96.0,7.0,0.0,0.0,0.0,0.0,0.0,0.0,0.0,0.0,0.0,-26.0,-1.0,-24.0,-2.0,-20.0,-1.0,-16.0,-2.0,-12.0,-3.0,-7.0,-4.0,-2.0,-7.0,3.0,-9.0,7.0,-12.0,11.0,-15.0,14.0,-18.0,15.0,-21.0,17.0,-24.0,17.0,-26.0,17.0,-26.0,16.0,-26.0,14.0,-25.0,13.0,-23.0,10.0,-19.0,9.0,-15.0,7.0,-10.0,6.0,-5.0,6.0,1.0,5.0,7.0,6.0,12.0,7.0,18.0
2.9243,122.0,-96.0,7.0,0.0,0.0,0.0,0.0,0.0,0.0,0.0,0.0,0.0,-18.0,12.0,-19.0,13.0,-19.0,14.0,-18.0,14.0,-17.0,13.0,-16.0,12.0,-13.0,10.0,-11.0,7.0,-8.0,4.0,-7.0,0.0,-4.0,-4.0,-3.0,-8.0,-2.0,-13.0,0.0,-17.0,-1.0,-20.0,0.0,-23.0,-1.0,-25.0,-1.0,-26.0,-2.0,-26.0,-2.0,-25.0,-2.0,-24.0,-2.0,-21.0,-2.0,-18.0,-1.0,-13.0,0.0,-9.0,2.0,-5.0
2.9379,122.0,-96.0,7.0,0.0,0.0,0.0,0.0,0.0,0.0,0.0,0.0,0.0,5.0,-13.0,5.0,-14.0,5.0,-14.0,5.0,-14.0,5.0,-14.0,5.0,-15.0,5.0,-15.0,5.0,-15.0,5.0,-15.0,5.0,-15.0,6.0,-15.0,5.0,-16.0,6.0,-15.0,6.0,-16.0,6.0,-16.0,5.0,-16.0,5.0,-16.0,5.0,-16.0,6.0,-17.0,5.0,-16.0,6.0,-16.0,5.0,-17.0,5.0,-16.0,5.0,-17.0,5.0,-17.0,5.0,-17.0
2.9542,122.0,-96.0,7.0,0.0,0.0,0.0,0.0,0.0,0.0,0.0,0.0,0.0,-23.0,-5.0,-20.0,-4.0,-18.0,-4.0,-14.0,-4.0,-10.0,-4.0,-5.0,-5.0,-1.0,-6.0,4.0,-8.0,8.0,-11.0,12.0,-13.0,14.0,-15.0,16.0,-17.0,18.0,-20.0,17.0,-22.0,17.0,-22.0,16.0,-22.0,14.0,-21.0,13.0,-19.0,10.0,-15.0,9.0,-12.0,7.0,-8.0,6.0,-2.0,5.0,3.0,4.0,8.0,4.0,13.0,6.0,18.0
2.9672,122.0,-96.0,7.0,0.0,0.0,0.0,0.0,0.0,0.0,0.0,0.0,0.0,-14.0,-17.0,-16.0,-17.0,-16.0,-17.0,-16.0,-17.0,-16.0,-15.0,-15.0,-14.0,-13.0,-13.0,-10.0,-11.0,-7.0,-9.0,-3.0,-7.0,1.0,-5.0,6.0,-4.0,10.0,-3.0,14.0,-3.0,17.0,-2.0,20.0,-3.0,23.0,-3.0,24.0,-3.0,25.0,-4.0,24.0,-5.0,23.0,-5.0,21.0,-5.0,18.0,-5.0,15.0,-4.0,11.0,-2.0,7.0,0.0
2.9826,122.0,-96.0,7.0,0.0,0.0,0.0,0.0,0.0,0.0,0.0,0.0,0.0,-24.0,9.0,-22.0,9.0,-19.0,7.0,-15.0,5.0,-11.0,2.0,-8.0,-1.0,-5.0,-6.0,-1.0,-10.0,1.0,-14.0,3.0,-19.0,5.0,-23.0,6.0,-26.0,6.0,-29.0,5.0,-31.0,4.0,-31.0,3.0,-31.0,2.0,-29.0,2.0,-26.0,1.0,-23.0,2.0,-18.0,3.0,-13.0,4.0,-7.0,6.0,-1.0,8.0,4.0,10.0,9.0,14.0,13.0
2.9972,122.0,-96.0,7.0,0.0,0.0,0.0,0.0,0.0,0.0,0.0,0.0,0.0,8.0,9.0,11.0,12.0,13.0,16.0,15.0,18.0,17.0,20.0,19.0,21.0,20.0,21.0,21.0,20.0,20.0,19.0,18.0,17.0,15.0,15.0,11.0,12.0,8.0,10.0,3.0,7.0,-2.0,5.0,-7.0,4.0,-14.0,3.0,-18.0,2.0,-24.0,3.0,-27.0,3.0,-30.0,4.0,-31.0,5.0,-32.0,6.0,-32.0,6.0,-30.0,8.0,-27.0,7.0
3.0112,122.0,-96.0,7.0,0.0,0.0,0.0,0.0,0.0,0.0,0.0,0.0,0.0,12.0,-2.0,12.0,-2.0,12.0,-2.0,13.0,-2.0,12.0,-2.0,13.0,-2.0,13.0,-3.0,13.0,-3.0,13.0,-3.0,13.0,-2.0,13.0,-3.0,13.0,-3.0,13.0,-2.0,14.0,-3.0,14.0,-4.0,14.0,-3.0,14.0,-4.0,14.0,-3.0,14.0,-4.0,14.0,-4.0,14.0,-4.0,14.0,-4.0,14.0,-4.0,14.0,-4.0,14.0,-5.0,14.0,-4.0
3.0259,122.0,-96.0,7.0,0.0,0.0,0.0,0.0,0.0,0.0,0.0,0.0,0.0,-9.0,4.0,-9.0,4.0,-9.0,5.0,-10.0,4.0,-10.0,4.0,-10.0,4.0,-10.0,4.0,-10.0,5.0,-9.0,5.0,-10.0,5.0,-11.0,5.0,-11.0,5.0,-11.0,5.0,-11.0,5.0,-11.0,5.0,-11.0,5.0,-11.0,5.0,-11.0,6.0,-11.0,6.0,-11.0,6.0,-11.0,6.0,-11.0,6.0,-11.0,6.0,-11.0,6.0,-11.0,6.0,-11.0,6.0
3.0405,122.0,-96.0,7.0,0.0,0.0,0.0,0.0,0.0,0.0,0.0,0.0,0.0,7.0,10.0,8.0,14.0,11.0,18.0,12.0,21.0,14.0,23.0,15.0,24.0,16.0,24.0,17.0,24.0,16.0,22.0,14.0,20.0,11.0,17.0,8.0,14.0,5.0,10.0,0.0,7.0,-4.0,4.0,-9.0,2.0,-15.0,0.0,-20.0,-1.0,-24.0,-1.0,-28.0,-1.0,-31.0,0.0,-32.0,0.0,-33.0,1.0,-32.0,1.0,-30.0,3.0,-27.0,3.0
3.0545,122.0,-96.0,7.0,0.0,0.0,0.0,0.0,0.0,0.0,0.0,0.0,0.0,8.0,-6.0,8.0,-6.0,8.0,-7.0,9.0,-6.0,8.0,-7.0,9.0,-7.0,8.0,-7.0,9.0,-7.0,9.0,-6.0,9.0,-7.0,9.0,-7.0,9.0,-7.0,9.0,-7.0,9.0,-8.0,9.0,-8.0,9.0,-8.0,9.0,-8.0,9.0,-8.0,9.0,-8.0,8.0,-8.0,9.0,-8.0,9.0,-8.0,9.0,-9.0,9.0,-8.0,9.0,-8.0,9.0,-9.0
3.0679,122.0,-96.0,7.0,0.0,0.0,0.0,0.0,0.0,0.0,0.0,0.0,0.0,7.0,7.0,8.0,7.0,8.0,7.0,8.0,7.0,8.0,8.0,8.0,7.0,9.0,7.0,9.0,8.0,9.0,7.0,9.0,7.0,9.0,8.0,10.0,8.0,10.0,8.0,9.0,7.0,10.0,8.0,9.0,8.0,9.0,7.0,10.0,7.0,10.0,7.0,10.0,8.0,10.0,8.0,9.0,8.0,10.0,7.0,11.0,7.0,11.0,7.0,10.0,7.0
3.0822,122.0,-96.0,7.0,0.0,0.0,0.0,0.0,0.0,0.0,0.0,0.0,0.0,2.0,-13.0,4.0,-7.0,6.0,-2.0,8.0,3.0,12.0,8.0,15.0,13.0,18.0,16.0,21.0,18.0,25.0,20.0,26.0,20.0,27.0,19.0,27.0,18.0,27.0,16.0,25.0,14.0,21.0,12.0,17.0,10.0,12.0,8.0,6.0,7.0,-1.0,7.0,-7.0,6.0,-13.0,7.0,-19.0,9.0,-24.0,10.0,-28.0,13.0,-30.0,14.0,-32.0,16.0
3.0956,122.0,-96.0,7.0,0.0,0.0,0.0,0.0,0.0,0.0,0.0,0.0,0.0,2.0,-15.0,2.0,-15.0,2.0,-15.0,2.0,-15.0,2.0,-16.0,1.0,-15.0,2.0,-16.0,1.0,-16.0,1.0,-16.0,1.0,-17.0,1.0,-16.0,1.0,-17.0,1.0,-16.0,1.0,-17.0,1.0,-17.0,1.0,-17.0,1.0,-17.0,1.0,-17.0,1.0,-17.0,0.0,-17.0,0.0,-18.0,0.0,-17.0,0.0,-17.0,0.0,-18.0,1.0,-18.0,0.0,-18.0
3.0999,98.0,33.0,22.0,0.0,0.0,0.0,0.0,0.0,0.0,0.0,0.0,0.0,13.0,13.0,14.0,13.0,14.0,12.0,14.0,12.0,12.0,9.0,11.0,7.0,9.0,4.0,7.0,2.0,4.0,-1.0,1.0,-3.0,-2.0,-5.0,-5.0,-7.0,-9.0,-8.0,-13.0,-8.0,-16.0,-8.0,-17.0,-8.0,-20.0,-6.0,-21.0,-5.0,-22.0,-2.0,-21.0,-1.0,-19.0,0.0,-16.0,0.0,-13.0,1.0,-9.0,0.0,-6.0,-1.0,-1.0,-3.0
3.1127,122.0,-96.0,7.0,0.0,0.0,0.0,0.0,0.0,0.0,0.0,0.0,0.0,-18.0,16.0,-18.0,18.0,-18.0,19.0,-17.0,19.0,-16.0,18.0,-14.0,16.0,-12.0,14.0,-10.0,11.0,-9.0,7.0,-7.0,2.0,-5.0,-3.0,-5.0,-8.0,-5.0,-13.0,-4.0,-17.0,-5.0,-21.0,-5.0,-25.0,-6.0,-26.0,-6.0,-28.0,-8.0,-28.0,-9.0,-27.0,-8.0,-26.0,-8.0,-23.0,-7.0,-20.0,-5.0,-16.0,-3.0,-11.0,0.0,-8.0
3.1299,122.0,-96.0,7.0,0.0,0.0,0.0,0.0,0.0,0.0,0.0,0.0,0.0,8.0,-7.0,6.0,-3.0,5.0,3.0,4.0,8.0,3.0,13.0,4.0,18.0,4.0,22.0,5.0,25.0,6.0,27.0,7.0,28.0,9.0,29.0,9.0,28.0,9.0,25.0,10.0,23.0,8.0,19.0,5.0,15.0,2.0,11.0,-2.0,8.0,-6.0,3.0,-10.0,0.0,-15.0,-3.0,-19.0,-5.0,-24.0,-6.0,-28.0,-6.0,-31.0,-6.0,-32.0,-5.0
3.1445,122.0,-96.0,7.0,0.0,0.0,0.0,0.0,0.0,0.0,0.0,0.0,0.0,-3.0,-12.0,-3.0,-12.0,-3.0,-12.0,-3.0,-12.0,-3.0,-12.0,-3.0,-12.0,-3.0,-12.0,-4.0,-13.0,-4.0,-12.0,-4.0,-13.0,-3.0,-13.0,-4.0,-13.0,-3.0,-13.0,-4.0,-13.0,-4.0,-13.0,-4.0,-13.0,-4.0,-14.0,-4.0,-13.0,-4.0,-13.0,-5.0,-13.0,-5.0,-14.0,-5.0,-13.0,-5.0,-13.0,-4.0,-14.0,-4.0,-14.0,-5.0,-13.0
3.1609,122.0,-96.0,7.0,0.0,0.0,0.0,0.0,0.0,0.0,0.0,0.0,0.0,-10.0,-9.0,-4.0,-7.0,2.0,-6.0,7.0,-7.0,13.0,-7.0,19.0,-9.0,23.0,-11.0,27.0,-12.0,29.0,-14.0,30.0,-15.0,30.0,-16.0,29.0,-17.0,27.0,-17.0,24.0,-16.0,20.0,-14.0,16.0,-11.0,12.0,-6.0,8.0,-1.0,5.0,5.0,2.0,10.0,0.0,16.0,-1.0,22.0,-2.0,27.0,-1.0,31.0,-1.0,34.0,0.0,36.0
3.1741,122.0,-96.0,7.0,0.0,0.0,0.0,0.0,0.0,0.0,0.0,0.0,0.0,9.0,8.0,9.0,8.0,9.0,8.0,9.0,8.0,9.0,8.0,10.0,9.0,10.0,8.0,10.0,8.0,10.0,8.0,10.0,9.0,10.0,9.0,10.0,9.0,10.0,9.0,11.0,9.0,11.0,8.0,11.0,9.0,11.0,8.0,11.0,9.0,12.0,9.0,11.0,9.0,11.0,9.0,11.0,9.0,12.0,8.0,12.0,9.0,12.0,8.0,12.0,9.0
3.1887,122.0,-96.0,7.0,0.0,0.0,0.0,0.0,0.0,0.0,0.0,0.0,0.0,-18.0,-13.0,-20.0,-13.0,-20.0,-13.0,-20.0,-12.0,-19.0,-11.0,-18.0,-10.0,-15.0,-9.0,-11.0,-8.0,-7.0,-7.0,-3.0,-6.0,1.0,-5.0,6.0,-5.0,11.0,-6.0,15.0,-6.0,18.0,-7.0,20.0,-7.0,23.0,-8.0,23.0,-9.0,24.0,-10.0,23.0,-10.0,21.0,-9.0,18.0,-9.0,15.0,-7.0,12.0,-5.0,8.0,-3.0,4.0,1.0
3.2023,122.0,-96.0,7.0,0.0,0.0,0.0,0.0,0.0,0.0,0.0,0.0,0.0,5.0,-9.0,5.0,-5.0,5.0,1.0,6.0,6.0,6.0,11.0,9.0,16.0,10.0,19.0,12.0,23.0,14.0,24.0,15.0,25.0,16.0,25.0,17.0,24.0,16.0,22.0,16.0,19.0,13.0,16.0,10.0,13.0,6.0,10.0,1.0,7.0,-5.0,5.0,-9.0,3.0,-15.0,1.0,-20.0,1.0,-25.0,1.0,-28.0,2.0,-31.0,3.0,-32.0,4.0
3.21,98.0,33.0,22.0,0.0,0.0,0.0,0.0,0.0,0.0,0.0,0.0,0.0,-23.0,-11.0,-23.0,-9.0,-24.0,-11.0,-22.0,-8.0,-19.0,-6.0,-16.0,-5.0,-16.0,-3.0,-12.0,-1.0,-5.0,1.0,-1.0,1.0,5.0,4.0,7.0,4.0,13.0,4.0,17.0,1.0,21.0,2.0,21.0,0.0,26.0,-3.0,27.0,-5.0,27.0,-7.0,23.0,-8.0,21.0,-10.0,20.0,-7.0,14.0,-7.0,10.0,-5.0,5.0,-2.0,1.0,3.0
3.2209,122.0,-96.0,7.0,0.0,0.0,0.0,0.0,0.0,0.0,0.0,0.0,0.0,-2.0,-14.0,-2.0,-18.0,-2.0,-23.0,-2.0,-26.0,-3.0,-28.0,-3.0,-30.0,-4.0,-30.0,-5.0,-30.0,-5.0,-28.0,-5.0,-25.0,-3.0,-21.0,-1.0,-17.0,0.0,-12.0,3.0,-7.0,6.0,-2.0,10.0,2.0,14.0,6.0,17.0,10.0,21.0,12.0,24.0,14.0,27.0,15.0,28.0,15.0,29.0,14.0,27.0,13.0,26.0,11.0,23.0,9.0
3.2357,122.0,-96.0,7.0,0.0,0.0,0.0,0.0,0.0,0.0,0.0,0.0,0.0,-5.0,-12.0,-6.0,-17.0,-7.0,-21.0,-8.0,-24.0,-9.0,-26.0,-11.0,-29.0,-11.0,-29.0,-12.0,-28.0,-12.0,-26.0,-11.0,-23.0,-9.0,-20.0,-7.0,-17.0,-4.0,-13.0,-1.0,-9.0,3.0,-5.0,8.0,-2.0,13.0,1.0,17.0,3.0,23.0,5.0,26.0,6.0,29.0,6.0,30.0,5.0,32.0,4.0,31.0,4.0,30.0,2.0,27.0,1.0
3.2503,122.0,-96.0,7.0,0.0,0.0,0.0,0.0,0.0,0.0,0.0,0.0,0.0,-8.0,8.0,-12.0,10.0,-14.0,13.0,-17.0,15.0,-18.0,17.0,-19.0,19.0,-18.0,20.0,-18.0,20.0,-16.0,20.0,-15.0,18.0,-13.0,14.0,-11.0,11.0,-9.0,8.0,-7.0,3.0,-6.0,-1.0,-5.0,-7.0,-5.0,-12.0,-5.0,-16.0,-6.0,-21.0,-6.0,-24.0,-7.0,-27.0,-8.0,-28.0,-9.0,-28.0,-10.0,-28.0,-11.0,-26.0,-10.0,-23.0
3.2644,122.0,-96.0,7.0,0.0,0.0,0.0,0.0,0.0,0.0,0.0,0.0,0.0,3.0,-11.0,3.0,-11.0,4.0,-11.0,3.0,-11.0,3.0,-11.0,3.0,-11.0,3.0,-11.0,4.0,-12.0,3.0,-11.0,3.0,-12.0,3.0,-12.0,3.0,-12.0,3.0,-12.0,3.0,-12.0,3.0,-12.0,3.0,-12.0,3.0,-13.0,3.0,-13.0,3.0,-13.0,2.0,-12.0,3.0,-13.0,3.0,-12.0,3.0,-13.0,2.0,-13.0,3.0,-13.0,3.0,-13.0
3.2781,122.0,-96.0,7.0,0.0,0.0,0.0,0.0,0.0,0.0,0.0,0.0,0.0,1.0,-12.0,2.0,-16.0,3.0,-20.0,4.0,-23.0,4.0,-25.0,3.0,-27.0,3.0,-27.0,2.0,-27.0,1.0,-26.0,1.0,-23.0,1.0,-19.0,2.0,-16.0,2.0,-11.0,3.0,-7.0,5.0,-1.0,7.0,3.0,10.0,7.0,12.0,11.0,16.0,14.0,18.0,17.0,20.0,18.0,21.0,18.0,23.0,18.0,22.0,16.0,22.0,15.0,20.0,13.0
3.2894,122.0,-96.0,7.0,0.0,0.0,0.0,0.0,0.0,0.0,0.0,0.0,0.0,20.0,2.0,20.0,2.0,20.0,2.0,20.0,2.0,20.0,2.0,21.0,2.0,21.0,2.0,22.0,2.0,22.0,2.0,22.0,2.0,21.0,2.0,22.0,2.0,22.0,2.0,22.0,1.0,23.0,1.0,22.0,1.0,22.0,1.0,22.0,1.0,23.0,1.0,23.0,1.0,23.0,1.0,23.0,1.0,23.0,1.0,23.0,0.0,22.0,1.0,23.0,1.0
3.3058,122.0,-96.0,7.0,0.0,0.0,0.0,0.0,0.0,0.0,0.0,0.0,0.0,1.0,11.0,0.0,15.0,-1.0,19.0,0.0,22.0,0.0,24.0,1.0,26.0,1.0,26.0,2.0,26.0,2.0,25.0,2.0,22.0,2.0,18.0,0.0,15.0,-1.0,11.0,-3.0,6.0,-6.0,1.0,-9.0,-3.0,-12.0,-7.0,-15.0,-10.0,-19.0,-12.0,-21.0,-14.0,-25.0,-15.0,-25.0,-15.0,-27.0,-14.0,-26.0,-13.0,-25.0,-11.0,-23.0,-10.0
3.3197,122.0,-96.0,7.0,0.0,0.0,0.0,0.0,0.0,0.0,0.0,0.0,0.0,-4.0,25.0,-4.0,23.0,-4.0,19.0,-4.0,14.0,-4.0,10.0,-5.0,5.0,-7.0,0.0,-9.0,-6.0,-12.0,-10.0,-14.0,-14.0,-16.0,-17.0,-19.0,-20.0,-21.0,-21.0,-23.0,-22.0,-24.0,-21.0,-24.0,-20.0,-22.0,-18.0,-20.0,-16.0,-17.0,-13.0,-13.0,-11.0,-8.0,-9.0,-2.0,-7.0,4.0,-6.0,10.0,-5.0,15.0,-4.0,21.0,-5.0
3.3335,122.0,-96.0,7.0,0.0,0.0,0.0,0.0,0.0,0.0,0.0,0.0,0.0,9.0,-2.0,10.0,-2.0,9.0,-2.0,9.0,-2.0,10.0,-2.0,10.0,-2.0,10.0,-2.0,10.0,-2.0,10.0,-2.0,11.0,-2.0,11.0,-2.0,11.0,-2.0,11.0,-2.0,11.0,-2.0,10.0,-2.0,11.0,-3.0,11.0,-2.0,11.0,-3.0,11.0,-3.0,11.0,-3.0,11.0,-3.0,10.0,-3.0,10.0,-3.0,11.0,-3.0,12.0,-3.0,11.0,-3.0
3.3468,122.0,-96.0,7.0,0.0,0.0,0.0,0.0,0.0,0.0,0.0,0.0,0.0,4.0,-18.0,4.0,-18.0,4.0,-19.0,4.0,-18.0,3.0,-19.0,3.0,-19.0,3.0,-20.0,3.0,-20.0,3.0,-20.0,3.0,-20.0,3.0,-20.0,3.0,-20.0,3.0,-20.0,3.0,-21.0,2.0,-20.0,3.0,-20.0,3.0,-21.0,2.0,-21.0,2.0,-20.0,2.0,-21.0,2.0,-21.0,2.0,-21.0,2.0,-22.0,1.0,-21.0,2.0,-21.0,1.0,-21.0
3.3605,122.0,-96.0,7.0,0.0,0.0,0.0,0.0,0.0,0.0,0.0,0.0,0.0,-2.0,-20.0,-2.0,-21.0,-2.0,-21.0,-2.0,-22.0,-2.0,-21.0,-3.0,-22.0,-3.0,-22.0,-3.0,-22.0,-3.0,-23.0,-3.0,-22.0,-3.0,-22.0,-3.0,-22.0,-3.0,-23.0,-4.0,-23.0,-4.0,-23.0,-4.0,-23.0,-4.0,-23.0,-4.0,-23.0,-4.0,-23.0,-5.0,-23.0,-5.0,-23.0,-5.0,-23.0,-5.0,-24.0,-6.0,-24.0,-5.0,-23.0,-6.0,-24.0
3.3751,122.0,-96.0,7.0,0.0,0.0,0.0,0.0,0.0,0.0,0.0,0.0,0.0,10.0,-10.0,10.0,-10.0,10.0,-10.0,11.0,-11.0,11.0,-11.0,10.0,-11.0,10.0,-11.0,11.0,-11.0,11.0,-11.0,11.0,-11.0,11.0,-11.0,11.0,-11.0,11.0,-11.0,11.0,-11.0,11.0,-12.0,11.0,-12.0,10.0,-12.0,11.0,-13.0,11.0,-12.0,11.0,-12.0,11.0,-13.0,11.0,-12.0,11.0,-13.0,11.0,-13.0,11.0,-13.0,10.0,-13.0
3.3878,122.0,-96.0,7.0,0.0,0.0,0.0,0.0,0.0,0.0,0.0,0.0,0.0,-14.0,-1.0,-18.0,-2.0,-23.0,-2.0,-25.0,-2.0,-28.0,-2.0,-30.0,-2.0,-30.0,-1.0,-30.0,0.0,-28.0,1.0,-25.0,0.0,-21.0,-1.0,-16.0,-1.0,-12.0,-3.0,-6.0,-5.0,-1.0,-7.0,4.0,-10.0,8.0,-14.0,12.0,-17.0,15.0,-20.0,17.0,-24.0,18.0,-25.0,18.0,-27.0,18.0,-28.0,16.0,-27.0,14.0,-26.0,13.0,-23.0
3.4003,122.0,-96.0,7.0,0.0,0.0,0.0,0.0,0.0,0.0,0.0,0.0,0.0,9.0,5.0,10.0,4.0,10.0,4.0,10.0,5.0,10.0,4.0,11.0,4.0,11.0,4.0,11.0,4.0,11.0,4.0,11.0,4.0,11.0,4.0,11.0,4.0,11.0,5.0,11.0,4.0,12.0,4.0,12.0,4.0,12.0,4.0,12.0,4.0,12.0,4.0,12.0,4.0,12.0,4.0,12.0,4.0,12.0,4.0,12.0,3.0,12.0,4.0,12.0,3.0
3.4162,122.0,-96.0,7.0,0.0,0.0,0.0,0.0,0.0,0.0,0.0,0.0,0.0,-25.0,6.0,-23.0,5.0,-20.0,4.0,-16.0,3.0,-12.0,0.0,-7.0,-2.0,-4.0,-6.0,0.0,-10.0,4.0,-14.0,7.0,-18.0,9.0,-21.0,10.0,-24.0,10.0,-27.0,10.0,-29.0,10.0,-30.0,8.0,-30.0,7.0,-28.0,6.0,-25.0,5.0,-22.0,4.0,-17.0,4.0,-12.0,5.0,-6.0,6.0,0.0,7.0,5.0,8.0,11.0,12.0,15.0
3.4291,122.0,-96.0,7.0,0.0,0.0,0.0,0.0,0.0,0.0,0.0,0.0,0.0,-14.0,25.0,-13.0,23.0,-11.0,19.0,-9.0,14.0,-8.0,9.0,-7.0,3.0,-8.0,-3.0,-8.0,-9.0,-8.0,-15.0,-10.0,-20.0,-11.0,-25.0,-12.0,-28.0,-14.0,-30.0,-16.0,-32.0,-17.0,-32.0,-18.0,-30.0,-17.0,-28.0,-15.0,-24.0,-13.0,-21.0,-9.0,-16.0,-4.0,-13.0,1.0,-8.0,7.0,-4.0,12.0,-1.0,18.0,2.0,23.0,3.0
3.4338,-120.0,-126.0,40.0,0.0,0.0,0.0,0.0,0.0,0.0,0.0,0.0,0.0,22.0,9.0,23.0,8.0,23.0,7.0,22.0,6.0,19.0,5.0,16.0,3.0,13.0,1.0,9.0,-1.0,5.0,-3.0,0.0,-4.0,-5.0,-5.0,-9.0,-6.0,-14.0,-6.0,-18.0,-4.0,-21.0,-2.0,-24.0,-1.0,-26.0,2.0,-27.0,4.0,-27.0,7.0,-25.0,9.0,-22.0,9.0,-19.0,9.0,-16.0,6.0,-11.0,4.0,-6.0,0.0,-2.0,-4.0
3.4492,122.0,-96.0,7.0,0.0,0.0,0.0,0.0,0.0,0.0,0.0,0.0,0.0,-8.0,-10.0,-3.0,-7.0,3.0,-6.0,9.0,-5.0,14.0,-4.0,20.0,-4.0,24.0,-5.0,28.0,-5.0,31.0,-7.0,33.0,-8.0,33.0,-9.0,32.0,-10.0,29.0,-10.0,27.0,-11.0,23.0,-9.0,18.0,-6.0,13.0,-3.0,9.0,1.0,3.0,6.0,-1.0,10.0,-4.0,15.0,-7.0,21.0,-8.0,26.0,-9.0,30.0,-9.0,33.0,-9.0,34.0
3.4689,122.0,-96.0,7.0,0.0,0.0,0.0,0.0,0.0,0.0,0.0,0.0,0.0,-12.0,20.0,-12.0,22.0,-12.0,23.0,-11.0,23.0,-10.0,22.0,-9.0,20.0,-8.0,17.0,-7.0,14.0,-7.0,9.0,-6.0,5.0,-6.0,-1.0,-6.0,-6.0,-7.0,-11.0,-8.0,-15.0,-9.0,-19.0,-10.0,-22.0,-12.0,-24.0,-13.0,-26.0,-14.0,-26.0,-15.0,-25.0,-14.0,-24.0,-14.0,-22.0,-12.0,-19.0,-9.0,-15.0,-6.0,-12.0,-3.0,-9.0
3.4847,122.0,-96.0,7.0,0.0,0.0,0.0,0.0,0.0,0.0,0.0,0.0,0.0,-10.0,-2.0,-10.0,-2.0,-10.0,-3.0,-11.0,-2.0,-11.0,-2.0,-12.0,-2.0,-11.0,-2.0,-12.0,-1.0,-12.0,-2.0,-11.0,-2.0,-12.0,-2.0,-12.0,-2.0,-12.0,-2.0,-12.0,-1.0,-12.0,-1.0,-11.0,-2.0,-12.0,-1.0,-12.0,-2.0,-12.0,-2.0,-13.0,-2.0,-13.0,-1.0,-12.0,-1.0,-12.0,-1.0,-13.0,-1.0,-12.0,-1.0,-13.0,-1.0
3.4972,122.0,-96.0,7.0,0.0,0.0,0.0,0.0,0.0,0.0,0.0,0.0,0.0,10.0,4.0,10.0,3.0,10.0,3.0,10.0,3.0,10.0,4.0,11.0,3.0,11.0,3.0,11.0,3.0,11.0,4.0,11.0,3.0,11.0,3.0,12.0,4.0,12.0,4.0,12.0,4.0,13.0,3.0,12.0,3.0,12.0,2.0,13.0,2.0,13.0,3.0,13.0,2.0,12.0,2.0,13.0,3.0,13.0,2.0,13.0,2.0,13.0,3.0,13.0,2.0
3.5108,122.0,-96.0,7.0,0.0,0.0,0.0,0.0,0.0,0.0,0.0,0.0,0.0,9.0,5.0,9.0,5.0,10.0,5.0,10.0,5.0,10.0,5.0,11.0,5.0,11.0,5.0,10.0,5.0,10.0,5.0,11.0,5.0,11.0,5.0,11.0,5.0,10.0,5.0,12.0,4.0,12.0,5.0,11.0,5.0,11.0,4.0,12.0,4.0,12.0,5.0,12.0,4.0,12.0,5.0,11.0,5.0,12.0,5.0,12.0,4.0,12.0,4.0,12.0,4.0
3.5177,98.0,33.0,22.0,0.0,0.0,0.0,0.0,0.0,0.0,0.0,0.0,0.0,-20.0,-6.0,-20.0,-6.0,-18.0,-5.0,-17.0,-4.0,-15.0,-3.0,-12.0,-2.0,-10.0,-1.0,-8.0,1.0,-3.0,2.0,1.0,3.0,5.0,3.0,9.0,3.0,12.0,3.0,15.0,1.0,17.0,0.0,19.0,-2.0,20.0,-4.0,20.0,-6.0,20.0,-8.0,18.0,-8.0,16.0,-8.0,13.0,-7.0,11.0,-7.0,7.0,-4.0,3.0,-1.0,1.0,2.0
3.5324,122.0,-96.0,7.0,0.0,0.0,0.0,0.0,0.0,0.0,0.0,0.0,0.0,10.0,-8.0,7.0,-3.0,5.0,3.0,4.0,8.0,2.0,14.0,3.0,20.0,3.0,24.0,4.0,29.0,5.0,31.0,6.0,33.0,7.0,33.0,8.0,32.0,8.0,30.0,9.0,28.0,7.0,24.0,5.0,19.0,3.0,15.0,-1.0,9.0,-6.0,5.0,-10.0,0.0,-15.0,-4.0,-20.0,-7.0,-25.0,-9.0,-30.0,-10.0,-32.0,-11.0,-35.0,-10.0
3.5463,122.0,-96.0,7.0,0.0,0.0,0.0,0.0,0.0,0.0,0.0,0.0,0.0,2.0,-11.0,2.0,-11.0,2.0,-11.0,2.0,-12.0,2.0,-12.0,2.0,-12.0,1.0,-12.0,1.0,-12.0,1.0,-12.0,2.0,-12.0,2.0,-12.0,1.0,-13.0,2.0,-13.0,1.0,-13.0,1.0,-13.0,1.0,-13.0,1.0,-13.0,1.0,-13.0,1.0,-13.0,1.0,-13.0,0.0,-13.0,0.0,-13.0,0.0,-13.0,0.0,-14.0,0.0,-14.0,0.0,-14.0
3.5697,122.0,-96.0,7.0,0.0,0.0,0.0,0.0,0.0,0.0,0.0,0.0,0.0,1.0,-13.0,2.0,-18.0,3.0,-22.0,4.0,-25.0,4.0,-28.0,4.0,-30.0,3.0,-31.0,2.0,-30.0,2.0,-28.0,1.0,-26.0,1.0,-22.0,2.0,-17.0,2.0,-13.0,4.0,-7.0,5.0,-1.0,8.0,3.0,11.0,9.0,14.0,13.0,17.0,16.0,19.0,19.0,22.0,21.0,23.0,21.0,25.0,21.0,24.0,19.0,24.0,18.0,21.0,16.0
3.5768,122.0,-96.0,7.0,0.0,0.0,0.0,0.0,0.0,0.0,0.0,0.0,0.0,6.0,-11.0,6.0,-5.0,6.0,1.0,6.0,7.0,7.0,13.0,10.0,18.0,11.0,22.0,13.0,25.0,15.0,28.0,17.0,29.0,18.0,28.0,19.0,27.0,18.0,25.0,18.0,22.0,15.0,19.0,11.0,15.0,6.0,12.0,1.0,8.0,-5.0,6.0,-11.0,3.0,-17.0,1.0,-23.0,0.0,-28.0,0.0,-32.0,1.0,-35.0,2.0,-36.0,3.0
3.59,122.0,-96.0,7.0,0.0,0.0,0.0,0.0,0.0,0.0,0.0,0.0,0.0,-11.0,-3.0,-12.0,-3.0,-12.0,-3.0,-12.0,-3.0,-12.0,-3.0,-13.0,-3.0,-13.0,-3.0,-13.0,-3.0,-12.0,-3.0,-13.0,-2.0,-13.0,-3.0,-13.0,-2.0,-14.0,-2.0,-13.0,-2.0,-14.0,-3.0,-14.0,-3.0,-14.0,-2.0,-13.0,-2.0,-14.0,-2.0,-14.0,-2.0,-14.0,-2.0,-14.0,-2.0,-13.0,-2.0,-14.0,-2.0,-14.0,-1.0,-14.0,-1.0
3.6034,122.0,-96.0,7.0,0.0,0.0,0.0,0.0,0.0,0.0,0.0,0.0,0.0,-21.0,14.0,-19.0,13.0,-17.0,11.0,-13.0,8.0,-10.0,4.0,-7.0,-1.0,-5.0,-5.0,-3.0,-10.0,-1.0,-15.0,0.0,-20.0,0.0,-24.0,0.0,-27.0,0.0,-30.0,-2.0,-31.0,-2.0,-32.0,-3.0,-31.0,-3.0,-29.0,-4.0,-25.0,-3.0,-21.0,-2.0,-17.0,0.0,-12.0,3.0,-6.0,7.0,-1.0,10.0,3.0,13.0,8.0,18.0,11.0
3.6168,122.0,-96.0,7.0,0.0,0.0,0.0,0.0,0.0,0.0,0.0,0.0,0.0,-11.0,-6.0,-6.0,-6.0,0.0,-7.0,6.0,-8.0,12.0,-10.0,17.0,-12.0,20.0,-15.0,23.0,-17.0,26.0,-20.0,27.0,-21.0,26.0,-22.0,25.0,-23.0,23.0,-22.0,20.0,-21.0,17.0,-17.0,14.0,-14.0,10.0,-9.0,8.0,-3.0,6.0,3.0,4.0,9.0,3.0,16.0,3.0,22.0,4.0,27.0,5.0,30.0,7.0,33.0,8.0,34.0
3.633,122.0,-96.0,7.0,0.0,0.0,0.0,0.0,0.0,0.0,0.0,0.0,0.0,-10.0,-8.0,-4.0,-7.0,2.0,-7.0,8.0,-7.0,14.0,-7.0,19.0,-9.0,23.0,-10.0,27.0,-12.0,30.0,-14.0,30.0,-15.0,30.0,-16.0,28.0,-17.0,26.0,-17.0,23.0,-16.0,19.0,-13.0,15.0,-10.0,11.0,-5.0,7.0,0.0,4.0,6.0,1.0,12.0,-1.0,18.0,-2.0,23.0,-2.0,28.0,-1.0,32.0,0.0,35.0,0.0,36.0
3.6479,122.0,-96.0,7.0,0.0,0.0,0.0,0.0,0.0,0.0,0.0,0.0,0.0,6.0,22.0,7.0,23.0,8.0,24.0,8.0,23.0,8.0,22.0,7.0,20.0,6.0,17.0,4.0,14.0,2.0,10.0,-2.0,6.0,-5.0,2.0,-9.0,-1.0,-13.0,-4.0,-17.0,-6.0,-20.0,-8.0,-23.0,-9.0,-25.0,-10.0,-27.0,-10.0,-28.0,-9.0,-28.0,-9.0,-26.0,-8.0,-23.0,-7.0,-21.0,-6.0,-16.0,-5.0,-11.0,-5.0,-6.0,-5.0
3.6512,98.0,33.0,22.0,0.0,0.0,0.0,0.0,0.0,0.0,0.0,0.0,0.0,-27.0,-6.0,-25.0,-3.0,-18.0,-1.0,-15.0,-1.0,-6.0,3.0,-5.0,6.0,1.0,8.0,9.0,9.0,13.0,9.0,20.0,11.0,23.0,11.0,25.0,11.0,28.0,12.0,29.0,6.0,30.0,4.0,30.0,1.0,27.0,-2.0,24.0,-3.0,19.0,-3.0,14.0,-4.0,5.0,0.0,-1.0,2.0,-8.0,4.0,-14.0,7.0,-19.0,12.0,-25.0,17.0
3.6654,122.0,-96.0,7.0,0.0,0.0,0.0,0.0,0.0,0.0,0.0,0.0,0.0,11.0,0.0,6.0,2.0,1.0,6.0,-3.0,9.0,-7.0,14.0,-10.0,19.0,-13.0,22.0,-14.0,26.0,-14.0,29.0,-14.0,31.0,-13.0,31.0,-12.0,31.0,-11.0,29.0,-8.0,27.0,-7.0,22.0,-7.0,16.0,-7.0,10.0,-7.0,4.0,-8.0,-2.0,-10.0,-8.0,-12.0,-15.0,-15.0,-19.0,-18.0,-23.0,-21.0,-26.0,-24.0,-27.0,-24.0,-27.0
3.6806,122.0,-96.0,7.0,0.0,0.0,0.0,0.0,0.0,0.0,0.0,0.0,0.0,-7.0,23.0,-6.0,24.0,-6.0,25.0,-6.0,24.0,-5.0,24.0,-5.0,21.0,-4.0,18.0,-4.0,15.0,-4.0,11.0,-5.0,6.0,-6.0,0.0,-8.0,-5.0,-9.0,-9.0,-11.0,-13.0,-13.0,-16.0,-15.0,-20.0,-16.0,-21.0,-18.0,-23.0,-19.0,-23.0,-19.0,-22.0,-19.0,-21.0,-17.0,-19.0,-16.0,-17.0,-12.0,-13.0,-8.0,-10.0,-4.0,-8.0
3.694,122.0,-96.0,7.0,0.0,0.0,0.0,0.0,0.0,0.0,0.0,0.0,0.0,11.0,-1.0,10.0,-1.0,11.0,-1.0,10.0,-1.0,11.0,-1.0,12.0,-2.0,12.0,-2.0,12.0,-2.0,12.0,-2.0,12.0,-2.0,12.0,-2.0,12.0,-1.0,12.0,-2.0,12.0,-2.0,12.0,-2.0,12.0,-2.0,13.0,-3.0,12.0,-3.0,12.0,-2.0,12.0,-3.0,12.0,-3.0,13.0,-3.0,13.0,-3.0,13.0,-3.0,13.0,-3.0,13.0,-4.0
3.7076,122.0,-96.0,7.0,0.0,0.0,0.0,0.0,0.0,0.0,0.0,0.0,0.0,6.0,7.0,2.0,5.0,-2.0,4.0,-7.0,4.0,-12.0,3.0,-16.0,4.0,-20.0,4.0,-23.0,6.0,-25.0,7.0,-26.0,7.0,-27.0,8.0,-26.0,9.0,-24.0,9.0,-22.0,9.0,-19.0,8.0,-16.0,5.0,-12.0,3.0,-8.0,0.0,-5.0,-4.0,-2.0,-8.0,1.0,-13.0,3.0,-16.0,4.0,-21.0,5.0,-24.0,5.0,-27.0,5.0,-28.0
3.7201,122.0,-96.0,7.0,0.0,0.0,0.0,0.0,0.0,0.0,0.0,0.0,0.0,13.0,-23.0,12.0,-21.0,10.0,-18.0,8.0,-14.0,7.0,-10.0,6.0,-5.0,5.0,0.0,5.0,6.0,6.0,11.0,7.0,16.0,8.0,20.0,9.0,23.0,10.0,26.0,12.0,27.0,13.0,28.0,14.0,27.0,14.0,25.0,13.0,23.0,11.0,19.0,8.0,16.0,5.0,12.0,1.0,8.0,-4.0,5.0,-8.0,1.0,-13.0,-1.0,-18.0,-3.0
3.7342,122.0,-96.0,7.0,0.0,0.0,0.0,0.0,0.0,0.0,0.0,0.0,0.0,9.0,9.0,11.0,12.0,14.0,16.0,16.0,18.0,18.0,20.0,20.0,20.0,22.0,20.0,22.0,19.0,21.0,17.0,18.0,16.0,15.0,14.0,11.0,11.0,7.0,9.0,2.0,7.0,-3.0,5.0,-9.0,4.0,-15.0,3.0,-20.0,3.0,-24.0,4.0,-28.0,6.0,-30.0,6.0,-32.0,8.0,-32.0,8.0,-31.0,8.0,-29.0,9.0,-26.0,8.0
3.7483,122.0,-96.0,7.0,0.0,0.0,0.0,0.0,0.0,0.0,0.0,0.0,0.0,-3.0,23.0,-2.0,25.0,-2.0,25.0,-2.0,25.0,-1.0,23.0,-1.0,22.0,-1.0,19.0,-2.0,15.0,-3.0,11.0,-4.0,6.0,-6.0,1.0,-8.0,-3.0,-11.0,-7.0,-13.0,-11.0,-16.0,-14.0,-18.0,-16.0,-20.0,-18.0,-22.0,-19.0,-23.0,-19.0,-23.0,-18.0,-22.0,-17.0,-20.0,-15.0,-18.0,-13.0,-15.0,-10.0,-10.0,-8.0,-6.0,-7.0
3.7619,122.0,-96.0,7.0,0.0,0.0,0.0,0.0,0.0,0.0,0.0,0.0,0.0,-4.0,-24.0,-5.0,-26.0,-5.0,-26.0,-5.0,-26.0,-6.0,-24.0,-5.0,-22.0,-4.0,-19.0,-3.0,-15.0,-1.0,-11.0,2.0,-7.0,4.0,-3.0,8.0,1.0,12.0,4.0,15.0,7.0,18.0,10.0,20.0,11.0,23.0,12.0,24.0,13.0,26.0,12.0,25.0,11.0,24.0,11.0,21.0,9.0,18.0,8.0,14.0,6.0,9.0,5.0,4.0,5.0
3.7755,122.0,-96.0,7.0,0.0,0.0,0.0,0.0,0.0,0.0,0.0,0.0,0.0,7.0,-8.0,7.0,-7.0,7.0,-8.0,7.0,-9.0,7.0,-8.0,7.0,-8.0,7.0,-8.0,7.0,-9.0,7.0,-8.0,7.0,-9.0,7.0,-9.0,8.0,-9.0,7.0,-9.0,6.0,-9.0,7.0,-10.0,7.0,-9.0,7.0,-10.0,7.0,-10.0,7.0,-10.0,7.0,-9.0,7.0,-10.0,7.0,-10.0,6.0,-11.0,6.0,-10.0,7.0,-10.0,6.0,-10.0
3.7903,122.0,-96.0,7.0,0.0,0.0,0.0,0.0,0.0,0.0,0.0,0.0,0.0,-5.0,8.0,-5.0,8.0,-5.0,9.0,-6.0,8.0,-6.0,9.0,-6.0,10.0,-5.0,9.0,-5.0,10.0,-6.0,10.0,-5.0,10.0,-5.0,10.0,-5.0,10.0,-5.0,10.0,-5.0,10.0,-5.0,10.0,-6.0,10.0,-5.0,10.0,-5.0,10.0,-6.0,11.0,-5.0,11.0,-5.0,11.0,-5.0,11.0,-5.0,11.0,-5.0,11.0,-5.0,11.0,-5.0,11.0
3.8053,122.0,-96.0,7.0,0.0,0.0,0.0,0.0,0.0,0.0,0.0,0.0,0.0,-5.0,-12.0,-5.0,-12.0,-5.0,-12.0,-6.0,-13.0,-6.0,-13.0,-6.0,-13.0,-6.0,-13.0,-7.0,-13.0,-7.0,-13.0,-6.0,-13.0,-6.0,-13.0,-6.0,-13.0,-6.0,-13.0,-6.0,-13.0,-7.0,-13.0,-7.0,-14.0,-7.0,-14.0,-7.0,-14.0,-7.0,-14.0,-8.0,-13.0,-7.0,-14.0,-7.0,-14.0,-8.0,-14.0,-7.0,-14.0,-7.0,-14.0,-8.0,-14.0
3.8202,122.0,-96.0,7.0,0.0,0.0,0.0,0.0,0.0,0.0,0.0,0.0,0.0,11.0,3.0,15.0,5.0,18.0,6.0,21.0,7.0,23.0,8.0,25.0,7.0,26.0,6.0,25.0,6.0,24.0,5.0,21.0,4.0,17.0,4.0,13.0,4.0,9.0,4.0,4.0,4.0,-1.0,5.0,-6.0,7.0,-11.0,9.0,-15.0,11.0,-19.0,14.0,-20.0,16.0,-22.0,18.0,-22.0,19.0,-22.0,20.0,-21.0,19.0,-19.0,19.0,-16.0,17.0
3.8346,122.0,-96.0,7.0,0.0,0.0,0.0,0.0,0.0,0.0,0.0,0.0,0.0,11.0,-6.0,15.0,-8.0,19.0,-9.0,23.0,-10.0,25.0,-11.0,26.0,-13.0,26.0,-14.0,26.0,-15.0,24.0,-14.0,21.0,-13.0,18.0,-10.0,15.0,-7.0,11.0,-5.0,7.0,0.0,4.0,4.0,1.0,9.0,-2.0,14.0,-4.0,19.0,-5.0,23.0,-6.0,27.0,-5.0,30.0,-5.0,31.0,-5.0,32.0,-4.0,31.0,-2.0,29.0,-2.0,26.0
3.8484,122.0,-96.0,7.0,0.0,0.0,0.0,0.0,0.0,0.0,0.0,0.0,0.0,12.0,-1.0,17.0,1.0,21.0,1.0,24.0,2.0,27.0,1.0,29.0,1.0,30.0,0.0,29.0,-1.0,28.0,-2.0,24.0,-2.0,20.0,-1.0,16.0,0.0,12.0,1.0,7.0,3.0,1.0,5.0,-3.0,8.0,-8.0,12.0,-12.0,15.0,-15.0,19.0,-17.0,22.0,-18.0,25.0,-18.0,26.0,-17.0,27.0,-16.0,27.0,-14.0,26.0,-13.0,23.0
3.8634,122.0,-96.0,7.0,0.0,0.0,0.0,0.0,0.0,0.0,0.0,0.0,0.0,26.0,-1.0,28.0,-2.0,28.0,-3.0,28.0,-3.0,26.0,-4.0,24.0,-3.0,20.0,-3.0,17.0,-2.0,12.0,0.0,7.0,2.0,2.0,5.0,-2.0,8.0,-6.0,12.0,-10.0,15.0,-13.0,19.0,-15.0,21.0,-17.0,24.0,-18.0,25.0,-17.0,27.0,-17.0,27.0,-16.0,26.0,-13.0,24.0,-12.0,21.0,-9.0,16.0,-8.0,11.0,-7.0,6.0
3.881,122.0,-96.0,7.0,0.0,0.0,0.0,0.0,0.0,0.0,0.0,0.0,0.0,-11.0,-5.0,-11.0,-4.0,-11.0,-4.0,-11.0,-5.0,-11.0,-4.0,-12.0,-4.0,-12.0,-4.0,-13.0,-4.0,-12.0,-4.0,-13.0,-5.0,-12.0,-4.0,-12.0,-5.0,-12.0,-5.0,-13.0,-4.0,-14.0,-4.0,-13.0,-4.0,-13.0,-5.0,-13.0,-4.0,-14.0,-4.0,-13.0,-4.0,-13.0,-4.0,-13.0,-4.0,-13.0,-4.0,-13.0,-4.0,-14.0,-4.0,-14.0,-3.0
3.8982,122.0,-96.0,7.0,0.0,0.0,0.0,0.0,0.0,0.0,0.0,0.0,0.0,-26.0,3.0,-24.0,3.0,-21.0,3.0,-16.0,1.0,-12.0,0.0,-8.0,-3.0,-4.0,-6.0,1.0,-9.0,4.0,-13.0,8.0,-17.0,10.0,-20.0,12.0,-23.0,13.0,-26.0,13.0,-28.0,13.0,-29.0,12.0,-29.0,11.0,-28.0,10.0,-25.0,8.0,-22.0,7.0,-18.0,6.0,-13.0,5.0,-7.0,6.0,-1.0,6.0,5.0,7.0,10.0,9.0,15.0
3.9123,122.0,-96.0,7.0,0.0,0.0,0.0,0.0,0.0,0.0,0.0,0.0,0.0,-10.0,3.0,-10.0,3.0,-10.0,3.0,-10.0,3.0,-10.0,3.0,-11.0,4.0,-11.0,3.0,-11.0,4.0,-11.0,4.0,-11.0,4.0,-11.0,4.0,-11.0,4.0,-11.0,4.0,-11.0,4.0,-11.0,4.0,-11.0,4.0,-11.0,4.0,-11.0,4.0,-11.0,4.0,-11.0,4.0,-11.0,5.0,-11.0,5.0,-11.0,5.0,-11.0,5.0,-11.0,5.0,-11.0,5.0
3.926,122.0,-96.0,7.0,0.0,0.0,0.0,0.0,0.0,0.0,0.0,0.0,0.0,6.0,-10.0,6.0,-10.0,6.0,-10.0,6.0,-10.0,5.0,-10.0,6.0,-11.0,6.0,-11.0,6.0,-11.0,6.0,-11.0,6.0,-12.0,6.0,-11.0,6.0,-11.0,6.0,-11.0,6.0,-12.0,6.0,-12.0,6.0,-12.0,5.0,-12.0,6.0,-12.0,6.0,-12.0,6.0,-12.0,5.0,-12.0,5.0,-12.0,5.0,-13.0,5.0,-13.0,6.0,-13.0,5.0,-12.0
3.939,122.0,-96.0,7.0,0.0,0.0,0.0,0.0,0.0,0.0,0.0,0.0,0.0,10.0,2.0,5.0,3.0,0.0,5.0,-4.0,8.0,-9.0,10.0,-12.0,14.0,-15.0,16.0,-18.0,20.0,-19.0,22.0,-19.0,23.0,-18.0,25.0,-17.0,24.0,-15.0,23.0,-13.0,22.0,-11.0,18.0,-9.0,14.0,-8.0,9.0,-7.0,4.0,-7.0,-2.0,-6.0,-8.0,-7.0,-13.0,-8.0,-18.0,-11.0,-23.0,-13.0,-26.0,-14.0,-27.0,-15.0,-29.0
3.952,122.0,-96.0,7.0,0.0,0.0,0.0,0.0,0.0,0.0,0.0,0.0,0.0,-5.0,15.0,-6.0,15.0,-5.0,16.0,-5.0,15.0,-5.0,15.0,-5.0,16.0,-6.0,16.0,-5.0,17.0,-5.0,17.0,-5.0,17.0,-5.0,16.0,-6.0,17.0,-5.0,17.0,-5.0,17.0,-5.0,17.0,-5.0,17.0,-5.0,17.0,-5.0,17.0,-5.0,17.0,-5.0,18.0,-5.0,18.0,-5.0,18.0,-5.0,18.0,-5.0,18.0,-5.0,18.0,-4.0,18.0
3.9656,122.0,-96.0,7.0,0.0,0.0,0.0,0.0,0.0,0.0,0.0,0.0,0.0,29.0,2.0,26.0,2.0,23.0,2.0,18.0,2.0,13.0,2.0,7.0,4.0,1.0,6.0,-4.0,9.0,-10.0,12.0,-14.0,15.0,-18.0,18.0,-20.0,20.0,-22.0,23.0,-23.0,25.0,-23.0,27.0,-22.0,27.0,-20.0,26.0,-18.0,24.0,-15.0,21.0,-13.0,17.0,-11.0,11.0,-9.0,5.0,-7.0,-2.0,-6.0,-8.0,-5.0,-14.0,-6.0,-21.0
3.9779,122.0,-96.0,7.0,0.0,0.0,0.0,0.0,0.0,0.0,0.0,0.0,0.0,-5.0,12.0,-7.0,16.0,-9.0,19.0,-10.0,22.0,-11.0,25.0,-11.0,27.0,-10.0,28.0,-9.0,28.0,-7.0,27.0,-7.0,23.0,-7.0,20.0,-6.0,15.0,-6.0,11.0,-6.0,5.0,-7.0,0.0,-8.0,-6.0,-10.0,-12.0,-12.0,-16.0,-15.0,-20.0,-17.0,-23.0,-20.0,-25.0,-21.0,-25.0,-22.0,-25.0,-22.0,-24.0,-21.0,-22.0,-20.0,-19.0
3.991,122.0,-96.0,7.0,0.0,0.0,0.0,0.0,0.0,0.0,0.0,0.0,0.0,25.0,-2.0,22.0,-2.0,19.0,-2.0,15.0,-1.0,10.0,1.0,5.0,3.0,1.0,6.0,-4.0,9.0,-8.0,12.0,-11.0,16.0,-13.0,18.0,-16.0,21.0,-17.0,24.0,-16.0,26.0,-16.0,27.0,-15.0,26.0,-13.0,24.0,-12.0,22.0,-10.0,18.0,-9.0,14.0,-7.0,8.0,-7.0,2.0,-7.0,-4.0,-7.0,-10.0,-7.0,-15.0,-9.0,-20.0
4.0073,122.0,-96.0,7.0,0.0,0.0,0.0,0.0,0.0,0.0,0.0,0.0,0.0,-11.0,-4.0,-12.0,-4.0,-12.0,-4.0,-12.0,-4.0,-12.0,-3.0,-12.0,-4.0,-12.0,-4.0,-13.0,-3.0,-13.0,-4.0,-13.0,-4.0,-13.0,-4.0,-13.0,-4.0,-13.0,-4.0,-13.0,-4.0,-13.0,-3.0,-13.0,-3.0,-14.0,-3.0,-13.0,-3.0,-14.0,-4.0,-14.0,-2.0,-14.0,-3.0,-14.0,-3.0,-14.0,-2.0,-14.0,-3.0,-14.0,-3.0,-14.0,-3.0
4.0204,122.0,-96.0,7.0,0.0,0.0,0.0,0.0,0.0,0.0,0.0,0.0,0.0,-10.0,6.0,-14.0,8.0,-18.0,9.0,-20.0,11.0,-22.0,12.0,-23.0,13.0,-23.0,14.0,-22.0,15.0,-21.0,14.0,-18.0,12.0,-16.0,10.0,-13.0,7.0,-10.0,4.0,-7.0,0.0,-4.0,-5.0,-2.0,-10.0,-1.0,-15.0,1.0,-19.0,1.0,-23.0,1.0,-26.0,1.0,-29.0,0.0,-29.0,-1.0,-30.0,-2.0,-28.0,-3.0,-27.0,-3.0,-24.0
4.0337,122.0,-96.0,7.0,0.0,0.0,0.0,0.0,0.0,0.0,0.0,0.0,0.0,8.0,-22.0,8.0,-20.0,7.0,-17.0,6.0,-13.0,5.0,-9.0,5.0,-4.0,5.0,0.0,6.0,5.0,7.0,10.0,8.0,14.0,9.0,17.0,11.0,20.0,13.0,22.0,14.0,23.0,15.0,23.0,15.0,22.0,15.0,20.0,14.0,18.0,11.0,15.0,9.0,12.0,5.0,9.0,1.0,7.0,-4.0,4.0,-9.0,2.0,-14.0,0.0,-18.0,-1.0
4.0687,122.0,-96.0,7.0,0.0,0.0,0.0,0.0,0.0,0.0,0.0,0.0,0.0,-5.0,23.0,-4.0,25.0,-4.0,25.0,-3.0,25.0,-3.0,23.0,-3.0,22.0,-2.0,18.0,-3.0,14.0,-3.0,10.0,-5.0,5.0,-6.0,0.0,-8.0,-5.0,-11.0,-9.0,-13.0,-13.0,-15.0,-16.0,-17.0,-18.0,-19.0,-20.0,-20.0,-20.0,-21.0,-20.0,-22.0,-19.0,-21.0,-18.0,-18.0,-16.0,-16.0,-14.0,-12.0,-11.0,-8.0,-8.0,-4.0,-7.0
4.0826,122.0,-96.0,7.0,0.0,0.0,0.0,0.0,0.0,0.0,0.0,0.0,0.0,-11.0,4.0,-11.0,4.0,-11.0,3.0,-11.0,3.0,-12.0,4.0,-12.0,4.0,-12.0,4.0,-12.0,5.0,-12.0,4.0,-12.0,4.0,-12.0,4.0,-12.0,5.0,-13.0,5.0,-12.0,5.0,-12.0,5.0,-12.0,5.0,-13.0,5.0,-12.0,6.0,-12.0,6.0,-12.0,5.0,-12.0,6.0,-13.0,6.0,-12.0,7.0,-13.0,6.0,-13.0,6.0,-12.0,7.0
4.0997,122.0,-96.0,7.0,0.0,0.0,0.0,0.0,0.0,0.0,0.0,0.0,0.0,-12.0,-8.0,-13.0,-8.0,-13.0,-9.0,-13.0,-9.0,-13.0,-8.0,-14.0,-9.0,-13.0,-9.0,-14.0,-9.0,-13.0,-9.0,-14.0,-9.0,-14.0,-9.0,-14.0,-9.0,-14.0,-9.0,-15.0,-8.0,-15.0,-9.0,-15.0,-8.0,-15.0,-8.0,-15.0,-8.0,-16.0,-9.0,-15.0,-9.0,-15.0,-9.0,-15.0,-8.0,-15.0,-8.0,-16.0,-8.0,-16.0,-8.0,-16.0,-8.0
4.113,122.0,-96.0,7.0,0.0,0.0,0.0,0.0,0.0,0.0,0.0,0.0,0.0,4.0,-10.0,4.0,-5.0,5.0,0.0,6.0,5.0,8.0,10.0,10.0,14.0,12.0,18.0,14.0,21.0,16.0,23.0,18.0,23.0,18.0,23.0,19.0,22.0,18.0,21.0,18.0,18.0,15.0,16.0,12.0,13.0,8.0,10.0,3.0,8.0,-3.0,5.0,-8.0,4.0,-13.0,3.0,-19.0,2.0,-24.0,2.0,-27.0,3.0,-30.0,4.0,-31.0,5.0
4.1271,122.0,-96.0,7.0,0.0,0.0,0.0,0.0,0.0,0.0,0.0,0.0,0.0,1.0,-13.0,2.0,-17.0,4.0,-22.0,4.0,-25.0,4.0,-27.0,4.0,-30.0,3.0,-31.0,2.0,-30.0,1.0,-29.0,1.0,-26.0,2.0,-22.0,2.0,-18.0,2.0,-13.0,4.0,-8.0,5.0,-3.0,7.0,2.0,11.0,7.0,13.0,11.0,17.0,15.0,20.0,17.0,23.0,19.0,24.0,19.0,26.0,19.0,25.0,18.0,25.0,16.0,23.0,14.0
4.1407,122.0,-96.0,7.0,0.0,0.0,0.0,0.0,0.0,0.0,0.0,0.0,0.0,-8.0,-11.0,-9.0,-16.0,-11.0,-19.0,-12.0,-22.0,-14.0,-24.0,-16.0,-26.0,-17.0,-26.0,-18.0,-25.0,-17.0,-23.0,-16.0,-21.0,-13.0,-18.0,-10.0,-15.0,-7.0,-12.0,-3.0,-9.0,2.0,-6.0,8.0,-4.0,13.0,-2.0,18.0,0.0,23.0,0.0,26.0,0.0,30.0,-1.0,31.0,-1.0,32.0,-2.0,31.0,-3.0,30.0,-4.0,27.0,-4.0
4.1551,122.0,-96.0,7.0,0.0,0.0,0.0,0.0,0.0,0.0,0.0,0.0,0.0,1.0,-11.0,3.0,-6.0,5.0,-1.0,8.0,3.0,11.0,7.0,14.0,11.0,17.0,14.0,20.0,16.0,23.0,17.0,24.0,17.0,25.0,16.0,25.0,15.0,23.0,14.0,22.0,12.0,18.0,10.0,14.0,8.0,9.0,7.0,4.0,6.0,-2.0,6.0,-8.0,6.0,-13.0,6.0,-18.0,8.0,-23.0,10.0,-26.0,12.0,-28.0,13.0,-28.0,15.0
4.1718,122.0,-96.0,7.0,0.0,0.0,0.0,0.0,0.0,0.0,0.0,0.0,0.0,-7.0,-9.0,-7.0,-8.0,-7.0,-8.0,-7.0,-8.0,-7.0,-8.0,-8.0,-9.0,-8.0,-9.0,-8.0,-9.0,-9.0,-9.0,-8.0,-9.0,-8.0,-9.0,-9.0,-9.0,-8.0,-9.0,-9.0,-8.0,-9.0,-9.0,-9.0,-9.0,-9.0,-9.0,-9.0,-9.0,-10.0,-9.0,-9.0,-9.0,-9.0,-9.0,-9.0,-9.0,-10.0,-8.0,-9.0,-9.0,-10.0,-9.0,-10.0,-9.0
4.186,122.0,-96.0,7.0,0.0,0.0,0.0,0.0,0.0,0.0,0.0,0.0,0.0,1.0,-11.0,2.0,-6.0,5.0,-2.0,8.0,2.0,11.0,7.0,15.0,10.0,18.0,12.0,21.0,14.0,24.0,15.0,25.0,15.0,26.0,15.0,26.0,14.0,24.0,12.0,23.0,10.0,19.0,8.0,15.0,6.0,10.0,6.0,4.0,6.0,-2.0,6.0,-7.0,6.0,-13.0,7.0,-18.0,10.0,-22.0,11.0,-25.0,14.0,-26.0,15.0,-27.0,16.0
4.2003,122.0,-96.0,7.0,0.0,0.0,0.0,0.0,0.0,0.0,0.0,0.0,0.0,13.0,21.0,12.0,19.0,10.0,16.0,7.0,13.0,4.0,10.0,-1.0,6.0,-6.0,4.0,-10.0,1.0,-15.0,-1.0,-20.0,-2.0,-23.0,-3.0,-27.0,-4.0,-30.0,-3.0,-31.0,-2.0,-32.0,-1.0,-31.0,0.0,-29.0,0.0,-26.0,0.0,-22.0,0.0,-17.0,-1.0,-11.0,-3.0,-6.0,-5.0,0.0,-8.0,5.0,-10.0,9.0,-14.0,13.0,-18.0
4.2141,122.0,-96.0,7.0,0.0,0.0,0.0,0.0,0.0,0.0,0.0,0.0,0.0,19.0,-15.0,19.0,-17.0,20.0,-17.0,19.0,-17.0,18.0,-16.0,16.0,-15.0,14.0,-13.0,11.0,-10.0,9.0,-6.0,7.0,-2.0,4.0,3.0,2.0,8.0,1.0,12.0,0.0,17.0,0.0,21.0,-1.0,24.0,0.0,26.0,0.0,28.0,1.0,28.0,1.0,27.0,2.0,27.0,2.0,23.0,2.0,20.0,1.0,15.0,0.0,11.0,-3.0,6.0
4.2289,122.0,-96.0,7.0,0.0,0.0,0.0,0.0,0.0,0.0,0.0,0.0,0.0,-17.0,15.0,-16.0,14.0,-14.0,12.0,-11.0,9.0,-9.0,5.0,-7.0,1.0,-5.0,-4.0,-4.0,-8.0,-3.0,-13.0,-3.0,-17.0,-3.0,-20.0,-3.0,-24.0,-4.0,-26.0,-5.0,-28.0,-6.0,-28.0,-6.0,-27.0,-6.0,-26.0,-6.0,-23.0,-6.0,-19.0,-4.0,-16.0,-2.0,-12.0,1.0,-7.0,5.0,-3.0,8.0,1.0,12.0,4.0,16.0,7.0
4.2329,98.0,33.0,22.0,0.0,0.0,0.0,0.0,0.0,0.0,0.0,0.0,0.0,5.0,16.0,10.0,18.0,10.0,20.0,11.0,21.0,15.0,22.0,17.0,21.0,15.0,20.0,15.0,19.0,15.0,15.0,15.0,11.0,13.0,7.0,10.0,4.0,6.0,0.0,1.0,-5.0,-1.0,-5.0,-9.0,-10.0,-14.0,-10.0,-18.0,-10.0,-22.0,-9.0,-29.0,-10.0,-31.0,-9.0,-32.0,-6.0,-34.0,-5.0,-30.0,-4.0,-28.0,-2.0,-25.0,-2.0
4.2486,122.0,-96.0,7.0,0.0,0.0,0.0,0.0,0.0,0.0,0.0,0.0,0.0,-11.0,-22.0,-13.0,-23.0,-13.0,-23.0,-13.0,-22.0,-13.0,-21.0,-12.0,-19.0,-10.0,-16.0,-7.0,-13.0,-4.0,-10.0,0.0,-7.0,4.0,-4.0,9.0,-1.0,13.0,1.0,17.0,2.0,21.0,3.0,24.0,4.0,26.0,3.0,27.0,3.0,28.0,3.0,27.0,2.0,26.0,2.0,22.0,1.0,19.0,1.0,14.0,1.0,9.0,2.0,4.0,3.0
4.2624,122.0,-96.0,7.0,0.0,0.0,0.0,0.0,0.0,0.0,0.0,0.0,0.0,3.0,9.0,3.0,9.0,3.0,9.0,3.0,9.0,3.0,9.0,4.0,9.0,3.0,9.0,4.0,10.0,4.0,10.0,4.0,10.0,4.0,10.0,4.0,10.0,4.0,10.0,4.0,10.0,4.0,10.0,5.0,10.0,4.0,10.0,5.0,10.0,5.0,10.0,5.0,10.0,5.0,10.0,5.0,10.0,5.0,10.0,5.0,10.0,5.0,10.0,5.0,10.0
4.2763,122.0,-96.0,7.0,0.0,0.0,0.0,0.0,0.0,0.0,0.0,0.0,0.0,9.0,-3.0,9.0,-2.0,9.0,-3.0,10.0,-3.0,10.0,-3.0,10.0,-3.0,10.0,-3.0,10.0,-3.0,10.0,-3.0,10.0,-4.0,10.0,-4.0,10.0,-4.0,10.0,-3.0,10.0,-4.0,11.0,-4.0,11.0,-4.0,11.0,-4.0,10.0,-4.0,11.0,-4.0,11.0,-4.0,11.0,-4.0,11.0,-4.0,11.0,-5.0,11.0,-5.0,11.0,-5.0,11.0,-5.0
4.2907,122.0,-96.0,7.0,0.0,0.0,0.0,0.0,0.0,0.0,0.0,0.0,0.0,10.0,-1.0,6.0,1.0,2.0,4.0,-1.0,7.0,-5.0,10.0,-7.0,15.0,-9.0,17.0,-11.0,20.0,-11.0,23.0,-11.0,24.0,-11.0,25.0,-10.0,25.0,-9.0,24.0,-7.0,22.0,-7.0,19.0,-6.0,15.0,-5.0,11.0,-5.0,6.0,-6.0,1.0,-7.0,-5.0,-9.0,-10.0,-10.0,-14.0,-13.0,-17.0,-15.0,-20.0,-16.0,-22.0,-18.0,-23.0
4.3039,122.0,-96.0,7.0,0.0,0.0,0.0,0.0,0.0,0.0,0.0,0.0,0.0,-18.0,12.0,-19.0,13.0,-19.0,14.0,-19.0,14.0,-17.0,13.0,-16.0,12.0,-14.0,10.0,-12.0,7.0,-9.0,5.0,-7.0,0.0,-4.0,-3.0,-3.0,-8.0,-2.0,-12.0,-1.0,-16.0,-1.0,-20.0,0.0,-22.0,-1.0,-25.0,-1.0,-25.0,-2.0,-27.0,-2.0,-26.0,-2.0,-24.0,-3.0,-22.0,-3.0,-18.0,-2.0,-15.0,-1.0,-10.0,1.0,-7.0
4.3189,122.0,-96.0,7.0,0.0,0.0,0.0,0.0,0.0,0.0,0.0,0.0,0.0,-9.0,-8.0,-4.0,-6.0,1.0,-6.0,6.0,-6.0,11.0,-6.0,16.0,-7.0,20.0,-8.0,23.0,-9.0,26.0,-11.0,27.0,-12.0,27.0,-13.0,26.0,-14.0,24.0,-14.0,22.0,-14.0,19.0,-12.0,16.0,-10.0,11.0,-6.0,8.0,-2.0,5.0,3.0,2.0,8.0,0.0,13.0,-2.0,18.0,-3.0,23.0,-2.0,26.0,-3.0,29.0,-2.0,31.0
4.3343,122.0,-96.0,7.0,0.0,0.0,0.0,0.0,0.0,0.0,0.0,0.0,0.0,-23.0,-6.0,-21.0,-5.0,-18.0,-4.0,-14.0,-4.0,-11.0,-5.0,-6.0,-5.0,-1.0,-6.0,3.0,-7.0,8.0,-9.0,12.0,-11.0,15.0,-13.0,18.0,-15.0,19.0,-17.0,20.0,-19.0,20.0,-20.0,19.0,-20.0,18.0,-20.0,16.0,-18.0,13.0,-16.0,11.0,-13.0,9.0,-9.0,6.0,-4.0,5.0,1.0,3.0,6.0,2.0,11.0,2.0,16.0
4.3484,122.0,-96.0,7.0,0.0,0.0,0.0,0.0,0.0,0.0,0.0,0.0,0.0,-23.0,8.0,-24.0,9.0,-24.0,9.0,-24.0,10.0,-22.0,10.0,-20.0,9.0,-17.0,7.0,-15.0,5.0,-11.0,2.0,-8.0,-1.0,-4.0,-5.0,-1.0,-9.0,1.0,-13.0,3.0,-17.0,5.0,-21.0,6.0,-24.0,6.0,-27.0,6.0,-28.0,6.0,-28.0,5.0,-28.0,4.0,-27.0,3.0,-24.0,2.0,-21.0,2.0,-16.0,2.0,-11.0,3.0,-7.0
4.3619,122.0,-96.0,7.0,0.0,0.0,0.0,0.0,0.0,0.0,0.0,0.0,0.0,-3.0,11.0,-5.0,15.0,-6.0,18.0,-7.0,21.0,-8.0,23.0,-8.0,25.0,-7.0,26.0,-6.0,26.0,-5.0,24.0,-5.0,21.0,-4.0,18.0,-5.0,14.0,-4.0,10.0,-5.0,5.0,-6.0,0.0,-8.0,-5.0,-10.0,-10.0,-12.0,-14.0,-15.0,-17.0,-17.0,-19.0,-19.0,-21.0,-20.0,-21.0,-21.0,-21.0,-22.0,-20.0,-21.0,-18.0,-19.0,-16.0
4.3757,122.0,-96.0,7.0,0.0,0.0,0.0,0.0,0.0,0.0,0.0,0.0,0.0,6.0,-24.0,6.0,-25.0,5.0,-26.0,5.0,-25.0,4.0,-24.0,3.0,-22.0,3.0,-19.0,3.0,-16.0,3.0,-11.0,4.0,-6.0,5.0,-2.0,7.0,3.0,8.0,8.0,10.0,12.0,12.0,16.0,14.0,18.0,16.0,20.0,17.0,21.0,18.0,22.0,18.0,21.0,18.0,20.0,16.0,17.0,14.0,15.0,12.0,12.0,8.0,9.0,4.0,7.0
4.3923,122.0,-96.0,7.0,0.0,0.0,0.0,0.0,0.0,0.0,0.0,0.0,0.0,-5.0,10.0,-4.0,10.0,-4.0,11.0,-4.0,10.0,-5.0,11.0,-5.0,11.0,-5.0,11.0,-4.0,11.0,-4.0,12.0,-4.0,12.0,-4.0,11.0,-5.0,12.0,-4.0,12.0,-4.0,12.0,-4.0,12.0,-4.0,12.0,-4.0,12.0,-4.0,13.0,-4.0,13.0,-4.0,13.0,-4.0,13.0,-4.0,13.0,-3.0,13.0,-3.0,13.0,-3.0,13.0,-3.0,13.0
4.405,122.0,-96.0,7.0,0.0,0.0,0.0,0.0,0.0,0.0,0.0,0.0,0.0,16.0,-17.0,14.0,-15.0,12.0,-13.0,10.0,-10.0,7.0,-6.0,6.0,-2.0,4.0,3.0,3.0,8.0,3.0,13.0,3.0,17.0,2.0,20.0,3.0,23.0,4.0,26.0,5.0,27.0,6.0,27.0,7.0,26.0,6.0,23.0,6.0,21.0,5.0,18.0,3.0,13.0,0.0,10.0,-3.0,5.0,-7.0,1.0,-10.0,-2.0,-14.0,-6.0,-19.0,-8.0
4.4187,122.0,-96.0,7.0,0.0,0.0,0.0,0.0,0.0,0.0,0.0,0.0,0.0,-8.0,10.0,-8.0,10.0,-8.0,10.0,-8.0,10.0,-8.0,11.0,-8.0,10.0,-8.0,11.0,-8.0,11.0,-8.0,11.0,-8.0,11.0,-8.0,11.0,-8.0,12.0,-8.0,12.0,-8.0,12.0,-8.0,12.0,-8.0,12.0,-7.0,12.0,-8.0,13.0,-8.0,13.0,-8.0,13.0,-8.0,13.0,-8.0,13.0,-7.0,14.0,-7.0,13.0,-8.0,13.0,-7.0,13.0
4.4333,122.0,-96.0,7.0,0.0,0.0,0.0,0.0,0.0,0.0,0.0,0.0,0.0,-19.0,10.0,-20.0,12.0,-20.0,12.0,-19.0,12.0,-18.0,12.0,-17.0,11.0,-14.0,9.0,-12.0,7.0,-9.0,4.0,-7.0,0.0,-5.0,-4.0,-2.0,-8.0,-1.0,-12.0,0.0,-16.0,0.0,-20.0,1.0,-22.0,1.0,-25.0,0.0,-26.0,0.0,-26.0,-1.0,-26.0,-1.0,-25.0,-2.0,-22.0,-2.0,-19.0,-1.0,-15.0,0.0,-10.0,2.0,-6.0
4.4468,122.0,-96.0,7.0,0.0,0.0,0.0,0.0,0.0,0.0,0.0,0.0,0.0,11.0,0.0,11.0,1.0,12.0,1.0,11.0,1.0,12.0,1.0,12.0,0.0,12.0,0.0,12.0,1.0,12.0,0.0,12.0,0.0,12.0,0.0,13.0,0.0,13.0,0.0,12.0,-1.0,13.0,0.0,12.0,0.0,12.0,-1.0,13.0,-1.0,13.0,-1.0,13.0,-1.0,13.0,-1.0,13.0,-1.0,13.0,-1.0,13.0,-1.0,13.0,-1.0,14.0,-1.0
4.4511,98.0,33.0,22.0,0.0,0.0,0.0,0.0,0.0,0.0,0.0,0.0,0.0,19.0,-4.0,16.0,-3.0,13.0,-4.0,9.0,-4.0,5.0,-5.0,1.0,-5.0,-4.0,-7.0,-8.0,-7.0,-13.0,-6.0,-15.0,-7.0,-18.0,-6.0,-20.0,-5.0,-22.0,-4.0,-23.0,-2.0,-22.0,0.0,-22.0,3.0,-20.0,4.0,-17.0,4.0,-14.0,4.0,-10.0,4.0,-4.0,2.0,-1.0,0.0,4.0,-3.0,9.0,-6.0,13.0,-10.0,17.0,-13.0
4.4669,122.0,-96.0,7.0,0.0,0.0,0.0,0.0,0.0,0.0,0.0,0.0,0.0,-7.0,-10.0,-2.0,-7.0,3.0,-5.0,8.0,-4.0,13.0,-3.0,18.0,-4.0,22.0,-4.0,25.0,-5.0,28.0,-6.0,29.0,-7.0,29.0,-8.0,28.0,-8.0,26.0,-9.0,24.0,-9.0,20.0,-7.0,16.0,-6.0,12.0,-3.0,7.0,1.0,3.0,5.0,-1.0,9.0,-4.0,14.0,-6.0,19.0,-7.0,23.0,-8.0,27.0,-8.0,29.0,-7.0,31.0
4.4901,122.0,-96.0,7.0,0.0,0.0,0.0,0.0,0.0,0.0,0.0,0.0,0.0,-11.0,-24.0,-10.0,-22.0,-9.0,-19.0,-6.0,-15.0,-3.0,-12.0,0.0,-8.0,5.0,-5.0,9.0,-1.0,14.0,1.0,18.0,3.0,22.0,5.0,25.0,5.0,28.0,5.0,30.0,5.0,31.0,4.0,30.0,3.0,28.0,2.0,25.0,2.0,21.0,1.0,17.0,2.0,12.0,2.0,6.0,4.0,0.0,6.0,-5.0,8.0,-10.0,10.0,-14.0,14.0
4.4983,122.0,-96.0,7.0,0.0,0.0,0.0,0.0,0.0,0.0,0.0,0.0,0.0,2.0,12.0,2.0,17.0,2.0,21.0,2.0,24.0,3.0,27.0,4.0,29.0,5.0,29.0,6.0,29.0,6.0,27.0,6.0,24.0,5.0,21.0,3.0,17.0,1.0,12.0,-2.0,8.0,-5.0,4.0,-9.0,-1.0,-14.0,-5.0,-18.0,-8.0,-22.0,-10.0,-25.0,-11.0,-29.0,-12.0,-30.0,-13.0,-31.0,-12.0,-31.0,-10.0,-30.0,-8.0,-27.0,-8.0
4.51,122.0,-96.0,7.0,0.0,0.0,0.0,0.0,0.0,0.0,0.0,0.0,0.0,-9.0,8.0,-13.0,10.0,-15.0,12.0,-18.0,13.0,-20.0,16.0,-20.0,17.0,-20.0,18.0,-20.0,19.0,-18.0,18.0,-16.0,16.0,-14.0,13.0,-12.0,10.0,-10.0,7.0,-8.0,3.0,-6.0,-2.0,-5.0,-7.0,-4.0,-13.0,-3.0,-17.0,-4.0,-21.0,-4.0,-25.0,-5.0,-27.0,-6.0,-28.0,-7.0,-29.0,-7.0,-29.0,-8.0,-27.0,-8.0,-24.0
4.5253,122.0,-96.0,7.0,0.0,0.0,0.0,0.0,0.0,0.0,0.0,0.0,0.0,-1.0,-11.0,-2.0,-11.0,-1.0,-11.0,-1.0,-11.0,-2.0,-11.0,-1.0,-11.0,-2.0,-11.0,-2.0,-12.0,-2.0,-12.0,-2.0,-12.0,-2.0,-12.0,-2.0,-12.0,-2.0,-11.0,-2.0,-12.0,-2.0,-13.0,-2.0,-13.0,-3.0,-12.0,-3.0,-12.0,-3.0,-12.0,-3.0,-12.0,-3.0,-13.0,-3.0,-12.0,-3.0,-13.0,-3.0,-12.0,-3.0,-12.0,-3.0,-13.0
4.5391,122.0,-96.0,7.0,0.0,0.0,0.0,0.0,0.0,0.0,0.0,0.0,0.0,22.0,-7.0,19.0,-7.0,17.0,-6.0,14.0,-4.0,10.0,-2.0,6.0,1.0,2.0,4.0,-1.0,8.0,-4.0,12.0,-6.0,15.0,-8.0,18.0,-9.0,22.0,-9.0,24.0,-9.0,26.0,-8.0,26.0,-7.0,26.0,-6.0,25.0,-6.0,22.0,-5.0,19.0,-5.0,15.0,-4.0,10.0,-5.0,5.0,-6.0,0.0,-8.0,-6.0,-9.0,-10.0,-12.0,-14.0
4.5542,122.0,-96.0,7.0,0.0,0.0,0.0,0.0,0.0,0.0,0.0,0.0,0.0,-22.0,-2.0,-24.0,-1.0,-24.0,0.0,-24.0,0.0,-22.0,0.0,-20.0,0.0,-17.0,0.0,-14.0,-1.0,-10.0,-2.0,-6.0,-4.0,-2.0,-5.0,2.0,-8.0,5.0,-11.0,8.0,-13.0,11.0,-16.0,13.0,-18.0,14.0,-20.0,14.0,-21.0,14.0,-22.0,13.0,-22.0,12.0,-21.0,10.0,-19.0,9.0,-16.0,7.0,-13.0,5.0,-9.0,5.0,-4.0
4.5678,122.0,-96.0,7.0,0.0,0.0,0.0,0.0,0.0,0.0,0.0,0.0,0.0,10.0,-3.0,10.0,-3.0,10.0,-3.0,11.0,-4.0,10.0,-3.0,11.0,-3.0,11.0,-4.0,11.0,-4.0,11.0,-4.0,11.0,-4.0,11.0,-4.0,11.0,-4.0,11.0,-4.0,12.0,-4.0,12.0,-4.0,11.0,-4.0,12.0,-5.0,12.0,-4.0,11.0,-4.0,11.0,-4.0,12.0,-4.0,12.0,-5.0,12.0,-5.0,12.0,-5.0,12.0,-5.0,12.0,-5.0
4.5813,122.0,-96.0,7.0,0.0,0.0,0.0,0.0,0.0,0.0,0.0,0.0,0.0,-19.0,14.0,-17.0,12.0,-15.0,11.0,-12.0,8.0,-9.0,5.0,-7.0,0.0,-5.0,-4.0,-4.0,-9.0,-3.0,-13.0,-2.0,-17.0,-1.0,-21.0,-1.0,-24.0,-2.0,-27.0,-3.0,-28.0,-4.0,-29.0,-5.0,-28.0,-5.0,-26.0,-5.0,-23.0,-4.0,-20.0,-3.0,-16.0,-1.0,-12.0,2.0,-7.0,5.0,-3.0,8.0,1.0,12.0,5.0,16.0,7.0
4.5966,122.0,-96.0,7.0,0.0,0.0,0.0,0.0,0.0,0.0,0.0,0.0,0.0,10.0,-5.0,6.0,-1.0,4.0,4.0,1.0,8.0,0.0,13.0,-1.0,18.0,-2.0,22.0,-2.0,25.0,-1.0,28.0,-1.0,30.0,1.0,30.0,2.0,29.0,2.0,28.0,3.0,26.0,2.0,22.0,2.0,17.0,0.0,13.0,-3.0,8.0,-6.0,3.0,-9.0,-1.0,-13.0,-6.0,-17.0,-9.0,-22.0,-11.0,-25.0,-12.0,-28.0,-13.0,-29.0,-13.0
4.6106,122.0,-96.0,7.0,0.0,0.0,0.0,0.0,0.0,0.0,0.0,0.0,0.0,11.0,-2.0,11.0,-2.0,11.0,-2.0,11.0,-2.0,12.0,-2.0,12.0,-3.0,12.0,-3.0,12.0,-3.0,12.0,-2.0,12.0,-3.0,12.0,-3.0,12.0,-2.0,13.0,-3.0,12.0,-3.0,12.0,-3.0,13.0,-3.0,12.0,-4.0,12.0,-4.0,13.0,-4.0,13.0,-3.0,13.0,-4.0,13.0,-4.0,12.0,-4.0,13.0,-5.0,13.0,-4.0,13.0,-5.0
4.6261,122.0,-96.0,7.0,0.0,0.0,0.0,0.0,0.0,0.0,0.0,0.0,0.0,-13.0,-23.0,-12.0,-21.0,-10.0,-18.0,-8.0,-15.0,-4.0,-11.0,-1.0,-8.0,4.0,-5.0,9.0,-2.0,14.0,0.0,18.0,2.0,22.0,3.0,25.0,3.0,29.0,3.0,30.0,2.0,31.0,1.0,30.0,0.0,28.0,-1.0,26.0,-1.0,21.0,-1.0,17.0,0.0,12.0,1.0,6.0,3.0,1.0,6.0,-4.0,8.0,-9.0,11.0,-13.0,16.0
4.639,122.0,-96.0,7.0,0.0,0.0,0.0,0.0,0.0,0.0,0.0,0.0,0.0,18.0,-12.0,18.0,-14.0,18.0,-14.0,18.0,-14.0,17.0,-14.0,15.0,-13.0,13.0,-11.0,11.0,-9.0,8.0,-6.0,6.0,-2.0,4.0,2.0,2.0,6.0,1.0,11.0,0.0,14.0,-1.0,18.0,-1.0,21.0,-1.0,23.0,0.0,25.0,1.0,26.0,2.0,25.0,2.0,24.0,2.0,21.0,2.0,19.0,1.0,15.0,0.0,11.0,-2.0,7.0
4.6525,98.0,33.0,22.0,0.0,0.0,0.0,0.0,0.0,0.0,0.0,0.0,0.0,9.0,6.0,8.0,1.0,8.0,-4.0,9.0,-10.0,9.0,-14.0,9.0,-18.0,9.0,-21.0,8.0,-24.0,8.0,-26.0,6.0,-26.0,4.0,-27.0,3.0,-25.0,0.0,-24.0,-1.0,-20.0,-3.0,-17.0,-4.0,-12.0,-4.0,-7.0,-4.0,-1.0,-2.0,6.0,-1.0,10.0,2.0,17.0,4.0,22.0,8.0,26.0,11.0,29.0,12.0,32.0,14.0,32.0
4.6684,122.0,-96.0,7.0,0.0,0.0,0.0,0.0,0.0,0.0,0.0,0.0,0.0,-15.0,21.0,-14.0,19.0,-12.0,16.0,-10.0,12.0,-8.0,8.0,-7.0,3.0,-7.0,-3.0,-6.0,-8.0,-7.0,-13.0,-8.0,-18.0,-8.0,-22.0,-10.0,-25.0,-11.0,-27.0,-13.0,-29.0,-14.0,-29.0,-14.0,-28.0,-14.0,-26.0,-13.0,-23.0,-12.0,-19.0,-9.0,-16.0,-5.0,-12.0,-1.0,-9.0,4.0,-5.0,9.0,-2.0,14.0,1.0,20.0,2.0
4.6831,122.0,-96.0,7.0,0.0,0.0,0.0,0.0,0.0,0.0,0.0,0.0,0.0,10.0,-7.0,10.0,-8.0,10.0,-8.0,11.0,-8.0,11.0,-8.0,11.0,-8.0,11.0,-8.0,11.0,-8.0,11.0,-8.0,11.0,-9.0,11.0,-9.0,11.0,-9.0,11.0,-9.0,11.0,-9.0,11.0,-9.0,12.0,-9.0,12.0,-9.0,11.0,-10.0,11.0,-9.0,11.0,-9.0,11.0,-10.0,12.0,-9.0,11.0,-10.0,11.0,-10.0,11.0,-10.0,11.0,-11.0
4.6985,122.0,-96.0,7.0,0.0,0.0,0.0,0.0,0.0,0.0,0.0,0.0,0.0,-12.0,-3.0,-12.0,-3.0,-12.0,-3.0,-12.0,-3.0,-12.0,-3.0,-13.0,-3.0,-13.0,-3.0,-13.0,-3.0,-13.0,-3.0,-13.0,-3.0,-13.0,-3.0,-13.0,-3.0,-13.0,-3.0,-14.0,-3.0,-14.0,-3.0,-14.0,-2.0,-13.0,-2.0,-14.0,-2.0,-14.0,-3.0,-14.0,-2.0,-14.0,-2.0,-14.0,-2.0,-14.0,-2.0,-14.0,-2.0,-14.0,-2.0,-14.0,-2.0
4.7128,122.0,-96.0,7.0,0.0,0.0,0.0,0.0,0.0,0.0,0.0,0.0,0.0,-21.0,-16.0,-19.0,-14.0,-16.0,-12.0,-13.0,-11.0,-9.0,-9.0,-4.0,-8.0,2.0,-7.0,7.0,-6.0,12.0,-6.0,17.0,-7.0,21.0,-8.0,24.0,-9.0,27.0,-10.0,28.0,-12.0,28.0,-13.0,27.0,-14.0,25.0,-13.0,22.0,-13.0,19.0,-11.0,15.0,-8.0,12.0,-5.0,7.0,-1.0,4.0,5.0,1.0,10.0,-2.0,14.0,-3.0,20.0
4.726,122.0,-96.0,7.0,0.0,0.0,0.0,0.0,0.0,0.0,0.0,0.0,0.0,-11.0,5.0,-15.0,7.0,-18.0,8.0,-20.0,9.0,-23.0,11.0,-24.0,12.0,-24.0,13.0,-23.0,14.0,-21.0,13.0,-19.0,12.0,-17.0,9.0,-14.0,6.0,-11.0,4.0,-8.0,0.0,-5.0,-4.0,-2.0,-9.0,-1.0,-14.0,1.0,-18.0,1.0,-22.0,1.0,-26.0,0.0,-28.0,0.0,-29.0,-1.0,-30.0,-1.0,-29.0,-2.0,-28.0,-3.0,-25.0
4.7392,122.0,-96.0,7.0,0.0,0.0,0.0,0.0,0.0,0.0,0.0,0.0,0.0,10.0,1.0,5.0,3.0,1.0,5.0,-4.0,8.0,-8.0,12.0,-11.0,16.0,-13.0,19.0,-15.0,22.0,-16.0,25.0,-16.0,26.0,-15.0,27.0,-13.0,26.0,-12.0,24.0,-10.0,23.0,-9.0,18.0,-7.0,14.0,-7.0,9.0,-7.0,3.0,-7.0,-3.0,-8.0,-8.0,-10.0,-14.0,-12.0,-18.0,-14.0,-22.0,-17.0,-24.0,-19.0,-26.0,-20.0,-26.0
4.7556,122.0,-96.0,7.0,0.0,0.0,0.0,0.0,0.0,0.0,0.0,0.0,0.0,-4.0,-14.0,-3.0,-13.0,-3.0,-13.0,-3.0,-14.0,-3.0,-13.0,-4.0,-14.0,-3.0,-13.0,-4.0,-13.0,-5.0,-14.0,-4.0,-14.0,-5.0,-14.0,-4.0,-14.0,-4.0,-14.0,-4.0,-14.0,-5.0,-14.0,-5.0,-15.0,-5.0,-14.0,-6.0,-15.0,-6.0,-14.0,-6.0,-14.0,-5.0,-15.0,-6.0,-15.0,-7.0,-14.0,-6.0,-15.0,-5.0,-15.0,-6.0,-15.0
4.7696,122.0,-96.0,7.0,0.0,0.0,0.0,0.0,0.0,0.0,0.0,0.0,0.0,-2.0,-24.0,-3.0,-26.0,-4.0,-26.0,-4.0,-26.0,-4.0,-24.0,-4.0,-22.0,-3.0,-19.0,-2.0,-15.0,-1.0,-12.0,2.0,-7.0,5.0,-3.0,8.0,1.0,12.0,5.0,15.0,8.0,18.0,10.0,20.0,12.0,23.0,12.0,24.0,13.0,25.0,12.0,25.0,11.0,24.0,11.0,21.0,9.0,19.0,7.0,14.0,6.0,9.0,5.0,4.0,5.0
4.7832,122.0,-96.0,7.0,0.0,0.0,0.0,0.0,0.0,0.0,0.0,0.0,0.0,-11.0,-5.0,-5.0,-5.0,0.0,-7.0,5.0,-8.0,10.0,-11.0,13.0,-14.0,16.0,-16.0,19.0,-19.0,20.0,-21.0,21.0,-23.0,20.0,-23.0,19.0,-23.0,17.0,-22.0,14.0,-20.0,12.0,-17.0,9.0,-13.0,8.0,-8.0,6.0,-3.0,6.0,3.0,5.0,9.0,6.0,14.0,7.0,20.0,8.0,24.0,10.0,26.0,12.0,29.0,13.0,28.0
4.7878,98.0,33.0,22.0,0.0,0.0,0.0,0.0,0.0,0.0,0.0,0.0,0.0,-18.0,-2.0,-20.0,1.0,-23.0,3.0,-26.0,5.0,-26.0,7.0,-27.0,7.0,-26.0,7.0,-26.0,10.0,-22.0,9.0,-18.0,9.0,-13.0,8.0,-9.0,7.0,-4.0,7.0,2.0,3.0,6.0,1.0,11.0,-3.0,13.0,-7.0,17.0,-10.0,19.0,-16.0,20.0,-20.0,22.0,-22.0,21.0,-24.0,20.0,-26.0,19.0,-26.0,16.0,-24.0,14.0,-22.0
4.8017,122.0,-96.0,7.0,0.0,0.0,0.0,0.0,0.0,0.0,0.0,0.0,0.0,10.0,-3.0,6.0,0.0,3.0,4.0,1.0,9.0,-2.0,13.0,-3.0,18.0,-4.0,22.0,-5.0,25.0,-5.0,28.0,-3.0,29.0,-3.0,30.0,-1.0,29.0,0.0,27.0,1.0,25.0,0.0,21.0,-1.0,16.0,-2.0,12.0,-4.0,7.0,-7.0,2.0,-10.0,-3.0,-14.0,-7.0,-18.0,-11.0,-21.0,-13.0,-25.0,-14.0,-27.0,-15.0,-29.0,-15.0
4.818,122.0,-96.0,7.0,0.0,0.0,0.0,0.0,0.0,0.0,0.0,0.0,0.0,-22.0,8.0,-20.0,7.0,-18.0,6.0,-14.0,4.0,-11.0,2.0,-8.0,-1.0,-5.0,-5.0,-1.0,-9.0,1.0,-13.0,3.0,-17.0,5.0,-20.0,6.0,-23.0,6.0,-25.0,5.0,-27.0,4.0,-28.0,4.0,-28.0,3.0,-27.0,2.0,-24.0,1.0,-21.0,1.0,-17.0,2.0,-13.0,3.0,-8.0,5.0,-3.0,7.0,2.0,8.0,7.0,12.0,11.0
4.8318,122.0,-96.0,7.0,0.0,0.0,0.0,0.0,0.0,0.0,0.0,0.0,0.0,-27.0,3.0,-29.0,5.0,-28.0,5.0,-28.0,5.0,-26.0,6.0,-25.0,5.0,-21.0,5.0,-18.0,3.0,-13.0,1.0,-9.0,-2.0,-4.0,-5.0,0.0,-9.0,3.0,-14.0,7.0,-17.0,9.0,-21.0,10.0,-24.0,12.0,-28.0,12.0,-29.0,11.0,-31.0,10.0,-30.0,10.0,-29.0,7.0,-27.0,6.0,-23.0,5.0,-19.0,5.0,-14.0,5.0,-9.0
4.8453,122.0,-96.0,7.0,0.0,0.0,0.0,0.0,0.0,0.0,0.0,0.0,0.0,-9.0,19.0,-9.0,21.0,-9.0,21.0,-8.0,21.0,-7.0,20.0,-7.0,18.0,-6.0,15.0,-5.0,12.0,-5.0,8.0,-6.0,4.0,-6.0,0.0,-7.0,-5.0,-8.0,-9.0,-10.0,-13.0,-12.0,-16.0,-13.0,-18.0,-15.0,-20.0,-15.0,-21.0,-17.0,-21.0,-17.0,-20.0,-16.0,-19.0,-14.0,-16.0,-13.0,-14.0,-10.0,-11.0,-7.0,-8.0,-3.0,-6.0
4.8591,122.0,-96.0,7.0,0.0,0.0,0.0,0.0,0.0,0.0,0.0,0.0,0.0,-12.0,0.0,-7.0,-2.0,-3.0,-6.0,0.0,-9.0,3.0,-14.0,6.0,-18.0,7.0,-22.0,8.0,-25.0,8.0,-28.0,8.0,-29.0,7.0,-30.0,6.0,-30.0,4.0,-28.0,3.0,-26.0,3.0,-22.0,3.0,-17.0,3.0,-12.0,4.0,-7.0,6.0,-1.0,8.0,4.0,11.0,9.0,14.0,13.0,18.0,16.0,21.0,17.0,23.0,19.0,25.0,19.0
4.8733,122.0,-96.0,7.0,0.0,0.0,0.0,0.0,0.0,0.0,0.0,0.0,0.0,14.0,-1.0,19.0,0.0,24.0,0.0,28.0,1.0,31.0,0.0,33.0,-1.0,33.0,-2.0,33.0,-3.0,31.0,-4.0,27.0,-3.0,23.0,-2.0,19.0,-1.0,14.0,1.0,8.0,3.0,2.0,6.0,-3.0,10.0,-8.0,14.0,-12.0,18.0,-15.0,23.0,-17.0,26.0,-18.0,29.0,-18.0,31.0,-18.0,32.0,-16.0,31.0,-14.0,30.0,-13.0,27.0
4.888,122.0,-96.0,7.0,0.0,0.0,0.0,0.0,0.0,0.0,0.0,0.0,0.0,10.0,-3.0,11.0,-3.0,11.0,-3.0,11.0,-3.0,11.0,-3.0,12.0,-3.0,12.0,-3.0,12.0,-4.0,12.0,-3.0,11.0,-3.0,12.0,-4.0,12.0,-3.0,12.0,-4.0,12.0,-4.0,12.0,-4.0,12.0,-4.0,13.0,-5.0,12.0,-4.0,12.0,-5.0,12.0,-5.0,12.0,-5.0,12.0,-5.0,12.0,-5.0,13.0,-5.0,12.0,-5.0,13.0,-6.0
4.902,122.0,-96.0,7.0,0.0,0.0,0.0,0.0,0.0,0.0,0.0,0.0,0.0,1.0,-11.0,3.0,-7.0,5.0,-2.0,8.0,1.0,12.0,6.0,16.0,8.0,19.0,10.0,22.0,12.0,25.0,13.0,26.0,13.0,27.0,13.0,27.0,12.0,25.0,10.0,24.0,8.0,20.0,7.0,15.0,6.0,10.0,5.0,5.0,5.0,-1.0,7.0,-6.0,7.0,-12.0,9.0,-16.0,12.0,-20.0,14.0,-23.0,16.0,-24.0,18.0,-25.0,20.0
4.9063,98.0,33.0,22.0,0.0,0.0,0.0,0.0,0.0,0.0,0.0,0.0,0.0,23.0,1.0,24.0,-1.0,25.0,-1.0,22.0,1.0,22.0,-1.0,17.0,-3.0,15.0,-5.0,10.0,-5.0,4.0,-6.0,1.0,-7.0,-4.0,-7.0,-9.0,-6.0,-16.0,-6.0,-19.0,-5.0,-21.0,-3.0,-25.0,-1.0,-26.0,1.0,-28.0,3.0,-28.0,5.0,-26.0,8.0,-23.0,7.0,-20.0,6.0,-16.0,5.0,-11.0,4.0,-6.0,2.0,-1.0,-4.0
4.9209,122.0,-96.0,7.0,0.0,0.0,0.0,0.0,0.0,0.0,0.0,0.0,0.0,-5.0,12.0,-7.0,16.0,-9.0,20.0,-10.0,22.0,-11.0,25.0,-11.0,27.0,-10.0,28.0,-9.0,28.0,-8.0,26.0,-7.0,23.0,-7.0,19.0,-6.0,14.0,-6.0,9.0,-6.0,4.0,-7.0,-2.0,-9.0,-7.0,-11.0,-13.0,-13.0,-17.0,-16.0,-21.0,-18.0,-24.0,-20.0,-25.0,-21.0,-25.0,-22.0,-25.0,-22.0,-23.0,-21.0,-21.0,-19.0,-19.0
4.9361,122.0,-96.0,7.0,0.0,0.0,0.0,0.0,0.0,0.0,0.0,0.0,0.0,-11.0,3.0,-11.0,3.0,-12.0,3.0,-13.0,3.0,-12.0,2.0,-13.0,3.0,-12.0,3.0,-12.0,4.0,-12.0,3.0,-13.0,4.0,-13.0,3.0,-13.0,3.0,-13.0,4.0,-14.0,3.0,-13.0,4.0,-13.0,4.0,-13.0,4.0,-13.0,4.0,-13.0,5.0,-13.0,5.0,-13.0,5.0,-13.0,5.0,-13.0,5.0,-14.0,4.0,-13.0,5.0,-13.0,5.0
4.9503,122.0,-96.0,7.0,0.0,0.0,0.0,0.0,0.0,0.0,0.0,0.0,0.0,22.0,-15.0,23.0,-17.0,23.0,-18.0,22.0,-18.0,20.0,-17.0,18.0,-16.0,16.0,-14.0,13.0,-11.0,10.0,-7.0,8.0,-2.0,5.0,3.0,3.0,9.0,1.0,14.0,0.0,19.0,0.0,23.0,0.0,26.0,0.0,29.0,1.0,31.0,2.0,31.0,3.0,30.0,3.0,29.0,3.0,26.0,3.0,22.0,2.0,17.0,0.0,12.0,-3.0,7.0
4.9639,122.0,-96.0,7.0,0.0,0.0,0.0,0.0,0.0,0.0,0.0,0.0,0.0,1.0,-14.0,1.0,-15.0,2.0,-15.0,1.0,-16.0,1.0,-15.0,1.0,-16.0,1.0,-16.0,1.0,-16.0,1.0,-16.0,1.0,-16.0,1.0,-17.0,1.0,-17.0,1.0,-16.0,1.0,-17.0,1.0,-17.0,1.0,-17.0,1.0,-18.0,1.0,-17.0,1.0,-18.0,0.0,-18.0,0.0,-18.0,0.0,-18.0,0.0,-17.0,0.0,-18.0,0.0,-18.0,-1.0,-18.0
4.9805,122.0,-96.0,7.0,0.0,0.0,0.0,0.0,0.0,0.0,0.0,0.0,0.0,2.0,-12.0,4.0,-16.0,5.0,-19.0,6.0,-22.0,6.0,-24.0,6.0,-26.0,6.0,-27.0,5.0,-27.0,4.0,-25.0,4.0,-23.0,3.0,-19.0,4.0,-15.0,3.0,-11.0,4.0,-6.0,5.0,-1.0,7.0,4.0,9.0,8.0,12.0,12.0,14.0,15.0,16.0,18.0,19.0,19.0,20.0,20.0,21.0,20.0,21.0,18.0,21.0,16.0,18.0,14.0
4.9975,122.0,-96.0,7.0,0.0,0.0,0.0,0.0,0.0,0.0,0.0,0.0,0.0,-10.0,-11.0,-11.0,-10.0,-10.0,-10.0,-11.0,-11.0,-11.0,-10.0,-12.0,-11.0,-12.0,-11.0,-12.0,-11.0,-12.0,-11.0,-12.0,-11.0,-13.0,-11.0,-12.0,-11.0,-12.0,-11.0,-12.0,-11.0,-13.0,-10.0,-13.0,-11.0,-13.0,-11.0,-14.0,-11.0,-14.0,-11.0,-14.0,-11.0,-14.0,-11.0,-13.0,-11.0,-14.0,-11.0,-14.0,-11.0,-14.0,-11.0,-14.0,-11.0
5.0112,122.0,-96.0,7.0,0.0,0.0,0.0,0.0,0.0,0.0,0.0,0.0,0.0,23.0,-4.0,24.0,-5.0,25.0,-6.0,24.0,-6.0,23.0,-6.0,21.0,-6.0,18.0,-5.0,15.0,-3.0,11.0,-2.0,7.0,1.0,3.0,4.0,0.0,7.0,-4.0,11.0,-7.0,15.0,-9.0,18.0,-10.0,21.0,-11.0,23.0,-12.0,25.0,-11.0,26.0,-11.0,26.0,-10.0,25.0,-9.0,23.0,-7.0,20.0,-6.0,16.0,-5.0,11.0,-5.0,7.0
