time,sc_0,sc_1,sc_2,sc_3,sc_4,sc_5,sc_6,sc_7,sc_8,sc_9,sc_10,sc_11,sc_12,sc_13,sc_14,sc_15,sc_16,sc_17,sc_18,sc_19,sc_20,sc_21,sc_22,sc_23,sc_24,sc_25,sc_26,sc_27,sc_28,sc_29,sc_30,sc_31,sc_32,sc_33,sc_34,sc_35,sc_36,sc_37,sc_38,sc_39,sc_40,sc_41,sc_42,sc_43,sc_44,sc_45,sc_46,sc_47,sc_48,sc_49,sc_50,sc_51,sc_52,sc_53,sc_54,sc_55,sc_56,sc_57,sc_58,sc_59,sc_60,sc_61,sc_62,sc_63
0.0101,122.0,-96.0,7.0,0.0,0.0,0.0,0.0,0.0,0.0,0.0,0.0,0.0,8.0,-22.0,7.0,-20.0,6.0,-18.0,5.0,-14.0,5.0,-11.0,5.0,-6.0,5.0,-2.0,6.0,3.0,8.0,7.0,9.0,12.0,11.0,14.0,12.0,17.0,15.0,19.0,16.0,20.0,18.0,20.0,18.0,19.0,17.0,18.0,16.0,17.0,14.0,14.0,11.0,11.0,8.0,9.0,4.0,7.0,-1.0,6.0,-6.0,4.0,-11.0,3.0,-16.0,3.0
0.0172,122.0,-96.0,7.0,0.0,0.0,0.0,0.0,0.0,0.0,0.0,0.0,0.0,10.0,-4.0,10.0,-4.0,10.0,-4.0,10.0,-4.0,10.0,-4.0,11.0,-4.0,11.0,-4.0,11.0,-4.0,11.0,-4.0,11.0,-5.0,11.0,-5.0,11.0,-5.0,11.0,-5.0,11.0,-5.0,11.0,-5.0,12.0,-5.0,12.0,-5.0,11.0,-5.0,12.0,-5.0,12.0,-5.0,12.0,-6.0,12.0,-6.0,11.0,-6.0,12.0,-6.0,12.0,-6.0,12.0,-6.0
0.0241,122.0,-96.0,7.0,0.0,0.0,0.0,0.0,0.0,0.0,0.0,0.0,0.0,-20.0,11.0,-21.0,13.0,-21.0,14.0,-20.0,14.0,-19.0,13.0,-18.0,12.0,-15.0,11.0,-13.0,8.0,-10.0,5.0,-8.0,0.0,-5.0,-4.0,-4.0,-9.0,-3.0,-14.0,-2.0,-17.0,-2.0,-21.0,-1.0,-24.0,-2.0,-27.0,-3.0,-28.0,-4.0,-28.0,-5.0,-28.0,-4.0,-26.0,-5.0,-23.0,-4.0,-19.0,-2.0,-15.0,-1.0,-11.0,2.0,-7.0
0.0303,122.0,-96.0,7.0,0.0,0.0,0.0,0.0,0.0,0.0,0.0,0.0,0.0,-7.0,27.0,-6.0,24.0,-6.0,22.0,-5.0,16.0,-6.0,12.0,-6.0,6.0,-8.0,0.0,-10.0,-5.0,-13.0,-10.0,-16.0,-14.0,-19.0,-18.0,-21.0,-20.0,-24.0,-22.0,-27.0,-22.0,-27.0,-22.0,-28.0,-20.0,-26.0,-18.0,-24.0,-16.0,-20.0,-13.0,-15.0,-12.0,-10.0,-10.0,-4.0,-9.0,3.0,-8.0,9.0,-8.0,15.0,-8.0,20.0,-10.0
0.0515,122.0,-96.0,7.0,0.0,0.0,0.0,0.0,0.0,0.0,0.0,0.0,0.0,12.0,-5.0,12.0,-5.0,12.0,-5.0,13.0,-5.0,13.0,-5.0,13.0,-6.0,13.0,-6.0,14.0,-6.0,13.0,-6.0,13.0,-6.0,14.0,-6.0,14.0,-6.0,14.0,-6.0,14.0,-6.0,14.0,-7.0,14.0,-6.0,15.0,-7.0,14.0,-7.0,14.0,-7.0,14.0,-7.0,15.0,-7.0,14.0,-7.0,14.0,-8.0,15.0,-8.0,15.0,-8.0,15.0,-8.0
0.0637,122.0,-96.0,7.0,0.0,0.0,0.0,0.0,0.0,0.0,0.0,0.0,0.0,-11.0,20.0,-11.0,22.0,-11.0,22.0,-10.0,22.0,-9.0,21.0,-9.0,20.0,-7.0,17.0,-7.0,13.0,-6.0,9.0,-7.0,4.0,-6.0,-1.0,-7.0,-6.0,-9.0,-11.0,-10.0,-15.0,-12.0,-19.0,-13.0,-21.0,-15.0,-23.0,-16.0,-24.0,-17.0,-24.0,-17.0,-22.0,-16.0,-21.0,-15.0,-18.0,-13.0,-16.0,-9.0,-12.0,-5.0,-9.0,-1.0,-7.0
0.0765,122.0,-96.0,7.0,0.0,0.0,0.0,0.0,0.0,0.0,0.0,0.0,0.0,3.0,12.0,4.0,12.0,4.0,13.0,4.0,13.0,4.0,13.0,4.0,14.0,4.0,13.0,5.0,14.0,4.0,14.0,4.0,14.0,4.0,14.0,4.0,14.0,4.0,14.0,5.0,14.0,5.0,14.0,5.0,14.0,5.0,14.0,5.0,14.0,5.0,14.0,5.0,14.0,6.0,15.0,6.0,14.0,7.0,15.0,6.0,15.0,6.0,15.0,7.0,14.0
0.0909,122.0,-96.0,7.0,0.0,0.0,0.0,0.0,0.0,0.0,0.0,0.0,0.0,-1.0,-14.0,-2.0,-14.0,-2.0,-14.0,-2.0,-15.0,-2.0,-15.0,-2.0,-15.0,-2.0,-15.0,-2.0,-15.0,-2.0,-15.0,-2.0,-15.0,-2.0,-16.0,-2.0,-16.0,-2.0,-16.0,-3.0,-16.0,-3.0,-16.0,-3.0,-16.0,-3.0,-17.0,-3.0,-16.0,-3.0,-17.0,-4.0,-17.0,-3.0,-17.0,-4.0,-17.0,-4.0,-16.0,-4.0,-17.0,-4.0,-17.0,-5.0,-17.0
0.1057,122.0,-96.0,7.0,0.0,0.0,0.0,0.0,0.0,0.0,0.0,0.0,0.0,-27.0,11.0,-24.0,9.0,-21.0,8.0,-17.0,5.0,-13.0,3.0,-9.0,-2.0,-5.0,-7.0,-2.0,-11.0,1.0,-17.0,3.0,-22.0,4.0,-25.0,5.0,-29.0,4.0,-33.0,3.0,-35.0,2.0,-35.0,1.0,-35.0,0.0,-32.0,0.0,-29.0,0.0,-24.0,1.0,-19.0,2.0,-13.0,4.0,-7.0,8.0,-2.0,11.0,4.0,14.0,9.0,19.0,13.0
0.1208,122.0,-96.0,7.0,0.0,0.0,0.0,0.0,0.0,0.0,0.0,0.0,0.0,16.0,13.0,18.0,13.0,18.0,13.0,18.0,12.0,17.0,11.0,16.0,10.0,13.0,8.0,10.0,7.0,7.0,6.0,2.0,6.0,-2.0,4.0,-7.0,5.0,-11.0,5.0,-15.0,5.0,-18.0,7.0,-21.0,7.0,-22.0,8.0,-24.0,9.0,-23.0,10.0,-23.0,11.0,-21.0,11.0,-19.0,10.0,-16.0,8.0,-12.0,5.0,-9.0,2.0,-6.0,-1.0
0.1356,122.0,-96.0,7.0,0.0,0.0,0.0,0.0,0.0,0.0,0.0,0.0,0.0,-12.0,0.0,-12.0,1.0,-12.0,0.0,-13.0,1.0,-13.0,1.0,-14.0,1.0,-13.0,0.0,-13.0,1.0,-13.0,1.0,-14.0,1.0,-14.0,1.0,-14.0,1.0,-14.0,1.0,-14.0,2.0,-14.0,1.0,-14.0,1.0,-15.0,1.0,-14.0,1.0,-14.0,1.0,-15.0,1.0,-15.0,1.0,-14.0,1.0,-15.0,1.0,-15.0,2.0,-15.0,1.0,-15.0,2.0
0.1486,122.0,-96.0,7.0,0.0,0.0,0.0,0.0,0.0,0.0,0.0,0.0,0.0,3.0,-11.0,4.0,-6.0,5.0,-1.0,8.0,3.0,11.0,7.0,14.0,11.0,17.0,14.0,19.0,16.0,22.0,17.0,23.0,17.0,24.0,17.0,24.0,15.0,23.0,14.0,21.0,12.0,18.0,10.0,14.0,8.0,9.0,7.0,3.0,6.0,-3.0,6.0,-9.0,6.0,-14.0,8.0,-19.0,9.0,-22.0,12.0,-25.0,14.0,-27.0,16.0,-27.0,17.0
0.1634,122.0,-96.0,7.0,0.0,0.0,0.0,0.0,0.0,0.0,0.0,0.0,0.0,-10.0,4.0,-10.0,5.0,-10.0,4.0,-10.0,5.0,-10.0,5.0,-11.0,5.0,-11.0,5.0,-11.0,6.0,-11.0,6.0,-11.0,6.0,-12.0,5.0,-11.0,5.0,-12.0,6.0,-12.0,6.0,-11.0,6.0,-11.0,6.0,-11.0,6.0,-11.0,7.0,-11.0,6.0,-11.0,7.0,-11.0,6.0,-11.0,7.0,-11.0,8.0,-11.0,7.0,-11.0,7.0,-11.0,7.0
0.1774,122.0,-96.0,7.0,0.0,0.0,0.0,0.0,0.0,0.0,0.0,0.0,0.0,22.0,7.0,24.0,7.0,24.0,7.0,24.0,6.0,23.0,5.0,21.0,5.0,18.0,4.0,14.0,4.0,10.0,4.0,5.0,5.0,0.0,5.0,-4.0,7.0,-9.0,9.0,-13.0,11.0,-16.0,13.0,-18.0,15.0,-20.0,17.0,-21.0,18.0,-21.0,19.0,-20.0,19.0,-19.0,19.0,-16.0,17.0,-14.0,15.0,-12.0,12.0,-9.0,7.0,-7.0,3.0
0.1912,122.0,-96.0,7.0,0.0,0.0,0.0,0.0,0.0,0.0,0.0,0.0,0.0,6.0,-23.0,6.0,-21.0,5.0,-18.0,4.0,-14.0,4.0,-11.0,4.0,-6.0,6.0,-1.0,6.0,3.0,9.0,8.0,11.0,12.0,12.0,15.0,14.0,17.0,17.0,19.0,19.0,19.0,20.0,19.0,20.0,18.0,19.0,16.0,18.0,14.0,15.0,12.0,12.0,10.0,8.0,8.0,3.0,6.0,-3.0,5.0,-8.0,4.0,-13.0,4.0,-18.0,5.0
0.2049,122.0,-96.0,7.0,0.0,0.0,0.0,0.0,0.0,0.0,0.0,0.0,0.0,4.0,12.0,4.0,12.0,4.0,13.0,5.0,12.0,4.0,13.0,5.0,13.0,5.0,13.0,5.0,13.0,5.0,13.0,5.0,14.0,5.0,14.0,5.0,14.0,5.0,14.0,5.0,14.0,6.0,14.0,6.0,14.0,6.0,14.0,6.0,14.0,6.0,14.0,6.0,14.0,7.0,14.0,7.0,14.0,7.0,14.0,7.0,15.0,7.0,14.0,7.0,14.0
0.2194,122.0,-96.0,7.0,0.0,0.0,0.0,0.0,0.0,0.0,0.0,0.0,0.0,-2.0,23.0,-1.0,25.0,-1.0,25.0,0.0,25.0,1.0,23.0,0.0,22.0,0.0,19.0,-1.0,15.0,-1.0,11.0,-4.0,6.0,-6.0,2.0,-9.0,-3.0,-12.0,-6.0,-15.0,-10.0,-18.0,-12.0,-20.0,-14.0,-23.0,-15.0,-24.0,-16.0,-25.0,-16.0,-25.0,-14.0,-24.0,-13.0,-22.0,-12.0,-19.0,-10.0,-15.0,-8.0,-10.0,-7.0,-5.0,-6.0
0.2343,122.0,-96.0,7.0,0.0,0.0,0.0,0.0,0.0,0.0,0.0,0.0,0.0,4.0,-11.0,7.0,-14.0,9.0,-17.0,10.0,-19.0,11.0,-22.0,11.0,-24.0,11.0,-25.0,10.0,-25.0,9.0,-24.0,8.0,-22.0,7.0,-19.0,7.0,-15.0,5.0,-11.0,5.0,-6.0,5.0,-2.0,6.0,3.0,7.0,8.0,9.0,13.0,11.0,17.0,12.0,19.0,14.0,21.0,16.0,22.0,17.0,23.0,17.0,22.0,18.0,20.0,16.0,18.0
0.2492,122.0,-96.0,7.0,0.0,0.0,0.0,0.0,0.0,0.0,0.0,0.0,0.0,19.0,-9.0,20.0,-11.0,20.0,-11.0,20.0,-12.0,18.0,-11.0,17.0,-11.0,15.0,-9.0,12.0,-7.0,9.0,-5.0,7.0,-1.0,4.0,2.0,2.0,6.0,0.0,10.0,-1.0,14.0,-3.0,17.0,-3.0,20.0,-3.0,23.0,-3.0,24.0,-3.0,25.0,-2.0,25.0,-2.0,24.0,-1.0,22.0,0.0,19.0,-1.0,15.0,-1.0,11.0,-2.0,7.0
0.2629,122.0,-96.0,7.0,0.0,0.0,0.0,0.0,0.0,0.0,0.0,0.0,0.0,7.0,-8.0,7.0,-8.0,8.0,-8.0,8.0,-8.0,7.0,-8.0,8.0,-9.0,8.0,-9.0,8.0,-9.0,7.0,-9.0,8.0,-9.0,8.0,-9.0,9.0,-9.0,9.0,-9.0,8.0,-10.0,8.0,-10.0,8.0,-9.0,8.0,-9.0,8.0,-10.0,8.0,-10.0,8.0,-10.0,9.0,-10.0,8.0,-10.0,8.0,-10.0,8.0,-10.0,9.0,-10.0,8.0,-11.0
0.2681,98.0,33.0,22.0,0.0,0.0,0.0,0.0,0.0,0.0,0.0,0.0,0.0,-16.0,-8.0,-19.0,-7.0,-22.0,-7.0,-24.0,-7.0,-25.0,-6.0,-26.0,-6.0,-25.0,-5.0,-24.0,-3.0,-21.0,-2.0,-18.0,0.0,-15.0,1.0,-10.0,3.0,-5.0,4.0,-1.0,6.0,4.0,6.0,9.0,6.0,14.0,5.0,19.0,5.0,24.0,3.0,27.0,1.0,30.0,0.0,31.0,-1.0,30.0,-2.0,29.0,-3.0,25.0,-3.0,22.0,-3.0
0.2808,122.0,-96.0,7.0,0.0,0.0,0.0,0.0,0.0,0.0,0.0,0.0,0.0,-12.0,0.0,-8.0,-2.0,-4.0,-5.0,0.0,-9.0,3.0,-13.0,5.0,-17.0,7.0,-21.0,8.0,-24.0,9.0,-27.0,8.0,-29.0,7.0,-30.0,6.0,-29.0,5.0,-28.0,3.0,-27.0,3.0,-23.0,3.0,-19.0,3.0,-14.0,4.0,-9.0,6.0,-3.0,7.0,2.0,10.0,7.0,13.0,11.0,17.0,14.0,20.0,16.0,22.0,18.0,24.0,18.0
0.2979,122.0,-96.0,7.0,0.0,0.0,0.0,0.0,0.0,0.0,0.0,0.0,0.0,-5.0,-11.0,-1.0,-8.0,3.0,-5.0,8.0,-3.0,13.0,-1.0,18.0,0.0,21.0,0.0,25.0,0.0,28.0,-1.0,29.0,-1.0,30.0,-2.0,29.0,-3.0,27.0,-4.0,25.0,-5.0,21.0,-4.0,17.0,-3.0,12.0,-1.0,8.0,2.0,3.0,6.0,-2.0,9.0,-5.0,13.0,-8.0,18.0,-9.0,21.0,-10.0,25.0,-10.0,28.0,-10.0,29.0
0.3118,122.0,-96.0,7.0,0.0,0.0,0.0,0.0,0.0,0.0,0.0,0.0,0.0,-12.0,-3.0,-7.0,-4.0,-2.0,-6.0,2.0,-8.0,7.0,-12.0,10.0,-15.0,13.0,-17.0,15.0,-20.0,17.0,-23.0,17.0,-25.0,16.0,-26.0,15.0,-26.0,14.0,-25.0,12.0,-24.0,10.0,-21.0,9.0,-17.0,7.0,-12.0,7.0,-7.0,6.0,-1.0,6.0,5.0,7.0,10.0,9.0,15.0,11.0,20.0,13.0,22.0,15.0,25.0,16.0,26.0
0.3254,122.0,-96.0,7.0,0.0,0.0,0.0,0.0,0.0,0.0,0.0,0.0,0.0,-10.0,7.0,-14.0,9.0,-18.0,11.0,-21.0,13.0,-23.0,15.0,-24.0,17.0,-24.0,18.0,-23.0,19.0,-21.0,18.0,-19.0,17.0,-17.0,14.0,-14.0,11.0,-11.0,8.0,-9.0,3.0,-7.0,-2.0,-5.0,-7.0,-4.0,-13.0,-4.0,-18.0,-4.0,-23.0,-5.0,-27.0,-6.0,-30.0,-7.0,-31.0,-8.0,-32.0,-9.0,-31.0,-10.0,-29.0,-10.0,-27.0
0.34,122.0,-96.0,7.0,0.0,0.0,0.0,0.0,0.0,0.0,0.0,0.0,0.0,1.0,-12.0,3.0,-16.0,4.0,-19.0,5.0,-22.0,5.0,-24.0,5.0,-27.0,4.0,-27.0,3.0,-27.0,2.0,-26.0,2.0,-23.0,2.0,-20.0,2.0,-16.0,3.0,-12.0,4.0,-7.0,5.0,-2.0,8.0,3.0,10.0,7.0,12.0,11.0,16.0,14.0,18.0,16.0,21.0,17.0,22.0,17.0,23.0,16.0,23.0,16.0,23.0,14.0,20.0,12.0
0.3568,122.0,-96.0,7.0,0.0,0.0,0.0,0.0,0.0,0.0,0.0,0.0,0.0,-7.0,-12.0,-2.0,-9.0,3.0,-6.0,9.0,-4.0,14.0,-3.0,20.0,-3.0,24.0,-3.0,28.0,-3.0,31.0,-5.0,33.0,-5.0,33.0,-6.0,32.0,-7.0,30.0,-7.0,28.0,-8.0,24.0,-7.0,19.0,-5.0,14.0,-2.0,9.0,1.0,4.0,6.0,0.0,10.0,-4.0,15.0,-6.0,21.0,-9.0,25.0,-9.0,29.0,-9.0,32.0,-8.0,34.0
0.3707,122.0,-96.0,7.0,0.0,0.0,0.0,0.0,0.0,0.0,0.0,0.0,0.0,-4.0,12.0,-4.0,12.0,-4.0,13.0,-5.0,13.0,-4.0,14.0,-5.0,14.0,-5.0,14.0,-4.0,14.0,-5.0,14.0,-5.0,15.0,-5.0,14.0,-5.0,14.0,-5.0,14.0,-5.0,15.0,-4.0,15.0,-4.0,15.0,-4.0,15.0,-4.0,16.0,-4.0,15.0,-4.0,16.0,-3.0,16.0,-4.0,16.0,-3.0,16.0,-3.0,16.0,-4.0,16.0,-3.0,16.0
0.3747,98.0,33.0,22.0,0.0,0.0,0.0,0.0,0.0,0.0,0.0,0.0,0.0,17.0,-20.0,17.0,-19.0,17.0,-19.0,15.0,-17.0,13.0,-17.0,11.0,-15.0,7.0,-13.0,3.0,-10.0,-1.0,-8.0,-5.0,-5.0,-9.0,-2.0,-13.0,1.0,-16.0,5.0,-18.0,8.0,-20.0,11.0,-21.0,14.0,-21.0,17.0,-21.0,19.0,-19.0,20.0,-18.0,20.0,-15.0,20.0,-13.0,17.0,-10.0,13.0,-5.0,8.0,-2.0,3.0,1.0,-3.0
0.3903,122.0,-96.0,7.0,0.0,0.0,0.0,0.0,0.0,0.0,0.0,0.0,0.0,3.0,23.0,3.0,20.0,3.0,17.0,1.0,14.0,0.0,10.0,-3.0,6.0,-6.0,2.0,-9.0,-2.0,-13.0,-5.0,-17.0,-7.0,-19.0,-9.0,-22.0,-10.0,-25.0,-10.0,-26.0,-10.0,-27.0,-9.0,-27.0,-9.0,-25.0,-7.0,-22.0,-6.0,-19.0,-5.0,-15.0,-5.0,-10.0,-5.0,-5.0,-6.0,0.0,-7.0,5.0,-8.0,10.0,-10.0,14.0,-13.0
0.4036,122.0,-96.0,7.0,0.0,0.0,0.0,0.0,0.0,0.0,0.0,0.0,0.0,12.0,-1.0,7.0,2.0,3.0,5.0,-1.0,9.0,-5.0,14.0,-8.0,19.0,-10.0,22.0,-11.0,27.0,-11.0,30.0,-11.0,32.0,-11.0,32.0,-9.0,32.0,-8.0,30.0,-6.0,28.0,-5.0,23.0,-4.0,19.0,-5.0,13.0,-6.0,7.0,-8.0,1.0,-10.0,-5.0,-14.0,-10.0,-17.0,-14.0,-21.0,-19.0,-24.0,-21.0,-27.0,-22.0,-29.0,-22.0
0.4165,122.0,-96.0,7.0,0.0,0.0,0.0,0.0,0.0,0.0,0.0,0.0,0.0,22.0,-19.0,20.0,-17.0,18.0,-15.0,14.0,-11.0,11.0,-7.0,8.0,-2.0,5.0,4.0,4.0,10.0,2.0,16.0,2.0,21.0,2.0,25.0,2.0,29.0,3.0,32.0,5.0,34.0,6.0,34.0,7.0,33.0,8.0,30.0,7.0,27.0,6.0,22.0,3.0,18.0,1.0,12.0,-4.0,7.0,-8.0,2.0,-13.0,-2.0,-17.0,-6.0,-23.0,-8.0
0.4299,122.0,-96.0,7.0,0.0,0.0,0.0,0.0,0.0,0.0,0.0,0.0,0.0,7.0,-7.0,6.0,-3.0,5.0,1.0,4.0,6.0,4.0,11.0,5.0,15.0,5.0,18.0,6.0,22.0,8.0,24.0,9.0,25.0,10.0,25.0,11.0,24.0,11.0,22.0,11.0,20.0,9.0,17.0,7.0,13.0,4.0,10.0,0.0,7.0,-4.0,5.0,-9.0,2.0,-13.0,0.0,-18.0,-1.0,-22.0,-1.0,-25.0,-1.0,-28.0,0.0,-29.0,0.0
0.4449,122.0,-96.0,7.0,0.0,0.0,0.0,0.0,0.0,0.0,0.0,0.0,0.0,-26.0,-6.0,-23.0,-5.0,-20.0,-5.0,-16.0,-4.0,-11.0,-5.0,-6.0,-6.0,-1.0,-7.0,4.0,-9.0,9.0,-12.0,13.0,-14.0,16.0,-16.0,18.0,-19.0,20.0,-21.0,20.0,-23.0,20.0,-25.0,19.0,-24.0,17.0,-23.0,14.0,-21.0,12.0,-18.0,10.0,-13.0,8.0,-9.0,7.0,-3.0,6.0,3.0,5.0,9.0,5.0,14.0,6.0,20.0
0.4603,122.0,-96.0,7.0,0.0,0.0,0.0,0.0,0.0,0.0,0.0,0.0,0.0,-18.0,15.0,-16.0,14.0,-14.0,12.0,-12.0,9.0,-9.0,6.0,-7.0,1.0,-6.0,-3.0,-4.0,-8.0,-4.0,-12.0,-4.0,-17.0,-4.0,-20.0,-4.0,-23.0,-5.0,-26.0,-7.0,-27.0,-7.0,-28.0,-8.0,-27.0,-8.0,-25.0,-8.0,-23.0,-7.0,-19.0,-6.0,-16.0,-3.0,-12.0,1.0,-8.0,4.0,-4.0,8.0,-1.0,12.0,2.0,17.0,4.0
0.4735,122.0,-96.0,7.0,0.0,0.0,0.0,0.0,0.0,0.0,0.0,0.0,0.0,1.0,-14.0,1.0,-14.0,1.0,-15.0,1.0,-15.0,1.0,-15.0,1.0,-15.0,1.0,-15.0,1.0,-16.0,1.0,-15.0,1.0,-16.0,0.0,-16.0,1.0,-16.0,1.0,-16.0,0.0,-16.0,1.0,-16.0,1.0,-17.0,0.0,-16.0,0.0,-17.0,0.0,-17.0,0.0,-17.0,0.0,-17.0,0.0,-17.0,-1.0,-17.0,-1.0,-17.0,-1.0,-18.0,-1.0,-18.0
0.4868,122.0,-96.0,7.0,0.0,0.0,0.0,0.0,0.0,0.0,0.0,0.0,0.0,-19.0,-11.0,-21.0,-11.0,-21.0,-11.0,-21.0,-10.0,-20.0,-9.0,-19.0,-8.0,-16.0,-7.0,-13.0,-7.0,-9.0,-6.0,-5.0,-6.0,0.0,-6.0,4.0,-6.0,9.0,-8.0,12.0,-9.0,16.0,-10.0,18.0,-11.0,20.0,-13.0,21.0,-14.0,21.0,-15.0,20.0,-15.0,19.0,-15.0,17.0,-14.0,14.0,-12.0,11.0,-9.0,8.0,-6.0,6.0,-2.0
0.4998,122.0,-96.0,7.0,0.0,0.0,0.0,0.0,0.0,0.0,0.0,0.0,0.0,3.0,10.0,0.0,5.0,-4.0,3.0,-8.0,2.0,-12.0,-2.0,-17.0,-3.0,-20.0,-3.0,-23.0,-4.0,-27.0,-4.0,-27.0,-2.0,-27.0,-2.0,-28.0,-2.0,-26.0,1.0,-23.0,2.0,-20.0,0.0,-16.0,-1.0,-12.0,-1.0,-7.0,-3.0,-3.0,-6.0,1.0,-9.0,5.0,-12.0,8.0,-16.0,11.0,-19.0,11.0,-23.0,11.0,-25.0,13.0,-26.0
0.5132,122.0,-96.0,7.0,0.0,0.0,0.0,0.0,0.0,0.0,0.0,0.0,0.0,2.0,-10.0,2.0,-12.0,2.0,-11.0,3.0,-11.0,2.0,-12.0,3.0,-12.0,2.0,-12.0,2.0,-13.0,2.0,-13.0,2.0,-13.0,2.0,-13.0,3.0,-12.0,2.0,-13.0,2.0,-13.0,3.0,-13.0,3.0,-13.0,2.0,-13.0,2.0,-14.0,2.0,-13.0,2.0,-13.0,2.0,-14.0,2.0,-14.0,1.0,-14.0,1.0,-14.0,2.0,-14.0,1.0,-14.0
0.5319,122.0,-96.0,7.0,0.0,0.0,0.0,0.0,0.0,0.0,0.0,0.0,0.0,-11.0,-4.0,-6.0,-5.0,-1.0,-6.0,3.0,-9.0,8.0,-11.0,12.0,-15.0,14.0,-17.0,17.0,-20.0,18.0,-22.0,18.0,-24.0,17.0,-25.0,17.0,-25.0,15.0,-24.0,12.0,-23.0,11.0,-20.0,9.0,-15.0,7.0,-11.0,7.0,-5.0,6.0,1.0,6.0,6.0,7.0,12.0,9.0,17.0,10.0,21.0,13.0,24.0,15.0,26.0,16.0,27.0
0.545,122.0,-96.0,7.0,0.0,0.0,0.0,0.0,0.0,0.0,0.0,0.0,0.0,-2.0,-10.0,-2.0,-10.0,-2.0,-11.0,-2.0,-11.0,-2.0,-11.0,-2.0,-11.0,-2.0,-11.0,-2.0,-11.0,-2.0,-11.0,-2.0,-11.0,-3.0,-12.0,-3.0,-11.0,-3.0,-12.0,-3.0,-12.0,-3.0,-11.0,-3.0,-12.0,-3.0,-12.0,-3.0,-12.0,-3.0,-12.0,-4.0,-12.0,-4.0,-12.0,-4.0,-12.0,-4.0,-12.0,-4.0,-12.0,-4.0,-12.0,-4.0,-12.0
0.562,122.0,-96.0,7.0,0.0,0.0,0.0,0.0,0.0,0.0,0.0,0.0,0.0,-10.0,-5.0,-11.0,-5.0,-11.0,-5.0,-11.0,-5.0,-11.0,-5.0,-12.0,-5.0,-12.0,-5.0,-12.0,-5.0,-12.0,-5.0,-12.0,-5.0,-12.0,-5.0,-12.0,-5.0,-12.0,-5.0,-12.0,-5.0,-13.0,-5.0,-13.0,-5.0,-13.0,-4.0,-13.0,-4.0,-13.0,-4.0,-13.0,-4.0,-13.0,-4.0,-13.0,-4.0,-13.0,-4.0,-13.0,-4.0,-14.0,-4.0,-14.0,-4.0
0.5751,122.0,-96.0,7.0,0.0,0.0,0.0,0.0,0.0,0.0,0.0,0.0,0.0,6.0,11.0,8.0,15.0,9.0,19.0,11.0,22.0,12.0,24.0,14.0,26.0,16.0,25.0,16.0,24.0,16.0,22.0,13.0,20.0,10.0,17.0,7.0,14.0,4.0,10.0,-1.0,7.0,-5.0,4.0,-10.0,2.0,-16.0,0.0,-21.0,-1.0,-26.0,-1.0,-29.0,0.0,-32.0,1.0,-33.0,2.0,-33.0,2.0,-31.0,2.0,-29.0,4.0,-26.0,4.0
0.5908,122.0,-96.0,7.0,0.0,0.0,0.0,0.0,0.0,0.0,0.0,0.0,0.0,-23.0,-6.0,-21.0,-6.0,-18.0,-5.0,-15.0,-5.0,-10.0,-4.0,-6.0,-5.0,-1.0,-6.0,4.0,-8.0,8.0,-10.0,12.0,-12.0,14.0,-14.0,17.0,-16.0,18.0,-19.0,19.0,-20.0,19.0,-22.0,17.0,-21.0,16.0,-21.0,14.0,-19.0,12.0,-16.0,10.0,-13.0,8.0,-9.0,6.0,-4.0,5.0,1.0,4.0,6.0,4.0,11.0,5.0,17.0
0.603,122.0,-96.0,7.0,0.0,0.0,0.0,0.0,0.0,0.0,0.0,0.0,0.0,9.0,5.0,9.0,5.0,9.0,5.0,10.0,5.0,10.0,5.0,10.0,5.0,10.0,4.0,10.0,5.0,11.0,5.0,10.0,5.0,10.0,5.0,11.0,5.0,10.0,6.0,11.0,5.0,11.0,5.0,11.0,5.0,11.0,4.0,11.0,5.0,12.0,5.0,11.0,4.0,11.0,5.0,12.0,5.0,12.0,5.0,12.0,4.0,12.0,5.0,12.0,4.0
0.6075,98.0,33.0,22.0,0.0,0.0,0.0,0.0,0.0,0.0,0.0,0.0,0.0,-1.0,-9.0,-5.0,-10.0,-12.0,-6.0,-18.0,-8.0,-20.0,-7.0,-22.0,-3.0,-27.0,-2.0,-29.0,-2.0,-27.0,-1.0,-29.0,0.0,-27.0,0.0,-26.0,1.0,-23.0,3.0,-18.0,4.0,-15.0,4.0,-8.0,5.0,-3.0,4.0,1.0,4.0,10.0,1.0,15.0,0.0,21.0,-2.0,25.0,-4.0,30.0,-7.0,34.0,-8.0,38.0,-10.0,38.0,-11.0
0.6217,122.0,-96.0,7.0,0.0,0.0,0.0,0.0,0.0,0.0,0.0,0.0,0.0,6.0,8.0,6.0,8.0,6.0,8.0,7.0,9.0,7.0,9.0,7.0,9.0,7.0,9.0,7.0,9.0,7.0,9.0,7.0,9.0,7.0,9.0,7.0,9.0,7.0,10.0,7.0,9.0,8.0,9.0,8.0,9.0,8.0,10.0,8.0,9.0,8.0,9.0,8.0,9.0,8.0,10.0,8.0,9.0,9.0,9.0,9.0,9.0,9.0,9.0,9.0,9.0
0.6354,122.0,-96.0,7.0,0.0,0.0,0.0,0.0,0.0,0.0,0.0,0.0,0.0,-12.0,2.0,-16.0,2.0,-20.0,3.0,-22.0,3.0,-25.0,4.0,-27.0,5.0,-27.0,6.0,-26.0,7.0,-25.0,7.0,-22.0,6.0,-19.0,5.0,-15.0,3.0,-11.0,1.0,-8.0,-2.0,-3.0,-6.0,0.0,-10.0,3.0,-14.0,5.0,-18.0,7.0,-22.0,7.0,-25.0,8.0,-27.0,7.0,-28.0,6.0,-29.0,5.0,-28.0,4.0,-27.0,3.0,-24.0
0.6493,122.0,-96.0,7.0,0.0,0.0,0.0,0.0,0.0,0.0,0.0,0.0,0.0,3.0,10.0,-1.0,7.0,-4.0,4.0,-9.0,1.0,-14.0,-1.0,-19.0,-3.0,-23.0,-4.0,-26.0,-4.0,-29.0,-4.0,-30.0,-3.0,-31.0,-2.0,-30.0,-1.0,-29.0,0.0,-27.0,1.0,-22.0,0.0,-18.0,-1.0,-13.0,-2.0,-8.0,-4.0,-3.0,-7.0,2.0,-10.0,6.0,-14.0,9.0,-17.0,12.0,-21.0,13.0,-25.0,14.0,-28.0,14.0,-29.0
0.6628,122.0,-96.0,7.0,0.0,0.0,0.0,0.0,0.0,0.0,0.0,0.0,0.0,9.0,1.0,9.0,1.0,10.0,1.0,10.0,1.0,10.0,1.0,10.0,1.0,10.0,1.0,10.0,1.0,10.0,1.0,11.0,1.0,10.0,1.0,11.0,1.0,11.0,1.0,11.0,0.0,11.0,1.0,11.0,1.0,10.0,0.0,11.0,1.0,12.0,0.0,11.0,0.0,11.0,0.0,12.0,0.0,11.0,0.0,12.0,0.0,11.0,0.0,12.0,-1.0
0.6795,122.0,-96.0,7.0,0.0,0.0,0.0,0.0,0.0,0.0,0.0,0.0,0.0,-7.0,8.0,-6.0,3.0,-5.0,-2.0,-6.0,-6.0,-7.0,-11.0,-8.0,-15.0,-9.0,-18.0,-11.0,-21.0,-13.0,-23.0,-15.0,-24.0,-16.0,-24.0,-16.0,-22.0,-16.0,-21.0,-16.0,-18.0,-13.0,-16.0,-10.0,-13.0,-6.0,-11.0,-2.0,-8.0,3.0,-6.0,7.0,-4.0,12.0,-3.0,17.0,-2.0,21.0,-3.0,24.0,-4.0,26.0,-5.0,28.0,-6.0
0.6927,122.0,-96.0,7.0,0.0,0.0,0.0,0.0,0.0,0.0,0.0,0.0,0.0,-10.0,-11.0,-10.0,-11.0,-10.0,-10.0,-10.0,-12.0,-10.0,-11.0,-11.0,-12.0,-11.0,-12.0,-11.0,-11.0,-11.0,-12.0,-11.0,-11.0,-12.0,-11.0,-12.0,-12.0,-11.0,-12.0,-12.0,-11.0,-12.0,-12.0,-12.0,-12.0,-12.0,-12.0,-12.0,-12.0,-13.0,-12.0,-12.0,-12.0,-13.0,-12.0,-12.0,-12.0,-13.0,-11.0,-13.0,-12.0,-14.0,-11.0,-14.0,-12.0
0.7056,122.0,-96.0,7.0,0.0,0.0,0.0,0.0,0.0,0.0,0.0,0.0,0.0,-13.0,-3.0,-17.0,-5.0,-22.0,-7.0,-24.0,-8.0,-27.0,-8.0,-29.0,-7.0,-30.0,-7.0,-30.0,-5.0,-29.0,-5.0,-26.0,-4.0,-22.0,-4.0,-17.0,-5.0,-13.0,-4.0,-7.0,-6.0,-2.0,-6.0,4.0,-9.0,9.0,-11.0,13.0,-14.0,17.0,-18.0,19.0,-20.0,21.0,-23.0,21.0,-24.0,21.0,-26.0,20.0,-25.0,18.0,-25.0,16.0,-22.0
0.7181,122.0,-96.0,7.0,0.0,0.0,0.0,0.0,0.0,0.0,0.0,0.0,0.0,-12.0,-3.0,-7.0,-4.0,-2.0,-6.0,2.0,-9.0,7.0,-12.0,10.0,-15.0,12.0,-19.0,15.0,-22.0,15.0,-25.0,16.0,-26.0,15.0,-27.0,14.0,-27.0,12.0,-26.0,10.0,-24.0,9.0,-20.0,7.0,-16.0,6.0,-12.0,6.0,-6.0,6.0,0.0,7.0,6.0,8.0,11.0,11.0,16.0,13.0,20.0,15.0,23.0,17.0,24.0,18.0,25.0
0.7225,98.0,33.0,22.0,0.0,0.0,0.0,0.0,0.0,0.0,0.0,0.0,0.0,-2.0,10.0,2.0,10.0,6.0,8.0,11.0,8.0,16.0,7.0,22.0,7.0,21.0,6.0,25.0,6.0,25.0,4.0,27.0,1.0,27.0,1.0,24.0,1.0,23.0,0.0,20.0,-5.0,16.0,-3.0,9.0,-6.0,4.0,-5.0,-1.0,-4.0,-8.0,-3.0,-14.0,-4.0,-21.0,0.0,-26.0,1.0,-30.0,2.0,-34.0,5.0,-37.0,8.0,-37.0,7.0
0.7349,122.0,-96.0,7.0,0.0,0.0,0.0,0.0,0.0,0.0,0.0,0.0,0.0,2.0,9.0,-1.0,6.0,-4.0,3.0,-8.0,1.0,-12.0,-2.0,-17.0,-3.0,-21.0,-4.0,-24.0,-4.0,-27.0,-3.0,-27.0,-3.0,-28.0,-2.0,-28.0,-1.0,-26.0,0.0,-24.0,1.0,-21.0,0.0,-16.0,0.0,-12.0,-1.0,-7.0,-3.0,-3.0,-6.0,1.0,-9.0,5.0,-12.0,8.0,-16.0,10.0,-19.0,11.0,-22.0,12.0,-25.0,12.0,-26.0
0.7471,122.0,-96.0,7.0,0.0,0.0,0.0,0.0,0.0,0.0,0.0,0.0,0.0,2.0,10.0,2.0,10.0,2.0,11.0,2.0,11.0,2.0,11.0,2.0,11.0,2.0,11.0,2.0,12.0,2.0,11.0,2.0,11.0,2.0,12.0,2.0,12.0,3.0,12.0,3.0,12.0,3.0,12.0,3.0,12.0,3.0,12.0,3.0,12.0,3.0,12.0,3.0,13.0,3.0,12.0,3.0,12.0,3.0,12.0,3.0,13.0,3.0,12.0,4.0,13.0
0.7622,122.0,-96.0,7.0,0.0,0.0,0.0,0.0,0.0,0.0,0.0,0.0,0.0,22.0,-7.0,24.0,-9.0,24.0,-9.0,24.0,-10.0,22.0,-10.0,21.0,-9.0,18.0,-8.0,15.0,-6.0,11.0,-4.0,8.0,0.0,4.0,3.0,1.0,7.0,-2.0,11.0,-5.0,15.0,-7.0,19.0,-8.0,22.0,-9.0,25.0,-9.0,26.0,-8.0,28.0,-7.0,27.0,-7.0,27.0,-5.0,24.0,-4.0,21.0,-4.0,17.0,-4.0,12.0,-4.0,7.0
0.7757,122.0,-96.0,7.0,0.0,0.0,0.0,0.0,0.0,0.0,0.0,0.0,0.0,3.0,10.0,4.0,10.0,3.0,10.0,4.0,11.0,4.0,10.0,4.0,11.0,4.0,10.0,4.0,11.0,4.0,11.0,4.0,10.0,4.0,11.0,4.0,11.0,5.0,11.0,5.0,11.0,5.0,12.0,5.0,11.0,5.0,11.0,5.0,11.0,5.0,11.0,5.0,11.0,6.0,12.0,6.0,11.0,6.0,11.0,6.0,11.0,6.0,11.0,6.0,11.0
0.7894,122.0,-96.0,7.0,0.0,0.0,0.0,0.0,0.0,0.0,0.0,0.0,0.0,12.0,5.0,13.0,5.0,13.0,5.0,13.0,5.0,13.0,5.0,14.0,5.0,13.0,5.0,14.0,5.0,14.0,5.0,14.0,5.0,14.0,5.0,14.0,5.0,14.0,5.0,15.0,5.0,15.0,5.0,14.0,4.0,15.0,5.0,15.0,4.0,16.0,5.0,15.0,4.0,15.0,4.0,16.0,4.0,15.0,4.0,16.0,4.0,16.0,4.0,16.0,4.0
0.8024,122.0,-96.0,7.0,0.0,0.0,0.0,0.0,0.0,0.0,0.0,0.0,0.0,-12.0,1.0,-16.0,1.0,-20.0,1.0,-23.0,1.0,-26.0,2.0,-27.0,3.0,-27.0,4.0,-27.0,5.0,-25.0,5.0,-22.0,4.0,-19.0,3.0,-15.0,1.0,-11.0,-1.0,-7.0,-3.0,-3.0,-5.0,1.0,-10.0,5.0,-14.0,8.0,-17.0,9.0,-21.0,10.0,-24.0,11.0,-26.0,10.0,-27.0,10.0,-28.0,9.0,-27.0,7.0,-26.0,6.0,-23.0
0.8166,122.0,-96.0,7.0,0.0,0.0,0.0,0.0,0.0,0.0,0.0,0.0,0.0,4.0,-12.0,7.0,-16.0,9.0,-20.0,11.0,-23.0,11.0,-25.0,12.0,-28.0,11.0,-29.0,10.0,-28.0,9.0,-28.0,7.0,-24.0,7.0,-21.0,6.0,-16.0,5.0,-12.0,6.0,-6.0,5.0,0.0,7.0,5.0,9.0,11.0,10.0,15.0,13.0,20.0,15.0,23.0,17.0,25.0,18.0,26.0,20.0,25.0,19.0,24.0,20.0,22.0,18.0,20.0
0.8202,98.0,33.0,22.0,0.0,0.0,0.0,0.0,0.0,0.0,0.0,0.0,0.0,-23.0,-11.0,-19.0,-9.0,-16.0,-6.0,-13.0,-3.0,-9.0,1.0,-6.0,5.0,-3.0,9.0,1.0,14.0,3.0,17.0,6.0,20.0,9.0,22.0,12.0,23.0,14.0,23.0,16.0,22.0,17.0,22.0,17.0,20.0,18.0,17.0,15.0,13.0,13.0,10.0,10.0,5.0,5.0,1.0,-1.0,-3.0,-6.0,-7.0,-12.0,-12.0,-17.0,-16.0,-23.0,-20.0
0.8364,122.0,-96.0,7.0,0.0,0.0,0.0,0.0,0.0,0.0,0.0,0.0,0.0,-6.0,-9.0,-2.0,-7.0,2.0,-5.0,7.0,-3.0,11.0,-2.0,16.0,-2.0,19.0,-2.0,23.0,-2.0,25.0,-3.0,26.0,-4.0,27.0,-5.0,26.0,-6.0,25.0,-6.0,23.0,-7.0,20.0,-5.0,16.0,-4.0,12.0,-2.0,8.0,0.0,3.0,4.0,0.0,7.0,-4.0,11.0,-7.0,15.0,-8.0,19.0,-9.0,22.0,-10.0,25.0,-10.0,27.0
0.8512,122.0,-96.0,7.0,0.0,0.0,0.0,0.0,0.0,0.0,0.0,0.0,0.0,-12.0,7.0,-12.0,7.0,-12.0,7.0,-13.0,7.0,-13.0,7.0,-13.0,8.0,-13.0,7.0,-13.0,8.0,-13.0,8.0,-13.0,8.0,-14.0,8.0,-13.0,8.0,-14.0,8.0,-13.0,9.0,-13.0,9.0,-14.0,9.0,-14.0,9.0,-13.0,9.0,-13.0,9.0,-13.0,9.0,-14.0,9.0,-13.0,10.0,-13.0,10.0,-14.0,10.0,-14.0,10.0,-14.0,11.0
0.8659,122.0,-96.0,7.0,0.0,0.0,0.0,0.0,0.0,0.0,0.0,0.0,0.0,-10.0,-3.0,-6.0,-4.0,-1.0,-5.0,3.0,-8.0,7.0,-10.0,10.0,-14.0,13.0,-16.0,14.0,-18.0,16.0,-21.0,16.0,-22.0,15.0,-23.0,14.0,-23.0,13.0,-22.0,11.0,-21.0,10.0,-18.0,8.0,-14.0,7.0,-10.0,6.0,-5.0,6.0,1.0,5.0,6.0,6.0,11.0,7.0,16.0,9.0,19.0,11.0,21.0,13.0,23.0,14.0,25.0
0.8808,122.0,-96.0,7.0,0.0,0.0,0.0,0.0,0.0,0.0,0.0,0.0,0.0,-12.0,1.0,-8.0,-2.0,-3.0,-5.0,0.0,-9.0,4.0,-13.0,7.0,-17.0,8.0,-21.0,9.0,-24.0,10.0,-27.0,10.0,-29.0,9.0,-30.0,8.0,-29.0,7.0,-28.0,5.0,-27.0,5.0,-23.0,4.0,-19.0,4.0,-14.0,5.0,-8.0,6.0,-3.0,7.0,3.0,10.0,8.0,12.0,13.0,15.0,17.0,18.0,19.0,20.0,21.0,22.0,21.0
0.8964,122.0,-96.0,7.0,0.0,0.0,0.0,0.0,0.0,0.0,0.0,0.0,0.0,10.0,4.0,13.0,6.0,17.0,8.0,19.0,9.0,22.0,10.0,24.0,10.0,25.0,10.0,25.0,9.0,24.0,8.0,22.0,7.0,18.0,6.0,15.0,6.0,11.0,5.0,6.0,5.0,0.0,5.0,-4.0,6.0,-9.0,7.0,-14.0,9.0,-18.0,12.0,-20.0,14.0,-22.0,16.0,-23.0,17.0,-23.0,18.0,-23.0,19.0,-21.0,19.0,-19.0,17.0
0.9098,122.0,-96.0,7.0,0.0,0.0,0.0,0.0,0.0,0.0,0.0,0.0,0.0,7.0,-12.0,7.0,-13.0,7.0,-13.0,7.0,-13.0,7.0,-13.0,7.0,-13.0,7.0,-14.0,7.0,-14.0,7.0,-14.0,7.0,-14.0,7.0,-14.0,8.0,-14.0,8.0,-14.0,8.0,-15.0,7.0,-15.0,8.0,-15.0,7.0,-15.0,7.0,-15.0,8.0,-15.0,7.0,-15.0,7.0,-16.0,7.0,-16.0,7.0,-16.0,7.0,-16.0,7.0,-16.0,7.0,-16.0
0.9237,122.0,-96.0,7.0,0.0,0.0,0.0,0.0,0.0,0.0,0.0,0.0,0.0,2.0,-11.0,3.0,-6.0,5.0,-1.0,7.0,3.0,10.0,8.0,13.0,11.0,16.0,14.0,19.0,17.0,22.0,18.0,23.0,19.0,24.0,18.0,24.0,17.0,23.0,15.0,22.0,13.0,18.0,11.0,14.0,9.0,9.0,7.0,4.0,7.0,-2.0,6.0,-8.0,6.0,-13.0,6.0,-18.0,8.0,-23.0,9.0,-26.0,11.0,-28.0,13.0,-29.0,14.0
0.9392,122.0,-96.0,7.0,0.0,0.0,0.0,0.0,0.0,0.0,0.0,0.0,0.0,-23.0,7.0,-21.0,6.0,-18.0,5.0,-15.0,3.0,-11.0,2.0,-7.0,-2.0,-4.0,-5.0,-1.0,-9.0,2.0,-13.0,4.0,-17.0,6.0,-20.0,7.0,-23.0,7.0,-26.0,7.0,-27.0,6.0,-28.0,5.0,-28.0,4.0,-27.0,4.0,-24.0,3.0,-20.0,3.0,-17.0,3.0,-11.0,4.0,-6.0,5.0,-1.0,7.0,4.0,9.0,9.0,12.0,12.0
0.9432,98.0,33.0,22.0,0.0,0.0,0.0,0.0,0.0,0.0,0.0,0.0,0.0,13.0,21.0,12.0,22.0,13.0,21.0,12.0,20.0,11.0,17.0,10.0,14.0,9.0,10.0,8.0,5.0,7.0,2.0,5.0,-4.0,3.0,-8.0,1.0,-13.0,-2.0,-17.0,-4.0,-20.0,-6.0,-22.0,-9.0,-24.0,-12.0,-25.0,-13.0,-26.0,-14.0,-24.0,-16.0,-22.0,-15.0,-20.0,-14.0,-17.0,-11.0,-13.0,-8.0,-7.0,-4.0,-3.0,1.0,2.0
0.9572,122.0,-96.0,7.0,0.0,0.0,0.0,0.0,0.0,0.0,0.0,0.0,0.0,8.0,7.0,8.0,7.0,8.0,7.0,8.0,7.0,8.0,7.0,9.0,8.0,9.0,7.0,9.0,7.0,9.0,8.0,9.0,7.0,9.0,8.0,9.0,8.0,9.0,8.0,9.0,8.0,10.0,8.0,10.0,8.0,10.0,7.0,10.0,7.0,10.0,7.0,10.0,7.0,10.0,7.0,10.0,8.0,11.0,7.0,11.0,7.0,11.0,7.0,11.0,7.0
0.971,102.0,96.0,6.0,0.0,0.0,0.0,0.0,0.0,0.0,0.0,0.0,0.0,18.0,-16.0,16.0,-14.0,14.0,-12.0,11.0,-9.0,8.0,-6.0,6.0,-1.0,4.0,3.0,2.0,8.0,2.0,13.0,1.0,17.0,1.0,20.0,1.0,23.0,2.0,26.0,3.0,27.0,5.0,27.0,5.0,26.0,5.0,24.0,5.0,22.0,4.0,18.0,3.0,14.0,0.0,9.0,-3.0,6.0,-7.0,1.0,-10.0,-3.0,-14.0,-6.0,-18.0,-8.0
0.9855,78.0,-32.0,4.0,0.0,0.0,0.0,0.0,0.0,0.0,0.0,0.0,0.0,10.0,-6.0,9.0,-6.0,10.0,-6.0,10.0,-6.0,10.0,-6.0,10.0,-6.0,10.0,-6.0,10.0,-7.0,10.0,-7.0,10.0,-7.0,11.0,-7.0,10.0,-6.0,10.0,-7.0,11.0,-7.0,10.0,-7.0,11.0,-8.0,11.0,-7.0,11.0,-8.0,10.0,-8.0,10.0,-7.0,11.0,-8.0,10.0,-8.0,11.0,-8.0,11.0,-8.0,11.0,-8.0,11.0,-9.0
0.9996,102.0,96.0,6.0,0.0,0.0,0.0,0.0,0.0,0.0,0.0,0.0,0.0,14.0,22.0,16.0,23.0,17.0,23.0,17.0,22.0,17.0,21.0,15.0,19.0,13.0,15.0,9.0,13.0,5.0,10.0,0.0,7.0,-4.0,4.0,-10.0,2.0,-16.0,1.0,-20.0,0.0,-25.0,0.0,-28.0,-1.0,-30.0,0.0,-32.0,1.0,-32.0,1.0,-32.0,2.0,-29.0,2.0,-26.0,3.0,-22.0,2.0,-17.0,1.0,-11.0,-1.0,-6.0,-4.0
1.014,122.0,-96.0,7.0,0.0,0.0,0.0,0.0,0.0,0.0,0.0,0.0,0.0,-18.0,17.0,-18.0,18.0,-18.0,19.0,-18.0,19.0,-16.0,18.0,-15.0,17.0,-13.0,14.0,-11.0,11.0,-9.0,7.0,-8.0,2.0,-6.0,-2.0,-5.0,-8.0,-5.0,-13.0,-4.0,-17.0,-4.0,-21.0,-5.0,-24.0,-5.0,-27.0,-6.0,-28.0,-7.0,-29.0,-8.0,-28.0,-7.0,-27.0,-7.0,-24.0,-7.0,-20.0,-5.0,-16.0,-3.0,-12.0,0.0,-8.0
1.0279,122.0,-96.0,7.0,0.0,0.0,0.0,0.0,0.0,0.0,0.0,0.0,0.0,-4.0,-22.0,-5.0,-23.0,-6.0,-23.0,-6.0,-23.0,-6.0,-21.0,-6.0,-20.0,-5.0,-17.0,-3.0,-14.0,-2.0,-10.0,1.0,-6.0,4.0,-3.0,8.0,1.0,11.0,3.0,14.0,6.0,17.0,7.0,20.0,8.0,22.0,9.0,23.0,9.0,24.0,9.0,23.0,8.0,22.0,7.0,20.0,6.0,16.0,5.0,12.0,4.0,8.0,4.0,3.0,4.0
1.041,122.0,-96.0,7.0,0.0,0.0,0.0,0.0,0.0,0.0,0.0,0.0,0.0,3.0,-27.0,2.0,-29.0,1.0,-30.0,1.0,-29.0,0.0,-27.0,0.0,-25.0,0.0,-22.0,1.0,-17.0,2.0,-12.0,4.0,-7.0,6.0,-2.0,8.0,4.0,12.0,9.0,15.0,12.0,18.0,15.0,20.0,18.0,23.0,19.0,24.0,20.0,25.0,19.0,25.0,18.0,23.0,17.0,21.0,14.0,17.0,12.0,13.0,9.0,7.0,7.0,2.0,6.0
1.0457,98.0,33.0,22.0,0.0,0.0,0.0,0.0,0.0,0.0,0.0,0.0,0.0,18.0,-19.0,17.0,-19.0,18.0,-18.0,15.0,-17.0,13.0,-16.0,11.0,-14.0,7.0,-12.0,3.0,-10.0,-1.0,-8.0,-5.0,-5.0,-9.0,-2.0,-13.0,1.0,-16.0,5.0,-18.0,8.0,-19.0,11.0,-20.0,14.0,-21.0,17.0,-20.0,19.0,-18.0,20.0,-17.0,21.0,-15.0,19.0,-12.0,17.0,-9.0,13.0,-5.0,8.0,-2.0,3.0,1.0,-3.0
1.0612,122.0,-96.0,7.0,0.0,0.0,0.0,0.0,0.0,0.0,0.0,0.0,0.0,11.0,3.0,14.0,4.0,18.0,6.0,21.0,7.0,24.0,7.0,25.0,7.0,26.0,7.0,26.0,6.0,25.0,5.0,22.0,4.0,18.0,4.0,14.0,4.0,10.0,3.0,5.0,4.0,0.0,5.0,-5.0,7.0,-10.0,8.0,-14.0,10.0,-18.0,13.0,-20.0,15.0,-22.0,17.0,-23.0,18.0,-22.0,19.0,-21.0,19.0,-19.0,19.0,-17.0,17.0
1.0757,122.0,-96.0,7.0,0.0,0.0,0.0,0.0,0.0,0.0,0.0,0.0,0.0,-22.0,-5.0,-23.0,-5.0,-24.0,-5.0,-23.0,-4.0,-22.0,-3.0,-21.0,-3.0,-18.0,-3.0,-14.0,-3.0,-10.0,-3.0,-6.0,-4.0,-1.0,-5.0,3.0,-7.0,7.0,-10.0,10.0,-11.0,13.0,-14.0,16.0,-15.0,17.0,-17.0,18.0,-19.0,18.0,-19.0,16.0,-20.0,16.0,-19.0,13.0,-17.0,11.0,-15.0,9.0,-12.0,7.0,-8.0,5.0,-4.0
1.0908,122.0,-96.0,7.0,0.0,0.0,0.0,0.0,0.0,0.0,0.0,0.0,0.0,-8.0,-7.0,-9.0,-7.0,-9.0,-7.0,-9.0,-8.0,-9.0,-8.0,-10.0,-8.0,-10.0,-8.0,-10.0,-8.0,-10.0,-8.0,-10.0,-8.0,-10.0,-8.0,-10.0,-8.0,-10.0,-8.0,-10.0,-8.0,-11.0,-8.0,-10.0,-8.0,-10.0,-8.0,-11.0,-8.0,-11.0,-8.0,-11.0,-8.0,-11.0,-8.0,-11.0,-8.0,-12.0,-8.0,-11.0,-8.0,-11.0,-8.0,-12.0,-8.0
1.1034,122.0,-96.0,7.0,0.0,0.0,0.0,0.0,0.0,0.0,0.0,0.0,0.0,1.0,-21.0,1.0,-22.0,1.0,-22.0,1.0,-22.0,1.0,-22.0,1.0,-23.0,1.0,-23.0,1.0,-23.0,1.0,-24.0,1.0,-24.0,1.0,-24.0,1.0,-24.0,1.0,-24.0,1.0,-24.0,1.0,-24.0,1.0,-24.0,1.0,-24.0,1.0,-24.0,0.0,-24.0,0.0,-25.0,1.0,-25.0,0.0,-24.0,0.0,-25.0,0.0,-24.0,0.0,-24.0,0.0,-25.0
1.116,122.0,-96.0,7.0,0.0,0.0,0.0,0.0,0.0,0.0,0.0,0.0,0.0,12.0,1.0,12.0,2.0,13.0,2.0,12.0,1.0,13.0,2.0,13.0,2.0,13.0,1.0,13.0,1.0,13.0,1.0,13.0,1.0,14.0,1.0,14.0,2.0,14.0,1.0,14.0,1.0,14.0,1.0,14.0,1.0,14.0,0.0,14.0,1.0,15.0,0.0,15.0,1.0,15.0,1.0,14.0,0.0,15.0,0.0,15.0,0.0,15.0,1.0,15.0,0.0
1.1313,122.0,-96.0,7.0,0.0,0.0,0.0,0.0,0.0,0.0,0.0,0.0,0.0,1.0,-25.0,1.0,-22.0,1.0,-19.0,1.0,-15.0,1.0,-11.0,3.0,-6.0,5.0,-2.0,7.0,3.0,10.0,7.0,12.0,11.0,14.0,13.0,17.0,16.0,19.0,17.0,21.0,17.0,22.0,17.0,22.0,16.0,21.0,14.0,20.0,13.0,16.0,11.0,13.0,9.0,8.0,7.0,3.0,6.0,-2.0,5.0,-8.0,4.0,-13.0,4.0,-18.0,5.0
1.1455,122.0,-96.0,7.0,0.0,0.0,0.0,0.0,0.0,0.0,0.0,0.0,0.0,-22.0,2.0,-24.0,3.0,-23.0,3.0,-24.0,3.0,-22.0,4.0,-21.0,4.0,-18.0,2.0,-14.0,1.0,-11.0,0.0,-7.0,-2.0,-3.0,-5.0,0.0,-8.0,4.0,-11.0,6.0,-14.0,9.0,-17.0,10.0,-19.0,12.0,-22.0,12.0,-22.0,11.0,-24.0,10.0,-23.0,10.0,-22.0,8.0,-20.0,7.0,-17.0,5.0,-14.0,4.0,-10.0,4.0,-5.0
1.1579,122.0,-96.0,7.0,0.0,0.0,0.0,0.0,0.0,0.0,0.0,0.0,0.0,5.0,17.0,5.0,17.0,5.0,17.0,5.0,17.0,5.0,17.0,6.0,18.0,6.0,18.0,6.0,18.0,6.0,18.0,6.0,18.0,6.0,18.0,6.0,18.0,6.0,19.0,7.0,19.0,7.0,19.0,6.0,18.0,7.0,19.0,7.0,19.0,7.0,19.0,7.0,19.0,7.0,19.0,7.0,19.0,8.0,19.0,8.0,19.0,7.0,18.0,8.0,19.0
1.1738,122.0,-96.0,7.0,0.0,0.0,0.0,0.0,0.0,0.0,0.0,0.0,0.0,-3.0,-11.0,-4.0,-11.0,-3.0,-11.0,-4.0,-12.0,-4.0,-12.0,-4.0,-12.0,-4.0,-12.0,-5.0,-12.0,-5.0,-12.0,-4.0,-12.0,-5.0,-12.0,-4.0,-12.0,-5.0,-13.0,-5.0,-13.0,-5.0,-12.0,-5.0,-13.0,-5.0,-13.0,-6.0,-13.0,-6.0,-12.0,-6.0,-13.0,-6.0,-13.0,-6.0,-13.0,-7.0,-13.0,-6.0,-13.0,-6.0,-13.0,-7.0,-13.0
1.177,98.0,33.0,22.0,0.0,0.0,0.0,0.0,0.0,0.0,0.0,0.0,0.0,2.0,-14.0,1.0,-16.0,0.0,-18.0,0.0,-20.0,-1.0,-21.0,-1.0,-21.0,-2.0,-20.0,-3.0,-19.0,-4.0,-17.0,-4.0,-14.0,-4.0,-10.0,-5.0,-7.0,-5.0,-3.0,-5.0,1.0,-4.0,5.0,-2.0,9.0,-1.0,13.0,0.0,15.0,3.0,18.0,5.0,20.0,7.0,22.0,7.0,23.0,8.0,22.0,9.0,20.0,8.0,18.0,8.0,16.0
1.1913,122.0,-96.0,7.0,0.0,0.0,0.0,0.0,0.0,0.0,0.0,0.0,0.0,-13.0,16.0,-13.0,16.0,-13.0,16.0,-13.0,16.0,-14.0,16.0,-14.0,17.0,-14.0,17.0,-14.0,17.0,-14.0,17.0,-14.0,17.0,-14.0,18.0,-14.0,17.0,-14.0,18.0,-13.0,18.0,-14.0,18.0,-14.0,18.0,-14.0,18.0,-14.0,18.0,-14.0,19.0,-14.0,19.0,-14.0,19.0,-14.0,19.0,-14.0,19.0,-14.0,19.0,-14.0,19.0,-14.0,20.0
1.2055,122.0,-96.0,7.0,0.0,0.0,0.0,0.0,0.0,0.0,0.0,0.0,0.0,-3.0,23.0,-3.0,21.0,-3.0,18.0,-3.0,14.0,-3.0,10.0,-5.0,5.0,-6.0,0.0,-8.0,-4.0,-10.0,-8.0,-13.0,-12.0,-14.0,-15.0,-17.0,-17.0,-19.0,-19.0,-21.0,-19.0,-22.0,-19.0,-22.0,-18.0,-21.0,-17.0,-19.0,-15.0,-17.0,-13.0,-13.0,-11.0,-9.0,-9.0,-4.0,-7.0,2.0,-6.0,7.0,-5.0,12.0,-4.0,17.0,-5.0
1.2371,122.0,-96.0,7.0,0.0,0.0,0.0,0.0,0.0,0.0,0.0,0.0,0.0,-18.0,-7.0,-18.0,-7.0,-18.0,-7.0,-19.0,-7.0,-19.0,-7.0,-19.0,-7.0,-20.0,-7.0,-19.0,-7.0,-20.0,-7.0,-20.0,-7.0,-20.0,-7.0,-20.0,-7.0,-20.0,-7.0,-21.0,-7.0,-21.0,-7.0,-20.0,-6.0,-21.0,-7.0,-21.0,-7.0,-21.0,-7.0,-21.0,-6.0,-21.0,-7.0,-21.0,-6.0,-21.0,-6.0,-21.0,-6.0,-21.0,-6.0,-21.0,-6.0
1.2488,122.0,-96.0,7.0,0.0,0.0,0.0,0.0,0.0,0.0,0.0,0.0,0.0,5.0,9.0,5.0,9.0,5.0,10.0,5.0,10.0,5.0,10.0,5.0,10.0,5.0,10.0,6.0,10.0,6.0,10.0,6.0,10.0,6.0,11.0,6.0,11.0,6.0,11.0,6.0,11.0,7.0,10.0,6.0,11.0,6.0,11.0,7.0,11.0,7.0,11.0,7.0,11.0,7.0,11.0,7.0,11.0,7.0,11.0,7.0,11.0,7.0,11.0,7.0,11.0
1.2624,122.0,-96.0,7.0,0.0,0.0,0.0,0.0,0.0,0.0,0.0,0.0,0.0,9.0,4.0,10.0,3.0,10.0,3.0,10.0,4.0,10.0,4.0,11.0,4.0,10.0,3.0,11.0,3.0,10.0,4.0,11.0,4.0,11.0,3.0,11.0,4.0,11.0,4.0,11.0,4.0,11.0,3.0,11.0,3.0,11.0,3.0,12.0,3.0,12.0,3.0,12.0,3.0,12.0,3.0,12.0,3.0,12.0,3.0,12.0,3.0,12.0,3.0,13.0,3.0
1.2786,122.0,-96.0,7.0,0.0,0.0,0.0,0.0,0.0,0.0,0.0,0.0,0.0,-8.0,-11.0,-3.0,-8.0,3.0,-6.0,8.0,-5.0,14.0,-3.0,21.0,-4.0,25.0,-4.0,29.0,-4.0,32.0,-6.0,33.0,-7.0,34.0,-8.0,32.0,-9.0,30.0,-10.0,27.0,-10.0,23.0,-9.0,18.0,-6.0,14.0,-3.0,9.0,0.0,4.0,6.0,-1.0,10.0,-4.0,16.0,-7.0,21.0,-8.0,26.0,-9.0,30.0,-9.0,33.0,-8.0,35.0
1.2943,122.0,-96.0,7.0,0.0,0.0,0.0,0.0,0.0,0.0,0.0,0.0,0.0,-4.0,-10.0,-1.0,-6.0,3.0,-4.0,7.0,-2.0,12.0,0.0,16.0,1.0,20.0,1.0,23.0,1.0,26.0,1.0,27.0,0.0,27.0,-1.0,26.0,-2.0,25.0,-3.0,22.0,-4.0,18.0,-3.0,15.0,-2.0,10.0,0.0,6.0,3.0,1.0,6.0,-3.0,9.0,-7.0,12.0,-10.0,16.0,-12.0,20.0,-12.0,23.0,-13.0,25.0,-12.0,26.0
1.309,122.0,-96.0,7.0,0.0,0.0,0.0,0.0,0.0,0.0,0.0,0.0,0.0,-9.0,9.0,-8.0,9.0,-8.0,9.0,-9.0,9.0,-8.0,10.0,-9.0,10.0,-9.0,10.0,-8.0,11.0,-9.0,11.0,-9.0,11.0,-9.0,11.0,-9.0,11.0,-9.0,11.0,-9.0,11.0,-9.0,12.0,-9.0,12.0,-9.0,11.0,-8.0,12.0,-9.0,12.0,-8.0,12.0,-8.0,12.0,-8.0,12.0,-8.0,13.0,-8.0,13.0,-8.0,13.0,-9.0,13.0
1.3213,122.0,-96.0,7.0,0.0,0.0,0.0,0.0,0.0,0.0,0.0,0.0,0.0,6.0,10.0,1.0,7.0,-4.0,4.0,-10.0,2.0,-16.0,1.0,-21.0,0.0,-26.0,0.0,-30.0,1.0,-33.0,2.0,-35.0,3.0,-35.0,4.0,-34.0,5.0,-32.0,5.0,-29.0,6.0,-25.0,5.0,-20.0,3.0,-15.0,1.0,-10.0,-3.0,-4.0,-7.0,0.0,-11.0,5.0,-16.0,8.0,-21.0,10.0,-26.0,11.0,-30.0,12.0,-33.0,11.0,-35.0
1.3343,122.0,-96.0,7.0,0.0,0.0,0.0,0.0,0.0,0.0,0.0,0.0,0.0,2.0,-11.0,2.0,-12.0,2.0,-12.0,2.0,-12.0,2.0,-12.0,2.0,-12.0,2.0,-12.0,1.0,-13.0,2.0,-12.0,2.0,-13.0,2.0,-13.0,2.0,-13.0,2.0,-14.0,2.0,-13.0,2.0,-14.0,2.0,-13.0,1.0,-14.0,1.0,-14.0,2.0,-14.0,1.0,-14.0,1.0,-14.0,1.0,-14.0,1.0,-15.0,1.0,-14.0,1.0,-14.0,1.0,-14.0
1.3496,122.0,-96.0,7.0,0.0,0.0,0.0,0.0,0.0,0.0,0.0,0.0,0.0,-24.0,1.0,-22.0,1.0,-18.0,1.0,-15.0,0.0,-10.0,-1.0,-6.0,-4.0,-2.0,-6.0,2.0,-9.0,6.0,-12.0,8.0,-15.0,11.0,-18.0,13.0,-21.0,14.0,-23.0,13.0,-25.0,13.0,-26.0,12.0,-25.0,11.0,-24.0,9.0,-21.0,8.0,-18.0,6.0,-14.0,6.0,-9.0,5.0,-4.0,6.0,2.0,6.0,7.0,6.0,12.0,8.0,17.0
1.3622,122.0,-96.0,7.0,0.0,0.0,0.0,0.0,0.0,0.0,0.0,0.0,0.0,-5.0,9.0,-5.0,5.0,-6.0,-1.0,-8.0,-6.0,-10.0,-11.0,-13.0,-15.0,-15.0,-18.0,-18.0,-20.0,-21.0,-22.0,-22.0,-22.0,-23.0,-21.0,-23.0,-20.0,-22.0,-18.0,-21.0,-16.0,-17.0,-13.0,-13.0,-11.0,-8.0,-9.0,-3.0,-8.0,3.0,-7.0,9.0,-6.0,14.0,-6.0,20.0,-7.0,24.0,-9.0,27.0,-11.0,28.0,-12.0,29.0,-13.0
1.376,122.0,-96.0,7.0,0.0,0.0,0.0,0.0,0.0,0.0,0.0,0.0,0.0,-19.0,-11.0,-21.0,-11.0,-22.0,-11.0,-21.0,-10.0,-21.0,-10.0,-19.0,-9.0,-17.0,-8.0,-13.0,-7.0,-10.0,-6.0,-5.0,-6.0,-1.0,-5.0,4.0,-6.0,9.0,-7.0,13.0,-7.0,16.0,-8.0,19.0,-10.0,21.0,-11.0,22.0,-12.0,22.0,-13.0,22.0,-14.0,21.0,-13.0,19.0,-12.0,16.0,-11.0,13.0,-9.0,10.0,-6.0,7.0,-3.0
1.3899,122.0,-96.0,7.0,0.0,0.0,0.0,0.0,0.0,0.0,0.0,0.0,0.0,-13.0,-1.0,-13.0,0.0,-13.0,-1.0,-13.0,0.0,-14.0,-1.0,-14.0,-1.0,-14.0,0.0,-14.0,0.0,-14.0,0.0,-14.0,0.0,-15.0,0.0,-15.0,0.0,-15.0,0.0,-15.0,0.0,-15.0,0.0,-15.0,0.0,-15.0,1.0,-15.0,1.0,-15.0,1.0,-16.0,1.0,-16.0,1.0,-15.0,2.0,-15.0,1.0,-16.0,2.0,-16.0,1.0,-16.0,2.0
1.4029,122.0,-96.0,7.0,0.0,0.0,0.0,0.0,0.0,0.0,0.0,0.0,0.0,-11.0,4.0,-15.0,5.0,-19.0,7.0,-22.0,8.0,-24.0,9.0,-25.0,11.0,-25.0,12.0,-25.0,12.0,-23.0,12.0,-20.0,11.0,-18.0,9.0,-15.0,6.0,-11.0,3.0,-8.0,0.0,-4.0,-4.0,-2.0,-9.0,0.0,-14.0,2.0,-17.0,2.0,-22.0,3.0,-25.0,3.0,-28.0,2.0,-29.0,1.0,-30.0,1.0,-29.0,-1.0,-28.0,-1.0,-25.0
1.4167,122.0,-96.0,7.0,0.0,0.0,0.0,0.0,0.0,0.0,0.0,0.0,0.0,19.0,9.0,21.0,9.0,21.0,9.0,21.0,8.0,20.0,7.0,18.0,7.0,16.0,6.0,13.0,5.0,9.0,4.0,4.0,5.0,0.0,5.0,-4.0,5.0,-9.0,6.0,-13.0,7.0,-17.0,8.0,-19.0,10.0,-21.0,11.0,-23.0,12.0,-23.0,13.0,-22.0,13.0,-21.0,13.0,-19.0,12.0,-16.0,11.0,-14.0,9.0,-10.0,6.0,-8.0,2.0
1.4302,122.0,-96.0,7.0,0.0,0.0,0.0,0.0,0.0,0.0,0.0,0.0,0.0,6.0,10.0,7.0,15.0,9.0,19.0,10.0,22.0,11.0,24.0,13.0,26.0,14.0,26.0,15.0,25.0,15.0,24.0,13.0,21.0,11.0,19.0,8.0,15.0,5.0,12.0,1.0,8.0,-3.0,5.0,-8.0,2.0,-14.0,0.0,-18.0,-3.0,-24.0,-3.0,-27.0,-3.0,-31.0,-3.0,-33.0,-3.0,-33.0,-2.0,-33.0,-2.0,-32.0,0.0,-28.0,0.0
1.4438,122.0,-96.0,7.0,0.0,0.0,0.0,0.0,0.0,0.0,0.0,0.0,0.0,11.0,-1.0,6.0,2.0,2.0,4.0,-2.0,8.0,-6.0,11.0,-9.0,15.0,-12.0,19.0,-13.0,22.0,-14.0,25.0,-14.0,26.0,-13.0,28.0,-12.0,27.0,-11.0,26.0,-9.0,25.0,-8.0,21.0,-7.0,17.0,-6.0,12.0,-6.0,7.0,-7.0,1.0,-8.0,-5.0,-9.0,-10.0,-12.0,-15.0,-14.0,-19.0,-17.0,-22.0,-19.0,-24.0,-21.0,-25.0
1.4585,122.0,-96.0,7.0,0.0,0.0,0.0,0.0,0.0,0.0,0.0,0.0,0.0,20.0,-13.0,18.0,-12.0,15.0,-10.0,13.0,-9.0,9.0,-6.0,6.0,-2.0,4.0,2.0,2.0,7.0,0.0,12.0,-1.0,16.0,-1.0,19.0,-2.0,22.0,-2.0,25.0,0.0,27.0,0.0,28.0,1.0,27.0,2.0,26.0,2.0,24.0,2.0,20.0,1.0,17.0,-1.0,12.0,-2.0,8.0,-5.0,3.0,-8.0,-1.0,-11.0,-6.0,-15.0,-9.0
1.4721,122.0,-96.0,7.0,0.0,0.0,0.0,0.0,0.0,0.0,0.0,0.0,0.0,6.0,11.0,7.0,15.0,8.0,19.0,9.0,23.0,11.0,24.0,12.0,26.0,14.0,26.0,14.0,26.0,14.0,24.0,13.0,22.0,10.0,19.0,8.0,16.0,5.0,12.0,1.0,8.0,-3.0,5.0,-8.0,2.0,-14.0,-1.0,-18.0,-3.0,-24.0,-3.0,-27.0,-4.0,-31.0,-4.0,-32.0,-4.0,-33.0,-3.0,-33.0,-1.0,-32.0,0.0,-29.0,0.0
1.4862,122.0,-96.0,7.0,0.0,0.0,0.0,0.0,0.0,0.0,0.0,0.0,0.0,-3.0,13.0,-3.0,13.0,-3.0,14.0,-3.0,13.0,-3.0,14.0,-3.0,14.0,-3.0,14.0,-3.0,15.0,-3.0,14.0,-3.0,15.0,-3.0,15.0,-3.0,15.0,-3.0,15.0,-3.0,15.0,-2.0,15.0,-2.0,15.0,-2.0,15.0,-2.0,16.0,-2.0,16.0,-2.0,16.0,-2.0,16.0,-2.0,16.0,-2.0,16.0,-1.0,16.0,-1.0,16.0,-1.0,16.0
1.5004,122.0,-96.0,7.0,0.0,0.0,0.0,0.0,0.0,0.0,0.0,0.0,0.0,-8.0,-10.0,-9.0,-13.0,-12.0,-16.0,-13.0,-19.0,-15.0,-21.0,-17.0,-22.0,-18.0,-22.0,-18.0,-21.0,-17.0,-20.0,-16.0,-18.0,-13.0,-15.0,-10.0,-13.0,-7.0,-10.0,-2.0,-8.0,2.0,-5.0,7.0,-4.0,12.0,-2.0,17.0,-1.0,21.0,-1.0,24.0,-2.0,27.0,-2.0,28.0,-3.0,29.0,-4.0,28.0,-4.0,26.0,-5.0,24.0,-5.0
1.5153,122.0,-96.0,7.0,0.0,0.0,0.0,0.0,0.0,0.0,0.0,0.0,0.0,-9.0,-8.0,-4.0,-7.0,1.0,-6.0,6.0,-5.0,11.0,-6.0,17.0,-6.0,21.0,-7.0,24.0,-8.0,27.0,-10.0,28.0,-11.0,28.0,-12.0,27.0,-13.0,26.0,-13.0,23.0,-13.0,20.0,-11.0,16.0,-9.0,12.0,-6.0,9.0,-2.0,5.0,3.0,1.0,8.0,-1.0,13.0,-3.0,18.0,-3.0,23.0,-4.0,26.0,-4.0,29.0,-3.0,31.0
1.5197,98.0,33.0,22.0,0.0,0.0,0.0,0.0,0.0,0.0,0.0,0.0,0.0,10.0,-2.0,9.0,-6.0,8.0,-10.0,7.0,-16.0,7.0,-19.0,6.0,-23.0,5.0,-26.0,5.0,-27.0,3.0,-28.0,3.0,-27.0,1.0,-27.0,0.0,-25.0,-2.0,-23.0,-3.0,-19.0,-5.0,-14.0,-5.0,-10.0,-5.0,-4.0,-4.0,2.0,-3.0,8.0,-3.0,14.0,0.0,20.0,1.0,25.0,4.0,29.0,5.0,33.0,7.0,35.0,7.0,36.0
1.5342,122.0,-96.0,7.0,0.0,0.0,0.0,0.0,0.0,0.0,0.0,0.0,0.0,-11.0,-22.0,-13.0,-23.0,-13.0,-23.0,-14.0,-23.0,-14.0,-21.0,-13.0,-20.0,-11.0,-17.0,-9.0,-14.0,-6.0,-11.0,-2.0,-8.0,2.0,-5.0,7.0,-3.0,12.0,-1.0,16.0,1.0,20.0,2.0,23.0,3.0,26.0,3.0,27.0,3.0,29.0,3.0,28.0,2.0,27.0,1.0,24.0,1.0,21.0,0.0,17.0,0.0,12.0,0.0,8.0,2.0
1.5495,122.0,-96.0,7.0,0.0,0.0,0.0,0.0,0.0,0.0,0.0,0.0,0.0,-26.0,2.0,-24.0,2.0,-20.0,1.0,-16.0,0.0,-12.0,-1.0,-7.0,-4.0,-3.0,-7.0,2.0,-10.0,6.0,-14.0,9.0,-17.0,12.0,-20.0,13.0,-23.0,14.0,-26.0,13.0,-28.0,13.0,-29.0,11.0,-28.0,10.0,-27.0,9.0,-24.0,7.0,-20.0,6.0,-15.0,6.0,-10.0,6.0,-4.0,6.0,2.0,7.0,8.0,8.0,13.0,10.0,18.0
1.5633,122.0,-96.0,7.0,0.0,0.0,0.0,0.0,0.0,0.0,0.0,0.0,0.0,-20.0,-13.0,-19.0,-12.0,-16.0,-10.0,-13.0,-9.0,-9.0,-7.0,-4.0,-7.0,1.0,-6.0,6.0,-6.0,11.0,-7.0,15.0,-7.0,18.0,-8.0,21.0,-10.0,23.0,-11.0,24.0,-12.0,25.0,-13.0,24.0,-14.0,22.0,-14.0,20.0,-13.0,17.0,-11.0,14.0,-8.0,10.0,-5.0,7.0,-1.0,4.0,4.0,1.0,8.0,-1.0,12.0,-2.0,17.0
1.5776,122.0,-96.0,7.0,0.0,0.0,0.0,0.0,0.0,0.0,0.0,0.0,0.0,-7.0,6.0,-7.0,7.0,-7.0,7.0,-8.0,8.0,-8.0,8.0,-8.0,7.0,-7.0,8.0,-8.0,8.0,-8.0,8.0,-8.0,8.0,-7.0,8.0,-8.0,8.0,-8.0,9.0,-7.0,9.0,-8.0,9.0,-8.0,8.0,-8.0,9.0,-8.0,9.0,-8.0,9.0,-8.0,9.0,-8.0,9.0,-8.0,9.0,-8.0,10.0,-7.0,10.0,-7.0,10.0,-8.0,10.0
1.5911,122.0,-96.0,7.0,0.0,0.0,0.0,0.0,0.0,0.0,0.0,0.0,0.0,21.0,-4.0,22.0,-5.0,22.0,-5.0,22.0,-6.0,20.0,-6.0,19.0,-6.0,16.0,-5.0,13.0,-3.0,10.0,-2.0,6.0,1.0,2.0,4.0,-1.0,7.0,-4.0,10.0,-7.0,13.0,-9.0,17.0,-10.0,19.0,-11.0,21.0,-12.0,22.0,-11.0,23.0,-10.0,23.0,-10.0,22.0,-8.0,20.0,-7.0,17.0,-6.0,13.0,-5.0,9.0,-5.0,4.0
1.6058,122.0,-96.0,7.0,0.0,0.0,0.0,0.0,0.0,0.0,0.0,0.0,0.0,11.0,0.0,15.0,2.0,19.0,2.0,21.0,3.0,24.0,3.0,26.0,3.0,27.0,2.0,26.0,1.0,25.0,1.0,23.0,0.0,19.0,1.0,16.0,1.0,12.0,1.0,7.0,3.0,2.0,4.0,-2.0,7.0,-7.0,10.0,-11.0,12.0,-14.0,16.0,-16.0,18.0,-17.0,21.0,-18.0,22.0,-18.0,23.0,-16.0,24.0,-14.0,23.0,-13.0,21.0
1.6206,122.0,-96.0,7.0,0.0,0.0,0.0,0.0,0.0,0.0,0.0,0.0,0.0,11.0,-2.0,6.0,0.0,3.0,4.0,-1.0,8.0,-4.0,12.0,-6.0,17.0,-8.0,20.0,-9.0,24.0,-9.0,27.0,-9.0,28.0,-8.0,29.0,-7.0,29.0,-6.0,28.0,-4.0,26.0,-4.0,22.0,-4.0,17.0,-4.0,13.0,-5.0,8.0,-7.0,2.0,-8.0,-3.0,-11.0,-9.0,-14.0,-13.0,-17.0,-17.0,-20.0,-19.0,-22.0,-20.0,-24.0,-22.0
1.6337,122.0,-96.0,7.0,0.0,0.0,0.0,0.0,0.0,0.0,0.0,0.0,0.0,-8.0,25.0,-7.0,27.0,-7.0,28.0,-6.0,27.0,-5.0,26.0,-5.0,23.0,-4.0,21.0,-4.0,16.0,-5.0,11.0,-6.0,6.0,-6.0,0.0,-9.0,-5.0,-11.0,-10.0,-13.0,-14.0,-16.0,-18.0,-18.0,-21.0,-20.0,-22.0,-22.0,-24.0,-23.0,-23.0,-23.0,-22.0,-22.0,-21.0,-20.0,-18.0,-18.0,-16.0,-14.0,-12.0,-9.0,-9.0,-4.0,-8.0
1.6555,122.0,-96.0,7.0,0.0,0.0,0.0,0.0,0.0,0.0,0.0,0.0,0.0,18.0,-16.0,19.0,-18.0,19.0,-18.0,18.0,-18.0,17.0,-18.0,16.0,-16.0,14.0,-14.0,11.0,-11.0,9.0,-8.0,7.0,-3.0,5.0,1.0,4.0,6.0,3.0,11.0,2.0,15.0,1.0,20.0,2.0,23.0,2.0,26.0,2.0,27.0,3.0,28.0,4.0,28.0,4.0,27.0,4.0,24.0,4.0,21.0,3.0,17.0,1.0,12.0,-1.0,8.0
1.669,122.0,-96.0,7.0,0.0,0.0,0.0,0.0,0.0,0.0,0.0,0.0,0.0,4.0,-10.0,5.0,-11.0,4.0,-11.0,5.0,-11.0,5.0,-11.0,5.0,-12.0,5.0,-11.0,5.0,-12.0,5.0,-11.0,5.0,-12.0,5.0,-12.0,5.0,-12.0,5.0,-12.0,5.0,-12.0,5.0,-13.0,5.0,-12.0,5.0,-13.0,5.0,-12.0,5.0,-13.0,5.0,-12.0,5.0,-13.0,5.0,-13.0,5.0,-13.0,5.0,-13.0,5.0,-13.0,5.0,-13.0
1.6846,122.0,-96.0,7.0,0.0,0.0,0.0,0.0,0.0,0.0,0.0,0.0,0.0,-14.0,-3.0,-15.0,-2.0,-15.0,-3.0,-15.0,-3.0,-15.0,-2.0,-15.0,-2.0,-15.0,-2.0,-16.0,-2.0,-16.0,-2.0,-16.0,-2.0,-16.0,-2.0,-16.0,-2.0,-16.0,-2.0,-17.0,-2.0,-16.0,-2.0,-17.0,-2.0,-16.0,-1.0,-17.0,-1.0,-17.0,-1.0,-17.0,-1.0,-17.0,-1.0,-17.0,0.0,-17.0,0.0,-17.0,-1.0,-18.0,-1.0,-17.0,0.0
1.6982,122.0,-96.0,7.0,0.0,0.0,0.0,0.0,0.0,0.0,0.0,0.0,0.0,6.0,23.0,7.0,24.0,8.0,24.0,8.0,23.0,8.0,22.0,7.0,20.0,6.0,17.0,4.0,14.0,1.0,10.0,-2.0,6.0,-5.0,2.0,-10.0,-1.0,-14.0,-3.0,-18.0,-5.0,-21.0,-7.0,-24.0,-8.0,-26.0,-8.0,-28.0,-8.0,-28.0,-7.0,-28.0,-6.0,-26.0,-6.0,-23.0,-5.0,-20.0,-4.0,-15.0,-4.0,-10.0,-4.0,-5.0,-5.0
1.7123,122.0,-96.0,7.0,0.0,0.0,0.0,0.0,0.0,0.0,0.0,0.0,0.0,21.0,-2.0,23.0,-3.0,23.0,-3.0,22.0,-4.0,21.0,-4.0,19.0,-4.0,16.0,-3.0,13.0,-2.0,9.0,0.0,5.0,2.0,1.0,4.0,-2.0,8.0,-5.0,11.0,-8.0,14.0,-10.0,17.0,-11.0,19.0,-12.0,21.0,-12.0,22.0,-11.0,23.0,-10.0,23.0,-9.0,21.0,-8.0,19.0,-6.0,16.0,-6.0,11.0,-5.0,7.0,-5.0,3.0
1.7261,122.0,-96.0,7.0,0.0,0.0,0.0,0.0,0.0,0.0,0.0,0.0,0.0,7.0,-9.0,8.0,-8.0,8.0,-8.0,8.0,-9.0,7.0,-9.0,8.0,-9.0,8.0,-9.0,8.0,-10.0,8.0,-9.0,8.0,-10.0,8.0,-10.0,8.0,-10.0,8.0,-9.0,8.0,-10.0,8.0,-10.0,8.0,-10.0,8.0,-11.0,8.0,-11.0,8.0,-10.0,8.0,-10.0,8.0,-11.0,8.0,-11.0,8.0,-12.0,8.0,-11.0,8.0,-11.0,7.0,-11.0
1.7394,122.0,-96.0,7.0,0.0,0.0,0.0,0.0,0.0,0.0,0.0,0.0,0.0,-25.0,1.0,-26.0,2.0,-26.0,2.0,-25.0,2.0,-24.0,3.0,-22.0,3.0,-19.0,2.0,-15.0,1.0,-11.0,-1.0,-7.0,-3.0,-2.0,-6.0,2.0,-9.0,5.0,-13.0,8.0,-16.0,10.0,-19.0,12.0,-22.0,13.0,-24.0,13.0,-25.0,12.0,-26.0,11.0,-26.0,10.0,-25.0,8.0,-22.0,7.0,-19.0,6.0,-14.0,4.0,-9.0,5.0,-4.0
1.7533,122.0,-96.0,7.0,0.0,0.0,0.0,0.0,0.0,0.0,0.0,0.0,0.0,1.0,-24.0,0.0,-26.0,-1.0,-26.0,-1.0,-26.0,-2.0,-25.0,-2.0,-22.0,-2.0,-19.0,-1.0,-16.0,0.0,-12.0,3.0,-7.0,5.0,-3.0,8.0,2.0,11.0,5.0,14.0,9.0,17.0,12.0,19.0,13.0,21.0,14.0,23.0,15.0,24.0,15.0,24.0,13.0,23.0,13.0,21.0,11.0,18.0,9.0,14.0,7.0,9.0,6.0,4.0,5.0
1.7693,122.0,-96.0,7.0,0.0,0.0,0.0,0.0,0.0,0.0,0.0,0.0,0.0,-1.0,23.0,-1.0,21.0,-1.0,18.0,-1.0,14.0,-3.0,9.0,-4.0,5.0,-7.0,1.0,-9.0,-4.0,-12.0,-8.0,-14.0,-11.0,-17.0,-13.0,-20.0,-15.0,-22.0,-16.0,-24.0,-15.0,-25.0,-15.0,-24.0,-14.0,-23.0,-13.0,-20.0,-11.0,-17.0,-9.0,-13.0,-8.0,-8.0,-7.0,-3.0,-6.0,2.0,-6.0,7.0,-7.0,12.0,-7.0,17.0,-9.0
1.7793,122.0,-96.0,7.0,0.0,0.0,0.0,0.0,0.0,0.0,0.0,0.0,0.0,21.0,8.0,20.0,7.0,17.0,6.0,13.0,5.0,9.0,4.0,4.0,5.0,-1.0,5.0,-6.0,6.0,-10.0,8.0,-14.0,10.0,-17.0,11.0,-20.0,13.0,-21.0,15.0,-22.0,16.0,-22.0,18.0,-21.0,18.0,-20.0,17.0,-17.0,16.0,-15.0,14.0,-12.0,11.0,-10.0,6.0,-7.0,2.0,-6.0,-3.0,-4.0,-8.0,-3.0,-13.0,-3.0,-18.0
1.7919,122.0,-96.0,7.0,0.0,0.0,0.0,0.0,0.0,0.0,0.0,0.0,0.0,-2.0,10.0,-3.0,6.0,-6.0,1.0,-9.0,-3.0,-13.0,-7.0,-17.0,-10.0,-20.0,-12.0,-23.0,-13.0,-26.0,-14.0,-28.0,-13.0,-29.0,-13.0,-28.0,-11.0,-26.0,-10.0,-25.0,-8.0,-20.0,-7.0,-16.0,-7.0,-11.0,-6.0,-5.0,-6.0,1.0,-8.0,6.0,-9.0,11.0,-11.0,15.0,-14.0,19.0,-17.0,21.0,-20.0,22.0,-22.0,22.0,-23.0
1.8053,122.0,-96.0,7.0,0.0,0.0,0.0,0.0,0.0,0.0,0.0,0.0,0.0,-11.0,0.0,-7.0,-2.0,-3.0,-5.0,0.0,-8.0,3.0,-12.0,6.0,-16.0,8.0,-18.0,9.0,-21.0,9.0,-24.0,9.0,-26.0,9.0,-26.0,8.0,-26.0,7.0,-25.0,5.0,-24.0,4.0,-21.0,4.0,-17.0,4.0,-12.0,4.0,-7.0,5.0,-2.0,7.0,3.0,8.0,7.0,11.0,11.0,14.0,15.0,16.0,17.0,18.0,18.0,20.0,19.0
1.8186,122.0,-96.0,7.0,0.0,0.0,0.0,0.0,0.0,0.0,0.0,0.0,0.0,13.0,3.0,14.0,3.0,13.0,3.0,14.0,3.0,14.0,3.0,15.0,3.0,14.0,3.0,15.0,3.0,14.0,3.0,14.0,3.0,15.0,3.0,15.0,3.0,15.0,3.0,16.0,3.0,16.0,3.0,15.0,3.0,16.0,3.0,15.0,3.0,16.0,3.0,16.0,3.0,16.0,3.0,16.0,3.0,16.0,2.0,16.0,2.0,16.0,3.0,17.0,2.0
1.8321,122.0,-96.0,7.0,0.0,0.0,0.0,0.0,0.0,0.0,0.0,0.0,0.0,-22.0,-10.0,-24.0,-10.0,-24.0,-9.0,-25.0,-9.0,-24.0,-8.0,-22.0,-7.0,-19.0,-6.0,-16.0,-6.0,-11.0,-5.0,-6.0,-6.0,-1.0,-6.0,4.0,-7.0,8.0,-9.0,13.0,-10.0,16.0,-12.0,19.0,-14.0,21.0,-15.0,22.0,-17.0,22.0,-18.0,21.0,-18.0,21.0,-18.0,18.0,-17.0,16.0,-15.0,13.0,-12.0,10.0,-8.0,8.0,-5.0
1.8461,122.0,-96.0,7.0,0.0,0.0,0.0,0.0,0.0,0.0,0.0,0.0,0.0,10.0,-22.0,10.0,-24.0,10.0,-24.0,9.0,-24.0,8.0,-23.0,7.0,-21.0,6.0,-18.0,6.0,-15.0,5.0,-10.0,5.0,-5.0,5.0,0.0,6.0,4.0,8.0,9.0,9.0,14.0,11.0,17.0,12.0,20.0,14.0,22.0,15.0,23.0,16.0,23.0,16.0,22.0,16.0,21.0,14.0,18.0,13.0,15.0,10.0,12.0,6.0,9.0,2.0,6.0
1.8604,122.0,-96.0,7.0,0.0,0.0,0.0,0.0,0.0,0.0,0.0,0.0,0.0,-6.0,10.0,-9.0,13.0,-11.0,16.0,-13.0,19.0,-13.0,20.0,-14.0,23.0,-13.0,23.0,-12.0,23.0,-11.0,22.0,-10.0,20.0,-9.0,16.0,-8.0,12.0,-7.0,8.0,-6.0,3.0,-6.0,-2.0,-7.0,-7.0,-8.0,-12.0,-9.0,-16.0,-11.0,-20.0,-13.0,-23.0,-15.0,-25.0,-16.0,-25.0,-17.0,-25.0,-16.0,-24.0,-16.0,-21.0,-15.0,-19.0
1.8743,122.0,-96.0,7.0,0.0,0.0,0.0,0.0,0.0,0.0,0.0,0.0,0.0,9.0,-10.0,9.0,-10.0,9.0,-10.0,10.0,-11.0,10.0,-11.0,10.0,-11.0,10.0,-11.0,10.0,-12.0,10.0,-12.0,10.0,-11.0,11.0,-11.0,11.0,-12.0,10.0,-11.0,10.0,-12.0,10.0,-13.0,10.0,-12.0,10.0,-12.0,10.0,-13.0,10.0,-13.0,10.0,-13.0,10.0,-13.0,10.0,-13.0,10.0,-14.0,10.0,-14.0,10.0,-13.0,10.0,-14.0
1.8875,122.0,-96.0,7.0,0.0,0.0,0.0,0.0,0.0,0.0,0.0,0.0,0.0,1.0,-19.0,1.0,-19.0,1.0,-19.0,1.0,-19.0,0.0,-20.0,0.0,-20.0,0.0,-21.0,0.0,-20.0,0.0,-21.0,0.0,-21.0,0.0,-21.0,1.0,-21.0,0.0,-21.0,0.0,-21.0,0.0,-21.0,0.0,-21.0,0.0,-21.0,0.0,-22.0,0.0,-21.0,-1.0,-22.0,-1.0,-22.0,-1.0,-21.0,-1.0,-22.0,-1.0,-22.0,-1.0,-21.0,-1.0,-22.0
1.9012,122.0,-96.0,7.0,0.0,0.0,0.0,0.0,0.0,0.0,0.0,0.0,0.0,-1.0,13.0,-2.0,13.0,-2.0,14.0,-2.0,14.0,-2.0,15.0,-2.0,15.0,-1.0,15.0,-1.0,15.0,-1.0,15.0,-2.0,15.0,-1.0,15.0,-1.0,16.0,-2.0,15.0,-1.0,15.0,-1.0,15.0,-1.0,15.0,0.0,16.0,-1.0,16.0,0.0,16.0,0.0,16.0,0.0,16.0,0.0,16.0,0.0,16.0,0.0,17.0,1.0,17.0,1.0,17.0
1.9139,122.0,-96.0,7.0,0.0,0.0,0.0,0.0,0.0,0.0,0.0,0.0,0.0,5.0,-18.0,5.0,-18.0,5.0,-18.0,5.0,-18.0,5.0,-19.0,5.0,-19.0,5.0,-19.0,5.0,-19.0,4.0,-20.0,5.0,-20.0,5.0,-19.0,5.0,-19.0,5.0,-20.0,4.0,-20.0,4.0,-20.0,4.0,-20.0,4.0,-20.0,4.0,-21.0,4.0,-20.0,4.0,-21.0,4.0,-21.0,4.0,-21.0,4.0,-21.0,4.0,-21.0,4.0,-21.0,4.0,-21.0
1.9282,122.0,-96.0,7.0,0.0,0.0,0.0,0.0,0.0,0.0,0.0,0.0,0.0,8.0,9.0,10.0,13.0,12.0,17.0,13.0,19.0,16.0,21.0,18.0,23.0,19.0,22.0,19.0,22.0,19.0,20.0,17.0,17.0,14.0,15.0,10.0,13.0,7.0,10.0,2.0,7.0,-3.0,5.0,-9.0,4.0,-15.0,3.0,-19.0,2.0,-24.0,3.0,-28.0,4.0,-31.0,5.0,-32.0,6.0,-32.0,7.0,-31.0,7.0,-29.0,8.0,-26.0,8.0
1.9418,122.0,-96.0,7.0,0.0,0.0,0.0,0.0,0.0,0.0,0.0,0.0,0.0,-11.0,-5.0,-6.0,-5.0,-1.0,-6.0,3.0,-8.0,8.0,-10.0,12.0,-13.0,15.0,-16.0,17.0,-18.0,19.0,-21.0,19.0,-22.0,19.0,-24.0,18.0,-24.0,16.0,-23.0,14.0,-22.0,12.0,-19.0,10.0,-16.0,9.0,-11.0,7.0,-6.0,6.0,0.0,6.0,5.0,6.0,11.0,7.0,16.0,9.0,21.0,11.0,24.0,12.0,26.0,14.0,27.0
1.9571,122.0,-96.0,7.0,0.0,0.0,0.0,0.0,0.0,0.0,0.0,0.0,0.0,-1.0,-26.0,-1.0,-24.0,-1.0,-21.0,0.0,-17.0,1.0,-12.0,3.0,-8.0,6.0,-3.0,9.0,2.0,12.0,6.0,16.0,9.0,18.0,11.0,21.0,13.0,24.0,14.0,26.0,14.0,27.0,14.0,27.0,12.0,26.0,11.0,23.0,10.0,20.0,8.0,15.0,7.0,10.0,6.0,5.0,6.0,-1.0,6.0,-7.0,7.0,-12.0,8.0,-17.0,10.0
1.9618,98.0,33.0,22.0,0.0,0.0,0.0,0.0,0.0,0.0,0.0,0.0,0.0,-3.0,-21.0,-3.0,-17.0,-3.0,-14.0,-3.0,-10.0,-5.0,-5.0,-7.0,-3.0,-8.0,0.0,-10.0,7.0,-9.0,11.0,-9.0,14.0,-9.0,17.0,-11.0,19.0,-8.0,22.0,-7.0,24.0,-3.0,22.0,-3.0,22.0,0.0,21.0,-1.0,17.0,1.0,13.0,1.0,9.0,1.0,4.0,0.0,-1.0,-2.0,-6.0,-3.0,-11.0,-5.0,-17.0,-8.0,-22.0
1.9764,122.0,-96.0,7.0,0.0,0.0,0.0,0.0,0.0,0.0,0.0,0.0,0.0,4.0,-11.0,3.0,-11.0,4.0,-11.0,4.0,-11.0,3.0,-11.0,4.0,-12.0,4.0,-11.0,3.0,-12.0,3.0,-12.0,3.0,-12.0,3.0,-12.0,3.0,-12.0,3.0,-12.0,3.0,-12.0,3.0,-13.0,3.0,-12.0,3.0,-13.0,3.0,-13.0,3.0,-13.0,3.0,-13.0,2.0,-13.0,3.0,-13.0,2.0,-13.0,2.0,-13.0,2.0,-13.0,2.0,-14.0
1.9906,122.0,-96.0,7.0,0.0,0.0,0.0,0.0,0.0,0.0,0.0,0.0,0.0,-4.0,-13.0,-4.0,-17.0,-4.0,-22.0,-4.0,-24.0,-6.0,-27.0,-7.0,-29.0,-8.0,-29.0,-9.0,-29.0,-9.0,-27.0,-8.0,-25.0,-7.0,-21.0,-4.0,-17.0,-2.0,-13.0,1.0,-9.0,4.0,-4.0,9.0,-1.0,14.0,2.0,18.0,5.0,23.0,7.0,26.0,7.0,29.0,8.0,30.0,7.0,31.0,7.0,30.0,6.0,29.0,4.0,26.0,3.0
2.0052,122.0,-96.0,7.0,0.0,0.0,0.0,0.0,0.0,0.0,0.0,0.0,0.0,-14.0,2.0,-14.0,2.0,-15.0,2.0,-15.0,2.0,-15.0,2.0,-15.0,3.0,-15.0,2.0,-15.0,3.0,-15.0,2.0,-15.0,2.0,-16.0,2.0,-16.0,2.0,-16.0,2.0,-16.0,2.0,-16.0,2.0,-16.0,3.0,-16.0,3.0,-16.0,3.0,-16.0,3.0,-17.0,3.0,-17.0,3.0,-17.0,4.0,-17.0,4.0,-17.0,3.0,-17.0,3.0,-17.0,4.0
2.0198,122.0,-96.0,7.0,0.0,0.0,0.0,0.0,0.0,0.0,0.0,0.0,0.0,-10.0,4.0,-7.0,0.0,-5.0,-4.0,-3.0,-9.0,-2.0,-14.0,-1.0,-19.0,-1.0,-23.0,-2.0,-26.0,-2.0,-29.0,-3.0,-31.0,-5.0,-30.0,-5.0,-29.0,-6.0,-27.0,-6.0,-25.0,-5.0,-21.0,-3.0,-17.0,-1.0,-12.0,2.0,-8.0,6.0,-3.0,10.0,1.0,15.0,4.0,19.0,6.0,24.0,7.0,27.0,8.0,29.0,7.0,30.0,7.0
2.0353,122.0,-96.0,7.0,0.0,0.0,0.0,0.0,0.0,0.0,0.0,0.0,0.0,-12.0,8.0,-12.0,8.0,-12.0,8.0,-12.0,9.0,-12.0,9.0,-12.0,9.0,-12.0,9.0,-12.0,9.0,-12.0,10.0,-12.0,9.0,-13.0,9.0,-13.0,10.0,-13.0,9.0,-13.0,10.0,-12.0,10.0,-13.0,10.0,-13.0,10.0,-13.0,11.0,-12.0,11.0,-12.0,11.0,-13.0,11.0,-13.0,11.0,-13.0,12.0,-13.0,11.0,-12.0,11.0,-13.0,12.0
2.0478,122.0,-96.0,7.0,0.0,0.0,0.0,0.0,0.0,0.0,0.0,0.0,0.0,-1.0,12.0,-4.0,7.0,-7.0,2.0,-11.0,-3.0,-15.0,-7.0,-19.0,-10.0,-23.0,-12.0,-27.0,-14.0,-30.0,-15.0,-31.0,-14.0,-32.0,-13.0,-32.0,-12.0,-30.0,-10.0,-28.0,-8.0,-23.0,-7.0,-18.0,-7.0,-12.0,-7.0,-6.0,-7.0,1.0,-9.0,6.0,-10.0,12.0,-13.0,17.0,-16.0,20.0,-20.0,22.0,-23.0,24.0,-26.0,23.0,-27.0
2.0619,122.0,-96.0,7.0,0.0,0.0,0.0,0.0,0.0,0.0,0.0,0.0,0.0,3.0,10.0,3.0,10.0,3.0,10.0,4.0,11.0,4.0,11.0,4.0,11.0,4.0,11.0,4.0,11.0,4.0,11.0,4.0,11.0,4.0,11.0,4.0,11.0,4.0,11.0,5.0,11.0,5.0,11.0,5.0,11.0,5.0,11.0,5.0,11.0,6.0,11.0,5.0,11.0,6.0,11.0,6.0,12.0,6.0,11.0,6.0,12.0,6.0,11.0,6.0,12.0
2.0763,122.0,-96.0,7.0,0.0,0.0,0.0,0.0,0.0,0.0,0.0,0.0,0.0,10.0,-7.0,15.0,-8.0,19.0,-10.0,22.0,-11.0,24.0,-13.0,25.0,-14.0,25.0,-16.0,24.0,-16.0,23.0,-16.0,20.0,-14.0,17.0,-12.0,14.0,-9.0,11.0,-6.0,8.0,-2.0,5.0,3.0,2.0,8.0,0.0,14.0,-1.0,18.0,-1.0,24.0,-1.0,27.0,-1.0,30.0,0.0,31.0,2.0,32.0,2.0,31.0,4.0,29.0,3.0,26.0
2.0912,122.0,-96.0,7.0,0.0,0.0,0.0,0.0,0.0,0.0,0.0,0.0,0.0,-15.0,17.0,-13.0,16.0,-12.0,13.0,-10.0,10.0,-8.0,6.0,-7.0,2.0,-6.0,-3.0,-6.0,-8.0,-6.0,-13.0,-6.0,-17.0,-7.0,-20.0,-8.0,-23.0,-9.0,-25.0,-10.0,-26.0,-11.0,-26.0,-11.0,-25.0,-11.0,-24.0,-10.0,-21.0,-9.0,-17.0,-7.0,-14.0,-3.0,-11.0,1.0,-7.0,5.0,-4.0,9.0,-1.0,14.0,1.0,18.0,2.0
2.1056,122.0,-96.0,7.0,0.0,0.0,0.0,0.0,0.0,0.0,0.0,0.0,0.0,23.0,2.0,21.0,1.0,18.0,1.0,15.0,2.0,10.0,2.0,6.0,3.0,2.0,5.0,-3.0,7.0,-7.0,10.0,-10.0,12.0,-13.0,14.0,-15.0,17.0,-17.0,19.0,-17.0,21.0,-17.0,22.0,-16.0,22.0,-15.0,21.0,-13.0,19.0,-11.0,17.0,-10.0,14.0,-8.0,9.0,-7.0,5.0,-6.0,0.0,-6.0,-5.0,-6.0,-10.0,-7.0,-16.0
2.1179,122.0,-96.0,7.0,0.0,0.0,0.0,0.0,0.0,0.0,0.0,0.0,0.0,-21.0,11.0,-22.0,13.0,-22.0,14.0,-21.0,13.0,-20.0,14.0,-18.0,12.0,-16.0,11.0,-14.0,8.0,-11.0,5.0,-9.0,1.0,-6.0,-3.0,-4.0,-8.0,-2.0,-13.0,-1.0,-16.0,-1.0,-20.0,-1.0,-24.0,-1.0,-26.0,-1.0,-28.0,-2.0,-28.0,-4.0,-29.0,-4.0,-27.0,-4.0,-25.0,-4.0,-22.0,-3.0,-18.0,-2.0,-13.0,0.0,-9.0
2.1314,122.0,-96.0,7.0,0.0,0.0,0.0,0.0,0.0,0.0,0.0,0.0,0.0,2.0,-14.0,2.0,-14.0,2.0,-15.0,2.0,-15.0,2.0,-15.0,2.0,-15.0,2.0,-15.0,2.0,-16.0,2.0,-15.0,2.0,-16.0,1.0,-16.0,2.0,-16.0,2.0,-16.0,2.0,-17.0,2.0,-16.0,2.0,-16.0,1.0,-17.0,2.0,-17.0,1.0,-17.0,1.0,-17.0,1.0,-17.0,1.0,-17.0,1.0,-17.0,1.0,-17.0,1.0,-17.0,1.0,-18.0
2.1459,122.0,-96.0,7.0,0.0,0.0,0.0,0.0,0.0,0.0,0.0,0.0,0.0,-1.0,25.0,-1.0,23.0,-1.0,20.0,-2.0,16.0,-2.0,11.0,-4.0,6.0,-7.0,2.0,-10.0,-3.0,-13.0,-7.0,-16.0,-11.0,-18.0,-14.0,-21.0,-16.0,-24.0,-17.0,-26.0,-17.0,-27.0,-17.0,-27.0,-16.0,-26.0,-14.0,-23.0,-12.0,-20.0,-10.0,-16.0,-9.0,-11.0,-8.0,-5.0,-7.0,1.0,-7.0,6.0,-7.0,12.0,-8.0,17.0,-10.0
2.1592,122.0,-96.0,7.0,0.0,0.0,0.0,0.0,0.0,0.0,0.0,0.0,0.0,-11.0,4.0,-15.0,4.0,-18.0,5.0,-21.0,6.0,-23.0,7.0,-25.0,8.0,-25.0,9.0,-25.0,10.0,-24.0,10.0,-21.0,9.0,-19.0,7.0,-16.0,5.0,-12.0,3.0,-9.0,0.0,-5.0,-3.0,-3.0,-8.0,0.0,-13.0,2.0,-16.0,3.0,-21.0,3.0,-24.0,3.0,-27.0,3.0,-28.0,2.0,-29.0,1.0,-29.0,0.0,-28.0,-1.0,-25.0
2.1733,122.0,-96.0,7.0,0.0,0.0,0.0,0.0,0.0,0.0,0.0,0.0,0.0,14.0,-2.0,19.0,-1.0,24.0,0.0,27.0,-1.0,30.0,-1.0,32.0,-2.0,33.0,-4.0,32.0,-5.0,30.0,-5.0,27.0,-4.0,22.0,-3.0,18.0,-1.0,13.0,0.0,7.0,3.0,2.0,7.0,-3.0,11.0,-7.0,15.0,-11.0,20.0,-14.0,24.0,-14.0,28.0,-15.0,31.0,-15.0,33.0,-14.0,33.0,-14.0,31.0,-12.0,30.0,-10.0,27.0
2.1893,122.0,-96.0,7.0,0.0,0.0,0.0,0.0,0.0,0.0,0.0,0.0,0.0,-6.0,-10.0,-1.0,-8.0,3.0,-5.0,8.0,-4.0,13.0,-2.0,18.0,-2.0,22.0,-2.0,25.0,-2.0,28.0,-4.0,29.0,-4.0,29.0,-5.0,28.0,-6.0,26.0,-7.0,24.0,-7.0,20.0,-6.0,15.0,-4.0,11.0,-1.0,7.0,2.0,3.0,6.0,-1.0,10.0,-4.0,15.0,-6.0,19.0,-7.0,24.0,-8.0,27.0,-7.0,29.0,-7.0,30.0
2.2037,122.0,-96.0,7.0,0.0,0.0,0.0,0.0,0.0,0.0,0.0,0.0,0.0,3.0,-14.0,4.0,-14.0,4.0,-14.0,4.0,-14.0,4.0,-15.0,4.0,-15.0,3.0,-14.0,3.0,-15.0,4.0,-15.0,3.0,-15.0,3.0,-15.0,4.0,-16.0,4.0,-16.0,3.0,-16.0,3.0,-16.0,3.0,-16.0,2.0,-16.0,3.0,-16.0,3.0,-16.0,3.0,-17.0,3.0,-16.0,2.0,-17.0,2.0,-17.0,2.0,-17.0,2.0,-18.0,2.0,-17.0
2.2079,98.0,33.0,22.0,0.0,0.0,0.0,0.0,0.0,0.0,0.0,0.0,0.0,-5.0,7.0,-1.0,7.0,5.0,6.0,9.0,5.0,11.0,4.0,16.0,3.0,19.0,2.0,21.0,0.0,22.0,-1.0,22.0,-1.0,22.0,-2.0,20.0,-4.0,19.0,-5.0,15.0,-6.0,11.0,-5.0,8.0,-7.0,3.0,-5.0,-1.0,-2.0,-5.0,0.0,-11.0,3.0,-14.0,6.0,-17.0,9.0,-21.0,12.0,-23.0,15.0,-24.0,18.0,-23.0,18.0
2.2205,122.0,-96.0,7.0,0.0,0.0,0.0,0.0,0.0,0.0,0.0,0.0,0.0,-5.0,-13.0,-5.0,-17.0,-6.0,-21.0,-6.0,-24.0,-7.0,-27.0,-8.0,-28.0,-9.0,-29.0,-10.0,-28.0,-10.0,-26.0,-9.0,-23.0,-7.0,-20.0,-5.0,-16.0,-2.0,-12.0,1.0,-8.0,5.0,-4.0,10.0,-1.0,15.0,2.0,19.0,4.0,23.0,5.0,27.0,6.0,29.0,6.0,31.0,5.0,31.0,5.0,30.0,4.0,28.0,2.0,25.0,1.0
2.2331,122.0,-96.0,7.0,0.0,0.0,0.0,0.0,0.0,0.0,0.0,0.0,0.0,2.0,-11.0,2.0,-11.0,3.0,-12.0,2.0,-12.0,2.0,-12.0,2.0,-12.0,2.0,-12.0,2.0,-12.0,2.0,-12.0,2.0,-13.0,2.0,-12.0,3.0,-13.0,2.0,-13.0,2.0,-13.0,2.0,-13.0,2.0,-13.0,2.0,-13.0,2.0,-13.0,2.0,-14.0,2.0,-13.0,2.0,-14.0,2.0,-13.0,2.0,-14.0,1.0,-14.0,2.0,-14.0,1.0,-14.0
2.2485,122.0,-96.0,7.0,0.0,0.0,0.0,0.0,0.0,0.0,0.0,0.0,0.0,-4.0,25.0,-3.0,27.0,-3.0,28.0,-2.0,27.0,-2.0,26.0,-2.0,24.0,-1.0,20.0,-2.0,17.0,-3.0,12.0,-5.0,7.0,-7.0,1.0,-9.0,-3.0,-12.0,-8.0,-15.0,-12.0,-18.0,-15.0,-20.0,-17.0,-23.0,-19.0,-24.0,-20.0,-26.0,-19.0,-26.0,-18.0,-25.0,-17.0,-23.0,-15.0,-20.0,-13.0,-15.0,-10.0,-10.0,-8.0,-5.0,-7.0
2.2622,122.0,-96.0,7.0,0.0,0.0,0.0,0.0,0.0,0.0,0.0,0.0,0.0,-11.0,-1.0,-12.0,-1.0,-12.0,-1.0,-12.0,-1.0,-12.0,-1.0,-13.0,0.0,-13.0,0.0,-13.0,-1.0,-12.0,0.0,-13.0,-1.0,-13.0,0.0,-13.0,0.0,-13.0,0.0,-13.0,0.0,-13.0,0.0,-13.0,0.0,-14.0,0.0,-13.0,0.0,-14.0,0.0,-14.0,0.0,-14.0,0.0,-14.0,1.0,-13.0,1.0,-14.0,1.0,-14.0,1.0,-14.0,1.0
2.2768,122.0,-96.0,7.0,0.0,0.0,0.0,0.0,0.0,0.0,0.0,0.0,0.0,8.0,8.0,11.0,12.0,14.0,15.0,16.0,17.0,18.0,19.0,21.0,19.0,22.0,19.0,22.0,18.0,21.0,17.0,19.0,15.0,15.0,13.0,11.0,11.0,7.0,9.0,2.0,7.0,-3.0,6.0,-9.0,5.0,-15.0,5.0,-20.0,5.0,-24.0,7.0,-27.0,8.0,-29.0,10.0,-30.0,11.0,-30.0,12.0,-29.0,12.0,-26.0,12.0,-23.0,11.0
2.2904,122.0,-96.0,7.0,0.0,0.0,0.0,0.0,0.0,0.0,0.0,0.0,0.0,8.0,7.0,8.0,7.0,8.0,7.0,8.0,7.0,8.0,7.0,8.0,7.0,8.0,7.0,8.0,8.0,9.0,7.0,9.0,7.0,9.0,8.0,9.0,7.0,9.0,8.0,9.0,7.0,10.0,7.0,10.0,8.0,10.0,7.0,10.0,7.0,10.0,7.0,10.0,7.0,10.0,7.0,10.0,7.0,11.0,7.0,10.0,7.0,11.0,7.0,11.0,7.0
2.3064,122.0,-96.0,7.0,0.0,0.0,0.0,0.0,0.0,0.0,0.0,0.0,0.0,-23.0,4.0,-21.0,4.0,-18.0,3.0,-15.0,2.0,-12.0,1.0,-8.0,-2.0,-5.0,-5.0,-1.0,-8.0,2.0,-12.0,4.0,-16.0,6.0,-18.0,7.0,-21.0,8.0,-24.0,7.0,-26.0,7.0,-27.0,6.0,-27.0,5.0,-26.0,4.0,-24.0,3.0,-21.0,3.0,-17.0,3.0,-13.0,4.0,-8.0,5.0,-3.0,7.0,2.0,8.0,6.0,12.0,10.0
2.3203,122.0,-96.0,7.0,0.0,0.0,0.0,0.0,0.0,0.0,0.0,0.0,0.0,-16.0,20.0,-15.0,18.0,-13.0,15.0,-11.0,12.0,-9.0,8.0,-8.0,3.0,-7.0,-2.0,-7.0,-8.0,-7.0,-13.0,-7.0,-17.0,-8.0,-21.0,-9.0,-24.0,-11.0,-27.0,-12.0,-28.0,-13.0,-29.0,-14.0,-27.0,-14.0,-26.0,-13.0,-23.0,-11.0,-20.0,-9.0,-16.0,-5.0,-13.0,-1.0,-9.0,4.0,-6.0,8.0,-2.0,13.0,0.0,19.0,1.0
2.3335,122.0,-96.0,7.0,0.0,0.0,0.0,0.0,0.0,0.0,0.0,0.0,0.0,-11.0,-7.0,-14.0,-10.0,-18.0,-13.0,-20.0,-15.0,-22.0,-16.0,-25.0,-16.0,-25.0,-16.0,-26.0,-14.0,-25.0,-13.0,-23.0,-12.0,-19.0,-11.0,-15.0,-10.0,-11.0,-8.0,-5.0,-8.0,0.0,-7.0,5.0,-7.0,11.0,-9.0,16.0,-10.0,20.0,-12.0,23.0,-14.0,25.0,-16.0,26.0,-17.0,26.0,-19.0,25.0,-18.0,23.0,-19.0,20.0,-17.0
2.346,122.0,-96.0,7.0,0.0,0.0,0.0,0.0,0.0,0.0,0.0,0.0,0.0,-11.0,-9.0,-14.0,-14.0,-17.0,-17.0,-19.0,-20.0,-22.0,-22.0,-24.0,-22.0,-26.0,-22.0,-27.0,-21.0,-26.0,-19.0,-23.0,-17.0,-19.0,-15.0,-15.0,-13.0,-11.0,-11.0,-5.0,-9.0,1.0,-8.0,7.0,-7.0,14.0,-8.0,19.0,-9.0,24.0,-11.0,27.0,-13.0,30.0,-15.0,31.0,-16.0,31.0,-17.0,30.0,-17.0,28.0,-18.0,25.0,-16.0
2.3619,122.0,-96.0,7.0,0.0,0.0,0.0,0.0,0.0,0.0,0.0,0.0,0.0,-8.0,-8.0,-9.0,-8.0,-9.0,-8.0,-8.0,-8.0,-9.0,-7.0,-10.0,-8.0,-10.0,-7.0,-10.0,-7.0,-10.0,-8.0,-10.0,-9.0,-10.0,-8.0,-10.0,-9.0,-10.0,-8.0,-10.0,-8.0,-11.0,-8.0,-11.0,-8.0,-10.0,-8.0,-11.0,-8.0,-11.0,-8.0,-11.0,-8.0,-11.0,-8.0,-11.0,-8.0,-11.0,-8.0,-11.0,-8.0,-12.0,-8.0,-11.0,-8.0
2.376,122.0,-96.0,7.0,0.0,0.0,0.0,0.0,0.0,0.0,0.0,0.0,0.0,-12.0,4.0,-11.0,5.0,-12.0,5.0,-12.0,5.0,-12.0,5.0,-12.0,5.0,-12.0,5.0,-12.0,6.0,-12.0,5.0,-12.0,6.0,-13.0,6.0,-13.0,6.0,-13.0,6.0,-13.0,6.0,-13.0,6.0,-12.0,6.0,-13.0,6.0,-13.0,7.0,-12.0,7.0,-13.0,7.0,-13.0,7.0,-12.0,8.0,-13.0,8.0,-13.0,8.0,-13.0,8.0,-13.0,8.0
2.3921,122.0,-96.0,7.0,0.0,0.0,0.0,0.0,0.0,0.0,0.0,0.0,0.0,-3.0,-16.0,-4.0,-16.0,-3.0,-17.0,-4.0,-17.0,-4.0,-17.0,-4.0,-17.0,-4.0,-17.0,-5.0,-18.0,-4.0,-18.0,-4.0,-18.0,-4.0,-18.0,-4.0,-18.0,-4.0,-18.0,-5.0,-18.0,-5.0,-18.0,-5.0,-19.0,-6.0,-19.0,-5.0,-19.0,-6.0,-19.0,-6.0,-19.0,-6.0,-19.0,-6.0,-19.0,-6.0,-18.0,-7.0,-19.0,-6.0,-19.0,-7.0,-20.0
2.4065,122.0,-96.0,7.0,0.0,0.0,0.0,0.0,0.0,0.0,0.0,0.0,0.0,11.0,-3.0,16.0,-2.0,20.0,-2.0,23.0,-3.0,26.0,-3.0,28.0,-4.0,29.0,-5.0,28.0,-6.0,27.0,-7.0,24.0,-6.0,21.0,-5.0,17.0,-3.0,13.0,-2.0,9.0,1.0,4.0,4.0,1.0,8.0,-3.0,12.0,-5.0,16.0,-8.0,21.0,-9.0,24.0,-10.0,27.0,-10.0,29.0,-9.0,30.0,-8.0,30.0,-6.0,29.0,-5.0,27.0
2.4221,122.0,-96.0,7.0,0.0,0.0,0.0,0.0,0.0,0.0,0.0,0.0,0.0,-6.0,-10.0,-6.0,-10.0,-6.0,-10.0,-7.0,-10.0,-7.0,-10.0,-7.0,-10.0,-7.0,-10.0,-7.0,-10.0,-8.0,-10.0,-8.0,-10.0,-8.0,-10.0,-8.0,-10.0,-8.0,-11.0,-8.0,-10.0,-8.0,-10.0,-8.0,-10.0,-8.0,-11.0,-9.0,-10.0,-9.0,-10.0,-9.0,-10.0,-9.0,-10.0,-9.0,-10.0,-9.0,-10.0,-9.0,-10.0,-9.0,-10.0,-10.0,-10.0
2.4345,122.0,-96.0,7.0,0.0,0.0,0.0,0.0,0.0,0.0,0.0,0.0,0.0,5.0,28.0,4.0,25.0,4.0,22.0,2.0,17.0,0.0,13.0,-3.0,8.0,-7.0,4.0,-10.0,-1.0,-15.0,-4.0,-19.0,-7.0,-23.0,-9.0,-27.0,-11.0,-30.0,-11.0,-33.0,-11.0,-33.0,-10.0,-33.0,-8.0,-31.0,-7.0,-29.0,-7.0,-25.0,-5.0,-20.0,-5.0,-14.0,-6.0,-8.0,-6.0,-2.0,-8.0,4.0,-10.0,10.0,-12.0,15.0,-16.0
2.4485,122.0,-96.0,7.0,0.0,0.0,0.0,0.0,0.0,0.0,0.0,0.0,0.0,11.0,-4.0,11.0,-4.0,11.0,-4.0,12.0,-4.0,12.0,-4.0,13.0,-4.0,12.0,-4.0,12.0,-4.0,12.0,-4.0,12.0,-5.0,13.0,-5.0,13.0,-4.0,13.0,-5.0,13.0,-5.0,13.0,-5.0,13.0,-4.0,13.0,-5.0,13.0,-5.0,13.0,-5.0,13.0,-5.0,13.0,-6.0,13.0,-5.0,13.0,-6.0,13.0,-6.0,13.0,-6.0,13.0,-6.0
2.4621,122.0,-96.0,7.0,0.0,0.0,0.0,0.0,0.0,0.0,0.0,0.0,0.0,18.0,-14.0,19.0,-16.0,19.0,-17.0,18.0,-17.0,17.0,-16.0,15.0,-15.0,13.0,-14.0,11.0,-11.0,9.0,-8.0,7.0,-3.0,5.0,1.0,4.0,6.0,4.0,11.0,3.0,15.0,3.0,19.0,3.0,22.0,4.0,24.0,4.0,26.0,6.0,27.0,6.0,26.0,7.0,25.0,6.0,23.0,6.0,20.0,5.0,16.0,3.0,12.0,0.0,9.0
2.4763,122.0,-96.0,7.0,0.0,0.0,0.0,0.0,0.0,0.0,0.0,0.0,0.0,-16.0,16.0,-15.0,14.0,-13.0,13.0,-11.0,10.0,-9.0,6.0,-7.0,2.0,-6.0,-3.0,-5.0,-7.0,-5.0,-12.0,-5.0,-16.0,-6.0,-19.0,-6.0,-22.0,-8.0,-24.0,-9.0,-26.0,-10.0,-26.0,-10.0,-25.0,-11.0,-24.0,-10.0,-21.0,-9.0,-18.0,-7.0,-15.0,-4.0,-12.0,-1.0,-8.0,4.0,-5.0,8.0,-2.0,12.0,0.0,17.0,1.0
2.4897,122.0,-96.0,7.0,0.0,0.0,0.0,0.0,0.0,0.0,0.0,0.0,0.0,21.0,14.0,23.0,14.0,24.0,14.0,23.0,13.0,23.0,12.0,21.0,11.0,18.0,9.0,14.0,8.0,10.0,7.0,5.0,7.0,-1.0,6.0,-6.0,7.0,-11.0,8.0,-16.0,9.0,-20.0,10.0,-23.0,12.0,-25.0,13.0,-27.0,15.0,-27.0,16.0,-26.0,16.0,-24.0,16.0,-21.0,15.0,-19.0,13.0,-15.0,10.0,-12.0,6.0,-9.0,2.0
2.5038,122.0,-96.0,7.0,0.0,0.0,0.0,0.0,0.0,0.0,0.0,0.0,0.0,13.0,-19.0,13.0,-21.0,13.0,-22.0,12.0,-22.0,11.0,-21.0,10.0,-19.0,8.0,-17.0,8.0,-13.0,6.0,-10.0,6.0,-5.0,5.0,0.0,6.0,5.0,7.0,9.0,7.0,14.0,9.0,17.0,10.0,20.0,12.0,22.0,12.0,24.0,14.0,23.0,14.0,22.0,14.0,21.0,13.0,19.0,12.0,16.0,8.0,13.0,5.0,10.0,1.0,7.0
2.5178,122.0,-96.0,7.0,0.0,0.0,0.0,0.0,0.0,0.0,0.0,0.0,0.0,13.0,-1.0,8.0,2.0,3.0,5.0,0.0,8.0,-4.0,13.0,-7.0,17.0,-10.0,21.0,-11.0,25.0,-12.0,29.0,-12.0,30.0,-10.0,31.0,-10.0,31.0,-8.0,30.0,-6.0,28.0,-6.0,24.0,-5.0,19.0,-5.0,14.0,-6.0,9.0,-8.0,3.0,-9.0,-3.0,-12.0,-9.0,-15.0,-13.0,-19.0,-17.0,-22.0,-20.0,-25.0,-21.0,-27.0,-22.0
2.53,122.0,-96.0,7.0,0.0,0.0,0.0,0.0,0.0,0.0,0.0,0.0,0.0,0.0,13.0,-3.0,8.0,-5.0,3.0,-9.0,-1.0,-14.0,-5.0,-19.0,-7.0,-23.0,-9.0,-26.0,-9.0,-29.0,-10.0,-31.0,-9.0,-33.0,-8.0,-32.0,-8.0,-31.0,-7.0,-29.0,-5.0,-25.0,-4.0,-21.0,-4.0,-15.0,-4.0,-9.0,-5.0,-4.0,-7.0,2.0,-9.0,6.0,-13.0,11.0,-16.0,14.0,-20.0,18.0,-24.0,18.0,-26.0,20.0,-29.0
2.5439,122.0,-96.0,7.0,0.0,0.0,0.0,0.0,0.0,0.0,0.0,0.0,0.0,-17.0,15.0,-18.0,17.0,-18.0,17.0,-18.0,17.0,-17.0,17.0,-16.0,16.0,-13.0,14.0,-11.0,10.0,-9.0,7.0,-8.0,2.0,-6.0,-2.0,-6.0,-8.0,-6.0,-12.0,-6.0,-16.0,-6.0,-20.0,-6.0,-22.0,-7.0,-25.0,-8.0,-26.0,-9.0,-27.0,-10.0,-27.0,-10.0,-24.0,-9.0,-21.0,-9.0,-18.0,-7.0,-15.0,-4.0,-11.0,-2.0,-8.0
2.5579,122.0,-96.0,7.0,0.0,0.0,0.0,0.0,0.0,0.0,0.0,0.0,0.0,7.0,7.0,7.0,7.0,7.0,7.0,8.0,7.0,8.0,7.0,8.0,7.0,8.0,8.0,8.0,7.0,8.0,8.0,9.0,8.0,8.0,8.0,9.0,8.0,9.0,8.0,9.0,8.0,9.0,8.0,9.0,8.0,9.0,7.0,9.0,8.0,9.0,7.0,9.0,8.0,9.0,8.0,10.0,8.0,10.0,8.0,10.0,8.0,10.0,8.0,10.0,7.0
2.5718,122.0,-96.0,7.0,0.0,0.0,0.0,0.0,0.0,0.0,0.0,0.0,0.0,22.0,0.0,20.0,0.0,18.0,0.0,14.0,0.0,10.0,1.0,6.0,3.0,2.0,5.0,-2.0,7.0,-6.0,10.0,-9.0,13.0,-11.0,16.0,-13.0,18.0,-14.0,20.0,-14.0,22.0,-14.0,23.0,-12.0,23.0,-11.0,22.0,-10.0,20.0,-8.0,17.0,-7.0,14.0,-7.0,9.0,-6.0,5.0,-7.0,0.0,-7.0,-5.0,-8.0,-10.0,-10.0,-14.0
2.585,122.0,-96.0,7.0,0.0,0.0,0.0,0.0,0.0,0.0,0.0,0.0,0.0,17.0,14.0,19.0,15.0,20.0,14.0,19.0,13.0,19.0,13.0,17.0,11.0,15.0,10.0,12.0,9.0,8.0,7.0,3.0,6.0,-1.0,5.0,-6.0,5.0,-11.0,6.0,-15.0,6.0,-19.0,7.0,-22.0,8.0,-24.0,9.0,-25.0,10.0,-25.0,11.0,-25.0,12.0,-24.0,12.0,-21.0,11.0,-18.0,10.0,-15.0,7.0,-11.0,4.0,-8.0,1.0
2.5997,122.0,-96.0,7.0,0.0,0.0,0.0,0.0,0.0,0.0,0.0,0.0,0.0,-13.0,-19.0,-15.0,-20.0,-16.0,-20.0,-16.0,-20.0,-16.0,-18.0,-14.0,-17.0,-13.0,-15.0,-10.0,-13.0,-7.0,-10.0,-3.0,-8.0,2.0,-6.0,7.0,-5.0,11.0,-4.0,15.0,-3.0,19.0,-3.0,22.0,-3.0,25.0,-3.0,26.0,-4.0,27.0,-5.0,26.0,-5.0,25.0,-5.0,22.0,-5.0,20.0,-5.0,15.0,-4.0,11.0,-2.0,7.0,0.0
2.6124,122.0,-96.0,7.0,0.0,0.0,0.0,0.0,0.0,0.0,0.0,0.0,0.0,2.0,11.0,2.0,15.0,2.0,19.0,2.0,23.0,3.0,25.0,4.0,27.0,6.0,28.0,6.0,28.0,7.0,26.0,6.0,23.0,5.0,20.0,3.0,16.0,1.0,12.0,-2.0,8.0,-5.0,4.0,-9.0,0.0,-14.0,-3.0,-18.0,-6.0,-22.0,-7.0,-26.0,-8.0,-29.0,-9.0,-30.0,-8.0,-31.0,-8.0,-30.0,-7.0,-29.0,-5.0,-26.0,-4.0
2.6264,122.0,-96.0,7.0,0.0,0.0,0.0,0.0,0.0,0.0,0.0,0.0,0.0,11.0,1.0,15.0,3.0,19.0,4.0,22.0,5.0,24.0,5.0,27.0,5.0,28.0,5.0,28.0,3.0,27.0,2.0,24.0,2.0,21.0,2.0,17.0,2.0,13.0,2.0,8.0,4.0,3.0,5.0,-2.0,7.0,-7.0,10.0,-11.0,13.0,-14.0,17.0,-17.0,19.0,-18.0,22.0,-19.0,24.0,-18.0,25.0,-18.0,25.0,-16.0,25.0,-14.0,23.0
2.6402,122.0,-96.0,7.0,0.0,0.0,0.0,0.0,0.0,0.0,0.0,0.0,0.0,9.0,7.0,4.0,6.0,0.0,5.0,-5.0,5.0,-11.0,6.0,-15.0,7.0,-19.0,9.0,-22.0,11.0,-24.0,13.0,-25.0,14.0,-25.0,15.0,-24.0,16.0,-23.0,16.0,-21.0,15.0,-18.0,13.0,-15.0,10.0,-13.0,7.0,-10.0,3.0,-7.0,-2.0,-5.0,-7.0,-4.0,-12.0,-3.0,-17.0,-3.0,-22.0,-4.0,-26.0,-5.0,-28.0,-6.0,-30.0
2.6536,122.0,-96.0,7.0,0.0,0.0,0.0,0.0,0.0,0.0,0.0,0.0,0.0,-23.0,-4.0,-24.0,-4.0,-25.0,-3.0,-25.0,-3.0,-24.0,-2.0,-22.0,-2.0,-19.0,-2.0,-16.0,-2.0,-13.0,-2.0,-8.0,-4.0,-3.0,-6.0,1.0,-8.0,5.0,-11.0,9.0,-13.0,11.0,-16.0,14.0,-18.0,15.0,-20.0,16.0,-22.0,16.0,-23.0,14.0,-23.0,14.0,-23.0,12.0,-21.0,10.0,-19.0,8.0,-15.0,7.0,-11.0,6.0,-7.0
2.6669,122.0,-96.0,7.0,0.0,0.0,0.0,0.0,0.0,0.0,0.0,0.0,0.0,-9.0,-24.0,-11.0,-25.0,-11.0,-25.0,-12.0,-25.0,-12.0,-24.0,-11.0,-22.0,-10.0,-19.0,-7.0,-16.0,-5.0,-13.0,0.0,-9.0,3.0,-6.0,8.0,-3.0,13.0,0.0,17.0,2.0,21.0,3.0,24.0,4.0,27.0,4.0,29.0,4.0,30.0,3.0,29.0,2.0,28.0,2.0,25.0,1.0,22.0,1.0,17.0,0.0,12.0,1.0,8.0,3.0
2.6803,122.0,-96.0,7.0,0.0,0.0,0.0,0.0,0.0,0.0,0.0,0.0,0.0,27.0,6.0,25.0,5.0,22.0,4.0,18.0,4.0,13.0,4.0,8.0,5.0,2.0,6.0,-3.0,8.0,-8.0,11.0,-13.0,13.0,-17.0,16.0,-19.0,19.0,-21.0,22.0,-22.0,24.0,-22.0,26.0,-20.0,26.0,-19.0,26.0,-17.0,23.0,-15.0,21.0,-12.0,17.0,-11.0,12.0,-9.0,7.0,-8.0,0.0,-7.0,-6.0,-7.0,-12.0,-8.0,-18.0
2.694,122.0,-96.0,7.0,0.0,0.0,0.0,0.0,0.0,0.0,0.0,0.0,0.0,-2.0,12.0,-4.0,7.0,-6.0,2.0,-10.0,-2.0,-13.0,-7.0,-18.0,-10.0,-21.0,-12.0,-25.0,-14.0,-28.0,-14.0,-29.0,-14.0,-31.0,-14.0,-30.0,-12.0,-29.0,-11.0,-27.0,-9.0,-23.0,-8.0,-18.0,-7.0,-13.0,-7.0,-7.0,-7.0,0.0,-9.0,5.0,-10.0,11.0,-13.0,16.0,-15.0,19.0,-19.0,21.0,-22.0,23.0,-24.0,23.0,-26.0
2.7092,122.0,-96.0,7.0,0.0,0.0,0.0,0.0,0.0,0.0,0.0,0.0,0.0,-7.0,-14.0,-8.0,-15.0,-7.0,-16.0,-9.0,-17.0,-8.0,-15.0,-9.0,-17.0,-9.0,-15.0,-8.0,-15.0,-9.0,-17.0,-9.0,-15.0,-9.0,-16.0,-9.0,-16.0,-9.0,-16.0,-10.0,-16.0,-9.0,-17.0,-9.0,-16.0,-9.0,-17.0,-10.0,-16.0,-10.0,-16.0,-11.0,-17.0,-10.0,-16.0,-11.0,-17.0,-11.0,-17.0,-12.0,-17.0,-11.0,-17.0,-12.0,-17.0
2.7236,122.0,-96.0,7.0,0.0,0.0,0.0,0.0,0.0,0.0,0.0,0.0,0.0,-17.0,-23.0,-16.0,-21.0,-13.0,-18.0,-10.0,-15.0,-7.0,-12.0,-2.0,-9.0,3.0,-7.0,9.0,-5.0,14.0,-4.0,19.0,-2.0,23.0,-3.0,27.0,-3.0,30.0,-4.0,32.0,-6.0,33.0,-6.0,32.0,-8.0,29.0,-8.0,26.0,-7.0,22.0,-6.0,17.0,-4.0,13.0,-2.0,8.0,2.0,3.0,7.0,-1.0,11.0,-5.0,16.0,-7.0,21.0
2.737,122.0,-96.0,7.0,0.0,0.0,0.0,0.0,0.0,0.0,0.0,0.0,0.0,4.0,12.0,0.0,8.0,-4.0,5.0,-9.0,2.0,-14.0,0.0,-19.0,-1.0,-24.0,-2.0,-28.0,-2.0,-31.0,-2.0,-33.0,-1.0,-33.0,1.0,-33.0,2.0,-31.0,3.0,-29.0,4.0,-25.0,3.0,-20.0,2.0,-15.0,0.0,-10.0,-3.0,-5.0,-7.0,-1.0,-10.0,3.0,-15.0,7.0,-20.0,8.0,-25.0,9.0,-29.0,9.0,-32.0,9.0,-34.0
2.7515,122.0,-96.0,7.0,0.0,0.0,0.0,0.0,0.0,0.0,0.0,0.0,0.0,-11.0,3.0,-8.0,0.0,-5.0,-5.0,-2.0,-9.0,0.0,-13.0,2.0,-18.0,2.0,-21.0,2.0,-25.0,2.0,-28.0,1.0,-29.0,0.0,-30.0,-1.0,-29.0,-2.0,-27.0,-3.0,-25.0,-2.0,-21.0,-1.0,-17.0,0.0,-12.0,3.0,-8.0,6.0,-3.0,9.0,1.0,13.0,5.0,17.0,8.0,21.0,9.0,24.0,10.0,27.0,10.0,28.0,10.0
2.7668,122.0,-96.0,7.0,0.0,0.0,0.0,0.0,0.0,0.0,0.0,0.0,0.0,-8.0,-10.0,-3.0,-8.0,2.0,-6.0,6.0,-5.0,11.0,-5.0,16.0,-5.0,20.0,-6.0,23.0,-7.0,25.0,-8.0,27.0,-9.0,27.0,-10.0,26.0,-11.0,24.0,-12.0,22.0,-11.0,18.0,-9.0,15.0,-8.0,11.0,-4.0,8.0,0.0,4.0,5.0,1.0,9.0,-1.0,14.0,-2.0,19.0,-2.0,23.0,-2.0,27.0,-1.0,29.0,0.0,30.0
2.7809,122.0,-96.0,7.0,0.0,0.0,0.0,0.0,0.0,0.0,0.0,0.0,0.0,-23.0,1.0,-24.0,3.0,-25.0,3.0,-24.0,3.0,-23.0,4.0,-21.0,3.0,-19.0,3.0,-15.0,2.0,-12.0,0.0,-8.0,-3.0,-3.0,-5.0,0.0,-9.0,3.0,-13.0,6.0,-16.0,8.0,-19.0,10.0,-21.0,10.0,-24.0,11.0,-25.0,10.0,-26.0,8.0,-26.0,8.0,-25.0,6.0,-22.0,6.0,-19.0,5.0,-14.0,4.0,-10.0,5.0,-5.0
2.7946,122.0,-96.0,7.0,0.0,0.0,0.0,0.0,0.0,0.0,0.0,0.0,0.0,8.0,12.0,3.0,9.0,-3.0,7.0,-8.0,5.0,-14.0,4.0,-21.0,4.0,-26.0,3.0,-31.0,4.0,-34.0,6.0,-36.0,7.0,-37.0,9.0,-36.0,10.0,-34.0,10.0,-31.0,12.0,-28.0,10.0,-22.0,7.0,-18.0,5.0,-13.0,0.0,-8.0,-5.0,-4.0,-10.0,0.0,-16.0,3.0,-22.0,4.0,-27.0,5.0,-32.0,5.0,-36.0,5.0,-39.0
2.8092,122.0,-96.0,7.0,0.0,0.0,0.0,0.0,0.0,0.0,0.0,0.0,0.0,-11.0,-1.0,-11.0,-2.0,-11.0,-2.0,-11.0,-1.0,-12.0,-1.0,-12.0,-1.0,-12.0,-2.0,-12.0,-1.0,-12.0,-1.0,-13.0,-1.0,-13.0,-1.0,-13.0,-1.0,-13.0,-1.0,-13.0,-1.0,-13.0,-1.0,-13.0,-1.0,-13.0,-1.0,-13.0,0.0,-13.0,-1.0,-14.0,0.0,-13.0,-1.0,-14.0,0.0,-14.0,0.0,-14.0,0.0,-14.0,0.0,-14.0,0.0
2.8234,122.0,-96.0,7.0,0.0,0.0,0.0,0.0,0.0,0.0,0.0,0.0,0.0,17.0,-14.0,16.0,-13.0,14.0,-11.0,11.0,-9.0,8.0,-6.0,6.0,-2.0,4.0,2.0,3.0,7.0,2.0,12.0,1.0,15.0,2.0,19.0,2.0,21.0,3.0,24.0,4.0,25.0,5.0,26.0,6.0,24.0,6.0,23.0,6.0,20.0,5.0,17.0,3.0,14.0,1.0,10.0,-2.0,6.0,-6.0,2.0,-10.0,-1.0,-13.0,-4.0,-18.0,-6.0
2.8382,122.0,-96.0,7.0,0.0,0.0,0.0,0.0,0.0,0.0,0.0,0.0,0.0,-3.0,-11.0,-3.0,-11.0,-3.0,-11.0,-3.0,-11.0,-3.0,-11.0,-3.0,-12.0,-3.0,-12.0,-4.0,-12.0,-3.0,-12.0,-4.0,-12.0,-4.0,-12.0,-4.0,-12.0,-4.0,-12.0,-4.0,-12.0,-4.0,-12.0,-4.0,-13.0,-5.0,-12.0,-4.0,-13.0,-4.0,-12.0,-5.0,-12.0,-5.0,-13.0,-5.0,-13.0,-5.0,-13.0,-5.0,-13.0,-5.0,-13.0,-6.0,-13.0
2.8518,122.0,-96.0,7.0,0.0,0.0,0.0,0.0,0.0,0.0,0.0,0.0,0.0,9.0,-7.0,7.0,-3.0,5.0,2.0,3.0,6.0,2.0,11.0,2.0,16.0,2.0,20.0,2.0,24.0,4.0,26.0,4.0,28.0,5.0,28.0,6.0,27.0,7.0,26.0,8.0,24.0,6.0,20.0,5.0,16.0,2.0,12.0,-1.0,8.0,-5.0,4.0,-9.0,1.0,-14.0,-2.0,-18.0,-4.0,-22.0,-6.0,-26.0,-6.0,-29.0,-6.0,-30.0,-6.0
2.8664,122.0,-96.0,7.0,0.0,0.0,0.0,0.0,0.0,0.0,0.0,0.0,0.0,23.0,6.0,25.0,6.0,26.0,6.0,26.0,5.0,25.0,4.0,23.0,3.0,20.0,3.0,16.0,3.0,12.0,3.0,7.0,4.0,1.0,5.0,-4.0,7.0,-8.0,10.0,-12.0,12.0,-16.0,15.0,-18.0,17.0,-20.0,19.0,-21.0,21.0,-21.0,22.0,-20.0,22.0,-19.0,22.0,-16.0,20.0,-14.0,18.0,-11.0,13.0,-9.0,9.0,-8.0,4.0
2.8794,122.0,-96.0,7.0,0.0,0.0,0.0,0.0,0.0,0.0,0.0,0.0,0.0,-4.0,11.0,-5.0,6.0,-6.0,1.0,-7.0,-4.0,-9.0,-8.0,-12.0,-12.0,-15.0,-15.0,-17.0,-18.0,-20.0,-19.0,-22.0,-20.0,-23.0,-19.0,-23.0,-18.0,-22.0,-17.0,-22.0,-14.0,-18.0,-13.0,-15.0,-11.0,-10.0,-9.0,-6.0,-8.0,0.0,-7.0,5.0,-6.0,11.0,-7.0,16.0,-8.0,20.0,-10.0,23.0,-12.0,25.0,-14.0,26.0,-15.0
2.8935,122.0,-96.0,7.0,0.0,0.0,0.0,0.0,0.0,0.0,0.0,0.0,0.0,22.0,-1.0,21.0,-1.0,18.0,-2.0,15.0,-1.0,11.0,0.0,7.0,2.0,3.0,4.0,-1.0,7.0,-4.0,9.0,-7.0,12.0,-9.0,15.0,-11.0,18.0,-12.0,20.0,-13.0,22.0,-12.0,24.0,-11.0,23.0,-10.0,23.0,-9.0,21.0,-8.0,19.0,-7.0,15.0,-6.0,11.0,-6.0,7.0,-6.0,2.0,-7.0,-3.0,-7.0,-8.0,-10.0,-12.0
2.9089,122.0,-96.0,7.0,0.0,0.0,0.0,0.0,0.0,0.0,0.0,0.0,0.0,-22.0,7.0,-20.0,6.0,-18.0,6.0,-15.0,4.0,-12.0,2.0,-8.0,-1.0,-5.0,-4.0,-2.0,-7.0,0.0,-11.0,2.0,-15.0,4.0,-18.0,5.0,-21.0,5.0,-24.0,5.0,-26.0,5.0,-27.0,4.0,-27.0,3.0,-26.0,3.0,-24.0,2.0,-21.0,2.0,-18.0,2.0,-13.0,3.0,-9.0,5.0,-4.0,6.0,1.0,8.0,5.0,11.0,9.0
2.9231,122.0,-96.0,7.0,0.0,0.0,0.0,0.0,0.0,0.0,0.0,0.0,0.0,-2.0,11.0,-3.0,11.0,-2.0,11.0,-3.0,11.0,-2.0,11.0,-3.0,12.0,-3.0,12.0,-2.0,12.0,-3.0,12.0,-2.0,13.0,-2.0,12.0,-2.0,13.0,-3.0,13.0,-3.0,13.0,-3.0,13.0,-3.0,13.0,-2.0,13.0,-2.0,13.0,-2.0,14.0,-2.0,14.0,-2.0,14.0,-2.0,14.0,-2.0,14.0,-1.0,14.0,-2.0,14.0,-1.0,14.0
2.9374,122.0,-96.0,7.0,0.0,0.0,0.0,0.0,0.0,0.0,0.0,0.0,0.0,-20.0,-4.0,-20.0,-4.0,-20.0,-4.0,-20.0,-5.0,-20.0,-4.0,-21.0,-4.0,-21.0,-4.0,-21.0,-4.0,-22.0,-5.0,-22.0,-4.0,-21.0,-4.0,-21.0,-4.0,-22.0,-4.0,-22.0,-4.0,-23.0,-4.0,-22.0,-4.0,-23.0,-4.0,-22.0,-4.0,-23.0,-4.0,-23.0,-4.0,-23.0,-4.0,-23.0,-4.0,-23.0,-4.0,-23.0,-3.0,-22.0,-4.0,-23.0,-3.0
2.9513,122.0,-96.0,7.0,0.0,0.0,0.0,0.0,0.0,0.0,0.0,0.0,0.0,12.0,-13.0,12.0,-13.0,12.0,-13.0,12.0,-13.0,12.0,-13.0,13.0,-14.0,12.0,-14.0,13.0,-14.0,12.0,-14.0,12.0,-14.0,12.0,-14.0,13.0,-14.0,13.0,-15.0,12.0,-15.0,13.0,-15.0,12.0,-15.0,13.0,-16.0,12.0,-15.0,13.0,-15.0,13.0,-16.0,13.0,-16.0,13.0,-15.0,12.0,-16.0,12.0,-16.0,12.0,-15.0,13.0,-16.0
2.9678,122.0,-96.0,7.0,0.0,0.0,0.0,0.0,0.0,0.0,0.0,0.0,0.0,-6.0,9.0,-6.0,9.0,-7.0,10.0,-7.0,10.0,-7.0,10.0,-7.0,10.0,-7.0,11.0,-7.0,11.0,-7.0,11.0,-6.0,11.0,-7.0,11.0,-7.0,11.0,-7.0,11.0,-7.0,12.0,-6.0,12.0,-7.0,12.0,-7.0,11.0,-7.0,12.0,-7.0,13.0,-7.0,12.0,-6.0,12.0,-7.0,13.0,-6.0,13.0,-6.0,13.0,-7.0,13.0,-6.0,13.0
2.9745,98.0,33.0,22.0,0.0,0.0,0.0,0.0,0.0,0.0,0.0,0.0,0.0,24.0,-11.0,21.0,-10.0,18.0,-10.0,13.0,-9.0,8.0,-9.0,3.0,-8.0,-2.0,-9.0,-8.0,-9.0,-14.0,-9.0,-17.0,-9.0,-22.0,-8.0,-25.0,-7.0,-26.0,-5.0,-28.0,-3.0,-28.0,-2.0,-28.0,1.0,-26.0,2.0,-23.0,3.0,-18.0,4.0,-13.0,4.0,-6.0,3.0,1.0,2.0,8.0,0.0,15.0,-1.0,22.0,-2.0,28.0,-5.0
2.9859,122.0,-96.0,7.0,0.0,0.0,0.0,0.0,0.0,0.0,0.0,0.0,0.0,9.0,-4.0,13.0,-4.0,16.0,-4.0,19.0,-5.0,21.0,-6.0,24.0,-7.0,24.0,-8.0,24.0,-9.0,23.0,-9.0,20.0,-8.0,18.0,-7.0,15.0,-6.0,12.0,-4.0,8.0,-1.0,5.0,2.0,2.0,6.0,-1.0,10.0,-3.0,14.0,-4.0,18.0,-5.0,21.0,-6.0,24.0,-6.0,26.0,-5.0,27.0,-4.0,27.0,-3.0,26.0,-2.0,24.0
2.9994,122.0,-96.0,7.0,0.0,0.0,0.0,0.0,0.0,0.0,0.0,0.0,0.0,22.0,-11.0,20.0,-10.0,18.0,-9.0,14.0,-7.0,11.0,-5.0,8.0,-1.0,4.0,3.0,2.0,7.0,-1.0,12.0,-2.0,16.0,-4.0,20.0,-4.0,23.0,-4.0,26.0,-3.0,28.0,-3.0,29.0,-2.0,29.0,-1.0,27.0,-1.0,25.0,0.0,21.0,-1.0,17.0,-2.0,12.0,-4.0,8.0,-6.0,2.0,-8.0,-2.0,-12.0,-7.0,-16.0,-10.0
3.0137,122.0,-96.0,7.0,0.0,0.0,0.0,0.0,0.0,0.0,0.0,0.0,0.0,-11.0,-4.0,-11.0,-4.0,-11.0,-3.0,-12.0,-4.0,-12.0,-3.0,-12.0,-4.0,-13.0,-3.0,-13.0,-3.0,-13.0,-4.0,-13.0,-4.0,-13.0,-4.0,-13.0,-4.0,-13.0,-4.0,-13.0,-4.0,-14.0,-4.0,-13.0,-4.0,-14.0,-4.0,-14.0,-3.0,-14.0,-4.0,-14.0,-3.0,-14.0,-3.0,-14.0,-3.0,-15.0,-3.0,-15.0,-4.0,-15.0,-4.0,-15.0,-3.0
3.0282,122.0,-96.0,7.0,0.0,0.0,0.0,0.0,0.0,0.0,0.0,0.0,0.0,-23.0,-2.0,-24.0,-1.0,-25.0,-1.0,-25.0,0.0,-23.0,1.0,-22.0,0.0,-19.0,0.0,-15.0,0.0,-11.0,-1.0,-7.0,-4.0,-3.0,-6.0,1.0,-9.0,5.0,-11.0,8.0,-14.0,11.0,-17.0,12.0,-19.0,13.0,-22.0,14.0,-23.0,13.0,-24.0,12.0,-24.0,12.0,-23.0,10.0,-20.0,8.0,-18.0,7.0,-13.0,5.0,-9.0,5.0,-5.0
3.043,122.0,-96.0,7.0,0.0,0.0,0.0,0.0,0.0,0.0,0.0,0.0,0.0,-10.0,-15.0,-10.0,-16.0,-10.0,-15.0,-10.0,-16.0,-10.0,-16.0,-11.0,-16.0,-11.0,-16.0,-11.0,-16.0,-12.0,-17.0,-11.0,-17.0,-11.0,-17.0,-11.0,-17.0,-11.0,-17.0,-11.0,-17.0,-12.0,-17.0,-11.0,-17.0,-12.0,-17.0,-12.0,-17.0,-12.0,-17.0,-12.0,-17.0,-12.0,-17.0,-12.0,-17.0,-12.0,-17.0,-12.0,-17.0,-12.0,-17.0,-12.0,-17.0
3.0566,122.0,-96.0,7.0,0.0,0.0,0.0,0.0,0.0,0.0,0.0,0.0,0.0,-2.0,-17.0,-2.0,-18.0,-2.0,-18.0,-2.0,-18.0,-2.0,-18.0,-2.0,-19.0,-3.0,-19.0,-2.0,-19.0,-3.0,-19.0,-2.0,-19.0,-2.0,-19.0,-3.0,-19.0,-3.0,-20.0,-3.0,-20.0,-3.0,-20.0,-3.0,-19.0,-3.0,-20.0,-3.0,-20.0,-3.0,-20.0,-3.0,-20.0,-3.0,-20.0,-3.0,-20.0,-3.0,-20.0,-4.0,-20.0,-3.0,-20.0,-4.0,-21.0
3.0716,122.0,-96.0,7.0,0.0,0.0,0.0,0.0,0.0,0.0,0.0,0.0,0.0,-15.0,-7.0,-8.0,-7.0,-2.0,-8.0,4.0,-9.0,10.0,-10.0,16.0,-13.0,21.0,-16.0,25.0,-18.0,27.0,-21.0,29.0,-24.0,29.0,-25.0,28.0,-26.0,25.0,-25.0,23.0,-25.0,20.0,-22.0,17.0,-18.0,13.0,-13.0,11.0,-7.0,8.0,0.0,7.0,7.0,6.0,14.0,6.0,20.0,7.0,26.0,8.0,31.0,10.0,34.0,12.0,37.0
3.0873,122.0,-96.0,7.0,0.0,0.0,0.0,0.0,0.0,0.0,0.0,0.0,0.0,-24.0,6.0,-22.0,6.0,-20.0,6.0,-16.0,4.0,-13.0,2.0,-9.0,-1.0,-5.0,-4.0,-2.0,-8.0,1.0,-12.0,3.0,-16.0,5.0,-20.0,7.0,-23.0,7.0,-26.0,7.0,-28.0,6.0,-29.0,5.0,-29.0,4.0,-28.0,4.0,-26.0,3.0,-23.0,2.0,-19.0,3.0,-15.0,4.0,-10.0,5.0,-4.0,7.0,1.0,9.0,6.0,12.0,10.0
3.0919,98.0,33.0,22.0,0.0,0.0,0.0,0.0,0.0,0.0,0.0,0.0,0.0,4.0,-20.0,3.0,-18.0,2.0,-15.0,-1.0,-12.0,-3.0,-9.0,-6.0,-5.0,-9.0,-3.0,-12.0,0.0,-14.0,3.0,-16.0,6.0,-17.0,9.0,-18.0,11.0,-18.0,13.0,-18.0,14.0,-17.0,15.0,-15.0,15.0,-13.0,15.0,-10.0,14.0,-8.0,11.0,-5.0,8.0,-1.0,5.0,2.0,0.0,5.0,-5.0,9.0,-9.0,12.0,-13.0,15.0,-18.0
3.1079,122.0,-96.0,7.0,0.0,0.0,0.0,0.0,0.0,0.0,0.0,0.0,0.0,-23.0,10.0,-22.0,9.0,-19.0,8.0,-15.0,6.0,-12.0,4.0,-9.0,1.0,-6.0,-3.0,-3.0,-8.0,-1.0,-12.0,1.0,-16.0,2.0,-20.0,3.0,-23.0,3.0,-27.0,2.0,-29.0,1.0,-30.0,0.0,-30.0,-1.0,-29.0,-1.0,-26.0,-2.0,-23.0,-1.0,-20.0,0.0,-15.0,2.0,-10.0,4.0,-5.0,7.0,0.0,10.0,4.0,14.0,8.0
3.1223,122.0,-96.0,7.0,0.0,0.0,0.0,0.0,0.0,0.0,0.0,0.0,0.0,5.0,24.0,4.0,22.0,4.0,19.0,3.0,16.0,1.0,12.0,-1.0,8.0,-5.0,4.0,-8.0,0.0,-12.0,-3.0,-16.0,-5.0,-19.0,-8.0,-22.0,-9.0,-25.0,-10.0,-28.0,-9.0,-29.0,-9.0,-28.0,-9.0,-28.0,-8.0,-26.0,-7.0,-23.0,-5.0,-19.0,-5.0,-14.0,-5.0,-9.0,-5.0,-4.0,-6.0,1.0,-7.0,6.0,-9.0,11.0,-12.0
3.1379,122.0,-96.0,7.0,0.0,0.0,0.0,0.0,0.0,0.0,0.0,0.0,0.0,-2.0,-23.0,-2.0,-21.0,-2.0,-19.0,-1.0,-15.0,-1.0,-12.0,2.0,-8.0,4.0,-4.0,6.0,-1.0,9.0,3.0,13.0,6.0,15.0,8.0,18.0,10.0,20.0,11.0,23.0,11.0,24.0,11.0,24.0,10.0,23.0,8.0,21.0,7.0,18.0,6.0,16.0,5.0,12.0,5.0,7.0,4.0,2.0,5.0,-3.0,6.0,-8.0,6.0,-12.0,9.0
3.154,122.0,-96.0,7.0,0.0,0.0,0.0,0.0,0.0,0.0,0.0,0.0,0.0,-12.0,9.0,-12.0,10.0,-11.0,9.0,-13.0,10.0,-12.0,10.0,-12.0,10.0,-12.0,11.0,-12.0,11.0,-13.0,11.0,-12.0,11.0,-13.0,11.0,-13.0,11.0,-13.0,12.0,-13.0,12.0,-13.0,12.0,-13.0,12.0,-13.0,13.0,-13.0,13.0,-13.0,13.0,-13.0,13.0,-13.0,13.0,-13.0,13.0,-13.0,14.0,-13.0,15.0,-13.0,14.0,-13.0,15.0
3.1698,122.0,-96.0,7.0,0.0,0.0,0.0,0.0,0.0,0.0,0.0,0.0,0.0,-25.0,2.0,-23.0,2.0,-21.0,1.0,-17.0,1.0,-13.0,0.0,-9.0,-2.0,-5.0,-5.0,-1.0,-8.0,3.0,-11.0,6.0,-15.0,9.0,-18.0,10.0,-21.0,11.0,-24.0,11.0,-26.0,11.0,-28.0,10.0,-28.0,9.0,-27.0,8.0,-25.0,6.0,-22.0,5.0,-18.0,5.0,-14.0,5.0,-9.0,5.0,-3.0,6.0,2.0,7.0,7.0,10.0,12.0
3.1824,122.0,-96.0,7.0,0.0,0.0,0.0,0.0,0.0,0.0,0.0,0.0,0.0,14.0,-17.0,13.0,-16.0,11.0,-14.0,9.0,-11.0,7.0,-8.0,6.0,-4.0,5.0,1.0,4.0,5.0,4.0,10.0,4.0,14.0,4.0,17.0,5.0,20.0,6.0,23.0,7.0,24.0,8.0,25.0,9.0,24.0,9.0,22.0,8.0,21.0,7.0,17.0,5.0,15.0,3.0,11.0,0.0,7.0,-4.0,4.0,-8.0,1.0,-12.0,-2.0,-16.0,-4.0
3.1951,122.0,-96.0,7.0,0.0,0.0,0.0,0.0,0.0,0.0,0.0,0.0,0.0,19.0,9.0,21.0,9.0,22.0,9.0,22.0,8.0,21.0,7.0,20.0,7.0,17.0,5.0,13.0,5.0,10.0,5.0,5.0,5.0,0.0,5.0,-5.0,6.0,-10.0,7.0,-13.0,9.0,-17.0,11.0,-19.0,12.0,-21.0,14.0,-22.0,15.0,-22.0,16.0,-21.0,16.0,-20.0,15.0,-17.0,14.0,-15.0,12.0,-12.0,9.0,-9.0,5.0,-7.0,1.0
3.2099,122.0,-96.0,7.0,0.0,0.0,0.0,0.0,0.0,0.0,0.0,0.0,0.0,6.0,-11.0,10.0,-14.0,13.0,-18.0,15.0,-20.0,17.0,-23.0,18.0,-25.0,18.0,-27.0,17.0,-27.0,15.0,-26.0,13.0,-24.0,12.0,-20.0,10.0,-16.0,8.0,-11.0,7.0,-5.0,6.0,1.0,7.0,6.0,7.0,12.0,8.0,18.0,10.0,23.0,12.0,26.0,14.0,29.0,15.0,30.0,16.0,30.0,16.0,28.0,16.0,26.0,15.0,23.0
3.2224,122.0,-96.0,7.0,0.0,0.0,0.0,0.0,0.0,0.0,0.0,0.0,0.0,11.0,8.0,5.0,6.0,-1.0,6.0,-7.0,6.0,-14.0,7.0,-19.0,9.0,-24.0,11.0,-28.0,13.0,-31.0,16.0,-31.0,17.0,-32.0,19.0,-30.0,20.0,-28.0,20.0,-26.0,19.0,-21.0,16.0,-17.0,12.0,-14.0,7.0,-10.0,1.0,-8.0,-5.0,-5.0,-11.0,-4.0,-18.0,-4.0,-24.0,-5.0,-29.0,-5.0,-34.0,-7.0,-36.0,-9.0,-38.0
3.2269,98.0,33.0,22.0,0.0,0.0,0.0,0.0,0.0,0.0,0.0,0.0,0.0,27.0,-7.0,23.0,-7.0,24.0,-10.0,22.0,-8.0,19.0,-7.0,17.0,-8.0,14.0,-4.0,10.0,-8.0,3.0,-8.0,-1.0,-9.0,-4.0,-6.0,-11.0,-9.0,-14.0,-8.0,-15.0,-6.0,-20.0,-5.0,-26.0,-6.0,-26.0,-3.0,-24.0,-2.0,-26.0,-2.0,-27.0,4.0,-22.0,2.0,-22.0,1.0,-14.0,9.0,-8.0,3.0,-5.0,0.0,2.0,2.0
3.2437,122.0,-96.0,7.0,0.0,0.0,0.0,0.0,0.0,0.0,0.0,0.0,0.0,-7.0,-7.0,-8.0,-7.0,-8.0,-7.0,-8.0,-8.0,-9.0,-7.0,-8.0,-7.0,-9.0,-8.0,-10.0,-8.0,-9.0,-8.0,-10.0,-8.0,-10.0,-8.0,-10.0,-7.0,-9.0,-8.0,-10.0,-8.0,-10.0,-8.0,-10.0,-8.0,-10.0,-9.0,-11.0,-8.0,-10.0,-8.0,-11.0,-8.0,-11.0,-8.0,-11.0,-8.0,-11.0,-8.0,-11.0,-8.0,-11.0,-8.0,-11.0,-7.0
3.2574,122.0,-96.0,7.0,0.0,0.0,0.0,0.0,0.0,0.0,0.0,0.0,0.0,23.0,-7.0,25.0,-9.0,25.0,-9.0,25.0,-10.0,23.0,-10.0,21.0,-9.0,18.0,-8.0,15.0,-6.0,11.0,-4.0,8.0,0.0,4.0,4.0,1.0,8.0,-2.0,13.0,-5.0,16.0,-6.0,21.0,-7.0,23.0,-8.0,26.0,-8.0,27.0,-7.0,29.0,-6.0,28.0,-5.0,27.0,-5.0,24.0,-4.0,20.0,-4.0,16.0,-4.0,11.0,-5.0,5.0
3.2729,122.0,-96.0,7.0,0.0,0.0,0.0,0.0,0.0,0.0,0.0,0.0,0.0,-2.0,-25.0,-2.0,-23.0,-2.0,-20.0,-1.0,-17.0,0.0,-12.0,2.0,-8.0,4.0,-4.0,8.0,1.0,11.0,4.0,14.0,7.0,17.0,10.0,20.0,12.0,23.0,12.0,26.0,12.0,27.0,12.0,26.0,10.0,25.0,9.0,22.0,8.0,20.0,7.0,15.0,6.0,10.0,5.0,4.0,5.0,-1.0,6.0,-6.0,7.0,-11.0,8.0,-16.0,11.0
3.2856,122.0,-96.0,7.0,0.0,0.0,0.0,0.0,0.0,0.0,0.0,0.0,0.0,-5.0,11.0,-8.0,15.0,-10.0,19.0,-12.0,22.0,-13.0,25.0,-13.0,28.0,-12.0,29.0,-11.0,30.0,-10.0,29.0,-8.0,26.0,-8.0,22.0,-7.0,17.0,-6.0,13.0,-6.0,7.0,-7.0,2.0,-8.0,-4.0,-11.0,-10.0,-13.0,-15.0,-16.0,-20.0,-19.0,-22.0,-22.0,-24.0,-23.0,-26.0,-24.0,-25.0,-24.0,-25.0,-24.0,-23.0,-22.0,-20.0
3.2996,122.0,-96.0,7.0,0.0,0.0,0.0,0.0,0.0,0.0,0.0,0.0,0.0,-10.0,-4.0,-11.0,-4.0,-11.0,-4.0,-11.0,-4.0,-11.0,-4.0,-12.0,-4.0,-12.0,-4.0,-13.0,-4.0,-12.0,-4.0,-13.0,-4.0,-13.0,-4.0,-13.0,-4.0,-13.0,-4.0,-13.0,-4.0,-14.0,-4.0,-14.0,-4.0,-14.0,-4.0,-14.0,-3.0,-14.0,-4.0,-14.0,-4.0,-14.0,-3.0,-14.0,-3.0,-15.0,-3.0,-14.0,-3.0,-15.0,-3.0,-15.0,-3.0
3.3132,122.0,-96.0,7.0,0.0,0.0,0.0,0.0,0.0,0.0,0.0,0.0,0.0,-10.0,-9.0,-12.0,-13.0,-14.0,-17.0,-16.0,-19.0,-19.0,-22.0,-22.0,-23.0,-23.0,-23.0,-24.0,-22.0,-24.0,-21.0,-22.0,-19.0,-19.0,-17.0,-15.0,-14.0,-12.0,-12.0,-6.0,-10.0,-1.0,-7.0,5.0,-7.0,11.0,-6.0,17.0,-6.0,22.0,-7.0,26.0,-8.0,29.0,-10.0,31.0,-11.0,32.0,-12.0,31.0,-13.0,30.0,-14.0,27.0,-13.0
3.3275,122.0,-96.0,7.0,0.0,0.0,0.0,0.0,0.0,0.0,0.0,0.0,0.0,2.0,-9.0,2.0,-10.0,2.0,-10.0,2.0,-10.0,2.0,-11.0,2.0,-11.0,2.0,-11.0,2.0,-12.0,1.0,-11.0,2.0,-12.0,2.0,-12.0,2.0,-11.0,2.0,-12.0,1.0,-12.0,1.0,-13.0,2.0,-12.0,2.0,-12.0,1.0,-13.0,1.0,-13.0,1.0,-13.0,1.0,-13.0,1.0,-13.0,1.0,-14.0,0.0,-13.0,1.0,-13.0,1.0,-13.0
3.3409,122.0,-96.0,7.0,0.0,0.0,0.0,0.0,0.0,0.0,0.0,0.0,0.0,-20.0,-8.0,-23.0,-8.0,-23.0,-8.0,-24.0,-8.0,-23.0,-7.0,-22.0,-6.0,-19.0,-5.0,-16.0,-5.0,-12.0,-4.0,-8.0,-5.0,-3.0,-6.0,1.0,-7.0,6.0,-9.0,10.0,-10.0,14.0,-12.0,16.0,-14.0,19.0,-16.0,19.0,-17.0,20.0,-18.0,19.0,-19.0,18.0,-19.0,16.0,-17.0,14.0,-16.0,12.0,-13.0,9.0,-10.0,7.0,-6.0
3.3571,122.0,-96.0,7.0,0.0,0.0,0.0,0.0,0.0,0.0,0.0,0.0,0.0,-12.0,-10.0,-6.0,-9.0,0.0,-7.0,6.0,-7.0,13.0,-7.0,19.0,-9.0,24.0,-10.0,28.0,-12.0,32.0,-14.0,33.0,-16.0,33.0,-18.0,32.0,-19.0,30.0,-19.0,27.0,-19.0,23.0,-17.0,19.0,-13.0,15.0,-9.0,11.0,-3.0,8.0,3.0,4.0,9.0,2.0,16.0,0.0,22.0,1.0,28.0,2.0,33.0,3.0,36.0,3.0,39.0
3.3694,122.0,-96.0,7.0,0.0,0.0,0.0,0.0,0.0,0.0,0.0,0.0,0.0,19.0,19.0,18.0,17.0,16.0,15.0,13.0,12.0,8.0,10.0,4.0,8.0,-2.0,6.0,-7.0,5.0,-13.0,4.0,-18.0,4.0,-23.0,4.0,-26.0,5.0,-29.0,6.0,-31.0,8.0,-32.0,9.0,-31.0,10.0,-30.0,10.0,-27.0,10.0,-23.0,9.0,-19.0,7.0,-15.0,3.0,-11.0,0.0,-6.0,-5.0,-2.0,-9.0,1.0,-14.0,3.0,-20.0
3.385,122.0,-96.0,7.0,0.0,0.0,0.0,0.0,0.0,0.0,0.0,0.0,0.0,5.0,-12.0,4.0,-12.0,5.0,-12.0,6.0,-12.0,5.0,-13.0,5.0,-13.0,5.0,-13.0,5.0,-13.0,5.0,-13.0,6.0,-14.0,6.0,-14.0,6.0,-14.0,6.0,-14.0,6.0,-14.0,5.0,-14.0,6.0,-15.0,5.0,-14.0,5.0,-15.0,5.0,-15.0,5.0,-15.0,5.0,-16.0,5.0,-15.0,5.0,-16.0,5.0,-16.0,5.0,-16.0,5.0,-16.0
3.3957,122.0,-96.0,7.0,0.0,0.0,0.0,0.0,0.0,0.0,0.0,0.0,0.0,-1.0,12.0,-3.0,16.0,-4.0,20.0,-5.0,24.0,-6.0,27.0,-5.0,30.0,-4.0,31.0,-3.0,31.0,-2.0,30.0,-2.0,27.0,-2.0,24.0,-2.0,20.0,-2.0,15.0,-4.0,9.0,-6.0,4.0,-9.0,-1.0,-12.0,-7.0,-15.0,-11.0,-19.0,-15.0,-22.0,-17.0,-25.0,-19.0,-27.0,-20.0,-29.0,-20.0,-29.0,-19.0,-29.0,-17.0,-27.0,-15.0
3.4104,122.0,-96.0,7.0,0.0,0.0,0.0,0.0,0.0,0.0,0.0,0.0,0.0,15.0,-16.0,16.0,-18.0,16.0,-19.0,15.0,-19.0,14.0,-18.0,13.0,-17.0,11.0,-15.0,9.0,-12.0,8.0,-9.0,6.0,-4.0,5.0,0.0,4.0,5.0,4.0,10.0,3.0,14.0,4.0,18.0,4.0,20.0,5.0,23.0,6.0,24.0,7.0,26.0,7.0,25.0,8.0,24.0,7.0,21.0,7.0,18.0,5.0,15.0,2.0,11.0,0.0,7.0
3.4242,122.0,-96.0,7.0,0.0,0.0,0.0,0.0,0.0,0.0,0.0,0.0,0.0,-24.0,5.0,-25.0,7.0,-26.0,8.0,-26.0,8.0,-25.0,8.0,-23.0,8.0,-20.0,7.0,-17.0,5.0,-13.0,3.0,-10.0,0.0,-5.0,-4.0,-2.0,-9.0,1.0,-13.0,4.0,-16.0,5.0,-20.0,7.0,-23.0,7.0,-26.0,8.0,-28.0,7.0,-29.0,6.0,-30.0,5.0,-28.0,4.0,-26.0,3.0,-23.0,3.0,-18.0,3.0,-13.0,3.0,-8.0
3.4378,122.0,-96.0,7.0,0.0,0.0,0.0,0.0,0.0,0.0,0.0,0.0,0.0,4.0,13.0,4.0,13.0,4.0,14.0,5.0,14.0,4.0,14.0,5.0,15.0,5.0,15.0,5.0,15.0,5.0,15.0,5.0,15.0,5.0,16.0,5.0,16.0,5.0,16.0,6.0,16.0,6.0,16.0,6.0,17.0,6.0,16.0,6.0,16.0,7.0,17.0,7.0,17.0,7.0,17.0,7.0,17.0,7.0,16.0,8.0,18.0,7.0,18.0,8.0,18.0
3.4508,122.0,-96.0,7.0,0.0,0.0,0.0,0.0,0.0,0.0,0.0,0.0,0.0,8.0,-9.0,6.0,-4.0,5.0,0.0,4.0,5.0,3.0,10.0,4.0,15.0,5.0,19.0,6.0,22.0,7.0,25.0,9.0,26.0,10.0,26.0,10.0,26.0,11.0,24.0,11.0,22.0,9.0,19.0,7.0,15.0,4.0,12.0,0.0,8.0,-4.0,5.0,-8.0,2.0,-13.0,0.0,-18.0,-2.0,-22.0,-2.0,-26.0,-2.0,-28.0,-2.0,-30.0,-2.0
3.4636,122.0,-96.0,7.0,0.0,0.0,0.0,0.0,0.0,0.0,0.0,0.0,0.0,3.0,11.0,4.0,11.0,4.0,12.0,4.0,12.0,4.0,12.0,4.0,12.0,4.0,12.0,5.0,13.0,5.0,13.0,5.0,13.0,5.0,13.0,5.0,13.0,5.0,13.0,5.0,14.0,6.0,13.0,6.0,13.0,6.0,14.0,6.0,14.0,6.0,14.0,6.0,14.0,7.0,14.0,7.0,14.0,7.0,14.0,7.0,15.0,7.0,14.0,7.0,14.0
3.4778,122.0,-96.0,7.0,0.0,0.0,0.0,0.0,0.0,0.0,0.0,0.0,0.0,2.0,-14.0,3.0,-8.0,5.0,-3.0,7.0,2.0,10.0,7.0,14.0,11.0,17.0,14.0,19.0,19.0,23.0,18.0,25.0,18.0,26.0,18.0,26.0,16.0,26.0,15.0,25.0,13.0,21.0,11.0,17.0,9.0,12.0,8.0,6.0,7.0,0.0,7.0,-6.0,7.0,-12.0,8.0,-17.0,10.0,-21.0,12.0,-25.0,15.0,-27.0,17.0,-28.0,18.0
3.4921,122.0,-96.0,7.0,0.0,0.0,0.0,0.0,0.0,0.0,0.0,0.0,0.0,24.0,13.0,22.0,11.0,20.0,10.0,16.0,8.0,11.0,7.0,6.0,6.0,0.0,6.0,-5.0,6.0,-11.0,8.0,-17.0,8.0,-21.0,10.0,-24.0,12.0,-27.0,13.0,-29.0,16.0,-29.0,17.0,-27.0,18.0,-26.0,17.0,-24.0,16.0,-20.0,14.0,-17.0,11.0,-13.0,7.0,-10.0,2.0,-7.0,-3.0,-5.0,-9.0,-2.0,-14.0,-1.0,-20.0
3.5059,122.0,-96.0,7.0,0.0,0.0,0.0,0.0,0.0,0.0,0.0,0.0,0.0,8.0,-7.0,13.0,-8.0,16.0,-10.0,19.0,-12.0,21.0,-13.0,23.0,-15.0,23.0,-16.0,22.0,-17.0,20.0,-17.0,18.0,-15.0,16.0,-12.0,13.0,-9.0,10.0,-6.0,8.0,-2.0,5.0,2.0,3.0,7.0,1.0,13.0,1.0,17.0,1.0,22.0,1.0,25.0,2.0,28.0,3.0,29.0,4.0,30.0,4.0,28.0,5.0,27.0,5.0,24.0
3.5206,122.0,-96.0,7.0,0.0,0.0,0.0,0.0,0.0,0.0,0.0,0.0,0.0,17.0,-15.0,17.0,-16.0,17.0,-15.0,17.0,-16.0,17.0,-16.0,17.0,-17.0,17.0,-17.0,17.0,-17.0,17.0,-17.0,18.0,-17.0,18.0,-17.0,18.0,-17.0,18.0,-18.0,18.0,-18.0,18.0,-19.0,18.0,-18.0,18.0,-19.0,18.0,-19.0,18.0,-19.0,18.0,-19.0,18.0,-19.0,18.0,-19.0,18.0,-20.0,18.0,-19.0,18.0,-19.0,18.0,-20.0
3.5331,122.0,-96.0,7.0,0.0,0.0,0.0,0.0,0.0,0.0,0.0,0.0,0.0,-11.0,2.0,-15.0,1.0,-19.0,2.0,-23.0,2.0,-25.0,3.0,-28.0,4.0,-28.0,5.0,-28.0,6.0,-26.0,6.0,-24.0,6.0,-21.0,5.0,-17.0,3.0,-14.0,2.0,-9.0,-2.0,-5.0,-4.0,-1.0,-8.0,2.0,-13.0,5.0,-16.0,7.0,-21.0,8.0,-24.0,8.0,-27.0,8.0,-29.0,7.0,-30.0,7.0,-29.0,5.0,-28.0,4.0,-26.0
3.5454,122.0,-96.0,7.0,0.0,0.0,0.0,0.0,0.0,0.0,0.0,0.0,0.0,10.0,11.0,4.0,8.0,-2.0,6.0,-8.0,5.0,-14.0,4.0,-21.0,5.0,-26.0,5.0,-31.0,7.0,-34.0,8.0,-35.0,10.0,-36.0,12.0,-35.0,13.0,-33.0,14.0,-31.0,14.0,-27.0,12.0,-21.0,8.0,-17.0,5.0,-12.0,1.0,-8.0,-5.0,-3.0,-11.0,-1.0,-18.0,2.0,-23.0,2.0,-29.0,2.0,-34.0,2.0,-37.0,1.0,-40.0
3.5594,122.0,-96.0,7.0,0.0,0.0,0.0,0.0,0.0,0.0,0.0,0.0,0.0,8.0,-8.0,7.0,-7.0,8.0,-8.0,8.0,-8.0,8.0,-8.0,8.0,-8.0,9.0,-8.0,9.0,-9.0,9.0,-9.0,9.0,-9.0,9.0,-9.0,9.0,-9.0,9.0,-10.0,9.0,-10.0,9.0,-10.0,10.0,-10.0,9.0,-10.0,9.0,-11.0,9.0,-11.0,9.0,-11.0,9.0,-11.0,9.0,-10.0,9.0,-12.0,9.0,-11.0,9.0,-11.0,9.0,-11.0
3.5727,122.0,-96.0,7.0,0.0,0.0,0.0,0.0,0.0,0.0,0.0,0.0,0.0,-11.0,3.0,-15.0,4.0,-19.0,5.0,-22.0,5.0,-25.0,7.0,-26.0,8.0,-27.0,9.0,-27.0,10.0,-25.0,11.0,-23.0,10.0,-20.0,8.0,-16.0,6.0,-13.0,4.0,-9.0,0.0,-6.0,-3.0,-3.0,-8.0,0.0,-13.0,2.0,-17.0,3.0,-22.0,4.0,-25.0,4.0,-28.0,3.0,-30.0,3.0,-31.0,1.0,-30.0,0.0,-29.0,0.0,-26.0
3.5863,122.0,-96.0,7.0,0.0,0.0,0.0,0.0,0.0,0.0,0.0,0.0,0.0,17.0,-17.0,18.0,-20.0,18.0,-20.0,17.0,-20.0,15.0,-20.0,15.0,-19.0,13.0,-17.0,11.0,-14.0,9.0,-10.0,7.0,-4.0,5.0,0.0,5.0,6.0,4.0,11.0,4.0,15.0,4.0,20.0,5.0,23.0,6.0,26.0,6.0,28.0,7.0,28.0,8.0,28.0,8.0,27.0,8.0,24.0,7.0,21.0,5.0,17.0,3.0,12.0,0.0,8.0
3.6004,122.0,-96.0,7.0,0.0,0.0,0.0,0.0,0.0,0.0,0.0,0.0,0.0,-2.0,-12.0,-1.0,-16.0,-1.0,-20.0,-1.0,-23.0,-2.0,-26.0,-2.0,-28.0,-3.0,-29.0,-4.0,-28.0,-5.0,-27.0,-5.0,-24.0,-3.0,-21.0,-2.0,-17.0,-1.0,-13.0,2.0,-8.0,4.0,-4.0,8.0,0.0,12.0,4.0,16.0,7.0,20.0,9.0,23.0,11.0,26.0,11.0,27.0,12.0,28.0,10.0,27.0,10.0,26.0,8.0,24.0,7.0
3.6126,122.0,-96.0,7.0,0.0,0.0,0.0,0.0,0.0,0.0,0.0,0.0,0.0,2.0,12.0,-1.0,8.0,-4.0,4.0,-9.0,0.0,-13.0,-3.0,-18.0,-5.0,-22.0,-7.0,-27.0,-8.0,-30.0,-8.0,-31.0,-7.0,-32.0,-7.0,-32.0,-5.0,-30.0,-4.0,-28.0,-2.0,-24.0,-3.0,-19.0,-3.0,-14.0,-3.0,-8.0,-5.0,-3.0,-8.0,3.0,-10.0,7.0,-14.0,11.0,-17.0,14.0,-21.0,16.0,-25.0,17.0,-27.0,17.0,-29.0
3.6269,122.0,-96.0,7.0,0.0,0.0,0.0,0.0,0.0,0.0,0.0,0.0,0.0,-4.0,7.0,-5.0,9.0,-4.0,9.0,-5.0,9.0,-5.0,10.0,-5.0,10.0,-5.0,10.0,-5.0,11.0,-5.0,9.0,-5.0,10.0,-5.0,10.0,-5.0,10.0,-5.0,10.0,-5.0,11.0,-4.0,11.0,-5.0,11.0,-6.0,10.0,-5.0,11.0,-5.0,11.0,-5.0,11.0,-5.0,11.0,-5.0,12.0,-5.0,12.0,-5.0,12.0,-5.0,12.0,-4.0,12.0
3.6437,122.0,-96.0,7.0,0.0,0.0,0.0,0.0,0.0,0.0,0.0,0.0,0.0,-11.0,3.0,-15.0,3.0,-19.0,3.0,-22.0,4.0,-25.0,5.0,-27.0,6.0,-28.0,7.0,-27.0,9.0,-26.0,9.0,-24.0,8.0,-21.0,7.0,-17.0,5.0,-14.0,3.0,-10.0,0.0,-6.0,-3.0,-3.0,-7.0,0.0,-12.0,2.0,-16.0,4.0,-21.0,4.0,-24.0,4.0,-27.0,4.0,-29.0,3.0,-31.0,3.0,-30.0,1.0,-30.0,0.0,-27.0
3.6548,122.0,-96.0,7.0,0.0,0.0,0.0,0.0,0.0,0.0,0.0,0.0,0.0,-11.0,-6.0,-6.0,-5.0,-1.0,-6.0,3.0,-7.0,8.0,-8.0,12.0,-10.0,16.0,-12.0,18.0,-14.0,20.0,-17.0,21.0,-18.0,20.0,-20.0,19.0,-20.0,18.0,-20.0,16.0,-19.0,14.0,-17.0,11.0,-13.0,9.0,-10.0,8.0,-5.0,6.0,1.0,5.0,6.0,4.0,11.0,5.0,16.0,6.0,20.0,8.0,23.0,9.0,26.0,10.0,27.0
3.6693,122.0,-96.0,7.0,0.0,0.0,0.0,0.0,0.0,0.0,0.0,0.0,0.0,10.0,-7.0,14.0,-8.0,18.0,-10.0,22.0,-12.0,24.0,-14.0,26.0,-16.0,27.0,-17.0,26.0,-18.0,24.0,-18.0,21.0,-17.0,19.0,-14.0,16.0,-11.0,12.0,-8.0,9.0,-3.0,6.0,2.0,3.0,7.0,2.0,13.0,1.0,19.0,0.0,24.0,1.0,28.0,2.0,31.0,2.0,33.0,4.0,33.0,5.0,33.0,6.0,31.0,6.0,28.0
3.6818,122.0,-96.0,7.0,0.0,0.0,0.0,0.0,0.0,0.0,0.0,0.0,0.0,3.0,-12.0,2.0,-13.0,2.0,-13.0,3.0,-13.0,2.0,-14.0,3.0,-14.0,3.0,-14.0,2.0,-14.0,2.0,-14.0,3.0,-15.0,3.0,-15.0,2.0,-15.0,3.0,-14.0,2.0,-15.0,2.0,-15.0,2.0,-16.0,2.0,-16.0,2.0,-16.0,2.0,-16.0,2.0,-16.0,2.0,-16.0,1.0,-16.0,2.0,-16.0,2.0,-17.0,2.0,-17.0,1.0,-17.0
3.6959,122.0,-96.0,7.0,0.0,0.0,0.0,0.0,0.0,0.0,0.0,0.0,0.0,9.0,-5.0,14.0,-5.0,17.0,-6.0,21.0,-7.0,23.0,-8.0,25.0,-10.0,25.0,-11.0,25.0,-12.0,24.0,-13.0,22.0,-12.0,19.0,-10.0,16.0,-8.0,13.0,-6.0,9.0,-2.0,5.0,1.0,3.0,6.0,0.0,11.0,-2.0,15.0,-2.0,20.0,-3.0,23.0,-3.0,27.0,-2.0,29.0,-1.0,30.0,-1.0,29.0,1.0,29.0,1.0,26.0
3.7107,122.0,-96.0,7.0,0.0,0.0,0.0,0.0,0.0,0.0,0.0,0.0,0.0,24.0,-15.0,22.0,-15.0,19.0,-13.0,16.0,-10.0,12.0,-7.0,9.0,-3.0,6.0,2.0,3.0,7.0,1.0,12.0,0.0,17.0,-1.0,21.0,-2.0,25.0,-2.0,29.0,-1.0,31.0,1.0,33.0,1.0,32.0,2.0,31.0,2.0,28.0,2.0,25.0,2.0,21.0,0.0,16.0,-2.0,10.0,-5.0,5.0,-9.0,0.0,-12.0,-5.0,-17.0,-8.0
3.7236,122.0,-96.0,7.0,0.0,0.0,0.0,0.0,0.0,0.0,0.0,0.0,0.0,-1.0,10.0,-1.0,10.0,-1.0,11.0,-2.0,11.0,-1.0,11.0,-2.0,11.0,-1.0,11.0,-1.0,11.0,-1.0,12.0,-2.0,12.0,-1.0,12.0,-1.0,12.0,-1.0,12.0,-1.0,12.0,-1.0,13.0,-1.0,13.0,0.0,12.0,-1.0,13.0,-1.0,13.0,-1.0,13.0,0.0,14.0,0.0,13.0,0.0,13.0,1.0,14.0,-1.0,13.0,1.0,14.0
3.7371,122.0,-96.0,7.0,0.0,0.0,0.0,0.0,0.0,0.0,0.0,0.0,0.0,10.0,-2.0,10.0,-2.0,11.0,-2.0,11.0,-2.0,11.0,-2.0,11.0,-2.0,12.0,-2.0,12.0,-3.0,11.0,-2.0,12.0,-2.0,12.0,-3.0,12.0,-2.0,13.0,-2.0,13.0,-3.0,13.0,-2.0,13.0,-3.0,13.0,-3.0,13.0,-3.0,14.0,-3.0,13.0,-3.0,14.0,-3.0,13.0,-3.0,14.0,-4.0,13.0,-4.0,14.0,-3.0,14.0,-4.0
3.7534,122.0,-96.0,7.0,0.0,0.0,0.0,0.0,0.0,0.0,0.0,0.0,0.0,-9.0,-8.0,-5.0,-6.0,0.0,-6.0,5.0,-6.0,10.0,-6.0,15.0,-8.0,18.0,-9.0,21.0,-10.0,23.0,-12.0,24.0,-13.0,24.0,-15.0,23.0,-15.0,21.0,-16.0,19.0,-15.0,17.0,-13.0,13.0,-10.0,10.0,-6.0,7.0,-2.0,5.0,3.0,3.0,8.0,2.0,13.0,1.0,18.0,2.0,22.0,3.0,25.0,4.0,27.0,4.0,29.0
3.769,122.0,-96.0,7.0,0.0,0.0,0.0,0.0,0.0,0.0,0.0,0.0,0.0,2.0,-11.0,4.0,-15.0,6.0,-19.0,7.0,-22.0,8.0,-24.0,7.0,-26.0,7.0,-28.0,6.0,-28.0,5.0,-27.0,4.0,-24.0,4.0,-20.0,4.0,-16.0,3.0,-12.0,5.0,-7.0,5.0,-2.0,7.0,3.0,10.0,8.0,12.0,12.0,15.0,15.0,18.0,18.0,21.0,19.0,22.0,20.0,23.0,19.0,22.0,18.0,22.0,16.0,20.0,14.0
3.7824,122.0,-96.0,7.0,0.0,0.0,0.0,0.0,0.0,0.0,0.0,0.0,0.0,-10.0,8.0,-14.0,10.0,-18.0,12.0,-21.0,15.0,-23.0,17.0,-25.0,19.0,-24.0,20.0,-24.0,21.0,-22.0,20.0,-19.0,18.0,-17.0,16.0,-14.0,12.0,-12.0,8.0,-9.0,2.0,-7.0,-3.0,-6.0,-9.0,-5.0,-15.0,-5.0,-20.0,-6.0,-26.0,-7.0,-29.0,-8.0,-32.0,-9.0,-33.0,-10.0,-33.0,-11.0,-32.0,-11.0,-30.0,-11.0,-27.0
3.7952,122.0,-96.0,7.0,0.0,0.0,0.0,0.0,0.0,0.0,0.0,0.0,0.0,1.0,12.0,-2.0,8.0,-5.0,3.0,-9.0,-1.0,-13.0,-4.0,-18.0,-7.0,-22.0,-9.0,-26.0,-10.0,-29.0,-10.0,-31.0,-10.0,-32.0,-9.0,-31.0,-7.0,-30.0,-6.0,-28.0,-4.0,-24.0,-4.0,-19.0,-4.0,-13.0,-4.0,-8.0,-5.0,-3.0,-8.0,3.0,-10.0,8.0,-14.0,12.0,-17.0,15.0,-21.0,17.0,-24.0,17.0,-27.0,17.0,-29.0
3.8093,122.0,-96.0,7.0,0.0,0.0,0.0,0.0,0.0,0.0,0.0,0.0,0.0,-20.0,-11.0,-22.0,-11.0,-22.0,-11.0,-22.0,-10.0,-22.0,-9.0,-20.0,-8.0,-18.0,-8.0,-15.0,-7.0,-11.0,-6.0,-6.0,-6.0,-2.0,-6.0,3.0,-7.0,8.0,-8.0,12.0,-9.0,15.0,-11.0,18.0,-12.0,20.0,-14.0,21.0,-15.0,22.0,-16.0,21.0,-16.0,20.0,-16.0,17.0,-15.0,15.0,-14.0,12.0,-11.0,9.0,-7.0,7.0,-4.0
3.8225,122.0,-96.0,7.0,0.0,0.0,0.0,0.0,0.0,0.0,0.0,0.0,0.0,2.0,-20.0,2.0,-20.0,2.0,-20.0,2.0,-21.0,2.0,-21.0,2.0,-21.0,1.0,-22.0,2.0,-22.0,2.0,-22.0,2.0,-22.0,2.0,-22.0,1.0,-22.0,1.0,-23.0,1.0,-23.0,1.0,-23.0,1.0,-22.0,1.0,-23.0,1.0,-23.0,1.0,-23.0,1.0,-23.0,1.0,-23.0,1.0,-23.0,0.0,-23.0,0.0,-23.0,0.0,-23.0,0.0,-23.0
3.8349,122.0,-96.0,7.0,0.0,0.0,0.0,0.0,0.0,0.0,0.0,0.0,0.0,11.0,-2.0,11.0,-2.0,11.0,-3.0,11.0,-3.0,11.0,-3.0,12.0,-3.0,12.0,-3.0,12.0,-3.0,12.0,-3.0,12.0,-3.0,12.0,-3.0,13.0,-3.0,13.0,-3.0,12.0,-3.0,13.0,-3.0,13.0,-3.0,13.0,-4.0,13.0,-4.0,13.0,-4.0,13.0,-4.0,13.0,-4.0,13.0,-4.0,13.0,-4.0,14.0,-5.0,14.0,-4.0,14.0,-5.0
3.8485,122.0,-96.0,7.0,0.0,0.0,0.0,0.0,0.0,0.0,0.0,0.0,0.0,-11.0,-27.0,-11.0,-24.0,-10.0,-21.0,-8.0,-18.0,-5.0,-14.0,-1.0,-10.0,3.0,-7.0,8.0,-3.0,13.0,-1.0,18.0,1.0,22.0,3.0,26.0,3.0,29.0,3.0,31.0,2.0,33.0,1.0,32.0,0.0,31.0,-1.0,28.0,-1.0,24.0,-2.0,20.0,-1.0,14.0,0.0,9.0,3.0,4.0,5.0,-2.0,9.0,-6.0,12.0,-10.0,17.0
3.8626,122.0,-96.0,7.0,0.0,0.0,0.0,0.0,0.0,0.0,0.0,0.0,0.0,-13.0,3.0,-13.0,3.0,-13.0,3.0,-14.0,3.0,-14.0,3.0,-14.0,3.0,-14.0,3.0,-14.0,4.0,-14.0,4.0,-14.0,3.0,-15.0,3.0,-15.0,3.0,-15.0,4.0,-15.0,4.0,-15.0,4.0,-15.0,4.0,-16.0,5.0,-15.0,4.0,-15.0,5.0,-16.0,5.0,-16.0,5.0,-16.0,6.0,-16.0,6.0,-16.0,6.0,-16.0,6.0,-16.0,6.0
3.8787,122.0,-96.0,7.0,0.0,0.0,0.0,0.0,0.0,0.0,0.0,0.0,0.0,-20.0,9.0,-19.0,10.0,-16.0,8.0,-14.0,6.0,-10.0,4.0,-8.0,1.0,-6.0,-3.0,-3.0,-7.0,-2.0,-11.0,0.0,-15.0,1.0,-18.0,1.0,-21.0,1.0,-24.0,0.0,-26.0,-1.0,-28.0,-1.0,-26.0,-2.0,-26.0,-2.0,-22.0,-2.0,-20.0,-2.0,-17.0,0.0,-12.0,2.0,-8.0,4.0,-4.0,7.0,0.0,10.0,4.0,14.0,7.0
3.8915,122.0,-96.0,7.0,0.0,0.0,0.0,0.0,0.0,0.0,0.0,0.0,0.0,5.0,-13.0,5.0,-8.0,5.0,-2.0,7.0,3.0,9.0,9.0,12.0,13.0,14.0,16.0,16.0,20.0,20.0,22.0,21.0,23.0,23.0,22.0,23.0,21.0,22.0,19.0,21.0,17.0,18.0,15.0,15.0,12.0,10.0,10.0,5.0,8.0,-1.0,7.0,-7.0,6.0,-13.0,6.0,-18.0,8.0,-23.0,8.0,-27.0,11.0,-29.0,12.0,-30.0,14.0
3.9071,122.0,-96.0,7.0,0.0,0.0,0.0,0.0,0.0,0.0,0.0,0.0,0.0,-10.0,6.0,-10.0,6.0,-10.0,6.0,-10.0,6.0,-10.0,6.0,-11.0,7.0,-11.0,6.0,-11.0,7.0,-11.0,7.0,-11.0,7.0,-11.0,7.0,-11.0,7.0,-12.0,7.0,-12.0,8.0,-11.0,7.0,-11.0,8.0,-12.0,8.0,-12.0,8.0,-12.0,8.0,-12.0,8.0,-12.0,8.0,-12.0,9.0,-11.0,9.0,-12.0,9.0,-12.0,9.0,-12.0,9.0
3.9113,98.0,33.0,22.0,0.0,0.0,0.0,0.0,0.0,0.0,0.0,0.0,0.0,-11.0,1.0,-9.0,4.0,-7.0,7.0,-5.0,11.0,-4.0,13.0,-3.0,17.0,-2.0,18.0,0.0,20.0,1.0,22.0,1.0,21.0,3.0,21.0,4.0,19.0,4.0,19.0,5.0,15.0,6.0,12.0,5.0,7.0,5.0,3.0,4.0,-1.0,3.0,-7.0,2.0,-11.0,-1.0,-16.0,-2.0,-20.0,-4.0,-24.0,-5.0,-27.0,-6.0,-29.0,-7.0,-30.0
3.9246,122.0,-96.0,7.0,0.0,0.0,0.0,0.0,0.0,0.0,0.0,0.0,0.0,9.0,-1.0,10.0,0.0,10.0,-1.0,10.0,0.0,10.0,-1.0,11.0,-1.0,11.0,-2.0,12.0,-1.0,11.0,-1.0,11.0,-1.0,11.0,-1.0,12.0,-1.0,12.0,-1.0,12.0,-1.0,12.0,-1.0,12.0,-1.0,12.0,-2.0,12.0,-2.0,12.0,-2.0,12.0,-2.0,13.0,-2.0,12.0,-2.0,12.0,-2.0,13.0,-2.0,13.0,-2.0,13.0,-2.0
3.9374,122.0,-96.0,7.0,0.0,0.0,0.0,0.0,0.0,0.0,0.0,0.0,0.0,25.0,12.0,23.0,10.0,20.0,9.0,16.0,7.0,12.0,6.0,7.0,6.0,0.0,6.0,-5.0,7.0,-11.0,9.0,-16.0,11.0,-19.0,12.0,-23.0,14.0,-25.0,16.0,-26.0,19.0,-26.0,20.0,-25.0,21.0,-23.0,20.0,-21.0,19.0,-18.0,16.0,-15.0,13.0,-12.0,9.0,-10.0,3.0,-8.0,-2.0,-6.0,-8.0,-5.0,-14.0,-5.0,-20.0
3.9522,122.0,-96.0,7.0,0.0,0.0,0.0,0.0,0.0,0.0,0.0,0.0,0.0,-13.0,-19.0,-13.0,-17.0,-11.0,-15.0,-9.0,-13.0,-7.0,-10.0,-3.0,-8.0,1.0,-6.0,5.0,-4.0,9.0,-3.0,13.0,-2.0,17.0,-2.0,20.0,-3.0,23.0,-3.0,25.0,-4.0,26.0,-5.0,25.0,-6.0,24.0,-6.0,22.0,-6.0,19.0,-6.0,16.0,-4.0,13.0,-3.0,9.0,0.0,5.0,3.0,1.0,6.0,-2.0,9.0,-4.0,14.0
3.9642,122.0,-96.0,7.0,0.0,0.0,0.0,0.0,0.0,0.0,0.0,0.0,0.0,-11.0,-6.0,-14.0,-10.0,-18.0,-13.0,-21.0,-15.0,-24.0,-16.0,-26.0,-17.0,-28.0,-17.0,-29.0,-15.0,-28.0,-14.0,-26.0,-13.0,-22.0,-11.0,-18.0,-10.0,-14.0,-8.0,-8.0,-8.0,-3.0,-7.0,3.0,-8.0,9.0,-10.0,14.0,-11.0,19.0,-13.0,22.0,-15.0,25.0,-18.0,27.0,-19.0,27.0,-21.0,26.0,-22.0,24.0,-22.0,22.0,-20.0
3.9784,122.0,-96.0,7.0,0.0,0.0,0.0,0.0,0.0,0.0,0.0,0.0,0.0,-22.0,1.0,-24.0,2.0,-24.0,3.0,-24.0,3.0,-23.0,4.0,-22.0,4.0,-19.0,3.0,-16.0,2.0,-13.0,1.0,-9.0,-1.0,-5.0,-4.0,-2.0,-7.0,1.0,-11.0,4.0,-14.0,6.0,-17.0,8.0,-20.0,9.0,-23.0,9.0,-24.0,9.0,-26.0,8.0,-26.0,7.0,-25.0,6.0,-23.0,5.0,-21.0,4.0,-17.0,3.0,-13.0,4.0,-9.0
3.9943,122.0,-96.0,7.0,0.0,0.0,0.0,0.0,0.0,0.0,0.0,0.0,0.0,-12.0,-8.0,-7.0,-7.0,-1.0,-7.0,4.0,-8.0,10.0,-9.0,15.0,-11.0,19.0,-12.0,22.0,-15.0,24.0,-17.0,25.0,-19.0,25.0,-20.0,24.0,-21.0,22.0,-21.0,20.0,-21.0,17.0,-18.0,14.0,-14.0,11.0,-10.0,9.0,-5.0,7.0,1.0,5.0,7.0,5.0,13.0,5.0,18.0,7.0,23.0,8.0,27.0,10.0,29.0,11.0,31.0
3.9979,98.0,33.0,22.0,0.0,0.0,0.0,0.0,0.0,0.0,0.0,0.0,0.0,-11.0,-10.0,-11.0,-6.0,-11.0,-1.0,-13.0,3.0,-14.0,8.0,-14.0,13.0,-16.0,16.0,-15.0,20.0,-15.0,22.0,-14.0,22.0,-13.0,24.0,-12.0,23.0,-10.0,22.0,-7.0,20.0,-3.0,17.0,-1.0,13.0,2.0,8.0,4.0,4.0,6.0,-3.0,8.0,-10.0,10.0,-16.0,11.0,-21.0,12.0,-26.0,13.0,-31.0,12.0,-34.0,13.0,-35.0
4.0117,122.0,-96.0,7.0,0.0,0.0,0.0,0.0,0.0,0.0,0.0,0.0,0.0,-7.0,10.0,-11.0,13.0,-14.0,16.0,-16.0,19.0,-17.0,22.0,-18.0,25.0,-18.0,26.0,-17.0,27.0,-16.0,26.0,-14.0,23.0,-12.0,20.0,-11.0,16.0,-9.0,12.0,-8.0,6.0,-7.0,0.0,-8.0,-6.0,-9.0,-12.0,-10.0,-17.0,-12.0,-22.0,-15.0,-25.0,-17.0,-28.0,-18.0,-29.0,-19.0,-29.0,-20.0,-28.0,-20.0,-26.0,-19.0,-23.0
4.0265,122.0,-96.0,7.0,0.0,0.0,0.0,0.0,0.0,0.0,0.0,0.0,0.0,0.0,12.0,-3.0,8.0,-6.0,3.0,-9.0,-1.0,-13.0,-5.0,-18.0,-8.0,-22.0,-10.0,-25.0,-11.0,-28.0,-12.0,-30.0,-12.0,-31.0,-11.0,-31.0,-9.0,-29.0,-8.0,-28.0,-6.0,-24.0,-5.0,-19.0,-5.0,-13.0,-5.0,-8.0,-6.0,-1.0,-8.0,4.0,-10.0,9.0,-13.0,13.0,-16.0,16.0,-20.0,18.0,-24.0,19.0,-26.0,19.0,-28.0
4.0412,122.0,-96.0,7.0,0.0,0.0,0.0,0.0,0.0,0.0,0.0,0.0,0.0,-8.0,-7.0,-8.0,-8.0,-7.0,-8.0,-8.0,-8.0,-9.0,-8.0,-9.0,-8.0,-9.0,-8.0,-9.0,-8.0,-9.0,-8.0,-9.0,-8.0,-10.0,-8.0,-10.0,-8.0,-10.0,-8.0,-9.0,-9.0,-11.0,-8.0,-10.0,-8.0,-10.0,-8.0,-11.0,-8.0,-11.0,-8.0,-11.0,-8.0,-11.0,-8.0,-11.0,-8.0,-12.0,-7.0,-11.0,-8.0,-12.0,-8.0,-12.0,-7.0
4.0546,122.0,-96.0,7.0,0.0,0.0,0.0,0.0,0.0,0.0,0.0,0.0,0.0,-13.0,4.0,-9.0,0.0,-6.0,-4.0,-3.0,-9.0,-1.0,-14.0,1.0,-19.0,1.0,-23.0,2.0,-27.0,1.0,-30.0,1.0,-32.0,-1.0,-33.0,-2.0,-32.0,-3.0,-31.0,-4.0,-28.0,-4.0,-25.0,-3.0,-20.0,-1.0,-15.0,2.0,-11.0,5.0,-5.0,9.0,-1.0,13.0,3.0,18.0,6.0,23.0,8.0,27.0,9.0,29.0,10.0,31.0,10.0
4.0686,122.0,-96.0,7.0,0.0,0.0,0.0,0.0,0.0,0.0,0.0,0.0,0.0,4.0,9.0,4.0,9.0,3.0,9.0,4.0,9.0,4.0,9.0,4.0,10.0,4.0,10.0,4.0,10.0,4.0,10.0,5.0,10.0,5.0,10.0,5.0,10.0,5.0,11.0,4.0,11.0,5.0,10.0,6.0,11.0,6.0,10.0,5.0,11.0,6.0,10.0,6.0,11.0,6.0,10.0,6.0,11.0,6.0,11.0,7.0,11.0,6.0,11.0,6.0,11.0
4.0817,122.0,-96.0,7.0,0.0,0.0,0.0,0.0,0.0,0.0,0.0,0.0,0.0,-6.0,8.0,-9.0,11.0,-11.0,13.0,-13.0,16.0,-14.0,18.0,-14.0,20.0,-14.0,21.0,-13.0,22.0,-12.0,21.0,-11.0,19.0,-10.0,16.0,-9.0,12.0,-7.0,8.0,-6.0,4.0,-6.0,-1.0,-7.0,-6.0,-8.0,-11.0,-9.0,-15.0,-11.0,-18.0,-13.0,-21.0,-14.0,-22.0,-15.0,-23.0,-16.0,-23.0,-16.0,-22.0,-16.0,-20.0,-15.0,-18.0
4.0956,122.0,-96.0,7.0,0.0,0.0,0.0,0.0,0.0,0.0,0.0,0.0,0.0,-22.0,-4.0,-24.0,-4.0,-25.0,-3.0,-24.0,-3.0,-23.0,-2.0,-22.0,-2.0,-19.0,-2.0,-16.0,-2.0,-12.0,-2.0,-8.0,-4.0,-3.0,-5.0,1.0,-8.0,5.0,-10.0,8.0,-13.0,11.0,-15.0,13.0,-18.0,15.0,-20.0,16.0,-21.0,15.0,-23.0,15.0,-23.0,14.0,-22.0,12.0,-20.0,10.0,-18.0,8.0,-14.0,6.0,-10.0,6.0,-6.0
4.1107,122.0,-96.0,7.0,0.0,0.0,0.0,0.0,0.0,0.0,0.0,0.0,0.0,10.0,0.0,13.0,1.0,17.0,2.0,20.0,3.0,22.0,3.0,24.0,2.0,25.0,1.0,25.0,0.0,23.0,0.0,21.0,-1.0,18.0,0.0,14.0,0.0,10.0,1.0,6.0,3.0,1.0,5.0,-2.0,7.0,-6.0,10.0,-9.0,13.0,-11.0,17.0,-13.0,19.0,-14.0,22.0,-14.0,23.0,-13.0,24.0,-12.0,24.0,-10.0,23.0,-9.0,20.0
4.1141,98.0,33.0,22.0,0.0,0.0,0.0,0.0,0.0,0.0,0.0,0.0,0.0,-28.0,6.0,-24.0,5.0,-20.0,7.0,-15.0,6.0,-9.0,8.0,-3.0,10.0,1.0,11.0,6.0,14.0,11.0,14.0,16.0,15.0,20.0,15.0,23.0,15.0,26.0,15.0,27.0,13.0,28.0,11.0,28.0,8.0,26.0,7.0,23.0,4.0,18.0,2.0,13.0,-1.0,6.0,-3.0,-1.0,-5.0,-9.0,-6.0,-17.0,-8.0,-23.0,-11.0,-31.0,-11.0
4.1272,122.0,-96.0,7.0,0.0,0.0,0.0,0.0,0.0,0.0,0.0,0.0,0.0,2.0,-13.0,2.0,-13.0,2.0,-14.0,2.0,-14.0,2.0,-14.0,2.0,-15.0,2.0,-14.0,1.0,-15.0,2.0,-15.0,2.0,-15.0,2.0,-15.0,2.0,-15.0,1.0,-15.0,2.0,-15.0,2.0,-16.0,2.0,-16.0,1.0,-16.0,1.0,-16.0,1.0,-17.0,1.0,-17.0,1.0,-17.0,0.0,-17.0,0.0,-17.0,1.0,-17.0,1.0,-17.0,0.0,-17.0
4.1409,122.0,-96.0,7.0,0.0,0.0,0.0,0.0,0.0,0.0,0.0,0.0,0.0,1.0,-23.0,1.0,-21.0,1.0,-19.0,1.0,-15.0,1.0,-12.0,2.0,-7.0,4.0,-4.0,6.0,0.0,9.0,4.0,12.0,7.0,14.0,10.0,16.0,12.0,19.0,13.0,21.0,14.0,22.0,14.0,22.0,13.0,22.0,12.0,20.0,11.0,18.0,9.0,14.0,7.0,10.0,7.0,6.0,6.0,1.0,5.0,-4.0,5.0,-9.0,5.0,-13.0,7.0
4.1535,122.0,-96.0,7.0,0.0,0.0,0.0,0.0,0.0,0.0,0.0,0.0,0.0,12.0,2.0,12.0,2.0,12.0,2.0,13.0,2.0,13.0,2.0,13.0,2.0,14.0,2.0,14.0,2.0,14.0,2.0,14.0,2.0,14.0,2.0,14.0,2.0,14.0,2.0,14.0,2.0,15.0,2.0,15.0,2.0,15.0,1.0,15.0,2.0,16.0,2.0,16.0,2.0,16.0,1.0,16.0,1.0,16.0,1.0,16.0,1.0,16.0,1.0,16.0,1.0
4.1703,122.0,-96.0,7.0,0.0,0.0,0.0,0.0,0.0,0.0,0.0,0.0,0.0,-10.0,5.0,-14.0,6.0,-18.0,8.0,-21.0,9.0,-24.0,11.0,-24.0,13.0,-25.0,15.0,-24.0,16.0,-22.0,15.0,-21.0,14.0,-18.0,11.0,-15.0,8.0,-12.0,5.0,-9.0,1.0,-6.0,-3.0,-4.0,-8.0,-3.0,-13.0,-2.0,-18.0,-2.0,-22.0,-3.0,-26.0,-4.0,-28.0,-5.0,-30.0,-6.0,-32.0,-6.0,-30.0,-7.0,-28.0,-7.0,-25.0
4.182,122.0,-96.0,7.0,0.0,0.0,0.0,0.0,0.0,0.0,0.0,0.0,0.0,-22.0,-2.0,-24.0,-2.0,-25.0,-1.0,-24.0,-1.0,-23.0,0.0,-22.0,0.0,-19.0,0.0,-16.0,0.0,-12.0,-1.0,-8.0,-4.0,-3.0,-5.0,0.0,-8.0,4.0,-11.0,8.0,-14.0,10.0,-17.0,12.0,-19.0,13.0,-21.0,14.0,-23.0,13.0,-24.0,12.0,-24.0,11.0,-23.0,10.0,-21.0,8.0,-19.0,7.0,-15.0,6.0,-11.0,5.0,-6.0
4.1942,122.0,-96.0,7.0,0.0,0.0,0.0,0.0,0.0,0.0,0.0,0.0,0.0,12.0,4.0,7.0,4.0,2.0,6.0,-3.0,7.0,-9.0,9.0,-13.0,13.0,-16.0,16.0,-19.0,19.0,-21.0,22.0,-22.0,23.0,-22.0,24.0,-21.0,25.0,-19.0,24.0,-17.0,23.0,-15.0,20.0,-12.0,17.0,-10.0,12.0,-9.0,7.0,-8.0,1.0,-8.0,-5.0,-8.0,-11.0,-10.0,-16.0,-11.0,-22.0,-13.0,-26.0,-14.0,-28.0,-16.0,-30.0
4.2094,122.0,-96.0,7.0,0.0,0.0,0.0,0.0,0.0,0.0,0.0,0.0,0.0,-10.0,-7.0,-9.0,-7.0,-11.0,-8.0,-10.0,-7.0,-11.0,-8.0,-11.0,-7.0,-11.0,-7.0,-12.0,-8.0,-11.0,-8.0,-12.0,-8.0,-11.0,-8.0,-12.0,-8.0,-11.0,-8.0,-12.0,-8.0,-12.0,-7.0,-13.0,-8.0,-12.0,-8.0,-13.0,-8.0,-13.0,-7.0,-13.0,-8.0,-13.0,-8.0,-13.0,-8.0,-14.0,-7.0,-13.0,-7.0,-14.0,-7.0,-14.0,-7.0
4.2248,122.0,-96.0,7.0,0.0,0.0,0.0,0.0,0.0,0.0,0.0,0.0,0.0,-5.0,-15.0,-1.0,-11.0,4.0,-6.0,8.0,-3.0,14.0,0.0,20.0,3.0,24.0,4.0,30.0,4.0,33.0,4.0,35.0,3.0,36.0,1.0,36.0,0.0,35.0,-1.0,32.0,-2.0,28.0,-2.0,23.0,-1.0,18.0,-1.0,12.0,2.0,6.0,6.0,0.0,9.0,-5.0,14.0,-10.0,19.0,-12.0,24.0,-14.0,28.0,-15.0,31.0,-15.0,35.0
4.238,122.0,-96.0,7.0,0.0,0.0,0.0,0.0,0.0,0.0,0.0,0.0,0.0,12.0,-2.0,17.0,-2.0,22.0,-2.0,25.0,-2.0,28.0,-3.0,30.0,-4.0,31.0,-5.0,31.0,-6.0,30.0,-6.0,27.0,-6.0,23.0,-6.0,19.0,-4.0,15.0,-2.0,10.0,1.0,5.0,4.0,1.0,8.0,-3.0,13.0,-6.0,17.0,-9.0,22.0,-10.0,26.0,-11.0,29.0,-11.0,31.0,-10.0,33.0,-9.0,33.0,-7.0,32.0,-6.0,29.0
4.2508,122.0,-96.0,7.0,0.0,0.0,0.0,0.0,0.0,0.0,0.0,0.0,0.0,-7.0,10.0,-10.0,14.0,-13.0,17.0,-15.0,21.0,-16.0,24.0,-17.0,26.0,-16.0,27.0,-15.0,28.0,-14.0,27.0,-12.0,24.0,-11.0,21.0,-10.0,16.0,-8.0,12.0,-8.0,6.0,-8.0,0.0,-8.0,-6.0,-10.0,-12.0,-11.0,-17.0,-13.0,-22.0,-15.0,-25.0,-18.0,-28.0,-19.0,-29.0,-21.0,-29.0,-20.0,-28.0,-21.0,-26.0,-19.0,-23.0
4.2654,122.0,-96.0,7.0,0.0,0.0,0.0,0.0,0.0,0.0,0.0,0.0,0.0,-14.0,-21.0,-16.0,-22.0,-17.0,-22.0,-17.0,-21.0,-17.0,-20.0,-16.0,-18.0,-14.0,-16.0,-11.0,-14.0,-8.0,-11.0,-3.0,-9.0,1.0,-6.0,7.0,-5.0,12.0,-4.0,16.0,-3.0,21.0,-3.0,24.0,-3.0,27.0,-4.0,29.0,-4.0,30.0,-5.0,29.0,-6.0,28.0,-6.0,24.0,-6.0,21.0,-6.0,17.0,-4.0,12.0,-3.0,8.0,0.0
4.2787,122.0,-96.0,7.0,0.0,0.0,0.0,0.0,0.0,0.0,0.0,0.0,0.0,-7.0,21.0,-6.0,23.0,-6.0,23.0,-5.0,23.0,-4.0,22.0,-4.0,21.0,-3.0,18.0,-4.0,15.0,-4.0,11.0,-5.0,6.0,-6.0,2.0,-8.0,-3.0,-10.0,-7.0,-12.0,-11.0,-15.0,-14.0,-16.0,-16.0,-19.0,-18.0,-20.0,-18.0,-21.0,-18.0,-21.0,-17.0,-21.0,-17.0,-19.0,-14.0,-17.0,-12.0,-13.0,-10.0,-9.0,-8.0,-5.0,-7.0
4.2931,122.0,-96.0,7.0,0.0,0.0,0.0,0.0,0.0,0.0,0.0,0.0,0.0,17.0,-18.0,16.0,-17.0,14.0,-15.0,11.0,-12.0,9.0,-8.0,7.0,-4.0,5.0,1.0,4.0,6.0,4.0,11.0,4.0,16.0,4.0,19.0,5.0,23.0,6.0,26.0,7.0,28.0,9.0,28.0,9.0,27.0,9.0,26.0,9.0,23.0,8.0,20.0,6.0,16.0,3.0,12.0,-1.0,8.0,-5.0,4.0,-9.0,1.0,-13.0,-2.0,-18.0,-4.0
4.3067,122.0,-96.0,7.0,0.0,0.0,0.0,0.0,0.0,0.0,0.0,0.0,0.0,8.0,9.0,3.0,7.0,-2.0,5.0,-8.0,5.0,-13.0,5.0,-19.0,6.0,-23.0,7.0,-26.0,9.0,-29.0,11.0,-30.0,12.0,-30.0,14.0,-28.0,15.0,-26.0,15.0,-24.0,15.0,-20.0,12.0,-17.0,8.0,-13.0,5.0,-10.0,0.0,-6.0,-6.0,-4.0,-11.0,-2.0,-17.0,-1.0,-22.0,-2.0,-27.0,-3.0,-31.0,-4.0,-33.0,-5.0,-34.0
4.319,122.0,-96.0,7.0,0.0,0.0,0.0,0.0,0.0,0.0,0.0,0.0,0.0,9.0,23.0,8.0,20.0,7.0,18.0,5.0,14.0,3.0,11.0,-1.0,7.0,-5.0,4.0,-9.0,1.0,-14.0,-1.0,-18.0,-3.0,-21.0,-4.0,-25.0,-5.0,-27.0,-5.0,-29.0,-4.0,-30.0,-3.0,-30.0,-2.0,-27.0,-2.0,-25.0,-1.0,-21.0,-1.0,-17.0,-1.0,-12.0,-3.0,-7.0,-4.0,-2.0,-7.0,3.0,-10.0,7.0,-13.0,10.0,-17.0
4.3329,122.0,-96.0,7.0,0.0,0.0,0.0,0.0,0.0,0.0,0.0,0.0,0.0,9.0,4.0,10.0,4.0,9.0,4.0,9.0,4.0,10.0,5.0,9.0,4.0,10.0,4.0,10.0,5.0,10.0,6.0,10.0,5.0,10.0,5.0,10.0,5.0,11.0,5.0,10.0,5.0,11.0,5.0,11.0,4.0,11.0,5.0,12.0,5.0,11.0,5.0,11.0,4.0,12.0,5.0,12.0,5.0,12.0,4.0,12.0,4.0,12.0,4.0,12.0,4.0
4.3468,122.0,-96.0,7.0,0.0,0.0,0.0,0.0,0.0,0.0,0.0,0.0,0.0,-1.0,-13.0,0.0,-18.0,1.0,-22.0,2.0,-26.0,1.0,-29.0,0.0,-32.0,-1.0,-33.0,-2.0,-33.0,-2.0,-31.0,-3.0,-28.0,-2.0,-24.0,-1.0,-20.0,0.0,-15.0,2.0,-10.0,5.0,-4.0,9.0,0.0,13.0,5.0,17.0,8.0,22.0,12.0,25.0,13.0,28.0,14.0,30.0,15.0,31.0,13.0,31.0,13.0,30.0,10.0,27.0,9.0
4.3611,122.0,-96.0,7.0,0.0,0.0,0.0,0.0,0.0,0.0,0.0,0.0,0.0,9.0,-6.0,13.0,-7.0,17.0,-8.0,20.0,-10.0,23.0,-11.0,24.0,-13.0,25.0,-15.0,23.0,-15.0,22.0,-15.0,20.0,-14.0,17.0,-12.0,15.0,-9.0,11.0,-6.0,8.0,-2.0,5.0,2.0,3.0,7.0,1.0,12.0,0.0,17.0,0.0,22.0,0.0,25.0,1.0,28.0,1.0,29.0,2.0,30.0,3.0,29.0,5.0,28.0,4.0,25.0
4.3753,122.0,-96.0,7.0,0.0,0.0,0.0,0.0,0.0,0.0,0.0,0.0,0.0,23.0,-11.0,21.0,-10.0,18.0,-9.0,15.0,-7.0,11.0,-5.0,8.0,-1.0,5.0,3.0,2.0,8.0,-1.0,12.0,-2.0,16.0,-3.0,20.0,-4.0,23.0,-4.0,26.0,-3.0,28.0,-2.0,29.0,-1.0,29.0,0.0,27.0,0.0,25.0,0.0,21.0,0.0,17.0,-2.0,12.0,-4.0,8.0,-6.0,3.0,-9.0,-2.0,-12.0,-6.0,-16.0,-10.0
4.39,122.0,-96.0,7.0,0.0,0.0,0.0,0.0,0.0,0.0,0.0,0.0,0.0,-3.0,-14.0,-4.0,-14.0,-3.0,-14.0,-3.0,-15.0,-4.0,-14.0,-4.0,-15.0,-4.0,-16.0,-4.0,-15.0,-5.0,-16.0,-4.0,-15.0,-4.0,-16.0,-5.0,-16.0,-5.0,-16.0,-5.0,-17.0,-4.0,-16.0,-5.0,-16.0,-5.0,-17.0,-5.0,-16.0,-6.0,-17.0,-6.0,-17.0,-6.0,-17.0,-7.0,-17.0,-7.0,-16.0,-6.0,-18.0,-6.0,-17.0,-7.0,-18.0
4.4038,122.0,-96.0,7.0,0.0,0.0,0.0,0.0,0.0,0.0,0.0,0.0,0.0,-4.0,10.0,-7.0,13.0,-9.0,17.0,-10.0,20.0,-11.0,23.0,-11.0,25.0,-10.0,26.0,-9.0,27.0,-8.0,26.0,-7.0,23.0,-7.0,20.0,-6.0,16.0,-5.0,11.0,-6.0,6.0,-6.0,1.0,-8.0,-4.0,-10.0,-9.0,-12.0,-13.0,-15.0,-17.0,-18.0,-20.0,-20.0,-21.0,-21.0,-22.0,-23.0,-22.0,-23.0,-21.0,-23.0,-19.0,-21.0,-16.0
4.4171,122.0,-96.0,7.0,0.0,0.0,0.0,0.0,0.0,0.0,0.0,0.0,0.0,-22.0,18.0,-23.0,20.0,-23.0,21.0,-22.0,21.0,-21.0,21.0,-19.0,19.0,-16.0,17.0,-14.0,13.0,-12.0,9.0,-10.0,3.0,-7.0,-2.0,-6.0,-8.0,-6.0,-14.0,-5.0,-19.0,-6.0,-24.0,-6.0,-28.0,-7.0,-31.0,-8.0,-33.0,-10.0,-34.0,-11.0,-33.0,-10.0,-31.0,-10.0,-28.0,-9.0,-25.0,-7.0,-20.0,-4.0,-14.0,-1.0,-10.0
4.4319,122.0,-96.0,7.0,0.0,0.0,0.0,0.0,0.0,0.0,0.0,0.0,0.0,-24.0,-9.0,-22.0,-8.0,-20.0,-6.0,-16.0,-6.0,-12.0,-5.0,-8.0,-6.0,-3.0,-7.0,3.0,-7.0,7.0,-9.0,12.0,-11.0,15.0,-13.0,18.0,-15.0,20.0,-18.0,21.0,-20.0,21.0,-21.0,20.0,-21.0,19.0,-21.0,17.0,-20.0,15.0,-18.0,12.0,-14.0,10.0,-10.0,8.0,-6.0,6.0,0.0,5.0,5.0,4.0,10.0,4.0,15.0
4.4462,122.0,-96.0,7.0,0.0,0.0,0.0,0.0,0.0,0.0,0.0,0.0,0.0,-10.0,11.0,-8.0,5.0,-8.0,-1.0,-8.0,-7.0,-9.0,-14.0,-10.0,-20.0,-12.0,-24.0,-14.0,-28.0,-17.0,-31.0,-18.0,-32.0,-20.0,-32.0,-21.0,-31.0,-21.0,-29.0,-20.0,-26.0,-18.0,-22.0,-13.0,-18.0,-9.0,-14.0,-3.0,-12.0,3.0,-8.0,9.0,-6.0,16.0,-5.0,22.0,-4.0,28.0,-4.0,32.0,-5.0,35.0,-7.0,37.0,-8.0
4.459,122.0,-96.0,7.0,0.0,0.0,0.0,0.0,0.0,0.0,0.0,0.0,0.0,9.0,2.0,10.0,2.0,10.0,2.0,10.0,2.0,10.0,2.0,11.0,2.0,11.0,2.0,11.0,2.0,10.0,2.0,11.0,2.0,12.0,2.0,11.0,3.0,11.0,2.0,12.0,2.0,12.0,2.0,12.0,2.0,12.0,1.0,12.0,1.0,12.0,1.0,12.0,1.0,13.0,2.0,12.0,2.0,13.0,1.0,13.0,1.0,12.0,1.0,13.0,1.0
4.473,122.0,-96.0,7.0,0.0,0.0,0.0,0.0,0.0,0.0,0.0,0.0,0.0,11.0,-19.0,11.0,-22.0,11.0,-22.0,10.0,-23.0,9.0,-22.0,8.0,-20.0,7.0,-18.0,6.0,-14.0,6.0,-10.0,5.0,-6.0,5.0,-1.0,6.0,4.0,7.0,8.0,8.0,12.0,10.0,16.0,11.0,18.0,13.0,21.0,14.0,22.0,15.0,22.0,15.0,21.0,15.0,20.0,14.0,18.0,12.0,15.0,9.0,12.0,6.0,9.0,2.0,7.0
4.4875,122.0,-96.0,7.0,0.0,0.0,0.0,0.0,0.0,0.0,0.0,0.0,0.0,10.0,0.0,14.0,2.0,17.0,3.0,20.0,3.0,22.0,3.0,25.0,3.0,25.0,2.0,25.0,1.0,24.0,1.0,21.0,0.0,18.0,1.0,14.0,1.0,10.0,1.0,6.0,3.0,1.0,5.0,-3.0,8.0,-7.0,10.0,-10.0,13.0,-13.0,17.0,-14.0,19.0,-15.0,21.0,-16.0,22.0,-15.0,24.0,-14.0,23.0,-12.0,22.0,-10.0,20.0
4.5021,122.0,-96.0,7.0,0.0,0.0,0.0,0.0,0.0,0.0,0.0,0.0,0.0,13.0,-1.0,8.0,1.0,3.0,5.0,-1.0,8.0,-5.0,12.0,-7.0,17.0,-9.0,21.0,-11.0,25.0,-11.0,28.0,-11.0,30.0,-10.0,31.0,-8.0,31.0,-7.0,29.0,-5.0,28.0,-5.0,23.0,-4.0,19.0,-4.0,14.0,-6.0,8.0,-8.0,2.0,-10.0,-3.0,-13.0,-9.0,-16.0,-13.0,-20.0,-17.0,-24.0,-19.0,-26.0,-20.0,-28.0,-20.0
4.5162,122.0,-96.0,7.0,0.0,0.0,0.0,0.0,0.0,0.0,0.0,0.0,0.0,-16.0,-20.0,-18.0,-21.0,-19.0,-20.0,-19.0,-20.0,-19.0,-19.0,-18.0,-17.0,-15.0,-15.0,-12.0,-13.0,-8.0,-10.0,-3.0,-8.0,2.0,-6.0,7.0,-5.0,13.0,-5.0,17.0,-4.0,22.0,-5.0,25.0,-5.0,27.0,-6.0,29.0,-7.0,29.0,-8.0,28.0,-8.0,26.0,-8.0,23.0,-8.0,20.0,-7.0,16.0,-5.0,11.0,-2.0,7.0,1.0
4.531,122.0,-96.0,7.0,0.0,0.0,0.0,0.0,0.0,0.0,0.0,0.0,0.0,10.0,-7.0,10.0,-8.0,11.0,-8.0,11.0,-8.0,11.0,-8.0,11.0,-9.0,11.0,-9.0,11.0,-9.0,11.0,-9.0,11.0,-9.0,12.0,-9.0,12.0,-9.0,12.0,-9.0,12.0,-10.0,12.0,-10.0,13.0,-10.0,12.0,-10.0,12.0,-10.0,12.0,-11.0,12.0,-11.0,12.0,-11.0,12.0,-11.0,12.0,-12.0,12.0,-11.0,12.0,-11.0,12.0,-12.0
4.5459,122.0,-96.0,7.0,0.0,0.0,0.0,0.0,0.0,0.0,0.0,0.0,0.0,21.0,6.0,23.0,6.0,24.0,6.0,23.0,5.0,22.0,4.0,20.0,4.0,18.0,3.0,14.0,3.0,10.0,3.0,6.0,4.0,1.0,5.0,-4.0,7.0,-8.0,9.0,-12.0,10.0,-15.0,13.0,-17.0,14.0,-19.0,16.0,-20.0,18.0,-20.0,19.0,-19.0,19.0,-18.0,19.0,-16.0,17.0,-13.0,15.0,-11.0,12.0,-8.0,8.0,-7.0,3.0
4.5601,122.0,-96.0,7.0,0.0,0.0,0.0,0.0,0.0,0.0,0.0,0.0,0.0,7.0,-8.0,6.0,-8.0,6.0,-8.0,7.0,-8.0,7.0,-9.0,7.0,-10.0,7.0,-9.0,7.0,-9.0,8.0,-9.0,7.0,-10.0,7.0,-9.0,8.0,-10.0,7.0,-10.0,7.0,-10.0,7.0,-11.0,7.0,-11.0,7.0,-10.0,7.0,-11.0,7.0,-11.0,7.0,-11.0,7.0,-12.0,7.0,-11.0,7.0,-12.0,7.0,-11.0,7.0,-12.0,7.0,-12.0
4.5734,122.0,-96.0,7.0,0.0,0.0,0.0,0.0,0.0,0.0,0.0,0.0,0.0,8.0,7.0,8.0,7.0,9.0,7.0,8.0,7.0,8.0,8.0,9.0,7.0,9.0,8.0,9.0,8.0,8.0,8.0,10.0,8.0,9.0,8.0,9.0,8.0,10.0,8.0,11.0,8.0,10.0,7.0,10.0,8.0,10.0,8.0,12.0,7.0,11.0,8.0,11.0,8.0,11.0,8.0,11.0,7.0,12.0,7.0,12.0,8.0,12.0,7.0,12.0,7.0
4.5884,122.0,-96.0,7.0,0.0,0.0,0.0,0.0,0.0,0.0,0.0,0.0,0.0,-5.0,21.0,-5.0,23.0,-4.0,24.0,-4.0,23.0,-3.0,23.0,-3.0,21.0,-3.0,18.0,-3.0,15.0,-3.0,11.0,-5.0,6.0,-6.0,1.0,-8.0,-3.0,-10.0,-7.0,-12.0,-11.0,-15.0,-14.0,-17.0,-16.0,-19.0,-18.0,-20.0,-18.0,-21.0,-18.0,-22.0,-18.0,-21.0,-17.0,-19.0,-15.0,-17.0,-13.0,-13.0,-10.0,-9.0,-8.0,-5.0,-7.0
4.6017,122.0,-96.0,7.0,0.0,0.0,0.0,0.0,0.0,0.0,0.0,0.0,0.0,6.0,-14.0,6.0,-8.0,6.0,-2.0,9.0,4.0,11.0,10.0,15.0,16.0,18.0,20.0,21.0,23.0,25.0,25.0,26.0,26.0,28.0,26.0,29.0,25.0,28.0,22.0,27.0,19.0,23.0,17.0,18.0,13.0,13.0,11.0,6.0,9.0,-1.0,9.0,-9.0,7.0,-16.0,8.0,-22.0,10.0,-28.0,12.0,-32.0,14.0,-35.0,17.0,-36.0,19.0
4.6154,122.0,-96.0,7.0,0.0,0.0,0.0,0.0,0.0,0.0,0.0,0.0,0.0,-9.0,-1.0,-10.0,-2.0,-10.0,-2.0,-10.0,-1.0,-10.0,-2.0,-11.0,-1.0,-10.0,-1.0,-11.0,-1.0,-11.0,-1.0,-11.0,-1.0,-11.0,-1.0,-11.0,-1.0,-11.0,-1.0,-12.0,-1.0,-12.0,-1.0,-12.0,-1.0,-12.0,0.0,-12.0,0.0,-12.0,-1.0,-12.0,0.0,-12.0,0.0,-12.0,0.0,-12.0,0.0,-12.0,0.0,-12.0,0.0,-13.0,0.0
4.6294,122.0,-96.0,7.0,0.0,0.0,0.0,0.0,0.0,0.0,0.0,0.0,0.0,-15.0,-17.0,-18.0,-18.0,-18.0,-18.0,-18.0,-17.0,-18.0,-16.0,-17.0,-15.0,-15.0,-13.0,-12.0,-11.0,-8.0,-9.0,-3.0,-7.0,1.0,-6.0,6.0,-5.0,10.0,-5.0,15.0,-4.0,19.0,-5.0,21.0,-5.0,24.0,-6.0,25.0,-6.0,27.0,-8.0,26.0,-8.0,24.0,-8.0,21.0,-8.0,18.0,-7.0,15.0,-6.0,11.0,-3.0,8.0,0.0
4.6443,122.0,-96.0,7.0,0.0,0.0,0.0,0.0,0.0,0.0,0.0,0.0,0.0,2.0,22.0,3.0,24.0,4.0,24.0,4.0,24.0,5.0,22.0,5.0,20.0,4.0,18.0,2.0,14.0,1.0,11.0,-2.0,7.0,-5.0,3.0,-8.0,0.0,-12.0,-3.0,-15.0,-6.0,-19.0,-8.0,-21.0,-9.0,-24.0,-10.0,-26.0,-10.0,-27.0,-9.0,-26.0,-8.0,-25.0,-8.0,-23.0,-7.0,-20.0,-5.0,-16.0,-5.0,-11.0,-4.0,-7.0,-5.0
4.6589,122.0,-96.0,7.0,0.0,0.0,0.0,0.0,0.0,0.0,0.0,0.0,0.0,8.0,-11.0,12.0,-14.0,16.0,-17.0,18.0,-19.0,20.0,-22.0,21.0,-24.0,20.0,-26.0,19.0,-26.0,18.0,-25.0,16.0,-23.0,13.0,-19.0,11.0,-14.0,9.0,-10.0,8.0,-4.0,6.0,2.0,6.0,8.0,6.0,14.0,7.0,19.0,9.0,24.0,10.0,28.0,12.0,31.0,13.0,32.0,14.0,32.0,14.0,30.0,15.0,27.0,14.0,24.0
4.6725,122.0,-96.0,7.0,0.0,0.0,0.0,0.0,0.0,0.0,0.0,0.0,0.0,14.0,1.0,8.0,3.0,2.0,6.0,-3.0,10.0,-8.0,14.0,-12.0,18.0,-15.0,22.0,-17.0,27.0,-18.0,30.0,-18.0,32.0,-17.0,33.0,-15.0,33.0,-13.0,32.0,-11.0,29.0,-9.0,25.0,-8.0,19.0,-8.0,13.0,-8.0,6.0,-9.0,-1.0,-10.0,-7.0,-14.0,-14.0,-16.0,-19.0,-20.0,-24.0,-24.0,-26.0,-27.0,-28.0,-28.0,-28.0
4.6869,122.0,-96.0,7.0,0.0,0.0,0.0,0.0,0.0,0.0,0.0,0.0,0.0,-12.0,-6.0,-7.0,-6.0,-1.0,-7.0,4.0,-8.0,10.0,-10.0,14.0,-14.0,18.0,-16.0,20.0,-19.0,22.0,-22.0,23.0,-23.0,22.0,-24.0,21.0,-24.0,19.0,-24.0,17.0,-23.0,14.0,-19.0,11.0,-15.0,9.0,-10.0,8.0,-4.0,7.0,2.0,6.0,8.0,7.0,14.0,8.0,19.0,10.0,24.0,12.0,28.0,14.0,29.0,16.0,30.0
4.7009,122.0,-96.0,7.0,0.0,0.0,0.0,0.0,0.0,0.0,0.0,0.0,0.0,-12.0,-7.0,-7.0,-6.0,-1.0,-7.0,4.0,-8.0,10.0,-10.0,15.0,-12.0,18.0,-15.0,21.0,-17.0,23.0,-20.0,24.0,-22.0,24.0,-23.0,23.0,-23.0,21.0,-23.0,18.0,-22.0,16.0,-19.0,13.0,-15.0,10.0,-11.0,8.0,-5.0,7.0,1.0,5.0,7.0,6.0,13.0,6.0,19.0,8.0,24.0,9.0,27.0,11.0,30.0,12.0,31.0
4.7146,122.0,-96.0,7.0,0.0,0.0,0.0,0.0,0.0,0.0,0.0,0.0,0.0,-8.0,24.0,-7.0,22.0,-5.0,19.0,-5.0,15.0,-5.0,11.0,-6.0,7.0,-7.0,1.0,-8.0,-4.0,-10.0,-8.0,-12.0,-13.0,-14.0,-16.0,-16.0,-19.0,-18.0,-21.0,-21.0,-22.0,-22.0,-22.0,-22.0,-21.0,-22.0,-20.0,-20.0,-18.0,-18.0,-15.0,-15.0,-13.0,-10.0,-11.0,-6.0,-9.0,-1.0,-7.0,5.0,-6.0,10.0,-5.0,16.0,-5.0
4.7292,122.0,-96.0,7.0,0.0,0.0,0.0,0.0,0.0,0.0,0.0,0.0,0.0,-23.0,-5.0,-21.0,-4.0,-18.0,-4.0,-15.0,-4.0,-11.0,-3.0,-7.0,-4.0,-3.0,-6.0,1.0,-7.0,6.0,-10.0,9.0,-12.0,11.0,-14.0,14.0,-17.0,15.0,-19.0,16.0,-21.0,16.0,-23.0,15.0,-22.0,14.0,-22.0,12.0,-20.0,10.0,-18.0,8.0,-15.0,7.0,-11.0,6.0,-6.0,6.0,-2.0,5.0,3.0,5.0,8.0,7.0,13.0
4.7423,122.0,-96.0,7.0,0.0,0.0,0.0,0.0,0.0,0.0,0.0,0.0,0.0,23.0,16.0,20.0,15.0,18.0,13.0,14.0,11.0,10.0,9.0,4.0,7.0,-1.0,6.0,-7.0,6.0,-13.0,6.0,-18.0,7.0,-22.0,9.0,-26.0,9.0,-29.0,12.0,-30.0,14.0,-31.0,15.0,-30.0,16.0,-28.0,15.0,-25.0,14.0,-22.0,13.0,-18.0,10.0,-14.0,6.0,-10.0,1.0,-7.0,-4.0,-4.0,-10.0,-1.0,-15.0,-1.0,-21.0
4.7546,122.0,-96.0,7.0,0.0,0.0,0.0,0.0,0.0,0.0,0.0,0.0,0.0,13.0,-25.0,12.0,-23.0,10.0,-20.0,9.0,-16.0,7.0,-12.0,7.0,-6.0,6.0,-1.0,7.0,5.0,8.0,11.0,10.0,16.0,11.0,20.0,13.0,23.0,16.0,26.0,18.0,27.0,19.0,27.0,20.0,26.0,19.0,24.0,18.0,22.0,16.0,19.0,12.0,15.0,8.0,12.0,2.0,9.0,-4.0,6.0,-9.0,4.0,-15.0,2.0,-21.0,2.0
4.7698,122.0,-96.0,7.0,0.0,0.0,0.0,0.0,0.0,0.0,0.0,0.0,0.0,-10.0,-5.0,-9.0,-5.0,-10.0,-5.0,-10.0,-5.0,-11.0,-5.0,-11.0,-5.0,-11.0,-5.0,-11.0,-4.0,-11.0,-5.0,-12.0,-5.0,-11.0,-5.0,-12.0,-5.0,-12.0,-5.0,-12.0,-5.0,-12.0,-5.0,-12.0,-5.0,-12.0,-5.0,-13.0,-5.0,-13.0,-5.0,-13.0,-5.0,-13.0,-5.0,-12.0,-4.0,-13.0,-5.0,-13.0,-4.0,-13.0,-5.0,-13.0,-5.0
4.7824,122.0,-96.0,7.0,0.0,0.0,0.0,0.0,0.0,0.0,0.0,0.0,0.0,12.0,-26.0,12.0,-29.0,12.0,-29.0,11.0,-29.0,10.0,-28.0,8.0,-26.0,7.0,-23.0,6.0,-18.0,6.0,-13.0,6.0,-7.0,7.0,-1.0,8.0,5.0,10.0,11.0,11.0,16.0,14.0,20.0,16.0,23.0,18.0,26.0,20.0,27.0,21.0,27.0,21.0,25.0,20.0,24.0,19.0,21.0,16.0,17.0,12.0,14.0,7.0,10.0,1.0,8.0
4.7976,122.0,-96.0,7.0,0.0,0.0,0.0,0.0,0.0,0.0,0.0,0.0,0.0,-13.0,-6.0,-13.0,-6.0,-13.0,-5.0,-14.0,-6.0,-14.0,-5.0,-15.0,-6.0,-15.0,-6.0,-15.0,-5.0,-15.0,-6.0,-15.0,-5.0,-15.0,-6.0,-16.0,-6.0,-15.0,-6.0,-16.0,-5.0,-17.0,-5.0,-16.0,-5.0,-16.0,-5.0,-16.0,-5.0,-17.0,-5.0,-17.0,-5.0,-17.0,-5.0,-17.0,-4.0,-17.0,-4.0,-18.0,-4.0,-18.0,-5.0,-18.0,-4.0
4.8123,122.0,-96.0,7.0,0.0,0.0,0.0,0.0,0.0,0.0,0.0,0.0,0.0,-23.0,-2.0,-21.0,-2.0,-18.0,-2.0,-15.0,-2.0,-11.0,-2.0,-6.0,-4.0,-2.0,-6.0,2.0,-8.0,5.0,-11.0,9.0,-14.0,11.0,-16.0,13.0,-19.0,14.0,-21.0,14.0,-23.0,13.0,-24.0,12.0,-24.0,11.0,-23.0,10.0,-20.0,8.0,-17.0,7.0,-14.0,6.0,-9.0,5.0,-4.0,6.0,1.0,6.0,6.0,6.0,10.0,9.0,15.0
4.8267,122.0,-96.0,7.0,0.0,0.0,0.0,0.0,0.0,0.0,0.0,0.0,0.0,8.0,-8.0,6.0,-4.0,5.0,1.0,4.0,6.0,4.0,11.0,5.0,16.0,6.0,20.0,7.0,23.0,9.0,25.0,10.0,26.0,11.0,26.0,12.0,25.0,12.0,23.0,12.0,21.0,10.0,18.0,7.0,14.0,4.0,11.0,0.0,7.0,-5.0,5.0,-10.0,2.0,-15.0,1.0,-20.0,0.0,-24.0,0.0,-28.0,1.0,-30.0,1.0,-30.0,2.0
4.8412,122.0,-96.0,7.0,0.0,0.0,0.0,0.0,0.0,0.0,0.0,0.0,0.0,8.0,8.0,10.0,12.0,13.0,15.0,15.0,18.0,17.0,19.0,19.0,20.0,20.0,20.0,20.0,19.0,20.0,17.0,18.0,16.0,14.0,13.0,11.0,11.0,7.0,9.0,2.0,7.0,-3.0,5.0,-8.0,5.0,-14.0,4.0,-19.0,4.0,-23.0,5.0,-27.0,6.0,-29.0,8.0,-30.0,9.0,-30.0,10.0,-28.0,10.0,-26.0,11.0,-23.0,10.0
4.8574,122.0,-96.0,7.0,0.0,0.0,0.0,0.0,0.0,0.0,0.0,0.0,0.0,-10.0,-8.0,-10.0,-7.0,-10.0,-8.0,-10.0,-8.0,-10.0,-7.0,-10.0,-8.0,-11.0,-8.0,-11.0,-8.0,-11.0,-8.0,-11.0,-8.0,-11.0,-8.0,-11.0,-8.0,-11.0,-9.0,-12.0,-8.0,-12.0,-8.0,-12.0,-8.0,-12.0,-8.0,-12.0,-8.0,-13.0,-8.0,-12.0,-8.0,-12.0,-8.0,-13.0,-8.0,-13.0,-8.0,-13.0,-8.0,-13.0,-8.0,-13.0,-8.0
4.8712,122.0,-96.0,7.0,0.0,0.0,0.0,0.0,0.0,0.0,0.0,0.0,0.0,-12.0,22.0,-12.0,24.0,-11.0,25.0,-11.0,25.0,-9.0,24.0,-9.0,22.0,-8.0,19.0,-7.0,15.0,-6.0,11.0,-7.0,6.0,-7.0,0.0,-8.0,-5.0,-10.0,-10.0,-11.0,-14.0,-13.0,-18.0,-14.0,-21.0,-16.0,-24.0,-18.0,-25.0,-19.0,-25.0,-20.0,-24.0,-19.0,-23.0,-18.0,-20.0,-16.0,-17.0,-12.0,-14.0,-8.0,-11.0,-4.0,-9.0
4.8854,122.0,-96.0,7.0,0.0,0.0,0.0,0.0,0.0,0.0,0.0,0.0,0.0,20.0,-10.0,21.0,-12.0,21.0,-12.0,21.0,-12.0,19.0,-13.0,18.0,-12.0,16.0,-10.0,13.0,-8.0,10.0,-5.0,7.0,-1.0,4.0,3.0,3.0,7.0,1.0,11.0,-1.0,15.0,-2.0,19.0,-2.0,22.0,-2.0,25.0,-2.0,26.0,-1.0,27.0,0.0,27.0,0.0,26.0,0.0,23.0,1.0,20.0,0.0,16.0,-1.0,11.0,-3.0,7.0
4.8978,122.0,-96.0,7.0,0.0,0.0,0.0,0.0,0.0,0.0,0.0,0.0,0.0,11.0,-1.0,11.0,-1.0,12.0,-1.0,11.0,-2.0,12.0,-1.0,12.0,-2.0,12.0,-2.0,12.0,-2.0,12.0,-2.0,12.0,-2.0,13.0,-2.0,13.0,-2.0,13.0,-2.0,13.0,-2.0,13.0,-2.0,13.0,-3.0,13.0,-3.0,13.0,-3.0,13.0,-3.0,14.0,-3.0,14.0,-3.0,13.0,-3.0,13.0,-4.0,14.0,-4.0,14.0,-4.0,14.0,-4.0
4.9124,122.0,-96.0,7.0,0.0,0.0,0.0,0.0,0.0,0.0,0.0,0.0,0.0,23.0,-9.0,21.0,-9.0,18.0,-8.0,15.0,-6.0,11.0,-4.0,8.0,0.0,4.0,4.0,1.0,8.0,-1.0,12.0,-3.0,17.0,-5.0,20.0,-5.0,23.0,-6.0,27.0,-5.0,28.0,-4.0,29.0,-3.0,29.0,-2.0,27.0,-2.0,25.0,-1.0,21.0,-2.0,18.0,-3.0,12.0,-4.0,7.0,-7.0,2.0,-9.0,-3.0,-12.0,-7.0,-16.0,-11.0
4.926,122.0,-96.0,7.0,0.0,0.0,0.0,0.0,0.0,0.0,0.0,0.0,0.0,9.0,6.0,12.0,10.0,15.0,13.0,17.0,15.0,20.0,16.0,22.0,17.0,23.0,16.0,23.0,16.0,22.0,14.0,20.0,13.0,17.0,11.0,14.0,9.0,10.0,8.0,4.0,7.0,-1.0,6.0,-6.0,6.0,-12.0,6.0,-17.0,7.0,-21.0,9.0,-24.0,10.0,-27.0,12.0,-28.0,13.0,-28.0,15.0,-26.0,16.0,-25.0,16.0,-22.0,15.0
4.9394,122.0,-96.0,7.0,0.0,0.0,0.0,0.0,0.0,0.0,0.0,0.0,0.0,9.0,5.0,9.0,4.0,8.0,5.0,9.0,5.0,9.0,5.0,9.0,5.0,10.0,5.0,10.0,6.0,10.0,5.0,10.0,6.0,10.0,5.0,10.0,6.0,10.0,6.0,10.0,5.0,11.0,5.0,11.0,5.0,10.0,5.0,11.0,5.0,11.0,5.0,11.0,5.0,11.0,5.0,11.0,5.0,11.0,5.0,11.0,5.0,11.0,5.0,12.0,5.0
4.9438,98.0,33.0,22.0,0.0,0.0,0.0,0.0,0.0,0.0,0.0,0.0,0.0,0.0,-26.0,1.0,-23.0,-1.0,-19.0,-3.0,-15.0,-5.0,-11.0,-8.0,-7.0,-11.0,-2.0,-13.0,2.0,-15.0,7.0,-17.0,10.0,-19.0,14.0,-20.0,17.0,-19.0,18.0,-17.0,20.0,-17.0,21.0,-15.0,22.0,-12.0,21.0,-10.0,19.0,-7.0,15.0,-2.0,11.0,1.0,6.0,3.0,-1.0,7.0,-7.0,9.0,-14.0,13.0,-20.0,14.0,-26.0
4.9572,122.0,-96.0,7.0,0.0,0.0,0.0,0.0,0.0,0.0,0.0,0.0,0.0,20.0,15.0,19.0,13.0,16.0,11.0,13.0,9.0,9.0,8.0,4.0,7.0,-1.0,6.0,-6.0,6.0,-11.0,6.0,-15.0,7.0,-19.0,7.0,-23.0,8.0,-25.0,10.0,-27.0,12.0,-28.0,13.0,-26.0,14.0,-26.0,14.0,-23.0,13.0,-20.0,12.0,-17.0,9.0,-14.0,6.0,-10.0,2.0,-7.0,-3.0,-4.0,-7.0,-2.0,-12.0,-1.0,-18.0
4.9709,122.0,-96.0,7.0,0.0,0.0,0.0,0.0,0.0,0.0,0.0,0.0,0.0,12.0,0.0,13.0,0.0,13.0,0.0,13.0,0.0,13.0,0.0,14.0,0.0,14.0,-1.0,14.0,-1.0,14.0,0.0,14.0,-1.0,14.0,-1.0,14.0,-1.0,15.0,0.0,15.0,-1.0,15.0,-1.0,15.0,-1.0,16.0,-2.0,15.0,-1.0,16.0,-1.0,16.0,-2.0,16.0,-2.0,16.0,-2.0,16.0,-2.0,16.0,-2.0,16.0,-2.0,16.0,-3.0
4.9834,122.0,-96.0,7.0,0.0,0.0,0.0,0.0,0.0,0.0,0.0,0.0,0.0,0.0,13.0,-1.0,18.0,-2.0,22.0,-2.0,26.0,-2.0,29.0,-1.0,31.0,0.0,32.0,2.0,32.0,2.0,30.0,3.0,27.0,1.0,23.0,0.0,19.0,-1.0,14.0,-3.0,9.0,-6.0,3.0,-10.0,-1.0,-15.0,-6.0,-18.0,-9.0,-23.0,-12.0,-27.0,-14.0,-31.0,-15.0,-32.0,-15.0,-33.0,-14.0,-33.0,-13.0,-32.0,-11.0,-29.0,-10.0
4.998,122.0,-96.0,7.0,0.0,0.0,0.0,0.0,0.0,0.0,0.0,0.0,0.0,-9.0,5.0,-9.0,6.0,-8.0,6.0,-9.0,6.0,-8.0,7.0,-10.0,7.0,-10.0,7.0,-10.0,7.0,-9.0,7.0,-10.0,7.0,-10.0,7.0,-9.0,8.0,-10.0,8.0,-10.0,8.0,-9.0,8.0,-10.0,8.0,-10.0,8.0,-10.0,8.0,-10.0,8.0,-10.0,8.0,-10.0,9.0,-10.0,9.0,-9.0,9.0,-10.0,9.0,-10.0,9.0,-10.0,9.0
5.016,122.0,-96.0,7.0,0.0,0.0,0.0,0.0,0.0,0.0,0.0,0.0,0.0,8.0,-10.0,8.0,-11.0,8.0,-10.0,9.0,-11.0,8.0,-11.0,9.0,-12.0,9.0,-12.0,9.0,-12.0,9.0,-12.0,9.0,-12.0,9.0,-12.0,9.0,-12.0,10.0,-12.0,9.0,-12.0,9.0,-13.0,9.0,-13.0,9.0,-13.0,9.0,-13.0,10.0,-13.0,9.0,-13.0,9.0,-13.0,9.0,-13.0,9.0,-14.0,9.0,-14.0,9.0,-14.0,9.0,-14.0
