time,sc_0,sc_1,sc_2,sc_3,sc_4,sc_5,sc_6,sc_7,sc_8,sc_9,sc_10,sc_11,sc_12,sc_13,sc_14,sc_15,sc_16,sc_17,sc_18,sc_19,sc_20,sc_21,sc_22,sc_23,sc_24,sc_25,sc_26,sc_27,sc_28,sc_29,sc_30,sc_31,sc_32,sc_33,sc_34,sc_35,sc_36,sc_37,sc_38,sc_39,sc_40,sc_41,sc_42,sc_43,sc_44,sc_45,sc_46,sc_47,sc_48,sc_49,sc_50,sc_51,sc_52,sc_53,sc_54,sc_55,sc_56,sc_57,sc_58,sc_59,sc_60,sc_61,sc_62,sc_63
0.0109,122.0,-96.0,7.0,0.0,0.0,0.0,0.0,0.0,0.0,0.0,0.0,0.0,7.0,6.0,8.0,6.0,8.0,6.0,8.0,7.0,8.0,7.0,8.0,6.0,8.0,6.0,8.0,7.0,9.0,7.0,9.0,7.0,9.0,7.0,9.0,7.0,9.0,7.0,9.0,7.0,10.0,6.0,10.0,7.0,10.0,7.0,10.0,7.0,10.0,7.0,10.0,7.0,10.0,6.0,10.0,6.0,11.0,6.0,11.0,6.0,11.0,6.0,11.0,6.0
0.0131,98.0,33.0,22.0,0.0,0.0,0.0,0.0,0.0,0.0,0.0,0.0,0.0,12.0,9.0,16.0,10.0,18.0,10.0,20.0,10.0,21.0,10.0,22.0,9.0,22.0,7.0,21.0,6.0,20.0,4.0,16.0,2.0,13.0,0.0,9.0,-2.0,6.0,-5.0,1.0,-7.0,-3.0,-8.0,-9.0,-9.0,-14.0,-9.0,-19.0,-9.0,-23.0,-9.0,-26.0,-7.0,-29.0,-7.0,-29.0,-6.0,-30.0,-4.0,-28.0,-4.0,-26.0,-3.0,-22.0,-2.0
0.0194,122.0,-96.0,7.0,0.0,0.0,0.0,0.0,0.0,0.0,0.0,0.0,0.0,20.0,10.0,18.0,9.0,16.0,7.0,13.0,6.0,9.0,5.0,4.0,5.0,-1.0,5.0,-5.0,6.0,-9.0,7.0,-13.0,8.0,-17.0,9.0,-20.0,11.0,-22.0,12.0,-23.0,14.0,-23.0,15.0,-22.0,16.0,-20.0,15.0,-18.0,14.0,-16.0,12.0,-13.0,10.0,-10.0,6.0,-8.0,2.0,-6.0,-3.0,-4.0,-7.0,-3.0,-12.0,-3.0,-17.0
0.0274,122.0,-96.0,7.0,0.0,0.0,0.0,0.0,0.0,0.0,0.0,0.0,0.0,-5.0,-23.0,-4.0,-21.0,-4.0,-18.0,-3.0,-16.0,-2.0,-12.0,1.0,-8.0,3.0,-5.0,7.0,-1.0,10.0,2.0,14.0,4.0,16.0,6.0,20.0,7.0,22.0,8.0,24.0,8.0,26.0,8.0,25.0,6.0,25.0,6.0,22.0,5.0,20.0,4.0,16.0,3.0,12.0,3.0,7.0,4.0,2.0,5.0,-2.0,6.0,-7.0,8.0,-11.0,11.0
0.0402,122.0,-96.0,7.0,0.0,0.0,0.0,0.0,0.0,0.0,0.0,0.0,0.0,18.0,17.0,20.0,17.0,21.0,17.0,21.0,17.0,20.0,15.0,19.0,14.0,17.0,12.0,13.0,10.0,9.0,8.0,4.0,7.0,-1.0,6.0,-7.0,5.0,-12.0,5.0,-17.0,6.0,-22.0,6.0,-25.0,7.0,-28.0,8.0,-29.0,9.0,-30.0,10.0,-29.0,11.0,-27.0,11.0,-24.0,10.0,-21.0,10.0,-17.0,7.0,-13.0,4.0,-9.0,1.0
0.0533,122.0,-96.0,7.0,0.0,0.0,0.0,0.0,0.0,0.0,0.0,0.0,0.0,-1.0,12.0,-4.0,7.0,-6.0,2.0,-10.0,-3.0,-14.0,-8.0,-18.0,-11.0,-22.0,-14.0,-26.0,-16.0,-29.0,-16.0,-31.0,-16.0,-32.0,-15.0,-32.0,-13.0,-30.0,-12.0,-28.0,-9.0,-24.0,-9.0,-19.0,-8.0,-14.0,-7.0,-7.0,-7.0,0.0,-8.0,5.0,-9.0,11.0,-12.0,17.0,-14.0,20.0,-17.0,23.0,-21.0,25.0,-23.0,26.0,-25.0
0.0665,122.0,-96.0,7.0,0.0,0.0,0.0,0.0,0.0,0.0,0.0,0.0,0.0,1.0,-11.0,1.0,-11.0,1.0,-11.0,1.0,-11.0,1.0,-12.0,1.0,-12.0,0.0,-12.0,0.0,-12.0,1.0,-12.0,0.0,-13.0,0.0,-13.0,1.0,-13.0,0.0,-12.0,0.0,-13.0,1.0,-13.0,0.0,-13.0,0.0,-13.0,0.0,-13.0,0.0,-14.0,0.0,-13.0,0.0,-13.0,0.0,-13.0,-1.0,-14.0,-1.0,-13.0,-1.0,-14.0,-1.0,-14.0
0.0816,122.0,-96.0,7.0,0.0,0.0,0.0,0.0,0.0,0.0,0.0,0.0,0.0,-11.0,-7.0,-6.0,-6.0,0.0,-7.0,6.0,-9.0,11.0,-10.0,17.0,-13.0,20.0,-16.0,23.0,-19.0,25.0,-22.0,25.0,-23.0,25.0,-24.0,23.0,-24.0,21.0,-23.0,18.0,-22.0,15.0,-19.0,13.0,-14.0,10.0,-9.0,8.0,-3.0,6.0,4.0,5.0,10.0,6.0,16.0,6.0,22.0,8.0,27.0,9.0,30.0,11.0,32.0,12.0,33.0
0.0974,122.0,-96.0,7.0,0.0,0.0,0.0,0.0,0.0,0.0,0.0,0.0,0.0,-10.0,5.0,-9.0,5.0,-10.0,5.0,-10.0,5.0,-10.0,5.0,-10.0,6.0,-10.0,6.0,-10.0,6.0,-10.0,6.0,-10.0,7.0,-11.0,6.0,-10.0,7.0,-11.0,7.0,-11.0,7.0,-10.0,7.0,-11.0,7.0,-11.0,7.0,-11.0,8.0,-10.0,7.0,-11.0,7.0,-11.0,8.0,-10.0,8.0,-11.0,9.0,-11.0,8.0,-11.0,8.0,-10.0,8.0
0.1149,122.0,-96.0,7.0,0.0,0.0,0.0,0.0,0.0,0.0,0.0,0.0,0.0,12.0,-2.0,17.0,-2.0,21.0,-1.0,24.0,-1.0,27.0,-2.0,29.0,-3.0,29.0,-4.0,29.0,-5.0,27.0,-5.0,24.0,-5.0,20.0,-4.0,16.0,-2.0,11.0,-1.0,6.0,3.0,2.0,5.0,-2.0,9.0,-6.0,14.0,-10.0,17.0,-12.0,22.0,-13.0,25.0,-13.0,28.0,-13.0,29.0,-12.0,30.0,-11.0,29.0,-10.0,27.0,-8.0,25.0
0.1258,122.0,-96.0,7.0,0.0,0.0,0.0,0.0,0.0,0.0,0.0,0.0,0.0,2.0,9.0,4.0,10.0,3.0,9.0,3.0,9.0,3.0,10.0,3.0,11.0,4.0,10.0,4.0,10.0,4.0,10.0,4.0,11.0,4.0,10.0,4.0,11.0,4.0,11.0,5.0,11.0,4.0,10.0,5.0,11.0,5.0,11.0,5.0,11.0,5.0,11.0,5.0,11.0,5.0,11.0,6.0,11.0,5.0,11.0,5.0,11.0,5.0,11.0,6.0,11.0
0.1395,102.0,96.0,6.0,0.0,0.0,0.0,0.0,0.0,0.0,0.0,0.0,0.0,23.0,-7.0,24.0,-8.0,24.0,-9.0,23.0,-9.0,22.0,-9.0,20.0,-8.0,17.0,-7.0,14.0,-5.0,10.0,-3.0,6.0,1.0,3.0,4.0,0.0,9.0,-3.0,13.0,-5.0,16.0,-7.0,20.0,-8.0,23.0,-8.0,25.0,-8.0,26.0,-7.0,27.0,-7.0,27.0,-6.0,25.0,-5.0,22.0,-4.0,19.0,-4.0,14.0,-4.0,9.0,-5.0,4.0
0.1439,98.0,33.0,22.0,0.0,0.0,0.0,0.0,0.0,0.0,0.0,0.0,0.0,5.0,5.0,7.0,5.0,8.0,5.0,9.0,5.0,10.0,5.0,11.0,4.0,11.0,4.0,10.0,3.0,9.0,2.0,8.0,1.0,7.0,0.0,5.0,-1.0,4.0,-2.0,1.0,-3.0,-2.0,-4.0,-5.0,-5.0,-7.0,-5.0,-9.0,-5.0,-12.0,-4.0,-13.0,-4.0,-15.0,-4.0,-15.0,-3.0,-15.0,-2.0,-14.0,-2.0,-13.0,-2.0,-11.0,-1.0
0.1577,126.0,-32.0,7.0,0.0,0.0,0.0,0.0,0.0,0.0,0.0,0.0,0.0,7.0,-8.0,7.0,-8.0,7.0,-8.0,7.0,-9.0,7.0,-9.0,7.0,-9.0,7.0,-9.0,7.0,-10.0,7.0,-9.0,7.0,-10.0,8.0,-10.0,7.0,-10.0,8.0,-10.0,7.0,-10.0,7.0,-10.0,7.0,-10.0,7.0,-10.0,7.0,-10.0,7.0,-10.0,7.0,-11.0,7.0,-11.0,7.0,-11.0,7.0,-11.0,7.0,-11.0,7.0,-11.0,7.0,-11.0
0.1713,122.0,-96.0,7.0,0.0,0.0,0.0,0.0,0.0,0.0,0.0,0.0,0.0,-24.0,-1.0,-26.0,-1.0,-27.0,0.0,-26.0,1.0,-25.0,1.0,-22.0,1.0,-20.0,1.0,-16.0,0.0,-12.0,-1.0,-8.0,-3.0,-3.0,-6.0,2.0,-9.0,5.0,-12.0,8.0,-15.0,11.0,-18.0,13.0,-21.0,14.0,-23.0,14.0,-24.0,14.0,-25.0,13.0,-25.0,12.0,-24.0,10.0,-22.0,8.0,-20.0,7.0,-15.0,5.0,-10.0,5.0,-6.0
0.1855,122.0,-96.0,7.0,0.0,0.0,0.0,0.0,0.0,0.0,0.0,0.0,0.0,11.0,20.0,14.0,21.0,14.0,21.0,14.0,20.0,14.0,19.0,12.0,17.0,11.0,14.0,8.0,12.0,4.0,9.0,0.0,7.0,-4.0,4.0,-9.0,2.0,-14.0,1.0,-18.0,-1.0,-22.0,-1.0,-25.0,-1.0,-28.0,-1.0,-28.0,-1.0,-29.0,0.0,-28.0,2.0,-27.0,2.0,-23.0,2.0,-20.0,1.0,-15.0,0.0,-10.0,-1.0,-6.0,-3.0
0.201,122.0,-96.0,7.0,0.0,0.0,0.0,0.0,0.0,0.0,0.0,0.0,0.0,-11.0,-24.0,-10.0,-22.0,-8.0,-19.0,-6.0,-16.0,-4.0,-12.0,0.0,-8.0,4.0,-5.0,9.0,-1.0,13.0,1.0,17.0,3.0,21.0,4.0,25.0,5.0,28.0,6.0,30.0,5.0,31.0,4.0,30.0,3.0,28.0,2.0,26.0,1.0,22.0,1.0,17.0,1.0,12.0,2.0,7.0,4.0,1.0,6.0,-4.0,8.0,-9.0,11.0,-13.0,15.0
0.2152,122.0,-96.0,7.0,0.0,0.0,0.0,0.0,0.0,0.0,0.0,0.0,0.0,-3.0,-13.0,0.0,-8.0,5.0,-5.0,9.0,-1.0,15.0,2.0,20.0,4.0,24.0,5.0,28.0,6.0,31.0,5.0,33.0,5.0,34.0,4.0,33.0,3.0,31.0,1.0,28.0,0.0,23.0,0.0,18.0,1.0,12.0,2.0,6.0,4.0,1.0,8.0,-5.0,10.0,-10.0,15.0,-14.0,19.0,-17.0,23.0,-18.0,27.0,-19.0,29.0,-19.0,31.0
0.2296,122.0,-96.0,7.0,0.0,0.0,0.0,0.0,0.0,0.0,0.0,0.0,0.0,-5.0,23.0,-4.0,25.0,-3.0,25.0,-3.0,25.0,-2.0,23.0,-2.0,21.0,-2.0,18.0,-2.0,14.0,-3.0,10.0,-5.0,5.0,-6.0,0.0,-9.0,-4.0,-12.0,-8.0,-14.0,-12.0,-16.0,-15.0,-19.0,-17.0,-21.0,-18.0,-22.0,-19.0,-23.0,-18.0,-23.0,-17.0,-22.0,-16.0,-19.0,-14.0,-17.0,-12.0,-13.0,-9.0,-8.0,-7.0,-3.0,-6.0
0.2425,122.0,-96.0,7.0,0.0,0.0,0.0,0.0,0.0,0.0,0.0,0.0,0.0,11.0,6.0,11.0,6.0,12.0,6.0,12.0,7.0,12.0,6.0,12.0,7.0,12.0,6.0,13.0,6.0,13.0,7.0,13.0,7.0,13.0,7.0,13.0,7.0,13.0,7.0,13.0,6.0,14.0,7.0,14.0,6.0,13.0,6.0,14.0,7.0,14.0,7.0,14.0,7.0,14.0,7.0,14.0,7.0,14.0,7.0,15.0,6.0,15.0,6.0,15.0,6.0
0.2583,122.0,-96.0,7.0,0.0,0.0,0.0,0.0,0.0,0.0,0.0,0.0,0.0,-10.0,-25.0,-10.0,-22.0,-8.0,-19.0,-6.0,-16.0,-4.0,-12.0,0.0,-8.0,4.0,-5.0,8.0,-1.0,13.0,1.0,18.0,3.0,21.0,5.0,24.0,6.0,28.0,6.0,30.0,5.0,30.0,4.0,30.0,3.0,28.0,2.0,25.0,2.0,22.0,1.0,17.0,2.0,12.0,3.0,7.0,4.0,1.0,6.0,-4.0,8.0,-9.0,11.0,-13.0,14.0
0.2621,98.0,33.0,22.0,0.0,0.0,0.0,0.0,0.0,0.0,0.0,0.0,0.0,-15.0,19.0,-12.0,15.0,-10.0,14.0,-6.0,11.0,0.0,9.0,4.0,7.0,8.0,5.0,13.0,3.0,17.0,2.0,20.0,0.0,23.0,-2.0,25.0,-4.0,26.0,-6.0,26.0,-8.0,25.0,-9.0,24.0,-11.0,21.0,-11.0,17.0,-11.0,13.0,-10.0,8.0,-8.0,2.0,-5.0,-4.0,-2.0,-10.0,1.0,-16.0,4.0,-22.0,8.0,-28.0,11.0
0.2761,122.0,-96.0,7.0,0.0,0.0,0.0,0.0,0.0,0.0,0.0,0.0,0.0,-12.0,0.0,-7.0,-2.0,-3.0,-6.0,1.0,-10.0,4.0,-13.0,7.0,-18.0,8.0,-21.0,9.0,-25.0,9.0,-28.0,9.0,-29.0,9.0,-29.0,7.0,-29.0,6.0,-27.0,4.0,-25.0,4.0,-21.0,3.0,-17.0,4.0,-12.0,5.0,-6.0,7.0,0.0,8.0,5.0,11.0,10.0,15.0,14.0,17.0,17.0,20.0,19.0,23.0,20.0,24.0,20.0
0.2902,122.0,-96.0,7.0,0.0,0.0,0.0,0.0,0.0,0.0,0.0,0.0,0.0,-12.0,17.0,-12.0,19.0,-12.0,20.0,-11.0,20.0,-10.0,19.0,-10.0,18.0,-8.0,15.0,-7.0,12.0,-6.0,8.0,-6.0,3.0,-6.0,-1.0,-6.0,-6.0,-7.0,-10.0,-7.0,-14.0,-9.0,-17.0,-10.0,-20.0,-11.0,-22.0,-12.0,-23.0,-13.0,-23.0,-14.0,-22.0,-13.0,-21.0,-12.0,-19.0,-11.0,-16.0,-8.0,-13.0,-5.0,-10.0,-2.0,-7.0
0.3045,122.0,-96.0,7.0,0.0,0.0,0.0,0.0,0.0,0.0,0.0,0.0,0.0,11.0,-1.0,7.0,2.0,2.0,4.0,-1.0,7.0,-5.0,11.0,-8.0,15.0,-10.0,19.0,-12.0,22.0,-13.0,25.0,-13.0,27.0,-12.0,28.0,-10.0,28.0,-9.0,27.0,-7.0,25.0,-7.0,21.0,-5.0,17.0,-5.0,13.0,-6.0,7.0,-7.0,2.0,-8.0,-4.0,-10.0,-9.0,-13.0,-14.0,-16.0,-17.0,-18.0,-20.0,-21.0,-22.0,-23.0,-23.0
0.3184,122.0,-96.0,7.0,0.0,0.0,0.0,0.0,0.0,0.0,0.0,0.0,0.0,10.0,5.0,10.0,5.0,10.0,5.0,10.0,5.0,11.0,5.0,11.0,5.0,11.0,5.0,11.0,5.0,11.0,6.0,11.0,5.0,12.0,5.0,12.0,6.0,12.0,5.0,12.0,5.0,12.0,5.0,12.0,5.0,12.0,5.0,12.0,5.0,13.0,5.0,12.0,5.0,13.0,5.0,13.0,5.0,13.0,5.0,14.0,4.0,13.0,5.0,13.0,4.0
0.3326,122.0,-96.0,7.0,0.0,0.0,0.0,0.0,0.0,0.0,0.0,0.0,0.0,-14.0,-3.0,-19.0,-5.0,-24.0,-6.0,-27.0,-7.0,-31.0,-7.0,-33.0,-6.0,-34.0,-5.0,-34.0,-4.0,-32.0,-3.0,-29.0,-2.0,-25.0,-3.0,-20.0,-3.0,-15.0,-3.0,-9.0,-5.0,-2.0,-7.0,3.0,-10.0,9.0,-14.0,13.0,-17.0,16.0,-22.0,19.0,-24.0,21.0,-28.0,21.0,-29.0,20.0,-31.0,19.0,-30.0,17.0,-30.0,15.0,-27.0
0.3462,122.0,-96.0,7.0,0.0,0.0,0.0,0.0,0.0,0.0,0.0,0.0,0.0,9.0,-11.0,8.0,-10.0,9.0,-11.0,9.0,-11.0,9.0,-11.0,9.0,-11.0,9.0,-12.0,9.0,-12.0,9.0,-12.0,9.0,-12.0,9.0,-12.0,10.0,-13.0,9.0,-12.0,9.0,-13.0,9.0,-13.0,9.0,-13.0,9.0,-13.0,9.0,-14.0,8.0,-13.0,9.0,-14.0,9.0,-14.0,8.0,-14.0,9.0,-15.0,9.0,-15.0,9.0,-14.0,8.0,-14.0
0.36,122.0,-96.0,7.0,0.0,0.0,0.0,0.0,0.0,0.0,0.0,0.0,0.0,11.0,1.0,6.0,3.0,1.0,5.0,-3.0,8.0,-8.0,11.0,-11.0,15.0,-13.0,17.0,-15.0,21.0,-16.0,23.0,-16.0,25.0,-15.0,26.0,-14.0,26.0,-13.0,25.0,-11.0,23.0,-9.0,19.0,-8.0,15.0,-7.0,10.0,-7.0,5.0,-7.0,0.0,-8.0,-6.0,-9.0,-12.0,-11.0,-16.0,-14.0,-20.0,-17.0,-23.0,-19.0,-25.0,-20.0,-25.0
0.3735,122.0,-96.0,7.0,0.0,0.0,0.0,0.0,0.0,0.0,0.0,0.0,0.0,10.0,1.0,10.0,1.0,10.0,1.0,10.0,1.0,11.0,1.0,11.0,1.0,11.0,1.0,11.0,0.0,11.0,1.0,11.0,1.0,12.0,0.0,12.0,1.0,12.0,1.0,12.0,0.0,12.0,0.0,12.0,0.0,12.0,-1.0,12.0,0.0,12.0,0.0,13.0,-1.0,12.0,-1.0,12.0,0.0,12.0,-1.0,13.0,-1.0,13.0,-1.0,13.0,-1.0
0.3769,98.0,33.0,22.0,0.0,0.0,0.0,0.0,0.0,0.0,0.0,0.0,0.0,17.0,7.0,21.0,7.0,24.0,5.0,24.0,5.0,27.0,5.0,27.0,6.0,25.0,2.0,24.0,1.0,22.0,0.0,19.0,-2.0,14.0,-3.0,10.0,-7.0,3.0,-4.0,-3.0,-8.0,-9.0,-8.0,-14.0,-8.0,-17.0,-6.0,-24.0,-5.0,-26.0,-4.0,-30.0,-1.0,-33.0,1.0,-33.0,3.0,-34.0,4.0,-31.0,4.0,-27.0,3.0,-24.0,5.0
0.3914,122.0,-96.0,7.0,0.0,0.0,0.0,0.0,0.0,0.0,0.0,0.0,0.0,8.0,-8.0,6.0,-4.0,5.0,1.0,5.0,6.0,4.0,12.0,6.0,17.0,7.0,20.0,8.0,24.0,10.0,26.0,11.0,27.0,11.0,28.0,12.0,26.0,12.0,24.0,12.0,22.0,10.0,19.0,8.0,15.0,5.0,12.0,0.0,8.0,-5.0,5.0,-9.0,2.0,-15.0,0.0,-20.0,-1.0,-24.0,-1.0,-28.0,-1.0,-31.0,-1.0,-32.0,1.0
0.4059,122.0,-96.0,7.0,0.0,0.0,0.0,0.0,0.0,0.0,0.0,0.0,0.0,-16.0,17.0,-15.0,15.0,-12.0,13.0,-11.0,10.0,-8.0,6.0,-7.0,2.0,-6.0,-3.0,-5.0,-7.0,-5.0,-12.0,-5.0,-16.0,-5.0,-20.0,-6.0,-23.0,-7.0,-25.0,-9.0,-26.0,-10.0,-27.0,-10.0,-26.0,-10.0,-25.0,-10.0,-21.0,-9.0,-19.0,-7.0,-15.0,-4.0,-12.0,0.0,-8.0,4.0,-5.0,8.0,-2.0,12.0,1.0,17.0,3.0
0.4192,122.0,-96.0,7.0,0.0,0.0,0.0,0.0,0.0,0.0,0.0,0.0,0.0,-6.0,11.0,-6.0,6.0,-7.0,0.0,-9.0,-6.0,-11.0,-11.0,-14.0,-16.0,-17.0,-20.0,-20.0,-22.0,-23.0,-24.0,-24.0,-25.0,-26.0,-24.0,-25.0,-23.0,-24.0,-21.0,-24.0,-18.0,-20.0,-16.0,-15.0,-13.0,-11.0,-11.0,-5.0,-9.0,2.0,-8.0,8.0,-7.0,14.0,-7.0,20.0,-8.0,25.0,-9.0,28.0,-11.0,31.0,-13.0,32.0,-14.0
0.4353,122.0,-96.0,7.0,0.0,0.0,0.0,0.0,0.0,0.0,0.0,0.0,0.0,8.0,7.0,11.0,10.0,13.0,13.0,15.0,15.0,17.0,16.0,19.0,17.0,20.0,16.0,20.0,16.0,20.0,14.0,17.0,13.0,15.0,11.0,11.0,10.0,8.0,8.0,3.0,6.0,-2.0,5.0,-7.0,4.0,-12.0,5.0,-17.0,5.0,-21.0,6.0,-24.0,7.0,-26.0,9.0,-27.0,9.0,-27.0,10.0,-26.0,11.0,-25.0,11.0,-22.0,11.0
0.45,122.0,-96.0,7.0,0.0,0.0,0.0,0.0,0.0,0.0,0.0,0.0,0.0,11.0,-7.0,11.0,-7.0,11.0,-7.0,12.0,-8.0,12.0,-7.0,12.0,-8.0,12.0,-8.0,12.0,-8.0,12.0,-8.0,12.0,-8.0,13.0,-9.0,13.0,-8.0,13.0,-9.0,13.0,-9.0,13.0,-9.0,13.0,-9.0,13.0,-9.0,13.0,-9.0,13.0,-10.0,13.0,-10.0,13.0,-9.0,13.0,-10.0,13.0,-10.0,13.0,-10.0,13.0,-10.0,13.0,-11.0
0.4645,122.0,-96.0,7.0,0.0,0.0,0.0,0.0,0.0,0.0,0.0,0.0,0.0,11.0,19.0,10.0,17.0,9.0,15.0,7.0,12.0,4.0,9.0,0.0,6.0,-5.0,4.0,-9.0,1.0,-14.0,0.0,-18.0,-1.0,-21.0,-2.0,-24.0,-2.0,-26.0,-1.0,-28.0,0.0,-29.0,0.0,-27.0,1.0,-26.0,2.0,-23.0,2.0,-20.0,2.0,-16.0,0.0,-11.0,-2.0,-6.0,-4.0,-2.0,-7.0,3.0,-10.0,6.0,-13.0,9.0,-17.0
0.48,122.0,-96.0,7.0,0.0,0.0,0.0,0.0,0.0,0.0,0.0,0.0,0.0,-6.0,-12.0,-7.0,-12.0,-7.0,-13.0,-7.0,-13.0,-7.0,-13.0,-7.0,-13.0,-7.0,-13.0,-8.0,-13.0,-8.0,-13.0,-8.0,-14.0,-8.0,-14.0,-8.0,-14.0,-8.0,-14.0,-8.0,-13.0,-8.0,-13.0,-8.0,-14.0,-9.0,-14.0,-9.0,-14.0,-9.0,-14.0,-9.0,-14.0,-9.0,-14.0,-9.0,-14.0,-10.0,-14.0,-10.0,-15.0,-10.0,-14.0,-10.0,-14.0
0.4918,122.0,-96.0,7.0,0.0,0.0,0.0,0.0,0.0,0.0,0.0,0.0,0.0,6.0,10.0,1.0,7.0,-4.0,5.0,-10.0,3.0,-15.0,3.0,-21.0,3.0,-26.0,4.0,-30.0,4.0,-33.0,6.0,-33.0,7.0,-34.0,8.0,-32.0,9.0,-30.0,9.0,-27.0,10.0,-23.0,8.0,-18.0,5.0,-14.0,2.0,-9.0,-2.0,-5.0,-7.0,-1.0,-12.0,2.0,-18.0,4.0,-23.0,5.0,-28.0,5.0,-32.0,4.0,-35.0,3.0,-36.0
0.5048,122.0,-96.0,7.0,0.0,0.0,0.0,0.0,0.0,0.0,0.0,0.0,0.0,12.0,0.0,7.0,2.0,2.0,5.0,-3.0,9.0,-7.0,13.0,-10.0,18.0,-13.0,21.0,-15.0,25.0,-15.0,28.0,-15.0,30.0,-14.0,31.0,-13.0,31.0,-11.0,29.0,-9.0,28.0,-8.0,23.0,-7.0,18.0,-7.0,13.0,-7.0,6.0,-8.0,0.0,-9.0,-6.0,-12.0,-12.0,-15.0,-17.0,-18.0,-21.0,-21.0,-24.0,-24.0,-25.0,-25.0,-26.0
0.519,122.0,-96.0,7.0,0.0,0.0,0.0,0.0,0.0,0.0,0.0,0.0,0.0,4.0,-12.0,5.0,-6.0,6.0,-1.0,8.0,5.0,10.0,10.0,14.0,15.0,17.0,18.0,20.0,21.0,23.0,22.0,24.0,23.0,25.0,23.0,25.0,21.0,24.0,19.0,22.0,16.0,19.0,14.0,14.0,11.0,9.0,9.0,3.0,7.0,-4.0,7.0,-10.0,6.0,-17.0,7.0,-22.0,8.0,-27.0,10.0,-30.0,12.0,-32.0,14.0,-33.0,15.0
0.5331,122.0,-96.0,7.0,0.0,0.0,0.0,0.0,0.0,0.0,0.0,0.0,0.0,10.0,-11.0,14.0,-13.0,18.0,-16.0,21.0,-18.0,23.0,-20.0,24.0,-23.0,24.0,-24.0,22.0,-24.0,21.0,-23.0,18.0,-21.0,16.0,-17.0,13.0,-13.0,10.0,-9.0,8.0,-2.0,5.0,3.0,5.0,10.0,4.0,16.0,4.0,21.0,5.0,27.0,5.0,30.0,7.0,34.0,8.0,35.0,9.0,34.0,9.0,33.0,10.0,30.0,9.0,27.0
0.5509,122.0,-96.0,7.0,0.0,0.0,0.0,0.0,0.0,0.0,0.0,0.0,0.0,-7.0,-12.0,-7.0,-12.0,-7.0,-12.0,-8.0,-13.0,-7.0,-13.0,-8.0,-13.0,-8.0,-13.0,-9.0,-12.0,-9.0,-13.0,-9.0,-13.0,-9.0,-13.0,-9.0,-13.0,-9.0,-14.0,-9.0,-13.0,-9.0,-13.0,-9.0,-14.0,-9.0,-14.0,-10.0,-13.0,-10.0,-13.0,-10.0,-14.0,-10.0,-13.0,-10.0,-14.0,-11.0,-13.0,-11.0,-14.0,-11.0,-13.0,-11.0,-13.0
0.5655,122.0,-96.0,7.0,0.0,0.0,0.0,0.0,0.0,0.0,0.0,0.0,0.0,-6.0,11.0,-6.0,12.0,-6.0,13.0,-6.0,13.0,-6.0,12.0,-7.0,13.0,-6.0,13.0,-6.0,14.0,-6.0,13.0,-6.0,14.0,-6.0,14.0,-6.0,14.0,-6.0,14.0,-6.0,14.0,-6.0,14.0,-6.0,14.0,-5.0,14.0,-5.0,15.0,-5.0,15.0,-6.0,15.0,-5.0,15.0,-6.0,15.0,-5.0,15.0,-5.0,16.0,-5.0,16.0,-5.0,16.0
0.5796,122.0,-96.0,7.0,0.0,0.0,0.0,0.0,0.0,0.0,0.0,0.0,0.0,0.0,25.0,1.0,28.0,2.0,28.0,2.0,28.0,3.0,26.0,3.0,25.0,2.0,21.0,1.0,17.0,0.0,13.0,-3.0,8.0,-5.0,4.0,-9.0,-1.0,-13.0,-5.0,-16.0,-8.0,-20.0,-11.0,-22.0,-13.0,-26.0,-15.0,-27.0,-15.0,-29.0,-15.0,-30.0,-14.0,-28.0,-13.0,-26.0,-11.0,-22.0,-10.0,-19.0,-8.0,-14.0,-7.0,-9.0,-7.0
0.5929,122.0,-96.0,7.0,0.0,0.0,0.0,0.0,0.0,0.0,0.0,0.0,0.0,11.0,26.0,10.0,24.0,8.0,20.0,6.0,16.0,3.0,12.0,-1.0,8.0,-6.0,5.0,-11.0,1.0,-16.0,-2.0,-21.0,-4.0,-25.0,-6.0,-29.0,-7.0,-32.0,-6.0,-34.0,-6.0,-35.0,-5.0,-35.0,-4.0,-33.0,-3.0,-29.0,-3.0,-25.0,-2.0,-21.0,-2.0,-15.0,-4.0,-9.0,-5.0,-2.0,-8.0,3.0,-10.0,9.0,-13.0,13.0,-18.0
0.6089,122.0,-96.0,7.0,0.0,0.0,0.0,0.0,0.0,0.0,0.0,0.0,0.0,5.0,-10.0,8.0,-13.0,10.0,-16.0,12.0,-18.0,13.0,-21.0,14.0,-22.0,13.0,-24.0,12.0,-24.0,11.0,-23.0,10.0,-21.0,9.0,-17.0,8.0,-14.0,6.0,-10.0,6.0,-5.0,5.0,0.0,6.0,5.0,6.0,10.0,7.0,15.0,9.0,19.0,11.0,21.0,13.0,24.0,13.0,24.0,15.0,24.0,15.0,23.0,15.0,22.0,14.0,19.0
0.621,122.0,-96.0,7.0,0.0,0.0,0.0,0.0,0.0,0.0,0.0,0.0,0.0,-12.0,0.0,-16.0,-1.0,-19.0,-1.0,-22.0,-1.0,-25.0,-1.0,-27.0,0.0,-27.0,1.0,-27.0,2.0,-26.0,2.0,-23.0,2.0,-20.0,1.0,-16.0,0.0,-12.0,-1.0,-8.0,-3.0,-3.0,-5.0,1.0,-9.0,4.0,-12.0,7.0,-15.0,10.0,-19.0,11.0,-22.0,12.0,-25.0,12.0,-26.0,12.0,-27.0,10.0,-27.0,9.0,-26.0,8.0,-23.0
0.6341,122.0,-96.0,7.0,0.0,0.0,0.0,0.0,0.0,0.0,0.0,0.0,0.0,2.0,12.0,-1.0,8.0,-5.0,4.0,-10.0,0.0,-14.0,-3.0,-20.0,-5.0,-24.0,-7.0,-28.0,-8.0,-32.0,-8.0,-33.0,-7.0,-34.0,-6.0,-34.0,-5.0,-32.0,-4.0,-30.0,-2.0,-26.0,-2.0,-21.0,-2.0,-16.0,-3.0,-10.0,-5.0,-5.0,-7.0,1.0,-9.0,6.0,-14.0,11.0,-17.0,14.0,-21.0,16.0,-25.0,17.0,-28.0,18.0,-30.0
0.6495,122.0,-96.0,7.0,0.0,0.0,0.0,0.0,0.0,0.0,0.0,0.0,0.0,-12.0,-8.0,-12.0,-8.0,-13.0,-8.0,-12.0,-7.0,-13.0,-7.0,-13.0,-8.0,-13.0,-8.0,-14.0,-8.0,-13.0,-8.0,-13.0,-8.0,-14.0,-9.0,-14.0,-9.0,-14.0,-9.0,-14.0,-8.0,-15.0,-8.0,-14.0,-8.0,-14.0,-7.0,-14.0,-8.0,-15.0,-8.0,-15.0,-7.0,-15.0,-8.0,-15.0,-7.0,-15.0,-7.0,-16.0,-8.0,-16.0,-8.0,-16.0,-8.0
0.6622,122.0,-96.0,7.0,0.0,0.0,0.0,0.0,0.0,0.0,0.0,0.0,0.0,-4.0,-12.0,-4.0,-17.0,-5.0,-21.0,-5.0,-24.0,-6.0,-27.0,-7.0,-29.0,-8.0,-29.0,-9.0,-29.0,-9.0,-27.0,-9.0,-24.0,-8.0,-21.0,-6.0,-18.0,-4.0,-14.0,0.0,-10.0,3.0,-5.0,8.0,-2.0,12.0,1.0,17.0,3.0,22.0,5.0,25.0,6.0,28.0,6.0,30.0,7.0,31.0,5.0,31.0,4.0,30.0,2.0,27.0,2.0
0.6797,122.0,-96.0,7.0,0.0,0.0,0.0,0.0,0.0,0.0,0.0,0.0,0.0,11.0,20.0,13.0,21.0,13.0,21.0,14.0,21.0,13.0,19.0,12.0,18.0,10.0,15.0,7.0,13.0,5.0,10.0,0.0,7.0,-4.0,5.0,-8.0,2.0,-13.0,1.0,-17.0,-1.0,-22.0,-1.0,-24.0,-2.0,-27.0,-2.0,-28.0,-2.0,-29.0,-1.0,-28.0,0.0,-27.0,1.0,-24.0,1.0,-21.0,1.0,-16.0,0.0,-12.0,-1.0,-8.0,-3.0
0.6915,122.0,-96.0,7.0,0.0,0.0,0.0,0.0,0.0,0.0,0.0,0.0,0.0,-5.0,9.0,-5.0,9.0,-5.0,9.0,-5.0,9.0,-5.0,10.0,-5.0,10.0,-5.0,10.0,-5.0,10.0,-5.0,10.0,-5.0,11.0,-5.0,11.0,-5.0,11.0,-5.0,11.0,-5.0,11.0,-5.0,11.0,-5.0,11.0,-5.0,11.0,-4.0,12.0,-4.0,12.0,-5.0,12.0,-5.0,12.0,-4.0,12.0,-4.0,12.0,-4.0,12.0,-4.0,12.0,-4.0,12.0
0.7062,122.0,-96.0,7.0,0.0,0.0,0.0,0.0,0.0,0.0,0.0,0.0,0.0,19.0,-14.0,19.0,-16.0,19.0,-17.0,19.0,-17.0,17.0,-16.0,16.0,-15.0,14.0,-13.0,11.0,-10.0,9.0,-7.0,7.0,-2.0,5.0,2.0,3.0,7.0,2.0,12.0,1.0,16.0,1.0,20.0,1.0,23.0,2.0,25.0,2.0,27.0,4.0,28.0,4.0,27.0,4.0,26.0,5.0,23.0,4.0,20.0,3.0,15.0,1.0,11.0,-2.0,7.0
0.7097,98.0,33.0,22.0,0.0,0.0,0.0,0.0,0.0,0.0,0.0,0.0,0.0,27.0,1.0,28.0,2.0,26.0,1.0,25.0,1.0,22.0,0.0,19.0,-2.0,15.0,-3.0,10.0,-5.0,4.0,-6.0,0.0,-7.0,-5.0,-9.0,-10.0,-10.0,-16.0,-9.0,-20.0,-9.0,-24.0,-8.0,-26.0,-6.0,-30.0,-4.0,-30.0,-3.0,-31.0,-2.0,-29.0,1.0,-26.0,2.0,-24.0,2.0,-18.0,3.0,-11.0,2.0,-5.0,1.0,3.0,0.0
0.7268,122.0,-96.0,7.0,0.0,0.0,0.0,0.0,0.0,0.0,0.0,0.0,0.0,3.0,10.0,3.0,14.0,4.0,18.0,5.0,21.0,6.0,23.0,7.0,25.0,8.0,24.0,9.0,24.0,9.0,23.0,8.0,20.0,6.0,17.0,4.0,14.0,2.0,11.0,-1.0,7.0,-4.0,3.0,-8.0,1.0,-13.0,-2.0,-17.0,-4.0,-21.0,-5.0,-24.0,-6.0,-27.0,-6.0,-28.0,-6.0,-29.0,-4.0,-28.0,-4.0,-27.0,-2.0,-25.0,-2.0
0.741,122.0,-96.0,7.0,0.0,0.0,0.0,0.0,0.0,0.0,0.0,0.0,0.0,6.0,7.0,6.0,7.0,6.0,7.0,6.0,7.0,6.0,7.0,6.0,7.0,6.0,7.0,7.0,7.0,7.0,7.0,7.0,7.0,7.0,7.0,7.0,7.0,7.0,7.0,7.0,7.0,7.0,7.0,8.0,7.0,7.0,7.0,8.0,7.0,8.0,7.0,8.0,7.0,8.0,7.0,8.0,7.0,8.0,7.0,9.0,7.0,8.0,7.0,8.0,7.0
0.7538,122.0,-96.0,7.0,0.0,0.0,0.0,0.0,0.0,0.0,0.0,0.0,0.0,16.0,4.0,17.0,3.0,17.0,3.0,18.0,3.0,18.0,4.0,19.0,4.0,19.0,3.0,19.0,2.0,19.0,3.0,19.0,3.0,20.0,3.0,20.0,4.0,20.0,3.0,20.0,3.0,20.0,3.0,19.0,3.0,20.0,3.0,20.0,3.0,21.0,3.0,21.0,2.0,21.0,2.0,21.0,2.0,20.0,2.0,21.0,2.0,21.0,2.0,22.0,2.0
0.767,122.0,-96.0,7.0,0.0,0.0,0.0,0.0,0.0,0.0,0.0,0.0,0.0,1.0,-11.0,2.0,-15.0,3.0,-19.0,4.0,-22.0,4.0,-24.0,4.0,-26.0,3.0,-27.0,2.0,-27.0,1.0,-26.0,1.0,-23.0,1.0,-20.0,1.0,-17.0,2.0,-13.0,3.0,-8.0,4.0,-4.0,7.0,1.0,10.0,5.0,13.0,8.0,16.0,11.0,19.0,13.0,21.0,14.0,23.0,15.0,24.0,15.0,24.0,14.0,24.0,12.0,22.0,10.0
0.7808,122.0,-96.0,7.0,0.0,0.0,0.0,0.0,0.0,0.0,0.0,0.0,0.0,-5.0,-12.0,-5.0,-16.0,-6.0,-21.0,-6.0,-24.0,-7.0,-27.0,-9.0,-28.0,-10.0,-29.0,-11.0,-28.0,-11.0,-26.0,-10.0,-23.0,-8.0,-20.0,-6.0,-17.0,-4.0,-13.0,0.0,-9.0,4.0,-5.0,9.0,-2.0,14.0,1.0,18.0,3.0,23.0,4.0,26.0,4.0,29.0,4.0,31.0,4.0,32.0,3.0,31.0,2.0,29.0,0.0,26.0,0.0
0.7941,122.0,-96.0,7.0,0.0,0.0,0.0,0.0,0.0,0.0,0.0,0.0,0.0,3.0,9.0,3.0,10.0,3.0,9.0,4.0,10.0,3.0,10.0,4.0,10.0,4.0,11.0,4.0,11.0,4.0,11.0,4.0,11.0,4.0,11.0,4.0,11.0,4.0,11.0,4.0,11.0,5.0,11.0,5.0,11.0,5.0,11.0,5.0,11.0,5.0,11.0,5.0,11.0,5.0,11.0,5.0,11.0,6.0,11.0,5.0,12.0,5.0,11.0,6.0,11.0
0.808,122.0,-96.0,7.0,0.0,0.0,0.0,0.0,0.0,0.0,0.0,0.0,0.0,23.0,1.0,21.0,1.0,17.0,0.0,14.0,1.0,10.0,1.0,6.0,3.0,1.0,5.0,-3.0,7.0,-7.0,10.0,-10.0,12.0,-12.0,15.0,-14.0,17.0,-16.0,20.0,-16.0,22.0,-16.0,23.0,-14.0,22.0,-13.0,22.0,-12.0,19.0,-10.0,17.0,-9.0,13.0,-8.0,9.0,-7.0,4.0,-6.0,-1.0,-6.0,-6.0,-6.0,-11.0,-8.0,-16.0
0.8219,122.0,-96.0,7.0,0.0,0.0,0.0,0.0,0.0,0.0,0.0,0.0,0.0,-24.0,3.0,-25.0,4.0,-25.0,5.0,-25.0,5.0,-24.0,6.0,-22.0,5.0,-19.0,4.0,-16.0,3.0,-12.0,1.0,-8.0,-2.0,-4.0,-5.0,0.0,-9.0,2.0,-13.0,5.0,-16.0,7.0,-20.0,8.0,-22.0,9.0,-25.0,9.0,-27.0,8.0,-27.0,7.0,-27.0,7.0,-26.0,5.0,-24.0,5.0,-21.0,3.0,-16.0,3.0,-11.0,4.0,-7.0
0.8469,122.0,-96.0,7.0,0.0,0.0,0.0,0.0,0.0,0.0,0.0,0.0,0.0,11.0,2.0,6.0,3.0,2.0,5.0,-3.0,7.0,-7.0,10.0,-10.0,14.0,-13.0,17.0,-15.0,20.0,-16.0,23.0,-16.0,23.0,-16.0,25.0,-15.0,25.0,-14.0,25.0,-12.0,23.0,-10.0,20.0,-8.0,16.0,-8.0,12.0,-7.0,6.0,-7.0,1.0,-8.0,-5.0,-9.0,-10.0,-11.0,-15.0,-13.0,-19.0,-15.0,-22.0,-17.0,-24.0,-19.0,-25.0
0.8609,122.0,-96.0,7.0,0.0,0.0,0.0,0.0,0.0,0.0,0.0,0.0,0.0,-5.0,12.0,-5.0,12.0,-5.0,13.0,-5.0,13.0,-5.0,13.0,-5.0,14.0,-5.0,14.0,-5.0,14.0,-5.0,13.0,-5.0,14.0,-5.0,14.0,-5.0,14.0,-5.0,14.0,-5.0,14.0,-5.0,15.0,-5.0,14.0,-5.0,15.0,-5.0,15.0,-5.0,15.0,-5.0,15.0,-5.0,15.0,-5.0,15.0,-5.0,16.0,-4.0,15.0,-5.0,16.0,-4.0,16.0
0.8757,122.0,-96.0,7.0,0.0,0.0,0.0,0.0,0.0,0.0,0.0,0.0,0.0,-2.0,13.0,-2.0,13.0,-2.0,13.0,-2.0,13.0,-2.0,13.0,-2.0,14.0,-2.0,14.0,-2.0,14.0,-2.0,14.0,-2.0,14.0,-2.0,15.0,-3.0,15.0,-2.0,15.0,-2.0,15.0,-2.0,15.0,-2.0,15.0,-1.0,15.0,-2.0,15.0,-2.0,15.0,-1.0,16.0,-1.0,16.0,-1.0,16.0,-1.0,16.0,-1.0,16.0,-1.0,16.0,-1.0,16.0
0.8894,122.0,-96.0,7.0,0.0,0.0,0.0,0.0,0.0,0.0,0.0,0.0,0.0,15.0,-14.0,16.0,-16.0,15.0,-17.0,15.0,-17.0,14.0,-16.0,12.0,-15.0,11.0,-13.0,9.0,-10.0,7.0,-7.0,6.0,-3.0,4.0,1.0,4.0,6.0,3.0,10.0,3.0,14.0,3.0,18.0,4.0,20.0,4.0,22.0,5.0,23.0,6.0,24.0,6.0,23.0,7.0,22.0,6.0,20.0,6.0,17.0,4.0,13.0,2.0,10.0,-1.0,6.0
0.906,122.0,-96.0,7.0,0.0,0.0,0.0,0.0,0.0,0.0,0.0,0.0,0.0,2.0,-19.0,2.0,-19.0,2.0,-19.0,2.0,-19.0,1.0,-19.0,2.0,-20.0,1.0,-20.0,1.0,-20.0,1.0,-21.0,1.0,-20.0,1.0,-20.0,1.0,-20.0,1.0,-21.0,0.0,-21.0,1.0,-21.0,1.0,-21.0,1.0,-21.0,1.0,-21.0,1.0,-21.0,0.0,-21.0,1.0,-22.0,0.0,-21.0,0.0,-22.0,0.0,-22.0,0.0,-21.0,0.0,-22.0
0.9164,122.0,-96.0,7.0,0.0,0.0,0.0,0.0,0.0,0.0,0.0,0.0,0.0,-11.0,5.0,-15.0,6.0,-19.0,8.0,-23.0,9.0,-24.0,11.0,-26.0,13.0,-26.0,14.0,-25.0,15.0,-23.0,15.0,-21.0,13.0,-19.0,11.0,-16.0,8.0,-12.0,5.0,-9.0,1.0,-6.0,-4.0,-4.0,-9.0,-2.0,-15.0,0.0,-19.0,0.0,-24.0,0.0,-27.0,-1.0,-30.0,-2.0,-32.0,-3.0,-32.0,-3.0,-31.0,-5.0,-30.0,-5.0,-26.0
0.9297,122.0,-96.0,7.0,0.0,0.0,0.0,0.0,0.0,0.0,0.0,0.0,0.0,12.0,4.0,13.0,4.0,13.0,4.0,12.0,4.0,13.0,4.0,15.0,4.0,14.0,3.0,14.0,4.0,14.0,3.0,15.0,3.0,14.0,4.0,14.0,4.0,14.0,4.0,15.0,3.0,15.0,4.0,15.0,4.0,15.0,3.0,16.0,3.0,15.0,3.0,16.0,4.0,15.0,3.0,15.0,4.0,16.0,3.0,16.0,3.0,16.0,4.0,16.0,3.0
0.9437,122.0,-96.0,7.0,0.0,0.0,0.0,0.0,0.0,0.0,0.0,0.0,0.0,-7.0,8.0,-8.0,8.0,-7.0,8.0,-8.0,8.0,-8.0,9.0,-8.0,9.0,-8.0,9.0,-8.0,9.0,-8.0,9.0,-8.0,10.0,-8.0,9.0,-8.0,9.0,-8.0,9.0,-8.0,10.0,-8.0,10.0,-8.0,10.0,-7.0,10.0,-7.0,10.0,-8.0,10.0,-7.0,10.0,-7.0,10.0,-7.0,11.0,-7.0,11.0,-7.0,11.0,-7.0,11.0,-7.0,11.0
0.9481,98.0,33.0,22.0,0.0,0.0,0.0,0.0,0.0,0.0,0.0,0.0,0.0,-17.0,-11.0,-18.0,-11.0,-21.0,-11.0,-26.0,-10.0,-26.0,-9.0,-28.0,-10.0,-25.0,-8.0,-24.0,-4.0,-22.0,-4.0,-19.0,-1.0,-15.0,0.0,-12.0,2.0,-6.0,4.0,-2.0,5.0,5.0,6.0,10.0,6.0,15.0,5.0,21.0,4.0,25.0,2.0,28.0,0.0,31.0,-2.0,32.0,-3.0,32.0,-5.0,30.0,-5.0,27.0,-6.0,24.0,-6.0
0.9668,122.0,-96.0,7.0,0.0,0.0,0.0,0.0,0.0,0.0,0.0,0.0,0.0,-4.0,12.0,-5.0,6.0,-7.0,1.0,-10.0,-4.0,-13.0,-9.0,-17.0,-13.0,-20.0,-16.0,-23.0,-18.0,-26.0,-19.0,-28.0,-19.0,-29.0,-18.0,-29.0,-16.0,-28.0,-15.0,-26.0,-12.0,-21.0,-11.0,-17.0,-9.0,-11.0,-8.0,-5.0,-8.0,2.0,-8.0,7.0,-8.0,14.0,-11.0,19.0,-12.0,23.0,-16.0,25.0,-18.0,27.0,-21.0,27.0,-22.0
0.9831,122.0,-96.0,7.0,0.0,0.0,0.0,0.0,0.0,0.0,0.0,0.0,0.0,-11.0,-2.0,-11.0,-2.0,-11.0,-2.0,-11.0,-2.0,-11.0,-2.0,-12.0,-2.0,-12.0,-2.0,-12.0,-2.0,-12.0,-2.0,-12.0,-2.0,-12.0,-1.0,-12.0,-2.0,-12.0,-1.0,-12.0,-1.0,-13.0,-1.0,-12.0,-2.0,-13.0,-1.0,-13.0,-1.0,-13.0,-1.0,-13.0,-1.0,-13.0,-1.0,-13.0,-1.0,-13.0,-1.0,-13.0,-1.0,-13.0,-1.0,-13.0,0.0
0.9966,122.0,-96.0,7.0,0.0,0.0,0.0,0.0,0.0,0.0,0.0,0.0,0.0,10.0,-3.0,10.0,-3.0,10.0,-3.0,10.0,-3.0,10.0,-4.0,11.0,-4.0,11.0,-4.0,11.0,-4.0,11.0,-4.0,11.0,-4.0,11.0,-4.0,11.0,-4.0,12.0,-4.0,12.0,-5.0,12.0,-5.0,11.0,-5.0,12.0,-5.0,11.0,-5.0,12.0,-5.0,11.0,-5.0,12.0,-5.0,12.0,-5.0,11.0,-6.0,12.0,-6.0,12.0,-6.0,12.0,-6.0
1.0142,122.0,-96.0,7.0,0.0,0.0,0.0,0.0,0.0,0.0,0.0,0.0,0.0,-4.0,-11.0,-1.0,-8.0,3.0,-5.0,7.0,-3.0,12.0,-1.0,17.0,0.0,21.0,1.0,24.0,2.0,27.0,0.0,29.0,0.0,29.0,-1.0,28.0,-2.0,27.0,-3.0,25.0,-4.0,21.0,-3.0,17.0,-3.0,12.0,-1.0,8.0,2.0,3.0,5.0,-1.0,9.0,-5.0,12.0,-8.0,17.0,-10.0,21.0,-11.0,24.0,-11.0,27.0,-11.0,28.0
1.0281,122.0,-96.0,7.0,0.0,0.0,0.0,0.0,0.0,0.0,0.0,0.0,0.0,4.0,-13.0,3.0,-14.0,4.0,-14.0,4.0,-14.0,4.0,-14.0,4.0,-15.0,3.0,-15.0,3.0,-15.0,4.0,-15.0,4.0,-15.0,4.0,-16.0,4.0,-15.0,4.0,-15.0,4.0,-15.0,3.0,-16.0,3.0,-16.0,3.0,-16.0,3.0,-17.0,3.0,-17.0,2.0,-17.0,3.0,-16.0,2.0,-17.0,3.0,-17.0,2.0,-17.0,2.0,-17.0,2.0,-17.0
1.0449,122.0,-96.0,7.0,0.0,0.0,0.0,0.0,0.0,0.0,0.0,0.0,0.0,-1.0,25.0,-1.0,23.0,0.0,20.0,-1.0,16.0,-2.0,12.0,-4.0,7.0,-6.0,2.0,-9.0,-2.0,-12.0,-6.0,-15.0,-9.0,-18.0,-12.0,-21.0,-14.0,-24.0,-15.0,-27.0,-16.0,-28.0,-15.0,-27.0,-14.0,-27.0,-13.0,-24.0,-11.0,-22.0,-10.0,-18.0,-8.0,-13.0,-8.0,-8.0,-7.0,-2.0,-7.0,4.0,-7.0,9.0,-8.0,14.0,-11.0
1.0567,122.0,-96.0,7.0,0.0,0.0,0.0,0.0,0.0,0.0,0.0,0.0,0.0,-10.0,21.0,-10.0,22.0,-9.0,23.0,-8.0,22.0,-8.0,22.0,-7.0,20.0,-6.0,17.0,-6.0,13.0,-5.0,9.0,-6.0,4.0,-6.0,-1.0,-7.0,-6.0,-9.0,-10.0,-11.0,-14.0,-13.0,-17.0,-14.0,-20.0,-16.0,-22.0,-17.0,-23.0,-18.0,-22.0,-18.0,-21.0,-17.0,-20.0,-16.0,-17.0,-14.0,-15.0,-10.0,-12.0,-6.0,-9.0,-1.0,-7.0
1.071,122.0,-96.0,7.0,0.0,0.0,0.0,0.0,0.0,0.0,0.0,0.0,0.0,-8.0,11.0,-8.0,12.0,-8.0,12.0,-8.0,12.0,-8.0,12.0,-8.0,13.0,-7.0,13.0,-8.0,13.0,-8.0,13.0,-8.0,13.0,-8.0,13.0,-8.0,13.0,-8.0,13.0,-8.0,13.0,-8.0,14.0,-8.0,14.0,-8.0,14.0,-7.0,14.0,-8.0,15.0,-7.0,15.0,-7.0,15.0,-7.0,15.0,-7.0,15.0,-7.0,15.0,-7.0,15.0,-7.0,16.0
1.0872,122.0,-96.0,7.0,0.0,0.0,0.0,0.0,0.0,0.0,0.0,0.0,0.0,-24.0,-9.0,-22.0,-9.0,-19.0,-7.0,-15.0,-6.0,-11.0,-6.0,-6.0,-6.0,-1.0,-7.0,4.0,-8.0,9.0,-10.0,13.0,-12.0,16.0,-13.0,19.0,-16.0,21.0,-18.0,22.0,-20.0,22.0,-21.0,21.0,-21.0,19.0,-21.0,17.0,-19.0,14.0,-17.0,12.0,-13.0,9.0,-9.0,7.0,-4.0,6.0,2.0,4.0,7.0,4.0,12.0,4.0,18.0
1.1041,122.0,-96.0,7.0,0.0,0.0,0.0,0.0,0.0,0.0,0.0,0.0,0.0,-11.0,-3.0,-11.0,-3.0,-11.0,-3.0,-11.0,-3.0,-12.0,-3.0,-12.0,-3.0,-12.0,-3.0,-13.0,-3.0,-12.0,-3.0,-13.0,-3.0,-13.0,-3.0,-13.0,-3.0,-13.0,-3.0,-13.0,-3.0,-13.0,-3.0,-13.0,-3.0,-13.0,-3.0,-13.0,-3.0,-14.0,-3.0,-13.0,-2.0,-14.0,-3.0,-14.0,-2.0,-14.0,-3.0,-14.0,-2.0,-14.0,-3.0,-14.0,-2.0
1.1164,122.0,-96.0,7.0,0.0,0.0,0.0,0.0,0.0,0.0,0.0,0.0,0.0,8.0,6.0,9.0,5.0,9.0,6.0,9.0,6.0,9.0,6.0,9.0,6.0,9.0,6.0,10.0,6.0,10.0,6.0,10.0,6.0,10.0,6.0,10.0,6.0,10.0,6.0,10.0,6.0,10.0,6.0,11.0,5.0,11.0,5.0,11.0,5.0,11.0,6.0,11.0,5.0,11.0,5.0,11.0,5.0,11.0,5.0,11.0,5.0,12.0,5.0,12.0,5.0
1.1315,122.0,-96.0,7.0,0.0,0.0,0.0,0.0,0.0,0.0,0.0,0.0,0.0,-5.0,-26.0,-6.0,-28.0,-7.0,-28.0,-7.0,-28.0,-7.0,-26.0,-7.0,-24.0,-6.0,-21.0,-4.0,-17.0,-2.0,-13.0,1.0,-9.0,4.0,-5.0,9.0,-1.0,13.0,3.0,17.0,5.0,20.0,7.0,23.0,9.0,26.0,9.0,28.0,10.0,29.0,9.0,29.0,8.0,27.0,8.0,25.0,6.0,21.0,5.0,17.0,4.0,11.0,4.0,6.0,4.0
1.1447,122.0,-96.0,7.0,0.0,0.0,0.0,0.0,0.0,0.0,0.0,0.0,0.0,-7.0,11.0,-7.0,5.0,-7.0,0.0,-8.0,-6.0,-9.0,-11.0,-11.0,-17.0,-13.0,-21.0,-16.0,-24.0,-18.0,-26.0,-20.0,-27.0,-21.0,-27.0,-22.0,-26.0,-21.0,-24.0,-21.0,-22.0,-18.0,-19.0,-14.0,-16.0,-10.0,-13.0,-5.0,-10.0,1.0,-8.0,7.0,-6.0,13.0,-5.0,19.0,-5.0,24.0,-6.0,28.0,-7.0,31.0,-8.0,33.0,-9.0
1.1494,98.0,33.0,22.0,0.0,0.0,0.0,0.0,0.0,0.0,0.0,0.0,0.0,14.0,-10.0,16.0,-13.0,17.0,-16.0,18.0,-19.0,17.0,-20.0,17.0,-21.0,16.0,-22.0,14.0,-22.0,11.0,-20.0,8.0,-18.0,4.0,-15.0,1.0,-12.0,-2.0,-7.0,-6.0,-4.0,-8.0,1.0,-10.0,7.0,-11.0,13.0,-11.0,18.0,-11.0,22.0,-10.0,27.0,-10.0,29.0,-8.0,31.0,-7.0,31.0,-6.0,30.0,-5.0,27.0,-4.0,24.0
1.1627,122.0,-96.0,7.0,0.0,0.0,0.0,0.0,0.0,0.0,0.0,0.0,0.0,8.0,-10.0,6.0,-5.0,6.0,1.0,6.0,6.0,7.0,12.0,9.0,17.0,10.0,21.0,12.0,25.0,14.0,27.0,15.0,28.0,17.0,29.0,17.0,27.0,17.0,25.0,17.0,22.0,14.0,19.0,11.0,15.0,7.0,12.0,1.0,9.0,-4.0,6.0,-10.0,4.0,-16.0,2.0,-22.0,2.0,-27.0,2.0,-31.0,3.0,-33.0,4.0,-34.0,5.0
1.1778,122.0,-96.0,7.0,0.0,0.0,0.0,0.0,0.0,0.0,0.0,0.0,0.0,1.0,-23.0,0.0,-25.0,0.0,-25.0,-1.0,-25.0,-2.0,-24.0,-2.0,-22.0,-1.0,-19.0,0.0,-16.0,1.0,-12.0,3.0,-7.0,4.0,-3.0,7.0,1.0,10.0,5.0,13.0,8.0,16.0,11.0,18.0,13.0,21.0,14.0,22.0,15.0,23.0,14.0,23.0,13.0,22.0,12.0,20.0,11.0,18.0,9.0,14.0,7.0,9.0,6.0,4.0,5.0
1.1917,122.0,-96.0,7.0,0.0,0.0,0.0,0.0,0.0,0.0,0.0,0.0,0.0,5.0,-13.0,6.0,-13.0,6.0,-13.0,5.0,-13.0,5.0,-14.0,6.0,-14.0,6.0,-14.0,6.0,-14.0,6.0,-14.0,6.0,-14.0,6.0,-14.0,6.0,-14.0,6.0,-15.0,6.0,-15.0,6.0,-15.0,6.0,-15.0,6.0,-15.0,5.0,-15.0,6.0,-16.0,5.0,-16.0,6.0,-16.0,6.0,-16.0,6.0,-16.0,5.0,-16.0,5.0,-16.0,5.0,-16.0
1.2047,122.0,-96.0,7.0,0.0,0.0,0.0,0.0,0.0,0.0,0.0,0.0,0.0,5.0,24.0,5.0,22.0,4.0,19.0,3.0,16.0,1.0,12.0,-2.0,8.0,-6.0,4.0,-9.0,0.0,-13.0,-3.0,-17.0,-6.0,-20.0,-8.0,-23.0,-9.0,-27.0,-9.0,-29.0,-9.0,-30.0,-9.0,-29.0,-8.0,-29.0,-7.0,-26.0,-6.0,-23.0,-4.0,-19.0,-4.0,-14.0,-5.0,-9.0,-5.0,-4.0,-7.0,2.0,-8.0,7.0,-10.0,11.0,-13.0
1.2187,122.0,-96.0,7.0,0.0,0.0,0.0,0.0,0.0,0.0,0.0,0.0,0.0,14.0,21.0,13.0,19.0,11.0,16.0,9.0,13.0,5.0,10.0,1.0,8.0,-3.0,5.0,-8.0,3.0,-13.0,2.0,-17.0,1.0,-21.0,0.0,-25.0,1.0,-28.0,1.0,-30.0,2.0,-31.0,3.0,-30.0,4.0,-29.0,4.0,-26.0,4.0,-23.0,4.0,-19.0,3.0,-14.0,1.0,-10.0,-2.0,-6.0,-5.0,-1.0,-8.0,3.0,-12.0,5.0,-17.0
1.2326,122.0,-96.0,7.0,0.0,0.0,0.0,0.0,0.0,0.0,0.0,0.0,0.0,-2.0,-12.0,-1.0,-16.0,-1.0,-19.0,-1.0,-22.0,-1.0,-24.0,-2.0,-26.0,-3.0,-27.0,-4.0,-26.0,-4.0,-25.0,-4.0,-23.0,-3.0,-20.0,-2.0,-16.0,-1.0,-12.0,2.0,-8.0,4.0,-4.0,8.0,0.0,11.0,3.0,15.0,6.0,18.0,8.0,21.0,10.0,24.0,10.0,25.0,10.0,27.0,9.0,26.0,8.0,25.0,7.0,23.0,6.0
1.2475,122.0,-96.0,7.0,0.0,0.0,0.0,0.0,0.0,0.0,0.0,0.0,0.0,-10.0,-1.0,-11.0,-1.0,-11.0,-1.0,-12.0,-1.0,-12.0,-1.0,-13.0,-1.0,-12.0,0.0,-13.0,0.0,-12.0,0.0,-13.0,0.0,-13.0,0.0,-13.0,0.0,-13.0,-1.0,-13.0,0.0,-13.0,0.0,-13.0,0.0,-13.0,0.0,-13.0,0.0,-13.0,0.0,-14.0,0.0,-13.0,0.0,-13.0,0.0,-13.0,1.0,-14.0,1.0,-14.0,1.0,-14.0,1.0
1.2619,122.0,-96.0,7.0,0.0,0.0,0.0,0.0,0.0,0.0,0.0,0.0,0.0,9.0,-5.0,13.0,-6.0,17.0,-7.0,19.0,-8.0,22.0,-9.0,23.0,-10.0,23.0,-11.0,23.0,-12.0,22.0,-12.0,19.0,-11.0,16.0,-9.0,14.0,-7.0,10.0,-5.0,7.0,-1.0,4.0,3.0,2.0,7.0,-1.0,12.0,-2.0,16.0,-3.0,20.0,-4.0,23.0,-3.0,26.0,-3.0,27.0,-2.0,28.0,-1.0,27.0,0.0,26.0,1.0,23.0
1.2755,122.0,-96.0,7.0,0.0,0.0,0.0,0.0,0.0,0.0,0.0,0.0,0.0,21.0,-8.0,23.0,-9.0,23.0,-10.0,22.0,-10.0,21.0,-10.0,20.0,-9.0,17.0,-9.0,14.0,-7.0,11.0,-4.0,8.0,-1.0,4.0,3.0,2.0,7.0,-1.0,11.0,-3.0,15.0,-4.0,18.0,-5.0,21.0,-5.0,24.0,-6.0,26.0,-5.0,27.0,-4.0,27.0,-4.0,26.0,-3.0,24.0,-2.0,21.0,-2.0,17.0,-2.0,12.0,-3.0,8.0
1.2894,122.0,-96.0,7.0,0.0,0.0,0.0,0.0,0.0,0.0,0.0,0.0,0.0,-20.0,-17.0,-18.0,-16.0,-16.0,-14.0,-13.0,-11.0,-9.0,-9.0,-4.0,-8.0,0.0,-7.0,6.0,-6.0,11.0,-6.0,15.0,-6.0,20.0,-7.0,23.0,-7.0,26.0,-9.0,27.0,-10.0,28.0,-12.0,27.0,-12.0,26.0,-13.0,23.0,-12.0,20.0,-11.0,16.0,-9.0,13.0,-6.0,9.0,-2.0,5.0,2.0,2.0,7.0,-1.0,11.0,-2.0,17.0
1.303,122.0,-96.0,7.0,0.0,0.0,0.0,0.0,0.0,0.0,0.0,0.0,0.0,10.0,-3.0,14.0,-3.0,18.0,-3.0,21.0,-3.0,23.0,-4.0,25.0,-5.0,25.0,-6.0,25.0,-6.0,23.0,-7.0,21.0,-6.0,17.0,-5.0,14.0,-3.0,10.0,-1.0,6.0,2.0,2.0,5.0,-1.0,8.0,-4.0,12.0,-7.0,16.0,-8.0,20.0,-9.0,23.0,-9.0,25.0,-10.0,26.0,-9.0,27.0,-8.0,26.0,-6.0,25.0,-5.0,22.0
1.316,122.0,-96.0,7.0,0.0,0.0,0.0,0.0,0.0,0.0,0.0,0.0,0.0,-8.0,16.0,-8.0,16.0,-8.0,16.0,-8.0,16.0,-8.0,17.0,-8.0,17.0,-8.0,17.0,-8.0,18.0,-8.0,18.0,-8.0,18.0,-8.0,18.0,-9.0,18.0,-8.0,18.0,-8.0,18.0,-8.0,19.0,-8.0,18.0,-8.0,18.0,-8.0,18.0,-8.0,18.0,-8.0,19.0,-8.0,19.0,-8.0,19.0,-8.0,19.0,-8.0,19.0,-8.0,19.0,-8.0,19.0
1.3316,122.0,-96.0,7.0,0.0,0.0,0.0,0.0,0.0,0.0,0.0,0.0,0.0,-9.0,10.0,-10.0,10.0,-9.0,10.0,-10.0,11.0,-10.0,11.0,-10.0,11.0,-10.0,11.0,-10.0,12.0,-11.0,11.0,-9.0,12.0,-10.0,12.0,-10.0,12.0,-10.0,12.0,-10.0,13.0,-10.0,13.0,-9.0,12.0,-10.0,13.0,-10.0,13.0,-10.0,13.0,-10.0,13.0,-9.0,13.0,-10.0,14.0,-9.0,14.0,-9.0,14.0,-9.0,14.0,-9.0,15.0
1.3458,122.0,-96.0,7.0,0.0,0.0,0.0,0.0,0.0,0.0,0.0,0.0,0.0,0.0,-20.0,-1.0,-21.0,0.0,-21.0,-1.0,-21.0,-1.0,-21.0,-1.0,-22.0,-1.0,-22.0,-1.0,-22.0,-1.0,-22.0,-1.0,-22.0,-1.0,-22.0,-1.0,-22.0,-1.0,-23.0,-1.0,-23.0,-1.0,-23.0,-1.0,-23.0,-1.0,-23.0,-1.0,-23.0,-1.0,-23.0,-1.0,-24.0,-1.0,-23.0,-2.0,-23.0,-1.0,-24.0,-2.0,-24.0,-1.0,-23.0,-2.0,-24.0
1.3598,122.0,-96.0,7.0,0.0,0.0,0.0,0.0,0.0,0.0,0.0,0.0,0.0,0.0,12.0,-1.0,16.0,-1.0,20.0,-2.0,23.0,-1.0,26.0,-1.0,28.0,0.0,28.0,1.0,28.0,1.0,27.0,2.0,24.0,0.0,20.0,-1.0,16.0,-2.0,11.0,-4.0,6.0,-7.0,2.0,-10.0,-3.0,-14.0,-7.0,-17.0,-10.0,-21.0,-13.0,-24.0,-15.0,-26.0,-16.0,-28.0,-16.0,-29.0,-15.0,-28.0,-13.0,-27.0,-12.0,-24.0,-10.0
1.3738,122.0,-96.0,7.0,0.0,0.0,0.0,0.0,0.0,0.0,0.0,0.0,0.0,17.0,-23.0,16.0,-21.0,14.0,-18.0,11.0,-14.0,9.0,-10.0,8.0,-5.0,7.0,1.0,6.0,7.0,6.0,13.0,7.0,18.0,7.0,22.0,8.0,26.0,10.0,29.0,12.0,31.0,14.0,32.0,14.0,30.0,14.0,28.0,12.0,25.0,11.0,21.0,8.0,17.0,5.0,13.0,0.0,9.0,-5.0,5.0,-10.0,2.0,-16.0,-1.0,-22.0,-3.0
1.3852,122.0,-96.0,7.0,0.0,0.0,0.0,0.0,0.0,0.0,0.0,0.0,0.0,10.0,4.0,5.0,5.0,0.0,5.0,-5.0,6.0,-9.0,8.0,-14.0,11.0,-17.0,13.0,-19.0,15.0,-21.0,18.0,-21.0,19.0,-22.0,20.0,-20.0,21.0,-19.0,20.0,-16.0,20.0,-14.0,16.0,-12.0,12.0,-10.0,8.0,-8.0,3.0,-7.0,-2.0,-7.0,-7.0,-7.0,-13.0,-7.0,-18.0,-9.0,-22.0,-10.0,-25.0,-12.0,-27.0,-13.0,-29.0
1.3889,98.0,33.0,22.0,0.0,0.0,0.0,0.0,0.0,0.0,0.0,0.0,0.0,-11.0,8.0,-11.0,10.0,-11.0,12.0,-12.0,13.0,-12.0,14.0,-12.0,16.0,-11.0,15.0,-9.0,15.0,-7.0,14.0,-5.0,12.0,-3.0,10.0,-1.0,8.0,1.0,5.0,3.0,1.0,5.0,-2.0,6.0,-6.0,6.0,-10.0,7.0,-13.0,7.0,-17.0,6.0,-20.0,5.0,-22.0,5.0,-23.0,4.0,-23.0,3.0,-22.0,2.0,-21.0,1.0,-18.0
1.4014,122.0,-96.0,7.0,0.0,0.0,0.0,0.0,0.0,0.0,0.0,0.0,0.0,-10.0,4.0,-14.0,4.0,-18.0,6.0,-20.0,6.0,-23.0,7.0,-24.0,9.0,-24.0,10.0,-24.0,11.0,-22.0,11.0,-20.0,9.0,-18.0,8.0,-15.0,5.0,-12.0,3.0,-8.0,0.0,-5.0,-4.0,-3.0,-8.0,-1.0,-13.0,1.0,-17.0,2.0,-21.0,2.0,-24.0,1.0,-27.0,1.0,-28.0,0.0,-29.0,-1.0,-28.0,-2.0,-27.0,-2.0,-24.0
1.4163,122.0,-96.0,7.0,0.0,0.0,0.0,0.0,0.0,0.0,0.0,0.0,0.0,-14.0,-2.0,-14.0,-2.0,-15.0,-2.0,-15.0,-2.0,-15.0,-2.0,-16.0,-2.0,-15.0,-2.0,-16.0,-2.0,-16.0,-2.0,-16.0,-2.0,-16.0,-2.0,-16.0,-2.0,-16.0,-2.0,-16.0,-2.0,-17.0,-2.0,-17.0,-2.0,-17.0,-1.0,-17.0,-1.0,-17.0,-2.0,-17.0,-1.0,-17.0,-1.0,-17.0,-2.0,-17.0,-1.0,-17.0,-1.0,-18.0,-1.0,-18.0,-1.0
1.4292,122.0,-96.0,7.0,0.0,0.0,0.0,0.0,0.0,0.0,0.0,0.0,0.0,22.0,4.0,24.0,4.0,24.0,3.0,24.0,3.0,23.0,2.0,21.0,2.0,18.0,1.0,15.0,2.0,11.0,2.0,6.0,4.0,1.0,5.0,-3.0,7.0,-7.0,10.0,-11.0,12.0,-14.0,14.0,-16.0,16.0,-18.0,18.0,-19.0,20.0,-19.0,21.0,-18.0,21.0,-16.0,20.0,-15.0,18.0,-12.0,16.0,-10.0,12.0,-8.0,8.0,-7.0,3.0
1.4433,122.0,-96.0,7.0,0.0,0.0,0.0,0.0,0.0,0.0,0.0,0.0,0.0,-7.0,10.0,-10.0,13.0,-13.0,16.0,-15.0,18.0,-17.0,21.0,-17.0,22.0,-16.0,23.0,-15.0,24.0,-14.0,23.0,-13.0,20.0,-11.0,17.0,-10.0,13.0,-8.0,9.0,-7.0,3.0,-7.0,-2.0,-7.0,-8.0,-8.0,-13.0,-9.0,-18.0,-11.0,-22.0,-13.0,-25.0,-14.0,-27.0,-16.0,-28.0,-17.0,-27.0,-17.0,-26.0,-17.0,-24.0,-15.0,-21.0
1.4561,122.0,-96.0,7.0,0.0,0.0,0.0,0.0,0.0,0.0,0.0,0.0,0.0,12.0,3.0,7.0,3.0,2.0,6.0,-3.0,8.0,-8.0,11.0,-12.0,15.0,-14.0,18.0,-17.0,22.0,-19.0,24.0,-18.0,26.0,-18.0,28.0,-16.0,28.0,-15.0,27.0,-13.0,26.0,-12.0,22.0,-10.0,18.0,-9.0,13.0,-8.0,7.0,-8.0,1.0,-9.0,-5.0,-10.0,-11.0,-11.0,-16.0,-14.0,-21.0,-17.0,-24.0,-19.0,-26.0,-21.0,-28.0
1.4687,122.0,-96.0,7.0,0.0,0.0,0.0,0.0,0.0,0.0,0.0,0.0,0.0,9.0,8.0,4.0,7.0,-2.0,6.0,-7.0,5.0,-13.0,6.0,-18.0,7.0,-22.0,9.0,-26.0,11.0,-29.0,13.0,-30.0,14.0,-30.0,15.0,-29.0,16.0,-27.0,15.0,-24.0,16.0,-20.0,13.0,-17.0,10.0,-13.0,6.0,-10.0,1.0,-7.0,-4.0,-5.0,-10.0,-3.0,-16.0,-3.0,-21.0,-2.0,-27.0,-3.0,-30.0,-4.0,-33.0,-5.0,-35.0
1.4828,122.0,-96.0,7.0,0.0,0.0,0.0,0.0,0.0,0.0,0.0,0.0,0.0,0.0,10.0,0.0,10.0,0.0,11.0,0.0,11.0,0.0,11.0,0.0,11.0,0.0,11.0,0.0,12.0,1.0,11.0,0.0,12.0,0.0,12.0,0.0,12.0,0.0,12.0,1.0,12.0,0.0,12.0,1.0,12.0,1.0,12.0,1.0,12.0,1.0,13.0,1.0,12.0,1.0,13.0,1.0,12.0,2.0,12.0,2.0,13.0,1.0,13.0,2.0,13.0
1.4967,122.0,-96.0,7.0,0.0,0.0,0.0,0.0,0.0,0.0,0.0,0.0,0.0,-7.0,-9.0,-9.0,-12.0,-11.0,-16.0,-12.0,-18.0,-14.0,-20.0,-16.0,-21.0,-17.0,-21.0,-17.0,-20.0,-17.0,-19.0,-15.0,-17.0,-13.0,-15.0,-10.0,-12.0,-7.0,-10.0,-3.0,-8.0,2.0,-6.0,6.0,-5.0,11.0,-4.0,16.0,-4.0,20.0,-4.0,23.0,-5.0,26.0,-5.0,26.0,-6.0,27.0,-8.0,26.0,-8.0,24.0,-9.0,22.0,-9.0
1.5111,122.0,-96.0,7.0,0.0,0.0,0.0,0.0,0.0,0.0,0.0,0.0,0.0,8.0,8.0,10.0,12.0,13.0,15.0,15.0,17.0,17.0,19.0,19.0,20.0,20.0,20.0,21.0,19.0,20.0,17.0,18.0,16.0,15.0,14.0,12.0,11.0,8.0,9.0,3.0,7.0,-2.0,6.0,-7.0,5.0,-13.0,4.0,-18.0,4.0,-23.0,6.0,-26.0,6.0,-29.0,8.0,-30.0,9.0,-30.0,10.0,-29.0,10.0,-27.0,11.0,-25.0,10.0
1.5187,98.0,33.0,22.0,0.0,0.0,0.0,0.0,0.0,0.0,0.0,0.0,0.0,-24.0,-7.0,-21.0,-6.0,-17.0,-4.0,-14.0,-1.0,-10.0,2.0,-6.0,5.0,-2.0,9.0,2.0,12.0,6.0,15.0,8.0,17.0,12.0,18.0,14.0,20.0,17.0,19.0,20.0,19.0,20.0,17.0,21.0,15.0,20.0,12.0,18.0,10.0,15.0,6.0,10.0,4.0,6.0,1.0,-1.0,-3.0,-7.0,-4.0,-13.0,-7.0,-19.0,-10.0,-25.0,-12.0
1.5286,122.0,-96.0,7.0,0.0,0.0,0.0,0.0,0.0,0.0,0.0,0.0,0.0,22.0,-2.0,21.0,-2.0,18.0,-2.0,15.0,-1.0,10.0,0.0,7.0,2.0,3.0,4.0,-1.0,7.0,-4.0,10.0,-7.0,13.0,-9.0,16.0,-11.0,19.0,-11.0,21.0,-11.0,23.0,-11.0,25.0,-10.0,24.0,-10.0,24.0,-8.0,21.0,-7.0,20.0,-6.0,15.0,-6.0,11.0,-6.0,7.0,-6.0,2.0,-7.0,-3.0,-8.0,-8.0,-11.0,-12.0
1.5433,122.0,-96.0,7.0,0.0,0.0,0.0,0.0,0.0,0.0,0.0,0.0,0.0,13.0,-2.0,8.0,1.0,4.0,4.0,0.0,8.0,-4.0,13.0,-6.0,18.0,-8.0,21.0,-10.0,26.0,-10.0,29.0,-9.0,31.0,-9.0,31.0,-8.0,31.0,-6.0,30.0,-5.0,28.0,-4.0,25.0,-4.0,20.0,-4.0,15.0,-5.0,9.0,-7.0,3.0,-9.0,-2.0,-13.0,-8.0,-16.0,-12.0,-20.0,-16.0,-23.0,-18.0,-26.0,-20.0,-28.0,-21.0
1.5707,122.0,-96.0,7.0,0.0,0.0,0.0,0.0,0.0,0.0,0.0,0.0,0.0,0.0,-12.0,1.0,-16.0,2.0,-20.0,2.0,-23.0,2.0,-26.0,1.0,-28.0,1.0,-30.0,-1.0,-29.0,-1.0,-28.0,-1.0,-25.0,-1.0,-22.0,0.0,-18.0,1.0,-14.0,3.0,-9.0,4.0,-4.0,8.0,0.0,11.0,4.0,14.0,8.0,18.0,11.0,21.0,12.0,25.0,14.0,26.0,14.0,28.0,14.0,27.0,12.0,27.0,11.0,24.0,9.0
1.5849,122.0,-96.0,7.0,0.0,0.0,0.0,0.0,0.0,0.0,0.0,0.0,0.0,-11.0,-2.0,-11.0,-2.0,-11.0,-3.0,-12.0,-3.0,-12.0,-2.0,-12.0,-2.0,-12.0,-2.0,-13.0,-2.0,-13.0,-2.0,-13.0,-2.0,-13.0,-3.0,-13.0,-2.0,-13.0,-3.0,-13.0,-2.0,-14.0,-2.0,-13.0,-2.0,-13.0,-2.0,-13.0,-2.0,-14.0,-2.0,-14.0,-1.0,-14.0,-2.0,-14.0,-1.0,-14.0,-1.0,-14.0,-1.0,-14.0,-1.0,-14.0,-1.0
1.5994,122.0,-96.0,7.0,0.0,0.0,0.0,0.0,0.0,0.0,0.0,0.0,0.0,20.0,-10.0,21.0,-12.0,21.0,-13.0,21.0,-13.0,19.0,-13.0,18.0,-12.0,16.0,-10.0,13.0,-8.0,10.0,-5.0,7.0,-1.0,4.0,2.0,2.0,7.0,1.0,12.0,-1.0,15.0,-2.0,19.0,-2.0,22.0,-2.0,25.0,-2.0,26.0,-1.0,27.0,0.0,27.0,0.0,25.0,1.0,23.0,1.0,20.0,1.0,15.0,-1.0,11.0,-3.0,7.0
1.6125,122.0,-96.0,7.0,0.0,0.0,0.0,0.0,0.0,0.0,0.0,0.0,0.0,10.0,-2.0,11.0,-3.0,11.0,-2.0,11.0,-2.0,11.0,-2.0,11.0,-3.0,11.0,-4.0,12.0,-3.0,12.0,-3.0,12.0,-3.0,12.0,-3.0,12.0,-3.0,12.0,-3.0,12.0,-4.0,12.0,-4.0,12.0,-3.0,12.0,-4.0,13.0,-4.0,12.0,-4.0,12.0,-4.0,12.0,-4.0,13.0,-4.0,12.0,-5.0,13.0,-5.0,13.0,-4.0,13.0,-5.0
1.6276,122.0,-96.0,7.0,0.0,0.0,0.0,0.0,0.0,0.0,0.0,0.0,0.0,4.0,-11.0,4.0,-6.0,6.0,-1.0,7.0,3.0,8.0,8.0,11.0,13.0,13.0,15.0,15.0,18.0,18.0,20.0,19.0,20.0,20.0,20.0,21.0,19.0,20.0,17.0,20.0,15.0,16.0,13.0,13.0,10.0,9.0,9.0,3.0,7.0,-2.0,6.0,-7.0,5.0,-13.0,6.0,-18.0,6.0,-21.0,8.0,-25.0,10.0,-27.0,11.0,-28.0,12.0
1.6405,122.0,-96.0,7.0,0.0,0.0,0.0,0.0,0.0,0.0,0.0,0.0,0.0,10.0,4.0,5.0,4.0,0.0,5.0,-5.0,7.0,-9.0,9.0,-13.0,12.0,-16.0,14.0,-18.0,17.0,-19.0,20.0,-20.0,21.0,-19.0,22.0,-18.0,22.0,-16.0,21.0,-14.0,20.0,-12.0,17.0,-10.0,13.0,-9.0,8.0,-8.0,3.0,-7.0,-3.0,-7.0,-8.0,-8.0,-13.0,-9.0,-18.0,-12.0,-22.0,-14.0,-24.0,-16.0,-26.0,-17.0,-26.0
1.6547,122.0,-96.0,7.0,0.0,0.0,0.0,0.0,0.0,0.0,0.0,0.0,0.0,12.0,-6.0,12.0,-6.0,13.0,-6.0,13.0,-6.0,13.0,-6.0,13.0,-7.0,13.0,-7.0,14.0,-7.0,13.0,-7.0,14.0,-7.0,14.0,-7.0,14.0,-7.0,14.0,-7.0,14.0,-8.0,14.0,-8.0,14.0,-8.0,14.0,-8.0,14.0,-8.0,14.0,-8.0,14.0,-9.0,14.0,-8.0,14.0,-9.0,15.0,-9.0,15.0,-9.0,14.0,-9.0,14.0,-9.0
1.669,122.0,-96.0,7.0,0.0,0.0,0.0,0.0,0.0,0.0,0.0,0.0,0.0,-23.0,2.0,-24.0,3.0,-25.0,3.0,-24.0,4.0,-23.0,4.0,-22.0,4.0,-19.0,4.0,-15.0,2.0,-11.0,0.0,-7.0,-3.0,-3.0,-6.0,0.0,-9.0,3.0,-13.0,6.0,-16.0,7.0,-19.0,9.0,-22.0,10.0,-24.0,10.0,-25.0,10.0,-26.0,8.0,-26.0,8.0,-25.0,6.0,-22.0,5.0,-19.0,5.0,-14.0,4.0,-9.0,4.0,-5.0
1.6828,122.0,-96.0,7.0,0.0,0.0,0.0,0.0,0.0,0.0,0.0,0.0,0.0,3.0,9.0,4.0,8.0,4.0,9.0,4.0,9.0,3.0,9.0,4.0,9.0,4.0,9.0,4.0,9.0,4.0,10.0,5.0,9.0,5.0,10.0,5.0,10.0,5.0,10.0,5.0,10.0,5.0,10.0,5.0,10.0,5.0,10.0,5.0,10.0,5.0,10.0,5.0,10.0,6.0,10.0,6.0,10.0,6.0,10.0,6.0,10.0,6.0,10.0,6.0,10.0
1.697,122.0,-96.0,7.0,0.0,0.0,0.0,0.0,0.0,0.0,0.0,0.0,0.0,10.0,-8.0,15.0,-10.0,19.0,-11.0,23.0,-13.0,25.0,-15.0,26.0,-17.0,27.0,-18.0,26.0,-19.0,25.0,-19.0,22.0,-18.0,19.0,-15.0,16.0,-12.0,13.0,-9.0,10.0,-4.0,6.0,2.0,5.0,7.0,3.0,13.0,1.0,19.0,2.0,24.0,2.0,28.0,3.0,32.0,3.0,33.0,5.0,34.0,5.0,33.0,7.0,32.0,6.0,29.0
1.7114,122.0,-96.0,7.0,0.0,0.0,0.0,0.0,0.0,0.0,0.0,0.0,0.0,-12.0,-7.0,-7.0,-7.0,-1.0,-7.0,4.0,-8.0,10.0,-9.0,15.0,-12.0,18.0,-13.0,22.0,-16.0,24.0,-18.0,25.0,-20.0,25.0,-21.0,24.0,-22.0,22.0,-21.0,20.0,-22.0,17.0,-19.0,14.0,-15.0,11.0,-11.0,9.0,-6.0,7.0,1.0,6.0,6.0,5.0,12.0,6.0,18.0,6.0,23.0,8.0,27.0,9.0,30.0,11.0,31.0
1.7251,122.0,-96.0,7.0,0.0,0.0,0.0,0.0,0.0,0.0,0.0,0.0,0.0,-12.0,4.0,-9.0,0.0,-5.0,-5.0,-3.0,-9.0,-1.0,-15.0,0.0,-20.0,0.0,-24.0,0.0,-28.0,-1.0,-31.0,-1.0,-33.0,-2.0,-33.0,-3.0,-33.0,-3.0,-31.0,-5.0,-29.0,-4.0,-25.0,-3.0,-20.0,-1.0,-15.0,2.0,-10.0,6.0,-5.0,9.0,0.0,14.0,4.0,19.0,7.0,23.0,9.0,27.0,10.0,30.0,10.0,32.0,10.0
1.7394,122.0,-96.0,7.0,0.0,0.0,0.0,0.0,0.0,0.0,0.0,0.0,0.0,-11.0,1.0,-11.0,1.0,-12.0,1.0,-12.0,1.0,-12.0,2.0,-12.0,1.0,-13.0,1.0,-13.0,2.0,-12.0,2.0,-13.0,2.0,-13.0,2.0,-13.0,1.0,-13.0,2.0,-13.0,2.0,-13.0,2.0,-13.0,2.0,-13.0,2.0,-13.0,3.0,-14.0,2.0,-14.0,3.0,-13.0,3.0,-14.0,4.0,-14.0,3.0,-14.0,3.0,-14.0,3.0,-14.0,4.0
1.7519,122.0,-96.0,7.0,0.0,0.0,0.0,0.0,0.0,0.0,0.0,0.0,0.0,-1.0,11.0,-3.0,15.0,-3.0,19.0,-4.0,22.0,-4.0,25.0,-3.0,27.0,-3.0,28.0,-2.0,28.0,-1.0,26.0,-1.0,24.0,-1.0,21.0,-2.0,16.0,-2.0,12.0,-4.0,7.0,-6.0,2.0,-9.0,-2.0,-13.0,-7.0,-16.0,-10.0,-20.0,-13.0,-23.0,-15.0,-25.0,-16.0,-26.0,-16.0,-28.0,-16.0,-28.0,-15.0,-27.0,-12.0,-24.0,-11.0
1.766,122.0,-96.0,7.0,0.0,0.0,0.0,0.0,0.0,0.0,0.0,0.0,0.0,-14.0,-2.0,-18.0,-4.0,-22.0,-6.0,-26.0,-7.0,-29.0,-7.0,-32.0,-7.0,-32.0,-7.0,-33.0,-5.0,-31.0,-4.0,-28.0,-3.0,-24.0,-3.0,-19.0,-3.0,-14.0,-4.0,-9.0,-5.0,-3.0,-7.0,2.0,-10.0,8.0,-14.0,12.0,-16.0,16.0,-20.0,18.0,-23.0,20.0,-27.0,21.0,-27.0,20.0,-29.0,18.0,-29.0,16.0,-29.0,14.0,-26.0
1.7796,122.0,-96.0,7.0,0.0,0.0,0.0,0.0,0.0,0.0,0.0,0.0,0.0,-1.0,10.0,0.0,11.0,0.0,11.0,0.0,11.0,0.0,11.0,0.0,12.0,-1.0,12.0,0.0,12.0,0.0,11.0,0.0,11.0,0.0,12.0,0.0,12.0,-1.0,13.0,0.0,12.0,0.0,12.0,1.0,12.0,1.0,13.0,1.0,12.0,1.0,12.0,0.0,13.0,1.0,13.0,1.0,13.0,1.0,13.0,2.0,13.0,2.0,13.0,2.0,14.0
1.7939,122.0,-96.0,7.0,0.0,0.0,0.0,0.0,0.0,0.0,0.0,0.0,0.0,-19.0,-13.0,-17.0,-12.0,-15.0,-10.0,-12.0,-9.0,-9.0,-7.0,-4.0,-7.0,0.0,-6.0,5.0,-6.0,9.0,-7.0,14.0,-7.0,17.0,-8.0,20.0,-10.0,22.0,-11.0,23.0,-13.0,23.0,-14.0,22.0,-14.0,20.0,-14.0,19.0,-13.0,16.0,-12.0,13.0,-9.0,10.0,-6.0,7.0,-2.0,5.0,3.0,2.0,7.0,1.0,11.0,0.0,16.0
1.8074,122.0,-96.0,7.0,0.0,0.0,0.0,0.0,0.0,0.0,0.0,0.0,0.0,-11.0,2.0,-11.0,2.0,-11.0,2.0,-11.0,3.0,-12.0,3.0,-12.0,3.0,-12.0,3.0,-12.0,3.0,-12.0,3.0,-12.0,3.0,-12.0,3.0,-12.0,4.0,-12.0,4.0,-13.0,4.0,-12.0,4.0,-13.0,4.0,-13.0,4.0,-13.0,4.0,-13.0,4.0,-13.0,4.0,-13.0,4.0,-13.0,5.0,-13.0,5.0,-13.0,5.0,-13.0,5.0,-13.0,5.0
1.8192,122.0,-96.0,7.0,0.0,0.0,0.0,0.0,0.0,0.0,0.0,0.0,0.0,10.0,7.0,4.0,7.0,-1.0,6.0,-7.0,6.0,-12.0,7.0,-18.0,9.0,-21.0,10.0,-25.0,12.0,-27.0,15.0,-28.0,16.0,-28.0,18.0,-27.0,18.0,-25.0,18.0,-22.0,18.0,-19.0,16.0,-15.0,12.0,-13.0,8.0,-10.0,2.0,-8.0,-3.0,-6.0,-9.0,-5.0,-15.0,-5.0,-21.0,-6.0,-25.0,-7.0,-29.0,-9.0,-32.0,-10.0,-34.0
1.8328,122.0,-96.0,7.0,0.0,0.0,0.0,0.0,0.0,0.0,0.0,0.0,0.0,4.0,9.0,5.0,13.0,6.0,16.0,7.0,19.0,8.0,21.0,10.0,23.0,11.0,23.0,11.0,22.0,11.0,21.0,10.0,18.0,8.0,16.0,6.0,13.0,3.0,10.0,-1.0,7.0,-5.0,4.0,-9.0,2.0,-14.0,0.0,-17.0,-2.0,-22.0,-2.0,-25.0,-2.0,-27.0,-2.0,-28.0,-1.0,-28.0,0.0,-27.0,1.0,-26.0,2.0,-23.0,2.0
1.8466,122.0,-96.0,7.0,0.0,0.0,0.0,0.0,0.0,0.0,0.0,0.0,0.0,6.0,-25.0,5.0,-27.0,5.0,-27.0,4.0,-28.0,3.0,-26.0,3.0,-24.0,2.0,-21.0,3.0,-16.0,3.0,-12.0,5.0,-7.0,6.0,-2.0,8.0,3.0,11.0,8.0,13.0,12.0,16.0,16.0,18.0,17.0,20.0,19.0,21.0,20.0,23.0,20.0,22.0,18.0,21.0,17.0,19.0,15.0,16.0,12.0,12.0,10.0,7.0,8.0,2.0,6.0
1.8613,122.0,-96.0,7.0,0.0,0.0,0.0,0.0,0.0,0.0,0.0,0.0,0.0,4.0,-25.0,3.0,-23.0,2.0,-20.0,3.0,-16.0,3.0,-11.0,4.0,-7.0,6.0,-2.0,8.0,3.0,11.0,8.0,13.0,11.0,15.0,14.0,18.0,16.0,21.0,18.0,23.0,17.0,24.0,17.0,24.0,16.0,23.0,14.0,20.0,12.0,17.0,10.0,13.0,9.0,8.0,7.0,3.0,7.0,-3.0,6.0,-8.0,6.0,-14.0,6.0,-19.0,8.0
1.8763,122.0,-96.0,7.0,0.0,0.0,0.0,0.0,0.0,0.0,0.0,0.0,0.0,7.0,9.0,8.0,8.0,8.0,9.0,8.0,9.0,8.0,9.0,8.0,9.0,8.0,9.0,9.0,9.0,9.0,10.0,9.0,10.0,9.0,10.0,9.0,10.0,9.0,10.0,9.0,10.0,10.0,10.0,10.0,10.0,9.0,10.0,10.0,10.0,10.0,10.0,9.0,10.0,10.0,10.0,10.0,10.0,11.0,10.0,10.0,10.0,11.0,10.0,11.0,10.0
1.8906,122.0,-96.0,7.0,0.0,0.0,0.0,0.0,0.0,0.0,0.0,0.0,0.0,17.0,-14.0,18.0,-16.0,18.0,-17.0,18.0,-17.0,17.0,-17.0,15.0,-16.0,13.0,-14.0,11.0,-11.0,9.0,-8.0,7.0,-4.0,5.0,1.0,4.0,5.0,3.0,10.0,2.0,14.0,2.0,18.0,2.0,21.0,3.0,24.0,4.0,26.0,5.0,26.0,5.0,26.0,6.0,25.0,6.0,23.0,5.0,20.0,4.0,16.0,2.0,12.0,0.0,9.0
1.9041,122.0,-96.0,7.0,0.0,0.0,0.0,0.0,0.0,0.0,0.0,0.0,0.0,23.0,-9.0,21.0,-9.0,18.0,-8.0,15.0,-6.0,11.0,-3.0,8.0,0.0,4.0,4.0,1.0,8.0,-1.0,13.0,-4.0,16.0,-5.0,20.0,-6.0,23.0,-6.0,26.0,-5.0,28.0,-5.0,29.0,-4.0,29.0,-2.0,27.0,-2.0,25.0,-1.0,22.0,-2.0,17.0,-3.0,12.0,-4.0,7.0,-7.0,2.0,-9.0,-3.0,-12.0,-8.0,-16.0,-11.0
1.9186,122.0,-96.0,7.0,0.0,0.0,0.0,0.0,0.0,0.0,0.0,0.0,0.0,0.0,-11.0,-1.0,-12.0,-1.0,-12.0,-1.0,-12.0,-1.0,-12.0,-1.0,-13.0,-1.0,-12.0,-1.0,-13.0,-1.0,-12.0,-1.0,-13.0,-1.0,-13.0,-1.0,-13.0,-1.0,-13.0,-1.0,-13.0,-1.0,-13.0,-1.0,-13.0,-2.0,-14.0,-2.0,-13.0,-1.0,-14.0,-2.0,-14.0,-2.0,-14.0,-2.0,-13.0,-2.0,-14.0,-3.0,-14.0,-2.0,-14.0,-3.0,-14.0
1.9319,122.0,-96.0,7.0,0.0,0.0,0.0,0.0,0.0,0.0,0.0,0.0,0.0,-11.0,20.0,-10.0,18.0,-8.0,16.0,-7.0,12.0,-6.0,9.0,-6.0,4.0,-6.0,0.0,-6.0,-5.0,-8.0,-9.0,-9.0,-13.0,-9.0,-17.0,-11.0,-19.0,-13.0,-22.0,-15.0,-23.0,-16.0,-23.0,-16.0,-22.0,-16.0,-21.0,-15.0,-19.0,-13.0,-16.0,-11.0,-14.0,-7.0,-11.0,-4.0,-9.0,1.0,-6.0,5.0,-4.0,10.0,-2.0,15.0,-2.0
1.9458,122.0,-96.0,7.0,0.0,0.0,0.0,0.0,0.0,0.0,0.0,0.0,0.0,13.0,-1.0,13.0,-1.0,14.0,-1.0,14.0,-2.0,14.0,-1.0,14.0,-1.0,15.0,-1.0,14.0,-1.0,15.0,-1.0,15.0,-1.0,16.0,-2.0,15.0,-1.0,15.0,-1.0,15.0,-2.0,15.0,-2.0,16.0,-2.0,15.0,-2.0,16.0,-2.0,16.0,-2.0,16.0,-2.0,16.0,-2.0,16.0,-2.0,16.0,-2.0,17.0,-3.0,16.0,-3.0,17.0,-3.0
1.9593,122.0,-96.0,7.0,0.0,0.0,0.0,0.0,0.0,0.0,0.0,0.0,0.0,-21.0,-16.0,-19.0,-14.0,-17.0,-12.0,-13.0,-10.0,-10.0,-9.0,-5.0,-8.0,0.0,-7.0,6.0,-6.0,10.0,-7.0,15.0,-8.0,19.0,-9.0,22.0,-10.0,25.0,-11.0,26.0,-13.0,26.0,-14.0,25.0,-15.0,23.0,-15.0,21.0,-14.0,18.0,-12.0,15.0,-10.0,11.0,-6.0,8.0,-2.0,5.0,3.0,2.0,8.0,0.0,13.0,0.0,18.0
1.9716,122.0,-96.0,7.0,0.0,0.0,0.0,0.0,0.0,0.0,0.0,0.0,0.0,20.0,8.0,19.0,7.0,16.0,6.0,13.0,5.0,9.0,5.0,4.0,5.0,0.0,5.0,-5.0,6.0,-9.0,7.0,-13.0,9.0,-16.0,10.0,-19.0,12.0,-21.0,14.0,-21.0,16.0,-22.0,17.0,-20.0,17.0,-19.0,16.0,-17.0,15.0,-15.0,13.0,-13.0,10.0,-10.0,6.0,-8.0,2.0,-6.0,-3.0,-4.0,-7.0,-3.0,-12.0,-4.0,-17.0
1.9844,122.0,-96.0,7.0,0.0,0.0,0.0,0.0,0.0,0.0,0.0,0.0,0.0,21.0,5.0,20.0,5.0,17.0,4.0,14.0,3.0,10.0,3.0,5.0,4.0,1.0,5.0,-4.0,7.0,-8.0,9.0,-11.0,10.0,-14.0,12.0,-17.0,15.0,-18.0,17.0,-18.0,19.0,-19.0,20.0,-17.0,20.0,-16.0,19.0,-14.0,18.0,-12.0,15.0,-10.0,12.0,-9.0,8.0,-7.0,3.0,-6.0,-2.0,-6.0,-7.0,-5.0,-11.0,-6.0,-16.0
1.9977,122.0,-96.0,7.0,0.0,0.0,0.0,0.0,0.0,0.0,0.0,0.0,0.0,-24.0,8.0,-25.0,10.0,-26.0,10.0,-25.0,11.0,-24.0,11.0,-22.0,10.0,-19.0,9.0,-17.0,7.0,-13.0,4.0,-10.0,0.0,-6.0,-4.0,-3.0,-8.0,-1.0,-13.0,1.0,-17.0,3.0,-21.0,4.0,-25.0,4.0,-27.0,4.0,-30.0,3.0,-31.0,2.0,-31.0,2.0,-30.0,1.0,-27.0,0.0,-24.0,0.0,-20.0,1.0,-15.0,2.0,-10.0
2.012,122.0,-96.0,7.0,0.0,0.0,0.0,0.0,0.0,0.0,0.0,0.0,0.0,1.0,-11.0,1.0,-11.0,1.0,-12.0,1.0,-12.0,1.0,-12.0,1.0,-13.0,0.0,-12.0,1.0,-13.0,1.0,-13.0,1.0,-13.0,1.0,-13.0,1.0,-13.0,1.0,-13.0,1.0,-13.0,1.0,-13.0,1.0,-13.0,0.0,-13.0,0.0,-14.0,1.0,-14.0,0.0,-14.0,1.0,-14.0,0.0,-14.0,0.0,-14.0,0.0,-14.0,0.0,-14.0,-1.0,-14.0
2.0268,122.0,-96.0,7.0,0.0,0.0,0.0,0.0,0.0,0.0,0.0,0.0,0.0,-5.0,-10.0,-5.0,-10.0,-6.0,-11.0,-5.0,-11.0,-6.0,-11.0,-6.0,-11.0,-6.0,-11.0,-6.0,-11.0,-6.0,-11.0,-6.0,-11.0,-6.0,-12.0,-6.0,-12.0,-6.0,-12.0,-6.0,-12.0,-6.0,-12.0,-6.0,-12.0,-7.0,-12.0,-7.0,-12.0,-7.0,-12.0,-7.0,-12.0,-7.0,-12.0,-8.0,-12.0,-7.0,-12.0,-8.0,-13.0,-8.0,-13.0,-8.0,-13.0
2.0406,122.0,-96.0,7.0,0.0,0.0,0.0,0.0,0.0,0.0,0.0,0.0,0.0,-12.0,1.0,-8.0,-2.0,-4.0,-5.0,0.0,-9.0,3.0,-13.0,4.0,-17.0,6.0,-21.0,6.0,-24.0,7.0,-27.0,6.0,-28.0,5.0,-29.0,4.0,-29.0,3.0,-27.0,2.0,-25.0,1.0,-21.0,2.0,-17.0,3.0,-12.0,4.0,-7.0,6.0,-2.0,9.0,3.0,12.0,7.0,15.0,11.0,19.0,13.0,23.0,14.0,25.0,15.0,26.0,14.0
2.054,122.0,-96.0,7.0,0.0,0.0,0.0,0.0,0.0,0.0,0.0,0.0,0.0,15.0,-18.0,15.0,-18.0,16.0,-18.0,16.0,-19.0,16.0,-19.0,16.0,-19.0,16.0,-20.0,17.0,-20.0,16.0,-20.0,16.0,-20.0,16.0,-20.0,16.0,-20.0,16.0,-21.0,16.0,-22.0,17.0,-21.0,16.0,-21.0,16.0,-22.0,16.0,-21.0,16.0,-22.0,16.0,-22.0,16.0,-22.0,16.0,-22.0,16.0,-23.0,15.0,-23.0,16.0,-22.0,16.0,-23.0
2.068,122.0,-96.0,7.0,0.0,0.0,0.0,0.0,0.0,0.0,0.0,0.0,0.0,-3.0,-20.0,-3.0,-20.0,-3.0,-20.0,-3.0,-21.0,-3.0,-21.0,-3.0,-21.0,-4.0,-22.0,-3.0,-21.0,-4.0,-22.0,-3.0,-22.0,-3.0,-22.0,-3.0,-22.0,-4.0,-22.0,-4.0,-22.0,-4.0,-22.0,-4.0,-22.0,-4.0,-23.0,-4.0,-23.0,-4.0,-23.0,-5.0,-23.0,-4.0,-23.0,-4.0,-22.0,-5.0,-23.0,-5.0,-23.0,-5.0,-22.0,-5.0,-23.0
2.0817,122.0,-96.0,7.0,0.0,0.0,0.0,0.0,0.0,0.0,0.0,0.0,0.0,-4.0,32.0,-3.0,30.0,-3.0,26.0,-3.0,20.0,-4.0,15.0,-5.0,9.0,-8.0,3.0,-11.0,-3.0,-15.0,-9.0,-18.0,-14.0,-22.0,-18.0,-26.0,-21.0,-29.0,-23.0,-32.0,-23.0,-34.0,-23.0,-34.0,-21.0,-33.0,-19.0,-30.0,-17.0,-26.0,-14.0,-21.0,-12.0,-14.0,-11.0,-7.0,-9.0,1.0,-9.0,8.0,-9.0,15.0,-10.0,21.0,-12.0
2.0958,122.0,-96.0,7.0,0.0,0.0,0.0,0.0,0.0,0.0,0.0,0.0,0.0,22.0,0.0,20.0,0.0,17.0,0.0,14.0,0.0,10.0,1.0,6.0,3.0,2.0,5.0,-2.0,7.0,-5.0,10.0,-8.0,13.0,-11.0,15.0,-12.0,18.0,-14.0,20.0,-13.0,22.0,-13.0,23.0,-12.0,23.0,-11.0,22.0,-9.0,20.0,-8.0,17.0,-7.0,14.0,-7.0,10.0,-6.0,5.0,-7.0,0.0,-7.0,-5.0,-8.0,-10.0,-10.0,-14.0
2.1115,122.0,-96.0,7.0,0.0,0.0,0.0,0.0,0.0,0.0,0.0,0.0,0.0,-9.0,6.0,-8.0,7.0,-9.0,7.0,-9.0,7.0,-9.0,7.0,-9.0,7.0,-9.0,7.0,-10.0,8.0,-10.0,8.0,-10.0,8.0,-10.0,8.0,-10.0,8.0,-10.0,8.0,-10.0,8.0,-10.0,9.0,-10.0,8.0,-10.0,8.0,-10.0,9.0,-10.0,9.0,-10.0,9.0,-10.0,9.0,-10.0,9.0,-10.0,9.0,-10.0,9.0,-10.0,9.0,-10.0,9.0
2.1259,122.0,-96.0,7.0,0.0,0.0,0.0,0.0,0.0,0.0,0.0,0.0,0.0,-4.0,10.0,-4.0,10.0,-4.0,10.0,-4.0,10.0,-4.0,10.0,-4.0,11.0,-4.0,11.0,-4.0,11.0,-4.0,11.0,-5.0,11.0,-4.0,11.0,-4.0,12.0,-4.0,12.0,-4.0,12.0,-4.0,12.0,-4.0,12.0,-4.0,12.0,-4.0,12.0,-4.0,13.0,-4.0,12.0,-4.0,13.0,-4.0,13.0,-4.0,13.0,-3.0,13.0,-4.0,13.0,-3.0,13.0
2.1391,122.0,-96.0,7.0,0.0,0.0,0.0,0.0,0.0,0.0,0.0,0.0,0.0,11.0,-20.0,10.0,-18.0,9.0,-15.0,8.0,-13.0,6.0,-9.0,6.0,-5.0,5.0,0.0,5.0,5.0,6.0,9.0,7.0,13.0,8.0,16.0,10.0,19.0,11.0,21.0,13.0,22.0,14.0,22.0,14.0,21.0,14.0,20.0,13.0,18.0,11.0,15.0,9.0,12.0,5.0,10.0,1.0,7.0,-3.0,5.0,-8.0,3.0,-12.0,1.0,-17.0,1.0
2.152,122.0,-96.0,7.0,0.0,0.0,0.0,0.0,0.0,0.0,0.0,0.0,0.0,-13.0,18.0,-13.0,20.0,-13.0,21.0,-12.0,21.0,-11.0,20.0,-10.0,19.0,-9.0,16.0,-8.0,12.0,-7.0,8.0,-7.0,4.0,-6.0,-1.0,-7.0,-6.0,-8.0,-11.0,-9.0,-15.0,-10.0,-18.0,-11.0,-21.0,-13.0,-23.0,-14.0,-24.0,-15.0,-24.0,-15.0,-23.0,-14.0,-22.0,-13.0,-19.0,-11.0,-16.0,-9.0,-13.0,-5.0,-9.0,-1.0,-7.0
2.1563,98.0,33.0,22.0,0.0,0.0,0.0,0.0,0.0,0.0,0.0,0.0,0.0,13.0,-7.0,13.0,-8.0,13.0,-8.0,12.0,-8.0,11.0,-8.0,9.0,-7.0,7.0,-7.0,5.0,-6.0,2.0,-5.0,-1.0,-5.0,-4.0,-4.0,-6.0,-3.0,-9.0,-2.0,-11.0,0.0,-13.0,2.0,-14.0,4.0,-15.0,5.0,-15.0,7.0,-15.0,8.0,-14.0,9.0,-12.0,8.0,-11.0,8.0,-8.0,6.0,-5.0,4.0,-2.0,2.0,1.0,-1.0
2.1715,122.0,-96.0,7.0,0.0,0.0,0.0,0.0,0.0,0.0,0.0,0.0,0.0,15.0,-16.0,16.0,-18.0,16.0,-19.0,15.0,-19.0,14.0,-19.0,13.0,-17.0,11.0,-15.0,10.0,-12.0,8.0,-9.0,6.0,-4.0,5.0,1.0,5.0,5.0,4.0,10.0,4.0,14.0,5.0,18.0,5.0,21.0,6.0,24.0,7.0,25.0,8.0,26.0,8.0,25.0,9.0,24.0,8.0,21.0,7.0,18.0,5.0,14.0,3.0,11.0,0.0,7.0
2.1864,122.0,-96.0,7.0,0.0,0.0,0.0,0.0,0.0,0.0,0.0,0.0,0.0,-21.0,-9.0,-23.0,-9.0,-24.0,-9.0,-23.0,-8.0,-23.0,-7.0,-21.0,-6.0,-18.0,-6.0,-14.0,-5.0,-10.0,-5.0,-6.0,-6.0,-1.0,-6.0,4.0,-8.0,8.0,-10.0,12.0,-11.0,15.0,-14.0,17.0,-15.0,19.0,-17.0,19.0,-18.0,19.0,-19.0,18.0,-19.0,17.0,-19.0,15.0,-17.0,12.0,-15.0,10.0,-11.0,7.0,-7.0,6.0,-3.0
2.2023,122.0,-96.0,7.0,0.0,0.0,0.0,0.0,0.0,0.0,0.0,0.0,0.0,-9.0,-5.0,-9.0,-6.0,-9.0,-6.0,-10.0,-6.0,-10.0,-5.0,-10.0,-6.0,-10.0,-6.0,-10.0,-6.0,-11.0,-6.0,-11.0,-6.0,-11.0,-6.0,-11.0,-6.0,-11.0,-6.0,-11.0,-6.0,-11.0,-6.0,-11.0,-6.0,-12.0,-6.0,-11.0,-6.0,-12.0,-6.0,-12.0,-6.0,-12.0,-6.0,-12.0,-6.0,-12.0,-5.0,-12.0,-5.0,-12.0,-5.0,-13.0,-6.0
2.2162,122.0,-96.0,7.0,0.0,0.0,0.0,0.0,0.0,0.0,0.0,0.0,0.0,23.0,-8.0,21.0,-7.0,19.0,-7.0,15.0,-5.0,11.0,-3.0,8.0,0.0,4.0,4.0,1.0,8.0,-2.0,12.0,-4.0,16.0,-5.0,20.0,-6.0,23.0,-6.0,26.0,-6.0,28.0,-5.0,29.0,-4.0,28.0,-3.0,27.0,-2.0,25.0,-2.0,21.0,-2.0,17.0,-3.0,12.0,-4.0,7.0,-7.0,2.0,-9.0,-3.0,-12.0,-8.0,-16.0,-11.0
2.2289,122.0,-96.0,7.0,0.0,0.0,0.0,0.0,0.0,0.0,0.0,0.0,0.0,-23.0,-11.0,-25.0,-11.0,-26.0,-11.0,-26.0,-10.0,-25.0,-9.0,-23.0,-8.0,-20.0,-8.0,-16.0,-7.0,-12.0,-6.0,-7.0,-7.0,-2.0,-7.0,4.0,-8.0,9.0,-10.0,13.0,-11.0,17.0,-13.0,20.0,-15.0,22.0,-17.0,23.0,-18.0,23.0,-20.0,22.0,-20.0,21.0,-19.0,19.0,-18.0,16.0,-16.0,12.0,-13.0,10.0,-9.0,8.0,-4.0
2.2465,122.0,-96.0,7.0,0.0,0.0,0.0,0.0,0.0,0.0,0.0,0.0,0.0,-10.0,5.0,-10.0,5.0,-10.0,5.0,-11.0,5.0,-10.0,6.0,-11.0,6.0,-10.0,6.0,-11.0,6.0,-11.0,6.0,-11.0,6.0,-11.0,6.0,-11.0,6.0,-11.0,6.0,-11.0,7.0,-11.0,7.0,-11.0,7.0,-11.0,7.0,-11.0,7.0,-11.0,7.0,-12.0,7.0,-11.0,7.0,-12.0,8.0,-11.0,8.0,-11.0,8.0,-12.0,8.0,-11.0,8.0
2.267,122.0,-96.0,7.0,0.0,0.0,0.0,0.0,0.0,0.0,0.0,0.0,0.0,5.0,-22.0,4.0,-21.0,3.0,-18.0,3.0,-15.0,2.0,-11.0,4.0,-7.0,5.0,-2.0,7.0,2.0,9.0,6.0,11.0,9.0,13.0,12.0,15.0,15.0,17.0,16.0,19.0,16.0,21.0,17.0,20.0,15.0,20.0,14.0,18.0,12.0,16.0,11.0,12.0,8.0,8.0,7.0,4.0,6.0,-1.0,5.0,-6.0,5.0,-11.0,5.0,-16.0,6.0
2.2707,98.0,33.0,22.0,0.0,0.0,0.0,0.0,0.0,0.0,0.0,0.0,0.0,-5.0,-15.0,-7.0,-11.0,-11.0,-8.0,-16.0,-5.0,-20.0,-1.0,-24.0,2.0,-27.0,3.0,-28.0,6.0,-29.0,7.0,-29.0,9.0,-28.0,10.0,-26.0,11.0,-24.0,12.0,-19.0,12.0,-15.0,12.0,-9.0,10.0,-4.0,7.0,2.0,4.0,8.0,1.0,13.0,-3.0,19.0,-8.0,24.0,-12.0,27.0,-15.0,31.0,-19.0,33.0,-22.0,33.0,-23.0
2.2874,122.0,-96.0,7.0,0.0,0.0,0.0,0.0,0.0,0.0,0.0,0.0,0.0,-23.0,-1.0,-25.0,0.0,-25.0,0.0,-25.0,1.0,-23.0,1.0,-22.0,1.0,-19.0,1.0,-16.0,0.0,-12.0,-1.0,-8.0,-3.0,-4.0,-5.0,0.0,-8.0,4.0,-12.0,7.0,-14.0,9.0,-18.0,11.0,-20.0,12.0,-23.0,12.0,-24.0,11.0,-25.0,10.0,-25.0,10.0,-24.0,8.0,-22.0,7.0,-19.0,6.0,-15.0,5.0,-11.0,5.0,-6.0
2.3004,122.0,-96.0,7.0,0.0,0.0,0.0,0.0,0.0,0.0,0.0,0.0,0.0,10.0,-2.0,10.0,-2.0,11.0,-2.0,11.0,-2.0,11.0,-2.0,11.0,-2.0,11.0,-2.0,11.0,-2.0,11.0,-2.0,12.0,-2.0,12.0,-2.0,12.0,-2.0,12.0,-2.0,12.0,-3.0,12.0,-2.0,12.0,-3.0,12.0,-3.0,13.0,-3.0,12.0,-3.0,12.0,-3.0,12.0,-3.0,13.0,-3.0,13.0,-4.0,13.0,-4.0,13.0,-3.0,13.0,-4.0
2.3168,122.0,-96.0,7.0,0.0,0.0,0.0,0.0,0.0,0.0,0.0,0.0,0.0,-11.0,-8.0,-12.0,-8.0,-12.0,-8.0,-12.0,-9.0,-12.0,-8.0,-13.0,-9.0,-13.0,-8.0,-13.0,-9.0,-14.0,-8.0,-14.0,-8.0,-14.0,-9.0,-14.0,-9.0,-14.0,-9.0,-14.0,-9.0,-15.0,-9.0,-14.0,-9.0,-14.0,-9.0,-15.0,-9.0,-15.0,-8.0,-15.0,-9.0,-15.0,-8.0,-15.0,-8.0,-16.0,-8.0,-16.0,-8.0,-16.0,-8.0,-16.0,-8.0
2.3312,122.0,-96.0,7.0,0.0,0.0,0.0,0.0,0.0,0.0,0.0,0.0,0.0,-25.0,-4.0,-23.0,-4.0,-20.0,-3.0,-16.0,-3.0,-12.0,-3.0,-7.0,-5.0,-2.0,-7.0,3.0,-9.0,7.0,-12.0,10.0,-14.0,13.0,-17.0,16.0,-19.0,17.0,-22.0,17.0,-24.0,17.0,-25.0,15.0,-25.0,14.0,-24.0,12.0,-21.0,10.0,-19.0,9.0,-14.0,8.0,-10.0,6.0,-4.0,6.0,2.0,6.0,7.0,7.0,12.0,8.0,18.0
2.3451,122.0,-96.0,7.0,0.0,0.0,0.0,0.0,0.0,0.0,0.0,0.0,0.0,17.0,-15.0,17.0,-17.0,18.0,-17.0,17.0,-18.0,16.0,-17.0,14.0,-16.0,12.0,-14.0,10.0,-11.0,8.0,-8.0,7.0,-3.0,5.0,1.0,4.0,6.0,4.0,11.0,3.0,15.0,4.0,18.0,4.0,21.0,5.0,24.0,6.0,26.0,7.0,26.0,7.0,25.0,7.0,24.0,7.0,21.0,6.0,18.0,5.0,15.0,2.0,11.0,-1.0,7.0
2.3588,122.0,-96.0,7.0,0.0,0.0,0.0,0.0,0.0,0.0,0.0,0.0,0.0,9.0,23.0,11.0,24.0,12.0,24.0,11.0,23.0,12.0,22.0,11.0,20.0,10.0,18.0,7.0,15.0,4.0,11.0,0.0,8.0,-4.0,5.0,-9.0,2.0,-14.0,0.0,-18.0,-2.0,-22.0,-2.0,-26.0,-3.0,-28.0,-3.0,-30.0,-3.0,-31.0,-1.0,-31.0,0.0,-29.0,0.0,-26.0,1.0,-23.0,1.0,-18.0,0.0,-13.0,-1.0,-9.0,-3.0
2.3722,122.0,-96.0,7.0,0.0,0.0,0.0,0.0,0.0,0.0,0.0,0.0,0.0,-23.0,1.0,-25.0,1.0,-25.0,2.0,-25.0,3.0,-23.0,3.0,-22.0,3.0,-19.0,2.0,-16.0,1.0,-12.0,0.0,-8.0,-3.0,-4.0,-5.0,0.0,-8.0,3.0,-12.0,6.0,-15.0,8.0,-18.0,10.0,-21.0,11.0,-23.0,11.0,-24.0,10.0,-26.0,9.0,-26.0,8.0,-25.0,7.0,-22.0,6.0,-20.0,5.0,-16.0,4.0,-11.0,4.0,-6.0
2.3854,122.0,-96.0,7.0,0.0,0.0,0.0,0.0,0.0,0.0,0.0,0.0,0.0,-2.0,25.0,-2.0,23.0,-1.0,20.0,-2.0,16.0,-3.0,12.0,-4.0,7.0,-6.0,3.0,-8.0,-2.0,-11.0,-6.0,-15.0,-9.0,-17.0,-12.0,-20.0,-14.0,-22.0,-16.0,-25.0,-16.0,-26.0,-16.0,-26.0,-15.0,-25.0,-14.0,-24.0,-12.0,-21.0,-10.0,-18.0,-9.0,-13.0,-8.0,-8.0,-7.0,-2.0,-7.0,3.0,-7.0,9.0,-8.0,14.0,-10.0
2.4017,122.0,-96.0,7.0,0.0,0.0,0.0,0.0,0.0,0.0,0.0,0.0,0.0,10.0,4.0,13.0,7.0,16.0,10.0,19.0,12.0,21.0,13.0,24.0,13.0,25.0,12.0,26.0,11.0,25.0,10.0,22.0,9.0,19.0,8.0,15.0,7.0,11.0,6.0,6.0,6.0,1.0,6.0,-4.0,6.0,-9.0,8.0,-14.0,9.0,-18.0,12.0,-21.0,14.0,-23.0,17.0,-24.0,18.0,-24.0,19.0,-23.0,20.0,-21.0,20.0,-19.0,19.0
2.4144,122.0,-96.0,7.0,0.0,0.0,0.0,0.0,0.0,0.0,0.0,0.0,0.0,4.0,-13.0,5.0,-7.0,6.0,-2.0,7.0,3.0,10.0,8.0,13.0,13.0,15.0,17.0,18.0,20.0,21.0,21.0,23.0,21.0,25.0,21.0,25.0,19.0,24.0,17.0,23.0,15.0,20.0,13.0,15.0,11.0,11.0,9.0,5.0,8.0,-2.0,7.0,-7.0,7.0,-14.0,7.0,-19.0,8.0,-23.0,11.0,-27.0,13.0,-29.0,15.0,-30.0,17.0
2.4198,98.0,33.0,22.0,0.0,0.0,0.0,0.0,0.0,0.0,0.0,0.0,0.0,8.0,-12.0,3.0,-12.0,-2.0,-11.0,-6.0,-11.0,-12.0,-12.0,-16.0,-12.0,-20.0,-11.0,-22.0,-11.0,-24.0,-10.0,-25.0,-8.0,-27.0,-8.0,-26.0,-6.0,-25.0,-3.0,-21.0,-1.0,-18.0,1.0,-13.0,2.0,-8.0,3.0,-3.0,4.0,4.0,4.0,11.0,5.0,17.0,5.0,22.0,4.0,26.0,3.0,32.0,1.0,35.0,-1.0,36.0,0.0
2.4338,122.0,-96.0,7.0,0.0,0.0,0.0,0.0,0.0,0.0,0.0,0.0,0.0,8.0,20.0,10.0,21.0,10.0,22.0,11.0,21.0,11.0,20.0,10.0,18.0,9.0,16.0,6.0,13.0,4.0,10.0,0.0,7.0,-4.0,4.0,-8.0,2.0,-13.0,0.0,-16.0,-1.0,-20.0,-2.0,-22.0,-3.0,-26.0,-3.0,-27.0,-3.0,-28.0,-2.0,-27.0,-1.0,-26.0,0.0,-24.0,0.0,-21.0,0.0,-16.0,0.0,-12.0,-1.0,-8.0,-3.0
2.449,122.0,-96.0,7.0,0.0,0.0,0.0,0.0,0.0,0.0,0.0,0.0,0.0,12.0,-5.0,12.0,-5.0,13.0,-5.0,13.0,-6.0,13.0,-6.0,13.0,-6.0,13.0,-6.0,13.0,-7.0,14.0,-6.0,14.0,-7.0,14.0,-7.0,14.0,-6.0,14.0,-7.0,14.0,-7.0,14.0,-7.0,14.0,-7.0,14.0,-8.0,14.0,-8.0,14.0,-8.0,14.0,-8.0,14.0,-8.0,14.0,-9.0,14.0,-9.0,15.0,-10.0,14.0,-9.0,15.0,-9.0
2.4633,122.0,-96.0,7.0,0.0,0.0,0.0,0.0,0.0,0.0,0.0,0.0,0.0,-13.0,21.0,-12.0,20.0,-10.0,17.0,-9.0,14.0,-8.0,9.0,-7.0,5.0,-7.0,-1.0,-7.0,-6.0,-8.0,-11.0,-10.0,-15.0,-11.0,-19.0,-13.0,-22.0,-15.0,-24.0,-17.0,-25.0,-18.0,-25.0,-18.0,-24.0,-18.0,-23.0,-17.0,-20.0,-15.0,-17.0,-12.0,-14.0,-8.0,-12.0,-3.0,-9.0,2.0,-7.0,7.0,-5.0,12.0,-3.0,18.0,-3.0
2.4774,122.0,-96.0,7.0,0.0,0.0,0.0,0.0,0.0,0.0,0.0,0.0,0.0,19.0,-12.0,20.0,-13.0,20.0,-14.0,19.0,-14.0,19.0,-14.0,17.0,-13.0,15.0,-12.0,12.0,-9.0,10.0,-6.0,7.0,-2.0,4.0,2.0,3.0,7.0,1.0,11.0,0.0,15.0,-1.0,19.0,-1.0,22.0,-1.0,24.0,-1.0,26.0,0.0,27.0,1.0,26.0,1.0,25.0,2.0,23.0,2.0,20.0,1.0,15.0,-1.0,11.0,-3.0,7.0
2.4913,122.0,-96.0,7.0,0.0,0.0,0.0,0.0,0.0,0.0,0.0,0.0,0.0,13.0,17.0,15.0,18.0,16.0,18.0,16.0,17.0,16.0,16.0,15.0,15.0,12.0,13.0,10.0,11.0,6.0,9.0,2.0,7.0,-2.0,5.0,-7.0,4.0,-12.0,3.0,-16.0,3.0,-20.0,3.0,-23.0,3.0,-25.0,4.0,-27.0,4.0,-27.0,5.0,-27.0,6.0,-26.0,6.0,-23.0,6.0,-20.0,5.0,-16.0,4.0,-12.0,2.0,-8.0,-1.0
2.5054,122.0,-96.0,7.0,0.0,0.0,0.0,0.0,0.0,0.0,0.0,0.0,0.0,10.0,-3.0,10.0,-3.0,11.0,-2.0,10.0,-3.0,11.0,-3.0,11.0,-3.0,11.0,-3.0,11.0,-4.0,11.0,-3.0,12.0,-3.0,12.0,-3.0,12.0,-3.0,12.0,-3.0,12.0,-5.0,11.0,-4.0,12.0,-4.0,11.0,-4.0,12.0,-5.0,11.0,-4.0,12.0,-5.0,12.0,-5.0,12.0,-5.0,12.0,-5.0,13.0,-5.0,13.0,-5.0,12.0,-5.0
2.5213,122.0,-96.0,7.0,0.0,0.0,0.0,0.0,0.0,0.0,0.0,0.0,0.0,4.0,-9.0,7.0,-12.0,10.0,-15.0,12.0,-17.0,13.0,-19.0,13.0,-22.0,13.0,-23.0,12.0,-23.0,11.0,-22.0,10.0,-21.0,9.0,-18.0,8.0,-14.0,6.0,-11.0,6.0,-6.0,5.0,-2.0,6.0,3.0,7.0,8.0,8.0,12.0,9.0,16.0,11.0,19.0,13.0,21.0,14.0,22.0,16.0,23.0,16.0,22.0,16.0,20.0,15.0,18.0
2.5347,122.0,-96.0,7.0,0.0,0.0,0.0,0.0,0.0,0.0,0.0,0.0,0.0,5.0,9.0,4.0,9.0,5.0,9.0,5.0,10.0,5.0,9.0,5.0,10.0,5.0,10.0,5.0,10.0,5.0,10.0,6.0,10.0,6.0,10.0,6.0,10.0,5.0,10.0,6.0,11.0,6.0,11.0,6.0,11.0,6.0,11.0,6.0,10.0,6.0,11.0,6.0,11.0,7.0,11.0,7.0,11.0,7.0,10.0,7.0,11.0,7.0,11.0,7.0,11.0
2.549,122.0,-96.0,7.0,0.0,0.0,0.0,0.0,0.0,0.0,0.0,0.0,0.0,-23.0,-2.0,-21.0,-2.0,-18.0,-1.0,-15.0,-2.0,-12.0,-2.0,-7.0,-3.0,-4.0,-6.0,0.0,-7.0,4.0,-10.0,7.0,-13.0,10.0,-15.0,12.0,-18.0,13.0,-21.0,13.0,-23.0,13.0,-24.0,12.0,-24.0,11.0,-23.0,10.0,-21.0,8.0,-19.0,7.0,-16.0,6.0,-12.0,5.0,-7.0,6.0,-2.0,5.0,3.0,6.0,7.0,8.0,12.0
2.5619,122.0,-96.0,7.0,0.0,0.0,0.0,0.0,0.0,0.0,0.0,0.0,0.0,12.0,2.0,7.0,3.0,3.0,5.0,-2.0,8.0,-7.0,11.0,-11.0,15.0,-14.0,18.0,-16.0,21.0,-17.0,25.0,-17.0,27.0,-17.0,28.0,-15.0,28.0,-14.0,27.0,-12.0,26.0,-10.0,23.0,-9.0,18.0,-8.0,13.0,-8.0,8.0,-8.0,2.0,-9.0,-4.0,-11.0,-10.0,-13.0,-15.0,-15.0,-20.0,-18.0,-23.0,-21.0,-25.0,-22.0,-26.0
2.5758,122.0,-96.0,7.0,0.0,0.0,0.0,0.0,0.0,0.0,0.0,0.0,0.0,24.0,-8.0,25.0,-9.0,26.0,-10.0,25.0,-10.0,24.0,-11.0,22.0,-10.0,19.0,-9.0,15.0,-7.0,12.0,-4.0,8.0,0.0,4.0,3.0,1.0,8.0,-1.0,13.0,-3.0,17.0,-5.0,21.0,-6.0,24.0,-6.0,27.0,-6.0,29.0,-5.0,30.0,-4.0,29.0,-3.0,28.0,-2.0,25.0,-2.0,22.0,-2.0,17.0,-2.0,12.0,-4.0,8.0
2.6024,122.0,-96.0,7.0,0.0,0.0,0.0,0.0,0.0,0.0,0.0,0.0,0.0,21.0,-7.0,22.0,-9.0,23.0,-9.0,22.0,-10.0,20.0,-10.0,19.0,-9.0,16.0,-8.0,13.0,-6.0,10.0,-3.0,7.0,0.0,4.0,4.0,1.0,8.0,-2.0,12.0,-3.0,16.0,-5.0,20.0,-5.0,22.0,-5.0,25.0,-5.0,26.0,-4.0,27.0,-3.0,26.0,-3.0,25.0,-2.0,22.0,-2.0,18.0,-2.0,14.0,-3.0,9.0,-4.0,5.0
2.6138,122.0,-96.0,7.0,0.0,0.0,0.0,0.0,0.0,0.0,0.0,0.0,0.0,2.0,-11.0,2.0,-11.0,2.0,-11.0,2.0,-12.0,1.0,-11.0,1.0,-12.0,2.0,-12.0,1.0,-12.0,2.0,-12.0,2.0,-13.0,2.0,-13.0,2.0,-13.0,2.0,-13.0,2.0,-13.0,2.0,-13.0,2.0,-13.0,1.0,-14.0,1.0,-13.0,1.0,-14.0,1.0,-14.0,1.0,-14.0,1.0,-14.0,1.0,-14.0,1.0,-14.0,1.0,-14.0,0.0,-14.0
2.6268,122.0,-96.0,7.0,0.0,0.0,0.0,0.0,0.0,0.0,0.0,0.0,0.0,1.0,-12.0,3.0,-16.0,4.0,-20.0,5.0,-23.0,5.0,-26.0,5.0,-28.0,4.0,-29.0,3.0,-29.0,2.0,-28.0,2.0,-25.0,2.0,-21.0,2.0,-17.0,2.0,-13.0,4.0,-8.0,5.0,-3.0,8.0,1.0,11.0,6.0,14.0,10.0,18.0,13.0,21.0,15.0,23.0,16.0,25.0,16.0,26.0,16.0,26.0,14.0,25.0,12.0,23.0,11.0
2.6406,122.0,-96.0,7.0,0.0,0.0,0.0,0.0,0.0,0.0,0.0,0.0,0.0,11.0,-20.0,12.0,-22.0,11.0,-22.0,11.0,-22.0,9.0,-21.0,9.0,-20.0,7.0,-17.0,7.0,-13.0,6.0,-9.0,6.0,-5.0,5.0,0.0,6.0,5.0,7.0,10.0,8.0,14.0,9.0,17.0,11.0,19.0,12.0,22.0,13.0,22.0,15.0,23.0,15.0,21.0,15.0,20.0,13.0,17.0,11.0,15.0,8.0,11.0,4.0,9.0,1.0,6.0
2.6552,122.0,-96.0,7.0,0.0,0.0,0.0,0.0,0.0,0.0,0.0,0.0,0.0,-1.0,-12.0,1.0,-7.0,4.0,-4.0,8.0,0.0,11.0,3.0,15.0,6.0,18.0,8.0,22.0,9.0,25.0,10.0,27.0,10.0,27.0,9.0,27.0,8.0,26.0,6.0,24.0,5.0,20.0,4.0,16.0,3.0,12.0,4.0,7.0,4.0,1.0,6.0,-4.0,8.0,-9.0,10.0,-13.0,13.0,-16.0,16.0,-18.0,19.0,-19.0,22.0,-20.0,23.0
2.6684,122.0,-96.0,7.0,0.0,0.0,0.0,0.0,0.0,0.0,0.0,0.0,0.0,3.0,-13.0,3.0,-14.0,3.0,-14.0,2.0,-14.0,2.0,-14.0,3.0,-15.0,3.0,-15.0,3.0,-15.0,2.0,-15.0,3.0,-16.0,3.0,-15.0,3.0,-16.0,3.0,-15.0,3.0,-15.0,3.0,-16.0,3.0,-17.0,2.0,-16.0,2.0,-17.0,3.0,-17.0,2.0,-17.0,2.0,-17.0,2.0,-17.0,2.0,-17.0,2.0,-17.0,2.0,-18.0,2.0,-17.0
2.6817,122.0,-96.0,7.0,0.0,0.0,0.0,0.0,0.0,0.0,0.0,0.0,0.0,-10.0,6.0,-14.0,7.0,-18.0,9.0,-21.0,11.0,-23.0,13.0,-24.0,15.0,-24.0,16.0,-24.0,16.0,-22.0,16.0,-20.0,14.0,-17.0,12.0,-14.0,8.0,-11.0,5.0,-8.0,0.0,-6.0,-4.0,-4.0,-9.0,-2.0,-15.0,-1.0,-19.0,-2.0,-24.0,-2.0,-27.0,-3.0,-30.0,-3.0,-31.0,-5.0,-32.0,-5.0,-30.0,-6.0,-28.0,-6.0,-25.0
2.6953,122.0,-96.0,7.0,0.0,0.0,0.0,0.0,0.0,0.0,0.0,0.0,0.0,2.0,11.0,-1.0,7.0,-4.0,4.0,-8.0,1.0,-13.0,-2.0,-17.0,-3.0,-21.0,-4.0,-24.0,-4.0,-28.0,-4.0,-29.0,-4.0,-30.0,-3.0,-29.0,-1.0,-28.0,-1.0,-26.0,1.0,-22.0,0.0,-18.0,-1.0,-13.0,-2.0,-9.0,-4.0,-4.0,-6.0,1.0,-9.0,5.0,-13.0,8.0,-16.0,10.0,-21.0,11.0,-24.0,11.0,-27.0,12.0,-28.0
2.7093,122.0,-96.0,7.0,0.0,0.0,0.0,0.0,0.0,0.0,0.0,0.0,0.0,24.0,-2.0,23.0,-2.0,19.0,-2.0,16.0,-1.0,11.0,0.0,7.0,3.0,2.0,5.0,-2.0,8.0,-6.0,12.0,-8.0,15.0,-11.0,18.0,-12.0,21.0,-13.0,24.0,-13.0,26.0,-12.0,28.0,-11.0,26.0,-10.0,26.0,-8.0,22.0,-7.0,19.0,-6.0,15.0,-6.0,10.0,-6.0,4.0,-7.0,-1.0,-9.0,-7.0,-10.0,-12.0,-13.0,-16.0
2.7254,122.0,-96.0,7.0,0.0,0.0,0.0,0.0,0.0,0.0,0.0,0.0,0.0,-18.0,14.0,-16.0,13.0,-14.0,11.0,-12.0,9.0,-10.0,6.0,-8.0,2.0,-6.0,-2.0,-4.0,-7.0,-4.0,-11.0,-3.0,-15.0,-3.0,-19.0,-3.0,-22.0,-4.0,-24.0,-5.0,-26.0,-6.0,-27.0,-6.0,-26.0,-7.0,-25.0,-7.0,-23.0,-6.0,-20.0,-5.0,-17.0,-3.0,-13.0,0.0,-9.0,3.0,-6.0,6.0,-2.0,10.0,1.0,14.0,3.0
2.7385,122.0,-96.0,7.0,0.0,0.0,0.0,0.0,0.0,0.0,0.0,0.0,0.0,13.0,-1.0,13.0,-1.0,13.0,-1.0,14.0,-1.0,14.0,-1.0,15.0,-1.0,14.0,-2.0,15.0,-2.0,14.0,-2.0,14.0,-2.0,15.0,-2.0,15.0,-2.0,15.0,-2.0,15.0,-2.0,16.0,-2.0,15.0,-2.0,16.0,-3.0,15.0,-2.0,16.0,-2.0,16.0,-3.0,16.0,-2.0,16.0,-3.0,16.0,-3.0,16.0,-4.0,16.0,-3.0,17.0,-4.0
2.7536,122.0,-96.0,7.0,0.0,0.0,0.0,0.0,0.0,0.0,0.0,0.0,0.0,10.0,-5.0,14.0,-5.0,18.0,-6.0,22.0,-7.0,24.0,-8.0,26.0,-9.0,27.0,-10.0,26.0,-11.0,25.0,-12.0,22.0,-10.0,19.0,-9.0,16.0,-7.0,13.0,-5.0,9.0,-1.0,5.0,2.0,2.0,7.0,-1.0,12.0,-3.0,16.0,-4.0,21.0,-5.0,24.0,-5.0,28.0,-5.0,29.0,-4.0,31.0,-3.0,30.0,-1.0,29.0,-1.0,26.0
2.7704,122.0,-96.0,7.0,0.0,0.0,0.0,0.0,0.0,0.0,0.0,0.0,0.0,-17.0,19.0,-16.0,17.0,-14.0,15.0,-11.0,12.0,-10.0,8.0,-8.0,4.0,-7.0,-2.0,-6.0,-7.0,-6.0,-11.0,-7.0,-16.0,-7.0,-20.0,-7.0,-24.0,-9.0,-26.0,-11.0,-28.0,-12.0,-28.0,-12.0,-28.0,-12.0,-26.0,-12.0,-24.0,-11.0,-20.0,-9.0,-17.0,-6.0,-14.0,-2.0,-10.0,2.0,-7.0,7.0,-3.0,11.0,-1.0,16.0,1.0
2.7819,122.0,-96.0,7.0,0.0,0.0,0.0,0.0,0.0,0.0,0.0,0.0,0.0,3.0,-12.0,3.0,-7.0,5.0,-2.0,7.0,2.0,9.0,6.0,12.0,10.0,14.0,13.0,17.0,16.0,20.0,17.0,22.0,17.0,23.0,17.0,23.0,16.0,23.0,14.0,22.0,12.0,19.0,11.0,15.0,9.0,11.0,7.0,6.0,7.0,1.0,6.0,-5.0,6.0,-10.0,7.0,-15.0,8.0,-19.0,10.0,-22.0,12.0,-24.0,14.0,-26.0,15.0
2.7962,122.0,-96.0,7.0,0.0,0.0,0.0,0.0,0.0,0.0,0.0,0.0,0.0,-28.0,-2.0,-26.0,-2.0,-22.0,-2.0,-18.0,-2.0,-13.0,-3.0,-8.0,-5.0,-3.0,-7.0,2.0,-10.0,7.0,-14.0,11.0,-17.0,14.0,-20.0,16.0,-23.0,17.0,-26.0,17.0,-29.0,17.0,-30.0,15.0,-30.0,14.0,-29.0,12.0,-25.0,10.0,-22.0,8.0,-17.0,7.0,-11.0,7.0,-5.0,7.0,2.0,7.0,8.0,8.0,13.0,11.0,19.0
2.8098,122.0,-96.0,7.0,0.0,0.0,0.0,0.0,0.0,0.0,0.0,0.0,0.0,11.0,19.0,10.0,17.0,8.0,15.0,7.0,12.0,4.0,9.0,0.0,6.0,-4.0,4.0,-8.0,2.0,-13.0,0.0,-17.0,0.0,-20.0,-1.0,-23.0,-1.0,-25.0,0.0,-27.0,1.0,-28.0,1.0,-26.0,2.0,-25.0,3.0,-22.0,3.0,-19.0,2.0,-15.0,1.0,-11.0,-1.0,-7.0,-3.0,-3.0,-6.0,1.0,-9.0,5.0,-13.0,7.0,-17.0
2.8271,122.0,-96.0,7.0,0.0,0.0,0.0,0.0,0.0,0.0,0.0,0.0,0.0,-1.0,24.0,-1.0,22.0,0.0,19.0,-1.0,15.0,-2.0,11.0,-4.0,7.0,-7.0,2.0,-9.0,-3.0,-13.0,-6.0,-16.0,-10.0,-18.0,-12.0,-21.0,-14.0,-24.0,-15.0,-26.0,-15.0,-27.0,-15.0,-27.0,-13.0,-26.0,-11.0,-23.0,-10.0,-20.0,-8.0,-16.0,-7.0,-10.0,-7.0,-5.0,-6.0,1.0,-8.0,6.0,-8.0,11.0,-9.0,16.0,-12.0
2.8416,122.0,-96.0,7.0,0.0,0.0,0.0,0.0,0.0,0.0,0.0,0.0,0.0,7.0,-6.0,7.0,-6.0,7.0,-6.0,7.0,-7.0,7.0,-7.0,7.0,-7.0,7.0,-7.0,7.0,-7.0,8.0,-7.0,7.0,-7.0,8.0,-8.0,8.0,-8.0,8.0,-8.0,7.0,-8.0,7.0,-8.0,8.0,-8.0,8.0,-9.0,8.0,-8.0,7.0,-9.0,8.0,-9.0,8.0,-9.0,8.0,-9.0,8.0,-9.0,8.0,-9.0,8.0,-10.0,8.0,-9.0
2.8551,122.0,-96.0,7.0,0.0,0.0,0.0,0.0,0.0,0.0,0.0,0.0,0.0,-13.0,18.0,-13.0,20.0,-13.0,21.0,-12.0,21.0,-11.0,20.0,-10.0,19.0,-9.0,16.0,-8.0,13.0,-7.0,9.0,-7.0,4.0,-6.0,0.0,-7.0,-6.0,-8.0,-10.0,-8.0,-14.0,-10.0,-18.0,-11.0,-21.0,-13.0,-22.0,-14.0,-24.0,-15.0,-23.0,-16.0,-23.0,-15.0,-22.0,-14.0,-20.0,-13.0,-17.0,-10.0,-14.0,-7.0,-10.0,-3.0,-8.0
2.8694,122.0,-96.0,7.0,0.0,0.0,0.0,0.0,0.0,0.0,0.0,0.0,0.0,9.0,-4.0,9.0,-4.0,9.0,-4.0,10.0,-4.0,10.0,-4.0,10.0,-4.0,10.0,-5.0,10.0,-5.0,11.0,-5.0,11.0,-5.0,11.0,-5.0,11.0,-5.0,11.0,-5.0,11.0,-5.0,11.0,-6.0,11.0,-5.0,11.0,-6.0,11.0,-6.0,12.0,-5.0,12.0,-6.0,12.0,-6.0,11.0,-6.0,11.0,-7.0,12.0,-6.0,12.0,-6.0,12.0,-6.0
2.8843,122.0,-96.0,7.0,0.0,0.0,0.0,0.0,0.0,0.0,0.0,0.0,0.0,-13.0,-19.0,-13.0,-17.0,-11.0,-15.0,-9.0,-13.0,-6.0,-10.0,-2.0,-8.0,1.0,-6.0,6.0,-4.0,10.0,-3.0,14.0,-2.0,18.0,-1.0,21.0,-1.0,24.0,-2.0,25.0,-3.0,26.0,-4.0,26.0,-5.0,25.0,-5.0,22.0,-5.0,20.0,-5.0,16.0,-4.0,12.0,-2.0,8.0,0.0,4.0,3.0,0.0,6.0,-3.0,9.0,-6.0,14.0
2.8979,122.0,-96.0,7.0,0.0,0.0,0.0,0.0,0.0,0.0,0.0,0.0,0.0,8.0,5.0,8.0,5.0,9.0,5.0,9.0,6.0,9.0,5.0,9.0,6.0,9.0,6.0,9.0,5.0,9.0,6.0,10.0,6.0,10.0,6.0,10.0,6.0,11.0,6.0,11.0,5.0,11.0,6.0,11.0,6.0,11.0,6.0,11.0,5.0,11.0,6.0,11.0,5.0,11.0,6.0,11.0,6.0,12.0,5.0,12.0,5.0,12.0,5.0,12.0,5.0
2.9107,122.0,-96.0,7.0,0.0,0.0,0.0,0.0,0.0,0.0,0.0,0.0,0.0,11.0,6.0,6.0,5.0,0.0,6.0,-5.0,7.0,-11.0,9.0,-15.0,11.0,-19.0,13.0,-22.0,16.0,-25.0,19.0,-26.0,20.0,-25.0,21.0,-24.0,22.0,-22.0,21.0,-20.0,21.0,-17.0,18.0,-14.0,14.0,-11.0,9.0,-9.0,4.0,-8.0,-2.0,-7.0,-8.0,-6.0,-14.0,-8.0,-20.0,-8.0,-25.0,-10.0,-29.0,-11.0,-31.0,-13.0,-32.0
2.9253,122.0,-96.0,7.0,0.0,0.0,0.0,0.0,0.0,0.0,0.0,0.0,0.0,-8.0,10.0,-7.0,5.0,-7.0,0.0,-7.0,-6.0,-8.0,-11.0,-10.0,-16.0,-12.0,-21.0,-14.0,-24.0,-16.0,-27.0,-18.0,-27.0,-19.0,-27.0,-20.0,-26.0,-20.0,-25.0,-20.0,-22.0,-17.0,-20.0,-14.0,-16.0,-10.0,-13.0,-5.0,-11.0,1.0,-8.0,6.0,-6.0,13.0,-5.0,18.0,-4.0,23.0,-5.0,28.0,-6.0,30.0,-7.0,33.0,-8.0
2.9386,122.0,-96.0,7.0,0.0,0.0,0.0,0.0,0.0,0.0,0.0,0.0,0.0,26.0,9.0,24.0,8.0,21.0,7.0,17.0,6.0,12.0,5.0,6.0,5.0,0.0,6.0,-5.0,8.0,-11.0,10.0,-15.0,12.0,-19.0,14.0,-22.0,16.0,-24.0,19.0,-25.0,21.0,-25.0,23.0,-24.0,23.0,-22.0,23.0,-20.0,21.0,-16.0,18.0,-14.0,14.0,-11.0,9.0,-9.0,4.0,-8.0,-3.0,-6.0,-8.0,-5.0,-15.0,-6.0,-21.0
2.9518,122.0,-96.0,7.0,0.0,0.0,0.0,0.0,0.0,0.0,0.0,0.0,0.0,25.0,-2.0,27.0,-4.0,27.0,-5.0,26.0,-5.0,24.0,-6.0,23.0,-5.0,19.0,-5.0,16.0,-3.0,12.0,-2.0,7.0,2.0,3.0,5.0,-1.0,9.0,-5.0,13.0,-8.0,16.0,-10.0,20.0,-11.0,23.0,-12.0,26.0,-12.0,27.0,-11.0,28.0,-10.0,28.0,-9.0,27.0,-8.0,24.0,-6.0,20.0,-6.0,15.0,-5.0,10.0,-6.0,5.0
2.9648,122.0,-96.0,7.0,0.0,0.0,0.0,0.0,0.0,0.0,0.0,0.0,0.0,2.0,10.0,3.0,14.0,3.0,17.0,4.0,20.0,5.0,22.0,6.0,24.0,7.0,24.0,8.0,24.0,8.0,22.0,7.0,20.0,5.0,17.0,3.0,14.0,1.0,10.0,-2.0,7.0,-5.0,3.0,-9.0,0.0,-13.0,-2.0,-17.0,-4.0,-21.0,-5.0,-24.0,-6.0,-27.0,-6.0,-27.0,-6.0,-28.0,-5.0,-27.0,-4.0,-26.0,-3.0,-23.0,-2.0
2.9793,122.0,-96.0,7.0,0.0,0.0,0.0,0.0,0.0,0.0,0.0,0.0,0.0,8.0,-24.0,8.0,-27.0,7.0,-27.0,6.0,-27.0,5.0,-26.0,5.0,-24.0,4.0,-21.0,4.0,-16.0,3.0,-12.0,5.0,-6.0,6.0,-2.0,8.0,4.0,10.0,9.0,12.0,13.0,15.0,16.0,16.0,19.0,19.0,20.0,20.0,21.0,22.0,21.0,21.0,20.0,21.0,19.0,18.0,16.0,15.0,13.0,12.0,11.0,7.0,8.0,2.0,7.0
2.9947,122.0,-96.0,7.0,0.0,0.0,0.0,0.0,0.0,0.0,0.0,0.0,0.0,-8.0,-8.0,-8.0,-8.0,-8.0,-8.0,-8.0,-8.0,-8.0,-9.0,-9.0,-9.0,-9.0,-9.0,-9.0,-8.0,-9.0,-8.0,-10.0,-9.0,-9.0,-9.0,-9.0,-9.0,-9.0,-9.0,-10.0,-9.0,-10.0,-8.0,-10.0,-9.0,-10.0,-9.0,-10.0,-9.0,-10.0,-9.0,-11.0,-9.0,-11.0,-9.0,-11.0,-8.0,-12.0,-8.0,-11.0,-9.0,-11.0,-9.0,-12.0,-9.0
3.0089,122.0,-96.0,7.0,0.0,0.0,0.0,0.0,0.0,0.0,0.0,0.0,0.0,-1.0,-12.0,-1.0,-16.0,0.0,-20.0,0.0,-24.0,-1.0,-26.0,-1.0,-29.0,-3.0,-29.0,-4.0,-29.0,-4.0,-28.0,-3.0,-25.0,-3.0,-21.0,-2.0,-18.0,-1.0,-14.0,2.0,-9.0,5.0,-4.0,8.0,0.0,12.0,4.0,15.0,7.0,20.0,10.0,23.0,11.0,26.0,12.0,27.0,12.0,28.0,11.0,28.0,11.0,27.0,9.0,25.0,7.0
3.0247,122.0,-96.0,7.0,0.0,0.0,0.0,0.0,0.0,0.0,0.0,0.0,0.0,8.0,8.0,8.0,8.0,8.0,8.0,9.0,8.0,8.0,8.0,8.0,8.0,9.0,8.0,9.0,8.0,9.0,9.0,10.0,8.0,10.0,9.0,10.0,9.0,10.0,9.0,10.0,9.0,10.0,8.0,10.0,9.0,10.0,8.0,11.0,9.0,11.0,9.0,11.0,9.0,11.0,8.0,11.0,8.0,12.0,8.0,11.0,8.0,11.0,9.0,12.0,8.0
3.0378,122.0,-96.0,7.0,0.0,0.0,0.0,0.0,0.0,0.0,0.0,0.0,0.0,-17.0,-15.0,-19.0,-16.0,-20.0,-15.0,-20.0,-15.0,-20.0,-14.0,-19.0,-12.0,-16.0,-11.0,-14.0,-10.0,-10.0,-8.0,-5.0,-7.0,-1.0,-6.0,4.0,-6.0,9.0,-6.0,13.0,-7.0,17.0,-7.0,20.0,-8.0,22.0,-10.0,24.0,-10.0,25.0,-12.0,24.0,-12.0,23.0,-12.0,21.0,-12.0,18.0,-11.0,15.0,-9.0,11.0,-6.0,8.0,-3.0
3.054,122.0,-96.0,7.0,0.0,0.0,0.0,0.0,0.0,0.0,0.0,0.0,0.0,-11.0,-9.0,-11.0,-8.0,-11.0,-9.0,-12.0,-9.0,-12.0,-9.0,-12.0,-9.0,-13.0,-9.0,-13.0,-9.0,-13.0,-9.0,-13.0,-9.0,-13.0,-10.0,-13.0,-10.0,-13.0,-10.0,-13.0,-10.0,-14.0,-9.0,-14.0,-9.0,-14.0,-9.0,-14.0,-9.0,-14.0,-10.0,-15.0,-9.0,-15.0,-9.0,-15.0,-9.0,-15.0,-9.0,-15.0,-9.0,-15.0,-9.0,-16.0,-9.0
3.0664,122.0,-96.0,7.0,0.0,0.0,0.0,0.0,0.0,0.0,0.0,0.0,0.0,-2.0,11.0,-4.0,7.0,-5.0,2.0,-8.0,-2.0,-11.0,-6.0,-15.0,-9.0,-18.0,-11.0,-21.0,-13.0,-24.0,-14.0,-25.0,-14.0,-26.0,-14.0,-27.0,-13.0,-26.0,-11.0,-25.0,-10.0,-22.0,-8.0,-18.0,-7.0,-13.0,-7.0,-8.0,-6.0,-3.0,-7.0,2.0,-8.0,7.0,-10.0,12.0,-12.0,16.0,-14.0,19.0,-17.0,21.0,-19.0,22.0,-21.0
3.0795,122.0,-96.0,7.0,0.0,0.0,0.0,0.0,0.0,0.0,0.0,0.0,0.0,-11.0,-1.0,-11.0,0.0,-11.0,0.0,-12.0,0.0,-12.0,0.0,-12.0,0.0,-12.0,0.0,-12.0,0.0,-12.0,0.0,-13.0,0.0,-13.0,0.0,-13.0,0.0,-13.0,0.0,-13.0,0.0,-13.0,0.0,-13.0,0.0,-13.0,0.0,-13.0,0.0,-13.0,0.0,-14.0,1.0,-14.0,1.0,-13.0,1.0,-14.0,1.0,-14.0,1.0,-14.0,1.0,-14.0,1.0
3.0927,122.0,-96.0,7.0,0.0,0.0,0.0,0.0,0.0,0.0,0.0,0.0,0.0,11.0,7.0,11.0,7.0,12.0,7.0,12.0,7.0,11.0,7.0,12.0,7.0,12.0,7.0,13.0,7.0,12.0,7.0,13.0,7.0,13.0,7.0,13.0,7.0,13.0,8.0,13.0,7.0,14.0,7.0,14.0,7.0,14.0,7.0,14.0,6.0,15.0,7.0,15.0,7.0,15.0,6.0,15.0,6.0,15.0,6.0,15.0,6.0,15.0,6.0,16.0,6.0
3.1079,122.0,-96.0,7.0,0.0,0.0,0.0,0.0,0.0,0.0,0.0,0.0,0.0,4.0,10.0,4.0,14.0,5.0,19.0,6.0,22.0,7.0,24.0,9.0,26.0,10.0,26.0,11.0,26.0,11.0,24.0,10.0,21.0,8.0,19.0,6.0,15.0,3.0,12.0,0.0,8.0,-4.0,5.0,-9.0,2.0,-14.0,0.0,-18.0,-2.0,-23.0,-3.0,-27.0,-3.0,-30.0,-3.0,-31.0,-2.0,-32.0,-2.0,-31.0,-1.0,-30.0,1.0,-27.0,1.0
3.1219,122.0,-96.0,7.0,0.0,0.0,0.0,0.0,0.0,0.0,0.0,0.0,0.0,9.0,6.0,11.0,10.0,14.0,13.0,17.0,15.0,19.0,16.0,21.0,17.0,22.0,17.0,23.0,17.0,23.0,15.0,20.0,14.0,17.0,12.0,14.0,10.0,10.0,8.0,5.0,7.0,0.0,6.0,-5.0,6.0,-11.0,6.0,-16.0,7.0,-21.0,8.0,-24.0,9.0,-27.0,11.0,-28.0,12.0,-29.0,14.0,-27.0,14.0,-26.0,15.0,-24.0,14.0
3.1365,122.0,-96.0,7.0,0.0,0.0,0.0,0.0,0.0,0.0,0.0,0.0,0.0,11.0,5.0,15.0,9.0,18.0,11.0,22.0,13.0,25.0,14.0,27.0,15.0,29.0,14.0,29.0,13.0,28.0,12.0,25.0,11.0,22.0,10.0,18.0,9.0,13.0,7.0,7.0,7.0,1.0,6.0,-4.0,7.0,-11.0,9.0,-16.0,10.0,-21.0,13.0,-24.0,15.0,-27.0,18.0,-28.0,20.0,-29.0,21.0,-27.0,22.0,-26.0,22.0,-23.0,20.0
3.1526,122.0,-96.0,7.0,0.0,0.0,0.0,0.0,0.0,0.0,0.0,0.0,0.0,-25.0,1.0,-23.0,1.0,-20.0,1.0,-16.0,0.0,-12.0,-1.0,-8.0,-3.0,-4.0,-6.0,0.0,-9.0,4.0,-13.0,7.0,-16.0,10.0,-19.0,11.0,-22.0,12.0,-25.0,12.0,-27.0,12.0,-28.0,11.0,-28.0,9.0,-27.0,8.0,-24.0,6.0,-21.0,5.0,-17.0,5.0,-12.0,5.0,-7.0,6.0,-1.0,7.0,4.0,8.0,9.0,11.0,14.0
3.1665,122.0,-96.0,7.0,0.0,0.0,0.0,0.0,0.0,0.0,0.0,0.0,0.0,-4.0,22.0,-3.0,24.0,-3.0,24.0,-2.0,24.0,-2.0,23.0,-2.0,22.0,-1.0,19.0,-2.0,15.0,-2.0,12.0,-4.0,7.0,-5.0,2.0,-8.0,-2.0,-11.0,-6.0,-12.0,-9.0,-15.0,-12.0,-18.0,-15.0,-20.0,-16.0,-21.0,-17.0,-23.0,-17.0,-23.0,-16.0,-23.0,-15.0,-21.0,-13.0,-19.0,-12.0,-15.0,-10.0,-11.0,-8.0,-7.0,-7.0
3.1755,98.0,33.0,22.0,0.0,0.0,0.0,0.0,0.0,0.0,0.0,0.0,0.0,4.0,24.0,4.0,24.0,5.0,23.0,5.0,21.0,5.0,19.0,5.0,16.0,6.0,12.0,6.0,8.0,7.0,3.0,6.0,-1.0,6.0,-6.0,5.0,-11.0,4.0,-15.0,2.0,-19.0,0.0,-22.0,-2.0,-24.0,-3.0,-26.0,-5.0,-26.0,-7.0,-26.0,-9.0,-25.0,-9.0,-22.0,-8.0,-18.0,-7.0,-14.0,-5.0,-9.0,-3.0,-3.0,1.0,2.0
3.1903,122.0,-96.0,7.0,0.0,0.0,0.0,0.0,0.0,0.0,0.0,0.0,0.0,-22.0,7.0,-20.0,7.0,-17.0,6.0,-14.0,4.0,-11.0,2.0,-8.0,-1.0,-5.0,-4.0,-2.0,-8.0,0.0,-12.0,2.0,-15.0,4.0,-18.0,5.0,-22.0,5.0,-25.0,4.0,-26.0,4.0,-27.0,3.0,-27.0,2.0,-26.0,2.0,-24.0,1.0,-21.0,1.0,-18.0,2.0,-13.0,3.0,-9.0,5.0,-4.0,6.0,1.0,8.0,5.0,12.0,9.0
3.2045,122.0,-96.0,7.0,0.0,0.0,0.0,0.0,0.0,0.0,0.0,0.0,0.0,-1.0,10.0,-1.0,10.0,-1.0,10.0,-1.0,11.0,-1.0,11.0,-1.0,11.0,-1.0,11.0,-1.0,11.0,-1.0,11.0,-1.0,12.0,-1.0,12.0,-1.0,12.0,-1.0,11.0,-1.0,12.0,-1.0,12.0,-1.0,12.0,-1.0,13.0,-1.0,12.0,-1.0,13.0,-1.0,12.0,-1.0,13.0,-1.0,13.0,0.0,13.0,0.0,13.0,0.0,13.0,0.0,13.0
3.2202,122.0,-96.0,7.0,0.0,0.0,0.0,0.0,0.0,0.0,0.0,0.0,0.0,-17.0,15.0,-15.0,14.0,-13.0,12.0,-11.0,9.0,-9.0,7.0,-7.0,2.0,-6.0,-2.0,-5.0,-7.0,-5.0,-11.0,-5.0,-16.0,-4.0,-19.0,-5.0,-22.0,-6.0,-25.0,-8.0,-26.0,-9.0,-26.0,-9.0,-26.0,-10.0,-24.0,-9.0,-22.0,-8.0,-19.0,-6.0,-15.0,-4.0,-12.0,-1.0,-8.0,3.0,-5.0,7.0,-2.0,11.0,1.0,16.0,2.0
3.2327,122.0,-96.0,7.0,0.0,0.0,0.0,0.0,0.0,0.0,0.0,0.0,0.0,0.0,-12.0,0.0,-12.0,1.0,-12.0,0.0,-11.0,-1.0,-12.0,0.0,-13.0,0.0,-13.0,0.0,-13.0,0.0,-13.0,0.0,-13.0,-1.0,-13.0,0.0,-13.0,0.0,-13.0,0.0,-13.0,0.0,-13.0,0.0,-13.0,-1.0,-14.0,-1.0,-14.0,0.0,-14.0,-1.0,-14.0,-1.0,-14.0,0.0,-14.0,0.0,-14.0,-1.0,-14.0,-1.0,-14.0,-1.0,-14.0
3.2453,122.0,-96.0,7.0,0.0,0.0,0.0,0.0,0.0,0.0,0.0,0.0,0.0,5.0,9.0,1.0,7.0,-3.0,5.0,-8.0,3.0,-13.0,2.0,-18.0,2.0,-21.0,2.0,-25.0,3.0,-28.0,4.0,-29.0,5.0,-29.0,7.0,-28.0,8.0,-27.0,8.0,-24.0,9.0,-21.0,7.0,-17.0,5.0,-13.0,2.0,-9.0,-1.0,-5.0,-5.0,-2.0,-9.0,0.0,-14.0,2.0,-18.0,3.0,-23.0,3.0,-27.0,2.0,-29.0,2.0,-31.0
3.2584,122.0,-96.0,7.0,0.0,0.0,0.0,0.0,0.0,0.0,0.0,0.0,0.0,10.0,3.0,5.0,3.0,1.0,5.0,-4.0,7.0,-8.0,10.0,-12.0,13.0,-14.0,16.0,-16.0,19.0,-17.0,22.0,-18.0,23.0,-17.0,24.0,-16.0,24.0,-14.0,23.0,-12.0,22.0,-10.0,18.0,-9.0,14.0,-8.0,9.0,-7.0,4.0,-8.0,-2.0,-8.0,-7.0,-9.0,-13.0,-11.0,-17.0,-13.0,-21.0,-16.0,-23.0,-18.0,-24.0,-19.0,-25.0
3.2725,122.0,-96.0,7.0,0.0,0.0,0.0,0.0,0.0,0.0,0.0,0.0,0.0,21.0,-9.0,22.0,-10.0,22.0,-11.0,22.0,-11.0,20.0,-11.0,19.0,-10.0,16.0,-9.0,13.0,-7.0,10.0,-5.0,7.0,-1.0,4.0,3.0,2.0,7.0,-1.0,11.0,-3.0,15.0,-4.0,19.0,-5.0,22.0,-5.0,25.0,-5.0,26.0,-4.0,27.0,-3.0,26.0,-2.0,26.0,-2.0,23.0,-1.0,20.0,-2.0,15.0,-2.0,11.0,-3.0,7.0
3.2857,122.0,-96.0,7.0,0.0,0.0,0.0,0.0,0.0,0.0,0.0,0.0,0.0,-13.0,-1.0,-8.0,-3.0,-3.0,-6.0,1.0,-10.0,5.0,-14.0,8.0,-19.0,9.0,-23.0,10.0,-27.0,11.0,-30.0,11.0,-31.0,10.0,-32.0,9.0,-32.0,7.0,-30.0,6.0,-28.0,5.0,-23.0,4.0,-19.0,4.0,-13.0,6.0,-7.0,7.0,0.0,9.0,5.0,13.0,10.0,16.0,15.0,19.0,18.0,23.0,20.0,25.0,21.0,27.0,21.0
3.2993,122.0,-96.0,7.0,0.0,0.0,0.0,0.0,0.0,0.0,0.0,0.0,0.0,11.0,22.0,10.0,20.0,9.0,17.0,6.0,14.0,3.0,10.0,0.0,7.0,-5.0,4.0,-10.0,1.0,-14.0,0.0,-19.0,-2.0,-22.0,-3.0,-25.0,-3.0,-28.0,-3.0,-30.0,-2.0,-31.0,-1.0,-30.0,0.0,-28.0,1.0,-25.0,1.0,-21.0,1.0,-17.0,0.0,-12.0,-2.0,-7.0,-4.0,-2.0,-8.0,3.0,-10.0,7.0,-14.0,10.0,-18.0
3.3032,98.0,33.0,22.0,0.0,0.0,0.0,0.0,0.0,0.0,0.0,0.0,0.0,-11.0,-8.0,-14.0,-8.0,-16.0,-8.0,-17.0,-7.0,-19.0,-6.0,-19.0,-6.0,-18.0,-5.0,-17.0,-3.0,-17.0,-1.0,-14.0,-1.0,-11.0,1.0,-9.0,2.0,-5.0,4.0,0.0,4.0,3.0,5.0,7.0,4.0,11.0,4.0,14.0,2.0,18.0,1.0,20.0,0.0,22.0,-1.0,22.0,-2.0,22.0,-4.0,21.0,-4.0,19.0,-4.0,16.0,-4.0
3.3169,122.0,-96.0,7.0,0.0,0.0,0.0,0.0,0.0,0.0,0.0,0.0,0.0,11.0,-5.0,15.0,-5.0,19.0,-5.0,22.0,-6.0,25.0,-7.0,27.0,-9.0,27.0,-10.0,26.0,-11.0,25.0,-11.0,22.0,-10.0,19.0,-8.0,16.0,-6.0,12.0,-4.0,8.0,0.0,4.0,4.0,1.0,8.0,-2.0,13.0,-4.0,17.0,-5.0,22.0,-6.0,25.0,-6.0,29.0,-6.0,30.0,-4.0,31.0,-4.0,30.0,-2.0,29.0,-1.0,26.0
3.3329,122.0,-96.0,7.0,0.0,0.0,0.0,0.0,0.0,0.0,0.0,0.0,0.0,-11.0,-4.0,-11.0,-4.0,-11.0,-4.0,-10.0,-4.0,-11.0,-4.0,-12.0,-4.0,-12.0,-4.0,-12.0,-4.0,-12.0,-4.0,-12.0,-5.0,-13.0,-4.0,-12.0,-5.0,-13.0,-4.0,-13.0,-4.0,-13.0,-4.0,-12.0,-5.0,-13.0,-4.0,-13.0,-4.0,-14.0,-4.0,-13.0,-4.0,-13.0,-4.0,-14.0,-4.0,-14.0,-4.0,-14.0,-4.0,-14.0,-4.0,-14.0,-3.0
3.3457,122.0,-96.0,7.0,0.0,0.0,0.0,0.0,0.0,0.0,0.0,0.0,0.0,-9.0,5.0,-13.0,6.0,-17.0,7.0,-20.0,9.0,-21.0,10.0,-23.0,12.0,-23.0,13.0,-23.0,13.0,-21.0,13.0,-19.0,12.0,-17.0,10.0,-14.0,8.0,-12.0,5.0,-9.0,2.0,-6.0,-2.0,-4.0,-7.0,-3.0,-12.0,-1.0,-16.0,-1.0,-21.0,-1.0,-24.0,-2.0,-26.0,-2.0,-28.0,-4.0,-28.0,-4.0,-28.0,-6.0,-27.0,-5.0,-25.0
3.3593,122.0,-96.0,7.0,0.0,0.0,0.0,0.0,0.0,0.0,0.0,0.0,0.0,-1.0,12.0,0.0,12.0,-1.0,13.0,0.0,13.0,0.0,13.0,0.0,13.0,0.0,13.0,0.0,14.0,0.0,14.0,0.0,14.0,0.0,14.0,0.0,14.0,0.0,14.0,1.0,15.0,0.0,14.0,1.0,14.0,1.0,15.0,1.0,15.0,1.0,14.0,1.0,15.0,2.0,15.0,1.0,15.0,1.0,15.0,2.0,16.0,1.0,15.0,2.0,15.0
3.3728,122.0,-96.0,7.0,0.0,0.0,0.0,0.0,0.0,0.0,0.0,0.0,0.0,-3.0,11.0,-4.0,15.0,-5.0,19.0,-7.0,22.0,-7.0,25.0,-7.0,27.0,-6.0,28.0,-5.0,28.0,-4.0,27.0,-4.0,24.0,-4.0,21.0,-4.0,17.0,-4.0,13.0,-5.0,8.0,-6.0,3.0,-8.0,-2.0,-11.0,-7.0,-14.0,-11.0,-17.0,-15.0,-20.0,-17.0,-23.0,-19.0,-24.0,-20.0,-25.0,-20.0,-25.0,-19.0,-25.0,-17.0,-23.0,-15.0
3.3871,122.0,-96.0,7.0,0.0,0.0,0.0,0.0,0.0,0.0,0.0,0.0,0.0,2.0,-26.0,1.0,-24.0,1.0,-20.0,1.0,-16.0,2.0,-12.0,4.0,-7.0,5.0,-3.0,8.0,2.0,11.0,6.0,14.0,10.0,16.0,13.0,19.0,15.0,22.0,16.0,24.0,17.0,25.0,16.0,25.0,15.0,24.0,14.0,22.0,12.0,19.0,10.0,15.0,8.0,10.0,7.0,5.0,6.0,-1.0,6.0,-7.0,6.0,-12.0,6.0,-17.0,8.0
3.4013,122.0,-96.0,7.0,0.0,0.0,0.0,0.0,0.0,0.0,0.0,0.0,0.0,-10.0,5.0,-14.0,6.0,-17.0,7.0,-20.0,9.0,-21.0,10.0,-23.0,12.0,-23.0,13.0,-23.0,14.0,-21.0,13.0,-19.0,12.0,-16.0,10.0,-14.0,7.0,-11.0,5.0,-8.0,1.0,-5.0,-3.0,-4.0,-8.0,-2.0,-13.0,-1.0,-17.0,-1.0,-21.0,-1.0,-24.0,-2.0,-27.0,-2.0,-28.0,-4.0,-28.0,-4.0,-28.0,-5.0,-26.0,-5.0,-24.0
3.4141,122.0,-96.0,7.0,0.0,0.0,0.0,0.0,0.0,0.0,0.0,0.0,0.0,25.0,-13.0,23.0,-12.0,20.0,-10.0,16.0,-8.0,12.0,-4.0,8.0,0.0,4.0,5.0,1.0,10.0,-1.0,15.0,-3.0,20.0,-5.0,24.0,-5.0,28.0,-5.0,31.0,-4.0,33.0,-3.0,34.0,-2.0,33.0,-1.0,31.0,-1.0,27.0,-1.0,23.0,-1.0,18.0,-3.0,12.0,-5.0,6.0,-8.0,1.0,-11.0,-5.0,-15.0,-10.0,-19.0,-14.0
3.4367,122.0,-96.0,7.0,0.0,0.0,0.0,0.0,0.0,0.0,0.0,0.0,0.0,15.0,-17.0,16.0,-19.0,16.0,-20.0,15.0,-20.0,14.0,-19.0,13.0,-18.0,11.0,-16.0,9.0,-12.0,7.0,-9.0,6.0,-4.0,5.0,1.0,5.0,6.0,4.0,10.0,4.0,15.0,5.0,19.0,5.0,21.0,7.0,24.0,7.0,25.0,8.0,26.0,9.0,25.0,9.0,24.0,8.0,21.0,8.0,18.0,5.0,14.0,3.0,11.0,0.0,7.0
3.4504,122.0,-96.0,7.0,0.0,0.0,0.0,0.0,0.0,0.0,0.0,0.0,0.0,8.0,10.0,9.0,9.0,9.0,9.0,10.0,10.0,9.0,10.0,10.0,10.0,10.0,10.0,10.0,10.0,11.0,11.0,10.0,10.0,10.0,11.0,10.0,11.0,11.0,11.0,11.0,10.0,12.0,10.0,12.0,10.0,12.0,11.0,12.0,10.0,12.0,10.0,12.0,10.0,12.0,10.0,13.0,10.0,13.0,10.0,12.0,10.0,12.0,10.0,13.0,10.0
3.4639,122.0,-96.0,7.0,0.0,0.0,0.0,0.0,0.0,0.0,0.0,0.0,0.0,9.0,20.0,8.0,18.0,7.0,16.0,5.0,13.0,3.0,10.0,-1.0,7.0,-4.0,4.0,-8.0,1.0,-12.0,0.0,-16.0,-2.0,-20.0,-3.0,-23.0,-4.0,-25.0,-3.0,-27.0,-2.0,-28.0,-2.0,-27.0,-1.0,-26.0,0.0,-24.0,0.0,-20.0,0.0,-16.0,0.0,-12.0,-2.0,-7.0,-3.0,-3.0,-6.0,1.0,-8.0,5.0,-11.0,8.0,-15.0
3.4804,122.0,-96.0,7.0,0.0,0.0,0.0,0.0,0.0,0.0,0.0,0.0,0.0,-10.0,-11.0,-9.0,-11.0,-10.0,-11.0,-10.0,-11.0,-10.0,-11.0,-11.0,-11.0,-11.0,-11.0,-11.0,-11.0,-11.0,-11.0,-12.0,-12.0,-11.0,-12.0,-11.0,-12.0,-11.0,-12.0,-12.0,-12.0,-12.0,-12.0,-12.0,-12.0,-12.0,-11.0,-13.0,-11.0,-13.0,-11.0,-13.0,-11.0,-13.0,-11.0,-13.0,-11.0,-14.0,-11.0,-13.0,-11.0,-13.0,-11.0,-14.0,-11.0
3.4936,122.0,-96.0,7.0,0.0,0.0,0.0,0.0,0.0,0.0,0.0,0.0,0.0,8.0,-11.0,8.0,-12.0,8.0,-11.0,9.0,-12.0,8.0,-12.0,8.0,-12.0,8.0,-12.0,8.0,-13.0,9.0,-13.0,9.0,-13.0,9.0,-13.0,9.0,-13.0,9.0,-13.0,9.0,-13.0,9.0,-14.0,9.0,-14.0,9.0,-14.0,8.0,-15.0,9.0,-14.0,8.0,-14.0,8.0,-14.0,8.0,-15.0,8.0,-15.0,8.0,-15.0,9.0,-15.0,8.0,-15.0
3.5068,122.0,-96.0,7.0,0.0,0.0,0.0,0.0,0.0,0.0,0.0,0.0,0.0,16.0,19.0,18.0,20.0,18.0,20.0,19.0,19.0,18.0,18.0,17.0,16.0,14.0,14.0,11.0,12.0,7.0,9.0,2.0,8.0,-2.0,5.0,-8.0,4.0,-13.0,3.0,-18.0,3.0,-23.0,3.0,-26.0,3.0,-29.0,4.0,-30.0,4.0,-31.0,5.0,-30.0,6.0,-29.0,6.0,-26.0,6.0,-22.0,6.0,-18.0,4.0,-13.0,2.0,-9.0,-1.0
3.5209,122.0,-96.0,7.0,0.0,0.0,0.0,0.0,0.0,0.0,0.0,0.0,0.0,20.0,-11.0,18.0,-10.0,15.0,-9.0,12.0,-7.0,9.0,-4.0,7.0,-1.0,4.0,3.0,1.0,7.0,0.0,12.0,-2.0,16.0,-2.0,19.0,-3.0,22.0,-2.0,25.0,-1.0,26.0,-1.0,27.0,0.0,26.0,1.0,24.0,1.0,22.0,1.0,18.0,0.0,14.0,-2.0,10.0,-4.0,6.0,-7.0,1.0,-9.0,-3.0,-12.0,-7.0,-16.0,-10.0
3.5345,122.0,-96.0,7.0,0.0,0.0,0.0,0.0,0.0,0.0,0.0,0.0,0.0,0.0,-11.0,1.0,-15.0,1.0,-19.0,2.0,-21.0,1.0,-24.0,1.0,-26.0,0.0,-27.0,-1.0,-27.0,-2.0,-25.0,-2.0,-23.0,-1.0,-19.0,0.0,-16.0,0.0,-12.0,3.0,-8.0,4.0,-3.0,7.0,1.0,11.0,4.0,14.0,8.0,17.0,10.0,20.0,11.0,23.0,12.0,24.0,13.0,26.0,12.0,25.0,11.0,24.0,9.0,21.0,8.0
3.5498,122.0,-96.0,7.0,0.0,0.0,0.0,0.0,0.0,0.0,0.0,0.0,0.0,-12.0,-7.0,-12.0,-7.0,-13.0,-7.0,-13.0,-8.0,-13.0,-7.0,-14.0,-7.0,-14.0,-7.0,-14.0,-7.0,-14.0,-7.0,-14.0,-7.0,-14.0,-7.0,-15.0,-8.0,-14.0,-8.0,-15.0,-7.0,-15.0,-7.0,-15.0,-8.0,-15.0,-7.0,-15.0,-7.0,-16.0,-7.0,-16.0,-7.0,-16.0,-7.0,-16.0,-7.0,-16.0,-7.0,-16.0,-7.0,-16.0,-7.0,-16.0,-7.0
3.5537,98.0,33.0,22.0,0.0,0.0,0.0,0.0,0.0,0.0,0.0,0.0,0.0,-10.0,-7.0,-11.0,-3.0,-12.0,2.0,-13.0,6.0,-13.0,11.0,-14.0,15.0,-16.0,18.0,-14.0,20.0,-15.0,22.0,-13.0,23.0,-12.0,23.0,-10.0,23.0,-8.0,21.0,-5.0,18.0,-2.0,15.0,0.0,10.0,2.0,5.0,4.0,0.0,5.0,-6.0,6.0,-12.0,6.0,-18.0,6.0,-24.0,6.0,-29.0,5.0,-33.0,4.0,-37.0,4.0,-37.0
3.5665,122.0,-96.0,7.0,0.0,0.0,0.0,0.0,0.0,0.0,0.0,0.0,0.0,0.0,11.0,-2.0,6.0,-5.0,3.0,-9.0,-1.0,-13.0,-5.0,-17.0,-7.0,-20.0,-8.0,-24.0,-10.0,-27.0,-10.0,-28.0,-10.0,-29.0,-9.0,-29.0,-8.0,-27.0,-7.0,-26.0,-5.0,-22.0,-5.0,-18.0,-4.0,-13.0,-4.0,-8.0,-5.0,-2.0,-7.0,3.0,-9.0,8.0,-12.0,12.0,-14.0,15.0,-18.0,17.0,-21.0,18.0,-23.0,18.0,-25.0
3.5805,122.0,-96.0,7.0,0.0,0.0,0.0,0.0,0.0,0.0,0.0,0.0,0.0,22.0,-3.0,24.0,-4.0,24.0,-5.0,24.0,-6.0,22.0,-6.0,21.0,-6.0,18.0,-5.0,14.0,-3.0,11.0,-2.0,7.0,1.0,3.0,4.0,-1.0,7.0,-4.0,11.0,-6.0,14.0,-8.0,18.0,-10.0,20.0,-11.0,23.0,-11.0,25.0,-10.0,26.0,-9.0,26.0,-9.0,24.0,-8.0,22.0,-6.0,19.0,-5.0,15.0,-5.0,10.0,-5.0,5.0
3.5937,122.0,-96.0,7.0,0.0,0.0,0.0,0.0,0.0,0.0,0.0,0.0,0.0,25.0,4.0,22.0,3.0,20.0,3.0,16.0,3.0,12.0,3.0,6.0,4.0,1.0,6.0,-3.0,8.0,-8.0,10.0,-12.0,13.0,-15.0,15.0,-17.0,17.0,-19.0,20.0,-20.0,22.0,-20.0,23.0,-19.0,23.0,-17.0,23.0,-16.0,21.0,-13.0,18.0,-12.0,15.0,-10.0,10.0,-8.0,5.0,-7.0,0.0,-6.0,-6.0,-6.0,-11.0,-7.0,-17.0
3.608,122.0,-96.0,7.0,0.0,0.0,0.0,0.0,0.0,0.0,0.0,0.0,0.0,4.0,9.0,5.0,9.0,5.0,9.0,5.0,10.0,5.0,9.0,5.0,10.0,5.0,10.0,6.0,10.0,6.0,10.0,6.0,10.0,6.0,10.0,6.0,10.0,6.0,10.0,6.0,10.0,6.0,10.0,6.0,10.0,6.0,10.0,7.0,10.0,7.0,10.0,7.0,10.0,7.0,10.0,7.0,10.0,8.0,10.0,7.0,11.0,7.0,10.0,8.0,10.0
3.6231,122.0,-96.0,7.0,0.0,0.0,0.0,0.0,0.0,0.0,0.0,0.0,0.0,1.0,-11.0,1.0,-11.0,1.0,-11.0,1.0,-11.0,1.0,-12.0,2.0,-12.0,1.0,-12.0,1.0,-12.0,0.0,-12.0,1.0,-13.0,1.0,-13.0,1.0,-13.0,1.0,-13.0,1.0,-13.0,1.0,-13.0,1.0,-13.0,0.0,-13.0,0.0,-13.0,0.0,-13.0,0.0,-14.0,0.0,-13.0,-1.0,-13.0,0.0,-13.0,0.0,-14.0,0.0,-14.0,0.0,-14.0
3.6371,122.0,-96.0,7.0,0.0,0.0,0.0,0.0,0.0,0.0,0.0,0.0,0.0,13.0,-2.0,13.0,-2.0,14.0,-2.0,14.0,-3.0,13.0,-2.0,14.0,-3.0,14.0,-3.0,14.0,-4.0,15.0,-3.0,15.0,-3.0,15.0,-3.0,15.0,-3.0,15.0,-3.0,15.0,-3.0,15.0,-4.0,15.0,-3.0,16.0,-4.0,16.0,-4.0,16.0,-4.0,16.0,-4.0,16.0,-4.0,16.0,-4.0,15.0,-5.0,16.0,-5.0,17.0,-4.0,16.0,-5.0
3.6511,122.0,-96.0,7.0,0.0,0.0,0.0,0.0,0.0,0.0,0.0,0.0,0.0,-10.0,20.0,-10.0,22.0,-10.0,23.0,-9.0,23.0,-8.0,22.0,-8.0,20.0,-6.0,17.0,-6.0,14.0,-5.0,10.0,-6.0,5.0,-6.0,0.0,-7.0,-5.0,-9.0,-10.0,-10.0,-14.0,-12.0,-17.0,-14.0,-20.0,-15.0,-22.0,-17.0,-23.0,-17.0,-23.0,-18.0,-22.0,-18.0,-21.0,-16.0,-18.0,-14.0,-16.0,-11.0,-13.0,-7.0,-10.0,-3.0,-8.0
3.6652,122.0,-96.0,7.0,0.0,0.0,0.0,0.0,0.0,0.0,0.0,0.0,0.0,5.0,-12.0,5.0,-13.0,5.0,-13.0,5.0,-13.0,5.0,-13.0,5.0,-14.0,5.0,-14.0,6.0,-15.0,6.0,-15.0,5.0,-15.0,5.0,-15.0,6.0,-15.0,6.0,-15.0,5.0,-16.0,5.0,-16.0,5.0,-16.0,5.0,-16.0,5.0,-16.0,5.0,-16.0,5.0,-16.0,5.0,-16.0,4.0,-16.0,4.0,-17.0,4.0,-17.0,4.0,-17.0,4.0,-17.0
3.6694,98.0,33.0,22.0,0.0,0.0,0.0,0.0,0.0,0.0,0.0,0.0,0.0,-14.0,-3.0,-12.0,2.0,-11.0,7.0,-10.0,12.0,-9.0,18.0,-7.0,22.0,-7.0,26.0,-4.0,29.0,-4.0,29.0,-1.0,29.0,1.0,29.0,1.0,27.0,3.0,24.0,5.0,20.0,6.0,16.0,6.0,10.0,5.0,5.0,4.0,-2.0,2.0,-9.0,-1.0,-16.0,-4.0,-22.0,-7.0,-27.0,-10.0,-32.0,-13.0,-35.0,-15.0,-38.0,-16.0,-39.0
3.6834,122.0,-96.0,7.0,0.0,0.0,0.0,0.0,0.0,0.0,0.0,0.0,0.0,16.0,-17.0,14.0,-15.0,12.0,-13.0,10.0,-11.0,8.0,-7.0,6.0,-2.0,5.0,2.0,4.0,7.0,3.0,12.0,4.0,16.0,4.0,19.0,5.0,22.0,6.0,24.0,7.0,25.0,8.0,25.0,9.0,25.0,9.0,23.0,8.0,20.0,7.0,17.0,5.0,14.0,2.0,10.0,-2.0,6.0,-6.0,3.0,-10.0,0.0,-14.0,-3.0,-19.0,-4.0
3.6975,122.0,-96.0,7.0,0.0,0.0,0.0,0.0,0.0,0.0,0.0,0.0,0.0,-2.0,-11.0,-2.0,-12.0,-1.0,-11.0,-1.0,-12.0,-1.0,-13.0,-1.0,-12.0,-2.0,-12.0,-2.0,-12.0,-2.0,-12.0,-2.0,-13.0,-2.0,-13.0,-2.0,-13.0,-2.0,-13.0,-2.0,-13.0,-2.0,-13.0,-2.0,-13.0,-3.0,-13.0,-3.0,-13.0,-3.0,-13.0,-3.0,-13.0,-4.0,-13.0,-4.0,-13.0,-4.0,-13.0,-4.0,-14.0,-4.0,-14.0,-4.0,-14.0
3.712,122.0,-96.0,7.0,0.0,0.0,0.0,0.0,0.0,0.0,0.0,0.0,0.0,-6.0,22.0,-5.0,20.0,-4.0,17.0,-4.0,13.0,-4.0,10.0,-5.0,5.0,-6.0,1.0,-8.0,-4.0,-10.0,-8.0,-12.0,-12.0,-14.0,-15.0,-16.0,-17.0,-18.0,-19.0,-20.0,-19.0,-21.0,-19.0,-21.0,-18.0,-21.0,-17.0,-19.0,-15.0,-16.0,-13.0,-13.0,-11.0,-9.0,-9.0,-4.0,-7.0,1.0,-6.0,6.0,-5.0,11.0,-5.0,16.0,-6.0
3.7255,122.0,-96.0,7.0,0.0,0.0,0.0,0.0,0.0,0.0,0.0,0.0,0.0,12.0,7.0,6.0,7.0,-1.0,7.0,-8.0,8.0,-14.0,10.0,-20.0,13.0,-25.0,15.0,-29.0,18.0,-31.0,21.0,-31.0,23.0,-31.0,24.0,-29.0,25.0,-27.0,24.0,-24.0,23.0,-20.0,19.0,-16.0,13.0,-14.0,8.0,-10.0,2.0,-8.0,-6.0,-7.0,-12.0,-6.0,-21.0,-6.0,-27.0,-8.0,-32.0,-10.0,-36.0,-12.0,-39.0,-13.0,-41.0
3.7416,122.0,-96.0,7.0,0.0,0.0,0.0,0.0,0.0,0.0,0.0,0.0,0.0,-21.0,14.0,-19.0,13.0,-17.0,11.0,-14.0,8.0,-11.0,4.0,-8.0,0.0,-6.0,-4.0,-3.0,-9.0,-3.0,-14.0,-1.0,-19.0,-1.0,-23.0,0.0,-26.0,-1.0,-29.0,-3.0,-31.0,-4.0,-31.0,-5.0,-30.0,-5.0,-28.0,-5.0,-25.0,-4.0,-21.0,-3.0,-17.0,0.0,-12.0,3.0,-7.0,6.0,-3.0,10.0,1.0,14.0,5.0,18.0,8.0
3.7542,122.0,-96.0,7.0,0.0,0.0,0.0,0.0,0.0,0.0,0.0,0.0,0.0,18.0,13.0,17.0,11.0,15.0,10.0,12.0,8.0,8.0,7.0,4.0,6.0,-1.0,5.0,-6.0,5.0,-10.0,5.0,-15.0,6.0,-18.0,6.0,-21.0,7.0,-24.0,9.0,-25.0,11.0,-25.0,11.0,-24.0,12.0,-23.0,12.0,-21.0,11.0,-18.0,10.0,-15.0,8.0,-12.0,5.0,-9.0,1.0,-6.0,-3.0,-3.0,-7.0,-1.0,-12.0,0.0,-17.0
3.7664,122.0,-96.0,7.0,0.0,0.0,0.0,0.0,0.0,0.0,0.0,0.0,0.0,11.0,6.0,12.0,6.0,12.0,6.0,12.0,6.0,12.0,6.0,13.0,6.0,13.0,6.0,13.0,6.0,13.0,6.0,13.0,6.0,13.0,6.0,14.0,7.0,13.0,7.0,13.0,6.0,14.0,6.0,14.0,6.0,14.0,6.0,15.0,6.0,15.0,6.0,15.0,6.0,15.0,6.0,15.0,5.0,15.0,5.0,15.0,6.0,15.0,6.0,16.0,6.0
3.7806,122.0,-96.0,7.0,0.0,0.0,0.0,0.0,0.0,0.0,0.0,0.0,0.0,9.0,-8.0,6.0,-4.0,5.0,1.0,4.0,6.0,3.0,12.0,4.0,16.0,5.0,20.0,6.0,24.0,7.0,26.0,8.0,27.0,9.0,28.0,10.0,27.0,10.0,25.0,11.0,23.0,9.0,20.0,7.0,16.0,5.0,12.0,1.0,9.0,-4.0,6.0,-8.0,3.0,-13.0,0.0,-18.0,-2.0,-23.0,-3.0,-26.0,-3.0,-29.0,-3.0,-31.0,-2.0
3.7853,98.0,33.0,22.0,0.0,0.0,0.0,0.0,0.0,0.0,0.0,0.0,0.0,13.0,-3.0,11.0,-7.0,6.0,-12.0,3.0,-16.0,0.0,-20.0,-2.0,-24.0,-4.0,-27.0,-7.0,-29.0,-8.0,-29.0,-10.0,-28.0,-12.0,-28.0,-12.0,-25.0,-14.0,-23.0,-13.0,-18.0,-13.0,-14.0,-10.0,-8.0,-7.0,-3.0,-5.0,3.0,0.0,9.0,4.0,13.0,10.0,19.0,15.0,23.0,18.0,25.0,24.0,29.0,26.0,31.0,27.0,31.0
3.7992,122.0,-96.0,7.0,0.0,0.0,0.0,0.0,0.0,0.0,0.0,0.0,0.0,-11.0,-5.0,-14.0,-8.0,-17.0,-9.0,-19.0,-11.0,-22.0,-12.0,-24.0,-12.0,-25.0,-12.0,-25.0,-11.0,-23.0,-10.0,-21.0,-9.0,-18.0,-8.0,-14.0,-7.0,-10.0,-6.0,-6.0,-6.0,-1.0,-6.0,4.0,-7.0,9.0,-9.0,13.0,-10.0,17.0,-12.0,19.0,-14.0,21.0,-16.0,22.0,-17.0,22.0,-18.0,21.0,-18.0,19.0,-19.0,17.0,-17.0
3.8137,122.0,-96.0,7.0,0.0,0.0,0.0,0.0,0.0,0.0,0.0,0.0,0.0,7.0,-7.0,7.0,-7.0,7.0,-7.0,7.0,-8.0,7.0,-8.0,7.0,-8.0,7.0,-8.0,7.0,-8.0,7.0,-8.0,7.0,-8.0,7.0,-9.0,7.0,-9.0,7.0,-9.0,7.0,-9.0,7.0,-9.0,8.0,-9.0,8.0,-9.0,7.0,-9.0,7.0,-9.0,7.0,-9.0,7.0,-9.0,7.0,-9.0,7.0,-10.0,7.0,-10.0,7.0,-10.0,7.0,-10.0
3.8266,122.0,-96.0,7.0,0.0,0.0,0.0,0.0,0.0,0.0,0.0,0.0,0.0,-13.0,3.0,-9.0,-1.0,-5.0,-5.0,-2.0,-10.0,0.0,-15.0,2.0,-21.0,3.0,-25.0,2.0,-29.0,2.0,-32.0,1.0,-33.0,-1.0,-34.0,-1.0,-33.0,-2.0,-31.0,-3.0,-28.0,-3.0,-24.0,-1.0,-19.0,1.0,-14.0,3.0,-8.0,8.0,-3.0,10.0,2.0,16.0,6.0,20.0,10.0,24.0,11.0,28.0,12.0,31.0,13.0,32.0,12.0
3.8417,122.0,-96.0,7.0,0.0,0.0,0.0,0.0,0.0,0.0,0.0,0.0,0.0,-11.0,1.0,-11.0,2.0,-11.0,1.0,-11.0,2.0,-12.0,2.0,-12.0,2.0,-12.0,2.0,-13.0,2.0,-12.0,2.0,-13.0,1.0,-13.0,2.0,-13.0,2.0,-13.0,2.0,-13.0,2.0,-13.0,2.0,-13.0,2.0,-14.0,2.0,-13.0,2.0,-13.0,3.0,-14.0,2.0,-14.0,3.0,-13.0,3.0,-13.0,3.0,-14.0,3.0,-14.0,3.0,-14.0,3.0
3.8548,122.0,-96.0,7.0,0.0,0.0,0.0,0.0,0.0,0.0,0.0,0.0,0.0,9.0,9.0,9.0,9.0,9.0,9.0,10.0,9.0,10.0,9.0,10.0,10.0,10.0,10.0,10.0,10.0,10.0,10.0,11.0,10.0,10.0,10.0,11.0,10.0,11.0,10.0,11.0,10.0,12.0,10.0,12.0,10.0,11.0,10.0,12.0,10.0,12.0,9.0,11.0,10.0,12.0,10.0,12.0,10.0,13.0,10.0,13.0,10.0,12.0,10.0,12.0,10.0
3.8693,122.0,-96.0,7.0,0.0,0.0,0.0,0.0,0.0,0.0,0.0,0.0,0.0,-2.0,-24.0,-3.0,-25.0,-4.0,-26.0,-4.0,-25.0,-5.0,-24.0,-4.0,-21.0,-4.0,-19.0,-2.0,-15.0,-1.0,-11.0,2.0,-7.0,4.0,-3.0,8.0,1.0,12.0,4.0,15.0,7.0,18.0,9.0,21.0,10.0,23.0,11.0,24.0,11.0,25.0,10.0,25.0,9.0,24.0,9.0,21.0,7.0,18.0,6.0,13.0,5.0,8.0,4.0,3.0,4.0
3.885,122.0,-96.0,7.0,0.0,0.0,0.0,0.0,0.0,0.0,0.0,0.0,0.0,-8.0,-9.0,-3.0,-7.0,1.0,-6.0,6.0,-5.0,12.0,-5.0,16.0,-6.0,20.0,-7.0,23.0,-8.0,26.0,-9.0,27.0,-10.0,27.0,-12.0,26.0,-12.0,24.0,-13.0,22.0,-12.0,19.0,-10.0,15.0,-8.0,11.0,-5.0,8.0,-1.0,5.0,4.0,2.0,9.0,0.0,13.0,-2.0,19.0,-2.0,23.0,-2.0,27.0,-2.0,29.0,-1.0,30.0
3.9013,122.0,-96.0,7.0,0.0,0.0,0.0,0.0,0.0,0.0,0.0,0.0,0.0,-4.0,-13.0,0.0,-9.0,4.0,-5.0,9.0,-2.0,14.0,1.0,19.0,3.0,24.0,4.0,27.0,5.0,30.0,4.0,32.0,4.0,33.0,3.0,32.0,2.0,31.0,1.0,28.0,-1.0,24.0,-1.0,19.0,0.0,14.0,1.0,8.0,3.0,2.0,7.0,-3.0,10.0,-7.0,14.0,-11.0,18.0,-14.0,22.0,-16.0,26.0,-17.0,29.0,-16.0,31.0
3.9145,122.0,-96.0,7.0,0.0,0.0,0.0,0.0,0.0,0.0,0.0,0.0,0.0,2.0,10.0,3.0,10.0,3.0,10.0,3.0,11.0,3.0,11.0,3.0,11.0,3.0,11.0,4.0,11.0,3.0,11.0,4.0,10.0,4.0,11.0,4.0,11.0,4.0,11.0,4.0,11.0,5.0,11.0,5.0,11.0,4.0,11.0,5.0,11.0,5.0,11.0,5.0,11.0,5.0,12.0,5.0,12.0,5.0,11.0,5.0,12.0,6.0,12.0,6.0,11.0
3.9296,122.0,-96.0,7.0,0.0,0.0,0.0,0.0,0.0,0.0,0.0,0.0,0.0,10.0,6.0,13.0,8.0,17.0,11.0,19.0,13.0,22.0,14.0,24.0,15.0,25.0,14.0,25.0,13.0,24.0,12.0,22.0,10.0,18.0,9.0,14.0,8.0,10.0,6.0,5.0,6.0,-1.0,6.0,-6.0,7.0,-12.0,8.0,-16.0,9.0,-21.0,11.0,-24.0,13.0,-26.0,15.0,-27.0,17.0,-27.0,18.0,-25.0,18.0,-23.0,18.0,-21.0,17.0
3.9434,122.0,-96.0,7.0,0.0,0.0,0.0,0.0,0.0,0.0,0.0,0.0,0.0,9.0,-5.0,9.0,-6.0,9.0,-6.0,9.0,-6.0,9.0,-6.0,9.0,-6.0,10.0,-7.0,9.0,-7.0,10.0,-6.0,10.0,-7.0,10.0,-7.0,10.0,-6.0,10.0,-7.0,10.0,-7.0,10.0,-7.0,10.0,-7.0,10.0,-7.0,10.0,-7.0,10.0,-7.0,10.0,-7.0,10.0,-8.0,10.0,-8.0,10.0,-8.0,11.0,-8.0,11.0,-8.0,10.0,-8.0
3.9602,122.0,-96.0,7.0,0.0,0.0,0.0,0.0,0.0,0.0,0.0,0.0,0.0,-24.0,-11.0,-22.0,-10.0,-19.0,-9.0,-15.0,-8.0,-11.0,-7.0,-6.0,-7.0,-1.0,-7.0,4.0,-7.0,9.0,-9.0,14.0,-10.0,17.0,-12.0,21.0,-13.0,23.0,-16.0,24.0,-17.0,24.0,-19.0,23.0,-19.0,22.0,-19.0,20.0,-18.0,17.0,-16.0,13.0,-13.0,11.0,-9.0,8.0,-4.0,6.0,1.0,4.0,6.0,2.0,11.0,2.0,17.0
3.9711,122.0,-96.0,7.0,0.0,0.0,0.0,0.0,0.0,0.0,0.0,0.0,0.0,0.0,-11.0,0.0,-12.0,0.0,-12.0,0.0,-12.0,0.0,-13.0,0.0,-13.0,0.0,-12.0,-1.0,-13.0,-1.0,-13.0,-1.0,-13.0,-1.0,-13.0,-1.0,-13.0,-1.0,-13.0,-1.0,-13.0,-1.0,-13.0,-1.0,-13.0,-2.0,-14.0,-1.0,-14.0,-1.0,-13.0,-1.0,-13.0,-1.0,-13.0,-2.0,-14.0,-2.0,-14.0,-2.0,-14.0,-2.0,-14.0,-2.0,-14.0
3.9842,122.0,-96.0,7.0,0.0,0.0,0.0,0.0,0.0,0.0,0.0,0.0,0.0,12.0,4.0,6.0,4.0,1.0,6.0,-4.0,7.0,-10.0,10.0,-14.0,13.0,-18.0,16.0,-21.0,19.0,-22.0,22.0,-24.0,23.0,-23.0,24.0,-22.0,25.0,-20.0,24.0,-18.0,24.0,-15.0,20.0,-13.0,16.0,-11.0,11.0,-9.0,6.0,-8.0,0.0,-7.0,-7.0,-8.0,-13.0,-9.0,-18.0,-10.0,-24.0,-12.0,-28.0,-13.0,-31.0,-15.0,-32.0
3.9974,122.0,-96.0,7.0,0.0,0.0,0.0,0.0,0.0,0.0,0.0,0.0,0.0,10.0,5.0,5.0,5.0,0.0,5.0,-5.0,6.0,-10.0,8.0,-14.0,10.0,-18.0,12.0,-20.0,14.0,-22.0,16.0,-24.0,18.0,-23.0,19.0,-23.0,19.0,-21.0,19.0,-19.0,19.0,-16.0,16.0,-13.0,13.0,-11.0,9.0,-9.0,4.0,-7.0,-2.0,-6.0,-7.0,-5.0,-12.0,-5.0,-17.0,-6.0,-22.0,-7.0,-26.0,-9.0,-28.0,-10.0,-30.0
4.0123,122.0,-96.0,7.0,0.0,0.0,0.0,0.0,0.0,0.0,0.0,0.0,0.0,-4.0,-26.0,-4.0,-24.0,-3.0,-21.0,-2.0,-17.0,-1.0,-13.0,2.0,-9.0,5.0,-4.0,8.0,0.0,12.0,4.0,15.0,7.0,19.0,9.0,22.0,10.0,25.0,11.0,27.0,11.0,28.0,11.0,28.0,10.0,27.0,9.0,25.0,7.0,22.0,6.0,17.0,5.0,13.0,5.0,7.0,5.0,2.0,6.0,-4.0,7.0,-9.0,8.0,-14.0,11.0
4.0265,122.0,-96.0,7.0,0.0,0.0,0.0,0.0,0.0,0.0,0.0,0.0,0.0,10.0,-4.0,14.0,-5.0,17.0,-6.0,20.0,-7.0,22.0,-8.0,24.0,-9.0,24.0,-10.0,24.0,-11.0,23.0,-11.0,20.0,-10.0,17.0,-8.0,14.0,-7.0,12.0,-5.0,8.0,-1.0,4.0,2.0,2.0,6.0,-1.0,11.0,-3.0,15.0,-3.0,20.0,-4.0,23.0,-4.0,26.0,-4.0,27.0,-3.0,28.0,-2.0,28.0,-1.0,27.0,0.0,24.0
4.0395,122.0,-96.0,7.0,0.0,0.0,0.0,0.0,0.0,0.0,0.0,0.0,0.0,-15.0,14.0,-15.0,16.0,-15.0,17.0,-15.0,17.0,-14.0,16.0,-13.0,15.0,-11.0,13.0,-10.0,10.0,-8.0,7.0,-7.0,3.0,-6.0,-1.0,-5.0,-6.0,-5.0,-10.0,-5.0,-14.0,-6.0,-18.0,-6.0,-20.0,-7.0,-23.0,-8.0,-24.0,-9.0,-25.0,-9.0,-24.0,-9.0,-23.0,-9.0,-21.0,-8.0,-18.0,-7.0,-15.0,-5.0,-11.0,-2.0,-9.0
4.055,122.0,-96.0,7.0,0.0,0.0,0.0,0.0,0.0,0.0,0.0,0.0,0.0,-2.0,10.0,-2.0,10.0,-2.0,11.0,-2.0,10.0,-2.0,11.0,-2.0,11.0,-2.0,11.0,-2.0,12.0,-2.0,11.0,-2.0,12.0,-2.0,11.0,-2.0,12.0,-2.0,12.0,-2.0,12.0,-2.0,12.0,-2.0,12.0,-1.0,12.0,-2.0,12.0,-2.0,12.0,-1.0,13.0,-1.0,13.0,-1.0,13.0,-1.0,12.0,-1.0,13.0,-1.0,13.0,-1.0,13.0
4.0681,122.0,-96.0,7.0,0.0,0.0,0.0,0.0,0.0,0.0,0.0,0.0,0.0,18.0,14.0,20.0,14.0,20.0,13.0,21.0,13.0,20.0,11.0,18.0,11.0,16.0,9.0,12.0,8.0,8.0,7.0,4.0,6.0,-1.0,5.0,-6.0,5.0,-11.0,6.0,-15.0,6.0,-20.0,8.0,-22.0,8.0,-25.0,10.0,-26.0,10.0,-26.0,12.0,-25.0,12.0,-24.0,12.0,-21.0,11.0,-18.0,10.0,-15.0,7.0,-11.0,4.0,-8.0,1.0
4.0827,122.0,-96.0,7.0,0.0,0.0,0.0,0.0,0.0,0.0,0.0,0.0,0.0,2.0,-11.0,2.0,-11.0,2.0,-11.0,2.0,-12.0,2.0,-12.0,2.0,-12.0,2.0,-12.0,2.0,-13.0,2.0,-12.0,2.0,-13.0,2.0,-13.0,2.0,-13.0,2.0,-13.0,2.0,-13.0,2.0,-13.0,2.0,-13.0,1.0,-13.0,2.0,-13.0,2.0,-14.0,1.0,-13.0,1.0,-14.0,1.0,-13.0,1.0,-14.0,1.0,-14.0,1.0,-14.0,1.0,-14.0
4.095,122.0,-96.0,7.0,0.0,0.0,0.0,0.0,0.0,0.0,0.0,0.0,0.0,-19.0,0.0,-19.0,0.0,-19.0,0.0,-19.0,0.0,-19.0,1.0,-20.0,1.0,-20.0,1.0,-20.0,1.0,-21.0,1.0,-20.0,1.0,-20.0,1.0,-20.0,0.0,-21.0,1.0,-21.0,1.0,-21.0,1.0,-21.0,1.0,-21.0,2.0,-21.0,2.0,-22.0,2.0,-22.0,2.0,-21.0,2.0,-21.0,2.0,-21.0,2.0,-21.0,2.0,-21.0,2.0,-22.0,2.0
4.11,122.0,-96.0,7.0,0.0,0.0,0.0,0.0,0.0,0.0,0.0,0.0,0.0,-11.0,-3.0,-11.0,-3.0,-11.0,-3.0,-11.0,-3.0,-12.0,-3.0,-12.0,-3.0,-12.0,-3.0,-12.0,-3.0,-12.0,-3.0,-13.0,-3.0,-12.0,-3.0,-13.0,-3.0,-13.0,-3.0,-13.0,-2.0,-13.0,-2.0,-13.0,-3.0,-13.0,-2.0,-14.0,-2.0,-13.0,-2.0,-14.0,-2.0,-14.0,-1.0,-14.0,-2.0,-14.0,-2.0,-14.0,-1.0,-14.0,-2.0,-14.0,-2.0
4.1236,122.0,-96.0,7.0,0.0,0.0,0.0,0.0,0.0,0.0,0.0,0.0,0.0,5.0,-11.0,5.0,-5.0,5.0,0.0,6.0,4.0,8.0,9.0,11.0,13.0,13.0,16.0,15.0,19.0,17.0,21.0,19.0,22.0,19.0,22.0,20.0,21.0,19.0,19.0,19.0,16.0,16.0,14.0,13.0,11.0,8.0,9.0,3.0,7.0,-3.0,6.0,-8.0,5.0,-13.0,5.0,-18.0,6.0,-23.0,7.0,-26.0,8.0,-29.0,10.0,-29.0,11.0
4.1369,122.0,-96.0,7.0,0.0,0.0,0.0,0.0,0.0,0.0,0.0,0.0,0.0,16.0,-17.0,17.0,-19.0,17.0,-19.0,16.0,-19.0,15.0,-19.0,13.0,-17.0,11.0,-15.0,10.0,-12.0,8.0,-8.0,6.0,-3.0,5.0,1.0,4.0,6.0,4.0,11.0,4.0,15.0,5.0,19.0,5.0,22.0,6.0,25.0,7.0,26.0,8.0,27.0,9.0,26.0,9.0,24.0,8.0,21.0,8.0,18.0,5.0,15.0,3.0,10.0,0.0,7.0
4.1525,122.0,-96.0,7.0,0.0,0.0,0.0,0.0,0.0,0.0,0.0,0.0,0.0,-9.0,-5.0,-9.0,-5.0,-9.0,-5.0,-9.0,-5.0,-9.0,-5.0,-10.0,-5.0,-10.0,-6.0,-10.0,-5.0,-10.0,-6.0,-11.0,-6.0,-10.0,-6.0,-11.0,-5.0,-11.0,-6.0,-10.0,-5.0,-11.0,-5.0,-11.0,-6.0,-11.0,-5.0,-11.0,-5.0,-11.0,-5.0,-12.0,-5.0,-11.0,-5.0,-11.0,-5.0,-12.0,-5.0,-12.0,-5.0,-12.0,-5.0,-12.0,-5.0
4.1657,122.0,-96.0,7.0,0.0,0.0,0.0,0.0,0.0,0.0,0.0,0.0,0.0,-11.0,-4.0,-6.0,-5.0,-1.0,-7.0,4.0,-8.0,8.0,-11.0,12.0,-14.0,14.0,-17.0,16.0,-20.0,18.0,-22.0,18.0,-24.0,18.0,-24.0,16.0,-24.0,15.0,-24.0,12.0,-22.0,11.0,-18.0,9.0,-14.0,7.0,-9.0,7.0,-4.0,6.0,2.0,6.0,8.0,7.0,13.0,9.0,18.0,11.0,22.0,14.0,24.0,15.0,25.0,16.0,26.0
4.18,122.0,-96.0,7.0,0.0,0.0,0.0,0.0,0.0,0.0,0.0,0.0,0.0,6.0,-11.0,5.0,-6.0,6.0,0.0,7.0,6.0,9.0,11.0,12.0,16.0,14.0,20.0,17.0,23.0,19.0,25.0,21.0,25.0,23.0,24.0,23.0,23.0,22.0,21.0,21.0,18.0,17.0,15.0,13.0,12.0,8.0,10.0,2.0,8.0,-5.0,7.0,-11.0,5.0,-17.0,6.0,-23.0,6.0,-27.0,8.0,-30.0,10.0,-32.0,12.0,-33.0,13.0
4.1957,122.0,-96.0,7.0,0.0,0.0,0.0,0.0,0.0,0.0,0.0,0.0,0.0,8.0,-8.0,11.0,-10.0,15.0,-12.0,17.0,-13.0,19.0,-16.0,19.0,-17.0,19.0,-19.0,19.0,-19.0,17.0,-19.0,16.0,-17.0,13.0,-14.0,11.0,-10.0,9.0,-7.0,7.0,-3.0,5.0,2.0,4.0,6.0,3.0,11.0,3.0,16.0,3.0,20.0,4.0,24.0,6.0,26.0,7.0,27.0,7.0,28.0,7.0,26.0,8.0,25.0,8.0,22.0
4.2086,122.0,-96.0,7.0,0.0,0.0,0.0,0.0,0.0,0.0,0.0,0.0,0.0,-11.0,9.0,-15.0,12.0,-19.0,15.0,-22.0,17.0,-24.0,20.0,-25.0,22.0,-24.0,22.0,-23.0,23.0,-22.0,22.0,-19.0,20.0,-16.0,16.0,-14.0,12.0,-11.0,8.0,-9.0,2.0,-7.0,-4.0,-6.0,-11.0,-6.0,-17.0,-6.0,-22.0,-6.0,-28.0,-8.0,-31.0,-9.0,-34.0,-10.0,-35.0,-11.0,-35.0,-12.0,-33.0,-12.0,-31.0,-11.0,-28.0
4.2226,122.0,-96.0,7.0,0.0,0.0,0.0,0.0,0.0,0.0,0.0,0.0,0.0,22.0,2.0,20.0,2.0,18.0,1.0,13.0,2.0,9.0,2.0,5.0,3.0,0.0,6.0,-4.0,7.0,-8.0,11.0,-11.0,13.0,-14.0,14.0,-16.0,17.0,-17.0,20.0,-17.0,21.0,-16.0,22.0,-15.0,22.0,-13.0,21.0,-11.0,19.0,-10.0,16.0,-8.0,12.0,-7.0,7.0,-6.0,3.0,-6.0,-3.0,-7.0,-9.0,-7.0,-13.0,-9.0,-17.0
4.2362,122.0,-96.0,7.0,0.0,0.0,0.0,0.0,0.0,0.0,0.0,0.0,0.0,4.0,11.0,5.0,15.0,6.0,20.0,7.0,22.0,8.0,25.0,9.0,27.0,11.0,27.0,11.0,26.0,11.0,25.0,10.0,22.0,8.0,19.0,6.0,15.0,3.0,12.0,-1.0,8.0,-4.0,4.0,-9.0,1.0,-15.0,-1.0,-19.0,-3.0,-24.0,-4.0,-27.0,-4.0,-30.0,-5.0,-32.0,-4.0,-33.0,-3.0,-32.0,-2.0,-30.0,0.0,-27.0,0.0
4.2497,122.0,-96.0,7.0,0.0,0.0,0.0,0.0,0.0,0.0,0.0,0.0,0.0,13.0,1.0,13.0,1.0,13.0,1.0,14.0,1.0,14.0,1.0,14.0,1.0,14.0,0.0,15.0,0.0,15.0,0.0,14.0,0.0,15.0,1.0,15.0,0.0,15.0,1.0,15.0,0.0,16.0,0.0,15.0,0.0,15.0,-1.0,16.0,0.0,16.0,-1.0,16.0,-1.0,16.0,-1.0,16.0,-1.0,16.0,-1.0,16.0,-1.0,17.0,-1.0,17.0,-2.0
4.2652,122.0,-96.0,7.0,0.0,0.0,0.0,0.0,0.0,0.0,0.0,0.0,0.0,13.0,3.0,17.0,7.0,21.0,9.0,25.0,10.0,27.0,11.0,30.0,11.0,31.0,10.0,31.0,9.0,30.0,8.0,26.0,7.0,22.0,6.0,18.0,6.0,13.0,5.0,7.0,6.0,0.0,7.0,-6.0,8.0,-12.0,11.0,-17.0,13.0,-22.0,17.0,-25.0,19.0,-27.0,22.0,-28.0,23.0,-27.0,24.0,-26.0,24.0,-24.0,24.0,-21.0,22.0
4.2797,122.0,-96.0,7.0,0.0,0.0,0.0,0.0,0.0,0.0,0.0,0.0,0.0,25.0,0.0,23.0,0.0,20.0,0.0,16.0,1.0,11.0,1.0,6.0,3.0,2.0,6.0,-3.0,8.0,-7.0,11.0,-10.0,15.0,-13.0,17.0,-15.0,20.0,-16.0,23.0,-16.0,25.0,-16.0,27.0,-15.0,26.0,-14.0,25.0,-12.0,22.0,-10.0,20.0,-9.0,15.0,-8.0,10.0,-7.0,5.0,-7.0,-1.0,-7.0,-7.0,-8.0,-12.0,-10.0,-18.0
4.2946,122.0,-96.0,7.0,0.0,0.0,0.0,0.0,0.0,0.0,0.0,0.0,0.0,-4.0,12.0,-5.0,13.0,-4.0,11.0,-4.0,13.0,-5.0,13.0,-5.0,14.0,-4.0,13.0,-5.0,14.0,-5.0,14.0,-4.0,14.0,-3.0,14.0,-4.0,14.0,-5.0,15.0,-4.0,15.0,-4.0,16.0,-4.0,15.0,-4.0,15.0,-4.0,16.0,-4.0,15.0,-4.0,16.0,-3.0,16.0,-4.0,16.0,-3.0,16.0,-3.0,16.0,-3.0,17.0,-3.0,17.0
4.3079,122.0,-96.0,7.0,0.0,0.0,0.0,0.0,0.0,0.0,0.0,0.0,0.0,-7.0,11.0,-6.0,5.0,-7.0,0.0,-8.0,-6.0,-10.0,-12.0,-13.0,-16.0,-16.0,-20.0,-18.0,-23.0,-21.0,-25.0,-23.0,-26.0,-24.0,-25.0,-25.0,-24.0,-23.0,-22.0,-23.0,-19.0,-19.0,-16.0,-15.0,-14.0,-10.0,-11.0,-5.0,-9.0,2.0,-8.0,8.0,-7.0,14.0,-7.0,20.0,-7.0,25.0,-9.0,29.0,-11.0,31.0,-13.0,32.0,-14.0
4.322,122.0,-96.0,7.0,0.0,0.0,0.0,0.0,0.0,0.0,0.0,0.0,0.0,18.0,-16.0,18.0,-17.0,19.0,-18.0,18.0,-18.0,16.0,-18.0,15.0,-16.0,13.0,-14.0,11.0,-11.0,8.0,-7.0,6.0,-2.0,4.0,2.0,3.0,8.0,3.0,13.0,2.0,17.0,2.0,20.0,2.0,24.0,3.0,26.0,4.0,27.0,5.0,27.0,5.0,26.0,5.0,25.0,5.0,22.0,4.0,18.0,2.0,14.0,0.0,10.0,-3.0,6.0
4.325,98.0,33.0,22.0,0.0,0.0,0.0,0.0,0.0,0.0,0.0,0.0,0.0,-18.0,8.0,-15.0,7.0,-13.0,6.0,-9.0,6.0,-4.0,6.0,0.0,7.0,4.0,6.0,8.0,6.0,12.0,6.0,15.0,5.0,18.0,5.0,20.0,4.0,22.0,3.0,22.0,2.0,22.0,0.0,21.0,-1.0,19.0,-3.0,16.0,-3.0,13.0,-3.0,8.0,-4.0,3.0,-3.0,-3.0,-2.0,-8.0,-1.0,-14.0,0.0,-19.0,2.0,-24.0,4.0
4.338,122.0,-96.0,7.0,0.0,0.0,0.0,0.0,0.0,0.0,0.0,0.0,0.0,-12.0,0.0,-8.0,-2.0,-4.0,-5.0,0.0,-9.0,3.0,-13.0,5.0,-18.0,7.0,-21.0,8.0,-24.0,8.0,-27.0,8.0,-29.0,7.0,-29.0,6.0,-29.0,5.0,-28.0,3.0,-26.0,3.0,-22.0,3.0,-18.0,3.0,-13.0,4.0,-8.0,6.0,-2.0,8.0,3.0,11.0,8.0,14.0,12.0,17.0,15.0,20.0,17.0,23.0,18.0,24.0,18.0
4.3544,122.0,-96.0,7.0,0.0,0.0,0.0,0.0,0.0,0.0,0.0,0.0,0.0,6.0,-26.0,5.0,-27.0,5.0,-29.0,4.0,-28.0,3.0,-27.0,3.0,-25.0,2.0,-22.0,2.0,-18.0,2.0,-14.0,4.0,-8.0,5.0,-3.0,8.0,2.0,10.0,7.0,12.0,11.0,15.0,14.0,18.0,17.0,20.0,19.0,22.0,21.0,23.0,20.0,24.0,19.0,23.0,18.0,22.0,16.0,19.0,14.0,15.0,11.0,11.0,9.0,6.0,7.0
4.3676,122.0,-96.0,7.0,0.0,0.0,0.0,0.0,0.0,0.0,0.0,0.0,0.0,-11.0,1.0,-11.0,1.0,-12.0,1.0,-11.0,1.0,-12.0,1.0,-13.0,1.0,-12.0,1.0,-13.0,2.0,-12.0,2.0,-13.0,2.0,-13.0,2.0,-13.0,1.0,-13.0,2.0,-13.0,2.0,-13.0,2.0,-13.0,2.0,-13.0,2.0,-13.0,2.0,-13.0,2.0,-13.0,2.0,-13.0,3.0,-14.0,3.0,-13.0,3.0,-14.0,3.0,-14.0,3.0,-13.0,3.0
4.3827,122.0,-96.0,7.0,0.0,0.0,0.0,0.0,0.0,0.0,0.0,0.0,0.0,-23.0,6.0,-21.0,6.0,-18.0,5.0,-15.0,3.0,-11.0,2.0,-8.0,-1.0,-5.0,-5.0,-1.0,-8.0,1.0,-12.0,3.0,-15.0,5.0,-19.0,6.0,-22.0,6.0,-25.0,6.0,-27.0,5.0,-28.0,5.0,-27.0,4.0,-27.0,3.0,-24.0,2.0,-21.0,2.0,-17.0,3.0,-13.0,3.0,-8.0,5.0,-4.0,6.0,1.0,8.0,6.0,12.0,10.0
4.3993,122.0,-96.0,7.0,0.0,0.0,0.0,0.0,0.0,0.0,0.0,0.0,0.0,-3.0,-12.0,0.0,-8.0,4.0,-4.0,8.0,-1.0,13.0,2.0,17.0,4.0,20.0,5.0,24.0,6.0,27.0,5.0,29.0,5.0,29.0,4.0,29.0,3.0,27.0,2.0,25.0,1.0,21.0,1.0,17.0,0.0,12.0,2.0,7.0,4.0,2.0,6.0,-3.0,9.0,-8.0,12.0,-11.0,15.0,-15.0,19.0,-16.0,22.0,-17.0,25.0,-17.0,26.0
4.4146,122.0,-96.0,7.0,0.0,0.0,0.0,0.0,0.0,0.0,0.0,0.0,0.0,-11.0,-28.0,-11.0,-25.0,-9.0,-22.0,-7.0,-18.0,-4.0,-14.0,0.0,-10.0,4.0,-6.0,9.0,-2.0,14.0,1.0,19.0,3.0,23.0,5.0,27.0,6.0,31.0,6.0,33.0,5.0,34.0,4.0,34.0,3.0,32.0,2.0,30.0,2.0,25.0,1.0,21.0,1.0,15.0,2.0,9.0,3.0,3.0,6.0,-2.0,8.0,-8.0,11.0,-13.0,15.0
4.429,122.0,-96.0,7.0,0.0,0.0,0.0,0.0,0.0,0.0,0.0,0.0,0.0,-9.0,6.0,-13.0,8.0,-16.0,10.0,-18.0,11.0,-20.0,13.0,-21.0,15.0,-21.0,16.0,-21.0,17.0,-19.0,16.0,-18.0,15.0,-16.0,12.0,-13.0,9.0,-11.0,7.0,-9.0,2.0,-6.0,-2.0,-5.0,-7.0,-4.0,-12.0,-3.0,-16.0,-3.0,-20.0,-4.0,-24.0,-5.0,-27.0,-6.0,-28.0,-7.0,-29.0,-8.0,-28.0,-9.0,-27.0,-8.0,-24.0
4.4441,122.0,-96.0,7.0,0.0,0.0,0.0,0.0,0.0,0.0,0.0,0.0,0.0,-19.0,13.0,-17.0,12.0,-15.0,11.0,-12.0,8.0,-10.0,5.0,-8.0,1.0,-6.0,-4.0,-4.0,-8.0,-3.0,-13.0,-2.0,-17.0,-1.0,-20.0,-1.0,-23.0,-2.0,-26.0,-3.0,-28.0,-4.0,-28.0,-5.0,-27.0,-5.0,-26.0,-5.0,-23.0,-5.0,-20.0,-3.0,-16.0,-1.0,-12.0,1.0,-8.0,5.0,-4.0,8.0,0.0,11.0,4.0,16.0,6.0
4.4487,98.0,33.0,22.0,0.0,0.0,0.0,0.0,0.0,0.0,0.0,0.0,0.0,-12.0,12.0,-12.0,15.0,-13.0,17.0,-14.0,19.0,-13.0,20.0,-12.0,21.0,-11.0,21.0,-9.0,20.0,-7.0,18.0,-4.0,16.0,-2.0,13.0,0.0,10.0,3.0,5.0,5.0,1.0,7.0,-3.0,8.0,-8.0,9.0,-13.0,9.0,-18.0,9.0,-23.0,8.0,-26.0,7.0,-29.0,6.0,-29.0,5.0,-30.0,4.0,-28.0,3.0,-26.0,1.0,-22.0
4.4644,122.0,-96.0,7.0,0.0,0.0,0.0,0.0,0.0,0.0,0.0,0.0,0.0,-11.0,-21.0,-11.0,-19.0,-9.0,-16.0,-7.0,-14.0,-4.0,-10.0,-1.0,-7.0,3.0,-5.0,7.0,-2.0,11.0,0.0,16.0,1.0,19.0,2.0,22.0,2.0,25.0,2.0,27.0,1.0,28.0,0.0,26.0,-1.0,25.0,-1.0,23.0,-1.0,20.0,-1.0,15.0,-1.0,11.0,1.0,6.0,3.0,2.0,5.0,-3.0,8.0,-7.0,10.0,-10.0,14.0
4.4775,122.0,-96.0,7.0,0.0,0.0,0.0,0.0,0.0,0.0,0.0,0.0,0.0,20.0,-12.0,21.0,-13.0,21.0,-14.0,21.0,-14.0,19.0,-14.0,18.0,-13.0,15.0,-11.0,13.0,-8.0,10.0,-5.0,7.0,-1.0,4.0,2.0,2.0,7.0,1.0,12.0,0.0,16.0,-1.0,20.0,-2.0,23.0,-1.0,26.0,-1.0,27.0,0.0,28.0,0.0,27.0,1.0,26.0,1.0,23.0,2.0,20.0,1.0,16.0,-1.0,11.0,-3.0,7.0
4.4909,122.0,-96.0,7.0,0.0,0.0,0.0,0.0,0.0,0.0,0.0,0.0,0.0,-3.0,10.0,-3.0,10.0,-3.0,10.0,-4.0,10.0,-3.0,11.0,-3.0,11.0,-3.0,12.0,-2.0,11.0,-3.0,12.0,-3.0,12.0,-3.0,12.0,-3.0,12.0,-3.0,12.0,-2.0,12.0,-2.0,12.0,-2.0,12.0,-2.0,12.0,-1.0,12.0,-2.0,13.0,-2.0,13.0,-2.0,12.0,-2.0,13.0,-1.0,13.0,-1.0,13.0,-1.0,13.0,-1.0,13.0
4.5041,122.0,-96.0,7.0,0.0,0.0,0.0,0.0,0.0,0.0,0.0,0.0,0.0,-12.0,23.0,-13.0,25.0,-12.0,25.0,-12.0,25.0,-10.0,24.0,-10.0,22.0,-8.0,19.0,-7.0,14.0,-7.0,10.0,-7.0,4.0,-7.0,-1.0,-8.0,-7.0,-10.0,-12.0,-10.0,-17.0,-13.0,-21.0,-14.0,-23.0,-16.0,-26.0,-17.0,-27.0,-18.0,-27.0,-19.0,-25.0,-18.0,-24.0,-16.0,-20.0,-14.0,-17.0,-10.0,-14.0,-6.0,-10.0,-1.0,-8.0
4.5188,122.0,-96.0,7.0,0.0,0.0,0.0,0.0,0.0,0.0,0.0,0.0,0.0,-13.0,0.0,-18.0,-1.0,-22.0,-2.0,-25.0,-2.0,-28.0,-2.0,-29.0,-1.0,-30.0,0.0,-30.0,1.0,-28.0,1.0,-25.0,2.0,-21.0,1.0,-17.0,0.0,-12.0,-2.0,-7.0,-4.0,-2.0,-7.0,2.0,-10.0,6.0,-14.0,10.0,-18.0,12.0,-21.0,13.0,-24.0,15.0,-27.0,15.0,-28.0,14.0,-30.0,13.0,-28.0,10.0,-27.0,9.0,-24.0
4.5323,122.0,-96.0,7.0,0.0,0.0,0.0,0.0,0.0,0.0,0.0,0.0,0.0,4.0,-26.0,3.0,-24.0,3.0,-20.0,3.0,-16.0,3.0,-11.0,4.0,-6.0,6.0,-2.0,8.0,4.0,11.0,8.0,13.0,12.0,15.0,15.0,18.0,17.0,20.0,19.0,23.0,19.0,24.0,19.0,23.0,18.0,22.0,16.0,20.0,14.0,17.0,12.0,12.0,9.0,8.0,8.0,2.0,6.0,-4.0,6.0,-9.0,5.0,-15.0,5.0,-20.0,6.0
4.5474,122.0,-96.0,7.0,0.0,0.0,0.0,0.0,0.0,0.0,0.0,0.0,0.0,-8.0,11.0,-11.0,15.0,-15.0,18.0,-17.0,22.0,-18.0,24.0,-18.0,27.0,-18.0,28.0,-17.0,28.0,-16.0,28.0,-14.0,25.0,-12.0,21.0,-11.0,17.0,-9.0,12.0,-8.0,6.0,-8.0,1.0,-8.0,-6.0,-10.0,-13.0,-10.0,-18.0,-13.0,-23.0,-14.0,-27.0,-17.0,-29.0,-18.0,-31.0,-20.0,-31.0,-21.0,-30.0,-21.0,-28.0,-20.0,-25.0
4.5607,122.0,-96.0,7.0,0.0,0.0,0.0,0.0,0.0,0.0,0.0,0.0,0.0,-5.0,-11.0,-5.0,-15.0,-6.0,-18.0,-7.0,-21.0,-8.0,-23.0,-10.0,-25.0,-11.0,-25.0,-12.0,-24.0,-12.0,-23.0,-11.0,-21.0,-9.0,-18.0,-7.0,-16.0,-5.0,-12.0,-1.0,-9.0,2.0,-6.0,6.0,-3.0,11.0,-1.0,15.0,1.0,20.0,2.0,23.0,2.0,26.0,2.0,27.0,2.0,28.0,1.0,28.0,0.0,27.0,-1.0,24.0,-1.0
4.5768,122.0,-96.0,7.0,0.0,0.0,0.0,0.0,0.0,0.0,0.0,0.0,0.0,-7.0,-9.0,-7.0,-9.0,-7.0,-9.0,-7.0,-10.0,-7.0,-9.0,-8.0,-10.0,-8.0,-10.0,-8.0,-10.0,-8.0,-10.0,-8.0,-10.0,-8.0,-10.0,-8.0,-10.0,-8.0,-10.0,-9.0,-10.0,-9.0,-10.0,-9.0,-10.0,-9.0,-10.0,-9.0,-10.0,-10.0,-10.0,-9.0,-10.0,-9.0,-10.0,-10.0,-10.0,-10.0,-10.0,-10.0,-10.0,-10.0,-10.0,-10.0,-10.0
4.5896,122.0,-96.0,7.0,0.0,0.0,0.0,0.0,0.0,0.0,0.0,0.0,0.0,-11.0,14.0,-12.0,14.0,-11.0,14.0,-12.0,14.0,-12.0,14.0,-12.0,15.0,-12.0,15.0,-12.0,15.0,-12.0,15.0,-12.0,16.0,-12.0,15.0,-12.0,15.0,-12.0,16.0,-12.0,16.0,-12.0,16.0,-12.0,16.0,-12.0,16.0,-12.0,16.0,-13.0,16.0,-12.0,16.0,-12.0,17.0,-13.0,16.0,-12.0,17.0,-12.0,17.0,-12.0,16.0,-12.0,17.0
4.6037,122.0,-96.0,7.0,0.0,0.0,0.0,0.0,0.0,0.0,0.0,0.0,0.0,-1.0,-19.0,-1.0,-19.0,-1.0,-19.0,-1.0,-19.0,-2.0,-19.0,-2.0,-20.0,-2.0,-20.0,-2.0,-20.0,-2.0,-20.0,-2.0,-20.0,-2.0,-20.0,-2.0,-20.0,-2.0,-20.0,-3.0,-21.0,-3.0,-20.0,-3.0,-20.0,-3.0,-21.0,-3.0,-21.0,-3.0,-21.0,-4.0,-21.0,-4.0,-21.0,-3.0,-21.0,-4.0,-21.0,-4.0,-21.0,-3.0,-21.0,-4.0,-21.0
4.6199,122.0,-96.0,7.0,0.0,0.0,0.0,0.0,0.0,0.0,0.0,0.0,0.0,-9.0,-6.0,-10.0,-6.0,-10.0,-6.0,-10.0,-6.0,-10.0,-5.0,-10.0,-6.0,-10.0,-6.0,-11.0,-5.0,-11.0,-6.0,-11.0,-6.0,-11.0,-6.0,-11.0,-6.0,-11.0,-6.0,-11.0,-6.0,-12.0,-6.0,-11.0,-6.0,-12.0,-6.0,-12.0,-5.0,-12.0,-6.0,-12.0,-5.0,-13.0,-6.0,-12.0,-5.0,-13.0,-5.0,-12.0,-5.0,-12.0,-5.0,-12.0,-5.0
4.6345,122.0,-96.0,7.0,0.0,0.0,0.0,0.0,0.0,0.0,0.0,0.0,0.0,-22.0,7.0,-20.0,7.0,-18.0,6.0,-14.0,4.0,-11.0,2.0,-8.0,-1.0,-5.0,-5.0,-1.0,-9.0,1.0,-12.0,3.0,-17.0,4.0,-20.0,5.0,-23.0,5.0,-25.0,4.0,-27.0,4.0,-28.0,3.0,-28.0,2.0,-26.0,1.0,-24.0,1.0,-20.0,1.0,-17.0,2.0,-12.0,3.0,-7.0,5.0,-2.0,7.0,2.0,10.0,7.0,13.0,10.0
4.649,122.0,-96.0,7.0,0.0,0.0,0.0,0.0,0.0,0.0,0.0,0.0,0.0,6.0,-13.0,10.0,-16.0,13.0,-20.0,15.0,-23.0,16.0,-26.0,17.0,-28.0,16.0,-30.0,15.0,-30.0,14.0,-29.0,12.0,-26.0,11.0,-22.0,9.0,-17.0,8.0,-12.0,7.0,-6.0,6.0,0.0,7.0,6.0,9.0,12.0,10.0,18.0,12.0,23.0,14.0,26.0,17.0,29.0,18.0,30.0,19.0,30.0,19.0,28.0,20.0,26.0,18.0,24.0
4.6635,122.0,-96.0,7.0,0.0,0.0,0.0,0.0,0.0,0.0,0.0,0.0,0.0,12.0,-2.0,7.0,1.0,3.0,5.0,-1.0,9.0,-4.0,14.0,-7.0,19.0,-9.0,22.0,-10.0,27.0,-10.0,30.0,-9.0,32.0,-8.0,33.0,-6.0,32.0,-6.0,30.0,-4.0,28.0,-3.0,24.0,-3.0,19.0,-4.0,14.0,-5.0,8.0,-8.0,1.0,-10.0,-4.0,-14.0,-10.0,-18.0,-14.0,-22.0,-17.0,-25.0,-19.0,-28.0,-20.0,-30.0,-20.0
4.6776,122.0,-96.0,7.0,0.0,0.0,0.0,0.0,0.0,0.0,0.0,0.0,0.0,-8.0,5.0,-8.0,6.0,-8.0,6.0,-9.0,6.0,-9.0,6.0,-9.0,6.0,-9.0,6.0,-9.0,6.0,-9.0,6.0,-9.0,7.0,-9.0,7.0,-9.0,7.0,-9.0,7.0,-9.0,7.0,-9.0,7.0,-9.0,7.0,-9.0,7.0,-9.0,8.0,-9.0,8.0,-9.0,7.0,-9.0,7.0,-9.0,8.0,-9.0,8.0,-9.0,8.0,-9.0,8.0,-9.0,8.0
4.6911,122.0,-96.0,7.0,0.0,0.0,0.0,0.0,0.0,0.0,0.0,0.0,0.0,-4.0,-15.0,0.0,-16.0,-6.0,-15.0,-3.0,-17.0,-7.0,-14.0,-6.0,-16.0,-7.0,-13.0,-7.0,-12.0,-6.0,-12.0,-1.0,-10.0,0.0,-12.0,0.0,-12.0,2.0,-12.0,2.0,-13.0,4.0,-11.0,0.0,-18.0,3.0,-15.0,2.0,-20.0,3.0,-20.0,0.0,-19.0,-3.0,-21.0,0.0,-19.0,-4.0,-15.0,0.0,-13.0,0.0,-14.0,-1.0,-12.0
4.7041,122.0,-96.0,7.0,0.0,0.0,0.0,0.0,0.0,0.0,0.0,0.0,0.0,14.0,-19.0,14.0,-19.0,15.0,-19.0,15.0,-20.0,15.0,-20.0,15.0,-20.0,15.0,-21.0,15.0,-21.0,15.0,-22.0,15.0,-21.0,15.0,-21.0,16.0,-21.0,16.0,-21.0,15.0,-22.0,15.0,-23.0,15.0,-22.0,15.0,-23.0,15.0,-22.0,15.0,-23.0,15.0,-23.0,15.0,-24.0,15.0,-23.0,15.0,-24.0,16.0,-23.0,16.0,-22.0,15.0,-24.0
4.718,122.0,-96.0,7.0,0.0,0.0,0.0,0.0,0.0,0.0,0.0,0.0,0.0,20.0,-12.0,18.0,-11.0,16.0,-10.0,12.0,-8.0,10.0,-5.0,7.0,-2.0,4.0,2.0,2.0,7.0,0.0,11.0,-1.0,15.0,-1.0,18.0,-2.0,21.0,-1.0,25.0,0.0,26.0,1.0,27.0,2.0,27.0,2.0,25.0,2.0,23.0,2.0,20.0,1.0,17.0,0.0,12.0,-2.0,8.0,-5.0,4.0,-8.0,-1.0,-11.0,-4.0,-15.0,-7.0
4.7319,122.0,-96.0,7.0,0.0,0.0,0.0,0.0,0.0,0.0,0.0,0.0,0.0,-19.0,9.0,-20.0,10.0,-20.0,11.0,-19.0,11.0,-19.0,11.0,-17.0,10.0,-15.0,9.0,-13.0,6.0,-10.0,4.0,-7.0,0.0,-4.0,-4.0,-3.0,-8.0,-1.0,-12.0,0.0,-16.0,1.0,-19.0,2.0,-22.0,2.0,-24.0,2.0,-25.0,1.0,-26.0,0.0,-25.0,0.0,-24.0,-1.0,-22.0,-1.0,-19.0,0.0,-15.0,0.0,-11.0,2.0,-7.0
4.7462,122.0,-96.0,7.0,0.0,0.0,0.0,0.0,0.0,0.0,0.0,0.0,0.0,-5.0,12.0,-5.0,6.0,-7.0,0.0,-9.0,-5.0,-12.0,-10.0,-15.0,-14.0,-18.0,-18.0,-21.0,-21.0,-24.0,-22.0,-25.0,-23.0,-27.0,-21.0,-27.0,-20.0,-26.0,-18.0,-25.0,-16.0,-21.0,-14.0,-17.0,-12.0,-11.0,-10.0,-6.0,-9.0,1.0,-8.0,7.0,-7.0,13.0,-8.0,19.0,-9.0,24.0,-12.0,27.0,-15.0,29.0,-17.0,30.0,-18.0
4.7611,122.0,-96.0,7.0,0.0,0.0,0.0,0.0,0.0,0.0,0.0,0.0,0.0,7.0,24.0,6.0,22.0,5.0,19.0,4.0,15.0,1.0,11.0,-2.0,7.0,-6.0,3.0,-10.0,0.0,-14.0,-3.0,-18.0,-5.0,-22.0,-7.0,-25.0,-8.0,-28.0,-8.0,-30.0,-7.0,-31.0,-7.0,-30.0,-5.0,-29.0,-4.0,-26.0,-4.0,-23.0,-3.0,-18.0,-3.0,-13.0,-4.0,-8.0,-5.0,-2.0,-7.0,3.0,-9.0,8.0,-11.0,12.0,-15.0
4.7764,122.0,-96.0,7.0,0.0,0.0,0.0,0.0,0.0,0.0,0.0,0.0,0.0,-10.0,10.0,-9.0,10.0,-9.0,10.0,-10.0,10.0,-10.0,10.0,-10.0,11.0,-10.0,11.0,-10.0,11.0,-10.0,11.0,-10.0,12.0,-10.0,12.0,-10.0,12.0,-10.0,12.0,-10.0,12.0,-10.0,13.0,-10.0,12.0,-10.0,12.0,-10.0,13.0,-10.0,13.0,-10.0,13.0,-10.0,13.0,-10.0,13.0,-9.0,14.0,-9.0,14.0,-10.0,14.0,-9.0,14.0
4.7916,122.0,-96.0,7.0,0.0,0.0,0.0,0.0,0.0,0.0,0.0,0.0,0.0,10.0,-9.0,10.0,-10.0,10.0,-10.0,10.0,-11.0,10.0,-10.0,10.0,-11.0,10.0,-11.0,10.0,-11.0,10.0,-11.0,10.0,-11.0,10.0,-11.0,11.0,-12.0,11.0,-11.0,10.0,-12.0,11.0,-12.0,10.0,-12.0,11.0,-13.0,10.0,-13.0,10.0,-13.0,10.0,-13.0,10.0,-13.0,10.0,-13.0,10.0,-14.0,10.0,-13.0,10.0,-14.0,10.0,-14.0
4.8053,122.0,-96.0,7.0,0.0,0.0,0.0,0.0,0.0,0.0,0.0,0.0,0.0,22.0,2.0,25.0,1.0,25.0,1.0,25.0,0.0,23.0,0.0,22.0,0.0,19.0,-1.0,15.0,0.0,11.0,1.0,7.0,3.0,3.0,4.0,-2.0,7.0,-6.0,10.0,-9.0,12.0,-13.0,16.0,-14.0,17.0,-16.0,20.0,-16.0,21.0,-17.0,23.0,-16.0,23.0,-15.0,23.0,-13.0,20.0,-11.0,18.0,-9.0,15.0,-8.0,10.0,-7.0,6.0
4.8206,122.0,-96.0,7.0,0.0,0.0,0.0,0.0,0.0,0.0,0.0,0.0,0.0,-21.0,10.0,-19.0,9.0,-17.0,8.0,-13.0,6.0,-11.0,3.0,-7.0,-1.0,-5.0,-4.0,-2.0,-8.0,-1.0,-12.0,1.0,-17.0,2.0,-20.0,2.0,-23.0,2.0,-26.0,1.0,-27.0,0.0,-28.0,-1.0,-28.0,-1.0,-26.0,-1.0,-24.0,-2.0,-20.0,-1.0,-16.0,1.0,-12.0,2.0,-8.0,5.0,-3.0,8.0,2.0,10.0,6.0,14.0,8.0
4.836,122.0,-96.0,7.0,0.0,0.0,0.0,0.0,0.0,0.0,0.0,0.0,0.0,-10.0,-3.0,-11.0,-3.0,-11.0,-2.0,-10.0,-2.0,-11.0,-2.0,-11.0,-3.0,-11.0,-3.0,-11.0,-2.0,-11.0,-2.0,-11.0,-3.0,-12.0,-3.0,-12.0,-3.0,-12.0,-2.0,-12.0,-2.0,-12.0,-3.0,-12.0,-3.0,-12.0,-2.0,-12.0,-2.0,-12.0,-2.0,-12.0,-2.0,-12.0,-3.0,-12.0,-2.0,-12.0,-2.0,-12.0,-2.0,-12.0,-2.0,-13.0,-2.0
4.8492,122.0,-96.0,7.0,0.0,0.0,0.0,0.0,0.0,0.0,0.0,0.0,0.0,-24.0,10.0,-25.0,11.0,-26.0,12.0,-25.0,12.0,-24.0,12.0,-22.0,11.0,-19.0,10.0,-16.0,7.0,-13.0,5.0,-10.0,1.0,-6.0,-4.0,-3.0,-9.0,-1.0,-14.0,1.0,-18.0,3.0,-22.0,3.0,-26.0,4.0,-29.0,4.0,-31.0,3.0,-32.0,2.0,-32.0,2.0,-30.0,0.0,-28.0,0.0,-25.0,0.0,-20.0,1.0,-15.0,2.0,-10.0
4.8637,122.0,-96.0,7.0,0.0,0.0,0.0,0.0,0.0,0.0,0.0,0.0,0.0,-24.0,-2.0,-25.0,-1.0,-26.0,0.0,-26.0,0.0,-24.0,1.0,-23.0,1.0,-20.0,0.0,-16.0,0.0,-12.0,-1.0,-8.0,-4.0,-3.0,-6.0,1.0,-9.0,5.0,-12.0,8.0,-14.0,11.0,-18.0,13.0,-20.0,14.0,-22.0,15.0,-24.0,14.0,-25.0,13.0,-25.0,12.0,-24.0,11.0,-22.0,8.0,-19.0,7.0,-15.0,6.0,-10.0,5.0,-6.0
4.8763,122.0,-96.0,7.0,0.0,0.0,0.0,0.0,0.0,0.0,0.0,0.0,0.0,9.0,2.0,9.0,2.0,9.0,2.0,8.0,2.0,10.0,2.0,10.0,2.0,9.0,2.0,9.0,2.0,10.0,2.0,10.0,2.0,11.0,2.0,11.0,2.0,11.0,2.0,11.0,1.0,11.0,2.0,11.0,2.0,11.0,1.0,11.0,2.0,11.0,2.0,11.0,1.0,11.0,2.0,11.0,2.0,11.0,1.0,11.0,1.0,11.0,1.0,12.0,1.0
4.8891,122.0,-96.0,7.0,0.0,0.0,0.0,0.0,0.0,0.0,0.0,0.0,0.0,-4.0,10.0,-4.0,6.0,-6.0,1.0,-8.0,-4.0,-11.0,-8.0,-15.0,-12.0,-17.0,-14.0,-20.0,-16.0,-23.0,-17.0,-24.0,-18.0,-26.0,-17.0,-25.0,-16.0,-24.0,-14.0,-23.0,-12.0,-20.0,-10.0,-15.0,-9.0,-11.0,-8.0,-6.0,-7.0,1.0,-7.0,6.0,-7.0,11.0,-9.0,16.0,-11.0,20.0,-12.0,22.0,-15.0,24.0,-17.0,25.0,-18.0
4.9029,122.0,-96.0,7.0,0.0,0.0,0.0,0.0,0.0,0.0,0.0,0.0,0.0,5.0,-13.0,5.0,-13.0,5.0,-14.0,5.0,-14.0,5.0,-14.0,6.0,-14.0,5.0,-14.0,5.0,-14.0,5.0,-14.0,6.0,-15.0,5.0,-15.0,6.0,-15.0,6.0,-15.0,6.0,-15.0,6.0,-15.0,5.0,-15.0,5.0,-15.0,5.0,-16.0,5.0,-15.0,5.0,-16.0,5.0,-16.0,5.0,-16.0,5.0,-16.0,5.0,-16.0,5.0,-16.0,5.0,-17.0
4.9164,122.0,-96.0,7.0,0.0,0.0,0.0,0.0,0.0,0.0,0.0,0.0,0.0,13.0,-26.0,12.0,-24.0,11.0,-21.0,9.0,-17.0,7.0,-12.0,7.0,-6.0,7.0,0.0,7.0,5.0,8.0,11.0,9.0,16.0,11.0,21.0,13.0,24.0,15.0,27.0,17.0,29.0,18.0,29.0,19.0,28.0,19.0,26.0,17.0,24.0,15.0,20.0,12.0,17.0,8.0,13.0,3.0,10.0,-3.0,7.0,-9.0,4.0,-14.0,2.0,-20.0,1.0
4.93,122.0,-96.0,7.0,0.0,0.0,0.0,0.0,0.0,0.0,0.0,0.0,0.0,4.0,-10.0,4.0,-11.0,4.0,-11.0,4.0,-11.0,4.0,-11.0,4.0,-12.0,4.0,-11.0,4.0,-12.0,4.0,-12.0,4.0,-12.0,4.0,-12.0,4.0,-12.0,4.0,-12.0,4.0,-13.0,4.0,-13.0,4.0,-13.0,4.0,-13.0,4.0,-13.0,4.0,-13.0,4.0,-13.0,3.0,-13.0,4.0,-13.0,3.0,-13.0,3.0,-13.0,3.0,-14.0,3.0,-14.0
4.9433,122.0,-96.0,7.0,0.0,0.0,0.0,0.0,0.0,0.0,0.0,0.0,0.0,-10.0,23.0,-9.0,21.0,-8.0,18.0,-6.0,14.0,-6.0,10.0,-6.0,5.0,-7.0,0.0,-8.0,-6.0,-10.0,-11.0,-11.0,-15.0,-13.0,-18.0,-15.0,-21.0,-17.0,-23.0,-20.0,-24.0,-21.0,-24.0,-21.0,-23.0,-20.0,-21.0,-19.0,-19.0,-16.0,-16.0,-13.0,-13.0,-8.0,-11.0,-4.0,-8.0,2.0,-7.0,7.0,-5.0,13.0,-4.0,18.0,-5.0
4.9575,122.0,-96.0,7.0,0.0,0.0,0.0,0.0,0.0,0.0,0.0,0.0,0.0,11.0,2.0,6.0,4.0,1.0,6.0,-4.0,9.0,-9.0,12.0,-13.0,16.0,-15.0,20.0,-18.0,23.0,-19.0,26.0,-19.0,27.0,-18.0,28.0,-17.0,28.0,-15.0,27.0,-13.0,25.0,-11.0,21.0,-9.0,16.0,-8.0,10.0,-8.0,4.0,-9.0,-3.0,-9.0,-9.0,-11.0,-15.0,-13.0,-20.0,-15.0,-24.0,-18.0,-27.0,-21.0,-29.0,-21.0,-29.0
4.9719,122.0,-96.0,7.0,0.0,0.0,0.0,0.0,0.0,0.0,0.0,0.0,0.0,-23.0,-19.0,-21.0,-16.0,-18.0,-14.0,-14.0,-12.0,-9.0,-10.0,-4.0,-9.0,2.0,-7.0,8.0,-7.0,14.0,-7.0,20.0,-7.0,24.0,-8.0,27.0,-9.0,30.0,-11.0,31.0,-13.0,31.0,-14.0,30.0,-15.0,28.0,-15.0,24.0,-13.0,20.0,-11.0,16.0,-8.0,12.0,-4.0,8.0,1.0,4.0,6.0,0.0,12.0,-3.0,17.0,-4.0,23.0
4.99,122.0,-96.0,7.0,0.0,0.0,0.0,0.0,0.0,0.0,0.0,0.0,0.0,8.0,-10.0,11.0,-12.0,15.0,-15.0,17.0,-17.0,19.0,-20.0,19.0,-21.0,19.0,-23.0,18.0,-23.0,17.0,-22.0,15.0,-20.0,13.0,-17.0,11.0,-13.0,9.0,-9.0,7.0,-4.0,5.0,1.0,5.0,7.0,5.0,12.0,5.0,18.0,6.0,22.0,7.0,26.0,8.0,28.0,10.0,29.0,11.0,30.0,11.0,28.0,12.0,26.0,11.0,23.0
4.9992,122.0,-96.0,7.0,0.0,0.0,0.0,0.0,0.0,0.0,0.0,0.0,0.0,12.0,3.0,13.0,3.0,13.0,3.0,13.0,3.0,14.0,3.0,14.0,3.0,14.0,3.0,14.0,3.0,14.0,3.0,14.0,3.0,14.0,3.0,15.0,3.0,15.0,3.0,15.0,3.0,16.0,3.0,15.0,3.0,16.0,2.0,15.0,3.0,16.0,3.0,16.0,2.0,16.0,3.0,16.0,2.0,16.0,2.0,16.0,1.0,16.0,2.0,17.0,1.0
5.0137,122.0,-96.0,7.0,0.0,0.0,0.0,0.0,0.0,0.0,0.0,0.0,0.0,-20.0,11.0,-18.0,10.0,-16.0,9.0,-13.0,6.0,-10.0,4.0,-8.0,0.0,-5.0,-4.0,-3.0,-8.0,-1.0,-13.0,0.0,-17.0,1.0,-20.0,1.0,-23.0,1.0,-26.0,-1.0,-28.0,-1.0,-28.0,-2.0,-28.0,-2.0,-26.0,-3.0,-24.0,-3.0,-20.0,-2.0,-16.0,0.0,-12.0,2.0,-7.0,5.0,-3.0,7.0,1.0,11.0,5.0,15.0,8.0
