time,sc_0,sc_1,sc_2,sc_3,sc_4,sc_5,sc_6,sc_7,sc_8,sc_9,sc_10,sc_11,sc_12,sc_13,sc_14,sc_15,sc_16,sc_17,sc_18,sc_19,sc_20,sc_21,sc_22,sc_23,sc_24,sc_25,sc_26,sc_27,sc_28,sc_29,sc_30,sc_31,sc_32,sc_33,sc_34,sc_35,sc_36,sc_37,sc_38,sc_39,sc_40,sc_41,sc_42,sc_43,sc_44,sc_45,sc_46,sc_47,sc_48,sc_49,sc_50,sc_51,sc_52,sc_53,sc_54,sc_55,sc_56,sc_57,sc_58,sc_59,sc_60,sc_61,sc_62,sc_63
0.0112,122.0,-96.0,7.0,0.0,0.0,0.0,0.0,0.0,0.0,0.0,0.0,0.0,13.0,-22.0,12.0,-20.0,10.0,-17.0,9.0,-13.0,7.0,-9.0,6.0,-4.0,6.0,1.0,6.0,7.0,6.0,12.0,8.0,16.0,9.0,20.0,10.0,23.0,12.0,25.0,14.0,26.0,15.0,26.0,16.0,25.0,15.0,23.0,14.0,20.0,11.0,17.0,8.0,14.0,4.0,10.0,-1.0,7.0,-6.0,4.0,-11.0,2.0,-16.0,0.0,-21.0,0.0
0.0191,122.0,-96.0,7.0,0.0,0.0,0.0,0.0,0.0,0.0,0.0,0.0,0.0,-12.0,-5.0,-7.0,-5.0,-1.0,-7.0,4.0,-9.0,9.0,-12.0,14.0,-16.0,17.0,-18.0,19.0,-22.0,21.0,-25.0,21.0,-26.0,20.0,-27.0,18.0,-27.0,16.0,-26.0,14.0,-25.0,12.0,-21.0,10.0,-16.0,8.0,-11.0,7.0,-4.0,7.0,3.0,6.0,8.0,8.0,15.0,9.0,21.0,12.0,25.0,15.0,27.0,17.0,29.0,18.0,30.0
0.0257,122.0,-96.0,7.0,0.0,0.0,0.0,0.0,0.0,0.0,0.0,0.0,0.0,-4.0,12.0,-6.0,16.0,-8.0,19.0,-9.0,23.0,-10.0,25.0,-9.0,27.0,-8.0,28.0,-7.0,28.0,-7.0,26.0,-6.0,23.0,-5.0,20.0,-5.0,15.0,-5.0,10.0,-6.0,5.0,-7.0,0.0,-9.0,-6.0,-11.0,-11.0,-14.0,-15.0,-17.0,-19.0,-19.0,-21.0,-22.0,-23.0,-23.0,-23.0,-24.0,-22.0,-23.0,-21.0,-23.0,-18.0,-21.0,-16.0
0.032,122.0,-96.0,7.0,0.0,0.0,0.0,0.0,0.0,0.0,0.0,0.0,0.0,22.0,3.0,20.0,3.0,17.0,2.0,14.0,2.0,10.0,2.0,5.0,4.0,0.0,5.0,-4.0,7.0,-8.0,9.0,-11.0,12.0,-14.0,14.0,-16.0,16.0,-18.0,18.0,-18.0,20.0,-18.0,21.0,-17.0,21.0,-16.0,20.0,-14.0,18.0,-12.0,16.0,-10.0,13.0,-9.0,8.0,-7.0,3.0,-6.0,-2.0,-6.0,-7.0,-5.0,-12.0,-6.0,-17.0
0.0577,122.0,-96.0,7.0,0.0,0.0,0.0,0.0,0.0,0.0,0.0,0.0,0.0,10.0,-4.0,10.0,-4.0,10.0,-4.0,10.0,-4.0,11.0,-4.0,11.0,-4.0,11.0,-5.0,11.0,-5.0,11.0,-5.0,11.0,-5.0,12.0,-5.0,12.0,-5.0,11.0,-5.0,11.0,-5.0,11.0,-6.0,11.0,-6.0,12.0,-6.0,12.0,-6.0,12.0,-6.0,12.0,-6.0,12.0,-7.0,11.0,-6.0,12.0,-7.0,12.0,-7.0,12.0,-7.0,12.0,-7.0
0.0724,122.0,-96.0,7.0,0.0,0.0,0.0,0.0,0.0,0.0,0.0,0.0,0.0,7.0,-11.0,10.0,-13.0,14.0,-16.0,16.0,-19.0,17.0,-21.0,18.0,-23.0,18.0,-24.0,17.0,-24.0,15.0,-23.0,13.0,-21.0,11.0,-17.0,10.0,-13.0,8.0,-9.0,7.0,-3.0,5.0,2.0,6.0,8.0,6.0,13.0,7.0,18.0,8.0,22.0,10.0,26.0,11.0,28.0,12.0,28.0,14.0,28.0,14.0,27.0,14.0,24.0,13.0,21.0
0.0856,122.0,-96.0,7.0,0.0,0.0,0.0,0.0,0.0,0.0,0.0,0.0,0.0,21.0,7.0,23.0,6.0,24.0,6.0,24.0,5.0,23.0,4.0,21.0,4.0,18.0,3.0,14.0,4.0,10.0,3.0,5.0,4.0,1.0,5.0,-4.0,7.0,-9.0,10.0,-12.0,11.0,-15.0,14.0,-17.0,16.0,-19.0,18.0,-20.0,19.0,-19.0,21.0,-18.0,21.0,-17.0,20.0,-15.0,18.0,-13.0,16.0,-10.0,12.0,-8.0,8.0,-7.0,3.0
0.0993,122.0,-96.0,7.0,0.0,0.0,0.0,0.0,0.0,0.0,0.0,0.0,0.0,11.0,-1.0,14.0,0.0,18.0,1.0,21.0,1.0,23.0,0.0,25.0,0.0,26.0,-1.0,26.0,-2.0,25.0,-3.0,22.0,-3.0,19.0,-2.0,16.0,-1.0,12.0,0.0,8.0,2.0,3.0,4.0,-1.0,7.0,-4.0,11.0,-8.0,14.0,-10.0,18.0,-12.0,20.0,-12.0,23.0,-13.0,25.0,-12.0,26.0,-11.0,26.0,-9.0,25.0,-8.0,23.0
0.1162,122.0,-96.0,7.0,0.0,0.0,0.0,0.0,0.0,0.0,0.0,0.0,0.0,-7.0,9.0,-6.0,9.0,-7.0,9.0,-7.0,10.0,-7.0,10.0,-7.0,10.0,-7.0,10.0,-7.0,10.0,-7.0,10.0,-7.0,10.0,-7.0,10.0,-7.0,11.0,-7.0,10.0,-7.0,11.0,-7.0,11.0,-7.0,11.0,-7.0,11.0,-7.0,12.0,-7.0,11.0,-7.0,11.0,-7.0,11.0,-7.0,11.0,-7.0,12.0,-7.0,12.0,-7.0,12.0,-7.0,12.0
0.128,122.0,-96.0,7.0,0.0,0.0,0.0,0.0,0.0,0.0,0.0,0.0,0.0,-16.0,16.0,-16.0,19.0,-16.0,19.0,-16.0,19.0,-14.0,19.0,-14.0,17.0,-12.0,15.0,-10.0,12.0,-9.0,8.0,-8.0,4.0,-6.0,-1.0,-6.0,-6.0,-6.0,-11.0,-6.0,-15.0,-8.0,-19.0,-9.0,-22.0,-10.0,-24.0,-11.0,-26.0,-12.0,-26.0,-12.0,-26.0,-12.0,-25.0,-12.0,-22.0,-11.0,-20.0,-9.0,-15.0,-6.0,-12.0,-3.0,-9.0
0.1415,122.0,-96.0,7.0,0.0,0.0,0.0,0.0,0.0,0.0,0.0,0.0,0.0,-5.0,12.0,-6.0,7.0,-7.0,1.0,-10.0,-4.0,-12.0,-9.0,-16.0,-13.0,-19.0,-17.0,-22.0,-19.0,-25.0,-21.0,-26.0,-21.0,-28.0,-20.0,-28.0,-19.0,-27.0,-18.0,-26.0,-15.0,-22.0,-13.0,-18.0,-11.0,-13.0,-10.0,-7.0,-9.0,-1.0,-9.0,5.0,-8.0,11.0,-10.0,17.0,-11.0,22.0,-13.0,25.0,-16.0,27.0,-18.0,29.0,-20.0
0.1555,122.0,-96.0,7.0,0.0,0.0,0.0,0.0,0.0,0.0,0.0,0.0,0.0,6.0,-10.0,6.0,-10.0,5.0,-10.0,6.0,-12.0,4.0,-10.0,6.0,-12.0,6.0,-13.0,5.0,-11.0,5.0,-11.0,5.0,-11.0,5.0,-12.0,6.0,-12.0,6.0,-12.0,6.0,-12.0,5.0,-12.0,5.0,-13.0,5.0,-12.0,5.0,-13.0,5.0,-13.0,5.0,-13.0,5.0,-13.0,5.0,-13.0,4.0,-13.0,4.0,-13.0,5.0,-13.0,4.0,-13.0
0.1705,122.0,-96.0,7.0,0.0,0.0,0.0,0.0,0.0,0.0,0.0,0.0,0.0,-15.0,17.0,-14.0,16.0,-12.0,14.0,-10.0,10.0,-9.0,7.0,-7.0,3.0,-7.0,-2.0,-6.0,-6.0,-6.0,-11.0,-7.0,-15.0,-7.0,-18.0,-8.0,-21.0,-10.0,-24.0,-12.0,-25.0,-12.0,-26.0,-13.0,-25.0,-13.0,-23.0,-12.0,-21.0,-11.0,-18.0,-9.0,-15.0,-6.0,-12.0,-2.0,-9.0,2.0,-6.0,6.0,-3.0,11.0,-1.0,16.0,-1.0
0.1842,122.0,-96.0,7.0,0.0,0.0,0.0,0.0,0.0,0.0,0.0,0.0,0.0,-16.0,17.0,-17.0,19.0,-16.0,19.0,-15.0,19.0,-14.0,18.0,-13.0,17.0,-11.0,14.0,-10.0,11.0,-8.0,7.0,-8.0,2.0,-6.0,-3.0,-6.0,-8.0,-7.0,-12.0,-7.0,-17.0,-8.0,-20.0,-9.0,-23.0,-10.0,-25.0,-11.0,-26.0,-12.0,-26.0,-12.0,-25.0,-12.0,-24.0,-11.0,-21.0,-9.0,-18.0,-7.0,-14.0,-4.0,-10.0,0.0,-7.0
0.1975,122.0,-96.0,7.0,0.0,0.0,0.0,0.0,0.0,0.0,0.0,0.0,0.0,5.0,12.0,5.0,13.0,5.0,13.0,6.0,13.0,5.0,13.0,5.0,14.0,5.0,14.0,6.0,13.0,5.0,14.0,6.0,14.0,6.0,14.0,6.0,14.0,6.0,14.0,7.0,14.0,7.0,14.0,7.0,14.0,6.0,15.0,7.0,14.0,7.0,14.0,7.0,14.0,7.0,15.0,8.0,15.0,8.0,14.0,8.0,15.0,8.0,14.0,9.0,14.0
0.2108,122.0,-96.0,7.0,0.0,0.0,0.0,0.0,0.0,0.0,0.0,0.0,0.0,-7.0,22.0,-6.0,19.0,-5.0,17.0,-5.0,13.0,-5.0,9.0,-6.0,5.0,-7.0,0.0,-8.0,-5.0,-10.0,-8.0,-12.0,-12.0,-14.0,-15.0,-16.0,-17.0,-18.0,-18.0,-21.0,-19.0,-21.0,-19.0,-21.0,-18.0,-21.0,-16.0,-19.0,-14.0,-16.0,-12.0,-13.0,-10.0,-9.0,-9.0,-4.0,-7.0,1.0,-7.0,6.0,-6.0,11.0,-6.0,16.0,-7.0
0.2254,122.0,-96.0,7.0,0.0,0.0,0.0,0.0,0.0,0.0,0.0,0.0,0.0,10.0,3.0,5.0,4.0,1.0,6.0,-3.0,8.0,-8.0,11.0,-11.0,14.0,-14.0,17.0,-16.0,20.0,-16.0,23.0,-16.0,24.0,-16.0,25.0,-14.0,25.0,-13.0,24.0,-11.0,22.0,-9.0,18.0,-8.0,14.0,-7.0,9.0,-7.0,4.0,-8.0,-2.0,-9.0,-7.0,-11.0,-12.0,-12.0,-17.0,-15.0,-21.0,-18.0,-23.0,-20.0,-24.0,-21.0,-24.0
0.2409,122.0,-96.0,7.0,0.0,0.0,0.0,0.0,0.0,0.0,0.0,0.0,0.0,2.0,-13.0,4.0,-17.0,5.0,-21.0,6.0,-23.0,6.0,-27.0,5.0,-29.0,5.0,-30.0,4.0,-29.0,2.0,-28.0,2.0,-25.0,3.0,-21.0,3.0,-17.0,3.0,-13.0,4.0,-8.0,6.0,-2.0,8.0,2.0,11.0,7.0,14.0,11.0,18.0,14.0,21.0,16.0,23.0,18.0,25.0,18.0,26.0,18.0,25.0,17.0,25.0,15.0,22.0,13.0
0.2552,122.0,-96.0,7.0,0.0,0.0,0.0,0.0,0.0,0.0,0.0,0.0,0.0,-24.0,0.0,-25.0,1.0,-26.0,2.0,-25.0,2.0,-24.0,3.0,-22.0,3.0,-19.0,2.0,-16.0,1.0,-12.0,-1.0,-8.0,-3.0,-3.0,-6.0,1.0,-9.0,4.0,-13.0,7.0,-16.0,8.0,-19.0,10.0,-21.0,11.0,-24.0,11.0,-25.0,11.0,-26.0,9.0,-26.0,9.0,-25.0,7.0,-23.0,6.0,-20.0,5.0,-15.0,5.0,-11.0,5.0,-6.0
0.27,122.0,-96.0,7.0,0.0,0.0,0.0,0.0,0.0,0.0,0.0,0.0,0.0,3.0,-12.0,6.0,-16.0,8.0,-19.0,9.0,-23.0,10.0,-25.0,10.0,-27.0,9.0,-29.0,8.0,-29.0,7.0,-27.0,6.0,-25.0,6.0,-22.0,5.0,-17.0,5.0,-13.0,5.0,-8.0,6.0,-2.0,7.0,2.0,10.0,8.0,12.0,12.0,15.0,16.0,17.0,19.0,20.0,21.0,21.0,22.0,23.0,21.0,23.0,20.0,23.0,19.0,21.0,16.0
0.2833,122.0,-96.0,7.0,0.0,0.0,0.0,0.0,0.0,0.0,0.0,0.0,0.0,-11.0,-7.0,-14.0,-10.0,-17.0,-13.0,-19.0,-16.0,-22.0,-17.0,-24.0,-17.0,-25.0,-17.0,-26.0,-15.0,-25.0,-14.0,-22.0,-13.0,-19.0,-12.0,-16.0,-10.0,-12.0,-9.0,-6.0,-8.0,-1.0,-7.0,4.0,-8.0,10.0,-9.0,14.0,-10.0,19.0,-12.0,22.0,-14.0,24.0,-16.0,25.0,-17.0,25.0,-19.0,24.0,-19.0,22.0,-20.0,20.0,-18.0
0.2955,122.0,-96.0,7.0,0.0,0.0,0.0,0.0,0.0,0.0,0.0,0.0,0.0,-5.0,12.0,-5.0,6.0,-7.0,1.0,-9.0,-4.0,-12.0,-9.0,-16.0,-14.0,-19.0,-17.0,-22.0,-19.0,-25.0,-21.0,-27.0,-20.0,-28.0,-20.0,-28.0,-18.0,-27.0,-16.0,-26.0,-14.0,-22.0,-12.0,-17.0,-11.0,-12.0,-9.0,-6.0,-8.0,0.0,-9.0,6.0,-9.0,13.0,-10.0,18.0,-12.0,22.0,-14.0,25.0,-17.0,27.0,-19.0,28.0,-21.0
0.3081,122.0,-96.0,7.0,0.0,0.0,0.0,0.0,0.0,0.0,0.0,0.0,0.0,8.0,-10.0,6.0,-4.0,6.0,1.0,6.0,7.0,7.0,12.0,9.0,18.0,11.0,22.0,12.0,25.0,15.0,27.0,16.0,28.0,17.0,28.0,18.0,26.0,17.0,24.0,17.0,22.0,14.0,18.0,10.0,14.0,6.0,11.0,1.0,9.0,-6.0,6.0,-12.0,4.0,-18.0,3.0,-23.0,3.0,-28.0,3.0,-32.0,5.0,-34.0,7.0,-35.0,8.0
0.324,122.0,-96.0,7.0,0.0,0.0,0.0,0.0,0.0,0.0,0.0,0.0,0.0,-9.0,-9.0,-10.0,-9.0,-10.0,-9.0,-10.0,-10.0,-10.0,-9.0,-10.0,-9.0,-11.0,-9.0,-11.0,-9.0,-11.0,-9.0,-11.0,-10.0,-11.0,-10.0,-11.0,-10.0,-11.0,-10.0,-12.0,-10.0,-12.0,-10.0,-12.0,-10.0,-12.0,-9.0,-12.0,-9.0,-12.0,-9.0,-12.0,-9.0,-12.0,-9.0,-12.0,-9.0,-13.0,-9.0,-13.0,-9.0,-13.0,-9.0,-13.0,-9.0
0.3373,122.0,-96.0,7.0,0.0,0.0,0.0,0.0,0.0,0.0,0.0,0.0,0.0,-19.0,-18.0,-18.0,-16.0,-15.0,-14.0,-12.0,-12.0,-8.0,-10.0,-3.0,-8.0,1.0,-7.0,7.0,-6.0,12.0,-6.0,17.0,-6.0,20.0,-7.0,23.0,-8.0,26.0,-9.0,28.0,-11.0,28.0,-12.0,27.0,-13.0,25.0,-13.0,22.0,-11.0,19.0,-10.0,16.0,-8.0,12.0,-5.0,8.0,0.0,5.0,4.0,1.0,9.0,-1.0,13.0,-3.0,19.0
0.3511,122.0,-96.0,7.0,0.0,0.0,0.0,0.0,0.0,0.0,0.0,0.0,0.0,-14.0,4.0,-19.0,4.0,-23.0,5.0,-27.0,5.0,-29.0,7.0,-32.0,8.0,-32.0,9.0,-31.0,10.0,-29.0,10.0,-26.0,10.0,-23.0,8.0,-19.0,5.0,-14.0,3.0,-10.0,-1.0,-6.0,-6.0,-2.0,-11.0,1.0,-17.0,3.0,-21.0,4.0,-27.0,5.0,-30.0,5.0,-34.0,5.0,-35.0,3.0,-36.0,2.0,-35.0,1.0,-34.0,0.0,-30.0
0.3535,98.0,33.0,22.0,0.0,0.0,0.0,0.0,0.0,0.0,0.0,0.0,0.0,16.0,-19.0,16.0,-25.0,16.0,-18.0,16.0,-23.0,15.0,-14.0,11.0,-16.0,10.0,-12.0,4.0,-12.0,-1.0,-8.0,-4.0,-7.0,-9.0,-2.0,-11.0,1.0,-14.0,5.0,-16.0,9.0,-17.0,13.0,-17.0,16.0,-17.0,20.0,-16.0,21.0,-15.0,23.0,-13.0,23.0,-10.0,22.0,-9.0,19.0,-7.0,15.0,-4.0,10.0,-2.0,4.0,-1.0,-2.0
0.3677,122.0,-96.0,7.0,0.0,0.0,0.0,0.0,0.0,0.0,0.0,0.0,0.0,9.0,-21.0,8.0,-24.0,8.0,-24.0,8.0,-24.0,7.0,-23.0,6.0,-21.0,5.0,-19.0,5.0,-15.0,4.0,-11.0,5.0,-6.0,5.0,-1.0,7.0,4.0,8.0,8.0,10.0,12.0,12.0,16.0,14.0,18.0,16.0,20.0,16.0,21.0,18.0,21.0,18.0,20.0,17.0,19.0,16.0,16.0,14.0,14.0,10.0,11.0,7.0,9.0,2.0,7.0
0.3869,122.0,-96.0,7.0,0.0,0.0,0.0,0.0,0.0,0.0,0.0,0.0,0.0,-12.0,0.0,-8.0,-3.0,-4.0,-5.0,0.0,-9.0,3.0,-13.0,6.0,-17.0,7.0,-20.0,8.0,-23.0,9.0,-27.0,9.0,-28.0,8.0,-29.0,6.0,-29.0,5.0,-28.0,4.0,-26.0,3.0,-23.0,3.0,-18.0,3.0,-14.0,4.0,-9.0,6.0,-3.0,8.0,2.0,10.0,6.0,13.0,10.0,17.0,13.0,20.0,15.0,22.0,17.0,24.0,17.0
0.3961,122.0,-96.0,7.0,0.0,0.0,0.0,0.0,0.0,0.0,0.0,0.0,0.0,-22.0,-19.0,-20.0,-18.0,-18.0,-15.0,-14.0,-13.0,-10.0,-11.0,-5.0,-9.0,0.0,-8.0,6.0,-7.0,12.0,-7.0,18.0,-7.0,22.0,-8.0,26.0,-9.0,29.0,-10.0,31.0,-12.0,32.0,-13.0,31.0,-14.0,29.0,-14.0,26.0,-13.0,22.0,-12.0,19.0,-9.0,15.0,-6.0,10.0,-2.0,6.0,3.0,2.0,8.0,-1.0,13.0,-3.0,19.0
0.4115,122.0,-96.0,7.0,0.0,0.0,0.0,0.0,0.0,0.0,0.0,0.0,0.0,-2.0,-14.0,-2.0,-14.0,-2.0,-14.0,-2.0,-14.0,-2.0,-15.0,-3.0,-15.0,-3.0,-16.0,-3.0,-16.0,-3.0,-16.0,-3.0,-16.0,-3.0,-16.0,-3.0,-16.0,-3.0,-16.0,-3.0,-16.0,-3.0,-16.0,-3.0,-17.0,-4.0,-16.0,-4.0,-17.0,-4.0,-17.0,-4.0,-17.0,-4.0,-17.0,-4.0,-17.0,-5.0,-17.0,-5.0,-17.0,-5.0,-17.0,-5.0,-17.0
0.4277,122.0,-96.0,7.0,0.0,0.0,0.0,0.0,0.0,0.0,0.0,0.0,0.0,-6.0,-25.0,-6.0,-23.0,-5.0,-20.0,-4.0,-17.0,-2.0,-13.0,1.0,-9.0,4.0,-5.0,8.0,-1.0,12.0,2.0,16.0,5.0,19.0,6.0,23.0,8.0,26.0,8.0,28.0,8.0,29.0,7.0,28.0,6.0,28.0,5.0,25.0,4.0,22.0,3.0,18.0,3.0,13.0,3.0,8.0,4.0,2.0,6.0,-3.0,7.0,-8.0,9.0,-13.0,13.0
0.4412,122.0,-96.0,7.0,0.0,0.0,0.0,0.0,0.0,0.0,0.0,0.0,0.0,-13.0,-5.0,-8.0,-6.0,-2.0,-7.0,3.0,-9.0,8.0,-12.0,13.0,-15.0,15.0,-18.0,18.0,-21.0,20.0,-24.0,21.0,-26.0,20.0,-27.0,19.0,-27.0,17.0,-27.0,15.0,-26.0,13.0,-22.0,11.0,-18.0,9.0,-13.0,8.0,-7.0,7.0,-1.0,7.0,5.0,8.0,11.0,10.0,17.0,12.0,22.0,14.0,25.0,16.0,27.0,18.0,29.0
0.4566,122.0,-96.0,7.0,0.0,0.0,0.0,0.0,0.0,0.0,0.0,0.0,0.0,-9.0,-8.0,-5.0,-7.0,1.0,-7.0,5.0,-7.0,11.0,-8.0,15.0,-10.0,18.0,-11.0,21.0,-13.0,23.0,-15.0,24.0,-16.0,24.0,-18.0,23.0,-17.0,21.0,-17.0,18.0,-17.0,16.0,-15.0,13.0,-12.0,10.0,-8.0,8.0,-3.0,6.0,3.0,4.0,8.0,4.0,13.0,4.0,18.0,5.0,23.0,6.0,26.0,7.0,28.0,8.0,29.0
0.4713,122.0,-96.0,7.0,0.0,0.0,0.0,0.0,0.0,0.0,0.0,0.0,0.0,9.0,9.0,12.0,13.0,15.0,17.0,17.0,19.0,20.0,22.0,22.0,22.0,24.0,22.0,24.0,21.0,24.0,20.0,21.0,18.0,18.0,15.0,14.0,13.0,10.0,10.0,4.0,9.0,-1.0,7.0,-7.0,6.0,-14.0,6.0,-19.0,6.0,-24.0,7.0,-28.0,9.0,-31.0,11.0,-33.0,12.0,-34.0,13.0,-33.0,14.0,-31.0,15.0,-27.0,13.0
0.4747,98.0,33.0,22.0,0.0,0.0,0.0,0.0,0.0,0.0,0.0,0.0,0.0,-24.0,0.0,-22.0,0.0,-19.0,2.0,-15.0,2.0,-10.0,4.0,-6.0,6.0,-2.0,6.0,3.0,8.0,7.0,10.0,12.0,10.0,16.0,10.0,18.0,10.0,22.0,10.0,23.0,8.0,23.0,6.0,25.0,4.0,23.0,3.0,20.0,1.0,17.0,-1.0,11.0,-1.0,6.0,-2.0,0.0,-1.0,-6.0,-1.0,-13.0,-1.0,-19.0,0.0,-25.0,2.0
0.491,122.0,-96.0,7.0,0.0,0.0,0.0,0.0,0.0,0.0,0.0,0.0,0.0,-9.0,-8.0,-9.0,-8.0,-9.0,-8.0,-9.0,-8.0,-9.0,-8.0,-10.0,-8.0,-10.0,-8.0,-10.0,-8.0,-10.0,-8.0,-10.0,-8.0,-10.0,-8.0,-10.0,-8.0,-10.0,-8.0,-10.0,-8.0,-11.0,-8.0,-11.0,-8.0,-11.0,-8.0,-11.0,-8.0,-12.0,-8.0,-11.0,-8.0,-12.0,-8.0,-12.0,-8.0,-12.0,-8.0,-11.0,-8.0,-12.0,-8.0,-12.0,-8.0
0.5053,122.0,-96.0,7.0,0.0,0.0,0.0,0.0,0.0,0.0,0.0,0.0,0.0,7.0,9.0,8.0,13.0,10.0,17.0,12.0,20.0,14.0,21.0,16.0,23.0,17.0,23.0,18.0,22.0,18.0,21.0,16.0,18.0,13.0,16.0,10.0,13.0,7.0,11.0,3.0,8.0,-2.0,6.0,-7.0,4.0,-13.0,3.0,-18.0,3.0,-23.0,3.0,-26.0,4.0,-29.0,5.0,-31.0,5.0,-31.0,7.0,-31.0,8.0,-29.0,9.0,-26.0,8.0
0.5196,122.0,-96.0,7.0,0.0,0.0,0.0,0.0,0.0,0.0,0.0,0.0,0.0,1.0,12.0,1.0,12.0,1.0,13.0,1.0,12.0,1.0,12.0,1.0,13.0,1.0,13.0,1.0,13.0,1.0,13.0,2.0,13.0,2.0,13.0,2.0,14.0,2.0,14.0,2.0,14.0,2.0,13.0,2.0,14.0,2.0,14.0,2.0,14.0,3.0,14.0,2.0,14.0,2.0,14.0,3.0,14.0,3.0,14.0,3.0,15.0,3.0,14.0,4.0,14.0
0.5334,122.0,-96.0,7.0,0.0,0.0,0.0,0.0,0.0,0.0,0.0,0.0,0.0,-22.0,8.0,-23.0,9.0,-23.0,10.0,-23.0,11.0,-21.0,10.0,-20.0,10.0,-17.0,8.0,-15.0,6.0,-12.0,4.0,-9.0,0.0,-5.0,-4.0,-3.0,-8.0,-1.0,-12.0,1.0,-16.0,2.0,-20.0,3.0,-23.0,2.0,-26.0,3.0,-27.0,2.0,-29.0,1.0,-28.0,1.0,-27.0,0.0,-25.0,0.0,-22.0,0.0,-18.0,0.0,-13.0,1.0,-9.0
0.5473,122.0,-96.0,7.0,0.0,0.0,0.0,0.0,0.0,0.0,0.0,0.0,0.0,8.0,9.0,4.0,7.0,-2.0,6.0,-8.0,6.0,-13.0,5.0,-19.0,7.0,-23.0,8.0,-27.0,9.0,-30.0,11.0,-30.0,12.0,-31.0,13.0,-30.0,14.0,-28.0,14.0,-26.0,15.0,-22.0,13.0,-18.0,9.0,-15.0,6.0,-11.0,1.0,-8.0,-4.0,-5.0,-9.0,-3.0,-15.0,-2.0,-20.0,-1.0,-26.0,-2.0,-30.0,-2.0,-33.0,-3.0,-35.0
0.5599,122.0,-96.0,7.0,0.0,0.0,0.0,0.0,0.0,0.0,0.0,0.0,0.0,-10.0,-8.0,-12.0,-12.0,-15.0,-15.0,-16.0,-18.0,-19.0,-20.0,-21.0,-20.0,-22.0,-20.0,-23.0,-19.0,-22.0,-18.0,-20.0,-16.0,-17.0,-14.0,-14.0,-12.0,-10.0,-10.0,-5.0,-9.0,0.0,-7.0,5.0,-7.0,11.0,-7.0,16.0,-7.0,20.0,-8.0,24.0,-10.0,27.0,-11.0,28.0,-12.0,29.0,-14.0,28.0,-14.0,26.0,-15.0,23.0,-14.0
0.5738,122.0,-96.0,7.0,0.0,0.0,0.0,0.0,0.0,0.0,0.0,0.0,0.0,-19.0,12.0,-20.0,14.0,-20.0,14.0,-20.0,15.0,-19.0,14.0,-18.0,14.0,-15.0,12.0,-13.0,9.0,-11.0,6.0,-9.0,2.0,-6.0,-2.0,-5.0,-7.0,-3.0,-12.0,-2.0,-16.0,-2.0,-20.0,-2.0,-23.0,-2.0,-26.0,-3.0,-27.0,-4.0,-28.0,-4.0,-28.0,-5.0,-27.0,-5.0,-24.0,-5.0,-21.0,-4.0,-17.0,-2.0,-13.0,0.0,-9.0
0.5895,122.0,-96.0,7.0,0.0,0.0,0.0,0.0,0.0,0.0,0.0,0.0,0.0,5.0,-10.0,5.0,-11.0,5.0,-10.0,5.0,-11.0,5.0,-11.0,5.0,-11.0,5.0,-11.0,5.0,-12.0,5.0,-12.0,5.0,-12.0,5.0,-12.0,5.0,-12.0,5.0,-12.0,4.0,-12.0,4.0,-13.0,5.0,-12.0,4.0,-13.0,4.0,-13.0,4.0,-13.0,4.0,-13.0,4.0,-13.0,4.0,-13.0,4.0,-13.0,4.0,-14.0,4.0,-14.0,4.0,-14.0
0.5929,98.0,33.0,22.0,0.0,0.0,0.0,0.0,0.0,0.0,0.0,0.0,0.0,23.0,9.0,20.0,7.0,17.0,5.0,13.0,2.0,9.0,-2.0,5.0,-5.0,2.0,-10.0,-2.0,-13.0,-6.0,-16.0,-9.0,-18.0,-13.0,-20.0,-16.0,-21.0,-18.0,-21.0,-21.0,-20.0,-22.0,-19.0,-23.0,-16.0,-22.0,-14.0,-20.0,-11.0,-16.0,-8.0,-12.0,-5.0,-7.0,-2.0,-1.0,1.0,6.0,2.0,13.0,4.0,19.0,7.0,26.0,7.0
0.6069,122.0,-96.0,7.0,0.0,0.0,0.0,0.0,0.0,0.0,0.0,0.0,0.0,10.0,-5.0,14.0,-5.0,17.0,-6.0,20.0,-7.0,22.0,-8.0,24.0,-9.0,24.0,-11.0,23.0,-11.0,22.0,-11.0,20.0,-10.0,17.0,-9.0,14.0,-7.0,11.0,-5.0,8.0,-1.0,5.0,2.0,2.0,6.0,0.0,11.0,-2.0,15.0,-2.0,20.0,-2.0,23.0,-2.0,26.0,-2.0,27.0,-1.0,28.0,0.0,28.0,2.0,27.0,2.0,24.0
0.6194,122.0,-96.0,7.0,0.0,0.0,0.0,0.0,0.0,0.0,0.0,0.0,0.0,9.0,7.0,4.0,6.0,-1.0,6.0,-6.0,6.0,-11.0,7.0,-15.0,8.0,-19.0,10.0,-22.0,12.0,-24.0,14.0,-25.0,15.0,-25.0,16.0,-24.0,17.0,-22.0,17.0,-20.0,17.0,-17.0,14.0,-14.0,11.0,-11.0,7.0,-10.0,3.0,-7.0,-2.0,-6.0,-7.0,-5.0,-12.0,-5.0,-18.0,-5.0,-23.0,-6.0,-26.0,-8.0,-28.0,-9.0,-30.0
0.6327,122.0,-96.0,7.0,0.0,0.0,0.0,0.0,0.0,0.0,0.0,0.0,0.0,9.0,-6.0,13.0,-7.0,16.0,-8.0,19.0,-9.0,21.0,-10.0,23.0,-12.0,23.0,-13.0,22.0,-14.0,21.0,-13.0,18.0,-12.0,16.0,-10.0,13.0,-7.0,10.0,-5.0,7.0,-1.0,4.0,3.0,2.0,7.0,1.0,12.0,-1.0,16.0,-1.0,21.0,-1.0,24.0,0.0,27.0,0.0,27.0,1.0,28.0,2.0,27.0,3.0,26.0,3.0,23.0
0.6482,122.0,-96.0,7.0,0.0,0.0,0.0,0.0,0.0,0.0,0.0,0.0,0.0,19.0,-13.0,20.0,-15.0,20.0,-15.0,19.0,-16.0,18.0,-16.0,16.0,-14.0,14.0,-13.0,12.0,-10.0,10.0,-7.0,7.0,-3.0,5.0,2.0,4.0,6.0,2.0,11.0,1.0,15.0,1.0,19.0,1.0,22.0,2.0,25.0,2.0,27.0,3.0,27.0,4.0,27.0,4.0,26.0,4.0,23.0,4.0,20.0,2.0,16.0,1.0,12.0,-1.0,8.0
0.6642,122.0,-96.0,7.0,0.0,0.0,0.0,0.0,0.0,0.0,0.0,0.0,0.0,-1.0,-10.0,-1.0,-11.0,-2.0,-11.0,-2.0,-11.0,-2.0,-11.0,-2.0,-11.0,-2.0,-11.0,-2.0,-12.0,-2.0,-11.0,-2.0,-12.0,-2.0,-12.0,-2.0,-12.0,-2.0,-12.0,-2.0,-12.0,-2.0,-12.0,-2.0,-12.0,-3.0,-12.0,-3.0,-12.0,-2.0,-12.0,-3.0,-12.0,-3.0,-12.0,-3.0,-12.0,-3.0,-12.0,-3.0,-12.0,-3.0,-12.0,-4.0,-12.0
0.6781,122.0,-96.0,7.0,0.0,0.0,0.0,0.0,0.0,0.0,0.0,0.0,0.0,-12.0,-2.0,-8.0,-3.0,-3.0,-6.0,1.0,-9.0,5.0,-13.0,8.0,-16.0,10.0,-19.0,11.0,-22.0,12.0,-25.0,12.0,-27.0,11.0,-28.0,10.0,-28.0,8.0,-27.0,6.0,-25.0,6.0,-21.0,5.0,-17.0,4.0,-12.0,5.0,-7.0,7.0,-1.0,8.0,4.0,10.0,9.0,13.0,13.0,16.0,17.0,19.0,19.0,21.0,20.0,22.0,20.0
0.6945,122.0,-96.0,7.0,0.0,0.0,0.0,0.0,0.0,0.0,0.0,0.0,0.0,-6.0,8.0,-6.0,8.0,-6.0,9.0,-6.0,9.0,-6.0,9.0,-6.0,9.0,-6.0,9.0,-7.0,10.0,-7.0,9.0,-7.0,10.0,-6.0,10.0,-7.0,10.0,-6.0,10.0,-7.0,10.0,-7.0,11.0,-6.0,10.0,-6.0,10.0,-6.0,11.0,-6.0,11.0,-6.0,11.0,-6.0,11.0,-7.0,11.0,-6.0,12.0,-6.0,11.0,-6.0,11.0,-6.0,11.0
0.7091,122.0,-96.0,7.0,0.0,0.0,0.0,0.0,0.0,0.0,0.0,0.0,0.0,6.0,-23.0,5.0,-24.0,5.0,-25.0,4.0,-25.0,4.0,-24.0,3.0,-22.0,2.0,-19.0,3.0,-15.0,3.0,-11.0,4.0,-7.0,5.0,-2.0,7.0,3.0,10.0,7.0,12.0,11.0,14.0,13.0,16.0,16.0,18.0,17.0,20.0,18.0,21.0,17.0,21.0,17.0,20.0,16.0,18.0,13.0,16.0,12.0,12.0,9.0,8.0,7.0,3.0,6.0
0.7217,122.0,-96.0,7.0,0.0,0.0,0.0,0.0,0.0,0.0,0.0,0.0,0.0,21.0,5.0,19.0,5.0,17.0,4.0,13.0,3.0,9.0,4.0,5.0,4.0,0.0,6.0,-4.0,7.0,-8.0,10.0,-12.0,12.0,-14.0,14.0,-16.0,17.0,-17.0,19.0,-17.0,21.0,-17.0,21.0,-16.0,21.0,-14.0,20.0,-13.0,18.0,-10.0,15.0,-9.0,12.0,-8.0,7.0,-7.0,2.0,-7.0,-3.0,-7.0,-8.0,-7.0,-13.0,-9.0,-17.0
0.7349,122.0,-96.0,7.0,0.0,0.0,0.0,0.0,0.0,0.0,0.0,0.0,0.0,-1.0,10.0,-1.0,10.0,-1.0,11.0,-1.0,11.0,-1.0,11.0,-1.0,12.0,-1.0,12.0,-1.0,12.0,-1.0,12.0,-1.0,12.0,-1.0,12.0,-1.0,12.0,-1.0,12.0,-1.0,12.0,-1.0,12.0,-1.0,12.0,0.0,12.0,-1.0,13.0,-1.0,13.0,-1.0,13.0,0.0,13.0,0.0,13.0,0.0,13.0,0.0,13.0,0.0,13.0,0.0,13.0
0.7491,122.0,-96.0,7.0,0.0,0.0,0.0,0.0,0.0,0.0,0.0,0.0,0.0,11.0,-3.0,7.0,0.0,3.0,4.0,1.0,8.0,-2.0,12.0,-3.0,17.0,-4.0,21.0,-5.0,24.0,-5.0,27.0,-4.0,28.0,-3.0,29.0,-2.0,28.0,-1.0,27.0,0.0,25.0,0.0,21.0,0.0,16.0,-2.0,12.0,-4.0,7.0,-7.0,2.0,-10.0,-2.0,-14.0,-6.0,-17.0,-9.0,-21.0,-11.0,-25.0,-12.0,-27.0,-13.0,-29.0,-13.0
0.7623,122.0,-96.0,7.0,0.0,0.0,0.0,0.0,0.0,0.0,0.0,0.0,0.0,21.0,-14.0,19.0,-12.0,17.0,-10.0,14.0,-8.0,10.0,-5.0,7.0,-1.0,4.0,4.0,2.0,9.0,0.0,14.0,0.0,18.0,-1.0,21.0,-1.0,25.0,0.0,28.0,1.0,29.0,2.0,30.0,3.0,29.0,3.0,27.0,3.0,24.0,3.0,20.0,1.0,16.0,-1.0,11.0,-4.0,6.0,-8.0,2.0,-11.0,-3.0,-15.0,-6.0,-20.0,-9.0
0.7756,122.0,-96.0,7.0,0.0,0.0,0.0,0.0,0.0,0.0,0.0,0.0,0.0,-9.0,16.0,-9.0,16.0,-9.0,16.0,-9.0,16.0,-9.0,17.0,-10.0,17.0,-9.0,17.0,-9.0,18.0,-9.0,18.0,-10.0,18.0,-9.0,17.0,-10.0,17.0,-9.0,18.0,-9.0,18.0,-9.0,18.0,-9.0,18.0,-9.0,18.0,-10.0,19.0,-9.0,18.0,-9.0,18.0,-9.0,19.0,-9.0,19.0,-9.0,19.0,-9.0,19.0,-9.0,18.0,-9.0,19.0
0.7909,122.0,-96.0,7.0,0.0,0.0,0.0,0.0,0.0,0.0,0.0,0.0,0.0,-11.0,5.0,-8.0,1.0,-6.0,-4.0,-4.0,-8.0,-3.0,-13.0,-2.0,-18.0,-3.0,-21.0,-3.0,-25.0,-4.0,-28.0,-5.0,-29.0,-6.0,-30.0,-7.0,-29.0,-7.0,-27.0,-8.0,-25.0,-7.0,-22.0,-5.0,-18.0,-3.0,-14.0,0.0,-10.0,4.0,-6.0,8.0,-2.0,12.0,1.0,17.0,3.0,22.0,4.0,25.0,5.0,28.0,5.0,30.0,5.0
0.8055,122.0,-96.0,7.0,0.0,0.0,0.0,0.0,0.0,0.0,0.0,0.0,0.0,4.0,10.0,4.0,10.0,4.0,10.0,4.0,10.0,4.0,10.0,4.0,11.0,4.0,10.0,5.0,11.0,5.0,11.0,5.0,10.0,5.0,11.0,5.0,11.0,5.0,11.0,5.0,11.0,5.0,11.0,6.0,11.0,6.0,11.0,6.0,11.0,6.0,11.0,6.0,11.0,6.0,11.0,6.0,11.0,6.0,11.0,6.0,11.0,7.0,11.0,7.0,11.0
0.8191,122.0,-96.0,7.0,0.0,0.0,0.0,0.0,0.0,0.0,0.0,0.0,0.0,0.0,22.0,1.0,24.0,1.0,25.0,2.0,24.0,2.0,23.0,2.0,21.0,1.0,18.0,0.0,15.0,-1.0,11.0,-3.0,7.0,-5.0,2.0,-9.0,-1.0,-12.0,-5.0,-15.0,-8.0,-19.0,-10.0,-21.0,-12.0,-23.0,-13.0,-25.0,-13.0,-26.0,-12.0,-26.0,-11.0,-25.0,-11.0,-22.0,-9.0,-20.0,-8.0,-15.0,-7.0,-10.0,-6.0,-6.0,-6.0
0.8329,122.0,-96.0,7.0,0.0,0.0,0.0,0.0,0.0,0.0,0.0,0.0,0.0,5.0,9.0,5.0,9.0,5.0,10.0,5.0,10.0,5.0,10.0,5.0,10.0,5.0,10.0,6.0,10.0,6.0,10.0,6.0,10.0,6.0,10.0,6.0,11.0,6.0,11.0,6.0,11.0,6.0,10.0,6.0,11.0,7.0,11.0,7.0,10.0,7.0,10.0,7.0,11.0,7.0,11.0,7.0,11.0,8.0,10.0,8.0,10.0,7.0,10.0,7.0,11.0
0.8464,122.0,-96.0,7.0,0.0,0.0,0.0,0.0,0.0,0.0,0.0,0.0,0.0,-3.0,12.0,-5.0,7.0,-6.0,2.0,-9.0,-3.0,-13.0,-8.0,-17.0,-12.0,-20.0,-15.0,-23.0,-17.0,-26.0,-18.0,-28.0,-18.0,-29.0,-18.0,-29.0,-16.0,-28.0,-15.0,-27.0,-13.0,-24.0,-12.0,-19.0,-10.0,-14.0,-8.0,-8.0,-8.0,-2.0,-8.0,4.0,-8.0,10.0,-10.0,16.0,-12.0,20.0,-15.0,23.0,-17.0,26.0,-20.0,27.0,-22.0
0.8602,122.0,-96.0,7.0,0.0,0.0,0.0,0.0,0.0,0.0,0.0,0.0,0.0,-4.0,22.0,-3.0,24.0,-3.0,25.0,-3.0,24.0,-2.0,24.0,-2.0,21.0,-1.0,19.0,-2.0,15.0,-3.0,11.0,-4.0,7.0,-6.0,2.0,-8.0,-2.0,-11.0,-6.0,-13.0,-10.0,-16.0,-12.0,-18.0,-15.0,-20.0,-16.0,-22.0,-17.0,-23.0,-17.0,-24.0,-16.0,-23.0,-15.0,-21.0,-13.0,-19.0,-12.0,-15.0,-10.0,-11.0,-8.0,-7.0,-7.0
0.8731,122.0,-96.0,7.0,0.0,0.0,0.0,0.0,0.0,0.0,0.0,0.0,0.0,-10.0,8.0,-8.0,3.0,-7.0,-2.0,-6.0,-8.0,-6.0,-14.0,-6.0,-19.0,-7.0,-24.0,-9.0,-27.0,-10.0,-30.0,-11.0,-32.0,-13.0,-32.0,-14.0,-31.0,-14.0,-29.0,-14.0,-26.0,-12.0,-23.0,-10.0,-19.0,-7.0,-14.0,-2.0,-11.0,3.0,-7.0,8.0,-4.0,14.0,-2.0,19.0,0.0,25.0,0.0,29.0,0.0,32.0,-1.0,34.0,-1.0
0.887,122.0,-96.0,7.0,0.0,0.0,0.0,0.0,0.0,0.0,0.0,0.0,0.0,-11.0,23.0,-11.0,25.0,-11.0,25.0,-10.0,26.0,-9.0,24.0,-8.0,23.0,-7.0,20.0,-7.0,16.0,-6.0,12.0,-7.0,6.0,-7.0,1.0,-8.0,-4.0,-10.0,-9.0,-12.0,-14.0,-14.0,-18.0,-16.0,-21.0,-18.0,-23.0,-19.0,-24.0,-21.0,-24.0,-21.0,-23.0,-21.0,-22.0,-20.0,-20.0,-18.0,-17.0,-14.0,-14.0,-10.0,-11.0,-6.0,-9.0
0.8999,122.0,-96.0,7.0,0.0,0.0,0.0,0.0,0.0,0.0,0.0,0.0,0.0,-12.0,4.0,-16.0,4.0,-20.0,5.0,-23.0,6.0,-26.0,7.0,-28.0,8.0,-28.0,10.0,-27.0,11.0,-25.0,11.0,-23.0,9.0,-20.0,7.0,-17.0,5.0,-13.0,2.0,-9.0,-1.0,-5.0,-5.0,-2.0,-10.0,1.0,-15.0,3.0,-19.0,4.0,-23.0,4.0,-27.0,4.0,-30.0,4.0,-31.0,3.0,-33.0,2.0,-31.0,1.0,-30.0,1.0,-27.0
0.9137,122.0,-96.0,7.0,0.0,0.0,0.0,0.0,0.0,0.0,0.0,0.0,0.0,-7.0,9.0,-6.0,4.0,-6.0,-1.0,-7.0,-6.0,-9.0,-11.0,-11.0,-15.0,-13.0,-18.0,-16.0,-21.0,-18.0,-23.0,-19.0,-23.0,-20.0,-22.0,-20.0,-21.0,-20.0,-20.0,-19.0,-17.0,-16.0,-14.0,-12.0,-12.0,-8.0,-10.0,-2.0,-8.0,3.0,-7.0,8.0,-6.0,14.0,-6.0,19.0,-6.0,23.0,-8.0,26.0,-10.0,28.0,-11.0,28.0,-12.0
0.9273,122.0,-96.0,7.0,0.0,0.0,0.0,0.0,0.0,0.0,0.0,0.0,0.0,4.0,13.0,5.0,12.0,5.0,13.0,5.0,14.0,5.0,13.0,5.0,14.0,5.0,14.0,6.0,13.0,6.0,13.0,6.0,14.0,6.0,14.0,6.0,14.0,6.0,14.0,6.0,14.0,6.0,14.0,7.0,14.0,6.0,14.0,7.0,14.0,7.0,14.0,7.0,14.0,7.0,14.0,7.0,14.0,8.0,14.0,8.0,15.0,7.0,14.0,8.0,14.0
0.9423,122.0,-96.0,7.0,0.0,0.0,0.0,0.0,0.0,0.0,0.0,0.0,0.0,8.0,-11.0,12.0,-14.0,16.0,-18.0,18.0,-20.0,20.0,-23.0,21.0,-25.0,20.0,-26.0,19.0,-27.0,18.0,-26.0,16.0,-24.0,14.0,-20.0,12.0,-16.0,10.0,-12.0,8.0,-6.0,7.0,0.0,7.0,6.0,7.0,13.0,7.0,18.0,9.0,23.0,10.0,27.0,12.0,30.0,14.0,31.0,15.0,32.0,15.0,31.0,16.0,29.0,15.0,26.0
0.9574,122.0,-96.0,7.0,0.0,0.0,0.0,0.0,0.0,0.0,0.0,0.0,0.0,21.0,-6.0,20.0,-5.0,17.0,-5.0,13.0,-3.0,10.0,-1.0,6.0,2.0,2.0,5.0,-1.0,8.0,-4.0,12.0,-5.0,15.0,-7.0,19.0,-7.0,21.0,-8.0,24.0,-7.0,26.0,-7.0,27.0,-5.0,25.0,-5.0,24.0,-4.0,21.0,-3.0,18.0,-3.0,14.0,-4.0,9.0,-5.0,5.0,-7.0,-1.0,-9.0,-5.0,-11.0,-9.0,-15.0,-13.0
0.9722,122.0,-96.0,7.0,0.0,0.0,0.0,0.0,0.0,0.0,0.0,0.0,0.0,-12.0,6.0,-12.0,6.0,-12.0,6.0,-13.0,6.0,-12.0,7.0,-13.0,7.0,-13.0,6.0,-13.0,7.0,-13.0,7.0,-13.0,7.0,-13.0,7.0,-13.0,8.0,-13.0,7.0,-13.0,8.0,-13.0,8.0,-13.0,8.0,-14.0,8.0,-13.0,8.0,-13.0,9.0,-13.0,8.0,-13.0,8.0,-13.0,9.0,-13.0,9.0,-13.0,9.0,-13.0,9.0,-14.0,9.0
0.9872,122.0,-96.0,7.0,0.0,0.0,0.0,0.0,0.0,0.0,0.0,0.0,0.0,6.0,-12.0,5.0,-7.0,6.0,-1.0,7.0,4.0,9.0,10.0,12.0,15.0,14.0,19.0,16.0,22.0,19.0,24.0,21.0,25.0,22.0,24.0,23.0,23.0,22.0,21.0,22.0,19.0,18.0,16.0,15.0,13.0,10.0,11.0,5.0,9.0,-1.0,7.0,-8.0,6.0,-14.0,6.0,-20.0,6.0,-25.0,7.0,-28.0,9.0,-31.0,11.0,-33.0,12.0
1.0012,122.0,-96.0,7.0,0.0,0.0,0.0,0.0,0.0,0.0,0.0,0.0,0.0,-24.0,-1.0,-25.0,0.0,-26.0,0.0,-26.0,1.0,-24.0,1.0,-22.0,1.0,-20.0,1.0,-16.0,0.0,-12.0,-1.0,-8.0,-4.0,-4.0,-5.0,0.0,-8.0,4.0,-12.0,7.0,-14.0,10.0,-17.0,12.0,-20.0,13.0,-22.0,14.0,-23.0,14.0,-25.0,13.0,-25.0,12.0,-24.0,11.0,-22.0,9.0,-20.0,7.0,-16.0,6.0,-11.0,5.0,-7.0
1.0151,122.0,-96.0,7.0,0.0,0.0,0.0,0.0,0.0,0.0,0.0,0.0,0.0,4.0,10.0,4.0,10.0,4.0,10.0,5.0,10.0,4.0,10.0,5.0,10.0,5.0,10.0,5.0,11.0,5.0,10.0,5.0,11.0,5.0,11.0,5.0,11.0,5.0,11.0,5.0,11.0,6.0,11.0,5.0,11.0,6.0,11.0,6.0,11.0,6.0,11.0,6.0,11.0,6.0,11.0,6.0,11.0,6.0,11.0,7.0,11.0,6.0,11.0,7.0,11.0
1.0294,122.0,-96.0,7.0,0.0,0.0,0.0,0.0,0.0,0.0,0.0,0.0,0.0,20.0,-11.0,21.0,-13.0,21.0,-14.0,21.0,-14.0,19.0,-14.0,18.0,-13.0,15.0,-11.0,13.0,-9.0,10.0,-6.0,7.0,-2.0,4.0,2.0,3.0,7.0,1.0,11.0,-1.0,15.0,-1.0,19.0,-2.0,22.0,-2.0,25.0,-1.0,27.0,0.0,28.0,0.0,27.0,1.0,27.0,1.0,24.0,1.0,21.0,0.0,17.0,-1.0,12.0,-2.0,8.0
1.0426,122.0,-96.0,7.0,0.0,0.0,0.0,0.0,0.0,0.0,0.0,0.0,0.0,12.0,6.0,13.0,6.0,13.0,5.0,13.0,6.0,13.0,6.0,14.0,6.0,14.0,5.0,14.0,6.0,14.0,6.0,14.0,6.0,14.0,5.0,14.0,6.0,14.0,6.0,14.0,5.0,15.0,5.0,15.0,6.0,15.0,5.0,15.0,5.0,15.0,5.0,16.0,5.0,15.0,5.0,15.0,5.0,15.0,5.0,16.0,4.0,16.0,5.0,16.0,5.0
1.0566,122.0,-96.0,7.0,0.0,0.0,0.0,0.0,0.0,0.0,0.0,0.0,0.0,11.0,-2.0,11.0,-2.0,11.0,-2.0,11.0,-2.0,11.0,-2.0,12.0,-3.0,11.0,-3.0,12.0,-3.0,11.0,-3.0,12.0,-3.0,12.0,-3.0,12.0,-3.0,12.0,-3.0,12.0,-3.0,12.0,-3.0,12.0,-4.0,12.0,-4.0,12.0,-4.0,12.0,-4.0,12.0,-4.0,12.0,-4.0,12.0,-4.0,12.0,-4.0,13.0,-4.0,13.0,-4.0,13.0,-4.0
1.0782,122.0,-96.0,7.0,0.0,0.0,0.0,0.0,0.0,0.0,0.0,0.0,0.0,-4.0,10.0,-5.0,5.0,-6.0,0.0,-8.0,-5.0,-11.0,-9.0,-14.0,-13.0,-16.0,-16.0,-19.0,-18.0,-22.0,-19.0,-23.0,-20.0,-24.0,-19.0,-24.0,-17.0,-23.0,-16.0,-22.0,-13.0,-18.0,-11.0,-14.0,-10.0,-9.0,-8.0,-4.0,-8.0,2.0,-7.0,7.0,-7.0,13.0,-8.0,17.0,-10.0,22.0,-12.0,24.0,-15.0,25.0,-17.0,25.0,-17.0
1.0923,122.0,-96.0,7.0,0.0,0.0,0.0,0.0,0.0,0.0,0.0,0.0,0.0,3.0,10.0,4.0,10.0,4.0,10.0,4.0,10.0,4.0,11.0,4.0,11.0,4.0,11.0,4.0,11.0,4.0,11.0,4.0,11.0,4.0,11.0,4.0,11.0,4.0,11.0,5.0,11.0,5.0,11.0,5.0,11.0,5.0,12.0,5.0,11.0,5.0,11.0,4.0,12.0,5.0,12.0,5.0,12.0,5.0,12.0,5.0,12.0,5.0,12.0,5.0,12.0
1.1059,122.0,-96.0,7.0,0.0,0.0,0.0,0.0,0.0,0.0,0.0,0.0,0.0,24.0,-6.0,22.0,-6.0,19.0,-5.0,15.0,-4.0,11.0,-2.0,7.0,1.0,3.0,5.0,0.0,9.0,-4.0,13.0,-6.0,17.0,-8.0,20.0,-9.0,23.0,-9.0,26.0,-9.0,28.0,-8.0,29.0,-7.0,28.0,-6.0,27.0,-5.0,25.0,-4.0,21.0,-4.0,17.0,-4.0,12.0,-6.0,6.0,-7.0,1.0,-9.0,-5.0,-11.0,-10.0,-15.0,-14.0
1.1275,122.0,-96.0,7.0,0.0,0.0,0.0,0.0,0.0,0.0,0.0,0.0,0.0,11.0,-6.0,8.0,-2.0,5.0,4.0,3.0,9.0,1.0,14.0,1.0,20.0,0.0,24.0,1.0,28.0,2.0,31.0,2.0,33.0,3.0,33.0,4.0,32.0,5.0,30.0,6.0,28.0,5.0,23.0,3.0,18.0,1.0,14.0,-3.0,9.0,-7.0,4.0,-11.0,0.0,-16.0,-5.0,-21.0,-7.0,-26.0,-9.0,-29.0,-10.0,-33.0,-10.0,-34.0,-10.0
1.1419,122.0,-96.0,7.0,0.0,0.0,0.0,0.0,0.0,0.0,0.0,0.0,0.0,9.0,-10.0,9.0,-10.0,10.0,-10.0,9.0,-10.0,9.0,-11.0,11.0,-11.0,9.0,-11.0,10.0,-11.0,10.0,-12.0,10.0,-12.0,11.0,-12.0,11.0,-12.0,11.0,-12.0,10.0,-12.0,11.0,-13.0,11.0,-13.0,10.0,-12.0,10.0,-13.0,10.0,-13.0,10.0,-13.0,10.0,-13.0,9.0,-14.0,10.0,-14.0,10.0,-14.0,10.0,-14.0,10.0,-14.0
1.1558,122.0,-96.0,7.0,0.0,0.0,0.0,0.0,0.0,0.0,0.0,0.0,0.0,-9.0,7.0,-9.0,7.0,-8.0,7.0,-10.0,8.0,-9.0,8.0,-9.0,8.0,-9.0,8.0,-9.0,9.0,-9.0,8.0,-9.0,9.0,-9.0,8.0,-9.0,9.0,-10.0,9.0,-9.0,9.0,-9.0,9.0,-9.0,9.0,-9.0,9.0,-9.0,10.0,-9.0,10.0,-9.0,10.0,-9.0,10.0,-9.0,10.0,-9.0,11.0,-9.0,10.0,-9.0,10.0,-9.0,10.0
1.1706,122.0,-96.0,7.0,0.0,0.0,0.0,0.0,0.0,0.0,0.0,0.0,0.0,-7.0,10.0,-7.0,5.0,-7.0,-1.0,-8.0,-6.0,-10.0,-11.0,-13.0,-17.0,-15.0,-20.0,-18.0,-23.0,-20.0,-25.0,-21.0,-26.0,-23.0,-26.0,-23.0,-24.0,-22.0,-23.0,-22.0,-20.0,-18.0,-17.0,-14.0,-14.0,-10.0,-11.0,-4.0,-9.0,2.0,-8.0,8.0,-6.0,14.0,-6.0,20.0,-7.0,25.0,-8.0,29.0,-10.0,31.0,-11.0,33.0,-12.0
1.1848,122.0,-96.0,7.0,0.0,0.0,0.0,0.0,0.0,0.0,0.0,0.0,0.0,-22.0,7.0,-24.0,8.0,-24.0,8.0,-24.0,9.0,-22.0,9.0,-21.0,8.0,-18.0,7.0,-15.0,5.0,-11.0,3.0,-8.0,-1.0,-5.0,-4.0,-2.0,-9.0,0.0,-13.0,3.0,-17.0,4.0,-20.0,5.0,-23.0,6.0,-26.0,6.0,-27.0,5.0,-28.0,4.0,-28.0,4.0,-27.0,3.0,-23.0,2.0,-21.0,2.0,-16.0,2.0,-11.0,3.0,-7.0
1.2003,122.0,-96.0,7.0,0.0,0.0,0.0,0.0,0.0,0.0,0.0,0.0,0.0,-22.0,7.0,-20.0,7.0,-18.0,6.0,-14.0,4.0,-11.0,2.0,-8.0,-1.0,-5.0,-5.0,-2.0,-8.0,0.0,-12.0,2.0,-16.0,4.0,-19.0,5.0,-22.0,5.0,-25.0,4.0,-27.0,3.0,-28.0,3.0,-28.0,2.0,-26.0,1.0,-24.0,0.0,-21.0,1.0,-18.0,2.0,-13.0,3.0,-8.0,5.0,-4.0,6.0,1.0,9.0,5.0,13.0,9.0
1.2139,122.0,-96.0,7.0,0.0,0.0,0.0,0.0,0.0,0.0,0.0,0.0,0.0,4.0,10.0,4.0,9.0,5.0,10.0,5.0,10.0,5.0,10.0,5.0,10.0,5.0,10.0,5.0,10.0,5.0,11.0,6.0,10.0,6.0,11.0,6.0,11.0,6.0,11.0,5.0,10.0,6.0,10.0,6.0,11.0,6.0,11.0,7.0,11.0,7.0,11.0,6.0,11.0,7.0,10.0,7.0,11.0,7.0,11.0,6.0,11.0,7.0,11.0,7.0,11.0
1.2274,122.0,-96.0,7.0,0.0,0.0,0.0,0.0,0.0,0.0,0.0,0.0,0.0,-11.0,6.0,-16.0,7.0,-19.0,9.0,-22.0,10.0,-24.0,12.0,-26.0,13.0,-26.0,14.0,-25.0,15.0,-23.0,14.0,-21.0,13.0,-18.0,10.0,-15.0,7.0,-12.0,4.0,-8.0,-1.0,-5.0,-5.0,-3.0,-11.0,-1.0,-16.0,0.0,-20.0,0.0,-25.0,0.0,-28.0,0.0,-31.0,-1.0,-32.0,-1.0,-32.0,-2.0,-31.0,-3.0,-29.0,-3.0,-26.0
1.2415,122.0,-96.0,7.0,0.0,0.0,0.0,0.0,0.0,0.0,0.0,0.0,0.0,7.0,-12.0,8.0,-13.0,7.0,-13.0,8.0,-13.0,7.0,-13.0,8.0,-14.0,8.0,-14.0,7.0,-14.0,7.0,-13.0,8.0,-14.0,8.0,-14.0,8.0,-14.0,8.0,-14.0,8.0,-14.0,8.0,-15.0,7.0,-15.0,7.0,-15.0,7.0,-15.0,8.0,-15.0,7.0,-15.0,8.0,-15.0,7.0,-15.0,7.0,-16.0,7.0,-15.0,7.0,-16.0,7.0,-16.0
1.2572,122.0,-96.0,7.0,0.0,0.0,0.0,0.0,0.0,0.0,0.0,0.0,0.0,-20.0,-17.0,-18.0,-15.0,-16.0,-13.0,-12.0,-11.0,-8.0,-9.0,-3.0,-8.0,2.0,-6.0,7.0,-6.0,13.0,-6.0,17.0,-6.0,21.0,-7.0,24.0,-8.0,27.0,-9.0,28.0,-11.0,28.0,-12.0,27.0,-12.0,25.0,-12.0,22.0,-11.0,18.0,-9.0,14.0,-7.0,11.0,-3.0,7.0,1.0,3.0,6.0,0.0,10.0,-3.0,15.0,-4.0,20.0
1.2612,-120.0,-126.0,40.0,0.0,0.0,0.0,0.0,0.0,0.0,0.0,0.0,0.0,17.0,-3.0,20.0,-5.0,22.0,-7.0,24.0,-9.0,24.0,-11.0,24.0,-12.0,23.0,-12.0,21.0,-13.0,18.0,-13.0,14.0,-13.0,10.0,-12.0,7.0,-10.0,1.0,-8.0,-3.0,-4.0,-7.0,-2.0,-11.0,3.0,-15.0,9.0,-16.0,12.0,-18.0,18.0,-20.0,21.0,-20.0,25.0,-20.0,27.0,-17.0,27.0,-17.0,26.0,-14.0,25.0,-12.0,22.0
1.2762,122.0,-96.0,7.0,0.0,0.0,0.0,0.0,0.0,0.0,0.0,0.0,0.0,9.0,23.0,9.0,21.0,7.0,17.0,5.0,14.0,2.0,11.0,-1.0,7.0,-5.0,4.0,-10.0,1.0,-14.0,-1.0,-18.0,-3.0,-22.0,-4.0,-25.0,-5.0,-28.0,-5.0,-31.0,-4.0,-32.0,-3.0,-30.0,-2.0,-29.0,-2.0,-26.0,-1.0,-22.0,0.0,-18.0,-2.0,-13.0,-3.0,-8.0,-4.0,-2.0,-7.0,2.0,-9.0,7.0,-12.0,11.0,-17.0
1.2904,122.0,-96.0,7.0,0.0,0.0,0.0,0.0,0.0,0.0,0.0,0.0,0.0,-10.0,0.0,-10.0,0.0,-11.0,2.0,-11.0,0.0,-11.0,0.0,-13.0,2.0,-12.0,0.0,-11.0,0.0,-11.0,1.0,-12.0,0.0,-12.0,0.0,-12.0,0.0,-12.0,0.0,-13.0,0.0,-12.0,1.0,-12.0,0.0,-12.0,1.0,-12.0,1.0,-12.0,1.0,-13.0,1.0,-12.0,1.0,-13.0,1.0,-12.0,1.0,-13.0,1.0,-13.0,2.0,-13.0,2.0
1.3051,122.0,-96.0,7.0,0.0,0.0,0.0,0.0,0.0,0.0,0.0,0.0,0.0,3.0,11.0,4.0,16.0,4.0,20.0,5.0,23.0,6.0,26.0,7.0,27.0,8.0,28.0,9.0,27.0,9.0,26.0,8.0,23.0,6.0,19.0,4.0,16.0,2.0,12.0,-2.0,8.0,-5.0,4.0,-10.0,0.0,-15.0,-3.0,-19.0,-5.0,-23.0,-6.0,-27.0,-8.0,-30.0,-8.0,-31.0,-8.0,-32.0,-7.0,-31.0,-6.0,-30.0,-4.0,-27.0,-4.0
1.3189,122.0,-96.0,7.0,0.0,0.0,0.0,0.0,0.0,0.0,0.0,0.0,0.0,-21.0,1.0,-22.0,3.0,-23.0,3.0,-22.0,3.0,-21.0,4.0,-20.0,3.0,-17.0,3.0,-13.0,1.0,-10.0,0.0,-7.0,-3.0,-3.0,-5.0,1.0,-9.0,3.0,-12.0,6.0,-15.0,7.0,-18.0,8.0,-20.0,9.0,-23.0,9.0,-23.0,8.0,-25.0,7.0,-24.0,6.0,-23.0,5.0,-20.0,4.0,-17.0,4.0,-13.0,3.0,-8.0,4.0,-4.0
1.3346,122.0,-96.0,7.0,0.0,0.0,0.0,0.0,0.0,0.0,0.0,0.0,0.0,-11.0,-9.0,-12.0,-9.0,-12.0,-9.0,-13.0,-9.0,-13.0,-9.0,-13.0,-9.0,-14.0,-9.0,-14.0,-8.0,-14.0,-9.0,-14.0,-9.0,-14.0,-9.0,-14.0,-9.0,-14.0,-9.0,-14.0,-9.0,-15.0,-8.0,-15.0,-8.0,-14.0,-8.0,-15.0,-8.0,-15.0,-8.0,-16.0,-8.0,-15.0,-8.0,-16.0,-7.0,-16.0,-8.0,-16.0,-8.0,-16.0,-8.0,-16.0,-8.0
1.3477,122.0,-96.0,7.0,0.0,0.0,0.0,0.0,0.0,0.0,0.0,0.0,0.0,-21.0,2.0,-23.0,3.0,-23.0,3.0,-23.0,3.0,-21.0,4.0,-20.0,3.0,-17.0,3.0,-14.0,1.0,-11.0,0.0,-7.0,-3.0,-3.0,-5.0,0.0,-8.0,3.0,-11.0,6.0,-14.0,8.0,-17.0,9.0,-19.0,10.0,-22.0,10.0,-22.0,10.0,-24.0,9.0,-23.0,8.0,-23.0,7.0,-20.0,6.0,-18.0,5.0,-14.0,4.0,-10.0,4.0,-5.0
1.3619,122.0,-96.0,7.0,0.0,0.0,0.0,0.0,0.0,0.0,0.0,0.0,0.0,10.0,0.0,6.0,2.0,2.0,5.0,-2.0,8.0,-6.0,12.0,-8.0,16.0,-10.0,19.0,-11.0,23.0,-12.0,26.0,-11.0,27.0,-10.0,28.0,-9.0,27.0,-7.0,26.0,-6.0,24.0,-5.0,20.0,-5.0,15.0,-5.0,10.0,-6.0,5.0,-8.0,-1.0,-10.0,-6.0,-12.0,-11.0,-15.0,-15.0,-19.0,-18.0,-22.0,-19.0,-24.0,-20.0,-25.0,-20.0
1.3753,122.0,-96.0,7.0,0.0,0.0,0.0,0.0,0.0,0.0,0.0,0.0,0.0,11.0,-1.0,11.0,-2.0,12.0,-2.0,11.0,-1.0,11.0,-2.0,12.0,-2.0,12.0,-1.0,12.0,-2.0,12.0,-2.0,12.0,-2.0,12.0,-2.0,12.0,-2.0,12.0,-2.0,12.0,-3.0,13.0,-2.0,12.0,-2.0,13.0,-3.0,13.0,-3.0,13.0,-3.0,12.0,-3.0,13.0,-3.0,13.0,-3.0,13.0,-3.0,13.0,-4.0,13.0,-3.0,13.0,-4.0
1.38,98.0,33.0,22.0,0.0,0.0,0.0,0.0,0.0,0.0,0.0,0.0,0.0,11.0,2.0,9.0,-3.0,7.0,-8.0,5.0,-12.0,4.0,-17.0,1.0,-20.0,0.0,-24.0,-2.0,-26.0,-4.0,-26.0,-5.0,-27.0,-6.0,-26.0,-8.0,-25.0,-9.0,-22.0,-10.0,-18.0,-9.0,-14.0,-9.0,-10.0,-6.0,-5.0,-4.0,0.0,0.0,6.0,5.0,10.0,9.0,14.0,13.0,18.0,18.0,20.0,21.0,23.0,25.0,24.0,26.0,24.0
1.3971,122.0,-96.0,7.0,0.0,0.0,0.0,0.0,0.0,0.0,0.0,0.0,0.0,-1.0,-12.0,0.0,-16.0,0.0,-19.0,0.0,-22.0,0.0,-25.0,-1.0,-27.0,-2.0,-27.0,-3.0,-27.0,-3.0,-25.0,-3.0,-22.0,-3.0,-19.0,-1.0,-16.0,0.0,-12.0,2.0,-8.0,5.0,-3.0,8.0,0.0,12.0,4.0,15.0,7.0,19.0,9.0,21.0,10.0,24.0,11.0,25.0,11.0,26.0,10.0,26.0,9.0,25.0,7.0,23.0,6.0
1.4088,122.0,-96.0,7.0,0.0,0.0,0.0,0.0,0.0,0.0,0.0,0.0,0.0,-16.0,-21.0,-18.0,-22.0,-18.0,-22.0,-19.0,-21.0,-18.0,-20.0,-17.0,-18.0,-15.0,-16.0,-12.0,-14.0,-8.0,-11.0,-4.0,-9.0,1.0,-7.0,7.0,-5.0,12.0,-4.0,17.0,-3.0,21.0,-3.0,25.0,-3.0,28.0,-4.0,30.0,-4.0,31.0,-5.0,30.0,-6.0,29.0,-6.0,26.0,-6.0,23.0,-6.0,18.0,-5.0,14.0,-3.0,9.0,0.0
1.4229,122.0,-96.0,7.0,0.0,0.0,0.0,0.0,0.0,0.0,0.0,0.0,0.0,8.0,-8.0,6.0,-4.0,5.0,1.0,5.0,6.0,5.0,11.0,6.0,16.0,6.0,20.0,8.0,23.0,9.0,26.0,10.0,26.0,11.0,27.0,12.0,26.0,13.0,24.0,13.0,22.0,11.0,19.0,8.0,15.0,5.0,12.0,1.0,9.0,-4.0,6.0,-9.0,2.0,-14.0,1.0,-19.0,0.0,-23.0,-1.0,-27.0,-1.0,-29.0,0.0,-31.0,0.0
1.4378,122.0,-96.0,7.0,0.0,0.0,0.0,0.0,0.0,0.0,0.0,0.0,0.0,-10.0,6.0,-10.0,6.0,-10.0,5.0,-10.0,6.0,-10.0,6.0,-10.0,6.0,-10.0,7.0,-11.0,8.0,-10.0,7.0,-10.0,7.0,-11.0,7.0,-11.0,7.0,-11.0,7.0,-11.0,7.0,-10.0,8.0,-10.0,8.0,-11.0,7.0,-11.0,8.0,-10.0,8.0,-11.0,8.0,-11.0,8.0,-11.0,8.0,-10.0,9.0,-11.0,8.0,-11.0,8.0,-11.0,9.0
1.4515,122.0,-96.0,7.0,0.0,0.0,0.0,0.0,0.0,0.0,0.0,0.0,0.0,10.0,23.0,12.0,24.0,13.0,25.0,13.0,24.0,13.0,22.0,12.0,21.0,10.0,17.0,7.0,15.0,4.0,11.0,-1.0,8.0,-4.0,4.0,-9.0,2.0,-15.0,0.0,-19.0,-2.0,-23.0,-3.0,-27.0,-4.0,-29.0,-3.0,-31.0,-3.0,-32.0,-2.0,-31.0,-1.0,-30.0,-1.0,-27.0,0.0,-23.0,0.0,-18.0,-1.0,-13.0,-2.0,-8.0,-4.0
1.4623,122.0,-96.0,7.0,0.0,0.0,0.0,0.0,0.0,0.0,0.0,0.0,0.0,6.0,9.0,2.0,7.0,-2.0,5.0,-7.0,4.0,-13.0,3.0,-18.0,4.0,-21.0,4.0,-25.0,4.0,-28.0,6.0,-29.0,7.0,-29.0,8.0,-29.0,9.0,-27.0,9.0,-25.0,10.0,-22.0,8.0,-17.0,6.0,-14.0,3.0,-10.0,0.0,-6.0,-5.0,-2.0,-9.0,1.0,-14.0,2.0,-18.0,4.0,-23.0,4.0,-27.0,4.0,-29.0,4.0,-31.0
1.474,122.0,-96.0,7.0,0.0,0.0,0.0,0.0,0.0,0.0,0.0,0.0,0.0,9.0,8.0,3.0,7.0,-2.0,6.0,-8.0,6.0,-13.0,6.0,-19.0,8.0,-23.0,9.0,-27.0,11.0,-29.0,13.0,-31.0,14.0,-30.0,15.0,-29.0,16.0,-27.0,16.0,-25.0,16.0,-21.0,13.0,-17.0,9.0,-13.0,6.0,-10.0,1.0,-7.0,-5.0,-4.0,-10.0,-2.0,-17.0,-1.0,-22.0,-1.0,-27.0,-2.0,-31.0,-2.0,-34.0,-3.0,-36.0
1.4868,122.0,-96.0,7.0,0.0,0.0,0.0,0.0,0.0,0.0,0.0,0.0,0.0,-5.0,11.0,-7.0,15.0,-9.0,19.0,-10.0,21.0,-11.0,24.0,-11.0,26.0,-10.0,27.0,-9.0,28.0,-9.0,26.0,-7.0,24.0,-7.0,20.0,-6.0,16.0,-6.0,12.0,-6.0,7.0,-6.0,1.0,-8.0,-4.0,-10.0,-10.0,-12.0,-14.0,-15.0,-18.0,-17.0,-21.0,-20.0,-23.0,-21.0,-24.0,-23.0,-24.0,-23.0,-22.0,-23.0,-21.0,-21.0,-19.0
1.4938,98.0,33.0,22.0,0.0,0.0,0.0,0.0,0.0,0.0,0.0,0.0,0.0,26.0,7.0,20.0,5.0,20.0,1.0,16.0,1.0,12.0,-3.0,5.0,-9.0,1.0,-12.0,-7.0,-15.0,-10.0,-19.0,-13.0,-17.0,-18.0,-18.0,-22.0,-17.0,-24.0,-18.0,-27.0,-17.0,-27.0,-15.0,-29.0,-13.0,-27.0,-10.0,-23.0,-8.0,-21.0,-5.0,-14.0,-2.0,-6.0,1.0,1.0,1.0,9.0,0.0,16.0,1.0,22.0,0.0,31.0,-1.0
1.5059,122.0,-96.0,7.0,0.0,0.0,0.0,0.0,0.0,0.0,0.0,0.0,0.0,-8.0,10.0,-7.0,4.0,-7.0,-1.0,-8.0,-7.0,-9.0,-12.0,-12.0,-18.0,-13.0,-22.0,-16.0,-25.0,-18.0,-27.0,-19.0,-27.0,-20.0,-28.0,-21.0,-26.0,-20.0,-24.0,-20.0,-22.0,-17.0,-19.0,-13.0,-15.0,-8.0,-13.0,-3.0,-10.0,3.0,-7.0,9.0,-5.0,15.0,-5.0,21.0,-4.0,25.0,-5.0,30.0,-6.0,32.0,-7.0,34.0,-9.0
1.5197,122.0,-96.0,7.0,0.0,0.0,0.0,0.0,0.0,0.0,0.0,0.0,0.0,1.0,14.0,0.0,19.0,0.0,23.0,0.0,27.0,0.0,30.0,1.0,32.0,2.0,33.0,3.0,32.0,3.0,30.0,3.0,26.0,2.0,22.0,1.0,18.0,-1.0,13.0,-4.0,7.0,-7.0,2.0,-12.0,-2.0,-17.0,-7.0,-20.0,-10.0,-26.0,-13.0,-29.0,-15.0,-32.0,-16.0,-33.0,-15.0,-34.0,-14.0,-33.0,-12.0,-31.0,-11.0,-28.0,-9.0
1.5336,122.0,-96.0,7.0,0.0,0.0,0.0,0.0,0.0,0.0,0.0,0.0,0.0,0.0,-13.0,2.0,-8.0,6.0,-3.0,9.0,1.0,13.0,6.0,18.0,9.0,21.0,11.0,25.0,13.0,28.0,13.0,30.0,13.0,31.0,12.0,30.0,10.0,29.0,9.0,27.0,7.0,23.0,6.0,18.0,5.0,13.0,5.0,6.0,6.0,0.0,8.0,-6.0,8.0,-11.0,12.0,-17.0,14.0,-20.0,18.0,-22.0,21.0,-24.0,24.0,-24.0,26.0
1.5481,122.0,-96.0,7.0,0.0,0.0,0.0,0.0,0.0,0.0,0.0,0.0,0.0,20.0,1.0,22.0,0.0,22.0,-1.0,22.0,-1.0,20.0,-2.0,19.0,-1.0,16.0,-1.0,13.0,0.0,9.0,1.0,5.0,3.0,2.0,4.0,-2.0,7.0,-6.0,10.0,-8.0,12.0,-11.0,15.0,-12.0,17.0,-13.0,19.0,-14.0,20.0,-13.0,21.0,-13.0,21.0,-12.0,20.0,-10.0,18.0,-8.0,16.0,-7.0,12.0,-6.0,8.0,-5.0,4.0
1.5619,122.0,-96.0,7.0,0.0,0.0,0.0,0.0,0.0,0.0,0.0,0.0,0.0,5.0,9.0,6.0,9.0,5.0,9.0,6.0,9.0,6.0,9.0,6.0,10.0,6.0,10.0,7.0,9.0,6.0,10.0,6.0,10.0,7.0,10.0,7.0,10.0,7.0,10.0,7.0,10.0,7.0,10.0,7.0,10.0,7.0,10.0,7.0,10.0,8.0,10.0,7.0,10.0,8.0,10.0,8.0,10.0,8.0,10.0,8.0,10.0,8.0,10.0,8.0,10.0
1.5763,122.0,-96.0,7.0,0.0,0.0,0.0,0.0,0.0,0.0,0.0,0.0,0.0,25.0,-2.0,22.0,-2.0,19.0,-2.0,15.0,-1.0,11.0,0.0,6.0,3.0,2.0,6.0,-3.0,9.0,-6.0,13.0,-10.0,16.0,-12.0,19.0,-13.0,22.0,-14.0,25.0,-13.0,27.0,-13.0,28.0,-12.0,27.0,-10.0,25.0,-9.0,23.0,-8.0,19.0,-7.0,15.0,-6.0,9.0,-7.0,4.0,-7.0,-2.0,-8.0,-8.0,-10.0,-13.0,-13.0,-18.0
1.5905,122.0,-96.0,7.0,0.0,0.0,0.0,0.0,0.0,0.0,0.0,0.0,0.0,13.0,-4.0,13.0,-4.0,14.0,-4.0,14.0,-4.0,14.0,-4.0,14.0,-4.0,14.0,-4.0,14.0,-5.0,14.0,-4.0,14.0,-5.0,15.0,-5.0,15.0,-5.0,15.0,-5.0,15.0,-5.0,15.0,-5.0,15.0,-5.0,16.0,-6.0,15.0,-6.0,15.0,-6.0,15.0,-5.0,16.0,-5.0,16.0,-5.0,15.0,-6.0,16.0,-6.0,16.0,-6.0,16.0,-6.0
1.6044,122.0,-96.0,7.0,0.0,0.0,0.0,0.0,0.0,0.0,0.0,0.0,0.0,-3.0,11.0,-5.0,14.0,-7.0,18.0,-7.0,20.0,-8.0,23.0,-8.0,25.0,-7.0,25.0,-6.0,25.0,-5.0,24.0,-5.0,21.0,-4.0,18.0,-5.0,13.0,-4.0,9.0,-5.0,4.0,-6.0,-1.0,-8.0,-5.0,-11.0,-10.0,-13.0,-13.0,-16.0,-17.0,-18.0,-19.0,-20.0,-20.0,-21.0,-20.0,-22.0,-20.0,-22.0,-18.0,-21.0,-16.0,-19.0,-14.0
1.6192,122.0,-96.0,7.0,0.0,0.0,0.0,0.0,0.0,0.0,0.0,0.0,0.0,-4.0,-14.0,-4.0,-14.0,-4.0,-15.0,-4.0,-15.0,-4.0,-15.0,-5.0,-15.0,-5.0,-15.0,-5.0,-15.0,-5.0,-15.0,-5.0,-15.0,-5.0,-16.0,-5.0,-16.0,-5.0,-16.0,-6.0,-16.0,-6.0,-16.0,-6.0,-16.0,-6.0,-16.0,-6.0,-16.0,-6.0,-16.0,-6.0,-16.0,-6.0,-16.0,-6.0,-16.0,-7.0,-16.0,-7.0,-17.0,-7.0,-16.0,-7.0,-17.0
1.633,122.0,-96.0,7.0,0.0,0.0,0.0,0.0,0.0,0.0,0.0,0.0,0.0,13.0,-22.0,14.0,-25.0,14.0,-25.0,13.0,-25.0,11.0,-24.0,10.0,-22.0,9.0,-19.0,8.0,-15.0,7.0,-11.0,6.0,-5.0,6.0,0.0,6.0,6.0,7.0,11.0,8.0,16.0,10.0,20.0,11.0,23.0,13.0,25.0,14.0,27.0,15.0,27.0,15.0,26.0,15.0,24.0,14.0,21.0,12.0,18.0,9.0,15.0,5.0,11.0,1.0,8.0
1.6461,122.0,-96.0,7.0,0.0,0.0,0.0,0.0,0.0,0.0,0.0,0.0,0.0,-11.0,26.0,-9.0,24.0,-8.0,20.0,-7.0,16.0,-7.0,11.0,-7.0,4.0,-8.0,-1.0,-9.0,-7.0,-11.0,-13.0,-13.0,-17.0,-15.0,-21.0,-17.0,-24.0,-20.0,-26.0,-22.0,-27.0,-23.0,-27.0,-23.0,-25.0,-23.0,-23.0,-20.0,-20.0,-17.0,-17.0,-13.0,-14.0,-8.0,-11.0,-2.0,-9.0,5.0,-7.0,11.0,-5.0,17.0,-4.0,23.0,-5.0
1.6598,122.0,-96.0,7.0,0.0,0.0,0.0,0.0,0.0,0.0,0.0,0.0,0.0,-7.0,10.0,-7.0,11.0,-7.0,11.0,-7.0,11.0,-7.0,11.0,-7.0,11.0,-7.0,11.0,-7.0,12.0,-7.0,12.0,-7.0,12.0,-7.0,12.0,-7.0,12.0,-7.0,12.0,-7.0,12.0,-7.0,13.0,-7.0,12.0,-6.0,12.0,-6.0,13.0,-7.0,13.0,-7.0,13.0,-7.0,13.0,-6.0,13.0,-6.0,14.0,-6.0,13.0,-6.0,14.0,-6.0,14.0
1.6742,122.0,-96.0,7.0,0.0,0.0,0.0,0.0,0.0,0.0,0.0,0.0,0.0,8.0,7.0,10.0,10.0,12.0,13.0,14.0,15.0,16.0,17.0,18.0,18.0,19.0,18.0,19.0,17.0,18.0,16.0,16.0,14.0,14.0,12.0,11.0,10.0,7.0,8.0,2.0,6.0,-2.0,5.0,-7.0,4.0,-12.0,4.0,-17.0,4.0,-21.0,5.0,-24.0,6.0,-27.0,7.0,-28.0,8.0,-27.0,9.0,-26.0,10.0,-25.0,10.0,-22.0,10.0
1.691,122.0,-96.0,7.0,0.0,0.0,0.0,0.0,0.0,0.0,0.0,0.0,0.0,17.0,-20.0,15.0,-18.0,13.0,-15.0,10.0,-12.0,8.0,-8.0,7.0,-3.0,5.0,2.0,5.0,8.0,4.0,13.0,5.0,18.0,5.0,21.0,6.0,25.0,7.0,27.0,9.0,29.0,10.0,29.0,10.0,27.0,10.0,25.0,9.0,22.0,8.0,18.0,5.0,15.0,2.0,10.0,-2.0,7.0,-7.0,3.0,-12.0,0.0,-16.0,-3.0,-21.0,-5.0
1.7051,122.0,-96.0,7.0,0.0,0.0,0.0,0.0,0.0,0.0,0.0,0.0,0.0,3.0,10.0,0.0,7.0,-4.0,4.0,-9.0,1.0,-14.0,0.0,-19.0,-2.0,-22.0,-2.0,-26.0,-2.0,-29.0,-2.0,-30.0,-1.0,-30.0,0.0,-30.0,1.0,-28.0,1.0,-26.0,3.0,-22.0,2.0,-18.0,1.0,-13.0,-1.0,-8.0,-3.0,-3.0,-7.0,1.0,-10.0,5.0,-14.0,8.0,-18.0,10.0,-22.0,11.0,-25.0,12.0,-28.0,11.0,-29.0
1.7162,122.0,-96.0,7.0,0.0,0.0,0.0,0.0,0.0,0.0,0.0,0.0,0.0,14.0,1.0,18.0,3.0,23.0,4.0,26.0,4.0,30.0,4.0,32.0,4.0,33.0,3.0,32.0,1.0,31.0,1.0,28.0,1.0,23.0,1.0,19.0,2.0,13.0,2.0,8.0,4.0,2.0,6.0,-4.0,9.0,-9.0,13.0,-13.0,16.0,-17.0,21.0,-19.0,24.0,-21.0,27.0,-21.0,29.0,-20.0,30.0,-19.0,29.0,-17.0,28.0,-15.0,26.0
1.73,122.0,-96.0,7.0,0.0,0.0,0.0,0.0,0.0,0.0,0.0,0.0,0.0,-1.0,-14.0,-2.0,-15.0,-1.0,-15.0,-2.0,-16.0,-2.0,-15.0,-2.0,-16.0,-2.0,-16.0,-2.0,-16.0,-2.0,-16.0,-2.0,-16.0,-2.0,-17.0,-2.0,-16.0,-2.0,-16.0,-3.0,-16.0,-3.0,-16.0,-3.0,-16.0,-3.0,-17.0,-3.0,-17.0,-3.0,-17.0,-3.0,-17.0,-3.0,-17.0,-4.0,-17.0,-4.0,-17.0,-4.0,-18.0,-4.0,-18.0,-4.0,-17.0
1.7441,122.0,-96.0,7.0,0.0,0.0,0.0,0.0,0.0,0.0,0.0,0.0,0.0,0.0,-12.0,1.0,-16.0,2.0,-19.0,2.0,-22.0,2.0,-25.0,1.0,-26.0,0.0,-27.0,-1.0,-27.0,-2.0,-26.0,-1.0,-23.0,-1.0,-19.0,0.0,-16.0,1.0,-12.0,3.0,-7.0,4.0,-3.0,8.0,1.0,11.0,5.0,14.0,8.0,18.0,11.0,21.0,12.0,23.0,13.0,24.0,13.0,25.0,12.0,25.0,11.0,24.0,10.0,22.0,8.0
1.7572,122.0,-96.0,7.0,0.0,0.0,0.0,0.0,0.0,0.0,0.0,0.0,0.0,3.0,-13.0,2.0,-13.0,3.0,-13.0,3.0,-13.0,3.0,-13.0,2.0,-14.0,3.0,-14.0,3.0,-14.0,3.0,-14.0,3.0,-14.0,2.0,-14.0,3.0,-15.0,3.0,-14.0,2.0,-14.0,3.0,-15.0,3.0,-14.0,2.0,-15.0,2.0,-15.0,3.0,-15.0,2.0,-15.0,3.0,-15.0,2.0,-15.0,2.0,-15.0,1.0,-16.0,2.0,-16.0,2.0,-16.0
1.7713,122.0,-96.0,7.0,0.0,0.0,0.0,0.0,0.0,0.0,0.0,0.0,0.0,14.0,-3.0,19.0,-2.0,24.0,-3.0,27.0,-3.0,30.0,-4.0,32.0,-5.0,32.0,-6.0,32.0,-7.0,30.0,-7.0,26.0,-6.0,22.0,-5.0,18.0,-3.0,13.0,-1.0,7.0,3.0,2.0,6.0,-2.0,11.0,-6.0,16.0,-10.0,20.0,-12.0,25.0,-13.0,29.0,-14.0,32.0,-13.0,33.0,-12.0,34.0,-11.0,32.0,-9.0,31.0,-8.0,27.0
1.7852,122.0,-96.0,7.0,0.0,0.0,0.0,0.0,0.0,0.0,0.0,0.0,0.0,-22.0,-9.0,-24.0,-9.0,-24.0,-9.0,-24.0,-8.0,-23.0,-7.0,-21.0,-7.0,-18.0,-6.0,-15.0,-6.0,-11.0,-5.0,-6.0,-6.0,-1.0,-6.0,4.0,-8.0,9.0,-9.0,13.0,-11.0,16.0,-12.0,19.0,-14.0,21.0,-16.0,22.0,-17.0,22.0,-18.0,21.0,-18.0,20.0,-17.0,17.0,-16.0,15.0,-15.0,11.0,-11.0,9.0,-7.0,6.0,-3.0
1.7987,122.0,-96.0,7.0,0.0,0.0,0.0,0.0,0.0,0.0,0.0,0.0,0.0,-12.0,4.0,-8.0,0.0,-5.0,-5.0,-3.0,-10.0,-1.0,-16.0,-1.0,-22.0,-1.0,-26.0,-1.0,-29.0,-2.0,-33.0,-2.0,-33.0,-4.0,-34.0,-4.0,-33.0,-5.0,-31.0,-6.0,-28.0,-5.0,-24.0,-3.0,-18.0,-1.0,-14.0,2.0,-9.0,7.0,-4.0,11.0,1.0,17.0,4.0,21.0,7.0,26.0,9.0,30.0,9.0,32.0,9.0,34.0,9.0
1.8166,122.0,-96.0,7.0,0.0,0.0,0.0,0.0,0.0,0.0,0.0,0.0,0.0,-10.0,3.0,-10.0,4.0,-9.0,4.0,-10.0,4.0,-10.0,4.0,-10.0,4.0,-10.0,4.0,-10.0,4.0,-10.0,4.0,-10.0,5.0,-10.0,5.0,-10.0,5.0,-10.0,5.0,-10.0,5.0,-10.0,6.0,-10.0,5.0,-11.0,5.0,-10.0,6.0,-10.0,6.0,-11.0,6.0,-10.0,6.0,-10.0,6.0,-10.0,6.0,-10.0,6.0,-10.0,6.0,-10.0,7.0
1.8275,122.0,-96.0,7.0,0.0,0.0,0.0,0.0,0.0,0.0,0.0,0.0,0.0,24.0,6.0,22.0,6.0,19.0,5.0,15.0,4.0,11.0,4.0,6.0,5.0,0.0,6.0,-5.0,7.0,-9.0,9.0,-14.0,12.0,-17.0,13.0,-19.0,16.0,-22.0,18.0,-23.0,20.0,-22.0,22.0,-21.0,21.0,-20.0,21.0,-18.0,19.0,-15.0,17.0,-13.0,14.0,-11.0,9.0,-9.0,5.0,-7.0,-1.0,-6.0,-7.0,-5.0,-12.0,-6.0,-18.0
1.8404,122.0,-96.0,7.0,0.0,0.0,0.0,0.0,0.0,0.0,0.0,0.0,0.0,3.0,-11.0,3.0,-11.0,3.0,-12.0,3.0,-12.0,3.0,-12.0,3.0,-13.0,3.0,-12.0,3.0,-12.0,3.0,-13.0,3.0,-13.0,3.0,-13.0,3.0,-13.0,2.0,-13.0,3.0,-13.0,2.0,-13.0,3.0,-14.0,2.0,-13.0,2.0,-14.0,2.0,-13.0,2.0,-14.0,2.0,-13.0,2.0,-14.0,2.0,-14.0,1.0,-14.0,2.0,-14.0,1.0,-14.0
1.8573,122.0,-96.0,7.0,0.0,0.0,0.0,0.0,0.0,0.0,0.0,0.0,0.0,-7.0,-25.0,-6.0,-23.0,-5.0,-20.0,-4.0,-16.0,-2.0,-12.0,1.0,-8.0,5.0,-4.0,9.0,0.0,13.0,3.0,17.0,5.0,20.0,7.0,24.0,8.0,26.0,9.0,28.0,8.0,29.0,7.0,29.0,6.0,28.0,5.0,25.0,4.0,21.0,4.0,17.0,3.0,12.0,4.0,6.0,5.0,0.0,6.0,-5.0,8.0,-10.0,10.0,-14.0,13.0
1.872,122.0,-96.0,7.0,0.0,0.0,0.0,0.0,0.0,0.0,0.0,0.0,0.0,-4.0,-11.0,0.0,-7.0,4.0,-4.0,8.0,-2.0,13.0,0.0,18.0,1.0,21.0,2.0,24.0,2.0,28.0,2.0,29.0,2.0,29.0,0.0,29.0,0.0,27.0,-1.0,25.0,-2.0,21.0,-2.0,17.0,-1.0,12.0,0.0,7.0,3.0,2.0,6.0,-2.0,9.0,-6.0,13.0,-9.0,17.0,-12.0,21.0,-13.0,24.0,-14.0,26.0,-14.0,28.0
1.8864,122.0,-96.0,7.0,0.0,0.0,0.0,0.0,0.0,0.0,0.0,0.0,0.0,10.0,0.0,11.0,0.0,11.0,0.0,11.0,0.0,11.0,0.0,12.0,1.0,12.0,0.0,12.0,0.0,12.0,0.0,12.0,0.0,12.0,0.0,12.0,0.0,12.0,0.0,13.0,-1.0,13.0,0.0,12.0,0.0,13.0,-1.0,13.0,0.0,13.0,0.0,13.0,-1.0,13.0,-1.0,13.0,-1.0,13.0,-1.0,13.0,-1.0,13.0,-1.0,13.0,-1.0
1.8989,122.0,-96.0,7.0,0.0,0.0,0.0,0.0,0.0,0.0,0.0,0.0,0.0,2.0,10.0,-1.0,7.0,-5.0,3.0,-9.0,0.0,-14.0,-2.0,-18.0,-3.0,-22.0,-4.0,-26.0,-5.0,-28.0,-4.0,-30.0,-4.0,-30.0,-2.0,-30.0,-2.0,-28.0,-1.0,-26.0,1.0,-22.0,0.0,-18.0,-1.0,-13.0,-2.0,-8.0,-4.0,-3.0,-7.0,2.0,-9.0,6.0,-14.0,9.0,-17.0,12.0,-21.0,13.0,-24.0,14.0,-27.0,14.0,-28.0
1.9131,122.0,-96.0,7.0,0.0,0.0,0.0,0.0,0.0,0.0,0.0,0.0,0.0,2.0,-13.0,4.0,-17.0,6.0,-20.0,7.0,-24.0,7.0,-26.0,8.0,-28.0,7.0,-30.0,6.0,-29.0,5.0,-28.0,4.0,-25.0,4.0,-21.0,4.0,-17.0,4.0,-12.0,5.0,-7.0,6.0,-1.0,8.0,3.0,10.0,9.0,13.0,13.0,16.0,17.0,18.0,19.0,21.0,21.0,22.0,21.0,23.0,21.0,23.0,20.0,23.0,18.0,20.0,16.0
1.9285,122.0,-96.0,7.0,0.0,0.0,0.0,0.0,0.0,0.0,0.0,0.0,0.0,6.0,-10.0,9.0,-12.0,12.0,-15.0,14.0,-17.0,15.0,-19.0,16.0,-21.0,16.0,-21.0,15.0,-22.0,14.0,-21.0,12.0,-18.0,11.0,-15.0,9.0,-11.0,7.0,-8.0,6.0,-3.0,5.0,2.0,5.0,7.0,5.0,12.0,5.0,17.0,6.0,20.0,8.0,23.0,9.0,26.0,9.0,26.0,11.0,26.0,11.0,25.0,11.0,23.0,10.0,20.0
1.9424,122.0,-96.0,7.0,0.0,0.0,0.0,0.0,0.0,0.0,0.0,0.0,0.0,23.0,11.0,26.0,11.0,26.0,10.0,25.0,9.0,24.0,8.0,22.0,8.0,18.0,6.0,15.0,6.0,10.0,5.0,4.0,5.0,-1.0,6.0,-7.0,7.0,-12.0,9.0,-16.0,10.0,-21.0,13.0,-23.0,14.0,-25.0,16.0,-25.0,17.0,-25.0,19.0,-24.0,19.0,-22.0,18.0,-20.0,16.0,-16.0,13.0,-13.0,10.0,-10.0,5.0,-8.0,0.0
1.9563,122.0,-96.0,7.0,0.0,0.0,0.0,0.0,0.0,0.0,0.0,0.0,0.0,28.0,3.0,25.0,2.0,22.0,2.0,17.0,2.0,12.0,3.0,6.0,4.0,0.0,7.0,-5.0,10.0,-10.0,13.0,-14.0,16.0,-17.0,19.0,-20.0,22.0,-21.0,24.0,-21.0,27.0,-20.0,28.0,-19.0,28.0,-17.0,26.0,-15.0,24.0,-13.0,19.0,-11.0,15.0,-9.0,9.0,-8.0,3.0,-8.0,-4.0,-8.0,-11.0,-8.0,-17.0,-10.0,-23.0
1.9705,122.0,-96.0,7.0,0.0,0.0,0.0,0.0,0.0,0.0,0.0,0.0,0.0,10.0,-6.0,9.0,-6.0,10.0,-7.0,10.0,-7.0,10.0,-6.0,9.0,-7.0,10.0,-6.0,10.0,-7.0,11.0,-6.0,10.0,-7.0,10.0,-8.0,10.0,-7.0,11.0,-8.0,10.0,-8.0,10.0,-8.0,10.0,-8.0,10.0,-8.0,10.0,-8.0,10.0,-8.0,10.0,-9.0,10.0,-8.0,10.0,-8.0,10.0,-9.0,10.0,-9.0,10.0,-9.0,10.0,-9.0
1.984,122.0,-96.0,7.0,0.0,0.0,0.0,0.0,0.0,0.0,0.0,0.0,0.0,22.0,-6.0,20.0,-5.0,17.0,-5.0,14.0,-3.0,10.0,-1.0,6.0,2.0,2.0,5.0,-1.0,8.0,-4.0,12.0,-6.0,16.0,-8.0,18.0,-9.0,21.0,-9.0,24.0,-8.0,25.0,-8.0,27.0,-6.0,25.0,-5.0,24.0,-5.0,21.0,-4.0,18.0,-4.0,14.0,-4.0,9.0,-5.0,4.0,-7.0,-1.0,-8.0,-6.0,-11.0,-10.0,-14.0,-14.0
1.998,122.0,-96.0,7.0,0.0,0.0,0.0,0.0,0.0,0.0,0.0,0.0,0.0,12.0,-7.0,17.0,-8.0,21.0,-9.0,25.0,-10.0,28.0,-13.0,29.0,-14.0,29.0,-16.0,29.0,-17.0,27.0,-17.0,24.0,-16.0,21.0,-13.0,17.0,-10.0,14.0,-7.0,10.0,-2.0,5.0,2.0,3.0,8.0,1.0,14.0,-1.0,20.0,-2.0,25.0,-2.0,29.0,-1.0,33.0,-1.0,35.0,0.0,36.0,1.0,35.0,2.0,34.0,3.0,30.0
2.0119,122.0,-96.0,7.0,0.0,0.0,0.0,0.0,0.0,0.0,0.0,0.0,0.0,-2.0,10.0,-2.0,10.0,-2.0,11.0,-2.0,11.0,-2.0,12.0,-1.0,12.0,-2.0,12.0,-1.0,12.0,-2.0,12.0,-2.0,12.0,-2.0,12.0,-1.0,12.0,-1.0,12.0,-1.0,12.0,-2.0,12.0,-1.0,12.0,-1.0,12.0,-1.0,13.0,-1.0,12.0,-1.0,13.0,-1.0,13.0,-1.0,13.0,-1.0,13.0,0.0,13.0,-1.0,13.0,0.0,13.0
2.0266,122.0,-96.0,7.0,0.0,0.0,0.0,0.0,0.0,0.0,0.0,0.0,0.0,-20.0,-17.0,-19.0,-16.0,-16.0,-13.0,-13.0,-11.0,-9.0,-10.0,-4.0,-8.0,1.0,-7.0,6.0,-6.0,11.0,-6.0,16.0,-6.0,20.0,-6.0,23.0,-7.0,27.0,-8.0,28.0,-10.0,29.0,-11.0,28.0,-12.0,26.0,-12.0,24.0,-11.0,20.0,-10.0,17.0,-8.0,13.0,-5.0,9.0,-2.0,5.0,3.0,1.0,8.0,-2.0,12.0,-3.0,17.0
2.0404,122.0,-96.0,7.0,0.0,0.0,0.0,0.0,0.0,0.0,0.0,0.0,0.0,8.0,-8.0,8.0,-8.0,8.0,-8.0,8.0,-8.0,8.0,-8.0,8.0,-9.0,9.0,-9.0,8.0,-9.0,9.0,-9.0,9.0,-9.0,9.0,-9.0,9.0,-9.0,9.0,-10.0,9.0,-9.0,8.0,-10.0,9.0,-10.0,9.0,-9.0,9.0,-10.0,8.0,-10.0,8.0,-10.0,9.0,-11.0,9.0,-10.0,9.0,-11.0,9.0,-11.0,8.0,-11.0,8.0,-11.0
2.0562,122.0,-96.0,7.0,0.0,0.0,0.0,0.0,0.0,0.0,0.0,0.0,0.0,-10.0,-12.0,-4.0,-9.0,2.0,-7.0,9.0,-6.0,15.0,-6.0,23.0,-7.0,28.0,-7.0,32.0,-8.0,36.0,-11.0,37.0,-12.0,37.0,-14.0,36.0,-15.0,33.0,-15.0,30.0,-15.0,26.0,-13.0,20.0,-9.0,16.0,-6.0,10.0,0.0,6.0,6.0,1.0,11.0,-2.0,19.0,-4.0,25.0,-5.0,31.0,-4.0,35.0,-4.0,39.0,-3.0,42.0
2.0707,122.0,-96.0,7.0,0.0,0.0,0.0,0.0,0.0,0.0,0.0,0.0,0.0,-2.0,-14.0,-2.0,-14.0,-2.0,-15.0,-3.0,-15.0,-3.0,-15.0,-3.0,-16.0,-3.0,-15.0,-3.0,-15.0,-3.0,-16.0,-3.0,-16.0,-3.0,-16.0,-3.0,-16.0,-3.0,-16.0,-4.0,-16.0,-4.0,-16.0,-4.0,-16.0,-4.0,-17.0,-4.0,-16.0,-4.0,-16.0,-5.0,-17.0,-5.0,-16.0,-5.0,-16.0,-5.0,-16.0,-5.0,-17.0,-5.0,-17.0,-5.0,-17.0
2.0837,122.0,-96.0,7.0,0.0,0.0,0.0,0.0,0.0,0.0,0.0,0.0,0.0,-12.0,-5.0,-7.0,-6.0,-1.0,-7.0,4.0,-9.0,10.0,-11.0,15.0,-15.0,18.0,-18.0,21.0,-20.0,22.0,-23.0,23.0,-25.0,22.0,-26.0,21.0,-26.0,19.0,-25.0,16.0,-24.0,14.0,-20.0,12.0,-16.0,9.0,-11.0,8.0,-5.0,7.0,2.0,6.0,8.0,6.0,14.0,7.0,20.0,9.0,25.0,10.0,29.0,12.0,31.0,14.0,32.0
2.0991,122.0,-96.0,7.0,0.0,0.0,0.0,0.0,0.0,0.0,0.0,0.0,0.0,-13.0,-12.0,-13.0,-12.0,-13.0,-12.0,-13.0,-12.0,-13.0,-12.0,-14.0,-12.0,-14.0,-12.0,-14.0,-12.0,-14.0,-12.0,-14.0,-12.0,-14.0,-12.0,-14.0,-12.0,-15.0,-12.0,-15.0,-12.0,-15.0,-12.0,-14.0,-12.0,-14.0,-12.0,-15.0,-12.0,-14.0,-12.0,-15.0,-12.0,-15.0,-12.0,-15.0,-12.0,-15.0,-12.0,-15.0,-12.0,-15.0,-12.0,-16.0,-12.0
2.1124,122.0,-96.0,7.0,0.0,0.0,0.0,0.0,0.0,0.0,0.0,0.0,0.0,-19.0,-1.0,-19.0,-1.0,-19.0,-1.0,-19.0,-1.0,-20.0,-1.0,-20.0,-1.0,-20.0,-1.0,-20.0,0.0,-21.0,0.0,-21.0,0.0,-21.0,0.0,-21.0,0.0,-21.0,0.0,-21.0,0.0,-21.0,0.0,-21.0,0.0,-21.0,0.0,-21.0,0.0,-21.0,0.0,-21.0,1.0,-22.0,0.0,-21.0,1.0,-22.0,1.0,-21.0,1.0,-21.0,1.0,-21.0,1.0
2.1301,122.0,-96.0,7.0,0.0,0.0,0.0,0.0,0.0,0.0,0.0,0.0,0.0,-9.0,-6.0,-10.0,-5.0,-9.0,-5.0,-10.0,-6.0,-10.0,-5.0,-11.0,-5.0,-10.0,-5.0,-11.0,-5.0,-10.0,-5.0,-11.0,-5.0,-11.0,-5.0,-11.0,-6.0,-11.0,-6.0,-11.0,-6.0,-11.0,-5.0,-11.0,-5.0,-11.0,-5.0,-11.0,-5.0,-12.0,-5.0,-11.0,-5.0,-12.0,-5.0,-12.0,-4.0,-12.0,-5.0,-12.0,-5.0,-12.0,-5.0,-12.0,-5.0
2.1429,122.0,-96.0,7.0,0.0,0.0,0.0,0.0,0.0,0.0,0.0,0.0,0.0,-10.0,-6.0,-5.0,-6.0,0.0,-6.0,5.0,-7.0,10.0,-9.0,14.0,-11.0,17.0,-14.0,20.0,-16.0,22.0,-18.0,22.0,-19.0,22.0,-20.0,21.0,-21.0,19.0,-20.0,16.0,-19.0,14.0,-16.0,11.0,-12.0,9.0,-7.0,7.0,-2.0,5.0,3.0,4.0,9.0,4.0,14.0,5.0,19.0,6.0,23.0,8.0,26.0,9.0,28.0,10.0,29.0
2.1563,122.0,-96.0,7.0,0.0,0.0,0.0,0.0,0.0,0.0,0.0,0.0,0.0,22.0,3.0,20.0,2.0,18.0,2.0,14.0,2.0,10.0,2.0,5.0,3.0,1.0,5.0,-4.0,7.0,-8.0,10.0,-11.0,12.0,-14.0,14.0,-16.0,16.0,-17.0,19.0,-17.0,21.0,-18.0,21.0,-16.0,21.0,-15.0,21.0,-13.0,19.0,-11.0,16.0,-10.0,13.0,-8.0,8.0,-7.0,3.0,-6.0,-2.0,-6.0,-7.0,-5.0,-12.0,-7.0,-17.0
2.1689,122.0,-96.0,7.0,0.0,0.0,0.0,0.0,0.0,0.0,0.0,0.0,0.0,-13.0,2.0,-13.0,2.0,-13.0,2.0,-13.0,3.0,-13.0,2.0,-13.0,3.0,-14.0,2.0,-14.0,3.0,-14.0,3.0,-14.0,3.0,-14.0,3.0,-14.0,3.0,-14.0,3.0,-14.0,3.0,-14.0,4.0,-14.0,3.0,-15.0,4.0,-14.0,4.0,-14.0,4.0,-15.0,4.0,-14.0,4.0,-15.0,4.0,-14.0,5.0,-15.0,5.0,-14.0,4.0,-15.0,5.0
2.1827,122.0,-96.0,7.0,0.0,0.0,0.0,0.0,0.0,0.0,0.0,0.0,0.0,-11.0,26.0,-10.0,24.0,-9.0,20.0,-8.0,15.0,-7.0,10.0,-7.0,5.0,-8.0,-2.0,-9.0,-7.0,-11.0,-13.0,-12.0,-18.0,-14.0,-22.0,-16.0,-25.0,-19.0,-27.0,-21.0,-29.0,-22.0,-28.0,-22.0,-26.0,-21.0,-24.0,-19.0,-21.0,-17.0,-18.0,-12.0,-15.0,-7.0,-12.0,-2.0,-8.0,5.0,-6.0,11.0,-5.0,17.0,-3.0,23.0,-3.0
2.209,122.0,-96.0,7.0,0.0,0.0,0.0,0.0,0.0,0.0,0.0,0.0,0.0,0.0,-13.0,2.0,-8.0,6.0,-3.0,9.0,1.0,14.0,5.0,18.0,8.0,22.0,10.0,26.0,12.0,29.0,12.0,31.0,13.0,31.0,12.0,31.0,10.0,29.0,8.0,27.0,7.0,22.0,5.0,17.0,5.0,12.0,5.0,5.0,6.0,-1.0,8.0,-7.0,9.0,-13.0,12.0,-18.0,15.0,-21.0,19.0,-24.0,22.0,-25.0,25.0,-25.0,25.0
2.2249,122.0,-96.0,7.0,0.0,0.0,0.0,0.0,0.0,0.0,0.0,0.0,0.0,-16.0,-7.0,-16.0,-7.0,-16.0,-7.0,-16.0,-6.0,-17.0,-7.0,-17.0,-7.0,-17.0,-7.0,-18.0,-7.0,-17.0,-6.0,-18.0,-7.0,-18.0,-7.0,-18.0,-7.0,-18.0,-7.0,-18.0,-6.0,-18.0,-7.0,-19.0,-6.0,-18.0,-6.0,-19.0,-6.0,-19.0,-6.0,-19.0,-6.0,-19.0,-6.0,-19.0,-6.0,-19.0,-6.0,-20.0,-5.0,-20.0,-5.0,-21.0,-6.0
2.2382,122.0,-96.0,7.0,0.0,0.0,0.0,0.0,0.0,0.0,0.0,0.0,0.0,10.0,-4.0,14.0,-5.0,18.0,-6.0,20.0,-6.0,23.0,-8.0,24.0,-9.0,25.0,-10.0,24.0,-11.0,23.0,-10.0,20.0,-10.0,17.0,-8.0,14.0,-6.0,10.0,-4.0,7.0,0.0,3.0,3.0,1.0,8.0,-2.0,12.0,-4.0,16.0,-5.0,20.0,-5.0,23.0,-5.0,26.0,-5.0,28.0,-4.0,28.0,-3.0,27.0,-2.0,26.0,-1.0,24.0
2.2568,122.0,-96.0,7.0,0.0,0.0,0.0,0.0,0.0,0.0,0.0,0.0,0.0,-8.0,-9.0,-8.0,-9.0,-8.0,-9.0,-8.0,-9.0,-9.0,-9.0,-9.0,-10.0,-9.0,-9.0,-9.0,-9.0,-9.0,-9.0,-9.0,-10.0,-9.0,-10.0,-9.0,-10.0,-9.0,-10.0,-10.0,-9.0,-10.0,-10.0,-10.0,-10.0,-10.0,-9.0,-10.0,-10.0,-10.0,-10.0,-10.0,-10.0,-10.0,-10.0,-10.0,-10.0,-11.0,-10.0,-10.0,-10.0,-11.0,-10.0,-11.0,-10.0
2.2702,122.0,-96.0,7.0,0.0,0.0,0.0,0.0,0.0,0.0,0.0,0.0,0.0,-10.0,-19.0,-11.0,-21.0,-11.0,-20.0,-12.0,-20.0,-12.0,-19.0,-11.0,-18.0,-10.0,-15.0,-7.0,-13.0,-5.0,-10.0,-1.0,-8.0,2.0,-5.0,6.0,-3.0,10.0,-1.0,14.0,0.0,17.0,1.0,20.0,2.0,23.0,2.0,24.0,2.0,25.0,1.0,25.0,1.0,24.0,0.0,22.0,0.0,19.0,-1.0,15.0,-1.0,11.0,0.0,7.0,1.0
2.2816,122.0,-96.0,7.0,0.0,0.0,0.0,0.0,0.0,0.0,0.0,0.0,0.0,7.0,-9.0,7.0,-9.0,7.0,-9.0,8.0,-9.0,7.0,-9.0,8.0,-10.0,7.0,-9.0,8.0,-10.0,8.0,-10.0,7.0,-10.0,7.0,-10.0,8.0,-11.0,7.0,-10.0,7.0,-10.0,8.0,-11.0,8.0,-11.0,7.0,-11.0,7.0,-11.0,8.0,-12.0,8.0,-11.0,8.0,-11.0,8.0,-11.0,7.0,-12.0,7.0,-12.0,7.0,-12.0,7.0,-12.0
2.2948,122.0,-96.0,7.0,0.0,0.0,0.0,0.0,0.0,0.0,0.0,0.0,0.0,3.0,25.0,3.0,22.0,2.0,19.0,1.0,15.0,0.0,11.0,-3.0,7.0,-7.0,2.0,-9.0,-2.0,-13.0,-5.0,-17.0,-8.0,-20.0,-10.0,-23.0,-12.0,-26.0,-12.0,-28.0,-12.0,-30.0,-12.0,-29.0,-10.0,-28.0,-9.0,-25.0,-8.0,-22.0,-7.0,-17.0,-6.0,-12.0,-6.0,-7.0,-6.0,-1.0,-7.0,5.0,-8.0,10.0,-10.0,15.0,-13.0
2.3097,122.0,-96.0,7.0,0.0,0.0,0.0,0.0,0.0,0.0,0.0,0.0,0.0,-10.0,6.0,-7.0,2.0,-5.0,-3.0,-4.0,-8.0,-3.0,-13.0,-3.0,-18.0,-4.0,-22.0,-4.0,-26.0,-6.0,-28.0,-6.0,-30.0,-8.0,-30.0,-8.0,-29.0,-9.0,-27.0,-9.0,-25.0,-8.0,-21.0,-6.0,-17.0,-3.0,-13.0,1.0,-9.0,5.0,-5.0,9.0,-1.0,14.0,2.0,18.0,4.0,23.0,5.0,26.0,5.0,29.0,6.0,30.0,5.0
2.3243,122.0,-96.0,7.0,0.0,0.0,0.0,0.0,0.0,0.0,0.0,0.0,0.0,19.0,-17.0,17.0,-15.0,15.0,-14.0,12.0,-10.0,10.0,-7.0,7.0,-2.0,5.0,2.0,3.0,8.0,2.0,13.0,2.0,18.0,1.0,22.0,2.0,25.0,3.0,28.0,4.0,29.0,5.0,30.0,6.0,29.0,6.0,27.0,5.0,25.0,5.0,21.0,3.0,17.0,1.0,12.0,-2.0,8.0,-6.0,3.0,-10.0,-1.0,-14.0,-5.0,-19.0,-8.0
2.3385,122.0,-96.0,7.0,0.0,0.0,0.0,0.0,0.0,0.0,0.0,0.0,0.0,5.0,-12.0,8.0,-15.0,11.0,-18.0,13.0,-21.0,14.0,-24.0,14.0,-26.0,14.0,-27.0,12.0,-27.0,12.0,-26.0,10.0,-23.0,9.0,-19.0,8.0,-15.0,7.0,-11.0,6.0,-6.0,5.0,0.0,6.0,6.0,7.0,11.0,8.0,16.0,11.0,21.0,12.0,24.0,14.0,26.0,15.0,27.0,17.0,27.0,17.0,26.0,17.0,24.0,16.0,21.0
2.351,122.0,-96.0,7.0,0.0,0.0,0.0,0.0,0.0,0.0,0.0,0.0,0.0,12.0,2.0,12.0,1.0,12.0,2.0,12.0,2.0,13.0,1.0,13.0,1.0,13.0,1.0,13.0,1.0,13.0,1.0,13.0,1.0,13.0,1.0,14.0,2.0,13.0,2.0,14.0,1.0,14.0,1.0,14.0,1.0,14.0,1.0,14.0,1.0,14.0,1.0,14.0,1.0,14.0,0.0,14.0,0.0,14.0,1.0,15.0,0.0,15.0,1.0,15.0,0.0
2.365,122.0,-96.0,7.0,0.0,0.0,0.0,0.0,0.0,0.0,0.0,0.0,0.0,1.0,-12.0,2.0,-16.0,4.0,-19.0,4.0,-22.0,4.0,-25.0,4.0,-27.0,3.0,-27.0,2.0,-27.0,2.0,-25.0,1.0,-23.0,2.0,-19.0,2.0,-15.0,3.0,-11.0,4.0,-6.0,5.0,-1.0,8.0,3.0,10.0,8.0,13.0,12.0,16.0,15.0,18.0,16.0,21.0,17.0,21.0,18.0,22.0,17.0,22.0,16.0,21.0,14.0,19.0,12.0
2.3786,122.0,-96.0,7.0,0.0,0.0,0.0,0.0,0.0,0.0,0.0,0.0,0.0,10.0,3.0,10.0,3.0,11.0,3.0,10.0,3.0,11.0,3.0,11.0,3.0,11.0,2.0,11.0,3.0,11.0,3.0,12.0,3.0,12.0,3.0,12.0,3.0,12.0,3.0,12.0,3.0,12.0,3.0,12.0,3.0,12.0,2.0,12.0,2.0,13.0,2.0,12.0,2.0,13.0,2.0,13.0,2.0,13.0,2.0,13.0,2.0,13.0,2.0,13.0,2.0
2.3935,122.0,-96.0,7.0,0.0,0.0,0.0,0.0,0.0,0.0,0.0,0.0,0.0,-9.0,-8.0,-4.0,-7.0,1.0,-6.0,7.0,-6.0,12.0,-7.0,16.0,-8.0,20.0,-10.0,23.0,-12.0,25.0,-14.0,26.0,-15.0,25.0,-16.0,24.0,-16.0,22.0,-16.0,20.0,-15.0,16.0,-13.0,13.0,-10.0,10.0,-6.0,7.0,-1.0,4.0,5.0,2.0,10.0,1.0,15.0,0.0,20.0,1.0,25.0,2.0,28.0,3.0,30.0,4.0,31.0
2.4071,122.0,-96.0,7.0,0.0,0.0,0.0,0.0,0.0,0.0,0.0,0.0,0.0,-29.0,-8.0,-31.0,-8.0,-32.0,-7.0,-32.0,-7.0,-30.0,-6.0,-28.0,-5.0,-24.0,-5.0,-20.0,-5.0,-15.0,-5.0,-9.0,-6.0,-3.0,-7.0,3.0,-9.0,9.0,-12.0,14.0,-14.0,18.0,-17.0,21.0,-20.0,24.0,-22.0,25.0,-24.0,25.0,-26.0,24.0,-26.0,23.0,-25.0,20.0,-24.0,18.0,-21.0,14.0,-17.0,11.0,-12.0,9.0,-7.0
2.4237,122.0,-96.0,7.0,0.0,0.0,0.0,0.0,0.0,0.0,0.0,0.0,0.0,-11.0,-4.0,-11.0,-4.0,-11.0,-4.0,-12.0,-4.0,-12.0,-4.0,-12.0,-4.0,-12.0,-4.0,-13.0,-4.0,-12.0,-4.0,-13.0,-4.0,-13.0,-4.0,-13.0,-4.0,-12.0,-4.0,-13.0,-4.0,-14.0,-4.0,-13.0,-4.0,-13.0,-3.0,-13.0,-3.0,-14.0,-4.0,-14.0,-3.0,-14.0,-3.0,-14.0,-3.0,-14.0,-3.0,-14.0,-3.0,-14.0,-3.0,-14.0,-3.0
2.4363,122.0,-96.0,7.0,0.0,0.0,0.0,0.0,0.0,0.0,0.0,0.0,0.0,-1.0,12.0,-3.0,16.0,-3.0,21.0,-4.0,23.0,-4.0,26.0,-3.0,28.0,-2.0,29.0,-2.0,29.0,-1.0,28.0,-1.0,25.0,-1.0,21.0,-2.0,17.0,-2.0,13.0,-4.0,8.0,-6.0,3.0,-9.0,-2.0,-12.0,-7.0,-15.0,-11.0,-19.0,-14.0,-21.0,-16.0,-25.0,-18.0,-26.0,-18.0,-27.0,-18.0,-27.0,-17.0,-27.0,-15.0,-25.0,-14.0
2.4507,122.0,-96.0,7.0,0.0,0.0,0.0,0.0,0.0,0.0,0.0,0.0,0.0,-26.0,5.0,-27.0,6.0,-28.0,7.0,-27.0,8.0,-26.0,8.0,-24.0,7.0,-21.0,6.0,-18.0,4.0,-13.0,2.0,-9.0,-1.0,-5.0,-5.0,-1.0,-9.0,2.0,-13.0,5.0,-18.0,7.0,-21.0,8.0,-25.0,9.0,-27.0,9.0,-30.0,8.0,-31.0,8.0,-31.0,7.0,-30.0,5.0,-27.0,5.0,-24.0,4.0,-19.0,3.0,-14.0,4.0,-9.0
2.4643,122.0,-96.0,7.0,0.0,0.0,0.0,0.0,0.0,0.0,0.0,0.0,0.0,7.0,8.0,2.0,6.0,-2.0,5.0,-7.0,4.0,-13.0,3.0,-18.0,4.0,-22.0,4.0,-26.0,5.0,-28.0,6.0,-29.0,8.0,-29.0,9.0,-28.0,10.0,-27.0,10.0,-24.0,10.0,-21.0,8.0,-17.0,6.0,-14.0,4.0,-10.0,0.0,-6.0,-4.0,-2.0,-9.0,0.0,-13.0,3.0,-18.0,4.0,-23.0,4.0,-27.0,4.0,-29.0,3.0,-31.0
2.4768,122.0,-96.0,7.0,0.0,0.0,0.0,0.0,0.0,0.0,0.0,0.0,0.0,10.0,-1.0,9.0,-1.0,10.0,-1.0,10.0,-1.0,10.0,-1.0,10.0,-2.0,10.0,-1.0,11.0,-2.0,11.0,-1.0,11.0,-2.0,11.0,-2.0,11.0,-2.0,10.0,-2.0,11.0,-2.0,11.0,-2.0,12.0,-2.0,11.0,-3.0,11.0,-2.0,11.0,-3.0,11.0,-3.0,12.0,-3.0,12.0,-3.0,11.0,-3.0,11.0,-3.0,11.0,-3.0,11.0,-3.0
2.49,122.0,-96.0,7.0,0.0,0.0,0.0,0.0,0.0,0.0,0.0,0.0,0.0,0.0,11.0,-1.0,15.0,-2.0,18.0,-2.0,21.0,-2.0,24.0,-1.0,26.0,0.0,26.0,0.0,26.0,1.0,25.0,1.0,22.0,0.0,18.0,-1.0,15.0,-1.0,11.0,-4.0,6.0,-6.0,2.0,-8.0,-2.0,-12.0,-6.0,-15.0,-10.0,-18.0,-12.0,-21.0,-14.0,-24.0,-15.0,-25.0,-15.0,-26.0,-14.0,-26.0,-13.0,-25.0,-12.0,-23.0,-10.0
2.5023,122.0,-96.0,7.0,0.0,0.0,0.0,0.0,0.0,0.0,0.0,0.0,0.0,9.0,5.0,10.0,5.0,10.0,5.0,10.0,5.0,10.0,5.0,10.0,5.0,10.0,5.0,11.0,4.0,10.0,5.0,11.0,5.0,11.0,5.0,11.0,4.0,11.0,5.0,12.0,4.0,12.0,5.0,12.0,4.0,11.0,4.0,12.0,4.0,12.0,4.0,12.0,4.0,12.0,4.0,12.0,4.0,12.0,4.0,13.0,3.0,13.0,4.0,13.0,4.0
2.5175,122.0,-96.0,7.0,0.0,0.0,0.0,0.0,0.0,0.0,0.0,0.0,0.0,-21.0,-11.0,-19.0,-9.0,-17.0,-8.0,-13.0,-7.0,-10.0,-6.0,-5.0,-6.0,-1.0,-6.0,4.0,-6.0,8.0,-8.0,13.0,-9.0,17.0,-9.0,20.0,-11.0,22.0,-13.0,23.0,-15.0,23.0,-16.0,22.0,-17.0,20.0,-16.0,19.0,-16.0,16.0,-14.0,13.0,-11.0,10.0,-8.0,7.0,-3.0,5.0,1.0,3.0,6.0,1.0,10.0,0.0,16.0
2.5319,122.0,-96.0,7.0,0.0,0.0,0.0,0.0,0.0,0.0,0.0,0.0,0.0,-8.0,7.0,-8.0,7.0,-8.0,7.0,-9.0,8.0,-9.0,8.0,-9.0,8.0,-8.0,8.0,-8.0,9.0,-9.0,8.0,-9.0,9.0,-9.0,9.0,-9.0,9.0,-9.0,9.0,-9.0,9.0,-9.0,10.0,-9.0,9.0,-9.0,9.0,-8.0,10.0,-9.0,10.0,-9.0,10.0,-9.0,10.0,-9.0,10.0,-8.0,11.0,-8.0,10.0,-8.0,10.0,-9.0,11.0
2.546,122.0,-96.0,7.0,0.0,0.0,0.0,0.0,0.0,0.0,0.0,0.0,0.0,-11.0,2.0,-11.0,2.0,-12.0,2.0,-11.0,2.0,-12.0,2.0,-12.0,3.0,-12.0,3.0,-12.0,3.0,-12.0,3.0,-13.0,3.0,-13.0,3.0,-12.0,3.0,-13.0,3.0,-13.0,3.0,-13.0,3.0,-13.0,3.0,-13.0,4.0,-13.0,4.0,-13.0,4.0,-13.0,4.0,-13.0,4.0,-13.0,5.0,-13.0,5.0,-14.0,5.0,-13.0,4.0,-13.0,5.0
2.5617,122.0,-96.0,7.0,0.0,0.0,0.0,0.0,0.0,0.0,0.0,0.0,0.0,-5.0,-12.0,-1.0,-8.0,5.0,-5.0,10.0,-2.0,15.0,0.0,21.0,1.0,25.0,1.0,29.0,1.0,32.0,0.0,33.0,0.0,34.0,-1.0,32.0,-2.0,30.0,-3.0,28.0,-4.0,23.0,-3.0,18.0,-2.0,13.0,0.0,7.0,3.0,2.0,8.0,-3.0,11.0,-7.0,16.0,-11.0,20.0,-13.0,25.0,-14.0,29.0,-14.0,31.0,-14.0,33.0
2.5738,122.0,-96.0,7.0,0.0,0.0,0.0,0.0,0.0,0.0,0.0,0.0,0.0,20.0,14.0,18.0,13.0,16.0,11.0,12.0,9.0,8.0,8.0,2.0,6.0,-3.0,5.0,-8.0,5.0,-14.0,6.0,-19.0,6.0,-22.0,7.0,-25.0,8.0,-28.0,10.0,-29.0,11.0,-29.0,12.0,-27.0,13.0,-25.0,12.0,-23.0,11.0,-19.0,9.0,-16.0,6.0,-11.0,3.0,-8.0,-2.0,-4.0,-7.0,-1.0,-11.0,2.0,-16.0,3.0,-21.0
2.5872,122.0,-96.0,7.0,0.0,0.0,0.0,0.0,0.0,0.0,0.0,0.0,0.0,-4.0,10.0,-5.0,5.0,-6.0,0.0,-8.0,-5.0,-10.0,-9.0,-14.0,-13.0,-16.0,-16.0,-19.0,-18.0,-22.0,-20.0,-23.0,-20.0,-24.0,-19.0,-24.0,-18.0,-23.0,-17.0,-22.0,-15.0,-19.0,-13.0,-15.0,-10.0,-10.0,-9.0,-5.0,-8.0,1.0,-7.0,7.0,-7.0,12.0,-7.0,17.0,-8.0,21.0,-10.0,25.0,-12.0,27.0,-14.0,28.0,-15.0
2.6013,122.0,-96.0,7.0,0.0,0.0,0.0,0.0,0.0,0.0,0.0,0.0,0.0,-7.0,8.0,-7.0,3.0,-6.0,-2.0,-6.0,-7.0,-7.0,-13.0,-8.0,-18.0,-10.0,-21.0,-12.0,-24.0,-14.0,-27.0,-15.0,-27.0,-16.0,-26.0,-17.0,-25.0,-17.0,-23.0,-16.0,-20.0,-13.0,-17.0,-9.0,-14.0,-6.0,-11.0,-1.0,-8.0,4.0,-5.0,10.0,-3.0,15.0,-2.0,20.0,-1.0,24.0,-2.0,28.0,-4.0,30.0,-5.0,31.0,-5.0
2.616,122.0,-96.0,7.0,0.0,0.0,0.0,0.0,0.0,0.0,0.0,0.0,0.0,-5.0,13.0,-5.0,13.0,-5.0,13.0,-5.0,13.0,-5.0,14.0,-5.0,14.0,-5.0,14.0,-6.0,14.0,-6.0,14.0,-6.0,15.0,-6.0,14.0,-6.0,15.0,-6.0,15.0,-5.0,15.0,-6.0,15.0,-5.0,15.0,-5.0,15.0,-6.0,16.0,-6.0,16.0,-5.0,16.0,-5.0,16.0,-5.0,16.0,-5.0,16.0,-5.0,16.0,-5.0,16.0,-5.0,16.0
2.6292,122.0,-96.0,7.0,0.0,0.0,0.0,0.0,0.0,0.0,0.0,0.0,0.0,4.0,11.0,0.0,7.0,-5.0,4.0,-10.0,2.0,-16.0,0.0,-21.0,-1.0,-26.0,-1.0,-30.0,-1.0,-33.0,0.0,-35.0,0.0,-35.0,1.0,-34.0,3.0,-31.0,3.0,-29.0,4.0,-24.0,3.0,-19.0,1.0,-13.0,-1.0,-9.0,-4.0,-3.0,-8.0,2.0,-12.0,6.0,-17.0,9.0,-21.0,11.0,-27.0,12.0,-30.0,12.0,-33.0,12.0,-34.0
2.6432,122.0,-96.0,7.0,0.0,0.0,0.0,0.0,0.0,0.0,0.0,0.0,0.0,11.0,-4.0,14.0,-4.0,18.0,-5.0,21.0,-5.0,24.0,-7.0,25.0,-8.0,25.0,-9.0,24.0,-10.0,23.0,-10.0,21.0,-9.0,17.0,-7.0,14.0,-5.0,11.0,-3.0,7.0,0.0,3.0,4.0,0.0,8.0,-3.0,12.0,-5.0,16.0,-6.0,20.0,-6.0,23.0,-6.0,27.0,-6.0,28.0,-5.0,28.0,-5.0,27.0,-4.0,26.0,-3.0,23.0
2.6562,122.0,-96.0,7.0,0.0,0.0,0.0,0.0,0.0,0.0,0.0,0.0,0.0,8.0,5.0,3.0,4.0,-1.0,5.0,-6.0,5.0,-11.0,6.0,-14.0,8.0,-18.0,9.0,-21.0,11.0,-22.0,13.0,-23.0,14.0,-23.0,15.0,-22.0,16.0,-20.0,15.0,-18.0,15.0,-15.0,12.0,-12.0,9.0,-10.0,5.0,-8.0,1.0,-6.0,-3.0,-4.0,-8.0,-3.0,-13.0,-3.0,-18.0,-3.0,-22.0,-4.0,-25.0,-6.0,-27.0,-6.0,-28.0
2.6699,122.0,-96.0,7.0,0.0,0.0,0.0,0.0,0.0,0.0,0.0,0.0,0.0,21.0,-9.0,19.0,-8.0,16.0,-7.0,13.0,-5.0,10.0,-3.0,7.0,0.0,3.0,4.0,0.0,8.0,-2.0,12.0,-4.0,16.0,-6.0,19.0,-6.0,22.0,-6.0,25.0,-5.0,26.0,-5.0,27.0,-4.0,26.0,-3.0,26.0,-3.0,22.0,-2.0,20.0,-2.0,16.0,-3.0,11.0,-4.0,6.0,-6.0,1.0,-8.0,-4.0,-10.0,-8.0,-14.0,-12.0
2.6839,122.0,-96.0,7.0,0.0,0.0,0.0,0.0,0.0,0.0,0.0,0.0,0.0,5.0,-10.0,5.0,-11.0,6.0,-10.0,5.0,-10.0,5.0,-10.0,5.0,-11.0,5.0,-11.0,5.0,-11.0,6.0,-12.0,5.0,-11.0,6.0,-12.0,5.0,-12.0,6.0,-11.0,6.0,-13.0,5.0,-13.0,5.0,-12.0,5.0,-12.0,5.0,-12.0,5.0,-13.0,5.0,-12.0,5.0,-13.0,4.0,-13.0,4.0,-14.0,4.0,-13.0,5.0,-13.0,5.0,-13.0
2.6975,122.0,-96.0,7.0,0.0,0.0,0.0,0.0,0.0,0.0,0.0,0.0,0.0,16.0,-5.0,16.0,-6.0,16.0,-6.0,17.0,-6.0,17.0,-6.0,18.0,-6.0,18.0,-5.0,18.0,-6.0,18.0,-6.0,18.0,-7.0,18.0,-7.0,19.0,-7.0,19.0,-7.0,18.0,-7.0,19.0,-7.0,19.0,-7.0,18.0,-8.0,19.0,-7.0,19.0,-8.0,19.0,-8.0,19.0,-7.0,19.0,-7.0,19.0,-8.0,20.0,-9.0,20.0,-9.0,19.0,-9.0
2.7114,122.0,-96.0,7.0,0.0,0.0,0.0,0.0,0.0,0.0,0.0,0.0,0.0,-13.0,20.0,-13.0,22.0,-13.0,22.0,-12.0,22.0,-11.0,21.0,-10.0,19.0,-9.0,17.0,-8.0,13.0,-7.0,9.0,-7.0,4.0,-6.0,-1.0,-6.0,-6.0,-7.0,-11.0,-8.0,-15.0,-9.0,-19.0,-10.0,-22.0,-12.0,-24.0,-13.0,-26.0,-14.0,-26.0,-14.0,-25.0,-14.0,-24.0,-12.0,-21.0,-12.0,-18.0,-9.0,-14.0,-5.0,-11.0,-1.0,-8.0
2.7292,122.0,-96.0,7.0,0.0,0.0,0.0,0.0,0.0,0.0,0.0,0.0,0.0,-9.0,10.0,-9.0,11.0,-9.0,11.0,-10.0,11.0,-10.0,12.0,-10.0,12.0,-10.0,12.0,-10.0,12.0,-10.0,12.0,-10.0,12.0,-10.0,12.0,-10.0,12.0,-10.0,12.0,-10.0,13.0,-10.0,13.0,-10.0,13.0,-10.0,13.0,-10.0,13.0,-10.0,13.0,-10.0,13.0,-10.0,14.0,-9.0,14.0,-9.0,14.0,-10.0,14.0,-10.0,14.0,-9.0,15.0
2.7415,122.0,-96.0,7.0,0.0,0.0,0.0,0.0,0.0,0.0,0.0,0.0,0.0,-2.0,21.0,-2.0,22.0,-2.0,22.0,-1.0,22.0,0.0,21.0,-1.0,20.0,-1.0,17.0,-1.0,14.0,-2.0,10.0,-4.0,6.0,-5.0,2.0,-7.0,-2.0,-10.0,-6.0,-12.0,-9.0,-14.0,-12.0,-16.0,-14.0,-19.0,-16.0,-19.0,-16.0,-21.0,-16.0,-21.0,-15.0,-21.0,-14.0,-19.0,-13.0,-17.0,-11.0,-14.0,-9.0,-10.0,-7.0,-6.0,-6.0
2.7566,122.0,-96.0,7.0,0.0,0.0,0.0,0.0,0.0,0.0,0.0,0.0,0.0,-23.0,5.0,-21.0,4.0,-18.0,4.0,-15.0,2.0,-11.0,1.0,-7.0,-2.0,-4.0,-5.0,0.0,-9.0,3.0,-12.0,5.0,-16.0,7.0,-19.0,8.0,-22.0,8.0,-25.0,8.0,-27.0,8.0,-28.0,7.0,-27.0,6.0,-26.0,5.0,-23.0,4.0,-20.0,3.0,-16.0,3.0,-11.0,4.0,-6.0,5.0,-1.0,7.0,4.0,8.0,8.0,11.0,12.0
2.7706,122.0,-96.0,7.0,0.0,0.0,0.0,0.0,0.0,0.0,0.0,0.0,0.0,-1.0,23.0,0.0,25.0,0.0,25.0,1.0,25.0,1.0,23.0,1.0,21.0,1.0,18.0,0.0,15.0,-1.0,11.0,-4.0,6.0,-5.0,2.0,-9.0,-2.0,-12.0,-6.0,-14.0,-10.0,-18.0,-12.0,-20.0,-14.0,-22.0,-15.0,-24.0,-16.0,-25.0,-16.0,-25.0,-15.0,-24.0,-14.0,-21.0,-12.0,-19.0,-10.0,-15.0,-8.0,-10.0,-7.0,-5.0,-6.0
2.784,122.0,-96.0,7.0,0.0,0.0,0.0,0.0,0.0,0.0,0.0,0.0,0.0,-11.0,0.0,-12.0,0.0,-12.0,0.0,-12.0,0.0,-12.0,0.0,-13.0,1.0,-12.0,0.0,-13.0,1.0,-13.0,1.0,-13.0,0.0,-13.0,1.0,-13.0,1.0,-13.0,1.0,-13.0,1.0,-13.0,1.0,-13.0,1.0,-14.0,1.0,-13.0,1.0,-14.0,1.0,-14.0,1.0,-14.0,1.0,-14.0,1.0,-13.0,2.0,-14.0,2.0,-14.0,2.0,-14.0,2.0
2.7979,122.0,-96.0,7.0,0.0,0.0,0.0,0.0,0.0,0.0,0.0,0.0,0.0,-16.0,17.0,-17.0,19.0,-17.0,19.0,-16.0,19.0,-15.0,18.0,-14.0,18.0,-12.0,15.0,-11.0,12.0,-9.0,8.0,-7.0,3.0,-6.0,-1.0,-5.0,-6.0,-5.0,-11.0,-5.0,-16.0,-5.0,-20.0,-5.0,-23.0,-7.0,-26.0,-7.0,-27.0,-8.0,-28.0,-9.0,-28.0,-9.0,-26.0,-9.0,-24.0,-8.0,-21.0,-6.0,-17.0,-4.0,-13.0,-1.0,-9.0
2.8146,122.0,-96.0,7.0,0.0,0.0,0.0,0.0,0.0,0.0,0.0,0.0,0.0,-23.0,-5.0,-21.0,-5.0,-18.0,-4.0,-14.0,-4.0,-10.0,-4.0,-6.0,-5.0,-1.0,-6.0,4.0,-8.0,8.0,-10.0,12.0,-12.0,15.0,-14.0,17.0,-16.0,18.0,-18.0,19.0,-20.0,19.0,-21.0,17.0,-21.0,15.0,-20.0,14.0,-18.0,11.0,-16.0,9.0,-12.0,8.0,-7.0,6.0,-2.0,5.0,3.0,4.0,8.0,3.0,13.0,4.0,18.0
2.8307,122.0,-96.0,7.0,0.0,0.0,0.0,0.0,0.0,0.0,0.0,0.0,0.0,1.0,-12.0,3.0,-7.0,5.0,-2.0,7.0,2.0,11.0,6.0,14.0,10.0,18.0,12.0,20.0,14.0,23.0,15.0,25.0,15.0,26.0,15.0,26.0,14.0,24.0,12.0,23.0,10.0,19.0,8.0,16.0,7.0,10.0,6.0,5.0,6.0,-1.0,6.0,-7.0,6.0,-12.0,8.0,-17.0,10.0,-21.0,12.0,-24.0,14.0,-26.0,16.0,-26.0,17.0
2.843,122.0,-96.0,7.0,0.0,0.0,0.0,0.0,0.0,0.0,0.0,0.0,0.0,8.0,-14.0,9.0,-15.0,9.0,-15.0,9.0,-15.0,9.0,-15.0,9.0,-16.0,9.0,-15.0,9.0,-16.0,9.0,-16.0,8.0,-16.0,9.0,-17.0,9.0,-17.0,9.0,-17.0,9.0,-17.0,9.0,-17.0,9.0,-17.0,9.0,-18.0,8.0,-18.0,8.0,-18.0,8.0,-18.0,9.0,-18.0,8.0,-18.0,7.0,-18.0,7.0,-18.0,8.0,-19.0,8.0,-20.0
2.8561,122.0,-96.0,7.0,0.0,0.0,0.0,0.0,0.0,0.0,0.0,0.0,0.0,0.0,12.0,-2.0,7.0,-6.0,2.0,-10.0,-2.0,-15.0,-6.0,-20.0,-9.0,-24.0,-10.0,-28.0,-11.0,-31.0,-12.0,-32.0,-12.0,-33.0,-11.0,-32.0,-10.0,-30.0,-9.0,-28.0,-6.0,-24.0,-6.0,-18.0,-6.0,-13.0,-6.0,-6.0,-6.0,1.0,-8.0,6.0,-10.0,12.0,-13.0,17.0,-16.0,21.0,-19.0,23.0,-22.0,25.0,-25.0,25.0,-26.0
2.8685,122.0,-96.0,7.0,0.0,0.0,0.0,0.0,0.0,0.0,0.0,0.0,0.0,10.0,-1.0,11.0,-1.0,11.0,-1.0,11.0,-1.0,11.0,-1.0,12.0,-1.0,12.0,-1.0,12.0,-1.0,12.0,-1.0,12.0,-2.0,12.0,-2.0,12.0,-2.0,12.0,-2.0,12.0,-2.0,12.0,-2.0,12.0,-2.0,13.0,-2.0,12.0,-2.0,12.0,-2.0,13.0,-2.0,13.0,-2.0,13.0,-3.0,13.0,-3.0,13.0,-3.0,13.0,-3.0,13.0,-3.0
2.8827,122.0,-96.0,7.0,0.0,0.0,0.0,0.0,0.0,0.0,0.0,0.0,0.0,2.0,11.0,2.0,15.0,3.0,19.0,3.0,21.0,4.0,24.0,4.0,25.0,5.0,26.0,6.0,25.0,6.0,24.0,5.0,21.0,4.0,17.0,2.0,14.0,1.0,10.0,-3.0,6.0,-6.0,2.0,-9.0,-2.0,-13.0,-5.0,-17.0,-8.0,-21.0,-9.0,-24.0,-11.0,-26.0,-11.0,-28.0,-11.0,-28.0,-10.0,-27.0,-9.0,-26.0,-7.0,-23.0,-6.0
2.8963,122.0,-96.0,7.0,0.0,0.0,0.0,0.0,0.0,0.0,0.0,0.0,0.0,-12.0,4.0,-8.0,0.0,-4.0,-5.0,-2.0,-11.0,0.0,-16.0,1.0,-22.0,2.0,-26.0,2.0,-30.0,1.0,-33.0,1.0,-35.0,0.0,-35.0,-1.0,-34.0,-2.0,-32.0,-3.0,-29.0,-2.0,-24.0,-1.0,-19.0,1.0,-14.0,3.0,-8.0,7.0,-2.0,10.0,3.0,15.0,8.0,20.0,11.0,24.0,14.0,28.0,15.0,30.0,16.0,32.0,16.0
2.9105,122.0,-96.0,7.0,0.0,0.0,0.0,0.0,0.0,0.0,0.0,0.0,0.0,12.0,1.0,7.0,3.0,1.0,6.0,-4.0,9.0,-9.0,12.0,-12.0,16.0,-15.0,19.0,-18.0,23.0,-19.0,26.0,-18.0,28.0,-18.0,29.0,-17.0,29.0,-15.0,28.0,-12.0,26.0,-11.0,22.0,-9.0,17.0,-8.0,12.0,-8.0,5.0,-8.0,-1.0,-8.0,-7.0,-10.0,-14.0,-12.0,-19.0,-15.0,-24.0,-17.0,-27.0,-19.0,-29.0,-21.0,-30.0
2.9256,122.0,-96.0,7.0,0.0,0.0,0.0,0.0,0.0,0.0,0.0,0.0,0.0,-18.0,15.0,-16.0,14.0,-14.0,11.0,-11.0,9.0,-9.0,5.0,-7.0,1.0,-5.0,-4.0,-4.0,-9.0,-3.0,-13.0,-3.0,-17.0,-3.0,-21.0,-3.0,-24.0,-4.0,-26.0,-6.0,-28.0,-6.0,-28.0,-7.0,-27.0,-7.0,-25.0,-7.0,-22.0,-6.0,-19.0,-4.0,-15.0,-1.0,-11.0,2.0,-6.0,5.0,-3.0,9.0,1.0,13.0,4.0,17.0,6.0
2.9397,122.0,-96.0,7.0,0.0,0.0,0.0,0.0,0.0,0.0,0.0,0.0,0.0,-9.0,25.0,-9.0,27.0,-8.0,27.0,-7.0,27.0,-6.0,25.0,-6.0,23.0,-5.0,20.0,-5.0,15.0,-5.0,11.0,-6.0,5.0,-6.0,-1.0,-9.0,-7.0,-11.0,-11.0,-13.0,-16.0,-15.0,-20.0,-17.0,-22.0,-19.0,-24.0,-20.0,-25.0,-21.0,-24.0,-22.0,-23.0,-20.0,-22.0,-18.0,-19.0,-16.0,-16.0,-11.0,-13.0,-7.0,-9.0,-2.0,-7.0
2.9545,122.0,-96.0,7.0,0.0,0.0,0.0,0.0,0.0,0.0,0.0,0.0,0.0,-13.0,-20.0,-15.0,-21.0,-16.0,-22.0,-16.0,-20.0,-16.0,-19.0,-14.0,-17.0,-13.0,-16.0,-9.0,-13.0,-7.0,-10.0,-2.0,-7.0,3.0,-5.0,7.0,-3.0,12.0,-2.0,16.0,-1.0,20.0,0.0,23.0,0.0,26.0,-1.0,28.0,-1.0,28.0,-2.0,27.0,-3.0,26.0,-3.0,23.0,-3.0,20.0,-3.0,15.0,-2.0,11.0,-1.0,7.0,1.0
2.9687,122.0,-96.0,7.0,0.0,0.0,0.0,0.0,0.0,0.0,0.0,0.0,0.0,8.0,7.0,8.0,7.0,8.0,7.0,8.0,7.0,9.0,7.0,9.0,7.0,9.0,7.0,9.0,7.0,9.0,8.0,9.0,7.0,9.0,7.0,10.0,7.0,10.0,7.0,10.0,7.0,10.0,7.0,10.0,7.0,10.0,7.0,10.0,7.0,11.0,7.0,10.0,7.0,10.0,7.0,11.0,7.0,11.0,7.0,11.0,7.0,11.0,7.0,11.0,6.0
2.9834,122.0,-96.0,7.0,0.0,0.0,0.0,0.0,0.0,0.0,0.0,0.0,0.0,0.0,-24.0,-1.0,-26.0,-1.0,-26.0,-2.0,-26.0,-2.0,-25.0,-3.0,-23.0,-2.0,-20.0,-1.0,-16.0,0.0,-12.0,3.0,-7.0,4.0,-3.0,8.0,2.0,11.0,6.0,14.0,8.0,17.0,11.0,19.0,13.0,22.0,14.0,23.0,15.0,25.0,14.0,25.0,13.0,23.0,12.0,21.0,10.0,18.0,8.0,14.0,7.0,9.0,6.0,4.0,5.0
2.9975,122.0,-96.0,7.0,0.0,0.0,0.0,0.0,0.0,0.0,0.0,0.0,0.0,-22.0,-14.0,-20.0,-13.0,-18.0,-11.0,-14.0,-10.0,-10.0,-8.0,-4.0,-7.0,1.0,-7.0,7.0,-6.0,12.0,-7.0,16.0,-8.0,20.0,-9.0,23.0,-10.0,26.0,-12.0,27.0,-14.0,27.0,-15.0,26.0,-16.0,24.0,-15.0,22.0,-14.0,18.0,-12.0,15.0,-9.0,11.0,-6.0,7.0,-1.0,5.0,4.0,1.0,9.0,-1.0,14.0,-2.0,19.0
3.0105,122.0,-96.0,7.0,0.0,0.0,0.0,0.0,0.0,0.0,0.0,0.0,0.0,-16.0,-18.0,-18.0,-20.0,-19.0,-19.0,-19.0,-18.0,-18.0,-17.0,-17.0,-16.0,-14.0,-13.0,-11.0,-12.0,-8.0,-9.0,-3.0,-7.0,2.0,-6.0,7.0,-4.0,12.0,-4.0,16.0,-3.0,20.0,-3.0,23.0,-3.0,26.0,-4.0,27.0,-4.0,28.0,-6.0,27.0,-7.0,26.0,-7.0,23.0,-7.0,20.0,-6.0,15.0,-4.0,11.0,-2.0,7.0,0.0
3.0245,122.0,-96.0,7.0,0.0,0.0,0.0,0.0,0.0,0.0,0.0,0.0,0.0,18.0,14.0,17.0,12.0,14.0,11.0,11.0,9.0,7.0,7.0,3.0,6.0,-2.0,5.0,-7.0,4.0,-12.0,4.0,-16.0,5.0,-19.0,5.0,-22.0,6.0,-25.0,8.0,-26.0,9.0,-27.0,10.0,-26.0,10.0,-25.0,10.0,-22.0,10.0,-20.0,9.0,-16.0,6.0,-12.0,3.0,-9.0,0.0,-5.0,-4.0,-2.0,-8.0,1.0,-12.0,2.0,-17.0
3.0374,122.0,-96.0,7.0,0.0,0.0,0.0,0.0,0.0,0.0,0.0,0.0,0.0,18.0,-15.0,16.0,-14.0,14.0,-12.0,11.0,-10.0,9.0,-7.0,7.0,-2.0,4.0,2.0,3.0,7.0,1.0,11.0,1.0,15.0,0.0,19.0,1.0,22.0,1.0,25.0,2.0,27.0,3.0,28.0,4.0,27.0,5.0,26.0,4.0,23.0,4.0,20.0,3.0,16.0,1.0,12.0,-2.0,8.0,-5.0,4.0,-8.0,-1.0,-11.0,-4.0,-15.0,-7.0
3.0513,122.0,-96.0,7.0,0.0,0.0,0.0,0.0,0.0,0.0,0.0,0.0,0.0,-10.0,27.0,-9.0,25.0,-7.0,21.0,-7.0,16.0,-6.0,11.0,-7.0,5.0,-8.0,-1.0,-9.0,-7.0,-11.0,-13.0,-13.0,-18.0,-16.0,-22.0,-18.0,-24.0,-20.0,-27.0,-23.0,-27.0,-24.0,-28.0,-24.0,-26.0,-23.0,-24.0,-20.0,-21.0,-18.0,-18.0,-14.0,-14.0,-8.0,-11.0,-2.0,-8.0,5.0,-6.0,11.0,-5.0,17.0,-3.0,24.0,-4.0
3.0645,122.0,-96.0,7.0,0.0,0.0,0.0,0.0,0.0,0.0,0.0,0.0,0.0,11.0,2.0,14.0,4.0,18.0,6.0,21.0,6.0,23.0,7.0,26.0,7.0,26.0,6.0,26.0,5.0,24.0,4.0,21.0,4.0,18.0,3.0,14.0,3.0,9.0,3.0,4.0,4.0,-1.0,5.0,-5.0,7.0,-10.0,10.0,-14.0,12.0,-17.0,15.0,-20.0,17.0,-21.0,19.0,-21.0,20.0,-20.0,21.0,-19.0,20.0,-17.0,20.0,-15.0,18.0
3.0794,122.0,-96.0,7.0,0.0,0.0,0.0,0.0,0.0,0.0,0.0,0.0,0.0,-24.0,1.0,-26.0,2.0,-26.0,2.0,-26.0,3.0,-24.0,3.0,-23.0,3.0,-19.0,3.0,-16.0,1.0,-12.0,0.0,-7.0,-3.0,-3.0,-5.0,1.0,-9.0,5.0,-12.0,8.0,-15.0,10.0,-19.0,12.0,-21.0,13.0,-24.0,13.0,-25.0,13.0,-26.0,12.0,-26.0,11.0,-25.0,9.0,-23.0,8.0,-20.0,6.0,-15.0,5.0,-11.0,5.0,-6.0
3.093,122.0,-96.0,7.0,0.0,0.0,0.0,0.0,0.0,0.0,0.0,0.0,0.0,-11.0,-1.0,-12.0,0.0,-12.0,0.0,-12.0,0.0,-12.0,0.0,-13.0,0.0,-12.0,0.0,-13.0,1.0,-13.0,1.0,-13.0,0.0,-13.0,0.0,-13.0,0.0,-13.0,1.0,-14.0,1.0,-13.0,1.0,-13.0,1.0,-14.0,1.0,-13.0,1.0,-14.0,1.0,-14.0,1.0,-14.0,2.0,-14.0,2.0,-14.0,2.0,-14.0,2.0,-14.0,2.0,-14.0,3.0
3.1064,122.0,-96.0,7.0,0.0,0.0,0.0,0.0,0.0,0.0,0.0,0.0,0.0,7.0,24.0,6.0,22.0,5.0,19.0,4.0,15.0,1.0,11.0,-2.0,7.0,-6.0,3.0,-10.0,-1.0,-14.0,-4.0,-18.0,-6.0,-22.0,-8.0,-25.0,-9.0,-28.0,-9.0,-30.0,-9.0,-31.0,-9.0,-30.0,-8.0,-29.0,-7.0,-26.0,-6.0,-22.0,-5.0,-18.0,-4.0,-13.0,-5.0,-7.0,-5.0,-1.0,-7.0,4.0,-8.0,9.0,-11.0,14.0,-14.0
3.1204,122.0,-96.0,7.0,0.0,0.0,0.0,0.0,0.0,0.0,0.0,0.0,0.0,-12.0,-21.0,-14.0,-22.0,-15.0,-22.0,-15.0,-21.0,-14.0,-20.0,-13.0,-18.0,-12.0,-16.0,-9.0,-13.0,-6.0,-11.0,-1.0,-8.0,3.0,-5.0,7.0,-3.0,12.0,-1.0,16.0,0.0,20.0,1.0,24.0,1.0,26.0,1.0,27.0,1.0,28.0,0.0,27.0,0.0,27.0,-1.0,23.0,-1.0,20.0,-1.0,16.0,-1.0,11.0,0.0,6.0,2.0
3.1363,122.0,-96.0,7.0,0.0,0.0,0.0,0.0,0.0,0.0,0.0,0.0,0.0,-10.0,-3.0,-10.0,-3.0,-10.0,-3.0,-10.0,-3.0,-11.0,-3.0,-11.0,-4.0,-11.0,-3.0,-11.0,-3.0,-11.0,-3.0,-12.0,-4.0,-12.0,-4.0,-12.0,-4.0,-12.0,-3.0,-12.0,-3.0,-12.0,-3.0,-12.0,-3.0,-12.0,-3.0,-12.0,-3.0,-12.0,-3.0,-13.0,-3.0,-12.0,-2.0,-13.0,-3.0,-13.0,-3.0,-12.0,-2.0,-13.0,-3.0,-13.0,-2.0
3.1497,122.0,-96.0,7.0,0.0,0.0,0.0,0.0,0.0,0.0,0.0,0.0,0.0,10.0,2.0,5.0,3.0,1.0,5.0,-4.0,7.0,-9.0,10.0,-13.0,14.0,-16.0,16.0,-18.0,19.0,-19.0,22.0,-19.0,23.0,-19.0,24.0,-18.0,24.0,-16.0,23.0,-14.0,22.0,-12.0,18.0,-10.0,14.0,-8.0,10.0,-7.0,4.0,-7.0,-2.0,-7.0,-7.0,-8.0,-13.0,-9.0,-18.0,-11.0,-22.0,-13.0,-25.0,-15.0,-27.0,-16.0,-28.0
3.1626,122.0,-96.0,7.0,0.0,0.0,0.0,0.0,0.0,0.0,0.0,0.0,0.0,-14.0,0.0,-9.0,-3.0,-3.0,-6.0,1.0,-10.0,5.0,-14.0,8.0,-19.0,10.0,-23.0,12.0,-27.0,12.0,-30.0,12.0,-32.0,11.0,-33.0,10.0,-33.0,9.0,-32.0,7.0,-30.0,6.0,-26.0,5.0,-21.0,5.0,-15.0,5.0,-9.0,6.0,-3.0,8.0,4.0,11.0,9.0,13.0,15.0,17.0,19.0,20.0,21.0,22.0,24.0,25.0,25.0
3.1769,122.0,-96.0,7.0,0.0,0.0,0.0,0.0,0.0,0.0,0.0,0.0,0.0,-9.0,-23.0,-10.0,-24.0,-11.0,-24.0,-11.0,-24.0,-11.0,-22.0,-10.0,-20.0,-9.0,-18.0,-7.0,-15.0,-4.0,-11.0,0.0,-8.0,4.0,-4.0,8.0,-2.0,12.0,1.0,16.0,3.0,20.0,4.0,23.0,5.0,25.0,5.0,27.0,6.0,28.0,5.0,27.0,4.0,26.0,3.0,24.0,2.0,20.0,2.0,15.0,2.0,11.0,2.0,6.0,3.0
3.1906,122.0,-96.0,7.0,0.0,0.0,0.0,0.0,0.0,0.0,0.0,0.0,0.0,-2.0,12.0,-2.0,12.0,-2.0,12.0,-2.0,12.0,-2.0,13.0,-2.0,13.0,-2.0,13.0,-2.0,14.0,-2.0,13.0,-2.0,13.0,-2.0,14.0,-3.0,13.0,-2.0,13.0,-2.0,14.0,-2.0,14.0,-2.0,14.0,-1.0,14.0,-2.0,14.0,-2.0,15.0,-1.0,14.0,-1.0,15.0,-1.0,14.0,-1.0,14.0,-1.0,15.0,-1.0,15.0,-1.0,15.0
3.2043,122.0,-96.0,7.0,0.0,0.0,0.0,0.0,0.0,0.0,0.0,0.0,0.0,-15.0,-23.0,-17.0,-24.0,-17.0,-24.0,-18.0,-23.0,-17.0,-21.0,-16.0,-20.0,-14.0,-17.0,-10.0,-15.0,-7.0,-11.0,-2.0,-9.0,3.0,-6.0,8.0,-4.0,13.0,-2.0,18.0,-1.0,23.0,0.0,26.0,0.0,29.0,0.0,31.0,-1.0,31.0,-2.0,30.0,-3.0,29.0,-3.0,26.0,-3.0,22.0,-3.0,17.0,-2.0,12.0,0.0,7.0,2.0
3.2175,122.0,-96.0,7.0,0.0,0.0,0.0,0.0,0.0,0.0,0.0,0.0,0.0,0.0,12.0,0.0,16.0,-1.0,21.0,-1.0,24.0,0.0,27.0,0.0,29.0,2.0,29.0,3.0,29.0,3.0,28.0,3.0,25.0,2.0,21.0,1.0,17.0,0.0,13.0,-3.0,8.0,-5.0,3.0,-9.0,-1.0,-13.0,-5.0,-17.0,-9.0,-21.0,-12.0,-24.0,-13.0,-27.0,-14.0,-29.0,-14.0,-30.0,-14.0,-30.0,-13.0,-30.0,-12.0,-27.0,-10.0
3.2321,122.0,-96.0,7.0,0.0,0.0,0.0,0.0,0.0,0.0,0.0,0.0,0.0,-19.0,-11.0,-21.0,-11.0,-22.0,-11.0,-21.0,-10.0,-21.0,-9.0,-19.0,-8.0,-16.0,-7.0,-13.0,-7.0,-9.0,-6.0,-5.0,-6.0,0.0,-6.0,5.0,-6.0,9.0,-7.0,13.0,-8.0,16.0,-9.0,19.0,-11.0,20.0,-12.0,22.0,-13.0,21.0,-14.0,21.0,-14.0,20.0,-14.0,17.0,-13.0,15.0,-12.0,12.0,-9.0,8.0,-6.0,6.0,-2.0
3.2484,122.0,-96.0,7.0,0.0,0.0,0.0,0.0,0.0,0.0,0.0,0.0,0.0,-2.0,-12.0,-3.0,-12.0,-3.0,-11.0,-3.0,-12.0,-3.0,-12.0,-3.0,-13.0,-4.0,-12.0,-4.0,-12.0,-4.0,-13.0,-3.0,-12.0,-4.0,-13.0,-3.0,-13.0,-4.0,-13.0,-4.0,-13.0,-4.0,-13.0,-4.0,-13.0,-5.0,-13.0,-5.0,-13.0,-5.0,-13.0,-5.0,-13.0,-5.0,-13.0,-5.0,-13.0,-5.0,-13.0,-5.0,-14.0,-5.0,-13.0,-6.0,-14.0
3.2626,122.0,-96.0,7.0,0.0,0.0,0.0,0.0,0.0,0.0,0.0,0.0,0.0,-20.0,-14.0,-18.0,-13.0,-15.0,-11.0,-12.0,-9.0,-8.0,-7.0,-4.0,-7.0,1.0,-6.0,6.0,-6.0,11.0,-6.0,15.0,-7.0,18.0,-7.0,21.0,-9.0,24.0,-10.0,25.0,-12.0,26.0,-13.0,24.0,-13.0,23.0,-13.0,20.0,-12.0,17.0,-10.0,14.0,-8.0,11.0,-5.0,7.0,-1.0,4.0,4.0,1.0,8.0,-2.0,12.0,-3.0,17.0
3.2762,122.0,-96.0,7.0,0.0,0.0,0.0,0.0,0.0,0.0,0.0,0.0,0.0,-12.0,-1.0,-11.0,0.0,-12.0,-1.0,-12.0,-1.0,-13.0,-1.0,-13.0,-1.0,-13.0,-1.0,-13.0,0.0,-13.0,0.0,-13.0,0.0,-13.0,0.0,-13.0,0.0,-13.0,0.0,-13.0,0.0,-13.0,0.0,-14.0,0.0,-14.0,0.0,-14.0,0.0,-13.0,0.0,-14.0,1.0,-14.0,1.0,-14.0,1.0,-14.0,1.0,-14.0,1.0,-14.0,1.0,-14.0,1.0
3.2922,122.0,-96.0,7.0,0.0,0.0,0.0,0.0,0.0,0.0,0.0,0.0,0.0,-11.0,-5.0,-11.0,-5.0,-11.0,-5.0,-11.0,-5.0,-11.0,-5.0,-12.0,-5.0,-12.0,-5.0,-12.0,-5.0,-12.0,-5.0,-12.0,-5.0,-12.0,-5.0,-12.0,-6.0,-12.0,-5.0,-13.0,-5.0,-13.0,-5.0,-13.0,-5.0,-13.0,-5.0,-13.0,-5.0,-13.0,-6.0,-13.0,-5.0,-13.0,-5.0,-13.0,-5.0,-14.0,-5.0,-14.0,-5.0,-13.0,-5.0,-14.0,-5.0
3.3039,122.0,-96.0,7.0,0.0,0.0,0.0,0.0,0.0,0.0,0.0,0.0,0.0,19.0,21.0,18.0,19.0,15.0,16.0,11.0,13.0,7.0,10.0,1.0,7.0,-4.0,5.0,-11.0,4.0,-17.0,3.0,-22.0,2.0,-26.0,2.0,-30.0,2.0,-34.0,3.0,-35.0,5.0,-36.0,7.0,-34.0,7.0,-32.0,7.0,-28.0,7.0,-24.0,6.0,-19.0,4.0,-13.0,0.0,-8.0,-3.0,-3.0,-8.0,2.0,-12.0,6.0,-17.0,9.0,-23.0
3.3178,122.0,-96.0,7.0,0.0,0.0,0.0,0.0,0.0,0.0,0.0,0.0,0.0,22.0,-10.0,23.0,-12.0,23.0,-12.0,22.0,-13.0,20.0,-12.0,18.0,-12.0,16.0,-10.0,13.0,-7.0,9.0,-4.0,6.0,0.0,3.0,4.0,0.0,8.0,-2.0,13.0,-3.0,17.0,-4.0,21.0,-5.0,24.0,-5.0,26.0,-5.0,27.0,-4.0,28.0,-3.0,27.0,-2.0,26.0,-2.0,23.0,-1.0,19.0,-2.0,14.0,-3.0,10.0,-4.0,4.0
3.3308,122.0,-96.0,7.0,0.0,0.0,0.0,0.0,0.0,0.0,0.0,0.0,0.0,2.0,10.0,-1.0,6.0,-5.0,3.0,-9.0,0.0,-14.0,-3.0,-19.0,-4.0,-23.0,-6.0,-26.0,-6.0,-29.0,-6.0,-30.0,-5.0,-31.0,-4.0,-30.0,-3.0,-28.0,-1.0,-26.0,0.0,-22.0,-1.0,-17.0,-2.0,-12.0,-3.0,-6.0,-5.0,-1.0,-8.0,4.0,-10.0,8.0,-14.0,12.0,-17.0,14.0,-21.0,16.0,-24.0,16.0,-27.0,16.0,-28.0
3.3463,122.0,-96.0,7.0,0.0,0.0,0.0,0.0,0.0,0.0,0.0,0.0,0.0,-7.0,-26.0,-7.0,-23.0,-6.0,-20.0,-4.0,-16.0,-2.0,-12.0,1.0,-8.0,5.0,-4.0,9.0,0.0,13.0,3.0,17.0,6.0,21.0,7.0,24.0,9.0,27.0,9.0,29.0,9.0,29.0,8.0,30.0,7.0,28.0,6.0,25.0,5.0,21.0,4.0,17.0,4.0,12.0,4.0,6.0,5.0,0.0,6.0,-6.0,7.0,-11.0,10.0,-16.0,12.0
3.3601,122.0,-96.0,7.0,0.0,0.0,0.0,0.0,0.0,0.0,0.0,0.0,0.0,8.0,-6.0,8.0,-7.0,8.0,-7.0,8.0,-7.0,8.0,-7.0,8.0,-7.0,8.0,-8.0,8.0,-8.0,8.0,-8.0,8.0,-8.0,8.0,-8.0,8.0,-8.0,9.0,-8.0,8.0,-7.0,8.0,-8.0,9.0,-8.0,8.0,-9.0,8.0,-8.0,9.0,-9.0,8.0,-8.0,8.0,-9.0,9.0,-9.0,8.0,-9.0,9.0,-9.0,9.0,-9.0,9.0,-9.0
3.3732,122.0,-96.0,7.0,0.0,0.0,0.0,0.0,0.0,0.0,0.0,0.0,0.0,10.0,-2.0,6.0,1.0,2.0,4.0,-1.0,8.0,-4.0,12.0,-7.0,17.0,-8.0,20.0,-9.0,24.0,-10.0,27.0,-9.0,28.0,-8.0,29.0,-7.0,29.0,-6.0,27.0,-5.0,26.0,-4.0,22.0,-4.0,16.0,-4.0,12.0,-5.0,6.0,-7.0,0.0,-9.0,-5.0,-12.0,-10.0,-14.0,-15.0,-17.0,-17.0,-20.0,-20.0,-23.0,-21.0,-25.0,-22.0
3.3864,122.0,-96.0,7.0,0.0,0.0,0.0,0.0,0.0,0.0,0.0,0.0,0.0,16.0,17.0,18.0,18.0,18.0,18.0,18.0,17.0,18.0,16.0,16.0,14.0,14.0,12.0,11.0,11.0,7.0,8.0,2.0,7.0,-3.0,5.0,-8.0,3.0,-13.0,3.0,-17.0,2.0,-21.0,3.0,-25.0,3.0,-27.0,3.0,-29.0,4.0,-29.0,5.0,-28.0,5.0,-27.0,6.0,-24.0,6.0,-21.0,5.0,-16.0,3.0,-12.0,1.0,-8.0,-1.0
3.4006,122.0,-96.0,7.0,0.0,0.0,0.0,0.0,0.0,0.0,0.0,0.0,0.0,-5.0,9.0,-5.0,4.0,-5.0,0.0,-6.0,-4.0,-8.0,-9.0,-10.0,-14.0,-13.0,-17.0,-16.0,-19.0,-18.0,-19.0,-19.0,-20.0,-20.0,-21.0,-20.0,-19.0,-20.0,-17.0,-18.0,-15.0,-15.0,-13.0,-13.0,-11.0,-9.0,-9.0,-4.0,-8.0,1.0,-6.0,6.0,-4.0,12.0,-5.0,17.0,-6.0,21.0,-7.0,24.0,-7.0,25.0,-9.0,26.0,-10.0
3.4146,122.0,-96.0,7.0,0.0,0.0,0.0,0.0,0.0,0.0,0.0,0.0,0.0,-30.0,-8.0,-33.0,-8.0,-32.0,-7.0,-33.0,-7.0,-30.0,-5.0,-28.0,-5.0,-24.0,-4.0,-19.0,-5.0,-14.0,-5.0,-8.0,-6.0,-2.0,-7.0,5.0,-9.0,10.0,-12.0,15.0,-14.0,20.0,-18.0,22.0,-20.0,26.0,-23.0,26.0,-24.0,26.0,-26.0,24.0,-25.0,23.0,-24.0,20.0,-23.0,17.0,-19.0,14.0,-15.0,10.0,-10.0,8.0,-4.0
3.4291,122.0,-96.0,7.0,0.0,0.0,0.0,0.0,0.0,0.0,0.0,0.0,0.0,-20.0,-18.0,-23.0,-19.0,-23.0,-19.0,-23.0,-18.0,-22.0,-16.0,-21.0,-15.0,-18.0,-13.0,-14.0,-11.0,-10.0,-9.0,-4.0,-8.0,1.0,-6.0,7.0,-6.0,13.0,-5.0,18.0,-5.0,22.0,-6.0,25.0,-7.0,29.0,-8.0,30.0,-8.0,31.0,-10.0,29.0,-11.0,28.0,-10.0,25.0,-10.0,21.0,-9.0,17.0,-7.0,12.0,-4.0,8.0,0.0
3.4434,122.0,-96.0,7.0,0.0,0.0,0.0,0.0,0.0,0.0,0.0,0.0,0.0,-13.0,2.0,-13.0,2.0,-13.0,2.0,-12.0,3.0,-13.0,3.0,-14.0,2.0,-14.0,2.0,-14.0,3.0,-14.0,3.0,-14.0,2.0,-14.0,3.0,-14.0,3.0,-14.0,3.0,-14.0,4.0,-15.0,3.0,-14.0,4.0,-14.0,4.0,-15.0,5.0,-15.0,4.0,-15.0,4.0,-16.0,4.0,-15.0,4.0,-14.0,5.0,-15.0,5.0,-15.0,5.0,-15.0,5.0
3.457,122.0,-96.0,7.0,0.0,0.0,0.0,0.0,0.0,0.0,0.0,0.0,0.0,-12.0,0.0,-8.0,-2.0,-3.0,-5.0,1.0,-9.0,4.0,-12.0,7.0,-17.0,10.0,-20.0,11.0,-23.0,12.0,-26.0,12.0,-28.0,11.0,-29.0,10.0,-29.0,9.0,-27.0,7.0,-26.0,6.0,-22.0,5.0,-19.0,4.0,-13.0,5.0,-8.0,6.0,-2.0,7.0,4.0,9.0,9.0,11.0,13.0,14.0,18.0,17.0,20.0,19.0,22.0,20.0,23.0
3.4714,122.0,-96.0,7.0,0.0,0.0,0.0,0.0,0.0,0.0,0.0,0.0,0.0,-10.0,4.0,-9.0,4.0,-10.0,4.0,-10.0,4.0,-10.0,4.0,-10.0,4.0,-10.0,4.0,-10.0,5.0,-11.0,5.0,-10.0,5.0,-11.0,5.0,-11.0,5.0,-11.0,5.0,-11.0,5.0,-10.0,5.0,-11.0,6.0,-10.0,5.0,-10.0,6.0,-10.0,6.0,-11.0,6.0,-11.0,6.0,-11.0,6.0,-10.0,6.0,-11.0,7.0,-11.0,6.0,-11.0,7.0
3.4843,122.0,-96.0,7.0,0.0,0.0,0.0,0.0,0.0,0.0,0.0,0.0,0.0,10.0,6.0,5.0,6.0,-1.0,6.0,-7.0,6.0,-13.0,8.0,-18.0,10.0,-22.0,11.0,-26.0,14.0,-28.0,16.0,-29.0,17.0,-29.0,19.0,-28.0,20.0,-26.0,19.0,-24.0,19.0,-21.0,16.0,-17.0,12.0,-13.0,9.0,-10.0,3.0,-8.0,-3.0,-5.0,-9.0,-3.0,-15.0,-3.0,-21.0,-3.0,-26.0,-4.0,-31.0,-4.0,-34.0,-6.0,-36.0
3.4981,122.0,-96.0,7.0,0.0,0.0,0.0,0.0,0.0,0.0,0.0,0.0,0.0,-11.0,0.0,-12.0,1.0,-12.0,0.0,-12.0,1.0,-12.0,0.0,-13.0,0.0,-13.0,1.0,-13.0,1.0,-13.0,1.0,-13.0,0.0,-13.0,1.0,-13.0,1.0,-13.0,1.0,-14.0,1.0,-13.0,1.0,-14.0,1.0,-14.0,1.0,-14.0,1.0,-14.0,2.0,-14.0,2.0,-14.0,1.0,-14.0,2.0,-14.0,2.0,-14.0,2.0,-14.0,2.0,-14.0,2.0
3.5121,122.0,-96.0,7.0,0.0,0.0,0.0,0.0,0.0,0.0,0.0,0.0,0.0,-12.0,-1.0,-16.0,-2.0,-20.0,-3.0,-22.0,-3.0,-25.0,-3.0,-27.0,-2.0,-28.0,-1.0,-28.0,-1.0,-27.0,0.0,-24.0,0.0,-21.0,-1.0,-17.0,-1.0,-13.0,-2.0,-8.0,-4.0,-3.0,-5.0,1.0,-8.0,6.0,-11.0,9.0,-14.0,12.0,-17.0,14.0,-20.0,15.0,-22.0,16.0,-24.0,16.0,-25.0,15.0,-25.0,13.0,-25.0,12.0,-23.0
3.5148,98.0,33.0,22.0,0.0,0.0,0.0,0.0,0.0,0.0,0.0,0.0,0.0,3.0,-26.0,3.0,-23.0,2.0,-20.0,0.0,-16.0,-3.0,-12.0,-6.0,-7.0,-9.0,-4.0,-13.0,0.0,-16.0,4.0,-18.0,7.0,-21.0,10.0,-22.0,13.0,-23.0,15.0,-22.0,17.0,-22.0,18.0,-20.0,18.0,-18.0,18.0,-15.0,16.0,-9.0,11.0,-7.0,10.0,-2.0,6.0,3.0,1.0,9.0,-2.0,13.0,-9.0,17.0,-15.0,22.0,-19.0
3.5284,122.0,-96.0,7.0,0.0,0.0,0.0,0.0,0.0,0.0,0.0,0.0,0.0,23.0,2.0,21.0,2.0,18.0,1.0,15.0,2.0,10.0,2.0,6.0,3.0,1.0,5.0,-4.0,7.0,-8.0,9.0,-11.0,11.0,-14.0,13.0,-17.0,16.0,-19.0,18.0,-19.0,20.0,-19.0,21.0,-18.0,21.0,-17.0,20.0,-15.0,19.0,-13.0,17.0,-11.0,13.0,-9.0,9.0,-8.0,4.0,-6.0,-1.0,-5.0,-6.0,-4.0,-11.0,-5.0,-16.0
3.5443,122.0,-96.0,7.0,0.0,0.0,0.0,0.0,0.0,0.0,0.0,0.0,0.0,-5.0,9.0,-5.0,9.0,-5.0,10.0,-6.0,9.0,-5.0,10.0,-5.0,11.0,-5.0,10.0,-5.0,11.0,-5.0,11.0,-5.0,11.0,-5.0,11.0,-5.0,11.0,-6.0,11.0,-5.0,11.0,-5.0,11.0,-5.0,11.0,-5.0,11.0,-5.0,12.0,-5.0,12.0,-5.0,12.0,-5.0,12.0,-5.0,12.0,-4.0,12.0,-5.0,12.0,-4.0,12.0,-5.0,12.0
3.5579,122.0,-96.0,7.0,0.0,0.0,0.0,0.0,0.0,0.0,0.0,0.0,0.0,3.0,10.0,4.0,14.0,5.0,18.0,6.0,21.0,7.0,23.0,8.0,25.0,9.0,25.0,10.0,24.0,10.0,23.0,8.0,20.0,6.0,18.0,4.0,14.0,2.0,11.0,-1.0,7.0,-5.0,3.0,-8.0,0.0,-13.0,-3.0,-17.0,-5.0,-22.0,-6.0,-25.0,-7.0,-27.0,-7.0,-29.0,-6.0,-30.0,-6.0,-29.0,-6.0,-28.0,-4.0,-25.0,-3.0
3.5723,122.0,-96.0,7.0,0.0,0.0,0.0,0.0,0.0,0.0,0.0,0.0,0.0,-5.0,11.0,-5.0,11.0,-6.0,12.0,-5.0,11.0,-5.0,12.0,-5.0,12.0,-5.0,12.0,-6.0,13.0,-5.0,12.0,-5.0,12.0,-5.0,12.0,-5.0,13.0,-5.0,13.0,-5.0,13.0,-5.0,14.0,-5.0,13.0,-5.0,13.0,-5.0,14.0,-5.0,14.0,-5.0,14.0,-5.0,14.0,-5.0,14.0,-4.0,14.0,-5.0,14.0,-4.0,14.0,-4.0,15.0
3.5852,122.0,-96.0,7.0,0.0,0.0,0.0,0.0,0.0,0.0,0.0,0.0,0.0,0.0,-12.0,1.0,-16.0,2.0,-20.0,2.0,-23.0,2.0,-25.0,2.0,-27.0,1.0,-28.0,0.0,-27.0,-1.0,-26.0,-1.0,-23.0,0.0,-20.0,1.0,-16.0,1.0,-12.0,3.0,-7.0,4.0,-2.0,7.0,2.0,11.0,6.0,13.0,10.0,17.0,13.0,19.0,14.0,22.0,16.0,23.0,16.0,24.0,16.0,24.0,15.0,23.0,13.0,21.0,11.0
3.5996,122.0,-96.0,7.0,0.0,0.0,0.0,0.0,0.0,0.0,0.0,0.0,0.0,-1.0,-12.0,-1.0,-16.0,0.0,-20.0,0.0,-23.0,-1.0,-26.0,-2.0,-27.0,-2.0,-28.0,-3.0,-27.0,-3.0,-26.0,-3.0,-23.0,-2.0,-19.0,-1.0,-15.0,0.0,-11.0,2.0,-6.0,5.0,-2.0,8.0,2.0,12.0,6.0,15.0,9.0,19.0,12.0,21.0,13.0,24.0,14.0,25.0,14.0,26.0,13.0,25.0,12.0,24.0,10.0,21.0,9.0
3.6149,122.0,-96.0,7.0,0.0,0.0,0.0,0.0,0.0,0.0,0.0,0.0,0.0,9.0,-7.0,9.0,-7.0,9.0,-7.0,9.0,-7.0,9.0,-7.0,10.0,-7.0,10.0,-7.0,10.0,-8.0,10.0,-7.0,10.0,-8.0,10.0,-8.0,10.0,-8.0,10.0,-8.0,10.0,-8.0,10.0,-9.0,10.0,-8.0,10.0,-8.0,10.0,-9.0,10.0,-9.0,10.0,-9.0,10.0,-9.0,10.0,-8.0,10.0,-10.0,11.0,-9.0,10.0,-9.0,10.0,-9.0
3.6293,122.0,-96.0,7.0,0.0,0.0,0.0,0.0,0.0,0.0,0.0,0.0,0.0,8.0,-5.0,8.0,-5.0,9.0,-5.0,9.0,-5.0,9.0,-6.0,9.0,-6.0,9.0,-7.0,8.0,-7.0,9.0,-7.0,9.0,-7.0,9.0,-6.0,9.0,-6.0,9.0,-7.0,9.0,-7.0,9.0,-7.0,9.0,-7.0,10.0,-7.0,9.0,-8.0,9.0,-8.0,9.0,-8.0,9.0,-8.0,9.0,-8.0,9.0,-9.0,10.0,-8.0,9.0,-8.0,9.0,-8.0
3.645,122.0,-96.0,7.0,0.0,0.0,0.0,0.0,0.0,0.0,0.0,0.0,0.0,-10.0,-25.0,-9.0,-22.0,-8.0,-19.0,-6.0,-16.0,-3.0,-12.0,0.0,-8.0,4.0,-4.0,9.0,-1.0,13.0,2.0,17.0,4.0,21.0,6.0,24.0,7.0,28.0,7.0,30.0,7.0,30.0,6.0,30.0,4.0,28.0,3.0,26.0,3.0,22.0,2.0,17.0,2.0,12.0,3.0,6.0,4.0,0.0,6.0,-5.0,8.0,-10.0,10.0,-15.0,13.0
3.6485,98.0,33.0,22.0,0.0,0.0,0.0,0.0,0.0,0.0,0.0,0.0,0.0,6.0,16.0,5.0,15.0,4.0,13.0,5.0,9.0,5.0,6.0,5.0,2.0,6.0,-2.0,7.0,-6.0,7.0,-9.0,8.0,-12.0,9.0,-15.0,9.0,-17.0,8.0,-19.0,7.0,-19.0,4.0,-19.0,5.0,-20.0,3.0,-18.0,2.0,-16.0,0.0,-13.0,-1.0,-9.0,-2.0,-5.0,-3.0,0.0,-3.0,5.0,-5.0,10.0,-6.0,15.0,-6.0,19.0
3.6611,122.0,-96.0,7.0,0.0,0.0,0.0,0.0,0.0,0.0,0.0,0.0,0.0,-11.0,4.0,-16.0,5.0,-19.0,6.0,-22.0,6.0,-24.0,8.0,-26.0,9.0,-26.0,10.0,-25.0,10.0,-23.0,10.0,-21.0,9.0,-18.0,7.0,-14.0,5.0,-11.0,2.0,-7.0,-2.0,-4.0,-5.0,-1.0,-10.0,2.0,-14.0,4.0,-18.0,5.0,-22.0,6.0,-25.0,6.0,-28.0,6.0,-29.0,5.0,-30.0,4.0,-28.0,3.0,-27.0,2.0,-24.0
3.6771,122.0,-96.0,7.0,0.0,0.0,0.0,0.0,0.0,0.0,0.0,0.0,0.0,-4.0,10.0,-5.0,10.0,-4.0,10.0,-5.0,10.0,-4.0,11.0,-5.0,11.0,-5.0,11.0,-4.0,11.0,-5.0,11.0,-5.0,12.0,-4.0,11.0,-5.0,12.0,-5.0,12.0,-4.0,12.0,-4.0,12.0,-4.0,12.0,-4.0,12.0,-4.0,12.0,-4.0,13.0,-4.0,12.0,-4.0,12.0,-4.0,12.0,-4.0,12.0,-4.0,13.0,-4.0,13.0,-4.0,13.0
3.6899,122.0,-96.0,7.0,0.0,0.0,0.0,0.0,0.0,0.0,0.0,0.0,0.0,19.0,13.0,18.0,11.0,15.0,10.0,12.0,8.0,8.0,7.0,3.0,6.0,-2.0,5.0,-7.0,4.0,-12.0,5.0,-16.0,5.0,-19.0,5.0,-22.0,6.0,-25.0,8.0,-26.0,9.0,-27.0,10.0,-26.0,11.0,-24.0,11.0,-22.0,10.0,-19.0,9.0,-16.0,7.0,-12.0,4.0,-9.0,1.0,-6.0,-3.0,-2.0,-8.0,1.0,-12.0,3.0,-17.0
3.7022,122.0,-96.0,7.0,0.0,0.0,0.0,0.0,0.0,0.0,0.0,0.0,0.0,11.0,3.0,11.0,3.0,12.0,3.0,12.0,3.0,12.0,3.0,12.0,3.0,13.0,3.0,13.0,3.0,12.0,3.0,13.0,3.0,13.0,3.0,13.0,3.0,13.0,3.0,13.0,3.0,14.0,3.0,14.0,3.0,14.0,2.0,14.0,3.0,14.0,3.0,14.0,3.0,14.0,3.0,14.0,3.0,14.0,3.0,15.0,2.0,15.0,3.0,15.0,2.0
3.7154,122.0,-96.0,7.0,0.0,0.0,0.0,0.0,0.0,0.0,0.0,0.0,0.0,29.0,-2.0,27.0,-2.0,22.0,-2.0,18.0,-1.0,13.0,1.0,7.0,3.0,2.0,6.0,-4.0,9.0,-8.0,13.0,-12.0,17.0,-15.0,20.0,-17.0,23.0,-19.0,27.0,-19.0,29.0,-19.0,31.0,-17.0,29.0,-16.0,29.0,-14.0,25.0,-12.0,22.0,-10.0,17.0,-9.0,11.0,-8.0,5.0,-8.0,-2.0,-8.0,-8.0,-8.0,-15.0,-10.0,-21.0
3.7298,122.0,-96.0,7.0,0.0,0.0,0.0,0.0,0.0,0.0,0.0,0.0,0.0,6.0,-14.0,9.0,-18.0,11.0,-23.0,13.0,-25.0,14.0,-29.0,14.0,-31.0,14.0,-32.0,12.0,-32.0,11.0,-30.0,10.0,-27.0,9.0,-23.0,8.0,-18.0,7.0,-13.0,7.0,-6.0,6.0,0.0,7.0,6.0,9.0,13.0,11.0,18.0,13.0,23.0,16.0,27.0,18.0,29.0,19.0,30.0,20.0,30.0,20.0,29.0,20.0,26.0,18.0,24.0
3.7432,122.0,-96.0,7.0,0.0,0.0,0.0,0.0,0.0,0.0,0.0,0.0,0.0,-1.0,13.0,-2.0,17.0,-3.0,21.0,-3.0,25.0,-3.0,27.0,-2.0,29.0,-2.0,30.0,-1.0,29.0,0.0,28.0,0.0,25.0,-1.0,20.0,-2.0,16.0,-3.0,11.0,-5.0,6.0,-7.0,0.0,-10.0,-4.0,-13.0,-9.0,-16.0,-13.0,-20.0,-16.0,-23.0,-18.0,-26.0,-19.0,-27.0,-19.0,-28.0,-19.0,-27.0,-17.0,-26.0,-15.0,-23.0,-13.0
3.7566,122.0,-96.0,7.0,0.0,0.0,0.0,0.0,0.0,0.0,0.0,0.0,0.0,-12.0,1.0,-16.0,0.0,-20.0,0.0,-23.0,0.0,-26.0,1.0,-27.0,2.0,-28.0,2.0,-27.0,4.0,-25.0,4.0,-23.0,3.0,-19.0,2.0,-15.0,1.0,-11.0,-1.0,-7.0,-3.0,-2.0,-6.0,2.0,-9.0,5.0,-13.0,9.0,-17.0,10.0,-20.0,12.0,-23.0,12.0,-26.0,13.0,-27.0,12.0,-28.0,10.0,-27.0,9.0,-26.0,7.0,-22.0
3.77,122.0,-96.0,7.0,0.0,0.0,0.0,0.0,0.0,0.0,0.0,0.0,0.0,1.0,10.0,1.0,11.0,1.0,11.0,1.0,11.0,1.0,11.0,2.0,11.0,1.0,12.0,2.0,12.0,1.0,12.0,1.0,12.0,1.0,12.0,2.0,12.0,2.0,12.0,2.0,13.0,2.0,12.0,2.0,12.0,2.0,13.0,2.0,12.0,2.0,13.0,3.0,13.0,3.0,13.0,3.0,13.0,3.0,13.0,3.0,13.0,3.0,13.0,3.0,13.0
3.7837,122.0,-96.0,7.0,0.0,0.0,0.0,0.0,0.0,0.0,0.0,0.0,0.0,-14.0,1.0,-18.0,0.0,-22.0,1.0,-26.0,1.0,-28.0,1.0,-31.0,2.0,-31.0,3.0,-30.0,4.0,-28.0,4.0,-25.0,4.0,-21.0,2.0,-17.0,1.0,-12.0,-1.0,-7.0,-4.0,-2.0,-7.0,2.0,-10.0,6.0,-14.0,10.0,-18.0,13.0,-23.0,14.0,-25.0,15.0,-28.0,15.0,-29.0,14.0,-30.0,13.0,-29.0,11.0,-27.0,10.0,-25.0
3.7997,122.0,-96.0,7.0,0.0,0.0,0.0,0.0,0.0,0.0,0.0,0.0,0.0,-10.0,-7.0,-10.0,-6.0,-10.0,-7.0,-10.0,-7.0,-10.0,-7.0,-11.0,-7.0,-11.0,-7.0,-11.0,-7.0,-11.0,-7.0,-12.0,-7.0,-11.0,-6.0,-12.0,-7.0,-11.0,-7.0,-12.0,-7.0,-12.0,-7.0,-12.0,-7.0,-12.0,-6.0,-13.0,-6.0,-13.0,-6.0,-13.0,-6.0,-13.0,-6.0,-13.0,-6.0,-13.0,-6.0,-13.0,-6.0,-13.0,-6.0,-13.0,-6.0
3.8132,122.0,-96.0,7.0,0.0,0.0,0.0,0.0,0.0,0.0,0.0,0.0,0.0,22.0,-14.0,20.0,-13.0,17.0,-11.0,14.0,-8.0,10.0,-5.0,7.0,-1.0,4.0,4.0,1.0,8.0,-1.0,14.0,-2.0,18.0,-4.0,22.0,-4.0,25.0,-4.0,28.0,-3.0,30.0,-2.0,31.0,-1.0,30.0,0.0,28.0,0.0,26.0,0.0,22.0,0.0,17.0,-2.0,12.0,-4.0,7.0,-7.0,1.0,-9.0,-4.0,-12.0,-9.0,-16.0,-13.0
3.8278,122.0,-96.0,7.0,0.0,0.0,0.0,0.0,0.0,0.0,0.0,0.0,0.0,-10.0,5.0,-7.0,1.0,-5.0,-4.0,-4.0,-9.0,-3.0,-14.0,-3.0,-19.0,-3.0,-23.0,-3.0,-26.0,-5.0,-29.0,-5.0,-31.0,-6.0,-31.0,-7.0,-30.0,-8.0,-28.0,-8.0,-25.0,-7.0,-22.0,-5.0,-18.0,-3.0,-13.0,1.0,-9.0,5.0,-5.0,9.0,0.0,14.0,3.0,18.0,6.0,23.0,8.0,26.0,8.0,29.0,8.0,31.0,8.0
3.8451,122.0,-96.0,7.0,0.0,0.0,0.0,0.0,0.0,0.0,0.0,0.0,0.0,-9.0,-7.0,-9.0,-7.0,-10.0,-7.0,-10.0,-8.0,-9.0,-7.0,-11.0,-8.0,-11.0,-7.0,-11.0,-7.0,-11.0,-7.0,-11.0,-7.0,-11.0,-8.0,-12.0,-8.0,-12.0,-8.0,-11.0,-7.0,-12.0,-7.0,-12.0,-7.0,-12.0,-7.0,-12.0,-7.0,-13.0,-7.0,-12.0,-7.0,-12.0,-7.0,-13.0,-7.0,-13.0,-6.0,-13.0,-7.0,-13.0,-6.0,-13.0,-7.0
3.8606,122.0,-96.0,7.0,0.0,0.0,0.0,0.0,0.0,0.0,0.0,0.0,0.0,-9.0,-8.0,-9.0,-7.0,-10.0,-7.0,-10.0,-7.0,-10.0,-8.0,-11.0,-7.0,-10.0,-7.0,-11.0,-7.0,-11.0,-7.0,-11.0,-7.0,-11.0,-8.0,-11.0,-7.0,-11.0,-8.0,-11.0,-7.0,-12.0,-7.0,-12.0,-7.0,-11.0,-7.0,-13.0,-7.0,-12.0,-7.0,-13.0,-6.0,-13.0,-6.0,-13.0,-6.0,-13.0,-7.0,-13.0,-6.0,-13.0,-6.0,-13.0,-6.0
3.8752,122.0,-96.0,7.0,0.0,0.0,0.0,0.0,0.0,0.0,0.0,0.0,0.0,20.0,-7.0,22.0,-8.0,21.0,-9.0,21.0,-9.0,19.0,-9.0,18.0,-8.0,15.0,-7.0,12.0,-5.0,9.0,-3.0,6.0,0.0,3.0,3.0,0.0,7.0,-2.0,11.0,-5.0,14.0,-6.0,18.0,-7.0,20.0,-7.0,23.0,-7.0,24.0,-7.0,25.0,-6.0,24.0,-5.0,23.0,-4.0,21.0,-3.0,18.0,-3.0,14.0,-3.0,9.0,-4.0,5.0
3.8892,122.0,-96.0,7.0,0.0,0.0,0.0,0.0,0.0,0.0,0.0,0.0,0.0,-1.0,24.0,0.0,26.0,1.0,26.0,1.0,25.0,2.0,24.0,1.0,22.0,1.0,19.0,0.0,15.0,-1.0,11.0,-4.0,6.0,-5.0,1.0,-8.0,-3.0,-12.0,-7.0,-14.0,-10.0,-18.0,-13.0,-19.0,-15.0,-22.0,-17.0,-23.0,-17.0,-25.0,-17.0,-25.0,-15.0,-23.0,-15.0,-21.0,-13.0,-18.0,-11.0,-14.0,-9.0,-10.0,-7.0,-5.0,-6.0
3.9033,122.0,-96.0,7.0,0.0,0.0,0.0,0.0,0.0,0.0,0.0,0.0,0.0,10.0,-10.0,14.0,-14.0,18.0,-16.0,21.0,-19.0,23.0,-21.0,24.0,-24.0,24.0,-25.0,23.0,-25.0,21.0,-25.0,18.0,-22.0,16.0,-18.0,13.0,-14.0,10.0,-10.0,8.0,-4.0,6.0,3.0,4.0,8.0,4.0,16.0,3.0,21.0,4.0,27.0,5.0,30.0,7.0,34.0,8.0,35.0,8.0,35.0,9.0,34.0,10.0,32.0,9.0,28.0
3.9184,122.0,-96.0,7.0,0.0,0.0,0.0,0.0,0.0,0.0,0.0,0.0,0.0,-11.0,2.0,-11.0,2.0,-10.0,2.0,-10.0,3.0,-11.0,3.0,-11.0,3.0,-12.0,3.0,-11.0,3.0,-11.0,3.0,-11.0,3.0,-11.0,3.0,-11.0,3.0,-11.0,3.0,-11.0,4.0,-11.0,4.0,-11.0,4.0,-12.0,5.0,-12.0,4.0,-12.0,5.0,-12.0,4.0,-12.0,4.0,-12.0,5.0,-12.0,5.0,-12.0,5.0,-12.0,5.0,-12.0,5.0
3.9315,122.0,-96.0,7.0,0.0,0.0,0.0,0.0,0.0,0.0,0.0,0.0,0.0,11.0,-24.0,10.0,-21.0,9.0,-19.0,7.0,-15.0,6.0,-10.0,5.0,-5.0,5.0,1.0,6.0,6.0,7.0,12.0,8.0,16.0,9.0,20.0,11.0,23.0,13.0,26.0,14.0,27.0,15.0,27.0,16.0,26.0,15.0,24.0,14.0,22.0,12.0,18.0,9.0,15.0,5.0,11.0,0.0,8.0,-5.0,4.0,-10.0,1.0,-15.0,-1.0,-20.0,-2.0
3.9479,122.0,-96.0,7.0,0.0,0.0,0.0,0.0,0.0,0.0,0.0,0.0,0.0,-18.0,16.0,-16.0,14.0,-14.0,12.0,-11.0,9.0,-9.0,5.0,-7.0,1.0,-5.0,-3.0,-4.0,-8.0,-3.0,-13.0,-3.0,-17.0,-2.0,-21.0,-2.0,-24.0,-3.0,-27.0,-4.0,-28.0,-5.0,-28.0,-5.0,-28.0,-6.0,-26.0,-6.0,-24.0,-5.0,-20.0,-4.0,-16.0,-1.0,-12.0,1.0,-7.0,5.0,-3.0,8.0,1.0,11.0,5.0,15.0,8.0
3.9628,122.0,-96.0,7.0,0.0,0.0,0.0,0.0,0.0,0.0,0.0,0.0,0.0,10.0,-3.0,11.0,-3.0,11.0,-3.0,11.0,-4.0,11.0,-3.0,11.0,-4.0,11.0,-4.0,11.0,-4.0,11.0,-4.0,11.0,-4.0,12.0,-5.0,12.0,-5.0,12.0,-5.0,12.0,-5.0,12.0,-5.0,12.0,-5.0,12.0,-6.0,12.0,-5.0,12.0,-6.0,12.0,-6.0,12.0,-6.0,12.0,-6.0,12.0,-6.0,12.0,-6.0,12.0,-6.0,12.0,-7.0
3.976,122.0,-96.0,7.0,0.0,0.0,0.0,0.0,0.0,0.0,0.0,0.0,0.0,-3.0,11.0,-3.0,10.0,-3.0,11.0,-3.0,11.0,-2.0,11.0,-2.0,11.0,-2.0,12.0,-2.0,12.0,-2.0,12.0,-3.0,12.0,-2.0,12.0,-3.0,12.0,-2.0,12.0,-2.0,12.0,-2.0,12.0,-2.0,12.0,-2.0,13.0,-2.0,13.0,-2.0,13.0,-2.0,13.0,-2.0,13.0,-1.0,13.0,-1.0,13.0,-1.0,14.0,-2.0,13.0,-1.0,13.0
3.9888,122.0,-96.0,7.0,0.0,0.0,0.0,0.0,0.0,0.0,0.0,0.0,0.0,7.0,10.0,2.0,7.0,-4.0,5.0,-9.0,3.0,-15.0,3.0,-21.0,3.0,-26.0,3.0,-30.0,3.0,-33.0,5.0,-34.0,6.0,-34.0,7.0,-33.0,8.0,-31.0,9.0,-28.0,9.0,-24.0,7.0,-19.0,5.0,-15.0,2.0,-10.0,-2.0,-5.0,-6.0,0.0,-11.0,4.0,-17.0,6.0,-21.0,8.0,-26.0,9.0,-31.0,9.0,-34.0,9.0,-35.0
3.9932,98.0,33.0,22.0,0.0,0.0,0.0,0.0,0.0,0.0,0.0,0.0,0.0,-13.0,15.0,-13.0,15.0,-13.0,15.0,-12.0,14.0,-11.0,13.0,-9.0,11.0,-6.0,10.0,-3.0,8.0,0.0,5.0,4.0,4.0,7.0,1.0,9.0,-1.0,12.0,-4.0,13.0,-7.0,14.0,-9.0,15.0,-12.0,15.0,-14.0,15.0,-16.0,14.0,-17.0,12.0,-17.0,10.0,-16.0,8.0,-14.0,6.0,-11.0,3.0,-7.0,0.0,-4.0,-2.0,1.0
4.0074,122.0,-96.0,7.0,0.0,0.0,0.0,0.0,0.0,0.0,0.0,0.0,0.0,-1.0,-25.0,-2.0,-26.0,-2.0,-27.0,-3.0,-26.0,-3.0,-24.0,-3.0,-22.0,-3.0,-19.0,-1.0,-15.0,0.0,-11.0,3.0,-7.0,5.0,-2.0,8.0,2.0,12.0,6.0,14.0,10.0,17.0,12.0,20.0,14.0,22.0,15.0,23.0,16.0,24.0,15.0,23.0,14.0,22.0,13.0,20.0,11.0,17.0,9.0,12.0,7.0,7.0,6.0,2.0,5.0
4.0219,122.0,-96.0,7.0,0.0,0.0,0.0,0.0,0.0,0.0,0.0,0.0,0.0,-6.0,-24.0,-7.0,-26.0,-7.0,-26.0,-8.0,-25.0,-8.0,-23.0,-7.0,-22.0,-6.0,-18.0,-4.0,-15.0,-2.0,-11.0,2.0,-7.0,4.0,-3.0,9.0,1.0,13.0,4.0,16.0,6.0,20.0,8.0,22.0,10.0,25.0,10.0,25.0,11.0,27.0,10.0,26.0,9.0,24.0,8.0,21.0,7.0,18.0,6.0,13.0,4.0,8.0,4.0,3.0,4.0
4.0366,122.0,-96.0,7.0,0.0,0.0,0.0,0.0,0.0,0.0,0.0,0.0,0.0,-12.0,8.0,-11.0,9.0,-12.0,9.0,-12.0,10.0,-12.0,9.0,-12.0,10.0,-12.0,10.0,-12.0,10.0,-12.0,10.0,-11.0,10.0,-12.0,11.0,-12.0,10.0,-13.0,11.0,-12.0,11.0,-12.0,11.0,-12.0,11.0,-13.0,11.0,-12.0,11.0,-12.0,11.0,-13.0,12.0,-12.0,11.0,-13.0,11.0,-12.0,13.0,-13.0,13.0,-13.0,13.0,-12.0,13.0
4.0495,122.0,-96.0,7.0,0.0,0.0,0.0,0.0,0.0,0.0,0.0,0.0,0.0,-12.0,-7.0,-16.0,-10.0,-19.0,-12.0,-22.0,-14.0,-24.0,-15.0,-27.0,-16.0,-27.0,-15.0,-27.0,-13.0,-26.0,-12.0,-23.0,-11.0,-19.0,-10.0,-15.0,-9.0,-10.0,-8.0,-4.0,-7.0,2.0,-6.0,7.0,-7.0,13.0,-8.0,18.0,-9.0,23.0,-11.0,25.0,-13.0,27.0,-15.0,28.0,-15.0,28.0,-16.0,27.0,-16.0,24.0,-16.0,21.0,-15.0
4.0642,122.0,-96.0,7.0,0.0,0.0,0.0,0.0,0.0,0.0,0.0,0.0,0.0,13.0,-3.0,13.0,-3.0,14.0,-3.0,14.0,-4.0,14.0,-3.0,14.0,-4.0,15.0,-4.0,15.0,-4.0,14.0,-4.0,15.0,-3.0,15.0,-4.0,16.0,-4.0,15.0,-4.0,15.0,-5.0,15.0,-4.0,16.0,-5.0,16.0,-5.0,16.0,-5.0,16.0,-5.0,16.0,-5.0,16.0,-5.0,16.0,-5.0,16.0,-6.0,16.0,-5.0,16.0,-6.0,16.0,-6.0
4.0784,122.0,-96.0,7.0,0.0,0.0,0.0,0.0,0.0,0.0,0.0,0.0,0.0,11.0,0.0,15.0,1.0,19.0,2.0,22.0,2.0,24.0,2.0,26.0,1.0,27.0,1.0,26.0,0.0,25.0,0.0,22.0,-1.0,18.0,0.0,14.0,1.0,10.0,1.0,5.0,3.0,0.0,5.0,-5.0,8.0,-9.0,11.0,-13.0,13.0,-15.0,17.0,-17.0,19.0,-19.0,21.0,-19.0,22.0,-18.0,23.0,-16.0,23.0,-15.0,22.0,-13.0,19.0
4.0943,122.0,-96.0,7.0,0.0,0.0,0.0,0.0,0.0,0.0,0.0,0.0,0.0,-10.0,7.0,-10.0,8.0,-11.0,8.0,-11.0,8.0,-10.0,8.0,-11.0,9.0,-11.0,9.0,-10.0,9.0,-11.0,9.0,-11.0,9.0,-11.0,9.0,-11.0,9.0,-11.0,9.0,-11.0,9.0,-11.0,10.0,-11.0,10.0,-11.0,10.0,-11.0,10.0,-10.0,10.0,-11.0,10.0,-10.0,11.0,-10.0,11.0,-10.0,11.0,-11.0,11.0,-11.0,11.0,-10.0,11.0
4.1096,122.0,-96.0,7.0,0.0,0.0,0.0,0.0,0.0,0.0,0.0,0.0,0.0,-20.0,12.0,-19.0,11.0,-16.0,9.0,-13.0,7.0,-10.0,4.0,-8.0,0.0,-5.0,-4.0,-2.0,-8.0,-1.0,-13.0,0.0,-17.0,2.0,-20.0,2.0,-24.0,2.0,-26.0,1.0,-28.0,0.0,-29.0,-1.0,-28.0,-1.0,-27.0,-2.0,-25.0,-2.0,-21.0,-1.0,-18.0,0.0,-13.0,2.0,-8.0,4.0,-4.0,7.0,1.0,9.0,5.0,13.0,9.0
4.113,98.0,33.0,22.0,0.0,0.0,0.0,0.0,0.0,0.0,0.0,0.0,0.0,-11.0,2.0,-8.0,3.0,-5.0,6.0,-2.0,9.0,1.0,12.0,3.0,15.0,5.0,17.0,7.0,18.0,8.0,20.0,9.0,19.0,11.0,19.0,11.0,18.0,11.0,15.0,11.0,12.0,10.0,9.0,8.0,6.0,6.0,2.0,2.0,-2.0,-1.0,-6.0,-5.0,-10.0,-9.0,-13.0,-12.0,-16.0,-15.0,-19.0,-19.0,-20.0,-21.0,-21.0,-22.0,-22.0
4.127,122.0,-96.0,7.0,0.0,0.0,0.0,0.0,0.0,0.0,0.0,0.0,0.0,-21.0,8.0,-21.0,9.0,-22.0,9.0,-21.0,10.0,-20.0,10.0,-19.0,9.0,-16.0,8.0,-13.0,6.0,-10.0,3.0,-8.0,0.0,-4.0,-4.0,-2.0,-7.0,0.0,-11.0,2.0,-15.0,4.0,-18.0,4.0,-21.0,5.0,-24.0,5.0,-25.0,5.0,-26.0,3.0,-26.0,3.0,-25.0,2.0,-23.0,2.0,-20.0,1.0,-16.0,2.0,-12.0,2.0,-8.0
4.1414,122.0,-96.0,7.0,0.0,0.0,0.0,0.0,0.0,0.0,0.0,0.0,0.0,-18.0,-17.0,-16.0,-15.0,-14.0,-13.0,-11.0,-11.0,-7.0,-9.0,-2.0,-7.0,2.0,-6.0,7.0,-4.0,12.0,-4.0,16.0,-4.0,19.0,-4.0,23.0,-5.0,25.0,-6.0,27.0,-7.0,27.0,-8.0,26.0,-9.0,24.0,-9.0,22.0,-8.0,19.0,-7.0,15.0,-5.0,11.0,-3.0,7.0,0.0,3.0,4.0,-1.0,8.0,-4.0,12.0,-6.0,17.0
4.156,122.0,-96.0,7.0,0.0,0.0,0.0,0.0,0.0,0.0,0.0,0.0,0.0,-5.0,11.0,-5.0,12.0,-5.0,12.0,-5.0,12.0,-5.0,12.0,-5.0,13.0,-5.0,13.0,-5.0,13.0,-5.0,13.0,-5.0,13.0,-5.0,13.0,-5.0,13.0,-5.0,13.0,-5.0,14.0,-5.0,14.0,-5.0,13.0,-4.0,14.0,-5.0,14.0,-5.0,14.0,-5.0,14.0,-4.0,14.0,-5.0,14.0,-4.0,14.0,-4.0,15.0,-5.0,15.0,-4.0,15.0
4.1694,122.0,-96.0,7.0,0.0,0.0,0.0,0.0,0.0,0.0,0.0,0.0,0.0,1.0,-11.0,1.0,-12.0,2.0,-12.0,1.0,-12.0,1.0,-12.0,1.0,-13.0,1.0,-13.0,0.0,-13.0,1.0,-13.0,1.0,-13.0,1.0,-13.0,1.0,-14.0,1.0,-13.0,1.0,-13.0,1.0,-14.0,1.0,-14.0,0.0,-14.0,0.0,-14.0,0.0,-14.0,0.0,-14.0,0.0,-14.0,0.0,-14.0,0.0,-14.0,0.0,-14.0,0.0,-14.0,0.0,-15.0
4.1836,122.0,-96.0,7.0,0.0,0.0,0.0,0.0,0.0,0.0,0.0,0.0,0.0,9.0,-3.0,5.0,0.0,2.0,4.0,0.0,7.0,-3.0,12.0,-4.0,16.0,-6.0,19.0,-6.0,23.0,-6.0,25.0,-5.0,26.0,-4.0,27.0,-3.0,26.0,-2.0,25.0,-1.0,22.0,-1.0,18.0,-2.0,14.0,-3.0,9.0,-5.0,5.0,-7.0,0.0,-9.0,-5.0,-12.0,-9.0,-15.0,-12.0,-19.0,-15.0,-22.0,-16.0,-24.0,-16.0,-25.0,-17.0
4.1978,122.0,-96.0,7.0,0.0,0.0,0.0,0.0,0.0,0.0,0.0,0.0,0.0,-11.0,-2.0,-6.0,-4.0,-1.0,-6.0,3.0,-9.0,8.0,-12.0,11.0,-16.0,13.0,-19.0,15.0,-22.0,16.0,-24.0,16.0,-26.0,15.0,-27.0,14.0,-26.0,12.0,-25.0,10.0,-23.0,9.0,-19.0,7.0,-16.0,6.0,-10.0,6.0,-4.0,6.0,2.0,6.0,8.0,8.0,13.0,10.0,18.0,12.0,22.0,14.0,24.0,17.0,26.0,17.0,26.0
4.2138,122.0,-96.0,7.0,0.0,0.0,0.0,0.0,0.0,0.0,0.0,0.0,0.0,-7.0,-11.0,-2.0,-8.0,4.0,-5.0,9.0,-4.0,15.0,-2.0,21.0,-2.0,25.0,-2.0,29.0,-2.0,32.0,-3.0,34.0,-4.0,34.0,-5.0,33.0,-6.0,31.0,-7.0,28.0,-8.0,23.0,-6.0,19.0,-5.0,13.0,-2.0,9.0,2.0,3.0,6.0,-2.0,10.0,-6.0,16.0,-9.0,20.0,-11.0,25.0,-11.0,29.0,-12.0,32.0,-12.0,34.0
4.2267,102.0,96.0,6.0,0.0,0.0,0.0,0.0,0.0,0.0,0.0,0.0,0.0,12.0,17.0,14.0,18.0,14.0,18.0,14.0,17.0,13.0,17.0,12.0,15.0,11.0,13.0,8.0,11.0,5.0,8.0,1.0,6.0,-3.0,4.0,-7.0,2.0,-12.0,1.0,-15.0,0.0,-19.0,-1.0,-22.0,-1.0,-24.0,-1.0,-26.0,-1.0,-27.0,0.0,-26.0,1.0,-25.0,1.0,-23.0,1.0,-20.0,1.0,-16.0,1.0,-12.0,0.0,-8.0,-2.0
4.2432,78.0,-32.0,4.0,0.0,0.0,0.0,0.0,0.0,0.0,0.0,0.0,0.0,-6.0,-9.0,-7.0,-10.0,-7.0,-10.0,-7.0,-10.0,-7.0,-10.0,-7.0,-11.0,-7.0,-11.0,-7.0,-11.0,-8.0,-11.0,-8.0,-11.0,-7.0,-11.0,-8.0,-11.0,-8.0,-11.0,-8.0,-11.0,-8.0,-11.0,-8.0,-11.0,-8.0,-11.0,-9.0,-11.0,-9.0,-11.0,-8.0,-11.0,-9.0,-11.0,-9.0,-11.0,-9.0,-11.0,-9.0,-11.0,-9.0,-11.0,-9.0,-11.0
4.2577,122.0,-96.0,7.0,0.0,0.0,0.0,0.0,0.0,0.0,0.0,0.0,0.0,-2.0,9.0,-2.0,9.0,-2.0,10.0,-3.0,10.0,-3.0,10.0,-2.0,11.0,-2.0,11.0,-2.0,10.0,-2.0,10.0,-2.0,11.0,-2.0,11.0,-2.0,11.0,-2.0,11.0,-3.0,12.0,-2.0,12.0,-2.0,11.0,-1.0,11.0,-2.0,12.0,-2.0,12.0,-1.0,12.0,-1.0,12.0,-1.0,12.0,-1.0,12.0,-2.0,12.0,-1.0,12.0,-1.0,12.0
4.2709,122.0,-96.0,7.0,0.0,0.0,0.0,0.0,0.0,0.0,0.0,0.0,0.0,-17.0,-22.0,-19.0,-22.0,-20.0,-22.0,-20.0,-21.0,-19.0,-20.0,-18.0,-18.0,-15.0,-16.0,-12.0,-13.0,-8.0,-10.0,-3.0,-8.0,2.0,-6.0,8.0,-4.0,14.0,-3.0,19.0,-2.0,23.0,-2.0,26.0,-2.0,29.0,-3.0,31.0,-3.0,32.0,-4.0,31.0,-5.0,29.0,-5.0,25.0,-6.0,22.0,-5.0,17.0,-3.0,12.0,-2.0,7.0,1.0
4.285,122.0,-96.0,7.0,0.0,0.0,0.0,0.0,0.0,0.0,0.0,0.0,0.0,21.0,-13.0,22.0,-14.0,22.0,-15.0,21.0,-15.0,20.0,-14.0,18.0,-13.0,15.0,-11.0,13.0,-8.0,9.0,-5.0,7.0,-1.0,4.0,3.0,1.0,8.0,0.0,13.0,-2.0,17.0,-3.0,21.0,-4.0,23.0,-4.0,26.0,-4.0,28.0,-3.0,28.0,-2.0,28.0,-2.0,27.0,-1.0,24.0,-1.0,20.0,-1.0,16.0,-2.0,11.0,-4.0,6.0
4.2981,122.0,-96.0,7.0,0.0,0.0,0.0,0.0,0.0,0.0,0.0,0.0,0.0,-14.0,22.0,-12.0,20.0,-11.0,17.0,-9.0,13.0,-8.0,9.0,-7.0,3.0,-7.0,-2.0,-7.0,-7.0,-7.0,-13.0,-8.0,-18.0,-9.0,-21.0,-11.0,-25.0,-12.0,-27.0,-14.0,-28.0,-15.0,-29.0,-15.0,-28.0,-15.0,-26.0,-14.0,-23.0,-12.0,-19.0,-9.0,-16.0,-6.0,-12.0,-1.0,-8.0,4.0,-5.0,9.0,-2.0,14.0,1.0,20.0,2.0
4.3126,122.0,-96.0,7.0,0.0,0.0,0.0,0.0,0.0,0.0,0.0,0.0,0.0,5.0,8.0,5.0,8.0,5.0,8.0,6.0,8.0,6.0,8.0,6.0,8.0,5.0,8.0,6.0,8.0,6.0,9.0,6.0,9.0,6.0,9.0,6.0,8.0,5.0,9.0,6.0,9.0,6.0,9.0,6.0,9.0,7.0,9.0,7.0,9.0,7.0,9.0,7.0,9.0,7.0,9.0,7.0,9.0,8.0,9.0,7.0,9.0,7.0,9.0,8.0,9.0
4.3267,122.0,-96.0,7.0,0.0,0.0,0.0,0.0,0.0,0.0,0.0,0.0,0.0,18.0,18.0,16.0,17.0,14.0,14.0,10.0,12.0,6.0,9.0,1.0,7.0,-4.0,5.0,-9.0,3.0,-15.0,2.0,-19.0,2.0,-23.0,1.0,-27.0,2.0,-29.0,3.0,-32.0,4.0,-32.0,4.0,-30.0,5.0,-29.0,5.0,-26.0,5.0,-22.0,4.0,-18.0,3.0,-13.0,0.0,-8.0,-3.0,-3.0,-6.0,2.0,-10.0,5.0,-14.0,8.0,-18.0
4.3425,122.0,-96.0,7.0,0.0,0.0,0.0,0.0,0.0,0.0,0.0,0.0,0.0,10.0,-6.0,14.0,-7.0,18.0,-8.0,20.0,-9.0,22.0,-10.0,24.0,-12.0,24.0,-12.0,23.0,-13.0,22.0,-13.0,19.0,-11.0,16.0,-9.0,13.0,-7.0,10.0,-4.0,7.0,-1.0,3.0,3.0,1.0,8.0,-2.0,13.0,-3.0,17.0,-5.0,21.0,-5.0,24.0,-5.0,27.0,-5.0,28.0,-4.0,29.0,-3.0,28.0,-2.0,27.0,-1.0,24.0
4.3589,122.0,-96.0,7.0,0.0,0.0,0.0,0.0,0.0,0.0,0.0,0.0,0.0,10.0,23.0,9.0,21.0,8.0,18.0,5.0,14.0,2.0,10.0,-1.0,7.0,-6.0,3.0,-10.0,0.0,-15.0,-2.0,-20.0,-5.0,-23.0,-6.0,-26.0,-7.0,-29.0,-7.0,-31.0,-6.0,-32.0,-5.0,-31.0,-4.0,-29.0,-3.0,-26.0,-2.0,-21.0,-2.0,-17.0,-2.0,-11.0,-3.0,-6.0,-5.0,0.0,-8.0,5.0,-10.0,10.0,-12.0,15.0,-16.0
4.3709,122.0,-96.0,7.0,0.0,0.0,0.0,0.0,0.0,0.0,0.0,0.0,0.0,11.0,-3.0,15.0,-3.0,19.0,-3.0,22.0,-3.0,25.0,-4.0,26.0,-5.0,26.0,-6.0,26.0,-7.0,24.0,-7.0,21.0,-6.0,18.0,-4.0,14.0,-3.0,10.0,-1.0,6.0,2.0,1.0,5.0,-2.0,9.0,-6.0,12.0,-8.0,16.0,-10.0,20.0,-11.0,23.0,-12.0,26.0,-11.0,27.0,-11.0,27.0,-10.0,26.0,-8.0,25.0,-7.0,22.0
4.3849,122.0,-96.0,7.0,0.0,0.0,0.0,0.0,0.0,0.0,0.0,0.0,0.0,-12.0,-2.0,-12.0,-1.0,-13.0,-2.0,-12.0,-2.0,-13.0,-1.0,-14.0,-1.0,-13.0,-1.0,-13.0,-1.0,-14.0,-1.0,-13.0,-1.0,-14.0,-1.0,-14.0,-1.0,-13.0,-1.0,-14.0,-2.0,-14.0,-1.0,-13.0,-1.0,-14.0,-1.0,-14.0,-1.0,-14.0,-1.0,-14.0,0.0,-14.0,-1.0,-14.0,1.0,-14.0,0.0,-15.0,0.0,-15.0,0.0,-14.0,0.0
4.3985,122.0,-96.0,7.0,0.0,0.0,0.0,0.0,0.0,0.0,0.0,0.0,0.0,-6.0,25.0,-6.0,23.0,-5.0,19.0,-5.0,15.0,-5.0,11.0,-6.0,5.0,-7.0,0.0,-8.0,-5.0,-10.0,-10.0,-13.0,-14.0,-14.0,-18.0,-17.0,-21.0,-19.0,-23.0,-21.0,-24.0,-22.0,-24.0,-22.0,-22.0,-22.0,-21.0,-20.0,-19.0,-18.0,-16.0,-15.0,-14.0,-10.0,-11.0,-5.0,-8.0,1.0,-7.0,6.0,-5.0,12.0,-4.0,18.0,-4.0
4.4136,122.0,-96.0,7.0,0.0,0.0,0.0,0.0,0.0,0.0,0.0,0.0,0.0,-8.0,-8.0,-8.0,-8.0,-8.0,-9.0,-8.0,-8.0,-9.0,-9.0,-9.0,-9.0,-9.0,-9.0,-9.0,-9.0,-9.0,-9.0,-9.0,-9.0,-10.0,-9.0,-9.0,-9.0,-10.0,-9.0,-10.0,-9.0,-10.0,-9.0,-10.0,-9.0,-10.0,-9.0,-10.0,-9.0,-10.0,-9.0,-11.0,-9.0,-10.0,-9.0,-11.0,-9.0,-11.0,-9.0,-11.0,-8.0,-11.0,-9.0,-11.0,-9.0
4.4265,122.0,-96.0,7.0,0.0,0.0,0.0,0.0,0.0,0.0,0.0,0.0,0.0,-7.0,-12.0,-9.0,-16.0,-11.0,-20.0,-12.0,-23.0,-13.0,-25.0,-15.0,-27.0,-16.0,-27.0,-17.0,-26.0,-16.0,-24.0,-15.0,-21.0,-12.0,-18.0,-9.0,-15.0,-6.0,-12.0,-1.0,-8.0,3.0,-5.0,9.0,-3.0,14.0,-1.0,19.0,1.0,24.0,2.0,27.0,2.0,31.0,2.0,32.0,2.0,32.0,0.0,31.0,-1.0,30.0,-2.0,26.0,-2.0
4.4409,122.0,-96.0,7.0,0.0,0.0,0.0,0.0,0.0,0.0,0.0,0.0,0.0,-10.0,0.0,-12.0,0.0,-11.0,-1.0,-10.0,0.0,-11.0,0.0,-12.0,0.0,-11.0,0.0,-12.0,1.0,-12.0,1.0,-12.0,0.0,-12.0,0.0,-13.0,0.0,-12.0,0.0,-12.0,1.0,-12.0,1.0,-12.0,1.0,-12.0,1.0,-12.0,1.0,-12.0,1.0,-12.0,2.0,-13.0,1.0,-12.0,2.0,-13.0,2.0,-12.0,2.0,-12.0,2.0,-13.0,2.0
4.4542,122.0,-96.0,7.0,0.0,0.0,0.0,0.0,0.0,0.0,0.0,0.0,0.0,-22.0,-11.0,-24.0,-11.0,-24.0,-11.0,-24.0,-11.0,-23.0,-10.0,-21.0,-9.0,-18.0,-7.0,-15.0,-7.0,-10.0,-6.0,-5.0,-6.0,0.0,-6.0,5.0,-7.0,10.0,-8.0,15.0,-9.0,18.0,-10.0,22.0,-12.0,23.0,-13.0,25.0,-14.0,24.0,-15.0,24.0,-15.0,22.0,-15.0,20.0,-14.0,17.0,-12.0,13.0,-9.0,9.0,-6.0,7.0,-2.0
4.4697,122.0,-96.0,7.0,0.0,0.0,0.0,0.0,0.0,0.0,0.0,0.0,0.0,-6.0,-10.0,-6.0,-11.0,-6.0,-11.0,-6.0,-12.0,-6.0,-11.0,-6.0,-11.0,-6.0,-11.0,-7.0,-11.0,-7.0,-12.0,-7.0,-12.0,-7.0,-12.0,-7.0,-12.0,-7.0,-11.0,-7.0,-13.0,-8.0,-12.0,-7.0,-12.0,-8.0,-12.0,-8.0,-11.0,-8.0,-12.0,-8.0,-12.0,-8.0,-12.0,-8.0,-11.0,-9.0,-12.0,-9.0,-12.0,-9.0,-11.0,-9.0,-12.0
4.4833,122.0,-96.0,7.0,0.0,0.0,0.0,0.0,0.0,0.0,0.0,0.0,0.0,-9.0,5.0,-7.0,1.0,-5.0,-4.0,-3.0,-9.0,-2.0,-14.0,-2.0,-20.0,-2.0,-24.0,-3.0,-27.0,-4.0,-30.0,-4.0,-31.0,-5.0,-31.0,-6.0,-30.0,-6.0,-28.0,-7.0,-25.0,-6.0,-21.0,-4.0,-16.0,-1.0,-12.0,2.0,-7.0,6.0,-2.0,10.0,2.0,15.0,5.0,19.0,8.0,23.0,9.0,26.0,10.0,29.0,10.0,30.0,10.0
4.499,122.0,-96.0,7.0,0.0,0.0,0.0,0.0,0.0,0.0,0.0,0.0,0.0,-18.0,-16.0,-16.0,-14.0,-14.0,-12.0,-10.0,-10.0,-7.0,-8.0,-2.0,-7.0,2.0,-5.0,7.0,-4.0,12.0,-4.0,17.0,-4.0,20.0,-5.0,23.0,-5.0,25.0,-7.0,27.0,-8.0,26.0,-9.0,26.0,-10.0,23.0,-10.0,21.0,-9.0,17.0,-7.0,13.0,-5.0,10.0,-2.0,6.0,1.0,2.0,5.0,-2.0,9.0,-5.0,13.0,-7.0,18.0
4.5123,122.0,-96.0,7.0,0.0,0.0,0.0,0.0,0.0,0.0,0.0,0.0,0.0,-13.0,-4.0,-18.0,-5.0,-22.0,-7.0,-25.0,-8.0,-27.0,-8.0,-30.0,-8.0,-30.0,-7.0,-30.0,-6.0,-28.0,-5.0,-25.0,-4.0,-21.0,-5.0,-16.0,-5.0,-11.0,-5.0,-6.0,-6.0,0.0,-7.0,6.0,-9.0,11.0,-12.0,15.0,-14.0,19.0,-17.0,21.0,-20.0,23.0,-22.0,23.0,-23.0,22.0,-24.0,21.0,-23.0,19.0,-23.0,17.0,-20.0
4.5275,122.0,-96.0,7.0,0.0,0.0,0.0,0.0,0.0,0.0,0.0,0.0,0.0,-5.0,-11.0,-6.0,-11.0,-6.0,-11.0,-6.0,-12.0,-6.0,-11.0,-7.0,-11.0,-7.0,-12.0,-7.0,-11.0,-6.0,-12.0,-7.0,-12.0,-6.0,-12.0,-6.0,-12.0,-6.0,-12.0,-7.0,-13.0,-8.0,-12.0,-7.0,-12.0,-7.0,-12.0,-8.0,-12.0,-7.0,-12.0,-8.0,-12.0,-8.0,-12.0,-8.0,-12.0,-8.0,-12.0,-8.0,-12.0,-8.0,-12.0,-9.0,-12.0
4.5406,122.0,-96.0,7.0,0.0,0.0,0.0,0.0,0.0,0.0,0.0,0.0,0.0,-2.0,13.0,-4.0,17.0,-5.0,21.0,-6.0,24.0,-6.0,27.0,-6.0,29.0,-5.0,29.0,-4.0,29.0,-3.0,27.0,-2.0,25.0,-3.0,20.0,-3.0,15.0,-4.0,11.0,-5.0,5.0,-7.0,0.0,-9.0,-6.0,-12.0,-11.0,-15.0,-15.0,-18.0,-18.0,-21.0,-21.0,-23.0,-22.0,-25.0,-22.0,-25.0,-22.0,-24.0,-21.0,-24.0,-19.0,-21.0,-16.0
4.5453,98.0,33.0,22.0,0.0,0.0,0.0,0.0,0.0,0.0,0.0,0.0,0.0,-6.0,-8.0,-15.0,-14.0,-13.0,-15.0,-18.0,-19.0,-15.0,-19.0,-17.0,-21.0,-22.0,-22.0,-21.0,-16.0,-21.0,-13.0,-19.0,-9.0,-15.0,-8.0,-12.0,-4.0,-8.0,0.0,-5.0,3.0,0.0,7.0,6.0,7.0,11.0,8.0,17.0,10.0,23.0,9.0,26.0,9.0,30.0,7.0,31.0,8.0,32.0,4.0,30.0,3.0,27.0,3.0,24.0,1.0
4.5584,122.0,-96.0,7.0,0.0,0.0,0.0,0.0,0.0,0.0,0.0,0.0,0.0,23.0,-19.0,21.0,-17.0,18.0,-15.0,15.0,-11.0,11.0,-8.0,8.0,-3.0,5.0,3.0,3.0,9.0,1.0,14.0,0.0,20.0,-1.0,25.0,-1.0,29.0,-1.0,32.0,1.0,34.0,2.0,35.0,3.0,34.0,3.0,33.0,3.0,30.0,3.0,26.0,2.0,21.0,0.0,15.0,-3.0,9.0,-6.0,4.0,-9.0,-2.0,-13.0,-7.0,-18.0,-12.0
4.5716,122.0,-96.0,7.0,0.0,0.0,0.0,0.0,0.0,0.0,0.0,0.0,0.0,18.0,14.0,16.0,13.0,14.0,11.0,11.0,9.0,7.0,7.0,2.0,6.0,-2.0,5.0,-7.0,4.0,-12.0,4.0,-16.0,4.0,-20.0,4.0,-23.0,4.0,-26.0,6.0,-27.0,7.0,-28.0,7.0,-27.0,8.0,-26.0,8.0,-23.0,8.0,-20.0,7.0,-17.0,5.0,-13.0,3.0,-9.0,0.0,-5.0,-4.0,-1.0,-8.0,2.0,-12.0,5.0,-16.0
4.5866,122.0,-96.0,7.0,0.0,0.0,0.0,0.0,0.0,0.0,0.0,0.0,0.0,-11.0,-3.0,-10.0,-2.0,-11.0,-3.0,-11.0,-2.0,-11.0,-2.0,-11.0,-2.0,-12.0,-2.0,-12.0,-2.0,-12.0,-2.0,-12.0,-2.0,-12.0,-2.0,-12.0,-2.0,-12.0,-2.0,-12.0,-2.0,-12.0,-2.0,-12.0,-2.0,-12.0,-2.0,-13.0,-1.0,-13.0,-1.0,-13.0,-1.0,-13.0,-1.0,-13.0,-1.0,-13.0,-1.0,-13.0,-1.0,-13.0,-1.0,-13.0,-1.0
4.6004,122.0,-96.0,7.0,0.0,0.0,0.0,0.0,0.0,0.0,0.0,0.0,0.0,-25.0,2.0,-26.0,3.0,-26.0,4.0,-25.0,4.0,-25.0,5.0,-22.0,4.0,-19.0,4.0,-15.0,2.0,-12.0,0.0,-7.0,-2.0,-3.0,-5.0,1.0,-9.0,4.0,-13.0,7.0,-16.0,9.0,-19.0,11.0,-22.0,12.0,-24.0,12.0,-26.0,12.0,-26.0,10.0,-27.0,10.0,-25.0,8.0,-23.0,7.0,-20.0,6.0,-16.0,5.0,-11.0,5.0,-6.0
4.614,122.0,-96.0,7.0,0.0,0.0,0.0,0.0,0.0,0.0,0.0,0.0,0.0,0.0,10.0,0.0,10.0,0.0,10.0,0.0,10.0,0.0,11.0,0.0,11.0,0.0,11.0,0.0,11.0,0.0,11.0,0.0,11.0,0.0,11.0,0.0,12.0,0.0,11.0,0.0,11.0,0.0,11.0,0.0,12.0,1.0,12.0,0.0,12.0,0.0,12.0,0.0,12.0,1.0,12.0,1.0,12.0,1.0,12.0,1.0,12.0,1.0,12.0,1.0,12.0
4.6275,122.0,-96.0,7.0,0.0,0.0,0.0,0.0,0.0,0.0,0.0,0.0,0.0,-2.0,16.0,-3.0,22.0,-4.0,28.0,-4.0,32.0,-4.0,36.0,-4.0,39.0,-2.0,40.0,-1.0,39.0,0.0,37.0,0.0,33.0,0.0,29.0,-2.0,23.0,-2.0,17.0,-5.0,10.0,-8.0,3.0,-11.0,-3.0,-16.0,-10.0,-20.0,-15.0,-24.0,-20.0,-29.0,-23.0,-32.0,-25.0,-35.0,-26.0,-35.0,-26.0,-36.0,-25.0,-35.0,-23.0,-32.0,-20.0
4.6405,122.0,-96.0,7.0,0.0,0.0,0.0,0.0,0.0,0.0,0.0,0.0,0.0,11.0,2.0,11.0,2.0,11.0,2.0,11.0,2.0,12.0,2.0,12.0,2.0,12.0,2.0,12.0,1.0,12.0,2.0,12.0,2.0,12.0,2.0,12.0,2.0,12.0,2.0,12.0,1.0,12.0,2.0,13.0,2.0,13.0,1.0,13.0,1.0,13.0,1.0,13.0,1.0,13.0,1.0,13.0,1.0,13.0,1.0,13.0,1.0,14.0,1.0,14.0,0.0
4.6539,122.0,-96.0,7.0,0.0,0.0,0.0,0.0,0.0,0.0,0.0,0.0,0.0,20.0,-12.0,18.0,-11.0,15.0,-9.0,12.0,-7.0,9.0,-4.0,6.0,0.0,3.0,4.0,0.0,8.0,-2.0,12.0,-3.0,16.0,-4.0,20.0,-4.0,23.0,-5.0,26.0,-4.0,27.0,-3.0,28.0,-3.0,27.0,-2.0,26.0,-1.0,23.0,-1.0,20.0,-2.0,15.0,-3.0,10.0,-4.0,6.0,-6.0,1.0,-8.0,-4.0,-11.0,-9.0,-14.0,-13.0
4.6689,122.0,-96.0,7.0,0.0,0.0,0.0,0.0,0.0,0.0,0.0,0.0,0.0,1.0,25.0,1.0,23.0,1.0,20.0,0.0,15.0,-1.0,11.0,-3.0,7.0,-7.0,2.0,-9.0,-3.0,-12.0,-7.0,-16.0,-10.0,-19.0,-13.0,-21.0,-16.0,-24.0,-17.0,-26.0,-17.0,-27.0,-17.0,-27.0,-16.0,-26.0,-15.0,-24.0,-13.0,-21.0,-11.0,-17.0,-10.0,-12.0,-9.0,-7.0,-7.0,0.0,-7.0,5.0,-6.0,11.0,-6.0,17.0,-8.0
4.6723,98.0,33.0,22.0,0.0,0.0,0.0,0.0,0.0,0.0,0.0,0.0,0.0,16.0,1.0,21.0,-3.0,22.0,-6.0,24.0,-6.0,25.0,-7.0,25.0,-9.0,23.0,-9.0,23.0,-11.0,19.0,-10.0,17.0,-10.0,11.0,-11.0,7.0,-8.0,1.0,-7.0,-3.0,-4.0,-7.0,-3.0,-10.0,3.0,-14.0,5.0,-19.0,10.0,-20.0,13.0,-22.0,19.0,-23.0,20.0,-23.0,24.0,-22.0,25.0,-20.0,24.0,-18.0,22.0,-16.0,20.0
4.6863,122.0,-96.0,7.0,0.0,0.0,0.0,0.0,0.0,0.0,0.0,0.0,0.0,1.0,-11.0,0.0,-11.0,1.0,-11.0,0.0,-11.0,0.0,-11.0,0.0,-12.0,0.0,-12.0,0.0,-12.0,0.0,-12.0,0.0,-12.0,0.0,-12.0,0.0,-12.0,0.0,-12.0,0.0,-13.0,0.0,-13.0,0.0,-13.0,-1.0,-13.0,-1.0,-13.0,-1.0,-13.0,-1.0,-13.0,-1.0,-13.0,-1.0,-13.0,-1.0,-13.0,-1.0,-13.0,-1.0,-13.0,-1.0,-14.0
4.7003,122.0,-96.0,7.0,0.0,0.0,0.0,0.0,0.0,0.0,0.0,0.0,0.0,24.0,0.0,25.0,-1.0,26.0,-1.0,25.0,-2.0,23.0,-2.0,21.0,-2.0,18.0,-2.0,14.0,-1.0,11.0,0.0,6.0,3.0,1.0,5.0,-3.0,7.0,-8.0,11.0,-11.0,13.0,-13.0,16.0,-15.0,18.0,-17.0,21.0,-17.0,22.0,-17.0,23.0,-16.0,23.0,-15.0,22.0,-13.0,20.0,-11.0,17.0,-9.0,13.0,-7.0,8.0,-6.0,4.0
4.7126,122.0,-96.0,7.0,0.0,0.0,0.0,0.0,0.0,0.0,0.0,0.0,0.0,12.0,2.0,12.0,2.0,13.0,2.0,12.0,2.0,13.0,2.0,13.0,2.0,13.0,1.0,14.0,1.0,13.0,2.0,14.0,2.0,14.0,1.0,14.0,2.0,14.0,2.0,14.0,1.0,14.0,1.0,14.0,1.0,14.0,1.0,15.0,1.0,15.0,1.0,15.0,1.0,15.0,1.0,15.0,1.0,15.0,1.0,15.0,0.0,15.0,1.0,15.0,0.0
4.7266,122.0,-96.0,7.0,0.0,0.0,0.0,0.0,0.0,0.0,0.0,0.0,0.0,11.0,18.0,13.0,19.0,13.0,19.0,13.0,18.0,13.0,16.0,11.0,15.0,10.0,13.0,7.0,10.0,4.0,8.0,-1.0,6.0,-4.0,3.0,-9.0,1.0,-13.0,0.0,-17.0,-1.0,-20.0,-2.0,-23.0,-2.0,-25.0,-2.0,-26.0,-1.0,-27.0,-1.0,-26.0,0.0,-24.0,0.0,-21.0,1.0,-18.0,1.0,-14.0,0.0,-9.0,-1.0,-5.0,-3.0
4.7404,122.0,-96.0,7.0,0.0,0.0,0.0,0.0,0.0,0.0,0.0,0.0,0.0,9.0,-4.0,9.0,-4.0,9.0,-4.0,10.0,-5.0,10.0,-4.0,10.0,-5.0,10.0,-5.0,10.0,-5.0,10.0,-5.0,10.0,-5.0,10.0,-5.0,10.0,-5.0,10.0,-5.0,11.0,-6.0,10.0,-6.0,10.0,-6.0,11.0,-6.0,10.0,-6.0,10.0,-6.0,10.0,-6.0,10.0,-6.0,10.0,-7.0,10.0,-7.0,11.0,-7.0,10.0,-6.0,11.0,-7.0
4.7543,122.0,-96.0,7.0,0.0,0.0,0.0,0.0,0.0,0.0,0.0,0.0,0.0,20.0,-7.0,22.0,-8.0,22.0,-8.0,21.0,-9.0,20.0,-9.0,18.0,-8.0,16.0,-7.0,13.0,-5.0,10.0,-3.0,6.0,0.0,3.0,3.0,0.0,6.0,-3.0,10.0,-5.0,13.0,-7.0,17.0,-8.0,19.0,-9.0,22.0,-9.0,23.0,-9.0,24.0,-8.0,24.0,-7.0,23.0,-7.0,21.0,-5.0,18.0,-4.0,14.0,-4.0,10.0,-4.0,6.0
4.7673,122.0,-96.0,7.0,0.0,0.0,0.0,0.0,0.0,0.0,0.0,0.0,0.0,10.0,1.0,5.0,3.0,1.0,5.0,-4.0,7.0,-9.0,10.0,-13.0,13.0,-15.0,16.0,-18.0,19.0,-19.0,22.0,-20.0,23.0,-19.0,24.0,-18.0,24.0,-17.0,23.0,-14.0,22.0,-13.0,19.0,-10.0,15.0,-9.0,10.0,-8.0,5.0,-7.0,-1.0,-6.0,-7.0,-6.0,-13.0,-7.0,-18.0,-8.0,-23.0,-10.0,-26.0,-11.0,-29.0,-12.0,-30.0
4.7794,122.0,-96.0,7.0,0.0,0.0,0.0,0.0,0.0,0.0,0.0,0.0,0.0,16.0,-21.0,14.0,-19.0,12.0,-16.0,10.0,-12.0,8.0,-8.0,6.0,-3.0,5.0,2.0,4.0,8.0,4.0,13.0,4.0,18.0,4.0,22.0,4.0,26.0,5.0,28.0,7.0,30.0,8.0,30.0,9.0,29.0,9.0,27.0,8.0,24.0,7.0,20.0,5.0,16.0,2.0,12.0,-1.0,7.0,-6.0,2.0,-10.0,-2.0,-14.0,-5.0,-19.0,-8.0
4.7952,122.0,-96.0,7.0,0.0,0.0,0.0,0.0,0.0,0.0,0.0,0.0,0.0,-11.0,-3.0,-12.0,-3.0,-12.0,-4.0,-12.0,-3.0,-12.0,-3.0,-13.0,-3.0,-13.0,-3.0,-13.0,-3.0,-13.0,-3.0,-13.0,-3.0,-13.0,-3.0,-13.0,-3.0,-13.0,-3.0,-13.0,-3.0,-14.0,-3.0,-14.0,-3.0,-14.0,-2.0,-14.0,-3.0,-14.0,-3.0,-14.0,-3.0,-14.0,-3.0,-14.0,-2.0,-14.0,-2.0,-15.0,-2.0,-14.0,-3.0,-15.0,-2.0
4.8087,122.0,-96.0,7.0,0.0,0.0,0.0,0.0,0.0,0.0,0.0,0.0,0.0,17.0,17.0,18.0,16.0,19.0,17.0,19.0,16.0,18.0,15.0,17.0,13.0,14.0,12.0,10.0,9.0,7.0,7.0,2.0,6.0,-3.0,4.0,-8.0,3.0,-13.0,3.0,-17.0,3.0,-21.0,3.0,-25.0,3.0,-27.0,4.0,-29.0,5.0,-29.0,5.0,-28.0,6.0,-27.0,6.0,-24.0,6.0,-21.0,5.0,-16.0,3.0,-11.0,1.0,-7.0,-1.0
4.8234,122.0,-96.0,7.0,0.0,0.0,0.0,0.0,0.0,0.0,0.0,0.0,0.0,-9.0,4.0,-6.0,0.0,-4.0,-4.0,-2.0,-9.0,0.0,-13.0,0.0,-18.0,1.0,-21.0,0.0,-24.0,0.0,-27.0,0.0,-28.0,-1.0,-28.0,-2.0,-27.0,-3.0,-25.0,-3.0,-23.0,-2.0,-19.0,-1.0,-15.0,0.0,-10.0,3.0,-6.0,6.0,-1.0,8.0,3.0,12.0,7.0,15.0,10.0,19.0,12.0,22.0,13.0,24.0,14.0,25.0,14.0
4.8378,122.0,-96.0,7.0,0.0,0.0,0.0,0.0,0.0,0.0,0.0,0.0,0.0,-8.0,22.0,-8.0,24.0,-7.0,25.0,-7.0,24.0,-6.0,23.0,-6.0,21.0,-5.0,18.0,-5.0,14.0,-4.0,10.0,-5.0,5.0,-6.0,-1.0,-7.0,-6.0,-9.0,-10.0,-11.0,-14.0,-13.0,-18.0,-14.0,-21.0,-16.0,-23.0,-17.0,-24.0,-18.0,-24.0,-18.0,-22.0,-18.0,-21.0,-16.0,-19.0,-14.0,-16.0,-11.0,-13.0,-7.0,-10.0,-3.0,-7.0
4.8526,122.0,-96.0,7.0,0.0,0.0,0.0,0.0,0.0,0.0,0.0,0.0,0.0,-3.0,-11.0,0.0,-7.0,4.0,-3.0,8.0,0.0,13.0,3.0,18.0,5.0,21.0,6.0,24.0,8.0,27.0,7.0,29.0,8.0,29.0,7.0,29.0,6.0,27.0,5.0,25.0,3.0,21.0,3.0,16.0,3.0,11.0,3.0,6.0,4.0,0.0,6.0,-5.0,8.0,-11.0,10.0,-15.0,13.0,-19.0,16.0,-21.0,19.0,-23.0,21.0,-23.0,22.0
4.8683,122.0,-96.0,7.0,0.0,0.0,0.0,0.0,0.0,0.0,0.0,0.0,0.0,0.0,-13.0,2.0,-7.0,6.0,-2.0,9.0,2.0,13.0,7.0,18.0,11.0,21.0,13.0,25.0,15.0,28.0,16.0,29.0,16.0,30.0,15.0,30.0,14.0,28.0,12.0,27.0,10.0,22.0,9.0,18.0,7.0,12.0,6.0,5.0,6.0,-2.0,7.0,-8.0,7.0,-14.0,9.0,-20.0,11.0,-24.0,13.0,-28.0,16.0,-29.0,18.0,-31.0,20.0
4.885,122.0,-96.0,7.0,0.0,0.0,0.0,0.0,0.0,0.0,0.0,0.0,0.0,-9.0,-7.0,-9.0,-7.0,-9.0,-7.0,-9.0,-7.0,-10.0,-7.0,-10.0,-7.0,-10.0,-7.0,-10.0,-7.0,-10.0,-8.0,-11.0,-8.0,-10.0,-8.0,-11.0,-8.0,-11.0,-8.0,-11.0,-7.0,-11.0,-8.0,-11.0,-8.0,-11.0,-8.0,-12.0,-7.0,-12.0,-8.0,-11.0,-8.0,-11.0,-8.0,-11.0,-7.0,-12.0,-7.0,-11.0,-7.0,-12.0,-8.0,-12.0,-7.0
4.8982,122.0,-96.0,7.0,0.0,0.0,0.0,0.0,0.0,0.0,0.0,0.0,0.0,12.0,22.0,11.0,21.0,9.0,18.0,7.0,14.0,4.0,11.0,0.0,7.0,-4.0,4.0,-9.0,1.0,-14.0,-2.0,-18.0,-3.0,-22.0,-5.0,-26.0,-6.0,-29.0,-6.0,-31.0,-5.0,-32.0,-4.0,-31.0,-3.0,-30.0,-2.0,-27.0,-2.0,-24.0,-1.0,-19.0,-1.0,-14.0,-3.0,-9.0,-4.0,-3.0,-6.0,2.0,-8.0,7.0,-11.0,12.0,-15.0
4.912,122.0,-96.0,7.0,0.0,0.0,0.0,0.0,0.0,0.0,0.0,0.0,0.0,20.0,-11.0,18.0,-10.0,16.0,-9.0,12.0,-6.0,9.0,-4.0,6.0,0.0,3.0,4.0,0.0,8.0,-3.0,12.0,-5.0,16.0,-6.0,19.0,-7.0,22.0,-7.0,25.0,-6.0,27.0,-6.0,27.0,-5.0,27.0,-4.0,25.0,-4.0,23.0,-3.0,19.0,-3.0,15.0,-4.0,10.0,-4.0,5.0,-6.0,0.0,-7.0,-5.0,-9.0,-10.0,-12.0,-14.0
4.9269,122.0,-96.0,7.0,0.0,0.0,0.0,0.0,0.0,0.0,0.0,0.0,0.0,-13.0,-3.0,-13.0,-2.0,-13.0,-3.0,-13.0,-3.0,-14.0,-3.0,-14.0,-2.0,-14.0,-2.0,-15.0,-2.0,-15.0,-2.0,-15.0,-2.0,-15.0,-3.0,-15.0,-3.0,-15.0,-3.0,-15.0,-2.0,-15.0,-2.0,-15.0,-2.0,-16.0,-2.0,-16.0,-2.0,-16.0,-2.0,-16.0,-1.0,-16.0,-1.0,-16.0,-1.0,-16.0,-1.0,-16.0,-1.0,-16.0,-1.0,-16.0,-1.0
4.9409,122.0,-96.0,7.0,0.0,0.0,0.0,0.0,0.0,0.0,0.0,0.0,0.0,22.0,-8.0,20.0,-7.0,17.0,-6.0,14.0,-5.0,10.0,-3.0,6.0,1.0,2.0,4.0,-1.0,8.0,-4.0,11.0,-6.0,15.0,-8.0,18.0,-9.0,21.0,-10.0,24.0,-10.0,26.0,-10.0,27.0,-9.0,26.0,-8.0,25.0,-7.0,22.0,-6.0,20.0,-5.0,16.0,-5.0,11.0,-5.0,6.0,-6.0,1.0,-7.0,-4.0,-8.0,-10.0,-10.0,-14.0
4.9546,122.0,-96.0,7.0,0.0,0.0,0.0,0.0,0.0,0.0,0.0,0.0,0.0,-13.0,23.0,-12.0,20.0,-11.0,17.0,-9.0,13.0,-8.0,9.0,-7.0,4.0,-6.0,-2.0,-6.0,-7.0,-7.0,-12.0,-8.0,-17.0,-9.0,-21.0,-10.0,-25.0,-12.0,-27.0,-13.0,-29.0,-14.0,-29.0,-15.0,-28.0,-15.0,-27.0,-14.0,-24.0,-12.0,-21.0,-9.0,-17.0,-6.0,-13.0,-2.0,-9.0,3.0,-6.0,7.0,-2.0,12.0,1.0,18.0,3.0
4.9702,122.0,-96.0,7.0,0.0,0.0,0.0,0.0,0.0,0.0,0.0,0.0,0.0,8.0,-10.0,8.0,-10.0,8.0,-10.0,9.0,-11.0,9.0,-10.0,9.0,-11.0,8.0,-11.0,9.0,-11.0,8.0,-12.0,8.0,-12.0,9.0,-12.0,9.0,-12.0,9.0,-12.0,9.0,-12.0,9.0,-13.0,9.0,-13.0,8.0,-13.0,8.0,-13.0,9.0,-13.0,8.0,-13.0,8.0,-13.0,8.0,-13.0,8.0,-14.0,9.0,-13.0,9.0,-13.0,8.0,-14.0
4.9862,122.0,-96.0,7.0,0.0,0.0,0.0,0.0,0.0,0.0,0.0,0.0,0.0,-7.0,-10.0,-8.0,-9.0,-8.0,-10.0,-8.0,-10.0,-8.0,-10.0,-9.0,-10.0,-9.0,-10.0,-9.0,-10.0,-9.0,-10.0,-9.0,-10.0,-9.0,-10.0,-9.0,-10.0,-9.0,-10.0,-9.0,-10.0,-10.0,-10.0,-10.0,-11.0,-10.0,-10.0,-11.0,-10.0,-10.0,-10.0,-10.0,-10.0,-10.0,-11.0,-10.0,-10.0,-11.0,-10.0,-11.0,-10.0,-11.0,-10.0,-11.0,-10.0
5.0004,122.0,-96.0,7.0,0.0,0.0,0.0,0.0,0.0,0.0,0.0,0.0,0.0,-22.0,-3.0,-24.0,-2.0,-24.0,-2.0,-23.0,-2.0,-22.0,-1.0,-20.0,-1.0,-17.0,-1.0,-13.0,-2.0,-10.0,-3.0,-5.0,-4.0,-1.0,-6.0,3.0,-7.0,7.0,-10.0,11.0,-12.0,14.0,-15.0,15.0,-16.0,17.0,-18.0,17.0,-19.0,17.0,-20.0,16.0,-20.0,15.0,-19.0,13.0,-16.0,10.0,-14.0,8.0,-10.0,6.0,-6.0,5.0,-2.0
