time,sc_0,sc_1,sc_2,sc_3,sc_4,sc_5,sc_6,sc_7,sc_8,sc_9,sc_10,sc_11,sc_12,sc_13,sc_14,sc_15,sc_16,sc_17,sc_18,sc_19,sc_20,sc_21,sc_22,sc_23,sc_24,sc_25,sc_26,sc_27,sc_28,sc_29,sc_30,sc_31,sc_32,sc_33,sc_34,sc_35,sc_36,sc_37,sc_38,sc_39,sc_40,sc_41,sc_42,sc_43,sc_44,sc_45,sc_46,sc_47,sc_48,sc_49,sc_50,sc_51,sc_52,sc_53,sc_54,sc_55,sc_56,sc_57,sc_58,sc_59,sc_60,sc_61,sc_62,sc_63
0.0098,122.0,-96.0,7.0,0.0,0.0,0.0,0.0,0.0,0.0,0.0,0.0,0.0,5.0,22.0,5.0,20.0,4.0,17.0,2.0,13.0,1.0,10.0,-3.0,6.0,-6.0,3.0,-9.0,-1.0,-13.0,-3.0,-16.0,-5.0,-19.0,-7.0,-22.0,-8.0,-25.0,-8.0,-27.0,-8.0,-28.0,-7.0,-27.0,-7.0,-26.0,-6.0,-23.0,-5.0,-20.0,-4.0,-16.0,-4.0,-11.0,-5.0,-6.0,-5.0,-1.0,-7.0,4.0,-8.0,8.0,-10.0,12.0,-14.0
0.0166,122.0,-96.0,7.0,0.0,0.0,0.0,0.0,0.0,0.0,0.0,0.0,0.0,19.0,-14.0,19.0,-15.0,19.0,-17.0,18.0,-16.0,18.0,-16.0,15.0,-15.0,14.0,-13.0,11.0,-10.0,9.0,-7.0,7.0,-2.0,5.0,3.0,3.0,8.0,2.0,12.0,2.0,16.0,2.0,20.0,2.0,23.0,3.0,25.0,3.0,27.0,4.0,27.0,5.0,27.0,5.0,25.0,5.0,22.0,5.0,20.0,3.0,15.0,1.0,11.0,-2.0,7.0
0.0238,122.0,-96.0,7.0,0.0,0.0,0.0,0.0,0.0,0.0,0.0,0.0,0.0,10.0,4.0,13.0,6.0,16.0,9.0,19.0,10.0,21.0,10.0,23.0,11.0,24.0,10.0,24.0,9.0,23.0,8.0,20.0,7.0,17.0,7.0,13.0,6.0,9.0,5.0,4.0,5.0,0.0,5.0,-5.0,7.0,-10.0,8.0,-15.0,10.0,-18.0,13.0,-20.0,14.0,-22.0,16.0,-22.0,18.0,-22.0,19.0,-21.0,19.0,-19.0,18.0,-17.0,17.0
0.0514,122.0,-96.0,7.0,0.0,0.0,0.0,0.0,0.0,0.0,0.0,0.0,0.0,5.0,-13.0,5.0,-13.0,4.0,-13.0,4.0,-13.0,4.0,-13.0,4.0,-14.0,4.0,-14.0,4.0,-14.0,4.0,-14.0,4.0,-14.0,4.0,-15.0,4.0,-14.0,4.0,-15.0,4.0,-15.0,4.0,-15.0,4.0,-15.0,3.0,-15.0,3.0,-15.0,3.0,-16.0,3.0,-16.0,3.0,-16.0,3.0,-16.0,3.0,-16.0,3.0,-16.0,3.0,-16.0,2.0,-17.0
0.0654,122.0,-96.0,7.0,0.0,0.0,0.0,0.0,0.0,0.0,0.0,0.0,0.0,-1.0,13.0,-1.0,13.0,-1.0,13.0,0.0,13.0,0.0,13.0,0.0,14.0,0.0,14.0,0.0,14.0,0.0,14.0,0.0,14.0,0.0,14.0,0.0,15.0,0.0,14.0,0.0,14.0,1.0,14.0,0.0,15.0,1.0,15.0,1.0,15.0,1.0,15.0,1.0,16.0,1.0,15.0,1.0,15.0,1.0,15.0,2.0,16.0,1.0,15.0,2.0,16.0
0.0796,122.0,-96.0,7.0,0.0,0.0,0.0,0.0,0.0,0.0,0.0,0.0,0.0,-4.0,22.0,-4.0,20.0,-3.0,17.0,-3.0,13.0,-4.0,9.0,-5.0,4.0,-7.0,0.0,-8.0,-5.0,-10.0,-9.0,-13.0,-12.0,-15.0,-15.0,-17.0,-17.0,-19.0,-19.0,-21.0,-19.0,-22.0,-19.0,-22.0,-18.0,-21.0,-16.0,-19.0,-14.0,-16.0,-12.0,-13.0,-10.0,-8.0,-9.0,-3.0,-7.0,2.0,-6.0,7.0,-5.0,12.0,-4.0,17.0,-5.0
0.0928,122.0,-96.0,7.0,0.0,0.0,0.0,0.0,0.0,0.0,0.0,0.0,0.0,-6.0,22.0,-5.0,19.0,-5.0,16.0,-4.0,13.0,-4.0,8.0,-5.0,3.0,-7.0,-1.0,-8.0,-6.0,-10.0,-10.0,-12.0,-14.0,-14.0,-16.0,-16.0,-19.0,-18.0,-20.0,-20.0,-20.0,-20.0,-20.0,-20.0,-19.0,-19.0,-17.0,-17.0,-15.0,-15.0,-13.0,-11.0,-11.0,-6.0,-8.0,-2.0,-7.0,4.0,-5.0,9.0,-4.0,14.0,-4.0,19.0,-4.0
0.1066,122.0,-96.0,7.0,0.0,0.0,0.0,0.0,0.0,0.0,0.0,0.0,0.0,19.0,17.0,16.0,15.0,14.0,13.0,10.0,11.0,7.0,8.0,2.0,7.0,-4.0,5.0,-9.0,4.0,-14.0,3.0,-19.0,3.0,-23.0,3.0,-26.0,3.0,-29.0,4.0,-31.0,5.0,-31.0,7.0,-30.0,7.0,-28.0,7.0,-25.0,7.0,-21.0,6.0,-18.0,4.0,-13.0,1.0,-8.0,-2.0,-3.0,-6.0,1.0,-10.0,5.0,-14.0,7.0,-19.0
0.1203,122.0,-96.0,7.0,0.0,0.0,0.0,0.0,0.0,0.0,0.0,0.0,0.0,4.0,9.0,0.0,6.0,-5.0,3.0,-10.0,2.0,-15.0,0.0,-19.0,0.0,-23.0,-1.0,-27.0,-1.0,-29.0,0.0,-30.0,1.0,-31.0,2.0,-30.0,3.0,-28.0,3.0,-25.0,4.0,-21.0,3.0,-16.0,1.0,-12.0,-1.0,-7.0,-4.0,-2.0,-8.0,2.0,-11.0,6.0,-15.0,9.0,-19.0,11.0,-23.0,12.0,-27.0,12.0,-29.0,12.0,-30.0
0.1347,122.0,-96.0,7.0,0.0,0.0,0.0,0.0,0.0,0.0,0.0,0.0,0.0,-8.0,-10.0,-10.0,-13.0,-12.0,-17.0,-13.0,-19.0,-15.0,-21.0,-16.0,-22.0,-17.0,-22.0,-18.0,-21.0,-17.0,-19.0,-15.0,-17.0,-12.0,-15.0,-9.0,-13.0,-6.0,-10.0,-2.0,-8.0,3.0,-5.0,8.0,-4.0,13.0,-2.0,17.0,-1.0,21.0,-1.0,24.0,-1.0,27.0,-2.0,28.0,-2.0,29.0,-3.0,28.0,-4.0,26.0,-5.0,23.0,-4.0
0.1489,122.0,-96.0,7.0,0.0,0.0,0.0,0.0,0.0,0.0,0.0,0.0,0.0,-9.0,5.0,-9.0,5.0,-9.0,6.0,-9.0,6.0,-9.0,6.0,-9.0,6.0,-9.0,6.0,-9.0,7.0,-9.0,6.0,-9.0,7.0,-9.0,7.0,-10.0,7.0,-10.0,7.0,-9.0,7.0,-9.0,7.0,-10.0,7.0,-10.0,7.0,-9.0,8.0,-9.0,8.0,-10.0,7.0,-10.0,8.0,-10.0,8.0,-10.0,8.0,-10.0,8.0,-10.0,8.0,-9.0,8.0
0.1621,122.0,-96.0,7.0,0.0,0.0,0.0,0.0,0.0,0.0,0.0,0.0,0.0,-9.0,8.0,-12.0,10.0,-15.0,12.0,-17.0,14.0,-19.0,16.0,-20.0,18.0,-19.0,18.0,-19.0,19.0,-17.0,18.0,-15.0,16.0,-13.0,13.0,-11.0,10.0,-9.0,6.0,-7.0,2.0,-5.0,-3.0,-4.0,-8.0,-4.0,-13.0,-3.0,-18.0,-4.0,-22.0,-4.0,-25.0,-5.0,-28.0,-6.0,-29.0,-7.0,-29.0,-8.0,-28.0,-8.0,-26.0,-8.0,-24.0
0.1755,122.0,-96.0,7.0,0.0,0.0,0.0,0.0,0.0,0.0,0.0,0.0,0.0,10.0,-19.0,11.0,-21.0,11.0,-21.0,10.0,-21.0,9.0,-20.0,8.0,-18.0,7.0,-16.0,6.0,-12.0,5.0,-9.0,5.0,-4.0,4.0,0.0,5.0,5.0,5.0,9.0,6.0,13.0,7.0,16.0,7.0,19.0,8.0,21.0,9.0,22.0,10.0,24.0,10.0,23.0,11.0,22.0,10.0,19.0,9.0,16.0,7.0,13.0,4.0,10.0,1.0,6.0
0.1897,122.0,-96.0,7.0,0.0,0.0,0.0,0.0,0.0,0.0,0.0,0.0,0.0,-1.0,13.0,-2.0,17.0,-2.0,21.0,-3.0,24.0,-3.0,27.0,-2.0,29.0,-2.0,29.0,0.0,29.0,0.0,27.0,0.0,24.0,-1.0,20.0,-2.0,16.0,-2.0,11.0,-4.0,6.0,-6.0,1.0,-10.0,-4.0,-13.0,-8.0,-16.0,-12.0,-19.0,-16.0,-23.0,-17.0,-25.0,-19.0,-26.0,-19.0,-27.0,-19.0,-27.0,-17.0,-26.0,-16.0,-24.0,-14.0
0.2037,122.0,-96.0,7.0,0.0,0.0,0.0,0.0,0.0,0.0,0.0,0.0,0.0,-24.0,-4.0,-25.0,-4.0,-26.0,-3.0,-25.0,-3.0,-25.0,-2.0,-23.0,-2.0,-20.0,-2.0,-16.0,-2.0,-12.0,-3.0,-7.0,-4.0,-2.0,-6.0,3.0,-8.0,7.0,-11.0,11.0,-12.0,14.0,-15.0,16.0,-17.0,18.0,-19.0,19.0,-20.0,19.0,-22.0,18.0,-22.0,17.0,-21.0,15.0,-19.0,13.0,-17.0,11.0,-14.0,8.0,-9.0,6.0,-5.0
0.2192,122.0,-96.0,7.0,0.0,0.0,0.0,0.0,0.0,0.0,0.0,0.0,0.0,-12.0,-21.0,-11.0,-19.0,-9.0,-16.0,-7.0,-13.0,-4.0,-10.0,-1.0,-8.0,3.0,-5.0,8.0,-2.0,12.0,0.0,16.0,1.0,19.0,3.0,22.0,3.0,25.0,3.0,27.0,3.0,28.0,2.0,27.0,1.0,26.0,0.0,23.0,0.0,20.0,0.0,16.0,0.0,12.0,1.0,7.0,2.0,2.0,5.0,-3.0,7.0,-7.0,9.0,-11.0,12.0
0.2328,122.0,-96.0,7.0,0.0,0.0,0.0,0.0,0.0,0.0,0.0,0.0,0.0,-1.0,10.0,0.0,10.0,-1.0,10.0,0.0,10.0,-1.0,11.0,0.0,11.0,0.0,11.0,0.0,11.0,0.0,11.0,0.0,11.0,0.0,12.0,0.0,12.0,0.0,11.0,0.0,12.0,0.0,12.0,0.0,11.0,0.0,12.0,1.0,12.0,0.0,12.0,1.0,12.0,1.0,12.0,1.0,12.0,1.0,12.0,1.0,12.0,1.0,12.0,1.0,12.0
0.2494,122.0,-96.0,7.0,0.0,0.0,0.0,0.0,0.0,0.0,0.0,0.0,0.0,1.0,10.0,2.0,10.0,2.0,10.0,2.0,10.0,2.0,10.0,2.0,10.0,2.0,10.0,2.0,11.0,2.0,11.0,2.0,11.0,2.0,11.0,2.0,11.0,2.0,11.0,2.0,11.0,3.0,11.0,3.0,11.0,3.0,11.0,3.0,11.0,3.0,11.0,3.0,12.0,3.0,11.0,3.0,12.0,3.0,11.0,3.0,12.0,4.0,11.0,4.0,12.0
0.262,122.0,-96.0,7.0,0.0,0.0,0.0,0.0,0.0,0.0,0.0,0.0,0.0,9.0,-21.0,8.0,-19.0,7.0,-17.0,6.0,-13.0,5.0,-8.0,5.0,-4.0,5.0,1.0,5.0,6.0,7.0,11.0,8.0,15.0,9.0,18.0,11.0,21.0,12.0,23.0,14.0,23.0,15.0,23.0,15.0,22.0,14.0,19.0,13.0,18.0,11.0,14.0,8.0,11.0,4.0,9.0,-1.0,6.0,-6.0,3.0,-11.0,1.0,-15.0,-1.0,-20.0,-1.0
0.2664,98.0,33.0,22.0,0.0,0.0,0.0,0.0,0.0,0.0,0.0,0.0,0.0,4.0,-9.0,-1.0,-9.0,-7.0,-8.0,-12.0,-7.0,-18.0,-6.0,-22.0,-3.0,-26.0,-2.0,-28.0,0.0,-29.0,3.0,-29.0,5.0,-28.0,7.0,-27.0,9.0,-24.0,10.0,-20.0,11.0,-14.0,10.0,-10.0,9.0,-5.0,5.0,-1.0,1.0,4.0,-5.0,7.0,-11.0,8.0,-16.0,10.0,-22.0,10.0,-29.0,9.0,-34.0,9.0,-38.0,7.0,-39.0
0.2826,122.0,-96.0,7.0,0.0,0.0,0.0,0.0,0.0,0.0,0.0,0.0,0.0,-12.0,-24.0,-11.0,-22.0,-9.0,-18.0,-7.0,-15.0,-4.0,-11.0,0.0,-8.0,5.0,-4.0,9.0,-1.0,14.0,1.0,18.0,3.0,22.0,4.0,25.0,5.0,28.0,5.0,30.0,4.0,31.0,3.0,29.0,2.0,29.0,1.0,25.0,1.0,22.0,1.0,17.0,1.0,12.0,2.0,6.0,4.0,0.0,6.0,-5.0,8.0,-10.0,11.0,-14.0,15.0
0.2957,122.0,-96.0,7.0,0.0,0.0,0.0,0.0,0.0,0.0,0.0,0.0,0.0,-9.0,-25.0,-8.0,-22.0,-7.0,-19.0,-5.0,-16.0,-2.0,-11.0,1.0,-8.0,5.0,-4.0,9.0,0.0,13.0,3.0,17.0,5.0,21.0,7.0,24.0,8.0,27.0,9.0,29.0,8.0,30.0,8.0,29.0,7.0,28.0,6.0,24.0,5.0,21.0,4.0,16.0,4.0,11.0,4.0,5.0,5.0,-1.0,6.0,-6.0,7.0,-12.0,9.0,-17.0,12.0
0.3088,122.0,-96.0,7.0,0.0,0.0,0.0,0.0,0.0,0.0,0.0,0.0,0.0,-18.0,-14.0,-19.0,-14.0,-19.0,-14.0,-19.0,-13.0,-18.0,-12.0,-17.0,-11.0,-14.0,-10.0,-11.0,-8.0,-7.0,-7.0,-3.0,-6.0,2.0,-5.0,7.0,-5.0,11.0,-5.0,15.0,-5.0,19.0,-6.0,21.0,-7.0,23.0,-8.0,24.0,-8.0,24.0,-9.0,23.0,-9.0,21.0,-9.0,18.0,-8.0,15.0,-7.0,12.0,-5.0,8.0,-2.0,5.0,1.0
0.3248,122.0,-96.0,7.0,0.0,0.0,0.0,0.0,0.0,0.0,0.0,0.0,0.0,-5.0,-12.0,0.0,-8.0,5.0,-4.0,10.0,-2.0,16.0,0.0,21.0,1.0,25.0,2.0,29.0,2.0,32.0,1.0,33.0,0.0,34.0,0.0,32.0,-2.0,30.0,-2.0,27.0,-3.0,23.0,-2.0,17.0,-1.0,12.0,1.0,6.0,4.0,0.0,7.0,-5.0,11.0,-10.0,16.0,-13.0,20.0,-15.0,24.0,-17.0,28.0,-17.0,30.0,-17.0,32.0
0.3382,122.0,-96.0,7.0,0.0,0.0,0.0,0.0,0.0,0.0,0.0,0.0,0.0,3.0,14.0,2.0,19.0,3.0,24.0,3.0,27.0,5.0,30.0,6.0,32.0,7.0,32.0,8.0,32.0,8.0,30.0,7.0,26.0,5.0,22.0,3.0,18.0,1.0,13.0,-3.0,8.0,-7.0,3.0,-11.0,-2.0,-16.0,-6.0,-21.0,-9.0,-26.0,-11.0,-30.0,-12.0,-33.0,-13.0,-35.0,-13.0,-36.0,-12.0,-34.0,-11.0,-33.0,-9.0,-30.0,-8.0
0.3534,122.0,-96.0,7.0,0.0,0.0,0.0,0.0,0.0,0.0,0.0,0.0,0.0,-6.0,8.0,-6.0,8.0,-6.0,9.0,-6.0,8.0,-6.0,9.0,-6.0,9.0,-6.0,9.0,-6.0,10.0,-6.0,10.0,-6.0,10.0,-6.0,10.0,-6.0,10.0,-6.0,10.0,-6.0,10.0,-6.0,11.0,-6.0,10.0,-6.0,10.0,-6.0,11.0,-6.0,11.0,-6.0,11.0,-6.0,11.0,-6.0,11.0,-6.0,11.0,-6.0,11.0,-6.0,11.0,-5.0,11.0
0.3676,122.0,-96.0,7.0,0.0,0.0,0.0,0.0,0.0,0.0,0.0,0.0,0.0,20.0,-12.0,21.0,-14.0,21.0,-15.0,21.0,-15.0,19.0,-14.0,18.0,-13.0,15.0,-12.0,13.0,-8.0,10.0,-6.0,7.0,-2.0,4.0,2.0,2.0,7.0,0.0,12.0,-1.0,16.0,-2.0,20.0,-3.0,23.0,-3.0,26.0,-3.0,28.0,-2.0,28.0,-1.0,28.0,-1.0,27.0,0.0,24.0,0.0,21.0,0.0,16.0,-1.0,12.0,-2.0,7.0
0.3718,98.0,33.0,22.0,0.0,0.0,0.0,0.0,0.0,0.0,0.0,0.0,0.0,-1.0,23.0,0.0,24.0,1.0,23.0,2.0,23.0,3.0,21.0,3.0,18.0,4.0,15.0,5.0,10.0,4.0,5.0,3.0,1.0,3.0,-4.0,0.0,-9.0,-2.0,-14.0,-5.0,-15.0,-8.0,-18.0,-12.0,-20.0,-15.0,-21.0,-17.0,-21.0,-19.0,-19.0,-21.0,-17.0,-20.0,-14.0,-18.0,-12.0,-15.0,-10.0,-10.0,-7.0,-5.0,-5.0,1.0,-5.0
0.3878,122.0,-96.0,7.0,0.0,0.0,0.0,0.0,0.0,0.0,0.0,0.0,0.0,-9.0,-22.0,-8.0,-20.0,-7.0,-17.0,-5.0,-14.0,-3.0,-10.0,0.0,-7.0,4.0,-4.0,8.0,-1.0,12.0,2.0,16.0,4.0,19.0,5.0,22.0,6.0,25.0,6.0,27.0,5.0,27.0,5.0,27.0,4.0,25.0,3.0,23.0,3.0,19.0,2.0,15.0,2.0,10.0,3.0,5.0,4.0,0.0,5.0,-5.0,7.0,-10.0,8.0,-14.0,12.0
0.4012,122.0,-96.0,7.0,0.0,0.0,0.0,0.0,0.0,0.0,0.0,0.0,0.0,15.0,-18.0,16.0,-20.0,16.0,-21.0,15.0,-20.0,14.0,-20.0,12.0,-18.0,11.0,-16.0,9.0,-12.0,7.0,-8.0,6.0,-3.0,4.0,2.0,4.0,7.0,4.0,12.0,3.0,16.0,4.0,20.0,5.0,23.0,5.0,25.0,6.0,27.0,7.0,27.0,8.0,26.0,8.0,25.0,7.0,22.0,6.0,19.0,4.0,15.0,2.0,10.0,-1.0,6.0
0.4171,122.0,-96.0,7.0,0.0,0.0,0.0,0.0,0.0,0.0,0.0,0.0,0.0,-9.0,-11.0,-9.0,-10.0,-9.0,-10.0,-9.0,-11.0,-9.0,-11.0,-10.0,-11.0,-10.0,-11.0,-10.0,-11.0,-10.0,-11.0,-10.0,-11.0,-11.0,-11.0,-11.0,-11.0,-10.0,-11.0,-11.0,-11.0,-11.0,-10.0,-12.0,-11.0,-11.0,-11.0,-12.0,-11.0,-11.0,-10.0,-12.0,-11.0,-12.0,-11.0,-12.0,-10.0,-13.0,-11.0,-13.0,-11.0,-12.0,-11.0,-12.0,-10.0
0.4303,122.0,-96.0,7.0,0.0,0.0,0.0,0.0,0.0,0.0,0.0,0.0,0.0,16.0,-14.0,17.0,-15.0,17.0,-16.0,17.0,-16.0,15.0,-15.0,14.0,-14.0,12.0,-12.0,10.0,-9.0,8.0,-7.0,6.0,-2.0,4.0,2.0,3.0,6.0,1.0,10.0,0.0,14.0,0.0,18.0,0.0,21.0,0.0,23.0,0.0,24.0,1.0,25.0,2.0,25.0,2.0,24.0,2.0,21.0,2.0,19.0,1.0,15.0,0.0,11.0,-1.0,7.0
0.4438,122.0,-96.0,7.0,0.0,0.0,0.0,0.0,0.0,0.0,0.0,0.0,0.0,7.0,6.0,8.0,5.0,8.0,6.0,8.0,6.0,8.0,6.0,8.0,6.0,8.0,6.0,9.0,6.0,9.0,6.0,9.0,6.0,9.0,6.0,9.0,6.0,9.0,6.0,9.0,6.0,9.0,6.0,9.0,6.0,9.0,6.0,10.0,6.0,10.0,6.0,10.0,6.0,10.0,6.0,10.0,6.0,10.0,6.0,10.0,6.0,10.0,6.0,10.0,6.0
0.457,122.0,-96.0,7.0,0.0,0.0,0.0,0.0,0.0,0.0,0.0,0.0,0.0,-10.0,-22.0,-11.0,-23.0,-12.0,-23.0,-12.0,-23.0,-12.0,-21.0,-11.0,-20.0,-10.0,-18.0,-7.0,-14.0,-4.0,-11.0,-1.0,-8.0,3.0,-5.0,7.0,-2.0,12.0,0.0,16.0,2.0,19.0,4.0,22.0,5.0,25.0,5.0,27.0,6.0,28.0,5.0,27.0,4.0,26.0,4.0,24.0,3.0,21.0,2.0,17.0,2.0,12.0,2.0,7.0,3.0
0.4709,122.0,-96.0,7.0,0.0,0.0,0.0,0.0,0.0,0.0,0.0,0.0,0.0,7.0,-8.0,7.0,-8.0,7.0,-8.0,8.0,-8.0,7.0,-8.0,7.0,-8.0,7.0,-8.0,7.0,-9.0,8.0,-9.0,7.0,-9.0,7.0,-9.0,8.0,-9.0,8.0,-9.0,7.0,-9.0,7.0,-10.0,8.0,-10.0,8.0,-9.0,7.0,-10.0,7.0,-10.0,7.0,-10.0,7.0,-10.0,7.0,-10.0,7.0,-11.0,8.0,-10.0,7.0,-10.0,7.0,-10.0
0.4874,122.0,-96.0,7.0,0.0,0.0,0.0,0.0,0.0,0.0,0.0,0.0,0.0,-9.0,-22.0,-9.0,-20.0,-7.0,-17.0,-5.0,-14.0,-3.0,-11.0,0.0,-8.0,4.0,-4.0,7.0,-1.0,12.0,1.0,15.0,4.0,18.0,5.0,21.0,6.0,24.0,7.0,26.0,6.0,27.0,6.0,27.0,4.0,25.0,4.0,23.0,3.0,20.0,3.0,16.0,2.0,12.0,3.0,6.0,3.0,1.0,5.0,-4.0,6.0,-9.0,8.0,-13.0,11.0
0.4908,98.0,33.0,22.0,0.0,0.0,0.0,0.0,0.0,0.0,0.0,0.0,0.0,-23.0,-10.0,-20.0,-8.0,-16.0,-5.0,-12.0,-2.0,-8.0,1.0,-3.0,4.0,1.0,7.0,6.0,9.0,11.0,11.0,14.0,11.0,19.0,11.0,22.0,10.0,25.0,9.0,26.0,6.0,27.0,4.0,25.0,1.0,24.0,-1.0,21.0,-2.0,17.0,-3.0,11.0,-2.0,6.0,-1.0,0.0,2.0,-5.0,5.0,-10.0,8.0,-15.0,13.0,-20.0,18.0
0.5047,122.0,-96.0,7.0,0.0,0.0,0.0,0.0,0.0,0.0,0.0,0.0,0.0,8.0,5.0,8.0,5.0,8.0,5.0,9.0,6.0,9.0,5.0,9.0,5.0,9.0,5.0,9.0,6.0,9.0,6.0,9.0,5.0,10.0,6.0,10.0,6.0,9.0,6.0,10.0,6.0,10.0,5.0,10.0,6.0,10.0,5.0,11.0,5.0,10.0,5.0,10.0,5.0,10.0,5.0,11.0,5.0,11.0,5.0,11.0,5.0,11.0,5.0,11.0,5.0
0.52,122.0,-96.0,7.0,0.0,0.0,0.0,0.0,0.0,0.0,0.0,0.0,0.0,23.0,1.0,25.0,0.0,25.0,-1.0,25.0,-1.0,23.0,-1.0,22.0,-1.0,19.0,-1.0,15.0,0.0,11.0,1.0,6.0,3.0,2.0,4.0,-3.0,7.0,-7.0,10.0,-10.0,13.0,-13.0,16.0,-15.0,18.0,-17.0,20.0,-18.0,21.0,-17.0,23.0,-17.0,23.0,-16.0,22.0,-14.0,20.0,-12.0,18.0,-10.0,14.0,-8.0,10.0,-7.0,5.0
0.5343,122.0,-96.0,7.0,0.0,0.0,0.0,0.0,0.0,0.0,0.0,0.0,0.0,-9.0,7.0,-9.0,7.0,-9.0,8.0,-9.0,8.0,-9.0,8.0,-10.0,8.0,-9.0,7.0,-9.0,9.0,-10.0,8.0,-9.0,8.0,-9.0,9.0,-10.0,8.0,-10.0,9.0,-9.0,9.0,-10.0,9.0,-9.0,9.0,-10.0,9.0,-9.0,9.0,-10.0,10.0,-10.0,9.0,-10.0,10.0,-10.0,10.0,-9.0,11.0,-9.0,10.0,-10.0,10.0,-9.0,10.0
0.5504,122.0,-96.0,7.0,0.0,0.0,0.0,0.0,0.0,0.0,0.0,0.0,0.0,-8.0,-9.0,-3.0,-7.0,3.0,-6.0,9.0,-5.0,15.0,-5.0,21.0,-6.0,25.0,-7.0,28.0,-8.0,31.0,-9.0,32.0,-10.0,32.0,-11.0,30.0,-12.0,28.0,-12.0,25.0,-12.0,21.0,-10.0,16.0,-7.0,12.0,-3.0,7.0,1.0,3.0,7.0,-1.0,11.0,-4.0,18.0,-6.0,23.0,-7.0,28.0,-7.0,31.0,-6.0,34.0,-6.0,35.0
0.5631,122.0,-96.0,7.0,0.0,0.0,0.0,0.0,0.0,0.0,0.0,0.0,0.0,-6.0,10.0,-6.0,5.0,-7.0,-1.0,-9.0,-7.0,-11.0,-12.0,-14.0,-17.0,-17.0,-20.0,-19.0,-23.0,-22.0,-25.0,-23.0,-26.0,-23.0,-26.0,-24.0,-25.0,-23.0,-23.0,-22.0,-20.0,-18.0,-17.0,-14.0,-14.0,-9.0,-11.0,-3.0,-9.0,3.0,-7.0,9.0,-6.0,16.0,-5.0,21.0,-5.0,27.0,-6.0,31.0,-7.0,33.0,-8.0,35.0,-9.0
0.577,122.0,-96.0,7.0,0.0,0.0,0.0,0.0,0.0,0.0,0.0,0.0,0.0,0.0,12.0,-1.0,15.0,-1.0,19.0,-2.0,22.0,-1.0,25.0,-1.0,26.0,0.0,26.0,1.0,26.0,1.0,24.0,1.0,22.0,0.0,18.0,-1.0,14.0,-2.0,9.0,-4.0,5.0,-6.0,0.0,-9.0,-4.0,-12.0,-9.0,-15.0,-12.0,-18.0,-15.0,-21.0,-16.0,-23.0,-17.0,-24.0,-17.0,-25.0,-17.0,-24.0,-16.0,-23.0,-14.0,-20.0,-12.0
0.5812,98.0,33.0,22.0,0.0,0.0,0.0,0.0,0.0,0.0,0.0,0.0,0.0,0.0,-9.0,-4.0,-7.0,-7.0,-4.0,-10.0,-2.0,-13.0,2.0,-17.0,1.0,-18.0,4.0,-20.0,7.0,-21.0,8.0,-20.0,10.0,-19.0,11.0,-17.0,10.0,-14.0,10.0,-10.0,12.0,-8.0,8.0,-6.0,7.0,-2.0,3.0,0.0,0.0,2.0,-5.0,4.0,-7.0,5.0,-13.0,5.0,-19.0,4.0,-22.0,3.0,-26.0,2.0,-29.0,1.0,-30.0
0.5946,122.0,-96.0,7.0,0.0,0.0,0.0,0.0,0.0,0.0,0.0,0.0,0.0,13.0,-3.0,17.0,-3.0,21.0,-3.0,24.0,-3.0,27.0,-4.0,28.0,-5.0,29.0,-6.0,28.0,-6.0,27.0,-7.0,24.0,-6.0,20.0,-5.0,16.0,-3.0,12.0,-1.0,7.0,2.0,2.0,5.0,-2.0,9.0,-6.0,13.0,-9.0,17.0,-12.0,21.0,-13.0,24.0,-15.0,27.0,-14.0,29.0,-14.0,30.0,-12.0,28.0,-11.0,28.0,-10.0,25.0
0.6083,122.0,-96.0,7.0,0.0,0.0,0.0,0.0,0.0,0.0,0.0,0.0,0.0,-11.0,-2.0,-6.0,-4.0,-1.0,-6.0,3.0,-9.0,7.0,-12.0,11.0,-16.0,12.0,-20.0,14.0,-22.0,15.0,-25.0,15.0,-26.0,15.0,-27.0,13.0,-26.0,12.0,-25.0,10.0,-23.0,8.0,-19.0,7.0,-15.0,6.0,-10.0,6.0,-4.0,6.0,3.0,6.0,8.0,8.0,13.0,9.0,18.0,12.0,22.0,14.0,24.0,16.0,26.0,17.0,26.0
0.6231,122.0,-96.0,7.0,0.0,0.0,0.0,0.0,0.0,0.0,0.0,0.0,0.0,8.0,-9.0,11.0,-11.0,14.0,-14.0,16.0,-16.0,18.0,-17.0,19.0,-19.0,18.0,-20.0,17.0,-20.0,16.0,-20.0,14.0,-17.0,13.0,-14.0,10.0,-11.0,8.0,-7.0,6.0,-3.0,4.0,2.0,3.0,7.0,3.0,12.0,2.0,17.0,3.0,21.0,3.0,24.0,4.0,27.0,5.0,28.0,6.0,28.0,6.0,27.0,7.0,25.0,6.0,23.0
0.6372,122.0,-96.0,7.0,0.0,0.0,0.0,0.0,0.0,0.0,0.0,0.0,0.0,-25.0,-2.0,-26.0,-1.0,-26.0,0.0,-26.0,0.0,-24.0,0.0,-22.0,0.0,-19.0,0.0,-15.0,-1.0,-12.0,-2.0,-7.0,-4.0,-2.0,-6.0,3.0,-8.0,7.0,-12.0,10.0,-14.0,13.0,-16.0,15.0,-19.0,17.0,-21.0,18.0,-22.0,17.0,-23.0,16.0,-23.0,16.0,-22.0,13.0,-20.0,11.0,-17.0,9.0,-13.0,7.0,-9.0,5.0,-4.0
0.65,122.0,-96.0,7.0,0.0,0.0,0.0,0.0,0.0,0.0,0.0,0.0,0.0,8.0,4.0,3.0,4.0,-1.0,5.0,-6.0,5.0,-10.0,7.0,-14.0,9.0,-18.0,10.0,-20.0,12.0,-22.0,14.0,-23.0,15.0,-23.0,16.0,-22.0,16.0,-20.0,15.0,-18.0,15.0,-15.0,12.0,-12.0,9.0,-10.0,5.0,-8.0,1.0,-5.0,-4.0,-3.0,-8.0,-2.0,-13.0,-2.0,-18.0,-2.0,-23.0,-2.0,-26.0,-3.0,-28.0,-3.0,-29.0
0.6631,122.0,-96.0,7.0,0.0,0.0,0.0,0.0,0.0,0.0,0.0,0.0,0.0,3.0,12.0,3.0,11.0,3.0,12.0,4.0,12.0,3.0,12.0,4.0,12.0,4.0,13.0,4.0,13.0,4.0,13.0,4.0,13.0,4.0,13.0,4.0,13.0,4.0,14.0,4.0,14.0,5.0,13.0,5.0,13.0,5.0,14.0,5.0,13.0,6.0,13.0,5.0,14.0,5.0,14.0,6.0,14.0,6.0,13.0,6.0,14.0,6.0,14.0,6.0,14.0
0.6776,122.0,-96.0,7.0,0.0,0.0,0.0,0.0,0.0,0.0,0.0,0.0,0.0,10.0,21.0,11.0,23.0,11.0,22.0,12.0,22.0,11.0,20.0,10.0,19.0,9.0,16.0,6.0,13.0,4.0,10.0,-1.0,7.0,-4.0,3.0,-9.0,1.0,-14.0,-2.0,-17.0,-3.0,-22.0,-4.0,-24.0,-5.0,-27.0,-6.0,-28.0,-6.0,-30.0,-5.0,-28.0,-4.0,-27.0,-3.0,-24.0,-2.0,-21.0,-2.0,-16.0,-2.0,-12.0,-3.0,-7.0,-4.0
0.6911,122.0,-96.0,7.0,0.0,0.0,0.0,0.0,0.0,0.0,0.0,0.0,0.0,8.0,-8.0,7.0,-9.0,7.0,-9.0,9.0,-9.0,8.0,-9.0,8.0,-10.0,8.0,-10.0,8.0,-10.0,8.0,-10.0,8.0,-11.0,8.0,-10.0,8.0,-10.0,8.0,-11.0,8.0,-11.0,8.0,-11.0,8.0,-11.0,7.0,-11.0,8.0,-11.0,8.0,-11.0,7.0,-11.0,8.0,-11.0,8.0,-12.0,8.0,-12.0,7.0,-12.0,8.0,-11.0,8.0,-12.0
0.7049,122.0,-96.0,7.0,0.0,0.0,0.0,0.0,0.0,0.0,0.0,0.0,0.0,7.0,-11.0,7.0,-12.0,6.0,-11.0,7.0,-12.0,7.0,-12.0,7.0,-13.0,7.0,-12.0,7.0,-13.0,7.0,-13.0,6.0,-13.0,6.0,-13.0,7.0,-13.0,7.0,-13.0,6.0,-13.0,7.0,-14.0,7.0,-14.0,6.0,-14.0,6.0,-14.0,7.0,-14.0,7.0,-14.0,7.0,-14.0,7.0,-14.0,6.0,-15.0,6.0,-15.0,6.0,-15.0,6.0,-15.0
0.7188,122.0,-96.0,7.0,0.0,0.0,0.0,0.0,0.0,0.0,0.0,0.0,0.0,11.0,-1.0,15.0,-1.0,19.0,-1.0,22.0,-1.0,24.0,-1.0,26.0,-2.0,27.0,-3.0,26.0,-4.0,24.0,-4.0,22.0,-3.0,18.0,-3.0,14.0,-1.0,10.0,0.0,6.0,2.0,1.0,5.0,-2.0,7.0,-6.0,12.0,-9.0,14.0,-12.0,18.0,-14.0,21.0,-15.0,24.0,-15.0,25.0,-14.0,25.0,-13.0,25.0,-11.0,24.0,-10.0,22.0
0.7345,122.0,-96.0,7.0,0.0,0.0,0.0,0.0,0.0,0.0,0.0,0.0,0.0,-23.0,5.0,-23.0,6.0,-23.0,6.0,-23.0,6.0,-24.0,6.0,-24.0,7.0,-24.0,7.0,-24.0,7.0,-25.0,7.0,-25.0,7.0,-24.0,7.0,-25.0,6.0,-25.0,7.0,-25.0,7.0,-25.0,8.0,-25.0,7.0,-25.0,8.0,-25.0,8.0,-25.0,8.0,-25.0,9.0,-26.0,9.0,-25.0,8.0,-26.0,9.0,-25.0,9.0,-25.0,8.0,-25.0,9.0
0.7446,122.0,-96.0,7.0,0.0,0.0,0.0,0.0,0.0,0.0,0.0,0.0,0.0,15.0,9.0,15.0,9.0,16.0,9.0,15.0,9.0,16.0,9.0,16.0,9.0,16.0,9.0,17.0,9.0,17.0,9.0,17.0,9.0,17.0,9.0,17.0,9.0,17.0,9.0,17.0,9.0,17.0,9.0,17.0,9.0,17.0,9.0,18.0,9.0,18.0,9.0,18.0,9.0,18.0,9.0,18.0,9.0,19.0,9.0,18.0,8.0,18.0,9.0,18.0,8.0
0.7587,122.0,-96.0,7.0,0.0,0.0,0.0,0.0,0.0,0.0,0.0,0.0,0.0,-20.0,-4.0,-21.0,-4.0,-21.0,-4.0,-21.0,-4.0,-21.0,-4.0,-22.0,-4.0,-22.0,-4.0,-22.0,-4.0,-23.0,-4.0,-22.0,-4.0,-22.0,-4.0,-22.0,-4.0,-23.0,-4.0,-23.0,-3.0,-23.0,-4.0,-23.0,-4.0,-23.0,-3.0,-23.0,-3.0,-23.0,-3.0,-24.0,-3.0,-24.0,-3.0,-24.0,-3.0,-24.0,-3.0,-24.0,-2.0,-23.0,-3.0,-24.0,-2.0
0.7749,122.0,-96.0,7.0,0.0,0.0,0.0,0.0,0.0,0.0,0.0,0.0,0.0,-11.0,-2.0,-11.0,-1.0,-11.0,-2.0,-11.0,-1.0,-11.0,-2.0,-12.0,-1.0,-12.0,-1.0,-12.0,-1.0,-12.0,-1.0,-12.0,-1.0,-12.0,-1.0,-12.0,-1.0,-12.0,-1.0,-12.0,-1.0,-13.0,-1.0,-13.0,-1.0,-13.0,-1.0,-13.0,-1.0,-13.0,0.0,-13.0,0.0,-13.0,0.0,-13.0,0.0,-13.0,0.0,-13.0,0.0,-13.0,0.0,-13.0,0.0
0.7885,122.0,-96.0,7.0,0.0,0.0,0.0,0.0,0.0,0.0,0.0,0.0,0.0,8.0,21.0,7.0,19.0,6.0,17.0,4.0,13.0,1.0,10.0,-2.0,6.0,-5.0,3.0,-9.0,-1.0,-13.0,-3.0,-17.0,-5.0,-20.0,-7.0,-23.0,-8.0,-26.0,-8.0,-27.0,-8.0,-28.0,-7.0,-28.0,-6.0,-26.0,-5.0,-24.0,-4.0,-20.0,-4.0,-16.0,-4.0,-11.0,-4.0,-6.0,-5.0,-1.0,-6.0,4.0,-7.0,9.0,-10.0,13.0,-12.0
0.8028,122.0,-96.0,7.0,0.0,0.0,0.0,0.0,0.0,0.0,0.0,0.0,0.0,-21.0,-12.0,-19.0,-11.0,-16.0,-9.0,-12.0,-8.0,-8.0,-7.0,-4.0,-6.0,1.0,-6.0,6.0,-6.0,10.0,-6.0,15.0,-7.0,18.0,-8.0,21.0,-10.0,23.0,-11.0,24.0,-13.0,24.0,-14.0,24.0,-14.0,22.0,-14.0,19.0,-13.0,16.0,-11.0,13.0,-8.0,10.0,-5.0,6.0,-1.0,4.0,4.0,0.0,8.0,-2.0,13.0,-3.0,17.0
0.8162,122.0,-96.0,7.0,0.0,0.0,0.0,0.0,0.0,0.0,0.0,0.0,0.0,-10.0,8.0,-14.0,10.0,-18.0,13.0,-20.0,14.0,-22.0,17.0,-23.0,19.0,-23.0,20.0,-22.0,20.0,-20.0,19.0,-18.0,17.0,-16.0,14.0,-13.0,10.0,-10.0,7.0,-8.0,1.0,-6.0,-4.0,-4.0,-9.0,-3.0,-15.0,-3.0,-20.0,-3.0,-25.0,-4.0,-29.0,-5.0,-31.0,-5.0,-32.0,-6.0,-33.0,-7.0,-32.0,-8.0,-29.0,-7.0,-27.0
0.829,122.0,-96.0,7.0,0.0,0.0,0.0,0.0,0.0,0.0,0.0,0.0,0.0,-21.0,-8.0,-22.0,-8.0,-23.0,-8.0,-22.0,-7.0,-21.0,-7.0,-20.0,-6.0,-17.0,-6.0,-13.0,-5.0,-9.0,-5.0,-5.0,-5.0,0.0,-5.0,5.0,-6.0,9.0,-8.0,13.0,-9.0,16.0,-10.0,18.0,-11.0,20.0,-13.0,21.0,-13.0,21.0,-14.0,20.0,-15.0,20.0,-14.0,17.0,-13.0,15.0,-12.0,11.0,-9.0,8.0,-6.0,5.0,-2.0
0.8422,122.0,-96.0,7.0,0.0,0.0,0.0,0.0,0.0,0.0,0.0,0.0,0.0,8.0,-10.0,8.0,-11.0,9.0,-10.0,9.0,-10.0,8.0,-11.0,9.0,-11.0,8.0,-12.0,9.0,-12.0,9.0,-11.0,8.0,-11.0,9.0,-12.0,9.0,-12.0,9.0,-12.0,8.0,-12.0,9.0,-13.0,9.0,-13.0,8.0,-12.0,9.0,-13.0,9.0,-13.0,9.0,-13.0,8.0,-13.0,8.0,-14.0,8.0,-13.0,8.0,-13.0,8.0,-13.0,8.0,-14.0
0.8562,122.0,-96.0,7.0,0.0,0.0,0.0,0.0,0.0,0.0,0.0,0.0,0.0,-20.0,-18.0,-22.0,-19.0,-22.0,-19.0,-22.0,-18.0,-22.0,-17.0,-20.0,-15.0,-17.0,-13.0,-14.0,-12.0,-9.0,-9.0,-4.0,-8.0,1.0,-6.0,7.0,-5.0,12.0,-5.0,17.0,-5.0,22.0,-5.0,25.0,-6.0,28.0,-6.0,30.0,-7.0,31.0,-8.0,30.0,-8.0,29.0,-8.0,26.0,-8.0,22.0,-8.0,18.0,-6.0,13.0,-4.0,9.0,-1.0
0.8714,122.0,-96.0,7.0,0.0,0.0,0.0,0.0,0.0,0.0,0.0,0.0,0.0,-4.0,10.0,-4.0,10.0,-4.0,11.0,-4.0,11.0,-4.0,11.0,-4.0,12.0,-3.0,12.0,-3.0,12.0,-3.0,12.0,-4.0,12.0,-4.0,12.0,-4.0,12.0,-4.0,12.0,-4.0,13.0,-3.0,13.0,-3.0,13.0,-3.0,12.0,-3.0,13.0,-4.0,13.0,-3.0,13.0,-3.0,13.0,-3.0,13.0,-3.0,13.0,-3.0,13.0,-3.0,13.0,-2.0,14.0
0.8859,122.0,-96.0,7.0,0.0,0.0,0.0,0.0,0.0,0.0,0.0,0.0,0.0,-18.0,11.0,-19.0,13.0,-19.0,13.0,-19.0,13.0,-17.0,13.0,-16.0,12.0,-14.0,10.0,-12.0,7.0,-9.0,4.0,-7.0,0.0,-4.0,-3.0,-2.0,-8.0,-1.0,-12.0,0.0,-16.0,1.0,-20.0,2.0,-22.0,1.0,-25.0,1.0,-26.0,1.0,-26.0,0.0,-26.0,0.0,-24.0,-1.0,-22.0,-1.0,-19.0,-1.0,-15.0,0.0,-10.0,2.0,-6.0
0.8985,122.0,-96.0,7.0,0.0,0.0,0.0,0.0,0.0,0.0,0.0,0.0,0.0,-3.0,11.0,-4.0,14.0,-6.0,18.0,-6.0,21.0,-6.0,24.0,-6.0,25.0,-5.0,26.0,-4.0,26.0,-3.0,25.0,-3.0,22.0,-3.0,19.0,-4.0,15.0,-3.0,11.0,-4.0,6.0,-5.0,1.0,-8.0,-4.0,-10.0,-8.0,-12.0,-12.0,-15.0,-15.0,-18.0,-18.0,-20.0,-19.0,-21.0,-20.0,-23.0,-20.0,-23.0,-19.0,-23.0,-17.0,-21.0,-15.0
0.913,122.0,-96.0,7.0,0.0,0.0,0.0,0.0,0.0,0.0,0.0,0.0,0.0,-10.0,4.0,-7.0,0.0,-4.0,-5.0,-2.0,-9.0,0.0,-14.0,1.0,-19.0,2.0,-23.0,2.0,-26.0,2.0,-29.0,1.0,-30.0,0.0,-31.0,-1.0,-30.0,-2.0,-28.0,-3.0,-26.0,-2.0,-22.0,-1.0,-18.0,1.0,-13.0,3.0,-8.0,6.0,-2.0,8.0,3.0,12.0,7.0,15.0,11.0,20.0,13.0,23.0,14.0,26.0,15.0,27.0,15.0
0.918,98.0,33.0,22.0,0.0,0.0,0.0,0.0,0.0,0.0,0.0,0.0,0.0,-22.0,-9.0,-24.0,-9.0,-23.0,-8.0,-23.0,-7.0,-22.0,-6.0,-20.0,-5.0,-16.0,-2.0,-12.0,0.0,-8.0,2.0,-3.0,3.0,1.0,5.0,6.0,6.0,11.0,5.0,15.0,4.0,19.0,3.0,22.0,1.0,24.0,-1.0,25.0,-3.0,26.0,-5.0,25.0,-7.0,23.0,-8.0,19.0,-8.0,16.0,-6.0,10.0,-5.0,5.0,-2.0,0.0,2.0
0.9374,122.0,-96.0,7.0,0.0,0.0,0.0,0.0,0.0,0.0,0.0,0.0,0.0,5.0,8.0,1.0,6.0,-4.0,4.0,-8.0,2.0,-14.0,1.0,-19.0,1.0,-23.0,1.0,-27.0,1.0,-29.0,2.0,-30.0,3.0,-31.0,4.0,-30.0,5.0,-28.0,5.0,-26.0,6.0,-22.0,4.0,-17.0,2.0,-13.0,0.0,-8.0,-3.0,-3.0,-6.0,1.0,-10.0,5.0,-14.0,8.0,-18.0,10.0,-23.0,10.0,-26.0,11.0,-29.0,11.0,-30.0
0.9529,122.0,-96.0,7.0,0.0,0.0,0.0,0.0,0.0,0.0,0.0,0.0,0.0,-7.0,-9.0,-7.0,-8.0,-7.0,-8.0,-8.0,-9.0,-7.0,-9.0,-8.0,-9.0,-8.0,-9.0,-8.0,-9.0,-8.0,-9.0,-9.0,-9.0,-8.0,-9.0,-8.0,-9.0,-9.0,-9.0,-9.0,-9.0,-9.0,-9.0,-9.0,-9.0,-9.0,-9.0,-10.0,-9.0,-10.0,-9.0,-9.0,-9.0,-9.0,-9.0,-9.0,-9.0,-10.0,-9.0,-10.0,-9.0,-10.0,-9.0,-10.0,-9.0
0.9692,122.0,-96.0,7.0,0.0,0.0,0.0,0.0,0.0,0.0,0.0,0.0,0.0,-10.0,-9.0,-13.0,-13.0,-16.0,-16.0,-18.0,-19.0,-20.0,-20.0,-23.0,-21.0,-23.0,-21.0,-23.0,-19.0,-22.0,-18.0,-20.0,-16.0,-17.0,-14.0,-13.0,-12.0,-9.0,-10.0,-3.0,-8.0,2.0,-6.0,7.0,-5.0,14.0,-5.0,18.0,-5.0,24.0,-6.0,27.0,-7.0,29.0,-8.0,30.0,-9.0,31.0,-10.0,30.0,-10.0,28.0,-11.0,25.0,-10.0
0.981,122.0,-96.0,7.0,0.0,0.0,0.0,0.0,0.0,0.0,0.0,0.0,0.0,-27.0,3.0,-28.0,4.0,-29.0,4.0,-28.0,4.0,-27.0,5.0,-24.0,4.0,-21.0,4.0,-17.0,2.0,-13.0,0.0,-8.0,-3.0,-3.0,-6.0,2.0,-10.0,5.0,-14.0,9.0,-17.0,11.0,-21.0,14.0,-24.0,14.0,-26.0,15.0,-28.0,14.0,-29.0,13.0,-28.0,13.0,-27.0,11.0,-24.0,9.0,-21.0,7.0,-16.0,6.0,-11.0,5.0,-5.0
0.9944,122.0,-96.0,7.0,0.0,0.0,0.0,0.0,0.0,0.0,0.0,0.0,0.0,6.0,9.0,6.0,9.0,6.0,9.0,7.0,9.0,7.0,9.0,7.0,9.0,7.0,9.0,8.0,9.0,8.0,10.0,8.0,10.0,8.0,10.0,8.0,10.0,8.0,10.0,8.0,9.0,9.0,10.0,9.0,10.0,8.0,9.0,9.0,9.0,9.0,9.0,9.0,9.0,9.0,10.0,9.0,9.0,10.0,9.0,9.0,9.0,9.0,9.0,10.0,9.0
1.0079,122.0,-96.0,7.0,0.0,0.0,0.0,0.0,0.0,0.0,0.0,0.0,0.0,2.0,11.0,2.0,15.0,3.0,19.0,3.0,21.0,4.0,24.0,4.0,25.0,6.0,26.0,6.0,25.0,7.0,24.0,6.0,21.0,4.0,18.0,2.0,14.0,1.0,10.0,-2.0,6.0,-5.0,2.0,-9.0,-1.0,-13.0,-5.0,-17.0,-7.0,-21.0,-9.0,-24.0,-10.0,-26.0,-11.0,-28.0,-10.0,-29.0,-10.0,-28.0,-9.0,-26.0,-8.0,-24.0,-6.0
1.0224,122.0,-96.0,7.0,0.0,0.0,0.0,0.0,0.0,0.0,0.0,0.0,0.0,8.0,-11.0,11.0,-14.0,14.0,-17.0,16.0,-19.0,18.0,-22.0,18.0,-23.0,18.0,-24.0,17.0,-24.0,16.0,-23.0,14.0,-21.0,12.0,-17.0,10.0,-14.0,8.0,-10.0,7.0,-4.0,5.0,2.0,5.0,7.0,5.0,13.0,5.0,18.0,6.0,23.0,7.0,26.0,9.0,29.0,10.0,30.0,11.0,30.0,11.0,28.0,12.0,26.0,11.0,24.0
1.0268,98.0,33.0,22.0,0.0,0.0,0.0,0.0,0.0,0.0,0.0,0.0,0.0,5.0,-17.0,5.0,-20.0,5.0,-23.0,4.0,-26.0,3.0,-27.0,2.0,-28.0,0.0,-27.0,-2.0,-25.0,-3.0,-23.0,-4.0,-20.0,-5.0,-15.0,-6.0,-11.0,-5.0,-6.0,-5.0,0.0,-3.0,4.0,-1.0,10.0,2.0,14.0,5.0,20.0,10.0,22.0,13.0,25.0,17.0,25.0,19.0,26.0,20.0,26.0,19.0,22.0,19.0,19.0,18.0,17.0
1.046,122.0,-96.0,7.0,0.0,0.0,0.0,0.0,0.0,0.0,0.0,0.0,0.0,-8.0,9.0,-7.0,4.0,-7.0,-2.0,-7.0,-8.0,-9.0,-14.0,-10.0,-19.0,-12.0,-23.0,-14.0,-27.0,-16.0,-29.0,-18.0,-30.0,-19.0,-29.0,-19.0,-28.0,-19.0,-26.0,-19.0,-23.0,-15.0,-20.0,-12.0,-16.0,-7.0,-13.0,-2.0,-9.0,4.0,-7.0,10.0,-4.0,16.0,-2.0,21.0,-1.0,27.0,-2.0,31.0,-3.0,33.0,-4.0,35.0,-5.0
1.0598,122.0,-96.0,7.0,0.0,0.0,0.0,0.0,0.0,0.0,0.0,0.0,0.0,-1.0,10.0,0.0,10.0,0.0,10.0,0.0,10.0,0.0,10.0,0.0,11.0,0.0,11.0,0.0,11.0,0.0,11.0,0.0,11.0,0.0,11.0,0.0,11.0,0.0,11.0,0.0,11.0,1.0,12.0,0.0,11.0,0.0,12.0,1.0,11.0,1.0,12.0,1.0,12.0,1.0,12.0,1.0,12.0,1.0,12.0,1.0,12.0,1.0,12.0,1.0,12.0
1.075,122.0,-96.0,7.0,0.0,0.0,0.0,0.0,0.0,0.0,0.0,0.0,0.0,-7.0,7.0,-7.0,8.0,-7.0,8.0,-8.0,8.0,-7.0,8.0,-8.0,9.0,-7.0,8.0,-7.0,9.0,-7.0,9.0,-7.0,9.0,-7.0,9.0,-7.0,9.0,-7.0,9.0,-7.0,9.0,-7.0,10.0,-7.0,9.0,-7.0,10.0,-7.0,10.0,-7.0,10.0,-7.0,10.0,-7.0,10.0,-7.0,10.0,-7.0,11.0,-7.0,10.0,-7.0,11.0,-7.0,11.0
1.0883,122.0,-96.0,7.0,0.0,0.0,0.0,0.0,0.0,0.0,0.0,0.0,0.0,-11.0,-5.0,-5.0,-5.0,0.0,-6.0,4.0,-8.0,9.0,-10.0,14.0,-12.0,17.0,-14.0,20.0,-16.0,21.0,-19.0,22.0,-20.0,22.0,-21.0,20.0,-22.0,19.0,-21.0,17.0,-20.0,15.0,-17.0,12.0,-14.0,9.0,-10.0,7.0,-5.0,6.0,1.0,4.0,7.0,4.0,12.0,4.0,18.0,5.0,22.0,6.0,26.0,7.0,28.0,8.0,30.0
1.1027,122.0,-96.0,7.0,0.0,0.0,0.0,0.0,0.0,0.0,0.0,0.0,0.0,3.0,-13.0,3.0,-13.0,3.0,-14.0,3.0,-14.0,3.0,-14.0,3.0,-14.0,3.0,-14.0,2.0,-15.0,2.0,-14.0,3.0,-15.0,3.0,-15.0,3.0,-15.0,2.0,-15.0,2.0,-15.0,2.0,-15.0,2.0,-15.0,2.0,-15.0,2.0,-16.0,2.0,-16.0,2.0,-16.0,2.0,-16.0,2.0,-16.0,2.0,-16.0,2.0,-16.0,2.0,-16.0,2.0,-16.0
1.1169,122.0,-96.0,7.0,0.0,0.0,0.0,0.0,0.0,0.0,0.0,0.0,0.0,-12.0,-21.0,-14.0,-22.0,-14.0,-22.0,-14.0,-21.0,-14.0,-20.0,-13.0,-18.0,-11.0,-16.0,-8.0,-13.0,-6.0,-10.0,-1.0,-7.0,3.0,-5.0,8.0,-3.0,13.0,-1.0,17.0,0.0,20.0,1.0,24.0,1.0,26.0,1.0,28.0,1.0,28.0,0.0,28.0,-1.0,26.0,-1.0,23.0,-2.0,20.0,-1.0,15.0,-1.0,11.0,0.0,6.0,2.0
1.1291,122.0,-96.0,7.0,0.0,0.0,0.0,0.0,0.0,0.0,0.0,0.0,0.0,16.0,-20.0,15.0,-19.0,12.0,-16.0,11.0,-13.0,8.0,-8.0,7.0,-4.0,6.0,2.0,5.0,7.0,4.0,12.0,4.0,17.0,5.0,21.0,5.0,24.0,6.0,27.0,8.0,29.0,9.0,30.0,9.0,28.0,10.0,27.0,9.0,24.0,8.0,21.0,6.0,17.0,3.0,13.0,0.0,8.0,-5.0,4.0,-9.0,1.0,-13.0,-3.0,-18.0,-6.0
1.142,122.0,-96.0,7.0,0.0,0.0,0.0,0.0,0.0,0.0,0.0,0.0,0.0,-3.0,12.0,-5.0,16.0,-6.0,20.0,-8.0,23.0,-8.0,26.0,-8.0,28.0,-7.0,29.0,-6.0,28.0,-5.0,27.0,-5.0,24.0,-5.0,20.0,-5.0,16.0,-5.0,11.0,-6.0,6.0,-7.0,0.0,-9.0,-5.0,-11.0,-11.0,-14.0,-15.0,-17.0,-19.0,-19.0,-21.0,-21.0,-23.0,-23.0,-23.0,-24.0,-23.0,-24.0,-22.0,-23.0,-20.0,-21.0,-18.0
1.1548,122.0,-96.0,7.0,0.0,0.0,0.0,0.0,0.0,0.0,0.0,0.0,0.0,22.0,-3.0,20.0,-2.0,17.0,-2.0,14.0,-1.0,9.0,0.0,5.0,3.0,1.0,5.0,-3.0,8.0,-7.0,12.0,-10.0,15.0,-11.0,17.0,-13.0,20.0,-14.0,22.0,-13.0,24.0,-13.0,25.0,-11.0,24.0,-10.0,23.0,-9.0,20.0,-8.0,17.0,-7.0,12.0,-6.0,7.0,-6.0,2.0,-7.0,-3.0,-7.0,-8.0,-8.0,-13.0,-10.0,-17.0
1.1702,122.0,-96.0,7.0,0.0,0.0,0.0,0.0,0.0,0.0,0.0,0.0,0.0,-9.0,9.0,-10.0,9.0,-9.0,9.0,-10.0,9.0,-9.0,9.0,-10.0,10.0,-10.0,10.0,-10.0,10.0,-10.0,10.0,-9.0,11.0,-10.0,11.0,-10.0,11.0,-10.0,11.0,-10.0,11.0,-10.0,12.0,-10.0,11.0,-10.0,11.0,-9.0,12.0,-10.0,12.0,-9.0,11.0,-10.0,12.0,-10.0,12.0,-9.0,13.0,-9.0,12.0,-9.0,12.0,-9.0,13.0
1.1851,122.0,-96.0,7.0,0.0,0.0,0.0,0.0,0.0,0.0,0.0,0.0,0.0,10.0,-2.0,6.0,1.0,3.0,5.0,-1.0,9.0,-3.0,13.0,-5.0,18.0,-6.0,22.0,-7.0,25.0,-6.0,28.0,-6.0,29.0,-5.0,30.0,-4.0,29.0,-2.0,27.0,-1.0,25.0,-1.0,20.0,-2.0,15.0,-3.0,11.0,-5.0,5.0,-8.0,-1.0,-10.0,-5.0,-14.0,-10.0,-17.0,-14.0,-21.0,-16.0,-24.0,-17.0,-26.0,-18.0,-27.0,-18.0
1.1982,122.0,-96.0,7.0,0.0,0.0,0.0,0.0,0.0,0.0,0.0,0.0,0.0,6.0,11.0,8.0,15.0,9.0,19.0,11.0,21.0,12.0,24.0,14.0,25.0,15.0,25.0,15.0,25.0,15.0,23.0,13.0,20.0,10.0,18.0,7.0,14.0,4.0,11.0,0.0,7.0,-5.0,4.0,-10.0,2.0,-15.0,0.0,-20.0,-2.0,-25.0,-3.0,-28.0,-3.0,-31.0,-3.0,-32.0,-2.0,-33.0,-1.0,-32.0,-1.0,-30.0,1.0,-27.0,1.0
1.2127,122.0,-96.0,7.0,0.0,0.0,0.0,0.0,0.0,0.0,0.0,0.0,0.0,-16.0,-25.0,-15.0,-22.0,-12.0,-19.0,-9.0,-16.0,-5.0,-12.0,0.0,-9.0,5.0,-5.0,11.0,-3.0,16.0,-1.0,21.0,1.0,26.0,1.0,29.0,1.0,32.0,1.0,34.0,0.0,35.0,-2.0,33.0,-3.0,31.0,-3.0,27.0,-3.0,23.0,-3.0,17.0,-1.0,12.0,1.0,6.0,4.0,0.0,8.0,-5.0,11.0,-10.0,15.0,-14.0,20.0
1.2281,122.0,-96.0,7.0,0.0,0.0,0.0,0.0,0.0,0.0,0.0,0.0,0.0,10.0,-2.0,10.0,-2.0,10.0,-2.0,10.0,-3.0,10.0,-2.0,11.0,-2.0,11.0,-2.0,11.0,-2.0,11.0,-3.0,11.0,-3.0,11.0,-3.0,11.0,-3.0,11.0,-3.0,11.0,-3.0,11.0,-3.0,12.0,-4.0,12.0,-4.0,11.0,-4.0,11.0,-4.0,11.0,-4.0,11.0,-4.0,12.0,-4.0,11.0,-4.0,12.0,-4.0,12.0,-4.0,12.0,-4.0
1.2425,122.0,-96.0,7.0,0.0,0.0,0.0,0.0,0.0,0.0,0.0,0.0,0.0,-9.0,8.0,-9.0,8.0,-8.0,8.0,-10.0,8.0,-9.0,9.0,-10.0,8.0,-9.0,9.0,-9.0,9.0,-9.0,9.0,-9.0,9.0,-10.0,9.0,-10.0,9.0,-10.0,9.0,-10.0,10.0,-9.0,10.0,-9.0,10.0,-9.0,9.0,-9.0,11.0,-9.0,10.0,-9.0,11.0,-9.0,10.0,-9.0,10.0,-9.0,11.0,-9.0,11.0,-10.0,10.0,-9.0,11.0
1.2573,122.0,-96.0,7.0,0.0,0.0,0.0,0.0,0.0,0.0,0.0,0.0,0.0,10.0,-4.0,14.0,-4.0,18.0,-5.0,21.0,-5.0,23.0,-6.0,25.0,-7.0,25.0,-8.0,25.0,-9.0,23.0,-9.0,21.0,-8.0,18.0,-7.0,15.0,-5.0,11.0,-3.0,7.0,0.0,4.0,3.0,1.0,7.0,-2.0,11.0,-5.0,15.0,-6.0,20.0,-7.0,23.0,-7.0,26.0,-7.0,27.0,-7.0,28.0,-6.0,28.0,-4.0,27.0,-3.0,24.0
1.2717,122.0,-96.0,7.0,0.0,0.0,0.0,0.0,0.0,0.0,0.0,0.0,0.0,-7.0,8.0,-7.0,8.0,-7.0,8.0,-7.0,8.0,-7.0,8.0,-7.0,8.0,-7.0,9.0,-7.0,9.0,-7.0,9.0,-7.0,9.0,-7.0,9.0,-7.0,9.0,-8.0,9.0,-7.0,9.0,-7.0,10.0,-7.0,10.0,-7.0,9.0,-7.0,10.0,-7.0,10.0,-7.0,10.0,-7.0,10.0,-7.0,10.0,-7.0,11.0,-7.0,11.0,-7.0,11.0,-7.0,11.0
1.2758,98.0,33.0,22.0,0.0,0.0,0.0,0.0,0.0,0.0,0.0,0.0,0.0,18.0,-7.0,15.0,-6.0,12.0,-6.0,8.0,-6.0,4.0,-6.0,0.0,-6.0,-4.0,-6.0,-9.0,-5.0,-13.0,-4.0,-16.0,-4.0,-19.0,-3.0,-20.0,-1.0,-22.0,0.0,-23.0,3.0,-22.0,4.0,-22.0,6.0,-18.0,7.0,-17.0,7.0,-13.0,6.0,-9.0,5.0,-5.0,3.0,-1.0,0.0,3.0,-4.0,8.0,-8.0,11.0,-12.0,14.0,-16.0
1.2884,122.0,-96.0,7.0,0.0,0.0,0.0,0.0,0.0,0.0,0.0,0.0,0.0,12.0,-23.0,11.0,-21.0,9.0,-18.0,8.0,-14.0,7.0,-10.0,6.0,-5.0,6.0,0.0,6.0,6.0,6.0,11.0,8.0,16.0,8.0,20.0,10.0,23.0,12.0,25.0,13.0,27.0,14.0,27.0,15.0,26.0,15.0,25.0,13.0,22.0,12.0,19.0,9.0,15.0,5.0,12.0,1.0,8.0,-4.0,5.0,-8.0,2.0,-13.0,-1.0,-19.0,-2.0
1.301,122.0,-96.0,7.0,0.0,0.0,0.0,0.0,0.0,0.0,0.0,0.0,0.0,-11.0,7.0,-15.0,9.0,-18.0,11.0,-21.0,12.0,-23.0,15.0,-24.0,16.0,-24.0,17.0,-24.0,18.0,-23.0,18.0,-20.0,16.0,-17.0,13.0,-15.0,10.0,-12.0,6.0,-9.0,2.0,-6.0,-3.0,-5.0,-8.0,-3.0,-14.0,-2.0,-19.0,-2.0,-24.0,-2.0,-27.0,-3.0,-31.0,-3.0,-32.0,-5.0,-33.0,-5.0,-32.0,-7.0,-31.0,-6.0,-27.0
1.3146,122.0,-96.0,7.0,0.0,0.0,0.0,0.0,0.0,0.0,0.0,0.0,0.0,10.0,-9.0,9.0,-9.0,9.0,-9.0,10.0,-9.0,10.0,-10.0,10.0,-10.0,10.0,-10.0,10.0,-10.0,10.0,-10.0,10.0,-10.0,10.0,-10.0,10.0,-11.0,10.0,-11.0,10.0,-11.0,10.0,-11.0,10.0,-11.0,10.0,-11.0,10.0,-12.0,10.0,-12.0,10.0,-12.0,10.0,-12.0,10.0,-12.0,10.0,-13.0,10.0,-12.0,10.0,-13.0,10.0,-13.0
1.3291,122.0,-96.0,7.0,0.0,0.0,0.0,0.0,0.0,0.0,0.0,0.0,0.0,-7.0,10.0,-7.0,4.0,-7.0,-2.0,-8.0,-7.0,-9.0,-13.0,-11.0,-19.0,-13.0,-22.0,-15.0,-26.0,-17.0,-28.0,-19.0,-29.0,-20.0,-29.0,-20.0,-28.0,-20.0,-26.0,-20.0,-23.0,-17.0,-20.0,-13.0,-17.0,-9.0,-13.0,-3.0,-10.0,3.0,-8.0,8.0,-5.0,14.0,-4.0,20.0,-2.0,26.0,-3.0,30.0,-4.0,33.0,-4.0,35.0,-5.0
1.3425,122.0,-96.0,7.0,0.0,0.0,0.0,0.0,0.0,0.0,0.0,0.0,0.0,11.0,-20.0,10.0,-18.0,9.0,-16.0,7.0,-13.0,6.0,-9.0,5.0,-4.0,5.0,1.0,5.0,6.0,5.0,11.0,7.0,15.0,8.0,18.0,10.0,20.0,11.0,23.0,13.0,23.0,13.0,24.0,14.0,23.0,14.0,21.0,12.0,19.0,10.0,16.0,7.0,13.0,4.0,10.0,0.0,7.0,-5.0,4.0,-9.0,2.0,-13.0,0.0,-19.0,-1.0
1.3563,122.0,-96.0,7.0,0.0,0.0,0.0,0.0,0.0,0.0,0.0,0.0,0.0,-9.0,7.0,-7.0,2.0,-6.0,-3.0,-5.0,-8.0,-5.0,-13.0,-5.0,-18.0,-6.0,-21.0,-7.0,-25.0,-9.0,-28.0,-10.0,-29.0,-11.0,-29.0,-11.0,-28.0,-12.0,-26.0,-12.0,-24.0,-10.0,-21.0,-8.0,-17.0,-5.0,-13.0,-1.0,-10.0,4.0,-6.0,8.0,-3.0,13.0,0.0,18.0,2.0,22.0,2.0,26.0,2.0,29.0,2.0,30.0,2.0
1.3711,122.0,-96.0,7.0,0.0,0.0,0.0,0.0,0.0,0.0,0.0,0.0,0.0,6.0,-11.0,6.0,-5.0,6.0,1.0,7.0,6.0,9.0,12.0,12.0,17.0,14.0,21.0,16.0,24.0,19.0,26.0,20.0,26.0,21.0,26.0,21.0,24.0,21.0,22.0,20.0,19.0,16.0,16.0,12.0,12.0,6.0,10.0,1.0,8.0,-6.0,6.0,-11.0,5.0,-18.0,4.0,-23.0,5.0,-29.0,6.0,-32.0,8.0,-34.0,10.0,-34.0,10.0
1.3755,98.0,33.0,22.0,0.0,0.0,0.0,0.0,0.0,0.0,0.0,0.0,0.0,-8.0,-11.0,-9.0,-6.0,-11.0,0.0,-13.0,5.0,-16.0,10.0,-17.0,15.0,-18.0,19.0,-18.0,22.0,-17.0,24.0,-16.0,26.0,-14.0,27.0,-12.0,26.0,-9.0,25.0,-5.0,23.0,-2.0,18.0,0.0,13.0,1.0,8.0,2.0,1.0,2.0,-6.0,2.0,-13.0,1.0,-19.0,-1.0,-26.0,-3.0,-32.0,-5.0,-36.0,-8.0,-39.0,-9.0,-40.0
1.39,122.0,-96.0,7.0,0.0,0.0,0.0,0.0,0.0,0.0,0.0,0.0,0.0,4.0,11.0,4.0,10.0,4.0,10.0,4.0,11.0,5.0,11.0,4.0,11.0,4.0,11.0,6.0,11.0,5.0,11.0,5.0,11.0,5.0,11.0,6.0,11.0,6.0,12.0,6.0,11.0,6.0,11.0,6.0,11.0,6.0,12.0,6.0,12.0,6.0,11.0,6.0,11.0,6.0,12.0,7.0,12.0,7.0,11.0,7.0,12.0,7.0,12.0,7.0,12.0
1.4043,122.0,-96.0,7.0,0.0,0.0,0.0,0.0,0.0,0.0,0.0,0.0,0.0,-10.0,5.0,-8.0,1.0,-5.0,-4.0,-4.0,-9.0,-2.0,-14.0,-2.0,-19.0,-2.0,-23.0,-3.0,-26.0,-4.0,-29.0,-4.0,-30.0,-6.0,-30.0,-6.0,-29.0,-6.0,-28.0,-7.0,-25.0,-6.0,-21.0,-4.0,-17.0,-2.0,-13.0,2.0,-9.0,6.0,-4.0,9.0,0.0,14.0,3.0,18.0,6.0,22.0,8.0,26.0,9.0,28.0,9.0,30.0,9.0
1.4192,122.0,-96.0,7.0,0.0,0.0,0.0,0.0,0.0,0.0,0.0,0.0,0.0,18.0,-15.0,18.0,-17.0,19.0,-18.0,18.0,-18.0,17.0,-17.0,15.0,-16.0,13.0,-14.0,11.0,-11.0,8.0,-7.0,7.0,-2.0,4.0,2.0,3.0,7.0,3.0,13.0,2.0,16.0,2.0,20.0,2.0,23.0,3.0,25.0,4.0,27.0,4.0,27.0,5.0,27.0,5.0,25.0,5.0,22.0,5.0,19.0,3.0,15.0,1.0,10.0,-2.0,7.0
1.4332,122.0,-96.0,7.0,0.0,0.0,0.0,0.0,0.0,0.0,0.0,0.0,0.0,7.0,-25.0,6.0,-23.0,5.0,-19.0,5.0,-15.0,4.0,-10.0,5.0,-5.0,6.0,0.0,7.0,5.0,9.0,10.0,11.0,15.0,14.0,18.0,16.0,20.0,18.0,22.0,20.0,23.0,20.0,23.0,20.0,21.0,19.0,19.0,17.0,17.0,14.0,14.0,10.0,12.0,6.0,9.0,0.0,7.0,-6.0,5.0,-11.0,3.0,-16.0,2.0,-22.0,3.0
1.4475,122.0,-96.0,7.0,0.0,0.0,0.0,0.0,0.0,0.0,0.0,0.0,0.0,1.0,28.0,1.0,25.0,0.0,21.0,0.0,17.0,-2.0,12.0,-5.0,6.0,-8.0,1.0,-12.0,-3.0,-15.0,-8.0,-19.0,-11.0,-23.0,-14.0,-26.0,-16.0,-29.0,-17.0,-31.0,-17.0,-32.0,-16.0,-31.0,-15.0,-30.0,-13.0,-26.0,-11.0,-22.0,-9.0,-17.0,-8.0,-11.0,-8.0,-4.0,-7.0,3.0,-8.0,9.0,-9.0,15.0,-10.0,20.0,-13.0
1.4626,122.0,-96.0,7.0,0.0,0.0,0.0,0.0,0.0,0.0,0.0,0.0,0.0,-24.0,-2.0,-21.0,-2.0,-18.0,-2.0,-15.0,-3.0,-11.0,-3.0,-6.0,-5.0,-2.0,-6.0,3.0,-8.0,6.0,-11.0,10.0,-14.0,12.0,-16.0,14.0,-18.0,16.0,-21.0,16.0,-23.0,16.0,-23.0,14.0,-23.0,13.0,-22.0,12.0,-20.0,10.0,-17.0,8.0,-14.0,7.0,-9.0,6.0,-4.0,5.0,1.0,5.0,6.0,5.0,11.0,7.0,16.0
1.4756,122.0,-96.0,7.0,0.0,0.0,0.0,0.0,0.0,0.0,0.0,0.0,0.0,10.0,3.0,5.0,4.0,1.0,6.0,-4.0,7.0,-9.0,10.0,-12.0,13.0,-15.0,16.0,-18.0,18.0,-19.0,21.0,-19.0,23.0,-18.0,24.0,-17.0,24.0,-16.0,23.0,-13.0,23.0,-12.0,19.0,-10.0,15.0,-9.0,10.0,-8.0,5.0,-7.0,-1.0,-7.0,-6.0,-8.0,-12.0,-9.0,-17.0,-11.0,-21.0,-13.0,-24.0,-15.0,-26.0,-16.0,-27.0
1.4895,122.0,-96.0,7.0,0.0,0.0,0.0,0.0,0.0,0.0,0.0,0.0,0.0,-4.0,-15.0,-4.0,-15.0,-4.0,-15.0,-5.0,-16.0,-4.0,-15.0,-5.0,-16.0,-5.0,-15.0,-5.0,-16.0,-5.0,-16.0,-5.0,-16.0,-5.0,-16.0,-5.0,-16.0,-6.0,-16.0,-6.0,-17.0,-6.0,-16.0,-6.0,-17.0,-6.0,-17.0,-6.0,-17.0,-6.0,-17.0,-6.0,-17.0,-6.0,-17.0,-6.0,-17.0,-7.0,-17.0,-7.0,-17.0,-7.0,-17.0,-8.0,-17.0
1.5013,122.0,-96.0,7.0,0.0,0.0,0.0,0.0,0.0,0.0,0.0,0.0,0.0,0.0,17.0,0.0,18.0,0.0,18.0,0.0,18.0,0.0,18.0,1.0,19.0,1.0,19.0,1.0,19.0,1.0,19.0,1.0,19.0,1.0,19.0,1.0,19.0,1.0,19.0,1.0,20.0,1.0,20.0,1.0,19.0,1.0,20.0,2.0,20.0,2.0,20.0,2.0,20.0,2.0,20.0,2.0,20.0,2.0,20.0,2.0,20.0,2.0,20.0,3.0,20.0
1.505,98.0,33.0,22.0,0.0,0.0,0.0,0.0,0.0,0.0,0.0,0.0,0.0,-17.0,-19.0,-15.0,-16.0,-13.0,-12.0,-12.0,-8.0,-9.0,-3.0,-7.0,2.0,-5.0,7.0,-2.0,11.0,1.0,16.0,3.0,18.0,6.0,21.0,8.0,23.0,11.0,24.0,14.0,23.0,15.0,22.0,16.0,20.0,16.0,18.0,16.0,15.0,13.0,11.0,10.0,7.0,6.0,3.0,0.0,0.0,-6.0,-3.0,-12.0,-6.0,-18.0,-9.0,-25.0,-11.0
1.5196,122.0,-96.0,7.0,0.0,0.0,0.0,0.0,0.0,0.0,0.0,0.0,0.0,11.0,-5.0,16.0,-6.0,20.0,-7.0,23.0,-8.0,25.0,-10.0,27.0,-11.0,27.0,-12.0,26.0,-13.0,25.0,-13.0,22.0,-11.0,18.0,-9.0,15.0,-6.0,11.0,-4.0,8.0,0.0,4.0,4.0,1.0,9.0,-1.0,14.0,-4.0,18.0,-4.0,23.0,-5.0,27.0,-5.0,30.0,-4.0,31.0,-3.0,32.0,-2.0,31.0,-1.0,29.0,0.0,26.0
1.5339,122.0,-96.0,7.0,0.0,0.0,0.0,0.0,0.0,0.0,0.0,0.0,0.0,11.0,-3.0,15.0,-3.0,18.0,-3.0,21.0,-4.0,24.0,-4.0,25.0,-6.0,26.0,-7.0,25.0,-8.0,24.0,-8.0,21.0,-7.0,18.0,-5.0,15.0,-4.0,11.0,-2.0,7.0,1.0,4.0,4.0,0.0,7.0,-2.0,11.0,-5.0,15.0,-6.0,19.0,-7.0,23.0,-8.0,25.0,-7.0,27.0,-7.0,28.0,-6.0,27.0,-5.0,27.0,-4.0,24.0
1.5476,122.0,-96.0,7.0,0.0,0.0,0.0,0.0,0.0,0.0,0.0,0.0,0.0,12.0,-21.0,12.0,-23.0,12.0,-23.0,11.0,-23.0,10.0,-22.0,9.0,-20.0,8.0,-18.0,7.0,-14.0,6.0,-10.0,6.0,-5.0,5.0,0.0,6.0,5.0,6.0,10.0,7.0,14.0,8.0,18.0,9.0,21.0,10.0,23.0,12.0,25.0,13.0,25.0,13.0,24.0,13.0,23.0,12.0,21.0,11.0,18.0,9.0,14.0,5.0,11.0,2.0,8.0
1.5617,122.0,-96.0,7.0,0.0,0.0,0.0,0.0,0.0,0.0,0.0,0.0,0.0,0.0,12.0,0.0,13.0,-1.0,13.0,0.0,13.0,0.0,14.0,0.0,14.0,0.0,14.0,0.0,14.0,0.0,14.0,0.0,14.0,0.0,14.0,0.0,15.0,0.0,14.0,1.0,14.0,0.0,14.0,0.0,14.0,1.0,15.0,1.0,14.0,1.0,15.0,1.0,15.0,1.0,15.0,1.0,15.0,1.0,15.0,1.0,15.0,1.0,15.0,2.0,15.0
1.5768,122.0,-96.0,7.0,0.0,0.0,0.0,0.0,0.0,0.0,0.0,0.0,0.0,-11.0,-21.0,-10.0,-19.0,-9.0,-17.0,-6.0,-14.0,-4.0,-11.0,0.0,-7.0,4.0,-4.0,8.0,-2.0,12.0,0.0,16.0,2.0,19.0,3.0,22.0,3.0,25.0,3.0,27.0,2.0,27.0,2.0,27.0,0.0,25.0,0.0,23.0,0.0,19.0,0.0,15.0,0.0,11.0,1.0,6.0,3.0,1.0,5.0,-4.0,8.0,-8.0,10.0,-11.0,14.0
1.5915,122.0,-96.0,7.0,0.0,0.0,0.0,0.0,0.0,0.0,0.0,0.0,0.0,8.0,8.0,10.0,11.0,12.0,14.0,14.0,16.0,16.0,18.0,17.0,19.0,18.0,18.0,18.0,18.0,17.0,17.0,16.0,14.0,12.0,12.0,9.0,10.0,6.0,8.0,1.0,6.0,-4.0,4.0,-9.0,4.0,-14.0,3.0,-18.0,3.0,-23.0,3.0,-26.0,4.0,-28.0,5.0,-28.0,6.0,-28.0,7.0,-27.0,7.0,-25.0,8.0,-22.0,7.0
1.6071,122.0,-96.0,7.0,0.0,0.0,0.0,0.0,0.0,0.0,0.0,0.0,0.0,-9.0,-20.0,-10.0,-21.0,-10.0,-21.0,-10.0,-21.0,-10.0,-19.0,-10.0,-18.0,-8.0,-16.0,-6.0,-13.0,-4.0,-10.0,0.0,-7.0,3.0,-4.0,7.0,-2.0,11.0,0.0,15.0,1.0,18.0,3.0,21.0,3.0,23.0,3.0,24.0,3.0,25.0,2.0,24.0,2.0,23.0,1.0,21.0,1.0,18.0,0.0,14.0,1.0,9.0,1.0,5.0,2.0
1.6106,98.0,33.0,22.0,0.0,0.0,0.0,0.0,0.0,0.0,0.0,0.0,0.0,6.0,15.0,9.0,18.0,11.0,19.0,14.0,20.0,16.0,21.0,17.0,21.0,18.0,19.0,18.0,17.0,17.0,14.0,16.0,11.0,13.0,7.0,11.0,3.0,7.0,0.0,3.0,-4.0,-2.0,-7.0,-6.0,-9.0,-13.0,-10.0,-18.0,-11.0,-23.0,-12.0,-27.0,-11.0,-31.0,-10.0,-33.0,-9.0,-33.0,-6.0,-31.0,-6.0,-30.0,-4.0,-28.0,-3.0
1.6243,122.0,-96.0,7.0,0.0,0.0,0.0,0.0,0.0,0.0,0.0,0.0,0.0,-22.0,-10.0,-24.0,-10.0,-24.0,-9.0,-24.0,-9.0,-23.0,-8.0,-21.0,-7.0,-18.0,-7.0,-14.0,-6.0,-9.0,-6.0,-4.0,-6.0,1.0,-6.0,6.0,-7.0,10.0,-9.0,14.0,-11.0,18.0,-12.0,20.0,-14.0,22.0,-16.0,22.0,-16.0,23.0,-17.0,21.0,-17.0,20.0,-16.0,17.0,-15.0,14.0,-12.0,11.0,-9.0,8.0,-5.0,5.0,-1.0
1.6376,122.0,-96.0,7.0,0.0,0.0,0.0,0.0,0.0,0.0,0.0,0.0,0.0,-18.0,-16.0,-20.0,-17.0,-20.0,-16.0,-20.0,-16.0,-19.0,-15.0,-18.0,-14.0,-15.0,-12.0,-12.0,-10.0,-8.0,-9.0,-3.0,-7.0,2.0,-6.0,7.0,-6.0,12.0,-5.0,16.0,-5.0,20.0,-6.0,23.0,-6.0,25.0,-7.0,26.0,-8.0,27.0,-9.0,26.0,-9.0,24.0,-9.0,21.0,-9.0,18.0,-8.0,14.0,-5.0,10.0,-3.0,7.0,0.0
1.6522,122.0,-96.0,7.0,0.0,0.0,0.0,0.0,0.0,0.0,0.0,0.0,0.0,3.0,-12.0,4.0,-6.0,7.0,-1.0,9.0,4.0,12.0,9.0,16.0,13.0,19.0,16.0,22.0,18.0,25.0,19.0,26.0,19.0,27.0,19.0,27.0,17.0,26.0,15.0,24.0,13.0,20.0,11.0,15.0,9.0,9.0,8.0,3.0,7.0,-4.0,7.0,-10.0,8.0,-16.0,10.0,-21.0,12.0,-25.0,14.0,-28.0,16.0,-30.0,19.0,-30.0,20.0
1.6668,122.0,-96.0,7.0,0.0,0.0,0.0,0.0,0.0,0.0,0.0,0.0,0.0,21.0,-1.0,22.0,-2.0,22.0,-2.0,22.0,-2.0,20.0,-3.0,19.0,-3.0,16.0,-2.0,13.0,-1.0,9.0,0.0,6.0,2.0,2.0,4.0,-2.0,7.0,-5.0,10.0,-8.0,13.0,-10.0,16.0,-11.0,18.0,-12.0,20.0,-13.0,21.0,-12.0,22.0,-11.0,22.0,-10.0,21.0,-9.0,19.0,-7.0,16.0,-6.0,12.0,-5.0,8.0,-5.0,4.0
1.6815,122.0,-96.0,7.0,0.0,0.0,0.0,0.0,0.0,0.0,0.0,0.0,0.0,10.0,-18.0,10.0,-21.0,10.0,-21.0,9.0,-21.0,8.0,-20.0,8.0,-18.0,7.0,-16.0,6.0,-12.0,5.0,-9.0,5.0,-4.0,5.0,0.0,5.0,5.0,6.0,9.0,7.0,13.0,8.0,16.0,9.0,18.0,11.0,20.0,12.0,21.0,13.0,22.0,13.0,21.0,13.0,19.0,11.0,17.0,10.0,14.0,7.0,12.0,4.0,8.0,1.0,6.0
1.6951,122.0,-96.0,7.0,0.0,0.0,0.0,0.0,0.0,0.0,0.0,0.0,0.0,8.0,-10.0,8.0,-11.0,8.0,-11.0,8.0,-11.0,8.0,-11.0,9.0,-12.0,9.0,-12.0,8.0,-12.0,8.0,-12.0,9.0,-12.0,9.0,-12.0,9.0,-12.0,9.0,-12.0,8.0,-12.0,9.0,-12.0,9.0,-12.0,8.0,-13.0,9.0,-13.0,9.0,-13.0,8.0,-13.0,9.0,-13.0,8.0,-13.0,9.0,-14.0,8.0,-13.0,9.0,-13.0,9.0,-13.0
1.7116,122.0,-96.0,7.0,0.0,0.0,0.0,0.0,0.0,0.0,0.0,0.0,0.0,3.0,-11.0,4.0,-7.0,6.0,-2.0,7.0,3.0,10.0,7.0,13.0,11.0,15.0,14.0,18.0,17.0,20.0,18.0,22.0,18.0,23.0,17.0,24.0,16.0,23.0,15.0,22.0,13.0,19.0,11.0,15.0,9.0,10.0,8.0,5.0,7.0,-1.0,6.0,-7.0,6.0,-12.0,6.0,-17.0,7.0,-21.0,9.0,-24.0,11.0,-27.0,13.0,-28.0,15.0
1.722,122.0,-96.0,7.0,0.0,0.0,0.0,0.0,0.0,0.0,0.0,0.0,0.0,-11.0,3.0,-15.0,3.0,-18.0,4.0,-21.0,4.0,-24.0,5.0,-26.0,7.0,-25.0,7.0,-25.0,8.0,-24.0,9.0,-21.0,8.0,-19.0,6.0,-16.0,4.0,-12.0,2.0,-9.0,-1.0,-5.0,-4.0,-2.0,-8.0,0.0,-13.0,3.0,-17.0,4.0,-21.0,5.0,-24.0,5.0,-27.0,5.0,-28.0,4.0,-29.0,4.0,-29.0,2.0,-28.0,1.0,-25.0
1.7355,122.0,-96.0,7.0,0.0,0.0,0.0,0.0,0.0,0.0,0.0,0.0,0.0,20.0,-10.0,18.0,-9.0,16.0,-8.0,13.0,-6.0,9.0,-3.0,6.0,0.0,3.0,4.0,1.0,9.0,-1.0,13.0,-2.0,17.0,-3.0,20.0,-4.0,23.0,-3.0,25.0,-2.0,27.0,-2.0,27.0,-1.0,26.0,0.0,25.0,0.0,22.0,0.0,18.0,-1.0,14.0,-2.0,9.0,-5.0,5.0,-7.0,0.0,-10.0,-4.0,-13.0,-8.0,-17.0,-11.0
1.7493,122.0,-96.0,7.0,0.0,0.0,0.0,0.0,0.0,0.0,0.0,0.0,0.0,26.0,3.0,27.0,2.0,28.0,2.0,27.0,1.0,26.0,1.0,23.0,0.0,20.0,0.0,16.0,1.0,12.0,2.0,7.0,4.0,2.0,6.0,-4.0,8.0,-8.0,12.0,-11.0,15.0,-15.0,17.0,-17.0,20.0,-19.0,22.0,-20.0,24.0,-18.0,25.0,-18.0,25.0,-17.0,24.0,-14.0,22.0,-13.0,19.0,-10.0,14.0,-8.0,9.0,-7.0,4.0
1.763,122.0,-96.0,7.0,0.0,0.0,0.0,0.0,0.0,0.0,0.0,0.0,0.0,10.0,4.0,5.0,4.0,0.0,6.0,-5.0,8.0,-10.0,10.0,-13.0,13.0,-16.0,16.0,-18.0,19.0,-19.0,21.0,-19.0,22.0,-19.0,23.0,-17.0,23.0,-15.0,22.0,-13.0,21.0,-11.0,17.0,-9.0,13.0,-8.0,8.0,-8.0,2.0,-7.0,-4.0,-8.0,-9.0,-9.0,-14.0,-10.0,-19.0,-13.0,-23.0,-15.0,-25.0,-17.0,-27.0,-18.0,-27.0
1.7766,122.0,-96.0,7.0,0.0,0.0,0.0,0.0,0.0,0.0,0.0,0.0,0.0,4.0,10.0,0.0,6.0,-4.0,4.0,-9.0,2.0,-14.0,0.0,-19.0,-1.0,-22.0,-1.0,-26.0,-1.0,-29.0,-1.0,-30.0,0.0,-31.0,2.0,-30.0,3.0,-28.0,3.0,-26.0,4.0,-22.0,3.0,-17.0,2.0,-13.0,0.0,-9.0,-3.0,-4.0,-7.0,0.0,-10.0,4.0,-14.0,7.0,-18.0,8.0,-23.0,9.0,-27.0,9.0,-29.0,9.0,-30.0
1.79,122.0,-96.0,7.0,0.0,0.0,0.0,0.0,0.0,0.0,0.0,0.0,0.0,-5.0,-13.0,-5.0,-13.0,-5.0,-13.0,-5.0,-13.0,-5.0,-14.0,-6.0,-14.0,-6.0,-14.0,-6.0,-14.0,-6.0,-14.0,-6.0,-14.0,-6.0,-14.0,-6.0,-14.0,-6.0,-14.0,-7.0,-14.0,-7.0,-14.0,-7.0,-14.0,-7.0,-15.0,-7.0,-15.0,-7.0,-14.0,-8.0,-15.0,-7.0,-15.0,-7.0,-15.0,-8.0,-14.0,-8.0,-15.0,-8.0,-15.0,-8.0,-15.0
1.8027,122.0,-96.0,7.0,0.0,0.0,0.0,0.0,0.0,0.0,0.0,0.0,0.0,1.0,11.0,1.0,15.0,1.0,18.0,1.0,21.0,1.0,24.0,2.0,25.0,3.0,26.0,4.0,25.0,4.0,24.0,4.0,21.0,2.0,18.0,1.0,14.0,0.0,11.0,-3.0,6.0,-6.0,2.0,-9.0,-1.0,-13.0,-5.0,-16.0,-7.0,-20.0,-9.0,-23.0,-10.0,-26.0,-11.0,-27.0,-10.0,-28.0,-10.0,-27.0,-9.0,-26.0,-7.0,-24.0,-6.0
1.8167,122.0,-96.0,7.0,0.0,0.0,0.0,0.0,0.0,0.0,0.0,0.0,0.0,3.0,-13.0,2.0,-13.0,3.0,-14.0,3.0,-14.0,3.0,-14.0,3.0,-14.0,2.0,-14.0,2.0,-15.0,3.0,-14.0,3.0,-15.0,2.0,-15.0,3.0,-15.0,3.0,-15.0,2.0,-15.0,2.0,-15.0,3.0,-15.0,1.0,-15.0,2.0,-16.0,2.0,-16.0,2.0,-16.0,2.0,-16.0,2.0,-16.0,2.0,-16.0,2.0,-16.0,2.0,-16.0,2.0,-16.0
1.8323,122.0,-96.0,7.0,0.0,0.0,0.0,0.0,0.0,0.0,0.0,0.0,0.0,-1.0,-14.0,-1.0,-14.0,-1.0,-14.0,-1.0,-14.0,-1.0,-14.0,-1.0,-15.0,-1.0,-15.0,-2.0,-15.0,-1.0,-14.0,-1.0,-15.0,-2.0,-15.0,-1.0,-15.0,-1.0,-16.0,-2.0,-16.0,-2.0,-15.0,-2.0,-16.0,-2.0,-16.0,-2.0,-16.0,-2.0,-16.0,-3.0,-16.0,-3.0,-16.0,-3.0,-16.0,-3.0,-16.0,-2.0,-16.0,-3.0,-16.0,-3.0,-16.0
1.8361,-120.0,-126.0,40.0,0.0,0.0,0.0,0.0,0.0,0.0,0.0,0.0,0.0,16.0,-18.0,13.0,-18.0,14.0,-17.0,11.0,-19.0,9.0,-15.0,9.0,-15.0,5.0,-10.0,2.0,-9.0,0.0,-8.0,-4.0,-2.0,-5.0,-1.0,-8.0,3.0,-11.0,7.0,-12.0,11.0,-12.0,14.0,-12.0,17.0,-11.0,20.0,-10.0,21.0,-8.0,23.0,-6.0,22.0,-5.0,21.0,-4.0,18.0,-3.0,15.0,-2.0,10.0,-2.0,5.0,-3.0,-1.0
1.8515,122.0,-96.0,7.0,0.0,0.0,0.0,0.0,0.0,0.0,0.0,0.0,0.0,0.0,-26.0,0.0,-24.0,0.0,-21.0,1.0,-16.0,2.0,-12.0,3.0,-7.0,6.0,-3.0,9.0,2.0,12.0,6.0,15.0,9.0,18.0,11.0,21.0,13.0,24.0,14.0,26.0,14.0,27.0,14.0,27.0,13.0,25.0,11.0,23.0,10.0,20.0,8.0,15.0,7.0,10.0,6.0,4.0,6.0,-2.0,7.0,-7.0,7.0,-12.0,8.0,-17.0,10.0
1.8657,122.0,-96.0,7.0,0.0,0.0,0.0,0.0,0.0,0.0,0.0,0.0,0.0,7.0,-9.0,6.0,-9.0,6.0,-9.0,7.0,-9.0,6.0,-9.0,6.0,-10.0,6.0,-10.0,6.0,-10.0,7.0,-10.0,6.0,-10.0,6.0,-10.0,7.0,-10.0,6.0,-10.0,6.0,-10.0,6.0,-11.0,7.0,-11.0,6.0,-11.0,6.0,-11.0,6.0,-11.0,6.0,-11.0,6.0,-11.0,6.0,-11.0,6.0,-12.0,6.0,-11.0,5.0,-12.0,6.0,-12.0
1.8801,122.0,-96.0,7.0,0.0,0.0,0.0,0.0,0.0,0.0,0.0,0.0,0.0,-3.0,-13.0,1.0,-8.0,5.0,-5.0,9.0,-1.0,15.0,1.0,20.0,4.0,24.0,5.0,28.0,6.0,31.0,5.0,33.0,5.0,33.0,3.0,32.0,2.0,30.0,1.0,28.0,0.0,23.0,0.0,19.0,1.0,13.0,2.0,8.0,4.0,2.0,7.0,-4.0,10.0,-9.0,14.0,-12.0,18.0,-15.0,22.0,-17.0,26.0,-17.0,29.0,-17.0,30.0
1.8947,122.0,-96.0,7.0,0.0,0.0,0.0,0.0,0.0,0.0,0.0,0.0,0.0,13.0,-16.0,13.0,-16.0,13.0,-16.0,13.0,-16.0,13.0,-17.0,13.0,-17.0,12.0,-18.0,13.0,-18.0,13.0,-18.0,13.0,-19.0,13.0,-18.0,13.0,-18.0,13.0,-19.0,13.0,-19.0,13.0,-19.0,13.0,-19.0,13.0,-19.0,13.0,-19.0,12.0,-19.0,12.0,-20.0,12.0,-20.0,12.0,-20.0,12.0,-21.0,12.0,-20.0,12.0,-20.0,12.0,-20.0
1.9075,122.0,-96.0,7.0,0.0,0.0,0.0,0.0,0.0,0.0,0.0,0.0,0.0,-18.0,1.0,-19.0,1.0,-18.0,1.0,-19.0,1.0,-19.0,2.0,-20.0,1.0,-20.0,1.0,-20.0,2.0,-20.0,2.0,-20.0,2.0,-20.0,2.0,-20.0,1.0,-20.0,2.0,-20.0,2.0,-20.0,2.0,-20.0,2.0,-21.0,2.0,-20.0,2.0,-21.0,2.0,-21.0,2.0,-21.0,2.0,-21.0,3.0,-21.0,2.0,-21.0,3.0,-21.0,2.0,-21.0,3.0
1.9208,122.0,-96.0,7.0,0.0,0.0,0.0,0.0,0.0,0.0,0.0,0.0,0.0,7.0,-9.0,7.0,-10.0,8.0,-9.0,8.0,-10.0,7.0,-10.0,8.0,-10.0,8.0,-10.0,8.0,-11.0,8.0,-10.0,8.0,-11.0,8.0,-11.0,8.0,-11.0,8.0,-11.0,8.0,-11.0,8.0,-12.0,8.0,-11.0,8.0,-11.0,8.0,-11.0,8.0,-12.0,8.0,-12.0,8.0,-12.0,8.0,-11.0,8.0,-12.0,8.0,-12.0,8.0,-12.0,8.0,-12.0
1.9346,122.0,-96.0,7.0,0.0,0.0,0.0,0.0,0.0,0.0,0.0,0.0,0.0,6.0,-11.0,10.0,-14.0,13.0,-17.0,15.0,-20.0,16.0,-22.0,17.0,-24.0,16.0,-25.0,15.0,-25.0,14.0,-24.0,12.0,-21.0,10.0,-17.0,9.0,-13.0,8.0,-9.0,7.0,-3.0,6.0,2.0,6.0,8.0,7.0,13.0,7.0,18.0,9.0,22.0,10.0,25.0,12.0,28.0,13.0,28.0,14.0,28.0,14.0,26.0,14.0,24.0,13.0,21.0
1.9486,122.0,-96.0,7.0,0.0,0.0,0.0,0.0,0.0,0.0,0.0,0.0,0.0,-24.0,1.0,-25.0,2.0,-26.0,2.0,-25.0,2.0,-24.0,3.0,-22.0,3.0,-19.0,2.0,-15.0,1.0,-11.0,-1.0,-7.0,-4.0,-3.0,-6.0,1.0,-10.0,4.0,-13.0,7.0,-16.0,9.0,-20.0,10.0,-22.0,11.0,-24.0,11.0,-25.0,10.0,-27.0,9.0,-26.0,8.0,-24.0,7.0,-22.0,6.0,-19.0,5.0,-14.0,4.0,-9.0,5.0,-4.0
1.9534,98.0,33.0,22.0,0.0,0.0,0.0,0.0,0.0,0.0,0.0,0.0,0.0,-5.0,-26.0,-8.0,-28.0,-3.0,-19.0,-6.0,-18.0,-5.0,-12.0,-9.0,-3.0,-10.0,1.0,-9.0,7.0,-7.0,11.0,-5.0,15.0,-3.0,21.0,-3.0,21.0,-3.0,23.0,-1.0,27.0,2.0,26.0,6.0,27.0,5.0,25.0,5.0,21.0,6.0,17.0,4.0,12.0,4.0,8.0,0.0,0.0,-4.0,-6.0,-8.0,-11.0,-11.0,-16.0,-17.0,-20.0
1.9679,122.0,-96.0,7.0,0.0,0.0,0.0,0.0,0.0,0.0,0.0,0.0,0.0,-15.0,-22.0,-17.0,-23.0,-18.0,-23.0,-17.0,-22.0,-17.0,-20.0,-16.0,-18.0,-14.0,-16.0,-10.0,-14.0,-6.0,-11.0,-1.0,-8.0,4.0,-6.0,9.0,-4.0,15.0,-3.0,19.0,-2.0,23.0,-2.0,26.0,-2.0,29.0,-3.0,30.0,-3.0,30.0,-4.0,29.0,-5.0,27.0,-5.0,24.0,-5.0,20.0,-4.0,15.0,-3.0,10.0,-1.0,6.0,2.0
1.9811,122.0,-96.0,7.0,0.0,0.0,0.0,0.0,0.0,0.0,0.0,0.0,0.0,15.0,-14.0,16.0,-16.0,16.0,-16.0,16.0,-16.0,14.0,-16.0,13.0,-14.0,11.0,-13.0,10.0,-10.0,8.0,-6.0,6.0,-2.0,4.0,2.0,3.0,6.0,3.0,11.0,2.0,14.0,3.0,18.0,3.0,20.0,3.0,23.0,4.0,24.0,5.0,25.0,5.0,24.0,5.0,22.0,5.0,20.0,4.0,17.0,3.0,13.0,1.0,9.0,-1.0,6.0
1.9947,122.0,-96.0,7.0,0.0,0.0,0.0,0.0,0.0,0.0,0.0,0.0,0.0,22.0,4.0,20.0,4.0,17.0,3.0,13.0,3.0,9.0,3.0,5.0,4.0,0.0,6.0,-5.0,7.0,-9.0,10.0,-12.0,12.0,-15.0,14.0,-17.0,15.0,-19.0,18.0,-19.0,20.0,-19.0,20.0,-17.0,20.0,-16.0,19.0,-14.0,17.0,-12.0,14.0,-10.0,11.0,-8.0,6.0,-7.0,1.0,-6.0,-4.0,-5.0,-9.0,-5.0,-14.0,-6.0,-19.0
2.0077,122.0,-96.0,7.0,0.0,0.0,0.0,0.0,0.0,0.0,0.0,0.0,0.0,4.0,-13.0,4.0,-13.0,4.0,-13.0,4.0,-13.0,4.0,-13.0,4.0,-13.0,4.0,-14.0,4.0,-14.0,4.0,-14.0,4.0,-14.0,4.0,-14.0,5.0,-15.0,4.0,-14.0,4.0,-15.0,4.0,-15.0,4.0,-15.0,3.0,-15.0,4.0,-16.0,4.0,-15.0,3.0,-16.0,3.0,-15.0,3.0,-15.0,3.0,-16.0,3.0,-16.0,3.0,-16.0,3.0,-16.0
2.0208,122.0,-96.0,7.0,0.0,0.0,0.0,0.0,0.0,0.0,0.0,0.0,0.0,-11.0,6.0,-15.0,8.0,-19.0,9.0,-22.0,10.0,-24.0,12.0,-26.0,14.0,-25.0,15.0,-25.0,15.0,-23.0,15.0,-21.0,13.0,-18.0,11.0,-15.0,8.0,-12.0,5.0,-9.0,0.0,-6.0,-4.0,-4.0,-10.0,-2.0,-15.0,0.0,-19.0,0.0,-24.0,0.0,-28.0,-1.0,-31.0,-1.0,-32.0,-2.0,-32.0,-3.0,-31.0,-4.0,-30.0,-4.0,-27.0
2.0336,122.0,-96.0,7.0,0.0,0.0,0.0,0.0,0.0,0.0,0.0,0.0,0.0,3.0,12.0,3.0,16.0,4.0,20.0,4.0,23.0,6.0,26.0,7.0,27.0,8.0,27.0,8.0,27.0,8.0,25.0,7.0,22.0,6.0,19.0,3.0,15.0,1.0,11.0,-3.0,7.0,-6.0,3.0,-11.0,0.0,-16.0,-3.0,-20.0,-6.0,-24.0,-7.0,-28.0,-8.0,-30.0,-8.0,-31.0,-7.0,-32.0,-6.0,-30.0,-5.0,-29.0,-4.0,-26.0,-3.0
2.0466,122.0,-96.0,7.0,0.0,0.0,0.0,0.0,0.0,0.0,0.0,0.0,0.0,-10.0,-11.0,-12.0,-16.0,-14.0,-20.0,-16.0,-23.0,-19.0,-25.0,-21.0,-26.0,-22.0,-26.0,-23.0,-24.0,-22.0,-24.0,-20.0,-21.0,-17.0,-18.0,-13.0,-16.0,-9.0,-13.0,-4.0,-10.0,1.0,-7.0,7.0,-6.0,14.0,-6.0,19.0,-5.0,25.0,-5.0,28.0,-6.0,32.0,-8.0,34.0,-8.0,34.0,-10.0,33.0,-10.0,32.0,-12.0,28.0,-11.0
2.0636,122.0,-96.0,7.0,0.0,0.0,0.0,0.0,0.0,0.0,0.0,0.0,0.0,-6.0,-11.0,-2.0,-8.0,3.0,-5.0,8.0,-4.0,13.0,-3.0,18.0,-3.0,21.0,-3.0,25.0,-4.0,27.0,-5.0,29.0,-6.0,28.0,-7.0,27.0,-8.0,26.0,-8.0,24.0,-9.0,20.0,-7.0,16.0,-5.0,12.0,-2.0,8.0,1.0,4.0,5.0,0.0,9.0,-2.0,14.0,-5.0,19.0,-6.0,23.0,-6.0,26.0,-6.0,29.0,-5.0,30.0
2.0779,122.0,-96.0,7.0,0.0,0.0,0.0,0.0,0.0,0.0,0.0,0.0,0.0,9.0,-7.0,8.0,-7.0,9.0,-6.0,8.0,-6.0,8.0,-6.0,8.0,-6.0,9.0,-7.0,10.0,-8.0,8.0,-7.0,9.0,-8.0,8.0,-8.0,9.0,-8.0,9.0,-8.0,9.0,-8.0,9.0,-8.0,9.0,-8.0,9.0,-8.0,9.0,-9.0,9.0,-9.0,9.0,-9.0,9.0,-9.0,9.0,-8.0,9.0,-9.0,9.0,-9.0,9.0,-9.0,9.0,-9.0
2.0907,122.0,-96.0,7.0,0.0,0.0,0.0,0.0,0.0,0.0,0.0,0.0,0.0,-4.0,12.0,-5.0,6.0,-7.0,1.0,-10.0,-3.0,-13.0,-8.0,-17.0,-12.0,-20.0,-15.0,-24.0,-17.0,-27.0,-18.0,-28.0,-19.0,-29.0,-18.0,-29.0,-17.0,-28.0,-15.0,-26.0,-13.0,-22.0,-11.0,-17.0,-9.0,-12.0,-8.0,-6.0,-8.0,0.0,-8.0,6.0,-9.0,12.0,-11.0,17.0,-13.0,22.0,-15.0,25.0,-18.0,27.0,-20.0,27.0,-22.0
2.1062,122.0,-96.0,7.0,0.0,0.0,0.0,0.0,0.0,0.0,0.0,0.0,0.0,-6.0,-11.0,-6.0,-11.0,-6.0,-11.0,-7.0,-11.0,-7.0,-11.0,-7.0,-11.0,-7.0,-11.0,-8.0,-11.0,-7.0,-11.0,-8.0,-11.0,-8.0,-11.0,-7.0,-12.0,-8.0,-11.0,-8.0,-12.0,-8.0,-11.0,-8.0,-12.0,-8.0,-12.0,-9.0,-11.0,-9.0,-11.0,-9.0,-12.0,-9.0,-12.0,-9.0,-12.0,-9.0,-11.0,-9.0,-12.0,-9.0,-11.0,-10.0,-11.0
2.1197,122.0,-96.0,7.0,0.0,0.0,0.0,0.0,0.0,0.0,0.0,0.0,0.0,10.0,-1.0,6.0,1.0,3.0,4.0,0.0,9.0,-3.0,13.0,-5.0,17.0,-6.0,21.0,-7.0,25.0,-7.0,27.0,-6.0,28.0,-5.0,29.0,-3.0,28.0,-3.0,26.0,-1.0,24.0,-2.0,20.0,-2.0,15.0,-4.0,11.0,-5.0,5.0,-8.0,0.0,-11.0,-4.0,-14.0,-8.0,-18.0,-12.0,-21.0,-13.0,-25.0,-14.0,-27.0,-15.0,-28.0,-15.0
2.1339,122.0,-96.0,7.0,0.0,0.0,0.0,0.0,0.0,0.0,0.0,0.0,0.0,10.0,-4.0,10.0,-4.0,10.0,-4.0,10.0,-4.0,10.0,-4.0,10.0,-4.0,10.0,-5.0,10.0,-4.0,10.0,-4.0,10.0,-5.0,11.0,-5.0,11.0,-5.0,11.0,-5.0,11.0,-5.0,11.0,-5.0,11.0,-5.0,11.0,-5.0,10.0,-5.0,11.0,-5.0,11.0,-6.0,11.0,-6.0,11.0,-5.0,11.0,-6.0,11.0,-6.0,11.0,-6.0,11.0,-6.0
2.1472,122.0,-96.0,7.0,0.0,0.0,0.0,0.0,0.0,0.0,0.0,0.0,0.0,-10.0,7.0,-8.0,2.0,-7.0,-3.0,-6.0,-9.0,-6.0,-14.0,-7.0,-20.0,-8.0,-24.0,-9.0,-28.0,-11.0,-30.0,-12.0,-31.0,-14.0,-31.0,-14.0,-30.0,-14.0,-28.0,-15.0,-25.0,-12.0,-22.0,-9.0,-18.0,-5.0,-14.0,0.0,-10.0,5.0,-7.0,10.0,-3.0,16.0,-2.0,21.0,0.0,26.0,0.0,30.0,-1.0,33.0,-2.0,35.0,-2.0
2.1607,122.0,-96.0,7.0,0.0,0.0,0.0,0.0,0.0,0.0,0.0,0.0,0.0,-6.0,-23.0,-7.0,-25.0,-7.0,-24.0,-8.0,-24.0,-8.0,-23.0,-8.0,-21.0,-6.0,-18.0,-4.0,-15.0,-2.0,-12.0,1.0,-8.0,4.0,-5.0,8.0,-1.0,12.0,1.0,16.0,4.0,19.0,6.0,22.0,6.0,24.0,7.0,25.0,7.0,27.0,6.0,26.0,6.0,25.0,5.0,23.0,4.0,19.0,3.0,15.0,3.0,10.0,3.0,6.0,4.0
2.1762,122.0,-96.0,7.0,0.0,0.0,0.0,0.0,0.0,0.0,0.0,0.0,0.0,-8.0,-7.0,-8.0,-7.0,-9.0,-8.0,-8.0,-8.0,-9.0,-8.0,-9.0,-7.0,-9.0,-8.0,-10.0,-7.0,-10.0,-7.0,-10.0,-8.0,-10.0,-8.0,-10.0,-8.0,-10.0,-8.0,-10.0,-8.0,-11.0,-8.0,-10.0,-8.0,-10.0,-8.0,-10.0,-7.0,-10.0,-8.0,-11.0,-8.0,-11.0,-7.0,-11.0,-7.0,-11.0,-7.0,-11.0,-7.0,-11.0,-8.0,-11.0,-7.0
2.1802,98.0,33.0,22.0,0.0,0.0,0.0,0.0,0.0,0.0,0.0,0.0,0.0,-13.0,21.0,-11.0,18.0,-8.0,15.0,-5.0,12.0,-1.0,9.0,3.0,5.0,7.0,2.0,10.0,-2.0,13.0,-7.0,16.0,-10.0,18.0,-13.0,18.0,-16.0,18.0,-19.0,17.0,-22.0,15.0,-23.0,14.0,-24.0,11.0,-23.0,8.0,-21.0,5.0,-17.0,3.0,-13.0,1.0,-7.0,0.0,-1.0,-1.0,6.0,-1.0,13.0,-2.0,19.0,0.0,26.0
2.1947,122.0,-96.0,7.0,0.0,0.0,0.0,0.0,0.0,0.0,0.0,0.0,0.0,-13.0,-1.0,-13.0,-1.0,-14.0,-1.0,-13.0,-1.0,-14.0,-1.0,-14.0,-1.0,-15.0,-1.0,-15.0,0.0,-15.0,0.0,-15.0,-1.0,-15.0,-1.0,-15.0,0.0,-15.0,-1.0,-16.0,0.0,-15.0,0.0,-15.0,0.0,-15.0,0.0,-16.0,0.0,-15.0,0.0,-16.0,1.0,-16.0,0.0,-16.0,1.0,-16.0,1.0,-16.0,1.0,-16.0,1.0,-16.0,1.0
2.2078,122.0,-96.0,7.0,0.0,0.0,0.0,0.0,0.0,0.0,0.0,0.0,0.0,9.0,6.0,4.0,5.0,-1.0,6.0,-6.0,6.0,-11.0,7.0,-15.0,9.0,-19.0,11.0,-22.0,13.0,-24.0,15.0,-24.0,16.0,-24.0,17.0,-23.0,18.0,-21.0,17.0,-19.0,17.0,-17.0,14.0,-13.0,10.0,-11.0,7.0,-9.0,2.0,-7.0,-4.0,-5.0,-9.0,-5.0,-14.0,-5.0,-19.0,-5.0,-24.0,-7.0,-27.0,-8.0,-29.0,-9.0,-30.0
2.2229,122.0,-96.0,7.0,0.0,0.0,0.0,0.0,0.0,0.0,0.0,0.0,0.0,-9.0,-10.0,-9.0,-10.0,-10.0,-10.0,-10.0,-10.0,-10.0,-10.0,-10.0,-11.0,-10.0,-10.0,-11.0,-10.0,-11.0,-11.0,-11.0,-11.0,-11.0,-11.0,-11.0,-11.0,-11.0,-11.0,-11.0,-10.0,-12.0,-11.0,-12.0,-11.0,-12.0,-11.0,-12.0,-11.0,-12.0,-11.0,-12.0,-11.0,-12.0,-11.0,-12.0,-10.0,-13.0,-11.0,-12.0,-11.0,-12.0,-11.0,-12.0,-10.0
2.2363,122.0,-96.0,7.0,0.0,0.0,0.0,0.0,0.0,0.0,0.0,0.0,0.0,-26.0,-2.0,-23.0,-2.0,-20.0,-2.0,-16.0,-2.0,-12.0,-3.0,-7.0,-5.0,-3.0,-7.0,2.0,-9.0,6.0,-12.0,10.0,-15.0,13.0,-18.0,15.0,-21.0,16.0,-23.0,16.0,-26.0,16.0,-27.0,15.0,-26.0,13.0,-25.0,11.0,-23.0,10.0,-20.0,8.0,-16.0,7.0,-11.0,6.0,-5.0,7.0,1.0,6.0,6.0,7.0,12.0,9.0,16.0
2.2509,122.0,-96.0,7.0,0.0,0.0,0.0,0.0,0.0,0.0,0.0,0.0,0.0,-7.0,9.0,-7.0,9.0,-7.0,9.0,-7.0,10.0,-7.0,10.0,-7.0,10.0,-7.0,10.0,-7.0,10.0,-7.0,10.0,-7.0,10.0,-7.0,11.0,-7.0,11.0,-8.0,11.0,-7.0,11.0,-7.0,11.0,-7.0,11.0,-7.0,11.0,-7.0,11.0,-7.0,12.0,-7.0,11.0,-7.0,11.0,-7.0,11.0,-7.0,12.0,-7.0,11.0,-7.0,12.0,-7.0,12.0
2.2645,122.0,-96.0,7.0,0.0,0.0,0.0,0.0,0.0,0.0,0.0,0.0,0.0,-17.0,15.0,-17.0,17.0,-18.0,18.0,-17.0,18.0,-16.0,17.0,-15.0,16.0,-13.0,13.0,-11.0,10.0,-9.0,7.0,-8.0,2.0,-6.0,-2.0,-5.0,-8.0,-5.0,-12.0,-5.0,-17.0,-6.0,-20.0,-6.0,-23.0,-8.0,-26.0,-8.0,-27.0,-9.0,-27.0,-10.0,-26.0,-10.0,-25.0,-9.0,-22.0,-8.0,-19.0,-6.0,-15.0,-3.0,-11.0,0.0,-8.0
2.2776,122.0,-96.0,7.0,0.0,0.0,0.0,0.0,0.0,0.0,0.0,0.0,0.0,-11.0,4.0,-15.0,5.0,-18.0,5.0,-21.0,6.0,-23.0,7.0,-25.0,9.0,-24.0,10.0,-24.0,11.0,-23.0,11.0,-20.0,9.0,-18.0,7.0,-15.0,5.0,-11.0,3.0,-8.0,-1.0,-5.0,-4.0,-3.0,-9.0,-1.0,-13.0,1.0,-17.0,2.0,-21.0,2.0,-24.0,1.0,-27.0,1.0,-28.0,0.0,-29.0,0.0,-28.0,-2.0,-27.0,-2.0,-24.0
2.2904,122.0,-96.0,7.0,0.0,0.0,0.0,0.0,0.0,0.0,0.0,0.0,0.0,10.0,5.0,10.0,5.0,10.0,5.0,10.0,5.0,11.0,5.0,11.0,5.0,11.0,5.0,11.0,5.0,11.0,5.0,11.0,5.0,11.0,5.0,11.0,5.0,11.0,5.0,11.0,5.0,11.0,5.0,12.0,5.0,11.0,4.0,12.0,5.0,12.0,5.0,12.0,5.0,12.0,5.0,12.0,5.0,12.0,5.0,12.0,5.0,12.0,5.0,12.0,5.0
2.3048,122.0,-96.0,7.0,0.0,0.0,0.0,0.0,0.0,0.0,0.0,0.0,0.0,1.0,-26.0,1.0,-28.0,0.0,-28.0,-1.0,-28.0,-1.0,-26.0,-1.0,-24.0,-1.0,-21.0,0.0,-16.0,1.0,-12.0,4.0,-7.0,6.0,-2.0,9.0,2.0,13.0,7.0,16.0,10.0,19.0,12.0,22.0,14.0,24.0,15.0,26.0,16.0,26.0,15.0,26.0,14.0,25.0,13.0,22.0,10.0,18.0,9.0,14.0,7.0,8.0,6.0,3.0,6.0
2.319,122.0,-96.0,7.0,0.0,0.0,0.0,0.0,0.0,0.0,0.0,0.0,0.0,12.0,5.0,16.0,9.0,20.0,11.0,24.0,13.0,26.0,14.0,29.0,14.0,30.0,13.0,30.0,12.0,28.0,11.0,25.0,9.0,21.0,8.0,16.0,7.0,11.0,7.0,4.0,7.0,-2.0,7.0,-7.0,8.0,-14.0,11.0,-19.0,12.0,-23.0,16.0,-26.0,18.0,-28.0,20.0,-28.0,22.0,-28.0,22.0,-26.0,21.0,-24.0,21.0,-21.0,19.0
2.334,122.0,-96.0,7.0,0.0,0.0,0.0,0.0,0.0,0.0,0.0,0.0,0.0,-3.0,-11.0,-3.0,-11.0,-3.0,-11.0,-4.0,-12.0,-3.0,-12.0,-4.0,-12.0,-4.0,-12.0,-4.0,-12.0,-4.0,-12.0,-5.0,-12.0,-4.0,-12.0,-4.0,-13.0,-4.0,-13.0,-5.0,-13.0,-5.0,-13.0,-4.0,-12.0,-5.0,-13.0,-5.0,-12.0,-5.0,-13.0,-5.0,-13.0,-5.0,-12.0,-4.0,-13.0,-5.0,-12.0,-6.0,-13.0,-6.0,-13.0,-5.0,-13.0
2.3476,122.0,-96.0,7.0,0.0,0.0,0.0,0.0,0.0,0.0,0.0,0.0,0.0,-12.0,0.0,-16.0,0.0,-19.0,-1.0,-22.0,-1.0,-25.0,0.0,-26.0,1.0,-26.0,1.0,-26.0,2.0,-25.0,3.0,-22.0,2.0,-19.0,1.0,-15.0,0.0,-11.0,-1.0,-7.0,-4.0,-3.0,-6.0,1.0,-10.0,4.0,-14.0,8.0,-16.0,9.0,-20.0,10.0,-23.0,11.0,-26.0,11.0,-27.0,10.0,-27.0,9.0,-26.0,7.0,-25.0,6.0,-22.0
2.3621,122.0,-96.0,7.0,0.0,0.0,0.0,0.0,0.0,0.0,0.0,0.0,0.0,11.0,-2.0,11.0,-2.0,11.0,-3.0,12.0,-2.0,11.0,-2.0,13.0,-3.0,12.0,-3.0,12.0,-3.0,12.0,-3.0,12.0,-3.0,12.0,-3.0,13.0,-3.0,12.0,-3.0,13.0,-3.0,13.0,-3.0,12.0,-3.0,13.0,-3.0,12.0,-3.0,12.0,-3.0,13.0,-3.0,13.0,-4.0,13.0,-3.0,13.0,-4.0,13.0,-4.0,13.0,-4.0,13.0,-4.0
2.3774,122.0,-96.0,7.0,0.0,0.0,0.0,0.0,0.0,0.0,0.0,0.0,0.0,8.0,7.0,10.0,10.0,13.0,13.0,15.0,15.0,17.0,16.0,19.0,17.0,20.0,16.0,20.0,16.0,19.0,14.0,17.0,13.0,14.0,12.0,11.0,10.0,7.0,8.0,3.0,6.0,-2.0,5.0,-7.0,5.0,-12.0,5.0,-16.0,5.0,-20.0,7.0,-24.0,8.0,-26.0,9.0,-27.0,10.0,-27.0,11.0,-26.0,11.0,-24.0,11.0,-21.0,11.0
2.3905,122.0,-96.0,7.0,0.0,0.0,0.0,0.0,0.0,0.0,0.0,0.0,0.0,10.0,1.0,11.0,1.0,12.0,1.0,11.0,1.0,12.0,1.0,12.0,1.0,11.0,1.0,12.0,1.0,12.0,1.0,12.0,1.0,12.0,1.0,13.0,1.0,12.0,1.0,13.0,1.0,13.0,1.0,13.0,1.0,13.0,0.0,13.0,1.0,13.0,0.0,13.0,0.0,13.0,1.0,13.0,0.0,13.0,0.0,13.0,0.0,13.0,0.0,13.0,0.0
2.4038,122.0,-96.0,7.0,0.0,0.0,0.0,0.0,0.0,0.0,0.0,0.0,0.0,15.0,-17.0,15.0,-20.0,15.0,-20.0,14.0,-20.0,13.0,-20.0,12.0,-18.0,10.0,-16.0,9.0,-12.0,7.0,-9.0,6.0,-3.0,5.0,1.0,5.0,6.0,5.0,11.0,5.0,15.0,6.0,19.0,7.0,22.0,8.0,24.0,9.0,25.0,10.0,25.0,11.0,24.0,10.0,23.0,10.0,20.0,8.0,18.0,6.0,14.0,3.0,10.0,0.0,7.0
2.419,122.0,-96.0,7.0,0.0,0.0,0.0,0.0,0.0,0.0,0.0,0.0,0.0,9.0,-8.0,9.0,-8.0,9.0,-7.0,9.0,-8.0,9.0,-8.0,9.0,-8.0,9.0,-8.0,9.0,-9.0,9.0,-8.0,9.0,-9.0,10.0,-9.0,10.0,-9.0,10.0,-9.0,10.0,-9.0,10.0,-9.0,9.0,-9.0,10.0,-9.0,9.0,-10.0,9.0,-10.0,9.0,-10.0,10.0,-10.0,10.0,-10.0,10.0,-10.0,10.0,-10.0,9.0,-10.0,9.0,-10.0
2.4321,122.0,-96.0,7.0,0.0,0.0,0.0,0.0,0.0,0.0,0.0,0.0,0.0,-2.0,25.0,-2.0,22.0,-2.0,19.0,-2.0,15.0,-3.0,11.0,-5.0,6.0,-7.0,1.0,-9.0,-3.0,-13.0,-7.0,-15.0,-11.0,-18.0,-13.0,-20.0,-16.0,-23.0,-17.0,-25.0,-17.0,-26.0,-17.0,-26.0,-16.0,-25.0,-14.0,-23.0,-13.0,-19.0,-11.0,-16.0,-9.0,-11.0,-8.0,-5.0,-7.0,1.0,-7.0,6.0,-7.0,12.0,-8.0,17.0,-10.0
2.4461,122.0,-96.0,7.0,0.0,0.0,0.0,0.0,0.0,0.0,0.0,0.0,0.0,-17.0,16.0,-17.0,18.0,-17.0,18.0,-17.0,18.0,-15.0,17.0,-15.0,16.0,-12.0,14.0,-11.0,11.0,-9.0,7.0,-8.0,2.0,-6.0,-2.0,-6.0,-7.0,-5.0,-12.0,-5.0,-16.0,-6.0,-20.0,-6.0,-23.0,-7.0,-26.0,-8.0,-27.0,-9.0,-27.0,-10.0,-26.0,-10.0,-25.0,-9.0,-22.0,-9.0,-19.0,-6.0,-15.0,-4.0,-11.0,0.0,-8.0
2.4604,122.0,-96.0,7.0,0.0,0.0,0.0,0.0,0.0,0.0,0.0,0.0,0.0,-11.0,3.0,-8.0,-1.0,-5.0,-5.0,-2.0,-9.0,0.0,-14.0,1.0,-18.0,1.0,-22.0,2.0,-25.0,1.0,-28.0,1.0,-30.0,0.0,-30.0,-1.0,-30.0,-2.0,-28.0,-3.0,-25.0,-2.0,-22.0,-2.0,-18.0,0.0,-13.0,2.0,-9.0,6.0,-4.0,9.0,1.0,13.0,4.0,17.0,7.0,21.0,10.0,25.0,10.0,27.0,10.0,28.0,10.0
2.4748,122.0,-96.0,7.0,0.0,0.0,0.0,0.0,0.0,0.0,0.0,0.0,0.0,-1.0,-15.0,-1.0,-15.0,-1.0,-15.0,-2.0,-16.0,-1.0,-15.0,-2.0,-16.0,-2.0,-16.0,-2.0,-16.0,-2.0,-16.0,-2.0,-16.0,-1.0,-17.0,-1.0,-17.0,-2.0,-17.0,-2.0,-17.0,-2.0,-17.0,-2.0,-17.0,-2.0,-17.0,-2.0,-17.0,-3.0,-18.0,-3.0,-18.0,-3.0,-18.0,-3.0,-17.0,-3.0,-17.0,-3.0,-18.0,-3.0,-18.0,-3.0,-18.0
2.488,122.0,-96.0,7.0,0.0,0.0,0.0,0.0,0.0,0.0,0.0,0.0,0.0,4.0,-12.0,5.0,-6.0,6.0,-1.0,8.0,4.0,11.0,9.0,15.0,13.0,18.0,16.0,21.0,19.0,24.0,20.0,25.0,20.0,26.0,19.0,26.0,18.0,25.0,16.0,24.0,14.0,19.0,12.0,15.0,9.0,9.0,8.0,3.0,7.0,-3.0,7.0,-9.0,7.0,-16.0,9.0,-21.0,11.0,-24.0,13.0,-27.0,16.0,-29.0,19.0,-29.0,20.0
2.5036,122.0,-96.0,7.0,0.0,0.0,0.0,0.0,0.0,0.0,0.0,0.0,0.0,1.0,-23.0,1.0,-21.0,1.0,-18.0,1.0,-14.0,2.0,-10.0,3.0,-6.0,5.0,-2.0,8.0,2.0,11.0,6.0,13.0,9.0,16.0,11.0,18.0,13.0,21.0,14.0,23.0,14.0,23.0,13.0,23.0,12.0,21.0,10.0,20.0,9.0,16.0,7.0,12.0,6.0,8.0,6.0,3.0,6.0,-3.0,6.0,-8.0,6.0,-12.0,7.0,-16.0,9.0
2.5166,122.0,-96.0,7.0,0.0,0.0,0.0,0.0,0.0,0.0,0.0,0.0,0.0,21.0,8.0,19.0,8.0,16.0,6.0,13.0,5.0,9.0,5.0,4.0,5.0,-1.0,5.0,-5.0,6.0,-10.0,8.0,-13.0,9.0,-16.0,11.0,-19.0,13.0,-20.0,15.0,-21.0,16.0,-21.0,17.0,-20.0,17.0,-19.0,17.0,-17.0,15.0,-14.0,13.0,-12.0,10.0,-10.0,6.0,-8.0,2.0,-6.0,-3.0,-5.0,-8.0,-4.0,-13.0,-4.0,-18.0
2.5303,122.0,-96.0,7.0,0.0,0.0,0.0,0.0,0.0,0.0,0.0,0.0,0.0,9.0,20.0,8.0,18.0,8.0,16.0,5.0,13.0,3.0,10.0,-1.0,7.0,-4.0,4.0,-8.0,2.0,-12.0,0.0,-16.0,-1.0,-19.0,-3.0,-22.0,-3.0,-25.0,-3.0,-27.0,-2.0,-28.0,-1.0,-27.0,0.0,-26.0,0.0,-24.0,1.0,-21.0,1.0,-17.0,0.0,-13.0,-1.0,-9.0,-3.0,-4.0,-5.0,0.0,-8.0,4.0,-11.0,7.0,-15.0
2.5435,122.0,-96.0,7.0,0.0,0.0,0.0,0.0,0.0,0.0,0.0,0.0,0.0,1.0,-13.0,1.0,-13.0,1.0,-14.0,1.0,-14.0,1.0,-14.0,1.0,-14.0,1.0,-14.0,1.0,-15.0,1.0,-14.0,1.0,-15.0,1.0,-15.0,1.0,-15.0,1.0,-15.0,1.0,-15.0,1.0,-15.0,1.0,-15.0,0.0,-15.0,0.0,-16.0,1.0,-16.0,1.0,-16.0,0.0,-15.0,0.0,-15.0,0.0,-16.0,0.0,-16.0,0.0,-16.0,0.0,-16.0
2.5575,122.0,-96.0,7.0,0.0,0.0,0.0,0.0,0.0,0.0,0.0,0.0,0.0,-6.0,11.0,-6.0,6.0,-7.0,1.0,-9.0,-5.0,-11.0,-10.0,-14.0,-15.0,-16.0,-18.0,-19.0,-21.0,-22.0,-23.0,-23.0,-24.0,-25.0,-24.0,-25.0,-22.0,-24.0,-21.0,-24.0,-18.0,-21.0,-16.0,-16.0,-13.0,-12.0,-11.0,-6.0,-9.0,0.0,-8.0,6.0,-7.0,12.0,-8.0,18.0,-8.0,23.0,-10.0,27.0,-12.0,29.0,-13.0,31.0,-15.0
2.5712,122.0,-96.0,7.0,0.0,0.0,0.0,0.0,0.0,0.0,0.0,0.0,0.0,-13.0,2.0,-9.0,-1.0,-5.0,-5.0,-2.0,-10.0,1.0,-15.0,2.0,-21.0,3.0,-25.0,3.0,-29.0,3.0,-32.0,1.0,-33.0,0.0,-34.0,-1.0,-33.0,-2.0,-31.0,-3.0,-29.0,-2.0,-25.0,-1.0,-20.0,0.0,-15.0,3.0,-9.0,7.0,-4.0,10.0,1.0,15.0,5.0,19.0,9.0,23.0,11.0,28.0,12.0,30.0,12.0,32.0,12.0
2.5844,102.0,96.0,6.0,0.0,0.0,0.0,0.0,0.0,0.0,0.0,0.0,0.0,22.0,11.0,20.0,10.0,17.0,8.0,13.0,7.0,9.0,6.0,3.0,6.0,-2.0,6.0,-7.0,7.0,-12.0,8.0,-16.0,9.0,-20.0,11.0,-22.0,12.0,-24.0,15.0,-25.0,17.0,-25.0,17.0,-23.0,18.0,-21.0,17.0,-19.0,16.0,-16.0,13.0,-13.0,10.0,-10.0,5.0,-8.0,0.0,-6.0,-6.0,-4.0,-11.0,-3.0,-16.0,-3.0,-21.0
2.5973,102.0,96.0,6.0,0.0,0.0,0.0,0.0,0.0,0.0,0.0,0.0,0.0,22.0,-6.0,20.0,-5.0,17.0,-5.0,14.0,-3.0,10.0,-2.0,7.0,1.0,3.0,4.0,0.0,7.0,-3.0,11.0,-5.0,15.0,-7.0,17.0,-8.0,20.0,-8.0,23.0,-8.0,25.0,-7.0,26.0,-7.0,25.0,-6.0,25.0,-5.0,23.0,-4.0,19.0,-4.0,16.0,-4.0,12.0,-5.0,7.0,-6.0,2.0,-8.0,-3.0,-9.0,-8.0,-12.0,-11.0
2.6126,78.0,-32.0,4.0,0.0,0.0,0.0,0.0,0.0,0.0,0.0,0.0,0.0,-10.0,8.0,-10.0,8.0,-10.0,8.0,-11.0,8.0,-10.0,8.0,-11.0,9.0,-11.0,8.0,-11.0,9.0,-11.0,9.0,-11.0,9.0,-11.0,9.0,-11.0,9.0,-11.0,10.0,-11.0,9.0,-11.0,10.0,-11.0,10.0,-11.0,10.0,-11.0,10.0,-11.0,10.0,-11.0,10.0,-11.0,10.0,-11.0,10.0,-11.0,11.0,-11.0,11.0,-11.0,11.0,-11.0,11.0
2.6265,122.0,-96.0,7.0,0.0,0.0,0.0,0.0,0.0,0.0,0.0,0.0,0.0,1.0,-13.0,0.0,-14.0,1.0,-13.0,0.0,-14.0,1.0,-14.0,1.0,-14.0,0.0,-14.0,0.0,-15.0,0.0,-14.0,0.0,-15.0,0.0,-15.0,0.0,-15.0,0.0,-15.0,0.0,-15.0,0.0,-15.0,0.0,-16.0,0.0,-16.0,0.0,-16.0,0.0,-16.0,-1.0,-15.0,0.0,-16.0,-1.0,-16.0,-1.0,-16.0,-1.0,-16.0,-1.0,-16.0,-1.0,-16.0
2.6414,122.0,-96.0,7.0,0.0,0.0,0.0,0.0,0.0,0.0,0.0,0.0,0.0,4.0,-11.0,6.0,-14.0,8.0,-17.0,10.0,-20.0,10.0,-22.0,10.0,-24.0,10.0,-25.0,9.0,-25.0,8.0,-23.0,7.0,-21.0,6.0,-17.0,6.0,-14.0,5.0,-10.0,5.0,-5.0,5.0,0.0,7.0,5.0,8.0,10.0,10.0,14.0,12.0,17.0,14.0,20.0,16.0,21.0,17.0,22.0,18.0,21.0,17.0,20.0,17.0,18.0,15.0,16.0
2.6548,122.0,-96.0,7.0,0.0,0.0,0.0,0.0,0.0,0.0,0.0,0.0,0.0,12.0,18.0,15.0,19.0,15.0,19.0,15.0,19.0,15.0,17.0,14.0,16.0,12.0,13.0,9.0,11.0,6.0,9.0,1.0,7.0,-3.0,5.0,-8.0,3.0,-13.0,2.0,-16.0,1.0,-21.0,1.0,-23.0,1.0,-27.0,1.0,-27.0,2.0,-29.0,3.0,-28.0,4.0,-26.0,4.0,-23.0,4.0,-20.0,3.0,-16.0,2.0,-12.0,0.0,-8.0,-2.0
2.6676,122.0,-96.0,7.0,0.0,0.0,0.0,0.0,0.0,0.0,0.0,0.0,0.0,12.0,3.0,12.0,2.0,12.0,2.0,12.0,2.0,13.0,2.0,13.0,2.0,13.0,2.0,13.0,2.0,13.0,2.0,13.0,2.0,14.0,2.0,13.0,2.0,14.0,2.0,14.0,2.0,14.0,2.0,14.0,2.0,14.0,1.0,14.0,1.0,14.0,2.0,15.0,1.0,15.0,1.0,15.0,1.0,15.0,1.0,15.0,1.0,15.0,1.0,15.0,1.0
2.6837,122.0,-96.0,7.0,0.0,0.0,0.0,0.0,0.0,0.0,0.0,0.0,0.0,-6.0,-12.0,-1.0,-9.0,4.0,-6.0,9.0,-4.0,14.0,-2.0,20.0,-2.0,24.0,-1.0,28.0,-2.0,31.0,-3.0,32.0,-4.0,32.0,-5.0,32.0,-6.0,30.0,-6.0,27.0,-7.0,23.0,-6.0,19.0,-5.0,13.0,-2.0,9.0,1.0,4.0,6.0,0.0,10.0,-4.0,15.0,-7.0,20.0,-8.0,25.0,-9.0,28.0,-9.0,32.0,-8.0,33.0
2.6979,122.0,-96.0,7.0,0.0,0.0,0.0,0.0,0.0,0.0,0.0,0.0,0.0,10.0,-3.0,11.0,-4.0,11.0,-4.0,11.0,-4.0,11.0,-3.0,11.0,-4.0,11.0,-4.0,11.0,-4.0,11.0,-4.0,11.0,-4.0,12.0,-4.0,12.0,-4.0,12.0,-4.0,12.0,-5.0,12.0,-5.0,12.0,-5.0,12.0,-5.0,11.0,-5.0,12.0,-5.0,12.0,-5.0,12.0,-5.0,12.0,-5.0,12.0,-6.0,13.0,-6.0,12.0,-6.0,12.0,-6.0
2.7125,122.0,-96.0,7.0,0.0,0.0,0.0,0.0,0.0,0.0,0.0,0.0,0.0,-8.0,-10.0,-10.0,-14.0,-12.0,-18.0,-13.0,-20.0,-15.0,-23.0,-17.0,-24.0,-18.0,-24.0,-19.0,-23.0,-19.0,-21.0,-17.0,-19.0,-14.0,-17.0,-11.0,-14.0,-8.0,-12.0,-3.0,-9.0,1.0,-6.0,6.0,-5.0,12.0,-4.0,17.0,-4.0,22.0,-4.0,25.0,-5.0,28.0,-6.0,30.0,-7.0,30.0,-8.0,30.0,-9.0,28.0,-10.0,25.0,-9.0
2.7258,122.0,-96.0,7.0,0.0,0.0,0.0,0.0,0.0,0.0,0.0,0.0,0.0,21.0,19.0,19.0,17.0,17.0,15.0,13.0,12.0,8.0,10.0,3.0,8.0,-2.0,7.0,-8.0,6.0,-14.0,5.0,-19.0,6.0,-24.0,6.0,-27.0,7.0,-30.0,9.0,-32.0,10.0,-33.0,11.0,-32.0,12.0,-30.0,12.0,-27.0,12.0,-24.0,10.0,-20.0,8.0,-16.0,4.0,-11.0,0.0,-7.0,-5.0,-3.0,-9.0,0.0,-15.0,2.0,-20.0
2.7389,122.0,-96.0,7.0,0.0,0.0,0.0,0.0,0.0,0.0,0.0,0.0,0.0,17.0,-15.0,18.0,-17.0,18.0,-18.0,17.0,-18.0,16.0,-17.0,15.0,-16.0,12.0,-14.0,11.0,-10.0,8.0,-7.0,7.0,-2.0,5.0,2.0,4.0,7.0,3.0,11.0,3.0,16.0,3.0,20.0,3.0,22.0,4.0,25.0,4.0,26.0,6.0,27.0,6.0,26.0,6.0,25.0,6.0,22.0,5.0,19.0,4.0,15.0,1.0,11.0,-1.0,7.0
2.7519,122.0,-96.0,7.0,0.0,0.0,0.0,0.0,0.0,0.0,0.0,0.0,0.0,12.0,-20.0,10.0,-18.0,9.0,-16.0,8.0,-12.0,6.0,-9.0,6.0,-4.0,5.0,0.0,5.0,5.0,6.0,10.0,7.0,14.0,8.0,17.0,9.0,20.0,11.0,22.0,13.0,23.0,14.0,23.0,14.0,21.0,14.0,20.0,13.0,18.0,11.0,15.0,9.0,12.0,5.0,9.0,1.0,7.0,-4.0,5.0,-9.0,3.0,-13.0,1.0,-18.0,1.0
2.7559,98.0,33.0,22.0,0.0,0.0,0.0,0.0,0.0,0.0,0.0,0.0,0.0,25.0,-1.0,17.0,-2.0,17.0,-3.0,13.0,-2.0,8.0,-7.0,2.0,-7.0,-4.0,-6.0,-8.0,-9.0,-15.0,-9.0,-18.0,-10.0,-21.0,-8.0,-24.0,-8.0,-26.0,-6.0,-27.0,-4.0,-28.0,-1.0,-27.0,0.0,-24.0,2.0,-22.0,4.0,-16.0,3.0,-12.0,3.0,-6.0,2.0,0.0,-1.0,6.0,-4.0,12.0,-7.0,17.0,-11.0,22.0,-15.0
2.7707,122.0,-96.0,7.0,0.0,0.0,0.0,0.0,0.0,0.0,0.0,0.0,0.0,-29.0,3.0,-26.0,3.0,-23.0,3.0,-18.0,1.0,-14.0,-1.0,-9.0,-4.0,-5.0,-7.0,0.0,-11.0,4.0,-15.0,7.0,-19.0,10.0,-23.0,11.0,-26.0,12.0,-30.0,12.0,-32.0,11.0,-33.0,11.0,-33.0,9.0,-30.0,8.0,-28.0,6.0,-23.0,5.0,-19.0,6.0,-14.0,6.0,-7.0,7.0,-1.0,9.0,5.0,10.0,11.0,13.0,16.0
2.7849,122.0,-96.0,7.0,0.0,0.0,0.0,0.0,0.0,0.0,0.0,0.0,0.0,-10.0,-11.0,-13.0,-15.0,-16.0,-18.0,-18.0,-21.0,-20.0,-23.0,-23.0,-24.0,-24.0,-24.0,-25.0,-23.0,-24.0,-21.0,-21.0,-19.0,-18.0,-16.0,-14.0,-14.0,-10.0,-11.0,-4.0,-9.0,2.0,-7.0,8.0,-7.0,14.0,-7.0,19.0,-7.0,25.0,-8.0,28.0,-9.0,31.0,-11.0,32.0,-12.0,33.0,-14.0,31.0,-14.0,29.0,-15.0,26.0,-13.0
2.7984,122.0,-96.0,7.0,0.0,0.0,0.0,0.0,0.0,0.0,0.0,0.0,0.0,-6.0,11.0,-9.0,14.0,-12.0,17.0,-13.0,20.0,-14.0,22.0,-15.0,25.0,-14.0,25.0,-13.0,26.0,-12.0,24.0,-11.0,22.0,-10.0,18.0,-9.0,14.0,-8.0,10.0,-7.0,5.0,-7.0,0.0,-8.0,-6.0,-9.0,-11.0,-11.0,-16.0,-13.0,-20.0,-16.0,-23.0,-17.0,-25.0,-19.0,-26.0,-20.0,-26.0,-20.0,-24.0,-20.0,-22.0,-18.0,-20.0
2.813,122.0,-96.0,7.0,0.0,0.0,0.0,0.0,0.0,0.0,0.0,0.0,0.0,6.0,-10.0,6.0,-10.0,7.0,-10.0,6.0,-10.0,6.0,-10.0,6.0,-11.0,6.0,-11.0,7.0,-11.0,6.0,-11.0,7.0,-11.0,7.0,-11.0,7.0,-12.0,7.0,-12.0,6.0,-12.0,6.0,-12.0,7.0,-11.0,6.0,-12.0,6.0,-12.0,6.0,-13.0,6.0,-13.0,6.0,-13.0,6.0,-12.0,6.0,-13.0,6.0,-13.0,6.0,-13.0,6.0,-13.0
2.8262,122.0,-96.0,7.0,0.0,0.0,0.0,0.0,0.0,0.0,0.0,0.0,0.0,18.0,-17.0,16.0,-16.0,14.0,-14.0,12.0,-10.0,9.0,-7.0,7.0,-2.0,5.0,3.0,4.0,8.0,3.0,13.0,3.0,18.0,3.0,21.0,4.0,25.0,5.0,27.0,6.0,28.0,7.0,29.0,8.0,28.0,8.0,25.0,7.0,23.0,6.0,19.0,4.0,15.0,1.0,11.0,-3.0,7.0,-7.0,3.0,-11.0,-1.0,-16.0,-4.0,-21.0,-6.0
2.8409,122.0,-96.0,7.0,0.0,0.0,0.0,0.0,0.0,0.0,0.0,0.0,0.0,-5.0,10.0,-5.0,10.0,-5.0,10.0,-6.0,10.0,-5.0,10.0,-5.0,11.0,-6.0,11.0,-5.0,11.0,-5.0,11.0,-6.0,11.0,-5.0,12.0,-6.0,12.0,-6.0,12.0,-5.0,12.0,-6.0,12.0,-5.0,12.0,-5.0,12.0,-5.0,12.0,-5.0,12.0,-5.0,12.0,-5.0,12.0,-5.0,12.0,-5.0,13.0,-5.0,12.0,-5.0,13.0,-5.0,13.0
2.8581,122.0,-96.0,7.0,0.0,0.0,0.0,0.0,0.0,0.0,0.0,0.0,0.0,5.0,-23.0,5.0,-25.0,5.0,-25.0,5.0,-25.0,3.0,-23.0,3.0,-22.0,3.0,-19.0,3.0,-15.0,3.0,-11.0,4.0,-7.0,5.0,-2.0,7.0,3.0,9.0,7.0,11.0,11.0,14.0,14.0,15.0,17.0,17.0,18.0,18.0,19.0,20.0,19.0,19.0,18.0,19.0,17.0,17.0,15.0,15.0,12.0,11.0,10.0,7.0,8.0,3.0,6.0
2.8686,122.0,-96.0,7.0,0.0,0.0,0.0,0.0,0.0,0.0,0.0,0.0,0.0,-5.0,11.0,-8.0,14.0,-10.0,18.0,-12.0,20.0,-12.0,23.0,-13.0,25.0,-12.0,26.0,-11.0,26.0,-10.0,25.0,-9.0,22.0,-8.0,18.0,-7.0,14.0,-7.0,10.0,-7.0,4.0,-7.0,-1.0,-8.0,-6.0,-11.0,-12.0,-12.0,-16.0,-15.0,-20.0,-18.0,-22.0,-20.0,-24.0,-21.0,-24.0,-22.0,-24.0,-22.0,-22.0,-21.0,-20.0,-19.0,-18.0
2.8741,98.0,33.0,22.0,0.0,0.0,0.0,0.0,0.0,0.0,0.0,0.0,0.0,-10.0,14.0,-9.0,18.0,-9.0,21.0,-8.0,23.0,-8.0,25.0,-6.0,26.0,-4.0,25.0,-2.0,25.0,-1.0,22.0,1.0,18.0,3.0,14.0,4.0,10.0,3.0,5.0,4.0,0.0,3.0,-6.0,1.0,-10.0,-1.0,-17.0,-3.0,-20.0,-9.0,-23.0,-12.0,-27.0,-14.0,-28.0,-14.0,-30.0,-17.0,-29.0,-18.0,-25.0,-17.0,-23.0,-14.0,-21.0
2.8772,-120.0,-126.0,40.0,0.0,0.0,0.0,0.0,0.0,0.0,0.0,0.0,0.0,16.0,-20.0,14.0,-18.0,11.0,-16.0,7.0,-14.0,3.0,-11.0,-1.0,-7.0,-6.0,-5.0,-11.0,-1.0,-14.0,3.0,-17.0,5.0,-20.0,9.0,-21.0,12.0,-21.0,15.0,-20.0,19.0,-19.0,20.0,-17.0,21.0,-14.0,20.0,-11.0,18.0,-8.0,15.0,-5.0,11.0,-2.0,6.0,-1.0,0.0,1.0,-8.0,3.0,-14.0,3.0,-20.0,3.0,-27.0
2.891,122.0,-96.0,7.0,0.0,0.0,0.0,0.0,0.0,0.0,0.0,0.0,0.0,9.0,-27.0,8.0,-25.0,7.0,-22.0,6.0,-18.0,5.0,-13.0,6.0,-7.0,7.0,-2.0,8.0,4.0,10.0,9.0,13.0,14.0,15.0,18.0,17.0,21.0,19.0,23.0,22.0,24.0,24.0,25.0,23.0,23.0,23.0,22.0,21.0,19.0,19.0,17.0,15.0,14.0,10.0,11.0,5.0,9.0,-2.0,7.0,-8.0,6.0,-13.0,4.0,-20.0,5.0
2.906,122.0,-96.0,7.0,0.0,0.0,0.0,0.0,0.0,0.0,0.0,0.0,0.0,-6.0,9.0,-7.0,10.0,-6.0,9.0,-6.0,10.0,-6.0,10.0,-7.0,10.0,-6.0,10.0,-7.0,11.0,-7.0,10.0,-7.0,11.0,-7.0,11.0,-7.0,11.0,-7.0,11.0,-6.0,11.0,-6.0,11.0,-6.0,11.0,-6.0,11.0,-6.0,12.0,-6.0,12.0,-6.0,11.0,-6.0,12.0,-6.0,12.0,-6.0,12.0,-6.0,12.0,-6.0,12.0,-6.0,12.0
2.9206,122.0,-96.0,7.0,0.0,0.0,0.0,0.0,0.0,0.0,0.0,0.0,0.0,-23.0,17.0,-21.0,15.0,-18.0,13.0,-16.0,10.0,-12.0,6.0,-10.0,2.0,-7.0,-4.0,-5.0,-9.0,-4.0,-15.0,-3.0,-20.0,-2.0,-24.0,-2.0,-28.0,-3.0,-32.0,-5.0,-34.0,-6.0,-35.0,-6.0,-34.0,-8.0,-32.0,-7.0,-29.0,-7.0,-25.0,-5.0,-21.0,-2.0,-16.0,1.0,-11.0,5.0,-6.0,9.0,-1.0,13.0,3.0,18.0,6.0
2.9361,122.0,-96.0,7.0,0.0,0.0,0.0,0.0,0.0,0.0,0.0,0.0,0.0,-4.0,-11.0,-5.0,-11.0,-5.0,-11.0,-4.0,-12.0,-5.0,-11.0,-4.0,-12.0,-5.0,-12.0,-5.0,-12.0,-5.0,-12.0,-5.0,-12.0,-6.0,-12.0,-5.0,-12.0,-5.0,-13.0,-6.0,-13.0,-6.0,-12.0,-7.0,-13.0,-6.0,-13.0,-6.0,-12.0,-6.0,-13.0,-7.0,-12.0,-6.0,-13.0,-7.0,-13.0,-7.0,-13.0,-7.0,-13.0,-7.0,-13.0,-7.0,-13.0
2.9496,122.0,-96.0,7.0,0.0,0.0,0.0,0.0,0.0,0.0,0.0,0.0,0.0,-6.0,-23.0,-7.0,-24.0,-7.0,-24.0,-8.0,-24.0,-8.0,-22.0,-8.0,-21.0,-7.0,-18.0,-5.0,-15.0,-3.0,-12.0,1.0,-8.0,4.0,-4.0,8.0,-1.0,12.0,1.0,15.0,4.0,19.0,5.0,22.0,6.0,25.0,7.0,25.0,7.0,27.0,6.0,26.0,5.0,25.0,4.0,22.0,3.0,19.0,3.0,15.0,3.0,10.0,3.0,6.0,3.0
2.9641,122.0,-96.0,7.0,0.0,0.0,0.0,0.0,0.0,0.0,0.0,0.0,0.0,-4.0,-15.0,-4.0,-14.0,-4.0,-15.0,-4.0,-15.0,-5.0,-15.0,-5.0,-15.0,-5.0,-15.0,-6.0,-16.0,-6.0,-16.0,-5.0,-16.0,-5.0,-16.0,-5.0,-16.0,-5.0,-16.0,-5.0,-16.0,-6.0,-16.0,-6.0,-17.0,-6.0,-16.0,-6.0,-17.0,-6.0,-16.0,-7.0,-16.0,-6.0,-17.0,-7.0,-16.0,-7.0,-17.0,-7.0,-17.0,-7.0,-17.0,-7.0,-17.0
2.9682,98.0,33.0,22.0,0.0,0.0,0.0,0.0,0.0,0.0,0.0,0.0,0.0,-9.0,11.0,-9.0,13.0,-10.0,16.0,-9.0,17.0,-10.0,19.0,-8.0,20.0,-8.0,20.0,-6.0,19.0,-4.0,17.0,-3.0,15.0,0.0,12.0,1.0,8.0,3.0,4.0,3.0,0.0,3.0,-4.0,3.0,-8.0,2.0,-14.0,1.0,-16.0,-4.0,-21.0,-4.0,-23.0,-6.0,-25.0,-9.0,-26.0,-10.0,-25.0,-10.0,-24.0,-9.0,-21.0,-9.0,-18.0
2.9817,122.0,-96.0,7.0,0.0,0.0,0.0,0.0,0.0,0.0,0.0,0.0,0.0,22.0,-3.0,20.0,-3.0,17.0,-2.0,13.0,-2.0,10.0,0.0,6.0,3.0,2.0,5.0,-2.0,8.0,-5.0,12.0,-7.0,15.0,-9.0,17.0,-11.0,20.0,-11.0,23.0,-11.0,24.0,-10.0,25.0,-9.0,24.0,-8.0,23.0,-7.0,21.0,-6.0,17.0,-6.0,13.0,-5.0,8.0,-6.0,4.0,-7.0,-2.0,-8.0,-6.0,-10.0,-11.0,-13.0,-15.0
2.995,122.0,-96.0,7.0,0.0,0.0,0.0,0.0,0.0,0.0,0.0,0.0,0.0,8.0,7.0,8.0,7.0,9.0,7.0,9.0,8.0,9.0,7.0,9.0,7.0,10.0,7.0,10.0,7.0,10.0,7.0,10.0,7.0,10.0,7.0,10.0,7.0,10.0,7.0,10.0,7.0,11.0,7.0,11.0,7.0,10.0,7.0,11.0,7.0,11.0,6.0,11.0,7.0,11.0,7.0,11.0,7.0,11.0,6.0,11.0,7.0,11.0,7.0,12.0,6.0
3.0093,122.0,-96.0,7.0,0.0,0.0,0.0,0.0,0.0,0.0,0.0,0.0,0.0,-1.0,-23.0,-1.0,-21.0,-1.0,-19.0,0.0,-15.0,0.0,-12.0,2.0,-7.0,4.0,-3.0,7.0,0.0,10.0,4.0,13.0,7.0,16.0,9.0,18.0,11.0,21.0,12.0,23.0,11.0,24.0,11.0,24.0,10.0,23.0,9.0,21.0,8.0,19.0,6.0,15.0,6.0,11.0,5.0,6.0,5.0,1.0,5.0,-4.0,6.0,-8.0,7.0,-13.0,9.0
3.022,122.0,-96.0,7.0,0.0,0.0,0.0,0.0,0.0,0.0,0.0,0.0,0.0,10.0,8.0,4.0,7.0,-1.0,6.0,-7.0,6.0,-13.0,7.0,-18.0,8.0,-22.0,9.0,-26.0,11.0,-28.0,13.0,-29.0,15.0,-29.0,17.0,-28.0,17.0,-27.0,17.0,-24.0,17.0,-21.0,14.0,-17.0,11.0,-14.0,7.0,-11.0,3.0,-8.0,-3.0,-5.0,-9.0,-3.0,-15.0,-2.0,-20.0,-3.0,-25.0,-3.0,-30.0,-4.0,-33.0,-5.0,-35.0
3.0358,122.0,-96.0,7.0,0.0,0.0,0.0,0.0,0.0,0.0,0.0,0.0,0.0,22.0,5.0,20.0,5.0,17.0,4.0,14.0,3.0,10.0,4.0,5.0,4.0,1.0,5.0,-4.0,6.0,-8.0,9.0,-12.0,11.0,-14.0,12.0,-17.0,14.0,-19.0,17.0,-19.0,19.0,-20.0,20.0,-18.0,19.0,-17.0,19.0,-16.0,18.0,-13.0,16.0,-11.0,12.0,-9.0,8.0,-8.0,4.0,-7.0,-1.0,-5.0,-6.0,-5.0,-11.0,-5.0,-16.0
3.0495,122.0,-96.0,7.0,0.0,0.0,0.0,0.0,0.0,0.0,0.0,0.0,0.0,22.0,4.0,24.0,4.0,24.0,4.0,24.0,3.0,23.0,2.0,21.0,2.0,18.0,2.0,15.0,2.0,11.0,2.0,6.0,4.0,2.0,5.0,-3.0,7.0,-7.0,9.0,-10.0,11.0,-13.0,14.0,-16.0,16.0,-17.0,18.0,-18.0,20.0,-19.0,21.0,-18.0,21.0,-17.0,21.0,-15.0,19.0,-13.0,17.0,-10.0,14.0,-8.0,9.0,-7.0,5.0
3.0626,122.0,-96.0,7.0,0.0,0.0,0.0,0.0,0.0,0.0,0.0,0.0,0.0,-11.0,26.0,-10.0,23.0,-9.0,21.0,-8.0,16.0,-7.0,11.0,-7.0,6.0,-8.0,-1.0,-9.0,-6.0,-11.0,-12.0,-13.0,-17.0,-15.0,-20.0,-17.0,-24.0,-19.0,-26.0,-22.0,-27.0,-23.0,-26.0,-24.0,-25.0,-23.0,-23.0,-21.0,-20.0,-18.0,-18.0,-14.0,-15.0,-9.0,-12.0,-3.0,-9.0,3.0,-7.0,9.0,-5.0,15.0,-5.0,21.0,-5.0
3.0764,122.0,-96.0,7.0,0.0,0.0,0.0,0.0,0.0,0.0,0.0,0.0,0.0,15.0,19.0,14.0,17.0,12.0,15.0,9.0,12.0,5.0,9.0,1.0,7.0,-4.0,5.0,-9.0,3.0,-14.0,2.0,-18.0,2.0,-22.0,1.0,-25.0,2.0,-28.0,2.0,-30.0,3.0,-31.0,4.0,-30.0,5.0,-28.0,5.0,-25.0,5.0,-22.0,5.0,-18.0,3.0,-13.0,0.0,-9.0,-2.0,-4.0,-6.0,0.0,-10.0,4.0,-14.0,6.0,-19.0
3.0809,98.0,33.0,22.0,0.0,0.0,0.0,0.0,0.0,0.0,0.0,0.0,0.0,-6.0,7.0,-1.0,8.0,3.0,7.0,8.0,8.0,12.0,7.0,16.0,6.0,19.0,6.0,22.0,5.0,22.0,3.0,24.0,2.0,24.0,0.0,21.0,-2.0,21.0,-3.0,17.0,-5.0,13.0,-5.0,8.0,-6.0,4.0,-4.0,0.0,-3.0,-6.0,0.0,-11.0,3.0,-15.0,5.0,-19.0,9.0,-22.0,12.0,-25.0,15.0,-25.0,17.0,-27.0,18.0
3.094,122.0,-96.0,7.0,0.0,0.0,0.0,0.0,0.0,0.0,0.0,0.0,0.0,-25.0,-8.0,-23.0,-7.0,-19.0,-6.0,-16.0,-5.0,-11.0,-5.0,-6.0,-6.0,-2.0,-7.0,4.0,-8.0,8.0,-10.0,13.0,-13.0,16.0,-15.0,18.0,-17.0,20.0,-19.0,21.0,-21.0,21.0,-23.0,20.0,-23.0,18.0,-22.0,16.0,-20.0,13.0,-17.0,11.0,-14.0,9.0,-9.0,7.0,-4.0,6.0,2.0,5.0,7.0,4.0,12.0,5.0,18.0
3.1114,122.0,-96.0,7.0,0.0,0.0,0.0,0.0,0.0,0.0,0.0,0.0,0.0,3.0,-13.0,3.0,-13.0,3.0,-13.0,3.0,-13.0,3.0,-14.0,3.0,-14.0,3.0,-14.0,3.0,-14.0,3.0,-14.0,3.0,-15.0,2.0,-15.0,3.0,-15.0,3.0,-14.0,2.0,-15.0,3.0,-15.0,3.0,-15.0,2.0,-15.0,2.0,-15.0,2.0,-16.0,2.0,-16.0,2.0,-15.0,2.0,-15.0,2.0,-15.0,1.0,-16.0,1.0,-16.0,1.0,-16.0
3.1226,122.0,-96.0,7.0,0.0,0.0,0.0,0.0,0.0,0.0,0.0,0.0,0.0,22.0,-4.0,20.0,-4.0,17.0,-3.0,14.0,-2.0,10.0,-1.0,6.0,2.0,2.0,4.0,-1.0,8.0,-4.0,11.0,-7.0,15.0,-9.0,17.0,-10.0,20.0,-11.0,22.0,-10.0,25.0,-10.0,25.0,-9.0,25.0,-8.0,24.0,-7.0,21.0,-6.0,18.0,-5.0,14.0,-5.0,10.0,-6.0,5.0,-7.0,0.0,-8.0,-5.0,-9.0,-10.0,-12.0,-14.0
3.1372,122.0,-96.0,7.0,0.0,0.0,0.0,0.0,0.0,0.0,0.0,0.0,0.0,-10.0,5.0,-8.0,1.0,-5.0,-4.0,-4.0,-8.0,-3.0,-13.0,-3.0,-18.0,-3.0,-22.0,-4.0,-25.0,-5.0,-28.0,-6.0,-29.0,-8.0,-29.0,-8.0,-28.0,-8.0,-27.0,-9.0,-24.0,-7.0,-21.0,-5.0,-17.0,-3.0,-13.0,1.0,-9.0,5.0,-5.0,9.0,-1.0,13.0,1.0,18.0,4.0,22.0,4.0,26.0,5.0,29.0,4.0,30.0,4.0
3.1512,122.0,-96.0,7.0,0.0,0.0,0.0,0.0,0.0,0.0,0.0,0.0,0.0,17.0,-15.0,15.0,-14.0,13.0,-12.0,11.0,-9.0,8.0,-6.0,6.0,-1.0,5.0,3.0,3.0,8.0,2.0,12.0,2.0,16.0,2.0,19.0,3.0,22.0,3.0,25.0,5.0,26.0,5.0,26.0,6.0,25.0,6.0,23.0,6.0,21.0,5.0,18.0,3.0,14.0,0.0,9.0,-3.0,6.0,-6.0,2.0,-10.0,-1.0,-14.0,-4.0,-18.0,-6.0
3.1659,122.0,-96.0,7.0,0.0,0.0,0.0,0.0,0.0,0.0,0.0,0.0,0.0,10.0,-5.0,10.0,-5.0,10.0,-5.0,10.0,-6.0,10.0,-5.0,11.0,-6.0,11.0,-6.0,10.0,-6.0,11.0,-6.0,11.0,-6.0,11.0,-6.0,11.0,-7.0,11.0,-6.0,11.0,-7.0,11.0,-7.0,11.0,-7.0,11.0,-7.0,11.0,-7.0,11.0,-7.0,11.0,-7.0,11.0,-7.0,11.0,-7.0,11.0,-8.0,12.0,-7.0,11.0,-7.0,11.0,-8.0
3.1785,122.0,-96.0,7.0,0.0,0.0,0.0,0.0,0.0,0.0,0.0,0.0,0.0,9.0,5.0,10.0,5.0,11.0,5.0,10.0,5.0,10.0,5.0,10.0,5.0,11.0,5.0,11.0,5.0,11.0,5.0,11.0,5.0,11.0,5.0,12.0,5.0,11.0,5.0,11.0,5.0,12.0,5.0,12.0,5.0,12.0,4.0,12.0,5.0,12.0,5.0,12.0,5.0,12.0,4.0,12.0,4.0,13.0,5.0,12.0,4.0,13.0,4.0,12.0,4.0
3.1938,122.0,-96.0,7.0,0.0,0.0,0.0,0.0,0.0,0.0,0.0,0.0,0.0,-23.0,-4.0,-25.0,-4.0,-25.0,-3.0,-25.0,-3.0,-24.0,-2.0,-21.0,-2.0,-19.0,-2.0,-15.0,-3.0,-11.0,-3.0,-6.0,-5.0,-1.0,-6.0,3.0,-9.0,7.0,-11.0,10.0,-14.0,13.0,-16.0,15.0,-19.0,16.0,-21.0,17.0,-22.0,17.0,-22.0,15.0,-22.0,14.0,-21.0,12.0,-19.0,10.0,-16.0,8.0,-12.0,6.0,-8.0,5.0,-3.0
3.208,122.0,-96.0,7.0,0.0,0.0,0.0,0.0,0.0,0.0,0.0,0.0,0.0,-15.0,16.0,-14.0,15.0,-12.0,13.0,-10.0,10.0,-8.0,6.0,-7.0,2.0,-6.0,-2.0,-5.0,-7.0,-5.0,-12.0,-6.0,-16.0,-6.0,-19.0,-7.0,-22.0,-8.0,-24.0,-10.0,-26.0,-11.0,-26.0,-11.0,-25.0,-11.0,-24.0,-10.0,-21.0,-9.0,-18.0,-7.0,-15.0,-4.0,-11.0,0.0,-8.0,4.0,-5.0,8.0,-2.0,12.0,1.0,17.0,2.0
3.2233,122.0,-96.0,7.0,0.0,0.0,0.0,0.0,0.0,0.0,0.0,0.0,0.0,-12.0,3.0,-12.0,2.0,-11.0,2.0,-12.0,3.0,-12.0,3.0,-12.0,3.0,-12.0,3.0,-12.0,4.0,-12.0,4.0,-12.0,4.0,-13.0,3.0,-13.0,4.0,-13.0,3.0,-13.0,4.0,-13.0,4.0,-13.0,4.0,-14.0,4.0,-13.0,4.0,-13.0,5.0,-13.0,4.0,-13.0,4.0,-13.0,4.0,-13.0,5.0,-13.0,5.0,-13.0,5.0,-13.0,5.0
3.2376,122.0,-96.0,7.0,0.0,0.0,0.0,0.0,0.0,0.0,0.0,0.0,0.0,-8.0,7.0,-12.0,9.0,-14.0,12.0,-16.0,13.0,-18.0,16.0,-19.0,17.0,-19.0,19.0,-18.0,19.0,-16.0,18.0,-15.0,16.0,-13.0,14.0,-11.0,10.0,-9.0,7.0,-8.0,2.0,-6.0,-2.0,-6.0,-7.0,-5.0,-12.0,-5.0,-17.0,-6.0,-21.0,-7.0,-23.0,-9.0,-26.0,-9.0,-27.0,-11.0,-27.0,-11.0,-26.0,-12.0,-24.0,-11.0,-22.0
3.2509,122.0,-96.0,7.0,0.0,0.0,0.0,0.0,0.0,0.0,0.0,0.0,0.0,4.0,-14.0,4.0,-14.0,4.0,-15.0,4.0,-15.0,4.0,-15.0,4.0,-15.0,4.0,-15.0,4.0,-16.0,4.0,-16.0,4.0,-16.0,4.0,-16.0,5.0,-16.0,4.0,-16.0,4.0,-16.0,4.0,-16.0,4.0,-17.0,3.0,-16.0,4.0,-17.0,4.0,-17.0,3.0,-17.0,4.0,-17.0,3.0,-17.0,3.0,-17.0,3.0,-17.0,3.0,-17.0,3.0,-18.0
3.267,122.0,-96.0,7.0,0.0,0.0,0.0,0.0,0.0,0.0,0.0,0.0,0.0,-8.0,9.0,-8.0,10.0,-9.0,10.0,-9.0,10.0,-9.0,10.0,-9.0,10.0,-9.0,10.0,-9.0,11.0,-9.0,11.0,-9.0,11.0,-9.0,11.0,-9.0,11.0,-9.0,11.0,-9.0,11.0,-8.0,12.0,-9.0,12.0,-9.0,11.0,-9.0,13.0,-9.0,12.0,-9.0,12.0,-9.0,12.0,-9.0,12.0,-8.0,13.0,-8.0,12.0,-8.0,12.0,-8.0,13.0
3.2814,122.0,-96.0,7.0,0.0,0.0,0.0,0.0,0.0,0.0,0.0,0.0,0.0,11.0,22.0,10.0,20.0,9.0,17.0,6.0,14.0,4.0,11.0,0.0,7.0,-5.0,5.0,-9.0,2.0,-14.0,0.0,-18.0,-2.0,-22.0,-2.0,-25.0,-3.0,-28.0,-2.0,-30.0,-2.0,-31.0,0.0,-30.0,0.0,-28.0,1.0,-26.0,1.0,-22.0,1.0,-18.0,1.0,-13.0,-2.0,-8.0,-3.0,-3.0,-7.0,2.0,-10.0,6.0,-13.0,9.0,-17.0
3.2954,122.0,-96.0,7.0,0.0,0.0,0.0,0.0,0.0,0.0,0.0,0.0,0.0,11.0,19.0,13.0,20.0,14.0,20.0,14.0,19.0,14.0,18.0,13.0,17.0,11.0,14.0,9.0,12.0,6.0,10.0,1.0,8.0,-3.0,5.0,-7.0,3.0,-12.0,2.0,-16.0,1.0,-20.0,0.0,-23.0,0.0,-26.0,1.0,-28.0,1.0,-28.0,2.0,-28.0,3.0,-27.0,3.0,-24.0,4.0,-22.0,4.0,-17.0,2.0,-13.0,1.0,-9.0,-1.0
3.3087,122.0,-96.0,7.0,0.0,0.0,0.0,0.0,0.0,0.0,0.0,0.0,0.0,12.0,1.0,12.0,1.0,13.0,1.0,13.0,1.0,13.0,1.0,13.0,0.0,14.0,1.0,14.0,0.0,13.0,0.0,13.0,0.0,14.0,0.0,14.0,0.0,14.0,0.0,14.0,0.0,14.0,0.0,14.0,0.0,14.0,-1.0,14.0,0.0,15.0,0.0,15.0,-1.0,15.0,-1.0,14.0,-1.0,14.0,-1.0,15.0,-2.0,15.0,-1.0,15.0,-1.0
3.3221,122.0,-96.0,7.0,0.0,0.0,0.0,0.0,0.0,0.0,0.0,0.0,0.0,-12.0,4.0,-9.0,0.0,-5.0,-5.0,-3.0,-10.0,-1.0,-15.0,0.0,-21.0,0.0,-25.0,0.0,-29.0,-1.0,-32.0,-2.0,-33.0,-3.0,-34.0,-4.0,-33.0,-4.0,-31.0,-5.0,-28.0,-5.0,-23.0,-3.0,-19.0,0.0,-14.0,3.0,-8.0,8.0,-4.0,11.0,1.0,16.0,4.0,21.0,7.0,26.0,9.0,29.0,9.0,32.0,9.0,33.0,9.0
3.3271,98.0,33.0,22.0,0.0,0.0,0.0,0.0,0.0,0.0,0.0,0.0,0.0,-1.0,-18.0,-3.0,-21.0,-6.0,-23.0,-8.0,-24.0,-8.0,-26.0,-10.0,-25.0,-12.0,-25.0,-11.0,-21.0,-12.0,-20.0,-12.0,-16.0,-11.0,-13.0,-9.0,-7.0,-7.0,-3.0,-4.0,3.0,0.0,6.0,3.0,9.0,9.0,12.0,14.0,15.0,18.0,16.0,22.0,16.0,25.0,17.0,28.0,15.0,28.0,14.0,27.0,11.0,24.0,11.0,23.0,9.0
3.3415,122.0,-96.0,7.0,0.0,0.0,0.0,0.0,0.0,0.0,0.0,0.0,0.0,-11.0,-21.0,-12.0,-22.0,-13.0,-22.0,-13.0,-22.0,-13.0,-20.0,-12.0,-19.0,-10.0,-16.0,-8.0,-14.0,-5.0,-11.0,-1.0,-8.0,3.0,-5.0,7.0,-3.0,12.0,-2.0,16.0,0.0,20.0,1.0,23.0,1.0,26.0,1.0,27.0,1.0,28.0,0.0,27.0,0.0,26.0,0.0,23.0,-1.0,20.0,-1.0,15.0,-1.0,11.0,0.0,6.0,2.0
3.3545,122.0,-96.0,7.0,0.0,0.0,0.0,0.0,0.0,0.0,0.0,0.0,0.0,14.0,17.0,13.0,15.0,11.0,13.0,8.0,11.0,5.0,8.0,1.0,7.0,-3.0,5.0,-8.0,3.0,-12.0,2.0,-16.0,3.0,-20.0,2.0,-23.0,2.0,-25.0,3.0,-27.0,5.0,-27.0,6.0,-26.0,6.0,-25.0,6.0,-22.0,6.0,-19.0,5.0,-16.0,4.0,-12.0,1.0,-8.0,-1.0,-4.0,-6.0,-1.0,-9.0,2.0,-13.0,4.0,-18.0
3.3684,122.0,-96.0,7.0,0.0,0.0,0.0,0.0,0.0,0.0,0.0,0.0,0.0,23.0,-18.0,24.0,-21.0,23.0,-21.0,23.0,-21.0,21.0,-20.0,19.0,-19.0,16.0,-16.0,14.0,-12.0,11.0,-9.0,9.0,-3.0,6.0,2.0,5.0,8.0,4.0,14.0,3.0,20.0,3.0,25.0,2.0,28.0,3.0,32.0,4.0,33.0,6.0,34.0,6.0,33.0,6.0,32.0,6.0,28.0,6.0,24.0,4.0,19.0,1.0,14.0,-2.0,9.0
3.3891,122.0,-96.0,7.0,0.0,0.0,0.0,0.0,0.0,0.0,0.0,0.0,0.0,10.0,4.0,13.0,6.0,16.0,9.0,18.0,10.0,21.0,10.0,23.0,11.0,24.0,10.0,23.0,9.0,22.0,8.0,20.0,7.0,16.0,7.0,13.0,6.0,9.0,5.0,4.0,5.0,-1.0,5.0,-6.0,7.0,-11.0,8.0,-15.0,10.0,-18.0,12.0,-21.0,14.0,-22.0,16.0,-22.0,17.0,-22.0,18.0,-21.0,17.0,-19.0,17.0,-16.0,16.0
3.4046,122.0,-96.0,7.0,0.0,0.0,0.0,0.0,0.0,0.0,0.0,0.0,0.0,-13.0,-3.0,-13.0,-2.0,-13.0,-3.0,-13.0,-3.0,-13.0,-2.0,-14.0,-3.0,-14.0,-2.0,-14.0,-2.0,-14.0,-2.0,-14.0,-2.0,-14.0,-2.0,-15.0,-3.0,-14.0,-2.0,-15.0,-2.0,-15.0,-2.0,-15.0,-2.0,-15.0,-2.0,-15.0,-2.0,-15.0,-2.0,-16.0,-1.0,-15.0,-1.0,-15.0,-1.0,-15.0,-1.0,-16.0,-1.0,-16.0,-1.0,-16.0,-1.0
3.4189,122.0,-96.0,7.0,0.0,0.0,0.0,0.0,0.0,0.0,0.0,0.0,0.0,-1.0,14.0,-1.0,14.0,-1.0,14.0,-1.0,15.0,-1.0,14.0,-1.0,15.0,-1.0,15.0,0.0,15.0,-1.0,15.0,0.0,15.0,0.0,16.0,-1.0,16.0,0.0,16.0,0.0,16.0,0.0,16.0,0.0,16.0,0.0,16.0,0.0,16.0,0.0,16.0,1.0,16.0,1.0,16.0,0.0,17.0,1.0,16.0,1.0,17.0,1.0,17.0,1.0,17.0
3.4321,122.0,-96.0,7.0,0.0,0.0,0.0,0.0,0.0,0.0,0.0,0.0,0.0,22.0,-19.0,23.0,-21.0,23.0,-22.0,21.0,-22.0,20.0,-21.0,18.0,-20.0,16.0,-17.0,14.0,-13.0,11.0,-9.0,9.0,-3.0,6.0,2.0,5.0,8.0,4.0,14.0,4.0,20.0,4.0,24.0,5.0,28.0,6.0,31.0,7.0,33.0,8.0,34.0,9.0,32.0,8.0,31.0,8.0,27.0,7.0,23.0,5.0,19.0,2.0,13.0,-2.0,9.0
3.4459,122.0,-96.0,7.0,0.0,0.0,0.0,0.0,0.0,0.0,0.0,0.0,0.0,-9.0,8.0,-13.0,10.0,-16.0,12.0,-19.0,15.0,-20.0,17.0,-21.0,19.0,-21.0,20.0,-20.0,21.0,-19.0,20.0,-17.0,18.0,-15.0,16.0,-13.0,12.0,-10.0,8.0,-9.0,4.0,-7.0,-1.0,-6.0,-7.0,-6.0,-12.0,-5.0,-17.0,-7.0,-22.0,-7.0,-25.0,-9.0,-28.0,-10.0,-30.0,-12.0,-30.0,-12.0,-29.0,-13.0,-28.0,-12.0,-25.0
3.4616,122.0,-96.0,7.0,0.0,0.0,0.0,0.0,0.0,0.0,0.0,0.0,0.0,-2.0,25.0,-1.0,22.0,-1.0,20.0,-2.0,15.0,-3.0,12.0,-4.0,7.0,-7.0,2.0,-9.0,-2.0,-12.0,-6.0,-15.0,-10.0,-18.0,-13.0,-20.0,-15.0,-23.0,-16.0,-25.0,-16.0,-26.0,-16.0,-27.0,-15.0,-25.0,-14.0,-24.0,-13.0,-21.0,-10.0,-17.0,-9.0,-12.0,-8.0,-7.0,-7.0,-1.0,-7.0,4.0,-7.0,9.0,-8.0,15.0,-9.0
3.4712,122.0,-96.0,7.0,0.0,0.0,0.0,0.0,0.0,0.0,0.0,0.0,0.0,0.0,12.0,-3.0,7.0,-6.0,3.0,-10.0,-1.0,-14.0,-4.0,-19.0,-7.0,-23.0,-9.0,-27.0,-10.0,-30.0,-11.0,-31.0,-11.0,-33.0,-10.0,-32.0,-8.0,-31.0,-7.0,-29.0,-6.0,-25.0,-5.0,-21.0,-5.0,-15.0,-5.0,-10.0,-6.0,-4.0,-7.0,2.0,-10.0,7.0,-13.0,12.0,-16.0,16.0,-19.0,18.0,-23.0,20.0,-26.0,20.0,-28.0
3.4841,122.0,-96.0,7.0,0.0,0.0,0.0,0.0,0.0,0.0,0.0,0.0,0.0,14.0,17.0,12.0,15.0,11.0,13.0,8.0,11.0,5.0,8.0,1.0,7.0,-4.0,5.0,-8.0,3.0,-12.0,3.0,-17.0,2.0,-20.0,2.0,-23.0,2.0,-25.0,3.0,-27.0,4.0,-27.0,5.0,-26.0,6.0,-25.0,6.0,-23.0,6.0,-19.0,5.0,-16.0,4.0,-12.0,1.0,-8.0,-2.0,-4.0,-6.0,0.0,-9.0,3.0,-12.0,4.0,-17.0
3.5017,122.0,-96.0,7.0,0.0,0.0,0.0,0.0,0.0,0.0,0.0,0.0,0.0,3.0,-12.0,5.0,-16.0,7.0,-19.0,8.0,-23.0,9.0,-25.0,9.0,-27.0,8.0,-28.0,7.0,-28.0,6.0,-27.0,5.0,-24.0,5.0,-21.0,5.0,-17.0,4.0,-12.0,5.0,-7.0,6.0,-2.0,8.0,3.0,10.0,8.0,13.0,13.0,16.0,16.0,18.0,19.0,21.0,21.0,22.0,21.0,23.0,21.0,22.0,19.0,22.0,17.0,20.0,15.0
3.5125,122.0,-96.0,7.0,0.0,0.0,0.0,0.0,0.0,0.0,0.0,0.0,0.0,21.0,-14.0,19.0,-13.0,17.0,-12.0,14.0,-9.0,10.0,-6.0,8.0,-2.0,5.0,3.0,3.0,7.0,1.0,12.0,0.0,17.0,-1.0,20.0,-1.0,24.0,0.0,27.0,1.0,29.0,2.0,30.0,3.0,29.0,3.0,28.0,3.0,25.0,3.0,22.0,2.0,18.0,0.0,13.0,-2.0,9.0,-5.0,4.0,-9.0,-1.0,-12.0,-4.0,-17.0,-7.0
3.5261,122.0,-96.0,7.0,0.0,0.0,0.0,0.0,0.0,0.0,0.0,0.0,0.0,-14.0,3.0,-15.0,3.0,-15.0,3.0,-15.0,4.0,-15.0,4.0,-15.0,4.0,-15.0,4.0,-16.0,4.0,-16.0,4.0,-16.0,4.0,-16.0,4.0,-16.0,4.0,-16.0,4.0,-16.0,5.0,-16.0,5.0,-16.0,5.0,-17.0,4.0,-16.0,5.0,-16.0,5.0,-16.0,6.0,-16.0,5.0,-17.0,6.0,-17.0,6.0,-17.0,6.0,-17.0,6.0,-17.0,6.0
3.5404,122.0,-96.0,7.0,0.0,0.0,0.0,0.0,0.0,0.0,0.0,0.0,0.0,-11.0,20.0,-11.0,22.0,-11.0,22.0,-10.0,22.0,-9.0,21.0,-9.0,19.0,-7.0,16.0,-7.0,13.0,-6.0,9.0,-7.0,4.0,-6.0,-1.0,-7.0,-6.0,-9.0,-11.0,-10.0,-15.0,-12.0,-18.0,-13.0,-20.0,-15.0,-22.0,-16.0,-23.0,-17.0,-23.0,-17.0,-22.0,-16.0,-20.0,-15.0,-18.0,-13.0,-15.0,-9.0,-12.0,-5.0,-9.0,-1.0,-7.0
3.5539,122.0,-96.0,7.0,0.0,0.0,0.0,0.0,0.0,0.0,0.0,0.0,0.0,-13.0,1.0,-13.0,1.0,-13.0,1.0,-14.0,1.0,-14.0,1.0,-14.0,1.0,-14.0,1.0,-15.0,2.0,-14.0,2.0,-14.0,1.0,-15.0,1.0,-15.0,1.0,-15.0,1.0,-15.0,2.0,-15.0,2.0,-15.0,1.0,-15.0,2.0,-15.0,2.0,-15.0,2.0,-15.0,2.0,-16.0,3.0,-15.0,3.0,-15.0,3.0,-16.0,3.0,-15.0,3.0,-15.0,3.0
3.5695,122.0,-96.0,7.0,0.0,0.0,0.0,0.0,0.0,0.0,0.0,0.0,0.0,0.0,-12.0,2.0,-7.0,5.0,-3.0,8.0,0.0,12.0,4.0,16.0,6.0,20.0,8.0,23.0,9.0,26.0,9.0,27.0,9.0,28.0,8.0,27.0,7.0,26.0,6.0,24.0,4.0,20.0,4.0,16.0,3.0,10.0,3.0,5.0,5.0,0.0,7.0,-5.0,9.0,-10.0,12.0,-13.0,16.0,-16.0,18.0,-18.0,21.0,-18.0,23.0,-19.0,25.0
3.5819,122.0,-96.0,7.0,0.0,0.0,0.0,0.0,0.0,0.0,0.0,0.0,0.0,-14.0,-2.0,-19.0,-4.0,-24.0,-6.0,-27.0,-7.0,-30.0,-7.0,-32.0,-6.0,-33.0,-5.0,-33.0,-4.0,-31.0,-4.0,-27.0,-3.0,-23.0,-3.0,-18.0,-3.0,-13.0,-4.0,-7.0,-6.0,-1.0,-8.0,4.0,-11.0,9.0,-15.0,13.0,-17.0,17.0,-22.0,19.0,-25.0,20.0,-28.0,20.0,-29.0,19.0,-30.0,18.0,-29.0,16.0,-28.0,14.0,-25.0
3.5977,122.0,-96.0,7.0,0.0,0.0,0.0,0.0,0.0,0.0,0.0,0.0,0.0,-4.0,10.0,-4.0,10.0,-4.0,11.0,-4.0,11.0,-4.0,11.0,-4.0,11.0,-5.0,11.0,-4.0,12.0,-4.0,11.0,-4.0,12.0,-4.0,12.0,-4.0,12.0,-4.0,12.0,-4.0,12.0,-4.0,12.0,-4.0,12.0,-4.0,12.0,-4.0,12.0,-4.0,12.0,-4.0,12.0,-4.0,12.0,-4.0,13.0,-4.0,12.0,-3.0,13.0,-4.0,13.0,-4.0,13.0
3.6108,122.0,-96.0,7.0,0.0,0.0,0.0,0.0,0.0,0.0,0.0,0.0,0.0,11.0,-20.0,11.0,-22.0,11.0,-23.0,10.0,-23.0,8.0,-22.0,8.0,-20.0,7.0,-17.0,6.0,-14.0,5.0,-10.0,5.0,-4.0,5.0,0.0,6.0,5.0,8.0,10.0,9.0,14.0,11.0,17.0,12.0,19.0,14.0,21.0,15.0,22.0,16.0,22.0,16.0,21.0,15.0,19.0,14.0,16.0,12.0,14.0,8.0,11.0,4.0,8.0,0.0,6.0
3.6251,122.0,-96.0,7.0,0.0,0.0,0.0,0.0,0.0,0.0,0.0,0.0,0.0,-11.0,5.0,-11.0,5.0,-10.0,5.0,-11.0,5.0,-11.0,5.0,-11.0,5.0,-11.0,5.0,-11.0,6.0,-11.0,6.0,-11.0,6.0,-12.0,6.0,-11.0,6.0,-12.0,6.0,-12.0,6.0,-11.0,7.0,-12.0,6.0,-12.0,6.0,-11.0,7.0,-12.0,7.0,-12.0,7.0,-12.0,7.0,-12.0,7.0,-11.0,7.0,-12.0,7.0,-11.0,7.0,-12.0,8.0
3.6384,122.0,-96.0,7.0,0.0,0.0,0.0,0.0,0.0,0.0,0.0,0.0,0.0,12.0,2.0,7.0,3.0,2.0,6.0,-3.0,8.0,-8.0,12.0,-12.0,16.0,-14.0,19.0,-16.0,23.0,-17.0,26.0,-17.0,27.0,-17.0,29.0,-15.0,28.0,-14.0,27.0,-11.0,26.0,-10.0,22.0,-9.0,17.0,-8.0,12.0,-8.0,6.0,-9.0,0.0,-9.0,-6.0,-11.0,-12.0,-14.0,-17.0,-16.0,-22.0,-19.0,-24.0,-21.0,-26.0,-23.0,-27.0
3.6523,122.0,-96.0,7.0,0.0,0.0,0.0,0.0,0.0,0.0,0.0,0.0,0.0,4.0,10.0,4.0,10.0,4.0,10.0,5.0,10.0,4.0,11.0,5.0,10.0,4.0,10.0,4.0,10.0,5.0,10.0,5.0,10.0,5.0,11.0,5.0,11.0,5.0,11.0,6.0,11.0,5.0,11.0,6.0,11.0,6.0,11.0,6.0,11.0,5.0,11.0,5.0,11.0,5.0,11.0,6.0,10.0,7.0,11.0,7.0,11.0,6.0,11.0,7.0,11.0
3.6654,122.0,-96.0,7.0,0.0,0.0,0.0,0.0,0.0,0.0,0.0,0.0,0.0,4.0,-12.0,5.0,-7.0,6.0,-1.0,8.0,4.0,11.0,9.0,15.0,13.0,18.0,16.0,21.0,18.0,24.0,20.0,25.0,20.0,26.0,20.0,26.0,17.0,25.0,16.0,23.0,13.0,19.0,11.0,15.0,9.0,9.0,8.0,3.0,7.0,-3.0,8.0,-9.0,7.0,-15.0,9.0,-20.0,11.0,-24.0,13.0,-27.0,16.0,-29.0,18.0,-29.0,19.0
3.6861,122.0,-96.0,7.0,0.0,0.0,0.0,0.0,0.0,0.0,0.0,0.0,0.0,-12.0,22.0,-12.0,24.0,-12.0,25.0,-11.0,25.0,-10.0,23.0,-9.0,22.0,-8.0,19.0,-8.0,15.0,-7.0,10.0,-7.0,5.0,-7.0,-1.0,-8.0,-6.0,-9.0,-11.0,-11.0,-15.0,-13.0,-19.0,-14.0,-22.0,-16.0,-24.0,-17.0,-25.0,-19.0,-26.0,-19.0,-24.0,-18.0,-23.0,-17.0,-20.0,-15.0,-18.0,-11.0,-14.0,-7.0,-11.0,-3.0,-9.0
3.6995,122.0,-96.0,7.0,0.0,0.0,0.0,0.0,0.0,0.0,0.0,0.0,0.0,8.0,7.0,8.0,6.0,8.0,6.0,9.0,7.0,9.0,6.0,9.0,7.0,9.0,7.0,9.0,7.0,9.0,7.0,9.0,7.0,9.0,7.0,9.0,7.0,9.0,7.0,9.0,6.0,9.0,7.0,10.0,7.0,10.0,6.0,10.0,7.0,10.0,7.0,9.0,7.0,10.0,7.0,10.0,7.0,10.0,7.0,10.0,7.0,10.0,7.0,11.0,7.0
3.7119,122.0,-96.0,7.0,0.0,0.0,0.0,0.0,0.0,0.0,0.0,0.0,0.0,-14.0,0.0,-19.0,-1.0,-24.0,-2.0,-27.0,-3.0,-30.0,-2.0,-33.0,-1.0,-33.0,-1.0,-33.0,1.0,-31.0,1.0,-28.0,2.0,-23.0,0.0,-19.0,-1.0,-14.0,-2.0,-8.0,-5.0,-3.0,-7.0,2.0,-12.0,6.0,-16.0,10.0,-20.0,13.0,-24.0,14.0,-28.0,15.0,-31.0,15.0,-32.0,14.0,-33.0,13.0,-31.0,11.0,-30.0,9.0,-27.0
3.7267,122.0,-96.0,7.0,0.0,0.0,0.0,0.0,0.0,0.0,0.0,0.0,0.0,-22.0,4.0,-20.0,4.0,-18.0,3.0,-15.0,2.0,-11.0,0.0,-8.0,-2.0,-4.0,-5.0,-1.0,-9.0,2.0,-12.0,4.0,-16.0,6.0,-19.0,7.0,-21.0,7.0,-24.0,7.0,-26.0,6.0,-27.0,5.0,-26.0,4.0,-25.0,4.0,-23.0,3.0,-20.0,3.0,-16.0,3.0,-11.0,4.0,-6.0,6.0,-2.0,7.0,3.0,9.0,7.0,12.0,11.0
3.74,122.0,-96.0,7.0,0.0,0.0,0.0,0.0,0.0,0.0,0.0,0.0,0.0,7.0,8.0,7.0,8.0,7.0,8.0,8.0,9.0,7.0,8.0,8.0,9.0,7.0,8.0,8.0,9.0,8.0,9.0,8.0,8.0,8.0,9.0,8.0,9.0,8.0,9.0,9.0,9.0,9.0,9.0,9.0,9.0,9.0,9.0,9.0,9.0,9.0,9.0,9.0,9.0,9.0,9.0,9.0,9.0,10.0,8.0,10.0,9.0,10.0,9.0,10.0,8.0
3.7547,122.0,-96.0,7.0,0.0,0.0,0.0,0.0,0.0,0.0,0.0,0.0,0.0,10.0,6.0,12.0,9.0,16.0,11.0,18.0,13.0,21.0,15.0,23.0,15.0,24.0,15.0,24.0,14.0,24.0,13.0,22.0,11.0,18.0,10.0,14.0,9.0,11.0,7.0,5.0,7.0,0.0,6.0,-5.0,6.0,-11.0,7.0,-15.0,9.0,-20.0,10.0,-23.0,12.0,-25.0,14.0,-26.0,15.0,-27.0,17.0,-25.0,17.0,-24.0,18.0,-22.0,16.0
3.7676,122.0,-96.0,7.0,0.0,0.0,0.0,0.0,0.0,0.0,0.0,0.0,0.0,12.0,-19.0,11.0,-18.0,9.0,-16.0,8.0,-13.0,6.0,-9.0,6.0,-5.0,5.0,0.0,5.0,5.0,6.0,9.0,7.0,13.0,8.0,16.0,8.0,19.0,10.0,22.0,12.0,23.0,13.0,23.0,13.0,22.0,13.0,21.0,12.0,19.0,11.0,16.0,8.0,14.0,5.0,11.0,1.0,8.0,-3.0,5.0,-7.0,2.0,-11.0,1.0,-16.0,0.0
3.78,122.0,-96.0,7.0,0.0,0.0,0.0,0.0,0.0,0.0,0.0,0.0,0.0,24.0,-4.0,22.0,-4.0,19.0,-3.0,15.0,-2.0,11.0,0.0,7.0,2.0,3.0,5.0,-1.0,9.0,-4.0,12.0,-7.0,16.0,-9.0,19.0,-11.0,22.0,-11.0,25.0,-11.0,27.0,-10.0,28.0,-9.0,28.0,-8.0,26.0,-7.0,24.0,-6.0,20.0,-6.0,16.0,-5.0,11.0,-6.0,6.0,-7.0,0.0,-8.0,-5.0,-10.0,-10.0,-14.0,-15.0
3.7941,122.0,-96.0,7.0,0.0,0.0,0.0,0.0,0.0,0.0,0.0,0.0,0.0,19.0,-13.0,16.0,-12.0,15.0,-11.0,12.0,-8.0,9.0,-5.0,7.0,-2.0,5.0,2.0,3.0,7.0,1.0,11.0,0.0,15.0,0.0,18.0,0.0,21.0,0.0,24.0,1.0,26.0,2.0,26.0,3.0,26.0,3.0,24.0,3.0,23.0,3.0,20.0,2.0,16.0,0.0,12.0,-2.0,8.0,-5.0,4.0,-8.0,0.0,-11.0,-4.0,-15.0,-6.0
3.8104,122.0,-96.0,7.0,0.0,0.0,0.0,0.0,0.0,0.0,0.0,0.0,0.0,-7.0,-10.0,-3.0,-8.0,2.0,-6.0,7.0,-5.0,12.0,-4.0,17.0,-5.0,20.0,-5.0,23.0,-6.0,26.0,-8.0,27.0,-8.0,27.0,-9.0,26.0,-10.0,25.0,-10.0,22.0,-11.0,19.0,-9.0,15.0,-7.0,12.0,-4.0,8.0,0.0,5.0,4.0,1.0,9.0,0.0,13.0,-2.0,18.0,-3.0,23.0,-2.0,26.0,-2.0,29.0,-1.0,30.0
3.8262,122.0,-96.0,7.0,0.0,0.0,0.0,0.0,0.0,0.0,0.0,0.0,0.0,-10.0,10.0,-9.0,10.0,-10.0,11.0,-10.0,11.0,-10.0,11.0,-10.0,11.0,-10.0,11.0,-10.0,12.0,-10.0,12.0,-10.0,12.0,-10.0,12.0,-10.0,12.0,-10.0,12.0,-10.0,12.0,-9.0,13.0,-9.0,13.0,-9.0,13.0,-9.0,14.0,-9.0,14.0,-9.0,14.0,-9.0,14.0,-9.0,14.0,-9.0,14.0,-9.0,14.0,-9.0,14.0,-9.0,15.0
3.8401,122.0,-96.0,7.0,0.0,0.0,0.0,0.0,0.0,0.0,0.0,0.0,0.0,23.0,-8.0,21.0,-8.0,18.0,-7.0,15.0,-5.0,11.0,-3.0,7.0,1.0,3.0,5.0,0.0,9.0,-2.0,14.0,-4.0,18.0,-5.0,21.0,-6.0,24.0,-6.0,27.0,-5.0,29.0,-4.0,29.0,-3.0,29.0,-2.0,27.0,-2.0,24.0,-1.0,20.0,-2.0,16.0,-3.0,10.0,-5.0,6.0,-8.0,0.0,-11.0,-5.0,-13.0,-9.0,-17.0,-12.0
3.8556,122.0,-96.0,7.0,0.0,0.0,0.0,0.0,0.0,0.0,0.0,0.0,0.0,-4.0,10.0,-3.0,10.0,-3.0,11.0,-4.0,11.0,-3.0,11.0,-3.0,11.0,-3.0,11.0,-3.0,12.0,-4.0,11.0,-4.0,12.0,-3.0,12.0,-4.0,12.0,-4.0,12.0,-3.0,12.0,-3.0,12.0,-3.0,12.0,-3.0,12.0,-3.0,13.0,-3.0,13.0,-3.0,13.0,-3.0,13.0,-3.0,13.0,-3.0,13.0,-2.0,13.0,-3.0,13.0,-2.0,13.0
3.8693,122.0,-96.0,7.0,0.0,0.0,0.0,0.0,0.0,0.0,0.0,0.0,0.0,9.0,3.0,9.0,4.0,9.0,4.0,10.0,3.0,9.0,3.0,10.0,3.0,10.0,3.0,10.0,3.0,11.0,3.0,10.0,3.0,10.0,3.0,11.0,4.0,10.0,4.0,10.0,3.0,11.0,3.0,11.0,4.0,11.0,3.0,11.0,3.0,12.0,3.0,11.0,3.0,11.0,2.0,11.0,2.0,11.0,2.0,11.0,2.0,11.0,2.0,12.0,2.0
3.8829,122.0,-96.0,7.0,0.0,0.0,0.0,0.0,0.0,0.0,0.0,0.0,0.0,9.0,4.0,5.0,4.0,0.0,6.0,-5.0,7.0,-10.0,9.0,-13.0,12.0,-16.0,14.0,-19.0,17.0,-20.0,20.0,-20.0,21.0,-19.0,22.0,-18.0,22.0,-16.0,21.0,-14.0,20.0,-12.0,16.0,-10.0,13.0,-8.0,8.0,-8.0,2.0,-7.0,-3.0,-7.0,-8.0,-8.0,-14.0,-10.0,-18.0,-12.0,-22.0,-14.0,-24.0,-16.0,-26.0,-17.0,-26.0
3.8857,98.0,33.0,22.0,0.0,0.0,0.0,0.0,0.0,0.0,0.0,0.0,0.0,7.0,-7.0,4.0,-10.0,-3.0,-11.0,-9.0,-12.0,-15.0,-11.0,-19.0,-13.0,-23.0,-12.0,-27.0,-12.0,-28.0,-9.0,-30.0,-8.0,-29.0,-6.0,-28.0,-4.0,-29.0,-1.0,-21.0,2.0,-20.0,3.0,-12.0,4.0,-6.0,2.0,-1.0,1.0,4.0,1.0,11.0,-3.0,19.0,-6.0,22.0,-9.0,28.0,-17.0,31.0,-18.0,32.0,-21.0,31.0,-23.0
3.8991,122.0,-96.0,7.0,0.0,0.0,0.0,0.0,0.0,0.0,0.0,0.0,0.0,20.0,15.0,22.0,15.0,22.0,15.0,22.0,15.0,21.0,13.0,20.0,12.0,17.0,10.0,13.0,9.0,9.0,7.0,4.0,7.0,-1.0,6.0,-7.0,6.0,-12.0,7.0,-17.0,7.0,-21.0,9.0,-24.0,9.0,-27.0,11.0,-28.0,12.0,-28.0,13.0,-27.0,14.0,-26.0,14.0,-23.0,13.0,-19.0,11.0,-16.0,8.0,-12.0,5.0,-9.0,1.0
3.9128,122.0,-96.0,7.0,0.0,0.0,0.0,0.0,0.0,0.0,0.0,0.0,0.0,-9.0,7.0,-13.0,8.0,-15.0,10.0,-18.0,12.0,-19.0,13.0,-21.0,15.0,-20.0,16.0,-20.0,17.0,-18.0,16.0,-16.0,14.0,-14.0,12.0,-12.0,9.0,-9.0,5.0,-7.0,1.0,-6.0,-3.0,-5.0,-8.0,-4.0,-14.0,-4.0,-18.0,-5.0,-22.0,-5.0,-25.0,-6.0,-27.0,-7.0,-27.0,-8.0,-27.0,-9.0,-26.0,-9.0,-24.0,-9.0,-22.0
3.928,122.0,-96.0,7.0,0.0,0.0,0.0,0.0,0.0,0.0,0.0,0.0,0.0,11.0,-3.0,11.0,-3.0,11.0,-3.0,11.0,-3.0,11.0,-3.0,11.0,-3.0,11.0,-4.0,12.0,-4.0,11.0,-4.0,11.0,-4.0,12.0,-4.0,12.0,-4.0,12.0,-4.0,12.0,-5.0,12.0,-4.0,12.0,-4.0,12.0,-5.0,12.0,-5.0,12.0,-5.0,12.0,-5.0,12.0,-5.0,12.0,-4.0,12.0,-5.0,12.0,-5.0,12.0,-5.0,12.0,-6.0
3.9428,122.0,-96.0,7.0,0.0,0.0,0.0,0.0,0.0,0.0,0.0,0.0,0.0,-25.0,4.0,-23.0,4.0,-20.0,3.0,-17.0,2.0,-12.0,0.0,-8.0,-3.0,-4.0,-6.0,-1.0,-10.0,3.0,-13.0,5.0,-17.0,7.0,-20.0,9.0,-23.0,9.0,-26.0,9.0,-28.0,8.0,-30.0,7.0,-29.0,6.0,-28.0,5.0,-25.0,5.0,-22.0,4.0,-17.0,4.0,-13.0,5.0,-7.0,6.0,-2.0,8.0,4.0,10.0,9.0,13.0,13.0
3.9579,122.0,-96.0,7.0,0.0,0.0,0.0,0.0,0.0,0.0,0.0,0.0,0.0,-7.0,-8.0,-7.0,-8.0,-7.0,-8.0,-7.0,-9.0,-8.0,-9.0,-8.0,-9.0,-8.0,-9.0,-8.0,-9.0,-8.0,-9.0,-8.0,-9.0,-8.0,-9.0,-8.0,-9.0,-8.0,-9.0,-8.0,-9.0,-8.0,-9.0,-8.0,-9.0,-9.0,-9.0,-9.0,-9.0,-9.0,-9.0,-9.0,-9.0,-9.0,-9.0,-9.0,-9.0,-9.0,-9.0,-9.0,-9.0,-9.0,-9.0,-9.0,-9.0
3.9716,122.0,-96.0,7.0,0.0,0.0,0.0,0.0,0.0,0.0,0.0,0.0,0.0,-23.0,-1.0,-25.0,0.0,-25.0,1.0,-25.0,1.0,-24.0,2.0,-22.0,2.0,-19.0,1.0,-16.0,0.0,-12.0,-1.0,-8.0,-3.0,-3.0,-6.0,0.0,-9.0,4.0,-12.0,7.0,-15.0,9.0,-18.0,11.0,-20.0,12.0,-23.0,12.0,-25.0,12.0,-26.0,11.0,-25.0,10.0,-24.0,8.0,-22.0,7.0,-19.0,6.0,-15.0,5.0,-11.0,4.0,-6.0
3.986,122.0,-96.0,7.0,0.0,0.0,0.0,0.0,0.0,0.0,0.0,0.0,0.0,21.0,-8.0,22.0,-10.0,23.0,-10.0,22.0,-10.0,20.0,-10.0,18.0,-10.0,16.0,-8.0,13.0,-6.0,10.0,-4.0,7.0,0.0,4.0,3.0,1.0,7.0,-1.0,12.0,-3.0,16.0,-4.0,19.0,-5.0,22.0,-5.0,25.0,-5.0,26.0,-4.0,27.0,-4.0,26.0,-3.0,25.0,-3.0,23.0,-2.0,20.0,-2.0,15.0,-2.0,10.0,-4.0,6.0
3.9899,98.0,33.0,22.0,0.0,0.0,0.0,0.0,0.0,0.0,0.0,0.0,0.0,5.0,10.0,7.0,5.0,9.0,0.0,13.0,-5.0,15.0,-10.0,16.0,-15.0,17.0,-18.0,18.0,-21.0,16.0,-24.0,15.0,-25.0,13.0,-27.0,10.0,-26.0,7.0,-26.0,4.0,-22.0,1.0,-19.0,0.0,-13.0,-2.0,-8.0,-2.0,-1.0,-2.0,6.0,-1.0,12.0,2.0,19.0,4.0,24.0,7.0,28.0,11.0,32.0,14.0,35.0,15.0,37.0
4.0046,122.0,-96.0,7.0,0.0,0.0,0.0,0.0,0.0,0.0,0.0,0.0,0.0,-12.0,-2.0,-7.0,-3.0,-3.0,-6.0,1.0,-9.0,5.0,-12.0,8.0,-16.0,10.0,-19.0,12.0,-22.0,13.0,-25.0,13.0,-26.0,12.0,-27.0,11.0,-27.0,10.0,-26.0,8.0,-24.0,7.0,-21.0,5.0,-17.0,5.0,-12.0,5.0,-7.0,7.0,-1.0,8.0,4.0,9.0,9.0,12.0,14.0,15.0,17.0,17.0,19.0,20.0,21.0,21.0,21.0
4.0189,122.0,-96.0,7.0,0.0,0.0,0.0,0.0,0.0,0.0,0.0,0.0,0.0,4.0,-11.0,4.0,-6.0,6.0,-1.0,7.0,3.0,8.0,8.0,11.0,12.0,13.0,15.0,15.0,18.0,18.0,20.0,20.0,20.0,21.0,20.0,21.0,19.0,21.0,17.0,20.0,15.0,17.0,13.0,14.0,11.0,9.0,9.0,4.0,7.0,-1.0,6.0,-6.0,5.0,-12.0,5.0,-17.0,6.0,-21.0,7.0,-24.0,9.0,-27.0,10.0,-28.0,12.0
4.0322,122.0,-96.0,7.0,0.0,0.0,0.0,0.0,0.0,0.0,0.0,0.0,0.0,-12.0,1.0,-12.0,2.0,-12.0,2.0,-12.0,2.0,-12.0,1.0,-12.0,2.0,-13.0,2.0,-13.0,3.0,-13.0,2.0,-12.0,2.0,-13.0,2.0,-13.0,2.0,-13.0,2.0,-13.0,2.0,-13.0,2.0,-13.0,2.0,-13.0,2.0,-13.0,3.0,-13.0,3.0,-14.0,3.0,-13.0,3.0,-13.0,3.0,-13.0,3.0,-14.0,3.0,-14.0,3.0,-14.0,3.0
4.0458,122.0,-96.0,7.0,0.0,0.0,0.0,0.0,0.0,0.0,0.0,0.0,0.0,8.0,-9.0,11.0,-11.0,15.0,-14.0,17.0,-16.0,19.0,-18.0,20.0,-20.0,20.0,-21.0,19.0,-22.0,17.0,-21.0,16.0,-19.0,14.0,-16.0,11.0,-12.0,9.0,-9.0,7.0,-3.0,6.0,2.0,5.0,6.0,5.0,12.0,5.0,17.0,6.0,22.0,7.0,25.0,8.0,28.0,9.0,29.0,11.0,29.0,11.0,28.0,11.0,26.0,11.0,23.0
4.0588,122.0,-96.0,7.0,0.0,0.0,0.0,0.0,0.0,0.0,0.0,0.0,0.0,-5.0,-11.0,-5.0,-15.0,-6.0,-18.0,-7.0,-21.0,-8.0,-23.0,-9.0,-24.0,-10.0,-25.0,-11.0,-24.0,-11.0,-23.0,-10.0,-21.0,-9.0,-18.0,-6.0,-15.0,-4.0,-12.0,0.0,-8.0,3.0,-5.0,7.0,-3.0,12.0,-1.0,16.0,1.0,20.0,2.0,23.0,2.0,26.0,1.0,27.0,1.0,28.0,0.0,27.0,-1.0,26.0,-2.0,23.0,-3.0
4.0736,122.0,-96.0,7.0,0.0,0.0,0.0,0.0,0.0,0.0,0.0,0.0,0.0,7.0,23.0,9.0,25.0,10.0,25.0,10.0,25.0,10.0,23.0,9.0,22.0,9.0,19.0,6.0,15.0,4.0,12.0,-1.0,8.0,-4.0,5.0,-9.0,2.0,-13.0,-1.0,-17.0,-3.0,-22.0,-4.0,-25.0,-5.0,-28.0,-6.0,-30.0,-6.0,-31.0,-5.0,-31.0,-4.0,-30.0,-3.0,-27.0,-3.0,-24.0,-2.0,-19.0,-2.0,-15.0,-2.0,-10.0,-4.0
4.0877,122.0,-96.0,7.0,0.0,0.0,0.0,0.0,0.0,0.0,0.0,0.0,0.0,-12.0,-2.0,-7.0,-4.0,-3.0,-6.0,1.0,-8.0,5.0,-12.0,8.0,-15.0,11.0,-18.0,12.0,-21.0,14.0,-24.0,13.0,-26.0,12.0,-27.0,11.0,-27.0,10.0,-26.0,8.0,-25.0,8.0,-21.0,7.0,-17.0,6.0,-13.0,6.0,-8.0,6.0,-2.0,7.0,3.0,9.0,8.0,10.0,13.0,13.0,17.0,16.0,19.0,18.0,21.0,20.0,22.0
4.1038,122.0,-96.0,7.0,0.0,0.0,0.0,0.0,0.0,0.0,0.0,0.0,0.0,-11.0,-1.0,-11.0,0.0,-12.0,-1.0,-11.0,-1.0,-11.0,-1.0,-11.0,0.0,-11.0,0.0,-12.0,-1.0,-12.0,-1.0,-12.0,-1.0,-13.0,-1.0,-12.0,-1.0,-12.0,-1.0,-12.0,0.0,-12.0,0.0,-12.0,-1.0,-13.0,0.0,-12.0,0.0,-13.0,0.0,-13.0,0.0,-12.0,0.0,-13.0,1.0,-12.0,1.0,-13.0,1.0,-13.0,1.0,-13.0,0.0
4.1074,98.0,33.0,22.0,0.0,0.0,0.0,0.0,0.0,0.0,0.0,0.0,0.0,4.0,25.0,3.0,22.0,5.0,18.0,5.0,13.0,5.0,9.0,6.0,3.0,6.0,-2.0,5.0,-8.0,4.0,-13.0,3.0,-17.0,0.0,-21.0,-1.0,-24.0,-4.0,-26.0,-7.0,-27.0,-9.0,-26.0,-11.0,-25.0,-12.0,-22.0,-11.0,-19.0,-10.0,-15.0,-9.0,-10.0,-5.0,-6.0,0.0,-2.0,5.0,1.0,11.0,6.0,16.0,9.0,23.0,11.0
4.1218,122.0,-96.0,7.0,0.0,0.0,0.0,0.0,0.0,0.0,0.0,0.0,0.0,8.0,-8.0,6.0,-4.0,5.0,2.0,5.0,6.0,4.0,11.0,6.0,16.0,6.0,19.0,8.0,23.0,9.0,25.0,11.0,26.0,13.0,26.0,13.0,25.0,13.0,23.0,14.0,20.0,11.0,17.0,8.0,14.0,5.0,11.0,1.0,8.0,-5.0,5.0,-9.0,3.0,-14.0,2.0,-19.0,1.0,-23.0,1.0,-27.0,2.0,-29.0,4.0,-31.0,4.0
4.1394,122.0,-96.0,7.0,0.0,0.0,0.0,0.0,0.0,0.0,0.0,0.0,0.0,11.0,-3.0,11.0,-3.0,11.0,-3.0,11.0,-3.0,11.0,-3.0,11.0,-3.0,12.0,-3.0,12.0,-3.0,11.0,-3.0,12.0,-3.0,12.0,-3.0,12.0,-3.0,12.0,-3.0,12.0,-4.0,12.0,-3.0,12.0,-4.0,12.0,-4.0,13.0,-4.0,12.0,-4.0,13.0,-4.0,13.0,-4.0,12.0,-4.0,13.0,-5.0,13.0,-5.0,13.0,-4.0,12.0,-5.0
4.1516,122.0,-96.0,7.0,0.0,0.0,0.0,0.0,0.0,0.0,0.0,0.0,0.0,-17.0,14.0,-18.0,16.0,-18.0,17.0,-18.0,17.0,-16.0,17.0,-15.0,15.0,-13.0,13.0,-11.0,10.0,-9.0,6.0,-8.0,2.0,-6.0,-2.0,-5.0,-8.0,-5.0,-12.0,-5.0,-16.0,-5.0,-20.0,-6.0,-23.0,-7.0,-25.0,-7.0,-27.0,-8.0,-27.0,-9.0,-26.0,-9.0,-25.0,-8.0,-22.0,-8.0,-19.0,-6.0,-15.0,-3.0,-11.0,0.0,-8.0
4.1634,122.0,-96.0,7.0,0.0,0.0,0.0,0.0,0.0,0.0,0.0,0.0,0.0,-11.0,3.0,-11.0,3.0,-11.0,3.0,-12.0,4.0,-12.0,4.0,-12.0,3.0,-12.0,4.0,-12.0,5.0,-12.0,4.0,-12.0,4.0,-12.0,4.0,-13.0,4.0,-13.0,5.0,-12.0,5.0,-12.0,5.0,-13.0,5.0,-13.0,5.0,-12.0,6.0,-12.0,5.0,-12.0,5.0,-13.0,6.0,-13.0,6.0,-13.0,6.0,-12.0,6.0,-13.0,6.0,-13.0,6.0
4.1792,122.0,-96.0,7.0,0.0,0.0,0.0,0.0,0.0,0.0,0.0,0.0,0.0,-23.0,-3.0,-21.0,-2.0,-18.0,-2.0,-15.0,-2.0,-11.0,-3.0,-7.0,-4.0,-3.0,-6.0,2.0,-8.0,5.0,-11.0,9.0,-14.0,11.0,-16.0,13.0,-19.0,14.0,-21.0,14.0,-23.0,14.0,-24.0,13.0,-24.0,11.0,-23.0,10.0,-20.0,8.0,-18.0,7.0,-14.0,6.0,-10.0,6.0,-5.0,6.0,0.0,6.0,5.0,6.0,10.0,8.0,14.0
4.1937,122.0,-96.0,7.0,0.0,0.0,0.0,0.0,0.0,0.0,0.0,0.0,0.0,0.0,-13.0,1.0,-17.0,2.0,-21.0,3.0,-24.0,2.0,-27.0,2.0,-29.0,1.0,-29.0,0.0,-29.0,-1.0,-28.0,-1.0,-25.0,0.0,-21.0,1.0,-17.0,1.0,-13.0,3.0,-8.0,5.0,-3.0,8.0,1.0,12.0,5.0,16.0,9.0,19.0,12.0,22.0,13.0,25.0,14.0,27.0,14.0,28.0,14.0,27.0,13.0,26.0,11.0,24.0,9.0
4.2065,122.0,-96.0,7.0,0.0,0.0,0.0,0.0,0.0,0.0,0.0,0.0,0.0,1.0,13.0,2.0,13.0,2.0,13.0,2.0,14.0,2.0,15.0,2.0,14.0,2.0,15.0,3.0,15.0,1.0,15.0,2.0,15.0,2.0,16.0,2.0,15.0,2.0,15.0,3.0,16.0,3.0,16.0,3.0,15.0,3.0,15.0,3.0,15.0,3.0,16.0,3.0,17.0,4.0,16.0,4.0,16.0,4.0,16.0,5.0,16.0,5.0,16.0,4.0,16.0
4.2219,122.0,-96.0,7.0,0.0,0.0,0.0,0.0,0.0,0.0,0.0,0.0,0.0,-18.0,17.0,-17.0,16.0,-14.0,13.0,-12.0,10.0,-10.0,7.0,-8.0,2.0,-7.0,-3.0,-6.0,-8.0,-5.0,-13.0,-6.0,-18.0,-6.0,-21.0,-7.0,-25.0,-8.0,-27.0,-10.0,-29.0,-10.0,-29.0,-11.0,-28.0,-11.0,-27.0,-10.0,-24.0,-9.0,-20.0,-7.0,-17.0,-4.0,-13.0,0.0,-9.0,5.0,-5.0,9.0,-2.0,13.0,1.0,19.0,2.0
4.2343,122.0,-96.0,7.0,0.0,0.0,0.0,0.0,0.0,0.0,0.0,0.0,0.0,10.0,6.0,5.0,6.0,-1.0,6.0,-6.0,7.0,-12.0,9.0,-16.0,11.0,-20.0,13.0,-24.0,16.0,-25.0,19.0,-26.0,20.0,-26.0,21.0,-25.0,21.0,-22.0,21.0,-20.0,20.0,-17.0,17.0,-14.0,13.0,-12.0,8.0,-10.0,3.0,-8.0,-3.0,-7.0,-9.0,-7.0,-15.0,-7.0,-21.0,-8.0,-26.0,-10.0,-30.0,-12.0,-32.0,-13.0,-33.0
4.2475,122.0,-96.0,7.0,0.0,0.0,0.0,0.0,0.0,0.0,0.0,0.0,0.0,0.0,19.0,0.0,20.0,0.0,20.0,0.0,20.0,0.0,20.0,0.0,21.0,0.0,21.0,1.0,21.0,0.0,21.0,0.0,21.0,0.0,21.0,0.0,21.0,0.0,22.0,1.0,22.0,1.0,22.0,1.0,21.0,1.0,23.0,1.0,22.0,1.0,22.0,1.0,23.0,1.0,23.0,1.0,22.0,2.0,23.0,2.0,22.0,1.0,22.0,2.0,23.0
4.2619,122.0,-96.0,7.0,0.0,0.0,0.0,0.0,0.0,0.0,0.0,0.0,0.0,2.0,-13.0,4.0,-8.0,6.0,-3.0,9.0,2.0,12.0,6.0,17.0,10.0,20.0,12.0,23.0,14.0,27.0,16.0,28.0,15.0,29.0,14.0,29.0,13.0,28.0,11.0,26.0,9.0,23.0,8.0,17.0,7.0,12.0,6.0,6.0,6.0,0.0,8.0,-6.0,8.0,-11.0,11.0,-17.0,14.0,-20.0,16.0,-23.0,20.0,-25.0,22.0,-25.0,24.0
4.2773,122.0,-96.0,7.0,0.0,0.0,0.0,0.0,0.0,0.0,0.0,0.0,0.0,-5.0,-12.0,-1.0,-8.0,4.0,-6.0,9.0,-3.0,14.0,-2.0,19.0,-1.0,24.0,0.0,28.0,0.0,31.0,-1.0,32.0,-2.0,33.0,-3.0,32.0,-5.0,30.0,-5.0,27.0,-6.0,23.0,-5.0,19.0,-4.0,13.0,-2.0,9.0,2.0,4.0,6.0,-1.0,10.0,-4.0,15.0,-7.0,20.0,-9.0,25.0,-9.0,29.0,-9.0,32.0,-8.0,33.0
4.2915,122.0,-96.0,7.0,0.0,0.0,0.0,0.0,0.0,0.0,0.0,0.0,0.0,9.0,23.0,8.0,20.0,7.0,18.0,5.0,14.0,2.0,11.0,-2.0,7.0,-5.0,4.0,-10.0,1.0,-15.0,-1.0,-19.0,-3.0,-23.0,-4.0,-26.0,-5.0,-28.0,-4.0,-30.0,-3.0,-30.0,-2.0,-30.0,-1.0,-27.0,0.0,-26.0,0.0,-21.0,0.0,-17.0,-1.0,-12.0,-3.0,-7.0,-5.0,-1.0,-7.0,3.0,-11.0,6.0,-15.0,11.0,-18.0
4.3045,122.0,-96.0,7.0,0.0,0.0,0.0,0.0,0.0,0.0,0.0,0.0,0.0,16.0,-7.0,17.0,-7.0,17.0,-8.0,17.0,-7.0,17.0,-8.0,18.0,-8.0,18.0,-8.0,18.0,-8.0,18.0,-9.0,18.0,-8.0,18.0,-9.0,18.0,-8.0,18.0,-9.0,18.0,-9.0,18.0,-9.0,18.0,-9.0,18.0,-9.0,18.0,-9.0,18.0,-9.0,18.0,-10.0,19.0,-10.0,18.0,-9.0,18.0,-10.0,18.0,-10.0,18.0,-9.0,18.0,-10.0
4.318,122.0,-96.0,7.0,0.0,0.0,0.0,0.0,0.0,0.0,0.0,0.0,0.0,-13.0,0.0,-17.0,-1.0,-21.0,-2.0,-24.0,-2.0,-27.0,-2.0,-29.0,-1.0,-29.0,0.0,-29.0,1.0,-28.0,1.0,-25.0,1.0,-21.0,1.0,-17.0,-1.0,-13.0,-2.0,-8.0,-4.0,-4.0,-6.0,1.0,-10.0,5.0,-14.0,8.0,-17.0,11.0,-21.0,12.0,-24.0,13.0,-27.0,13.0,-28.0,12.0,-29.0,11.0,-29.0,9.0,-28.0,8.0,-25.0
4.3321,122.0,-96.0,7.0,0.0,0.0,0.0,0.0,0.0,0.0,0.0,0.0,0.0,-19.0,13.0,-20.0,14.0,-20.0,15.0,-19.0,15.0,-18.0,15.0,-16.0,14.0,-15.0,12.0,-12.0,9.0,-10.0,6.0,-8.0,1.0,-5.0,-3.0,-5.0,-8.0,-4.0,-13.0,-3.0,-17.0,-3.0,-21.0,-4.0,-24.0,-4.0,-26.0,-5.0,-28.0,-6.0,-28.0,-7.0,-27.0,-7.0,-26.0,-7.0,-23.0,-6.0,-20.0,-4.0,-16.0,-2.0,-11.0,1.0,-8.0
4.3482,122.0,-96.0,7.0,0.0,0.0,0.0,0.0,0.0,0.0,0.0,0.0,0.0,1.0,-11.0,3.0,-7.0,5.0,-2.0,8.0,1.0,12.0,5.0,16.0,8.0,19.0,10.0,22.0,11.0,25.0,11.0,26.0,11.0,27.0,10.0,26.0,9.0,25.0,8.0,23.0,6.0,19.0,5.0,15.0,4.0,10.0,5.0,4.0,5.0,-1.0,7.0,-6.0,9.0,-11.0,11.0,-15.0,14.0,-18.0,17.0,-20.0,20.0,-20.0,22.0,-20.0,24.0
4.3624,122.0,-96.0,7.0,0.0,0.0,0.0,0.0,0.0,0.0,0.0,0.0,0.0,-14.0,4.0,-14.0,4.0,-14.0,4.0,-15.0,5.0,-15.0,4.0,-15.0,5.0,-15.0,4.0,-15.0,5.0,-15.0,5.0,-15.0,5.0,-16.0,5.0,-16.0,5.0,-16.0,5.0,-16.0,5.0,-16.0,5.0,-16.0,5.0,-17.0,5.0,-16.0,6.0,-16.0,6.0,-16.0,6.0,-16.0,6.0,-17.0,6.0,-16.0,6.0,-17.0,6.0,-17.0,6.0,-17.0,7.0
4.3781,122.0,-96.0,7.0,0.0,0.0,0.0,0.0,0.0,0.0,0.0,0.0,0.0,-12.0,-3.0,-12.0,-3.0,-12.0,-3.0,-12.0,-3.0,-12.0,-3.0,-13.0,-3.0,-13.0,-3.0,-13.0,-2.0,-13.0,-3.0,-13.0,-3.0,-13.0,-3.0,-14.0,-3.0,-13.0,-2.0,-14.0,-2.0,-14.0,-3.0,-14.0,-3.0,-14.0,-2.0,-13.0,-2.0,-14.0,-2.0,-14.0,-2.0,-14.0,-2.0,-14.0,-2.0,-14.0,-2.0,-14.0,-2.0,-14.0,-2.0,-14.0,-1.0
4.3909,122.0,-96.0,7.0,0.0,0.0,0.0,0.0,0.0,0.0,0.0,0.0,0.0,-4.0,22.0,-4.0,20.0,-3.0,17.0,-3.0,14.0,-4.0,10.0,-5.0,5.0,-7.0,1.0,-8.0,-3.0,-11.0,-7.0,-13.0,-11.0,-15.0,-13.0,-17.0,-15.0,-20.0,-17.0,-22.0,-17.0,-23.0,-17.0,-22.0,-15.0,-22.0,-14.0,-20.0,-13.0,-17.0,-10.0,-14.0,-9.0,-9.0,-8.0,-4.0,-7.0,1.0,-7.0,6.0,-6.0,11.0,-6.0,15.0,-9.0
4.4108,122.0,-96.0,7.0,0.0,0.0,0.0,0.0,0.0,0.0,0.0,0.0,0.0,-21.0,9.0,-22.0,11.0,-22.0,12.0,-22.0,12.0,-21.0,12.0,-19.0,11.0,-16.0,9.0,-14.0,7.0,-11.0,4.0,-8.0,0.0,-5.0,-4.0,-3.0,-9.0,-2.0,-13.0,0.0,-17.0,0.0,-21.0,1.0,-24.0,0.0,-26.0,0.0,-28.0,-1.0,-28.0,-2.0,-28.0,-2.0,-27.0,-3.0,-24.0,-2.0,-21.0,-1.0,-16.0,0.0,-12.0,2.0,-8.0
4.4253,122.0,-96.0,7.0,0.0,0.0,0.0,0.0,0.0,0.0,0.0,0.0,0.0,-11.0,4.0,-11.0,4.0,-11.0,4.0,-11.0,4.0,-11.0,4.0,-12.0,4.0,-11.0,4.0,-12.0,5.0,-12.0,5.0,-12.0,5.0,-12.0,5.0,-12.0,5.0,-12.0,5.0,-12.0,5.0,-12.0,5.0,-12.0,5.0,-12.0,5.0,-12.0,6.0,-12.0,6.0,-12.0,6.0,-12.0,6.0,-12.0,6.0,-12.0,7.0,-12.0,7.0,-12.0,6.0,-12.0,7.0
4.4411,122.0,-96.0,7.0,0.0,0.0,0.0,0.0,0.0,0.0,0.0,0.0,0.0,-8.0,8.0,-9.0,8.0,-8.0,8.0,-9.0,8.0,-8.0,8.0,-9.0,9.0,-9.0,9.0,-9.0,9.0,-9.0,9.0,-9.0,9.0,-9.0,9.0,-9.0,9.0,-9.0,9.0,-9.0,9.0,-9.0,10.0,-9.0,9.0,-9.0,9.0,-9.0,10.0,-9.0,10.0,-9.0,10.0,-9.0,10.0,-9.0,10.0,-9.0,11.0,-9.0,10.0,-8.0,11.0,-8.0,11.0
4.4575,122.0,-96.0,7.0,0.0,0.0,0.0,0.0,0.0,0.0,0.0,0.0,0.0,-9.0,-8.0,-4.0,-7.0,1.0,-7.0,6.0,-7.0,11.0,-7.0,16.0,-9.0,19.0,-11.0,22.0,-12.0,24.0,-14.0,24.0,-16.0,24.0,-17.0,23.0,-17.0,21.0,-17.0,18.0,-16.0,15.0,-14.0,12.0,-10.0,10.0,-6.0,7.0,-1.0,5.0,4.0,3.0,10.0,3.0,15.0,3.0,20.0,4.0,24.0,5.0,27.0,7.0,29.0,8.0,29.0
4.4606,98.0,33.0,22.0,0.0,0.0,0.0,0.0,0.0,0.0,0.0,0.0,0.0,-24.0,-3.0,-21.0,-2.0,-17.0,0.0,-13.0,1.0,-9.0,3.0,-3.0,6.0,1.0,7.0,7.0,8.0,11.0,9.0,16.0,9.0,20.0,9.0,23.0,8.0,25.0,5.0,26.0,3.0,26.0,1.0,26.0,-2.0,24.0,-3.0,20.0,-4.0,16.0,-4.0,11.0,-4.0,6.0,-3.0,0.0,1.0,-6.0,4.0,-11.0,7.0,-16.0,11.0,-20.0,16.0
4.4746,122.0,-96.0,7.0,0.0,0.0,0.0,0.0,0.0,0.0,0.0,0.0,0.0,-8.0,21.0,-7.0,23.0,-7.0,24.0,-6.0,23.0,-5.0,22.0,-5.0,21.0,-4.0,18.0,-4.0,14.0,-4.0,10.0,-6.0,5.0,-6.0,0.0,-8.0,-4.0,-10.0,-8.0,-12.0,-12.0,-15.0,-15.0,-16.0,-18.0,-18.0,-19.0,-20.0,-20.0,-21.0,-19.0,-21.0,-18.0,-20.0,-17.0,-19.0,-15.0,-16.0,-13.0,-12.0,-11.0,-8.0,-9.0,-4.0,-7.0
4.4895,122.0,-96.0,7.0,0.0,0.0,0.0,0.0,0.0,0.0,0.0,0.0,0.0,-1.0,-13.0,2.0,-8.0,6.0,-4.0,10.0,0.0,14.0,3.0,20.0,5.0,23.0,7.0,27.0,8.0,30.0,7.0,31.0,7.0,32.0,6.0,32.0,5.0,29.0,3.0,27.0,2.0,23.0,2.0,17.0,2.0,12.0,3.0,6.0,5.0,0.0,8.0,-5.0,11.0,-10.0,14.0,-14.0,19.0,-16.0,23.0,-17.0,26.0,-18.0,29.0,-17.0,30.0
4.5029,122.0,-96.0,7.0,0.0,0.0,0.0,0.0,0.0,0.0,0.0,0.0,0.0,-4.0,10.0,-6.0,14.0,-8.0,17.0,-9.0,19.0,-9.0,21.0,-9.0,24.0,-8.0,24.0,-8.0,25.0,-7.0,23.0,-6.0,21.0,-6.0,17.0,-6.0,13.0,-5.0,9.0,-6.0,4.0,-7.0,-1.0,-8.0,-6.0,-11.0,-10.0,-12.0,-14.0,-15.0,-17.0,-17.0,-19.0,-19.0,-20.0,-20.0,-21.0,-21.0,-20.0,-20.0,-19.0,-20.0,-17.0,-19.0,-15.0
4.5164,122.0,-96.0,7.0,0.0,0.0,0.0,0.0,0.0,0.0,0.0,0.0,0.0,8.0,6.0,8.0,6.0,8.0,6.0,8.0,6.0,8.0,6.0,8.0,6.0,8.0,6.0,9.0,6.0,9.0,6.0,9.0,6.0,9.0,6.0,9.0,7.0,9.0,6.0,10.0,6.0,10.0,7.0,10.0,6.0,9.0,6.0,10.0,6.0,10.0,6.0,10.0,6.0,9.0,6.0,9.0,6.0,10.0,6.0,10.0,6.0,10.0,6.0,10.0,6.0
4.5313,122.0,-96.0,7.0,0.0,0.0,0.0,0.0,0.0,0.0,0.0,0.0,0.0,17.0,-12.0,17.0,-14.0,17.0,-14.0,17.0,-15.0,15.0,-14.0,14.0,-13.0,12.0,-11.0,10.0,-8.0,8.0,-5.0,6.0,-1.0,4.0,2.0,3.0,7.0,2.0,11.0,2.0,15.0,2.0,18.0,2.0,21.0,3.0,23.0,3.0,24.0,4.0,24.0,4.0,23.0,4.0,22.0,4.0,19.0,4.0,16.0,2.0,12.0,0.0,8.0,-3.0,5.0
4.546,122.0,-96.0,7.0,0.0,0.0,0.0,0.0,0.0,0.0,0.0,0.0,0.0,4.0,-12.0,5.0,-7.0,7.0,-2.0,9.0,4.0,11.0,9.0,15.0,13.0,17.0,16.0,21.0,19.0,23.0,20.0,25.0,20.0,26.0,20.0,26.0,18.0,25.0,17.0,24.0,14.0,20.0,12.0,15.0,10.0,10.0,8.0,4.0,8.0,-2.0,8.0,-8.0,7.0,-14.0,9.0,-20.0,10.0,-24.0,12.0,-27.0,15.0,-29.0,17.0,-30.0,18.0
4.5606,122.0,-96.0,7.0,0.0,0.0,0.0,0.0,0.0,0.0,0.0,0.0,0.0,12.0,-5.0,12.0,-5.0,12.0,-5.0,12.0,-5.0,12.0,-5.0,13.0,-5.0,13.0,-5.0,13.0,-6.0,12.0,-6.0,13.0,-6.0,13.0,-6.0,13.0,-5.0,13.0,-5.0,13.0,-6.0,13.0,-6.0,13.0,-6.0,13.0,-7.0,13.0,-6.0,13.0,-7.0,13.0,-7.0,13.0,-7.0,13.0,-7.0,13.0,-7.0,14.0,-7.0,13.0,-7.0,14.0,-8.0
4.5651,98.0,33.0,22.0,0.0,0.0,0.0,0.0,0.0,0.0,0.0,0.0,0.0,18.0,-1.0,22.0,-3.0,25.0,-5.0,27.0,-7.0,28.0,-9.0,28.0,-11.0,27.0,-12.0,25.0,-13.0,21.0,-13.0,18.0,-13.0,13.0,-12.0,8.0,-11.0,3.0,-9.0,-3.0,-5.0,-7.0,-1.0,-11.0,4.0,-14.0,9.0,-16.0,13.0,-19.0,20.0,-19.0,24.0,-20.0,29.0,-18.0,31.0,-17.0,32.0,-14.0,31.0,-13.0,30.0,-11.0,26.0
4.5794,122.0,-96.0,7.0,0.0,0.0,0.0,0.0,0.0,0.0,0.0,0.0,0.0,0.0,11.0,-1.0,14.0,-2.0,18.0,-2.0,21.0,-2.0,23.0,-1.0,25.0,0.0,25.0,0.0,26.0,1.0,24.0,1.0,22.0,0.0,19.0,-1.0,15.0,-1.0,11.0,-3.0,7.0,-5.0,3.0,-8.0,-1.0,-12.0,-5.0,-15.0,-8.0,-18.0,-10.0,-21.0,-12.0,-24.0,-13.0,-25.0,-13.0,-26.0,-13.0,-26.0,-12.0,-25.0,-10.0,-23.0,-9.0
4.5934,122.0,-96.0,7.0,0.0,0.0,0.0,0.0,0.0,0.0,0.0,0.0,0.0,-23.0,-5.0,-25.0,-5.0,-25.0,-4.0,-25.0,-4.0,-24.0,-3.0,-22.0,-3.0,-20.0,-3.0,-16.0,-3.0,-12.0,-3.0,-7.0,-5.0,-3.0,-6.0,2.0,-8.0,6.0,-11.0,10.0,-13.0,12.0,-15.0,15.0,-18.0,16.0,-20.0,17.0,-21.0,17.0,-22.0,16.0,-22.0,15.0,-22.0,13.0,-20.0,11.0,-18.0,9.0,-15.0,7.0,-10.0,6.0,-6.0
4.6077,122.0,-96.0,7.0,0.0,0.0,0.0,0.0,0.0,0.0,0.0,0.0,0.0,4.0,-12.0,7.0,-15.0,9.0,-19.0,11.0,-22.0,12.0,-24.0,12.0,-26.0,11.0,-27.0,10.0,-28.0,9.0,-26.0,8.0,-23.0,7.0,-20.0,7.0,-16.0,6.0,-11.0,6.0,-6.0,6.0,-1.0,8.0,5.0,10.0,10.0,11.0,14.0,14.0,18.0,16.0,21.0,19.0,23.0,20.0,23.0,21.0,23.0,21.0,22.0,21.0,20.0,19.0,17.0
4.6211,122.0,-96.0,7.0,0.0,0.0,0.0,0.0,0.0,0.0,0.0,0.0,0.0,-12.0,-4.0,-16.0,-6.0,-20.0,-8.0,-23.0,-9.0,-26.0,-9.0,-27.0,-9.0,-28.0,-9.0,-28.0,-8.0,-27.0,-7.0,-24.0,-6.0,-21.0,-6.0,-17.0,-5.0,-12.0,-5.0,-7.0,-6.0,-2.0,-7.0,3.0,-9.0,9.0,-12.0,13.0,-14.0,16.0,-17.0,18.0,-19.0,20.0,-22.0,21.0,-23.0,21.0,-25.0,19.0,-24.0,17.0,-24.0,15.0,-22.0
4.6365,122.0,-96.0,7.0,0.0,0.0,0.0,0.0,0.0,0.0,0.0,0.0,0.0,0.0,-11.0,2.0,-15.0,3.0,-18.0,3.0,-22.0,3.0,-24.0,3.0,-26.0,2.0,-27.0,1.0,-27.0,0.0,-25.0,0.0,-23.0,0.0,-20.0,1.0,-16.0,1.0,-12.0,3.0,-8.0,4.0,-4.0,7.0,0.0,11.0,5.0,13.0,8.0,17.0,11.0,19.0,12.0,22.0,13.0,23.0,14.0,24.0,13.0,24.0,12.0,24.0,11.0,22.0,9.0
4.6537,122.0,-96.0,7.0,0.0,0.0,0.0,0.0,0.0,0.0,0.0,0.0,0.0,-6.0,-10.0,-2.0,-8.0,3.0,-6.0,7.0,-5.0,12.0,-4.0,17.0,-4.0,21.0,-5.0,24.0,-5.0,27.0,-7.0,28.0,-8.0,28.0,-8.0,27.0,-10.0,25.0,-10.0,23.0,-10.0,19.0,-9.0,15.0,-7.0,12.0,-4.0,8.0,0.0,5.0,5.0,1.0,9.0,-1.0,14.0,-3.0,19.0,-3.0,23.0,-3.0,27.0,-2.0,29.0,-2.0,31.0
4.6698,122.0,-96.0,7.0,0.0,0.0,0.0,0.0,0.0,0.0,0.0,0.0,0.0,-18.0,13.0,-17.0,12.0,-14.0,10.0,-12.0,8.0,-10.0,5.0,-8.0,1.0,-6.0,-4.0,-4.0,-8.0,-3.0,-13.0,-3.0,-17.0,-3.0,-20.0,-3.0,-23.0,-3.0,-26.0,-5.0,-27.0,-6.0,-28.0,-6.0,-27.0,-6.0,-25.0,-6.0,-22.0,-6.0,-19.0,-4.0,-16.0,-2.0,-12.0,1.0,-7.0,5.0,-4.0,8.0,0.0,12.0,3.0,16.0,5.0
4.6834,122.0,-96.0,7.0,0.0,0.0,0.0,0.0,0.0,0.0,0.0,0.0,0.0,-6.0,9.0,-9.0,12.0,-11.0,15.0,-12.0,17.0,-13.0,20.0,-14.0,22.0,-13.0,23.0,-12.0,23.0,-11.0,22.0,-10.0,19.0,-9.0,16.0,-8.0,13.0,-7.0,9.0,-7.0,4.0,-6.0,-1.0,-7.0,-6.0,-9.0,-10.0,-10.0,-14.0,-12.0,-18.0,-14.0,-21.0,-16.0,-22.0,-17.0,-23.0,-18.0,-23.0,-19.0,-22.0,-19.0,-20.0,-17.0,-17.0
4.6972,122.0,-96.0,7.0,0.0,0.0,0.0,0.0,0.0,0.0,0.0,0.0,0.0,-20.0,-12.0,-19.0,-11.0,-16.0,-9.0,-13.0,-8.0,-9.0,-7.0,-5.0,-7.0,0.0,-7.0,4.0,-7.0,9.0,-8.0,13.0,-9.0,16.0,-10.0,19.0,-12.0,21.0,-13.0,22.0,-15.0,22.0,-16.0,21.0,-17.0,20.0,-17.0,17.0,-15.0,15.0,-14.0,13.0,-11.0,10.0,-7.0,7.0,-3.0,5.0,1.0,3.0,6.0,2.0,10.0,2.0,15.0
4.7123,122.0,-96.0,7.0,0.0,0.0,0.0,0.0,0.0,0.0,0.0,0.0,0.0,-12.0,-6.0,-7.0,-6.0,0.0,-7.0,4.0,-9.0,9.0,-11.0,14.0,-15.0,17.0,-18.0,20.0,-20.0,22.0,-23.0,22.0,-24.0,21.0,-26.0,21.0,-26.0,19.0,-25.0,16.0,-24.0,14.0,-20.0,11.0,-15.0,10.0,-11.0,8.0,-5.0,7.0,2.0,7.0,8.0,8.0,14.0,8.0,20.0,11.0,24.0,12.0,27.0,15.0,29.0,16.0,31.0
4.7286,122.0,-96.0,7.0,0.0,0.0,0.0,0.0,0.0,0.0,0.0,0.0,0.0,-9.0,-9.0,-9.0,-9.0,-10.0,-8.0,-10.0,-9.0,-10.0,-9.0,-10.0,-8.0,-10.0,-8.0,-11.0,-8.0,-11.0,-9.0,-11.0,-9.0,-11.0,-9.0,-11.0,-9.0,-11.0,-9.0,-11.0,-9.0,-12.0,-8.0,-11.0,-9.0,-11.0,-9.0,-12.0,-8.0,-12.0,-9.0,-12.0,-8.0,-12.0,-8.0,-12.0,-8.0,-12.0,-8.0,-12.0,-9.0,-12.0,-8.0,-12.0,-8.0
4.7423,122.0,-96.0,7.0,0.0,0.0,0.0,0.0,0.0,0.0,0.0,0.0,0.0,10.0,3.0,11.0,2.0,11.0,2.0,11.0,3.0,11.0,3.0,12.0,3.0,12.0,2.0,12.0,2.0,12.0,2.0,12.0,2.0,12.0,2.0,12.0,3.0,12.0,3.0,12.0,2.0,12.0,2.0,13.0,2.0,13.0,2.0,13.0,2.0,13.0,2.0,13.0,2.0,13.0,2.0,13.0,2.0,13.0,1.0,13.0,1.0,13.0,2.0,13.0,1.0
4.7572,122.0,-96.0,7.0,0.0,0.0,0.0,0.0,0.0,0.0,0.0,0.0,0.0,-10.0,-12.0,-4.0,-9.0,3.0,-8.0,9.0,-7.0,15.0,-7.0,22.0,-8.0,27.0,-9.0,31.0,-11.0,34.0,-13.0,35.0,-15.0,36.0,-17.0,34.0,-17.0,32.0,-17.0,28.0,-17.0,24.0,-15.0,20.0,-11.0,15.0,-7.0,11.0,-1.0,7.0,6.0,3.0,12.0,1.0,19.0,0.0,25.0,0.0,31.0,0.0,36.0,1.0,39.0,2.0,41.0
4.7703,122.0,-96.0,7.0,0.0,0.0,0.0,0.0,0.0,0.0,0.0,0.0,0.0,17.0,18.0,15.0,16.0,13.0,14.0,10.0,11.0,6.0,9.0,1.0,7.0,-4.0,6.0,-9.0,4.0,-15.0,4.0,-19.0,4.0,-22.0,4.0,-26.0,5.0,-28.0,6.0,-29.0,8.0,-30.0,9.0,-28.0,9.0,-26.0,9.0,-23.0,8.0,-20.0,7.0,-16.0,5.0,-11.0,1.0,-8.0,-2.0,-4.0,-7.0,-1.0,-12.0,2.0,-16.0,3.0,-21.0
4.7846,122.0,-96.0,7.0,0.0,0.0,0.0,0.0,0.0,0.0,0.0,0.0,0.0,9.0,-6.0,9.0,-6.0,9.0,-6.0,9.0,-7.0,8.0,-6.0,9.0,-7.0,9.0,-6.0,9.0,-7.0,9.0,-8.0,10.0,-7.0,9.0,-7.0,10.0,-7.0,10.0,-7.0,10.0,-7.0,9.0,-7.0,10.0,-7.0,10.0,-7.0,10.0,-7.0,10.0,-7.0,10.0,-7.0,10.0,-8.0,10.0,-8.0,10.0,-8.0,10.0,-7.0,10.0,-8.0,9.0,-8.0
4.7975,122.0,-96.0,7.0,0.0,0.0,0.0,0.0,0.0,0.0,0.0,0.0,0.0,3.0,12.0,3.0,16.0,4.0,20.0,4.0,23.0,5.0,25.0,6.0,28.0,8.0,28.0,8.0,27.0,8.0,25.0,7.0,22.0,5.0,19.0,3.0,15.0,1.0,11.0,-3.0,7.0,-6.0,3.0,-11.0,0.0,-16.0,-3.0,-20.0,-6.0,-25.0,-7.0,-28.0,-7.0,-30.0,-7.0,-31.0,-7.0,-31.0,-6.0,-30.0,-5.0,-29.0,-4.0,-26.0,-3.0
4.8124,122.0,-96.0,7.0,0.0,0.0,0.0,0.0,0.0,0.0,0.0,0.0,0.0,-23.0,-1.0,-25.0,0.0,-25.0,0.0,-25.0,0.0,-24.0,1.0,-22.0,1.0,-19.0,0.0,-15.0,0.0,-12.0,-2.0,-7.0,-4.0,-3.0,-6.0,1.0,-9.0,5.0,-12.0,8.0,-15.0,10.0,-18.0,12.0,-20.0,13.0,-23.0,14.0,-24.0,13.0,-25.0,12.0,-25.0,11.0,-24.0,9.0,-21.0,8.0,-19.0,7.0,-14.0,5.0,-10.0,5.0,-6.0
4.8293,122.0,-96.0,7.0,0.0,0.0,0.0,0.0,0.0,0.0,0.0,0.0,0.0,-10.0,-8.0,-5.0,-7.0,1.0,-7.0,7.0,-8.0,12.0,-10.0,17.0,-12.0,21.0,-13.0,24.0,-15.0,26.0,-18.0,26.0,-19.0,26.0,-21.0,25.0,-21.0,23.0,-20.0,20.0,-19.0,17.0,-16.0,13.0,-12.0,11.0,-7.0,8.0,-2.0,7.0,5.0,5.0,10.0,4.0,17.0,5.0,22.0,6.0,27.0,8.0,30.0,10.0,32.0,10.0,33.0
4.8444,122.0,-96.0,7.0,0.0,0.0,0.0,0.0,0.0,0.0,0.0,0.0,0.0,-20.0,-12.0,-18.0,-11.0,-16.0,-10.0,-13.0,-9.0,-9.0,-7.0,-5.0,-7.0,0.0,-7.0,5.0,-7.0,9.0,-8.0,13.0,-9.0,16.0,-10.0,19.0,-11.0,21.0,-13.0,22.0,-15.0,23.0,-16.0,21.0,-16.0,20.0,-16.0,18.0,-15.0,16.0,-13.0,13.0,-11.0,10.0,-7.0,8.0,-3.0,5.0,2.0,3.0,6.0,2.0,11.0,2.0,16.0
4.8587,122.0,-96.0,7.0,0.0,0.0,0.0,0.0,0.0,0.0,0.0,0.0,0.0,6.0,10.0,7.0,10.0,7.0,11.0,7.0,11.0,7.0,11.0,7.0,11.0,7.0,11.0,8.0,11.0,8.0,11.0,8.0,11.0,8.0,11.0,8.0,12.0,8.0,12.0,8.0,11.0,9.0,11.0,9.0,12.0,8.0,11.0,9.0,11.0,9.0,11.0,9.0,12.0,9.0,12.0,9.0,12.0,10.0,11.0,9.0,11.0,9.0,11.0,10.0,11.0
4.8724,122.0,-96.0,7.0,0.0,0.0,0.0,0.0,0.0,0.0,0.0,0.0,0.0,-10.0,9.0,-8.0,3.0,-7.0,-2.0,-7.0,-8.0,-7.0,-13.0,-9.0,-19.0,-11.0,-22.0,-12.0,-26.0,-14.0,-28.0,-16.0,-30.0,-17.0,-29.0,-17.0,-29.0,-17.0,-27.0,-18.0,-24.0,-15.0,-21.0,-12.0,-17.0,-8.0,-14.0,-3.0,-11.0,3.0,-8.0,8.0,-5.0,14.0,-4.0,20.0,-3.0,25.0,-3.0,29.0,-4.0,32.0,-5.0,34.0,-6.0
4.8876,122.0,-96.0,7.0,0.0,0.0,0.0,0.0,0.0,0.0,0.0,0.0,0.0,-11.0,2.0,-11.0,3.0,-11.0,3.0,-10.0,3.0,-11.0,3.0,-11.0,3.0,-11.0,4.0,-11.0,3.0,-12.0,3.0,-11.0,3.0,-11.0,3.0,-12.0,3.0,-12.0,3.0,-12.0,3.0,-11.0,4.0,-12.0,4.0,-12.0,4.0,-12.0,4.0,-11.0,5.0,-12.0,5.0,-12.0,4.0,-12.0,5.0,-12.0,5.0,-12.0,5.0,-12.0,5.0,-12.0,5.0
4.9005,122.0,-96.0,7.0,0.0,0.0,0.0,0.0,0.0,0.0,0.0,0.0,0.0,11.0,19.0,13.0,20.0,13.0,20.0,14.0,20.0,13.0,18.0,12.0,17.0,11.0,14.0,8.0,12.0,5.0,9.0,0.0,7.0,-4.0,5.0,-8.0,3.0,-13.0,2.0,-17.0,1.0,-21.0,1.0,-24.0,0.0,-27.0,1.0,-28.0,1.0,-29.0,3.0,-28.0,3.0,-26.0,3.0,-23.0,3.0,-20.0,3.0,-16.0,2.0,-12.0,0.0,-7.0,-2.0
4.914,122.0,-96.0,7.0,0.0,0.0,0.0,0.0,0.0,0.0,0.0,0.0,0.0,0.0,10.0,-1.0,14.0,-1.0,18.0,-1.0,21.0,-1.0,23.0,0.0,25.0,1.0,26.0,2.0,25.0,3.0,24.0,2.0,22.0,1.0,19.0,0.0,15.0,-1.0,11.0,-3.0,7.0,-5.0,3.0,-8.0,-1.0,-12.0,-4.0,-15.0,-7.0,-19.0,-9.0,-22.0,-11.0,-25.0,-11.0,-26.0,-11.0,-27.0,-11.0,-27.0,-9.0,-26.0,-8.0,-24.0,-7.0
4.928,122.0,-96.0,7.0,0.0,0.0,0.0,0.0,0.0,0.0,0.0,0.0,0.0,5.0,10.0,1.0,7.0,-3.0,5.0,-8.0,3.0,-13.0,2.0,-18.0,2.0,-22.0,2.0,-25.0,3.0,-28.0,4.0,-29.0,5.0,-29.0,6.0,-29.0,8.0,-27.0,8.0,-25.0,9.0,-21.0,7.0,-18.0,5.0,-14.0,3.0,-10.0,-1.0,-6.0,-5.0,-3.0,-9.0,0.0,-14.0,2.0,-18.0,3.0,-23.0,3.0,-27.0,3.0,-29.0,2.0,-31.0
4.9419,122.0,-96.0,7.0,0.0,0.0,0.0,0.0,0.0,0.0,0.0,0.0,0.0,-6.0,11.0,-6.0,6.0,-7.0,1.0,-9.0,-5.0,-12.0,-10.0,-15.0,-15.0,-17.0,-18.0,-20.0,-21.0,-23.0,-23.0,-25.0,-23.0,-26.0,-23.0,-26.0,-21.0,-25.0,-20.0,-25.0,-17.0,-21.0,-15.0,-17.0,-12.0,-12.0,-10.0,-7.0,-9.0,0.0,-8.0,6.0,-8.0,12.0,-8.0,17.0,-10.0,23.0,-12.0,26.0,-14.0,29.0,-15.0,30.0,-17.0
4.9568,122.0,-96.0,7.0,0.0,0.0,0.0,0.0,0.0,0.0,0.0,0.0,0.0,-23.0,1.0,-21.0,1.0,-18.0,1.0,-15.0,0.0,-11.0,-1.0,-7.0,-3.0,-3.0,-6.0,0.0,-9.0,4.0,-12.0,6.0,-15.0,8.0,-18.0,9.0,-21.0,10.0,-24.0,10.0,-25.0,9.0,-26.0,8.0,-26.0,7.0,-25.0,6.0,-22.0,5.0,-19.0,4.0,-16.0,4.0,-11.0,5.0,-6.0,6.0,-1.0,7.0,4.0,8.0,9.0,11.0,13.0
4.9713,122.0,-96.0,7.0,0.0,0.0,0.0,0.0,0.0,0.0,0.0,0.0,0.0,10.0,4.0,10.0,3.0,10.0,4.0,11.0,3.0,11.0,4.0,11.0,5.0,11.0,4.0,12.0,4.0,12.0,4.0,12.0,4.0,12.0,4.0,11.0,4.0,12.0,4.0,12.0,4.0,12.0,4.0,12.0,4.0,12.0,3.0,12.0,4.0,14.0,4.0,12.0,4.0,13.0,3.0,12.0,4.0,12.0,4.0,13.0,4.0,13.0,3.0,13.0,3.0
4.9856,122.0,-96.0,7.0,0.0,0.0,0.0,0.0,0.0,0.0,0.0,0.0,0.0,7.0,-10.0,7.0,-10.0,7.0,-10.0,7.0,-10.0,7.0,-10.0,7.0,-11.0,7.0,-10.0,7.0,-11.0,7.0,-11.0,7.0,-11.0,7.0,-11.0,8.0,-11.0,8.0,-11.0,7.0,-12.0,8.0,-12.0,8.0,-12.0,8.0,-12.0,7.0,-11.0,8.0,-12.0,7.0,-12.0,7.0,-12.0,7.0,-11.0,7.0,-12.0,7.0,-12.0,7.0,-12.0,7.0,-13.0
4.9987,122.0,-96.0,7.0,0.0,0.0,0.0,0.0,0.0,0.0,0.0,0.0,0.0,11.0,-4.0,15.0,-4.0,18.0,-4.0,21.0,-5.0,23.0,-6.0,25.0,-7.0,25.0,-8.0,24.0,-8.0,23.0,-8.0,20.0,-8.0,17.0,-6.0,13.0,-4.0,10.0,-2.0,6.0,1.0,3.0,5.0,0.0,9.0,-3.0,13.0,-5.0,17.0,-6.0,21.0,-7.0,24.0,-7.0,26.0,-7.0,27.0,-5.0,27.0,-4.0,27.0,-3.0,25.0,-2.0,22.0
5.0125,122.0,-96.0,7.0,0.0,0.0,0.0,0.0,0.0,0.0,0.0,0.0,0.0,-1.0,-13.0,-1.0,-17.0,0.0,-22.0,0.0,-24.0,0.0,-27.0,-1.0,-29.0,-2.0,-30.0,-3.0,-29.0,-4.0,-28.0,-3.0,-25.0,-3.0,-21.0,-1.0,-17.0,0.0,-13.0,3.0,-8.0,5.0,-4.0,9.0,0.0,13.0,4.0,17.0,7.0,21.0,10.0,24.0,11.0,27.0,12.0,28.0,12.0,30.0,11.0,29.0,9.0,28.0,8.0,25.0,6.0
