time,sc_0,sc_1,sc_2,sc_3,sc_4,sc_5,sc_6,sc_7,sc_8,sc_9,sc_10,sc_11,sc_12,sc_13,sc_14,sc_15,sc_16,sc_17,sc_18,sc_19,sc_20,sc_21,sc_22,sc_23,sc_24,sc_25,sc_26,sc_27,sc_28,sc_29,sc_30,sc_31,sc_32,sc_33,sc_34,sc_35,sc_36,sc_37,sc_38,sc_39,sc_40,sc_41,sc_42,sc_43,sc_44,sc_45,sc_46,sc_47,sc_48,sc_49,sc_50,sc_51,sc_52,sc_53,sc_54,sc_55,sc_56,sc_57,sc_58,sc_59,sc_60,sc_61,sc_62,sc_63
0.0114,122.0,-96.0,7.0,0.0,0.0,0.0,0.0,0.0,0.0,0.0,0.0,0.0,-23.0,-12.0,-23.0,-13.0,-22.0,-13.0,-23.0,-14.0,-22.0,-14.0,-21.0,-15.0,-21.0,-15.0,-21.0,-15.0,-20.0,-16.0,-19.0,-16.0,-19.0,-17.0,-19.0,-16.0,-18.0,-17.0,-18.0,-17.0,-18.0,-17.0,-17.0,-17.0,-17.0,-17.0,-16.0,-16.0,-16.0,-16.0,-16.0,-15.0,-16.0,-15.0,-15.0,-15.0,-15.0,-14.0,-15.0,-14.0,-15.0,-13.0,-15.0,-13.0
0.0176,122.0,-96.0,7.0,0.0,0.0,0.0,0.0,0.0,0.0,0.0,0.0,0.0,-24.0,-7.0,-22.0,-6.0,-19.0,-5.0,-16.0,-5.0,-12.0,-4.0,-6.0,-3.0,-1.0,-1.0,5.0,0.0,10.0,1.0,14.0,2.0,19.0,2.0,22.0,3.0,25.0,3.0,28.0,4.0,28.0,3.0,27.0,3.0,26.0,3.0,23.0,3.0,19.0,2.0,15.0,1.0,9.0,1.0,4.0,1.0,-1.0,1.0,-8.0,1.0,-12.0,1.0,-17.0,2.0
0.0244,122.0,-96.0,7.0,0.0,0.0,0.0,0.0,0.0,0.0,0.0,0.0,0.0,10.0,5.0,5.0,3.0,0.0,1.0,-6.0,-2.0,-11.0,-4.0,-16.0,-6.0,-20.0,-7.0,-25.0,-9.0,-28.0,-9.0,-30.0,-10.0,-30.0,-10.0,-30.0,-10.0,-29.0,-10.0,-26.0,-8.0,-22.0,-7.0,-17.0,-5.0,-11.0,-4.0,-6.0,-3.0,0.0,-1.0,6.0,-1.0,13.0,0.0,17.0,-1.0,23.0,0.0,26.0,0.0,28.0,0.0,30.0,-1.0
0.0473,122.0,-96.0,7.0,0.0,0.0,0.0,0.0,0.0,0.0,0.0,0.0,0.0,-7.0,-2.0,-3.0,-3.0,2.0,-4.0,7.0,-6.0,12.0,-8.0,16.0,-10.0,19.0,-12.0,22.0,-13.0,23.0,-15.0,24.0,-16.0,23.0,-17.0,22.0,-16.0,20.0,-15.0,16.0,-13.0,14.0,-11.0,9.0,-8.0,6.0,-3.0,3.0,1.0,0.0,6.0,-3.0,11.0,-4.0,16.0,-5.0,19.0,-7.0,23.0,-6.0,26.0,-6.0,27.0,-5.0,28.0
0.0602,122.0,-96.0,7.0,0.0,0.0,0.0,0.0,0.0,0.0,0.0,0.0,0.0,4.0,-1.0,1.0,3.0,-2.0,6.0,-5.0,10.0,-7.0,15.0,-10.0,19.0,-10.0,21.0,-12.0,24.0,-11.0,25.0,-11.0,26.0,-10.0,25.0,-9.0,24.0,-9.0,22.0,-6.0,18.0,-6.0,14.0,-4.0,9.0,-4.0,3.0,-4.0,-2.0,-5.0,-8.0,-5.0,-13.0,-7.0,-18.0,-9.0,-21.0,-9.0,-24.0,-11.0,-25.0,-12.0,-26.0,-13.0,-26.0
0.0741,122.0,-96.0,7.0,0.0,0.0,0.0,0.0,0.0,0.0,0.0,0.0,0.0,-21.0,3.0,-21.0,3.0,-21.0,2.0,-21.0,2.0,-22.0,1.0,-22.0,1.0,-21.0,0.0,-22.0,0.0,-21.0,0.0,-22.0,-1.0,-22.0,-1.0,-22.0,-2.0,-21.0,-2.0,-21.0,-2.0,-21.0,-3.0,-21.0,-2.0,-20.0,-3.0,-20.0,-3.0,-20.0,-2.0,-19.0,-3.0,-20.0,-2.0,-19.0,-2.0,-19.0,-2.0,-19.0,-2.0,-18.0,-1.0,-18.0,-1.0
0.0875,122.0,-96.0,7.0,0.0,0.0,0.0,0.0,0.0,0.0,0.0,0.0,0.0,9.0,13.0,8.0,13.0,9.0,13.0,8.0,13.0,8.0,14.0,7.0,14.0,7.0,14.0,7.0,15.0,7.0,14.0,6.0,15.0,5.0,15.0,5.0,15.0,5.0,15.0,5.0,15.0,4.0,15.0,5.0,15.0,4.0,14.0,5.0,15.0,4.0,14.0,4.0,14.0,4.0,13.0,5.0,13.0,4.0,14.0,4.0,13.0,4.0,13.0,5.0,12.0
0.1024,122.0,-96.0,7.0,0.0,0.0,0.0,0.0,0.0,0.0,0.0,0.0,0.0,10.0,21.0,10.0,23.0,11.0,24.0,11.0,23.0,11.0,23.0,9.0,20.0,8.0,18.0,6.0,13.0,3.0,10.0,0.0,5.0,-4.0,1.0,-8.0,-3.0,-12.0,-7.0,-16.0,-10.0,-19.0,-14.0,-22.0,-16.0,-24.0,-16.0,-25.0,-17.0,-25.0,-16.0,-24.0,-15.0,-22.0,-13.0,-20.0,-12.0,-16.0,-10.0,-12.0,-8.0,-6.0,-6.0,-1.0,-4.0
0.115,122.0,-96.0,7.0,0.0,0.0,0.0,0.0,0.0,0.0,0.0,0.0,0.0,-10.0,2.0,-5.0,-2.0,1.0,-7.0,6.0,-11.0,11.0,-17.0,15.0,-22.0,18.0,-26.0,21.0,-30.0,21.0,-33.0,21.0,-35.0,20.0,-35.0,19.0,-34.0,17.0,-32.0,14.0,-28.0,12.0,-22.0,8.0,-16.0,6.0,-8.0,5.0,-1.0,3.0,8.0,3.0,15.0,4.0,23.0,5.0,28.0,6.0,34.0,8.0,36.0,9.0,38.0,11.0,38.0
0.1292,122.0,-96.0,7.0,0.0,0.0,0.0,0.0,0.0,0.0,0.0,0.0,0.0,4.0,-22.0,5.0,-22.0,5.0,-22.0,5.0,-22.0,6.0,-22.0,7.0,-22.0,7.0,-21.0,8.0,-21.0,8.0,-21.0,8.0,-21.0,9.0,-21.0,9.0,-21.0,9.0,-20.0,10.0,-20.0,9.0,-20.0,9.0,-19.0,10.0,-19.0,9.0,-19.0,9.0,-18.0,9.0,-18.0,8.0,-18.0,8.0,-18.0,8.0,-18.0,8.0,-18.0,7.0,-18.0,7.0,-18.0
0.1449,122.0,-96.0,7.0,0.0,0.0,0.0,0.0,0.0,0.0,0.0,0.0,0.0,13.0,-16.0,14.0,-16.0,13.0,-15.0,14.0,-16.0,15.0,-15.0,15.0,-15.0,15.0,-14.0,16.0,-14.0,16.0,-13.0,17.0,-13.0,17.0,-13.0,17.0,-13.0,17.0,-12.0,17.0,-12.0,17.0,-12.0,16.0,-11.0,16.0,-12.0,17.0,-11.0,16.0,-11.0,15.0,-11.0,15.0,-10.0,15.0,-11.0,15.0,-10.0,14.0,-11.0,14.0,-11.0,13.0,-11.0
0.1584,122.0,-96.0,7.0,0.0,0.0,0.0,0.0,0.0,0.0,0.0,0.0,0.0,9.0,-6.0,13.0,-9.0,16.0,-10.0,20.0,-12.0,21.0,-13.0,24.0,-14.0,24.0,-15.0,24.0,-15.0,22.0,-14.0,19.0,-13.0,16.0,-11.0,12.0,-8.0,8.0,-5.0,4.0,-1.0,1.0,4.0,-3.0,7.0,-7.0,12.0,-9.0,16.0,-12.0,20.0,-13.0,22.0,-14.0,25.0,-13.0,26.0,-13.0,26.0,-11.0,24.0,-9.0,22.0,-8.0,19.0
0.1733,122.0,-96.0,7.0,0.0,0.0,0.0,0.0,0.0,0.0,0.0,0.0,0.0,16.0,-4.0,17.0,-3.0,17.0,-3.0,17.0,-3.0,17.0,-2.0,17.0,-2.0,17.0,-1.0,17.0,-1.0,17.0,-1.0,17.0,0.0,17.0,0.0,17.0,0.0,17.0,1.0,17.0,1.0,17.0,1.0,16.0,1.0,16.0,1.0,16.0,1.0,16.0,1.0,15.0,1.0,15.0,1.0,15.0,0.0,15.0,1.0,15.0,1.0,15.0,0.0,14.0,0.0
0.1872,122.0,-96.0,7.0,0.0,0.0,0.0,0.0,0.0,0.0,0.0,0.0,0.0,8.0,4.0,11.0,7.0,14.0,9.0,17.0,10.0,19.0,12.0,21.0,13.0,21.0,13.0,21.0,13.0,20.0,12.0,18.0,11.0,15.0,8.0,11.0,6.0,6.0,5.0,2.0,3.0,-3.0,2.0,-8.0,1.0,-13.0,0.0,-17.0,0.0,-21.0,-1.0,-24.0,0.0,-26.0,0.0,-27.0,1.0,-27.0,1.0,-24.0,1.0,-22.0,2.0,-19.0,1.0
0.2004,122.0,-96.0,7.0,0.0,0.0,0.0,0.0,0.0,0.0,0.0,0.0,0.0,17.0,5.0,17.0,5.0,17.0,6.0,17.0,6.0,17.0,7.0,17.0,7.0,16.0,8.0,17.0,8.0,16.0,8.0,16.0,9.0,16.0,9.0,16.0,9.0,16.0,9.0,15.0,9.0,15.0,9.0,15.0,9.0,15.0,9.0,14.0,9.0,14.0,9.0,14.0,9.0,13.0,9.0,13.0,8.0,13.0,8.0,14.0,8.0,13.0,7.0,14.0,7.0
0.2151,122.0,-96.0,7.0,0.0,0.0,0.0,0.0,0.0,0.0,0.0,0.0,0.0,-20.0,-7.0,-20.0,-7.0,-20.0,-8.0,-20.0,-8.0,-20.0,-9.0,-20.0,-10.0,-19.0,-10.0,-19.0,-10.0,-18.0,-11.0,-19.0,-11.0,-19.0,-12.0,-18.0,-12.0,-18.0,-12.0,-18.0,-12.0,-17.0,-12.0,-17.0,-12.0,-17.0,-12.0,-17.0,-12.0,-16.0,-12.0,-16.0,-12.0,-16.0,-11.0,-15.0,-11.0,-16.0,-11.0,-16.0,-11.0,-15.0,-11.0,-15.0,-10.0
0.228,122.0,-96.0,7.0,0.0,0.0,0.0,0.0,0.0,0.0,0.0,0.0,0.0,-24.0,4.0,-22.0,4.0,-19.0,4.0,-15.0,2.0,-11.0,0.0,-6.0,-2.0,-1.0,-4.0,4.0,-6.0,9.0,-9.0,13.0,-12.0,17.0,-14.0,19.0,-16.0,20.0,-18.0,22.0,-20.0,21.0,-20.0,20.0,-20.0,18.0,-19.0,16.0,-17.0,13.0,-14.0,10.0,-10.0,6.0,-6.0,4.0,-1.0,1.0,5.0,-1.0,10.0,-2.0,15.0,-3.0,19.0
0.2418,122.0,-96.0,7.0,0.0,0.0,0.0,0.0,0.0,0.0,0.0,0.0,0.0,-18.0,17.0,-19.0,19.0,-20.0,19.0,-19.0,18.0,-17.0,17.0,-15.0,15.0,-13.0,12.0,-9.0,8.0,-7.0,4.0,-4.0,-1.0,-2.0,-6.0,1.0,-10.0,3.0,-15.0,5.0,-20.0,7.0,-24.0,8.0,-26.0,8.0,-29.0,8.0,-29.0,7.0,-29.0,6.0,-27.0,4.0,-24.0,4.0,-21.0,3.0,-16.0,3.0,-11.0,3.0,-6.0,3.0,0.0
0.2575,122.0,-96.0,7.0,0.0,0.0,0.0,0.0,0.0,0.0,0.0,0.0,0.0,-20.0,-5.0,-20.0,-5.0,-20.0,-5.0,-20.0,-6.0,-20.0,-7.0,-20.0,-7.0,-19.0,-8.0,-20.0,-8.0,-19.0,-8.0,-19.0,-9.0,-19.0,-9.0,-19.0,-9.0,-18.0,-9.0,-18.0,-10.0,-18.0,-10.0,-17.0,-9.0,-17.0,-10.0,-17.0,-10.0,-17.0,-10.0,-17.0,-9.0,-16.0,-9.0,-16.0,-9.0,-16.0,-8.0,-16.0,-8.0,-16.0,-8.0,-16.0,-7.0
0.2702,122.0,-96.0,7.0,0.0,0.0,0.0,0.0,0.0,0.0,0.0,0.0,0.0,19.0,-2.0,19.0,-2.0,20.0,-1.0,19.0,-1.0,20.0,0.0,20.0,1.0,19.0,0.0,20.0,1.0,20.0,1.0,20.0,2.0,19.0,2.0,19.0,3.0,19.0,3.0,19.0,3.0,19.0,3.0,19.0,3.0,18.0,4.0,18.0,4.0,18.0,3.0,17.0,3.0,17.0,3.0,17.0,2.0,17.0,3.0,16.0,3.0,17.0,2.0,16.0,2.0
0.2831,122.0,-96.0,7.0,0.0,0.0,0.0,0.0,0.0,0.0,0.0,0.0,0.0,-7.0,1.0,-4.0,-2.0,1.0,-5.0,4.0,-8.0,8.0,-12.0,11.0,-16.0,13.0,-18.0,15.0,-21.0,15.0,-23.0,16.0,-24.0,15.0,-24.0,14.0,-23.0,13.0,-22.0,10.0,-19.0,8.0,-15.0,6.0,-11.0,4.0,-6.0,3.0,0.0,2.0,5.0,2.0,11.0,2.0,16.0,3.0,19.0,3.0,24.0,4.0,26.0,5.0,27.0,6.0,27.0
0.2957,122.0,-96.0,7.0,0.0,0.0,0.0,0.0,0.0,0.0,0.0,0.0,0.0,4.0,-21.0,3.0,-18.0,2.0,-14.0,2.0,-9.0,2.0,-4.0,2.0,1.0,3.0,6.0,3.0,11.0,4.0,16.0,5.0,20.0,6.0,24.0,7.0,26.0,8.0,27.0,8.0,28.0,9.0,27.0,8.0,24.0,8.0,22.0,6.0,18.0,4.0,14.0,2.0,9.0,-1.0,5.0,-5.0,0.0,-9.0,-4.0,-12.0,-8.0,-16.0,-10.0,-19.0,-12.0
0.31,122.0,-96.0,7.0,0.0,0.0,0.0,0.0,0.0,0.0,0.0,0.0,0.0,-6.0,-20.0,-6.0,-26.0,-7.0,-29.0,-8.0,-32.0,-9.0,-34.0,-10.0,-35.0,-9.0,-33.0,-9.0,-32.0,-8.0,-29.0,-7.0,-24.0,-5.0,-19.0,-3.0,-13.0,0.0,-7.0,4.0,0.0,8.0,5.0,11.0,11.0,16.0,16.0,20.0,19.0,23.0,22.0,25.0,23.0,27.0,24.0,27.0,23.0,27.0,22.0,24.0,19.0,21.0,16.0,17.0,13.0
0.3246,122.0,-96.0,7.0,0.0,0.0,0.0,0.0,0.0,0.0,0.0,0.0,0.0,-14.0,3.0,-18.0,4.0,-22.0,5.0,-24.0,5.0,-26.0,6.0,-28.0,6.0,-28.0,6.0,-27.0,6.0,-25.0,5.0,-21.0,5.0,-17.0,4.0,-12.0,2.0,-8.0,0.0,-3.0,-3.0,2.0,-6.0,7.0,-9.0,11.0,-12.0,14.0,-15.0,17.0,-17.0,20.0,-19.0,20.0,-21.0,21.0,-22.0,19.0,-21.0,16.0,-20.0,14.0,-18.0,12.0,-15.0
0.3386,122.0,-96.0,7.0,0.0,0.0,0.0,0.0,0.0,0.0,0.0,0.0,0.0,14.0,-1.0,18.0,0.0,20.0,0.0,23.0,0.0,24.0,0.0,25.0,0.0,24.0,0.0,23.0,0.0,21.0,0.0,17.0,0.0,13.0,0.0,8.0,0.0,4.0,1.0,-1.0,3.0,-6.0,4.0,-10.0,6.0,-15.0,8.0,-18.0,10.0,-21.0,11.0,-22.0,13.0,-23.0,14.0,-23.0,14.0,-21.0,14.0,-19.0,13.0,-16.0,11.0,-13.0,9.0
0.3537,122.0,-96.0,7.0,0.0,0.0,0.0,0.0,0.0,0.0,0.0,0.0,0.0,5.0,20.0,4.0,16.0,3.0,13.0,1.0,9.0,-1.0,4.0,-4.0,-1.0,-7.0,-4.0,-10.0,-9.0,-13.0,-13.0,-16.0,-15.0,-19.0,-18.0,-21.0,-19.0,-23.0,-19.0,-23.0,-19.0,-22.0,-18.0,-22.0,-16.0,-19.0,-14.0,-16.0,-12.0,-12.0,-10.0,-8.0,-7.0,-2.0,-5.0,3.0,-4.0,8.0,-2.0,14.0,-1.0,18.0,-1.0,21.0,-2.0
0.3668,122.0,-96.0,7.0,0.0,0.0,0.0,0.0,0.0,0.0,0.0,0.0,0.0,-2.0,-23.0,-2.0,-25.0,-2.0,-25.0,-2.0,-24.0,-2.0,-22.0,-2.0,-19.0,-1.0,-16.0,-1.0,-11.0,1.0,-8.0,2.0,-3.0,4.0,2.0,6.0,6.0,8.0,10.0,9.0,14.0,11.0,18.0,13.0,20.0,14.0,21.0,15.0,21.0,15.0,20.0,15.0,19.0,13.0,16.0,11.0,14.0,9.0,11.0,5.0,8.0,1.0,5.0,-3.0,2.0
0.3829,122.0,-96.0,7.0,0.0,0.0,0.0,0.0,0.0,0.0,0.0,0.0,0.0,-19.0,-6.0,-19.0,-7.0,-19.0,-7.0,-19.0,-7.0,-19.0,-8.0,-19.0,-9.0,-19.0,-9.0,-18.0,-10.0,-18.0,-10.0,-17.0,-10.0,-18.0,-10.0,-17.0,-10.0,-17.0,-10.0,-17.0,-11.0,-16.0,-11.0,-16.0,-11.0,-16.0,-11.0,-16.0,-11.0,-15.0,-11.0,-15.0,-11.0,-15.0,-10.0,-14.0,-10.0,-14.0,-10.0,-15.0,-9.0,-15.0,-9.0,-15.0,-9.0
0.3973,122.0,-96.0,7.0,0.0,0.0,0.0,0.0,0.0,0.0,0.0,0.0,0.0,5.0,3.0,1.0,3.0,-4.0,2.0,-9.0,2.0,-14.0,3.0,-19.0,3.0,-23.0,4.0,-26.0,4.0,-27.0,6.0,-29.0,6.0,-28.0,7.0,-27.0,7.0,-25.0,6.0,-21.0,6.0,-17.0,4.0,-13.0,3.0,-7.0,0.0,-3.0,-3.0,2.0,-7.0,6.0,-10.0,9.0,-14.0,10.0,-18.0,14.0,-21.0,13.0,-23.0,14.0,-25.0,13.0,-25.0
0.4118,122.0,-96.0,7.0,0.0,0.0,0.0,0.0,0.0,0.0,0.0,0.0,0.0,-15.0,6.0,-15.0,6.0,-15.0,5.0,-16.0,6.0,-16.0,4.0,-16.0,4.0,-16.0,4.0,-16.0,3.0,-16.0,3.0,-16.0,3.0,-16.0,3.0,-16.0,3.0,-16.0,2.0,-16.0,2.0,-16.0,2.0,-16.0,2.0,-15.0,2.0,-16.0,2.0,-16.0,1.0,-15.0,2.0,-15.0,2.0,-15.0,2.0,-14.0,2.0,-14.0,2.0,-14.0,2.0,-13.0,2.0
0.4259,122.0,-96.0,7.0,0.0,0.0,0.0,0.0,0.0,0.0,0.0,0.0,0.0,-6.0,-15.0,-7.0,-19.0,-9.0,-23.0,-10.0,-26.0,-11.0,-28.0,-12.0,-30.0,-11.0,-29.0,-11.0,-28.0,-11.0,-27.0,-10.0,-23.0,-8.0,-18.0,-6.0,-13.0,-2.0,-8.0,2.0,-3.0,6.0,1.0,10.0,6.0,14.0,10.0,18.0,12.0,21.0,14.0,24.0,16.0,26.0,17.0,27.0,17.0,27.0,15.0,25.0,13.0,22.0,11.0,18.0,9.0
0.4408,122.0,-96.0,7.0,0.0,0.0,0.0,0.0,0.0,0.0,0.0,0.0,0.0,-3.0,7.0,-4.0,2.0,-4.0,-4.0,-5.0,-10.0,-6.0,-15.0,-8.0,-20.0,-10.0,-23.0,-11.0,-27.0,-13.0,-28.0,-14.0,-30.0,-14.0,-29.0,-14.0,-28.0,-13.0,-26.0,-12.0,-21.0,-10.0,-18.0,-7.0,-13.0,-2.0,-8.0,2.0,-4.0,7.0,0.0,12.0,4.0,17.0,6.0,21.0,7.0,25.0,10.0,27.0,9.0,29.0,10.0,30.0,8.0
0.4543,122.0,-96.0,7.0,0.0,0.0,0.0,0.0,0.0,0.0,0.0,0.0,0.0,21.0,3.0,23.0,3.0,24.0,4.0,23.0,3.0,22.0,3.0,20.0,3.0,17.0,3.0,13.0,2.0,9.0,2.0,4.0,2.0,-1.0,3.0,-6.0,4.0,-11.0,5.0,-15.0,6.0,-20.0,6.0,-23.0,8.0,-24.0,9.0,-25.0,10.0,-24.0,10.0,-24.0,10.0,-21.0,10.0,-18.0,8.0,-15.0,7.0,-12.0,4.0,-7.0,1.0,-4.0,-2.0
0.4692,122.0,-96.0,7.0,0.0,0.0,0.0,0.0,0.0,0.0,0.0,0.0,0.0,-6.0,3.0,-4.0,-1.0,-1.0,-5.0,1.0,-10.0,3.0,-14.0,5.0,-19.0,5.0,-22.0,6.0,-25.0,6.0,-27.0,5.0,-29.0,4.0,-28.0,4.0,-28.0,3.0,-25.0,2.0,-22.0,2.0,-18.0,1.0,-12.0,2.0,-7.0,3.0,-2.0,4.0,4.0,6.0,9.0,9.0,13.0,11.0,16.0,13.0,20.0,15.0,21.0,16.0,21.0,17.0,22.0
0.4825,122.0,-96.0,7.0,0.0,0.0,0.0,0.0,0.0,0.0,0.0,0.0,0.0,16.0,14.0,17.0,16.0,17.0,16.0,17.0,14.0,16.0,13.0,14.0,12.0,11.0,10.0,8.0,7.0,4.0,5.0,-1.0,3.0,-5.0,1.0,-9.0,-1.0,-14.0,-2.0,-18.0,-4.0,-22.0,-4.0,-25.0,-5.0,-26.0,-4.0,-27.0,-4.0,-26.0,-3.0,-25.0,-3.0,-22.0,-2.0,-19.0,-2.0,-15.0,-2.0,-10.0,-2.0,-6.0,-3.0,-1.0,-4.0
0.4985,122.0,-96.0,7.0,0.0,0.0,0.0,0.0,0.0,0.0,0.0,0.0,0.0,-9.0,-18.0,-8.0,-18.0,-8.0,-18.0,-7.0,-19.0,-7.0,-19.0,-7.0,-19.0,-6.0,-19.0,-6.0,-20.0,-5.0,-20.0,-6.0,-19.0,-5.0,-19.0,-5.0,-19.0,-5.0,-19.0,-4.0,-20.0,-4.0,-19.0,-4.0,-19.0,-3.0,-19.0,-4.0,-19.0,-4.0,-19.0,-4.0,-18.0,-4.0,-18.0,-4.0,-18.0,-4.0,-17.0,-4.0,-17.0,-5.0,-16.0,-5.0,-16.0
0.512,122.0,-96.0,7.0,0.0,0.0,0.0,0.0,0.0,0.0,0.0,0.0,0.0,-1.0,-16.0,0.0,-16.0,-1.0,-16.0,0.0,-16.0,1.0,-16.0,1.0,-17.0,2.0,-16.0,2.0,-16.0,2.0,-16.0,3.0,-16.0,3.0,-16.0,3.0,-16.0,3.0,-15.0,3.0,-16.0,4.0,-16.0,3.0,-15.0,4.0,-15.0,4.0,-15.0,3.0,-15.0,3.0,-15.0,3.0,-14.0,3.0,-14.0,3.0,-14.0,3.0,-14.0,3.0,-13.0,2.0,-14.0
0.5261,122.0,-96.0,7.0,0.0,0.0,0.0,0.0,0.0,0.0,0.0,0.0,0.0,-8.0,29.0,-6.0,26.0,-5.0,22.0,-5.0,17.0,-4.0,12.0,-4.0,5.0,-5.0,-1.0,-5.0,-8.0,-6.0,-15.0,-8.0,-20.0,-9.0,-26.0,-11.0,-30.0,-13.0,-32.0,-14.0,-34.0,-15.0,-34.0,-15.0,-32.0,-15.0,-29.0,-13.0,-26.0,-11.0,-22.0,-8.0,-16.0,-3.0,-11.0,2.0,-6.0,7.0,-1.0,12.0,4.0,17.0,7.0,22.0,9.0
0.5403,122.0,-96.0,7.0,0.0,0.0,0.0,0.0,0.0,0.0,0.0,0.0,0.0,-7.0,-3.0,-3.0,-4.0,3.0,-4.0,7.0,-5.0,12.0,-7.0,17.0,-8.0,19.0,-10.0,23.0,-12.0,24.0,-14.0,25.0,-14.0,23.0,-15.0,23.0,-14.0,21.0,-13.0,17.0,-12.0,14.0,-10.0,10.0,-7.0,6.0,-3.0,3.0,2.0,-1.0,6.0,-3.0,11.0,-5.0,15.0,-6.0,19.0,-8.0,23.0,-7.0,25.0,-7.0,26.0,-7.0,27.0
0.5533,122.0,-96.0,7.0,0.0,0.0,0.0,0.0,0.0,0.0,0.0,0.0,0.0,-7.0,3.0,-4.0,-1.0,-1.0,-5.0,2.0,-9.0,4.0,-14.0,6.0,-18.0,7.0,-21.0,8.0,-25.0,7.0,-27.0,7.0,-28.0,6.0,-28.0,6.0,-27.0,6.0,-25.0,4.0,-21.0,3.0,-18.0,2.0,-13.0,3.0,-7.0,3.0,-2.0,4.0,4.0,6.0,9.0,8.0,14.0,10.0,17.0,11.0,21.0,13.0,22.0,14.0,23.0,16.0,23.0
0.5659,122.0,-96.0,7.0,0.0,0.0,0.0,0.0,0.0,0.0,0.0,0.0,0.0,16.0,-3.0,22.0,-3.0,26.0,-3.0,29.0,-3.0,33.0,-4.0,34.0,-4.0,34.0,-4.0,33.0,-4.0,30.0,-4.0,26.0,-4.0,21.0,-3.0,15.0,-2.0,9.0,0.0,2.0,3.0,-4.0,6.0,-10.0,9.0,-16.0,12.0,-20.0,16.0,-24.0,18.0,-26.0,21.0,-28.0,23.0,-28.0,23.0,-27.0,23.0,-24.0,22.0,-21.0,20.0,-17.0,16.0
0.5808,122.0,-96.0,7.0,0.0,0.0,0.0,0.0,0.0,0.0,0.0,0.0,0.0,-11.0,3.0,-15.0,4.0,-19.0,4.0,-22.0,5.0,-25.0,6.0,-27.0,6.0,-27.0,6.0,-27.0,7.0,-26.0,6.0,-23.0,6.0,-19.0,5.0,-15.0,4.0,-10.0,1.0,-5.0,-1.0,-1.0,-5.0,4.0,-8.0,8.0,-11.0,11.0,-15.0,14.0,-17.0,16.0,-20.0,18.0,-22.0,18.0,-23.0,17.0,-23.0,14.0,-22.0,13.0,-20.0,11.0,-18.0
0.5944,122.0,-96.0,7.0,0.0,0.0,0.0,0.0,0.0,0.0,0.0,0.0,0.0,1.0,-8.0,3.0,-3.0,4.0,2.0,5.0,8.0,8.0,13.0,10.0,17.0,12.0,20.0,14.0,24.0,16.0,25.0,17.0,25.0,18.0,24.0,18.0,23.0,17.0,22.0,15.0,18.0,12.0,15.0,8.0,11.0,3.0,7.0,-2.0,3.0,-8.0,0.0,-13.0,-3.0,-19.0,-4.0,-22.0,-5.0,-27.0,-6.0,-29.0,-4.0,-31.0,-4.0,-32.0,-3.0
0.6093,122.0,-96.0,7.0,0.0,0.0,0.0,0.0,0.0,0.0,0.0,0.0,0.0,10.0,-14.0,10.0,-14.0,10.0,-13.0,11.0,-13.0,11.0,-13.0,11.0,-13.0,12.0,-13.0,12.0,-12.0,12.0,-12.0,13.0,-11.0,13.0,-12.0,13.0,-11.0,13.0,-10.0,13.0,-11.0,13.0,-10.0,13.0,-10.0,12.0,-10.0,13.0,-10.0,12.0,-10.0,12.0,-10.0,12.0,-10.0,11.0,-10.0,11.0,-10.0,11.0,-9.0,10.0,-9.0,10.0,-10.0
0.6245,122.0,-96.0,7.0,0.0,0.0,0.0,0.0,0.0,0.0,0.0,0.0,0.0,-20.0,-3.0,-20.0,-3.0,-20.0,-3.0,-20.0,-4.0,-20.0,-4.0,-21.0,-5.0,-20.0,-5.0,-20.0,-6.0,-20.0,-6.0,-19.0,-7.0,-19.0,-7.0,-20.0,-7.0,-19.0,-7.0,-19.0,-8.0,-19.0,-8.0,-18.0,-7.0,-18.0,-8.0,-18.0,-8.0,-18.0,-8.0,-17.0,-7.0,-17.0,-7.0,-17.0,-7.0,-17.0,-7.0,-17.0,-6.0,-16.0,-6.0,-17.0,-5.0
0.6383,122.0,-96.0,7.0,0.0,0.0,0.0,0.0,0.0,0.0,0.0,0.0,0.0,-20.0,12.0,-16.0,10.0,-14.0,9.0,-11.0,6.0,-8.0,3.0,-4.0,-1.0,-1.0,-5.0,3.0,-9.0,6.0,-14.0,7.0,-18.0,9.0,-21.0,9.0,-24.0,9.0,-26.0,10.0,-28.0,9.0,-27.0,8.0,-26.0,6.0,-23.0,6.0,-21.0,5.0,-16.0,4.0,-12.0,4.0,-6.0,3.0,-1.0,4.0,5.0,5.0,10.0,6.0,14.0,8.0,18.0
0.6513,122.0,-96.0,7.0,0.0,0.0,0.0,0.0,0.0,0.0,0.0,0.0,0.0,-2.0,-12.0,1.0,-8.0,3.0,-1.0,6.0,5.0,9.0,10.0,13.0,15.0,16.0,18.0,19.0,22.0,21.0,24.0,23.0,25.0,24.0,25.0,25.0,24.0,23.0,23.0,21.0,19.0,18.0,16.0,13.0,12.0,8.0,8.0,1.0,5.0,-5.0,2.0,-12.0,0.0,-19.0,-1.0,-23.0,-1.0,-29.0,-2.0,-32.0,-1.0,-34.0,0.0,-36.0,1.0
0.6656,122.0,-96.0,7.0,0.0,0.0,0.0,0.0,0.0,0.0,0.0,0.0,0.0,5.0,23.0,5.0,21.0,4.0,17.0,3.0,14.0,1.0,10.0,-1.0,5.0,-4.0,1.0,-6.0,-4.0,-9.0,-9.0,-13.0,-12.0,-15.0,-15.0,-18.0,-17.0,-20.0,-18.0,-22.0,-20.0,-22.0,-19.0,-22.0,-18.0,-21.0,-17.0,-18.0,-14.0,-15.0,-12.0,-11.0,-9.0,-6.0,-7.0,-1.0,-5.0,4.0,-3.0,9.0,-2.0,14.0,-1.0,18.0,-2.0
0.6819,122.0,-96.0,7.0,0.0,0.0,0.0,0.0,0.0,0.0,0.0,0.0,0.0,8.0,-14.0,9.0,-14.0,9.0,-13.0,9.0,-13.0,10.0,-13.0,10.0,-13.0,10.0,-12.0,11.0,-13.0,11.0,-12.0,11.0,-12.0,11.0,-12.0,11.0,-12.0,11.0,-11.0,11.0,-12.0,12.0,-11.0,11.0,-10.0,11.0,-11.0,11.0,-10.0,11.0,-10.0,11.0,-10.0,10.0,-10.0,10.0,-10.0,10.0,-10.0,10.0,-10.0,9.0,-10.0,9.0,-10.0
0.6944,122.0,-96.0,7.0,0.0,0.0,0.0,0.0,0.0,0.0,0.0,0.0,0.0,-24.0,3.0,-27.0,3.0,-28.0,3.0,-27.0,4.0,-26.0,3.0,-23.0,3.0,-20.0,2.0,-15.0,1.0,-11.0,0.0,-6.0,-2.0,-1.0,-4.0,4.0,-6.0,9.0,-9.0,13.0,-12.0,17.0,-14.0,20.0,-16.0,21.0,-18.0,22.0,-19.0,22.0,-20.0,20.0,-19.0,18.0,-18.0,16.0,-16.0,13.0,-13.0,10.0,-9.0,6.0,-5.0,4.0,0.0
0.7098,122.0,-96.0,7.0,0.0,0.0,0.0,0.0,0.0,0.0,0.0,0.0,0.0,-11.0,2.0,-16.0,2.0,-19.0,3.0,-23.0,3.0,-25.0,4.0,-28.0,4.0,-28.0,4.0,-28.0,4.0,-27.0,4.0,-23.0,4.0,-20.0,3.0,-15.0,2.0,-10.0,0.0,-5.0,-2.0,-1.0,-5.0,4.0,-7.0,9.0,-10.0,12.0,-14.0,16.0,-17.0,18.0,-19.0,19.0,-21.0,19.0,-22.0,18.0,-22.0,16.0,-21.0,14.0,-20.0,12.0,-17.0
0.7232,122.0,-96.0,7.0,0.0,0.0,0.0,0.0,0.0,0.0,0.0,0.0,0.0,19.0,-15.0,17.0,-14.0,14.0,-12.0,11.0,-10.0,8.0,-6.0,5.0,-2.0,2.0,2.0,-1.0,7.0,-4.0,11.0,-6.0,15.0,-8.0,19.0,-9.0,22.0,-9.0,25.0,-10.0,27.0,-9.0,27.0,-8.0,26.0,-7.0,25.0,-6.0,22.0,-5.0,18.0,-4.0,13.0,-4.0,7.0,-4.0,2.0,-5.0,-3.0,-6.0,-9.0,-7.0,-14.0,-9.0,-17.0
0.737,122.0,-96.0,7.0,0.0,0.0,0.0,0.0,0.0,0.0,0.0,0.0,0.0,-7.0,3.0,-4.0,-1.0,-2.0,-5.0,1.0,-9.0,3.0,-14.0,5.0,-18.0,6.0,-21.0,7.0,-25.0,7.0,-27.0,7.0,-28.0,5.0,-28.0,5.0,-27.0,5.0,-26.0,3.0,-22.0,3.0,-18.0,2.0,-13.0,2.0,-7.0,3.0,-2.0,4.0,4.0,5.0,9.0,8.0,14.0,10.0,16.0,12.0,21.0,14.0,21.0,15.0,22.0,16.0,23.0
0.7529,122.0,-96.0,7.0,0.0,0.0,0.0,0.0,0.0,0.0,0.0,0.0,0.0,-10.0,-13.0,-10.0,-14.0,-9.0,-14.0,-10.0,-14.0,-9.0,-14.0,-9.0,-15.0,-8.0,-15.0,-8.0,-15.0,-8.0,-15.0,-7.0,-15.0,-7.0,-15.0,-7.0,-15.0,-7.0,-15.0,-7.0,-15.0,-6.0,-16.0,-6.0,-15.0,-6.0,-15.0,-5.0,-15.0,-5.0,-15.0,-6.0,-14.0,-6.0,-14.0,-5.0,-14.0,-6.0,-14.0,-5.0,-13.0,-6.0,-13.0,-6.0,-13.0
0.7676,122.0,-96.0,7.0,0.0,0.0,0.0,0.0,0.0,0.0,0.0,0.0,0.0,5.0,4.0,1.0,3.0,-4.0,2.0,-9.0,1.0,-14.0,2.0,-19.0,2.0,-22.0,3.0,-26.0,3.0,-27.0,4.0,-28.0,5.0,-28.0,6.0,-27.0,6.0,-25.0,6.0,-21.0,6.0,-18.0,4.0,-13.0,3.0,-7.0,0.0,-4.0,-3.0,1.0,-6.0,5.0,-10.0,8.0,-14.0,9.0,-17.0,12.0,-21.0,12.0,-23.0,13.0,-24.0,12.0,-25.0
0.7809,122.0,-96.0,7.0,0.0,0.0,0.0,0.0,0.0,0.0,0.0,0.0,0.0,6.0,14.0,5.0,14.0,5.0,15.0,5.0,15.0,5.0,15.0,4.0,15.0,4.0,16.0,4.0,16.0,3.0,16.0,3.0,16.0,2.0,16.0,2.0,16.0,2.0,16.0,2.0,16.0,1.0,16.0,1.0,15.0,1.0,15.0,1.0,15.0,1.0,15.0,1.0,14.0,2.0,14.0,2.0,14.0,2.0,14.0,1.0,14.0,2.0,13.0,2.0,13.0
0.7935,122.0,-96.0,7.0,0.0,0.0,0.0,0.0,0.0,0.0,0.0,0.0,0.0,19.0,-14.0,17.0,-13.0,14.0,-11.0,11.0,-9.0,8.0,-6.0,5.0,-2.0,2.0,2.0,-2.0,6.0,-5.0,11.0,-7.0,15.0,-10.0,19.0,-11.0,22.0,-11.0,24.0,-12.0,26.0,-11.0,26.0,-10.0,26.0,-9.0,24.0,-9.0,21.0,-7.0,17.0,-5.0,13.0,-4.0,7.0,-4.0,2.0,-4.0,-4.0,-4.0,-10.0,-5.0,-14.0,-7.0,-18.0
0.8088,122.0,-96.0,7.0,0.0,0.0,0.0,0.0,0.0,0.0,0.0,0.0,0.0,-4.0,-11.0,-5.0,-15.0,-6.0,-19.0,-6.0,-22.0,-8.0,-25.0,-8.0,-27.0,-8.0,-27.0,-8.0,-27.0,-8.0,-26.0,-7.0,-22.0,-7.0,-19.0,-5.0,-15.0,-3.0,-10.0,0.0,-5.0,3.0,-1.0,6.0,4.0,10.0,8.0,13.0,11.0,16.0,14.0,19.0,16.0,21.0,18.0,22.0,18.0,22.0,17.0,21.0,14.0,19.0,12.0,17.0,11.0
0.8234,122.0,-96.0,7.0,0.0,0.0,0.0,0.0,0.0,0.0,0.0,0.0,0.0,16.0,14.0,17.0,15.0,17.0,16.0,17.0,15.0,17.0,15.0,15.0,13.0,13.0,11.0,9.0,8.0,6.0,6.0,2.0,4.0,-3.0,2.0,-7.0,0.0,-12.0,-2.0,-16.0,-3.0,-20.0,-5.0,-23.0,-5.0,-25.0,-5.0,-26.0,-5.0,-26.0,-4.0,-25.0,-4.0,-23.0,-3.0,-20.0,-3.0,-17.0,-2.0,-12.0,-2.0,-7.0,-3.0,-3.0,-3.0
0.8362,122.0,-96.0,7.0,0.0,0.0,0.0,0.0,0.0,0.0,0.0,0.0,0.0,7.0,-23.0,8.0,-25.0,8.0,-26.0,7.0,-25.0,7.0,-25.0,6.0,-23.0,5.0,-19.0,4.0,-15.0,4.0,-10.0,3.0,-5.0,3.0,0.0,3.0,6.0,3.0,11.0,3.0,17.0,4.0,21.0,4.0,25.0,5.0,27.0,6.0,28.0,7.0,27.0,7.0,26.0,7.0,23.0,6.0,21.0,5.0,17.0,3.0,12.0,1.0,7.0,-2.0,3.0
0.8495,122.0,-96.0,7.0,0.0,0.0,0.0,0.0,0.0,0.0,0.0,0.0,0.0,-20.0,8.0,-22.0,9.0,-23.0,9.0,-22.0,9.0,-21.0,8.0,-19.0,8.0,-17.0,6.0,-13.0,5.0,-10.0,2.0,-6.0,0.0,-2.0,-3.0,2.0,-6.0,5.0,-10.0,9.0,-13.0,12.0,-16.0,13.0,-18.0,14.0,-21.0,14.0,-22.0,14.0,-22.0,13.0,-21.0,11.0,-20.0,10.0,-17.0,8.0,-14.0,6.0,-10.0,4.0,-6.0,3.0,-1.0
0.8632,122.0,-96.0,7.0,0.0,0.0,0.0,0.0,0.0,0.0,0.0,0.0,0.0,-12.0,-7.0,-15.0,-9.0,-18.0,-11.0,-21.0,-13.0,-23.0,-14.0,-24.0,-15.0,-24.0,-14.0,-23.0,-14.0,-22.0,-13.0,-19.0,-11.0,-16.0,-9.0,-11.0,-7.0,-6.0,-5.0,-1.0,-4.0,4.0,-3.0,9.0,-1.0,15.0,-1.0,19.0,-1.0,23.0,0.0,26.0,-1.0,27.0,-1.0,28.0,-2.0,27.0,-3.0,25.0,-3.0,22.0,-4.0,19.0,-3.0
0.8768,122.0,-96.0,7.0,0.0,0.0,0.0,0.0,0.0,0.0,0.0,0.0,0.0,-11.0,4.0,-7.0,0.0,-2.0,-3.0,2.0,-7.0,6.0,-11.0,9.0,-16.0,11.0,-19.0,14.0,-23.0,14.0,-25.0,15.0,-27.0,14.0,-28.0,13.0,-28.0,13.0,-27.0,10.0,-24.0,9.0,-20.0,6.0,-15.0,5.0,-9.0,4.0,-4.0,3.0,2.0,3.0,8.0,4.0,14.0,5.0,18.0,5.0,24.0,7.0,26.0,9.0,27.0,10.0,28.0
0.8902,122.0,-96.0,7.0,0.0,0.0,0.0,0.0,0.0,0.0,0.0,0.0,0.0,-7.0,14.0,-7.0,14.0,-8.0,14.0,-8.0,14.0,-9.0,14.0,-10.0,14.0,-9.0,13.0,-10.0,13.0,-10.0,13.0,-10.0,13.0,-11.0,13.0,-10.0,12.0,-11.0,12.0,-11.0,12.0,-11.0,11.0,-11.0,11.0,-11.0,11.0,-11.0,11.0,-11.0,11.0,-10.0,11.0,-10.0,10.0,-10.0,10.0,-10.0,10.0,-10.0,10.0,-9.0,10.0,-9.0,10.0
0.9039,122.0,-96.0,7.0,0.0,0.0,0.0,0.0,0.0,0.0,0.0,0.0,0.0,22.0,-9.0,24.0,-10.0,24.0,-10.0,23.0,-10.0,22.0,-9.0,19.0,-8.0,16.0,-7.0,11.0,-5.0,8.0,-2.0,3.0,1.0,-1.0,4.0,-5.0,7.0,-8.0,11.0,-12.0,15.0,-15.0,18.0,-17.0,20.0,-17.0,22.0,-18.0,23.0,-16.0,23.0,-15.0,22.0,-13.0,20.0,-12.0,17.0,-10.0,13.0,-7.0,9.0,-5.0,4.0,-4.0,-1.0
0.9193,122.0,-96.0,7.0,0.0,0.0,0.0,0.0,0.0,0.0,0.0,0.0,0.0,2.0,25.0,3.0,21.0,2.0,18.0,1.0,13.0,-1.0,8.0,-2.0,2.0,-5.0,-2.0,-7.0,-8.0,-10.0,-13.0,-13.0,-17.0,-15.0,-20.0,-18.0,-22.0,-20.0,-23.0,-22.0,-25.0,-22.0,-23.0,-21.0,-21.0,-20.0,-19.0,-17.0,-17.0,-14.0,-14.0,-10.0,-10.0,-5.0,-7.0,0.0,-5.0,6.0,-2.0,12.0,0.0,17.0,1.0,21.0,1.0
0.9334,122.0,-96.0,7.0,0.0,0.0,0.0,0.0,0.0,0.0,0.0,0.0,0.0,32.0,-4.0,27.0,-5.0,22.0,-4.0,17.0,-3.0,10.0,0.0,4.0,2.0,-3.0,5.0,-10.0,9.0,-16.0,12.0,-21.0,16.0,-25.0,19.0,-28.0,22.0,-29.0,25.0,-31.0,27.0,-30.0,27.0,-27.0,26.0,-25.0,25.0,-21.0,21.0,-18.0,17.0,-13.0,12.0,-10.0,5.0,-6.0,-2.0,-3.0,-9.0,0.0,-16.0,1.0,-22.0,1.0,-28.0
0.947,122.0,-96.0,7.0,0.0,0.0,0.0,0.0,0.0,0.0,0.0,0.0,0.0,-2.0,16.0,-3.0,16.0,-3.0,16.0,-3.0,16.0,-4.0,16.0,-4.0,16.0,-5.0,16.0,-5.0,16.0,-5.0,15.0,-6.0,16.0,-6.0,15.0,-6.0,15.0,-6.0,15.0,-6.0,15.0,-7.0,14.0,-6.0,14.0,-6.0,14.0,-6.0,14.0,-6.0,14.0,-6.0,13.0,-6.0,13.0,-5.0,13.0,-5.0,13.0,-5.0,12.0,-5.0,13.0,-4.0,13.0
0.96,122.0,-96.0,7.0,0.0,0.0,0.0,0.0,0.0,0.0,0.0,0.0,0.0,-14.0,19.0,-12.0,18.0,-11.0,15.0,-9.0,12.0,-7.0,8.0,-5.0,3.0,-3.0,-1.0,-2.0,-7.0,0.0,-12.0,0.0,-16.0,1.0,-21.0,0.0,-24.0,0.0,-26.0,0.0,-29.0,-1.0,-29.0,-1.0,-28.0,-2.0,-26.0,-2.0,-23.0,-2.0,-20.0,-1.0,-15.0,0.0,-10.0,2.0,-5.0,4.0,1.0,6.0,5.0,9.0,9.0,12.0,12.0
0.9744,122.0,-96.0,7.0,0.0,0.0,0.0,0.0,0.0,0.0,0.0,0.0,0.0,19.0,-7.0,19.0,-6.0,19.0,-6.0,19.0,-5.0,20.0,-5.0,20.0,-4.0,20.0,-4.0,20.0,-3.0,20.0,-3.0,20.0,-3.0,20.0,-2.0,20.0,-2.0,19.0,-2.0,20.0,-1.0,20.0,-1.0,19.0,-1.0,19.0,-1.0,19.0,-1.0,19.0,-1.0,18.0,-1.0,18.0,-1.0,17.0,-2.0,17.0,-1.0,17.0,-2.0,17.0,-2.0,16.0,-2.0
0.9871,122.0,-96.0,7.0,0.0,0.0,0.0,0.0,0.0,0.0,0.0,0.0,0.0,-1.0,16.0,-2.0,16.0,-2.0,16.0,-3.0,16.0,-3.0,16.0,-4.0,16.0,-4.0,16.0,-4.0,16.0,-5.0,16.0,-5.0,16.0,-5.0,16.0,-5.0,15.0,-5.0,15.0,-6.0,15.0,-6.0,15.0,-6.0,14.0,-6.0,15.0,-6.0,14.0,-6.0,14.0,-6.0,14.0,-6.0,14.0,-5.0,13.0,-5.0,13.0,-5.0,13.0,-5.0,13.0,-4.0,13.0
1.0008,122.0,-96.0,7.0,0.0,0.0,0.0,0.0,0.0,0.0,0.0,0.0,0.0,-5.0,9.0,-7.0,13.0,-9.0,16.0,-11.0,19.0,-12.0,21.0,-13.0,23.0,-12.0,24.0,-12.0,24.0,-11.0,23.0,-10.0,21.0,-8.0,17.0,-7.0,13.0,-6.0,9.0,-4.0,3.0,-4.0,-2.0,-3.0,-7.0,-3.0,-13.0,-4.0,-17.0,-5.0,-21.0,-6.0,-24.0,-7.0,-27.0,-8.0,-28.0,-8.0,-27.0,-9.0,-25.0,-9.0,-22.0,-8.0,-20.0
1.0134,122.0,-96.0,7.0,0.0,0.0,0.0,0.0,0.0,0.0,0.0,0.0,0.0,-7.0,13.0,-9.0,17.0,-10.0,20.0,-11.0,22.0,-11.0,24.0,-11.0,24.0,-11.0,24.0,-10.0,23.0,-10.0,21.0,-8.0,18.0,-6.0,14.0,-5.0,9.0,-4.0,4.0,-3.0,-2.0,-3.0,-7.0,-3.0,-12.0,-3.0,-17.0,-4.0,-21.0,-5.0,-24.0,-6.0,-27.0,-7.0,-28.0,-8.0,-28.0,-8.0,-27.0,-8.0,-24.0,-8.0,-21.0,-6.0,-17.0
1.0274,122.0,-96.0,7.0,0.0,0.0,0.0,0.0,0.0,0.0,0.0,0.0,0.0,-26.0,-1.0,-26.0,-1.0,-27.0,-1.0,-25.0,-1.0,-23.0,-1.0,-19.0,-1.0,-16.0,-1.0,-10.0,-1.0,-6.0,-3.0,-1.0,-4.0,4.0,-6.0,9.0,-7.0,13.0,-9.0,17.0,-11.0,21.0,-12.0,23.0,-14.0,23.0,-15.0,24.0,-16.0,22.0,-16.0,21.0,-15.0,18.0,-14.0,15.0,-12.0,12.0,-9.0,9.0,-5.0,5.0,-1.0,2.0,3.0
1.0428,122.0,-96.0,7.0,0.0,0.0,0.0,0.0,0.0,0.0,0.0,0.0,0.0,7.0,-24.0,7.0,-25.0,7.0,-25.0,6.0,-24.0,6.0,-22.0,5.0,-19.0,4.0,-15.0,3.0,-10.0,3.0,-6.0,3.0,0.0,3.0,5.0,3.0,9.0,4.0,14.0,5.0,19.0,6.0,23.0,6.0,25.0,8.0,26.0,8.0,27.0,9.0,25.0,9.0,24.0,8.0,20.0,6.0,17.0,5.0,14.0,2.0,9.0,-1.0,5.0,-4.0,1.0
1.058,122.0,-96.0,7.0,0.0,0.0,0.0,0.0,0.0,0.0,0.0,0.0,0.0,-6.0,-21.0,-6.0,-18.0,-4.0,-14.0,-3.0,-10.0,0.0,-6.0,2.0,-1.0,5.0,2.0,8.0,7.0,11.0,10.0,14.0,13.0,17.0,16.0,19.0,16.0,21.0,17.0,22.0,17.0,22.0,16.0,20.0,14.0,19.0,13.0,15.0,10.0,12.0,9.0,8.0,6.0,3.0,4.0,-3.0,3.0,-8.0,2.0,-13.0,1.0,-17.0,1.0,-20.0,2.0
1.0733,122.0,-96.0,7.0,0.0,0.0,0.0,0.0,0.0,0.0,0.0,0.0,0.0,8.0,-14.0,9.0,-14.0,9.0,-14.0,9.0,-14.0,10.0,-14.0,10.0,-14.0,11.0,-13.0,11.0,-13.0,11.0,-13.0,11.0,-13.0,11.0,-12.0,11.0,-12.0,11.0,-12.0,11.0,-12.0,12.0,-11.0,11.0,-11.0,11.0,-11.0,11.0,-11.0,11.0,-10.0,11.0,-10.0,11.0,-10.0,10.0,-11.0,10.0,-10.0,10.0,-10.0,9.0,-10.0,9.0,-10.0
1.0859,122.0,-96.0,7.0,0.0,0.0,0.0,0.0,0.0,0.0,0.0,0.0,0.0,23.0,-19.0,26.0,-20.0,25.0,-20.0,24.0,-20.0,22.0,-19.0,20.0,-17.0,17.0,-14.0,12.0,-10.0,9.0,-6.0,5.0,-1.0,1.0,5.0,-2.0,10.0,-5.0,16.0,-8.0,21.0,-11.0,26.0,-12.0,29.0,-12.0,32.0,-11.0,33.0,-10.0,33.0,-10.0,32.0,-8.0,29.0,-7.0,25.0,-6.0,20.0,-5.0,14.0,-5.0,8.0,-5.0,1.0
1.0998,122.0,-96.0,7.0,0.0,0.0,0.0,0.0,0.0,0.0,0.0,0.0,0.0,7.0,-8.0,11.0,-11.0,15.0,-13.0,18.0,-16.0,20.0,-18.0,22.0,-19.0,22.0,-20.0,22.0,-21.0,21.0,-20.0,18.0,-18.0,15.0,-16.0,12.0,-12.0,9.0,-8.0,5.0,-3.0,3.0,2.0,0.0,7.0,-3.0,13.0,-4.0,18.0,-5.0,22.0,-5.0,26.0,-6.0,29.0,-5.0,30.0,-4.0,30.0,-3.0,28.0,-2.0,25.0,-2.0,22.0
1.1129,122.0,-96.0,7.0,0.0,0.0,0.0,0.0,0.0,0.0,0.0,0.0,0.0,-6.0,-10.0,-1.0,-6.0,4.0,-1.0,10.0,2.0,16.0,6.0,22.0,8.0,27.0,10.0,32.0,12.0,35.0,11.0,36.0,12.0,37.0,10.0,36.0,10.0,34.0,9.0,30.0,6.0,24.0,5.0,17.0,4.0,10.0,4.0,3.0,4.0,-5.0,5.0,-12.0,7.0,-18.0,10.0,-23.0,13.0,-29.0,15.0,-31.0,17.0,-32.0,20.0,-32.0,21.0
1.1261,122.0,-96.0,7.0,0.0,0.0,0.0,0.0,0.0,0.0,0.0,0.0,0.0,13.0,9.0,13.0,9.0,13.0,9.0,13.0,10.0,12.0,10.0,12.0,11.0,12.0,11.0,12.0,11.0,11.0,11.0,11.0,11.0,11.0,12.0,11.0,12.0,10.0,12.0,10.0,12.0,9.0,12.0,9.0,12.0,9.0,12.0,9.0,12.0,9.0,12.0,9.0,11.0,9.0,11.0,9.0,11.0,8.0,11.0,9.0,10.0,9.0,10.0,9.0,10.0
1.1411,122.0,-96.0,7.0,0.0,0.0,0.0,0.0,0.0,0.0,0.0,0.0,0.0,-14.0,23.0,-15.0,24.0,-15.0,25.0,-14.0,24.0,-13.0,23.0,-12.0,20.0,-10.0,17.0,-7.0,12.0,-6.0,8.0,-5.0,2.0,-4.0,-4.0,-3.0,-9.0,-2.0,-15.0,-2.0,-20.0,-2.0,-25.0,-2.0,-29.0,-3.0,-31.0,-4.0,-32.0,-4.0,-31.0,-4.0,-30.0,-5.0,-26.0,-4.0,-24.0,-4.0,-19.0,-2.0,-14.0,0.0,-9.0,3.0,-3.0
1.1548,122.0,-96.0,7.0,0.0,0.0,0.0,0.0,0.0,0.0,0.0,0.0,0.0,33.0,11.0,35.0,11.0,36.0,11.0,34.0,10.0,33.0,9.0,29.0,8.0,24.0,7.0,18.0,6.0,12.0,5.0,4.0,4.0,-4.0,4.0,-12.0,4.0,-19.0,6.0,-26.0,6.0,-32.0,7.0,-37.0,9.0,-39.0,10.0,-40.0,11.0,-39.0,12.0,-37.0,12.0,-34.0,12.0,-30.0,10.0,-24.0,8.0,-18.0,4.0,-11.0,1.0,-5.0,-4.0
1.1691,122.0,-96.0,7.0,0.0,0.0,0.0,0.0,0.0,0.0,0.0,0.0,0.0,19.0,-8.0,20.0,-7.0,20.0,-7.0,20.0,-6.0,21.0,-6.0,21.0,-5.0,21.0,-5.0,21.0,-4.0,21.0,-4.0,21.0,-3.0,21.0,-3.0,21.0,-3.0,20.0,-2.0,20.0,-2.0,21.0,-2.0,20.0,-2.0,20.0,-1.0,19.0,-1.0,19.0,-1.0,19.0,-1.0,19.0,-1.0,18.0,-2.0,18.0,-2.0,17.0,-1.0,17.0,-2.0,17.0,-2.0
1.1828,122.0,-96.0,7.0,0.0,0.0,0.0,0.0,0.0,0.0,0.0,0.0,0.0,-5.0,-22.0,-5.0,-23.0,-5.0,-23.0,-5.0,-22.0,-5.0,-20.0,-4.0,-17.0,-3.0,-14.0,-2.0,-10.0,0.0,-6.0,2.0,-2.0,4.0,2.0,7.0,6.0,9.0,9.0,12.0,12.0,14.0,15.0,16.0,17.0,17.0,17.0,18.0,17.0,18.0,16.0,17.0,15.0,15.0,12.0,13.0,10.0,10.0,9.0,6.0,6.0,2.0,4.0,-2.0,3.0
1.1954,122.0,-96.0,7.0,0.0,0.0,0.0,0.0,0.0,0.0,0.0,0.0,0.0,6.0,-6.0,3.0,1.0,2.0,9.0,0.0,17.0,-1.0,25.0,-1.0,31.0,-1.0,38.0,-1.0,42.0,1.0,44.0,2.0,45.0,3.0,44.0,4.0,42.0,4.0,38.0,5.0,33.0,3.0,25.0,1.0,18.0,-2.0,10.0,-5.0,2.0,-10.0,-6.0,-15.0,-12.0,-21.0,-18.0,-26.0,-21.0,-30.0,-26.0,-34.0,-26.0,-36.0,-26.0,-37.0,-25.0
1.2116,122.0,-96.0,7.0,0.0,0.0,0.0,0.0,0.0,0.0,0.0,0.0,0.0,-12.0,-15.0,-11.0,-15.0,-11.0,-15.0,-11.0,-16.0,-11.0,-16.0,-10.0,-17.0,-9.0,-16.0,-10.0,-17.0,-9.0,-17.0,-8.0,-18.0,-8.0,-17.0,-7.0,-17.0,-7.0,-17.0,-6.0,-17.0,-7.0,-17.0,-7.0,-17.0,-6.0,-16.0,-6.0,-17.0,-6.0,-16.0,-6.0,-16.0,-6.0,-16.0,-6.0,-15.0,-6.0,-16.0,-5.0,-15.0,-6.0,-15.0,-6.0,-14.0
1.2251,122.0,-96.0,7.0,0.0,0.0,0.0,0.0,0.0,0.0,0.0,0.0,0.0,-9.0,20.0,-8.0,18.0,-7.0,15.0,-5.0,12.0,-4.0,7.0,-4.0,2.0,-3.0,-3.0,-3.0,-8.0,-3.0,-14.0,-4.0,-17.0,-4.0,-22.0,-5.0,-24.0,-6.0,-26.0,-7.0,-28.0,-8.0,-27.0,-8.0,-25.0,-8.0,-24.0,-7.0,-20.0,-6.0,-17.0,-4.0,-13.0,-2.0,-9.0,1.0,-4.0,5.0,0.0,9.0,4.0,12.0,6.0,15.0,8.0
1.239,122.0,-96.0,7.0,0.0,0.0,0.0,0.0,0.0,0.0,0.0,0.0,0.0,-5.0,-6.0,1.0,-4.0,7.0,-1.0,14.0,0.0,21.0,2.0,27.0,3.0,31.0,2.0,35.0,3.0,38.0,1.0,38.0,1.0,37.0,0.0,36.0,0.0,33.0,-1.0,28.0,-2.0,22.0,-1.0,15.0,-1.0,8.0,1.0,2.0,4.0,-6.0,7.0,-12.0,11.0,-17.0,15.0,-20.0,19.0,-25.0,22.0,-25.0,25.0,-26.0,27.0,-25.0,28.0
1.2551,122.0,-96.0,7.0,0.0,0.0,0.0,0.0,0.0,0.0,0.0,0.0,0.0,-17.0,-13.0,-17.0,-14.0,-16.0,-13.0,-17.0,-14.0,-16.0,-15.0,-16.0,-15.0,-16.0,-15.0,-15.0,-16.0,-15.0,-16.0,-14.0,-16.0,-14.0,-17.0,-13.0,-17.0,-13.0,-16.0,-13.0,-16.0,-13.0,-17.0,-12.0,-16.0,-12.0,-16.0,-12.0,-16.0,-12.0,-16.0,-11.0,-15.0,-12.0,-15.0,-11.0,-15.0,-11.0,-15.0,-12.0,-14.0,-12.0,-14.0,-12.0,-13.0
1.2687,122.0,-96.0,7.0,0.0,0.0,0.0,0.0,0.0,0.0,0.0,0.0,0.0,18.0,-1.0,23.0,0.0,26.0,-1.0,29.0,0.0,32.0,-1.0,33.0,-1.0,33.0,-2.0,31.0,-1.0,29.0,-1.0,24.0,-1.0,19.0,-1.0,13.0,-1.0,7.0,1.0,0.0,3.0,-5.0,6.0,-11.0,8.0,-17.0,10.0,-21.0,14.0,-24.0,16.0,-27.0,18.0,-28.0,20.0,-28.0,21.0,-27.0,21.0,-24.0,20.0,-20.0,18.0,-17.0,15.0
1.2828,122.0,-96.0,7.0,0.0,0.0,0.0,0.0,0.0,0.0,0.0,0.0,0.0,8.0,3.0,3.0,3.0,-3.0,2.0,-8.0,2.0,-14.0,3.0,-19.0,4.0,-22.0,5.0,-27.0,6.0,-28.0,7.0,-29.0,8.0,-29.0,9.0,-28.0,9.0,-27.0,9.0,-23.0,9.0,-20.0,7.0,-14.0,5.0,-9.0,2.0,-5.0,-2.0,0.0,-6.0,4.0,-10.0,7.0,-15.0,9.0,-18.0,12.0,-22.0,12.0,-25.0,12.0,-26.0,12.0,-28.0
1.2961,122.0,-96.0,7.0,0.0,0.0,0.0,0.0,0.0,0.0,0.0,0.0,0.0,-3.0,-7.0,2.0,-3.0,6.0,1.0,10.0,5.0,15.0,9.0,20.0,12.0,23.0,13.0,27.0,15.0,29.0,15.0,30.0,14.0,30.0,13.0,30.0,12.0,27.0,11.0,23.0,8.0,19.0,7.0,12.0,5.0,6.0,4.0,-1.0,4.0,-7.0,4.0,-14.0,4.0,-20.0,6.0,-24.0,7.0,-28.0,9.0,-29.0,11.0,-31.0,12.0,-31.0,13.0
1.3101,122.0,-96.0,7.0,0.0,0.0,0.0,0.0,0.0,0.0,0.0,0.0,0.0,18.0,10.0,15.0,8.0,12.0,6.0,8.0,5.0,4.0,3.0,-1.0,2.0,-5.0,1.0,-11.0,0.0,-16.0,0.0,-20.0,0.0,-23.0,0.0,-26.0,1.0,-27.0,3.0,-28.0,3.0,-27.0,3.0,-25.0,4.0,-23.0,4.0,-20.0,3.0,-16.0,2.0,-11.0,1.0,-7.0,-1.0,-2.0,-4.0,2.0,-7.0,7.0,-10.0,9.0,-13.0,11.0,-16.0
1.326,122.0,-96.0,7.0,0.0,0.0,0.0,0.0,0.0,0.0,0.0,0.0,0.0,-14.0,-19.0,-13.0,-20.0,-13.0,-19.0,-13.0,-20.0,-12.0,-20.0,-12.0,-21.0,-11.0,-21.0,-11.0,-21.0,-9.0,-21.0,-9.0,-22.0,-9.0,-22.0,-9.0,-21.0,-8.0,-21.0,-8.0,-21.0,-7.0,-22.0,-7.0,-20.0,-7.0,-20.0,-7.0,-21.0,-6.0,-20.0,-7.0,-20.0,-6.0,-20.0,-7.0,-19.0,-6.0,-19.0,-6.0,-19.0,-7.0,-18.0,-7.0,-18.0
1.3402,122.0,-96.0,7.0,0.0,0.0,0.0,0.0,0.0,0.0,0.0,0.0,0.0,20.0,14.0,18.0,12.0,15.0,10.0,11.0,8.0,7.0,6.0,2.0,3.0,-3.0,2.0,-9.0,0.0,-14.0,-1.0,-19.0,-2.0,-24.0,-2.0,-27.0,-2.0,-30.0,-1.0,-31.0,-2.0,-31.0,-1.0,-30.0,0.0,-28.0,1.0,-24.0,0.0,-20.0,0.0,-15.0,0.0,-9.0,-2.0,-4.0,-3.0,2.0,-6.0,7.0,-8.0,11.0,-11.0,14.0,-14.0
1.354,122.0,-96.0,7.0,0.0,0.0,0.0,0.0,0.0,0.0,0.0,0.0,0.0,21.0,-19.0,18.0,-18.0,15.0,-15.0,12.0,-11.0,8.0,-7.0,4.0,-2.0,1.0,3.0,-3.0,9.0,-5.0,14.0,-7.0,20.0,-9.0,24.0,-10.0,28.0,-10.0,31.0,-10.0,33.0,-9.0,33.0,-8.0,32.0,-7.0,30.0,-6.0,26.0,-5.0,21.0,-4.0,16.0,-4.0,9.0,-4.0,3.0,-6.0,-4.0,-7.0,-11.0,-9.0,-16.0,-11.0,-20.0
1.3685,122.0,-96.0,7.0,0.0,0.0,0.0,0.0,0.0,0.0,0.0,0.0,0.0,23.0,-3.0,20.0,-3.0,15.0,-3.0,11.0,-1.0,6.0,0.0,1.0,2.0,-4.0,4.0,-9.0,6.0,-14.0,9.0,-17.0,12.0,-21.0,14.0,-23.0,16.0,-24.0,18.0,-25.0,19.0,-24.0,19.0,-21.0,19.0,-19.0,17.0,-17.0,15.0,-13.0,11.0,-10.0,8.0,-7.0,3.0,-4.0,-2.0,-1.0,-7.0,1.0,-13.0,2.0,-17.0,2.0,-21.0
1.3828,122.0,-96.0,7.0,0.0,0.0,0.0,0.0,0.0,0.0,0.0,0.0,0.0,20.0,4.0,17.0,3.0,14.0,2.0,10.0,2.0,5.0,2.0,0.0,2.0,-5.0,2.0,-10.0,3.0,-15.0,3.0,-19.0,5.0,-22.0,6.0,-24.0,7.0,-25.0,8.0,-27.0,9.0,-26.0,9.0,-24.0,9.0,-22.0,9.0,-19.0,7.0,-15.0,6.0,-11.0,3.0,-7.0,1.0,-3.0,-3.0,1.0,-7.0,5.0,-11.0,6.0,-14.0,8.0,-17.0
1.396,122.0,-96.0,7.0,0.0,0.0,0.0,0.0,0.0,0.0,0.0,0.0,0.0,-10.0,13.0,-11.0,12.0,-11.0,12.0,-11.0,12.0,-12.0,12.0,-12.0,11.0,-12.0,11.0,-13.0,11.0,-13.0,10.0,-13.0,10.0,-13.0,10.0,-13.0,10.0,-13.0,10.0,-13.0,9.0,-13.0,9.0,-13.0,9.0,-12.0,9.0,-13.0,9.0,-12.0,8.0,-12.0,9.0,-12.0,8.0,-11.0,8.0,-12.0,8.0,-12.0,8.0,-11.0,8.0,-10.0,8.0
1.4108,122.0,-96.0,7.0,0.0,0.0,0.0,0.0,0.0,0.0,0.0,0.0,0.0,-8.0,-10.0,-10.0,-13.0,-12.0,-16.0,-13.0,-19.0,-15.0,-21.0,-16.0,-22.0,-16.0,-22.0,-16.0,-22.0,-15.0,-21.0,-13.0,-18.0,-12.0,-14.0,-9.0,-11.0,-5.0,-8.0,-1.0,-4.0,3.0,-2.0,7.0,2.0,12.0,5.0,16.0,6.0,19.0,8.0,22.0,9.0,24.0,10.0,25.0,9.0,25.0,9.0,24.0,6.0,21.0,5.0,18.0,4.0
1.4253,122.0,-96.0,7.0,0.0,0.0,0.0,0.0,0.0,0.0,0.0,0.0,0.0,-4.0,5.0,-3.0,0.0,-3.0,-6.0,-2.0,-11.0,-2.0,-17.0,-3.0,-21.0,-3.0,-24.0,-4.0,-28.0,-5.0,-29.0,-6.0,-31.0,-6.0,-30.0,-6.0,-29.0,-6.0,-27.0,-6.0,-22.0,-4.0,-18.0,-3.0,-13.0,-1.0,-7.0,2.0,-2.0,5.0,3.0,8.0,7.0,12.0,11.0,15.0,13.0,19.0,17.0,21.0,17.0,22.0,17.0,23.0,17.0
1.4391,122.0,-96.0,7.0,0.0,0.0,0.0,0.0,0.0,0.0,0.0,0.0,0.0,0.0,-13.0,1.0,-18.0,2.0,-22.0,2.0,-25.0,2.0,-28.0,2.0,-30.0,1.0,-30.0,1.0,-30.0,1.0,-28.0,1.0,-24.0,0.0,-20.0,0.0,-15.0,1.0,-10.0,1.0,-4.0,3.0,1.0,4.0,7.0,6.0,13.0,8.0,17.0,10.0,21.0,13.0,24.0,14.0,25.0,15.0,26.0,16.0,25.0,15.0,23.0,14.0,20.0,12.0,17.0
1.4526,122.0,-96.0,7.0,0.0,0.0,0.0,0.0,0.0,0.0,0.0,0.0,0.0,11.0,-25.0,9.0,-21.0,7.0,-17.0,5.0,-12.0,3.0,-7.0,2.0,0.0,1.0,6.0,0.0,12.0,0.0,18.0,0.0,23.0,0.0,28.0,1.0,31.0,2.0,33.0,2.0,35.0,3.0,34.0,3.0,31.0,4.0,29.0,3.0,24.0,2.0,19.0,1.0,14.0,-1.0,8.0,-4.0,1.0,-7.0,-5.0,-10.0,-10.0,-13.0,-14.0,-17.0,-17.0
1.4664,122.0,-96.0,7.0,0.0,0.0,0.0,0.0,0.0,0.0,0.0,0.0,0.0,12.0,-8.0,15.0,-9.0,18.0,-11.0,20.0,-12.0,22.0,-13.0,23.0,-14.0,22.0,-14.0,21.0,-14.0,20.0,-13.0,16.0,-11.0,13.0,-9.0,9.0,-6.0,5.0,-3.0,1.0,1.0,-2.0,5.0,-5.0,9.0,-9.0,13.0,-11.0,16.0,-12.0,19.0,-14.0,21.0,-14.0,23.0,-14.0,24.0,-13.0,24.0,-11.0,22.0,-9.0,19.0,-8.0,16.0
1.4807,122.0,-96.0,7.0,0.0,0.0,0.0,0.0,0.0,0.0,0.0,0.0,0.0,-5.0,3.0,-3.0,-1.0,0.0,-6.0,1.0,-11.0,3.0,-16.0,4.0,-21.0,5.0,-24.0,5.0,-28.0,5.0,-30.0,4.0,-31.0,4.0,-30.0,3.0,-29.0,3.0,-27.0,2.0,-23.0,1.0,-18.0,1.0,-13.0,1.0,-7.0,2.0,-2.0,4.0,4.0,5.0,10.0,8.0,14.0,10.0,17.0,12.0,22.0,13.0,23.0,15.0,24.0,16.0,24.0
1.4943,122.0,-96.0,7.0,0.0,0.0,0.0,0.0,0.0,0.0,0.0,0.0,0.0,20.0,9.0,20.0,11.0,20.0,11.0,20.0,11.0,19.0,12.0,19.0,13.0,19.0,13.0,18.0,13.0,18.0,13.0,18.0,14.0,17.0,14.0,17.0,14.0,16.0,14.0,16.0,14.0,15.0,15.0,15.0,14.0,16.0,14.0,15.0,15.0,14.0,14.0,14.0,14.0,14.0,13.0,14.0,12.0,14.0,13.0,14.0,12.0,14.0,12.0,14.0,11.0
1.5091,122.0,-96.0,7.0,0.0,0.0,0.0,0.0,0.0,0.0,0.0,0.0,0.0,17.0,14.0,15.0,12.0,12.0,9.0,8.0,7.0,4.0,4.0,-1.0,2.0,-6.0,0.0,-12.0,-3.0,-17.0,-5.0,-21.0,-5.0,-25.0,-6.0,-28.0,-6.0,-30.0,-6.0,-31.0,-6.0,-30.0,-5.0,-29.0,-4.0,-27.0,-4.0,-22.0,-3.0,-18.0,-3.0,-13.0,-2.0,-7.0,-3.0,-1.0,-4.0,4.0,-5.0,10.0,-6.0,14.0,-8.0,18.0,-10.0
1.5235,122.0,-96.0,7.0,0.0,0.0,0.0,0.0,0.0,0.0,0.0,0.0,0.0,3.0,-23.0,3.0,-24.0,4.0,-23.0,4.0,-23.0,5.0,-23.0,5.0,-23.0,6.0,-22.0,7.0,-23.0,7.0,-22.0,7.0,-23.0,7.0,-22.0,8.0,-21.0,8.0,-21.0,8.0,-21.0,9.0,-20.0,8.0,-20.0,8.0,-20.0,8.0,-20.0,8.0,-19.0,8.0,-19.0,8.0,-19.0,7.0,-18.0,7.0,-18.0,7.0,-18.0,6.0,-18.0,6.0,-18.0
1.5357,122.0,-96.0,7.0,0.0,0.0,0.0,0.0,0.0,0.0,0.0,0.0,0.0,-10.0,3.0,-5.0,0.0,-1.0,-4.0,4.0,-8.0,9.0,-12.0,13.0,-16.0,16.0,-20.0,19.0,-23.0,19.0,-26.0,20.0,-27.0,19.0,-28.0,19.0,-28.0,18.0,-26.0,14.0,-24.0,12.0,-20.0,8.0,-15.0,5.0,-9.0,4.0,-3.0,1.0,4.0,0.0,10.0,-1.0,16.0,0.0,21.0,-1.0,27.0,0.0,29.0,1.0,32.0,1.0,33.0
1.5485,122.0,-96.0,7.0,0.0,0.0,0.0,0.0,0.0,0.0,0.0,0.0,0.0,-9.0,25.0,-7.0,23.0,-6.0,20.0,-5.0,16.0,-4.0,12.0,-3.0,6.0,-3.0,1.0,-2.0,-6.0,-2.0,-11.0,-3.0,-17.0,-3.0,-21.0,-4.0,-25.0,-5.0,-28.0,-6.0,-31.0,-6.0,-31.0,-7.0,-30.0,-7.0,-28.0,-6.0,-26.0,-6.0,-22.0,-5.0,-17.0,-2.0,-11.0,0.0,-6.0,3.0,-1.0,6.0,4.0,9.0,8.0,12.0,11.0
1.5628,122.0,-96.0,7.0,0.0,0.0,0.0,0.0,0.0,0.0,0.0,0.0,0.0,7.0,8.0,9.0,12.0,12.0,14.0,14.0,17.0,15.0,19.0,17.0,20.0,17.0,20.0,16.0,20.0,16.0,18.0,14.0,16.0,11.0,13.0,9.0,10.0,5.0,6.0,1.0,3.0,-4.0,0.0,-8.0,-3.0,-13.0,-6.0,-16.0,-7.0,-21.0,-9.0,-23.0,-10.0,-25.0,-11.0,-26.0,-11.0,-26.0,-10.0,-24.0,-8.0,-22.0,-7.0,-20.0,-6.0
1.5772,122.0,-96.0,7.0,0.0,0.0,0.0,0.0,0.0,0.0,0.0,0.0,0.0,16.0,-20.0,13.0,-18.0,11.0,-15.0,9.0,-12.0,6.0,-7.0,3.0,-3.0,1.0,2.0,-2.0,7.0,-5.0,13.0,-6.0,17.0,-8.0,22.0,-8.0,25.0,-8.0,27.0,-9.0,30.0,-8.0,30.0,-7.0,28.0,-6.0,27.0,-5.0,23.0,-4.0,19.0,-3.0,14.0,-3.0,8.0,-3.0,2.0,-4.0,-4.0,-5.0,-10.0,-6.0,-14.0,-7.0,-18.0
1.5941,122.0,-96.0,7.0,0.0,0.0,0.0,0.0,0.0,0.0,0.0,0.0,0.0,-13.0,-18.0,-12.0,-18.0,-12.0,-19.0,-12.0,-19.0,-11.0,-20.0,-11.0,-20.0,-10.0,-19.0,-10.0,-20.0,-10.0,-20.0,-9.0,-20.0,-9.0,-20.0,-8.0,-20.0,-8.0,-20.0,-8.0,-20.0,-8.0,-20.0,-7.0,-19.0,-7.0,-18.0,-7.0,-19.0,-7.0,-19.0,-7.0,-18.0,-7.0,-18.0,-7.0,-17.0,-7.0,-17.0,-7.0,-17.0,-7.0,-16.0,-8.0,-16.0
1.6091,122.0,-96.0,7.0,0.0,0.0,0.0,0.0,0.0,0.0,0.0,0.0,0.0,-10.0,7.0,-14.0,10.0,-18.0,12.0,-21.0,14.0,-23.0,17.0,-24.0,17.0,-24.0,17.0,-24.0,17.0,-22.0,16.0,-20.0,15.0,-16.0,12.0,-12.0,9.0,-8.0,5.0,-4.0,1.0,-1.0,-4.0,3.0,-8.0,6.0,-13.0,8.0,-18.0,10.0,-21.0,12.0,-25.0,13.0,-27.0,13.0,-28.0,12.0,-28.0,10.0,-26.0,9.0,-24.0,7.0,-21.0
1.6222,122.0,-96.0,7.0,0.0,0.0,0.0,0.0,0.0,0.0,0.0,0.0,0.0,-22.0,-17.0,-23.0,-19.0,-23.0,-18.0,-22.0,-17.0,-20.0,-16.0,-18.0,-14.0,-14.0,-12.0,-10.0,-8.0,-5.0,-6.0,0.0,-3.0,4.0,-1.0,10.0,2.0,15.0,3.0,20.0,6.0,24.0,8.0,27.0,8.0,29.0,8.0,29.0,8.0,29.0,7.0,28.0,6.0,25.0,5.0,21.0,4.0,17.0,3.0,12.0,3.0,6.0,2.0,0.0,3.0
1.635,122.0,-96.0,7.0,0.0,0.0,0.0,0.0,0.0,0.0,0.0,0.0,0.0,3.0,24.0,3.0,25.0,3.0,25.0,4.0,23.0,3.0,22.0,3.0,19.0,2.0,15.0,1.0,10.0,0.0,6.0,-2.0,1.0,-4.0,-3.0,-6.0,-8.0,-8.0,-12.0,-11.0,-17.0,-12.0,-20.0,-14.0,-23.0,-16.0,-23.0,-16.0,-24.0,-17.0,-23.0,-15.0,-22.0,-14.0,-19.0,-13.0,-16.0,-10.0,-13.0,-7.0,-10.0,-3.0,-6.0,1.0,-3.0
1.6486,122.0,-96.0,7.0,0.0,0.0,0.0,0.0,0.0,0.0,0.0,0.0,0.0,-23.0,-2.0,-23.0,-3.0,-23.0,-2.0,-23.0,-3.0,-24.0,-4.0,-23.0,-5.0,-23.0,-4.0,-23.0,-5.0,-22.0,-5.0,-23.0,-7.0,-22.0,-7.0,-22.0,-7.0,-21.0,-7.0,-21.0,-7.0,-21.0,-7.0,-21.0,-7.0,-20.0,-7.0,-21.0,-7.0,-20.0,-7.0,-20.0,-6.0,-19.0,-6.0,-19.0,-6.0,-19.0,-7.0,-19.0,-6.0,-18.0,-5.0,-18.0,-5.0
1.6636,122.0,-96.0,7.0,0.0,0.0,0.0,0.0,0.0,0.0,0.0,0.0,0.0,13.0,-3.0,8.0,-1.0,1.0,1.0,-4.0,3.0,-10.0,6.0,-16.0,10.0,-19.0,13.0,-24.0,15.0,-26.0,18.0,-27.0,20.0,-28.0,21.0,-28.0,21.0,-26.0,21.0,-22.0,19.0,-19.0,16.0,-15.0,13.0,-10.0,8.0,-6.0,3.0,-3.0,-2.0,1.0,-8.0,3.0,-14.0,5.0,-19.0,8.0,-25.0,8.0,-28.0,8.0,-31.0,7.0,-33.0
1.6764,122.0,-96.0,7.0,0.0,0.0,0.0,0.0,0.0,0.0,0.0,0.0,0.0,-24.0,3.0,-20.0,3.0,-16.0,2.0,-12.0,1.0,-7.0,0.0,-1.0,-2.0,3.0,-4.0,9.0,-6.0,14.0,-9.0,18.0,-10.0,22.0,-12.0,24.0,-14.0,25.0,-15.0,27.0,-16.0,25.0,-17.0,23.0,-16.0,21.0,-15.0,18.0,-13.0,14.0,-10.0,10.0,-8.0,6.0,-3.0,2.0,1.0,-2.0,6.0,-6.0,10.0,-8.0,14.0,-9.0,18.0
1.6897,122.0,-96.0,7.0,0.0,0.0,0.0,0.0,0.0,0.0,0.0,0.0,0.0,-19.0,14.0,-20.0,13.0,-19.0,12.0,-20.0,12.0,-20.0,11.0,-21.0,11.0,-21.0,10.0,-21.0,10.0,-21.0,9.0,-21.0,9.0,-21.0,9.0,-21.0,9.0,-20.0,8.0,-20.0,8.0,-21.0,8.0,-20.0,7.0,-20.0,7.0,-20.0,7.0,-20.0,6.0,-19.0,7.0,-19.0,7.0,-18.0,7.0,-18.0,7.0,-18.0,7.0,-17.0,7.0,-16.0,8.0
1.7039,122.0,-96.0,7.0,0.0,0.0,0.0,0.0,0.0,0.0,0.0,0.0,0.0,5.0,3.0,0.0,2.0,-7.0,1.0,-13.0,0.0,-19.0,0.0,-24.0,0.0,-28.0,0.0,-32.0,0.0,-34.0,2.0,-35.0,1.0,-34.0,2.0,-33.0,2.0,-31.0,2.0,-26.0,2.0,-21.0,1.0,-15.0,2.0,-8.0,-1.0,-3.0,-3.0,4.0,-5.0,10.0,-8.0,15.0,-11.0,18.0,-14.0,23.0,-17.0,25.0,-19.0,26.0,-20.0,26.0,-21.0
1.7201,122.0,-96.0,7.0,0.0,0.0,0.0,0.0,0.0,0.0,0.0,0.0,0.0,-2.0,5.0,-3.0,0.0,-2.0,-6.0,-2.0,-11.0,-3.0,-16.0,-4.0,-22.0,-5.0,-24.0,-5.0,-28.0,-7.0,-29.0,-7.0,-30.0,-8.0,-30.0,-8.0,-28.0,-7.0,-27.0,-7.0,-22.0,-6.0,-18.0,-4.0,-12.0,-1.0,-7.0,1.0,-2.0,5.0,3.0,8.0,7.0,12.0,11.0,14.0,14.0,17.0,17.0,20.0,18.0,21.0,18.0,22.0,19.0
1.7301,122.0,-96.0,7.0,0.0,0.0,0.0,0.0,0.0,0.0,0.0,0.0,0.0,-8.0,-3.0,-1.0,-3.0,6.0,-3.0,13.0,-3.0,20.0,-3.0,26.0,-4.0,31.0,-6.0,35.0,-6.0,37.0,-8.0,38.0,-8.0,37.0,-9.0,36.0,-8.0,33.0,-8.0,27.0,-8.0,22.0,-6.0,15.0,-5.0,8.0,-1.0,2.0,2.0,-5.0,6.0,-11.0,10.0,-16.0,14.0,-19.0,18.0,-25.0,22.0,-26.0,24.0,-27.0,26.0,-27.0,27.0
1.745,122.0,-96.0,7.0,0.0,0.0,0.0,0.0,0.0,0.0,0.0,0.0,0.0,-12.0,10.0,-15.0,13.0,-18.0,16.0,-20.0,17.0,-22.0,20.0,-22.0,19.0,-22.0,20.0,-22.0,19.0,-20.0,17.0,-17.0,15.0,-14.0,12.0,-10.0,8.0,-6.0,4.0,-2.0,-1.0,0.0,-6.0,4.0,-11.0,7.0,-16.0,8.0,-20.0,10.0,-24.0,11.0,-26.0,12.0,-28.0,12.0,-29.0,10.0,-29.0,9.0,-26.0,7.0,-24.0,6.0,-20.0
1.7589,122.0,-96.0,7.0,0.0,0.0,0.0,0.0,0.0,0.0,0.0,0.0,0.0,10.0,24.0,9.0,20.0,7.0,16.0,5.0,12.0,2.0,6.0,-2.0,1.0,-6.0,-4.0,-10.0,-9.0,-13.0,-14.0,-17.0,-17.0,-20.0,-21.0,-23.0,-22.0,-25.0,-23.0,-26.0,-25.0,-26.0,-23.0,-25.0,-21.0,-24.0,-20.0,-20.0,-17.0,-16.0,-14.0,-11.0,-10.0,-5.0,-7.0,0.0,-4.0,7.0,-1.0,13.0,2.0,18.0,3.0,23.0,3.0
1.774,122.0,-96.0,7.0,0.0,0.0,0.0,0.0,0.0,0.0,0.0,0.0,0.0,7.0,4.0,2.0,3.0,-3.0,1.0,-8.0,-1.0,-14.0,-2.0,-19.0,-3.0,-23.0,-3.0,-27.0,-4.0,-29.0,-3.0,-31.0,-3.0,-31.0,-2.0,-31.0,-2.0,-29.0,-1.0,-25.0,0.0,-21.0,-1.0,-16.0,-1.0,-9.0,-1.0,-4.0,-2.0,2.0,-3.0,8.0,-5.0,13.0,-8.0,16.0,-9.0,22.0,-11.0,23.0,-13.0,24.0,-15.0,25.0,-16.0
1.788,122.0,-96.0,7.0,0.0,0.0,0.0,0.0,0.0,0.0,0.0,0.0,0.0,-17.0,15.0,-17.0,15.0,-18.0,15.0,-18.0,14.0,-19.0,13.0,-19.0,13.0,-19.0,12.0,-20.0,12.0,-19.0,12.0,-20.0,11.0,-19.0,11.0,-19.0,11.0,-19.0,11.0,-19.0,10.0,-19.0,9.0,-19.0,9.0,-19.0,9.0,-19.0,9.0,-18.0,9.0,-18.0,9.0,-17.0,8.0,-17.0,9.0,-17.0,9.0,-16.0,9.0,-16.0,9.0,-15.0,9.0
1.8012,122.0,-96.0,7.0,0.0,0.0,0.0,0.0,0.0,0.0,0.0,0.0,0.0,6.0,6.0,9.0,10.0,11.0,13.0,13.0,16.0,15.0,18.0,17.0,20.0,17.0,20.0,17.0,21.0,17.0,19.0,15.0,17.0,13.0,14.0,10.0,11.0,7.0,8.0,3.0,4.0,-2.0,2.0,-6.0,-2.0,-11.0,-5.0,-15.0,-7.0,-19.0,-9.0,-22.0,-11.0,-25.0,-11.0,-26.0,-11.0,-26.0,-11.0,-25.0,-9.0,-23.0,-8.0,-20.0,-7.0
1.8147,122.0,-96.0,7.0,0.0,0.0,0.0,0.0,0.0,0.0,0.0,0.0,0.0,-11.0,19.0,-12.0,19.0,-12.0,19.0,-12.0,19.0,-13.0,19.0,-14.0,18.0,-13.0,18.0,-14.0,17.0,-14.0,17.0,-14.0,17.0,-14.0,17.0,-14.0,16.0,-14.0,16.0,-15.0,16.0,-15.0,15.0,-14.0,15.0,-14.0,15.0,-14.0,15.0,-14.0,14.0,-13.0,14.0,-13.0,14.0,-13.0,14.0,-13.0,14.0,-13.0,14.0,-11.0,14.0,-11.0,14.0
1.8298,122.0,-96.0,7.0,0.0,0.0,0.0,0.0,0.0,0.0,0.0,0.0,0.0,-16.0,0.0,-24.0,-1.0,-31.0,-2.0,-36.0,-2.0,-41.0,-2.0,-44.0,-2.0,-45.0,-1.0,-46.0,-1.0,-43.0,-1.0,-39.0,0.0,-34.0,-1.0,-27.0,0.0,-19.0,-1.0,-10.0,-2.0,-1.0,-4.0,8.0,-5.0,17.0,-7.0,25.0,-10.0,30.0,-13.0,35.0,-16.0,39.0,-18.0,40.0,-19.0,41.0,-20.0,39.0,-20.0,34.0,-20.0,30.0,-17.0
1.844,122.0,-96.0,7.0,0.0,0.0,0.0,0.0,0.0,0.0,0.0,0.0,0.0,13.0,-19.0,15.0,-20.0,16.0,-21.0,15.0,-21.0,15.0,-21.0,14.0,-19.0,12.0,-17.0,9.0,-13.0,7.0,-9.0,4.0,-5.0,2.0,0.0,-1.0,4.0,-3.0,10.0,-5.0,14.0,-7.0,18.0,-8.0,22.0,-8.0,25.0,-9.0,26.0,-8.0,27.0,-8.0,26.0,-7.0,24.0,-6.0,21.0,-5.0,18.0,-4.0,14.0,-3.0,8.0,-3.0,3.0
1.8577,122.0,-96.0,7.0,0.0,0.0,0.0,0.0,0.0,0.0,0.0,0.0,0.0,20.0,-13.0,22.0,-14.0,22.0,-14.0,21.0,-14.0,20.0,-13.0,18.0,-12.0,15.0,-10.0,11.0,-7.0,8.0,-5.0,3.0,-1.0,0.0,2.0,-4.0,6.0,-8.0,10.0,-12.0,13.0,-15.0,16.0,-17.0,19.0,-18.0,20.0,-19.0,22.0,-18.0,21.0,-17.0,21.0,-15.0,19.0,-13.0,17.0,-11.0,13.0,-8.0,10.0,-6.0,5.0,-3.0,0.0
1.8737,122.0,-96.0,7.0,0.0,0.0,0.0,0.0,0.0,0.0,0.0,0.0,0.0,18.0,-15.0,18.0,-15.0,18.0,-14.0,19.0,-14.0,19.0,-13.0,20.0,-13.0,20.0,-12.0,21.0,-12.0,20.0,-12.0,20.0,-11.0,20.0,-11.0,20.0,-11.0,19.0,-10.0,20.0,-10.0,20.0,-9.0,19.0,-9.0,19.0,-9.0,19.0,-9.0,19.0,-9.0,18.0,-8.0,18.0,-8.0,18.0,-9.0,17.0,-9.0,17.0,-9.0,16.0,-9.0,15.0,-9.0
1.8867,122.0,-96.0,7.0,0.0,0.0,0.0,0.0,0.0,0.0,0.0,0.0,0.0,-23.0,-3.0,-26.0,-3.0,-27.0,-4.0,-27.0,-3.0,-26.0,-3.0,-24.0,-3.0,-21.0,-3.0,-16.0,-2.0,-12.0,-2.0,-7.0,-2.0,-1.0,-2.0,4.0,-3.0,9.0,-4.0,15.0,-4.0,19.0,-5.0,23.0,-5.0,25.0,-6.0,26.0,-7.0,27.0,-8.0,26.0,-8.0,24.0,-8.0,21.0,-7.0,17.0,-6.0,13.0,-4.0,8.0,-3.0,4.0,0.0
1.9009,122.0,-96.0,7.0,0.0,0.0,0.0,0.0,0.0,0.0,0.0,0.0,0.0,4.0,7.0,0.0,4.0,-3.0,-1.0,-7.0,-5.0,-12.0,-9.0,-15.0,-12.0,-18.0,-14.0,-22.0,-17.0,-24.0,-18.0,-25.0,-19.0,-25.0,-18.0,-25.0,-18.0,-24.0,-17.0,-21.0,-14.0,-17.0,-12.0,-13.0,-9.0,-8.0,-6.0,-2.0,-4.0,3.0,-2.0,9.0,0.0,15.0,1.0,19.0,1.0,24.0,2.0,26.0,2.0,28.0,2.0,29.0,1.0
1.9149,122.0,-96.0,7.0,0.0,0.0,0.0,0.0,0.0,0.0,0.0,0.0,0.0,3.0,11.0,1.0,7.0,-2.0,1.0,-4.0,-4.0,-8.0,-8.0,-11.0,-13.0,-14.0,-16.0,-17.0,-19.0,-19.0,-21.0,-20.0,-22.0,-21.0,-23.0,-22.0,-23.0,-21.0,-22.0,-19.0,-19.0,-17.0,-16.0,-13.0,-12.0,-9.0,-8.0,-4.0,-5.0,2.0,-2.0,7.0,1.0,12.0,3.0,16.0,4.0,21.0,6.0,24.0,7.0,27.0,6.0,29.0,6.0
1.9283,122.0,-96.0,7.0,0.0,0.0,0.0,0.0,0.0,0.0,0.0,0.0,0.0,-23.0,9.0,-20.0,8.0,-18.0,7.0,-15.0,6.0,-11.0,4.0,-7.0,1.0,-3.0,-1.0,2.0,-5.0,7.0,-8.0,10.0,-11.0,14.0,-13.0,16.0,-16.0,18.0,-18.0,20.0,-19.0,19.0,-20.0,19.0,-20.0,17.0,-19.0,16.0,-17.0,13.0,-15.0,10.0,-12.0,7.0,-8.0,3.0,-3.0,1.0,2.0,-2.0,7.0,-3.0,11.0,-4.0,15.0
1.9425,122.0,-96.0,7.0,0.0,0.0,0.0,0.0,0.0,0.0,0.0,0.0,0.0,14.0,-18.0,15.0,-20.0,16.0,-21.0,16.0,-21.0,16.0,-20.0,14.0,-19.0,12.0,-16.0,9.0,-13.0,7.0,-9.0,4.0,-5.0,2.0,0.0,-1.0,4.0,-3.0,9.0,-6.0,14.0,-8.0,18.0,-10.0,22.0,-10.0,24.0,-10.0,26.0,-10.0,26.0,-9.0,26.0,-8.0,24.0,-7.0,21.0,-6.0,17.0,-5.0,13.0,-4.0,8.0,-3.0,3.0
1.9564,122.0,-96.0,7.0,0.0,0.0,0.0,0.0,0.0,0.0,0.0,0.0,0.0,-3.0,-17.0,-3.0,-17.0,-3.0,-17.0,-2.0,-17.0,-2.0,-17.0,-1.0,-18.0,-1.0,-17.0,-1.0,-17.0,0.0,-17.0,0.0,-17.0,0.0,-17.0,0.0,-17.0,1.0,-16.0,1.0,-17.0,1.0,-16.0,1.0,-16.0,1.0,-16.0,1.0,-15.0,1.0,-15.0,1.0,-15.0,1.0,-15.0,1.0,-14.0,1.0,-14.0,1.0,-14.0,0.0,-14.0,0.0,-14.0
1.9704,122.0,-96.0,7.0,0.0,0.0,0.0,0.0,0.0,0.0,0.0,0.0,0.0,-18.0,16.0,-20.0,17.0,-20.0,17.0,-19.0,17.0,-18.0,16.0,-16.0,14.0,-14.0,11.0,-10.0,9.0,-8.0,5.0,-4.0,1.0,-1.0,-3.0,2.0,-7.0,5.0,-12.0,8.0,-16.0,10.0,-20.0,12.0,-22.0,12.0,-25.0,12.0,-25.0,12.0,-26.0,11.0,-25.0,9.0,-23.0,8.0,-20.0,7.0,-16.0,5.0,-12.0,3.0,-7.0,2.0,-2.0
1.9838,122.0,-96.0,7.0,0.0,0.0,0.0,0.0,0.0,0.0,0.0,0.0,0.0,-17.0,14.0,-18.0,15.0,-19.0,15.0,-18.0,14.0,-17.0,14.0,-15.0,12.0,-13.0,10.0,-9.0,8.0,-7.0,4.0,-4.0,1.0,-1.0,-3.0,2.0,-7.0,5.0,-11.0,8.0,-14.0,10.0,-17.0,12.0,-19.0,12.0,-22.0,13.0,-22.0,12.0,-22.0,11.0,-22.0,9.0,-20.0,8.0,-18.0,7.0,-14.0,5.0,-11.0,3.0,-6.0,2.0,-2.0
1.9964,122.0,-96.0,7.0,0.0,0.0,0.0,0.0,0.0,0.0,0.0,0.0,0.0,4.0,21.0,4.0,22.0,4.0,21.0,3.0,22.0,3.0,22.0,2.0,22.0,2.0,22.0,1.0,22.0,1.0,22.0,0.0,22.0,0.0,22.0,0.0,21.0,-1.0,21.0,-1.0,21.0,-1.0,20.0,-1.0,20.0,-1.0,20.0,-1.0,20.0,0.0,20.0,0.0,19.0,0.0,19.0,0.0,18.0,0.0,18.0,-1.0,18.0,0.0,18.0,1.0,17.0
2.0091,122.0,-96.0,7.0,0.0,0.0,0.0,0.0,0.0,0.0,0.0,0.0,0.0,-3.0,5.0,-3.0,0.0,-2.0,-6.0,-1.0,-11.0,-1.0,-17.0,-1.0,-22.0,-2.0,-25.0,-2.0,-28.0,-3.0,-30.0,-3.0,-31.0,-4.0,-30.0,-4.0,-29.0,-4.0,-27.0,-4.0,-23.0,-3.0,-19.0,-2.0,-13.0,-1.0,-7.0,2.0,-2.0,4.0,4.0,6.0,9.0,9.0,14.0,12.0,16.0,14.0,21.0,16.0,22.0,17.0,23.0,18.0,23.0
2.0237,122.0,-96.0,7.0,0.0,0.0,0.0,0.0,0.0,0.0,0.0,0.0,0.0,-14.0,17.0,-14.0,17.0,-15.0,17.0,-15.0,17.0,-16.0,16.0,-16.0,16.0,-16.0,15.0,-17.0,15.0,-17.0,14.0,-17.0,14.0,-17.0,14.0,-17.0,14.0,-17.0,13.0,-17.0,13.0,-17.0,12.0,-17.0,12.0,-17.0,13.0,-17.0,12.0,-17.0,12.0,-16.0,11.0,-16.0,11.0,-16.0,11.0,-16.0,11.0,-15.0,11.0,-14.0,11.0,-14.0,12.0
2.0386,122.0,-96.0,7.0,0.0,0.0,0.0,0.0,0.0,0.0,0.0,0.0,0.0,-2.0,-18.0,-1.0,-18.0,-1.0,-19.0,-1.0,-18.0,0.0,-19.0,0.0,-18.0,1.0,-18.0,1.0,-18.0,1.0,-18.0,2.0,-18.0,2.0,-18.0,2.0,-18.0,2.0,-17.0,3.0,-18.0,3.0,-17.0,2.0,-17.0,3.0,-16.0,3.0,-17.0,3.0,-16.0,2.0,-16.0,2.0,-16.0,2.0,-16.0,2.0,-15.0,2.0,-15.0,1.0,-15.0,1.0,-15.0
2.0529,122.0,-96.0,7.0,0.0,0.0,0.0,0.0,0.0,0.0,0.0,0.0,0.0,25.0,-10.0,26.0,-10.0,27.0,-10.0,25.0,-10.0,24.0,-9.0,20.0,-8.0,17.0,-6.0,11.0,-4.0,7.0,-2.0,1.0,1.0,-4.0,4.0,-8.0,7.0,-13.0,10.0,-18.0,13.0,-21.0,15.0,-24.0,18.0,-24.0,19.0,-25.0,20.0,-23.0,20.0,-22.0,19.0,-19.0,17.0,-17.0,15.0,-13.0,12.0,-10.0,7.0,-6.0,3.0,-3.0,-2.0
2.0664,122.0,-96.0,7.0,0.0,0.0,0.0,0.0,0.0,0.0,0.0,0.0,0.0,21.0,-17.0,23.0,-18.0,22.0,-18.0,21.0,-17.0,19.0,-16.0,17.0,-14.0,14.0,-11.0,9.0,-7.0,6.0,-4.0,1.0,0.0,-2.0,5.0,-6.0,9.0,-9.0,13.0,-13.0,17.0,-16.0,21.0,-17.0,23.0,-18.0,25.0,-18.0,26.0,-17.0,26.0,-15.0,25.0,-13.0,22.0,-12.0,19.0,-9.0,15.0,-7.0,10.0,-5.0,5.0,-3.0,-1.0
2.0809,122.0,-96.0,7.0,0.0,0.0,0.0,0.0,0.0,0.0,0.0,0.0,0.0,-19.0,-14.0,-17.0,-12.0,-15.0,-10.0,-11.0,-8.0,-7.0,-6.0,-3.0,-3.0,2.0,-1.0,7.0,1.0,12.0,3.0,16.0,5.0,20.0,7.0,22.0,7.0,25.0,7.0,26.0,8.0,26.0,7.0,25.0,7.0,24.0,6.0,21.0,5.0,17.0,4.0,13.0,3.0,7.0,2.0,2.0,2.0,-4.0,1.0,-9.0,1.0,-14.0,2.0,-18.0,3.0
2.0963,122.0,-96.0,7.0,0.0,0.0,0.0,0.0,0.0,0.0,0.0,0.0,0.0,5.0,-2.0,1.0,1.0,-4.0,4.0,-9.0,7.0,-13.0,10.0,-17.0,13.0,-19.0,16.0,-23.0,18.0,-23.0,19.0,-23.0,20.0,-23.0,20.0,-22.0,20.0,-21.0,18.0,-16.0,16.0,-14.0,12.0,-10.0,8.0,-6.0,4.0,-2.0,-1.0,1.0,-6.0,4.0,-11.0,6.0,-16.0,7.0,-20.0,10.0,-24.0,9.0,-27.0,9.0,-28.0,9.0,-29.0
2.1107,122.0,-96.0,7.0,0.0,0.0,0.0,0.0,0.0,0.0,0.0,0.0,0.0,6.0,-24.0,5.0,-20.0,3.0,-16.0,3.0,-12.0,2.0,-6.0,1.0,-1.0,1.0,5.0,0.0,11.0,-1.0,16.0,0.0,21.0,0.0,25.0,1.0,28.0,1.0,29.0,1.0,31.0,2.0,31.0,2.0,28.0,2.0,26.0,1.0,22.0,1.0,18.0,1.0,12.0,-1.0,6.0,-3.0,1.0,-5.0,-5.0,-7.0,-11.0,-9.0,-15.0,-12.0,-18.0
2.1277,122.0,-96.0,7.0,0.0,0.0,0.0,0.0,0.0,0.0,0.0,0.0,0.0,5.0,-24.0,7.0,-26.0,7.0,-25.0,6.0,-25.0,6.0,-24.0,5.0,-22.0,4.0,-18.0,3.0,-13.0,2.0,-9.0,2.0,-4.0,1.0,1.0,1.0,6.0,1.0,12.0,0.0,17.0,0.0,22.0,0.0,24.0,1.0,27.0,1.0,28.0,2.0,28.0,2.0,27.0,3.0,24.0,2.0,21.0,2.0,17.0,1.0,12.0,0.0,7.0,-2.0,2.0
2.1381,122.0,-96.0,7.0,0.0,0.0,0.0,0.0,0.0,0.0,0.0,0.0,0.0,-14.0,19.0,-12.0,17.0,-10.0,13.0,-7.0,9.0,-5.0,4.0,-2.0,-1.0,0.0,-6.0,2.0,-11.0,4.0,-17.0,6.0,-21.0,8.0,-24.0,8.0,-27.0,7.0,-30.0,8.0,-31.0,7.0,-31.0,6.0,-28.0,5.0,-26.0,4.0,-23.0,4.0,-18.0,2.0,-13.0,2.0,-7.0,2.0,-1.0,2.0,5.0,2.0,11.0,3.0,16.0,5.0,20.0
2.1518,122.0,-96.0,7.0,0.0,0.0,0.0,0.0,0.0,0.0,0.0,0.0,0.0,-16.0,0.0,-17.0,0.0,-17.0,0.0,-17.0,-1.0,-16.0,-1.0,-17.0,-2.0,-17.0,-2.0,-16.0,-3.0,-16.0,-3.0,-16.0,-3.0,-16.0,-3.0,-16.0,-3.0,-15.0,-3.0,-16.0,-4.0,-15.0,-4.0,-15.0,-4.0,-15.0,-4.0,-15.0,-4.0,-14.0,-4.0,-14.0,-4.0,-14.0,-4.0,-14.0,-3.0,-13.0,-3.0,-13.0,-3.0,-13.0,-3.0,-13.0,-2.0
2.1669,122.0,-96.0,7.0,0.0,0.0,0.0,0.0,0.0,0.0,0.0,0.0,0.0,-4.0,12.0,-5.0,17.0,-7.0,20.0,-8.0,24.0,-8.0,27.0,-8.0,28.0,-8.0,29.0,-9.0,28.0,-8.0,27.0,-7.0,23.0,-6.0,19.0,-4.0,14.0,-4.0,9.0,-3.0,3.0,-3.0,-3.0,-2.0,-9.0,-2.0,-15.0,-2.0,-20.0,-3.0,-25.0,-4.0,-28.0,-5.0,-31.0,-5.0,-32.0,-5.0,-31.0,-6.0,-29.0,-6.0,-26.0,-5.0,-22.0
2.1818,122.0,-96.0,7.0,0.0,0.0,0.0,0.0,0.0,0.0,0.0,0.0,0.0,12.0,-23.0,10.0,-21.0,8.0,-17.0,6.0,-14.0,4.0,-9.0,2.0,-4.0,1.0,2.0,-1.0,8.0,-3.0,13.0,-3.0,18.0,-4.0,23.0,-4.0,26.0,-4.0,29.0,-4.0,31.0,-4.0,31.0,-3.0,30.0,-3.0,28.0,-2.0,24.0,-2.0,20.0,-1.0,14.0,-2.0,9.0,-2.0,2.0,-4.0,-3.0,-5.0,-10.0,-7.0,-14.0,-9.0,-18.0
2.1965,122.0,-96.0,7.0,0.0,0.0,0.0,0.0,0.0,0.0,0.0,0.0,0.0,-4.0,10.0,-6.0,14.0,-7.0,18.0,-8.0,20.0,-9.0,24.0,-10.0,25.0,-10.0,25.0,-10.0,25.0,-9.0,23.0,-8.0,21.0,-7.0,17.0,-5.0,12.0,-4.0,7.0,-3.0,2.0,-2.0,-3.0,-1.0,-8.0,0.0,-14.0,0.0,-19.0,0.0,-22.0,0.0,-26.0,0.0,-28.0,-1.0,-29.0,-1.0,-29.0,-2.0,-26.0,-2.0,-24.0,-2.0,-20.0
2.2106,122.0,-96.0,7.0,0.0,0.0,0.0,0.0,0.0,0.0,0.0,0.0,0.0,-2.0,-12.0,-2.0,-16.0,-2.0,-20.0,-2.0,-23.0,-3.0,-26.0,-2.0,-28.0,-3.0,-28.0,-2.0,-27.0,-2.0,-26.0,-3.0,-23.0,-2.0,-19.0,-2.0,-14.0,-1.0,-9.0,0.0,-4.0,2.0,1.0,3.0,7.0,5.0,12.0,7.0,16.0,9.0,20.0,10.0,22.0,11.0,24.0,12.0,25.0,12.0,25.0,12.0,22.0,11.0,19.0,10.0,17.0
2.2268,122.0,-96.0,7.0,0.0,0.0,0.0,0.0,0.0,0.0,0.0,0.0,0.0,-22.0,-6.0,-22.0,-7.0,-22.0,-7.0,-22.0,-8.0,-22.0,-8.0,-21.0,-9.0,-21.0,-9.0,-21.0,-10.0,-21.0,-10.0,-21.0,-10.0,-20.0,-10.0,-19.0,-10.0,-19.0,-10.0,-19.0,-11.0,-19.0,-11.0,-19.0,-11.0,-18.0,-11.0,-18.0,-11.0,-17.0,-11.0,-17.0,-10.0,-17.0,-10.0,-17.0,-10.0,-17.0,-10.0,-16.0,-10.0,-16.0,-9.0,-16.0,-8.0
2.2441,122.0,-96.0,7.0,0.0,0.0,0.0,0.0,0.0,0.0,0.0,0.0,0.0,-20.0,13.0,-22.0,14.0,-23.0,14.0,-22.0,14.0,-21.0,13.0,-18.0,12.0,-16.0,10.0,-12.0,7.0,-9.0,4.0,-4.0,1.0,-1.0,-3.0,3.0,-7.0,7.0,-11.0,11.0,-15.0,14.0,-17.0,16.0,-20.0,16.0,-22.0,18.0,-23.0,17.0,-23.0,16.0,-22.0,14.0,-21.0,12.0,-18.0,10.0,-15.0,7.0,-11.0,5.0,-6.0,2.0,-1.0
2.2563,122.0,-96.0,7.0,0.0,0.0,0.0,0.0,0.0,0.0,0.0,0.0,0.0,-2.0,-6.0,1.0,-2.0,4.0,4.0,6.0,8.0,9.0,13.0,12.0,17.0,14.0,20.0,16.0,23.0,18.0,23.0,19.0,25.0,19.0,23.0,18.0,23.0,16.0,21.0,14.0,17.0,11.0,14.0,8.0,9.0,3.0,5.0,-1.0,2.0,-6.0,-2.0,-11.0,-6.0,-16.0,-8.0,-20.0,-9.0,-24.0,-13.0,-26.0,-12.0,-28.0,-13.0,-29.0,-13.0
2.2704,122.0,-96.0,7.0,0.0,0.0,0.0,0.0,0.0,0.0,0.0,0.0,0.0,-11.0,-7.0,-16.0,-11.0,-19.0,-13.0,-21.0,-15.0,-24.0,-17.0,-25.0,-18.0,-25.0,-18.0,-25.0,-18.0,-23.0,-17.0,-21.0,-14.0,-18.0,-12.0,-13.0,-9.0,-8.0,-6.0,-3.0,-3.0,3.0,-1.0,8.0,2.0,14.0,4.0,19.0,5.0,23.0,7.0,26.0,8.0,29.0,9.0,30.0,9.0,29.0,8.0,28.0,7.0,25.0,5.0,22.0,4.0
2.2846,122.0,-96.0,7.0,0.0,0.0,0.0,0.0,0.0,0.0,0.0,0.0,0.0,-21.0,-15.0,-22.0,-16.0,-22.0,-16.0,-20.0,-15.0,-19.0,-14.0,-16.0,-13.0,-13.0,-11.0,-9.0,-7.0,-5.0,-5.0,0.0,-2.0,4.0,0.0,9.0,3.0,13.0,5.0,18.0,8.0,21.0,10.0,24.0,11.0,25.0,11.0,26.0,11.0,25.0,10.0,24.0,9.0,22.0,8.0,18.0,7.0,14.0,5.0,10.0,4.0,5.0,3.0,-1.0,2.0
2.2988,122.0,-96.0,7.0,0.0,0.0,0.0,0.0,0.0,0.0,0.0,0.0,0.0,-9.0,-23.0,-8.0,-19.0,-7.0,-16.0,-5.0,-12.0,-2.0,-7.0,1.0,-1.0,3.0,3.0,6.0,9.0,9.0,14.0,12.0,18.0,14.0,21.0,15.0,23.0,17.0,25.0,17.0,26.0,17.0,25.0,16.0,23.0,15.0,21.0,12.0,18.0,10.0,14.0,7.0,10.0,2.0,6.0,-2.0,1.0,-6.0,-3.0,-11.0,-8.0,-14.0,-10.0,-18.0,-12.0
2.3126,122.0,-96.0,7.0,0.0,0.0,0.0,0.0,0.0,0.0,0.0,0.0,0.0,28.0,1.0,28.0,2.0,28.0,2.0,28.0,3.0,28.0,4.0,28.0,5.0,27.0,5.0,27.0,6.0,26.0,5.0,27.0,7.0,26.0,6.0,25.0,7.0,25.0,7.0,25.0,8.0,24.0,8.0,24.0,7.0,24.0,7.0,24.0,7.0,23.0,7.0,22.0,7.0,22.0,6.0,21.0,5.0,21.0,6.0,21.0,6.0,21.0,5.0,21.0,4.0
2.3281,122.0,-96.0,7.0,0.0,0.0,0.0,0.0,0.0,0.0,0.0,0.0,0.0,4.0,-8.0,2.0,-3.0,0.0,2.0,-2.0,7.0,-4.0,13.0,-6.0,18.0,-6.0,22.0,-8.0,26.0,-7.0,28.0,-9.0,30.0,-8.0,30.0,-8.0,29.0,-8.0,27.0,-6.0,24.0,-6.0,19.0,-4.0,14.0,-3.0,8.0,-2.0,2.0,-2.0,-4.0,-2.0,-10.0,-2.0,-16.0,-3.0,-20.0,-3.0,-26.0,-4.0,-28.0,-4.0,-29.0,-5.0,-31.0
2.3411,122.0,-96.0,7.0,0.0,0.0,0.0,0.0,0.0,0.0,0.0,0.0,0.0,-5.0,21.0,-6.0,22.0,-6.0,21.0,-7.0,21.0,-7.0,21.0,-8.0,21.0,-8.0,20.0,-9.0,20.0,-8.0,19.0,-9.0,20.0,-9.0,20.0,-9.0,19.0,-9.0,19.0,-9.0,19.0,-10.0,18.0,-9.0,18.0,-9.0,18.0,-9.0,17.0,-9.0,17.0,-8.0,17.0,-8.0,17.0,-8.0,16.0,-7.0,16.0,-7.0,16.0,-7.0,16.0,-6.0,16.0
2.3554,122.0,-96.0,7.0,0.0,0.0,0.0,0.0,0.0,0.0,0.0,0.0,0.0,-5.0,10.0,-7.0,14.0,-9.0,18.0,-11.0,20.0,-11.0,23.0,-13.0,24.0,-13.0,24.0,-13.0,24.0,-12.0,22.0,-11.0,20.0,-8.0,16.0,-7.0,12.0,-5.0,7.0,-2.0,2.0,-1.0,-3.0,1.0,-8.0,3.0,-14.0,4.0,-18.0,5.0,-22.0,6.0,-25.0,6.0,-27.0,6.0,-28.0,6.0,-28.0,4.0,-26.0,3.0,-24.0,3.0,-20.0
2.3699,122.0,-96.0,7.0,0.0,0.0,0.0,0.0,0.0,0.0,0.0,0.0,0.0,-12.0,-4.0,-16.0,-5.0,-20.0,-6.0,-23.0,-8.0,-25.0,-8.0,-27.0,-9.0,-27.0,-9.0,-26.0,-9.0,-25.0,-9.0,-21.0,-7.0,-18.0,-6.0,-14.0,-4.0,-9.0,-3.0,-3.0,-2.0,2.0,-1.0,8.0,0.0,13.0,1.0,18.0,1.0,22.0,2.0,25.0,2.0,27.0,2.0,28.0,2.0,27.0,1.0,25.0,0.0,23.0,-1.0,20.0,0.0
2.3843,122.0,-96.0,7.0,0.0,0.0,0.0,0.0,0.0,0.0,0.0,0.0,0.0,-21.0,-15.0,-22.0,-16.0,-22.0,-16.0,-21.0,-15.0,-19.0,-14.0,-16.0,-12.0,-13.0,-10.0,-9.0,-7.0,-5.0,-5.0,0.0,-2.0,4.0,1.0,9.0,3.0,13.0,6.0,17.0,9.0,21.0,11.0,23.0,12.0,25.0,12.0,26.0,13.0,25.0,12.0,23.0,11.0,21.0,9.0,18.0,8.0,14.0,6.0,9.0,5.0,4.0,3.0,-1.0,1.0
2.3986,122.0,-96.0,7.0,0.0,0.0,0.0,0.0,0.0,0.0,0.0,0.0,0.0,6.0,9.0,9.0,13.0,11.0,16.0,12.0,19.0,14.0,21.0,14.0,23.0,14.0,23.0,14.0,23.0,13.0,21.0,11.0,18.0,9.0,15.0,7.0,11.0,4.0,7.0,0.0,2.0,-3.0,-2.0,-6.0,-6.0,-10.0,-11.0,-13.0,-14.0,-16.0,-16.0,-18.0,-18.0,-20.0,-20.0,-21.0,-21.0,-21.0,-20.0,-20.0,-18.0,-18.0,-16.0,-16.0,-14.0
2.4141,122.0,-96.0,7.0,0.0,0.0,0.0,0.0,0.0,0.0,0.0,0.0,0.0,-5.0,-23.0,-5.0,-26.0,-5.0,-27.0,-5.0,-27.0,-4.0,-26.0,-4.0,-24.0,-4.0,-21.0,-3.0,-16.0,-2.0,-12.0,-1.0,-7.0,1.0,-1.0,2.0,4.0,3.0,9.0,4.0,15.0,6.0,20.0,7.0,23.0,8.0,25.0,9.0,27.0,9.0,27.0,9.0,26.0,9.0,24.0,8.0,21.0,6.0,18.0,4.0,13.0,2.0,8.0,0.0,3.0
2.4273,122.0,-96.0,7.0,0.0,0.0,0.0,0.0,0.0,0.0,0.0,0.0,0.0,0.0,21.0,-1.0,23.0,-1.0,24.0,-1.0,23.0,-1.0,22.0,-1.0,19.0,-1.0,16.0,-1.0,12.0,-1.0,8.0,-1.0,2.0,-2.0,-2.0,-2.0,-7.0,-3.0,-12.0,-3.0,-17.0,-3.0,-21.0,-3.0,-24.0,-4.0,-25.0,-4.0,-26.0,-4.0,-26.0,-4.0,-25.0,-5.0,-22.0,-4.0,-20.0,-3.0,-16.0,-2.0,-12.0,-1.0,-7.0,0.0,-3.0
2.4419,122.0,-96.0,7.0,0.0,0.0,0.0,0.0,0.0,0.0,0.0,0.0,0.0,-18.0,-5.0,-17.0,-6.0,-18.0,-6.0,-18.0,-7.0,-17.0,-7.0,-17.0,-7.0,-16.0,-8.0,-16.0,-8.0,-16.0,-8.0,-16.0,-9.0,-16.0,-8.0,-16.0,-9.0,-15.0,-8.0,-15.0,-9.0,-14.0,-9.0,-14.0,-9.0,-15.0,-9.0,-14.0,-9.0,-14.0,-9.0,-13.0,-8.0,-13.0,-8.0,-13.0,-8.0,-13.0,-8.0,-13.0,-7.0,-13.0,-7.0,-13.0,-6.0
2.4554,122.0,-96.0,7.0,0.0,0.0,0.0,0.0,0.0,0.0,0.0,0.0,0.0,17.0,-16.0,20.0,-17.0,20.0,-18.0,20.0,-18.0,19.0,-17.0,18.0,-16.0,16.0,-14.0,12.0,-11.0,9.0,-8.0,5.0,-4.0,1.0,0.0,-3.0,4.0,-7.0,8.0,-11.0,12.0,-15.0,15.0,-17.0,18.0,-18.0,21.0,-19.0,22.0,-19.0,22.0,-18.0,22.0,-16.0,20.0,-14.0,18.0,-12.0,15.0,-9.0,11.0,-6.0,7.0,-4.0,2.0
2.4702,122.0,-96.0,7.0,0.0,0.0,0.0,0.0,0.0,0.0,0.0,0.0,0.0,16.0,-8.0,16.0,-7.0,16.0,-7.0,16.0,-7.0,16.0,-6.0,17.0,-6.0,16.0,-6.0,17.0,-5.0,16.0,-5.0,17.0,-4.0,16.0,-4.0,16.0,-4.0,16.0,-4.0,16.0,-4.0,16.0,-3.0,15.0,-4.0,15.0,-3.0,15.0,-3.0,15.0,-3.0,15.0,-3.0,14.0,-3.0,14.0,-4.0,14.0,-3.0,13.0,-3.0,13.0,-4.0,13.0,-4.0
2.4828,122.0,-96.0,7.0,0.0,0.0,0.0,0.0,0.0,0.0,0.0,0.0,0.0,20.0,11.0,19.0,11.0,19.0,12.0,19.0,12.0,19.0,13.0,18.0,13.0,18.0,13.0,18.0,14.0,17.0,14.0,17.0,15.0,16.0,15.0,16.0,15.0,15.0,14.0,15.0,15.0,14.0,15.0,15.0,15.0,15.0,14.0,14.0,14.0,13.0,14.0,14.0,13.0,14.0,13.0,13.0,12.0,13.0,13.0,13.0,12.0,13.0,11.0,13.0,11.0
2.4972,122.0,-96.0,7.0,0.0,0.0,0.0,0.0,0.0,0.0,0.0,0.0,0.0,-9.0,-8.0,-4.0,-4.0,3.0,0.0,9.0,4.0,16.0,8.0,21.0,11.0,26.0,13.0,31.0,16.0,33.0,17.0,35.0,18.0,35.0,17.0,35.0,17.0,33.0,16.0,28.0,12.0,23.0,11.0,17.0,7.0,10.0,5.0,2.0,2.0,-6.0,0.0,-13.0,-2.0,-20.0,-3.0,-26.0,-4.0,-33.0,-5.0,-36.0,-4.0,-38.0,-4.0,-40.0,-4.0
2.514,122.0,-96.0,7.0,0.0,0.0,0.0,0.0,0.0,0.0,0.0,0.0,0.0,11.0,2.0,16.0,3.0,19.0,5.0,22.0,6.0,25.0,6.0,26.0,7.0,26.0,8.0,26.0,7.0,24.0,7.0,21.0,5.0,17.0,4.0,12.0,3.0,8.0,2.0,2.0,1.0,-4.0,0.0,-9.0,-1.0,-15.0,-1.0,-19.0,-2.0,-23.0,-2.0,-26.0,-2.0,-28.0,-2.0,-29.0,-2.0,-29.0,-1.0,-27.0,0.0,-24.0,0.0,-21.0,0.0
2.524,122.0,-96.0,7.0,0.0,0.0,0.0,0.0,0.0,0.0,0.0,0.0,0.0,2.0,8.0,0.0,3.0,-2.0,-2.0,-5.0,-8.0,-7.0,-13.0,-9.0,-18.0,-11.0,-21.0,-13.0,-25.0,-14.0,-27.0,-15.0,-29.0,-15.0,-28.0,-15.0,-28.0,-14.0,-26.0,-13.0,-22.0,-10.0,-18.0,-8.0,-14.0,-4.0,-8.0,-1.0,-3.0,3.0,2.0,7.0,7.0,11.0,11.0,14.0,13.0,17.0,18.0,19.0,19.0,21.0,20.0,22.0,21.0
2.539,122.0,-96.0,7.0,0.0,0.0,0.0,0.0,0.0,0.0,0.0,0.0,0.0,-4.0,-25.0,-4.0,-21.0,-3.0,-17.0,-2.0,-12.0,-1.0,-6.0,0.0,-1.0,3.0,5.0,4.0,11.0,5.0,16.0,6.0,20.0,7.0,25.0,8.0,27.0,9.0,29.0,9.0,31.0,10.0,30.0,9.0,27.0,9.0,25.0,7.0,21.0,5.0,17.0,3.0,12.0,1.0,6.0,-2.0,0.0,-5.0,-5.0,-8.0,-11.0,-10.0,-15.0,-13.0,-18.0
2.5528,122.0,-96.0,7.0,0.0,0.0,0.0,0.0,0.0,0.0,0.0,0.0,0.0,3.0,4.0,-2.0,1.0,-7.0,-4.0,-12.0,-7.0,-17.0,-11.0,-21.0,-14.0,-25.0,-16.0,-28.0,-19.0,-30.0,-18.0,-31.0,-19.0,-30.0,-18.0,-29.0,-18.0,-27.0,-17.0,-23.0,-13.0,-18.0,-11.0,-13.0,-7.0,-6.0,-4.0,0.0,-2.0,7.0,0.0,13.0,2.0,19.0,4.0,24.0,4.0,29.0,6.0,31.0,5.0,33.0,5.0,34.0,5.0
2.5665,122.0,-96.0,7.0,0.0,0.0,0.0,0.0,0.0,0.0,0.0,0.0,0.0,13.0,-3.0,18.0,-4.0,22.0,-4.0,26.0,-4.0,28.0,-5.0,30.0,-4.0,30.0,-4.0,30.0,-3.0,28.0,-3.0,24.0,-3.0,20.0,-3.0,14.0,-2.0,9.0,-1.0,2.0,0.0,-3.0,2.0,-9.0,3.0,-16.0,4.0,-20.0,5.0,-25.0,6.0,-28.0,7.0,-31.0,8.0,-31.0,8.0,-30.0,9.0,-28.0,9.0,-25.0,8.0,-21.0,7.0
2.5808,122.0,-96.0,7.0,0.0,0.0,0.0,0.0,0.0,0.0,0.0,0.0,0.0,23.0,-4.0,23.0,-3.0,23.0,-3.0,23.0,-2.0,23.0,-1.0,23.0,-1.0,22.0,0.0,23.0,1.0,23.0,1.0,22.0,1.0,22.0,1.0,22.0,2.0,21.0,2.0,21.0,2.0,21.0,3.0,20.0,3.0,20.0,3.0,20.0,3.0,19.0,3.0,19.0,3.0,19.0,3.0,18.0,2.0,18.0,2.0,18.0,2.0,18.0,1.0,17.0,1.0
2.5935,122.0,-96.0,7.0,0.0,0.0,0.0,0.0,0.0,0.0,0.0,0.0,0.0,1.0,4.0,-2.0,0.0,-5.0,-5.0,-8.0,-9.0,-11.0,-14.0,-15.0,-18.0,-17.0,-20.0,-19.0,-24.0,-20.0,-24.0,-21.0,-24.0,-20.0,-24.0,-20.0,-23.0,-18.0,-22.0,-16.0,-17.0,-12.0,-14.0,-8.0,-10.0,-4.0,-5.0,1.0,-2.0,6.0,3.0,10.0,6.0,15.0,9.0,19.0,10.0,22.0,13.0,25.0,13.0,26.0,14.0,27.0,14.0
2.6069,122.0,-96.0,7.0,0.0,0.0,0.0,0.0,0.0,0.0,0.0,0.0,0.0,12.0,8.0,16.0,10.0,18.0,12.0,20.0,14.0,22.0,14.0,23.0,16.0,21.0,16.0,21.0,15.0,19.0,14.0,16.0,11.0,13.0,8.0,8.0,6.0,4.0,3.0,-1.0,0.0,-6.0,-2.0,-11.0,-5.0,-16.0,-8.0,-19.0,-9.0,-23.0,-11.0,-25.0,-12.0,-27.0,-12.0,-27.0,-13.0,-26.0,-11.0,-24.0,-9.0,-22.0,-8.0,-18.0,-7.0
2.6226,122.0,-96.0,7.0,0.0,0.0,0.0,0.0,0.0,0.0,0.0,0.0,0.0,5.0,-7.0,3.0,-2.0,-1.0,3.0,-4.0,7.0,-7.0,12.0,-10.0,17.0,-11.0,21.0,-14.0,24.0,-14.0,26.0,-15.0,28.0,-15.0,28.0,-14.0,27.0,-13.0,25.0,-11.0,22.0,-10.0,18.0,-7.0,13.0,-4.0,7.0,-3.0,1.0,-1.0,-5.0,1.0,-11.0,2.0,-16.0,2.0,-21.0,4.0,-26.0,3.0,-29.0,3.0,-30.0,2.0,-31.0
2.6357,122.0,-96.0,7.0,0.0,0.0,0.0,0.0,0.0,0.0,0.0,0.0,0.0,-5.0,-3.0,0.0,-2.0,6.0,0.0,11.0,1.0,17.0,2.0,21.0,3.0,25.0,3.0,29.0,4.0,30.0,3.0,31.0,4.0,30.0,3.0,29.0,3.0,27.0,3.0,22.0,2.0,17.0,2.0,12.0,1.0,5.0,1.0,-1.0,1.0,-7.0,1.0,-13.0,2.0,-18.0,3.0,-22.0,4.0,-27.0,5.0,-28.0,6.0,-30.0,6.0,-31.0,7.0
2.6511,122.0,-96.0,7.0,0.0,0.0,0.0,0.0,0.0,0.0,0.0,0.0,0.0,-12.0,4.0,-16.0,5.0,-20.0,6.0,-23.0,7.0,-25.0,8.0,-27.0,9.0,-27.0,8.0,-26.0,8.0,-25.0,7.0,-21.0,6.0,-18.0,5.0,-13.0,4.0,-8.0,2.0,-3.0,0.0,2.0,-3.0,7.0,-5.0,12.0,-8.0,16.0,-10.0,20.0,-12.0,22.0,-14.0,24.0,-15.0,24.0,-16.0,24.0,-16.0,21.0,-15.0,19.0,-14.0,16.0,-12.0
2.6646,122.0,-96.0,7.0,0.0,0.0,0.0,0.0,0.0,0.0,0.0,0.0,0.0,4.0,3.0,-2.0,1.0,-7.0,-3.0,-13.0,-6.0,-18.0,-8.0,-24.0,-11.0,-27.0,-12.0,-30.0,-14.0,-33.0,-14.0,-33.0,-15.0,-33.0,-13.0,-31.0,-14.0,-29.0,-13.0,-25.0,-10.0,-19.0,-8.0,-13.0,-6.0,-6.0,-3.0,0.0,-2.0,7.0,0.0,14.0,1.0,20.0,2.0,24.0,2.0,30.0,3.0,32.0,2.0,34.0,2.0,35.0,2.0
2.679,122.0,-96.0,7.0,0.0,0.0,0.0,0.0,0.0,0.0,0.0,0.0,0.0,9.0,24.0,9.0,20.0,7.0,17.0,5.0,13.0,3.0,8.0,0.0,3.0,-3.0,-2.0,-6.0,-8.0,-8.0,-13.0,-11.0,-18.0,-13.0,-22.0,-15.0,-24.0,-16.0,-26.0,-17.0,-29.0,-17.0,-28.0,-17.0,-26.0,-16.0,-24.0,-14.0,-21.0,-11.0,-17.0,-9.0,-13.0,-4.0,-8.0,0.0,-3.0,4.0,2.0,8.0,7.0,12.0,10.0,15.0,13.0
2.6923,122.0,-96.0,7.0,0.0,0.0,0.0,0.0,0.0,0.0,0.0,0.0,0.0,9.0,-9.0,12.0,-11.0,16.0,-13.0,18.0,-15.0,20.0,-17.0,21.0,-18.0,22.0,-18.0,22.0,-17.0,20.0,-16.0,17.0,-14.0,14.0,-12.0,10.0,-9.0,6.0,-5.0,2.0,-1.0,-2.0,2.0,-6.0,6.0,-10.0,10.0,-13.0,14.0,-16.0,16.0,-18.0,18.0,-20.0,20.0,-20.0,21.0,-19.0,21.0,-17.0,20.0,-15.0,18.0,-13.0,15.0
2.7041,122.0,-96.0,7.0,0.0,0.0,0.0,0.0,0.0,0.0,0.0,0.0,0.0,-17.0,17.0,-16.0,16.0,-14.0,14.0,-11.0,11.0,-8.0,7.0,-5.0,3.0,-2.0,-1.0,2.0,-5.0,6.0,-9.0,9.0,-13.0,12.0,-17.0,13.0,-20.0,14.0,-22.0,16.0,-24.0,16.0,-24.0,15.0,-24.0,14.0,-22.0,13.0,-20.0,11.0,-17.0,8.0,-13.0,5.0,-8.0,2.0,-3.0,0.0,2.0,-3.0,7.0,-4.0,12.0,-5.0,16.0
2.719,122.0,-96.0,7.0,0.0,0.0,0.0,0.0,0.0,0.0,0.0,0.0,0.0,-2.0,12.0,-2.0,16.0,-3.0,20.0,-4.0,23.0,-4.0,25.0,-5.0,27.0,-5.0,27.0,-5.0,26.0,-5.0,25.0,-4.0,21.0,-3.0,17.0,-2.0,13.0,-2.0,7.0,-1.0,2.0,-2.0,-4.0,-1.0,-9.0,-1.0,-15.0,-2.0,-19.0,-2.0,-23.0,-2.0,-26.0,-2.0,-29.0,-3.0,-30.0,-3.0,-29.0,-4.0,-27.0,-4.0,-24.0,-3.0,-20.0
2.7347,122.0,-96.0,7.0,0.0,0.0,0.0,0.0,0.0,0.0,0.0,0.0,0.0,17.0,-16.0,18.0,-16.0,18.0,-16.0,19.0,-15.0,19.0,-14.0,19.0,-14.0,18.0,-14.0,19.0,-13.0,19.0,-13.0,20.0,-12.0,19.0,-12.0,19.0,-11.0,19.0,-11.0,19.0,-11.0,19.0,-11.0,19.0,-11.0,18.0,-11.0,18.0,-10.0,18.0,-10.0,17.0,-10.0,17.0,-10.0,16.0,-10.0,16.0,-10.0,16.0,-10.0,15.0,-10.0,14.0,-11.0
2.7474,122.0,-96.0,7.0,0.0,0.0,0.0,0.0,0.0,0.0,0.0,0.0,0.0,11.0,-3.0,6.0,-1.0,0.0,0.0,-5.0,2.0,-11.0,5.0,-16.0,7.0,-19.0,9.0,-24.0,11.0,-26.0,12.0,-28.0,13.0,-29.0,13.0,-29.0,13.0,-28.0,13.0,-24.0,12.0,-21.0,10.0,-15.0,8.0,-10.0,5.0,-6.0,1.0,0.0,-3.0,5.0,-7.0,9.0,-11.0,12.0,-14.0,17.0,-17.0,18.0,-20.0,20.0,-22.0,21.0,-23.0
2.7617,122.0,-96.0,7.0,0.0,0.0,0.0,0.0,0.0,0.0,0.0,0.0,0.0,17.0,16.0,16.0,17.0,16.0,17.0,16.0,17.0,15.0,17.0,15.0,18.0,14.0,18.0,14.0,18.0,13.0,18.0,13.0,19.0,13.0,18.0,13.0,18.0,12.0,18.0,11.0,18.0,11.0,19.0,12.0,18.0,11.0,17.0,10.0,17.0,10.0,17.0,11.0,17.0,10.0,17.0,11.0,15.0,10.0,15.0,10.0,15.0,11.0,14.0,11.0,14.0
2.776,122.0,-96.0,7.0,0.0,0.0,0.0,0.0,0.0,0.0,0.0,0.0,0.0,9.0,7.0,4.0,4.0,-1.0,1.0,-6.0,-3.0,-11.0,-6.0,-16.0,-8.0,-19.0,-10.0,-24.0,-12.0,-26.0,-14.0,-28.0,-14.0,-29.0,-14.0,-29.0,-14.0,-28.0,-13.0,-25.0,-11.0,-21.0,-10.0,-16.0,-7.0,-10.0,-5.0,-5.0,-3.0,2.0,-1.0,7.0,0.0,14.0,1.0,18.0,2.0,23.0,3.0,26.0,3.0,29.0,2.0,30.0,2.0
2.7887,122.0,-96.0,7.0,0.0,0.0,0.0,0.0,0.0,0.0,0.0,0.0,0.0,4.0,23.0,4.0,25.0,4.0,27.0,4.0,25.0,4.0,25.0,3.0,23.0,3.0,20.0,2.0,15.0,1.0,11.0,0.0,5.0,-2.0,0.0,-3.0,-5.0,-5.0,-11.0,-6.0,-16.0,-7.0,-21.0,-8.0,-24.0,-9.0,-26.0,-10.0,-28.0,-10.0,-28.0,-10.0,-27.0,-10.0,-24.0,-9.0,-22.0,-7.0,-18.0,-5.0,-14.0,-3.0,-9.0,0.0,-4.0
2.8016,122.0,-96.0,7.0,0.0,0.0,0.0,0.0,0.0,0.0,0.0,0.0,0.0,9.0,3.0,13.0,5.0,16.0,7.0,19.0,9.0,22.0,10.0,24.0,11.0,25.0,12.0,25.0,12.0,23.0,11.0,21.0,10.0,18.0,8.0,14.0,6.0,9.0,4.0,4.0,2.0,-2.0,1.0,-7.0,-1.0,-12.0,-3.0,-17.0,-5.0,-21.0,-6.0,-25.0,-7.0,-27.0,-7.0,-28.0,-7.0,-29.0,-7.0,-26.0,-5.0,-24.0,-5.0,-21.0,-4.0
2.8167,122.0,-96.0,7.0,0.0,0.0,0.0,0.0,0.0,0.0,0.0,0.0,0.0,5.0,-11.0,3.0,-6.0,0.0,0.0,-2.0,5.0,-4.0,11.0,-6.0,16.0,-7.0,20.0,-9.0,24.0,-9.0,27.0,-11.0,29.0,-11.0,30.0,-11.0,29.0,-10.0,28.0,-8.0,25.0,-8.0,21.0,-5.0,15.0,-4.0,10.0,-2.0,4.0,-1.0,-2.0,0.0,-8.0,0.0,-14.0,0.0,-19.0,1.0,-25.0,1.0,-28.0,0.0,-30.0,0.0,-31.0
2.8314,122.0,-96.0,7.0,0.0,0.0,0.0,0.0,0.0,0.0,0.0,0.0,0.0,8.0,-9.0,5.0,-4.0,1.0,0.0,-4.0,4.0,-7.0,9.0,-11.0,13.0,-13.0,17.0,-16.0,20.0,-18.0,23.0,-19.0,25.0,-19.0,25.0,-19.0,25.0,-18.0,24.0,-15.0,21.0,-14.0,18.0,-10.0,14.0,-7.0,8.0,-4.0,3.0,-1.0,-2.0,2.0,-8.0,4.0,-14.0,6.0,-18.0,8.0,-23.0,9.0,-26.0,9.0,-28.0,9.0,-30.0
2.8445,122.0,-96.0,7.0,0.0,0.0,0.0,0.0,0.0,0.0,0.0,0.0,0.0,7.0,-7.0,10.0,-10.0,14.0,-12.0,16.0,-14.0,19.0,-16.0,21.0,-17.0,21.0,-18.0,22.0,-17.0,20.0,-17.0,18.0,-15.0,15.0,-13.0,12.0,-10.0,8.0,-6.0,4.0,-3.0,0.0,1.0,-4.0,4.0,-9.0,8.0,-12.0,12.0,-15.0,15.0,-17.0,18.0,-19.0,20.0,-19.0,21.0,-19.0,21.0,-17.0,20.0,-16.0,19.0,-13.0,16.0
2.8579,122.0,-96.0,7.0,0.0,0.0,0.0,0.0,0.0,0.0,0.0,0.0,0.0,6.0,22.0,6.0,25.0,6.0,26.0,6.0,26.0,6.0,25.0,5.0,23.0,4.0,19.0,3.0,14.0,2.0,10.0,0.0,5.0,-2.0,0.0,-3.0,-5.0,-5.0,-11.0,-7.0,-16.0,-8.0,-21.0,-9.0,-24.0,-11.0,-26.0,-11.0,-27.0,-12.0,-27.0,-11.0,-27.0,-11.0,-24.0,-10.0,-21.0,-8.0,-18.0,-6.0,-13.0,-4.0,-9.0,-1.0,-4.0
2.8722,122.0,-96.0,7.0,0.0,0.0,0.0,0.0,0.0,0.0,0.0,0.0,0.0,-24.0,-11.0,-25.0,-12.0,-24.0,-12.0,-23.0,-11.0,-21.0,-11.0,-18.0,-9.0,-14.0,-8.0,-10.0,-5.0,-5.0,-4.0,0.0,-1.0,5.0,0.0,10.0,2.0,14.0,4.0,19.0,6.0,23.0,8.0,25.0,9.0,26.0,9.0,27.0,9.0,26.0,8.0,25.0,7.0,22.0,6.0,18.0,5.0,14.0,4.0,9.0,3.0,4.0,2.0,-1.0,1.0
2.8867,122.0,-96.0,7.0,0.0,0.0,0.0,0.0,0.0,0.0,0.0,0.0,0.0,27.0,0.0,22.0,-1.0,17.0,-1.0,12.0,0.0,6.0,0.0,-1.0,1.0,-7.0,1.0,-14.0,1.0,-21.0,2.0,-26.0,2.0,-31.0,1.0,-33.0,2.0,-35.0,3.0,-37.0,2.0,-35.0,3.0,-33.0,3.0,-30.0,3.0,-26.0,2.0,-20.0,1.0,-14.0,1.0,-7.0,-1.0,0.0,-2.0,7.0,-3.0,14.0,-5.0,19.0,-6.0,23.0,-9.0
2.9007,122.0,-96.0,7.0,0.0,0.0,0.0,0.0,0.0,0.0,0.0,0.0,0.0,12.0,-1.0,17.0,-1.0,20.0,-1.0,23.0,-1.0,25.0,-1.0,27.0,-1.0,27.0,0.0,27.0,0.0,25.0,0.0,21.0,0.0,17.0,-1.0,13.0,-1.0,8.0,0.0,2.0,0.0,-4.0,1.0,-9.0,1.0,-15.0,1.0,-19.0,2.0,-23.0,2.0,-26.0,3.0,-28.0,3.0,-29.0,3.0,-28.0,4.0,-26.0,5.0,-23.0,4.0,-20.0,4.0
2.9136,122.0,-96.0,7.0,0.0,0.0,0.0,0.0,0.0,0.0,0.0,0.0,0.0,-22.0,8.0,-19.0,8.0,-16.0,6.0,-13.0,5.0,-8.0,2.0,-3.0,0.0,1.0,-2.0,7.0,-5.0,12.0,-7.0,15.0,-9.0,19.0,-11.0,22.0,-12.0,23.0,-14.0,25.0,-14.0,25.0,-14.0,23.0,-14.0,22.0,-13.0,18.0,-11.0,15.0,-9.0,11.0,-7.0,6.0,-4.0,2.0,-1.0,-3.0,3.0,-8.0,6.0,-11.0,9.0,-13.0,13.0
2.9288,122.0,-96.0,7.0,0.0,0.0,0.0,0.0,0.0,0.0,0.0,0.0,0.0,5.0,-11.0,2.0,-4.0,-1.0,4.0,-5.0,12.0,-8.0,20.0,-11.0,27.0,-14.0,33.0,-16.0,38.0,-16.0,42.0,-18.0,43.0,-17.0,43.0,-17.0,42.0,-16.0,39.0,-13.0,34.0,-11.0,27.0,-8.0,20.0,-5.0,12.0,-3.0,3.0,0.0,-7.0,2.0,-16.0,3.0,-24.0,4.0,-31.0,5.0,-38.0,5.0,-42.0,5.0,-45.0,5.0,-46.0
2.9448,122.0,-96.0,7.0,0.0,0.0,0.0,0.0,0.0,0.0,0.0,0.0,0.0,-17.0,-17.0,-17.0,-18.0,-16.0,-18.0,-16.0,-18.0,-15.0,-19.0,-15.0,-19.0,-15.0,-19.0,-14.0,-19.0,-14.0,-20.0,-13.0,-20.0,-13.0,-20.0,-12.0,-19.0,-12.0,-19.0,-12.0,-20.0,-11.0,-20.0,-11.0,-19.0,-11.0,-19.0,-11.0,-19.0,-10.0,-19.0,-10.0,-18.0,-10.0,-18.0,-10.0,-17.0,-10.0,-17.0,-10.0,-16.0,-10.0,-16.0,-11.0,-15.0
2.9588,122.0,-96.0,7.0,0.0,0.0,0.0,0.0,0.0,0.0,0.0,0.0,0.0,-22.0,9.0,-19.0,8.0,-16.0,7.0,-12.0,5.0,-8.0,3.0,-3.0,0.0,1.0,-2.0,7.0,-4.0,12.0,-7.0,15.0,-9.0,19.0,-11.0,21.0,-12.0,23.0,-14.0,25.0,-14.0,25.0,-14.0,23.0,-14.0,21.0,-12.0,19.0,-11.0,15.0,-9.0,11.0,-7.0,6.0,-4.0,2.0,-1.0,-3.0,3.0,-8.0,6.0,-11.0,9.0,-14.0,12.0
2.9757,122.0,-96.0,7.0,0.0,0.0,0.0,0.0,0.0,0.0,0.0,0.0,0.0,-17.0,7.0,-17.0,6.0,-18.0,6.0,-18.0,6.0,-19.0,6.0,-18.0,5.0,-18.0,5.0,-18.0,4.0,-18.0,4.0,-19.0,3.0,-18.0,4.0,-18.0,3.0,-18.0,3.0,-18.0,3.0,-18.0,2.0,-17.0,2.0,-17.0,2.0,-17.0,2.0,-17.0,2.0,-16.0,2.0,-16.0,2.0,-16.0,2.0,-16.0,2.0,-15.0,2.0,-15.0,3.0,-14.0,3.0
2.9863,122.0,-96.0,7.0,0.0,0.0,0.0,0.0,0.0,0.0,0.0,0.0,0.0,2.0,-17.0,4.0,-21.0,4.0,-25.0,5.0,-27.0,6.0,-30.0,6.0,-31.0,6.0,-30.0,6.0,-29.0,6.0,-27.0,5.0,-22.0,3.0,-18.0,2.0,-12.0,1.0,-7.0,0.0,0.0,-1.0,5.0,-2.0,11.0,-3.0,18.0,-3.0,22.0,-3.0,26.0,-3.0,29.0,-3.0,31.0,-3.0,31.0,-2.0,31.0,-1.0,28.0,-1.0,25.0,-1.0,20.0
3.0009,122.0,-96.0,7.0,0.0,0.0,0.0,0.0,0.0,0.0,0.0,0.0,0.0,-14.0,-13.0,-18.0,-18.0,-22.0,-22.0,-25.0,-25.0,-28.0,-28.0,-29.0,-30.0,-29.0,-30.0,-28.0,-30.0,-26.0,-28.0,-23.0,-24.0,-19.0,-20.0,-15.0,-15.0,-9.0,-10.0,-3.0,-4.0,3.0,2.0,9.0,7.0,15.0,13.0,21.0,17.0,25.0,21.0,28.0,23.0,31.0,25.0,32.0,26.0,33.0,25.0,31.0,23.0,28.0,20.0,24.0,17.0
3.014,122.0,-96.0,7.0,0.0,0.0,0.0,0.0,0.0,0.0,0.0,0.0,0.0,17.0,15.0,15.0,12.0,13.0,10.0,10.0,8.0,6.0,5.0,2.0,2.0,-2.0,-1.0,-7.0,-5.0,-11.0,-8.0,-15.0,-10.0,-18.0,-13.0,-21.0,-14.0,-23.0,-15.0,-25.0,-17.0,-25.0,-16.0,-23.0,-15.0,-22.0,-14.0,-19.0,-12.0,-16.0,-10.0,-12.0,-8.0,-7.0,-5.0,-2.0,-3.0,3.0,0.0,8.0,2.0,13.0,4.0,17.0,5.0
3.0283,122.0,-96.0,7.0,0.0,0.0,0.0,0.0,0.0,0.0,0.0,0.0,0.0,16.0,15.0,17.0,16.0,16.0,16.0,16.0,17.0,15.0,17.0,15.0,18.0,14.0,17.0,14.0,18.0,13.0,18.0,13.0,18.0,13.0,18.0,12.0,18.0,12.0,18.0,12.0,18.0,11.0,18.0,11.0,18.0,11.0,18.0,11.0,18.0,10.0,17.0,11.0,16.0,10.0,16.0,10.0,15.0,10.0,15.0,10.0,15.0,10.0,15.0,11.0,14.0
3.0427,122.0,-96.0,7.0,0.0,0.0,0.0,0.0,0.0,0.0,0.0,0.0,0.0,11.0,-5.0,15.0,-7.0,18.0,-8.0,21.0,-9.0,23.0,-10.0,25.0,-10.0,26.0,-10.0,25.0,-10.0,24.0,-9.0,20.0,-8.0,17.0,-7.0,12.0,-5.0,8.0,-3.0,2.0,-1.0,-3.0,1.0,-7.0,3.0,-13.0,6.0,-17.0,8.0,-20.0,10.0,-23.0,11.0,-25.0,12.0,-26.0,13.0,-25.0,13.0,-23.0,13.0,-20.0,12.0,-18.0,10.0
3.056,122.0,-96.0,7.0,0.0,0.0,0.0,0.0,0.0,0.0,0.0,0.0,0.0,11.0,11.0,11.0,12.0,11.0,12.0,11.0,12.0,10.0,13.0,10.0,13.0,10.0,13.0,9.0,13.0,9.0,13.0,9.0,13.0,9.0,13.0,8.0,13.0,8.0,13.0,8.0,13.0,7.0,13.0,7.0,13.0,7.0,13.0,7.0,13.0,7.0,12.0,7.0,12.0,7.0,12.0,7.0,11.0,7.0,11.0,7.0,11.0,7.0,10.0,7.0,10.0
3.0708,122.0,-96.0,7.0,0.0,0.0,0.0,0.0,0.0,0.0,0.0,0.0,0.0,-10.0,-16.0,-10.0,-17.0,-9.0,-17.0,-9.0,-18.0,-8.0,-18.0,-8.0,-18.0,-7.0,-17.0,-7.0,-18.0,-7.0,-18.0,-6.0,-18.0,-6.0,-18.0,-6.0,-18.0,-5.0,-17.0,-5.0,-18.0,-5.0,-17.0,-5.0,-17.0,-5.0,-17.0,-4.0,-17.0,-4.0,-17.0,-5.0,-16.0,-5.0,-16.0,-4.0,-15.0,-5.0,-15.0,-5.0,-15.0,-5.0,-14.0,-5.0,-14.0
3.0847,122.0,-96.0,7.0,0.0,0.0,0.0,0.0,0.0,0.0,0.0,0.0,0.0,-9.0,-9.0,-5.0,-6.0,-1.0,-1.0,3.0,2.0,8.0,7.0,12.0,10.0,16.0,13.0,19.0,16.0,22.0,18.0,23.0,19.0,24.0,20.0,24.0,20.0,22.0,19.0,20.0,16.0,17.0,14.0,13.0,10.0,9.0,7.0,4.0,4.0,-2.0,0.0,-7.0,-4.0,-12.0,-6.0,-17.0,-8.0,-22.0,-11.0,-25.0,-12.0,-27.0,-13.0,-28.0,-13.0
3.0995,122.0,-96.0,7.0,0.0,0.0,0.0,0.0,0.0,0.0,0.0,0.0,0.0,-10.0,-1.0,-14.0,-2.0,-18.0,-2.0,-22.0,-3.0,-25.0,-3.0,-28.0,-4.0,-28.0,-4.0,-28.0,-4.0,-27.0,-4.0,-24.0,-3.0,-21.0,-3.0,-16.0,-2.0,-12.0,-2.0,-6.0,-1.0,-1.0,-2.0,5.0,-1.0,11.0,-1.0,16.0,-2.0,20.0,-1.0,24.0,-2.0,27.0,-2.0,28.0,-2.0,28.0,-3.0,26.0,-3.0,24.0,-4.0,21.0,-3.0
3.1144,122.0,-96.0,7.0,0.0,0.0,0.0,0.0,0.0,0.0,0.0,0.0,0.0,16.0,-5.0,17.0,-5.0,17.0,-5.0,17.0,-4.0,17.0,-3.0,18.0,-3.0,17.0,-3.0,17.0,-3.0,17.0,-2.0,17.0,-2.0,17.0,-2.0,16.0,-1.0,16.0,-1.0,16.0,-1.0,16.0,0.0,16.0,-1.0,15.0,0.0,15.0,-1.0,15.0,-1.0,15.0,-1.0,15.0,-1.0,14.0,-1.0,14.0,-1.0,14.0,-1.0,14.0,-2.0,13.0,-2.0
3.1282,122.0,-96.0,7.0,0.0,0.0,0.0,0.0,0.0,0.0,0.0,0.0,0.0,-12.0,3.0,-7.0,1.0,-2.0,-1.0,4.0,-2.0,9.0,-5.0,15.0,-7.0,18.0,-8.0,23.0,-10.0,26.0,-12.0,27.0,-13.0,28.0,-14.0,28.0,-14.0,27.0,-13.0,23.0,-13.0,20.0,-11.0,15.0,-8.0,10.0,-6.0,5.0,-3.0,-1.0,1.0,-6.0,4.0,-10.0,8.0,-14.0,11.0,-18.0,14.0,-20.0,17.0,-22.0,19.0,-23.0,20.0
3.1415,122.0,-96.0,7.0,0.0,0.0,0.0,0.0,0.0,0.0,0.0,0.0,0.0,-17.0,5.0,-9.0,2.0,-2.0,-1.0,6.0,-4.0,14.0,-8.0,21.0,-11.0,28.0,-15.0,33.0,-18.0,38.0,-21.0,41.0,-22.0,41.0,-22.0,41.0,-22.0,39.0,-21.0,34.0,-20.0,29.0,-17.0,22.0,-14.0,15.0,-9.0,8.0,-4.0,0.0,2.0,-7.0,7.0,-13.0,14.0,-19.0,19.0,-25.0,25.0,-28.0,28.0,-30.0,31.0,-31.0,33.0
3.1554,122.0,-96.0,7.0,0.0,0.0,0.0,0.0,0.0,0.0,0.0,0.0,0.0,19.0,-13.0,21.0,-15.0,22.0,-15.0,22.0,-15.0,21.0,-14.0,20.0,-13.0,17.0,-11.0,13.0,-9.0,10.0,-7.0,5.0,-4.0,1.0,0.0,-3.0,3.0,-8.0,7.0,-13.0,10.0,-16.0,13.0,-19.0,15.0,-21.0,17.0,-22.0,18.0,-22.0,19.0,-21.0,19.0,-19.0,18.0,-17.0,16.0,-14.0,13.0,-11.0,10.0,-7.0,6.0,-4.0,2.0
3.17,122.0,-96.0,7.0,0.0,0.0,0.0,0.0,0.0,0.0,0.0,0.0,0.0,-5.0,-8.0,-7.0,-12.0,-9.0,-16.0,-11.0,-20.0,-12.0,-22.0,-13.0,-24.0,-13.0,-25.0,-13.0,-25.0,-13.0,-24.0,-12.0,-21.0,-11.0,-18.0,-8.0,-15.0,-6.0,-10.0,-3.0,-6.0,0.0,-2.0,3.0,3.0,7.0,9.0,10.0,12.0,13.0,16.0,15.0,18.0,17.0,20.0,18.0,21.0,18.0,21.0,18.0,19.0,17.0,17.0,15.0,15.0
3.1829,122.0,-96.0,7.0,0.0,0.0,0.0,0.0,0.0,0.0,0.0,0.0,0.0,0.0,18.0,-1.0,19.0,-1.0,18.0,-1.0,19.0,-2.0,18.0,-3.0,18.0,-3.0,18.0,-3.0,18.0,-3.0,17.0,-4.0,17.0,-4.0,18.0,-4.0,17.0,-5.0,17.0,-5.0,17.0,-5.0,17.0,-5.0,16.0,-5.0,16.0,-5.0,16.0,-5.0,15.0,-4.0,15.0,-4.0,15.0,-4.0,15.0,-4.0,15.0,-4.0,14.0,-3.0,14.0,-3.0,14.0
3.1974,122.0,-96.0,7.0,0.0,0.0,0.0,0.0,0.0,0.0,0.0,0.0,0.0,-25.0,7.0,-22.0,7.0,-19.0,6.0,-15.0,4.0,-10.0,2.0,-4.0,0.0,1.0,-2.0,7.0,-4.0,12.0,-7.0,16.0,-9.0,21.0,-11.0,24.0,-13.0,26.0,-14.0,28.0,-15.0,28.0,-16.0,26.0,-15.0,25.0,-14.0,21.0,-12.0,18.0,-11.0,13.0,-8.0,7.0,-4.0,2.0,-1.0,-3.0,3.0,-7.0,7.0,-11.0,10.0,-14.0,14.0
3.2119,122.0,-96.0,7.0,0.0,0.0,0.0,0.0,0.0,0.0,0.0,0.0,0.0,10.0,-6.0,14.0,-7.0,18.0,-9.0,20.0,-10.0,23.0,-11.0,24.0,-11.0,25.0,-11.0,25.0,-11.0,23.0,-10.0,20.0,-9.0,16.0,-8.0,12.0,-6.0,8.0,-4.0,3.0,-1.0,-2.0,2.0,-7.0,4.0,-12.0,7.0,-15.0,10.0,-19.0,12.0,-21.0,14.0,-24.0,15.0,-24.0,16.0,-24.0,16.0,-21.0,15.0,-19.0,14.0,-17.0,12.0
3.2256,122.0,-96.0,7.0,0.0,0.0,0.0,0.0,0.0,0.0,0.0,0.0,0.0,-25.0,-2.0,-23.0,-2.0,-20.0,-1.0,-16.0,-1.0,-12.0,-1.0,-7.0,-1.0,-2.0,-1.0,4.0,-1.0,9.0,-2.0,14.0,-2.0,19.0,-2.0,22.0,-2.0,25.0,-3.0,28.0,-3.0,28.0,-3.0,28.0,-3.0,26.0,-3.0,23.0,-3.0,20.0,-3.0,15.0,-3.0,10.0,-2.0,4.0,0.0,-1.0,1.0,-7.0,3.0,-11.0,4.0,-16.0,6.0
3.2386,122.0,-96.0,7.0,0.0,0.0,0.0,0.0,0.0,0.0,0.0,0.0,0.0,-1.0,13.0,-1.0,8.0,-1.0,1.0,-1.0,-6.0,-2.0,-13.0,-3.0,-19.0,-4.0,-24.0,-4.0,-29.0,-5.0,-32.0,-5.0,-35.0,-5.0,-36.0,-5.0,-36.0,-5.0,-34.0,-6.0,-30.0,-5.0,-26.0,-4.0,-20.0,-3.0,-14.0,-1.0,-7.0,1.0,0.0,3.0,6.0,6.0,12.0,9.0,18.0,10.0,24.0,12.0,27.0,14.0,29.0,15.0,30.0
3.2517,122.0,-96.0,7.0,0.0,0.0,0.0,0.0,0.0,0.0,0.0,0.0,0.0,-3.0,-23.0,-3.0,-26.0,-2.0,-27.0,-3.0,-27.0,-2.0,-26.0,-3.0,-24.0,-2.0,-21.0,-2.0,-16.0,-1.0,-13.0,0.0,-7.0,0.0,-2.0,2.0,4.0,3.0,9.0,3.0,15.0,4.0,19.0,5.0,23.0,6.0,25.0,7.0,27.0,7.0,27.0,7.0,27.0,7.0,24.0,6.0,22.0,5.0,18.0,4.0,14.0,2.0,9.0,0.0,3.0
3.2663,122.0,-96.0,7.0,0.0,0.0,0.0,0.0,0.0,0.0,0.0,0.0,0.0,-18.0,-19.0,-16.0,-17.0,-14.0,-15.0,-11.0,-11.0,-7.0,-8.0,-3.0,-4.0,1.0,0.0,6.0,4.0,10.0,9.0,15.0,11.0,18.0,14.0,21.0,16.0,23.0,17.0,25.0,19.0,25.0,19.0,24.0,18.0,22.0,16.0,20.0,15.0,16.0,12.0,12.0,9.0,6.0,6.0,1.0,2.0,-4.0,-1.0,-10.0,-4.0,-15.0,-6.0,-19.0,-7.0
3.2819,122.0,-96.0,7.0,0.0,0.0,0.0,0.0,0.0,0.0,0.0,0.0,0.0,21.0,-5.0,17.0,-5.0,14.0,-4.0,10.0,-2.0,5.0,-1.0,0.0,0.0,-4.0,2.0,-10.0,3.0,-14.0,5.0,-18.0,7.0,-22.0,8.0,-24.0,9.0,-26.0,11.0,-27.0,10.0,-26.0,11.0,-25.0,11.0,-22.0,9.0,-20.0,8.0,-15.0,6.0,-11.0,4.0,-7.0,1.0,-2.0,-2.0,3.0,-5.0,8.0,-8.0,11.0,-11.0,13.0,-14.0
3.3002,122.0,-96.0,7.0,0.0,0.0,0.0,0.0,0.0,0.0,0.0,0.0,0.0,-18.0,-20.0,-16.0,-17.0,-14.0,-14.0,-11.0,-11.0,-7.0,-8.0,-3.0,-4.0,2.0,0.0,6.0,4.0,11.0,8.0,15.0,11.0,18.0,14.0,21.0,16.0,24.0,17.0,25.0,19.0,25.0,18.0,25.0,17.0,23.0,16.0,20.0,14.0,17.0,11.0,12.0,8.0,6.0,5.0,1.0,2.0,-4.0,0.0,-10.0,-3.0,-15.0,-5.0,-20.0,-6.0
3.3163,122.0,-96.0,7.0,0.0,0.0,0.0,0.0,0.0,0.0,0.0,0.0,0.0,-14.0,20.0,-14.0,20.0,-15.0,20.0,-16.0,20.0,-16.0,19.0,-17.0,19.0,-16.0,18.0,-17.0,18.0,-18.0,17.0,-17.0,17.0,-18.0,16.0,-18.0,16.0,-18.0,15.0,-18.0,16.0,-18.0,15.0,-18.0,15.0,-18.0,15.0,-17.0,14.0,-18.0,13.0,-16.0,14.0,-16.0,14.0,-16.0,12.0,-16.0,13.0,-16.0,13.0,-14.0,13.0,-14.0,13.0
3.3264,122.0,-96.0,7.0,0.0,0.0,0.0,0.0,0.0,0.0,0.0,0.0,0.0,-12.0,20.0,-10.0,18.0,-8.0,14.0,-6.0,10.0,-4.0,5.0,-2.0,0.0,0.0,-6.0,3.0,-11.0,5.0,-17.0,6.0,-21.0,8.0,-25.0,9.0,-27.0,9.0,-29.0,10.0,-31.0,9.0,-30.0,8.0,-28.0,7.0,-26.0,6.0,-22.0,5.0,-18.0,4.0,-13.0,2.0,-7.0,1.0,-1.0,1.0,5.0,0.0,12.0,0.0,17.0,0.0,21.0
3.3409,122.0,-96.0,7.0,0.0,0.0,0.0,0.0,0.0,0.0,0.0,0.0,0.0,5.0,-23.0,6.0,-23.0,6.0,-23.0,6.0,-23.0,8.0,-23.0,8.0,-23.0,8.0,-22.0,9.0,-22.0,9.0,-21.0,10.0,-21.0,10.0,-21.0,10.0,-20.0,10.0,-20.0,10.0,-20.0,11.0,-19.0,10.0,-19.0,10.0,-19.0,10.0,-19.0,10.0,-18.0,10.0,-18.0,10.0,-18.0,9.0,-17.0,9.0,-17.0,9.0,-17.0,8.0,-17.0,7.0,-17.0
3.3565,122.0,-96.0,7.0,0.0,0.0,0.0,0.0,0.0,0.0,0.0,0.0,0.0,-9.0,-4.0,-4.0,-3.0,2.0,-1.0,7.0,1.0,13.0,3.0,18.0,3.0,22.0,4.0,26.0,5.0,28.0,5.0,30.0,5.0,30.0,5.0,30.0,4.0,28.0,4.0,24.0,3.0,20.0,3.0,15.0,1.0,9.0,1.0,3.0,1.0,-4.0,1.0,-10.0,1.0,-15.0,3.0,-20.0,4.0,-25.0,4.0,-27.0,5.0,-29.0,6.0,-30.0,7.0
3.3708,122.0,-96.0,7.0,0.0,0.0,0.0,0.0,0.0,0.0,0.0,0.0,0.0,11.0,-4.0,15.0,-5.0,18.0,-6.0,21.0,-7.0,24.0,-8.0,26.0,-8.0,26.0,-8.0,26.0,-8.0,24.0,-8.0,21.0,-7.0,17.0,-6.0,13.0,-5.0,8.0,-3.0,3.0,-1.0,-2.0,2.0,-7.0,4.0,-12.0,6.0,-16.0,9.0,-20.0,11.0,-22.0,13.0,-24.0,14.0,-25.0,15.0,-24.0,15.0,-22.0,15.0,-20.0,13.0,-17.0,12.0
3.3828,122.0,-96.0,7.0,0.0,0.0,0.0,0.0,0.0,0.0,0.0,0.0,0.0,13.0,9.0,13.0,9.0,13.0,10.0,13.0,10.0,12.0,11.0,12.0,11.0,12.0,11.0,11.0,11.0,11.0,11.0,11.0,12.0,11.0,12.0,10.0,11.0,10.0,12.0,10.0,12.0,9.0,12.0,9.0,11.0,9.0,11.0,9.0,11.0,9.0,11.0,9.0,11.0,9.0,10.0,9.0,10.0,9.0,10.0,9.0,10.0,8.0,9.0,9.0,9.0
3.3948,122.0,-96.0,7.0,0.0,0.0,0.0,0.0,0.0,0.0,0.0,0.0,0.0,-11.0,-4.0,-5.0,-2.0,2.0,-1.0,9.0,-1.0,17.0,0.0,24.0,0.0,29.0,0.0,34.0,0.0,37.0,0.0,39.0,0.0,39.0,-1.0,38.0,-1.0,36.0,-1.0,31.0,-2.0,26.0,-1.0,19.0,-1.0,11.0,-1.0,4.0,1.0,-4.0,2.0,-12.0,4.0,-18.0,7.0,-24.0,9.0,-30.0,11.0,-33.0,13.0,-36.0,14.0,-37.0,15.0
3.4091,122.0,-96.0,7.0,0.0,0.0,0.0,0.0,0.0,0.0,0.0,0.0,0.0,0.0,-10.0,1.0,-4.0,1.0,2.0,1.0,7.0,2.0,13.0,3.0,18.0,4.0,22.0,4.0,26.0,5.0,28.0,5.0,30.0,6.0,30.0,6.0,29.0,5.0,28.0,5.0,24.0,4.0,20.0,3.0,14.0,1.0,9.0,-1.0,3.0,-3.0,-3.0,-6.0,-9.0,-9.0,-13.0,-11.0,-17.0,-13.0,-22.0,-15.0,-24.0,-17.0,-25.0,-18.0,-26.0
3.4223,122.0,-96.0,7.0,0.0,0.0,0.0,0.0,0.0,0.0,0.0,0.0,0.0,7.0,-6.0,11.0,-8.0,14.0,-10.0,18.0,-12.0,20.0,-14.0,22.0,-14.0,23.0,-15.0,23.0,-15.0,22.0,-15.0,20.0,-13.0,16.0,-12.0,13.0,-9.0,9.0,-6.0,5.0,-3.0,1.0,1.0,-4.0,4.0,-8.0,8.0,-12.0,11.0,-15.0,14.0,-17.0,17.0,-19.0,19.0,-20.0,20.0,-19.0,21.0,-17.0,20.0,-16.0,19.0,-14.0,16.0
3.4351,122.0,-96.0,7.0,0.0,0.0,0.0,0.0,0.0,0.0,0.0,0.0,0.0,1.0,22.0,0.0,24.0,0.0,23.0,-1.0,24.0,-1.0,23.0,-2.0,24.0,-2.0,23.0,-2.0,23.0,-3.0,22.0,-3.0,23.0,-4.0,22.0,-4.0,22.0,-4.0,22.0,-5.0,21.0,-5.0,21.0,-5.0,20.0,-6.0,21.0,-5.0,20.0,-5.0,20.0,-4.0,19.0,-4.0,19.0,-4.0,18.0,-4.0,18.0,-4.0,18.0,-3.0,18.0,-3.0,18.0
3.4493,122.0,-96.0,7.0,0.0,0.0,0.0,0.0,0.0,0.0,0.0,0.0,0.0,-6.0,16.0,-7.0,16.0,-7.0,16.0,-8.0,16.0,-8.0,15.0,-9.0,15.0,-9.0,15.0,-9.0,15.0,-9.0,14.0,-10.0,14.0,-10.0,14.0,-10.0,14.0,-10.0,14.0,-10.0,13.0,-10.0,13.0,-10.0,12.0,-10.0,13.0,-10.0,12.0,-10.0,12.0,-9.0,12.0,-9.0,12.0,-9.0,11.0,-9.0,11.0,-8.0,11.0,-8.0,11.0,-7.0,11.0
3.4651,122.0,-96.0,7.0,0.0,0.0,0.0,0.0,0.0,0.0,0.0,0.0,0.0,-14.0,6.0,-19.0,8.0,-23.0,10.0,-27.0,11.0,-30.0,13.0,-32.0,13.0,-32.0,13.0,-32.0,13.0,-30.0,12.0,-26.0,10.0,-22.0,9.0,-16.0,7.0,-11.0,4.0,-5.0,0.0,1.0,-4.0,8.0,-7.0,13.0,-11.0,18.0,-14.0,22.0,-17.0,25.0,-19.0,27.0,-21.0,28.0,-22.0,27.0,-22.0,25.0,-22.0,22.0,-19.0,19.0,-17.0
3.4782,122.0,-96.0,7.0,0.0,0.0,0.0,0.0,0.0,0.0,0.0,0.0,0.0,3.0,22.0,3.0,25.0,3.0,26.0,3.0,26.0,3.0,25.0,3.0,23.0,2.0,20.0,2.0,15.0,0.0,12.0,0.0,6.0,-2.0,1.0,-3.0,-5.0,-5.0,-10.0,-5.0,-15.0,-7.0,-20.0,-8.0,-23.0,-9.0,-26.0,-10.0,-27.0,-10.0,-28.0,-10.0,-27.0,-10.0,-24.0,-9.0,-22.0,-7.0,-18.0,-6.0,-14.0,-3.0,-9.0,-1.0,-5.0
3.4932,122.0,-96.0,7.0,0.0,0.0,0.0,0.0,0.0,0.0,0.0,0.0,0.0,-10.0,2.0,-15.0,3.0,-19.0,4.0,-24.0,4.0,-27.0,5.0,-30.0,5.0,-30.0,6.0,-31.0,5.0,-29.0,5.0,-26.0,5.0,-22.0,4.0,-18.0,3.0,-13.0,2.0,-7.0,0.0,-1.0,-2.0,5.0,-4.0,11.0,-6.0,15.0,-8.0,20.0,-10.0,24.0,-12.0,26.0,-14.0,28.0,-15.0,27.0,-15.0,25.0,-15.0,23.0,-14.0,20.0,-12.0
3.5061,122.0,-96.0,7.0,0.0,0.0,0.0,0.0,0.0,0.0,0.0,0.0,0.0,8.0,3.0,12.0,5.0,16.0,7.0,19.0,9.0,21.0,9.0,24.0,11.0,24.0,11.0,24.0,12.0,23.0,11.0,21.0,9.0,18.0,7.0,14.0,6.0,9.0,4.0,4.0,2.0,-1.0,1.0,-6.0,-1.0,-12.0,-3.0,-16.0,-3.0,-21.0,-4.0,-24.0,-5.0,-27.0,-6.0,-28.0,-5.0,-29.0,-5.0,-27.0,-3.0,-25.0,-3.0,-22.0,-3.0
3.5217,122.0,-96.0,7.0,0.0,0.0,0.0,0.0,0.0,0.0,0.0,0.0,0.0,-15.0,-19.0,-14.0,-20.0,-14.0,-20.0,-14.0,-21.0,-12.0,-21.0,-13.0,-22.0,-12.0,-21.0,-11.0,-22.0,-10.0,-22.0,-10.0,-22.0,-10.0,-22.0,-10.0,-22.0,-10.0,-21.0,-9.0,-22.0,-8.0,-22.0,-8.0,-21.0,-8.0,-21.0,-7.0,-21.0,-8.0,-21.0,-7.0,-20.0,-7.0,-20.0,-7.0,-19.0,-8.0,-19.0,-8.0,-18.0,-8.0,-18.0,-8.0,-17.0
3.5358,122.0,-96.0,7.0,0.0,0.0,0.0,0.0,0.0,0.0,0.0,0.0,0.0,-7.0,-23.0,-7.0,-25.0,-7.0,-26.0,-7.0,-26.0,-7.0,-26.0,-7.0,-23.0,-5.0,-20.0,-5.0,-16.0,-3.0,-12.0,-1.0,-7.0,1.0,-2.0,3.0,3.0,5.0,8.0,7.0,13.0,9.0,18.0,11.0,21.0,13.0,23.0,14.0,24.0,14.0,24.0,14.0,23.0,14.0,21.0,12.0,19.0,10.0,16.0,7.0,12.0,4.0,7.0,1.0,3.0
3.5498,122.0,-96.0,7.0,0.0,0.0,0.0,0.0,0.0,0.0,0.0,0.0,0.0,5.0,1.0,0.0,1.0,-6.0,1.0,-11.0,2.0,-17.0,3.0,-22.0,3.0,-25.0,4.0,-28.0,5.0,-30.0,6.0,-31.0,6.0,-30.0,6.0,-29.0,6.0,-27.0,6.0,-23.0,5.0,-19.0,4.0,-13.0,3.0,-7.0,1.0,-2.0,-2.0,4.0,-5.0,9.0,-7.0,14.0,-10.0,17.0,-14.0,21.0,-16.0,22.0,-18.0,23.0,-19.0,23.0,-20.0
3.564,122.0,-96.0,7.0,0.0,0.0,0.0,0.0,0.0,0.0,0.0,0.0,0.0,-20.0,-16.0,-20.0,-17.0,-20.0,-17.0,-20.0,-16.0,-18.0,-15.0,-16.0,-13.0,-12.0,-11.0,-9.0,-8.0,-5.0,-5.0,0.0,-2.0,4.0,0.0,9.0,3.0,13.0,6.0,17.0,8.0,20.0,11.0,23.0,12.0,24.0,13.0,25.0,13.0,25.0,12.0,23.0,11.0,21.0,9.0,18.0,8.0,14.0,6.0,9.0,5.0,4.0,3.0,-1.0,1.0
3.5784,122.0,-96.0,7.0,0.0,0.0,0.0,0.0,0.0,0.0,0.0,0.0,0.0,11.0,-21.0,9.0,-19.0,7.0,-15.0,5.0,-11.0,3.0,-5.0,1.0,0.0,-1.0,5.0,-3.0,11.0,-5.0,16.0,-6.0,20.0,-8.0,24.0,-9.0,27.0,-8.0,29.0,-10.0,30.0,-9.0,30.0,-8.0,28.0,-7.0,26.0,-6.0,21.0,-5.0,17.0,-4.0,12.0,-3.0,6.0,-3.0,-1.0,-2.0,-6.0,-2.0,-13.0,-2.0,-17.0,-3.0,-22.0
3.5948,122.0,-96.0,7.0,0.0,0.0,0.0,0.0,0.0,0.0,0.0,0.0,0.0,-19.0,-13.0,-19.0,-14.0,-18.0,-14.0,-18.0,-15.0,-17.0,-15.0,-17.0,-16.0,-17.0,-16.0,-16.0,-16.0,-16.0,-17.0,-15.0,-17.0,-15.0,-17.0,-15.0,-17.0,-14.0,-17.0,-14.0,-17.0,-14.0,-17.0,-14.0,-16.0,-14.0,-17.0,-13.0,-16.0,-13.0,-16.0,-13.0,-15.0,-12.0,-16.0,-12.0,-15.0,-12.0,-15.0,-13.0,-14.0,-13.0,-14.0,-13.0,-13.0
3.6108,122.0,-96.0,7.0,0.0,0.0,0.0,0.0,0.0,0.0,0.0,0.0,0.0,5.0,-4.0,1.0,0.0,-3.0,5.0,-7.0,10.0,-11.0,15.0,-14.0,19.0,-16.0,23.0,-19.0,26.0,-19.0,28.0,-20.0,29.0,-19.0,28.0,-19.0,27.0,-17.0,25.0,-14.0,22.0,-12.0,17.0,-8.0,12.0,-5.0,6.0,-3.0,-1.0,0.0,-8.0,2.0,-14.0,3.0,-20.0,3.0,-24.0,5.0,-30.0,5.0,-32.0,5.0,-34.0,4.0,-35.0
3.6239,122.0,-96.0,7.0,0.0,0.0,0.0,0.0,0.0,0.0,0.0,0.0,0.0,-11.0,17.0,-12.0,18.0,-12.0,17.0,-13.0,18.0,-13.0,17.0,-13.0,17.0,-13.0,16.0,-14.0,15.0,-14.0,15.0,-15.0,15.0,-14.0,15.0,-15.0,15.0,-14.0,14.0,-15.0,14.0,-15.0,13.0,-15.0,13.0,-14.0,13.0,-14.0,13.0,-14.0,12.0,-13.0,12.0,-14.0,12.0,-13.0,12.0,-13.0,12.0,-12.0,12.0,-12.0,12.0,-11.0,13.0
3.6374,122.0,-96.0,7.0,0.0,0.0,0.0,0.0,0.0,0.0,0.0,0.0,0.0,4.0,10.0,5.0,14.0,6.0,18.0,7.0,21.0,9.0,23.0,9.0,25.0,9.0,25.0,9.0,25.0,8.0,23.0,7.0,20.0,6.0,17.0,4.0,12.0,2.0,8.0,0.0,3.0,-3.0,-2.0,-6.0,-6.0,-9.0,-11.0,-11.0,-15.0,-14.0,-18.0,-16.0,-21.0,-18.0,-22.0,-18.0,-23.0,-18.0,-22.0,-18.0,-20.0,-16.0,-18.0,-14.0,-15.0
3.6514,122.0,-96.0,7.0,0.0,0.0,0.0,0.0,0.0,0.0,0.0,0.0,0.0,-21.0,11.0,-22.0,10.0,-22.0,9.0,-23.0,9.0,-23.0,9.0,-23.0,8.0,-23.0,7.0,-24.0,7.0,-23.0,6.0,-24.0,6.0,-23.0,6.0,-23.0,5.0,-23.0,5.0,-23.0,5.0,-23.0,5.0,-22.0,5.0,-22.0,4.0,-22.0,4.0,-22.0,4.0,-21.0,4.0,-21.0,4.0,-20.0,4.0,-20.0,4.0,-19.0,5.0,-19.0,5.0,-19.0,5.0
3.6654,122.0,-96.0,7.0,0.0,0.0,0.0,0.0,0.0,0.0,0.0,0.0,0.0,-23.0,-9.0,-22.0,-8.0,-18.0,-7.0,-16.0,-6.0,-11.0,-5.0,-6.0,-3.0,-1.0,-2.0,4.0,-1.0,10.0,0.0,14.0,1.0,19.0,1.0,22.0,1.0,25.0,1.0,28.0,2.0,28.0,2.0,27.0,2.0,26.0,1.0,23.0,1.0,20.0,1.0,15.0,0.0,10.0,0.0,4.0,1.0,-1.0,1.0,-7.0,3.0,-12.0,4.0,-16.0,6.0
3.6798,122.0,-96.0,7.0,0.0,0.0,0.0,0.0,0.0,0.0,0.0,0.0,0.0,-4.0,10.0,-7.0,15.0,-9.0,20.0,-11.0,24.0,-12.0,28.0,-14.0,30.0,-14.0,31.0,-15.0,31.0,-14.0,30.0,-12.0,27.0,-10.0,23.0,-8.0,18.0,-6.0,12.0,-4.0,6.0,-3.0,-1.0,0.0,-7.0,1.0,-15.0,2.0,-21.0,3.0,-26.0,3.0,-30.0,4.0,-34.0,3.0,-36.0,3.0,-36.0,1.0,-34.0,1.0,-31.0,0.0,-27.0
3.6931,122.0,-96.0,7.0,0.0,0.0,0.0,0.0,0.0,0.0,0.0,0.0,0.0,5.0,8.0,8.0,12.0,9.0,16.0,11.0,20.0,13.0,22.0,14.0,25.0,15.0,26.0,15.0,26.0,15.0,25.0,13.0,22.0,11.0,19.0,9.0,15.0,6.0,10.0,2.0,5.0,-2.0,1.0,-6.0,-4.0,-10.0,-9.0,-14.0,-12.0,-18.0,-16.0,-20.0,-18.0,-23.0,-20.0,-24.0,-21.0,-24.0,-20.0,-24.0,-18.0,-22.0,-16.0,-20.0,-15.0
3.7076,122.0,-96.0,7.0,0.0,0.0,0.0,0.0,0.0,0.0,0.0,0.0,0.0,18.0,-5.0,18.0,-5.0,18.0,-5.0,18.0,-4.0,19.0,-3.0,18.0,-3.0,18.0,-3.0,18.0,-2.0,18.0,-2.0,19.0,-1.0,18.0,-1.0,18.0,-1.0,18.0,0.0,18.0,0.0,18.0,0.0,17.0,0.0,17.0,0.0,17.0,0.0,17.0,1.0,16.0,0.0,16.0,0.0,16.0,0.0,15.0,0.0,15.0,0.0,15.0,0.0,14.0,-1.0
3.7206,122.0,-96.0,7.0,0.0,0.0,0.0,0.0,0.0,0.0,0.0,0.0,0.0,7.0,4.0,11.0,7.0,14.0,9.0,18.0,11.0,20.0,12.0,22.0,14.0,23.0,14.0,23.0,14.0,22.0,14.0,20.0,12.0,17.0,10.0,13.0,8.0,9.0,6.0,4.0,3.0,-1.0,2.0,-6.0,-1.0,-11.0,-3.0,-16.0,-4.0,-20.0,-5.0,-24.0,-6.0,-27.0,-6.0,-28.0,-6.0,-28.0,-5.0,-27.0,-4.0,-24.0,-3.0,-22.0,-3.0
3.7347,122.0,-96.0,7.0,0.0,0.0,0.0,0.0,0.0,0.0,0.0,0.0,0.0,19.0,-9.0,25.0,-11.0,30.0,-13.0,32.0,-14.0,36.0,-16.0,37.0,-16.0,36.0,-16.0,34.0,-16.0,31.0,-14.0,27.0,-13.0,21.0,-10.0,15.0,-7.0,9.0,-3.0,1.0,1.0,-5.0,6.0,-12.0,10.0,-18.0,14.0,-23.0,19.0,-26.0,22.0,-29.0,25.0,-30.0,27.0,-30.0,28.0,-29.0,28.0,-27.0,26.0,-23.0,23.0,-20.0,20.0
3.7498,122.0,-96.0,7.0,0.0,0.0,0.0,0.0,0.0,0.0,0.0,0.0,0.0,15.0,-8.0,15.0,-7.0,15.0,-7.0,15.0,-7.0,16.0,-6.0,16.0,-6.0,16.0,-5.0,16.0,-5.0,16.0,-5.0,16.0,-4.0,16.0,-4.0,15.0,-4.0,16.0,-4.0,16.0,-4.0,15.0,-3.0,15.0,-3.0,14.0,-3.0,15.0,-3.0,15.0,-3.0,14.0,-3.0,14.0,-3.0,14.0,-3.0,14.0,-3.0,13.0,-3.0,13.0,-4.0,13.0,-4.0
3.7649,122.0,-96.0,7.0,0.0,0.0,0.0,0.0,0.0,0.0,0.0,0.0,0.0,6.0,-16.0,6.0,-16.0,6.0,-15.0,7.0,-16.0,7.0,-16.0,8.0,-16.0,8.0,-15.0,8.0,-15.0,9.0,-14.0,9.0,-14.0,9.0,-14.0,9.0,-14.0,9.0,-14.0,10.0,-14.0,10.0,-13.0,9.0,-13.0,9.0,-13.0,9.0,-13.0,9.0,-13.0,9.0,-12.0,9.0,-12.0,8.0,-12.0,8.0,-12.0,8.0,-12.0,8.0,-12.0,7.0,-12.0
3.7812,122.0,-96.0,7.0,0.0,0.0,0.0,0.0,0.0,0.0,0.0,0.0,0.0,17.0,-12.0,17.0,-11.0,17.0,-11.0,18.0,-11.0,18.0,-10.0,19.0,-10.0,18.0,-9.0,19.0,-9.0,19.0,-9.0,19.0,-9.0,19.0,-8.0,19.0,-8.0,18.0,-7.0,19.0,-7.0,19.0,-7.0,18.0,-6.0,17.0,-6.0,18.0,-6.0,18.0,-6.0,17.0,-6.0,17.0,-6.0,16.0,-7.0,16.0,-6.0,16.0,-6.0,16.0,-7.0,15.0,-7.0
3.7937,122.0,-96.0,7.0,0.0,0.0,0.0,0.0,0.0,0.0,0.0,0.0,0.0,-1.0,-10.0,-1.0,-16.0,-1.0,-19.0,-1.0,-24.0,-2.0,-27.0,-2.0,-30.0,-2.0,-30.0,-2.0,-31.0,-2.0,-30.0,-2.0,-26.0,-2.0,-23.0,-2.0,-19.0,-1.0,-13.0,0.0,-7.0,2.0,-2.0,3.0,5.0,5.0,11.0,7.0,15.0,9.0,21.0,10.0,24.0,12.0,27.0,12.0,28.0,13.0,27.0,13.0,25.0,13.0,23.0,11.0,20.0
3.8072,122.0,-96.0,7.0,0.0,0.0,0.0,0.0,0.0,0.0,0.0,0.0,0.0,26.0,15.0,27.0,17.0,27.0,16.0,26.0,15.0,24.0,14.0,21.0,12.0,17.0,11.0,11.0,7.0,6.0,5.0,0.0,2.0,-6.0,0.0,-12.0,-2.0,-18.0,-3.0,-24.0,-6.0,-29.0,-7.0,-32.0,-8.0,-35.0,-7.0,-35.0,-7.0,-35.0,-6.0,-33.0,-6.0,-30.0,-5.0,-26.0,-4.0,-21.0,-4.0,-14.0,-3.0,-8.0,-3.0,-1.0,-4.0
3.8209,122.0,-96.0,7.0,0.0,0.0,0.0,0.0,0.0,0.0,0.0,0.0,0.0,15.0,-20.0,17.0,-22.0,18.0,-23.0,17.0,-23.0,17.0,-23.0,16.0,-21.0,14.0,-19.0,10.0,-15.0,8.0,-11.0,5.0,-6.0,2.0,-1.0,-1.0,5.0,-3.0,10.0,-6.0,16.0,-8.0,21.0,-10.0,24.0,-10.0,27.0,-10.0,29.0,-9.0,30.0,-9.0,30.0,-7.0,27.0,-7.0,24.0,-6.0,20.0,-5.0,15.0,-4.0,10.0,-3.0,4.0
3.8372,122.0,-96.0,7.0,0.0,0.0,0.0,0.0,0.0,0.0,0.0,0.0,0.0,-16.0,-16.0,-15.0,-16.0,-15.0,-16.0,-15.0,-17.0,-14.0,-18.0,-14.0,-18.0,-14.0,-18.0,-13.0,-18.0,-13.0,-19.0,-12.0,-19.0,-12.0,-19.0,-11.0,-19.0,-11.0,-19.0,-11.0,-19.0,-10.0,-19.0,-10.0,-18.0,-10.0,-18.0,-10.0,-18.0,-10.0,-18.0,-10.0,-17.0,-10.0,-17.0,-10.0,-17.0,-9.0,-17.0,-9.0,-16.0,-10.0,-16.0,-10.0,-15.0
3.851,122.0,-96.0,7.0,0.0,0.0,0.0,0.0,0.0,0.0,0.0,0.0,0.0,-3.0,8.0,-3.0,3.0,-2.0,-2.0,-1.0,-8.0,-1.0,-14.0,-2.0,-19.0,-2.0,-23.0,-3.0,-27.0,-4.0,-29.0,-5.0,-31.0,-5.0,-31.0,-5.0,-30.0,-5.0,-29.0,-6.0,-25.0,-5.0,-21.0,-4.0,-15.0,-2.0,-10.0,0.0,-5.0,3.0,1.0,6.0,6.0,10.0,11.0,13.0,13.0,16.0,18.0,18.0,20.0,20.0,20.0,21.0,20.0
3.8647,122.0,-96.0,7.0,0.0,0.0,0.0,0.0,0.0,0.0,0.0,0.0,0.0,7.0,5.0,10.0,7.0,13.0,10.0,16.0,13.0,19.0,14.0,20.0,16.0,21.0,16.0,22.0,16.0,21.0,15.0,19.0,13.0,17.0,11.0,13.0,8.0,9.0,6.0,4.0,3.0,-1.0,2.0,-6.0,0.0,-12.0,-2.0,-16.0,-3.0,-20.0,-4.0,-24.0,-4.0,-27.0,-4.0,-28.0,-4.0,-28.0,-4.0,-27.0,-3.0,-25.0,-2.0,-22.0,-2.0
3.8799,122.0,-96.0,7.0,0.0,0.0,0.0,0.0,0.0,0.0,0.0,0.0,0.0,-5.0,-11.0,-7.0,-15.0,-8.0,-18.0,-9.0,-21.0,-10.0,-24.0,-11.0,-25.0,-11.0,-26.0,-11.0,-25.0,-10.0,-24.0,-10.0,-21.0,-8.0,-17.0,-6.0,-13.0,-4.0,-9.0,-1.0,-4.0,3.0,0.0,5.0,4.0,9.0,9.0,12.0,11.0,15.0,14.0,18.0,16.0,20.0,18.0,21.0,18.0,21.0,18.0,20.0,16.0,18.0,13.0,16.0,12.0
3.8939,122.0,-96.0,7.0,0.0,0.0,0.0,0.0,0.0,0.0,0.0,0.0,0.0,-9.0,13.0,-10.0,13.0,-10.0,13.0,-11.0,13.0,-11.0,12.0,-12.0,12.0,-12.0,12.0,-12.0,11.0,-12.0,11.0,-12.0,11.0,-12.0,11.0,-12.0,10.0,-13.0,10.0,-13.0,10.0,-13.0,9.0,-12.0,9.0,-12.0,9.0,-12.0,9.0,-12.0,9.0,-12.0,9.0,-12.0,9.0,-11.0,8.0,-12.0,9.0,-11.0,8.0,-11.0,9.0,-10.0,9.0
3.9076,122.0,-96.0,7.0,0.0,0.0,0.0,0.0,0.0,0.0,0.0,0.0,0.0,-16.0,-8.0,-21.0,-11.0,-25.0,-12.0,-27.0,-14.0,-30.0,-15.0,-31.0,-15.0,-31.0,-15.0,-30.0,-14.0,-28.0,-13.0,-24.0,-11.0,-19.0,-9.0,-14.0,-7.0,-8.0,-5.0,-1.0,-3.0,6.0,-2.0,12.0,-1.0,19.0,0.0,24.0,0.0,28.0,0.0,32.0,-1.0,34.0,-1.0,35.0,-2.0,34.0,-2.0,31.0,-3.0,27.0,-3.0,23.0,-3.0
3.9209,122.0,-96.0,7.0,0.0,0.0,0.0,0.0,0.0,0.0,0.0,0.0,0.0,-19.0,-17.0,-20.0,-18.0,-20.0,-18.0,-19.0,-17.0,-18.0,-16.0,-16.0,-13.0,-12.0,-11.0,-9.0,-8.0,-5.0,-6.0,0.0,-3.0,4.0,0.0,9.0,2.0,13.0,4.0,17.0,6.0,21.0,8.0,24.0,9.0,26.0,9.0,27.0,9.0,26.0,8.0,25.0,7.0,22.0,6.0,19.0,5.0,15.0,4.0,10.0,3.0,5.0,3.0,0.0,2.0
3.9341,122.0,-96.0,7.0,0.0,0.0,0.0,0.0,0.0,0.0,0.0,0.0,0.0,-7.0,-7.0,-3.0,-4.0,2.0,-1.0,7.0,2.0,11.0,5.0,16.0,7.0,20.0,8.0,24.0,10.0,27.0,10.0,28.0,10.0,28.0,10.0,28.0,10.0,27.0,9.0,24.0,6.0,20.0,6.0,14.0,4.0,9.0,3.0,3.0,2.0,-4.0,2.0,-9.0,2.0,-15.0,3.0,-19.0,4.0,-24.0,5.0,-27.0,6.0,-28.0,7.0,-30.0,9.0
3.9479,122.0,-96.0,7.0,0.0,0.0,0.0,0.0,0.0,0.0,0.0,0.0,0.0,-22.0,-1.0,-23.0,-2.0,-24.0,-2.0,-23.0,-1.0,-23.0,-1.0,-20.0,-1.0,-17.0,-1.0,-13.0,-1.0,-9.0,-1.0,-4.0,-2.0,1.0,-3.0,5.0,-4.0,10.0,-5.0,15.0,-5.0,18.0,-6.0,21.0,-7.0,23.0,-8.0,24.0,-9.0,23.0,-9.0,22.0,-9.0,20.0,-9.0,17.0,-8.0,14.0,-6.0,10.0,-4.0,6.0,-2.0,2.0,0.0
3.9618,122.0,-96.0,7.0,0.0,0.0,0.0,0.0,0.0,0.0,0.0,0.0,0.0,14.0,15.0,15.0,17.0,15.0,17.0,15.0,17.0,14.0,15.0,13.0,14.0,11.0,12.0,8.0,8.0,5.0,6.0,1.0,3.0,-3.0,0.0,-7.0,-2.0,-10.0,-5.0,-14.0,-8.0,-18.0,-10.0,-20.0,-11.0,-22.0,-12.0,-23.0,-12.0,-24.0,-12.0,-22.0,-11.0,-20.0,-9.0,-18.0,-9.0,-15.0,-7.0,-11.0,-6.0,-7.0,-4.0,-2.0,-3.0
3.9756,122.0,-96.0,7.0,0.0,0.0,0.0,0.0,0.0,0.0,0.0,0.0,0.0,-21.0,9.0,-24.0,9.0,-25.0,10.0,-24.0,10.0,-23.0,10.0,-22.0,9.0,-19.0,8.0,-15.0,6.0,-12.0,4.0,-7.0,1.0,-3.0,-2.0,2.0,-5.0,6.0,-8.0,10.0,-11.0,14.0,-14.0,17.0,-16.0,18.0,-19.0,19.0,-20.0,19.0,-21.0,18.0,-21.0,16.0,-20.0,15.0,-18.0,12.0,-15.0,10.0,-11.0,6.0,-7.0,3.0,-3.0
3.9892,122.0,-96.0,7.0,0.0,0.0,0.0,0.0,0.0,0.0,0.0,0.0,0.0,-22.0,19.0,-25.0,21.0,-25.0,21.0,-24.0,21.0,-23.0,20.0,-20.0,18.0,-18.0,15.0,-14.0,11.0,-10.0,7.0,-5.0,2.0,-2.0,-4.0,2.0,-9.0,5.0,-15.0,9.0,-20.0,13.0,-25.0,14.0,-28.0,15.0,-31.0,15.0,-32.0,14.0,-33.0,14.0,-31.0,11.0,-29.0,10.0,-26.0,8.0,-21.0,6.0,-16.0,4.0,-9.0,3.0,-3.0
4.0028,122.0,-96.0,7.0,0.0,0.0,0.0,0.0,0.0,0.0,0.0,0.0,0.0,-7.0,15.0,-7.0,15.0,-7.0,15.0,-7.0,15.0,-8.0,15.0,-8.0,16.0,-8.0,15.0,-9.0,16.0,-9.0,16.0,-9.0,16.0,-9.0,15.0,-9.0,16.0,-10.0,16.0,-10.0,15.0,-11.0,16.0,-10.0,16.0,-10.0,16.0,-11.0,16.0,-11.0,16.0,-10.0,16.0,-11.0,16.0,-10.0,15.0,-11.0,16.0,-10.0,15.0,-10.0,15.0,-10.0,15.0
4.0171,122.0,-96.0,7.0,0.0,0.0,0.0,0.0,0.0,0.0,0.0,0.0,0.0,-7.0,-26.0,-7.0,-28.0,-8.0,-29.0,-8.0,-28.0,-7.0,-27.0,-7.0,-24.0,-6.0,-20.0,-5.0,-15.0,-3.0,-11.0,0.0,-5.0,2.0,0.0,5.0,5.0,8.0,10.0,10.0,16.0,13.0,20.0,15.0,23.0,17.0,24.0,18.0,25.0,18.0,25.0,18.0,24.0,17.0,21.0,15.0,18.0,12.0,15.0,8.0,11.0,4.0,7.0,-1.0,3.0
4.0323,122.0,-96.0,7.0,0.0,0.0,0.0,0.0,0.0,0.0,0.0,0.0,0.0,5.0,-4.0,2.0,0.0,-3.0,4.0,-6.0,8.0,-9.0,13.0,-12.0,17.0,-14.0,20.0,-16.0,23.0,-16.0,25.0,-16.0,26.0,-16.0,26.0,-15.0,25.0,-14.0,23.0,-11.0,20.0,-10.0,16.0,-6.0,11.0,-4.0,6.0,-3.0,0.0,-2.0,-6.0,0.0,-12.0,0.0,-18.0,-1.0,-22.0,0.0,-26.0,-1.0,-28.0,-1.0,-30.0,-2.0,-31.0
4.0458,122.0,-96.0,7.0,0.0,0.0,0.0,0.0,0.0,0.0,0.0,0.0,0.0,20.0,2.0,20.0,3.0,20.0,2.0,20.0,4.0,20.0,4.0,20.0,4.0,19.0,5.0,20.0,6.0,19.0,6.0,19.0,7.0,19.0,7.0,18.0,7.0,18.0,7.0,18.0,8.0,17.0,8.0,17.0,7.0,17.0,8.0,17.0,8.0,16.0,7.0,16.0,7.0,16.0,7.0,16.0,7.0,16.0,7.0,15.0,7.0,15.0,6.0,15.0,5.0
4.0599,122.0,-96.0,7.0,0.0,0.0,0.0,0.0,0.0,0.0,0.0,0.0,0.0,7.0,-9.0,4.0,-3.0,0.0,3.0,-4.0,9.0,-7.0,15.0,-9.0,22.0,-11.0,27.0,-13.0,31.0,-13.0,35.0,-14.0,36.0,-13.0,37.0,-12.0,36.0,-11.0,34.0,-9.0,30.0,-8.0,25.0,-5.0,18.0,-4.0,11.0,-4.0,4.0,-3.0,-4.0,-3.0,-12.0,-4.0,-19.0,-5.0,-25.0,-5.0,-31.0,-7.0,-34.0,-8.0,-37.0,-9.0,-38.0
4.073,122.0,-96.0,7.0,0.0,0.0,0.0,0.0,0.0,0.0,0.0,0.0,0.0,22.0,-7.0,23.0,-6.0,22.0,-6.0,23.0,-5.0,23.0,-4.0,23.0,-4.0,22.0,-4.0,23.0,-3.0,23.0,-2.0,23.0,-2.0,23.0,-2.0,22.0,-2.0,22.0,-1.0,22.0,-1.0,22.0,-1.0,21.0,0.0,21.0,0.0,21.0,0.0,21.0,0.0,20.0,0.0,20.0,-1.0,20.0,-1.0,19.0,-1.0,19.0,-1.0,19.0,-2.0,19.0,-2.0
4.0869,122.0,-96.0,7.0,0.0,0.0,0.0,0.0,0.0,0.0,0.0,0.0,0.0,-12.0,19.0,-14.0,21.0,-14.0,22.0,-14.0,22.0,-13.0,21.0,-12.0,20.0,-11.0,17.0,-8.0,13.0,-7.0,10.0,-4.0,5.0,-3.0,0.0,-1.0,-5.0,1.0,-10.0,3.0,-15.0,5.0,-20.0,6.0,-23.0,6.0,-26.0,6.0,-28.0,5.0,-29.0,5.0,-28.0,4.0,-26.0,4.0,-23.0,3.0,-19.0,2.0,-15.0,2.0,-10.0,2.0,-5.0
4.0995,122.0,-96.0,7.0,0.0,0.0,0.0,0.0,0.0,0.0,0.0,0.0,0.0,-20.0,22.0,-22.0,24.0,-22.0,25.0,-21.0,24.0,-20.0,23.0,-18.0,20.0,-15.0,17.0,-12.0,13.0,-9.0,8.0,-5.0,3.0,-1.0,-3.0,2.0,-9.0,5.0,-15.0,9.0,-20.0,11.0,-25.0,13.0,-29.0,13.0,-31.0,14.0,-33.0,12.0,-33.0,12.0,-32.0,10.0,-30.0,9.0,-26.0,7.0,-21.0,6.0,-15.0,4.0,-9.0,3.0,-3.0
4.1136,122.0,-96.0,7.0,0.0,0.0,0.0,0.0,0.0,0.0,0.0,0.0,0.0,8.0,-6.0,12.0,-8.0,16.0,-10.0,20.0,-12.0,22.0,-14.0,25.0,-15.0,26.0,-16.0,26.0,-16.0,24.0,-15.0,22.0,-14.0,19.0,-13.0,15.0,-10.0,10.0,-7.0,5.0,-3.0,2.0,1.0,-3.0,4.0,-8.0,9.0,-11.0,13.0,-14.0,17.0,-17.0,20.0,-19.0,23.0,-19.0,25.0,-19.0,25.0,-17.0,24.0,-15.0,22.0,-13.0,20.0
4.1285,102.0,96.0,6.0,0.0,0.0,0.0,0.0,0.0,0.0,0.0,0.0,0.0,-5.0,11.0,-7.0,16.0,-9.0,19.0,-11.0,22.0,-12.0,25.0,-12.0,27.0,-12.0,27.0,-12.0,27.0,-11.0,25.0,-10.0,23.0,-8.0,19.0,-6.0,14.0,-4.0,8.0,-2.0,3.0,-2.0,-3.0,-1.0,-9.0,0.0,-15.0,0.0,-20.0,0.0,-24.0,1.0,-28.0,0.0,-31.0,0.0,-32.0,-1.0,-31.0,-2.0,-29.0,-2.0,-26.0,-2.0,-23.0
4.1416,123.0,-80.0,7.0,0.0,0.0,0.0,0.0,0.0,0.0,0.0,0.0,0.0,17.0,1.0,16.0,2.0,17.0,2.0,16.0,2.0,17.0,3.0,16.0,3.0,16.0,4.0,16.0,4.0,16.0,4.0,16.0,5.0,15.0,5.0,15.0,5.0,15.0,5.0,15.0,5.0,14.0,6.0,14.0,5.0,14.0,6.0,14.0,5.0,14.0,6.0,14.0,5.0,13.0,5.0,13.0,5.0,13.0,5.0,13.0,5.0,13.0,4.0,13.0,4.0
4.1546,102.0,96.0,6.0,0.0,0.0,0.0,0.0,0.0,0.0,0.0,0.0,0.0,-21.0,-14.0,-20.0,-12.0,-17.0,-10.0,-14.0,-9.0,-10.0,-7.0,-6.0,-4.0,-1.0,-2.0,4.0,0.0,9.0,2.0,14.0,3.0,18.0,4.0,21.0,5.0,24.0,5.0,27.0,6.0,28.0,5.0,27.0,5.0,25.0,4.0,23.0,4.0,19.0,3.0,15.0,1.0,10.0,1.0,4.0,1.0,-1.0,2.0,-7.0,2.0,-11.0,3.0,-15.0,5.0
4.169,122.0,-96.0,7.0,0.0,0.0,0.0,0.0,0.0,0.0,0.0,0.0,0.0,-1.0,-24.0,-1.0,-26.0,-1.0,-27.0,-1.0,-26.0,-1.0,-25.0,-1.0,-22.0,-1.0,-19.0,-1.0,-14.0,0.0,-10.0,0.0,-5.0,2.0,0.0,3.0,6.0,4.0,11.0,5.0,16.0,6.0,20.0,7.0,24.0,9.0,25.0,9.0,26.0,10.0,25.0,10.0,25.0,9.0,22.0,8.0,20.0,7.0,16.0,4.0,12.0,2.0,7.0,-1.0,3.0
4.1814,122.0,-96.0,7.0,0.0,0.0,0.0,0.0,0.0,0.0,0.0,0.0,0.0,-5.0,-4.0,0.0,-2.0,5.0,0.0,9.0,3.0,15.0,4.0,19.0,6.0,23.0,6.0,26.0,8.0,28.0,7.0,29.0,8.0,29.0,7.0,28.0,6.0,26.0,6.0,22.0,4.0,18.0,4.0,12.0,2.0,7.0,2.0,0.0,2.0,-6.0,2.0,-11.0,2.0,-17.0,4.0,-21.0,5.0,-26.0,5.0,-27.0,7.0,-29.0,7.0,-29.0,8.0
4.1956,122.0,-96.0,7.0,0.0,0.0,0.0,0.0,0.0,0.0,0.0,0.0,0.0,6.0,0.0,1.0,1.0,-6.0,2.0,-12.0,4.0,-17.0,6.0,-23.0,8.0,-26.0,9.0,-31.0,11.0,-32.0,12.0,-32.0,13.0,-32.0,14.0,-30.0,14.0,-29.0,13.0,-24.0,12.0,-20.0,9.0,-14.0,6.0,-8.0,3.0,-3.0,-1.0,3.0,-6.0,8.0,-11.0,11.0,-16.0,14.0,-19.0,17.0,-23.0,17.0,-26.0,18.0,-28.0,18.0,-29.0
4.2087,122.0,-96.0,7.0,0.0,0.0,0.0,0.0,0.0,0.0,0.0,0.0,0.0,-10.0,10.0,-15.0,13.0,-18.0,16.0,-21.0,19.0,-23.0,22.0,-25.0,23.0,-25.0,24.0,-25.0,23.0,-23.0,22.0,-20.0,19.0,-16.0,16.0,-13.0,12.0,-9.0,7.0,-5.0,2.0,-1.0,-4.0,3.0,-9.0,7.0,-15.0,9.0,-21.0,11.0,-25.0,13.0,-28.0,14.0,-31.0,14.0,-33.0,13.0,-32.0,11.0,-31.0,9.0,-28.0,8.0,-24.0
4.2225,122.0,-96.0,7.0,0.0,0.0,0.0,0.0,0.0,0.0,0.0,0.0,0.0,-12.0,11.0,-13.0,10.0,-13.0,10.0,-13.0,11.0,-13.0,10.0,-14.0,10.0,-14.0,9.0,-14.0,9.0,-14.0,8.0,-14.0,8.0,-14.0,8.0,-14.0,8.0,-14.0,8.0,-14.0,8.0,-14.0,7.0,-14.0,7.0,-14.0,7.0,-14.0,7.0,-13.0,7.0,-13.0,6.0,-13.0,6.0,-12.0,6.0,-13.0,6.0,-12.0,7.0,-11.0,7.0,-11.0,7.0
4.2357,122.0,-96.0,7.0,0.0,0.0,0.0,0.0,0.0,0.0,0.0,0.0,0.0,-8.0,-6.0,-3.0,-4.0,2.0,-1.0,6.0,1.0,12.0,4.0,17.0,5.0,21.0,6.0,25.0,7.0,27.0,8.0,29.0,8.0,29.0,7.0,29.0,7.0,27.0,7.0,24.0,5.0,20.0,4.0,15.0,3.0,9.0,2.0,3.0,2.0,-3.0,2.0,-9.0,2.0,-15.0,3.0,-19.0,4.0,-24.0,4.0,-27.0,6.0,-28.0,7.0,-30.0,8.0
4.2496,122.0,-96.0,7.0,0.0,0.0,0.0,0.0,0.0,0.0,0.0,0.0,0.0,-18.0,2.0,-19.0,2.0,-19.0,2.0,-19.0,1.0,-19.0,0.0,-19.0,0.0,-19.0,0.0,-19.0,-1.0,-19.0,-1.0,-19.0,-2.0,-19.0,-2.0,-18.0,-2.0,-18.0,-3.0,-18.0,-3.0,-18.0,-3.0,-18.0,-3.0,-17.0,-3.0,-17.0,-3.0,-17.0,-3.0,-16.0,-3.0,-16.0,-3.0,-16.0,-2.0,-16.0,-2.0,-15.0,-3.0,-15.0,-2.0,-15.0,-2.0
4.2628,122.0,-96.0,7.0,0.0,0.0,0.0,0.0,0.0,0.0,0.0,0.0,0.0,8.0,21.0,8.0,21.0,7.0,22.0,7.0,22.0,6.0,22.0,5.0,22.0,5.0,21.0,4.0,22.0,4.0,22.0,3.0,22.0,3.0,22.0,2.0,22.0,2.0,21.0,2.0,22.0,2.0,22.0,2.0,21.0,2.0,20.0,1.0,21.0,2.0,20.0,2.0,20.0,2.0,19.0,2.0,19.0,2.0,19.0,2.0,18.0,3.0,18.0,3.0,17.0
4.2768,122.0,-96.0,7.0,0.0,0.0,0.0,0.0,0.0,0.0,0.0,0.0,0.0,5.0,9.0,6.0,13.0,8.0,17.0,9.0,19.0,11.0,22.0,11.0,24.0,11.0,24.0,11.0,24.0,11.0,22.0,9.0,19.0,8.0,16.0,6.0,12.0,3.0,8.0,1.0,3.0,-3.0,-1.0,-6.0,-5.0,-9.0,-10.0,-13.0,-13.0,-15.0,-16.0,-17.0,-18.0,-19.0,-19.0,-20.0,-20.0,-20.0,-19.0,-20.0,-17.0,-18.0,-15.0,-16.0,-13.0
4.2897,122.0,-96.0,7.0,0.0,0.0,0.0,0.0,0.0,0.0,0.0,0.0,0.0,8.0,4.0,3.0,2.0,-3.0,0.0,-8.0,-1.0,-13.0,-3.0,-19.0,-4.0,-22.0,-4.0,-27.0,-5.0,-29.0,-4.0,-31.0,-5.0,-31.0,-4.0,-31.0,-4.0,-29.0,-4.0,-25.0,-2.0,-21.0,-2.0,-16.0,-1.0,-10.0,-1.0,-4.0,-2.0,2.0,-3.0,8.0,-4.0,13.0,-6.0,17.0,-8.0,22.0,-9.0,24.0,-11.0,26.0,-12.0,27.0,-13.0
4.3029,122.0,-96.0,7.0,0.0,0.0,0.0,0.0,0.0,0.0,0.0,0.0,0.0,10.0,14.0,10.0,15.0,9.0,14.0,9.0,15.0,9.0,15.0,9.0,16.0,8.0,15.0,8.0,16.0,7.0,16.0,7.0,15.0,7.0,16.0,7.0,16.0,6.0,15.0,6.0,15.0,6.0,16.0,5.0,15.0,5.0,15.0,5.0,15.0,5.0,15.0,5.0,14.0,5.0,14.0,5.0,14.0,5.0,14.0,5.0,13.0,5.0,13.0,6.0,13.0
4.3174,122.0,-96.0,7.0,0.0,0.0,0.0,0.0,0.0,0.0,0.0,0.0,0.0,6.0,-11.0,4.0,-7.0,1.0,-2.0,-1.0,4.0,-3.0,10.0,-4.0,15.0,-5.0,19.0,-7.0,24.0,-7.0,26.0,-7.0,28.0,-7.0,30.0,-6.0,30.0,-6.0,29.0,-4.0,26.0,-4.0,22.0,-3.0,17.0,-3.0,12.0,-2.0,5.0,-3.0,-1.0,-3.0,-7.0,-5.0,-12.0,-5.0,-17.0,-7.0,-22.0,-8.0,-25.0,-9.0,-27.0,-10.0,-29.0
4.33,122.0,-96.0,7.0,0.0,0.0,0.0,0.0,0.0,0.0,0.0,0.0,0.0,9.0,25.0,8.0,22.0,7.0,20.0,6.0,17.0,4.0,12.0,1.0,6.0,-2.0,2.0,-3.0,-4.0,-6.0,-9.0,-11.0,-13.0,-12.0,-18.0,-16.0,-20.0,-18.0,-23.0,-19.0,-24.0,-20.0,-25.0,-20.0,-24.0,-19.0,-23.0,-18.0,-21.0,-16.0,-18.0,-12.0,-14.0,-7.0,-9.0,-3.0,-5.0,1.0,-2.0,7.0,1.0,11.0,5.0,16.0,6.0
4.3434,122.0,-96.0,7.0,0.0,0.0,0.0,0.0,0.0,0.0,0.0,0.0,0.0,-15.0,17.0,-13.0,16.0,-12.0,13.0,-9.0,10.0,-6.0,6.0,-3.0,2.0,-1.0,-2.0,2.0,-7.0,5.0,-12.0,7.0,-15.0,9.0,-19.0,10.0,-22.0,10.0,-24.0,12.0,-26.0,11.0,-26.0,10.0,-25.0,9.0,-24.0,8.0,-21.0,7.0,-18.0,5.0,-13.0,3.0,-8.0,2.0,-3.0,1.0,3.0,0.0,8.0,0.0,12.0,0.0,17.0
4.357,122.0,-96.0,7.0,0.0,0.0,0.0,0.0,0.0,0.0,0.0,0.0,0.0,19.0,9.0,19.0,10.0,19.0,10.0,18.0,10.0,18.0,12.0,18.0,12.0,18.0,12.0,17.0,12.0,17.0,13.0,16.0,13.0,16.0,13.0,16.0,13.0,16.0,13.0,16.0,13.0,15.0,14.0,15.0,13.0,15.0,13.0,14.0,14.0,14.0,13.0,14.0,13.0,13.0,13.0,13.0,12.0,13.0,12.0,14.0,12.0,13.0,11.0,14.0,11.0
4.3715,122.0,-96.0,7.0,0.0,0.0,0.0,0.0,0.0,0.0,0.0,0.0,0.0,21.0,-13.0,22.0,-13.0,22.0,-13.0,21.0,-13.0,19.0,-11.0,17.0,-10.0,14.0,-8.0,9.0,-6.0,6.0,-3.0,1.0,0.0,-3.0,3.0,-7.0,6.0,-11.0,10.0,-15.0,12.0,-18.0,15.0,-20.0,17.0,-21.0,19.0,-21.0,19.0,-20.0,19.0,-19.0,18.0,-16.0,17.0,-14.0,14.0,-12.0,11.0,-9.0,7.0,-5.0,3.0,-3.0,-1.0
4.3878,122.0,-96.0,7.0,0.0,0.0,0.0,0.0,0.0,0.0,0.0,0.0,0.0,-14.0,-11.0,-14.0,-11.0,-14.0,-12.0,-13.0,-12.0,-13.0,-12.0,-12.0,-13.0,-12.0,-13.0,-12.0,-13.0,-11.0,-13.0,-11.0,-14.0,-11.0,-14.0,-11.0,-14.0,-10.0,-14.0,-10.0,-14.0,-10.0,-14.0,-10.0,-14.0,-10.0,-13.0,-9.0,-14.0,-9.0,-13.0,-9.0,-13.0,-9.0,-13.0,-9.0,-12.0,-9.0,-12.0,-9.0,-12.0,-9.0,-12.0,-9.0,-11.0
4.4034,122.0,-96.0,7.0,0.0,0.0,0.0,0.0,0.0,0.0,0.0,0.0,0.0,-6.0,-26.0,-6.0,-23.0,-5.0,-19.0,-4.0,-15.0,-3.0,-10.0,-1.0,-5.0,2.0,0.0,4.0,6.0,6.0,12.0,8.0,16.0,10.0,20.0,12.0,23.0,13.0,25.0,14.0,27.0,15.0,27.0,15.0,26.0,14.0,24.0,12.0,21.0,10.0,17.0,8.0,13.0,4.0,8.0,0.0,3.0,-4.0,-1.0,-9.0,-6.0,-12.0,-9.0,-16.0,-12.0
4.417,122.0,-96.0,7.0,0.0,0.0,0.0,0.0,0.0,0.0,0.0,0.0,0.0,-18.0,7.0,-19.0,7.0,-19.0,6.0,-19.0,6.0,-19.0,5.0,-19.0,5.0,-19.0,5.0,-19.0,4.0,-19.0,4.0,-19.0,3.0,-19.0,3.0,-19.0,3.0,-19.0,3.0,-19.0,2.0,-19.0,2.0,-18.0,2.0,-18.0,2.0,-18.0,1.0,-18.0,1.0,-17.0,2.0,-17.0,2.0,-17.0,1.0,-16.0,2.0,-16.0,2.0,-16.0,2.0,-16.0,2.0
4.4321,122.0,-96.0,7.0,0.0,0.0,0.0,0.0,0.0,0.0,0.0,0.0,0.0,-17.0,14.0,-18.0,15.0,-19.0,15.0,-18.0,15.0,-17.0,14.0,-15.0,12.0,-13.0,10.0,-10.0,8.0,-7.0,5.0,-4.0,1.0,-1.0,-2.0,2.0,-6.0,5.0,-10.0,9.0,-13.0,11.0,-16.0,13.0,-18.0,13.0,-21.0,14.0,-22.0,13.0,-22.0,13.0,-21.0,11.0,-19.0,10.0,-17.0,8.0,-14.0,6.0,-10.0,4.0,-6.0,2.0,-2.0
4.4455,122.0,-96.0,7.0,0.0,0.0,0.0,0.0,0.0,0.0,0.0,0.0,0.0,3.0,17.0,3.0,17.0,3.0,17.0,2.0,17.0,2.0,18.0,1.0,18.0,1.0,17.0,0.0,18.0,0.0,17.0,0.0,17.0,-1.0,17.0,-1.0,17.0,-1.0,17.0,-2.0,17.0,-2.0,17.0,-1.0,16.0,-2.0,16.0,-2.0,16.0,-2.0,16.0,-1.0,15.0,-1.0,15.0,-1.0,15.0,-1.0,15.0,-1.0,14.0,-1.0,15.0,-1.0,14.0
4.4579,122.0,-96.0,7.0,0.0,0.0,0.0,0.0,0.0,0.0,0.0,0.0,0.0,23.0,4.0,25.0,4.0,26.0,5.0,25.0,4.0,24.0,4.0,21.0,3.0,18.0,3.0,13.0,2.0,9.0,2.0,3.0,1.0,-2.0,1.0,-7.0,1.0,-12.0,1.0,-18.0,1.0,-22.0,1.0,-26.0,1.0,-27.0,2.0,-29.0,2.0,-29.0,3.0,-27.0,2.0,-25.0,3.0,-22.0,2.0,-18.0,2.0,-13.0,1.0,-8.0,0.0,-3.0,-2.0
4.472,122.0,-96.0,7.0,0.0,0.0,0.0,0.0,0.0,0.0,0.0,0.0,0.0,15.0,10.0,15.0,11.0,15.0,11.0,15.0,12.0,15.0,12.0,14.0,13.0,14.0,12.0,13.0,13.0,13.0,13.0,13.0,13.0,13.0,14.0,12.0,14.0,12.0,14.0,12.0,14.0,11.0,14.0,11.0,14.0,11.0,13.0,10.0,14.0,11.0,13.0,11.0,13.0,10.0,13.0,10.0,12.0,10.0,12.0,10.0,12.0,10.0,11.0,11.0,11.0
4.4856,122.0,-96.0,7.0,0.0,0.0,0.0,0.0,0.0,0.0,0.0,0.0,0.0,9.0,-11.0,11.0,-14.0,13.0,-17.0,15.0,-18.0,16.0,-21.0,17.0,-21.0,17.0,-21.0,17.0,-20.0,16.0,-19.0,13.0,-16.0,10.0,-13.0,7.0,-9.0,4.0,-5.0,1.0,0.0,-2.0,4.0,-4.0,9.0,-7.0,13.0,-9.0,17.0,-10.0,20.0,-11.0,23.0,-12.0,25.0,-12.0,26.0,-11.0,25.0,-9.0,23.0,-8.0,21.0,-7.0,17.0
4.4997,122.0,-96.0,7.0,0.0,0.0,0.0,0.0,0.0,0.0,0.0,0.0,0.0,3.0,13.0,4.0,17.0,5.0,20.0,5.0,23.0,6.0,25.0,6.0,26.0,6.0,26.0,6.0,25.0,5.0,23.0,5.0,19.0,4.0,15.0,3.0,11.0,1.0,6.0,-1.0,0.0,-4.0,-4.0,-6.0,-9.0,-8.0,-13.0,-11.0,-17.0,-12.0,-20.0,-14.0,-22.0,-15.0,-24.0,-16.0,-24.0,-16.0,-23.0,-15.0,-21.0,-14.0,-18.0,-12.0,-16.0
4.5143,122.0,-96.0,7.0,0.0,0.0,0.0,0.0,0.0,0.0,0.0,0.0,0.0,-30.0,19.0,-33.0,20.0,-32.0,20.0,-31.0,19.0,-28.0,17.0,-25.0,15.0,-21.0,12.0,-15.0,8.0,-9.0,4.0,-3.0,-2.0,3.0,-6.0,9.0,-11.0,14.0,-16.0,19.0,-20.0,23.0,-25.0,26.0,-27.0,27.0,-30.0,28.0,-31.0,27.0,-31.0,25.0,-29.0,22.0,-27.0,19.0,-23.0,15.0,-18.0,11.0,-12.0,6.0,-7.0,3.0,0.0
4.5378,122.0,-96.0,7.0,0.0,0.0,0.0,0.0,0.0,0.0,0.0,0.0,0.0,17.0,2.0,18.0,3.0,18.0,3.0,18.0,3.0,17.0,3.0,16.0,2.0,13.0,1.0,9.0,1.0,6.0,1.0,2.0,1.0,-2.0,1.0,-6.0,0.0,-10.0,0.0,-13.0,1.0,-17.0,0.0,-19.0,1.0,-20.0,1.0,-21.0,2.0,-21.0,2.0,-21.0,2.0,-19.0,2.0,-17.0,1.0,-13.0,1.0,-11.0,0.0,-7.0,0.0,-3.0,-2.0
4.5618,122.0,-96.0,7.0,0.0,0.0,0.0,0.0,0.0,0.0,0.0,0.0,0.0,23.0,6.0,24.0,6.0,24.0,7.0,22.0,6.0,21.0,6.0,18.0,5.0,14.0,4.0,9.0,3.0,5.0,2.0,0.0,1.0,-5.0,0.0,-10.0,-1.0,-15.0,-1.0,-19.0,-2.0,-23.0,-2.0,-26.0,-2.0,-27.0,-2.0,-28.0,-1.0,-28.0,-1.0,-27.0,-1.0,-24.0,0.0,-21.0,-1.0,-16.0,-1.0,-12.0,-1.0,-7.0,-2.0,-2.0,-3.0
4.5827,122.0,-96.0,7.0,0.0,0.0,0.0,0.0,0.0,0.0,0.0,0.0,0.0,9.0,-3.0,11.0,-4.0,13.0,-4.0,15.0,-5.0,16.0,-6.0,16.0,-5.0,17.0,-6.0,15.0,-5.0,15.0,-5.0,13.0,-5.0,9.0,-3.0,6.0,-2.0,4.0,-2.0,0.0,0.0,-3.0,1.0,-6.0,3.0,-9.0,6.0,-11.0,7.0,-14.0,8.0,-15.0,9.0,-16.0,10.0,-16.0,10.0,-15.0,11.0,-14.0,10.0,-13.0,9.0,-11.0,8.0
4.5975,122.0,-96.0,7.0,0.0,0.0,0.0,0.0,0.0,0.0,0.0,0.0,0.0,-19.0,13.0,-20.0,13.0,-20.0,12.0,-21.0,12.0,-21.0,12.0,-21.0,11.0,-21.0,11.0,-22.0,10.0,-21.0,9.0,-21.0,9.0,-22.0,9.0,-22.0,8.0,-21.0,8.0,-22.0,8.0,-21.0,7.0,-21.0,8.0,-20.0,7.0,-21.0,7.0,-20.0,7.0,-19.0,7.0,-19.0,7.0,-19.0,7.0,-19.0,7.0,-19.0,7.0,-18.0,7.0,-17.0,7.0
4.6102,122.0,-96.0,7.0,0.0,0.0,0.0,0.0,0.0,0.0,0.0,0.0,0.0,-3.0,16.0,-3.0,17.0,-4.0,16.0,-4.0,17.0,-4.0,16.0,-5.0,16.0,-5.0,16.0,-5.0,16.0,-5.0,16.0,-6.0,16.0,-6.0,15.0,-6.0,15.0,-6.0,15.0,-7.0,15.0,-7.0,15.0,-7.0,14.0,-7.0,14.0,-7.0,14.0,-7.0,14.0,-6.0,14.0,-6.0,13.0,-6.0,13.0,-6.0,13.0,-6.0,13.0,-6.0,13.0,-5.0,13.0
4.6324,122.0,-96.0,7.0,0.0,0.0,0.0,0.0,0.0,0.0,0.0,0.0,0.0,2.0,8.0,3.0,11.0,3.0,13.0,4.0,15.0,5.0,16.0,4.0,17.0,4.0,17.0,4.0,16.0,4.0,15.0,4.0,12.0,3.0,10.0,2.0,7.0,0.0,4.0,-1.0,0.0,-3.0,-3.0,-4.0,-6.0,-6.0,-9.0,-8.0,-11.0,-9.0,-13.0,-10.0,-15.0,-11.0,-15.0,-12.0,-16.0,-12.0,-15.0,-11.0,-14.0,-10.0,-13.0,-9.0,-11.0
4.654,122.0,-96.0,7.0,0.0,0.0,0.0,0.0,0.0,0.0,0.0,0.0,0.0,-17.0,5.0,-19.0,5.0,-19.0,5.0,-19.0,5.0,-18.0,5.0,-17.0,5.0,-15.0,4.0,-12.0,3.0,-9.0,2.0,-5.0,0.0,-2.0,-1.0,2.0,-3.0,6.0,-4.0,9.0,-6.0,12.0,-8.0,15.0,-9.0,17.0,-11.0,17.0,-11.0,18.0,-11.0,17.0,-11.0,15.0,-10.0,14.0,-10.0,12.0,-9.0,9.0,-7.0,6.0,-4.0,3.0,-1.0
4.6786,122.0,-96.0,7.0,0.0,0.0,0.0,0.0,0.0,0.0,0.0,0.0,0.0,6.0,0.0,2.0,0.0,-2.0,0.0,-6.0,0.0,-11.0,0.0,-14.0,1.0,-17.0,1.0,-20.0,1.0,-22.0,1.0,-24.0,2.0,-23.0,2.0,-23.0,2.0,-22.0,2.0,-19.0,2.0,-16.0,1.0,-12.0,1.0,-7.0,0.0,-4.0,-1.0,1.0,-2.0,5.0,-4.0,9.0,-5.0,12.0,-8.0,16.0,-9.0,18.0,-10.0,19.0,-11.0,20.0,-12.0
4.7001,122.0,-96.0,7.0,0.0,0.0,0.0,0.0,0.0,0.0,0.0,0.0,0.0,3.0,16.0,3.0,17.0,3.0,19.0,4.0,19.0,4.0,18.0,3.0,16.0,3.0,14.0,2.0,10.0,1.0,8.0,0.0,4.0,-1.0,0.0,-3.0,-3.0,-4.0,-7.0,-6.0,-11.0,-7.0,-14.0,-8.0,-16.0,-10.0,-18.0,-11.0,-18.0,-11.0,-18.0,-11.0,-19.0,-11.0,-17.0,-10.0,-15.0,-8.0,-13.0,-7.0,-10.0,-4.0,-7.0,-1.0,-4.0
4.7136,122.0,-96.0,7.0,0.0,0.0,0.0,0.0,0.0,0.0,0.0,0.0,0.0,5.0,18.0,5.0,18.0,5.0,18.0,4.0,19.0,4.0,19.0,3.0,19.0,3.0,19.0,2.0,19.0,2.0,18.0,2.0,19.0,1.0,19.0,1.0,19.0,1.0,18.0,0.0,18.0,0.0,18.0,0.0,18.0,0.0,18.0,0.0,17.0,0.0,17.0,0.0,17.0,0.0,16.0,0.0,16.0,0.0,16.0,0.0,16.0,1.0,15.0,1.0,15.0
4.7339,122.0,-96.0,7.0,0.0,0.0,0.0,0.0,0.0,0.0,0.0,0.0,0.0,5.0,2.0,7.0,3.0,9.0,5.0,12.0,7.0,13.0,7.0,15.0,8.0,15.0,8.0,16.0,8.0,15.0,8.0,13.0,7.0,11.0,5.0,9.0,4.0,6.0,3.0,3.0,1.0,-1.0,1.0,-4.0,0.0,-8.0,-2.0,-11.0,-2.0,-14.0,-3.0,-16.0,-3.0,-18.0,-3.0,-19.0,-3.0,-19.0,-3.0,-19.0,-2.0,-17.0,-2.0,-16.0,-2.0
4.7574,122.0,-96.0,7.0,0.0,0.0,0.0,0.0,0.0,0.0,0.0,0.0,0.0,-3.0,2.0,-1.0,-1.0,1.0,-3.0,3.0,-7.0,5.0,-10.0,6.0,-13.0,7.0,-15.0,8.0,-17.0,8.0,-18.0,9.0,-19.0,8.0,-19.0,7.0,-18.0,7.0,-17.0,6.0,-14.0,5.0,-12.0,3.0,-8.0,2.0,-5.0,1.0,-1.0,0.0,3.0,-1.0,7.0,-1.0,11.0,-1.0,13.0,-1.0,17.0,-1.0,19.0,-1.0,20.0,0.0,20.0
4.7782,122.0,-96.0,7.0,0.0,0.0,0.0,0.0,0.0,0.0,0.0,0.0,0.0,7.0,-1.0,10.0,-1.0,12.0,-1.0,15.0,-1.0,16.0,-1.0,17.0,-2.0,18.0,-2.0,17.0,-1.0,16.0,-1.0,14.0,-2.0,11.0,-1.0,8.0,-1.0,6.0,-1.0,2.0,0.0,-2.0,0.0,-5.0,2.0,-9.0,3.0,-11.0,3.0,-14.0,4.0,-16.0,5.0,-18.0,6.0,-18.0,6.0,-18.0,7.0,-17.0,7.0,-15.0,7.0,-14.0,5.0
4.8013,122.0,-96.0,7.0,0.0,0.0,0.0,0.0,0.0,0.0,0.0,0.0,0.0,5.0,4.0,7.0,6.0,9.0,9.0,11.0,10.0,12.0,10.0,13.0,12.0,13.0,12.0,13.0,11.0,12.0,11.0,11.0,9.0,9.0,8.0,7.0,5.0,4.0,3.0,1.0,1.0,-2.0,-1.0,-5.0,-3.0,-8.0,-5.0,-11.0,-6.0,-14.0,-7.0,-15.0,-8.0,-17.0,-8.0,-18.0,-9.0,-17.0,-8.0,-17.0,-7.0,-16.0,-7.0,-14.0,-6.0
4.8252,122.0,-96.0,7.0,0.0,0.0,0.0,0.0,0.0,0.0,0.0,0.0,0.0,5.0,2.0,-1.0,0.0,-7.0,-2.0,-12.0,-3.0,-18.0,-5.0,-23.0,-6.0,-28.0,-7.0,-30.0,-7.0,-33.0,-8.0,-34.0,-7.0,-33.0,-7.0,-31.0,-6.0,-29.0,-4.0,-25.0,-4.0,-20.0,-3.0,-13.0,-3.0,-8.0,-3.0,-2.0,-3.0,6.0,-2.0,12.0,-4.0,18.0,-4.0,22.0,-6.0,27.0,-6.0,31.0,-8.0,31.0,-8.0,33.0,-9.0
4.8478,122.0,-96.0,7.0,0.0,0.0,0.0,0.0,0.0,0.0,0.0,0.0,0.0,3.0,-12.0,4.0,-15.0,5.0,-17.0,5.0,-19.0,6.0,-21.0,6.0,-22.0,6.0,-22.0,5.0,-21.0,5.0,-19.0,4.0,-17.0,3.0,-13.0,2.0,-9.0,1.0,-6.0,0.0,-1.0,0.0,3.0,-1.0,8.0,-2.0,13.0,-2.0,16.0,-1.0,19.0,-1.0,21.0,0.0,22.0,-1.0,23.0,0.0,23.0,0.0,22.0,1.0,19.0,0.0,16.0
4.8702,122.0,-96.0,7.0,0.0,0.0,0.0,0.0,0.0,0.0,0.0,0.0,0.0,9.0,12.0,7.0,10.0,6.0,8.0,4.0,6.0,2.0,3.0,-1.0,-1.0,-4.0,-3.0,-6.0,-6.0,-8.0,-8.0,-11.0,-10.0,-13.0,-12.0,-14.0,-14.0,-15.0,-14.0,-16.0,-15.0,-16.0,-14.0,-15.0,-13.0,-14.0,-11.0,-12.0,-10.0,-10.0,-8.0,-7.0,-7.0,-4.0,-4.0,0.0,-2.0,4.0,0.0,7.0,2.0,10.0,4.0,13.0,5.0
4.8957,122.0,-96.0,7.0,0.0,0.0,0.0,0.0,0.0,0.0,0.0,0.0,0.0,2.0,-3.0,0.0,0.0,-3.0,2.0,-6.0,6.0,-8.0,9.0,-11.0,12.0,-12.0,14.0,-14.0,16.0,-14.0,17.0,-15.0,18.0,-14.0,18.0,-13.0,17.0,-12.0,16.0,-11.0,14.0,-9.0,11.0,-6.0,7.0,-3.0,4.0,-3.0,0.0,0.0,-4.0,2.0,-9.0,3.0,-12.0,4.0,-16.0,5.0,-19.0,5.0,-22.0,5.0,-23.0,5.0,-23.0
4.9118,122.0,-96.0,7.0,0.0,0.0,0.0,0.0,0.0,0.0,0.0,0.0,0.0,11.0,-16.0,11.0,-15.0,12.0,-16.0,12.0,-15.0,13.0,-15.0,13.0,-14.0,13.0,-14.0,14.0,-13.0,14.0,-13.0,14.0,-13.0,14.0,-13.0,14.0,-12.0,14.0,-12.0,14.0,-11.0,14.0,-11.0,14.0,-11.0,13.0,-11.0,14.0,-11.0,13.0,-10.0,13.0,-11.0,13.0,-10.0,12.0,-10.0,13.0,-10.0,12.0,-10.0,12.0,-10.0,11.0,-11.0
4.9354,122.0,-96.0,7.0,0.0,0.0,0.0,0.0,0.0,0.0,0.0,0.0,0.0,-8.0,14.0,-8.0,15.0,-9.0,14.0,-8.0,14.0,-8.0,13.0,-7.0,11.0,-6.0,9.0,-4.0,6.0,-3.0,3.0,-1.0,0.0,0.0,-3.0,1.0,-7.0,3.0,-10.0,4.0,-13.0,4.0,-15.0,5.0,-17.0,6.0,-18.0,6.0,-19.0,5.0,-18.0,5.0,-17.0,4.0,-15.0,4.0,-14.0,3.0,-11.0,2.0,-8.0,1.0,-4.0,1.0,-1.0
4.9601,122.0,-96.0,7.0,0.0,0.0,0.0,0.0,0.0,0.0,0.0,0.0,0.0,17.0,-3.0,15.0,-3.0,12.0,-2.0,8.0,-1.0,4.0,-1.0,0.0,0.0,-4.0,1.0,-9.0,2.0,-13.0,2.0,-16.0,4.0,-19.0,4.0,-20.0,5.0,-22.0,6.0,-23.0,6.0,-22.0,6.0,-21.0,6.0,-19.0,6.0,-17.0,5.0,-13.0,4.0,-10.0,2.0,-6.0,0.0,-2.0,-2.0,3.0,-4.0,6.0,-6.0,10.0,-8.0,12.0,-10.0
4.9826,122.0,-96.0,7.0,0.0,0.0,0.0,0.0,0.0,0.0,0.0,0.0,0.0,2.0,9.0,2.0,12.0,3.0,16.0,4.0,18.0,4.0,20.0,4.0,22.0,4.0,21.0,4.0,22.0,4.0,20.0,3.0,17.0,3.0,14.0,2.0,10.0,1.0,7.0,-1.0,2.0,-2.0,-2.0,-4.0,-7.0,-4.0,-10.0,-6.0,-14.0,-8.0,-17.0,-9.0,-20.0,-10.0,-21.0,-11.0,-22.0,-11.0,-22.0,-11.0,-20.0,-11.0,-19.0,-9.0,-16.0
4.9966,122.0,-96.0,7.0,0.0,0.0,0.0,0.0,0.0,0.0,0.0,0.0,0.0,2.0,-17.0,3.0,-18.0,3.0,-17.0,4.0,-18.0,4.0,-17.0,5.0,-18.0,5.0,-16.0,5.0,-17.0,6.0,-16.0,6.0,-16.0,6.0,-16.0,6.0,-16.0,6.0,-15.0,6.0,-16.0,6.0,-16.0,6.0,-15.0,7.0,-15.0,6.0,-14.0,6.0,-14.0,6.0,-14.0,6.0,-14.0,6.0,-14.0,5.0,-13.0,5.0,-13.0,5.0,-13.0,4.0,-13.0
5.0188,122.0,-96.0,7.0,0.0,0.0,0.0,0.0,0.0,0.0,0.0,0.0,0.0,-18.0,4.0,-19.0,4.0,-19.0,3.0,-18.0,4.0,-16.0,3.0,-15.0,3.0,-12.0,3.0,-8.0,2.0,-5.0,0.0,-1.0,-1.0,2.0,-3.0,6.0,-4.0,10.0,-5.0,13.0,-6.0,15.0,-7.0,17.0,-8.0,18.0,-9.0,18.0,-9.0,18.0,-9.0,18.0,-9.0,15.0,-8.0,13.0,-7.0,10.0,-6.0,8.0,-4.0,4.0,-2.0,1.0,0.0
