time,sc_0,sc_1,sc_2,sc_3,sc_4,sc_5,sc_6,sc_7,sc_8,sc_9,sc_10,sc_11,sc_12,sc_13,sc_14,sc_15,sc_16,sc_17,sc_18,sc_19,sc_20,sc_21,sc_22,sc_23,sc_24,sc_25,sc_26,sc_27,sc_28,sc_29,sc_30,sc_31,sc_32,sc_33,sc_34,sc_35,sc_36,sc_37,sc_38,sc_39,sc_40,sc_41,sc_42,sc_43,sc_44,sc_45,sc_46,sc_47,sc_48,sc_49,sc_50,sc_51,sc_52,sc_53,sc_54,sc_55,sc_56,sc_57,sc_58,sc_59,sc_60,sc_61,sc_62,sc_63
0.0105,122.0,-96.0,7.0,0.0,0.0,0.0,0.0,0.0,0.0,0.0,0.0,0.0,18.0,-2.0,18.0,-1.0,18.0,-1.0,19.0,0.0,19.0,0.0,19.0,1.0,18.0,1.0,18.0,2.0,18.0,2.0,18.0,2.0,18.0,2.0,18.0,2.0,18.0,3.0,18.0,3.0,18.0,3.0,17.0,4.0,17.0,4.0,17.0,3.0,17.0,4.0,16.0,3.0,16.0,3.0,15.0,3.0,15.0,3.0,15.0,3.0,15.0,2.0,15.0,2.0
0.0176,122.0,-96.0,7.0,0.0,0.0,0.0,0.0,0.0,0.0,0.0,0.0,0.0,-12.0,24.0,-10.0,20.0,-8.0,16.0,-7.0,12.0,-5.0,6.0,-4.0,-1.0,-3.0,-7.0,-3.0,-14.0,-2.0,-20.0,-3.0,-24.0,-3.0,-30.0,-4.0,-32.0,-5.0,-34.0,-5.0,-36.0,-6.0,-35.0,-7.0,-32.0,-6.0,-30.0,-6.0,-25.0,-4.0,-20.0,-3.0,-15.0,0.0,-9.0,3.0,-3.0,7.0,3.0,11.0,8.0,15.0,12.0,19.0,15.0
0.0245,122.0,-96.0,7.0,0.0,0.0,0.0,0.0,0.0,0.0,0.0,0.0,0.0,-22.0,-7.0,-21.0,-9.0,-21.0,-3.0,-21.0,-6.0,-18.0,-2.0,-19.0,-2.0,-12.0,-6.0,-10.0,-7.0,-11.0,-7.0,-2.0,-6.0,0.0,-8.0,3.0,-11.0,6.0,-14.0,9.0,-15.0,9.0,-16.0,4.0,-24.0,7.0,-21.0,3.0,-25.0,4.0,-26.0,3.0,-19.0,3.0,-18.0,6.0,-18.0,0.0,-13.0,1.0,-10.0,2.0,-7.0,4.0,-4.0
0.0315,122.0,-96.0,7.0,0.0,0.0,0.0,0.0,0.0,0.0,0.0,0.0,0.0,11.0,3.0,5.0,3.0,-2.0,3.0,-9.0,4.0,-16.0,5.0,-23.0,7.0,-27.0,9.0,-32.0,10.0,-34.0,13.0,-36.0,14.0,-35.0,15.0,-35.0,15.0,-33.0,15.0,-28.0,14.0,-24.0,11.0,-17.0,9.0,-12.0,4.0,-7.0,-1.0,-1.0,-6.0,4.0,-13.0,7.0,-19.0,8.0,-24.0,12.0,-29.0,12.0,-32.0,12.0,-35.0,12.0,-36.0
0.0606,122.0,-96.0,7.0,0.0,0.0,0.0,0.0,0.0,0.0,0.0,0.0,0.0,2.0,8.0,-1.0,4.0,-4.0,0.0,-8.0,-4.0,-12.0,-7.0,-16.0,-11.0,-20.0,-13.0,-23.0,-15.0,-25.0,-15.0,-27.0,-15.0,-27.0,-14.0,-27.0,-14.0,-26.0,-13.0,-23.0,-10.0,-19.0,-9.0,-14.0,-6.0,-9.0,-6.0,-3.0,-5.0,4.0,-5.0,9.0,-5.0,15.0,-7.0,18.0,-8.0,23.0,-9.0,24.0,-12.0,26.0,-13.0,26.0,-14.0
0.0743,122.0,-96.0,7.0,0.0,0.0,0.0,0.0,0.0,0.0,0.0,0.0,0.0,6.0,6.0,1.0,4.0,-4.0,2.0,-9.0,0.0,-14.0,-1.0,-19.0,-2.0,-23.0,-2.0,-27.0,-2.0,-29.0,-1.0,-31.0,-1.0,-31.0,0.0,-30.0,1.0,-29.0,1.0,-24.0,2.0,-21.0,1.0,-15.0,1.0,-10.0,-1.0,-5.0,-3.0,1.0,-6.0,6.0,-9.0,10.0,-14.0,12.0,-16.0,16.0,-20.0,16.0,-23.0,17.0,-24.0,16.0,-26.0
0.0888,122.0,-96.0,7.0,0.0,0.0,0.0,0.0,0.0,0.0,0.0,0.0,0.0,-1.0,-22.0,0.0,-23.0,0.0,-23.0,1.0,-23.0,2.0,-23.0,2.0,-23.0,2.0,-23.0,3.0,-23.0,3.0,-23.0,4.0,-23.0,4.0,-23.0,4.0,-23.0,5.0,-22.0,6.0,-22.0,5.0,-22.0,5.0,-21.0,6.0,-21.0,5.0,-21.0,5.0,-21.0,5.0,-21.0,5.0,-20.0,5.0,-20.0,5.0,-20.0,4.0,-20.0,4.0,-20.0,3.0,-20.0
0.1019,102.0,96.0,6.0,0.0,0.0,0.0,0.0,0.0,0.0,0.0,0.0,0.0,13.0,16.0,14.0,17.0,14.0,18.0,14.0,17.0,14.0,16.0,12.0,14.0,10.0,12.0,7.0,9.0,4.0,7.0,0.0,4.0,-4.0,2.0,-8.0,0.0,-12.0,-2.0,-17.0,-4.0,-20.0,-6.0,-23.0,-6.0,-24.0,-6.0,-26.0,-6.0,-25.0,-5.0,-24.0,-4.0,-22.0,-3.0,-19.0,-3.0,-16.0,-3.0,-11.0,-3.0,-7.0,-3.0,-2.0,-4.0
0.1167,123.0,-80.0,7.0,0.0,0.0,0.0,0.0,0.0,0.0,0.0,0.0,0.0,21.0,-1.0,21.0,0.0,21.0,0.0,22.0,1.0,22.0,2.0,22.0,2.0,22.0,3.0,22.0,3.0,21.0,4.0,21.0,4.0,22.0,4.0,21.0,4.0,21.0,4.0,21.0,5.0,21.0,5.0,20.0,5.0,20.0,6.0,20.0,6.0,20.0,5.0,20.0,5.0,19.0,5.0,19.0,5.0,19.0,4.0,19.0,4.0,19.0,4.0,18.0,3.0
0.1319,122.0,-96.0,7.0,0.0,0.0,0.0,0.0,0.0,0.0,0.0,0.0,0.0,-11.0,-19.0,-11.0,-20.0,-11.0,-21.0,-11.0,-20.0,-10.0,-21.0,-9.0,-22.0,-9.0,-22.0,-9.0,-22.0,-8.0,-22.0,-7.0,-22.0,-7.0,-22.0,-7.0,-22.0,-6.0,-22.0,-6.0,-22.0,-6.0,-22.0,-6.0,-22.0,-6.0,-21.0,-5.0,-22.0,-5.0,-21.0,-5.0,-21.0,-5.0,-21.0,-6.0,-20.0,-5.0,-20.0,-5.0,-20.0,-6.0,-20.0,-6.0,-19.0
0.1472,122.0,-96.0,7.0,0.0,0.0,0.0,0.0,0.0,0.0,0.0,0.0,0.0,-10.0,18.0,-10.0,19.0,-11.0,21.0,-10.0,20.0,-10.0,19.0,-8.0,17.0,-7.0,14.0,-6.0,10.0,-5.0,6.0,-4.0,2.0,-4.0,-3.0,-4.0,-7.0,-4.0,-12.0,-4.0,-17.0,-4.0,-20.0,-5.0,-23.0,-6.0,-24.0,-6.0,-26.0,-6.0,-24.0,-7.0,-23.0,-7.0,-21.0,-6.0,-18.0,-5.0,-15.0,-3.0,-11.0,0.0,-7.0,2.0,-3.0
0.1593,122.0,-96.0,7.0,0.0,0.0,0.0,0.0,0.0,0.0,0.0,0.0,0.0,-1.0,-16.0,-1.0,-16.0,0.0,-16.0,0.0,-16.0,1.0,-17.0,1.0,-16.0,2.0,-16.0,2.0,-16.0,2.0,-16.0,3.0,-16.0,3.0,-16.0,3.0,-16.0,3.0,-16.0,3.0,-16.0,3.0,-16.0,3.0,-15.0,4.0,-15.0,4.0,-15.0,4.0,-15.0,4.0,-14.0,4.0,-14.0,3.0,-14.0,3.0,-14.0,3.0,-14.0,3.0,-14.0,3.0,-14.0
0.1755,122.0,-96.0,7.0,0.0,0.0,0.0,0.0,0.0,0.0,0.0,0.0,0.0,-12.0,-19.0,-11.0,-20.0,-11.0,-20.0,-12.0,-21.0,-10.0,-20.0,-10.0,-21.0,-9.0,-21.0,-8.0,-22.0,-8.0,-22.0,-8.0,-22.0,-8.0,-22.0,-7.0,-22.0,-7.0,-22.0,-7.0,-22.0,-6.0,-22.0,-6.0,-21.0,-6.0,-22.0,-5.0,-21.0,-6.0,-21.0,-5.0,-20.0,-5.0,-20.0,-5.0,-20.0,-5.0,-20.0,-6.0,-19.0,-6.0,-19.0,-6.0,-19.0
0.1896,122.0,-96.0,7.0,0.0,0.0,0.0,0.0,0.0,0.0,0.0,0.0,0.0,-9.0,-4.0,-4.0,-4.0,1.0,-4.0,7.0,-5.0,12.0,-6.0,17.0,-8.0,21.0,-10.0,24.0,-11.0,25.0,-13.0,27.0,-15.0,26.0,-15.0,25.0,-15.0,24.0,-15.0,20.0,-13.0,17.0,-11.0,12.0,-8.0,8.0,-4.0,4.0,1.0,1.0,6.0,-2.0,11.0,-4.0,16.0,-4.0,20.0,-7.0,25.0,-6.0,27.0,-5.0,29.0,-5.0,30.0
0.203,122.0,-96.0,7.0,0.0,0.0,0.0,0.0,0.0,0.0,0.0,0.0,0.0,-12.0,4.0,-17.0,6.0,-21.0,7.0,-24.0,8.0,-27.0,9.0,-29.0,10.0,-28.0,10.0,-28.0,10.0,-26.0,10.0,-23.0,9.0,-19.0,7.0,-14.0,5.0,-10.0,2.0,-5.0,-2.0,-1.0,-6.0,3.0,-10.0,7.0,-15.0,10.0,-19.0,12.0,-23.0,14.0,-25.0,14.0,-28.0,14.0,-29.0,13.0,-28.0,11.0,-27.0,9.0,-24.0,8.0,-21.0
0.2175,122.0,-96.0,7.0,0.0,0.0,0.0,0.0,0.0,0.0,0.0,0.0,0.0,5.0,4.0,0.0,3.0,-6.0,2.0,-11.0,2.0,-16.0,3.0,-21.0,3.0,-24.0,4.0,-28.0,5.0,-29.0,6.0,-30.0,7.0,-29.0,8.0,-28.0,8.0,-26.0,8.0,-22.0,8.0,-18.0,5.0,-13.0,3.0,-8.0,0.0,-4.0,-4.0,1.0,-8.0,5.0,-13.0,7.0,-18.0,8.0,-21.0,11.0,-25.0,10.0,-27.0,10.0,-29.0,9.0,-30.0
0.2312,122.0,-96.0,7.0,0.0,0.0,0.0,0.0,0.0,0.0,0.0,0.0,0.0,-15.0,-17.0,-16.0,-18.0,-17.0,-18.0,-16.0,-16.0,-15.0,-15.0,-13.0,-13.0,-11.0,-11.0,-7.0,-8.0,-4.0,-6.0,0.0,-3.0,4.0,-2.0,9.0,0.0,13.0,1.0,17.0,3.0,20.0,3.0,23.0,4.0,24.0,3.0,25.0,3.0,24.0,2.0,23.0,2.0,20.0,0.0,17.0,0.0,14.0,1.0,9.0,1.0,5.0,2.0,0.0,3.0
0.2438,122.0,-96.0,7.0,0.0,0.0,0.0,0.0,0.0,0.0,0.0,0.0,0.0,-3.0,-8.0,1.0,-4.0,6.0,1.0,10.0,5.0,15.0,9.0,20.0,12.0,24.0,13.0,27.0,15.0,30.0,14.0,31.0,15.0,30.0,13.0,30.0,13.0,28.0,11.0,24.0,8.0,19.0,7.0,13.0,5.0,6.0,5.0,0.0,5.0,-7.0,5.0,-13.0,5.0,-19.0,8.0,-23.0,10.0,-28.0,11.0,-29.0,13.0,-31.0,15.0,-31.0,16.0
0.2564,122.0,-96.0,7.0,0.0,0.0,0.0,0.0,0.0,0.0,0.0,0.0,0.0,9.0,18.0,9.0,18.0,9.0,19.0,9.0,19.0,8.0,20.0,7.0,20.0,7.0,19.0,6.0,20.0,6.0,20.0,6.0,20.0,6.0,20.0,5.0,20.0,5.0,20.0,5.0,20.0,4.0,20.0,4.0,20.0,4.0,19.0,4.0,20.0,4.0,20.0,3.0,18.0,4.0,19.0,4.0,18.0,4.0,18.0,4.0,18.0,4.0,17.0,5.0,17.0
0.2705,122.0,-96.0,7.0,0.0,0.0,0.0,0.0,0.0,0.0,0.0,0.0,0.0,10.0,9.0,13.0,11.0,15.0,14.0,17.0,15.0,19.0,16.0,20.0,17.0,21.0,16.0,20.0,15.0,19.0,14.0,16.0,12.0,13.0,9.0,8.0,7.0,3.0,5.0,-1.0,2.0,-6.0,2.0,-11.0,0.0,-16.0,-1.0,-20.0,-1.0,-24.0,-1.0,-27.0,-1.0,-28.0,0.0,-29.0,1.0,-28.0,1.0,-26.0,2.0,-22.0,2.0,-19.0,2.0
0.2843,122.0,-96.0,7.0,0.0,0.0,0.0,0.0,0.0,0.0,0.0,0.0,0.0,-16.0,22.0,-17.0,23.0,-17.0,23.0,-15.0,23.0,-14.0,21.0,-12.0,18.0,-11.0,15.0,-7.0,10.0,-6.0,5.0,-4.0,-1.0,-3.0,-6.0,-2.0,-12.0,-1.0,-17.0,0.0,-22.0,1.0,-27.0,0.0,-30.0,0.0,-31.0,-1.0,-32.0,-2.0,-31.0,-2.0,-30.0,-3.0,-26.0,-2.0,-23.0,-1.0,-18.0,0.0,-13.0,1.0,-7.0,4.0,-2.0
0.3003,122.0,-96.0,7.0,0.0,0.0,0.0,0.0,0.0,0.0,0.0,0.0,0.0,2.0,6.0,-3.0,2.0,-9.0,-2.0,-14.0,-5.0,-21.0,-8.0,-26.0,-10.0,-31.0,-11.0,-35.0,-12.0,-37.0,-11.0,-38.0,-11.0,-38.0,-9.0,-36.0,-9.0,-33.0,-8.0,-28.0,-6.0,-22.0,-5.0,-15.0,-4.0,-7.0,-5.0,0.0,-6.0,7.0,-7.0,14.0,-9.0,21.0,-11.0,24.0,-14.0,30.0,-16.0,31.0,-18.0,32.0,-20.0,32.0,-21.0
0.3148,122.0,-96.0,7.0,0.0,0.0,0.0,0.0,0.0,0.0,0.0,0.0,0.0,12.0,-2.0,17.0,-2.0,20.0,-2.0,23.0,-2.0,25.0,-3.0,27.0,-3.0,27.0,-3.0,26.0,-3.0,24.0,-3.0,20.0,-3.0,16.0,-3.0,12.0,-2.0,7.0,0.0,2.0,1.0,-3.0,4.0,-7.0,6.0,-12.0,9.0,-15.0,11.0,-19.0,14.0,-21.0,15.0,-22.0,17.0,-22.0,18.0,-21.0,18.0,-18.0,17.0,-16.0,16.0,-14.0,13.0
0.3298,122.0,-96.0,7.0,0.0,0.0,0.0,0.0,0.0,0.0,0.0,0.0,0.0,-9.0,5.0,-5.0,0.0,1.0,-5.0,4.0,-11.0,8.0,-17.0,12.0,-23.0,14.0,-27.0,16.0,-31.0,16.0,-34.0,16.0,-36.0,15.0,-36.0,14.0,-35.0,13.0,-33.0,10.0,-29.0,9.0,-24.0,6.0,-17.0,5.0,-9.0,4.0,-2.0,4.0,6.0,4.0,13.0,6.0,20.0,8.0,25.0,8.0,31.0,11.0,33.0,12.0,35.0,13.0,36.0
0.3437,122.0,-96.0,7.0,0.0,0.0,0.0,0.0,0.0,0.0,0.0,0.0,0.0,17.0,19.0,15.0,15.0,11.0,12.0,7.0,9.0,2.0,5.0,-3.0,1.0,-8.0,-1.0,-14.0,-3.0,-20.0,-6.0,-25.0,-7.0,-29.0,-9.0,-32.0,-9.0,-34.0,-8.0,-35.0,-8.0,-34.0,-7.0,-32.0,-6.0,-29.0,-5.0,-24.0,-4.0,-19.0,-4.0,-13.0,-4.0,-6.0,-5.0,0.0,-5.0,7.0,-7.0,13.0,-9.0,18.0,-11.0,21.0,-14.0
0.3566,122.0,-96.0,7.0,0.0,0.0,0.0,0.0,0.0,0.0,0.0,0.0,0.0,11.0,-11.0,14.0,-13.0,16.0,-15.0,18.0,-16.0,19.0,-18.0,19.0,-19.0,19.0,-18.0,18.0,-17.0,17.0,-16.0,14.0,-14.0,10.0,-11.0,7.0,-7.0,4.0,-3.0,1.0,2.0,-1.0,7.0,-4.0,11.0,-6.0,16.0,-6.0,19.0,-8.0,22.0,-8.0,25.0,-8.0,26.0,-8.0,27.0,-7.0,26.0,-6.0,23.0,-5.0,20.0,-4.0,16.0
0.3703,122.0,-96.0,7.0,0.0,0.0,0.0,0.0,0.0,0.0,0.0,0.0,0.0,-11.0,9.0,-15.0,11.0,-18.0,13.0,-21.0,15.0,-22.0,17.0,-23.0,18.0,-23.0,19.0,-23.0,18.0,-21.0,17.0,-18.0,15.0,-15.0,12.0,-11.0,8.0,-8.0,4.0,-4.0,-1.0,-2.0,-6.0,1.0,-11.0,4.0,-16.0,5.0,-21.0,6.0,-25.0,7.0,-28.0,7.0,-30.0,6.0,-31.0,5.0,-31.0,4.0,-28.0,3.0,-25.0,2.0,-21.0
0.3836,122.0,-96.0,7.0,0.0,0.0,0.0,0.0,0.0,0.0,0.0,0.0,0.0,-9.0,-25.0,-8.0,-21.0,-7.0,-16.0,-4.0,-12.0,-1.0,-7.0,3.0,-2.0,7.0,2.0,11.0,7.0,15.0,12.0,20.0,14.0,23.0,17.0,25.0,18.0,28.0,18.0,29.0,19.0,28.0,17.0,27.0,15.0,24.0,13.0,20.0,12.0,16.0,9.0,10.0,7.0,4.0,5.0,-3.0,4.0,-10.0,4.0,-16.0,3.0,-21.0,4.0,-25.0,5.0
0.3994,122.0,-96.0,7.0,0.0,0.0,0.0,0.0,0.0,0.0,0.0,0.0,0.0,-8.0,-14.0,-8.0,-14.0,-8.0,-14.0,-8.0,-15.0,-7.0,-15.0,-7.0,-15.0,-6.0,-15.0,-6.0,-15.0,-5.0,-15.0,-5.0,-15.0,-5.0,-15.0,-5.0,-16.0,-5.0,-15.0,-5.0,-15.0,-4.0,-16.0,-5.0,-15.0,-4.0,-15.0,-4.0,-15.0,-4.0,-15.0,-4.0,-14.0,-4.0,-14.0,-4.0,-14.0,-4.0,-14.0,-5.0,-14.0,-5.0,-13.0,-5.0,-13.0
0.4122,122.0,-96.0,7.0,0.0,0.0,0.0,0.0,0.0,0.0,0.0,0.0,0.0,1.0,-7.0,3.0,-1.0,4.0,5.0,6.0,10.0,9.0,16.0,11.0,21.0,13.0,24.0,15.0,27.0,17.0,28.0,18.0,28.0,18.0,27.0,18.0,26.0,17.0,23.0,15.0,19.0,11.0,16.0,7.0,11.0,2.0,6.0,-3.0,3.0,-9.0,-1.0,-14.0,-4.0,-20.0,-6.0,-24.0,-6.0,-29.0,-8.0,-31.0,-7.0,-33.0,-6.0,-34.0,-5.0
0.4246,122.0,-96.0,7.0,0.0,0.0,0.0,0.0,0.0,0.0,0.0,0.0,0.0,-8.0,-7.0,-2.0,-5.0,3.0,-3.0,9.0,0.0,15.0,1.0,20.0,2.0,25.0,2.0,29.0,2.0,32.0,1.0,34.0,1.0,33.0,0.0,33.0,0.0,31.0,-1.0,26.0,-2.0,21.0,-1.0,16.0,-2.0,9.0,0.0,4.0,3.0,-3.0,5.0,-9.0,8.0,-13.0,12.0,-17.0,15.0,-22.0,19.0,-23.0,21.0,-23.0,23.0,-23.0,24.0
0.4379,122.0,-96.0,7.0,0.0,0.0,0.0,0.0,0.0,0.0,0.0,0.0,0.0,-15.0,7.0,-15.0,6.0,-15.0,6.0,-16.0,6.0,-16.0,5.0,-16.0,5.0,-16.0,5.0,-16.0,4.0,-16.0,4.0,-17.0,3.0,-17.0,4.0,-16.0,3.0,-16.0,3.0,-16.0,3.0,-16.0,2.0,-16.0,3.0,-16.0,3.0,-16.0,3.0,-16.0,2.0,-15.0,3.0,-15.0,3.0,-14.0,3.0,-15.0,3.0,-14.0,3.0,-14.0,3.0,-14.0,3.0
0.4519,122.0,-96.0,7.0,0.0,0.0,0.0,0.0,0.0,0.0,0.0,0.0,0.0,20.0,-13.0,21.0,-14.0,21.0,-14.0,20.0,-14.0,18.0,-12.0,16.0,-11.0,13.0,-9.0,8.0,-6.0,5.0,-3.0,1.0,2.0,-1.0,5.0,-4.0,9.0,-7.0,13.0,-10.0,17.0,-12.0,20.0,-13.0,23.0,-12.0,25.0,-12.0,25.0,-11.0,25.0,-10.0,23.0,-8.0,21.0,-7.0,17.0,-6.0,13.0,-5.0,9.0,-5.0,4.0,-4.0,-1.0
0.4652,122.0,-96.0,7.0,0.0,0.0,0.0,0.0,0.0,0.0,0.0,0.0,0.0,11.0,21.0,11.0,22.0,12.0,22.0,12.0,20.0,10.0,19.0,9.0,16.0,7.0,13.0,4.0,9.0,1.0,6.0,-3.0,1.0,-6.0,-2.0,-10.0,-4.0,-14.0,-8.0,-18.0,-10.0,-21.0,-13.0,-24.0,-13.0,-25.0,-13.0,-26.0,-13.0,-25.0,-12.0,-24.0,-11.0,-21.0,-9.0,-18.0,-7.0,-14.0,-6.0,-10.0,-6.0,-5.0,-5.0,1.0,-4.0
0.4792,122.0,-96.0,7.0,0.0,0.0,0.0,0.0,0.0,0.0,0.0,0.0,0.0,-12.0,0.0,-8.0,-2.0,-2.0,-3.0,3.0,-5.0,8.0,-9.0,12.0,-11.0,15.0,-14.0,19.0,-17.0,20.0,-20.0,21.0,-22.0,20.0,-23.0,20.0,-23.0,18.0,-23.0,15.0,-21.0,13.0,-18.0,9.0,-14.0,7.0,-8.0,5.0,-3.0,3.0,2.0,2.0,8.0,2.0,14.0,2.0,18.0,2.0,24.0,4.0,26.0,5.0,28.0,7.0,29.0
0.4926,122.0,-96.0,7.0,0.0,0.0,0.0,0.0,0.0,0.0,0.0,0.0,0.0,-16.0,-16.0,-17.0,-17.0,-17.0,-17.0,-17.0,-16.0,-16.0,-15.0,-15.0,-13.0,-12.0,-12.0,-9.0,-9.0,-6.0,-7.0,-1.0,-5.0,3.0,-3.0,7.0,-2.0,12.0,0.0,16.0,1.0,20.0,2.0,23.0,2.0,24.0,1.0,25.0,1.0,25.0,0.0,24.0,-1.0,21.0,-2.0,18.0,-1.0,15.0,-1.0,11.0,0.0,6.0,1.0,2.0,3.0
0.5081,122.0,-96.0,7.0,0.0,0.0,0.0,0.0,0.0,0.0,0.0,0.0,0.0,-11.0,-2.0,-16.0,-4.0,-20.0,-5.0,-23.0,-6.0,-27.0,-6.0,-29.0,-7.0,-30.0,-7.0,-30.0,-7.0,-29.0,-6.0,-26.0,-5.0,-22.0,-4.0,-17.0,-3.0,-12.0,-3.0,-6.0,-4.0,0.0,-5.0,5.0,-6.0,12.0,-7.0,16.0,-10.0,20.0,-11.0,24.0,-13.0,26.0,-15.0,27.0,-16.0,26.0,-17.0,23.0,-17.0,21.0,-16.0,18.0,-14.0
0.5237,122.0,-96.0,7.0,0.0,0.0,0.0,0.0,0.0,0.0,0.0,0.0,0.0,1.0,11.0,-1.0,7.0,-3.0,2.0,-6.0,-3.0,-9.0,-8.0,-13.0,-12.0,-16.0,-15.0,-19.0,-18.0,-21.0,-19.0,-24.0,-20.0,-24.0,-20.0,-25.0,-19.0,-24.0,-18.0,-22.0,-15.0,-19.0,-13.0,-14.0,-10.0,-9.0,-8.0,-4.0,-6.0,2.0,-4.0,8.0,-3.0,14.0,-4.0,18.0,-4.0,24.0,-4.0,26.0,-5.0,28.0,-7.0,29.0,-8.0
0.5355,122.0,-96.0,7.0,0.0,0.0,0.0,0.0,0.0,0.0,0.0,0.0,0.0,-9.0,-23.0,-8.0,-21.0,-7.0,-18.0,-6.0,-15.0,-4.0,-11.0,-1.0,-7.0,2.0,-3.0,5.0,1.0,9.0,5.0,13.0,8.0,16.0,11.0,19.0,12.0,21.0,13.0,23.0,15.0,24.0,14.0,23.0,13.0,22.0,12.0,20.0,10.0,16.0,8.0,12.0,6.0,7.0,5.0,2.0,4.0,-3.0,4.0,-9.0,3.0,-13.0,4.0,-17.0,5.0
0.5495,122.0,-96.0,7.0,0.0,0.0,0.0,0.0,0.0,0.0,0.0,0.0,0.0,9.0,-18.0,10.0,-18.0,10.0,-18.0,11.0,-18.0,11.0,-18.0,12.0,-18.0,12.0,-18.0,13.0,-17.0,13.0,-17.0,13.0,-17.0,13.0,-16.0,13.0,-16.0,13.0,-16.0,14.0,-15.0,14.0,-15.0,13.0,-15.0,13.0,-15.0,14.0,-15.0,13.0,-14.0,13.0,-14.0,13.0,-14.0,12.0,-14.0,13.0,-14.0,12.0,-14.0,11.0,-14.0,10.0,-14.0
0.5631,122.0,-96.0,7.0,0.0,0.0,0.0,0.0,0.0,0.0,0.0,0.0,0.0,-11.0,6.0,-14.0,8.0,-18.0,10.0,-20.0,11.0,-22.0,13.0,-24.0,14.0,-23.0,14.0,-23.0,14.0,-21.0,13.0,-19.0,11.0,-15.0,9.0,-11.0,6.0,-8.0,3.0,-4.0,-1.0,-2.0,-6.0,2.0,-10.0,4.0,-15.0,6.0,-18.0,8.0,-22.0,9.0,-25.0,9.0,-26.0,8.0,-28.0,8.0,-27.0,6.0,-25.0,5.0,-22.0,4.0,-19.0
0.5801,122.0,-96.0,7.0,0.0,0.0,0.0,0.0,0.0,0.0,0.0,0.0,0.0,-14.0,-16.0,-13.0,-16.0,-13.0,-17.0,-13.0,-17.0,-12.0,-18.0,-12.0,-18.0,-12.0,-18.0,-11.0,-18.0,-12.0,-19.0,-11.0,-19.0,-10.0,-19.0,-10.0,-19.0,-10.0,-19.0,-9.0,-19.0,-9.0,-19.0,-9.0,-18.0,-9.0,-18.0,-9.0,-18.0,-9.0,-18.0,-9.0,-17.0,-9.0,-17.0,-10.0,-17.0,-9.0,-17.0,-9.0,-16.0,-9.0,-16.0,-10.0,-16.0
0.5957,122.0,-96.0,7.0,0.0,0.0,0.0,0.0,0.0,0.0,0.0,0.0,0.0,-11.0,1.0,-16.0,1.0,-20.0,1.0,-24.0,1.0,-27.0,2.0,-30.0,2.0,-30.0,2.0,-30.0,2.0,-29.0,3.0,-26.0,3.0,-22.0,2.0,-17.0,2.0,-12.0,0.0,-6.0,-2.0,-1.0,-5.0,4.0,-7.0,10.0,-10.0,14.0,-13.0,18.0,-16.0,20.0,-18.0,22.0,-20.0,23.0,-22.0,22.0,-22.0,19.0,-21.0,17.0,-20.0,14.0,-17.0
0.6101,122.0,-96.0,7.0,0.0,0.0,0.0,0.0,0.0,0.0,0.0,0.0,0.0,-12.0,-9.0,-17.0,-15.0,-20.0,-19.0,-23.0,-22.0,-27.0,-25.0,-30.0,-27.0,-30.0,-27.0,-30.0,-27.0,-28.0,-25.0,-26.0,-22.0,-22.0,-20.0,-17.0,-15.0,-11.0,-11.0,-4.0,-8.0,4.0,-5.0,10.0,-1.0,18.0,2.0,25.0,4.0,31.0,5.0,35.0,5.0,39.0,5.0,39.0,4.0,40.0,4.0,38.0,3.0,33.0,1.0,28.0,1.0
0.6221,122.0,-96.0,7.0,0.0,0.0,0.0,0.0,0.0,0.0,0.0,0.0,0.0,4.0,15.0,4.0,15.0,4.0,16.0,3.0,16.0,3.0,16.0,2.0,16.0,2.0,16.0,1.0,16.0,1.0,16.0,1.0,17.0,1.0,16.0,0.0,16.0,0.0,16.0,0.0,16.0,0.0,16.0,0.0,16.0,-1.0,15.0,-1.0,16.0,-1.0,15.0,-1.0,15.0,-1.0,15.0,0.0,14.0,0.0,14.0,0.0,14.0,0.0,14.0,0.0,14.0
0.636,122.0,-96.0,7.0,0.0,0.0,0.0,0.0,0.0,0.0,0.0,0.0,0.0,23.0,8.0,20.0,6.0,17.0,5.0,12.0,4.0,7.0,3.0,2.0,3.0,-4.0,3.0,-10.0,3.0,-15.0,3.0,-20.0,3.0,-25.0,4.0,-27.0,5.0,-29.0,6.0,-31.0,7.0,-30.0,7.0,-28.0,8.0,-26.0,8.0,-23.0,7.0,-19.0,5.0,-13.0,3.0,-8.0,0.0,-3.0,-4.0,2.0,-7.0,6.0,-11.0,9.0,-14.0,11.0,-18.0
0.6484,122.0,-96.0,7.0,0.0,0.0,0.0,0.0,0.0,0.0,0.0,0.0,0.0,0.0,-15.0,2.0,-9.0,3.0,-2.0,5.0,5.0,9.0,11.0,12.0,18.0,15.0,22.0,18.0,26.0,21.0,29.0,23.0,30.0,24.0,29.0,25.0,29.0,24.0,27.0,22.0,23.0,18.0,19.0,13.0,14.0,8.0,10.0,1.0,6.0,-6.0,2.0,-12.0,0.0,-19.0,-2.0,-25.0,-3.0,-31.0,-4.0,-34.0,-2.0,-37.0,-1.0,-39.0,0.0
0.6624,122.0,-96.0,7.0,0.0,0.0,0.0,0.0,0.0,0.0,0.0,0.0,0.0,4.0,8.0,5.0,12.0,7.0,16.0,8.0,19.0,9.0,21.0,10.0,24.0,11.0,24.0,10.0,24.0,11.0,22.0,10.0,20.0,8.0,16.0,6.0,12.0,3.0,9.0,0.0,5.0,-4.0,1.0,-8.0,-2.0,-12.0,-6.0,-16.0,-8.0,-19.0,-10.0,-22.0,-12.0,-25.0,-12.0,-26.0,-12.0,-26.0,-11.0,-24.0,-9.0,-22.0,-8.0,-19.0,-7.0
0.6751,122.0,-96.0,7.0,0.0,0.0,0.0,0.0,0.0,0.0,0.0,0.0,0.0,-24.0,-1.0,-26.0,-1.0,-26.0,-1.0,-25.0,0.0,-24.0,0.0,-21.0,0.0,-18.0,-1.0,-13.0,-1.0,-9.0,-2.0,-4.0,-3.0,1.0,-5.0,6.0,-7.0,10.0,-9.0,15.0,-10.0,18.0,-13.0,21.0,-14.0,22.0,-16.0,22.0,-16.0,21.0,-17.0,20.0,-16.0,17.0,-15.0,15.0,-13.0,12.0,-10.0,9.0,-7.0,6.0,-3.0,3.0,1.0
0.6912,122.0,-96.0,7.0,0.0,0.0,0.0,0.0,0.0,0.0,0.0,0.0,0.0,4.0,-15.0,4.0,-15.0,5.0,-15.0,5.0,-15.0,6.0,-15.0,6.0,-15.0,6.0,-14.0,7.0,-14.0,7.0,-14.0,7.0,-14.0,7.0,-14.0,7.0,-13.0,7.0,-13.0,8.0,-13.0,8.0,-13.0,8.0,-12.0,8.0,-13.0,8.0,-13.0,8.0,-12.0,8.0,-12.0,7.0,-12.0,7.0,-12.0,7.0,-11.0,7.0,-12.0,6.0,-11.0,6.0,-12.0
0.7043,122.0,-96.0,7.0,0.0,0.0,0.0,0.0,0.0,0.0,0.0,0.0,0.0,-19.0,-16.0,-20.0,-17.0,-20.0,-16.0,-19.0,-16.0,-17.0,-14.0,-15.0,-12.0,-12.0,-10.0,-8.0,-7.0,-4.0,-6.0,1.0,-3.0,6.0,-2.0,10.0,0.0,15.0,1.0,19.0,2.0,23.0,3.0,25.0,3.0,27.0,3.0,27.0,2.0,27.0,1.0,23.0,1.0,23.0,1.0,17.0,0.0,14.0,0.0,10.0,1.0,4.0,2.0,0.0,4.0
0.7195,122.0,-96.0,7.0,0.0,0.0,0.0,0.0,0.0,0.0,0.0,0.0,0.0,2.0,-13.0,4.0,-16.0,4.0,-19.0,5.0,-22.0,5.0,-25.0,6.0,-26.0,6.0,-26.0,5.0,-26.0,5.0,-24.0,4.0,-21.0,2.0,-17.0,2.0,-13.0,2.0,-8.0,2.0,-3.0,4.0,2.0,4.0,7.0,6.0,13.0,7.0,16.0,9.0,20.0,10.0,22.0,12.0,24.0,12.0,24.0,13.0,23.0,13.0,20.0,12.0,18.0,10.0,15.0
0.7339,122.0,-96.0,7.0,0.0,0.0,0.0,0.0,0.0,0.0,0.0,0.0,0.0,-22.0,-1.0,-22.0,-1.0,-22.0,-2.0,-22.0,-2.0,-23.0,-3.0,-22.0,-4.0,-22.0,-4.0,-22.0,-5.0,-22.0,-4.0,-22.0,-5.0,-21.0,-5.0,-21.0,-5.0,-21.0,-6.0,-22.0,-6.0,-20.0,-6.0,-21.0,-6.0,-20.0,-6.0,-20.0,-6.0,-20.0,-6.0,-20.0,-6.0,-19.0,-6.0,-19.0,-5.0,-19.0,-5.0,-19.0,-5.0,-18.0,-5.0,-18.0,-4.0
0.7476,122.0,-96.0,7.0,0.0,0.0,0.0,0.0,0.0,0.0,0.0,0.0,0.0,9.0,20.0,10.0,22.0,10.0,23.0,10.0,21.0,10.0,20.0,9.0,18.0,7.0,15.0,5.0,11.0,2.0,8.0,-1.0,3.0,-5.0,0.0,-8.0,-3.0,-12.0,-6.0,-16.0,-9.0,-19.0,-12.0,-22.0,-13.0,-23.0,-14.0,-25.0,-14.0,-24.0,-13.0,-23.0,-12.0,-21.0,-10.0,-18.0,-9.0,-15.0,-8.0,-11.0,-6.0,-6.0,-5.0,-1.0,-5.0
0.7614,122.0,-96.0,7.0,0.0,0.0,0.0,0.0,0.0,0.0,0.0,0.0,0.0,-21.0,-9.0,-25.0,-11.0,-24.0,-10.0,-23.0,-9.0,-22.0,-8.0,-19.0,-7.0,-17.0,-6.0,-12.0,-5.0,-8.0,-5.0,-3.0,-4.0,2.0,-4.0,7.0,-4.0,12.0,-4.0,17.0,-4.0,21.0,-4.0,24.0,-5.0,25.0,-6.0,26.0,-6.0,25.0,-7.0,24.0,-7.0,21.0,-7.0,19.0,-6.0,15.0,-5.0,11.0,-3.0,7.0,-1.0,2.0,2.0
0.7743,122.0,-96.0,7.0,0.0,0.0,0.0,0.0,0.0,0.0,0.0,0.0,0.0,8.0,-24.0,10.0,-27.0,9.0,-26.0,9.0,-26.0,8.0,-24.0,7.0,-22.0,6.0,-19.0,4.0,-13.0,4.0,-9.0,3.0,-3.0,3.0,2.0,3.0,7.0,3.0,13.0,4.0,19.0,4.0,23.0,5.0,26.0,7.0,28.0,7.0,29.0,8.0,29.0,8.0,27.0,8.0,24.0,6.0,20.0,5.0,17.0,2.0,12.0,0.0,7.0,-4.0,3.0
0.7889,122.0,-96.0,7.0,0.0,0.0,0.0,0.0,0.0,0.0,0.0,0.0,0.0,-6.0,-21.0,-5.0,-21.0,-5.0,-21.0,-5.0,-21.0,-4.0,-22.0,-3.0,-22.0,-3.0,-22.0,-3.0,-22.0,-2.0,-21.0,-2.0,-22.0,-1.0,-22.0,-1.0,-22.0,-1.0,-21.0,0.0,-22.0,0.0,-21.0,0.0,-21.0,1.0,-20.0,0.0,-21.0,0.0,-20.0,0.0,-20.0,0.0,-20.0,0.0,-19.0,-1.0,-19.0,0.0,-19.0,-1.0,-18.0,-1.0,-18.0
0.8025,122.0,-96.0,7.0,0.0,0.0,0.0,0.0,0.0,0.0,0.0,0.0,0.0,27.0,9.0,29.0,10.0,30.0,10.0,29.0,9.0,27.0,9.0,24.0,8.0,21.0,7.0,15.0,5.0,10.0,4.0,3.0,4.0,-3.0,4.0,-10.0,4.0,-16.0,5.0,-22.0,5.0,-27.0,6.0,-31.0,7.0,-33.0,9.0,-34.0,10.0,-33.0,10.0,-32.0,10.0,-28.0,10.0,-25.0,8.0,-20.0,6.0,-15.0,3.0,-9.0,0.0,-4.0,-4.0
0.8159,122.0,-96.0,7.0,0.0,0.0,0.0,0.0,0.0,0.0,0.0,0.0,0.0,-24.0,-5.0,-26.0,-5.0,-26.0,-5.0,-25.0,-4.0,-24.0,-4.0,-21.0,-3.0,-18.0,-3.0,-13.0,-2.0,-9.0,-3.0,-4.0,-3.0,1.0,-4.0,6.0,-5.0,12.0,-7.0,16.0,-8.0,20.0,-9.0,23.0,-10.0,24.0,-12.0,25.0,-12.0,24.0,-13.0,23.0,-13.0,20.0,-12.0,17.0,-11.0,14.0,-8.0,10.0,-5.0,7.0,-2.0,3.0,2.0
0.8305,122.0,-96.0,7.0,0.0,0.0,0.0,0.0,0.0,0.0,0.0,0.0,0.0,-12.0,6.0,-16.0,8.0,-20.0,10.0,-22.0,11.0,-25.0,14.0,-26.0,14.0,-26.0,15.0,-26.0,15.0,-24.0,14.0,-21.0,13.0,-17.0,11.0,-13.0,7.0,-9.0,3.0,-5.0,-1.0,-2.0,-6.0,2.0,-10.0,6.0,-15.0,8.0,-20.0,9.0,-23.0,10.0,-27.0,11.0,-29.0,10.0,-30.0,10.0,-30.0,8.0,-28.0,6.0,-25.0,5.0,-21.0
0.8435,122.0,-96.0,7.0,0.0,0.0,0.0,0.0,0.0,0.0,0.0,0.0,0.0,10.0,17.0,11.0,18.0,12.0,20.0,12.0,19.0,12.0,18.0,11.0,16.0,10.0,15.0,7.0,11.0,5.0,9.0,1.0,5.0,-2.0,2.0,-6.0,-1.0,-10.0,-4.0,-13.0,-7.0,-17.0,-9.0,-20.0,-10.0,-22.0,-10.0,-24.0,-11.0,-23.0,-10.0,-23.0,-10.0,-21.0,-8.0,-19.0,-8.0,-16.0,-7.0,-12.0,-6.0,-7.0,-4.0,-3.0,-4.0
0.858,122.0,-96.0,7.0,0.0,0.0,0.0,0.0,0.0,0.0,0.0,0.0,0.0,3.0,-16.0,4.0,-16.0,4.0,-16.0,4.0,-16.0,5.0,-16.0,6.0,-16.0,6.0,-16.0,6.0,-16.0,7.0,-15.0,7.0,-15.0,7.0,-15.0,7.0,-15.0,7.0,-15.0,7.0,-15.0,7.0,-14.0,7.0,-14.0,7.0,-14.0,7.0,-14.0,8.0,-14.0,7.0,-14.0,7.0,-13.0,7.0,-13.0,7.0,-13.0,6.0,-13.0,6.0,-13.0,5.0,-13.0
0.8731,122.0,-96.0,7.0,0.0,0.0,0.0,0.0,0.0,0.0,0.0,0.0,0.0,-19.0,-13.0,-21.0,-14.0,-22.0,-15.0,-22.0,-14.0,-22.0,-13.0,-20.0,-12.0,-17.0,-11.0,-14.0,-9.0,-10.0,-7.0,-5.0,-5.0,0.0,-4.0,5.0,-3.0,10.0,-2.0,15.0,-2.0,20.0,-1.0,23.0,-2.0,26.0,-3.0,27.0,-3.0,27.0,-4.0,26.0,-4.0,24.0,-5.0,21.0,-5.0,18.0,-4.0,13.0,-2.0,9.0,-1.0,4.0,1.0
0.8864,122.0,-96.0,7.0,0.0,0.0,0.0,0.0,0.0,0.0,0.0,0.0,0.0,-23.0,-8.0,-22.0,-9.0,-25.0,-9.0,-25.0,-9.0,-25.0,-9.0,-22.0,-7.0,-20.0,-7.0,-15.0,-5.0,-11.0,-5.0,-6.0,-4.0,-1.0,-4.0,4.0,-4.0,10.0,-5.0,15.0,-6.0,19.0,-7.0,22.0,-8.0,24.0,-9.0,26.0,-10.0,25.0,-11.0,24.0,-11.0,22.0,-11.0,20.0,-10.0,16.0,-8.0,12.0,-6.0,8.0,-3.0,4.0,0.0
0.9017,122.0,-96.0,7.0,0.0,0.0,0.0,0.0,0.0,0.0,0.0,0.0,0.0,3.0,-16.0,3.0,-16.0,4.0,-16.0,4.0,-16.0,5.0,-16.0,5.0,-16.0,5.0,-15.0,5.0,-15.0,6.0,-15.0,6.0,-15.0,6.0,-15.0,6.0,-15.0,6.0,-14.0,7.0,-15.0,7.0,-14.0,6.0,-14.0,7.0,-14.0,6.0,-14.0,6.0,-14.0,6.0,-14.0,6.0,-14.0,5.0,-14.0,5.0,-13.0,5.0,-13.0,5.0,-13.0,4.0,-13.0
0.9161,122.0,-96.0,7.0,0.0,0.0,0.0,0.0,0.0,0.0,0.0,0.0,0.0,14.0,-3.0,18.0,-4.0,20.0,-4.0,23.0,-5.0,25.0,-6.0,26.0,-6.0,26.0,-6.0,24.0,-6.0,22.0,-6.0,19.0,-5.0,15.0,-4.0,10.0,-3.0,6.0,0.0,1.0,2.0,-3.0,5.0,-8.0,8.0,-12.0,11.0,-15.0,14.0,-17.0,16.0,-19.0,18.0,-20.0,20.0,-19.0,20.0,-18.0,20.0,-16.0,19.0,-14.0,17.0,-12.0,13.0
0.93,122.0,-96.0,7.0,0.0,0.0,0.0,0.0,0.0,0.0,0.0,0.0,0.0,4.0,-22.0,4.0,-20.0,3.0,-17.0,2.0,-13.0,2.0,-8.0,2.0,-3.0,2.0,1.0,3.0,7.0,3.0,12.0,5.0,16.0,6.0,20.0,8.0,22.0,9.0,24.0,9.0,26.0,10.0,25.0,10.0,23.0,10.0,22.0,8.0,19.0,7.0,15.0,5.0,11.0,2.0,7.0,-2.0,3.0,-6.0,0.0,-10.0,-4.0,-13.0,-6.0,-17.0,-7.0
0.9444,122.0,-96.0,7.0,0.0,0.0,0.0,0.0,0.0,0.0,0.0,0.0,0.0,11.0,16.0,11.0,17.0,10.0,17.0,10.0,18.0,9.0,17.0,9.0,18.0,8.0,18.0,8.0,19.0,7.0,18.0,7.0,18.0,7.0,18.0,7.0,18.0,6.0,18.0,6.0,18.0,5.0,19.0,5.0,18.0,5.0,18.0,4.0,18.0,5.0,18.0,5.0,17.0,5.0,17.0,4.0,17.0,5.0,16.0,5.0,16.0,5.0,15.0,6.0,15.0
0.9606,122.0,-96.0,7.0,0.0,0.0,0.0,0.0,0.0,0.0,0.0,0.0,0.0,-14.0,-17.0,-14.0,-18.0,-13.0,-17.0,-13.0,-19.0,-12.0,-18.0,-12.0,-19.0,-12.0,-19.0,-11.0,-19.0,-11.0,-20.0,-10.0,-19.0,-10.0,-19.0,-10.0,-19.0,-10.0,-19.0,-10.0,-19.0,-9.0,-20.0,-9.0,-19.0,-9.0,-18.0,-8.0,-19.0,-8.0,-19.0,-8.0,-18.0,-8.0,-18.0,-8.0,-17.0,-8.0,-17.0,-9.0,-17.0,-9.0,-16.0,-9.0,-16.0
0.9742,122.0,-96.0,7.0,0.0,0.0,0.0,0.0,0.0,0.0,0.0,0.0,0.0,-21.0,6.0,-24.0,7.0,-25.0,7.0,-24.0,8.0,-23.0,8.0,-22.0,8.0,-19.0,7.0,-15.0,5.0,-12.0,3.0,-7.0,0.0,-3.0,-3.0,1.0,-6.0,5.0,-9.0,9.0,-13.0,12.0,-16.0,14.0,-18.0,15.0,-21.0,16.0,-22.0,15.0,-23.0,15.0,-22.0,13.0,-21.0,12.0,-19.0,9.0,-16.0,8.0,-12.0,5.0,-8.0,4.0,-3.0
0.9879,122.0,-96.0,7.0,0.0,0.0,0.0,0.0,0.0,0.0,0.0,0.0,0.0,9.0,-7.0,13.0,-8.0,16.0,-10.0,18.0,-12.0,20.0,-13.0,22.0,-14.0,22.0,-15.0,21.0,-15.0,20.0,-14.0,17.0,-13.0,14.0,-11.0,10.0,-8.0,7.0,-5.0,4.0,-1.0,1.0,4.0,-2.0,8.0,-5.0,12.0,-6.0,16.0,-8.0,20.0,-9.0,23.0,-9.0,25.0,-8.0,26.0,-8.0,26.0,-6.0,24.0,-5.0,21.0,-4.0,18.0
1.0026,122.0,-96.0,7.0,0.0,0.0,0.0,0.0,0.0,0.0,0.0,0.0,0.0,-8.0,20.0,-9.0,22.0,-9.0,24.0,-8.0,23.0,-8.0,23.0,-7.0,21.0,-6.0,19.0,-5.0,14.0,-5.0,10.0,-4.0,5.0,-4.0,0.0,-4.0,-5.0,-4.0,-10.0,-4.0,-16.0,-5.0,-20.0,-6.0,-24.0,-7.0,-25.0,-8.0,-27.0,-9.0,-27.0,-9.0,-26.0,-9.0,-23.0,-8.0,-21.0,-7.0,-18.0,-4.0,-14.0,-2.0,-9.0,1.0,-5.0
1.0155,122.0,-96.0,7.0,0.0,0.0,0.0,0.0,0.0,0.0,0.0,0.0,0.0,-28.0,5.0,-24.0,5.0,-21.0,5.0,-16.0,4.0,-11.0,1.0,-5.0,-2.0,0.0,-5.0,6.0,-8.0,11.0,-12.0,15.0,-16.0,19.0,-19.0,21.0,-21.0,22.0,-24.0,24.0,-26.0,22.0,-26.0,21.0,-26.0,18.0,-24.0,16.0,-21.0,13.0,-17.0,10.0,-13.0,7.0,-7.0,5.0,-1.0,3.0,6.0,1.0,12.0,0.0,18.0,1.0,22.0
1.0304,122.0,-96.0,7.0,0.0,0.0,0.0,0.0,0.0,0.0,0.0,0.0,0.0,0.0,8.0,-1.0,4.0,-4.0,-1.0,-6.0,-6.0,-9.0,-11.0,-12.0,-16.0,-14.0,-18.0,-17.0,-22.0,-19.0,-23.0,-20.0,-24.0,-20.0,-23.0,-21.0,-23.0,-19.0,-22.0,-18.0,-18.0,-14.0,-15.0,-11.0,-11.0,-6.0,-7.0,-1.0,-5.0,4.0,-2.0,10.0,0.0,15.0,1.0,19.0,1.0,25.0,3.0,27.0,3.0,29.0,2.0,30.0,1.0
1.0448,122.0,-96.0,7.0,0.0,0.0,0.0,0.0,0.0,0.0,0.0,0.0,0.0,0.0,6.0,-2.0,2.0,-5.0,-4.0,-9.0,-9.0,-12.0,-14.0,-17.0,-18.0,-20.0,-20.0,-22.0,-23.0,-25.0,-24.0,-26.0,-24.0,-26.0,-23.0,-25.0,-22.0,-24.0,-20.0,-21.0,-17.0,-17.0,-14.0,-12.0,-10.0,-6.0,-7.0,1.0,-5.0,7.0,-2.0,13.0,-1.0,20.0,0.0,24.0,-1.0,29.0,0.0,31.0,-1.0,33.0,-2.0,34.0,-2.0
1.0613,122.0,-96.0,7.0,0.0,0.0,0.0,0.0,0.0,0.0,0.0,0.0,0.0,-23.0,-9.0,-24.0,-10.0,-25.0,-9.0,-24.0,-8.0,-22.0,-8.0,-20.0,-7.0,-16.0,-6.0,-11.0,-4.0,-7.0,-4.0,-1.0,-3.0,4.0,-4.0,9.0,-3.0,13.0,-4.0,19.0,-4.0,23.0,-4.0,25.0,-5.0,27.0,-6.0,27.0,-6.0,26.0,-7.0,25.0,-7.0,22.0,-7.0,19.0,-6.0,15.0,-4.0,11.0,-2.0,6.0,0.0,2.0,3.0
1.0727,122.0,-96.0,7.0,0.0,0.0,0.0,0.0,0.0,0.0,0.0,0.0,0.0,5.0,-3.0,2.0,1.0,-1.0,5.0,-4.0,9.0,-6.0,14.0,-9.0,18.0,-9.0,22.0,-11.0,26.0,-10.0,27.0,-10.0,29.0,-8.0,28.0,-8.0,27.0,-7.0,26.0,-5.0,22.0,-5.0,18.0,-4.0,12.0,-4.0,6.0,-4.0,1.0,-5.0,-5.0,-7.0,-11.0,-9.0,-16.0,-11.0,-19.0,-13.0,-23.0,-16.0,-24.0,-17.0,-25.0,-18.0,-25.0
1.0848,122.0,-96.0,7.0,0.0,0.0,0.0,0.0,0.0,0.0,0.0,0.0,0.0,-12.0,-19.0,-11.0,-16.0,-9.0,-13.0,-7.0,-10.0,-3.0,-6.0,1.0,-3.0,5.0,-1.0,9.0,3.0,13.0,5.0,17.0,7.0,20.0,9.0,23.0,9.0,25.0,8.0,26.0,9.0,26.0,8.0,24.0,7.0,22.0,6.0,19.0,5.0,15.0,4.0,10.0,3.0,5.0,3.0,0.0,3.0,-5.0,4.0,-11.0,5.0,-14.0,7.0,-17.0,9.0
1.0994,122.0,-96.0,7.0,0.0,0.0,0.0,0.0,0.0,0.0,0.0,0.0,0.0,-16.0,3.0,-17.0,2.0,-17.0,1.0,-17.0,1.0,-17.0,1.0,-17.0,0.0,-17.0,0.0,-17.0,-1.0,-17.0,-1.0,-17.0,-1.0,-17.0,-1.0,-17.0,-1.0,-16.0,-1.0,-17.0,-2.0,-16.0,-2.0,-16.0,-2.0,-16.0,-2.0,-16.0,-2.0,-16.0,-2.0,-15.0,-2.0,-15.0,-2.0,-15.0,-2.0,-15.0,-2.0,-15.0,-2.0,-14.0,-1.0,-14.0,-1.0
1.1125,122.0,-96.0,7.0,0.0,0.0,0.0,0.0,0.0,0.0,0.0,0.0,0.0,-24.0,21.0,-21.0,19.0,-18.0,17.0,-14.0,13.0,-10.0,7.0,-6.0,2.0,-3.0,-4.0,1.0,-11.0,4.0,-17.0,6.0,-23.0,8.0,-28.0,8.0,-33.0,8.0,-36.0,9.0,-39.0,7.0,-38.0,6.0,-37.0,5.0,-35.0,4.0,-30.0,4.0,-25.0,3.0,-19.0,3.0,-12.0,4.0,-5.0,6.0,3.0,8.0,10.0,10.0,16.0,13.0,21.0
1.126,122.0,-96.0,7.0,0.0,0.0,0.0,0.0,0.0,0.0,0.0,0.0,0.0,21.0,3.0,21.0,4.0,20.0,5.0,21.0,5.0,20.0,6.0,21.0,7.0,20.0,7.0,20.0,7.0,19.0,8.0,19.0,8.0,19.0,8.0,19.0,8.0,18.0,8.0,18.0,9.0,18.0,9.0,17.0,9.0,18.0,9.0,17.0,9.0,17.0,9.0,17.0,9.0,16.0,8.0,16.0,7.0,16.0,8.0,16.0,7.0,16.0,7.0,16.0,6.0
1.1398,122.0,-96.0,7.0,0.0,0.0,0.0,0.0,0.0,0.0,0.0,0.0,0.0,-23.0,2.0,-25.0,2.0,-26.0,2.0,-25.0,3.0,-24.0,3.0,-22.0,2.0,-18.0,2.0,-14.0,1.0,-10.0,0.0,-5.0,-2.0,0.0,-4.0,4.0,-6.0,9.0,-8.0,13.0,-10.0,17.0,-13.0,20.0,-15.0,20.0,-16.0,21.0,-17.0,21.0,-18.0,20.0,-17.0,17.0,-16.0,15.0,-15.0,13.0,-12.0,10.0,-9.0,6.0,-5.0,3.0,-1.0
1.1535,122.0,-96.0,7.0,0.0,0.0,0.0,0.0,0.0,0.0,0.0,0.0,0.0,-19.0,14.0,-21.0,15.0,-21.0,15.0,-20.0,16.0,-19.0,15.0,-17.0,13.0,-15.0,11.0,-11.0,8.0,-8.0,5.0,-5.0,1.0,-2.0,-3.0,0.0,-7.0,3.0,-12.0,5.0,-17.0,7.0,-21.0,8.0,-23.0,8.0,-26.0,8.0,-27.0,7.0,-27.0,6.0,-26.0,4.0,-24.0,4.0,-21.0,3.0,-17.0,3.0,-13.0,2.0,-8.0,3.0,-3.0
1.1677,122.0,-96.0,7.0,0.0,0.0,0.0,0.0,0.0,0.0,0.0,0.0,0.0,7.0,-13.0,5.0,-7.0,3.0,-2.0,1.0,4.0,0.0,11.0,-1.0,17.0,0.0,22.0,-1.0,27.0,1.0,30.0,1.0,33.0,2.0,34.0,3.0,34.0,4.0,33.0,5.0,28.0,4.0,25.0,4.0,19.0,2.0,13.0,-1.0,7.0,-4.0,1.0,-7.0,-5.0,-12.0,-9.0,-16.0,-13.0,-20.0,-18.0,-23.0,-19.0,-26.0,-20.0,-28.0,-20.0
1.1807,122.0,-96.0,7.0,0.0,0.0,0.0,0.0,0.0,0.0,0.0,0.0,0.0,9.0,12.0,9.0,12.0,9.0,13.0,9.0,12.0,8.0,13.0,7.0,13.0,7.0,13.0,7.0,13.0,7.0,13.0,6.0,14.0,6.0,14.0,6.0,14.0,5.0,13.0,5.0,14.0,5.0,14.0,5.0,13.0,5.0,13.0,5.0,13.0,4.0,13.0,5.0,12.0,5.0,12.0,5.0,12.0,4.0,12.0,5.0,11.0,5.0,11.0,5.0,11.0
1.1955,122.0,-96.0,7.0,0.0,0.0,0.0,0.0,0.0,0.0,0.0,0.0,0.0,10.0,-24.0,11.0,-26.0,11.0,-27.0,10.0,-26.0,9.0,-25.0,8.0,-23.0,8.0,-19.0,5.0,-14.0,5.0,-10.0,3.0,-4.0,3.0,1.0,2.0,7.0,2.0,12.0,2.0,18.0,2.0,24.0,2.0,26.0,4.0,29.0,4.0,30.0,5.0,30.0,5.0,29.0,5.0,26.0,4.0,22.0,4.0,18.0,2.0,14.0,0.0,9.0,-3.0,3.0
1.2096,122.0,-96.0,7.0,0.0,0.0,0.0,0.0,0.0,0.0,0.0,0.0,0.0,17.0,10.0,18.0,11.0,17.0,10.0,17.0,12.0,17.0,11.0,17.0,12.0,16.0,12.0,16.0,13.0,15.0,13.0,15.0,13.0,15.0,13.0,15.0,13.0,14.0,13.0,14.0,14.0,14.0,14.0,13.0,13.0,14.0,14.0,13.0,13.0,13.0,14.0,13.0,13.0,12.0,12.0,12.0,12.0,12.0,12.0,12.0,12.0,12.0,11.0,12.0,11.0
1.2233,122.0,-96.0,7.0,0.0,0.0,0.0,0.0,0.0,0.0,0.0,0.0,0.0,6.0,-2.0,2.0,1.0,-3.0,5.0,-7.0,8.0,-11.0,12.0,-14.0,16.0,-16.0,18.0,-18.0,21.0,-18.0,23.0,-18.0,25.0,-17.0,25.0,-16.0,24.0,-15.0,22.0,-12.0,19.0,-10.0,15.0,-7.0,11.0,-5.0,5.0,-4.0,-1.0,-3.0,-7.0,-2.0,-12.0,-2.0,-18.0,-3.0,-21.0,-3.0,-27.0,-5.0,-28.0,-5.0,-29.0,-6.0,-30.0
1.2352,122.0,-96.0,7.0,0.0,0.0,0.0,0.0,0.0,0.0,0.0,0.0,0.0,-6.0,-9.0,-2.0,-5.0,3.0,-1.0,7.0,3.0,13.0,6.0,18.0,9.0,23.0,10.0,27.0,13.0,29.0,12.0,31.0,13.0,32.0,11.0,31.0,11.0,30.0,10.0,26.0,7.0,22.0,6.0,16.0,4.0,10.0,3.0,3.0,3.0,-4.0,3.0,-10.0,4.0,-17.0,6.0,-21.0,7.0,-27.0,9.0,-29.0,11.0,-30.0,12.0,-31.0,14.0
1.2507,122.0,-96.0,7.0,0.0,0.0,0.0,0.0,0.0,0.0,0.0,0.0,0.0,-9.0,9.0,-13.0,12.0,-16.0,15.0,-18.0,17.0,-20.0,20.0,-21.0,21.0,-21.0,21.0,-21.0,21.0,-19.0,20.0,-17.0,18.0,-14.0,15.0,-11.0,11.0,-7.0,6.0,-4.0,1.0,-2.0,-4.0,2.0,-9.0,4.0,-15.0,5.0,-19.0,7.0,-23.0,8.0,-27.0,7.0,-29.0,7.0,-31.0,7.0,-31.0,5.0,-28.0,4.0,-26.0,4.0,-22.0
1.2644,122.0,-96.0,7.0,0.0,0.0,0.0,0.0,0.0,0.0,0.0,0.0,0.0,-3.0,-8.0,-4.0,-13.0,-5.0,-16.0,-6.0,-20.0,-8.0,-23.0,-8.0,-26.0,-9.0,-26.0,-9.0,-26.0,-9.0,-25.0,-9.0,-22.0,-8.0,-19.0,-7.0,-16.0,-4.0,-11.0,-2.0,-7.0,1.0,-3.0,3.0,2.0,7.0,7.0,10.0,10.0,13.0,14.0,15.0,16.0,18.0,18.0,19.0,19.0,19.0,18.0,19.0,17.0,18.0,15.0,16.0,13.0
1.2778,122.0,-96.0,7.0,0.0,0.0,0.0,0.0,0.0,0.0,0.0,0.0,0.0,-18.0,13.0,-21.0,14.0,-21.0,15.0,-21.0,15.0,-20.0,15.0,-19.0,14.0,-17.0,12.0,-13.0,10.0,-11.0,7.0,-7.0,3.0,-3.0,0.0,0.0,-4.0,4.0,-9.0,7.0,-13.0,10.0,-17.0,12.0,-20.0,13.0,-22.0,13.0,-24.0,13.0,-25.0,13.0,-25.0,11.0,-23.0,10.0,-21.0,8.0,-18.0,6.0,-14.0,5.0,-9.0,3.0,-4.0
1.2917,122.0,-96.0,7.0,0.0,0.0,0.0,0.0,0.0,0.0,0.0,0.0,0.0,-18.0,0.0,-18.0,-1.0,-18.0,-1.0,-18.0,-1.0,-18.0,-2.0,-18.0,-3.0,-18.0,-3.0,-18.0,-3.0,-17.0,-3.0,-17.0,-4.0,-18.0,-4.0,-17.0,-4.0,-17.0,-5.0,-17.0,-5.0,-17.0,-5.0,-16.0,-4.0,-16.0,-5.0,-16.0,-5.0,-16.0,-5.0,-15.0,-4.0,-15.0,-4.0,-15.0,-4.0,-14.0,-4.0,-14.0,-4.0,-14.0,-4.0,-14.0,-3.0
1.3106,122.0,-96.0,7.0,0.0,0.0,0.0,0.0,0.0,0.0,0.0,0.0,0.0,-27.0,11.0,-24.0,10.0,-21.0,9.0,-17.0,7.0,-12.0,4.0,-6.0,1.0,-1.0,-3.0,4.0,-7.0,9.0,-11.0,13.0,-16.0,17.0,-19.0,19.0,-23.0,20.0,-26.0,22.0,-28.0,20.0,-28.0,19.0,-28.0,17.0,-27.0,15.0,-24.0,12.0,-20.0,9.0,-16.0,7.0,-10.0,4.0,-3.0,3.0,3.0,1.0,10.0,0.0,15.0,1.0,20.0
1.3192,122.0,-96.0,7.0,0.0,0.0,0.0,0.0,0.0,0.0,0.0,0.0,0.0,21.0,2.0,21.0,3.0,21.0,3.0,21.0,4.0,21.0,5.0,21.0,5.0,20.0,5.0,20.0,6.0,20.0,6.0,20.0,7.0,20.0,7.0,19.0,7.0,19.0,7.0,19.0,8.0,18.0,8.0,17.0,8.0,18.0,8.0,17.0,8.0,17.0,8.0,17.0,8.0,16.0,7.0,16.0,7.0,16.0,7.0,16.0,7.0,15.0,6.0,15.0,5.0
1.3318,122.0,-96.0,7.0,0.0,0.0,0.0,0.0,0.0,0.0,0.0,0.0,0.0,-12.0,-21.0,-13.0,-23.0,-14.0,-23.0,-14.0,-23.0,-13.0,-21.0,-12.0,-19.0,-11.0,-17.0,-8.0,-12.0,-5.0,-10.0,-2.0,-5.0,2.0,-2.0,6.0,2.0,10.0,6.0,13.0,9.0,17.0,12.0,20.0,14.0,22.0,15.0,23.0,15.0,24.0,14.0,23.0,13.0,21.0,11.0,19.0,10.0,15.0,8.0,11.0,7.0,6.0,5.0,1.0,3.0
1.3464,122.0,-96.0,7.0,0.0,0.0,0.0,0.0,0.0,0.0,0.0,0.0,0.0,-4.0,8.0,-6.0,13.0,-9.0,17.0,-10.0,21.0,-11.0,24.0,-12.0,27.0,-12.0,28.0,-12.0,28.0,-11.0,27.0,-10.0,24.0,-8.0,21.0,-6.0,17.0,-6.0,12.0,-4.0,6.0,-4.0,0.0,-2.0,-6.0,-2.0,-12.0,-2.0,-17.0,-2.0,-23.0,-3.0,-27.0,-3.0,-30.0,-5.0,-31.0,-5.0,-31.0,-6.0,-30.0,-6.0,-27.0,-5.0,-24.0
1.3606,122.0,-96.0,7.0,0.0,0.0,0.0,0.0,0.0,0.0,0.0,0.0,0.0,-6.0,21.0,-7.0,24.0,-7.0,25.0,-7.0,25.0,-7.0,24.0,-6.0,22.0,-6.0,20.0,-4.0,15.0,-4.0,11.0,-3.0,6.0,-3.0,1.0,-2.0,-5.0,-3.0,-10.0,-2.0,-16.0,-3.0,-20.0,-3.0,-24.0,-4.0,-26.0,-5.0,-28.0,-5.0,-28.0,-5.0,-28.0,-6.0,-26.0,-5.0,-23.0,-4.0,-19.0,-3.0,-15.0,-2.0,-10.0,0.0,-5.0
1.3738,122.0,-96.0,7.0,0.0,0.0,0.0,0.0,0.0,0.0,0.0,0.0,0.0,21.0,-6.0,22.0,-6.0,21.0,-5.0,22.0,-5.0,22.0,-4.0,23.0,-4.0,22.0,-3.0,22.0,-3.0,22.0,-3.0,21.0,-1.0,22.0,-1.0,22.0,-1.0,21.0,0.0,22.0,0.0,22.0,0.0,20.0,0.0,21.0,0.0,20.0,1.0,21.0,1.0,20.0,0.0,19.0,0.0,19.0,-1.0,18.0,0.0,18.0,0.0,18.0,-1.0,18.0,-1.0
1.3898,122.0,-96.0,7.0,0.0,0.0,0.0,0.0,0.0,0.0,0.0,0.0,0.0,12.0,-2.0,7.0,0.0,1.0,0.0,-4.0,2.0,-10.0,4.0,-15.0,5.0,-19.0,8.0,-23.0,9.0,-25.0,11.0,-27.0,13.0,-28.0,13.0,-28.0,14.0,-27.0,14.0,-23.0,13.0,-20.0,11.0,-15.0,9.0,-11.0,6.0,-7.0,2.0,-2.0,-2.0,2.0,-7.0,6.0,-11.0,8.0,-15.0,11.0,-20.0,12.0,-23.0,13.0,-25.0,13.0,-27.0
1.4023,122.0,-96.0,7.0,0.0,0.0,0.0,0.0,0.0,0.0,0.0,0.0,0.0,23.0,0.0,25.0,0.0,26.0,0.0,25.0,0.0,24.0,0.0,21.0,0.0,18.0,-1.0,13.0,-1.0,9.0,0.0,4.0,1.0,-1.0,2.0,-6.0,2.0,-12.0,4.0,-17.0,5.0,-21.0,6.0,-24.0,7.0,-26.0,8.0,-27.0,9.0,-27.0,10.0,-26.0,10.0,-23.0,10.0,-20.0,8.0,-17.0,6.0,-13.0,4.0,-8.0,2.0,-4.0,-1.0
1.4171,122.0,-96.0,7.0,0.0,0.0,0.0,0.0,0.0,0.0,0.0,0.0,0.0,1.0,-25.0,1.0,-25.0,2.0,-25.0,2.0,-25.0,4.0,-25.0,4.0,-25.0,4.0,-24.0,5.0,-24.0,5.0,-24.0,6.0,-24.0,6.0,-24.0,6.0,-24.0,6.0,-23.0,7.0,-23.0,7.0,-23.0,6.0,-22.0,7.0,-22.0,7.0,-21.0,7.0,-21.0,7.0,-20.0,6.0,-20.0,6.0,-20.0,5.0,-19.0,5.0,-20.0,5.0,-19.0,4.0,-19.0
1.43,122.0,-96.0,7.0,0.0,0.0,0.0,0.0,0.0,0.0,0.0,0.0,0.0,12.0,-7.0,16.0,-8.0,18.0,-10.0,21.0,-11.0,22.0,-12.0,24.0,-13.0,24.0,-13.0,23.0,-12.0,21.0,-11.0,18.0,-10.0,14.0,-8.0,10.0,-6.0,6.0,-3.0,1.0,0.0,-3.0,4.0,-7.0,7.0,-11.0,10.0,-14.0,13.0,-16.0,16.0,-18.0,17.0,-19.0,20.0,-20.0,20.0,-18.0,20.0,-16.0,19.0,-14.0,17.0,-12.0,14.0
1.4438,122.0,-96.0,7.0,0.0,0.0,0.0,0.0,0.0,0.0,0.0,0.0,0.0,-26.0,-5.0,-23.0,-3.0,-20.0,-3.0,-16.0,-3.0,-11.0,-2.0,-5.0,-2.0,1.0,-2.0,7.0,-2.0,12.0,-3.0,17.0,-3.0,22.0,-4.0,25.0,-5.0,28.0,-6.0,30.0,-6.0,30.0,-7.0,29.0,-7.0,27.0,-7.0,23.0,-7.0,19.0,-5.0,14.0,-5.0,9.0,-2.0,4.0,0.0,-2.0,3.0,-7.0,6.0,-11.0,9.0,-14.0,13.0
1.4564,122.0,-96.0,7.0,0.0,0.0,0.0,0.0,0.0,0.0,0.0,0.0,0.0,-4.0,23.0,-4.0,23.0,-5.0,23.0,-5.0,23.0,-6.0,23.0,-7.0,23.0,-7.0,22.0,-8.0,22.0,-7.0,22.0,-8.0,21.0,-9.0,21.0,-8.0,21.0,-9.0,21.0,-9.0,20.0,-9.0,20.0,-9.0,19.0,-9.0,20.0,-9.0,19.0,-9.0,19.0,-9.0,18.0,-8.0,18.0,-8.0,17.0,-8.0,18.0,-8.0,17.0,-7.0,17.0,-7.0,17.0
1.4717,122.0,-96.0,7.0,0.0,0.0,0.0,0.0,0.0,0.0,0.0,0.0,0.0,-6.0,12.0,-8.0,16.0,-9.0,19.0,-10.0,21.0,-10.0,23.0,-11.0,25.0,-11.0,24.0,-11.0,23.0,-10.0,22.0,-8.0,19.0,-7.0,15.0,-5.0,10.0,-4.0,5.0,-2.0,0.0,-1.0,-5.0,0.0,-10.0,1.0,-15.0,0.0,-19.0,1.0,-23.0,0.0,-26.0,0.0,-28.0,0.0,-29.0,-1.0,-28.0,-2.0,-26.0,-2.0,-23.0,-2.0,-19.0
1.4847,122.0,-96.0,7.0,0.0,0.0,0.0,0.0,0.0,0.0,0.0,0.0,0.0,-1.0,21.0,-1.0,21.0,-1.0,21.0,-2.0,21.0,-2.0,21.0,-3.0,21.0,-3.0,20.0,-4.0,20.0,-4.0,20.0,-4.0,20.0,-5.0,20.0,-5.0,19.0,-5.0,19.0,-5.0,19.0,-6.0,19.0,-5.0,19.0,-6.0,18.0,-5.0,18.0,-5.0,18.0,-5.0,17.0,-5.0,17.0,-4.0,16.0,-4.0,16.0,-4.0,16.0,-4.0,16.0,-3.0,16.0
1.498,122.0,-96.0,7.0,0.0,0.0,0.0,0.0,0.0,0.0,0.0,0.0,0.0,-5.0,-8.0,-8.0,-11.0,-10.0,-15.0,-12.0,-18.0,-14.0,-21.0,-15.0,-23.0,-15.0,-23.0,-15.0,-24.0,-15.0,-23.0,-14.0,-20.0,-12.0,-17.0,-10.0,-14.0,-7.0,-10.0,-3.0,-6.0,0.0,-3.0,4.0,2.0,8.0,6.0,12.0,9.0,15.0,12.0,18.0,14.0,20.0,16.0,22.0,16.0,22.0,16.0,21.0,14.0,20.0,13.0,17.0,11.0
1.5138,122.0,-96.0,7.0,0.0,0.0,0.0,0.0,0.0,0.0,0.0,0.0,0.0,-16.0,-19.0,-15.0,-20.0,-15.0,-19.0,-15.0,-20.0,-14.0,-21.0,-13.0,-21.0,-13.0,-21.0,-12.0,-22.0,-12.0,-22.0,-12.0,-22.0,-11.0,-22.0,-11.0,-22.0,-10.0,-21.0,-10.0,-21.0,-9.0,-21.0,-9.0,-21.0,-9.0,-21.0,-8.0,-21.0,-9.0,-21.0,-8.0,-19.0,-8.0,-20.0,-9.0,-19.0,-8.0,-19.0,-8.0,-19.0,-9.0,-18.0,-9.0,-17.0
1.53,122.0,-96.0,7.0,0.0,0.0,0.0,0.0,0.0,0.0,0.0,0.0,0.0,-1.0,8.0,-1.0,13.0,-2.0,17.0,-2.0,21.0,-1.0,24.0,-2.0,26.0,-2.0,27.0,-2.0,27.0,-1.0,26.0,-1.0,23.0,-1.0,20.0,-1.0,16.0,-1.0,11.0,-1.0,6.0,-2.0,1.0,-2.0,-5.0,-3.0,-11.0,-5.0,-15.0,-6.0,-20.0,-7.0,-23.0,-8.0,-26.0,-9.0,-27.0,-9.0,-27.0,-10.0,-25.0,-9.0,-23.0,-8.0,-20.0
1.5472,122.0,-96.0,7.0,0.0,0.0,0.0,0.0,0.0,0.0,0.0,0.0,0.0,2.0,-10.0,1.0,-5.0,0.0,2.0,0.0,8.0,-1.0,15.0,0.0,20.0,1.0,25.0,0.0,30.0,1.0,32.0,1.0,34.0,1.0,34.0,1.0,34.0,2.0,32.0,2.0,28.0,2.0,23.0,1.0,17.0,0.0,10.0,-1.0,4.0,-3.0,-3.0,-5.0,-9.0,-8.0,-15.0,-11.0,-20.0,-12.0,-25.0,-14.0,-28.0,-15.0,-30.0,-17.0,-31.0
1.5614,122.0,-96.0,7.0,0.0,0.0,0.0,0.0,0.0,0.0,0.0,0.0,0.0,-2.0,-19.0,-1.0,-20.0,-1.0,-20.0,0.0,-19.0,0.0,-20.0,1.0,-20.0,1.0,-19.0,1.0,-20.0,1.0,-19.0,2.0,-19.0,2.0,-19.0,3.0,-19.0,3.0,-18.0,3.0,-18.0,3.0,-18.0,3.0,-18.0,3.0,-17.0,3.0,-18.0,3.0,-17.0,3.0,-16.0,2.0,-16.0,2.0,-16.0,2.0,-16.0,2.0,-15.0,1.0,-15.0,1.0,-15.0
1.5751,122.0,-96.0,7.0,0.0,0.0,0.0,0.0,0.0,0.0,0.0,0.0,0.0,20.0,-14.0,18.0,-13.0,16.0,-11.0,12.0,-9.0,9.0,-7.0,5.0,-4.0,2.0,-1.0,-3.0,3.0,-7.0,6.0,-11.0,10.0,-14.0,13.0,-16.0,15.0,-18.0,18.0,-20.0,19.0,-20.0,19.0,-20.0,20.0,-18.0,19.0,-17.0,17.0,-14.0,14.0,-11.0,11.0,-8.0,7.0,-5.0,2.0,-2.0,-2.0,2.0,-7.0,4.0,-11.0,5.0,-15.0
1.5894,122.0,-96.0,7.0,0.0,0.0,0.0,0.0,0.0,0.0,0.0,0.0,0.0,1.0,23.0,0.0,24.0,0.0,23.0,0.0,24.0,-1.0,23.0,-1.0,24.0,-2.0,23.0,-3.0,23.0,-3.0,23.0,-3.0,23.0,-3.0,23.0,-4.0,23.0,-4.0,22.0,-4.0,22.0,-5.0,22.0,-5.0,21.0,-5.0,21.0,-5.0,20.0,-4.0,21.0,-4.0,20.0,-4.0,19.0,-3.0,19.0,-3.0,19.0,-3.0,18.0,-3.0,18.0,-2.0,18.0
1.602,66.0,32.0,4.0,0.0,0.0,0.0,0.0,0.0,0.0,0.0,0.0,0.0,-7.0,9.0,-10.0,12.0,-12.0,16.0,-14.0,18.0,-15.0,21.0,-16.0,22.0,-16.0,22.0,-16.0,22.0,-15.0,20.0,-13.0,18.0,-11.0,15.0,-8.0,11.0,-6.0,7.0,-3.0,2.0,-1.0,-3.0,2.0,-7.0,4.0,-12.0,6.0,-17.0,7.0,-21.0,8.0,-24.0,9.0,-26.0,9.0,-27.0,9.0,-27.0,7.0,-25.0,6.0,-23.0,5.0,-20.0
1.6167,122.0,-96.0,7.0,0.0,0.0,0.0,0.0,0.0,0.0,0.0,0.0,0.0,-24.0,6.0,-25.0,6.0,-27.0,6.0,-25.0,6.0,-24.0,6.0,-22.0,6.0,-18.0,4.0,-13.0,3.0,-10.0,2.0,-4.0,0.0,0.0,-2.0,5.0,-4.0,10.0,-6.0,15.0,-8.0,19.0,-10.0,22.0,-11.0,24.0,-13.0,25.0,-14.0,24.0,-14.0,24.0,-14.0,21.0,-13.0,19.0,-12.0,15.0,-9.0,11.0,-7.0,7.0,-4.0,3.0,0.0
1.6291,122.0,-96.0,7.0,0.0,0.0,0.0,0.0,0.0,0.0,0.0,0.0,0.0,-25.0,0.0,-27.0,-1.0,-27.0,-1.0,-25.0,0.0,-24.0,0.0,-20.0,0.0,-17.0,-1.0,-11.0,0.0,-7.0,-1.0,-2.0,-1.0,3.0,-2.0,8.0,-3.0,14.0,-4.0,18.0,-4.0,22.0,-5.0,26.0,-5.0,27.0,-6.0,28.0,-6.0,26.0,-7.0,25.0,-7.0,22.0,-7.0,19.0,-6.0,15.0,-4.0,11.0,-3.0,6.0,-1.0,1.0,1.0
1.6416,122.0,-96.0,7.0,0.0,0.0,0.0,0.0,0.0,0.0,0.0,0.0,0.0,23.0,-7.0,24.0,-7.0,25.0,-7.0,23.0,-7.0,22.0,-6.0,18.0,-5.0,15.0,-5.0,10.0,-3.0,6.0,-2.0,1.0,0.0,-4.0,2.0,-8.0,4.0,-13.0,6.0,-18.0,8.0,-22.0,9.0,-24.0,10.0,-26.0,12.0,-26.0,12.0,-25.0,12.0,-24.0,12.0,-21.0,11.0,-18.0,9.0,-15.0,7.0,-11.0,4.0,-6.0,1.0,-2.0,-2.0
1.6548,122.0,-96.0,7.0,0.0,0.0,0.0,0.0,0.0,0.0,0.0,0.0,0.0,-12.0,20.0,-10.0,18.0,-8.0,14.0,-6.0,10.0,-4.0,5.0,-1.0,0.0,0.0,-5.0,3.0,-11.0,5.0,-16.0,6.0,-20.0,8.0,-24.0,8.0,-27.0,8.0,-29.0,9.0,-31.0,8.0,-30.0,7.0,-28.0,7.0,-26.0,6.0,-22.0,4.0,-18.0,3.0,-12.0,2.0,-7.0,2.0,-1.0,1.0,5.0,0.0,12.0,0.0,16.0,1.0,20.0
1.668,122.0,-96.0,7.0,0.0,0.0,0.0,0.0,0.0,0.0,0.0,0.0,0.0,9.0,20.0,8.0,21.0,8.0,21.0,7.0,21.0,7.0,21.0,6.0,21.0,6.0,21.0,5.0,21.0,5.0,21.0,5.0,21.0,4.0,21.0,4.0,20.0,4.0,20.0,4.0,21.0,3.0,20.0,3.0,20.0,3.0,19.0,3.0,19.0,3.0,19.0,3.0,18.0,3.0,18.0,3.0,18.0,3.0,17.0,4.0,17.0,4.0,16.0,4.0,16.0
1.6818,122.0,-96.0,7.0,0.0,0.0,0.0,0.0,0.0,0.0,0.0,0.0,0.0,7.0,4.0,2.0,2.0,-3.0,-1.0,-8.0,-3.0,-13.0,-5.0,-18.0,-7.0,-22.0,-8.0,-26.0,-9.0,-28.0,-9.0,-30.0,-10.0,-30.0,-9.0,-29.0,-9.0,-27.0,-9.0,-24.0,-7.0,-20.0,-6.0,-15.0,-4.0,-9.0,-3.0,-4.0,-2.0,3.0,-1.0,9.0,-1.0,14.0,-2.0,19.0,-2.0,24.0,-1.0,26.0,-2.0,28.0,-3.0,30.0,-3.0
1.6978,122.0,-96.0,7.0,0.0,0.0,0.0,0.0,0.0,0.0,0.0,0.0,0.0,-20.0,-12.0,-20.0,-13.0,-19.0,-13.0,-20.0,-14.0,-19.0,-14.0,-19.0,-15.0,-18.0,-14.0,-18.0,-15.0,-17.0,-15.0,-17.0,-15.0,-17.0,-16.0,-16.0,-15.0,-16.0,-15.0,-15.0,-16.0,-15.0,-16.0,-14.0,-15.0,-15.0,-16.0,-14.0,-16.0,-14.0,-16.0,-14.0,-14.0,-14.0,-14.0,-13.0,-14.0,-14.0,-14.0,-13.0,-13.0,-13.0,-13.0,-13.0,-12.0
1.7112,122.0,-96.0,7.0,0.0,0.0,0.0,0.0,0.0,0.0,0.0,0.0,0.0,12.0,3.0,17.0,5.0,20.0,6.0,24.0,8.0,26.0,8.0,28.0,9.0,28.0,9.0,28.0,9.0,26.0,9.0,23.0,7.0,19.0,6.0,14.0,4.0,8.0,3.0,2.0,1.0,-3.0,0.0,-9.0,-2.0,-15.0,-3.0,-20.0,-4.0,-24.0,-5.0,-28.0,-5.0,-30.0,-5.0,-32.0,-5.0,-32.0,-5.0,-29.0,-4.0,-26.0,-3.0,-23.0,-3.0
1.7258,122.0,-96.0,7.0,0.0,0.0,0.0,0.0,0.0,0.0,0.0,0.0,0.0,-12.0,0.0,-17.0,0.0,-20.0,-1.0,-23.0,-1.0,-26.0,-1.0,-28.0,-1.0,-28.0,-1.0,-27.0,-2.0,-26.0,-2.0,-23.0,-1.0,-19.0,-1.0,-14.0,-1.0,-9.0,-1.0,-3.0,-1.0,2.0,-2.0,7.0,-2.0,13.0,-2.0,17.0,-3.0,22.0,-3.0,24.0,-4.0,27.0,-4.0,28.0,-4.0,27.0,-5.0,25.0,-5.0,22.0,-5.0,19.0,-4.0
1.7406,122.0,-96.0,7.0,0.0,0.0,0.0,0.0,0.0,0.0,0.0,0.0,0.0,-16.0,-10.0,-17.0,-10.0,-16.0,-11.0,-17.0,-11.0,-15.0,-11.0,-16.0,-12.0,-15.0,-12.0,-15.0,-12.0,-14.0,-12.0,-14.0,-13.0,-14.0,-13.0,-14.0,-13.0,-13.0,-13.0,-13.0,-13.0,-13.0,-13.0,-12.0,-13.0,-12.0,-13.0,-11.0,-13.0,-12.0,-13.0,-11.0,-12.0,-12.0,-12.0,-11.0,-12.0,-11.0,-11.0,-11.0,-11.0,-11.0,-11.0,-11.0,-10.0
1.753,122.0,-96.0,7.0,0.0,0.0,0.0,0.0,0.0,0.0,0.0,0.0,0.0,11.0,-1.0,4.0,0.0,-3.0,0.0,-10.0,0.0,-17.0,1.0,-24.0,1.0,-30.0,2.0,-35.0,2.0,-37.0,3.0,-40.0,3.0,-40.0,4.0,-39.0,3.0,-37.0,3.0,-32.0,3.0,-27.0,3.0,-20.0,2.0,-12.0,1.0,-6.0,-1.0,3.0,-2.0,11.0,-4.0,17.0,-7.0,23.0,-10.0,29.0,-11.0,32.0,-13.0,34.0,-14.0,35.0,-15.0
1.7676,122.0,-96.0,7.0,0.0,0.0,0.0,0.0,0.0,0.0,0.0,0.0,0.0,-4.0,-12.0,-5.0,-16.0,-6.0,-19.0,-7.0,-22.0,-8.0,-25.0,-8.0,-27.0,-8.0,-27.0,-8.0,-27.0,-7.0,-25.0,-7.0,-22.0,-6.0,-18.0,-5.0,-14.0,-3.0,-9.0,-1.0,-4.0,1.0,1.0,3.0,6.0,5.0,12.0,7.0,15.0,9.0,20.0,10.0,22.0,11.0,25.0,12.0,25.0,12.0,25.0,12.0,23.0,11.0,20.0,10.0,18.0
1.7814,122.0,-96.0,7.0,0.0,0.0,0.0,0.0,0.0,0.0,0.0,0.0,0.0,21.0,8.0,18.0,7.0,16.0,6.0,12.0,5.0,8.0,3.0,3.0,1.0,-2.0,0.0,-7.0,-2.0,-12.0,-4.0,-17.0,-5.0,-21.0,-7.0,-24.0,-7.0,-26.0,-7.0,-28.0,-8.0,-27.0,-8.0,-27.0,-7.0,-25.0,-6.0,-23.0,-6.0,-18.0,-5.0,-14.0,-4.0,-8.0,-3.0,-3.0,-2.0,3.0,-2.0,8.0,-1.0,13.0,-1.0,17.0,-2.0
1.7948,122.0,-96.0,7.0,0.0,0.0,0.0,0.0,0.0,0.0,0.0,0.0,0.0,23.0,6.0,19.0,5.0,16.0,3.0,11.0,2.0,6.0,1.0,0.0,0.0,-5.0,0.0,-11.0,-1.0,-17.0,-3.0,-22.0,-3.0,-26.0,-4.0,-29.0,-3.0,-31.0,-3.0,-33.0,-4.0,-32.0,-3.0,-30.0,-2.0,-27.0,-2.0,-24.0,-2.0,-19.0,-2.0,-14.0,-1.0,-8.0,-2.0,-1.0,-2.0,5.0,-3.0,11.0,-3.0,16.0,-4.0,20.0,-6.0
1.8095,122.0,-96.0,7.0,0.0,0.0,0.0,0.0,0.0,0.0,0.0,0.0,0.0,-6.0,10.0,-8.0,13.0,-10.0,17.0,-12.0,19.0,-13.0,22.0,-14.0,23.0,-14.0,24.0,-14.0,23.0,-13.0,22.0,-11.0,19.0,-9.0,16.0,-7.0,12.0,-5.0,7.0,-2.0,2.0,-1.0,-3.0,2.0,-8.0,4.0,-13.0,5.0,-18.0,6.0,-22.0,6.0,-25.0,7.0,-27.0,7.0,-28.0,7.0,-28.0,5.0,-26.0,4.0,-24.0,4.0,-21.0
1.823,122.0,-96.0,7.0,0.0,0.0,0.0,0.0,0.0,0.0,0.0,0.0,0.0,3.0,8.0,0.0,3.0,-2.0,-2.0,-4.0,-7.0,-7.0,-13.0,-9.0,-17.0,-12.0,-21.0,-13.0,-24.0,-15.0,-26.0,-16.0,-28.0,-16.0,-27.0,-16.0,-27.0,-15.0,-26.0,-14.0,-22.0,-11.0,-19.0,-9.0,-13.0,-5.0,-8.0,-1.0,-4.0,2.0,1.0,6.0,6.0,11.0,10.0,14.0,12.0,18.0,16.0,21.0,18.0,22.0,19.0,23.0,19.0
1.836,122.0,-96.0,7.0,0.0,0.0,0.0,0.0,0.0,0.0,0.0,0.0,0.0,-8.0,3.0,-4.0,0.0,1.0,-2.0,6.0,-5.0,11.0,-8.0,16.0,-11.0,19.0,-13.0,22.0,-15.0,23.0,-17.0,26.0,-18.0,25.0,-18.0,25.0,-17.0,23.0,-16.0,19.0,-15.0,16.0,-12.0,11.0,-10.0,7.0,-6.0,3.0,-2.0,-2.0,3.0,-6.0,7.0,-9.0,12.0,-11.0,16.0,-16.0,20.0,-17.0,22.0,-18.0,23.0,-18.0,25.0
1.8516,122.0,-96.0,7.0,0.0,0.0,0.0,0.0,0.0,0.0,0.0,0.0,0.0,-16.0,-11.0,-16.0,-12.0,-15.0,-12.0,-16.0,-13.0,-15.0,-13.0,-15.0,-14.0,-14.0,-13.0,-14.0,-14.0,-13.0,-14.0,-13.0,-14.0,-13.0,-14.0,-13.0,-14.0,-12.0,-14.0,-12.0,-14.0,-12.0,-14.0,-11.0,-14.0,-11.0,-14.0,-11.0,-14.0,-11.0,-14.0,-11.0,-13.0,-10.0,-13.0,-10.0,-12.0,-10.0,-12.0,-10.0,-12.0,-10.0,-11.0,-10.0,-11.0
1.8651,122.0,-96.0,7.0,0.0,0.0,0.0,0.0,0.0,0.0,0.0,0.0,0.0,-8.0,-10.0,-10.0,-14.0,-12.0,-16.0,-14.0,-19.0,-16.0,-21.0,-17.0,-23.0,-16.0,-23.0,-16.0,-23.0,-15.0,-22.0,-13.0,-19.0,-11.0,-15.0,-9.0,-12.0,-5.0,-8.0,-2.0,-3.0,2.0,1.0,5.0,5.0,9.0,10.0,12.0,12.0,15.0,16.0,17.0,18.0,19.0,19.0,20.0,20.0,20.0,19.0,19.0,17.0,17.0,15.0,15.0,13.0
1.8798,122.0,-96.0,7.0,0.0,0.0,0.0,0.0,0.0,0.0,0.0,0.0,0.0,6.0,-23.0,7.0,-23.0,7.0,-23.0,8.0,-23.0,9.0,-23.0,9.0,-22.0,9.0,-21.0,10.0,-21.0,10.0,-21.0,11.0,-20.0,11.0,-20.0,11.0,-20.0,11.0,-19.0,11.0,-19.0,12.0,-19.0,11.0,-18.0,11.0,-18.0,11.0,-18.0,11.0,-17.0,10.0,-17.0,10.0,-17.0,9.0,-16.0,9.0,-16.0,9.0,-16.0,8.0,-16.0,8.0,-16.0
1.8949,122.0,-96.0,7.0,0.0,0.0,0.0,0.0,0.0,0.0,0.0,0.0,0.0,1.0,-6.0,1.0,-1.0,-1.0,5.0,-2.0,10.0,-2.0,16.0,-3.0,21.0,-3.0,24.0,-3.0,28.0,-2.0,29.0,-3.0,31.0,-2.0,30.0,-2.0,29.0,-2.0,26.0,-1.0,22.0,-2.0,18.0,-1.0,12.0,-1.0,6.0,-2.0,0.0,-2.0,-6.0,-3.0,-12.0,-4.0,-17.0,-6.0,-21.0,-6.0,-26.0,-8.0,-28.0,-9.0,-29.0,-9.0,-30.0
1.909,122.0,-96.0,7.0,0.0,0.0,0.0,0.0,0.0,0.0,0.0,0.0,0.0,-11.0,20.0,-12.0,20.0,-12.0,19.0,-13.0,20.0,-13.0,19.0,-14.0,19.0,-14.0,18.0,-14.0,17.0,-14.0,17.0,-15.0,16.0,-15.0,17.0,-15.0,16.0,-15.0,16.0,-15.0,15.0,-15.0,15.0,-14.0,15.0,-14.0,15.0,-15.0,14.0,-14.0,14.0,-13.0,14.0,-14.0,13.0,-13.0,13.0,-13.0,13.0,-13.0,14.0,-12.0,13.0,-11.0,13.0
1.9224,122.0,-96.0,7.0,0.0,0.0,0.0,0.0,0.0,0.0,0.0,0.0,0.0,-3.0,-6.0,0.0,-1.0,3.0,4.0,6.0,8.0,10.0,12.0,13.0,16.0,16.0,19.0,17.0,22.0,19.0,22.0,19.0,23.0,19.0,23.0,18.0,22.0,17.0,20.0,15.0,16.0,11.0,14.0,8.0,9.0,3.0,4.0,-1.0,1.0,-6.0,-4.0,-11.0,-7.0,-15.0,-10.0,-19.0,-12.0,-23.0,-16.0,-25.0,-16.0,-26.0,-16.0,-27.0,-16.0
1.936,122.0,-96.0,7.0,0.0,0.0,0.0,0.0,0.0,0.0,0.0,0.0,0.0,22.0,15.0,19.0,12.0,14.0,9.0,10.0,7.0,5.0,4.0,-1.0,0.0,-7.0,-2.0,-13.0,-6.0,-18.0,-9.0,-23.0,-11.0,-27.0,-14.0,-29.0,-15.0,-32.0,-15.0,-33.0,-17.0,-32.0,-16.0,-30.0,-14.0,-28.0,-13.0,-24.0,-11.0,-19.0,-9.0,-13.0,-6.0,-7.0,-4.0,0.0,-3.0,7.0,0.0,14.0,2.0,19.0,3.0,24.0,3.0
1.9505,122.0,-96.0,7.0,0.0,0.0,0.0,0.0,0.0,0.0,0.0,0.0,0.0,9.0,-8.0,13.0,-10.0,16.0,-12.0,19.0,-14.0,21.0,-15.0,23.0,-16.0,23.0,-16.0,23.0,-16.0,21.0,-15.0,18.0,-13.0,15.0,-11.0,11.0,-8.0,7.0,-5.0,2.0,-1.0,-2.0,2.0,-7.0,6.0,-11.0,9.0,-14.0,12.0,-17.0,15.0,-20.0,17.0,-21.0,19.0,-22.0,20.0,-21.0,20.0,-19.0,19.0,-17.0,17.0,-14.0,15.0
1.9637,122.0,-96.0,7.0,0.0,0.0,0.0,0.0,0.0,0.0,0.0,0.0,0.0,-16.0,5.0,-16.0,5.0,-16.0,5.0,-17.0,5.0,-17.0,5.0,-18.0,5.0,-17.0,5.0,-18.0,4.0,-18.0,4.0,-18.0,4.0,-18.0,4.0,-18.0,4.0,-18.0,4.0,-19.0,3.0,-19.0,3.0,-18.0,3.0,-19.0,3.0,-19.0,3.0,-19.0,3.0,-19.0,3.0,-19.0,3.0,-19.0,3.0,-19.0,2.0,-18.0,3.0,-18.0,3.0,-18.0,3.0
1.9763,122.0,-96.0,7.0,0.0,0.0,0.0,0.0,0.0,0.0,0.0,0.0,0.0,7.0,8.0,3.0,5.0,-1.0,1.0,-5.0,-4.0,-9.0,-8.0,-13.0,-12.0,-17.0,-14.0,-20.0,-18.0,-22.0,-20.0,-23.0,-21.0,-24.0,-21.0,-24.0,-21.0,-23.0,-21.0,-20.0,-18.0,-17.0,-15.0,-13.0,-11.0,-9.0,-7.0,-4.0,-4.0,1.0,0.0,7.0,3.0,11.0,6.0,16.0,8.0,21.0,12.0,24.0,12.0,26.0,13.0,27.0,14.0
1.9896,122.0,-96.0,7.0,0.0,0.0,0.0,0.0,0.0,0.0,0.0,0.0,0.0,26.0,8.0,26.0,9.0,26.0,9.0,26.0,10.0,25.0,11.0,25.0,11.0,25.0,11.0,24.0,12.0,24.0,12.0,24.0,13.0,23.0,14.0,22.0,14.0,22.0,13.0,22.0,14.0,21.0,14.0,21.0,13.0,21.0,14.0,20.0,13.0,20.0,13.0,20.0,13.0,19.0,11.0,19.0,11.0,19.0,11.0,19.0,11.0,18.0,10.0,18.0,9.0
2.003,122.0,-96.0,7.0,0.0,0.0,0.0,0.0,0.0,0.0,0.0,0.0,0.0,-13.0,14.0,-14.0,13.0,-14.0,14.0,-14.0,13.0,-15.0,13.0,-15.0,12.0,-15.0,12.0,-16.0,11.0,-16.0,11.0,-16.0,11.0,-16.0,11.0,-16.0,10.0,-16.0,10.0,-16.0,10.0,-16.0,9.0,-16.0,10.0,-15.0,9.0,-16.0,9.0,-15.0,8.0,-15.0,8.0,-14.0,8.0,-14.0,8.0,-14.0,8.0,-13.0,8.0,-13.0,8.0,-13.0,8.0
2.0168,122.0,-96.0,7.0,0.0,0.0,0.0,0.0,0.0,0.0,0.0,0.0,0.0,24.0,12.0,21.0,10.0,18.0,9.0,15.0,7.0,10.0,5.0,5.0,2.0,0.0,0.0,-6.0,-3.0,-11.0,-6.0,-16.0,-8.0,-21.0,-11.0,-24.0,-12.0,-26.0,-13.0,-29.0,-15.0,-29.0,-14.0,-29.0,-14.0,-27.0,-13.0,-24.0,-12.0,-20.0,-10.0,-15.0,-7.0,-10.0,-5.0,-4.0,-3.0,2.0,-1.0,8.0,2.0,13.0,4.0,18.0,5.0
2.0324,122.0,-96.0,7.0,0.0,0.0,0.0,0.0,0.0,0.0,0.0,0.0,0.0,11.0,-14.0,12.0,-14.0,12.0,-14.0,12.0,-14.0,13.0,-13.0,13.0,-13.0,13.0,-12.0,13.0,-12.0,13.0,-12.0,13.0,-11.0,13.0,-12.0,13.0,-11.0,13.0,-11.0,13.0,-11.0,14.0,-10.0,13.0,-10.0,13.0,-10.0,13.0,-10.0,13.0,-10.0,12.0,-10.0,12.0,-9.0,12.0,-9.0,11.0,-9.0,11.0,-9.0,10.0,-10.0,10.0,-9.0
2.0439,122.0,-96.0,7.0,0.0,0.0,0.0,0.0,0.0,0.0,0.0,0.0,0.0,3.0,19.0,3.0,19.0,3.0,19.0,3.0,19.0,2.0,19.0,2.0,20.0,3.0,20.0,2.0,20.0,2.0,20.0,1.0,21.0,1.0,20.0,1.0,21.0,1.0,21.0,0.0,21.0,0.0,21.0,1.0,21.0,0.0,21.0,0.0,21.0,0.0,22.0,0.0,21.0,0.0,21.0,1.0,21.0,0.0,21.0,0.0,21.0,0.0,20.0,0.0,20.0
2.0588,122.0,-96.0,7.0,0.0,0.0,0.0,0.0,0.0,0.0,0.0,0.0,0.0,22.0,-4.0,23.0,-3.0,22.0,-3.0,22.0,-3.0,23.0,-2.0,22.0,-1.0,22.0,0.0,22.0,0.0,22.0,1.0,22.0,1.0,22.0,1.0,22.0,1.0,21.0,1.0,21.0,2.0,21.0,3.0,20.0,2.0,20.0,3.0,20.0,2.0,19.0,3.0,19.0,2.0,18.0,2.0,18.0,2.0,18.0,2.0,18.0,2.0,17.0,1.0,17.0,1.0
2.0706,122.0,-96.0,7.0,0.0,0.0,0.0,0.0,0.0,0.0,0.0,0.0,0.0,18.0,1.0,18.0,1.0,18.0,1.0,18.0,1.0,19.0,2.0,19.0,2.0,19.0,2.0,19.0,2.0,19.0,2.0,20.0,2.0,20.0,3.0,20.0,3.0,20.0,3.0,20.0,4.0,20.0,4.0,20.0,3.0,20.0,4.0,21.0,4.0,20.0,4.0,20.0,4.0,21.0,4.0,21.0,4.0,21.0,4.0,20.0,4.0,20.0,4.0,20.0,4.0
2.084,122.0,-96.0,7.0,0.0,0.0,0.0,0.0,0.0,0.0,0.0,0.0,0.0,4.0,1.0,-1.0,0.0,-7.0,-1.0,-12.0,-3.0,-17.0,-4.0,-23.0,-5.0,-25.0,-6.0,-29.0,-7.0,-31.0,-7.0,-32.0,-7.0,-31.0,-6.0,-30.0,-6.0,-27.0,-6.0,-23.0,-4.0,-19.0,-4.0,-12.0,-3.0,-6.0,-2.0,0.0,-2.0,6.0,-1.0,12.0,-1.0,18.0,-1.0,22.0,-1.0,26.0,-1.0,28.0,-2.0,30.0,-2.0,31.0,-2.0
2.0978,122.0,-96.0,7.0,0.0,0.0,0.0,0.0,0.0,0.0,0.0,0.0,0.0,11.0,-19.0,9.0,-17.0,7.0,-13.0,5.0,-9.0,2.0,-5.0,0.0,0.0,-2.0,5.0,-5.0,10.0,-8.0,14.0,-9.0,18.0,-12.0,21.0,-12.0,23.0,-12.0,25.0,-14.0,26.0,-13.0,25.0,-12.0,23.0,-12.0,21.0,-9.0,17.0,-8.0,14.0,-5.0,9.0,-4.0,4.0,-1.0,-1.0,0.0,-7.0,3.0,-12.0,4.0,-16.0,4.0,-20.0
2.113,122.0,-96.0,7.0,0.0,0.0,0.0,0.0,0.0,0.0,0.0,0.0,0.0,12.0,22.0,12.0,23.0,11.0,23.0,11.0,22.0,10.0,20.0,8.0,17.0,6.0,14.0,4.0,9.0,2.0,5.0,-1.0,0.0,-4.0,-4.0,-7.0,-9.0,-9.0,-13.0,-11.0,-18.0,-13.0,-22.0,-14.0,-24.0,-15.0,-25.0,-16.0,-26.0,-16.0,-25.0,-15.0,-23.0,-13.0,-20.0,-11.0,-17.0,-9.0,-14.0,-6.0,-10.0,-3.0,-5.0,1.0,-1.0
2.1302,122.0,-96.0,7.0,0.0,0.0,0.0,0.0,0.0,0.0,0.0,0.0,0.0,21.0,-8.0,22.0,-7.0,22.0,-7.0,22.0,-7.0,23.0,-6.0,23.0,-6.0,22.0,-5.0,23.0,-5.0,22.0,-4.0,22.0,-4.0,22.0,-4.0,22.0,-3.0,22.0,-3.0,22.0,-2.0,21.0,-2.0,21.0,-2.0,20.0,-2.0,20.0,-2.0,20.0,-2.0,19.0,-2.0,19.0,-2.0,19.0,-3.0,18.0,-2.0,18.0,-2.0,18.0,-3.0,17.0,-3.0
2.1404,122.0,-96.0,7.0,0.0,0.0,0.0,0.0,0.0,0.0,0.0,0.0,0.0,24.0,-4.0,25.0,-4.0,26.0,-3.0,24.0,-3.0,22.0,-2.0,19.0,-2.0,16.0,-1.0,9.0,-1.0,5.0,-1.0,-1.0,0.0,-5.0,1.0,-11.0,2.0,-15.0,2.0,-21.0,2.0,-24.0,2.0,-28.0,3.0,-28.0,3.0,-29.0,3.0,-28.0,3.0,-26.0,3.0,-23.0,3.0,-20.0,2.0,-16.0,1.0,-11.0,1.0,-5.0,0.0,0.0,-1.0
2.1541,122.0,-96.0,7.0,0.0,0.0,0.0,0.0,0.0,0.0,0.0,0.0,0.0,17.0,-7.0,18.0,-7.0,17.0,-6.0,18.0,-6.0,18.0,-5.0,18.0,-5.0,18.0,-5.0,18.0,-4.0,18.0,-4.0,18.0,-4.0,18.0,-3.0,17.0,-3.0,17.0,-3.0,17.0,-2.0,17.0,-2.0,17.0,-2.0,16.0,-2.0,16.0,-2.0,16.0,-2.0,16.0,-2.0,15.0,-2.0,14.0,-3.0,15.0,-2.0,14.0,-2.0,14.0,-3.0,13.0,-3.0
2.1666,122.0,-96.0,7.0,0.0,0.0,0.0,0.0,0.0,0.0,0.0,0.0,0.0,24.0,8.0,24.0,8.0,24.0,9.0,23.0,8.0,21.0,8.0,18.0,7.0,14.0,6.0,9.0,3.0,5.0,2.0,-1.0,0.0,-5.0,-1.0,-10.0,-3.0,-15.0,-5.0,-20.0,-7.0,-23.0,-9.0,-26.0,-10.0,-27.0,-10.0,-28.0,-10.0,-27.0,-9.0,-26.0,-9.0,-23.0,-7.0,-19.0,-7.0,-15.0,-5.0,-10.0,-4.0,-5.0,-3.0,1.0,-1.0
2.1792,122.0,-96.0,7.0,0.0,0.0,0.0,0.0,0.0,0.0,0.0,0.0,0.0,-18.0,7.0,-18.0,6.0,-18.0,6.0,-18.0,6.0,-19.0,5.0,-19.0,4.0,-18.0,4.0,-19.0,4.0,-19.0,3.0,-19.0,3.0,-18.0,3.0,-18.0,3.0,-18.0,3.0,-18.0,2.0,-18.0,2.0,-17.0,2.0,-17.0,2.0,-17.0,2.0,-17.0,1.0,-16.0,2.0,-16.0,2.0,-15.0,2.0,-15.0,2.0,-15.0,2.0,-15.0,3.0,-14.0,3.0
2.1918,122.0,-96.0,7.0,0.0,0.0,0.0,0.0,0.0,0.0,0.0,0.0,0.0,-10.0,12.0,-11.0,12.0,-11.0,12.0,-11.0,12.0,-12.0,12.0,-12.0,12.0,-13.0,12.0,-13.0,12.0,-13.0,12.0,-14.0,12.0,-13.0,12.0,-14.0,12.0,-14.0,12.0,-14.0,12.0,-15.0,12.0,-14.0,12.0,-15.0,12.0,-15.0,12.0,-15.0,11.0,-15.0,11.0,-16.0,11.0,-15.0,11.0,-15.0,12.0,-15.0,11.0,-15.0,11.0,-15.0,11.0
2.2053,122.0,-96.0,7.0,0.0,0.0,0.0,0.0,0.0,0.0,0.0,0.0,0.0,9.0,-14.0,11.0,-18.0,13.0,-21.0,15.0,-23.0,16.0,-25.0,18.0,-26.0,17.0,-26.0,17.0,-24.0,15.0,-22.0,13.0,-18.0,10.0,-15.0,6.0,-10.0,3.0,-5.0,0.0,0.0,-3.0,5.0,-7.0,10.0,-10.0,15.0,-11.0,19.0,-14.0,23.0,-15.0,26.0,-16.0,27.0,-16.0,28.0,-15.0,27.0,-13.0,25.0,-11.0,22.0,-9.0,18.0
2.2195,122.0,-96.0,7.0,0.0,0.0,0.0,0.0,0.0,0.0,0.0,0.0,0.0,-4.0,21.0,-4.0,23.0,-5.0,23.0,-4.0,23.0,-4.0,21.0,-4.0,19.0,-4.0,15.0,-3.0,11.0,-2.0,7.0,-2.0,2.0,-1.0,-3.0,-1.0,-8.0,0.0,-12.0,1.0,-17.0,2.0,-21.0,3.0,-24.0,2.0,-26.0,3.0,-26.0,2.0,-26.0,2.0,-25.0,1.0,-23.0,2.0,-20.0,1.0,-16.0,1.0,-12.0,1.0,-7.0,0.0,-2.0
2.2332,122.0,-96.0,7.0,0.0,0.0,0.0,0.0,0.0,0.0,0.0,0.0,0.0,1.0,-19.0,2.0,-19.0,2.0,-19.0,3.0,-19.0,3.0,-19.0,4.0,-19.0,4.0,-19.0,4.0,-19.0,4.0,-18.0,5.0,-18.0,5.0,-18.0,5.0,-17.0,5.0,-17.0,6.0,-17.0,6.0,-17.0,6.0,-16.0,6.0,-16.0,6.0,-16.0,5.0,-15.0,5.0,-15.0,5.0,-15.0,5.0,-15.0,5.0,-15.0,4.0,-14.0,4.0,-14.0,3.0,-14.0
2.2466,122.0,-96.0,7.0,0.0,0.0,0.0,0.0,0.0,0.0,0.0,0.0,0.0,0.0,-12.0,1.0,-17.0,1.0,-20.0,2.0,-24.0,2.0,-26.0,3.0,-28.0,3.0,-28.0,3.0,-27.0,3.0,-25.0,2.0,-22.0,2.0,-18.0,1.0,-14.0,1.0,-8.0,0.0,-3.0,0.0,3.0,0.0,8.0,-1.0,14.0,-1.0,18.0,-1.0,22.0,-1.0,25.0,-1.0,27.0,-1.0,28.0,-1.0,28.0,0.0,26.0,1.0,23.0,1.0,20.0
2.2614,122.0,-96.0,7.0,0.0,0.0,0.0,0.0,0.0,0.0,0.0,0.0,0.0,14.0,-18.0,12.0,-16.0,10.0,-13.0,7.0,-11.0,4.0,-6.0,2.0,-2.0,-1.0,2.0,-5.0,6.0,-8.0,10.0,-10.0,14.0,-13.0,18.0,-14.0,20.0,-15.0,22.0,-17.0,23.0,-16.0,23.0,-15.0,22.0,-14.0,20.0,-13.0,18.0,-10.0,14.0,-8.0,10.0,-5.0,5.0,-2.0,0.0,0.0,-4.0,3.0,-9.0,5.0,-14.0,6.0,-18.0
2.275,122.0,-96.0,7.0,0.0,0.0,0.0,0.0,0.0,0.0,0.0,0.0,0.0,-4.0,24.0,-5.0,24.0,-5.0,23.0,-6.0,24.0,-7.0,24.0,-7.0,24.0,-7.0,23.0,-8.0,23.0,-8.0,22.0,-8.0,22.0,-9.0,22.0,-9.0,21.0,-9.0,21.0,-10.0,21.0,-10.0,21.0,-9.0,20.0,-9.0,20.0,-9.0,19.0,-9.0,19.0,-8.0,19.0,-8.0,19.0,-8.0,18.0,-7.0,18.0,-7.0,18.0,-6.0,18.0,-6.0,17.0
2.2884,122.0,-96.0,7.0,0.0,0.0,0.0,0.0,0.0,0.0,0.0,0.0,0.0,27.0,7.0,24.0,5.0,20.0,5.0,15.0,3.0,9.0,2.0,3.0,1.0,-4.0,0.0,-11.0,-2.0,-17.0,-4.0,-22.0,-4.0,-28.0,-6.0,-31.0,-7.0,-34.0,-7.0,-36.0,-8.0,-36.0,-7.0,-34.0,-6.0,-31.0,-6.0,-27.0,-5.0,-23.0,-5.0,-17.0,-3.0,-10.0,-3.0,-3.0,-2.0,4.0,-1.0,12.0,-1.0,18.0,0.0,23.0,-1.0
2.3014,122.0,-96.0,7.0,0.0,0.0,0.0,0.0,0.0,0.0,0.0,0.0,0.0,-4.0,-22.0,-4.0,-24.0,-4.0,-25.0,-4.0,-23.0,-3.0,-22.0,-3.0,-20.0,-2.0,-17.0,-2.0,-12.0,-1.0,-8.0,0.0,-3.0,1.0,1.0,1.0,6.0,2.0,11.0,3.0,16.0,3.0,20.0,4.0,23.0,4.0,24.0,5.0,25.0,5.0,25.0,5.0,24.0,4.0,21.0,4.0,18.0,3.0,15.0,2.0,11.0,1.0,6.0,-1.0,1.0
2.3163,122.0,-96.0,7.0,0.0,0.0,0.0,0.0,0.0,0.0,0.0,0.0,0.0,21.0,-9.0,21.0,-8.0,21.0,-8.0,21.0,-7.0,22.0,-7.0,22.0,-6.0,22.0,-5.0,22.0,-5.0,22.0,-5.0,22.0,-4.0,22.0,-4.0,21.0,-4.0,21.0,-3.0,21.0,-3.0,21.0,-3.0,20.0,-3.0,19.0,-2.0,20.0,-2.0,20.0,-2.0,19.0,-3.0,19.0,-2.0,18.0,-4.0,18.0,-3.0,17.0,-3.0,17.0,-3.0,16.0,-4.0
2.3304,122.0,-96.0,7.0,0.0,0.0,0.0,0.0,0.0,0.0,0.0,0.0,0.0,6.0,-22.0,6.0,-24.0,7.0,-23.0,7.0,-23.0,6.0,-21.0,6.0,-19.0,5.0,-16.0,3.0,-12.0,2.0,-8.0,1.0,-3.0,0.0,2.0,-2.0,7.0,-3.0,11.0,-5.0,16.0,-6.0,20.0,-7.0,22.0,-7.0,24.0,-7.0,25.0,-7.0,25.0,-6.0,23.0,-5.0,21.0,-5.0,18.0,-4.0,14.0,-3.0,10.0,-2.0,6.0,-2.0,1.0
2.3432,122.0,-96.0,7.0,0.0,0.0,0.0,0.0,0.0,0.0,0.0,0.0,0.0,-2.0,19.0,-2.0,19.0,-2.0,19.0,-2.0,20.0,-3.0,20.0,-4.0,20.0,-4.0,20.0,-4.0,20.0,-4.0,20.0,-5.0,21.0,-4.0,21.0,-4.0,21.0,-5.0,21.0,-5.0,21.0,-6.0,21.0,-5.0,21.0,-6.0,21.0,-6.0,21.0,-7.0,21.0,-6.0,21.0,-6.0,22.0,-6.0,21.0,-7.0,21.0,-6.0,21.0,-6.0,21.0,-6.0,20.0
2.3578,122.0,-96.0,7.0,0.0,0.0,0.0,0.0,0.0,0.0,0.0,0.0,0.0,-18.0,-7.0,-18.0,-8.0,-18.0,-8.0,-18.0,-8.0,-18.0,-9.0,-18.0,-9.0,-19.0,-9.0,-18.0,-10.0,-19.0,-10.0,-19.0,-10.0,-18.0,-10.0,-19.0,-11.0,-19.0,-10.0,-19.0,-11.0,-19.0,-12.0,-18.0,-11.0,-19.0,-11.0,-19.0,-12.0,-19.0,-12.0,-19.0,-11.0,-19.0,-12.0,-19.0,-12.0,-19.0,-12.0,-19.0,-11.0,-18.0,-11.0,-18.0,-11.0
2.3715,122.0,-96.0,7.0,0.0,0.0,0.0,0.0,0.0,0.0,0.0,0.0,0.0,7.0,15.0,7.0,16.0,7.0,16.0,6.0,16.0,6.0,17.0,6.0,17.0,5.0,16.0,4.0,16.0,5.0,16.0,4.0,17.0,4.0,17.0,3.0,16.0,3.0,16.0,3.0,16.0,2.0,16.0,3.0,16.0,2.0,15.0,2.0,15.0,2.0,15.0,2.0,14.0,2.0,14.0,3.0,14.0,2.0,14.0,2.0,13.0,3.0,13.0,3.0,12.0
2.384,122.0,-96.0,7.0,0.0,0.0,0.0,0.0,0.0,0.0,0.0,0.0,0.0,16.0,-9.0,16.0,-8.0,17.0,-9.0,16.0,-8.0,17.0,-8.0,18.0,-8.0,18.0,-8.0,18.0,-8.0,18.0,-8.0,19.0,-8.0,19.0,-7.0,19.0,-7.0,19.0,-7.0,19.0,-7.0,20.0,-7.0,19.0,-7.0,19.0,-7.0,20.0,-6.0,20.0,-7.0,20.0,-7.0,20.0,-7.0,19.0,-8.0,20.0,-6.0,20.0,-6.0,19.0,-7.0,19.0,-6.0
2.3979,122.0,-96.0,7.0,0.0,0.0,0.0,0.0,0.0,0.0,0.0,0.0,0.0,-17.0,12.0,-17.0,11.0,-17.0,11.0,-18.0,10.0,-18.0,10.0,-18.0,10.0,-18.0,9.0,-18.0,9.0,-18.0,8.0,-18.0,8.0,-18.0,8.0,-18.0,7.0,-18.0,7.0,-18.0,7.0,-17.0,6.0,-17.0,6.0,-17.0,6.0,-17.0,6.0,-17.0,6.0,-16.0,6.0,-16.0,6.0,-15.0,5.0,-15.0,5.0,-14.0,6.0,-14.0,6.0,-14.0,6.0
2.4124,122.0,-96.0,7.0,0.0,0.0,0.0,0.0,0.0,0.0,0.0,0.0,0.0,4.0,-2.0,0.0,0.0,-6.0,2.0,-11.0,4.0,-16.0,7.0,-21.0,8.0,-24.0,10.0,-28.0,10.0,-29.0,12.0,-30.0,11.0,-29.0,11.0,-28.0,10.0,-26.0,9.0,-21.0,8.0,-17.0,6.0,-12.0,4.0,-6.0,2.0,-1.0,-1.0,5.0,-4.0,11.0,-7.0,15.0,-9.0,19.0,-12.0,24.0,-14.0,24.0,-15.0,26.0,-16.0,27.0,-16.0
2.4259,122.0,-96.0,7.0,0.0,0.0,0.0,0.0,0.0,0.0,0.0,0.0,0.0,-18.0,-1.0,-18.0,-2.0,-19.0,-2.0,-18.0,-3.0,-19.0,-3.0,-18.0,-4.0,-18.0,-4.0,-18.0,-4.0,-17.0,-5.0,-17.0,-5.0,-18.0,-5.0,-17.0,-5.0,-17.0,-5.0,-17.0,-6.0,-16.0,-6.0,-16.0,-5.0,-16.0,-5.0,-16.0,-6.0,-15.0,-6.0,-15.0,-6.0,-14.0,-5.0,-14.0,-5.0,-14.0,-5.0,-14.0,-5.0,-14.0,-4.0,-13.0,-4.0
2.4411,122.0,-96.0,7.0,0.0,0.0,0.0,0.0,0.0,0.0,0.0,0.0,0.0,-17.0,-10.0,-17.0,-11.0,-16.0,-11.0,-17.0,-11.0,-17.0,-12.0,-17.0,-12.0,-17.0,-12.0,-17.0,-13.0,-16.0,-12.0,-17.0,-13.0,-17.0,-13.0,-17.0,-13.0,-17.0,-13.0,-17.0,-14.0,-17.0,-14.0,-17.0,-13.0,-17.0,-14.0,-17.0,-15.0,-17.0,-14.0,-16.0,-14.0,-17.0,-14.0,-16.0,-14.0,-17.0,-15.0,-16.0,-14.0,-16.0,-14.0,-16.0,-13.0
2.455,122.0,-96.0,7.0,0.0,0.0,0.0,0.0,0.0,0.0,0.0,0.0,0.0,-23.0,2.0,-24.0,2.0,-24.0,1.0,-24.0,1.0,-24.0,0.0,-24.0,-1.0,-24.0,-1.0,-24.0,-2.0,-23.0,-2.0,-24.0,-3.0,-23.0,-3.0,-23.0,-3.0,-22.0,-3.0,-22.0,-3.0,-22.0,-4.0,-21.0,-3.0,-21.0,-4.0,-21.0,-4.0,-21.0,-4.0,-20.0,-3.0,-20.0,-3.0,-19.0,-3.0,-19.0,-3.0,-19.0,-3.0,-18.0,-2.0,-18.0,-2.0
2.4685,122.0,-96.0,7.0,0.0,0.0,0.0,0.0,0.0,0.0,0.0,0.0,0.0,-7.0,-5.0,-2.0,-3.0,2.0,1.0,7.0,4.0,12.0,7.0,16.0,10.0,20.0,11.0,23.0,14.0,25.0,14.0,26.0,16.0,26.0,16.0,25.0,16.0,23.0,15.0,20.0,12.0,17.0,10.0,12.0,7.0,7.0,4.0,1.0,1.0,-5.0,-2.0,-10.0,-4.0,-16.0,-6.0,-20.0,-7.0,-24.0,-10.0,-26.0,-11.0,-28.0,-12.0,-29.0,-12.0
2.482,122.0,-96.0,7.0,0.0,0.0,0.0,0.0,0.0,0.0,0.0,0.0,0.0,1.0,-23.0,2.0,-24.0,2.0,-25.0,2.0,-23.0,2.0,-22.0,2.0,-19.0,2.0,-17.0,1.0,-12.0,1.0,-8.0,0.0,-3.0,0.0,2.0,-1.0,7.0,-1.0,12.0,-2.0,16.0,-3.0,20.0,-3.0,23.0,-3.0,25.0,-3.0,26.0,-3.0,25.0,-3.0,24.0,-2.0,22.0,-2.0,19.0,-2.0,15.0,-2.0,11.0,-1.0,5.0,-1.0,1.0
2.4964,122.0,-96.0,7.0,0.0,0.0,0.0,0.0,0.0,0.0,0.0,0.0,0.0,3.0,-20.0,4.0,-20.0,4.0,-20.0,5.0,-20.0,6.0,-20.0,6.0,-20.0,6.0,-19.0,7.0,-19.0,7.0,-19.0,7.0,-19.0,7.0,-19.0,7.0,-18.0,7.0,-18.0,8.0,-18.0,8.0,-17.0,8.0,-17.0,7.0,-17.0,8.0,-17.0,7.0,-16.0,7.0,-16.0,7.0,-16.0,6.0,-16.0,6.0,-15.0,6.0,-15.0,5.0,-15.0,5.0,-15.0
2.5097,122.0,-96.0,7.0,0.0,0.0,0.0,0.0,0.0,0.0,0.0,0.0,0.0,23.0,1.0,24.0,2.0,23.0,2.0,23.0,3.0,23.0,4.0,24.0,5.0,23.0,5.0,22.0,5.0,22.0,6.0,22.0,6.0,22.0,6.0,21.0,6.0,21.0,7.0,21.0,7.0,21.0,8.0,20.0,7.0,20.0,7.0,19.0,7.0,19.0,7.0,19.0,6.0,18.0,7.0,18.0,6.0,17.0,6.0,17.0,6.0,17.0,5.0,17.0,5.0
2.5245,122.0,-96.0,7.0,0.0,0.0,0.0,0.0,0.0,0.0,0.0,0.0,0.0,-24.0,0.0,-26.0,-1.0,-28.0,-2.0,-27.0,-1.0,-27.0,-2.0,-24.0,-2.0,-21.0,-2.0,-16.0,-1.0,-12.0,-2.0,-6.0,-1.0,-1.0,-1.0,5.0,-1.0,10.0,-1.0,16.0,0.0,20.0,0.0,25.0,0.0,26.0,0.0,29.0,0.0,28.0,-1.0,28.0,0.0,25.0,-1.0,22.0,-1.0,19.0,-1.0,14.0,-1.0,8.0,0.0,3.0,0.0
2.5389,122.0,-96.0,7.0,0.0,0.0,0.0,0.0,0.0,0.0,0.0,0.0,0.0,11.0,-26.0,13.0,-26.0,12.0,-26.0,14.0,-25.0,14.0,-26.0,15.0,-25.0,15.0,-24.0,16.0,-24.0,16.0,-23.0,16.0,-22.0,16.0,-22.0,16.0,-22.0,16.0,-21.0,17.0,-21.0,17.0,-21.0,16.0,-20.0,16.0,-19.0,16.0,-20.0,16.0,-18.0,15.0,-18.0,15.0,-18.0,14.0,-18.0,14.0,-17.0,13.0,-18.0,13.0,-18.0,12.0,-18.0
2.5527,122.0,-96.0,7.0,0.0,0.0,0.0,0.0,0.0,0.0,0.0,0.0,0.0,23.0,-1.0,20.0,-1.0,17.0,-1.0,13.0,0.0,7.0,0.0,2.0,0.0,-2.0,1.0,-8.0,1.0,-14.0,1.0,-19.0,2.0,-23.0,1.0,-25.0,2.0,-28.0,3.0,-29.0,1.0,-29.0,2.0,-27.0,2.0,-25.0,2.0,-22.0,1.0,-19.0,1.0,-13.0,1.0,-7.0,0.0,-3.0,-1.0,4.0,-2.0,8.0,-3.0,13.0,-4.0,17.0,-6.0
2.5671,122.0,-96.0,7.0,0.0,0.0,0.0,0.0,0.0,0.0,0.0,0.0,0.0,7.0,-7.0,10.0,-10.0,13.0,-12.0,17.0,-14.0,19.0,-16.0,22.0,-17.0,22.0,-17.0,22.0,-17.0,21.0,-15.0,19.0,-14.0,16.0,-12.0,12.0,-10.0,8.0,-6.0,4.0,-3.0,0.0,1.0,-5.0,4.0,-10.0,8.0,-13.0,11.0,-17.0,14.0,-19.0,16.0,-21.0,18.0,-22.0,18.0,-22.0,18.0,-20.0,18.0,-18.0,16.0,-16.0,14.0
2.5806,122.0,-96.0,7.0,0.0,0.0,0.0,0.0,0.0,0.0,0.0,0.0,0.0,-34.0,10.0,-30.0,9.0,-26.0,7.0,-21.0,5.0,-15.0,3.0,-8.0,1.0,-1.0,-1.0,7.0,-4.0,13.0,-6.0,20.0,-9.0,26.0,-11.0,31.0,-12.0,34.0,-13.0,38.0,-14.0,38.0,-14.0,36.0,-15.0,34.0,-13.0,31.0,-12.0,25.0,-10.0,19.0,-8.0,12.0,-5.0,5.0,-1.0,-3.0,2.0,-10.0,6.0,-16.0,9.0,-22.0,12.0
2.5931,122.0,-96.0,7.0,0.0,0.0,0.0,0.0,0.0,0.0,0.0,0.0,0.0,27.0,4.0,28.0,5.0,27.0,5.0,27.0,6.0,26.0,7.0,26.0,8.0,25.0,8.0,26.0,8.0,25.0,9.0,25.0,9.0,24.0,10.0,24.0,10.0,23.0,10.0,23.0,10.0,23.0,10.0,22.0,10.0,22.0,10.0,21.0,9.0,21.0,10.0,20.0,9.0,20.0,8.0,20.0,8.0,20.0,8.0,19.0,8.0,19.0,7.0,19.0,6.0
2.607,122.0,-96.0,7.0,0.0,0.0,0.0,0.0,0.0,0.0,0.0,0.0,0.0,9.0,-8.0,3.0,-2.0,-3.0,4.0,-9.0,10.0,-15.0,16.0,-21.0,22.0,-25.0,26.0,-30.0,30.0,-32.0,33.0,-33.0,33.0,-33.0,33.0,-32.0,32.0,-30.0,30.0,-26.0,26.0,-21.0,21.0,-15.0,15.0,-10.0,8.0,-4.0,1.0,2.0,-6.0,8.0,-14.0,12.0,-21.0,16.0,-27.0,20.0,-33.0,22.0,-37.0,23.0,-39.0,24.0,-41.0
2.6211,122.0,-96.0,7.0,0.0,0.0,0.0,0.0,0.0,0.0,0.0,0.0,0.0,-35.0,-5.0,-38.0,-6.0,-40.0,-7.0,-39.0,-7.0,-37.0,-7.0,-34.0,-7.0,-29.0,-6.0,-23.0,-5.0,-16.0,-4.0,-8.0,-3.0,0.0,-1.0,9.0,0.0,16.0,0.0,24.0,2.0,30.0,3.0,36.0,3.0,39.0,3.0,41.0,3.0,41.0,3.0,41.0,3.0,37.0,3.0,33.0,2.0,27.0,2.0,19.0,1.0,12.0,1.0,4.0,1.0
2.635,122.0,-96.0,7.0,0.0,0.0,0.0,0.0,0.0,0.0,0.0,0.0,0.0,-23.0,20.0,-26.0,21.0,-26.0,20.0,-26.0,20.0,-24.0,18.0,-22.0,16.0,-19.0,13.0,-14.0,9.0,-9.0,5.0,-3.0,1.0,1.0,-4.0,7.0,-8.0,12.0,-12.0,17.0,-16.0,22.0,-19.0,24.0,-22.0,26.0,-24.0,27.0,-24.0,27.0,-24.0,26.0,-23.0,23.0,-21.0,19.0,-18.0,15.0,-15.0,11.0,-10.0,6.0,-5.0,1.0,0.0
2.6497,122.0,-96.0,7.0,0.0,0.0,0.0,0.0,0.0,0.0,0.0,0.0,0.0,-5.0,-7.0,-2.0,-3.0,2.0,2.0,6.0,6.0,10.0,10.0,13.0,14.0,16.0,17.0,19.0,20.0,20.0,21.0,21.0,23.0,20.0,23.0,20.0,23.0,18.0,21.0,16.0,18.0,13.0,15.0,9.0,10.0,5.0,6.0,0.0,2.0,-4.0,-3.0,-9.0,-7.0,-14.0,-11.0,-17.0,-13.0,-21.0,-17.0,-23.0,-18.0,-24.0,-19.0,-25.0,-20.0
2.6655,122.0,-96.0,7.0,0.0,0.0,0.0,0.0,0.0,0.0,0.0,0.0,0.0,12.0,-13.0,12.0,-13.0,12.0,-13.0,13.0,-13.0,13.0,-12.0,13.0,-12.0,13.0,-11.0,14.0,-11.0,13.0,-11.0,14.0,-11.0,14.0,-10.0,14.0,-10.0,13.0,-10.0,14.0,-9.0,13.0,-9.0,13.0,-9.0,13.0,-9.0,13.0,-9.0,13.0,-9.0,12.0,-9.0,12.0,-9.0,11.0,-9.0,11.0,-9.0,11.0,-9.0,11.0,-9.0,10.0,-9.0
2.6788,122.0,-96.0,7.0,0.0,0.0,0.0,0.0,0.0,0.0,0.0,0.0,0.0,22.0,9.0,20.0,8.0,17.0,7.0,13.0,6.0,9.0,4.0,4.0,2.0,0.0,0.0,-6.0,-2.0,-11.0,-5.0,-16.0,-6.0,-19.0,-8.0,-23.0,-10.0,-25.0,-10.0,-27.0,-12.0,-27.0,-12.0,-27.0,-12.0,-25.0,-11.0,-22.0,-10.0,-18.0,-8.0,-14.0,-6.0,-9.0,-4.0,-3.0,-2.0,2.0,0.0,8.0,2.0,12.0,3.0,16.0,3.0
2.693,122.0,-96.0,7.0,0.0,0.0,0.0,0.0,0.0,0.0,0.0,0.0,0.0,-17.0,15.0,-18.0,14.0,-18.0,14.0,-19.0,14.0,-19.0,13.0,-19.0,13.0,-19.0,13.0,-20.0,11.0,-19.0,11.0,-20.0,11.0,-20.0,10.0,-19.0,10.0,-19.0,9.0,-20.0,9.0,-20.0,9.0,-19.0,9.0,-18.0,9.0,-19.0,8.0,-18.0,8.0,-18.0,8.0,-17.0,8.0,-17.0,8.0,-17.0,8.0,-16.0,8.0,-15.0,8.0,-15.0,8.0
2.7068,122.0,-96.0,7.0,0.0,0.0,0.0,0.0,0.0,0.0,0.0,0.0,0.0,7.0,8.0,3.0,5.0,-1.0,0.0,-5.0,-5.0,-9.0,-9.0,-13.0,-13.0,-16.0,-16.0,-19.0,-19.0,-21.0,-21.0,-22.0,-23.0,-23.0,-23.0,-22.0,-24.0,-21.0,-23.0,-19.0,-20.0,-16.0,-17.0,-12.0,-12.0,-8.0,-8.0,-4.0,-4.0,1.0,0.0,6.0,4.0,11.0,8.0,15.0,11.0,18.0,15.0,21.0,17.0,23.0,18.0,24.0,19.0
2.7198,122.0,-96.0,7.0,0.0,0.0,0.0,0.0,0.0,0.0,0.0,0.0,0.0,8.0,-10.0,11.0,-13.0,14.0,-15.0,16.0,-18.0,18.0,-19.0,20.0,-20.0,20.0,-20.0,20.0,-20.0,18.0,-18.0,16.0,-16.0,13.0,-13.0,9.0,-10.0,6.0,-6.0,1.0,-2.0,-2.0,2.0,-6.0,6.0,-10.0,10.0,-13.0,13.0,-16.0,16.0,-18.0,18.0,-20.0,20.0,-20.0,21.0,-20.0,21.0,-18.0,19.0,-16.0,18.0,-13.0,15.0
2.7338,122.0,-96.0,7.0,0.0,0.0,0.0,0.0,0.0,0.0,0.0,0.0,0.0,-12.0,2.0,-15.0,2.0,-19.0,3.0,-22.0,3.0,-24.0,3.0,-25.0,3.0,-25.0,3.0,-25.0,2.0,-23.0,2.0,-20.0,2.0,-16.0,2.0,-12.0,1.0,-8.0,0.0,-2.0,0.0,2.0,-1.0,7.0,-2.0,12.0,-2.0,16.0,-4.0,20.0,-4.0,22.0,-4.0,24.0,-5.0,25.0,-5.0,25.0,-5.0,23.0,-6.0,20.0,-5.0,17.0,-4.0
2.7477,122.0,-96.0,7.0,0.0,0.0,0.0,0.0,0.0,0.0,0.0,0.0,0.0,1.0,21.0,1.0,18.0,1.0,14.0,0.0,10.0,0.0,4.0,-1.0,-1.0,-1.0,-6.0,-2.0,-11.0,-1.0,-16.0,-2.0,-21.0,-2.0,-25.0,-3.0,-27.0,-3.0,-28.0,-2.0,-30.0,-2.0,-29.0,-2.0,-27.0,-2.0,-25.0,-2.0,-21.0,-1.0,-17.0,-1.0,-12.0,0.0,-6.0,0.0,0.0,1.0,5.0,1.0,11.0,3.0,15.0,4.0,19.0
2.7612,122.0,-96.0,7.0,0.0,0.0,0.0,0.0,0.0,0.0,0.0,0.0,0.0,-5.0,2.0,0.0,-1.0,4.0,-4.0,9.0,-7.0,14.0,-11.0,18.0,-14.0,20.0,-16.0,24.0,-18.0,24.0,-19.0,25.0,-19.0,24.0,-19.0,24.0,-18.0,22.0,-16.0,18.0,-14.0,15.0,-11.0,9.0,-8.0,4.0,-4.0,0.0,0.0,-5.0,4.0,-10.0,8.0,-13.0,12.0,-16.0,16.0,-20.0,18.0,-21.0,20.0,-22.0,22.0,-22.0,22.0
2.775,122.0,-96.0,7.0,0.0,0.0,0.0,0.0,0.0,0.0,0.0,0.0,0.0,-19.0,16.0,-19.0,16.0,-19.0,15.0,-20.0,15.0,-20.0,15.0,-20.0,14.0,-20.0,14.0,-20.0,13.0,-20.0,12.0,-21.0,12.0,-20.0,12.0,-20.0,11.0,-20.0,11.0,-20.0,11.0,-20.0,10.0,-20.0,10.0,-19.0,10.0,-19.0,10.0,-19.0,9.0,-18.0,9.0,-17.0,9.0,-17.0,9.0,-17.0,9.0,-16.0,9.0,-15.0,9.0,-15.0,9.0
2.7893,122.0,-96.0,7.0,0.0,0.0,0.0,0.0,0.0,0.0,0.0,0.0,0.0,0.0,22.0,0.0,23.0,0.0,24.0,0.0,23.0,0.0,22.0,0.0,19.0,-1.0,16.0,0.0,11.0,-1.0,7.0,-1.0,2.0,-1.0,-3.0,-1.0,-8.0,-1.0,-12.0,-1.0,-17.0,-1.0,-21.0,-1.0,-24.0,-1.0,-26.0,-1.0,-27.0,-2.0,-26.0,-2.0,-25.0,-2.0,-23.0,-2.0,-20.0,-2.0,-16.0,-1.0,-12.0,0.0,-7.0,0.0,-2.0
2.8033,122.0,-96.0,7.0,0.0,0.0,0.0,0.0,0.0,0.0,0.0,0.0,0.0,12.0,6.0,17.0,8.0,20.0,11.0,22.0,13.0,25.0,14.0,26.0,15.0,26.0,16.0,25.0,16.0,23.0,15.0,20.0,13.0,16.0,10.0,12.0,7.0,7.0,4.0,2.0,1.0,-4.0,-2.0,-9.0,-6.0,-14.0,-9.0,-19.0,-11.0,-22.0,-14.0,-25.0,-16.0,-27.0,-17.0,-28.0,-17.0,-28.0,-16.0,-26.0,-15.0,-23.0,-13.0,-20.0,-11.0
2.8172,122.0,-96.0,7.0,0.0,0.0,0.0,0.0,0.0,0.0,0.0,0.0,0.0,0.0,12.0,1.0,17.0,1.0,20.0,0.0,23.0,1.0,26.0,0.0,27.0,0.0,27.0,0.0,27.0,0.0,25.0,0.0,22.0,0.0,17.0,0.0,13.0,0.0,7.0,0.0,2.0,-1.0,-4.0,-1.0,-9.0,-1.0,-15.0,-1.0,-19.0,-2.0,-23.0,-2.0,-27.0,-2.0,-29.0,-2.0,-30.0,-3.0,-29.0,-3.0,-27.0,-3.0,-24.0,-3.0,-20.0
2.8307,122.0,-96.0,7.0,0.0,0.0,0.0,0.0,0.0,0.0,0.0,0.0,0.0,-10.0,-9.0,-13.0,-12.0,-16.0,-14.0,-18.0,-17.0,-20.0,-18.0,-21.0,-20.0,-20.0,-20.0,-20.0,-20.0,-18.0,-19.0,-16.0,-16.0,-13.0,-13.0,-10.0,-10.0,-6.0,-6.0,-2.0,-2.0,2.0,1.0,6.0,6.0,10.0,9.0,13.0,12.0,17.0,15.0,19.0,17.0,21.0,18.0,21.0,18.0,21.0,18.0,20.0,16.0,18.0,14.0,15.0,12.0
2.8445,122.0,-96.0,7.0,0.0,0.0,0.0,0.0,0.0,0.0,0.0,0.0,0.0,-5.0,-2.0,0.0,-1.0,6.0,1.0,11.0,2.0,17.0,3.0,22.0,5.0,25.0,6.0,28.0,7.0,29.0,7.0,30.0,7.0,30.0,7.0,28.0,7.0,26.0,7.0,21.0,5.0,17.0,4.0,11.0,2.0,5.0,1.0,-1.0,0.0,-7.0,-1.0,-13.0,-2.0,-19.0,-2.0,-23.0,-3.0,-28.0,-4.0,-30.0,-3.0,-31.0,-3.0,-32.0,-3.0
2.8579,122.0,-96.0,7.0,0.0,0.0,0.0,0.0,0.0,0.0,0.0,0.0,0.0,3.0,1.0,-1.0,0.0,-7.0,-2.0,-11.0,-3.0,-16.0,-5.0,-20.0,-6.0,-23.0,-7.0,-26.0,-9.0,-27.0,-8.0,-28.0,-9.0,-27.0,-8.0,-26.0,-8.0,-24.0,-8.0,-20.0,-6.0,-16.0,-6.0,-10.0,-3.0,-5.0,-2.0,0.0,-1.0,6.0,1.0,11.0,2.0,16.0,3.0,20.0,3.0,24.0,5.0,25.0,4.0,27.0,4.0,27.0,4.0
2.8749,122.0,-96.0,7.0,0.0,0.0,0.0,0.0,0.0,0.0,0.0,0.0,0.0,-4.0,-5.0,1.0,0.0,5.0,5.0,10.0,9.0,14.0,14.0,18.0,18.0,21.0,20.0,24.0,24.0,25.0,24.0,25.0,25.0,24.0,24.0,23.0,24.0,21.0,22.0,18.0,18.0,13.0,15.0,9.0,9.0,4.0,4.0,-1.0,-1.0,-7.0,-6.0,-11.0,-11.0,-16.0,-14.0,-20.0,-17.0,-24.0,-21.0,-26.0,-21.0,-27.0,-23.0,-28.0,-23.0
2.8902,122.0,-96.0,7.0,0.0,0.0,0.0,0.0,0.0,0.0,0.0,0.0,0.0,-17.0,-6.0,-18.0,-6.0,-17.0,-6.0,-18.0,-7.0,-17.0,-7.0,-17.0,-8.0,-16.0,-8.0,-16.0,-8.0,-16.0,-9.0,-15.0,-8.0,-16.0,-8.0,-15.0,-9.0,-15.0,-9.0,-15.0,-9.0,-15.0,-10.0,-14.0,-9.0,-14.0,-9.0,-13.0,-9.0,-13.0,-9.0,-13.0,-8.0,-13.0,-8.0,-13.0,-8.0,-12.0,-8.0,-13.0,-8.0,-13.0,-7.0,-13.0,-7.0
2.9039,122.0,-96.0,7.0,0.0,0.0,0.0,0.0,0.0,0.0,0.0,0.0,0.0,-1.0,-15.0,-1.0,-18.0,-1.0,-21.0,-1.0,-23.0,-1.0,-25.0,0.0,-26.0,1.0,-25.0,1.0,-24.0,1.0,-22.0,1.0,-19.0,0.0,-15.0,0.0,-10.0,0.0,-5.0,-1.0,0.0,-1.0,5.0,-1.0,10.0,-1.0,15.0,-1.0,18.0,-1.0,22.0,-1.0,24.0,-1.0,26.0,-1.0,26.0,-1.0,25.0,0.0,23.0,0.0,20.0,0.0,17.0
2.9176,122.0,-96.0,7.0,0.0,0.0,0.0,0.0,0.0,0.0,0.0,0.0,0.0,19.0,20.0,18.0,21.0,18.0,21.0,18.0,22.0,17.0,22.0,16.0,22.0,16.0,22.0,15.0,23.0,14.0,23.0,14.0,23.0,14.0,22.0,14.0,22.0,13.0,22.0,13.0,22.0,12.0,22.0,12.0,21.0,12.0,21.0,12.0,21.0,11.0,21.0,11.0,20.0,11.0,20.0,11.0,18.0,11.0,18.0,11.0,18.0,11.0,17.0,11.0,17.0
2.9328,122.0,-96.0,7.0,0.0,0.0,0.0,0.0,0.0,0.0,0.0,0.0,0.0,-8.0,-19.0,-7.0,-19.0,-8.0,-19.0,-7.0,-19.0,-6.0,-19.0,-6.0,-20.0,-6.0,-19.0,-5.0,-19.0,-5.0,-20.0,-4.0,-19.0,-4.0,-19.0,-4.0,-19.0,-3.0,-19.0,-3.0,-19.0,-2.0,-19.0,-3.0,-18.0,-3.0,-18.0,-2.0,-18.0,-2.0,-18.0,-2.0,-17.0,-3.0,-17.0,-3.0,-16.0,-3.0,-16.0,-3.0,-15.0,-3.0,-16.0,-4.0,-15.0
2.9459,122.0,-96.0,7.0,0.0,0.0,0.0,0.0,0.0,0.0,0.0,0.0,0.0,12.0,-3.0,16.0,-4.0,20.0,-4.0,23.0,-4.0,26.0,-5.0,27.0,-5.0,28.0,-5.0,27.0,-4.0,25.0,-4.0,22.0,-3.0,18.0,-3.0,13.0,-3.0,7.0,-1.0,2.0,-1.0,-4.0,1.0,-9.0,1.0,-15.0,2.0,-19.0,3.0,-23.0,3.0,-26.0,4.0,-29.0,4.0,-29.0,5.0,-29.0,5.0,-26.0,5.0,-24.0,5.0,-20.0,4.0
2.9597,122.0,-96.0,7.0,0.0,0.0,0.0,0.0,0.0,0.0,0.0,0.0,0.0,-20.0,-20.0,-21.0,-22.0,-21.0,-23.0,-20.0,-21.0,-19.0,-21.0,-16.0,-19.0,-13.0,-16.0,-10.0,-11.0,-6.0,-8.0,-2.0,-3.0,2.0,1.0,6.0,6.0,10.0,10.0,13.0,15.0,17.0,19.0,19.0,22.0,20.0,23.0,21.0,24.0,21.0,23.0,21.0,22.0,19.0,19.0,16.0,17.0,13.0,14.0,9.0,10.0,4.0,5.0,0.0,1.0
2.9741,122.0,-96.0,7.0,0.0,0.0,0.0,0.0,0.0,0.0,0.0,0.0,0.0,-15.0,-21.0,-13.0,-18.0,-12.0,-16.0,-9.0,-13.0,-6.0,-9.0,-3.0,-5.0,0.0,-1.0,3.0,4.0,6.0,9.0,8.0,13.0,10.0,17.0,12.0,19.0,14.0,22.0,14.0,24.0,15.0,24.0,14.0,24.0,13.0,22.0,12.0,20.0,9.0,16.0,7.0,12.0,4.0,7.0,1.0,2.0,-2.0,-2.0,-5.0,-7.0,-8.0,-11.0,-11.0,-14.0
2.9887,122.0,-96.0,7.0,0.0,0.0,0.0,0.0,0.0,0.0,0.0,0.0,0.0,23.0,-5.0,25.0,-5.0,27.0,-5.0,25.0,-4.0,25.0,-4.0,22.0,-4.0,20.0,-3.0,15.0,-3.0,10.0,-2.0,5.0,-1.0,-1.0,0.0,-6.0,1.0,-12.0,1.0,-17.0,2.0,-22.0,2.0,-26.0,3.0,-27.0,3.0,-30.0,3.0,-29.0,3.0,-28.0,3.0,-26.0,4.0,-23.0,3.0,-19.0,2.0,-14.0,1.0,-9.0,1.0,-3.0,0.0
3.0017,122.0,-96.0,7.0,0.0,0.0,0.0,0.0,0.0,0.0,0.0,0.0,0.0,-2.0,18.0,-2.0,17.0,-3.0,18.0,-3.0,17.0,-4.0,18.0,-4.0,17.0,-4.0,17.0,-5.0,17.0,-5.0,16.0,-5.0,16.0,-5.0,16.0,-5.0,16.0,-5.0,15.0,-6.0,16.0,-6.0,15.0,-6.0,15.0,-6.0,14.0,-6.0,15.0,-6.0,14.0,-5.0,14.0,-5.0,14.0,-5.0,13.0,-5.0,13.0,-5.0,13.0,-4.0,13.0,-4.0,13.0
3.0142,122.0,-96.0,7.0,0.0,0.0,0.0,0.0,0.0,0.0,0.0,0.0,0.0,-25.0,6.0,-26.0,6.0,-27.0,6.0,-26.0,5.0,-24.0,5.0,-22.0,4.0,-18.0,3.0,-13.0,2.0,-8.0,1.0,-3.0,0.0,2.0,-2.0,8.0,-3.0,13.0,-4.0,18.0,-5.0,23.0,-5.0,26.0,-5.0,27.0,-6.0,28.0,-6.0,28.0,-7.0,27.0,-6.0,23.0,-6.0,20.0,-5.0,16.0,-4.0,11.0,-3.0,6.0,-2.0,0.0,0.0
3.0285,122.0,-96.0,7.0,0.0,0.0,0.0,0.0,0.0,0.0,0.0,0.0,0.0,18.0,17.0,18.0,19.0,19.0,19.0,17.0,19.0,16.0,17.0,14.0,15.0,11.0,13.0,8.0,9.0,5.0,6.0,1.0,1.0,-3.0,-2.0,-6.0,-7.0,-10.0,-11.0,-13.0,-15.0,-16.0,-19.0,-17.0,-21.0,-19.0,-22.0,-20.0,-23.0,-19.0,-23.0,-18.0,-22.0,-17.0,-19.0,-15.0,-17.0,-12.0,-13.0,-8.0,-10.0,-5.0,-5.0,-1.0,-1.0
3.0416,122.0,-96.0,7.0,0.0,0.0,0.0,0.0,0.0,0.0,0.0,0.0,0.0,28.0,-10.0,31.0,-10.0,33.0,-9.0,31.0,-10.0,31.0,-9.0,28.0,-8.0,24.0,-6.0,18.0,-5.0,13.0,-3.0,6.0,-2.0,-1.0,0.0,-8.0,2.0,-14.0,3.0,-21.0,5.0,-27.0,6.0,-32.0,6.0,-34.0,7.0,-36.0,8.0,-36.0,8.0,-35.0,7.0,-32.0,8.0,-29.0,6.0,-24.0,5.0,-17.0,4.0,-11.0,2.0,-4.0,0.0
3.0538,122.0,-96.0,7.0,0.0,0.0,0.0,0.0,0.0,0.0,0.0,0.0,0.0,3.0,11.0,1.0,6.0,-1.0,-1.0,-3.0,-7.0,-5.0,-14.0,-7.0,-20.0,-8.0,-25.0,-9.0,-30.0,-11.0,-33.0,-10.0,-35.0,-11.0,-36.0,-10.0,-35.0,-9.0,-34.0,-9.0,-29.0,-7.0,-25.0,-6.0,-19.0,-4.0,-12.0,-2.0,-6.0,0.0,2.0,2.0,8.0,5.0,15.0,7.0,19.0,9.0,26.0,10.0,29.0,11.0,31.0,12.0,33.0
3.069,122.0,-96.0,7.0,0.0,0.0,0.0,0.0,0.0,0.0,0.0,0.0,0.0,-7.0,-19.0,-6.0,-20.0,-6.0,-19.0,-6.0,-20.0,-5.0,-20.0,-5.0,-20.0,-4.0,-19.0,-4.0,-20.0,-3.0,-19.0,-3.0,-19.0,-2.0,-19.0,-2.0,-19.0,-2.0,-19.0,-2.0,-18.0,-1.0,-19.0,-2.0,-17.0,-1.0,-17.0,-1.0,-17.0,-1.0,-17.0,-1.0,-17.0,-2.0,-16.0,-2.0,-16.0,-1.0,-15.0,-2.0,-15.0,-2.0,-15.0,-2.0,-15.0
3.0823,122.0,-96.0,7.0,0.0,0.0,0.0,0.0,0.0,0.0,0.0,0.0,0.0,-12.0,18.0,-14.0,19.0,-15.0,20.0,-15.0,19.0,-15.0,18.0,-13.0,16.0,-12.0,14.0,-9.0,11.0,-7.0,7.0,-4.0,3.0,-1.0,-1.0,2.0,-5.0,5.0,-9.0,9.0,-13.0,11.0,-16.0,13.0,-19.0,14.0,-21.0,15.0,-22.0,15.0,-22.0,15.0,-22.0,12.0,-20.0,11.0,-18.0,9.0,-14.0,7.0,-11.0,4.0,-7.0,1.0,-3.0
3.0944,122.0,-96.0,7.0,0.0,0.0,0.0,0.0,0.0,0.0,0.0,0.0,0.0,11.0,0.0,6.0,1.0,-1.0,0.0,-7.0,0.0,-13.0,-1.0,-18.0,-1.0,-23.0,-1.0,-27.0,-2.0,-30.0,-2.0,-32.0,-3.0,-33.0,-2.0,-32.0,-2.0,-31.0,-3.0,-27.0,-2.0,-23.0,-2.0,-17.0,-2.0,-11.0,-1.0,-5.0,-1.0,2.0,-1.0,8.0,0.0,14.0,-1.0,19.0,-1.0,24.0,0.0,27.0,-1.0,29.0,-1.0,31.0,-2.0
3.1084,122.0,-96.0,7.0,0.0,0.0,0.0,0.0,0.0,0.0,0.0,0.0,0.0,-18.0,-7.0,-18.0,-8.0,-18.0,-8.0,-18.0,-8.0,-17.0,-8.0,-18.0,-9.0,-17.0,-9.0,-16.0,-10.0,-16.0,-9.0,-16.0,-10.0,-16.0,-10.0,-15.0,-10.0,-15.0,-10.0,-15.0,-10.0,-15.0,-10.0,-14.0,-10.0,-14.0,-10.0,-14.0,-10.0,-14.0,-10.0,-13.0,-9.0,-13.0,-9.0,-13.0,-9.0,-13.0,-8.0,-13.0,-8.0,-13.0,-8.0,-13.0,-8.0
3.1227,122.0,-96.0,7.0,0.0,0.0,0.0,0.0,0.0,0.0,0.0,0.0,0.0,-5.0,7.0,-2.0,1.0,1.0,-4.0,5.0,-10.0,8.0,-16.0,11.0,-20.0,14.0,-24.0,17.0,-28.0,18.0,-30.0,19.0,-30.0,18.0,-30.0,19.0,-29.0,18.0,-27.0,15.0,-23.0,12.0,-19.0,8.0,-14.0,5.0,-8.0,1.0,-2.0,-3.0,4.0,-7.0,10.0,-10.0,16.0,-13.0,20.0,-16.0,25.0,-17.0,27.0,-18.0,29.0,-18.0,30.0
3.1385,122.0,-96.0,7.0,0.0,0.0,0.0,0.0,0.0,0.0,0.0,0.0,0.0,-6.0,-7.0,-2.0,-3.0,3.0,2.0,7.0,7.0,11.0,12.0,16.0,16.0,19.0,19.0,21.0,23.0,23.0,24.0,23.0,26.0,23.0,26.0,22.0,26.0,20.0,24.0,18.0,20.0,14.0,16.0,10.0,11.0,6.0,6.0,1.0,1.0,-4.0,-4.0,-9.0,-10.0,-13.0,-14.0,-17.0,-17.0,-21.0,-22.0,-23.0,-23.0,-25.0,-25.0,-25.0,-25.0
3.1516,122.0,-96.0,7.0,0.0,0.0,0.0,0.0,0.0,0.0,0.0,0.0,0.0,5.0,-19.0,5.0,-19.0,6.0,-19.0,6.0,-19.0,7.0,-19.0,7.0,-18.0,7.0,-18.0,8.0,-18.0,8.0,-18.0,8.0,-18.0,8.0,-17.0,9.0,-17.0,9.0,-16.0,9.0,-16.0,9.0,-15.0,9.0,-16.0,8.0,-15.0,9.0,-15.0,8.0,-14.0,8.0,-14.0,7.0,-14.0,7.0,-14.0,7.0,-14.0,7.0,-14.0,6.0,-13.0,6.0,-13.0
3.165,122.0,-96.0,7.0,0.0,0.0,0.0,0.0,0.0,0.0,0.0,0.0,0.0,10.0,7.0,5.0,3.0,-1.0,0.0,-6.0,-5.0,-11.0,-8.0,-17.0,-12.0,-21.0,-15.0,-25.0,-19.0,-27.0,-20.0,-29.0,-22.0,-29.0,-22.0,-29.0,-22.0,-27.0,-22.0,-24.0,-18.0,-20.0,-16.0,-16.0,-12.0,-10.0,-8.0,-5.0,-4.0,1.0,1.0,7.0,5.0,12.0,8.0,17.0,11.0,22.0,16.0,25.0,17.0,27.0,18.0,29.0,19.0
3.1803,122.0,-96.0,7.0,0.0,0.0,0.0,0.0,0.0,0.0,0.0,0.0,0.0,-12.0,2.0,-7.0,0.0,-1.0,-1.0,5.0,-2.0,11.0,-3.0,17.0,-5.0,21.0,-6.0,26.0,-6.0,28.0,-7.0,31.0,-7.0,31.0,-7.0,31.0,-7.0,29.0,-6.0,26.0,-6.0,22.0,-5.0,16.0,-4.0,10.0,-3.0,4.0,-1.0,-2.0,0.0,-8.0,2.0,-14.0,4.0,-18.0,6.0,-24.0,7.0,-27.0,8.0,-29.0,9.0,-30.0,10.0
3.1929,122.0,-96.0,7.0,0.0,0.0,0.0,0.0,0.0,0.0,0.0,0.0,0.0,3.0,-12.0,4.0,-15.0,5.0,-19.0,6.0,-21.0,8.0,-23.0,8.0,-24.0,9.0,-24.0,9.0,-24.0,9.0,-22.0,7.0,-19.0,5.0,-16.0,4.0,-12.0,2.0,-7.0,0.0,-2.0,-1.0,3.0,-3.0,7.0,-5.0,12.0,-6.0,16.0,-7.0,20.0,-8.0,22.0,-8.0,24.0,-9.0,25.0,-8.0,25.0,-7.0,22.0,-6.0,20.0,-5.0,17.0
3.2077,122.0,-96.0,7.0,0.0,0.0,0.0,0.0,0.0,0.0,0.0,0.0,0.0,22.0,-7.0,23.0,-6.0,24.0,-6.0,23.0,-5.0,21.0,-5.0,19.0,-4.0,16.0,-3.0,11.0,-3.0,7.0,-2.0,2.0,-1.0,-3.0,1.0,-8.0,2.0,-13.0,3.0,-18.0,3.0,-22.0,4.0,-24.0,4.0,-26.0,5.0,-27.0,5.0,-26.0,5.0,-25.0,4.0,-22.0,5.0,-20.0,4.0,-16.0,3.0,-11.0,2.0,-6.0,1.0,-2.0,-1.0
3.2217,122.0,-96.0,7.0,0.0,0.0,0.0,0.0,0.0,0.0,0.0,0.0,0.0,4.0,10.0,1.0,2.0,-4.0,-5.0,-7.0,-13.0,-10.0,-21.0,-14.0,-29.0,-16.0,-35.0,-18.0,-40.0,-20.0,-43.0,-20.0,-45.0,-19.0,-44.0,-19.0,-43.0,-17.0,-40.0,-15.0,-35.0,-12.0,-27.0,-9.0,-20.0,-5.0,-11.0,-1.0,-4.0,3.0,6.0,7.0,14.0,11.0,21.0,16.0,27.0,18.0,34.0,21.0,37.0,22.0,39.0,23.0,41.0
3.2355,122.0,-96.0,7.0,0.0,0.0,0.0,0.0,0.0,0.0,0.0,0.0,0.0,14.0,-17.0,16.0,-18.0,17.0,-18.0,17.0,-18.0,16.0,-16.0,15.0,-15.0,13.0,-13.0,9.0,-10.0,7.0,-7.0,3.0,-3.0,0.0,0.0,-4.0,4.0,-8.0,7.0,-12.0,10.0,-15.0,13.0,-18.0,15.0,-19.0,16.0,-20.0,17.0,-20.0,17.0,-20.0,17.0,-17.0,16.0,-16.0,13.0,-13.0,11.0,-10.0,8.0,-6.0,4.0,-2.0,1.0
3.2491,122.0,-96.0,7.0,0.0,0.0,0.0,0.0,0.0,0.0,0.0,0.0,0.0,-2.0,21.0,-3.0,23.0,-4.0,24.0,-4.0,23.0,-4.0,22.0,-4.0,20.0,-4.0,17.0,-2.0,13.0,-2.0,9.0,-1.0,4.0,-1.0,-1.0,0.0,-6.0,1.0,-11.0,2.0,-16.0,3.0,-20.0,4.0,-23.0,4.0,-25.0,4.0,-26.0,4.0,-26.0,5.0,-25.0,3.0,-23.0,3.0,-21.0,2.0,-17.0,2.0,-13.0,1.0,-8.0,0.0,-3.0
3.2636,122.0,-96.0,7.0,0.0,0.0,0.0,0.0,0.0,0.0,0.0,0.0,0.0,-10.0,-16.0,-9.0,-17.0,-9.0,-17.0,-9.0,-17.0,-8.0,-18.0,-8.0,-17.0,-7.0,-17.0,-6.0,-18.0,-7.0,-17.0,-6.0,-18.0,-6.0,-17.0,-6.0,-17.0,-5.0,-17.0,-5.0,-17.0,-4.0,-17.0,-5.0,-17.0,-4.0,-16.0,-4.0,-16.0,-4.0,-16.0,-4.0,-16.0,-4.0,-15.0,-5.0,-15.0,-4.0,-15.0,-4.0,-14.0,-5.0,-14.0,-5.0,-13.0
3.2768,122.0,-96.0,7.0,0.0,0.0,0.0,0.0,0.0,0.0,0.0,0.0,0.0,-19.0,-13.0,-20.0,-14.0,-21.0,-15.0,-19.0,-14.0,-18.0,-14.0,-16.0,-12.0,-13.0,-10.0,-10.0,-7.0,-6.0,-5.0,-2.0,-2.0,2.0,1.0,6.0,4.0,10.0,7.0,13.0,10.0,16.0,13.0,18.0,15.0,19.0,16.0,20.0,16.0,20.0,15.0,19.0,15.0,17.0,13.0,15.0,11.0,12.0,9.0,8.0,6.0,4.0,3.0,0.0,0.0
3.2906,122.0,-96.0,7.0,0.0,0.0,0.0,0.0,0.0,0.0,0.0,0.0,0.0,7.0,-22.0,8.0,-23.0,9.0,-23.0,8.0,-22.0,8.0,-21.0,7.0,-18.0,6.0,-15.0,4.0,-11.0,3.0,-7.0,0.0,-2.0,-1.0,2.0,-3.0,7.0,-5.0,11.0,-8.0,15.0,-10.0,19.0,-11.0,21.0,-11.0,22.0,-12.0,24.0,-12.0,23.0,-11.0,22.0,-10.0,20.0,-9.0,17.0,-7.0,14.0,-5.0,9.0,-3.0,5.0,-1.0,0.0
3.3034,122.0,-96.0,7.0,0.0,0.0,0.0,0.0,0.0,0.0,0.0,0.0,0.0,0.0,18.0,0.0,19.0,-1.0,19.0,-1.0,19.0,-1.0,18.0,-2.0,19.0,-2.0,18.0,-2.0,18.0,-3.0,18.0,-3.0,17.0,-4.0,18.0,-4.0,17.0,-4.0,17.0,-5.0,17.0,-4.0,17.0,-4.0,16.0,-4.0,16.0,-4.0,15.0,-4.0,16.0,-3.0,15.0,-3.0,15.0,-3.0,14.0,-3.0,14.0,-3.0,14.0,-2.0,14.0,-2.0,14.0
3.3191,122.0,-96.0,7.0,0.0,0.0,0.0,0.0,0.0,0.0,0.0,0.0,0.0,-2.0,-14.0,-2.0,-18.0,-3.0,-22.0,-2.0,-25.0,-3.0,-27.0,-2.0,-29.0,-2.0,-29.0,-1.0,-28.0,-1.0,-26.0,-1.0,-23.0,-1.0,-18.0,-1.0,-13.0,-1.0,-8.0,-1.0,-2.0,0.0,3.0,-1.0,9.0,-1.0,14.0,0.0,19.0,0.0,23.0,0.0,26.0,0.0,28.0,1.0,29.0,1.0,29.0,1.0,26.0,1.0,23.0,1.0,19.0
3.3319,122.0,-96.0,7.0,0.0,0.0,0.0,0.0,0.0,0.0,0.0,0.0,0.0,-13.0,-15.0,-12.0,-15.0,-12.0,-15.0,-12.0,-15.0,-11.0,-16.0,-11.0,-16.0,-10.0,-16.0,-10.0,-17.0,-9.0,-17.0,-9.0,-16.0,-9.0,-16.0,-9.0,-16.0,-9.0,-16.0,-9.0,-16.0,-8.0,-16.0,-8.0,-15.0,-8.0,-15.0,-8.0,-15.0,-8.0,-15.0,-7.0,-14.0,-8.0,-14.0,-8.0,-14.0,-8.0,-13.0,-8.0,-13.0,-8.0,-13.0,-8.0,-12.0
3.3448,122.0,-96.0,7.0,0.0,0.0,0.0,0.0,0.0,0.0,0.0,0.0,0.0,9.0,29.0,8.0,26.0,6.0,22.0,5.0,18.0,3.0,12.0,1.0,5.0,-1.0,0.0,-3.0,-8.0,-4.0,-14.0,-7.0,-20.0,-8.0,-26.0,-9.0,-30.0,-10.0,-33.0,-10.0,-36.0,-10.0,-36.0,-10.0,-35.0,-9.0,-33.0,-8.0,-29.0,-7.0,-24.0,-5.0,-18.0,-3.0,-12.0,-1.0,-5.0,1.0,2.0,3.0,9.0,5.0,15.0,7.0,20.0
3.3572,122.0,-96.0,7.0,0.0,0.0,0.0,0.0,0.0,0.0,0.0,0.0,0.0,1.0,22.0,1.0,22.0,0.0,22.0,0.0,23.0,-1.0,23.0,-1.0,23.0,-2.0,22.0,-2.0,23.0,-2.0,22.0,-3.0,22.0,-3.0,21.0,-3.0,21.0,-4.0,21.0,-4.0,21.0,-5.0,20.0,-4.0,20.0,-5.0,20.0,-4.0,19.0,-4.0,19.0,-4.0,19.0,-4.0,18.0,-3.0,18.0,-4.0,18.0,-4.0,17.0,-3.0,17.0,-2.0,17.0
3.3702,122.0,-96.0,7.0,0.0,0.0,0.0,0.0,0.0,0.0,0.0,0.0,0.0,1.0,14.0,0.0,19.0,0.0,23.0,0.0,27.0,1.0,29.0,0.0,31.0,0.0,31.0,-1.0,30.0,-1.0,28.0,-1.0,24.0,-1.0,20.0,0.0,14.0,-1.0,9.0,0.0,2.0,-1.0,-4.0,0.0,-10.0,0.0,-17.0,0.0,-22.0,-1.0,-26.0,-1.0,-30.0,-1.0,-32.0,-1.0,-33.0,-1.0,-33.0,-2.0,-30.0,-2.0,-27.0,-2.0,-23.0
3.3832,122.0,-96.0,7.0,0.0,0.0,0.0,0.0,0.0,0.0,0.0,0.0,0.0,-3.0,-9.0,-4.0,-14.0,-5.0,-17.0,-5.0,-21.0,-6.0,-23.0,-6.0,-25.0,-5.0,-26.0,-5.0,-26.0,-5.0,-25.0,-4.0,-21.0,-4.0,-18.0,-3.0,-14.0,-2.0,-10.0,-2.0,-5.0,0.0,0.0,1.0,5.0,2.0,11.0,3.0,15.0,4.0,19.0,4.0,22.0,5.0,24.0,5.0,25.0,5.0,25.0,6.0,23.0,5.0,21.0,5.0,18.0
3.3967,122.0,-96.0,7.0,0.0,0.0,0.0,0.0,0.0,0.0,0.0,0.0,0.0,24.0,-5.0,26.0,-5.0,27.0,-5.0,26.0,-4.0,24.0,-4.0,21.0,-3.0,18.0,-3.0,12.0,-3.0,8.0,-2.0,2.0,-1.0,-3.0,0.0,-8.0,1.0,-14.0,2.0,-19.0,2.0,-24.0,2.0,-27.0,3.0,-29.0,3.0,-30.0,3.0,-29.0,4.0,-28.0,3.0,-25.0,4.0,-22.0,3.0,-18.0,2.0,-13.0,1.0,-8.0,0.0,-2.0,-1.0
3.4101,122.0,-96.0,7.0,0.0,0.0,0.0,0.0,0.0,0.0,0.0,0.0,0.0,-6.0,17.0,-7.0,17.0,-7.0,16.0,-8.0,17.0,-8.0,16.0,-9.0,16.0,-9.0,16.0,-9.0,16.0,-9.0,15.0,-9.0,15.0,-9.0,15.0,-9.0,15.0,-9.0,14.0,-10.0,14.0,-10.0,14.0,-10.0,13.0,-10.0,14.0,-9.0,13.0,-9.0,13.0,-9.0,13.0,-9.0,12.0,-9.0,12.0,-8.0,12.0,-8.0,12.0,-7.0,12.0,-7.0,12.0
3.4238,122.0,-96.0,7.0,0.0,0.0,0.0,0.0,0.0,0.0,0.0,0.0,0.0,-8.0,0.0,-3.0,-1.0,2.0,-1.0,8.0,-1.0,13.0,-2.0,18.0,-3.0,21.0,-3.0,25.0,-3.0,27.0,-4.0,29.0,-4.0,28.0,-4.0,28.0,-4.0,26.0,-3.0,22.0,-3.0,18.0,-2.0,13.0,-2.0,7.0,-1.0,1.0,0.0,-4.0,0.0,-10.0,1.0,-15.0,3.0,-19.0,4.0,-24.0,4.0,-26.0,5.0,-27.0,6.0,-28.0,6.0
3.4379,122.0,-96.0,7.0,0.0,0.0,0.0,0.0,0.0,0.0,0.0,0.0,0.0,17.0,5.0,17.0,6.0,17.0,6.0,17.0,6.0,17.0,7.0,17.0,7.0,16.0,8.0,16.0,8.0,15.0,8.0,15.0,8.0,15.0,8.0,15.0,8.0,15.0,8.0,14.0,9.0,14.0,9.0,14.0,8.0,13.0,8.0,13.0,9.0,13.0,9.0,13.0,8.0,12.0,8.0,12.0,7.0,12.0,7.0,12.0,7.0,12.0,6.0,12.0,6.0
3.4515,122.0,-96.0,7.0,0.0,0.0,0.0,0.0,0.0,0.0,0.0,0.0,0.0,15.0,17.0,15.0,18.0,15.0,18.0,14.0,17.0,12.0,16.0,10.0,13.0,8.0,11.0,5.0,7.0,3.0,3.0,-1.0,-1.0,-4.0,-4.0,-7.0,-8.0,-9.0,-12.0,-12.0,-16.0,-13.0,-19.0,-15.0,-21.0,-16.0,-22.0,-16.0,-22.0,-15.0,-21.0,-14.0,-20.0,-13.0,-17.0,-11.0,-15.0,-9.0,-12.0,-6.0,-8.0,-3.0,-4.0,0.0,0.0
3.4661,122.0,-96.0,7.0,0.0,0.0,0.0,0.0,0.0,0.0,0.0,0.0,0.0,33.0,-14.0,27.0,-13.0,21.0,-10.0,14.0,-6.0,6.0,-3.0,-2.0,0.0,-10.0,3.0,-19.0,5.0,-26.0,8.0,-33.0,11.0,-39.0,11.0,-43.0,12.0,-45.0,14.0,-47.0,13.0,-46.0,13.0,-42.0,12.0,-39.0,11.0,-33.0,8.0,-25.0,6.0,-18.0,4.0,-9.0,2.0,0.0,-2.0,9.0,-4.0,18.0,-7.0,25.0,-9.0,31.0,-11.0
3.4799,122.0,-96.0,7.0,0.0,0.0,0.0,0.0,0.0,0.0,0.0,0.0,0.0,10.0,-9.0,14.0,-12.0,16.0,-13.0,18.0,-14.0,19.0,-15.0,21.0,-15.0,20.0,-14.0,19.0,-13.0,18.0,-12.0,14.0,-10.0,12.0,-8.0,8.0,-6.0,3.0,-3.0,-1.0,-1.0,-5.0,2.0,-9.0,4.0,-14.0,7.0,-16.0,9.0,-20.0,11.0,-22.0,11.0,-23.0,12.0,-24.0,12.0,-22.0,12.0,-20.0,11.0,-18.0,10.0,-15.0,9.0
3.4965,122.0,-96.0,7.0,0.0,0.0,0.0,0.0,0.0,0.0,0.0,0.0,0.0,-7.0,-30.0,-6.0,-30.0,-6.0,-30.0,-5.0,-30.0,-4.0,-31.0,-4.0,-31.0,-3.0,-30.0,-2.0,-30.0,-2.0,-30.0,-1.0,-29.0,-1.0,-30.0,0.0,-29.0,0.0,-28.0,0.0,-28.0,1.0,-28.0,1.0,-26.0,1.0,-26.0,1.0,-26.0,1.0,-25.0,0.0,-25.0,1.0,-25.0,0.0,-24.0,0.0,-23.0,0.0,-23.0,0.0,-23.0,-1.0,-22.0
3.5087,122.0,-96.0,7.0,0.0,0.0,0.0,0.0,0.0,0.0,0.0,0.0,0.0,13.0,18.0,12.0,16.0,9.0,13.0,7.0,10.0,4.0,6.0,1.0,1.0,-2.0,-3.0,-5.0,-8.0,-8.0,-13.0,-10.0,-16.0,-12.0,-20.0,-14.0,-23.0,-15.0,-24.0,-15.0,-26.0,-15.0,-26.0,-14.0,-24.0,-13.0,-23.0,-11.0,-20.0,-10.0,-16.0,-7.0,-12.0,-4.0,-7.0,-1.0,-2.0,2.0,3.0,5.0,8.0,7.0,12.0,10.0,15.0
3.5228,122.0,-96.0,7.0,0.0,0.0,0.0,0.0,0.0,0.0,0.0,0.0,0.0,-19.0,18.0,-20.0,17.0,-20.0,17.0,-21.0,16.0,-21.0,15.0,-22.0,15.0,-21.0,14.0,-22.0,13.0,-21.0,13.0,-22.0,12.0,-22.0,13.0,-22.0,12.0,-21.0,11.0,-22.0,12.0,-22.0,11.0,-21.0,11.0,-20.0,11.0,-21.0,10.0,-20.0,10.0,-19.0,10.0,-19.0,9.0,-18.0,9.0,-18.0,9.0,-18.0,10.0,-18.0,10.0,-16.0,10.0
3.5362,122.0,-96.0,7.0,0.0,0.0,0.0,0.0,0.0,0.0,0.0,0.0,0.0,-22.0,-11.0,-24.0,-13.0,-25.0,-14.0,-25.0,-13.0,-23.0,-13.0,-21.0,-12.0,-18.0,-11.0,-14.0,-8.0,-10.0,-6.0,-5.0,-3.0,0.0,-1.0,5.0,2.0,9.0,5.0,14.0,9.0,18.0,12.0,20.0,13.0,23.0,15.0,24.0,15.0,25.0,15.0,24.0,15.0,22.0,13.0,19.0,12.0,16.0,9.0,12.0,7.0,7.0,4.0,2.0,1.0
3.5497,122.0,-96.0,7.0,0.0,0.0,0.0,0.0,0.0,0.0,0.0,0.0,0.0,15.0,11.0,15.0,12.0,15.0,12.0,14.0,13.0,14.0,13.0,14.0,13.0,13.0,14.0,13.0,14.0,12.0,13.0,12.0,14.0,12.0,14.0,11.0,14.0,11.0,14.0,11.0,14.0,10.0,14.0,10.0,14.0,10.0,13.0,10.0,14.0,10.0,13.0,10.0,13.0,10.0,12.0,10.0,12.0,9.0,12.0,9.0,11.0,9.0,11.0,9.0,10.0
3.5624,122.0,-96.0,7.0,0.0,0.0,0.0,0.0,0.0,0.0,0.0,0.0,0.0,2.0,-15.0,3.0,-20.0,4.0,-24.0,5.0,-27.0,5.0,-30.0,6.0,-31.0,6.0,-31.0,7.0,-30.0,7.0,-28.0,6.0,-25.0,4.0,-20.0,3.0,-15.0,2.0,-9.0,-1.0,-3.0,-1.0,3.0,-4.0,9.0,-5.0,15.0,-6.0,20.0,-7.0,24.0,-8.0,28.0,-9.0,30.0,-9.0,31.0,-9.0,31.0,-7.0,28.0,-6.0,25.0,-6.0,21.0
3.5753,122.0,-96.0,7.0,0.0,0.0,0.0,0.0,0.0,0.0,0.0,0.0,0.0,-6.0,22.0,-7.0,23.0,-8.0,23.0,-8.0,22.0,-7.0,21.0,-7.0,18.0,-6.0,15.0,-4.0,11.0,-3.0,7.0,-1.0,2.0,0.0,-3.0,2.0,-8.0,4.0,-12.0,6.0,-17.0,8.0,-20.0,9.0,-23.0,9.0,-24.0,10.0,-25.0,9.0,-25.0,9.0,-24.0,7.0,-21.0,7.0,-19.0,5.0,-15.0,4.0,-11.0,2.0,-6.0,0.0,-2.0
3.5882,122.0,-96.0,7.0,0.0,0.0,0.0,0.0,0.0,0.0,0.0,0.0,0.0,8.0,0.0,2.0,0.0,-4.0,0.0,-9.0,-1.0,-16.0,-2.0,-21.0,-3.0,-25.0,-2.0,-29.0,-4.0,-31.0,-3.0,-33.0,-5.0,-32.0,-5.0,-31.0,-5.0,-30.0,-5.0,-25.0,-4.0,-21.0,-4.0,-15.0,-2.0,-8.0,-1.0,-3.0,-1.0,4.0,0.0,10.0,0.0,16.0,0.0,20.0,0.0,26.0,1.0,28.0,1.0,30.0,1.0,31.0,1.0
3.6016,122.0,-96.0,7.0,0.0,0.0,0.0,0.0,0.0,0.0,0.0,0.0,0.0,-17.0,18.0,-16.0,16.0,-14.0,14.0,-11.0,11.0,-8.0,8.0,-4.0,3.0,-1.0,0.0,3.0,-5.0,8.0,-9.0,11.0,-12.0,14.0,-15.0,17.0,-18.0,18.0,-20.0,21.0,-21.0,21.0,-21.0,20.0,-21.0,19.0,-19.0,17.0,-17.0,14.0,-14.0,10.0,-11.0,6.0,-7.0,2.0,-3.0,-2.0,1.0,-6.0,5.0,-9.0,9.0,-12.0,13.0
3.6149,122.0,-96.0,7.0,0.0,0.0,0.0,0.0,0.0,0.0,0.0,0.0,0.0,-15.0,2.0,-20.0,4.0,-23.0,4.0,-27.0,4.0,-30.0,5.0,-32.0,5.0,-32.0,4.0,-31.0,3.0,-29.0,3.0,-25.0,3.0,-20.0,2.0,-15.0,2.0,-9.0,1.0,-3.0,0.0,3.0,-1.0,10.0,-2.0,16.0,-2.0,20.0,-4.0,25.0,-4.0,28.0,-5.0,31.0,-5.0,32.0,-5.0,31.0,-6.0,28.0,-6.0,25.0,-6.0,21.0,-5.0
3.6286,122.0,-96.0,7.0,0.0,0.0,0.0,0.0,0.0,0.0,0.0,0.0,0.0,22.0,4.0,23.0,5.0,24.0,6.0,22.0,5.0,21.0,5.0,19.0,5.0,15.0,4.0,11.0,2.0,7.0,2.0,2.0,0.0,-3.0,-1.0,-8.0,-2.0,-13.0,-3.0,-17.0,-5.0,-21.0,-6.0,-24.0,-7.0,-25.0,-7.0,-26.0,-8.0,-26.0,-7.0,-25.0,-7.0,-22.0,-5.0,-19.0,-5.0,-15.0,-4.0,-11.0,-3.0,-6.0,-2.0,-1.0,-1.0
3.6419,122.0,-96.0,7.0,0.0,0.0,0.0,0.0,0.0,0.0,0.0,0.0,0.0,-1.0,15.0,-1.0,19.0,-2.0,23.0,-2.0,25.0,-2.0,27.0,-3.0,28.0,-3.0,27.0,-3.0,26.0,-3.0,24.0,-2.0,20.0,-2.0,15.0,-1.0,10.0,-1.0,4.0,0.0,-1.0,0.0,-7.0,0.0,-12.0,1.0,-17.0,1.0,-22.0,1.0,-25.0,1.0,-28.0,1.0,-29.0,1.0,-30.0,1.0,-29.0,1.0,-26.0,0.0,-23.0,0.0,-19.0
3.6555,122.0,-96.0,7.0,0.0,0.0,0.0,0.0,0.0,0.0,0.0,0.0,0.0,11.0,-21.0,12.0,-22.0,12.0,-21.0,11.0,-20.0,11.0,-18.0,9.0,-15.0,7.0,-12.0,4.0,-8.0,2.0,-5.0,-1.0,0.0,-3.0,4.0,-6.0,8.0,-8.0,12.0,-11.0,16.0,-13.0,19.0,-15.0,21.0,-15.0,22.0,-15.0,22.0,-14.0,21.0,-13.0,20.0,-11.0,18.0,-10.0,15.0,-8.0,11.0,-6.0,7.0,-3.0,3.0,-1.0,-2.0
3.6697,122.0,-96.0,7.0,0.0,0.0,0.0,0.0,0.0,0.0,0.0,0.0,0.0,17.0,-6.0,18.0,-5.0,18.0,-5.0,17.0,-5.0,18.0,-4.0,18.0,-4.0,17.0,-3.0,18.0,-3.0,17.0,-3.0,18.0,-2.0,17.0,-2.0,17.0,-2.0,17.0,-2.0,17.0,-1.0,17.0,-1.0,16.0,-2.0,15.0,-1.0,16.0,-1.0,16.0,-1.0,15.0,-1.0,15.0,-2.0,14.0,-2.0,14.0,-2.0,14.0,-1.0,14.0,-2.0,14.0,-2.0
3.6831,122.0,-96.0,7.0,0.0,0.0,0.0,0.0,0.0,0.0,0.0,0.0,0.0,-10.0,2.0,-16.0,2.0,-19.0,3.0,-23.0,3.0,-26.0,3.0,-29.0,3.0,-29.0,2.0,-29.0,2.0,-28.0,1.0,-24.0,1.0,-21.0,1.0,-16.0,1.0,-11.0,0.0,-5.0,0.0,0.0,-1.0,6.0,-1.0,12.0,-1.0,17.0,-1.0,22.0,-1.0,25.0,-1.0,28.0,-1.0,28.0,-1.0,28.0,-2.0,27.0,-2.0,24.0,-2.0,21.0,-2.0
3.6957,122.0,-96.0,7.0,0.0,0.0,0.0,0.0,0.0,0.0,0.0,0.0,0.0,-36.0,-1.0,-40.0,-2.0,-40.0,-3.0,-40.0,-3.0,-38.0,-3.0,-35.0,-3.0,-30.0,-4.0,-23.0,-3.0,-16.0,-3.0,-8.0,-2.0,0.0,-1.0,8.0,0.0,16.0,0.0,25.0,2.0,32.0,3.0,36.0,4.0,40.0,4.0,41.0,4.0,42.0,4.0,41.0,4.0,38.0,3.0,33.0,3.0,27.0,2.0,20.0,1.0,12.0,1.0,4.0,0.0
3.7088,122.0,-96.0,7.0,0.0,0.0,0.0,0.0,0.0,0.0,0.0,0.0,0.0,23.0,5.0,25.0,6.0,26.0,7.0,25.0,7.0,24.0,7.0,22.0,7.0,19.0,6.0,14.0,4.0,10.0,3.0,5.0,1.0,-1.0,0.0,-6.0,-2.0,-11.0,-4.0,-17.0,-6.0,-21.0,-8.0,-24.0,-9.0,-27.0,-10.0,-28.0,-11.0,-28.0,-10.0,-27.0,-10.0,-25.0,-8.0,-22.0,-8.0,-18.0,-7.0,-14.0,-5.0,-8.0,-4.0,-3.0,-2.0
3.7238,122.0,-96.0,7.0,0.0,0.0,0.0,0.0,0.0,0.0,0.0,0.0,0.0,12.0,6.0,17.0,8.0,20.0,9.0,23.0,12.0,25.0,13.0,27.0,15.0,26.0,15.0,26.0,15.0,24.0,15.0,20.0,12.0,17.0,10.0,12.0,7.0,7.0,4.0,2.0,0.0,-4.0,-2.0,-9.0,-6.0,-14.0,-10.0,-19.0,-12.0,-22.0,-15.0,-25.0,-17.0,-27.0,-18.0,-27.0,-19.0,-27.0,-18.0,-25.0,-16.0,-23.0,-14.0,-20.0,-12.0
3.7402,122.0,-96.0,7.0,0.0,0.0,0.0,0.0,0.0,0.0,0.0,0.0,0.0,-17.0,-6.0,-17.0,-7.0,-16.0,-7.0,-17.0,-8.0,-16.0,-8.0,-16.0,-9.0,-15.0,-9.0,-16.0,-9.0,-15.0,-10.0,-15.0,-9.0,-15.0,-9.0,-15.0,-9.0,-14.0,-9.0,-14.0,-10.0,-14.0,-10.0,-13.0,-10.0,-13.0,-10.0,-12.0,-10.0,-13.0,-10.0,-12.0,-9.0,-12.0,-9.0,-12.0,-9.0,-12.0,-9.0,-12.0,-8.0,-12.0,-8.0,-12.0,-7.0
3.7535,122.0,-96.0,7.0,0.0,0.0,0.0,0.0,0.0,0.0,0.0,0.0,0.0,6.0,-24.0,8.0,-26.0,9.0,-26.0,8.0,-26.0,9.0,-25.0,8.0,-23.0,7.0,-19.0,5.0,-15.0,4.0,-11.0,2.0,-6.0,0.0,-1.0,-2.0,5.0,-4.0,10.0,-7.0,15.0,-9.0,20.0,-10.0,23.0,-11.0,25.0,-11.0,27.0,-11.0,27.0,-11.0,26.0,-9.0,24.0,-9.0,21.0,-7.0,17.0,-6.0,13.0,-4.0,7.0,-2.0,2.0
3.7667,122.0,-96.0,7.0,0.0,0.0,0.0,0.0,0.0,0.0,0.0,0.0,0.0,1.0,19.0,1.0,19.0,1.0,19.0,0.0,20.0,0.0,19.0,-1.0,20.0,-1.0,19.0,-2.0,19.0,-2.0,18.0,-2.0,18.0,-2.0,18.0,-2.0,18.0,-3.0,17.0,-3.0,18.0,-4.0,18.0,-3.0,17.0,-4.0,17.0,-3.0,16.0,-4.0,17.0,-3.0,15.0,-3.0,15.0,-3.0,15.0,-3.0,15.0,-3.0,15.0,-2.0,14.0,-2.0,14.0
3.7798,122.0,-96.0,7.0,0.0,0.0,0.0,0.0,0.0,0.0,0.0,0.0,0.0,-8.0,0.0,-3.0,-1.0,2.0,-1.0,8.0,-1.0,13.0,-1.0,18.0,-1.0,21.0,-1.0,25.0,0.0,27.0,-1.0,29.0,0.0,28.0,-1.0,28.0,0.0,25.0,0.0,22.0,0.0,18.0,0.0,13.0,0.0,7.0,0.0,2.0,0.0,-4.0,0.0,-10.0,0.0,-15.0,1.0,-19.0,2.0,-24.0,2.0,-26.0,3.0,-28.0,3.0,-29.0,3.0
3.7932,122.0,-96.0,7.0,0.0,0.0,0.0,0.0,0.0,0.0,0.0,0.0,0.0,27.0,-12.0,23.0,-11.0,19.0,-10.0,14.0,-7.0,8.0,-5.0,2.0,-2.0,-4.0,1.0,-10.0,4.0,-17.0,6.0,-22.0,9.0,-27.0,10.0,-30.0,12.0,-33.0,12.0,-35.0,13.0,-35.0,13.0,-32.0,12.0,-31.0,12.0,-26.0,10.0,-22.0,7.0,-15.0,6.0,-9.0,2.0,-2.0,-1.0,4.0,-4.0,11.0,-6.0,16.0,-9.0,21.0,-12.0
3.8061,122.0,-96.0,7.0,0.0,0.0,0.0,0.0,0.0,0.0,0.0,0.0,0.0,7.0,3.0,2.0,1.0,-4.0,-2.0,-10.0,-5.0,-16.0,-8.0,-22.0,-10.0,-26.0,-12.0,-30.0,-14.0,-32.0,-15.0,-33.0,-17.0,-33.0,-16.0,-32.0,-16.0,-30.0,-16.0,-25.0,-12.0,-21.0,-11.0,-16.0,-7.0,-9.0,-4.0,-3.0,-2.0,4.0,1.0,11.0,4.0,17.0,6.0,22.0,7.0,27.0,11.0,30.0,11.0,32.0,12.0,33.0,12.0
3.8204,122.0,-96.0,7.0,0.0,0.0,0.0,0.0,0.0,0.0,0.0,0.0,0.0,12.0,4.0,16.0,5.0,19.0,7.0,22.0,8.0,24.0,9.0,25.0,10.0,25.0,11.0,24.0,11.0,23.0,10.0,19.0,8.0,16.0,7.0,11.0,5.0,7.0,3.0,2.0,0.0,-3.0,-2.0,-8.0,-5.0,-13.0,-7.0,-17.0,-9.0,-21.0,-11.0,-23.0,-13.0,-25.0,-14.0,-26.0,-14.0,-26.0,-13.0,-24.0,-12.0,-22.0,-10.0,-19.0,-9.0
3.8344,122.0,-96.0,7.0,0.0,0.0,0.0,0.0,0.0,0.0,0.0,0.0,0.0,11.0,-20.0,13.0,-21.0,13.0,-20.0,12.0,-20.0,11.0,-17.0,10.0,-15.0,8.0,-12.0,4.0,-8.0,2.0,-5.0,-1.0,0.0,-3.0,4.0,-6.0,8.0,-9.0,11.0,-12.0,15.0,-15.0,17.0,-16.0,19.0,-17.0,20.0,-17.0,20.0,-17.0,20.0,-15.0,18.0,-13.0,16.0,-11.0,14.0,-9.0,10.0,-7.0,7.0,-4.0,3.0,0.0,-1.0
3.8492,122.0,-96.0,7.0,0.0,0.0,0.0,0.0,0.0,0.0,0.0,0.0,0.0,-6.0,5.0,-2.0,1.0,2.0,-3.0,7.0,-6.0,11.0,-10.0,15.0,-14.0,18.0,-17.0,21.0,-19.0,22.0,-21.0,24.0,-21.0,24.0,-21.0,24.0,-20.0,23.0,-18.0,19.0,-16.0,16.0,-13.0,11.0,-10.0,6.0,-6.0,1.0,-2.0,-4.0,3.0,-8.0,6.0,-12.0,11.0,-15.0,14.0,-19.0,17.0,-21.0,19.0,-22.0,20.0,-23.0,21.0
3.8621,122.0,-96.0,7.0,0.0,0.0,0.0,0.0,0.0,0.0,0.0,0.0,0.0,-17.0,9.0,-18.0,8.0,-18.0,8.0,-19.0,8.0,-18.0,7.0,-19.0,6.0,-18.0,6.0,-19.0,6.0,-18.0,5.0,-19.0,5.0,-19.0,4.0,-18.0,4.0,-18.0,4.0,-18.0,3.0,-18.0,3.0,-18.0,3.0,-17.0,3.0,-17.0,3.0,-17.0,3.0,-16.0,3.0,-16.0,3.0,-15.0,3.0,-15.0,3.0,-15.0,3.0,-15.0,3.0,-14.0,3.0
3.8742,122.0,-96.0,7.0,0.0,0.0,0.0,0.0,0.0,0.0,0.0,0.0,0.0,4.0,23.0,4.0,20.0,3.0,15.0,2.0,11.0,1.0,5.0,0.0,-1.0,-2.0,-6.0,-3.0,-13.0,-3.0,-19.0,-4.0,-23.0,-4.0,-28.0,-4.0,-30.0,-5.0,-32.0,-4.0,-34.0,-4.0,-33.0,-4.0,-30.0,-3.0,-28.0,-3.0,-23.0,-2.0,-18.0,-2.0,-13.0,-1.0,-6.0,0.0,0.0,1.0,6.0,2.0,13.0,3.0,17.0,4.0,22.0
3.8893,122.0,-96.0,7.0,0.0,0.0,0.0,0.0,0.0,0.0,0.0,0.0,0.0,-12.0,-6.0,-16.0,-8.0,-19.0,-9.0,-22.0,-12.0,-24.0,-12.0,-26.0,-14.0,-26.0,-14.0,-25.0,-14.0,-23.0,-14.0,-20.0,-11.0,-17.0,-9.0,-13.0,-7.0,-8.0,-4.0,-2.0,-1.0,3.0,1.0,7.0,3.0,13.0,6.0,16.0,8.0,21.0,10.0,23.0,11.0,25.0,12.0,26.0,12.0,25.0,11.0,24.0,10.0,21.0,8.0,18.0,7.0
3.9018,122.0,-96.0,7.0,0.0,0.0,0.0,0.0,0.0,0.0,0.0,0.0,0.0,10.0,-5.0,14.0,-6.0,17.0,-7.0,20.0,-8.0,22.0,-9.0,24.0,-9.0,24.0,-8.0,23.0,-8.0,22.0,-7.0,19.0,-6.0,15.0,-5.0,11.0,-4.0,6.0,-3.0,1.0,-1.0,-3.0,1.0,-8.0,2.0,-13.0,4.0,-17.0,5.0,-20.0,7.0,-23.0,7.0,-25.0,8.0,-25.0,8.0,-25.0,8.0,-23.0,8.0,-20.0,8.0,-17.0,6.0
3.9141,122.0,-96.0,7.0,0.0,0.0,0.0,0.0,0.0,0.0,0.0,0.0,0.0,-30.0,0.0,-26.0,1.0,-22.0,1.0,-17.0,0.0,-10.0,0.0,-4.0,0.0,3.0,-1.0,10.0,0.0,17.0,-1.0,23.0,-1.0,28.0,0.0,32.0,0.0,34.0,-1.0,37.0,0.0,37.0,0.0,34.0,0.0,32.0,0.0,27.0,0.0,22.0,0.0,16.0,0.0,9.0,0.0,2.0,0.0,-6.0,1.0,-13.0,1.0,-19.0,1.0,-24.0,2.0
3.9277,122.0,-96.0,7.0,0.0,0.0,0.0,0.0,0.0,0.0,0.0,0.0,0.0,-8.0,-22.0,-8.0,-24.0,-8.0,-24.0,-7.0,-23.0,-6.0,-22.0,-6.0,-20.0,-5.0,-16.0,-4.0,-12.0,-2.0,-8.0,-1.0,-3.0,1.0,2.0,2.0,6.0,3.0,11.0,4.0,16.0,5.0,20.0,5.0,23.0,6.0,24.0,6.0,25.0,6.0,25.0,6.0,24.0,6.0,21.0,4.0,18.0,4.0,15.0,2.0,10.0,1.0,6.0,-1.0,1.0
3.9403,122.0,-96.0,7.0,0.0,0.0,0.0,0.0,0.0,0.0,0.0,0.0,0.0,26.0,5.0,29.0,6.0,29.0,7.0,28.0,6.0,26.0,6.0,23.0,6.0,19.0,5.0,14.0,3.0,9.0,2.0,2.0,1.0,-3.0,-1.0,-9.0,-2.0,-15.0,-3.0,-21.0,-6.0,-26.0,-7.0,-29.0,-8.0,-31.0,-8.0,-32.0,-8.0,-32.0,-8.0,-31.0,-8.0,-27.0,-7.0,-24.0,-6.0,-19.0,-5.0,-14.0,-4.0,-8.0,-3.0,-2.0,-1.0
3.9534,122.0,-96.0,7.0,0.0,0.0,0.0,0.0,0.0,0.0,0.0,0.0,0.0,-22.0,1.0,-22.0,0.0,-22.0,0.0,-22.0,0.0,-22.0,-1.0,-22.0,-2.0,-21.0,-2.0,-22.0,-3.0,-21.0,-3.0,-21.0,-4.0,-21.0,-4.0,-21.0,-4.0,-21.0,-4.0,-20.0,-5.0,-20.0,-5.0,-20.0,-4.0,-19.0,-5.0,-19.0,-5.0,-19.0,-5.0,-18.0,-4.0,-18.0,-4.0,-18.0,-4.0,-18.0,-4.0,-17.0,-4.0,-17.0,-3.0,-16.0,-3.0
3.9671,122.0,-96.0,7.0,0.0,0.0,0.0,0.0,0.0,0.0,0.0,0.0,0.0,-6.0,-12.0,-8.0,-16.0,-10.0,-19.0,-10.0,-22.0,-11.0,-25.0,-12.0,-26.0,-12.0,-26.0,-11.0,-26.0,-10.0,-24.0,-9.0,-21.0,-7.0,-17.0,-6.0,-12.0,-3.0,-8.0,-2.0,-2.0,1.0,2.0,3.0,8.0,5.0,13.0,7.0,17.0,9.0,21.0,10.0,23.0,11.0,25.0,12.0,26.0,11.0,25.0,11.0,23.0,10.0,21.0,9.0,17.0
3.9812,122.0,-96.0,7.0,0.0,0.0,0.0,0.0,0.0,0.0,0.0,0.0,0.0,-18.0,-14.0,-19.0,-16.0,-19.0,-17.0,-19.0,-16.0,-18.0,-16.0,-16.0,-15.0,-14.0,-13.0,-11.0,-10.0,-8.0,-8.0,-4.0,-4.0,0.0,-1.0,3.0,3.0,7.0,6.0,10.0,10.0,13.0,13.0,15.0,16.0,17.0,17.0,18.0,18.0,18.0,18.0,18.0,17.0,17.0,15.0,15.0,14.0,12.0,11.0,9.0,8.0,5.0,5.0,1.0,2.0
3.9944,122.0,-96.0,7.0,0.0,0.0,0.0,0.0,0.0,0.0,0.0,0.0,0.0,-24.0,8.0,-26.0,8.0,-26.0,8.0,-25.0,7.0,-24.0,7.0,-21.0,6.0,-18.0,5.0,-13.0,3.0,-9.0,2.0,-3.0,0.0,2.0,-2.0,7.0,-3.0,12.0,-5.0,17.0,-5.0,22.0,-6.0,25.0,-7.0,27.0,-8.0,28.0,-8.0,27.0,-8.0,26.0,-7.0,23.0,-7.0,21.0,-6.0,16.0,-5.0,11.0,-3.0,6.0,-2.0,1.0,0.0
4.0088,122.0,-96.0,7.0,0.0,0.0,0.0,0.0,0.0,0.0,0.0,0.0,0.0,2.0,-23.0,3.0,-24.0,3.0,-25.0,3.0,-24.0,3.0,-23.0,3.0,-20.0,3.0,-17.0,1.0,-12.0,1.0,-8.0,0.0,-3.0,0.0,2.0,-2.0,7.0,-2.0,12.0,-4.0,16.0,-5.0,20.0,-6.0,23.0,-6.0,25.0,-6.0,26.0,-5.0,25.0,-5.0,24.0,-4.0,21.0,-4.0,19.0,-3.0,15.0,-3.0,11.0,-2.0,6.0,-1.0,1.0
4.0224,122.0,-96.0,7.0,0.0,0.0,0.0,0.0,0.0,0.0,0.0,0.0,0.0,0.0,35.0,0.0,38.0,-1.0,39.0,-1.0,39.0,-1.0,37.0,-1.0,34.0,-2.0,30.0,-1.0,23.0,-2.0,16.0,-1.0,8.0,-1.0,-1.0,-1.0,-9.0,-1.0,-17.0,0.0,-25.0,0.0,-32.0,1.0,-37.0,0.0,-41.0,0.0,-42.0,-1.0,-43.0,0.0,-42.0,-1.0,-39.0,0.0,-35.0,-1.0,-28.0,0.0,-21.0,0.0,-13.0,0.0,-5.0
4.0368,122.0,-96.0,7.0,0.0,0.0,0.0,0.0,0.0,0.0,0.0,0.0,0.0,-7.0,6.0,-3.0,1.0,1.0,-3.0,6.0,-8.0,11.0,-13.0,15.0,-17.0,18.0,-21.0,21.0,-24.0,23.0,-26.0,24.0,-27.0,24.0,-27.0,24.0,-26.0,22.0,-24.0,18.0,-21.0,15.0,-17.0,11.0,-12.0,6.0,-8.0,2.0,-2.0,-3.0,3.0,-8.0,9.0,-11.0,14.0,-14.0,18.0,-18.0,23.0,-19.0,26.0,-20.0,27.0,-20.0,29.0
4.0498,122.0,-96.0,7.0,0.0,0.0,0.0,0.0,0.0,0.0,0.0,0.0,0.0,-4.0,12.0,-3.0,6.0,-1.0,0.0,1.0,-7.0,3.0,-13.0,6.0,-20.0,7.0,-24.0,9.0,-29.0,10.0,-32.0,11.0,-34.0,12.0,-34.0,12.0,-34.0,12.0,-32.0,9.0,-28.0,8.0,-24.0,6.0,-18.0,4.0,-12.0,1.0,-5.0,-1.0,1.0,-3.0,8.0,-4.0,15.0,-6.0,20.0,-9.0,26.0,-9.0,29.0,-9.0,32.0,-9.0,33.0
4.0632,122.0,-96.0,7.0,0.0,0.0,0.0,0.0,0.0,0.0,0.0,0.0,0.0,-19.0,-5.0,-19.0,-6.0,-19.0,-6.0,-19.0,-7.0,-19.0,-7.0,-18.0,-8.0,-18.0,-7.0,-18.0,-8.0,-18.0,-9.0,-17.0,-9.0,-17.0,-9.0,-17.0,-9.0,-16.0,-9.0,-16.0,-9.0,-16.0,-9.0,-16.0,-9.0,-15.0,-9.0,-15.0,-9.0,-15.0,-9.0,-15.0,-8.0,-14.0,-8.0,-14.0,-8.0,-14.0,-8.0,-14.0,-8.0,-14.0,-7.0,-14.0,-7.0
4.0764,122.0,-96.0,7.0,0.0,0.0,0.0,0.0,0.0,0.0,0.0,0.0,0.0,3.0,-9.0,1.0,-3.0,-2.0,3.0,-5.0,9.0,-8.0,14.0,-11.0,20.0,-13.0,24.0,-15.0,28.0,-16.0,30.0,-17.0,31.0,-17.0,31.0,-17.0,30.0,-16.0,28.0,-13.0,24.0,-12.0,20.0,-8.0,14.0,-5.0,8.0,-2.0,1.0,2.0,-5.0,5.0,-11.0,7.0,-17.0,8.0,-22.0,11.0,-27.0,11.0,-29.0,12.0,-32.0,13.0,-33.0
4.0914,122.0,-96.0,7.0,0.0,0.0,0.0,0.0,0.0,0.0,0.0,0.0,0.0,-7.0,10.0,-10.0,14.0,-12.0,17.0,-14.0,19.0,-15.0,21.0,-17.0,22.0,-17.0,22.0,-17.0,21.0,-17.0,19.0,-14.0,16.0,-12.0,14.0,-8.0,10.0,-5.0,6.0,-2.0,1.0,1.0,-3.0,5.0,-7.0,9.0,-12.0,11.0,-15.0,14.0,-18.0,16.0,-20.0,18.0,-22.0,18.0,-23.0,18.0,-22.0,16.0,-21.0,14.0,-19.0,12.0,-16.0
4.106,122.0,-96.0,7.0,0.0,0.0,0.0,0.0,0.0,0.0,0.0,0.0,0.0,-10.0,-12.0,-6.0,-7.0,-1.0,-1.0,4.0,5.0,9.0,11.0,13.0,17.0,17.0,22.0,19.0,27.0,23.0,29.0,23.0,31.0,24.0,32.0,23.0,32.0,22.0,31.0,20.0,27.0,16.0,23.0,13.0,17.0,9.0,11.0,3.0,5.0,-2.0,-2.0,-7.0,-8.0,-12.0,-14.0,-16.0,-18.0,-20.0,-24.0,-23.0,-27.0,-25.0,-29.0,-27.0,-30.0
4.1188,122.0,-96.0,7.0,0.0,0.0,0.0,0.0,0.0,0.0,0.0,0.0,0.0,-1.0,-10.0,-1.0,-15.0,-1.0,-19.0,-1.0,-23.0,-1.0,-26.0,0.0,-28.0,0.0,-29.0,1.0,-29.0,1.0,-27.0,1.0,-24.0,0.0,-21.0,0.0,-16.0,0.0,-11.0,0.0,-6.0,0.0,0.0,-1.0,5.0,-1.0,12.0,-1.0,16.0,-2.0,21.0,-2.0,24.0,-2.0,27.0,-2.0,28.0,-2.0,28.0,-1.0,26.0,-1.0,24.0,-1.0,21.0
4.1308,122.0,-96.0,7.0,0.0,0.0,0.0,0.0,0.0,0.0,0.0,0.0,0.0,-29.0,5.0,-26.0,5.0,-21.0,4.0,-17.0,3.0,-11.0,2.0,-4.0,0.0,3.0,-1.0,10.0,-2.0,17.0,-3.0,22.0,-4.0,27.0,-4.0,31.0,-5.0,33.0,-6.0,36.0,-5.0,36.0,-6.0,34.0,-6.0,31.0,-5.0,27.0,-4.0,22.0,-3.0,16.0,-3.0,9.0,-1.0,2.0,0.0,-5.0,1.0,-12.0,2.0,-18.0,3.0,-23.0,5.0
4.1455,122.0,-96.0,7.0,0.0,0.0,0.0,0.0,0.0,0.0,0.0,0.0,0.0,16.0,-9.0,17.0,-9.0,16.0,-8.0,17.0,-8.0,17.0,-8.0,18.0,-7.0,17.0,-7.0,17.0,-6.0,17.0,-6.0,18.0,-5.0,17.0,-6.0,17.0,-5.0,17.0,-5.0,17.0,-5.0,17.0,-4.0,16.0,-4.0,16.0,-4.0,16.0,-4.0,16.0,-4.0,16.0,-4.0,15.0,-4.0,15.0,-4.0,14.0,-4.0,14.0,-4.0,14.0,-5.0,13.0,-4.0
4.1599,122.0,-96.0,7.0,0.0,0.0,0.0,0.0,0.0,0.0,0.0,0.0,0.0,-24.0,-8.0,-26.0,-10.0,-26.0,-10.0,-25.0,-10.0,-23.0,-10.0,-21.0,-9.0,-17.0,-8.0,-13.0,-5.0,-9.0,-4.0,-3.0,-2.0,2.0,0.0,7.0,2.0,12.0,4.0,17.0,6.0,21.0,9.0,24.0,10.0,26.0,10.0,27.0,11.0,27.0,10.0,25.0,10.0,23.0,8.0,20.0,7.0,16.0,6.0,11.0,4.0,6.0,2.0,1.0,1.0
4.1762,122.0,-96.0,7.0,0.0,0.0,0.0,0.0,0.0,0.0,0.0,0.0,0.0,20.0,1.0,20.0,1.0,20.0,1.0,19.0,2.0,20.0,3.0,19.0,3.0,19.0,3.0,19.0,4.0,19.0,4.0,19.0,4.0,18.0,4.0,18.0,5.0,18.0,5.0,18.0,5.0,17.0,5.0,17.0,5.0,17.0,5.0,17.0,5.0,16.0,6.0,16.0,5.0,16.0,5.0,15.0,4.0,15.0,4.0,15.0,4.0,15.0,4.0,14.0,3.0
4.1889,122.0,-96.0,7.0,0.0,0.0,0.0,0.0,0.0,0.0,0.0,0.0,0.0,-15.0,-14.0,-15.0,-15.0,-15.0,-15.0,-14.0,-16.0,-14.0,-16.0,-14.0,-16.0,-13.0,-16.0,-12.0,-17.0,-11.0,-16.0,-11.0,-17.0,-12.0,-17.0,-11.0,-16.0,-11.0,-16.0,-11.0,-16.0,-10.0,-17.0,-10.0,-16.0,-10.0,-16.0,-9.0,-16.0,-9.0,-16.0,-9.0,-15.0,-9.0,-15.0,-9.0,-14.0,-9.0,-14.0,-9.0,-14.0,-9.0,-13.0,-9.0,-13.0
4.2017,122.0,-96.0,7.0,0.0,0.0,0.0,0.0,0.0,0.0,0.0,0.0,0.0,-29.0,5.0,-26.0,5.0,-21.0,4.0,-17.0,3.0,-10.0,2.0,-4.0,0.0,2.0,-1.0,9.0,-3.0,16.0,-4.0,21.0,-5.0,27.0,-5.0,30.0,-6.0,33.0,-7.0,36.0,-6.0,35.0,-6.0,33.0,-6.0,31.0,-6.0,27.0,-5.0,22.0,-4.0,16.0,-3.0,9.0,-2.0,2.0,0.0,-5.0,1.0,-12.0,3.0,-18.0,4.0,-22.0,6.0
4.2155,122.0,-96.0,7.0,0.0,0.0,0.0,0.0,0.0,0.0,0.0,0.0,0.0,-13.0,-20.0,-12.0,-18.0,-9.0,-15.0,-8.0,-12.0,-5.0,-7.0,-2.0,-3.0,1.0,1.0,4.0,6.0,7.0,11.0,9.0,14.0,11.0,18.0,13.0,21.0,14.0,23.0,14.0,25.0,15.0,25.0,13.0,23.0,12.0,22.0,11.0,18.0,9.0,15.0,7.0,11.0,3.0,6.0,0.0,1.0,-3.0,-3.0,-6.0,-8.0,-9.0,-12.0,-12.0,-14.0
4.2317,122.0,-96.0,7.0,0.0,0.0,0.0,0.0,0.0,0.0,0.0,0.0,0.0,-8.0,-21.0,-8.0,-21.0,-7.0,-21.0,-7.0,-22.0,-6.0,-22.0,-6.0,-22.0,-5.0,-21.0,-4.0,-22.0,-4.0,-21.0,-4.0,-21.0,-4.0,-21.0,-4.0,-21.0,-3.0,-21.0,-3.0,-21.0,-2.0,-21.0,-2.0,-20.0,-2.0,-20.0,-2.0,-20.0,-2.0,-20.0,-2.0,-19.0,-2.0,-19.0,-2.0,-18.0,-3.0,-18.0,-3.0,-18.0,-3.0,-17.0,-4.0,-16.0
4.2447,122.0,-96.0,7.0,0.0,0.0,0.0,0.0,0.0,0.0,0.0,0.0,0.0,-24.0,27.0,-27.0,28.0,-27.0,29.0,-26.0,28.0,-25.0,26.0,-23.0,23.0,-20.0,19.0,-14.0,14.0,-9.0,8.0,-4.0,2.0,2.0,-3.0,7.0,-10.0,12.0,-16.0,17.0,-21.0,22.0,-25.0,25.0,-28.0,26.0,-31.0,27.0,-32.0,27.0,-32.0,26.0,-31.0,24.0,-29.0,20.0,-25.0,16.0,-19.0,11.0,-14.0,7.0,-8.0,2.0,-1.0
4.2598,122.0,-96.0,7.0,0.0,0.0,0.0,0.0,0.0,0.0,0.0,0.0,0.0,-3.0,-23.0,-3.0,-24.0,-2.0,-25.0,-2.0,-24.0,-2.0,-23.0,-2.0,-20.0,-1.0,-17.0,-2.0,-12.0,-1.0,-9.0,0.0,-3.0,0.0,1.0,1.0,6.0,2.0,11.0,1.0,16.0,2.0,20.0,2.0,23.0,3.0,25.0,3.0,25.0,3.0,25.0,3.0,24.0,3.0,21.0,3.0,19.0,2.0,15.0,1.0,11.0,0.0,6.0,-1.0,1.0
4.2729,122.0,-96.0,7.0,0.0,0.0,0.0,0.0,0.0,0.0,0.0,0.0,0.0,13.0,-8.0,19.0,-10.0,23.0,-12.0,26.0,-13.0,29.0,-15.0,31.0,-15.0,31.0,-15.0,31.0,-14.0,28.0,-13.0,25.0,-11.0,20.0,-10.0,15.0,-7.0,9.0,-4.0,3.0,-2.0,-3.0,2.0,-10.0,5.0,-16.0,8.0,-21.0,11.0,-25.0,13.0,-28.0,16.0,-30.0,17.0,-31.0,18.0,-31.0,18.0,-28.0,17.0,-25.0,15.0,-22.0,13.0
4.2862,122.0,-96.0,7.0,0.0,0.0,0.0,0.0,0.0,0.0,0.0,0.0,0.0,23.0,11.0,20.0,9.0,17.0,7.0,13.0,6.0,8.0,4.0,2.0,1.0,-3.0,-1.0,-9.0,-4.0,-14.0,-6.0,-19.0,-9.0,-23.0,-11.0,-26.0,-12.0,-28.0,-13.0,-30.0,-15.0,-29.0,-14.0,-28.0,-13.0,-26.0,-12.0,-23.0,-11.0,-19.0,-9.0,-14.0,-7.0,-8.0,-4.0,-2.0,-2.0,4.0,0.0,10.0,3.0,14.0,4.0,19.0,5.0
4.2999,122.0,-96.0,7.0,0.0,0.0,0.0,0.0,0.0,0.0,0.0,0.0,0.0,2.0,-10.0,1.0,-4.0,-1.0,3.0,-2.0,9.0,-3.0,16.0,-4.0,22.0,-4.0,26.0,-6.0,30.0,-5.0,33.0,-6.0,34.0,-6.0,34.0,-6.0,34.0,-6.0,31.0,-4.0,27.0,-4.0,22.0,-3.0,16.0,-2.0,9.0,-2.0,3.0,-1.0,-5.0,0.0,-12.0,-1.0,-18.0,-1.0,-23.0,-1.0,-29.0,-2.0,-32.0,-2.0,-34.0,-2.0,-35.0
4.3138,122.0,-96.0,7.0,0.0,0.0,0.0,0.0,0.0,0.0,0.0,0.0,0.0,19.0,4.0,19.0,4.0,19.0,4.0,19.0,5.0,19.0,6.0,19.0,6.0,18.0,6.0,18.0,7.0,17.0,7.0,18.0,8.0,18.0,8.0,17.0,8.0,17.0,8.0,17.0,8.0,16.0,8.0,16.0,8.0,16.0,8.0,16.0,8.0,15.0,8.0,15.0,7.0,14.0,7.0,14.0,6.0,14.0,7.0,14.0,6.0,14.0,6.0,14.0,5.0
4.3288,122.0,-96.0,7.0,0.0,0.0,0.0,0.0,0.0,0.0,0.0,0.0,0.0,-15.0,4.0,-18.0,5.0,-22.0,6.0,-24.0,7.0,-26.0,7.0,-27.0,7.0,-27.0,6.0,-26.0,6.0,-24.0,5.0,-20.0,5.0,-16.0,4.0,-11.0,2.0,-6.0,1.0,-1.0,-1.0,4.0,-2.0,10.0,-4.0,15.0,-5.0,18.0,-7.0,22.0,-8.0,25.0,-8.0,26.0,-9.0,27.0,-9.0,26.0,-10.0,23.0,-9.0,20.0,-9.0,17.0,-7.0
4.3447,122.0,-96.0,7.0,0.0,0.0,0.0,0.0,0.0,0.0,0.0,0.0,0.0,10.0,-2.0,4.0,-1.0,-4.0,1.0,-11.0,2.0,-18.0,4.0,-25.0,6.0,-29.0,7.0,-35.0,8.0,-37.0,9.0,-39.0,10.0,-39.0,10.0,-38.0,10.0,-36.0,9.0,-31.0,9.0,-26.0,7.0,-19.0,5.0,-12.0,3.0,-5.0,0.0,4.0,-3.0,10.0,-6.0,17.0,-10.0,22.0,-12.0,28.0,-15.0,30.0,-17.0,33.0,-18.0,34.0,-20.0
4.3566,122.0,-96.0,7.0,0.0,0.0,0.0,0.0,0.0,0.0,0.0,0.0,0.0,11.0,-4.0,15.0,-6.0,18.0,-6.0,22.0,-7.0,24.0,-8.0,26.0,-8.0,26.0,-8.0,26.0,-7.0,24.0,-7.0,21.0,-6.0,17.0,-6.0,13.0,-4.0,7.0,-3.0,3.0,-1.0,-2.0,1.0,-8.0,2.0,-13.0,5.0,-17.0,6.0,-21.0,8.0,-24.0,9.0,-26.0,10.0,-27.0,10.0,-26.0,11.0,-24.0,10.0,-22.0,10.0,-19.0,8.0
4.3732,122.0,-96.0,7.0,0.0,0.0,0.0,0.0,0.0,0.0,0.0,0.0,0.0,-13.0,-16.0,-13.0,-16.0,-13.0,-17.0,-12.0,-17.0,-11.0,-18.0,-11.0,-18.0,-11.0,-17.0,-10.0,-18.0,-9.0,-18.0,-9.0,-18.0,-9.0,-18.0,-9.0,-18.0,-9.0,-18.0,-8.0,-18.0,-8.0,-17.0,-8.0,-18.0,-8.0,-17.0,-7.0,-17.0,-7.0,-16.0,-7.0,-16.0,-7.0,-16.0,-7.0,-16.0,-7.0,-16.0,-7.0,-15.0,-8.0,-15.0,-8.0,-14.0
4.3876,122.0,-96.0,7.0,0.0,0.0,0.0,0.0,0.0,0.0,0.0,0.0,0.0,-1.0,-10.0,0.0,-4.0,0.0,2.0,0.0,9.0,1.0,15.0,1.0,21.0,2.0,25.0,2.0,30.0,3.0,33.0,3.0,35.0,3.0,34.0,3.0,34.0,2.0,32.0,3.0,28.0,2.0,23.0,2.0,16.0,1.0,10.0,-1.0,3.0,-2.0,-4.0,-4.0,-11.0,-6.0,-17.0,-8.0,-21.0,-9.0,-28.0,-10.0,-30.0,-12.0,-32.0,-12.0,-33.0
4.4018,122.0,-96.0,7.0,0.0,0.0,0.0,0.0,0.0,0.0,0.0,0.0,0.0,-18.0,11.0,-18.0,10.0,-19.0,10.0,-19.0,9.0,-20.0,9.0,-19.0,8.0,-19.0,7.0,-20.0,7.0,-20.0,6.0,-20.0,6.0,-20.0,6.0,-19.0,6.0,-19.0,6.0,-19.0,5.0,-19.0,4.0,-19.0,5.0,-18.0,4.0,-19.0,4.0,-18.0,4.0,-17.0,4.0,-17.0,4.0,-17.0,4.0,-17.0,4.0,-16.0,4.0,-16.0,4.0,-15.0,5.0
4.4154,122.0,-96.0,7.0,0.0,0.0,0.0,0.0,0.0,0.0,0.0,0.0,0.0,-7.0,-2.0,0.0,-1.0,7.0,-1.0,13.0,-1.0,21.0,-1.0,27.0,-2.0,32.0,-2.0,37.0,-2.0,38.0,-3.0,40.0,-2.0,39.0,-3.0,37.0,-3.0,34.0,-2.0,28.0,-3.0,22.0,-2.0,16.0,-1.0,8.0,-1.0,1.0,1.0,-8.0,2.0,-15.0,3.0,-22.0,5.0,-26.0,8.0,-33.0,8.0,-35.0,10.0,-37.0,11.0,-38.0,11.0
4.43,122.0,-96.0,7.0,0.0,0.0,0.0,0.0,0.0,0.0,0.0,0.0,0.0,-21.0,-26.0,-19.0,-22.0,-17.0,-19.0,-12.0,-14.0,-8.0,-9.0,-3.0,-4.0,2.0,1.0,7.0,7.0,13.0,12.0,17.0,17.0,21.0,21.0,24.0,25.0,27.0,26.0,28.0,29.0,29.0,27.0,28.0,26.0,26.0,24.0,22.0,21.0,18.0,17.0,14.0,12.0,8.0,8.0,1.0,3.0,-5.0,-2.0,-12.0,-7.0,-17.0,-10.0,-23.0,-13.0
4.4448,122.0,-96.0,7.0,0.0,0.0,0.0,0.0,0.0,0.0,0.0,0.0,0.0,-17.0,-25.0,-15.0,-22.0,-13.0,-18.0,-10.0,-14.0,-6.0,-9.0,-2.0,-4.0,2.0,1.0,6.0,8.0,9.0,12.0,13.0,16.0,16.0,21.0,18.0,24.0,21.0,26.0,22.0,28.0,22.0,28.0,20.0,26.0,20.0,25.0,16.0,21.0,14.0,17.0,10.0,13.0,5.0,7.0,0.0,2.0,-4.0,-3.0,-10.0,-8.0,-14.0,-11.0,-18.0,-15.0
4.4568,122.0,-96.0,7.0,0.0,0.0,0.0,0.0,0.0,0.0,0.0,0.0,0.0,-3.0,8.0,-2.0,3.0,-1.0,-3.0,1.0,-10.0,2.0,-16.0,2.0,-22.0,2.0,-27.0,3.0,-31.0,3.0,-34.0,3.0,-35.0,2.0,-35.0,3.0,-35.0,3.0,-33.0,2.0,-28.0,1.0,-24.0,0.0,-17.0,0.0,-11.0,0.0,-4.0,0.0,3.0,1.0,10.0,2.0,16.0,3.0,21.0,3.0,27.0,4.0,30.0,5.0,32.0,5.0,34.0
4.4705,122.0,-96.0,7.0,0.0,0.0,0.0,0.0,0.0,0.0,0.0,0.0,0.0,19.0,-2.0,19.0,-2.0,19.0,-1.0,20.0,-1.0,20.0,0.0,20.0,1.0,19.0,1.0,19.0,1.0,19.0,2.0,19.0,2.0,19.0,2.0,19.0,2.0,18.0,2.0,18.0,3.0,18.0,3.0,18.0,3.0,17.0,3.0,17.0,3.0,17.0,3.0,16.0,3.0,15.0,3.0,15.0,2.0,15.0,3.0,15.0,2.0,15.0,2.0,15.0,1.0
4.4846,122.0,-96.0,7.0,0.0,0.0,0.0,0.0,0.0,0.0,0.0,0.0,0.0,12.0,1.0,16.0,2.0,19.0,3.0,22.0,4.0,25.0,4.0,26.0,5.0,26.0,5.0,26.0,6.0,24.0,5.0,21.0,4.0,18.0,3.0,13.0,2.0,8.0,1.0,2.0,0.0,-3.0,0.0,-8.0,-1.0,-14.0,-2.0,-18.0,-3.0,-22.0,-3.0,-25.0,-3.0,-28.0,-3.0,-29.0,-4.0,-29.0,-3.0,-27.0,-2.0,-24.0,-2.0,-21.0,-1.0
4.4995,122.0,-96.0,7.0,0.0,0.0,0.0,0.0,0.0,0.0,0.0,0.0,0.0,-5.0,-25.0,-4.0,-25.0,-4.0,-25.0,-4.0,-26.0,-3.0,-26.0,-2.0,-27.0,-2.0,-25.0,-1.0,-25.0,-1.0,-25.0,0.0,-25.0,0.0,-25.0,1.0,-25.0,0.0,-24.0,1.0,-24.0,2.0,-24.0,2.0,-23.0,2.0,-23.0,2.0,-22.0,2.0,-23.0,2.0,-22.0,2.0,-21.0,1.0,-21.0,1.0,-21.0,1.0,-21.0,1.0,-20.0,-1.0,-20.0
4.5137,122.0,-96.0,7.0,0.0,0.0,0.0,0.0,0.0,0.0,0.0,0.0,0.0,-5.0,-4.0,0.0,-1.0,4.0,2.0,9.0,5.0,14.0,7.0,18.0,10.0,21.0,12.0,24.0,14.0,26.0,14.0,27.0,15.0,26.0,14.0,25.0,14.0,23.0,13.0,20.0,10.0,15.0,9.0,11.0,5.0,5.0,3.0,0.0,1.0,-6.0,-2.0,-12.0,-4.0,-17.0,-6.0,-21.0,-6.0,-25.0,-8.0,-28.0,-8.0,-29.0,-8.0,-30.0,-8.0
4.5265,122.0,-96.0,7.0,0.0,0.0,0.0,0.0,0.0,0.0,0.0,0.0,0.0,28.0,10.0,24.0,8.0,19.0,7.0,13.0,5.0,7.0,2.0,0.0,0.0,-7.0,-2.0,-14.0,-5.0,-20.0,-7.0,-27.0,-8.0,-32.0,-10.0,-35.0,-10.0,-37.0,-10.0,-39.0,-12.0,-39.0,-12.0,-36.0,-11.0,-33.0,-10.0,-28.0,-9.0,-23.0,-7.0,-16.0,-5.0,-9.0,-4.0,-1.0,-2.0,7.0,-1.0,14.0,1.0,21.0,1.0,26.0,1.0
4.5401,122.0,-96.0,7.0,0.0,0.0,0.0,0.0,0.0,0.0,0.0,0.0,0.0,-15.0,-6.0,-20.0,-8.0,-23.0,-9.0,-26.0,-10.0,-28.0,-11.0,-29.0,-12.0,-28.0,-12.0,-27.0,-12.0,-25.0,-11.0,-22.0,-9.0,-17.0,-7.0,-12.0,-5.0,-7.0,-3.0,-1.0,-1.0,5.0,0.0,10.0,3.0,16.0,4.0,21.0,5.0,24.0,6.0,28.0,7.0,30.0,7.0,31.0,7.0,30.0,7.0,27.0,6.0,24.0,4.0,20.0,4.0
4.5543,122.0,-96.0,7.0,0.0,0.0,0.0,0.0,0.0,0.0,0.0,0.0,0.0,-21.0,-23.0,-19.0,-19.0,-15.0,-15.0,-10.0,-12.0,-6.0,-6.0,0.0,-1.0,5.0,4.0,10.0,9.0,15.0,14.0,20.0,17.0,24.0,21.0,27.0,23.0,29.0,24.0,30.0,26.0,30.0,25.0,27.0,23.0,26.0,22.0,21.0,18.0,18.0,14.0,12.0,10.0,6.0,6.0,-1.0,1.0,-7.0,-3.0,-14.0,-7.0,-19.0,-10.0,-25.0,-12.0
4.5682,122.0,-96.0,7.0,0.0,0.0,0.0,0.0,0.0,0.0,0.0,0.0,0.0,15.0,19.0,14.0,19.0,13.0,19.0,14.0,21.0,13.0,20.0,12.0,20.0,12.0,20.0,11.0,21.0,11.0,21.0,11.0,21.0,10.0,21.0,10.0,21.0,10.0,20.0,9.0,20.0,8.0,21.0,8.0,20.0,8.0,20.0,7.0,20.0,8.0,20.0,8.0,19.0,7.0,18.0,8.0,18.0,7.0,17.0,8.0,17.0,8.0,17.0,9.0,16.0
4.5819,122.0,-96.0,7.0,0.0,0.0,0.0,0.0,0.0,0.0,0.0,0.0,0.0,-8.0,-7.0,-3.0,-4.0,2.0,0.0,7.0,4.0,12.0,8.0,18.0,11.0,22.0,13.0,25.0,16.0,28.0,17.0,29.0,18.0,29.0,18.0,29.0,18.0,27.0,17.0,24.0,13.0,20.0,11.0,14.0,8.0,9.0,5.0,2.0,2.0,-4.0,-1.0,-11.0,-4.0,-17.0,-5.0,-22.0,-6.0,-27.0,-9.0,-30.0,-8.0,-33.0,-9.0,-34.0,-9.0
4.5942,122.0,-96.0,7.0,0.0,0.0,0.0,0.0,0.0,0.0,0.0,0.0,0.0,15.0,12.0,15.0,13.0,14.0,13.0,14.0,14.0,14.0,14.0,13.0,14.0,13.0,14.0,13.0,14.0,12.0,14.0,12.0,15.0,12.0,15.0,11.0,15.0,11.0,15.0,10.0,15.0,10.0,15.0,10.0,15.0,10.0,15.0,10.0,15.0,9.0,14.0,10.0,14.0,9.0,13.0,9.0,13.0,9.0,13.0,9.0,12.0,9.0,12.0,10.0,11.0
4.6081,122.0,-96.0,7.0,0.0,0.0,0.0,0.0,0.0,0.0,0.0,0.0,0.0,24.0,-3.0,26.0,-2.0,26.0,-2.0,25.0,-2.0,24.0,-2.0,21.0,-2.0,18.0,-1.0,13.0,-1.0,9.0,-1.0,3.0,0.0,-2.0,1.0,-7.0,2.0,-13.0,2.0,-18.0,3.0,-23.0,3.0,-26.0,4.0,-28.0,4.0,-29.0,5.0,-28.0,5.0,-27.0,5.0,-24.0,5.0,-22.0,4.0,-18.0,3.0,-13.0,2.0,-8.0,1.0,-3.0,-1.0
4.6227,122.0,-96.0,7.0,0.0,0.0,0.0,0.0,0.0,0.0,0.0,0.0,0.0,-18.0,9.0,-19.0,8.0,-19.0,8.0,-19.0,8.0,-19.0,7.0,-20.0,7.0,-19.0,6.0,-20.0,6.0,-19.0,5.0,-19.0,5.0,-19.0,5.0,-19.0,5.0,-19.0,4.0,-19.0,4.0,-20.0,3.0,-18.0,3.0,-19.0,3.0,-18.0,3.0,-18.0,3.0,-17.0,3.0,-17.0,3.0,-17.0,3.0,-17.0,3.0,-16.0,3.0,-16.0,4.0,-15.0,4.0
4.6359,122.0,-96.0,7.0,0.0,0.0,0.0,0.0,0.0,0.0,0.0,0.0,0.0,12.0,18.0,12.0,19.0,12.0,20.0,12.0,19.0,11.0,18.0,10.0,16.0,8.0,14.0,6.0,10.0,4.0,7.0,1.0,2.0,-2.0,-1.0,-5.0,-5.0,-8.0,-9.0,-10.0,-13.0,-12.0,-16.0,-14.0,-19.0,-16.0,-20.0,-17.0,-21.0,-17.0,-20.0,-16.0,-19.0,-15.0,-17.0,-13.0,-15.0,-11.0,-12.0,-8.0,-9.0,-5.0,-6.0,-1.0,-3.0
4.6518,122.0,-96.0,7.0,0.0,0.0,0.0,0.0,0.0,0.0,0.0,0.0,0.0,8.0,-19.0,8.0,-18.0,9.0,-18.0,9.0,-18.0,10.0,-18.0,10.0,-18.0,10.0,-17.0,11.0,-17.0,11.0,-17.0,12.0,-16.0,12.0,-16.0,12.0,-15.0,12.0,-15.0,12.0,-15.0,12.0,-14.0,12.0,-15.0,11.0,-14.0,12.0,-14.0,11.0,-14.0,11.0,-13.0,11.0,-13.0,10.0,-13.0,10.0,-13.0,10.0,-13.0,10.0,-13.0,9.0,-13.0
4.6666,122.0,-96.0,7.0,0.0,0.0,0.0,0.0,0.0,0.0,0.0,0.0,0.0,-24.0,11.0,-21.0,10.0,-17.0,8.0,-13.0,6.0,-9.0,4.0,-4.0,1.0,1.0,-3.0,6.0,-5.0,12.0,-8.0,15.0,-11.0,20.0,-13.0,22.0,-15.0,24.0,-17.0,26.0,-18.0,26.0,-18.0,25.0,-17.0,23.0,-16.0,20.0,-14.0,16.0,-12.0,12.0,-9.0,7.0,-5.0,2.0,-1.0,-2.0,3.0,-7.0,7.0,-10.0,11.0,-13.0,15.0
4.6809,122.0,-96.0,7.0,0.0,0.0,0.0,0.0,0.0,0.0,0.0,0.0,0.0,-5.0,7.0,-8.0,11.0,-10.0,14.0,-13.0,17.0,-14.0,20.0,-16.0,22.0,-16.0,22.0,-17.0,22.0,-16.0,21.0,-14.0,19.0,-12.0,16.0,-10.0,12.0,-7.0,8.0,-4.0,4.0,-2.0,-1.0,2.0,-6.0,5.0,-11.0,6.0,-15.0,9.0,-19.0,11.0,-22.0,12.0,-24.0,13.0,-26.0,12.0,-26.0,11.0,-25.0,9.0,-23.0,8.0,-20.0
4.6937,122.0,-96.0,7.0,0.0,0.0,0.0,0.0,0.0,0.0,0.0,0.0,0.0,13.0,12.0,13.0,12.0,13.0,12.0,13.0,13.0,12.0,13.0,12.0,14.0,12.0,13.0,11.0,14.0,11.0,14.0,10.0,14.0,10.0,14.0,10.0,14.0,9.0,14.0,9.0,14.0,9.0,14.0,9.0,14.0,9.0,14.0,8.0,14.0,8.0,14.0,8.0,13.0,8.0,13.0,8.0,12.0,8.0,12.0,8.0,12.0,8.0,12.0,8.0,11.0
4.7072,122.0,-96.0,7.0,0.0,0.0,0.0,0.0,0.0,0.0,0.0,0.0,0.0,11.0,5.0,16.0,7.0,19.0,9.0,23.0,11.0,25.0,11.0,27.0,13.0,27.0,13.0,27.0,13.0,25.0,12.0,22.0,10.0,18.0,8.0,13.0,6.0,8.0,4.0,2.0,1.0,-3.0,0.0,-9.0,-3.0,-15.0,-5.0,-20.0,-6.0,-24.0,-8.0,-27.0,-8.0,-30.0,-9.0,-31.0,-9.0,-30.0,-8.0,-29.0,-7.0,-26.0,-6.0,-23.0,-5.0
4.7217,122.0,-96.0,7.0,0.0,0.0,0.0,0.0,0.0,0.0,0.0,0.0,0.0,-1.0,-19.0,0.0,-19.0,0.0,-19.0,0.0,-19.0,1.0,-20.0,2.0,-19.0,2.0,-19.0,2.0,-19.0,2.0,-19.0,3.0,-19.0,4.0,-18.0,4.0,-18.0,4.0,-18.0,4.0,-18.0,4.0,-17.0,4.0,-17.0,4.0,-17.0,4.0,-17.0,4.0,-16.0,4.0,-16.0,4.0,-15.0,3.0,-15.0,4.0,-15.0,3.0,-15.0,3.0,-15.0,3.0,-15.0
4.7359,122.0,-96.0,7.0,0.0,0.0,0.0,0.0,0.0,0.0,0.0,0.0,0.0,4.0,7.0,0.0,3.0,-2.0,-2.0,-5.0,-7.0,-9.0,-11.0,-12.0,-16.0,-15.0,-19.0,-17.0,-22.0,-19.0,-23.0,-19.0,-26.0,-19.0,-26.0,-19.0,-25.0,-17.0,-24.0,-16.0,-20.0,-13.0,-17.0,-11.0,-12.0,-6.0,-7.0,-2.0,-4.0,2.0,1.0,7.0,5.0,12.0,8.0,16.0,10.0,19.0,15.0,21.0,16.0,23.0,17.0,25.0,17.0
4.7494,122.0,-96.0,7.0,0.0,0.0,0.0,0.0,0.0,0.0,0.0,0.0,0.0,17.0,10.0,16.0,10.0,16.0,10.0,16.0,11.0,16.0,12.0,15.0,12.0,15.0,11.0,15.0,12.0,14.0,12.0,14.0,13.0,13.0,13.0,13.0,13.0,13.0,13.0,13.0,13.0,12.0,14.0,12.0,13.0,12.0,13.0,12.0,13.0,11.0,13.0,11.0,12.0,11.0,12.0,11.0,11.0,11.0,12.0,11.0,11.0,10.0,11.0,11.0,10.0
4.7641,122.0,-96.0,7.0,0.0,0.0,0.0,0.0,0.0,0.0,0.0,0.0,0.0,23.0,-2.0,20.0,-2.0,16.0,-1.0,13.0,-1.0,8.0,-1.0,3.0,0.0,-2.0,1.0,-8.0,1.0,-13.0,1.0,-18.0,2.0,-22.0,2.0,-25.0,3.0,-27.0,3.0,-29.0,3.0,-29.0,3.0,-27.0,3.0,-26.0,3.0,-23.0,3.0,-19.0,2.0,-14.0,1.0,-8.0,0.0,-3.0,-1.0,3.0,-2.0,8.0,-4.0,12.0,-5.0,16.0,-7.0
4.7788,122.0,-96.0,7.0,0.0,0.0,0.0,0.0,0.0,0.0,0.0,0.0,0.0,-2.0,-12.0,-1.0,-7.0,0.0,-2.0,1.0,4.0,3.0,10.0,4.0,16.0,6.0,19.0,7.0,24.0,8.0,26.0,9.0,29.0,9.0,30.0,9.0,29.0,8.0,28.0,8.0,25.0,6.0,21.0,6.0,16.0,3.0,10.0,1.0,5.0,-2.0,-1.0,-4.0,-7.0,-8.0,-11.0,-10.0,-16.0,-13.0,-21.0,-15.0,-23.0,-16.0,-25.0,-18.0,-26.0
4.7921,122.0,-96.0,7.0,0.0,0.0,0.0,0.0,0.0,0.0,0.0,0.0,0.0,4.0,7.0,1.0,3.0,-3.0,-2.0,-6.0,-7.0,-10.0,-11.0,-13.0,-15.0,-16.0,-18.0,-18.0,-22.0,-20.0,-23.0,-21.0,-24.0,-21.0,-24.0,-21.0,-24.0,-19.0,-23.0,-17.0,-19.0,-14.0,-16.0,-11.0,-11.0,-7.0,-7.0,-2.0,-3.0,3.0,1.0,7.0,5.0,12.0,8.0,17.0,10.0,20.0,14.0,23.0,15.0,25.0,15.0,25.0,16.0
4.8061,122.0,-96.0,7.0,0.0,0.0,0.0,0.0,0.0,0.0,0.0,0.0,0.0,5.0,-20.0,6.0,-19.0,6.0,-19.0,7.0,-19.0,7.0,-19.0,7.0,-19.0,8.0,-18.0,8.0,-18.0,8.0,-18.0,8.0,-18.0,9.0,-18.0,9.0,-17.0,9.0,-17.0,9.0,-17.0,9.0,-16.0,9.0,-16.0,9.0,-16.0,9.0,-15.0,9.0,-15.0,8.0,-15.0,8.0,-15.0,8.0,-14.0,8.0,-14.0,7.0,-14.0,7.0,-14.0,6.0,-14.0
4.8206,122.0,-96.0,7.0,0.0,0.0,0.0,0.0,0.0,0.0,0.0,0.0,0.0,9.0,3.0,3.0,2.0,-3.0,0.0,-10.0,-2.0,-16.0,-4.0,-22.0,-5.0,-26.0,-6.0,-31.0,-8.0,-33.0,-8.0,-35.0,-8.0,-35.0,-8.0,-35.0,-8.0,-33.0,-8.0,-28.0,-6.0,-23.0,-5.0,-17.0,-4.0,-11.0,-3.0,-4.0,-2.0,4.0,-1.0,10.0,-1.0,17.0,-2.0,22.0,-2.0,28.0,-2.0,31.0,-3.0,33.0,-3.0,34.0,-4.0
4.8356,122.0,-96.0,7.0,0.0,0.0,0.0,0.0,0.0,0.0,0.0,0.0,0.0,-1.0,-9.0,0.0,-4.0,1.0,2.0,2.0,7.0,3.0,13.0,4.0,18.0,6.0,22.0,7.0,26.0,8.0,28.0,8.0,30.0,9.0,30.0,8.0,29.0,8.0,27.0,7.0,23.0,5.0,20.0,4.0,14.0,2.0,8.0,0.0,3.0,-3.0,-3.0,-5.0,-9.0,-9.0,-14.0,-11.0,-17.0,-13.0,-22.0,-15.0,-24.0,-17.0,-25.0,-18.0,-26.0
4.8497,122.0,-96.0,7.0,0.0,0.0,0.0,0.0,0.0,0.0,0.0,0.0,0.0,-20.0,0.0,-21.0,-1.0,-20.0,-1.0,-21.0,-2.0,-21.0,-3.0,-21.0,-3.0,-20.0,-3.0,-20.0,-4.0,-20.0,-4.0,-19.0,-4.0,-20.0,-5.0,-19.0,-5.0,-19.0,-5.0,-19.0,-5.0,-19.0,-5.0,-18.0,-5.0,-18.0,-5.0,-17.0,-5.0,-17.0,-6.0,-17.0,-5.0,-16.0,-5.0,-16.0,-5.0,-16.0,-4.0,-16.0,-4.0,-16.0,-4.0,-16.0,-4.0
4.8635,122.0,-96.0,7.0,0.0,0.0,0.0,0.0,0.0,0.0,0.0,0.0,0.0,-10.0,0.0,-15.0,0.0,-19.0,0.0,-23.0,0.0,-25.0,0.0,-28.0,0.0,-28.0,0.0,-28.0,0.0,-27.0,0.0,-24.0,0.0,-21.0,0.0,-17.0,0.0,-12.0,0.0,-6.0,-1.0,-1.0,-1.0,5.0,-2.0,11.0,-2.0,15.0,-3.0,20.0,-4.0,23.0,-5.0,26.0,-6.0,27.0,-6.0,27.0,-7.0,25.0,-7.0,23.0,-7.0,21.0,-6.0
4.8773,122.0,-96.0,7.0,0.0,0.0,0.0,0.0,0.0,0.0,0.0,0.0,0.0,15.0,-19.0,17.0,-20.0,18.0,-20.0,17.0,-20.0,16.0,-18.0,15.0,-17.0,12.0,-14.0,9.0,-10.0,6.0,-7.0,2.0,-3.0,-1.0,2.0,-4.0,6.0,-8.0,10.0,-11.0,14.0,-15.0,18.0,-17.0,20.0,-18.0,22.0,-18.0,23.0,-18.0,23.0,-17.0,22.0,-14.0,20.0,-13.0,17.0,-11.0,14.0,-8.0,10.0,-5.0,5.0,-2.0,1.0
4.8928,122.0,-96.0,7.0,0.0,0.0,0.0,0.0,0.0,0.0,0.0,0.0,0.0,-7.0,-19.0,-7.0,-20.0,-7.0,-19.0,-6.0,-20.0,-5.0,-20.0,-5.0,-20.0,-4.0,-20.0,-4.0,-20.0,-4.0,-20.0,-3.0,-20.0,-3.0,-20.0,-3.0,-19.0,-3.0,-19.0,-2.0,-19.0,-2.0,-19.0,-2.0,-18.0,-1.0,-18.0,-1.0,-18.0,-1.0,-18.0,-1.0,-17.0,-2.0,-17.0,-2.0,-17.0,-2.0,-16.0,-2.0,-16.0,-2.0,-16.0,-3.0,-16.0
4.9064,122.0,-96.0,7.0,0.0,0.0,0.0,0.0,0.0,0.0,0.0,0.0,0.0,-3.0,-25.0,-2.0,-27.0,-2.0,-28.0,-2.0,-26.0,-2.0,-25.0,-1.0,-22.0,-1.0,-19.0,-1.0,-14.0,0.0,-9.0,0.0,-4.0,1.0,1.0,1.0,7.0,2.0,12.0,2.0,17.0,3.0,22.0,3.0,25.0,4.0,27.0,4.0,28.0,5.0,28.0,4.0,27.0,4.0,24.0,4.0,21.0,3.0,17.0,2.0,12.0,1.0,7.0,-1.0,1.0
4.9223,122.0,-96.0,7.0,0.0,0.0,0.0,0.0,0.0,0.0,0.0,0.0,0.0,-5.0,-21.0,-4.0,-21.0,-4.0,-22.0,-3.0,-21.0,-3.0,-22.0,-2.0,-21.0,-2.0,-21.0,-1.0,-21.0,-1.0,-21.0,0.0,-21.0,0.0,-21.0,0.0,-21.0,0.0,-20.0,1.0,-20.0,0.0,-20.0,0.0,-20.0,1.0,-19.0,1.0,-20.0,1.0,-19.0,0.0,-18.0,0.0,-18.0,0.0,-18.0,0.0,-18.0,0.0,-17.0,0.0,-17.0,-1.0,-16.0
4.9356,122.0,-96.0,7.0,0.0,0.0,0.0,0.0,0.0,0.0,0.0,0.0,0.0,9.0,0.0,3.0,1.0,-3.0,0.0,-10.0,0.0,-17.0,0.0,-22.0,1.0,-27.0,1.0,-31.0,1.0,-34.0,2.0,-36.0,2.0,-36.0,2.0,-35.0,1.0,-33.0,2.0,-28.0,2.0,-24.0,1.0,-17.0,1.0,-10.0,0.0,-4.0,-1.0,3.0,-2.0,10.0,-4.0,16.0,-6.0,20.0,-8.0,27.0,-9.0,29.0,-11.0,31.0,-12.0,32.0,-13.0
4.9509,122.0,-96.0,7.0,0.0,0.0,0.0,0.0,0.0,0.0,0.0,0.0,0.0,7.0,-19.0,8.0,-19.0,8.0,-18.0,9.0,-19.0,9.0,-18.0,9.0,-18.0,10.0,-17.0,10.0,-17.0,11.0,-17.0,11.0,-17.0,11.0,-16.0,11.0,-16.0,11.0,-16.0,11.0,-16.0,12.0,-15.0,11.0,-14.0,11.0,-15.0,11.0,-14.0,11.0,-14.0,11.0,-14.0,10.0,-13.0,10.0,-13.0,10.0,-13.0,10.0,-13.0,9.0,-13.0,8.0,-13.0
4.9645,122.0,-96.0,7.0,0.0,0.0,0.0,0.0,0.0,0.0,0.0,0.0,0.0,-24.0,5.0,-26.0,5.0,-27.0,4.0,-26.0,4.0,-25.0,4.0,-22.0,3.0,-19.0,2.0,-14.0,2.0,-9.0,1.0,-4.0,0.0,1.0,-2.0,6.0,-3.0,12.0,-5.0,17.0,-5.0,21.0,-6.0,24.0,-7.0,26.0,-8.0,27.0,-8.0,27.0,-9.0,26.0,-8.0,23.0,-8.0,20.0,-7.0,16.0,-6.0,12.0,-4.0,7.0,-2.0,2.0,0.0
4.9788,122.0,-96.0,7.0,0.0,0.0,0.0,0.0,0.0,0.0,0.0,0.0,0.0,-6.0,0.0,-1.0,-2.0,5.0,-3.0,10.0,-4.0,15.0,-6.0,20.0,-7.0,23.0,-9.0,27.0,-9.0,28.0,-11.0,30.0,-11.0,28.0,-11.0,27.0,-11.0,25.0,-9.0,21.0,-9.0,17.0,-7.0,11.0,-5.0,5.0,-2.0,0.0,0.0,-5.0,3.0,-10.0,6.0,-15.0,9.0,-18.0,12.0,-23.0,14.0,-24.0,16.0,-24.0,17.0,-25.0,18.0
4.9931,122.0,-96.0,7.0,0.0,0.0,0.0,0.0,0.0,0.0,0.0,0.0,0.0,5.0,-17.0,6.0,-17.0,5.0,-17.0,6.0,-17.0,7.0,-17.0,7.0,-17.0,7.0,-16.0,8.0,-16.0,8.0,-16.0,8.0,-16.0,8.0,-16.0,8.0,-15.0,8.0,-15.0,9.0,-15.0,9.0,-15.0,8.0,-14.0,9.0,-14.0,8.0,-14.0,9.0,-13.0,8.0,-13.0,8.0,-13.0,8.0,-13.0,7.0,-13.0,7.0,-13.0,7.0,-13.0,6.0,-13.0
5.0066,122.0,-96.0,7.0,0.0,0.0,0.0,0.0,0.0,0.0,0.0,0.0,0.0,1.0,-21.0,2.0,-21.0,1.0,-21.0,1.0,-20.0,2.0,-21.0,3.0,-21.0,3.0,-21.0,3.0,-22.0,3.0,-21.0,4.0,-21.0,4.0,-22.0,4.0,-21.0,4.0,-21.0,4.0,-22.0,5.0,-22.0,5.0,-22.0,5.0,-22.0,6.0,-22.0,5.0,-22.0,5.0,-22.0,6.0,-22.0,5.0,-22.0,5.0,-22.0,4.0,-21.0,5.0,-21.0,4.0,-21.0
