time,sc_0,sc_1,sc_2,sc_3,sc_4,sc_5,sc_6,sc_7,sc_8,sc_9,sc_10,sc_11,sc_12,sc_13,sc_14,sc_15,sc_16,sc_17,sc_18,sc_19,sc_20,sc_21,sc_22,sc_23,sc_24,sc_25,sc_26,sc_27,sc_28,sc_29,sc_30,sc_31,sc_32,sc_33,sc_34,sc_35,sc_36,sc_37,sc_38,sc_39,sc_40,sc_41,sc_42,sc_43,sc_44,sc_45,sc_46,sc_47,sc_48,sc_49,sc_50,sc_51,sc_52,sc_53,sc_54,sc_55,sc_56,sc_57,sc_58,sc_59,sc_60,sc_61,sc_62,sc_63
0.0122,122.0,-96.0,7.0,0.0,-10.0,-36.0,-11.0,-35.0,-11.0,-33.0,-11.0,-30.0,-10.0,-25.0,-8.0,-20.0,-6.0,-15.0,-2.0,-9.0,2.0,-4.0,6.0,1.0,9.0,5.0,13.0,8.0,17.0,11.0,20.0,13.0,22.0,14.0,22.0,14.0,23.0,14.0,22.0,13.0,20.0,12.0,17.0,10.0,13.0,7.0,9.0,5.0,5.0,4.0,1.0,2.0,-3.0,1.0,0.0,0.0,0.0,0.0,0.0,0.0,0.0,0.0,0.0,0.0
0.0193,122.0,-96.0,7.0,0.0,-27.0,6.0,-32.0,8.0,-36.0,9.0,-38.0,10.0,-38.0,11.0,-36.0,11.0,-33.0,11.0,-30.0,11.0,-25.0,10.0,-20.0,7.0,-14.0,3.0,-8.0,0.0,-2.0,-4.0,3.0,-8.0,7.0,-12.0,11.0,-15.0,15.0,-18.0,16.0,-20.0,18.0,-21.0,17.0,-22.0,16.0,-20.0,15.0,-18.0,13.0,-16.0,11.0,-14.0,9.0,-11.0,0.0,0.0,0.0,0.0,0.0,0.0,0.0,0.0,0.0,0.0
0.0259,122.0,-96.0,7.0,0.0,-3.0,4.0,-6.0,-3.0,-8.0,-8.0,-12.0,-14.0,-15.0,-18.0,-18.0,-22.0,-20.0,-23.0,-22.0,-24.0,-22.0,-24.0,-22.0,-23.0,-22.0,-21.0,-20.0,-19.0,-17.0,-15.0,-13.0,-12.0,-9.0,-9.0,-3.0,-6.0,1.0,-3.0,5.0,-1.0,9.0,2.0,13.0,4.0,16.0,5.0,18.0,6.0,18.0,7.0,18.0,6.0,17.0,6.0,0.0,0.0,0.0,0.0,0.0,0.0,0.0,0.0,0.0,0.0
0.0329,122.0,-96.0,7.0,0.0,27.0,15.0,27.0,15.0,27.0,14.0,24.0,12.0,21.0,9.0,16.0,7.0,12.0,5.0,6.0,4.0,0.0,2.0,-5.0,2.0,-10.0,2.0,-15.0,3.0,-18.0,3.0,-22.0,3.0,-24.0,4.0,-25.0,5.0,-24.0,4.0,-23.0,4.0,-21.0,4.0,-17.0,3.0,-14.0,3.0,-10.0,2.0,-6.0,0.0,-3.0,-1.0,0.0,-2.0,0.0,0.0,0.0,0.0,0.0,0.0,0.0,0.0,0.0,0.0
0.0555,122.0,-96.0,7.0,0.0,4.0,-23.0,4.0,-23.0,4.0,-22.0,3.0,-22.0,2.0,-22.0,2.0,-22.0,1.0,-22.0,1.0,-22.0,0.0,-22.0,1.0,-22.0,0.0,-21.0,0.0,-21.0,-1.0,-21.0,-1.0,-21.0,0.0,-21.0,0.0,-20.0,0.0,-20.0,0.0,-20.0,0.0,-19.0,0.0,-19.0,0.0,-18.0,1.0,-18.0,1.0,-17.0,1.0,-17.0,2.0,-16.0,0.0,0.0,0.0,0.0,0.0,0.0,0.0,0.0,0.0,0.0
0.069,122.0,-96.0,7.0,0.0,-3.0,-4.0,3.0,-3.0,8.0,-1.0,13.0,0.0,18.0,1.0,21.0,1.0,24.0,1.0,25.0,0.0,25.0,-1.0,24.0,-1.0,23.0,-2.0,21.0,-2.0,17.0,-1.0,14.0,-1.0,10.0,0.0,5.0,1.0,1.0,2.0,-3.0,3.0,-6.0,4.0,-10.0,5.0,-12.0,5.0,-13.0,6.0,-14.0,6.0,-15.0,7.0,-14.0,7.0,0.0,0.0,0.0,0.0,0.0,0.0,0.0,0.0,0.0,0.0
0.0844,122.0,-96.0,7.0,0.0,-32.0,-22.0,-25.0,-18.0,-18.0,-15.0,-11.0,-10.0,-2.0,-6.0,6.0,-3.0,15.0,-2.0,22.0,-1.0,29.0,-1.0,34.0,-2.0,37.0,-3.0,39.0,-4.0,39.0,-5.0,38.0,-4.0,36.0,-5.0,30.0,-5.0,25.0,-3.0,19.0,-2.0,13.0,-1.0,6.0,2.0,-1.0,3.0,-6.0,4.0,-10.0,7.0,-14.0,9.0,-17.0,10.0,0.0,0.0,0.0,0.0,0.0,0.0,0.0,0.0,0.0,0.0
0.0982,122.0,-96.0,7.0,0.0,-14.0,21.0,-12.0,17.0,-8.0,12.0,-6.0,7.0,-5.0,1.0,-3.0,-5.0,-2.0,-10.0,-2.0,-15.0,-3.0,-19.0,-4.0,-23.0,-5.0,-26.0,-5.0,-27.0,-5.0,-27.0,-6.0,-26.0,-6.0,-24.0,-5.0,-21.0,-5.0,-17.0,-3.0,-13.0,-2.0,-9.0,0.0,-5.0,2.0,-1.0,4.0,3.0,5.0,5.0,6.0,8.0,8.0,9.0,0.0,0.0,0.0,0.0,0.0,0.0,0.0,0.0,0.0,0.0
0.1116,122.0,-96.0,7.0,0.0,-7.0,24.0,-6.0,20.0,-4.0,14.0,-4.0,8.0,-4.0,2.0,-4.0,-4.0,-5.0,-10.0,-6.0,-14.0,-8.0,-18.0,-10.0,-21.0,-11.0,-23.0,-13.0,-25.0,-13.0,-24.0,-13.0,-23.0,-13.0,-22.0,-10.0,-19.0,-9.0,-15.0,-7.0,-12.0,-4.0,-8.0,-1.0,-5.0,2.0,-1.0,4.0,2.0,6.0,4.0,8.0,6.0,10.0,7.0,0.0,0.0,0.0,0.0,0.0,0.0,0.0,0.0,0.0,0.0
0.1221,122.0,-96.0,7.0,0.0,5.0,-19.0,5.0,-19.0,5.0,-18.0,4.0,-18.0,4.0,-18.0,3.0,-18.0,3.0,-18.0,2.0,-17.0,2.0,-18.0,2.0,-18.0,1.0,-17.0,1.0,-17.0,1.0,-17.0,1.0,-17.0,1.0,-17.0,2.0,-17.0,2.0,-16.0,1.0,-16.0,2.0,-16.0,2.0,-15.0,2.0,-15.0,2.0,-14.0,2.0,-14.0,2.0,-14.0,3.0,-13.0,0.0,0.0,0.0,0.0,0.0,0.0,0.0,0.0,0.0,0.0
0.1326,122.0,-96.0,7.0,0.0,-16.0,10.0,-16.0,11.0,-15.0,10.0,-15.0,10.0,-14.0,11.0,-14.0,11.0,-13.0,10.0,-13.0,11.0,-13.0,11.0,-13.0,11.0,-12.0,12.0,-13.0,11.0,-13.0,12.0,-12.0,12.0,-12.0,12.0,-12.0,12.0,-12.0,11.0,-12.0,11.0,-11.0,10.0,-11.0,10.0,-11.0,9.0,-11.0,9.0,-11.0,8.0,-11.0,8.0,-10.0,8.0,0.0,0.0,0.0,0.0,0.0,0.0,0.0,0.0,0.0,0.0
0.1448,122.0,-96.0,7.0,0.0,26.0,10.0,21.0,8.0,15.0,7.0,8.0,4.0,1.0,4.0,-5.0,3.0,-12.0,3.0,-17.0,4.0,-22.0,5.0,-25.0,7.0,-28.0,8.0,-29.0,9.0,-29.0,10.0,-28.0,9.0,-26.0,9.0,-22.0,8.0,-18.0,6.0,-14.0,3.0,-9.0,1.0,-4.0,-2.0,0.0,-4.0,3.0,-5.0,6.0,-8.0,8.0,-10.0,10.0,-11.0,0.0,0.0,0.0,0.0,0.0,0.0,0.0,0.0,0.0,0.0
0.158,122.0,-96.0,7.0,0.0,-17.0,5.0,-20.0,6.0,-22.0,7.0,-23.0,8.0,-24.0,9.0,-23.0,8.0,-21.0,9.0,-19.0,8.0,-16.0,7.0,-13.0,5.0,-9.0,3.0,-6.0,0.0,-2.0,-2.0,1.0,-5.0,4.0,-8.0,6.0,-10.0,8.0,-13.0,9.0,-14.0,10.0,-15.0,10.0,-15.0,9.0,-14.0,8.0,-13.0,7.0,-11.0,6.0,-10.0,5.0,-8.0,0.0,0.0,0.0,0.0,0.0,0.0,0.0,0.0,0.0,0.0
0.1714,122.0,-96.0,7.0,0.0,-3.0,18.0,-4.0,22.0,-4.0,24.0,-4.0,26.0,-3.0,27.0,-2.0,26.0,-1.0,25.0,-1.0,22.0,-1.0,19.0,-1.0,15.0,-1.0,10.0,-2.0,6.0,-3.0,1.0,-5.0,-3.0,-6.0,-7.0,-7.0,-11.0,-8.0,-14.0,-9.0,-16.0,-9.0,-17.0,-9.0,-17.0,-9.0,-17.0,-9.0,-15.0,-8.0,-14.0,-6.0,-12.0,-5.0,-9.0,0.0,0.0,0.0,0.0,0.0,0.0,0.0,0.0,0.0,0.0
0.1847,122.0,-96.0,7.0,0.0,4.0,1.0,-2.0,4.0,-6.0,6.0,-11.0,8.0,-15.0,10.0,-17.0,12.0,-19.0,14.0,-20.0,16.0,-20.0,17.0,-19.0,17.0,-18.0,16.0,-16.0,15.0,-13.0,13.0,-11.0,9.0,-8.0,6.0,-6.0,3.0,-3.0,-1.0,-1.0,-5.0,1.0,-8.0,3.0,-11.0,4.0,-13.0,4.0,-14.0,5.0,-15.0,5.0,-15.0,5.0,-15.0,0.0,0.0,0.0,0.0,0.0,0.0,0.0,0.0,0.0,0.0
0.1963,122.0,-96.0,7.0,0.0,-20.0,-17.0,-20.0,-16.0,-19.0,-15.0,-19.0,-15.0,-20.0,-14.0,-20.0,-14.0,-20.0,-13.0,-20.0,-12.0,-19.0,-12.0,-20.0,-12.0,-20.0,-11.0,-20.0,-11.0,-20.0,-11.0,-20.0,-10.0,-20.0,-11.0,-20.0,-10.0,-19.0,-11.0,-18.0,-10.0,-17.0,-10.0,-18.0,-10.0,-17.0,-10.0,-16.0,-10.0,-15.0,-10.0,-15.0,-10.0,-15.0,-11.0,0.0,0.0,0.0,0.0,0.0,0.0,0.0,0.0,0.0,0.0
0.2108,122.0,-96.0,7.0,0.0,-10.0,-21.0,-8.0,-18.0,-6.0,-13.0,-3.0,-8.0,1.0,-4.0,4.0,0.0,8.0,3.0,12.0,6.0,15.0,8.0,18.0,9.0,20.0,10.0,21.0,10.0,21.0,9.0,21.0,9.0,20.0,8.0,16.0,7.0,14.0,6.0,10.0,4.0,6.0,3.0,2.0,2.0,-2.0,1.0,-6.0,1.0,-8.0,1.0,-11.0,1.0,-13.0,1.0,0.0,0.0,0.0,0.0,0.0,0.0,0.0,0.0,0.0,0.0
0.225,122.0,-96.0,7.0,0.0,23.0,20.0,29.0,24.0,32.0,26.0,35.0,28.0,36.0,27.0,36.0,25.0,34.0,23.0,30.0,19.0,25.0,16.0,20.0,12.0,13.0,10.0,6.0,7.0,-2.0,4.0,-10.0,2.0,-16.0,0.0,-22.0,-1.0,-27.0,-2.0,-30.0,-2.0,-32.0,-3.0,-32.0,-2.0,-31.0,-3.0,-28.0,-3.0,-25.0,-2.0,-20.0,-1.0,-16.0,-2.0,0.0,0.0,0.0,0.0,0.0,0.0,0.0,0.0,0.0,0.0
0.239,122.0,-96.0,7.0,0.0,6.0,-37.0,5.0,-36.0,4.0,-34.0,2.0,-31.0,2.0,-26.0,1.0,-21.0,1.0,-15.0,2.0,-9.0,3.0,-3.0,5.0,3.0,6.0,10.0,8.0,14.0,11.0,18.0,14.0,21.0,14.0,22.0,14.0,23.0,15.0,22.0,13.0,21.0,12.0,19.0,10.0,15.0,8.0,12.0,6.0,8.0,2.0,5.0,-1.0,2.0,-4.0,0.0,0.0,0.0,0.0,0.0,0.0,0.0,0.0,0.0,0.0,0.0
0.2492,122.0,-96.0,7.0,0.0,15.0,-17.0,14.0,-18.0,14.0,-17.0,13.0,-17.0,12.0,-17.0,12.0,-17.0,11.0,-17.0,10.0,-17.0,10.0,-18.0,10.0,-18.0,9.0,-18.0,9.0,-18.0,9.0,-18.0,8.0,-18.0,9.0,-18.0,8.0,-18.0,9.0,-17.0,9.0,-17.0,8.0,-16.0,8.0,-15.0,8.0,-15.0,8.0,-15.0,8.0,-14.0,8.0,-14.0,8.0,-13.0,0.0,0.0,0.0,0.0,0.0,0.0,0.0,0.0,0.0,0.0
0.2633,122.0,-96.0,7.0,0.0,4.0,0.0,0.0,4.0,-4.0,8.0,-7.0,11.0,-9.0,15.0,-10.0,18.0,-11.0,21.0,-12.0,23.0,-11.0,23.0,-10.0,23.0,-9.0,21.0,-8.0,19.0,-7.0,16.0,-6.0,13.0,-5.0,8.0,-4.0,4.0,-3.0,-1.0,-2.0,-5.0,-2.0,-9.0,-2.0,-12.0,-2.0,-14.0,-2.0,-15.0,-2.0,-16.0,-2.0,-16.0,-2.0,-16.0,0.0,0.0,0.0,0.0,0.0,0.0,0.0,0.0,0.0,0.0
0.2773,122.0,-96.0,7.0,0.0,-18.0,5.0,-22.0,7.0,-24.0,8.0,-26.0,9.0,-26.0,10.0,-25.0,10.0,-23.0,10.0,-22.0,9.0,-18.0,9.0,-15.0,7.0,-11.0,4.0,-7.0,1.0,-3.0,-2.0,0.0,-5.0,3.0,-8.0,5.0,-11.0,8.0,-13.0,9.0,-15.0,10.0,-16.0,10.0,-16.0,10.0,-16.0,9.0,-15.0,7.0,-13.0,7.0,-12.0,6.0,-10.0,0.0,0.0,0.0,0.0,0.0,0.0,0.0,0.0,0.0,0.0
0.2911,122.0,-96.0,7.0,0.0,-10.0,-24.0,-8.0,-19.0,-5.0,-15.0,-2.0,-9.0,1.0,-4.0,5.0,0.0,9.0,4.0,13.0,7.0,16.0,9.0,19.0,11.0,22.0,11.0,23.0,11.0,23.0,11.0,23.0,10.0,22.0,9.0,18.0,8.0,15.0,6.0,11.0,5.0,6.0,3.0,2.0,2.0,-3.0,1.0,-7.0,1.0,-10.0,1.0,-12.0,0.0,-14.0,0.0,0.0,0.0,0.0,0.0,0.0,0.0,0.0,0.0,0.0,0.0
0.3005,122.0,-96.0,7.0,0.0,15.0,11.0,15.0,11.0,14.0,10.0,15.0,10.0,15.0,9.0,15.0,9.0,14.0,9.0,14.0,8.0,14.0,8.0,15.0,7.0,14.0,7.0,14.0,7.0,14.0,7.0,15.0,7.0,15.0,7.0,14.0,7.0,14.0,7.0,13.0,6.0,13.0,6.0,12.0,6.0,12.0,6.0,11.0,6.0,11.0,6.0,11.0,6.0,11.0,7.0,0.0,0.0,0.0,0.0,0.0,0.0,0.0,0.0,0.0,0.0
0.3145,122.0,-96.0,7.0,0.0,-30.0,-15.0,-30.0,-13.0,-29.0,-13.0,-26.0,-11.0,-22.0,-9.0,-18.0,-7.0,-13.0,-6.0,-7.0,-4.0,-1.0,-4.0,4.0,-4.0,9.0,-5.0,14.0,-6.0,17.0,-6.0,21.0,-7.0,22.0,-7.0,23.0,-8.0,23.0,-8.0,21.0,-8.0,19.0,-7.0,15.0,-6.0,12.0,-5.0,9.0,-3.0,4.0,-1.0,1.0,0.0,-1.0,2.0,0.0,0.0,0.0,0.0,0.0,0.0,0.0,0.0,0.0,0.0
0.3306,122.0,-96.0,7.0,0.0,-19.0,-18.0,-15.0,-15.0,-11.0,-12.0,-6.0,-8.0,-1.0,-4.0,5.0,-2.0,10.0,0.0,15.0,1.0,19.0,1.0,22.0,1.0,25.0,1.0,26.0,0.0,26.0,-1.0,26.0,-1.0,24.0,-1.0,20.0,-1.0,17.0,-1.0,12.0,0.0,7.0,1.0,3.0,2.0,-2.0,2.0,-5.0,3.0,-8.0,4.0,-11.0,6.0,-12.0,6.0,0.0,0.0,0.0,0.0,0.0,0.0,0.0,0.0,0.0,0.0
0.3434,122.0,-96.0,7.0,0.0,13.0,13.0,16.0,16.0,17.0,18.0,20.0,18.0,20.0,19.0,21.0,18.0,19.0,16.0,17.0,14.0,14.0,11.0,11.0,9.0,7.0,7.0,3.0,4.0,-2.0,2.0,-6.0,1.0,-10.0,-1.0,-14.0,-2.0,-17.0,-3.0,-18.0,-3.0,-19.0,-4.0,-19.0,-3.0,-19.0,-3.0,-17.0,-4.0,-15.0,-3.0,-13.0,-2.0,-10.0,-2.0,0.0,0.0,0.0,0.0,0.0,0.0,0.0,0.0,0.0,0.0
0.3565,122.0,-96.0,7.0,0.0,-14.0,-20.0,-17.0,-24.0,-18.0,-26.0,-21.0,-29.0,-22.0,-28.0,-22.0,-27.0,-21.0,-25.0,-19.0,-22.0,-17.0,-19.0,-13.0,-15.0,-10.0,-12.0,-5.0,-8.0,0.0,-4.0,5.0,-2.0,10.0,1.0,14.0,3.0,17.0,5.0,19.0,7.0,21.0,8.0,21.0,7.0,21.0,8.0,20.0,7.0,18.0,6.0,15.0,5.0,12.0,4.0,0.0,0.0,0.0,0.0,0.0,0.0,0.0,0.0,0.0,0.0
0.3672,122.0,-96.0,7.0,0.0,-25.0,-7.0,-25.0,-6.0,-24.0,-5.0,-24.0,-5.0,-24.0,-4.0,-24.0,-4.0,-23.0,-3.0,-23.0,-3.0,-23.0,-2.0,-23.0,-2.0,-23.0,-2.0,-23.0,-1.0,-23.0,-1.0,-22.0,-1.0,-23.0,-1.0,-22.0,-1.0,-21.0,-1.0,-21.0,-1.0,-21.0,-2.0,-20.0,-2.0,-20.0,-2.0,-19.0,-2.0,-19.0,-2.0,-18.0,-2.0,-18.0,-3.0,0.0,0.0,0.0,0.0,0.0,0.0,0.0,0.0,0.0,0.0
0.3816,122.0,-96.0,7.0,0.0,-11.0,35.0,-10.0,35.0,-9.0,32.0,-7.0,30.0,-5.0,25.0,-4.0,20.0,-3.0,14.0,-4.0,8.0,-4.0,2.0,-5.0,-4.0,-6.0,-10.0,-8.0,-16.0,-9.0,-20.0,-11.0,-22.0,-12.0,-25.0,-12.0,-25.0,-13.0,-25.0,-12.0,-24.0,-11.0,-21.0,-10.0,-18.0,-8.0,-15.0,-6.0,-10.0,-3.0,-7.0,0.0,-4.0,2.0,-1.0,0.0,0.0,0.0,0.0,0.0,0.0,0.0,0.0,0.0,0.0
0.3952,122.0,-96.0,7.0,0.0,-3.0,-4.0,3.0,-3.0,8.0,-2.0,13.0,-1.0,18.0,0.0,21.0,0.0,24.0,-1.0,25.0,-1.0,26.0,-3.0,24.0,-3.0,23.0,-3.0,20.0,-4.0,17.0,-3.0,14.0,-1.0,9.0,-1.0,5.0,1.0,1.0,2.0,-4.0,4.0,-7.0,5.0,-10.0,6.0,-12.0,6.0,-13.0,7.0,-14.0,7.0,-14.0,8.0,-14.0,7.0,0.0,0.0,0.0,0.0,0.0,0.0,0.0,0.0,0.0,0.0
0.4108,122.0,-96.0,7.0,0.0,-15.0,-19.0,-12.0,-15.0,-9.0,-12.0,-5.0,-8.0,-1.0,-5.0,4.0,-2.0,8.0,0.0,12.0,2.0,16.0,3.0,19.0,3.0,22.0,3.0,23.0,3.0,23.0,3.0,24.0,2.0,21.0,2.0,19.0,1.0,16.0,1.0,12.0,1.0,8.0,1.0,4.0,1.0,0.0,1.0,-4.0,2.0,-6.0,2.0,-9.0,3.0,-11.0,4.0,0.0,0.0,0.0,0.0,0.0,0.0,0.0,0.0,0.0,0.0
0.4221,122.0,-96.0,7.0,0.0,33.0,14.0,33.0,13.0,32.0,11.0,29.0,10.0,25.0,8.0,20.0,6.0,14.0,5.0,8.0,4.0,1.0,3.0,-5.0,3.0,-10.0,5.0,-16.0,6.0,-20.0,8.0,-23.0,8.0,-26.0,9.0,-26.0,10.0,-26.0,10.0,-24.0,9.0,-22.0,8.0,-19.0,7.0,-15.0,6.0,-11.0,4.0,-7.0,1.0,-4.0,0.0,-1.0,-3.0,0.0,0.0,0.0,0.0,0.0,0.0,0.0,0.0,0.0,0.0
0.433,122.0,-96.0,7.0,0.0,-25.0,-7.0,-24.0,-6.0,-24.0,-6.0,-23.0,-6.0,-23.0,-5.0,-23.0,-5.0,-22.0,-4.0,-23.0,-3.0,-23.0,-3.0,-22.0,-3.0,-22.0,-2.0,-22.0,-2.0,-22.0,-2.0,-22.0,-2.0,-22.0,-2.0,-22.0,-2.0,-21.0,-2.0,-20.0,-3.0,-20.0,-3.0,-19.0,-3.0,-19.0,-3.0,-18.0,-3.0,-18.0,-3.0,-17.0,-4.0,-17.0,-4.0,0.0,0.0,0.0,0.0,0.0,0.0,0.0,0.0,0.0,0.0
0.444,122.0,-96.0,7.0,0.0,-8.0,-17.0,-8.0,-17.0,-8.0,-15.0,-8.0,-15.0,-9.0,-15.0,-9.0,-15.0,-9.0,-14.0,-9.0,-14.0,-9.0,-13.0,-10.0,-13.0,-10.0,-13.0,-10.0,-13.0,-10.0,-13.0,-9.0,-13.0,-9.0,-13.0,-10.0,-12.0,-9.0,-12.0,-9.0,-12.0,-8.0,-12.0,-8.0,-12.0,-8.0,-11.0,-7.0,-11.0,-7.0,-11.0,-7.0,-11.0,-7.0,-11.0,0.0,0.0,0.0,0.0,0.0,0.0,0.0,0.0,0.0,0.0
0.4577,122.0,-96.0,7.0,0.0,14.0,-30.0,12.0,-24.0,9.0,-18.0,6.0,-11.0,5.0,-3.0,4.0,4.0,4.0,12.0,4.0,18.0,5.0,23.0,6.0,27.0,7.0,31.0,9.0,32.0,9.0,32.0,11.0,31.0,10.0,28.0,8.0,25.0,7.0,20.0,5.0,15.0,2.0,10.0,0.0,5.0,-4.0,0.0,-6.0,-4.0,-9.0,-7.0,-11.0,-10.0,-13.0,-12.0,0.0,0.0,0.0,0.0,0.0,0.0,0.0,0.0,0.0,0.0
0.4719,122.0,-96.0,7.0,0.0,4.0,1.0,-2.0,3.0,-7.0,6.0,-12.0,8.0,-15.0,10.0,-18.0,12.0,-20.0,14.0,-21.0,15.0,-20.0,16.0,-20.0,16.0,-18.0,15.0,-16.0,14.0,-14.0,12.0,-11.0,9.0,-8.0,5.0,-6.0,2.0,-3.0,-2.0,0.0,-6.0,2.0,-9.0,3.0,-12.0,4.0,-13.0,4.0,-14.0,5.0,-15.0,5.0,-16.0,5.0,-15.0,0.0,0.0,0.0,0.0,0.0,0.0,0.0,0.0,0.0,0.0
0.4866,122.0,-96.0,7.0,0.0,-16.0,-29.0,-14.0,-23.0,-10.0,-19.0,-5.0,-12.0,1.0,-6.0,6.0,-1.0,12.0,3.0,17.0,6.0,22.0,9.0,26.0,10.0,30.0,11.0,31.0,10.0,32.0,10.0,32.0,9.0,29.0,8.0,25.0,7.0,21.0,6.0,16.0,5.0,10.0,4.0,4.0,3.0,-2.0,3.0,-6.0,2.0,-11.0,2.0,-14.0,3.0,-17.0,3.0,0.0,0.0,0.0,0.0,0.0,0.0,0.0,0.0,0.0,0.0
0.5001,122.0,-96.0,7.0,0.0,1.0,41.0,2.0,40.0,3.0,38.0,3.0,35.0,4.0,29.0,3.0,23.0,2.0,17.0,-1.0,10.0,-4.0,4.0,-8.0,-3.0,-10.0,-9.0,-14.0,-13.0,-17.0,-17.0,-20.0,-20.0,-23.0,-22.0,-22.0,-22.0,-23.0,-22.0,-22.0,-20.0,-20.0,-19.0,-17.0,-16.0,-13.0,-13.0,-10.0,-9.0,-6.0,-7.0,-1.0,-4.0,2.0,-2.0,0.0,0.0,0.0,0.0,0.0,0.0,0.0,0.0,0.0,0.0
0.5148,122.0,-96.0,7.0,0.0,-5.0,-2.0,0.0,-5.0,5.0,-8.0,8.0,-11.0,12.0,-13.0,14.0,-16.0,16.0,-18.0,16.0,-20.0,16.0,-21.0,15.0,-21.0,13.0,-19.0,11.0,-18.0,9.0,-15.0,8.0,-12.0,6.0,-8.0,4.0,-4.0,2.0,1.0,0.0,5.0,-1.0,8.0,-2.0,11.0,-2.0,13.0,-2.0,14.0,-2.0,15.0,-3.0,16.0,-3.0,15.0,0.0,0.0,0.0,0.0,0.0,0.0,0.0,0.0,0.0,0.0
0.5286,122.0,-96.0,7.0,0.0,-7.0,0.0,-2.0,-6.0,3.0,-11.0,5.0,-17.0,8.0,-22.0,9.0,-25.0,10.0,-29.0,10.0,-31.0,10.0,-31.0,8.0,-31.0,7.0,-29.0,6.0,-26.0,4.0,-22.0,4.0,-17.0,3.0,-12.0,3.0,-6.0,3.0,0.0,3.0,5.0,3.0,10.0,3.0,13.0,4.0,16.0,4.0,18.0,4.0,19.0,4.0,19.0,4.0,18.0,0.0,0.0,0.0,0.0,0.0,0.0,0.0,0.0,0.0,0.0
0.542,122.0,-96.0,7.0,0.0,-4.0,4.0,-5.0,-3.0,-6.0,-9.0,-8.0,-15.0,-10.0,-19.0,-12.0,-22.0,-13.0,-24.0,-14.0,-25.0,-15.0,-26.0,-15.0,-24.0,-15.0,-23.0,-14.0,-20.0,-11.0,-16.0,-9.0,-13.0,-6.0,-10.0,-2.0,-6.0,1.0,-3.0,5.0,0.0,8.0,3.0,10.0,5.0,13.0,7.0,14.0,8.0,15.0,8.0,15.0,8.0,14.0,8.0,0.0,0.0,0.0,0.0,0.0,0.0,0.0,0.0,0.0,0.0
0.5552,122.0,-96.0,7.0,0.0,-7.0,-16.0,-8.0,-20.0,-8.0,-22.0,-10.0,-23.0,-11.0,-23.0,-11.0,-23.0,-11.0,-21.0,-10.0,-19.0,-9.0,-16.0,-7.0,-13.0,-5.0,-10.0,-2.0,-6.0,1.0,-3.0,4.0,0.0,7.0,3.0,10.0,5.0,12.0,7.0,13.0,7.0,14.0,8.0,14.0,8.0,14.0,8.0,13.0,7.0,11.0,6.0,9.0,5.0,7.0,4.0,0.0,0.0,0.0,0.0,0.0,0.0,0.0,0.0,0.0,0.0
0.5657,122.0,-96.0,7.0,0.0,-6.0,-17.0,-6.0,-17.0,-6.0,-16.0,-6.0,-16.0,-7.0,-15.0,-7.0,-15.0,-7.0,-15.0,-7.0,-14.0,-7.0,-15.0,-8.0,-15.0,-8.0,-14.0,-8.0,-14.0,-8.0,-14.0,-8.0,-14.0,-9.0,-13.0,-8.0,-13.0,-7.0,-13.0,-7.0,-13.0,-6.0,-12.0,-7.0,-12.0,-6.0,-11.0,-6.0,-12.0,-5.0,-12.0,-5.0,-13.0,-4.0,-11.0,0.0,0.0,0.0,0.0,0.0,0.0,0.0,0.0,0.0,0.0
0.5809,122.0,-96.0,7.0,0.0,-30.0,-6.0,-29.0,-5.0,-28.0,-4.0,-25.0,-3.0,-22.0,-2.0,-17.0,-2.0,-13.0,-2.0,-8.0,-2.0,-3.0,-3.0,2.0,-5.0,7.0,-7.0,10.0,-8.0,13.0,-10.0,16.0,-11.0,17.0,-12.0,18.0,-13.0,18.0,-12.0,17.0,-13.0,15.0,-11.0,12.0,-10.0,10.0,-8.0,7.0,-6.0,4.0,-3.0,2.0,-1.0,0.0,1.0,0.0,0.0,0.0,0.0,0.0,0.0,0.0,0.0,0.0,0.0
0.5952,122.0,-96.0,7.0,0.0,-3.0,-5.0,4.0,-4.0,9.0,-2.0,16.0,0.0,20.0,0.0,24.0,0.0,27.0,0.0,28.0,-2.0,28.0,-2.0,27.0,-3.0,25.0,-3.0,22.0,-3.0,18.0,-3.0,14.0,-2.0,10.0,0.0,5.0,1.0,0.0,3.0,-5.0,5.0,-9.0,6.0,-11.0,8.0,-14.0,8.0,-14.0,9.0,-15.0,10.0,-15.0,10.0,-15.0,9.0,0.0,0.0,0.0,0.0,0.0,0.0,0.0,0.0,0.0,0.0
0.6047,122.0,-96.0,7.0,0.0,16.0,-10.0,16.0,-11.0,15.0,-10.0,15.0,-10.0,14.0,-11.0,14.0,-11.0,13.0,-11.0,13.0,-11.0,12.0,-11.0,13.0,-12.0,12.0,-12.0,12.0,-12.0,12.0,-12.0,12.0,-12.0,12.0,-12.0,12.0,-11.0,12.0,-11.0,12.0,-11.0,11.0,-10.0,11.0,-10.0,11.0,-9.0,11.0,-9.0,11.0,-9.0,11.0,-8.0,11.0,-8.0,0.0,0.0,0.0,0.0,0.0,0.0,0.0,0.0,0.0,0.0
0.6177,122.0,-96.0,7.0,0.0,-22.0,-11.0,-26.0,-13.0,-29.0,-14.0,-32.0,-15.0,-33.0,-14.0,-32.0,-13.0,-30.0,-12.0,-27.0,-10.0,-24.0,-8.0,-19.0,-7.0,-14.0,-6.0,-8.0,-5.0,-1.0,-5.0,5.0,-4.0,10.0,-4.0,15.0,-5.0,18.0,-5.0,21.0,-6.0,23.0,-6.0,23.0,-6.0,23.0,-5.0,20.0,-5.0,18.0,-4.0,15.0,-5.0,12.0,-3.0,0.0,0.0,0.0,0.0,0.0,0.0,0.0,0.0,0.0,0.0
0.6317,122.0,-96.0,7.0,0.0,5.0,-33.0,4.0,-32.0,3.0,-31.0,2.0,-28.0,1.0,-24.0,1.0,-19.0,1.0,-14.0,2.0,-8.0,3.0,-3.0,5.0,3.0,6.0,8.0,8.0,12.0,10.0,15.0,12.0,18.0,14.0,19.0,13.0,20.0,14.0,20.0,13.0,18.0,12.0,16.0,9.0,14.0,7.0,10.0,5.0,7.0,2.0,4.0,-1.0,2.0,-4.0,0.0,0.0,0.0,0.0,0.0,0.0,0.0,0.0,0.0,0.0,0.0
0.6427,122.0,-96.0,7.0,0.0,-8.0,16.0,-7.0,16.0,-7.0,15.0,-6.0,15.0,-6.0,15.0,-5.0,15.0,-5.0,15.0,-4.0,15.0,-4.0,15.0,-4.0,15.0,-4.0,14.0,-4.0,15.0,-3.0,14.0,-3.0,15.0,-3.0,14.0,-3.0,15.0,-3.0,14.0,-4.0,14.0,-4.0,13.0,-4.0,13.0,-3.0,12.0,-4.0,12.0,-4.0,12.0,-4.0,11.0,-4.0,10.0,0.0,0.0,0.0,0.0,0.0,0.0,0.0,0.0,0.0,0.0
0.657,122.0,-96.0,7.0,0.0,-25.0,-16.0,-26.0,-15.0,-24.0,-14.0,-23.0,-12.0,-19.0,-10.0,-16.0,-8.0,-11.0,-7.0,-6.0,-5.0,-1.0,-4.0,3.0,-4.0,8.0,-4.0,12.0,-4.0,16.0,-5.0,19.0,-5.0,21.0,-5.0,21.0,-6.0,21.0,-6.0,20.0,-6.0,18.0,-5.0,15.0,-5.0,12.0,-4.0,8.0,-3.0,5.0,-1.0,2.0,0.0,-1.0,1.0,0.0,0.0,0.0,0.0,0.0,0.0,0.0,0.0,0.0,0.0
0.6725,122.0,-96.0,7.0,0.0,1.0,-5.0,4.0,0.0,7.0,4.0,10.0,9.0,13.0,12.0,15.0,14.0,17.0,16.0,19.0,16.0,19.0,16.0,19.0,15.0,18.0,14.0,17.0,12.0,14.0,10.0,11.0,8.0,7.0,6.0,3.0,4.0,-1.0,2.0,-5.0,1.0,-8.0,-1.0,-11.0,-2.0,-14.0,-2.0,-15.0,-3.0,-16.0,-3.0,-16.0,-2.0,-16.0,-3.0,0.0,0.0,0.0,0.0,0.0,0.0,0.0,0.0,0.0,0.0
0.6849,122.0,-96.0,7.0,0.0,20.0,9.0,16.0,7.0,12.0,6.0,6.0,4.0,1.0,3.0,-4.0,3.0,-9.0,3.0,-14.0,3.0,-18.0,4.0,-20.0,5.0,-23.0,7.0,-24.0,7.0,-23.0,8.0,-23.0,8.0,-20.0,7.0,-17.0,7.0,-14.0,5.0,-11.0,3.0,-7.0,1.0,-4.0,-1.0,-1.0,-3.0,2.0,-5.0,4.0,-7.0,6.0,-9.0,7.0,-10.0,0.0,0.0,0.0,0.0,0.0,0.0,0.0,0.0,0.0,0.0
0.6975,122.0,-96.0,7.0,0.0,31.0,9.0,30.0,8.0,30.0,7.0,26.0,6.0,23.0,4.0,18.0,3.0,13.0,3.0,7.0,3.0,2.0,3.0,-4.0,4.0,-9.0,6.0,-13.0,7.0,-17.0,9.0,-20.0,10.0,-21.0,11.0,-22.0,13.0,-21.0,12.0,-20.0,11.0,-18.0,10.0,-16.0,9.0,-12.0,7.0,-9.0,5.0,-6.0,2.0,-3.0,0.0,-1.0,-2.0,0.0,0.0,0.0,0.0,0.0,0.0,0.0,0.0,0.0,0.0
0.7122,122.0,-96.0,7.0,0.0,4.0,-29.0,4.0,-24.0,3.0,-18.0,3.0,-11.0,4.0,-4.0,5.0,3.0,7.0,9.0,9.0,14.0,11.0,18.0,14.0,21.0,15.0,24.0,16.0,24.0,17.0,24.0,18.0,23.0,17.0,21.0,14.0,18.0,12.0,15.0,9.0,11.0,5.0,8.0,1.0,5.0,-3.0,1.0,-7.0,-2.0,-10.0,-3.0,-12.0,-5.0,-14.0,-6.0,0.0,0.0,0.0,0.0,0.0,0.0,0.0,0.0,0.0,0.0
0.7256,122.0,-96.0,7.0,0.0,-18.0,-9.0,-21.0,-11.0,-23.0,-12.0,-26.0,-12.0,-26.0,-12.0,-25.0,-11.0,-24.0,-10.0,-22.0,-8.0,-19.0,-7.0,-15.0,-6.0,-11.0,-5.0,-6.0,-4.0,-1.0,-4.0,4.0,-4.0,8.0,-3.0,12.0,-4.0,15.0,-4.0,17.0,-4.0,18.0,-4.0,18.0,-5.0,18.0,-4.0,16.0,-4.0,15.0,-3.0,12.0,-4.0,10.0,-3.0,0.0,0.0,0.0,0.0,0.0,0.0,0.0,0.0,0.0,0.0
0.7345,122.0,-96.0,7.0,0.0,20.0,13.0,20.0,13.0,19.0,12.0,20.0,12.0,19.0,11.0,20.0,10.0,20.0,10.0,20.0,9.0,19.0,9.0,20.0,8.0,20.0,8.0,20.0,8.0,20.0,8.0,19.0,8.0,20.0,8.0,19.0,7.0,19.0,8.0,18.0,8.0,17.0,7.0,17.0,7.0,16.0,7.0,16.0,7.0,15.0,7.0,15.0,7.0,14.0,8.0,0.0,0.0,0.0,0.0,0.0,0.0,0.0,0.0,0.0,0.0
0.7471,122.0,-96.0,7.0,0.0,1.0,-21.0,0.0,-26.0,1.0,-29.0,0.0,-31.0,0.0,-31.0,-1.0,-30.0,-2.0,-28.0,-2.0,-25.0,-1.0,-22.0,-2.0,-18.0,-1.0,-13.0,0.0,-8.0,2.0,-2.0,5.0,2.0,7.0,7.0,9.0,10.0,10.0,14.0,11.0,16.0,12.0,17.0,11.0,17.0,12.0,16.0,11.0,14.0,10.0,13.0,8.0,11.0,6.0,9.0,0.0,0.0,0.0,0.0,0.0,0.0,0.0,0.0,0.0,0.0
0.7611,122.0,-96.0,7.0,0.0,-1.0,-5.0,4.0,-2.0,9.0,0.0,15.0,4.0,19.0,6.0,22.0,6.0,26.0,6.0,27.0,6.0,27.0,5.0,27.0,4.0,25.0,3.0,23.0,2.0,19.0,2.0,15.0,2.0,10.0,2.0,5.0,2.0,0.0,3.0,-5.0,4.0,-9.0,4.0,-12.0,5.0,-15.0,5.0,-16.0,5.0,-17.0,6.0,-17.0,6.0,-16.0,6.0,0.0,0.0,0.0,0.0,0.0,0.0,0.0,0.0,0.0,0.0
0.7727,122.0,-96.0,7.0,0.0,-20.0,-14.0,-19.0,-13.0,-19.0,-13.0,-19.0,-12.0,-19.0,-11.0,-19.0,-11.0,-18.0,-10.0,-19.0,-10.0,-19.0,-10.0,-19.0,-10.0,-19.0,-9.0,-19.0,-9.0,-19.0,-9.0,-19.0,-9.0,-19.0,-9.0,-18.0,-8.0,-18.0,-9.0,-17.0,-8.0,-17.0,-8.0,-16.0,-8.0,-16.0,-9.0,-15.0,-8.0,-15.0,-8.0,-14.0,-8.0,-14.0,-9.0,0.0,0.0,0.0,0.0,0.0,0.0,0.0,0.0,0.0,0.0
0.7846,122.0,-96.0,7.0,0.0,32.0,2.0,32.0,2.0,30.0,1.0,27.0,0.0,23.0,-1.0,18.0,-1.0,13.0,0.0,8.0,0.0,2.0,2.0,-3.0,4.0,-8.0,8.0,-12.0,10.0,-15.0,12.0,-17.0,13.0,-19.0,14.0,-19.0,16.0,-19.0,15.0,-18.0,15.0,-16.0,13.0,-14.0,11.0,-11.0,9.0,-8.0,6.0,-6.0,3.0,-3.0,0.0,-1.0,-2.0,0.0,0.0,0.0,0.0,0.0,0.0,0.0,0.0,0.0,0.0
0.7981,122.0,-96.0,7.0,0.0,7.0,-32.0,6.0,-26.0,4.0,-19.0,4.0,-12.0,4.0,-4.0,5.0,3.0,7.0,10.0,8.0,16.0,11.0,21.0,13.0,25.0,15.0,28.0,17.0,29.0,17.0,29.0,17.0,27.0,17.0,25.0,14.0,22.0,12.0,18.0,8.0,14.0,5.0,9.0,1.0,5.0,-4.0,1.0,-7.0,-3.0,-10.0,-5.0,-13.0,-7.0,-15.0,-8.0,0.0,0.0,0.0,0.0,0.0,0.0,0.0,0.0,0.0,0.0
0.812,122.0,-96.0,7.0,0.0,-1.0,-5.0,3.0,-2.0,8.0,0.0,13.0,3.0,17.0,5.0,20.0,5.0,23.0,5.0,24.0,5.0,25.0,4.0,24.0,3.0,23.0,3.0,21.0,2.0,17.0,2.0,14.0,2.0,10.0,2.0,5.0,2.0,1.0,3.0,-3.0,3.0,-7.0,3.0,-10.0,4.0,-13.0,4.0,-14.0,4.0,-15.0,5.0,-15.0,5.0,-15.0,5.0,0.0,0.0,0.0,0.0,0.0,0.0,0.0,0.0,0.0,0.0
0.8249,122.0,-96.0,7.0,0.0,25.0,-2.0,20.0,-1.0,15.0,0.0,8.0,0.0,3.0,2.0,-3.0,5.0,-8.0,7.0,-12.0,10.0,-15.0,12.0,-17.0,15.0,-19.0,17.0,-20.0,19.0,-19.0,19.0,-18.0,18.0,-16.0,17.0,-15.0,15.0,-11.0,12.0,-9.0,8.0,-7.0,4.0,-4.0,0.0,-2.0,-3.0,0.0,-6.0,1.0,-9.0,2.0,-12.0,3.0,-14.0,0.0,0.0,0.0,0.0,0.0,0.0,0.0,0.0,0.0,0.0
0.8384,122.0,-96.0,7.0,0.0,32.0,-3.0,31.0,-4.0,29.0,-4.0,26.0,-4.0,22.0,-4.0,18.0,-3.0,12.0,-2.0,8.0,0.0,3.0,2.0,-2.0,5.0,-7.0,9.0,-11.0,11.0,-13.0,14.0,-15.0,16.0,-16.0,18.0,-16.0,19.0,-16.0,18.0,-15.0,17.0,-13.0,15.0,-11.0,13.0,-9.0,10.0,-6.0,7.0,-4.0,3.0,-3.0,0.0,-1.0,-3.0,0.0,0.0,0.0,0.0,0.0,0.0,0.0,0.0,0.0,0.0
0.852,122.0,-96.0,7.0,0.0,-34.0,14.0,-33.0,15.0,-31.0,15.0,-28.0,15.0,-24.0,12.0,-19.0,10.0,-14.0,6.0,-10.0,3.0,-5.0,-2.0,-2.0,-6.0,2.0,-12.0,5.0,-17.0,7.0,-20.0,7.0,-23.0,8.0,-26.0,8.0,-27.0,8.0,-26.0,7.0,-25.0,7.0,-23.0,5.0,-19.0,4.0,-15.0,3.0,-11.0,2.0,-7.0,2.0,-3.0,2.0,1.0,0.0,0.0,0.0,0.0,0.0,0.0,0.0,0.0,0.0,0.0
0.8665,122.0,-96.0,7.0,0.0,-2.0,-5.0,3.0,-3.0,9.0,-2.0,14.0,-1.0,18.0,0.0,21.0,-1.0,24.0,-1.0,25.0,-2.0,25.0,-3.0,24.0,-4.0,23.0,-4.0,20.0,-4.0,16.0,-3.0,13.0,-2.0,8.0,-1.0,4.0,1.0,0.0,3.0,-4.0,5.0,-7.0,6.0,-10.0,7.0,-12.0,8.0,-13.0,9.0,-13.0,9.0,-13.0,10.0,-13.0,9.0,0.0,0.0,0.0,0.0,0.0,0.0,0.0,0.0,0.0,0.0
0.8817,122.0,-96.0,7.0,0.0,-16.0,-29.0,-16.0,-28.0,-16.0,-27.0,-15.0,-24.0,-13.0,-20.0,-11.0,-16.0,-8.0,-13.0,-4.0,-8.0,0.0,-5.0,5.0,-1.0,9.0,1.0,13.0,3.0,17.0,5.0,20.0,6.0,22.0,7.0,22.0,6.0,23.0,7.0,22.0,6.0,20.0,5.0,17.0,4.0,14.0,3.0,10.0,2.0,6.0,2.0,2.0,1.0,-1.0,1.0,0.0,0.0,0.0,0.0,0.0,0.0,0.0,0.0,0.0,0.0
0.8958,122.0,-96.0,7.0,0.0,-21.0,-5.0,-25.0,-5.0,-28.0,-6.0,-30.0,-6.0,-30.0,-5.0,-30.0,-5.0,-28.0,-4.0,-25.0,-2.0,-22.0,-2.0,-17.0,-2.0,-13.0,-3.0,-7.0,-3.0,-2.0,-4.0,3.0,-5.0,7.0,-6.0,12.0,-8.0,15.0,-9.0,17.0,-10.0,18.0,-10.0,18.0,-10.0,18.0,-10.0,16.0,-9.0,14.0,-8.0,12.0,-7.0,10.0,-6.0,0.0,0.0,0.0,0.0,0.0,0.0,0.0,0.0,0.0,0.0
0.9095,122.0,-96.0,7.0,0.0,-1.0,-5.0,4.0,-2.0,9.0,0.0,13.0,3.0,17.0,5.0,20.0,5.0,23.0,6.0,24.0,5.0,25.0,4.0,24.0,3.0,23.0,2.0,20.0,2.0,17.0,2.0,14.0,2.0,9.0,2.0,4.0,2.0,0.0,3.0,-4.0,3.0,-8.0,4.0,-11.0,4.0,-14.0,4.0,-15.0,4.0,-15.0,5.0,-15.0,5.0,-15.0,5.0,0.0,0.0,0.0,0.0,0.0,0.0,0.0,0.0,0.0,0.0
0.9241,122.0,-96.0,7.0,0.0,-6.0,0.0,-3.0,-5.0,1.0,-11.0,3.0,-15.0,5.0,-20.0,6.0,-23.0,6.0,-26.0,6.0,-28.0,5.0,-29.0,4.0,-28.0,3.0,-26.0,2.0,-24.0,2.0,-20.0,2.0,-15.0,2.0,-11.0,3.0,-6.0,2.0,0.0,3.0,4.0,3.0,8.0,4.0,11.0,5.0,14.0,6.0,15.0,6.0,16.0,6.0,16.0,6.0,16.0,0.0,0.0,0.0,0.0,0.0,0.0,0.0,0.0,0.0,0.0
0.9386,122.0,-96.0,7.0,0.0,-12.0,-31.0,-9.0,-25.0,-7.0,-19.0,-3.0,-12.0,2.0,-6.0,6.0,0.0,11.0,5.0,15.0,8.0,20.0,12.0,24.0,13.0,27.0,14.0,29.0,14.0,30.0,14.0,30.0,14.0,28.0,12.0,24.0,10.0,21.0,9.0,16.0,7.0,11.0,5.0,5.0,4.0,-1.0,3.0,-6.0,1.0,-10.0,1.0,-13.0,1.0,-16.0,1.0,0.0,0.0,0.0,0.0,0.0,0.0,0.0,0.0,0.0,0.0
0.9471,122.0,-96.0,7.0,0.0,20.0,0.0,19.0,-1.0,18.0,-1.0,18.0,-2.0,17.0,-2.0,18.0,-2.0,17.0,-3.0,17.0,-4.0,17.0,-4.0,17.0,-4.0,16.0,-4.0,16.0,-4.0,16.0,-4.0,16.0,-4.0,16.0,-4.0,16.0,-4.0,16.0,-4.0,15.0,-4.0,15.0,-4.0,14.0,-3.0,14.0,-3.0,13.0,-3.0,13.0,-3.0,13.0,-2.0,13.0,-2.0,0.0,0.0,0.0,0.0,0.0,0.0,0.0,0.0,0.0,0.0
0.96,122.0,-96.0,7.0,0.0,4.0,2.0,-2.0,5.0,-8.0,8.0,-14.0,11.0,-18.0,13.0,-21.0,16.0,-23.0,19.0,-24.0,21.0,-24.0,21.0,-23.0,22.0,-21.0,21.0,-18.0,19.0,-15.0,16.0,-12.0,12.0,-9.0,8.0,-6.0,3.0,-3.0,-2.0,-1.0,-7.0,1.0,-11.0,3.0,-15.0,3.0,-17.0,4.0,-18.0,4.0,-19.0,4.0,-20.0,4.0,-20.0,0.0,0.0,0.0,0.0,0.0,0.0,0.0,0.0,0.0,0.0
0.9773,122.0,-96.0,7.0,0.0,0.0,-5.0,5.0,0.0,9.0,3.0,14.0,7.0,17.0,10.0,21.0,11.0,24.0,12.0,24.0,12.0,25.0,11.0,25.0,10.0,23.0,9.0,21.0,7.0,17.0,6.0,13.0,5.0,8.0,4.0,3.0,3.0,-1.0,3.0,-7.0,2.0,-10.0,2.0,-14.0,1.0,-17.0,1.0,-18.0,1.0,-18.0,1.0,-18.0,2.0,-17.0,1.0,0.0,0.0,0.0,0.0,0.0,0.0,0.0,0.0,0.0,0.0
0.9896,122.0,-96.0,7.0,0.0,-1.0,20.0,-1.0,25.0,-1.0,27.0,-1.0,29.0,0.0,30.0,1.0,29.0,2.0,27.0,1.0,25.0,2.0,21.0,1.0,17.0,1.0,12.0,-1.0,7.0,-3.0,2.0,-5.0,-2.0,-7.0,-7.0,-9.0,-10.0,-11.0,-13.0,-12.0,-16.0,-13.0,-17.0,-13.0,-17.0,-13.0,-17.0,-13.0,-15.0,-12.0,-14.0,-10.0,-12.0,-8.0,-10.0,0.0,0.0,0.0,0.0,0.0,0.0,0.0,0.0,0.0,0.0
1.0029,122.0,-96.0,7.0,0.0,0.0,-25.0,0.0,-21.0,0.0,-16.0,1.0,-10.0,3.0,-4.0,4.0,2.0,7.0,7.0,9.0,11.0,11.0,14.0,14.0,16.0,16.0,19.0,17.0,19.0,18.0,18.0,18.0,18.0,18.0,16.0,15.0,14.0,13.0,11.0,9.0,9.0,5.0,6.0,1.0,4.0,-3.0,1.0,-5.0,-1.0,-8.0,-2.0,-12.0,-3.0,-12.0,-4.0,0.0,0.0,0.0,0.0,0.0,0.0,0.0,0.0,0.0,0.0
1.0157,122.0,-96.0,7.0,0.0,-2.0,36.0,-1.0,35.0,0.0,34.0,1.0,30.0,2.0,26.0,2.0,21.0,1.0,15.0,-1.0,10.0,-4.0,4.0,-6.0,-2.0,-9.0,-8.0,-11.0,-12.0,-14.0,-15.0,-17.0,-18.0,-18.0,-19.0,-19.0,-21.0,-19.0,-20.0,-19.0,-19.0,-17.0,-17.0,-15.0,-15.0,-12.0,-12.0,-9.0,-9.0,-6.0,-6.0,-2.0,-4.0,1.0,-2.0,0.0,0.0,0.0,0.0,0.0,0.0,0.0,0.0,0.0,0.0
1.0304,122.0,-96.0,7.0,0.0,3.0,-3.0,3.0,3.0,3.0,8.0,3.0,13.0,4.0,17.0,5.0,20.0,6.0,23.0,6.0,23.0,8.0,24.0,8.0,23.0,8.0,21.0,7.0,19.0,6.0,16.0,4.0,13.0,2.0,9.0,0.0,5.0,-2.0,1.0,-5.0,-2.0,-7.0,-5.0,-9.0,-8.0,-11.0,-10.0,-12.0,-11.0,-13.0,-11.0,-12.0,-11.0,-12.0,-11.0,0.0,0.0,0.0,0.0,0.0,0.0,0.0,0.0,0.0,0.0
1.0439,122.0,-96.0,7.0,0.0,-25.0,-7.0,-20.0,-6.0,-15.0,-6.0,-9.0,-4.0,-2.0,-4.0,3.0,-4.0,9.0,-5.0,13.0,-7.0,18.0,-8.0,20.0,-10.0,22.0,-12.0,23.0,-13.0,23.0,-14.0,22.0,-13.0,20.0,-12.0,17.0,-11.0,14.0,-9.0,10.0,-6.0,7.0,-3.0,3.0,0.0,0.0,2.0,-3.0,5.0,-5.0,7.0,-6.0,10.0,-7.0,11.0,0.0,0.0,0.0,0.0,0.0,0.0,0.0,0.0,0.0,0.0
1.0572,122.0,-96.0,7.0,0.0,-19.0,9.0,-24.0,11.0,-26.0,12.0,-27.0,14.0,-27.0,15.0,-26.0,15.0,-23.0,14.0,-21.0,14.0,-18.0,12.0,-14.0,9.0,-10.0,5.0,-7.0,1.0,-3.0,-3.0,0.0,-6.0,3.0,-11.0,5.0,-14.0,7.0,-17.0,8.0,-19.0,9.0,-20.0,9.0,-20.0,8.0,-19.0,7.0,-17.0,6.0,-15.0,6.0,-13.0,5.0,-10.0,0.0,0.0,0.0,0.0,0.0,0.0,0.0,0.0,0.0,0.0
1.0649,122.0,-96.0,7.0,0.0,18.0,1.0,19.0,0.0,18.0,0.0,18.0,0.0,18.0,-1.0,17.0,-1.0,17.0,-2.0,17.0,-2.0,17.0,-2.0,17.0,-2.0,17.0,-3.0,16.0,-3.0,17.0,-3.0,16.0,-3.0,17.0,-3.0,16.0,-3.0,16.0,-3.0,15.0,-3.0,15.0,-2.0,15.0,-2.0,14.0,-2.0,13.0,-2.0,13.0,-1.0,13.0,-1.0,13.0,0.0,0.0,0.0,0.0,0.0,0.0,0.0,0.0,0.0,0.0,0.0
1.0791,122.0,-96.0,7.0,0.0,16.0,11.0,20.0,14.0,23.0,15.0,25.0,16.0,26.0,16.0,25.0,15.0,24.0,13.0,22.0,11.0,19.0,9.0,15.0,7.0,11.0,6.0,5.0,4.0,0.0,3.0,-5.0,2.0,-9.0,1.0,-14.0,1.0,-17.0,1.0,-20.0,1.0,-21.0,0.0,-21.0,1.0,-21.0,1.0,-20.0,1.0,-18.0,0.0,-15.0,1.0,-12.0,0.0,0.0,0.0,0.0,0.0,0.0,0.0,0.0,0.0,0.0,0.0
1.0927,122.0,-96.0,7.0,0.0,-18.0,24.0,-17.0,23.0,-15.0,22.0,-14.0,20.0,-11.0,18.0,-9.0,14.0,-7.0,10.0,-5.0,6.0,-4.0,1.0,-3.0,-4.0,-3.0,-10.0,-3.0,-14.0,-3.0,-17.0,-4.0,-20.0,-4.0,-21.0,-4.0,-22.0,-4.0,-22.0,-5.0,-20.0,-4.0,-19.0,-4.0,-16.0,-3.0,-13.0,-2.0,-9.0,-1.0,-6.0,0.0,-3.0,2.0,0.0,0.0,0.0,0.0,0.0,0.0,0.0,0.0,0.0,0.0,0.0
1.1026,122.0,-96.0,7.0,0.0,-7.0,24.0,-7.0,23.0,-7.0,23.0,-6.0,22.0,-6.0,22.0,-5.0,22.0,-5.0,21.0,-4.0,21.0,-4.0,22.0,-3.0,21.0,-2.0,21.0,-2.0,21.0,-2.0,21.0,-2.0,21.0,-2.0,21.0,-3.0,21.0,-2.0,20.0,-3.0,19.0,-3.0,19.0,-3.0,18.0,-3.0,18.0,-3.0,17.0,-3.0,17.0,-4.0,17.0,-4.0,16.0,0.0,0.0,0.0,0.0,0.0,0.0,0.0,0.0,0.0,0.0
1.1124,122.0,-96.0,7.0,0.0,-24.0,6.0,-24.0,7.0,-22.0,6.0,-23.0,7.0,-22.0,7.0,-22.0,8.0,-21.0,8.0,-21.0,8.0,-20.0,8.0,-21.0,9.0,-20.0,9.0,-20.0,10.0,-20.0,10.0,-19.0,9.0,-20.0,9.0,-19.0,9.0,-19.0,9.0,-19.0,8.0,-18.0,7.0,-18.0,7.0,-17.0,7.0,-17.0,6.0,-17.0,6.0,-17.0,6.0,-17.0,5.0,0.0,0.0,0.0,0.0,0.0,0.0,0.0,0.0,0.0,0.0
1.1249,122.0,-96.0,7.0,0.0,17.0,17.0,14.0,14.0,10.0,11.0,5.0,7.0,0.0,4.0,-6.0,1.0,-11.0,-1.0,-15.0,-2.0,-20.0,-2.0,-23.0,-2.0,-26.0,-1.0,-27.0,-1.0,-27.0,0.0,-27.0,0.0,-24.0,0.0,-21.0,1.0,-18.0,0.0,-13.0,-1.0,-9.0,-2.0,-5.0,-3.0,0.0,-3.0,4.0,-4.0,6.0,-5.0,9.0,-7.0,11.0,-7.0,0.0,0.0,0.0,0.0,0.0,0.0,0.0,0.0,0.0,0.0
1.1377,122.0,-96.0,7.0,0.0,-1.0,-33.0,-1.0,-26.0,0.0,-20.0,1.0,-12.0,3.0,-5.0,6.0,2.0,9.0,8.0,12.0,14.0,16.0,18.0,19.0,21.0,21.0,23.0,23.0,23.0,23.0,23.0,24.0,23.0,22.0,20.0,19.0,17.0,16.0,14.0,12.0,11.0,7.0,8.0,2.0,5.0,-3.0,2.0,-7.0,-1.0,-11.0,-2.0,-14.0,-3.0,-17.0,-5.0,0.0,0.0,0.0,0.0,0.0,0.0,0.0,0.0,0.0,0.0
1.1519,122.0,-96.0,7.0,0.0,2.0,-33.0,1.0,-26.0,1.0,-20.0,2.0,-12.0,4.0,-4.0,5.0,3.0,8.0,9.0,11.0,15.0,14.0,19.0,17.0,22.0,20.0,25.0,21.0,25.0,21.0,24.0,23.0,24.0,20.0,22.0,18.0,19.0,15.0,15.0,11.0,12.0,7.0,8.0,2.0,5.0,-3.0,2.0,-7.0,-1.0,-11.0,-3.0,-14.0,-4.0,-17.0,-5.0,0.0,0.0,0.0,0.0,0.0,0.0,0.0,0.0,0.0,0.0
1.1652,122.0,-96.0,7.0,0.0,-16.0,-12.0,-19.0,-14.0,-21.0,-15.0,-23.0,-16.0,-24.0,-15.0,-24.0,-14.0,-22.0,-13.0,-20.0,-11.0,-17.0,-9.0,-13.0,-8.0,-9.0,-7.0,-5.0,-5.0,0.0,-4.0,5.0,-2.0,9.0,-2.0,13.0,-2.0,16.0,-2.0,18.0,-2.0,19.0,-2.0,18.0,-2.0,18.0,-2.0,16.0,-1.0,14.0,-1.0,12.0,-2.0,9.0,-1.0,0.0,0.0,0.0,0.0,0.0,0.0,0.0,0.0,0.0,0.0
1.1748,122.0,-96.0,7.0,0.0,-22.0,12.0,-21.0,12.0,-21.0,12.0,-20.0,12.0,-19.0,12.0,-19.0,13.0,-18.0,13.0,-18.0,13.0,-18.0,14.0,-17.0,14.0,-17.0,14.0,-17.0,15.0,-17.0,14.0,-17.0,14.0,-17.0,14.0,-17.0,14.0,-16.0,13.0,-17.0,13.0,-16.0,11.0,-16.0,11.0,-16.0,10.0,-15.0,10.0,-15.0,10.0,-15.0,10.0,-15.0,9.0,0.0,0.0,0.0,0.0,0.0,0.0,0.0,0.0,0.0,0.0
1.1875,122.0,-96.0,7.0,0.0,4.0,2.0,-2.0,4.0,-7.0,7.0,-12.0,9.0,-16.0,12.0,-19.0,15.0,-20.0,17.0,-21.0,19.0,-21.0,20.0,-19.0,20.0,-18.0,19.0,-16.0,17.0,-13.0,14.0,-11.0,11.0,-8.0,7.0,-6.0,2.0,-3.0,-2.0,-1.0,-7.0,1.0,-10.0,2.0,-13.0,3.0,-16.0,3.0,-17.0,3.0,-17.0,3.0,-18.0,3.0,-17.0,0.0,0.0,0.0,0.0,0.0,0.0,0.0,0.0,0.0,0.0
1.2006,122.0,-96.0,7.0,0.0,0.0,-37.0,-1.0,-36.0,-1.0,-35.0,-2.0,-31.0,-2.0,-26.0,-2.0,-21.0,-1.0,-15.0,1.0,-9.0,3.0,-3.0,6.0,2.0,9.0,8.0,11.0,12.0,14.0,15.0,17.0,17.0,19.0,18.0,19.0,19.0,19.0,18.0,18.0,17.0,16.0,15.0,13.0,13.0,10.0,10.0,7.0,7.0,4.0,5.0,-1.0,2.0,-4.0,0.0,0.0,0.0,0.0,0.0,0.0,0.0,0.0,0.0,0.0,0.0
1.2139,122.0,-96.0,7.0,0.0,-2.0,-5.0,4.0,-2.0,9.0,0.0,13.0,3.0,17.0,4.0,21.0,4.0,23.0,4.0,24.0,4.0,25.0,3.0,24.0,2.0,23.0,1.0,20.0,1.0,16.0,1.0,13.0,1.0,9.0,1.0,4.0,1.0,0.0,3.0,-4.0,3.0,-7.0,4.0,-11.0,5.0,-13.0,5.0,-14.0,6.0,-15.0,6.0,-15.0,6.0,-15.0,6.0,0.0,0.0,0.0,0.0,0.0,0.0,0.0,0.0,0.0,0.0
1.2237,122.0,-96.0,7.0,0.0,-12.0,20.0,-11.0,20.0,-11.0,19.0,-10.0,19.0,-9.0,19.0,-9.0,20.0,-8.0,19.0,-8.0,19.0,-8.0,19.0,-7.0,19.0,-7.0,19.0,-7.0,19.0,-7.0,19.0,-6.0,19.0,-6.0,19.0,-7.0,19.0,-7.0,18.0,-7.0,18.0,-6.0,17.0,-7.0,17.0,-6.0,16.0,-7.0,15.0,-7.0,15.0,-7.0,14.0,-7.0,14.0,0.0,0.0,0.0,0.0,0.0,0.0,0.0,0.0,0.0,0.0
1.2379,122.0,-96.0,7.0,0.0,-5.0,-5.0,3.0,-6.0,11.0,-7.0,19.0,-7.0,24.0,-9.0,29.0,-11.0,32.0,-13.0,33.0,-16.0,34.0,-16.0,33.0,-17.0,30.0,-16.0,26.0,-15.0,22.0,-14.0,18.0,-11.0,13.0,-7.0,8.0,-3.0,3.0,2.0,-1.0,7.0,-5.0,11.0,-8.0,14.0,-10.0,16.0,-12.0,17.0,-12.0,19.0,-13.0,19.0,-12.0,19.0,0.0,0.0,0.0,0.0,0.0,0.0,0.0,0.0,0.0,0.0
1.2546,122.0,-96.0,7.0,0.0,-24.0,14.0,-29.0,17.0,-32.0,20.0,-34.0,21.0,-33.0,23.0,-32.0,22.0,-29.0,22.0,-26.0,21.0,-22.0,18.0,-17.0,14.0,-13.0,8.0,-8.0,3.0,-4.0,-3.0,-1.0,-9.0,2.0,-15.0,4.0,-19.0,6.0,-24.0,7.0,-26.0,8.0,-28.0,7.0,-28.0,6.0,-26.0,6.0,-24.0,5.0,-21.0,4.0,-19.0,4.0,-15.0,0.0,0.0,0.0,0.0,0.0,0.0,0.0,0.0,0.0,0.0
1.2638,122.0,-96.0,7.0,0.0,-16.0,-19.0,-17.0,-19.0,-16.0,-18.0,-16.0,-18.0,-17.0,-17.0,-17.0,-17.0,-17.0,-16.0,-18.0,-15.0,-17.0,-15.0,-18.0,-15.0,-18.0,-14.0,-18.0,-14.0,-18.0,-14.0,-18.0,-14.0,-18.0,-14.0,-17.0,-13.0,-17.0,-13.0,-17.0,-13.0,-15.0,-13.0,-15.0,-13.0,-15.0,-13.0,-14.0,-12.0,-14.0,-12.0,-13.0,-12.0,-12.0,-12.0,0.0,0.0,0.0,0.0,0.0,0.0,0.0,0.0,0.0,0.0
1.274,122.0,-96.0,7.0,0.0,-6.0,-17.0,-6.0,-17.0,-6.0,-16.0,-6.0,-16.0,-6.0,-16.0,-7.0,-16.0,-7.0,-15.0,-7.0,-15.0,-7.0,-15.0,-8.0,-15.0,-8.0,-15.0,-8.0,-14.0,-8.0,-14.0,-7.0,-14.0,-8.0,-15.0,-7.0,-14.0,-7.0,-14.0,-7.0,-14.0,-6.0,-13.0,-6.0,-13.0,-6.0,-13.0,-5.0,-12.0,-5.0,-12.0,-5.0,-12.0,-4.0,-12.0,0.0,0.0,0.0,0.0,0.0,0.0,0.0,0.0,0.0,0.0
1.2864,122.0,-96.0,7.0,0.0,29.0,-6.0,27.0,-6.0,26.0,-7.0,24.0,-7.0,20.0,-6.0,16.0,-6.0,11.0,-4.0,7.0,-2.0,3.0,1.0,-1.0,4.0,-5.0,7.0,-8.0,10.0,-10.0,13.0,-12.0,15.0,-12.0,16.0,-13.0,18.0,-13.0,17.0,-12.0,17.0,-11.0,15.0,-9.0,14.0,-8.0,11.0,-6.0,8.0,-4.0,4.0,-3.0,2.0,-2.0,-1.0,0.0,0.0,0.0,0.0,0.0,0.0,0.0,0.0,0.0,0.0
1.3002,122.0,-96.0,7.0,0.0,31.0,-38.0,29.0,-38.0,27.0,-37.0,23.0,-34.0,19.0,-29.0,15.0,-23.0,11.0,-17.0,8.0,-10.0,6.0,-2.0,4.0,6.0,2.0,15.0,1.0,22.0,2.0,28.0,3.0,31.0,4.0,35.0,3.0,36.0,4.0,35.0,4.0,33.0,4.0,30.0,3.0,26.0,3.0,20.0,2.0,14.0,0.0,9.0,-2.0,4.0,-4.0,-1.0,0.0,0.0,0.0,0.0,0.0,0.0,0.0,0.0,0.0,0.0
1.3104,122.0,-96.0,7.0,0.0,-25.0,0.0,-24.0,0.0,-24.0,1.0,-23.0,1.0,-23.0,2.0,-23.0,2.0,-22.0,3.0,-22.0,3.0,-22.0,3.0,-22.0,4.0,-22.0,4.0,-22.0,4.0,-21.0,4.0,-22.0,4.0,-21.0,4.0,-21.0,4.0,-20.0,3.0,-20.0,3.0,-20.0,3.0,-19.0,2.0,-19.0,2.0,-19.0,2.0,-18.0,1.0,-18.0,1.0,-17.0,0.0,0.0,0.0,0.0,0.0,0.0,0.0,0.0,0.0,0.0,0.0
1.3205,122.0,-96.0,7.0,0.0,18.0,-16.0,18.0,-16.0,17.0,-16.0,16.0,-16.0,15.0,-17.0,15.0,-17.0,14.0,-17.0,14.0,-17.0,13.0,-17.0,13.0,-18.0,13.0,-18.0,12.0,-18.0,12.0,-18.0,12.0,-18.0,13.0,-18.0,12.0,-17.0,12.0,-17.0,12.0,-16.0,12.0,-16.0,11.0,-15.0,11.0,-14.0,11.0,-14.0,11.0,-14.0,11.0,-13.0,11.0,-12.0,0.0,0.0,0.0,0.0,0.0,0.0,0.0,0.0,0.0,0.0
1.3294,122.0,-96.0,7.0,0.0,17.0,16.0,17.0,16.0,17.0,16.0,16.0,15.0,16.0,15.0,17.0,14.0,17.0,14.0,17.0,13.0,17.0,12.0,18.0,12.0,18.0,11.0,17.0,11.0,17.0,11.0,17.0,12.0,17.0,12.0,17.0,12.0,16.0,12.0,16.0,12.0,14.0,11.0,14.0,11.0,14.0,11.0,13.0,11.0,13.0,11.0,12.0,11.0,11.0,11.0,0.0,0.0,0.0,0.0,0.0,0.0,0.0,0.0,0.0,0.0
1.3443,122.0,-96.0,7.0,0.0,-5.0,2.0,-4.0,-4.0,-2.0,-9.0,-2.0,-15.0,-2.0,-19.0,-3.0,-22.0,-4.0,-24.0,-4.0,-26.0,-5.0,-26.0,-6.0,-25.0,-6.0,-23.0,-6.0,-21.0,-5.0,-18.0,-4.0,-14.0,-2.0,-10.0,0.0,-6.0,2.0,-2.0,4.0,2.0,5.0,5.0,7.0,8.0,9.0,10.0,10.0,11.0,10.0,11.0,10.0,11.0,10.0,11.0,0.0,0.0,0.0,0.0,0.0,0.0,0.0,0.0,0.0,0.0
1.3576,122.0,-96.0,7.0,0.0,19.0,7.0,23.0,8.0,26.0,9.0,28.0,9.0,29.0,9.0,28.0,8.0,27.0,6.0,24.0,5.0,21.0,3.0,16.0,3.0,12.0,3.0,7.0,2.0,1.0,3.0,-4.0,3.0,-8.0,4.0,-13.0,6.0,-16.0,6.0,-18.0,6.0,-20.0,7.0,-20.0,7.0,-20.0,7.0,-18.0,7.0,-16.0,6.0,-14.0,6.0,-12.0,4.0,0.0,0.0,0.0,0.0,0.0,0.0,0.0,0.0,0.0,0.0
1.373,122.0,-96.0,7.0,0.0,-25.0,-20.0,-21.0,-17.0,-15.0,-13.0,-8.0,-9.0,-1.0,-5.0,6.0,-3.0,13.0,-2.0,19.0,-2.0,24.0,-2.0,29.0,-3.0,31.0,-4.0,33.0,-5.0,33.0,-6.0,32.0,-5.0,30.0,-5.0,24.0,-5.0,21.0,-4.0,15.0,-2.0,9.0,-1.0,4.0,1.0,-1.0,3.0,-6.0,5.0,-9.0,7.0,-12.0,9.0,-14.0,11.0,0.0,0.0,0.0,0.0,0.0,0.0,0.0,0.0,0.0,0.0
1.383,122.0,-96.0,7.0,0.0,17.0,-16.0,18.0,-17.0,16.0,-16.0,17.0,-16.0,16.0,-16.0,15.0,-16.0,15.0,-16.0,14.0,-17.0,13.0,-17.0,13.0,-18.0,13.0,-18.0,12.0,-18.0,13.0,-18.0,13.0,-17.0,13.0,-17.0,12.0,-16.0,13.0,-17.0,13.0,-16.0,12.0,-15.0,13.0,-14.0,13.0,-14.0,12.0,-13.0,12.0,-13.0,12.0,-12.0,12.0,-12.0,0.0,0.0,0.0,0.0,0.0,0.0,0.0,0.0,0.0,0.0
1.3929,122.0,-96.0,7.0,0.0,-19.0,0.0,-19.0,0.0,-18.0,0.0,-19.0,0.0,-18.0,1.0,-18.0,1.0,-17.0,2.0,-17.0,2.0,-17.0,2.0,-17.0,2.0,-17.0,3.0,-17.0,3.0,-17.0,3.0,-17.0,3.0,-17.0,3.0,-16.0,3.0,-16.0,3.0,-16.0,3.0,-15.0,2.0,-15.0,2.0,-15.0,1.0,-14.0,1.0,-14.0,1.0,-14.0,1.0,-14.0,0.0,0.0,0.0,0.0,0.0,0.0,0.0,0.0,0.0,0.0,0.0
1.4053,122.0,-96.0,7.0,0.0,0.0,25.0,0.0,20.0,0.0,15.0,-1.0,9.0,-3.0,3.0,-6.0,-2.0,-8.0,-7.0,-11.0,-11.0,-14.0,-14.0,-17.0,-16.0,-18.0,-18.0,-20.0,-18.0,-21.0,-18.0,-21.0,-17.0,-20.0,-16.0,-17.0,-13.0,-14.0,-11.0,-11.0,-9.0,-7.0,-7.0,-3.0,-5.0,1.0,-3.0,5.0,-1.0,8.0,0.0,10.0,1.0,13.0,1.0,0.0,0.0,0.0,0.0,0.0,0.0,0.0,0.0,0.0,0.0
1.4194,122.0,-96.0,7.0,0.0,5.0,0.0,0.0,5.0,-3.0,9.0,-7.0,14.0,-9.0,18.0,-10.0,21.0,-10.0,24.0,-12.0,26.0,-10.0,26.0,-9.0,26.0,-8.0,24.0,-7.0,21.0,-6.0,18.0,-5.0,13.0,-4.0,8.0,-4.0,3.0,-3.0,-1.0,-3.0,-7.0,-3.0,-11.0,-3.0,-14.0,-4.0,-16.0,-4.0,-17.0,-5.0,-18.0,-4.0,-18.0,-4.0,-17.0,0.0,0.0,0.0,0.0,0.0,0.0,0.0,0.0,0.0,0.0
1.4286,122.0,-96.0,7.0,0.0,18.0,-5.0,18.0,-5.0,17.0,-5.0,17.0,-5.0,16.0,-6.0,16.0,-6.0,15.0,-7.0,16.0,-7.0,15.0,-7.0,15.0,-8.0,15.0,-8.0,15.0,-8.0,15.0,-8.0,15.0,-8.0,15.0,-8.0,14.0,-8.0,14.0,-7.0,14.0,-7.0,14.0,-7.0,13.0,-6.0,13.0,-6.0,13.0,-6.0,12.0,-5.0,12.0,-5.0,12.0,-4.0,0.0,0.0,0.0,0.0,0.0,0.0,0.0,0.0,0.0,0.0
1.4417,122.0,-96.0,7.0,0.0,15.0,-10.0,19.0,-12.0,21.0,-14.0,22.0,-15.0,22.0,-16.0,21.0,-15.0,20.0,-15.0,17.0,-14.0,15.0,-13.0,12.0,-11.0,8.0,-7.0,5.0,-4.0,2.0,0.0,1.0,4.0,-2.0,7.0,-3.0,11.0,-5.0,14.0,-6.0,16.0,-7.0,17.0,-7.0,18.0,-6.0,16.0,-5.0,16.0,-5.0,14.0,-5.0,12.0,-4.0,10.0,0.0,0.0,0.0,0.0,0.0,0.0,0.0,0.0,0.0,0.0
1.4565,122.0,-96.0,7.0,0.0,-49.0,-3.0,-48.0,-1.0,-46.0,-1.0,-41.0,0.0,-35.0,1.0,-28.0,1.0,-21.0,0.0,-13.0,-1.0,-5.0,-4.0,3.0,-7.0,9.0,-13.0,15.0,-17.0,19.0,-21.0,23.0,-23.0,24.0,-25.0,25.0,-27.0,24.0,-26.0,23.0,-25.0,21.0,-23.0,17.0,-20.0,14.0,-16.0,10.0,-11.0,6.0,-6.0,3.0,-2.0,1.0,2.0,0.0,0.0,0.0,0.0,0.0,0.0,0.0,0.0,0.0,0.0
1.4721,122.0,-96.0,7.0,0.0,-2.0,-5.0,4.0,-3.0,10.0,-1.0,15.0,1.0,19.0,2.0,23.0,3.0,26.0,2.0,28.0,1.0,28.0,0.0,27.0,-1.0,25.0,-1.0,22.0,-1.0,18.0,-2.0,15.0,-1.0,10.0,0.0,5.0,1.0,1.0,3.0,-4.0,4.0,-8.0,6.0,-11.0,7.0,-14.0,7.0,-15.0,8.0,-15.0,9.0,-15.0,9.0,-15.0,9.0,0.0,0.0,0.0,0.0,0.0,0.0,0.0,0.0,0.0,0.0
1.4854,122.0,-96.0,7.0,0.0,14.0,-19.0,16.0,-23.0,19.0,-26.0,19.0,-28.0,18.0,-29.0,17.0,-28.0,16.0,-27.0,13.0,-25.0,11.0,-22.0,9.0,-17.0,6.0,-11.0,4.0,-5.0,3.0,1.0,3.0,6.0,2.0,11.0,2.0,16.0,2.0,20.0,0.0,22.0,1.0,23.0,1.0,24.0,2.0,22.0,2.0,21.0,2.0,18.0,1.0,15.0,0.0,11.0,0.0,0.0,0.0,0.0,0.0,0.0,0.0,0.0,0.0,0.0
1.4988,122.0,-96.0,7.0,0.0,23.0,-22.0,20.0,-18.0,14.0,-13.0,9.0,-7.0,5.0,0.0,2.0,6.0,-1.0,13.0,-3.0,18.0,-4.0,23.0,-3.0,28.0,-4.0,31.0,-3.0,34.0,-2.0,34.0,-1.0,32.0,0.0,30.0,-1.0,26.0,0.0,21.0,-1.0,16.0,-1.0,10.0,-2.0,5.0,-4.0,-1.0,-5.0,-6.0,-7.0,-9.0,-8.0,-12.0,-9.0,-15.0,0.0,0.0,0.0,0.0,0.0,0.0,0.0,0.0,0.0,0.0
1.5138,122.0,-96.0,7.0,0.0,-29.0,-9.0,-28.0,-8.0,-27.0,-8.0,-24.0,-6.0,-21.0,-4.0,-17.0,-4.0,-12.0,-4.0,-8.0,-3.0,-3.0,-3.0,2.0,-5.0,6.0,-6.0,10.0,-8.0,13.0,-9.0,16.0,-10.0,17.0,-11.0,18.0,-12.0,18.0,-12.0,17.0,-12.0,15.0,-11.0,13.0,-10.0,10.0,-8.0,7.0,-6.0,5.0,-3.0,3.0,-2.0,1.0,1.0,0.0,0.0,0.0,0.0,0.0,0.0,0.0,0.0,0.0,0.0
1.528,122.0,-96.0,7.0,0.0,1.0,-6.0,6.0,0.0,9.0,4.0,15.0,9.0,18.0,12.0,22.0,15.0,25.0,15.0,26.0,16.0,27.0,15.0,27.0,14.0,26.0,12.0,23.0,11.0,19.0,9.0,16.0,8.0,11.0,6.0,5.0,4.0,0.0,3.0,-5.0,3.0,-10.0,2.0,-13.0,1.0,-17.0,0.0,-19.0,1.0,-20.0,1.0,-20.0,2.0,-20.0,1.0,0.0,0.0,0.0,0.0,0.0,0.0,0.0,0.0,0.0,0.0
1.5376,122.0,-96.0,7.0,0.0,18.0,-6.0,17.0,-6.0,17.0,-6.0,17.0,-6.0,16.0,-7.0,16.0,-7.0,15.0,-8.0,15.0,-8.0,15.0,-8.0,15.0,-8.0,14.0,-9.0,14.0,-9.0,14.0,-9.0,14.0,-9.0,14.0,-8.0,14.0,-9.0,13.0,-8.0,13.0,-8.0,13.0,-7.0,13.0,-8.0,13.0,-7.0,12.0,-7.0,12.0,-6.0,12.0,-6.0,11.0,-5.0,0.0,0.0,0.0,0.0,0.0,0.0,0.0,0.0,0.0,0.0
1.5462,122.0,-96.0,7.0,0.0,14.0,12.0,14.0,12.0,14.0,11.0,14.0,11.0,14.0,10.0,14.0,9.0,14.0,9.0,15.0,8.0,14.0,8.0,14.0,8.0,14.0,7.0,14.0,7.0,15.0,7.0,14.0,7.0,15.0,7.0,14.0,7.0,14.0,7.0,13.0,7.0,13.0,7.0,12.0,7.0,12.0,7.0,11.0,7.0,11.0,7.0,10.0,7.0,10.0,7.0,0.0,0.0,0.0,0.0,0.0,0.0,0.0,0.0,0.0,0.0
1.5603,122.0,-96.0,7.0,0.0,10.0,-21.0,8.0,-17.0,6.0,-13.0,4.0,-8.0,4.0,-2.0,3.0,3.0,3.0,8.0,3.0,12.0,4.0,16.0,5.0,18.0,6.0,21.0,7.0,22.0,7.0,22.0,8.0,21.0,8.0,20.0,7.0,18.0,6.0,14.0,4.0,11.0,2.0,7.0,0.0,4.0,-3.0,1.0,-5.0,-2.0,-6.0,-4.0,-8.0,-6.0,-9.0,-7.0,0.0,0.0,0.0,0.0,0.0,0.0,0.0,0.0,0.0,0.0
1.5736,122.0,-96.0,7.0,0.0,-2.0,4.0,-6.0,-1.0,-9.0,-5.0,-14.0,-9.0,-18.0,-12.0,-21.0,-13.0,-23.0,-15.0,-25.0,-14.0,-25.0,-14.0,-25.0,-12.0,-24.0,-12.0,-22.0,-10.0,-18.0,-8.0,-14.0,-7.0,-10.0,-6.0,-4.0,-5.0,0.0,-4.0,5.0,-3.0,9.0,-2.0,12.0,-2.0,15.0,-2.0,16.0,-2.0,17.0,-2.0,17.0,-3.0,17.0,-2.0,0.0,0.0,0.0,0.0,0.0,0.0,0.0,0.0,0.0,0.0
1.5874,122.0,-96.0,7.0,0.0,-5.0,3.0,-6.0,-4.0,-6.0,-10.0,-9.0,-17.0,-10.0,-21.0,-12.0,-25.0,-14.0,-27.0,-16.0,-28.0,-17.0,-28.0,-17.0,-27.0,-17.0,-24.0,-16.0,-21.0,-13.0,-18.0,-10.0,-15.0,-6.0,-10.0,-1.0,-7.0,2.0,-3.0,6.0,0.0,9.0,3.0,12.0,5.0,16.0,7.0,17.0,7.0,18.0,7.0,17.0,7.0,17.0,7.0,0.0,0.0,0.0,0.0,0.0,0.0,0.0,0.0,0.0,0.0
1.6028,122.0,-96.0,7.0,0.0,23.0,-5.0,23.0,-5.0,22.0,-5.0,22.0,-5.0,21.0,-6.0,21.0,-6.0,21.0,-6.0,20.0,-8.0,20.0,-8.0,20.0,-8.0,20.0,-9.0,19.0,-9.0,19.0,-8.0,19.0,-9.0,19.0,-9.0,19.0,-8.0,19.0,-8.0,18.0,-7.0,18.0,-7.0,17.0,-6.0,17.0,-6.0,16.0,-6.0,16.0,-5.0,16.0,-5.0,16.0,-4.0,0.0,0.0,0.0,0.0,0.0,0.0,0.0,0.0,0.0,0.0
1.6165,122.0,-96.0,7.0,0.0,-9.0,-31.0,-6.0,-25.0,-5.0,-20.0,-1.0,-12.0,2.0,-5.0,7.0,1.0,11.0,6.0,16.0,10.0,20.0,13.0,24.0,15.0,27.0,16.0,28.0,15.0,29.0,15.0,29.0,14.0,27.0,13.0,23.0,11.0,19.0,9.0,14.0,7.0,9.0,5.0,3.0,4.0,-3.0,3.0,-7.0,1.0,-11.0,1.0,-15.0,1.0,-17.0,1.0,0.0,0.0,0.0,0.0,0.0,0.0,0.0,0.0,0.0,0.0
1.6261,122.0,-96.0,7.0,0.0,18.0,-5.0,18.0,-5.0,18.0,-5.0,17.0,-5.0,16.0,-6.0,16.0,-6.0,16.0,-7.0,16.0,-7.0,15.0,-7.0,15.0,-8.0,15.0,-8.0,14.0,-8.0,14.0,-8.0,15.0,-8.0,14.0,-8.0,15.0,-8.0,14.0,-7.0,14.0,-7.0,14.0,-6.0,13.0,-6.0,13.0,-6.0,12.0,-5.0,12.0,-5.0,12.0,-5.0,12.0,-5.0,0.0,0.0,0.0,0.0,0.0,0.0,0.0,0.0,0.0,0.0
1.6402,122.0,-96.0,7.0,0.0,-14.0,13.0,-16.0,16.0,-19.0,18.0,-19.0,19.0,-18.0,20.0,-18.0,20.0,-16.0,19.0,-14.0,18.0,-12.0,15.0,-10.0,12.0,-8.0,8.0,-5.0,4.0,-4.0,-1.0,-3.0,-5.0,-1.0,-9.0,-1.0,-13.0,0.0,-16.0,0.0,-18.0,1.0,-19.0,0.0,-20.0,0.0,-19.0,0.0,-18.0,-1.0,-16.0,0.0,-14.0,0.0,-11.0,0.0,0.0,0.0,0.0,0.0,0.0,0.0,0.0,0.0,0.0
1.6562,122.0,-96.0,7.0,0.0,2.0,29.0,3.0,28.0,3.0,26.0,3.0,24.0,3.0,20.0,3.0,16.0,1.0,12.0,-1.0,7.0,-3.0,3.0,-6.0,-1.0,-8.0,-5.0,-11.0,-8.0,-13.0,-11.0,-16.0,-12.0,-18.0,-13.0,-18.0,-13.0,-18.0,-13.0,-17.0,-13.0,-16.0,-11.0,-14.0,-10.0,-11.0,-8.0,-8.0,-6.0,-5.0,-4.0,-2.0,-3.0,1.0,-2.0,0.0,0.0,0.0,0.0,0.0,0.0,0.0,0.0,0.0,0.0
1.6665,122.0,-96.0,7.0,0.0,-28.0,17.0,-23.0,14.0,-16.0,9.0,-12.0,4.0,-6.0,-1.0,-2.0,-7.0,2.0,-14.0,4.0,-19.0,6.0,-24.0,6.0,-28.0,6.0,-32.0,5.0,-34.0,5.0,-35.0,3.0,-32.0,3.0,-30.0,3.0,-27.0,2.0,-22.0,2.0,-16.0,2.0,-11.0,2.0,-5.0,3.0,0.0,3.0,5.0,5.0,9.0,6.0,12.0,6.0,15.0,0.0,0.0,0.0,0.0,0.0,0.0,0.0,0.0,0.0,0.0
1.681,122.0,-96.0,7.0,0.0,-14.0,12.0,-17.0,15.0,-19.0,17.0,-20.0,18.0,-19.0,19.0,-18.0,19.0,-17.0,18.0,-15.0,17.0,-13.0,15.0,-11.0,12.0,-8.0,8.0,-6.0,3.0,-4.0,-1.0,-3.0,-5.0,-1.0,-9.0,0.0,-13.0,0.0,-16.0,1.0,-18.0,1.0,-19.0,1.0,-20.0,0.0,-19.0,0.0,-17.0,0.0,-15.0,0.0,-14.0,0.0,-11.0,0.0,0.0,0.0,0.0,0.0,0.0,0.0,0.0,0.0,0.0
1.6911,122.0,-96.0,7.0,0.0,-4.0,17.0,-3.0,17.0,-3.0,16.0,-3.0,16.0,-2.0,16.0,-2.0,16.0,-1.0,15.0,-1.0,15.0,0.0,15.0,0.0,15.0,0.0,15.0,0.0,15.0,0.0,15.0,0.0,15.0,0.0,15.0,0.0,15.0,0.0,14.0,0.0,14.0,0.0,13.0,0.0,13.0,0.0,12.0,0.0,12.0,-1.0,12.0,-1.0,12.0,-1.0,11.0,0.0,0.0,0.0,0.0,0.0,0.0,0.0,0.0,0.0,0.0
1.7028,122.0,-96.0,7.0,0.0,12.0,-15.0,12.0,-14.0,12.0,-14.0,11.0,-14.0,11.0,-15.0,10.0,-15.0,10.0,-15.0,9.0,-15.0,9.0,-15.0,9.0,-15.0,8.0,-15.0,8.0,-15.0,8.0,-15.0,9.0,-15.0,8.0,-15.0,8.0,-14.0,8.0,-14.0,8.0,-13.0,8.0,-13.0,8.0,-12.0,8.0,-12.0,8.0,-12.0,8.0,-11.0,8.0,-11.0,8.0,-11.0,0.0,0.0,0.0,0.0,0.0,0.0,0.0,0.0,0.0,0.0
1.7153,122.0,-96.0,7.0,0.0,-18.0,-33.0,-14.0,-27.0,-11.0,-21.0,-5.0,-13.0,2.0,-6.0,8.0,-1.0,15.0,3.0,21.0,6.0,27.0,8.0,32.0,9.0,35.0,9.0,38.0,9.0,37.0,8.0,38.0,7.0,34.0,6.0,30.0,5.0,25.0,4.0,18.0,4.0,12.0,3.0,5.0,3.0,-2.0,4.0,-7.0,4.0,-12.0,5.0,-16.0,6.0,-19.0,7.0,0.0,0.0,0.0,0.0,0.0,0.0,0.0,0.0,0.0,0.0
1.7251,122.0,-96.0,7.0,0.0,2.0,-20.0,1.0,-19.0,1.0,-19.0,1.0,-18.0,0.0,-18.0,0.0,-18.0,0.0,-18.0,-1.0,-18.0,-1.0,-18.0,-1.0,-18.0,-2.0,-18.0,-2.0,-17.0,-2.0,-17.0,-2.0,-17.0,-2.0,-17.0,-2.0,-17.0,-2.0,-16.0,-2.0,-16.0,-1.0,-16.0,-1.0,-15.0,-1.0,-15.0,-1.0,-14.0,-1.0,-14.0,-1.0,-14.0,0.0,-14.0,0.0,0.0,0.0,0.0,0.0,0.0,0.0,0.0,0.0,0.0
1.7382,122.0,-96.0,7.0,0.0,-16.0,-23.0,-19.0,-28.0,-21.0,-31.0,-24.0,-33.0,-25.0,-32.0,-25.0,-31.0,-25.0,-29.0,-22.0,-25.0,-19.0,-21.0,-15.0,-17.0,-12.0,-13.0,-6.0,-9.0,0.0,-5.0,7.0,-3.0,12.0,1.0,17.0,2.0,21.0,4.0,24.0,5.0,26.0,6.0,26.0,6.0,26.0,5.0,24.0,5.0,22.0,4.0,18.0,3.0,15.0,3.0,0.0,0.0,0.0,0.0,0.0,0.0,0.0,0.0,0.0,0.0
1.7535,122.0,-96.0,7.0,0.0,-16.0,-28.0,-17.0,-28.0,-16.0,-26.0,-16.0,-23.0,-14.0,-19.0,-11.0,-16.0,-8.0,-12.0,-4.0,-8.0,1.0,-4.0,5.0,-2.0,10.0,1.0,14.0,3.0,18.0,3.0,21.0,4.0,23.0,5.0,23.0,4.0,24.0,4.0,22.0,3.0,20.0,3.0,17.0,2.0,13.0,1.0,9.0,1.0,5.0,1.0,2.0,1.0,-2.0,2.0,0.0,0.0,0.0,0.0,0.0,0.0,0.0,0.0,0.0,0.0
1.7664,122.0,-96.0,7.0,0.0,-4.0,4.0,-7.0,-3.0,-9.0,-8.0,-12.0,-14.0,-16.0,-18.0,-19.0,-21.0,-21.0,-22.0,-22.0,-22.0,-24.0,-23.0,-23.0,-22.0,-22.0,-19.0,-20.0,-17.0,-17.0,-14.0,-14.0,-12.0,-9.0,-9.0,-4.0,-6.0,1.0,-4.0,6.0,-2.0,10.0,0.0,13.0,1.0,17.0,2.0,19.0,2.0,19.0,2.0,19.0,2.0,18.0,2.0,0.0,0.0,0.0,0.0,0.0,0.0,0.0,0.0,0.0,0.0
1.7805,122.0,-96.0,7.0,0.0,-33.0,-2.0,-32.0,-1.0,-31.0,-1.0,-27.0,0.0,-24.0,1.0,-19.0,0.0,-14.0,-1.0,-8.0,-2.0,-3.0,-3.0,2.0,-6.0,6.0,-9.0,10.0,-11.0,13.0,-14.0,15.0,-15.0,16.0,-17.0,17.0,-18.0,17.0,-17.0,15.0,-17.0,14.0,-15.0,11.0,-13.0,9.0,-11.0,6.0,-8.0,4.0,-4.0,2.0,-1.0,1.0,2.0,0.0,0.0,0.0,0.0,0.0,0.0,0.0,0.0,0.0,0.0
1.7878,122.0,-96.0,7.0,0.0,4.0,22.0,5.0,22.0,4.0,21.0,5.0,21.0,6.0,20.0,6.0,20.0,6.0,19.0,7.0,19.0,7.0,18.0,7.0,19.0,7.0,18.0,7.0,19.0,8.0,18.0,8.0,18.0,8.0,18.0,8.0,18.0,7.0,18.0,7.0,17.0,7.0,17.0,6.0,16.0,6.0,15.0,6.0,15.0,5.0,15.0,5.0,15.0,4.0,15.0,0.0,0.0,0.0,0.0,0.0,0.0,0.0,0.0,0.0,0.0
1.7976,122.0,-96.0,7.0,0.0,4.0,-19.0,4.0,-19.0,4.0,-19.0,4.0,-18.0,3.0,-18.0,3.0,-18.0,2.0,-18.0,1.0,-18.0,1.0,-18.0,1.0,-18.0,0.0,-18.0,0.0,-17.0,0.0,-17.0,0.0,-17.0,0.0,-17.0,0.0,-17.0,0.0,-16.0,1.0,-16.0,1.0,-16.0,1.0,-16.0,1.0,-15.0,1.0,-15.0,1.0,-14.0,1.0,-14.0,2.0,-13.0,0.0,0.0,0.0,0.0,0.0,0.0,0.0,0.0,0.0,0.0
1.8111,122.0,-96.0,7.0,0.0,-5.0,1.0,-4.0,-4.0,-2.0,-9.0,-2.0,-14.0,-3.0,-18.0,-3.0,-22.0,-4.0,-24.0,-4.0,-26.0,-5.0,-26.0,-5.0,-25.0,-6.0,-23.0,-6.0,-20.0,-5.0,-17.0,-4.0,-14.0,-2.0,-10.0,0.0,-5.0,2.0,-2.0,4.0,2.0,6.0,5.0,7.0,8.0,9.0,9.0,10.0,10.0,11.0,11.0,10.0,11.0,10.0,10.0,0.0,0.0,0.0,0.0,0.0,0.0,0.0,0.0,0.0,0.0
1.8244,122.0,-96.0,7.0,0.0,-6.0,17.0,-8.0,21.0,-8.0,24.0,-8.0,25.0,-7.0,26.0,-7.0,25.0,-5.0,24.0,-5.0,22.0,-4.0,18.0,-4.0,14.0,-3.0,10.0,-3.0,5.0,-3.0,0.0,-4.0,-4.0,-6.0,-8.0,-6.0,-12.0,-7.0,-15.0,-8.0,-17.0,-8.0,-18.0,-8.0,-18.0,-8.0,-17.0,-8.0,-16.0,-7.0,-14.0,-6.0,-12.0,-4.0,-10.0,0.0,0.0,0.0,0.0,0.0,0.0,0.0,0.0,0.0,0.0
1.8374,122.0,-96.0,7.0,0.0,22.0,-4.0,27.0,-6.0,30.0,-6.0,32.0,-7.0,33.0,-9.0,31.0,-9.0,29.0,-9.0,26.0,-10.0,22.0,-9.0,17.0,-7.0,12.0,-4.0,7.0,-1.0,2.0,3.0,-2.0,6.0,-6.0,10.0,-9.0,13.0,-12.0,16.0,-13.0,17.0,-14.0,19.0,-14.0,19.0,-13.0,18.0,-12.0,16.0,-11.0,15.0,-9.0,13.0,-8.0,10.0,0.0,0.0,0.0,0.0,0.0,0.0,0.0,0.0,0.0,0.0
1.8514,122.0,-96.0,7.0,0.0,-1.0,-20.0,-2.0,-23.0,-2.0,-26.0,-3.0,-27.0,-3.0,-27.0,-4.0,-27.0,-5.0,-25.0,-4.0,-23.0,-4.0,-19.0,-3.0,-15.0,-2.0,-11.0,0.0,-7.0,2.0,-2.0,5.0,1.0,7.0,5.0,9.0,8.0,11.0,10.0,12.0,12.0,13.0,13.0,13.0,13.0,13.0,12.0,12.0,11.0,11.0,10.0,9.0,8.0,7.0,6.0,0.0,0.0,0.0,0.0,0.0,0.0,0.0,0.0,0.0,0.0
1.8641,122.0,-96.0,7.0,0.0,4.0,1.0,-1.0,5.0,-6.0,8.0,-10.0,11.0,-13.0,15.0,-16.0,17.0,-17.0,20.0,-18.0,22.0,-17.0,22.0,-16.0,22.0,-15.0,20.0,-13.0,19.0,-10.0,16.0,-8.0,12.0,-7.0,8.0,-5.0,3.0,-3.0,-2.0,-2.0,-6.0,-1.0,-10.0,-1.0,-14.0,-1.0,-16.0,0.0,-17.0,0.0,-18.0,0.0,-18.0,0.0,-18.0,0.0,0.0,0.0,0.0,0.0,0.0,0.0,0.0,0.0,0.0
1.8726,122.0,-96.0,7.0,0.0,0.0,23.0,0.0,22.0,0.0,22.0,1.0,21.0,2.0,21.0,2.0,20.0,3.0,20.0,3.0,20.0,3.0,20.0,4.0,20.0,4.0,19.0,4.0,19.0,4.0,19.0,5.0,19.0,5.0,19.0,5.0,19.0,4.0,18.0,4.0,18.0,4.0,17.0,3.0,17.0,3.0,16.0,3.0,16.0,2.0,16.0,2.0,16.0,1.0,15.0,0.0,0.0,0.0,0.0,0.0,0.0,0.0,0.0,0.0,0.0
1.8821,122.0,-96.0,7.0,0.0,15.0,17.0,15.0,16.0,15.0,15.0,15.0,15.0,15.0,14.0,15.0,14.0,15.0,13.0,16.0,13.0,16.0,12.0,16.0,12.0,16.0,12.0,16.0,11.0,16.0,11.0,16.0,11.0,16.0,11.0,16.0,11.0,15.0,11.0,15.0,11.0,14.0,11.0,14.0,11.0,13.0,10.0,12.0,10.0,12.0,10.0,11.0,10.0,11.0,11.0,0.0,0.0,0.0,0.0,0.0,0.0,0.0,0.0,0.0,0.0
1.8955,122.0,-96.0,7.0,0.0,-3.0,-25.0,-3.0,-20.0,-2.0,-15.0,0.0,-9.0,2.0,-4.0,5.0,1.0,9.0,6.0,11.0,9.0,14.0,12.0,18.0,13.0,20.0,14.0,21.0,15.0,21.0,14.0,21.0,13.0,20.0,12.0,17.0,10.0,14.0,8.0,10.0,6.0,5.0,4.0,1.0,3.0,-3.0,1.0,-7.0,1.0,-9.0,0.0,-12.0,0.0,-14.0,0.0,0.0,0.0,0.0,0.0,0.0,0.0,0.0,0.0,0.0,0.0
1.9038,122.0,-96.0,7.0,0.0,8.0,21.0,8.0,21.0,8.0,20.0,8.0,20.0,9.0,19.0,9.0,18.0,9.0,18.0,9.0,17.0,10.0,17.0,11.0,17.0,11.0,16.0,11.0,16.0,11.0,16.0,10.0,16.0,11.0,16.0,10.0,16.0,10.0,16.0,9.0,16.0,9.0,15.0,8.0,15.0,8.0,14.0,8.0,14.0,7.0,14.0,7.0,14.0,6.0,14.0,0.0,0.0,0.0,0.0,0.0,0.0,0.0,0.0,0.0,0.0
1.9201,122.0,-96.0,7.0,0.0,-24.0,-16.0,-19.0,-13.0,-14.0,-11.0,-8.0,-7.0,-1.0,-5.0,5.0,-4.0,11.0,-3.0,16.0,-3.0,21.0,-3.0,24.0,-4.0,27.0,-6.0,28.0,-7.0,28.0,-8.0,28.0,-8.0,25.0,-8.0,22.0,-8.0,18.0,-5.0,14.0,-4.0,9.0,-2.0,4.0,0.0,0.0,2.0,-4.0,4.0,-6.0,7.0,-9.0,9.0,-10.0,10.0,0.0,0.0,0.0,0.0,0.0,0.0,0.0,0.0,0.0,0.0
1.9334,122.0,-96.0,7.0,0.0,-5.0,-2.0,0.0,-6.0,5.0,-10.0,9.0,-13.0,12.0,-16.0,14.0,-19.0,16.0,-21.0,16.0,-23.0,16.0,-24.0,14.0,-24.0,12.0,-22.0,10.0,-20.0,9.0,-16.0,8.0,-13.0,5.0,-8.0,4.0,-3.0,2.0,2.0,1.0,6.0,0.0,10.0,-1.0,13.0,-1.0,15.0,-1.0,16.0,0.0,17.0,-1.0,17.0,-1.0,16.0,0.0,0.0,0.0,0.0,0.0,0.0,0.0,0.0,0.0,0.0
1.9467,122.0,-96.0,7.0,0.0,6.0,-3.0,4.0,6.0,1.0,13.0,0.0,20.0,0.0,26.0,0.0,30.0,2.0,35.0,1.0,36.0,2.0,36.0,3.0,35.0,4.0,33.0,4.0,29.0,3.0,25.0,2.0,19.0,0.0,13.0,-2.0,7.0,-4.0,0.0,-7.0,-5.0,-9.0,-10.0,-11.0,-13.0,-14.0,-16.0,-14.0,-17.0,-15.0,-18.0,-15.0,-19.0,-14.0,-18.0,0.0,0.0,0.0,0.0,0.0,0.0,0.0,0.0,0.0,0.0
1.9553,122.0,-96.0,7.0,0.0,17.0,15.0,17.0,14.0,17.0,13.0,17.0,13.0,17.0,12.0,17.0,11.0,17.0,11.0,18.0,10.0,18.0,10.0,17.0,9.0,17.0,9.0,18.0,9.0,18.0,8.0,18.0,8.0,18.0,8.0,18.0,8.0,17.0,8.0,16.0,8.0,16.0,8.0,15.0,8.0,15.0,8.0,14.0,8.0,14.0,8.0,13.0,8.0,13.0,8.0,0.0,0.0,0.0,0.0,0.0,0.0,0.0,0.0,0.0,0.0
1.9697,122.0,-96.0,7.0,0.0,-22.0,-20.0,-22.0,-19.0,-21.0,-18.0,-19.0,-15.0,-17.0,-12.0,-14.0,-10.0,-10.0,-8.0,-6.0,-6.0,-1.0,-4.0,4.0,-3.0,8.0,-2.0,12.0,-2.0,16.0,-2.0,19.0,-3.0,21.0,-3.0,21.0,-3.0,21.0,-3.0,20.0,-4.0,18.0,-4.0,15.0,-3.0,12.0,-3.0,8.0,-2.0,5.0,-1.0,2.0,0.0,-1.0,1.0,0.0,0.0,0.0,0.0,0.0,0.0,0.0,0.0,0.0,0.0
1.9837,122.0,-96.0,7.0,0.0,20.0,-5.0,24.0,-6.0,27.0,-7.0,29.0,-8.0,29.0,-9.0,28.0,-9.0,26.0,-9.0,23.0,-9.0,19.0,-9.0,15.0,-7.0,11.0,-4.0,6.0,-1.0,1.0,2.0,-2.0,5.0,-5.0,8.0,-8.0,12.0,-10.0,14.0,-12.0,15.0,-13.0,16.0,-13.0,17.0,-12.0,15.0,-11.0,14.0,-10.0,13.0,-8.0,11.0,-7.0,9.0,0.0,0.0,0.0,0.0,0.0,0.0,0.0,0.0,0.0,0.0
1.9936,122.0,-96.0,7.0,0.0,-8.0,12.0,-8.0,12.0,-7.0,12.0,-7.0,12.0,-6.0,12.0,-6.0,12.0,-6.0,12.0,-5.0,12.0,-5.0,11.0,-5.0,12.0,-4.0,12.0,-5.0,12.0,-4.0,12.0,-4.0,12.0,-4.0,12.0,-4.0,12.0,-4.0,12.0,-4.0,11.0,-4.0,10.0,-4.0,11.0,-4.0,10.0,-4.0,10.0,-5.0,10.0,-4.0,8.0,-6.0,8.0,0.0,0.0,0.0,0.0,0.0,0.0,0.0,0.0,0.0,0.0
2.0107,122.0,-96.0,7.0,0.0,-1.0,-5.0,4.0,-2.0,9.0,0.0,15.0,3.0,20.0,4.0,23.0,4.0,26.0,4.0,27.0,4.0,27.0,2.0,27.0,2.0,25.0,1.0,22.0,1.0,18.0,0.0,15.0,1.0,10.0,1.0,5.0,2.0,0.0,3.0,-4.0,4.0,-8.0,5.0,-11.0,6.0,-14.0,6.0,-16.0,6.0,-16.0,7.0,-16.0,7.0,-16.0,7.0,0.0,0.0,0.0,0.0,0.0,0.0,0.0,0.0,0.0,0.0
2.0167,122.0,-96.0,7.0,0.0,-13.0,15.0,-12.0,15.0,-12.0,15.0,-11.0,14.0,-10.0,15.0,-10.0,15.0,-9.0,14.0,-9.0,15.0,-9.0,15.0,-9.0,15.0,-8.0,15.0,-8.0,15.0,-8.0,15.0,-8.0,15.0,-7.0,15.0,-8.0,15.0,-8.0,14.0,-8.0,14.0,-7.0,13.0,-8.0,13.0,-7.0,12.0,-8.0,12.0,-7.0,11.0,-7.0,11.0,-7.0,10.0,0.0,0.0,0.0,0.0,0.0,0.0,0.0,0.0,0.0,0.0
2.0293,122.0,-96.0,7.0,0.0,-1.0,28.0,-1.0,28.0,1.0,27.0,1.0,24.0,1.0,20.0,1.0,16.0,0.0,11.0,-1.0,7.0,-3.0,2.0,-5.0,-2.0,-8.0,-6.0,-10.0,-10.0,-12.0,-12.0,-15.0,-14.0,-16.0,-15.0,-16.0,-15.0,-17.0,-15.0,-16.0,-14.0,-14.0,-13.0,-12.0,-11.0,-10.0,-9.0,-7.0,-6.0,-4.0,-4.0,-1.0,-3.0,1.0,-2.0,0.0,0.0,0.0,0.0,0.0,0.0,0.0,0.0,0.0,0.0
2.037,122.0,-96.0,7.0,0.0,7.0,21.0,8.0,21.0,8.0,20.0,8.0,20.0,9.0,19.0,9.0,19.0,9.0,18.0,10.0,18.0,9.0,17.0,10.0,17.0,10.0,17.0,11.0,17.0,11.0,17.0,10.0,16.0,10.0,16.0,10.0,16.0,10.0,16.0,9.0,16.0,8.0,15.0,8.0,15.0,8.0,15.0,7.0,14.0,7.0,14.0,7.0,14.0,6.0,14.0,0.0,0.0,0.0,0.0,0.0,0.0,0.0,0.0,0.0,0.0
2.0508,122.0,-96.0,7.0,0.0,1.0,4.0,-5.0,2.0,-11.0,0.0,-16.0,-2.0,-21.0,-2.0,-24.0,-2.0,-27.0,-2.0,-28.0,-1.0,-29.0,0.0,-28.0,1.0,-26.0,1.0,-23.0,2.0,-19.0,1.0,-15.0,0.0,-10.0,-1.0,-5.0,-2.0,-1.0,-4.0,4.0,-6.0,8.0,-7.0,10.0,-9.0,12.0,-9.0,13.0,-10.0,14.0,-10.0,14.0,-11.0,13.0,-10.0,0.0,0.0,0.0,0.0,0.0,0.0,0.0,0.0,0.0,0.0
2.0657,122.0,-96.0,7.0,0.0,-18.0,4.0,-23.0,6.0,-24.0,7.0,-26.0,8.0,-26.0,8.0,-25.0,9.0,-23.0,9.0,-21.0,9.0,-18.0,8.0,-15.0,6.0,-10.0,3.0,-6.0,1.0,-3.0,-3.0,0.0,-5.0,4.0,-9.0,6.0,-11.0,8.0,-14.0,9.0,-15.0,10.0,-16.0,10.0,-16.0,9.0,-15.0,8.0,-14.0,7.0,-13.0,6.0,-12.0,5.0,-9.0,0.0,0.0,0.0,0.0,0.0,0.0,0.0,0.0,0.0,0.0
2.0777,122.0,-96.0,7.0,0.0,15.0,27.0,11.0,22.0,9.0,17.0,3.0,10.0,-2.0,5.0,-7.0,0.0,-13.0,-4.0,-17.0,-7.0,-22.0,-10.0,-27.0,-11.0,-30.0,-11.0,-32.0,-11.0,-32.0,-10.0,-32.0,-10.0,-30.0,-9.0,-26.0,-7.0,-22.0,-7.0,-17.0,-6.0,-11.0,-5.0,-6.0,-4.0,0.0,-4.0,5.0,-3.0,9.0,-3.0,12.0,-4.0,15.0,-4.0,0.0,0.0,0.0,0.0,0.0,0.0,0.0,0.0,0.0,0.0
2.0882,122.0,-96.0,7.0,0.0,-22.0,-10.0,-22.0,-9.0,-21.0,-8.0,-21.0,-9.0,-21.0,-8.0,-21.0,-7.0,-20.0,-7.0,-20.0,-5.0,-20.0,-5.0,-20.0,-5.0,-20.0,-5.0,-20.0,-4.0,-20.0,-4.0,-20.0,-4.0,-20.0,-3.0,-20.0,-3.0,-19.0,-4.0,-19.0,-4.0,-18.0,-4.0,-18.0,-4.0,-17.0,-4.0,-16.0,-4.0,-16.0,-4.0,-16.0,-4.0,-16.0,-5.0,0.0,0.0,0.0,0.0,0.0,0.0,0.0,0.0,0.0,0.0
2.1034,122.0,-96.0,7.0,0.0,-24.0,2.0,-29.0,3.0,-31.0,4.0,-34.0,5.0,-34.0,6.0,-33.0,6.0,-30.0,7.0,-28.0,7.0,-23.0,7.0,-19.0,5.0,-13.0,2.0,-8.0,-1.0,-3.0,-3.0,2.0,-6.0,6.0,-10.0,10.0,-12.0,13.0,-15.0,14.0,-17.0,15.0,-18.0,15.0,-18.0,15.0,-17.0,13.0,-16.0,12.0,-14.0,10.0,-13.0,8.0,-10.0,0.0,0.0,0.0,0.0,0.0,0.0,0.0,0.0,0.0,0.0
2.113,122.0,-96.0,7.0,0.0,-20.0,13.0,-19.0,12.0,-19.0,13.0,-18.0,13.0,-17.0,13.0,-17.0,13.0,-16.0,13.0,-15.0,14.0,-16.0,14.0,-16.0,14.0,-15.0,14.0,-15.0,14.0,-14.0,14.0,-14.0,14.0,-14.0,14.0,-14.0,14.0,-14.0,13.0,-14.0,13.0,-13.0,12.0,-13.0,12.0,-13.0,11.0,-13.0,11.0,-13.0,10.0,-13.0,10.0,-13.0,9.0,0.0,0.0,0.0,0.0,0.0,0.0,0.0,0.0,0.0,0.0
2.1221,122.0,-96.0,7.0,0.0,15.0,-17.0,15.0,-17.0,14.0,-17.0,14.0,-17.0,13.0,-17.0,13.0,-17.0,12.0,-17.0,11.0,-18.0,11.0,-18.0,11.0,-18.0,10.0,-18.0,10.0,-18.0,10.0,-17.0,11.0,-17.0,10.0,-17.0,10.0,-17.0,10.0,-16.0,10.0,-16.0,10.0,-15.0,10.0,-15.0,10.0,-14.0,9.0,-14.0,9.0,-13.0,9.0,-13.0,9.0,-12.0,0.0,0.0,0.0,0.0,0.0,0.0,0.0,0.0,0.0,0.0
2.1356,122.0,-96.0,7.0,0.0,-10.0,15.0,-13.0,19.0,-13.0,21.0,-14.0,23.0,-13.0,23.0,-12.0,23.0,-11.0,22.0,-10.0,20.0,-8.0,17.0,-7.0,13.0,-5.0,9.0,-4.0,4.0,-3.0,-1.0,-3.0,-5.0,-3.0,-10.0,-3.0,-13.0,-3.0,-16.0,-3.0,-18.0,-3.0,-19.0,-3.0,-19.0,-4.0,-18.0,-3.0,-16.0,-3.0,-15.0,-2.0,-13.0,-2.0,-11.0,0.0,0.0,0.0,0.0,0.0,0.0,0.0,0.0,0.0,0.0
2.1511,122.0,-96.0,7.0,0.0,-21.0,14.0,-18.0,12.0,-13.0,8.0,-9.0,4.0,-5.0,0.0,-2.0,-5.0,1.0,-10.0,3.0,-14.0,4.0,-19.0,4.0,-22.0,4.0,-25.0,4.0,-26.0,3.0,-27.0,3.0,-26.0,2.0,-24.0,2.0,-21.0,1.0,-18.0,1.0,-14.0,1.0,-9.0,1.0,-5.0,2.0,-1.0,2.0,3.0,3.0,6.0,4.0,9.0,4.0,11.0,0.0,0.0,0.0,0.0,0.0,0.0,0.0,0.0,0.0,0.0
2.1684,122.0,-96.0,7.0,0.0,-17.0,8.0,-21.0,10.0,-23.0,11.0,-24.0,12.0,-24.0,13.0,-23.0,13.0,-22.0,13.0,-19.0,12.0,-16.0,11.0,-13.0,9.0,-9.0,5.0,-6.0,2.0,-3.0,-2.0,-1.0,-6.0,2.0,-9.0,4.0,-12.0,6.0,-15.0,6.0,-16.0,7.0,-18.0,7.0,-18.0,7.0,-17.0,6.0,-16.0,5.0,-14.0,4.0,-12.0,4.0,-10.0,0.0,0.0,0.0,0.0,0.0,0.0,0.0,0.0,0.0,0.0
2.1761,122.0,-96.0,7.0,0.0,-7.0,-23.0,-8.0,-22.0,-7.0,-21.0,-8.0,-22.0,-8.0,-21.0,-9.0,-20.0,-9.0,-19.0,-10.0,-19.0,-10.0,-19.0,-10.0,-19.0,-11.0,-18.0,-11.0,-18.0,-11.0,-18.0,-10.0,-18.0,-10.0,-18.0,-10.0,-18.0,-10.0,-17.0,-10.0,-17.0,-9.0,-17.0,-9.0,-16.0,-9.0,-16.0,-8.0,-16.0,-8.0,-16.0,-7.0,-15.0,-7.0,-15.0,0.0,0.0,0.0,0.0,0.0,0.0,0.0,0.0,0.0,0.0
2.1904,122.0,-96.0,7.0,0.0,-21.0,-6.0,-25.0,-6.0,-27.0,-7.0,-30.0,-7.0,-30.0,-6.0,-30.0,-5.0,-28.0,-4.0,-25.0,-3.0,-22.0,-2.0,-18.0,-2.0,-13.0,-2.0,-7.0,-2.0,-2.0,-3.0,3.0,-5.0,7.0,-6.0,11.0,-7.0,14.0,-8.0,16.0,-9.0,18.0,-10.0,18.0,-10.0,17.0,-9.0,16.0,-9.0,14.0,-8.0,12.0,-8.0,10.0,-6.0,0.0,0.0,0.0,0.0,0.0,0.0,0.0,0.0,0.0,0.0
2.2039,122.0,-96.0,7.0,0.0,23.0,-23.0,22.0,-23.0,21.0,-22.0,17.0,-21.0,15.0,-18.0,11.0,-15.0,8.0,-11.0,6.0,-6.0,4.0,-2.0,2.0,4.0,0.0,9.0,-1.0,14.0,-1.0,17.0,0.0,20.0,-1.0,22.0,-1.0,24.0,0.0,23.0,0.0,22.0,0.0,20.0,0.0,17.0,0.0,13.0,0.0,10.0,-1.0,6.0,-2.0,3.0,-2.0,0.0,0.0,0.0,0.0,0.0,0.0,0.0,0.0,0.0,0.0,0.0
2.2136,122.0,-96.0,7.0,0.0,-20.0,-3.0,-19.0,-3.0,-19.0,-2.0,-19.0,-2.0,-19.0,-1.0,-18.0,-1.0,-18.0,0.0,-18.0,0.0,-18.0,0.0,-18.0,0.0,-18.0,0.0,-18.0,0.0,-17.0,1.0,-17.0,1.0,-17.0,0.0,-17.0,1.0,-16.0,1.0,-16.0,1.0,-16.0,0.0,-15.0,0.0,-15.0,0.0,-14.0,0.0,-14.0,-1.0,-14.0,-1.0,-14.0,-1.0,0.0,0.0,0.0,0.0,0.0,0.0,0.0,0.0,0.0,0.0
2.2262,122.0,-96.0,7.0,0.0,-2.0,4.0,-7.0,-2.0,-10.0,-6.0,-15.0,-12.0,-19.0,-15.0,-22.0,-18.0,-24.0,-19.0,-25.0,-19.0,-26.0,-19.0,-26.0,-17.0,-25.0,-16.0,-23.0,-13.0,-19.0,-12.0,-15.0,-9.0,-10.0,-7.0,-4.0,-5.0,0.0,-4.0,5.0,-3.0,10.0,-1.0,13.0,0.0,17.0,1.0,18.0,1.0,19.0,1.0,19.0,0.0,19.0,1.0,0.0,0.0,0.0,0.0,0.0,0.0,0.0,0.0,0.0,0.0
2.2395,122.0,-96.0,7.0,0.0,-23.0,11.0,-19.0,9.0,-14.0,6.0,-9.0,3.0,-5.0,-1.0,-1.0,-5.0,2.0,-10.0,5.0,-14.0,7.0,-18.0,7.0,-21.0,8.0,-24.0,8.0,-25.0,7.0,-26.0,6.0,-25.0,6.0,-23.0,5.0,-21.0,4.0,-17.0,3.0,-13.0,2.0,-9.0,2.0,-4.0,2.0,-1.0,2.0,3.0,2.0,6.0,2.0,9.0,2.0,11.0,0.0,0.0,0.0,0.0,0.0,0.0,0.0,0.0,0.0,0.0
2.2525,122.0,-96.0,7.0,0.0,-20.0,21.0,-19.0,22.0,-17.0,20.0,-16.0,19.0,-13.0,17.0,-10.0,13.0,-8.0,9.0,-6.0,5.0,-4.0,1.0,-3.0,-4.0,-2.0,-9.0,-1.0,-14.0,-1.0,-17.0,-2.0,-19.0,-2.0,-21.0,-2.0,-22.0,-2.0,-22.0,-2.0,-21.0,-2.0,-19.0,-2.0,-16.0,-2.0,-13.0,-2.0,-10.0,-1.0,-7.0,0.0,-4.0,1.0,-1.0,0.0,0.0,0.0,0.0,0.0,0.0,0.0,0.0,0.0,0.0
2.2624,122.0,-96.0,7.0,0.0,-18.0,-2.0,-18.0,-2.0,-17.0,-2.0,-17.0,-1.0,-16.0,0.0,-17.0,0.0,-16.0,0.0,-16.0,1.0,-16.0,0.0,-16.0,0.0,-16.0,1.0,-16.0,1.0,-16.0,1.0,-15.0,1.0,-16.0,1.0,-15.0,1.0,-15.0,1.0,-15.0,1.0,-14.0,0.0,-14.0,1.0,-13.0,0.0,-13.0,0.0,-13.0,0.0,-12.0,0.0,-12.0,-1.0,0.0,0.0,0.0,0.0,0.0,0.0,0.0,0.0,0.0,0.0
2.2774,122.0,-96.0,7.0,0.0,-15.0,-20.0,-13.0,-17.0,-9.0,-13.0,-5.0,-8.0,0.0,-5.0,4.0,-2.0,9.0,1.0,13.0,2.0,18.0,4.0,21.0,4.0,23.0,4.0,25.0,3.0,25.0,3.0,26.0,3.0,24.0,2.0,20.0,1.0,17.0,1.0,13.0,1.0,9.0,1.0,4.0,2.0,0.0,1.0,-4.0,2.0,-7.0,3.0,-10.0,4.0,-12.0,4.0,0.0,0.0,0.0,0.0,0.0,0.0,0.0,0.0,0.0,0.0
2.2905,122.0,-96.0,7.0,0.0,-27.0,8.0,-23.0,6.0,-16.0,3.0,-10.0,1.0,-4.0,-3.0,1.0,-6.0,6.0,-11.0,9.0,-15.0,12.0,-18.0,14.0,-22.0,15.0,-25.0,15.0,-26.0,15.0,-27.0,14.0,-25.0,12.0,-23.0,10.0,-21.0,8.0,-16.0,6.0,-12.0,4.0,-7.0,2.0,-2.0,2.0,2.0,0.0,6.0,0.0,9.0,0.0,12.0,-1.0,14.0,0.0,0.0,0.0,0.0,0.0,0.0,0.0,0.0,0.0,0.0
2.3041,122.0,-96.0,7.0,0.0,3.0,3.0,-4.0,4.0,-10.0,6.0,-16.0,7.0,-21.0,8.0,-25.0,10.0,-27.0,12.0,-28.0,14.0,-29.0,14.0,-28.0,14.0,-25.0,14.0,-22.0,13.0,-19.0,11.0,-15.0,8.0,-11.0,5.0,-7.0,1.0,-3.0,-3.0,1.0,-7.0,4.0,-10.0,6.0,-13.0,8.0,-15.0,9.0,-16.0,10.0,-17.0,10.0,-17.0,9.0,-17.0,0.0,0.0,0.0,0.0,0.0,0.0,0.0,0.0,0.0,0.0
2.3117,122.0,-96.0,7.0,0.0,21.0,8.0,20.0,8.0,20.0,7.0,20.0,7.0,20.0,6.0,20.0,5.0,20.0,5.0,20.0,4.0,20.0,4.0,20.0,4.0,19.0,4.0,20.0,3.0,19.0,3.0,20.0,3.0,19.0,3.0,19.0,3.0,18.0,3.0,18.0,3.0,18.0,3.0,17.0,4.0,17.0,3.0,16.0,4.0,16.0,4.0,15.0,4.0,14.0,4.0,0.0,0.0,0.0,0.0,0.0,0.0,0.0,0.0,0.0,0.0
2.3256,122.0,-96.0,7.0,0.0,15.0,-11.0,18.0,-13.0,21.0,-15.0,21.0,-16.0,21.0,-16.0,20.0,-17.0,19.0,-16.0,17.0,-15.0,14.0,-14.0,11.0,-10.0,8.0,-7.0,5.0,-3.0,2.0,1.0,0.0,5.0,-2.0,8.0,-4.0,12.0,-5.0,14.0,-6.0,16.0,-7.0,17.0,-7.0,17.0,-6.0,16.0,-6.0,16.0,-5.0,13.0,-4.0,12.0,-4.0,9.0,0.0,0.0,0.0,0.0,0.0,0.0,0.0,0.0,0.0,0.0
2.3396,122.0,-96.0,7.0,0.0,-5.0,1.0,-3.0,-4.0,-1.0,-9.0,0.0,-14.0,1.0,-18.0,2.0,-22.0,1.0,-24.0,1.0,-26.0,1.0,-26.0,-1.0,-25.0,-1.0,-24.0,-1.0,-22.0,-1.0,-18.0,-1.0,-14.0,0.0,-10.0,1.0,-6.0,2.0,-2.0,2.0,2.0,4.0,6.0,5.0,9.0,6.0,11.0,7.0,12.0,7.0,13.0,7.0,13.0,7.0,13.0,0.0,0.0,0.0,0.0,0.0,0.0,0.0,0.0,0.0,0.0
2.3505,122.0,-96.0,7.0,0.0,-10.0,20.0,-10.0,20.0,-10.0,19.0,-9.0,20.0,-8.0,19.0,-8.0,20.0,-7.0,19.0,-7.0,19.0,-6.0,19.0,-6.0,19.0,-6.0,19.0,-5.0,19.0,-6.0,19.0,-6.0,19.0,-6.0,19.0,-6.0,18.0,-6.0,18.0,-6.0,18.0,-6.0,17.0,-6.0,17.0,-6.0,16.0,-6.0,15.0,-6.0,15.0,-6.0,15.0,-7.0,14.0,0.0,0.0,0.0,0.0,0.0,0.0,0.0,0.0,0.0,0.0
2.358,122.0,-96.0,7.0,0.0,1.0,22.0,1.0,22.0,1.0,22.0,2.0,22.0,2.0,21.0,3.0,21.0,3.0,20.0,4.0,20.0,4.0,20.0,4.0,20.0,4.0,19.0,4.0,19.0,5.0,19.0,5.0,19.0,5.0,19.0,4.0,18.0,5.0,19.0,4.0,18.0,3.0,18.0,3.0,17.0,3.0,16.0,3.0,16.0,2.0,16.0,1.0,16.0,1.0,15.0,0.0,0.0,0.0,0.0,0.0,0.0,0.0,0.0,0.0,0.0
2.3712,122.0,-96.0,7.0,0.0,-22.0,13.0,-18.0,10.0,-13.0,6.0,-9.0,3.0,-5.0,-1.0,-1.0,-5.0,2.0,-10.0,4.0,-14.0,6.0,-18.0,6.0,-21.0,7.0,-24.0,7.0,-26.0,6.0,-26.0,5.0,-25.0,5.0,-23.0,4.0,-21.0,3.0,-17.0,2.0,-12.0,2.0,-8.0,2.0,-4.0,2.0,0.0,2.0,4.0,2.0,7.0,3.0,10.0,3.0,12.0,0.0,0.0,0.0,0.0,0.0,0.0,0.0,0.0,0.0,0.0
2.3809,122.0,-96.0,7.0,0.0,-19.0,-1.0,-18.0,-1.0,-18.0,0.0,-17.0,0.0,-17.0,1.0,-17.0,1.0,-16.0,1.0,-17.0,2.0,-17.0,2.0,-16.0,2.0,-17.0,2.0,-16.0,3.0,-16.0,3.0,-16.0,3.0,-16.0,2.0,-16.0,3.0,-16.0,2.0,-15.0,2.0,-15.0,2.0,-15.0,2.0,-14.0,1.0,-14.0,1.0,-13.0,1.0,-13.0,1.0,-13.0,0.0,0.0,0.0,0.0,0.0,0.0,0.0,0.0,0.0,0.0,0.0
2.3902,122.0,-96.0,7.0,0.0,1.0,-17.0,0.0,-18.0,0.0,-17.0,0.0,-17.0,-1.0,-17.0,0.0,-16.0,-1.0,-16.0,-2.0,-16.0,-1.0,-16.0,-2.0,-16.0,-2.0,-16.0,-2.0,-15.0,-3.0,-16.0,-3.0,-15.0,-2.0,-16.0,-2.0,-15.0,-2.0,-15.0,-2.0,-15.0,-2.0,-14.0,-2.0,-14.0,-1.0,-13.0,-1.0,-13.0,-1.0,-13.0,-1.0,-12.0,0.0,-12.0,0.0,0.0,0.0,0.0,0.0,0.0,0.0,0.0,0.0,0.0
2.4037,122.0,-96.0,7.0,0.0,1.0,4.0,-5.0,2.0,-10.0,1.0,-16.0,-1.0,-20.0,-2.0,-24.0,-2.0,-27.0,-2.0,-28.0,-1.0,-28.0,0.0,-28.0,1.0,-26.0,1.0,-23.0,1.0,-20.0,1.0,-16.0,0.0,-11.0,-1.0,-6.0,-2.0,-1.0,-4.0,3.0,-5.0,7.0,-6.0,10.0,-7.0,13.0,-8.0,14.0,-8.0,14.0,-9.0,14.0,-9.0,14.0,-9.0,0.0,0.0,0.0,0.0,0.0,0.0,0.0,0.0,0.0,0.0
2.4141,122.0,-96.0,7.0,0.0,-19.0,6.0,-19.0,7.0,-17.0,7.0,-18.0,7.0,-17.0,8.0,-17.0,8.0,-16.0,8.0,-16.0,8.0,-15.0,8.0,-16.0,8.0,-15.0,8.0,-15.0,9.0,-15.0,9.0,-15.0,9.0,-15.0,9.0,-14.0,9.0,-14.0,9.0,-14.0,8.0,-14.0,7.0,-14.0,8.0,-13.0,7.0,-13.0,7.0,-13.0,6.0,-12.0,6.0,-13.0,5.0,0.0,0.0,0.0,0.0,0.0,0.0,0.0,0.0,0.0,0.0
2.4214,122.0,-96.0,7.0,0.0,19.0,2.0,18.0,1.0,18.0,1.0,18.0,1.0,18.0,0.0,18.0,0.0,17.0,-1.0,17.0,-1.0,17.0,-1.0,17.0,-2.0,17.0,-2.0,17.0,-3.0,16.0,-2.0,17.0,-2.0,16.0,-2.0,16.0,-2.0,16.0,-2.0,16.0,-2.0,15.0,-1.0,15.0,-1.0,14.0,-1.0,14.0,-1.0,13.0,-1.0,13.0,-1.0,13.0,0.0,0.0,0.0,0.0,0.0,0.0,0.0,0.0,0.0,0.0,0.0
2.4352,122.0,-96.0,7.0,0.0,-11.0,22.0,-9.0,18.0,-7.0,13.0,-5.0,7.0,-4.0,1.0,-4.0,-4.0,-4.0,-10.0,-5.0,-15.0,-5.0,-19.0,-7.0,-22.0,-8.0,-24.0,-9.0,-26.0,-10.0,-26.0,-10.0,-24.0,-10.0,-22.0,-8.0,-19.0,-7.0,-16.0,-5.0,-12.0,-3.0,-8.0,-1.0,-4.0,2.0,-1.0,4.0,2.0,6.0,4.0,7.0,7.0,9.0,8.0,0.0,0.0,0.0,0.0,0.0,0.0,0.0,0.0,0.0,0.0
2.4496,122.0,-96.0,7.0,0.0,-24.0,6.0,-28.0,7.0,-31.0,8.0,-32.0,9.0,-33.0,10.0,-32.0,10.0,-29.0,10.0,-26.0,11.0,-22.0,10.0,-18.0,8.0,-13.0,4.0,-8.0,1.0,-3.0,-3.0,1.0,-7.0,5.0,-10.0,7.0,-14.0,10.0,-17.0,12.0,-18.0,13.0,-20.0,13.0,-20.0,12.0,-19.0,10.0,-18.0,9.0,-16.0,8.0,-14.0,6.0,-11.0,0.0,0.0,0.0,0.0,0.0,0.0,0.0,0.0,0.0,0.0
2.4656,122.0,-96.0,7.0,0.0,-19.0,-17.0,-15.0,-14.0,-11.0,-11.0,-5.0,-7.0,-1.0,-4.0,5.0,-2.0,10.0,0.0,15.0,1.0,19.0,1.0,22.0,0.0,25.0,0.0,26.0,-1.0,25.0,-2.0,25.0,-1.0,23.0,-1.0,19.0,-2.0,16.0,-1.0,11.0,-1.0,7.0,0.0,3.0,1.0,-2.0,2.0,-5.0,3.0,-8.0,4.0,-10.0,6.0,-12.0,7.0,0.0,0.0,0.0,0.0,0.0,0.0,0.0,0.0,0.0,0.0
2.4792,122.0,-96.0,7.0,0.0,-9.0,-36.0,-9.0,-35.0,-9.0,-34.0,-9.0,-30.0,-8.0,-25.0,-7.0,-20.0,-5.0,-15.0,-2.0,-10.0,2.0,-4.0,6.0,1.0,9.0,5.0,13.0,9.0,16.0,11.0,20.0,13.0,22.0,14.0,22.0,14.0,22.0,14.0,21.0,13.0,19.0,11.0,16.0,10.0,13.0,7.0,9.0,5.0,5.0,4.0,1.0,2.0,-3.0,0.0,0.0,0.0,0.0,0.0,0.0,0.0,0.0,0.0,0.0,0.0
2.4896,122.0,-96.0,7.0,0.0,-6.0,-19.0,-6.0,-19.0,-6.0,-18.0,-6.0,-18.0,-7.0,-17.0,-8.0,-18.0,-7.0,-16.0,-8.0,-16.0,-8.0,-16.0,-9.0,-16.0,-8.0,-16.0,-9.0,-16.0,-9.0,-16.0,-9.0,-15.0,-9.0,-15.0,-9.0,-15.0,-8.0,-15.0,-8.0,-15.0,-8.0,-14.0,-8.0,-14.0,-7.0,-14.0,-7.0,-13.0,-6.0,-13.0,-6.0,-13.0,-6.0,-13.0,0.0,0.0,0.0,0.0,0.0,0.0,0.0,0.0,0.0,0.0
2.499,122.0,-96.0,7.0,0.0,9.0,20.0,10.0,21.0,9.0,19.0,10.0,20.0,10.0,18.0,10.0,18.0,11.0,17.0,11.0,17.0,11.0,16.0,11.0,17.0,12.0,16.0,12.0,16.0,12.0,16.0,11.0,16.0,12.0,16.0,11.0,16.0,11.0,16.0,10.0,15.0,10.0,15.0,9.0,14.0,9.0,14.0,8.0,14.0,8.0,14.0,8.0,14.0,7.0,13.0,0.0,0.0,0.0,0.0,0.0,0.0,0.0,0.0,0.0,0.0
2.5121,122.0,-96.0,7.0,0.0,8.0,-31.0,7.0,-25.0,5.0,-18.0,4.0,-11.0,4.0,-3.0,4.0,4.0,6.0,11.0,7.0,17.0,9.0,22.0,11.0,25.0,13.0,28.0,14.0,30.0,15.0,29.0,16.0,28.0,15.0,25.0,12.0,22.0,11.0,18.0,7.0,14.0,4.0,9.0,1.0,5.0,-4.0,1.0,-7.0,-3.0,-9.0,-6.0,-12.0,-8.0,-14.0,-10.0,0.0,0.0,0.0,0.0,0.0,0.0,0.0,0.0,0.0,0.0
2.526,122.0,-96.0,7.0,0.0,-3.0,-37.0,-2.0,-30.0,-1.0,-23.0,1.0,-13.0,4.0,-4.0,7.0,4.0,11.0,11.0,15.0,17.0,19.0,21.0,23.0,24.0,25.0,27.0,27.0,27.0,27.0,27.0,28.0,25.0,26.0,23.0,22.0,19.0,18.0,16.0,13.0,12.0,7.0,8.0,1.0,4.0,-5.0,1.0,-10.0,-2.0,-14.0,-4.0,-17.0,-5.0,-20.0,-6.0,0.0,0.0,0.0,0.0,0.0,0.0,0.0,0.0,0.0,0.0
2.5363,122.0,-96.0,7.0,0.0,-22.0,-8.0,-23.0,-8.0,-22.0,-7.0,-22.0,-7.0,-21.0,-6.0,-22.0,-6.0,-21.0,-5.0,-21.0,-4.0,-21.0,-4.0,-21.0,-4.0,-21.0,-3.0,-21.0,-3.0,-21.0,-3.0,-21.0,-3.0,-21.0,-3.0,-20.0,-2.0,-20.0,-3.0,-19.0,-3.0,-19.0,-3.0,-19.0,-3.0,-18.0,-3.0,-17.0,-3.0,-17.0,-3.0,-16.0,-4.0,-16.0,-4.0,0.0,0.0,0.0,0.0,0.0,0.0,0.0,0.0,0.0,0.0
2.5501,122.0,-96.0,7.0,0.0,26.0,-25.0,25.0,-26.0,23.0,-24.0,20.0,-23.0,16.0,-19.0,13.0,-15.0,9.0,-11.0,6.0,-6.0,3.0,-1.0,1.0,6.0,-1.0,12.0,-1.0,17.0,-2.0,22.0,-2.0,24.0,-1.0,26.0,-1.0,27.0,-1.0,26.0,-1.0,24.0,0.0,22.0,-1.0,18.0,0.0,14.0,0.0,9.0,-1.0,5.0,-2.0,1.0,-2.0,-2.0,0.0,0.0,0.0,0.0,0.0,0.0,0.0,0.0,0.0,0.0
2.5621,122.0,-96.0,7.0,0.0,2.0,24.0,2.0,20.0,1.0,14.0,-1.0,9.0,-3.0,3.0,-5.0,-2.0,-8.0,-7.0,-11.0,-11.0,-14.0,-14.0,-16.0,-16.0,-19.0,-17.0,-20.0,-18.0,-21.0,-18.0,-20.0,-17.0,-20.0,-16.0,-16.0,-13.0,-14.0,-12.0,-11.0,-9.0,-7.0,-7.0,-4.0,-4.0,1.0,-2.0,4.0,0.0,7.0,1.0,9.0,2.0,12.0,2.0,0.0,0.0,0.0,0.0,0.0,0.0,0.0,0.0,0.0,0.0
2.5749,122.0,-96.0,7.0,0.0,2.0,3.0,-4.0,2.0,-9.0,2.0,-14.0,1.0,-18.0,2.0,-22.0,2.0,-24.0,3.0,-25.0,4.0,-26.0,4.0,-25.0,5.0,-23.0,5.0,-20.0,5.0,-17.0,4.0,-14.0,3.0,-9.0,1.0,-5.0,0.0,-1.0,-3.0,2.0,-5.0,6.0,-6.0,8.0,-8.0,10.0,-9.0,11.0,-10.0,12.0,-10.0,12.0,-11.0,11.0,-10.0,0.0,0.0,0.0,0.0,0.0,0.0,0.0,0.0,0.0,0.0
2.5893,122.0,-96.0,7.0,0.0,-28.0,7.0,-22.0,5.0,-17.0,3.0,-10.0,1.0,-4.0,-2.0,2.0,-6.0,6.0,-10.0,10.0,-14.0,14.0,-18.0,15.0,-21.0,17.0,-24.0,16.0,-25.0,16.0,-25.0,15.0,-24.0,13.0,-22.0,12.0,-21.0,9.0,-15.0,7.0,-11.0,5.0,-6.0,3.0,-2.0,1.0,2.0,0.0,6.0,-1.0,9.0,-2.0,13.0,-2.0,15.0,0.0,0.0,0.0,0.0,0.0,0.0,0.0,0.0,0.0,0.0
2.6087,122.0,-96.0,7.0,0.0,13.0,19.0,16.0,23.0,18.0,25.0,21.0,26.0,21.0,26.0,21.0,25.0,21.0,23.0,18.0,20.0,15.0,16.0,12.0,12.0,8.0,9.0,3.0,6.0,-3.0,2.0,-8.0,-1.0,-12.0,-3.0,-17.0,-5.0,-19.0,-6.0,-22.0,-7.0,-23.0,-8.0,-23.0,-8.0,-22.0,-7.0,-20.0,-7.0,-18.0,-6.0,-15.0,-5.0,-11.0,-4.0,0.0,0.0,0.0,0.0,0.0,0.0,0.0,0.0,0.0,0.0
2.6214,122.0,-96.0,7.0,0.0,0.0,-5.0,3.0,0.0,5.0,4.0,7.0,9.0,9.0,13.0,12.0,16.0,14.0,18.0,15.0,19.0,16.0,19.0,16.0,18.0,16.0,17.0,15.0,15.0,13.0,13.0,10.0,10.0,7.0,7.0,3.0,5.0,-1.0,2.0,-4.0,0.0,-8.0,-3.0,-11.0,-4.0,-13.0,-6.0,-15.0,-7.0,-16.0,-7.0,-17.0,-7.0,-16.0,-7.0,0.0,0.0,0.0,0.0,0.0,0.0,0.0,0.0,0.0,0.0
2.6315,122.0,-96.0,7.0,0.0,1.0,-5.0,5.0,2.0,7.0,7.0,10.0,13.0,13.0,18.0,16.0,21.0,18.0,23.0,19.0,24.0,20.0,23.0,20.0,22.0,20.0,21.0,18.0,19.0,15.0,16.0,12.0,12.0,8.0,9.0,3.0,5.0,-1.0,2.0,-6.0,-1.0,-10.0,-4.0,-13.0,-6.0,-17.0,-9.0,-19.0,-10.0,-20.0,-10.0,-20.0,-10.0,-20.0,-10.0,0.0,0.0,0.0,0.0,0.0,0.0,0.0,0.0,0.0,0.0
2.6444,122.0,-96.0,7.0,0.0,40.0,-1.0,39.0,-1.0,37.0,-2.0,33.0,-3.0,29.0,-3.0,23.0,-3.0,17.0,-2.0,10.0,-1.0,3.0,2.0,-3.0,4.0,-9.0,9.0,-15.0,12.0,-19.0,15.0,-22.0,17.0,-24.0,19.0,-25.0,21.0,-25.0,21.0,-24.0,20.0,-21.0,18.0,-19.0,16.0,-16.0,13.0,-11.0,9.0,-8.0,6.0,-5.0,2.0,-2.0,-2.0,0.0,0.0,0.0,0.0,0.0,0.0,0.0,0.0,0.0,0.0
2.6588,122.0,-96.0,7.0,0.0,-3.0,-24.0,-3.0,-20.0,-2.0,-15.0,0.0,-10.0,2.0,-3.0,4.0,2.0,7.0,6.0,9.0,11.0,12.0,13.0,14.0,16.0,17.0,18.0,18.0,19.0,19.0,19.0,18.0,18.0,18.0,17.0,15.0,15.0,13.0,12.0,9.0,10.0,6.0,7.0,2.0,4.0,-2.0,1.0,-5.0,-1.0,-8.0,-3.0,-11.0,-4.0,-14.0,-6.0,0.0,0.0,0.0,0.0,0.0,0.0,0.0,0.0,0.0,0.0
2.6748,122.0,-96.0,7.0,0.0,-41.0,-3.0,-41.0,-2.0,-38.0,-1.0,-35.0,0.0,-30.0,1.0,-24.0,1.0,-17.0,0.0,-11.0,-1.0,-4.0,-3.0,3.0,-5.0,9.0,-10.0,14.0,-12.0,18.0,-15.0,22.0,-17.0,24.0,-19.0,25.0,-21.0,25.0,-20.0,24.0,-20.0,21.0,-18.0,19.0,-16.0,15.0,-13.0,11.0,-10.0,7.0,-6.0,4.0,-3.0,0.0,1.0,0.0,0.0,0.0,0.0,0.0,0.0,0.0,0.0,0.0,0.0
2.6876,122.0,-96.0,7.0,0.0,-5.0,6.0,-5.0,-1.0,-3.0,-7.0,-3.0,-15.0,-3.0,-20.0,-4.0,-25.0,-4.0,-28.0,-6.0,-31.0,-6.0,-32.0,-7.0,-31.0,-8.0,-30.0,-8.0,-28.0,-7.0,-24.0,-6.0,-20.0,-4.0,-14.0,-1.0,-9.0,1.0,-3.0,3.0,1.0,5.0,6.0,8.0,10.0,10.0,13.0,11.0,15.0,12.0,17.0,12.0,17.0,12.0,17.0,0.0,0.0,0.0,0.0,0.0,0.0,0.0,0.0,0.0,0.0
2.7016,122.0,-96.0,7.0,0.0,17.0,-21.0,14.0,-18.0,11.0,-14.0,8.0,-9.0,5.0,-4.0,2.0,1.0,0.0,7.0,-1.0,12.0,-2.0,17.0,-3.0,20.0,-3.0,24.0,-2.0,26.0,-2.0,27.0,-1.0,27.0,0.0,24.0,-1.0,23.0,0.0,18.0,0.0,14.0,-1.0,10.0,-2.0,5.0,-2.0,1.0,-3.0,-4.0,-4.0,-7.0,-5.0,-11.0,-5.0,-13.0,0.0,0.0,0.0,0.0,0.0,0.0,0.0,0.0,0.0,0.0
2.7145,122.0,-96.0,7.0,0.0,-33.0,11.0,-28.0,9.0,-21.0,7.0,-15.0,4.0,-9.0,0.0,-2.0,-4.0,4.0,-9.0,9.0,-13.0,13.0,-18.0,15.0,-22.0,17.0,-26.0,18.0,-29.0,18.0,-31.0,17.0,-29.0,16.0,-28.0,14.0,-26.0,11.0,-22.0,9.0,-17.0,7.0,-11.0,4.0,-6.0,2.0,-1.0,1.0,4.0,-1.0,9.0,-2.0,14.0,-2.0,17.0,0.0,0.0,0.0,0.0,0.0,0.0,0.0,0.0,0.0,0.0
2.7289,122.0,-96.0,7.0,0.0,-4.0,-8.0,1.0,-3.0,7.0,0.0,13.0,4.0,18.0,7.0,22.0,9.0,26.0,10.0,28.0,10.0,30.0,9.0,30.0,8.0,29.0,7.0,26.0,6.0,23.0,5.0,19.0,5.0,13.0,4.0,7.0,3.0,2.0,3.0,-4.0,2.0,-9.0,2.0,-14.0,2.0,-17.0,1.0,-20.0,2.0,-21.0,2.0,-22.0,3.0,-22.0,2.0,0.0,0.0,0.0,0.0,0.0,0.0,0.0,0.0,0.0,0.0
2.7463,122.0,-96.0,7.0,0.0,-26.0,3.0,-22.0,2.0,-16.0,1.0,-11.0,0.0,-5.0,-2.0,0.0,-4.0,6.0,-7.0,10.0,-9.0,13.0,-13.0,16.0,-15.0,18.0,-18.0,18.0,-19.0,19.0,-20.0,18.0,-20.0,16.0,-19.0,15.0,-18.0,12.0,-14.0,9.0,-11.0,6.0,-7.0,4.0,-3.0,2.0,0.0,-1.0,4.0,-3.0,7.0,-4.0,10.0,-5.0,13.0,0.0,0.0,0.0,0.0,0.0,0.0,0.0,0.0,0.0,0.0
2.761,122.0,-96.0,7.0,0.0,-1.0,23.0,-1.0,27.0,0.0,31.0,1.0,33.0,1.0,34.0,2.0,33.0,2.0,30.0,2.0,27.0,2.0,23.0,2.0,18.0,1.0,14.0,-1.0,8.0,-3.0,2.0,-5.0,-4.0,-8.0,-9.0,-9.0,-13.0,-11.0,-18.0,-12.0,-20.0,-13.0,-22.0,-13.0,-23.0,-14.0,-22.0,-13.0,-21.0,-12.0,-19.0,-9.0,-16.0,-8.0,-13.0,0.0,0.0,0.0,0.0,0.0,0.0,0.0,0.0,0.0,0.0
2.7783,122.0,-96.0,7.0,0.0,0.0,0.0,0.0,0.0,0.0,0.0,0.0,0.0,-13.0,-6.0,-16.0,-8.0,-19.0,-9.0,-21.0,-10.0,-23.0,-11.0,-23.0,-12.0,-23.0,-11.0,-22.0,-11.0,-20.0,-11.0,-17.0,-9.0,-13.0,-7.0,-9.0,-5.0,-4.0,-4.0,1.0,-2.0,5.0,-1.0,10.0,1.0,15.0,2.0,18.0,2.0,21.0,3.0,24.0,2.0,25.0,3.0,26.0,2.0,25.0,2.0,23.0,1.0,20.0,0.0,16.0,0.0
2.7925,122.0,-96.0,7.0,0.0,0.0,0.0,0.0,0.0,0.0,0.0,0.0,0.0,13.0,9.0,13.0,9.0,13.0,10.0,13.0,10.0,12.0,11.0,12.0,11.0,12.0,11.0,12.0,11.0,11.0,11.0,11.0,12.0,11.0,12.0,10.0,12.0,10.0,12.0,10.0,12.0,9.0,12.0,9.0,12.0,10.0,11.0,9.0,11.0,9.0,11.0,9.0,11.0,9.0,10.0,9.0,10.0,8.0,10.0,9.0,10.0,9.0,9.0,9.0,9.0
2.8067,122.0,-96.0,7.0,0.0,0.0,0.0,0.0,0.0,0.0,0.0,0.0,0.0,9.0,-26.0,7.0,-22.0,6.0,-18.0,5.0,-12.0,3.0,-6.0,2.0,0.0,1.0,7.0,0.0,14.0,-1.0,20.0,0.0,26.0,-1.0,30.0,0.0,33.0,0.0,35.0,0.0,37.0,1.0,35.0,1.0,33.0,1.0,29.0,1.0,25.0,0.0,19.0,0.0,13.0,-2.0,6.0,-4.0,-1.0,-6.0,-8.0,-8.0,-15.0,-11.0,-19.0,-13.0,-23.0
2.8205,122.0,-96.0,7.0,0.0,0.0,0.0,0.0,0.0,0.0,0.0,0.0,0.0,14.0,4.0,18.0,6.0,21.0,7.0,23.0,9.0,25.0,9.0,26.0,10.0,26.0,10.0,24.0,9.0,22.0,9.0,18.0,7.0,14.0,6.0,9.0,4.0,4.0,3.0,-2.0,1.0,-7.0,1.0,-12.0,-1.0,-18.0,-2.0,-22.0,-1.0,-26.0,-2.0,-28.0,-2.0,-30.0,-1.0,-30.0,-1.0,-29.0,-1.0,-26.0,0.0,-23.0,0.0,-19.0,1.0
2.8348,122.0,-96.0,7.0,0.0,0.0,0.0,0.0,0.0,0.0,0.0,0.0,0.0,-7.0,14.0,-7.0,15.0,-7.0,14.0,-8.0,14.0,-8.0,14.0,-9.0,14.0,-9.0,14.0,-9.0,13.0,-9.0,13.0,-10.0,13.0,-10.0,13.0,-10.0,13.0,-10.0,12.0,-10.0,12.0,-10.0,12.0,-10.0,11.0,-10.0,12.0,-10.0,11.0,-10.0,11.0,-9.0,11.0,-9.0,11.0,-9.0,11.0,-8.0,11.0,-8.0,11.0,-8.0,11.0,-7.0,11.0
2.8482,122.0,-96.0,7.0,0.0,0.0,0.0,0.0,0.0,0.0,0.0,0.0,0.0,6.0,14.0,7.0,17.0,8.0,21.0,8.0,23.0,10.0,25.0,10.0,26.0,10.0,26.0,9.0,24.0,8.0,22.0,7.0,19.0,5.0,15.0,3.0,10.0,0.0,5.0,-2.0,0.0,-6.0,-5.0,-8.0,-9.0,-11.0,-14.0,-15.0,-17.0,-17.0,-19.0,-19.0,-22.0,-20.0,-22.0,-21.0,-22.0,-20.0,-21.0,-19.0,-19.0,-17.0,-16.0,-14.0,-13.0
2.8631,122.0,-96.0,7.0,0.0,0.0,0.0,0.0,0.0,0.0,0.0,0.0,0.0,5.0,28.0,5.0,28.0,4.0,30.0,4.0,27.0,3.0,25.0,3.0,21.0,2.0,17.0,1.0,11.0,-1.0,6.0,-3.0,0.0,-5.0,-6.0,-7.0,-11.0,-9.0,-16.0,-10.0,-22.0,-12.0,-26.0,-14.0,-29.0,-15.0,-29.0,-15.0,-31.0,-15.0,-28.0,-15.0,-27.0,-14.0,-23.0,-12.0,-20.0,-9.0,-16.0,-5.0,-11.0,-2.0,-6.0,2.0,-1.0
2.8768,122.0,-96.0,7.0,0.0,0.0,0.0,0.0,0.0,0.0,0.0,0.0,0.0,2.0,4.0,-2.0,1.0,-6.0,-3.0,-10.0,-5.0,-15.0,-8.0,-18.0,-11.0,-21.0,-12.0,-23.0,-14.0,-25.0,-15.0,-26.0,-15.0,-25.0,-14.0,-24.0,-14.0,-22.0,-13.0,-18.0,-11.0,-14.0,-9.0,-10.0,-6.0,-4.0,-4.0,0.0,-2.0,6.0,-1.0,12.0,1.0,17.0,2.0,20.0,1.0,25.0,2.0,26.0,2.0,27.0,1.0,28.0,1.0
2.8908,122.0,-96.0,7.0,0.0,0.0,0.0,0.0,0.0,0.0,0.0,0.0,0.0,-15.0,7.0,-16.0,7.0,-16.0,7.0,-16.0,7.0,-16.0,6.0,-17.0,5.0,-16.0,5.0,-16.0,4.0,-16.0,4.0,-17.0,4.0,-16.0,4.0,-16.0,4.0,-16.0,3.0,-16.0,3.0,-16.0,3.0,-15.0,3.0,-15.0,3.0,-15.0,3.0,-15.0,3.0,-15.0,3.0,-14.0,3.0,-14.0,3.0,-14.0,3.0,-14.0,3.0,-14.0,3.0,-13.0,4.0
2.9073,122.0,-96.0,7.0,0.0,0.0,0.0,0.0,0.0,0.0,0.0,0.0,0.0,-14.0,-13.0,-14.0,-13.0,-14.0,-13.0,-14.0,-14.0,-13.0,-14.0,-13.0,-15.0,-12.0,-15.0,-12.0,-16.0,-11.0,-16.0,-11.0,-16.0,-11.0,-16.0,-10.0,-16.0,-10.0,-16.0,-10.0,-16.0,-10.0,-16.0,-9.0,-15.0,-9.0,-15.0,-9.0,-15.0,-9.0,-15.0,-9.0,-15.0,-8.0,-14.0,-9.0,-14.0,-9.0,-14.0,-9.0,-14.0,-9.0,-13.0,-9.0,-13.0
2.9214,122.0,-96.0,7.0,0.0,0.0,0.0,0.0,0.0,0.0,0.0,0.0,0.0,16.0,-1.0,16.0,-1.0,16.0,0.0,16.0,0.0,16.0,1.0,16.0,1.0,16.0,1.0,16.0,2.0,16.0,2.0,16.0,3.0,16.0,3.0,15.0,3.0,15.0,3.0,15.0,3.0,14.0,3.0,14.0,3.0,14.0,4.0,14.0,3.0,14.0,3.0,13.0,3.0,13.0,3.0,13.0,2.0,13.0,3.0,13.0,3.0,13.0,2.0,12.0,2.0
2.9346,122.0,-96.0,7.0,0.0,0.0,0.0,0.0,0.0,0.0,0.0,0.0,0.0,-2.0,2.0,-4.0,-3.0,-5.0,-8.0,-6.0,-12.0,-8.0,-17.0,-10.0,-21.0,-11.0,-23.0,-12.0,-26.0,-13.0,-26.0,-13.0,-27.0,-13.0,-25.0,-12.0,-23.0,-11.0,-21.0,-9.0,-17.0,-6.0,-13.0,-4.0,-8.0,0.0,-3.0,3.0,0.0,7.0,5.0,10.0,8.0,14.0,11.0,17.0,13.0,20.0,16.0,21.0,16.0,22.0,16.0,23.0,16.0
2.9509,122.0,-96.0,7.0,0.0,0.0,0.0,0.0,0.0,0.0,0.0,0.0,0.0,-2.0,4.0,-3.0,0.0,-4.0,-6.0,-5.0,-10.0,-6.0,-16.0,-7.0,-20.0,-8.0,-23.0,-9.0,-26.0,-10.0,-27.0,-10.0,-28.0,-11.0,-27.0,-10.0,-26.0,-9.0,-24.0,-8.0,-19.0,-6.0,-16.0,-5.0,-11.0,-2.0,-6.0,2.0,-1.0,5.0,4.0,9.0,8.0,12.0,11.0,15.0,13.0,18.0,17.0,20.0,17.0,21.0,18.0,21.0,18.0
2.9626,122.0,-96.0,7.0,0.0,0.0,0.0,0.0,0.0,0.0,0.0,0.0,0.0,22.0,3.0,23.0,4.0,23.0,4.0,22.0,4.0,20.0,3.0,17.0,3.0,14.0,3.0,9.0,2.0,4.0,2.0,-1.0,1.0,-5.0,1.0,-10.0,1.0,-15.0,2.0,-19.0,1.0,-23.0,1.0,-26.0,2.0,-27.0,2.0,-27.0,2.0,-26.0,3.0,-24.0,3.0,-21.0,3.0,-18.0,2.0,-14.0,1.0,-10.0,0.0,-5.0,-1.0,0.0,-3.0
2.976,122.0,-96.0,7.0,0.0,0.0,0.0,0.0,0.0,0.0,0.0,0.0,0.0,-12.0,11.0,-13.0,11.0,-13.0,11.0,-13.0,11.0,-13.0,10.0,-14.0,10.0,-14.0,9.0,-14.0,9.0,-14.0,8.0,-14.0,8.0,-14.0,8.0,-14.0,8.0,-14.0,8.0,-14.0,7.0,-14.0,7.0,-14.0,7.0,-13.0,7.0,-13.0,6.0,-14.0,7.0,-13.0,6.0,-13.0,7.0,-12.0,6.0,-12.0,6.0,-12.0,7.0,-12.0,7.0,-12.0,7.0
2.9917,122.0,-96.0,7.0,0.0,0.0,0.0,0.0,0.0,0.0,0.0,0.0,0.0,8.0,-17.0,8.0,-17.0,8.0,-16.0,9.0,-17.0,10.0,-16.0,11.0,-17.0,11.0,-15.0,11.0,-15.0,11.0,-14.0,11.0,-14.0,11.0,-15.0,11.0,-14.0,11.0,-14.0,12.0,-14.0,12.0,-13.0,11.0,-13.0,12.0,-13.0,11.0,-12.0,11.0,-12.0,11.0,-12.0,11.0,-12.0,10.0,-12.0,10.0,-11.0,10.0,-12.0,9.0,-12.0,9.0,-13.0
3.005,122.0,-96.0,7.0,0.0,0.0,0.0,0.0,0.0,0.0,0.0,0.0,0.0,13.0,20.0,14.0,23.0,14.0,23.0,14.0,22.0,12.0,20.0,11.0,18.0,9.0,15.0,6.0,11.0,3.0,7.0,0.0,3.0,-4.0,-1.0,-8.0,-5.0,-11.0,-9.0,-15.0,-13.0,-18.0,-17.0,-20.0,-19.0,-22.0,-19.0,-23.0,-20.0,-23.0,-19.0,-22.0,-18.0,-20.0,-16.0,-18.0,-14.0,-14.0,-11.0,-10.0,-8.0,-5.0,-5.0,0.0,-3.0
3.0216,122.0,-96.0,7.0,0.0,0.0,0.0,0.0,0.0,0.0,0.0,0.0,0.0,-2.0,5.0,-4.0,0.0,-4.0,-6.0,-5.0,-12.0,-6.0,-17.0,-8.0,-22.0,-9.0,-25.0,-10.0,-29.0,-11.0,-30.0,-11.0,-31.0,-12.0,-30.0,-11.0,-29.0,-10.0,-26.0,-9.0,-22.0,-7.0,-17.0,-5.0,-12.0,-1.0,-6.0,2.0,-2.0,5.0,4.0,9.0,9.0,13.0,13.0,16.0,15.0,20.0,19.0,21.0,19.0,23.0,20.0,24.0,20.0
3.0332,122.0,-96.0,7.0,0.0,0.0,0.0,0.0,0.0,0.0,0.0,0.0,0.0,9.0,-23.0,7.0,-20.0,6.0,-16.0,4.0,-11.0,3.0,-5.0,2.0,1.0,1.0,6.0,-1.0,12.0,-2.0,18.0,-2.0,22.0,-3.0,27.0,-2.0,29.0,-1.0,31.0,-2.0,33.0,-1.0,32.0,-1.0,29.0,0.0,27.0,-1.0,22.0,-1.0,17.0,-1.0,12.0,-2.0,5.0,-3.0,-1.0,-5.0,-7.0,-6.0,-13.0,-8.0,-18.0,-11.0,-21.0
3.0479,122.0,-96.0,7.0,0.0,0.0,0.0,0.0,0.0,0.0,0.0,0.0,0.0,5.0,7.0,0.0,4.0,-4.0,0.0,-9.0,-4.0,-14.0,-7.0,-19.0,-10.0,-22.0,-12.0,-25.0,-15.0,-27.0,-15.0,-29.0,-16.0,-29.0,-15.0,-28.0,-15.0,-27.0,-14.0,-23.0,-11.0,-19.0,-10.0,-14.0,-7.0,-8.0,-5.0,-2.0,-3.0,5.0,-2.0,11.0,-1.0,17.0,0.0,21.0,-1.0,26.0,0.0,28.0,-1.0,30.0,-1.0,31.0,-2.0
3.0613,122.0,-96.0,7.0,0.0,0.0,0.0,0.0,0.0,0.0,0.0,0.0,0.0,-4.0,-23.0,-4.0,-25.0,-4.0,-24.0,-4.0,-23.0,-4.0,-21.0,-3.0,-19.0,-2.0,-15.0,-2.0,-10.0,0.0,-6.0,1.0,-1.0,3.0,3.0,5.0,8.0,7.0,12.0,8.0,17.0,9.0,20.0,11.0,22.0,12.0,23.0,12.0,23.0,12.0,22.0,12.0,21.0,11.0,17.0,9.0,15.0,6.0,11.0,4.0,8.0,1.0,4.0,-3.0,0.0
3.0753,122.0,-96.0,7.0,0.0,0.0,0.0,0.0,0.0,0.0,0.0,0.0,0.0,-15.0,-3.0,-20.0,-4.0,-23.0,-5.0,-25.0,-6.0,-27.0,-7.0,-28.0,-7.0,-28.0,-7.0,-26.0,-6.0,-24.0,-6.0,-20.0,-5.0,-16.0,-4.0,-11.0,-3.0,-6.0,-3.0,0.0,-2.0,6.0,-2.0,11.0,-2.0,17.0,-2.0,20.0,-3.0,24.0,-3.0,27.0,-4.0,29.0,-4.0,29.0,-5.0,28.0,-5.0,25.0,-5.0,21.0,-5.0,18.0,-4.0
3.0885,122.0,-96.0,7.0,0.0,0.0,0.0,0.0,0.0,0.0,0.0,0.0,0.0,-22.0,5.0,-23.0,5.0,-23.0,4.0,-23.0,5.0,-23.0,3.0,-24.0,2.0,-23.0,2.0,-23.0,1.0,-23.0,1.0,-23.0,0.0,-23.0,0.0,-23.0,0.0,-22.0,-1.0,-22.0,-1.0,-22.0,-1.0,-21.0,-1.0,-21.0,-1.0,-21.0,-1.0,-21.0,-1.0,-20.0,-1.0,-20.0,-1.0,-19.0,0.0,-19.0,-1.0,-19.0,0.0,-19.0,0.0,-18.0,1.0
3.1031,122.0,-96.0,7.0,0.0,0.0,0.0,0.0,0.0,0.0,0.0,0.0,0.0,4.0,13.0,5.0,16.0,5.0,19.0,6.0,21.0,6.0,23.0,6.0,24.0,6.0,24.0,6.0,23.0,5.0,21.0,5.0,17.0,3.0,13.0,2.0,9.0,0.0,5.0,-2.0,0.0,-5.0,-5.0,-7.0,-9.0,-9.0,-13.0,-11.0,-16.0,-13.0,-19.0,-15.0,-21.0,-16.0,-22.0,-16.0,-22.0,-16.0,-21.0,-15.0,-18.0,-14.0,-16.0,-11.0,-14.0
3.1161,122.0,-96.0,7.0,0.0,0.0,0.0,0.0,0.0,0.0,0.0,0.0,0.0,-8.0,16.0,-9.0,16.0,-9.0,16.0,-9.0,16.0,-10.0,16.0,-10.0,16.0,-10.0,16.0,-11.0,16.0,-11.0,16.0,-11.0,16.0,-11.0,16.0,-11.0,16.0,-11.0,16.0,-12.0,16.0,-12.0,16.0,-12.0,16.0,-12.0,16.0,-13.0,16.0,-13.0,16.0,-13.0,15.0,-13.0,16.0,-13.0,15.0,-13.0,15.0,-12.0,15.0,-12.0,15.0,-12.0,15.0
3.1317,122.0,-96.0,7.0,0.0,0.0,0.0,0.0,0.0,0.0,0.0,0.0,0.0,-20.0,-3.0,-20.0,-3.0,-20.0,-3.0,-20.0,-4.0,-20.0,-5.0,-20.0,-6.0,-19.0,-5.0,-20.0,-6.0,-19.0,-6.0,-19.0,-7.0,-19.0,-7.0,-19.0,-7.0,-18.0,-8.0,-19.0,-7.0,-18.0,-7.0,-17.0,-7.0,-18.0,-7.0,-17.0,-7.0,-17.0,-7.0,-16.0,-7.0,-16.0,-7.0,-16.0,-6.0,-16.0,-6.0,-16.0,-7.0,-16.0,-6.0,-16.0,-5.0
3.148,122.0,-96.0,7.0,0.0,0.0,0.0,0.0,0.0,0.0,0.0,0.0,0.0,-10.0,-14.0,-10.0,-14.0,-9.0,-15.0,-9.0,-15.0,-8.0,-15.0,-8.0,-15.0,-8.0,-15.0,-7.0,-15.0,-7.0,-15.0,-7.0,-16.0,-7.0,-16.0,-6.0,-15.0,-6.0,-15.0,-6.0,-15.0,-5.0,-15.0,-6.0,-15.0,-6.0,-14.0,-5.0,-14.0,-5.0,-15.0,-5.0,-14.0,-5.0,-14.0,-5.0,-13.0,-5.0,-14.0,-6.0,-13.0,-6.0,-13.0,-6.0,-13.0
3.1646,122.0,-96.0,7.0,0.0,0.0,0.0,0.0,0.0,0.0,0.0,0.0,0.0,-8.0,-15.0,-7.0,-15.0,-7.0,-16.0,-7.0,-16.0,-6.0,-16.0,-6.0,-16.0,-6.0,-16.0,-5.0,-17.0,-5.0,-16.0,-4.0,-17.0,-4.0,-17.0,-4.0,-16.0,-4.0,-16.0,-3.0,-16.0,-3.0,-16.0,-3.0,-16.0,-2.0,-15.0,-3.0,-15.0,-3.0,-15.0,-3.0,-15.0,-3.0,-15.0,-3.0,-14.0,-3.0,-14.0,-3.0,-14.0,-3.0,-14.0,-4.0,-13.0
3.1771,122.0,-96.0,7.0,0.0,0.0,0.0,0.0,0.0,0.0,0.0,0.0,0.0,-24.0,1.0,-25.0,1.0,-24.0,1.0,-24.0,1.0,-21.0,1.0,-19.0,0.0,-15.0,0.0,-10.0,-1.0,-6.0,-2.0,-1.0,-3.0,3.0,-4.0,8.0,-5.0,12.0,-7.0,17.0,-8.0,21.0,-9.0,23.0,-9.0,24.0,-10.0,24.0,-11.0,24.0,-11.0,22.0,-10.0,18.0,-10.0,16.0,-8.0,12.0,-6.0,9.0,-4.0,4.0,-2.0,0.0,2.0
3.1898,122.0,-96.0,7.0,0.0,0.0,0.0,0.0,0.0,0.0,0.0,0.0,0.0,18.0,-4.0,26.0,-3.0,30.0,-3.0,35.0,-3.0,39.0,-4.0,42.0,-4.0,41.0,-4.0,40.0,-4.0,37.0,-4.0,32.0,-4.0,27.0,-3.0,20.0,-2.0,12.0,0.0,4.0,2.0,-4.0,5.0,-12.0,7.0,-20.0,10.0,-26.0,13.0,-31.0,16.0,-34.0,18.0,-38.0,20.0,-37.0,21.0,-36.0,21.0,-34.0,21.0,-29.0,19.0,-25.0,17.0
3.2049,122.0,-96.0,7.0,0.0,0.0,0.0,0.0,0.0,0.0,0.0,0.0,0.0,-1.0,2.0,-5.0,-1.0,-8.0,-5.0,-11.0,-8.0,-15.0,-11.0,-18.0,-14.0,-21.0,-16.0,-23.0,-17.0,-24.0,-17.0,-24.0,-17.0,-23.0,-16.0,-22.0,-15.0,-20.0,-14.0,-16.0,-11.0,-12.0,-9.0,-8.0,-6.0,-2.0,-3.0,3.0,-2.0,8.0,0.0,13.0,1.0,19.0,2.0,21.0,2.0,26.0,3.0,27.0,2.0,28.0,2.0,28.0,1.0
3.2181,122.0,-96.0,7.0,0.0,0.0,0.0,0.0,0.0,0.0,0.0,0.0,0.0,-5.0,5.0,-4.0,-2.0,-1.0,-8.0,0.0,-14.0,1.0,-20.0,2.0,-26.0,2.0,-30.0,3.0,-34.0,2.0,-36.0,3.0,-37.0,2.0,-36.0,2.0,-35.0,1.0,-32.0,0.0,-27.0,1.0,-21.0,0.0,-15.0,1.0,-7.0,3.0,-1.0,4.0,7.0,6.0,13.0,9.0,19.0,11.0,23.0,13.0,28.0,15.0,29.0,16.0,31.0,18.0,31.0
3.2314,122.0,-96.0,7.0,0.0,0.0,0.0,0.0,0.0,0.0,0.0,0.0,0.0,-3.0,15.0,-4.0,19.0,-4.0,21.0,-5.0,23.0,-4.0,24.0,-5.0,24.0,-5.0,24.0,-4.0,22.0,-4.0,20.0,-3.0,16.0,-3.0,12.0,-2.0,7.0,-3.0,2.0,-2.0,-3.0,-3.0,-8.0,-3.0,-13.0,-4.0,-17.0,-5.0,-21.0,-6.0,-23.0,-6.0,-25.0,-7.0,-26.0,-8.0,-26.0,-8.0,-25.0,-8.0,-22.0,-7.0,-19.0,-6.0,-15.0
3.2473,122.0,-96.0,7.0,0.0,0.0,0.0,0.0,0.0,0.0,0.0,0.0,0.0,-17.0,-16.0,-17.0,-16.0,-16.0,-16.0,-16.0,-18.0,-16.0,-17.0,-15.0,-18.0,-14.0,-18.0,-14.0,-19.0,-14.0,-19.0,-13.0,-19.0,-13.0,-19.0,-12.0,-19.0,-12.0,-19.0,-12.0,-19.0,-11.0,-19.0,-11.0,-18.0,-11.0,-18.0,-11.0,-18.0,-10.0,-18.0,-10.0,-17.0,-10.0,-17.0,-10.0,-17.0,-10.0,-17.0,-11.0,-16.0,-11.0,-16.0,-11.0,-15.0
3.2609,122.0,-96.0,7.0,0.0,0.0,0.0,0.0,0.0,0.0,0.0,0.0,0.0,-13.0,-19.0,-11.0,-16.0,-9.0,-13.0,-6.0,-10.0,-3.0,-6.0,1.0,-2.0,5.0,1.0,9.0,5.0,13.0,9.0,17.0,11.0,19.0,14.0,22.0,15.0,23.0,15.0,24.0,16.0,24.0,15.0,23.0,13.0,21.0,12.0,17.0,10.0,13.0,8.0,9.0,6.0,3.0,4.0,-2.0,2.0,-8.0,0.0,-13.0,-2.0,-17.0,-2.0,-21.0,-1.0
3.2737,122.0,-96.0,7.0,0.0,0.0,0.0,0.0,0.0,0.0,0.0,0.0,0.0,15.0,4.0,16.0,4.0,15.0,4.0,15.0,5.0,15.0,5.0,15.0,6.0,14.0,6.0,15.0,6.0,14.0,6.0,14.0,7.0,14.0,7.0,13.0,7.0,14.0,7.0,14.0,8.0,13.0,8.0,12.0,7.0,13.0,8.0,12.0,7.0,12.0,7.0,12.0,7.0,12.0,7.0,12.0,7.0,11.0,6.0,11.0,6.0,11.0,6.0,12.0,6.0
3.2862,122.0,-96.0,7.0,0.0,0.0,0.0,0.0,0.0,0.0,0.0,0.0,0.0,0.0,-16.0,0.0,-20.0,1.0,-23.0,1.0,-26.0,1.0,-28.0,2.0,-29.0,2.0,-28.0,2.0,-27.0,2.0,-25.0,1.0,-21.0,1.0,-17.0,1.0,-11.0,1.0,-6.0,1.0,0.0,2.0,5.0,3.0,11.0,4.0,16.0,5.0,20.0,6.0,24.0,7.0,26.0,8.0,28.0,8.0,28.0,8.0,27.0,8.0,24.0,8.0,21.0,6.0,17.0
3.2985,122.0,-96.0,7.0,0.0,0.0,0.0,0.0,0.0,0.0,0.0,0.0,0.0,14.0,-5.0,19.0,-6.0,21.0,-6.0,24.0,-6.0,26.0,-7.0,27.0,-7.0,27.0,-7.0,26.0,-6.0,24.0,-5.0,20.0,-5.0,15.0,-4.0,11.0,-3.0,5.0,0.0,0.0,2.0,-5.0,4.0,-10.0,6.0,-15.0,9.0,-19.0,11.0,-22.0,13.0,-24.0,14.0,-25.0,16.0,-25.0,16.0,-24.0,16.0,-21.0,15.0,-18.0,14.0,-15.0,11.0
3.3126,122.0,-96.0,7.0,0.0,0.0,0.0,0.0,0.0,0.0,0.0,0.0,0.0,-22.0,5.0,-22.0,4.0,-23.0,4.0,-24.0,4.0,-23.0,2.0,-23.0,2.0,-23.0,2.0,-23.0,2.0,-23.0,1.0,-23.0,1.0,-21.0,0.0,-22.0,0.0,-21.0,-2.0,-20.0,2.0,-23.0,-4.0,-23.0,-1.0,-23.0,-1.0,-20.0,-2.0,-21.0,-1.0,-20.0,0.0,-20.0,-1.0,-19.0,0.0,-19.0,0.0,-19.0,0.0,-19.0,1.0,-19.0,1.0
3.3257,122.0,-96.0,7.0,0.0,0.0,0.0,0.0,0.0,0.0,0.0,0.0,0.0,5.0,17.0,5.0,18.0,4.0,17.0,4.0,18.0,3.0,18.0,3.0,19.0,2.0,18.0,2.0,18.0,2.0,18.0,1.0,18.0,1.0,18.0,1.0,18.0,0.0,17.0,0.0,18.0,0.0,17.0,0.0,17.0,0.0,16.0,0.0,16.0,0.0,16.0,0.0,16.0,0.0,16.0,1.0,15.0,0.0,15.0,0.0,15.0,0.0,15.0,1.0,15.0
3.3385,122.0,-96.0,7.0,0.0,0.0,0.0,0.0,0.0,0.0,0.0,0.0,0.0,7.0,8.0,9.0,11.0,11.0,14.0,12.0,17.0,14.0,18.0,15.0,20.0,15.0,20.0,14.0,20.0,14.0,18.0,12.0,16.0,10.0,13.0,7.0,9.0,3.0,6.0,0.0,2.0,-4.0,0.0,-8.0,-4.0,-12.0,-7.0,-16.0,-9.0,-19.0,-12.0,-21.0,-13.0,-23.0,-14.0,-24.0,-13.0,-24.0,-13.0,-22.0,-11.0,-20.0,-10.0,-17.0,-8.0
3.3512,122.0,-96.0,7.0,0.0,0.0,0.0,0.0,0.0,0.0,0.0,0.0,0.0,-24.0,-1.0,-22.0,0.0,-19.0,-1.0,-15.0,-1.0,-10.0,-2.0,-4.0,-2.0,1.0,-3.0,8.0,-5.0,13.0,-6.0,17.0,-8.0,21.0,-8.0,23.0,-10.0,25.0,-12.0,27.0,-12.0,26.0,-12.0,26.0,-11.0,24.0,-10.0,21.0,-9.0,17.0,-8.0,12.0,-6.0,6.0,-2.0,2.0,1.0,-3.0,5.0,-7.0,8.0,-10.0,12.0,-12.0,16.0
3.3646,122.0,-96.0,7.0,0.0,0.0,0.0,0.0,0.0,0.0,0.0,0.0,0.0,22.0,2.0,22.0,2.0,22.0,2.0,21.0,3.0,23.0,4.0,22.0,4.0,22.0,5.0,21.0,5.0,21.0,5.0,21.0,6.0,21.0,6.0,20.0,6.0,20.0,6.0,20.0,6.0,19.0,6.0,19.0,6.0,19.0,6.0,19.0,6.0,18.0,6.0,19.0,6.0,18.0,5.0,17.0,5.0,18.0,5.0,17.0,5.0,17.0,4.0,17.0,4.0
3.3776,122.0,-96.0,7.0,0.0,0.0,0.0,0.0,0.0,0.0,0.0,0.0,0.0,-22.0,-9.0,-23.0,-10.0,-23.0,-10.0,-21.0,-10.0,-20.0,-9.0,-17.0,-8.0,-14.0,-7.0,-9.0,-5.0,-5.0,-4.0,0.0,-3.0,5.0,-2.0,9.0,-1.0,14.0,0.0,18.0,1.0,22.0,2.0,24.0,2.0,26.0,2.0,26.0,1.0,25.0,1.0,24.0,0.0,21.0,-1.0,17.0,0.0,13.0,0.0,9.0,0.0,4.0,1.0,-1.0,2.0
3.3905,122.0,-96.0,7.0,0.0,0.0,0.0,0.0,0.0,0.0,0.0,0.0,0.0,10.0,3.0,14.0,5.0,17.0,6.0,20.0,8.0,21.0,8.0,23.0,9.0,23.0,9.0,23.0,9.0,21.0,9.0,18.0,7.0,15.0,6.0,11.0,5.0,6.0,3.0,1.0,2.0,-4.0,1.0,-9.0,0.0,-14.0,-1.0,-18.0,-1.0,-22.0,-1.0,-24.0,-1.0,-26.0,-1.0,-27.0,-1.0,-26.0,0.0,-24.0,1.0,-22.0,1.0,-19.0,1.0
3.4023,122.0,-96.0,7.0,0.0,0.0,0.0,0.0,0.0,0.0,0.0,0.0,0.0,21.0,5.0,22.0,5.0,22.0,6.0,21.0,6.0,22.0,7.0,21.0,8.0,21.0,8.0,20.0,9.0,20.0,9.0,20.0,10.0,20.0,10.0,19.0,9.0,19.0,10.0,19.0,10.0,18.0,10.0,18.0,9.0,18.0,10.0,17.0,10.0,17.0,9.0,17.0,9.0,16.0,9.0,16.0,8.0,16.0,8.0,16.0,8.0,16.0,8.0,16.0,7.0
3.4168,122.0,-96.0,7.0,0.0,0.0,0.0,0.0,0.0,0.0,0.0,0.0,0.0,-1.0,4.0,-6.0,0.0,-10.0,-4.0,-16.0,-8.0,-21.0,-11.0,-26.0,-14.0,-29.0,-15.0,-32.0,-17.0,-33.0,-16.0,-33.0,-16.0,-32.0,-15.0,-31.0,-14.0,-27.0,-13.0,-23.0,-10.0,-17.0,-8.0,-11.0,-5.0,-3.0,-4.0,3.0,-3.0,11.0,-2.0,17.0,-2.0,23.0,-2.0,27.0,-3.0,32.0,-3.0,34.0,-5.0,35.0,-6.0,35.0,-6.0
3.4304,122.0,-96.0,7.0,0.0,0.0,0.0,0.0,0.0,0.0,0.0,0.0,0.0,13.0,12.0,13.0,13.0,13.0,13.0,13.0,13.0,12.0,13.0,12.0,14.0,11.0,14.0,11.0,15.0,11.0,15.0,10.0,15.0,10.0,15.0,10.0,15.0,9.0,15.0,9.0,15.0,9.0,15.0,8.0,14.0,8.0,14.0,8.0,14.0,8.0,14.0,8.0,13.0,8.0,13.0,8.0,13.0,8.0,13.0,8.0,13.0,8.0,12.0,8.0,12.0
3.4433,122.0,-96.0,7.0,0.0,0.0,0.0,0.0,0.0,0.0,0.0,0.0,0.0,8.0,-16.0,10.0,-19.0,11.0,-22.0,13.0,-23.0,13.0,-25.0,14.0,-25.0,13.0,-24.0,12.0,-23.0,12.0,-20.0,9.0,-16.0,7.0,-12.0,5.0,-8.0,3.0,-2.0,0.0,3.0,-1.0,9.0,-3.0,14.0,-4.0,19.0,-4.0,23.0,-4.0,26.0,-5.0,28.0,-4.0,29.0,-4.0,29.0,-3.0,28.0,-2.0,25.0,-2.0,21.0,-1.0,17.0
3.4571,122.0,-96.0,7.0,0.0,0.0,0.0,0.0,0.0,0.0,0.0,0.0,0.0,-4.0,-5.0,1.0,-4.0,6.0,-1.0,10.0,2.0,14.0,4.0,19.0,5.0,23.0,5.0,26.0,6.0,27.0,6.0,28.0,7.0,27.0,6.0,26.0,6.0,25.0,5.0,19.0,4.0,16.0,4.0,10.0,2.0,5.0,1.0,-1.0,1.0,-7.0,3.0,-12.0,3.0,-17.0,4.0,-20.0,6.0,-26.0,6.0,-27.0,7.0,-27.0,8.0,-27.0,9.0
3.4705,122.0,-96.0,7.0,0.0,0.0,0.0,0.0,0.0,0.0,0.0,0.0,0.0,12.0,19.0,12.0,21.0,11.0,20.0,11.0,18.0,9.0,16.0,8.0,14.0,5.0,11.0,2.0,6.0,0.0,3.0,-4.0,-1.0,-7.0,-4.0,-10.0,-7.0,-14.0,-10.0,-17.0,-14.0,-19.0,-16.0,-20.0,-17.0,-22.0,-17.0,-22.0,-17.0,-21.0,-16.0,-19.0,-14.0,-17.0,-12.0,-14.0,-10.0,-11.0,-8.0,-6.0,-6.0,-2.0,-4.0,3.0,-2.0
3.4837,122.0,-96.0,7.0,0.0,0.0,0.0,0.0,0.0,0.0,0.0,0.0,0.0,9.0,-22.0,10.0,-22.0,10.0,-22.0,10.0,-21.0,9.0,-20.0,8.0,-17.0,7.0,-13.0,4.0,-9.0,3.0,-5.0,2.0,0.0,1.0,5.0,-1.0,9.0,-2.0,14.0,-3.0,18.0,-4.0,22.0,-4.0,25.0,-4.0,26.0,-4.0,27.0,-3.0,26.0,-2.0,24.0,-1.0,21.0,-2.0,18.0,-2.0,14.0,-2.0,9.0,-2.0,4.0,-3.0,-1.0
3.4975,122.0,-96.0,7.0,0.0,0.0,0.0,0.0,0.0,0.0,0.0,0.0,0.0,15.0,5.0,15.0,6.0,15.0,6.0,15.0,7.0,15.0,7.0,15.0,7.0,14.0,7.0,14.0,8.0,13.0,8.0,13.0,8.0,13.0,8.0,13.0,8.0,13.0,8.0,13.0,8.0,12.0,9.0,12.0,8.0,13.0,9.0,12.0,8.0,12.0,8.0,12.0,8.0,11.0,7.0,11.0,7.0,11.0,7.0,11.0,7.0,11.0,6.0,11.0,6.0
3.5112,122.0,-96.0,7.0,0.0,0.0,0.0,0.0,0.0,0.0,0.0,0.0,0.0,-22.0,7.0,-18.0,5.0,-14.0,4.0,-9.0,1.0,-4.0,-2.0,1.0,-5.0,6.0,-8.0,11.0,-11.0,16.0,-14.0,18.0,-17.0,22.0,-19.0,23.0,-21.0,23.0,-22.0,24.0,-23.0,22.0,-22.0,20.0,-20.0,18.0,-19.0,14.0,-15.0,11.0,-11.0,7.0,-7.0,4.0,-1.0,0.0,4.0,-3.0,9.0,-6.0,15.0,-7.0,19.0,-7.0,23.0
3.5255,122.0,-96.0,7.0,0.0,0.0,0.0,0.0,0.0,0.0,0.0,0.0,0.0,-10.0,-12.0,-13.0,-16.0,-14.0,-18.0,-16.0,-20.0,-17.0,-22.0,-18.0,-23.0,-17.0,-23.0,-17.0,-22.0,-15.0,-20.0,-13.0,-17.0,-10.0,-14.0,-7.0,-10.0,-3.0,-6.0,1.0,-1.0,6.0,2.0,10.0,5.0,14.0,9.0,18.0,11.0,21.0,13.0,23.0,14.0,25.0,15.0,25.0,15.0,24.0,13.0,23.0,11.0,20.0,9.0,16.0,8.0
3.5394,122.0,-96.0,7.0,0.0,0.0,0.0,0.0,0.0,0.0,0.0,0.0,0.0,-22.0,11.0,-19.0,10.0,-15.0,8.0,-11.0,5.0,-7.0,1.0,-2.0,-3.0,2.0,-6.0,7.0,-10.0,12.0,-14.0,14.0,-18.0,18.0,-21.0,19.0,-23.0,20.0,-25.0,22.0,-26.0,20.0,-26.0,18.0,-24.0,17.0,-22.0,14.0,-18.0,11.0,-14.0,8.0,-10.0,5.0,-4.0,2.0,1.0,-1.0,7.0,-4.0,14.0,-4.0,18.0,-5.0,23.0
3.5537,122.0,-96.0,7.0,0.0,0.0,0.0,0.0,0.0,0.0,0.0,0.0,0.0,-19.0,-19.0,-20.0,-20.0,-19.0,-20.0,-18.0,-18.0,-15.0,-16.0,-13.0,-13.0,-10.0,-11.0,-6.0,-7.0,-1.0,-4.0,3.0,-1.0,8.0,2.0,12.0,4.0,16.0,7.0,20.0,10.0,23.0,12.0,25.0,13.0,26.0,13.0,27.0,13.0,25.0,11.0,23.0,10.0,20.0,8.0,17.0,7.0,12.0,5.0,7.0,4.0,2.0,3.0,-4.0,2.0
3.5681,122.0,-96.0,7.0,0.0,0.0,0.0,0.0,0.0,0.0,0.0,0.0,0.0,-3.0,15.0,-4.0,19.0,-5.0,22.0,-6.0,25.0,-6.0,26.0,-6.0,28.0,-6.0,27.0,-6.0,26.0,-6.0,24.0,-4.0,20.0,-4.0,15.0,-3.0,11.0,-3.0,5.0,-2.0,-1.0,-3.0,-7.0,-3.0,-12.0,-3.0,-18.0,-4.0,-22.0,-5.0,-26.0,-5.0,-28.0,-6.0,-29.0,-6.0,-30.0,-7.0,-28.0,-7.0,-26.0,-7.0,-22.0,-6.0,-19.0
3.5836,122.0,-96.0,7.0,0.0,0.0,0.0,0.0,0.0,0.0,0.0,0.0,0.0,-10.0,15.0,-11.0,15.0,-11.0,15.0,-12.0,15.0,-12.0,15.0,-13.0,14.0,-12.0,14.0,-13.0,14.0,-13.0,13.0,-14.0,13.0,-14.0,13.0,-14.0,12.0,-14.0,12.0,-14.0,12.0,-14.0,11.0,-13.0,11.0,-13.0,12.0,-13.0,11.0,-13.0,11.0,-12.0,11.0,-12.0,10.0,-12.0,10.0,-12.0,10.0,-12.0,11.0,-11.0,11.0,-11.0,11.0
3.5972,122.0,-96.0,7.0,0.0,0.0,0.0,0.0,0.0,0.0,0.0,0.0,0.0,-17.0,-17.0,-18.0,-18.0,-17.0,-18.0,-16.0,-17.0,-15.0,-16.0,-13.0,-14.0,-10.0,-11.0,-8.0,-8.0,-3.0,-6.0,0.0,-2.0,5.0,1.0,9.0,3.0,13.0,6.0,17.0,9.0,19.0,11.0,22.0,12.0,23.0,12.0,24.0,12.0,23.0,11.0,22.0,10.0,19.0,8.0,16.0,7.0,12.0,6.0,8.0,4.0,3.0,3.0,-2.0,2.0
3.6113,122.0,-96.0,7.0,0.0,0.0,0.0,0.0,0.0,0.0,0.0,0.0,0.0,-23.0,1.0,-24.0,1.0,-23.0,0.0,-24.0,0.0,-24.0,-1.0,-24.0,-2.0,-23.0,-2.0,-23.0,-3.0,-23.0,-3.0,-23.0,-4.0,-23.0,-4.0,-22.0,-4.0,-22.0,-5.0,-22.0,-5.0,-21.0,-5.0,-21.0,-4.0,-21.0,-5.0,-21.0,-5.0,-20.0,-5.0,-20.0,-4.0,-20.0,-4.0,-19.0,-4.0,-19.0,-4.0,-19.0,-4.0,-19.0,-4.0,-19.0,-3.0
3.625,122.0,-96.0,7.0,0.0,0.0,0.0,0.0,0.0,0.0,0.0,0.0,0.0,17.0,-15.0,19.0,-15.0,19.0,-15.0,18.0,-15.0,17.0,-14.0,16.0,-13.0,13.0,-10.0,9.0,-8.0,7.0,-5.0,3.0,-1.0,0.0,3.0,-4.0,6.0,-7.0,10.0,-10.0,14.0,-13.0,17.0,-15.0,19.0,-15.0,21.0,-16.0,22.0,-15.0,22.0,-14.0,21.0,-12.0,19.0,-11.0,16.0,-9.0,13.0,-7.0,9.0,-5.0,4.0,-3.0,-1.0
3.6385,122.0,-96.0,7.0,0.0,0.0,0.0,0.0,0.0,0.0,0.0,0.0,0.0,-19.0,13.0,-20.0,14.0,-21.0,14.0,-20.0,13.0,-19.0,13.0,-17.0,11.0,-14.0,9.0,-10.0,6.0,-8.0,3.0,-4.0,0.0,-1.0,-4.0,3.0,-7.0,6.0,-11.0,10.0,-15.0,12.0,-18.0,14.0,-20.0,14.0,-22.0,15.0,-23.0,14.0,-23.0,13.0,-22.0,11.0,-20.0,9.0,-18.0,8.0,-14.0,6.0,-10.0,4.0,-5.0,2.0,-1.0
3.6526,122.0,-96.0,7.0,0.0,0.0,0.0,0.0,0.0,0.0,0.0,0.0,0.0,-10.0,13.0,-11.0,13.0,-11.0,12.0,-12.0,13.0,-11.0,12.0,-12.0,12.0,-12.0,11.0,-12.0,11.0,-13.0,11.0,-13.0,11.0,-13.0,11.0,-13.0,10.0,-13.0,10.0,-13.0,10.0,-13.0,10.0,-12.0,9.0,-13.0,10.0,-12.0,9.0,-12.0,9.0,-11.0,9.0,-11.0,9.0,-11.0,8.0,-11.0,8.0,-11.0,9.0,-11.0,9.0,-10.0,9.0
3.666,122.0,-96.0,7.0,0.0,0.0,0.0,0.0,0.0,0.0,0.0,0.0,0.0,3.0,-5.0,2.0,0.0,1.0,5.0,0.0,10.0,0.0,15.0,0.0,20.0,0.0,23.0,-1.0,27.0,0.0,28.0,0.0,29.0,1.0,28.0,1.0,27.0,0.0,25.0,1.0,20.0,0.0,16.0,0.0,11.0,-1.0,5.0,-3.0,0.0,-5.0,-6.0,-7.0,-11.0,-9.0,-16.0,-11.0,-19.0,-13.0,-23.0,-15.0,-24.0,-15.0,-25.0,-16.0,-25.0
3.6799,122.0,-96.0,7.0,0.0,0.0,0.0,0.0,0.0,0.0,0.0,0.0,0.0,-11.0,12.0,-12.0,12.0,-12.0,12.0,-13.0,12.0,-13.0,11.0,-13.0,11.0,-13.0,11.0,-13.0,10.0,-13.0,10.0,-14.0,9.0,-14.0,9.0,-14.0,9.0,-14.0,9.0,-14.0,9.0,-14.0,8.0,-14.0,8.0,-13.0,8.0,-13.0,8.0,-13.0,8.0,-12.0,8.0,-12.0,8.0,-12.0,8.0,-12.0,7.0,-12.0,8.0,-11.0,8.0,-11.0,8.0
3.6942,122.0,-96.0,7.0,0.0,0.0,0.0,0.0,0.0,0.0,0.0,0.0,0.0,9.0,24.0,9.0,25.0,8.0,25.0,8.0,24.0,8.0,22.0,6.0,18.0,4.0,15.0,3.0,10.0,0.0,6.0,-3.0,1.0,-5.0,-4.0,-8.0,-8.0,-11.0,-13.0,-14.0,-17.0,-16.0,-20.0,-18.0,-23.0,-20.0,-23.0,-20.0,-24.0,-20.0,-22.0,-19.0,-21.0,-17.0,-18.0,-15.0,-15.0,-11.0,-12.0,-7.0,-9.0,-3.0,-5.0,2.0,-2.0
3.7099,122.0,-96.0,7.0,0.0,0.0,0.0,0.0,0.0,0.0,0.0,0.0,0.0,14.0,-13.0,14.0,-13.0,14.0,-13.0,14.0,-12.0,15.0,-12.0,15.0,-11.0,15.0,-11.0,16.0,-11.0,16.0,-10.0,16.0,-10.0,16.0,-9.0,16.0,-9.0,16.0,-9.0,16.0,-8.0,16.0,-8.0,16.0,-8.0,15.0,-7.0,15.0,-7.0,15.0,-7.0,14.0,-7.0,14.0,-8.0,14.0,-8.0,14.0,-7.0,13.0,-7.0,13.0,-8.0,12.0,-8.0
3.7233,122.0,-96.0,7.0,0.0,0.0,0.0,0.0,0.0,0.0,0.0,0.0,0.0,2.0,-17.0,3.0,-17.0,3.0,-17.0,3.0,-17.0,4.0,-17.0,4.0,-17.0,5.0,-16.0,5.0,-16.0,5.0,-16.0,6.0,-16.0,5.0,-16.0,6.0,-16.0,5.0,-15.0,6.0,-15.0,6.0,-14.0,5.0,-15.0,6.0,-14.0,6.0,-15.0,5.0,-14.0,5.0,-14.0,5.0,-13.0,5.0,-14.0,5.0,-13.0,4.0,-13.0,4.0,-13.0,3.0,-13.0
3.7362,122.0,-96.0,7.0,0.0,0.0,0.0,0.0,0.0,0.0,0.0,0.0,0.0,-27.0,5.0,-24.0,5.0,-20.0,4.0,-15.0,2.0,-10.0,1.0,-4.0,-2.0,1.0,-4.0,7.0,-7.0,13.0,-9.0,17.0,-12.0,21.0,-14.0,24.0,-16.0,26.0,-18.0,28.0,-18.0,27.0,-19.0,25.0,-18.0,23.0,-17.0,20.0,-15.0,16.0,-12.0,12.0,-9.0,7.0,-4.0,3.0,0.0,-2.0,5.0,-6.0,10.0,-9.0,15.0,-10.0,19.0
3.7484,122.0,-96.0,7.0,0.0,0.0,0.0,0.0,0.0,0.0,0.0,0.0,0.0,9.0,14.0,9.0,15.0,8.0,14.0,8.0,16.0,8.0,15.0,7.0,16.0,7.0,15.0,7.0,15.0,6.0,16.0,6.0,16.0,5.0,16.0,5.0,16.0,5.0,15.0,4.0,15.0,4.0,16.0,4.0,15.0,4.0,15.0,3.0,14.0,4.0,15.0,4.0,14.0,4.0,14.0,4.0,13.0,3.0,13.0,4.0,13.0,4.0,13.0,4.0,12.0
3.7621,122.0,-96.0,7.0,0.0,0.0,0.0,0.0,0.0,0.0,0.0,0.0,0.0,4.0,3.0,-1.0,2.0,-6.0,1.0,-11.0,0.0,-16.0,-1.0,-21.0,-1.0,-24.0,-1.0,-28.0,-1.0,-29.0,0.0,-30.0,0.0,-29.0,0.0,-28.0,0.0,-26.0,0.0,-21.0,1.0,-17.0,0.0,-12.0,0.0,-6.0,-1.0,-1.0,-3.0,5.0,-5.0,10.0,-7.0,15.0,-9.0,17.0,-12.0,22.0,-13.0,22.0,-15.0,23.0,-16.0,23.0,-17.0
3.7755,122.0,-96.0,7.0,0.0,0.0,0.0,0.0,0.0,0.0,0.0,0.0,0.0,-16.0,28.0,-17.0,29.0,-16.0,28.0,-15.0,26.0,-14.0,23.0,-12.0,19.0,-10.0,14.0,-7.0,8.0,-4.0,2.0,-2.0,-5.0,0.0,-11.0,2.0,-17.0,3.0,-23.0,4.0,-29.0,5.0,-33.0,6.0,-36.0,5.0,-37.0,4.0,-37.0,4.0,-36.0,3.0,-33.0,2.0,-29.0,2.0,-24.0,2.0,-18.0,2.0,-11.0,2.0,-4.0,3.0,3.0
3.7882,122.0,-96.0,7.0,0.0,0.0,0.0,0.0,0.0,0.0,0.0,0.0,0.0,7.0,8.0,9.0,11.0,11.0,14.0,13.0,17.0,15.0,18.0,15.0,19.0,16.0,19.0,15.0,19.0,14.0,18.0,13.0,15.0,10.0,12.0,7.0,9.0,4.0,6.0,0.0,2.0,-4.0,-1.0,-8.0,-4.0,-12.0,-7.0,-16.0,-9.0,-19.0,-11.0,-22.0,-12.0,-24.0,-12.0,-25.0,-12.0,-25.0,-12.0,-23.0,-10.0,-20.0,-8.0,-17.0,-7.0
3.8036,122.0,-96.0,7.0,0.0,0.0,0.0,0.0,0.0,0.0,0.0,0.0,0.0,-9.0,11.0,-11.0,13.0,-13.0,16.0,-15.0,18.0,-16.0,19.0,-17.0,20.0,-17.0,19.0,-16.0,18.0,-15.0,17.0,-12.0,14.0,-10.0,11.0,-7.0,7.0,-5.0,3.0,-2.0,-2.0,0.0,-6.0,3.0,-10.0,4.0,-15.0,6.0,-19.0,7.0,-22.0,8.0,-24.0,8.0,-26.0,8.0,-26.0,7.0,-25.0,5.0,-23.0,4.0,-20.0,3.0,-17.0
3.8159,122.0,-96.0,7.0,0.0,0.0,0.0,0.0,0.0,0.0,0.0,0.0,0.0,-6.0,19.0,-7.0,19.0,-7.0,19.0,-8.0,19.0,-8.0,19.0,-9.0,19.0,-9.0,18.0,-9.0,18.0,-9.0,17.0,-10.0,17.0,-11.0,17.0,-10.0,16.0,-11.0,16.0,-11.0,16.0,-10.0,16.0,-10.0,15.0,-10.0,16.0,-10.0,15.0,-10.0,15.0,-10.0,15.0,-9.0,14.0,-9.0,14.0,-9.0,14.0,-9.0,14.0,-8.0,14.0,-8.0,14.0
3.8319,122.0,-96.0,7.0,0.0,0.0,0.0,0.0,0.0,0.0,0.0,0.0,0.0,4.0,-16.0,5.0,-16.0,5.0,-16.0,5.0,-16.0,6.0,-16.0,7.0,-16.0,7.0,-15.0,7.0,-15.0,7.0,-15.0,8.0,-15.0,8.0,-15.0,8.0,-15.0,8.0,-14.0,8.0,-14.0,8.0,-13.0,8.0,-13.0,8.0,-14.0,8.0,-13.0,8.0,-12.0,7.0,-13.0,7.0,-12.0,7.0,-12.0,7.0,-12.0,6.0,-12.0,6.0,-12.0,6.0,-13.0
3.8443,122.0,-96.0,7.0,0.0,0.0,0.0,0.0,0.0,0.0,0.0,0.0,0.0,15.0,0.0,19.0,1.0,22.0,1.0,25.0,1.0,27.0,1.0,28.0,2.0,28.0,2.0,27.0,2.0,24.0,2.0,20.0,1.0,16.0,1.0,11.0,1.0,5.0,1.0,-1.0,1.0,-6.0,3.0,-12.0,3.0,-17.0,4.0,-21.0,5.0,-25.0,6.0,-27.0,7.0,-29.0,8.0,-29.0,8.0,-28.0,8.0,-25.0,8.0,-22.0,8.0,-18.0,6.0
3.8577,122.0,-96.0,7.0,0.0,0.0,0.0,0.0,0.0,0.0,0.0,0.0,0.0,-14.0,13.0,-14.0,13.0,-14.0,12.0,-15.0,12.0,-15.0,12.0,-15.0,12.0,-15.0,11.0,-16.0,11.0,-16.0,10.0,-16.0,10.0,-16.0,9.0,-16.0,9.0,-16.0,9.0,-16.0,9.0,-16.0,8.0,-16.0,8.0,-15.0,8.0,-16.0,8.0,-15.0,8.0,-15.0,8.0,-14.0,8.0,-14.0,8.0,-14.0,7.0,-14.0,8.0,-13.0,8.0,-13.0,8.0
3.8711,122.0,-96.0,7.0,0.0,0.0,0.0,0.0,0.0,0.0,0.0,0.0,0.0,0.0,-14.0,0.0,-18.0,1.0,-21.0,1.0,-23.0,1.0,-25.0,2.0,-26.0,2.0,-26.0,2.0,-25.0,2.0,-23.0,1.0,-19.0,1.0,-15.0,0.0,-10.0,1.0,-5.0,1.0,0.0,2.0,5.0,3.0,9.0,4.0,14.0,5.0,18.0,6.0,21.0,7.0,24.0,7.0,25.0,8.0,25.0,8.0,24.0,8.0,21.0,7.0,18.0,6.0,15.0
3.8869,122.0,-96.0,7.0,0.0,0.0,0.0,0.0,0.0,0.0,0.0,0.0,0.0,8.0,-15.0,8.0,-15.0,9.0,-15.0,9.0,-14.0,9.0,-14.0,10.0,-14.0,10.0,-14.0,10.0,-13.0,10.0,-12.0,11.0,-13.0,11.0,-13.0,11.0,-12.0,11.0,-12.0,11.0,-12.0,11.0,-11.0,11.0,-11.0,10.0,-11.0,10.0,-11.0,10.0,-10.0,10.0,-11.0,10.0,-11.0,10.0,-10.0,9.0,-10.0,9.0,-11.0,9.0,-11.0,8.0,-11.0
3.8992,122.0,-96.0,7.0,0.0,0.0,0.0,0.0,0.0,0.0,0.0,0.0,0.0,7.0,-14.0,10.0,-17.0,11.0,-19.0,12.0,-21.0,13.0,-22.0,13.0,-22.0,13.0,-21.0,12.0,-20.0,11.0,-18.0,8.0,-15.0,7.0,-11.0,4.0,-7.0,2.0,-2.0,0.0,3.0,-1.0,8.0,-3.0,12.0,-4.0,16.0,-5.0,20.0,-5.0,23.0,-6.0,25.0,-5.0,26.0,-5.0,26.0,-4.0,25.0,-3.0,22.0,-2.0,19.0,-2.0,15.0
3.9134,122.0,-96.0,7.0,0.0,0.0,0.0,0.0,0.0,0.0,0.0,0.0,0.0,-22.0,-10.0,-22.0,-11.0,-23.0,-11.0,-21.0,-10.0,-20.0,-10.0,-17.0,-9.0,-13.0,-7.0,-9.0,-5.0,-5.0,-4.0,0.0,-3.0,5.0,-1.0,9.0,0.0,14.0,1.0,19.0,2.0,22.0,3.0,25.0,4.0,26.0,3.0,27.0,3.0,25.0,2.0,24.0,2.0,21.0,1.0,18.0,1.0,14.0,1.0,9.0,1.0,4.0,1.0,-1.0,2.0
3.9276,122.0,-96.0,7.0,0.0,0.0,0.0,0.0,0.0,0.0,0.0,0.0,0.0,18.0,-13.0,15.0,-11.0,11.0,-8.0,7.0,-4.0,3.0,-1.0,-1.0,4.0,-5.0,8.0,-9.0,12.0,-13.0,16.0,-15.0,20.0,-18.0,23.0,-19.0,25.0,-18.0,27.0,-19.0,27.0,-18.0,26.0,-16.0,24.0,-14.0,21.0,-11.0,17.0,-9.0,13.0,-6.0,8.0,-5.0,1.0,-2.0,-5.0,0.0,-11.0,1.0,-17.0,2.0,-21.0,1.0,-25.0
3.9417,122.0,-96.0,7.0,0.0,0.0,0.0,0.0,0.0,0.0,0.0,0.0,0.0,-8.0,12.0,-8.0,12.0,-8.0,12.0,-9.0,12.0,-9.0,12.0,-9.0,11.0,-10.0,11.0,-10.0,11.0,-10.0,11.0,-10.0,10.0,-11.0,11.0,-10.0,10.0,-10.0,10.0,-11.0,9.0,-10.0,9.0,-11.0,9.0,-10.0,9.0,-10.0,9.0,-10.0,8.0,-10.0,9.0,-9.0,8.0,-9.0,8.0,-10.0,8.0,-9.0,8.0,-9.0,8.0,-8.0,8.0
3.9562,122.0,-96.0,7.0,0.0,0.0,0.0,0.0,0.0,0.0,0.0,0.0,0.0,21.0,-15.0,22.0,-15.0,22.0,-15.0,20.0,-14.0,18.0,-12.0,15.0,-10.0,12.0,-7.0,7.0,-4.0,3.0,-1.0,-1.0,3.0,-5.0,7.0,-8.0,10.0,-12.0,14.0,-15.0,17.0,-18.0,20.0,-19.0,22.0,-19.0,23.0,-19.0,23.0,-18.0,22.0,-16.0,21.0,-13.0,18.0,-11.0,15.0,-9.0,11.0,-7.0,6.0,-4.0,1.0,-2.0,-4.0
3.9693,122.0,-96.0,7.0,0.0,0.0,0.0,0.0,0.0,0.0,0.0,0.0,0.0,7.0,-16.0,10.0,-20.0,11.0,-22.0,12.0,-24.0,13.0,-25.0,13.0,-26.0,13.0,-25.0,12.0,-23.0,11.0,-21.0,9.0,-17.0,7.0,-13.0,4.0,-8.0,2.0,-2.0,0.0,3.0,-1.0,8.0,-2.0,13.0,-4.0,19.0,-4.0,22.0,-4.0,26.0,-4.0,28.0,-4.0,29.0,-4.0,29.0,-2.0,28.0,-2.0,25.0,-1.0,21.0,-1.0,17.0
3.9841,122.0,-96.0,7.0,0.0,0.0,0.0,0.0,0.0,0.0,0.0,0.0,0.0,9.0,12.0,11.0,15.0,12.0,17.0,13.0,19.0,14.0,20.0,14.0,21.0,13.0,20.0,12.0,18.0,11.0,17.0,9.0,13.0,6.0,10.0,4.0,6.0,0.0,3.0,-4.0,-1.0,-8.0,-4.0,-11.0,-7.0,-15.0,-10.0,-17.0,-12.0,-20.0,-14.0,-22.0,-15.0,-23.0,-15.0,-23.0,-15.0,-22.0,-14.0,-20.0,-12.0,-18.0,-10.0,-14.0,-8.0
3.9978,122.0,-96.0,7.0,0.0,0.0,0.0,0.0,0.0,0.0,0.0,0.0,0.0,2.0,3.0,-5.0,3.0,-11.0,2.0,-17.0,2.0,-23.0,2.0,-29.0,3.0,-32.0,4.0,-36.0,3.0,-36.0,5.0,-37.0,4.0,-35.0,5.0,-33.0,5.0,-30.0,4.0,-24.0,4.0,-18.0,2.0,-12.0,1.0,-5.0,-2.0,1.0,-5.0,8.0,-8.0,13.0,-11.0,18.0,-15.0,21.0,-18.0,26.0,-21.0,26.0,-23.0,26.0,-24.0,26.0,-25.0
4.0111,122.0,-96.0,7.0,0.0,0.0,0.0,0.0,0.0,0.0,0.0,0.0,0.0,-25.0,13.0,-21.0,11.0,-17.0,8.0,-13.0,5.0,-7.0,1.0,-2.0,-3.0,3.0,-7.0,8.0,-11.0,13.0,-15.0,17.0,-20.0,21.0,-23.0,22.0,-25.0,23.0,-28.0,25.0,-28.0,23.0,-28.0,20.0,-27.0,19.0,-24.0,16.0,-21.0,13.0,-16.0,9.0,-11.0,5.0,-5.0,2.0,2.0,-1.0,8.0,-4.0,15.0,-5.0,20.0,-6.0,25.0
4.0248,122.0,-96.0,7.0,0.0,0.0,0.0,0.0,0.0,0.0,0.0,0.0,0.0,12.0,19.0,12.0,19.0,11.0,19.0,11.0,20.0,10.0,20.0,10.0,20.0,9.0,20.0,9.0,21.0,9.0,20.0,8.0,21.0,7.0,21.0,7.0,21.0,7.0,20.0,7.0,20.0,6.0,20.0,7.0,20.0,6.0,19.0,6.0,19.0,6.0,19.0,6.0,18.0,6.0,18.0,6.0,17.0,6.0,17.0,6.0,17.0,7.0,16.0,7.0,16.0
4.039,122.0,-96.0,7.0,0.0,0.0,0.0,0.0,0.0,0.0,0.0,0.0,0.0,0.0,5.0,-3.0,1.0,-5.0,-4.0,-8.0,-8.0,-11.0,-12.0,-13.0,-17.0,-16.0,-19.0,-17.0,-22.0,-19.0,-22.0,-19.0,-23.0,-19.0,-22.0,-19.0,-21.0,-17.0,-20.0,-15.0,-16.0,-12.0,-13.0,-8.0,-9.0,-3.0,-5.0,1.0,-2.0,6.0,1.0,11.0,4.0,16.0,6.0,19.0,6.0,23.0,9.0,25.0,9.0,26.0,9.0,27.0,8.0
4.0526,122.0,-96.0,7.0,0.0,0.0,0.0,0.0,0.0,0.0,0.0,0.0,0.0,-2.0,2.0,-5.0,-1.0,-7.0,-6.0,-10.0,-10.0,-13.0,-14.0,-16.0,-17.0,-17.0,-19.0,-19.0,-22.0,-20.0,-21.0,-21.0,-22.0,-20.0,-20.0,-19.0,-19.0,-17.0,-18.0,-14.0,-14.0,-10.0,-11.0,-6.0,-7.0,-1.0,-4.0,3.0,-1.0,8.0,2.0,13.0,4.0,18.0,6.0,21.0,6.0,24.0,8.0,26.0,7.0,27.0,8.0,27.0,7.0
4.0655,122.0,-96.0,7.0,0.0,0.0,0.0,0.0,0.0,0.0,0.0,0.0,0.0,3.0,17.0,4.0,21.0,4.0,24.0,4.0,26.0,5.0,27.0,5.0,28.0,4.0,27.0,4.0,25.0,3.0,22.0,3.0,18.0,2.0,13.0,0.0,8.0,-2.0,3.0,-3.0,-3.0,-6.0,-8.0,-8.0,-12.0,-10.0,-17.0,-12.0,-21.0,-14.0,-23.0,-15.0,-25.0,-17.0,-25.0,-17.0,-26.0,-16.0,-24.0,-15.0,-21.0,-13.0,-18.0,-11.0,-14.0
4.0794,122.0,-96.0,7.0,0.0,0.0,0.0,0.0,0.0,0.0,0.0,0.0,0.0,8.0,13.0,10.0,16.0,11.0,18.0,12.0,20.0,13.0,21.0,13.0,21.0,12.0,20.0,12.0,19.0,10.0,17.0,8.0,14.0,6.0,10.0,3.0,7.0,0.0,3.0,-4.0,-1.0,-7.0,-5.0,-10.0,-8.0,-14.0,-11.0,-17.0,-13.0,-20.0,-15.0,-21.0,-16.0,-23.0,-15.0,-23.0,-16.0,-22.0,-14.0,-20.0,-12.0,-17.0,-10.0,-14.0,-8.0
4.0943,122.0,-96.0,7.0,0.0,0.0,0.0,0.0,0.0,0.0,0.0,0.0,0.0,24.0,6.0,20.0,5.0,14.0,4.0,9.0,3.0,2.0,2.0,-5.0,2.0,-11.0,2.0,-18.0,2.0,-24.0,2.0,-28.0,2.0,-33.0,2.0,-36.0,3.0,-37.0,4.0,-38.0,4.0,-36.0,4.0,-32.0,5.0,-29.0,4.0,-24.0,3.0,-18.0,2.0,-12.0,0.0,-5.0,-2.0,2.0,-5.0,8.0,-8.0,15.0,-11.0,18.0,-14.0,22.0,-17.0
4.1079,122.0,-96.0,7.0,0.0,0.0,0.0,0.0,0.0,0.0,0.0,0.0,0.0,-9.0,18.0,-7.0,15.0,-6.0,11.0,-5.0,6.0,-3.0,1.0,-2.0,-4.0,-1.0,-9.0,0.0,-15.0,1.0,-19.0,2.0,-23.0,3.0,-26.0,2.0,-28.0,2.0,-29.0,2.0,-30.0,1.0,-29.0,0.0,-26.0,0.0,-24.0,0.0,-19.0,1.0,-15.0,1.0,-9.0,2.0,-4.0,3.0,2.0,4.0,8.0,5.0,13.0,7.0,17.0,9.0,20.0
4.1218,122.0,-96.0,7.0,0.0,0.0,0.0,0.0,0.0,0.0,0.0,0.0,0.0,-5.0,15.0,-5.0,15.0,-6.0,15.0,-7.0,15.0,-7.0,15.0,-7.0,15.0,-8.0,15.0,-8.0,14.0,-8.0,14.0,-8.0,14.0,-8.0,14.0,-8.0,13.0,-8.0,13.0,-8.0,13.0,-9.0,13.0,-8.0,12.0,-9.0,13.0,-8.0,12.0,-8.0,12.0,-8.0,12.0,-8.0,11.0,-8.0,11.0,-8.0,11.0,-7.0,12.0,-7.0,11.0,-7.0,11.0
4.1353,122.0,-96.0,7.0,0.0,0.0,0.0,0.0,0.0,0.0,0.0,0.0,0.0,14.0,11.0,14.0,12.0,13.0,12.0,13.0,13.0,13.0,13.0,13.0,13.0,12.0,13.0,11.0,14.0,11.0,14.0,11.0,14.0,11.0,14.0,10.0,14.0,10.0,14.0,10.0,14.0,10.0,14.0,9.0,13.0,10.0,13.0,9.0,14.0,9.0,14.0,9.0,13.0,9.0,13.0,8.0,12.0,8.0,12.0,9.0,12.0,9.0,12.0,10.0,11.0
4.1491,122.0,-96.0,7.0,0.0,0.0,0.0,0.0,0.0,0.0,0.0,0.0,0.0,13.0,-1.0,17.0,0.0,20.0,0.0,22.0,0.0,24.0,0.0,25.0,0.0,25.0,1.0,24.0,1.0,22.0,1.0,18.0,0.0,14.0,0.0,10.0,0.0,5.0,1.0,-1.0,1.0,-5.0,3.0,-10.0,3.0,-16.0,4.0,-19.0,6.0,-22.0,6.0,-24.0,7.0,-25.0,8.0,-26.0,8.0,-25.0,9.0,-22.0,9.0,-19.0,8.0,-16.0,6.0
4.163,122.0,-96.0,7.0,0.0,0.0,0.0,0.0,0.0,0.0,0.0,0.0,0.0,-13.0,8.0,-17.0,9.0,-20.0,11.0,-22.0,12.0,-24.0,13.0,-25.0,14.0,-25.0,13.0,-24.0,12.0,-22.0,11.0,-18.0,10.0,-15.0,7.0,-10.0,5.0,-6.0,1.0,-1.0,-2.0,2.0,-6.0,7.0,-10.0,11.0,-13.0,13.0,-17.0,16.0,-19.0,17.0,-22.0,18.0,-23.0,18.0,-24.0,17.0,-23.0,14.0,-22.0,12.0,-19.0,10.0,-16.0
4.1769,122.0,-96.0,7.0,0.0,0.0,0.0,0.0,0.0,0.0,0.0,0.0,0.0,10.0,-10.0,12.0,-12.0,15.0,-13.0,17.0,-15.0,19.0,-16.0,19.0,-16.0,19.0,-16.0,18.0,-15.0,17.0,-14.0,14.0,-12.0,11.0,-10.0,7.0,-6.0,4.0,-3.0,0.0,1.0,-2.0,5.0,-6.0,9.0,-9.0,13.0,-11.0,16.0,-12.0,19.0,-14.0,21.0,-14.0,22.0,-14.0,23.0,-13.0,22.0,-11.0,20.0,-9.0,18.0,-8.0,15.0
4.1926,122.0,-96.0,7.0,0.0,0.0,0.0,0.0,0.0,0.0,0.0,0.0,0.0,15.0,-6.0,15.0,-6.0,16.0,-6.0,15.0,-5.0,16.0,-4.0,16.0,-4.0,16.0,-4.0,16.0,-4.0,16.0,-4.0,16.0,-3.0,16.0,-3.0,15.0,-3.0,15.0,-2.0,15.0,-2.0,15.0,-2.0,15.0,-2.0,14.0,-1.0,15.0,-2.0,14.0,-2.0,14.0,-2.0,14.0,-2.0,13.0,-2.0,13.0,-2.0,13.0,-2.0,13.0,-3.0,12.0,-3.0
4.2042,122.0,-96.0,7.0,0.0,0.0,0.0,0.0,0.0,0.0,0.0,0.0,0.0,-22.0,-3.0,-19.0,-3.0,-15.0,-2.0,-11.0,-2.0,-6.0,-2.0,0.0,-3.0,4.0,-4.0,10.0,-4.0,15.0,-4.0,19.0,-5.0,24.0,-6.0,25.0,-7.0,27.0,-8.0,28.0,-8.0,27.0,-9.0,25.0,-9.0,23.0,-8.0,19.0,-7.0,15.0,-5.0,10.0,-3.0,5.0,-1.0,0.0,2.0,-5.0,5.0,-10.0,8.0,-12.0,12.0,-15.0,15.0
4.2173,122.0,-96.0,7.0,0.0,0.0,0.0,0.0,0.0,0.0,0.0,0.0,0.0,-11.0,19.0,-13.0,21.0,-13.0,21.0,-13.0,20.0,-12.0,19.0,-11.0,17.0,-9.0,14.0,-7.0,10.0,-5.0,6.0,-3.0,1.0,-2.0,-3.0,-1.0,-8.0,1.0,-13.0,3.0,-17.0,4.0,-22.0,4.0,-24.0,4.0,-26.0,4.0,-27.0,3.0,-27.0,3.0,-25.0,2.0,-23.0,2.0,-20.0,1.0,-16.0,2.0,-12.0,1.0,-7.0,2.0,-2.0
4.2323,122.0,-96.0,7.0,0.0,0.0,0.0,0.0,0.0,0.0,0.0,0.0,0.0,8.0,-19.0,8.0,-18.0,9.0,-19.0,9.0,-18.0,10.0,-18.0,10.0,-18.0,11.0,-17.0,11.0,-17.0,11.0,-16.0,12.0,-17.0,11.0,-16.0,11.0,-16.0,12.0,-16.0,11.0,-16.0,12.0,-15.0,11.0,-15.0,11.0,-15.0,11.0,-14.0,11.0,-14.0,11.0,-13.0,11.0,-13.0,10.0,-14.0,10.0,-13.0,9.0,-14.0,9.0,-14.0,9.0,-14.0
4.2463,122.0,-96.0,7.0,0.0,0.0,0.0,0.0,0.0,0.0,0.0,0.0,0.0,1.0,-14.0,2.0,-5.0,4.0,2.0,6.0,11.0,8.0,20.0,11.0,27.0,13.0,34.0,15.0,40.0,17.0,42.0,18.0,44.0,18.0,44.0,18.0,42.0,17.0,39.0,16.0,33.0,12.0,27.0,9.0,20.0,4.0,12.0,-2.0,5.0,-8.0,-3.0,-14.0,-10.0,-21.0,-15.0,-27.0,-19.0,-32.0,-24.0,-36.0,-25.0,-38.0,-26.0,-40.0,-26.0
4.2594,122.0,-96.0,7.0,0.0,0.0,0.0,0.0,0.0,0.0,0.0,0.0,0.0,14.0,8.0,17.0,11.0,21.0,13.0,23.0,15.0,25.0,16.0,26.0,17.0,25.0,17.0,24.0,16.0,22.0,15.0,19.0,12.0,15.0,10.0,10.0,7.0,4.0,4.0,-2.0,1.0,-8.0,0.0,-13.0,-3.0,-19.0,-5.0,-24.0,-5.0,-28.0,-6.0,-30.0,-7.0,-32.0,-7.0,-33.0,-7.0,-32.0,-5.0,-29.0,-4.0,-26.0,-3.0,-21.0,-2.0
4.2743,122.0,-96.0,7.0,0.0,0.0,0.0,0.0,0.0,0.0,0.0,0.0,0.0,-6.0,-16.0,-6.0,-16.0,-6.0,-16.0,-5.0,-16.0,-5.0,-17.0,-4.0,-17.0,-4.0,-16.0,-3.0,-17.0,-3.0,-17.0,-3.0,-17.0,-2.0,-16.0,-2.0,-17.0,-2.0,-16.0,-2.0,-16.0,-2.0,-16.0,-2.0,-16.0,-1.0,-15.0,-1.0,-15.0,-2.0,-15.0,-1.0,-15.0,-2.0,-15.0,-2.0,-14.0,-2.0,-14.0,-2.0,-14.0,-2.0,-14.0,-3.0,-14.0
4.2876,122.0,-96.0,7.0,0.0,0.0,0.0,0.0,0.0,0.0,0.0,0.0,0.0,14.0,11.0,14.0,11.0,14.0,12.0,14.0,12.0,13.0,12.0,13.0,13.0,12.0,13.0,12.0,13.0,11.0,13.0,11.0,14.0,11.0,14.0,10.0,14.0,10.0,14.0,10.0,14.0,9.0,14.0,10.0,14.0,10.0,13.0,10.0,13.0,9.0,13.0,9.0,12.0,9.0,13.0,9.0,12.0,9.0,12.0,9.0,12.0,9.0,11.0,9.0,11.0
4.301,122.0,-96.0,7.0,0.0,0.0,0.0,0.0,0.0,0.0,0.0,0.0,0.0,-19.0,12.0,-16.0,11.0,-13.0,8.0,-10.0,5.0,-6.0,2.0,-2.0,-2.0,1.0,-6.0,5.0,-10.0,9.0,-14.0,10.0,-18.0,13.0,-21.0,13.0,-23.0,13.0,-25.0,15.0,-26.0,14.0,-26.0,12.0,-24.0,11.0,-22.0,9.0,-18.0,7.0,-15.0,5.0,-10.0,3.0,-5.0,2.0,1.0,1.0,7.0,0.0,12.0,0.0,16.0,0.0,20.0
4.3173,122.0,-96.0,7.0,0.0,0.0,0.0,0.0,0.0,0.0,0.0,0.0,0.0,-22.0,-4.0,-23.0,-5.0,-23.0,-5.0,-23.0,-6.0,-22.0,-7.0,-23.0,-7.0,-22.0,-8.0,-22.0,-8.0,-21.0,-9.0,-21.0,-9.0,-21.0,-9.0,-20.0,-9.0,-20.0,-10.0,-20.0,-10.0,-20.0,-10.0,-19.0,-9.0,-20.0,-10.0,-18.0,-10.0,-18.0,-10.0,-18.0,-9.0,-17.0,-9.0,-18.0,-9.0,-17.0,-8.0,-18.0,-8.0,-17.0,-8.0,-17.0,-7.0
4.3312,122.0,-96.0,7.0,0.0,0.0,0.0,0.0,0.0,0.0,0.0,0.0,0.0,22.0,11.0,18.0,9.0,14.0,7.0,10.0,6.0,4.0,4.0,-2.0,2.0,-7.0,1.0,-13.0,-1.0,-18.0,-3.0,-23.0,-3.0,-28.0,-3.0,-30.0,-3.0,-32.0,-2.0,-33.0,-3.0,-32.0,-2.0,-30.0,-2.0,-28.0,-1.0,-23.0,-1.0,-18.0,-1.0,-13.0,-1.0,-7.0,-3.0,0.0,-3.0,6.0,-5.0,12.0,-6.0,16.0,-8.0,20.0,-11.0
4.3449,122.0,-96.0,7.0,0.0,0.0,0.0,0.0,0.0,0.0,0.0,0.0,0.0,-17.0,0.0,-17.0,0.0,-17.0,0.0,-17.0,-1.0,-17.0,-2.0,-17.0,-2.0,-16.0,-2.0,-17.0,-2.0,-17.0,-3.0,-17.0,-3.0,-17.0,-3.0,-16.0,-3.0,-16.0,-3.0,-16.0,-4.0,-16.0,-3.0,-16.0,-3.0,-15.0,-4.0,-15.0,-3.0,-15.0,-3.0,-15.0,-3.0,-14.0,-3.0,-14.0,-3.0,-14.0,-3.0,-14.0,-2.0,-14.0,-2.0,-14.0,-2.0
4.3572,122.0,-96.0,7.0,0.0,0.0,0.0,0.0,0.0,0.0,0.0,0.0,0.0,-29.0,-17.0,-29.0,-18.0,-28.0,-17.0,-26.0,-16.0,-23.0,-15.0,-19.0,-12.0,-14.0,-10.0,-9.0,-7.0,-2.0,-5.0,4.0,-2.0,10.0,0.0,16.0,2.0,22.0,4.0,27.0,5.0,31.0,7.0,35.0,8.0,35.0,7.0,36.0,7.0,34.0,6.0,32.0,6.0,27.0,5.0,22.0,4.0,16.0,3.0,10.0,3.0,3.0,2.0,-4.0,3.0
4.3709,122.0,-96.0,7.0,0.0,0.0,0.0,0.0,0.0,0.0,0.0,0.0,0.0,-1.0,-20.0,0.0,-20.0,0.0,-20.0,0.0,-21.0,1.0,-20.0,1.0,-21.0,2.0,-20.0,2.0,-20.0,2.0,-20.0,2.0,-20.0,3.0,-20.0,3.0,-19.0,3.0,-19.0,4.0,-19.0,4.0,-19.0,3.0,-18.0,4.0,-19.0,4.0,-17.0,4.0,-18.0,3.0,-18.0,3.0,-17.0,3.0,-17.0,2.0,-16.0,3.0,-17.0,2.0,-17.0,2.0,-16.0
4.3839,122.0,-96.0,7.0,0.0,0.0,0.0,0.0,0.0,0.0,0.0,0.0,0.0,0.0,-4.0,4.0,0.0,7.0,5.0,11.0,10.0,14.0,13.0,17.0,17.0,20.0,18.0,22.0,21.0,23.0,20.0,23.0,21.0,23.0,19.0,21.0,19.0,19.0,17.0,16.0,13.0,11.0,11.0,7.0,6.0,1.0,3.0,-5.0,0.0,-10.0,-2.0,-15.0,-4.0,-21.0,-6.0,-24.0,-6.0,-29.0,-8.0,-30.0,-7.0,-31.0,-6.0,-32.0,-6.0
4.3997,122.0,-96.0,7.0,0.0,0.0,0.0,0.0,0.0,0.0,0.0,0.0,0.0,-5.0,-23.0,-4.0,-23.0,-5.0,-23.0,-4.0,-23.0,-3.0,-24.0,-2.0,-24.0,-2.0,-23.0,-1.0,-23.0,-1.0,-23.0,0.0,-23.0,0.0,-23.0,0.0,-23.0,1.0,-22.0,1.0,-22.0,1.0,-22.0,0.0,-21.0,1.0,-21.0,1.0,-21.0,1.0,-21.0,0.0,-20.0,0.0,-20.0,0.0,-20.0,0.0,-19.0,0.0,-19.0,-1.0,-19.0,-1.0,-19.0
4.4119,122.0,-96.0,7.0,0.0,0.0,0.0,0.0,0.0,0.0,0.0,0.0,0.0,13.0,-1.0,17.0,0.0,20.0,0.0,22.0,1.0,24.0,1.0,25.0,1.0,25.0,1.0,23.0,1.0,22.0,1.0,18.0,1.0,14.0,0.0,9.0,0.0,4.0,1.0,-1.0,1.0,-5.0,2.0,-10.0,3.0,-15.0,4.0,-19.0,5.0,-22.0,6.0,-24.0,7.0,-25.0,8.0,-26.0,8.0,-24.0,9.0,-22.0,9.0,-19.0,8.0,-16.0,6.0
4.4243,122.0,-96.0,7.0,0.0,0.0,0.0,0.0,0.0,0.0,0.0,0.0,0.0,-23.0,-2.0,-20.0,-2.0,-15.0,-1.0,-11.0,-2.0,-6.0,-2.0,-1.0,-3.0,4.0,-4.0,10.0,-5.0,15.0,-6.0,19.0,-7.0,23.0,-8.0,25.0,-9.0,26.0,-10.0,28.0,-11.0,27.0,-11.0,24.0,-10.0,22.0,-10.0,18.0,-8.0,15.0,-7.0,10.0,-4.0,5.0,-1.0,0.0,2.0,-4.0,6.0,-9.0,9.0,-11.0,12.0,-13.0,16.0
4.4381,122.0,-96.0,7.0,0.0,0.0,0.0,0.0,0.0,0.0,0.0,0.0,0.0,1.0,28.0,1.0,23.0,0.0,17.0,-1.0,10.0,-3.0,3.0,-5.0,-4.0,-7.0,-11.0,-9.0,-18.0,-12.0,-24.0,-14.0,-29.0,-15.0,-34.0,-17.0,-36.0,-19.0,-37.0,-19.0,-38.0,-19.0,-36.0,-18.0,-32.0,-16.0,-28.0,-13.0,-24.0,-10.0,-18.0,-6.0,-12.0,0.0,-6.0,5.0,0.0,10.0,5.0,16.0,11.0,21.0,14.0,26.0,16.0
4.4518,122.0,-96.0,7.0,0.0,0.0,0.0,0.0,0.0,0.0,0.0,0.0,0.0,13.0,-1.0,13.0,-1.0,14.0,-1.0,14.0,0.0,14.0,0.0,13.0,0.0,13.0,1.0,13.0,1.0,13.0,1.0,13.0,2.0,13.0,2.0,13.0,3.0,13.0,2.0,13.0,2.0,12.0,2.0,12.0,3.0,12.0,2.0,12.0,2.0,11.0,2.0,11.0,2.0,11.0,2.0,11.0,2.0,11.0,2.0,11.0,2.0,11.0,2.0,10.0,1.0
4.466,122.0,-96.0,7.0,0.0,0.0,0.0,0.0,0.0,0.0,0.0,0.0,0.0,0.0,8.0,-2.0,4.0,-4.0,-2.0,-5.0,-6.0,-8.0,-11.0,-10.0,-15.0,-13.0,-18.0,-15.0,-22.0,-16.0,-23.0,-17.0,-24.0,-17.0,-24.0,-17.0,-23.0,-16.0,-22.0,-15.0,-18.0,-12.0,-15.0,-9.0,-11.0,-5.0,-7.0,-1.0,-4.0,4.0,0.0,9.0,3.0,13.0,5.0,17.0,7.0,21.0,9.0,24.0,9.0,25.0,9.0,26.0,9.0
4.4799,122.0,-96.0,7.0,0.0,0.0,0.0,0.0,0.0,0.0,0.0,0.0,0.0,-5.0,12.0,-7.0,15.0,-8.0,18.0,-9.0,20.0,-10.0,22.0,-11.0,23.0,-10.0,22.0,-10.0,21.0,-10.0,19.0,-8.0,16.0,-7.0,13.0,-5.0,8.0,-4.0,4.0,-2.0,-1.0,-1.0,-6.0,0.0,-11.0,1.0,-16.0,1.0,-20.0,1.0,-23.0,1.0,-25.0,0.0,-27.0,0.0,-27.0,0.0,-26.0,-1.0,-24.0,-1.0,-21.0,-1.0,-17.0
4.4969,122.0,-96.0,7.0,0.0,0.0,0.0,0.0,0.0,0.0,0.0,0.0,0.0,6.0,-15.0,6.0,-16.0,7.0,-15.0,8.0,-15.0,8.0,-15.0,8.0,-15.0,8.0,-15.0,9.0,-14.0,9.0,-14.0,10.0,-14.0,10.0,-13.0,10.0,-13.0,10.0,-13.0,10.0,-12.0,10.0,-12.0,10.0,-12.0,9.0,-12.0,9.0,-12.0,10.0,-11.0,9.0,-12.0,9.0,-11.0,8.0,-11.0,9.0,-11.0,8.0,-11.0,8.0,-11.0,8.0,-11.0
4.5098,122.0,-96.0,7.0,0.0,0.0,0.0,0.0,0.0,0.0,0.0,0.0,0.0,-10.0,6.0,-14.0,8.0,-16.0,9.0,-19.0,10.0,-21.0,12.0,-23.0,12.0,-23.0,12.0,-22.0,11.0,-21.0,10.0,-18.0,9.0,-15.0,8.0,-11.0,5.0,-7.0,2.0,-3.0,0.0,0.0,-4.0,4.0,-7.0,8.0,-11.0,11.0,-14.0,13.0,-17.0,15.0,-19.0,16.0,-21.0,17.0,-21.0,15.0,-21.0,13.0,-20.0,11.0,-18.0,10.0,-16.0
4.5235,122.0,-96.0,7.0,0.0,0.0,0.0,0.0,0.0,0.0,0.0,0.0,0.0,10.0,22.0,9.0,18.0,6.0,15.0,4.0,11.0,1.0,6.0,-3.0,1.0,-6.0,-4.0,-10.0,-9.0,-14.0,-13.0,-17.0,-16.0,-20.0,-19.0,-22.0,-21.0,-24.0,-22.0,-25.0,-23.0,-25.0,-21.0,-23.0,-19.0,-21.0,-17.0,-18.0,-15.0,-14.0,-12.0,-10.0,-9.0,-4.0,-5.0,1.0,-3.0,7.0,0.0,13.0,2.0,18.0,3.0,22.0,3.0
4.5373,122.0,-96.0,7.0,0.0,0.0,0.0,0.0,0.0,0.0,0.0,0.0,0.0,-16.0,19.0,-18.0,20.0,-18.0,20.0,-17.0,20.0,-17.0,18.0,-15.0,16.0,-13.0,13.0,-9.0,9.0,-7.0,6.0,-4.0,1.0,-1.0,-4.0,1.0,-9.0,3.0,-14.0,6.0,-18.0,8.0,-22.0,9.0,-25.0,9.0,-27.0,9.0,-28.0,8.0,-28.0,8.0,-27.0,6.0,-24.0,6.0,-21.0,4.0,-17.0,3.0,-12.0,2.0,-7.0,2.0,-1.0
4.5521,122.0,-96.0,7.0,0.0,0.0,0.0,0.0,0.0,0.0,0.0,0.0,0.0,-17.0,3.0,-17.0,3.0,-17.0,2.0,-17.0,2.0,-17.0,1.0,-18.0,1.0,-17.0,0.0,-18.0,0.0,-17.0,0.0,-17.0,-1.0,-17.0,-1.0,-17.0,-1.0,-17.0,-1.0,-16.0,-1.0,-16.0,-1.0,-16.0,-2.0,-16.0,-3.0,-15.0,-2.0,-16.0,-2.0,-15.0,-2.0,-15.0,-2.0,-14.0,-2.0,-14.0,-1.0,-14.0,-2.0,-14.0,-1.0,-14.0,-1.0
4.5664,122.0,-96.0,7.0,0.0,0.0,0.0,0.0,0.0,0.0,0.0,0.0,0.0,-16.0,-6.0,-21.0,-8.0,-24.0,-9.0,-26.0,-11.0,-29.0,-11.0,-30.0,-12.0,-29.0,-12.0,-28.0,-11.0,-26.0,-10.0,-22.0,-9.0,-17.0,-8.0,-11.0,-6.0,-6.0,-4.0,0.0,-3.0,6.0,-2.0,12.0,0.0,19.0,0.0,23.0,0.0,27.0,0.0,30.0,0.0,32.0,-1.0,32.0,-1.0,31.0,-2.0,28.0,-2.0,24.0,-3.0,20.0,-2.0
4.5802,122.0,-96.0,7.0,0.0,0.0,0.0,0.0,0.0,0.0,0.0,0.0,0.0,-14.0,-3.0,-17.0,-4.0,-20.0,-5.0,-23.0,-6.0,-24.0,-6.0,-25.0,-7.0,-24.0,-7.0,-24.0,-7.0,-22.0,-7.0,-18.0,-6.0,-14.0,-4.0,-10.0,-3.0,-5.0,-3.0,0.0,-2.0,5.0,-2.0,10.0,-2.0,15.0,-2.0,18.0,-2.0,22.0,-2.0,24.0,-2.0,26.0,-3.0,26.0,-3.0,25.0,-4.0,22.0,-4.0,19.0,-4.0,16.0,-4.0
4.5937,122.0,-96.0,7.0,0.0,0.0,0.0,0.0,0.0,0.0,0.0,0.0,0.0,1.0,-20.0,2.0,-21.0,2.0,-21.0,2.0,-21.0,3.0,-21.0,4.0,-21.0,4.0,-20.0,5.0,-20.0,5.0,-20.0,6.0,-19.0,6.0,-19.0,6.0,-19.0,7.0,-18.0,7.0,-18.0,7.0,-18.0,6.0,-18.0,7.0,-18.0,6.0,-17.0,6.0,-17.0,6.0,-17.0,6.0,-16.0,5.0,-17.0,5.0,-16.0,6.0,-16.0,5.0,-16.0,5.0,-16.0
4.6075,122.0,-96.0,7.0,0.0,0.0,0.0,0.0,0.0,0.0,0.0,0.0,0.0,-11.0,6.0,-16.0,7.0,-19.0,9.0,-22.0,10.0,-24.0,11.0,-26.0,11.0,-26.0,11.0,-26.0,11.0,-24.0,10.0,-21.0,9.0,-17.0,8.0,-13.0,5.0,-8.0,2.0,-3.0,-1.0,1.0,-5.0,5.0,-7.0,10.0,-11.0,13.0,-15.0,16.0,-17.0,18.0,-20.0,19.0,-22.0,20.0,-22.0,18.0,-23.0,16.0,-22.0,13.0,-19.0,12.0,-17.0
4.6209,122.0,-96.0,7.0,0.0,0.0,0.0,0.0,0.0,0.0,0.0,0.0,0.0,-13.0,2.0,-17.0,3.0,-21.0,3.0,-24.0,3.0,-27.0,4.0,-29.0,3.0,-28.0,3.0,-28.0,3.0,-26.0,3.0,-23.0,3.0,-19.0,2.0,-14.0,2.0,-9.0,0.0,-3.0,-2.0,2.0,-4.0,7.0,-5.0,13.0,-8.0,16.0,-10.0,20.0,-12.0,23.0,-13.0,25.0,-14.0,25.0,-15.0,24.0,-15.0,22.0,-15.0,19.0,-14.0,16.0,-12.0
4.6348,122.0,-96.0,7.0,0.0,0.0,0.0,0.0,0.0,0.0,0.0,0.0,0.0,-3.0,17.0,-4.0,17.0,-4.0,17.0,-4.0,17.0,-5.0,17.0,-6.0,17.0,-6.0,16.0,-6.0,17.0,-6.0,16.0,-7.0,16.0,-7.0,16.0,-6.0,16.0,-7.0,15.0,-7.0,16.0,-7.0,15.0,-7.0,15.0,-7.0,15.0,-7.0,14.0,-7.0,14.0,-7.0,14.0,-7.0,14.0,-6.0,14.0,-6.0,13.0,-6.0,14.0,-5.0,14.0,-5.0,13.0
4.6491,122.0,-96.0,7.0,0.0,0.0,0.0,0.0,0.0,0.0,0.0,0.0,0.0,2.0,25.0,2.0,26.0,2.0,27.0,2.0,25.0,1.0,23.0,1.0,19.0,0.0,16.0,0.0,10.0,-1.0,6.0,-3.0,0.0,-5.0,-5.0,-6.0,-10.0,-8.0,-15.0,-9.0,-20.0,-10.0,-23.0,-12.0,-26.0,-13.0,-27.0,-13.0,-28.0,-13.0,-26.0,-13.0,-25.0,-12.0,-21.0,-10.0,-18.0,-8.0,-14.0,-5.0,-10.0,-1.0,-5.0,2.0,-1.0
4.6652,122.0,-96.0,7.0,0.0,0.0,0.0,0.0,0.0,0.0,0.0,0.0,0.0,-15.0,-14.0,-14.0,-15.0,-15.0,-16.0,-14.0,-16.0,-14.0,-16.0,-13.0,-17.0,-13.0,-17.0,-12.0,-17.0,-11.0,-17.0,-12.0,-18.0,-11.0,-17.0,-11.0,-18.0,-11.0,-17.0,-10.0,-17.0,-10.0,-17.0,-10.0,-17.0,-10.0,-16.0,-10.0,-17.0,-10.0,-16.0,-9.0,-16.0,-9.0,-16.0,-9.0,-15.0,-9.0,-15.0,-9.0,-15.0,-9.0,-15.0,-10.0,-14.0
4.6884,122.0,-96.0,7.0,0.0,0.0,0.0,0.0,0.0,0.0,0.0,0.0,0.0,18.0,0.0,19.0,1.0,19.0,1.0,18.0,1.0,16.0,1.0,14.0,1.0,12.0,1.0,7.0,0.0,4.0,1.0,0.0,1.0,-4.0,2.0,-8.0,3.0,-12.0,3.0,-15.0,5.0,-18.0,5.0,-20.0,6.0,-21.0,7.0,-21.0,7.0,-20.0,7.0,-19.0,6.0,-17.0,5.0,-14.0,5.0,-11.0,4.0,-8.0,2.0,-5.0,0.0,-1.0,-3.0
4.7105,122.0,-96.0,7.0,0.0,0.0,0.0,0.0,0.0,0.0,0.0,0.0,0.0,4.0,-17.0,4.0,-15.0,3.0,-12.0,2.0,-9.0,1.0,-5.0,1.0,1.0,2.0,5.0,1.0,10.0,1.0,13.0,1.0,16.0,2.0,19.0,2.0,21.0,3.0,23.0,3.0,24.0,3.0,24.0,3.0,21.0,2.0,20.0,2.0,16.0,1.0,12.0,1.0,9.0,-1.0,4.0,-2.0,0.0,-5.0,-4.0,-7.0,-8.0,-9.0,-12.0,-12.0,-14.0
4.725,122.0,-96.0,7.0,0.0,0.0,0.0,0.0,0.0,0.0,0.0,0.0,0.0,-14.0,8.0,-14.0,8.0,-14.0,8.0,-15.0,7.0,-15.0,7.0,-15.0,6.0,-15.0,6.0,-15.0,6.0,-15.0,5.0,-16.0,5.0,-15.0,5.0,-15.0,5.0,-15.0,4.0,-15.0,4.0,-15.0,4.0,-15.0,4.0,-14.0,4.0,-14.0,4.0,-14.0,4.0,-14.0,4.0,-14.0,4.0,-13.0,3.0,-13.0,4.0,-13.0,4.0,-13.0,4.0,-12.0,4.0
4.7485,122.0,-96.0,7.0,0.0,0.0,0.0,0.0,0.0,0.0,0.0,0.0,0.0,-10.0,17.0,-9.0,14.0,-7.0,12.0,-5.0,8.0,-3.0,4.0,-3.0,-2.0,-1.0,-6.0,0.0,-12.0,1.0,-16.0,2.0,-19.0,2.0,-23.0,2.0,-25.0,2.0,-27.0,2.0,-28.0,2.0,-27.0,1.0,-25.0,1.0,-23.0,1.0,-19.0,0.0,-15.0,0.0,-11.0,1.0,-6.0,2.0,0.0,4.0,5.0,5.0,10.0,6.0,14.0,9.0,17.0
4.77,122.0,-96.0,7.0,0.0,0.0,0.0,0.0,0.0,0.0,0.0,0.0,0.0,-16.0,-2.0,-14.0,-2.0,-11.0,-1.0,-8.0,-2.0,-5.0,-2.0,0.0,-2.0,4.0,-3.0,8.0,-3.0,11.0,-3.0,14.0,-4.0,16.0,-4.0,18.0,-5.0,19.0,-6.0,20.0,-6.0,20.0,-7.0,19.0,-6.0,16.0,-6.0,14.0,-5.0,11.0,-4.0,8.0,-3.0,4.0,0.0,0.0,1.0,-3.0,4.0,-7.0,6.0,-9.0,9.0,-11.0,11.0
4.7917,122.0,-96.0,7.0,0.0,0.0,0.0,0.0,0.0,0.0,0.0,0.0,0.0,0.0,-3.0,3.0,0.0,5.0,4.0,7.0,6.0,9.0,9.0,11.0,10.0,13.0,12.0,14.0,14.0,15.0,13.0,15.0,13.0,15.0,13.0,13.0,12.0,12.0,10.0,10.0,8.0,7.0,6.0,4.0,5.0,1.0,2.0,-4.0,0.0,-7.0,-2.0,-11.0,-3.0,-14.0,-4.0,-17.0,-4.0,-19.0,-5.0,-21.0,-4.0,-21.0,-5.0,-21.0,-4.0
4.814,122.0,-96.0,7.0,0.0,0.0,0.0,0.0,0.0,0.0,0.0,0.0,0.0,9.0,-3.0,12.0,-4.0,13.0,-4.0,15.0,-5.0,16.0,-6.0,17.0,-5.0,17.0,-6.0,16.0,-5.0,15.0,-5.0,12.0,-4.0,9.0,-3.0,6.0,-2.0,3.0,-1.0,0.0,1.0,-3.0,3.0,-6.0,5.0,-10.0,7.0,-11.0,9.0,-13.0,10.0,-15.0,11.0,-15.0,12.0,-15.0,13.0,-15.0,12.0,-13.0,12.0,-12.0,11.0,-10.0,9.0
4.8386,122.0,-96.0,7.0,0.0,0.0,0.0,0.0,0.0,0.0,0.0,0.0,0.0,-17.0,-6.0,-20.0,-7.0,-22.0,-10.0,-24.0,-10.0,-25.0,-10.0,-26.0,-10.0,-25.0,-9.0,-23.0,-9.0,-21.0,-9.0,-17.0,-7.0,-12.0,-6.0,-8.0,-5.0,-3.0,-3.0,3.0,-3.0,8.0,-2.0,13.0,-1.0,18.0,-1.0,22.0,-2.0,25.0,-1.0,27.0,-2.0,27.0,-3.0,28.0,-4.0,26.0,-4.0,24.0,-4.0,21.0,-4.0,17.0,-3.0
4.8619,122.0,-96.0,7.0,0.0,0.0,0.0,0.0,0.0,0.0,0.0,0.0,0.0,4.0,-4.0,1.0,1.0,-1.0,6.0,-3.0,11.0,-6.0,16.0,-8.0,21.0,-9.0,24.0,-10.0,27.0,-10.0,29.0,-10.0,30.0,-9.0,29.0,-8.0,28.0,-8.0,25.0,-6.0,21.0,-6.0,16.0,-5.0,11.0,-3.0,5.0,-3.0,-1.0,-4.0,-8.0,-3.0,-13.0,-4.0,-19.0,-5.0,-24.0,-6.0,-27.0,-8.0,-29.0,-9.0,-30.0,-10.0,-32.0
4.8768,122.0,-96.0,7.0,0.0,0.0,0.0,0.0,0.0,0.0,0.0,0.0,0.0,-4.0,19.0,-5.0,20.0,-5.0,19.0,-6.0,20.0,-6.0,19.0,-7.0,19.0,-7.0,19.0,-7.0,19.0,-7.0,18.0,-8.0,18.0,-8.0,18.0,-8.0,17.0,-9.0,17.0,-9.0,17.0,-9.0,17.0,-8.0,16.0,-9.0,17.0,-8.0,15.0,-8.0,16.0,-8.0,15.0,-7.0,15.0,-7.0,15.0,-7.0,15.0,-7.0,15.0,-7.0,14.0,-6.0,15.0
4.8986,122.0,-96.0,7.0,0.0,0.0,0.0,0.0,0.0,0.0,0.0,0.0,0.0,-12.0,-13.0,-12.0,-14.0,-11.0,-14.0,-10.0,-12.0,-9.0,-11.0,-8.0,-9.0,-6.0,-7.0,-3.0,-4.0,0.0,-3.0,2.0,0.0,5.0,1.0,8.0,3.0,10.0,5.0,12.0,7.0,15.0,8.0,16.0,9.0,17.0,9.0,17.0,8.0,16.0,8.0,15.0,7.0,13.0,6.0,11.0,5.0,7.0,4.0,4.0,3.0,1.0,2.0,-3.0,1.0
4.9226,122.0,-96.0,7.0,0.0,0.0,0.0,0.0,0.0,0.0,0.0,0.0,0.0,-6.0,15.0,-5.0,12.0,-4.0,10.0,-3.0,7.0,-2.0,3.0,-2.0,-1.0,-2.0,-5.0,-1.0,-10.0,0.0,-13.0,-1.0,-15.0,-1.0,-18.0,-1.0,-20.0,-1.0,-21.0,-2.0,-22.0,-2.0,-22.0,-2.0,-20.0,-2.0,-18.0,-2.0,-15.0,-1.0,-12.0,-1.0,-9.0,0.0,-5.0,1.0,-1.0,3.0,3.0,4.0,7.0,6.0,10.0,9.0,13.0
4.9467,122.0,-96.0,7.0,0.0,0.0,0.0,0.0,0.0,0.0,0.0,0.0,0.0,-1.0,-10.0,-1.0,-13.0,-1.0,-15.0,-1.0,-17.0,-1.0,-18.0,0.0,-19.0,-1.0,-19.0,-1.0,-18.0,0.0,-17.0,-1.0,-14.0,0.0,-11.0,0.0,-8.0,0.0,-4.0,1.0,0.0,2.0,3.0,3.0,7.0,4.0,10.0,5.0,12.0,6.0,14.0,7.0,17.0,8.0,17.0,8.0,17.0,8.0,16.0,8.0,15.0,7.0,13.0,6.0,11.0
4.9609,122.0,-96.0,7.0,0.0,0.0,0.0,0.0,0.0,0.0,0.0,0.0,0.0,6.0,-19.0,7.0,-20.0,8.0,-19.0,8.0,-19.0,9.0,-19.0,9.0,-19.0,10.0,-18.0,10.0,-18.0,10.0,-17.0,11.0,-17.0,11.0,-18.0,11.0,-17.0,10.0,-17.0,11.0,-17.0,11.0,-15.0,10.0,-16.0,11.0,-15.0,11.0,-15.0,11.0,-15.0,10.0,-15.0,10.0,-14.0,10.0,-15.0,10.0,-14.0,9.0,-15.0,9.0,-14.0,8.0,-14.0
4.9842,122.0,-96.0,7.0,0.0,0.0,0.0,0.0,0.0,0.0,0.0,0.0,0.0,-15.0,10.0,-13.0,8.0,-10.0,7.0,-7.0,4.0,-5.0,1.0,-1.0,-2.0,1.0,-5.0,4.0,-9.0,7.0,-12.0,9.0,-15.0,10.0,-17.0,11.0,-19.0,12.0,-21.0,13.0,-21.0,12.0,-21.0,10.0,-19.0,9.0,-18.0,8.0,-15.0,6.0,-12.0,5.0,-8.0,3.0,-4.0,2.0,1.0,1.0,5.0,-1.0,10.0,-1.0,14.0,0.0,17.0
5.0074,122.0,-96.0,7.0,0.0,0.0,0.0,0.0,0.0,0.0,0.0,0.0,0.0,16.0,3.0,16.0,4.0,16.0,4.0,15.0,4.0,14.0,3.0,12.0,3.0,9.0,2.0,6.0,2.0,4.0,1.0,-1.0,1.0,-4.0,1.0,-8.0,1.0,-11.0,1.0,-14.0,1.0,-17.0,1.0,-19.0,2.0,-19.0,2.0,-20.0,3.0,-19.0,2.0,-18.0,2.0,-16.0,2.0,-14.0,2.0,-11.0,2.0,-8.0,0.0,-4.0,-1.0,0.0,-3.0
