time,sc_0,sc_1,sc_2,sc_3,sc_4,sc_5,sc_6,sc_7,sc_8,sc_9,sc_10,sc_11,sc_12,sc_13,sc_14,sc_15,sc_16,sc_17,sc_18,sc_19,sc_20,sc_21,sc_22,sc_23,sc_24,sc_25,sc_26,sc_27,sc_28,sc_29,sc_30,sc_31,sc_32,sc_33,sc_34,sc_35,sc_36,sc_37,sc_38,sc_39,sc_40,sc_41,sc_42,sc_43,sc_44,sc_45,sc_46,sc_47,sc_48,sc_49,sc_50,sc_51,sc_52,sc_53,sc_54,sc_55,sc_56,sc_57,sc_58,sc_59,sc_60,sc_61,sc_62,sc_63
0.0054,28.0,-64.0,1.0,0.0,-15.0,2.0,-8.0,-1.0,-8.0,2.0,-12.0,-4.0,-12.0,4.0,-8.0,-1.0,-8.0,0.0,-6.0,-3.0,-4.0,-6.0,-11.0,-5.0,-6.0,-5.0,-8.0,-6.0,-5.0,-3.0,-8.0,0.0,-5.0,-3.0,-12.0,-7.0,-2.0,-4.0,-1.0,-6.0,-1.0,-4.0,-1.0,-5.0,5.0,-5.0,1.0,-6.0,1.0,-7.0,-6.0,-3.0,-2.0,0.0,0.0,0.0,0.0,0.0,0.0,0.0,0.0,0.0,0.0,0.0
0.0614,-122.0,96.0,8.0,0.0,22.0,12.0,18.0,9.0,12.0,7.0,6.0,4.0,0.0,2.0,-6.0,0.0,-12.0,-1.0,-17.0,-1.0,-22.0,-2.0,-25.0,-1.0,-28.0,0.0,-29.0,1.0,-29.0,1.0,-28.0,0.0,-26.0,1.0,-22.0,1.0,-18.0,0.0,-13.0,0.0,-8.0,-1.0,-3.0,-2.0,1.0,-2.0,5.0,-3.0,9.0,-4.0,11.0,-5.0,14.0,-5.0,0.0,0.0,0.0,0.0,0.0,0.0,0.0,0.0,0.0,0.0
0.0842,111.0,-15.0,22.0,0.0,-31.0,-25.0,-30.0,-24.0,-28.0,-23.0,-26.0,-20.0,-23.0,-17.0,-18.0,-13.0,-13.0,-10.0,-7.0,-6.0,-1.0,-3.0,6.0,0.0,11.0,2.0,17.0,4.0,21.0,5.0,25.0,7.0,27.0,7.0,28.0,7.0,27.0,7.0,26.0,7.0,23.0,6.0,19.0,6.0,15.0,3.0,11.0,3.0,6.0,2.0,2.0,1.0,-3.0,0.0,0.0,0.0,0.0,0.0,0.0,0.0,0.0,0.0,0.0,0.0
0.0913,111.0,-15.0,22.0,0.0,7.0,-39.0,6.0,-38.0,5.0,-37.0,4.0,-32.0,2.0,-27.0,2.0,-22.0,1.0,-15.0,2.0,-8.0,2.0,-2.0,3.0,5.0,4.0,12.0,5.0,18.0,7.0,21.0,9.0,25.0,9.0,27.0,9.0,27.0,10.0,26.0,9.0,25.0,8.0,22.0,6.0,19.0,5.0,14.0,4.0,10.0,1.0,5.0,-1.0,1.0,-3.0,-2.0,0.0,0.0,0.0,0.0,0.0,0.0,0.0,0.0,0.0,0.0
0.099,111.0,-15.0,22.0,0.0,-22.0,7.0,-26.0,9.0,-29.0,10.0,-31.0,10.0,-30.0,12.0,-29.0,11.0,-27.0,11.0,-25.0,11.0,-21.0,10.0,-16.0,7.0,-11.0,4.0,-7.0,1.0,-2.0,-2.0,3.0,-5.0,7.0,-8.0,10.0,-11.0,13.0,-14.0,14.0,-15.0,16.0,-16.0,16.0,-16.0,15.0,-15.0,13.0,-14.0,12.0,-12.0,11.0,-11.0,8.0,-8.0,0.0,0.0,0.0,0.0,0.0,0.0,0.0,0.0,0.0,0.0
0.1132,111.0,-15.0,22.0,0.0,-12.0,-17.0,-15.0,-20.0,-16.0,-22.0,-18.0,-23.0,-18.0,-23.0,-19.0,-22.0,-17.0,-21.0,-16.0,-18.0,-13.0,-15.0,-11.0,-12.0,-8.0,-9.0,-4.0,-5.0,1.0,-2.0,5.0,1.0,8.0,3.0,11.0,6.0,14.0,8.0,15.0,9.0,17.0,10.0,16.0,10.0,16.0,10.0,15.0,9.0,13.0,8.0,11.0,7.0,9.0,5.0,0.0,0.0,0.0,0.0,0.0,0.0,0.0,0.0,0.0,0.0
0.7652,-122.0,96.0,8.0,0.0,0.0,-3.0,5.0,1.0,9.0,3.0,14.0,7.0,18.0,9.0,21.0,10.0,24.0,10.0,25.0,10.0,25.0,9.0,24.0,8.0,22.0,7.0,20.0,6.0,16.0,4.0,12.0,4.0,7.0,3.0,2.0,1.0,-2.0,1.0,-7.0,0.0,-11.0,0.0,-14.0,0.0,-16.0,-1.0,-17.0,-1.0,-18.0,-1.0,-18.0,-1.0,-17.0,-1.0,0.0,0.0,0.0,0.0,0.0,0.0,0.0,0.0,0.0,0.0
0.8933,66.0,32.0,4.0,0.0,-4.0,-1.0,0.0,-5.0,4.0,-9.0,7.0,-12.0,9.0,-15.0,11.0,-18.0,12.0,-20.0,13.0,-21.0,12.0,-22.0,11.0,-22.0,9.0,-20.0,7.0,-18.0,6.0,-15.0,5.0,-11.0,4.0,-7.0,2.0,-3.0,1.0,1.0,-1.0,5.0,-2.0,8.0,-3.0,11.0,-2.0,13.0,-3.0,14.0,-2.0,15.0,-3.0,15.0,-3.0,14.0,0.0,0.0,0.0,0.0,0.0,0.0,0.0,0.0,0.0,0.0
0.9077,66.0,32.0,4.0,0.0,-17.0,8.0,-21.0,10.0,-22.0,12.0,-23.0,12.0,-23.0,13.0,-22.0,13.0,-20.0,13.0,-18.0,11.0,-16.0,10.0,-12.0,7.0,-8.0,4.0,-5.0,1.0,-1.0,-2.0,1.0,-6.0,4.0,-9.0,7.0,-11.0,9.0,-14.0,9.0,-15.0,10.0,-16.0,10.0,-16.0,9.0,-15.0,9.0,-14.0,7.0,-12.0,7.0,-11.0,5.0,-8.0,0.0,0.0,0.0,0.0,0.0,0.0,0.0,0.0,0.0,0.0
0.9231,66.0,32.0,4.0,0.0,-20.0,-29.0,-16.0,-23.0,-11.0,-18.0,-5.0,-10.0,1.0,-4.0,7.0,1.0,14.0,6.0,19.0,9.0,25.0,11.0,30.0,12.0,33.0,13.0,35.0,13.0,35.0,12.0,35.0,12.0,32.0,11.0,27.0,9.0,23.0,8.0,17.0,6.0,11.0,4.0,4.0,3.0,-3.0,1.0,-8.0,0.0,-12.0,0.0,-16.0,0.0,-19.0,-1.0,0.0,0.0,0.0,0.0,0.0,0.0,0.0,0.0,0.0,0.0
0.9336,122.0,-96.0,7.0,0.0,-15.0,13.0,-15.0,13.0,-14.0,13.0,-14.0,13.0,-14.0,13.0,-13.0,13.0,-12.0,13.0,-12.0,13.0,-12.0,13.0,-12.0,13.0,-11.0,14.0,-11.0,13.0,-11.0,13.0,-11.0,13.0,-11.0,13.0,-11.0,13.0,-11.0,13.0,-11.0,12.0,-10.0,12.0,-10.0,11.0,-11.0,10.0,-10.0,10.0,-10.0,9.0,-10.0,9.0,-10.0,9.0,0.0,0.0,0.0,0.0,0.0,0.0,0.0,0.0,0.0,0.0
0.9435,122.0,-96.0,7.0,0.0,-6.0,-20.0,-6.0,-19.0,-6.0,-19.0,-6.0,-19.0,-7.0,-18.0,-7.0,-18.0,-7.0,-18.0,-8.0,-17.0,-8.0,-17.0,-8.0,-17.0,-8.0,-17.0,-8.0,-17.0,-9.0,-16.0,-8.0,-16.0,-8.0,-16.0,-8.0,-16.0,-8.0,-15.0,-8.0,-15.0,-7.0,-15.0,-7.0,-14.0,-7.0,-14.0,-7.0,-14.0,-6.0,-13.0,-6.0,-13.0,-5.0,-13.0,0.0,0.0,0.0,0.0,0.0,0.0,0.0,0.0,0.0,0.0
0.9581,122.0,-96.0,7.0,0.0,-15.0,18.0,-17.0,22.0,-19.0,25.0,-19.0,26.0,-18.0,27.0,-17.0,26.0,-15.0,25.0,-14.0,23.0,-12.0,19.0,-9.0,15.0,-6.0,10.0,-4.0,4.0,-3.0,-1.0,-2.0,-7.0,-1.0,-11.0,0.0,-16.0,1.0,-19.0,1.0,-22.0,2.0,-23.0,2.0,-23.0,1.0,-22.0,1.0,-21.0,0.0,-18.0,1.0,-16.0,1.0,-13.0,0.0,0.0,0.0,0.0,0.0,0.0,0.0,0.0,0.0,0.0
0.9726,122.0,-96.0,7.0,0.0,-34.0,10.0,-27.0,8.0,-19.0,4.0,-11.0,1.0,-4.0,-3.0,3.0,-7.0,10.0,-12.0,15.0,-17.0,19.0,-21.0,21.0,-25.0,23.0,-29.0,24.0,-31.0,23.0,-31.0,22.0,-29.0,20.0,-27.0,18.0,-24.0,14.0,-19.0,10.0,-14.0,7.0,-9.0,4.0,-3.0,1.0,1.0,-2.0,6.0,-4.0,11.0,-6.0,14.0,-7.0,17.0,0.0,0.0,0.0,0.0,0.0,0.0,0.0,0.0,0.0,0.0
0.9857,122.0,-96.0,7.0,0.0,1.0,3.0,-6.0,3.0,-13.0,5.0,-20.0,5.0,-25.0,6.0,-29.0,8.0,-32.0,9.0,-34.0,11.0,-33.0,12.0,-32.0,12.0,-29.0,12.0,-25.0,11.0,-21.0,9.0,-17.0,6.0,-11.0,3.0,-6.0,1.0,0.0,-4.0,5.0,-7.0,9.0,-9.0,12.0,-12.0,14.0,-13.0,15.0,-14.0,15.0,-15.0,16.0,-16.0,15.0,-15.0,0.0,0.0,0.0,0.0,0.0,0.0,0.0,0.0,0.0,0.0
0.9959,122.0,-96.0,7.0,0.0,-7.0,-25.0,-7.0,-25.0,-7.0,-24.0,-7.0,-24.0,-8.0,-23.0,-8.0,-23.0,-8.0,-22.0,-8.0,-22.0,-9.0,-22.0,-9.0,-22.0,-10.0,-21.0,-10.0,-21.0,-10.0,-21.0,-10.0,-21.0,-9.0,-21.0,-9.0,-20.0,-9.0,-20.0,-8.0,-20.0,-7.0,-19.0,-7.0,-19.0,-7.0,-18.0,-7.0,-18.0,-7.0,-17.0,-6.0,-17.0,-5.0,-17.0,0.0,0.0,0.0,0.0,0.0,0.0,0.0,0.0,0.0,0.0
1.0113,122.0,-96.0,7.0,0.0,-3.0,-2.0,2.0,-4.0,7.0,-7.0,11.0,-9.0,14.0,-11.0,17.0,-13.0,18.0,-15.0,19.0,-16.0,19.0,-17.0,17.0,-17.0,15.0,-15.0,13.0,-14.0,10.0,-11.0,8.0,-8.0,5.0,-5.0,2.0,-1.0,0.0,2.0,-3.0,6.0,-5.0,8.0,-7.0,10.0,-7.0,12.0,-8.0,13.0,-8.0,13.0,-8.0,13.0,-8.0,12.0,0.0,0.0,0.0,0.0,0.0,0.0,0.0,0.0,0.0,0.0
1.025,122.0,-96.0,7.0,0.0,3.0,0.0,-1.0,4.0,-4.0,10.0,-6.0,14.0,-8.0,18.0,-9.0,22.0,-9.0,24.0,-9.0,26.0,-9.0,26.0,-7.0,25.0,-6.0,23.0,-5.0,21.0,-4.0,17.0,-4.0,13.0,-3.0,8.0,-3.0,3.0,-3.0,-2.0,-3.0,-4.0,-3.0,-10.0,-1.0,-14.0,-3.0,-15.0,-3.0,-17.0,-3.0,-17.0,-2.0,-17.0,-2.0,-17.0,0.0,0.0,0.0,0.0,0.0,0.0,0.0,0.0,0.0,0.0
1.0377,122.0,-96.0,7.0,0.0,31.0,14.0,24.0,11.0,17.0,9.0,9.0,5.0,0.0,3.0,-8.0,2.0,-16.0,2.0,-23.0,2.0,-29.0,2.0,-33.0,3.0,-37.0,5.0,-38.0,6.0,-38.0,8.0,-37.0,6.0,-35.0,7.0,-29.0,6.0,-24.0,4.0,-18.0,2.0,-12.0,1.0,-6.0,-1.0,0.0,-3.0,5.0,-4.0,9.0,-7.0,13.0,-9.0,16.0,-10.0,0.0,0.0,0.0,0.0,0.0,0.0,0.0,0.0,0.0,0.0
1.0498,122.0,-96.0,7.0,0.0,33.0,11.0,32.0,10.0,30.0,10.0,27.0,8.0,23.0,6.0,18.0,4.0,12.0,3.0,6.0,3.0,0.0,2.0,-6.0,2.0,-12.0,3.0,-17.0,4.0,-21.0,5.0,-24.0,5.0,-26.0,6.0,-26.0,7.0,-26.0,6.0,-24.0,6.0,-21.0,5.0,-18.0,4.0,-14.0,3.0,-10.0,2.0,-6.0,1.0,-2.0,-1.0,1.0,-2.0,0.0,0.0,0.0,0.0,0.0,0.0,0.0,0.0,0.0,0.0
1.0629,122.0,-96.0,7.0,0.0,-4.0,0.0,-1.0,-5.0,1.0,-10.0,2.0,-15.0,3.0,-18.0,4.0,-21.0,3.0,-24.0,3.0,-25.0,3.0,-25.0,2.0,-24.0,1.0,-23.0,0.0,-20.0,0.0,-16.0,0.0,-13.0,0.0,-8.0,1.0,-4.0,1.0,1.0,2.0,5.0,2.0,8.0,3.0,11.0,4.0,13.0,4.0,14.0,4.0,14.0,4.0,14.0,4.0,14.0,0.0,0.0,0.0,0.0,0.0,0.0,0.0,0.0,0.0,0.0
1.073,122.0,-96.0,7.0,0.0,-8.0,16.0,-8.0,16.0,-8.0,15.0,-7.0,15.0,-7.0,15.0,-6.0,15.0,-6.0,15.0,-6.0,15.0,-5.0,15.0,-5.0,15.0,-5.0,15.0,-5.0,15.0,-5.0,15.0,-5.0,15.0,-5.0,15.0,-5.0,15.0,-5.0,14.0,-5.0,14.0,-5.0,13.0,-5.0,13.0,-6.0,12.0,-5.0,12.0,-5.0,11.0,-5.0,11.0,-5.0,10.0,0.0,0.0,0.0,0.0,0.0,0.0,0.0,0.0,0.0,0.0
1.0863,122.0,-96.0,7.0,0.0,-33.0,14.0,-32.0,14.0,-30.0,13.0,-26.0,12.0,-22.0,11.0,-17.0,8.0,-12.0,5.0,-8.0,2.0,-3.0,-2.0,2.0,-6.0,5.0,-12.0,8.0,-16.0,11.0,-19.0,12.0,-21.0,13.0,-23.0,13.0,-24.0,13.0,-23.0,11.0,-22.0,10.0,-20.0,8.0,-17.0,6.0,-13.0,4.0,-9.0,2.0,-5.0,1.0,-2.0,0.0,2.0,0.0,0.0,0.0,0.0,0.0,0.0,0.0,0.0,0.0,0.0
1.094,122.0,-96.0,7.0,0.0,19.0,4.0,19.0,4.0,18.0,4.0,18.0,3.0,18.0,2.0,18.0,2.0,18.0,2.0,18.0,1.0,17.0,1.0,17.0,1.0,17.0,1.0,17.0,1.0,17.0,0.0,17.0,1.0,17.0,1.0,17.0,1.0,16.0,1.0,16.0,1.0,15.0,1.0,15.0,1.0,14.0,1.0,13.0,2.0,14.0,2.0,13.0,2.0,13.0,2.0,0.0,0.0,0.0,0.0,0.0,0.0,0.0,0.0,0.0,0.0
1.1071,122.0,-96.0,7.0,0.0,14.0,21.0,11.0,16.0,7.0,13.0,3.0,7.0,-2.0,2.0,-7.0,-2.0,-12.0,-5.0,-16.0,-8.0,-21.0,-10.0,-24.0,-10.0,-26.0,-10.0,-28.0,-10.0,-28.0,-10.0,-28.0,-10.0,-25.0,-9.0,-21.0,-7.0,-18.0,-6.0,-13.0,-5.0,-8.0,-4.0,-3.0,-3.0,2.0,-2.0,6.0,-1.0,9.0,-1.0,12.0,-1.0,14.0,-1.0,0.0,0.0,0.0,0.0,0.0,0.0,0.0,0.0,0.0,0.0
1.1216,122.0,-96.0,7.0,0.0,-23.0,-8.0,-18.0,-7.0,-13.0,-6.0,-7.0,-4.0,-1.0,-3.0,4.0,-3.0,10.0,-3.0,14.0,-4.0,19.0,-4.0,21.0,-5.0,24.0,-7.0,24.0,-7.0,24.0,-8.0,24.0,-8.0,21.0,-7.0,18.0,-7.0,14.0,-5.0,10.0,-3.0,7.0,-2.0,2.0,0.0,-1.0,1.0,-5.0,3.0,-7.0,5.0,-10.0,6.0,-11.0,7.0,0.0,0.0,0.0,0.0,0.0,0.0,0.0,0.0,0.0,0.0
1.1358,122.0,-96.0,7.0,0.0,3.0,-23.0,2.0,-19.0,2.0,-14.0,2.0,-7.0,3.0,-1.0,3.0,5.0,5.0,10.0,6.0,14.0,8.0,17.0,9.0,20.0,11.0,22.0,12.0,22.0,12.0,22.0,12.0,21.0,12.0,19.0,9.0,16.0,8.0,13.0,5.0,9.0,2.0,5.0,-1.0,2.0,-4.0,-2.0,-6.0,-4.0,-8.0,-6.0,-10.0,-8.0,-11.0,-9.0,0.0,0.0,0.0,0.0,0.0,0.0,0.0,0.0,0.0,0.0
1.1499,122.0,-96.0,7.0,0.0,-15.0,12.0,-18.0,14.0,-20.0,16.0,-20.0,17.0,-20.0,18.0,-19.0,17.0,-17.0,16.0,-15.0,15.0,-12.0,13.0,-9.0,9.0,-7.0,5.0,-4.0,2.0,-2.0,-3.0,0.0,-7.0,2.0,-10.0,4.0,-13.0,4.0,-16.0,5.0,-18.0,6.0,-19.0,5.0,-18.0,5.0,-17.0,4.0,-16.0,4.0,-13.0,3.0,-12.0,2.0,-9.0,0.0,0.0,0.0,0.0,0.0,0.0,0.0,0.0,0.0,0.0
1.1635,122.0,-96.0,7.0,0.0,14.0,-19.0,11.0,-15.0,8.0,-11.0,5.0,-6.0,3.0,0.0,1.0,5.0,-1.0,10.0,-2.0,15.0,-2.0,19.0,-2.0,22.0,-2.0,24.0,-1.0,25.0,-1.0,25.0,0.0,25.0,1.0,22.0,0.0,19.0,0.0,15.0,0.0,11.0,-1.0,6.0,-1.0,2.0,-2.0,-2.0,-3.0,-6.0,-4.0,-8.0,-5.0,-11.0,-5.0,-12.0,0.0,0.0,0.0,0.0,0.0,0.0,0.0,0.0,0.0,0.0
1.177,122.0,-96.0,7.0,0.0,2.0,1.0,-3.0,3.0,-8.0,5.0,-12.0,7.0,-15.0,9.0,-18.0,11.0,-19.0,12.0,-21.0,14.0,-20.0,15.0,-19.0,15.0,-18.0,14.0,-15.0,13.0,-13.0,10.0,-10.0,8.0,-7.0,5.0,-4.0,2.0,-1.0,-2.0,1.0,-5.0,4.0,-8.0,5.0,-10.0,6.0,-12.0,7.0,-13.0,7.0,-14.0,7.0,-14.0,7.0,-14.0,0.0,0.0,0.0,0.0,0.0,0.0,0.0,0.0,0.0,0.0
1.1913,122.0,-96.0,7.0,0.0,0.0,2.0,-5.0,1.0,-10.0,-1.0,-15.0,-3.0,-18.0,-3.0,-21.0,-4.0,-24.0,-3.0,-25.0,-3.0,-25.0,-2.0,-25.0,-1.0,-23.0,-1.0,-20.0,-1.0,-17.0,-1.0,-13.0,-1.0,-9.0,-1.0,-5.0,-1.0,0.0,-3.0,4.0,-3.0,7.0,-4.0,10.0,-4.0,12.0,-4.0,13.0,-4.0,14.0,-5.0,14.0,-5.0,14.0,-5.0,0.0,0.0,0.0,0.0,0.0,0.0,0.0,0.0,0.0,0.0
1.2023,122.0,-96.0,7.0,0.0,-23.0,-13.0,-22.0,-13.0,-22.0,-12.0,-22.0,-12.0,-22.0,-11.0,-22.0,-11.0,-21.0,-10.0,-22.0,-9.0,-22.0,-9.0,-22.0,-9.0,-22.0,-8.0,-22.0,-8.0,-22.0,-8.0,-22.0,-8.0,-21.0,-8.0,-21.0,-8.0,-20.0,-8.0,-20.0,-8.0,-19.0,-8.0,-19.0,-8.0,-18.0,-8.0,-17.0,-8.0,-17.0,-8.0,-16.0,-8.0,-16.0,-8.0,0.0,0.0,0.0,0.0,0.0,0.0,0.0,0.0,0.0,0.0
1.2165,122.0,-96.0,7.0,0.0,0.0,-29.0,0.0,-24.0,0.0,-17.0,1.0,-9.0,3.0,-2.0,4.0,5.0,8.0,11.0,10.0,16.0,13.0,20.0,16.0,23.0,17.0,25.0,18.0,26.0,19.0,26.0,19.0,25.0,18.0,22.0,14.0,19.0,13.0,15.0,9.0,12.0,5.0,7.0,0.0,3.0,-4.0,-1.0,-7.0,-4.0,-10.0,-6.0,-13.0,-8.0,-15.0,-10.0,0.0,0.0,0.0,0.0,0.0,0.0,0.0,0.0,0.0,0.0
1.2304,122.0,-96.0,7.0,0.0,-25.0,19.0,-24.0,20.0,-22.0,19.0,-19.0,17.0,-16.0,14.0,-12.0,11.0,-8.0,7.0,-6.0,3.0,-3.0,-2.0,0.0,-7.0,2.0,-12.0,4.0,-16.0,4.0,-19.0,4.0,-22.0,5.0,-23.0,5.0,-24.0,4.0,-23.0,4.0,-21.0,3.0,-19.0,3.0,-16.0,2.0,-12.0,1.0,-8.0,0.0,-4.0,1.0,-1.0,0.0,2.0,0.0,0.0,0.0,0.0,0.0,0.0,0.0,0.0,0.0,0.0
1.2436,122.0,-96.0,7.0,0.0,-6.0,22.0,-5.0,17.0,-4.0,12.0,-4.0,6.0,-3.0,0.0,-3.0,-5.0,-4.0,-11.0,-5.0,-15.0,-6.0,-19.0,-8.0,-22.0,-9.0,-24.0,-10.0,-24.0,-11.0,-24.0,-11.0,-23.0,-10.0,-21.0,-9.0,-18.0,-7.0,-15.0,-5.0,-11.0,-3.0,-7.0,-1.0,-3.0,2.0,0.0,4.0,3.0,6.0,6.0,7.0,8.0,9.0,9.0,0.0,0.0,0.0,0.0,0.0,0.0,0.0,0.0,0.0,0.0
1.2554,122.0,-96.0,7.0,0.0,-11.0,-23.0,-11.0,-22.0,-11.0,-23.0,-11.0,-21.0,-11.0,-21.0,-12.0,-21.0,-12.0,-20.0,-13.0,-20.0,-13.0,-20.0,-12.0,-20.0,-13.0,-19.0,-13.0,-19.0,-13.0,-18.0,-13.0,-19.0,-12.0,-18.0,-12.0,-19.0,-11.0,-18.0,-11.0,-18.0,-11.0,-17.0,-11.0,-17.0,-10.0,-17.0,-9.0,-16.0,-9.0,-16.0,-8.0,-16.0,-8.0,-16.0,0.0,0.0,0.0,0.0,0.0,0.0,0.0,0.0,0.0,0.0
1.2648,122.0,-96.0,7.0,0.0,-24.0,9.0,-24.0,9.0,-23.0,9.0,-22.0,9.0,-22.0,10.0,-21.0,10.0,-21.0,10.0,-20.0,11.0,-20.0,11.0,-20.0,11.0,-19.0,12.0,-19.0,11.0,-19.0,12.0,-19.0,12.0,-19.0,11.0,-19.0,11.0,-18.0,11.0,-18.0,10.0,-17.0,9.0,-17.0,9.0,-17.0,9.0,-16.0,8.0,-16.0,8.0,-16.0,8.0,-16.0,7.0,0.0,0.0,0.0,0.0,0.0,0.0,0.0,0.0,0.0,0.0
1.2792,122.0,-96.0,7.0,0.0,0.0,3.0,-6.0,0.0,-11.0,-1.0,-16.0,-3.0,-21.0,-4.0,-24.0,-5.0,-26.0,-4.0,-28.0,-3.0,-28.0,-2.0,-27.0,-1.0,-25.0,-1.0,-22.0,0.0,-18.0,0.0,-14.0,-1.0,-9.0,-1.0,-4.0,-2.0,0.0,-3.0,5.0,-4.0,9.0,-5.0,12.0,-6.0,14.0,-5.0,15.0,-6.0,16.0,-7.0,16.0,-7.0,15.0,-6.0,0.0,0.0,0.0,0.0,0.0,0.0,0.0,0.0,0.0,0.0
1.2925,122.0,-96.0,7.0,0.0,22.0,2.0,17.0,1.0,13.0,1.0,7.0,1.0,1.0,2.0,-5.0,3.0,-10.0,5.0,-14.0,7.0,-18.0,8.0,-20.0,10.0,-22.0,12.0,-23.0,13.0,-22.0,13.0,-21.0,13.0,-19.0,12.0,-17.0,11.0,-13.0,8.0,-10.0,6.0,-6.0,3.0,-3.0,-1.0,0.0,-3.0,2.0,-5.0,4.0,-8.0,6.0,-10.0,7.0,-11.0,0.0,0.0,0.0,0.0,0.0,0.0,0.0,0.0,0.0,0.0
1.3082,122.0,-96.0,7.0,0.0,-22.0,-2.0,-25.0,-2.0,-28.0,-2.0,-30.0,-2.0,-30.0,-1.0,-29.0,-1.0,-26.0,0.0,-24.0,1.0,-20.0,1.0,-15.0,0.0,-10.0,-1.0,-5.0,-2.0,0.0,-3.0,5.0,-5.0,9.0,-7.0,13.0,-8.0,16.0,-9.0,17.0,-10.0,18.0,-11.0,18.0,-11.0,16.0,-10.0,15.0,-9.0,13.0,-8.0,10.0,-7.0,8.0,-6.0,0.0,0.0,0.0,0.0,0.0,0.0,0.0,0.0,0.0,0.0
1.3175,122.0,-96.0,7.0,0.0,-18.0,-5.0,-17.0,-5.0,-17.0,-4.0,-17.0,-4.0,-17.0,-4.0,-17.0,-3.0,-16.0,-3.0,-17.0,-2.0,-16.0,-2.0,-16.0,-2.0,-16.0,-1.0,-16.0,-1.0,-16.0,-1.0,-16.0,-1.0,-16.0,-1.0,-16.0,-1.0,-15.0,-1.0,-15.0,-1.0,-14.0,-2.0,-14.0,-2.0,-14.0,-2.0,-13.0,-2.0,-13.0,-2.0,-13.0,-2.0,-13.0,-2.0,0.0,0.0,0.0,0.0,0.0,0.0,0.0,0.0,0.0,0.0
1.3292,122.0,-96.0,7.0,0.0,-13.0,-22.0,-14.0,-22.0,-13.0,-21.0,-13.0,-20.0,-13.0,-19.0,-14.0,-20.0,-14.0,-18.0,-15.0,-18.0,-15.0,-18.0,-15.0,-17.0,-16.0,-17.0,-16.0,-17.0,-16.0,-17.0,-15.0,-16.0,-15.0,-17.0,-15.0,-16.0,-14.0,-16.0,-14.0,-16.0,-13.0,-16.0,-13.0,-16.0,-12.0,-16.0,-12.0,-15.0,-11.0,-14.0,-11.0,-14.0,-10.0,-14.0,0.0,0.0,0.0,0.0,0.0,0.0,0.0,0.0,0.0,0.0
1.3422,122.0,-96.0,7.0,0.0,18.0,-1.0,23.0,-2.0,24.0,-2.0,26.0,-3.0,26.0,-3.0,25.0,-4.0,23.0,-4.0,20.0,-4.0,16.0,-4.0,13.0,-3.0,9.0,-2.0,4.0,0.0,0.0,2.0,-4.0,4.0,-8.0,6.0,-11.0,7.0,-13.0,10.0,-15.0,10.0,-16.0,11.0,-15.0,11.0,-14.0,10.0,-13.0,9.0,-12.0,8.0,-10.0,7.0,-8.0,5.0,0.0,0.0,0.0,0.0,0.0,0.0,0.0,0.0,0.0,0.0
1.3563,122.0,-96.0,7.0,0.0,21.0,-8.0,17.0,-6.0,12.0,-4.0,7.0,-2.0,2.0,2.0,-3.0,5.0,-7.0,8.0,-10.0,12.0,-13.0,15.0,-14.0,17.0,-15.0,20.0,-15.0,21.0,-14.0,22.0,-13.0,20.0,-12.0,19.0,-10.0,17.0,-8.0,13.0,-6.0,9.0,-4.0,5.0,-3.0,1.0,-1.0,-3.0,0.0,-6.0,1.0,-9.0,1.0,-12.0,2.0,-14.0,0.0,0.0,0.0,0.0,0.0,0.0,0.0,0.0,0.0,0.0
1.3701,122.0,-96.0,7.0,0.0,-24.0,-22.0,-28.0,-26.0,-31.0,-29.0,-34.0,-29.0,-34.0,-29.0,-34.0,-27.0,-32.0,-24.0,-28.0,-20.0,-24.0,-16.0,-18.0,-13.0,-12.0,-10.0,-4.0,-6.0,3.0,-3.0,10.0,0.0,16.0,2.0,22.0,3.0,27.0,4.0,29.0,4.0,31.0,5.0,30.0,4.0,29.0,4.0,26.0,3.0,22.0,3.0,18.0,1.0,13.0,2.0,0.0,0.0,0.0,0.0,0.0,0.0,0.0,0.0,0.0,0.0
1.3832,122.0,-96.0,7.0,0.0,28.0,20.0,27.0,19.0,27.0,18.0,24.0,14.0,20.0,12.0,15.0,9.0,10.0,7.0,4.0,4.0,-2.0,2.0,-8.0,1.0,-13.0,1.0,-18.0,0.0,-22.0,1.0,-26.0,0.0,-27.0,0.0,-27.0,1.0,-26.0,1.0,-25.0,1.0,-22.0,1.0,-18.0,1.0,-14.0,1.0,-9.0,0.0,-5.0,-1.0,-1.0,-1.0,3.0,-2.0,0.0,0.0,0.0,0.0,0.0,0.0,0.0,0.0,0.0,0.0
1.3968,122.0,-96.0,7.0,0.0,2.0,-19.0,2.0,-23.0,3.0,-25.0,2.0,-27.0,1.0,-27.0,1.0,-26.0,0.0,-24.0,0.0,-22.0,0.0,-18.0,0.0,-14.0,0.0,-10.0,0.0,-5.0,1.0,0.0,3.0,4.0,4.0,8.0,6.0,11.0,7.0,14.0,7.0,16.0,7.0,17.0,7.0,16.0,8.0,15.0,7.0,14.0,6.0,12.0,5.0,10.0,3.0,8.0,0.0,0.0,0.0,0.0,0.0,0.0,0.0,0.0,0.0,0.0
1.4058,122.0,-96.0,7.0,0.0,-5.0,18.0,-5.0,18.0,-5.0,18.0,-4.0,18.0,-3.0,17.0,-3.0,17.0,-3.0,17.0,-2.0,17.0,-2.0,17.0,-2.0,17.0,-1.0,17.0,-1.0,17.0,-1.0,17.0,-1.0,17.0,-1.0,16.0,-1.0,16.0,-1.0,16.0,-1.0,15.0,-1.0,15.0,-2.0,14.0,-2.0,14.0,-2.0,14.0,-2.0,13.0,-2.0,13.0,-3.0,13.0,0.0,0.0,0.0,0.0,0.0,0.0,0.0,0.0,0.0,0.0
1.416,122.0,-96.0,7.0,0.0,13.0,-14.0,13.0,-14.0,12.0,-14.0,12.0,-14.0,11.0,-14.0,11.0,-14.0,10.0,-14.0,10.0,-14.0,10.0,-15.0,9.0,-15.0,9.0,-15.0,9.0,-15.0,9.0,-15.0,9.0,-15.0,9.0,-15.0,8.0,-14.0,8.0,-14.0,8.0,-13.0,8.0,-13.0,8.0,-13.0,8.0,-12.0,8.0,-12.0,8.0,-11.0,8.0,-11.0,8.0,-10.0,0.0,0.0,0.0,0.0,0.0,0.0,0.0,0.0,0.0,0.0
1.4359,122.0,-96.0,7.0,0.0,4.0,-30.0,4.0,-23.0,3.0,-17.0,3.0,-9.0,3.0,-1.0,4.0,5.0,7.0,12.0,8.0,18.0,10.0,22.0,12.0,25.0,14.0,28.0,15.0,28.0,16.0,28.0,16.0,27.0,15.0,24.0,12.0,21.0,10.0,16.0,7.0,12.0,4.0,8.0,0.0,3.0,-4.0,-1.0,-7.0,-5.0,-10.0,-7.0,-12.0,-9.0,-14.0,-11.0,0.0,0.0,0.0,0.0,0.0,0.0,0.0,0.0,0.0,0.0
1.4418,122.0,-96.0,7.0,0.0,2.0,-18.0,2.0,-18.0,2.0,-17.0,1.0,-18.0,1.0,-17.0,0.0,-17.0,0.0,-17.0,-1.0,-17.0,0.0,-17.0,-1.0,-17.0,-1.0,-17.0,-1.0,-16.0,-2.0,-16.0,-1.0,-16.0,-1.0,-16.0,-1.0,-16.0,-1.0,-16.0,-1.0,-15.0,-1.0,-15.0,-1.0,-15.0,0.0,-14.0,-1.0,-14.0,0.0,-13.0,0.0,-13.0,1.0,-13.0,0.0,0.0,0.0,0.0,0.0,0.0,0.0,0.0,0.0,0.0
1.4533,122.0,-96.0,7.0,0.0,0.0,-4.0,5.0,1.0,9.0,4.0,14.0,8.0,17.0,11.0,20.0,12.0,23.0,12.0,24.0,12.0,24.0,12.0,24.0,10.0,22.0,9.0,19.0,8.0,15.0,6.0,12.0,5.0,7.0,4.0,2.0,2.0,-2.0,2.0,-7.0,1.0,-11.0,0.0,-14.0,0.0,-16.0,-1.0,-17.0,-1.0,-18.0,-1.0,-18.0,0.0,-17.0,-1.0,0.0,0.0,0.0,0.0,0.0,0.0,0.0,0.0,0.0,0.0
1.4665,122.0,-96.0,7.0,0.0,-1.0,-3.0,5.0,-1.0,10.0,0.0,14.0,2.0,18.0,3.0,21.0,3.0,23.0,2.0,24.0,2.0,24.0,1.0,23.0,1.0,21.0,0.0,18.0,0.0,15.0,-1.0,11.0,0.0,7.0,1.0,2.0,1.0,-2.0,2.0,-6.0,3.0,-10.0,4.0,-12.0,4.0,-14.0,4.0,-15.0,5.0,-15.0,5.0,-15.0,5.0,-15.0,5.0,0.0,0.0,0.0,0.0,0.0,0.0,0.0,0.0,0.0,0.0
1.481,122.0,-96.0,7.0,0.0,-12.0,-16.0,-14.0,-19.0,-15.0,-20.0,-17.0,-21.0,-18.0,-21.0,-18.0,-20.0,-17.0,-18.0,-15.0,-16.0,-13.0,-13.0,-10.0,-11.0,-7.0,-8.0,-4.0,-5.0,1.0,-2.0,5.0,0.0,8.0,2.0,11.0,4.0,14.0,5.0,16.0,6.0,17.0,6.0,17.0,6.0,16.0,6.0,15.0,6.0,13.0,5.0,11.0,4.0,9.0,3.0,0.0,0.0,0.0,0.0,0.0,0.0,0.0,0.0,0.0,0.0
1.4953,122.0,-96.0,7.0,0.0,-8.0,-18.0,-10.0,-21.0,-11.0,-23.0,-11.0,-24.0,-12.0,-24.0,-13.0,-23.0,-12.0,-22.0,-11.0,-19.0,-10.0,-16.0,-7.0,-13.0,-5.0,-9.0,-2.0,-5.0,1.0,-2.0,5.0,1.0,8.0,4.0,10.0,6.0,12.0,8.0,14.0,10.0,15.0,10.0,15.0,10.0,14.0,10.0,13.0,9.0,12.0,8.0,10.0,6.0,8.0,5.0,0.0,0.0,0.0,0.0,0.0,0.0,0.0,0.0,0.0,0.0
1.5083,122.0,-96.0,7.0,0.0,-3.0,-3.0,4.0,-5.0,11.0,-6.0,16.0,-8.0,21.0,-9.0,24.0,-11.0,26.0,-12.0,28.0,-14.0,27.0,-15.0,26.0,-15.0,23.0,-14.0,20.0,-13.0,16.0,-11.0,13.0,-8.0,8.0,-4.0,4.0,-1.0,0.0,3.0,-4.0,6.0,-7.0,9.0,-10.0,12.0,-11.0,13.0,-12.0,14.0,-12.0,15.0,-13.0,15.0,-12.0,14.0,0.0,0.0,0.0,0.0,0.0,0.0,0.0,0.0,0.0,0.0
1.5181,122.0,-96.0,7.0,0.0,1.0,-25.0,0.0,-25.0,0.0,-24.0,0.0,-23.0,-1.0,-23.0,-1.0,-23.0,-1.0,-22.0,-2.0,-22.0,-2.0,-22.0,-3.0,-22.0,-3.0,-22.0,-4.0,-21.0,-4.0,-22.0,-4.0,-21.0,-3.0,-21.0,-4.0,-21.0,-3.0,-20.0,-3.0,-20.0,-2.0,-20.0,-2.0,-19.0,-2.0,-18.0,-2.0,-18.0,-2.0,-18.0,-1.0,-17.0,0.0,-17.0,0.0,0.0,0.0,0.0,0.0,0.0,0.0,0.0,0.0,0.0
1.5314,122.0,-96.0,7.0,0.0,20.0,5.0,24.0,6.0,27.0,6.0,28.0,6.0,28.0,5.0,27.0,5.0,25.0,4.0,22.0,2.0,19.0,1.0,14.0,1.0,9.0,2.0,4.0,2.0,-1.0,2.0,-6.0,3.0,-10.0,4.0,-14.0,5.0,-17.0,6.0,-19.0,6.0,-20.0,6.0,-20.0,7.0,-19.0,6.0,-17.0,5.0,-15.0,5.0,-13.0,5.0,-10.0,3.0,0.0,0.0,0.0,0.0,0.0,0.0,0.0,0.0,0.0,0.0
1.5417,122.0,-96.0,7.0,0.0,-22.0,12.0,-22.0,13.0,-20.0,12.0,-20.0,13.0,-19.0,13.0,-19.0,13.0,-18.0,13.0,-18.0,14.0,-17.0,14.0,-17.0,14.0,-17.0,15.0,-16.0,15.0,-17.0,15.0,-16.0,14.0,-16.0,14.0,-16.0,14.0,-16.0,14.0,-16.0,13.0,-15.0,12.0,-15.0,12.0,-15.0,11.0,-14.0,11.0,-14.0,11.0,-14.0,10.0,-14.0,10.0,0.0,0.0,0.0,0.0,0.0,0.0,0.0,0.0,0.0,0.0
1.5537,122.0,-96.0,7.0,0.0,2.0,22.0,2.0,17.0,1.0,12.0,-1.0,7.0,-3.0,1.0,-6.0,-4.0,-8.0,-9.0,-11.0,-13.0,-13.0,-15.0,-16.0,-18.0,-17.0,-19.0,-19.0,-19.0,-19.0,-19.0,-19.0,-18.0,-18.0,-17.0,-14.0,-13.0,-12.0,-11.0,-9.0,-8.0,-5.0,-6.0,-1.0,-3.0,2.0,-1.0,5.0,2.0,8.0,3.0,10.0,4.0,12.0,5.0,0.0,0.0,0.0,0.0,0.0,0.0,0.0,0.0,0.0,0.0
1.5632,122.0,-96.0,7.0,0.0,-24.0,-1.0,-25.0,-1.0,-23.0,-1.0,-24.0,0.0,-23.0,1.0,-23.0,1.0,-22.0,2.0,-22.0,3.0,-22.0,2.0,-22.0,2.0,-22.0,3.0,-21.0,3.0,-21.0,4.0,-21.0,4.0,-21.0,4.0,-21.0,3.0,-20.0,3.0,-20.0,3.0,-19.0,3.0,-19.0,3.0,-18.0,2.0,-18.0,2.0,-17.0,2.0,-17.0,1.0,-17.0,1.0,0.0,0.0,0.0,0.0,0.0,0.0,0.0,0.0,0.0,0.0
1.5748,122.0,-96.0,7.0,0.0,-13.0,-21.0,-13.0,-21.0,-13.0,-20.0,-13.0,-20.0,-13.0,-19.0,-13.0,-19.0,-14.0,-18.0,-14.0,-18.0,-14.0,-17.0,-15.0,-17.0,-15.0,-16.0,-15.0,-16.0,-15.0,-16.0,-14.0,-16.0,-14.0,-17.0,-14.0,-16.0,-14.0,-16.0,-13.0,-16.0,-12.0,-15.0,-12.0,-15.0,-11.0,-15.0,-11.0,-14.0,-11.0,-14.0,-10.0,-14.0,-10.0,-14.0,0.0,0.0,0.0,0.0,0.0,0.0,0.0,0.0,0.0,0.0
1.5861,122.0,-96.0,7.0,0.0,28.0,26.0,28.0,25.0,27.0,24.0,24.0,20.0,21.0,16.0,16.0,13.0,11.0,8.0,4.0,5.0,-2.0,2.0,-9.0,0.0,-15.0,-1.0,-20.0,-2.0,-25.0,-3.0,-29.0,-3.0,-30.0,-3.0,-31.0,-3.0,-31.0,-2.0,-29.0,-2.0,-25.0,-2.0,-21.0,-2.0,-16.0,-1.0,-12.0,-1.0,-7.0,-1.0,-2.0,-1.0,2.0,-1.0,0.0,0.0,0.0,0.0,0.0,0.0,0.0,0.0,0.0,0.0
1.5997,122.0,-96.0,7.0,0.0,0.0,29.0,0.0,23.0,0.0,17.0,-2.0,8.0,-4.0,1.0,-6.0,-6.0,-9.0,-12.0,-12.0,-17.0,-15.0,-22.0,-18.0,-24.0,-20.0,-26.0,-21.0,-26.0,-21.0,-26.0,-22.0,-25.0,-20.0,-22.0,-17.0,-19.0,-14.0,-15.0,-10.0,-12.0,-6.0,-8.0,-1.0,-4.0,3.0,-1.0,7.0,3.0,10.0,5.0,13.0,6.0,15.0,8.0,0.0,0.0,0.0,0.0,0.0,0.0,0.0,0.0,0.0,0.0
1.6124,122.0,-96.0,7.0,0.0,-4.0,-1.0,-1.0,-6.0,2.0,-10.0,4.0,-15.0,5.0,-18.0,5.0,-21.0,6.0,-23.0,6.0,-25.0,5.0,-25.0,4.0,-24.0,3.0,-22.0,2.0,-20.0,1.0,-16.0,2.0,-13.0,1.0,-8.0,2.0,-4.0,2.0,1.0,1.0,5.0,2.0,9.0,2.0,12.0,2.0,13.0,3.0,14.0,3.0,15.0,2.0,15.0,2.0,14.0,0.0,0.0,0.0,0.0,0.0,0.0,0.0,0.0,0.0,0.0
1.6267,122.0,-96.0,7.0,0.0,5.0,-40.0,4.0,-39.0,3.0,-37.0,2.0,-33.0,1.0,-27.0,0.0,-21.0,1.0,-15.0,2.0,-9.0,4.0,-1.0,5.0,5.0,7.0,12.0,9.0,17.0,11.0,21.0,14.0,24.0,16.0,25.0,16.0,25.0,16.0,24.0,15.0,23.0,14.0,20.0,11.0,16.0,9.0,13.0,6.0,9.0,3.0,5.0,-1.0,2.0,-4.0,-2.0,0.0,0.0,0.0,0.0,0.0,0.0,0.0,0.0,0.0,0.0
1.6406,122.0,-96.0,7.0,0.0,-23.0,5.0,-19.0,4.0,-13.0,2.0,-8.0,0.0,-3.0,-2.0,2.0,-6.0,6.0,-9.0,10.0,-12.0,13.0,-15.0,14.0,-17.0,15.0,-20.0,16.0,-21.0,15.0,-22.0,15.0,-20.0,13.0,-19.0,11.0,-17.0,9.0,-13.0,7.0,-10.0,4.0,-6.0,2.0,-2.0,0.0,1.0,-1.0,4.0,-2.0,7.0,-3.0,10.0,-4.0,12.0,0.0,0.0,0.0,0.0,0.0,0.0,0.0,0.0,0.0,0.0
1.6536,122.0,-96.0,7.0,0.0,20.0,19.0,20.0,18.0,19.0,17.0,17.0,14.0,15.0,12.0,12.0,9.0,8.0,6.0,3.0,4.0,-1.0,2.0,-6.0,0.0,-10.0,-1.0,-14.0,-2.0,-17.0,-2.0,-20.0,-2.0,-22.0,-3.0,-22.0,-2.0,-22.0,-2.0,-21.0,-2.0,-19.0,-2.0,-16.0,-2.0,-12.0,-1.0,-9.0,-1.0,-6.0,-1.0,-3.0,-1.0,1.0,-1.0,0.0,0.0,0.0,0.0,0.0,0.0,0.0,0.0,0.0,0.0
1.6679,122.0,-96.0,7.0,0.0,-2.0,-3.0,4.0,-4.0,10.0,-6.0,14.0,-7.0,18.0,-8.0,22.0,-10.0,23.0,-12.0,25.0,-13.0,24.0,-14.0,22.0,-14.0,20.0,-13.0,17.0,-12.0,14.0,-10.0,11.0,-7.0,7.0,-4.0,3.0,-1.0,-1.0,3.0,-4.0,6.0,-7.0,9.0,-9.0,11.0,-10.0,12.0,-11.0,13.0,-11.0,14.0,-11.0,14.0,-10.0,13.0,0.0,0.0,0.0,0.0,0.0,0.0,0.0,0.0,0.0,0.0
1.6764,122.0,-96.0,7.0,0.0,23.0,-1.0,23.0,-2.0,22.0,-2.0,22.0,-2.0,22.0,-3.0,21.0,-3.0,21.0,-4.0,21.0,-5.0,20.0,-4.0,20.0,-5.0,20.0,-6.0,20.0,-6.0,20.0,-6.0,19.0,-6.0,20.0,-6.0,19.0,-6.0,19.0,-6.0,18.0,-5.0,18.0,-5.0,17.0,-4.0,17.0,-4.0,16.0,-4.0,16.0,-4.0,16.0,-3.0,16.0,-3.0,0.0,0.0,0.0,0.0,0.0,0.0,0.0,0.0,0.0,0.0
1.69,122.0,-96.0,7.0,0.0,-40.0,-5.0,-39.0,-4.0,-37.0,-4.0,-32.0,-2.0,-27.0,-1.0,-21.0,-1.0,-14.0,-2.0,-8.0,-2.0,0.0,-4.0,6.0,-6.0,12.0,-9.0,17.0,-11.0,21.0,-13.0,24.0,-14.0,26.0,-15.0,26.0,-17.0,25.0,-16.0,23.0,-15.0,20.0,-13.0,16.0,-11.0,12.0,-9.0,8.0,-6.0,4.0,-2.0,1.0,0.0,-3.0,3.0,0.0,0.0,0.0,0.0,0.0,0.0,0.0,0.0,0.0,0.0
1.7039,122.0,-96.0,7.0,0.0,-25.0,-9.0,-20.0,-7.0,-14.0,-7.0,-8.0,-4.0,-1.0,-4.0,6.0,-3.0,12.0,-4.0,17.0,-5.0,22.0,-5.0,24.0,-7.0,27.0,-9.0,27.0,-9.0,27.0,-10.0,26.0,-9.0,24.0,-9.0,20.0,-9.0,16.0,-6.0,12.0,-4.0,7.0,-2.0,3.0,0.0,-1.0,2.0,-5.0,4.0,-8.0,6.0,-10.0,8.0,-12.0,9.0,0.0,0.0,0.0,0.0,0.0,0.0,0.0,0.0,0.0,0.0
1.7127,122.0,-96.0,7.0,0.0,-19.0,3.0,-19.0,4.0,-18.0,3.0,-18.0,4.0,-17.0,4.0,-17.0,4.0,-17.0,5.0,-17.0,5.0,-16.0,5.0,-16.0,6.0,-16.0,6.0,-16.0,6.0,-16.0,6.0,-16.0,6.0,-15.0,6.0,-16.0,6.0,-15.0,5.0,-15.0,5.0,-14.0,5.0,-14.0,4.0,-14.0,4.0,-13.0,4.0,-13.0,4.0,-13.0,3.0,-13.0,3.0,0.0,0.0,0.0,0.0,0.0,0.0,0.0,0.0,0.0,0.0
1.7266,122.0,-96.0,7.0,0.0,15.0,-32.0,14.0,-32.0,13.0,-30.0,11.0,-27.0,8.0,-23.0,6.0,-18.0,5.0,-12.0,4.0,-6.0,3.0,0.0,2.0,6.0,2.0,12.0,2.0,17.0,3.0,21.0,4.0,24.0,5.0,26.0,4.0,26.0,5.0,26.0,5.0,24.0,4.0,21.0,3.0,17.0,3.0,13.0,2.0,9.0,0.0,5.0,-1.0,1.0,-2.0,-2.0,0.0,0.0,0.0,0.0,0.0,0.0,0.0,0.0,0.0,0.0
1.7384,122.0,-96.0,7.0,0.0,-19.0,-18.0,-19.0,-18.0,-18.0,-17.0,-18.0,-16.0,-18.0,-15.0,-18.0,-15.0,-18.0,-14.0,-18.0,-13.0,-19.0,-13.0,-19.0,-13.0,-19.0,-13.0,-19.0,-12.0,-19.0,-12.0,-19.0,-12.0,-19.0,-12.0,-18.0,-12.0,-18.0,-12.0,-17.0,-12.0,-16.0,-12.0,-16.0,-11.0,-16.0,-11.0,-15.0,-11.0,-14.0,-11.0,-14.0,-11.0,-13.0,-11.0,0.0,0.0,0.0,0.0,0.0,0.0,0.0,0.0,0.0,0.0
1.7522,122.0,-96.0,7.0,0.0,8.0,-20.0,10.0,-23.0,11.0,-26.0,11.0,-27.0,10.0,-28.0,9.0,-27.0,8.0,-25.0,7.0,-23.0,6.0,-19.0,5.0,-14.0,2.0,-9.0,2.0,-4.0,2.0,1.0,2.0,6.0,2.0,11.0,2.0,15.0,2.0,18.0,2.0,20.0,2.0,21.0,2.0,20.0,3.0,19.0,3.0,17.0,2.0,15.0,1.0,12.0,1.0,9.0,0.0,0.0,0.0,0.0,0.0,0.0,0.0,0.0,0.0,0.0
1.7664,122.0,-96.0,7.0,0.0,2.0,-1.0,0.0,4.0,-1.0,9.0,-2.0,14.0,-3.0,18.0,-3.0,21.0,-3.0,23.0,-3.0,24.0,-3.0,25.0,-2.0,23.0,-1.0,22.0,-1.0,19.0,-1.0,15.0,-1.0,12.0,-1.0,7.0,-2.0,3.0,-2.0,-1.0,-3.0,-6.0,-3.0,-9.0,-4.0,-12.0,-5.0,-14.0,-6.0,-15.0,-6.0,-16.0,-5.0,-15.0,-5.0,-15.0,0.0,0.0,0.0,0.0,0.0,0.0,0.0,0.0,0.0,0.0
1.7763,122.0,-96.0,7.0,0.0,-25.0,-6.0,-26.0,-6.0,-24.0,-5.0,-25.0,-5.0,-24.0,-4.0,-24.0,-4.0,-23.0,-3.0,-23.0,-3.0,-23.0,-2.0,-23.0,-1.0,-23.0,-1.0,-23.0,-1.0,-23.0,0.0,-22.0,-1.0,-23.0,-1.0,-22.0,-1.0,-22.0,-1.0,-21.0,-1.0,-20.0,-1.0,-20.0,-2.0,-19.0,-2.0,-18.0,-1.0,-18.0,-2.0,-18.0,-2.0,-18.0,-2.0,0.0,0.0,0.0,0.0,0.0,0.0,0.0,0.0,0.0,0.0
1.7887,122.0,-96.0,7.0,0.0,34.0,18.0,34.0,17.0,33.0,16.0,29.0,13.0,24.0,10.0,19.0,8.0,13.0,6.0,6.0,4.0,-1.0,3.0,-8.0,2.0,-14.0,2.0,-20.0,3.0,-24.0,3.0,-29.0,4.0,-30.0,4.0,-31.0,5.0,-30.0,4.0,-28.0,4.0,-25.0,4.0,-21.0,3.0,-16.0,3.0,-11.0,2.0,-7.0,0.0,-2.0,-1.0,2.0,-2.0,0.0,0.0,0.0,0.0,0.0,0.0,0.0,0.0,0.0,0.0
1.8045,122.0,-96.0,7.0,0.0,-30.0,-10.0,-30.0,-10.0,-28.0,-9.0,-25.0,-7.0,-21.0,-6.0,-17.0,-5.0,-12.0,-4.0,-7.0,-3.0,-1.0,-3.0,4.0,-3.0,9.0,-4.0,14.0,-6.0,17.0,-6.0,20.0,-7.0,22.0,-8.0,22.0,-8.0,22.0,-8.0,21.0,-8.0,19.0,-7.0,15.0,-6.0,12.0,-5.0,8.0,-4.0,5.0,-2.0,2.0,-1.0,-1.0,1.0,0.0,0.0,0.0,0.0,0.0,0.0,0.0,0.0,0.0,0.0
1.8128,122.0,-96.0,7.0,0.0,0.0,25.0,1.0,25.0,1.0,24.0,1.0,23.0,3.0,23.0,3.0,23.0,3.0,22.0,4.0,22.0,4.0,22.0,4.0,21.0,5.0,21.0,5.0,21.0,6.0,21.0,5.0,21.0,5.0,21.0,5.0,20.0,5.0,20.0,5.0,19.0,4.0,19.0,4.0,18.0,4.0,18.0,4.0,17.0,3.0,17.0,3.0,17.0,2.0,16.0,0.0,0.0,0.0,0.0,0.0,0.0,0.0,0.0,0.0,0.0
1.824,122.0,-96.0,7.0,0.0,-20.0,-16.0,-21.0,-16.0,-20.0,-15.0,-20.0,-15.0,-20.0,-14.0,-20.0,-14.0,-20.0,-12.0,-20.0,-12.0,-20.0,-12.0,-21.0,-11.0,-21.0,-10.0,-20.0,-10.0,-20.0,-10.0,-20.0,-10.0,-20.0,-10.0,-20.0,-10.0,-19.0,-10.0,-19.0,-10.0,-18.0,-10.0,-18.0,-10.0,-17.0,-10.0,-16.0,-9.0,-16.0,-9.0,-15.0,-9.0,-15.0,-10.0,0.0,0.0,0.0,0.0,0.0,0.0,0.0,0.0,0.0,0.0
1.8327,122.0,-96.0,7.0,0.0,-12.0,10.0,-12.0,10.0,-11.0,10.0,-11.0,10.0,-11.0,10.0,-11.0,10.0,-10.0,10.0,-10.0,10.0,-9.0,10.0,-9.0,10.0,-9.0,10.0,-9.0,10.0,-9.0,11.0,-9.0,10.0,-9.0,10.0,-7.0,10.0,-9.0,10.0,-8.0,9.0,-9.0,10.0,-8.0,10.0,-8.0,8.0,-8.0,8.0,-7.0,7.0,-7.0,8.0,-8.0,7.0,0.0,0.0,0.0,0.0,0.0,0.0,0.0,0.0,0.0,0.0
1.8477,122.0,-96.0,7.0,0.0,-32.0,4.0,-31.0,5.0,-29.0,5.0,-26.0,5.0,-21.0,4.0,-17.0,3.0,-11.0,1.0,-7.0,0.0,-2.0,-3.0,3.0,-5.0,8.0,-9.0,11.0,-11.0,13.0,-14.0,16.0,-15.0,17.0,-17.0,17.0,-18.0,17.0,-17.0,15.0,-16.0,14.0,-14.0,11.0,-12.0,8.0,-10.0,6.0,-7.0,3.0,-4.0,1.0,-1.0,-1.0,1.0,0.0,0.0,0.0,0.0,0.0,0.0,0.0,0.0,0.0,0.0
1.8603,122.0,-96.0,7.0,0.0,-3.0,-2.0,2.0,-5.0,7.0,-8.0,11.0,-10.0,14.0,-12.0,16.0,-15.0,17.0,-16.0,18.0,-18.0,18.0,-19.0,17.0,-18.0,14.0,-17.0,12.0,-15.0,10.0,-12.0,8.0,-9.0,5.0,-6.0,3.0,-2.0,0.0,2.0,-2.0,5.0,-4.0,8.0,-5.0,11.0,-6.0,12.0,-7.0,13.0,-6.0,14.0,-7.0,14.0,-7.0,13.0,0.0,0.0,0.0,0.0,0.0,0.0,0.0,0.0,0.0,0.0
1.8758,122.0,-96.0,7.0,0.0,-17.0,-32.0,-18.0,-31.0,-17.0,-29.0,-16.0,-25.0,-14.0,-21.0,-11.0,-16.0,-7.0,-12.0,-3.0,-7.0,2.0,-3.0,6.0,1.0,11.0,4.0,15.0,6.0,19.0,9.0,23.0,10.0,24.0,11.0,24.0,11.0,24.0,11.0,22.0,10.0,20.0,8.0,17.0,7.0,13.0,5.0,9.0,3.0,5.0,2.0,0.0,0.0,-3.0,0.0,0.0,0.0,0.0,0.0,0.0,0.0,0.0,0.0,0.0,0.0
1.8891,122.0,-96.0,7.0,0.0,21.0,8.0,16.0,7.0,11.0,6.0,5.0,3.0,0.0,2.0,-6.0,1.0,-12.0,1.0,-16.0,2.0,-20.0,1.0,-23.0,2.0,-25.0,3.0,-26.0,4.0,-26.0,5.0,-26.0,4.0,-23.0,4.0,-20.0,4.0,-16.0,2.0,-12.0,1.0,-7.0,0.0,-3.0,-1.0,1.0,-2.0,5.0,-3.0,7.0,-5.0,10.0,-6.0,11.0,-7.0,0.0,0.0,0.0,0.0,0.0,0.0,0.0,0.0,0.0,0.0
1.8987,122.0,-96.0,7.0,0.0,-24.0,-8.0,-24.0,-8.0,-22.0,-7.0,-23.0,-7.0,-23.0,-5.0,-23.0,-5.0,-22.0,-4.0,-22.0,-4.0,-22.0,-4.0,-22.0,-4.0,-22.0,-3.0,-22.0,-3.0,-22.0,-2.0,-21.0,-3.0,-22.0,-3.0,-21.0,-2.0,-21.0,-3.0,-20.0,-3.0,-19.0,-3.0,-19.0,-3.0,-18.0,-3.0,-17.0,-3.0,-17.0,-3.0,-17.0,-4.0,-16.0,-4.0,0.0,0.0,0.0,0.0,0.0,0.0,0.0,0.0,0.0,0.0
1.9123,122.0,-96.0,7.0,0.0,7.0,23.0,8.0,27.0,9.0,30.0,11.0,31.0,12.0,31.0,12.0,30.0,12.0,27.0,10.0,24.0,8.0,20.0,6.0,15.0,3.0,10.0,0.0,5.0,-3.0,0.0,-7.0,-5.0,-9.0,-9.0,-13.0,-11.0,-15.0,-15.0,-17.0,-16.0,-17.0,-17.0,-17.0,-17.0,-17.0,-16.0,-16.0,-15.0,-13.0,-13.0,-11.0,-11.0,-9.0,-9.0,0.0,0.0,0.0,0.0,0.0,0.0,0.0,0.0,0.0,0.0
1.9257,122.0,-96.0,7.0,0.0,14.0,-26.0,11.0,-21.0,8.0,-15.0,5.0,-8.0,3.0,-1.0,1.0,6.0,1.0,13.0,0.0,19.0,0.0,24.0,1.0,28.0,1.0,31.0,2.0,33.0,3.0,33.0,3.0,32.0,4.0,29.0,3.0,25.0,3.0,20.0,1.0,15.0,0.0,9.0,-1.0,4.0,-3.0,-2.0,-4.0,-6.0,-5.0,-10.0,-6.0,-13.0,-7.0,-15.0,0.0,0.0,0.0,0.0,0.0,0.0,0.0,0.0,0.0,0.0
1.938,122.0,-96.0,7.0,0.0,21.0,-12.0,24.0,-14.0,28.0,-16.0,28.0,-17.0,28.0,-18.0,27.0,-18.0,24.0,-17.0,22.0,-16.0,19.0,-14.0,14.0,-11.0,9.0,-7.0,5.0,-3.0,1.0,1.0,-2.0,6.0,-6.0,9.0,-9.0,13.0,-11.0,16.0,-12.0,18.0,-13.0,19.0,-14.0,19.0,-12.0,18.0,-11.0,17.0,-10.0,15.0,-9.0,13.0,-8.0,10.0,0.0,0.0,0.0,0.0,0.0,0.0,0.0,0.0,0.0,0.0
1.9554,122.0,-96.0,7.0,0.0,-9.0,-31.0,-9.0,-30.0,-9.0,-29.0,-9.0,-25.0,-8.0,-21.0,-6.0,-16.0,-4.0,-11.0,-1.0,-7.0,2.0,-2.0,5.0,3.0,8.0,7.0,10.0,10.0,13.0,12.0,16.0,15.0,17.0,15.0,17.0,16.0,17.0,16.0,17.0,15.0,14.0,13.0,12.0,11.0,9.0,8.0,6.0,5.0,3.0,3.0,0.0,1.0,-3.0,-2.0,0.0,0.0,0.0,0.0,0.0,0.0,0.0,0.0,0.0,0.0
1.9667,122.0,-96.0,7.0,0.0,2.0,0.0,-3.0,4.0,-8.0,6.0,-12.0,8.0,-15.0,11.0,-17.0,13.0,-18.0,15.0,-19.0,17.0,-19.0,17.0,-18.0,17.0,-16.0,16.0,-14.0,14.0,-11.0,11.0,-9.0,9.0,-6.0,5.0,-3.0,1.0,-1.0,-3.0,1.0,-6.0,3.0,-9.0,5.0,-11.0,5.0,-13.0,6.0,-14.0,6.0,-15.0,7.0,-15.0,6.0,-14.0,0.0,0.0,0.0,0.0,0.0,0.0,0.0,0.0,0.0,0.0
1.9762,122.0,-96.0,7.0,0.0,-25.0,5.0,-24.0,5.0,-24.0,5.0,-22.0,5.0,-22.0,6.0,-22.0,6.0,-22.0,6.0,-21.0,7.0,-22.0,7.0,-21.0,8.0,-21.0,8.0,-20.0,8.0,-20.0,7.0,-21.0,8.0,-20.0,7.0,-20.0,7.0,-19.0,7.0,-19.0,6.0,-18.0,6.0,-18.0,5.0,-17.0,5.0,-18.0,5.0,-17.0,4.0,-17.0,4.0,-16.0,3.0,0.0,0.0,0.0,0.0,0.0,0.0,0.0,0.0,0.0,0.0
1.9896,122.0,-96.0,7.0,0.0,-16.0,12.0,-18.0,14.0,-20.0,16.0,-21.0,16.0,-21.0,17.0,-20.0,17.0,-18.0,16.0,-16.0,15.0,-14.0,13.0,-11.0,9.0,-7.0,5.0,-4.0,2.0,-1.0,-2.0,1.0,-6.0,3.0,-9.0,5.0,-13.0,6.0,-15.0,7.0,-17.0,8.0,-18.0,8.0,-17.0,7.0,-17.0,6.0,-15.0,5.0,-14.0,5.0,-12.0,4.0,-9.0,0.0,0.0,0.0,0.0,0.0,0.0,0.0,0.0,0.0,0.0
1.9997,122.0,-96.0,7.0,0.0,-19.0,16.0,-19.0,16.0,-18.0,15.0,-17.0,15.0,-16.0,16.0,-16.0,16.0,-15.0,16.0,-15.0,16.0,-15.0,16.0,-15.0,16.0,-14.0,16.0,-14.0,16.0,-14.0,17.0,-13.0,16.0,-13.0,16.0,-13.0,16.0,-13.0,15.0,-13.0,15.0,-12.0,14.0,-13.0,14.0,-12.0,13.0,-12.0,12.0,-12.0,12.0,-12.0,12.0,-12.0,11.0,0.0,0.0,0.0,0.0,0.0,0.0,0.0,0.0,0.0,0.0
2.009,122.0,-96.0,7.0,0.0,22.0,12.0,21.0,12.0,21.0,12.0,21.0,11.0,21.0,10.0,21.0,9.0,21.0,9.0,21.0,8.0,21.0,8.0,21.0,7.0,21.0,7.0,21.0,7.0,20.0,6.0,21.0,7.0,20.0,6.0,21.0,7.0,19.0,7.0,19.0,7.0,18.0,7.0,18.0,7.0,17.0,7.0,17.0,7.0,16.0,6.0,16.0,6.0,15.0,7.0,0.0,0.0,0.0,0.0,0.0,0.0,0.0,0.0,0.0,0.0
2.0227,122.0,-96.0,7.0,0.0,-6.0,-19.0,-7.0,-22.0,-8.0,-25.0,-9.0,-26.0,-10.0,-26.0,-10.0,-25.0,-10.0,-23.0,-8.0,-20.0,-7.0,-17.0,-5.0,-13.0,-4.0,-9.0,-1.0,-5.0,1.0,0.0,5.0,3.0,7.0,7.0,9.0,9.0,11.0,12.0,12.0,13.0,12.0,14.0,12.0,13.0,12.0,13.0,11.0,12.0,9.0,10.0,7.0,8.0,5.0,6.0,0.0,0.0,0.0,0.0,0.0,0.0,0.0,0.0,0.0,0.0
2.0376,122.0,-96.0,7.0,0.0,-21.0,-9.0,-24.0,-10.0,-27.0,-11.0,-28.0,-11.0,-29.0,-11.0,-28.0,-10.0,-26.0,-9.0,-23.0,-7.0,-20.0,-6.0,-14.0,-6.0,-10.0,-3.0,-4.0,-2.0,1.0,-2.0,7.0,-2.0,11.0,-2.0,15.0,-1.0,18.0,-1.0,20.0,-1.0,21.0,-1.0,20.0,-1.0,19.0,-1.0,18.0,-1.0,15.0,-1.0,13.0,-1.0,9.0,-1.0,0.0,0.0,0.0,0.0,0.0,0.0,0.0,0.0,0.0,0.0
2.0524,122.0,-96.0,7.0,0.0,-38.0,-14.0,-38.0,-13.0,-35.0,-12.0,-32.0,-11.0,-27.0,-8.0,-21.0,-7.0,-14.0,-5.0,-8.0,-4.0,0.0,-3.0,6.0,-3.0,13.0,-4.0,19.0,-4.0,23.0,-5.0,27.0,-5.0,30.0,-5.0,29.0,-6.0,29.0,-5.0,27.0,-5.0,25.0,-4.0,20.0,-4.0,16.0,-4.0,10.0,-2.0,6.0,-1.0,1.0,-1.0,-3.0,1.0,0.0,0.0,0.0,0.0,0.0,0.0,0.0,0.0,0.0,0.0
2.0636,122.0,-96.0,7.0,0.0,-25.0,-6.0,-25.0,-6.0,-24.0,-5.0,-24.0,-5.0,-24.0,-4.0,-23.0,-4.0,-23.0,-3.0,-23.0,-3.0,-23.0,-3.0,-23.0,-2.0,-23.0,-1.0,-23.0,-1.0,-23.0,-1.0,-22.0,-1.0,-22.0,-1.0,-22.0,-1.0,-21.0,-1.0,-21.0,-1.0,-20.0,-1.0,-20.0,-2.0,-19.0,-2.0,-18.0,-2.0,-18.0,-2.0,-17.0,-2.0,-17.0,-3.0,0.0,0.0,0.0,0.0,0.0,0.0,0.0,0.0,0.0,0.0
2.0779,122.0,-96.0,7.0,0.0,-17.0,14.0,-19.0,16.0,-22.0,18.0,-22.0,19.0,-22.0,20.0,-21.0,20.0,-19.0,19.0,-17.0,17.0,-14.0,15.0,-12.0,11.0,-8.0,7.0,-5.0,3.0,-2.0,-1.0,0.0,-6.0,3.0,-10.0,5.0,-13.0,6.0,-16.0,8.0,-19.0,9.0,-19.0,9.0,-19.0,8.0,-19.0,7.0,-17.0,6.0,-16.0,6.0,-13.0,5.0,-10.0,0.0,0.0,0.0,0.0,0.0,0.0,0.0,0.0,0.0,0.0
2.0883,122.0,-96.0,7.0,0.0,-22.0,-14.0,-21.0,-13.0,-20.0,-13.0,-20.0,-12.0,-20.0,-11.0,-20.0,-11.0,-20.0,-10.0,-21.0,-10.0,-21.0,-10.0,-20.0,-9.0,-20.0,-9.0,-20.0,-8.0,-20.0,-8.0,-20.0,-8.0,-20.0,-8.0,-20.0,-8.0,-19.0,-8.0,-18.0,-8.0,-18.0,-8.0,-17.0,-8.0,-17.0,-8.0,-16.0,-8.0,-16.0,-8.0,-15.0,-8.0,-15.0,-9.0,0.0,0.0,0.0,0.0,0.0,0.0,0.0,0.0,0.0,0.0
2.1019,122.0,-96.0,7.0,0.0,30.0,9.0,30.0,8.0,27.0,8.0,24.0,6.0,21.0,5.0,16.0,3.0,11.0,2.0,5.0,2.0,0.0,1.0,-5.0,1.0,-11.0,3.0,-16.0,3.0,-19.0,4.0,-22.0,4.0,-24.0,5.0,-24.0,5.0,-24.0,5.0,-22.0,5.0,-20.0,4.0,-16.0,4.0,-13.0,3.0,-9.0,2.0,-5.0,0.0,-2.0,0.0,1.0,-2.0,0.0,0.0,0.0,0.0,0.0,0.0,0.0,0.0,0.0,0.0
2.1161,122.0,-96.0,7.0,0.0,1.0,1.0,-5.0,2.0,-11.0,3.0,-16.0,3.0,-20.0,4.0,-23.0,5.0,-26.0,6.0,-27.0,7.0,-28.0,8.0,-26.0,8.0,-24.0,8.0,-22.0,7.0,-18.0,6.0,-14.0,4.0,-10.0,2.0,-5.0,0.0,-1.0,-2.0,3.0,-4.0,7.0,-6.0,10.0,-8.0,12.0,-9.0,13.0,-9.0,13.0,-10.0,14.0,-10.0,14.0,-10.0,0.0,0.0,0.0,0.0,0.0,0.0,0.0,0.0,0.0,0.0
2.1241,122.0,-96.0,7.0,0.0,4.0,23.0,4.0,23.0,4.0,22.0,4.0,22.0,5.0,22.0,5.0,22.0,6.0,21.0,6.0,21.0,6.0,20.0,7.0,20.0,7.0,19.0,7.0,19.0,7.0,20.0,7.0,19.0,7.0,19.0,7.0,19.0,7.0,19.0,6.0,18.0,5.0,18.0,5.0,17.0,5.0,17.0,4.0,16.0,4.0,16.0,4.0,16.0,3.0,16.0,0.0,0.0,0.0,0.0,0.0,0.0,0.0,0.0,0.0,0.0
2.1325,122.0,-96.0,7.0,0.0,23.0,-3.0,24.0,-3.0,21.0,-4.0,23.0,-4.0,22.0,-5.0,21.0,-5.0,20.0,-6.0,21.0,-6.0,20.0,-6.0,20.0,-7.0,20.0,-7.0,20.0,-7.0,20.0,-8.0,19.0,-7.0,20.0,-7.0,19.0,-8.0,19.0,-7.0,18.0,-7.0,18.0,-6.0,17.0,-6.0,17.0,-6.0,16.0,-5.0,16.0,-5.0,15.0,-5.0,15.0,-4.0,0.0,0.0,0.0,0.0,0.0,0.0,0.0,0.0,0.0,0.0
2.1399,122.0,-96.0,7.0,0.0,9.0,12.0,9.0,12.0,9.0,12.0,9.0,12.0,9.0,11.0,9.0,10.0,9.0,10.0,9.0,10.0,9.0,9.0,9.0,9.0,10.0,9.0,9.0,9.0,10.0,9.0,10.0,9.0,9.0,9.0,10.0,8.0,9.0,8.0,9.0,8.0,8.0,7.0,9.0,7.0,7.0,8.0,7.0,9.0,7.0,8.0,6.0,8.0,6.0,6.0,0.0,0.0,0.0,0.0,0.0,0.0,0.0,0.0,0.0,0.0
2.1529,122.0,-96.0,7.0,0.0,4.0,23.0,5.0,27.0,6.0,30.0,7.0,32.0,8.0,32.0,8.0,31.0,8.0,29.0,7.0,25.0,6.0,21.0,4.0,16.0,3.0,11.0,0.0,5.0,-2.0,0.0,-5.0,-5.0,-8.0,-10.0,-10.0,-13.0,-12.0,-17.0,-13.0,-19.0,-13.0,-20.0,-14.0,-20.0,-13.0,-19.0,-12.0,-18.0,-11.0,-16.0,-9.0,-13.0,-7.0,-10.0,0.0,0.0,0.0,0.0,0.0,0.0,0.0,0.0,0.0,0.0
2.1686,122.0,-96.0,7.0,0.0,-1.0,-3.0,4.0,0.0,9.0,3.0,14.0,6.0,18.0,8.0,21.0,9.0,24.0,10.0,25.0,10.0,25.0,9.0,25.0,8.0,23.0,7.0,21.0,6.0,17.0,5.0,14.0,4.0,9.0,3.0,4.0,2.0,-1.0,2.0,-5.0,0.0,-9.0,0.0,-13.0,-1.0,-15.0,-2.0,-17.0,-2.0,-17.0,-2.0,-18.0,-2.0,-17.0,-2.0,0.0,0.0,0.0,0.0,0.0,0.0,0.0,0.0,0.0,0.0
2.1811,122.0,-96.0,7.0,0.0,23.0,-5.0,18.0,-4.0,13.0,-3.0,7.0,-1.0,2.0,1.0,-4.0,3.0,-8.0,5.0,-13.0,8.0,-16.0,10.0,-18.0,12.0,-20.0,14.0,-21.0,15.0,-21.0,16.0,-20.0,15.0,-19.0,14.0,-17.0,13.0,-13.0,10.0,-10.0,7.0,-7.0,4.0,-4.0,1.0,-1.0,-2.0,2.0,-4.0,4.0,-6.0,6.0,-9.0,8.0,-10.0,0.0,0.0,0.0,0.0,0.0,0.0,0.0,0.0,0.0,0.0
2.1932,122.0,-96.0,7.0,0.0,-32.0,-3.0,-31.0,-3.0,-30.0,-3.0,-26.0,-2.0,-22.0,-1.0,-18.0,-1.0,-12.0,-1.0,-7.0,-1.0,-1.0,-2.0,4.0,-3.0,9.0,-5.0,13.0,-7.0,17.0,-8.0,20.0,-8.0,21.0,-9.0,22.0,-10.0,21.0,-9.0,20.0,-9.0,18.0,-8.0,15.0,-7.0,12.0,-6.0,8.0,-4.0,4.0,-2.0,2.0,-1.0,-1.0,1.0,0.0,0.0,0.0,0.0,0.0,0.0,0.0,0.0,0.0,0.0
2.2027,122.0,-96.0,7.0,0.0,16.0,-18.0,16.0,-19.0,15.0,-18.0,15.0,-18.0,14.0,-18.0,13.0,-18.0,13.0,-18.0,12.0,-19.0,11.0,-18.0,11.0,-19.0,11.0,-19.0,11.0,-19.0,10.0,-19.0,11.0,-18.0,11.0,-19.0,10.0,-18.0,10.0,-18.0,10.0,-17.0,10.0,-16.0,10.0,-16.0,10.0,-15.0,10.0,-14.0,9.0,-14.0,9.0,-14.0,10.0,-14.0,0.0,0.0,0.0,0.0,0.0,0.0,0.0,0.0,0.0,0.0
2.2185,122.0,-96.0,7.0,0.0,-4.0,-2.0,3.0,-4.0,11.0,-7.0,17.0,-9.0,22.0,-11.0,26.0,-13.0,29.0,-15.0,31.0,-16.0,31.0,-18.0,29.0,-18.0,27.0,-17.0,23.0,-16.0,20.0,-13.0,16.0,-10.0,11.0,-6.0,6.0,-3.0,0.0,2.0,-4.0,5.0,-9.0,8.0,-12.0,10.0,-14.0,11.0,-16.0,13.0,-16.0,14.0,-17.0,14.0,-17.0,13.0,0.0,0.0,0.0,0.0,0.0,0.0,0.0,0.0,0.0,0.0
2.2318,122.0,-96.0,7.0,0.0,-5.0,-40.0,-5.0,-39.0,-6.0,-37.0,-5.0,-34.0,-6.0,-28.0,-5.0,-22.0,-3.0,-15.0,-1.0,-9.0,2.0,-2.0,4.0,4.0,8.0,10.0,10.0,15.0,13.0,19.0,15.0,22.0,17.0,24.0,17.0,24.0,17.0,24.0,16.0,22.0,14.0,20.0,12.0,17.0,10.0,13.0,7.0,9.0,4.0,5.0,0.0,2.0,-3.0,-2.0,0.0,0.0,0.0,0.0,0.0,0.0,0.0,0.0,0.0,0.0
2.2424,122.0,-96.0,7.0,0.0,-9.0,-24.0,-9.0,-23.0,-9.0,-23.0,-9.0,-22.0,-9.0,-21.0,-10.0,-21.0,-10.0,-20.0,-11.0,-20.0,-11.0,-20.0,-11.0,-20.0,-11.0,-19.0,-11.0,-19.0,-12.0,-19.0,-12.0,-19.0,-11.0,-19.0,-11.0,-19.0,-11.0,-18.0,-10.0,-18.0,-9.0,-17.0,-9.0,-17.0,-9.0,-17.0,-8.0,-16.0,-8.0,-16.0,-7.0,-16.0,-7.0,-16.0,0.0,0.0,0.0,0.0,0.0,0.0,0.0,0.0,0.0,0.0
2.2568,122.0,-96.0,7.0,0.0,-23.0,-21.0,-18.0,-17.0,-13.0,-14.0,-7.0,-8.0,-1.0,-3.0,5.0,1.0,12.0,4.0,18.0,6.0,23.0,8.0,27.0,8.0,30.0,9.0,31.0,9.0,32.0,8.0,31.0,8.0,28.0,7.0,24.0,6.0,20.0,5.0,14.0,4.0,9.0,3.0,3.0,2.0,-3.0,0.0,-7.0,0.0,-11.0,-1.0,-15.0,-1.0,-17.0,-2.0,0.0,0.0,0.0,0.0,0.0,0.0,0.0,0.0,0.0,0.0
2.2671,122.0,-96.0,7.0,0.0,17.0,-16.0,17.0,-17.0,17.0,-16.0,17.0,-16.0,16.0,-17.0,15.0,-17.0,14.0,-17.0,14.0,-17.0,13.0,-17.0,13.0,-18.0,12.0,-17.0,12.0,-18.0,12.0,-18.0,12.0,-17.0,12.0,-17.0,12.0,-17.0,12.0,-17.0,11.0,-16.0,11.0,-16.0,11.0,-15.0,11.0,-14.0,11.0,-14.0,10.0,-13.0,10.0,-13.0,10.0,-13.0,0.0,0.0,0.0,0.0,0.0,0.0,0.0,0.0,0.0,0.0
2.2826,122.0,-96.0,7.0,0.0,-30.0,12.0,-29.0,12.0,-27.0,11.0,-24.0,11.0,-20.0,10.0,-16.0,7.0,-11.0,5.0,-7.0,2.0,-3.0,-1.0,1.0,-5.0,5.0,-9.0,8.0,-12.0,11.0,-15.0,12.0,-17.0,14.0,-18.0,14.0,-19.0,14.0,-19.0,13.0,-18.0,12.0,-16.0,10.0,-14.0,8.0,-12.0,5.0,-8.0,3.0,-5.0,2.0,-3.0,0.0,0.0,0.0,0.0,0.0,0.0,0.0,0.0,0.0,0.0,0.0,0.0
2.2961,122.0,-96.0,7.0,0.0,6.0,39.0,6.0,38.0,7.0,36.0,6.0,32.0,6.0,27.0,5.0,21.0,3.0,15.0,0.0,8.0,-2.0,2.0,-5.0,-4.0,-8.0,-10.0,-11.0,-15.0,-14.0,-19.0,-17.0,-22.0,-18.0,-25.0,-18.0,-24.0,-19.0,-25.0,-18.0,-24.0,-16.0,-21.0,-14.0,-19.0,-11.0,-14.0,-8.0,-11.0,-5.0,-7.0,-2.0,-3.0,1.0,0.0,0.0,0.0,0.0,0.0,0.0,0.0,0.0,0.0,0.0,0.0
2.3086,122.0,-96.0,7.0,0.0,6.0,25.0,5.0,20.0,3.0,15.0,0.0,8.0,-2.0,1.0,-5.0,-4.0,-9.0,-10.0,-12.0,-14.0,-15.0,-18.0,-17.0,-20.0,-19.0,-22.0,-20.0,-22.0,-21.0,-21.0,-21.0,-21.0,-19.0,-19.0,-16.0,-16.0,-13.0,-13.0,-9.0,-10.0,-5.0,-6.0,-2.0,-3.0,2.0,0.0,5.0,3.0,8.0,5.0,10.0,6.0,12.0,8.0,0.0,0.0,0.0,0.0,0.0,0.0,0.0,0.0,0.0,0.0
2.3231,122.0,-96.0,7.0,0.0,22.0,-16.0,17.0,-13.0,13.0,-9.0,8.0,-5.0,3.0,0.0,-2.0,4.0,-6.0,9.0,-9.0,14.0,-11.0,18.0,-12.0,21.0,-14.0,24.0,-14.0,26.0,-14.0,26.0,-14.0,25.0,-12.0,23.0,-11.0,20.0,-9.0,17.0,-7.0,12.0,-5.0,8.0,-3.0,3.0,-1.0,-1.0,0.0,-5.0,1.0,-9.0,2.0,-12.0,3.0,-14.0,0.0,0.0,0.0,0.0,0.0,0.0,0.0,0.0,0.0,0.0
2.3359,122.0,-96.0,7.0,0.0,-24.0,19.0,-19.0,14.0,-14.0,10.0,-9.0,5.0,-4.0,-1.0,1.0,-7.0,5.0,-13.0,8.0,-18.0,10.0,-23.0,11.0,-27.0,12.0,-30.0,12.0,-31.0,12.0,-32.0,11.0,-30.0,9.0,-27.0,8.0,-24.0,6.0,-19.0,4.0,-14.0,3.0,-8.0,1.0,-3.0,0.0,3.0,-1.0,7.0,-2.0,11.0,-2.0,14.0,-3.0,16.0,0.0,0.0,0.0,0.0,0.0,0.0,0.0,0.0,0.0,0.0
2.3491,122.0,-96.0,7.0,0.0,29.0,-20.0,28.0,-21.0,26.0,-19.0,23.0,-18.0,19.0,-16.0,14.0,-12.0,10.0,-8.0,5.0,-4.0,1.0,0.0,-2.0,5.0,-6.0,11.0,-9.0,15.0,-11.0,19.0,-11.0,21.0,-13.0,23.0,-13.0,24.0,-12.0,23.0,-11.0,22.0,-10.0,19.0,-9.0,16.0,-6.0,12.0,-4.0,8.0,-3.0,4.0,-2.0,1.0,0.0,-3.0,0.0,0.0,0.0,0.0,0.0,0.0,0.0,0.0,0.0,0.0
2.3629,122.0,-96.0,7.0,0.0,1.0,-3.0,2.0,3.0,3.0,8.0,5.0,13.0,6.0,17.0,8.0,20.0,9.0,22.0,9.0,22.0,10.0,22.0,10.0,21.0,10.0,19.0,9.0,17.0,7.0,14.0,5.0,11.0,3.0,7.0,0.0,3.0,-2.0,0.0,-4.0,-4.0,-6.0,-7.0,-8.0,-9.0,-9.0,-11.0,-10.0,-12.0,-11.0,-12.0,-11.0,-12.0,-10.0,-12.0,0.0,0.0,0.0,0.0,0.0,0.0,0.0,0.0,0.0,0.0
2.3764,122.0,-96.0,7.0,0.0,35.0,0.0,34.0,-1.0,32.0,-1.0,29.0,-2.0,24.0,-2.0,19.0,-2.0,13.0,-1.0,7.0,0.0,1.0,1.0,-5.0,3.0,-11.0,6.0,-15.0,8.0,-19.0,10.0,-22.0,11.0,-23.0,12.0,-24.0,13.0,-24.0,12.0,-22.0,12.0,-20.0,11.0,-17.0,9.0,-13.0,7.0,-10.0,5.0,-6.0,2.0,-3.0,0.0,0.0,-2.0,0.0,0.0,0.0,0.0,0.0,0.0,0.0,0.0,0.0,0.0
2.3894,122.0,-96.0,7.0,0.0,22.0,-28.0,21.0,-28.0,19.0,-27.0,17.0,-24.0,14.0,-21.0,10.0,-16.0,7.0,-11.0,5.0,-6.0,2.0,-1.0,0.0,5.0,-3.0,11.0,-4.0,16.0,-5.0,20.0,-5.0,23.0,-6.0,25.0,-6.0,26.0,-6.0,25.0,-6.0,24.0,-5.0,21.0,-5.0,18.0,-3.0,14.0,-2.0,10.0,-2.0,5.0,-2.0,2.0,-1.0,-2.0,0.0,0.0,0.0,0.0,0.0,0.0,0.0,0.0,0.0,0.0
2.3988,122.0,-96.0,7.0,0.0,6.0,-24.0,5.0,-24.0,5.0,-23.0,5.0,-23.0,3.0,-23.0,3.0,-23.0,3.0,-22.0,2.0,-22.0,2.0,-23.0,2.0,-22.0,1.0,-22.0,1.0,-22.0,1.0,-21.0,0.0,-22.0,0.0,-22.0,1.0,-22.0,1.0,-20.0,1.0,-20.0,1.0,-20.0,1.0,-19.0,1.0,-18.0,2.0,-18.0,2.0,-18.0,2.0,-17.0,3.0,-17.0,0.0,0.0,0.0,0.0,0.0,0.0,0.0,0.0,0.0,0.0
2.4129,122.0,-96.0,7.0,0.0,-33.0,-24.0,-33.0,-22.0,-31.0,-21.0,-28.0,-18.0,-24.0,-15.0,-19.0,-12.0,-13.0,-9.0,-7.0,-5.0,0.0,-3.0,6.0,-1.0,12.0,0.0,18.0,1.0,23.0,2.0,27.0,3.0,29.0,3.0,30.0,2.0,29.0,3.0,28.0,2.0,25.0,2.0,21.0,1.0,16.0,1.0,11.0,0.0,6.0,0.0,2.0,0.0,-2.0,0.0,0.0,0.0,0.0,0.0,0.0,0.0,0.0,0.0,0.0,0.0
2.4232,122.0,-96.0,7.0,0.0,14.0,-19.0,15.0,-20.0,14.0,-19.0,14.0,-19.0,13.0,-19.0,12.0,-19.0,12.0,-19.0,11.0,-20.0,11.0,-19.0,10.0,-20.0,10.0,-20.0,10.0,-19.0,9.0,-19.0,9.0,-19.0,9.0,-19.0,9.0,-19.0,9.0,-18.0,9.0,-18.0,9.0,-17.0,9.0,-16.0,9.0,-16.0,9.0,-15.0,9.0,-15.0,9.0,-14.0,9.0,-14.0,0.0,0.0,0.0,0.0,0.0,0.0,0.0,0.0,0.0,0.0
2.4343,122.0,-96.0,7.0,0.0,-13.0,-22.0,-14.0,-21.0,-13.0,-21.0,-13.0,-20.0,-13.0,-19.0,-14.0,-19.0,-14.0,-18.0,-14.0,-18.0,-14.0,-17.0,-15.0,-17.0,-15.0,-16.0,-15.0,-16.0,-16.0,-16.0,-15.0,-16.0,-15.0,-16.0,-15.0,-16.0,-14.0,-15.0,-14.0,-15.0,-13.0,-15.0,-13.0,-14.0,-12.0,-15.0,-12.0,-14.0,-12.0,-14.0,-11.0,-14.0,-10.0,-14.0,0.0,0.0,0.0,0.0,0.0,0.0,0.0,0.0,0.0,0.0
2.4487,122.0,-96.0,7.0,0.0,-34.0,-12.0,-34.0,-11.0,-32.0,-10.0,-29.0,-8.0,-24.0,-7.0,-19.0,-6.0,-13.0,-4.0,-8.0,-3.0,-1.0,-3.0,5.0,-3.0,11.0,-4.0,16.0,-4.0,20.0,-5.0,23.0,-5.0,25.0,-6.0,25.0,-7.0,25.0,-7.0,24.0,-6.0,21.0,-6.0,18.0,-5.0,14.0,-4.0,9.0,-3.0,6.0,-2.0,2.0,-1.0,-2.0,0.0,0.0,0.0,0.0,0.0,0.0,0.0,0.0,0.0,0.0,0.0
2.4607,122.0,-96.0,7.0,0.0,31.0,-16.0,31.0,-16.0,29.0,-15.0,25.0,-14.0,21.0,-12.0,16.0,-10.0,11.0,-6.0,6.0,-3.0,1.0,1.0,-3.0,5.0,-8.0,10.0,-11.0,14.0,-13.0,17.0,-15.0,19.0,-16.0,21.0,-16.0,22.0,-16.0,21.0,-15.0,19.0,-13.0,17.0,-11.0,14.0,-9.0,11.0,-6.0,7.0,-3.0,4.0,-2.0,0.0,0.0,-3.0,0.0,0.0,0.0,0.0,0.0,0.0,0.0,0.0,0.0,0.0
2.4756,122.0,-96.0,7.0,0.0,0.0,-3.0,4.0,1.0,8.0,5.0,12.0,9.0,15.0,12.0,18.0,14.0,21.0,16.0,22.0,16.0,22.0,15.0,22.0,14.0,21.0,13.0,18.0,11.0,15.0,9.0,12.0,7.0,8.0,5.0,2.0,3.0,-1.0,1.0,-6.0,-1.0,-10.0,-3.0,-13.0,-4.0,-15.0,-5.0,-16.0,-6.0,-17.0,-6.0,-17.0,-5.0,-16.0,-5.0,0.0,0.0,0.0,0.0,0.0,0.0,0.0,0.0,0.0,0.0
2.489,122.0,-96.0,7.0,0.0,29.0,-10.0,29.0,-10.0,27.0,-10.0,24.0,-10.0,20.0,-8.0,15.0,-7.0,10.0,-4.0,6.0,-2.0,1.0,1.0,-3.0,4.0,-8.0,8.0,-11.0,11.0,-14.0,14.0,-15.0,15.0,-17.0,17.0,-17.0,17.0,-16.0,17.0,-15.0,16.0,-13.0,14.0,-12.0,12.0,-9.0,9.0,-6.0,6.0,-4.0,3.0,-2.0,0.0,0.0,-3.0,0.0,0.0,0.0,0.0,0.0,0.0,0.0,0.0,0.0,0.0
2.5036,122.0,-96.0,7.0,0.0,21.0,-10.0,17.0,-8.0,12.0,-5.0,7.0,-3.0,2.0,1.0,-3.0,4.0,-7.0,8.0,-10.0,11.0,-13.0,15.0,-14.0,17.0,-16.0,20.0,-16.0,21.0,-16.0,21.0,-14.0,20.0,-13.0,18.0,-11.0,16.0,-9.0,12.0,-6.0,8.0,-4.0,4.0,-2.0,1.0,-1.0,-3.0,1.0,-6.0,2.0,-9.0,3.0,-11.0,4.0,-13.0,0.0,0.0,0.0,0.0,0.0,0.0,0.0,0.0,0.0,0.0
2.5173,122.0,-96.0,7.0,0.0,-7.0,-23.0,-9.0,-27.0,-10.0,-30.0,-11.0,-32.0,-12.0,-32.0,-12.0,-31.0,-12.0,-29.0,-10.0,-25.0,-9.0,-22.0,-7.0,-17.0,-5.0,-12.0,-2.0,-7.0,1.0,-1.0,5.0,3.0,7.0,8.0,10.0,11.0,12.0,14.0,13.0,16.0,14.0,17.0,14.0,17.0,14.0,17.0,13.0,16.0,11.0,14.0,9.0,11.0,7.0,9.0,0.0,0.0,0.0,0.0,0.0,0.0,0.0,0.0,0.0,0.0
2.5272,122.0,-96.0,7.0,0.0,1.0,-26.0,1.0,-25.0,1.0,-24.0,0.0,-24.0,-1.0,-23.0,-1.0,-23.0,-2.0,-22.0,-2.0,-22.0,-2.0,-22.0,-3.0,-22.0,-4.0,-22.0,-4.0,-22.0,-4.0,-21.0,-4.0,-21.0,-4.0,-21.0,-4.0,-21.0,-4.0,-21.0,-3.0,-20.0,-3.0,-20.0,-3.0,-19.0,-3.0,-18.0,-3.0,-18.0,-2.0,-18.0,-2.0,-17.0,-1.0,-17.0,0.0,0.0,0.0,0.0,0.0,0.0,0.0,0.0,0.0,0.0
2.5402,122.0,-96.0,7.0,0.0,-22.0,9.0,-26.0,11.0,-29.0,13.0,-31.0,13.0,-30.0,14.0,-29.0,14.0,-26.0,14.0,-24.0,13.0,-20.0,11.0,-16.0,8.0,-11.0,5.0,-6.0,1.0,-1.0,-3.0,3.0,-7.0,7.0,-10.0,10.0,-13.0,13.0,-16.0,14.0,-18.0,15.0,-18.0,15.0,-18.0,14.0,-17.0,13.0,-15.0,11.0,-13.0,10.0,-12.0,8.0,-9.0,0.0,0.0,0.0,0.0,0.0,0.0,0.0,0.0,0.0,0.0
2.5547,122.0,-96.0,7.0,0.0,2.0,-4.0,4.0,4.0,6.0,10.0,9.0,17.0,11.0,22.0,14.0,26.0,16.0,29.0,16.0,30.0,17.0,30.0,17.0,29.0,17.0,26.0,15.0,23.0,13.0,19.0,10.0,15.0,6.0,11.0,2.0,6.0,-1.0,1.0,-5.0,-3.0,-8.0,-7.0,-12.0,-10.0,-14.0,-13.0,-15.0,-15.0,-17.0,-15.0,-16.0,-15.0,-16.0,-15.0,0.0,0.0,0.0,0.0,0.0,0.0,0.0,0.0,0.0,0.0
2.5686,122.0,-96.0,7.0,0.0,-19.0,2.0,-23.0,2.0,-26.0,3.0,-27.0,3.0,-27.0,3.0,-26.0,4.0,-24.0,4.0,-22.0,4.0,-18.0,4.0,-15.0,3.0,-10.0,1.0,-5.0,0.0,-1.0,-2.0,3.0,-4.0,7.0,-6.0,10.0,-7.0,13.0,-9.0,15.0,-9.0,16.0,-10.0,16.0,-10.0,15.0,-9.0,13.0,-9.0,12.0,-8.0,10.0,-7.0,8.0,-5.0,0.0,0.0,0.0,0.0,0.0,0.0,0.0,0.0,0.0,0.0
2.5831,122.0,-96.0,7.0,0.0,-4.0,-21.0,-5.0,-25.0,-6.0,-27.0,-7.0,-29.0,-7.0,-29.0,-8.0,-29.0,-7.0,-26.0,-7.0,-24.0,-6.0,-20.0,-5.0,-16.0,-4.0,-11.0,-2.0,-7.0,1.0,-2.0,4.0,2.0,6.0,6.0,8.0,10.0,10.0,13.0,10.0,15.0,11.0,16.0,12.0,16.0,12.0,15.0,10.0,14.0,10.0,13.0,8.0,10.0,6.0,8.0,0.0,0.0,0.0,0.0,0.0,0.0,0.0,0.0,0.0,0.0
2.5982,122.0,-96.0,7.0,0.0,-3.0,-2.0,2.0,-3.0,8.0,-5.0,12.0,-7.0,16.0,-8.0,18.0,-10.0,20.0,-12.0,22.0,-13.0,21.0,-13.0,20.0,-14.0,18.0,-13.0,15.0,-11.0,13.0,-10.0,10.0,-7.0,6.0,-4.0,3.0,-1.0,-1.0,2.0,-4.0,5.0,-7.0,7.0,-9.0,9.0,-10.0,10.0,-11.0,11.0,-11.0,11.0,-11.0,11.0,-11.0,11.0,0.0,0.0,0.0,0.0,0.0,0.0,0.0,0.0,0.0,0.0
2.6126,122.0,-96.0,7.0,0.0,-2.0,2.0,-4.0,-3.0,-6.0,-7.0,-10.0,-11.0,-12.0,-15.0,-14.0,-17.0,-16.0,-18.0,-17.0,-18.0,-18.0,-19.0,-18.0,-17.0,-17.0,-16.0,-15.0,-13.0,-13.0,-11.0,-10.0,-9.0,-6.0,-7.0,-2.0,-4.0,1.0,-1.0,4.0,0.0,7.0,3.0,9.0,4.0,12.0,5.0,13.0,6.0,13.0,6.0,13.0,6.0,13.0,6.0,0.0,0.0,0.0,0.0,0.0,0.0,0.0,0.0,0.0,0.0
2.6261,122.0,-96.0,7.0,0.0,32.0,-14.0,32.0,-14.0,29.0,-14.0,26.0,-13.0,22.0,-11.0,17.0,-9.0,11.0,-6.0,7.0,-3.0,2.0,1.0,-3.0,4.0,-7.0,9.0,-11.0,13.0,-13.0,16.0,-15.0,18.0,-16.0,20.0,-16.0,21.0,-16.0,21.0,-15.0,19.0,-14.0,17.0,-12.0,15.0,-9.0,11.0,-6.0,8.0,-4.0,4.0,-2.0,1.0,0.0,-2.0,0.0,0.0,0.0,0.0,0.0,0.0,0.0,0.0,0.0,0.0
2.6367,122.0,-96.0,7.0,0.0,-16.0,18.0,-16.0,18.0,-15.0,18.0,-15.0,18.0,-14.0,18.0,-14.0,18.0,-13.0,18.0,-12.0,18.0,-12.0,18.0,-11.0,19.0,-11.0,18.0,-11.0,19.0,-11.0,18.0,-11.0,18.0,-11.0,18.0,-11.0,18.0,-11.0,17.0,-11.0,17.0,-11.0,16.0,-11.0,15.0,-11.0,15.0,-10.0,14.0,-10.0,14.0,-10.0,13.0,-11.0,13.0,0.0,0.0,0.0,0.0,0.0,0.0,0.0,0.0,0.0,0.0
2.6499,122.0,-96.0,7.0,0.0,-1.0,23.0,-1.0,18.0,-1.0,13.0,-2.0,7.0,-3.0,1.0,-4.0,-5.0,-6.0,-10.0,-8.0,-14.0,-10.0,-18.0,-12.0,-20.0,-13.0,-22.0,-14.0,-22.0,-14.0,-22.0,-15.0,-22.0,-13.0,-19.0,-11.0,-16.0,-9.0,-13.0,-7.0,-10.0,-4.0,-6.0,-1.0,-3.0,2.0,0.0,4.0,3.0,7.0,5.0,9.0,7.0,10.0,8.0,0.0,0.0,0.0,0.0,0.0,0.0,0.0,0.0,0.0,0.0
2.6588,122.0,-96.0,7.0,0.0,17.0,19.0,17.0,18.0,17.0,18.0,17.0,17.0,17.0,16.0,17.0,15.0,18.0,14.0,18.0,14.0,18.0,14.0,18.0,14.0,18.0,13.0,18.0,13.0,18.0,12.0,18.0,13.0,18.0,12.0,18.0,12.0,17.0,13.0,17.0,12.0,16.0,11.0,16.0,11.0,15.0,11.0,15.0,11.0,14.0,11.0,13.0,11.0,13.0,11.0,0.0,0.0,0.0,0.0,0.0,0.0,0.0,0.0,0.0,0.0
2.6742,122.0,-96.0,7.0,0.0,-10.0,21.0,-9.0,17.0,-6.0,12.0,-5.0,6.0,-3.0,0.0,-2.0,-6.0,-2.0,-11.0,-2.0,-16.0,-2.0,-20.0,-3.0,-23.0,-4.0,-26.0,-5.0,-26.0,-5.0,-26.0,-5.0,-24.0,-5.0,-23.0,-4.0,-19.0,-4.0,-15.0,-3.0,-11.0,-1.0,-7.0,0.0,-3.0,2.0,1.0,3.0,4.0,4.0,7.0,5.0,10.0,6.0,11.0,0.0,0.0,0.0,0.0,0.0,0.0,0.0,0.0,0.0,0.0
2.6875,122.0,-96.0,7.0,0.0,-4.0,1.0,-3.0,-5.0,0.0,-11.0,1.0,-16.0,1.0,-21.0,1.0,-24.0,1.0,-26.0,0.0,-28.0,0.0,-28.0,-1.0,-27.0,-1.0,-25.0,-2.0,-22.0,-2.0,-18.0,-1.0,-14.0,0.0,-9.0,1.0,-4.0,1.0,1.0,2.0,5.0,3.0,9.0,4.0,12.0,5.0,14.0,5.0,15.0,6.0,16.0,5.0,16.0,5.0,15.0,0.0,0.0,0.0,0.0,0.0,0.0,0.0,0.0,0.0,0.0
2.6981,122.0,-96.0,7.0,0.0,-9.0,-22.0,-9.0,-22.0,-9.0,-21.0,-9.0,-21.0,-10.0,-20.0,-10.0,-20.0,-10.0,-19.0,-11.0,-19.0,-11.0,-19.0,-11.0,-19.0,-11.0,-18.0,-12.0,-18.0,-12.0,-18.0,-12.0,-18.0,-12.0,-18.0,-11.0,-18.0,-11.0,-17.0,-11.0,-17.0,-10.0,-16.0,-10.0,-16.0,-10.0,-15.0,-9.0,-16.0,-9.0,-15.0,-8.0,-15.0,-7.0,-15.0,0.0,0.0,0.0,0.0,0.0,0.0,0.0,0.0,0.0,0.0
2.7133,122.0,-96.0,7.0,0.0,-18.0,7.0,-21.0,8.0,-23.0,9.0,-25.0,10.0,-25.0,11.0,-24.0,11.0,-22.0,10.0,-20.0,10.0,-16.0,8.0,-13.0,6.0,-9.0,4.0,-5.0,1.0,-1.0,-2.0,2.0,-5.0,5.0,-8.0,8.0,-10.0,10.0,-12.0,11.0,-13.0,12.0,-14.0,12.0,-14.0,11.0,-13.0,10.0,-12.0,9.0,-11.0,8.0,-9.0,6.0,-8.0,0.0,0.0,0.0,0.0,0.0,0.0,0.0,0.0,0.0,0.0
2.726,122.0,-96.0,7.0,0.0,19.0,12.0,15.0,10.0,10.0,8.0,5.0,4.0,0.0,2.0,-6.0,0.0,-11.0,-1.0,-16.0,-2.0,-20.0,-3.0,-23.0,-2.0,-25.0,-2.0,-26.0,-1.0,-26.0,0.0,-26.0,-1.0,-23.0,0.0,-20.0,0.0,-16.0,-1.0,-12.0,-1.0,-7.0,-1.0,-3.0,-2.0,2.0,-2.0,5.0,-2.0,8.0,-3.0,11.0,-4.0,12.0,-4.0,0.0,0.0,0.0,0.0,0.0,0.0,0.0,0.0,0.0,0.0
2.7352,122.0,-96.0,7.0,0.0,-18.0,3.0,-18.0,3.0,-17.0,3.0,-17.0,3.0,-16.0,4.0,-16.0,4.0,-16.0,4.0,-16.0,5.0,-15.0,5.0,-15.0,5.0,-15.0,5.0,-15.0,5.0,-15.0,6.0,-15.0,5.0,-15.0,5.0,-15.0,6.0,-14.0,5.0,-14.0,5.0,-14.0,4.0,-13.0,4.0,-13.0,4.0,-12.0,4.0,-13.0,3.0,-12.0,3.0,-13.0,3.0,0.0,0.0,0.0,0.0,0.0,0.0,0.0,0.0,0.0,0.0
2.7517,122.0,-96.0,7.0,0.0,-1.0,-4.0,4.0,0.0,9.0,3.0,13.0,7.0,17.0,10.0,20.0,11.0,23.0,12.0,24.0,12.0,25.0,11.0,24.0,10.0,22.0,9.0,19.0,7.0,16.0,6.0,12.0,5.0,7.0,3.0,3.0,2.0,-2.0,1.0,-7.0,0.0,-11.0,-1.0,-14.0,-1.0,-16.0,-3.0,-17.0,-3.0,-17.0,-2.0,-17.0,-2.0,-17.0,-2.0,0.0,0.0,0.0,0.0,0.0,0.0,0.0,0.0,0.0,0.0
2.7611,122.0,-96.0,7.0,0.0,22.0,19.0,17.0,15.0,12.0,12.0,6.0,6.0,0.0,3.0,-7.0,0.0,-13.0,-3.0,-20.0,-4.0,-24.0,-6.0,-28.0,-6.0,-32.0,-6.0,-33.0,-5.0,-33.0,-5.0,-32.0,-5.0,-30.0,-4.0,-25.0,-3.0,-20.0,-3.0,-16.0,-3.0,-10.0,-2.0,-5.0,-2.0,2.0,-2.0,5.0,-2.0,9.0,-2.0,13.0,-3.0,16.0,-3.0,0.0,0.0,0.0,0.0,0.0,0.0,0.0,0.0,0.0,0.0
2.7754,122.0,-96.0,7.0,0.0,-4.0,-2.0,2.0,-5.0,7.0,-7.0,12.0,-10.0,16.0,-12.0,18.0,-14.0,20.0,-16.0,21.0,-18.0,21.0,-19.0,20.0,-18.0,17.0,-17.0,15.0,-15.0,12.0,-13.0,10.0,-9.0,6.0,-6.0,3.0,-2.0,0.0,2.0,-3.0,6.0,-6.0,9.0,-7.0,11.0,-8.0,12.0,-9.0,14.0,-9.0,14.0,-10.0,14.0,-9.0,13.0,0.0,0.0,0.0,0.0,0.0,0.0,0.0,0.0,0.0,0.0
2.7916,122.0,-96.0,7.0,0.0,-11.0,18.0,-12.0,21.0,-13.0,24.0,-14.0,26.0,-13.0,26.0,-12.0,25.0,-10.0,24.0,-10.0,21.0,-8.0,18.0,-6.0,13.0,-4.0,8.0,-3.0,3.0,-2.0,-2.0,-1.0,-7.0,-1.0,-11.0,0.0,-15.0,0.0,-18.0,0.0,-20.0,1.0,-21.0,1.0,-21.0,0.0,-20.0,0.0,-18.0,0.0,-16.0,0.0,-13.0,1.0,-10.0,0.0,0.0,0.0,0.0,0.0,0.0,0.0,0.0,0.0,0.0
2.8033,122.0,-96.0,7.0,0.0,19.0,-30.0,15.0,-24.0,11.0,-17.0,7.0,-10.0,4.0,-1.0,1.0,7.0,-1.0,15.0,-3.0,22.0,-3.0,28.0,-3.0,32.0,-3.0,36.0,-2.0,38.0,-2.0,38.0,0.0,37.0,1.0,34.0,0.0,29.0,1.0,23.0,0.0,17.0,-1.0,10.0,-2.0,4.0,-3.0,-2.0,-3.0,-7.0,-4.0,-12.0,-5.0,-16.0,-6.0,-19.0,0.0,0.0,0.0,0.0,0.0,0.0,0.0,0.0,0.0,0.0
2.8162,122.0,-96.0,7.0,0.0,15.0,20.0,12.0,17.0,8.0,13.0,3.0,7.0,-1.0,3.0,-6.0,-2.0,-11.0,-6.0,-15.0,-9.0,-19.0,-11.0,-23.0,-12.0,-25.0,-13.0,-27.0,-13.0,-27.0,-12.0,-26.0,-12.0,-24.0,-11.0,-21.0,-9.0,-17.0,-8.0,-13.0,-6.0,-8.0,-5.0,-4.0,-3.0,1.0,-1.0,5.0,0.0,9.0,1.0,11.0,1.0,14.0,2.0,0.0,0.0,0.0,0.0,0.0,0.0,0.0,0.0,0.0,0.0
2.8298,122.0,-96.0,7.0,0.0,-4.0,-2.0,2.0,-4.0,8.0,-6.0,13.0,-8.0,17.0,-11.0,19.0,-12.0,21.0,-14.0,22.0,-16.0,22.0,-16.0,21.0,-16.0,19.0,-16.0,17.0,-14.0,14.0,-12.0,11.0,-9.0,7.0,-6.0,4.0,-3.0,0.0,1.0,-3.0,5.0,-6.0,7.0,-8.0,10.0,-9.0,11.0,-10.0,12.0,-10.0,13.0,-11.0,13.0,-10.0,13.0,0.0,0.0,0.0,0.0,0.0,0.0,0.0,0.0,0.0,0.0
2.8435,122.0,-96.0,7.0,0.0,-5.0,30.0,-5.0,30.0,-4.0,28.0,-3.0,25.0,-2.0,21.0,-2.0,16.0,-1.0,11.0,-2.0,6.0,-3.0,0.0,-4.0,-5.0,-5.0,-11.0,-5.0,-15.0,-7.0,-18.0,-9.0,-21.0,-9.0,-22.0,-9.0,-22.0,-9.0,-22.0,-9.0,-21.0,-8.0,-19.0,-6.0,-15.0,-5.0,-12.0,-4.0,-8.0,-2.0,-5.0,0.0,-2.0,1.0,1.0,0.0,0.0,0.0,0.0,0.0,0.0,0.0,0.0,0.0,0.0
2.8584,122.0,-96.0,7.0,0.0,-32.0,-25.0,-32.0,-23.0,-30.0,-22.0,-28.0,-19.0,-23.0,-15.0,-18.0,-13.0,-13.0,-9.0,-6.0,-6.0,0.0,-3.0,7.0,-1.0,13.0,1.0,18.0,2.0,23.0,3.0,27.0,4.0,29.0,4.0,29.0,3.0,29.0,4.0,27.0,3.0,24.0,2.0,20.0,2.0,15.0,1.0,10.0,1.0,5.0,1.0,1.0,0.0,-4.0,0.0,0.0,0.0,0.0,0.0,0.0,0.0,0.0,0.0,0.0,0.0
2.8729,122.0,-96.0,7.0,0.0,2.0,2.0,-5.0,1.0,-10.0,0.0,-16.0,-1.0,-20.0,-1.0,-24.0,-1.0,-26.0,-1.0,-28.0,1.0,-28.0,1.0,-27.0,2.0,-25.0,2.0,-22.0,2.0,-19.0,2.0,-14.0,1.0,-10.0,0.0,-5.0,-1.0,0.0,-3.0,4.0,-4.0,8.0,-4.0,11.0,-6.0,13.0,-6.0,14.0,-6.0,15.0,-7.0,16.0,-7.0,15.0,-6.0,0.0,0.0,0.0,0.0,0.0,0.0,0.0,0.0,0.0,0.0
2.8819,122.0,-96.0,7.0,0.0,-19.0,2.0,-18.0,2.0,-18.0,2.0,-18.0,2.0,-17.0,2.0,-17.0,2.0,-17.0,3.0,-17.0,3.0,-17.0,3.0,-16.0,4.0,-16.0,4.0,-16.0,4.0,-16.0,4.0,-16.0,4.0,-16.0,4.0,-16.0,4.0,-15.0,3.0,-15.0,3.0,-15.0,3.0,-14.0,3.0,-14.0,2.0,-13.0,2.0,-13.0,2.0,-13.0,2.0,-13.0,1.0,0.0,0.0,0.0,0.0,0.0,0.0,0.0,0.0,0.0,0.0
2.8958,122.0,-96.0,7.0,0.0,-28.0,13.0,-23.0,10.0,-16.0,6.0,-10.0,3.0,-3.0,-2.0,2.0,-6.0,7.0,-11.0,11.0,-15.0,14.0,-19.0,16.0,-22.0,18.0,-26.0,18.0,-28.0,18.0,-28.0,17.0,-26.0,16.0,-25.0,13.0,-22.0,11.0,-18.0,8.0,-13.0,5.0,-8.0,2.0,-3.0,0.0,1.0,-2.0,5.0,-4.0,10.0,-5.0,12.0,-6.0,15.0,0.0,0.0,0.0,0.0,0.0,0.0,0.0,0.0,0.0,0.0
2.9097,122.0,-96.0,7.0,0.0,-19.0,-10.0,-23.0,-12.0,-25.0,-13.0,-27.0,-14.0,-27.0,-13.0,-27.0,-12.0,-25.0,-11.0,-23.0,-9.0,-19.0,-7.0,-15.0,-6.0,-11.0,-5.0,-5.0,-3.0,0.0,-2.0,5.0,-1.0,10.0,-1.0,14.0,0.0,17.0,0.0,19.0,0.0,20.0,0.0,20.0,0.0,19.0,0.0,17.0,1.0,16.0,1.0,13.0,0.0,10.0,0.0,0.0,0.0,0.0,0.0,0.0,0.0,0.0,0.0,0.0,0.0
2.9238,122.0,-96.0,7.0,0.0,-36.0,-4.0,-35.0,-4.0,-33.0,-4.0,-30.0,-2.0,-25.0,-1.0,-20.0,-1.0,-14.0,-1.0,-9.0,-1.0,-2.0,-2.0,4.0,-4.0,9.0,-6.0,14.0,-7.0,18.0,-8.0,21.0,-9.0,23.0,-10.0,24.0,-11.0,24.0,-11.0,22.0,-11.0,20.0,-10.0,17.0,-8.0,14.0,-7.0,10.0,-5.0,6.0,-3.0,3.0,-2.0,0.0,0.0,0.0,0.0,0.0,0.0,0.0,0.0,0.0,0.0,0.0,0.0
2.938,122.0,-96.0,7.0,0.0,-22.0,-2.0,-25.0,-2.0,-28.0,-2.0,-29.0,-2.0,-30.0,-1.0,-29.0,-1.0,-27.0,0.0,-25.0,1.0,-21.0,0.0,-17.0,0.0,-12.0,0.0,-7.0,-1.0,-2.0,-2.0,4.0,-3.0,8.0,-4.0,12.0,-5.0,15.0,-6.0,17.0,-7.0,19.0,-8.0,19.0,-7.0,18.0,-7.0,17.0,-6.0,15.0,-6.0,13.0,-5.0,10.0,-5.0,0.0,0.0,0.0,0.0,0.0,0.0,0.0,0.0,0.0,0.0
2.9485,122.0,-96.0,7.0,0.0,21.0,-9.0,21.0,-9.0,20.0,-9.0,20.0,-9.0,19.0,-10.0,19.0,-10.0,18.0,-10.0,18.0,-11.0,17.0,-11.0,18.0,-11.0,17.0,-11.0,17.0,-11.0,17.0,-12.0,16.0,-11.0,17.0,-11.0,16.0,-11.0,16.0,-11.0,16.0,-11.0,15.0,-10.0,15.0,-10.0,15.0,-9.0,14.0,-8.0,14.0,-8.0,14.0,-8.0,14.0,-7.0,0.0,0.0,0.0,0.0,0.0,0.0,0.0,0.0,0.0,0.0
2.9619,122.0,-96.0,7.0,0.0,-10.0,-19.0,-13.0,-22.0,-14.0,-24.0,-15.0,-26.0,-16.0,-26.0,-16.0,-25.0,-15.0,-23.0,-14.0,-20.0,-12.0,-17.0,-10.0,-14.0,-7.0,-10.0,-4.0,-6.0,0.0,-2.0,4.0,1.0,7.0,5.0,10.0,7.0,13.0,9.0,14.0,11.0,16.0,12.0,16.0,12.0,15.0,12.0,14.0,11.0,13.0,10.0,11.0,8.0,9.0,6.0,0.0,0.0,0.0,0.0,0.0,0.0,0.0,0.0,0.0,0.0
2.9752,122.0,-96.0,7.0,0.0,-3.0,1.0,-3.0,-5.0,-2.0,-10.0,-1.0,-15.0,-2.0,-19.0,-2.0,-22.0,-2.0,-24.0,-2.0,-25.0,-3.0,-25.0,-4.0,-25.0,-4.0,-23.0,-4.0,-20.0,-4.0,-16.0,-2.0,-13.0,-1.0,-9.0,0.0,-4.0,1.0,0.0,2.0,3.0,3.0,7.0,3.0,10.0,4.0,12.0,5.0,14.0,5.0,14.0,5.0,14.0,4.0,14.0,0.0,0.0,0.0,0.0,0.0,0.0,0.0,0.0,0.0,0.0
2.9846,122.0,-96.0,7.0,0.0,1.0,-23.0,1.0,-23.0,1.0,-22.0,1.0,-23.0,0.0,-22.0,-1.0,-22.0,-1.0,-21.0,-2.0,-21.0,-2.0,-21.0,-2.0,-22.0,-2.0,-21.0,-3.0,-21.0,-3.0,-21.0,-2.0,-20.0,-2.0,-21.0,-2.0,-20.0,-2.0,-20.0,-2.0,-20.0,-1.0,-19.0,-1.0,-18.0,-1.0,-18.0,-1.0,-17.0,0.0,-17.0,0.0,-16.0,0.0,-16.0,0.0,0.0,0.0,0.0,0.0,0.0,0.0,0.0,0.0,0.0
2.998,122.0,-96.0,7.0,0.0,15.0,11.0,17.0,13.0,19.0,15.0,20.0,16.0,22.0,15.0,21.0,14.0,20.0,13.0,17.0,11.0,15.0,9.0,11.0,6.0,8.0,5.0,3.0,3.0,-2.0,1.0,-6.0,-1.0,-9.0,-2.0,-13.0,-3.0,-15.0,-4.0,-17.0,-5.0,-19.0,-5.0,-18.0,-5.0,-18.0,-5.0,-16.0,-5.0,-14.0,-4.0,-12.0,-3.0,-10.0,-3.0,0.0,0.0,0.0,0.0,0.0,0.0,0.0,0.0,0.0,0.0
3.0115,122.0,-96.0,7.0,0.0,-2.0,2.0,-5.0,-4.0,-8.0,-9.0,-12.0,-15.0,-15.0,-19.0,-17.0,-22.0,-19.0,-23.0,-20.0,-24.0,-22.0,-24.0,-21.0,-23.0,-20.0,-21.0,-18.0,-18.0,-15.0,-15.0,-12.0,-12.0,-7.0,-8.0,-3.0,-4.0,1.0,-1.0,5.0,2.0,9.0,5.0,12.0,7.0,14.0,9.0,16.0,10.0,16.0,11.0,16.0,10.0,15.0,9.0,0.0,0.0,0.0,0.0,0.0,0.0,0.0,0.0,0.0,0.0
3.027,122.0,-96.0,7.0,0.0,-15.0,-19.0,-12.0,-15.0,-8.0,-12.0,-4.0,-7.0,1.0,-2.0,5.0,1.0,10.0,4.0,13.0,7.0,17.0,8.0,20.0,10.0,22.0,10.0,23.0,10.0,23.0,9.0,22.0,10.0,21.0,9.0,17.0,7.0,14.0,6.0,9.0,4.0,5.0,3.0,1.0,1.0,-3.0,-1.0,-7.0,-2.0,-9.0,-2.0,-12.0,-3.0,-14.0,-3.0,0.0,0.0,0.0,0.0,0.0,0.0,0.0,0.0,0.0,0.0
3.0365,122.0,-96.0,7.0,0.0,-12.0,20.0,-12.0,19.0,-11.0,19.0,-11.0,19.0,-10.0,19.0,-10.0,19.0,-9.0,18.0,-8.0,19.0,-9.0,19.0,-8.0,19.0,-8.0,19.0,-8.0,19.0,-8.0,18.0,-7.0,19.0,-7.0,19.0,-8.0,19.0,-7.0,17.0,-8.0,17.0,-8.0,16.0,-8.0,16.0,-8.0,15.0,-8.0,15.0,-8.0,14.0,-8.0,14.0,-8.0,13.0,0.0,0.0,0.0,0.0,0.0,0.0,0.0,0.0,0.0,0.0
3.05,122.0,-96.0,7.0,0.0,-2.0,-3.0,4.0,-1.0,10.0,1.0,15.0,4.0,19.0,5.0,22.0,6.0,25.0,6.0,26.0,5.0,27.0,4.0,26.0,4.0,24.0,3.0,21.0,2.0,17.0,2.0,14.0,2.0,9.0,1.0,3.0,1.0,-1.0,1.0,-6.0,1.0,-10.0,1.0,-13.0,1.0,-16.0,0.0,-17.0,1.0,-17.0,1.0,-18.0,1.0,-17.0,1.0,0.0,0.0,0.0,0.0,0.0,0.0,0.0,0.0,0.0,0.0
3.0636,122.0,-96.0,7.0,0.0,20.0,-11.0,16.0,-9.0,11.0,-6.0,6.0,-3.0,2.0,1.0,-2.0,4.0,-6.0,8.0,-10.0,12.0,-12.0,15.0,-13.0,18.0,-15.0,20.0,-15.0,21.0,-15.0,22.0,-14.0,21.0,-12.0,19.0,-11.0,17.0,-9.0,13.0,-6.0,9.0,-5.0,5.0,-2.0,1.0,-1.0,-2.0,1.0,-6.0,2.0,-8.0,3.0,-11.0,4.0,-13.0,0.0,0.0,0.0,0.0,0.0,0.0,0.0,0.0,0.0,0.0
3.0729,122.0,-96.0,7.0,0.0,10.0,11.0,10.0,11.0,11.0,11.0,10.0,10.0,10.0,10.0,10.0,9.0,11.0,9.0,11.0,8.0,11.0,9.0,11.0,8.0,10.0,8.0,11.0,7.0,10.0,7.0,11.0,8.0,10.0,8.0,11.0,7.0,10.0,7.0,10.0,7.0,10.0,7.0,9.0,8.0,9.0,6.0,9.0,6.0,8.0,7.0,8.0,8.0,6.0,6.0,0.0,0.0,0.0,0.0,0.0,0.0,0.0,0.0,0.0,0.0
3.0864,122.0,-96.0,7.0,0.0,28.0,-9.0,22.0,-7.0,16.0,-5.0,9.0,-2.0,2.0,1.0,-4.0,5.0,-10.0,9.0,-15.0,12.0,-19.0,16.0,-21.0,19.0,-23.0,22.0,-24.0,23.0,-23.0,24.0,-23.0,23.0,-20.0,21.0,-17.0,18.0,-14.0,14.0,-10.0,10.0,-7.0,6.0,-3.0,1.0,-1.0,-3.0,3.0,-7.0,4.0,-10.0,6.0,-13.0,8.0,-15.0,0.0,0.0,0.0,0.0,0.0,0.0,0.0,0.0,0.0,0.0
3.0984,122.0,-96.0,7.0,0.0,-2.0,2.0,-5.0,-6.0,-7.0,-11.0,-10.0,-19.0,-13.0,-23.0,-15.0,-27.0,-18.0,-30.0,-19.0,-30.0,-19.0,-30.0,-19.0,-29.0,-18.0,-27.0,-17.0,-23.0,-14.0,-19.0,-11.0,-15.0,-7.0,-10.0,-2.0,-5.0,2.0,-1.0,5.0,3.0,9.0,7.0,12.0,10.0,15.0,12.0,16.0,13.0,16.0,14.0,16.0,13.0,16.0,13.0,0.0,0.0,0.0,0.0,0.0,0.0,0.0,0.0,0.0,0.0
3.1085,122.0,-96.0,7.0,0.0,7.0,-18.0,7.0,-18.0,7.0,-18.0,7.0,-17.0,6.0,-17.0,6.0,-17.0,5.0,-17.0,5.0,-18.0,5.0,-17.0,5.0,-17.0,4.0,-18.0,4.0,-17.0,4.0,-17.0,4.0,-17.0,4.0,-17.0,4.0,-17.0,4.0,-16.0,4.0,-16.0,4.0,-15.0,4.0,-15.0,4.0,-14.0,4.0,-14.0,4.0,-13.0,4.0,-13.0,5.0,-13.0,0.0,0.0,0.0,0.0,0.0,0.0,0.0,0.0,0.0,0.0
3.1219,122.0,-96.0,7.0,0.0,18.0,-11.0,21.0,-13.0,24.0,-15.0,25.0,-15.0,24.0,-16.0,23.0,-16.0,21.0,-15.0,19.0,-14.0,16.0,-13.0,12.0,-9.0,7.0,-6.0,3.0,-2.0,-1.0,2.0,-3.0,6.0,-6.0,9.0,-9.0,12.0,-11.0,15.0,-12.0,16.0,-13.0,17.0,-13.0,17.0,-12.0,15.0,-11.0,14.0,-9.0,12.0,-8.0,10.0,-7.0,8.0,0.0,0.0,0.0,0.0,0.0,0.0,0.0,0.0,0.0,0.0
3.1354,122.0,-96.0,7.0,0.0,20.0,15.0,16.0,12.0,11.0,9.0,5.0,5.0,-1.0,2.0,-7.0,-1.0,-12.0,-3.0,-18.0,-4.0,-22.0,-5.0,-26.0,-6.0,-29.0,-5.0,-30.0,-4.0,-30.0,-4.0,-29.0,-4.0,-26.0,-4.0,-22.0,-2.0,-18.0,-3.0,-13.0,-2.0,-8.0,-2.0,-2.0,-2.0,2.0,-1.0,6.0,-1.0,10.0,-2.0,13.0,-2.0,15.0,-2.0,0.0,0.0,0.0,0.0,0.0,0.0,0.0,0.0,0.0,0.0
3.1459,122.0,-96.0,7.0,0.0,-16.0,17.0,-16.0,17.0,-15.0,17.0,-15.0,16.0,-14.0,17.0,-14.0,17.0,-13.0,17.0,-13.0,17.0,-12.0,17.0,-12.0,18.0,-12.0,17.0,-11.0,17.0,-11.0,17.0,-11.0,17.0,-11.0,17.0,-11.0,17.0,-11.0,16.0,-11.0,16.0,-11.0,15.0,-11.0,15.0,-10.0,14.0,-10.0,13.0,-10.0,13.0,-10.0,13.0,-10.0,12.0,0.0,0.0,0.0,0.0,0.0,0.0,0.0,0.0,0.0,0.0
3.1583,122.0,-96.0,7.0,0.0,-1.0,-3.0,4.0,1.0,9.0,3.0,14.0,7.0,18.0,10.0,20.0,11.0,23.0,12.0,24.0,12.0,25.0,11.0,24.0,10.0,22.0,8.0,20.0,7.0,16.0,6.0,12.0,5.0,8.0,3.0,2.0,2.0,-2.0,1.0,-6.0,0.0,-10.0,-1.0,-13.0,-3.0,-16.0,-4.0,-17.0,-4.0,-17.0,-3.0,-18.0,-3.0,-17.0,-3.0,0.0,0.0,0.0,0.0,0.0,0.0,0.0,0.0,0.0,0.0
3.1724,122.0,-96.0,7.0,0.0,13.0,-28.0,10.0,-21.0,7.0,-15.0,5.0,-8.0,3.0,0.0,1.0,6.0,0.0,14.0,-1.0,20.0,-1.0,25.0,0.0,28.0,0.0,32.0,0.0,33.0,1.0,33.0,2.0,31.0,2.0,28.0,1.0,24.0,2.0,19.0,1.0,13.0,0.0,7.0,-1.0,2.0,-3.0,-3.0,-3.0,-8.0,-4.0,-12.0,-5.0,-15.0,-6.0,-17.0,0.0,0.0,0.0,0.0,0.0,0.0,0.0,0.0,0.0,0.0
3.1853,122.0,-96.0,7.0,0.0,5.0,29.0,3.0,22.0,3.0,17.0,0.0,8.0,-3.0,1.0,-6.0,-6.0,-9.0,-12.0,-12.0,-17.0,-16.0,-21.0,-18.0,-24.0,-20.0,-26.0,-21.0,-26.0,-21.0,-25.0,-23.0,-25.0,-20.0,-22.0,-17.0,-18.0,-14.0,-15.0,-10.0,-11.0,-6.0,-7.0,-2.0,-3.0,3.0,1.0,6.0,4.0,9.0,6.0,12.0,8.0,14.0,10.0,0.0,0.0,0.0,0.0,0.0,0.0,0.0,0.0,0.0,0.0
3.1985,122.0,-96.0,7.0,0.0,3.0,23.0,3.0,28.0,4.0,31.0,5.0,32.0,6.0,32.0,6.0,31.0,6.0,29.0,5.0,26.0,5.0,21.0,3.0,16.0,2.0,11.0,0.0,5.0,-2.0,-1.0,-5.0,-5.0,-7.0,-10.0,-9.0,-14.0,-11.0,-17.0,-12.0,-20.0,-12.0,-21.0,-12.0,-21.0,-12.0,-20.0,-11.0,-18.0,-10.0,-16.0,-8.0,-13.0,-6.0,-10.0,0.0,0.0,0.0,0.0,0.0,0.0,0.0,0.0,0.0,0.0
3.2132,122.0,-96.0,7.0,0.0,-17.0,-26.0,-13.0,-21.0,-9.0,-17.0,-4.0,-9.0,1.0,-3.0,6.0,2.0,12.0,7.0,17.0,10.0,22.0,13.0,25.0,14.0,28.0,15.0,30.0,15.0,30.0,14.0,30.0,14.0,27.0,12.0,23.0,10.0,19.0,8.0,14.0,6.0,8.0,4.0,3.0,2.0,-3.0,-1.0,-8.0,-2.0,-12.0,-3.0,-15.0,-3.0,-18.0,-4.0,0.0,0.0,0.0,0.0,0.0,0.0,0.0,0.0,0.0,0.0
3.2264,122.0,-96.0,7.0,0.0,31.0,2.0,30.0,2.0,29.0,2.0,25.0,1.0,21.0,0.0,17.0,0.0,12.0,0.0,6.0,0.0,1.0,1.0,-5.0,2.0,-10.0,4.0,-14.0,5.0,-17.0,7.0,-20.0,8.0,-22.0,8.0,-23.0,9.0,-22.0,9.0,-21.0,8.0,-19.0,8.0,-16.0,7.0,-13.0,5.0,-9.0,4.0,-6.0,2.0,-3.0,1.0,0.0,-1.0,0.0,0.0,0.0,0.0,0.0,0.0,0.0,0.0,0.0,0.0
3.2394,122.0,-96.0,7.0,0.0,18.0,24.0,18.0,24.0,18.0,22.0,16.0,19.0,14.0,16.0,11.0,12.0,8.0,9.0,4.0,5.0,-1.0,1.0,-6.0,-1.0,-10.0,-4.0,-14.0,-6.0,-17.0,-7.0,-21.0,-9.0,-22.0,-10.0,-22.0,-9.0,-23.0,-10.0,-21.0,-9.0,-19.0,-8.0,-17.0,-7.0,-13.0,-5.0,-10.0,-4.0,-6.0,-3.0,-3.0,-2.0,1.0,0.0,0.0,0.0,0.0,0.0,0.0,0.0,0.0,0.0,0.0,0.0
3.2521,122.0,-96.0,7.0,0.0,10.0,20.0,8.0,16.0,5.0,12.0,2.0,7.0,-2.0,2.0,-5.0,-3.0,-9.0,-7.0,-13.0,-10.0,-16.0,-12.0,-18.0,-14.0,-21.0,-15.0,-22.0,-15.0,-22.0,-15.0,-22.0,-14.0,-21.0,-13.0,-17.0,-11.0,-15.0,-9.0,-11.0,-7.0,-7.0,-5.0,-3.0,-3.0,1.0,-1.0,4.0,1.0,7.0,2.0,9.0,3.0,11.0,4.0,0.0,0.0,0.0,0.0,0.0,0.0,0.0,0.0,0.0,0.0
3.2659,122.0,-96.0,7.0,0.0,-15.0,19.0,-17.0,23.0,-19.0,25.0,-19.0,27.0,-18.0,28.0,-17.0,27.0,-15.0,25.0,-14.0,23.0,-12.0,19.0,-9.0,15.0,-6.0,9.0,-3.0,4.0,-2.0,-2.0,-1.0,-7.0,1.0,-12.0,2.0,-16.0,3.0,-20.0,4.0,-22.0,4.0,-24.0,4.0,-24.0,3.0,-23.0,2.0,-21.0,2.0,-18.0,2.0,-16.0,2.0,-12.0,0.0,0.0,0.0,0.0,0.0,0.0,0.0,0.0,0.0,0.0
3.276,122.0,-96.0,7.0,0.0,-9.0,13.0,-8.0,13.0,-8.0,13.0,-8.0,13.0,-7.0,13.0,-7.0,13.0,-6.0,12.0,-6.0,13.0,-6.0,12.0,-6.0,13.0,-5.0,13.0,-6.0,13.0,-5.0,12.0,-5.0,12.0,-5.0,12.0,-5.0,12.0,-6.0,11.0,-5.0,11.0,-5.0,11.0,-6.0,11.0,-6.0,9.0,-6.0,10.0,-5.0,10.0,-5.0,8.0,-6.0,10.0,0.0,0.0,0.0,0.0,0.0,0.0,0.0,0.0,0.0,0.0
3.2866,122.0,-96.0,7.0,0.0,-21.0,-10.0,-21.0,-10.0,-20.0,-10.0,-21.0,-9.0,-21.0,-9.0,-21.0,-8.0,-20.0,-7.0,-21.0,-7.0,-20.0,-6.0,-21.0,-6.0,-20.0,-6.0,-21.0,-5.0,-21.0,-5.0,-20.0,-5.0,-20.0,-5.0,-20.0,-5.0,-19.0,-5.0,-19.0,-6.0,-18.0,-6.0,-17.0,-5.0,-17.0,-5.0,-16.0,-5.0,-16.0,-5.0,-16.0,-5.0,-15.0,-6.0,0.0,0.0,0.0,0.0,0.0,0.0,0.0,0.0,0.0,0.0
3.2995,122.0,-96.0,7.0,0.0,11.0,29.0,13.0,34.0,15.0,38.0,17.0,40.0,18.0,40.0,18.0,38.0,18.0,35.0,15.0,31.0,13.0,26.0,9.0,19.0,6.0,14.0,2.0,7.0,-3.0,0.0,-8.0,-6.0,-12.0,-11.0,-16.0,-16.0,-19.0,-19.0,-21.0,-22.0,-21.0,-23.0,-22.0,-23.0,-21.0,-22.0,-20.0,-21.0,-17.0,-18.0,-14.0,-15.0,-11.0,-12.0,0.0,0.0,0.0,0.0,0.0,0.0,0.0,0.0,0.0,0.0
3.308,122.0,-96.0,7.0,0.0,21.0,8.0,21.0,8.0,20.0,7.0,21.0,7.0,20.0,6.0,20.0,5.0,20.0,5.0,20.0,4.0,20.0,4.0,20.0,3.0,20.0,3.0,20.0,3.0,20.0,3.0,19.0,3.0,20.0,3.0,19.0,3.0,19.0,4.0,18.0,3.0,17.0,4.0,17.0,3.0,16.0,3.0,16.0,4.0,16.0,4.0,15.0,4.0,15.0,4.0,0.0,0.0,0.0,0.0,0.0,0.0,0.0,0.0,0.0,0.0
3.3175,122.0,-96.0,7.0,0.0,19.0,-14.0,19.0,-14.0,17.0,-14.0,17.0,-14.0,16.0,-14.0,16.0,-14.0,15.0,-15.0,15.0,-15.0,14.0,-15.0,14.0,-15.0,14.0,-16.0,13.0,-16.0,14.0,-16.0,14.0,-15.0,14.0,-15.0,13.0,-15.0,13.0,-14.0,13.0,-14.0,13.0,-13.0,12.0,-13.0,13.0,-12.0,12.0,-12.0,11.0,-12.0,11.0,-11.0,12.0,-11.0,0.0,0.0,0.0,0.0,0.0,0.0,0.0,0.0,0.0,0.0
3.3254,122.0,-96.0,7.0,0.0,15.0,12.0,15.0,12.0,14.0,11.0,14.0,11.0,15.0,10.0,14.0,10.0,15.0,9.0,15.0,9.0,14.0,8.0,15.0,8.0,15.0,7.0,15.0,8.0,15.0,8.0,14.0,8.0,15.0,8.0,14.0,7.0,14.0,8.0,13.0,7.0,13.0,7.0,13.0,7.0,12.0,7.0,11.0,7.0,11.0,7.0,11.0,7.0,10.0,7.0,0.0,0.0,0.0,0.0,0.0,0.0,0.0,0.0,0.0,0.0
3.3383,122.0,-96.0,7.0,0.0,19.0,12.0,15.0,9.0,10.0,8.0,5.0,4.0,0.0,2.0,-6.0,0.0,-11.0,-2.0,-16.0,-2.0,-20.0,-3.0,-23.0,-3.0,-25.0,-3.0,-27.0,-2.0,-27.0,-1.0,-26.0,-2.0,-24.0,-1.0,-20.0,0.0,-17.0,-1.0,-12.0,-1.0,-8.0,-1.0,-3.0,-1.0,1.0,-1.0,5.0,-1.0,8.0,-2.0,10.0,-3.0,12.0,-3.0,0.0,0.0,0.0,0.0,0.0,0.0,0.0,0.0,0.0,0.0
3.3542,122.0,-96.0,7.0,0.0,-24.0,-13.0,-19.0,-10.0,-13.0,-8.0,-7.0,-5.0,-1.0,-2.0,6.0,-1.0,12.0,0.0,17.0,0.0,22.0,1.0,25.0,0.0,28.0,0.0,29.0,-1.0,28.0,-2.0,28.0,-1.0,25.0,-1.0,21.0,-2.0,17.0,-1.0,12.0,-1.0,7.0,0.0,2.0,0.0,-3.0,1.0,-7.0,1.0,-10.0,2.0,-13.0,3.0,-15.0,4.0,0.0,0.0,0.0,0.0,0.0,0.0,0.0,0.0,0.0,0.0
3.3626,122.0,-96.0,7.0,0.0,13.0,14.0,12.0,14.0,13.0,13.0,13.0,13.0,13.0,12.0,13.0,12.0,13.0,11.0,13.0,11.0,13.0,11.0,13.0,10.0,13.0,10.0,13.0,10.0,13.0,10.0,13.0,10.0,13.0,10.0,13.0,9.0,13.0,10.0,12.0,10.0,12.0,9.0,11.0,9.0,10.0,9.0,10.0,9.0,10.0,9.0,10.0,8.0,9.0,8.0,0.0,0.0,0.0,0.0,0.0,0.0,0.0,0.0,0.0,0.0
3.3751,122.0,-96.0,7.0,0.0,-3.0,1.0,-3.0,-5.0,-3.0,-10.0,-3.0,-16.0,-4.0,-21.0,-4.0,-24.0,-5.0,-26.0,-6.0,-28.0,-6.0,-28.0,-7.0,-26.0,-7.0,-24.0,-7.0,-22.0,-6.0,-18.0,-4.0,-14.0,-3.0,-9.0,0.0,-5.0,1.0,0.0,2.0,4.0,4.0,8.0,5.0,11.0,7.0,13.0,7.0,15.0,8.0,15.0,8.0,14.0,7.0,14.0,0.0,0.0,0.0,0.0,0.0,0.0,0.0,0.0,0.0,0.0
3.3905,122.0,-96.0,7.0,0.0,19.0,13.0,22.0,16.0,25.0,18.0,27.0,19.0,27.0,18.0,27.0,17.0,25.0,15.0,22.0,13.0,18.0,10.0,14.0,8.0,9.0,6.0,3.0,3.0,-2.0,1.0,-8.0,-1.0,-13.0,-3.0,-17.0,-4.0,-20.0,-5.0,-22.0,-6.0,-23.0,-6.0,-23.0,-6.0,-22.0,-6.0,-20.0,-5.0,-17.0,-5.0,-15.0,-3.0,-12.0,-3.0,0.0,0.0,0.0,0.0,0.0,0.0,0.0,0.0,0.0,0.0
3.4044,122.0,-96.0,7.0,0.0,32.0,-34.0,31.0,-34.0,28.0,-32.0,24.0,-30.0,20.0,-25.0,15.0,-19.0,10.0,-13.0,6.0,-6.0,2.0,1.0,-1.0,8.0,-5.0,16.0,-7.0,22.0,-9.0,28.0,-8.0,31.0,-9.0,34.0,-10.0,34.0,-9.0,33.0,-9.0,31.0,-8.0,27.0,-7.0,22.0,-4.0,17.0,-3.0,12.0,-2.0,6.0,-2.0,1.0,-1.0,-4.0,0.0,0.0,0.0,0.0,0.0,0.0,0.0,0.0,0.0,0.0
3.4181,122.0,-96.0,7.0,0.0,11.0,-16.0,13.0,-19.0,14.0,-21.0,15.0,-22.0,14.0,-23.0,13.0,-22.0,12.0,-21.0,11.0,-19.0,9.0,-16.0,7.0,-13.0,5.0,-9.0,2.0,-5.0,0.0,0.0,0.0,4.0,-2.0,8.0,-3.0,12.0,-4.0,14.0,-5.0,16.0,-5.0,17.0,-5.0,17.0,-5.0,17.0,-4.0,15.0,-4.0,14.0,-4.0,12.0,-3.0,9.0,0.0,0.0,0.0,0.0,0.0,0.0,0.0,0.0,0.0,0.0
3.4335,122.0,-96.0,7.0,0.0,-18.0,7.0,-21.0,9.0,-23.0,10.0,-24.0,11.0,-24.0,11.0,-23.0,11.0,-21.0,11.0,-20.0,10.0,-17.0,9.0,-13.0,7.0,-9.0,4.0,-5.0,2.0,-2.0,-1.0,2.0,-5.0,5.0,-7.0,8.0,-10.0,10.0,-12.0,11.0,-13.0,13.0,-14.0,12.0,-14.0,11.0,-13.0,11.0,-13.0,9.0,-11.0,9.0,-10.0,7.0,-8.0,0.0,0.0,0.0,0.0,0.0,0.0,0.0,0.0,0.0,0.0
3.4477,122.0,-96.0,7.0,0.0,-29.0,-14.0,-28.0,-13.0,-27.0,-13.0,-24.0,-11.0,-21.0,-8.0,-16.0,-7.0,-11.0,-5.0,-6.0,-4.0,0.0,-2.0,5.0,-1.0,10.0,-1.0,14.0,0.0,18.0,-1.0,21.0,0.0,23.0,-1.0,24.0,-1.0,23.0,-1.0,21.0,-1.0,19.0,-1.0,16.0,-1.0,13.0,-1.0,9.0,-1.0,5.0,0.0,1.0,0.0,-2.0,0.0,0.0,0.0,0.0,0.0,0.0,0.0,0.0,0.0,0.0,0.0
3.4616,122.0,-96.0,7.0,0.0,9.0,29.0,9.0,28.0,9.0,27.0,8.0,24.0,7.0,20.0,6.0,15.0,4.0,10.0,1.0,6.0,-2.0,1.0,-5.0,-4.0,-8.0,-8.0,-11.0,-11.0,-13.0,-14.0,-16.0,-16.0,-17.0,-17.0,-17.0,-17.0,-18.0,-17.0,-17.0,-16.0,-14.0,-14.0,-13.0,-12.0,-10.0,-9.0,-7.0,-7.0,-4.0,-4.0,-1.0,-2.0,1.0,0.0,0.0,0.0,0.0,0.0,0.0,0.0,0.0,0.0,0.0,0.0
3.479,122.0,-96.0,7.0,0.0,-3.0,-2.0,3.0,-4.0,9.0,-5.0,14.0,-7.0,18.0,-8.0,21.0,-10.0,23.0,-12.0,24.0,-13.0,24.0,-14.0,23.0,-14.0,21.0,-13.0,18.0,-12.0,15.0,-10.0,12.0,-7.0,8.0,-5.0,4.0,-2.0,0.0,2.0,-4.0,4.0,-7.0,7.0,-10.0,9.0,-11.0,10.0,-12.0,10.0,-13.0,11.0,-13.0,11.0,-13.0,11.0,0.0,0.0,0.0,0.0,0.0,0.0,0.0,0.0,0.0,0.0
3.4891,122.0,-96.0,7.0,0.0,0.0,2.0,-5.0,0.0,-9.0,-2.0,-14.0,-4.0,-18.0,-5.0,-21.0,-5.0,-23.0,-5.0,-25.0,-4.0,-25.0,-4.0,-24.0,-3.0,-23.0,-3.0,-20.0,-2.0,-17.0,-2.0,-13.0,-2.0,-9.0,-1.0,-4.0,-1.0,0.0,-2.0,4.0,-3.0,8.0,-3.0,11.0,-3.0,13.0,-3.0,14.0,-3.0,15.0,-3.0,15.0,-3.0,15.0,-3.0,0.0,0.0,0.0,0.0,0.0,0.0,0.0,0.0,0.0,0.0
3.5013,122.0,-96.0,7.0,0.0,5.0,30.0,6.0,29.0,6.0,28.0,5.0,25.0,5.0,20.0,4.0,16.0,2.0,10.0,-1.0,5.0,-2.0,0.0,-5.0,-5.0,-7.0,-9.0,-10.0,-13.0,-12.0,-15.0,-15.0,-18.0,-15.0,-19.0,-15.0,-19.0,-16.0,-19.0,-15.0,-17.0,-13.0,-15.0,-11.0,-13.0,-8.0,-10.0,-6.0,-7.0,-4.0,-4.0,-1.0,-1.0,2.0,1.0,0.0,0.0,0.0,0.0,0.0,0.0,0.0,0.0,0.0,0.0
3.5153,122.0,-96.0,7.0,0.0,22.0,-21.0,17.0,-17.0,12.0,-11.0,7.0,-6.0,3.0,0.0,-2.0,6.0,-5.0,12.0,-9.0,17.0,-10.0,22.0,-11.0,26.0,-12.0,30.0,-12.0,31.0,-12.0,31.0,-11.0,29.0,-9.0,27.0,-9.0,23.0,-7.0,18.0,-5.0,12.0,-3.0,7.0,-2.0,2.0,-1.0,-4.0,0.0,-8.0,0.0,-12.0,1.0,-15.0,1.0,-17.0,0.0,0.0,0.0,0.0,0.0,0.0,0.0,0.0,0.0,0.0
3.5293,122.0,-96.0,7.0,0.0,-18.0,-8.0,-21.0,-9.0,-24.0,-10.0,-25.0,-10.0,-26.0,-10.0,-25.0,-9.0,-23.0,-8.0,-21.0,-6.0,-18.0,-5.0,-14.0,-5.0,-9.0,-4.0,-5.0,-2.0,0.0,-2.0,4.0,-1.0,9.0,-1.0,12.0,-1.0,15.0,-1.0,17.0,-1.0,18.0,-1.0,18.0,-1.0,17.0,-1.0,16.0,0.0,14.0,0.0,12.0,-1.0,9.0,-1.0,0.0,0.0,0.0,0.0,0.0,0.0,0.0,0.0,0.0,0.0
3.5394,122.0,-96.0,7.0,0.0,-24.0,-4.0,-23.0,-4.0,-23.0,-4.0,-22.0,-3.0,-22.0,-2.0,-22.0,-2.0,-22.0,-1.0,-21.0,-1.0,-22.0,-1.0,-22.0,-1.0,-21.0,0.0,-21.0,0.0,-21.0,0.0,-21.0,1.0,-21.0,0.0,-21.0,1.0,-20.0,0.0,-20.0,0.0,-19.0,0.0,-18.0,0.0,-18.0,-1.0,-17.0,-1.0,-17.0,-1.0,-17.0,-2.0,-16.0,-2.0,0.0,0.0,0.0,0.0,0.0,0.0,0.0,0.0,0.0,0.0
3.5525,122.0,-96.0,7.0,0.0,11.0,-34.0,10.0,-33.0,9.0,-32.0,8.0,-28.0,6.0,-24.0,4.0,-19.0,3.0,-13.0,3.0,-7.0,2.0,-1.0,2.0,6.0,1.0,12.0,1.0,17.0,2.0,20.0,3.0,24.0,4.0,25.0,4.0,26.0,4.0,26.0,4.0,24.0,3.0,21.0,2.0,17.0,2.0,13.0,1.0,9.0,0.0,5.0,-1.0,1.0,-2.0,-3.0,0.0,0.0,0.0,0.0,0.0,0.0,0.0,0.0,0.0,0.0
3.5614,122.0,-96.0,7.0,0.0,0.0,23.0,0.0,23.0,1.0,21.0,1.0,22.0,1.0,21.0,2.0,21.0,2.0,20.0,2.0,21.0,3.0,20.0,4.0,20.0,4.0,20.0,4.0,20.0,4.0,20.0,3.0,19.0,3.0,20.0,4.0,18.0,3.0,19.0,3.0,19.0,2.0,17.0,2.0,17.0,1.0,17.0,2.0,16.0,2.0,16.0,1.0,16.0,1.0,16.0,0.0,0.0,0.0,0.0,0.0,0.0,0.0,0.0,0.0,0.0
3.5686,122.0,-96.0,7.0,0.0,6.0,24.0,6.0,24.0,7.0,23.0,7.0,23.0,7.0,22.0,8.0,22.0,8.0,21.0,9.0,21.0,9.0,21.0,9.0,21.0,10.0,20.0,10.0,20.0,10.0,20.0,10.0,20.0,10.0,20.0,9.0,20.0,9.0,19.0,8.0,19.0,8.0,18.0,7.0,18.0,7.0,17.0,7.0,17.0,6.0,17.0,6.0,16.0,5.0,16.0,0.0,0.0,0.0,0.0,0.0,0.0,0.0,0.0,0.0,0.0
3.5863,122.0,-96.0,7.0,0.0,-23.0,5.0,-27.0,7.0,-31.0,8.0,-32.0,8.0,-32.0,9.0,-31.0,9.0,-28.0,9.0,-25.0,9.0,-21.0,8.0,-17.0,6.0,-11.0,3.0,-6.0,0.0,-1.0,-3.0,4.0,-6.0,8.0,-8.0,12.0,-11.0,15.0,-13.0,17.0,-14.0,18.0,-15.0,18.0,-15.0,17.0,-14.0,15.0,-13.0,13.0,-11.0,11.0,-10.0,9.0,-8.0,0.0,0.0,0.0,0.0,0.0,0.0,0.0,0.0,0.0,0.0
3.5948,122.0,-96.0,7.0,0.0,17.0,8.0,17.0,7.0,17.0,7.0,16.0,7.0,16.0,6.0,16.0,5.0,17.0,5.0,17.0,4.0,17.0,5.0,16.0,4.0,16.0,4.0,16.0,3.0,16.0,3.0,17.0,3.0,16.0,3.0,16.0,3.0,15.0,3.0,15.0,3.0,15.0,3.0,14.0,4.0,13.0,3.0,13.0,4.0,13.0,4.0,12.0,4.0,12.0,4.0,0.0,0.0,0.0,0.0,0.0,0.0,0.0,0.0,0.0,0.0
3.6085,122.0,-96.0,7.0,0.0,2.0,-30.0,2.0,-24.0,2.0,-18.0,2.0,-10.0,2.0,-2.0,3.0,5.0,5.0,12.0,6.0,18.0,8.0,23.0,10.0,26.0,11.0,29.0,12.0,30.0,12.0,29.0,13.0,29.0,12.0,26.0,9.0,21.0,9.0,17.0,6.0,12.0,3.0,7.0,0.0,3.0,-3.0,-2.0,-5.0,-6.0,-7.0,-9.0,-9.0,-12.0,-11.0,-14.0,0.0,0.0,0.0,0.0,0.0,0.0,0.0,0.0,0.0,0.0
3.6191,122.0,-96.0,7.0,0.0,-23.0,4.0,-23.0,5.0,-22.0,5.0,-22.0,5.0,-21.0,7.0,-21.0,6.0,-20.0,7.0,-20.0,7.0,-20.0,7.0,-20.0,7.0,-20.0,8.0,-19.0,8.0,-19.0,8.0,-19.0,8.0,-19.0,8.0,-18.0,8.0,-18.0,7.0,-18.0,7.0,-17.0,6.0,-17.0,6.0,-17.0,6.0,-16.0,6.0,-16.0,5.0,-16.0,5.0,-16.0,4.0,0.0,0.0,0.0,0.0,0.0,0.0,0.0,0.0,0.0,0.0
3.6285,122.0,-96.0,7.0,0.0,7.0,-23.0,6.0,-22.0,6.0,-22.0,5.0,-22.0,5.0,-22.0,4.0,-22.0,3.0,-21.0,3.0,-21.0,3.0,-21.0,2.0,-21.0,1.0,-21.0,1.0,-21.0,1.0,-21.0,1.0,-21.0,1.0,-21.0,1.0,-20.0,1.0,-20.0,2.0,-19.0,2.0,-19.0,2.0,-18.0,2.0,-18.0,2.0,-17.0,2.0,-17.0,2.0,-16.0,3.0,-16.0,0.0,0.0,0.0,0.0,0.0,0.0,0.0,0.0,0.0,0.0
3.6428,122.0,-96.0,7.0,0.0,2.0,0.0,-2.0,3.0,-6.0,7.0,-9.0,10.0,-12.0,13.0,-14.0,15.0,-15.0,17.0,-16.0,19.0,-15.0,19.0,-14.0,19.0,-13.0,18.0,-11.0,16.0,-10.0,13.0,-8.0,10.0,-6.0,6.0,-4.0,2.0,-1.0,-2.0,1.0,-5.0,2.0,-9.0,3.0,-11.0,4.0,-13.0,5.0,-14.0,4.0,-15.0,5.0,-15.0,5.0,-14.0,0.0,0.0,0.0,0.0,0.0,0.0,0.0,0.0,0.0,0.0
3.6556,122.0,-96.0,7.0,0.0,23.0,2.0,18.0,1.0,13.0,1.0,7.0,1.0,1.0,1.0,-5.0,2.0,-10.0,3.0,-15.0,5.0,-18.0,6.0,-21.0,7.0,-23.0,9.0,-24.0,10.0,-24.0,11.0,-23.0,9.0,-21.0,9.0,-18.0,8.0,-15.0,6.0,-11.0,4.0,-7.0,2.0,-4.0,0.0,0.0,-2.0,3.0,-4.0,6.0,-6.0,8.0,-7.0,9.0,-8.0,0.0,0.0,0.0,0.0,0.0,0.0,0.0,0.0,0.0,0.0
3.6654,122.0,-96.0,7.0,0.0,-18.0,-4.0,-17.0,-3.0,-17.0,-3.0,-17.0,-2.0,-16.0,-2.0,-17.0,-2.0,-16.0,-2.0,-16.0,-1.0,-16.0,-1.0,-16.0,0.0,-16.0,0.0,-16.0,0.0,-16.0,1.0,-16.0,0.0,-15.0,0.0,-16.0,0.0,-15.0,0.0,-15.0,0.0,-14.0,0.0,-14.0,0.0,-14.0,-1.0,-13.0,-1.0,-13.0,-1.0,-13.0,-1.0,-12.0,-1.0,0.0,0.0,0.0,0.0,0.0,0.0,0.0,0.0,0.0,0.0
3.6784,122.0,-96.0,7.0,0.0,-9.0,-29.0,-7.0,-24.0,-5.0,-18.0,-2.0,-10.0,1.0,-3.0,5.0,3.0,9.0,9.0,12.0,13.0,16.0,17.0,19.0,20.0,21.0,22.0,22.0,22.0,23.0,22.0,23.0,22.0,21.0,20.0,18.0,17.0,15.0,14.0,11.0,10.0,7.0,6.0,2.0,3.0,-3.0,0.0,-6.0,-3.0,-10.0,-5.0,-12.0,-7.0,-15.0,-9.0,0.0,0.0,0.0,0.0,0.0,0.0,0.0,0.0,0.0,0.0
3.6935,122.0,-96.0,7.0,0.0,0.0,-21.0,0.0,-25.0,0.0,-28.0,-1.0,-30.0,-1.0,-30.0,-2.0,-29.0,-2.0,-27.0,-2.0,-24.0,-2.0,-20.0,-2.0,-15.0,-2.0,-11.0,0.0,-5.0,1.0,0.0,3.0,5.0,4.0,9.0,6.0,13.0,7.0,16.0,7.0,17.0,7.0,18.0,7.0,18.0,7.0,17.0,7.0,16.0,6.0,14.0,5.0,11.0,3.0,8.0,0.0,0.0,0.0,0.0,0.0,0.0,0.0,0.0,0.0,0.0
3.7062,122.0,-96.0,7.0,0.0,2.0,0.0,-3.0,3.0,-8.0,6.0,-12.0,9.0,-16.0,12.0,-18.0,14.0,-20.0,16.0,-21.0,18.0,-21.0,18.0,-20.0,18.0,-18.0,17.0,-16.0,15.0,-13.0,13.0,-10.0,10.0,-7.0,6.0,-4.0,2.0,-1.0,-2.0,1.0,-6.0,4.0,-9.0,6.0,-11.0,7.0,-13.0,7.0,-15.0,7.0,-15.0,8.0,-15.0,8.0,-15.0,0.0,0.0,0.0,0.0,0.0,0.0,0.0,0.0,0.0,0.0
3.7176,122.0,-96.0,7.0,0.0,-13.0,-19.0,-14.0,-20.0,-13.0,-18.0,-13.0,-18.0,-14.0,-17.0,-14.0,-17.0,-14.0,-16.0,-15.0,-16.0,-14.0,-16.0,-15.0,-16.0,-15.0,-15.0,-15.0,-15.0,-16.0,-15.0,-15.0,-15.0,-15.0,-15.0,-14.0,-15.0,-14.0,-15.0,-13.0,-14.0,-12.0,-14.0,-12.0,-14.0,-12.0,-14.0,-11.0,-13.0,-11.0,-13.0,-10.0,-13.0,-10.0,-14.0,0.0,0.0,0.0,0.0,0.0,0.0,0.0,0.0,0.0,0.0
3.7326,122.0,-96.0,7.0,0.0,1.0,-3.0,3.0,3.0,4.0,8.0,7.0,14.0,9.0,18.0,11.0,21.0,12.0,22.0,14.0,23.0,14.0,22.0,14.0,22.0,13.0,20.0,12.0,17.0,10.0,14.0,7.0,10.0,5.0,7.0,1.0,3.0,-2.0,0.0,-6.0,-3.0,-8.0,-6.0,-11.0,-8.0,-12.0,-11.0,-13.0,-11.0,-14.0,-12.0,-14.0,-11.0,-13.0,-11.0,0.0,0.0,0.0,0.0,0.0,0.0,0.0,0.0,0.0,0.0
3.7466,122.0,-96.0,7.0,0.0,-19.0,-5.0,-22.0,-5.0,-24.0,-6.0,-26.0,-6.0,-26.0,-5.0,-26.0,-5.0,-24.0,-4.0,-22.0,-3.0,-19.0,-2.0,-15.0,-2.0,-10.0,-2.0,-5.0,-2.0,-1.0,-2.0,4.0,-2.0,8.0,-3.0,12.0,-3.0,15.0,-3.0,16.0,-4.0,18.0,-4.0,18.0,-4.0,17.0,-3.0,15.0,-3.0,14.0,-3.0,12.0,-3.0,9.0,-2.0,0.0,0.0,0.0,0.0,0.0,0.0,0.0,0.0,0.0,0.0
3.7565,122.0,-96.0,7.0,0.0,-6.0,-23.0,-7.0,-23.0,-6.0,-22.0,-7.0,-21.0,-7.0,-21.0,-8.0,-21.0,-8.0,-20.0,-9.0,-20.0,-9.0,-19.0,-9.0,-19.0,-10.0,-19.0,-10.0,-19.0,-10.0,-19.0,-10.0,-18.0,-10.0,-19.0,-9.0,-18.0,-9.0,-18.0,-9.0,-18.0,-8.0,-17.0,-8.0,-17.0,-7.0,-17.0,-7.0,-16.0,-7.0,-16.0,-6.0,-15.0,-6.0,-15.0,0.0,0.0,0.0,0.0,0.0,0.0,0.0,0.0,0.0,0.0
3.7662,122.0,-96.0,7.0,0.0,-9.0,21.0,-9.0,21.0,-8.0,19.0,-7.0,20.0,-7.0,20.0,-7.0,20.0,-6.0,19.0,-5.0,20.0,-5.0,19.0,-4.0,20.0,-4.0,19.0,-4.0,20.0,-4.0,20.0,-4.0,19.0,-4.0,19.0,-4.0,19.0,-4.0,18.0,-4.0,18.0,-5.0,17.0,-5.0,17.0,-5.0,16.0,-5.0,15.0,-5.0,15.0,-5.0,15.0,-6.0,14.0,0.0,0.0,0.0,0.0,0.0,0.0,0.0,0.0,0.0,0.0
3.7789,122.0,-96.0,7.0,0.0,-3.0,3.0,-5.0,-5.0,-6.0,-11.0,-9.0,-19.0,-11.0,-24.0,-13.0,-28.0,-15.0,-30.0,-16.0,-31.0,-16.0,-32.0,-17.0,-30.0,-16.0,-28.0,-15.0,-24.0,-13.0,-20.0,-10.0,-16.0,-7.0,-12.0,-2.0,-6.0,1.0,-1.0,4.0,3.0,8.0,7.0,10.0,10.0,13.0,13.0,14.0,15.0,15.0,15.0,14.0,15.0,14.0,14.0,0.0,0.0,0.0,0.0,0.0,0.0,0.0,0.0,0.0,0.0
3.79,122.0,-96.0,7.0,0.0,-15.0,-6.0,-15.0,-6.0,-14.0,-6.0,-14.0,-5.0,-14.0,-5.0,-14.0,-5.0,-14.0,-4.0,-14.0,-4.0,-14.0,-3.0,-14.0,-3.0,-14.0,-3.0,-14.0,-3.0,-14.0,-3.0,-14.0,-3.0,-14.0,-3.0,-14.0,-2.0,-13.0,-2.0,-13.0,-3.0,-13.0,-2.0,-13.0,-3.0,-12.0,-3.0,-11.0,-4.0,-11.0,-3.0,-11.0,-4.0,-10.0,-3.0,0.0,0.0,0.0,0.0,0.0,0.0,0.0,0.0,0.0,0.0
3.8044,122.0,-96.0,7.0,0.0,15.0,31.0,15.0,30.0,15.0,29.0,14.0,25.0,12.0,21.0,9.0,16.0,6.0,11.0,2.0,6.0,-2.0,1.0,-6.0,-3.0,-10.0,-7.0,-14.0,-10.0,-17.0,-13.0,-20.0,-15.0,-22.0,-16.0,-22.0,-16.0,-22.0,-16.0,-21.0,-15.0,-18.0,-14.0,-15.0,-11.0,-12.0,-9.0,-8.0,-6.0,-5.0,-4.0,-1.0,-2.0,2.0,0.0,0.0,0.0,0.0,0.0,0.0,0.0,0.0,0.0,0.0,0.0
3.8126,122.0,-96.0,7.0,0.0,13.0,18.0,13.0,18.0,13.0,17.0,13.0,17.0,13.0,16.0,13.0,16.0,14.0,15.0,14.0,14.0,14.0,14.0,15.0,14.0,15.0,13.0,15.0,13.0,15.0,13.0,15.0,13.0,15.0,13.0,15.0,13.0,14.0,13.0,13.0,13.0,13.0,12.0,12.0,12.0,12.0,12.0,11.0,12.0,11.0,11.0,11.0,11.0,10.0,11.0,0.0,0.0,0.0,0.0,0.0,0.0,0.0,0.0,0.0,0.0
3.8261,122.0,-96.0,7.0,0.0,4.0,-24.0,3.0,-19.0,3.0,-15.0,2.0,-8.0,2.0,-2.0,2.0,3.0,3.0,8.0,3.0,13.0,4.0,18.0,5.0,20.0,6.0,23.0,6.0,24.0,7.0,24.0,8.0,24.0,7.0,21.0,6.0,19.0,6.0,15.0,4.0,12.0,2.0,8.0,0.0,4.0,-1.0,0.0,-3.0,-4.0,-4.0,-7.0,-6.0,-9.0,-7.0,-11.0,0.0,0.0,0.0,0.0,0.0,0.0,0.0,0.0,0.0,0.0
3.8387,122.0,-96.0,7.0,0.0,-9.0,22.0,-7.0,17.0,-6.0,12.0,-4.0,6.0,-3.0,0.0,-2.0,-5.0,-2.0,-11.0,-2.0,-15.0,-3.0,-20.0,-3.0,-23.0,-4.0,-25.0,-5.0,-26.0,-5.0,-26.0,-6.0,-25.0,-6.0,-22.0,-5.0,-19.0,-4.0,-16.0,-3.0,-12.0,-2.0,-7.0,0.0,-3.0,1.0,1.0,2.0,5.0,4.0,7.0,5.0,9.0,5.0,11.0,0.0,0.0,0.0,0.0,0.0,0.0,0.0,0.0,0.0,0.0
3.8541,122.0,-96.0,7.0,0.0,-17.0,-13.0,-21.0,-15.0,-23.0,-16.0,-25.0,-17.0,-25.0,-17.0,-25.0,-16.0,-23.0,-15.0,-21.0,-12.0,-18.0,-10.0,-13.0,-8.0,-9.0,-6.0,-4.0,-4.0,0.0,-2.0,6.0,0.0,10.0,1.0,14.0,3.0,16.0,3.0,18.0,4.0,20.0,4.0,20.0,4.0,19.0,4.0,17.0,4.0,15.0,3.0,12.0,2.0,9.0,2.0,0.0,0.0,0.0,0.0,0.0,0.0,0.0,0.0,0.0,0.0
3.8679,122.0,-96.0,7.0,0.0,-5.0,-24.0,-4.0,-19.0,-3.0,-15.0,-1.0,-8.0,1.0,-3.0,3.0,2.0,6.0,7.0,8.0,11.0,11.0,14.0,13.0,16.0,15.0,18.0,16.0,19.0,16.0,19.0,16.0,19.0,15.0,17.0,13.0,14.0,11.0,12.0,8.0,9.0,5.0,5.0,1.0,3.0,-2.0,-1.0,-5.0,-3.0,-7.0,-5.0,-9.0,-6.0,-11.0,-8.0,0.0,0.0,0.0,0.0,0.0,0.0,0.0,0.0,0.0,0.0
3.882,122.0,-96.0,7.0,0.0,19.0,6.0,22.0,7.0,26.0,7.0,27.0,8.0,28.0,8.0,27.0,7.0,26.0,6.0,23.0,4.0,20.0,3.0,15.0,2.0,11.0,2.0,5.0,2.0,0.0,1.0,-4.0,1.0,-9.0,1.0,-13.0,2.0,-16.0,2.0,-19.0,2.0,-20.0,2.0,-20.0,2.0,-20.0,1.0,-19.0,1.0,-17.0,1.0,-15.0,1.0,-12.0,1.0,0.0,0.0,0.0,0.0,0.0,0.0,0.0,0.0,0.0,0.0
3.896,122.0,-96.0,7.0,0.0,20.0,10.0,16.0,8.0,12.0,6.0,6.0,4.0,1.0,2.0,-4.0,1.0,-10.0,0.0,-15.0,-1.0,-19.0,-1.0,-22.0,0.0,-24.0,0.0,-26.0,1.0,-26.0,1.0,-26.0,1.0,-24.0,1.0,-21.0,2.0,-17.0,1.0,-13.0,0.0,-9.0,-1.0,-5.0,-1.0,0.0,-1.0,3.0,-2.0,6.0,-3.0,9.0,-4.0,11.0,-4.0,0.0,0.0,0.0,0.0,0.0,0.0,0.0,0.0,0.0,0.0
3.91,122.0,-96.0,7.0,0.0,-4.0,-2.0,2.0,-3.0,7.0,-6.0,11.0,-6.0,15.0,-8.0,18.0,-10.0,20.0,-11.0,21.0,-13.0,21.0,-14.0,20.0,-14.0,18.0,-13.0,16.0,-12.0,13.0,-10.0,10.0,-7.0,7.0,-5.0,3.0,-2.0,0.0,1.0,-3.0,4.0,-6.0,6.0,-8.0,8.0,-9.0,9.0,-10.0,10.0,-10.0,11.0,-10.0,11.0,-10.0,11.0,0.0,0.0,0.0,0.0,0.0,0.0,0.0,0.0,0.0,0.0
3.9254,122.0,-96.0,7.0,0.0,-4.0,-1.0,1.0,-4.0,6.0,-7.0,9.0,-10.0,12.0,-13.0,14.0,-15.0,16.0,-17.0,17.0,-18.0,17.0,-19.0,15.0,-19.0,14.0,-18.0,12.0,-16.0,10.0,-13.0,8.0,-10.0,5.0,-7.0,3.0,-3.0,1.0,1.0,-2.0,4.0,-4.0,7.0,-5.0,10.0,-6.0,11.0,-6.0,12.0,-7.0,13.0,-7.0,14.0,-7.0,13.0,0.0,0.0,0.0,0.0,0.0,0.0,0.0,0.0,0.0,0.0
3.9374,122.0,-96.0,7.0,0.0,38.0,7.0,38.0,7.0,35.0,6.0,33.0,5.0,27.0,3.0,21.0,2.0,15.0,2.0,8.0,1.0,1.0,2.0,-5.0,2.0,-12.0,4.0,-18.0,5.0,-23.0,7.0,-26.0,7.0,-29.0,8.0,-29.0,9.0,-28.0,9.0,-27.0,8.0,-24.0,7.0,-21.0,6.0,-16.0,5.0,-12.0,4.0,-7.0,1.0,-3.0,0.0,0.0,-2.0,0.0,0.0,0.0,0.0,0.0,0.0,0.0,0.0,0.0,0.0
3.9506,122.0,-96.0,7.0,0.0,-26.0,19.0,-21.0,15.0,-15.0,11.0,-10.0,5.0,-4.0,-1.0,1.0,-7.0,4.0,-13.0,7.0,-18.0,10.0,-23.0,11.0,-27.0,12.0,-30.0,12.0,-32.0,12.0,-33.0,11.0,-31.0,10.0,-29.0,9.0,-25.0,7.0,-20.0,5.0,-15.0,3.0,-10.0,2.0,-4.0,1.0,1.0,0.0,6.0,-1.0,10.0,-2.0,13.0,-2.0,16.0,0.0,0.0,0.0,0.0,0.0,0.0,0.0,0.0,0.0,0.0
3.9651,122.0,-96.0,7.0,0.0,17.0,15.0,20.0,18.0,23.0,20.0,24.0,21.0,25.0,20.0,25.0,19.0,24.0,18.0,21.0,15.0,18.0,13.0,14.0,10.0,10.0,8.0,5.0,5.0,-1.0,2.0,-6.0,-1.0,-10.0,-3.0,-15.0,-4.0,-18.0,-5.0,-20.0,-6.0,-22.0,-7.0,-22.0,-7.0,-21.0,-7.0,-20.0,-7.0,-18.0,-7.0,-15.0,-5.0,-13.0,-5.0,0.0,0.0,0.0,0.0,0.0,0.0,0.0,0.0,0.0,0.0
3.9734,122.0,-96.0,7.0,0.0,22.0,3.0,22.0,3.0,22.0,3.0,21.0,3.0,21.0,2.0,21.0,2.0,20.0,1.0,20.0,1.0,20.0,0.0,20.0,-1.0,20.0,-1.0,20.0,-2.0,20.0,-1.0,20.0,-1.0,20.0,-1.0,19.0,-1.0,19.0,-1.0,18.0,0.0,18.0,0.0,17.0,0.0,17.0,0.0,16.0,0.0,16.0,0.0,16.0,1.0,15.0,1.0,0.0,0.0,0.0,0.0,0.0,0.0,0.0,0.0,0.0,0.0
3.9835,122.0,-96.0,7.0,0.0,-17.0,15.0,-17.0,15.0,-16.0,15.0,-15.0,15.0,-15.0,15.0,-15.0,15.0,-14.0,15.0,-13.0,16.0,-13.0,16.0,-13.0,16.0,-12.0,16.0,-12.0,17.0,-12.0,16.0,-12.0,17.0,-12.0,16.0,-12.0,16.0,-11.0,15.0,-12.0,15.0,-11.0,14.0,-12.0,14.0,-11.0,13.0,-11.0,13.0,-11.0,12.0,-11.0,12.0,-11.0,11.0,0.0,0.0,0.0,0.0,0.0,0.0,0.0,0.0,0.0,0.0
3.9961,122.0,-96.0,7.0,0.0,3.0,-1.0,-1.0,4.0,-5.0,8.0,-8.0,13.0,-11.0,16.0,-13.0,19.0,-13.0,22.0,-15.0,23.0,-14.0,24.0,-12.0,23.0,-11.0,21.0,-10.0,19.0,-8.0,16.0,-7.0,11.0,-5.0,7.0,-4.0,2.0,-1.0,-2.0,0.0,-7.0,1.0,-10.0,2.0,-13.0,2.0,-16.0,1.0,-17.0,1.0,-17.0,2.0,-17.0,2.0,-17.0,0.0,0.0,0.0,0.0,0.0,0.0,0.0,0.0,0.0,0.0
4.0092,122.0,-96.0,7.0,0.0,-26.0,7.0,-21.0,6.0,-15.0,3.0,-9.0,1.0,-3.0,-2.0,2.0,-5.0,8.0,-9.0,11.0,-13.0,15.0,-16.0,17.0,-18.0,19.0,-21.0,19.0,-22.0,19.0,-23.0,17.0,-22.0,15.0,-20.0,14.0,-18.0,10.0,-13.0,7.0,-10.0,4.0,-6.0,2.0,-2.0,0.0,2.0,-3.0,5.0,-4.0,9.0,-5.0,11.0,-7.0,13.0,0.0,0.0,0.0,0.0,0.0,0.0,0.0,0.0,0.0,0.0
4.0235,122.0,-96.0,7.0,0.0,17.0,-5.0,21.0,-6.0,23.0,-8.0,24.0,-8.0,25.0,-8.0,24.0,-9.0,22.0,-9.0,19.0,-8.0,16.0,-8.0,13.0,-6.0,8.0,-4.0,4.0,-1.0,0.0,1.0,-3.0,4.0,-7.0,6.0,-10.0,8.0,-12.0,10.0,-14.0,11.0,-14.0,12.0,-14.0,12.0,-13.0,11.0,-12.0,10.0,-10.0,9.0,-9.0,8.0,-8.0,6.0,0.0,0.0,0.0,0.0,0.0,0.0,0.0,0.0,0.0,0.0
4.0322,122.0,-96.0,7.0,0.0,-9.0,21.0,-8.0,21.0,-8.0,20.0,-7.0,20.0,-6.0,20.0,-6.0,20.0,-5.0,20.0,-5.0,20.0,-4.0,20.0,-4.0,20.0,-4.0,20.0,-3.0,20.0,-3.0,19.0,-3.0,20.0,-3.0,19.0,-3.0,20.0,-4.0,18.0,-4.0,18.0,-4.0,17.0,-4.0,17.0,-4.0,17.0,-4.0,16.0,-4.0,16.0,-4.0,15.0,-5.0,15.0,0.0,0.0,0.0,0.0,0.0,0.0,0.0,0.0,0.0,0.0
4.0501,122.0,-96.0,7.0,0.0,-38.0,14.0,-37.0,15.0,-34.0,14.0,-30.0,13.0,-26.0,12.0,-20.0,9.0,-14.0,5.0,-9.0,2.0,-3.0,-2.0,2.0,-6.0,8.0,-12.0,11.0,-16.0,14.0,-19.0,16.0,-21.0,18.0,-24.0,18.0,-24.0,17.0,-24.0,16.0,-22.0,14.0,-20.0,12.0,-17.0,9.0,-13.0,6.0,-9.0,3.0,-5.0,1.0,-1.0,-1.0,2.0,0.0,0.0,0.0,0.0,0.0,0.0,0.0,0.0,0.0,0.0
4.0597,122.0,-96.0,7.0,0.0,23.0,-27.0,22.0,-27.0,20.0,-26.0,18.0,-23.0,14.0,-20.0,11.0,-16.0,8.0,-12.0,5.0,-6.0,3.0,-1.0,1.0,4.0,-2.0,11.0,-4.0,16.0,-4.0,20.0,-4.0,23.0,-4.0,25.0,-4.0,25.0,-4.0,25.0,-3.0,24.0,-4.0,21.0,-3.0,18.0,-2.0,14.0,-2.0,10.0,-1.0,6.0,-2.0,2.0,-1.0,-2.0,0.0,0.0,0.0,0.0,0.0,0.0,0.0,0.0,0.0,0.0
4.0744,122.0,-96.0,7.0,0.0,-4.0,-1.0,1.0,-4.0,6.0,-7.0,9.0,-9.0,13.0,-12.0,15.0,-13.0,17.0,-16.0,18.0,-17.0,18.0,-18.0,16.0,-18.0,15.0,-17.0,13.0,-15.0,11.0,-13.0,9.0,-10.0,6.0,-7.0,4.0,-3.0,1.0,0.0,-2.0,4.0,-3.0,7.0,-5.0,9.0,-6.0,11.0,-7.0,12.0,-7.0,13.0,-7.0,13.0,-7.0,13.0,0.0,0.0,0.0,0.0,0.0,0.0,0.0,0.0,0.0,0.0
4.0877,122.0,-96.0,7.0,0.0,-14.0,15.0,-16.0,18.0,-18.0,21.0,-18.0,22.0,-18.0,23.0,-17.0,22.0,-15.0,21.0,-14.0,19.0,-12.0,16.0,-9.0,12.0,-6.0,8.0,-4.0,3.0,-2.0,-2.0,-1.0,-6.0,1.0,-11.0,2.0,-14.0,3.0,-17.0,4.0,-20.0,4.0,-21.0,4.0,-20.0,4.0,-19.0,3.0,-18.0,2.0,-15.0,3.0,-13.0,2.0,-10.0,0.0,0.0,0.0,0.0,0.0,0.0,0.0,0.0,0.0,0.0
4.097,122.0,-96.0,7.0,0.0,-19.0,5.0,-19.0,5.0,-18.0,5.0,-18.0,5.0,-17.0,6.0,-17.0,6.0,-16.0,6.0,-16.0,7.0,-16.0,7.0,-16.0,7.0,-16.0,7.0,-16.0,7.0,-16.0,8.0,-15.0,7.0,-16.0,7.0,-15.0,7.0,-15.0,7.0,-15.0,7.0,-14.0,6.0,-14.0,6.0,-14.0,5.0,-13.0,5.0,-13.0,5.0,-13.0,4.0,-13.0,4.0,0.0,0.0,0.0,0.0,0.0,0.0,0.0,0.0,0.0,0.0
4.1112,122.0,-96.0,7.0,0.0,-4.0,-2.0,1.0,-4.0,6.0,-6.0,10.0,-9.0,13.0,-11.0,16.0,-13.0,18.0,-14.0,19.0,-16.0,19.0,-17.0,17.0,-17.0,15.0,-16.0,13.0,-14.0,11.0,-12.0,9.0,-9.0,6.0,-6.0,3.0,-3.0,0.0,1.0,-2.0,4.0,-4.0,7.0,-6.0,9.0,-7.0,11.0,-8.0,12.0,-8.0,13.0,-8.0,13.0,-8.0,12.0,0.0,0.0,0.0,0.0,0.0,0.0,0.0,0.0,0.0,0.0
4.1251,122.0,-96.0,7.0,0.0,-35.0,5.0,-34.0,6.0,-33.0,5.0,-29.0,5.0,-24.0,6.0,-19.0,4.0,-14.0,2.0,-9.0,0.0,-3.0,-2.0,2.0,-5.0,8.0,-8.0,12.0,-11.0,15.0,-14.0,18.0,-15.0,19.0,-17.0,20.0,-18.0,20.0,-17.0,18.0,-16.0,16.0,-15.0,14.0,-12.0,11.0,-10.0,7.0,-7.0,4.0,-4.0,2.0,-2.0,-1.0,1.0,0.0,0.0,0.0,0.0,0.0,0.0,0.0,0.0,0.0,0.0
4.1345,122.0,-96.0,7.0,0.0,0.0,-23.0,0.0,-23.0,0.0,-22.0,-1.0,-22.0,-2.0,-22.0,-1.0,-22.0,-2.0,-21.0,-3.0,-21.0,-3.0,-21.0,-4.0,-21.0,-4.0,-21.0,-4.0,-20.0,-4.0,-20.0,-4.0,-20.0,-4.0,-20.0,-4.0,-20.0,-4.0,-20.0,-3.0,-19.0,-2.0,-19.0,-3.0,-18.0,-2.0,-18.0,-3.0,-17.0,-2.0,-17.0,-2.0,-17.0,-1.0,-17.0,0.0,0.0,0.0,0.0,0.0,0.0,0.0,0.0,0.0,0.0
4.1479,122.0,-96.0,7.0,0.0,8.0,-16.0,10.0,-19.0,12.0,-22.0,12.0,-23.0,12.0,-24.0,11.0,-23.0,10.0,-22.0,9.0,-20.0,8.0,-18.0,6.0,-14.0,4.0,-10.0,2.0,-6.0,1.0,-1.0,1.0,3.0,0.0,7.0,-1.0,11.0,-1.0,14.0,-2.0,16.0,-2.0,17.0,-2.0,17.0,-2.0,17.0,-2.0,16.0,-2.0,14.0,-2.0,12.0,-2.0,10.0,0.0,0.0,0.0,0.0,0.0,0.0,0.0,0.0,0.0,0.0
4.1627,122.0,-96.0,7.0,0.0,-50.0,-15.0,-49.0,-14.0,-47.0,-13.0,-43.0,-11.0,-37.0,-8.0,-29.0,-7.0,-21.0,-5.0,-12.0,-4.0,-3.0,-4.0,5.0,-4.0,14.0,-6.0,21.0,-7.0,27.0,-9.0,33.0,-9.0,35.0,-9.0,37.0,-11.0,36.0,-10.0,35.0,-10.0,31.0,-9.0,27.0,-8.0,21.0,-7.0,15.0,-5.0,10.0,-3.0,5.0,-1.0,0.0,1.0,0.0,0.0,0.0,0.0,0.0,0.0,0.0,0.0,0.0,0.0
4.1771,122.0,-96.0,7.0,0.0,4.0,1.0,-3.0,4.0,-10.0,6.0,-17.0,8.0,-22.0,10.0,-26.0,13.0,-28.0,15.0,-30.0,16.0,-30.0,18.0,-29.0,18.0,-27.0,17.0,-24.0,15.0,-20.0,13.0,-17.0,10.0,-12.0,6.0,-7.0,2.0,-2.0,-2.0,2.0,-6.0,6.0,-9.0,9.0,-12.0,11.0,-14.0,12.0,-15.0,13.0,-16.0,14.0,-17.0,14.0,-16.0,0.0,0.0,0.0,0.0,0.0,0.0,0.0,0.0,0.0,0.0
4.185,122.0,-96.0,7.0,0.0,17.0,-2.0,17.0,-2.0,17.0,-2.0,16.0,-2.0,16.0,-3.0,16.0,-4.0,15.0,-4.0,15.0,-4.0,16.0,-4.0,15.0,-5.0,15.0,-5.0,15.0,-5.0,15.0,-5.0,15.0,-5.0,14.0,-5.0,15.0,-5.0,14.0,-4.0,14.0,-4.0,14.0,-4.0,13.0,-3.0,13.0,-4.0,12.0,-3.0,12.0,-3.0,12.0,-2.0,12.0,-2.0,0.0,0.0,0.0,0.0,0.0,0.0,0.0,0.0,0.0,0.0
4.1928,122.0,-96.0,7.0,0.0,16.0,1.0,16.0,1.0,16.0,1.0,16.0,0.0,16.0,-1.0,16.0,-1.0,15.0,-1.0,15.0,-2.0,15.0,-2.0,15.0,-2.0,15.0,-2.0,15.0,-2.0,15.0,-3.0,14.0,-2.0,15.0,-3.0,14.0,-2.0,14.0,-2.0,14.0,-2.0,13.0,-2.0,13.0,-2.0,12.0,-2.0,12.0,-1.0,12.0,-1.0,11.0,-1.0,11.0,0.0,0.0,0.0,0.0,0.0,0.0,0.0,0.0,0.0,0.0,0.0
4.2067,122.0,-96.0,7.0,0.0,-11.0,-38.0,-11.0,-38.0,-11.0,-35.0,-11.0,-32.0,-10.0,-27.0,-8.0,-21.0,-6.0,-15.0,-2.0,-9.0,2.0,-4.0,5.0,2.0,9.0,7.0,13.0,11.0,17.0,15.0,20.0,17.0,22.0,19.0,21.0,18.0,23.0,18.0,21.0,17.0,19.0,15.0,16.0,13.0,13.0,10.0,9.0,7.0,5.0,4.0,1.0,2.0,-3.0,0.0,0.0,0.0,0.0,0.0,0.0,0.0,0.0,0.0,0.0,0.0
4.2208,122.0,-96.0,7.0,0.0,-18.0,25.0,-17.0,25.0,-16.0,24.0,-14.0,21.0,-11.0,19.0,-9.0,15.0,-7.0,10.0,-5.0,5.0,-3.0,0.0,-2.0,-5.0,0.0,-11.0,0.0,-15.0,0.0,-18.0,0.0,-22.0,0.0,-23.0,1.0,-24.0,0.0,-24.0,0.0,-23.0,0.0,-20.0,0.0,-17.0,-1.0,-14.0,-1.0,-10.0,0.0,-6.0,0.0,-3.0,1.0,0.0,0.0,0.0,0.0,0.0,0.0,0.0,0.0,0.0,0.0,0.0
4.2335,122.0,-96.0,7.0,0.0,34.0,4.0,34.0,3.0,32.0,3.0,29.0,2.0,24.0,1.0,20.0,1.0,14.0,1.0,8.0,1.0,2.0,1.0,-4.0,2.0,-10.0,5.0,-15.0,6.0,-18.0,8.0,-22.0,8.0,-24.0,9.0,-25.0,10.0,-24.0,10.0,-23.0,9.0,-21.0,8.0,-18.0,7.0,-15.0,6.0,-11.0,4.0,-7.0,2.0,-4.0,1.0,-1.0,-1.0,0.0,0.0,0.0,0.0,0.0,0.0,0.0,0.0,0.0,0.0
4.2433,122.0,-96.0,7.0,0.0,-23.0,6.0,-23.0,7.0,-21.0,6.0,-21.0,7.0,-21.0,8.0,-20.0,8.0,-19.0,8.0,-19.0,9.0,-19.0,9.0,-19.0,9.0,-19.0,9.0,-18.0,10.0,-18.0,10.0,-18.0,10.0,-18.0,10.0,-18.0,9.0,-17.0,9.0,-17.0,9.0,-17.0,8.0,-17.0,8.0,-16.0,7.0,-16.0,7.0,-16.0,7.0,-15.0,6.0,-15.0,6.0,0.0,0.0,0.0,0.0,0.0,0.0,0.0,0.0,0.0,0.0
4.2562,122.0,-96.0,7.0,0.0,-2.0,-4.0,3.0,0.0,9.0,3.0,13.0,6.0,17.0,9.0,20.0,10.0,23.0,11.0,24.0,10.0,25.0,10.0,24.0,9.0,22.0,8.0,20.0,7.0,17.0,5.0,13.0,5.0,8.0,3.0,4.0,2.0,-1.0,2.0,-6.0,1.0,-9.0,0.0,-13.0,0.0,-15.0,-2.0,-16.0,-2.0,-17.0,-1.0,-17.0,-1.0,-17.0,-1.0,0.0,0.0,0.0,0.0,0.0,0.0,0.0,0.0,0.0,0.0
4.2697,122.0,-96.0,7.0,0.0,18.0,6.0,22.0,7.0,25.0,9.0,26.0,9.0,27.0,9.0,27.0,8.0,25.0,7.0,23.0,5.0,20.0,4.0,15.0,3.0,11.0,3.0,5.0,2.0,1.0,2.0,-4.0,2.0,-9.0,2.0,-13.0,2.0,-16.0,2.0,-19.0,2.0,-20.0,1.0,-20.0,2.0,-20.0,1.0,-19.0,1.0,-17.0,1.0,-15.0,1.0,-12.0,1.0,0.0,0.0,0.0,0.0,0.0,0.0,0.0,0.0,0.0,0.0
4.283,122.0,-96.0,7.0,0.0,2.0,39.0,3.0,38.0,4.0,37.0,4.0,33.0,4.0,28.0,3.0,22.0,2.0,16.0,-1.0,10.0,-3.0,3.0,-5.0,-4.0,-7.0,-9.0,-10.0,-14.0,-13.0,-18.0,-16.0,-22.0,-17.0,-24.0,-17.0,-24.0,-18.0,-24.0,-17.0,-23.0,-15.0,-21.0,-14.0,-18.0,-11.0,-15.0,-8.0,-11.0,-5.0,-7.0,-2.0,-4.0,1.0,-1.0,0.0,0.0,0.0,0.0,0.0,0.0,0.0,0.0,0.0,0.0
4.2954,122.0,-96.0,7.0,0.0,29.0,-7.0,24.0,-6.0,17.0,-3.0,10.0,-2.0,3.0,1.0,-4.0,4.0,-9.0,9.0,-15.0,12.0,-18.0,15.0,-21.0,18.0,-23.0,21.0,-24.0,23.0,-24.0,23.0,-22.0,21.0,-20.0,20.0,-17.0,18.0,-14.0,14.0,-11.0,9.0,-7.0,5.0,-4.0,1.0,-1.0,-3.0,2.0,-7.0,4.0,-10.0,5.0,-13.0,7.0,-15.0,0.0,0.0,0.0,0.0,0.0,0.0,0.0,0.0,0.0,0.0
4.3036,122.0,-96.0,7.0,0.0,15.0,-3.0,15.0,-4.0,14.0,-4.0,14.0,-4.0,14.0,-4.0,13.0,-5.0,13.0,-5.0,13.0,-5.0,13.0,-5.0,13.0,-5.0,12.0,-6.0,12.0,-6.0,12.0,-6.0,12.0,-6.0,12.0,-6.0,11.0,-6.0,11.0,-4.0,12.0,-5.0,11.0,-4.0,10.0,-6.0,10.0,-4.0,10.0,-4.0,10.0,-4.0,10.0,-2.0,9.0,-4.0,0.0,0.0,0.0,0.0,0.0,0.0,0.0,0.0,0.0,0.0
4.314,122.0,-96.0,7.0,0.0,-24.0,-2.0,-23.0,-1.0,-22.0,-1.0,-23.0,-1.0,-22.0,0.0,-22.0,0.0,-21.0,1.0,-21.0,1.0,-21.0,2.0,-21.0,2.0,-21.0,2.0,-21.0,3.0,-21.0,3.0,-20.0,3.0,-20.0,3.0,-20.0,3.0,-20.0,3.0,-19.0,2.0,-19.0,2.0,-19.0,1.0,-18.0,1.0,-17.0,1.0,-17.0,1.0,-17.0,1.0,-17.0,0.0,0.0,0.0,0.0,0.0,0.0,0.0,0.0,0.0,0.0,0.0
4.3269,122.0,-96.0,7.0,0.0,-25.0,17.0,-29.0,20.0,-34.0,24.0,-35.0,25.0,-34.0,26.0,-32.0,26.0,-30.0,25.0,-27.0,24.0,-24.0,20.0,-18.0,16.0,-12.0,10.0,-8.0,4.0,-3.0,-2.0,0.0,-8.0,4.0,-13.0,7.0,-19.0,10.0,-23.0,12.0,-26.0,14.0,-28.0,13.0,-28.0,12.0,-26.0,11.0,-24.0,10.0,-21.0,9.0,-19.0,7.0,-15.0,0.0,0.0,0.0,0.0,0.0,0.0,0.0,0.0,0.0,0.0
4.3407,122.0,-96.0,7.0,0.0,19.0,5.0,23.0,6.0,26.0,6.0,28.0,6.0,28.0,6.0,27.0,5.0,26.0,4.0,23.0,3.0,20.0,2.0,15.0,2.0,10.0,2.0,5.0,2.0,0.0,2.0,-5.0,2.0,-9.0,2.0,-14.0,3.0,-16.0,4.0,-19.0,4.0,-20.0,4.0,-20.0,4.0,-20.0,4.0,-18.0,3.0,-16.0,3.0,-14.0,3.0,-11.0,2.0,0.0,0.0,0.0,0.0,0.0,0.0,0.0,0.0,0.0,0.0
4.3544,122.0,-96.0,7.0,0.0,-33.0,13.0,-32.0,14.0,-30.0,13.0,-27.0,12.0,-22.0,11.0,-18.0,8.0,-13.0,5.0,-8.0,2.0,-3.0,-2.0,1.0,-6.0,6.0,-10.0,9.0,-14.0,11.0,-18.0,13.0,-20.0,14.0,-22.0,14.0,-22.0,14.0,-22.0,13.0,-21.0,12.0,-19.0,10.0,-16.0,7.0,-12.0,5.0,-9.0,3.0,-5.0,1.0,-2.0,-1.0,2.0,0.0,0.0,0.0,0.0,0.0,0.0,0.0,0.0,0.0,0.0
4.3676,122.0,-96.0,7.0,0.0,7.0,-34.0,7.0,-35.0,6.0,-32.0,4.0,-30.0,3.0,-25.0,2.0,-20.0,1.0,-14.0,2.0,-8.0,2.0,-2.0,3.0,4.0,4.0,10.0,5.0,15.0,6.0,19.0,8.0,22.0,9.0,24.0,8.0,24.0,9.0,24.0,9.0,22.0,8.0,20.0,6.0,16.0,5.0,13.0,3.0,9.0,1.0,5.0,-1.0,1.0,-3.0,-2.0,0.0,0.0,0.0,0.0,0.0,0.0,0.0,0.0,0.0,0.0
4.3757,122.0,-96.0,7.0,0.0,22.0,4.0,22.0,3.0,21.0,3.0,21.0,3.0,21.0,2.0,21.0,2.0,21.0,1.0,20.0,0.0,20.0,0.0,20.0,-1.0,20.0,-1.0,20.0,-1.0,20.0,-2.0,20.0,-1.0,20.0,-1.0,20.0,-1.0,19.0,-1.0,19.0,-1.0,18.0,-1.0,18.0,-1.0,17.0,0.0,16.0,0.0,16.0,0.0,16.0,0.0,15.0,1.0,0.0,0.0,0.0,0.0,0.0,0.0,0.0,0.0,0.0,0.0
4.3903,122.0,-96.0,7.0,0.0,16.0,-18.0,13.0,-15.0,9.0,-11.0,6.0,-6.0,3.0,-1.0,0.0,4.0,-2.0,9.0,-4.0,13.0,-5.0,17.0,-6.0,20.0,-7.0,23.0,-6.0,24.0,-6.0,25.0,-5.0,24.0,-4.0,22.0,-4.0,20.0,-3.0,16.0,-3.0,11.0,-2.0,7.0,-2.0,3.0,-2.0,-2.0,-2.0,-5.0,-2.0,-8.0,-2.0,-11.0,-2.0,-13.0,0.0,0.0,0.0,0.0,0.0,0.0,0.0,0.0,0.0,0.0
4.4038,122.0,-96.0,7.0,0.0,17.0,-10.0,21.0,-12.0,23.0,-14.0,25.0,-15.0,24.0,-15.0,23.0,-15.0,21.0,-15.0,20.0,-14.0,16.0,-12.0,12.0,-10.0,8.0,-6.0,4.0,-3.0,1.0,1.0,-2.0,5.0,-6.0,8.0,-8.0,11.0,-10.0,14.0,-12.0,15.0,-13.0,16.0,-13.0,16.0,-12.0,15.0,-11.0,14.0,-9.0,12.0,-9.0,10.0,-7.0,8.0,0.0,0.0,0.0,0.0,0.0,0.0,0.0,0.0,0.0,0.0
4.4151,122.0,-96.0,7.0,0.0,-16.0,-18.0,-16.0,-18.0,-15.0,-17.0,-15.0,-17.0,-16.0,-16.0,-16.0,-15.0,-16.0,-15.0,-17.0,-14.0,-16.0,-14.0,-16.0,-14.0,-17.0,-13.0,-17.0,-13.0,-17.0,-13.0,-17.0,-13.0,-17.0,-13.0,-16.0,-13.0,-16.0,-13.0,-15.0,-13.0,-14.0,-13.0,-14.0,-12.0,-14.0,-12.0,-13.0,-12.0,-13.0,-12.0,-12.0,-12.0,-11.0,-12.0,0.0,0.0,0.0,0.0,0.0,0.0,0.0,0.0,0.0,0.0
4.4277,122.0,-96.0,7.0,0.0,-4.0,1.0,-2.0,-4.0,1.0,-9.0,2.0,-14.0,3.0,-17.0,4.0,-21.0,4.0,-23.0,4.0,-25.0,4.0,-25.0,3.0,-24.0,2.0,-23.0,2.0,-20.0,1.0,-17.0,1.0,-13.0,1.0,-8.0,1.0,-4.0,1.0,0.0,1.0,4.0,2.0,8.0,2.0,11.0,3.0,13.0,3.0,14.0,3.0,14.0,2.0,14.0,2.0,14.0,0.0,0.0,0.0,0.0,0.0,0.0,0.0,0.0,0.0,0.0
4.4423,122.0,-96.0,7.0,0.0,11.0,14.0,14.0,18.0,15.0,19.0,17.0,21.0,18.0,21.0,18.0,20.0,17.0,18.0,15.0,15.0,12.0,13.0,10.0,10.0,7.0,7.0,3.0,4.0,-2.0,1.0,-6.0,-1.0,-10.0,-3.0,-13.0,-4.0,-16.0,-6.0,-18.0,-7.0,-18.0,-7.0,-19.0,-7.0,-18.0,-7.0,-17.0,-6.0,-15.0,-5.0,-12.0,-4.0,-9.0,-4.0,0.0,0.0,0.0,0.0,0.0,0.0,0.0,0.0,0.0,0.0
4.4517,122.0,-96.0,7.0,0.0,-20.0,10.0,-20.0,10.0,-18.0,10.0,-19.0,10.0,-18.0,11.0,-17.0,11.0,-17.0,11.0,-16.0,12.0,-16.0,11.0,-16.0,12.0,-16.0,12.0,-15.0,12.0,-15.0,12.0,-15.0,12.0,-15.0,12.0,-15.0,12.0,-15.0,11.0,-15.0,11.0,-14.0,10.0,-14.0,10.0,-13.0,10.0,-13.0,9.0,-13.0,9.0,-13.0,9.0,-13.0,8.0,0.0,0.0,0.0,0.0,0.0,0.0,0.0,0.0,0.0,0.0
4.4647,122.0,-96.0,7.0,0.0,9.0,-21.0,8.0,-18.0,5.0,-13.0,4.0,-7.0,3.0,-2.0,2.0,3.0,2.0,8.0,2.0,13.0,2.0,17.0,4.0,20.0,4.0,22.0,5.0,23.0,5.0,23.0,6.0,22.0,6.0,20.0,5.0,18.0,5.0,14.0,3.0,11.0,1.0,7.0,0.0,3.0,-3.0,0.0,-4.0,-4.0,-6.0,-6.0,-7.0,-8.0,-8.0,-9.0,0.0,0.0,0.0,0.0,0.0,0.0,0.0,0.0,0.0,0.0
4.4752,122.0,-96.0,7.0,0.0,-23.0,-7.0,-23.0,-6.0,-22.0,-6.0,-22.0,-6.0,-22.0,-5.0,-22.0,-5.0,-21.0,-4.0,-21.0,-3.0,-21.0,-3.0,-22.0,-2.0,-21.0,-2.0,-21.0,-2.0,-21.0,-2.0,-21.0,-2.0,-21.0,-2.0,-21.0,-2.0,-20.0,-2.0,-20.0,-3.0,-19.0,-3.0,-19.0,-3.0,-18.0,-3.0,-17.0,-3.0,-17.0,-3.0,-16.0,-3.0,-16.0,-4.0,0.0,0.0,0.0,0.0,0.0,0.0,0.0,0.0,0.0,0.0
4.4859,122.0,-96.0,7.0,0.0,-7.0,-23.0,-7.0,-22.0,-7.0,-22.0,-7.0,-22.0,-8.0,-21.0,-8.0,-21.0,-8.0,-20.0,-9.0,-20.0,-9.0,-20.0,-10.0,-20.0,-10.0,-19.0,-10.0,-19.0,-10.0,-18.0,-11.0,-19.0,-10.0,-18.0,-10.0,-18.0,-9.0,-18.0,-9.0,-18.0,-8.0,-17.0,-8.0,-17.0,-8.0,-16.0,-8.0,-16.0,-7.0,-16.0,-7.0,-16.0,-6.0,-15.0,0.0,0.0,0.0,0.0,0.0,0.0,0.0,0.0,0.0,0.0
4.4993,122.0,-96.0,7.0,0.0,-17.0,-12.0,-19.0,-13.0,-22.0,-15.0,-23.0,-16.0,-24.0,-15.0,-24.0,-15.0,-23.0,-13.0,-21.0,-11.0,-18.0,-10.0,-14.0,-8.0,-10.0,-6.0,-5.0,-5.0,-1.0,-3.0,4.0,-2.0,8.0,-1.0,13.0,-1.0,15.0,0.0,17.0,0.0,19.0,0.0,19.0,-1.0,18.0,0.0,17.0,0.0,15.0,0.0,13.0,-1.0,10.0,0.0,0.0,0.0,0.0,0.0,0.0,0.0,0.0,0.0,0.0,0.0
4.5125,122.0,-96.0,7.0,0.0,-1.0,36.0,0.0,36.0,1.0,34.0,2.0,31.0,2.0,26.0,1.0,20.0,1.0,14.0,-1.0,8.0,-4.0,2.0,-6.0,-4.0,-9.0,-10.0,-11.0,-14.0,-14.0,-17.0,-17.0,-20.0,-18.0,-22.0,-18.0,-22.0,-19.0,-21.0,-17.0,-20.0,-15.0,-18.0,-13.0,-15.0,-11.0,-12.0,-7.0,-8.0,-4.0,-6.0,-1.0,-3.0,3.0,-1.0,0.0,0.0,0.0,0.0,0.0,0.0,0.0,0.0,0.0,0.0
4.5198,122.0,-96.0,7.0,0.0,9.0,14.0,9.0,14.0,9.0,13.0,9.0,13.0,10.0,13.0,10.0,12.0,10.0,12.0,10.0,11.0,10.0,11.0,10.0,11.0,10.0,10.0,10.0,11.0,11.0,10.0,10.0,10.0,11.0,11.0,10.0,10.0,10.0,10.0,10.0,10.0,9.0,9.0,8.0,9.0,8.0,9.0,8.0,9.0,7.0,9.0,7.0,9.0,7.0,9.0,0.0,0.0,0.0,0.0,0.0,0.0,0.0,0.0,0.0,0.0
4.5336,122.0,-96.0,7.0,0.0,1.0,3.0,-4.0,1.0,-9.0,0.0,-15.0,-2.0,-19.0,-2.0,-22.0,-2.0,-25.0,-2.0,-26.0,-1.0,-26.0,0.0,-26.0,0.0,-24.0,0.0,-22.0,1.0,-18.0,1.0,-14.0,0.0,-10.0,-1.0,-5.0,-1.0,-1.0,-3.0,3.0,-4.0,7.0,-5.0,10.0,-6.0,12.0,-6.0,13.0,-7.0,14.0,-7.0,14.0,-8.0,14.0,-7.0,0.0,0.0,0.0,0.0,0.0,0.0,0.0,0.0,0.0,0.0
4.5444,122.0,-96.0,7.0,0.0,-20.0,-13.0,-20.0,-13.0,-20.0,-12.0,-20.0,-12.0,-19.0,-11.0,-20.0,-11.0,-19.0,-10.0,-20.0,-9.0,-20.0,-9.0,-20.0,-9.0,-20.0,-8.0,-20.0,-8.0,-20.0,-7.0,-20.0,-8.0,-20.0,-8.0,-20.0,-7.0,-18.0,-7.0,-19.0,-8.0,-17.0,-8.0,-17.0,-7.0,-17.0,-8.0,-16.0,-7.0,-15.0,-7.0,-15.0,-8.0,-14.0,-8.0,0.0,0.0,0.0,0.0,0.0,0.0,0.0,0.0,0.0,0.0
4.5573,122.0,-96.0,7.0,0.0,-20.0,22.0,-20.0,22.0,-17.0,21.0,-16.0,20.0,-13.0,17.0,-10.0,13.0,-8.0,10.0,-6.0,5.0,-4.0,1.0,-2.0,-4.0,-1.0,-9.0,0.0,-14.0,0.0,-17.0,0.0,-20.0,0.0,-21.0,0.0,-23.0,0.0,-22.0,0.0,-21.0,0.0,-20.0,0.0,-17.0,-1.0,-14.0,-1.0,-10.0,0.0,-7.0,1.0,-4.0,1.0,-1.0,0.0,0.0,0.0,0.0,0.0,0.0,0.0,0.0,0.0,0.0
4.5708,122.0,-96.0,7.0,0.0,-4.0,1.0,-3.0,-4.0,0.0,-9.0,0.0,-14.0,0.0,-18.0,1.0,-22.0,1.0,-25.0,0.0,-26.0,0.0,-27.0,-1.0,-26.0,-2.0,-24.0,-2.0,-22.0,-2.0,-19.0,-2.0,-15.0,-1.0,-10.0,1.0,-6.0,1.0,-2.0,2.0,2.0,3.0,6.0,4.0,9.0,6.0,11.0,6.0,13.0,7.0,14.0,6.0,14.0,6.0,14.0,0.0,0.0,0.0,0.0,0.0,0.0,0.0,0.0,0.0,0.0
4.5853,122.0,-96.0,7.0,0.0,17.0,-11.0,21.0,-14.0,24.0,-16.0,25.0,-17.0,25.0,-18.0,24.0,-18.0,22.0,-17.0,20.0,-17.0,17.0,-14.0,13.0,-12.0,9.0,-7.0,5.0,-3.0,2.0,1.0,-1.0,5.0,-3.0,9.0,-6.0,13.0,-8.0,16.0,-9.0,18.0,-10.0,19.0,-10.0,19.0,-9.0,18.0,-8.0,17.0,-7.0,15.0,-7.0,13.0,-6.0,10.0,0.0,0.0,0.0,0.0,0.0,0.0,0.0,0.0,0.0,0.0
4.5987,122.0,-96.0,7.0,0.0,-14.0,-14.0,-16.0,-17.0,-18.0,-19.0,-20.0,-20.0,-21.0,-20.0,-21.0,-19.0,-20.0,-18.0,-18.0,-15.0,-16.0,-13.0,-13.0,-11.0,-9.0,-9.0,-5.0,-6.0,-1.0,-3.0,4.0,-1.0,8.0,0.0,12.0,2.0,14.0,3.0,16.0,4.0,18.0,5.0,18.0,4.0,18.0,4.0,17.0,4.0,15.0,4.0,13.0,3.0,10.0,2.0,0.0,0.0,0.0,0.0,0.0,0.0,0.0,0.0,0.0,0.0
4.6123,122.0,-96.0,7.0,0.0,36.0,19.0,36.0,18.0,35.0,17.0,32.0,14.0,27.0,12.0,21.0,9.0,15.0,7.0,8.0,5.0,1.0,3.0,-6.0,3.0,-13.0,3.0,-19.0,4.0,-24.0,4.0,-28.0,4.0,-31.0,5.0,-31.0,6.0,-31.0,5.0,-29.0,5.0,-27.0,5.0,-23.0,4.0,-18.0,3.0,-13.0,2.0,-9.0,1.0,-4.0,-1.0,0.0,-2.0,0.0,0.0,0.0,0.0,0.0,0.0,0.0,0.0,0.0,0.0
4.6263,122.0,-96.0,7.0,0.0,-28.0,-11.0,-29.0,-11.0,-26.0,-10.0,-24.0,-8.0,-21.0,-7.0,-17.0,-6.0,-12.0,-5.0,-7.0,-3.0,-2.0,-3.0,3.0,-3.0,8.0,-4.0,13.0,-4.0,16.0,-6.0,19.0,-6.0,20.0,-6.0,21.0,-7.0,21.0,-7.0,20.0,-7.0,18.0,-6.0,15.0,-5.0,12.0,-5.0,8.0,-3.0,5.0,-2.0,2.0,-1.0,-1.0,1.0,0.0,0.0,0.0,0.0,0.0,0.0,0.0,0.0,0.0,0.0
4.6415,122.0,-96.0,7.0,0.0,-5.0,-2.0,1.0,-5.0,6.0,-7.0,10.0,-9.0,13.0,-11.0,16.0,-14.0,18.0,-16.0,19.0,-18.0,19.0,-18.0,18.0,-19.0,16.0,-18.0,14.0,-16.0,11.0,-14.0,10.0,-11.0,7.0,-7.0,5.0,-4.0,2.0,0.0,-1.0,4.0,-3.0,7.0,-5.0,10.0,-5.0,12.0,-6.0,13.0,-6.0,14.0,-7.0,15.0,-6.0,14.0,0.0,0.0,0.0,0.0,0.0,0.0,0.0,0.0,0.0,0.0
4.6548,122.0,-96.0,7.0,0.0,-1.0,-4.0,3.0,-1.0,8.0,2.0,13.0,6.0,16.0,8.0,19.0,9.0,22.0,10.0,23.0,10.0,24.0,9.0,23.0,8.0,22.0,7.0,20.0,6.0,16.0,5.0,13.0,4.0,8.0,3.0,4.0,2.0,0.0,2.0,-5.0,1.0,-9.0,1.0,-12.0,1.0,-15.0,0.0,-16.0,1.0,-16.0,0.0,-16.0,1.0,-16.0,1.0,0.0,0.0,0.0,0.0,0.0,0.0,0.0,0.0,0.0,0.0
4.6646,122.0,-96.0,7.0,0.0,17.0,-14.0,16.0,-15.0,15.0,-15.0,15.0,-14.0,14.0,-14.0,15.0,-15.0,14.0,-15.0,13.0,-15.0,13.0,-15.0,12.0,-16.0,12.0,-16.0,11.0,-16.0,12.0,-16.0,12.0,-16.0,12.0,-15.0,11.0,-15.0,11.0,-15.0,11.0,-14.0,11.0,-14.0,11.0,-13.0,11.0,-13.0,10.0,-12.0,10.0,-12.0,10.0,-12.0,10.0,-11.0,0.0,0.0,0.0,0.0,0.0,0.0,0.0,0.0,0.0,0.0
4.6789,122.0,-96.0,7.0,0.0,-27.0,19.0,-21.0,15.0,-16.0,11.0,-10.0,6.0,-6.0,-1.0,-1.0,-7.0,2.0,-13.0,5.0,-19.0,7.0,-24.0,7.0,-29.0,8.0,-32.0,8.0,-34.0,7.0,-34.0,6.0,-33.0,5.0,-30.0,5.0,-28.0,3.0,-22.0,2.0,-17.0,2.0,-11.0,2.0,-5.0,2.0,0.0,2.0,6.0,3.0,10.0,3.0,13.0,3.0,16.0,0.0,0.0,0.0,0.0,0.0,0.0,0.0,0.0,0.0,0.0
4.6922,122.0,-96.0,7.0,0.0,-26.0,-5.0,-21.0,-4.0,-15.0,-4.0,-9.0,-3.0,-3.0,-3.0,3.0,-4.0,9.0,-5.0,13.0,-7.0,18.0,-9.0,20.0,-10.0,23.0,-12.0,23.0,-14.0,23.0,-14.0,22.0,-14.0,20.0,-13.0,18.0,-12.0,14.0,-9.0,11.0,-7.0,7.0,-4.0,4.0,-1.0,0.0,1.0,-3.0,4.0,-5.0,7.0,-7.0,9.0,-8.0,10.0,0.0,0.0,0.0,0.0,0.0,0.0,0.0,0.0,0.0,0.0
4.7088,122.0,-96.0,7.0,0.0,28.0,5.0,28.0,4.0,27.0,4.0,24.0,2.0,20.0,2.0,16.0,1.0,11.0,1.0,6.0,1.0,1.0,2.0,-4.0,3.0,-9.0,5.0,-13.0,7.0,-16.0,8.0,-18.0,9.0,-20.0,10.0,-20.0,11.0,-20.0,10.0,-19.0,10.0,-16.0,8.0,-14.0,7.0,-11.0,6.0,-8.0,3.0,-5.0,1.0,-2.0,-1.0,0.0,-3.0,0.0,0.0,0.0,0.0,0.0,0.0,0.0,0.0,0.0,0.0
4.7176,122.0,-96.0,7.0,0.0,-24.0,-9.0,-23.0,-9.0,-23.0,-8.0,-23.0,-8.0,-22.0,-7.0,-23.0,-7.0,-22.0,-6.0,-22.0,-6.0,-22.0,-5.0,-22.0,-5.0,-22.0,-5.0,-22.0,-4.0,-22.0,-4.0,-22.0,-4.0,-22.0,-4.0,-21.0,-4.0,-21.0,-4.0,-20.0,-5.0,-19.0,-5.0,-19.0,-5.0,-18.0,-5.0,-18.0,-5.0,-17.0,-5.0,-17.0,-5.0,-17.0,-5.0,0.0,0.0,0.0,0.0,0.0,0.0,0.0,0.0,0.0,0.0
4.7309,122.0,-96.0,7.0,0.0,15.0,-26.0,14.0,-26.0,13.0,-25.0,11.0,-23.0,9.0,-19.0,7.0,-16.0,5.0,-11.0,4.0,-7.0,3.0,-1.0,2.0,4.0,1.0,9.0,1.0,13.0,1.0,17.0,2.0,20.0,2.0,20.0,2.0,22.0,2.0,21.0,2.0,20.0,2.0,18.0,1.0,15.0,1.0,12.0,1.0,9.0,0.0,5.0,-1.0,2.0,-2.0,-1.0,0.0,0.0,0.0,0.0,0.0,0.0,0.0,0.0,0.0,0.0
4.7454,122.0,-96.0,7.0,0.0,-15.0,29.0,-13.0,23.0,-9.0,17.0,-7.0,9.0,-6.0,1.0,-4.0,-6.0,-3.0,-13.0,-3.0,-19.0,-4.0,-25.0,-5.0,-29.0,-6.0,-33.0,-7.0,-34.0,-7.0,-34.0,-8.0,-33.0,-8.0,-30.0,-7.0,-27.0,-6.0,-21.0,-4.0,-17.0,-2.0,-11.0,0.0,-6.0,3.0,-1.0,4.0,4.0,7.0,8.0,8.0,11.0,9.0,13.0,0.0,0.0,0.0,0.0,0.0,0.0,0.0,0.0,0.0,0.0
4.7544,122.0,-96.0,7.0,0.0,24.0,-5.0,24.0,-5.0,23.0,-5.0,23.0,-5.0,22.0,-6.0,22.0,-7.0,21.0,-7.0,21.0,-7.0,21.0,-8.0,20.0,-8.0,20.0,-8.0,20.0,-8.0,19.0,-8.0,20.0,-9.0,19.0,-8.0,20.0,-8.0,19.0,-8.0,19.0,-7.0,18.0,-7.0,18.0,-6.0,17.0,-6.0,17.0,-6.0,16.0,-5.0,16.0,-5.0,16.0,-4.0,0.0,0.0,0.0,0.0,0.0,0.0,0.0,0.0,0.0,0.0
4.768,122.0,-96.0,7.0,0.0,-17.0,10.0,-20.0,12.0,-22.0,13.0,-23.0,15.0,-23.0,15.0,-22.0,16.0,-20.0,15.0,-18.0,14.0,-16.0,12.0,-12.0,9.0,-9.0,5.0,-6.0,2.0,-2.0,-2.0,0.0,-6.0,3.0,-10.0,4.0,-13.0,6.0,-16.0,7.0,-17.0,8.0,-18.0,7.0,-18.0,7.0,-18.0,6.0,-16.0,5.0,-14.0,5.0,-12.0,4.0,-9.0,0.0,0.0,0.0,0.0,0.0,0.0,0.0,0.0,0.0,0.0
4.7811,122.0,-96.0,7.0,0.0,-29.0,39.0,-28.0,40.0,-25.0,38.0,-22.0,35.0,-18.0,30.0,-14.0,23.0,-10.0,16.0,-8.0,9.0,-6.0,1.0,-4.0,-7.0,-2.0,-16.0,-2.0,-23.0,-2.0,-29.0,-3.0,-33.0,-3.0,-36.0,-3.0,-37.0,-3.0,-37.0,-4.0,-35.0,-3.0,-31.0,-3.0,-27.0,-3.0,-21.0,-2.0,-16.0,-1.0,-10.0,1.0,-4.0,3.0,0.0,0.0,0.0,0.0,0.0,0.0,0.0,0.0,0.0,0.0,0.0
4.7958,122.0,-96.0,7.0,0.0,0.0,-5.0,5.0,1.0,8.0,4.0,12.0,10.0,15.0,13.0,18.0,15.0,21.0,17.0,22.0,17.0,22.0,16.0,22.0,15.0,21.0,14.0,19.0,12.0,16.0,10.0,12.0,8.0,8.0,6.0,3.0,4.0,-1.0,2.0,-6.0,0.0,-10.0,-1.0,-13.0,-2.0,-16.0,-3.0,-17.0,-4.0,-18.0,-4.0,-18.0,-4.0,-18.0,-3.0,0.0,0.0,0.0,0.0,0.0,0.0,0.0,0.0,0.0,0.0
4.8094,122.0,-96.0,7.0,0.0,-3.0,4.0,-6.0,-3.0,-8.0,-8.0,-12.0,-15.0,-15.0,-19.0,-18.0,-22.0,-21.0,-24.0,-22.0,-25.0,-22.0,-25.0,-23.0,-23.0,-21.0,-21.0,-19.0,-18.0,-16.0,-15.0,-12.0,-12.0,-8.0,-9.0,-2.0,-5.0,2.0,-2.0,6.0,1.0,10.0,3.0,14.0,5.0,17.0,6.0,18.0,8.0,19.0,7.0,18.0,7.0,18.0,7.0,0.0,0.0,0.0,0.0,0.0,0.0,0.0,0.0,0.0,0.0
4.8194,122.0,-96.0,7.0,0.0,-15.0,-10.0,-15.0,-10.0,-15.0,-10.0,-14.0,-10.0,-15.0,-9.0,-15.0,-9.0,-15.0,-8.0,-15.0,-8.0,-15.0,-8.0,-14.0,-7.0,-15.0,-7.0,-15.0,-7.0,-15.0,-6.0,-15.0,-6.0,-15.0,-7.0,-14.0,-6.0,-14.0,-7.0,-13.0,-6.0,-13.0,-6.0,-13.0,-7.0,-12.0,-7.0,-12.0,-7.0,-11.0,-6.0,-12.0,-7.0,-12.0,-7.0,0.0,0.0,0.0,0.0,0.0,0.0,0.0,0.0,0.0,0.0
4.8289,122.0,-96.0,7.0,0.0,-20.0,0.0,-20.0,1.0,-19.0,1.0,-19.0,1.0,-19.0,2.0,-19.0,2.0,-18.0,2.0,-18.0,2.0,-18.0,3.0,-18.0,4.0,-17.0,4.0,-17.0,4.0,-17.0,4.0,-17.0,4.0,-17.0,4.0,-17.0,4.0,-17.0,4.0,-16.0,3.0,-16.0,2.0,-16.0,2.0,-15.0,1.0,-15.0,2.0,-14.0,2.0,-14.0,1.0,-14.0,1.0,0.0,0.0,0.0,0.0,0.0,0.0,0.0,0.0,0.0,0.0
4.8426,122.0,-96.0,7.0,0.0,-12.0,-13.0,-15.0,-16.0,-16.0,-18.0,-18.0,-19.0,-18.0,-18.0,-19.0,-18.0,-17.0,-16.0,-16.0,-14.0,-14.0,-12.0,-11.0,-10.0,-8.0,-7.0,-4.0,-5.0,0.0,-3.0,4.0,-1.0,8.0,0.0,11.0,2.0,13.0,3.0,15.0,4.0,16.0,4.0,16.0,4.0,16.0,3.0,15.0,3.0,13.0,3.0,11.0,2.0,8.0,2.0,0.0,0.0,0.0,0.0,0.0,0.0,0.0,0.0,0.0,0.0
4.8564,122.0,-96.0,7.0,0.0,7.0,28.0,8.0,28.0,8.0,26.0,8.0,23.0,6.0,20.0,5.0,15.0,3.0,11.0,0.0,7.0,-2.0,2.0,-6.0,-2.0,-9.0,-6.0,-12.0,-9.0,-14.0,-11.0,-17.0,-12.0,-18.0,-14.0,-18.0,-14.0,-19.0,-14.0,-17.0,-13.0,-15.0,-12.0,-13.0,-10.0,-10.0,-8.0,-7.0,-5.0,-4.0,-4.0,-1.0,-2.0,2.0,-1.0,0.0,0.0,0.0,0.0,0.0,0.0,0.0,0.0,0.0,0.0
4.8672,122.0,-96.0,7.0,0.0,4.0,-20.0,4.0,-19.0,4.0,-19.0,3.0,-18.0,3.0,-18.0,3.0,-18.0,2.0,-18.0,2.0,-18.0,1.0,-18.0,1.0,-18.0,0.0,-18.0,0.0,-18.0,0.0,-17.0,0.0,-18.0,0.0,-17.0,0.0,-17.0,0.0,-17.0,1.0,-17.0,1.0,-16.0,1.0,-16.0,1.0,-15.0,1.0,-15.0,1.0,-14.0,1.0,-14.0,2.0,-14.0,0.0,0.0,0.0,0.0,0.0,0.0,0.0,0.0,0.0,0.0
4.8803,122.0,-96.0,7.0,0.0,-4.0,2.0,-3.0,-4.0,-2.0,-9.0,-2.0,-15.0,-3.0,-19.0,-3.0,-22.0,-4.0,-25.0,-4.0,-26.0,-5.0,-27.0,-5.0,-26.0,-6.0,-24.0,-6.0,-21.0,-5.0,-18.0,-4.0,-14.0,-2.0,-10.0,0.0,-6.0,1.0,-1.0,3.0,2.0,5.0,6.0,6.0,8.0,8.0,11.0,9.0,12.0,9.0,13.0,9.0,12.0,9.0,12.0,0.0,0.0,0.0,0.0,0.0,0.0,0.0,0.0,0.0,0.0
4.8903,122.0,-96.0,7.0,0.0,20.0,-13.0,20.0,-13.0,19.0,-12.0,19.0,-13.0,18.0,-13.0,18.0,-14.0,17.0,-14.0,17.0,-14.0,16.0,-14.0,16.0,-15.0,16.0,-15.0,16.0,-15.0,15.0,-15.0,15.0,-15.0,16.0,-15.0,15.0,-14.0,15.0,-14.0,15.0,-14.0,14.0,-13.0,14.0,-12.0,14.0,-12.0,14.0,-11.0,13.0,-11.0,13.0,-10.0,13.0,-10.0,0.0,0.0,0.0,0.0,0.0,0.0,0.0,0.0,0.0,0.0
4.9024,122.0,-96.0,7.0,0.0,32.0,-6.0,31.0,-7.0,30.0,-7.0,26.0,-7.0,22.0,-6.0,17.0,-5.0,12.0,-3.0,8.0,-2.0,2.0,1.0,-3.0,4.0,-7.0,8.0,-10.0,11.0,-13.0,14.0,-15.0,16.0,-16.0,17.0,-16.0,19.0,-16.0,18.0,-15.0,17.0,-13.0,15.0,-12.0,13.0,-9.0,11.0,-7.0,7.0,-5.0,4.0,-3.0,1.0,-1.0,-2.0,0.0,0.0,0.0,0.0,0.0,0.0,0.0,0.0,0.0,0.0
4.9155,122.0,-96.0,7.0,0.0,2.0,2.0,-4.0,2.0,-9.0,2.0,-15.0,1.0,-19.0,2.0,-22.0,2.0,-25.0,3.0,-26.0,5.0,-26.0,5.0,-25.0,6.0,-23.0,6.0,-21.0,5.0,-17.0,4.0,-14.0,3.0,-9.0,1.0,-5.0,-1.0,-1.0,-3.0,3.0,-5.0,7.0,-7.0,9.0,-8.0,11.0,-9.0,12.0,-10.0,13.0,-10.0,13.0,-10.0,12.0,-10.0,0.0,0.0,0.0,0.0,0.0,0.0,0.0,0.0,0.0,0.0
4.9279,122.0,-96.0,7.0,0.0,-15.0,-22.0,-16.0,-21.0,-15.0,-20.0,-15.0,-20.0,-16.0,-19.0,-16.0,-19.0,-16.0,-18.0,-17.0,-17.0,-16.0,-17.0,-17.0,-17.0,-17.0,-17.0,-17.0,-16.0,-18.0,-16.0,-17.0,-16.0,-17.0,-16.0,-17.0,-16.0,-16.0,-16.0,-16.0,-16.0,-15.0,-15.0,-15.0,-15.0,-14.0,-15.0,-13.0,-14.0,-13.0,-14.0,-12.0,-14.0,-12.0,-14.0,0.0,0.0,0.0,0.0,0.0,0.0,0.0,0.0,0.0,0.0
4.9405,122.0,-96.0,7.0,0.0,-4.0,2.0,-4.0,-4.0,-3.0,-9.0,-4.0,-14.0,-5.0,-19.0,-6.0,-22.0,-7.0,-24.0,-8.0,-25.0,-8.0,-25.0,-9.0,-25.0,-9.0,-23.0,-8.0,-20.0,-7.0,-17.0,-6.0,-13.0,-4.0,-10.0,-1.0,-5.0,1.0,-2.0,4.0,2.0,5.0,5.0,8.0,8.0,10.0,9.0,10.0,10.0,11.0,11.0,11.0,11.0,10.0,11.0,0.0,0.0,0.0,0.0,0.0,0.0,0.0,0.0,0.0,0.0
4.954,122.0,-96.0,7.0,0.0,23.0,-29.0,22.0,-29.0,21.0,-28.0,18.0,-25.0,15.0,-22.0,11.0,-17.0,8.0,-12.0,6.0,-7.0,3.0,-1.0,1.0,6.0,-1.0,12.0,-1.0,17.0,-2.0,22.0,-1.0,25.0,-1.0,27.0,-2.0,28.0,-1.0,27.0,0.0,25.0,-1.0,23.0,-1.0,19.0,0.0,14.0,-1.0,10.0,-1.0,5.0,-2.0,1.0,-3.0,-3.0,0.0,0.0,0.0,0.0,0.0,0.0,0.0,0.0,0.0,0.0
4.9641,122.0,-96.0,7.0,0.0,1.0,-25.0,1.0,-25.0,1.0,-24.0,0.0,-24.0,0.0,-23.0,-1.0,-23.0,-1.0,-22.0,-1.0,-22.0,-2.0,-22.0,-2.0,-23.0,-3.0,-22.0,-3.0,-22.0,-3.0,-22.0,-3.0,-21.0,-2.0,-22.0,-3.0,-21.0,-2.0,-21.0,-2.0,-21.0,-2.0,-20.0,-1.0,-19.0,-1.0,-19.0,-1.0,-19.0,-1.0,-18.0,0.0,-18.0,0.0,-18.0,0.0,0.0,0.0,0.0,0.0,0.0,0.0,0.0,0.0,0.0
4.9778,122.0,-96.0,7.0,0.0,14.0,12.0,17.0,15.0,19.0,17.0,21.0,17.0,22.0,17.0,22.0,16.0,21.0,15.0,18.0,12.0,16.0,10.0,12.0,7.0,8.0,6.0,4.0,4.0,-1.0,2.0,-5.0,1.0,-9.0,0.0,-14.0,-1.0,-16.0,-2.0,-18.0,-2.0,-19.0,-3.0,-20.0,-2.0,-19.0,-2.0,-18.0,-2.0,-16.0,-2.0,-13.0,-1.0,-11.0,-1.0,0.0,0.0,0.0,0.0,0.0,0.0,0.0,0.0,0.0,0.0
4.9854,122.0,-96.0,7.0,0.0,23.0,8.0,22.0,8.0,22.0,7.0,22.0,7.0,21.0,6.0,22.0,6.0,21.0,5.0,21.0,4.0,21.0,4.0,21.0,3.0,21.0,3.0,21.0,3.0,21.0,3.0,21.0,3.0,21.0,3.0,21.0,3.0,20.0,3.0,19.0,3.0,19.0,3.0,18.0,3.0,18.0,4.0,17.0,4.0,17.0,3.0,16.0,4.0,16.0,5.0,0.0,0.0,0.0,0.0,0.0,0.0,0.0,0.0,0.0,0.0
4.9988,122.0,-96.0,7.0,0.0,-19.0,-4.0,-24.0,-5.0,-26.0,-5.0,-28.0,-5.0,-28.0,-4.0,-28.0,-3.0,-26.0,-3.0,-23.0,-2.0,-20.0,-1.0,-16.0,-1.0,-11.0,-2.0,-6.0,-2.0,-1.0,-3.0,3.0,-4.0,7.0,-5.0,11.0,-6.0,14.0,-7.0,16.0,-8.0,17.0,-8.0,17.0,-8.0,17.0,-8.0,15.0,-7.0,14.0,-6.0,11.0,-6.0,9.0,-5.0,0.0,0.0,0.0,0.0,0.0,0.0,0.0,0.0,0.0,0.0
5.0121,122.0,-96.0,7.0,0.0,3.0,2.0,-3.0,4.0,-9.0,6.0,-14.0,7.0,-18.0,10.0,-22.0,12.0,-23.0,14.0,-25.0,15.0,-25.0,16.0,-24.0,16.0,-21.0,15.0,-19.0,14.0,-15.0,11.0,-12.0,8.0,-9.0,5.0,-5.0,1.0,-1.0,-3.0,1.0,-7.0,4.0,-10.0,6.0,-13.0,7.0,-14.0,8.0,-16.0,8.0,-16.0,9.0,-16.0,8.0,-15.0,0.0,0.0,0.0,0.0,0.0,0.0,0.0,0.0,0.0,0.0
