time,sc_0,sc_1,sc_2,sc_3,sc_4,sc_5,sc_6,sc_7,sc_8,sc_9,sc_10,sc_11,sc_12,sc_13,sc_14,sc_15,sc_16,sc_17,sc_18,sc_19,sc_20,sc_21,sc_22,sc_23,sc_24,sc_25,sc_26,sc_27,sc_28,sc_29,sc_30,sc_31,sc_32,sc_33,sc_34,sc_35,sc_36,sc_37,sc_38,sc_39,sc_40,sc_41,sc_42,sc_43,sc_44,sc_45,sc_46,sc_47,sc_48,sc_49,sc_50,sc_51,sc_52,sc_53,sc_54,sc_55,sc_56,sc_57,sc_58,sc_59,sc_60,sc_61,sc_62,sc_63
0.024,-88.0,-128.0,10.0,0.0,0.0,0.0,0.0,0.0,0.0,0.0,0.0,0.0,4.0,-5.0,1.0,-6.0,9.0,-5.0,4.0,-2.0,9.0,-3.0,4.0,-1.0,6.0,-2.0,2.0,-3.0,8.0,1.0,9.0,-4.0,8.0,-4.0,7.0,2.0,1.0,-1.0,0.0,1.0,7.0,3.0,0.0,2.0,-2.0,5.0,3.0,2.0,2.0,0.0,0.0,1.0,2.0,6.0,-2.0,2.0,-3.0,8.0,1.0,9.0,-4.0,8.0,-4.0,7.0
0.0412,122.0,-96.0,7.0,0.0,0.0,0.0,0.0,0.0,0.0,0.0,0.0,0.0,-20.0,-16.0,-17.0,-13.0,-14.0,-12.0,-10.0,-9.0,-5.0,-7.0,0.0,-5.0,5.0,-5.0,10.0,-3.0,16.0,-2.0,20.0,-3.0,25.0,-2.0,27.0,-4.0,29.0,-5.0,30.0,-5.0,30.0,-6.0,27.0,-7.0,25.0,-7.0,21.0,-6.0,17.0,-5.0,13.0,-3.0,8.0,0.0,3.0,3.0,-2.0,7.0,-6.0,11.0,-8.0,15.0,-10.0,19.0
0.0542,122.0,-96.0,7.0,0.0,0.0,0.0,0.0,0.0,0.0,0.0,0.0,0.0,21.0,11.0,18.0,9.0,15.0,7.0,11.0,6.0,5.0,5.0,0.0,4.0,-5.0,4.0,-11.0,4.0,-17.0,4.0,-22.0,5.0,-26.0,5.0,-28.0,6.0,-30.0,8.0,-31.0,8.0,-30.0,9.0,-28.0,9.0,-25.0,9.0,-22.0,8.0,-18.0,6.0,-13.0,4.0,-8.0,0.0,-4.0,-3.0,0.0,-8.0,4.0,-12.0,6.0,-16.0,8.0,-20.0
0.0792,122.0,-96.0,7.0,0.0,0.0,0.0,0.0,0.0,0.0,0.0,0.0,0.0,-6.0,-31.0,-6.0,-27.0,-4.0,-20.0,-2.0,-14.0,0.0,-6.0,2.0,2.0,4.0,10.0,6.0,18.0,7.0,25.0,9.0,30.0,9.0,36.0,11.0,39.0,12.0,41.0,11.0,42.0,12.0,41.0,10.0,36.0,9.0,33.0,7.0,27.0,5.0,21.0,3.0,13.0,0.0,5.0,-3.0,-3.0,-7.0,-10.0,-10.0,-18.0,-13.0,-23.0,-16.0,-29.0
0.0923,122.0,-96.0,7.0,0.0,0.0,0.0,0.0,0.0,0.0,0.0,0.0,0.0,17.0,4.0,17.0,4.0,17.0,5.0,17.0,5.0,17.0,5.0,17.0,6.0,17.0,6.0,17.0,6.0,16.0,6.0,16.0,7.0,16.0,8.0,16.0,8.0,16.0,8.0,16.0,8.0,15.0,8.0,15.0,7.0,15.0,8.0,15.0,8.0,14.0,8.0,14.0,7.0,14.0,7.0,14.0,7.0,13.0,7.0,13.0,7.0,13.0,7.0,13.0,6.0
0.1042,122.0,-96.0,7.0,0.0,0.0,0.0,0.0,0.0,0.0,0.0,0.0,0.0,26.0,12.0,22.0,10.0,18.0,9.0,13.0,7.0,7.0,4.0,1.0,1.0,-6.0,-2.0,-12.0,-5.0,-18.0,-8.0,-23.0,-10.0,-27.0,-13.0,-31.0,-14.0,-33.0,-15.0,-34.0,-17.0,-34.0,-16.0,-32.0,-14.0,-29.0,-13.0,-24.0,-12.0,-20.0,-10.0,-14.0,-7.0,-7.0,-4.0,0.0,-2.0,7.0,1.0,14.0,3.0,19.0,5.0,24.0,6.0
0.1174,122.0,-96.0,7.0,0.0,0.0,0.0,0.0,0.0,0.0,0.0,0.0,0.0,-9.0,16.0,-10.0,16.0,-9.0,16.0,-11.0,16.0,-11.0,16.0,-11.0,16.0,-11.0,15.0,-12.0,15.0,-12.0,14.0,-12.0,14.0,-12.0,14.0,-12.0,14.0,-12.0,14.0,-13.0,14.0,-13.0,13.0,-13.0,13.0,-13.0,13.0,-13.0,12.0,-13.0,12.0,-12.0,12.0,-12.0,12.0,-12.0,12.0,-12.0,11.0,-11.0,12.0,-11.0,12.0,-10.0,12.0
0.1312,122.0,-96.0,7.0,0.0,0.0,0.0,0.0,0.0,0.0,0.0,0.0,0.0,-18.0,-14.0,-20.0,-16.0,-20.0,-16.0,-20.0,-16.0,-18.0,-16.0,-17.0,-14.0,-14.0,-13.0,-11.0,-9.0,-7.0,-7.0,-3.0,-4.0,1.0,-1.0,5.0,2.0,9.0,6.0,13.0,9.0,16.0,12.0,18.0,14.0,21.0,15.0,21.0,15.0,22.0,15.0,21.0,14.0,19.0,12.0,16.0,11.0,13.0,9.0,9.0,6.0,5.0,3.0,0.0,1.0
0.1445,122.0,-96.0,7.0,0.0,0.0,0.0,0.0,0.0,0.0,0.0,0.0,0.0,3.0,9.0,0.0,2.0,-4.0,-4.0,-8.0,-11.0,-11.0,-18.0,-14.0,-24.0,-17.0,-28.0,-19.0,-33.0,-21.0,-35.0,-20.0,-36.0,-20.0,-36.0,-19.0,-35.0,-18.0,-33.0,-15.0,-27.0,-12.0,-22.0,-9.0,-15.0,-4.0,-9.0,0.0,-2.0,5.0,5.0,9.0,11.0,15.0,17.0,18.0,21.0,22.0,26.0,24.0,28.0,26.0,30.0,27.0,30.0
0.1575,122.0,-96.0,7.0,0.0,0.0,0.0,0.0,0.0,0.0,0.0,0.0,0.0,-12.0,21.0,-11.0,19.0,-9.0,16.0,-8.0,13.0,-6.0,8.0,-3.0,4.0,-1.0,-2.0,2.0,-7.0,4.0,-12.0,6.0,-16.0,9.0,-20.0,10.0,-23.0,11.0,-26.0,13.0,-27.0,12.0,-27.0,12.0,-26.0,11.0,-24.0,10.0,-22.0,8.0,-18.0,6.0,-13.0,3.0,-8.0,1.0,-2.0,-1.0,3.0,-3.0,9.0,-5.0,13.0,-5.0,18.0
0.1708,122.0,-96.0,7.0,0.0,0.0,0.0,0.0,0.0,0.0,0.0,0.0,0.0,-14.0,-3.0,-18.0,-5.0,-21.0,-6.0,-24.0,-7.0,-26.0,-8.0,-28.0,-9.0,-28.0,-9.0,-26.0,-9.0,-25.0,-9.0,-21.0,-8.0,-17.0,-6.0,-12.0,-5.0,-7.0,-3.0,-1.0,-2.0,4.0,-1.0,10.0,1.0,15.0,3.0,19.0,3.0,24.0,4.0,27.0,5.0,28.0,5.0,29.0,5.0,28.0,5.0,26.0,4.0,23.0,3.0,19.0,2.0
0.1853,122.0,-96.0,7.0,0.0,0.0,0.0,0.0,0.0,0.0,0.0,0.0,0.0,26.0,-8.0,21.0,-7.0,16.0,-5.0,11.0,-3.0,4.0,-1.0,-2.0,1.0,-8.0,4.0,-15.0,5.0,-21.0,7.0,-26.0,9.0,-31.0,10.0,-33.0,11.0,-35.0,12.0,-37.0,11.0,-35.0,11.0,-32.0,10.0,-29.0,9.0,-24.0,7.0,-18.0,5.0,-12.0,3.0,-6.0,0.0,1.0,-3.0,8.0,-6.0,15.0,-9.0,20.0,-11.0,24.0,-14.0
0.2015,122.0,-96.0,7.0,0.0,0.0,0.0,0.0,0.0,0.0,0.0,0.0,0.0,-9.0,-22.0,-8.0,-22.0,-8.0,-22.0,-8.0,-22.0,-7.0,-23.0,-6.0,-23.0,-6.0,-23.0,-6.0,-23.0,-6.0,-23.0,-5.0,-23.0,-4.0,-24.0,-4.0,-23.0,-4.0,-23.0,-4.0,-23.0,-3.0,-23.0,-3.0,-22.0,-3.0,-21.0,-3.0,-22.0,-3.0,-21.0,-3.0,-21.0,-3.0,-21.0,-4.0,-21.0,-3.0,-20.0,-4.0,-20.0,-4.0,-20.0,-5.0,-19.0
0.2151,122.0,-96.0,7.0,0.0,0.0,0.0,0.0,0.0,0.0,0.0,0.0,0.0,11.0,-21.0,12.0,-22.0,13.0,-22.0,12.0,-20.0,12.0,-19.0,10.0,-16.0,9.0,-14.0,6.0,-10.0,4.0,-6.0,1.0,-1.0,-1.0,3.0,-4.0,7.0,-7.0,11.0,-9.0,15.0,-12.0,18.0,-14.0,21.0,-14.0,22.0,-15.0,23.0,-14.0,22.0,-13.0,21.0,-11.0,19.0,-10.0,16.0,-8.0,12.0,-6.0,8.0,-3.0,3.0,-1.0,-1.0
0.2297,122.0,-96.0,7.0,0.0,0.0,0.0,0.0,0.0,0.0,0.0,0.0,0.0,11.0,19.0,12.0,21.0,11.0,21.0,11.0,21.0,9.0,19.0,8.0,17.0,6.0,14.0,4.0,9.0,2.0,6.0,-1.0,1.0,-3.0,-3.0,-6.0,-7.0,-8.0,-12.0,-10.0,-16.0,-12.0,-20.0,-12.0,-22.0,-14.0,-24.0,-14.0,-24.0,-14.0,-24.0,-13.0,-22.0,-12.0,-19.0,-10.0,-17.0,-8.0,-13.0,-6.0,-10.0,-3.0,-5.0,0.0,0.0
0.2439,122.0,-96.0,7.0,0.0,0.0,0.0,0.0,0.0,0.0,0.0,0.0,0.0,11.0,-8.0,15.0,-10.0,18.0,-12.0,21.0,-13.0,23.0,-14.0,24.0,-15.0,24.0,-14.0,24.0,-13.0,22.0,-12.0,19.0,-11.0,15.0,-9.0,11.0,-6.0,6.0,-3.0,1.0,-1.0,-4.0,2.0,-9.0,5.0,-14.0,8.0,-18.0,11.0,-21.0,13.0,-24.0,14.0,-25.0,15.0,-26.0,16.0,-25.0,16.0,-23.0,14.0,-20.0,13.0,-17.0,11.0
0.2584,122.0,-96.0,7.0,0.0,0.0,0.0,0.0,0.0,0.0,0.0,0.0,0.0,3.0,-2.0,-1.0,1.0,-7.0,3.0,-11.0,5.0,-16.0,7.0,-20.0,8.0,-23.0,9.0,-26.0,10.0,-27.0,11.0,-28.0,11.0,-26.0,10.0,-25.0,10.0,-23.0,8.0,-19.0,7.0,-15.0,5.0,-10.0,3.0,-4.0,1.0,0.0,-2.0,6.0,-4.0,11.0,-6.0,16.0,-8.0,19.0,-11.0,23.0,-12.0,24.0,-13.0,25.0,-14.0,25.0,-14.0
0.2753,122.0,-96.0,7.0,0.0,0.0,0.0,0.0,0.0,0.0,0.0,0.0,0.0,4.0,-17.0,4.0,-17.0,5.0,-17.0,5.0,-17.0,6.0,-17.0,6.0,-17.0,6.0,-16.0,7.0,-16.0,7.0,-16.0,7.0,-16.0,7.0,-16.0,7.0,-15.0,8.0,-15.0,8.0,-15.0,8.0,-15.0,8.0,-14.0,8.0,-14.0,8.0,-14.0,8.0,-14.0,7.0,-14.0,7.0,-14.0,7.0,-14.0,7.0,-13.0,7.0,-13.0,6.0,-13.0,6.0,-13.0
0.2903,122.0,-96.0,7.0,0.0,0.0,0.0,0.0,0.0,0.0,0.0,0.0,0.0,-10.0,7.0,-14.0,9.0,-16.0,11.0,-19.0,12.0,-20.0,13.0,-23.0,14.0,-22.0,13.0,-22.0,12.0,-20.0,11.0,-17.0,9.0,-14.0,8.0,-10.0,5.0,-6.0,3.0,-1.0,0.0,3.0,-3.0,7.0,-5.0,12.0,-8.0,15.0,-10.0,18.0,-12.0,21.0,-13.0,22.0,-14.0,23.0,-15.0,21.0,-14.0,19.0,-14.0,17.0,-12.0,14.0,-11.0
0.3058,122.0,-96.0,7.0,0.0,0.0,0.0,0.0,0.0,0.0,0.0,0.0,0.0,18.0,-9.0,19.0,-9.0,19.0,-9.0,19.0,-8.0,20.0,-8.0,19.0,-7.0,19.0,-7.0,20.0,-6.0,20.0,-6.0,20.0,-5.0,20.0,-5.0,20.0,-5.0,19.0,-4.0,20.0,-4.0,19.0,-4.0,19.0,-4.0,18.0,-3.0,19.0,-3.0,19.0,-3.0,18.0,-4.0,18.0,-3.0,18.0,-4.0,18.0,-3.0,17.0,-3.0,17.0,-4.0,16.0,-4.0
0.3221,122.0,-96.0,7.0,0.0,0.0,0.0,0.0,0.0,0.0,0.0,0.0,0.0,-8.0,6.0,-5.0,2.0,0.0,-1.0,4.0,-4.0,8.0,-8.0,13.0,-11.0,16.0,-14.0,19.0,-16.0,21.0,-17.0,23.0,-18.0,23.0,-18.0,23.0,-18.0,22.0,-16.0,19.0,-15.0,16.0,-12.0,12.0,-9.0,7.0,-6.0,2.0,-2.0,-3.0,1.0,-7.0,5.0,-11.0,8.0,-14.0,11.0,-19.0,14.0,-20.0,16.0,-22.0,17.0,-22.0,18.0
0.3338,122.0,-96.0,7.0,0.0,0.0,0.0,0.0,0.0,0.0,0.0,0.0,0.0,6.0,21.0,6.0,23.0,5.0,24.0,5.0,24.0,5.0,22.0,4.0,20.0,3.0,17.0,2.0,13.0,1.0,9.0,0.0,4.0,-1.0,-1.0,-3.0,-6.0,-3.0,-11.0,-4.0,-16.0,-4.0,-21.0,-5.0,-24.0,-6.0,-26.0,-6.0,-27.0,-6.0,-27.0,-5.0,-26.0,-6.0,-23.0,-5.0,-21.0,-4.0,-17.0,-3.0,-12.0,-2.0,-7.0,-1.0,-2.0
0.3483,122.0,-96.0,7.0,0.0,0.0,0.0,0.0,0.0,0.0,0.0,0.0,0.0,-8.0,9.0,-11.0,12.0,-13.0,15.0,-15.0,16.0,-17.0,18.0,-18.0,18.0,-19.0,18.0,-18.0,17.0,-17.0,16.0,-15.0,13.0,-12.0,11.0,-8.0,7.0,-5.0,4.0,-1.0,0.0,2.0,-4.0,6.0,-7.0,10.0,-11.0,12.0,-14.0,14.0,-16.0,16.0,-18.0,18.0,-19.0,18.0,-20.0,17.0,-20.0,15.0,-18.0,13.0,-17.0,11.0,-14.0
0.3623,122.0,-96.0,7.0,0.0,0.0,0.0,0.0,0.0,0.0,0.0,0.0,0.0,3.0,-33.0,4.0,-34.0,5.0,-33.0,4.0,-31.0,5.0,-28.0,4.0,-24.0,4.0,-19.0,2.0,-12.0,2.0,-6.0,0.0,1.0,-1.0,8.0,-2.0,14.0,-3.0,21.0,-4.0,26.0,-7.0,32.0,-8.0,34.0,-7.0,36.0,-7.0,36.0,-7.0,35.0,-7.0,32.0,-6.0,28.0,-5.0,23.0,-4.0,18.0,-3.0,11.0,-2.0,4.0,-1.0,-3.0
0.3781,122.0,-96.0,7.0,0.0,0.0,0.0,0.0,0.0,0.0,0.0,0.0,0.0,-17.0,-5.0,-17.0,-5.0,-17.0,-6.0,-17.0,-6.0,-16.0,-7.0,-16.0,-7.0,-16.0,-7.0,-16.0,-8.0,-16.0,-8.0,-16.0,-8.0,-16.0,-8.0,-15.0,-9.0,-15.0,-9.0,-15.0,-9.0,-14.0,-9.0,-14.0,-9.0,-14.0,-8.0,-14.0,-9.0,-13.0,-9.0,-13.0,-8.0,-13.0,-8.0,-13.0,-8.0,-13.0,-8.0,-13.0,-8.0,-13.0,-7.0,-13.0,-7.0
0.3917,122.0,-96.0,7.0,0.0,0.0,0.0,0.0,0.0,0.0,0.0,0.0,0.0,-3.0,13.0,-4.0,17.0,-5.0,20.0,-6.0,22.0,-6.0,23.0,-7.0,24.0,-8.0,23.0,-7.0,22.0,-7.0,20.0,-6.0,17.0,-5.0,12.0,-3.0,8.0,-2.0,3.0,0.0,-2.0,0.0,-7.0,2.0,-11.0,4.0,-16.0,4.0,-20.0,5.0,-22.0,6.0,-25.0,6.0,-26.0,7.0,-26.0,6.0,-25.0,5.0,-23.0,4.0,-20.0,3.0,-16.0
0.4045,122.0,-96.0,7.0,0.0,0.0,0.0,0.0,0.0,0.0,0.0,0.0,0.0,-4.0,3.0,0.0,-3.0,4.0,-8.0,9.0,-14.0,14.0,-19.0,18.0,-24.0,21.0,-27.0,24.0,-31.0,25.0,-32.0,25.0,-32.0,24.0,-31.0,24.0,-29.0,22.0,-26.0,18.0,-22.0,14.0,-17.0,9.0,-10.0,4.0,-4.0,-1.0,2.0,-6.0,9.0,-11.0,14.0,-15.0,20.0,-17.0,24.0,-21.0,29.0,-21.0,31.0,-22.0,33.0,-23.0,33.0
0.4199,122.0,-96.0,7.0,0.0,0.0,0.0,0.0,0.0,0.0,0.0,0.0,0.0,-6.0,16.0,-7.0,16.0,-7.0,16.0,-8.0,16.0,-8.0,16.0,-8.0,15.0,-8.0,15.0,-9.0,15.0,-9.0,15.0,-10.0,14.0,-10.0,15.0,-10.0,14.0,-10.0,14.0,-10.0,14.0,-10.0,13.0,-10.0,13.0,-10.0,13.0,-10.0,13.0,-10.0,13.0,-9.0,12.0,-9.0,12.0,-9.0,12.0,-9.0,12.0,-9.0,12.0,-8.0,12.0,-8.0,12.0
0.4328,122.0,-96.0,7.0,0.0,0.0,0.0,0.0,0.0,0.0,0.0,0.0,0.0,21.0,15.0,22.0,18.0,23.0,19.0,22.0,18.0,22.0,18.0,19.0,16.0,16.0,14.0,12.0,10.0,8.0,8.0,3.0,4.0,-2.0,0.0,-7.0,-4.0,-11.0,-8.0,-16.0,-12.0,-20.0,-16.0,-22.0,-18.0,-25.0,-20.0,-26.0,-21.0,-26.0,-20.0,-25.0,-20.0,-23.0,-17.0,-20.0,-16.0,-16.0,-13.0,-12.0,-10.0,-7.0,-6.0,-2.0,-2.0
0.4462,122.0,-96.0,7.0,0.0,0.0,0.0,0.0,0.0,0.0,0.0,0.0,0.0,-13.0,5.0,-17.0,6.0,-20.0,7.0,-23.0,8.0,-25.0,8.0,-27.0,9.0,-27.0,8.0,-27.0,8.0,-25.0,6.0,-21.0,6.0,-17.0,5.0,-12.0,3.0,-7.0,1.0,-2.0,0.0,3.0,-3.0,9.0,-4.0,14.0,-6.0,18.0,-7.0,22.0,-8.0,25.0,-9.0,27.0,-10.0,27.0,-10.0,26.0,-10.0,24.0,-10.0,21.0,-9.0,17.0,-8.0
0.4598,122.0,-96.0,7.0,0.0,0.0,0.0,0.0,0.0,0.0,0.0,0.0,0.0,2.0,18.0,2.0,18.0,2.0,18.0,1.0,19.0,1.0,19.0,1.0,18.0,1.0,18.0,0.0,19.0,0.0,18.0,-1.0,18.0,-2.0,18.0,-2.0,18.0,-2.0,18.0,-3.0,18.0,-2.0,18.0,-2.0,17.0,-2.0,17.0,-2.0,17.0,-2.0,17.0,-2.0,16.0,-2.0,16.0,-1.0,15.0,-2.0,15.0,-2.0,15.0,-2.0,15.0,-1.0,15.0
0.4732,122.0,-96.0,7.0,0.0,0.0,0.0,0.0,0.0,0.0,0.0,0.0,0.0,-11.0,-6.0,-6.0,-4.0,0.0,-1.0,6.0,2.0,12.0,5.0,18.0,8.0,23.0,10.0,27.0,13.0,30.0,14.0,31.0,15.0,32.0,16.0,31.0,16.0,30.0,16.0,26.0,13.0,21.0,11.0,16.0,8.0,9.0,5.0,3.0,2.0,-4.0,-1.0,-11.0,-4.0,-17.0,-6.0,-22.0,-7.0,-28.0,-10.0,-31.0,-11.0,-33.0,-11.0,-34.0,-11.0
0.4864,122.0,-96.0,7.0,0.0,0.0,0.0,0.0,0.0,0.0,0.0,0.0,0.0,0.0,17.0,0.0,18.0,0.0,18.0,-1.0,18.0,-2.0,18.0,-2.0,18.0,-2.0,18.0,-3.0,17.0,-3.0,17.0,-4.0,17.0,-4.0,17.0,-4.0,16.0,-4.0,16.0,-5.0,17.0,-5.0,16.0,-4.0,16.0,-5.0,16.0,-5.0,16.0,-5.0,15.0,-4.0,15.0,-4.0,15.0,-4.0,14.0,-4.0,14.0,-4.0,14.0,-4.0,14.0,-3.0,14.0
0.5008,122.0,-96.0,7.0,0.0,0.0,0.0,0.0,0.0,0.0,0.0,0.0,0.0,31.0,10.0,27.0,8.0,22.0,7.0,16.0,6.0,9.0,3.0,2.0,1.0,-6.0,-1.0,-13.0,-4.0,-20.0,-7.0,-27.0,-9.0,-31.0,-11.0,-35.0,-13.0,-38.0,-13.0,-40.0,-15.0,-39.0,-14.0,-37.0,-13.0,-33.0,-13.0,-29.0,-11.0,-23.0,-9.0,-16.0,-7.0,-8.0,-5.0,0.0,-2.0,8.0,0.0,15.0,3.0,21.0,5.0,27.0,6.0
0.5118,122.0,-96.0,7.0,0.0,0.0,0.0,0.0,0.0,0.0,0.0,0.0,0.0,19.0,-2.0,19.0,-1.0,18.0,-1.0,19.0,-1.0,19.0,0.0,19.0,0.0,18.0,1.0,19.0,2.0,18.0,2.0,18.0,2.0,18.0,2.0,18.0,2.0,18.0,3.0,18.0,3.0,18.0,3.0,17.0,3.0,17.0,3.0,17.0,3.0,17.0,3.0,16.0,3.0,16.0,3.0,16.0,2.0,15.0,2.0,15.0,2.0,15.0,2.0,15.0,1.0
0.5249,122.0,-96.0,7.0,0.0,0.0,0.0,0.0,0.0,0.0,0.0,0.0,0.0,9.0,-11.0,12.0,-13.0,15.0,-15.0,16.0,-16.0,18.0,-17.0,19.0,-17.0,19.0,-16.0,18.0,-15.0,16.0,-14.0,13.0,-11.0,10.0,-9.0,6.0,-6.0,3.0,-3.0,-1.0,1.0,-5.0,4.0,-9.0,7.0,-12.0,10.0,-15.0,13.0,-17.0,15.0,-19.0,16.0,-20.0,17.0,-20.0,17.0,-19.0,17.0,-17.0,15.0,-15.0,13.0,-12.0,11.0
0.539,122.0,-96.0,7.0,0.0,0.0,0.0,0.0,0.0,0.0,0.0,0.0,0.0,6.0,-8.0,2.0,-2.0,-3.0,4.0,-7.0,10.0,-12.0,15.0,-16.0,21.0,-19.0,25.0,-23.0,28.0,-24.0,30.0,-25.0,31.0,-25.0,31.0,-25.0,30.0,-23.0,28.0,-19.0,24.0,-16.0,18.0,-11.0,13.0,-7.0,7.0,-3.0,0.0,3.0,-7.0,7.0,-14.0,11.0,-20.0,13.0,-25.0,17.0,-30.0,18.0,-33.0,19.0,-34.0,19.0,-36.0
0.5529,122.0,-96.0,7.0,0.0,0.0,0.0,0.0,0.0,0.0,0.0,0.0,0.0,15.0,-17.0,17.0,-17.0,18.0,-17.0,16.0,-16.0,16.0,-15.0,14.0,-13.0,12.0,-11.0,8.0,-8.0,5.0,-5.0,1.0,-1.0,-2.0,3.0,-6.0,6.0,-9.0,9.0,-13.0,12.0,-16.0,14.0,-18.0,16.0,-19.0,18.0,-20.0,18.0,-19.0,18.0,-18.0,17.0,-15.0,15.0,-14.0,13.0,-11.0,10.0,-8.0,7.0,-4.0,3.0,-1.0,-1.0
0.5672,122.0,-96.0,7.0,0.0,0.0,0.0,0.0,0.0,0.0,0.0,0.0,0.0,11.0,-21.0,9.0,-18.0,7.0,-15.0,5.0,-11.0,3.0,-7.0,1.0,-2.0,-1.0,3.0,-4.0,8.0,-7.0,12.0,-8.0,17.0,-11.0,20.0,-12.0,23.0,-12.0,25.0,-14.0,26.0,-13.0,25.0,-13.0,24.0,-12.0,22.0,-10.0,19.0,-8.0,14.0,-6.0,10.0,-4.0,5.0,-2.0,-1.0,0.0,-6.0,3.0,-11.0,4.0,-16.0,5.0,-19.0
0.5815,122.0,-96.0,7.0,0.0,0.0,0.0,0.0,0.0,0.0,0.0,0.0,0.0,11.0,2.0,2.0,1.0,-6.0,-1.0,-14.0,-2.0,-23.0,-3.0,-31.0,-4.0,-37.0,-5.0,-43.0,-7.0,-46.0,-6.0,-48.0,-7.0,-47.0,-7.0,-46.0,-7.0,-42.0,-7.0,-36.0,-5.0,-29.0,-5.0,-21.0,-4.0,-12.0,-3.0,-2.0,-2.0,7.0,-2.0,17.0,-2.0,25.0,-2.0,32.0,-2.0,39.0,-2.0,43.0,-3.0,45.0,-4.0,46.0,-4.0
0.5949,122.0,-96.0,7.0,0.0,0.0,0.0,0.0,0.0,0.0,0.0,0.0,0.0,5.0,5.0,0.0,2.0,-3.0,-2.0,-8.0,-7.0,-12.0,-11.0,-15.0,-15.0,-18.0,-17.0,-21.0,-20.0,-23.0,-21.0,-23.0,-23.0,-23.0,-22.0,-22.0,-22.0,-20.0,-21.0,-18.0,-17.0,-14.0,-15.0,-10.0,-10.0,-6.0,-6.0,-1.0,-2.0,4.0,2.0,9.0,6.0,14.0,9.0,17.0,12.0,21.0,15.0,23.0,16.0,25.0,17.0,26.0,17.0
0.6084,122.0,-96.0,7.0,0.0,0.0,0.0,0.0,0.0,0.0,0.0,0.0,0.0,4.0,27.0,4.0,29.0,3.0,29.0,3.0,27.0,3.0,24.0,2.0,21.0,1.0,16.0,0.0,10.0,-1.0,5.0,-2.0,-1.0,-3.0,-7.0,-4.0,-13.0,-5.0,-19.0,-6.0,-23.0,-6.0,-28.0,-6.0,-31.0,-7.0,-32.0,-7.0,-32.0,-7.0,-31.0,-6.0,-29.0,-6.0,-25.0,-5.0,-21.0,-4.0,-16.0,-2.0,-11.0,0.0,-5.0,1.0,1.0
0.6229,122.0,-96.0,7.0,0.0,0.0,0.0,0.0,0.0,0.0,0.0,0.0,0.0,-8.0,-22.0,-7.0,-19.0,-6.0,-16.0,-4.0,-12.0,-2.0,-8.0,-1.0,-2.0,1.0,2.0,3.0,8.0,5.0,13.0,6.0,17.0,7.0,21.0,8.0,24.0,9.0,25.0,9.0,27.0,9.0,26.0,9.0,25.0,7.0,23.0,6.0,20.0,5.0,15.0,3.0,11.0,1.0,6.0,-1.0,0.0,-4.0,-5.0,-5.0,-11.0,-8.0,-14.0,-10.0,-17.0
0.636,122.0,-96.0,7.0,0.0,0.0,0.0,0.0,0.0,0.0,0.0,0.0,0.0,-5.0,22.0,-5.0,19.0,-4.0,15.0,-3.0,11.0,-2.0,6.0,-1.0,1.0,-1.0,-4.0,0.0,-10.0,2.0,-15.0,2.0,-19.0,4.0,-23.0,4.0,-25.0,4.0,-28.0,5.0,-29.0,5.0,-28.0,5.0,-27.0,4.0,-25.0,4.0,-21.0,3.0,-17.0,2.0,-12.0,1.0,-6.0,1.0,-1.0,0.0,5.0,-1.0,11.0,-1.0,15.0,-1.0,19.0
0.6495,122.0,-96.0,7.0,0.0,0.0,0.0,0.0,0.0,0.0,0.0,0.0,0.0,19.0,-18.0,21.0,-18.0,20.0,-17.0,19.0,-16.0,17.0,-14.0,15.0,-12.0,12.0,-9.0,7.0,-6.0,3.0,-3.0,-1.0,1.0,-5.0,4.0,-9.0,7.0,-13.0,10.0,-17.0,13.0,-21.0,15.0,-23.0,16.0,-24.0,17.0,-24.0,17.0,-23.0,17.0,-21.0,15.0,-18.0,13.0,-16.0,11.0,-12.0,8.0,-8.0,5.0,-4.0,1.0,0.0,-3.0
0.6632,122.0,-96.0,7.0,0.0,0.0,0.0,0.0,0.0,0.0,0.0,0.0,0.0,-4.0,3.0,-1.0,-2.0,4.0,-8.0,7.0,-12.0,11.0,-18.0,14.0,-22.0,16.0,-25.0,20.0,-28.0,20.0,-30.0,21.0,-30.0,20.0,-28.0,19.0,-27.0,18.0,-24.0,14.0,-20.0,12.0,-16.0,7.0,-10.0,3.0,-4.0,-1.0,1.0,-5.0,8.0,-8.0,13.0,-11.0,19.0,-12.0,23.0,-16.0,27.0,-16.0,29.0,-17.0,30.0,-16.0,31.0
0.6768,122.0,-96.0,7.0,0.0,0.0,0.0,0.0,0.0,0.0,0.0,0.0,0.0,12.0,11.0,11.0,11.0,11.0,12.0,11.0,12.0,11.0,13.0,10.0,13.0,10.0,13.0,10.0,13.0,10.0,13.0,9.0,14.0,9.0,14.0,8.0,14.0,8.0,14.0,8.0,14.0,8.0,14.0,8.0,14.0,8.0,13.0,7.0,14.0,7.0,13.0,7.0,13.0,8.0,13.0,8.0,12.0,7.0,12.0,7.0,12.0,7.0,12.0,7.0,11.0
0.6913,122.0,-96.0,7.0,0.0,0.0,0.0,0.0,0.0,0.0,0.0,0.0,0.0,8.0,-22.0,8.0,-23.0,9.0,-23.0,8.0,-21.0,8.0,-19.0,7.0,-16.0,5.0,-13.0,3.0,-8.0,2.0,-4.0,0.0,1.0,-2.0,5.0,-4.0,10.0,-5.0,14.0,-8.0,18.0,-9.0,21.0,-10.0,23.0,-10.0,24.0,-11.0,24.0,-10.0,23.0,-9.0,22.0,-8.0,19.0,-7.0,15.0,-5.0,11.0,-4.0,7.0,-2.0,2.0,-1.0,-3.0
0.7054,122.0,-96.0,7.0,0.0,0.0,0.0,0.0,0.0,0.0,0.0,0.0,0.0,-1.0,-17.0,0.0,-17.0,0.0,-17.0,0.0,-17.0,1.0,-17.0,2.0,-17.0,2.0,-17.0,2.0,-17.0,2.0,-17.0,3.0,-17.0,3.0,-16.0,3.0,-16.0,3.0,-16.0,3.0,-16.0,3.0,-16.0,3.0,-16.0,3.0,-15.0,3.0,-16.0,3.0,-15.0,3.0,-15.0,3.0,-15.0,3.0,-15.0,3.0,-15.0,3.0,-14.0,2.0,-14.0,2.0,-14.0
0.7206,122.0,-96.0,7.0,0.0,0.0,0.0,0.0,0.0,0.0,0.0,0.0,0.0,-9.0,9.0,-12.0,11.0,-15.0,13.0,-17.0,14.0,-19.0,16.0,-20.0,16.0,-20.0,16.0,-20.0,15.0,-19.0,14.0,-16.0,12.0,-12.0,9.0,-9.0,7.0,-5.0,3.0,-1.0,-1.0,2.0,-4.0,6.0,-7.0,10.0,-10.0,12.0,-14.0,15.0,-16.0,17.0,-18.0,18.0,-19.0,18.0,-19.0,18.0,-19.0,16.0,-18.0,13.0,-16.0,11.0,-13.0
0.7336,122.0,-96.0,7.0,0.0,0.0,0.0,0.0,0.0,0.0,0.0,0.0,0.0,-6.0,2.0,-3.0,-1.0,2.0,-4.0,7.0,-6.0,11.0,-10.0,15.0,-12.0,17.0,-15.0,21.0,-16.0,21.0,-18.0,23.0,-18.0,22.0,-18.0,22.0,-17.0,21.0,-15.0,17.0,-13.0,14.0,-11.0,9.0,-8.0,5.0,-4.0,1.0,0.0,-4.0,4.0,-8.0,8.0,-12.0,12.0,-13.0,15.0,-18.0,18.0,-18.0,20.0,-19.0,21.0,-19.0,22.0
0.7472,122.0,-96.0,7.0,0.0,0.0,0.0,0.0,0.0,0.0,0.0,0.0,0.0,-8.0,-22.0,-7.0,-24.0,-7.0,-24.0,-7.0,-23.0,-6.0,-22.0,-5.0,-19.0,-4.0,-16.0,-3.0,-11.0,-2.0,-7.0,0.0,-2.0,2.0,3.0,3.0,7.0,5.0,12.0,5.0,17.0,6.0,21.0,7.0,23.0,8.0,25.0,8.0,25.0,9.0,24.0,8.0,23.0,7.0,20.0,6.0,17.0,5.0,14.0,2.0,9.0,1.0,4.0,-2.0,0.0
0.7604,122.0,-96.0,7.0,0.0,0.0,0.0,0.0,0.0,0.0,0.0,0.0,0.0,1.0,-11.0,2.0,-7.0,0.0,2.0,1.0,7.0,-1.0,12.0,0.0,19.0,2.0,21.0,3.0,29.0,1.0,29.0,4.0,31.0,3.0,30.0,2.0,30.0,1.0,29.0,1.0,26.0,0.0,22.0,2.0,13.0,0.0,8.0,1.0,4.0,-1.0,-4.0,-5.0,-8.0,-8.0,-17.0,-7.0,-19.0,-11.0,-24.0,-12.0,-25.0,-12.0,-27.0,-11.0,-29.0
0.7739,122.0,-96.0,7.0,0.0,0.0,0.0,0.0,0.0,0.0,0.0,0.0,0.0,-18.0,0.0,-18.0,0.0,-18.0,0.0,-18.0,0.0,-19.0,-1.0,-19.0,-1.0,-19.0,-1.0,-19.0,-2.0,-19.0,-1.0,-19.0,-2.0,-19.0,-2.0,-19.0,-2.0,-20.0,-2.0,-20.0,-3.0,-20.0,-3.0,-19.0,-2.0,-20.0,-3.0,-20.0,-3.0,-20.0,-3.0,-20.0,-3.0,-20.0,-3.0,-20.0,-3.0,-20.0,-3.0,-20.0,-3.0,-19.0,-3.0,-19.0,-2.0
0.7885,122.0,-96.0,7.0,0.0,0.0,0.0,0.0,0.0,0.0,0.0,0.0,0.0,18.0,-9.0,18.0,-8.0,19.0,-8.0,19.0,-8.0,20.0,-7.0,19.0,-7.0,19.0,-7.0,19.0,-6.0,19.0,-6.0,20.0,-5.0,20.0,-5.0,20.0,-4.0,19.0,-3.0,20.0,-4.0,19.0,-4.0,19.0,-4.0,18.0,-3.0,19.0,-3.0,19.0,-3.0,18.0,-4.0,18.0,-4.0,17.0,-4.0,18.0,-4.0,17.0,-4.0,17.0,-4.0,16.0,-4.0
0.803,122.0,-96.0,7.0,0.0,0.0,0.0,0.0,0.0,0.0,0.0,0.0,0.0,7.0,-6.0,4.0,-3.0,-1.0,1.0,-6.0,3.0,-10.0,6.0,-15.0,9.0,-18.0,11.0,-22.0,12.0,-23.0,14.0,-25.0,15.0,-25.0,15.0,-25.0,15.0,-24.0,13.0,-21.0,12.0,-18.0,9.0,-13.0,7.0,-8.0,4.0,-4.0,1.0,2.0,-2.0,7.0,-6.0,11.0,-9.0,14.0,-12.0,19.0,-15.0,20.0,-17.0,21.0,-18.0,22.0,-18.0
0.8158,122.0,-96.0,7.0,0.0,0.0,0.0,0.0,0.0,0.0,0.0,0.0,0.0,7.0,-22.0,8.0,-23.0,9.0,-24.0,9.0,-23.0,9.0,-22.0,7.0,-20.0,7.0,-17.0,4.0,-13.0,3.0,-9.0,1.0,-4.0,0.0,1.0,-2.0,6.0,-4.0,10.0,-6.0,15.0,-8.0,19.0,-9.0,22.0,-10.0,24.0,-11.0,25.0,-10.0,25.0,-10.0,24.0,-8.0,21.0,-8.0,19.0,-6.0,15.0,-5.0,11.0,-3.0,6.0,-2.0,1.0
0.8293,122.0,-96.0,7.0,0.0,0.0,0.0,0.0,0.0,0.0,0.0,0.0,0.0,17.0,5.0,16.0,6.0,16.0,6.0,16.0,6.0,17.0,7.0,16.0,7.0,16.0,7.0,16.0,8.0,15.0,8.0,16.0,9.0,15.0,9.0,15.0,9.0,14.0,9.0,15.0,9.0,14.0,9.0,14.0,9.0,14.0,9.0,14.0,9.0,13.0,9.0,13.0,8.0,13.0,8.0,13.0,8.0,13.0,8.0,13.0,8.0,12.0,7.0,13.0,7.0
0.8431,122.0,-96.0,7.0,0.0,0.0,0.0,0.0,0.0,0.0,0.0,0.0,0.0,11.0,-25.0,9.0,-23.0,8.0,-19.0,6.0,-15.0,4.0,-10.0,2.0,-4.0,0.0,1.0,-3.0,7.0,-6.0,13.0,-8.0,18.0,-10.0,22.0,-12.0,25.0,-13.0,28.0,-15.0,30.0,-14.0,30.0,-14.0,28.0,-13.0,27.0,-11.0,23.0,-9.0,19.0,-7.0,14.0,-5.0,7.0,-2.0,1.0,0.0,-5.0,2.0,-11.0,4.0,-16.0,5.0,-21.0
0.8563,122.0,-96.0,7.0,0.0,0.0,0.0,0.0,0.0,0.0,0.0,0.0,0.0,-1.0,10.0,-2.0,14.0,-2.0,17.0,-3.0,21.0,-3.0,23.0,-3.0,25.0,-4.0,25.0,-4.0,25.0,-4.0,23.0,-4.0,21.0,-3.0,17.0,-2.0,13.0,-2.0,8.0,-1.0,2.0,-1.0,-3.0,-1.0,-8.0,0.0,-13.0,0.0,-17.0,1.0,-21.0,1.0,-24.0,1.0,-26.0,1.0,-28.0,1.0,-27.0,0.0,-25.0,0.0,-23.0,0.0,-19.0
0.8719,122.0,-96.0,7.0,0.0,0.0,0.0,0.0,0.0,0.0,0.0,0.0,0.0,-18.0,-26.0,-16.0,-23.0,-14.0,-20.0,-10.0,-16.0,-7.0,-11.0,-3.0,-5.0,1.0,0.0,5.0,6.0,9.0,12.0,12.0,17.0,15.0,22.0,18.0,25.0,20.0,28.0,21.0,30.0,21.0,30.0,20.0,29.0,18.0,27.0,16.0,24.0,13.0,19.0,9.0,14.0,5.0,8.0,0.0,3.0,-5.0,-4.0,-9.0,-10.0,-13.0,-14.0,-17.0,-18.0
0.885,122.0,-96.0,7.0,0.0,0.0,0.0,0.0,0.0,0.0,0.0,0.0,0.0,-16.0,6.0,-17.0,6.0,-16.0,6.0,-17.0,6.0,-17.0,5.0,-18.0,5.0,-17.0,4.0,-18.0,4.0,-18.0,4.0,-17.0,3.0,-18.0,4.0,-17.0,4.0,-17.0,3.0,-17.0,3.0,-18.0,2.0,-17.0,3.0,-17.0,2.0,-17.0,2.0,-17.0,2.0,-16.0,2.0,-16.0,2.0,-16.0,2.0,-15.0,2.0,-15.0,2.0,-15.0,3.0,-15.0,3.0
0.9011,122.0,-96.0,7.0,0.0,0.0,0.0,0.0,0.0,0.0,0.0,0.0,0.0,-7.0,-5.0,-1.0,-2.0,4.0,2.0,10.0,6.0,15.0,10.0,20.0,13.0,23.0,16.0,26.0,20.0,28.0,20.0,29.0,22.0,29.0,21.0,27.0,21.0,25.0,19.0,21.0,16.0,16.0,13.0,11.0,9.0,5.0,4.0,-1.0,0.0,-7.0,-4.0,-13.0,-9.0,-18.0,-12.0,-22.0,-14.0,-27.0,-18.0,-29.0,-18.0,-31.0,-20.0,-31.0,-20.0
0.9142,122.0,-96.0,7.0,0.0,0.0,0.0,0.0,0.0,0.0,0.0,0.0,0.0,3.0,-28.0,2.0,-24.0,2.0,-21.0,2.0,-16.0,1.0,-11.0,1.0,-5.0,0.0,1.0,-1.0,7.0,-2.0,14.0,-3.0,19.0,-5.0,24.0,-5.0,27.0,-5.0,30.0,-7.0,33.0,-7.0,32.0,-6.0,30.0,-6.0,29.0,-6.0,25.0,-5.0,20.0,-3.0,14.0,-3.0,8.0,-2.0,1.0,-1.0,-5.0,1.0,-12.0,1.0,-17.0,1.0,-22.0
0.9306,122.0,-96.0,7.0,0.0,0.0,0.0,0.0,0.0,0.0,0.0,0.0,0.0,-13.0,-10.0,-13.0,-11.0,-13.0,-10.0,-13.0,-11.0,-12.0,-11.0,-12.0,-12.0,-12.0,-12.0,-12.0,-12.0,-11.0,-13.0,-11.0,-12.0,-12.0,-12.0,-11.0,-12.0,-11.0,-12.0,-10.0,-13.0,-10.0,-13.0,-10.0,-13.0,-10.0,-12.0,-9.0,-13.0,-9.0,-13.0,-9.0,-12.0,-9.0,-12.0,-9.0,-12.0,-9.0,-12.0,-9.0,-12.0,-9.0,-11.0,-9.0,-11.0
0.9451,122.0,-96.0,7.0,0.0,0.0,0.0,0.0,0.0,0.0,0.0,0.0,0.0,-13.0,0.0,-13.0,0.0,-13.0,0.0,-13.0,-1.0,-13.0,-1.0,-14.0,-1.0,-13.0,-1.0,-14.0,-2.0,-14.0,-2.0,-14.0,-2.0,-14.0,-2.0,-14.0,-2.0,-14.0,-2.0,-14.0,-2.0,-14.0,-2.0,-14.0,-2.0,-14.0,-2.0,-14.0,-3.0,-14.0,-3.0,-14.0,-3.0,-14.0,-3.0,-14.0,-3.0,-14.0,-3.0,-14.0,-3.0,-14.0,-2.0,-14.0,-3.0
0.9595,122.0,-96.0,7.0,0.0,0.0,0.0,0.0,0.0,0.0,0.0,0.0,0.0,-2.0,-13.0,-2.0,-17.0,-3.0,-21.0,-2.0,-23.0,-2.0,-25.0,-1.0,-26.0,-1.0,-27.0,-1.0,-25.0,-1.0,-24.0,0.0,-20.0,0.0,-16.0,0.0,-11.0,0.0,-6.0,0.0,-1.0,0.0,4.0,0.0,9.0,0.0,14.0,1.0,19.0,1.0,22.0,1.0,25.0,1.0,26.0,1.0,27.0,1.0,26.0,1.0,24.0,1.0,20.0,1.0,17.0
0.973,122.0,-96.0,7.0,0.0,0.0,0.0,0.0,0.0,0.0,0.0,0.0,0.0,-23.0,2.0,-25.0,2.0,-25.0,2.0,-24.0,2.0,-23.0,1.0,-20.0,1.0,-16.0,0.0,-11.0,0.0,-7.0,-1.0,-2.0,-1.0,3.0,-1.0,8.0,-1.0,13.0,-2.0,18.0,-1.0,22.0,-1.0,25.0,-1.0,26.0,-1.0,27.0,-1.0,26.0,-1.0,25.0,-1.0,21.0,-1.0,18.0,-1.0,14.0,-1.0,10.0,-1.0,4.0,0.0,-1.0,0.0
0.988,122.0,-96.0,7.0,0.0,0.0,0.0,0.0,0.0,0.0,0.0,0.0,0.0,12.0,1.0,16.0,2.0,19.0,3.0,21.0,4.0,24.0,4.0,24.0,5.0,24.0,6.0,23.0,6.0,21.0,6.0,18.0,5.0,14.0,4.0,10.0,2.0,5.0,1.0,0.0,0.0,-5.0,-1.0,-10.0,-3.0,-15.0,-4.0,-19.0,-5.0,-22.0,-6.0,-24.0,-7.0,-26.0,-8.0,-27.0,-8.0,-26.0,-8.0,-23.0,-6.0,-21.0,-5.0,-17.0,-5.0
1.002,122.0,-96.0,7.0,0.0,0.0,0.0,0.0,0.0,0.0,0.0,0.0,0.0,11.0,5.0,5.0,2.0,-2.0,-1.0,-9.0,-5.0,-16.0,-8.0,-22.0,-12.0,-26.0,-15.0,-31.0,-18.0,-34.0,-20.0,-36.0,-21.0,-36.0,-21.0,-35.0,-21.0,-33.0,-20.0,-29.0,-17.0,-24.0,-15.0,-18.0,-11.0,-10.0,-7.0,-4.0,-3.0,4.0,2.0,11.0,6.0,18.0,9.0,23.0,11.0,29.0,15.0,32.0,16.0,35.0,17.0,36.0,18.0
1.0149,122.0,-96.0,7.0,0.0,0.0,0.0,0.0,0.0,0.0,0.0,0.0,0.0,16.0,2.0,17.0,2.0,16.0,2.0,17.0,3.0,17.0,3.0,17.0,4.0,16.0,4.0,16.0,4.0,16.0,4.0,16.0,5.0,16.0,5.0,16.0,5.0,15.0,5.0,15.0,6.0,15.0,6.0,15.0,6.0,15.0,6.0,15.0,6.0,14.0,6.0,14.0,5.0,14.0,6.0,14.0,5.0,13.0,5.0,13.0,5.0,13.0,5.0,13.0,4.0
1.0277,122.0,-96.0,7.0,0.0,0.0,0.0,0.0,0.0,0.0,0.0,0.0,0.0,-19.0,10.0,-19.0,10.0,-19.0,10.0,-20.0,10.0,-20.0,9.0,-20.0,9.0,-20.0,8.0,-21.0,7.0,-21.0,7.0,-21.0,7.0,-20.0,7.0,-21.0,7.0,-20.0,6.0,-21.0,5.0,-21.0,5.0,-20.0,5.0,-20.0,5.0,-20.0,5.0,-20.0,5.0,-19.0,5.0,-20.0,4.0,-19.0,4.0,-19.0,5.0,-18.0,5.0,-18.0,5.0,-18.0,6.0
1.0419,122.0,-96.0,7.0,0.0,0.0,0.0,0.0,0.0,0.0,0.0,0.0,0.0,-10.0,20.0,-12.0,21.0,-13.0,21.0,-12.0,20.0,-13.0,19.0,-11.0,17.0,-10.0,14.0,-7.0,11.0,-6.0,7.0,-2.0,2.0,0.0,-2.0,3.0,-6.0,6.0,-10.0,10.0,-14.0,12.0,-17.0,15.0,-19.0,15.0,-21.0,16.0,-22.0,16.0,-21.0,16.0,-20.0,13.0,-19.0,12.0,-16.0,10.0,-13.0,7.0,-9.0,4.0,-6.0,0.0,-1.0
1.057,122.0,-96.0,7.0,0.0,0.0,0.0,0.0,0.0,0.0,0.0,0.0,0.0,4.0,-31.0,3.0,-27.0,3.0,-23.0,3.0,-18.0,2.0,-12.0,0.0,-5.0,-1.0,1.0,-3.0,9.0,-5.0,15.0,-7.0,21.0,-9.0,26.0,-11.0,29.0,-12.0,32.0,-14.0,35.0,-14.0,34.0,-13.0,33.0,-12.0,30.0,-11.0,26.0,-9.0,21.0,-7.0,15.0,-4.0,9.0,-2.0,2.0,2.0,-6.0,5.0,-12.0,7.0,-18.0,9.0,-23.0
1.073,122.0,-96.0,7.0,0.0,0.0,0.0,0.0,0.0,0.0,0.0,0.0,0.0,-15.0,-5.0,-15.0,-5.0,-15.0,-6.0,-15.0,-6.0,-15.0,-6.0,-15.0,-7.0,-15.0,-6.0,-15.0,-7.0,-14.0,-7.0,-15.0,-8.0,-15.0,-8.0,-14.0,-8.0,-14.0,-8.0,-14.0,-8.0,-14.0,-8.0,-13.0,-8.0,-14.0,-8.0,-13.0,-8.0,-13.0,-8.0,-13.0,-8.0,-13.0,-8.0,-12.0,-7.0,-12.0,-8.0,-12.0,-7.0,-12.0,-7.0,-12.0,-7.0
1.087,122.0,-96.0,7.0,0.0,0.0,0.0,0.0,0.0,0.0,0.0,0.0,0.0,-11.0,14.0,-12.0,14.0,-12.0,13.0,-13.0,14.0,-13.0,13.0,-13.0,13.0,-13.0,12.0,-14.0,12.0,-14.0,12.0,-14.0,12.0,-14.0,11.0,-14.0,11.0,-14.0,11.0,-15.0,11.0,-15.0,10.0,-14.0,10.0,-14.0,11.0,-14.0,10.0,-14.0,10.0,-13.0,10.0,-13.0,10.0,-13.0,10.0,-13.0,9.0,-13.0,9.0,-13.0,9.0,-12.0,9.0
1.099,122.0,-96.0,7.0,0.0,0.0,0.0,0.0,0.0,0.0,0.0,0.0,0.0,5.0,-2.0,0.0,0.0,-5.0,0.0,-10.0,1.0,-15.0,2.0,-20.0,3.0,-23.0,3.0,-27.0,3.0,-28.0,4.0,-29.0,2.0,-29.0,2.0,-28.0,1.0,-26.0,1.0,-21.0,1.0,-17.0,0.0,-12.0,1.0,-6.0,0.0,0.0,0.0,5.0,-1.0,11.0,-1.0,16.0,-1.0,20.0,-2.0,24.0,-1.0,26.0,-2.0,27.0,-2.0,28.0,-2.0
1.1142,102.0,96.0,6.0,0.0,0.0,0.0,0.0,0.0,0.0,0.0,0.0,0.0,-2.0,-2.0,2.0,1.0,6.0,5.0,10.0,9.0,14.0,12.0,17.0,16.0,20.0,18.0,22.0,21.0,23.0,21.0,22.0,22.0,21.0,22.0,19.0,21.0,17.0,19.0,14.0,15.0,10.0,12.0,6.0,7.0,2.0,2.0,-2.0,-2.0,-7.0,-7.0,-11.0,-12.0,-14.0,-16.0,-18.0,-18.0,-20.0,-22.0,-21.0,-23.0,-22.0,-24.0,-22.0,-24.0
1.1274,122.0,-96.0,7.0,0.0,0.0,0.0,0.0,0.0,0.0,0.0,0.0,0.0,-13.0,19.0,-15.0,19.0,-14.0,19.0,-15.0,19.0,-15.0,18.0,-16.0,18.0,-16.0,18.0,-17.0,17.0,-17.0,17.0,-17.0,17.0,-18.0,16.0,-18.0,16.0,-17.0,15.0,-18.0,15.0,-18.0,15.0,-17.0,14.0,-18.0,15.0,-17.0,14.0,-17.0,14.0,-16.0,14.0,-16.0,14.0,-16.0,14.0,-16.0,14.0,-15.0,14.0,-15.0,13.0,-14.0,13.0
1.1404,122.0,-96.0,7.0,0.0,0.0,0.0,0.0,0.0,0.0,0.0,0.0,0.0,6.0,2.0,0.0,0.0,-6.0,-2.0,-12.0,-5.0,-19.0,-7.0,-24.0,-9.0,-28.0,-11.0,-32.0,-13.0,-33.0,-14.0,-34.0,-15.0,-34.0,-15.0,-32.0,-15.0,-29.0,-15.0,-25.0,-12.0,-19.0,-10.0,-14.0,-7.0,-7.0,-3.0,0.0,-1.0,7.0,3.0,13.0,6.0,19.0,8.0,23.0,10.0,28.0,13.0,30.0,14.0,31.0,14.0,33.0,15.0
1.1537,122.0,-96.0,7.0,0.0,0.0,0.0,0.0,0.0,0.0,0.0,0.0,0.0,16.0,17.0,16.0,18.0,15.0,19.0,14.0,18.0,13.0,17.0,11.0,14.0,9.0,12.0,6.0,7.0,3.0,4.0,0.0,0.0,-3.0,-4.0,-6.0,-8.0,-9.0,-12.0,-11.0,-16.0,-13.0,-20.0,-14.0,-22.0,-15.0,-23.0,-15.0,-23.0,-15.0,-23.0,-14.0,-21.0,-13.0,-18.0,-11.0,-16.0,-8.0,-12.0,-5.0,-9.0,-3.0,-4.0,0.0,0.0
1.1677,122.0,-96.0,7.0,0.0,0.0,0.0,0.0,0.0,0.0,0.0,0.0,0.0,16.0,-6.0,16.0,-5.0,15.0,-5.0,15.0,-5.0,16.0,-4.0,16.0,-4.0,16.0,-4.0,16.0,-3.0,16.0,-3.0,16.0,-2.0,16.0,-2.0,16.0,-2.0,15.0,-2.0,16.0,-2.0,16.0,-1.0,15.0,-1.0,15.0,-1.0,15.0,-1.0,15.0,-1.0,14.0,-1.0,14.0,-1.0,14.0,-2.0,14.0,-1.0,13.0,-2.0,13.0,-2.0,13.0,-2.0
1.1856,122.0,-96.0,7.0,0.0,0.0,0.0,0.0,0.0,0.0,0.0,0.0,0.0,-8.0,17.0,-9.0,16.0,-9.0,16.0,-9.0,16.0,-10.0,16.0,-10.0,15.0,-10.0,16.0,-11.0,15.0,-10.0,15.0,-11.0,15.0,-11.0,15.0,-11.0,14.0,-11.0,14.0,-11.0,14.0,-11.0,13.0,-11.0,14.0,-11.0,13.0,-11.0,14.0,-11.0,13.0,-10.0,13.0,-10.0,12.0,-10.0,12.0,-10.0,12.0,-9.0,12.0,-9.0,12.0,-9.0,12.0
1.1948,122.0,-96.0,7.0,0.0,0.0,0.0,0.0,0.0,0.0,0.0,0.0,0.0,3.0,12.0,4.0,16.0,5.0,19.0,5.0,21.0,5.0,23.0,5.0,24.0,4.0,25.0,3.0,24.0,3.0,22.0,2.0,18.0,2.0,14.0,1.0,10.0,0.0,5.0,0.0,0.0,-1.0,-5.0,-2.0,-10.0,-2.0,-15.0,-3.0,-19.0,-3.0,-22.0,-3.0,-25.0,-3.0,-27.0,-2.0,-27.0,-3.0,-26.0,-3.0,-24.0,-3.0,-21.0,-2.0,-17.0
1.2084,122.0,-96.0,7.0,0.0,0.0,0.0,0.0,0.0,0.0,0.0,0.0,0.0,19.0,13.0,19.0,14.0,18.0,14.0,18.0,15.0,18.0,16.0,17.0,16.0,17.0,16.0,16.0,17.0,16.0,16.0,16.0,17.0,16.0,17.0,15.0,17.0,15.0,17.0,14.0,17.0,14.0,17.0,14.0,17.0,14.0,16.0,13.0,17.0,13.0,16.0,13.0,16.0,13.0,15.0,13.0,15.0,13.0,15.0,13.0,14.0,12.0,14.0,12.0,13.0
1.2221,122.0,-96.0,7.0,0.0,0.0,0.0,0.0,0.0,0.0,0.0,0.0,0.0,28.0,-6.0,23.0,-5.0,17.0,-4.0,11.0,-3.0,3.0,-1.0,-4.0,0.0,-11.0,2.0,-19.0,3.0,-25.0,4.0,-31.0,4.0,-36.0,5.0,-39.0,5.0,-41.0,6.0,-42.0,5.0,-40.0,5.0,-36.0,5.0,-33.0,4.0,-27.0,3.0,-20.0,2.0,-13.0,1.0,-5.0,-1.0,3.0,-3.0,11.0,-4.0,19.0,-5.0,25.0,-6.0,30.0,-8.0
1.2345,122.0,-96.0,7.0,0.0,0.0,0.0,0.0,0.0,0.0,0.0,0.0,0.0,23.0,0.0,24.0,1.0,23.0,1.0,21.0,1.0,19.0,2.0,16.0,1.0,12.0,1.0,7.0,0.0,3.0,0.0,-3.0,0.0,-7.0,0.0,-12.0,-1.0,-16.0,-2.0,-21.0,-3.0,-23.0,-4.0,-26.0,-4.0,-27.0,-4.0,-27.0,-5.0,-26.0,-4.0,-23.0,-4.0,-20.0,-3.0,-17.0,-3.0,-12.0,-2.0,-8.0,-2.0,-3.0,-1.0,2.0,-1.0
1.249,122.0,-96.0,7.0,0.0,0.0,0.0,0.0,0.0,0.0,0.0,0.0,0.0,-28.0,-8.0,-24.0,-7.0,-19.0,-6.0,-14.0,-5.0,-8.0,-3.0,-1.0,-1.0,5.0,0.0,12.0,3.0,18.0,4.0,24.0,6.0,28.0,8.0,31.0,9.0,34.0,9.0,35.0,11.0,34.0,10.0,31.0,9.0,29.0,9.0,24.0,7.0,19.0,6.0,13.0,4.0,6.0,2.0,-2.0,0.0,-9.0,-2.0,-16.0,-4.0,-21.0,-4.0,-26.0,-5.0
1.2621,122.0,-96.0,7.0,0.0,0.0,0.0,0.0,0.0,0.0,0.0,0.0,0.0,18.0,-11.0,25.0,-13.0,30.0,-15.0,33.0,-16.0,37.0,-17.0,38.0,-17.0,38.0,-16.0,37.0,-15.0,33.0,-14.0,28.0,-12.0,22.0,-9.0,15.0,-6.0,8.0,-3.0,0.0,0.0,-8.0,4.0,-16.0,6.0,-23.0,9.0,-29.0,12.0,-34.0,14.0,-38.0,15.0,-40.0,16.0,-40.0,16.0,-39.0,16.0,-36.0,14.0,-31.0,13.0,-26.0,11.0
1.2809,122.0,-96.0,7.0,0.0,0.0,0.0,0.0,0.0,0.0,0.0,0.0,0.0,-5.0,-21.0,-4.0,-18.0,-3.0,-13.0,-2.0,-8.0,-1.0,-3.0,0.0,2.0,2.0,7.0,3.0,12.0,4.0,17.0,5.0,21.0,5.0,25.0,5.0,27.0,6.0,28.0,5.0,29.0,6.0,28.0,5.0,25.0,4.0,22.0,3.0,18.0,2.0,13.0,1.0,8.0,-1.0,3.0,-2.0,-3.0,-4.0,-9.0,-4.0,-14.0,-6.0,-18.0,-8.0,-22.0
1.292,122.0,-96.0,7.0,0.0,0.0,0.0,0.0,0.0,0.0,0.0,0.0,0.0,9.0,1.0,4.0,1.0,-2.0,0.0,-8.0,0.0,-14.0,0.0,-20.0,-1.0,-25.0,0.0,-29.0,-2.0,-31.0,-1.0,-33.0,-2.0,-33.0,-1.0,-32.0,-2.0,-30.0,-2.0,-26.0,-1.0,-22.0,-2.0,-16.0,-1.0,-9.0,-1.0,-3.0,-2.0,4.0,-1.0,10.0,-2.0,16.0,-3.0,21.0,-4.0,27.0,-3.0,29.0,-4.0,31.0,-4.0,32.0,-4.0
1.3056,122.0,-96.0,7.0,0.0,0.0,0.0,0.0,0.0,0.0,0.0,0.0,0.0,-11.0,-7.0,-15.0,-9.0,-18.0,-11.0,-20.0,-13.0,-23.0,-15.0,-24.0,-17.0,-24.0,-17.0,-24.0,-17.0,-22.0,-16.0,-19.0,-14.0,-16.0,-12.0,-12.0,-9.0,-7.0,-6.0,-2.0,-3.0,3.0,0.0,7.0,4.0,12.0,7.0,16.0,10.0,20.0,12.0,23.0,13.0,24.0,15.0,25.0,15.0,25.0,15.0,23.0,14.0,20.0,12.0,17.0,10.0
1.3192,122.0,-96.0,7.0,0.0,0.0,0.0,0.0,0.0,0.0,0.0,0.0,0.0,-3.0,22.0,-5.0,24.0,-5.0,24.0,-5.0,24.0,-5.0,22.0,-5.0,20.0,-5.0,17.0,-3.0,12.0,-3.0,8.0,-2.0,3.0,-1.0,-2.0,0.0,-7.0,1.0,-12.0,3.0,-17.0,4.0,-21.0,5.0,-24.0,5.0,-26.0,5.0,-27.0,5.0,-27.0,5.0,-25.0,4.0,-23.0,3.0,-20.0,3.0,-16.0,2.0,-11.0,1.0,-6.0,0.0,-1.0
1.3316,122.0,-96.0,7.0,0.0,0.0,0.0,0.0,0.0,0.0,0.0,0.0,0.0,16.0,3.0,17.0,3.0,17.0,4.0,16.0,4.0,17.0,5.0,16.0,5.0,16.0,5.0,16.0,6.0,16.0,6.0,16.0,6.0,15.0,6.0,15.0,6.0,15.0,7.0,15.0,7.0,14.0,7.0,14.0,7.0,14.0,7.0,14.0,7.0,13.0,7.0,13.0,7.0,13.0,7.0,13.0,6.0,13.0,7.0,12.0,6.0,12.0,5.0,12.0,5.0
1.3444,122.0,-96.0,7.0,0.0,0.0,0.0,0.0,0.0,0.0,0.0,0.0,0.0,-9.0,-7.0,-12.0,-9.0,-15.0,-12.0,-17.0,-14.0,-19.0,-16.0,-20.0,-17.0,-20.0,-17.0,-19.0,-17.0,-18.0,-17.0,-16.0,-15.0,-13.0,-12.0,-10.0,-9.0,-6.0,-6.0,-2.0,-2.0,2.0,0.0,5.0,5.0,9.0,8.0,12.0,10.0,15.0,13.0,18.0,15.0,19.0,16.0,20.0,17.0,19.0,17.0,18.0,15.0,16.0,13.0,14.0,11.0
1.3629,122.0,-96.0,7.0,0.0,0.0,0.0,0.0,0.0,0.0,0.0,0.0,0.0,-6.0,-4.0,-1.0,-2.0,4.0,1.0,8.0,4.0,13.0,6.0,17.0,8.0,20.0,10.0,23.0,12.0,24.0,13.0,25.0,13.0,25.0,13.0,23.0,13.0,21.0,12.0,18.0,9.0,14.0,8.0,9.0,6.0,4.0,2.0,-1.0,0.0,-6.0,-3.0,-11.0,-5.0,-16.0,-7.0,-19.0,-8.0,-23.0,-10.0,-25.0,-10.0,-26.0,-11.0,-27.0,-11.0
1.3751,122.0,-96.0,7.0,0.0,0.0,0.0,0.0,0.0,0.0,0.0,0.0,0.0,-21.0,-11.0,-18.0,-9.0,-15.0,-8.0,-11.0,-6.0,-6.0,-4.0,-1.0,-1.0,4.0,1.0,9.0,4.0,14.0,6.0,18.0,8.0,21.0,11.0,23.0,12.0,25.0,13.0,26.0,14.0,25.0,14.0,24.0,13.0,21.0,11.0,18.0,10.0,14.0,8.0,9.0,5.0,4.0,3.0,-1.0,0.0,-6.0,-3.0,-12.0,-6.0,-15.0,-7.0,-19.0,-8.0
1.3896,122.0,-96.0,7.0,0.0,0.0,0.0,0.0,0.0,0.0,0.0,0.0,0.0,-7.0,6.0,-4.0,2.0,0.0,-2.0,3.0,-6.0,7.0,-10.0,10.0,-14.0,13.0,-17.0,16.0,-20.0,17.0,-22.0,18.0,-22.0,19.0,-22.0,18.0,-22.0,18.0,-20.0,15.0,-18.0,12.0,-15.0,9.0,-11.0,5.0,-7.0,2.0,-2.0,-2.0,3.0,-6.0,7.0,-9.0,12.0,-11.0,15.0,-14.0,19.0,-15.0,21.0,-16.0,22.0,-16.0,23.0
1.4027,122.0,-96.0,7.0,0.0,0.0,0.0,0.0,0.0,0.0,0.0,0.0,0.0,-29.0,-2.0,-31.0,-3.0,-31.0,-3.0,-29.0,-3.0,-27.0,-4.0,-24.0,-3.0,-19.0,-3.0,-13.0,-2.0,-8.0,-2.0,-2.0,-1.0,4.0,-1.0,11.0,0.0,16.0,1.0,22.0,3.0,27.0,4.0,30.0,5.0,32.0,5.0,32.0,5.0,32.0,4.0,30.0,4.0,26.0,3.0,22.0,3.0,17.0,3.0,11.0,2.0,5.0,1.0,-1.0,0.0
1.4172,122.0,-96.0,7.0,0.0,0.0,0.0,0.0,0.0,0.0,0.0,0.0,0.0,14.0,-2.0,20.0,-2.0,25.0,-1.0,30.0,0.0,33.0,-1.0,36.0,0.0,36.0,1.0,35.0,2.0,33.0,2.0,28.0,2.0,24.0,2.0,18.0,1.0,11.0,1.0,3.0,0.0,-4.0,0.0,-11.0,-2.0,-19.0,-3.0,-24.0,-3.0,-30.0,-4.0,-33.0,-4.0,-36.0,-5.0,-37.0,-5.0,-36.0,-5.0,-34.0,-4.0,-31.0,-3.0,-26.0,-3.0
1.4317,122.0,-96.0,7.0,0.0,0.0,0.0,0.0,0.0,0.0,0.0,0.0,0.0,-6.0,-23.0,-5.0,-24.0,-5.0,-26.0,-5.0,-24.0,-4.0,-24.0,-3.0,-21.0,-3.0,-18.0,-2.0,-13.0,-1.0,-10.0,-1.0,-4.0,0.0,1.0,1.0,6.0,2.0,11.0,2.0,16.0,2.0,20.0,2.0,24.0,3.0,25.0,3.0,27.0,3.0,26.0,3.0,25.0,3.0,22.0,2.0,19.0,2.0,16.0,1.0,11.0,0.0,6.0,-1.0,1.0
1.4451,122.0,-96.0,7.0,0.0,0.0,0.0,0.0,0.0,0.0,0.0,0.0,0.0,15.0,8.0,15.0,9.0,14.0,9.0,15.0,9.0,14.0,10.0,14.0,10.0,14.0,10.0,13.0,11.0,13.0,11.0,13.0,11.0,13.0,11.0,13.0,11.0,12.0,11.0,12.0,11.0,12.0,12.0,11.0,11.0,12.0,11.0,11.0,11.0,11.0,11.0,11.0,11.0,10.0,11.0,11.0,10.0,10.0,10.0,11.0,10.0,11.0,9.0,11.0,9.0
1.4593,122.0,-96.0,7.0,0.0,0.0,0.0,0.0,0.0,0.0,0.0,0.0,0.0,-5.0,-25.0,-4.0,-22.0,-3.0,-19.0,-3.0,-15.0,-1.0,-10.0,-1.0,-5.0,0.0,1.0,0.0,7.0,1.0,12.0,2.0,17.0,1.0,22.0,1.0,25.0,2.0,27.0,1.0,29.0,1.0,29.0,1.0,28.0,0.0,26.0,0.0,22.0,0.0,18.0,0.0,13.0,-1.0,7.0,-1.0,1.0,-1.0,-4.0,-1.0,-11.0,-2.0,-15.0,-3.0,-19.0
1.4733,122.0,-96.0,7.0,0.0,0.0,0.0,0.0,0.0,0.0,0.0,0.0,0.0,17.0,-16.0,18.0,-16.0,19.0,-16.0,18.0,-15.0,17.0,-14.0,15.0,-12.0,12.0,-10.0,8.0,-7.0,4.0,-4.0,0.0,-1.0,-3.0,2.0,-8.0,5.0,-12.0,8.0,-16.0,10.0,-19.0,12.0,-22.0,13.0,-22.0,14.0,-24.0,14.0,-22.0,14.0,-21.0,13.0,-18.0,12.0,-16.0,10.0,-12.0,7.0,-9.0,5.0,-4.0,2.0,0.0,-1.0
1.4896,122.0,-96.0,7.0,0.0,0.0,0.0,0.0,0.0,0.0,0.0,0.0,0.0,20.0,11.0,21.0,12.0,20.0,13.0,19.0,12.0,18.0,12.0,15.0,10.0,12.0,8.0,8.0,5.0,4.0,3.0,0.0,0.0,-4.0,-2.0,-8.0,-6.0,-12.0,-8.0,-15.0,-12.0,-18.0,-14.0,-20.0,-16.0,-21.0,-17.0,-21.0,-18.0,-21.0,-17.0,-19.0,-16.0,-18.0,-13.0,-15.0,-12.0,-12.0,-9.0,-8.0,-7.0,-4.0,-3.0,0.0,0.0
1.5025,122.0,-96.0,7.0,0.0,0.0,0.0,0.0,0.0,0.0,0.0,0.0,0.0,6.0,21.0,5.0,21.0,5.0,21.0,5.0,22.0,4.0,22.0,3.0,22.0,3.0,22.0,3.0,22.0,2.0,22.0,2.0,22.0,1.0,22.0,1.0,22.0,1.0,21.0,0.0,21.0,0.0,21.0,0.0,21.0,0.0,20.0,0.0,21.0,-1.0,20.0,0.0,19.0,0.0,19.0,0.0,19.0,0.0,19.0,0.0,18.0,0.0,18.0,1.0,17.0
1.5149,122.0,-96.0,7.0,0.0,0.0,0.0,0.0,0.0,0.0,0.0,0.0,0.0,22.0,0.0,23.0,2.0,21.0,1.0,22.0,2.0,22.0,2.0,23.0,3.0,22.0,4.0,22.0,4.0,21.0,5.0,21.0,5.0,21.0,5.0,21.0,5.0,21.0,5.0,21.0,6.0,21.0,6.0,19.0,6.0,20.0,7.0,19.0,6.0,20.0,6.0,19.0,6.0,18.0,6.0,18.0,5.0,17.0,5.0,17.0,5.0,17.0,4.0,17.0,4.0
1.5292,122.0,-96.0,7.0,0.0,0.0,0.0,0.0,0.0,0.0,0.0,0.0,0.0,22.0,-6.0,18.0,-6.0,15.0,-4.0,11.0,-3.0,5.0,-2.0,0.0,0.0,-5.0,1.0,-11.0,2.0,-16.0,2.0,-20.0,3.0,-25.0,3.0,-27.0,4.0,-29.0,4.0,-31.0,4.0,-29.0,3.0,-28.0,3.0,-25.0,2.0,-21.0,2.0,-17.0,1.0,-12.0,1.0,-6.0,0.0,0.0,-1.0,6.0,-2.0,12.0,-2.0,16.0,-3.0,20.0,-4.0
1.5417,122.0,-96.0,7.0,0.0,0.0,0.0,0.0,0.0,0.0,0.0,0.0,0.0,27.0,1.0,24.0,1.0,20.0,1.0,15.0,1.0,10.0,1.0,3.0,0.0,-3.0,0.0,-9.0,-1.0,-15.0,-2.0,-20.0,-3.0,-25.0,-4.0,-29.0,-5.0,-31.0,-5.0,-33.0,-7.0,-33.0,-7.0,-31.0,-6.0,-29.0,-6.0,-25.0,-6.0,-20.0,-5.0,-15.0,-3.0,-9.0,-2.0,-2.0,-1.0,4.0,0.0,11.0,2.0,16.0,2.0,21.0,3.0
1.5544,122.0,-96.0,7.0,0.0,0.0,0.0,0.0,0.0,0.0,0.0,0.0,0.0,8.0,21.0,7.0,18.0,5.0,14.0,3.0,10.0,1.0,5.0,-1.0,0.0,-3.0,-5.0,-4.0,-11.0,-5.0,-16.0,-7.0,-20.0,-7.0,-24.0,-8.0,-27.0,-8.0,-28.0,-7.0,-30.0,-7.0,-29.0,-7.0,-27.0,-6.0,-25.0,-5.0,-21.0,-4.0,-17.0,-3.0,-11.0,-1.0,-6.0,0.0,0.0,1.0,6.0,2.0,12.0,4.0,16.0,5.0,20.0
1.5683,122.0,-96.0,7.0,0.0,0.0,0.0,0.0,0.0,0.0,0.0,0.0,0.0,2.0,-18.0,2.0,-19.0,2.0,-18.0,3.0,-18.0,4.0,-18.0,4.0,-19.0,4.0,-18.0,4.0,-18.0,5.0,-17.0,5.0,-17.0,5.0,-17.0,5.0,-17.0,5.0,-17.0,6.0,-17.0,6.0,-17.0,6.0,-16.0,6.0,-16.0,6.0,-15.0,6.0,-16.0,5.0,-15.0,5.0,-15.0,5.0,-15.0,5.0,-14.0,5.0,-14.0,4.0,-14.0,4.0,-14.0
1.5846,122.0,-96.0,7.0,0.0,0.0,0.0,0.0,0.0,0.0,0.0,0.0,0.0,9.0,-22.0,10.0,-23.0,10.0,-23.0,10.0,-21.0,9.0,-20.0,8.0,-17.0,7.0,-14.0,4.0,-9.0,3.0,-6.0,0.0,-1.0,-2.0,3.0,-4.0,8.0,-6.0,12.0,-9.0,16.0,-12.0,19.0,-13.0,21.0,-14.0,23.0,-14.0,23.0,-13.0,22.0,-13.0,21.0,-11.0,19.0,-9.0,15.0,-7.0,12.0,-5.0,8.0,-3.0,3.0,-1.0,-1.0
1.5968,122.0,-96.0,7.0,0.0,0.0,0.0,0.0,0.0,0.0,0.0,0.0,0.0,-24.0,15.0,-27.0,15.0,-27.0,15.0,-25.0,14.0,-24.0,12.0,-21.0,10.0,-17.0,8.0,-12.0,6.0,-7.0,2.0,-2.0,-1.0,4.0,-4.0,9.0,-6.0,15.0,-9.0,20.0,-11.0,25.0,-13.0,28.0,-13.0,29.0,-14.0,30.0,-15.0,29.0,-15.0,27.0,-14.0,24.0,-13.0,20.0,-11.0,16.0,-8.0,10.0,-5.0,5.0,-3.0,-1.0,1.0
1.6113,122.0,-96.0,7.0,0.0,0.0,0.0,0.0,0.0,0.0,0.0,0.0,0.0,19.0,1.0,20.0,2.0,19.0,2.0,19.0,2.0,19.0,3.0,19.0,4.0,18.0,3.0,19.0,4.0,19.0,4.0,19.0,5.0,18.0,4.0,18.0,5.0,18.0,5.0,18.0,5.0,17.0,5.0,17.0,5.0,17.0,6.0,16.0,5.0,16.0,5.0,16.0,5.0,16.0,5.0,16.0,5.0,15.0,4.0,15.0,4.0,15.0,4.0,15.0,3.0
1.6249,122.0,-96.0,7.0,0.0,0.0,0.0,0.0,0.0,0.0,0.0,0.0,0.0,-27.0,-4.0,-22.0,-3.0,-17.0,-2.0,-11.0,-2.0,-4.0,-1.0,3.0,0.0,9.0,0.0,16.0,2.0,22.0,3.0,27.0,4.0,31.0,6.0,34.0,6.0,36.0,6.0,37.0,8.0,35.0,7.0,31.0,6.0,28.0,6.0,23.0,5.0,17.0,4.0,10.0,2.0,3.0,1.0,-4.0,-1.0,-11.0,-2.0,-18.0,-4.0,-23.0,-5.0,-28.0,-5.0
1.6393,122.0,-96.0,7.0,0.0,0.0,0.0,0.0,0.0,0.0,0.0,0.0,0.0,-18.0,15.0,-19.0,15.0,-20.0,15.0,-18.0,13.0,-17.0,12.0,-14.0,10.0,-11.0,7.0,-7.0,4.0,-3.0,1.0,1.0,-2.0,4.0,-5.0,8.0,-8.0,12.0,-11.0,16.0,-13.0,19.0,-14.0,21.0,-15.0,21.0,-16.0,22.0,-16.0,20.0,-16.0,19.0,-14.0,15.0,-13.0,13.0,-11.0,10.0,-8.0,6.0,-5.0,2.0,-2.0,-2.0,2.0
1.653,122.0,-96.0,7.0,0.0,0.0,0.0,0.0,0.0,0.0,0.0,0.0,0.0,4.0,-17.0,4.0,-17.0,5.0,-16.0,5.0,-17.0,5.0,-17.0,6.0,-16.0,6.0,-16.0,6.0,-16.0,7.0,-16.0,7.0,-15.0,7.0,-16.0,7.0,-15.0,7.0,-15.0,7.0,-15.0,8.0,-15.0,7.0,-14.0,8.0,-14.0,7.0,-14.0,7.0,-14.0,7.0,-13.0,7.0,-13.0,7.0,-13.0,6.0,-13.0,6.0,-13.0,6.0,-13.0,5.0,-13.0
1.6657,122.0,-96.0,7.0,0.0,0.0,0.0,0.0,0.0,0.0,0.0,0.0,0.0,2.0,0.0,-3.0,1.0,-8.0,0.0,-13.0,0.0,-18.0,0.0,-22.0,0.0,-25.0,0.0,-29.0,-1.0,-29.0,-1.0,-30.0,-2.0,-28.0,-1.0,-27.0,-2.0,-24.0,-2.0,-20.0,-1.0,-15.0,-2.0,-10.0,-1.0,-3.0,-1.0,2.0,-1.0,8.0,-1.0,14.0,-1.0,19.0,-1.0,22.0,-2.0,26.0,-1.0,27.0,-2.0,28.0,-2.0,28.0,-2.0
1.6791,122.0,-96.0,7.0,0.0,0.0,0.0,0.0,0.0,0.0,0.0,0.0,0.0,3.0,-6.0,1.0,-1.0,-2.0,4.0,-4.0,10.0,-6.0,15.0,-8.0,21.0,-9.0,24.0,-11.0,28.0,-11.0,29.0,-13.0,30.0,-13.0,29.0,-13.0,28.0,-12.0,25.0,-10.0,21.0,-9.0,17.0,-6.0,11.0,-3.0,5.0,-1.0,-1.0,1.0,-7.0,3.0,-13.0,4.0,-19.0,5.0,-23.0,7.0,-27.0,7.0,-30.0,8.0,-31.0,7.0,-32.0
1.6927,122.0,-96.0,7.0,0.0,0.0,0.0,0.0,0.0,0.0,0.0,0.0,0.0,-3.0,-2.0,2.0,-1.0,7.0,0.0,12.0,1.0,17.0,1.0,21.0,2.0,24.0,3.0,27.0,4.0,28.0,4.0,28.0,4.0,27.0,4.0,26.0,4.0,23.0,4.0,18.0,3.0,14.0,3.0,8.0,2.0,3.0,1.0,-3.0,0.0,-9.0,-1.0,-14.0,-1.0,-19.0,-1.0,-23.0,-2.0,-27.0,-2.0,-28.0,-1.0,-29.0,-1.0,-29.0,-1.0
1.706,122.0,-96.0,7.0,0.0,0.0,0.0,0.0,0.0,0.0,0.0,0.0,0.0,1.0,23.0,0.0,24.0,0.0,24.0,0.0,22.0,-1.0,20.0,-1.0,17.0,-1.0,13.0,-1.0,7.0,-1.0,3.0,-1.0,-2.0,-1.0,-7.0,-1.0,-12.0,-2.0,-16.0,-1.0,-21.0,0.0,-24.0,0.0,-26.0,-1.0,-27.0,0.0,-27.0,-1.0,-26.0,0.0,-24.0,-1.0,-21.0,-1.0,-18.0,-1.0,-13.0,0.0,-9.0,0.0,-3.0,0.0,2.0
1.7202,122.0,-96.0,7.0,0.0,0.0,0.0,0.0,0.0,0.0,0.0,0.0,0.0,-18.0,0.0,-22.0,-1.0,-24.0,-1.0,-27.0,-1.0,-29.0,-2.0,-30.0,-2.0,-28.0,-3.0,-27.0,-3.0,-24.0,-4.0,-20.0,-3.0,-15.0,-2.0,-10.0,-2.0,-4.0,-1.0,2.0,0.0,7.0,0.0,13.0,1.0,18.0,1.0,22.0,2.0,25.0,2.0,28.0,3.0,29.0,2.0,29.0,3.0,28.0,2.0,25.0,1.0,21.0,1.0,17.0,1.0
1.735,122.0,-96.0,7.0,0.0,0.0,0.0,0.0,0.0,0.0,0.0,0.0,0.0,9.0,12.0,12.0,17.0,14.0,20.0,15.0,23.0,16.0,26.0,16.0,27.0,16.0,27.0,15.0,26.0,14.0,24.0,11.0,20.0,8.0,16.0,5.0,11.0,3.0,6.0,-1.0,0.0,-4.0,-6.0,-7.0,-11.0,-10.0,-17.0,-12.0,-21.0,-14.0,-24.0,-16.0,-27.0,-17.0,-29.0,-17.0,-29.0,-17.0,-28.0,-15.0,-25.0,-14.0,-22.0,-12.0,-19.0
1.7499,122.0,-96.0,7.0,0.0,0.0,0.0,0.0,0.0,0.0,0.0,0.0,0.0,6.0,22.0,5.0,24.0,4.0,24.0,5.0,23.0,3.0,21.0,3.0,18.0,2.0,15.0,1.0,10.0,0.0,6.0,-1.0,0.0,-2.0,-4.0,-3.0,-10.0,-3.0,-14.0,-3.0,-19.0,-4.0,-23.0,-4.0,-25.0,-4.0,-27.0,-4.0,-28.0,-4.0,-27.0,-4.0,-25.0,-4.0,-22.0,-4.0,-19.0,-2.0,-15.0,-1.0,-10.0,-1.0,-5.0,0.0,0.0
1.7632,122.0,-96.0,7.0,0.0,0.0,0.0,0.0,0.0,0.0,0.0,0.0,0.0,-13.0,9.0,-16.0,10.0,-18.0,11.0,-21.0,12.0,-22.0,13.0,-23.0,13.0,-22.0,12.0,-21.0,11.0,-19.0,9.0,-16.0,7.0,-12.0,6.0,-8.0,3.0,-3.0,1.0,2.0,-2.0,5.0,-4.0,10.0,-6.0,14.0,-9.0,17.0,-11.0,20.0,-12.0,22.0,-13.0,23.0,-14.0,23.0,-13.0,22.0,-13.0,19.0,-12.0,16.0,-11.0,13.0,-9.0
1.7761,122.0,-96.0,7.0,0.0,0.0,0.0,0.0,0.0,0.0,0.0,0.0,0.0,-11.0,-11.0,-13.0,-14.0,-15.0,-16.0,-16.0,-18.0,-17.0,-19.0,-17.0,-20.0,-16.0,-20.0,-15.0,-19.0,-13.0,-18.0,-11.0,-14.0,-8.0,-11.0,-6.0,-7.0,-2.0,-3.0,1.0,1.0,4.0,5.0,7.0,9.0,10.0,13.0,13.0,15.0,14.0,17.0,16.0,20.0,16.0,20.0,17.0,20.0,16.0,19.0,15.0,17.0,13.0,14.0,10.0,11.0
1.7924,122.0,-96.0,7.0,0.0,0.0,0.0,0.0,0.0,0.0,0.0,0.0,0.0,-11.0,-15.0,-12.0,-15.0,-11.0,-15.0,-11.0,-16.0,-10.0,-16.0,-10.0,-17.0,-9.0,-16.0,-9.0,-16.0,-9.0,-17.0,-8.0,-16.0,-8.0,-17.0,-8.0,-16.0,-7.0,-16.0,-7.0,-17.0,-7.0,-16.0,-7.0,-16.0,-7.0,-16.0,-7.0,-16.0,-6.0,-16.0,-7.0,-15.0,-6.0,-15.0,-6.0,-14.0,-6.0,-15.0,-6.0,-14.0,-6.0,-14.0,-7.0,-14.0
1.806,122.0,-96.0,7.0,0.0,0.0,0.0,0.0,0.0,0.0,0.0,0.0,0.0,10.0,21.0,8.0,18.0,6.0,14.0,4.0,11.0,2.0,6.0,-1.0,0.0,-3.0,-4.0,-6.0,-9.0,-8.0,-14.0,-10.0,-18.0,-11.0,-23.0,-12.0,-25.0,-14.0,-27.0,-13.0,-28.0,-14.0,-27.0,-13.0,-25.0,-11.0,-23.0,-10.0,-20.0,-7.0,-16.0,-5.0,-11.0,-2.0,-6.0,0.0,-1.0,3.0,5.0,6.0,10.0,9.0,14.0,12.0,17.0
1.8199,122.0,-96.0,7.0,0.0,0.0,0.0,0.0,0.0,0.0,0.0,0.0,0.0,-13.0,-2.0,-18.0,-4.0,-23.0,-5.0,-26.0,-6.0,-29.0,-7.0,-31.0,-8.0,-32.0,-9.0,-31.0,-9.0,-29.0,-9.0,-26.0,-8.0,-21.0,-7.0,-16.0,-5.0,-10.0,-4.0,-4.0,-2.0,2.0,-1.0,9.0,1.0,15.0,3.0,20.0,3.0,25.0,5.0,29.0,5.0,31.0,6.0,32.0,5.0,32.0,6.0,30.0,5.0,26.0,4.0,23.0,3.0
1.8343,122.0,-96.0,7.0,0.0,0.0,0.0,0.0,0.0,0.0,0.0,0.0,0.0,-2.0,-14.0,-1.0,-7.0,1.0,1.0,2.0,8.0,3.0,17.0,4.0,23.0,5.0,29.0,6.0,35.0,6.0,38.0,6.0,40.0,6.0,40.0,5.0,40.0,5.0,38.0,5.0,33.0,4.0,27.0,3.0,20.0,2.0,12.0,-1.0,4.0,-3.0,-5.0,-4.0,-13.0,-7.0,-20.0,-9.0,-26.0,-10.0,-32.0,-12.0,-35.0,-13.0,-38.0,-13.0,-40.0
1.8474,122.0,-96.0,7.0,0.0,0.0,0.0,0.0,0.0,0.0,0.0,0.0,0.0,-2.0,-18.0,-1.0,-19.0,-1.0,-19.0,0.0,-19.0,0.0,-19.0,1.0,-19.0,2.0,-18.0,2.0,-18.0,2.0,-18.0,2.0,-18.0,2.0,-18.0,2.0,-18.0,2.0,-18.0,3.0,-18.0,3.0,-17.0,3.0,-17.0,3.0,-17.0,3.0,-17.0,4.0,-16.0,3.0,-16.0,3.0,-16.0,3.0,-16.0,3.0,-15.0,2.0,-15.0,2.0,-15.0,2.0,-15.0
1.861,122.0,-96.0,7.0,0.0,0.0,0.0,0.0,0.0,0.0,0.0,0.0,0.0,-8.0,-1.0,-2.0,-1.0,4.0,-1.0,10.0,0.0,16.0,0.0,21.0,1.0,25.0,1.0,29.0,2.0,30.0,2.0,32.0,2.0,31.0,2.0,30.0,2.0,28.0,3.0,23.0,2.0,19.0,2.0,13.0,1.0,6.0,1.0,0.0,0.0,-7.0,0.0,-13.0,-1.0,-19.0,-1.0,-23.0,-1.0,-28.0,-2.0,-30.0,-1.0,-32.0,-1.0,-32.0,-1.0
1.8749,122.0,-96.0,7.0,0.0,0.0,0.0,0.0,0.0,0.0,0.0,0.0,0.0,-12.0,-6.0,-6.0,-3.0,1.0,0.0,8.0,2.0,15.0,6.0,22.0,9.0,27.0,11.0,32.0,14.0,35.0,15.0,37.0,17.0,36.0,18.0,36.0,18.0,33.0,17.0,29.0,14.0,24.0,12.0,17.0,9.0,10.0,6.0,3.0,2.0,-5.0,-2.0,-12.0,-5.0,-19.0,-7.0,-25.0,-10.0,-31.0,-13.0,-34.0,-14.0,-37.0,-15.0,-38.0,-15.0
1.889,122.0,-96.0,7.0,0.0,0.0,0.0,0.0,0.0,0.0,0.0,0.0,0.0,31.0,-2.0,27.0,-2.0,23.0,-2.0,18.0,-1.0,12.0,0.0,5.0,0.0,-2.0,1.0,-9.0,0.0,-16.0,0.0,-23.0,0.0,-28.0,0.0,-32.0,0.0,-36.0,0.0,-38.0,-1.0,-38.0,-1.0,-36.0,-1.0,-34.0,-1.0,-30.0,-1.0,-24.0,-1.0,-18.0,-1.0,-11.0,-1.0,-3.0,-2.0,4.0,-2.0,12.0,-2.0,18.0,-2.0,23.0,-3.0
1.9026,122.0,-96.0,7.0,0.0,0.0,0.0,0.0,0.0,0.0,0.0,0.0,0.0,21.0,8.0,21.0,9.0,20.0,9.0,20.0,9.0,20.0,10.0,20.0,11.0,20.0,11.0,19.0,12.0,18.0,11.0,18.0,12.0,18.0,13.0,18.0,13.0,18.0,13.0,17.0,13.0,17.0,13.0,16.0,13.0,16.0,13.0,16.0,13.0,16.0,13.0,16.0,12.0,15.0,12.0,15.0,11.0,15.0,11.0,15.0,11.0,15.0,10.0,15.0,10.0
1.9161,122.0,-96.0,7.0,0.0,0.0,0.0,0.0,0.0,0.0,0.0,0.0,0.0,-3.0,12.0,-4.0,16.0,-5.0,19.0,-7.0,21.0,-7.0,23.0,-8.0,24.0,-9.0,24.0,-9.0,23.0,-9.0,21.0,-7.0,18.0,-6.0,14.0,-4.0,10.0,-3.0,5.0,-1.0,0.0,0.0,-5.0,2.0,-9.0,4.0,-15.0,5.0,-18.0,6.0,-22.0,7.0,-24.0,7.0,-26.0,8.0,-26.0,7.0,-25.0,6.0,-23.0,5.0,-21.0,4.0,-17.0
1.9304,122.0,-96.0,7.0,0.0,0.0,0.0,0.0,0.0,0.0,0.0,0.0,0.0,0.0,-11.0,0.0,-15.0,0.0,-18.0,1.0,-22.0,1.0,-24.0,2.0,-26.0,2.0,-27.0,2.0,-26.0,2.0,-25.0,2.0,-21.0,2.0,-18.0,1.0,-14.0,1.0,-9.0,0.0,-4.0,0.0,2.0,-1.0,7.0,-2.0,12.0,-2.0,16.0,-2.0,20.0,-2.0,23.0,-2.0,26.0,-2.0,26.0,-2.0,26.0,-1.0,24.0,-1.0,21.0,-1.0,18.0
1.9442,122.0,-96.0,7.0,0.0,0.0,0.0,0.0,0.0,0.0,0.0,0.0,0.0,7.0,-8.0,10.0,-11.0,12.0,-13.0,15.0,-15.0,17.0,-17.0,19.0,-18.0,19.0,-17.0,19.0,-17.0,19.0,-16.0,16.0,-14.0,13.0,-12.0,10.0,-9.0,6.0,-6.0,2.0,-3.0,-2.0,1.0,-6.0,4.0,-10.0,8.0,-13.0,11.0,-16.0,14.0,-18.0,15.0,-20.0,17.0,-21.0,17.0,-20.0,17.0,-18.0,16.0,-16.0,15.0,-14.0,13.0
1.9571,122.0,-96.0,7.0,0.0,0.0,0.0,0.0,0.0,0.0,0.0,0.0,0.0,-25.0,12.0,-23.0,11.0,-19.0,9.0,-16.0,7.0,-11.0,4.0,-5.0,1.0,0.0,-2.0,7.0,-5.0,12.0,-7.0,17.0,-10.0,22.0,-11.0,25.0,-13.0,27.0,-14.0,30.0,-14.0,30.0,-15.0,28.0,-13.0,27.0,-13.0,23.0,-11.0,19.0,-9.0,14.0,-7.0,8.0,-4.0,2.0,-1.0,-4.0,2.0,-10.0,5.0,-14.0,8.0,-18.0,11.0
1.9705,122.0,-96.0,7.0,0.0,0.0,0.0,0.0,0.0,0.0,0.0,0.0,0.0,0.0,-13.0,0.0,-17.0,1.0,-20.0,2.0,-23.0,2.0,-25.0,3.0,-26.0,3.0,-26.0,4.0,-25.0,4.0,-23.0,3.0,-20.0,2.0,-16.0,1.0,-12.0,1.0,-7.0,0.0,-1.0,0.0,4.0,-1.0,9.0,-2.0,14.0,-3.0,18.0,-3.0,21.0,-4.0,24.0,-4.0,26.0,-4.0,26.0,-3.0,25.0,-3.0,23.0,-2.0,20.0,-2.0,17.0
1.9857,122.0,-96.0,7.0,0.0,0.0,0.0,0.0,0.0,0.0,0.0,0.0,0.0,-11.0,9.0,-15.0,11.0,-18.0,13.0,-20.0,15.0,-22.0,16.0,-23.0,17.0,-23.0,16.0,-23.0,16.0,-22.0,14.0,-18.0,12.0,-15.0,10.0,-11.0,7.0,-6.0,3.0,-1.0,0.0,3.0,-4.0,7.0,-7.0,12.0,-11.0,15.0,-13.0,19.0,-16.0,21.0,-18.0,22.0,-19.0,23.0,-19.0,22.0,-19.0,19.0,-17.0,17.0,-16.0,14.0,-13.0
1.9998,122.0,-96.0,7.0,0.0,0.0,0.0,0.0,0.0,0.0,0.0,0.0,0.0,3.0,-18.0,4.0,-18.0,4.0,-18.0,4.0,-18.0,5.0,-18.0,5.0,-17.0,5.0,-18.0,6.0,-17.0,6.0,-17.0,7.0,-17.0,7.0,-17.0,7.0,-17.0,7.0,-16.0,7.0,-16.0,7.0,-16.0,7.0,-16.0,7.0,-15.0,7.0,-16.0,7.0,-15.0,7.0,-15.0,6.0,-15.0,6.0,-15.0,6.0,-14.0,6.0,-14.0,5.0,-14.0,5.0,-14.0
2.0118,122.0,-96.0,7.0,0.0,0.0,0.0,0.0,0.0,0.0,0.0,0.0,0.0,9.0,18.0,9.0,18.0,8.0,18.0,8.0,18.0,8.0,19.0,8.0,20.0,7.0,19.0,7.0,20.0,7.0,20.0,7.0,20.0,7.0,20.0,7.0,20.0,7.0,20.0,6.0,21.0,6.0,22.0,6.0,20.0,6.0,21.0,5.0,21.0,5.0,21.0,5.0,21.0,6.0,21.0,6.0,21.0,5.0,21.0,6.0,20.0,6.0,20.0,6.0,20.0
2.0248,122.0,-96.0,7.0,0.0,0.0,0.0,0.0,0.0,0.0,0.0,0.0,0.0,-15.0,2.0,-19.0,2.0,-22.0,2.0,-24.0,3.0,-25.0,2.0,-27.0,1.0,-26.0,1.0,-24.0,1.0,-22.0,0.0,-18.0,0.0,-14.0,0.0,-9.0,0.0,-4.0,0.0,1.0,0.0,6.0,-1.0,11.0,0.0,16.0,0.0,19.0,-1.0,23.0,0.0,25.0,0.0,26.0,0.0,27.0,0.0,25.0,0.0,23.0,-1.0,20.0,-1.0,16.0,-1.0
2.0401,122.0,-96.0,7.0,0.0,0.0,0.0,0.0,0.0,0.0,0.0,0.0,0.0,-10.0,-16.0,-9.0,-16.0,-9.0,-16.0,-9.0,-16.0,-8.0,-17.0,-8.0,-17.0,-7.0,-17.0,-7.0,-17.0,-7.0,-17.0,-7.0,-17.0,-7.0,-17.0,-6.0,-17.0,-6.0,-17.0,-6.0,-17.0,-5.0,-17.0,-6.0,-17.0,-5.0,-16.0,-5.0,-17.0,-5.0,-16.0,-5.0,-16.0,-5.0,-16.0,-5.0,-16.0,-5.0,-15.0,-5.0,-15.0,-6.0,-15.0,-6.0,-14.0
2.052,122.0,-96.0,7.0,0.0,0.0,0.0,0.0,0.0,0.0,0.0,0.0,0.0,16.0,11.0,16.0,11.0,15.0,11.0,15.0,11.0,16.0,12.0,16.0,13.0,16.0,13.0,15.0,13.0,16.0,13.0,15.0,13.0,16.0,13.0,15.0,13.0,15.0,13.0,15.0,14.0,15.0,15.0,15.0,13.0,15.0,15.0,15.0,15.0,15.0,15.0,15.0,14.0,15.0,15.0,15.0,14.0,15.0,15.0,15.0,14.0,15.0,13.0,15.0,13.0
2.0649,122.0,-96.0,7.0,0.0,0.0,0.0,0.0,0.0,0.0,0.0,0.0,0.0,23.0,-7.0,20.0,-5.0,14.0,-3.0,9.0,-3.0,4.0,-1.0,-2.0,0.0,-9.0,1.0,-14.0,2.0,-20.0,3.0,-24.0,4.0,-29.0,4.0,-31.0,5.0,-32.0,6.0,-33.0,5.0,-32.0,5.0,-29.0,4.0,-27.0,4.0,-22.0,3.0,-17.0,2.0,-11.0,1.0,-5.0,0.0,2.0,-1.0,8.0,-3.0,14.0,-4.0,19.0,-5.0,23.0,-7.0
2.0758,122.0,-96.0,7.0,0.0,0.0,0.0,0.0,0.0,0.0,0.0,0.0,0.0,10.0,8.0,10.0,9.0,10.0,8.0,10.0,9.0,10.0,9.0,10.0,9.0,10.0,9.0,10.0,10.0,10.0,10.0,10.0,10.0,10.0,10.0,10.0,10.0,10.0,10.0,10.0,10.0,10.0,11.0,10.0,10.0,10.0,11.0,10.0,11.0,10.0,11.0,10.0,10.0,10.0,10.0,10.0,10.0,10.0,11.0,9.0,10.0,10.0,10.0,10.0,10.0
2.0911,122.0,-96.0,7.0,0.0,0.0,0.0,0.0,0.0,0.0,0.0,0.0,0.0,10.0,23.0,10.0,25.0,10.0,25.0,10.0,24.0,9.0,22.0,7.0,20.0,6.0,16.0,4.0,11.0,2.0,7.0,-1.0,1.0,-3.0,-4.0,-5.0,-9.0,-7.0,-14.0,-9.0,-19.0,-10.0,-23.0,-12.0,-26.0,-13.0,-27.0,-13.0,-28.0,-13.0,-27.0,-12.0,-26.0,-11.0,-22.0,-10.0,-20.0,-8.0,-16.0,-5.0,-11.0,-3.0,-6.0,0.0,-1.0
2.1042,122.0,-96.0,7.0,0.0,0.0,0.0,0.0,0.0,0.0,0.0,0.0,0.0,6.0,-2.0,2.0,0.0,-4.0,1.0,-9.0,3.0,-14.0,5.0,-19.0,6.0,-22.0,7.0,-25.0,8.0,-27.0,9.0,-28.0,9.0,-28.0,10.0,-27.0,9.0,-25.0,8.0,-21.0,7.0,-17.0,5.0,-12.0,4.0,-7.0,2.0,-2.0,-1.0,4.0,-3.0,9.0,-5.0,13.0,-8.0,17.0,-10.0,21.0,-12.0,22.0,-14.0,24.0,-15.0,24.0,-15.0
2.1186,122.0,-96.0,7.0,0.0,0.0,0.0,0.0,0.0,0.0,0.0,0.0,0.0,6.0,10.0,8.0,14.0,10.0,18.0,12.0,22.0,13.0,25.0,15.0,28.0,14.0,28.0,14.0,28.0,13.0,27.0,12.0,23.0,10.0,20.0,7.0,15.0,4.0,10.0,1.0,4.0,-2.0,-1.0,-4.0,-7.0,-8.0,-13.0,-11.0,-17.0,-13.0,-22.0,-16.0,-25.0,-17.0,-27.0,-18.0,-28.0,-18.0,-28.0,-17.0,-26.0,-16.0,-23.0,-14.0,-20.0
2.1327,122.0,-96.0,7.0,0.0,0.0,0.0,0.0,0.0,0.0,0.0,0.0,0.0,17.0,-1.0,22.0,-1.0,27.0,-1.0,31.0,-1.0,34.0,0.0,36.0,0.0,35.0,0.0,34.0,1.0,32.0,1.0,27.0,1.0,22.0,1.0,16.0,0.0,9.0,0.0,2.0,0.0,-5.0,0.0,-12.0,-1.0,-20.0,-1.0,-25.0,0.0,-31.0,-1.0,-34.0,0.0,-37.0,0.0,-37.0,0.0,-37.0,0.0,-34.0,1.0,-30.0,1.0,-26.0,1.0
2.1452,122.0,-96.0,7.0,0.0,0.0,0.0,0.0,0.0,0.0,0.0,0.0,0.0,14.0,-14.0,15.0,-14.0,14.0,-14.0,14.0,-14.0,15.0,-14.0,16.0,-14.0,16.0,-14.0,16.0,-13.0,17.0,-13.0,17.0,-13.0,17.0,-13.0,17.0,-13.0,17.0,-13.0,18.0,-13.0,19.0,-13.0,18.0,-13.0,18.0,-13.0,18.0,-12.0,19.0,-13.0,18.0,-13.0,19.0,-13.0,18.0,-13.0,19.0,-12.0,18.0,-12.0,18.0,-13.0,18.0,-13.0
2.1578,122.0,-96.0,7.0,0.0,0.0,0.0,0.0,0.0,0.0,0.0,0.0,0.0,5.0,26.0,4.0,22.0,3.0,17.0,2.0,12.0,1.0,5.0,-1.0,-2.0,-2.0,-8.0,-3.0,-15.0,-3.0,-22.0,-4.0,-27.0,-4.0,-32.0,-5.0,-34.0,-5.0,-36.0,-5.0,-38.0,-5.0,-37.0,-4.0,-34.0,-4.0,-30.0,-3.0,-25.0,-2.0,-20.0,-2.0,-14.0,-1.0,-7.0,0.0,0.0,1.0,8.0,2.0,15.0,3.0,20.0,5.0,25.0
2.1706,122.0,-96.0,7.0,0.0,0.0,0.0,0.0,0.0,0.0,0.0,0.0,0.0,2.0,4.0,-2.0,-1.0,-5.0,-7.0,-8.0,-13.0,-11.0,-18.0,-13.0,-24.0,-15.0,-27.0,-17.0,-31.0,-18.0,-32.0,-17.0,-33.0,-17.0,-31.0,-16.0,-31.0,-14.0,-28.0,-12.0,-23.0,-9.0,-18.0,-7.0,-12.0,-3.0,-6.0,0.0,0.0,4.0,7.0,6.0,13.0,10.0,18.0,12.0,22.0,14.0,27.0,16.0,28.0,17.0,30.0,17.0,31.0
2.1862,122.0,-96.0,7.0,0.0,0.0,0.0,0.0,0.0,0.0,0.0,0.0,0.0,15.0,-15.0,16.0,-14.0,15.0,-14.0,17.0,-14.0,17.0,-13.0,17.0,-13.0,17.0,-12.0,18.0,-12.0,18.0,-12.0,18.0,-11.0,18.0,-11.0,17.0,-11.0,17.0,-11.0,18.0,-10.0,18.0,-10.0,17.0,-10.0,17.0,-10.0,17.0,-9.0,17.0,-9.0,16.0,-9.0,16.0,-9.0,16.0,-9.0,16.0,-9.0,15.0,-9.0,15.0,-9.0,14.0,-10.0
2.2021,122.0,-96.0,7.0,0.0,0.0,0.0,0.0,0.0,0.0,0.0,0.0,0.0,14.0,-13.0,14.0,-12.0,14.0,-12.0,15.0,-12.0,15.0,-12.0,15.0,-11.0,16.0,-11.0,16.0,-10.0,16.0,-10.0,16.0,-9.0,16.0,-10.0,16.0,-9.0,16.0,-9.0,16.0,-9.0,16.0,-8.0,16.0,-8.0,15.0,-8.0,16.0,-8.0,15.0,-7.0,15.0,-7.0,15.0,-7.0,14.0,-8.0,15.0,-7.0,14.0,-7.0,14.0,-8.0,13.0,-8.0
2.2148,122.0,-96.0,7.0,0.0,0.0,0.0,0.0,0.0,0.0,0.0,0.0,0.0,-26.0,9.0,-21.0,8.0,-17.0,6.0,-11.0,4.0,-5.0,1.0,1.0,-1.0,7.0,-3.0,14.0,-4.0,21.0,-6.0,25.0,-8.0,30.0,-8.0,33.0,-8.0,35.0,-9.0,36.0,-8.0,34.0,-8.0,31.0,-7.0,29.0,-6.0,24.0,-5.0,18.0,-4.0,12.0,-3.0,5.0,-1.0,-2.0,0.0,-9.0,1.0,-16.0,3.0,-21.0,4.0,-26.0,5.0
2.2299,122.0,-96.0,7.0,0.0,0.0,0.0,0.0,0.0,0.0,0.0,0.0,0.0,-25.0,25.0,-22.0,22.0,-19.0,19.0,-15.0,14.0,-11.0,10.0,-5.0,4.0,0.0,-1.0,7.0,-7.0,11.0,-12.0,17.0,-17.0,22.0,-21.0,26.0,-23.0,29.0,-26.0,31.0,-27.0,31.0,-28.0,30.0,-27.0,28.0,-25.0,25.0,-22.0,20.0,-18.0,15.0,-14.0,9.0,-8.0,4.0,-3.0,-4.0,3.0,-10.0,8.0,-15.0,13.0,-19.0,18.0
2.2432,122.0,-96.0,7.0,0.0,0.0,0.0,0.0,0.0,0.0,0.0,0.0,0.0,-25.0,-1.0,-27.0,-1.0,-28.0,-2.0,-28.0,-2.0,-26.0,-3.0,-24.0,-3.0,-20.0,-2.0,-15.0,-2.0,-11.0,-2.0,-5.0,-1.0,0.0,-1.0,6.0,0.0,12.0,0.0,17.0,1.0,22.0,2.0,25.0,3.0,27.0,3.0,29.0,3.0,29.0,3.0,28.0,3.0,25.0,2.0,22.0,2.0,18.0,1.0,13.0,1.0,8.0,1.0,2.0,0.0
2.2595,122.0,-96.0,7.0,0.0,0.0,0.0,0.0,0.0,0.0,0.0,0.0,0.0,11.0,-14.0,11.0,-14.0,11.0,-14.0,12.0,-14.0,12.0,-13.0,12.0,-13.0,13.0,-12.0,13.0,-12.0,13.0,-12.0,13.0,-12.0,13.0,-12.0,13.0,-11.0,13.0,-11.0,13.0,-11.0,13.0,-10.0,13.0,-10.0,13.0,-10.0,13.0,-10.0,13.0,-10.0,13.0,-9.0,12.0,-9.0,12.0,-10.0,12.0,-9.0,11.0,-9.0,11.0,-10.0,11.0,-10.0
2.2736,122.0,-96.0,7.0,0.0,0.0,0.0,0.0,0.0,0.0,0.0,0.0,0.0,-22.0,-8.0,-23.0,-9.0,-24.0,-9.0,-22.0,-9.0,-21.0,-9.0,-18.0,-8.0,-15.0,-7.0,-11.0,-5.0,-7.0,-4.0,-2.0,-1.0,2.0,0.0,7.0,2.0,11.0,4.0,16.0,6.0,19.0,8.0,22.0,9.0,23.0,9.0,24.0,10.0,23.0,9.0,23.0,9.0,20.0,7.0,17.0,6.0,14.0,5.0,9.0,4.0,5.0,2.0,0.0,1.0
2.2879,122.0,-96.0,7.0,0.0,0.0,0.0,0.0,0.0,0.0,0.0,0.0,0.0,18.0,-12.0,15.0,-10.0,11.0,-8.0,8.0,-6.0,3.0,-3.0,-1.0,0.0,-5.0,3.0,-10.0,6.0,-14.0,8.0,-18.0,11.0,-21.0,12.0,-23.0,13.0,-24.0,14.0,-26.0,14.0,-25.0,14.0,-22.0,13.0,-21.0,12.0,-17.0,10.0,-14.0,7.0,-9.0,5.0,-5.0,1.0,0.0,-2.0,4.0,-5.0,9.0,-8.0,13.0,-11.0,15.0,-14.0
2.3037,122.0,-96.0,7.0,0.0,0.0,0.0,0.0,0.0,0.0,0.0,0.0,0.0,-13.0,-10.0,-13.0,-10.0,-13.0,-10.0,-13.0,-11.0,-13.0,-11.0,-12.0,-12.0,-12.0,-12.0,-12.0,-12.0,-12.0,-12.0,-12.0,-13.0,-11.0,-13.0,-11.0,-12.0,-11.0,-12.0,-11.0,-13.0,-10.0,-13.0,-10.0,-13.0,-10.0,-12.0,-10.0,-13.0,-10.0,-12.0,-10.0,-12.0,-9.0,-12.0,-10.0,-11.0,-10.0,-11.0,-10.0,-11.0,-9.0,-11.0,-9.0,-10.0
2.3187,122.0,-96.0,7.0,0.0,0.0,0.0,0.0,0.0,0.0,0.0,0.0,0.0,-7.0,-22.0,-7.0,-23.0,-7.0,-24.0,-7.0,-23.0,-6.0,-22.0,-5.0,-20.0,-4.0,-16.0,-4.0,-12.0,-2.0,-8.0,-1.0,-3.0,0.0,2.0,2.0,6.0,3.0,11.0,3.0,16.0,4.0,20.0,4.0,23.0,5.0,24.0,5.0,25.0,5.0,24.0,5.0,24.0,5.0,21.0,4.0,18.0,3.0,15.0,2.0,10.0,1.0,5.0,-1.0,1.0
2.3333,122.0,-96.0,7.0,0.0,0.0,0.0,0.0,0.0,0.0,0.0,0.0,0.0,7.0,-21.0,8.0,-20.0,9.0,-20.0,9.0,-20.0,10.0,-20.0,10.0,-19.0,11.0,-19.0,11.0,-19.0,12.0,-19.0,12.0,-19.0,12.0,-19.0,12.0,-18.0,12.0,-18.0,13.0,-18.0,13.0,-17.0,13.0,-17.0,12.0,-17.0,13.0,-17.0,12.0,-16.0,12.0,-16.0,12.0,-15.0,12.0,-16.0,12.0,-16.0,11.0,-15.0,10.0,-15.0,10.0,-15.0
2.3463,122.0,-96.0,7.0,0.0,0.0,0.0,0.0,0.0,0.0,0.0,0.0,0.0,24.0,2.0,22.0,2.0,19.0,2.0,15.0,1.0,11.0,1.0,5.0,0.0,1.0,0.0,-6.0,-1.0,-11.0,-2.0,-15.0,-3.0,-20.0,-4.0,-24.0,-4.0,-26.0,-4.0,-29.0,-6.0,-29.0,-5.0,-28.0,-6.0,-27.0,-5.0,-24.0,-5.0,-20.0,-4.0,-16.0,-3.0,-10.0,-2.0,-4.0,-1.0,1.0,-1.0,7.0,0.0,12.0,0.0,16.0,0.0
2.3613,122.0,-96.0,7.0,0.0,0.0,0.0,0.0,0.0,0.0,0.0,0.0,0.0,-25.0,-2.0,-27.0,-3.0,-28.0,-3.0,-26.0,-2.0,-25.0,-3.0,-22.0,-3.0,-19.0,-3.0,-14.0,-2.0,-9.0,-2.0,-4.0,-1.0,1.0,-1.0,7.0,0.0,12.0,0.0,17.0,1.0,22.0,2.0,25.0,3.0,27.0,2.0,28.0,3.0,28.0,2.0,27.0,2.0,24.0,1.0,21.0,1.0,17.0,1.0,12.0,1.0,7.0,0.0,1.0,0.0
2.3743,122.0,-96.0,7.0,0.0,0.0,0.0,0.0,0.0,0.0,0.0,0.0,0.0,1.0,-10.0,1.0,-14.0,2.0,-18.0,3.0,-21.0,4.0,-25.0,4.0,-27.0,5.0,-28.0,6.0,-28.0,6.0,-27.0,5.0,-24.0,4.0,-20.0,3.0,-16.0,2.0,-11.0,0.0,-6.0,0.0,-1.0,-2.0,5.0,-3.0,11.0,-3.0,16.0,-5.0,20.0,-5.0,23.0,-6.0,26.0,-6.0,27.0,-6.0,28.0,-5.0,26.0,-4.0,24.0,-4.0,21.0
2.3897,122.0,-96.0,7.0,0.0,0.0,0.0,0.0,0.0,0.0,0.0,0.0,0.0,-16.0,-4.0,-17.0,-4.0,-16.0,-4.0,-17.0,-5.0,-16.0,-5.0,-17.0,-6.0,-16.0,-6.0,-16.0,-6.0,-16.0,-7.0,-15.0,-7.0,-15.0,-7.0,-15.0,-7.0,-15.0,-8.0,-15.0,-8.0,-15.0,-8.0,-14.0,-8.0,-14.0,-8.0,-14.0,-8.0,-14.0,-8.0,-13.0,-7.0,-14.0,-7.0,-13.0,-7.0,-13.0,-7.0,-13.0,-7.0,-13.0,-7.0,-13.0,-7.0
2.4051,122.0,-96.0,7.0,0.0,0.0,0.0,0.0,0.0,0.0,0.0,0.0,0.0,0.0,23.0,0.0,25.0,-1.0,27.0,-1.0,26.0,-1.0,25.0,-1.0,23.0,-1.0,21.0,-1.0,16.0,-1.0,12.0,-1.0,6.0,-1.0,1.0,-1.0,-5.0,-1.0,-11.0,-1.0,-16.0,-1.0,-21.0,-1.0,-25.0,-2.0,-27.0,-2.0,-29.0,-2.0,-29.0,-2.0,-29.0,-3.0,-26.0,-2.0,-24.0,-2.0,-20.0,-1.0,-15.0,-1.0,-10.0,0.0,-4.0
2.42,122.0,-96.0,7.0,0.0,0.0,0.0,0.0,0.0,0.0,0.0,0.0,0.0,0.0,14.0,-1.0,8.0,-1.0,1.0,-1.0,-5.0,-1.0,-12.0,-1.0,-19.0,-2.0,-24.0,-2.0,-29.0,-2.0,-32.0,-2.0,-35.0,-2.0,-36.0,-2.0,-36.0,-2.0,-35.0,-3.0,-31.0,-2.0,-27.0,-2.0,-20.0,-2.0,-14.0,-1.0,-7.0,1.0,0.0,1.0,7.0,3.0,13.0,5.0,18.0,6.0,25.0,7.0,28.0,8.0,31.0,9.0,33.0
2.4333,122.0,-96.0,7.0,0.0,0.0,0.0,0.0,0.0,0.0,0.0,0.0,0.0,-24.0,14.0,-24.0,13.0,-25.0,14.0,-25.0,13.0,-26.0,13.0,-26.0,13.0,-27.0,13.0,-27.0,12.0,-28.0,12.0,-28.0,12.0,-28.0,12.0,-29.0,12.0,-29.0,12.0,-30.0,11.0,-30.0,11.0,-29.0,11.0,-30.0,11.0,-30.0,10.0,-30.0,11.0,-29.0,11.0,-30.0,11.0,-30.0,10.0,-30.0,10.0,-30.0,10.0,-29.0,10.0,-29.0,10.0
2.4469,122.0,-96.0,7.0,0.0,0.0,0.0,0.0,0.0,0.0,0.0,0.0,0.0,-21.0,6.0,-23.0,6.0,-24.0,7.0,-23.0,7.0,-23.0,6.0,-21.0,6.0,-19.0,5.0,-15.0,4.0,-11.0,2.0,-6.0,1.0,-2.0,-1.0,3.0,-2.0,8.0,-4.0,13.0,-6.0,16.0,-7.0,20.0,-8.0,22.0,-10.0,24.0,-10.0,23.0,-11.0,23.0,-11.0,21.0,-10.0,19.0,-10.0,16.0,-8.0,12.0,-6.0,7.0,-4.0,3.0,-1.0
2.4602,122.0,-96.0,7.0,0.0,0.0,0.0,0.0,0.0,0.0,0.0,0.0,0.0,0.0,-23.0,1.0,-23.0,0.0,-23.0,1.0,-23.0,1.0,-24.0,2.0,-24.0,2.0,-24.0,3.0,-24.0,3.0,-25.0,3.0,-25.0,3.0,-25.0,3.0,-25.0,4.0,-25.0,4.0,-25.0,4.0,-26.0,4.0,-25.0,5.0,-25.0,5.0,-26.0,5.0,-26.0,5.0,-25.0,5.0,-26.0,5.0,-26.0,6.0,-26.0,5.0,-25.0,4.0,-25.0,4.0,-25.0
2.4733,122.0,-96.0,7.0,0.0,0.0,0.0,0.0,0.0,0.0,0.0,0.0,0.0,-17.0,-9.0,-10.0,-6.0,-2.0,-2.0,6.0,2.0,14.0,6.0,22.0,9.0,28.0,13.0,34.0,16.0,39.0,18.0,41.0,19.0,43.0,19.0,43.0,19.0,41.0,18.0,37.0,15.0,31.0,13.0,24.0,10.0,16.0,7.0,8.0,4.0,-2.0,1.0,-10.0,-2.0,-19.0,-3.0,-27.0,-6.0,-34.0,-7.0,-39.0,-7.0,-43.0,-7.0,-45.0,-7.0
2.4867,122.0,-96.0,7.0,0.0,0.0,0.0,0.0,0.0,0.0,0.0,0.0,0.0,11.0,1.0,16.0,1.0,19.0,1.0,23.0,2.0,25.0,2.0,28.0,2.0,28.0,2.0,27.0,2.0,26.0,2.0,22.0,2.0,19.0,1.0,14.0,1.0,9.0,1.0,3.0,0.0,-3.0,0.0,-8.0,0.0,-14.0,0.0,-18.0,0.0,-23.0,1.0,-26.0,1.0,-29.0,2.0,-29.0,1.0,-29.0,2.0,-27.0,2.0,-24.0,2.0,-21.0,2.0
2.5005,122.0,-96.0,7.0,0.0,0.0,0.0,0.0,0.0,0.0,0.0,0.0,0.0,1.0,14.0,1.0,15.0,1.0,14.0,0.0,15.0,0.0,15.0,0.0,16.0,0.0,16.0,0.0,16.0,-1.0,16.0,-1.0,16.0,-1.0,16.0,0.0,16.0,-1.0,16.0,-1.0,16.0,-1.0,17.0,-1.0,16.0,-2.0,17.0,-2.0,16.0,-2.0,16.0,-2.0,16.0,-2.0,16.0,-1.0,16.0,-2.0,16.0,-2.0,16.0,-1.0,16.0,-1.0,16.0
2.5133,122.0,-96.0,7.0,0.0,0.0,0.0,0.0,0.0,0.0,0.0,0.0,0.0,-6.0,-8.0,-3.0,-4.0,1.0,1.0,5.0,5.0,9.0,9.0,14.0,13.0,16.0,16.0,20.0,19.0,21.0,20.0,23.0,21.0,23.0,21.0,23.0,21.0,21.0,20.0,19.0,16.0,16.0,14.0,11.0,10.0,7.0,6.0,1.0,2.0,-4.0,-1.0,-9.0,-5.0,-15.0,-7.0,-19.0,-9.0,-23.0,-12.0,-26.0,-12.0,-28.0,-13.0,-29.0,-13.0
2.5268,122.0,-96.0,7.0,0.0,0.0,0.0,0.0,0.0,0.0,0.0,0.0,0.0,-12.0,18.0,-13.0,18.0,-13.0,17.0,-13.0,17.0,-13.0,17.0,-14.0,17.0,-14.0,16.0,-15.0,16.0,-15.0,15.0,-15.0,15.0,-15.0,15.0,-15.0,15.0,-15.0,15.0,-16.0,14.0,-16.0,14.0,-15.0,14.0,-15.0,14.0,-15.0,13.0,-15.0,13.0,-14.0,13.0,-14.0,13.0,-14.0,12.0,-14.0,13.0,-13.0,13.0,-13.0,13.0,-12.0,13.0
2.5449,122.0,-96.0,7.0,0.0,0.0,0.0,0.0,0.0,0.0,0.0,0.0,0.0,1.0,11.0,1.0,16.0,2.0,19.0,2.0,23.0,2.0,25.0,3.0,27.0,2.0,27.0,2.0,27.0,2.0,25.0,2.0,22.0,2.0,18.0,1.0,13.0,0.0,8.0,-1.0,3.0,-3.0,-3.0,-4.0,-8.0,-6.0,-13.0,-7.0,-17.0,-8.0,-21.0,-10.0,-24.0,-11.0,-26.0,-12.0,-27.0,-12.0,-26.0,-12.0,-24.0,-11.0,-21.0,-10.0,-19.0
2.5565,122.0,-96.0,7.0,0.0,0.0,0.0,0.0,0.0,0.0,0.0,0.0,0.0,16.0,-13.0,18.0,-14.0,19.0,-14.0,19.0,-15.0,18.0,-14.0,16.0,-13.0,14.0,-11.0,11.0,-9.0,9.0,-6.0,4.0,-3.0,1.0,0.0,-2.0,3.0,-6.0,7.0,-10.0,10.0,-13.0,13.0,-15.0,15.0,-17.0,17.0,-18.0,18.0,-17.0,19.0,-17.0,18.0,-15.0,17.0,-14.0,15.0,-11.0,13.0,-9.0,9.0,-6.0,6.0,-3.0,1.0
2.5707,122.0,-96.0,7.0,0.0,0.0,0.0,0.0,0.0,0.0,0.0,0.0,0.0,-13.0,10.0,-14.0,10.0,-14.0,9.0,-15.0,10.0,-15.0,8.0,-15.0,9.0,-15.0,8.0,-16.0,8.0,-15.0,8.0,-15.0,7.0,-15.0,7.0,-16.0,7.0,-16.0,7.0,-16.0,7.0,-16.0,6.0,-15.0,6.0,-15.0,6.0,-15.0,6.0,-15.0,6.0,-14.0,6.0,-15.0,6.0,-14.0,6.0,-14.0,6.0,-14.0,6.0,-13.0,6.0,-13.0,6.0
2.5845,122.0,-96.0,7.0,0.0,0.0,0.0,0.0,0.0,0.0,0.0,0.0,0.0,16.0,17.0,17.0,18.0,17.0,19.0,17.0,18.0,16.0,17.0,14.0,15.0,12.0,13.0,9.0,9.0,5.0,7.0,1.0,3.0,-3.0,0.0,-7.0,-4.0,-11.0,-7.0,-15.0,-11.0,-18.0,-14.0,-20.0,-16.0,-22.0,-16.0,-23.0,-17.0,-23.0,-17.0,-22.0,-16.0,-21.0,-14.0,-18.0,-13.0,-15.0,-10.0,-11.0,-8.0,-6.0,-5.0,-1.0,-3.0
2.5985,122.0,-96.0,7.0,0.0,0.0,0.0,0.0,0.0,0.0,0.0,0.0,0.0,-15.0,-19.0,-13.0,-17.0,-11.0,-14.0,-9.0,-11.0,-6.0,-8.0,-2.0,-4.0,1.0,0.0,5.0,4.0,9.0,7.0,12.0,10.0,15.0,14.0,17.0,15.0,19.0,16.0,20.0,18.0,21.0,18.0,20.0,17.0,19.0,16.0,16.0,14.0,13.0,11.0,10.0,8.0,6.0,5.0,1.0,2.0,-4.0,0.0,-9.0,-3.0,-13.0,-5.0,-17.0,-6.0
2.6124,122.0,-96.0,7.0,0.0,0.0,0.0,0.0,0.0,0.0,0.0,0.0,0.0,7.0,11.0,10.0,16.0,13.0,19.0,14.0,23.0,17.0,26.0,18.0,28.0,17.0,28.0,17.0,29.0,16.0,27.0,15.0,24.0,12.0,19.0,10.0,15.0,6.0,10.0,2.0,4.0,-3.0,-1.0,-7.0,-7.0,-11.0,-12.0,-15.0,-16.0,-19.0,-20.0,-21.0,-23.0,-23.0,-25.0,-24.0,-26.0,-25.0,-25.0,-24.0,-23.0,-22.0,-20.0,-19.0,-18.0
2.6274,122.0,-96.0,7.0,0.0,0.0,0.0,0.0,0.0,0.0,0.0,0.0,0.0,-24.0,-7.0,-24.0,-7.0,-25.0,-7.0,-24.0,-7.0,-26.0,-8.0,-26.0,-9.0,-26.0,-9.0,-26.0,-9.0,-26.0,-9.0,-26.0,-10.0,-26.0,-10.0,-26.0,-11.0,-26.0,-11.0,-26.0,-11.0,-26.0,-12.0,-26.0,-11.0,-26.0,-12.0,-27.0,-13.0,-26.0,-12.0,-26.0,-12.0,-27.0,-13.0,-26.0,-12.0,-27.0,-13.0,-26.0,-12.0,-26.0,-11.0,-25.0,-11.0
2.641,122.0,-96.0,7.0,0.0,0.0,0.0,0.0,0.0,0.0,0.0,0.0,0.0,10.0,3.0,14.0,5.0,18.0,6.0,21.0,7.0,23.0,8.0,25.0,9.0,25.0,9.0,25.0,9.0,24.0,9.0,21.0,7.0,17.0,6.0,13.0,4.0,8.0,3.0,3.0,1.0,-2.0,0.0,-8.0,-1.0,-13.0,-2.0,-18.0,-3.0,-22.0,-3.0,-25.0,-3.0,-27.0,-4.0,-29.0,-3.0,-28.0,-3.0,-27.0,-2.0,-24.0,-1.0,-21.0,-1.0
2.6532,122.0,-96.0,7.0,0.0,0.0,0.0,0.0,0.0,0.0,0.0,0.0,0.0,16.0,0.0,16.0,0.0,16.0,1.0,16.0,1.0,16.0,2.0,17.0,2.0,16.0,3.0,16.0,3.0,16.0,3.0,16.0,3.0,16.0,3.0,15.0,3.0,16.0,4.0,16.0,4.0,15.0,4.0,15.0,4.0,15.0,5.0,15.0,5.0,15.0,5.0,14.0,5.0,14.0,4.0,14.0,4.0,14.0,4.0,14.0,4.0,13.0,3.0,13.0,3.0
2.6652,122.0,-96.0,7.0,0.0,0.0,0.0,0.0,0.0,0.0,0.0,0.0,0.0,-13.0,32.0,-12.0,29.0,-10.0,26.0,-9.0,22.0,-7.0,15.0,-4.0,8.0,-2.0,1.0,0.0,-6.0,2.0,-14.0,3.0,-20.0,5.0,-27.0,6.0,-32.0,6.0,-36.0,7.0,-39.0,7.0,-41.0,6.0,-39.0,6.0,-38.0,5.0,-34.0,4.0,-29.0,3.0,-22.0,2.0,-16.0,2.0,-8.0,2.0,1.0,3.0,8.0,3.0,15.0,4.0,22.0
2.6773,122.0,-96.0,7.0,0.0,0.0,0.0,0.0,0.0,0.0,0.0,0.0,0.0,13.0,-3.0,13.0,-3.0,13.0,-3.0,13.0,-3.0,13.0,-2.0,14.0,-2.0,14.0,-3.0,14.0,-2.0,14.0,-2.0,14.0,-2.0,14.0,-2.0,14.0,-2.0,14.0,-2.0,14.0,-1.0,15.0,-1.0,14.0,-1.0,15.0,-1.0,14.0,-1.0,15.0,-1.0,14.0,-1.0,15.0,-1.0,14.0,-2.0,14.0,-1.0,14.0,-1.0,14.0,-2.0,14.0,-2.0
2.6912,122.0,-96.0,7.0,0.0,0.0,0.0,0.0,0.0,0.0,0.0,0.0,0.0,-7.0,-24.0,-8.0,-26.0,-7.0,-26.0,-8.0,-26.0,-7.0,-24.0,-7.0,-22.0,-6.0,-19.0,-4.0,-14.0,-3.0,-10.0,-1.0,-5.0,1.0,0.0,3.0,5.0,6.0,10.0,8.0,15.0,10.0,19.0,12.0,22.0,13.0,24.0,14.0,24.0,14.0,24.0,14.0,23.0,13.0,20.0,11.0,18.0,9.0,15.0,6.0,11.0,3.0,7.0,0.0,2.0
2.705,122.0,-96.0,7.0,0.0,0.0,0.0,0.0,0.0,0.0,0.0,0.0,0.0,-14.0,8.0,-14.0,8.0,-14.0,8.0,-14.0,8.0,-15.0,8.0,-15.0,7.0,-15.0,7.0,-15.0,7.0,-15.0,6.0,-15.0,6.0,-16.0,6.0,-15.0,5.0,-15.0,5.0,-16.0,5.0,-15.0,4.0,-15.0,4.0,-14.0,4.0,-15.0,4.0,-15.0,4.0,-14.0,5.0,-14.0,4.0,-14.0,4.0,-14.0,4.0,-13.0,4.0,-14.0,4.0,-13.0,4.0
2.7196,122.0,-96.0,7.0,0.0,0.0,0.0,0.0,0.0,0.0,0.0,0.0,0.0,-15.0,-15.0,-17.0,-17.0,-18.0,-18.0,-17.0,-17.0,-17.0,-17.0,-16.0,-16.0,-14.0,-14.0,-11.0,-11.0,-8.0,-9.0,-4.0,-5.0,-1.0,-2.0,3.0,1.0,7.0,4.0,11.0,7.0,14.0,10.0,18.0,12.0,20.0,13.0,21.0,14.0,21.0,13.0,22.0,13.0,20.0,11.0,18.0,10.0,15.0,9.0,11.0,7.0,7.0,4.0,2.0,2.0
2.7363,122.0,-96.0,7.0,0.0,0.0,0.0,0.0,0.0,0.0,0.0,0.0,0.0,-14.0,-17.0,-14.0,-18.0,-13.0,-17.0,-14.0,-19.0,-12.0,-18.0,-13.0,-19.0,-12.0,-19.0,-12.0,-19.0,-11.0,-20.0,-10.0,-19.0,-11.0,-20.0,-10.0,-20.0,-10.0,-19.0,-10.0,-19.0,-9.0,-20.0,-9.0,-19.0,-9.0,-19.0,-9.0,-19.0,-8.0,-19.0,-8.0,-18.0,-8.0,-18.0,-8.0,-18.0,-8.0,-18.0,-9.0,-17.0,-9.0,-17.0,-9.0,-16.0
2.7519,122.0,-96.0,7.0,0.0,0.0,0.0,0.0,0.0,0.0,0.0,0.0,0.0,-25.0,-6.0,-25.0,-7.0,-26.0,-7.0,-25.0,-7.0,-26.0,-8.0,-26.0,-9.0,-26.0,-9.0,-26.0,-10.0,-26.0,-10.0,-27.0,-10.0,-26.0,-10.0,-27.0,-11.0,-27.0,-11.0,-27.0,-11.0,-27.0,-12.0,-27.0,-11.0,-27.0,-12.0,-27.0,-13.0,-27.0,-12.0,-27.0,-12.0,-28.0,-13.0,-27.0,-12.0,-27.0,-13.0,-27.0,-12.0,-26.0,-12.0,-26.0,-11.0
2.7639,122.0,-96.0,7.0,0.0,0.0,0.0,0.0,0.0,0.0,0.0,0.0,0.0,15.0,18.0,13.0,15.0,10.0,12.0,6.0,9.0,3.0,4.0,-2.0,0.0,-6.0,-3.0,-11.0,-8.0,-14.0,-12.0,-18.0,-15.0,-21.0,-17.0,-24.0,-19.0,-26.0,-20.0,-27.0,-21.0,-26.0,-19.0,-24.0,-18.0,-22.0,-16.0,-19.0,-14.0,-15.0,-11.0,-10.0,-8.0,-4.0,-5.0,1.0,-2.0,7.0,0.0,13.0,3.0,17.0,4.0,22.0,5.0
2.7818,122.0,-96.0,7.0,0.0,0.0,0.0,0.0,0.0,0.0,0.0,0.0,0.0,-1.0,7.0,-2.0,3.0,-2.0,-3.0,-3.0,-8.0,-3.0,-13.0,-4.0,-18.0,-5.0,-22.0,-5.0,-26.0,-7.0,-27.0,-7.0,-28.0,-7.0,-28.0,-7.0,-27.0,-7.0,-26.0,-6.0,-22.0,-5.0,-18.0,-4.0,-13.0,-2.0,-8.0,1.0,-3.0,3.0,2.0,6.0,7.0,9.0,11.0,11.0,14.0,14.0,19.0,16.0,20.0,17.0,21.0,18.0,21.0
2.7928,122.0,-96.0,7.0,0.0,0.0,0.0,0.0,0.0,0.0,0.0,0.0,0.0,4.0,-3.0,1.0,1.0,-3.0,6.0,-6.0,10.0,-9.0,15.0,-12.0,19.0,-13.0,22.0,-15.0,25.0,-15.0,27.0,-16.0,28.0,-15.0,27.0,-14.0,26.0,-13.0,24.0,-10.0,20.0,-9.0,15.0,-6.0,11.0,-4.0,4.0,-3.0,-2.0,-1.0,-8.0,0.0,-14.0,0.0,-19.0,-1.0,-23.0,1.0,-28.0,-1.0,-30.0,-1.0,-31.0,-1.0,-32.0
2.8063,122.0,-96.0,7.0,0.0,0.0,0.0,0.0,0.0,0.0,0.0,0.0,0.0,1.0,23.0,0.0,26.0,0.0,27.0,0.0,26.0,0.0,26.0,0.0,23.0,0.0,20.0,0.0,15.0,-1.0,11.0,-2.0,6.0,-3.0,0.0,-4.0,-5.0,-5.0,-11.0,-6.0,-16.0,-7.0,-21.0,-8.0,-25.0,-9.0,-26.0,-10.0,-28.0,-11.0,-28.0,-10.0,-27.0,-11.0,-24.0,-9.0,-22.0,-8.0,-18.0,-5.0,-14.0,-3.0,-9.0,0.0,-4.0
2.8205,122.0,-96.0,7.0,0.0,0.0,0.0,0.0,0.0,0.0,0.0,0.0,0.0,21.0,23.0,19.0,20.0,17.0,17.0,13.0,14.0,8.0,10.0,3.0,5.0,-2.0,2.0,-7.0,-3.0,-12.0,-7.0,-18.0,-11.0,-22.0,-14.0,-26.0,-16.0,-30.0,-17.0,-32.0,-20.0,-32.0,-19.0,-31.0,-18.0,-30.0,-17.0,-27.0,-15.0,-22.0,-12.0,-17.0,-9.0,-11.0,-7.0,-4.0,-5.0,3.0,-2.0,10.0,-1.0,16.0,1.0,22.0,1.0
2.8347,122.0,-96.0,7.0,0.0,0.0,0.0,0.0,0.0,0.0,0.0,0.0,0.0,1.0,12.0,1.0,17.0,1.0,21.0,1.0,24.0,2.0,26.0,1.0,28.0,1.0,28.0,1.0,27.0,0.0,25.0,1.0,22.0,1.0,18.0,0.0,13.0,-1.0,8.0,-1.0,2.0,-3.0,-3.0,-4.0,-9.0,-6.0,-15.0,-8.0,-19.0,-9.0,-23.0,-10.0,-25.0,-11.0,-27.0,-12.0,-28.0,-12.0,-27.0,-12.0,-24.0,-11.0,-21.0,-10.0,-18.0
2.8495,122.0,-96.0,7.0,0.0,0.0,0.0,0.0,0.0,0.0,0.0,0.0,0.0,-11.0,6.0,-14.0,8.0,-17.0,9.0,-20.0,10.0,-22.0,12.0,-23.0,12.0,-23.0,12.0,-23.0,11.0,-21.0,11.0,-18.0,9.0,-15.0,7.0,-11.0,5.0,-7.0,3.0,-3.0,-1.0,1.0,-4.0,5.0,-7.0,9.0,-10.0,12.0,-13.0,14.0,-15.0,16.0,-18.0,17.0,-19.0,18.0,-20.0,17.0,-20.0,15.0,-19.0,13.0,-17.0,11.0,-14.0
2.8633,122.0,-96.0,7.0,0.0,0.0,0.0,0.0,0.0,0.0,0.0,0.0,0.0,0.0,-10.0,1.0,-15.0,2.0,-19.0,2.0,-23.0,3.0,-26.0,3.0,-28.0,3.0,-29.0,3.0,-29.0,3.0,-27.0,2.0,-24.0,2.0,-21.0,1.0,-16.0,1.0,-11.0,1.0,-5.0,2.0,0.0,1.0,6.0,2.0,12.0,3.0,16.0,4.0,21.0,5.0,24.0,6.0,27.0,7.0,28.0,7.0,28.0,7.0,25.0,7.0,23.0,6.0,20.0
2.8764,122.0,-96.0,7.0,0.0,0.0,0.0,0.0,0.0,0.0,0.0,0.0,0.0,-23.0,-6.0,-24.0,-7.0,-24.0,-7.0,-24.0,-7.0,-22.0,-6.0,-20.0,-6.0,-16.0,-5.0,-12.0,-4.0,-8.0,-3.0,-3.0,-2.0,2.0,-2.0,7.0,-2.0,12.0,-1.0,17.0,0.0,21.0,0.0,23.0,0.0,25.0,0.0,26.0,0.0,25.0,-1.0,24.0,-1.0,22.0,-2.0,19.0,-2.0,15.0,-1.0,11.0,0.0,6.0,0.0,1.0,1.0
2.8915,122.0,-96.0,7.0,0.0,0.0,0.0,0.0,0.0,0.0,0.0,0.0,0.0,-21.0,-4.0,-21.0,-5.0,-21.0,-5.0,-20.0,-5.0,-21.0,-6.0,-20.0,-7.0,-20.0,-7.0,-20.0,-8.0,-19.0,-8.0,-20.0,-8.0,-20.0,-8.0,-19.0,-8.0,-19.0,-8.0,-19.0,-9.0,-19.0,-10.0,-18.0,-9.0,-18.0,-9.0,-18.0,-10.0,-17.0,-9.0,-17.0,-9.0,-17.0,-9.0,-17.0,-9.0,-17.0,-9.0,-17.0,-8.0,-16.0,-8.0,-16.0,-7.0
2.9029,122.0,-96.0,7.0,0.0,0.0,0.0,0.0,0.0,0.0,0.0,0.0,0.0,-11.0,-8.0,-7.0,-6.0,0.0,-3.0,5.0,0.0,12.0,2.0,18.0,4.0,23.0,5.0,28.0,6.0,32.0,6.0,34.0,7.0,34.0,7.0,34.0,7.0,33.0,7.0,29.0,5.0,25.0,4.0,18.0,2.0,12.0,2.0,5.0,2.0,-2.0,2.0,-9.0,3.0,-15.0,5.0,-20.0,7.0,-27.0,7.0,-29.0,9.0,-32.0,10.0,-33.0,12.0
2.9158,122.0,-96.0,7.0,0.0,0.0,0.0,0.0,0.0,0.0,0.0,0.0,0.0,-19.0,-17.0,-17.0,-16.0,-15.0,-13.0,-12.0,-11.0,-9.0,-8.0,-5.0,-5.0,0.0,-3.0,5.0,1.0,10.0,3.0,14.0,5.0,18.0,7.0,21.0,8.0,24.0,8.0,26.0,10.0,27.0,9.0,26.0,9.0,25.0,8.0,22.0,7.0,18.0,5.0,14.0,4.0,9.0,3.0,3.0,2.0,-2.0,2.0,-8.0,2.0,-13.0,2.0,-17.0,3.0
2.9294,122.0,-96.0,7.0,0.0,0.0,0.0,0.0,0.0,0.0,0.0,0.0,0.0,-7.0,3.0,-2.0,-2.0,2.0,-6.0,6.0,-11.0,10.0,-16.0,14.0,-20.0,16.0,-24.0,18.0,-27.0,19.0,-29.0,19.0,-30.0,18.0,-29.0,17.0,-28.0,16.0,-26.0,13.0,-23.0,10.0,-18.0,7.0,-13.0,4.0,-6.0,2.0,0.0,0.0,7.0,-2.0,13.0,-3.0,19.0,-3.0,23.0,-4.0,29.0,-3.0,31.0,-2.0,33.0,-2.0,34.0
2.9435,122.0,-96.0,7.0,0.0,0.0,0.0,0.0,0.0,0.0,0.0,0.0,0.0,22.0,1.0,22.0,2.0,22.0,2.0,22.0,2.0,23.0,4.0,23.0,4.0,22.0,4.0,22.0,5.0,22.0,5.0,22.0,6.0,22.0,6.0,21.0,6.0,21.0,6.0,21.0,7.0,20.0,7.0,20.0,7.0,20.0,7.0,20.0,7.0,19.0,6.0,19.0,6.0,19.0,6.0,18.0,5.0,19.0,5.0,18.0,6.0,18.0,5.0,18.0,4.0
2.9579,122.0,-96.0,7.0,0.0,0.0,0.0,0.0,0.0,0.0,0.0,0.0,0.0,-17.0,-26.0,-18.0,-28.0,-18.0,-28.0,-18.0,-28.0,-17.0,-26.0,-15.0,-24.0,-13.0,-20.0,-10.0,-15.0,-6.0,-11.0,-2.0,-5.0,3.0,-1.0,7.0,4.0,12.0,9.0,16.0,14.0,21.0,18.0,23.0,20.0,26.0,22.0,27.0,21.0,28.0,21.0,27.0,20.0,25.0,17.0,22.0,15.0,17.0,12.0,12.0,9.0,7.0,6.0,0.0,3.0
2.9741,122.0,-96.0,7.0,0.0,0.0,0.0,0.0,0.0,0.0,0.0,0.0,0.0,-20.0,-7.0,-20.0,-7.0,-20.0,-8.0,-20.0,-8.0,-19.0,-9.0,-20.0,-10.0,-19.0,-10.0,-19.0,-10.0,-18.0,-11.0,-18.0,-11.0,-18.0,-11.0,-18.0,-11.0,-17.0,-11.0,-18.0,-12.0,-17.0,-12.0,-17.0,-11.0,-17.0,-12.0,-16.0,-12.0,-16.0,-12.0,-16.0,-12.0,-16.0,-11.0,-16.0,-11.0,-15.0,-11.0,-15.0,-11.0,-15.0,-10.0,-15.0,-10.0
2.9879,122.0,-96.0,7.0,0.0,0.0,0.0,0.0,0.0,0.0,0.0,0.0,0.0,-2.0,-14.0,-1.0,-9.0,1.0,-2.0,2.0,4.0,5.0,10.0,8.0,16.0,10.0,20.0,12.0,25.0,15.0,27.0,16.0,29.0,17.0,30.0,17.0,30.0,17.0,28.0,16.0,24.0,13.0,21.0,10.0,15.0,7.0,11.0,2.0,6.0,-3.0,1.0,-8.0,-3.0,-14.0,-7.0,-19.0,-10.0,-23.0,-13.0,-27.0,-14.0,-29.0,-15.0,-31.0,-15.0
3.0011,122.0,-96.0,7.0,0.0,0.0,0.0,0.0,0.0,0.0,0.0,0.0,0.0,2.0,16.0,2.0,17.0,1.0,17.0,1.0,17.0,0.0,17.0,0.0,18.0,-1.0,17.0,-1.0,17.0,-1.0,17.0,-2.0,17.0,-2.0,17.0,-2.0,17.0,-2.0,17.0,-3.0,17.0,-3.0,16.0,-3.0,16.0,-3.0,16.0,-3.0,16.0,-4.0,16.0,-3.0,16.0,-4.0,15.0,-3.0,15.0,-3.0,15.0,-3.0,15.0,-3.0,14.0,-3.0,14.0
3.0144,122.0,-96.0,7.0,0.0,0.0,0.0,0.0,0.0,0.0,0.0,0.0,0.0,-12.0,0.0,-18.0,-1.0,-23.0,-1.0,-27.0,-1.0,-32.0,-1.0,-34.0,-1.0,-35.0,-1.0,-36.0,-1.0,-34.0,-1.0,-31.0,0.0,-27.0,0.0,-21.0,0.0,-15.0,-1.0,-8.0,-1.0,-2.0,-3.0,5.0,-4.0,13.0,-6.0,18.0,-8.0,23.0,-10.0,27.0,-12.0,30.0,-14.0,31.0,-15.0,32.0,-16.0,29.0,-16.0,26.0,-15.0,23.0,-13.0
3.0285,122.0,-96.0,7.0,0.0,0.0,0.0,0.0,0.0,0.0,0.0,0.0,0.0,-16.0,7.0,-17.0,7.0,-17.0,7.0,-17.0,6.0,-17.0,6.0,-18.0,5.0,-17.0,5.0,-18.0,5.0,-18.0,5.0,-18.0,4.0,-18.0,4.0,-18.0,3.0,-18.0,3.0,-18.0,3.0,-18.0,3.0,-17.0,3.0,-17.0,3.0,-17.0,3.0,-17.0,2.0,-16.0,3.0,-16.0,3.0,-16.0,3.0,-16.0,3.0,-16.0,3.0,-15.0,3.0,-15.0,3.0
3.043,122.0,-96.0,7.0,0.0,0.0,0.0,0.0,0.0,0.0,0.0,0.0,0.0,-4.0,12.0,-6.0,16.0,-7.0,20.0,-9.0,24.0,-9.0,26.0,-10.0,29.0,-10.0,29.0,-10.0,28.0,-9.0,27.0,-7.0,23.0,-6.0,20.0,-5.0,15.0,-4.0,9.0,-3.0,3.0,-3.0,-3.0,-2.0,-8.0,-2.0,-15.0,-2.0,-20.0,-2.0,-24.0,-3.0,-28.0,-3.0,-30.0,-4.0,-32.0,-5.0,-31.0,-5.0,-29.0,-6.0,-26.0,-5.0,-23.0
3.0575,122.0,-96.0,7.0,0.0,0.0,0.0,0.0,0.0,0.0,0.0,0.0,0.0,-3.0,-14.0,-4.0,-20.0,-5.0,-25.0,-5.0,-28.0,-6.0,-32.0,-6.0,-34.0,-7.0,-34.0,-6.0,-34.0,-6.0,-32.0,-6.0,-28.0,-6.0,-24.0,-4.0,-18.0,-2.0,-12.0,0.0,-6.0,3.0,1.0,5.0,7.0,8.0,13.0,12.0,18.0,14.0,22.0,16.0,26.0,18.0,28.0,19.0,28.0,20.0,28.0,19.0,25.0,18.0,23.0,16.0,20.0
3.0716,122.0,-96.0,7.0,0.0,0.0,0.0,0.0,0.0,0.0,0.0,0.0,0.0,-25.0,-13.0,-23.0,-11.0,-21.0,-10.0,-17.0,-8.0,-12.0,-6.0,-7.0,-5.0,-2.0,-3.0,5.0,-1.0,10.0,0.0,16.0,1.0,21.0,2.0,24.0,2.0,28.0,1.0,31.0,2.0,31.0,1.0,31.0,1.0,29.0,0.0,26.0,0.0,22.0,-1.0,17.0,-1.0,11.0,0.0,5.0,1.0,-1.0,3.0,-6.0,5.0,-12.0,6.0,-16.0,9.0
3.0849,122.0,-96.0,7.0,0.0,0.0,0.0,0.0,0.0,0.0,0.0,0.0,0.0,12.0,-8.0,16.0,-10.0,21.0,-13.0,24.0,-14.0,27.0,-17.0,29.0,-18.0,29.0,-18.0,29.0,-18.0,27.0,-17.0,23.0,-16.0,19.0,-13.0,14.0,-10.0,10.0,-6.0,4.0,-2.0,0.0,3.0,-6.0,7.0,-11.0,12.0,-14.0,17.0,-17.0,21.0,-19.0,24.0,-20.0,27.0,-20.0,28.0,-20.0,29.0,-18.0,27.0,-16.0,25.0,-14.0,21.0
3.099,122.0,-96.0,7.0,0.0,0.0,0.0,0.0,0.0,0.0,0.0,0.0,0.0,-15.0,6.0,-15.0,6.0,-16.0,5.0,-16.0,5.0,-16.0,5.0,-16.0,4.0,-16.0,4.0,-16.0,4.0,-16.0,3.0,-16.0,3.0,-16.0,3.0,-16.0,3.0,-16.0,3.0,-16.0,2.0,-16.0,2.0,-16.0,2.0,-15.0,2.0,-16.0,1.0,-16.0,2.0,-15.0,2.0,-15.0,2.0,-14.0,2.0,-15.0,2.0,-14.0,2.0,-14.0,3.0,-14.0,2.0
3.1132,122.0,-96.0,7.0,0.0,0.0,0.0,0.0,0.0,0.0,0.0,0.0,0.0,-10.0,4.0,-15.0,5.0,-20.0,7.0,-24.0,8.0,-28.0,10.0,-30.0,11.0,-32.0,12.0,-32.0,11.0,-30.0,11.0,-28.0,11.0,-24.0,10.0,-19.0,8.0,-14.0,5.0,-8.0,2.0,-3.0,-2.0,3.0,-5.0,9.0,-9.0,13.0,-14.0,17.0,-17.0,20.0,-20.0,23.0,-23.0,23.0,-24.0,24.0,-25.0,21.0,-24.0,19.0,-23.0,17.0,-20.0
3.1258,122.0,-96.0,7.0,0.0,0.0,0.0,0.0,0.0,0.0,0.0,0.0,0.0,10.0,-3.0,14.0,-3.0,18.0,-4.0,20.0,-5.0,23.0,-6.0,25.0,-6.0,25.0,-6.0,25.0,-6.0,23.0,-6.0,21.0,-6.0,17.0,-5.0,13.0,-4.0,8.0,-2.0,3.0,-1.0,-1.0,2.0,-6.0,4.0,-11.0,6.0,-14.0,9.0,-18.0,11.0,-20.0,13.0,-22.0,15.0,-22.0,16.0,-22.0,16.0,-20.0,15.0,-18.0,14.0,-15.0,12.0
3.1387,122.0,-96.0,7.0,0.0,0.0,0.0,0.0,0.0,0.0,0.0,0.0,0.0,-7.0,3.0,-2.0,-1.0,3.0,-5.0,8.0,-9.0,13.0,-14.0,17.0,-18.0,20.0,-22.0,23.0,-25.0,23.0,-27.0,25.0,-29.0,23.0,-29.0,23.0,-28.0,21.0,-26.0,17.0,-23.0,14.0,-18.0,9.0,-14.0,6.0,-7.0,3.0,-1.0,-1.0,6.0,-3.0,13.0,-5.0,19.0,-5.0,24.0,-8.0,30.0,-7.0,33.0,-7.0,34.0,-7.0,36.0
3.1511,122.0,-96.0,7.0,0.0,0.0,0.0,0.0,0.0,0.0,0.0,0.0,0.0,-12.0,4.0,-6.0,1.0,0.0,-3.0,6.0,-6.0,13.0,-10.0,18.0,-14.0,22.0,-17.0,26.0,-20.0,28.0,-23.0,30.0,-24.0,29.0,-25.0,29.0,-25.0,27.0,-24.0,23.0,-22.0,20.0,-19.0,14.0,-14.0,9.0,-8.0,5.0,-3.0,0.0,3.0,-4.0,10.0,-8.0,17.0,-10.0,22.0,-13.0,27.0,-13.0,31.0,-14.0,34.0,-14.0,35.0
3.1632,122.0,-96.0,7.0,0.0,0.0,0.0,0.0,0.0,0.0,0.0,0.0,0.0,-10.0,9.0,-5.0,3.0,-1.0,-3.0,4.0,-9.0,8.0,-17.0,11.0,-23.0,14.0,-29.0,16.0,-34.0,17.0,-38.0,19.0,-40.0,18.0,-40.0,18.0,-40.0,16.0,-38.0,13.0,-34.0,11.0,-28.0,8.0,-21.0,5.0,-13.0,4.0,-6.0,2.0,3.0,1.0,12.0,1.0,20.0,1.0,26.0,1.0,34.0,2.0,38.0,3.0,40.0,4.0,42.0
3.1753,122.0,-96.0,7.0,0.0,0.0,0.0,0.0,0.0,0.0,0.0,0.0,0.0,-13.0,6.0,-9.0,3.0,-3.0,0.0,2.0,-4.0,7.0,-8.0,11.0,-12.0,14.0,-16.0,18.0,-19.0,20.0,-23.0,22.0,-25.0,22.0,-25.0,22.0,-26.0,21.0,-25.0,18.0,-23.0,15.0,-20.0,11.0,-16.0,8.0,-11.0,5.0,-6.0,2.0,0.0,-1.0,6.0,-2.0,13.0,-3.0,18.0,-6.0,23.0,-6.0,27.0,-5.0,30.0,-5.0,32.0
3.1888,122.0,-96.0,7.0,0.0,0.0,0.0,0.0,0.0,0.0,0.0,0.0,0.0,-9.0,17.0,-10.0,19.0,-11.0,21.0,-10.0,21.0,-10.0,20.0,-9.0,19.0,-8.0,16.0,-7.0,12.0,-5.0,9.0,-4.0,5.0,-3.0,1.0,-1.0,-4.0,0.0,-9.0,1.0,-14.0,2.0,-18.0,2.0,-21.0,2.0,-23.0,2.0,-25.0,2.0,-25.0,1.0,-25.0,0.0,-23.0,0.0,-21.0,0.0,-18.0,0.0,-14.0,0.0,-9.0,1.0,-5.0
3.2027,122.0,-96.0,7.0,0.0,0.0,0.0,0.0,0.0,0.0,0.0,0.0,0.0,8.0,0.0,12.0,2.0,16.0,2.0,19.0,3.0,23.0,3.0,25.0,4.0,26.0,4.0,26.0,4.0,25.0,4.0,23.0,3.0,20.0,2.0,16.0,1.0,11.0,1.0,6.0,1.0,1.0,2.0,-5.0,2.0,-10.0,2.0,-15.0,3.0,-19.0,4.0,-23.0,5.0,-26.0,6.0,-27.0,7.0,-27.0,7.0,-25.0,8.0,-23.0,8.0,-20.0,7.0
3.216,122.0,-96.0,7.0,0.0,0.0,0.0,0.0,0.0,0.0,0.0,0.0,0.0,15.0,-4.0,16.0,-3.0,16.0,-4.0,16.0,-3.0,16.0,-3.0,16.0,-2.0,16.0,-2.0,16.0,-1.0,16.0,-1.0,16.0,-1.0,16.0,0.0,16.0,0.0,16.0,0.0,16.0,1.0,16.0,0.0,15.0,0.0,15.0,1.0,16.0,1.0,15.0,1.0,15.0,1.0,14.0,0.0,14.0,0.0,14.0,1.0,14.0,1.0,14.0,0.0,14.0,0.0
3.2317,122.0,-96.0,7.0,0.0,0.0,0.0,0.0,0.0,0.0,0.0,0.0,0.0,-18.0,-7.0,-18.0,-7.0,-18.0,-7.0,-18.0,-8.0,-18.0,-9.0,-18.0,-9.0,-17.0,-9.0,-17.0,-10.0,-17.0,-10.0,-17.0,-10.0,-17.0,-10.0,-17.0,-10.0,-16.0,-10.0,-16.0,-11.0,-16.0,-11.0,-15.0,-10.0,-16.0,-10.0,-15.0,-11.0,-15.0,-10.0,-15.0,-10.0,-15.0,-10.0,-15.0,-10.0,-14.0,-10.0,-14.0,-9.0,-14.0,-9.0,-14.0,-8.0
3.2455,122.0,-96.0,7.0,0.0,0.0,0.0,0.0,0.0,0.0,0.0,0.0,0.0,19.0,-6.0,22.0,-7.0,23.0,-7.0,22.0,-7.0,22.0,-7.0,20.0,-7.0,18.0,-6.0,14.0,-5.0,11.0,-3.0,6.0,-1.0,2.0,1.0,-3.0,3.0,-7.0,6.0,-11.0,8.0,-15.0,11.0,-18.0,13.0,-19.0,14.0,-20.0,16.0,-19.0,16.0,-19.0,16.0,-17.0,16.0,-15.0,14.0,-13.0,12.0,-10.0,9.0,-7.0,5.0,-4.0,1.0
3.2586,122.0,-96.0,7.0,0.0,0.0,0.0,0.0,0.0,0.0,0.0,0.0,0.0,-21.0,21.0,-18.0,18.0,-15.0,16.0,-12.0,12.0,-9.0,8.0,-5.0,2.0,-2.0,-3.0,2.0,-9.0,4.0,-15.0,7.0,-20.0,9.0,-25.0,10.0,-29.0,10.0,-32.0,11.0,-34.0,10.0,-34.0,8.0,-33.0,7.0,-31.0,7.0,-28.0,5.0,-23.0,4.0,-17.0,3.0,-11.0,3.0,-4.0,3.0,3.0,4.0,10.0,5.0,16.0,7.0,20.0
3.271,102.0,96.0,6.0,0.0,0.0,0.0,0.0,0.0,0.0,0.0,0.0,0.0,10.0,-1.0,15.0,-2.0,18.0,-2.0,22.0,-2.0,24.0,-3.0,26.0,-3.0,26.0,-3.0,26.0,-3.0,25.0,-3.0,21.0,-3.0,18.0,-3.0,13.0,-2.0,9.0,-1.0,3.0,0.0,-1.0,2.0,-6.0,4.0,-12.0,5.0,-15.0,8.0,-19.0,10.0,-21.0,11.0,-23.0,13.0,-24.0,14.0,-24.0,14.0,-22.0,14.0,-19.0,13.0,-17.0,11.0
3.2841,122.0,-96.0,7.0,0.0,0.0,0.0,0.0,0.0,0.0,0.0,0.0,0.0,8.0,10.0,10.0,13.0,12.0,16.0,13.0,18.0,15.0,19.0,16.0,21.0,16.0,20.0,16.0,19.0,15.0,18.0,13.0,15.0,10.0,12.0,7.0,8.0,3.0,5.0,-1.0,1.0,-5.0,-1.0,-9.0,-5.0,-13.0,-7.0,-17.0,-9.0,-21.0,-11.0,-23.0,-12.0,-25.0,-12.0,-26.0,-12.0,-25.0,-11.0,-24.0,-10.0,-21.0,-8.0,-18.0,-7.0
3.299,122.0,-96.0,7.0,0.0,0.0,0.0,0.0,0.0,0.0,0.0,0.0,0.0,-6.0,-16.0,-5.0,-16.0,-5.0,-16.0,-4.0,-16.0,-4.0,-17.0,-3.0,-17.0,-3.0,-16.0,-3.0,-17.0,-2.0,-17.0,-2.0,-17.0,-2.0,-17.0,-1.0,-17.0,-1.0,-17.0,-1.0,-17.0,-1.0,-16.0,-1.0,-16.0,0.0,-16.0,0.0,-16.0,0.0,-16.0,0.0,-15.0,-1.0,-15.0,-1.0,-15.0,0.0,-15.0,0.0,-14.0,-1.0,-14.0,-1.0,-14.0
3.3123,122.0,-96.0,7.0,0.0,0.0,0.0,0.0,0.0,0.0,0.0,0.0,0.0,-3.0,17.0,-3.0,22.0,-4.0,26.0,-4.0,30.0,-4.0,32.0,-4.0,33.0,-3.0,33.0,-3.0,32.0,-3.0,29.0,-2.0,25.0,-2.0,20.0,-2.0,14.0,-2.0,8.0,-2.0,1.0,-3.0,-6.0,-4.0,-12.0,-5.0,-19.0,-7.0,-24.0,-9.0,-28.0,-10.0,-31.0,-11.0,-33.0,-12.0,-34.0,-12.0,-32.0,-12.0,-30.0,-11.0,-26.0,-9.0,-22.0
3.3253,122.0,-96.0,7.0,0.0,0.0,0.0,0.0,0.0,0.0,0.0,0.0,0.0,-19.0,26.0,-16.0,24.0,-13.0,20.0,-11.0,15.0,-7.0,9.0,-5.0,3.0,-2.0,-3.0,2.0,-10.0,4.0,-17.0,6.0,-23.0,8.0,-29.0,9.0,-33.0,9.0,-36.0,10.0,-39.0,9.0,-39.0,7.0,-37.0,7.0,-35.0,5.0,-31.0,5.0,-26.0,3.0,-19.0,3.0,-12.0,3.0,-4.0,3.0,4.0,4.0,11.0,4.0,18.0,6.0,23.0
3.3408,122.0,-96.0,7.0,0.0,0.0,0.0,0.0,0.0,0.0,0.0,0.0,0.0,-13.0,18.0,-14.0,18.0,-14.0,18.0,-14.0,18.0,-15.0,18.0,-16.0,18.0,-15.0,18.0,-16.0,18.0,-16.0,18.0,-16.0,18.0,-16.0,17.0,-17.0,18.0,-17.0,18.0,-17.0,18.0,-18.0,18.0,-17.0,17.0,-18.0,18.0,-18.0,17.0,-18.0,17.0,-18.0,17.0,-18.0,17.0,-18.0,17.0,-18.0,17.0,-17.0,17.0,-16.0,17.0,-16.0,17.0
3.3536,122.0,-96.0,7.0,0.0,0.0,0.0,0.0,0.0,0.0,0.0,0.0,0.0,5.0,13.0,7.0,17.0,8.0,21.0,8.0,24.0,10.0,25.0,10.0,27.0,10.0,27.0,9.0,26.0,9.0,24.0,8.0,20.0,6.0,16.0,4.0,11.0,1.0,6.0,-1.0,1.0,-5.0,-3.0,-7.0,-8.0,-11.0,-13.0,-14.0,-16.0,-16.0,-19.0,-18.0,-22.0,-20.0,-23.0,-20.0,-23.0,-20.0,-22.0,-19.0,-20.0,-18.0,-17.0,-15.0,-14.0
3.3673,122.0,-96.0,7.0,0.0,0.0,0.0,0.0,0.0,0.0,0.0,0.0,0.0,2.0,-6.0,1.0,-1.0,1.0,4.0,1.0,10.0,1.0,15.0,2.0,20.0,3.0,23.0,3.0,27.0,4.0,28.0,4.0,30.0,5.0,29.0,5.0,27.0,4.0,25.0,4.0,21.0,3.0,17.0,2.0,12.0,0.0,7.0,-2.0,2.0,-5.0,-4.0,-8.0,-9.0,-11.0,-13.0,-14.0,-15.0,-16.0,-20.0,-18.0,-21.0,-20.0,-21.0,-20.0,-21.0
3.382,122.0,-96.0,7.0,0.0,0.0,0.0,0.0,0.0,0.0,0.0,0.0,0.0,5.0,-4.0,2.0,0.0,-2.0,5.0,-5.0,9.0,-8.0,13.0,-10.0,17.0,-11.0,21.0,-13.0,24.0,-12.0,26.0,-14.0,27.0,-13.0,26.0,-12.0,26.0,-11.0,24.0,-9.0,20.0,-8.0,16.0,-5.0,12.0,-4.0,6.0,-3.0,0.0,-3.0,-6.0,-3.0,-12.0,-3.0,-17.0,-5.0,-21.0,-4.0,-26.0,-6.0,-27.0,-7.0,-29.0,-7.0,-29.0
3.3949,122.0,-96.0,7.0,0.0,0.0,0.0,0.0,0.0,0.0,0.0,0.0,0.0,-24.0,16.0,-21.0,15.0,-18.0,13.0,-14.0,10.0,-10.0,6.0,-5.0,1.0,-1.0,-3.0,4.0,-8.0,7.0,-13.0,11.0,-18.0,14.0,-22.0,16.0,-25.0,16.0,-28.0,18.0,-30.0,17.0,-30.0,15.0,-30.0,14.0,-28.0,12.0,-25.0,10.0,-21.0,8.0,-15.0,5.0,-9.0,4.0,-3.0,2.0,4.0,1.0,10.0,1.0,16.0,1.0,21.0
3.4093,122.0,-96.0,7.0,0.0,0.0,0.0,0.0,0.0,0.0,0.0,0.0,0.0,13.0,9.0,13.0,10.0,12.0,10.0,13.0,11.0,12.0,11.0,12.0,11.0,12.0,12.0,11.0,12.0,11.0,12.0,11.0,12.0,11.0,12.0,11.0,12.0,11.0,12.0,11.0,12.0,10.0,13.0,9.0,12.0,10.0,12.0,9.0,12.0,9.0,12.0,9.0,12.0,9.0,11.0,9.0,11.0,9.0,11.0,9.0,11.0,9.0,10.0,9.0,10.0
3.4227,122.0,-96.0,7.0,0.0,0.0,0.0,0.0,0.0,0.0,0.0,0.0,0.0,-18.0,16.0,-19.0,17.0,-20.0,18.0,-19.0,17.0,-18.0,16.0,-16.0,14.0,-13.0,12.0,-10.0,9.0,-8.0,5.0,-4.0,1.0,-2.0,-3.0,1.0,-8.0,4.0,-12.0,7.0,-16.0,9.0,-20.0,10.0,-23.0,10.0,-25.0,11.0,-26.0,10.0,-26.0,9.0,-26.0,7.0,-23.0,6.0,-20.0,5.0,-17.0,4.0,-12.0,3.0,-7.0,2.0,-2.0
3.437,122.0,-96.0,7.0,0.0,0.0,0.0,0.0,0.0,0.0,0.0,0.0,0.0,2.0,-33.0,1.0,-29.0,1.0,-25.0,1.0,-19.0,1.0,-12.0,1.0,-5.0,2.0,2.0,3.0,10.0,4.0,17.0,6.0,23.0,6.0,28.0,8.0,32.0,9.0,35.0,10.0,38.0,11.0,37.0,11.0,35.0,11.0,33.0,9.0,29.0,7.0,23.0,5.0,17.0,2.0,11.0,-2.0,4.0,-6.0,-3.0,-11.0,-9.0,-15.0,-14.0,-19.0,-18.0
3.4541,122.0,-96.0,7.0,0.0,0.0,0.0,0.0,0.0,0.0,0.0,0.0,0.0,-8.0,-16.0,-7.0,-16.0,-7.0,-16.0,-7.0,-17.0,-6.0,-17.0,-6.0,-17.0,-6.0,-17.0,-5.0,-17.0,-5.0,-18.0,-5.0,-18.0,-4.0,-17.0,-4.0,-17.0,-4.0,-17.0,-3.0,-17.0,-3.0,-17.0,-3.0,-17.0,-2.0,-16.0,-2.0,-17.0,-3.0,-17.0,-3.0,-16.0,-3.0,-16.0,-3.0,-16.0,-3.0,-16.0,-2.0,-15.0,-3.0,-15.0,-3.0,-15.0
3.467,122.0,-96.0,7.0,0.0,0.0,0.0,0.0,0.0,0.0,0.0,0.0,0.0,6.0,-12.0,9.0,-16.0,11.0,-19.0,13.0,-22.0,15.0,-25.0,16.0,-26.0,16.0,-26.0,16.0,-26.0,15.0,-25.0,12.0,-22.0,10.0,-18.0,7.0,-14.0,5.0,-9.0,2.0,-3.0,0.0,2.0,-2.0,8.0,-4.0,14.0,-5.0,18.0,-7.0,23.0,-7.0,26.0,-7.0,29.0,-8.0,30.0,-6.0,30.0,-5.0,28.0,-4.0,25.0,-4.0,22.0
3.4824,122.0,-96.0,7.0,0.0,0.0,0.0,0.0,0.0,0.0,0.0,0.0,0.0,4.0,-16.0,5.0,-16.0,4.0,-16.0,5.0,-16.0,6.0,-16.0,6.0,-16.0,6.0,-16.0,7.0,-15.0,7.0,-15.0,7.0,-15.0,7.0,-15.0,8.0,-15.0,8.0,-15.0,8.0,-14.0,8.0,-14.0,8.0,-14.0,8.0,-14.0,8.0,-14.0,8.0,-14.0,8.0,-14.0,8.0,-13.0,7.0,-13.0,7.0,-13.0,7.0,-13.0,7.0,-13.0,7.0,-13.0
3.4992,122.0,-96.0,7.0,0.0,0.0,0.0,0.0,0.0,0.0,0.0,0.0,0.0,9.0,-13.0,10.0,-13.0,10.0,-12.0,11.0,-12.0,11.0,-12.0,11.0,-12.0,11.0,-12.0,11.0,-12.0,12.0,-11.0,12.0,-11.0,12.0,-11.0,12.0,-10.0,12.0,-10.0,13.0,-10.0,13.0,-10.0,12.0,-9.0,12.0,-9.0,12.0,-9.0,12.0,-9.0,12.0,-9.0,12.0,-9.0,11.0,-9.0,12.0,-9.0,11.0,-9.0,11.0,-8.0,11.0,-9.0
3.5127,122.0,-96.0,7.0,0.0,0.0,0.0,0.0,0.0,0.0,0.0,0.0,0.0,9.0,2.0,3.0,2.0,-3.0,1.0,-10.0,1.0,-16.0,1.0,-22.0,2.0,-26.0,3.0,-31.0,3.0,-33.0,5.0,-35.0,4.0,-34.0,5.0,-34.0,5.0,-32.0,5.0,-27.0,5.0,-23.0,4.0,-17.0,4.0,-10.0,1.0,-5.0,-1.0,2.0,-4.0,8.0,-8.0,12.0,-12.0,16.0,-15.0,21.0,-18.0,22.0,-20.0,24.0,-22.0,24.0,-24.0
3.5275,122.0,-96.0,7.0,0.0,0.0,0.0,0.0,0.0,0.0,0.0,0.0,0.0,15.0,0.0,8.0,1.0,1.0,2.0,-5.0,2.0,-13.0,4.0,-19.0,6.0,-25.0,9.0,-30.0,10.0,-33.0,13.0,-36.0,14.0,-36.0,15.0,-35.0,16.0,-33.0,16.0,-29.0,15.0,-25.0,12.0,-20.0,10.0,-13.0,6.0,-8.0,2.0,-2.0,-3.0,4.0,-9.0,7.0,-14.0,11.0,-20.0,15.0,-25.0,16.0,-28.0,17.0,-31.0,17.0,-33.0
3.541,122.0,-96.0,7.0,0.0,0.0,0.0,0.0,0.0,0.0,0.0,0.0,0.0,13.0,19.0,14.0,21.0,14.0,21.0,13.0,19.0,12.0,18.0,11.0,15.0,9.0,13.0,5.0,8.0,2.0,6.0,-2.0,2.0,-5.0,-1.0,-9.0,-4.0,-13.0,-7.0,-17.0,-9.0,-21.0,-12.0,-23.0,-13.0,-25.0,-12.0,-26.0,-13.0,-25.0,-11.0,-24.0,-11.0,-22.0,-8.0,-19.0,-8.0,-15.0,-6.0,-11.0,-5.0,-5.0,-4.0,0.0,-4.0
3.5555,122.0,-96.0,7.0,0.0,0.0,0.0,0.0,0.0,0.0,0.0,0.0,0.0,-11.0,36.0,-9.0,31.0,-8.0,27.0,-6.0,20.0,-6.0,13.0,-4.0,4.0,-5.0,-4.0,-4.0,-13.0,-5.0,-20.0,-6.0,-28.0,-8.0,-34.0,-9.0,-39.0,-11.0,-43.0,-12.0,-45.0,-13.0,-43.0,-15.0,-42.0,-14.0,-38.0,-12.0,-35.0,-10.0,-28.0,-7.0,-21.0,-3.0,-14.0,2.0,-8.0,8.0,1.0,14.0,6.0,18.0,12.0,24.0,15.0
3.569,122.0,-96.0,7.0,0.0,0.0,0.0,0.0,0.0,0.0,0.0,0.0,0.0,-14.0,-18.0,-13.0,-16.0,-11.0,-13.0,-8.0,-10.0,-5.0,-8.0,-2.0,-4.0,2.0,-1.0,6.0,2.0,11.0,5.0,15.0,6.0,18.0,9.0,21.0,9.0,23.0,10.0,25.0,10.0,25.0,9.0,24.0,8.0,22.0,7.0,20.0,6.0,16.0,5.0,12.0,4.0,7.0,3.0,2.0,3.0,-4.0,3.0,-9.0,3.0,-13.0,4.0,-17.0,5.0
3.583,122.0,-96.0,7.0,0.0,0.0,0.0,0.0,0.0,0.0,0.0,0.0,0.0,-23.0,-3.0,-24.0,-4.0,-23.0,-4.0,-24.0,-5.0,-23.0,-5.0,-24.0,-6.0,-23.0,-7.0,-23.0,-8.0,-22.0,-8.0,-22.0,-8.0,-22.0,-8.0,-22.0,-8.0,-22.0,-8.0,-22.0,-9.0,-21.0,-10.0,-20.0,-9.0,-21.0,-10.0,-20.0,-9.0,-20.0,-9.0,-19.0,-9.0,-19.0,-9.0,-19.0,-9.0,-19.0,-8.0,-18.0,-8.0,-18.0,-7.0,-18.0,-7.0
3.5984,122.0,-96.0,7.0,0.0,0.0,0.0,0.0,0.0,0.0,0.0,0.0,0.0,4.0,24.0,4.0,21.0,3.0,18.0,2.0,13.0,1.0,9.0,-1.0,3.0,-4.0,-1.0,-6.0,-7.0,-9.0,-11.0,-12.0,-15.0,-15.0,-18.0,-17.0,-21.0,-19.0,-22.0,-21.0,-24.0,-21.0,-23.0,-21.0,-21.0,-20.0,-19.0,-18.0,-17.0,-15.0,-14.0,-11.0,-11.0,-6.0,-8.0,-1.0,-5.0,4.0,-3.0,10.0,0.0,15.0,1.0,19.0,1.0
3.6151,122.0,-96.0,7.0,0.0,0.0,0.0,0.0,0.0,0.0,0.0,0.0,0.0,14.0,-26.0,11.0,-23.0,9.0,-18.0,7.0,-13.0,4.0,-7.0,3.0,0.0,1.0,6.0,-1.0,13.0,-2.0,20.0,-2.0,25.0,-3.0,31.0,-2.0,34.0,-2.0,36.0,-1.0,39.0,0.0,38.0,1.0,35.0,1.0,33.0,0.0,28.0,0.0,22.0,0.0,15.0,-2.0,8.0,-5.0,1.0,-7.0,-6.0,-10.0,-13.0,-13.0,-17.0,-17.0,-21.0
3.6248,122.0,-96.0,7.0,0.0,0.0,0.0,0.0,0.0,0.0,0.0,0.0,0.0,-15.0,-18.0,-14.0,-16.0,-11.0,-12.0,-8.0,-9.0,-4.0,-6.0,0.0,-3.0,5.0,0.0,9.0,3.0,14.0,6.0,18.0,7.0,22.0,9.0,25.0,9.0,27.0,9.0,28.0,10.0,28.0,9.0,26.0,7.0,24.0,6.0,21.0,6.0,17.0,4.0,12.0,4.0,6.0,3.0,0.0,3.0,-6.0,4.0,-12.0,4.0,-16.0,5.0,-19.0,7.0
3.6386,122.0,-96.0,7.0,0.0,0.0,0.0,0.0,0.0,0.0,0.0,0.0,0.0,16.0,13.0,16.0,14.0,16.0,14.0,16.0,14.0,15.0,15.0,15.0,15.0,14.0,16.0,14.0,16.0,13.0,16.0,14.0,16.0,14.0,16.0,13.0,16.0,13.0,16.0,13.0,17.0,12.0,17.0,12.0,17.0,12.0,16.0,11.0,16.0,11.0,16.0,11.0,16.0,11.0,16.0,11.0,15.0,11.0,15.0,11.0,14.0,11.0,14.0,11.0,13.0
3.6521,122.0,-96.0,7.0,0.0,0.0,0.0,0.0,0.0,0.0,0.0,0.0,0.0,2.0,-27.0,1.0,-23.0,1.0,-19.0,1.0,-14.0,2.0,-8.0,3.0,-2.0,5.0,3.0,6.0,10.0,9.0,15.0,11.0,20.0,13.0,24.0,15.0,26.0,17.0,28.0,19.0,29.0,19.0,27.0,19.0,25.0,18.0,23.0,15.0,20.0,12.0,16.0,8.0,11.0,3.0,7.0,-3.0,4.0,-9.0,1.0,-15.0,-2.0,-20.0,-3.0,-24.0,-3.0
3.6653,122.0,-96.0,7.0,0.0,0.0,0.0,0.0,0.0,0.0,0.0,0.0,0.0,-11.0,-18.0,-12.0,-19.0,-13.0,-21.0,-14.0,-20.0,-13.0,-19.0,-12.0,-18.0,-11.0,-16.0,-9.0,-12.0,-6.0,-10.0,-3.0,-6.0,1.0,-4.0,5.0,-1.0,9.0,2.0,13.0,5.0,16.0,7.0,19.0,9.0,21.0,9.0,23.0,9.0,23.0,8.0,23.0,8.0,21.0,6.0,19.0,5.0,16.0,5.0,12.0,4.0,7.0,3.0,2.0,3.0
3.6803,122.0,-96.0,7.0,0.0,0.0,0.0,0.0,0.0,0.0,0.0,0.0,0.0,-21.0,-9.0,-21.0,-9.0,-20.0,-9.0,-21.0,-10.0,-20.0,-10.0,-21.0,-11.0,-20.0,-11.0,-20.0,-11.0,-19.0,-11.0,-19.0,-12.0,-19.0,-13.0,-19.0,-13.0,-18.0,-13.0,-18.0,-13.0,-18.0,-13.0,-18.0,-12.0,-18.0,-13.0,-17.0,-13.0,-17.0,-13.0,-17.0,-12.0,-17.0,-12.0,-17.0,-11.0,-16.0,-11.0,-16.0,-12.0,-16.0,-11.0,-16.0,-10.0
3.694,122.0,-96.0,7.0,0.0,0.0,0.0,0.0,0.0,0.0,0.0,0.0,0.0,8.0,21.0,9.0,24.0,9.0,24.0,9.0,24.0,9.0,23.0,8.0,21.0,7.0,18.0,5.0,14.0,3.0,10.0,1.0,6.0,-2.0,2.0,-6.0,-3.0,-9.0,-7.0,-13.0,-11.0,-15.0,-15.0,-18.0,-17.0,-20.0,-18.0,-22.0,-19.0,-22.0,-19.0,-22.0,-18.0,-20.0,-16.0,-18.0,-14.0,-15.0,-12.0,-11.0,-10.0,-7.0,-7.0,-2.0,-4.0
3.7073,122.0,-96.0,7.0,0.0,0.0,0.0,0.0,0.0,0.0,0.0,0.0,0.0,9.0,-3.0,14.0,-4.0,19.0,-4.0,22.0,-5.0,26.0,-6.0,28.0,-6.0,29.0,-7.0,29.0,-7.0,28.0,-7.0,25.0,-7.0,21.0,-6.0,16.0,-5.0,11.0,-3.0,6.0,-1.0,1.0,3.0,-5.0,5.0,-10.0,8.0,-14.0,12.0,-18.0,14.0,-21.0,17.0,-23.0,19.0,-23.0,21.0,-24.0,21.0,-21.0,20.0,-19.0,19.0,-16.0,16.0
3.724,122.0,-96.0,7.0,0.0,0.0,0.0,0.0,0.0,0.0,0.0,0.0,0.0,-16.0,-9.0,-16.0,-10.0,-16.0,-10.0,-16.0,-11.0,-15.0,-11.0,-15.0,-11.0,-15.0,-11.0,-14.0,-12.0,-14.0,-12.0,-14.0,-13.0,-14.0,-12.0,-14.0,-12.0,-13.0,-12.0,-13.0,-13.0,-13.0,-13.0,-13.0,-12.0,-13.0,-12.0,-13.0,-13.0,-12.0,-12.0,-12.0,-12.0,-12.0,-12.0,-12.0,-11.0,-12.0,-11.0,-12.0,-11.0,-12.0,-11.0,-12.0,-10.0
3.7379,122.0,-96.0,7.0,0.0,0.0,0.0,0.0,0.0,0.0,0.0,0.0,0.0,-5.0,6.0,-3.0,0.0,-2.0,-7.0,-1.0,-13.0,0.0,-20.0,0.0,-26.0,-1.0,-31.0,-1.0,-35.0,-3.0,-38.0,-3.0,-38.0,-5.0,-38.0,-5.0,-37.0,-5.0,-34.0,-6.0,-29.0,-4.0,-24.0,-3.0,-17.0,0.0,-10.0,3.0,-4.0,7.0,3.0,11.0,9.0,15.0,14.0,19.0,17.0,23.0,21.0,26.0,21.0,28.0,22.0,30.0,22.0
3.7421,98.0,32.0,6.0,0.0,0.0,0.0,0.0,0.0,0.0,0.0,0.0,0.0,-5.0,3.0,-4.0,4.0,-2.0,1.0,0.0,-2.0,1.0,4.0,1.0,4.0,2.0,6.0,-2.0,6.0,0.0,5.0,0.0,8.0,-2.0,12.0,-1.0,11.0,-4.0,9.0,-5.0,8.0,-3.0,6.0,-4.0,6.0,-4.0,6.0,-1.0,4.0,-3.0,5.0,-1.0,6.0,-3.0,5.0,-1.0,8.0,-3.0,7.0,-1.0,8.0,-1.0,7.0,1.0,8.0
3.7553,122.0,-96.0,7.0,0.0,0.0,0.0,0.0,0.0,0.0,0.0,0.0,0.0,11.0,-20.0,11.0,-20.0,11.0,-19.0,12.0,-19.0,12.0,-19.0,13.0,-19.0,13.0,-18.0,13.0,-18.0,14.0,-18.0,14.0,-18.0,14.0,-17.0,14.0,-17.0,14.0,-17.0,15.0,-16.0,14.0,-16.0,14.0,-16.0,14.0,-16.0,14.0,-16.0,14.0,-15.0,13.0,-15.0,13.0,-15.0,13.0,-15.0,13.0,-15.0,12.0,-15.0,12.0,-14.0,11.0,-15.0
3.7713,122.0,-96.0,7.0,0.0,0.0,0.0,0.0,0.0,0.0,0.0,0.0,0.0,-9.0,16.0,-13.0,22.0,-16.0,27.0,-18.0,31.0,-20.0,36.0,-20.0,38.0,-19.0,39.0,-19.0,39.0,-16.0,36.0,-15.0,32.0,-13.0,27.0,-10.0,20.0,-8.0,12.0,-7.0,4.0,-7.0,-5.0,-6.0,-13.0,-7.0,-22.0,-9.0,-30.0,-10.0,-34.0,-13.0,-39.0,-14.0,-42.0,-16.0,-42.0,-16.0,-43.0,-16.0,-40.0,-15.0,-35.0,-14.0,-30.0
3.785,122.0,-96.0,7.0,0.0,0.0,0.0,0.0,0.0,0.0,0.0,0.0,0.0,-6.0,16.0,-7.0,16.0,-8.0,15.0,-8.0,16.0,-8.0,15.0,-8.0,15.0,-9.0,15.0,-10.0,15.0,-9.0,15.0,-10.0,14.0,-10.0,14.0,-10.0,14.0,-10.0,14.0,-10.0,14.0,-11.0,13.0,-10.0,13.0,-10.0,13.0,-11.0,12.0,-10.0,12.0,-10.0,12.0,-10.0,12.0,-9.0,12.0,-10.0,11.0,-9.0,12.0,-9.0,12.0,-8.0,11.0
3.7994,122.0,-96.0,7.0,0.0,0.0,0.0,0.0,0.0,0.0,0.0,0.0,0.0,-4.0,11.0,-4.0,5.0,-5.0,-2.0,-6.0,-9.0,-8.0,-16.0,-10.0,-22.0,-12.0,-26.0,-15.0,-31.0,-17.0,-33.0,-19.0,-34.0,-19.0,-34.0,-20.0,-33.0,-19.0,-31.0,-18.0,-26.0,-15.0,-22.0,-11.0,-16.0,-6.0,-11.0,0.0,-7.0,6.0,-3.0,13.0,1.0,19.0,2.0,25.0,3.0,31.0,5.0,33.0,5.0,36.0,4.0,37.0,3.0
3.8122,122.0,-96.0,7.0,0.0,0.0,0.0,0.0,0.0,0.0,0.0,0.0,0.0,-10.0,-23.0,-10.0,-20.0,-9.0,-18.0,-7.0,-14.0,-5.0,-11.0,-2.0,-7.0,1.0,-4.0,5.0,1.0,9.0,4.0,13.0,7.0,16.0,10.0,19.0,11.0,22.0,12.0,24.0,13.0,24.0,12.0,25.0,12.0,22.0,10.0,21.0,9.0,17.0,7.0,13.0,6.0,8.0,4.0,3.0,3.0,-3.0,3.0,-8.0,3.0,-13.0,4.0,-16.0,5.0
3.8256,122.0,-96.0,7.0,0.0,0.0,0.0,0.0,0.0,0.0,0.0,0.0,0.0,-7.0,-12.0,-1.0,-7.0,4.0,-2.0,11.0,3.0,18.0,8.0,25.0,12.0,31.0,15.0,36.0,16.0,39.0,17.0,42.0,17.0,42.0,16.0,41.0,15.0,39.0,13.0,34.0,10.0,28.0,8.0,21.0,7.0,12.0,6.0,4.0,5.0,-6.0,5.0,-14.0,6.0,-22.0,9.0,-28.0,11.0,-35.0,13.0,-38.0,16.0,-40.0,18.0,-41.0,20.0
3.8414,122.0,-96.0,7.0,0.0,0.0,0.0,0.0,0.0,0.0,0.0,0.0,0.0,-15.0,-9.0,-15.0,-10.0,-14.0,-10.0,-15.0,-11.0,-14.0,-11.0,-14.0,-12.0,-14.0,-12.0,-13.0,-12.0,-13.0,-12.0,-13.0,-12.0,-13.0,-13.0,-13.0,-12.0,-12.0,-13.0,-12.0,-13.0,-11.0,-13.0,-11.0,-13.0,-12.0,-13.0,-11.0,-13.0,-11.0,-13.0,-11.0,-12.0,-11.0,-12.0,-10.0,-12.0,-10.0,-12.0,-10.0,-12.0,-10.0,-11.0,-11.0,-11.0
3.8548,122.0,-96.0,7.0,0.0,0.0,0.0,0.0,0.0,0.0,0.0,0.0,0.0,6.0,-7.0,10.0,-10.0,14.0,-13.0,17.0,-15.0,19.0,-18.0,21.0,-20.0,21.0,-21.0,22.0,-21.0,21.0,-21.0,18.0,-19.0,16.0,-17.0,12.0,-13.0,9.0,-9.0,6.0,-4.0,3.0,1.0,0.0,6.0,-3.0,12.0,-4.0,16.0,-6.0,21.0,-6.0,25.0,-6.0,28.0,-6.0,30.0,-6.0,30.0,-4.0,29.0,-3.0,26.0,-3.0,23.0
3.8694,122.0,-96.0,7.0,0.0,0.0,0.0,0.0,0.0,0.0,0.0,0.0,0.0,5.0,9.0,7.0,14.0,9.0,17.0,10.0,20.0,12.0,21.0,13.0,23.0,13.0,23.0,13.0,23.0,13.0,22.0,11.0,19.0,10.0,15.0,7.0,11.0,3.0,8.0,0.0,4.0,-5.0,1.0,-8.0,-3.0,-13.0,-6.0,-17.0,-8.0,-21.0,-10.0,-23.0,-12.0,-26.0,-12.0,-27.0,-12.0,-26.0,-11.0,-25.0,-10.0,-23.0,-8.0,-20.0,-7.0
3.8845,122.0,-96.0,7.0,0.0,0.0,0.0,0.0,0.0,0.0,0.0,0.0,0.0,7.0,23.0,7.0,21.0,6.0,18.0,5.0,15.0,3.0,11.0,1.0,6.0,-2.0,2.0,-5.0,-3.0,-8.0,-7.0,-12.0,-10.0,-15.0,-14.0,-18.0,-16.0,-20.0,-17.0,-22.0,-19.0,-23.0,-19.0,-23.0,-18.0,-22.0,-16.0,-20.0,-14.0,-17.0,-12.0,-13.0,-9.0,-8.0,-7.0,-3.0,-5.0,2.0,-4.0,7.0,-2.0,12.0,-1.0,16.0,-2.0
3.8973,122.0,-96.0,7.0,0.0,0.0,0.0,0.0,0.0,0.0,0.0,0.0,0.0,6.0,16.0,6.0,17.0,6.0,17.0,6.0,18.0,5.0,17.0,4.0,18.0,4.0,17.0,4.0,18.0,3.0,17.0,3.0,18.0,3.0,18.0,2.0,18.0,2.0,17.0,2.0,18.0,2.0,18.0,1.0,17.0,1.0,17.0,1.0,17.0,1.0,17.0,2.0,16.0,1.0,16.0,2.0,16.0,1.0,16.0,1.0,16.0,2.0,15.0,2.0,15.0
3.9096,122.0,-96.0,7.0,0.0,0.0,0.0,0.0,0.0,0.0,0.0,0.0,0.0,6.0,14.0,6.0,15.0,6.0,15.0,5.0,15.0,5.0,15.0,5.0,16.0,4.0,15.0,4.0,16.0,4.0,16.0,3.0,16.0,3.0,16.0,3.0,16.0,3.0,16.0,3.0,16.0,2.0,15.0,2.0,15.0,2.0,15.0,2.0,15.0,2.0,15.0,2.0,14.0,2.0,15.0,2.0,14.0,2.0,14.0,2.0,14.0,3.0,13.0,3.0,13.0
3.924,122.0,-96.0,7.0,0.0,0.0,0.0,0.0,0.0,0.0,0.0,0.0,0.0,-6.0,-10.0,-8.0,-14.0,-9.0,-17.0,-10.0,-20.0,-12.0,-23.0,-13.0,-24.0,-13.0,-24.0,-13.0,-24.0,-13.0,-22.0,-12.0,-19.0,-10.0,-16.0,-8.0,-12.0,-4.0,-9.0,-1.0,-5.0,4.0,-2.0,7.0,2.0,12.0,5.0,15.0,7.0,18.0,9.0,21.0,10.0,24.0,11.0,25.0,11.0,25.0,10.0,23.0,8.0,21.0,7.0,18.0,6.0
3.939,122.0,-96.0,7.0,0.0,0.0,0.0,0.0,0.0,0.0,0.0,0.0,0.0,11.0,12.0,11.0,12.0,11.0,13.0,10.0,12.0,10.0,13.0,10.0,13.0,9.0,13.0,9.0,14.0,9.0,13.0,8.0,14.0,8.0,14.0,8.0,14.0,7.0,14.0,7.0,14.0,7.0,14.0,7.0,14.0,7.0,13.0,7.0,14.0,7.0,14.0,6.0,13.0,7.0,13.0,7.0,12.0,6.0,13.0,6.0,12.0,7.0,12.0,7.0,11.0
3.9525,122.0,-96.0,7.0,0.0,0.0,0.0,0.0,0.0,0.0,0.0,0.0,0.0,14.0,-19.0,11.0,-17.0,9.0,-14.0,6.0,-9.0,4.0,-5.0,1.0,0.0,0.0,6.0,-3.0,11.0,-4.0,16.0,-6.0,21.0,-7.0,25.0,-7.0,28.0,-7.0,29.0,-7.0,31.0,-6.0,30.0,-5.0,28.0,-4.0,25.0,-4.0,22.0,-3.0,17.0,-3.0,12.0,-3.0,6.0,-4.0,0.0,-5.0,-6.0,-5.0,-13.0,-7.0,-17.0,-9.0,-20.0
3.9673,122.0,-96.0,7.0,0.0,0.0,0.0,0.0,0.0,0.0,0.0,0.0,0.0,12.0,-1.0,6.0,0.0,-2.0,2.0,-8.0,3.0,-15.0,5.0,-22.0,8.0,-26.0,11.0,-31.0,13.0,-34.0,15.0,-35.0,16.0,-35.0,18.0,-35.0,18.0,-33.0,18.0,-28.0,17.0,-24.0,14.0,-17.0,11.0,-12.0,6.0,-7.0,1.0,-1.0,-5.0,4.0,-11.0,7.0,-17.0,10.0,-22.0,13.0,-27.0,14.0,-31.0,14.0,-34.0,14.0,-36.0
3.981,122.0,-96.0,7.0,0.0,0.0,0.0,0.0,0.0,0.0,0.0,0.0,0.0,11.0,14.0,11.0,15.0,10.0,15.0,10.0,16.0,10.0,16.0,9.0,16.0,9.0,16.0,9.0,16.0,8.0,17.0,8.0,17.0,8.0,17.0,7.0,17.0,7.0,17.0,7.0,17.0,7.0,17.0,6.0,17.0,6.0,16.0,6.0,17.0,6.0,16.0,6.0,15.0,6.0,15.0,6.0,15.0,6.0,15.0,6.0,15.0,6.0,14.0,6.0,14.0
3.9965,122.0,-96.0,7.0,0.0,0.0,0.0,0.0,0.0,0.0,0.0,0.0,0.0,12.0,-15.0,12.0,-14.0,13.0,-14.0,13.0,-14.0,14.0,-14.0,14.0,-13.0,14.0,-13.0,14.0,-13.0,15.0,-12.0,15.0,-12.0,15.0,-12.0,15.0,-12.0,15.0,-11.0,15.0,-11.0,15.0,-10.0,15.0,-10.0,14.0,-10.0,15.0,-9.0,15.0,-9.0,14.0,-10.0,14.0,-9.0,14.0,-10.0,13.0,-9.0,13.0,-9.0,13.0,-9.0,12.0,-10.0
4.0096,122.0,-96.0,7.0,0.0,0.0,0.0,0.0,0.0,0.0,0.0,0.0,0.0,23.0,-14.0,25.0,-15.0,25.0,-15.0,23.0,-15.0,22.0,-14.0,19.0,-13.0,16.0,-10.0,11.0,-7.0,8.0,-4.0,3.0,0.0,-1.0,4.0,-5.0,9.0,-8.0,13.0,-11.0,17.0,-14.0,21.0,-16.0,24.0,-17.0,26.0,-16.0,27.0,-15.0,27.0,-14.0,26.0,-12.0,23.0,-11.0,20.0,-9.0,16.0,-8.0,11.0,-6.0,6.0,-4.0,0.0
4.0227,122.0,-96.0,7.0,0.0,0.0,0.0,0.0,0.0,0.0,0.0,0.0,0.0,-7.0,8.0,-9.0,12.0,-12.0,15.0,-14.0,18.0,-15.0,20.0,-16.0,22.0,-16.0,23.0,-15.0,22.0,-14.0,22.0,-12.0,19.0,-10.0,16.0,-8.0,12.0,-6.0,8.0,-4.0,2.0,-3.0,-3.0,-2.0,-8.0,-1.0,-13.0,-1.0,-18.0,-1.0,-22.0,-1.0,-25.0,-2.0,-28.0,-3.0,-29.0,-3.0,-29.0,-4.0,-26.0,-5.0,-24.0,-4.0,-21.0
4.0396,122.0,-96.0,7.0,0.0,0.0,0.0,0.0,0.0,0.0,0.0,0.0,0.0,9.0,8.0,5.0,6.0,0.0,3.0,-5.0,1.0,-10.0,-1.0,-16.0,-3.0,-20.0,-3.0,-25.0,-4.0,-28.0,-4.0,-31.0,-4.0,-32.0,-3.0,-32.0,-2.0,-31.0,-1.0,-28.0,0.0,-24.0,0.0,-19.0,0.0,-13.0,0.0,-8.0,-2.0,-2.0,-4.0,4.0,-7.0,8.0,-10.0,12.0,-13.0,17.0,-16.0,18.0,-19.0,19.0,-21.0,20.0,-22.0
4.052,122.0,-96.0,7.0,0.0,0.0,0.0,0.0,0.0,0.0,0.0,0.0,0.0,-7.0,9.0,-11.0,12.0,-15.0,16.0,-18.0,19.0,-20.0,23.0,-22.0,24.0,-22.0,26.0,-23.0,26.0,-21.0,26.0,-19.0,24.0,-16.0,20.0,-12.0,16.0,-10.0,10.0,-7.0,5.0,-5.0,-2.0,-2.0,-8.0,0.0,-14.0,0.0,-21.0,1.0,-25.0,0.0,-30.0,0.0,-33.0,-1.0,-35.0,-2.0,-35.0,-3.0,-33.0,-4.0,-30.0,-4.0,-26.0
4.0643,122.0,-96.0,7.0,0.0,0.0,0.0,0.0,0.0,0.0,0.0,0.0,0.0,-3.0,-21.0,-3.0,-21.0,-3.0,-21.0,-3.0,-21.0,-2.0,-22.0,-1.0,-22.0,-1.0,-23.0,-1.0,-23.0,-1.0,-23.0,0.0,-23.0,-1.0,-23.0,0.0,-23.0,0.0,-24.0,1.0,-24.0,1.0,-24.0,1.0,-24.0,1.0,-24.0,2.0,-24.0,2.0,-24.0,2.0,-24.0,2.0,-24.0,2.0,-24.0,2.0,-24.0,2.0,-23.0,1.0,-23.0,2.0,-22.0
4.0791,122.0,-96.0,7.0,0.0,0.0,0.0,0.0,0.0,0.0,0.0,0.0,0.0,13.0,10.0,12.0,10.0,12.0,10.0,12.0,11.0,12.0,11.0,12.0,11.0,11.0,11.0,11.0,12.0,11.0,12.0,10.0,12.0,10.0,13.0,10.0,12.0,9.0,12.0,9.0,13.0,9.0,12.0,9.0,12.0,8.0,12.0,8.0,12.0,8.0,12.0,8.0,12.0,8.0,11.0,8.0,11.0,8.0,11.0,8.0,11.0,8.0,10.0,8.0,10.0
4.0931,122.0,-96.0,7.0,0.0,0.0,0.0,0.0,0.0,0.0,0.0,0.0,0.0,-9.0,18.0,-10.0,18.0,-10.0,18.0,-10.0,18.0,-11.0,18.0,-11.0,19.0,-11.0,18.0,-12.0,19.0,-12.0,19.0,-12.0,19.0,-12.0,18.0,-12.0,18.0,-13.0,18.0,-13.0,18.0,-13.0,19.0,-13.0,18.0,-13.0,18.0,-14.0,19.0,-13.0,18.0,-13.0,18.0,-13.0,18.0,-13.0,18.0,-13.0,19.0,-13.0,18.0,-12.0,18.0,-12.0,18.0
4.1081,122.0,-96.0,7.0,0.0,0.0,0.0,0.0,0.0,0.0,0.0,0.0,0.0,10.0,2.0,4.0,2.0,-3.0,2.0,-9.0,3.0,-15.0,3.0,-21.0,5.0,-24.0,7.0,-29.0,8.0,-31.0,10.0,-32.0,11.0,-32.0,12.0,-32.0,12.0,-30.0,12.0,-26.0,11.0,-22.0,10.0,-16.0,8.0,-11.0,4.0,-6.0,0.0,-1.0,-5.0,4.0,-10.0,7.0,-15.0,9.0,-20.0,12.0,-24.0,12.0,-27.0,13.0,-30.0,12.0,-31.0
4.1213,122.0,-96.0,7.0,0.0,0.0,0.0,0.0,0.0,0.0,0.0,0.0,0.0,13.0,-6.0,18.0,-7.0,22.0,-9.0,26.0,-10.0,28.0,-12.0,31.0,-13.0,30.0,-13.0,30.0,-13.0,29.0,-12.0,24.0,-11.0,20.0,-10.0,15.0,-8.0,10.0,-4.0,4.0,-1.0,0.0,3.0,-5.0,7.0,-11.0,12.0,-14.0,16.0,-18.0,20.0,-19.0,23.0,-21.0,26.0,-21.0,27.0,-20.0,27.0,-18.0,27.0,-16.0,24.0,-13.0,21.0
4.1349,122.0,-96.0,7.0,0.0,0.0,0.0,0.0,0.0,0.0,0.0,0.0,0.0,14.0,-11.0,8.0,-6.0,3.0,0.0,-2.0,6.0,-7.0,13.0,-11.0,21.0,-14.0,27.0,-17.0,33.0,-18.0,37.0,-19.0,40.0,-18.0,41.0,-17.0,42.0,-15.0,40.0,-12.0,37.0,-11.0,32.0,-8.0,24.0,-6.0,17.0,-5.0,8.0,-5.0,-1.0,-5.0,-10.0,-7.0,-18.0,-8.0,-25.0,-10.0,-33.0,-12.0,-36.0,-14.0,-40.0,-16.0,-41.0
4.1486,122.0,-96.0,7.0,0.0,0.0,0.0,0.0,0.0,0.0,0.0,0.0,0.0,18.0,10.0,18.0,11.0,18.0,11.0,18.0,12.0,17.0,12.0,17.0,13.0,17.0,13.0,17.0,14.0,16.0,14.0,16.0,15.0,16.0,14.0,15.0,14.0,14.0,14.0,15.0,15.0,14.0,14.0,14.0,14.0,14.0,14.0,14.0,14.0,13.0,14.0,13.0,13.0,13.0,13.0,13.0,12.0,13.0,13.0,13.0,12.0,13.0,11.0,13.0,11.0
4.1633,122.0,-96.0,7.0,0.0,0.0,0.0,0.0,0.0,0.0,0.0,0.0,0.0,-5.0,8.0,-4.0,3.0,-2.0,-2.0,0.0,-7.0,1.0,-14.0,1.0,-19.0,1.0,-23.0,1.0,-27.0,0.0,-29.0,0.0,-31.0,-1.0,-31.0,-1.0,-31.0,-1.0,-29.0,-2.0,-25.0,-2.0,-21.0,-2.0,-16.0,-1.0,-10.0,1.0,-5.0,3.0,1.0,5.0,6.0,8.0,11.0,11.0,14.0,14.0,19.0,16.0,20.0,18.0,21.0,19.0,22.0
4.1768,122.0,-96.0,7.0,0.0,0.0,0.0,0.0,0.0,0.0,0.0,0.0,0.0,-11.0,-20.0,-12.0,-23.0,-13.0,-23.0,-13.0,-23.0,-13.0,-22.0,-13.0,-21.0,-11.0,-18.0,-9.0,-14.0,-6.0,-11.0,-4.0,-7.0,0.0,-3.0,3.0,1.0,8.0,4.0,11.0,8.0,15.0,11.0,18.0,13.0,21.0,15.0,22.0,15.0,23.0,15.0,23.0,14.0,21.0,12.0,19.0,11.0,16.0,9.0,12.0,7.0,8.0,5.0,3.0,4.0
4.1909,122.0,-96.0,7.0,0.0,0.0,0.0,0.0,0.0,0.0,0.0,0.0,0.0,1.0,17.0,1.0,17.0,0.0,17.0,0.0,17.0,-1.0,17.0,-1.0,17.0,-1.0,17.0,-2.0,17.0,-2.0,17.0,-3.0,17.0,-3.0,17.0,-3.0,16.0,-3.0,16.0,-4.0,16.0,-4.0,16.0,-3.0,16.0,-4.0,16.0,-4.0,15.0,-4.0,15.0,-4.0,15.0,-4.0,14.0,-4.0,14.0,-3.0,14.0,-3.0,14.0,-2.0,14.0,-3.0,13.0
4.2044,122.0,-96.0,7.0,0.0,0.0,0.0,0.0,0.0,0.0,0.0,0.0,0.0,23.0,4.0,24.0,4.0,25.0,5.0,24.0,4.0,24.0,4.0,21.0,3.0,18.0,2.0,13.0,2.0,10.0,2.0,4.0,1.0,-1.0,1.0,-7.0,2.0,-12.0,2.0,-17.0,3.0,-22.0,3.0,-25.0,5.0,-27.0,6.0,-28.0,6.0,-28.0,7.0,-27.0,7.0,-24.0,7.0,-21.0,6.0,-18.0,5.0,-13.0,3.0,-9.0,1.0,-4.0,-2.0
4.2192,122.0,-96.0,7.0,0.0,0.0,0.0,0.0,0.0,0.0,0.0,0.0,0.0,-19.0,-2.0,-19.0,-3.0,-19.0,-3.0,-20.0,-4.0,-19.0,-5.0,-19.0,-5.0,-19.0,-5.0,-19.0,-6.0,-18.0,-6.0,-18.0,-7.0,-19.0,-6.0,-18.0,-7.0,-18.0,-7.0,-18.0,-7.0,-17.0,-7.0,-17.0,-7.0,-17.0,-7.0,-17.0,-7.0,-17.0,-8.0,-16.0,-7.0,-16.0,-7.0,-16.0,-7.0,-15.0,-6.0,-16.0,-7.0,-15.0,-6.0,-15.0,-6.0
4.2333,122.0,-96.0,7.0,0.0,0.0,0.0,0.0,0.0,0.0,0.0,0.0,0.0,-3.0,-9.0,-4.0,-14.0,-5.0,-19.0,-5.0,-22.0,-6.0,-26.0,-7.0,-29.0,-8.0,-29.0,-8.0,-30.0,-8.0,-29.0,-8.0,-26.0,-7.0,-22.0,-6.0,-18.0,-4.0,-14.0,-2.0,-8.0,1.0,-3.0,4.0,2.0,7.0,8.0,11.0,12.0,13.0,16.0,17.0,18.0,19.0,21.0,21.0,21.0,21.0,22.0,20.0,19.0,19.0,18.0,17.0,16.0
4.2468,122.0,-96.0,7.0,0.0,0.0,0.0,0.0,0.0,0.0,0.0,0.0,0.0,-18.0,23.0,-19.0,25.0,-20.0,26.0,-19.0,26.0,-18.0,25.0,-16.0,22.0,-14.0,19.0,-11.0,15.0,-8.0,10.0,-5.0,4.0,-2.0,-2.0,0.0,-8.0,2.0,-14.0,4.0,-20.0,6.0,-26.0,7.0,-29.0,7.0,-33.0,7.0,-34.0,6.0,-35.0,6.0,-34.0,4.0,-31.0,4.0,-28.0,3.0,-23.0,2.0,-17.0,2.0,-11.0,3.0,-5.0
4.2604,122.0,-96.0,7.0,0.0,0.0,0.0,0.0,0.0,0.0,0.0,0.0,0.0,-5.0,-29.0,-5.0,-32.0,-5.0,-33.0,-6.0,-32.0,-6.0,-31.0,-5.0,-28.0,-5.0,-24.0,-4.0,-18.0,-2.0,-14.0,0.0,-7.0,2.0,-1.0,5.0,5.0,8.0,11.0,10.0,17.0,12.0,22.0,15.0,26.0,17.0,28.0,18.0,29.0,19.0,29.0,19.0,28.0,18.0,25.0,16.0,22.0,12.0,18.0,9.0,14.0,5.0,9.0,0.0,5.0
4.2754,122.0,-96.0,7.0,0.0,0.0,0.0,0.0,0.0,0.0,0.0,0.0,0.0,17.0,-8.0,17.0,-7.0,17.0,-7.0,17.0,-7.0,18.0,-6.0,18.0,-6.0,18.0,-5.0,18.0,-4.0,18.0,-4.0,18.0,-4.0,18.0,-4.0,18.0,-3.0,18.0,-3.0,18.0,-3.0,18.0,-2.0,17.0,-3.0,17.0,-3.0,17.0,-2.0,17.0,-2.0,17.0,-2.0,16.0,-2.0,16.0,-3.0,16.0,-2.0,15.0,-2.0,15.0,-3.0,15.0,-3.0
4.2891,122.0,-96.0,7.0,0.0,0.0,0.0,0.0,0.0,0.0,0.0,0.0,0.0,17.0,21.0,19.0,23.0,20.0,25.0,20.0,24.0,20.0,24.0,19.0,22.0,17.0,20.0,13.0,15.0,10.0,12.0,5.0,8.0,0.0,3.0,-5.0,-1.0,-11.0,-4.0,-17.0,-9.0,-22.0,-11.0,-26.0,-13.0,-29.0,-14.0,-32.0,-15.0,-33.0,-14.0,-33.0,-14.0,-31.0,-12.0,-28.0,-11.0,-24.0,-9.0,-18.0,-7.0,-12.0,-6.0,-6.0,-5.0
4.3035,122.0,-96.0,7.0,0.0,0.0,0.0,0.0,0.0,0.0,0.0,0.0,0.0,-7.0,7.0,-5.0,3.0,-2.0,-2.0,1.0,-7.0,2.0,-12.0,4.0,-18.0,5.0,-21.0,6.0,-26.0,5.0,-29.0,5.0,-30.0,4.0,-31.0,4.0,-30.0,3.0,-30.0,2.0,-26.0,1.0,-22.0,1.0,-16.0,1.0,-11.0,2.0,-5.0,3.0,1.0,4.0,7.0,7.0,12.0,8.0,15.0,10.0,20.0,12.0,23.0,14.0,24.0,16.0,25.0
4.3183,122.0,-96.0,7.0,0.0,0.0,0.0,0.0,0.0,0.0,0.0,0.0,0.0,20.0,13.0,17.0,11.0,14.0,9.0,10.0,7.0,6.0,4.0,0.0,2.0,-5.0,1.0,-10.0,-1.0,-16.0,-3.0,-21.0,-3.0,-25.0,-4.0,-28.0,-4.0,-30.0,-3.0,-32.0,-3.0,-32.0,-3.0,-30.0,-1.0,-28.0,-1.0,-24.0,-1.0,-19.0,-1.0,-14.0,-1.0,-8.0,-2.0,-3.0,-4.0,3.0,-5.0,9.0,-7.0,13.0,-9.0,16.0,-12.0
4.3349,122.0,-96.0,7.0,0.0,0.0,0.0,0.0,0.0,0.0,0.0,0.0,0.0,-13.0,-13.0,-12.0,-14.0,-12.0,-14.0,-12.0,-14.0,-12.0,-15.0,-11.0,-15.0,-11.0,-15.0,-10.0,-16.0,-10.0,-15.0,-10.0,-16.0,-10.0,-15.0,-10.0,-16.0,-9.0,-15.0,-9.0,-16.0,-8.0,-15.0,-9.0,-16.0,-8.0,-15.0,-8.0,-16.0,-8.0,-15.0,-8.0,-15.0,-8.0,-15.0,-8.0,-14.0,-8.0,-14.0,-8.0,-13.0,-8.0,-13.0,-8.0,-13.0
4.349,122.0,-96.0,7.0,0.0,0.0,0.0,0.0,0.0,0.0,0.0,0.0,0.0,2.0,6.0,-1.0,2.0,-5.0,-3.0,-8.0,-7.0,-12.0,-11.0,-16.0,-14.0,-19.0,-16.0,-22.0,-18.0,-24.0,-19.0,-25.0,-19.0,-25.0,-18.0,-25.0,-17.0,-23.0,-16.0,-20.0,-13.0,-17.0,-11.0,-12.0,-8.0,-6.0,-5.0,-1.0,-4.0,5.0,-2.0,11.0,-1.0,16.0,-1.0,20.0,-1.0,25.0,0.0,27.0,-1.0,29.0,-1.0,30.0,-2.0
4.3634,122.0,-96.0,7.0,0.0,0.0,0.0,0.0,0.0,0.0,0.0,0.0,0.0,-11.0,-22.0,-10.0,-19.0,-9.0,-16.0,-7.0,-13.0,-4.0,-9.0,-1.0,-5.0,2.0,-1.0,5.0,3.0,9.0,7.0,13.0,10.0,16.0,13.0,18.0,14.0,21.0,15.0,22.0,16.0,22.0,16.0,22.0,15.0,20.0,13.0,18.0,12.0,15.0,9.0,11.0,7.0,6.0,5.0,1.0,3.0,-4.0,2.0,-9.0,0.0,-14.0,0.0,-18.0,0.0
4.3792,122.0,-96.0,7.0,0.0,0.0,0.0,0.0,0.0,0.0,0.0,0.0,0.0,23.0,-11.0,20.0,-10.0,17.0,-9.0,13.0,-7.0,9.0,-4.0,4.0,-1.0,0.0,2.0,-5.0,6.0,-10.0,9.0,-13.0,13.0,-17.0,16.0,-19.0,19.0,-20.0,21.0,-22.0,23.0,-21.0,23.0,-20.0,23.0,-18.0,21.0,-16.0,19.0,-13.0,15.0,-10.0,11.0,-7.0,6.0,-4.0,1.0,-2.0,-5.0,0.0,-10.0,1.0,-15.0,1.0,-19.0
4.3924,122.0,-96.0,7.0,0.0,0.0,0.0,0.0,0.0,0.0,0.0,0.0,0.0,-10.0,27.0,-11.0,29.0,-12.0,31.0,-11.0,31.0,-11.0,30.0,-10.0,27.0,-10.0,24.0,-7.0,19.0,-6.0,14.0,-5.0,7.0,-3.0,1.0,-2.0,-6.0,-2.0,-13.0,-1.0,-19.0,0.0,-26.0,0.0,-30.0,0.0,-33.0,-1.0,-36.0,-2.0,-35.0,-1.0,-35.0,-2.0,-33.0,-2.0,-30.0,-2.0,-24.0,-1.0,-19.0,-1.0,-13.0,1.0,-6.0
4.4061,122.0,-96.0,7.0,0.0,0.0,0.0,0.0,0.0,0.0,0.0,0.0,0.0,22.0,-9.0,20.0,-9.0,18.0,-8.0,14.0,-7.0,10.0,-5.0,6.0,-2.0,2.0,0.0,-3.0,3.0,-8.0,6.0,-11.0,9.0,-15.0,12.0,-17.0,14.0,-19.0,17.0,-21.0,18.0,-21.0,19.0,-20.0,19.0,-19.0,18.0,-17.0,16.0,-14.0,14.0,-11.0,11.0,-8.0,7.0,-5.0,2.0,-2.0,-2.0,0.0,-8.0,2.0,-11.0,3.0,-16.0
4.4198,122.0,-96.0,7.0,0.0,0.0,0.0,0.0,0.0,0.0,0.0,0.0,0.0,-20.0,10.0,-20.0,9.0,-20.0,10.0,-21.0,9.0,-21.0,8.0,-21.0,8.0,-21.0,8.0,-22.0,7.0,-21.0,7.0,-22.0,5.0,-22.0,5.0,-22.0,5.0,-21.0,4.0,-21.0,4.0,-21.0,4.0,-21.0,4.0,-20.0,4.0,-21.0,4.0,-20.0,3.0,-19.0,4.0,-19.0,4.0,-19.0,4.0,-19.0,3.0,-18.0,3.0,-18.0,3.0,-17.0,4.0
4.4361,122.0,-96.0,7.0,0.0,0.0,0.0,0.0,0.0,0.0,0.0,0.0,0.0,10.0,-6.0,5.0,-2.0,-1.0,3.0,-7.0,7.0,-12.0,12.0,-17.0,17.0,-20.0,20.0,-24.0,24.0,-25.0,27.0,-27.0,28.0,-26.0,29.0,-26.0,29.0,-24.0,27.0,-20.0,24.0,-17.0,20.0,-13.0,15.0,-8.0,9.0,-5.0,2.0,-2.0,-5.0,2.0,-12.0,3.0,-19.0,4.0,-25.0,6.0,-30.0,6.0,-34.0,6.0,-36.0,5.0,-38.0
4.4494,122.0,-96.0,7.0,0.0,0.0,0.0,0.0,0.0,0.0,0.0,0.0,0.0,12.0,20.0,13.0,21.0,14.0,22.0,14.0,21.0,13.0,20.0,11.0,18.0,10.0,15.0,7.0,11.0,4.0,7.0,1.0,3.0,-3.0,0.0,-7.0,-4.0,-10.0,-8.0,-14.0,-12.0,-17.0,-14.0,-20.0,-16.0,-22.0,-17.0,-23.0,-18.0,-23.0,-17.0,-23.0,-16.0,-21.0,-14.0,-19.0,-12.0,-15.0,-10.0,-11.0,-8.0,-7.0,-6.0,-2.0,-4.0
4.4641,122.0,-96.0,7.0,0.0,0.0,0.0,0.0,0.0,0.0,0.0,0.0,0.0,20.0,23.0,21.0,24.0,20.0,25.0,20.0,22.0,18.0,21.0,16.0,18.0,13.0,15.0,9.0,10.0,5.0,7.0,-1.0,2.0,-6.0,-2.0,-11.0,-6.0,-16.0,-10.0,-21.0,-13.0,-25.0,-16.0,-28.0,-18.0,-30.0,-18.0,-31.0,-19.0,-30.0,-17.0,-29.0,-16.0,-27.0,-14.0,-23.0,-13.0,-19.0,-10.0,-13.0,-8.0,-7.0,-5.0,0.0,-4.0
4.4775,122.0,-96.0,7.0,0.0,0.0,0.0,0.0,0.0,0.0,0.0,0.0,0.0,-2.0,-6.0,1.0,-2.0,3.0,3.0,6.0,8.0,9.0,12.0,12.0,16.0,15.0,18.0,17.0,22.0,19.0,22.0,19.0,23.0,20.0,22.0,19.0,21.0,18.0,20.0,16.0,16.0,12.0,13.0,8.0,9.0,4.0,5.0,-1.0,2.0,-6.0,-2.0,-11.0,-4.0,-16.0,-7.0,-20.0,-8.0,-24.0,-10.0,-26.0,-10.0,-28.0,-10.0,-29.0,-10.0
4.4907,122.0,-96.0,7.0,0.0,0.0,0.0,0.0,0.0,0.0,0.0,0.0,0.0,-15.0,27.0,-12.0,24.0,-10.0,19.0,-8.0,14.0,-5.0,7.0,-3.0,0.0,-1.0,-6.0,2.0,-14.0,3.0,-20.0,3.0,-27.0,4.0,-32.0,4.0,-35.0,3.0,-38.0,4.0,-41.0,2.0,-40.0,2.0,-37.0,2.0,-35.0,1.0,-30.0,1.0,-25.0,1.0,-18.0,2.0,-10.0,3.0,-3.0,4.0,5.0,7.0,12.0,8.0,18.0,11.0,23.0
4.5059,122.0,-96.0,7.0,0.0,0.0,0.0,0.0,0.0,0.0,0.0,0.0,0.0,14.0,-9.0,15.0,-9.0,15.0,-8.0,16.0,-8.0,15.0,-8.0,16.0,-7.0,16.0,-7.0,16.0,-7.0,16.0,-6.0,16.0,-6.0,16.0,-6.0,16.0,-6.0,16.0,-5.0,16.0,-5.0,16.0,-5.0,15.0,-4.0,15.0,-4.0,15.0,-4.0,15.0,-4.0,14.0,-4.0,14.0,-4.0,14.0,-4.0,14.0,-4.0,14.0,-4.0,13.0,-5.0,13.0,-5.0
4.5197,122.0,-96.0,7.0,0.0,0.0,0.0,0.0,0.0,0.0,0.0,0.0,0.0,4.0,-30.0,5.0,-32.0,4.0,-33.0,4.0,-32.0,3.0,-31.0,3.0,-28.0,3.0,-24.0,1.0,-18.0,2.0,-13.0,2.0,-6.0,2.0,1.0,2.0,7.0,4.0,13.0,4.0,20.0,5.0,26.0,6.0,30.0,8.0,32.0,8.0,34.0,9.0,33.0,9.0,32.0,9.0,29.0,8.0,25.0,6.0,21.0,4.0,16.0,2.0,10.0,-2.0,4.0
4.5336,122.0,-96.0,7.0,0.0,0.0,0.0,0.0,0.0,0.0,0.0,0.0,0.0,15.0,15.0,14.0,16.0,14.0,16.0,14.0,17.0,13.0,17.0,13.0,18.0,12.0,17.0,12.0,18.0,11.0,18.0,11.0,18.0,11.0,18.0,10.0,19.0,10.0,18.0,10.0,18.0,9.0,19.0,9.0,19.0,10.0,18.0,8.0,18.0,8.0,18.0,8.0,17.0,8.0,17.0,8.0,16.0,8.0,16.0,9.0,16.0,8.0,16.0,9.0,15.0
4.5472,122.0,-96.0,7.0,0.0,0.0,0.0,0.0,0.0,0.0,0.0,0.0,0.0,28.0,-14.0,23.0,-13.0,18.0,-10.0,14.0,-7.0,8.0,-4.0,2.0,0.0,-4.0,5.0,-10.0,9.0,-15.0,14.0,-19.0,18.0,-23.0,22.0,-25.0,25.0,-26.0,28.0,-27.0,30.0,-26.0,30.0,-24.0,29.0,-22.0,26.0,-19.0,23.0,-15.0,18.0,-11.0,13.0,-8.0,6.0,-5.0,-1.0,-2.0,-8.0,1.0,-15.0,2.0,-21.0,3.0,-27.0
4.5605,122.0,-96.0,7.0,0.0,0.0,0.0,0.0,0.0,0.0,0.0,0.0,0.0,-6.0,-35.0,-7.0,-31.0,-6.0,-28.0,-5.0,-23.0,-3.0,-17.0,-2.0,-10.0,1.0,-3.0,3.0,4.0,7.0,10.0,10.0,17.0,13.0,22.0,16.0,27.0,19.0,30.0,21.0,33.0,22.0,33.0,22.0,31.0,22.0,29.0,20.0,27.0,17.0,22.0,14.0,17.0,8.0,12.0,3.0,7.0,-3.0,2.0,-10.0,-2.0,-16.0,-6.0,-22.0,-9.0
4.5726,122.0,-96.0,7.0,0.0,0.0,0.0,0.0,0.0,0.0,0.0,0.0,0.0,-18.0,-16.0,-16.0,-14.0,-14.0,-12.0,-11.0,-10.0,-7.0,-7.0,-3.0,-4.0,2.0,-1.0,6.0,2.0,11.0,4.0,15.0,6.0,19.0,8.0,22.0,9.0,24.0,9.0,26.0,10.0,26.0,9.0,25.0,8.0,24.0,7.0,21.0,6.0,17.0,5.0,13.0,4.0,8.0,3.0,2.0,2.0,-3.0,2.0,-9.0,2.0,-13.0,2.0,-17.0,4.0
4.5873,122.0,-96.0,7.0,0.0,0.0,0.0,0.0,0.0,0.0,0.0,0.0,0.0,0.0,-20.0,1.0,-21.0,1.0,-20.0,1.0,-20.0,3.0,-21.0,3.0,-21.0,3.0,-20.0,4.0,-20.0,4.0,-20.0,4.0,-20.0,5.0,-20.0,5.0,-20.0,5.0,-19.0,6.0,-19.0,5.0,-19.0,5.0,-18.0,6.0,-18.0,6.0,-18.0,6.0,-18.0,5.0,-17.0,5.0,-17.0,5.0,-17.0,4.0,-16.0,5.0,-17.0,4.0,-16.0,3.0,-16.0
4.6009,122.0,-96.0,7.0,0.0,0.0,0.0,0.0,0.0,0.0,0.0,0.0,0.0,4.0,-8.0,3.0,-4.0,0.0,1.0,-1.0,7.0,-3.0,12.0,-4.0,18.0,-5.0,22.0,-5.0,26.0,-5.0,28.0,-5.0,30.0,-4.0,30.0,-4.0,30.0,-3.0,28.0,-2.0,25.0,-2.0,21.0,-2.0,15.0,-2.0,9.0,-2.0,3.0,-3.0,-3.0,-4.0,-8.0,-6.0,-14.0,-8.0,-18.0,-10.0,-23.0,-12.0,-25.0,-13.0,-27.0,-14.0,-27.0
4.6159,122.0,-96.0,7.0,0.0,0.0,0.0,0.0,0.0,0.0,0.0,0.0,0.0,9.0,-25.0,7.0,-22.0,6.0,-19.0,4.0,-15.0,3.0,-10.0,2.0,-4.0,1.0,1.0,0.0,7.0,0.0,13.0,0.0,18.0,0.0,23.0,0.0,26.0,1.0,29.0,1.0,31.0,2.0,31.0,2.0,30.0,2.0,28.0,2.0,24.0,2.0,20.0,1.0,15.0,0.0,9.0,-2.0,3.0,-4.0,-2.0,-7.0,-9.0,-9.0,-12.0,-12.0,-16.0
4.629,122.0,-96.0,7.0,0.0,0.0,0.0,0.0,0.0,0.0,0.0,0.0,0.0,18.0,-14.0,21.0,-15.0,21.0,-15.0,21.0,-16.0,20.0,-15.0,19.0,-14.0,16.0,-12.0,12.0,-10.0,10.0,-8.0,5.0,-4.0,2.0,0.0,-2.0,4.0,-5.0,8.0,-9.0,12.0,-12.0,16.0,-14.0,19.0,-15.0,21.0,-16.0,23.0,-16.0,23.0,-15.0,23.0,-13.0,22.0,-12.0,19.0,-10.0,16.0,-8.0,12.0,-6.0,8.0,-4.0,2.0
4.6427,122.0,-96.0,7.0,0.0,0.0,0.0,0.0,0.0,0.0,0.0,0.0,0.0,-2.0,18.0,-2.0,18.0,-3.0,18.0,-3.0,18.0,-4.0,18.0,-4.0,18.0,-5.0,18.0,-5.0,18.0,-5.0,17.0,-6.0,17.0,-6.0,17.0,-6.0,17.0,-6.0,17.0,-7.0,17.0,-7.0,16.0,-7.0,16.0,-7.0,16.0,-7.0,15.0,-7.0,15.0,-7.0,15.0,-7.0,15.0,-6.0,14.0,-6.0,14.0,-6.0,14.0,-6.0,14.0,-5.0,14.0
4.6564,122.0,-96.0,7.0,0.0,0.0,0.0,0.0,0.0,0.0,0.0,0.0,0.0,-4.0,8.0,-3.0,3.0,-2.0,-2.0,-1.0,-8.0,-1.0,-14.0,0.0,-19.0,-1.0,-23.0,-1.0,-27.0,-2.0,-30.0,-2.0,-31.0,-2.0,-31.0,-2.0,-31.0,-2.0,-29.0,-3.0,-25.0,-2.0,-21.0,-3.0,-15.0,-1.0,-10.0,1.0,-5.0,2.0,1.0,5.0,7.0,8.0,12.0,11.0,15.0,13.0,20.0,15.0,22.0,17.0,23.0,18.0,23.0
4.6707,122.0,-96.0,7.0,0.0,0.0,0.0,0.0,0.0,0.0,0.0,0.0,0.0,15.0,18.0,16.0,20.0,16.0,20.0,15.0,20.0,15.0,19.0,13.0,17.0,11.0,14.0,8.0,10.0,5.0,7.0,1.0,3.0,-3.0,0.0,-7.0,-3.0,-11.0,-6.0,-15.0,-10.0,-19.0,-13.0,-22.0,-14.0,-24.0,-15.0,-25.0,-16.0,-25.0,-15.0,-24.0,-14.0,-22.0,-12.0,-19.0,-11.0,-16.0,-9.0,-12.0,-7.0,-6.0,-5.0,-1.0,-4.0
4.6836,122.0,-96.0,7.0,0.0,0.0,0.0,0.0,0.0,0.0,0.0,0.0,0.0,0.0,-10.0,0.0,-16.0,1.0,-20.0,1.0,-24.0,1.0,-28.0,1.0,-30.0,1.0,-31.0,1.0,-31.0,1.0,-30.0,0.0,-27.0,0.0,-23.0,0.0,-18.0,0.0,-13.0,0.0,-7.0,2.0,-1.0,2.0,5.0,4.0,11.0,6.0,16.0,8.0,21.0,10.0,24.0,12.0,27.0,13.0,28.0,12.0,28.0,13.0,26.0,12.0,23.0,11.0,20.0
4.6976,122.0,-96.0,7.0,0.0,0.0,0.0,0.0,0.0,0.0,0.0,0.0,0.0,23.0,-16.0,26.0,-18.0,27.0,-18.0,27.0,-19.0,25.0,-18.0,24.0,-17.0,21.0,-14.0,16.0,-12.0,13.0,-8.0,7.0,-4.0,2.0,0.0,-2.0,5.0,-7.0,10.0,-12.0,15.0,-17.0,19.0,-19.0,22.0,-21.0,26.0,-21.0,27.0,-21.0,28.0,-21.0,27.0,-19.0,26.0,-17.0,23.0,-14.0,19.0,-11.0,14.0,-8.0,9.0,-5.0,3.0
4.7108,122.0,-96.0,7.0,0.0,0.0,0.0,0.0,0.0,0.0,0.0,0.0,0.0,9.0,14.0,8.0,15.0,8.0,15.0,8.0,15.0,7.0,16.0,7.0,16.0,6.0,15.0,6.0,16.0,5.0,16.0,5.0,17.0,5.0,17.0,5.0,16.0,4.0,16.0,4.0,16.0,4.0,16.0,4.0,16.0,3.0,16.0,3.0,16.0,3.0,16.0,3.0,15.0,3.0,15.0,3.0,15.0,3.0,14.0,3.0,14.0,4.0,14.0,4.0,14.0
4.7241,122.0,-96.0,7.0,0.0,0.0,0.0,0.0,0.0,0.0,0.0,0.0,0.0,9.0,-8.0,16.0,-11.0,20.0,-13.0,25.0,-16.0,27.0,-19.0,31.0,-21.0,31.0,-21.0,32.0,-21.0,30.0,-20.0,26.0,-19.0,23.0,-17.0,19.0,-13.0,13.0,-9.0,7.0,-5.0,2.0,1.0,-4.0,6.0,-10.0,12.0,-13.0,17.0,-18.0,22.0,-20.0,25.0,-23.0,29.0,-22.0,31.0,-22.0,31.0,-21.0,30.0,-18.0,28.0,-16.0,24.0
4.7386,122.0,-96.0,7.0,0.0,0.0,0.0,0.0,0.0,0.0,0.0,0.0,0.0,21.0,-7.0,22.0,-7.0,22.0,-6.0,22.0,-6.0,23.0,-5.0,23.0,-4.0,22.0,-4.0,23.0,-3.0,23.0,-3.0,23.0,-2.0,23.0,-2.0,23.0,-2.0,22.0,-1.0,22.0,-1.0,22.0,0.0,21.0,-1.0,21.0,0.0,21.0,0.0,21.0,0.0,20.0,0.0,20.0,0.0,20.0,-1.0,20.0,0.0,19.0,0.0,19.0,-1.0,19.0,-1.0
4.7523,122.0,-96.0,7.0,0.0,0.0,0.0,0.0,0.0,0.0,0.0,0.0,0.0,29.0,0.0,32.0,1.0,32.0,1.0,31.0,0.0,29.0,1.0,27.0,0.0,22.0,1.0,16.0,0.0,11.0,1.0,4.0,1.0,-2.0,2.0,-8.0,3.0,-14.0,5.0,-21.0,6.0,-27.0,7.0,-30.0,8.0,-33.0,10.0,-33.0,10.0,-34.0,11.0,-32.0,11.0,-29.0,10.0,-26.0,9.0,-21.0,7.0,-15.0,5.0,-10.0,2.0,-5.0,-2.0
4.7656,122.0,-96.0,7.0,0.0,0.0,0.0,0.0,0.0,0.0,0.0,0.0,0.0,26.0,15.0,22.0,12.0,18.0,9.0,12.0,7.0,6.0,4.0,-1.0,2.0,-7.0,0.0,-14.0,-3.0,-21.0,-4.0,-27.0,-5.0,-32.0,-6.0,-35.0,-6.0,-39.0,-6.0,-40.0,-6.0,-39.0,-5.0,-37.0,-4.0,-34.0,-3.0,-29.0,-3.0,-23.0,-3.0,-17.0,-2.0,-9.0,-3.0,-2.0,-4.0,6.0,-6.0,13.0,-7.0,19.0,-9.0,23.0,-12.0
4.78,122.0,-96.0,7.0,0.0,0.0,0.0,0.0,0.0,0.0,0.0,0.0,0.0,12.0,12.0,12.0,12.0,12.0,13.0,12.0,13.0,11.0,14.0,11.0,14.0,11.0,14.0,10.0,14.0,10.0,14.0,9.0,15.0,9.0,15.0,9.0,15.0,9.0,15.0,8.0,15.0,8.0,15.0,8.0,15.0,8.0,14.0,7.0,14.0,7.0,14.0,8.0,14.0,7.0,13.0,7.0,13.0,7.0,13.0,7.0,13.0,7.0,13.0,7.0,12.0
4.7937,122.0,-96.0,7.0,0.0,0.0,0.0,0.0,0.0,0.0,0.0,0.0,0.0,-8.0,4.0,-5.0,0.0,0.0,-3.0,4.0,-6.0,8.0,-11.0,12.0,-15.0,14.0,-18.0,17.0,-21.0,18.0,-23.0,19.0,-25.0,18.0,-25.0,18.0,-25.0,17.0,-24.0,14.0,-21.0,11.0,-18.0,8.0,-13.0,5.0,-8.0,3.0,-3.0,1.0,3.0,-1.0,9.0,-2.0,14.0,-2.0,18.0,-4.0,24.0,-3.0,26.0,-3.0,28.0,-2.0,29.0
4.8077,122.0,-96.0,7.0,0.0,0.0,0.0,0.0,0.0,0.0,0.0,0.0,0.0,3.0,-25.0,4.0,-26.0,3.0,-26.0,2.0,-25.0,2.0,-23.0,2.0,-20.0,2.0,-16.0,1.0,-12.0,1.0,-7.0,1.0,-1.0,2.0,3.0,2.0,8.0,3.0,13.0,4.0,19.0,4.0,22.0,5.0,25.0,6.0,26.0,6.0,27.0,7.0,26.0,7.0,25.0,7.0,22.0,5.0,19.0,4.0,15.0,2.0,11.0,0.0,6.0,-3.0,1.0
4.8207,122.0,-96.0,7.0,0.0,0.0,0.0,0.0,0.0,0.0,0.0,0.0,0.0,-12.0,-2.0,-6.0,-3.0,1.0,-3.0,8.0,-4.0,15.0,-6.0,22.0,-7.0,27.0,-10.0,32.0,-11.0,34.0,-13.0,36.0,-14.0,36.0,-15.0,35.0,-16.0,33.0,-15.0,28.0,-14.0,24.0,-12.0,17.0,-9.0,11.0,-5.0,5.0,-1.0,-1.0,4.0,-6.0,9.0,-10.0,16.0,-13.0,20.0,-17.0,25.0,-18.0,28.0,-18.0,31.0,-18.0,33.0
4.8369,122.0,-96.0,7.0,0.0,0.0,0.0,0.0,0.0,0.0,0.0,0.0,0.0,6.0,1.0,1.0,1.0,-5.0,2.0,-10.0,3.0,-15.0,6.0,-19.0,7.0,-22.0,9.0,-26.0,11.0,-27.0,12.0,-28.0,13.0,-27.0,14.0,-26.0,13.0,-24.0,12.0,-20.0,11.0,-17.0,9.0,-12.0,7.0,-7.0,2.0,-4.0,-2.0,0.0,-6.0,4.0,-11.0,6.0,-16.0,8.0,-20.0,10.0,-24.0,10.0,-26.0,10.0,-27.0,10.0,-28.0
4.8508,122.0,-96.0,7.0,0.0,0.0,0.0,0.0,0.0,0.0,0.0,0.0,0.0,-26.0,1.0,-23.0,2.0,-19.0,1.0,-16.0,0.0,-10.0,0.0,-5.0,-2.0,0.0,-3.0,6.0,-5.0,11.0,-7.0,15.0,-10.0,20.0,-11.0,22.0,-14.0,24.0,-16.0,26.0,-17.0,26.0,-18.0,24.0,-17.0,23.0,-16.0,19.0,-14.0,16.0,-12.0,12.0,-10.0,8.0,-5.0,4.0,-1.0,1.0,4.0,-3.0,9.0,-5.0,13.0,-7.0,18.0
4.8642,122.0,-96.0,7.0,0.0,0.0,0.0,0.0,0.0,0.0,0.0,0.0,0.0,-14.0,10.0,-15.0,10.0,-15.0,9.0,-16.0,9.0,-15.0,9.0,-16.0,8.0,-16.0,8.0,-16.0,7.0,-16.0,7.0,-17.0,7.0,-17.0,7.0,-16.0,7.0,-16.0,6.0,-16.0,6.0,-17.0,5.0,-16.0,5.0,-16.0,5.0,-16.0,5.0,-16.0,5.0,-15.0,5.0,-15.0,5.0,-15.0,5.0,-15.0,4.0,-14.0,5.0,-14.0,5.0,-14.0,5.0
4.8786,122.0,-96.0,7.0,0.0,0.0,0.0,0.0,0.0,0.0,0.0,0.0,0.0,23.0,12.0,22.0,11.0,19.0,9.0,15.0,7.0,11.0,6.0,6.0,4.0,0.0,3.0,-6.0,1.0,-11.0,0.0,-16.0,0.0,-21.0,-1.0,-25.0,0.0,-28.0,0.0,-31.0,0.0,-32.0,1.0,-31.0,1.0,-29.0,2.0,-26.0,2.0,-22.0,2.0,-17.0,2.0,-12.0,0.0,-6.0,-2.0,-1.0,-4.0,4.0,-7.0,9.0,-9.0,13.0,-13.0
4.8923,122.0,-96.0,7.0,0.0,0.0,0.0,0.0,0.0,0.0,0.0,0.0,0.0,0.0,-10.0,1.0,-5.0,2.0,1.0,3.0,6.0,5.0,12.0,7.0,16.0,9.0,20.0,10.0,24.0,12.0,25.0,13.0,27.0,13.0,26.0,13.0,26.0,13.0,25.0,12.0,21.0,10.0,17.0,7.0,13.0,4.0,8.0,-1.0,4.0,-5.0,-1.0,-9.0,-4.0,-14.0,-8.0,-17.0,-9.0,-22.0,-13.0,-24.0,-13.0,-26.0,-13.0,-27.0,-13.0
4.9047,122.0,-96.0,7.0,0.0,0.0,0.0,0.0,0.0,0.0,0.0,0.0,0.0,-9.0,3.0,-5.0,0.0,0.0,-3.0,4.0,-7.0,8.0,-11.0,12.0,-15.0,14.0,-18.0,16.0,-21.0,17.0,-23.0,18.0,-24.0,17.0,-25.0,17.0,-25.0,16.0,-24.0,13.0,-21.0,11.0,-17.0,7.0,-13.0,5.0,-8.0,3.0,-2.0,1.0,3.0,0.0,9.0,-1.0,15.0,-1.0,19.0,-2.0,24.0,-1.0,26.0,-1.0,28.0,0.0,30.0
4.9204,122.0,-96.0,7.0,0.0,0.0,0.0,0.0,0.0,0.0,0.0,0.0,0.0,10.0,-15.0,11.0,-15.0,11.0,-14.0,12.0,-15.0,12.0,-14.0,12.0,-14.0,13.0,-13.0,13.0,-13.0,13.0,-12.0,13.0,-13.0,13.0,-13.0,13.0,-12.0,13.0,-12.0,13.0,-11.0,14.0,-11.0,14.0,-11.0,13.0,-11.0,13.0,-10.0,14.0,-10.0,13.0,-10.0,13.0,-10.0,13.0,-10.0,12.0,-10.0,12.0,-10.0,11.0,-10.0,11.0,-10.0
4.934,122.0,-96.0,7.0,0.0,0.0,0.0,0.0,0.0,0.0,0.0,0.0,0.0,-20.0,-8.0,-17.0,-6.0,-14.0,-5.0,-10.0,-4.0,-5.0,-3.0,-1.0,-2.0,5.0,-2.0,10.0,-1.0,14.0,-1.0,19.0,-1.0,22.0,-1.0,25.0,-2.0,26.0,-3.0,27.0,-3.0,27.0,-3.0,25.0,-3.0,23.0,-3.0,19.0,-3.0,15.0,-2.0,11.0,-1.0,6.0,0.0,0.0,2.0,-4.0,4.0,-9.0,6.0,-12.0,9.0,-15.0,11.0
4.9488,122.0,-96.0,7.0,0.0,0.0,0.0,0.0,0.0,0.0,0.0,0.0,0.0,-8.0,-11.0,-11.0,-15.0,-14.0,-18.0,-15.0,-20.0,-17.0,-23.0,-18.0,-24.0,-19.0,-24.0,-18.0,-24.0,-18.0,-22.0,-16.0,-20.0,-13.0,-16.0,-10.0,-12.0,-6.0,-8.0,-1.0,-4.0,3.0,-1.0,7.0,3.0,13.0,7.0,17.0,9.0,21.0,11.0,24.0,12.0,26.0,13.0,27.0,13.0,27.0,13.0,26.0,11.0,23.0,9.0,20.0,8.0
4.962,122.0,-96.0,7.0,0.0,0.0,0.0,0.0,0.0,0.0,0.0,0.0,0.0,11.0,14.0,11.0,14.0,11.0,15.0,10.0,15.0,10.0,16.0,10.0,16.0,10.0,16.0,9.0,16.0,9.0,16.0,8.0,16.0,7.0,17.0,7.0,17.0,7.0,17.0,7.0,16.0,6.0,17.0,7.0,16.0,6.0,16.0,6.0,16.0,6.0,16.0,6.0,15.0,6.0,15.0,6.0,14.0,6.0,15.0,6.0,14.0,6.0,14.0,6.0,13.0
4.9754,122.0,-96.0,7.0,0.0,0.0,0.0,0.0,0.0,0.0,0.0,0.0,0.0,5.0,10.0,6.0,14.0,7.0,17.0,9.0,21.0,10.0,22.0,11.0,24.0,10.0,25.0,10.0,24.0,10.0,23.0,9.0,19.0,8.0,15.0,6.0,12.0,3.0,8.0,0.0,3.0,-4.0,-1.0,-7.0,-5.0,-11.0,-9.0,-14.0,-12.0,-17.0,-15.0,-19.0,-17.0,-22.0,-18.0,-22.0,-19.0,-22.0,-17.0,-22.0,-15.0,-20.0,-13.0,-17.0,-11.0
4.9924,122.0,-96.0,7.0,0.0,0.0,0.0,0.0,0.0,0.0,0.0,0.0,0.0,14.0,-9.0,14.0,-9.0,14.0,-9.0,15.0,-8.0,15.0,-8.0,15.0,-8.0,15.0,-7.0,16.0,-7.0,16.0,-6.0,16.0,-6.0,15.0,-6.0,15.0,-6.0,15.0,-6.0,15.0,-5.0,15.0,-5.0,15.0,-5.0,15.0,-5.0,15.0,-5.0,15.0,-4.0,14.0,-5.0,14.0,-5.0,13.0,-5.0,14.0,-5.0,13.0,-5.0,13.0,-5.0,12.0,-5.0
5.0057,122.0,-96.0,7.0,0.0,0.0,0.0,0.0,0.0,0.0,0.0,0.0,0.0,-24.0,-6.0,-26.0,-7.0,-26.0,-7.0,-26.0,-6.0,-24.0,-6.0,-22.0,-5.0,-18.0,-5.0,-13.0,-4.0,-9.0,-4.0,-4.0,-3.0,1.0,-3.0,7.0,-4.0,12.0,-4.0,17.0,-4.0,22.0,-5.0,24.0,-6.0,27.0,-7.0,27.0,-7.0,27.0,-8.0,25.0,-8.0,22.0,-8.0,20.0,-7.0,16.0,-5.0,12.0,-3.0,7.0,-1.0,2.0,1.0
