time,sc_0,sc_1,sc_2,sc_3,sc_4,sc_5,sc_6,sc_7,sc_8,sc_9,sc_10,sc_11,sc_12,sc_13,sc_14,sc_15,sc_16,sc_17,sc_18,sc_19,sc_20,sc_21,sc_22,sc_23,sc_24,sc_25,sc_26,sc_27,sc_28,sc_29,sc_30,sc_31,sc_32,sc_33,sc_34,sc_35,sc_36,sc_37,sc_38,sc_39,sc_40,sc_41,sc_42,sc_43,sc_44,sc_45,sc_46,sc_47,sc_48,sc_49,sc_50,sc_51,sc_52,sc_53,sc_54,sc_55,sc_56,sc_57,sc_58,sc_59,sc_60,sc_61,sc_62,sc_63
0.0127,122.0,-96.0,7.0,0.0,-4.0,3.0,-6.0,-2.0,-6.0,-7.0,-8.0,-12.0,-9.0,-16.0,-11.0,-19.0,-12.0,-21.0,-13.0,-21.0,-14.0,-20.0,-15.0,-20.0,-15.0,-18.0,-14.0,-17.0,-12.0,-14.0,-9.0,-12.0,-7.0,-9.0,-3.0,-6.0,0.0,-3.0,3.0,-1.0,6.0,1.0,9.0,3.0,11.0,4.0,12.0,4.0,13.0,4.0,13.0,4.0,13.0,4.0,0.0,0.0,0.0,0.0,0.0,0.0,0.0,0.0,0.0,0.0
0.0197,122.0,-96.0,7.0,0.0,17.0,-4.0,21.0,-5.0,24.0,-6.0,26.0,-7.0,26.0,-7.0,24.0,-8.0,23.0,-8.0,20.0,-8.0,17.0,-8.0,13.0,-6.0,10.0,-4.0,6.0,-1.0,2.0,1.0,-1.0,4.0,-4.0,7.0,-6.0,10.0,-8.0,12.0,-10.0,13.0,-10.0,14.0,-11.0,15.0,-10.0,14.0,-9.0,13.0,-8.0,12.0,-7.0,11.0,-6.0,8.0,0.0,0.0,0.0,0.0,0.0,0.0,0.0,0.0,0.0,0.0
0.0266,122.0,-96.0,7.0,0.0,-27.0,17.0,-22.0,14.0,-16.0,9.0,-11.0,4.0,-7.0,-1.0,-3.0,-6.0,0.0,-13.0,3.0,-18.0,4.0,-23.0,4.0,-26.0,4.0,-31.0,4.0,-33.0,4.0,-33.0,2.0,-32.0,2.0,-30.0,1.0,-27.0,1.0,-22.0,0.0,-17.0,1.0,-12.0,1.0,-7.0,2.0,-2.0,3.0,2.0,4.0,6.0,5.0,10.0,6.0,12.0,0.0,0.0,0.0,0.0,0.0,0.0,0.0,0.0,0.0,0.0
0.0328,122.0,-96.0,7.0,0.0,21.0,22.0,22.0,21.0,21.0,19.0,20.0,17.0,17.0,14.0,14.0,11.0,10.0,8.0,5.0,5.0,0.0,3.0,-5.0,2.0,-9.0,2.0,-14.0,2.0,-17.0,2.0,-20.0,1.0,-23.0,2.0,-23.0,3.0,-24.0,2.0,-22.0,3.0,-20.0,3.0,-18.0,3.0,-15.0,2.0,-11.0,2.0,-8.0,0.0,-4.0,0.0,-1.0,-2.0,0.0,0.0,0.0,0.0,0.0,0.0,0.0,0.0,0.0,0.0
0.0408,122.0,-96.0,7.0,0.0,-25.0,-4.0,-23.0,-3.0,-24.0,-3.0,-23.0,-3.0,-23.0,-2.0,-23.0,-2.0,-22.0,-1.0,-22.0,-1.0,-23.0,0.0,-22.0,0.0,-22.0,0.0,-22.0,1.0,-21.0,1.0,-22.0,1.0,-21.0,1.0,-21.0,1.0,-20.0,0.0,-20.0,0.0,-19.0,-1.0,-19.0,-1.0,-18.0,-1.0,-18.0,-1.0,-18.0,-1.0,-17.0,-1.0,-16.0,-2.0,0.0,0.0,0.0,0.0,0.0,0.0,0.0,0.0,0.0,0.0
0.0507,122.0,-96.0,7.0,0.0,4.0,-1.0,2.0,4.0,-1.0,8.0,-2.0,13.0,-3.0,17.0,-3.0,20.0,-3.0,23.0,-3.0,24.0,-2.0,24.0,-2.0,24.0,-1.0,22.0,0.0,20.0,0.0,17.0,-1.0,13.0,-1.0,9.0,-2.0,5.0,-2.0,1.0,-4.0,-3.0,-5.0,-7.0,-6.0,-9.0,-7.0,-11.0,-8.0,-12.0,-8.0,-13.0,-8.0,-13.0,-8.0,-13.0,0.0,0.0,0.0,0.0,0.0,0.0,0.0,0.0,0.0,0.0
0.0638,122.0,-96.0,7.0,0.0,0.0,24.0,-1.0,20.0,0.0,14.0,-2.0,9.0,-4.0,3.0,-5.0,-2.0,-8.0,-6.0,-10.0,-11.0,-13.0,-13.0,-15.0,-15.0,-17.0,-17.0,-19.0,-18.0,-20.0,-17.0,-19.0,-17.0,-19.0,-16.0,-17.0,-14.0,-14.0,-11.0,-11.0,-9.0,-8.0,-7.0,-4.0,-5.0,0.0,-3.0,3.0,-1.0,6.0,-1.0,8.0,0.0,10.0,1.0,0.0,0.0,0.0,0.0,0.0,0.0,0.0,0.0,0.0,0.0
0.0772,122.0,-96.0,7.0,0.0,16.0,-9.0,19.0,-10.0,22.0,-12.0,23.0,-12.0,23.0,-13.0,22.0,-14.0,20.0,-14.0,18.0,-13.0,15.0,-12.0,12.0,-9.0,9.0,-6.0,6.0,-3.0,3.0,0.0,0.0,3.0,-2.0,7.0,-4.0,10.0,-6.0,13.0,-7.0,14.0,-7.0,15.0,-7.0,16.0,-7.0,15.0,-7.0,15.0,-6.0,13.0,-5.0,12.0,-5.0,10.0,0.0,0.0,0.0,0.0,0.0,0.0,0.0,0.0,0.0,0.0
0.0903,122.0,-96.0,7.0,0.0,25.0,7.0,21.0,6.0,15.0,5.0,9.0,4.0,3.0,4.0,-3.0,4.0,-9.0,5.0,-15.0,6.0,-19.0,8.0,-21.0,10.0,-24.0,12.0,-25.0,14.0,-25.0,15.0,-24.0,14.0,-23.0,14.0,-20.0,13.0,-17.0,10.0,-13.0,8.0,-10.0,5.0,-6.0,2.0,-3.0,-1.0,0.0,-4.0,2.0,-7.0,4.0,-10.0,5.0,-12.0,0.0,0.0,0.0,0.0,0.0,0.0,0.0,0.0,0.0,0.0
0.1058,122.0,-96.0,7.0,0.0,-4.0,-4.0,2.0,-5.0,8.0,-6.0,13.0,-7.0,17.0,-8.0,20.0,-10.0,22.0,-12.0,23.0,-14.0,23.0,-15.0,22.0,-15.0,20.0,-14.0,18.0,-13.0,15.0,-12.0,12.0,-9.0,9.0,-6.0,5.0,-3.0,2.0,1.0,-1.0,5.0,-3.0,8.0,-5.0,10.0,-6.0,12.0,-7.0,13.0,-7.0,14.0,-7.0,15.0,-7.0,14.0,0.0,0.0,0.0,0.0,0.0,0.0,0.0,0.0,0.0,0.0
0.1203,122.0,-96.0,7.0,0.0,26.0,8.0,21.0,6.0,15.0,5.0,9.0,4.0,3.0,4.0,-3.0,4.0,-9.0,5.0,-15.0,6.0,-19.0,8.0,-22.0,10.0,-25.0,12.0,-26.0,14.0,-26.0,14.0,-25.0,13.0,-23.0,13.0,-21.0,13.0,-17.0,10.0,-14.0,7.0,-10.0,4.0,-7.0,1.0,-3.0,-1.0,0.0,-4.0,2.0,-7.0,4.0,-10.0,5.0,-12.0,0.0,0.0,0.0,0.0,0.0,0.0,0.0,0.0,0.0,0.0
0.136,122.0,-96.0,7.0,0.0,-5.0,-3.0,1.0,-5.0,6.0,-7.0,10.0,-8.0,14.0,-11.0,16.0,-13.0,18.0,-14.0,18.0,-16.0,18.0,-17.0,17.0,-17.0,16.0,-16.0,14.0,-15.0,11.0,-13.0,9.0,-10.0,6.0,-7.0,5.0,-4.0,2.0,0.0,0.0,4.0,-1.0,7.0,-3.0,10.0,-3.0,12.0,-4.0,13.0,-4.0,14.0,-4.0,14.0,-4.0,14.0,0.0,0.0,0.0,0.0,0.0,0.0,0.0,0.0,0.0,0.0
0.1459,122.0,-96.0,7.0,0.0,-17.0,3.0,-17.0,4.0,-17.0,3.0,-16.0,3.0,-16.0,4.0,-16.0,4.0,-15.0,4.0,-15.0,5.0,-15.0,4.0,-15.0,5.0,-15.0,5.0,-15.0,5.0,-14.0,5.0,-14.0,5.0,-14.0,5.0,-14.0,5.0,-14.0,4.0,-13.0,4.0,-13.0,3.0,-13.0,4.0,-13.0,3.0,-12.0,3.0,-12.0,3.0,-12.0,2.0,-11.0,2.0,0.0,0.0,0.0,0.0,0.0,0.0,0.0,0.0,0.0,0.0
0.16,122.0,-96.0,7.0,0.0,7.0,-31.0,6.0,-25.0,3.0,-19.0,4.0,-12.0,4.0,-4.0,5.0,2.0,7.0,9.0,9.0,15.0,10.0,20.0,13.0,23.0,15.0,26.0,16.0,27.0,17.0,26.0,19.0,25.0,18.0,23.0,16.0,21.0,14.0,17.0,10.0,13.0,7.0,9.0,3.0,6.0,-2.0,3.0,-5.0,0.0,-8.0,-3.0,-11.0,-5.0,-14.0,-6.0,0.0,0.0,0.0,0.0,0.0,0.0,0.0,0.0,0.0,0.0
0.1727,122.0,-96.0,7.0,0.0,5.0,23.0,4.0,19.0,3.0,14.0,0.0,9.0,-2.0,4.0,-5.0,-1.0,-9.0,-5.0,-12.0,-8.0,-15.0,-11.0,-18.0,-12.0,-20.0,-13.0,-22.0,-13.0,-23.0,-13.0,-23.0,-12.0,-22.0,-11.0,-19.0,-10.0,-17.0,-8.0,-13.0,-7.0,-8.0,-5.0,-5.0,-4.0,-1.0,-3.0,3.0,-2.0,6.0,-2.0,8.0,-1.0,11.0,-1.0,0.0,0.0,0.0,0.0,0.0,0.0,0.0,0.0,0.0,0.0
0.185,122.0,-96.0,7.0,0.0,29.0,10.0,29.0,10.0,28.0,8.0,25.0,7.0,22.0,5.0,18.0,4.0,13.0,3.0,7.0,2.0,2.0,2.0,-3.0,3.0,-7.0,5.0,-12.0,6.0,-15.0,8.0,-18.0,9.0,-20.0,10.0,-20.0,11.0,-20.0,11.0,-19.0,11.0,-18.0,10.0,-15.0,9.0,-13.0,8.0,-10.0,6.0,-7.0,3.0,-4.0,1.0,-2.0,-1.0,0.0,0.0,0.0,0.0,0.0,0.0,0.0,0.0,0.0,0.0
0.1994,122.0,-96.0,7.0,0.0,-28.0,2.0,-24.0,2.0,-16.0,0.0,-11.0,-1.0,-5.0,-3.0,0.0,-5.0,6.0,-9.0,10.0,-12.0,13.0,-15.0,15.0,-18.0,17.0,-21.0,17.0,-23.0,17.0,-24.0,16.0,-23.0,15.0,-22.0,13.0,-21.0,10.0,-17.0,8.0,-13.0,6.0,-9.0,4.0,-5.0,3.0,-1.0,1.0,3.0,0.0,6.0,-1.0,10.0,-1.0,12.0,0.0,0.0,0.0,0.0,0.0,0.0,0.0,0.0,0.0,0.0
0.2131,122.0,-96.0,7.0,0.0,4.0,2.0,-2.0,5.0,-8.0,6.0,-12.0,8.0,-16.0,10.0,-19.0,12.0,-21.0,14.0,-22.0,16.0,-22.0,17.0,-21.0,17.0,-20.0,17.0,-18.0,15.0,-15.0,13.0,-12.0,10.0,-9.0,7.0,-7.0,3.0,-3.0,-1.0,-2.0,-5.0,1.0,-8.0,2.0,-11.0,3.0,-13.0,4.0,-14.0,4.0,-16.0,4.0,-16.0,4.0,-16.0,0.0,0.0,0.0,0.0,0.0,0.0,0.0,0.0,0.0,0.0
0.2239,122.0,-96.0,7.0,0.0,-21.0,-13.0,-21.0,-12.0,-21.0,-12.0,-21.0,-11.0,-21.0,-10.0,-21.0,-10.0,-20.0,-9.0,-21.0,-8.0,-21.0,-8.0,-21.0,-8.0,-21.0,-7.0,-21.0,-7.0,-20.0,-7.0,-20.0,-7.0,-20.0,-7.0,-20.0,-7.0,-19.0,-7.0,-19.0,-7.0,-18.0,-7.0,-18.0,-7.0,-17.0,-7.0,-16.0,-7.0,-16.0,-7.0,-16.0,-7.0,-15.0,-7.0,0.0,0.0,0.0,0.0,0.0,0.0,0.0,0.0,0.0,0.0
0.2375,122.0,-96.0,7.0,0.0,-32.0,6.0,-26.0,5.0,-19.0,3.0,-13.0,0.0,-6.0,-3.0,0.0,-7.0,5.0,-11.0,9.0,-15.0,13.0,-19.0,15.0,-22.0,16.0,-26.0,16.0,-28.0,16.0,-29.0,15.0,-28.0,13.0,-26.0,12.0,-25.0,10.0,-19.0,7.0,-15.0,6.0,-11.0,4.0,-6.0,3.0,-2.0,1.0,3.0,1.0,7.0,1.0,11.0,0.0,14.0,0.0,0.0,0.0,0.0,0.0,0.0,0.0,0.0,0.0,0.0
0.2516,122.0,-96.0,7.0,0.0,-5.0,3.0,-6.0,-3.0,-5.0,-9.0,-7.0,-15.0,-8.0,-19.0,-9.0,-22.0,-11.0,-25.0,-11.0,-25.0,-12.0,-25.0,-13.0,-24.0,-13.0,-23.0,-12.0,-20.0,-10.0,-17.0,-8.0,-14.0,-5.0,-10.0,-2.0,-7.0,1.0,-3.0,4.0,0.0,7.0,3.0,9.0,5.0,12.0,7.0,13.0,8.0,14.0,8.0,14.0,8.0,13.0,8.0,0.0,0.0,0.0,0.0,0.0,0.0,0.0,0.0,0.0,0.0
0.2625,122.0,-96.0,7.0,0.0,-19.0,-16.0,-19.0,-16.0,-18.0,-15.0,-18.0,-15.0,-19.0,-13.0,-19.0,-13.0,-18.0,-12.0,-19.0,-12.0,-19.0,-12.0,-19.0,-12.0,-19.0,-11.0,-19.0,-10.0,-19.0,-11.0,-18.0,-11.0,-18.0,-10.0,-18.0,-10.0,-17.0,-10.0,-17.0,-10.0,-16.0,-10.0,-16.0,-10.0,-15.0,-10.0,-15.0,-9.0,-14.0,-10.0,-14.0,-10.0,-13.0,-10.0,0.0,0.0,0.0,0.0,0.0,0.0,0.0,0.0,0.0,0.0
0.2759,122.0,-96.0,7.0,0.0,0.0,-5.0,5.0,-1.0,9.0,3.0,13.0,6.0,17.0,9.0,20.0,10.0,23.0,11.0,24.0,11.0,25.0,10.0,24.0,9.0,23.0,8.0,21.0,7.0,18.0,6.0,14.0,5.0,9.0,4.0,5.0,3.0,0.0,2.0,-4.0,2.0,-8.0,2.0,-11.0,2.0,-14.0,2.0,-16.0,2.0,-17.0,2.0,-17.0,3.0,-17.0,3.0,0.0,0.0,0.0,0.0,0.0,0.0,0.0,0.0,0.0,0.0
0.291,122.0,-96.0,7.0,0.0,-5.0,-32.0,-6.0,-31.0,-7.0,-29.0,-6.0,-27.0,-6.0,-23.0,-5.0,-19.0,-4.0,-14.0,-2.0,-9.0,1.0,-4.0,4.0,-1.0,7.0,3.0,10.0,6.0,13.0,8.0,16.0,10.0,19.0,11.0,19.0,12.0,20.0,12.0,19.0,11.0,17.0,10.0,15.0,8.0,13.0,6.0,9.0,5.0,6.0,4.0,3.0,2.0,0.0,1.0,0.0,0.0,0.0,0.0,0.0,0.0,0.0,0.0,0.0,0.0
0.3052,122.0,-96.0,7.0,0.0,4.0,-4.0,5.0,3.0,3.0,10.0,5.0,16.0,6.0,21.0,7.0,25.0,8.0,27.0,9.0,28.0,10.0,28.0,11.0,27.0,11.0,26.0,10.0,23.0,9.0,19.0,7.0,15.0,4.0,10.0,1.0,7.0,-2.0,2.0,-5.0,-2.0,-8.0,-5.0,-11.0,-8.0,-14.0,-9.0,-15.0,-10.0,-16.0,-11.0,-16.0,-11.0,-15.0,-11.0,0.0,0.0,0.0,0.0,0.0,0.0,0.0,0.0,0.0,0.0
0.3184,122.0,-96.0,7.0,0.0,-24.0,15.0,-20.0,12.0,-14.0,8.0,-10.0,4.0,-6.0,-1.0,-2.0,-6.0,1.0,-11.0,3.0,-16.0,4.0,-20.0,5.0,-24.0,5.0,-28.0,4.0,-29.0,4.0,-29.0,2.0,-28.0,1.0,-26.0,2.0,-24.0,1.0,-19.0,0.0,-15.0,1.0,-10.0,1.0,-5.0,2.0,-2.0,3.0,3.0,4.0,6.0,5.0,9.0,6.0,11.0,0.0,0.0,0.0,0.0,0.0,0.0,0.0,0.0,0.0,0.0
0.3312,122.0,-96.0,7.0,0.0,20.0,13.0,16.0,10.0,11.0,8.0,6.0,5.0,1.0,4.0,-4.0,2.0,-10.0,2.0,-15.0,2.0,-18.0,2.0,-21.0,3.0,-24.0,4.0,-25.0,5.0,-25.0,6.0,-25.0,6.0,-23.0,6.0,-20.0,6.0,-17.0,4.0,-13.0,2.0,-9.0,1.0,-5.0,-1.0,-2.0,-2.0,1.0,-4.0,4.0,-6.0,6.0,-8.0,8.0,-9.0,0.0,0.0,0.0,0.0,0.0,0.0,0.0,0.0,0.0,0.0
0.3452,122.0,-96.0,7.0,0.0,-26.0,-12.0,-22.0,-10.0,-15.0,-8.0,-10.0,-6.0,-3.0,-5.0,3.0,-5.0,9.0,-5.0,14.0,-6.0,19.0,-7.0,22.0,-9.0,25.0,-10.0,26.0,-11.0,26.0,-12.0,25.0,-12.0,23.0,-12.0,21.0,-12.0,17.0,-9.0,13.0,-7.0,10.0,-5.0,6.0,-2.0,2.0,0.0,-1.0,3.0,-3.0,5.0,-6.0,8.0,-7.0,10.0,0.0,0.0,0.0,0.0,0.0,0.0,0.0,0.0,0.0,0.0
0.359,122.0,-96.0,7.0,0.0,24.0,0.0,21.0,0.0,14.0,0.0,9.0,1.0,4.0,2.0,-2.0,4.0,-6.0,6.0,-11.0,9.0,-14.0,11.0,-16.0,14.0,-18.0,16.0,-18.0,18.0,-18.0,19.0,-17.0,18.0,-16.0,17.0,-14.0,16.0,-12.0,13.0,-9.0,10.0,-7.0,6.0,-5.0,3.0,-3.0,0.0,-1.0,-3.0,0.0,-7.0,1.0,-9.0,1.0,-12.0,0.0,0.0,0.0,0.0,0.0,0.0,0.0,0.0,0.0,0.0
0.3734,122.0,-96.0,7.0,0.0,-4.0,-4.0,2.0,-4.0,8.0,-5.0,12.0,-5.0,16.0,-6.0,19.0,-7.0,21.0,-8.0,22.0,-10.0,22.0,-11.0,21.0,-11.0,20.0,-11.0,18.0,-10.0,15.0,-9.0,12.0,-7.0,8.0,-4.0,5.0,-2.0,2.0,1.0,-1.0,4.0,-4.0,6.0,-6.0,8.0,-7.0,10.0,-8.0,11.0,-8.0,12.0,-8.0,12.0,-9.0,12.0,0.0,0.0,0.0,0.0,0.0,0.0,0.0,0.0,0.0,0.0
0.3876,122.0,-96.0,7.0,0.0,28.0,-14.0,23.0,-11.0,16.0,-7.0,12.0,-4.0,6.0,0.0,1.0,5.0,-3.0,11.0,-7.0,16.0,-9.0,20.0,-10.0,24.0,-11.0,28.0,-11.0,31.0,-11.0,31.0,-9.0,30.0,-8.0,28.0,-7.0,26.0,-5.0,21.0,-5.0,16.0,-4.0,11.0,-4.0,5.0,-4.0,1.0,-3.0,-3.0,-4.0,-7.0,-4.0,-11.0,-5.0,-14.0,0.0,0.0,0.0,0.0,0.0,0.0,0.0,0.0,0.0,0.0
0.4009,122.0,-96.0,7.0,0.0,-26.0,11.0,-22.0,9.0,-16.0,6.0,-11.0,3.0,-6.0,-1.0,-2.0,-5.0,2.0,-10.0,6.0,-15.0,8.0,-19.0,9.0,-22.0,9.0,-26.0,9.0,-28.0,8.0,-28.0,7.0,-27.0,6.0,-25.0,6.0,-24.0,4.0,-19.0,3.0,-15.0,3.0,-11.0,2.0,-6.0,2.0,-2.0,2.0,2.0,2.0,6.0,2.0,9.0,3.0,11.0,0.0,0.0,0.0,0.0,0.0,0.0,0.0,0.0,0.0,0.0
0.4133,122.0,-96.0,7.0,0.0,-32.0,2.0,-27.0,1.0,-19.0,0.0,-13.0,-1.0,-6.0,-4.0,1.0,-6.0,7.0,-10.0,12.0,-14.0,15.0,-17.0,18.0,-20.0,20.0,-24.0,20.0,-26.0,19.0,-27.0,18.0,-25.0,17.0,-24.0,15.0,-23.0,12.0,-17.0,9.0,-13.0,6.0,-9.0,4.0,-4.0,3.0,0.0,1.0,4.0,0.0,8.0,-2.0,12.0,-2.0,15.0,0.0,0.0,0.0,0.0,0.0,0.0,0.0,0.0,0.0,0.0
0.423,122.0,-96.0,7.0,0.0,6.0,-15.0,6.0,-15.0,6.0,-14.0,6.0,-15.0,5.0,-14.0,5.0,-14.0,4.0,-14.0,4.0,-14.0,4.0,-14.0,4.0,-14.0,3.0,-14.0,3.0,-14.0,3.0,-14.0,3.0,-14.0,3.0,-14.0,3.0,-14.0,3.0,-13.0,4.0,-13.0,3.0,-12.0,4.0,-13.0,4.0,-13.0,3.0,-11.0,3.0,-11.0,4.0,-11.0,4.0,-10.0,0.0,0.0,0.0,0.0,0.0,0.0,0.0,0.0,0.0,0.0
0.4354,122.0,-96.0,7.0,0.0,24.0,-3.0,20.0,-2.0,14.0,-1.0,9.0,0.0,4.0,2.0,-1.0,4.0,-6.0,7.0,-10.0,10.0,-13.0,12.0,-15.0,15.0,-16.0,18.0,-16.0,19.0,-17.0,21.0,-15.0,19.0,-14.0,18.0,-13.0,17.0,-11.0,14.0,-9.0,10.0,-6.0,6.0,-5.0,3.0,-3.0,0.0,-1.0,-3.0,-1.0,-7.0,0.0,-10.0,0.0,-12.0,0.0,0.0,0.0,0.0,0.0,0.0,0.0,0.0,0.0,0.0
0.4498,122.0,-96.0,7.0,0.0,12.0,-46.0,10.0,-45.0,8.0,-44.0,7.0,-40.0,5.0,-34.0,4.0,-28.0,3.0,-21.0,3.0,-13.0,4.0,-5.0,6.0,2.0,8.0,10.0,11.0,15.0,13.0,20.0,17.0,24.0,19.0,26.0,19.0,28.0,20.0,27.0,20.0,26.0,18.0,24.0,16.0,20.0,13.0,17.0,10.0,13.0,7.0,9.0,2.0,5.0,-2.0,2.0,0.0,0.0,0.0,0.0,0.0,0.0,0.0,0.0,0.0,0.0
0.4626,122.0,-96.0,7.0,0.0,4.0,3.0,-3.0,5.0,-10.0,7.0,-15.0,8.0,-19.0,10.0,-23.0,12.0,-25.0,14.0,-26.0,16.0,-26.0,17.0,-25.0,17.0,-23.0,17.0,-21.0,15.0,-18.0,13.0,-14.0,10.0,-10.0,6.0,-7.0,3.0,-4.0,-2.0,-1.0,-6.0,2.0,-10.0,4.0,-13.0,5.0,-15.0,6.0,-16.0,6.0,-17.0,7.0,-18.0,7.0,-18.0,0.0,0.0,0.0,0.0,0.0,0.0,0.0,0.0,0.0,0.0
0.4728,122.0,-96.0,7.0,0.0,-23.0,-8.0,-23.0,-8.0,-22.0,-7.0,-22.0,-7.0,-22.0,-6.0,-22.0,-5.0,-21.0,-5.0,-22.0,-5.0,-22.0,-4.0,-22.0,-4.0,-22.0,-3.0,-22.0,-3.0,-21.0,-3.0,-21.0,-3.0,-21.0,-3.0,-21.0,-3.0,-20.0,-3.0,-19.0,-4.0,-19.0,-4.0,-18.0,-4.0,-18.0,-4.0,-17.0,-4.0,-17.0,-4.0,-16.0,-4.0,-16.0,-5.0,0.0,0.0,0.0,0.0,0.0,0.0,0.0,0.0,0.0,0.0
0.4839,122.0,-96.0,7.0,0.0,-20.0,-15.0,-20.0,-15.0,-19.0,-14.0,-19.0,-14.0,-19.0,-12.0,-19.0,-12.0,-19.0,-12.0,-19.0,-11.0,-19.0,-11.0,-19.0,-10.0,-19.0,-10.0,-19.0,-9.0,-19.0,-10.0,-19.0,-10.0,-19.0,-10.0,-18.0,-9.0,-18.0,-10.0,-18.0,-10.0,-17.0,-9.0,-17.0,-9.0,-16.0,-9.0,-15.0,-9.0,-15.0,-9.0,-14.0,-9.0,-14.0,-9.0,0.0,0.0,0.0,0.0,0.0,0.0,0.0,0.0,0.0,0.0
0.4997,122.0,-96.0,7.0,0.0,-16.0,-23.0,-13.0,-19.0,-10.0,-15.0,-5.0,-10.0,-1.0,-6.0,5.0,-3.0,10.0,0.0,15.0,2.0,20.0,3.0,23.0,4.0,26.0,4.0,27.0,3.0,28.0,2.0,28.0,2.0,26.0,1.0,23.0,1.0,20.0,0.0,15.0,0.0,10.0,1.0,6.0,1.0,1.0,2.0,-3.0,2.0,-6.0,3.0,-9.0,5.0,-11.0,6.0,0.0,0.0,0.0,0.0,0.0,0.0,0.0,0.0,0.0,0.0
0.5088,122.0,-96.0,7.0,0.0,-16.0,17.0,-16.0,17.0,-15.0,17.0,-15.0,17.0,-15.0,17.0,-14.0,17.0,-13.0,17.0,-12.0,17.0,-13.0,17.0,-12.0,17.0,-12.0,17.0,-12.0,17.0,-12.0,17.0,-11.0,17.0,-11.0,17.0,-11.0,17.0,-11.0,16.0,-12.0,16.0,-11.0,15.0,-11.0,14.0,-11.0,14.0,-11.0,13.0,-11.0,13.0,-11.0,12.0,-11.0,12.0,0.0,0.0,0.0,0.0,0.0,0.0,0.0,0.0,0.0,0.0
0.5178,122.0,-96.0,7.0,0.0,14.0,-7.0,14.0,-8.0,13.0,-8.0,13.0,-8.0,13.0,-8.0,13.0,-8.0,12.0,-8.0,11.0,-8.0,11.0,-8.0,11.0,-9.0,11.0,-9.0,11.0,-9.0,11.0,-9.0,11.0,-9.0,11.0,-9.0,11.0,-7.0,10.0,-8.0,10.0,-8.0,11.0,-7.0,11.0,-8.0,10.0,-7.0,9.0,-7.0,10.0,-7.0,9.0,-6.0,9.0,-5.0,0.0,0.0,0.0,0.0,0.0,0.0,0.0,0.0,0.0,0.0
0.534,122.0,-96.0,7.0,0.0,0.0,-6.0,4.0,-1.0,9.0,2.0,13.0,6.0,17.0,8.0,20.0,9.0,23.0,10.0,24.0,9.0,25.0,8.0,25.0,7.0,24.0,7.0,22.0,6.0,18.0,5.0,15.0,4.0,10.0,3.0,6.0,3.0,1.0,3.0,-3.0,3.0,-7.0,2.0,-10.0,3.0,-14.0,3.0,-15.0,3.0,-16.0,3.0,-16.0,4.0,-16.0,4.0,0.0,0.0,0.0,0.0,0.0,0.0,0.0,0.0,0.0,0.0
0.5459,122.0,-96.0,7.0,0.0,-3.0,-28.0,-3.0,-23.0,-2.0,-17.0,0.0,-11.0,3.0,-5.0,5.0,1.0,9.0,6.0,11.0,10.0,15.0,13.0,18.0,15.0,20.0,17.0,22.0,17.0,22.0,17.0,22.0,16.0,21.0,15.0,19.0,13.0,16.0,10.0,12.0,8.0,8.0,6.0,3.0,4.0,-1.0,2.0,-5.0,1.0,-9.0,0.0,-11.0,-1.0,-14.0,-2.0,0.0,0.0,0.0,0.0,0.0,0.0,0.0,0.0,0.0,0.0
0.559,122.0,-96.0,7.0,0.0,-4.0,4.0,-7.0,-2.0,-9.0,-8.0,-12.0,-13.0,-15.0,-17.0,-18.0,-20.0,-21.0,-22.0,-22.0,-22.0,-23.0,-22.0,-23.0,-21.0,-22.0,-19.0,-20.0,-17.0,-17.0,-14.0,-13.0,-12.0,-9.0,-9.0,-4.0,-7.0,0.0,-4.0,4.0,-2.0,8.0,0.0,12.0,1.0,15.0,2.0,17.0,3.0,18.0,3.0,17.0,3.0,17.0,3.0,0.0,0.0,0.0,0.0,0.0,0.0,0.0,0.0,0.0,0.0
0.5723,122.0,-96.0,7.0,0.0,-5.0,4.0,-6.0,-3.0,-6.0,-9.0,-9.0,-15.0,-11.0,-20.0,-13.0,-23.0,-15.0,-26.0,-16.0,-27.0,-17.0,-26.0,-17.0,-26.0,-17.0,-24.0,-16.0,-22.0,-14.0,-18.0,-11.0,-14.0,-7.0,-11.0,-3.0,-8.0,1.0,-3.0,4.0,0.0,8.0,2.0,11.0,4.0,15.0,5.0,16.0,6.0,16.0,7.0,16.0,7.0,16.0,7.0,0.0,0.0,0.0,0.0,0.0,0.0,0.0,0.0,0.0,0.0
0.5852,122.0,-96.0,7.0,0.0,2.0,3.0,-4.0,4.0,-9.0,4.0,-15.0,4.0,-19.0,5.0,-22.0,6.0,-25.0,8.0,-26.0,9.0,-26.0,10.0,-25.0,10.0,-24.0,10.0,-21.0,10.0,-18.0,8.0,-14.0,6.0,-10.0,4.0,-7.0,1.0,-3.0,-2.0,0.0,-6.0,4.0,-8.0,6.0,-10.0,7.0,-12.0,8.0,-13.0,9.0,-14.0,9.0,-14.0,9.0,-14.0,0.0,0.0,0.0,0.0,0.0,0.0,0.0,0.0,0.0,0.0
0.6002,122.0,-96.0,7.0,0.0,0.0,-19.0,1.0,-22.0,1.0,-25.0,0.0,-27.0,0.0,-27.0,-1.0,-27.0,-2.0,-25.0,-2.0,-23.0,-2.0,-20.0,-2.0,-16.0,-1.0,-13.0,0.0,-8.0,1.0,-4.0,3.0,1.0,5.0,4.0,7.0,8.0,8.0,10.0,9.0,12.0,10.0,13.0,11.0,13.0,11.0,13.0,10.0,12.0,10.0,11.0,8.0,9.0,6.0,8.0,0.0,0.0,0.0,0.0,0.0,0.0,0.0,0.0,0.0,0.0
0.61,122.0,-96.0,7.0,0.0,-10.0,-22.0,-11.0,-22.0,-10.0,-21.0,-10.0,-21.0,-11.0,-20.0,-11.0,-20.0,-11.0,-19.0,-12.0,-19.0,-12.0,-19.0,-12.0,-18.0,-13.0,-18.0,-13.0,-18.0,-13.0,-18.0,-12.0,-17.0,-13.0,-18.0,-12.0,-17.0,-12.0,-17.0,-11.0,-16.0,-10.0,-16.0,-10.0,-16.0,-10.0,-16.0,-10.0,-15.0,-9.0,-15.0,-9.0,-15.0,-8.0,-15.0,0.0,0.0,0.0,0.0,0.0,0.0,0.0,0.0,0.0,0.0
0.6232,122.0,-96.0,7.0,0.0,-3.0,-24.0,-3.0,-28.0,-3.0,-31.0,-4.0,-33.0,-5.0,-34.0,-7.0,-33.0,-7.0,-31.0,-6.0,-27.0,-6.0,-23.0,-4.0,-18.0,-3.0,-14.0,-1.0,-9.0,2.0,-4.0,5.0,1.0,8.0,5.0,11.0,9.0,13.0,12.0,14.0,14.0,15.0,15.0,16.0,15.0,16.0,14.0,15.0,13.0,13.0,12.0,11.0,10.0,9.0,8.0,0.0,0.0,0.0,0.0,0.0,0.0,0.0,0.0,0.0,0.0
0.6374,122.0,-96.0,7.0,0.0,-23.0,4.0,-27.0,5.0,-31.0,6.0,-33.0,6.0,-33.0,7.0,-32.0,8.0,-30.0,8.0,-27.0,9.0,-23.0,8.0,-18.0,7.0,-14.0,4.0,-10.0,1.0,-5.0,-2.0,0.0,-5.0,3.0,-9.0,6.0,-12.0,9.0,-15.0,12.0,-16.0,13.0,-18.0,13.0,-19.0,12.0,-18.0,11.0,-17.0,10.0,-16.0,8.0,-14.0,7.0,-12.0,0.0,0.0,0.0,0.0,0.0,0.0,0.0,0.0,0.0,0.0
0.652,122.0,-96.0,7.0,0.0,-1.0,-18.0,-1.0,-23.0,-1.0,-25.0,-1.0,-27.0,-2.0,-27.0,-3.0,-27.0,-3.0,-25.0,-3.0,-22.0,-3.0,-19.0,-3.0,-16.0,-2.0,-13.0,-1.0,-8.0,1.0,-4.0,3.0,0.0,6.0,4.0,7.0,7.0,9.0,10.0,10.0,11.0,11.0,13.0,11.0,13.0,12.0,13.0,11.0,12.0,10.0,11.0,8.0,9.0,7.0,7.0,0.0,0.0,0.0,0.0,0.0,0.0,0.0,0.0,0.0,0.0
0.6656,122.0,-96.0,7.0,0.0,-19.0,17.0,-16.0,13.0,-11.0,9.0,-9.0,5.0,-6.0,0.0,-3.0,-5.0,-1.0,-10.0,0.0,-15.0,1.0,-19.0,0.0,-22.0,0.0,-25.0,-1.0,-26.0,-1.0,-27.0,-2.0,-25.0,-2.0,-24.0,-2.0,-21.0,-2.0,-17.0,-2.0,-13.0,-1.0,-9.0,0.0,-5.0,2.0,-2.0,3.0,2.0,4.0,5.0,6.0,7.0,6.0,9.0,0.0,0.0,0.0,0.0,0.0,0.0,0.0,0.0,0.0,0.0
0.6731,122.0,-96.0,7.0,0.0,23.0,-1.0,23.0,-1.0,22.0,-2.0,22.0,-2.0,21.0,-4.0,21.0,-4.0,21.0,-4.0,21.0,-4.0,21.0,-5.0,20.0,-4.0,20.0,-5.0,20.0,-5.0,19.0,-6.0,20.0,-5.0,19.0,-5.0,19.0,-5.0,18.0,-5.0,18.0,-5.0,18.0,-5.0,17.0,-5.0,17.0,-4.0,16.0,-4.0,16.0,-3.0,16.0,-3.0,16.0,-2.0,0.0,0.0,0.0,0.0,0.0,0.0,0.0,0.0,0.0,0.0
0.686,122.0,-96.0,7.0,0.0,-5.0,4.0,-7.0,-2.0,-8.0,-8.0,-11.0,-14.0,-13.0,-18.0,-16.0,-21.0,-18.0,-24.0,-19.0,-24.0,-20.0,-24.0,-21.0,-23.0,-21.0,-21.0,-19.0,-19.0,-16.0,-17.0,-13.0,-13.0,-9.0,-10.0,-4.0,-8.0,0.0,-4.0,4.0,-2.0,8.0,1.0,11.0,2.0,14.0,3.0,16.0,4.0,17.0,5.0,17.0,4.0,17.0,5.0,0.0,0.0,0.0,0.0,0.0,0.0,0.0,0.0,0.0,0.0
0.701,122.0,-96.0,7.0,0.0,26.0,-17.0,26.0,-18.0,23.0,-17.0,21.0,-16.0,18.0,-15.0,14.0,-12.0,10.0,-9.0,7.0,-5.0,3.0,-1.0,1.0,4.0,-1.0,9.0,-2.0,13.0,-3.0,17.0,-3.0,20.0,-4.0,21.0,-3.0,23.0,-3.0,22.0,-2.0,21.0,-2.0,19.0,-2.0,17.0,-1.0,13.0,-1.0,10.0,-1.0,6.0,-2.0,3.0,-2.0,0.0,0.0,0.0,0.0,0.0,0.0,0.0,0.0,0.0,0.0,0.0
0.7082,122.0,-96.0,7.0,0.0,19.0,3.0,18.0,3.0,19.0,3.0,18.0,3.0,18.0,2.0,18.0,2.0,18.0,1.0,17.0,0.0,18.0,1.0,17.0,1.0,17.0,0.0,17.0,0.0,17.0,0.0,17.0,0.0,16.0,0.0,17.0,0.0,15.0,0.0,16.0,0.0,15.0,1.0,14.0,0.0,14.0,1.0,14.0,1.0,14.0,2.0,13.0,2.0,13.0,2.0,0.0,0.0,0.0,0.0,0.0,0.0,0.0,0.0,0.0,0.0
0.7165,122.0,-96.0,7.0,0.0,7.0,22.0,8.0,21.0,8.0,21.0,8.0,20.0,9.0,20.0,9.0,19.0,9.0,19.0,10.0,19.0,10.0,18.0,10.0,18.0,11.0,17.0,11.0,17.0,11.0,17.0,11.0,17.0,10.0,17.0,11.0,16.0,10.0,16.0,10.0,16.0,9.0,16.0,9.0,15.0,8.0,15.0,8.0,14.0,8.0,14.0,7.0,14.0,6.0,14.0,0.0,0.0,0.0,0.0,0.0,0.0,0.0,0.0,0.0,0.0
0.73,122.0,-96.0,7.0,0.0,11.0,19.0,13.0,24.0,15.0,26.0,17.0,28.0,18.0,28.0,19.0,26.0,18.0,25.0,16.0,21.0,14.0,18.0,11.0,14.0,9.0,11.0,4.0,8.0,0.0,4.0,-6.0,1.0,-10.0,-2.0,-13.0,-4.0,-17.0,-6.0,-20.0,-6.0,-21.0,-7.0,-22.0,-7.0,-22.0,-7.0,-21.0,-7.0,-19.0,-6.0,-16.0,-5.0,-13.0,-4.0,0.0,0.0,0.0,0.0,0.0,0.0,0.0,0.0,0.0,0.0
0.7391,122.0,-96.0,7.0,0.0,2.0,-20.0,2.0,-19.0,2.0,-20.0,2.0,-19.0,1.0,-18.0,1.0,-19.0,0.0,-18.0,0.0,-19.0,0.0,-18.0,-1.0,-18.0,-1.0,-18.0,-1.0,-18.0,-1.0,-18.0,-1.0,-17.0,-1.0,-18.0,-1.0,-17.0,-1.0,-17.0,-1.0,-16.0,-1.0,-16.0,0.0,-15.0,0.0,-15.0,0.0,-15.0,0.0,-14.0,0.0,-14.0,1.0,-14.0,0.0,0.0,0.0,0.0,0.0,0.0,0.0,0.0,0.0,0.0
0.7532,122.0,-96.0,7.0,0.0,-1.0,-32.0,-2.0,-32.0,-3.0,-30.0,-3.0,-28.0,-3.0,-24.0,-3.0,-19.0,-2.0,-14.0,-1.0,-9.0,2.0,-4.0,4.0,0.0,7.0,4.0,9.0,8.0,12.0,10.0,15.0,12.0,17.0,14.0,17.0,14.0,18.0,14.0,17.0,13.0,16.0,12.0,14.0,10.0,11.0,8.0,9.0,6.0,6.0,4.0,2.0,3.0,-1.0,1.0,0.0,0.0,0.0,0.0,0.0,0.0,0.0,0.0,0.0,0.0
0.7667,122.0,-96.0,7.0,0.0,-19.0,4.0,-18.0,3.0,-18.0,3.0,-18.0,3.0,-17.0,3.0,-17.0,3.0,-17.0,3.0,-16.0,4.0,-16.0,3.0,-15.0,3.0,-16.0,4.0,-15.0,4.0,-15.0,4.0,-15.0,4.0,-14.0,3.0,-14.0,3.0,-13.0,3.0,-13.0,3.0,-12.0,2.0,-12.0,2.0,-12.0,2.0,-11.0,1.0,-11.0,1.0,-10.0,1.0,-9.0,0.0,0.0,0.0,0.0,0.0,0.0,0.0,0.0,0.0,0.0,0.0
0.7801,122.0,-96.0,7.0,0.0,-14.0,21.0,-12.0,17.0,-8.0,12.0,-7.0,7.0,-5.0,2.0,-4.0,-4.0,-3.0,-9.0,-4.0,-14.0,-4.0,-18.0,-5.0,-21.0,-6.0,-24.0,-7.0,-25.0,-8.0,-25.0,-9.0,-24.0,-8.0,-22.0,-7.0,-21.0,-7.0,-17.0,-5.0,-13.0,-3.0,-10.0,-1.0,-6.0,1.0,-3.0,3.0,0.0,5.0,3.0,6.0,5.0,8.0,7.0,0.0,0.0,0.0,0.0,0.0,0.0,0.0,0.0,0.0,0.0
0.788,122.0,-96.0,7.0,0.0,10.0,21.0,10.0,20.0,10.0,20.0,10.0,19.0,10.0,19.0,10.0,19.0,10.0,18.0,11.0,18.0,11.0,17.0,11.0,17.0,11.0,17.0,11.0,16.0,11.0,17.0,11.0,16.0,11.0,16.0,11.0,16.0,10.0,16.0,10.0,16.0,9.0,15.0,9.0,15.0,8.0,15.0,8.0,14.0,8.0,14.0,7.0,14.0,6.0,14.0,0.0,0.0,0.0,0.0,0.0,0.0,0.0,0.0,0.0,0.0
0.8028,122.0,-96.0,7.0,0.0,-31.0,8.0,-31.0,9.0,-28.0,9.0,-26.0,9.0,-22.0,8.0,-18.0,7.0,-13.0,4.0,-9.0,2.0,-5.0,-1.0,-1.0,-5.0,2.0,-10.0,5.0,-13.0,6.0,-16.0,8.0,-18.0,8.0,-20.0,9.0,-22.0,9.0,-22.0,8.0,-21.0,7.0,-19.0,6.0,-17.0,5.0,-14.0,3.0,-11.0,3.0,-7.0,2.0,-4.0,1.0,-1.0,0.0,0.0,0.0,0.0,0.0,0.0,0.0,0.0,0.0,0.0
0.8099,122.0,-96.0,7.0,0.0,20.0,12.0,20.0,12.0,19.0,11.0,19.0,11.0,19.0,10.0,19.0,10.0,19.0,9.0,19.0,9.0,19.0,8.0,19.0,7.0,19.0,7.0,19.0,7.0,19.0,7.0,19.0,7.0,19.0,7.0,19.0,6.0,18.0,7.0,17.0,7.0,17.0,7.0,16.0,7.0,16.0,6.0,15.0,7.0,15.0,6.0,14.0,7.0,14.0,7.0,0.0,0.0,0.0,0.0,0.0,0.0,0.0,0.0,0.0,0.0
0.8234,122.0,-96.0,7.0,0.0,38.0,-13.0,37.0,-14.0,34.0,-14.0,31.0,-13.0,27.0,-13.0,21.0,-10.0,16.0,-7.0,10.0,-4.0,5.0,0.0,0.0,5.0,-4.0,11.0,-7.0,15.0,-9.0,20.0,-11.0,22.0,-11.0,24.0,-12.0,27.0,-11.0,26.0,-10.0,25.0,-10.0,23.0,-8.0,21.0,-7.0,17.0,-6.0,13.0,-5.0,8.0,-3.0,4.0,-3.0,0.0,0.0,0.0,0.0,0.0,0.0,0.0,0.0,0.0,0.0,0.0
0.8317,122.0,-96.0,7.0,0.0,0.0,17.0,0.0,17.0,0.0,16.0,0.0,16.0,1.0,16.0,1.0,16.0,2.0,15.0,2.0,15.0,2.0,15.0,2.0,15.0,2.0,14.0,2.0,15.0,2.0,15.0,3.0,15.0,3.0,15.0,2.0,15.0,2.0,14.0,2.0,14.0,2.0,14.0,1.0,12.0,1.0,12.0,2.0,13.0,-1.0,12.0,1.0,12.0,1.0,12.0,0.0,0.0,0.0,0.0,0.0,0.0,0.0,0.0,0.0,0.0
0.8453,122.0,-96.0,7.0,0.0,-5.0,-2.0,-1.0,-5.0,5.0,-8.0,8.0,-11.0,11.0,-13.0,13.0,-16.0,15.0,-18.0,15.0,-20.0,15.0,-21.0,13.0,-20.0,12.0,-19.0,11.0,-18.0,9.0,-15.0,7.0,-12.0,5.0,-8.0,4.0,-5.0,2.0,0.0,1.0,4.0,0.0,7.0,-1.0,10.0,-1.0,12.0,-1.0,13.0,-1.0,15.0,-2.0,14.0,-2.0,14.0,0.0,0.0,0.0,0.0,0.0,0.0,0.0,0.0,0.0,0.0
0.8598,122.0,-96.0,7.0,0.0,2.0,-5.0,5.0,1.0,6.0,6.0,9.0,11.0,12.0,15.0,14.0,17.0,17.0,19.0,17.0,19.0,18.0,19.0,18.0,18.0,18.0,17.0,16.0,15.0,14.0,13.0,11.0,10.0,8.0,7.0,4.0,6.0,0.0,3.0,-4.0,1.0,-8.0,-1.0,-11.0,-2.0,-14.0,-3.0,-16.0,-4.0,-17.0,-4.0,-16.0,-3.0,-16.0,-4.0,0.0,0.0,0.0,0.0,0.0,0.0,0.0,0.0,0.0,0.0
0.8703,122.0,-96.0,7.0,0.0,-16.0,18.0,-15.0,18.0,-14.0,17.0,-14.0,17.0,-13.0,17.0,-12.0,17.0,-12.0,18.0,-11.0,18.0,-11.0,18.0,-11.0,18.0,-11.0,18.0,-10.0,18.0,-10.0,18.0,-10.0,18.0,-10.0,17.0,-10.0,18.0,-10.0,17.0,-10.0,16.0,-9.0,16.0,-10.0,16.0,-9.0,15.0,-9.0,14.0,-9.0,14.0,-9.0,13.0,-9.0,13.0,0.0,0.0,0.0,0.0,0.0,0.0,0.0,0.0,0.0,0.0
0.8836,122.0,-96.0,7.0,0.0,3.0,-28.0,3.0,-28.0,2.0,-27.0,1.0,-25.0,0.0,-21.0,0.0,-17.0,0.0,-13.0,1.0,-8.0,2.0,-3.0,4.0,1.0,6.0,5.0,8.0,8.0,10.0,11.0,12.0,13.0,14.0,14.0,14.0,15.0,14.0,14.0,14.0,14.0,12.0,12.0,11.0,10.0,9.0,8.0,6.0,6.0,4.0,4.0,1.0,2.0,-2.0,1.0,0.0,0.0,0.0,0.0,0.0,0.0,0.0,0.0,0.0,0.0
0.8937,122.0,-96.0,7.0,0.0,-10.0,-22.0,-11.0,-22.0,-10.0,-21.0,-11.0,-20.0,-11.0,-20.0,-12.0,-20.0,-12.0,-18.0,-12.0,-19.0,-12.0,-18.0,-13.0,-18.0,-13.0,-18.0,-13.0,-17.0,-13.0,-17.0,-12.0,-17.0,-12.0,-17.0,-12.0,-17.0,-12.0,-17.0,-11.0,-16.0,-10.0,-16.0,-10.0,-16.0,-10.0,-15.0,-9.0,-15.0,-9.0,-15.0,-8.0,-15.0,-8.0,-14.0,0.0,0.0,0.0,0.0,0.0,0.0,0.0,0.0,0.0,0.0
0.9078,122.0,-96.0,7.0,0.0,3.0,3.0,-3.0,4.0,-8.0,4.0,-12.0,5.0,-16.0,7.0,-19.0,8.0,-21.0,10.0,-22.0,11.0,-22.0,12.0,-21.0,12.0,-20.0,12.0,-18.0,11.0,-15.0,9.0,-12.0,8.0,-9.0,5.0,-7.0,3.0,-3.0,-1.0,-1.0,-5.0,2.0,-7.0,3.0,-10.0,5.0,-11.0,5.0,-12.0,6.0,-13.0,6.0,-14.0,6.0,-14.0,0.0,0.0,0.0,0.0,0.0,0.0,0.0,0.0,0.0,0.0
0.9218,122.0,-96.0,7.0,0.0,-17.0,7.0,-21.0,9.0,-23.0,10.0,-24.0,11.0,-24.0,12.0,-23.0,12.0,-21.0,12.0,-19.0,12.0,-16.0,10.0,-13.0,8.0,-11.0,5.0,-7.0,2.0,-4.0,-1.0,-2.0,-4.0,1.0,-8.0,3.0,-11.0,4.0,-14.0,5.0,-16.0,6.0,-17.0,6.0,-17.0,6.0,-17.0,5.0,-16.0,4.0,-15.0,4.0,-13.0,3.0,-11.0,0.0,0.0,0.0,0.0,0.0,0.0,0.0,0.0,0.0,0.0
0.9301,122.0,-96.0,7.0,0.0,16.0,16.0,16.0,16.0,16.0,15.0,16.0,15.0,16.0,15.0,16.0,14.0,16.0,14.0,17.0,13.0,16.0,12.0,17.0,12.0,17.0,12.0,17.0,11.0,17.0,12.0,16.0,12.0,17.0,12.0,16.0,11.0,16.0,11.0,15.0,11.0,14.0,11.0,14.0,11.0,13.0,11.0,12.0,10.0,12.0,10.0,12.0,10.0,11.0,11.0,0.0,0.0,0.0,0.0,0.0,0.0,0.0,0.0,0.0,0.0
0.9437,122.0,-96.0,7.0,0.0,22.0,2.0,26.0,3.0,30.0,2.0,32.0,2.0,33.0,2.0,32.0,1.0,31.0,0.0,27.0,-1.0,23.0,-2.0,18.0,-2.0,14.0,0.0,9.0,1.0,3.0,3.0,-2.0,4.0,-7.0,6.0,-11.0,9.0,-14.0,10.0,-17.0,11.0,-18.0,12.0,-18.0,13.0,-18.0,12.0,-17.0,12.0,-16.0,11.0,-13.0,10.0,-11.0,8.0,0.0,0.0,0.0,0.0,0.0,0.0,0.0,0.0,0.0,0.0
0.9558,122.0,-96.0,7.0,0.0,33.0,9.0,33.0,8.0,32.0,7.0,29.0,5.0,25.0,4.0,21.0,3.0,15.0,3.0,8.0,2.0,3.0,3.0,-3.0,4.0,-8.0,6.0,-13.0,8.0,-16.0,10.0,-19.0,11.0,-21.0,13.0,-22.0,14.0,-22.0,14.0,-21.0,14.0,-19.0,12.0,-17.0,11.0,-14.0,9.0,-11.0,7.0,-8.0,4.0,-5.0,1.0,-2.0,-1.0,0.0,0.0,0.0,0.0,0.0,0.0,0.0,0.0,0.0,0.0
0.9681,122.0,-96.0,7.0,0.0,20.0,23.0,20.0,23.0,20.0,21.0,18.0,19.0,16.0,16.0,13.0,12.0,10.0,10.0,5.0,6.0,0.0,3.0,-5.0,1.0,-9.0,0.0,-14.0,0.0,-17.0,-1.0,-20.0,-2.0,-23.0,-1.0,-23.0,-1.0,-24.0,-1.0,-23.0,-1.0,-21.0,-1.0,-18.0,0.0,-15.0,-1.0,-12.0,0.0,-8.0,-1.0,-4.0,-1.0,-1.0,-2.0,0.0,0.0,0.0,0.0,0.0,0.0,0.0,0.0,0.0,0.0
0.9817,122.0,-96.0,7.0,0.0,-36.0,13.0,-29.0,10.0,-21.0,7.0,-15.0,3.0,-8.0,-2.0,-2.0,-7.0,3.0,-14.0,8.0,-19.0,11.0,-25.0,13.0,-29.0,14.0,-33.0,14.0,-35.0,12.0,-37.0,12.0,-36.0,10.0,-33.0,9.0,-32.0,7.0,-25.0,5.0,-19.0,4.0,-14.0,3.0,-7.0,4.0,-2.0,3.0,3.0,3.0,8.0,3.0,12.0,4.0,16.0,0.0,0.0,0.0,0.0,0.0,0.0,0.0,0.0,0.0,0.0
0.9904,122.0,-96.0,7.0,0.0,23.0,0.0,23.0,-1.0,22.0,-1.0,22.0,-1.0,22.0,-2.0,21.0,-2.0,22.0,-3.0,21.0,-3.0,20.0,-4.0,21.0,-4.0,20.0,-5.0,20.0,-4.0,20.0,-5.0,20.0,-4.0,20.0,-4.0,19.0,-4.0,19.0,-4.0,19.0,-3.0,18.0,-3.0,18.0,-3.0,17.0,-3.0,16.0,-3.0,16.0,-2.0,16.0,-2.0,16.0,-1.0,0.0,0.0,0.0,0.0,0.0,0.0,0.0,0.0,0.0,0.0
1.0045,122.0,-96.0,7.0,0.0,0.0,-25.0,0.0,-21.0,0.0,-15.0,1.0,-10.0,3.0,-5.0,4.0,1.0,7.0,5.0,9.0,9.0,11.0,13.0,14.0,14.0,16.0,17.0,17.0,17.0,18.0,17.0,18.0,16.0,18.0,15.0,15.0,13.0,14.0,11.0,10.0,8.0,7.0,6.0,3.0,4.0,-1.0,2.0,-4.0,0.0,-7.0,0.0,-9.0,-2.0,-12.0,-2.0,0.0,0.0,0.0,0.0,0.0,0.0,0.0,0.0,0.0,0.0
1.0185,122.0,-96.0,7.0,0.0,1.0,40.0,3.0,39.0,4.0,36.0,4.0,33.0,4.0,29.0,3.0,23.0,2.0,17.0,0.0,10.0,-4.0,4.0,-7.0,-2.0,-10.0,-7.0,-14.0,-11.0,-18.0,-14.0,-21.0,-17.0,-23.0,-18.0,-24.0,-19.0,-24.0,-18.0,-23.0,-17.0,-21.0,-15.0,-18.0,-13.0,-15.0,-11.0,-12.0,-8.0,-8.0,-6.0,-3.0,-4.0,1.0,-2.0,0.0,0.0,0.0,0.0,0.0,0.0,0.0,0.0,0.0,0.0
1.0314,122.0,-96.0,7.0,0.0,3.0,3.0,-3.0,4.0,-8.0,5.0,-12.0,6.0,-15.0,7.0,-19.0,9.0,-20.0,11.0,-21.0,12.0,-21.0,13.0,-20.0,13.0,-19.0,13.0,-17.0,12.0,-15.0,10.0,-12.0,8.0,-9.0,5.0,-6.0,3.0,-3.0,-1.0,-1.0,-4.0,1.0,-7.0,3.0,-10.0,4.0,-12.0,5.0,-13.0,5.0,-14.0,5.0,-14.0,5.0,-14.0,0.0,0.0,0.0,0.0,0.0,0.0,0.0,0.0,0.0,0.0
1.0447,122.0,-96.0,7.0,0.0,19.0,14.0,16.0,12.0,11.0,9.0,7.0,6.0,2.0,4.0,-4.0,3.0,-9.0,2.0,-14.0,2.0,-18.0,1.0,-21.0,2.0,-24.0,3.0,-25.0,5.0,-25.0,5.0,-25.0,5.0,-23.0,5.0,-21.0,6.0,-17.0,4.0,-14.0,3.0,-10.0,2.0,-6.0,0.0,-3.0,-2.0,0.0,-4.0,3.0,-5.0,5.0,-7.0,7.0,-8.0,0.0,0.0,0.0,0.0,0.0,0.0,0.0,0.0,0.0,0.0
1.0541,122.0,-96.0,7.0,0.0,-25.0,0.0,-25.0,0.0,-24.0,0.0,-24.0,0.0,-23.0,2.0,-23.0,2.0,-22.0,2.0,-23.0,3.0,-22.0,3.0,-22.0,3.0,-22.0,3.0,-22.0,4.0,-22.0,4.0,-22.0,4.0,-21.0,4.0,-21.0,4.0,-21.0,3.0,-20.0,3.0,-19.0,3.0,-19.0,3.0,-19.0,2.0,-18.0,2.0,-18.0,1.0,-18.0,1.0,-17.0,0.0,0.0,0.0,0.0,0.0,0.0,0.0,0.0,0.0,0.0,0.0
1.0686,122.0,-96.0,7.0,0.0,3.0,-5.0,5.0,1.0,6.0,7.0,8.0,11.0,10.0,15.0,12.0,18.0,14.0,20.0,15.0,21.0,16.0,21.0,16.0,20.0,16.0,19.0,15.0,17.0,12.0,14.0,10.0,11.0,7.0,8.0,3.0,6.0,0.0,3.0,-4.0,0.0,-8.0,-2.0,-10.0,-3.0,-14.0,-4.0,-15.0,-5.0,-16.0,-5.0,-16.0,-5.0,-16.0,-5.0,0.0,0.0,0.0,0.0,0.0,0.0,0.0,0.0,0.0,0.0
1.0828,122.0,-96.0,7.0,0.0,-8.0,-17.0,-10.0,-20.0,-11.0,-23.0,-12.0,-24.0,-13.0,-24.0,-14.0,-23.0,-13.0,-22.0,-12.0,-19.0,-11.0,-16.0,-9.0,-14.0,-6.0,-11.0,-4.0,-7.0,0.0,-4.0,4.0,-1.0,7.0,1.0,10.0,3.0,12.0,5.0,14.0,5.0,16.0,6.0,16.0,6.0,16.0,6.0,15.0,6.0,14.0,5.0,11.0,4.0,9.0,3.0,0.0,0.0,0.0,0.0,0.0,0.0,0.0,0.0,0.0,0.0
1.0922,122.0,-96.0,7.0,0.0,16.0,17.0,16.0,16.0,16.0,16.0,16.0,15.0,16.0,15.0,16.0,14.0,16.0,13.0,16.0,13.0,16.0,13.0,17.0,12.0,16.0,11.0,16.0,12.0,16.0,11.0,17.0,11.0,16.0,11.0,16.0,12.0,15.0,11.0,15.0,11.0,14.0,11.0,14.0,10.0,14.0,11.0,13.0,10.0,13.0,10.0,12.0,10.0,11.0,10.0,0.0,0.0,0.0,0.0,0.0,0.0,0.0,0.0,0.0,0.0
1.101,122.0,-96.0,7.0,0.0,18.0,12.0,19.0,12.0,18.0,11.0,19.0,11.0,19.0,10.0,19.0,10.0,19.0,9.0,19.0,9.0,18.0,8.0,19.0,8.0,19.0,7.0,19.0,7.0,19.0,7.0,18.0,7.0,19.0,8.0,18.0,7.0,18.0,8.0,18.0,7.0,16.0,7.0,16.0,7.0,15.0,7.0,15.0,7.0,15.0,7.0,14.0,7.0,14.0,7.0,0.0,0.0,0.0,0.0,0.0,0.0,0.0,0.0,0.0,0.0
1.1139,122.0,-96.0,7.0,0.0,36.0,-1.0,30.0,-1.0,21.0,0.0,14.0,1.0,6.0,4.0,-2.0,7.0,-9.0,10.0,-15.0,14.0,-20.0,17.0,-23.0,21.0,-26.0,24.0,-27.0,27.0,-26.0,28.0,-25.0,27.0,-23.0,26.0,-20.0,25.0,-17.0,20.0,-13.0,15.0,-10.0,9.0,-7.0,4.0,-5.0,-1.0,-2.0,-5.0,0.0,-10.0,1.0,-14.0,2.0,-17.0,0.0,0.0,0.0,0.0,0.0,0.0,0.0,0.0,0.0,0.0
1.1242,122.0,-96.0,7.0,0.0,-13.0,-23.0,-13.0,-21.0,-13.0,-21.0,-13.0,-20.0,-13.0,-20.0,-13.0,-20.0,-13.0,-19.0,-14.0,-18.0,-15.0,-19.0,-15.0,-18.0,-15.0,-18.0,-15.0,-17.0,-15.0,-17.0,-15.0,-17.0,-15.0,-17.0,-15.0,-17.0,-14.0,-16.0,-14.0,-16.0,-13.0,-16.0,-12.0,-16.0,-12.0,-15.0,-12.0,-15.0,-11.0,-15.0,-10.0,-15.0,-10.0,-15.0,0.0,0.0,0.0,0.0,0.0,0.0,0.0,0.0,0.0,0.0
1.1387,122.0,-96.0,7.0,0.0,-22.0,-9.0,-26.0,-11.0,-29.0,-12.0,-31.0,-12.0,-32.0,-12.0,-32.0,-11.0,-30.0,-9.0,-27.0,-7.0,-23.0,-5.0,-18.0,-4.0,-14.0,-5.0,-8.0,-4.0,-3.0,-5.0,3.0,-4.0,8.0,-5.0,13.0,-6.0,16.0,-7.0,18.0,-8.0,20.0,-8.0,20.0,-9.0,20.0,-8.0,19.0,-8.0,17.0,-7.0,14.0,-7.0,11.0,-5.0,0.0,0.0,0.0,0.0,0.0,0.0,0.0,0.0,0.0,0.0
1.1458,122.0,-96.0,7.0,0.0,16.0,4.0,16.0,4.0,16.0,3.0,16.0,3.0,16.0,3.0,15.0,2.0,15.0,2.0,15.0,2.0,15.0,1.0,15.0,1.0,15.0,1.0,15.0,1.0,15.0,1.0,14.0,1.0,15.0,1.0,15.0,1.0,14.0,1.0,14.0,1.0,14.0,1.0,13.0,1.0,12.0,2.0,12.0,2.0,12.0,2.0,11.0,2.0,11.0,2.0,0.0,0.0,0.0,0.0,0.0,0.0,0.0,0.0,0.0,0.0
1.16,122.0,-96.0,7.0,0.0,21.0,-7.0,26.0,-8.0,29.0,-10.0,31.0,-10.0,31.0,-11.0,30.0,-12.0,28.0,-12.0,24.0,-12.0,20.0,-11.0,16.0,-9.0,12.0,-6.0,8.0,-3.0,3.0,1.0,-1.0,5.0,-4.0,9.0,-7.0,12.0,-9.0,15.0,-11.0,17.0,-12.0,18.0,-12.0,19.0,-11.0,18.0,-10.0,17.0,-9.0,15.0,-8.0,14.0,-7.0,11.0,0.0,0.0,0.0,0.0,0.0,0.0,0.0,0.0,0.0,0.0
1.1705,122.0,-96.0,7.0,0.0,-18.0,15.0,-18.0,15.0,-17.0,15.0,-17.0,15.0,-16.0,15.0,-16.0,15.0,-15.0,15.0,-14.0,16.0,-15.0,15.0,-15.0,16.0,-14.0,15.0,-14.0,16.0,-13.0,16.0,-13.0,16.0,-13.0,16.0,-13.0,15.0,-13.0,15.0,-13.0,14.0,-13.0,14.0,-13.0,13.0,-12.0,13.0,-12.0,12.0,-12.0,11.0,-12.0,11.0,-12.0,10.0,0.0,0.0,0.0,0.0,0.0,0.0,0.0,0.0,0.0,0.0
1.1831,122.0,-96.0,7.0,0.0,-6.0,23.0,-6.0,19.0,-4.0,14.0,-4.0,8.0,-4.0,3.0,-5.0,-3.0,-6.0,-8.0,-8.0,-13.0,-9.0,-16.0,-11.0,-19.0,-13.0,-21.0,-14.0,-22.0,-15.0,-21.0,-15.0,-21.0,-15.0,-19.0,-13.0,-17.0,-11.0,-14.0,-9.0,-11.0,-6.0,-8.0,-3.0,-5.0,1.0,-3.0,3.0,0.0,6.0,1.0,9.0,3.0,10.0,4.0,0.0,0.0,0.0,0.0,0.0,0.0,0.0,0.0,0.0,0.0
1.1957,122.0,-96.0,7.0,0.0,19.0,13.0,16.0,11.0,11.0,8.0,6.0,6.0,1.0,4.0,-4.0,2.0,-10.0,2.0,-14.0,1.0,-18.0,1.0,-22.0,2.0,-24.0,3.0,-25.0,4.0,-26.0,5.0,-25.0,4.0,-23.0,4.0,-20.0,4.0,-17.0,3.0,-13.0,2.0,-9.0,1.0,-5.0,-1.0,-2.0,-2.0,1.0,-4.0,4.0,-6.0,6.0,-8.0,8.0,-9.0,0.0,0.0,0.0,0.0,0.0,0.0,0.0,0.0,0.0,0.0
1.209,122.0,-96.0,7.0,0.0,2.0,25.0,2.0,31.0,2.0,34.0,3.0,36.0,4.0,37.0,5.0,35.0,6.0,34.0,6.0,30.0,5.0,25.0,4.0,20.0,3.0,16.0,0.0,10.0,-3.0,4.0,-6.0,-1.0,-9.0,-6.0,-12.0,-10.0,-15.0,-14.0,-17.0,-16.0,-18.0,-17.0,-18.0,-18.0,-19.0,-17.0,-18.0,-17.0,-17.0,-15.0,-14.0,-13.0,-11.0,-10.0,0.0,0.0,0.0,0.0,0.0,0.0,0.0,0.0,0.0,0.0
1.2182,122.0,-96.0,7.0,0.0,22.0,-6.0,22.0,-7.0,21.0,-7.0,21.0,-7.0,21.0,-7.0,20.0,-7.0,20.0,-8.0,20.0,-8.0,19.0,-8.0,19.0,-9.0,19.0,-9.0,19.0,-9.0,18.0,-9.0,18.0,-9.0,18.0,-9.0,18.0,-9.0,17.0,-8.0,17.0,-8.0,17.0,-7.0,17.0,-7.0,16.0,-7.0,15.0,-6.0,15.0,-6.0,15.0,-5.0,15.0,-5.0,0.0,0.0,0.0,0.0,0.0,0.0,0.0,0.0,0.0,0.0
1.2273,122.0,-96.0,7.0,0.0,-15.0,10.0,-15.0,10.0,-14.0,10.0,-14.0,10.0,-13.0,10.0,-13.0,10.0,-12.0,10.0,-12.0,10.0,-12.0,10.0,-12.0,10.0,-11.0,10.0,-11.0,11.0,-11.0,11.0,-11.0,10.0,-11.0,10.0,-11.0,11.0,-11.0,10.0,-10.0,10.0,-10.0,9.0,-10.0,9.0,-10.0,8.0,-10.0,8.0,-10.0,8.0,-9.0,8.0,-10.0,7.0,0.0,0.0,0.0,0.0,0.0,0.0,0.0,0.0,0.0,0.0
1.2373,122.0,-96.0,7.0,0.0,-2.0,-24.0,-2.0,-24.0,-2.0,-23.0,-2.0,-23.0,-3.0,-22.0,-3.0,-22.0,-4.0,-21.0,-4.0,-21.0,-5.0,-21.0,-5.0,-21.0,-5.0,-21.0,-6.0,-21.0,-6.0,-20.0,-5.0,-20.0,-5.0,-20.0,-6.0,-20.0,-5.0,-19.0,-5.0,-19.0,-5.0,-18.0,-5.0,-18.0,-4.0,-18.0,-4.0,-17.0,-4.0,-16.0,-3.0,-16.0,-3.0,-16.0,0.0,0.0,0.0,0.0,0.0,0.0,0.0,0.0,0.0,0.0
1.2518,122.0,-96.0,7.0,0.0,-22.0,-23.0,-23.0,-22.0,-22.0,-20.0,-21.0,-18.0,-18.0,-15.0,-15.0,-12.0,-11.0,-10.0,-6.0,-7.0,-1.0,-4.0,3.0,-3.0,8.0,-3.0,12.0,-2.0,16.0,-2.0,19.0,-2.0,22.0,-2.0,22.0,-2.0,23.0,-2.0,21.0,-3.0,20.0,-3.0,17.0,-2.0,14.0,-3.0,10.0,-2.0,7.0,-1.0,4.0,0.0,0.0,1.0,0.0,0.0,0.0,0.0,0.0,0.0,0.0,0.0,0.0,0.0
1.2649,122.0,-96.0,7.0,0.0,3.0,-18.0,5.0,-22.0,5.0,-24.0,5.0,-26.0,4.0,-26.0,3.0,-26.0,2.0,-25.0,1.0,-22.0,1.0,-19.0,1.0,-15.0,0.0,-12.0,1.0,-7.0,2.0,-2.0,3.0,2.0,5.0,6.0,6.0,9.0,7.0,12.0,8.0,14.0,8.0,15.0,8.0,15.0,9.0,14.0,9.0,13.0,8.0,12.0,6.0,10.0,5.0,8.0,0.0,0.0,0.0,0.0,0.0,0.0,0.0,0.0,0.0,0.0
1.2789,122.0,-96.0,7.0,0.0,-1.0,-5.0,4.0,-2.0,8.0,0.0,13.0,3.0,16.0,4.0,19.0,4.0,22.0,4.0,23.0,4.0,24.0,3.0,23.0,2.0,22.0,2.0,20.0,1.0,17.0,1.0,13.0,1.0,9.0,1.0,5.0,2.0,1.0,2.0,-3.0,3.0,-6.0,4.0,-9.0,5.0,-12.0,5.0,-13.0,6.0,-14.0,6.0,-14.0,6.0,-14.0,7.0,0.0,0.0,0.0,0.0,0.0,0.0,0.0,0.0,0.0,0.0
1.2916,122.0,-96.0,7.0,0.0,10.0,33.0,10.0,32.0,11.0,30.0,10.0,27.0,9.0,24.0,8.0,19.0,6.0,14.0,2.0,9.0,-2.0,4.0,-6.0,0.0,-10.0,-3.0,-13.0,-6.0,-17.0,-8.0,-21.0,-10.0,-23.0,-11.0,-24.0,-11.0,-25.0,-11.0,-24.0,-10.0,-21.0,-9.0,-19.0,-8.0,-16.0,-7.0,-12.0,-5.0,-8.0,-4.0,-4.0,-3.0,0.0,-2.0,0.0,0.0,0.0,0.0,0.0,0.0,0.0,0.0,0.0,0.0
1.3029,122.0,-96.0,7.0,0.0,27.0,27.0,28.0,26.0,27.0,24.0,26.0,21.0,22.0,18.0,18.0,14.0,13.0,10.0,6.0,7.0,0.0,4.0,-6.0,2.0,-12.0,2.0,-17.0,2.0,-22.0,1.0,-26.0,1.0,-29.0,2.0,-29.0,3.0,-30.0,2.0,-28.0,3.0,-25.0,2.0,-22.0,2.0,-18.0,2.0,-14.0,1.0,-9.0,0.0,-5.0,-1.0,-1.0,-2.0,0.0,0.0,0.0,0.0,0.0,0.0,0.0,0.0,0.0,0.0
1.3171,122.0,-96.0,7.0,0.0,2.0,4.0,-4.0,3.0,-9.0,2.0,-13.0,1.0,-18.0,1.0,-21.0,2.0,-23.0,2.0,-24.0,3.0,-24.0,5.0,-24.0,6.0,-23.0,5.0,-20.0,5.0,-17.0,4.0,-14.0,3.0,-10.0,1.0,-6.0,0.0,-2.0,-3.0,1.0,-5.0,4.0,-7.0,6.0,-8.0,8.0,-10.0,9.0,-10.0,10.0,-11.0,10.0,-11.0,10.0,-11.0,0.0,0.0,0.0,0.0,0.0,0.0,0.0,0.0,0.0,0.0
1.3317,122.0,-96.0,7.0,0.0,-10.0,-26.0,-8.0,-22.0,-6.0,-16.0,-2.0,-11.0,1.0,-6.0,5.0,-1.0,10.0,3.0,13.0,6.0,18.0,8.0,21.0,9.0,24.0,10.0,25.0,10.0,26.0,10.0,26.0,9.0,25.0,8.0,22.0,7.0,19.0,5.0,14.0,4.0,10.0,3.0,5.0,3.0,1.0,2.0,-4.0,2.0,-7.0,2.0,-10.0,2.0,-13.0,3.0,0.0,0.0,0.0,0.0,0.0,0.0,0.0,0.0,0.0,0.0
1.3457,122.0,-96.0,7.0,0.0,13.0,14.0,16.0,18.0,17.0,20.0,19.0,21.0,21.0,20.0,20.0,20.0,20.0,18.0,17.0,15.0,15.0,12.0,12.0,10.0,9.0,8.0,4.0,6.0,-1.0,3.0,-5.0,2.0,-9.0,0.0,-13.0,-1.0,-16.0,-2.0,-19.0,-2.0,-20.0,-3.0,-20.0,-2.0,-20.0,-2.0,-19.0,-2.0,-17.0,-2.0,-14.0,-2.0,-11.0,-2.0,0.0,0.0,0.0,0.0,0.0,0.0,0.0,0.0,0.0,0.0
1.3575,122.0,-96.0,7.0,0.0,-15.0,-19.0,-15.0,-19.0,-15.0,-18.0,-15.0,-18.0,-15.0,-16.0,-16.0,-16.0,-15.0,-15.0,-16.0,-15.0,-16.0,-15.0,-15.0,-15.0,-16.0,-15.0,-16.0,-14.0,-16.0,-14.0,-16.0,-14.0,-16.0,-14.0,-15.0,-13.0,-15.0,-13.0,-15.0,-13.0,-14.0,-13.0,-14.0,-12.0,-13.0,-12.0,-13.0,-12.0,-12.0,-12.0,-12.0,-12.0,-11.0,-12.0,0.0,0.0,0.0,0.0,0.0,0.0,0.0,0.0,0.0,0.0
1.3702,122.0,-96.0,7.0,0.0,27.0,4.0,21.0,4.0,15.0,3.0,9.0,3.0,4.0,3.0,-3.0,5.0,-8.0,6.0,-14.0,9.0,-18.0,11.0,-20.0,13.0,-23.0,15.0,-23.0,17.0,-23.0,18.0,-22.0,18.0,-20.0,16.0,-18.0,16.0,-14.0,12.0,-11.0,9.0,-8.0,5.0,-6.0,1.0,-3.0,-2.0,-1.0,-5.0,1.0,-8.0,3.0,-11.0,3.0,-13.0,0.0,0.0,0.0,0.0,0.0,0.0,0.0,0.0,0.0,0.0
1.3823,122.0,-96.0,7.0,0.0,19.0,23.0,20.0,23.0,19.0,21.0,18.0,19.0,16.0,16.0,13.0,12.0,10.0,10.0,5.0,6.0,0.0,3.0,-4.0,2.0,-9.0,1.0,-13.0,0.0,-17.0,0.0,-20.0,-1.0,-23.0,-1.0,-23.0,0.0,-24.0,0.0,-23.0,0.0,-21.0,0.0,-18.0,0.0,-15.0,0.0,-12.0,0.0,-8.0,-1.0,-4.0,-1.0,-1.0,-2.0,0.0,0.0,0.0,0.0,0.0,0.0,0.0,0.0,0.0,0.0
1.3968,122.0,-96.0,7.0,0.0,-18.0,-26.0,-19.0,-25.0,-18.0,-23.0,-17.0,-21.0,-15.0,-18.0,-13.0,-14.0,-9.0,-11.0,-5.0,-7.0,0.0,-4.0,4.0,-2.0,8.0,0.0,12.0,1.0,16.0,2.0,19.0,3.0,21.0,3.0,22.0,3.0,22.0,3.0,21.0,2.0,19.0,2.0,17.0,1.0,13.0,1.0,10.0,1.0,6.0,1.0,3.0,1.0,-1.0,1.0,0.0,0.0,0.0,0.0,0.0,0.0,0.0,0.0,0.0,0.0
1.4104,122.0,-96.0,7.0,0.0,27.0,6.0,27.0,5.0,25.0,4.0,24.0,3.0,20.0,2.0,16.0,1.0,12.0,1.0,6.0,1.0,2.0,2.0,-3.0,3.0,-6.0,6.0,-10.0,7.0,-13.0,9.0,-15.0,10.0,-17.0,11.0,-17.0,12.0,-17.0,13.0,-16.0,12.0,-14.0,11.0,-12.0,9.0,-10.0,8.0,-8.0,6.0,-6.0,3.0,-3.0,1.0,-2.0,-1.0,0.0,0.0,0.0,0.0,0.0,0.0,0.0,0.0,0.0,0.0
1.425,122.0,-96.0,7.0,0.0,-31.0,9.0,-30.0,9.0,-28.0,9.0,-25.0,9.0,-22.0,8.0,-18.0,6.0,-14.0,4.0,-9.0,2.0,-5.0,-1.0,-1.0,-5.0,2.0,-9.0,4.0,-13.0,6.0,-16.0,8.0,-18.0,9.0,-20.0,9.0,-22.0,8.0,-21.0,8.0,-21.0,7.0,-19.0,6.0,-17.0,5.0,-15.0,4.0,-11.0,3.0,-8.0,2.0,-4.0,1.0,-1.0,0.0,0.0,0.0,0.0,0.0,0.0,0.0,0.0,0.0,0.0
1.4385,122.0,-96.0,7.0,0.0,1.0,39.0,2.0,39.0,3.0,36.0,3.0,33.0,3.0,29.0,3.0,23.0,2.0,16.0,-1.0,10.0,-4.0,4.0,-7.0,-2.0,-10.0,-7.0,-14.0,-11.0,-17.0,-15.0,-21.0,-17.0,-23.0,-19.0,-23.0,-19.0,-23.0,-18.0,-23.0,-17.0,-21.0,-16.0,-18.0,-14.0,-15.0,-11.0,-11.0,-8.0,-7.0,-6.0,-3.0,-4.0,1.0,-2.0,0.0,0.0,0.0,0.0,0.0,0.0,0.0,0.0,0.0,0.0
1.4501,122.0,-96.0,7.0,0.0,22.0,33.0,21.0,32.0,22.0,30.0,20.0,27.0,18.0,23.0,14.0,18.0,10.0,14.0,5.0,8.0,0.0,5.0,-6.0,2.0,-11.0,0.0,-16.0,-2.0,-21.0,-4.0,-26.0,-4.0,-28.0,-5.0,-30.0,-5.0,-30.0,-4.0,-28.0,-5.0,-26.0,-4.0,-23.0,-3.0,-19.0,-3.0,-15.0,-2.0,-10.0,-2.0,-5.0,-2.0,-1.0,-3.0,0.0,0.0,0.0,0.0,0.0,0.0,0.0,0.0,0.0,0.0
1.4642,122.0,-96.0,7.0,0.0,19.0,-25.0,18.0,-26.0,16.0,-24.0,15.0,-23.0,12.0,-20.0,10.0,-16.0,7.0,-12.0,5.0,-7.0,4.0,-2.0,3.0,2.0,2.0,8.0,2.0,12.0,3.0,16.0,3.0,19.0,4.0,21.0,4.0,22.0,4.0,22.0,4.0,21.0,4.0,19.0,3.0,17.0,3.0,14.0,2.0,11.0,1.0,7.0,-1.0,4.0,-2.0,1.0,0.0,0.0,0.0,0.0,0.0,0.0,0.0,0.0,0.0,0.0
1.4786,122.0,-96.0,7.0,0.0,-41.0,24.0,-39.0,25.0,-36.0,24.0,-32.0,23.0,-28.0,20.0,-22.0,16.0,-16.0,11.0,-11.0,6.0,-7.0,0.0,-3.0,-7.0,0.0,-15.0,2.0,-22.0,3.0,-27.0,3.0,-30.0,4.0,-33.0,4.0,-36.0,3.0,-35.0,2.0,-33.0,2.0,-30.0,1.0,-26.0,1.0,-21.0,1.0,-16.0,1.0,-10.0,1.0,-6.0,2.0,-1.0,0.0,0.0,0.0,0.0,0.0,0.0,0.0,0.0,0.0,0.0
1.493,122.0,-96.0,7.0,0.0,14.0,-20.0,12.0,-17.0,8.0,-12.0,7.0,-8.0,4.0,-2.0,3.0,3.0,2.0,9.0,1.0,14.0,2.0,17.0,3.0,20.0,3.0,23.0,4.0,25.0,4.0,25.0,5.0,23.0,5.0,22.0,4.0,20.0,4.0,16.0,3.0,12.0,1.0,8.0,-1.0,4.0,-3.0,1.0,-4.0,-2.0,-6.0,-5.0,-8.0,-7.0,-9.0,-9.0,0.0,0.0,0.0,0.0,0.0,0.0,0.0,0.0,0.0,0.0
1.5058,122.0,-96.0,7.0,0.0,35.0,-10.0,29.0,-8.0,20.0,-6.0,14.0,-2.0,7.0,2.0,0.0,7.0,-5.0,12.0,-11.0,17.0,-14.0,22.0,-16.0,26.0,-18.0,31.0,-18.0,34.0,-17.0,35.0,-16.0,33.0,-14.0,31.0,-13.0,29.0,-10.0,24.0,-9.0,18.0,-7.0,12.0,-6.0,6.0,-5.0,1.0,-3.0,-5.0,-3.0,-9.0,-3.0,-14.0,-3.0,-17.0,0.0,0.0,0.0,0.0,0.0,0.0,0.0,0.0,0.0,0.0
1.5161,122.0,-96.0,7.0,0.0,-16.0,-19.0,-15.0,-19.0,-15.0,-18.0,-15.0,-18.0,-15.0,-17.0,-16.0,-17.0,-15.0,-16.0,-16.0,-15.0,-16.0,-15.0,-16.0,-15.0,-16.0,-14.0,-16.0,-14.0,-16.0,-14.0,-16.0,-14.0,-16.0,-14.0,-16.0,-14.0,-15.0,-13.0,-15.0,-13.0,-14.0,-13.0,-14.0,-13.0,-13.0,-12.0,-13.0,-12.0,-13.0,-12.0,-12.0,-12.0,-11.0,-12.0,0.0,0.0,0.0,0.0,0.0,0.0,0.0,0.0,0.0,0.0
1.5293,122.0,-96.0,7.0,0.0,-2.0,24.0,-2.0,20.0,-2.0,14.0,-3.0,9.0,-4.0,3.0,-5.0,-2.0,-7.0,-7.0,-10.0,-11.0,-12.0,-15.0,-14.0,-16.0,-16.0,-18.0,-18.0,-19.0,-18.0,-19.0,-18.0,-18.0,-18.0,-17.0,-15.0,-15.0,-13.0,-12.0,-10.0,-10.0,-6.0,-7.0,-3.0,-5.0,1.0,-3.0,4.0,-1.0,7.0,0.0,9.0,1.0,11.0,2.0,0.0,0.0,0.0,0.0,0.0,0.0,0.0,0.0,0.0,0.0
1.5373,122.0,-96.0,7.0,0.0,3.0,18.0,3.0,17.0,3.0,17.0,3.0,17.0,4.0,17.0,4.0,16.0,4.0,15.0,5.0,15.0,5.0,16.0,5.0,15.0,5.0,15.0,5.0,15.0,6.0,14.0,6.0,14.0,6.0,14.0,6.0,14.0,5.0,14.0,5.0,13.0,4.0,13.0,4.0,13.0,4.0,12.0,4.0,12.0,4.0,12.0,3.0,12.0,3.0,11.0,0.0,0.0,0.0,0.0,0.0,0.0,0.0,0.0,0.0,0.0
1.5469,122.0,-96.0,7.0,0.0,10.0,-21.0,9.0,-21.0,9.0,-20.0,9.0,-20.0,8.0,-20.0,8.0,-20.0,7.0,-20.0,7.0,-20.0,7.0,-20.0,6.0,-20.0,6.0,-20.0,6.0,-19.0,5.0,-19.0,5.0,-19.0,6.0,-19.0,5.0,-19.0,6.0,-18.0,6.0,-18.0,5.0,-17.0,5.0,-17.0,5.0,-16.0,6.0,-15.0,6.0,-15.0,6.0,-15.0,6.0,-14.0,0.0,0.0,0.0,0.0,0.0,0.0,0.0,0.0,0.0,0.0
1.5602,122.0,-96.0,7.0,0.0,-2.0,-6.0,4.0,-3.0,9.0,-1.0,14.0,2.0,19.0,2.0,22.0,3.0,25.0,3.0,26.0,2.0,27.0,1.0,26.0,0.0,25.0,0.0,23.0,-1.0,19.0,-1.0,15.0,0.0,10.0,1.0,6.0,1.0,1.0,2.0,-3.0,4.0,-7.0,5.0,-10.0,6.0,-13.0,6.0,-14.0,7.0,-15.0,8.0,-15.0,8.0,-15.0,8.0,0.0,0.0,0.0,0.0,0.0,0.0,0.0,0.0,0.0,0.0
1.5745,122.0,-96.0,7.0,0.0,2.0,-32.0,1.0,-31.0,0.0,-30.0,0.0,-27.0,-1.0,-24.0,-1.0,-19.0,-1.0,-14.0,1.0,-9.0,2.0,-4.0,5.0,1.0,7.0,5.0,9.0,9.0,11.0,12.0,14.0,14.0,15.0,15.0,16.0,16.0,16.0,15.0,16.0,15.0,14.0,13.0,12.0,11.0,10.0,9.0,8.0,7.0,5.0,5.0,1.0,2.0,-2.0,1.0,0.0,0.0,0.0,0.0,0.0,0.0,0.0,0.0,0.0,0.0
1.5891,122.0,-96.0,7.0,0.0,25.0,-19.0,24.0,-19.0,22.0,-19.0,20.0,-17.0,17.0,-15.0,13.0,-13.0,10.0,-9.0,7.0,-6.0,4.0,-1.0,1.0,3.0,0.0,8.0,-2.0,13.0,-3.0,16.0,-3.0,19.0,-3.0,21.0,-4.0,23.0,-3.0,22.0,-3.0,21.0,-2.0,20.0,-2.0,17.0,-2.0,14.0,-2.0,11.0,-2.0,7.0,-2.0,4.0,-2.0,1.0,0.0,0.0,0.0,0.0,0.0,0.0,0.0,0.0,0.0,0.0
1.603,122.0,-96.0,7.0,0.0,5.0,-2.0,3.0,4.0,0.0,11.0,0.0,16.0,-1.0,21.0,-1.0,25.0,0.0,28.0,-1.0,30.0,0.0,30.0,1.0,29.0,2.0,28.0,2.0,25.0,2.0,21.0,1.0,17.0,0.0,11.0,-2.0,7.0,-3.0,1.0,-5.0,-4.0,-6.0,-8.0,-8.0,-11.0,-10.0,-13.0,-11.0,-15.0,-11.0,-16.0,-11.0,-16.0,-11.0,-16.0,0.0,0.0,0.0,0.0,0.0,0.0,0.0,0.0,0.0,0.0
1.6179,122.0,-96.0,7.0,0.0,-1.0,5.0,-6.0,1.0,-10.0,-3.0,-14.0,-6.0,-18.0,-8.0,-21.0,-9.0,-25.0,-10.0,-26.0,-10.0,-26.0,-9.0,-26.0,-8.0,-25.0,-8.0,-23.0,-7.0,-20.0,-6.0,-15.0,-5.0,-11.0,-4.0,-6.0,-4.0,-1.0,-4.0,3.0,-4.0,7.0,-4.0,10.0,-4.0,13.0,-4.0,14.0,-4.0,16.0,-4.0,15.0,-5.0,15.0,-5.0,0.0,0.0,0.0,0.0,0.0,0.0,0.0,0.0,0.0,0.0
1.6213,98.0,32.0,6.0,0.0,-4.0,23.0,-3.0,24.0,9.0,18.0,12.0,24.0,6.0,24.0,2.0,19.0,5.0,20.0,2.0,27.0,2.0,14.0,-4.0,14.0,3.0,10.0,7.0,3.0,11.0,-4.0,14.0,-1.0,23.0,-3.0,18.0,0.0,19.0,-10.0,22.0,-12.0,21.0,-9.0,23.0,-8.0,20.0,-1.0,27.0,-6.0,18.0,2.0,22.0,-4.0,14.0,6.0,0.0,0.0,0.0,0.0,0.0,0.0,0.0,0.0,0.0,0.0
1.6347,122.0,-96.0,7.0,0.0,-14.0,-19.0,-17.0,-23.0,-19.0,-25.0,-20.0,-26.0,-22.0,-26.0,-22.0,-25.0,-22.0,-23.0,-19.0,-20.0,-17.0,-17.0,-14.0,-14.0,-11.0,-11.0,-6.0,-8.0,-1.0,-5.0,5.0,-2.0,9.0,0.0,14.0,1.0,17.0,3.0,19.0,3.0,21.0,4.0,21.0,4.0,21.0,4.0,20.0,3.0,18.0,3.0,15.0,2.0,12.0,2.0,0.0,0.0,0.0,0.0,0.0,0.0,0.0,0.0,0.0,0.0
1.6493,122.0,-96.0,7.0,0.0,-3.0,-6.0,3.0,-4.0,9.0,-2.0,14.0,-1.0,18.0,0.0,22.0,0.0,25.0,-1.0,26.0,-2.0,27.0,-3.0,26.0,-4.0,25.0,-4.0,22.0,-4.0,19.0,-3.0,15.0,-3.0,11.0,-1.0,7.0,0.0,2.0,2.0,-2.0,4.0,-6.0,5.0,-9.0,7.0,-11.0,7.0,-12.0,8.0,-13.0,9.0,-14.0,10.0,-14.0,10.0,0.0,0.0,0.0,0.0,0.0,0.0,0.0,0.0,0.0,0.0
1.6631,122.0,-96.0,7.0,0.0,1.0,-5.0,5.0,0.0,7.0,4.0,12.0,9.0,14.0,12.0,17.0,14.0,20.0,16.0,20.0,16.0,21.0,15.0,22.0,14.0,21.0,13.0,19.0,12.0,17.0,10.0,13.0,8.0,9.0,6.0,5.0,5.0,1.0,3.0,-4.0,2.0,-8.0,1.0,-11.0,0.0,-14.0,-1.0,-16.0,-1.0,-17.0,-1.0,-17.0,0.0,-17.0,-1.0,0.0,0.0,0.0,0.0,0.0,0.0,0.0,0.0,0.0,0.0
1.6728,122.0,-96.0,7.0,0.0,20.0,-5.0,19.0,-5.0,20.0,-5.0,19.0,-5.0,18.0,-5.0,18.0,-6.0,18.0,-6.0,17.0,-6.0,17.0,-7.0,17.0,-7.0,16.0,-7.0,16.0,-7.0,16.0,-7.0,16.0,-7.0,16.0,-7.0,16.0,-6.0,16.0,-6.0,15.0,-6.0,15.0,-6.0,14.0,-6.0,14.0,-5.0,14.0,-5.0,14.0,-4.0,13.0,-4.0,13.0,-4.0,0.0,0.0,0.0,0.0,0.0,0.0,0.0,0.0,0.0,0.0
1.6822,122.0,-96.0,7.0,0.0,3.0,-19.0,2.0,-18.0,2.0,-18.0,2.0,-18.0,2.0,-17.0,1.0,-18.0,1.0,-17.0,0.0,-17.0,0.0,-17.0,0.0,-17.0,0.0,-17.0,-1.0,-17.0,-1.0,-16.0,-1.0,-16.0,-1.0,-16.0,-1.0,-16.0,0.0,-16.0,0.0,-15.0,0.0,-15.0,0.0,-15.0,0.0,-14.0,0.0,-14.0,0.0,-13.0,1.0,-13.0,1.0,-13.0,0.0,0.0,0.0,0.0,0.0,0.0,0.0,0.0,0.0,0.0
1.6977,122.0,-96.0,7.0,0.0,-23.0,-29.0,-19.0,-24.0,-14.0,-18.0,-8.0,-13.0,-1.0,-8.0,6.0,-3.0,13.0,0.0,20.0,2.0,26.0,3.0,31.0,3.0,34.0,3.0,37.0,2.0,38.0,1.0,37.0,0.0,35.0,0.0,31.0,-1.0,27.0,-1.0,21.0,0.0,14.0,0.0,8.0,2.0,2.0,3.0,-3.0,3.0,-8.0,5.0,-12.0,7.0,-15.0,9.0,0.0,0.0,0.0,0.0,0.0,0.0,0.0,0.0,0.0,0.0
1.708,122.0,-96.0,7.0,0.0,-14.0,-20.0,-13.0,-20.0,-14.0,-20.0,-13.0,-19.0,-13.0,-18.0,-14.0,-18.0,-13.0,-17.0,-14.0,-16.0,-15.0,-17.0,-15.0,-16.0,-15.0,-16.0,-15.0,-15.0,-14.0,-15.0,-15.0,-15.0,-14.0,-15.0,-15.0,-15.0,-14.0,-15.0,-13.0,-15.0,-13.0,-14.0,-12.0,-14.0,-12.0,-14.0,-12.0,-14.0,-11.0,-13.0,-11.0,-13.0,-10.0,-13.0,0.0,0.0,0.0,0.0,0.0,0.0,0.0,0.0,0.0,0.0
1.7178,122.0,-96.0,7.0,0.0,18.0,-15.0,18.0,-16.0,16.0,-15.0,17.0,-15.0,15.0,-16.0,15.0,-16.0,14.0,-16.0,14.0,-16.0,13.0,-16.0,13.0,-16.0,13.0,-17.0,13.0,-16.0,13.0,-17.0,12.0,-16.0,13.0,-17.0,12.0,-16.0,12.0,-16.0,12.0,-15.0,11.0,-14.0,11.0,-14.0,11.0,-14.0,10.0,-13.0,11.0,-13.0,11.0,-12.0,11.0,-12.0,0.0,0.0,0.0,0.0,0.0,0.0,0.0,0.0,0.0,0.0
1.7306,122.0,-96.0,7.0,0.0,-29.0,13.0,-24.0,11.0,-17.0,7.0,-12.0,3.0,-7.0,-1.0,-2.0,-6.0,2.0,-12.0,6.0,-17.0,8.0,-22.0,9.0,-26.0,9.0,-30.0,9.0,-32.0,8.0,-33.0,7.0,-31.0,6.0,-29.0,6.0,-27.0,4.0,-21.0,3.0,-16.0,3.0,-11.0,2.0,-5.0,3.0,-1.0,3.0,3.0,3.0,7.0,4.0,11.0,4.0,14.0,0.0,0.0,0.0,0.0,0.0,0.0,0.0,0.0,0.0,0.0
1.7443,122.0,-96.0,7.0,0.0,-22.0,-5.0,-28.0,-7.0,-30.0,-7.0,-33.0,-7.0,-33.0,-7.0,-33.0,-6.0,-31.0,-4.0,-27.0,-2.0,-23.0,-2.0,-19.0,-1.0,-15.0,-3.0,-9.0,-3.0,-4.0,-4.0,2.0,-5.0,8.0,-7.0,11.0,-8.0,15.0,-10.0,17.0,-11.0,19.0,-11.0,19.0,-12.0,19.0,-11.0,17.0,-10.0,15.0,-10.0,13.0,-9.0,11.0,-8.0,0.0,0.0,0.0,0.0,0.0,0.0,0.0,0.0,0.0,0.0
1.7577,122.0,-96.0,7.0,0.0,15.0,27.0,16.0,26.0,15.0,24.0,15.0,22.0,13.0,18.0,10.0,15.0,7.0,11.0,3.0,7.0,-1.0,3.0,-5.0,1.0,-9.0,-2.0,-13.0,-3.0,-17.0,-4.0,-20.0,-6.0,-22.0,-6.0,-23.0,-6.0,-23.0,-6.0,-22.0,-5.0,-20.0,-5.0,-18.0,-4.0,-15.0,-3.0,-11.0,-3.0,-7.0,-3.0,-3.0,-2.0,0.0,-2.0,0.0,0.0,0.0,0.0,0.0,0.0,0.0,0.0,0.0,0.0
1.7729,122.0,-96.0,7.0,0.0,-18.0,6.0,-21.0,6.0,-24.0,8.0,-25.0,9.0,-25.0,9.0,-24.0,9.0,-23.0,10.0,-20.0,9.0,-17.0,9.0,-14.0,7.0,-11.0,4.0,-7.0,1.0,-4.0,-2.0,-1.0,-5.0,2.0,-8.0,4.0,-11.0,6.0,-13.0,7.0,-15.0,8.0,-16.0,8.0,-16.0,8.0,-16.0,7.0,-15.0,7.0,-14.0,5.0,-12.0,4.0,-10.0,0.0,0.0,0.0,0.0,0.0,0.0,0.0,0.0,0.0,0.0
1.7875,122.0,-96.0,7.0,0.0,3.0,-4.0,4.0,1.0,4.0,7.0,6.0,12.0,7.0,15.0,8.0,18.0,10.0,20.0,10.0,21.0,11.0,21.0,12.0,20.0,12.0,19.0,11.0,17.0,9.0,14.0,7.0,11.0,4.0,8.0,1.0,6.0,-1.0,2.0,-4.0,-1.0,-7.0,-3.0,-9.0,-5.0,-12.0,-7.0,-13.0,-7.0,-14.0,-7.0,-13.0,-8.0,-13.0,-7.0,0.0,0.0,0.0,0.0,0.0,0.0,0.0,0.0,0.0,0.0
1.8021,122.0,-96.0,7.0,0.0,19.0,-21.0,16.0,-17.0,11.0,-12.0,8.0,-8.0,5.0,-2.0,3.0,3.0,1.0,10.0,0.0,15.0,-1.0,19.0,0.0,23.0,0.0,26.0,0.0,28.0,2.0,28.0,2.0,27.0,3.0,25.0,2.0,24.0,2.0,19.0,2.0,15.0,1.0,10.0,-1.0,6.0,-3.0,2.0,-4.0,-2.0,-5.0,-5.0,-7.0,-8.0,-8.0,-10.0,0.0,0.0,0.0,0.0,0.0,0.0,0.0,0.0,0.0,0.0
1.8163,122.0,-96.0,7.0,0.0,-8.0,-31.0,-8.0,-30.0,-9.0,-29.0,-8.0,-26.0,-8.0,-22.0,-6.0,-18.0,-5.0,-14.0,-2.0,-9.0,1.0,-4.0,5.0,0.0,8.0,3.0,11.0,6.0,14.0,8.0,17.0,10.0,19.0,10.0,20.0,11.0,20.0,11.0,19.0,10.0,17.0,9.0,15.0,7.0,12.0,6.0,9.0,5.0,6.0,3.0,2.0,2.0,-1.0,1.0,0.0,0.0,0.0,0.0,0.0,0.0,0.0,0.0,0.0,0.0
1.8251,122.0,-96.0,7.0,0.0,11.0,20.0,11.0,19.0,11.0,19.0,11.0,18.0,11.0,18.0,12.0,17.0,12.0,17.0,12.0,16.0,13.0,16.0,13.0,15.0,13.0,15.0,13.0,15.0,13.0,14.0,13.0,15.0,13.0,15.0,13.0,15.0,12.0,14.0,12.0,14.0,11.0,14.0,11.0,13.0,10.0,13.0,10.0,13.0,10.0,12.0,9.0,12.0,9.0,12.0,0.0,0.0,0.0,0.0,0.0,0.0,0.0,0.0,0.0,0.0
1.8385,122.0,-96.0,7.0,0.0,18.0,-7.0,22.0,-9.0,25.0,-10.0,27.0,-11.0,27.0,-12.0,26.0,-12.0,24.0,-12.0,21.0,-12.0,18.0,-11.0,15.0,-9.0,11.0,-6.0,7.0,-3.0,3.0,0.0,0.0,4.0,-3.0,7.0,-5.0,10.0,-8.0,14.0,-9.0,15.0,-10.0,16.0,-10.0,17.0,-10.0,16.0,-9.0,16.0,-8.0,14.0,-8.0,13.0,-7.0,10.0,0.0,0.0,0.0,0.0,0.0,0.0,0.0,0.0,0.0,0.0
1.8529,122.0,-96.0,7.0,0.0,-9.0,30.0,-8.0,29.0,-6.0,28.0,-6.0,26.0,-4.0,22.0,-4.0,18.0,-3.0,13.0,-3.0,7.0,-4.0,2.0,-5.0,-3.0,-6.0,-8.0,-8.0,-12.0,-9.0,-15.0,-11.0,-18.0,-13.0,-19.0,-13.0,-20.0,-13.0,-20.0,-13.0,-19.0,-11.0,-17.0,-10.0,-15.0,-8.0,-13.0,-7.0,-9.0,-4.0,-6.0,-2.0,-4.0,1.0,-2.0,0.0,0.0,0.0,0.0,0.0,0.0,0.0,0.0,0.0,0.0
1.8621,122.0,-96.0,7.0,0.0,11.0,20.0,11.0,20.0,11.0,19.0,10.0,18.0,11.0,18.0,11.0,18.0,11.0,17.0,11.0,17.0,12.0,16.0,12.0,16.0,12.0,16.0,13.0,15.0,12.0,15.0,12.0,15.0,12.0,15.0,12.0,15.0,11.0,14.0,11.0,15.0,10.0,14.0,10.0,14.0,9.0,14.0,9.0,13.0,9.0,13.0,8.0,13.0,8.0,13.0,0.0,0.0,0.0,0.0,0.0,0.0,0.0,0.0,0.0,0.0
1.8758,122.0,-96.0,7.0,0.0,4.0,-2.0,2.0,4.0,-1.0,9.0,-2.0,14.0,-3.0,18.0,-4.0,22.0,-4.0,24.0,-4.0,26.0,-3.0,26.0,-2.0,26.0,-2.0,25.0,-1.0,22.0,-1.0,19.0,-1.0,15.0,-1.0,10.0,-2.0,6.0,-3.0,1.0,-4.0,-4.0,-5.0,-7.0,-6.0,-10.0,-7.0,-13.0,-8.0,-14.0,-8.0,-15.0,-8.0,-15.0,-8.0,-15.0,0.0,0.0,0.0,0.0,0.0,0.0,0.0,0.0,0.0,0.0
1.8859,122.0,-96.0,7.0,0.0,-23.0,-8.0,-23.0,-8.0,-22.0,-7.0,-22.0,-7.0,-22.0,-6.0,-22.0,-6.0,-21.0,-5.0,-21.0,-4.0,-21.0,-4.0,-21.0,-4.0,-21.0,-3.0,-21.0,-3.0,-21.0,-3.0,-21.0,-3.0,-21.0,-3.0,-20.0,-3.0,-20.0,-3.0,-19.0,-3.0,-19.0,-4.0,-18.0,-4.0,-18.0,-4.0,-17.0,-4.0,-17.0,-4.0,-16.0,-4.0,-16.0,-5.0,0.0,0.0,0.0,0.0,0.0,0.0,0.0,0.0,0.0,0.0
1.8953,122.0,-96.0,7.0,0.0,4.0,-24.0,4.0,-23.0,3.0,-23.0,3.0,-22.0,2.0,-22.0,2.0,-22.0,1.0,-22.0,1.0,-22.0,0.0,-22.0,0.0,-22.0,-1.0,-21.0,-1.0,-21.0,-1.0,-21.0,-1.0,-21.0,0.0,-21.0,0.0,-20.0,0.0,-20.0,0.0,-19.0,0.0,-19.0,0.0,-18.0,1.0,-18.0,0.0,-17.0,1.0,-17.0,1.0,-17.0,1.0,-16.0,0.0,0.0,0.0,0.0,0.0,0.0,0.0,0.0,0.0,0.0
1.9101,122.0,-96.0,7.0,0.0,-5.0,-3.0,1.0,-5.0,6.0,-6.0,10.0,-7.0,14.0,-9.0,17.0,-11.0,19.0,-13.0,19.0,-14.0,20.0,-15.0,18.0,-15.0,17.0,-15.0,15.0,-14.0,13.0,-12.0,10.0,-10.0,7.0,-7.0,5.0,-4.0,3.0,0.0,0.0,3.0,-2.0,6.0,-3.0,9.0,-4.0,11.0,-5.0,12.0,-5.0,13.0,-5.0,14.0,-5.0,13.0,0.0,0.0,0.0,0.0,0.0,0.0,0.0,0.0,0.0,0.0
1.9247,122.0,-96.0,7.0,0.0,-30.0,10.0,-30.0,10.0,-27.0,10.0,-25.0,10.0,-22.0,9.0,-17.0,7.0,-13.0,5.0,-9.0,3.0,-5.0,-1.0,-1.0,-4.0,1.0,-9.0,4.0,-13.0,6.0,-16.0,7.0,-18.0,8.0,-20.0,9.0,-22.0,8.0,-22.0,7.0,-21.0,7.0,-19.0,6.0,-17.0,5.0,-15.0,3.0,-11.0,2.0,-7.0,2.0,-4.0,1.0,-1.0,0.0,0.0,0.0,0.0,0.0,0.0,0.0,0.0,0.0,0.0
1.9389,122.0,-96.0,7.0,0.0,33.0,-13.0,32.0,-13.0,30.0,-13.0,27.0,-13.0,23.0,-12.0,19.0,-9.0,13.0,-7.0,8.0,-4.0,4.0,0.0,0.0,4.0,-3.0,9.0,-6.0,14.0,-8.0,18.0,-9.0,20.0,-10.0,22.0,-11.0,24.0,-10.0,24.0,-9.0,22.0,-8.0,20.0,-7.0,18.0,-6.0,15.0,-5.0,11.0,-4.0,7.0,-3.0,3.0,-3.0,-1.0,0.0,0.0,0.0,0.0,0.0,0.0,0.0,0.0,0.0,0.0
1.9541,122.0,-96.0,7.0,0.0,-23.0,-6.0,-27.0,-7.0,-30.0,-8.0,-32.0,-8.0,-33.0,-7.0,-32.0,-6.0,-31.0,-5.0,-28.0,-3.0,-25.0,-2.0,-20.0,-2.0,-15.0,-3.0,-10.0,-3.0,-4.0,-4.0,1.0,-4.0,6.0,-6.0,11.0,-8.0,14.0,-8.0,17.0,-10.0,19.0,-10.0,19.0,-11.0,19.0,-11.0,18.0,-10.0,16.0,-9.0,14.0,-8.0,12.0,-7.0,0.0,0.0,0.0,0.0,0.0,0.0,0.0,0.0,0.0,0.0
1.9662,122.0,-96.0,7.0,0.0,19.0,13.0,16.0,11.0,11.0,8.0,6.0,6.0,1.0,4.0,-4.0,2.0,-10.0,1.0,-14.0,1.0,-18.0,1.0,-21.0,2.0,-25.0,3.0,-25.0,4.0,-26.0,5.0,-25.0,5.0,-23.0,5.0,-21.0,5.0,-17.0,3.0,-13.0,2.0,-9.0,1.0,-6.0,-1.0,-2.0,-2.0,1.0,-4.0,4.0,-6.0,6.0,-8.0,8.0,-8.0,0.0,0.0,0.0,0.0,0.0,0.0,0.0,0.0,0.0,0.0
1.9772,122.0,-96.0,7.0,0.0,-14.0,-20.0,-14.0,-20.0,-14.0,-19.0,-14.0,-19.0,-15.0,-18.0,-15.0,-18.0,-15.0,-17.0,-15.0,-16.0,-15.0,-16.0,-16.0,-16.0,-16.0,-15.0,-16.0,-15.0,-16.0,-15.0,-15.0,-15.0,-15.0,-15.0,-15.0,-15.0,-15.0,-15.0,-14.0,-15.0,-14.0,-14.0,-13.0,-14.0,-13.0,-14.0,-12.0,-13.0,-12.0,-13.0,-12.0,-13.0,-11.0,-13.0,0.0,0.0,0.0,0.0,0.0,0.0,0.0,0.0,0.0,0.0
1.9867,122.0,-96.0,7.0,0.0,-17.0,4.0,-16.0,4.0,-16.0,4.0,-15.0,4.0,-15.0,4.0,-15.0,4.0,-14.0,4.0,-15.0,5.0,-15.0,5.0,-14.0,5.0,-14.0,5.0,-14.0,6.0,-14.0,6.0,-14.0,6.0,-14.0,5.0,-14.0,6.0,-13.0,5.0,-13.0,5.0,-12.0,5.0,-12.0,4.0,-12.0,4.0,-12.0,4.0,-11.0,4.0,-11.0,3.0,-12.0,3.0,0.0,0.0,0.0,0.0,0.0,0.0,0.0,0.0,0.0,0.0
2.0025,122.0,-96.0,7.0,0.0,-17.0,-19.0,-14.0,-16.0,-10.0,-12.0,-6.0,-9.0,-1.0,-5.0,4.0,-3.0,8.0,-1.0,13.0,1.0,17.0,1.0,20.0,2.0,23.0,1.0,24.0,1.0,25.0,1.0,25.0,0.0,23.0,0.0,21.0,-1.0,18.0,0.0,14.0,0.0,9.0,0.0,5.0,1.0,1.0,1.0,-2.0,2.0,-5.0,3.0,-8.0,4.0,-10.0,5.0,0.0,0.0,0.0,0.0,0.0,0.0,0.0,0.0,0.0,0.0
2.0172,122.0,-96.0,7.0,0.0,2.0,-5.0,4.0,1.0,7.0,5.0,10.0,10.0,13.0,14.0,15.0,16.0,17.0,18.0,18.0,18.0,19.0,18.0,19.0,17.0,19.0,16.0,17.0,14.0,15.0,12.0,11.0,9.0,8.0,7.0,3.0,5.0,-1.0,3.0,-4.0,1.0,-8.0,-1.0,-11.0,-2.0,-14.0,-3.0,-16.0,-3.0,-17.0,-3.0,-16.0,-3.0,-16.0,-3.0,0.0,0.0,0.0,0.0,0.0,0.0,0.0,0.0,0.0,0.0
2.032,122.0,-96.0,7.0,0.0,-35.0,-4.0,-36.0,-4.0,-33.0,-3.0,-31.0,-2.0,-27.0,-1.0,-21.0,-1.0,-16.0,-1.0,-9.0,-2.0,-4.0,-3.0,1.0,-5.0,6.0,-8.0,10.0,-11.0,14.0,-13.0,17.0,-15.0,19.0,-17.0,19.0,-18.0,19.0,-17.0,18.0,-17.0,16.0,-16.0,14.0,-14.0,11.0,-11.0,8.0,-9.0,5.0,-5.0,3.0,-3.0,1.0,0.0,0.0,0.0,0.0,0.0,0.0,0.0,0.0,0.0,0.0,0.0
2.046,122.0,-96.0,7.0,0.0,-6.0,-19.0,-8.0,-24.0,-8.0,-26.0,-9.0,-28.0,-11.0,-28.0,-11.0,-28.0,-11.0,-26.0,-11.0,-23.0,-9.0,-20.0,-7.0,-16.0,-6.0,-13.0,-3.0,-9.0,0.0,-5.0,4.0,-1.0,7.0,3.0,10.0,5.0,13.0,8.0,14.0,9.0,15.0,10.0,16.0,10.0,16.0,10.0,15.0,10.0,14.0,9.0,12.0,7.0,9.0,6.0,0.0,0.0,0.0,0.0,0.0,0.0,0.0,0.0,0.0,0.0
2.0548,122.0,-96.0,7.0,0.0,-20.0,2.0,-20.0,2.0,-19.0,3.0,-19.0,3.0,-19.0,3.0,-18.0,3.0,-18.0,3.0,-18.0,4.0,-17.0,4.0,-17.0,4.0,-17.0,5.0,-17.0,5.0,-16.0,5.0,-17.0,5.0,-17.0,5.0,-17.0,5.0,-15.0,4.0,-16.0,4.0,-15.0,4.0,-15.0,3.0,-15.0,3.0,-14.0,3.0,-14.0,3.0,-14.0,3.0,-14.0,2.0,0.0,0.0,0.0,0.0,0.0,0.0,0.0,0.0,0.0,0.0
2.0691,122.0,-96.0,7.0,0.0,0.0,-6.0,4.0,-1.0,8.0,3.0,13.0,6.0,16.0,9.0,20.0,10.0,23.0,11.0,24.0,11.0,24.0,10.0,24.0,9.0,23.0,8.0,22.0,7.0,18.0,6.0,15.0,5.0,10.0,4.0,6.0,3.0,1.0,3.0,-3.0,3.0,-7.0,2.0,-11.0,2.0,-14.0,2.0,-15.0,2.0,-16.0,2.0,-16.0,2.0,-17.0,2.0,0.0,0.0,0.0,0.0,0.0,0.0,0.0,0.0,0.0,0.0
2.0827,122.0,-96.0,7.0,0.0,-14.0,-13.0,-17.0,-16.0,-18.0,-17.0,-20.0,-18.0,-21.0,-18.0,-21.0,-17.0,-20.0,-16.0,-18.0,-13.0,-16.0,-11.0,-13.0,-9.0,-10.0,-8.0,-6.0,-6.0,-2.0,-4.0,3.0,-3.0,7.0,-1.0,10.0,-1.0,13.0,0.0,15.0,0.0,17.0,1.0,17.0,1.0,17.0,0.0,16.0,0.0,15.0,0.0,12.0,0.0,10.0,0.0,0.0,0.0,0.0,0.0,0.0,0.0,0.0,0.0,0.0,0.0
2.0968,122.0,-96.0,7.0,0.0,-35.0,-2.0,-36.0,-1.0,-32.0,0.0,-30.0,0.0,-26.0,0.0,-21.0,1.0,-16.0,0.0,-9.0,-1.0,-4.0,-3.0,1.0,-5.0,6.0,-9.0,10.0,-11.0,14.0,-14.0,16.0,-15.0,18.0,-17.0,18.0,-19.0,18.0,-19.0,17.0,-18.0,15.0,-16.0,13.0,-14.0,11.0,-12.0,8.0,-9.0,5.0,-6.0,3.0,-3.0,1.0,0.0,0.0,0.0,0.0,0.0,0.0,0.0,0.0,0.0,0.0,0.0
2.1073,122.0,-96.0,7.0,0.0,-27.0,-3.0,-26.0,-2.0,-26.0,-2.0,-25.0,-2.0,-25.0,-1.0,-25.0,0.0,-24.0,0.0,-24.0,1.0,-24.0,1.0,-24.0,2.0,-24.0,2.0,-24.0,2.0,-23.0,2.0,-23.0,2.0,-23.0,2.0,-23.0,2.0,-22.0,2.0,-22.0,1.0,-21.0,1.0,-20.0,1.0,-20.0,1.0,-20.0,1.0,-19.0,0.0,-19.0,0.0,-18.0,-1.0,0.0,0.0,0.0,0.0,0.0,0.0,0.0,0.0,0.0,0.0
2.1206,122.0,-96.0,7.0,0.0,-2.0,5.0,-6.0,0.0,-9.0,-5.0,-15.0,-10.0,-18.0,-13.0,-22.0,-15.0,-25.0,-17.0,-26.0,-17.0,-26.0,-15.0,-27.0,-14.0,-26.0,-14.0,-24.0,-12.0,-21.0,-10.0,-17.0,-8.0,-12.0,-7.0,-7.0,-6.0,-2.0,-4.0,3.0,-3.0,7.0,-2.0,11.0,-2.0,15.0,-1.0,16.0,-1.0,18.0,-1.0,18.0,-2.0,18.0,-1.0,0.0,0.0,0.0,0.0,0.0,0.0,0.0,0.0,0.0,0.0
2.1321,122.0,-96.0,7.0,0.0,-26.0,-9.0,-25.0,-9.0,-24.0,-9.0,-25.0,-8.0,-24.0,-7.0,-24.0,-7.0,-23.0,-6.0,-24.0,-5.0,-24.0,-5.0,-24.0,-4.0,-24.0,-4.0,-24.0,-3.0,-23.0,-3.0,-23.0,-4.0,-23.0,-4.0,-23.0,-3.0,-22.0,-4.0,-22.0,-4.0,-21.0,-5.0,-20.0,-4.0,-20.0,-4.0,-19.0,-4.0,-19.0,-4.0,-18.0,-4.0,-18.0,-5.0,0.0,0.0,0.0,0.0,0.0,0.0,0.0,0.0,0.0,0.0
2.1452,122.0,-96.0,7.0,0.0,7.0,18.0,9.0,22.0,9.0,24.0,11.0,26.0,13.0,26.0,13.0,25.0,13.0,23.0,12.0,20.0,10.0,17.0,8.0,14.0,6.0,11.0,3.0,8.0,-1.0,4.0,-5.0,0.0,-8.0,-3.0,-11.0,-5.0,-14.0,-7.0,-17.0,-8.0,-17.0,-9.0,-18.0,-9.0,-18.0,-9.0,-17.0,-9.0,-16.0,-8.0,-13.0,-7.0,-11.0,-6.0,0.0,0.0,0.0,0.0,0.0,0.0,0.0,0.0,0.0,0.0
2.1591,122.0,-96.0,7.0,0.0,-28.0,15.0,-24.0,12.0,-17.0,8.0,-12.0,4.0,-7.0,0.0,-2.0,-6.0,2.0,-11.0,5.0,-17.0,7.0,-21.0,8.0,-26.0,9.0,-30.0,9.0,-32.0,8.0,-33.0,7.0,-31.0,6.0,-29.0,6.0,-27.0,4.0,-22.0,3.0,-17.0,3.0,-12.0,2.0,-7.0,3.0,-2.0,3.0,2.0,3.0,6.0,3.0,10.0,3.0,13.0,0.0,0.0,0.0,0.0,0.0,0.0,0.0,0.0,0.0,0.0
2.1728,122.0,-96.0,7.0,0.0,5.0,18.0,7.0,23.0,7.0,25.0,9.0,27.0,9.0,28.0,10.0,27.0,11.0,25.0,9.0,22.0,8.0,18.0,7.0,14.0,5.0,11.0,2.0,7.0,-2.0,3.0,-5.0,-1.0,-9.0,-4.0,-12.0,-6.0,-14.0,-9.0,-16.0,-10.0,-17.0,-11.0,-17.0,-11.0,-17.0,-11.0,-17.0,-10.0,-15.0,-9.0,-13.0,-8.0,-10.0,-6.0,0.0,0.0,0.0,0.0,0.0,0.0,0.0,0.0,0.0,0.0
2.1865,122.0,-96.0,7.0,0.0,10.0,29.0,9.0,29.0,10.0,27.0,10.0,24.0,9.0,21.0,8.0,17.0,5.0,13.0,2.0,8.0,-1.0,3.0,-5.0,0.0,-9.0,-3.0,-12.0,-6.0,-15.0,-8.0,-19.0,-9.0,-20.0,-10.0,-21.0,-11.0,-21.0,-10.0,-21.0,-10.0,-19.0,-9.0,-17.0,-7.0,-14.0,-6.0,-11.0,-5.0,-8.0,-4.0,-4.0,-3.0,-1.0,-2.0,0.0,0.0,0.0,0.0,0.0,0.0,0.0,0.0,0.0,0.0
2.2002,122.0,-96.0,7.0,0.0,16.0,15.0,19.0,18.0,22.0,20.0,24.0,21.0,25.0,21.0,25.0,21.0,24.0,18.0,22.0,15.0,19.0,12.0,15.0,10.0,12.0,8.0,6.0,6.0,1.0,4.0,-4.0,2.0,-9.0,1.0,-14.0,0.0,-17.0,-1.0,-20.0,-1.0,-22.0,-2.0,-22.0,-2.0,-22.0,-2.0,-21.0,-2.0,-19.0,-1.0,-16.0,-1.0,-14.0,-1.0,0.0,0.0,0.0,0.0,0.0,0.0,0.0,0.0,0.0,0.0
2.2096,122.0,-96.0,7.0,0.0,14.0,17.0,14.0,18.0,14.0,16.0,14.0,16.0,14.0,15.0,14.0,15.0,14.0,14.0,15.0,14.0,14.0,13.0,15.0,13.0,15.0,13.0,15.0,13.0,15.0,12.0,15.0,12.0,15.0,12.0,15.0,12.0,14.0,12.0,14.0,12.0,13.0,12.0,13.0,11.0,12.0,11.0,12.0,11.0,11.0,11.0,11.0,11.0,10.0,11.0,0.0,0.0,0.0,0.0,0.0,0.0,0.0,0.0,0.0,0.0
2.2235,122.0,-96.0,7.0,0.0,23.0,-21.0,22.0,-22.0,20.0,-21.0,18.0,-20.0,15.0,-17.0,12.0,-14.0,9.0,-10.0,6.0,-6.0,3.0,-2.0,2.0,3.0,0.0,9.0,-1.0,13.0,-1.0,17.0,-1.0,20.0,-1.0,21.0,-1.0,23.0,0.0,22.0,0.0,21.0,0.0,19.0,0.0,17.0,0.0,14.0,0.0,10.0,-1.0,7.0,-1.0,3.0,-2.0,0.0,0.0,0.0,0.0,0.0,0.0,0.0,0.0,0.0,0.0,0.0
2.2406,122.0,-96.0,7.0,0.0,-29.0,2.0,-23.0,2.0,-17.0,1.0,-11.0,-1.0,-6.0,-3.0,1.0,-5.0,6.0,-9.0,10.0,-12.0,14.0,-16.0,15.0,-18.0,17.0,-21.0,17.0,-23.0,17.0,-23.0,17.0,-23.0,15.0,-20.0,14.0,-20.0,11.0,-16.0,9.0,-12.0,6.0,-8.0,4.0,-4.0,3.0,0.0,1.0,4.0,-1.0,7.0,-1.0,10.0,-2.0,12.0,0.0,0.0,0.0,0.0,0.0,0.0,0.0,0.0,0.0,0.0
2.2529,122.0,-96.0,7.0,0.0,-26.0,-12.0,-22.0,-10.0,-15.0,-8.0,-10.0,-6.0,-4.0,-5.0,2.0,-4.0,9.0,-5.0,14.0,-5.0,19.0,-6.0,22.0,-7.0,25.0,-9.0,26.0,-10.0,26.0,-12.0,25.0,-11.0,24.0,-11.0,21.0,-11.0,18.0,-9.0,14.0,-7.0,10.0,-5.0,6.0,-2.0,2.0,0.0,-1.0,3.0,-4.0,5.0,-6.0,8.0,-8.0,9.0,0.0,0.0,0.0,0.0,0.0,0.0,0.0,0.0,0.0,0.0
2.2658,122.0,-96.0,7.0,0.0,16.0,26.0,16.0,26.0,16.0,24.0,15.0,21.0,13.0,18.0,11.0,14.0,8.0,11.0,3.0,7.0,-1.0,3.0,-5.0,1.0,-9.0,-1.0,-13.0,-3.0,-17.0,-4.0,-20.0,-5.0,-22.0,-6.0,-23.0,-5.0,-23.0,-6.0,-22.0,-5.0,-20.0,-4.0,-18.0,-4.0,-14.0,-3.0,-11.0,-3.0,-7.0,-2.0,-4.0,-2.0,0.0,-2.0,0.0,0.0,0.0,0.0,0.0,0.0,0.0,0.0,0.0,0.0
2.2762,122.0,-96.0,7.0,0.0,-15.0,-13.0,-14.0,-12.0,-14.0,-12.0,-14.0,-11.0,-14.0,-11.0,-14.0,-11.0,-14.0,-10.0,-15.0,-10.0,-14.0,-10.0,-14.0,-9.0,-15.0,-9.0,-15.0,-9.0,-14.0,-8.0,-15.0,-9.0,-14.0,-8.0,-14.0,-9.0,-13.0,-8.0,-14.0,-8.0,-12.0,-8.0,-12.0,-9.0,-11.0,-8.0,-13.0,-7.0,-11.0,-9.0,-12.0,-8.0,-11.0,-8.0,0.0,0.0,0.0,0.0,0.0,0.0,0.0,0.0,0.0,0.0
2.2905,122.0,-96.0,7.0,0.0,-26.0,-25.0,-27.0,-24.0,-25.0,-22.0,-24.0,-20.0,-21.0,-17.0,-17.0,-14.0,-12.0,-10.0,-7.0,-7.0,-1.0,-5.0,4.0,-3.0,9.0,-3.0,14.0,-2.0,19.0,-1.0,22.0,-1.0,25.0,-2.0,25.0,-2.0,26.0,-2.0,24.0,-3.0,22.0,-2.0,19.0,-2.0,16.0,-2.0,11.0,-2.0,7.0,-1.0,3.0,0.0,0.0,1.0,0.0,0.0,0.0,0.0,0.0,0.0,0.0,0.0,0.0,0.0
2.304,122.0,-96.0,7.0,0.0,-2.0,-5.0,3.0,-3.0,8.0,-1.0,13.0,2.0,17.0,3.0,20.0,3.0,23.0,3.0,23.0,2.0,24.0,1.0,23.0,0.0,22.0,0.0,20.0,0.0,17.0,0.0,14.0,0.0,9.0,0.0,5.0,1.0,1.0,2.0,-3.0,3.0,-6.0,4.0,-9.0,5.0,-12.0,5.0,-13.0,6.0,-14.0,6.0,-14.0,6.0,-14.0,6.0,0.0,0.0,0.0,0.0,0.0,0.0,0.0,0.0,0.0,0.0
2.3186,122.0,-96.0,7.0,0.0,3.0,3.0,-3.0,3.0,-8.0,4.0,-13.0,4.0,-16.0,5.0,-19.0,7.0,-21.0,8.0,-23.0,10.0,-23.0,10.0,-22.0,11.0,-21.0,10.0,-19.0,10.0,-16.0,9.0,-13.0,7.0,-10.0,4.0,-7.0,2.0,-3.0,-1.0,-1.0,-4.0,2.0,-7.0,4.0,-9.0,5.0,-11.0,6.0,-12.0,7.0,-13.0,7.0,-13.0,7.0,-13.0,0.0,0.0,0.0,0.0,0.0,0.0,0.0,0.0,0.0,0.0
2.3322,122.0,-96.0,7.0,0.0,-17.0,-8.0,-21.0,-10.0,-22.0,-11.0,-25.0,-12.0,-25.0,-11.0,-25.0,-11.0,-24.0,-9.0,-21.0,-7.0,-18.0,-6.0,-15.0,-5.0,-11.0,-5.0,-7.0,-4.0,-2.0,-4.0,2.0,-3.0,7.0,-4.0,10.0,-4.0,13.0,-4.0,15.0,-5.0,17.0,-5.0,17.0,-6.0,17.0,-5.0,15.0,-5.0,14.0,-5.0,12.0,-5.0,10.0,-4.0,0.0,0.0,0.0,0.0,0.0,0.0,0.0,0.0,0.0,0.0
2.3452,122.0,-96.0,7.0,0.0,35.0,18.0,35.0,17.0,34.0,15.0,31.0,13.0,27.0,11.0,21.0,8.0,16.0,6.0,9.0,4.0,2.0,4.0,-5.0,3.0,-11.0,5.0,-16.0,6.0,-20.0,7.0,-25.0,8.0,-27.0,9.0,-28.0,11.0,-28.0,11.0,-26.0,10.0,-24.0,9.0,-21.0,8.0,-17.0,7.0,-13.0,5.0,-9.0,3.0,-5.0,0.0,-1.0,-2.0,0.0,0.0,0.0,0.0,0.0,0.0,0.0,0.0,0.0,0.0
2.3553,122.0,-96.0,7.0,0.0,-17.0,17.0,-16.0,16.0,-16.0,16.0,-15.0,16.0,-14.0,16.0,-14.0,16.0,-13.0,16.0,-13.0,17.0,-13.0,16.0,-12.0,17.0,-12.0,17.0,-11.0,17.0,-12.0,17.0,-11.0,17.0,-11.0,16.0,-11.0,17.0,-11.0,16.0,-11.0,15.0,-11.0,15.0,-11.0,14.0,-11.0,13.0,-11.0,13.0,-10.0,13.0,-10.0,12.0,-11.0,12.0,0.0,0.0,0.0,0.0,0.0,0.0,0.0,0.0,0.0,0.0
2.3685,122.0,-96.0,7.0,0.0,-6.0,0.0,-3.0,-5.0,1.0,-10.0,3.0,-15.0,4.0,-19.0,5.0,-22.0,5.0,-26.0,5.0,-27.0,4.0,-28.0,3.0,-27.0,2.0,-26.0,2.0,-23.0,1.0,-20.0,1.0,-16.0,1.0,-11.0,2.0,-7.0,2.0,-2.0,2.0,3.0,3.0,7.0,4.0,10.0,5.0,12.0,5.0,14.0,6.0,15.0,5.0,15.0,5.0,14.0,0.0,0.0,0.0,0.0,0.0,0.0,0.0,0.0,0.0,0.0
2.3792,122.0,-96.0,7.0,0.0,-19.0,-8.0,-19.0,-8.0,-18.0,-8.0,-18.0,-7.0,-18.0,-6.0,-18.0,-6.0,-17.0,-5.0,-18.0,-5.0,-17.0,-5.0,-18.0,-5.0,-18.0,-4.0,-17.0,-4.0,-18.0,-4.0,-17.0,-4.0,-17.0,-4.0,-16.0,-3.0,-16.0,-4.0,-16.0,-4.0,-16.0,-4.0,-15.0,-4.0,-15.0,-4.0,-14.0,-4.0,-14.0,-4.0,-13.0,-4.0,-13.0,-4.0,0.0,0.0,0.0,0.0,0.0,0.0,0.0,0.0,0.0,0.0
2.393,122.0,-96.0,7.0,0.0,-6.0,-18.0,-7.0,-21.0,-8.0,-24.0,-9.0,-25.0,-10.0,-26.0,-11.0,-25.0,-10.0,-23.0,-10.0,-20.0,-9.0,-18.0,-7.0,-14.0,-5.0,-11.0,-3.0,-8.0,1.0,-4.0,4.0,0.0,7.0,2.0,9.0,5.0,12.0,7.0,14.0,8.0,14.0,9.0,15.0,9.0,15.0,8.0,14.0,8.0,13.0,7.0,10.0,6.0,8.0,4.0,0.0,0.0,0.0,0.0,0.0,0.0,0.0,0.0,0.0,0.0
2.4022,122.0,-96.0,7.0,0.0,-22.0,7.0,-22.0,8.0,-21.0,7.0,-21.0,7.0,-20.0,8.0,-20.0,8.0,-19.0,8.0,-19.0,9.0,-19.0,9.0,-19.0,9.0,-19.0,9.0,-18.0,9.0,-18.0,10.0,-18.0,9.0,-18.0,9.0,-18.0,9.0,-17.0,9.0,-17.0,8.0,-16.0,8.0,-16.0,7.0,-16.0,7.0,-16.0,7.0,-16.0,6.0,-15.0,6.0,-15.0,5.0,0.0,0.0,0.0,0.0,0.0,0.0,0.0,0.0,0.0,0.0
2.4152,122.0,-96.0,7.0,0.0,18.0,20.0,14.0,16.0,10.0,13.0,6.0,8.0,0.0,5.0,-5.0,2.0,-11.0,-1.0,-16.0,-2.0,-21.0,-3.0,-24.0,-4.0,-28.0,-3.0,-29.0,-2.0,-29.0,-1.0,-29.0,-1.0,-27.0,-1.0,-24.0,0.0,-20.0,-1.0,-16.0,-1.0,-11.0,-1.0,-6.0,-2.0,-2.0,-3.0,2.0,-4.0,6.0,-5.0,9.0,-6.0,11.0,-7.0,0.0,0.0,0.0,0.0,0.0,0.0,0.0,0.0,0.0,0.0
2.4278,122.0,-96.0,7.0,0.0,21.0,-31.0,17.0,-25.0,12.0,-19.0,10.0,-12.0,7.0,-3.0,4.0,5.0,3.0,12.0,2.0,20.0,2.0,26.0,4.0,30.0,4.0,35.0,6.0,37.0,6.0,38.0,8.0,35.0,8.0,33.0,6.0,31.0,6.0,24.0,4.0,19.0,3.0,14.0,0.0,8.0,-3.0,3.0,-5.0,-2.0,-8.0,-6.0,-10.0,-10.0,-12.0,-13.0,0.0,0.0,0.0,0.0,0.0,0.0,0.0,0.0,0.0,0.0
2.4379,122.0,-96.0,7.0,0.0,-11.0,21.0,-10.0,20.0,-9.0,20.0,-9.0,20.0,-8.0,20.0,-8.0,20.0,-7.0,19.0,-7.0,19.0,-7.0,20.0,-6.0,20.0,-6.0,19.0,-5.0,19.0,-5.0,19.0,-6.0,19.0,-5.0,19.0,-5.0,19.0,-5.0,18.0,-6.0,17.0,-6.0,17.0,-6.0,16.0,-5.0,16.0,-6.0,15.0,-5.0,15.0,-6.0,14.0,-6.0,14.0,0.0,0.0,0.0,0.0,0.0,0.0,0.0,0.0,0.0,0.0
2.4483,122.0,-96.0,7.0,0.0,-26.0,-8.0,-25.0,-8.0,-25.0,-7.0,-25.0,-7.0,-24.0,-5.0,-24.0,-4.0,-24.0,-4.0,-24.0,-3.0,-24.0,-4.0,-24.0,-4.0,-24.0,-3.0,-23.0,-3.0,-23.0,-2.0,-23.0,-2.0,-23.0,-2.0,-23.0,-2.0,-22.0,-2.0,-22.0,-2.0,-21.0,-2.0,-20.0,-2.0,-20.0,-2.0,-19.0,-2.0,-19.0,-3.0,-18.0,-3.0,-18.0,-3.0,0.0,0.0,0.0,0.0,0.0,0.0,0.0,0.0,0.0,0.0
2.4632,122.0,-96.0,7.0,0.0,23.0,-22.0,19.0,-18.0,13.0,-12.0,10.0,-8.0,6.0,-1.0,2.0,5.0,-1.0,12.0,-3.0,17.0,-3.0,22.0,-2.0,26.0,-3.0,30.0,-3.0,32.0,-2.0,33.0,-1.0,30.0,0.0,29.0,-1.0,26.0,0.0,21.0,-1.0,16.0,-1.0,11.0,-2.0,5.0,-4.0,1.0,-5.0,-4.0,-6.0,-8.0,-7.0,-11.0,-8.0,-13.0,0.0,0.0,0.0,0.0,0.0,0.0,0.0,0.0,0.0,0.0
2.4769,122.0,-96.0,7.0,0.0,34.0,-9.0,34.0,-10.0,31.0,-10.0,29.0,-10.0,24.0,-9.0,19.0,-8.0,15.0,-5.0,9.0,-3.0,4.0,0.0,0.0,4.0,-4.0,9.0,-7.0,13.0,-9.0,16.0,-11.0,18.0,-12.0,21.0,-13.0,22.0,-12.0,22.0,-12.0,22.0,-11.0,19.0,-9.0,17.0,-8.0,15.0,-6.0,11.0,-5.0,7.0,-4.0,4.0,-2.0,0.0,0.0,0.0,0.0,0.0,0.0,0.0,0.0,0.0,0.0,0.0
2.4906,122.0,-96.0,7.0,0.0,-26.0,18.0,-22.0,14.0,-16.0,10.0,-12.0,6.0,-7.0,0.0,-3.0,-6.0,1.0,-12.0,4.0,-17.0,5.0,-22.0,6.0,-26.0,6.0,-30.0,6.0,-33.0,5.0,-33.0,4.0,-31.0,3.0,-29.0,3.0,-28.0,2.0,-23.0,2.0,-18.0,2.0,-12.0,2.0,-7.0,3.0,-3.0,3.0,2.0,3.0,6.0,4.0,10.0,5.0,13.0,0.0,0.0,0.0,0.0,0.0,0.0,0.0,0.0,0.0,0.0
2.5042,122.0,-96.0,7.0,0.0,-23.0,11.0,-19.0,9.0,-14.0,6.0,-10.0,3.0,-6.0,-1.0,-2.0,-5.0,2.0,-9.0,4.0,-13.0,6.0,-17.0,7.0,-20.0,8.0,-23.0,8.0,-25.0,7.0,-25.0,7.0,-24.0,6.0,-23.0,5.0,-21.0,4.0,-18.0,3.0,-14.0,3.0,-9.0,2.0,-5.0,2.0,-2.0,2.0,2.0,2.0,5.0,2.0,8.0,2.0,10.0,0.0,0.0,0.0,0.0,0.0,0.0,0.0,0.0,0.0,0.0
2.5141,122.0,-96.0,7.0,0.0,-24.0,2.0,-24.0,3.0,-23.0,3.0,-22.0,3.0,-21.0,4.0,-21.0,5.0,-20.0,5.0,-21.0,5.0,-20.0,5.0,-20.0,5.0,-20.0,6.0,-20.0,6.0,-20.0,7.0,-19.0,6.0,-19.0,6.0,-19.0,6.0,-18.0,6.0,-18.0,6.0,-17.0,5.0,-17.0,5.0,-17.0,5.0,-16.0,5.0,-16.0,4.0,-16.0,4.0,-16.0,3.0,0.0,0.0,0.0,0.0,0.0,0.0,0.0,0.0,0.0,0.0
2.5285,122.0,-96.0,7.0,0.0,-14.0,-29.0,-14.0,-28.0,-14.0,-26.0,-14.0,-24.0,-12.0,-21.0,-10.0,-17.0,-7.0,-13.0,-4.0,-8.0,0.0,-5.0,4.0,-2.0,8.0,1.0,11.0,3.0,15.0,4.0,18.0,6.0,21.0,6.0,21.0,7.0,22.0,6.0,21.0,6.0,19.0,5.0,17.0,4.0,14.0,3.0,11.0,2.0,7.0,2.0,3.0,1.0,0.0,1.0,0.0,0.0,0.0,0.0,0.0,0.0,0.0,0.0,0.0,0.0
2.5368,122.0,-96.0,7.0,0.0,6.0,22.0,7.0,21.0,7.0,20.0,7.0,20.0,8.0,20.0,8.0,19.0,9.0,18.0,9.0,18.0,9.0,18.0,9.0,18.0,9.0,17.0,9.0,18.0,10.0,17.0,9.0,17.0,9.0,17.0,9.0,17.0,9.0,16.0,9.0,16.0,8.0,15.0,8.0,15.0,8.0,15.0,7.0,14.0,6.0,14.0,6.0,14.0,6.0,14.0,0.0,0.0,0.0,0.0,0.0,0.0,0.0,0.0,0.0,0.0
2.5492,122.0,-96.0,7.0,0.0,-11.0,20.0,-10.0,21.0,-9.0,20.0,-9.0,20.0,-8.0,20.0,-8.0,20.0,-7.0,19.0,-7.0,20.0,-6.0,19.0,-6.0,19.0,-6.0,19.0,-5.0,19.0,-5.0,19.0,-5.0,19.0,-5.0,19.0,-5.0,19.0,-5.0,18.0,-5.0,18.0,-5.0,17.0,-5.0,17.0,-5.0,16.0,-5.0,15.0,-5.0,15.0,-5.0,15.0,-6.0,14.0,0.0,0.0,0.0,0.0,0.0,0.0,0.0,0.0,0.0,0.0
2.5593,122.0,-96.0,7.0,0.0,25.0,30.0,26.0,29.0,25.0,26.0,24.0,24.0,21.0,20.0,17.0,16.0,13.0,12.0,7.0,8.0,1.0,4.0,-5.0,2.0,-11.0,1.0,-16.0,0.0,-22.0,-1.0,-26.0,-2.0,-29.0,-2.0,-29.0,-1.0,-30.0,-2.0,-29.0,-1.0,-26.0,-1.0,-23.0,-1.0,-19.0,0.0,-15.0,-1.0,-11.0,-1.0,-6.0,-1.0,-2.0,-2.0,0.0,0.0,0.0,0.0,0.0,0.0,0.0,0.0,0.0,0.0
2.573,122.0,-96.0,7.0,0.0,-25.0,1.0,-21.0,1.0,-15.0,0.0,-10.0,-1.0,-5.0,-3.0,1.0,-5.0,5.0,-8.0,9.0,-10.0,13.0,-13.0,14.0,-15.0,16.0,-18.0,16.0,-20.0,16.0,-20.0,15.0,-20.0,14.0,-18.0,12.0,-17.0,10.0,-14.0,8.0,-11.0,6.0,-7.0,4.0,-3.0,2.0,0.0,0.0,3.0,0.0,6.0,-2.0,9.0,-2.0,11.0,0.0,0.0,0.0,0.0,0.0,0.0,0.0,0.0,0.0,0.0
2.5842,122.0,-96.0,7.0,0.0,-19.0,-14.0,-19.0,-14.0,-19.0,-13.0,-19.0,-13.0,-18.0,-12.0,-19.0,-11.0,-18.0,-11.0,-19.0,-10.0,-19.0,-10.0,-19.0,-10.0,-19.0,-9.0,-19.0,-9.0,-19.0,-9.0,-19.0,-8.0,-19.0,-9.0,-19.0,-8.0,-18.0,-8.0,-17.0,-8.0,-17.0,-8.0,-17.0,-8.0,-16.0,-8.0,-15.0,-8.0,-15.0,-8.0,-15.0,-8.0,-14.0,-8.0,0.0,0.0,0.0,0.0,0.0,0.0,0.0,0.0,0.0,0.0
2.5982,122.0,-96.0,7.0,0.0,-12.0,14.0,-14.0,17.0,-15.0,19.0,-16.0,20.0,-16.0,21.0,-15.0,21.0,-14.0,20.0,-12.0,18.0,-10.0,16.0,-8.0,13.0,-7.0,9.0,-5.0,4.0,-4.0,0.0,-3.0,-4.0,-2.0,-8.0,-2.0,-12.0,-1.0,-15.0,-1.0,-17.0,0.0,-18.0,-1.0,-19.0,-1.0,-18.0,-1.0,-17.0,-1.0,-15.0,-1.0,-13.0,-1.0,-11.0,0.0,0.0,0.0,0.0,0.0,0.0,0.0,0.0,0.0,0.0
2.6059,122.0,-96.0,7.0,0.0,19.0,12.0,19.0,12.0,18.0,11.0,19.0,11.0,18.0,10.0,19.0,9.0,19.0,9.0,19.0,8.0,18.0,8.0,19.0,8.0,19.0,7.0,19.0,7.0,19.0,6.0,18.0,7.0,19.0,7.0,18.0,6.0,17.0,7.0,17.0,7.0,16.0,6.0,16.0,6.0,15.0,6.0,15.0,6.0,15.0,6.0,14.0,6.0,14.0,7.0,0.0,0.0,0.0,0.0,0.0,0.0,0.0,0.0,0.0,0.0
2.6148,122.0,-96.0,7.0,0.0,22.0,-5.0,22.0,-5.0,21.0,-5.0,21.0,-6.0,20.0,-6.0,20.0,-6.0,20.0,-7.0,19.0,-7.0,19.0,-8.0,19.0,-8.0,18.0,-8.0,18.0,-8.0,18.0,-8.0,18.0,-8.0,18.0,-8.0,18.0,-8.0,17.0,-8.0,17.0,-7.0,17.0,-7.0,16.0,-7.0,16.0,-6.0,15.0,-6.0,15.0,-6.0,15.0,-6.0,14.0,-5.0,0.0,0.0,0.0,0.0,0.0,0.0,0.0,0.0,0.0,0.0
2.629,122.0,-96.0,7.0,0.0,-19.0,6.0,-24.0,7.0,-26.0,9.0,-28.0,10.0,-28.0,10.0,-27.0,11.0,-25.0,11.0,-23.0,11.0,-19.0,10.0,-16.0,8.0,-12.0,5.0,-9.0,2.0,-5.0,-1.0,-1.0,-4.0,2.0,-8.0,5.0,-11.0,7.0,-14.0,9.0,-16.0,10.0,-17.0,10.0,-17.0,10.0,-17.0,9.0,-16.0,8.0,-15.0,7.0,-13.0,6.0,-11.0,0.0,0.0,0.0,0.0,0.0,0.0,0.0,0.0,0.0,0.0
2.6421,122.0,-96.0,7.0,0.0,3.0,27.0,2.0,22.0,1.0,16.0,-1.0,10.0,-3.0,5.0,-6.0,-1.0,-9.0,-6.0,-12.0,-10.0,-15.0,-14.0,-18.0,-16.0,-20.0,-18.0,-22.0,-18.0,-23.0,-18.0,-24.0,-17.0,-22.0,-15.0,-20.0,-14.0,-17.0,-12.0,-14.0,-9.0,-9.0,-7.0,-5.0,-5.0,-1.0,-4.0,3.0,-2.0,7.0,-1.0,9.0,0.0,12.0,1.0,0.0,0.0,0.0,0.0,0.0,0.0,0.0,0.0,0.0,0.0
2.6553,122.0,-96.0,7.0,0.0,-6.0,-28.0,-5.0,-23.0,-4.0,-17.0,-1.0,-11.0,2.0,-6.0,5.0,0.0,9.0,4.0,11.0,9.0,16.0,11.0,19.0,13.0,21.0,15.0,23.0,15.0,24.0,15.0,24.0,14.0,23.0,13.0,20.0,11.0,17.0,9.0,13.0,8.0,9.0,6.0,5.0,4.0,0.0,2.0,-4.0,1.0,-7.0,1.0,-10.0,0.0,-13.0,0.0,0.0,0.0,0.0,0.0,0.0,0.0,0.0,0.0,0.0,0.0
2.6651,122.0,-96.0,7.0,0.0,-2.0,-24.0,-2.0,-23.0,-2.0,-23.0,-2.0,-22.0,-3.0,-22.0,-3.0,-22.0,-3.0,-21.0,-4.0,-21.0,-4.0,-21.0,-5.0,-21.0,-5.0,-21.0,-5.0,-20.0,-5.0,-20.0,-5.0,-20.0,-5.0,-20.0,-5.0,-20.0,-4.0,-19.0,-4.0,-19.0,-4.0,-18.0,-4.0,-18.0,-3.0,-17.0,-3.0,-17.0,-3.0,-17.0,-2.0,-16.0,-2.0,-16.0,0.0,0.0,0.0,0.0,0.0,0.0,0.0,0.0,0.0,0.0
2.6782,122.0,-96.0,7.0,0.0,2.0,35.0,2.0,35.0,4.0,32.0,4.0,30.0,4.0,26.0,3.0,21.0,2.0,15.0,0.0,9.0,-3.0,4.0,-6.0,-1.0,-9.0,-5.0,-11.0,-10.0,-14.0,-12.0,-18.0,-15.0,-20.0,-16.0,-20.0,-17.0,-21.0,-17.0,-20.0,-16.0,-18.0,-15.0,-16.0,-13.0,-14.0,-11.0,-11.0,-8.0,-7.0,-6.0,-3.0,-4.0,0.0,-2.0,0.0,0.0,0.0,0.0,0.0,0.0,0.0,0.0,0.0,0.0
2.6918,122.0,-96.0,7.0,0.0,4.0,0.0,0.0,4.0,-4.0,7.0,-7.0,11.0,-10.0,14.0,-11.0,17.0,-12.0,19.0,-13.0,21.0,-12.0,21.0,-11.0,21.0,-10.0,21.0,-8.0,19.0,-7.0,16.0,-6.0,13.0,-5.0,9.0,-5.0,5.0,-3.0,1.0,-3.0,-3.0,-2.0,-7.0,-2.0,-10.0,-2.0,-12.0,-3.0,-13.0,-3.0,-15.0,-2.0,-15.0,-2.0,-15.0,0.0,0.0,0.0,0.0,0.0,0.0,0.0,0.0,0.0,0.0
2.7034,122.0,-96.0,7.0,0.0,12.0,24.0,10.0,20.0,7.0,14.0,3.0,9.0,-1.0,5.0,-6.0,0.0,-11.0,-3.0,-15.0,-6.0,-19.0,-8.0,-23.0,-9.0,-26.0,-10.0,-28.0,-9.0,-28.0,-8.0,-28.0,-7.0,-26.0,-7.0,-23.0,-5.0,-20.0,-5.0,-15.0,-4.0,-10.0,-3.0,-6.0,-3.0,-1.0,-3.0,3.0,-3.0,7.0,-4.0,10.0,-4.0,12.0,-5.0,0.0,0.0,0.0,0.0,0.0,0.0,0.0,0.0,0.0,0.0
2.7175,122.0,-96.0,7.0,0.0,-9.0,16.0,-10.0,19.0,-11.0,22.0,-11.0,23.0,-11.0,24.0,-10.0,24.0,-9.0,23.0,-8.0,21.0,-6.0,18.0,-6.0,14.0,-5.0,10.0,-4.0,5.0,-4.0,1.0,-4.0,-4.0,-4.0,-8.0,-4.0,-12.0,-4.0,-14.0,-5.0,-17.0,-4.0,-18.0,-5.0,-18.0,-5.0,-18.0,-5.0,-16.0,-5.0,-15.0,-3.0,-13.0,-3.0,-11.0,0.0,0.0,0.0,0.0,0.0,0.0,0.0,0.0,0.0,0.0
2.7324,122.0,-96.0,7.0,0.0,-4.0,-21.0,-5.0,-24.0,-5.0,-27.0,-6.0,-29.0,-7.0,-29.0,-8.0,-29.0,-8.0,-27.0,-8.0,-24.0,-7.0,-20.0,-5.0,-16.0,-4.0,-13.0,-2.0,-8.0,1.0,-4.0,5.0,0.0,7.0,4.0,10.0,7.0,12.0,9.0,13.0,11.0,15.0,12.0,15.0,12.0,15.0,12.0,14.0,11.0,13.0,10.0,10.0,8.0,8.0,7.0,0.0,0.0,0.0,0.0,0.0,0.0,0.0,0.0,0.0,0.0
2.7482,122.0,-96.0,7.0,0.0,-22.0,-24.0,-22.0,-23.0,-21.0,-22.0,-20.0,-19.0,-17.0,-16.0,-14.0,-13.0,-11.0,-10.0,-6.0,-7.0,-1.0,-4.0,3.0,-2.0,8.0,-2.0,12.0,-1.0,16.0,0.0,19.0,0.0,21.0,0.0,23.0,0.0,23.0,0.0,22.0,0.0,20.0,0.0,17.0,0.0,14.0,-1.0,11.0,0.0,7.0,0.0,4.0,0.0,1.0,0.0,0.0,0.0,0.0,0.0,0.0,0.0,0.0,0.0,0.0,0.0
2.757,122.0,-96.0,7.0,0.0,18.0,15.0,17.0,15.0,17.0,14.0,17.0,13.0,17.0,12.0,17.0,12.0,17.0,12.0,17.0,11.0,17.0,11.0,17.0,10.0,17.0,10.0,17.0,10.0,17.0,10.0,17.0,10.0,17.0,9.0,17.0,9.0,16.0,9.0,16.0,9.0,15.0,9.0,15.0,9.0,14.0,9.0,13.0,9.0,13.0,9.0,13.0,9.0,12.0,9.0,0.0,0.0,0.0,0.0,0.0,0.0,0.0,0.0,0.0,0.0
2.7695,122.0,-96.0,7.0,0.0,21.0,-25.0,17.0,-20.0,12.0,-15.0,9.0,-9.0,6.0,-2.0,3.0,4.0,2.0,10.0,0.0,17.0,0.0,22.0,0.0,26.0,1.0,30.0,2.0,32.0,2.0,32.0,4.0,31.0,4.0,28.0,3.0,27.0,3.0,21.0,2.0,16.0,1.0,12.0,-1.0,7.0,-3.0,2.0,-5.0,-2.0,-6.0,-6.0,-8.0,-9.0,-9.0,-11.0,0.0,0.0,0.0,0.0,0.0,0.0,0.0,0.0,0.0,0.0
2.7848,122.0,-96.0,7.0,0.0,-12.0,14.0,-14.0,17.0,-16.0,19.0,-16.0,20.0,-16.0,21.0,-15.0,21.0,-14.0,20.0,-12.0,19.0,-10.0,16.0,-9.0,13.0,-7.0,9.0,-5.0,5.0,-4.0,1.0,-3.0,-3.0,-2.0,-7.0,-2.0,-11.0,-1.0,-14.0,-1.0,-16.0,-1.0,-18.0,-1.0,-18.0,-1.0,-18.0,-1.0,-17.0,-1.0,-15.0,-1.0,-14.0,-1.0,-11.0,0.0,0.0,0.0,0.0,0.0,0.0,0.0,0.0,0.0,0.0
2.7987,122.0,-96.0,7.0,0.0,-40.0,-4.0,-40.0,-3.0,-37.0,-2.0,-35.0,-2.0,-30.0,-1.0,-24.0,0.0,-18.0,-1.0,-11.0,-1.0,-4.0,-3.0,1.0,-5.0,7.0,-9.0,11.0,-11.0,15.0,-14.0,19.0,-16.0,20.0,-17.0,22.0,-19.0,22.0,-19.0,20.0,-18.0,18.0,-17.0,16.0,-15.0,13.0,-13.0,10.0,-10.0,7.0,-7.0,4.0,-3.0,2.0,0.0,0.0,0.0,0.0,0.0,0.0,0.0,0.0,0.0,0.0,0.0
2.8123,122.0,-96.0,7.0,0.0,28.0,-7.0,27.0,-7.0,25.0,-7.0,23.0,-7.0,20.0,-7.0,16.0,-6.0,12.0,-4.0,7.0,-2.0,3.0,0.0,-1.0,3.0,-4.0,7.0,-6.0,10.0,-8.0,13.0,-10.0,15.0,-10.0,17.0,-11.0,18.0,-10.0,18.0,-10.0,17.0,-9.0,15.0,-8.0,13.0,-6.0,10.0,-5.0,8.0,-4.0,5.0,-3.0,2.0,-2.0,-1.0,0.0,0.0,0.0,0.0,0.0,0.0,0.0,0.0,0.0,0.0
2.8226,122.0,-96.0,7.0,0.0,-16.0,17.0,-16.0,17.0,-15.0,17.0,-14.0,17.0,-14.0,16.0,-14.0,17.0,-13.0,17.0,-12.0,17.0,-12.0,17.0,-11.0,18.0,-11.0,18.0,-10.0,18.0,-11.0,17.0,-10.0,17.0,-10.0,17.0,-11.0,17.0,-10.0,16.0,-10.0,15.0,-10.0,15.0,-10.0,15.0,-10.0,14.0,-10.0,14.0,-9.0,13.0,-9.0,13.0,-10.0,12.0,0.0,0.0,0.0,0.0,0.0,0.0,0.0,0.0,0.0,0.0
2.8344,122.0,-96.0,7.0,0.0,27.0,-1.0,23.0,-1.0,16.0,0.0,11.0,0.0,5.0,3.0,-1.0,4.0,-7.0,7.0,-12.0,10.0,-15.0,12.0,-17.0,15.0,-20.0,19.0,-20.0,20.0,-20.0,21.0,-19.0,20.0,-17.0,19.0,-16.0,18.0,-13.0,14.0,-10.0,11.0,-8.0,7.0,-6.0,3.0,-4.0,0.0,-2.0,-4.0,0.0,-7.0,1.0,-10.0,1.0,-13.0,0.0,0.0,0.0,0.0,0.0,0.0,0.0,0.0,0.0,0.0
2.8498,122.0,-96.0,7.0,0.0,0.0,5.0,-5.0,2.0,-11.0,-1.0,-17.0,-4.0,-21.0,-6.0,-25.0,-6.0,-29.0,-6.0,-30.0,-5.0,-31.0,-5.0,-30.0,-4.0,-29.0,-4.0,-26.0,-3.0,-23.0,-2.0,-19.0,-2.0,-13.0,-2.0,-8.0,-2.0,-3.0,-4.0,2.0,-5.0,6.0,-6.0,9.0,-7.0,13.0,-7.0,15.0,-8.0,16.0,-8.0,16.0,-9.0,16.0,-9.0,0.0,0.0,0.0,0.0,0.0,0.0,0.0,0.0,0.0,0.0
2.8638,122.0,-96.0,7.0,0.0,1.0,-5.0,4.0,0.0,7.0,4.0,11.0,9.0,14.0,12.0,17.0,14.0,20.0,16.0,20.0,16.0,21.0,15.0,21.0,15.0,21.0,14.0,19.0,12.0,16.0,10.0,13.0,8.0,9.0,6.0,5.0,5.0,1.0,3.0,-3.0,2.0,-8.0,1.0,-11.0,0.0,-14.0,-1.0,-16.0,-1.0,-16.0,-1.0,-17.0,-1.0,-17.0,-1.0,0.0,0.0,0.0,0.0,0.0,0.0,0.0,0.0,0.0,0.0
2.8721,122.0,-96.0,7.0,0.0,16.0,2.0,16.0,2.0,16.0,2.0,16.0,2.0,15.0,1.0,15.0,1.0,15.0,1.0,15.0,0.0,15.0,0.0,15.0,-1.0,14.0,-1.0,14.0,-1.0,14.0,-1.0,14.0,-1.0,14.0,-1.0,14.0,-1.0,14.0,0.0,13.0,-1.0,13.0,-1.0,13.0,0.0,12.0,0.0,12.0,0.0,12.0,0.0,11.0,0.0,11.0,1.0,0.0,0.0,0.0,0.0,0.0,0.0,0.0,0.0,0.0,0.0
2.8819,122.0,-96.0,7.0,0.0,7.0,-23.0,6.0,-22.0,6.0,-22.0,6.0,-22.0,5.0,-21.0,5.0,-21.0,4.0,-21.0,3.0,-21.0,3.0,-21.0,3.0,-21.0,2.0,-21.0,2.0,-21.0,1.0,-20.0,2.0,-20.0,2.0,-20.0,2.0,-20.0,2.0,-20.0,2.0,-19.0,2.0,-18.0,2.0,-18.0,2.0,-18.0,2.0,-17.0,3.0,-17.0,3.0,-16.0,3.0,-16.0,0.0,0.0,0.0,0.0,0.0,0.0,0.0,0.0,0.0,0.0
2.8942,122.0,-96.0,7.0,0.0,27.0,4.0,22.0,3.0,16.0,3.0,10.0,3.0,4.0,3.0,-3.0,4.0,-8.0,6.0,-14.0,9.0,-17.0,11.0,-20.0,13.0,-22.0,16.0,-23.0,17.0,-23.0,18.0,-22.0,17.0,-20.0,17.0,-18.0,16.0,-15.0,12.0,-12.0,9.0,-8.0,5.0,-6.0,1.0,-3.0,-2.0,-1.0,-5.0,1.0,-8.0,2.0,-11.0,3.0,-13.0,0.0,0.0,0.0,0.0,0.0,0.0,0.0,0.0,0.0,0.0
2.9075,122.0,-96.0,7.0,0.0,8.0,-16.0,11.0,-19.0,12.0,-22.0,12.0,-23.0,12.0,-24.0,11.0,-24.0,9.0,-23.0,8.0,-21.0,7.0,-18.0,5.0,-15.0,4.0,-11.0,3.0,-6.0,3.0,-2.0,3.0,3.0,3.0,6.0,3.0,10.0,3.0,13.0,3.0,16.0,4.0,17.0,4.0,17.0,4.0,17.0,4.0,15.0,3.0,14.0,3.0,12.0,2.0,10.0,0.0,0.0,0.0,0.0,0.0,0.0,0.0,0.0,0.0,0.0
2.9222,122.0,-96.0,7.0,0.0,4.0,-3.0,4.0,3.0,2.0,9.0,3.0,14.0,3.0,18.0,4.0,22.0,5.0,24.0,5.0,26.0,6.0,25.0,7.0,25.0,7.0,24.0,7.0,21.0,6.0,18.0,4.0,14.0,3.0,10.0,0.0,7.0,-2.0,2.0,-5.0,-2.0,-7.0,-5.0,-9.0,-7.0,-12.0,-9.0,-13.0,-10.0,-14.0,-11.0,-13.0,-11.0,-13.0,-11.0,0.0,0.0,0.0,0.0,0.0,0.0,0.0,0.0,0.0,0.0
2.9333,122.0,-96.0,7.0,0.0,-15.0,18.0,-15.0,18.0,-14.0,17.0,-14.0,17.0,-13.0,17.0,-13.0,17.0,-12.0,17.0,-12.0,18.0,-11.0,17.0,-11.0,17.0,-10.0,17.0,-10.0,18.0,-10.0,17.0,-10.0,17.0,-10.0,17.0,-10.0,17.0,-10.0,16.0,-10.0,16.0,-9.0,16.0,-10.0,15.0,-10.0,14.0,-10.0,14.0,-9.0,14.0,-9.0,13.0,-10.0,13.0,0.0,0.0,0.0,0.0,0.0,0.0,0.0,0.0,0.0,0.0
2.9468,122.0,-96.0,7.0,0.0,2.0,-5.0,4.0,1.0,5.0,5.0,8.0,10.0,10.0,13.0,12.0,16.0,14.0,18.0,15.0,18.0,15.0,18.0,16.0,17.0,15.0,16.0,14.0,14.0,12.0,12.0,10.0,9.0,6.0,7.0,3.0,5.0,0.0,2.0,-4.0,1.0,-8.0,-1.0,-10.0,-2.0,-13.0,-3.0,-14.0,-4.0,-15.0,-4.0,-15.0,-4.0,-15.0,-4.0,0.0,0.0,0.0,0.0,0.0,0.0,0.0,0.0,0.0,0.0
2.9607,122.0,-96.0,7.0,0.0,-24.0,-10.0,-19.0,-8.0,-14.0,-6.0,-9.0,-5.0,-4.0,-5.0,2.0,-4.0,8.0,-5.0,12.0,-6.0,16.0,-7.0,19.0,-8.0,21.0,-10.0,22.0,-12.0,22.0,-12.0,21.0,-13.0,19.0,-12.0,17.0,-12.0,14.0,-9.0,11.0,-7.0,7.0,-4.0,5.0,-1.0,2.0,1.0,-1.0,3.0,-3.0,6.0,-4.0,8.0,-6.0,10.0,0.0,0.0,0.0,0.0,0.0,0.0,0.0,0.0,0.0,0.0
2.9755,122.0,-96.0,7.0,0.0,4.0,-32.0,3.0,-26.0,2.0,-19.0,3.0,-13.0,4.0,-5.0,6.0,1.0,8.0,8.0,10.0,14.0,12.0,18.0,15.0,21.0,17.0,24.0,19.0,25.0,20.0,24.0,21.0,23.0,20.0,21.0,17.0,19.0,15.0,15.0,11.0,12.0,7.0,8.0,3.0,6.0,-2.0,3.0,-6.0,0.0,-9.0,-2.0,-12.0,-3.0,-15.0,-4.0,0.0,0.0,0.0,0.0,0.0,0.0,0.0,0.0,0.0,0.0
2.9896,122.0,-96.0,7.0,0.0,-3.0,-5.0,3.0,-4.0,9.0,-3.0,14.0,-1.0,18.0,0.0,22.0,-1.0,25.0,-2.0,26.0,-3.0,26.0,-4.0,26.0,-5.0,25.0,-4.0,22.0,-5.0,19.0,-4.0,15.0,-3.0,11.0,-2.0,7.0,0.0,3.0,2.0,-1.0,3.0,-5.0,5.0,-8.0,7.0,-10.0,8.0,-12.0,9.0,-13.0,10.0,-13.0,10.0,-13.0,10.0,0.0,0.0,0.0,0.0,0.0,0.0,0.0,0.0,0.0,0.0
3.0048,122.0,-96.0,7.0,0.0,-24.0,-20.0,-25.0,-20.0,-23.0,-18.0,-22.0,-17.0,-20.0,-14.0,-16.0,-11.0,-12.0,-9.0,-7.0,-6.0,-2.0,-4.0,3.0,-3.0,7.0,-3.0,12.0,-3.0,16.0,-3.0,19.0,-3.0,21.0,-3.0,22.0,-4.0,23.0,-3.0,21.0,-3.0,20.0,-4.0,17.0,-3.0,14.0,-3.0,11.0,-2.0,7.0,-1.0,4.0,-1.0,1.0,1.0,0.0,0.0,0.0,0.0,0.0,0.0,0.0,0.0,0.0,0.0
3.0192,122.0,-96.0,7.0,0.0,-12.0,-14.0,-15.0,-17.0,-16.0,-19.0,-18.0,-20.0,-19.0,-20.0,-19.0,-19.0,-19.0,-17.0,-17.0,-15.0,-15.0,-13.0,-12.0,-11.0,-10.0,-9.0,-6.0,-6.0,-2.0,-4.0,3.0,-2.0,7.0,-1.0,10.0,0.0,13.0,1.0,15.0,1.0,16.0,1.0,17.0,1.0,17.0,1.0,16.0,1.0,15.0,1.0,13.0,0.0,11.0,0.0,0.0,0.0,0.0,0.0,0.0,0.0,0.0,0.0,0.0,0.0
3.0308,122.0,-96.0,7.0,0.0,12.0,25.0,9.0,20.0,7.0,15.0,3.0,10.0,-1.0,5.0,-5.0,1.0,-10.0,-2.0,-15.0,-5.0,-18.0,-8.0,-22.0,-9.0,-25.0,-9.0,-27.0,-9.0,-28.0,-8.0,-28.0,-7.0,-26.0,-7.0,-24.0,-6.0,-20.0,-5.0,-16.0,-4.0,-11.0,-3.0,-7.0,-4.0,-2.0,-4.0,2.0,-3.0,6.0,-3.0,9.0,-4.0,11.0,-4.0,0.0,0.0,0.0,0.0,0.0,0.0,0.0,0.0,0.0,0.0
3.0416,122.0,-96.0,7.0,0.0,-9.0,-23.0,-9.0,-22.0,-9.0,-22.0,-9.0,-21.0,-10.0,-20.0,-10.0,-20.0,-10.0,-19.0,-10.0,-19.0,-11.0,-19.0,-11.0,-19.0,-11.0,-18.0,-12.0,-18.0,-11.0,-17.0,-11.0,-18.0,-11.0,-17.0,-11.0,-18.0,-11.0,-17.0,-10.0,-17.0,-9.0,-16.0,-9.0,-16.0,-9.0,-16.0,-8.0,-16.0,-8.0,-15.0,-8.0,-15.0,-7.0,-15.0,0.0,0.0,0.0,0.0,0.0,0.0,0.0,0.0,0.0,0.0
3.0596,122.0,-96.0,7.0,0.0,-3.0,-5.0,2.0,-4.0,8.0,-3.0,14.0,-3.0,18.0,-3.0,22.0,-3.0,25.0,-5.0,25.0,-6.0,26.0,-7.0,25.0,-8.0,24.0,-8.0,21.0,-8.0,18.0,-7.0,14.0,-5.0,10.0,-3.0,7.0,-1.0,2.0,2.0,-1.0,4.0,-5.0,7.0,-7.0,9.0,-9.0,10.0,-10.0,11.0,-11.0,12.0,-11.0,12.0,-11.0,12.0,0.0,0.0,0.0,0.0,0.0,0.0,0.0,0.0,0.0,0.0
3.0711,122.0,-96.0,7.0,0.0,13.0,-29.0,12.0,-24.0,8.0,-17.0,7.0,-12.0,5.0,-4.0,4.0,3.0,5.0,9.0,5.0,16.0,6.0,20.0,8.0,24.0,9.0,28.0,10.0,29.0,11.0,31.0,12.0,28.0,13.0,27.0,10.0,24.0,9.0,20.0,7.0,16.0,5.0,11.0,1.0,7.0,-2.0,3.0,-5.0,0.0,-7.0,-3.0,-10.0,-6.0,-12.0,-8.0,0.0,0.0,0.0,0.0,0.0,0.0,0.0,0.0,0.0,0.0
3.084,122.0,-96.0,7.0,0.0,12.0,14.0,15.0,18.0,17.0,20.0,19.0,21.0,20.0,21.0,20.0,20.0,20.0,18.0,17.0,15.0,15.0,12.0,12.0,10.0,9.0,8.0,5.0,6.0,0.0,4.0,-5.0,2.0,-9.0,0.0,-13.0,-1.0,-16.0,-2.0,-18.0,-2.0,-19.0,-3.0,-20.0,-3.0,-20.0,-3.0,-19.0,-2.0,-17.0,-2.0,-14.0,-1.0,-12.0,-1.0,0.0,0.0,0.0,0.0,0.0,0.0,0.0,0.0,0.0,0.0
3.0981,122.0,-96.0,7.0,0.0,26.0,-30.0,25.0,-31.0,23.0,-29.0,20.0,-27.0,17.0,-24.0,13.0,-20.0,10.0,-15.0,7.0,-9.0,5.0,-3.0,3.0,3.0,2.0,10.0,2.0,16.0,2.0,20.0,3.0,24.0,3.0,26.0,3.0,29.0,4.0,28.0,4.0,27.0,4.0,25.0,4.0,22.0,3.0,18.0,2.0,14.0,1.0,9.0,-1.0,6.0,-2.0,2.0,0.0,0.0,0.0,0.0,0.0,0.0,0.0,0.0,0.0,0.0
3.1118,122.0,-96.0,7.0,0.0,25.0,-12.0,22.0,-9.0,15.0,-7.0,11.0,-3.0,6.0,0.0,1.0,4.0,-2.0,9.0,-6.0,13.0,-8.0,17.0,-9.0,20.0,-11.0,24.0,-10.0,26.0,-9.0,27.0,-8.0,26.0,-7.0,25.0,-7.0,23.0,-5.0,18.0,-4.0,14.0,-4.0,10.0,-3.0,5.0,-4.0,1.0,-3.0,-3.0,-4.0,-7.0,-4.0,-10.0,-4.0,-12.0,0.0,0.0,0.0,0.0,0.0,0.0,0.0,0.0,0.0,0.0
3.1239,122.0,-96.0,7.0,0.0,46.0,1.0,46.0,0.0,43.0,-1.0,40.0,-2.0,34.0,-2.0,28.0,-2.0,21.0,-1.0,13.0,0.0,6.0,2.0,-1.0,5.0,-7.0,11.0,-13.0,14.0,-17.0,18.0,-21.0,20.0,-23.0,22.0,-24.0,25.0,-24.0,25.0,-22.0,23.0,-20.0,22.0,-18.0,19.0,-16.0,17.0,-12.0,12.0,-9.0,8.0,-6.0,4.0,-4.0,0.0,0.0,0.0,0.0,0.0,0.0,0.0,0.0,0.0,0.0,0.0
3.1389,122.0,-96.0,7.0,0.0,-2.0,4.0,-5.0,0.0,-8.0,-3.0,-11.0,-7.0,-15.0,-10.0,-18.0,-11.0,-20.0,-12.0,-21.0,-12.0,-22.0,-12.0,-22.0,-11.0,-22.0,-10.0,-20.0,-9.0,-17.0,-8.0,-14.0,-6.0,-10.0,-5.0,-6.0,-4.0,-2.0,-4.0,2.0,-3.0,5.0,-3.0,9.0,-3.0,11.0,-2.0,13.0,-2.0,14.0,-2.0,14.0,-3.0,14.0,-3.0,0.0,0.0,0.0,0.0,0.0,0.0,0.0,0.0,0.0,0.0
3.1496,122.0,-96.0,7.0,0.0,-16.0,17.0,-16.0,17.0,-15.0,17.0,-15.0,16.0,-14.0,17.0,-13.0,17.0,-13.0,17.0,-12.0,17.0,-12.0,17.0,-12.0,17.0,-12.0,17.0,-11.0,17.0,-11.0,17.0,-11.0,17.0,-11.0,17.0,-11.0,17.0,-11.0,16.0,-10.0,16.0,-10.0,15.0,-10.0,15.0,-10.0,14.0,-10.0,13.0,-10.0,13.0,-10.0,12.0,-10.0,12.0,0.0,0.0,0.0,0.0,0.0,0.0,0.0,0.0,0.0,0.0
3.1629,122.0,-96.0,7.0,0.0,-37.0,16.0,-37.0,17.0,-33.0,16.0,-31.0,16.0,-26.0,15.0,-21.0,12.0,-16.0,8.0,-11.0,4.0,-6.0,0.0,-2.0,-5.0,0.0,-12.0,3.0,-17.0,5.0,-21.0,6.0,-24.0,7.0,-27.0,7.0,-29.0,6.0,-29.0,5.0,-28.0,5.0,-25.0,4.0,-22.0,3.0,-19.0,2.0,-15.0,2.0,-10.0,2.0,-6.0,2.0,-2.0,0.0,0.0,0.0,0.0,0.0,0.0,0.0,0.0,0.0,0.0
3.1751,122.0,-96.0,7.0,0.0,-5.0,4.0,-6.0,-3.0,-6.0,-9.0,-8.0,-15.0,-10.0,-19.0,-11.0,-23.0,-14.0,-26.0,-15.0,-26.0,-16.0,-27.0,-17.0,-26.0,-17.0,-24.0,-16.0,-22.0,-14.0,-19.0,-11.0,-16.0,-8.0,-12.0,-4.0,-9.0,0.0,-5.0,3.0,-2.0,7.0,2.0,10.0,3.0,13.0,5.0,15.0,6.0,16.0,6.0,16.0,7.0,16.0,6.0,0.0,0.0,0.0,0.0,0.0,0.0,0.0,0.0,0.0,0.0
3.1884,122.0,-96.0,7.0,0.0,-3.0,5.0,-6.0,0.0,-8.0,-5.0,-12.0,-10.0,-15.0,-13.0,-18.0,-15.0,-20.0,-16.0,-22.0,-16.0,-22.0,-16.0,-23.0,-15.0,-22.0,-14.0,-20.0,-12.0,-18.0,-10.0,-14.0,-9.0,-10.0,-7.0,-5.0,-6.0,-1.0,-4.0,3.0,-3.0,7.0,-2.0,10.0,-1.0,13.0,-1.0,15.0,-1.0,16.0,-1.0,16.0,-1.0,16.0,-1.0,0.0,0.0,0.0,0.0,0.0,0.0,0.0,0.0,0.0,0.0
3.2024,122.0,-96.0,7.0,0.0,-7.0,0.0,-3.0,-5.0,1.0,-11.0,2.0,-16.0,4.0,-20.0,5.0,-25.0,5.0,-28.0,6.0,-30.0,4.0,-31.0,3.0,-30.0,2.0,-29.0,1.0,-27.0,1.0,-23.0,1.0,-18.0,1.0,-13.0,2.0,-9.0,2.0,-3.0,3.0,2.0,4.0,6.0,5.0,10.0,7.0,12.0,7.0,14.0,8.0,15.0,8.0,16.0,8.0,16.0,0.0,0.0,0.0,0.0,0.0,0.0,0.0,0.0,0.0,0.0
3.2179,122.0,-96.0,7.0,0.0,-5.0,-31.0,-6.0,-31.0,-6.0,-29.0,-6.0,-27.0,-6.0,-23.0,-5.0,-19.0,-4.0,-15.0,-2.0,-9.0,1.0,-5.0,4.0,-1.0,7.0,3.0,10.0,6.0,13.0,8.0,16.0,10.0,19.0,11.0,19.0,11.0,20.0,11.0,19.0,10.0,17.0,9.0,15.0,8.0,13.0,6.0,10.0,5.0,6.0,4.0,3.0,2.0,0.0,2.0,0.0,0.0,0.0,0.0,0.0,0.0,0.0,0.0,0.0,0.0
3.2316,122.0,-96.0,7.0,0.0,16.0,6.0,20.0,7.0,22.0,8.0,24.0,8.0,25.0,8.0,24.0,7.0,24.0,6.0,21.0,4.0,18.0,3.0,14.0,2.0,11.0,3.0,6.0,3.0,2.0,3.0,-3.0,3.0,-7.0,4.0,-10.0,5.0,-13.0,6.0,-15.0,6.0,-16.0,7.0,-17.0,7.0,-17.0,6.0,-16.0,6.0,-14.0,5.0,-12.0,5.0,-10.0,4.0,0.0,0.0,0.0,0.0,0.0,0.0,0.0,0.0,0.0,0.0
3.2415,122.0,-96.0,7.0,0.0,16.0,-13.0,15.0,-12.0,15.0,-12.0,14.0,-12.0,14.0,-12.0,13.0,-12.0,13.0,-12.0,12.0,-13.0,12.0,-13.0,12.0,-13.0,11.0,-14.0,11.0,-13.0,11.0,-13.0,11.0,-13.0,11.0,-13.0,11.0,-13.0,10.0,-12.0,10.0,-12.0,10.0,-12.0,10.0,-11.0,10.0,-11.0,10.0,-11.0,9.0,-10.0,9.0,-10.0,9.0,-9.0,0.0,0.0,0.0,0.0,0.0,0.0,0.0,0.0,0.0,0.0
3.2544,122.0,-96.0,7.0,0.0,-10.0,-16.0,-12.0,-19.0,-13.0,-22.0,-14.0,-23.0,-15.0,-23.0,-16.0,-22.0,-16.0,-20.0,-14.0,-18.0,-13.0,-16.0,-10.0,-13.0,-8.0,-10.0,-5.0,-7.0,-1.0,-5.0,3.0,-2.0,7.0,0.0,10.0,2.0,13.0,3.0,15.0,4.0,16.0,4.0,16.0,4.0,17.0,4.0,16.0,4.0,14.0,4.0,12.0,3.0,10.0,2.0,0.0,0.0,0.0,0.0,0.0,0.0,0.0,0.0,0.0,0.0
3.269,122.0,-96.0,7.0,0.0,-3.0,-5.0,3.0,-3.0,8.0,-2.0,13.0,-1.0,17.0,0.0,20.0,-1.0,22.0,-1.0,23.0,-2.0,24.0,-3.0,23.0,-4.0,22.0,-4.0,20.0,-4.0,17.0,-4.0,13.0,-3.0,9.0,-2.0,6.0,0.0,2.0,2.0,-2.0,4.0,-5.0,5.0,-8.0,7.0,-10.0,8.0,-11.0,8.0,-11.0,10.0,-11.0,10.0,-11.0,10.0,0.0,0.0,0.0,0.0,0.0,0.0,0.0,0.0,0.0,0.0
3.2834,122.0,-96.0,7.0,0.0,6.0,-2.0,4.0,4.0,0.0,10.0,0.0,16.0,0.0,21.0,-1.0,25.0,0.0,28.0,0.0,29.0,1.0,30.0,2.0,29.0,3.0,28.0,3.0,25.0,2.0,21.0,2.0,17.0,1.0,12.0,-1.0,8.0,-3.0,2.0,-5.0,-3.0,-7.0,-7.0,-9.0,-10.0,-11.0,-12.0,-12.0,-13.0,-13.0,-14.0,-12.0,-15.0,-12.0,-14.0,0.0,0.0,0.0,0.0,0.0,0.0,0.0,0.0,0.0,0.0
3.2966,122.0,-96.0,7.0,0.0,19.0,11.0,23.0,14.0,25.0,15.0,28.0,16.0,29.0,15.0,28.0,14.0,28.0,12.0,24.0,10.0,21.0,8.0,17.0,6.0,13.0,6.0,7.0,5.0,1.0,4.0,-4.0,3.0,-9.0,3.0,-14.0,4.0,-18.0,4.0,-20.0,4.0,-22.0,4.0,-22.0,4.0,-22.0,4.0,-21.0,4.0,-19.0,3.0,-16.0,4.0,-13.0,3.0,0.0,0.0,0.0,0.0,0.0,0.0,0.0,0.0,0.0,0.0
3.3098,122.0,-96.0,7.0,0.0,23.0,7.0,19.0,6.0,14.0,5.0,8.0,4.0,3.0,3.0,-3.0,3.0,-8.0,4.0,-13.0,6.0,-16.0,7.0,-19.0,9.0,-21.0,11.0,-22.0,12.0,-22.0,13.0,-22.0,12.0,-20.0,12.0,-18.0,11.0,-15.0,9.0,-12.0,6.0,-9.0,3.0,-6.0,1.0,-3.0,-2.0,-1.0,-4.0,1.0,-7.0,3.0,-9.0,4.0,-11.0,0.0,0.0,0.0,0.0,0.0,0.0,0.0,0.0,0.0,0.0
3.3194,122.0,-96.0,7.0,0.0,7.0,-23.0,6.0,-23.0,6.0,-23.0,6.0,-22.0,5.0,-22.0,4.0,-22.0,4.0,-22.0,3.0,-21.0,3.0,-21.0,3.0,-21.0,2.0,-21.0,2.0,-21.0,2.0,-21.0,2.0,-21.0,2.0,-21.0,2.0,-20.0,2.0,-20.0,2.0,-19.0,2.0,-19.0,2.0,-18.0,2.0,-18.0,3.0,-17.0,3.0,-17.0,3.0,-16.0,3.0,-16.0,0.0,0.0,0.0,0.0,0.0,0.0,0.0,0.0,0.0,0.0
3.334,122.0,-96.0,7.0,0.0,-3.0,-8.0,5.0,-5.0,14.0,-4.0,21.0,-2.0,28.0,-2.0,33.0,-2.0,37.0,-3.0,39.0,-6.0,39.0,-7.0,38.0,-8.0,36.0,-8.0,33.0,-8.0,28.0,-8.0,22.0,-5.0,16.0,-3.0,10.0,-1.0,3.0,3.0,-2.0,7.0,-7.0,9.0,-11.0,13.0,-14.0,14.0,-16.0,16.0,-16.0,17.0,-17.0,18.0,-17.0,18.0,0.0,0.0,0.0,0.0,0.0,0.0,0.0,0.0,0.0,0.0
3.3487,122.0,-96.0,7.0,0.0,-10.0,-30.0,-10.0,-30.0,-11.0,-28.0,-10.0,-25.0,-10.0,-22.0,-8.0,-18.0,-6.0,-14.0,-3.0,-9.0,0.0,-5.0,4.0,-2.0,7.0,1.0,11.0,4.0,14.0,5.0,18.0,7.0,20.0,7.0,21.0,8.0,21.0,7.0,20.0,7.0,19.0,6.0,17.0,5.0,14.0,4.0,11.0,3.0,7.0,2.0,3.0,2.0,0.0,2.0,0.0,0.0,0.0,0.0,0.0,0.0,0.0,0.0,0.0,0.0
3.363,122.0,-96.0,7.0,0.0,-1.0,-5.0,3.0,-2.0,8.0,0.0,12.0,3.0,16.0,5.0,18.0,5.0,21.0,6.0,22.0,5.0,23.0,4.0,23.0,3.0,22.0,3.0,20.0,2.0,17.0,2.0,14.0,1.0,10.0,1.0,6.0,2.0,2.0,2.0,-2.0,3.0,-6.0,4.0,-9.0,4.0,-11.0,4.0,-12.0,5.0,-13.0,5.0,-14.0,6.0,-14.0,6.0,0.0,0.0,0.0,0.0,0.0,0.0,0.0,0.0,0.0,0.0
3.377,122.0,-96.0,7.0,0.0,-41.0,0.0,-40.0,1.0,-37.0,2.0,-34.0,2.0,-30.0,3.0,-24.0,2.0,-18.0,1.0,-11.0,0.0,-5.0,-3.0,0.0,-6.0,5.0,-11.0,9.0,-15.0,12.0,-18.0,15.0,-20.0,17.0,-22.0,17.0,-24.0,17.0,-24.0,16.0,-23.0,14.0,-21.0,12.0,-18.0,10.0,-16.0,7.0,-12.0,5.0,-8.0,3.0,-4.0,2.0,0.0,0.0,0.0,0.0,0.0,0.0,0.0,0.0,0.0,0.0,0.0
3.3902,122.0,-96.0,7.0,0.0,-6.0,0.0,-3.0,-4.0,0.0,-9.0,2.0,-13.0,3.0,-17.0,3.0,-20.0,4.0,-23.0,3.0,-24.0,3.0,-25.0,2.0,-24.0,1.0,-23.0,1.0,-21.0,0.0,-18.0,0.0,-14.0,1.0,-11.0,2.0,-7.0,2.0,-2.0,3.0,2.0,4.0,5.0,4.0,9.0,6.0,10.0,6.0,11.0,7.0,12.0,6.0,13.0,7.0,13.0,0.0,0.0,0.0,0.0,0.0,0.0,0.0,0.0,0.0,0.0
3.3992,122.0,-96.0,7.0,0.0,4.0,-24.0,3.0,-24.0,2.0,-23.0,2.0,-23.0,1.0,-22.0,1.0,-22.0,0.0,-22.0,0.0,-22.0,-1.0,-22.0,-1.0,-22.0,-1.0,-21.0,-2.0,-21.0,-2.0,-21.0,-2.0,-20.0,-2.0,-21.0,-2.0,-20.0,-2.0,-20.0,-1.0,-20.0,-1.0,-19.0,-1.0,-18.0,-1.0,-18.0,-1.0,-17.0,-1.0,-17.0,0.0,-17.0,0.0,-16.0,0.0,0.0,0.0,0.0,0.0,0.0,0.0,0.0,0.0,0.0
3.4126,122.0,-96.0,7.0,0.0,-6.0,-1.0,-2.0,-5.0,3.0,-9.0,6.0,-13.0,8.0,-17.0,10.0,-20.0,11.0,-23.0,11.0,-24.0,11.0,-25.0,10.0,-25.0,8.0,-24.0,7.0,-22.0,6.0,-19.0,5.0,-15.0,4.0,-11.0,4.0,-7.0,3.0,-2.0,2.0,2.0,2.0,6.0,2.0,10.0,3.0,12.0,3.0,14.0,3.0,15.0,3.0,15.0,3.0,16.0,0.0,0.0,0.0,0.0,0.0,0.0,0.0,0.0,0.0,0.0
3.4279,122.0,-96.0,7.0,0.0,-5.0,-4.0,1.0,-5.0,7.0,-6.0,12.0,-7.0,16.0,-8.0,19.0,-10.0,22.0,-12.0,23.0,-14.0,23.0,-15.0,22.0,-15.0,20.0,-15.0,18.0,-14.0,15.0,-12.0,12.0,-9.0,9.0,-6.0,6.0,-3.0,3.0,1.0,0.0,4.0,-2.0,7.0,-4.0,10.0,-5.0,12.0,-6.0,13.0,-6.0,15.0,-6.0,15.0,-6.0,15.0,0.0,0.0,0.0,0.0,0.0,0.0,0.0,0.0,0.0,0.0
3.4411,122.0,-96.0,7.0,0.0,-23.0,23.0,-19.0,19.0,-14.0,13.0,-11.0,8.0,-8.0,2.0,-4.0,-5.0,-2.0,-11.0,-1.0,-17.0,-1.0,-23.0,-1.0,-26.0,-2.0,-30.0,-3.0,-32.0,-4.0,-32.0,-5.0,-31.0,-5.0,-29.0,-4.0,-28.0,-5.0,-22.0,-4.0,-18.0,-2.0,-13.0,0.0,-8.0,2.0,-4.0,4.0,1.0,6.0,4.0,7.0,7.0,9.0,10.0,0.0,0.0,0.0,0.0,0.0,0.0,0.0,0.0,0.0,0.0
3.4511,122.0,-96.0,7.0,0.0,-16.0,10.0,-16.0,10.0,-15.0,10.0,-15.0,10.0,-14.0,10.0,-14.0,10.0,-13.0,10.0,-13.0,11.0,-13.0,10.0,-13.0,11.0,-13.0,11.0,-13.0,11.0,-12.0,11.0,-12.0,11.0,-12.0,11.0,-12.0,11.0,-12.0,10.0,-12.0,10.0,-11.0,10.0,-11.0,9.0,-11.0,9.0,-11.0,8.0,-10.0,8.0,-10.0,7.0,-10.0,7.0,0.0,0.0,0.0,0.0,0.0,0.0,0.0,0.0,0.0,0.0
3.4589,122.0,-96.0,7.0,0.0,-1.0,23.0,-1.0,22.0,-1.0,23.0,0.0,22.0,1.0,22.0,1.0,22.0,1.0,21.0,2.0,21.0,2.0,21.0,2.0,20.0,3.0,20.0,3.0,20.0,3.0,20.0,3.0,20.0,3.0,19.0,3.0,20.0,2.0,19.0,2.0,18.0,2.0,18.0,1.0,18.0,1.0,17.0,1.0,17.0,1.0,16.0,0.0,16.0,0.0,16.0,0.0,0.0,0.0,0.0,0.0,0.0,0.0,0.0,0.0,0.0
3.4717,122.0,-96.0,7.0,0.0,-7.0,34.0,-6.0,34.0,-4.0,32.0,-3.0,30.0,-2.0,26.0,-2.0,21.0,-2.0,15.0,-3.0,10.0,-4.0,4.0,-6.0,-1.0,-8.0,-6.0,-10.0,-11.0,-12.0,-14.0,-15.0,-16.0,-18.0,-18.0,-18.0,-19.0,-19.0,-19.0,-18.0,-18.0,-17.0,-16.0,-15.0,-14.0,-13.0,-12.0,-10.0,-9.0,-7.0,-7.0,-3.0,-5.0,0.0,-3.0,0.0,0.0,0.0,0.0,0.0,0.0,0.0,0.0,0.0,0.0
3.4848,122.0,-96.0,7.0,0.0,-34.0,21.0,-33.0,22.0,-30.0,21.0,-28.0,20.0,-23.0,18.0,-19.0,15.0,-14.0,10.0,-10.0,6.0,-6.0,0.0,-3.0,-5.0,-1.0,-12.0,0.0,-18.0,1.0,-22.0,2.0,-25.0,2.0,-28.0,1.0,-30.0,1.0,-29.0,0.0,-28.0,0.0,-26.0,0.0,-22.0,0.0,-19.0,0.0,-14.0,0.0,-10.0,1.0,-5.0,2.0,-2.0,0.0,0.0,0.0,0.0,0.0,0.0,0.0,0.0,0.0,0.0
3.4923,122.0,-96.0,7.0,0.0,9.0,22.0,9.0,22.0,9.0,21.0,9.0,20.0,10.0,19.0,10.0,19.0,10.0,18.0,10.0,18.0,11.0,17.0,11.0,17.0,11.0,17.0,12.0,17.0,12.0,17.0,11.0,16.0,11.0,16.0,11.0,16.0,10.0,16.0,10.0,16.0,9.0,15.0,9.0,15.0,9.0,15.0,8.0,14.0,8.0,14.0,7.0,14.0,7.0,14.0,0.0,0.0,0.0,0.0,0.0,0.0,0.0,0.0,0.0,0.0
3.506,122.0,-96.0,7.0,0.0,19.0,33.0,20.0,34.0,19.0,30.0,19.0,28.0,17.0,24.0,13.0,19.0,10.0,14.0,4.0,9.0,-1.0,5.0,-6.0,2.0,-11.0,0.0,-17.0,-2.0,-22.0,-3.0,-25.0,-4.0,-29.0,-4.0,-29.0,-4.0,-30.0,-4.0,-28.0,-3.0,-26.0,-3.0,-22.0,-2.0,-19.0,-2.0,-14.0,-1.0,-10.0,-2.0,-5.0,-2.0,-1.0,-3.0,0.0,0.0,0.0,0.0,0.0,0.0,0.0,0.0,0.0,0.0
3.5163,122.0,-96.0,7.0,0.0,-19.0,-16.0,-18.0,-16.0,-18.0,-15.0,-18.0,-15.0,-18.0,-14.0,-18.0,-14.0,-18.0,-13.0,-19.0,-13.0,-18.0,-12.0,-18.0,-12.0,-18.0,-11.0,-19.0,-11.0,-19.0,-11.0,-18.0,-11.0,-18.0,-11.0,-18.0,-11.0,-17.0,-10.0,-17.0,-11.0,-16.0,-10.0,-16.0,-10.0,-15.0,-10.0,-14.0,-10.0,-14.0,-10.0,-14.0,-10.0,-13.0,-10.0,0.0,0.0,0.0,0.0,0.0,0.0,0.0,0.0,0.0,0.0
3.5303,122.0,-96.0,7.0,0.0,1.0,-36.0,0.0,-35.0,-1.0,-33.0,-2.0,-31.0,-2.0,-26.0,-2.0,-21.0,-1.0,-16.0,0.0,-10.0,2.0,-5.0,5.0,0.0,8.0,5.0,11.0,9.0,13.0,12.0,16.0,14.0,19.0,16.0,19.0,17.0,19.0,16.0,19.0,15.0,17.0,14.0,15.0,12.0,12.0,10.0,9.0,7.0,5.0,5.0,1.0,3.0,-2.0,2.0,0.0,0.0,0.0,0.0,0.0,0.0,0.0,0.0,0.0,0.0
3.5436,122.0,-96.0,7.0,0.0,-17.0,-8.0,-20.0,-10.0,-22.0,-10.0,-24.0,-11.0,-25.0,-11.0,-24.0,-10.0,-23.0,-9.0,-21.0,-7.0,-18.0,-5.0,-15.0,-4.0,-12.0,-4.0,-7.0,-4.0,-3.0,-4.0,2.0,-4.0,6.0,-4.0,10.0,-5.0,12.0,-5.0,14.0,-5.0,16.0,-6.0,16.0,-6.0,16.0,-6.0,15.0,-6.0,13.0,-5.0,11.0,-5.0,9.0,-4.0,0.0,0.0,0.0,0.0,0.0,0.0,0.0,0.0,0.0,0.0
3.5531,122.0,-96.0,7.0,0.0,-25.0,0.0,-24.0,1.0,-24.0,1.0,-23.0,1.0,-23.0,2.0,-23.0,2.0,-22.0,3.0,-22.0,3.0,-22.0,4.0,-21.0,4.0,-21.0,4.0,-21.0,5.0,-21.0,5.0,-20.0,5.0,-20.0,5.0,-20.0,5.0,-19.0,5.0,-19.0,4.0,-19.0,4.0,-18.0,3.0,-18.0,3.0,-17.0,3.0,-17.0,3.0,-17.0,2.0,-17.0,2.0,0.0,0.0,0.0,0.0,0.0,0.0,0.0,0.0,0.0,0.0
3.5661,122.0,-96.0,7.0,0.0,-4.0,21.0,-5.0,26.0,-5.0,29.0,-5.0,31.0,-4.0,32.0,-3.0,32.0,-2.0,30.0,-2.0,27.0,-1.0,23.0,-1.0,19.0,-1.0,14.0,-2.0,8.0,-4.0,3.0,-6.0,-2.0,-8.0,-7.0,-9.0,-11.0,-11.0,-14.0,-12.0,-17.0,-13.0,-18.0,-13.0,-19.0,-14.0,-18.0,-13.0,-17.0,-12.0,-15.0,-10.0,-13.0,-8.0,-11.0,0.0,0.0,0.0,0.0,0.0,0.0,0.0,0.0,0.0,0.0
3.5792,122.0,-96.0,7.0,0.0,27.0,0.0,23.0,0.0,16.0,0.0,11.0,1.0,5.0,3.0,-1.0,5.0,-6.0,7.0,-11.0,10.0,-14.0,13.0,-16.0,16.0,-19.0,19.0,-19.0,21.0,-19.0,22.0,-18.0,21.0,-16.0,20.0,-15.0,19.0,-12.0,15.0,-10.0,11.0,-8.0,8.0,-6.0,4.0,-4.0,0.0,-2.0,-4.0,-2.0,-7.0,0.0,-10.0,0.0,-13.0,0.0,0.0,0.0,0.0,0.0,0.0,0.0,0.0,0.0,0.0
3.5942,122.0,-96.0,7.0,0.0,-8.0,-30.0,-9.0,-31.0,-9.0,-28.0,-9.0,-26.0,-9.0,-22.0,-7.0,-18.0,-5.0,-14.0,-3.0,-9.0,1.0,-5.0,4.0,-1.0,7.0,1.0,11.0,4.0,14.0,6.0,17.0,7.0,20.0,8.0,20.0,9.0,21.0,8.0,20.0,7.0,18.0,7.0,16.0,6.0,14.0,5.0,10.0,4.0,7.0,3.0,3.0,2.0,0.0,2.0,0.0,0.0,0.0,0.0,0.0,0.0,0.0,0.0,0.0,0.0
3.6052,122.0,-96.0,7.0,0.0,7.0,-16.0,7.0,-16.0,7.0,-16.0,7.0,-16.0,6.0,-16.0,6.0,-16.0,5.0,-15.0,4.0,-16.0,4.0,-16.0,4.0,-16.0,3.0,-16.0,4.0,-15.0,4.0,-15.0,4.0,-15.0,4.0,-15.0,4.0,-15.0,4.0,-15.0,3.0,-14.0,4.0,-14.0,3.0,-13.0,3.0,-13.0,4.0,-13.0,4.0,-12.0,4.0,-12.0,4.0,-12.0,0.0,0.0,0.0,0.0,0.0,0.0,0.0,0.0,0.0,0.0
3.6194,122.0,-96.0,7.0,0.0,-6.0,-28.0,-5.0,-23.0,-4.0,-17.0,-1.0,-12.0,2.0,-6.0,5.0,-1.0,9.0,3.0,12.0,7.0,16.0,9.0,19.0,11.0,22.0,12.0,24.0,12.0,24.0,12.0,25.0,11.0,24.0,10.0,21.0,9.0,19.0,7.0,14.0,6.0,10.0,4.0,5.0,4.0,1.0,3.0,-3.0,2.0,-7.0,2.0,-10.0,2.0,-13.0,2.0,0.0,0.0,0.0,0.0,0.0,0.0,0.0,0.0,0.0,0.0
3.6332,122.0,-96.0,7.0,0.0,5.0,-2.0,3.0,3.0,0.0,8.0,0.0,13.0,-1.0,17.0,-1.0,19.0,0.0,22.0,0.0,23.0,1.0,24.0,2.0,23.0,2.0,22.0,3.0,20.0,2.0,17.0,2.0,13.0,1.0,9.0,-1.0,6.0,-2.0,2.0,-4.0,-2.0,-6.0,-5.0,-8.0,-7.0,-10.0,-9.0,-11.0,-10.0,-11.0,-11.0,-11.0,-11.0,-11.0,-11.0,0.0,0.0,0.0,0.0,0.0,0.0,0.0,0.0,0.0,0.0
3.6471,122.0,-96.0,7.0,0.0,-16.0,-9.0,-19.0,-11.0,-21.0,-11.0,-24.0,-12.0,-24.0,-11.0,-25.0,-11.0,-23.0,-10.0,-21.0,-8.0,-19.0,-6.0,-15.0,-5.0,-12.0,-5.0,-8.0,-4.0,-3.0,-4.0,1.0,-4.0,6.0,-4.0,9.0,-5.0,12.0,-5.0,14.0,-6.0,16.0,-6.0,16.0,-7.0,16.0,-7.0,15.0,-6.0,14.0,-6.0,11.0,-6.0,10.0,-5.0,0.0,0.0,0.0,0.0,0.0,0.0,0.0,0.0,0.0,0.0
3.6598,122.0,-96.0,7.0,0.0,20.0,13.0,16.0,11.0,12.0,8.0,7.0,6.0,2.0,4.0,-3.0,3.0,-8.0,3.0,-13.0,4.0,-17.0,4.0,-20.0,5.0,-23.0,6.0,-24.0,8.0,-24.0,9.0,-24.0,9.0,-22.0,9.0,-19.0,9.0,-17.0,7.0,-13.0,5.0,-10.0,3.0,-7.0,0.0,-3.0,-2.0,-1.0,-4.0,1.0,-6.0,3.0,-9.0,5.0,-10.0,0.0,0.0,0.0,0.0,0.0,0.0,0.0,0.0,0.0,0.0
3.673,122.0,-96.0,7.0,0.0,-1.0,-6.0,4.0,-2.0,9.0,1.0,13.0,3.0,17.0,5.0,21.0,6.0,24.0,6.0,25.0,6.0,26.0,5.0,25.0,3.0,25.0,3.0,22.0,2.0,19.0,2.0,15.0,2.0,11.0,2.0,7.0,2.0,2.0,3.0,-2.0,4.0,-6.0,4.0,-10.0,5.0,-12.0,5.0,-14.0,6.0,-15.0,7.0,-15.0,7.0,-15.0,7.0,0.0,0.0,0.0,0.0,0.0,0.0,0.0,0.0,0.0,0.0
3.6866,122.0,-96.0,7.0,0.0,-29.0,0.0,-24.0,0.0,-17.0,0.0,-12.0,-2.0,-6.0,-4.0,0.0,-6.0,5.0,-9.0,9.0,-12.0,13.0,-16.0,14.0,-18.0,16.0,-22.0,16.0,-24.0,15.0,-24.0,14.0,-24.0,13.0,-22.0,11.0,-21.0,9.0,-17.0,7.0,-13.0,6.0,-9.0,4.0,-5.0,3.0,-1.0,2.0,3.0,2.0,7.0,1.0,10.0,1.0,13.0,0.0,0.0,0.0,0.0,0.0,0.0,0.0,0.0,0.0,0.0
3.7021,122.0,-96.0,7.0,0.0,-18.0,-26.0,-19.0,-25.0,-19.0,-23.0,-18.0,-21.0,-16.0,-18.0,-13.0,-15.0,-10.0,-12.0,-6.0,-8.0,-1.0,-5.0,3.0,-3.0,7.0,-2.0,12.0,-1.0,15.0,-1.0,19.0,-1.0,21.0,-1.0,22.0,-1.0,23.0,-1.0,22.0,-2.0,20.0,-2.0,17.0,-2.0,14.0,-2.0,11.0,-1.0,8.0,-1.0,4.0,0.0,1.0,1.0,0.0,0.0,0.0,0.0,0.0,0.0,0.0,0.0,0.0,0.0
3.7135,122.0,-96.0,7.0,0.0,4.0,23.0,4.0,23.0,5.0,22.0,4.0,22.0,5.0,21.0,5.0,21.0,5.0,20.0,5.0,20.0,5.0,19.0,6.0,19.0,6.0,19.0,5.0,18.0,6.0,18.0,6.0,18.0,5.0,18.0,5.0,17.0,5.0,17.0,4.0,16.0,4.0,15.0,3.0,15.0,3.0,14.0,2.0,13.0,2.0,13.0,2.0,12.0,1.0,12.0,0.0,0.0,0.0,0.0,0.0,0.0,0.0,0.0,0.0,0.0
3.7268,122.0,-96.0,7.0,0.0,-24.0,27.0,-20.0,21.0,-14.0,15.0,-11.0,8.0,-7.0,1.0,-4.0,-7.0,-2.0,-15.0,0.0,-22.0,0.0,-28.0,-1.0,-33.0,-1.0,-38.0,-2.0,-40.0,-3.0,-41.0,-5.0,-39.0,-5.0,-36.0,-4.0,-33.0,-4.0,-27.0,-3.0,-21.0,-1.0,-15.0,1.0,-8.0,4.0,-2.0,5.0,4.0,7.0,9.0,9.0,13.0,11.0,16.0,0.0,0.0,0.0,0.0,0.0,0.0,0.0,0.0,0.0,0.0
3.7405,122.0,-96.0,7.0,0.0,12.0,-15.0,15.0,-17.0,16.0,-19.0,16.0,-20.0,16.0,-21.0,15.0,-21.0,14.0,-20.0,12.0,-18.0,10.0,-16.0,7.0,-13.0,6.0,-9.0,4.0,-4.0,2.0,0.0,2.0,5.0,0.0,9.0,0.0,13.0,-1.0,15.0,-2.0,17.0,-2.0,19.0,-2.0,19.0,-2.0,19.0,-2.0,18.0,-2.0,16.0,-2.0,14.0,-2.0,11.0,0.0,0.0,0.0,0.0,0.0,0.0,0.0,0.0,0.0,0.0
3.7542,122.0,-96.0,7.0,0.0,5.0,21.0,6.0,25.0,7.0,29.0,9.0,31.0,10.0,31.0,11.0,30.0,10.0,28.0,10.0,25.0,8.0,22.0,6.0,17.0,4.0,12.0,1.0,8.0,-3.0,3.0,-7.0,-1.0,-10.0,-5.0,-13.0,-9.0,-17.0,-11.0,-18.0,-14.0,-19.0,-15.0,-20.0,-16.0,-20.0,-15.0,-19.0,-15.0,-17.0,-13.0,-14.0,-12.0,-12.0,-10.0,0.0,0.0,0.0,0.0,0.0,0.0,0.0,0.0,0.0,0.0
3.7686,122.0,-96.0,7.0,0.0,-1.0,3.0,-5.0,-1.0,-8.0,-4.0,-13.0,-7.0,-16.0,-9.0,-19.0,-11.0,-21.0,-11.0,-22.0,-11.0,-23.0,-11.0,-23.0,-10.0,-22.0,-9.0,-20.0,-8.0,-18.0,-7.0,-14.0,-6.0,-10.0,-5.0,-5.0,-4.0,-1.0,-4.0,3.0,-3.0,7.0,-3.0,11.0,-3.0,14.0,-2.0,15.0,-2.0,16.0,-2.0,16.0,-2.0,16.0,-2.0,0.0,0.0,0.0,0.0,0.0,0.0,0.0,0.0,0.0,0.0
3.7829,122.0,-96.0,7.0,0.0,20.0,8.0,25.0,10.0,27.0,11.0,30.0,11.0,31.0,10.0,30.0,9.0,29.0,8.0,26.0,6.0,22.0,5.0,18.0,4.0,13.0,4.0,7.0,3.0,2.0,4.0,-4.0,4.0,-10.0,5.0,-15.0,6.0,-19.0,7.0,-21.0,7.0,-23.0,7.0,-24.0,8.0,-24.0,7.0,-22.0,7.0,-20.0,6.0,-18.0,6.0,-15.0,4.0,0.0,0.0,0.0,0.0,0.0,0.0,0.0,0.0,0.0,0.0
3.7962,122.0,-96.0,7.0,0.0,21.0,-14.0,26.0,-16.0,29.0,-19.0,30.0,-20.0,30.0,-21.0,29.0,-21.0,27.0,-21.0,24.0,-20.0,21.0,-18.0,16.0,-15.0,12.0,-10.0,8.0,-5.0,4.0,1.0,1.0,6.0,-2.0,11.0,-4.0,17.0,-7.0,21.0,-8.0,24.0,-9.0,26.0,-9.0,27.0,-8.0,25.0,-8.0,24.0,-7.0,21.0,-7.0,19.0,-6.0,16.0,0.0,0.0,0.0,0.0,0.0,0.0,0.0,0.0,0.0,0.0
3.81,122.0,-96.0,7.0,0.0,-3.0,28.0,-3.0,22.0,-2.0,16.0,-4.0,8.0,-5.0,2.0,-7.0,-6.0,-9.0,-11.0,-12.0,-17.0,-14.0,-21.0,-17.0,-24.0,-20.0,-26.0,-21.0,-27.0,-22.0,-27.0,-22.0,-26.0,-21.0,-24.0,-18.0,-21.0,-16.0,-17.0,-12.0,-14.0,-7.0,-10.0,-3.0,-7.0,2.0,-4.0,6.0,0.0,10.0,3.0,13.0,4.0,16.0,6.0,0.0,0.0,0.0,0.0,0.0,0.0,0.0,0.0,0.0,0.0
3.8269,122.0,-96.0,7.0,0.0,-29.0,-21.0,-24.0,-17.0,-17.0,-14.0,-10.0,-9.0,-2.0,-6.0,6.0,-4.0,14.0,-2.0,21.0,-2.0,27.0,-2.0,32.0,-3.0,36.0,-5.0,38.0,-6.0,39.0,-7.0,38.0,-7.0,36.0,-7.0,31.0,-7.0,27.0,-5.0,21.0,-3.0,14.0,-2.0,8.0,1.0,1.0,3.0,-5.0,5.0,-9.0,8.0,-13.0,11.0,-16.0,13.0,0.0,0.0,0.0,0.0,0.0,0.0,0.0,0.0,0.0,0.0
3.8397,122.0,-96.0,7.0,0.0,12.0,-20.0,10.0,-17.0,7.0,-12.0,5.0,-7.0,4.0,-2.0,2.0,4.0,2.0,9.0,2.0,14.0,2.0,18.0,3.0,21.0,4.0,24.0,5.0,25.0,6.0,26.0,7.0,25.0,7.0,23.0,6.0,20.0,5.0,17.0,4.0,13.0,2.0,9.0,0.0,5.0,-3.0,1.0,-5.0,-2.0,-7.0,-5.0,-9.0,-8.0,-10.0,-10.0,0.0,0.0,0.0,0.0,0.0,0.0,0.0,0.0,0.0,0.0
3.8527,122.0,-96.0,7.0,0.0,11.0,22.0,9.0,18.0,6.0,13.0,1.0,8.0,-2.0,3.0,-7.0,-1.0,-12.0,-5.0,-16.0,-8.0,-21.0,-9.0,-24.0,-10.0,-27.0,-10.0,-28.0,-10.0,-29.0,-10.0,-29.0,-9.0,-27.0,-9.0,-23.0,-7.0,-20.0,-7.0,-15.0,-6.0,-10.0,-5.0,-5.0,-4.0,0.0,-4.0,5.0,-3.0,8.0,-3.0,12.0,-4.0,15.0,-3.0,0.0,0.0,0.0,0.0,0.0,0.0,0.0,0.0,0.0,0.0
3.8659,122.0,-96.0,7.0,0.0,-4.0,-2.0,0.0,-6.0,3.0,-10.0,5.0,-14.0,7.0,-17.0,8.0,-20.0,9.0,-22.0,9.0,-24.0,8.0,-25.0,7.0,-24.0,6.0,-22.0,5.0,-20.0,4.0,-17.0,4.0,-13.0,3.0,-9.0,3.0,-5.0,2.0,0.0,2.0,4.0,2.0,8.0,2.0,11.0,2.0,13.0,2.0,15.0,2.0,16.0,2.0,17.0,2.0,16.0,0.0,0.0,0.0,0.0,0.0,0.0,0.0,0.0,0.0,0.0
3.8799,122.0,-96.0,7.0,0.0,3.0,-1.0,2.0,5.0,1.0,9.0,1.0,14.0,2.0,18.0,2.0,21.0,3.0,23.0,4.0,24.0,4.0,24.0,5.0,23.0,6.0,21.0,5.0,19.0,4.0,16.0,3.0,13.0,1.0,9.0,-1.0,5.0,-3.0,1.0,-5.0,-3.0,-7.0,-6.0,-9.0,-9.0,-10.0,-11.0,-11.0,-12.0,-12.0,-13.0,-12.0,-13.0,-11.0,-13.0,0.0,0.0,0.0,0.0,0.0,0.0,0.0,0.0,0.0,0.0
3.893,122.0,-96.0,7.0,0.0,-3.0,2.0,-7.0,-3.0,-11.0,-7.0,-16.0,-11.0,-20.0,-14.0,-23.0,-16.0,-25.0,-17.0,-27.0,-17.0,-27.0,-16.0,-27.0,-15.0,-26.0,-14.0,-24.0,-12.0,-20.0,-11.0,-15.0,-9.0,-11.0,-8.0,-5.0,-5.0,0.0,-4.0,6.0,-3.0,10.0,-2.0,14.0,-1.0,17.0,0.0,20.0,0.0,21.0,1.0,21.0,0.0,21.0,1.0,0.0,0.0,0.0,0.0,0.0,0.0,0.0,0.0,0.0,0.0
3.9066,122.0,-96.0,7.0,0.0,38.0,11.0,37.0,10.0,35.0,9.0,32.0,8.0,28.0,6.0,22.0,4.0,16.0,4.0,9.0,3.0,2.0,3.0,-5.0,4.0,-11.0,7.0,-17.0,9.0,-21.0,10.0,-26.0,11.0,-27.0,13.0,-29.0,14.0,-29.0,13.0,-28.0,13.0,-25.0,12.0,-22.0,10.0,-18.0,9.0,-14.0,6.0,-10.0,3.0,-6.0,0.0,-2.0,-2.0,0.0,0.0,0.0,0.0,0.0,0.0,0.0,0.0,0.0,0.0
3.9267,122.0,-96.0,7.0,0.0,9.0,15.0,11.0,18.0,13.0,20.0,14.0,21.0,15.0,21.0,15.0,20.0,15.0,19.0,13.0,16.0,12.0,14.0,9.0,11.0,6.0,9.0,3.0,6.0,-1.0,3.0,-5.0,0.0,-9.0,-2.0,-12.0,-4.0,-15.0,-5.0,-17.0,-6.0,-18.0,-7.0,-19.0,-7.0,-19.0,-8.0,-18.0,-7.0,-16.0,-7.0,-14.0,-6.0,-11.0,-5.0,0.0,0.0,0.0,0.0,0.0,0.0,0.0,0.0,0.0,0.0
3.9426,122.0,-96.0,7.0,0.0,0.0,0.0,0.0,0.0,0.0,0.0,0.0,0.0,-11.0,-14.0,-10.0,-15.0,-10.0,-15.0,-10.0,-15.0,-9.0,-16.0,-9.0,-16.0,-9.0,-16.0,-8.0,-16.0,-8.0,-16.0,-7.0,-17.0,-8.0,-16.0,-7.0,-16.0,-7.0,-16.0,-7.0,-16.0,-6.0,-16.0,-7.0,-15.0,-6.0,-15.0,-6.0,-15.0,-6.0,-15.0,-6.0,-15.0,-6.0,-14.0,-6.0,-14.0,-6.0,-14.0,-6.0,-13.0,-6.0,-13.0,-7.0,-13.0
3.956,122.0,-96.0,7.0,0.0,0.0,0.0,0.0,0.0,0.0,0.0,0.0,0.0,1.0,21.0,1.0,21.0,0.0,22.0,0.0,21.0,-1.0,22.0,-2.0,22.0,-2.0,22.0,-3.0,21.0,-2.0,21.0,-3.0,21.0,-3.0,21.0,-4.0,21.0,-4.0,20.0,-5.0,20.0,-4.0,20.0,-4.0,19.0,-5.0,19.0,-4.0,19.0,-5.0,19.0,-4.0,18.0,-4.0,18.0,-3.0,17.0,-3.0,17.0,-3.0,17.0,-3.0,17.0,-3.0,17.0
3.9698,122.0,-96.0,7.0,0.0,0.0,0.0,0.0,0.0,0.0,0.0,0.0,0.0,-12.0,13.0,-15.0,16.0,-17.0,18.0,-18.0,19.0,-19.0,21.0,-19.0,21.0,-19.0,20.0,-17.0,19.0,-16.0,16.0,-13.0,13.0,-10.0,10.0,-7.0,6.0,-4.0,1.0,-1.0,-4.0,2.0,-9.0,4.0,-14.0,7.0,-18.0,8.0,-22.0,9.0,-25.0,9.0,-27.0,9.0,-28.0,9.0,-28.0,8.0,-27.0,6.0,-24.0,4.0,-21.0,4.0,-17.0
3.9845,122.0,-96.0,7.0,0.0,0.0,0.0,0.0,0.0,0.0,0.0,0.0,0.0,20.0,-4.0,20.0,-3.0,20.0,-3.0,21.0,-3.0,21.0,-2.0,21.0,-1.0,20.0,-1.0,21.0,-1.0,20.0,-1.0,20.0,1.0,20.0,1.0,20.0,1.0,19.0,2.0,19.0,2.0,19.0,2.0,18.0,2.0,19.0,2.0,18.0,2.0,18.0,2.0,18.0,1.0,17.0,1.0,17.0,1.0,17.0,1.0,16.0,1.0,16.0,1.0,16.0,0.0
3.9993,122.0,-96.0,7.0,0.0,0.0,0.0,0.0,0.0,0.0,0.0,0.0,0.0,26.0,-5.0,20.0,-4.0,14.0,-2.0,7.0,0.0,-1.0,3.0,-8.0,6.0,-15.0,9.0,-22.0,12.0,-28.0,15.0,-32.0,18.0,-36.0,20.0,-37.0,21.0,-37.0,23.0,-37.0,23.0,-34.0,22.0,-30.0,21.0,-26.0,17.0,-20.0,14.0,-15.0,9.0,-9.0,4.0,-4.0,-2.0,1.0,-9.0,6.0,-16.0,11.0,-21.0,12.0,-26.0,14.0,-31.0
4.0131,122.0,-96.0,7.0,0.0,0.0,0.0,0.0,0.0,0.0,0.0,0.0,0.0,-7.0,16.0,-8.0,16.0,-8.0,15.0,-8.0,16.0,-9.0,16.0,-9.0,15.0,-9.0,15.0,-10.0,15.0,-10.0,14.0,-10.0,14.0,-11.0,14.0,-11.0,14.0,-10.0,13.0,-11.0,13.0,-11.0,13.0,-11.0,12.0,-10.0,13.0,-11.0,12.0,-11.0,12.0,-10.0,12.0,-10.0,12.0,-9.0,11.0,-10.0,11.0,-9.0,12.0,-9.0,12.0,-8.0,12.0
4.0279,122.0,-96.0,7.0,0.0,0.0,0.0,0.0,0.0,0.0,0.0,0.0,0.0,8.0,-23.0,8.0,-23.0,7.0,-22.0,8.0,-20.0,6.0,-18.0,5.0,-13.0,4.0,-10.0,2.0,-4.0,1.0,0.0,0.0,5.0,0.0,9.0,0.0,14.0,-1.0,18.0,-1.0,22.0,-1.0,25.0,-1.0,26.0,-1.0,26.0,0.0,26.0,0.0,24.0,1.0,21.0,1.0,18.0,0.0,14.0,-1.0,10.0,-1.0,5.0,-2.0,1.0,-4.0,-4.0
4.0409,122.0,-96.0,7.0,0.0,0.0,0.0,0.0,0.0,0.0,0.0,0.0,0.0,-8.0,-17.0,-9.0,-20.0,-9.0,-22.0,-10.0,-23.0,-11.0,-24.0,-11.0,-24.0,-10.0,-23.0,-9.0,-20.0,-8.0,-18.0,-6.0,-14.0,-4.0,-10.0,-2.0,-6.0,1.0,-2.0,4.0,3.0,7.0,7.0,9.0,10.0,13.0,13.0,15.0,15.0,17.0,17.0,18.0,18.0,19.0,18.0,18.0,17.0,17.0,16.0,16.0,13.0,13.0,11.0,10.0,9.0
4.0578,122.0,-96.0,7.0,0.0,0.0,0.0,0.0,0.0,0.0,0.0,0.0,0.0,-18.0,-10.0,-19.0,-11.0,-18.0,-11.0,-18.0,-12.0,-18.0,-12.0,-18.0,-13.0,-17.0,-13.0,-16.0,-13.0,-16.0,-14.0,-16.0,-14.0,-16.0,-14.0,-15.0,-14.0,-15.0,-14.0,-15.0,-14.0,-14.0,-15.0,-14.0,-14.0,-15.0,-13.0,-13.0,-14.0,-13.0,-14.0,-13.0,-13.0,-13.0,-13.0,-13.0,-13.0,-13.0,-12.0,-13.0,-12.0,-13.0,-12.0,-13.0,-11.0
4.0738,122.0,-96.0,7.0,0.0,0.0,0.0,0.0,0.0,0.0,0.0,0.0,0.0,13.0,-12.0,13.0,-11.0,13.0,-11.0,14.0,-11.0,14.0,-10.0,14.0,-10.0,14.0,-10.0,15.0,-9.0,14.0,-9.0,15.0,-9.0,15.0,-8.0,15.0,-8.0,14.0,-8.0,14.0,-8.0,14.0,-7.0,14.0,-7.0,14.0,-7.0,14.0,-7.0,13.0,-7.0,13.0,-7.0,13.0,-7.0,13.0,-7.0,13.0,-7.0,12.0,-7.0,12.0,-7.0,12.0,-7.0
4.0873,122.0,-96.0,7.0,0.0,0.0,0.0,0.0,0.0,0.0,0.0,0.0,0.0,1.0,2.0,-4.0,2.0,-10.0,1.0,-15.0,0.0,-21.0,0.0,-26.0,0.0,-29.0,0.0,-32.0,0.0,-32.0,1.0,-33.0,1.0,-31.0,2.0,-29.0,2.0,-26.0,1.0,-21.0,1.0,-16.0,0.0,-10.0,0.0,-4.0,-2.0,2.0,-4.0,8.0,-6.0,13.0,-9.0,17.0,-11.0,20.0,-14.0,24.0,-16.0,24.0,-18.0,24.0,-18.0,24.0,-19.0
4.1013,122.0,-96.0,7.0,0.0,0.0,0.0,0.0,0.0,0.0,0.0,0.0,0.0,2.0,-1.0,1.0,3.0,-1.0,8.0,-2.0,13.0,-4.0,18.0,-4.0,22.0,-5.0,25.0,-5.0,27.0,-4.0,28.0,-4.0,29.0,-3.0,27.0,-3.0,25.0,-3.0,23.0,-2.0,18.0,-2.0,14.0,-2.0,8.0,-3.0,2.0,-3.0,-3.0,-4.0,-9.0,-6.0,-14.0,-7.0,-18.0,-9.0,-21.0,-10.0,-25.0,-12.0,-25.0,-13.0,-25.0,-13.0,-25.0
4.1144,122.0,-96.0,7.0,0.0,0.0,0.0,0.0,0.0,0.0,0.0,0.0,0.0,15.0,1.0,15.0,1.0,15.0,1.0,15.0,2.0,15.0,3.0,15.0,3.0,14.0,3.0,15.0,4.0,14.0,3.0,14.0,4.0,14.0,4.0,14.0,4.0,13.0,4.0,14.0,4.0,13.0,4.0,13.0,4.0,13.0,4.0,13.0,4.0,12.0,4.0,12.0,4.0,12.0,4.0,12.0,3.0,12.0,3.0,12.0,3.0,12.0,3.0,12.0,3.0
4.1281,122.0,-96.0,7.0,0.0,0.0,0.0,0.0,0.0,0.0,0.0,0.0,0.0,-21.0,17.0,-21.0,17.0,-20.0,16.0,-18.0,15.0,-16.0,12.0,-13.0,10.0,-9.0,6.0,-5.0,2.0,-2.0,-2.0,1.0,-7.0,4.0,-11.0,7.0,-15.0,9.0,-19.0,11.0,-22.0,13.0,-25.0,14.0,-26.0,13.0,-27.0,13.0,-27.0,12.0,-25.0,10.0,-23.0,8.0,-20.0,6.0,-16.0,5.0,-11.0,4.0,-6.0,2.0,-1.0,2.0,4.0
4.142,122.0,-96.0,7.0,0.0,0.0,0.0,0.0,0.0,0.0,0.0,0.0,0.0,7.0,-20.0,5.0,-16.0,4.0,-12.0,3.0,-7.0,2.0,-2.0,1.0,3.0,1.0,8.0,0.0,13.0,0.0,18.0,0.0,22.0,-1.0,26.0,0.0,28.0,1.0,29.0,1.0,29.0,1.0,28.0,2.0,25.0,2.0,22.0,1.0,18.0,1.0,13.0,0.0,8.0,-2.0,3.0,-4.0,-2.0,-6.0,-8.0,-8.0,-13.0,-10.0,-16.0,-13.0,-19.0
4.1558,122.0,-96.0,7.0,0.0,0.0,0.0,0.0,0.0,0.0,0.0,0.0,0.0,-19.0,-11.0,-16.0,-9.0,-11.0,-6.0,-7.0,-5.0,-2.0,-3.0,3.0,-2.0,8.0,-1.0,14.0,0.0,18.0,2.0,22.0,2.0,25.0,3.0,27.0,2.0,29.0,1.0,29.0,2.0,28.0,1.0,25.0,0.0,23.0,0.0,18.0,0.0,13.0,0.0,8.0,0.0,3.0,2.0,-3.0,2.0,-8.0,4.0,-13.0,6.0,-17.0,8.0,-19.0,11.0
4.1685,122.0,-96.0,7.0,0.0,0.0,0.0,0.0,0.0,0.0,0.0,0.0,0.0,21.0,10.0,21.0,11.0,20.0,11.0,20.0,12.0,20.0,12.0,20.0,13.0,19.0,13.0,19.0,14.0,18.0,14.0,17.0,14.0,17.0,15.0,16.0,15.0,16.0,15.0,16.0,15.0,16.0,15.0,15.0,14.0,15.0,14.0,15.0,14.0,14.0,14.0,14.0,14.0,14.0,13.0,14.0,13.0,13.0,13.0,14.0,13.0,14.0,12.0,14.0,12.0
4.1826,122.0,-96.0,7.0,0.0,0.0,0.0,0.0,0.0,0.0,0.0,0.0,0.0,-3.0,0.0,-6.0,-4.0,-8.0,-9.0,-10.0,-13.0,-13.0,-17.0,-16.0,-20.0,-18.0,-21.0,-19.0,-23.0,-20.0,-23.0,-20.0,-22.0,-19.0,-20.0,-17.0,-18.0,-15.0,-16.0,-12.0,-12.0,-8.0,-10.0,-4.0,-6.0,1.0,-2.0,5.0,0.0,10.0,3.0,15.0,4.0,19.0,6.0,22.0,6.0,25.0,7.0,26.0,6.0,27.0,6.0,27.0,5.0
4.1965,122.0,-96.0,7.0,0.0,0.0,0.0,0.0,0.0,0.0,0.0,0.0,0.0,-8.0,19.0,-9.0,19.0,-9.0,19.0,-10.0,19.0,-11.0,19.0,-11.0,18.0,-11.0,18.0,-11.0,18.0,-11.0,17.0,-12.0,17.0,-12.0,17.0,-12.0,16.0,-12.0,16.0,-12.0,16.0,-12.0,15.0,-12.0,15.0,-12.0,16.0,-12.0,14.0,-12.0,14.0,-11.0,14.0,-11.0,14.0,-10.0,14.0,-10.0,14.0,-10.0,14.0,-10.0,14.0,-9.0,14.0
4.2102,122.0,-96.0,7.0,0.0,0.0,0.0,0.0,0.0,0.0,0.0,0.0,0.0,6.0,-17.0,7.0,-20.0,8.0,-22.0,8.0,-23.0,9.0,-24.0,9.0,-24.0,8.0,-23.0,7.0,-20.0,7.0,-18.0,5.0,-14.0,4.0,-10.0,2.0,-5.0,2.0,0.0,0.0,5.0,0.0,10.0,-1.0,14.0,-1.0,19.0,0.0,21.0,0.0,24.0,0.0,26.0,1.0,26.0,1.0,26.0,1.0,24.0,2.0,21.0,2.0,17.0,1.0,14.0
4.2267,122.0,-96.0,7.0,0.0,0.0,0.0,0.0,0.0,0.0,0.0,0.0,0.0,-13.0,-12.0,-13.0,-13.0,-13.0,-13.0,-13.0,-14.0,-12.0,-14.0,-12.0,-14.0,-11.0,-14.0,-11.0,-14.0,-10.0,-14.0,-10.0,-15.0,-10.0,-15.0,-10.0,-15.0,-9.0,-15.0,-9.0,-14.0,-9.0,-15.0,-9.0,-14.0,-8.0,-14.0,-8.0,-14.0,-8.0,-14.0,-8.0,-13.0,-9.0,-13.0,-8.0,-13.0,-8.0,-13.0,-8.0,-12.0,-8.0,-12.0,-9.0,-12.0
4.2465,122.0,-96.0,7.0,0.0,0.0,0.0,0.0,0.0,0.0,0.0,0.0,0.0,-18.0,-14.0,-18.0,-14.0,-18.0,-15.0,-18.0,-15.0,-17.0,-16.0,-17.0,-16.0,-17.0,-16.0,-16.0,-16.0,-15.0,-17.0,-15.0,-17.0,-15.0,-17.0,-15.0,-17.0,-14.0,-17.0,-14.0,-17.0,-13.0,-17.0,-14.0,-16.0,-13.0,-16.0,-13.0,-16.0,-12.0,-16.0,-13.0,-15.0,-12.0,-15.0,-12.0,-14.0,-12.0,-14.0,-13.0,-14.0,-13.0,-13.0,-13.0,-13.0
4.2663,122.0,-96.0,7.0,0.0,0.0,0.0,0.0,0.0,0.0,0.0,0.0,0.0,-13.0,10.0,-16.0,12.0,-18.0,14.0,-19.0,15.0,-20.0,16.0,-20.0,16.0,-20.0,16.0,-18.0,14.0,-17.0,13.0,-13.0,10.0,-10.0,8.0,-7.0,4.0,-4.0,0.0,0.0,-4.0,2.0,-8.0,6.0,-12.0,8.0,-16.0,9.0,-19.0,10.0,-22.0,11.0,-23.0,10.0,-25.0,11.0,-25.0,9.0,-23.0,7.0,-21.0,6.0,-19.0,5.0,-15.0
4.2739,122.0,-96.0,7.0,0.0,0.0,0.0,0.0,0.0,0.0,0.0,0.0,0.0,14.0,11.0,10.0,9.0,7.0,6.0,3.0,3.0,-2.0,1.0,-7.0,-2.0,-12.0,-3.0,-17.0,-5.0,-20.0,-7.0,-24.0,-8.0,-27.0,-9.0,-28.0,-9.0,-29.0,-8.0,-29.0,-8.0,-27.0,-7.0,-24.0,-5.0,-21.0,-5.0,-17.0,-4.0,-12.0,-4.0,-6.0,-3.0,-1.0,-3.0,4.0,-4.0,10.0,-4.0,15.0,-4.0,19.0,-5.0,21.0,-7.0
4.2874,122.0,-96.0,7.0,0.0,0.0,0.0,0.0,0.0,0.0,0.0,0.0,0.0,-23.0,-9.0,-23.0,-10.0,-23.0,-10.0,-21.0,-8.0,-19.0,-8.0,-16.0,-7.0,-12.0,-5.0,-7.0,-4.0,-3.0,-3.0,2.0,-2.0,7.0,-2.0,12.0,-1.0,16.0,-1.0,20.0,-1.0,23.0,-1.0,26.0,0.0,26.0,-1.0,26.0,-2.0,25.0,-2.0,23.0,-3.0,19.0,-3.0,16.0,-2.0,12.0,-1.0,8.0,0.0,3.0,1.0,-2.0,3.0
4.3017,122.0,-96.0,7.0,0.0,0.0,0.0,0.0,0.0,0.0,0.0,0.0,0.0,-23.0,14.0,-24.0,14.0,-23.0,13.0,-22.0,13.0,-19.0,11.0,-16.0,9.0,-13.0,6.0,-8.0,3.0,-4.0,0.0,0.0,-4.0,3.0,-8.0,7.0,-12.0,10.0,-16.0,13.0,-19.0,16.0,-22.0,17.0,-24.0,17.0,-25.0,16.0,-25.0,15.0,-24.0,13.0,-23.0,10.0,-20.0,9.0,-16.0,7.0,-12.0,5.0,-7.0,3.0,-2.0,2.0,3.0
4.3154,122.0,-96.0,7.0,0.0,0.0,0.0,0.0,0.0,0.0,0.0,0.0,0.0,14.0,-19.0,11.0,-15.0,8.0,-11.0,6.0,-7.0,3.0,-2.0,0.0,4.0,-2.0,9.0,-4.0,15.0,-6.0,20.0,-7.0,24.0,-9.0,27.0,-9.0,30.0,-8.0,31.0,-8.0,32.0,-6.0,30.0,-5.0,28.0,-5.0,24.0,-4.0,20.0,-3.0,15.0,-3.0,9.0,-4.0,3.0,-4.0,-3.0,-5.0,-10.0,-5.0,-16.0,-8.0,-20.0,-10.0,-23.0
4.3291,122.0,-96.0,7.0,0.0,0.0,0.0,0.0,0.0,0.0,0.0,0.0,0.0,5.0,-23.0,4.0,-19.0,3.0,-14.0,2.0,-9.0,2.0,-3.0,2.0,3.0,2.0,9.0,2.0,15.0,3.0,20.0,4.0,25.0,4.0,28.0,5.0,30.0,6.0,31.0,6.0,32.0,7.0,30.0,7.0,27.0,6.0,24.0,5.0,19.0,3.0,15.0,1.0,9.0,-2.0,4.0,-5.0,-2.0,-8.0,-7.0,-12.0,-12.0,-15.0,-15.0,-18.0,-17.0
4.3429,122.0,-96.0,7.0,0.0,0.0,0.0,0.0,0.0,0.0,0.0,0.0,0.0,-7.0,15.0,-7.0,14.0,-8.0,14.0,-8.0,14.0,-8.0,14.0,-9.0,14.0,-9.0,14.0,-10.0,13.0,-10.0,13.0,-10.0,13.0,-10.0,13.0,-10.0,12.0,-10.0,12.0,-10.0,12.0,-10.0,12.0,-10.0,11.0,-10.0,11.0,-10.0,11.0,-10.0,11.0,-9.0,11.0,-9.0,11.0,-9.0,10.0,-9.0,10.0,-9.0,11.0,-8.0,11.0,-8.0,11.0
4.3559,122.0,-96.0,7.0,0.0,0.0,0.0,0.0,0.0,0.0,0.0,0.0,0.0,-17.0,-14.0,-14.0,-11.0,-10.0,-8.0,-6.0,-6.0,-1.0,-3.0,3.0,-1.0,8.0,1.0,13.0,3.0,18.0,5.0,21.0,6.0,25.0,8.0,27.0,7.0,28.0,6.0,28.0,7.0,27.0,6.0,25.0,5.0,22.0,4.0,18.0,3.0,13.0,2.0,8.0,2.0,2.0,2.0,-3.0,2.0,-9.0,3.0,-14.0,4.0,-18.0,5.0,-21.0,7.0
4.3707,122.0,-96.0,7.0,0.0,0.0,0.0,0.0,0.0,0.0,0.0,0.0,0.0,-22.0,-1.0,-22.0,-1.0,-22.0,-2.0,-22.0,-3.0,-22.0,-3.0,-22.0,-4.0,-21.0,-4.0,-21.0,-5.0,-21.0,-5.0,-21.0,-6.0,-21.0,-6.0,-20.0,-6.0,-20.0,-6.0,-20.0,-6.0,-19.0,-7.0,-19.0,-6.0,-19.0,-6.0,-18.0,-7.0,-18.0,-7.0,-18.0,-6.0,-17.0,-6.0,-18.0,-6.0,-17.0,-6.0,-17.0,-6.0,-17.0,-5.0,-17.0,-4.0
4.3857,122.0,-96.0,7.0,0.0,0.0,0.0,0.0,0.0,0.0,0.0,0.0,0.0,3.0,-1.0,0.0,4.0,-3.0,8.0,-6.0,12.0,-8.0,16.0,-10.0,20.0,-11.0,23.0,-13.0,25.0,-12.0,26.0,-12.0,26.0,-10.0,25.0,-10.0,24.0,-9.0,21.0,-7.0,17.0,-6.0,13.0,-4.0,8.0,-3.0,2.0,-3.0,-4.0,-3.0,-9.0,-3.0,-15.0,-4.0,-19.0,-5.0,-23.0,-5.0,-26.0,-7.0,-27.0,-8.0,-28.0,-8.0,-28.0
4.4,122.0,-96.0,7.0,0.0,0.0,0.0,0.0,0.0,0.0,0.0,0.0,0.0,4.0,-22.0,5.0,-22.0,5.0,-22.0,5.0,-23.0,6.0,-22.0,7.0,-22.0,7.0,-21.0,8.0,-21.0,8.0,-21.0,8.0,-21.0,8.0,-21.0,8.0,-20.0,8.0,-20.0,9.0,-20.0,9.0,-19.0,8.0,-19.0,9.0,-19.0,8.0,-18.0,8.0,-18.0,8.0,-18.0,8.0,-18.0,7.0,-18.0,7.0,-17.0,7.0,-18.0,6.0,-18.0,6.0,-17.0
4.4139,122.0,-96.0,7.0,0.0,0.0,0.0,0.0,0.0,0.0,0.0,0.0,0.0,7.0,18.0,8.0,21.0,9.0,24.0,10.0,25.0,10.0,26.0,11.0,25.0,10.0,24.0,9.0,21.0,7.0,19.0,6.0,14.0,3.0,10.0,1.0,5.0,-3.0,1.0,-6.0,-4.0,-10.0,-8.0,-12.0,-12.0,-16.0,-15.0,-19.0,-17.0,-21.0,-19.0,-22.0,-20.0,-23.0,-19.0,-23.0,-19.0,-22.0,-17.0,-20.0,-15.0,-17.0,-12.0,-13.0,-10.0
4.4288,122.0,-96.0,7.0,0.0,0.0,0.0,0.0,0.0,0.0,0.0,0.0,0.0,-7.0,-15.0,-8.0,-18.0,-9.0,-21.0,-10.0,-23.0,-11.0,-24.0,-11.0,-24.0,-11.0,-24.0,-10.0,-22.0,-8.0,-20.0,-7.0,-16.0,-6.0,-12.0,-3.0,-8.0,0.0,-4.0,3.0,1.0,6.0,4.0,9.0,8.0,12.0,11.0,15.0,13.0,17.0,15.0,19.0,16.0,20.0,16.0,20.0,16.0,19.0,15.0,18.0,13.0,15.0,10.0,12.0,8.0
4.4416,122.0,-96.0,7.0,0.0,0.0,0.0,0.0,0.0,0.0,0.0,0.0,0.0,-4.0,-1.0,0.0,-5.0,5.0,-9.0,9.0,-12.0,13.0,-16.0,16.0,-20.0,18.0,-22.0,20.0,-25.0,20.0,-26.0,19.0,-26.0,17.0,-26.0,16.0,-24.0,15.0,-22.0,11.0,-18.0,9.0,-13.0,6.0,-8.0,3.0,-2.0,1.0,4.0,-1.0,10.0,-3.0,15.0,-3.0,21.0,-3.0,24.0,-3.0,28.0,-1.0,30.0,-1.0,31.0,-1.0,31.0
4.4547,122.0,-96.0,7.0,0.0,0.0,0.0,0.0,0.0,0.0,0.0,0.0,0.0,-15.0,-15.0,-17.0,-18.0,-19.0,-19.0,-20.0,-21.0,-20.0,-21.0,-20.0,-21.0,-19.0,-20.0,-17.0,-18.0,-15.0,-16.0,-11.0,-12.0,-8.0,-9.0,-4.0,-6.0,1.0,-3.0,6.0,1.0,11.0,3.0,15.0,6.0,19.0,8.0,22.0,9.0,25.0,10.0,27.0,10.0,27.0,9.0,27.0,9.0,26.0,8.0,22.0,6.0,19.0,5.0,15.0,4.0
4.47,122.0,-96.0,7.0,0.0,0.0,0.0,0.0,0.0,0.0,0.0,0.0,0.0,-13.0,13.0,-16.0,15.0,-18.0,17.0,-19.0,19.0,-20.0,20.0,-21.0,20.0,-20.0,19.0,-19.0,18.0,-17.0,16.0,-14.0,13.0,-11.0,9.0,-7.0,5.0,-4.0,0.0,0.0,-4.0,2.0,-10.0,5.0,-14.0,7.0,-18.0,8.0,-22.0,9.0,-25.0,10.0,-27.0,9.0,-28.0,9.0,-29.0,8.0,-27.0,6.0,-24.0,5.0,-21.0,4.0,-17.0
4.4824,122.0,-96.0,7.0,0.0,0.0,0.0,0.0,0.0,0.0,0.0,0.0,0.0,-21.0,-3.0,-17.0,-2.0,-11.0,-2.0,-6.0,-2.0,0.0,-3.0,7.0,-4.0,12.0,-4.0,17.0,-7.0,22.0,-7.0,25.0,-9.0,29.0,-10.0,30.0,-11.0,31.0,-12.0,30.0,-12.0,28.0,-12.0,24.0,-11.0,21.0,-10.0,16.0,-7.0,12.0,-5.0,7.0,-2.0,2.0,2.0,-3.0,5.0,-7.0,9.0,-12.0,14.0,-14.0,17.0,-16.0,21.0
4.4959,122.0,-96.0,7.0,0.0,0.0,0.0,0.0,0.0,0.0,0.0,0.0,0.0,-1.0,2.0,-5.0,5.0,-9.0,7.0,-13.0,9.0,-17.0,12.0,-20.0,15.0,-22.0,16.0,-24.0,17.0,-23.0,18.0,-23.0,18.0,-21.0,17.0,-19.0,16.0,-17.0,14.0,-13.0,11.0,-10.0,7.0,-6.0,3.0,-3.0,-2.0,0.0,-7.0,3.0,-12.0,5.0,-16.0,7.0,-20.0,8.0,-23.0,9.0,-26.0,7.0,-27.0,7.0,-28.0,6.0,-28.0
4.5105,122.0,-96.0,7.0,0.0,0.0,0.0,0.0,0.0,0.0,0.0,0.0,0.0,18.0,-9.0,14.0,-7.0,10.0,-5.0,5.0,-1.0,0.0,2.0,-5.0,6.0,-8.0,10.0,-13.0,13.0,-16.0,17.0,-19.0,20.0,-21.0,22.0,-22.0,24.0,-22.0,25.0,-21.0,25.0,-20.0,24.0,-16.0,21.0,-14.0,19.0,-11.0,14.0,-9.0,10.0,-6.0,4.0,-4.0,-1.0,-1.0,-7.0,1.0,-13.0,2.0,-19.0,2.0,-23.0,2.0,-26.0
4.5256,122.0,-96.0,7.0,0.0,0.0,0.0,0.0,0.0,0.0,0.0,0.0,0.0,16.0,13.0,13.0,10.0,9.0,8.0,5.0,5.0,0.0,3.0,-5.0,0.0,-9.0,-2.0,-14.0,-4.0,-19.0,-6.0,-23.0,-6.0,-26.0,-7.0,-28.0,-7.0,-29.0,-6.0,-30.0,-6.0,-28.0,-6.0,-26.0,-4.0,-23.0,-4.0,-19.0,-3.0,-14.0,-3.0,-9.0,-3.0,-3.0,-3.0,2.0,-4.0,8.0,-5.0,13.0,-6.0,17.0,-8.0,19.0,-10.0
4.5397,122.0,-96.0,7.0,0.0,0.0,0.0,0.0,0.0,0.0,0.0,0.0,0.0,20.0,2.0,21.0,3.0,20.0,3.0,20.0,4.0,21.0,4.0,20.0,5.0,20.0,5.0,20.0,6.0,19.0,6.0,19.0,7.0,19.0,7.0,19.0,7.0,18.0,7.0,18.0,7.0,18.0,7.0,17.0,7.0,17.0,7.0,17.0,7.0,17.0,7.0,16.0,7.0,16.0,6.0,16.0,6.0,16.0,6.0,16.0,6.0,15.0,5.0,16.0,5.0
4.5536,122.0,-96.0,7.0,0.0,0.0,0.0,0.0,0.0,0.0,0.0,0.0,0.0,5.0,23.0,5.0,24.0,4.0,23.0,5.0,21.0,4.0,19.0,3.0,15.0,2.0,12.0,0.0,7.0,-2.0,3.0,-4.0,-2.0,-6.0,-6.0,-8.0,-10.0,-11.0,-14.0,-13.0,-17.0,-15.0,-20.0,-16.0,-22.0,-17.0,-22.0,-17.0,-22.0,-17.0,-20.0,-16.0,-18.0,-14.0,-15.0,-12.0,-13.0,-8.0,-10.0,-5.0,-7.0,-1.0,-4.0,3.0,-1.0
4.5674,122.0,-96.0,7.0,0.0,0.0,0.0,0.0,0.0,0.0,0.0,0.0,0.0,1.0,-3.0,3.0,1.0,6.0,6.0,8.0,10.0,11.0,14.0,13.0,17.0,15.0,20.0,17.0,22.0,18.0,22.0,19.0,22.0,18.0,20.0,17.0,19.0,15.0,17.0,12.0,13.0,9.0,11.0,5.0,7.0,0.0,3.0,-5.0,0.0,-10.0,-3.0,-14.0,-5.0,-19.0,-7.0,-22.0,-7.0,-26.0,-9.0,-27.0,-7.0,-28.0,-7.0,-28.0,-7.0
4.5816,122.0,-96.0,7.0,0.0,0.0,0.0,0.0,0.0,0.0,0.0,0.0,0.0,-17.0,0.0,-20.0,0.0,-23.0,0.0,-25.0,0.0,-26.0,0.0,-26.0,0.0,-25.0,0.0,-24.0,0.0,-22.0,0.0,-17.0,0.0,-13.0,0.0,-8.0,-1.0,-3.0,-2.0,2.0,-3.0,7.0,-5.0,11.0,-6.0,16.0,-8.0,19.0,-10.0,21.0,-11.0,22.0,-12.0,23.0,-13.0,23.0,-13.0,21.0,-13.0,19.0,-12.0,16.0,-11.0,12.0,-9.0
4.5975,122.0,-96.0,7.0,0.0,0.0,0.0,0.0,0.0,0.0,0.0,0.0,0.0,-7.0,-21.0,-6.0,-21.0,-6.0,-21.0,-6.0,-21.0,-5.0,-22.0,-4.0,-22.0,-3.0,-21.0,-3.0,-22.0,-3.0,-21.0,-3.0,-21.0,-2.0,-21.0,-2.0,-21.0,-2.0,-20.0,-1.0,-21.0,-1.0,-21.0,-1.0,-20.0,-1.0,-20.0,-1.0,-20.0,-1.0,-20.0,-1.0,-19.0,-1.0,-19.0,-2.0,-18.0,-2.0,-18.0,-2.0,-18.0,-2.0,-18.0,-3.0,-17.0
4.6101,122.0,-96.0,7.0,0.0,0.0,0.0,0.0,0.0,0.0,0.0,0.0,0.0,2.0,-1.0,7.0,3.0,10.0,7.0,14.0,11.0,17.0,14.0,21.0,17.0,23.0,18.0,25.0,20.0,26.0,19.0,25.0,18.0,24.0,16.0,22.0,15.0,19.0,13.0,15.0,10.0,10.0,8.0,4.0,5.0,-1.0,2.0,-7.0,0.0,-14.0,-2.0,-19.0,-3.0,-24.0,-3.0,-27.0,-3.0,-30.0,-3.0,-31.0,-2.0,-32.0,-1.0,-32.0,0.0
4.6244,122.0,-96.0,7.0,0.0,0.0,0.0,0.0,0.0,0.0,0.0,0.0,0.0,-1.0,20.0,-1.0,24.0,-1.0,26.0,-1.0,28.0,-1.0,28.0,-1.0,28.0,0.0,26.0,0.0,24.0,-1.0,21.0,0.0,16.0,-1.0,11.0,-2.0,5.0,-3.0,0.0,-4.0,-6.0,-6.0,-11.0,-7.0,-16.0,-9.0,-20.0,-11.0,-24.0,-12.0,-26.0,-13.0,-27.0,-14.0,-27.0,-14.0,-27.0,-13.0,-25.0,-12.0,-21.0,-11.0,-18.0,-8.0,-14.0
4.6392,122.0,-96.0,7.0,0.0,0.0,0.0,0.0,0.0,0.0,0.0,0.0,0.0,14.0,18.0,11.0,13.0,6.0,9.0,2.0,5.0,-3.0,1.0,-9.0,-3.0,-14.0,-6.0,-20.0,-10.0,-24.0,-13.0,-28.0,-14.0,-31.0,-17.0,-33.0,-16.0,-35.0,-16.0,-34.0,-16.0,-33.0,-14.0,-29.0,-12.0,-25.0,-10.0,-20.0,-8.0,-14.0,-7.0,-7.0,-5.0,0.0,-4.0,7.0,-4.0,13.0,-3.0,20.0,-3.0,25.0,-4.0,29.0,-6.0
4.6536,122.0,-96.0,7.0,0.0,0.0,0.0,0.0,0.0,0.0,0.0,0.0,0.0,20.0,-5.0,16.0,-4.0,12.0,-3.0,7.0,-1.0,2.0,1.0,-3.0,3.0,-7.0,6.0,-12.0,9.0,-16.0,11.0,-19.0,13.0,-21.0,15.0,-23.0,18.0,-23.0,19.0,-23.0,19.0,-22.0,19.0,-19.0,17.0,-17.0,15.0,-14.0,12.0,-10.0,9.0,-7.0,5.0,-4.0,0.0,-2.0,-5.0,1.0,-10.0,3.0,-15.0,4.0,-19.0,4.0,-22.0
4.6676,122.0,-96.0,7.0,0.0,0.0,0.0,0.0,0.0,0.0,0.0,0.0,0.0,-5.0,-24.0,-5.0,-25.0,-5.0,-23.0,-5.0,-21.0,-4.0,-18.0,-3.0,-14.0,-2.0,-10.0,0.0,-5.0,2.0,-1.0,4.0,4.0,6.0,7.0,8.0,11.0,10.0,15.0,12.0,18.0,14.0,20.0,15.0,22.0,16.0,22.0,16.0,21.0,15.0,19.0,14.0,17.0,12.0,13.0,9.0,11.0,6.0,8.0,2.0,5.0,-2.0,2.0,-6.0,-1.0
4.6815,122.0,-96.0,7.0,0.0,0.0,0.0,0.0,0.0,0.0,0.0,0.0,0.0,5.0,-20.0,4.0,-17.0,2.0,-12.0,2.0,-8.0,2.0,-3.0,2.0,3.0,2.0,8.0,2.0,14.0,2.0,19.0,3.0,22.0,3.0,26.0,4.0,27.0,5.0,29.0,6.0,29.0,6.0,27.0,6.0,24.0,5.0,22.0,4.0,17.0,3.0,13.0,1.0,8.0,-2.0,3.0,-5.0,-2.0,-8.0,-6.0,-11.0,-11.0,-14.0,-13.0,-17.0,-15.0
4.6937,122.0,-96.0,7.0,0.0,0.0,0.0,0.0,0.0,0.0,0.0,0.0,0.0,2.0,-3.0,7.0,0.0,13.0,1.0,17.0,3.0,22.0,3.0,26.0,4.0,29.0,4.0,32.0,5.0,32.0,4.0,31.0,4.0,29.0,3.0,27.0,2.0,23.0,2.0,18.0,1.0,13.0,2.0,6.0,1.0,0.0,2.0,-6.0,4.0,-12.0,5.0,-17.0,7.0,-22.0,8.0,-25.0,11.0,-28.0,12.0,-28.0,13.0,-28.0,14.0,-28.0,15.0
4.7076,122.0,-96.0,7.0,0.0,0.0,0.0,0.0,0.0,0.0,0.0,0.0,0.0,1.0,21.0,0.0,21.0,0.0,22.0,0.0,22.0,-1.0,22.0,-2.0,22.0,-2.0,21.0,-3.0,22.0,-3.0,21.0,-3.0,21.0,-3.0,21.0,-3.0,21.0,-3.0,20.0,-4.0,20.0,-4.0,20.0,-4.0,19.0,-4.0,19.0,-4.0,19.0,-4.0,19.0,-3.0,18.0,-4.0,18.0,-3.0,17.0,-3.0,17.0,-2.0,17.0,-2.0,17.0,-2.0,17.0
4.7198,122.0,-96.0,7.0,0.0,0.0,0.0,0.0,0.0,0.0,0.0,0.0,0.0,10.0,-18.0,12.0,-21.0,13.0,-23.0,15.0,-24.0,15.0,-25.0,15.0,-25.0,14.0,-24.0,12.0,-21.0,11.0,-19.0,8.0,-14.0,6.0,-10.0,4.0,-5.0,2.0,0.0,0.0,6.0,-2.0,11.0,-3.0,16.0,-4.0,21.0,-4.0,24.0,-4.0,27.0,-4.0,29.0,-4.0,29.0,-4.0,29.0,-2.0,27.0,-1.0,23.0,-1.0,20.0,-1.0,15.0
4.7334,122.0,-96.0,7.0,0.0,0.0,0.0,0.0,0.0,0.0,0.0,0.0,0.0,-12.0,-18.0,-10.0,-15.0,-7.0,-11.0,-4.0,-7.0,-1.0,-3.0,4.0,0.0,8.0,3.0,12.0,7.0,16.0,10.0,19.0,11.0,22.0,14.0,24.0,14.0,26.0,14.0,26.0,14.0,25.0,13.0,23.0,11.0,20.0,10.0,16.0,8.0,12.0,6.0,7.0,4.0,2.0,3.0,-4.0,2.0,-10.0,1.0,-15.0,0.0,-19.0,1.0,-23.0,2.0
4.7468,122.0,-96.0,7.0,0.0,0.0,0.0,0.0,0.0,0.0,0.0,0.0,0.0,14.0,-7.0,18.0,-9.0,20.0,-10.0,22.0,-11.0,23.0,-12.0,23.0,-12.0,22.0,-12.0,20.0,-11.0,18.0,-10.0,15.0,-8.0,11.0,-6.0,7.0,-3.0,3.0,0.0,-2.0,3.0,-5.0,7.0,-9.0,10.0,-12.0,13.0,-14.0,16.0,-15.0,19.0,-16.0,20.0,-16.0,21.0,-16.0,21.0,-15.0,20.0,-13.0,18.0,-11.0,16.0,-9.0,13.0
4.7618,122.0,-96.0,7.0,0.0,0.0,0.0,0.0,0.0,0.0,0.0,0.0,0.0,21.0,-13.0,20.0,-13.0,19.0,-12.0,17.0,-11.0,15.0,-9.0,12.0,-7.0,8.0,-5.0,4.0,-2.0,1.0,1.0,-3.0,5.0,-6.0,8.0,-9.0,12.0,-11.0,15.0,-14.0,18.0,-15.0,20.0,-16.0,21.0,-16.0,22.0,-15.0,22.0,-14.0,21.0,-12.0,19.0,-9.0,16.0,-8.0,12.0,-7.0,8.0,-5.0,4.0,-3.0,-1.0,-2.0,-5.0
4.7762,122.0,-96.0,7.0,0.0,0.0,0.0,0.0,0.0,0.0,0.0,0.0,0.0,-20.0,-8.0,-22.0,-10.0,-25.0,-11.0,-26.0,-11.0,-27.0,-11.0,-27.0,-11.0,-25.0,-11.0,-23.0,-10.0,-20.0,-9.0,-15.0,-7.0,-11.0,-5.0,-6.0,-4.0,0.0,-3.0,6.0,-1.0,11.0,-1.0,17.0,0.0,21.0,0.0,25.0,0.0,27.0,0.0,29.0,-1.0,29.0,-1.0,29.0,-2.0,27.0,-2.0,23.0,-3.0,20.0,-3.0,15.0,-2.0
4.7896,122.0,-96.0,7.0,0.0,0.0,0.0,0.0,0.0,0.0,0.0,0.0,0.0,-12.0,12.0,-12.0,12.0,-13.0,11.0,-13.0,11.0,-14.0,11.0,-14.0,10.0,-14.0,10.0,-14.0,10.0,-14.0,10.0,-15.0,9.0,-14.0,9.0,-14.0,8.0,-14.0,8.0,-14.0,8.0,-15.0,7.0,-14.0,7.0,-14.0,7.0,-14.0,7.0,-14.0,7.0,-13.0,7.0,-13.0,7.0,-12.0,7.0,-13.0,7.0,-13.0,7.0,-12.0,7.0,-12.0,7.0
4.8029,122.0,-96.0,7.0,0.0,0.0,0.0,0.0,0.0,0.0,0.0,0.0,0.0,-25.0,-13.0,-25.0,-13.0,-23.0,-12.0,-21.0,-11.0,-19.0,-9.0,-15.0,-8.0,-10.0,-6.0,-5.0,-4.0,1.0,-3.0,6.0,-1.0,11.0,-1.0,16.0,0.0,20.0,0.0,24.0,1.0,28.0,1.0,29.0,1.0,30.0,0.0,29.0,0.0,28.0,-1.0,25.0,-1.0,20.0,-2.0,16.0,-1.0,11.0,0.0,6.0,1.0,0.0,2.0,-4.0,4.0
4.8174,122.0,-96.0,7.0,0.0,0.0,0.0,0.0,0.0,0.0,0.0,0.0,0.0,-10.0,12.0,-10.0,11.0,-11.0,11.0,-11.0,10.0,-11.0,11.0,-11.0,10.0,-11.0,10.0,-12.0,10.0,-12.0,9.0,-12.0,9.0,-12.0,9.0,-12.0,9.0,-12.0,8.0,-12.0,8.0,-12.0,7.0,-12.0,8.0,-11.0,7.0,-12.0,7.0,-11.0,7.0,-11.0,7.0,-11.0,7.0,-10.0,7.0,-11.0,8.0,-10.0,7.0,-10.0,7.0,-10.0,7.0
4.8308,122.0,-96.0,7.0,0.0,0.0,0.0,0.0,0.0,0.0,0.0,0.0,0.0,21.0,5.0,20.0,6.0,20.0,6.0,20.0,7.0,20.0,7.0,20.0,8.0,19.0,8.0,19.0,9.0,19.0,9.0,19.0,9.0,19.0,9.0,18.0,9.0,18.0,9.0,18.0,10.0,17.0,10.0,17.0,9.0,17.0,9.0,17.0,9.0,16.0,9.0,16.0,9.0,15.0,8.0,15.0,8.0,16.0,8.0,16.0,7.0,15.0,7.0,15.0,7.0
4.8438,122.0,-96.0,7.0,0.0,0.0,0.0,0.0,0.0,0.0,0.0,0.0,0.0,-1.0,-3.0,3.0,-8.0,7.0,-11.0,11.0,-15.0,14.0,-18.0,17.0,-22.0,19.0,-24.0,20.0,-26.0,19.0,-27.0,19.0,-27.0,17.0,-25.0,15.0,-23.0,13.0,-20.0,10.0,-16.0,8.0,-11.0,4.0,-5.0,2.0,1.0,0.0,6.0,-1.0,13.0,-2.0,18.0,-3.0,23.0,-2.0,26.0,-3.0,30.0,-1.0,31.0,0.0,31.0,0.0,31.0
4.859,122.0,-96.0,7.0,0.0,0.0,0.0,0.0,0.0,0.0,0.0,0.0,0.0,0.0,-17.0,0.0,-17.0,0.0,-17.0,1.0,-17.0,1.0,-17.0,2.0,-18.0,2.0,-17.0,3.0,-17.0,3.0,-16.0,4.0,-16.0,3.0,-17.0,4.0,-16.0,4.0,-16.0,4.0,-16.0,4.0,-15.0,4.0,-15.0,4.0,-15.0,4.0,-15.0,4.0,-14.0,4.0,-14.0,4.0,-14.0,3.0,-14.0,3.0,-14.0,3.0,-14.0,3.0,-13.0,2.0,-14.0
4.8747,122.0,-96.0,7.0,0.0,0.0,0.0,0.0,0.0,0.0,0.0,0.0,0.0,-12.0,-14.0,-11.0,-15.0,-11.0,-15.0,-12.0,-15.0,-10.0,-16.0,-10.0,-16.0,-10.0,-16.0,-9.0,-16.0,-9.0,-16.0,-9.0,-16.0,-9.0,-16.0,-9.0,-16.0,-8.0,-16.0,-8.0,-16.0,-8.0,-16.0,-8.0,-15.0,-7.0,-15.0,-7.0,-15.0,-7.0,-15.0,-7.0,-14.0,-7.0,-14.0,-7.0,-14.0,-7.0,-13.0,-7.0,-13.0,-8.0,-13.0,-8.0,-12.0
4.889,122.0,-96.0,7.0,0.0,0.0,0.0,0.0,0.0,0.0,0.0,0.0,0.0,12.0,-25.0,12.0,-25.0,12.0,-25.0,11.0,-23.0,9.0,-20.0,8.0,-17.0,6.0,-13.0,4.0,-7.0,2.0,-3.0,1.0,3.0,0.0,8.0,-1.0,13.0,-1.0,18.0,-2.0,23.0,-3.0,27.0,-3.0,29.0,-2.0,30.0,-1.0,30.0,-1.0,28.0,0.0,26.0,0.0,22.0,0.0,18.0,-1.0,13.0,-1.0,8.0,-2.0,3.0,-4.0,-3.0
4.9018,122.0,-96.0,7.0,0.0,0.0,0.0,0.0,0.0,0.0,0.0,0.0,0.0,7.0,14.0,7.0,15.0,7.0,15.0,7.0,15.0,6.0,15.0,6.0,15.0,6.0,15.0,5.0,16.0,5.0,15.0,4.0,16.0,4.0,15.0,4.0,15.0,4.0,15.0,3.0,15.0,3.0,15.0,3.0,15.0,3.0,14.0,3.0,14.0,3.0,14.0,4.0,13.0,4.0,13.0,4.0,13.0,3.0,13.0,4.0,13.0,4.0,13.0,4.0,12.0
4.9142,122.0,-96.0,7.0,0.0,0.0,0.0,0.0,0.0,0.0,0.0,0.0,0.0,-3.0,2.0,-3.0,-4.0,-3.0,-10.0,-3.0,-16.0,-3.0,-21.0,-4.0,-26.0,-4.0,-29.0,-5.0,-32.0,-6.0,-33.0,-6.0,-33.0,-7.0,-31.0,-7.0,-29.0,-6.0,-26.0,-6.0,-21.0,-4.0,-16.0,-2.0,-10.0,1.0,-4.0,4.0,1.0,7.0,7.0,10.0,12.0,15.0,16.0,17.0,17.0,20.0,21.0,22.0,20.0,23.0,21.0,24.0,20.0
4.9278,122.0,-96.0,7.0,0.0,0.0,0.0,0.0,0.0,0.0,0.0,0.0,0.0,7.0,14.0,6.0,15.0,5.0,15.0,6.0,15.0,5.0,16.0,5.0,16.0,4.0,15.0,4.0,16.0,4.0,15.0,3.0,16.0,3.0,15.0,3.0,15.0,3.0,15.0,3.0,15.0,2.0,15.0,3.0,15.0,3.0,15.0,2.0,14.0,2.0,14.0,3.0,14.0,3.0,13.0,3.0,13.0,3.0,13.0,3.0,13.0,4.0,13.0,4.0,13.0
4.9409,122.0,-96.0,7.0,0.0,0.0,0.0,0.0,0.0,0.0,0.0,0.0,0.0,-2.0,16.0,-3.0,16.0,-3.0,16.0,-4.0,16.0,-4.0,16.0,-5.0,16.0,-5.0,16.0,-5.0,16.0,-5.0,15.0,-6.0,15.0,-6.0,15.0,-6.0,15.0,-6.0,14.0,-6.0,14.0,-6.0,14.0,-6.0,14.0,-6.0,14.0,-6.0,14.0,-6.0,13.0,-6.0,13.0,-5.0,13.0,-5.0,13.0,-5.0,13.0,-5.0,13.0,-4.0,13.0,-4.0,13.0
4.9552,122.0,-96.0,7.0,0.0,0.0,0.0,0.0,0.0,0.0,0.0,0.0,0.0,-13.0,24.0,-11.0,18.0,-9.0,12.0,-6.0,5.0,-3.0,-3.0,-1.0,-11.0,0.0,-18.0,1.0,-26.0,2.0,-33.0,1.0,-38.0,2.0,-42.0,0.0,-44.0,-1.0,-45.0,-1.0,-44.0,-2.0,-42.0,-2.0,-37.0,-2.0,-32.0,-2.0,-25.0,0.0,-18.0,1.0,-11.0,4.0,-2.0,6.0,6.0,10.0,13.0,13.0,20.0,17.0,24.0,21.0,28.0
4.9693,122.0,-96.0,7.0,0.0,0.0,0.0,0.0,0.0,0.0,0.0,0.0,0.0,20.0,-7.0,21.0,-6.0,20.0,-6.0,20.0,-5.0,21.0,-5.0,21.0,-4.0,20.0,-3.0,21.0,-3.0,21.0,-2.0,20.0,-2.0,20.0,-2.0,20.0,-2.0,20.0,-1.0,20.0,-1.0,19.0,-1.0,19.0,-1.0,19.0,0.0,18.0,-1.0,19.0,0.0,18.0,0.0,18.0,-1.0,17.0,-1.0,17.0,-1.0,17.0,-1.0,17.0,-2.0,16.0,-2.0
4.986,122.0,-96.0,7.0,0.0,0.0,0.0,0.0,0.0,0.0,0.0,0.0,0.0,-12.0,-12.0,-12.0,-13.0,-12.0,-12.0,-12.0,-13.0,-11.0,-13.0,-11.0,-13.0,-11.0,-13.0,-11.0,-14.0,-10.0,-14.0,-10.0,-14.0,-10.0,-14.0,-9.0,-14.0,-9.0,-14.0,-9.0,-14.0,-9.0,-14.0,-9.0,-13.0,-8.0,-13.0,-8.0,-13.0,-8.0,-13.0,-8.0,-13.0,-8.0,-13.0,-8.0,-12.0,-8.0,-12.0,-8.0,-12.0,-8.0,-11.0,-9.0,-11.0
5.002,122.0,-96.0,7.0,0.0,0.0,0.0,0.0,0.0,0.0,0.0,0.0,0.0,-12.0,-14.0,-12.0,-15.0,-11.0,-14.0,-11.0,-16.0,-10.0,-15.0,-10.0,-16.0,-10.0,-16.0,-9.0,-16.0,-9.0,-16.0,-9.0,-16.0,-9.0,-16.0,-8.0,-16.0,-8.0,-16.0,-8.0,-15.0,-8.0,-16.0,-7.0,-15.0,-7.0,-15.0,-7.0,-15.0,-7.0,-15.0,-7.0,-14.0,-7.0,-14.0,-7.0,-14.0,-7.0,-13.0,-7.0,-13.0,-7.0,-13.0,-8.0,-13.0
