time,sc_0,sc_1,sc_2,sc_3,sc_4,sc_5,sc_6,sc_7,sc_8,sc_9,sc_10,sc_11,sc_12,sc_13,sc_14,sc_15,sc_16,sc_17,sc_18,sc_19,sc_20,sc_21,sc_22,sc_23,sc_24,sc_25,sc_26,sc_27,sc_28,sc_29,sc_30,sc_31,sc_32,sc_33,sc_34,sc_35,sc_36,sc_37,sc_38,sc_39,sc_40,sc_41,sc_42,sc_43,sc_44,sc_45,sc_46,sc_47,sc_48,sc_49,sc_50,sc_51,sc_52,sc_53,sc_54,sc_55,sc_56,sc_57,sc_58,sc_59,sc_60,sc_61,sc_62,sc_63
0.0163,122.0,-96.0,7.0,0.0,0.0,0.0,0.0,0.0,0.0,0.0,0.0,0.0,18.0,1.0,22.0,1.0,24.0,2.0,27.0,2.0,28.0,2.0,29.0,2.0,28.0,2.0,25.0,2.0,23.0,2.0,18.0,1.0,14.0,1.0,8.0,1.0,2.0,2.0,-4.0,2.0,-9.0,4.0,-14.0,4.0,-19.0,6.0,-23.0,7.0,-26.0,8.0,-28.0,9.0,-29.0,10.0,-29.0,10.0,-27.0,10.0,-23.0,10.0,-20.0,9.0,-17.0,7.0
0.031,122.0,-96.0,7.0,0.0,0.0,0.0,0.0,0.0,0.0,0.0,0.0,0.0,-3.0,-2.0,-2.0,-8.0,-1.0,-13.0,0.0,-19.0,0.0,-24.0,0.0,-29.0,0.0,-31.0,0.0,-34.0,-1.0,-33.0,-2.0,-33.0,-3.0,-31.0,-3.0,-28.0,-2.0,-25.0,-2.0,-19.0,-1.0,-14.0,0.0,-8.0,2.0,-1.0,4.0,4.0,7.0,11.0,9.0,15.0,12.0,20.0,15.0,22.0,16.0,25.0,19.0,25.0,19.0,25.0,19.0,24.0
0.0379,122.0,-96.0,7.0,0.0,0.0,0.0,0.0,0.0,0.0,0.0,0.0,0.0,-20.0,12.0,-17.0,10.0,-13.0,7.0,-9.0,4.0,-4.0,0.0,1.0,-5.0,4.0,-9.0,9.0,-14.0,12.0,-18.0,14.0,-22.0,17.0,-25.0,17.0,-27.0,17.0,-28.0,18.0,-29.0,16.0,-28.0,14.0,-25.0,12.0,-23.0,10.0,-19.0,8.0,-14.0,5.0,-8.0,4.0,-2.0,2.0,4.0,1.0,10.0,-1.0,16.0,0.0,20.0,1.0,25.0
0.0449,122.0,-96.0,7.0,0.0,0.0,0.0,0.0,0.0,0.0,0.0,0.0,0.0,-17.0,5.0,-17.0,4.0,-18.0,4.0,-18.0,4.0,-18.0,3.0,-18.0,3.0,-18.0,3.0,-18.0,2.0,-18.0,2.0,-18.0,2.0,-18.0,2.0,-18.0,1.0,-17.0,1.0,-17.0,1.0,-17.0,1.0,-16.0,1.0,-16.0,0.0,-17.0,0.0,-16.0,1.0,-16.0,1.0,-16.0,1.0,-15.0,1.0,-15.0,1.0,-15.0,1.0,-14.0,2.0,-14.0,2.0
0.0682,122.0,-96.0,7.0,0.0,0.0,0.0,0.0,0.0,0.0,0.0,0.0,0.0,15.0,13.0,12.0,11.0,9.0,8.0,6.0,6.0,1.0,4.0,-4.0,1.0,-8.0,0.0,-14.0,-3.0,-18.0,-5.0,-22.0,-5.0,-26.0,-7.0,-28.0,-7.0,-30.0,-6.0,-30.0,-7.0,-30.0,-6.0,-26.0,-4.0,-24.0,-4.0,-20.0,-3.0,-16.0,-3.0,-10.0,-3.0,-5.0,-4.0,1.0,-4.0,7.0,-5.0,12.0,-6.0,16.0,-9.0,19.0,-11.0
0.0804,122.0,-96.0,7.0,0.0,0.0,0.0,0.0,0.0,0.0,0.0,0.0,0.0,1.0,-5.0,6.0,0.0,11.0,5.0,16.0,9.0,22.0,12.0,27.0,15.0,31.0,17.0,35.0,19.0,36.0,18.0,37.0,18.0,35.0,17.0,33.0,15.0,30.0,14.0,24.0,11.0,18.0,9.0,10.0,5.0,3.0,4.0,-5.0,4.0,-12.0,3.0,-20.0,3.0,-27.0,4.0,-32.0,6.0,-37.0,6.0,-39.0,8.0,-40.0,9.0,-40.0,10.0
0.0902,122.0,-96.0,7.0,0.0,0.0,0.0,0.0,0.0,0.0,0.0,0.0,0.0,-8.0,22.0,-9.0,23.0,-10.0,22.0,-11.0,22.0,-11.0,21.0,-12.0,21.0,-12.0,21.0,-12.0,20.0,-13.0,20.0,-13.0,20.0,-13.0,20.0,-13.0,19.0,-13.0,19.0,-14.0,18.0,-14.0,18.0,-13.0,18.0,-13.0,18.0,-13.0,17.0,-13.0,17.0,-12.0,17.0,-12.0,17.0,-12.0,16.0,-11.0,16.0,-11.0,16.0,-11.0,16.0,-11.0,16.0
0.1047,122.0,-96.0,7.0,0.0,0.0,0.0,0.0,0.0,0.0,0.0,0.0,0.0,21.0,-8.0,18.0,-7.0,14.0,-5.0,9.0,-3.0,4.0,0.0,-1.0,3.0,-5.0,7.0,-10.0,11.0,-14.0,15.0,-17.0,18.0,-20.0,21.0,-21.0,23.0,-21.0,25.0,-22.0,26.0,-20.0,25.0,-17.0,24.0,-15.0,21.0,-13.0,17.0,-11.0,13.0,-8.0,8.0,-6.0,2.0,-3.0,-4.0,-2.0,-10.0,0.0,-16.0,0.0,-21.0,-1.0,-25.0
0.1146,122.0,-96.0,7.0,0.0,0.0,0.0,0.0,0.0,0.0,0.0,0.0,0.0,-26.0,9.0,-27.0,8.0,-26.0,8.0,-28.0,7.0,-27.0,6.0,-28.0,6.0,-27.0,5.0,-27.0,4.0,-27.0,3.0,-27.0,3.0,-27.0,3.0,-27.0,3.0,-27.0,3.0,-26.0,2.0,-26.0,1.0,-25.0,2.0,-25.0,1.0,-24.0,2.0,-25.0,2.0,-24.0,2.0,-24.0,2.0,-24.0,2.0,-23.0,2.0,-23.0,3.0,-22.0,3.0,-23.0,3.0
0.1278,122.0,-96.0,7.0,0.0,0.0,0.0,0.0,0.0,0.0,0.0,0.0,0.0,-17.0,19.0,-18.0,20.0,-18.0,19.0,-17.0,19.0,-15.0,16.0,-12.0,13.0,-10.0,10.0,-7.0,6.0,-5.0,1.0,-3.0,-4.0,-1.0,-9.0,1.0,-13.0,3.0,-18.0,5.0,-23.0,6.0,-27.0,6.0,-29.0,6.0,-30.0,5.0,-30.0,5.0,-29.0,4.0,-27.0,2.0,-24.0,2.0,-20.0,2.0,-15.0,2.0,-10.0,2.0,-4.0,3.0,1.0
0.1411,122.0,-96.0,7.0,0.0,0.0,0.0,0.0,0.0,0.0,0.0,0.0,0.0,-2.0,20.0,-2.0,25.0,-2.0,29.0,-3.0,32.0,-3.0,34.0,-2.0,35.0,-2.0,34.0,-2.0,32.0,-2.0,29.0,-2.0,24.0,-2.0,18.0,-2.0,11.0,-3.0,5.0,-5.0,-3.0,-7.0,-9.0,-8.0,-16.0,-10.0,-22.0,-13.0,-27.0,-15.0,-30.0,-16.0,-33.0,-18.0,-34.0,-18.0,-34.0,-18.0,-31.0,-17.0,-28.0,-16.0,-25.0,-13.0,-20.0
0.1559,122.0,-96.0,7.0,0.0,0.0,0.0,0.0,0.0,0.0,0.0,0.0,0.0,-2.0,22.0,-1.0,18.0,-1.0,14.0,-2.0,10.0,-3.0,4.0,-4.0,-3.0,-6.0,-7.0,-8.0,-14.0,-10.0,-18.0,-12.0,-23.0,-13.0,-27.0,-15.0,-28.0,-17.0,-29.0,-17.0,-30.0,-17.0,-28.0,-17.0,-25.0,-15.0,-22.0,-12.0,-19.0,-9.0,-15.0,-6.0,-10.0,-1.0,-6.0,4.0,-2.0,9.0,2.0,14.0,6.0,18.0,7.0,23.0,8.0
0.1694,122.0,-96.0,7.0,0.0,0.0,0.0,0.0,0.0,0.0,0.0,0.0,0.0,-17.0,-23.0,-14.0,-19.0,-11.0,-15.0,-6.0,-10.0,0.0,-6.0,6.0,0.0,12.0,4.0,19.0,7.0,24.0,10.0,30.0,13.0,34.0,15.0,36.0,15.0,38.0,15.0,39.0,16.0,38.0,14.0,35.0,10.0,31.0,10.0,25.0,8.0,19.0,7.0,12.0,5.0,4.0,5.0,-4.0,4.0,-12.0,5.0,-20.0,5.0,-25.0,7.0,-30.0,9.0
0.1828,122.0,-96.0,7.0,0.0,0.0,0.0,0.0,0.0,0.0,0.0,0.0,0.0,-19.0,-22.0,-19.0,-23.0,-19.0,-23.0,-18.0,-20.0,-16.0,-19.0,-13.0,-15.0,-9.0,-12.0,-5.0,-8.0,0.0,-5.0,4.0,-1.0,10.0,2.0,14.0,5.0,19.0,7.0,23.0,10.0,27.0,12.0,30.0,12.0,30.0,11.0,31.0,11.0,30.0,10.0,28.0,9.0,24.0,7.0,20.0,6.0,15.0,5.0,9.0,4.0,3.0,3.0,-3.0,3.0
0.1965,122.0,-96.0,7.0,0.0,0.0,0.0,0.0,0.0,0.0,0.0,0.0,0.0,3.0,-17.0,4.0,-21.0,5.0,-23.0,6.0,-26.0,6.0,-27.0,6.0,-29.0,5.0,-27.0,5.0,-26.0,5.0,-24.0,4.0,-19.0,3.0,-15.0,2.0,-10.0,2.0,-4.0,2.0,2.0,3.0,8.0,3.0,13.0,4.0,18.0,6.0,22.0,7.0,25.0,8.0,27.0,9.0,28.0,9.0,28.0,9.0,26.0,9.0,24.0,8.0,20.0,7.0,16.0
0.212,122.0,-96.0,7.0,0.0,0.0,0.0,0.0,0.0,0.0,0.0,0.0,0.0,2.0,3.0,-4.0,4.0,-11.0,4.0,-17.0,6.0,-22.0,7.0,-27.0,9.0,-30.0,10.0,-34.0,12.0,-34.0,13.0,-35.0,13.0,-32.0,14.0,-30.0,13.0,-28.0,12.0,-23.0,10.0,-18.0,6.0,-11.0,4.0,-5.0,-1.0,0.0,-6.0,4.0,-11.0,9.0,-16.0,12.0,-21.0,13.0,-25.0,16.0,-29.0,15.0,-31.0,15.0,-33.0,15.0,-33.0
0.2258,122.0,-96.0,7.0,0.0,0.0,0.0,0.0,0.0,0.0,0.0,0.0,0.0,-18.0,-1.0,-22.0,-1.0,-25.0,-1.0,-27.0,-1.0,-29.0,-1.0,-29.0,-1.0,-28.0,-1.0,-26.0,-1.0,-23.0,-1.0,-19.0,-1.0,-14.0,-1.0,-9.0,-2.0,-4.0,-3.0,2.0,-4.0,7.0,-6.0,12.0,-7.0,17.0,-9.0,21.0,-11.0,23.0,-12.0,26.0,-14.0,26.0,-15.0,26.0,-15.0,24.0,-15.0,21.0,-14.0,18.0,-13.0,15.0,-10.0
0.2391,122.0,-96.0,7.0,0.0,0.0,0.0,0.0,0.0,0.0,0.0,0.0,0.0,-4.0,-3.0,1.0,-5.0,6.0,-5.0,12.0,-7.0,17.0,-9.0,21.0,-11.0,24.0,-14.0,27.0,-15.0,27.0,-16.0,28.0,-17.0,26.0,-17.0,25.0,-16.0,23.0,-14.0,18.0,-12.0,15.0,-9.0,9.0,-6.0,4.0,-1.0,0.0,4.0,-3.0,9.0,-6.0,13.0,-9.0,19.0,-10.0,22.0,-12.0,26.0,-11.0,28.0,-11.0,30.0,-10.0,30.0
0.2525,122.0,-96.0,7.0,0.0,0.0,0.0,0.0,0.0,0.0,0.0,0.0,0.0,18.0,-18.0,19.0,-18.0,19.0,-18.0,17.0,-17.0,16.0,-15.0,12.0,-12.0,10.0,-9.0,6.0,-5.0,4.0,-1.0,1.0,4.0,-2.0,9.0,-4.0,13.0,-6.0,17.0,-8.0,21.0,-10.0,25.0,-11.0,27.0,-10.0,28.0,-10.0,28.0,-9.0,27.0,-8.0,25.0,-6.0,22.0,-5.0,18.0,-5.0,13.0,-4.0,8.0,-4.0,3.0,-4.0,-3.0
0.2653,122.0,-96.0,7.0,0.0,0.0,0.0,0.0,0.0,0.0,0.0,0.0,0.0,-20.0,17.0,-20.0,17.0,-20.0,17.0,-19.0,15.0,-17.0,13.0,-14.0,11.0,-11.0,8.0,-7.0,4.0,-4.0,0.0,-1.0,-5.0,1.0,-9.0,4.0,-13.0,6.0,-18.0,9.0,-22.0,10.0,-25.0,10.0,-28.0,10.0,-28.0,10.0,-29.0,9.0,-28.0,8.0,-26.0,6.0,-23.0,5.0,-19.0,4.0,-14.0,4.0,-9.0,3.0,-4.0,3.0,2.0
0.2782,122.0,-96.0,7.0,0.0,0.0,0.0,0.0,0.0,0.0,0.0,0.0,0.0,14.0,-11.0,17.0,-13.0,19.0,-15.0,21.0,-16.0,22.0,-17.0,22.0,-17.0,22.0,-16.0,20.0,-15.0,18.0,-14.0,15.0,-11.0,11.0,-8.0,7.0,-5.0,3.0,0.0,-1.0,4.0,-4.0,8.0,-7.0,12.0,-10.0,16.0,-12.0,21.0,-13.0,23.0,-14.0,25.0,-14.0,26.0,-14.0,27.0,-12.0,26.0,-10.0,23.0,-9.0,20.0,-7.0,16.0
0.2923,122.0,-96.0,7.0,0.0,0.0,0.0,0.0,0.0,0.0,0.0,0.0,0.0,-4.0,-1.0,-1.0,-7.0,3.0,-11.0,5.0,-17.0,8.0,-22.0,10.0,-27.0,11.0,-30.0,12.0,-34.0,11.0,-35.0,11.0,-35.0,10.0,-34.0,9.0,-32.0,9.0,-29.0,7.0,-24.0,6.0,-18.0,3.0,-11.0,3.0,-4.0,4.0,3.0,4.0,10.0,5.0,16.0,7.0,23.0,8.0,26.0,10.0,31.0,11.0,32.0,12.0,33.0,14.0,33.0
0.3059,122.0,-96.0,7.0,0.0,0.0,0.0,0.0,0.0,0.0,0.0,0.0,0.0,20.0,-15.0,21.0,-16.0,20.0,-16.0,20.0,-15.0,18.0,-13.0,14.0,-11.0,11.0,-8.0,7.0,-5.0,4.0,-1.0,0.0,3.0,-3.0,7.0,-6.0,12.0,-8.0,16.0,-11.0,19.0,-14.0,23.0,-15.0,25.0,-14.0,26.0,-14.0,26.0,-14.0,26.0,-12.0,24.0,-9.0,21.0,-8.0,17.0,-7.0,12.0,-5.0,8.0,-4.0,2.0,-4.0,-4.0
0.319,122.0,-96.0,7.0,0.0,0.0,0.0,0.0,0.0,0.0,0.0,0.0,0.0,-26.0,3.0,-27.0,3.0,-26.0,3.0,-25.0,3.0,-22.0,2.0,-19.0,2.0,-15.0,1.0,-9.0,0.0,-5.0,-2.0,0.0,-4.0,5.0,-6.0,10.0,-9.0,14.0,-11.0,18.0,-13.0,22.0,-15.0,24.0,-16.0,24.0,-18.0,24.0,-18.0,23.0,-18.0,21.0,-17.0,18.0,-15.0,15.0,-13.0,11.0,-9.0,8.0,-5.0,4.0,-2.0,0.0,4.0
0.3337,122.0,-96.0,7.0,0.0,0.0,0.0,0.0,0.0,0.0,0.0,0.0,0.0,-11.0,-24.0,-11.0,-25.0,-10.0,-24.0,-10.0,-22.0,-9.0,-20.0,-7.0,-16.0,-5.0,-13.0,-2.0,-8.0,1.0,-4.0,4.0,0.0,8.0,4.0,11.0,8.0,14.0,12.0,17.0,15.0,19.0,18.0,21.0,19.0,23.0,19.0,23.0,19.0,22.0,18.0,20.0,16.0,18.0,13.0,15.0,11.0,11.0,8.0,6.0,6.0,2.0,4.0,-4.0,2.0
0.3484,122.0,-96.0,7.0,0.0,0.0,0.0,0.0,0.0,0.0,0.0,0.0,0.0,-16.0,8.0,-20.0,9.0,-22.0,10.0,-24.0,11.0,-25.0,12.0,-26.0,12.0,-25.0,12.0,-23.0,11.0,-21.0,9.0,-17.0,7.0,-13.0,5.0,-8.0,2.0,-5.0,-1.0,0.0,-5.0,4.0,-9.0,8.0,-12.0,12.0,-16.0,14.0,-19.0,16.0,-22.0,17.0,-24.0,17.0,-25.0,17.0,-25.0,15.0,-24.0,13.0,-22.0,11.0,-20.0,9.0,-16.0
0.3623,122.0,-96.0,7.0,0.0,0.0,0.0,0.0,0.0,0.0,0.0,0.0,0.0,-5.0,0.0,-2.0,-5.0,2.0,-9.0,4.0,-14.0,7.0,-18.0,9.0,-23.0,10.0,-26.0,12.0,-29.0,11.0,-30.0,11.0,-31.0,10.0,-30.0,9.0,-28.0,9.0,-26.0,7.0,-21.0,6.0,-16.0,3.0,-10.0,3.0,-3.0,3.0,3.0,3.0,9.0,3.0,14.0,4.0,20.0,6.0,23.0,6.0,28.0,8.0,29.0,9.0,30.0,10.0,30.0
0.3759,122.0,-96.0,7.0,0.0,0.0,0.0,0.0,0.0,0.0,0.0,0.0,0.0,-4.0,-23.0,-3.0,-19.0,-3.0,-15.0,-1.0,-10.0,1.0,-5.0,3.0,1.0,6.0,6.0,9.0,11.0,12.0,16.0,14.0,20.0,16.0,24.0,18.0,25.0,19.0,26.0,19.0,27.0,19.0,25.0,18.0,22.0,16.0,19.0,13.0,16.0,10.0,13.0,5.0,8.0,1.0,4.0,-4.0,1.0,-10.0,-3.0,-15.0,-6.0,-20.0,-7.0,-24.0,-7.0
0.3894,122.0,-96.0,7.0,0.0,0.0,0.0,0.0,0.0,0.0,0.0,0.0,0.0,19.0,11.0,19.0,12.0,19.0,12.0,18.0,11.0,16.0,10.0,13.0,8.0,9.0,6.0,5.0,4.0,1.0,3.0,-4.0,1.0,-9.0,0.0,-13.0,-1.0,-18.0,-2.0,-22.0,-3.0,-24.0,-3.0,-27.0,-3.0,-27.0,-3.0,-28.0,-2.0,-26.0,-2.0,-24.0,-1.0,-21.0,0.0,-17.0,0.0,-13.0,-1.0,-9.0,-2.0,-4.0,-3.0,1.0,-4.0
0.4039,122.0,-96.0,7.0,0.0,0.0,0.0,0.0,0.0,0.0,0.0,0.0,0.0,0.0,-17.0,1.0,-22.0,1.0,-24.0,2.0,-26.0,2.0,-28.0,2.0,-29.0,2.0,-28.0,2.0,-26.0,2.0,-24.0,1.0,-20.0,1.0,-15.0,1.0,-9.0,2.0,-4.0,3.0,2.0,4.0,7.0,5.0,12.0,6.0,17.0,8.0,21.0,9.0,24.0,11.0,26.0,11.0,27.0,12.0,27.0,12.0,25.0,11.0,22.0,10.0,19.0,8.0,15.0
0.4182,122.0,-96.0,7.0,0.0,0.0,0.0,0.0,0.0,0.0,0.0,0.0,0.0,19.0,5.0,16.0,4.0,12.0,3.0,7.0,3.0,2.0,3.0,-4.0,2.0,-8.0,3.0,-14.0,3.0,-19.0,3.0,-23.0,4.0,-26.0,5.0,-28.0,6.0,-29.0,7.0,-30.0,7.0,-28.0,7.0,-25.0,7.0,-23.0,6.0,-19.0,5.0,-15.0,3.0,-10.0,1.0,-5.0,-2.0,0.0,-4.0,5.0,-8.0,9.0,-11.0,11.0,-15.0,13.0,-18.0
0.4324,122.0,-96.0,7.0,0.0,0.0,0.0,0.0,0.0,0.0,0.0,0.0,0.0,4.0,28.0,4.0,28.0,4.0,29.0,4.0,26.0,3.0,24.0,3.0,19.0,1.0,15.0,0.0,9.0,-2.0,4.0,-5.0,-2.0,-7.0,-7.0,-10.0,-12.0,-12.0,-17.0,-15.0,-21.0,-17.0,-25.0,-19.0,-27.0,-20.0,-27.0,-21.0,-28.0,-20.0,-26.0,-19.0,-24.0,-17.0,-20.0,-15.0,-17.0,-11.0,-13.0,-6.0,-9.0,-1.0,-5.0,4.0,-2.0
0.4471,122.0,-96.0,7.0,0.0,0.0,0.0,0.0,0.0,0.0,0.0,0.0,0.0,0.0,3.0,-5.0,2.0,-10.0,1.0,-15.0,0.0,-21.0,0.0,-26.0,0.0,-29.0,1.0,-32.0,0.0,-32.0,2.0,-33.0,2.0,-31.0,3.0,-29.0,3.0,-26.0,2.0,-22.0,2.0,-17.0,0.0,-10.0,0.0,-4.0,-2.0,1.0,-5.0,7.0,-7.0,12.0,-11.0,17.0,-14.0,19.0,-17.0,22.0,-19.0,22.0,-21.0,23.0,-23.0,22.0,-23.0
0.4588,122.0,-96.0,7.0,0.0,0.0,0.0,0.0,0.0,0.0,0.0,0.0,0.0,2.0,15.0,2.0,16.0,2.0,16.0,2.0,16.0,1.0,16.0,1.0,17.0,1.0,17.0,1.0,17.0,1.0,17.0,1.0,18.0,1.0,17.0,0.0,17.0,0.0,17.0,0.0,18.0,0.0,18.0,0.0,17.0,0.0,18.0,-1.0,18.0,-1.0,18.0,0.0,18.0,0.0,18.0,0.0,18.0,-1.0,18.0,0.0,18.0,0.0,17.0,0.0,17.0
0.4727,122.0,-96.0,7.0,0.0,0.0,0.0,0.0,0.0,0.0,0.0,0.0,0.0,-3.0,17.0,-4.0,21.0,-5.0,23.0,-5.0,26.0,-5.0,27.0,-5.0,27.0,-5.0,26.0,-5.0,24.0,-4.0,22.0,-4.0,18.0,-3.0,13.0,-3.0,7.0,-3.0,2.0,-4.0,-4.0,-5.0,-9.0,-5.0,-14.0,-6.0,-19.0,-8.0,-23.0,-9.0,-26.0,-9.0,-28.0,-11.0,-29.0,-11.0,-28.0,-11.0,-27.0,-11.0,-24.0,-10.0,-21.0,-8.0,-17.0
0.4823,122.0,-96.0,7.0,0.0,0.0,0.0,0.0,0.0,0.0,0.0,0.0,0.0,-22.0,0.0,-21.0,0.0,-21.0,-1.0,-22.0,-2.0,-22.0,-3.0,-22.0,-3.0,-21.0,-3.0,-21.0,-4.0,-21.0,-4.0,-21.0,-4.0,-21.0,-5.0,-21.0,-5.0,-20.0,-5.0,-20.0,-5.0,-20.0,-6.0,-20.0,-5.0,-19.0,-5.0,-19.0,-6.0,-19.0,-5.0,-18.0,-5.0,-18.0,-5.0,-18.0,-5.0,-18.0,-5.0,-18.0,-5.0,-17.0,-4.0,-17.0,-4.0
0.493,122.0,-96.0,7.0,0.0,0.0,0.0,0.0,0.0,0.0,0.0,0.0,0.0,-15.0,-17.0,-15.0,-18.0,-15.0,-18.0,-14.0,-19.0,-14.0,-19.0,-13.0,-19.0,-13.0,-19.0,-13.0,-19.0,-12.0,-19.0,-12.0,-20.0,-11.0,-20.0,-11.0,-20.0,-11.0,-20.0,-10.0,-20.0,-10.0,-20.0,-10.0,-19.0,-9.0,-19.0,-9.0,-19.0,-9.0,-18.0,-10.0,-17.0,-10.0,-18.0,-10.0,-17.0,-9.0,-17.0,-10.0,-17.0,-10.0,-17.0,-10.0,-16.0
0.507,122.0,-96.0,7.0,0.0,0.0,0.0,0.0,0.0,0.0,0.0,0.0,0.0,-17.0,-1.0,-21.0,-2.0,-24.0,-2.0,-27.0,-2.0,-28.0,-3.0,-29.0,-2.0,-28.0,-2.0,-26.0,-2.0,-23.0,-2.0,-20.0,-2.0,-15.0,-2.0,-9.0,-2.0,-4.0,-3.0,2.0,-4.0,7.0,-5.0,12.0,-6.0,17.0,-8.0,21.0,-10.0,24.0,-11.0,26.0,-12.0,27.0,-13.0,27.0,-13.0,25.0,-13.0,22.0,-13.0,19.0,-12.0,15.0,-9.0
0.521,122.0,-96.0,7.0,0.0,0.0,0.0,0.0,0.0,0.0,0.0,0.0,0.0,20.0,12.0,16.0,10.0,12.0,7.0,7.0,6.0,0.0,3.0,-6.0,1.0,-13.0,1.0,-19.0,-1.0,-25.0,-2.0,-30.0,-2.0,-34.0,-3.0,-36.0,-2.0,-38.0,-1.0,-38.0,-1.0,-36.0,0.0,-33.0,1.0,-29.0,1.0,-24.0,0.0,-19.0,-1.0,-12.0,-1.0,-5.0,-3.0,2.0,-6.0,8.0,-8.0,15.0,-10.0,19.0,-13.0,22.0,-17.0
0.536,122.0,-96.0,7.0,0.0,0.0,0.0,0.0,0.0,0.0,0.0,0.0,0.0,2.0,3.0,-3.0,3.0,-9.0,2.0,-15.0,3.0,-20.0,3.0,-24.0,3.0,-28.0,4.0,-31.0,5.0,-32.0,6.0,-33.0,6.0,-31.0,7.0,-29.0,6.0,-26.0,5.0,-22.0,5.0,-17.0,2.0,-11.0,1.0,-5.0,-2.0,0.0,-5.0,6.0,-8.0,10.0,-12.0,14.0,-15.0,16.0,-19.0,20.0,-22.0,19.0,-24.0,20.0,-25.0,19.0,-25.0
0.5501,122.0,-96.0,7.0,0.0,0.0,0.0,0.0,0.0,0.0,0.0,0.0,0.0,14.0,-16.0,11.0,-13.0,8.0,-10.0,6.0,-6.0,3.0,0.0,0.0,5.0,-2.0,10.0,-4.0,16.0,-6.0,20.0,-7.0,24.0,-9.0,28.0,-8.0,30.0,-8.0,31.0,-8.0,32.0,-7.0,31.0,-5.0,28.0,-4.0,25.0,-4.0,20.0,-4.0,15.0,-3.0,9.0,-4.0,3.0,-4.0,-4.0,-5.0,-10.0,-6.0,-16.0,-9.0,-19.0,-11.0,-23.0
0.5637,122.0,-96.0,7.0,0.0,0.0,0.0,0.0,0.0,0.0,0.0,0.0,0.0,3.0,0.0,0.0,5.0,-4.0,9.0,-6.0,14.0,-9.0,18.0,-11.0,22.0,-11.0,26.0,-13.0,28.0,-12.0,29.0,-12.0,30.0,-10.0,29.0,-10.0,26.0,-9.0,24.0,-7.0,19.0,-6.0,15.0,-4.0,8.0,-4.0,2.0,-4.0,-4.0,-4.0,-10.0,-5.0,-16.0,-6.0,-21.0,-7.0,-25.0,-8.0,-29.0,-10.0,-29.0,-11.0,-30.0,-12.0,-30.0
0.5772,122.0,-96.0,7.0,0.0,0.0,0.0,0.0,0.0,0.0,0.0,0.0,0.0,-8.0,13.0,-10.0,16.0,-11.0,18.0,-12.0,20.0,-13.0,21.0,-13.0,22.0,-12.0,21.0,-11.0,19.0,-10.0,17.0,-8.0,14.0,-7.0,10.0,-5.0,6.0,-4.0,1.0,-2.0,-4.0,-2.0,-9.0,0.0,-14.0,0.0,-18.0,0.0,-22.0,0.0,-25.0,0.0,-27.0,-1.0,-27.0,-1.0,-28.0,-2.0,-26.0,-2.0,-23.0,-2.0,-20.0,-2.0,-16.0
0.5924,122.0,-96.0,7.0,0.0,0.0,0.0,0.0,0.0,0.0,0.0,0.0,0.0,16.0,19.0,13.0,16.0,9.0,12.0,5.0,9.0,0.0,4.0,-6.0,0.0,-11.0,-3.0,-17.0,-6.0,-22.0,-10.0,-26.0,-12.0,-31.0,-14.0,-33.0,-14.0,-35.0,-14.0,-36.0,-15.0,-35.0,-13.0,-31.0,-11.0,-28.0,-10.0,-23.0,-8.0,-18.0,-7.0,-11.0,-5.0,-4.0,-5.0,3.0,-4.0,10.0,-4.0,17.0,-4.0,22.0,-6.0,26.0,-8.0
0.607,122.0,-96.0,7.0,0.0,0.0,0.0,0.0,0.0,0.0,0.0,0.0,0.0,-3.0,-26.0,-3.0,-27.0,-3.0,-26.0,-3.0,-25.0,-2.0,-22.0,-2.0,-18.0,-1.0,-14.0,0.0,-9.0,2.0,-4.0,3.0,1.0,6.0,6.0,7.0,10.0,10.0,15.0,12.0,19.0,13.0,23.0,14.0,25.0,15.0,25.0,16.0,25.0,16.0,24.0,15.0,21.0,13.0,18.0,11.0,15.0,8.0,11.0,4.0,8.0,0.0,4.0,-5.0,1.0
0.6208,122.0,-96.0,7.0,0.0,0.0,0.0,0.0,0.0,0.0,0.0,0.0,0.0,-22.0,7.0,-18.0,6.0,-14.0,4.0,-10.0,1.0,-5.0,-1.0,1.0,-5.0,5.0,-8.0,10.0,-12.0,14.0,-15.0,17.0,-19.0,20.0,-21.0,21.0,-23.0,22.0,-25.0,22.0,-25.0,20.0,-25.0,17.0,-23.0,15.0,-21.0,13.0,-17.0,10.0,-13.0,7.0,-8.0,4.0,-2.0,2.0,3.0,-1.0,10.0,-3.0,15.0,-3.0,20.0,-2.0,24.0
0.6348,122.0,-96.0,7.0,0.0,0.0,0.0,0.0,0.0,0.0,0.0,0.0,0.0,-3.0,16.0,-4.0,20.0,-4.0,23.0,-5.0,25.0,-5.0,27.0,-5.0,27.0,-5.0,27.0,-5.0,25.0,-5.0,22.0,-4.0,18.0,-3.0,14.0,-3.0,8.0,-3.0,3.0,-4.0,-3.0,-4.0,-9.0,-5.0,-14.0,-6.0,-19.0,-8.0,-23.0,-8.0,-26.0,-9.0,-28.0,-10.0,-29.0,-10.0,-29.0,-11.0,-27.0,-11.0,-24.0,-10.0,-21.0,-8.0,-17.0
0.6479,122.0,-96.0,7.0,0.0,0.0,0.0,0.0,0.0,0.0,0.0,0.0,0.0,7.0,-15.0,9.0,-19.0,10.0,-21.0,11.0,-24.0,12.0,-25.0,12.0,-26.0,12.0,-25.0,11.0,-23.0,10.0,-21.0,8.0,-17.0,6.0,-13.0,4.0,-8.0,3.0,-3.0,2.0,3.0,1.0,8.0,0.0,14.0,0.0,19.0,0.0,23.0,0.0,26.0,0.0,28.0,1.0,30.0,1.0,30.0,2.0,27.0,3.0,25.0,3.0,21.0,2.0,17.0
0.6629,122.0,-96.0,7.0,0.0,0.0,0.0,0.0,0.0,0.0,0.0,0.0,0.0,24.0,-8.0,25.0,-8.0,25.0,-8.0,23.0,-8.0,21.0,-7.0,17.0,-6.0,13.0,-4.0,8.0,-2.0,4.0,0.0,-1.0,4.0,-5.0,7.0,-9.0,10.0,-13.0,13.0,-17.0,15.0,-20.0,18.0,-21.0,20.0,-22.0,21.0,-21.0,21.0,-20.0,21.0,-18.0,20.0,-15.0,17.0,-13.0,14.0,-10.0,10.0,-8.0,6.0,-5.0,1.0,-2.0,-4.0
0.6764,122.0,-96.0,7.0,0.0,0.0,0.0,0.0,0.0,0.0,0.0,0.0,0.0,-25.0,14.0,-26.0,14.0,-25.0,14.0,-24.0,13.0,-21.0,11.0,-17.0,9.0,-14.0,6.0,-9.0,2.0,-5.0,-2.0,0.0,-6.0,4.0,-10.0,8.0,-14.0,11.0,-18.0,14.0,-22.0,17.0,-25.0,18.0,-27.0,18.0,-28.0,17.0,-28.0,17.0,-28.0,14.0,-26.0,12.0,-23.0,10.0,-19.0,8.0,-14.0,6.0,-9.0,4.0,-3.0,2.0,3.0
0.6909,122.0,-96.0,7.0,0.0,0.0,0.0,0.0,0.0,0.0,0.0,0.0,0.0,-3.0,22.0,-3.0,18.0,-2.0,14.0,-3.0,9.0,-3.0,3.0,-4.0,-3.0,-5.0,-8.0,-7.0,-14.0,-8.0,-20.0,-10.0,-24.0,-11.0,-28.0,-13.0,-29.0,-14.0,-31.0,-14.0,-31.0,-15.0,-30.0,-14.0,-26.0,-13.0,-23.0,-11.0,-20.0,-8.0,-15.0,-5.0,-11.0,0.0,-6.0,4.0,-1.0,9.0,3.0,13.0,7.0,18.0,9.0,22.0,10.0
0.7055,122.0,-96.0,7.0,0.0,0.0,0.0,0.0,0.0,0.0,0.0,0.0,0.0,4.0,1.0,-2.0,6.0,-7.0,11.0,-11.0,16.0,-16.0,21.0,-19.0,26.0,-21.0,30.0,-23.0,33.0,-22.0,34.0,-22.0,35.0,-20.0,33.0,-19.0,32.0,-17.0,28.0,-14.0,23.0,-11.0,17.0,-7.0,10.0,-5.0,2.0,-4.0,-6.0,-3.0,-13.0,-2.0,-21.0,-3.0,-28.0,-4.0,-33.0,-4.0,-38.0,-6.0,-39.0,-7.0,-41.0,-9.0,-40.0
0.718,122.0,-96.0,7.0,0.0,0.0,0.0,0.0,0.0,0.0,0.0,0.0,0.0,8.0,-28.0,9.0,-28.0,8.0,-28.0,8.0,-27.0,7.0,-24.0,6.0,-20.0,5.0,-15.0,4.0,-9.0,3.0,-4.0,3.0,2.0,3.0,8.0,3.0,14.0,3.0,20.0,4.0,25.0,4.0,29.0,4.0,31.0,5.0,33.0,6.0,32.0,6.0,32.0,6.0,29.0,6.0,25.0,5.0,20.0,3.0,15.0,1.0,10.0,-2.0,5.0,-5.0,-1.0
0.7324,122.0,-96.0,7.0,0.0,0.0,0.0,0.0,0.0,0.0,0.0,0.0,0.0,0.0,25.0,0.0,21.0,-1.0,16.0,-2.0,10.0,-3.0,4.0,-5.0,-3.0,-7.0,-8.0,-10.0,-15.0,-12.0,-21.0,-14.0,-25.0,-16.0,-30.0,-18.0,-31.0,-20.0,-33.0,-20.0,-33.0,-21.0,-31.0,-20.0,-27.0,-18.0,-25.0,-15.0,-20.0,-11.0,-17.0,-6.0,-11.0,-1.0,-7.0,5.0,-2.0,11.0,3.0,16.0,6.0,21.0,8.0,26.0,9.0
0.7462,122.0,-96.0,7.0,0.0,0.0,0.0,0.0,0.0,0.0,0.0,0.0,0.0,-18.0,8.0,-15.0,6.0,-12.0,4.0,-8.0,2.0,-4.0,-2.0,1.0,-5.0,4.0,-9.0,8.0,-13.0,11.0,-16.0,13.0,-19.0,15.0,-22.0,16.0,-24.0,16.0,-25.0,16.0,-26.0,15.0,-25.0,12.0,-23.0,11.0,-21.0,9.0,-17.0,7.0,-13.0,5.0,-8.0,4.0,-3.0,2.0,3.0,1.0,9.0,0.0,14.0,1.0,18.0,2.0,22.0
0.7628,122.0,-96.0,7.0,0.0,0.0,0.0,0.0,0.0,0.0,0.0,0.0,0.0,-13.0,6.0,-13.0,7.0,-14.0,7.0,-14.0,7.0,-15.0,6.0,-15.0,6.0,-15.0,6.0,-15.0,6.0,-15.0,6.0,-16.0,6.0,-15.0,6.0,-15.0,6.0,-16.0,6.0,-16.0,6.0,-17.0,5.0,-16.0,6.0,-16.0,5.0,-16.0,5.0,-17.0,5.0,-16.0,6.0,-16.0,5.0,-16.0,5.0,-16.0,5.0,-16.0,5.0,-16.0,6.0,-15.0,6.0
0.7732,122.0,-96.0,7.0,0.0,0.0,0.0,0.0,0.0,0.0,0.0,0.0,0.0,-8.0,18.0,-9.0,22.0,-10.0,25.0,-11.0,27.0,-12.0,29.0,-12.0,29.0,-11.0,28.0,-10.0,26.0,-10.0,23.0,-8.0,19.0,-6.0,14.0,-5.0,8.0,-5.0,2.0,-3.0,-5.0,-4.0,-11.0,-3.0,-17.0,-3.0,-22.0,-5.0,-27.0,-5.0,-30.0,-5.0,-33.0,-7.0,-33.0,-7.0,-34.0,-7.0,-31.0,-8.0,-28.0,-7.0,-25.0,-6.0,-20.0
0.7903,122.0,-96.0,7.0,0.0,0.0,0.0,0.0,0.0,0.0,0.0,0.0,0.0,8.0,23.0,6.0,18.0,5.0,14.0,2.0,9.0,-2.0,3.0,-6.0,-3.0,-10.0,-7.0,-15.0,-12.0,-19.0,-16.0,-23.0,-19.0,-26.0,-22.0,-28.0,-23.0,-30.0,-24.0,-31.0,-24.0,-30.0,-22.0,-27.0,-19.0,-24.0,-17.0,-20.0,-14.0,-15.0,-11.0,-9.0,-9.0,-3.0,-6.0,4.0,-4.0,11.0,-1.0,18.0,0.0,23.0,0.0,27.0,-1.0
0.7993,122.0,-96.0,7.0,0.0,0.0,0.0,0.0,0.0,0.0,0.0,0.0,0.0,-14.0,-18.0,-13.0,-18.0,-13.0,-19.0,-12.0,-19.0,-12.0,-19.0,-11.0,-20.0,-11.0,-20.0,-11.0,-20.0,-10.0,-20.0,-10.0,-20.0,-9.0,-20.0,-9.0,-20.0,-9.0,-19.0,-9.0,-19.0,-8.0,-19.0,-9.0,-19.0,-8.0,-19.0,-8.0,-19.0,-8.0,-18.0,-8.0,-18.0,-8.0,-17.0,-8.0,-17.0,-8.0,-17.0,-9.0,-17.0,-9.0,-16.0,-9.0,-16.0
0.8138,122.0,-96.0,7.0,0.0,0.0,0.0,0.0,0.0,0.0,0.0,0.0,0.0,23.0,7.0,18.0,6.0,14.0,5.0,8.0,4.0,1.0,3.0,-6.0,2.0,-12.0,3.0,-19.0,3.0,-25.0,4.0,-30.0,4.0,-34.0,4.0,-36.0,5.0,-37.0,6.0,-38.0,6.0,-36.0,7.0,-32.0,8.0,-28.0,7.0,-24.0,5.0,-18.0,3.0,-12.0,1.0,-6.0,-2.0,0.0,-6.0,7.0,-10.0,13.0,-13.0,16.0,-17.0,18.0,-21.0
0.8279,122.0,-96.0,7.0,0.0,0.0,0.0,0.0,0.0,0.0,0.0,0.0,0.0,-16.0,-5.0,-19.0,-6.0,-22.0,-7.0,-23.0,-7.0,-25.0,-8.0,-25.0,-7.0,-24.0,-7.0,-22.0,-7.0,-20.0,-7.0,-16.0,-6.0,-12.0,-4.0,-8.0,-3.0,-3.0,-3.0,3.0,-3.0,8.0,-3.0,12.0,-3.0,17.0,-3.0,21.0,-5.0,23.0,-5.0,25.0,-5.0,26.0,-6.0,26.0,-7.0,24.0,-7.0,22.0,-7.0,19.0,-6.0,15.0,-5.0
0.8373,122.0,-96.0,7.0,0.0,0.0,0.0,0.0,0.0,0.0,0.0,0.0,0.0,-27.0,9.0,-27.0,9.0,-28.0,8.0,-28.0,7.0,-28.0,6.0,-28.0,5.0,-28.0,5.0,-28.0,4.0,-28.0,4.0,-28.0,3.0,-27.0,3.0,-27.0,3.0,-27.0,3.0,-27.0,2.0,-26.0,1.0,-27.0,1.0,-26.0,1.0,-26.0,1.0,-25.0,1.0,-24.0,1.0,-24.0,1.0,-24.0,2.0,-24.0,2.0,-23.0,2.0,-23.0,2.0,-22.0,3.0
0.8519,122.0,-96.0,7.0,0.0,0.0,0.0,0.0,0.0,0.0,0.0,0.0,0.0,20.0,-8.0,16.0,-7.0,12.0,-5.0,8.0,-2.0,3.0,1.0,-2.0,5.0,-6.0,8.0,-11.0,12.0,-15.0,15.0,-17.0,19.0,-20.0,21.0,-21.0,24.0,-21.0,25.0,-22.0,26.0,-21.0,25.0,-17.0,23.0,-16.0,21.0,-13.0,16.0,-11.0,12.0,-7.0,7.0,-5.0,1.0,-3.0,-4.0,-1.0,-11.0,1.0,-16.0,0.0,-21.0,0.0,-25.0
0.8664,122.0,-96.0,7.0,0.0,0.0,0.0,0.0,0.0,0.0,0.0,0.0,0.0,-7.0,-16.0,-8.0,-19.0,-10.0,-23.0,-10.0,-25.0,-11.0,-26.0,-11.0,-27.0,-11.0,-27.0,-10.0,-25.0,-9.0,-23.0,-8.0,-19.0,-6.0,-14.0,-3.0,-9.0,0.0,-5.0,3.0,0.0,7.0,4.0,10.0,9.0,13.0,13.0,17.0,15.0,19.0,18.0,21.0,19.0,22.0,20.0,22.0,19.0,22.0,18.0,20.0,15.0,18.0,13.0,14.0,10.0
0.8769,122.0,-96.0,7.0,0.0,0.0,0.0,0.0,0.0,0.0,0.0,0.0,0.0,-6.0,24.0,-7.0,24.0,-8.0,24.0,-8.0,24.0,-9.0,23.0,-10.0,23.0,-10.0,23.0,-10.0,22.0,-11.0,22.0,-11.0,22.0,-11.0,21.0,-12.0,21.0,-12.0,21.0,-12.0,20.0,-12.0,20.0,-12.0,19.0,-12.0,19.0,-12.0,18.0,-11.0,18.0,-11.0,18.0,-11.0,18.0,-11.0,18.0,-11.0,17.0,-10.0,18.0,-10.0,17.0,-9.0,17.0
0.8895,122.0,-96.0,7.0,0.0,0.0,0.0,0.0,0.0,0.0,0.0,0.0,0.0,-8.0,17.0,-10.0,21.0,-12.0,23.0,-13.0,26.0,-14.0,27.0,-14.0,29.0,-13.0,27.0,-12.0,26.0,-11.0,23.0,-10.0,19.0,-8.0,14.0,-6.0,9.0,-4.0,3.0,-3.0,-4.0,-3.0,-11.0,-1.0,-16.0,0.0,-22.0,-1.0,-26.0,-1.0,-30.0,-2.0,-33.0,-2.0,-34.0,-3.0,-34.0,-3.0,-32.0,-4.0,-29.0,-4.0,-25.0,-3.0,-21.0
0.9032,122.0,-96.0,7.0,0.0,0.0,0.0,0.0,0.0,0.0,0.0,0.0,0.0,-5.0,-25.0,-4.0,-20.0,-3.0,-16.0,-1.0,-10.0,2.0,-4.0,5.0,2.0,8.0,8.0,11.0,14.0,14.0,18.0,18.0,22.0,21.0,26.0,22.0,27.0,24.0,27.0,25.0,28.0,24.0,26.0,23.0,23.0,20.0,20.0,16.0,17.0,12.0,13.0,7.0,9.0,1.0,5.0,-5.0,1.0,-12.0,-2.0,-18.0,-4.0,-23.0,-5.0,-28.0,-5.0
0.9165,122.0,-96.0,7.0,0.0,0.0,0.0,0.0,0.0,0.0,0.0,0.0,0.0,-8.0,15.0,-9.0,18.0,-11.0,21.0,-12.0,23.0,-12.0,24.0,-13.0,25.0,-12.0,24.0,-12.0,23.0,-11.0,20.0,-9.0,17.0,-7.0,12.0,-5.0,8.0,-4.0,2.0,-3.0,-4.0,-2.0,-9.0,-1.0,-14.0,-1.0,-20.0,-1.0,-24.0,-1.0,-27.0,-2.0,-29.0,-2.0,-31.0,-2.0,-31.0,-3.0,-29.0,-4.0,-26.0,-4.0,-23.0,-3.0,-19.0
0.9291,122.0,-96.0,7.0,0.0,0.0,0.0,0.0,0.0,0.0,0.0,0.0,0.0,9.0,-20.0,8.0,-16.0,6.0,-12.0,4.0,-7.0,3.0,-2.0,1.0,5.0,1.0,10.0,1.0,16.0,0.0,21.0,0.0,25.0,0.0,29.0,1.0,31.0,2.0,33.0,1.0,33.0,2.0,32.0,3.0,28.0,3.0,25.0,2.0,21.0,1.0,16.0,0.0,10.0,-2.0,4.0,-5.0,-2.0,-8.0,-8.0,-11.0,-13.0,-14.0,-16.0,-17.0,-19.0
0.9436,122.0,-96.0,7.0,0.0,0.0,0.0,0.0,0.0,0.0,0.0,0.0,0.0,4.0,24.0,3.0,19.0,2.0,14.0,0.0,9.0,-3.0,3.0,-6.0,-4.0,-9.0,-8.0,-12.0,-15.0,-15.0,-20.0,-19.0,-23.0,-21.0,-26.0,-24.0,-28.0,-26.0,-28.0,-26.0,-29.0,-25.0,-28.0,-23.0,-24.0,-21.0,-22.0,-17.0,-17.0,-13.0,-14.0,-8.0,-10.0,-2.0,-6.0,4.0,-2.0,11.0,1.0,17.0,4.0,22.0,4.0,27.0,5.0
0.9568,122.0,-96.0,7.0,0.0,0.0,0.0,0.0,0.0,0.0,0.0,0.0,0.0,-1.0,-5.0,3.0,-2.0,8.0,2.0,13.0,5.0,17.0,7.0,22.0,9.0,25.0,10.0,28.0,12.0,30.0,11.0,31.0,11.0,29.0,9.0,28.0,9.0,25.0,8.0,21.0,6.0,16.0,6.0,10.0,3.0,3.0,3.0,-3.0,3.0,-10.0,3.0,-15.0,4.0,-21.0,5.0,-24.0,7.0,-29.0,8.0,-30.0,9.0,-31.0,11.0,-31.0,11.0
0.9682,122.0,-96.0,7.0,0.0,0.0,0.0,0.0,0.0,0.0,0.0,0.0,0.0,-23.0,-11.0,-19.0,-8.0,-14.0,-7.0,-9.0,-6.0,-2.0,-4.0,5.0,-3.0,11.0,-2.0,18.0,-2.0,24.0,-1.0,28.0,-2.0,33.0,-2.0,35.0,-3.0,37.0,-4.0,38.0,-4.0,36.0,-5.0,32.0,-6.0,28.0,-5.0,23.0,-4.0,18.0,-3.0,12.0,-1.0,5.0,2.0,-2.0,4.0,-8.0,8.0,-14.0,11.0,-18.0,15.0,-21.0,19.0
0.9816,122.0,-96.0,7.0,0.0,0.0,0.0,0.0,0.0,0.0,0.0,0.0,0.0,-25.0,-5.0,-20.0,-4.0,-16.0,-3.0,-10.0,-3.0,-3.0,-4.0,4.0,-4.0,10.0,-6.0,16.0,-7.0,22.0,-8.0,28.0,-10.0,32.0,-10.0,34.0,-12.0,35.0,-13.0,36.0,-13.0,33.0,-13.0,30.0,-14.0,27.0,-12.0,22.0,-10.0,18.0,-8.0,12.0,-4.0,6.0,0.0,0.0,5.0,-6.0,10.0,-11.0,14.0,-13.0,19.0,-15.0,23.0
0.9952,122.0,-96.0,7.0,0.0,0.0,0.0,0.0,0.0,0.0,0.0,0.0,0.0,-1.0,3.0,-5.0,0.0,-8.0,-5.0,-11.0,-9.0,-15.0,-13.0,-19.0,-17.0,-22.0,-18.0,-24.0,-21.0,-26.0,-20.0,-27.0,-21.0,-26.0,-20.0,-24.0,-18.0,-22.0,-17.0,-19.0,-13.0,-14.0,-11.0,-9.0,-7.0,-3.0,-5.0,3.0,-4.0,9.0,-1.0,15.0,-1.0,21.0,0.0,24.0,-2.0,29.0,-1.0,31.0,-2.0,32.0,-3.0,31.0,-4.0
1.0083,122.0,-96.0,7.0,0.0,0.0,0.0,0.0,0.0,0.0,0.0,0.0,0.0,-2.0,16.0,-2.0,20.0,-2.0,23.0,-3.0,26.0,-3.0,27.0,-2.0,28.0,-3.0,27.0,-2.0,25.0,-2.0,23.0,-2.0,19.0,-2.0,14.0,-2.0,9.0,-3.0,4.0,-4.0,-2.0,-5.0,-8.0,-6.0,-13.0,-8.0,-18.0,-10.0,-22.0,-11.0,-25.0,-13.0,-27.0,-14.0,-28.0,-14.0,-28.0,-14.0,-26.0,-14.0,-23.0,-12.0,-20.0,-10.0,-16.0
1.0179,122.0,-96.0,7.0,0.0,0.0,0.0,0.0,0.0,0.0,0.0,0.0,0.0,4.0,21.0,4.0,22.0,3.0,22.0,3.0,22.0,2.0,22.0,2.0,23.0,2.0,22.0,1.0,22.0,1.0,22.0,0.0,22.0,-1.0,22.0,0.0,22.0,-1.0,21.0,-1.0,21.0,-2.0,21.0,-2.0,20.0,-2.0,20.0,-2.0,20.0,-2.0,20.0,-1.0,19.0,-1.0,19.0,-1.0,18.0,-1.0,18.0,-1.0,18.0,-1.0,18.0,0.0,17.0
1.0323,122.0,-96.0,7.0,0.0,0.0,0.0,0.0,0.0,0.0,0.0,0.0,0.0,-1.0,3.0,-5.0,-1.0,-10.0,-4.0,-14.0,-7.0,-19.0,-10.0,-23.0,-12.0,-26.0,-13.0,-29.0,-15.0,-30.0,-14.0,-31.0,-14.0,-29.0,-12.0,-28.0,-12.0,-25.0,-11.0,-21.0,-9.0,-16.0,-7.0,-10.0,-5.0,-3.0,-4.0,3.0,-4.0,9.0,-4.0,15.0,-4.0,21.0,-5.0,24.0,-6.0,29.0,-7.0,29.0,-9.0,31.0,-10.0,30.0,-11.0
1.0466,122.0,-96.0,7.0,0.0,0.0,0.0,0.0,0.0,0.0,0.0,0.0,0.0,-24.0,-3.0,-25.0,-3.0,-24.0,-3.0,-23.0,-3.0,-21.0,-3.0,-17.0,-2.0,-13.0,-2.0,-9.0,-2.0,-4.0,-3.0,1.0,-4.0,6.0,-5.0,10.0,-6.0,14.0,-7.0,19.0,-8.0,22.0,-9.0,24.0,-10.0,25.0,-11.0,25.0,-12.0,24.0,-12.0,22.0,-11.0,18.0,-11.0,15.0,-9.0,11.0,-6.0,8.0,-4.0,4.0,0.0,0.0,3.0
1.0612,122.0,-96.0,7.0,0.0,0.0,0.0,0.0,0.0,0.0,0.0,0.0,0.0,-17.0,4.0,-21.0,5.0,-24.0,6.0,-26.0,6.0,-28.0,7.0,-28.0,7.0,-27.0,6.0,-25.0,6.0,-23.0,5.0,-19.0,4.0,-14.0,3.0,-9.0,1.0,-4.0,-2.0,1.0,-4.0,5.0,-8.0,10.0,-11.0,14.0,-14.0,17.0,-17.0,19.0,-19.0,21.0,-21.0,21.0,-22.0,21.0,-22.0,19.0,-22.0,17.0,-20.0,14.0,-18.0,11.0,-15.0
1.0754,122.0,-96.0,7.0,0.0,0.0,0.0,0.0,0.0,0.0,0.0,0.0,0.0,14.0,-19.0,11.0,-16.0,8.0,-13.0,6.0,-8.0,4.0,-3.0,1.0,3.0,0.0,8.0,-2.0,15.0,-4.0,20.0,-5.0,24.0,-6.0,28.0,-5.0,31.0,-5.0,32.0,-5.0,33.0,-4.0,32.0,-3.0,29.0,-2.0,26.0,-2.0,21.0,-2.0,16.0,-2.0,11.0,-3.0,5.0,-4.0,-2.0,-6.0,-9.0,-8.0,-14.0,-11.0,-18.0,-14.0,-22.0
1.0878,122.0,-96.0,7.0,0.0,0.0,0.0,0.0,0.0,0.0,0.0,0.0,0.0,-18.0,-20.0,-18.0,-21.0,-18.0,-20.0,-17.0,-19.0,-16.0,-17.0,-13.0,-14.0,-10.0,-12.0,-6.0,-8.0,-2.0,-5.0,3.0,-2.0,7.0,1.0,12.0,3.0,17.0,5.0,21.0,7.0,25.0,9.0,27.0,10.0,29.0,9.0,29.0,9.0,28.0,8.0,26.0,7.0,23.0,5.0,19.0,4.0,14.0,4.0,9.0,3.0,3.0,3.0,-3.0,3.0
1.1027,122.0,-96.0,7.0,0.0,0.0,0.0,0.0,0.0,0.0,0.0,0.0,0.0,-6.0,25.0,-6.0,26.0,-6.0,26.0,-5.0,24.0,-5.0,22.0,-4.0,18.0,-4.0,14.0,-3.0,8.0,-3.0,3.0,-4.0,-2.0,-5.0,-8.0,-5.0,-13.0,-6.0,-18.0,-7.0,-23.0,-8.0,-27.0,-9.0,-29.0,-10.0,-29.0,-10.0,-30.0,-11.0,-29.0,-10.0,-26.0,-10.0,-22.0,-8.0,-19.0,-6.0,-14.0,-3.0,-10.0,0.0,-6.0,4.0,-1.0
1.1172,122.0,-96.0,7.0,0.0,0.0,0.0,0.0,0.0,0.0,0.0,0.0,0.0,-3.0,2.0,-4.0,-3.0,-3.0,-8.0,-3.0,-13.0,-3.0,-18.0,-3.0,-22.0,-4.0,-25.0,-4.0,-28.0,-6.0,-29.0,-6.0,-30.0,-7.0,-28.0,-7.0,-27.0,-6.0,-25.0,-5.0,-20.0,-3.0,-16.0,-2.0,-10.0,0.0,-5.0,4.0,0.0,7.0,5.0,10.0,9.0,14.0,13.0,17.0,14.0,20.0,17.0,21.0,17.0,23.0,17.0,23.0,17.0
1.1275,122.0,-96.0,7.0,0.0,0.0,0.0,0.0,0.0,0.0,0.0,0.0,0.0,-25.0,-7.0,-25.0,-8.0,-25.0,-9.0,-25.0,-9.0,-24.0,-10.0,-24.0,-10.0,-24.0,-10.0,-24.0,-11.0,-23.0,-12.0,-23.0,-11.0,-23.0,-12.0,-23.0,-12.0,-22.0,-12.0,-22.0,-12.0,-21.0,-12.0,-21.0,-12.0,-21.0,-12.0,-20.0,-12.0,-20.0,-12.0,-20.0,-11.0,-19.0,-11.0,-19.0,-10.0,-19.0,-10.0,-19.0,-10.0,-19.0,-9.0,-19.0,-9.0
1.137,122.0,-96.0,7.0,0.0,0.0,0.0,0.0,0.0,0.0,0.0,0.0,0.0,-3.0,25.0,-4.0,25.0,-5.0,25.0,-6.0,25.0,-6.0,25.0,-7.0,24.0,-7.0,24.0,-7.0,24.0,-8.0,24.0,-8.0,23.0,-9.0,23.0,-8.0,23.0,-9.0,22.0,-9.0,22.0,-10.0,21.0,-10.0,21.0,-10.0,20.0,-9.0,20.0,-9.0,20.0,-9.0,19.0,-9.0,19.0,-8.0,19.0,-8.0,19.0,-8.0,19.0,-8.0,19.0,-7.0,19.0
1.1537,122.0,-96.0,7.0,0.0,0.0,0.0,0.0,0.0,0.0,0.0,0.0,0.0,12.0,-19.0,9.0,-15.0,7.0,-12.0,5.0,-7.0,3.0,-2.0,1.0,4.0,0.0,10.0,-1.0,16.0,-2.0,21.0,-3.0,25.0,-4.0,29.0,-3.0,31.0,-3.0,33.0,-3.0,34.0,-1.0,32.0,0.0,29.0,0.0,26.0,0.0,21.0,-1.0,16.0,-2.0,10.0,-3.0,4.0,-5.0,-2.0,-7.0,-8.0,-9.0,-14.0,-12.0,-18.0,-15.0,-20.0
1.1652,122.0,-96.0,7.0,0.0,0.0,0.0,0.0,0.0,0.0,0.0,0.0,0.0,-29.0,-1.0,-30.0,-2.0,-30.0,-1.0,-28.0,-1.0,-25.0,-1.0,-21.0,-1.0,-17.0,-2.0,-10.0,-2.0,-5.0,-3.0,1.0,-5.0,7.0,-6.0,12.0,-8.0,17.0,-10.0,22.0,-12.0,27.0,-13.0,29.0,-14.0,30.0,-16.0,30.0,-16.0,28.0,-17.0,26.0,-16.0,22.0,-15.0,18.0,-12.0,14.0,-9.0,10.0,-5.0,5.0,-1.0,1.0,4.0
1.1781,122.0,-96.0,7.0,0.0,0.0,0.0,0.0,0.0,0.0,0.0,0.0,0.0,13.0,-10.0,16.0,-12.0,19.0,-14.0,21.0,-16.0,22.0,-17.0,23.0,-17.0,22.0,-17.0,21.0,-16.0,19.0,-15.0,16.0,-12.0,11.0,-9.0,8.0,-6.0,4.0,-1.0,0.0,3.0,-2.0,8.0,-6.0,12.0,-9.0,17.0,-10.0,21.0,-12.0,24.0,-13.0,26.0,-12.0,27.0,-12.0,28.0,-11.0,27.0,-9.0,24.0,-7.0,21.0,-6.0,17.0
1.1926,122.0,-96.0,7.0,0.0,0.0,0.0,0.0,0.0,0.0,0.0,0.0,0.0,-17.0,1.0,-21.0,2.0,-24.0,2.0,-26.0,2.0,-28.0,2.0,-29.0,3.0,-28.0,3.0,-26.0,3.0,-24.0,2.0,-20.0,2.0,-15.0,1.0,-10.0,0.0,-5.0,-2.0,1.0,-4.0,6.0,-6.0,11.0,-8.0,16.0,-11.0,19.0,-13.0,22.0,-15.0,23.0,-17.0,24.0,-18.0,24.0,-18.0,22.0,-18.0,20.0,-17.0,17.0,-15.0,13.0,-12.0
1.2074,122.0,-96.0,7.0,0.0,0.0,0.0,0.0,0.0,0.0,0.0,0.0,0.0,22.0,-12.0,23.0,-13.0,23.0,-13.0,21.0,-12.0,19.0,-10.0,15.0,-9.0,12.0,-6.0,7.0,-3.0,3.0,0.0,-1.0,4.0,-5.0,8.0,-8.0,11.0,-11.0,15.0,-14.0,18.0,-17.0,22.0,-18.0,24.0,-18.0,25.0,-17.0,25.0,-17.0,25.0,-15.0,23.0,-12.0,20.0,-10.0,16.0,-8.0,12.0,-7.0,7.0,-5.0,2.0,-4.0,-4.0
1.2157,122.0,-96.0,7.0,0.0,0.0,0.0,0.0,0.0,0.0,0.0,0.0,0.0,23.0,15.0,24.0,17.0,22.0,16.0,23.0,18.0,21.0,18.0,21.0,19.0,20.0,18.0,20.0,19.0,20.0,19.0,19.0,19.0,19.0,19.0,19.0,19.0,18.0,19.0,18.0,20.0,17.0,21.0,16.0,19.0,17.0,20.0,16.0,19.0,16.0,19.0,16.0,18.0,15.0,18.0,16.0,17.0,15.0,17.0,15.0,16.0,16.0,16.0,16.0,15.0
1.2263,122.0,-96.0,7.0,0.0,0.0,0.0,0.0,0.0,0.0,0.0,0.0,0.0,1.0,-22.0,1.0,-22.0,2.0,-22.0,3.0,-22.0,3.0,-22.0,4.0,-22.0,4.0,-22.0,5.0,-22.0,5.0,-22.0,5.0,-21.0,5.0,-21.0,5.0,-21.0,5.0,-20.0,6.0,-20.0,7.0,-20.0,6.0,-19.0,6.0,-19.0,7.0,-19.0,6.0,-19.0,6.0,-18.0,6.0,-18.0,5.0,-18.0,5.0,-18.0,5.0,-18.0,4.0,-17.0,4.0,-17.0
1.2401,122.0,-96.0,7.0,0.0,0.0,0.0,0.0,0.0,0.0,0.0,0.0,0.0,22.0,-13.0,23.0,-13.0,23.0,-13.0,21.0,-12.0,20.0,-11.0,16.0,-9.0,13.0,-7.0,8.0,-4.0,4.0,-1.0,0.0,3.0,-4.0,7.0,-7.0,11.0,-10.0,15.0,-13.0,19.0,-16.0,22.0,-17.0,24.0,-17.0,25.0,-17.0,26.0,-16.0,25.0,-15.0,23.0,-12.0,20.0,-10.0,17.0,-8.0,12.0,-7.0,8.0,-5.0,2.0,-3.0,-4.0
1.2533,122.0,-96.0,7.0,0.0,0.0,0.0,0.0,0.0,0.0,0.0,0.0,0.0,-2.0,18.0,-2.0,23.0,-3.0,26.0,-3.0,29.0,-3.0,30.0,-3.0,32.0,-3.0,30.0,-2.0,29.0,-3.0,26.0,-2.0,21.0,-2.0,16.0,-2.0,10.0,-3.0,4.0,-4.0,-2.0,-6.0,-9.0,-7.0,-14.0,-9.0,-20.0,-11.0,-24.0,-13.0,-28.0,-14.0,-30.0,-16.0,-31.0,-16.0,-31.0,-16.0,-28.0,-15.0,-26.0,-14.0,-22.0,-11.0,-18.0
1.2659,122.0,-96.0,7.0,0.0,0.0,0.0,0.0,0.0,0.0,0.0,0.0,0.0,25.0,-5.0,25.0,-5.0,25.0,-5.0,23.0,-5.0,21.0,-4.0,17.0,-4.0,13.0,-3.0,8.0,-1.0,3.0,1.0,-2.0,4.0,-6.0,6.0,-11.0,9.0,-15.0,12.0,-19.0,14.0,-22.0,16.0,-24.0,18.0,-24.0,19.0,-24.0,20.0,-22.0,19.0,-20.0,18.0,-17.0,16.0,-15.0,13.0,-11.0,10.0,-8.0,5.0,-5.0,1.0,-2.0,-4.0
1.2788,122.0,-96.0,7.0,0.0,0.0,0.0,0.0,0.0,0.0,0.0,0.0,0.0,-2.0,-4.0,4.0,-4.0,10.0,-4.0,16.0,-5.0,22.0,-6.0,27.0,-6.0,31.0,-7.0,35.0,-8.0,35.0,-10.0,35.0,-10.0,33.0,-11.0,31.0,-11.0,29.0,-10.0,23.0,-8.0,18.0,-6.0,11.0,-3.0,5.0,1.0,-1.0,5.0,-7.0,9.0,-12.0,13.0,-16.0,18.0,-18.0,22.0,-21.0,26.0,-21.0,28.0,-21.0,30.0,-20.0,30.0
1.2929,122.0,-96.0,7.0,0.0,0.0,0.0,0.0,0.0,0.0,0.0,0.0,0.0,17.0,-18.0,14.0,-15.0,10.0,-11.0,7.0,-7.0,3.0,-1.0,0.0,5.0,-2.0,11.0,-5.0,17.0,-7.0,23.0,-9.0,27.0,-10.0,31.0,-10.0,34.0,-10.0,36.0,-10.0,37.0,-9.0,36.0,-6.0,32.0,-6.0,29.0,-5.0,23.0,-5.0,18.0,-4.0,11.0,-4.0,4.0,-5.0,-3.0,-6.0,-11.0,-7.0,-17.0,-9.0,-22.0,-12.0,-26.0
1.3062,122.0,-96.0,7.0,0.0,0.0,0.0,0.0,0.0,0.0,0.0,0.0,0.0,0.0,-23.0,0.0,-19.0,0.0,-14.0,1.0,-9.0,2.0,-3.0,3.0,3.0,6.0,9.0,7.0,15.0,9.0,20.0,11.0,22.0,13.0,26.0,15.0,27.0,16.0,29.0,16.0,29.0,16.0,28.0,15.0,24.0,14.0,22.0,11.0,18.0,8.0,14.0,4.0,9.0,0.0,5.0,-5.0,0.0,-10.0,-3.0,-15.0,-7.0,-19.0,-8.0,-24.0,-10.0
1.314,122.0,-96.0,7.0,0.0,0.0,0.0,0.0,0.0,0.0,0.0,0.0,0.0,10.0,19.0,10.0,19.0,9.0,20.0,9.0,19.0,8.0,20.0,8.0,20.0,8.0,20.0,7.0,20.0,7.0,20.0,6.0,20.0,5.0,20.0,5.0,20.0,5.0,20.0,4.0,20.0,4.0,19.0,4.0,19.0,4.0,18.0,4.0,19.0,4.0,18.0,5.0,18.0,4.0,17.0,5.0,17.0,4.0,17.0,4.0,17.0,4.0,16.0,5.0,16.0
1.3287,122.0,-96.0,7.0,0.0,0.0,0.0,0.0,0.0,0.0,0.0,0.0,0.0,-4.0,-1.0,-1.0,-5.0,1.0,-10.0,3.0,-15.0,5.0,-20.0,6.0,-25.0,7.0,-28.0,8.0,-31.0,7.0,-32.0,7.0,-33.0,5.0,-31.0,5.0,-30.0,5.0,-27.0,3.0,-22.0,3.0,-17.0,2.0,-10.0,2.0,-4.0,4.0,2.0,5.0,8.0,6.0,14.0,8.0,19.0,10.0,22.0,12.0,27.0,14.0,27.0,15.0,28.0,16.0,28.0
1.341,122.0,-96.0,7.0,0.0,0.0,0.0,0.0,0.0,0.0,0.0,0.0,0.0,19.0,2.0,23.0,3.0,27.0,3.0,29.0,3.0,31.0,4.0,31.0,3.0,30.0,3.0,28.0,3.0,25.0,2.0,21.0,2.0,15.0,2.0,9.0,1.0,3.0,3.0,-3.0,3.0,-9.0,5.0,-15.0,6.0,-20.0,7.0,-25.0,10.0,-28.0,11.0,-30.0,12.0,-31.0,13.0,-31.0,14.0,-29.0,14.0,-26.0,13.0,-23.0,12.0,-18.0,9.0
1.3563,122.0,-96.0,7.0,0.0,0.0,0.0,0.0,0.0,0.0,0.0,0.0,0.0,-13.0,-10.0,-13.0,-11.0,-14.0,-10.0,-14.0,-11.0,-14.0,-12.0,-14.0,-12.0,-14.0,-12.0,-14.0,-12.0,-14.0,-12.0,-14.0,-13.0,-14.0,-13.0,-14.0,-13.0,-14.0,-13.0,-14.0,-14.0,-14.0,-14.0,-14.0,-13.0,-14.0,-13.0,-14.0,-14.0,-14.0,-14.0,-14.0,-13.0,-14.0,-14.0,-14.0,-13.0,-14.0,-14.0,-14.0,-14.0,-13.0,-13.0,-13.0,-13.0
1.3689,122.0,-96.0,7.0,0.0,0.0,0.0,0.0,0.0,0.0,0.0,0.0,0.0,-17.0,-16.0,-15.0,-13.0,-12.0,-11.0,-7.0,-8.0,-3.0,-5.0,3.0,-2.0,9.0,0.0,14.0,2.0,19.0,4.0,24.0,5.0,28.0,6.0,30.0,6.0,32.0,5.0,33.0,6.0,31.0,4.0,29.0,2.0,26.0,2.0,22.0,2.0,17.0,2.0,11.0,2.0,5.0,3.0,-2.0,3.0,-8.0,5.0,-15.0,7.0,-18.0,10.0,-22.0,12.0
1.3831,122.0,-96.0,7.0,0.0,0.0,0.0,0.0,0.0,0.0,0.0,0.0,0.0,-3.0,1.0,-4.0,-5.0,-5.0,-10.0,-6.0,-17.0,-7.0,-23.0,-9.0,-28.0,-10.0,-31.0,-11.0,-35.0,-13.0,-35.0,-13.0,-36.0,-14.0,-33.0,-13.0,-31.0,-12.0,-29.0,-10.0,-24.0,-7.0,-19.0,-5.0,-11.0,0.0,-6.0,5.0,-1.0,10.0,4.0,15.0,9.0,20.0,13.0,24.0,14.0,28.0,17.0,30.0,16.0,32.0,16.0,33.0,16.0
1.398,122.0,-96.0,7.0,0.0,0.0,0.0,0.0,0.0,0.0,0.0,0.0,0.0,22.0,3.0,19.0,2.0,14.0,1.0,10.0,2.0,4.0,2.0,-3.0,3.0,-8.0,4.0,-14.0,6.0,-19.0,7.0,-24.0,9.0,-28.0,10.0,-29.0,12.0,-30.0,13.0,-32.0,14.0,-30.0,14.0,-27.0,14.0,-24.0,12.0,-20.0,10.0,-16.0,8.0,-11.0,4.0,-6.0,0.0,-2.0,-5.0,3.0,-10.0,7.0,-15.0,8.0,-19.0,9.0,-23.0
1.4124,122.0,-96.0,7.0,0.0,0.0,0.0,0.0,0.0,0.0,0.0,0.0,0.0,16.0,18.0,13.0,14.0,10.0,11.0,5.0,8.0,0.0,4.0,-6.0,0.0,-12.0,-3.0,-18.0,-6.0,-24.0,-9.0,-28.0,-10.0,-32.0,-11.0,-34.0,-11.0,-36.0,-11.0,-38.0,-11.0,-36.0,-10.0,-32.0,-8.0,-29.0,-7.0,-24.0,-6.0,-19.0,-5.0,-12.0,-5.0,-5.0,-5.0,2.0,-5.0,9.0,-6.0,16.0,-7.0,21.0,-9.0,25.0,-11.0
1.4261,122.0,-96.0,7.0,0.0,0.0,0.0,0.0,0.0,0.0,0.0,0.0,0.0,14.0,-11.0,17.0,-14.0,19.0,-15.0,21.0,-17.0,22.0,-18.0,22.0,-18.0,22.0,-18.0,20.0,-16.0,18.0,-15.0,14.0,-12.0,11.0,-9.0,7.0,-5.0,4.0,-1.0,0.0,4.0,-3.0,9.0,-6.0,12.0,-9.0,17.0,-10.0,21.0,-12.0,24.0,-12.0,26.0,-12.0,28.0,-12.0,28.0,-10.0,26.0,-9.0,24.0,-7.0,21.0,-6.0,17.0
1.4394,122.0,-96.0,7.0,0.0,0.0,0.0,0.0,0.0,0.0,0.0,0.0,0.0,-3.0,-3.0,3.0,-5.0,9.0,-7.0,14.0,-10.0,19.0,-12.0,25.0,-15.0,27.0,-17.0,31.0,-19.0,30.0,-20.0,31.0,-21.0,28.0,-21.0,27.0,-20.0,24.0,-18.0,20.0,-15.0,16.0,-11.0,9.0,-6.0,5.0,-1.0,1.0,5.0,-3.0,10.0,-6.0,16.0,-9.0,23.0,-10.0,26.0,-12.0,31.0,-10.0,33.0,-10.0,35.0,-9.0,35.0
1.452,122.0,-96.0,7.0,0.0,0.0,0.0,0.0,0.0,0.0,0.0,0.0,0.0,-4.0,-2.0,0.0,-6.0,4.0,-9.0,8.0,-13.0,12.0,-17.0,15.0,-21.0,16.0,-23.0,19.0,-26.0,18.0,-27.0,18.0,-28.0,16.0,-27.0,15.0,-26.0,14.0,-23.0,11.0,-19.0,9.0,-15.0,5.0,-9.0,3.0,-3.0,3.0,3.0,1.0,9.0,1.0,15.0,1.0,21.0,2.0,24.0,2.0,29.0,4.0,30.0,4.0,31.0,5.0,31.0
1.4626,122.0,-96.0,7.0,0.0,0.0,0.0,0.0,0.0,0.0,0.0,0.0,0.0,-22.0,-1.0,-23.0,-1.0,-22.0,-1.0,-23.0,-2.0,-22.0,-3.0,-22.0,-4.0,-22.0,-4.0,-22.0,-4.0,-22.0,-5.0,-21.0,-5.0,-21.0,-5.0,-20.0,-5.0,-21.0,-5.0,-20.0,-6.0,-20.0,-6.0,-20.0,-5.0,-20.0,-5.0,-19.0,-6.0,-19.0,-6.0,-19.0,-5.0,-19.0,-5.0,-18.0,-5.0,-18.0,-5.0,-18.0,-4.0,-18.0,-4.0,-18.0,-3.0
1.4783,122.0,-96.0,7.0,0.0,0.0,0.0,0.0,0.0,0.0,0.0,0.0,0.0,-19.0,-1.0,-24.0,-1.0,-27.0,-1.0,-30.0,-1.0,-32.0,-1.0,-32.0,-1.0,-32.0,0.0,-30.0,0.0,-27.0,-1.0,-22.0,-1.0,-17.0,-1.0,-11.0,-2.0,-6.0,-3.0,1.0,-4.0,7.0,-6.0,13.0,-8.0,18.0,-10.0,22.0,-12.0,26.0,-14.0,28.0,-16.0,29.0,-18.0,28.0,-18.0,27.0,-18.0,24.0,-16.0,20.0,-15.0,16.0,-12.0
1.4918,122.0,-96.0,7.0,0.0,0.0,0.0,0.0,0.0,0.0,0.0,0.0,0.0,-25.0,-4.0,-21.0,-3.0,-16.0,-3.0,-10.0,-3.0,-3.0,-4.0,4.0,-4.0,10.0,-6.0,16.0,-7.0,22.0,-9.0,27.0,-11.0,31.0,-12.0,33.0,-14.0,34.0,-15.0,35.0,-16.0,33.0,-16.0,29.0,-15.0,26.0,-14.0,21.0,-11.0,17.0,-9.0,11.0,-5.0,6.0,0.0,0.0,4.0,-5.0,10.0,-9.0,15.0,-11.0,20.0,-13.0,25.0
1.5067,122.0,-96.0,7.0,0.0,0.0,0.0,0.0,0.0,0.0,0.0,0.0,0.0,8.0,21.0,9.0,22.0,9.0,22.0,8.0,20.0,7.0,18.0,6.0,14.0,4.0,11.0,1.0,7.0,-1.0,3.0,-4.0,-1.0,-8.0,-4.0,-11.0,-8.0,-14.0,-11.0,-17.0,-14.0,-19.0,-16.0,-21.0,-17.0,-22.0,-17.0,-23.0,-17.0,-22.0,-16.0,-21.0,-15.0,-18.0,-12.0,-15.0,-10.0,-11.0,-8.0,-7.0,-7.0,-3.0,-5.0,2.0,-3.0
1.5182,122.0,-96.0,7.0,0.0,0.0,0.0,0.0,0.0,0.0,0.0,0.0,0.0,-16.0,-15.0,-13.0,-12.0,-11.0,-10.0,-7.0,-8.0,-2.0,-5.0,2.0,-2.0,8.0,0.0,12.0,3.0,17.0,4.0,21.0,5.0,25.0,7.0,27.0,6.0,28.0,6.0,29.0,6.0,28.0,5.0,26.0,3.0,23.0,3.0,19.0,3.0,15.0,3.0,9.0,2.0,4.0,3.0,-2.0,3.0,-8.0,4.0,-13.0,5.0,-17.0,7.0,-20.0,10.0
1.5318,122.0,-96.0,7.0,0.0,0.0,0.0,0.0,0.0,0.0,0.0,0.0,0.0,-4.0,2.0,-5.0,-4.0,-7.0,-11.0,-9.0,-18.0,-11.0,-24.0,-14.0,-30.0,-16.0,-33.0,-19.0,-37.0,-21.0,-37.0,-20.0,-38.0,-20.0,-35.0,-19.0,-33.0,-18.0,-31.0,-15.0,-26.0,-11.0,-20.0,-7.0,-12.0,-1.0,-7.0,5.0,-2.0,11.0,3.0,18.0,7.0,25.0,10.0,29.0,10.0,34.0,13.0,37.0,13.0,39.0,12.0,39.0,11.0
1.5406,122.0,-96.0,7.0,0.0,0.0,0.0,0.0,0.0,0.0,0.0,0.0,0.0,17.0,17.0,17.0,18.0,16.0,19.0,15.0,20.0,14.0,19.0,14.0,20.0,14.0,20.0,13.0,20.0,12.0,20.0,13.0,20.0,12.0,20.0,13.0,20.0,12.0,20.0,11.0,19.0,11.0,20.0,10.0,19.0,10.0,20.0,10.0,18.0,10.0,19.0,10.0,18.0,10.0,18.0,10.0,17.0,10.0,17.0,10.0,17.0,11.0,16.0,10.0,15.0
1.5537,122.0,-96.0,7.0,0.0,0.0,0.0,0.0,0.0,0.0,0.0,0.0,0.0,-9.0,-19.0,-8.0,-16.0,-6.0,-13.0,-4.0,-9.0,0.0,-5.0,3.0,0.0,7.0,3.0,10.0,7.0,14.0,11.0,17.0,13.0,20.0,16.0,22.0,17.0,24.0,17.0,25.0,17.0,24.0,16.0,22.0,13.0,20.0,12.0,16.0,10.0,13.0,8.0,8.0,6.0,2.0,4.0,-3.0,2.0,-9.0,1.0,-14.0,0.0,-19.0,1.0,-22.0,2.0
1.5629,122.0,-96.0,7.0,0.0,0.0,0.0,0.0,0.0,0.0,0.0,0.0,0.0,-27.0,8.0,-28.0,7.0,-28.0,7.0,-28.0,6.0,-28.0,5.0,-29.0,4.0,-28.0,4.0,-29.0,3.0,-28.0,3.0,-28.0,2.0,-27.0,2.0,-28.0,2.0,-27.0,2.0,-27.0,1.0,-27.0,0.0,-26.0,1.0,-26.0,0.0,-25.0,0.0,-25.0,0.0,-24.0,0.0,-24.0,0.0,-24.0,1.0,-24.0,1.0,-23.0,1.0,-23.0,2.0,-22.0,2.0
1.5778,122.0,-96.0,7.0,0.0,0.0,0.0,0.0,0.0,0.0,0.0,0.0,0.0,-1.0,3.0,-5.0,-1.0,-9.0,-5.0,-13.0,-8.0,-17.0,-12.0,-21.0,-15.0,-24.0,-16.0,-27.0,-18.0,-28.0,-17.0,-29.0,-17.0,-28.0,-15.0,-27.0,-14.0,-24.0,-13.0,-20.0,-10.0,-15.0,-9.0,-10.0,-6.0,-3.0,-4.0,3.0,-4.0,9.0,-3.0,15.0,-3.0,21.0,-4.0,24.0,-5.0,29.0,-5.0,30.0,-7.0,31.0,-8.0,31.0,-9.0
1.5868,122.0,-96.0,7.0,0.0,0.0,0.0,0.0,0.0,0.0,0.0,0.0,0.0,14.0,10.0,14.0,11.0,13.0,11.0,14.0,11.0,13.0,11.0,12.0,12.0,12.0,12.0,12.0,12.0,11.0,12.0,11.0,12.0,11.0,12.0,11.0,12.0,11.0,12.0,10.0,12.0,10.0,13.0,9.0,12.0,10.0,12.0,9.0,12.0,9.0,12.0,9.0,11.0,9.0,11.0,9.0,11.0,9.0,10.0,9.0,10.0,10.0,10.0,10.0,9.0
1.6012,122.0,-96.0,7.0,0.0,0.0,0.0,0.0,0.0,0.0,0.0,0.0,0.0,-11.0,-16.0,-13.0,-20.0,-15.0,-22.0,-17.0,-25.0,-18.0,-26.0,-19.0,-27.0,-18.0,-26.0,-17.0,-24.0,-15.0,-23.0,-13.0,-18.0,-10.0,-14.0,-7.0,-10.0,-2.0,-6.0,3.0,-2.0,9.0,2.0,13.0,6.0,19.0,9.0,23.0,10.0,26.0,12.0,29.0,13.0,31.0,13.0,31.0,12.0,29.0,10.0,27.0,9.0,24.0,7.0,19.0,6.0
1.6152,122.0,-96.0,7.0,0.0,0.0,0.0,0.0,0.0,0.0,0.0,0.0,0.0,-21.0,2.0,-26.0,2.0,-30.0,3.0,-34.0,4.0,-35.0,4.0,-36.0,5.0,-35.0,5.0,-33.0,4.0,-30.0,4.0,-25.0,3.0,-19.0,2.0,-13.0,1.0,-7.0,-2.0,0.0,-5.0,6.0,-9.0,13.0,-11.0,19.0,-15.0,23.0,-18.0,26.0,-21.0,28.0,-23.0,28.0,-25.0,28.0,-26.0,26.0,-25.0,23.0,-24.0,20.0,-21.0,16.0,-17.0
1.6291,122.0,-96.0,7.0,0.0,0.0,0.0,0.0,0.0,0.0,0.0,0.0,0.0,8.0,-25.0,8.0,-25.0,8.0,-26.0,7.0,-24.0,7.0,-21.0,5.0,-17.0,5.0,-14.0,3.0,-8.0,3.0,-3.0,2.0,2.0,3.0,8.0,3.0,13.0,3.0,18.0,4.0,22.0,4.0,26.0,5.0,29.0,6.0,29.0,6.0,30.0,7.0,28.0,7.0,26.0,7.0,22.0,5.0,18.0,3.0,14.0,1.0,9.0,-2.0,4.0,-5.0,0.0
1.6421,122.0,-96.0,7.0,0.0,0.0,0.0,0.0,0.0,0.0,0.0,0.0,0.0,-17.0,-24.0,-17.0,-24.0,-17.0,-25.0,-16.0,-23.0,-15.0,-21.0,-13.0,-17.0,-10.0,-14.0,-5.0,-10.0,-1.0,-6.0,3.0,-2.0,8.0,1.0,13.0,5.0,18.0,7.0,22.0,10.0,26.0,13.0,29.0,14.0,30.0,13.0,31.0,13.0,29.0,12.0,28.0,11.0,24.0,9.0,20.0,7.0,15.0,6.0,9.0,5.0,3.0,4.0,-3.0,3.0
1.6502,122.0,-96.0,7.0,0.0,0.0,0.0,0.0,0.0,0.0,0.0,0.0,0.0,3.0,21.0,2.0,21.0,2.0,22.0,1.0,22.0,0.0,22.0,0.0,22.0,0.0,22.0,-1.0,22.0,-1.0,21.0,-2.0,21.0,-2.0,21.0,-2.0,21.0,-2.0,20.0,-3.0,20.0,-3.0,20.0,-3.0,20.0,-3.0,19.0,-3.0,19.0,-3.0,18.0,-3.0,18.0,-2.0,18.0,-2.0,18.0,-2.0,18.0,-2.0,17.0,-2.0,17.0,-1.0,17.0
1.6634,122.0,-96.0,7.0,0.0,0.0,0.0,0.0,0.0,0.0,0.0,0.0,0.0,21.0,14.0,21.0,15.0,21.0,14.0,20.0,13.0,17.0,12.0,14.0,10.0,11.0,8.0,6.0,5.0,1.0,3.0,-4.0,2.0,-10.0,0.0,-14.0,-1.0,-19.0,-2.0,-24.0,-3.0,-27.0,-4.0,-30.0,-4.0,-31.0,-3.0,-31.0,-3.0,-30.0,-2.0,-28.0,-2.0,-24.0,-1.0,-20.0,-1.0,-15.0,-1.0,-11.0,-2.0,-5.0,-3.0,1.0,-5.0
1.6806,122.0,-96.0,7.0,0.0,0.0,0.0,0.0,0.0,0.0,0.0,0.0,0.0,7.0,-22.0,7.0,-23.0,7.0,-23.0,6.0,-22.0,6.0,-20.0,5.0,-17.0,4.0,-13.0,3.0,-8.0,3.0,-4.0,2.0,1.0,2.0,6.0,3.0,11.0,3.0,15.0,3.0,20.0,4.0,24.0,4.0,26.0,5.0,26.0,6.0,26.0,6.0,25.0,6.0,23.0,6.0,20.0,5.0,17.0,3.0,13.0,1.0,9.0,-1.0,4.0,-4.0,0.0
1.6915,122.0,-96.0,7.0,0.0,0.0,0.0,0.0,0.0,0.0,0.0,0.0,0.0,15.0,-9.0,18.0,-11.0,21.0,-12.0,23.0,-13.0,24.0,-14.0,24.0,-15.0,23.0,-14.0,22.0,-14.0,20.0,-12.0,16.0,-10.0,12.0,-7.0,8.0,-4.0,4.0,0.0,-1.0,4.0,-4.0,8.0,-8.0,12.0,-11.0,16.0,-13.0,20.0,-15.0,22.0,-15.0,25.0,-15.0,26.0,-15.0,26.0,-14.0,25.0,-12.0,23.0,-10.0,20.0,-8.0,16.0
1.7059,122.0,-96.0,7.0,0.0,0.0,0.0,0.0,0.0,0.0,0.0,0.0,0.0,-1.0,-26.0,-1.0,-27.0,0.0,-27.0,-1.0,-25.0,-1.0,-23.0,-1.0,-19.0,0.0,-14.0,1.0,-9.0,2.0,-4.0,4.0,1.0,6.0,6.0,7.0,11.0,9.0,16.0,11.0,20.0,12.0,23.0,13.0,26.0,15.0,26.0,15.0,26.0,15.0,25.0,15.0,22.0,13.0,19.0,11.0,16.0,8.0,12.0,4.0,8.0,0.0,4.0,-5.0,1.0
1.719,122.0,-96.0,7.0,0.0,0.0,0.0,0.0,0.0,0.0,0.0,0.0,0.0,12.0,13.0,15.0,16.0,18.0,19.0,20.0,21.0,21.0,22.0,22.0,22.0,22.0,21.0,20.0,20.0,18.0,18.0,15.0,15.0,11.0,11.0,7.0,8.0,1.0,5.0,-4.0,1.0,-10.0,-1.0,-15.0,-4.0,-21.0,-6.0,-26.0,-7.0,-29.0,-8.0,-32.0,-8.0,-33.0,-8.0,-34.0,-7.0,-32.0,-6.0,-29.0,-4.0,-26.0,-4.0,-21.0,-3.0
1.7276,122.0,-96.0,7.0,0.0,0.0,0.0,0.0,0.0,0.0,0.0,0.0,0.0,-19.0,7.0,-19.0,7.0,-20.0,6.0,-20.0,6.0,-20.0,5.0,-20.0,4.0,-19.0,5.0,-20.0,4.0,-19.0,3.0,-19.0,3.0,-20.0,3.0,-20.0,3.0,-19.0,2.0,-19.0,2.0,-19.0,2.0,-18.0,2.0,-18.0,2.0,-18.0,1.0,-18.0,1.0,-17.0,2.0,-17.0,2.0,-17.0,2.0,-16.0,2.0,-16.0,2.0,-16.0,2.0,-16.0,3.0
1.7376,122.0,-96.0,7.0,0.0,0.0,0.0,0.0,0.0,0.0,0.0,0.0,0.0,-15.0,16.0,-16.0,16.0,-16.0,15.0,-17.0,15.0,-17.0,14.0,-18.0,14.0,-17.0,13.0,-18.0,13.0,-18.0,12.0,-17.0,12.0,-18.0,12.0,-17.0,12.0,-17.0,11.0,-18.0,11.0,-18.0,10.0,-17.0,10.0,-18.0,10.0,-17.0,9.0,-17.0,9.0,-16.0,9.0,-16.0,9.0,-16.0,9.0,-15.0,9.0,-15.0,10.0,-15.0,10.0,-14.0,10.0
1.7501,122.0,-96.0,7.0,0.0,0.0,0.0,0.0,0.0,0.0,0.0,0.0,0.0,-1.0,-27.0,-1.0,-22.0,-1.0,-18.0,0.0,-12.0,2.0,-6.0,3.0,1.0,6.0,7.0,9.0,13.0,12.0,19.0,15.0,24.0,16.0,27.0,19.0,29.0,20.0,30.0,22.0,31.0,21.0,29.0,21.0,26.0,18.0,23.0,15.0,19.0,11.0,15.0,7.0,10.0,1.0,6.0,-5.0,2.0,-12.0,-2.0,-18.0,-5.0,-23.0,-6.0,-27.0,-7.0
1.7626,122.0,-96.0,7.0,0.0,0.0,0.0,0.0,0.0,0.0,0.0,0.0,0.0,3.0,0.0,0.0,5.0,-3.0,9.0,-6.0,14.0,-8.0,18.0,-10.0,23.0,-10.0,26.0,-12.0,29.0,-11.0,30.0,-11.0,31.0,-10.0,29.0,-9.0,28.0,-9.0,25.0,-7.0,21.0,-6.0,16.0,-4.0,10.0,-4.0,3.0,-5.0,-3.0,-5.0,-10.0,-6.0,-15.0,-8.0,-21.0,-9.0,-24.0,-11.0,-28.0,-13.0,-29.0,-14.0,-30.0,-15.0,-29.0
1.7723,122.0,-96.0,7.0,0.0,0.0,0.0,0.0,0.0,0.0,0.0,0.0,0.0,16.0,-12.0,16.0,-11.0,16.0,-11.0,16.0,-11.0,17.0,-10.0,17.0,-10.0,17.0,-9.0,17.0,-9.0,17.0,-9.0,17.0,-8.0,17.0,-8.0,17.0,-8.0,16.0,-7.0,17.0,-7.0,16.0,-7.0,16.0,-7.0,16.0,-7.0,16.0,-7.0,16.0,-6.0,15.0,-7.0,15.0,-7.0,14.0,-7.0,14.0,-7.0,14.0,-7.0,14.0,-7.0,13.0,-7.0
1.786,122.0,-96.0,7.0,0.0,0.0,0.0,0.0,0.0,0.0,0.0,0.0,0.0,14.0,9.0,17.0,11.0,20.0,13.0,21.0,14.0,24.0,15.0,23.0,14.0,23.0,14.0,22.0,13.0,20.0,12.0,16.0,9.0,11.0,7.0,6.0,5.0,1.0,4.0,-4.0,2.0,-10.0,1.0,-15.0,-1.0,-19.0,-1.0,-25.0,-1.0,-27.0,-1.0,-30.0,-1.0,-31.0,0.0,-31.0,1.0,-30.0,1.0,-27.0,2.0,-23.0,2.0,-19.0,1.0
1.7998,122.0,-96.0,7.0,0.0,0.0,0.0,0.0,0.0,0.0,0.0,0.0,0.0,10.0,26.0,10.0,27.0,10.0,27.0,9.0,25.0,8.0,23.0,7.0,19.0,5.0,15.0,2.0,10.0,-1.0,5.0,-5.0,0.0,-9.0,-5.0,-12.0,-9.0,-16.0,-13.0,-20.0,-17.0,-22.0,-20.0,-25.0,-22.0,-26.0,-21.0,-27.0,-22.0,-27.0,-21.0,-25.0,-19.0,-22.0,-16.0,-18.0,-13.0,-14.0,-10.0,-9.0,-8.0,-3.0,-5.0,3.0,-4.0
1.8136,122.0,-96.0,7.0,0.0,0.0,0.0,0.0,0.0,0.0,0.0,0.0,0.0,-17.0,-2.0,-21.0,-3.0,-24.0,-3.0,-27.0,-4.0,-28.0,-3.0,-29.0,-4.0,-28.0,-3.0,-27.0,-3.0,-24.0,-3.0,-20.0,-3.0,-15.0,-2.0,-10.0,-2.0,-5.0,-3.0,1.0,-4.0,7.0,-6.0,12.0,-6.0,17.0,-8.0,21.0,-10.0,24.0,-11.0,26.0,-13.0,27.0,-14.0,27.0,-14.0,25.0,-14.0,22.0,-14.0,19.0,-12.0,15.0,-10.0
1.8267,122.0,-96.0,7.0,0.0,0.0,0.0,0.0,0.0,0.0,0.0,0.0,0.0,-17.0,15.0,-15.0,13.0,-12.0,10.0,-8.0,6.0,-6.0,1.0,-2.0,-5.0,0.0,-9.0,3.0,-15.0,6.0,-20.0,6.0,-24.0,7.0,-29.0,7.0,-31.0,7.0,-33.0,7.0,-34.0,6.0,-33.0,4.0,-29.0,3.0,-27.0,3.0,-22.0,3.0,-18.0,3.0,-11.0,3.0,-5.0,4.0,2.0,5.0,8.0,7.0,13.0,9.0,17.0,12.0,21.0
1.8394,122.0,-96.0,7.0,0.0,0.0,0.0,0.0,0.0,0.0,0.0,0.0,0.0,5.0,16.0,5.0,20.0,6.0,23.0,6.0,26.0,7.0,26.0,7.0,27.0,7.0,26.0,6.0,24.0,5.0,22.0,4.0,18.0,3.0,13.0,1.0,9.0,-2.0,4.0,-5.0,-1.0,-8.0,-6.0,-11.0,-10.0,-14.0,-15.0,-17.0,-17.0,-20.0,-20.0,-21.0,-21.0,-22.0,-22.0,-23.0,-22.0,-22.0,-19.0,-20.0,-17.0,-18.0,-14.0,-15.0,-12.0
1.8529,122.0,-96.0,7.0,0.0,0.0,0.0,0.0,0.0,0.0,0.0,0.0,0.0,-12.0,-24.0,-11.0,-24.0,-12.0,-24.0,-11.0,-22.0,-10.0,-20.0,-8.0,-16.0,-6.0,-13.0,-3.0,-9.0,1.0,-5.0,4.0,0.0,8.0,3.0,11.0,7.0,15.0,10.0,19.0,13.0,21.0,15.0,24.0,17.0,25.0,16.0,25.0,16.0,24.0,14.0,23.0,13.0,20.0,11.0,16.0,9.0,12.0,7.0,8.0,5.0,2.0,4.0,-4.0,3.0
1.8652,122.0,-96.0,7.0,0.0,0.0,0.0,0.0,0.0,0.0,0.0,0.0,0.0,-15.0,-18.0,-13.0,-15.0,-10.0,-12.0,-6.0,-9.0,-2.0,-5.0,4.0,-1.0,9.0,1.0,14.0,4.0,18.0,7.0,23.0,8.0,26.0,10.0,29.0,10.0,30.0,10.0,31.0,10.0,31.0,9.0,27.0,7.0,25.0,6.0,20.0,5.0,16.0,4.0,10.0,3.0,4.0,3.0,-3.0,3.0,-9.0,4.0,-15.0,5.0,-20.0,7.0,-23.0,9.0
1.8787,122.0,-96.0,7.0,0.0,0.0,0.0,0.0,0.0,0.0,0.0,0.0,0.0,1.0,-4.0,4.0,0.0,5.0,5.0,8.0,10.0,11.0,15.0,14.0,19.0,16.0,21.0,18.0,24.0,20.0,24.0,20.0,25.0,20.0,23.0,19.0,22.0,18.0,20.0,15.0,16.0,11.0,13.0,7.0,8.0,1.0,4.0,-5.0,1.0,-10.0,-1.0,-15.0,-4.0,-21.0,-5.0,-25.0,-5.0,-29.0,-7.0,-31.0,-5.0,-32.0,-5.0,-32.0,-4.0
1.8914,122.0,-96.0,7.0,0.0,0.0,0.0,0.0,0.0,0.0,0.0,0.0,0.0,-1.0,-25.0,-1.0,-21.0,-1.0,-16.0,1.0,-11.0,2.0,-4.0,4.0,3.0,6.0,9.0,9.0,15.0,11.0,21.0,13.0,24.0,16.0,29.0,17.0,30.0,19.0,31.0,19.0,32.0,20.0,31.0,18.0,26.0,16.0,24.0,13.0,19.0,10.0,15.0,5.0,10.0,0.0,6.0,-5.0,1.0,-11.0,-4.0,-17.0,-7.0,-22.0,-9.0,-27.0,-10.0
1.9039,122.0,-96.0,7.0,0.0,0.0,0.0,0.0,0.0,0.0,0.0,0.0,0.0,-3.0,-5.0,3.0,-4.0,10.0,-3.0,17.0,-2.0,24.0,-2.0,30.0,-2.0,35.0,-3.0,39.0,-3.0,40.0,-5.0,41.0,-5.0,39.0,-6.0,37.0,-5.0,34.0,-5.0,28.0,-5.0,21.0,-3.0,13.0,-2.0,6.0,1.0,-1.0,5.0,-8.0,8.0,-14.0,13.0,-20.0,18.0,-22.0,21.0,-27.0,25.0,-27.0,28.0,-28.0,30.0,-27.0,30.0
1.9194,122.0,-96.0,7.0,0.0,0.0,0.0,0.0,0.0,0.0,0.0,0.0,0.0,3.0,3.0,-3.0,3.0,-9.0,3.0,-15.0,4.0,-21.0,5.0,-27.0,6.0,-31.0,7.0,-35.0,8.0,-35.0,10.0,-36.0,10.0,-34.0,11.0,-32.0,10.0,-30.0,9.0,-25.0,8.0,-19.0,5.0,-12.0,3.0,-7.0,-1.0,-1.0,-5.0,5.0,-10.0,9.0,-14.0,14.0,-20.0,15.0,-23.0,19.0,-27.0,19.0,-29.0,19.0,-31.0,18.0,-32.0
1.9325,122.0,-96.0,7.0,0.0,0.0,0.0,0.0,0.0,0.0,0.0,0.0,0.0,-1.0,-23.0,0.0,-24.0,0.0,-24.0,-1.0,-23.0,0.0,-21.0,-1.0,-17.0,0.0,-14.0,0.0,-9.0,1.0,-4.0,2.0,0.0,4.0,5.0,5.0,10.0,6.0,14.0,8.0,18.0,9.0,21.0,10.0,23.0,11.0,23.0,11.0,24.0,12.0,23.0,11.0,21.0,10.0,17.0,8.0,14.0,6.0,11.0,3.0,8.0,0.0,4.0,-4.0,0.0
1.9474,122.0,-96.0,7.0,0.0,0.0,0.0,0.0,0.0,0.0,0.0,0.0,0.0,-25.0,7.0,-26.0,7.0,-26.0,7.0,-24.0,7.0,-22.0,6.0,-18.0,5.0,-15.0,3.0,-10.0,1.0,-5.0,-1.0,0.0,-4.0,4.0,-7.0,8.0,-9.0,12.0,-12.0,16.0,-15.0,20.0,-17.0,22.0,-18.0,22.0,-20.0,22.0,-20.0,21.0,-20.0,19.0,-19.0,16.0,-17.0,13.0,-14.0,10.0,-10.0,7.0,-7.0,4.0,-2.0,1.0,3.0
1.9596,122.0,-96.0,7.0,0.0,0.0,0.0,0.0,0.0,0.0,0.0,0.0,0.0,-18.0,-18.0,-15.0,-15.0,-11.0,-11.0,-6.0,-9.0,-1.0,-5.0,5.0,-1.0,11.0,2.0,17.0,4.0,22.0,7.0,27.0,8.0,31.0,10.0,33.0,9.0,36.0,9.0,36.0,10.0,35.0,8.0,32.0,6.0,28.0,6.0,23.0,5.0,18.0,4.0,11.0,3.0,4.0,4.0,-3.0,3.0,-10.0,4.0,-17.0,6.0,-22.0,8.0,-26.0,10.0
1.9743,122.0,-96.0,7.0,0.0,0.0,0.0,0.0,0.0,0.0,0.0,0.0,0.0,1.0,2.0,-4.0,2.0,-10.0,2.0,-15.0,2.0,-21.0,3.0,-25.0,3.0,-28.0,5.0,-32.0,5.0,-32.0,6.0,-32.0,6.0,-30.0,7.0,-29.0,7.0,-26.0,6.0,-22.0,5.0,-17.0,3.0,-11.0,2.0,-5.0,-1.0,0.0,-5.0,5.0,-8.0,10.0,-12.0,14.0,-17.0,15.0,-20.0,19.0,-23.0,18.0,-24.0,19.0,-26.0,18.0,-27.0
1.9881,122.0,-96.0,7.0,0.0,0.0,0.0,0.0,0.0,0.0,0.0,0.0,0.0,4.0,25.0,4.0,25.0,4.0,25.0,4.0,23.0,3.0,21.0,3.0,17.0,1.0,13.0,0.0,7.0,-2.0,3.0,-5.0,-2.0,-7.0,-6.0,-9.0,-11.0,-12.0,-15.0,-14.0,-19.0,-16.0,-23.0,-17.0,-24.0,-18.0,-24.0,-19.0,-25.0,-18.0,-23.0,-18.0,-21.0,-16.0,-18.0,-13.0,-15.0,-10.0,-12.0,-6.0,-9.0,-1.0,-5.0,3.0,-2.0
2.0019,122.0,-96.0,7.0,0.0,0.0,0.0,0.0,0.0,0.0,0.0,0.0,0.0,-15.0,-7.0,-19.0,-9.0,-22.0,-10.0,-24.0,-11.0,-26.0,-12.0,-26.0,-12.0,-26.0,-12.0,-24.0,-11.0,-22.0,-10.0,-18.0,-9.0,-14.0,-7.0,-9.0,-5.0,-4.0,-4.0,2.0,-3.0,8.0,-3.0,13.0,-1.0,18.0,-1.0,22.0,-2.0,26.0,-2.0,28.0,-2.0,29.0,-3.0,29.0,-4.0,28.0,-4.0,25.0,-4.0,21.0,-4.0,18.0,-4.0
2.0153,122.0,-96.0,7.0,0.0,0.0,0.0,0.0,0.0,0.0,0.0,0.0,0.0,17.0,-5.0,20.0,-5.0,23.0,-6.0,25.0,-6.0,27.0,-7.0,27.0,-7.0,26.0,-6.0,24.0,-6.0,22.0,-5.0,18.0,-4.0,13.0,-4.0,8.0,-2.0,3.0,1.0,-2.0,3.0,-7.0,6.0,-11.0,9.0,-15.0,12.0,-18.0,15.0,-21.0,16.0,-23.0,18.0,-23.0,19.0,-23.0,19.0,-21.0,19.0,-19.0,18.0,-16.0,16.0,-13.0,12.0
2.0301,122.0,-96.0,7.0,0.0,0.0,0.0,0.0,0.0,0.0,0.0,0.0,0.0,20.0,10.0,20.0,10.0,20.0,10.0,19.0,9.0,16.0,9.0,13.0,7.0,10.0,6.0,5.0,3.0,1.0,3.0,-4.0,1.0,-9.0,0.0,-13.0,0.0,-17.0,-1.0,-21.0,-2.0,-25.0,-2.0,-27.0,-2.0,-27.0,-1.0,-28.0,-1.0,-27.0,-1.0,-24.0,0.0,-21.0,1.0,-18.0,0.0,-13.0,0.0,-9.0,-1.0,-4.0,-2.0,1.0,-4.0
2.0451,122.0,-96.0,7.0,0.0,0.0,0.0,0.0,0.0,0.0,0.0,0.0,0.0,1.0,2.0,-4.0,3.0,-10.0,2.0,-15.0,3.0,-20.0,4.0,-25.0,5.0,-28.0,6.0,-31.0,6.0,-31.0,7.0,-32.0,8.0,-30.0,8.0,-29.0,8.0,-26.0,6.0,-21.0,6.0,-16.0,3.0,-11.0,2.0,-5.0,-1.0,0.0,-5.0,5.0,-9.0,10.0,-13.0,14.0,-16.0,15.0,-19.0,19.0,-22.0,19.0,-25.0,19.0,-26.0,18.0,-26.0
2.0556,122.0,-96.0,7.0,0.0,0.0,0.0,0.0,0.0,0.0,0.0,0.0,0.0,-12.0,-18.0,-12.0,-19.0,-11.0,-19.0,-11.0,-20.0,-10.0,-19.0,-10.0,-20.0,-9.0,-19.0,-9.0,-20.0,-8.0,-20.0,-8.0,-20.0,-8.0,-20.0,-8.0,-20.0,-7.0,-20.0,-7.0,-20.0,-7.0,-20.0,-7.0,-19.0,-6.0,-19.0,-6.0,-19.0,-6.0,-19.0,-6.0,-18.0,-6.0,-18.0,-6.0,-17.0,-6.0,-17.0,-7.0,-17.0,-7.0,-16.0,-7.0,-16.0
2.0697,122.0,-96.0,7.0,0.0,0.0,0.0,0.0,0.0,0.0,0.0,0.0,0.0,-13.0,14.0,-16.0,18.0,-18.0,20.0,-20.0,22.0,-21.0,23.0,-20.0,24.0,-20.0,23.0,-18.0,21.0,-17.0,19.0,-14.0,15.0,-11.0,11.0,-8.0,6.0,-5.0,1.0,-2.0,-5.0,0.0,-11.0,3.0,-16.0,5.0,-21.0,6.0,-26.0,6.0,-29.0,6.0,-32.0,6.0,-33.0,6.0,-33.0,4.0,-32.0,3.0,-29.0,2.0,-25.0,2.0,-20.0
2.0842,122.0,-96.0,7.0,0.0,0.0,0.0,0.0,0.0,0.0,0.0,0.0,0.0,1.0,21.0,1.0,17.0,0.0,13.0,-1.0,8.0,-3.0,3.0,-4.0,-4.0,-7.0,-9.0,-9.0,-14.0,-11.0,-19.0,-14.0,-22.0,-16.0,-25.0,-17.0,-27.0,-19.0,-28.0,-19.0,-28.0,-18.0,-27.0,-18.0,-23.0,-16.0,-21.0,-13.0,-17.0,-10.0,-14.0,-6.0,-10.0,-1.0,-6.0,4.0,-1.0,9.0,2.0,14.0,5.0,19.0,6.0,22.0,7.0
2.0978,122.0,-96.0,7.0,0.0,0.0,0.0,0.0,0.0,0.0,0.0,0.0,0.0,-14.0,-11.0,-15.0,-11.0,-18.0,-13.0,-19.0,-15.0,-20.0,-16.0,-20.0,-16.0,-20.0,-15.0,-18.0,-14.0,-16.0,-13.0,-13.0,-11.0,-10.0,-9.0,-6.0,-6.0,-2.0,-4.0,3.0,-1.0,8.0,0.0,12.0,2.0,16.0,4.0,20.0,4.0,23.0,5.0,25.0,5.0,26.0,5.0,26.0,5.0,24.0,4.0,22.0,3.0,20.0,2.0,16.0,2.0
2.1104,122.0,-96.0,7.0,0.0,0.0,0.0,0.0,0.0,0.0,0.0,0.0,0.0,-4.0,1.0,-3.0,-4.0,-1.0,-8.0,1.0,-14.0,2.0,-20.0,3.0,-24.0,3.0,-28.0,4.0,-31.0,3.0,-32.0,3.0,-33.0,2.0,-32.0,2.0,-30.0,2.0,-27.0,1.0,-22.0,2.0,-17.0,0.0,-11.0,2.0,-5.0,3.0,1.0,5.0,7.0,7.0,13.0,9.0,18.0,12.0,21.0,13.0,25.0,15.0,26.0,16.0,26.0,17.0,26.0
2.1202,122.0,-96.0,7.0,0.0,0.0,0.0,0.0,0.0,0.0,0.0,0.0,0.0,-12.0,-17.0,-12.0,-18.0,-12.0,-18.0,-11.0,-18.0,-11.0,-19.0,-10.0,-19.0,-9.0,-18.0,-9.0,-19.0,-9.0,-19.0,-9.0,-19.0,-8.0,-19.0,-8.0,-19.0,-7.0,-19.0,-7.0,-19.0,-7.0,-19.0,-7.0,-18.0,-6.0,-18.0,-6.0,-18.0,-7.0,-18.0,-6.0,-17.0,-6.0,-16.0,-7.0,-17.0,-6.0,-16.0,-6.0,-16.0,-7.0,-16.0,-7.0,-15.0
2.1342,122.0,-96.0,7.0,0.0,0.0,0.0,0.0,0.0,0.0,0.0,0.0,0.0,-11.0,22.0,-9.0,17.0,-7.0,13.0,-6.0,8.0,-5.0,1.0,-3.0,-5.0,-3.0,-12.0,-2.0,-18.0,-2.0,-24.0,-1.0,-29.0,-1.0,-33.0,-2.0,-36.0,-3.0,-37.0,-3.0,-38.0,-4.0,-36.0,-6.0,-32.0,-4.0,-29.0,-4.0,-24.0,-3.0,-19.0,-1.0,-13.0,2.0,-6.0,4.0,0.0,7.0,7.0,11.0,13.0,14.0,17.0,18.0,20.0
2.1465,122.0,-96.0,7.0,0.0,0.0,0.0,0.0,0.0,0.0,0.0,0.0,0.0,-25.0,0.0,-25.0,-1.0,-25.0,-1.0,-24.0,-2.0,-25.0,-3.0,-24.0,-3.0,-24.0,-4.0,-24.0,-4.0,-24.0,-4.0,-24.0,-5.0,-23.0,-5.0,-23.0,-5.0,-23.0,-6.0,-23.0,-6.0,-22.0,-6.0,-22.0,-6.0,-21.0,-6.0,-22.0,-6.0,-21.0,-6.0,-21.0,-6.0,-20.0,-5.0,-20.0,-5.0,-20.0,-5.0,-20.0,-5.0,-19.0,-4.0,-19.0,-4.0
2.1572,122.0,-96.0,7.0,0.0,0.0,0.0,0.0,0.0,0.0,0.0,0.0,0.0,-1.0,-22.0,-2.0,-18.0,-1.0,-14.0,0.0,-9.0,2.0,-4.0,4.0,3.0,6.0,8.0,8.0,13.0,10.0,18.0,12.0,22.0,14.0,25.0,15.0,26.0,16.0,28.0,17.0,28.0,17.0,26.0,16.0,23.0,14.0,20.0,11.0,17.0,8.0,13.0,5.0,9.0,0.0,5.0,-5.0,0.0,-10.0,-4.0,-15.0,-7.0,-19.0,-9.0,-23.0,-10.0
2.1698,122.0,-96.0,7.0,0.0,0.0,0.0,0.0,0.0,0.0,0.0,0.0,0.0,-23.0,-10.0,-19.0,-9.0,-14.0,-7.0,-9.0,-6.0,-2.0,-4.0,5.0,-3.0,11.0,-3.0,17.0,-2.0,23.0,-1.0,28.0,-2.0,32.0,-2.0,35.0,-3.0,36.0,-4.0,37.0,-4.0,35.0,-4.0,31.0,-5.0,28.0,-5.0,23.0,-3.0,18.0,-3.0,11.0,-1.0,5.0,2.0,-2.0,4.0,-8.0,7.0,-14.0,11.0,-18.0,14.0,-21.0,18.0
2.1833,122.0,-96.0,7.0,0.0,0.0,0.0,0.0,0.0,0.0,0.0,0.0,0.0,-25.0,7.0,-26.0,7.0,-25.0,7.0,-23.0,7.0,-21.0,6.0,-17.0,4.0,-13.0,3.0,-8.0,1.0,-4.0,-2.0,1.0,-5.0,5.0,-8.0,9.0,-11.0,13.0,-13.0,17.0,-16.0,19.0,-19.0,21.0,-20.0,21.0,-21.0,21.0,-21.0,20.0,-21.0,17.0,-20.0,15.0,-18.0,12.0,-15.0,9.0,-11.0,7.0,-7.0,4.0,-2.0,1.0,3.0
2.1977,122.0,-96.0,7.0,0.0,0.0,0.0,0.0,0.0,0.0,0.0,0.0,0.0,3.0,-26.0,3.0,-27.0,3.0,-26.0,2.0,-24.0,3.0,-22.0,2.0,-18.0,2.0,-13.0,2.0,-8.0,2.0,-3.0,3.0,2.0,4.0,7.0,5.0,12.0,6.0,17.0,7.0,22.0,8.0,25.0,9.0,27.0,10.0,27.0,10.0,28.0,10.0,26.0,10.0,24.0,9.0,20.0,7.0,17.0,5.0,13.0,2.0,8.0,-1.0,4.0,-5.0,0.0
2.2106,122.0,-96.0,7.0,0.0,0.0,0.0,0.0,0.0,0.0,0.0,0.0,0.0,-25.0,-6.0,-21.0,-5.0,-16.0,-4.0,-11.0,-4.0,-4.0,-4.0,3.0,-4.0,9.0,-4.0,16.0,-5.0,22.0,-5.0,27.0,-6.0,31.0,-7.0,34.0,-8.0,35.0,-9.0,36.0,-9.0,35.0,-10.0,30.0,-10.0,28.0,-9.0,23.0,-7.0,18.0,-5.0,12.0,-3.0,5.0,1.0,-1.0,4.0,-7.0,9.0,-13.0,12.0,-16.0,16.0,-18.0,20.0
2.2236,122.0,-96.0,7.0,0.0,0.0,0.0,0.0,0.0,0.0,0.0,0.0,0.0,9.0,14.0,11.0,18.0,12.0,20.0,13.0,22.0,14.0,23.0,15.0,23.0,14.0,23.0,13.0,21.0,11.0,19.0,9.0,15.0,7.0,11.0,3.0,7.0,0.0,3.0,-5.0,-1.0,-9.0,-4.0,-13.0,-8.0,-17.0,-11.0,-20.0,-13.0,-23.0,-14.0,-25.0,-15.0,-26.0,-16.0,-26.0,-16.0,-25.0,-13.0,-24.0,-12.0,-21.0,-10.0,-17.0,-8.0
2.24,122.0,-96.0,7.0,0.0,0.0,0.0,0.0,0.0,0.0,0.0,0.0,0.0,-24.0,8.0,-26.0,8.0,-25.0,8.0,-24.0,8.0,-21.0,6.0,-18.0,6.0,-14.0,4.0,-9.0,1.0,-5.0,-1.0,0.0,-4.0,4.0,-8.0,8.0,-10.0,12.0,-14.0,16.0,-16.0,19.0,-19.0,20.0,-20.0,21.0,-22.0,20.0,-22.0,19.0,-22.0,17.0,-20.0,14.0,-18.0,12.0,-15.0,9.0,-11.0,7.0,-7.0,4.0,-2.0,1.0,3.0
2.252,122.0,-96.0,7.0,0.0,0.0,0.0,0.0,0.0,0.0,0.0,0.0,0.0,-25.0,-4.0,-27.0,-4.0,-26.0,-4.0,-25.0,-4.0,-22.0,-4.0,-19.0,-3.0,-14.0,-3.0,-9.0,-3.0,-4.0,-3.0,1.0,-4.0,7.0,-5.0,12.0,-5.0,16.0,-7.0,21.0,-8.0,25.0,-8.0,27.0,-9.0,28.0,-10.0,28.0,-11.0,26.0,-11.0,24.0,-11.0,21.0,-10.0,17.0,-9.0,13.0,-6.0,9.0,-3.0,4.0,0.0,0.0,4.0
2.262,122.0,-96.0,7.0,0.0,0.0,0.0,0.0,0.0,0.0,0.0,0.0,0.0,-19.0,-9.0,-20.0,-10.0,-19.0,-10.0,-19.0,-11.0,-19.0,-11.0,-19.0,-12.0,-18.0,-12.0,-18.0,-12.0,-18.0,-12.0,-17.0,-12.0,-17.0,-13.0,-17.0,-13.0,-16.0,-13.0,-16.0,-13.0,-16.0,-13.0,-15.0,-13.0,-16.0,-12.0,-15.0,-13.0,-15.0,-13.0,-15.0,-12.0,-15.0,-12.0,-15.0,-11.0,-14.0,-11.0,-15.0,-11.0,-15.0,-10.0,-14.0,-10.0
2.2754,122.0,-96.0,7.0,0.0,0.0,0.0,0.0,0.0,0.0,0.0,0.0,0.0,-22.0,1.0,-18.0,1.0,-14.0,1.0,-9.0,-1.0,-3.0,-3.0,2.0,-4.0,7.0,-7.0,13.0,-9.0,18.0,-12.0,22.0,-13.0,25.0,-15.0,27.0,-16.0,28.0,-17.0,28.0,-18.0,26.0,-18.0,22.0,-17.0,20.0,-15.0,17.0,-12.0,13.0,-9.0,9.0,-5.0,5.0,-1.0,0.0,4.0,-4.0,9.0,-8.0,14.0,-9.0,18.0,-10.0,22.0
2.2899,122.0,-96.0,7.0,0.0,0.0,0.0,0.0,0.0,0.0,0.0,0.0,0.0,-17.0,14.0,-21.0,17.0,-23.0,19.0,-26.0,21.0,-26.0,22.0,-27.0,23.0,-25.0,22.0,-24.0,21.0,-22.0,18.0,-18.0,15.0,-14.0,10.0,-9.0,6.0,-6.0,0.0,-1.0,-6.0,2.0,-12.0,6.0,-17.0,9.0,-23.0,10.0,-28.0,12.0,-31.0,12.0,-34.0,12.0,-36.0,12.0,-36.0,10.0,-34.0,8.0,-31.0,7.0,-27.0,5.0,-22.0
2.303,122.0,-96.0,7.0,0.0,0.0,0.0,0.0,0.0,0.0,0.0,0.0,0.0,19.0,-2.0,23.0,-2.0,26.0,-2.0,29.0,-2.0,30.0,-3.0,30.0,-3.0,30.0,-3.0,27.0,-3.0,24.0,-2.0,19.0,-2.0,14.0,-1.0,9.0,0.0,4.0,2.0,-3.0,4.0,-9.0,6.0,-14.0,8.0,-19.0,10.0,-23.0,12.0,-26.0,14.0,-28.0,15.0,-29.0,17.0,-28.0,17.0,-26.0,17.0,-23.0,16.0,-20.0,14.0,-16.0,11.0
2.3175,122.0,-96.0,7.0,0.0,0.0,0.0,0.0,0.0,0.0,0.0,0.0,0.0,15.0,-21.0,15.0,-21.0,15.0,-20.0,14.0,-19.0,13.0,-17.0,10.0,-14.0,8.0,-10.0,5.0,-6.0,3.0,-1.0,1.0,4.0,-1.0,9.0,-3.0,13.0,-4.0,18.0,-6.0,22.0,-7.0,26.0,-8.0,28.0,-7.0,29.0,-7.0,29.0,-6.0,28.0,-5.0,26.0,-4.0,22.0,-4.0,18.0,-3.0,13.0,-3.0,8.0,-3.0,3.0,-4.0,-3.0
2.3305,122.0,-96.0,7.0,0.0,0.0,0.0,0.0,0.0,0.0,0.0,0.0,0.0,1.0,17.0,2.0,21.0,2.0,23.0,2.0,26.0,3.0,27.0,3.0,27.0,3.0,26.0,2.0,24.0,2.0,22.0,1.0,18.0,1.0,13.0,0.0,8.0,-2.0,3.0,-4.0,-3.0,-7.0,-8.0,-9.0,-12.0,-11.0,-17.0,-14.0,-20.0,-15.0,-22.0,-17.0,-24.0,-18.0,-25.0,-18.0,-25.0,-18.0,-23.0,-17.0,-20.0,-15.0,-17.0,-12.0,-14.0
2.3453,122.0,-96.0,7.0,0.0,0.0,0.0,0.0,0.0,0.0,0.0,0.0,0.0,-16.0,7.0,-20.0,8.0,-23.0,9.0,-24.0,10.0,-26.0,10.0,-26.0,11.0,-25.0,10.0,-23.0,10.0,-21.0,8.0,-17.0,7.0,-13.0,4.0,-9.0,2.0,-4.0,-1.0,0.0,-5.0,4.0,-9.0,9.0,-11.0,12.0,-15.0,15.0,-18.0,17.0,-21.0,18.0,-22.0,18.0,-24.0,18.0,-24.0,16.0,-23.0,14.0,-21.0,12.0,-19.0,9.0,-15.0
2.3536,122.0,-96.0,7.0,0.0,0.0,0.0,0.0,0.0,0.0,0.0,0.0,0.0,10.0,15.0,9.0,16.0,8.0,16.0,9.0,17.0,8.0,16.0,7.0,17.0,7.0,17.0,6.0,17.0,6.0,17.0,6.0,17.0,6.0,17.0,6.0,17.0,6.0,16.0,5.0,17.0,4.0,17.0,5.0,16.0,5.0,16.0,4.0,16.0,5.0,16.0,5.0,15.0,5.0,15.0,5.0,15.0,5.0,14.0,5.0,14.0,6.0,14.0,5.0,14.0
2.3671,122.0,-96.0,7.0,0.0,0.0,0.0,0.0,0.0,0.0,0.0,0.0,0.0,-6.0,18.0,-7.0,19.0,-7.0,19.0,-7.0,19.0,-8.0,20.0,-8.0,20.0,-9.0,20.0,-9.0,20.0,-9.0,20.0,-10.0,21.0,-10.0,21.0,-10.0,21.0,-10.0,21.0,-11.0,21.0,-11.0,21.0,-11.0,20.0,-11.0,21.0,-12.0,21.0,-12.0,21.0,-11.0,21.0,-12.0,21.0,-11.0,20.0,-12.0,20.0,-11.0,21.0,-11.0,20.0,-11.0,20.0
2.3777,122.0,-96.0,7.0,0.0,0.0,0.0,0.0,0.0,0.0,0.0,0.0,0.0,-13.0,19.0,-14.0,19.0,-15.0,19.0,-15.0,19.0,-15.0,19.0,-16.0,18.0,-16.0,18.0,-16.0,18.0,-16.0,17.0,-17.0,17.0,-17.0,16.0,-17.0,16.0,-17.0,15.0,-17.0,15.0,-17.0,14.0,-17.0,15.0,-16.0,15.0,-16.0,14.0,-16.0,14.0,-15.0,14.0,-15.0,14.0,-15.0,14.0,-15.0,14.0,-14.0,14.0,-14.0,14.0,-14.0,14.0
2.3906,122.0,-96.0,7.0,0.0,0.0,0.0,0.0,0.0,0.0,0.0,0.0,0.0,13.0,14.0,15.0,17.0,17.0,20.0,19.0,21.0,20.0,22.0,20.0,22.0,19.0,22.0,18.0,20.0,16.0,18.0,13.0,15.0,9.0,11.0,5.0,7.0,0.0,4.0,-5.0,0.0,-11.0,-3.0,-15.0,-6.0,-20.0,-9.0,-25.0,-10.0,-28.0,-11.0,-30.0,-12.0,-32.0,-12.0,-32.0,-12.0,-31.0,-10.0,-27.0,-8.0,-24.0,-7.0,-19.0,-6.0
2.4045,122.0,-96.0,7.0,0.0,0.0,0.0,0.0,0.0,0.0,0.0,0.0,0.0,-3.0,-3.0,2.0,-5.0,7.0,-8.0,11.0,-10.0,15.0,-13.0,19.0,-16.0,21.0,-18.0,24.0,-20.0,23.0,-21.0,24.0,-21.0,22.0,-21.0,21.0,-20.0,20.0,-18.0,15.0,-15.0,12.0,-11.0,7.0,-6.0,3.0,-1.0,1.0,4.0,-2.0,10.0,-5.0,15.0,-7.0,20.0,-7.0,23.0,-9.0,28.0,-8.0,29.0,-8.0,30.0,-7.0,30.0
2.4184,122.0,-96.0,7.0,0.0,0.0,0.0,0.0,0.0,0.0,0.0,0.0,0.0,1.0,-4.0,4.0,0.0,6.0,5.0,9.0,9.0,13.0,14.0,16.0,17.0,18.0,19.0,21.0,22.0,22.0,22.0,23.0,22.0,22.0,20.0,21.0,19.0,19.0,18.0,16.0,14.0,11.0,11.0,7.0,7.0,2.0,3.0,-5.0,2.0,-10.0,-1.0,-16.0,-3.0,-21.0,-4.0,-25.0,-4.0,-30.0,-5.0,-31.0,-4.0,-32.0,-3.0,-32.0,-2.0
2.4304,122.0,-96.0,7.0,0.0,0.0,0.0,0.0,0.0,0.0,0.0,0.0,0.0,22.0,11.0,22.0,11.0,23.0,11.0,23.0,11.0,23.0,12.0,23.0,13.0,24.0,13.0,24.0,14.0,25.0,14.0,24.0,14.0,24.0,15.0,24.0,15.0,25.0,16.0,25.0,16.0,25.0,16.0,24.0,15.0,24.0,16.0,24.0,17.0,25.0,17.0,24.0,16.0,25.0,17.0,25.0,16.0,24.0,17.0,24.0,16.0,24.0,16.0,24.0,15.0
2.4408,122.0,-96.0,7.0,0.0,0.0,0.0,0.0,0.0,0.0,0.0,0.0,0.0,-15.0,-12.0,-15.0,-13.0,-15.0,-13.0,-15.0,-14.0,-14.0,-14.0,-13.0,-14.0,-13.0,-14.0,-13.0,-15.0,-12.0,-15.0,-12.0,-15.0,-12.0,-15.0,-12.0,-15.0,-11.0,-15.0,-11.0,-15.0,-11.0,-15.0,-11.0,-15.0,-10.0,-14.0,-10.0,-15.0,-10.0,-15.0,-10.0,-14.0,-10.0,-14.0,-10.0,-14.0,-10.0,-13.0,-10.0,-13.0,-10.0,-13.0,-10.0,-13.0
2.4518,122.0,-96.0,7.0,0.0,0.0,0.0,0.0,0.0,0.0,0.0,0.0,0.0,5.0,19.0,5.0,19.0,5.0,19.0,5.0,20.0,5.0,20.0,4.0,21.0,5.0,21.0,4.0,22.0,4.0,22.0,4.0,22.0,4.0,22.0,4.0,22.0,4.0,23.0,3.0,23.0,3.0,24.0,3.0,23.0,2.0,23.0,2.0,24.0,2.0,24.0,2.0,23.0,2.0,23.0,2.0,23.0,2.0,23.0,2.0,23.0,2.0,23.0,2.0,22.0
2.465,122.0,-96.0,7.0,0.0,0.0,0.0,0.0,0.0,0.0,0.0,0.0,0.0,1.0,25.0,1.0,25.0,1.0,25.0,1.0,23.0,0.0,21.0,0.0,16.0,0.0,13.0,-1.0,7.0,-3.0,2.0,-4.0,-3.0,-6.0,-7.0,-8.0,-12.0,-10.0,-17.0,-12.0,-21.0,-13.0,-24.0,-14.0,-26.0,-15.0,-26.0,-16.0,-26.0,-15.0,-25.0,-15.0,-23.0,-13.0,-19.0,-11.0,-16.0,-8.0,-12.0,-4.0,-9.0,-1.0,-5.0,4.0,-1.0
2.4744,122.0,-96.0,7.0,0.0,0.0,0.0,0.0,0.0,0.0,0.0,0.0,0.0,-26.0,8.0,-26.0,7.0,-26.0,7.0,-26.0,6.0,-27.0,6.0,-27.0,5.0,-27.0,4.0,-27.0,3.0,-26.0,3.0,-27.0,3.0,-27.0,3.0,-26.0,3.0,-26.0,2.0,-26.0,2.0,-25.0,1.0,-25.0,1.0,-25.0,1.0,-25.0,1.0,-25.0,0.0,-24.0,1.0,-24.0,1.0,-23.0,1.0,-23.0,1.0,-23.0,2.0,-23.0,2.0,-22.0,2.0
2.4851,122.0,-96.0,7.0,0.0,0.0,0.0,0.0,0.0,0.0,0.0,0.0,0.0,-13.0,-11.0,-13.0,-12.0,-13.0,-12.0,-13.0,-13.0,-12.0,-13.0,-12.0,-13.0,-12.0,-13.0,-11.0,-14.0,-11.0,-13.0,-11.0,-14.0,-10.0,-14.0,-10.0,-14.0,-10.0,-13.0,-9.0,-14.0,-9.0,-14.0,-9.0,-14.0,-9.0,-13.0,-9.0,-13.0,-9.0,-13.0,-9.0,-13.0,-9.0,-13.0,-9.0,-12.0,-9.0,-12.0,-8.0,-12.0,-9.0,-12.0,-9.0,-11.0
2.4924,122.0,-96.0,7.0,0.0,0.0,0.0,0.0,0.0,0.0,0.0,0.0,0.0,6.0,18.0,6.0,18.0,5.0,18.0,5.0,19.0,4.0,19.0,4.0,19.0,4.0,19.0,3.0,19.0,3.0,19.0,3.0,18.0,2.0,19.0,2.0,18.0,1.0,18.0,1.0,18.0,1.0,18.0,1.0,18.0,1.0,17.0,1.0,17.0,1.0,17.0,1.0,17.0,1.0,17.0,1.0,16.0,1.0,16.0,2.0,16.0,1.0,16.0,2.0,15.0
2.5072,122.0,-96.0,7.0,0.0,0.0,0.0,0.0,0.0,0.0,0.0,0.0,0.0,9.0,23.0,9.0,24.0,9.0,24.0,8.0,22.0,7.0,20.0,6.0,16.0,4.0,13.0,2.0,8.0,-1.0,4.0,-4.0,0.0,-8.0,-5.0,-11.0,-9.0,-14.0,-13.0,-17.0,-16.0,-19.0,-19.0,-21.0,-20.0,-22.0,-21.0,-23.0,-21.0,-22.0,-19.0,-21.0,-18.0,-19.0,-15.0,-16.0,-12.0,-11.0,-10.0,-7.0,-8.0,-2.0,-5.0,3.0,-2.0
2.5204,122.0,-96.0,7.0,0.0,0.0,0.0,0.0,0.0,0.0,0.0,0.0,0.0,-2.0,22.0,-2.0,18.0,-2.0,14.0,-2.0,9.0,-3.0,3.0,-4.0,-3.0,-6.0,-8.0,-7.0,-14.0,-8.0,-19.0,-11.0,-23.0,-11.0,-27.0,-13.0,-29.0,-14.0,-30.0,-14.0,-31.0,-15.0,-29.0,-14.0,-26.0,-13.0,-23.0,-11.0,-19.0,-8.0,-15.0,-5.0,-10.0,-1.0,-6.0,4.0,-1.0,9.0,4.0,13.0,8.0,17.0,9.0,21.0,11.0
2.5348,122.0,-96.0,7.0,0.0,0.0,0.0,0.0,0.0,0.0,0.0,0.0,0.0,13.0,-13.0,14.0,-13.0,14.0,-14.0,14.0,-14.0,15.0,-14.0,16.0,-14.0,16.0,-13.0,17.0,-13.0,17.0,-13.0,17.0,-14.0,17.0,-14.0,17.0,-14.0,18.0,-14.0,18.0,-13.0,19.0,-13.0,18.0,-13.0,19.0,-13.0,19.0,-13.0,20.0,-13.0,19.0,-12.0,19.0,-12.0,19.0,-13.0,19.0,-12.0,19.0,-12.0,18.0,-12.0,18.0,-12.0
2.5489,122.0,-96.0,7.0,0.0,0.0,0.0,0.0,0.0,0.0,0.0,0.0,0.0,3.0,-1.0,2.0,5.0,1.0,10.0,0.0,16.0,-1.0,22.0,-1.0,28.0,0.0,32.0,0.0,35.0,1.0,35.0,1.0,36.0,1.0,35.0,1.0,32.0,1.0,29.0,1.0,24.0,0.0,17.0,0.0,10.0,-3.0,4.0,-6.0,-3.0,-8.0,-9.0,-12.0,-15.0,-15.0,-20.0,-18.0,-22.0,-21.0,-27.0,-22.0,-27.0,-24.0,-27.0,-25.0,-27.0
2.5596,122.0,-96.0,7.0,0.0,0.0,0.0,0.0,0.0,0.0,0.0,0.0,0.0,14.0,-15.0,15.0,-15.0,15.0,-14.0,16.0,-14.0,16.0,-14.0,16.0,-13.0,16.0,-13.0,17.0,-13.0,17.0,-12.0,17.0,-11.0,17.0,-11.0,17.0,-11.0,17.0,-10.0,18.0,-10.0,17.0,-9.0,17.0,-10.0,17.0,-10.0,16.0,-9.0,16.0,-9.0,16.0,-9.0,16.0,-9.0,15.0,-9.0,15.0,-8.0,15.0,-9.0,15.0,-9.0,14.0,-9.0
2.5688,122.0,-96.0,7.0,0.0,0.0,0.0,0.0,0.0,0.0,0.0,0.0,0.0,-8.0,19.0,-9.0,18.0,-10.0,18.0,-10.0,18.0,-11.0,18.0,-11.0,18.0,-12.0,17.0,-12.0,17.0,-12.0,17.0,-12.0,17.0,-12.0,16.0,-12.0,16.0,-12.0,16.0,-13.0,15.0,-13.0,14.0,-12.0,15.0,-12.0,14.0,-12.0,14.0,-12.0,14.0,-12.0,14.0,-11.0,14.0,-11.0,14.0,-11.0,14.0,-11.0,14.0,-10.0,14.0,-10.0,14.0
2.5812,122.0,-96.0,7.0,0.0,0.0,0.0,0.0,0.0,0.0,0.0,0.0,0.0,-17.0,-20.0,-17.0,-21.0,-16.0,-20.0,-15.0,-19.0,-13.0,-17.0,-11.0,-14.0,-8.0,-11.0,-4.0,-7.0,0.0,-4.0,4.0,-1.0,8.0,2.0,12.0,5.0,16.0,7.0,21.0,10.0,24.0,12.0,25.0,13.0,27.0,12.0,27.0,12.0,26.0,11.0,24.0,10.0,21.0,8.0,17.0,6.0,12.0,5.0,8.0,4.0,2.0,3.0,-3.0,2.0
2.595,122.0,-96.0,7.0,0.0,0.0,0.0,0.0,0.0,0.0,0.0,0.0,0.0,22.0,-17.0,23.0,-17.0,22.0,-17.0,20.0,-16.0,18.0,-14.0,15.0,-11.0,12.0,-8.0,7.0,-4.0,4.0,0.0,0.0,4.0,-4.0,9.0,-7.0,14.0,-10.0,18.0,-12.0,22.0,-15.0,26.0,-16.0,28.0,-15.0,29.0,-15.0,30.0,-14.0,28.0,-12.0,26.0,-10.0,23.0,-8.0,19.0,-7.0,14.0,-5.0,8.0,-4.0,2.0,-4.0,-4.0
2.6097,122.0,-96.0,7.0,0.0,0.0,0.0,0.0,0.0,0.0,0.0,0.0,0.0,-17.0,5.0,-21.0,6.0,-23.0,7.0,-26.0,7.0,-27.0,8.0,-27.0,8.0,-26.0,7.0,-24.0,7.0,-22.0,6.0,-18.0,4.0,-14.0,3.0,-8.0,1.0,-4.0,-2.0,1.0,-5.0,5.0,-8.0,10.0,-11.0,14.0,-14.0,16.0,-17.0,19.0,-19.0,20.0,-21.0,20.0,-22.0,20.0,-22.0,18.0,-21.0,16.0,-20.0,13.0,-18.0,10.0,-14.0
2.6227,122.0,-96.0,7.0,0.0,0.0,0.0,0.0,0.0,0.0,0.0,0.0,0.0,0.0,4.0,-5.0,1.0,-10.0,-3.0,-16.0,-6.0,-21.0,-8.0,-26.0,-11.0,-29.0,-12.0,-33.0,-13.0,-34.0,-13.0,-35.0,-13.0,-34.0,-11.0,-32.0,-10.0,-29.0,-10.0,-24.0,-8.0,-19.0,-7.0,-11.0,-5.0,-4.0,-4.0,3.0,-4.0,10.0,-5.0,16.0,-5.0,22.0,-7.0,26.0,-9.0,30.0,-10.0,32.0,-12.0,33.0,-13.0,33.0,-14.0
2.6376,122.0,-96.0,7.0,0.0,0.0,0.0,0.0,0.0,0.0,0.0,0.0,0.0,-17.0,5.0,-20.0,6.0,-23.0,7.0,-25.0,8.0,-27.0,8.0,-27.0,8.0,-26.0,8.0,-24.0,7.0,-22.0,6.0,-18.0,5.0,-13.0,3.0,-9.0,1.0,-4.0,-2.0,1.0,-5.0,5.0,-8.0,9.0,-11.0,13.0,-14.0,16.0,-18.0,18.0,-19.0,19.0,-22.0,19.0,-23.0,19.0,-23.0,17.0,-22.0,15.0,-20.0,12.0,-18.0,10.0,-15.0
2.6516,122.0,-96.0,7.0,0.0,0.0,0.0,0.0,0.0,0.0,0.0,0.0,0.0,-4.0,1.0,-4.0,-4.0,-4.0,-10.0,-5.0,-15.0,-6.0,-20.0,-7.0,-24.0,-8.0,-27.0,-8.0,-31.0,-10.0,-31.0,-10.0,-32.0,-10.0,-29.0,-9.0,-27.0,-8.0,-25.0,-7.0,-20.0,-4.0,-16.0,-3.0,-10.0,0.0,-4.0,5.0,0.0,8.0,5.0,12.0,9.0,16.0,13.0,19.0,14.0,22.0,18.0,24.0,17.0,25.0,17.0,26.0,17.0
2.6658,122.0,-96.0,7.0,0.0,0.0,0.0,0.0,0.0,0.0,0.0,0.0,0.0,2.0,-2.0,4.0,2.0,5.0,8.0,7.0,12.0,10.0,17.0,11.0,22.0,14.0,24.0,15.0,26.0,16.0,26.0,17.0,27.0,16.0,25.0,15.0,23.0,14.0,21.0,11.0,17.0,8.0,13.0,5.0,8.0,0.0,4.0,-6.0,0.0,-10.0,-4.0,-15.0,-7.0,-20.0,-9.0,-24.0,-9.0,-28.0,-11.0,-29.0,-10.0,-31.0,-10.0,-31.0,-9.0
2.6795,122.0,-96.0,7.0,0.0,0.0,0.0,0.0,0.0,0.0,0.0,0.0,0.0,18.0,-2.0,22.0,-2.0,25.0,-2.0,28.0,-2.0,30.0,-2.0,30.0,-3.0,30.0,-3.0,28.0,-3.0,25.0,-2.0,21.0,-2.0,15.0,-1.0,10.0,0.0,4.0,2.0,-2.0,3.0,-8.0,6.0,-14.0,7.0,-19.0,10.0,-23.0,12.0,-26.0,14.0,-28.0,16.0,-29.0,17.0,-29.0,17.0,-26.0,17.0,-23.0,16.0,-20.0,13.0,-16.0,11.0
2.6946,122.0,-96.0,7.0,0.0,0.0,0.0,0.0,0.0,0.0,0.0,0.0,0.0,18.0,15.0,14.0,12.0,11.0,9.0,6.0,7.0,-1.0,4.0,-6.0,0.0,-12.0,-1.0,-19.0,-4.0,-24.0,-6.0,-29.0,-6.0,-33.0,-7.0,-35.0,-7.0,-37.0,-7.0,-37.0,-7.0,-36.0,-6.0,-32.0,-4.0,-29.0,-4.0,-23.0,-4.0,-19.0,-4.0,-11.0,-3.0,-5.0,-4.0,3.0,-5.0,10.0,-7.0,16.0,-7.0,21.0,-10.0,24.0,-13.0
2.7097,122.0,-96.0,7.0,0.0,0.0,0.0,0.0,0.0,0.0,0.0,0.0,0.0,-26.0,-1.0,-26.0,-1.0,-27.0,-1.0,-24.0,-1.0,-22.0,-2.0,-17.0,-1.0,-14.0,-2.0,-8.0,-2.0,-3.0,-3.0,2.0,-4.0,8.0,-6.0,12.0,-7.0,17.0,-8.0,21.0,-10.0,24.0,-11.0,26.0,-12.0,26.0,-13.0,27.0,-13.0,25.0,-13.0,23.0,-13.0,19.0,-11.0,16.0,-10.0,12.0,-7.0,8.0,-4.0,4.0,0.0,0.0,3.0
2.7232,122.0,-96.0,7.0,0.0,0.0,0.0,0.0,0.0,0.0,0.0,0.0,0.0,-7.0,-25.0,-6.0,-26.0,-7.0,-26.0,-6.0,-24.0,-5.0,-22.0,-5.0,-18.0,-3.0,-14.0,-1.0,-9.0,1.0,-5.0,3.0,0.0,6.0,5.0,9.0,9.0,12.0,13.0,14.0,17.0,16.0,21.0,17.0,22.0,19.0,22.0,19.0,23.0,19.0,21.0,17.0,19.0,16.0,16.0,13.0,13.0,9.0,10.0,5.0,7.0,1.0,4.0,-4.0,1.0
2.7366,122.0,-96.0,7.0,0.0,0.0,0.0,0.0,0.0,0.0,0.0,0.0,0.0,4.0,-19.0,4.0,-19.0,4.0,-20.0,4.0,-20.0,5.0,-21.0,6.0,-20.0,6.0,-21.0,7.0,-21.0,6.0,-21.0,7.0,-22.0,7.0,-21.0,7.0,-21.0,8.0,-21.0,8.0,-22.0,8.0,-22.0,8.0,-21.0,8.0,-21.0,9.0,-22.0,9.0,-22.0,8.0,-21.0,9.0,-22.0,8.0,-21.0,9.0,-21.0,9.0,-21.0,9.0,-21.0,8.0,-21.0
2.7491,122.0,-96.0,7.0,0.0,0.0,0.0,0.0,0.0,0.0,0.0,0.0,0.0,0.0,-17.0,1.0,-21.0,1.0,-24.0,1.0,-26.0,1.0,-28.0,1.0,-29.0,1.0,-28.0,1.0,-26.0,1.0,-24.0,1.0,-19.0,0.0,-15.0,1.0,-9.0,2.0,-4.0,3.0,1.0,5.0,7.0,6.0,12.0,7.0,17.0,9.0,20.0,11.0,24.0,12.0,25.0,13.0,26.0,13.0,26.0,13.0,24.0,13.0,21.0,11.0,18.0,9.0,14.0
2.7629,122.0,-96.0,7.0,0.0,0.0,0.0,0.0,0.0,0.0,0.0,0.0,0.0,-3.0,2.0,-6.0,-3.0,-9.0,-7.0,-12.0,-13.0,-16.0,-17.0,-19.0,-21.0,-21.0,-24.0,-24.0,-27.0,-25.0,-27.0,-26.0,-26.0,-26.0,-24.0,-24.0,-22.0,-22.0,-21.0,-18.0,-17.0,-13.0,-14.0,-8.0,-9.0,-1.0,-5.0,5.0,-2.0,11.0,1.0,17.0,3.0,23.0,5.0,27.0,5.0,32.0,6.0,34.0,4.0,35.0,4.0,35.0,3.0
2.7773,122.0,-96.0,7.0,0.0,0.0,0.0,0.0,0.0,0.0,0.0,0.0,0.0,11.0,22.0,9.0,18.0,7.0,13.0,3.0,10.0,-1.0,5.0,-5.0,-1.0,-10.0,-5.0,-15.0,-10.0,-19.0,-13.0,-23.0,-17.0,-27.0,-20.0,-29.0,-20.0,-31.0,-21.0,-32.0,-22.0,-31.0,-20.0,-28.0,-16.0,-25.0,-16.0,-21.0,-13.0,-16.0,-11.0,-10.0,-8.0,-3.0,-5.0,4.0,-4.0,11.0,-2.0,17.0,0.0,22.0,-1.0,27.0,-2.0
2.7905,122.0,-96.0,7.0,0.0,0.0,0.0,0.0,0.0,0.0,0.0,0.0,0.0,-4.0,1.0,-4.0,-5.0,-4.0,-11.0,-4.0,-17.0,-4.0,-23.0,-5.0,-29.0,-6.0,-31.0,-6.0,-35.0,-8.0,-35.0,-8.0,-36.0,-9.0,-34.0,-8.0,-32.0,-7.0,-29.0,-6.0,-24.0,-4.0,-18.0,-3.0,-11.0,1.0,-5.0,5.0,1.0,8.0,7.0,13.0,12.0,17.0,16.0,21.0,18.0,24.0,22.0,26.0,22.0,27.0,22.0,28.0,21.0
2.804,122.0,-96.0,7.0,0.0,0.0,0.0,0.0,0.0,0.0,0.0,0.0,0.0,11.0,-17.0,13.0,-20.0,15.0,-22.0,16.0,-24.0,17.0,-26.0,17.0,-26.0,16.0,-25.0,15.0,-23.0,14.0,-21.0,11.0,-17.0,9.0,-12.0,5.0,-7.0,4.0,-2.0,1.0,4.0,-1.0,10.0,-3.0,15.0,-4.0,21.0,-4.0,25.0,-5.0,29.0,-5.0,31.0,-5.0,32.0,-4.0,32.0,-3.0,31.0,-2.0,28.0,-1.0,24.0,-1.0,19.0
2.8141,122.0,-96.0,7.0,0.0,0.0,0.0,0.0,0.0,0.0,0.0,0.0,0.0,6.0,16.0,6.0,17.0,6.0,17.0,5.0,17.0,5.0,18.0,5.0,18.0,5.0,18.0,4.0,19.0,5.0,19.0,5.0,19.0,4.0,19.0,4.0,19.0,4.0,19.0,4.0,20.0,3.0,21.0,3.0,19.0,3.0,20.0,3.0,20.0,3.0,20.0,3.0,20.0,3.0,20.0,3.0,19.0,3.0,20.0,3.0,19.0,3.0,19.0,3.0,19.0
2.829,122.0,-96.0,7.0,0.0,0.0,0.0,0.0,0.0,0.0,0.0,0.0,0.0,-6.0,-16.0,-7.0,-20.0,-8.0,-22.0,-9.0,-25.0,-9.0,-26.0,-10.0,-27.0,-9.0,-26.0,-9.0,-24.0,-8.0,-22.0,-7.0,-18.0,-5.0,-14.0,-3.0,-9.0,0.0,-5.0,3.0,0.0,7.0,4.0,10.0,9.0,13.0,13.0,16.0,15.0,19.0,18.0,21.0,19.0,22.0,19.0,22.0,19.0,21.0,17.0,20.0,15.0,17.0,12.0,14.0,10.0
2.8376,122.0,-96.0,7.0,0.0,0.0,0.0,0.0,0.0,0.0,0.0,0.0,0.0,18.0,8.0,18.0,9.0,18.0,9.0,18.0,10.0,17.0,10.0,17.0,11.0,17.0,11.0,17.0,11.0,16.0,12.0,16.0,12.0,15.0,12.0,15.0,12.0,15.0,12.0,15.0,13.0,14.0,13.0,14.0,12.0,14.0,12.0,13.0,13.0,14.0,13.0,13.0,11.0,13.0,12.0,13.0,11.0,13.0,11.0,13.0,11.0,13.0,11.0,13.0,10.0
2.8515,122.0,-96.0,7.0,0.0,0.0,0.0,0.0,0.0,0.0,0.0,0.0,0.0,16.0,17.0,13.0,14.0,10.0,10.0,5.0,7.0,-1.0,4.0,-7.0,0.0,-12.0,-3.0,-18.0,-5.0,-23.0,-8.0,-28.0,-10.0,-32.0,-12.0,-34.0,-11.0,-36.0,-11.0,-37.0,-12.0,-35.0,-10.0,-31.0,-8.0,-28.0,-8.0,-23.0,-7.0,-18.0,-6.0,-11.0,-5.0,-4.0,-4.0,3.0,-4.0,10.0,-5.0,17.0,-5.0,22.0,-7.0,25.0,-9.0
2.8668,122.0,-96.0,7.0,0.0,0.0,0.0,0.0,0.0,0.0,0.0,0.0,0.0,2.0,3.0,-4.0,3.0,-10.0,3.0,-16.0,4.0,-22.0,4.0,-27.0,5.0,-31.0,6.0,-35.0,6.0,-35.0,8.0,-36.0,8.0,-34.0,9.0,-32.0,8.0,-30.0,7.0,-24.0,6.0,-19.0,4.0,-12.0,2.0,-5.0,-1.0,0.0,-6.0,6.0,-10.0,11.0,-14.0,15.0,-19.0,17.0,-22.0,21.0,-25.0,20.0,-28.0,21.0,-29.0,20.0,-30.0
2.8809,122.0,-96.0,7.0,0.0,0.0,0.0,0.0,0.0,0.0,0.0,0.0,0.0,3.0,27.0,3.0,28.0,3.0,28.0,3.0,26.0,2.0,23.0,2.0,19.0,1.0,15.0,0.0,9.0,-3.0,4.0,-5.0,-2.0,-7.0,-7.0,-10.0,-12.0,-12.0,-17.0,-15.0,-22.0,-16.0,-25.0,-18.0,-27.0,-19.0,-28.0,-19.0,-28.0,-19.0,-26.0,-18.0,-24.0,-16.0,-20.0,-14.0,-17.0,-10.0,-13.0,-6.0,-9.0,-1.0,-5.0,4.0,-2.0
2.8942,122.0,-96.0,7.0,0.0,0.0,0.0,0.0,0.0,0.0,0.0,0.0,0.0,-5.0,27.0,-6.0,28.0,-6.0,27.0,-5.0,25.0,-5.0,22.0,-4.0,18.0,-4.0,14.0,-3.0,7.0,-4.0,2.0,-4.0,-4.0,-5.0,-10.0,-6.0,-15.0,-7.0,-20.0,-8.0,-25.0,-8.0,-29.0,-9.0,-32.0,-10.0,-32.0,-10.0,-32.0,-10.0,-31.0,-10.0,-28.0,-10.0,-24.0,-8.0,-20.0,-5.0,-15.0,-2.0,-11.0,0.0,-5.0,4.0,0.0
2.9084,122.0,-96.0,7.0,0.0,0.0,0.0,0.0,0.0,0.0,0.0,0.0,0.0,2.0,-2.0,4.0,3.0,4.0,8.0,5.0,13.0,7.0,18.0,8.0,23.0,10.0,25.0,10.0,29.0,11.0,29.0,12.0,29.0,13.0,27.0,12.0,25.0,10.0,23.0,8.0,18.0,5.0,15.0,3.0,9.0,-1.0,4.0,-6.0,-1.0,-10.0,-5.0,-14.0,-10.0,-18.0,-13.0,-21.0,-14.0,-25.0,-16.0,-27.0,-16.0,-28.0,-16.0,-28.0,-15.0
2.9209,122.0,-96.0,7.0,0.0,0.0,0.0,0.0,0.0,0.0,0.0,0.0,0.0,-20.0,-20.0,-20.0,-21.0,-21.0,-21.0,-19.0,-19.0,-17.0,-17.0,-13.0,-14.0,-10.0,-11.0,-5.0,-8.0,0.0,-5.0,4.0,-2.0,10.0,1.0,15.0,4.0,19.0,6.0,24.0,8.0,27.0,10.0,30.0,11.0,31.0,10.0,31.0,10.0,30.0,9.0,27.0,7.0,24.0,5.0,20.0,4.0,15.0,4.0,9.0,3.0,3.0,3.0,-4.0,3.0
2.9351,122.0,-96.0,7.0,0.0,0.0,0.0,0.0,0.0,0.0,0.0,0.0,0.0,-28.0,-6.0,-29.0,-6.0,-28.0,-6.0,-27.0,-6.0,-24.0,-6.0,-20.0,-5.0,-15.0,-4.0,-10.0,-4.0,-4.0,-4.0,2.0,-4.0,8.0,-5.0,13.0,-5.0,19.0,-6.0,24.0,-7.0,28.0,-7.0,30.0,-8.0,31.0,-9.0,31.0,-10.0,30.0,-10.0,28.0,-10.0,23.0,-9.0,19.0,-7.0,15.0,-5.0,10.0,-3.0,4.0,0.0,-1.0,4.0
2.9497,122.0,-96.0,7.0,0.0,0.0,0.0,0.0,0.0,0.0,0.0,0.0,0.0,14.0,19.0,11.0,15.0,8.0,11.0,4.0,8.0,-1.0,4.0,-6.0,-1.0,-11.0,-4.0,-17.0,-8.0,-22.0,-11.0,-26.0,-13.0,-30.0,-15.0,-32.0,-15.0,-34.0,-15.0,-34.0,-16.0,-33.0,-14.0,-31.0,-11.0,-27.0,-11.0,-22.0,-9.0,-17.0,-8.0,-11.0,-6.0,-4.0,-5.0,3.0,-4.0,10.0,-4.0,17.0,-3.0,22.0,-5.0,26.0,-7.0
2.9634,122.0,-96.0,7.0,0.0,0.0,0.0,0.0,0.0,0.0,0.0,0.0,0.0,-5.0,23.0,-4.0,19.0,-4.0,14.0,-4.0,8.0,-4.0,2.0,-4.0,-5.0,-5.0,-11.0,-6.0,-18.0,-7.0,-24.0,-9.0,-27.0,-10.0,-32.0,-12.0,-34.0,-13.0,-35.0,-13.0,-36.0,-13.0,-34.0,-13.0,-29.0,-12.0,-27.0,-9.0,-22.0,-7.0,-18.0,-3.0,-11.0,1.0,-6.0,4.0,0.0,10.0,5.0,14.0,10.0,19.0,12.0,23.0,14.0
2.9778,122.0,-96.0,7.0,0.0,0.0,0.0,0.0,0.0,0.0,0.0,0.0,0.0,-1.0,-18.0,0.0,-22.0,0.0,-24.0,0.0,-27.0,0.0,-28.0,0.0,-29.0,0.0,-27.0,-1.0,-25.0,0.0,-23.0,0.0,-18.0,0.0,-14.0,1.0,-9.0,2.0,-4.0,3.0,2.0,5.0,7.0,6.0,12.0,8.0,18.0,9.0,21.0,11.0,24.0,12.0,25.0,13.0,26.0,14.0,26.0,13.0,24.0,12.0,22.0,11.0,19.0,9.0,14.0
2.9907,122.0,-96.0,7.0,0.0,0.0,0.0,0.0,0.0,0.0,0.0,0.0,0.0,16.0,3.0,19.0,4.0,22.0,5.0,24.0,6.0,26.0,6.0,27.0,6.0,26.0,6.0,24.0,6.0,22.0,6.0,18.0,4.0,13.0,3.0,8.0,3.0,3.0,3.0,-3.0,2.0,-9.0,2.0,-14.0,2.0,-19.0,3.0,-23.0,4.0,-27.0,4.0,-28.0,5.0,-29.0,6.0,-30.0,6.0,-28.0,7.0,-25.0,7.0,-22.0,6.0,-17.0,5.0
3.0055,122.0,-96.0,7.0,0.0,0.0,0.0,0.0,0.0,0.0,0.0,0.0,0.0,19.0,-20.0,20.0,-20.0,20.0,-20.0,19.0,-19.0,17.0,-17.0,14.0,-14.0,11.0,-11.0,7.0,-6.0,4.0,-2.0,1.0,4.0,-2.0,9.0,-5.0,13.0,-7.0,18.0,-9.0,23.0,-12.0,26.0,-13.0,29.0,-13.0,30.0,-12.0,31.0,-12.0,30.0,-10.0,27.0,-8.0,24.0,-7.0,19.0,-6.0,14.0,-5.0,9.0,-4.0,3.0,-4.0,-4.0
3.0185,122.0,-96.0,7.0,0.0,0.0,0.0,0.0,0.0,0.0,0.0,0.0,0.0,6.0,15.0,7.0,18.0,8.0,21.0,9.0,23.0,10.0,25.0,10.0,25.0,10.0,25.0,9.0,23.0,8.0,21.0,6.0,17.0,5.0,13.0,2.0,8.0,-1.0,4.0,-4.0,-1.0,-8.0,-5.0,-11.0,-10.0,-14.0,-13.0,-18.0,-16.0,-20.0,-18.0,-22.0,-20.0,-23.0,-20.0,-23.0,-20.0,-23.0,-18.0,-21.0,-16.0,-18.0,-14.0,-15.0,-11.0
3.0315,122.0,-96.0,7.0,0.0,0.0,0.0,0.0,0.0,0.0,0.0,0.0,0.0,-15.0,-21.0,-15.0,-22.0,-15.0,-22.0,-15.0,-20.0,-13.0,-18.0,-11.0,-15.0,-8.0,-12.0,-4.0,-8.0,0.0,-5.0,3.0,-1.0,8.0,2.0,12.0,5.0,16.0,8.0,19.0,10.0,23.0,13.0,24.0,14.0,26.0,13.0,26.0,13.0,26.0,12.0,24.0,11.0,21.0,8.0,17.0,7.0,12.0,5.0,8.0,4.0,2.0,3.0,-4.0,2.0
3.0403,122.0,-96.0,7.0,0.0,0.0,0.0,0.0,0.0,0.0,0.0,0.0,0.0,21.0,-5.0,21.0,-4.0,21.0,-4.0,21.0,-4.0,21.0,-3.0,22.0,-2.0,22.0,-2.0,21.0,-2.0,21.0,-1.0,21.0,-1.0,21.0,0.0,21.0,0.0,21.0,0.0,21.0,0.0,21.0,1.0,20.0,1.0,20.0,1.0,20.0,1.0,20.0,1.0,19.0,1.0,19.0,0.0,18.0,0.0,18.0,1.0,18.0,0.0,18.0,0.0,18.0,-1.0
3.0534,122.0,-96.0,7.0,0.0,0.0,0.0,0.0,0.0,0.0,0.0,0.0,0.0,25.0,11.0,25.0,11.0,25.0,11.0,23.0,10.0,20.0,9.0,16.0,7.0,12.0,6.0,6.0,4.0,1.0,3.0,-5.0,2.0,-11.0,1.0,-16.0,0.0,-21.0,0.0,-26.0,-1.0,-30.0,-1.0,-33.0,-1.0,-33.0,0.0,-33.0,0.0,-32.0,0.0,-29.0,1.0,-25.0,1.0,-21.0,1.0,-15.0,0.0,-10.0,-1.0,-5.0,-3.0,1.0,-5.0
3.0675,122.0,-96.0,7.0,0.0,0.0,0.0,0.0,0.0,0.0,0.0,0.0,0.0,-19.0,17.0,-19.0,17.0,-19.0,17.0,-18.0,16.0,-16.0,14.0,-13.0,11.0,-11.0,8.0,-7.0,4.0,-4.0,-1.0,-1.0,-5.0,1.0,-10.0,3.0,-14.0,6.0,-18.0,8.0,-22.0,9.0,-25.0,10.0,-28.0,10.0,-28.0,9.0,-29.0,8.0,-28.0,7.0,-26.0,5.0,-22.0,4.0,-19.0,3.0,-14.0,3.0,-9.0,3.0,-3.0,3.0,2.0
3.0795,122.0,-96.0,7.0,0.0,0.0,0.0,0.0,0.0,0.0,0.0,0.0,0.0,-20.0,24.0,-21.0,24.0,-21.0,25.0,-19.0,23.0,-18.0,21.0,-14.0,16.0,-12.0,12.0,-8.0,7.0,-6.0,1.0,-3.0,-5.0,0.0,-11.0,2.0,-17.0,4.0,-23.0,6.0,-28.0,8.0,-32.0,9.0,-35.0,8.0,-36.0,8.0,-37.0,7.0,-35.0,5.0,-33.0,4.0,-29.0,4.0,-24.0,3.0,-18.0,3.0,-11.0,3.0,-5.0,3.0,3.0
3.0921,122.0,-96.0,7.0,0.0,0.0,0.0,0.0,0.0,0.0,0.0,0.0,0.0,-21.0,-31.0,-22.0,-33.0,-21.0,-31.0,-20.0,-30.0,-18.0,-26.0,-14.0,-22.0,-11.0,-18.0,-6.0,-12.0,-1.0,-7.0,5.0,-1.0,11.0,4.0,17.0,9.0,22.0,13.0,28.0,16.0,32.0,20.0,35.0,21.0,37.0,21.0,37.0,20.0,36.0,19.0,33.0,17.0,30.0,15.0,24.0,12.0,17.0,9.0,11.0,7.0,3.0,4.0,-6.0,3.0
3.105,122.0,-96.0,7.0,0.0,0.0,0.0,0.0,0.0,0.0,0.0,0.0,0.0,4.0,0.0,0.0,4.0,-3.0,7.0,-7.0,12.0,-10.0,17.0,-12.0,20.0,-13.0,23.0,-15.0,26.0,-15.0,28.0,-15.0,28.0,-13.0,27.0,-13.0,26.0,-12.0,23.0,-9.0,19.0,-8.0,15.0,-5.0,9.0,-4.0,2.0,-4.0,-4.0,-3.0,-10.0,-3.0,-16.0,-3.0,-21.0,-5.0,-25.0,-5.0,-29.0,-7.0,-30.0,-8.0,-31.0,-8.0,-31.0
3.119,122.0,-96.0,7.0,0.0,0.0,0.0,0.0,0.0,0.0,0.0,0.0,0.0,-12.0,17.0,-14.0,21.0,-16.0,24.0,-18.0,26.0,-19.0,29.0,-19.0,29.0,-19.0,28.0,-18.0,26.0,-16.0,23.0,-13.0,19.0,-11.0,14.0,-8.0,8.0,-6.0,2.0,-3.0,-5.0,-1.0,-12.0,1.0,-17.0,3.0,-24.0,3.0,-29.0,4.0,-33.0,4.0,-36.0,4.0,-37.0,3.0,-37.0,2.0,-35.0,1.0,-32.0,0.0,-28.0,0.0,-22.0
3.1345,122.0,-96.0,7.0,0.0,0.0,0.0,0.0,0.0,0.0,0.0,0.0,0.0,-2.0,-19.0,-2.0,-23.0,-2.0,-26.0,-2.0,-29.0,-2.0,-31.0,-2.0,-31.0,-2.0,-31.0,-2.0,-29.0,-1.0,-26.0,-1.0,-21.0,-1.0,-16.0,0.0,-11.0,2.0,-5.0,3.0,2.0,6.0,7.0,7.0,13.0,9.0,18.0,12.0,22.0,14.0,25.0,16.0,27.0,17.0,28.0,17.0,27.0,17.0,25.0,16.0,22.0,14.0,19.0,11.0,15.0
3.141,122.0,-96.0,7.0,0.0,0.0,0.0,0.0,0.0,0.0,0.0,0.0,0.0,14.0,15.0,13.0,16.0,13.0,15.0,13.0,16.0,12.0,16.0,11.0,17.0,11.0,17.0,11.0,17.0,10.0,17.0,10.0,17.0,10.0,17.0,10.0,17.0,9.0,17.0,9.0,17.0,8.0,18.0,9.0,17.0,8.0,17.0,8.0,17.0,8.0,17.0,8.0,16.0,8.0,16.0,8.0,15.0,8.0,15.0,8.0,15.0,8.0,15.0,8.0,14.0
3.1542,122.0,-96.0,7.0,0.0,0.0,0.0,0.0,0.0,0.0,0.0,0.0,0.0,-4.0,0.0,-2.0,-6.0,0.0,-12.0,2.0,-17.0,4.0,-23.0,5.0,-28.0,6.0,-32.0,6.0,-35.0,5.0,-36.0,5.0,-37.0,4.0,-35.0,4.0,-32.0,3.0,-29.0,2.0,-24.0,3.0,-18.0,1.0,-11.0,3.0,-4.0,4.0,3.0,5.0,9.0,7.0,15.0,10.0,21.0,12.0,24.0,14.0,29.0,16.0,29.0,17.0,30.0,18.0,30.0
3.1671,122.0,-96.0,7.0,0.0,0.0,0.0,0.0,0.0,0.0,0.0,0.0,0.0,-23.0,17.0,-23.0,16.0,-23.0,17.0,-21.0,15.0,-20.0,13.0,-16.0,10.0,-13.0,8.0,-8.0,3.0,-5.0,-1.0,-1.0,-5.0,3.0,-10.0,6.0,-15.0,9.0,-19.0,12.0,-23.0,14.0,-26.0,15.0,-29.0,14.0,-29.0,14.0,-30.0,13.0,-29.0,11.0,-27.0,9.0,-24.0,8.0,-20.0,7.0,-14.0,5.0,-9.0,4.0,-3.0,3.0,3.0
3.1826,122.0,-96.0,7.0,0.0,0.0,0.0,0.0,0.0,0.0,0.0,0.0,0.0,17.0,15.0,14.0,12.0,11.0,9.0,6.0,7.0,0.0,4.0,-6.0,0.0,-12.0,-1.0,-18.0,-4.0,-24.0,-6.0,-28.0,-7.0,-33.0,-8.0,-35.0,-8.0,-37.0,-7.0,-37.0,-7.0,-36.0,-7.0,-32.0,-4.0,-29.0,-4.0,-24.0,-4.0,-18.0,-4.0,-12.0,-4.0,-5.0,-4.0,3.0,-5.0,10.0,-7.0,16.0,-8.0,20.0,-10.0,24.0,-13.0
3.1972,122.0,-96.0,7.0,0.0,0.0,0.0,0.0,0.0,0.0,0.0,0.0,0.0,4.0,2.0,-2.0,4.0,-7.0,6.0,-13.0,9.0,-18.0,12.0,-23.0,15.0,-25.0,18.0,-29.0,20.0,-29.0,21.0,-30.0,22.0,-27.0,21.0,-26.0,20.0,-24.0,19.0,-19.0,15.0,-16.0,11.0,-10.0,7.0,-6.0,1.0,-2.0,-5.0,1.0,-11.0,5.0,-17.0,7.0,-23.0,7.0,-27.0,9.0,-32.0,8.0,-34.0,7.0,-35.0,6.0,-35.0
3.2073,122.0,-96.0,7.0,0.0,0.0,0.0,0.0,0.0,0.0,0.0,0.0,0.0,18.0,-12.0,19.0,-12.0,19.0,-11.0,19.0,-11.0,20.0,-10.0,20.0,-10.0,20.0,-9.0,20.0,-9.0,20.0,-8.0,20.0,-8.0,20.0,-8.0,20.0,-8.0,20.0,-7.0,20.0,-7.0,20.0,-7.0,19.0,-6.0,19.0,-6.0,19.0,-6.0,19.0,-6.0,18.0,-6.0,18.0,-6.0,18.0,-6.0,17.0,-6.0,17.0,-6.0,17.0,-6.0,17.0,-7.0
3.2216,122.0,-96.0,7.0,0.0,0.0,0.0,0.0,0.0,0.0,0.0,0.0,0.0,22.0,-17.0,18.0,-15.0,14.0,-11.0,10.0,-6.0,5.0,-1.0,0.0,5.0,-3.0,11.0,-8.0,17.0,-12.0,23.0,-14.0,28.0,-17.0,32.0,-18.0,35.0,-18.0,37.0,-18.0,38.0,-16.0,37.0,-13.0,34.0,-12.0,30.0,-11.0,25.0,-9.0,19.0,-7.0,11.0,-5.0,4.0,-5.0,-5.0,-4.0,-13.0,-4.0,-20.0,-5.0,-26.0,-7.0,-31.0
3.2313,122.0,-96.0,7.0,0.0,0.0,0.0,0.0,0.0,0.0,0.0,0.0,0.0,14.0,13.0,14.0,13.0,13.0,13.0,13.0,14.0,13.0,15.0,12.0,15.0,13.0,15.0,12.0,15.0,12.0,15.0,11.0,15.0,11.0,15.0,11.0,15.0,10.0,15.0,10.0,15.0,10.0,15.0,9.0,15.0,9.0,15.0,9.0,15.0,9.0,15.0,9.0,14.0,9.0,14.0,9.0,14.0,9.0,14.0,9.0,13.0,10.0,13.0,10.0,12.0
3.2461,122.0,-96.0,7.0,0.0,0.0,0.0,0.0,0.0,0.0,0.0,0.0,0.0,16.0,11.0,13.0,9.0,10.0,7.0,6.0,5.0,1.0,3.0,-4.0,1.0,-9.0,0.0,-14.0,-2.0,-18.0,-3.0,-23.0,-3.0,-26.0,-5.0,-28.0,-4.0,-30.0,-4.0,-30.0,-4.0,-29.0,-3.0,-26.0,-1.0,-23.0,-1.0,-19.0,-2.0,-15.0,-2.0,-10.0,-2.0,-4.0,-3.0,1.0,-4.0,7.0,-6.0,12.0,-7.0,15.0,-9.0,18.0,-12.0
3.2602,122.0,-96.0,7.0,0.0,0.0,0.0,0.0,0.0,0.0,0.0,0.0,0.0,-3.0,1.0,-5.0,-3.0,-6.0,-8.0,-7.0,-12.0,-9.0,-16.0,-11.0,-20.0,-13.0,-22.0,-14.0,-25.0,-16.0,-25.0,-16.0,-25.0,-15.0,-23.0,-14.0,-22.0,-13.0,-20.0,-11.0,-16.0,-8.0,-13.0,-5.0,-8.0,-1.0,-4.0,4.0,-1.0,8.0,2.0,13.0,5.0,17.0,7.0,20.0,7.0,24.0,9.0,25.0,8.0,26.0,8.0,27.0,7.0
3.2756,122.0,-96.0,7.0,0.0,0.0,0.0,0.0,0.0,0.0,0.0,0.0,0.0,3.0,1.0,-1.0,5.0,-5.0,10.0,-8.0,14.0,-12.0,20.0,-14.0,23.0,-16.0,27.0,-18.0,30.0,-17.0,31.0,-18.0,32.0,-15.0,31.0,-15.0,29.0,-14.0,26.0,-11.0,21.0,-9.0,15.0,-6.0,9.0,-5.0,2.0,-4.0,-5.0,-3.0,-12.0,-2.0,-18.0,-3.0,-25.0,-4.0,-28.0,-4.0,-34.0,-6.0,-34.0,-7.0,-36.0,-8.0,-35.0
3.2844,122.0,-96.0,7.0,0.0,0.0,0.0,0.0,0.0,0.0,0.0,0.0,0.0,9.0,-17.0,9.0,-17.0,10.0,-16.0,10.0,-16.0,11.0,-16.0,11.0,-16.0,11.0,-15.0,12.0,-15.0,12.0,-15.0,12.0,-14.0,12.0,-14.0,12.0,-14.0,12.0,-14.0,12.0,-14.0,13.0,-13.0,12.0,-13.0,12.0,-12.0,12.0,-12.0,12.0,-12.0,12.0,-12.0,12.0,-12.0,11.0,-12.0,11.0,-12.0,11.0,-12.0,10.0,-12.0,10.0,-12.0
3.2977,122.0,-96.0,7.0,0.0,0.0,0.0,0.0,0.0,0.0,0.0,0.0,0.0,6.0,21.0,4.0,17.0,3.0,14.0,1.0,9.0,-2.0,4.0,-5.0,-2.0,-8.0,-6.0,-12.0,-11.0,-15.0,-15.0,-18.0,-19.0,-20.0,-22.0,-22.0,-23.0,-24.0,-24.0,-24.0,-24.0,-23.0,-22.0,-22.0,-19.0,-20.0,-17.0,-16.0,-15.0,-13.0,-12.0,-8.0,-8.0,-2.0,-6.0,4.0,-3.0,9.0,0.0,15.0,2.0,20.0,3.0,23.0,2.0
3.3096,122.0,-96.0,7.0,0.0,0.0,0.0,0.0,0.0,0.0,0.0,0.0,0.0,-1.0,-5.0,4.0,-2.0,9.0,3.0,14.0,6.0,19.0,9.0,24.0,11.0,28.0,12.0,31.0,14.0,32.0,13.0,33.0,14.0,32.0,12.0,30.0,11.0,27.0,11.0,23.0,9.0,17.0,7.0,10.0,4.0,3.0,3.0,-4.0,3.0,-11.0,3.0,-17.0,3.0,-24.0,5.0,-28.0,6.0,-33.0,7.0,-33.0,9.0,-35.0,10.0,-34.0,11.0
3.3238,122.0,-96.0,7.0,0.0,0.0,0.0,0.0,0.0,0.0,0.0,0.0,0.0,-2.0,4.0,-5.0,-1.0,-8.0,-6.0,-12.0,-11.0,-16.0,-16.0,-20.0,-20.0,-23.0,-22.0,-25.0,-25.0,-27.0,-25.0,-27.0,-26.0,-27.0,-23.0,-25.0,-22.0,-23.0,-21.0,-19.0,-17.0,-14.0,-14.0,-9.0,-9.0,-2.0,-5.0,4.0,-3.0,10.0,0.0,17.0,2.0,23.0,3.0,27.0,3.0,32.0,4.0,34.0,3.0,35.0,2.0,35.0,1.0
3.3383,122.0,-96.0,7.0,0.0,0.0,0.0,0.0,0.0,0.0,0.0,0.0,0.0,-2.0,25.0,-3.0,25.0,-3.0,25.0,-2.0,24.0,-2.0,21.0,-2.0,17.0,-2.0,14.0,-3.0,8.0,-3.0,3.0,-4.0,-2.0,-5.0,-8.0,-6.0,-12.0,-8.0,-17.0,-9.0,-22.0,-9.0,-25.0,-11.0,-28.0,-12.0,-28.0,-12.0,-28.0,-12.0,-27.0,-12.0,-25.0,-10.0,-21.0,-9.0,-18.0,-6.0,-13.0,-3.0,-9.0,0.0,-5.0,4.0,-1.0
3.3529,122.0,-96.0,7.0,0.0,0.0,0.0,0.0,0.0,0.0,0.0,0.0,0.0,-7.0,-17.0,-8.0,-21.0,-9.0,-23.0,-10.0,-25.0,-10.0,-26.0,-10.0,-27.0,-10.0,-26.0,-9.0,-24.0,-8.0,-22.0,-7.0,-18.0,-5.0,-13.0,-3.0,-9.0,1.0,-4.0,4.0,1.0,7.0,5.0,10.0,10.0,13.0,13.0,16.0,16.0,19.0,18.0,21.0,19.0,22.0,20.0,22.0,19.0,21.0,17.0,19.0,15.0,17.0,13.0,14.0,10.0
3.366,122.0,-96.0,7.0,0.0,0.0,0.0,0.0,0.0,0.0,0.0,0.0,0.0,-20.0,13.0,-17.0,11.0,-13.0,8.0,-9.0,4.0,-4.0,-1.0,1.0,-7.0,3.0,-11.0,7.0,-17.0,11.0,-22.0,13.0,-26.0,15.0,-30.0,15.0,-32.0,16.0,-34.0,16.0,-34.0,15.0,-33.0,12.0,-30.0,11.0,-27.0,9.0,-21.0,7.0,-17.0,5.0,-11.0,4.0,-3.0,3.0,3.0,2.0,11.0,2.0,17.0,3.0,22.0,5.0,27.0
3.3774,122.0,-96.0,7.0,0.0,0.0,0.0,0.0,0.0,0.0,0.0,0.0,0.0,-1.0,-4.0,5.0,-3.0,11.0,-2.0,16.0,-2.0,23.0,-2.0,28.0,-1.0,31.0,-2.0,35.0,-2.0,35.0,-3.0,36.0,-3.0,34.0,-4.0,32.0,-4.0,29.0,-3.0,23.0,-3.0,17.0,-1.0,10.0,-1.0,4.0,2.0,-3.0,5.0,-9.0,8.0,-14.0,11.0,-19.0,15.0,-22.0,18.0,-26.0,21.0,-26.0,22.0,-26.0,24.0,-26.0,25.0
3.3927,122.0,-96.0,7.0,0.0,0.0,0.0,0.0,0.0,0.0,0.0,0.0,0.0,11.0,25.0,11.0,26.0,11.0,26.0,11.0,24.0,9.0,22.0,7.0,18.0,5.0,14.0,2.0,9.0,-1.0,4.0,-5.0,-1.0,-9.0,-5.0,-12.0,-9.0,-16.0,-13.0,-20.0,-17.0,-23.0,-20.0,-25.0,-21.0,-26.0,-21.0,-27.0,-21.0,-26.0,-20.0,-25.0,-18.0,-21.0,-15.0,-18.0,-13.0,-13.0,-10.0,-8.0,-7.0,-2.0,-5.0,4.0,-3.0
3.407,122.0,-96.0,7.0,0.0,0.0,0.0,0.0,0.0,0.0,0.0,0.0,0.0,-25.0,-15.0,-26.0,-15.0,-25.0,-15.0,-23.0,-13.0,-21.0,-12.0,-17.0,-10.0,-12.0,-9.0,-7.0,-6.0,-2.0,-5.0,4.0,-3.0,10.0,-2.0,15.0,0.0,20.0,1.0,25.0,1.0,29.0,2.0,32.0,2.0,33.0,1.0,33.0,0.0,32.0,0.0,29.0,-1.0,25.0,-1.0,20.0,-1.0,15.0,0.0,10.0,0.0,4.0,2.0,-2.0,4.0
3.4212,122.0,-96.0,7.0,0.0,0.0,0.0,0.0,0.0,0.0,0.0,0.0,0.0,1.0,19.0,1.0,23.0,1.0,26.0,1.0,29.0,2.0,30.0,2.0,31.0,2.0,29.0,2.0,27.0,1.0,24.0,1.0,19.0,0.0,14.0,-1.0,9.0,-3.0,3.0,-4.0,-3.0,-7.0,-9.0,-9.0,-14.0,-11.0,-20.0,-14.0,-23.0,-15.0,-26.0,-17.0,-28.0,-18.0,-29.0,-18.0,-29.0,-18.0,-26.0,-17.0,-23.0,-15.0,-20.0,-12.0,-16.0
3.4342,122.0,-96.0,7.0,0.0,0.0,0.0,0.0,0.0,0.0,0.0,0.0,0.0,17.0,-13.0,22.0,-16.0,24.0,-18.0,27.0,-19.0,28.0,-21.0,28.0,-21.0,27.0,-20.0,25.0,-19.0,22.0,-17.0,18.0,-13.0,13.0,-10.0,9.0,-5.0,5.0,0.0,0.0,5.0,-4.0,11.0,-9.0,16.0,-12.0,21.0,-14.0,26.0,-16.0,29.0,-17.0,32.0,-17.0,33.0,-16.0,33.0,-15.0,32.0,-13.0,29.0,-11.0,25.0,-9.0,20.0
3.4478,122.0,-96.0,7.0,0.0,0.0,0.0,0.0,0.0,0.0,0.0,0.0,0.0,9.0,14.0,11.0,17.0,13.0,20.0,14.0,22.0,15.0,23.0,15.0,23.0,15.0,22.0,14.0,20.0,12.0,18.0,9.0,15.0,7.0,11.0,3.0,7.0,-1.0,3.0,-5.0,-1.0,-10.0,-4.0,-13.0,-8.0,-17.0,-10.0,-21.0,-12.0,-24.0,-13.0,-26.0,-14.0,-27.0,-14.0,-27.0,-14.0,-26.0,-12.0,-24.0,-11.0,-21.0,-9.0,-17.0,-7.0
3.4611,122.0,-96.0,7.0,0.0,0.0,0.0,0.0,0.0,0.0,0.0,0.0,0.0,9.0,-15.0,11.0,-18.0,12.0,-21.0,13.0,-23.0,14.0,-24.0,14.0,-24.0,14.0,-23.0,13.0,-22.0,12.0,-19.0,9.0,-16.0,7.0,-12.0,5.0,-7.0,3.0,-2.0,1.0,4.0,0.0,9.0,-2.0,14.0,-3.0,19.0,-3.0,23.0,-3.0,26.0,-3.0,28.0,-3.0,30.0,-2.0,29.0,-1.0,28.0,0.0,25.0,0.0,21.0,0.0,17.0
3.4715,122.0,-96.0,7.0,0.0,0.0,0.0,0.0,0.0,0.0,0.0,0.0,0.0,-27.0,-5.0,-27.0,-6.0,-27.0,-6.0,-27.0,-7.0,-27.0,-8.0,-27.0,-9.0,-26.0,-9.0,-26.0,-9.0,-26.0,-10.0,-25.0,-10.0,-25.0,-11.0,-25.0,-11.0,-25.0,-11.0,-24.0,-12.0,-24.0,-11.0,-24.0,-11.0,-23.0,-11.0,-23.0,-11.0,-22.0,-11.0,-22.0,-11.0,-22.0,-10.0,-22.0,-10.0,-21.0,-10.0,-21.0,-10.0,-22.0,-9.0,-21.0,-9.0
3.4858,122.0,-96.0,7.0,0.0,0.0,0.0,0.0,0.0,0.0,0.0,0.0,0.0,20.0,0.0,16.0,0.0,13.0,0.0,8.0,1.0,3.0,2.0,-3.0,3.0,-7.0,5.0,-12.0,6.0,-17.0,8.0,-21.0,10.0,-24.0,10.0,-26.0,12.0,-27.0,13.0,-27.0,13.0,-25.0,13.0,-23.0,13.0,-20.0,12.0,-17.0,9.0,-13.0,7.0,-9.0,4.0,-5.0,-1.0,-1.0,-5.0,3.0,-9.0,6.0,-13.0,8.0,-17.0,8.0,-21.0
3.4996,122.0,-96.0,7.0,0.0,0.0,0.0,0.0,0.0,0.0,0.0,0.0,0.0,20.0,-19.0,21.0,-19.0,22.0,-19.0,20.0,-18.0,18.0,-16.0,14.0,-14.0,12.0,-10.0,8.0,-6.0,5.0,-1.0,1.0,4.0,-2.0,9.0,-5.0,14.0,-8.0,18.0,-10.0,23.0,-12.0,27.0,-13.0,30.0,-13.0,30.0,-12.0,31.0,-11.0,30.0,-10.0,28.0,-8.0,24.0,-7.0,20.0,-6.0,14.0,-5.0,9.0,-4.0,3.0,-4.0,-4.0
3.5151,122.0,-96.0,7.0,0.0,0.0,0.0,0.0,0.0,0.0,0.0,0.0,0.0,4.0,1.0,-1.0,4.0,-6.0,7.0,-11.0,11.0,-16.0,15.0,-20.0,19.0,-22.0,22.0,-25.0,25.0,-25.0,26.0,-25.0,27.0,-23.0,26.0,-22.0,25.0,-20.0,22.0,-16.0,19.0,-13.0,14.0,-9.0,8.0,-6.0,2.0,-3.0,-5.0,0.0,-12.0,1.0,-18.0,2.0,-25.0,2.0,-28.0,3.0,-33.0,1.0,-35.0,1.0,-36.0,0.0,-36.0
3.5242,122.0,-96.0,7.0,0.0,0.0,0.0,0.0,0.0,0.0,0.0,0.0,0.0,2.0,-20.0,3.0,-20.0,3.0,-20.0,4.0,-20.0,5.0,-20.0,5.0,-20.0,5.0,-20.0,6.0,-20.0,6.0,-19.0,7.0,-19.0,7.0,-19.0,7.0,-19.0,7.0,-18.0,7.0,-18.0,7.0,-18.0,7.0,-17.0,7.0,-18.0,7.0,-17.0,7.0,-17.0,7.0,-17.0,7.0,-17.0,7.0,-16.0,7.0,-16.0,6.0,-16.0,6.0,-16.0,5.0,-16.0
3.5378,122.0,-96.0,7.0,0.0,0.0,0.0,0.0,0.0,0.0,0.0,0.0,0.0,-12.0,-20.0,-10.0,-17.0,-8.0,-13.0,-4.0,-9.0,0.0,-5.0,4.0,0.0,8.0,3.0,13.0,7.0,17.0,11.0,21.0,13.0,24.0,15.0,26.0,16.0,28.0,16.0,29.0,17.0,28.0,16.0,25.0,13.0,22.0,12.0,18.0,10.0,14.0,8.0,8.0,5.0,2.0,4.0,-4.0,2.0,-10.0,1.0,-16.0,0.0,-21.0,1.0,-25.0,2.0
3.5518,122.0,-96.0,7.0,0.0,0.0,0.0,0.0,0.0,0.0,0.0,0.0,0.0,-18.0,3.0,-22.0,3.0,-24.0,4.0,-27.0,4.0,-28.0,5.0,-28.0,5.0,-27.0,5.0,-25.0,4.0,-23.0,3.0,-18.0,2.0,-14.0,1.0,-9.0,0.0,-4.0,-2.0,2.0,-5.0,6.0,-8.0,11.0,-9.0,15.0,-12.0,19.0,-15.0,21.0,-16.0,22.0,-18.0,23.0,-19.0,23.0,-19.0,21.0,-18.0,19.0,-17.0,16.0,-15.0,12.0,-13.0
3.5666,122.0,-96.0,7.0,0.0,0.0,0.0,0.0,0.0,0.0,0.0,0.0,0.0,2.0,3.0,-4.0,3.0,-10.0,3.0,-16.0,4.0,-22.0,4.0,-28.0,5.0,-31.0,6.0,-35.0,6.0,-35.0,8.0,-36.0,8.0,-34.0,9.0,-32.0,9.0,-30.0,8.0,-24.0,7.0,-19.0,4.0,-12.0,2.0,-6.0,-1.0,0.0,-6.0,6.0,-10.0,12.0,-13.0,16.0,-18.0,18.0,-21.0,22.0,-25.0,21.0,-28.0,21.0,-29.0,21.0,-29.0
3.5792,122.0,-96.0,7.0,0.0,0.0,0.0,0.0,0.0,0.0,0.0,0.0,0.0,6.0,-18.0,8.0,-22.0,9.0,-25.0,10.0,-27.0,11.0,-29.0,10.0,-29.0,11.0,-29.0,10.0,-27.0,9.0,-24.0,8.0,-20.0,6.0,-15.0,4.0,-9.0,3.0,-3.0,2.0,3.0,2.0,9.0,1.0,15.0,1.0,21.0,2.0,26.0,2.0,29.0,2.0,32.0,2.0,33.0,3.0,32.0,4.0,31.0,4.0,28.0,4.0,24.0,3.0,19.0
3.5927,122.0,-96.0,7.0,0.0,0.0,0.0,0.0,0.0,0.0,0.0,0.0,0.0,-26.0,12.0,-28.0,12.0,-27.0,11.0,-25.0,11.0,-23.0,9.0,-19.0,8.0,-15.0,5.0,-10.0,2.0,-5.0,-1.0,-1.0,-5.0,4.0,-9.0,8.0,-13.0,12.0,-17.0,16.0,-20.0,19.0,-23.0,21.0,-24.0,21.0,-26.0,21.0,-26.0,20.0,-26.0,18.0,-24.0,15.0,-21.0,12.0,-18.0,9.0,-13.0,7.0,-8.0,4.0,-2.0,2.0,4.0
3.6059,122.0,-96.0,7.0,0.0,0.0,0.0,0.0,0.0,0.0,0.0,0.0,0.0,-4.0,-3.0,1.0,-5.0,6.0,-6.0,11.0,-8.0,17.0,-10.0,21.0,-12.0,24.0,-14.0,27.0,-15.0,27.0,-17.0,28.0,-18.0,26.0,-17.0,24.0,-16.0,23.0,-14.0,18.0,-12.0,14.0,-9.0,8.0,-6.0,3.0,-1.0,0.0,4.0,-4.0,9.0,-7.0,14.0,-10.0,19.0,-10.0,22.0,-13.0,27.0,-12.0,28.0,-12.0,29.0,-11.0,30.0
3.6183,122.0,-96.0,7.0,0.0,0.0,0.0,0.0,0.0,0.0,0.0,0.0,0.0,13.0,6.0,16.0,8.0,17.0,11.0,20.0,11.0,22.0,12.0,22.0,12.0,21.0,12.0,20.0,10.0,18.0,10.0,14.0,8.0,10.0,6.0,6.0,4.0,1.0,3.0,-3.0,1.0,-9.0,1.0,-13.0,-1.0,-18.0,-1.0,-22.0,-1.0,-24.0,-1.0,-26.0,-1.0,-28.0,0.0,-28.0,0.0,-26.0,1.0,-23.0,1.0,-20.0,1.0,-17.0,1.0
3.6307,122.0,-96.0,7.0,0.0,0.0,0.0,0.0,0.0,0.0,0.0,0.0,0.0,-14.0,-17.0,-12.0,-14.0,-9.0,-11.0,-5.0,-8.0,0.0,-4.0,5.0,0.0,10.0,2.0,15.0,5.0,20.0,8.0,23.0,10.0,27.0,12.0,29.0,12.0,30.0,12.0,31.0,13.0,30.0,11.0,26.0,8.0,23.0,8.0,18.0,7.0,14.0,5.0,9.0,4.0,1.0,4.0,-3.0,3.0,-10.0,3.0,-16.0,2.0,-21.0,4.0,-25.0,5.0
3.6432,122.0,-96.0,7.0,0.0,0.0,0.0,0.0,0.0,0.0,0.0,0.0,0.0,3.0,16.0,4.0,19.0,5.0,23.0,5.0,25.0,6.0,27.0,6.0,27.0,6.0,26.0,5.0,25.0,4.0,22.0,4.0,18.0,2.0,14.0,1.0,8.0,-2.0,4.0,-4.0,-2.0,-7.0,-6.0,-10.0,-11.0,-12.0,-15.0,-15.0,-19.0,-17.0,-21.0,-18.0,-23.0,-20.0,-24.0,-20.0,-24.0,-20.0,-21.0,-18.0,-19.0,-16.0,-16.0,-13.0,-13.0
3.6568,122.0,-96.0,7.0,0.0,0.0,0.0,0.0,0.0,0.0,0.0,0.0,0.0,14.0,5.0,17.0,8.0,20.0,10.0,23.0,11.0,24.0,11.0,25.0,12.0,24.0,12.0,23.0,11.0,20.0,10.0,16.0,8.0,12.0,6.0,7.0,4.0,2.0,3.0,-4.0,2.0,-10.0,1.0,-14.0,0.0,-20.0,-1.0,-24.0,0.0,-27.0,0.0,-29.0,0.0,-31.0,1.0,-31.0,1.0,-28.0,2.0,-26.0,2.0,-23.0,2.0,-18.0,2.0
3.672,122.0,-96.0,7.0,0.0,0.0,0.0,0.0,0.0,0.0,0.0,0.0,0.0,15.0,14.0,12.0,11.0,9.0,9.0,5.0,6.0,0.0,3.0,-6.0,0.0,-11.0,-2.0,-16.0,-4.0,-21.0,-6.0,-26.0,-7.0,-29.0,-9.0,-31.0,-8.0,-33.0,-8.0,-33.0,-8.0,-32.0,-7.0,-29.0,-5.0,-26.0,-5.0,-21.0,-4.0,-16.0,-4.0,-10.0,-4.0,-4.0,-4.0,2.0,-4.0,9.0,-5.0,15.0,-6.0,19.0,-8.0,22.0,-10.0
3.6858,122.0,-96.0,7.0,0.0,0.0,0.0,0.0,0.0,0.0,0.0,0.0,0.0,-1.0,22.0,-1.0,18.0,-1.0,14.0,-2.0,9.0,-3.0,3.0,-4.0,-3.0,-6.0,-8.0,-8.0,-14.0,-10.0,-19.0,-11.0,-23.0,-13.0,-27.0,-14.0,-29.0,-15.0,-30.0,-15.0,-31.0,-16.0,-29.0,-16.0,-26.0,-13.0,-23.0,-11.0,-19.0,-8.0,-15.0,-5.0,-10.0,0.0,-6.0,4.0,-1.0,9.0,4.0,13.0,8.0,18.0,10.0,21.0,11.0
3.7015,122.0,-96.0,7.0,0.0,0.0,0.0,0.0,0.0,0.0,0.0,0.0,0.0,2.0,2.0,-3.0,3.0,-9.0,3.0,-14.0,4.0,-19.0,5.0,-24.0,6.0,-27.0,7.0,-31.0,8.0,-31.0,9.0,-32.0,9.0,-30.0,10.0,-28.0,9.0,-26.0,8.0,-21.0,7.0,-17.0,4.0,-10.0,3.0,-5.0,-1.0,0.0,-5.0,5.0,-9.0,9.0,-13.0,12.0,-18.0,14.0,-21.0,17.0,-24.0,16.0,-26.0,17.0,-27.0,16.0,-28.0
3.7155,122.0,-96.0,7.0,0.0,0.0,0.0,0.0,0.0,0.0,0.0,0.0,0.0,18.0,11.0,14.0,9.0,10.0,7.0,6.0,5.0,0.0,3.0,-6.0,1.0,-11.0,0.0,-17.0,-1.0,-22.0,-3.0,-26.0,-3.0,-30.0,-5.0,-32.0,-4.0,-33.0,-4.0,-34.0,-3.0,-32.0,-3.0,-29.0,-1.0,-26.0,-1.0,-21.0,-1.0,-17.0,-2.0,-11.0,-2.0,-4.0,-3.0,2.0,-5.0,8.0,-6.0,14.0,-8.0,18.0,-11.0,21.0,-13.0
3.726,122.0,-96.0,7.0,0.0,0.0,0.0,0.0,0.0,0.0,0.0,0.0,0.0,2.0,-22.0,2.0,-21.0,3.0,-22.0,4.0,-21.0,4.0,-22.0,4.0,-22.0,5.0,-21.0,5.0,-21.0,6.0,-21.0,6.0,-21.0,6.0,-20.0,6.0,-20.0,6.0,-20.0,6.0,-20.0,7.0,-19.0,7.0,-19.0,7.0,-18.0,7.0,-19.0,7.0,-18.0,6.0,-18.0,6.0,-18.0,6.0,-17.0,6.0,-18.0,5.0,-17.0,5.0,-17.0,4.0,-17.0
3.7353,122.0,-96.0,7.0,0.0,0.0,0.0,0.0,0.0,0.0,0.0,0.0,0.0,3.0,-21.0,4.0,-21.0,4.0,-20.0,4.0,-20.0,5.0,-21.0,6.0,-20.0,6.0,-20.0,6.0,-20.0,6.0,-19.0,7.0,-19.0,7.0,-19.0,7.0,-19.0,7.0,-18.0,7.0,-18.0,7.0,-18.0,7.0,-18.0,7.0,-17.0,8.0,-17.0,7.0,-17.0,7.0,-17.0,6.0,-17.0,6.0,-16.0,6.0,-17.0,6.0,-16.0,5.0,-16.0,5.0,-16.0
3.7481,122.0,-96.0,7.0,0.0,0.0,0.0,0.0,0.0,0.0,0.0,0.0,0.0,-26.0,13.0,-27.0,13.0,-27.0,13.0,-25.0,12.0,-23.0,10.0,-19.0,8.0,-15.0,6.0,-10.0,3.0,-5.0,-1.0,-1.0,-5.0,4.0,-9.0,8.0,-13.0,12.0,-17.0,15.0,-20.0,19.0,-23.0,20.0,-26.0,20.0,-27.0,20.0,-27.0,19.0,-26.0,17.0,-25.0,14.0,-22.0,11.0,-18.0,9.0,-13.0,7.0,-8.0,4.0,-3.0,2.0,4.0
3.7622,122.0,-96.0,7.0,0.0,0.0,0.0,0.0,0.0,0.0,0.0,0.0,0.0,-2.0,4.0,-5.0,-2.0,-8.0,-7.0,-12.0,-12.0,-16.0,-17.0,-19.0,-21.0,-22.0,-23.0,-25.0,-26.0,-26.0,-26.0,-27.0,-27.0,-26.0,-25.0,-25.0,-23.0,-22.0,-22.0,-19.0,-17.0,-14.0,-14.0,-9.0,-9.0,-2.0,-5.0,4.0,-3.0,11.0,0.0,17.0,3.0,23.0,4.0,27.0,4.0,32.0,5.0,34.0,4.0,35.0,3.0,35.0,2.0
3.7764,122.0,-96.0,7.0,0.0,0.0,0.0,0.0,0.0,0.0,0.0,0.0,0.0,-28.0,6.0,-29.0,5.0,-29.0,6.0,-26.0,5.0,-24.0,4.0,-19.0,3.0,-15.0,2.0,-9.0,0.0,-4.0,-3.0,1.0,-5.0,7.0,-8.0,11.0,-11.0,16.0,-14.0,20.0,-16.0,24.0,-19.0,25.0,-20.0,25.0,-21.0,25.0,-22.0,24.0,-21.0,22.0,-20.0,18.0,-18.0,15.0,-15.0,11.0,-11.0,8.0,-6.0,4.0,-1.0,1.0,4.0
3.7894,122.0,-96.0,7.0,0.0,0.0,0.0,0.0,0.0,0.0,0.0,0.0,0.0,-9.0,-23.0,-7.0,-19.0,-6.0,-14.0,-2.0,-10.0,1.0,-4.0,5.0,2.0,9.0,6.0,14.0,11.0,18.0,15.0,21.0,19.0,25.0,22.0,26.0,23.0,28.0,23.0,29.0,23.0,28.0,22.0,26.0,18.0,23.0,16.0,18.0,13.0,14.0,11.0,8.0,7.0,2.0,5.0,-5.0,2.0,-12.0,0.0,-19.0,-2.0,-24.0,-1.0,-29.0,-1.0
3.8027,122.0,-96.0,7.0,0.0,0.0,0.0,0.0,0.0,0.0,0.0,0.0,0.0,25.0,-5.0,25.0,-5.0,25.0,-5.0,24.0,-5.0,21.0,-5.0,17.0,-4.0,14.0,-3.0,8.0,-1.0,4.0,1.0,-1.0,3.0,-6.0,6.0,-11.0,9.0,-15.0,11.0,-19.0,14.0,-22.0,16.0,-24.0,17.0,-24.0,18.0,-24.0,19.0,-23.0,19.0,-21.0,17.0,-17.0,15.0,-15.0,13.0,-11.0,9.0,-8.0,5.0,-5.0,1.0,-2.0,-5.0
3.8157,122.0,-96.0,7.0,0.0,0.0,0.0,0.0,0.0,0.0,0.0,0.0,0.0,9.0,-15.0,11.0,-18.0,13.0,-20.0,14.0,-22.0,15.0,-24.0,15.0,-24.0,15.0,-23.0,14.0,-22.0,13.0,-20.0,11.0,-17.0,8.0,-12.0,5.0,-7.0,3.0,-3.0,1.0,3.0,0.0,9.0,-3.0,13.0,-4.0,18.0,-4.0,23.0,-5.0,26.0,-5.0,28.0,-4.0,30.0,-4.0,30.0,-3.0,28.0,-3.0,25.0,-2.0,22.0,-2.0,17.0
3.8301,122.0,-96.0,7.0,0.0,0.0,0.0,0.0,0.0,0.0,0.0,0.0,0.0,2.0,2.0,-2.0,4.0,-7.0,6.0,-12.0,10.0,-16.0,13.0,-19.0,16.0,-21.0,19.0,-24.0,21.0,-23.0,23.0,-24.0,22.0,-22.0,22.0,-21.0,20.0,-19.0,18.0,-15.0,15.0,-13.0,11.0,-7.0,7.0,-4.0,0.0,-2.0,-5.0,0.0,-11.0,2.0,-17.0,4.0,-22.0,3.0,-26.0,5.0,-30.0,4.0,-31.0,4.0,-32.0,3.0,-32.0
3.8434,122.0,-96.0,7.0,0.0,0.0,0.0,0.0,0.0,0.0,0.0,0.0,0.0,15.0,9.0,18.0,10.0,20.0,12.0,22.0,13.0,24.0,14.0,24.0,13.0,23.0,13.0,21.0,12.0,19.0,11.0,15.0,9.0,11.0,7.0,6.0,5.0,1.0,3.0,-5.0,1.0,-10.0,0.0,-15.0,-1.0,-20.0,-2.0,-24.0,-2.0,-27.0,-2.0,-30.0,-2.0,-31.0,-2.0,-30.0,-1.0,-29.0,0.0,-26.0,1.0,-23.0,1.0,-18.0,1.0
3.8582,122.0,-96.0,7.0,0.0,0.0,0.0,0.0,0.0,0.0,0.0,0.0,0.0,14.0,-25.0,15.0,-26.0,14.0,-26.0,13.0,-24.0,12.0,-22.0,10.0,-18.0,8.0,-14.0,6.0,-8.0,4.0,-3.0,2.0,3.0,1.0,9.0,-1.0,14.0,-2.0,20.0,-3.0,25.0,-4.0,29.0,-4.0,32.0,-3.0,33.0,-3.0,33.0,-2.0,32.0,-2.0,29.0,-1.0,26.0,-1.0,21.0,-1.0,15.0,-2.0,10.0,-3.0,4.0,-5.0,-3.0
3.8712,122.0,-96.0,7.0,0.0,0.0,0.0,0.0,0.0,0.0,0.0,0.0,0.0,1.0,-4.0,6.0,0.0,9.0,5.0,14.0,9.0,19.0,12.0,24.0,16.0,27.0,17.0,30.0,19.0,31.0,18.0,31.0,18.0,30.0,17.0,28.0,16.0,26.0,14.0,21.0,11.0,15.0,9.0,9.0,6.0,2.0,4.0,-6.0,2.0,-12.0,1.0,-18.0,0.0,-25.0,1.0,-29.0,1.0,-33.0,2.0,-35.0,3.0,-36.0,4.0,-36.0,6.0
3.885,122.0,-96.0,7.0,0.0,0.0,0.0,0.0,0.0,0.0,0.0,0.0,0.0,-10.0,-20.0,-12.0,-24.0,-13.0,-28.0,-14.0,-30.0,-15.0,-33.0,-16.0,-33.0,-16.0,-32.0,-14.0,-30.0,-13.0,-27.0,-11.0,-22.0,-8.0,-17.0,-4.0,-11.0,0.0,-6.0,4.0,0.0,9.0,5.0,13.0,11.0,18.0,16.0,22.0,19.0,25.0,21.0,28.0,22.0,30.0,23.0,29.0,22.0,29.0,20.0,26.0,18.0,23.0,15.0,18.0,12.0
3.8967,122.0,-96.0,7.0,0.0,0.0,0.0,0.0,0.0,0.0,0.0,0.0,0.0,-2.0,-5.0,4.0,-2.0,9.0,0.0,16.0,2.0,21.0,4.0,27.0,5.0,31.0,6.0,35.0,7.0,35.0,6.0,36.0,6.0,35.0,4.0,33.0,4.0,30.0,4.0,24.0,3.0,18.0,3.0,11.0,2.0,4.0,2.0,-3.0,4.0,-10.0,5.0,-17.0,6.0,-23.0,9.0,-26.0,11.0,-31.0,13.0,-32.0,16.0,-32.0,16.0,-32.0,17.0
3.9094,122.0,-96.0,7.0,0.0,0.0,0.0,0.0,0.0,0.0,0.0,0.0,0.0,-4.0,-2.0,-1.0,-7.0,3.0,-12.0,6.0,-17.0,8.0,-22.0,10.0,-27.0,11.0,-30.0,13.0,-34.0,12.0,-35.0,12.0,-35.0,10.0,-34.0,10.0,-32.0,9.0,-29.0,7.0,-23.0,6.0,-18.0,4.0,-10.0,3.0,-3.0,3.0,4.0,3.0,10.0,4.0,17.0,5.0,24.0,7.0,27.0,8.0,32.0,9.0,33.0,11.0,34.0,11.0,34.0
3.924,122.0,-96.0,7.0,0.0,0.0,0.0,0.0,0.0,0.0,0.0,0.0,0.0,2.0,2.0,-3.0,4.0,-8.0,6.0,-13.0,9.0,-17.0,12.0,-21.0,15.0,-23.0,17.0,-26.0,19.0,-25.0,20.0,-26.0,20.0,-24.0,20.0,-22.0,19.0,-21.0,17.0,-17.0,14.0,-14.0,10.0,-8.0,6.0,-5.0,0.0,-1.0,-5.0,1.0,-11.0,4.0,-16.0,5.0,-22.0,5.0,-25.0,7.0,-29.0,6.0,-31.0,6.0,-32.0,4.0,-32.0
3.9332,122.0,-96.0,7.0,0.0,0.0,0.0,0.0,0.0,0.0,0.0,0.0,0.0,20.0,12.0,20.0,13.0,19.0,13.0,19.0,14.0,18.0,15.0,18.0,15.0,18.0,15.0,18.0,15.0,18.0,16.0,17.0,16.0,16.0,16.0,17.0,16.0,16.0,16.0,16.0,16.0,15.0,16.0,15.0,16.0,15.0,16.0,15.0,16.0,14.0,15.0,14.0,14.0,14.0,14.0,14.0,14.0,14.0,14.0,14.0,13.0,14.0,13.0,14.0,13.0
3.9471,122.0,-96.0,7.0,0.0,0.0,0.0,0.0,0.0,0.0,0.0,0.0,0.0,12.0,22.0,9.0,18.0,7.0,14.0,3.0,10.0,-1.0,5.0,-5.0,-1.0,-10.0,-5.0,-15.0,-10.0,-20.0,-13.0,-24.0,-17.0,-28.0,-20.0,-30.0,-20.0,-32.0,-21.0,-33.0,-21.0,-31.0,-19.0,-30.0,-16.0,-26.0,-14.0,-22.0,-13.0,-17.0,-10.0,-10.0,-7.0,-4.0,-6.0,3.0,-4.0,11.0,-2.0,18.0,-1.0,23.0,-2.0,27.0,-3.0
3.9611,122.0,-96.0,7.0,0.0,0.0,0.0,0.0,0.0,0.0,0.0,0.0,0.0,15.0,7.0,18.0,8.0,21.0,10.0,23.0,11.0,25.0,12.0,25.0,11.0,25.0,11.0,23.0,10.0,21.0,9.0,17.0,8.0,13.0,6.0,8.0,4.0,2.0,3.0,-4.0,2.0,-9.0,2.0,-15.0,0.0,-20.0,0.0,-25.0,1.0,-27.0,1.0,-30.0,1.0,-31.0,2.0,-31.0,3.0,-29.0,3.0,-26.0,3.0,-22.0,3.0,-18.0,3.0
3.9744,122.0,-96.0,7.0,0.0,0.0,0.0,0.0,0.0,0.0,0.0,0.0,0.0,7.0,-19.0,9.0,-23.0,10.0,-25.0,12.0,-27.0,12.0,-29.0,12.0,-29.0,12.0,-28.0,11.0,-26.0,10.0,-23.0,8.0,-19.0,6.0,-14.0,4.0,-9.0,3.0,-3.0,2.0,4.0,1.0,10.0,0.0,16.0,-1.0,21.0,0.0,26.0,0.0,29.0,0.0,32.0,1.0,33.0,2.0,33.0,2.0,31.0,3.0,28.0,3.0,24.0,2.0,19.0
3.9843,122.0,-96.0,7.0,0.0,0.0,0.0,0.0,0.0,0.0,0.0,0.0,0.0,-17.0,-15.0,-16.0,-14.0,-17.0,-16.0,-16.0,-15.0,-16.0,-17.0,-15.0,-16.0,-15.0,-16.0,-15.0,-17.0,-14.0,-17.0,-14.0,-17.0,-13.0,-17.0,-13.0,-17.0,-13.0,-17.0,-12.0,-17.0,-12.0,-17.0,-12.0,-17.0,-12.0,-16.0,-12.0,-17.0,-11.0,-16.0,-12.0,-15.0,-12.0,-15.0,-12.0,-15.0,-12.0,-15.0,-11.0,-15.0,-11.0,-14.0,-11.0,-13.0
3.994,122.0,-96.0,7.0,0.0,0.0,0.0,0.0,0.0,0.0,0.0,0.0,0.0,20.0,-6.0,21.0,-6.0,21.0,-5.0,21.0,-5.0,21.0,-4.0,21.0,-4.0,21.0,-3.0,21.0,-3.0,21.0,-3.0,21.0,-2.0,20.0,-2.0,20.0,-2.0,20.0,-1.0,20.0,-1.0,20.0,0.0,19.0,-1.0,19.0,-1.0,19.0,0.0,19.0,0.0,18.0,-1.0,18.0,-1.0,17.0,-1.0,17.0,-1.0,17.0,-2.0,17.0,-2.0,17.0,-2.0
4.0077,122.0,-96.0,7.0,0.0,0.0,0.0,0.0,0.0,0.0,0.0,0.0,0.0,-23.0,5.0,-19.0,4.0,-14.0,3.0,-11.0,1.0,-5.0,-2.0,1.0,-5.0,5.0,-8.0,11.0,-11.0,15.0,-14.0,18.0,-17.0,22.0,-20.0,23.0,-22.0,24.0,-23.0,24.0,-24.0,23.0,-24.0,19.0,-22.0,18.0,-20.0,14.0,-16.0,12.0,-12.0,8.0,-8.0,4.0,-2.0,1.0,4.0,-1.0,10.0,-4.0,15.0,-4.0,20.0,-4.0,24.0
4.0217,122.0,-96.0,7.0,0.0,0.0,0.0,0.0,0.0,0.0,0.0,0.0,0.0,8.0,-25.0,9.0,-25.0,8.0,-25.0,7.0,-23.0,7.0,-21.0,5.0,-17.0,5.0,-13.0,3.0,-8.0,3.0,-2.0,3.0,3.0,3.0,9.0,2.0,14.0,3.0,18.0,3.0,23.0,3.0,26.0,3.0,29.0,4.0,29.0,4.0,30.0,5.0,28.0,5.0,26.0,5.0,22.0,4.0,18.0,2.0,14.0,0.0,9.0,-2.0,3.0,-5.0,-1.0
4.0352,122.0,-96.0,7.0,0.0,0.0,0.0,0.0,0.0,0.0,0.0,0.0,0.0,-12.0,-23.0,-12.0,-24.0,-12.0,-24.0,-11.0,-22.0,-10.0,-20.0,-8.0,-16.0,-6.0,-13.0,-3.0,-8.0,1.0,-4.0,4.0,0.0,8.0,4.0,11.0,7.0,15.0,11.0,18.0,14.0,21.0,17.0,23.0,18.0,24.0,18.0,24.0,17.0,24.0,16.0,22.0,15.0,19.0,12.0,15.0,10.0,11.0,8.0,7.0,6.0,1.0,3.0,-4.0,2.0
4.0494,122.0,-96.0,7.0,0.0,0.0,0.0,0.0,0.0,0.0,0.0,0.0,0.0,-17.0,-20.0,-14.0,-17.0,-11.0,-13.0,-6.0,-10.0,-1.0,-5.0,4.0,-1.0,10.0,2.0,16.0,6.0,21.0,9.0,26.0,11.0,30.0,13.0,32.0,14.0,34.0,14.0,35.0,14.0,34.0,13.0,31.0,10.0,28.0,9.0,22.0,8.0,17.0,6.0,11.0,5.0,3.0,4.0,-4.0,3.0,-11.0,3.0,-18.0,3.0,-23.0,5.0,-28.0,6.0
4.0565,122.0,-96.0,7.0,0.0,0.0,0.0,0.0,0.0,0.0,0.0,0.0,0.0,19.0,-1.0,19.0,0.0,19.0,0.0,19.0,1.0,19.0,1.0,19.0,2.0,19.0,2.0,19.0,3.0,19.0,3.0,19.0,3.0,19.0,3.0,18.0,3.0,18.0,4.0,18.0,4.0,17.0,4.0,17.0,4.0,17.0,4.0,17.0,4.0,16.0,4.0,16.0,4.0,16.0,4.0,16.0,4.0,16.0,4.0,15.0,3.0,16.0,3.0,15.0,3.0
4.0713,122.0,-96.0,7.0,0.0,0.0,0.0,0.0,0.0,0.0,0.0,0.0,0.0,-15.0,-11.0,-18.0,-13.0,-20.0,-16.0,-22.0,-17.0,-23.0,-18.0,-23.0,-17.0,-23.0,-16.0,-21.0,-15.0,-19.0,-14.0,-16.0,-12.0,-11.0,-9.0,-7.0,-6.0,-1.0,-4.0,4.0,-2.0,9.0,0.0,14.0,2.0,19.0,3.0,23.0,4.0,26.0,4.0,29.0,4.0,30.0,4.0,30.0,3.0,28.0,2.0,25.0,1.0,22.0,1.0,17.0,1.0
4.0811,122.0,-96.0,7.0,0.0,0.0,0.0,0.0,0.0,0.0,0.0,0.0,0.0,20.0,-13.0,20.0,-13.0,21.0,-13.0,21.0,-11.0,21.0,-12.0,21.0,-11.0,22.0,-11.0,22.0,-10.0,22.0,-10.0,22.0,-9.0,22.0,-8.0,22.0,-8.0,21.0,-8.0,22.0,-7.0,21.0,-7.0,21.0,-7.0,20.0,-7.0,21.0,-7.0,20.0,-7.0,20.0,-7.0,19.0,-7.0,19.0,-8.0,19.0,-7.0,19.0,-7.0,18.0,-7.0,17.0,-8.0
4.0941,122.0,-96.0,7.0,0.0,0.0,0.0,0.0,0.0,0.0,0.0,0.0,0.0,6.0,24.0,5.0,20.0,3.0,15.0,1.0,11.0,-2.0,4.0,-5.0,-2.0,-9.0,-7.0,-13.0,-13.0,-16.0,-18.0,-19.0,-22.0,-22.0,-26.0,-25.0,-27.0,-26.0,-28.0,-27.0,-28.0,-26.0,-27.0,-25.0,-23.0,-23.0,-21.0,-18.0,-17.0,-14.0,-14.0,-9.0,-10.0,-2.0,-6.0,4.0,-3.0,11.0,0.0,17.0,3.0,22.0,4.0,27.0,3.0
4.1076,122.0,-96.0,7.0,0.0,0.0,0.0,0.0,0.0,0.0,0.0,0.0,0.0,18.0,11.0,15.0,9.0,11.0,7.0,6.0,5.0,0.0,3.0,-6.0,1.0,-11.0,0.0,-17.0,-1.0,-22.0,-2.0,-26.0,-3.0,-30.0,-3.0,-32.0,-3.0,-34.0,-2.0,-34.0,-2.0,-33.0,-1.0,-29.0,0.0,-26.0,0.0,-22.0,0.0,-17.0,-1.0,-11.0,-2.0,-5.0,-3.0,2.0,-5.0,8.0,-7.0,13.0,-9.0,17.0,-12.0,20.0,-15.0
4.1218,122.0,-96.0,7.0,0.0,0.0,0.0,0.0,0.0,0.0,0.0,0.0,0.0,-18.0,9.0,-23.0,11.0,-25.0,12.0,-27.0,13.0,-28.0,14.0,-29.0,14.0,-27.0,14.0,-26.0,13.0,-23.0,11.0,-19.0,9.0,-14.0,6.0,-9.0,3.0,-5.0,-1.0,0.0,-5.0,4.0,-10.0,9.0,-14.0,13.0,-18.0,15.0,-22.0,17.0,-25.0,18.0,-27.0,18.0,-28.0,18.0,-29.0,16.0,-27.0,14.0,-25.0,11.0,-23.0,9.0,-18.0
4.1364,122.0,-96.0,7.0,0.0,0.0,0.0,0.0,0.0,0.0,0.0,0.0,0.0,-4.0,17.0,-5.0,21.0,-6.0,24.0,-6.0,26.0,-6.0,27.0,-6.0,27.0,-6.0,27.0,-6.0,25.0,-5.0,22.0,-4.0,18.0,-4.0,13.0,-3.0,8.0,-3.0,2.0,-3.0,-4.0,-4.0,-10.0,-4.0,-15.0,-5.0,-20.0,-7.0,-24.0,-7.0,-26.0,-8.0,-29.0,-9.0,-30.0,-9.0,-30.0,-9.0,-28.0,-9.0,-25.0,-8.0,-22.0,-7.0,-17.0
4.1493,122.0,-96.0,7.0,0.0,0.0,0.0,0.0,0.0,0.0,0.0,0.0,0.0,8.0,-16.0,10.0,-19.0,11.0,-21.0,13.0,-23.0,13.0,-25.0,13.0,-26.0,13.0,-25.0,12.0,-24.0,11.0,-21.0,9.0,-17.0,7.0,-13.0,5.0,-9.0,3.0,-3.0,2.0,3.0,1.0,9.0,-1.0,14.0,-1.0,19.0,-1.0,23.0,-1.0,27.0,-1.0,29.0,0.0,30.0,0.0,30.0,1.0,28.0,2.0,25.0,2.0,22.0,2.0,18.0
4.1637,122.0,-96.0,7.0,0.0,0.0,0.0,0.0,0.0,0.0,0.0,0.0,0.0,-3.0,1.0,-5.0,-3.0,-6.0,-8.0,-8.0,-12.0,-10.0,-17.0,-12.0,-21.0,-14.0,-23.0,-16.0,-25.0,-17.0,-25.0,-17.0,-25.0,-17.0,-23.0,-16.0,-22.0,-14.0,-20.0,-12.0,-16.0,-9.0,-13.0,-5.0,-8.0,0.0,-4.0,4.0,-2.0,9.0,2.0,13.0,4.0,18.0,6.0,21.0,7.0,25.0,8.0,26.0,7.0,28.0,7.0,28.0,6.0
4.1766,122.0,-96.0,7.0,0.0,0.0,0.0,0.0,0.0,0.0,0.0,0.0,0.0,3.0,0.0,-1.0,4.0,-5.0,7.0,-9.0,11.0,-13.0,15.0,-16.0,18.0,-19.0,21.0,-21.0,24.0,-20.0,25.0,-21.0,26.0,-19.0,25.0,-18.0,24.0,-17.0,22.0,-13.0,18.0,-11.0,13.0,-7.0,8.0,-5.0,2.0,-3.0,-5.0,-1.0,-11.0,0.0,-16.0,1.0,-23.0,0.0,-26.0,0.0,-30.0,-1.0,-32.0,-2.0,-33.0,-3.0,-33.0
4.191,122.0,-96.0,7.0,0.0,0.0,0.0,0.0,0.0,0.0,0.0,0.0,0.0,0.0,-18.0,1.0,-22.0,1.0,-24.0,1.0,-27.0,1.0,-29.0,1.0,-29.0,1.0,-29.0,1.0,-27.0,1.0,-24.0,1.0,-20.0,0.0,-15.0,1.0,-10.0,2.0,-4.0,3.0,1.0,4.0,7.0,5.0,13.0,7.0,18.0,8.0,22.0,10.0,25.0,11.0,27.0,12.0,28.0,11.0,27.0,12.0,25.0,12.0,23.0,10.0,19.0,8.0,15.0
4.1985,122.0,-96.0,7.0,0.0,0.0,0.0,0.0,0.0,0.0,0.0,0.0,0.0,2.0,26.0,1.0,27.0,1.0,27.0,0.0,27.0,-1.0,27.0,-1.0,28.0,-1.0,27.0,-2.0,27.0,-3.0,26.0,-3.0,26.0,-4.0,26.0,-4.0,26.0,-4.0,25.0,-5.0,25.0,-5.0,25.0,-5.0,24.0,-5.0,24.0,-5.0,24.0,-5.0,24.0,-4.0,23.0,-4.0,23.0,-4.0,22.0,-4.0,22.0,-4.0,22.0,-3.0,21.0,-3.0,21.0
4.211,122.0,-96.0,7.0,0.0,0.0,0.0,0.0,0.0,0.0,0.0,0.0,0.0,-16.0,-17.0,-14.0,-14.0,-11.0,-11.0,-6.0,-8.0,-2.0,-5.0,4.0,-1.0,9.0,1.0,14.0,4.0,19.0,6.0,24.0,8.0,27.0,10.0,30.0,10.0,31.0,10.0,32.0,10.0,31.0,9.0,28.0,6.0,25.0,6.0,20.0,5.0,16.0,4.0,10.0,3.0,3.0,3.0,-3.0,3.0,-10.0,4.0,-16.0,4.0,-20.0,6.0,-24.0,8.0
4.2251,122.0,-96.0,7.0,0.0,0.0,0.0,0.0,0.0,0.0,0.0,0.0,0.0,-8.0,-18.0,-10.0,-22.0,-12.0,-25.0,-13.0,-28.0,-13.0,-29.0,-14.0,-30.0,-13.0,-29.0,-13.0,-27.0,-11.0,-24.0,-9.0,-20.0,-7.0,-16.0,-4.0,-10.0,-1.0,-6.0,4.0,0.0,8.0,5.0,12.0,9.0,16.0,14.0,20.0,16.0,23.0,19.0,25.0,20.0,26.0,21.0,26.0,20.0,25.0,18.0,23.0,16.0,20.0,13.0,17.0,11.0
4.2389,122.0,-96.0,7.0,0.0,0.0,0.0,0.0,0.0,0.0,0.0,0.0,0.0,-5.0,2.0,-3.0,-5.0,-1.0,-10.0,0.0,-17.0,2.0,-23.0,2.0,-29.0,2.0,-32.0,3.0,-36.0,2.0,-38.0,1.0,-38.0,0.0,-36.0,0.0,-34.0,0.0,-31.0,0.0,-26.0,1.0,-20.0,1.0,-12.0,2.0,-5.0,4.0,2.0,6.0,8.0,9.0,15.0,12.0,20.0,14.0,24.0,17.0,28.0,19.0,29.0,21.0,29.0,21.0,29.0
4.254,122.0,-96.0,7.0,0.0,0.0,0.0,0.0,0.0,0.0,0.0,0.0,0.0,-6.0,-29.0,-6.0,-30.0,-6.0,-29.0,-6.0,-28.0,-5.0,-25.0,-5.0,-21.0,-3.0,-17.0,-1.0,-10.0,1.0,-5.0,4.0,0.0,6.0,6.0,9.0,11.0,12.0,16.0,15.0,20.0,17.0,24.0,18.0,26.0,20.0,27.0,20.0,26.0,20.0,26.0,19.0,23.0,16.0,19.0,14.0,16.0,10.0,12.0,5.0,8.0,0.0,5.0,-5.0,1.0
4.2679,122.0,-96.0,7.0,0.0,0.0,0.0,0.0,0.0,0.0,0.0,0.0,0.0,-21.0,0.0,-25.0,0.0,-28.0,0.0,-30.0,0.0,-32.0,0.0,-32.0,1.0,-31.0,0.0,-29.0,1.0,-26.0,0.0,-21.0,0.0,-16.0,-1.0,-10.0,-1.0,-5.0,-3.0,3.0,-4.0,8.0,-7.0,14.0,-8.0,19.0,-10.0,23.0,-13.0,26.0,-14.0,29.0,-16.0,29.0,-17.0,29.0,-18.0,27.0,-17.0,24.0,-16.0,20.0,-14.0,16.0,-12.0
4.283,122.0,-96.0,7.0,0.0,0.0,0.0,0.0,0.0,0.0,0.0,0.0,0.0,4.0,1.0,-1.0,4.0,-7.0,7.0,-13.0,10.0,-18.0,13.0,-23.0,16.0,-25.0,19.0,-29.0,21.0,-28.0,23.0,-29.0,24.0,-27.0,23.0,-25.0,22.0,-24.0,20.0,-19.0,17.0,-15.0,12.0,-10.0,7.0,-6.0,1.0,-2.0,-5.0,1.0,-11.0,4.0,-18.0,6.0,-24.0,6.0,-28.0,8.0,-33.0,6.0,-35.0,6.0,-36.0,5.0,-37.0
4.2965,122.0,-96.0,7.0,0.0,0.0,0.0,0.0,0.0,0.0,0.0,0.0,0.0,25.0,12.0,26.0,13.0,25.0,13.0,24.0,11.0,21.0,10.0,17.0,8.0,13.0,7.0,7.0,5.0,1.0,3.0,-5.0,2.0,-11.0,1.0,-16.0,0.0,-21.0,-1.0,-27.0,-2.0,-31.0,-2.0,-34.0,-2.0,-35.0,-1.0,-35.0,-1.0,-34.0,0.0,-30.0,0.0,-27.0,1.0,-22.0,0.0,-16.0,0.0,-11.0,-2.0,-5.0,-3.0,1.0,-5.0
4.3049,122.0,-96.0,7.0,0.0,0.0,0.0,0.0,0.0,0.0,0.0,0.0,0.0,21.0,-5.0,21.0,-4.0,21.0,-4.0,21.0,-3.0,21.0,-3.0,21.0,-2.0,21.0,-2.0,21.0,-1.0,21.0,-1.0,21.0,0.0,21.0,0.0,21.0,0.0,20.0,0.0,20.0,1.0,20.0,1.0,19.0,1.0,19.0,1.0,19.0,1.0,19.0,1.0,18.0,1.0,18.0,0.0,18.0,0.0,18.0,0.0,17.0,0.0,17.0,0.0,17.0,-1.0
4.3174,122.0,-96.0,7.0,0.0,0.0,0.0,0.0,0.0,0.0,0.0,0.0,0.0,-3.0,-2.0,1.0,-5.0,6.0,-8.0,11.0,-11.0,15.0,-15.0,18.0,-18.0,20.0,-21.0,23.0,-23.0,23.0,-24.0,23.0,-24.0,21.0,-24.0,19.0,-22.0,18.0,-20.0,14.0,-17.0,11.0,-12.0,7.0,-8.0,4.0,-2.0,1.0,5.0,-2.0,10.0,-3.0,15.0,-5.0,21.0,-5.0,25.0,-6.0,29.0,-5.0,30.0,-5.0,32.0,-4.0,32.0
4.3307,122.0,-96.0,7.0,0.0,0.0,0.0,0.0,0.0,0.0,0.0,0.0,0.0,3.0,16.0,3.0,20.0,4.0,23.0,4.0,26.0,5.0,27.0,5.0,28.0,5.0,27.0,4.0,25.0,4.0,23.0,3.0,19.0,2.0,14.0,1.0,9.0,-1.0,4.0,-4.0,-2.0,-7.0,-7.0,-9.0,-12.0,-11.0,-16.0,-14.0,-20.0,-16.0,-23.0,-17.0,-24.0,-19.0,-25.0,-19.0,-25.0,-19.0,-23.0,-18.0,-20.0,-16.0,-17.0,-13.0,-14.0
4.3387,122.0,-96.0,7.0,0.0,0.0,0.0,0.0,0.0,0.0,0.0,0.0,0.0,11.0,19.0,10.0,20.0,10.0,20.0,10.0,20.0,9.0,21.0,9.0,21.0,9.0,20.0,8.0,21.0,7.0,20.0,7.0,21.0,6.0,21.0,6.0,20.0,6.0,20.0,5.0,21.0,5.0,20.0,5.0,20.0,5.0,19.0,4.0,19.0,4.0,19.0,5.0,19.0,5.0,18.0,5.0,18.0,5.0,18.0,5.0,18.0,5.0,17.0,5.0,17.0
4.3485,122.0,-96.0,7.0,0.0,0.0,0.0,0.0,0.0,0.0,0.0,0.0,0.0,-18.0,12.0,-18.0,11.0,-19.0,11.0,-19.0,11.0,-19.0,10.0,-20.0,10.0,-19.0,9.0,-20.0,8.0,-20.0,8.0,-20.0,8.0,-20.0,7.0,-20.0,7.0,-19.0,7.0,-20.0,7.0,-19.0,6.0,-19.0,6.0,-19.0,6.0,-19.0,5.0,-19.0,6.0,-18.0,6.0,-18.0,6.0,-17.0,6.0,-17.0,5.0,-17.0,6.0,-17.0,6.0,-16.0,6.0
4.3616,122.0,-96.0,7.0,0.0,0.0,0.0,0.0,0.0,0.0,0.0,0.0,0.0,9.0,11.0,11.0,15.0,13.0,17.0,14.0,19.0,15.0,20.0,15.0,20.0,15.0,20.0,14.0,18.0,12.0,17.0,10.0,14.0,7.0,10.0,4.0,7.0,1.0,3.0,-4.0,0.0,-8.0,-3.0,-12.0,-6.0,-16.0,-9.0,-20.0,-10.0,-22.0,-11.0,-24.0,-12.0,-25.0,-12.0,-26.0,-12.0,-24.0,-11.0,-22.0,-9.0,-20.0,-7.0,-16.0,-6.0
4.3746,122.0,-96.0,7.0,0.0,0.0,0.0,0.0,0.0,0.0,0.0,0.0,0.0,-2.0,-27.0,-2.0,-22.0,-2.0,-17.0,0.0,-12.0,2.0,-5.0,3.0,1.0,6.0,7.0,9.0,14.0,12.0,19.0,15.0,24.0,17.0,28.0,19.0,30.0,21.0,31.0,21.0,32.0,21.0,30.0,20.0,26.0,18.0,23.0,15.0,20.0,11.0,15.0,6.0,10.0,1.0,6.0,-5.0,1.0,-12.0,-3.0,-18.0,-7.0,-23.0,-8.0,-27.0,-9.0
4.387,122.0,-96.0,7.0,0.0,0.0,0.0,0.0,0.0,0.0,0.0,0.0,0.0,-3.0,-2.0,2.0,-5.0,6.0,-8.0,11.0,-11.0,15.0,-14.0,19.0,-17.0,21.0,-20.0,24.0,-22.0,23.0,-23.0,24.0,-23.0,21.0,-23.0,20.0,-21.0,18.0,-19.0,15.0,-16.0,12.0,-12.0,7.0,-7.0,4.0,-1.0,1.0,4.0,-2.0,10.0,-4.0,15.0,-6.0,21.0,-6.0,24.0,-7.0,29.0,-6.0,30.0,-5.0,32.0,-5.0,32.0
4.4011,122.0,-96.0,7.0,0.0,0.0,0.0,0.0,0.0,0.0,0.0,0.0,0.0,-1.0,-26.0,-1.0,-28.0,-1.0,-27.0,-1.0,-26.0,-1.0,-23.0,-1.0,-20.0,0.0,-15.0,1.0,-9.0,2.0,-5.0,3.0,1.0,5.0,6.0,6.0,11.0,8.0,16.0,10.0,20.0,11.0,25.0,12.0,26.0,14.0,27.0,13.0,27.0,14.0,26.0,13.0,24.0,12.0,20.0,10.0,16.0,7.0,12.0,4.0,9.0,0.0,4.0,-5.0,0.0
4.4158,122.0,-96.0,7.0,0.0,0.0,0.0,0.0,0.0,0.0,0.0,0.0,0.0,16.0,18.0,13.0,15.0,10.0,11.0,5.0,8.0,-1.0,4.0,-6.0,-1.0,-12.0,-3.0,-18.0,-7.0,-23.0,-9.0,-28.0,-11.0,-32.0,-13.0,-34.0,-13.0,-36.0,-13.0,-37.0,-13.0,-36.0,-12.0,-32.0,-9.0,-29.0,-8.0,-24.0,-7.0,-18.0,-6.0,-12.0,-5.0,-4.0,-5.0,3.0,-4.0,11.0,-5.0,17.0,-5.0,22.0,-7.0,26.0,-9.0
4.4293,122.0,-96.0,7.0,0.0,0.0,0.0,0.0,0.0,0.0,0.0,0.0,0.0,-20.0,-2.0,-24.0,-2.0,-27.0,-2.0,-30.0,-3.0,-32.0,-2.0,-33.0,-2.0,-32.0,-2.0,-30.0,-2.0,-27.0,-2.0,-22.0,-2.0,-17.0,-2.0,-11.0,-2.0,-5.0,-3.0,2.0,-4.0,8.0,-6.0,14.0,-7.0,20.0,-8.0,24.0,-11.0,27.0,-12.0,30.0,-13.0,30.0,-15.0,31.0,-15.0,28.0,-15.0,25.0,-14.0,22.0,-13.0,17.0,-11.0
4.4373,122.0,-96.0,7.0,0.0,0.0,0.0,0.0,0.0,0.0,0.0,0.0,0.0,7.0,19.0,7.0,20.0,6.0,20.0,6.0,20.0,5.0,21.0,4.0,20.0,4.0,20.0,4.0,20.0,4.0,20.0,3.0,20.0,3.0,20.0,3.0,20.0,2.0,20.0,2.0,20.0,2.0,20.0,2.0,19.0,2.0,19.0,2.0,19.0,2.0,19.0,2.0,18.0,2.0,18.0,2.0,17.0,2.0,17.0,3.0,17.0,2.0,17.0,3.0,16.0
4.4526,122.0,-96.0,7.0,0.0,0.0,0.0,0.0,0.0,0.0,0.0,0.0,0.0,19.0,-13.0,16.0,-11.0,12.0,-9.0,8.0,-5.0,4.0,-1.0,0.0,4.0,-4.0,8.0,-8.0,13.0,-11.0,17.0,-14.0,21.0,-17.0,24.0,-18.0,27.0,-18.0,28.0,-19.0,29.0,-17.0,28.0,-14.0,27.0,-13.0,23.0,-11.0,19.0,-9.0,15.0,-7.0,9.0,-5.0,3.0,-3.0,-4.0,-2.0,-10.0,-1.0,-17.0,-2.0,-21.0,-3.0,-25.0
4.4668,122.0,-96.0,7.0,0.0,0.0,0.0,0.0,0.0,0.0,0.0,0.0,0.0,2.0,3.0,-3.0,2.0,-9.0,2.0,-15.0,2.0,-20.0,1.0,-25.0,2.0,-28.0,3.0,-32.0,3.0,-33.0,4.0,-34.0,4.0,-32.0,5.0,-30.0,5.0,-28.0,4.0,-23.0,4.0,-18.0,2.0,-11.0,1.0,-5.0,-1.0,0.0,-5.0,6.0,-8.0,11.0,-11.0,16.0,-15.0,18.0,-18.0,21.0,-21.0,22.0,-23.0,22.0,-24.0,22.0,-25.0
4.4801,122.0,-96.0,7.0,0.0,0.0,0.0,0.0,0.0,0.0,0.0,0.0,0.0,-22.0,8.0,-18.0,7.0,-14.0,6.0,-10.0,3.0,-5.0,-1.0,0.0,-4.0,4.0,-8.0,9.0,-12.0,13.0,-16.0,17.0,-20.0,20.0,-22.0,21.0,-24.0,22.0,-26.0,22.0,-27.0,20.0,-26.0,18.0,-25.0,16.0,-22.0,13.0,-18.0,11.0,-14.0,7.0,-9.0,4.0,-3.0,2.0,3.0,-1.0,10.0,-3.0,16.0,-3.0,20.0,-3.0,25.0
4.4889,122.0,-96.0,7.0,0.0,0.0,0.0,0.0,0.0,0.0,0.0,0.0,0.0,24.0,11.0,24.0,12.0,24.0,12.0,23.0,13.0,23.0,13.0,23.0,14.0,22.0,14.0,22.0,15.0,21.0,15.0,21.0,15.0,20.0,15.0,21.0,15.0,20.0,15.0,20.0,16.0,19.0,16.0,19.0,15.0,19.0,15.0,18.0,16.0,18.0,15.0,18.0,14.0,18.0,14.0,18.0,13.0,18.0,14.0,17.0,13.0,17.0,13.0,17.0,12.0
4.5027,122.0,-96.0,7.0,0.0,0.0,0.0,0.0,0.0,0.0,0.0,0.0,0.0,-6.0,17.0,-8.0,20.0,-9.0,23.0,-9.0,26.0,-9.0,27.0,-10.0,27.0,-9.0,26.0,-9.0,24.0,-8.0,21.0,-7.0,17.0,-5.0,13.0,-4.0,8.0,-4.0,2.0,-3.0,-4.0,-3.0,-10.0,-3.0,-15.0,-3.0,-20.0,-4.0,-24.0,-5.0,-28.0,-5.0,-30.0,-6.0,-31.0,-7.0,-31.0,-7.0,-29.0,-7.0,-26.0,-7.0,-23.0,-6.0,-18.0
4.5127,122.0,-96.0,7.0,0.0,0.0,0.0,0.0,0.0,0.0,0.0,0.0,0.0,-28.0,-3.0,-28.0,-4.0,-27.0,-4.0,-28.0,-5.0,-28.0,-6.0,-27.0,-7.0,-27.0,-7.0,-27.0,-8.0,-26.0,-8.0,-26.0,-9.0,-26.0,-9.0,-25.0,-9.0,-25.0,-10.0,-25.0,-10.0,-24.0,-10.0,-24.0,-10.0,-24.0,-9.0,-23.0,-10.0,-23.0,-10.0,-22.0,-9.0,-22.0,-9.0,-22.0,-9.0,-22.0,-9.0,-21.0,-8.0,-21.0,-8.0,-21.0,-8.0
4.5261,122.0,-96.0,7.0,0.0,0.0,0.0,0.0,0.0,0.0,0.0,0.0,0.0,-26.0,-15.0,-26.0,-16.0,-25.0,-16.0,-24.0,-15.0,-21.0,-14.0,-17.0,-11.0,-13.0,-9.0,-7.0,-7.0,-2.0,-4.0,4.0,-3.0,10.0,-1.0,15.0,1.0,21.0,2.0,26.0,3.0,30.0,5.0,32.0,5.0,34.0,4.0,33.0,4.0,33.0,3.0,30.0,2.0,26.0,2.0,21.0,1.0,15.0,1.0,10.0,2.0,4.0,2.0,-3.0,4.0
4.5384,122.0,-96.0,7.0,0.0,0.0,0.0,0.0,0.0,0.0,0.0,0.0,0.0,2.0,-30.0,2.0,-30.0,2.0,-31.0,2.0,-28.0,2.0,-26.0,1.0,-21.0,2.0,-17.0,2.0,-11.0,3.0,-5.0,3.0,1.0,5.0,8.0,6.0,14.0,7.0,19.0,9.0,24.0,9.0,28.0,11.0,31.0,12.0,31.0,13.0,32.0,12.0,30.0,12.0,28.0,11.0,24.0,9.0,19.0,6.0,15.0,3.0,10.0,-1.0,5.0,-5.0,0.0
4.5537,122.0,-96.0,7.0,0.0,0.0,0.0,0.0,0.0,0.0,0.0,0.0,0.0,-4.0,-20.0,-5.0,-25.0,-6.0,-27.0,-6.0,-30.0,-6.0,-32.0,-7.0,-32.0,-8.0,-31.0,-7.0,-30.0,-4.0,-29.0,-6.0,-20.0,-3.0,-16.0,-1.0,-10.0,1.0,-5.0,4.0,2.0,7.0,7.0,9.0,13.0,13.0,18.0,16.0,21.0,18.0,24.0,20.0,26.0,21.0,26.0,21.0,26.0,21.0,24.0,19.0,21.0,17.0,18.0,14.0,14.0
4.568,122.0,-96.0,7.0,0.0,0.0,0.0,0.0,0.0,0.0,0.0,0.0,0.0,-4.0,-26.0,-4.0,-28.0,-4.0,-27.0,-4.0,-26.0,-3.0,-23.0,-3.0,-19.0,-2.0,-15.0,-1.0,-10.0,1.0,-5.0,3.0,1.0,6.0,5.0,8.0,10.0,10.0,15.0,12.0,19.0,15.0,23.0,15.0,25.0,17.0,25.0,18.0,25.0,18.0,24.0,16.0,22.0,15.0,18.0,12.0,15.0,8.0,11.0,5.0,8.0,0.0,4.0,-5.0,1.0
4.5805,122.0,-96.0,7.0,0.0,0.0,0.0,0.0,0.0,0.0,0.0,0.0,0.0,-26.0,-6.0,-22.0,-5.0,-17.0,-4.0,-11.0,-4.0,-4.0,-4.0,3.0,-4.0,9.0,-5.0,16.0,-5.0,23.0,-7.0,28.0,-7.0,32.0,-8.0,34.0,-9.0,36.0,-11.0,38.0,-11.0,35.0,-12.0,31.0,-12.0,28.0,-10.0,23.0,-8.0,18.0,-6.0,12.0,-3.0,6.0,0.0,-1.0,4.0,-7.0,9.0,-12.0,13.0,-15.0,18.0,-17.0,22.0
4.5954,122.0,-96.0,7.0,0.0,0.0,0.0,0.0,0.0,0.0,0.0,0.0,0.0,20.0,16.0,20.0,17.0,20.0,17.0,18.0,16.0,17.0,15.0,14.0,12.0,10.0,9.0,6.0,6.0,1.0,4.0,-4.0,1.0,-9.0,-1.0,-14.0,-3.0,-18.0,-5.0,-23.0,-7.0,-27.0,-9.0,-29.0,-9.0,-30.0,-9.0,-31.0,-8.0,-30.0,-8.0,-27.0,-7.0,-24.0,-5.0,-20.0,-5.0,-15.0,-4.0,-10.0,-4.0,-4.0,-4.0,2.0,-4.0
4.6099,122.0,-96.0,7.0,0.0,0.0,0.0,0.0,0.0,0.0,0.0,0.0,0.0,-8.0,-19.0,-10.0,-23.0,-11.0,-26.0,-12.0,-28.0,-13.0,-30.0,-13.0,-30.0,-12.0,-29.0,-11.0,-27.0,-10.0,-25.0,-8.0,-20.0,-6.0,-15.0,-3.0,-10.0,1.0,-5.0,4.0,0.0,9.0,5.0,12.0,10.0,15.0,15.0,20.0,18.0,22.0,20.0,24.0,21.0,26.0,22.0,26.0,22.0,25.0,20.0,23.0,17.0,20.0,15.0,16.0,11.0
4.6244,122.0,-96.0,7.0,0.0,0.0,0.0,0.0,0.0,0.0,0.0,0.0,0.0,-15.0,-7.0,-19.0,-9.0,-21.0,-10.0,-22.0,-11.0,-24.0,-11.0,-24.0,-11.0,-23.0,-11.0,-22.0,-10.0,-19.0,-10.0,-16.0,-8.0,-12.0,-6.0,-7.0,-5.0,-2.0,-3.0,3.0,-2.0,6.0,-1.0,13.0,-2.0,17.0,-1.0,21.0,-1.0,24.0,0.0,26.0,-1.0,27.0,-1.0,27.0,-2.0,26.0,-2.0,23.0,-3.0,20.0,-3.0,16.0,-2.0
4.6378,122.0,-96.0,7.0,0.0,0.0,0.0,0.0,0.0,0.0,0.0,0.0,0.0,-17.0,-3.0,-21.0,-4.0,-24.0,-5.0,-27.0,-5.0,-29.0,-5.0,-30.0,-5.0,-28.0,-5.0,-27.0,-5.0,-24.0,-5.0,-20.0,-4.0,-15.0,-3.0,-10.0,-3.0,-4.0,-3.0,2.0,-4.0,8.0,-4.0,13.0,-5.0,18.0,-5.0,23.0,-7.0,26.0,-8.0,28.0,-9.0,29.0,-10.0,29.0,-10.0,27.0,-10.0,24.0,-10.0,21.0,-9.0,17.0,-7.0
4.6463,122.0,-96.0,7.0,0.0,0.0,0.0,0.0,0.0,0.0,0.0,0.0,0.0,18.0,9.0,18.0,10.0,17.0,10.0,18.0,11.0,17.0,11.0,17.0,12.0,16.0,12.0,17.0,12.0,16.0,12.0,15.0,12.0,15.0,12.0,15.0,12.0,15.0,12.0,14.0,13.0,14.0,13.0,14.0,13.0,14.0,12.0,13.0,12.0,13.0,13.0,13.0,11.0,13.0,11.0,13.0,11.0,13.0,11.0,13.0,11.0,13.0,10.0,13.0,10.0
4.6574,122.0,-96.0,7.0,0.0,0.0,0.0,0.0,0.0,0.0,0.0,0.0,0.0,-25.0,-7.0,-25.0,-8.0,-24.0,-8.0,-24.0,-9.0,-24.0,-10.0,-23.0,-10.0,-23.0,-10.0,-23.0,-11.0,-23.0,-12.0,-23.0,-11.0,-22.0,-12.0,-22.0,-12.0,-21.0,-12.0,-21.0,-12.0,-21.0,-12.0,-20.0,-13.0,-20.0,-12.0,-19.0,-12.0,-19.0,-12.0,-18.0,-11.0,-19.0,-11.0,-19.0,-11.0,-19.0,-10.0,-18.0,-10.0,-19.0,-10.0,-18.0,-9.0
4.6706,122.0,-96.0,7.0,0.0,0.0,0.0,0.0,0.0,0.0,0.0,0.0,0.0,0.0,17.0,0.0,21.0,0.0,24.0,0.0,26.0,0.0,28.0,1.0,28.0,1.0,28.0,0.0,26.0,0.0,23.0,0.0,19.0,0.0,15.0,-1.0,9.0,-2.0,4.0,-4.0,-2.0,-6.0,-8.0,-7.0,-13.0,-9.0,-18.0,-11.0,-22.0,-12.0,-25.0,-14.0,-27.0,-15.0,-28.0,-15.0,-28.0,-15.0,-26.0,-14.0,-23.0,-13.0,-20.0,-10.0,-16.0
4.6851,122.0,-96.0,7.0,0.0,0.0,0.0,0.0,0.0,0.0,0.0,0.0,0.0,3.0,1.0,-1.0,5.0,-5.0,10.0,-9.0,15.0,-12.0,20.0,-15.0,25.0,-16.0,28.0,-18.0,31.0,-17.0,33.0,-18.0,33.0,-16.0,31.0,-15.0,30.0,-14.0,27.0,-12.0,22.0,-10.0,16.0,-6.0,10.0,-5.0,2.0,-4.0,-5.0,-3.0,-12.0,-3.0,-19.0,-3.0,-25.0,-4.0,-29.0,-4.0,-34.0,-6.0,-36.0,-7.0,-37.0,-8.0,-37.0
4.6949,122.0,-96.0,7.0,0.0,0.0,0.0,0.0,0.0,0.0,0.0,0.0,0.0,17.0,-12.0,18.0,-11.0,18.0,-11.0,19.0,-11.0,19.0,-10.0,19.0,-9.0,19.0,-9.0,19.0,-9.0,19.0,-8.0,19.0,-8.0,19.0,-7.0,19.0,-7.0,19.0,-7.0,19.0,-6.0,19.0,-6.0,18.0,-6.0,18.0,-6.0,18.0,-5.0,18.0,-5.0,17.0,-6.0,17.0,-6.0,17.0,-6.0,16.0,-6.0,16.0,-6.0,16.0,-6.0,16.0,-6.0
4.7073,122.0,-96.0,7.0,0.0,0.0,0.0,0.0,0.0,0.0,0.0,0.0,0.0,8.0,-28.0,9.0,-29.0,8.0,-29.0,7.0,-27.0,7.0,-25.0,6.0,-20.0,5.0,-16.0,3.0,-10.0,3.0,-4.0,3.0,2.0,3.0,8.0,3.0,14.0,4.0,20.0,4.0,25.0,5.0,29.0,5.0,32.0,6.0,33.0,7.0,33.0,7.0,32.0,7.0,29.0,7.0,25.0,5.0,21.0,4.0,15.0,1.0,10.0,-2.0,4.0,-5.0,-1.0
4.7212,122.0,-96.0,7.0,0.0,0.0,0.0,0.0,0.0,0.0,0.0,0.0,0.0,-28.0,11.0,-29.0,10.0,-29.0,10.0,-25.0,10.0,-23.0,9.0,-19.0,7.0,-15.0,5.0,-11.0,3.0,-6.0,-2.0,0.0,-5.0,4.0,-8.0,9.0,-12.0,13.0,-17.0,17.0,-19.0,20.0,-22.0,23.0,-24.0,21.0,-26.0,22.0,-27.0,21.0,-26.0,19.0,-25.0,16.0,-22.0,13.0,-19.0,10.0,-13.0,7.0,-8.0,5.0,-3.0,2.0,3.0
4.7357,122.0,-96.0,7.0,0.0,0.0,0.0,0.0,0.0,0.0,0.0,0.0,0.0,-14.0,-26.0,-14.0,-27.0,-15.0,-27.0,-14.0,-25.0,-12.0,-23.0,-10.0,-19.0,-8.0,-15.0,-4.0,-10.0,0.0,-6.0,4.0,-1.0,8.0,3.0,12.0,8.0,17.0,12.0,21.0,15.0,24.0,18.0,26.0,19.0,27.0,19.0,28.0,19.0,27.0,18.0,25.0,16.0,22.0,13.0,19.0,11.0,13.0,8.0,8.0,6.0,2.0,4.0,-4.0,2.0
4.7501,122.0,-96.0,7.0,0.0,0.0,0.0,0.0,0.0,0.0,0.0,0.0,0.0,24.0,3.0,20.0,2.0,15.0,2.0,9.0,2.0,2.0,3.0,-5.0,3.0,-11.0,5.0,-18.0,6.0,-24.0,8.0,-28.0,10.0,-32.0,11.0,-34.0,13.0,-36.0,14.0,-37.0,14.0,-34.0,15.0,-30.0,14.0,-27.0,12.0,-22.0,10.0,-17.0,7.0,-12.0,4.0,-6.0,-1.0,-1.0,-6.0,4.0,-11.0,9.0,-16.0,11.0,-21.0,13.0,-25.0
4.763,122.0,-96.0,7.0,0.0,0.0,0.0,0.0,0.0,0.0,0.0,0.0,0.0,-4.0,21.0,-3.0,18.0,-3.0,13.0,-3.0,8.0,-3.0,2.0,-4.0,-5.0,-5.0,-10.0,-6.0,-16.0,-7.0,-22.0,-8.0,-26.0,-9.0,-30.0,-10.0,-31.0,-11.0,-33.0,-11.0,-33.0,-11.0,-32.0,-11.0,-28.0,-10.0,-25.0,-8.0,-20.0,-6.0,-16.0,-3.0,-11.0,1.0,-6.0,4.0,0.0,8.0,5.0,12.0,10.0,16.0,12.0,20.0,14.0
4.7772,122.0,-96.0,7.0,0.0,0.0,0.0,0.0,0.0,0.0,0.0,0.0,0.0,-10.0,19.0,-7.0,15.0,-7.0,12.0,-5.0,7.0,-4.0,3.0,-3.0,-5.0,-3.0,-7.0,-2.0,-14.0,-2.0,-19.0,-1.0,-24.0,0.0,-27.0,-1.0,-29.0,-2.0,-31.0,-1.0,-32.0,-3.0,-29.0,-3.0,-28.0,-3.0,-24.0,-2.0,-21.0,-1.0,-16.0,0.0,-10.0,1.0,-4.0,4.0,1.0,7.0,7.0,9.0,11.0,11.0,14.0,15.0,17.0
4.7899,122.0,-96.0,7.0,0.0,0.0,0.0,0.0,0.0,0.0,0.0,0.0,0.0,11.0,-19.0,9.0,-16.0,6.0,-12.0,5.0,-7.0,3.0,-2.0,1.0,5.0,0.0,10.0,-1.0,16.0,-2.0,21.0,-3.0,26.0,-3.0,30.0,-2.0,32.0,-2.0,33.0,-2.0,34.0,-1.0,32.0,0.0,29.0,0.0,26.0,0.0,21.0,-1.0,16.0,-2.0,10.0,-3.0,4.0,-5.0,-3.0,-7.0,-9.0,-9.0,-15.0,-12.0,-18.0,-15.0,-21.0
4.8044,122.0,-96.0,7.0,0.0,0.0,0.0,0.0,0.0,0.0,0.0,0.0,0.0,-19.0,13.0,-16.0,11.0,-13.0,8.0,-9.0,5.0,-5.0,0.0,-1.0,-5.0,2.0,-9.0,6.0,-14.0,9.0,-19.0,11.0,-23.0,14.0,-27.0,14.0,-29.0,14.0,-31.0,15.0,-32.0,13.0,-31.0,10.0,-28.0,9.0,-25.0,8.0,-21.0,7.0,-16.0,5.0,-10.0,4.0,-4.0,3.0,2.0,2.0,9.0,2.0,15.0,3.0,20.0,4.0,24.0
4.8182,122.0,-96.0,7.0,0.0,0.0,0.0,0.0,0.0,0.0,0.0,0.0,0.0,-4.0,-1.0,-1.0,-6.0,2.0,-10.0,4.0,-15.0,7.0,-20.0,8.0,-25.0,9.0,-28.0,10.0,-31.0,9.0,-32.0,9.0,-33.0,8.0,-31.0,7.0,-29.0,7.0,-27.0,5.0,-21.0,5.0,-17.0,3.0,-10.0,3.0,-3.0,4.0,3.0,4.0,9.0,4.0,15.0,6.0,21.0,7.0,24.0,9.0,29.0,11.0,29.0,12.0,30.0,12.0,30.0
4.8257,122.0,-96.0,7.0,0.0,0.0,0.0,0.0,0.0,0.0,0.0,0.0,0.0,24.0,-2.0,24.0,-1.0,24.0,-1.0,23.0,-1.0,24.0,1.0,23.0,1.0,23.0,2.0,24.0,2.0,23.0,3.0,23.0,2.0,22.0,3.0,23.0,3.0,22.0,3.0,22.0,4.0,21.0,4.0,21.0,4.0,21.0,4.0,20.0,4.0,20.0,4.0,20.0,4.0,20.0,4.0,19.0,4.0,19.0,3.0,19.0,3.0,18.0,2.0,18.0,2.0
4.8388,122.0,-96.0,7.0,0.0,0.0,0.0,0.0,0.0,0.0,0.0,0.0,0.0,-4.0,-1.0,-1.0,-6.0,2.0,-10.0,5.0,-15.0,7.0,-20.0,9.0,-24.0,10.0,-27.0,11.0,-30.0,10.0,-31.0,11.0,-32.0,9.0,-31.0,8.0,-29.0,8.0,-26.0,6.0,-21.0,5.0,-16.0,3.0,-10.0,3.0,-3.0,3.0,3.0,3.0,9.0,4.0,15.0,5.0,21.0,7.0,23.0,8.0,28.0,9.0,29.0,10.0,30.0,11.0,30.0
4.8539,122.0,-96.0,7.0,0.0,0.0,0.0,0.0,0.0,0.0,0.0,0.0,0.0,22.0,-19.0,23.0,-19.0,22.0,-19.0,21.0,-18.0,18.0,-15.0,15.0,-13.0,12.0,-9.0,7.0,-5.0,4.0,-1.0,0.0,5.0,-3.0,9.0,-7.0,14.0,-9.0,19.0,-12.0,23.0,-14.0,27.0,-15.0,30.0,-14.0,30.0,-14.0,31.0,-13.0,30.0,-12.0,27.0,-10.0,24.0,-8.0,20.0,-7.0,14.0,-5.0,9.0,-5.0,3.0,-4.0,-4.0
4.8639,122.0,-96.0,7.0,0.0,0.0,0.0,0.0,0.0,0.0,0.0,0.0,0.0,17.0,-8.0,17.0,-8.0,17.0,-7.0,18.0,-7.0,18.0,-6.0,18.0,-6.0,18.0,-5.0,18.0,-5.0,18.0,-5.0,18.0,-4.0,18.0,-4.0,18.0,-4.0,17.0,-3.0,18.0,-3.0,18.0,-3.0,17.0,-3.0,17.0,-3.0,17.0,-2.0,16.0,-2.0,16.0,-3.0,16.0,-3.0,15.0,-3.0,15.0,-3.0,15.0,-3.0,15.0,-3.0,14.0,-4.0
4.8773,122.0,-96.0,7.0,0.0,0.0,0.0,0.0,0.0,0.0,0.0,0.0,0.0,4.0,-1.0,0.0,4.0,-4.0,9.0,-8.0,13.0,-12.0,19.0,-15.0,23.0,-16.0,27.0,-19.0,31.0,-18.0,32.0,-19.0,33.0,-17.0,32.0,-16.0,30.0,-15.0,27.0,-12.0,23.0,-10.0,17.0,-6.0,10.0,-4.0,3.0,-4.0,-4.0,-3.0,-11.0,-3.0,-18.0,-3.0,-25.0,-5.0,-28.0,-5.0,-34.0,-7.0,-35.0,-8.0,-36.0,-9.0,-36.0
4.8903,122.0,-96.0,7.0,0.0,0.0,0.0,0.0,0.0,0.0,0.0,0.0,0.0,8.0,12.0,10.0,15.0,12.0,18.0,14.0,19.0,14.0,21.0,14.0,22.0,14.0,20.0,13.0,19.0,12.0,17.0,10.0,14.0,7.0,11.0,4.0,7.0,0.0,4.0,-4.0,0.0,-8.0,-3.0,-12.0,-7.0,-16.0,-9.0,-19.0,-11.0,-22.0,-12.0,-24.0,-13.0,-25.0,-13.0,-25.0,-13.0,-24.0,-11.0,-22.0,-10.0,-20.0,-8.0,-16.0,-7.0
4.9047,122.0,-96.0,7.0,0.0,0.0,0.0,0.0,0.0,0.0,0.0,0.0,0.0,2.0,-17.0,3.0,-21.0,4.0,-24.0,4.0,-27.0,5.0,-28.0,5.0,-29.0,5.0,-28.0,4.0,-26.0,4.0,-24.0,3.0,-20.0,2.0,-15.0,2.0,-10.0,2.0,-4.0,2.0,2.0,3.0,8.0,4.0,13.0,4.0,19.0,6.0,22.0,7.0,26.0,8.0,28.0,8.0,29.0,9.0,29.0,9.0,27.0,9.0,24.0,8.0,21.0,6.0,16.0
4.9166,122.0,-96.0,7.0,0.0,0.0,0.0,0.0,0.0,0.0,0.0,0.0,0.0,0.0,-5.0,6.0,-1.0,12.0,3.0,18.0,6.0,24.0,9.0,30.0,11.0,34.0,12.0,38.0,13.0,39.0,12.0,40.0,12.0,38.0,11.0,36.0,10.0,32.0,9.0,27.0,7.0,19.0,6.0,11.0,4.0,4.0,4.0,-5.0,4.0,-13.0,5.0,-20.0,6.0,-27.0,8.0,-31.0,10.0,-36.0,12.0,-38.0,14.0,-39.0,15.0,-38.0,16.0
4.9255,122.0,-96.0,7.0,0.0,0.0,0.0,0.0,0.0,0.0,0.0,0.0,0.0,-3.0,23.0,-4.0,24.0,-4.0,23.0,-5.0,24.0,-6.0,23.0,-6.0,23.0,-7.0,23.0,-7.0,22.0,-7.0,22.0,-7.0,22.0,-8.0,22.0,-8.0,22.0,-8.0,21.0,-8.0,21.0,-9.0,21.0,-8.0,20.0,-8.0,20.0,-8.0,19.0,-8.0,20.0,-7.0,19.0,-8.0,19.0,-7.0,18.0,-7.0,18.0,-7.0,18.0,-6.0,18.0,-6.0,18.0
4.9386,122.0,-96.0,7.0,0.0,0.0,0.0,0.0,0.0,0.0,0.0,0.0,0.0,10.0,-27.0,11.0,-28.0,11.0,-28.0,10.0,-26.0,9.0,-23.0,7.0,-19.0,6.0,-15.0,4.0,-9.0,4.0,-4.0,3.0,2.0,2.0,8.0,2.0,14.0,2.0,20.0,2.0,25.0,1.0,30.0,2.0,32.0,3.0,33.0,3.0,34.0,3.0,32.0,3.0,30.0,4.0,26.0,3.0,21.0,2.0,16.0,0.0,10.0,-2.0,4.0,-5.0,-2.0
4.9524,122.0,-96.0,7.0,0.0,0.0,0.0,0.0,0.0,0.0,0.0,0.0,0.0,18.0,-2.0,23.0,-2.0,26.0,-2.0,29.0,-3.0,31.0,-3.0,32.0,-3.0,31.0,-3.0,28.0,-3.0,26.0,-3.0,21.0,-2.0,16.0,-2.0,10.0,-1.0,5.0,1.0,-2.0,3.0,-8.0,6.0,-14.0,8.0,-19.0,10.0,-23.0,14.0,-26.0,15.0,-28.0,17.0,-29.0,18.0,-29.0,19.0,-26.0,19.0,-24.0,17.0,-20.0,15.0,-16.0,12.0
4.9657,122.0,-96.0,7.0,0.0,0.0,0.0,0.0,0.0,0.0,0.0,0.0,0.0,24.0,8.0,25.0,9.0,24.0,9.0,23.0,8.0,21.0,8.0,17.0,5.0,12.0,4.0,6.0,4.0,3.0,3.0,-3.0,3.0,-9.0,2.0,-13.0,2.0,-19.0,2.0,-23.0,2.0,-28.0,2.0,-30.0,2.0,-31.0,3.0,-31.0,3.0,-30.0,3.0,-27.0,4.0,-24.0,4.0,-20.0,3.0,-15.0,2.0,-10.0,0.0,-5.0,-2.0,0.0,-5.0
4.975,122.0,-96.0,7.0,0.0,0.0,0.0,0.0,0.0,0.0,0.0,0.0,0.0,-19.0,9.0,-20.0,8.0,-20.0,7.0,-20.0,7.0,-20.0,6.0,-21.0,6.0,-20.0,5.0,-21.0,5.0,-20.0,4.0,-20.0,5.0,-20.0,5.0,-20.0,5.0,-20.0,4.0,-20.0,4.0,-20.0,3.0,-19.0,3.0,-19.0,3.0,-19.0,3.0,-19.0,3.0,-18.0,3.0,-18.0,3.0,-18.0,3.0,-18.0,3.0,-17.0,4.0,-17.0,4.0,-17.0,4.0
4.9888,122.0,-96.0,7.0,0.0,0.0,0.0,0.0,0.0,0.0,0.0,0.0,0.0,-11.0,14.0,-14.0,17.0,-15.0,19.0,-17.0,21.0,-17.0,22.0,-17.0,23.0,-17.0,22.0,-16.0,20.0,-15.0,18.0,-12.0,14.0,-9.0,11.0,-7.0,6.0,-4.0,1.0,-2.0,-5.0,0.0,-10.0,2.0,-15.0,3.0,-20.0,4.0,-24.0,4.0,-27.0,5.0,-29.0,4.0,-31.0,4.0,-31.0,3.0,-29.0,2.0,-26.0,1.0,-23.0,1.0,-18.0
5.0025,122.0,-96.0,7.0,0.0,0.0,0.0,0.0,0.0,0.0,0.0,0.0,0.0,11.0,-27.0,12.0,-28.0,11.0,-27.0,10.0,-26.0,9.0,-23.0,7.0,-19.0,6.0,-15.0,5.0,-9.0,4.0,-4.0,2.0,3.0,2.0,8.0,2.0,14.0,1.0,20.0,1.0,25.0,1.0,30.0,1.0,32.0,2.0,33.0,3.0,34.0,3.0,32.0,3.0,30.0,4.0,26.0,3.0,21.0,2.0,15.0,0.0,10.0,-2.0,5.0,-5.0,-2.0
