time,sc_0,sc_1,sc_2,sc_3,sc_4,sc_5,sc_6,sc_7,sc_8,sc_9,sc_10,sc_11,sc_12,sc_13,sc_14,sc_15,sc_16,sc_17,sc_18,sc_19,sc_20,sc_21,sc_22,sc_23,sc_24,sc_25,sc_26,sc_27,sc_28,sc_29,sc_30,sc_31,sc_32,sc_33,sc_34,sc_35,sc_36,sc_37,sc_38,sc_39,sc_40,sc_41,sc_42,sc_43,sc_44,sc_45,sc_46,sc_47,sc_48,sc_49,sc_50,sc_51,sc_52,sc_53,sc_54,sc_55,sc_56,sc_57,sc_58,sc_59,sc_60,sc_61,sc_62,sc_63
0.0216,122.0,-96.0,7.0,0.0,10.0,-36.0,8.0,-36.0,7.0,-34.0,6.0,-31.0,4.0,-26.0,3.0,-21.0,3.0,-14.0,3.0,-9.0,3.0,-2.0,4.0,4.0,5.0,10.0,7.0,16.0,8.0,20.0,11.0,23.0,11.0,24.0,11.0,25.0,12.0,24.0,11.0,22.0,10.0,20.0,8.0,17.0,7.0,13.0,4.0,9.0,2.0,5.0,-1.0,2.0,-3.0,-2.0,0.0,0.0,0.0,0.0,0.0,0.0,0.0,0.0,0.0,0.0
0.0358,122.0,-96.0,7.0,0.0,-13.0,20.0,-13.0,20.0,-13.0,20.0,-12.0,20.0,-11.0,20.0,-11.0,20.0,-10.0,20.0,-9.0,20.0,-10.0,20.0,-10.0,20.0,-9.0,20.0,-9.0,20.0,-8.0,19.0,-8.0,20.0,-8.0,19.0,-9.0,20.0,-9.0,19.0,-9.0,18.0,-8.0,17.0,-9.0,17.0,-8.0,16.0,-9.0,16.0,-8.0,15.0,-9.0,14.0,-9.0,14.0,0.0,0.0,0.0,0.0,0.0,0.0,0.0,0.0,0.0,0.0
0.0521,122.0,-96.0,7.0,0.0,3.0,2.0,-4.0,4.0,-9.0,6.0,-15.0,7.0,-18.0,9.0,-22.0,11.0,-24.0,13.0,-25.0,15.0,-25.0,16.0,-24.0,15.0,-22.0,15.0,-19.0,13.0,-15.0,11.0,-12.0,8.0,-9.0,4.0,-5.0,1.0,-1.0,-3.0,2.0,-7.0,4.0,-10.0,6.0,-13.0,7.0,-15.0,8.0,-16.0,8.0,-16.0,9.0,-16.0,8.0,-16.0,0.0,0.0,0.0,0.0,0.0,0.0,0.0,0.0,0.0,0.0
0.0595,122.0,-96.0,7.0,0.0,-18.0,-28.0,-18.0,-28.0,-18.0,-26.0,-17.0,-23.0,-15.0,-19.0,-12.0,-15.0,-8.0,-11.0,-4.0,-8.0,0.0,-4.0,5.0,-1.0,9.0,2.0,14.0,4.0,18.0,5.0,20.0,7.0,23.0,8.0,22.0,7.0,23.0,7.0,22.0,6.0,20.0,6.0,17.0,4.0,13.0,3.0,9.0,2.0,5.0,2.0,1.0,1.0,-2.0,1.0,0.0,0.0,0.0,0.0,0.0,0.0,0.0,0.0,0.0,0.0
0.0687,122.0,-96.0,7.0,0.0,-4.0,-3.0,2.0,-4.0,8.0,-6.0,14.0,-6.0,18.0,-8.0,21.0,-9.0,24.0,-11.0,25.0,-13.0,25.0,-13.0,24.0,-14.0,22.0,-13.0,20.0,-12.0,16.0,-11.0,13.0,-8.0,10.0,-5.0,6.0,-2.0,2.0,1.0,-2.0,4.0,-5.0,7.0,-7.0,10.0,-9.0,11.0,-10.0,12.0,-11.0,14.0,-11.0,14.0,-11.0,14.0,0.0,0.0,0.0,0.0,0.0,0.0,0.0,0.0,0.0,0.0
0.0802,122.0,-96.0,7.0,0.0,0.0,0.0,0.0,0.0,0.0,0.0,0.0,0.0,17.0,-3.0,18.0,-3.0,17.0,-3.0,18.0,-2.0,18.0,-2.0,18.0,-1.0,18.0,-1.0,18.0,0.0,18.0,0.0,18.0,0.0,18.0,0.0,17.0,0.0,17.0,1.0,17.0,1.0,17.0,1.0,16.0,1.0,16.0,1.0,16.0,1.0,16.0,1.0,15.0,1.0,15.0,1.0,15.0,0.0,15.0,0.0,15.0,0.0,14.0,0.0,14.0,-1.0
0.0938,122.0,-96.0,7.0,0.0,0.0,0.0,0.0,0.0,0.0,0.0,0.0,0.0,-16.0,-22.0,-16.0,-23.0,-15.0,-23.0,-15.0,-22.0,-13.0,-21.0,-11.0,-17.0,-8.0,-14.0,-5.0,-9.0,-2.0,-5.0,2.0,-1.0,6.0,3.0,9.0,7.0,13.0,11.0,16.0,15.0,18.0,19.0,20.0,20.0,21.0,21.0,21.0,21.0,21.0,20.0,19.0,18.0,17.0,15.0,14.0,13.0,11.0,10.0,6.0,7.0,2.0,3.0,-3.0,0.0
0.1074,122.0,-96.0,7.0,0.0,0.0,0.0,0.0,0.0,0.0,0.0,0.0,0.0,-1.0,-19.0,-1.0,-23.0,0.0,-27.0,0.0,-30.0,1.0,-32.0,1.0,-33.0,1.0,-32.0,2.0,-30.0,2.0,-28.0,1.0,-23.0,1.0,-18.0,1.0,-12.0,1.0,-6.0,1.0,1.0,2.0,7.0,2.0,14.0,3.0,20.0,4.0,24.0,4.0,28.0,5.0,31.0,5.0,33.0,6.0,33.0,6.0,31.0,6.0,28.0,6.0,24.0,4.0,20.0
0.1204,122.0,-96.0,7.0,0.0,0.0,0.0,0.0,0.0,0.0,0.0,0.0,0.0,-5.0,15.0,-5.0,15.0,-5.0,15.0,-6.0,15.0,-6.0,14.0,-7.0,15.0,-7.0,14.0,-7.0,14.0,-8.0,14.0,-8.0,13.0,-8.0,14.0,-8.0,13.0,-8.0,13.0,-8.0,13.0,-8.0,13.0,-8.0,12.0,-8.0,13.0,-8.0,12.0,-8.0,12.0,-8.0,12.0,-8.0,11.0,-7.0,11.0,-7.0,11.0,-7.0,11.0,-7.0,11.0,-6.0,11.0
0.1337,122.0,-96.0,7.0,0.0,0.0,0.0,0.0,0.0,0.0,0.0,0.0,0.0,3.0,24.0,2.0,20.0,1.0,14.0,0.0,9.0,-2.0,2.0,-4.0,-5.0,-6.0,-11.0,-8.0,-18.0,-10.0,-23.0,-12.0,-28.0,-12.0,-32.0,-13.0,-35.0,-14.0,-35.0,-14.0,-36.0,-14.0,-34.0,-13.0,-30.0,-11.0,-27.0,-9.0,-22.0,-7.0,-16.0,-4.0,-10.0,0.0,-4.0,4.0,3.0,8.0,9.0,12.0,15.0,15.0,19.0,19.0,22.0
0.1479,122.0,-96.0,7.0,0.0,0.0,0.0,0.0,0.0,0.0,0.0,0.0,0.0,17.0,3.0,18.0,4.0,17.0,4.0,17.0,5.0,17.0,5.0,17.0,6.0,17.0,6.0,16.0,6.0,16.0,7.0,16.0,7.0,16.0,7.0,15.0,7.0,15.0,7.0,15.0,8.0,15.0,7.0,14.0,7.0,15.0,8.0,14.0,7.0,14.0,7.0,14.0,7.0,13.0,6.0,13.0,6.0,13.0,6.0,13.0,6.0,13.0,6.0,13.0,5.0
0.1642,122.0,-96.0,7.0,0.0,0.0,0.0,0.0,0.0,0.0,0.0,0.0,0.0,13.0,-16.0,13.0,-16.0,14.0,-16.0,14.0,-15.0,15.0,-15.0,15.0,-15.0,15.0,-14.0,16.0,-14.0,15.0,-13.0,16.0,-13.0,16.0,-13.0,16.0,-12.0,16.0,-12.0,16.0,-12.0,16.0,-11.0,15.0,-11.0,15.0,-11.0,15.0,-11.0,15.0,-10.0,14.0,-11.0,14.0,-10.0,14.0,-10.0,14.0,-10.0,13.0,-11.0,12.0,-11.0,12.0,-11.0
0.1789,122.0,-96.0,7.0,0.0,0.0,0.0,0.0,0.0,0.0,0.0,0.0,0.0,0.0,23.0,0.0,24.0,-1.0,24.0,-1.0,22.0,-1.0,21.0,-1.0,17.0,-1.0,14.0,-1.0,9.0,-2.0,4.0,-2.0,-1.0,-3.0,-6.0,-4.0,-11.0,-4.0,-15.0,-4.0,-20.0,-5.0,-23.0,-5.0,-26.0,-6.0,-27.0,-6.0,-28.0,-6.0,-26.0,-6.0,-25.0,-6.0,-21.0,-5.0,-18.0,-4.0,-14.0,-2.0,-10.0,0.0,-4.0,2.0,0.0
0.1927,122.0,-96.0,7.0,0.0,0.0,0.0,0.0,0.0,0.0,0.0,0.0,0.0,-12.0,-23.0,-10.0,-19.0,-8.0,-15.0,-5.0,-11.0,-2.0,-6.0,2.0,-1.0,5.0,4.0,9.0,9.0,12.0,14.0,15.0,18.0,18.0,21.0,20.0,23.0,21.0,24.0,21.0,25.0,21.0,24.0,19.0,22.0,18.0,20.0,14.0,17.0,11.0,13.0,7.0,8.0,2.0,4.0,-3.0,0.0,-9.0,-4.0,-13.0,-8.0,-18.0,-10.0,-22.0,-12.0
0.2059,122.0,-96.0,7.0,0.0,0.0,0.0,0.0,0.0,0.0,0.0,0.0,0.0,14.0,-19.0,15.0,-20.0,15.0,-20.0,14.0,-18.0,13.0,-17.0,11.0,-14.0,9.0,-11.0,6.0,-7.0,4.0,-3.0,1.0,1.0,-2.0,5.0,-4.0,9.0,-7.0,14.0,-9.0,17.0,-12.0,20.0,-13.0,23.0,-13.0,24.0,-13.0,24.0,-12.0,23.0,-11.0,21.0,-9.0,19.0,-8.0,16.0,-6.0,12.0,-5.0,7.0,-3.0,3.0,-2.0,-2.0
0.2217,122.0,-96.0,7.0,0.0,0.0,0.0,0.0,0.0,0.0,0.0,0.0,0.0,5.0,-15.0,5.0,-16.0,5.0,-15.0,6.0,-15.0,6.0,-16.0,7.0,-15.0,7.0,-15.0,7.0,-15.0,7.0,-14.0,8.0,-14.0,8.0,-14.0,8.0,-14.0,8.0,-14.0,8.0,-14.0,8.0,-13.0,8.0,-13.0,8.0,-13.0,8.0,-13.0,7.0,-12.0,7.0,-13.0,7.0,-12.0,7.0,-12.0,6.0,-12.0,6.0,-12.0,6.0,-12.0,5.0,-12.0
0.2357,122.0,-96.0,7.0,0.0,0.0,0.0,0.0,0.0,0.0,0.0,0.0,0.0,15.0,-4.0,15.0,-4.0,15.0,-4.0,15.0,-3.0,16.0,-3.0,16.0,-2.0,16.0,-2.0,16.0,-2.0,15.0,-1.0,16.0,-1.0,15.0,0.0,15.0,0.0,15.0,0.0,15.0,1.0,15.0,0.0,15.0,0.0,14.0,1.0,14.0,1.0,14.0,0.0,14.0,0.0,13.0,0.0,13.0,0.0,13.0,0.0,13.0,0.0,13.0,-1.0,12.0,-1.0
0.2516,122.0,-96.0,7.0,0.0,0.0,0.0,0.0,0.0,0.0,0.0,0.0,0.0,9.0,-13.0,10.0,-13.0,10.0,-13.0,11.0,-13.0,11.0,-12.0,11.0,-12.0,11.0,-11.0,12.0,-11.0,12.0,-11.0,12.0,-11.0,12.0,-10.0,12.0,-10.0,12.0,-10.0,12.0,-10.0,12.0,-9.0,12.0,-9.0,12.0,-9.0,11.0,-9.0,11.0,-9.0,11.0,-9.0,11.0,-9.0,10.0,-9.0,11.0,-8.0,10.0,-9.0,10.0,-9.0,9.0,-9.0
0.2675,122.0,-96.0,7.0,0.0,0.0,0.0,0.0,0.0,0.0,0.0,0.0,0.0,21.0,-5.0,22.0,-4.0,21.0,-4.0,22.0,-4.0,22.0,-3.0,22.0,-2.0,22.0,-2.0,22.0,-1.0,22.0,-1.0,21.0,0.0,21.0,0.0,21.0,1.0,20.0,1.0,20.0,1.0,21.0,1.0,20.0,1.0,19.0,1.0,19.0,1.0,19.0,1.0,19.0,0.0,18.0,0.0,18.0,0.0,18.0,0.0,18.0,0.0,18.0,0.0,17.0,-1.0
0.2786,122.0,-96.0,7.0,0.0,0.0,0.0,0.0,0.0,0.0,0.0,0.0,0.0,-6.0,-3.0,1.0,-3.0,7.0,-3.0,14.0,-2.0,20.0,-3.0,26.0,-2.0,31.0,-3.0,34.0,-2.0,36.0,-3.0,37.0,-3.0,35.0,-4.0,34.0,-4.0,31.0,-3.0,25.0,-3.0,20.0,-2.0,13.0,-1.0,5.0,0.0,-1.0,2.0,-9.0,4.0,-15.0,6.0,-21.0,9.0,-25.0,11.0,-30.0,13.0,-32.0,15.0,-32.0,16.0,-33.0,17.0
0.2919,122.0,-96.0,7.0,0.0,0.0,0.0,0.0,0.0,0.0,0.0,0.0,0.0,2.0,-3.0,3.0,4.0,3.0,11.0,4.0,17.0,5.0,23.0,6.0,28.0,7.0,31.0,7.0,35.0,8.0,35.0,8.0,36.0,8.0,34.0,7.0,32.0,6.0,28.0,5.0,23.0,3.0,17.0,1.0,10.0,-1.0,3.0,-4.0,-4.0,-7.0,-11.0,-10.0,-17.0,-13.0,-22.0,-16.0,-25.0,-18.0,-30.0,-20.0,-30.0,-21.0,-31.0,-21.0,-31.0
0.3066,122.0,-96.0,7.0,0.0,0.0,0.0,0.0,0.0,0.0,0.0,0.0,0.0,0.0,-27.0,1.0,-28.0,1.0,-27.0,1.0,-24.0,1.0,-22.0,1.0,-18.0,1.0,-14.0,1.0,-8.0,1.0,-3.0,2.0,3.0,2.0,8.0,2.0,14.0,3.0,18.0,3.0,23.0,3.0,26.0,3.0,29.0,4.0,29.0,4.0,30.0,4.0,28.0,4.0,26.0,4.0,21.0,3.0,17.0,2.0,13.0,0.0,8.0,-1.0,2.0,-3.0,-3.0
0.3234,122.0,-96.0,7.0,0.0,0.0,0.0,0.0,0.0,0.0,0.0,0.0,0.0,-28.0,-5.0,-24.0,-4.0,-19.0,-3.0,-13.0,-3.0,-7.0,-3.0,1.0,-3.0,7.0,-3.0,15.0,-2.0,21.0,-2.0,27.0,-2.0,32.0,-2.0,34.0,-2.0,36.0,-3.0,38.0,-3.0,36.0,-3.0,34.0,-4.0,30.0,-3.0,26.0,-3.0,20.0,-2.0,13.0,-1.0,6.0,0.0,-2.0,2.0,-9.0,4.0,-16.0,6.0,-21.0,8.0,-26.0,10.0
0.3355,122.0,-96.0,7.0,0.0,0.0,0.0,0.0,0.0,0.0,0.0,0.0,0.0,24.0,-7.0,19.0,-6.0,15.0,-5.0,11.0,-3.0,5.0,-1.0,-1.0,1.0,-6.0,4.0,-12.0,6.0,-17.0,9.0,-21.0,11.0,-26.0,13.0,-28.0,14.0,-29.0,16.0,-31.0,16.0,-29.0,15.0,-27.0,15.0,-24.0,13.0,-21.0,11.0,-16.0,8.0,-11.0,5.0,-6.0,1.0,0.0,-3.0,5.0,-7.0,10.0,-11.0,13.0,-15.0,15.0,-19.0
0.3495,122.0,-96.0,7.0,0.0,0.0,0.0,0.0,0.0,0.0,0.0,0.0,0.0,2.0,-19.0,3.0,-19.0,3.0,-19.0,3.0,-19.0,4.0,-19.0,5.0,-19.0,5.0,-19.0,5.0,-19.0,6.0,-18.0,6.0,-18.0,6.0,-18.0,6.0,-17.0,6.0,-17.0,6.0,-17.0,6.0,-17.0,6.0,-16.0,7.0,-17.0,6.0,-16.0,6.0,-16.0,5.0,-16.0,5.0,-15.0,5.0,-16.0,5.0,-15.0,5.0,-15.0,4.0,-15.0,4.0,-15.0
0.3645,122.0,-96.0,7.0,0.0,0.0,0.0,0.0,0.0,0.0,0.0,0.0,0.0,4.0,19.0,4.0,24.0,4.0,27.0,4.0,29.0,5.0,31.0,4.0,31.0,4.0,31.0,3.0,28.0,2.0,25.0,2.0,20.0,1.0,15.0,0.0,9.0,-2.0,2.0,-3.0,-4.0,-5.0,-10.0,-6.0,-16.0,-8.0,-21.0,-10.0,-26.0,-11.0,-29.0,-12.0,-31.0,-13.0,-32.0,-13.0,-32.0,-13.0,-30.0,-12.0,-26.0,-11.0,-22.0,-9.0,-18.0
0.3802,122.0,-96.0,7.0,0.0,0.0,0.0,0.0,0.0,0.0,0.0,0.0,0.0,13.0,-10.0,13.0,-9.0,14.0,-9.0,14.0,-8.0,14.0,-8.0,14.0,-8.0,14.0,-7.0,15.0,-7.0,14.0,-6.0,15.0,-6.0,14.0,-6.0,15.0,-6.0,14.0,-5.0,14.0,-5.0,14.0,-5.0,14.0,-5.0,13.0,-5.0,14.0,-5.0,13.0,-5.0,13.0,-5.0,13.0,-5.0,12.0,-5.0,13.0,-5.0,12.0,-5.0,12.0,-5.0,12.0,-6.0
0.3951,122.0,-96.0,7.0,0.0,0.0,0.0,0.0,0.0,0.0,0.0,0.0,0.0,-10.0,15.0,-11.0,15.0,-11.0,14.0,-12.0,15.0,-12.0,14.0,-13.0,14.0,-13.0,13.0,-13.0,13.0,-13.0,12.0,-14.0,12.0,-14.0,12.0,-14.0,12.0,-14.0,11.0,-13.0,11.0,-14.0,11.0,-13.0,11.0,-13.0,11.0,-13.0,10.0,-13.0,10.0,-12.0,10.0,-12.0,10.0,-12.0,10.0,-12.0,10.0,-11.0,11.0,-11.0,10.0,-11.0,10.0
0.4128,122.0,-96.0,7.0,0.0,0.0,0.0,0.0,0.0,0.0,0.0,0.0,0.0,-16.0,-17.0,-15.0,-17.0,-15.0,-17.0,-15.0,-18.0,-14.0,-19.0,-13.0,-19.0,-13.0,-19.0,-13.0,-19.0,-12.0,-19.0,-12.0,-20.0,-11.0,-19.0,-11.0,-19.0,-10.0,-19.0,-10.0,-19.0,-10.0,-19.0,-10.0,-19.0,-9.0,-17.0,-9.0,-18.0,-9.0,-18.0,-9.0,-17.0,-9.0,-17.0,-10.0,-17.0,-9.0,-17.0,-9.0,-16.0,-10.0,-16.0,-10.0,-15.0
0.426,122.0,-96.0,7.0,0.0,0.0,0.0,0.0,0.0,0.0,0.0,0.0,0.0,-8.0,-17.0,-9.0,-21.0,-10.0,-25.0,-11.0,-27.0,-11.0,-30.0,-11.0,-31.0,-11.0,-31.0,-11.0,-29.0,-9.0,-27.0,-8.0,-22.0,-6.0,-18.0,-4.0,-12.0,-1.0,-6.0,1.0,0.0,5.0,5.0,7.0,11.0,10.0,16.0,13.0,20.0,15.0,24.0,17.0,26.0,18.0,27.0,18.0,27.0,18.0,26.0,16.0,23.0,15.0,20.0,12.0,16.0
0.4398,122.0,-96.0,7.0,0.0,0.0,0.0,0.0,0.0,0.0,0.0,0.0,0.0,11.0,19.0,10.0,19.0,10.0,19.0,10.0,20.0,9.0,20.0,8.0,20.0,8.0,21.0,7.0,21.0,7.0,21.0,6.0,21.0,6.0,20.0,6.0,20.0,5.0,20.0,5.0,20.0,5.0,20.0,5.0,19.0,4.0,19.0,4.0,19.0,4.0,19.0,5.0,18.0,4.0,18.0,5.0,17.0,4.0,17.0,5.0,17.0,5.0,17.0,6.0,16.0
0.4537,122.0,-96.0,7.0,0.0,0.0,0.0,0.0,0.0,0.0,0.0,0.0,0.0,-21.0,0.0,-21.0,-1.0,-22.0,-1.0,-22.0,-1.0,-22.0,-2.0,-21.0,-3.0,-21.0,-3.0,-21.0,-3.0,-21.0,-4.0,-21.0,-4.0,-21.0,-4.0,-20.0,-5.0,-20.0,-5.0,-20.0,-5.0,-19.0,-5.0,-19.0,-5.0,-19.0,-6.0,-19.0,-5.0,-18.0,-5.0,-18.0,-4.0,-18.0,-5.0,-17.0,-4.0,-17.0,-4.0,-17.0,-4.0,-17.0,-4.0,-17.0,-3.0
0.4752,122.0,-96.0,7.0,0.0,0.0,0.0,0.0,0.0,0.0,0.0,0.0,0.0,-5.0,17.0,-6.0,18.0,-7.0,17.0,-7.0,17.0,-8.0,17.0,-8.0,17.0,-8.0,16.0,-8.0,16.0,-9.0,15.0,-9.0,16.0,-10.0,16.0,-9.0,15.0,-9.0,15.0,-9.0,15.0,-10.0,14.0,-9.0,14.0,-10.0,15.0,-9.0,13.0,-9.0,14.0,-9.0,13.0,-9.0,13.0,-8.0,13.0,-8.0,13.0,-8.0,13.0,-8.0,13.0,-7.0,13.0
0.4868,122.0,-96.0,7.0,0.0,0.0,0.0,0.0,0.0,0.0,0.0,0.0,0.0,-11.0,-17.0,-11.0,-17.0,-11.0,-18.0,-10.0,-18.0,-10.0,-18.0,-9.0,-19.0,-8.0,-19.0,-8.0,-19.0,-7.0,-19.0,-7.0,-19.0,-7.0,-19.0,-6.0,-19.0,-6.0,-19.0,-6.0,-18.0,-5.0,-19.0,-6.0,-18.0,-5.0,-17.0,-5.0,-18.0,-5.0,-17.0,-5.0,-17.0,-5.0,-17.0,-5.0,-16.0,-5.0,-16.0,-6.0,-16.0,-6.0,-16.0,-6.0,-15.0
0.5003,122.0,-96.0,7.0,0.0,0.0,0.0,0.0,0.0,0.0,0.0,0.0,0.0,3.0,-4.0,2.0,0.0,0.0,6.0,-1.0,11.0,-2.0,16.0,-2.0,20.0,-2.0,24.0,-3.0,27.0,-3.0,28.0,-3.0,29.0,-3.0,28.0,-3.0,27.0,-3.0,25.0,-2.0,21.0,-2.0,16.0,-1.0,11.0,-2.0,5.0,-2.0,-1.0,-3.0,-7.0,-4.0,-12.0,-6.0,-18.0,-8.0,-21.0,-8.0,-25.0,-10.0,-26.0,-10.0,-28.0,-11.0,-28.0
0.5138,122.0,-96.0,7.0,0.0,0.0,0.0,0.0,0.0,0.0,0.0,0.0,0.0,-5.0,26.0,-6.0,27.0,-6.0,27.0,-6.0,25.0,-6.0,23.0,-5.0,20.0,-5.0,15.0,-3.0,10.0,-3.0,5.0,-3.0,-1.0,-2.0,-6.0,-2.0,-12.0,-1.0,-17.0,-1.0,-22.0,0.0,-26.0,0.0,-29.0,-1.0,-30.0,-1.0,-31.0,-1.0,-30.0,-1.0,-28.0,-2.0,-24.0,-2.0,-21.0,-1.0,-16.0,0.0,-11.0,0.0,-5.0,2.0,0.0
0.5285,122.0,-96.0,7.0,0.0,0.0,0.0,0.0,0.0,0.0,0.0,0.0,0.0,-18.0,16.0,-19.0,16.0,-19.0,16.0,-18.0,15.0,-17.0,13.0,-15.0,11.0,-12.0,9.0,-8.0,5.0,-5.0,2.0,-2.0,-2.0,2.0,-6.0,5.0,-9.0,8.0,-13.0,11.0,-16.0,14.0,-19.0,15.0,-21.0,16.0,-22.0,16.0,-23.0,15.0,-22.0,14.0,-21.0,11.0,-19.0,10.0,-16.0,7.0,-12.0,5.0,-8.0,3.0,-3.0,1.0,1.0
0.5421,122.0,-96.0,7.0,0.0,0.0,0.0,0.0,0.0,0.0,0.0,0.0,0.0,17.0,17.0,14.0,14.0,11.0,12.0,7.0,8.0,3.0,5.0,-2.0,1.0,-7.0,-2.0,-12.0,-7.0,-17.0,-10.0,-21.0,-13.0,-24.0,-16.0,-27.0,-17.0,-28.0,-17.0,-29.0,-19.0,-29.0,-17.0,-27.0,-15.0,-25.0,-14.0,-21.0,-12.0,-16.0,-10.0,-11.0,-7.0,-5.0,-5.0,2.0,-2.0,8.0,0.0,14.0,2.0,19.0,3.0,23.0,3.0
0.556,122.0,-96.0,7.0,0.0,0.0,0.0,0.0,0.0,0.0,0.0,0.0,0.0,-17.0,-20.0,-14.0,-16.0,-10.0,-13.0,-6.0,-8.0,-1.0,-4.0,4.0,1.0,9.0,5.0,14.0,10.0,19.0,13.0,23.0,17.0,26.0,20.0,28.0,21.0,30.0,21.0,30.0,22.0,29.0,20.0,27.0,18.0,24.0,15.0,19.0,13.0,14.0,10.0,8.0,6.0,2.0,4.0,-5.0,0.0,-12.0,-3.0,-19.0,-6.0,-24.0,-7.0,-28.0,-7.0
0.58,122.0,-96.0,7.0,0.0,0.0,0.0,0.0,0.0,0.0,0.0,0.0,0.0,27.0,-9.0,24.0,-8.0,20.0,-6.0,15.0,-4.0,9.0,-2.0,3.0,1.0,-3.0,3.0,-9.0,6.0,-15.0,8.0,-21.0,12.0,-24.0,14.0,-28.0,16.0,-31.0,18.0,-32.0,19.0,-31.0,19.0,-30.0,17.0,-27.0,17.0,-24.0,15.0,-19.0,11.0,-14.0,7.0,-8.0,3.0,-3.0,-2.0,1.0,-6.0,6.0,-12.0,10.0,-17.0,13.0,-21.0
0.5901,122.0,-96.0,7.0,0.0,0.0,0.0,0.0,0.0,0.0,0.0,0.0,0.0,-22.0,-1.0,-21.0,-1.0,-22.0,-2.0,-21.0,-2.0,-22.0,-3.0,-22.0,-4.0,-21.0,-4.0,-21.0,-4.0,-21.0,-5.0,-21.0,-5.0,-20.0,-5.0,-20.0,-5.0,-20.0,-5.0,-20.0,-6.0,-19.0,-6.0,-19.0,-6.0,-19.0,-6.0,-19.0,-6.0,-18.0,-6.0,-18.0,-5.0,-18.0,-5.0,-18.0,-5.0,-18.0,-5.0,-17.0,-5.0,-17.0,-4.0,-17.0,-4.0
0.6129,122.0,-96.0,7.0,0.0,0.0,0.0,0.0,0.0,0.0,0.0,0.0,0.0,-14.0,10.0,-11.0,8.0,-9.0,6.0,-7.0,4.0,-4.0,1.0,-1.0,-2.0,1.0,-5.0,4.0,-8.0,7.0,-10.0,9.0,-13.0,10.0,-15.0,11.0,-17.0,12.0,-18.0,13.0,-19.0,12.0,-18.0,11.0,-17.0,10.0,-15.0,8.0,-13.0,6.0,-10.0,5.0,-7.0,3.0,-3.0,0.0,1.0,-1.0,5.0,-2.0,9.0,-3.0,12.0,-4.0,15.0
0.6219,122.0,-96.0,7.0,0.0,0.0,0.0,0.0,0.0,0.0,0.0,0.0,0.0,7.0,-26.0,8.0,-26.0,8.0,-26.0,8.0,-25.0,10.0,-26.0,10.0,-25.0,10.0,-25.0,11.0,-24.0,11.0,-24.0,11.0,-24.0,12.0,-23.0,12.0,-23.0,12.0,-23.0,12.0,-23.0,12.0,-22.0,12.0,-22.0,12.0,-21.0,12.0,-22.0,11.0,-21.0,11.0,-20.0,11.0,-21.0,10.0,-21.0,10.0,-20.0,10.0,-20.0,9.0,-20.0,9.0,-20.0
0.6449,122.0,-96.0,7.0,0.0,0.0,0.0,0.0,0.0,0.0,0.0,0.0,0.0,-4.0,-11.0,-5.0,-14.0,-6.0,-17.0,-7.0,-19.0,-7.0,-20.0,-6.0,-21.0,-6.0,-20.0,-6.0,-20.0,-5.0,-18.0,-5.0,-15.0,-4.0,-12.0,-3.0,-8.0,-1.0,-5.0,1.0,-1.0,3.0,3.0,4.0,7.0,7.0,10.0,9.0,13.0,10.0,15.0,11.0,17.0,12.0,18.0,13.0,18.0,12.0,17.0,12.0,15.0,11.0,13.0,9.0,12.0
0.6601,122.0,-96.0,7.0,0.0,0.0,0.0,0.0,0.0,0.0,0.0,0.0,0.0,16.0,16.0,14.0,13.0,11.0,10.0,8.0,8.0,3.0,4.0,-2.0,1.0,-6.0,-1.0,-11.0,-4.0,-16.0,-7.0,-21.0,-9.0,-24.0,-12.0,-27.0,-12.0,-28.0,-12.0,-29.0,-13.0,-29.0,-11.0,-27.0,-10.0,-24.0,-9.0,-20.0,-8.0,-16.0,-7.0,-10.0,-5.0,-4.0,-4.0,2.0,-2.0,8.0,-2.0,15.0,-1.0,19.0,-2.0,22.0,-3.0
0.6742,122.0,-96.0,7.0,0.0,0.0,0.0,0.0,0.0,0.0,0.0,0.0,0.0,20.0,-11.0,22.0,-11.0,22.0,-11.0,21.0,-11.0,19.0,-10.0,17.0,-8.0,14.0,-6.0,9.0,-4.0,5.0,-2.0,1.0,1.0,-3.0,5.0,-7.0,8.0,-11.0,11.0,-15.0,14.0,-19.0,16.0,-20.0,18.0,-21.0,19.0,-22.0,19.0,-20.0,19.0,-18.0,17.0,-15.0,15.0,-13.0,13.0,-10.0,9.0,-7.0,5.0,-4.0,1.0,-1.0,-4.0
0.6876,122.0,-96.0,7.0,0.0,0.0,0.0,0.0,0.0,0.0,0.0,0.0,0.0,0.0,-17.0,0.0,-21.0,0.0,-24.0,1.0,-27.0,1.0,-29.0,1.0,-30.0,1.0,-29.0,1.0,-28.0,2.0,-26.0,1.0,-21.0,1.0,-16.0,1.0,-11.0,1.0,-5.0,2.0,2.0,3.0,7.0,3.0,13.0,4.0,18.0,5.0,23.0,6.0,26.0,7.0,28.0,8.0,29.0,8.0,30.0,8.0,28.0,8.0,24.0,7.0,21.0,5.0,17.0
0.7004,122.0,-96.0,7.0,0.0,0.0,0.0,0.0,0.0,0.0,0.0,0.0,0.0,4.0,4.0,-2.0,2.0,-9.0,0.0,-15.0,-1.0,-22.0,-3.0,-28.0,-3.0,-32.0,-3.0,-36.0,-4.0,-37.0,-3.0,-38.0,-3.0,-37.0,-2.0,-36.0,-2.0,-32.0,-2.0,-27.0,-1.0,-21.0,-1.0,-14.0,-2.0,-6.0,-3.0,1.0,-4.0,9.0,-6.0,16.0,-8.0,22.0,-11.0,26.0,-13.0,31.0,-15.0,32.0,-16.0,33.0,-18.0,33.0,-18.0
0.7143,122.0,-96.0,7.0,0.0,0.0,0.0,0.0,0.0,0.0,0.0,0.0,0.0,13.0,25.0,13.0,27.0,12.0,26.0,12.0,25.0,10.0,22.0,9.0,19.0,6.0,15.0,3.0,9.0,0.0,5.0,-4.0,-1.0,-8.0,-6.0,-12.0,-11.0,-15.0,-15.0,-19.0,-19.0,-21.0,-23.0,-23.0,-25.0,-24.0,-25.0,-25.0,-26.0,-24.0,-24.0,-22.0,-21.0,-20.0,-19.0,-16.0,-15.0,-12.0,-12.0,-7.0,-8.0,-2.0,-4.0,4.0,-2.0
0.7277,122.0,-96.0,7.0,0.0,0.0,0.0,0.0,0.0,0.0,0.0,0.0,0.0,20.0,18.0,17.0,15.0,13.0,11.0,8.0,8.0,3.0,5.0,-3.0,1.0,-9.0,-2.0,-16.0,-5.0,-22.0,-9.0,-27.0,-11.0,-31.0,-13.0,-34.0,-14.0,-36.0,-14.0,-37.0,-15.0,-36.0,-13.0,-34.0,-12.0,-30.0,-11.0,-25.0,-9.0,-18.0,-7.0,-12.0,-5.0,-5.0,-5.0,3.0,-3.0,11.0,-3.0,18.0,-2.0,24.0,-3.0,28.0,-4.0
0.7412,122.0,-96.0,7.0,0.0,0.0,0.0,0.0,0.0,0.0,0.0,0.0,0.0,0.0,-7.0,3.0,-1.0,5.0,6.0,9.0,11.0,12.0,17.0,15.0,21.0,18.0,25.0,20.0,29.0,22.0,29.0,22.0,30.0,22.0,29.0,21.0,27.0,19.0,25.0,16.0,20.0,12.0,16.0,8.0,10.0,2.0,5.0,-4.0,1.0,-10.0,-4.0,-17.0,-8.0,-22.0,-11.0,-27.0,-13.0,-31.0,-16.0,-33.0,-15.0,-35.0,-16.0,-35.0,-15.0
0.755,122.0,-96.0,7.0,0.0,0.0,0.0,0.0,0.0,0.0,0.0,0.0,0.0,-24.0,0.0,-25.0,-1.0,-25.0,0.0,-24.0,-1.0,-22.0,-1.0,-19.0,-1.0,-16.0,-1.0,-11.0,-1.0,-6.0,-2.0,-1.0,-3.0,4.0,-4.0,9.0,-5.0,14.0,-6.0,19.0,-7.0,23.0,-8.0,25.0,-8.0,26.0,-9.0,27.0,-9.0,25.0,-9.0,23.0,-9.0,20.0,-9.0,17.0,-7.0,13.0,-5.0,8.0,-3.0,3.0,0.0,-1.0,3.0
0.7691,122.0,-96.0,7.0,0.0,0.0,0.0,0.0,0.0,0.0,0.0,0.0,0.0,2.0,5.0,-4.0,1.0,-8.0,-3.0,-13.0,-7.0,-19.0,-12.0,-23.0,-14.0,-27.0,-16.0,-31.0,-19.0,-33.0,-19.0,-33.0,-19.0,-33.0,-18.0,-31.0,-18.0,-28.0,-16.0,-24.0,-13.0,-18.0,-10.0,-12.0,-7.0,-5.0,-5.0,3.0,-3.0,10.0,-1.0,17.0,0.0,24.0,1.0,28.0,0.0,34.0,1.0,35.0,0.0,37.0,-1.0,37.0,-1.0
0.7838,122.0,-96.0,7.0,0.0,0.0,0.0,0.0,0.0,0.0,0.0,0.0,0.0,-16.0,-2.0,-20.0,-3.0,-24.0,-4.0,-26.0,-5.0,-28.0,-5.0,-29.0,-5.0,-29.0,-6.0,-28.0,-6.0,-26.0,-6.0,-21.0,-4.0,-16.0,-4.0,-11.0,-3.0,-5.0,-3.0,2.0,-3.0,7.0,-3.0,13.0,-3.0,18.0,-3.0,23.0,-4.0,26.0,-5.0,29.0,-5.0,30.0,-5.0,31.0,-6.0,29.0,-6.0,25.0,-7.0,22.0,-6.0,18.0,-5.0
0.7978,122.0,-96.0,7.0,0.0,0.0,0.0,0.0,0.0,0.0,0.0,0.0,0.0,-9.0,11.0,-12.0,15.0,-14.0,18.0,-16.0,20.0,-17.0,22.0,-18.0,23.0,-18.0,23.0,-17.0,22.0,-16.0,20.0,-13.0,16.0,-11.0,13.0,-8.0,8.0,-5.0,3.0,-2.0,-3.0,0.0,-8.0,3.0,-13.0,5.0,-18.0,6.0,-23.0,7.0,-27.0,8.0,-29.0,8.0,-31.0,8.0,-31.0,7.0,-29.0,5.0,-27.0,4.0,-23.0,3.0,-19.0
0.812,122.0,-96.0,7.0,0.0,0.0,0.0,0.0,0.0,0.0,0.0,0.0,0.0,10.0,15.0,11.0,20.0,13.0,22.0,14.0,25.0,16.0,27.0,16.0,27.0,15.0,27.0,14.0,25.0,13.0,23.0,10.0,18.0,8.0,14.0,4.0,9.0,0.0,4.0,-4.0,-1.0,-9.0,-6.0,-13.0,-10.0,-17.0,-15.0,-21.0,-17.0,-24.0,-20.0,-26.0,-22.0,-28.0,-22.0,-28.0,-22.0,-27.0,-20.0,-25.0,-17.0,-22.0,-14.0,-18.0,-12.0
0.8249,122.0,-96.0,7.0,0.0,0.0,0.0,0.0,0.0,0.0,0.0,0.0,0.0,-16.0,3.0,-17.0,2.0,-16.0,3.0,-17.0,3.0,-18.0,2.0,-18.0,2.0,-18.0,2.0,-19.0,1.0,-19.0,1.0,-19.0,1.0,-19.0,1.0,-19.0,1.0,-19.0,1.0,-19.0,0.0,-20.0,0.0,-19.0,1.0,-19.0,0.0,-20.0,0.0,-20.0,-1.0,-19.0,0.0,-19.0,-1.0,-19.0,0.0,-20.0,-1.0,-19.0,0.0,-19.0,0.0,-19.0,0.0
0.8381,122.0,-96.0,7.0,0.0,0.0,0.0,0.0,0.0,0.0,0.0,0.0,0.0,14.0,-5.0,19.0,-6.0,22.0,-7.0,25.0,-7.0,27.0,-8.0,28.0,-8.0,28.0,-7.0,26.0,-7.0,24.0,-6.0,19.0,-6.0,16.0,-4.0,10.0,-3.0,4.0,0.0,-1.0,2.0,-7.0,5.0,-12.0,7.0,-16.0,10.0,-20.0,13.0,-23.0,15.0,-25.0,16.0,-26.0,18.0,-26.0,18.0,-24.0,18.0,-21.0,17.0,-18.0,15.0,-15.0,12.0
0.8544,122.0,-96.0,7.0,0.0,0.0,0.0,0.0,0.0,0.0,0.0,0.0,0.0,25.0,-9.0,25.0,-9.0,25.0,-9.0,23.0,-8.0,21.0,-8.0,18.0,-6.0,14.0,-4.0,9.0,-3.0,5.0,0.0,-1.0,3.0,-5.0,6.0,-10.0,9.0,-14.0,12.0,-19.0,15.0,-22.0,16.0,-24.0,19.0,-24.0,19.0,-25.0,20.0,-22.0,19.0,-21.0,18.0,-17.0,16.0,-15.0,13.0,-12.0,10.0,-8.0,5.0,-4.0,1.0,-2.0,-4.0
0.8687,122.0,-96.0,7.0,0.0,0.0,0.0,0.0,0.0,0.0,0.0,0.0,0.0,15.0,-25.0,13.0,-21.0,10.0,-17.0,8.0,-12.0,5.0,-6.0,2.0,1.0,0.0,7.0,-2.0,14.0,-4.0,20.0,-6.0,26.0,-8.0,31.0,-8.0,34.0,-8.0,36.0,-8.0,38.0,-7.0,37.0,-5.0,34.0,-5.0,31.0,-5.0,26.0,-4.0,19.0,-3.0,12.0,-4.0,5.0,-4.0,-3.0,-5.0,-10.0,-6.0,-18.0,-8.0,-23.0,-10.0,-28.0
0.8825,122.0,-96.0,7.0,0.0,3.0,-22.0,4.0,-26.0,5.0,-29.0,4.0,-31.0,4.0,-31.0,3.0,-31.0,2.0,-29.0,2.0,-27.0,1.0,-23.0,1.0,-18.0,0.0,-13.0,1.0,-8.0,2.0,-2.0,3.0,3.0,4.0,8.0,6.0,12.0,7.0,15.0,7.0,18.0,8.0,19.0,8.0,19.0,8.0,19.0,8.0,17.0,7.0,16.0,5.0,13.0,4.0,11.0,0.0,0.0,0.0,0.0,0.0,0.0,0.0,0.0,0.0,0.0
0.896,122.0,-96.0,7.0,0.0,-20.0,-3.0,-24.0,-3.0,-26.0,-4.0,-28.0,-4.0,-29.0,-3.0,-28.0,-3.0,-26.0,-2.0,-24.0,-1.0,-20.0,0.0,-16.0,-1.0,-12.0,-1.0,-6.0,-2.0,-2.0,-3.0,3.0,-4.0,7.0,-6.0,11.0,-7.0,14.0,-8.0,16.0,-9.0,17.0,-9.0,17.0,-10.0,16.0,-9.0,15.0,-9.0,13.0,-7.0,11.0,-7.0,9.0,-6.0,0.0,0.0,0.0,0.0,0.0,0.0,0.0,0.0,0.0,0.0
0.9098,122.0,-96.0,7.0,0.0,-2.0,3.0,-5.0,-2.0,-8.0,-6.0,-12.0,-11.0,-15.0,-13.0,-18.0,-15.0,-20.0,-17.0,-21.0,-16.0,-22.0,-16.0,-22.0,-15.0,-20.0,-14.0,-18.0,-12.0,-15.0,-10.0,-12.0,-8.0,-8.0,-6.0,-3.0,-4.0,1.0,-3.0,5.0,-1.0,9.0,0.0,12.0,1.0,14.0,1.0,16.0,2.0,16.0,2.0,16.0,1.0,15.0,1.0,0.0,0.0,0.0,0.0,0.0,0.0,0.0,0.0,0.0,0.0
0.925,122.0,-96.0,7.0,0.0,4.0,1.0,-1.0,4.0,-6.0,7.0,-10.0,9.0,-14.0,12.0,-16.0,15.0,-17.0,17.0,-18.0,19.0,-18.0,20.0,-17.0,19.0,-15.0,18.0,-13.0,17.0,-11.0,14.0,-10.0,11.0,-7.0,7.0,-5.0,3.0,-3.0,-1.0,-1.0,-5.0,1.0,-9.0,2.0,-12.0,2.0,-14.0,3.0,-15.0,3.0,-16.0,3.0,-16.0,3.0,-16.0,0.0,0.0,0.0,0.0,0.0,0.0,0.0,0.0,0.0,0.0
0.9384,122.0,-96.0,7.0,0.0,1.0,19.0,1.0,23.0,2.0,26.0,2.0,27.0,3.0,28.0,4.0,27.0,4.0,25.0,4.0,22.0,3.0,19.0,2.0,15.0,2.0,11.0,0.0,6.0,-3.0,2.0,-5.0,-2.0,-7.0,-6.0,-9.0,-9.0,-10.0,-12.0,-12.0,-14.0,-12.0,-15.0,-13.0,-15.0,-13.0,-15.0,-12.0,-14.0,-11.0,-12.0,-9.0,-11.0,-7.0,-9.0,0.0,0.0,0.0,0.0,0.0,0.0,0.0,0.0,0.0,0.0
0.9523,122.0,-96.0,7.0,0.0,10.0,-28.0,8.0,-22.0,6.0,-17.0,4.0,-10.0,4.0,-3.0,3.0,4.0,4.0,10.0,5.0,16.0,6.0,21.0,8.0,24.0,8.0,28.0,10.0,28.0,10.0,28.0,12.0,27.0,11.0,25.0,9.0,22.0,8.0,18.0,5.0,13.0,3.0,8.0,0.0,4.0,-3.0,0.0,-6.0,-4.0,-8.0,-6.0,-10.0,-9.0,-12.0,-10.0,0.0,0.0,0.0,0.0,0.0,0.0,0.0,0.0,0.0,0.0
0.9657,122.0,-96.0,7.0,0.0,19.0,-27.0,18.0,-27.0,17.0,-26.0,15.0,-24.0,12.0,-21.0,10.0,-17.0,7.0,-12.0,5.0,-7.0,3.0,-2.0,3.0,4.0,1.0,10.0,0.0,15.0,0.0,19.0,1.0,22.0,1.0,23.0,1.0,25.0,2.0,24.0,1.0,23.0,1.0,21.0,1.0,18.0,1.0,15.0,1.0,10.0,0.0,6.0,-1.0,3.0,-2.0,0.0,0.0,0.0,0.0,0.0,0.0,0.0,0.0,0.0,0.0,0.0
0.9805,122.0,-96.0,7.0,0.0,9.0,-29.0,8.0,-29.0,7.0,-28.0,6.0,-25.0,5.0,-21.0,4.0,-17.0,3.0,-12.0,3.0,-8.0,3.0,-3.0,3.0,3.0,3.0,8.0,4.0,12.0,5.0,15.0,7.0,18.0,8.0,19.0,8.0,21.0,8.0,20.0,8.0,19.0,7.0,18.0,6.0,15.0,5.0,12.0,3.0,9.0,2.0,6.0,0.0,3.0,-2.0,0.0,0.0,0.0,0.0,0.0,0.0,0.0,0.0,0.0,0.0,0.0
0.9927,122.0,-96.0,7.0,0.0,32.0,16.0,33.0,15.0,31.0,13.0,29.0,12.0,25.0,10.0,19.0,7.0,14.0,5.0,7.0,4.0,1.0,3.0,-5.0,3.0,-11.0,4.0,-17.0,5.0,-21.0,6.0,-25.0,6.0,-27.0,7.0,-27.0,9.0,-27.0,8.0,-26.0,8.0,-23.0,7.0,-20.0,6.0,-16.0,5.0,-11.0,3.0,-7.0,1.0,-3.0,-1.0,0.0,-3.0,0.0,0.0,0.0,0.0,0.0,0.0,0.0,0.0,0.0,0.0
1.0078,122.0,-96.0,7.0,0.0,16.0,13.0,19.0,16.0,22.0,18.0,24.0,18.0,25.0,18.0,25.0,17.0,24.0,15.0,21.0,13.0,18.0,10.0,14.0,8.0,9.0,7.0,4.0,5.0,-1.0,3.0,-6.0,1.0,-11.0,0.0,-15.0,0.0,-18.0,-1.0,-21.0,-1.0,-22.0,-2.0,-22.0,-2.0,-22.0,-1.0,-20.0,-1.0,-18.0,-2.0,-15.0,-1.0,-12.0,-1.0,0.0,0.0,0.0,0.0,0.0,0.0,0.0,0.0,0.0,0.0
1.0199,122.0,-96.0,7.0,0.0,3.0,2.0,-3.0,4.0,-9.0,6.0,-14.0,7.0,-18.0,9.0,-21.0,11.0,-23.0,13.0,-26.0,14.0,-25.0,15.0,-24.0,15.0,-22.0,15.0,-20.0,14.0,-17.0,12.0,-13.0,8.0,-10.0,5.0,-7.0,2.0,-3.0,-2.0,0.0,-6.0,4.0,-9.0,6.0,-12.0,7.0,-13.0,8.0,-15.0,8.0,-16.0,9.0,-16.0,9.0,-16.0,0.0,0.0,0.0,0.0,0.0,0.0,0.0,0.0,0.0,0.0
1.0324,122.0,-96.0,7.0,0.0,4.0,36.0,5.0,36.0,6.0,33.0,5.0,30.0,5.0,25.0,4.0,20.0,3.0,14.0,-1.0,9.0,-3.0,3.0,-7.0,-3.0,-10.0,-8.0,-14.0,-12.0,-17.0,-14.0,-20.0,-17.0,-22.0,-18.0,-22.0,-18.0,-22.0,-18.0,-21.0,-17.0,-19.0,-15.0,-17.0,-13.0,-13.0,-10.0,-10.0,-8.0,-5.0,-5.0,-2.0,-3.0,2.0,-1.0,0.0,0.0,0.0,0.0,0.0,0.0,0.0,0.0,0.0,0.0
1.0459,122.0,-96.0,7.0,0.0,-5.0,0.0,-2.0,-5.0,1.0,-10.0,3.0,-14.0,4.0,-18.0,5.0,-21.0,6.0,-24.0,6.0,-26.0,5.0,-26.0,5.0,-26.0,3.0,-24.0,2.0,-22.0,2.0,-18.0,2.0,-15.0,2.0,-10.0,2.0,-5.0,2.0,-1.0,2.0,3.0,3.0,7.0,3.0,10.0,4.0,13.0,4.0,14.0,4.0,15.0,4.0,15.0,4.0,14.0,0.0,0.0,0.0,0.0,0.0,0.0,0.0,0.0,0.0,0.0
1.0612,122.0,-96.0,7.0,0.0,-21.0,-22.0,-20.0,-21.0,-20.0,-20.0,-18.0,-18.0,-16.0,-15.0,-13.0,-12.0,-9.0,-9.0,-5.0,-6.0,0.0,-4.0,5.0,-2.0,9.0,-1.0,13.0,0.0,16.0,1.0,20.0,1.0,22.0,1.0,22.0,1.0,22.0,1.0,21.0,0.0,19.0,1.0,16.0,0.0,12.0,0.0,8.0,0.0,5.0,0.0,2.0,1.0,-2.0,1.0,0.0,0.0,0.0,0.0,0.0,0.0,0.0,0.0,0.0,0.0
1.0707,122.0,-96.0,7.0,0.0,-9.0,23.0,-8.0,23.0,-8.0,23.0,-7.0,23.0,-6.0,22.0,-6.0,22.0,-5.0,22.0,-5.0,22.0,-5.0,22.0,-5.0,22.0,-4.0,22.0,-4.0,22.0,-4.0,22.0,-3.0,21.0,-3.0,21.0,-3.0,21.0,-3.0,21.0,-4.0,20.0,-4.0,19.0,-4.0,19.0,-4.0,18.0,-4.0,17.0,-4.0,17.0,-5.0,16.0,-5.0,16.0,0.0,0.0,0.0,0.0,0.0,0.0,0.0,0.0,0.0,0.0
1.0785,122.0,-96.0,7.0,0.0,24.0,5.0,24.0,5.0,23.0,5.0,24.0,4.0,23.0,3.0,23.0,3.0,23.0,2.0,22.0,2.0,22.0,1.0,22.0,1.0,22.0,0.0,22.0,0.0,22.0,0.0,21.0,0.0,22.0,0.0,21.0,0.0,21.0,0.0,20.0,1.0,19.0,1.0,19.0,1.0,19.0,1.0,17.0,1.0,18.0,1.0,17.0,2.0,17.0,2.0,0.0,0.0,0.0,0.0,0.0,0.0,0.0,0.0,0.0,0.0
1.0905,122.0,-96.0,7.0,0.0,-16.0,-21.0,-16.0,-20.0,-16.0,-20.0,-16.0,-20.0,-16.0,-18.0,-16.0,-19.0,-16.0,-17.0,-17.0,-17.0,-17.0,-17.0,-17.0,-16.0,-17.0,-16.0,-17.0,-16.0,-17.0,-15.0,-17.0,-15.0,-17.0,-15.0,-17.0,-15.0,-16.0,-15.0,-16.0,-15.0,-15.0,-14.0,-15.0,-14.0,-14.0,-14.0,-14.0,-14.0,-13.0,-13.0,-12.0,-13.0,-12.0,-14.0,0.0,0.0,0.0,0.0,0.0,0.0,0.0,0.0,0.0,0.0
1.104,122.0,-96.0,7.0,0.0,-5.0,-3.0,1.0,-5.0,5.0,-8.0,10.0,-10.0,13.0,-12.0,16.0,-15.0,17.0,-17.0,18.0,-19.0,18.0,-20.0,17.0,-20.0,15.0,-19.0,13.0,-17.0,11.0,-14.0,9.0,-11.0,7.0,-8.0,5.0,-4.0,2.0,1.0,0.0,4.0,-1.0,8.0,-3.0,11.0,-3.0,12.0,-4.0,14.0,-4.0,15.0,-4.0,15.0,-4.0,15.0,0.0,0.0,0.0,0.0,0.0,0.0,0.0,0.0,0.0,0.0
1.1166,122.0,-96.0,7.0,0.0,7.0,17.0,9.0,21.0,10.0,23.0,12.0,24.0,13.0,24.0,13.0,23.0,13.0,21.0,11.0,19.0,10.0,16.0,8.0,12.0,5.0,9.0,2.0,5.0,-2.0,2.0,-6.0,-1.0,-9.0,-4.0,-13.0,-6.0,-15.0,-7.0,-17.0,-8.0,-17.0,-9.0,-18.0,-9.0,-18.0,-9.0,-17.0,-8.0,-15.0,-7.0,-12.0,-6.0,-10.0,-5.0,0.0,0.0,0.0,0.0,0.0,0.0,0.0,0.0,0.0,0.0
1.1311,122.0,-96.0,7.0,0.0,-2.0,-5.0,4.0,-2.0,10.0,-1.0,15.0,2.0,20.0,3.0,23.0,4.0,26.0,3.0,28.0,2.0,28.0,2.0,27.0,1.0,26.0,0.0,23.0,0.0,19.0,0.0,15.0,0.0,11.0,1.0,6.0,1.0,1.0,3.0,-4.0,4.0,-8.0,5.0,-11.0,6.0,-14.0,6.0,-16.0,6.0,-16.0,7.0,-17.0,7.0,-16.0,7.0,0.0,0.0,0.0,0.0,0.0,0.0,0.0,0.0,0.0,0.0
1.1447,122.0,-96.0,7.0,0.0,29.0,13.0,29.0,12.0,28.0,11.0,26.0,9.0,22.0,7.0,17.0,6.0,12.0,4.0,7.0,3.0,1.0,3.0,-4.0,3.0,-10.0,4.0,-14.0,5.0,-18.0,6.0,-21.0,6.0,-23.0,7.0,-23.0,8.0,-24.0,8.0,-22.0,8.0,-20.0,7.0,-17.0,6.0,-14.0,5.0,-10.0,3.0,-7.0,1.0,-4.0,0.0,-1.0,-2.0,0.0,0.0,0.0,0.0,0.0,0.0,0.0,0.0,0.0,0.0
1.1568,122.0,-96.0,7.0,0.0,8.0,20.0,6.0,17.0,4.0,12.0,1.0,7.0,-2.0,3.0,-6.0,-1.0,-9.0,-4.0,-13.0,-7.0,-16.0,-9.0,-19.0,-10.0,-21.0,-10.0,-23.0,-10.0,-23.0,-10.0,-23.0,-9.0,-21.0,-8.0,-18.0,-7.0,-16.0,-6.0,-12.0,-5.0,-7.0,-4.0,-3.0,-3.0,1.0,-2.0,4.0,-2.0,7.0,-2.0,10.0,-2.0,11.0,-2.0,0.0,0.0,0.0,0.0,0.0,0.0,0.0,0.0,0.0,0.0
1.1665,122.0,-96.0,7.0,0.0,-25.0,-5.0,-25.0,-5.0,-23.0,-4.0,-24.0,-4.0,-23.0,-3.0,-23.0,-3.0,-23.0,-2.0,-22.0,-2.0,-22.0,-1.0,-23.0,0.0,-22.0,0.0,-22.0,0.0,-23.0,0.0,-22.0,0.0,-22.0,0.0,-21.0,0.0,-21.0,0.0,-20.0,0.0,-20.0,-1.0,-19.0,-1.0,-19.0,-1.0,-18.0,-1.0,-18.0,-1.0,-17.0,-1.0,-17.0,-2.0,0.0,0.0,0.0,0.0,0.0,0.0,0.0,0.0,0.0,0.0
1.1823,122.0,-96.0,7.0,0.0,-4.0,-4.0,2.0,-4.0,7.0,-6.0,12.0,-7.0,16.0,-9.0,19.0,-10.0,21.0,-12.0,22.0,-13.0,22.0,-15.0,20.0,-15.0,18.0,-14.0,16.0,-13.0,13.0,-11.0,11.0,-8.0,7.0,-5.0,5.0,-2.0,1.0,2.0,-1.0,5.0,-4.0,8.0,-5.0,10.0,-6.0,12.0,-7.0,13.0,-7.0,14.0,-7.0,14.0,-7.0,14.0,0.0,0.0,0.0,0.0,0.0,0.0,0.0,0.0,0.0,0.0
1.1913,122.0,-96.0,7.0,0.0,24.0,5.0,23.0,4.0,23.0,4.0,23.0,4.0,22.0,3.0,22.0,3.0,22.0,2.0,22.0,1.0,22.0,1.0,21.0,1.0,21.0,0.0,21.0,0.0,21.0,0.0,21.0,0.0,21.0,0.0,21.0,0.0,20.0,0.0,20.0,0.0,19.0,1.0,18.0,1.0,18.0,1.0,17.0,1.0,17.0,1.0,16.0,2.0,16.0,2.0,0.0,0.0,0.0,0.0,0.0,0.0,0.0,0.0,0.0,0.0
1.2058,122.0,-96.0,7.0,0.0,-5.0,-3.0,1.0,-5.0,6.0,-7.0,10.0,-9.0,14.0,-11.0,17.0,-13.0,19.0,-15.0,19.0,-17.0,19.0,-18.0,18.0,-18.0,17.0,-17.0,14.0,-16.0,12.0,-13.0,10.0,-10.0,7.0,-7.0,5.0,-3.0,2.0,1.0,0.0,4.0,-2.0,7.0,-3.0,10.0,-4.0,12.0,-5.0,13.0,-5.0,14.0,-5.0,15.0,-5.0,15.0,0.0,0.0,0.0,0.0,0.0,0.0,0.0,0.0,0.0,0.0
1.2196,122.0,-96.0,7.0,0.0,39.0,12.0,38.0,11.0,37.0,10.0,33.0,8.0,28.0,6.0,22.0,5.0,16.0,4.0,9.0,3.0,2.0,3.0,-5.0,4.0,-12.0,7.0,-18.0,8.0,-21.0,10.0,-26.0,12.0,-27.0,13.0,-28.0,15.0,-28.0,14.0,-26.0,13.0,-23.0,12.0,-20.0,10.0,-16.0,8.0,-12.0,6.0,-8.0,3.0,-4.0,0.0,-1.0,-3.0,0.0,0.0,0.0,0.0,0.0,0.0,0.0,0.0,0.0,0.0
1.2343,122.0,-96.0,7.0,0.0,-3.0,-4.0,3.0,-4.0,8.0,-4.0,13.0,-3.0,18.0,-4.0,21.0,-5.0,23.0,-7.0,24.0,-8.0,24.0,-9.0,23.0,-9.0,21.0,-9.0,18.0,-8.0,15.0,-7.0,12.0,-5.0,8.0,-3.0,4.0,-1.0,1.0,3.0,-3.0,5.0,-6.0,7.0,-8.0,10.0,-9.0,11.0,-10.0,11.0,-10.0,12.0,-10.0,12.0,-10.0,12.0,0.0,0.0,0.0,0.0,0.0,0.0,0.0,0.0,0.0,0.0
1.2483,122.0,-96.0,7.0,0.0,-1.0,-5.0,4.0,-2.0,9.0,0.0,13.0,3.0,18.0,3.0,21.0,4.0,24.0,4.0,25.0,3.0,25.0,2.0,24.0,1.0,23.0,1.0,20.0,0.0,16.0,0.0,13.0,1.0,8.0,1.0,3.0,2.0,-1.0,3.0,-5.0,3.0,-8.0,4.0,-12.0,5.0,-14.0,5.0,-15.0,5.0,-15.0,6.0,-15.0,6.0,-15.0,6.0,0.0,0.0,0.0,0.0,0.0,0.0,0.0,0.0,0.0,0.0
1.2614,122.0,-96.0,7.0,0.0,13.0,20.0,10.0,17.0,7.0,12.0,3.0,8.0,-1.0,4.0,-6.0,0.0,-11.0,-3.0,-15.0,-5.0,-19.0,-6.0,-22.0,-7.0,-25.0,-7.0,-27.0,-7.0,-27.0,-6.0,-26.0,-5.0,-24.0,-5.0,-20.0,-4.0,-18.0,-4.0,-13.0,-3.0,-9.0,-3.0,-4.0,-3.0,1.0,-3.0,4.0,-3.0,7.0,-3.0,10.0,-4.0,12.0,-4.0,0.0,0.0,0.0,0.0,0.0,0.0,0.0,0.0,0.0,0.0
1.2695,122.0,-96.0,7.0,0.0,19.0,14.0,19.0,14.0,19.0,13.0,19.0,13.0,19.0,12.0,19.0,11.0,19.0,10.0,19.0,10.0,19.0,9.0,19.0,9.0,19.0,8.0,19.0,8.0,19.0,8.0,19.0,8.0,19.0,8.0,19.0,8.0,18.0,8.0,18.0,8.0,17.0,8.0,16.0,8.0,16.0,8.0,15.0,7.0,15.0,7.0,14.0,8.0,14.0,8.0,0.0,0.0,0.0,0.0,0.0,0.0,0.0,0.0,0.0,0.0
1.2794,122.0,-96.0,7.0,0.0,-20.0,4.0,-19.0,5.0,-19.0,4.0,-18.0,5.0,-18.0,5.0,-18.0,6.0,-17.0,5.0,-17.0,6.0,-16.0,6.0,-16.0,6.0,-16.0,7.0,-16.0,7.0,-16.0,7.0,-16.0,7.0,-15.0,7.0,-15.0,7.0,-15.0,6.0,-15.0,6.0,-14.0,5.0,-14.0,5.0,-14.0,5.0,-13.0,5.0,-13.0,5.0,-13.0,4.0,-13.0,4.0,0.0,0.0,0.0,0.0,0.0,0.0,0.0,0.0,0.0,0.0
1.2935,122.0,-96.0,7.0,0.0,22.0,-10.0,18.0,-8.0,13.0,-6.0,8.0,-3.0,4.0,1.0,-1.0,5.0,-4.0,9.0,-7.0,13.0,-9.0,16.0,-10.0,20.0,-11.0,23.0,-11.0,24.0,-11.0,25.0,-9.0,24.0,-8.0,22.0,-8.0,20.0,-6.0,15.0,-5.0,11.0,-4.0,7.0,-3.0,3.0,-3.0,-2.0,-2.0,-5.0,-2.0,-9.0,-2.0,-11.0,-2.0,-13.0,0.0,0.0,0.0,0.0,0.0,0.0,0.0,0.0,0.0,0.0
1.3034,122.0,-96.0,7.0,0.0,-10.0,22.0,-10.0,22.0,-9.0,22.0,-8.0,22.0,-7.0,22.0,-7.0,21.0,-6.0,21.0,-6.0,21.0,-6.0,21.0,-6.0,21.0,-6.0,21.0,-5.0,21.0,-5.0,21.0,-5.0,21.0,-5.0,20.0,-5.0,20.0,-5.0,19.0,-5.0,19.0,-5.0,18.0,-5.0,18.0,-5.0,17.0,-5.0,17.0,-6.0,16.0,-6.0,15.0,-6.0,15.0,0.0,0.0,0.0,0.0,0.0,0.0,0.0,0.0,0.0,0.0
1.3163,122.0,-96.0,7.0,0.0,4.0,20.0,5.0,24.0,6.0,27.0,7.0,29.0,8.0,29.0,8.0,28.0,9.0,26.0,7.0,23.0,6.0,19.0,4.0,15.0,3.0,10.0,0.0,6.0,-3.0,1.0,-6.0,-3.0,-9.0,-7.0,-12.0,-10.0,-14.0,-12.0,-16.0,-14.0,-16.0,-15.0,-16.0,-14.0,-16.0,-14.0,-15.0,-13.0,-13.0,-11.0,-10.0,-9.0,-8.0,-8.0,0.0,0.0,0.0,0.0,0.0,0.0,0.0,0.0,0.0,0.0
1.3295,122.0,-96.0,7.0,0.0,7.0,-18.0,8.0,-21.0,9.0,-24.0,9.0,-25.0,8.0,-26.0,7.0,-26.0,6.0,-25.0,6.0,-22.0,4.0,-19.0,4.0,-15.0,2.0,-11.0,2.0,-6.0,2.0,-1.0,3.0,4.0,3.0,8.0,4.0,12.0,4.0,14.0,4.0,16.0,5.0,18.0,5.0,18.0,5.0,17.0,5.0,16.0,5.0,14.0,3.0,12.0,2.0,9.0,0.0,0.0,0.0,0.0,0.0,0.0,0.0,0.0,0.0,0.0
1.3441,122.0,-96.0,7.0,0.0,-33.0,-2.0,-33.0,-2.0,-30.0,-1.0,-28.0,0.0,-23.0,0.0,-19.0,0.0,-14.0,-1.0,-8.0,-1.0,-3.0,-3.0,2.0,-5.0,7.0,-8.0,11.0,-10.0,14.0,-13.0,16.0,-14.0,18.0,-16.0,18.0,-17.0,18.0,-17.0,16.0,-16.0,15.0,-14.0,12.0,-12.0,9.0,-10.0,7.0,-7.0,4.0,-4.0,2.0,-2.0,0.0,1.0,0.0,0.0,0.0,0.0,0.0,0.0,0.0,0.0,0.0,0.0
1.3572,122.0,-96.0,7.0,0.0,4.0,21.0,3.0,18.0,2.0,13.0,0.0,7.0,-2.0,3.0,-5.0,-2.0,-8.0,-6.0,-11.0,-9.0,-14.0,-11.0,-17.0,-13.0,-19.0,-13.0,-20.0,-13.0,-21.0,-13.0,-21.0,-12.0,-20.0,-11.0,-17.0,-9.0,-14.0,-8.0,-11.0,-6.0,-7.0,-5.0,-3.0,-4.0,1.0,-3.0,4.0,-1.0,7.0,-1.0,9.0,0.0,11.0,0.0,0.0,0.0,0.0,0.0,0.0,0.0,0.0,0.0,0.0,0.0
1.3677,122.0,-96.0,7.0,0.0,-21.0,-16.0,-21.0,-17.0,-20.0,-15.0,-20.0,-15.0,-21.0,-14.0,-20.0,-14.0,-20.0,-13.0,-21.0,-12.0,-20.0,-11.0,-21.0,-11.0,-21.0,-11.0,-21.0,-10.0,-21.0,-10.0,-20.0,-10.0,-21.0,-11.0,-20.0,-10.0,-20.0,-10.0,-19.0,-10.0,-18.0,-10.0,-18.0,-10.0,-17.0,-10.0,-16.0,-9.0,-16.0,-9.0,-16.0,-9.0,-15.0,-10.0,0.0,0.0,0.0,0.0,0.0,0.0,0.0,0.0,0.0,0.0
1.3816,122.0,-96.0,7.0,0.0,-16.0,-18.0,-19.0,-22.0,-21.0,-24.0,-23.0,-26.0,-24.0,-25.0,-24.0,-24.0,-23.0,-23.0,-21.0,-19.0,-18.0,-16.0,-14.0,-13.0,-10.0,-10.0,-5.0,-7.0,0.0,-4.0,6.0,-1.0,11.0,1.0,15.0,2.0,19.0,4.0,21.0,5.0,22.0,5.0,22.0,5.0,22.0,5.0,20.0,4.0,18.0,4.0,15.0,3.0,12.0,2.0,0.0,0.0,0.0,0.0,0.0,0.0,0.0,0.0,0.0,0.0
1.3926,122.0,-96.0,7.0,0.0,17.0,-16.0,16.0,-16.0,16.0,-16.0,16.0,-15.0,15.0,-16.0,14.0,-16.0,14.0,-16.0,13.0,-16.0,13.0,-17.0,13.0,-17.0,12.0,-17.0,12.0,-17.0,12.0,-16.0,12.0,-17.0,11.0,-16.0,12.0,-16.0,11.0,-16.0,11.0,-15.0,11.0,-14.0,11.0,-14.0,11.0,-14.0,11.0,-13.0,10.0,-13.0,10.0,-12.0,10.0,-12.0,0.0,0.0,0.0,0.0,0.0,0.0,0.0,0.0,0.0,0.0
1.4058,122.0,-96.0,7.0,0.0,15.0,27.0,16.0,27.0,16.0,25.0,15.0,22.0,13.0,18.0,10.0,14.0,7.0,10.0,3.0,6.0,-1.0,3.0,-6.0,0.0,-10.0,-3.0,-15.0,-4.0,-18.0,-6.0,-21.0,-7.0,-23.0,-7.0,-24.0,-7.0,-24.0,-7.0,-23.0,-6.0,-20.0,-6.0,-18.0,-5.0,-14.0,-4.0,-10.0,-3.0,-7.0,-3.0,-2.0,-2.0,1.0,-2.0,0.0,0.0,0.0,0.0,0.0,0.0,0.0,0.0,0.0,0.0
1.4211,122.0,-96.0,7.0,0.0,-5.0,-19.0,-5.0,-23.0,-6.0,-25.0,-7.0,-27.0,-8.0,-27.0,-8.0,-26.0,-8.0,-24.0,-8.0,-21.0,-7.0,-19.0,-5.0,-15.0,-4.0,-11.0,-2.0,-6.0,1.0,-2.0,4.0,1.0,7.0,4.0,9.0,8.0,12.0,9.0,13.0,11.0,14.0,12.0,14.0,12.0,14.0,11.0,13.0,10.0,11.0,9.0,9.0,8.0,7.0,6.0,0.0,0.0,0.0,0.0,0.0,0.0,0.0,0.0,0.0,0.0
1.4339,122.0,-96.0,7.0,0.0,25.0,11.0,19.0,9.0,14.0,7.0,7.0,5.0,1.0,3.0,-6.0,3.0,-12.0,3.0,-18.0,3.0,-22.0,3.0,-26.0,5.0,-29.0,7.0,-29.0,8.0,-29.0,9.0,-28.0,8.0,-26.0,8.0,-22.0,8.0,-18.0,5.0,-14.0,3.0,-8.0,1.0,-5.0,-2.0,0.0,-4.0,3.0,-6.0,6.0,-8.0,9.0,-10.0,10.0,-11.0,0.0,0.0,0.0,0.0,0.0,0.0,0.0,0.0,0.0,0.0
1.4435,122.0,-96.0,7.0,0.0,15.0,-12.0,15.0,-12.0,14.0,-11.0,14.0,-12.0,14.0,-12.0,13.0,-13.0,13.0,-13.0,12.0,-13.0,12.0,-13.0,12.0,-13.0,11.0,-13.0,11.0,-13.0,11.0,-13.0,11.0,-13.0,11.0,-13.0,11.0,-13.0,11.0,-12.0,11.0,-12.0,10.0,-11.0,10.0,-11.0,10.0,-11.0,9.0,-10.0,9.0,-10.0,9.0,-9.0,9.0,-9.0,0.0,0.0,0.0,0.0,0.0,0.0,0.0,0.0,0.0,0.0
1.4561,122.0,-96.0,7.0,0.0,8.0,16.0,10.0,20.0,11.0,22.0,13.0,24.0,13.0,23.0,13.0,22.0,13.0,21.0,11.0,18.0,10.0,15.0,8.0,12.0,5.0,9.0,2.0,5.0,-2.0,2.0,-5.0,-1.0,-9.0,-4.0,-12.0,-6.0,-14.0,-8.0,-16.0,-9.0,-17.0,-10.0,-17.0,-9.0,-16.0,-9.0,-15.0,-8.0,-14.0,-8.0,-12.0,-6.0,-9.0,-5.0,0.0,0.0,0.0,0.0,0.0,0.0,0.0,0.0,0.0,0.0
1.4704,122.0,-96.0,7.0,0.0,18.0,20.0,14.0,16.0,11.0,13.0,5.0,8.0,0.0,4.0,-6.0,1.0,-12.0,-1.0,-17.0,-3.0,-21.0,-4.0,-25.0,-5.0,-28.0,-4.0,-30.0,-3.0,-30.0,-3.0,-30.0,-3.0,-28.0,-2.0,-24.0,-1.0,-20.0,-2.0,-16.0,-2.0,-11.0,-2.0,-6.0,-3.0,-1.0,-3.0,3.0,-3.0,7.0,-4.0,10.0,-5.0,12.0,-6.0,0.0,0.0,0.0,0.0,0.0,0.0,0.0,0.0,0.0,0.0
1.484,122.0,-96.0,7.0,0.0,-19.0,9.0,-23.0,12.0,-25.0,13.0,-26.0,14.0,-26.0,15.0,-25.0,15.0,-23.0,15.0,-21.0,15.0,-18.0,13.0,-15.0,10.0,-10.0,6.0,-7.0,3.0,-3.0,-1.0,-1.0,-5.0,2.0,-9.0,4.0,-13.0,6.0,-16.0,7.0,-18.0,8.0,-19.0,8.0,-20.0,7.0,-19.0,6.0,-18.0,5.0,-16.0,5.0,-14.0,4.0,-12.0,0.0,0.0,0.0,0.0,0.0,0.0,0.0,0.0,0.0,0.0
1.4976,122.0,-96.0,7.0,0.0,-6.0,-3.0,1.0,-6.0,7.0,-9.0,12.0,-12.0,16.0,-16.0,18.0,-18.0,20.0,-21.0,21.0,-24.0,21.0,-24.0,20.0,-24.0,17.0,-23.0,15.0,-21.0,12.0,-18.0,11.0,-14.0,8.0,-10.0,5.0,-5.0,3.0,0.0,0.0,5.0,-2.0,9.0,-3.0,13.0,-3.0,15.0,-4.0,17.0,-4.0,18.0,-4.0,19.0,-4.0,19.0,0.0,0.0,0.0,0.0,0.0,0.0,0.0,0.0,0.0,0.0
1.5113,122.0,-96.0,7.0,0.0,0.0,-5.0,5.0,0.0,9.0,3.0,13.0,8.0,17.0,10.0,20.0,12.0,23.0,13.0,23.0,13.0,25.0,12.0,24.0,11.0,23.0,10.0,20.0,8.0,17.0,7.0,13.0,6.0,9.0,5.0,4.0,3.0,-1.0,2.0,-6.0,1.0,-9.0,1.0,-13.0,0.0,-16.0,-1.0,-17.0,0.0,-18.0,0.0,-18.0,0.0,-17.0,0.0,0.0,0.0,0.0,0.0,0.0,0.0,0.0,0.0,0.0,0.0
1.5253,122.0,-96.0,7.0,0.0,-21.0,20.0,-20.0,21.0,-18.0,20.0,-16.0,19.0,-13.0,16.0,-10.0,13.0,-8.0,9.0,-6.0,5.0,-4.0,0.0,-2.0,-4.0,-1.0,-10.0,0.0,-13.0,0.0,-17.0,0.0,-19.0,-1.0,-21.0,-1.0,-22.0,-1.0,-22.0,-1.0,-21.0,-1.0,-19.0,-1.0,-17.0,-1.0,-14.0,-1.0,-10.0,-1.0,-6.0,0.0,-4.0,1.0,-1.0,0.0,0.0,0.0,0.0,0.0,0.0,0.0,0.0,0.0,0.0
1.5396,122.0,-96.0,7.0,0.0,18.0,-10.0,22.0,-12.0,24.0,-13.0,26.0,-15.0,25.0,-15.0,24.0,-16.0,22.0,-15.0,20.0,-15.0,17.0,-13.0,13.0,-10.0,9.0,-6.0,5.0,-3.0,2.0,1.0,-1.0,5.0,-4.0,9.0,-6.0,12.0,-9.0,15.0,-10.0,16.0,-10.0,18.0,-11.0,18.0,-10.0,17.0,-9.0,16.0,-8.0,13.0,-7.0,12.0,-6.0,10.0,0.0,0.0,0.0,0.0,0.0,0.0,0.0,0.0,0.0,0.0
1.5496,122.0,-96.0,7.0,0.0,-19.0,-5.0,-20.0,-5.0,-19.0,-5.0,-19.0,-4.0,-18.0,-4.0,-18.0,-4.0,-18.0,-3.0,-18.0,-3.0,-17.0,-3.0,-18.0,-2.0,-18.0,-2.0,-18.0,-1.0,-18.0,-2.0,-17.0,-2.0,-18.0,-2.0,-17.0,-2.0,-16.0,-2.0,-16.0,-2.0,-16.0,-3.0,-15.0,-3.0,-15.0,-3.0,-14.0,-3.0,-14.0,-3.0,-14.0,-3.0,-14.0,-3.0,0.0,0.0,0.0,0.0,0.0,0.0,0.0,0.0,0.0,0.0
1.5653,122.0,-96.0,7.0,0.0,-25.0,-21.0,-20.0,-17.0,-14.0,-14.0,-8.0,-9.0,-1.0,-5.0,5.0,-2.0,12.0,-1.0,18.0,1.0,23.0,1.0,27.0,1.0,31.0,0.0,32.0,-1.0,33.0,-2.0,32.0,-1.0,30.0,-2.0,26.0,-2.0,22.0,-1.0,17.0,-1.0,11.0,0.0,6.0,1.0,0.0,1.0,-4.0,3.0,-8.0,5.0,-12.0,6.0,-14.0,7.0,0.0,0.0,0.0,0.0,0.0,0.0,0.0,0.0,0.0,0.0
1.5803,122.0,-96.0,7.0,0.0,-21.0,1.0,-26.0,2.0,-28.0,3.0,-30.0,4.0,-30.0,4.0,-29.0,4.0,-27.0,5.0,-25.0,5.0,-20.0,5.0,-16.0,4.0,-11.0,1.0,-7.0,-1.0,-2.0,-3.0,3.0,-6.0,7.0,-8.0,10.0,-10.0,13.0,-13.0,14.0,-14.0,15.0,-15.0,15.0,-15.0,14.0,-13.0,13.0,-12.0,11.0,-11.0,9.0,-10.0,7.0,-8.0,0.0,0.0,0.0,0.0,0.0,0.0,0.0,0.0,0.0,0.0
1.5941,122.0,-96.0,7.0,0.0,5.0,-32.0,4.0,-32.0,4.0,-30.0,3.0,-27.0,2.0,-23.0,1.0,-18.0,1.0,-13.0,1.0,-8.0,3.0,-2.0,4.0,3.0,5.0,8.0,7.0,13.0,9.0,16.0,11.0,19.0,12.0,20.0,12.0,20.0,12.0,20.0,11.0,18.0,10.0,17.0,8.0,14.0,7.0,10.0,4.0,7.0,2.0,4.0,-1.0,1.0,-3.0,-1.0,0.0,0.0,0.0,0.0,0.0,0.0,0.0,0.0,0.0,0.0
1.6083,122.0,-96.0,7.0,0.0,2.0,29.0,2.0,28.0,3.0,26.0,3.0,23.0,3.0,20.0,2.0,16.0,2.0,11.0,-1.0,6.0,-2.0,2.0,-5.0,-3.0,-7.0,-7.0,-10.0,-10.0,-12.0,-12.0,-15.0,-14.0,-16.0,-15.0,-16.0,-15.0,-17.0,-15.0,-16.0,-14.0,-14.0,-13.0,-12.0,-11.0,-10.0,-9.0,-7.0,-6.0,-4.0,-4.0,-1.0,-3.0,1.0,-1.0,0.0,0.0,0.0,0.0,0.0,0.0,0.0,0.0,0.0,0.0
1.6178,122.0,-96.0,7.0,0.0,10.0,22.0,10.0,22.0,10.0,21.0,10.0,20.0,10.0,19.0,11.0,20.0,11.0,19.0,11.0,19.0,12.0,18.0,11.0,18.0,12.0,18.0,12.0,18.0,12.0,17.0,11.0,17.0,12.0,17.0,11.0,17.0,11.0,17.0,10.0,16.0,10.0,16.0,10.0,16.0,9.0,16.0,8.0,15.0,8.0,15.0,7.0,15.0,7.0,14.0,0.0,0.0,0.0,0.0,0.0,0.0,0.0,0.0,0.0,0.0
1.627,122.0,-96.0,7.0,0.0,-14.0,21.0,-13.0,22.0,-13.0,21.0,-12.0,21.0,-11.0,21.0,-11.0,21.0,-10.0,21.0,-10.0,21.0,-10.0,21.0,-10.0,21.0,-9.0,21.0,-9.0,21.0,-8.0,21.0,-8.0,20.0,-8.0,21.0,-8.0,20.0,-8.0,20.0,-9.0,19.0,-9.0,18.0,-9.0,17.0,-9.0,17.0,-9.0,16.0,-9.0,16.0,-9.0,15.0,-9.0,15.0,0.0,0.0,0.0,0.0,0.0,0.0,0.0,0.0,0.0,0.0
1.6372,122.0,-96.0,7.0,0.0,-17.0,10.0,-17.0,10.0,-16.0,10.0,-16.0,10.0,-15.0,11.0,-15.0,11.0,-14.0,10.0,-14.0,11.0,-14.0,11.0,-13.0,11.0,-14.0,12.0,-13.0,11.0,-13.0,12.0,-13.0,11.0,-13.0,11.0,-13.0,11.0,-13.0,10.0,-13.0,10.0,-12.0,9.0,-12.0,9.0,-12.0,8.0,-12.0,8.0,-11.0,8.0,-11.0,7.0,-12.0,7.0,0.0,0.0,0.0,0.0,0.0,0.0,0.0,0.0,0.0,0.0
1.6499,122.0,-96.0,7.0,0.0,-4.0,3.0,-5.0,-4.0,-4.0,-11.0,-6.0,-17.0,-8.0,-22.0,-9.0,-26.0,-11.0,-29.0,-12.0,-29.0,-12.0,-30.0,-13.0,-29.0,-13.0,-27.0,-12.0,-24.0,-10.0,-19.0,-9.0,-16.0,-5.0,-11.0,-1.0,-7.0,1.0,-2.0,5.0,1.0,8.0,5.0,10.0,8.0,13.0,9.0,15.0,11.0,15.0,11.0,15.0,11.0,14.0,11.0,0.0,0.0,0.0,0.0,0.0,0.0,0.0,0.0,0.0,0.0
1.6634,122.0,-96.0,7.0,0.0,16.0,16.0,20.0,19.0,22.0,21.0,24.0,23.0,25.0,22.0,25.0,21.0,24.0,19.0,21.0,16.0,19.0,13.0,14.0,10.0,11.0,8.0,5.0,6.0,0.0,3.0,-6.0,1.0,-10.0,-1.0,-15.0,-2.0,-19.0,-3.0,-21.0,-4.0,-23.0,-4.0,-23.0,-4.0,-23.0,-4.0,-22.0,-3.0,-19.0,-3.0,-17.0,-2.0,-14.0,-2.0,0.0,0.0,0.0,0.0,0.0,0.0,0.0,0.0,0.0,0.0
1.677,122.0,-96.0,7.0,0.0,-2.0,20.0,-3.0,25.0,-3.0,28.0,-2.0,29.0,-1.0,30.0,0.0,29.0,1.0,27.0,0.0,24.0,0.0,20.0,0.0,15.0,0.0,10.0,-1.0,5.0,-3.0,0.0,-5.0,-5.0,-6.0,-9.0,-8.0,-13.0,-10.0,-16.0,-10.0,-18.0,-11.0,-19.0,-11.0,-19.0,-11.0,-18.0,-10.0,-16.0,-9.0,-14.0,-7.0,-12.0,-5.0,-10.0,0.0,0.0,0.0,0.0,0.0,0.0,0.0,0.0,0.0,0.0
1.6917,122.0,-96.0,7.0,0.0,10.0,-27.0,10.0,-28.0,8.0,-26.0,7.0,-24.0,5.0,-20.0,4.0,-16.0,3.0,-11.0,2.0,-7.0,2.0,-2.0,2.0,4.0,3.0,9.0,3.0,13.0,5.0,16.0,6.0,18.0,6.0,20.0,7.0,20.0,7.0,20.0,7.0,18.0,6.0,16.0,5.0,13.0,4.0,10.0,2.0,7.0,1.0,4.0,-1.0,1.0,-3.0,-1.0,0.0,0.0,0.0,0.0,0.0,0.0,0.0,0.0,0.0,0.0
1.7003,122.0,-96.0,7.0,0.0,17.0,17.0,18.0,17.0,17.0,16.0,17.0,16.0,17.0,15.0,17.0,15.0,18.0,14.0,18.0,13.0,18.0,13.0,18.0,12.0,18.0,12.0,18.0,12.0,18.0,12.0,18.0,12.0,18.0,12.0,18.0,11.0,17.0,12.0,16.0,11.0,16.0,11.0,15.0,11.0,15.0,11.0,14.0,10.0,14.0,10.0,13.0,10.0,13.0,10.0,0.0,0.0,0.0,0.0,0.0,0.0,0.0,0.0,0.0,0.0
1.7112,122.0,-96.0,7.0,0.0,-15.0,10.0,-14.0,10.0,-14.0,11.0,-13.0,10.0,-13.0,11.0,-13.0,11.0,-12.0,11.0,-12.0,11.0,-12.0,11.0,-12.0,11.0,-11.0,11.0,-11.0,11.0,-11.0,11.0,-11.0,11.0,-11.0,11.0,-11.0,11.0,-11.0,10.0,-10.0,10.0,-10.0,10.0,-10.0,9.0,-10.0,9.0,-10.0,8.0,-10.0,8.0,-10.0,8.0,-10.0,7.0,0.0,0.0,0.0,0.0,0.0,0.0,0.0,0.0,0.0,0.0
1.7242,122.0,-96.0,7.0,0.0,24.0,12.0,19.0,10.0,14.0,8.0,8.0,5.0,1.0,4.0,-6.0,2.0,-12.0,2.0,-17.0,2.0,-22.0,2.0,-25.0,4.0,-28.0,5.0,-30.0,6.0,-29.0,7.0,-29.0,7.0,-26.0,7.0,-23.0,7.0,-19.0,5.0,-15.0,3.0,-10.0,1.0,-5.0,-1.0,-1.0,-3.0,3.0,-5.0,6.0,-7.0,8.0,-9.0,10.0,-10.0,0.0,0.0,0.0,0.0,0.0,0.0,0.0,0.0,0.0,0.0
1.7361,122.0,-96.0,7.0,0.0,17.0,15.0,21.0,19.0,23.0,20.0,25.0,22.0,27.0,21.0,26.0,20.0,25.0,18.0,22.0,15.0,19.0,12.0,15.0,9.0,10.0,7.0,5.0,5.0,-1.0,3.0,-6.0,1.0,-11.0,-1.0,-16.0,-1.0,-20.0,-2.0,-22.0,-3.0,-23.0,-3.0,-24.0,-2.0,-23.0,-2.0,-21.0,-2.0,-19.0,-2.0,-16.0,-1.0,-13.0,-1.0,0.0,0.0,0.0,0.0,0.0,0.0,0.0,0.0,0.0,0.0
1.7495,122.0,-96.0,7.0,0.0,21.0,23.0,21.0,22.0,21.0,21.0,19.0,18.0,16.0,15.0,13.0,12.0,9.0,8.0,4.0,5.0,-1.0,2.0,-6.0,0.0,-11.0,-1.0,-15.0,-2.0,-19.0,-3.0,-22.0,-4.0,-24.0,-4.0,-24.0,-4.0,-24.0,-4.0,-23.0,-3.0,-20.0,-3.0,-17.0,-3.0,-13.0,-2.0,-10.0,-2.0,-5.0,-2.0,-2.0,-2.0,2.0,-2.0,0.0,0.0,0.0,0.0,0.0,0.0,0.0,0.0,0.0,0.0
1.7616,122.0,-96.0,7.0,0.0,6.0,23.0,5.0,18.0,4.0,14.0,1.0,8.0,-2.0,3.0,-5.0,-2.0,-9.0,-6.0,-12.0,-9.0,-15.0,-12.0,-18.0,-14.0,-20.0,-15.0,-22.0,-15.0,-22.0,-14.0,-23.0,-14.0,-21.0,-13.0,-18.0,-11.0,-16.0,-9.0,-12.0,-8.0,-8.0,-6.0,-4.0,-4.0,0.0,-2.0,4.0,-1.0,7.0,0.0,10.0,0.0,11.0,1.0,0.0,0.0,0.0,0.0,0.0,0.0,0.0,0.0,0.0,0.0
1.7755,122.0,-96.0,7.0,0.0,18.0,-3.0,22.0,-3.0,24.0,-4.0,26.0,-4.0,26.0,-5.0,25.0,-5.0,24.0,-6.0,21.0,-6.0,18.0,-6.0,15.0,-5.0,10.0,-3.0,6.0,-1.0,1.0,1.0,-2.0,3.0,-6.0,6.0,-9.0,8.0,-12.0,10.0,-13.0,11.0,-14.0,12.0,-14.0,12.0,-14.0,11.0,-13.0,11.0,-11.0,10.0,-10.0,9.0,-9.0,7.0,0.0,0.0,0.0,0.0,0.0,0.0,0.0,0.0,0.0,0.0
1.7893,122.0,-96.0,7.0,0.0,-2.0,4.0,-6.0,-1.0,-9.0,-5.0,-13.0,-10.0,-16.0,-13.0,-19.0,-15.0,-22.0,-17.0,-23.0,-17.0,-24.0,-16.0,-24.0,-15.0,-23.0,-14.0,-21.0,-12.0,-17.0,-10.0,-14.0,-8.0,-10.0,-6.0,-5.0,-5.0,-1.0,-3.0,4.0,-2.0,8.0,0.0,11.0,0.0,14.0,1.0,16.0,2.0,16.0,2.0,17.0,1.0,16.0,1.0,0.0,0.0,0.0,0.0,0.0,0.0,0.0,0.0,0.0,0.0
1.8053,122.0,-96.0,7.0,0.0,3.0,-3.0,2.0,3.0,1.0,8.0,1.0,14.0,2.0,18.0,2.0,21.0,3.0,23.0,3.0,25.0,4.0,24.0,5.0,24.0,5.0,22.0,5.0,19.0,4.0,16.0,3.0,13.0,1.0,9.0,-1.0,4.0,-2.0,1.0,-4.0,-3.0,-5.0,-7.0,-7.0,-10.0,-9.0,-12.0,-9.0,-12.0,-10.0,-13.0,-10.0,-13.0,-10.0,-13.0,0.0,0.0,0.0,0.0,0.0,0.0,0.0,0.0,0.0,0.0
1.8176,122.0,-96.0,7.0,0.0,30.0,11.0,29.0,10.0,28.0,9.0,26.0,7.0,22.0,6.0,17.0,4.0,12.0,3.0,7.0,2.0,1.0,2.0,-5.0,3.0,-10.0,4.0,-15.0,5.0,-18.0,6.0,-21.0,7.0,-22.0,7.0,-23.0,9.0,-22.0,8.0,-21.0,8.0,-19.0,7.0,-17.0,6.0,-13.0,5.0,-9.0,4.0,-6.0,1.0,-3.0,0.0,0.0,-2.0,0.0,0.0,0.0,0.0,0.0,0.0,0.0,0.0,0.0,0.0
1.8298,122.0,-96.0,7.0,0.0,-4.0,1.0,-3.0,-4.0,-1.0,-9.0,0.0,-15.0,0.0,-18.0,0.0,-22.0,0.0,-24.0,0.0,-26.0,-1.0,-26.0,-2.0,-26.0,-3.0,-24.0,-3.0,-21.0,-3.0,-18.0,-2.0,-14.0,-1.0,-10.0,0.0,-6.0,1.0,-2.0,2.0,2.0,4.0,6.0,5.0,9.0,6.0,11.0,7.0,12.0,7.0,13.0,7.0,13.0,7.0,13.0,0.0,0.0,0.0,0.0,0.0,0.0,0.0,0.0,0.0,0.0
1.8394,122.0,-96.0,7.0,0.0,15.0,20.0,14.0,19.0,14.0,19.0,14.0,18.0,15.0,17.0,15.0,17.0,15.0,16.0,16.0,16.0,15.0,16.0,16.0,15.0,16.0,15.0,16.0,15.0,16.0,15.0,16.0,15.0,15.0,15.0,16.0,15.0,15.0,14.0,14.0,14.0,14.0,14.0,13.0,13.0,12.0,13.0,12.0,13.0,12.0,13.0,11.0,13.0,10.0,13.0,0.0,0.0,0.0,0.0,0.0,0.0,0.0,0.0,0.0,0.0
1.8497,122.0,-96.0,7.0,0.0,-5.0,-18.0,-4.0,-18.0,-4.0,-17.0,-5.0,-17.0,-5.0,-17.0,-5.0,-16.0,-5.0,-16.0,-6.0,-16.0,-6.0,-16.0,-6.0,-15.0,-6.0,-15.0,-7.0,-15.0,-7.0,-15.0,-7.0,-15.0,-7.0,-15.0,-7.0,-15.0,-6.0,-14.0,-6.0,-14.0,-5.0,-14.0,-5.0,-13.0,-5.0,-13.0,-5.0,-13.0,-5.0,-12.0,-4.0,-12.0,-3.0,-12.0,0.0,0.0,0.0,0.0,0.0,0.0,0.0,0.0,0.0,0.0
1.8596,122.0,-96.0,7.0,0.0,9.0,-24.0,8.0,-24.0,8.0,-23.0,7.0,-23.0,7.0,-23.0,6.0,-23.0,6.0,-23.0,5.0,-23.0,4.0,-22.0,4.0,-22.0,4.0,-23.0,4.0,-22.0,3.0,-22.0,4.0,-22.0,4.0,-22.0,4.0,-21.0,4.0,-21.0,4.0,-20.0,5.0,-20.0,4.0,-19.0,4.0,-19.0,4.0,-18.0,5.0,-17.0,5.0,-17.0,5.0,-17.0,0.0,0.0,0.0,0.0,0.0,0.0,0.0,0.0,0.0,0.0
1.8718,122.0,-96.0,7.0,0.0,33.0,14.0,33.0,13.0,31.0,11.0,28.0,9.0,24.0,7.0,19.0,6.0,13.0,5.0,7.0,3.0,0.0,3.0,-6.0,3.0,-12.0,4.0,-17.0,5.0,-21.0,7.0,-24.0,7.0,-26.0,8.0,-27.0,9.0,-26.0,8.0,-25.0,8.0,-21.0,7.0,-18.0,6.0,-14.0,5.0,-10.0,3.0,-6.0,1.0,-3.0,-1.0,0.0,-3.0,0.0,0.0,0.0,0.0,0.0,0.0,0.0,0.0,0.0,0.0
1.8853,122.0,-96.0,7.0,0.0,-5.0,-2.0,1.0,-5.0,5.0,-8.0,9.0,-10.0,13.0,-13.0,15.0,-15.0,16.0,-17.0,17.0,-19.0,17.0,-20.0,15.0,-20.0,14.0,-19.0,12.0,-17.0,10.0,-14.0,8.0,-11.0,6.0,-7.0,4.0,-3.0,1.0,1.0,-1.0,5.0,-2.0,8.0,-3.0,11.0,-4.0,13.0,-4.0,14.0,-4.0,15.0,-4.0,15.0,-4.0,14.0,0.0,0.0,0.0,0.0,0.0,0.0,0.0,0.0,0.0,0.0
1.8986,122.0,-96.0,7.0,0.0,-13.0,-15.0,-15.0,-18.0,-16.0,-20.0,-18.0,-21.0,-19.0,-21.0,-19.0,-20.0,-18.0,-18.0,-17.0,-16.0,-14.0,-14.0,-12.0,-11.0,-9.0,-8.0,-5.0,-6.0,-1.0,-3.0,4.0,-1.0,7.0,1.0,11.0,2.0,14.0,4.0,16.0,4.0,17.0,5.0,17.0,5.0,17.0,4.0,16.0,4.0,14.0,4.0,12.0,3.0,9.0,2.0,0.0,0.0,0.0,0.0,0.0,0.0,0.0,0.0,0.0,0.0
1.9143,122.0,-96.0,7.0,0.0,-18.0,-18.0,-14.0,-15.0,-10.0,-12.0,-5.0,-7.0,0.0,-4.0,5.0,-1.0,10.0,1.0,15.0,2.0,19.0,3.0,22.0,3.0,24.0,3.0,26.0,3.0,26.0,2.0,25.0,2.0,23.0,2.0,19.0,1.0,16.0,1.0,12.0,1.0,7.0,1.0,2.0,1.0,-2.0,1.0,-6.0,2.0,-9.0,3.0,-11.0,3.0,-13.0,4.0,0.0,0.0,0.0,0.0,0.0,0.0,0.0,0.0,0.0,0.0
1.9272,122.0,-96.0,7.0,0.0,3.0,0.0,-1.0,4.0,-5.0,7.0,-9.0,11.0,-12.0,14.0,-14.0,16.0,-15.0,19.0,-15.0,20.0,-15.0,21.0,-14.0,20.0,-12.0,19.0,-10.0,17.0,-9.0,14.0,-7.0,10.0,-5.0,6.0,-4.0,2.0,-2.0,-2.0,-1.0,-6.0,0.0,-10.0,1.0,-13.0,1.0,-14.0,1.0,-15.0,0.0,-16.0,1.0,-16.0,1.0,-16.0,0.0,0.0,0.0,0.0,0.0,0.0,0.0,0.0,0.0,0.0
1.9381,122.0,-96.0,7.0,0.0,-23.0,12.0,-22.0,12.0,-21.0,12.0,-21.0,12.0,-20.0,13.0,-20.0,13.0,-19.0,13.0,-18.0,14.0,-18.0,14.0,-18.0,14.0,-17.0,14.0,-17.0,14.0,-17.0,14.0,-17.0,14.0,-17.0,14.0,-17.0,14.0,-16.0,13.0,-16.0,13.0,-16.0,12.0,-15.0,11.0,-15.0,11.0,-15.0,10.0,-15.0,10.0,-14.0,9.0,-14.0,9.0,0.0,0.0,0.0,0.0,0.0,0.0,0.0,0.0,0.0,0.0
1.9474,122.0,-96.0,7.0,0.0,-16.0,17.0,-15.0,17.0,-15.0,17.0,-14.0,17.0,-13.0,17.0,-13.0,17.0,-12.0,17.0,-12.0,17.0,-12.0,17.0,-12.0,17.0,-11.0,17.0,-11.0,17.0,-11.0,17.0,-11.0,17.0,-11.0,17.0,-11.0,17.0,-11.0,16.0,-11.0,16.0,-10.0,15.0,-10.0,14.0,-10.0,14.0,-10.0,13.0,-10.0,13.0,-10.0,12.0,-10.0,12.0,0.0,0.0,0.0,0.0,0.0,0.0,0.0,0.0,0.0,0.0
1.9625,122.0,-96.0,7.0,0.0,-21.0,1.0,-25.0,2.0,-29.0,2.0,-30.0,3.0,-31.0,3.0,-30.0,4.0,-28.0,4.0,-25.0,5.0,-22.0,5.0,-18.0,4.0,-13.0,2.0,-8.0,0.0,-3.0,-3.0,1.0,-5.0,6.0,-7.0,9.0,-10.0,12.0,-12.0,14.0,-13.0,15.0,-14.0,15.0,-14.0,14.0,-14.0,13.0,-13.0,11.0,-12.0,10.0,-11.0,8.0,-9.0,0.0,0.0,0.0,0.0,0.0,0.0,0.0,0.0,0.0,0.0
1.9773,122.0,-96.0,7.0,0.0,11.0,-23.0,9.0,-19.0,6.0,-14.0,5.0,-8.0,3.0,-2.0,2.0,4.0,2.0,9.0,1.0,14.0,2.0,18.0,3.0,21.0,4.0,24.0,4.0,25.0,5.0,26.0,6.0,25.0,6.0,23.0,5.0,20.0,4.0,16.0,3.0,12.0,1.0,8.0,0.0,4.0,-2.0,0.0,-4.0,-3.0,-5.0,-6.0,-7.0,-8.0,-8.0,-10.0,0.0,0.0,0.0,0.0,0.0,0.0,0.0,0.0,0.0,0.0
1.9904,122.0,-96.0,7.0,0.0,24.0,-2.0,19.0,-2.0,15.0,-1.0,8.0,0.0,3.0,2.0,-3.0,4.0,-8.0,6.0,-12.0,9.0,-16.0,11.0,-18.0,14.0,-19.0,16.0,-20.0,18.0,-19.0,18.0,-19.0,18.0,-17.0,16.0,-15.0,15.0,-12.0,11.0,-10.0,8.0,-7.0,4.0,-4.0,1.0,-2.0,-2.0,0.0,-5.0,2.0,-8.0,3.0,-11.0,4.0,-12.0,0.0,0.0,0.0,0.0,0.0,0.0,0.0,0.0,0.0,0.0
2.0033,122.0,-96.0,7.0,0.0,-12.0,-15.0,-15.0,-18.0,-16.0,-21.0,-18.0,-21.0,-19.0,-21.0,-19.0,-20.0,-18.0,-19.0,-16.0,-16.0,-14.0,-14.0,-11.0,-11.0,-8.0,-8.0,-4.0,-5.0,0.0,-3.0,4.0,-1.0,8.0,1.0,12.0,2.0,14.0,4.0,16.0,4.0,17.0,5.0,17.0,5.0,17.0,4.0,16.0,4.0,14.0,4.0,11.0,3.0,9.0,2.0,0.0,0.0,0.0,0.0,0.0,0.0,0.0,0.0,0.0,0.0
2.0176,122.0,-96.0,7.0,0.0,-14.0,13.0,-16.0,16.0,-17.0,18.0,-18.0,20.0,-18.0,20.0,-17.0,20.0,-16.0,19.0,-14.0,18.0,-12.0,15.0,-10.0,12.0,-7.0,8.0,-5.0,4.0,-3.0,0.0,-2.0,-5.0,-1.0,-9.0,0.0,-12.0,1.0,-15.0,1.0,-17.0,2.0,-19.0,2.0,-19.0,1.0,-18.0,1.0,-17.0,1.0,-15.0,1.0,-14.0,1.0,-11.0,0.0,0.0,0.0,0.0,0.0,0.0,0.0,0.0,0.0,0.0
2.0313,122.0,-96.0,7.0,0.0,4.0,-2.0,2.0,5.0,0.0,10.0,-1.0,17.0,-2.0,22.0,-2.0,26.0,-1.0,29.0,-2.0,31.0,-1.0,31.0,0.0,31.0,1.0,28.0,1.0,26.0,1.0,22.0,1.0,17.0,0.0,12.0,-2.0,7.0,-3.0,1.0,-4.0,-4.0,-5.0,-8.0,-7.0,-12.0,-9.0,-15.0,-9.0,-16.0,-10.0,-17.0,-10.0,-17.0,-10.0,-17.0,0.0,0.0,0.0,0.0,0.0,0.0,0.0,0.0,0.0,0.0
2.0446,122.0,-96.0,7.0,0.0,-21.0,-5.0,-25.0,-6.0,-28.0,-6.0,-29.0,-6.0,-30.0,-6.0,-30.0,-5.0,-28.0,-4.0,-25.0,-3.0,-22.0,-2.0,-18.0,-1.0,-13.0,-2.0,-8.0,-2.0,-2.0,-3.0,3.0,-4.0,7.0,-5.0,12.0,-7.0,14.0,-7.0,17.0,-8.0,18.0,-9.0,18.0,-9.0,18.0,-9.0,17.0,-8.0,14.0,-8.0,12.0,-7.0,10.0,-6.0,0.0,0.0,0.0,0.0,0.0,0.0,0.0,0.0,0.0,0.0
2.0534,122.0,-96.0,7.0,0.0,19.0,15.0,19.0,15.0,18.0,14.0,18.0,14.0,18.0,13.0,19.0,13.0,19.0,12.0,19.0,11.0,19.0,11.0,19.0,10.0,19.0,10.0,19.0,10.0,19.0,9.0,19.0,10.0,19.0,10.0,18.0,10.0,18.0,10.0,17.0,10.0,16.0,9.0,16.0,9.0,15.0,9.0,15.0,9.0,15.0,9.0,14.0,9.0,13.0,9.0,0.0,0.0,0.0,0.0,0.0,0.0,0.0,0.0,0.0,0.0
2.0664,122.0,-96.0,7.0,0.0,8.0,26.0,6.0,21.0,4.0,16.0,1.0,9.0,-3.0,3.0,-7.0,-2.0,-11.0,-7.0,-14.0,-10.0,-18.0,-13.0,-22.0,-14.0,-24.0,-16.0,-26.0,-16.0,-26.0,-15.0,-26.0,-14.0,-24.0,-13.0,-20.0,-10.0,-17.0,-9.0,-12.0,-7.0,-8.0,-5.0,-3.0,-4.0,2.0,-2.0,6.0,-2.0,9.0,-1.0,12.0,-1.0,15.0,0.0,0.0,0.0,0.0,0.0,0.0,0.0,0.0,0.0,0.0,0.0
2.0833,122.0,-96.0,7.0,0.0,2.0,-4.0,3.0,2.0,4.0,7.0,6.0,12.0,7.0,16.0,8.0,19.0,10.0,21.0,11.0,22.0,11.0,22.0,12.0,21.0,11.0,19.0,11.0,17.0,9.0,14.0,7.0,12.0,4.0,8.0,1.0,5.0,-2.0,2.0,-4.0,-1.0,-7.0,-4.0,-9.0,-6.0,-12.0,-8.0,-13.0,-9.0,-13.0,-9.0,-13.0,-9.0,-13.0,-9.0,0.0,0.0,0.0,0.0,0.0,0.0,0.0,0.0,0.0,0.0
2.0921,122.0,-96.0,7.0,0.0,-7.0,-19.0,-7.0,-18.0,-7.0,-18.0,-7.0,-18.0,-7.0,-17.0,-7.0,-17.0,-7.0,-17.0,-8.0,-16.0,-8.0,-17.0,-8.0,-16.0,-8.0,-16.0,-8.0,-16.0,-8.0,-16.0,-8.0,-16.0,-8.0,-16.0,-8.0,-16.0,-7.0,-15.0,-7.0,-15.0,-7.0,-15.0,-6.0,-14.0,-6.0,-14.0,-6.0,-14.0,-5.0,-14.0,-5.0,-13.0,-5.0,-13.0,0.0,0.0,0.0,0.0,0.0,0.0,0.0,0.0,0.0,0.0
2.102,122.0,-96.0,7.0,0.0,-13.0,21.0,-13.0,22.0,-11.0,20.0,-12.0,21.0,-11.0,20.0,-11.0,20.0,-10.0,20.0,-9.0,21.0,-8.0,20.0,-8.0,21.0,-8.0,21.0,-7.0,20.0,-8.0,21.0,-7.0,20.0,-8.0,21.0,-7.0,20.0,-8.0,19.0,-8.0,19.0,-8.0,18.0,-8.0,17.0,-8.0,17.0,-7.0,16.0,-7.0,16.0,-8.0,15.0,-8.0,15.0,0.0,0.0,0.0,0.0,0.0,0.0,0.0,0.0,0.0,0.0
2.1119,122.0,-96.0,7.0,0.0,-25.0,-8.0,-24.0,-8.0,-24.0,-7.0,-23.0,-7.0,-23.0,-6.0,-23.0,-6.0,-22.0,-5.0,-23.0,-4.0,-23.0,-4.0,-23.0,-3.0,-23.0,-3.0,-23.0,-2.0,-22.0,-2.0,-22.0,-3.0,-22.0,-2.0,-22.0,-2.0,-21.0,-2.0,-21.0,-3.0,-20.0,-3.0,-20.0,-3.0,-19.0,-4.0,-19.0,-3.0,-18.0,-3.0,-18.0,-4.0,-17.0,-4.0,0.0,0.0,0.0,0.0,0.0,0.0,0.0,0.0,0.0,0.0
2.1261,122.0,-96.0,7.0,0.0,0.0,-5.0,4.0,0.0,7.0,4.0,10.0,9.0,13.0,11.0,16.0,13.0,18.0,14.0,19.0,14.0,20.0,14.0,20.0,13.0,19.0,12.0,17.0,10.0,14.0,8.0,12.0,7.0,8.0,5.0,3.0,4.0,0.0,2.0,-4.0,1.0,-8.0,0.0,-11.0,-1.0,-13.0,-2.0,-15.0,-2.0,-16.0,-2.0,-16.0,-1.0,-16.0,-1.0,0.0,0.0,0.0,0.0,0.0,0.0,0.0,0.0,0.0,0.0
2.1397,122.0,-96.0,7.0,0.0,-2.0,-5.0,4.0,-2.0,9.0,0.0,15.0,2.0,19.0,3.0,22.0,3.0,26.0,3.0,27.0,2.0,28.0,1.0,27.0,1.0,25.0,0.0,22.0,0.0,19.0,-1.0,15.0,0.0,11.0,0.0,6.0,1.0,1.0,2.0,-3.0,3.0,-7.0,4.0,-11.0,5.0,-13.0,6.0,-15.0,6.0,-16.0,6.0,-16.0,7.0,-16.0,7.0,0.0,0.0,0.0,0.0,0.0,0.0,0.0,0.0,0.0,0.0
2.1496,122.0,-96.0,7.0,0.0,10.0,-17.0,10.0,-17.0,9.0,-17.0,9.0,-17.0,8.0,-16.0,8.0,-17.0,7.0,-17.0,7.0,-17.0,6.0,-17.0,7.0,-17.0,6.0,-17.0,6.0,-17.0,6.0,-17.0,6.0,-16.0,6.0,-17.0,6.0,-16.0,6.0,-16.0,6.0,-15.0,6.0,-15.0,5.0,-14.0,6.0,-14.0,6.0,-13.0,6.0,-13.0,6.0,-12.0,6.0,-12.0,0.0,0.0,0.0,0.0,0.0,0.0,0.0,0.0,0.0,0.0
2.1631,122.0,-96.0,7.0,0.0,-20.0,7.0,-24.0,9.0,-26.0,10.0,-28.0,11.0,-28.0,12.0,-27.0,12.0,-25.0,12.0,-23.0,12.0,-19.0,10.0,-16.0,8.0,-12.0,5.0,-7.0,2.0,-3.0,-2.0,0.0,-5.0,3.0,-9.0,6.0,-12.0,8.0,-15.0,10.0,-16.0,11.0,-17.0,11.0,-18.0,10.0,-17.0,10.0,-16.0,9.0,-14.0,8.0,-13.0,6.0,-10.0,0.0,0.0,0.0,0.0,0.0,0.0,0.0,0.0,0.0,0.0
2.1823,122.0,-96.0,7.0,0.0,-12.0,17.0,-15.0,20.0,-16.0,22.0,-17.0,25.0,-16.0,26.0,-15.0,25.0,-13.0,24.0,-12.0,22.0,-10.0,19.0,-8.0,14.0,-6.0,10.0,-4.0,4.0,-3.0,-1.0,-3.0,-5.0,-2.0,-10.0,-2.0,-14.0,-1.0,-18.0,-1.0,-20.0,-1.0,-21.0,-1.0,-22.0,-2.0,-20.0,-2.0,-19.0,-2.0,-17.0,-1.0,-15.0,-1.0,-12.0,0.0,0.0,0.0,0.0,0.0,0.0,0.0,0.0,0.0,0.0
2.1927,122.0,-96.0,7.0,0.0,-5.0,-1.0,-1.0,-6.0,4.0,-9.0,7.0,-14.0,9.0,-18.0,11.0,-21.0,12.0,-23.0,12.0,-25.0,12.0,-26.0,11.0,-26.0,9.0,-24.0,8.0,-22.0,6.0,-19.0,6.0,-15.0,4.0,-10.0,4.0,-6.0,2.0,-1.0,1.0,4.0,1.0,8.0,0.0,11.0,0.0,14.0,1.0,15.0,1.0,16.0,0.0,17.0,0.0,16.0,0.0,0.0,0.0,0.0,0.0,0.0,0.0,0.0,0.0,0.0
2.2028,122.0,-96.0,7.0,0.0,-21.0,14.0,-20.0,14.0,-20.0,14.0,-19.0,13.0,-19.0,14.0,-19.0,14.0,-18.0,15.0,-17.0,15.0,-17.0,15.0,-16.0,15.0,-16.0,15.0,-16.0,15.0,-16.0,15.0,-16.0,15.0,-15.0,15.0,-16.0,15.0,-15.0,14.0,-15.0,14.0,-14.0,13.0,-15.0,13.0,-14.0,12.0,-14.0,12.0,-14.0,11.0,-14.0,11.0,-14.0,10.0,0.0,0.0,0.0,0.0,0.0,0.0,0.0,0.0,0.0,0.0
2.2179,122.0,-96.0,7.0,0.0,-21.0,-4.0,-25.0,-4.0,-28.0,-5.0,-30.0,-4.0,-31.0,-4.0,-30.0,-3.0,-28.0,-2.0,-25.0,-1.0,-22.0,-1.0,-18.0,-1.0,-13.0,-2.0,-8.0,-2.0,-3.0,-3.0,2.0,-4.0,7.0,-6.0,11.0,-7.0,14.0,-9.0,16.0,-9.0,18.0,-10.0,18.0,-10.0,17.0,-10.0,16.0,-9.0,14.0,-8.0,12.0,-8.0,10.0,-6.0,0.0,0.0,0.0,0.0,0.0,0.0,0.0,0.0,0.0,0.0
2.2317,122.0,-96.0,7.0,0.0,-25.0,-3.0,-21.0,-3.0,-15.0,-3.0,-9.0,-2.0,-4.0,-3.0,2.0,-4.0,7.0,-6.0,12.0,-7.0,16.0,-9.0,18.0,-11.0,20.0,-13.0,21.0,-15.0,21.0,-15.0,21.0,-14.0,19.0,-14.0,17.0,-13.0,14.0,-10.0,11.0,-7.0,7.0,-5.0,4.0,-2.0,1.0,1.0,-2.0,3.0,-3.0,6.0,-5.0,8.0,-7.0,10.0,0.0,0.0,0.0,0.0,0.0,0.0,0.0,0.0,0.0,0.0
2.2397,122.0,-96.0,7.0,0.0,10.0,22.0,10.0,22.0,10.0,21.0,10.0,21.0,10.0,20.0,11.0,20.0,11.0,19.0,11.0,19.0,11.0,18.0,12.0,18.0,12.0,18.0,12.0,18.0,12.0,18.0,12.0,17.0,12.0,18.0,12.0,17.0,11.0,18.0,10.0,17.0,10.0,17.0,9.0,16.0,9.0,16.0,8.0,15.0,8.0,15.0,7.0,15.0,7.0,15.0,0.0,0.0,0.0,0.0,0.0,0.0,0.0,0.0,0.0,0.0
2.2491,122.0,-96.0,7.0,0.0,-12.0,13.0,-13.0,13.0,-11.0,12.0,-12.0,12.0,-11.0,13.0,-11.0,13.0,-10.0,13.0,-10.0,13.0,-9.0,12.0,-9.0,13.0,-9.0,13.0,-9.0,13.0,-9.0,13.0,-9.0,13.0,-9.0,13.0,-9.0,12.0,-9.0,12.0,-9.0,12.0,-9.0,11.0,-9.0,11.0,-8.0,10.0,-8.0,10.0,-8.0,10.0,-8.0,9.0,-8.0,9.0,0.0,0.0,0.0,0.0,0.0,0.0,0.0,0.0,0.0,0.0
2.263,122.0,-96.0,7.0,0.0,-37.0,-3.0,-36.0,-2.0,-34.0,-2.0,-31.0,0.0,-26.0,0.0,-21.0,0.0,-15.0,-1.0,-9.0,-1.0,-3.0,-3.0,2.0,-5.0,7.0,-9.0,12.0,-12.0,15.0,-14.0,18.0,-15.0,20.0,-17.0,20.0,-19.0,20.0,-18.0,18.0,-17.0,17.0,-16.0,14.0,-14.0,11.0,-11.0,8.0,-8.0,5.0,-4.0,2.0,-2.0,1.0,1.0,0.0,0.0,0.0,0.0,0.0,0.0,0.0,0.0,0.0,0.0
2.2758,122.0,-96.0,7.0,0.0,3.0,1.0,-2.0,4.0,-7.0,6.0,-12.0,7.0,-16.0,9.0,-18.0,11.0,-20.0,13.0,-21.0,15.0,-21.0,15.0,-20.0,15.0,-18.0,14.0,-16.0,13.0,-13.0,11.0,-10.0,8.0,-8.0,5.0,-5.0,1.0,-2.0,-3.0,0.0,-6.0,3.0,-9.0,4.0,-12.0,4.0,-14.0,5.0,-14.0,5.0,-15.0,5.0,-15.0,5.0,-15.0,0.0,0.0,0.0,0.0,0.0,0.0,0.0,0.0,0.0,0.0
2.2906,122.0,-96.0,7.0,0.0,-21.0,24.0,-17.0,19.0,-13.0,14.0,-9.0,7.0,-6.0,0.0,-3.0,-7.0,-1.0,-13.0,0.0,-20.0,1.0,-26.0,0.0,-29.0,0.0,-33.0,-1.0,-34.0,-2.0,-34.0,-3.0,-33.0,-3.0,-29.0,-2.0,-27.0,-2.0,-21.0,-1.0,-16.0,0.0,-10.0,1.0,-5.0,3.0,0.0,4.0,5.0,6.0,9.0,7.0,12.0,8.0,14.0,0.0,0.0,0.0,0.0,0.0,0.0,0.0,0.0,0.0,0.0
2.3085,122.0,-96.0,7.0,0.0,-12.0,-30.0,-10.0,-24.0,-7.0,-19.0,-3.0,-11.0,2.0,-5.0,6.0,0.0,11.0,5.0,16.0,9.0,21.0,11.0,25.0,13.0,27.0,14.0,30.0,14.0,30.0,13.0,30.0,12.0,28.0,11.0,24.0,9.0,20.0,7.0,15.0,6.0,10.0,4.0,4.0,3.0,-2.0,2.0,-7.0,1.0,-11.0,1.0,-14.0,1.0,-17.0,1.0,0.0,0.0,0.0,0.0,0.0,0.0,0.0,0.0,0.0,0.0
2.3202,122.0,-96.0,7.0,0.0,-12.0,-16.0,-14.0,-19.0,-15.0,-21.0,-17.0,-22.0,-18.0,-21.0,-18.0,-21.0,-17.0,-19.0,-16.0,-17.0,-13.0,-14.0,-10.0,-12.0,-8.0,-9.0,-4.0,-6.0,0.0,-3.0,5.0,-1.0,8.0,1.0,11.0,3.0,15.0,4.0,16.0,4.0,17.0,5.0,17.0,5.0,17.0,4.0,16.0,4.0,14.0,4.0,12.0,3.0,9.0,2.0,0.0,0.0,0.0,0.0,0.0,0.0,0.0,0.0,0.0,0.0
2.329,122.0,-96.0,7.0,0.0,-9.0,16.0,-9.0,16.0,-8.0,15.0,-8.0,15.0,-7.0,15.0,-7.0,15.0,-6.0,15.0,-6.0,15.0,-6.0,15.0,-6.0,15.0,-5.0,15.0,-5.0,15.0,-5.0,15.0,-5.0,15.0,-5.0,15.0,-5.0,15.0,-5.0,14.0,-5.0,14.0,-5.0,13.0,-5.0,13.0,-5.0,12.0,-5.0,12.0,-5.0,12.0,-6.0,11.0,-6.0,11.0,0.0,0.0,0.0,0.0,0.0,0.0,0.0,0.0,0.0,0.0
2.3421,122.0,-96.0,7.0,0.0,-5.0,1.0,-3.0,-4.0,-1.0,-10.0,0.0,-15.0,0.0,-19.0,0.0,-22.0,0.0,-24.0,-1.0,-26.0,-1.0,-26.0,-2.0,-26.0,-3.0,-24.0,-3.0,-21.0,-2.0,-17.0,-2.0,-14.0,-1.0,-9.0,1.0,-5.0,2.0,-1.0,3.0,3.0,5.0,7.0,6.0,10.0,7.0,11.0,8.0,12.0,8.0,13.0,8.0,13.0,8.0,12.0,0.0,0.0,0.0,0.0,0.0,0.0,0.0,0.0,0.0,0.0
2.3563,122.0,-96.0,7.0,0.0,0.0,-37.0,-1.0,-36.0,-2.0,-34.0,-3.0,-31.0,-3.0,-26.0,-3.0,-21.0,-2.0,-15.0,0.0,-10.0,3.0,-4.0,5.0,2.0,8.0,7.0,11.0,12.0,14.0,14.0,17.0,17.0,19.0,18.0,19.0,19.0,19.0,18.0,19.0,17.0,17.0,15.0,14.0,13.0,11.0,10.0,8.0,7.0,5.0,5.0,1.0,3.0,-3.0,1.0,0.0,0.0,0.0,0.0,0.0,0.0,0.0,0.0,0.0,0.0
2.3705,122.0,-96.0,7.0,0.0,-5.0,1.0,-4.0,-4.0,-1.0,-9.0,0.0,-14.0,0.0,-18.0,0.0,-22.0,0.0,-24.0,0.0,-26.0,-1.0,-26.0,-2.0,-25.0,-3.0,-24.0,-3.0,-21.0,-2.0,-18.0,-2.0,-15.0,-1.0,-10.0,1.0,-6.0,2.0,-2.0,3.0,2.0,4.0,5.0,5.0,8.0,7.0,10.0,7.0,12.0,8.0,12.0,8.0,13.0,8.0,12.0,0.0,0.0,0.0,0.0,0.0,0.0,0.0,0.0,0.0,0.0
2.3794,122.0,-96.0,7.0,0.0,19.0,16.0,19.0,16.0,18.0,15.0,18.0,14.0,18.0,14.0,19.0,13.0,19.0,12.0,19.0,12.0,19.0,11.0,19.0,11.0,19.0,10.0,19.0,10.0,19.0,10.0,18.0,11.0,18.0,11.0,18.0,10.0,18.0,10.0,17.0,10.0,16.0,10.0,16.0,10.0,15.0,10.0,14.0,10.0,14.0,9.0,14.0,9.0,13.0,10.0,0.0,0.0,0.0,0.0,0.0,0.0,0.0,0.0,0.0,0.0
2.3939,122.0,-96.0,7.0,0.0,-19.0,16.0,-16.0,13.0,-12.0,9.0,-8.0,5.0,-5.0,0.0,-2.0,-5.0,1.0,-10.0,2.0,-15.0,3.0,-19.0,3.0,-22.0,4.0,-25.0,3.0,-27.0,3.0,-27.0,2.0,-26.0,2.0,-24.0,2.0,-22.0,1.0,-18.0,1.0,-14.0,1.0,-9.0,1.0,-5.0,2.0,-1.0,2.0,3.0,3.0,6.0,3.0,9.0,4.0,11.0,0.0,0.0,0.0,0.0,0.0,0.0,0.0,0.0,0.0,0.0
2.4074,122.0,-96.0,7.0,0.0,4.0,1.0,-1.0,4.0,-6.0,7.0,-11.0,11.0,-14.0,13.0,-16.0,16.0,-18.0,18.0,-19.0,21.0,-19.0,21.0,-18.0,21.0,-16.0,20.0,-14.0,18.0,-12.0,16.0,-10.0,12.0,-8.0,8.0,-6.0,4.0,-3.0,-1.0,-2.0,-5.0,0.0,-9.0,2.0,-12.0,2.0,-15.0,2.0,-16.0,2.0,-17.0,3.0,-18.0,3.0,-18.0,0.0,0.0,0.0,0.0,0.0,0.0,0.0,0.0,0.0,0.0
2.4222,122.0,-96.0,7.0,0.0,-21.0,3.0,-25.0,4.0,-28.0,5.0,-29.0,5.0,-30.0,6.0,-29.0,7.0,-27.0,7.0,-24.0,7.0,-21.0,7.0,-17.0,5.0,-12.0,3.0,-7.0,0.0,-3.0,-3.0,1.0,-6.0,4.0,-9.0,8.0,-12.0,10.0,-14.0,12.0,-15.0,13.0,-17.0,13.0,-17.0,12.0,-16.0,11.0,-15.0,9.0,-14.0,8.0,-12.0,7.0,-10.0,0.0,0.0,0.0,0.0,0.0,0.0,0.0,0.0,0.0,0.0
2.4352,122.0,-96.0,7.0,0.0,35.0,7.0,34.0,6.0,33.0,5.0,30.0,4.0,25.0,3.0,20.0,2.0,14.0,2.0,8.0,2.0,2.0,3.0,-4.0,5.0,-10.0,8.0,-15.0,10.0,-18.0,11.0,-22.0,13.0,-23.0,14.0,-23.0,15.0,-23.0,15.0,-21.0,14.0,-19.0,12.0,-16.0,10.0,-13.0,8.0,-9.0,5.0,-6.0,2.0,-3.0,-1.0,-1.0,-3.0,0.0,0.0,0.0,0.0,0.0,0.0,0.0,0.0,0.0,0.0
2.4452,122.0,-96.0,7.0,0.0,-20.0,16.0,-20.0,16.0,-18.0,15.0,-19.0,16.0,-18.0,16.0,-18.0,16.0,-17.0,16.0,-16.0,16.0,-15.0,16.0,-15.0,17.0,-15.0,17.0,-15.0,17.0,-15.0,17.0,-15.0,16.0,-15.0,17.0,-14.0,16.0,-14.0,16.0,-15.0,15.0,-14.0,14.0,-14.0,14.0,-14.0,13.0,-13.0,12.0,-13.0,12.0,-13.0,12.0,-13.0,11.0,0.0,0.0,0.0,0.0,0.0,0.0,0.0,0.0,0.0,0.0
2.4589,122.0,-96.0,7.0,0.0,5.0,27.0,4.0,21.0,3.0,16.0,0.0,10.0,-3.0,3.0,-7.0,-2.0,-11.0,-7.0,-15.0,-10.0,-19.0,-14.0,-22.0,-15.0,-24.0,-16.0,-27.0,-19.0,-26.0,-15.0,-26.0,-14.0,-24.0,-13.0,-21.0,-11.0,-17.0,-9.0,-13.0,-7.0,-8.0,-5.0,-3.0,-4.0,2.0,-3.0,6.0,-2.0,10.0,-1.0,13.0,-2.0,15.0,-1.0,0.0,0.0,0.0,0.0,0.0,0.0,0.0,0.0,0.0,0.0
2.4661,122.0,-96.0,7.0,0.0,23.0,9.0,22.0,8.0,22.0,9.0,22.0,8.0,22.0,7.0,22.0,7.0,21.0,6.0,22.0,5.0,22.0,5.0,22.0,4.0,22.0,4.0,21.0,4.0,21.0,4.0,21.0,4.0,21.0,4.0,21.0,4.0,20.0,5.0,20.0,5.0,19.0,5.0,18.0,5.0,18.0,5.0,17.0,5.0,16.0,5.0,16.0,5.0,15.0,5.0,0.0,0.0,0.0,0.0,0.0,0.0,0.0,0.0,0.0,0.0
2.4791,122.0,-96.0,7.0,0.0,35.0,7.0,35.0,6.0,33.0,5.0,30.0,3.0,25.0,3.0,20.0,2.0,14.0,2.0,8.0,2.0,2.0,3.0,-4.0,5.0,-9.0,7.0,-14.0,9.0,-17.0,12.0,-21.0,13.0,-22.0,14.0,-23.0,16.0,-23.0,15.0,-21.0,15.0,-19.0,13.0,-16.0,11.0,-13.0,9.0,-10.0,6.0,-6.0,3.0,-3.0,0.0,-1.0,-3.0,0.0,0.0,0.0,0.0,0.0,0.0,0.0,0.0,0.0,0.0
2.4922,122.0,-96.0,7.0,0.0,4.0,20.0,5.0,24.0,5.0,27.0,6.0,29.0,8.0,29.0,9.0,27.0,9.0,25.0,7.0,23.0,6.0,19.0,4.0,15.0,3.0,11.0,0.0,6.0,-3.0,1.0,-6.0,-2.0,-10.0,-6.0,-13.0,-9.0,-15.0,-11.0,-16.0,-13.0,-17.0,-13.0,-17.0,-13.0,-17.0,-13.0,-16.0,-11.0,-14.0,-10.0,-11.0,-9.0,-8.0,-7.0,0.0,0.0,0.0,0.0,0.0,0.0,0.0,0.0,0.0,0.0
2.5064,122.0,-96.0,7.0,0.0,5.0,-22.0,4.0,-18.0,3.0,-13.0,3.0,-8.0,3.0,-3.0,3.0,3.0,5.0,8.0,6.0,12.0,8.0,15.0,9.0,17.0,10.0,20.0,12.0,20.0,12.0,20.0,12.0,19.0,12.0,17.0,10.0,15.0,8.0,11.0,5.0,9.0,3.0,6.0,0.0,3.0,-3.0,0.0,-6.0,-2.0,-8.0,-3.0,-10.0,-5.0,-12.0,-6.0,0.0,0.0,0.0,0.0,0.0,0.0,0.0,0.0,0.0,0.0
2.5212,122.0,-96.0,7.0,0.0,5.0,-2.0,3.0,5.0,0.0,10.0,-2.0,16.0,-3.0,22.0,-3.0,25.0,-3.0,29.0,-3.0,30.0,-2.0,31.0,-1.0,31.0,0.0,28.0,1.0,26.0,0.0,22.0,0.0,18.0,-1.0,12.0,-2.0,7.0,-3.0,1.0,-5.0,-4.0,-6.0,-8.0,-7.0,-12.0,-9.0,-15.0,-10.0,-16.0,-11.0,-17.0,-10.0,-17.0,-10.0,-17.0,0.0,0.0,0.0,0.0,0.0,0.0,0.0,0.0,0.0,0.0
2.5336,122.0,-96.0,7.0,0.0,-2.0,4.0,-6.0,0.0,-10.0,-4.0,-14.0,-9.0,-18.0,-12.0,-21.0,-13.0,-23.0,-14.0,-25.0,-14.0,-26.0,-14.0,-25.0,-12.0,-24.0,-11.0,-22.0,-9.0,-18.0,-8.0,-14.0,-7.0,-9.0,-6.0,-4.0,-4.0,0.0,-4.0,5.0,-3.0,9.0,-3.0,13.0,-2.0,16.0,-2.0,17.0,-2.0,17.0,-2.0,17.0,-2.0,16.0,-2.0,0.0,0.0,0.0,0.0,0.0,0.0,0.0,0.0,0.0,0.0
2.5442,122.0,-96.0,7.0,0.0,0.0,-26.0,0.0,-25.0,0.0,-25.0,0.0,-25.0,-1.0,-24.0,-1.0,-24.0,-2.0,-23.0,-3.0,-23.0,-2.0,-23.0,-3.0,-23.0,-3.0,-23.0,-4.0,-23.0,-4.0,-22.0,-4.0,-22.0,-4.0,-22.0,-4.0,-22.0,-3.0,-21.0,-3.0,-21.0,-2.0,-21.0,-3.0,-20.0,-2.0,-19.0,-2.0,-19.0,-1.0,-18.0,-1.0,-18.0,0.0,-17.0,0.0,0.0,0.0,0.0,0.0,0.0,0.0,0.0,0.0,0.0
2.5579,122.0,-96.0,7.0,0.0,24.0,-22.0,19.0,-18.0,14.0,-12.0,9.0,-7.0,5.0,0.0,2.0,6.0,-1.0,12.0,-2.0,18.0,-3.0,24.0,-3.0,28.0,-3.0,31.0,-2.0,33.0,-2.0,34.0,-1.0,32.0,0.0,30.0,-1.0,26.0,0.0,21.0,0.0,15.0,-1.0,10.0,-2.0,5.0,-4.0,-1.0,-5.0,-5.0,-7.0,-9.0,-8.0,-12.0,-9.0,-14.0,0.0,0.0,0.0,0.0,0.0,0.0,0.0,0.0,0.0,0.0
2.5712,122.0,-96.0,7.0,0.0,-2.0,-26.0,-2.0,-21.0,-2.0,-16.0,0.0,-10.0,2.0,-4.0,5.0,1.0,8.0,5.0,11.0,9.0,14.0,12.0,17.0,14.0,18.0,16.0,20.0,16.0,20.0,15.0,21.0,14.0,19.0,13.0,17.0,11.0,14.0,9.0,11.0,7.0,6.0,5.0,2.0,3.0,-2.0,2.0,-6.0,0.0,-9.0,0.0,-11.0,-1.0,-13.0,-1.0,0.0,0.0,0.0,0.0,0.0,0.0,0.0,0.0,0.0,0.0
2.5808,122.0,-96.0,7.0,0.0,8.0,-17.0,6.0,-16.0,6.0,-17.0,6.0,-16.0,5.0,-16.0,5.0,-16.0,5.0,-16.0,4.0,-16.0,4.0,-16.0,4.0,-16.0,3.0,-16.0,3.0,-15.0,3.0,-15.0,3.0,-16.0,3.0,-16.0,3.0,-16.0,3.0,-15.0,3.0,-15.0,3.0,-14.0,3.0,-14.0,3.0,-13.0,3.0,-13.0,4.0,-13.0,4.0,-12.0,4.0,-12.0,0.0,0.0,0.0,0.0,0.0,0.0,0.0,0.0,0.0,0.0
2.5944,122.0,-96.0,7.0,0.0,-21.0,-6.0,-25.0,-7.0,-28.0,-7.0,-30.0,-7.0,-30.0,-7.0,-30.0,-6.0,-28.0,-5.0,-25.0,-4.0,-22.0,-3.0,-17.0,-2.0,-12.0,-3.0,-7.0,-3.0,-2.0,-4.0,4.0,-5.0,8.0,-6.0,13.0,-8.0,15.0,-9.0,17.0,-10.0,18.0,-10.0,18.0,-10.0,18.0,-10.0,16.0,-9.0,14.0,-8.0,12.0,-7.0,9.0,-5.0,0.0,0.0,0.0,0.0,0.0,0.0,0.0,0.0,0.0,0.0
2.6043,122.0,-96.0,7.0,0.0,16.0,19.0,16.0,19.0,16.0,18.0,15.0,17.0,16.0,17.0,16.0,16.0,16.0,15.0,17.0,15.0,17.0,15.0,16.0,15.0,16.0,14.0,17.0,14.0,16.0,14.0,17.0,14.0,16.0,14.0,17.0,14.0,15.0,13.0,15.0,13.0,14.0,13.0,13.0,13.0,13.0,13.0,12.0,13.0,12.0,12.0,11.0,13.0,11.0,13.0,0.0,0.0,0.0,0.0,0.0,0.0,0.0,0.0,0.0,0.0
2.6186,122.0,-96.0,7.0,0.0,-15.0,20.0,-13.0,17.0,-9.0,12.0,-7.0,6.0,-5.0,1.0,-4.0,-5.0,-3.0,-10.0,-3.0,-15.0,-3.0,-19.0,-4.0,-22.0,-5.0,-25.0,-6.0,-27.0,-7.0,-27.0,-8.0,-25.0,-7.0,-23.0,-7.0,-21.0,-6.0,-17.0,-4.0,-13.0,-2.0,-9.0,0.0,-5.0,2.0,-1.0,4.0,2.0,6.0,4.0,8.0,7.0,9.0,8.0,0.0,0.0,0.0,0.0,0.0,0.0,0.0,0.0,0.0,0.0
2.6322,122.0,-96.0,7.0,0.0,-19.0,-7.0,-22.0,-8.0,-25.0,-9.0,-25.0,-9.0,-27.0,-8.0,-26.0,-8.0,-25.0,-7.0,-22.0,-5.0,-19.0,-5.0,-15.0,-4.0,-11.0,-4.0,-6.0,-3.0,-1.0,-4.0,4.0,-4.0,8.0,-5.0,12.0,-6.0,14.0,-7.0,16.0,-7.0,18.0,-7.0,18.0,-7.0,17.0,-7.0,15.0,-7.0,13.0,-6.0,11.0,-5.0,9.0,-4.0,0.0,0.0,0.0,0.0,0.0,0.0,0.0,0.0,0.0,0.0
2.6416,122.0,-96.0,7.0,0.0,-26.0,4.0,-25.0,4.0,-24.0,4.0,-24.0,5.0,-24.0,5.0,-24.0,5.0,-23.0,6.0,-22.0,6.0,-22.0,7.0,-22.0,7.0,-22.0,7.0,-22.0,8.0,-21.0,8.0,-21.0,8.0,-21.0,7.0,-21.0,7.0,-20.0,7.0,-20.0,6.0,-19.0,6.0,-19.0,5.0,-19.0,5.0,-18.0,5.0,-18.0,4.0,-17.0,4.0,-17.0,3.0,0.0,0.0,0.0,0.0,0.0,0.0,0.0,0.0,0.0,0.0
2.6517,122.0,-96.0,7.0,0.0,-22.0,11.0,-23.0,12.0,-21.0,12.0,-21.0,12.0,-20.0,12.0,-20.0,12.0,-19.0,13.0,-19.0,13.0,-18.0,13.0,-18.0,13.0,-18.0,13.0,-18.0,13.0,-18.0,14.0,-17.0,14.0,-18.0,13.0,-17.0,13.0,-17.0,13.0,-17.0,12.0,-16.0,11.0,-16.0,11.0,-16.0,11.0,-15.0,10.0,-15.0,9.0,-15.0,9.0,-15.0,8.0,0.0,0.0,0.0,0.0,0.0,0.0,0.0,0.0,0.0,0.0
2.6601,122.0,-96.0,7.0,0.0,24.0,-4.0,24.0,-4.0,23.0,-4.0,23.0,-4.0,23.0,-6.0,23.0,-6.0,22.0,-6.0,21.0,-7.0,21.0,-7.0,21.0,-7.0,21.0,-7.0,21.0,-7.0,21.0,-8.0,20.0,-7.0,21.0,-7.0,20.0,-7.0,20.0,-6.0,19.0,-6.0,19.0,-5.0,18.0,-5.0,18.0,-5.0,17.0,-4.0,17.0,-4.0,16.0,-3.0,17.0,-3.0,0.0,0.0,0.0,0.0,0.0,0.0,0.0,0.0,0.0,0.0
2.6729,122.0,-96.0,7.0,0.0,17.0,26.0,18.0,25.0,17.0,24.0,16.0,21.0,15.0,17.0,11.0,14.0,7.0,10.0,3.0,7.0,-2.0,3.0,-7.0,1.0,-11.0,-1.0,-15.0,-2.0,-19.0,-3.0,-23.0,-4.0,-25.0,-4.0,-24.0,-3.0,-25.0,-4.0,-23.0,-3.0,-20.0,-3.0,-18.0,-2.0,-14.0,-2.0,-10.0,-2.0,-6.0,-2.0,-2.0,-2.0,1.0,-3.0,0.0,0.0,0.0,0.0,0.0,0.0,0.0,0.0,0.0,0.0
2.6855,122.0,-96.0,7.0,0.0,11.0,-17.0,14.0,-21.0,15.0,-24.0,16.0,-25.0,15.0,-26.0,14.0,-26.0,13.0,-25.0,11.0,-23.0,9.0,-20.0,7.0,-16.0,5.0,-10.0,4.0,-5.0,3.0,0.0,3.0,5.0,3.0,10.0,3.0,14.0,3.0,17.0,3.0,20.0,3.0,21.0,3.0,21.0,3.0,19.0,3.0,17.0,3.0,15.0,2.0,13.0,1.0,10.0,0.0,0.0,0.0,0.0,0.0,0.0,0.0,0.0,0.0,0.0
2.7001,122.0,-96.0,7.0,0.0,-2.0,-5.0,4.0,-3.0,10.0,-1.0,15.0,1.0,20.0,2.0,23.0,2.0,26.0,2.0,27.0,2.0,28.0,0.0,27.0,0.0,25.0,-1.0,22.0,-1.0,18.0,-1.0,14.0,0.0,10.0,1.0,4.0,2.0,0.0,3.0,-5.0,5.0,-9.0,6.0,-12.0,7.0,-14.0,7.0,-15.0,8.0,-15.0,9.0,-15.0,9.0,-15.0,9.0,0.0,0.0,0.0,0.0,0.0,0.0,0.0,0.0,0.0,0.0
2.714,122.0,-96.0,7.0,0.0,1.0,-5.0,4.0,0.0,6.0,4.0,10.0,9.0,12.0,13.0,15.0,15.0,17.0,16.0,18.0,17.0,19.0,16.0,19.0,15.0,18.0,14.0,17.0,12.0,14.0,10.0,11.0,8.0,7.0,6.0,3.0,5.0,0.0,3.0,-4.0,1.0,-8.0,0.0,-11.0,-1.0,-14.0,-2.0,-16.0,-2.0,-16.0,-2.0,-16.0,-2.0,-16.0,-1.0,0.0,0.0,0.0,0.0,0.0,0.0,0.0,0.0,0.0,0.0
2.7324,122.0,-96.0,7.0,0.0,-1.0,-5.0,3.0,-2.0,8.0,0.0,13.0,4.0,17.0,5.0,20.0,6.0,22.0,7.0,24.0,6.0,24.0,5.0,24.0,4.0,23.0,4.0,20.0,3.0,17.0,2.0,14.0,2.0,9.0,2.0,5.0,2.0,1.0,3.0,-4.0,3.0,-7.0,3.0,-10.0,4.0,-13.0,4.0,-14.0,4.0,-15.0,4.0,-15.0,5.0,-15.0,5.0,0.0,0.0,0.0,0.0,0.0,0.0,0.0,0.0,0.0,0.0
2.7429,122.0,-96.0,7.0,0.0,5.0,0.0,1.0,4.0,-4.0,8.0,-7.0,13.0,-9.0,17.0,-10.0,20.0,-11.0,23.0,-12.0,25.0,-11.0,25.0,-10.0,25.0,-9.0,24.0,-8.0,22.0,-7.0,19.0,-5.0,15.0,-5.0,10.0,-4.0,5.0,-4.0,0.0,-3.0,-5.0,-3.0,-9.0,-3.0,-12.0,-4.0,-15.0,-4.0,-16.0,-5.0,-17.0,-5.0,-17.0,-5.0,-18.0,0.0,0.0,0.0,0.0,0.0,0.0,0.0,0.0,0.0,0.0
2.7572,122.0,-96.0,7.0,0.0,-31.0,-28.0,-31.0,-27.0,-30.0,-26.0,-28.0,-22.0,-24.0,-18.0,-20.0,-15.0,-14.0,-12.0,-8.0,-8.0,-2.0,-6.0,5.0,-4.0,11.0,-4.0,17.0,-3.0,22.0,-3.0,26.0,-3.0,29.0,-3.0,30.0,-4.0,30.0,-4.0,29.0,-4.0,26.0,-4.0,23.0,-3.0,18.0,-3.0,13.0,-2.0,9.0,-1.0,4.0,0.0,0.0,2.0,0.0,0.0,0.0,0.0,0.0,0.0,0.0,0.0,0.0,0.0
2.7683,122.0,-96.0,7.0,0.0,-17.0,-3.0,-16.0,-3.0,-16.0,-3.0,-16.0,-3.0,-16.0,-2.0,-16.0,-2.0,-15.0,-2.0,-15.0,-1.0,-15.0,-1.0,-15.0,-1.0,-15.0,-1.0,-15.0,-1.0,-15.0,-1.0,-14.0,-1.0,-15.0,-1.0,-14.0,-1.0,-14.0,-1.0,-14.0,-1.0,-13.0,-2.0,-13.0,-2.0,-12.0,-2.0,-12.0,-2.0,-12.0,-2.0,-11.0,-2.0,-11.0,-3.0,0.0,0.0,0.0,0.0,0.0,0.0,0.0,0.0,0.0,0.0
2.7784,122.0,-96.0,7.0,0.0,15.0,16.0,16.0,16.0,15.0,14.0,15.0,14.0,16.0,13.0,16.0,13.0,16.0,12.0,16.0,11.0,16.0,10.0,17.0,10.0,17.0,10.0,17.0,9.0,17.0,9.0,16.0,10.0,16.0,12.0,14.0,6.0,21.0,4.0,8.0,17.0,13.0,4.0,16.0,5.0,15.0,10.0,13.0,8.0,13.0,8.0,12.0,8.0,12.0,8.0,0.0,0.0,0.0,0.0,0.0,0.0,0.0,0.0,0.0,0.0
2.7928,122.0,-96.0,7.0,0.0,-6.0,1.0,-4.0,-5.0,-1.0,-10.0,0.0,-16.0,0.0,-21.0,0.0,-24.0,0.0,-27.0,0.0,-29.0,-1.0,-29.0,-2.0,-28.0,-3.0,-26.0,-3.0,-24.0,-2.0,-20.0,-1.0,-16.0,-1.0,-11.0,2.0,-6.0,2.0,-1.0,4.0,3.0,5.0,7.0,6.0,10.0,8.0,12.0,9.0,13.0,9.0,14.0,9.0,14.0,9.0,14.0,0.0,0.0,0.0,0.0,0.0,0.0,0.0,0.0,0.0,0.0
2.8052,122.0,-96.0,7.0,0.0,28.0,-2.0,23.0,-2.0,17.0,-1.0,10.0,0.0,4.0,3.0,-2.0,5.0,-7.0,8.0,-12.0,11.0,-16.0,14.0,-18.0,17.0,-20.0,19.0,-21.0,22.0,-21.0,22.0,-20.0,21.0,-18.0,20.0,-16.0,18.0,-13.0,14.0,-11.0,11.0,-8.0,6.0,-6.0,2.0,-3.0,-2.0,-1.0,-5.0,0.0,-9.0,1.0,-12.0,2.0,-14.0,0.0,0.0,0.0,0.0,0.0,0.0,0.0,0.0,0.0,0.0
2.8188,122.0,-96.0,7.0,0.0,9.0,-28.0,8.0,-28.0,7.0,-27.0,6.0,-25.0,4.0,-21.0,4.0,-17.0,3.0,-13.0,3.0,-8.0,3.0,-3.0,4.0,2.0,4.0,7.0,5.0,11.0,7.0,14.0,9.0,17.0,9.0,18.0,10.0,19.0,10.0,19.0,10.0,18.0,9.0,16.0,7.0,14.0,6.0,11.0,4.0,8.0,2.0,5.0,0.0,3.0,-2.0,1.0,0.0,0.0,0.0,0.0,0.0,0.0,0.0,0.0,0.0,0.0
2.828,122.0,-96.0,7.0,0.0,-26.0,5.0,-25.0,6.0,-24.0,6.0,-24.0,6.0,-23.0,7.0,-23.0,7.0,-22.0,7.0,-22.0,8.0,-22.0,8.0,-21.0,8.0,-21.0,9.0,-21.0,9.0,-21.0,9.0,-20.0,9.0,-21.0,8.0,-20.0,9.0,-20.0,8.0,-20.0,8.0,-19.0,7.0,-19.0,6.0,-18.0,6.0,-18.0,6.0,-17.0,6.0,-17.0,5.0,-17.0,4.0,0.0,0.0,0.0,0.0,0.0,0.0,0.0,0.0,0.0,0.0
2.8371,122.0,-96.0,7.0,0.0,3.0,-18.0,3.0,-18.0,3.0,-17.0,2.0,-17.0,2.0,-17.0,2.0,-17.0,1.0,-16.0,1.0,-17.0,1.0,-17.0,1.0,-17.0,0.0,-16.0,0.0,-16.0,0.0,-16.0,0.0,-16.0,0.0,-16.0,0.0,-16.0,0.0,-15.0,1.0,-15.0,1.0,-15.0,1.0,-14.0,1.0,-14.0,1.0,-13.0,1.0,-13.0,2.0,-12.0,2.0,-12.0,0.0,0.0,0.0,0.0,0.0,0.0,0.0,0.0,0.0,0.0
2.8518,122.0,-96.0,7.0,0.0,-3.0,-5.0,3.0,-4.0,9.0,-3.0,15.0,-3.0,20.0,-3.0,23.0,-4.0,26.0,-5.0,27.0,-6.0,27.0,-7.0,26.0,-7.0,24.0,-8.0,22.0,-7.0,18.0,-6.0,15.0,-5.0,10.0,-2.0,6.0,-1.0,1.0,3.0,-2.0,6.0,-6.0,8.0,-9.0,10.0,-11.0,11.0,-12.0,12.0,-12.0,12.0,-12.0,13.0,-12.0,12.0,0.0,0.0,0.0,0.0,0.0,0.0,0.0,0.0,0.0,0.0
2.8652,122.0,-96.0,7.0,0.0,-6.0,0.0,-3.0,-5.0,0.0,-10.0,2.0,-16.0,3.0,-20.0,4.0,-24.0,4.0,-26.0,4.0,-28.0,3.0,-29.0,2.0,-28.0,1.0,-26.0,0.0,-24.0,0.0,-20.0,1.0,-16.0,1.0,-11.0,2.0,-6.0,3.0,-1.0,3.0,4.0,4.0,8.0,5.0,11.0,6.0,13.0,7.0,15.0,8.0,15.0,7.0,15.0,7.0,15.0,0.0,0.0,0.0,0.0,0.0,0.0,0.0,0.0,0.0,0.0
2.8739,122.0,-96.0,7.0,0.0,7.0,23.0,8.0,23.0,7.0,22.0,8.0,22.0,8.0,21.0,9.0,21.0,9.0,20.0,9.0,20.0,9.0,19.0,10.0,19.0,10.0,19.0,10.0,18.0,10.0,19.0,10.0,19.0,10.0,19.0,9.0,18.0,9.0,18.0,8.0,18.0,8.0,17.0,7.0,17.0,7.0,16.0,6.0,16.0,6.0,16.0,5.0,15.0,5.0,15.0,0.0,0.0,0.0,0.0,0.0,0.0,0.0,0.0,0.0,0.0
2.8879,122.0,-96.0,7.0,0.0,-12.0,26.0,-11.0,26.0,-10.0,25.0,-9.0,23.0,-7.0,19.0,-6.0,15.0,-4.0,11.0,-4.0,7.0,-4.0,1.0,-5.0,-4.0,-5.0,-9.0,-6.0,-13.0,-7.0,-16.0,-9.0,-18.0,-9.0,-20.0,-9.0,-20.0,-10.0,-20.0,-10.0,-19.0,-9.0,-17.0,-8.0,-15.0,-6.0,-12.0,-4.0,-9.0,-2.0,-6.0,0.0,-3.0,2.0,-1.0,0.0,0.0,0.0,0.0,0.0,0.0,0.0,0.0,0.0,0.0
2.901,122.0,-96.0,7.0,0.0,31.0,5.0,31.0,4.0,29.0,3.0,27.0,2.0,22.0,1.0,18.0,1.0,13.0,1.0,7.0,1.0,2.0,2.0,-3.0,4.0,-8.0,8.0,-12.0,10.0,-15.0,12.0,-18.0,13.0,-19.0,14.0,-19.0,16.0,-19.0,15.0,-18.0,14.0,-16.0,13.0,-13.0,11.0,-10.0,8.0,-7.0,5.0,-5.0,2.0,-3.0,0.0,-1.0,-3.0,0.0,0.0,0.0,0.0,0.0,0.0,0.0,0.0,0.0,0.0
2.9135,122.0,-96.0,7.0,0.0,-25.0,2.0,-21.0,2.0,-15.0,0.0,-10.0,-1.0,-4.0,-3.0,1.0,-6.0,6.0,-9.0,9.0,-12.0,12.0,-15.0,14.0,-18.0,15.0,-21.0,15.0,-22.0,15.0,-23.0,14.0,-21.0,13.0,-20.0,11.0,-18.0,9.0,-14.0,7.0,-10.0,5.0,-6.0,3.0,-2.0,2.0,2.0,0.0,6.0,0.0,9.0,0.0,11.0,-1.0,13.0,0.0,0.0,0.0,0.0,0.0,0.0,0.0,0.0,0.0,0.0
2.9237,122.0,-96.0,7.0,0.0,24.0,-4.0,23.0,-4.0,23.0,-4.0,23.0,-4.0,22.0,-5.0,22.0,-6.0,21.0,-6.0,21.0,-7.0,21.0,-7.0,21.0,-7.0,20.0,-7.0,20.0,-7.0,20.0,-8.0,20.0,-8.0,20.0,-7.0,20.0,-8.0,19.0,-7.0,19.0,-7.0,18.0,-6.0,18.0,-6.0,17.0,-6.0,17.0,-5.0,16.0,-4.0,16.0,-4.0,16.0,-3.0,0.0,0.0,0.0,0.0,0.0,0.0,0.0,0.0,0.0,0.0
2.9373,122.0,-96.0,7.0,0.0,13.0,12.0,16.0,15.0,18.0,16.0,20.0,17.0,21.0,17.0,21.0,16.0,20.0,15.0,18.0,12.0,15.0,10.0,12.0,8.0,8.0,6.0,4.0,4.0,-1.0,3.0,-5.0,2.0,-9.0,1.0,-13.0,1.0,-16.0,0.0,-18.0,0.0,-19.0,-1.0,-20.0,0.0,-19.0,-1.0,-18.0,-1.0,-16.0,0.0,-13.0,0.0,-10.0,0.0,0.0,0.0,0.0,0.0,0.0,0.0,0.0,0.0,0.0,0.0
2.951,122.0,-96.0,7.0,0.0,3.0,2.0,-3.0,4.0,-8.0,5.0,-12.0,6.0,-16.0,7.0,-19.0,9.0,-21.0,11.0,-22.0,12.0,-22.0,13.0,-21.0,13.0,-19.0,13.0,-17.0,11.0,-14.0,9.0,-11.0,7.0,-8.0,4.0,-5.0,1.0,-2.0,-3.0,0.0,-7.0,3.0,-9.0,4.0,-12.0,5.0,-13.0,6.0,-14.0,6.0,-15.0,6.0,-15.0,6.0,-14.0,0.0,0.0,0.0,0.0,0.0,0.0,0.0,0.0,0.0,0.0
2.9611,122.0,-96.0,7.0,0.0,-15.0,20.0,-15.0,20.0,-14.0,19.0,-13.0,19.0,-13.0,20.0,-12.0,19.0,-11.0,19.0,-10.0,20.0,-10.0,19.0,-10.0,19.0,-10.0,19.0,-10.0,20.0,-9.0,20.0,-9.0,19.0,-9.0,20.0,-9.0,19.0,-9.0,19.0,-9.0,18.0,-9.0,17.0,-9.0,17.0,-9.0,16.0,-9.0,15.0,-9.0,15.0,-9.0,14.0,-9.0,14.0,0.0,0.0,0.0,0.0,0.0,0.0,0.0,0.0,0.0,0.0
2.9684,122.0,-96.0,7.0,0.0,22.0,10.0,22.0,9.0,22.0,9.0,21.0,9.0,21.0,8.0,21.0,7.0,21.0,6.0,21.0,6.0,21.0,6.0,21.0,5.0,21.0,5.0,21.0,4.0,20.0,4.0,21.0,4.0,20.0,4.0,21.0,4.0,20.0,4.0,19.0,4.0,19.0,4.0,18.0,5.0,17.0,4.0,17.0,5.0,16.0,5.0,16.0,5.0,15.0,5.0,0.0,0.0,0.0,0.0,0.0,0.0,0.0,0.0,0.0,0.0
2.9816,122.0,-96.0,7.0,0.0,-10.0,-27.0,-9.0,-22.0,-6.0,-17.0,-2.0,-11.0,1.0,-5.0,5.0,-1.0,10.0,4.0,14.0,7.0,18.0,9.0,22.0,10.0,24.0,11.0,26.0,11.0,27.0,11.0,27.0,11.0,26.0,10.0,21.0,8.0,19.0,7.0,14.0,5.0,9.0,4.0,4.0,3.0,-1.0,2.0,-5.0,2.0,-9.0,2.0,-12.0,2.0,-15.0,2.0,0.0,0.0,0.0,0.0,0.0,0.0,0.0,0.0,0.0,0.0
2.9961,122.0,-96.0,7.0,0.0,3.0,-4.0,4.0,1.0,5.0,6.0,7.0,12.0,9.0,15.0,11.0,18.0,13.0,20.0,13.0,20.0,14.0,20.0,15.0,19.0,14.0,17.0,13.0,15.0,10.0,13.0,8.0,10.0,5.0,8.0,1.0,5.0,-2.0,2.0,-5.0,0.0,-8.0,-3.0,-11.0,-4.0,-14.0,-5.0,-15.0,-6.0,-16.0,-6.0,-15.0,-6.0,-15.0,-6.0,0.0,0.0,0.0,0.0,0.0,0.0,0.0,0.0,0.0,0.0
3.0105,122.0,-96.0,7.0,0.0,-27.0,18.0,-22.0,14.0,-17.0,10.0,-11.0,5.0,-7.0,-1.0,-2.0,-7.0,1.0,-13.0,4.0,-19.0,6.0,-24.0,6.0,-28.0,6.0,-32.0,6.0,-34.0,6.0,-34.0,4.0,-33.0,3.0,-30.0,3.0,-27.0,2.0,-22.0,2.0,-17.0,2.0,-11.0,2.0,-5.0,3.0,0.0,3.0,5.0,4.0,9.0,5.0,12.0,5.0,15.0,0.0,0.0,0.0,0.0,0.0,0.0,0.0,0.0,0.0,0.0
3.0227,122.0,-96.0,7.0,0.0,10.0,26.0,8.0,20.0,6.0,16.0,1.0,9.0,-3.0,4.0,-7.0,-1.0,-12.0,-5.0,-16.0,-7.0,-20.0,-10.0,-24.0,-11.0,-26.0,-12.0,-28.0,-12.0,-28.0,-11.0,-29.0,-10.0,-26.0,-9.0,-22.0,-7.0,-18.0,-6.0,-14.0,-5.0,-9.0,-4.0,-4.0,-4.0,2.0,-4.0,6.0,-4.0,9.0,-3.0,12.0,-4.0,14.0,-4.0,0.0,0.0,0.0,0.0,0.0,0.0,0.0,0.0,0.0,0.0
3.0363,122.0,-96.0,7.0,0.0,1.0,-5.0,5.0,0.0,8.0,4.0,12.0,8.0,16.0,11.0,19.0,13.0,22.0,14.0,23.0,14.0,24.0,14.0,24.0,12.0,23.0,11.0,20.0,10.0,17.0,8.0,13.0,6.0,9.0,5.0,3.0,4.0,-1.0,3.0,-5.0,2.0,-10.0,1.0,-13.0,1.0,-16.0,0.0,-18.0,0.0,-18.0,1.0,-18.0,1.0,-18.0,1.0,0.0,0.0,0.0,0.0,0.0,0.0,0.0,0.0,0.0,0.0
3.0499,122.0,-96.0,7.0,0.0,-31.0,20.0,-29.0,21.0,-28.0,20.0,-24.0,18.0,-20.0,17.0,-16.0,13.0,-12.0,9.0,-9.0,4.0,-5.0,-1.0,-2.0,-6.0,0.0,-13.0,2.0,-18.0,3.0,-21.0,3.0,-25.0,3.0,-26.0,3.0,-28.0,3.0,-27.0,2.0,-26.0,2.0,-24.0,1.0,-20.0,1.0,-16.0,1.0,-11.0,1.0,-7.0,2.0,-3.0,2.0,0.0,0.0,0.0,0.0,0.0,0.0,0.0,0.0,0.0,0.0,0.0
3.0633,122.0,-96.0,7.0,0.0,-17.0,-9.0,-21.0,-11.0,-23.0,-12.0,-25.0,-12.0,-26.0,-11.0,-25.0,-11.0,-24.0,-10.0,-22.0,-8.0,-19.0,-7.0,-15.0,-6.0,-11.0,-5.0,-7.0,-4.0,-2.0,-4.0,3.0,-4.0,7.0,-4.0,11.0,-4.0,14.0,-5.0,16.0,-5.0,18.0,-5.0,17.0,-5.0,17.0,-5.0,16.0,-5.0,15.0,-4.0,12.0,-4.0,10.0,-3.0,0.0,0.0,0.0,0.0,0.0,0.0,0.0,0.0,0.0,0.0
3.0763,122.0,-96.0,7.0,0.0,4.0,1.0,-1.0,4.0,-6.0,7.0,-10.0,10.0,-13.0,13.0,-15.0,15.0,-16.0,17.0,-17.0,19.0,-16.0,20.0,-15.0,19.0,-14.0,18.0,-12.0,16.0,-10.0,14.0,-8.0,10.0,-7.0,6.0,-5.0,2.0,-3.0,-3.0,-2.0,-7.0,0.0,-10.0,0.0,-13.0,0.0,-15.0,1.0,-16.0,0.0,-17.0,1.0,-17.0,1.0,-16.0,0.0,0.0,0.0,0.0,0.0,0.0,0.0,0.0,0.0,0.0
3.0908,122.0,-96.0,7.0,0.0,-2.0,31.0,-2.0,25.0,-2.0,19.0,-3.0,11.0,-5.0,3.0,-7.0,-4.0,-10.0,-10.0,-13.0,-16.0,-16.0,-20.0,-20.0,-23.0,-22.0,-24.0,-23.0,-25.0,-24.0,-25.0,-24.0,-24.0,-22.0,-22.0,-19.0,-19.0,-16.0,-15.0,-11.0,-12.0,-7.0,-8.0,-2.0,-5.0,3.0,-2.0,7.0,0.0,11.0,2.0,14.0,2.0,16.0,4.0,0.0,0.0,0.0,0.0,0.0,0.0,0.0,0.0,0.0,0.0
3.1034,122.0,-96.0,7.0,0.0,8.0,-19.0,10.0,-23.0,12.0,-26.0,12.0,-27.0,12.0,-28.0,10.0,-28.0,10.0,-26.0,9.0,-24.0,7.0,-21.0,6.0,-17.0,4.0,-11.0,3.0,-6.0,3.0,-1.0,3.0,4.0,3.0,9.0,4.0,13.0,4.0,16.0,4.0,19.0,4.0,20.0,4.0,20.0,5.0,19.0,4.0,17.0,4.0,16.0,3.0,13.0,1.0,11.0,0.0,0.0,0.0,0.0,0.0,0.0,0.0,0.0,0.0,0.0
3.1171,122.0,-96.0,7.0,0.0,5.0,20.0,6.0,23.0,7.0,27.0,9.0,28.0,10.0,28.0,10.0,27.0,10.0,25.0,9.0,23.0,8.0,19.0,5.0,15.0,4.0,11.0,1.0,7.0,-3.0,2.0,-6.0,-1.0,-9.0,-5.0,-13.0,-8.0,-15.0,-10.0,-17.0,-12.0,-18.0,-12.0,-18.0,-12.0,-18.0,-12.0,-16.0,-11.0,-14.0,-10.0,-12.0,-8.0,-9.0,-7.0,0.0,0.0,0.0,0.0,0.0,0.0,0.0,0.0,0.0,0.0
3.1325,122.0,-96.0,7.0,0.0,-29.0,-6.0,-24.0,-5.0,-17.0,-5.0,-11.0,-4.0,-4.0,-4.0,2.0,-5.0,8.0,-7.0,13.0,-9.0,18.0,-11.0,21.0,-13.0,23.0,-16.0,24.0,-18.0,24.0,-18.0,23.0,-17.0,22.0,-16.0,19.0,-16.0,15.0,-12.0,12.0,-9.0,8.0,-6.0,5.0,-2.0,2.0,1.0,-1.0,4.0,-3.0,7.0,-4.0,10.0,-6.0,13.0,0.0,0.0,0.0,0.0,0.0,0.0,0.0,0.0,0.0,0.0
3.1463,122.0,-96.0,7.0,0.0,7.0,0.0,1.0,7.0,-4.0,14.0,-8.0,20.0,-11.0,27.0,-13.0,32.0,-13.0,36.0,-14.0,39.0,-14.0,40.0,-12.0,39.0,-10.0,37.0,-8.0,33.0,-7.0,28.0,-7.0,23.0,-6.0,15.0,-6.0,9.0,-5.0,0.0,-5.0,-7.0,-5.0,-13.0,-5.0,-18.0,-7.0,-22.0,-7.0,-24.0,-8.0,-25.0,-7.0,-26.0,-7.0,-25.0,0.0,0.0,0.0,0.0,0.0,0.0,0.0,0.0,0.0,0.0
3.1548,122.0,-96.0,7.0,0.0,22.0,6.0,21.0,5.0,21.0,5.0,20.0,5.0,20.0,4.0,20.0,4.0,20.0,3.0,20.0,2.0,20.0,2.0,20.0,1.0,20.0,1.0,20.0,1.0,19.0,1.0,19.0,1.0,19.0,1.0,19.0,1.0,18.0,1.0,18.0,1.0,18.0,1.0,17.0,2.0,16.0,2.0,16.0,2.0,15.0,2.0,15.0,2.0,15.0,2.0,0.0,0.0,0.0,0.0,0.0,0.0,0.0,0.0,0.0,0.0
3.1687,122.0,-96.0,7.0,0.0,-4.0,-29.0,-3.0,-23.0,-2.0,-18.0,0.0,-11.0,3.0,-4.0,6.0,1.0,9.0,6.0,12.0,11.0,15.0,14.0,18.0,16.0,20.0,18.0,22.0,18.0,23.0,18.0,23.0,17.0,22.0,15.0,18.0,14.0,16.0,11.0,11.0,9.0,7.0,6.0,2.0,4.0,-3.0,2.0,-7.0,0.0,-10.0,-1.0,-13.0,-2.0,-15.0,-2.0,0.0,0.0,0.0,0.0,0.0,0.0,0.0,0.0,0.0,0.0
3.1815,122.0,-96.0,7.0,0.0,26.0,18.0,26.0,17.0,25.0,16.0,23.0,13.0,20.0,11.0,16.0,9.0,11.0,7.0,6.0,4.0,0.0,3.0,-5.0,3.0,-11.0,3.0,-15.0,4.0,-19.0,4.0,-22.0,4.0,-23.0,4.0,-25.0,6.0,-24.0,5.0,-22.0,5.0,-20.0,4.0,-16.0,4.0,-14.0,3.0,-10.0,1.0,-6.0,0.0,-4.0,-1.0,0.0,-3.0,0.0,0.0,0.0,0.0,0.0,0.0,0.0,0.0,0.0,0.0
3.1912,122.0,-96.0,7.0,0.0,14.0,-18.0,14.0,-19.0,13.0,-18.0,13.0,-18.0,12.0,-18.0,12.0,-18.0,11.0,-18.0,10.0,-18.0,10.0,-18.0,9.0,-19.0,9.0,-19.0,8.0,-19.0,9.0,-19.0,8.0,-18.0,9.0,-19.0,8.0,-18.0,9.0,-17.0,9.0,-17.0,8.0,-16.0,8.0,-16.0,8.0,-15.0,8.0,-15.0,8.0,-14.0,8.0,-14.0,8.0,-13.0,0.0,0.0,0.0,0.0,0.0,0.0,0.0,0.0,0.0,0.0
3.2038,122.0,-96.0,7.0,0.0,18.0,16.0,14.0,13.0,11.0,11.0,5.0,7.0,0.0,4.0,-5.0,2.0,-11.0,0.0,-15.0,0.0,-19.0,-1.0,-23.0,-1.0,-26.0,0.0,-27.0,1.0,-27.0,2.0,-27.0,1.0,-24.0,2.0,-21.0,2.0,-18.0,1.0,-14.0,0.0,-9.0,-1.0,-5.0,-2.0,0.0,-3.0,3.0,-5.0,6.0,-6.0,8.0,-7.0,10.0,-8.0,0.0,0.0,0.0,0.0,0.0,0.0,0.0,0.0,0.0,0.0
3.2126,122.0,-96.0,7.0,0.0,2.0,-18.0,2.0,-19.0,2.0,-18.0,2.0,-18.0,1.0,-17.0,1.0,-18.0,1.0,-17.0,0.0,-17.0,0.0,-17.0,-1.0,-17.0,-1.0,-17.0,-1.0,-17.0,-1.0,-17.0,-1.0,-16.0,-1.0,-16.0,-1.0,-16.0,-1.0,-16.0,0.0,-15.0,0.0,-15.0,0.0,-14.0,0.0,-14.0,0.0,-14.0,0.0,-13.0,0.0,-13.0,1.0,-13.0,0.0,0.0,0.0,0.0,0.0,0.0,0.0,0.0,0.0,0.0
3.2261,122.0,-96.0,7.0,0.0,-1.0,-5.0,4.0,-2.0,8.0,1.0,13.0,3.0,17.0,5.0,20.0,6.0,23.0,5.0,24.0,5.0,24.0,5.0,24.0,4.0,22.0,3.0,20.0,2.0,17.0,2.0,13.0,2.0,9.0,2.0,4.0,2.0,0.0,3.0,-4.0,3.0,-8.0,4.0,-11.0,5.0,-14.0,5.0,-15.0,5.0,-15.0,5.0,-15.0,6.0,-15.0,6.0,0.0,0.0,0.0,0.0,0.0,0.0,0.0,0.0,0.0,0.0
3.2377,122.0,-96.0,7.0,0.0,-16.0,-20.0,-16.0,-19.0,-16.0,-19.0,-15.0,-18.0,-16.0,-17.0,-16.0,-17.0,-16.0,-16.0,-17.0,-16.0,-17.0,-16.0,-17.0,-16.0,-17.0,-15.0,-17.0,-15.0,-17.0,-14.0,-17.0,-15.0,-16.0,-14.0,-17.0,-14.0,-15.0,-14.0,-15.0,-15.0,-13.0,-14.0,-15.0,-13.0,-14.0,-15.0,-13.0,-10.0,-5.0,-13.0,-16.0,-11.0,-20.0,-14.0,0.0,0.0,0.0,0.0,0.0,0.0,0.0,0.0,0.0,0.0
3.246,122.0,-96.0,7.0,0.0,18.0,-4.0,18.0,-4.0,18.0,-4.0,18.0,-4.0,17.0,-5.0,17.0,-6.0,16.0,-5.0,16.0,-6.0,16.0,-6.0,16.0,-6.0,16.0,-7.0,15.0,-6.0,15.0,-7.0,16.0,-6.0,16.0,-7.0,15.0,-6.0,15.0,-6.0,14.0,-6.0,14.0,-5.0,14.0,-5.0,13.0,-5.0,13.0,-4.0,13.0,-4.0,12.0,-3.0,12.0,-3.0,0.0,0.0,0.0,0.0,0.0,0.0,0.0,0.0,0.0,0.0
3.2565,122.0,-96.0,7.0,0.0,22.0,-8.0,21.0,-9.0,20.0,-9.0,20.0,-9.0,19.0,-10.0,19.0,-10.0,18.0,-10.0,18.0,-11.0,18.0,-11.0,17.0,-11.0,17.0,-11.0,17.0,-12.0,17.0,-11.0,17.0,-11.0,17.0,-11.0,17.0,-11.0,16.0,-11.0,16.0,-10.0,15.0,-9.0,15.0,-9.0,15.0,-9.0,14.0,-9.0,14.0,-8.0,14.0,-8.0,14.0,-7.0,0.0,0.0,0.0,0.0,0.0,0.0,0.0,0.0,0.0,0.0
3.2692,122.0,-96.0,7.0,0.0,-6.0,1.0,-4.0,-5.0,-2.0,-12.0,-1.0,-19.0,-1.0,-23.0,-1.0,-27.0,-2.0,-31.0,-2.0,-32.0,-3.0,-32.0,-4.0,-32.0,-5.0,-29.0,-4.0,-26.0,-4.0,-21.0,-3.0,-17.0,-1.0,-11.0,2.0,-6.0,3.0,-1.0,5.0,4.0,7.0,8.0,8.0,11.0,11.0,13.0,12.0,15.0,12.0,15.0,11.0,15.0,11.0,15.0,0.0,0.0,0.0,0.0,0.0,0.0,0.0,0.0,0.0,0.0
3.2832,122.0,-96.0,7.0,0.0,3.0,-5.0,5.0,2.0,6.0,8.0,9.0,14.0,11.0,19.0,13.0,23.0,15.0,25.0,16.0,25.0,18.0,26.0,17.0,25.0,17.0,22.0,15.0,20.0,13.0,16.0,10.0,13.0,6.0,9.0,1.0,6.0,-2.0,2.0,-7.0,0.0,-11.0,-3.0,-13.0,-5.0,-17.0,-7.0,-18.0,-8.0,-19.0,-8.0,-19.0,-8.0,-18.0,-8.0,0.0,0.0,0.0,0.0,0.0,0.0,0.0,0.0,0.0,0.0
3.2964,122.0,-96.0,7.0,0.0,22.0,-25.0,22.0,-25.0,21.0,-25.0,22.0,-24.0,21.0,-24.0,20.0,-24.0,20.0,-24.0,18.0,-24.0,18.0,-23.0,17.0,-23.0,18.0,-22.0,17.0,-22.0,17.0,-22.0,16.0,-22.0,16.0,-21.0,16.0,-20.0,15.0,-19.0,15.0,-19.0,15.0,-17.0,14.0,-17.0,14.0,-15.0,14.0,-14.0,14.0,-13.0,13.0,-13.0,14.0,-12.0,0.0,0.0,0.0,0.0,0.0,0.0,0.0,0.0,0.0,0.0
3.3107,122.0,-96.0,7.0,0.0,13.0,15.0,16.0,18.0,18.0,20.0,20.0,21.0,21.0,21.0,21.0,20.0,20.0,18.0,18.0,16.0,16.0,13.0,12.0,10.0,8.0,8.0,3.0,5.0,-1.0,3.0,-6.0,1.0,-10.0,-1.0,-15.0,-2.0,-17.0,-3.0,-20.0,-4.0,-21.0,-4.0,-21.0,-4.0,-20.0,-4.0,-19.0,-4.0,-17.0,-3.0,-14.0,-2.0,-11.0,-2.0,0.0,0.0,0.0,0.0,0.0,0.0,0.0,0.0,0.0,0.0
3.3182,122.0,-96.0,7.0,0.0,21.0,8.0,21.0,7.0,20.0,7.0,20.0,6.0,20.0,6.0,20.0,5.0,20.0,5.0,20.0,4.0,20.0,4.0,20.0,3.0,19.0,3.0,19.0,2.0,19.0,2.0,19.0,2.0,19.0,3.0,20.0,3.0,18.0,3.0,18.0,3.0,18.0,3.0,17.0,3.0,16.0,3.0,16.0,3.0,15.0,3.0,15.0,3.0,15.0,4.0,0.0,0.0,0.0,0.0,0.0,0.0,0.0,0.0,0.0,0.0
3.3284,122.0,-96.0,7.0,0.0,21.0,-13.0,20.0,-13.0,20.0,-13.0,19.0,-13.0,18.0,-13.0,19.0,-14.0,18.0,-14.0,17.0,-14.0,17.0,-14.0,17.0,-15.0,16.0,-15.0,16.0,-15.0,16.0,-15.0,16.0,-15.0,16.0,-15.0,16.0,-14.0,15.0,-14.0,15.0,-13.0,15.0,-12.0,15.0,-12.0,14.0,-11.0,14.0,-11.0,14.0,-10.0,14.0,-10.0,14.0,-9.0,0.0,0.0,0.0,0.0,0.0,0.0,0.0,0.0,0.0,0.0
3.3426,122.0,-96.0,7.0,0.0,14.0,-14.0,17.0,-18.0,20.0,-20.0,20.0,-21.0,20.0,-22.0,19.0,-22.0,17.0,-22.0,16.0,-20.0,13.0,-18.0,11.0,-15.0,8.0,-10.0,5.0,-5.0,3.0,0.0,2.0,4.0,0.0,9.0,-1.0,13.0,-2.0,16.0,-3.0,18.0,-3.0,20.0,-3.0,20.0,-3.0,20.0,-3.0,18.0,-2.0,16.0,-2.0,14.0,-2.0,11.0,0.0,0.0,0.0,0.0,0.0,0.0,0.0,0.0,0.0,0.0
3.3566,122.0,-96.0,7.0,0.0,1.0,-6.0,5.0,0.0,8.0,4.0,12.0,9.0,16.0,12.0,19.0,14.0,21.0,15.0,22.0,15.0,23.0,14.0,23.0,13.0,22.0,12.0,20.0,10.0,16.0,9.0,13.0,7.0,8.0,6.0,3.0,4.0,-1.0,3.0,-6.0,2.0,-9.0,1.0,-13.0,0.0,-16.0,-1.0,-17.0,-1.0,-18.0,-1.0,-18.0,0.0,-17.0,0.0,0.0,0.0,0.0,0.0,0.0,0.0,0.0,0.0,0.0,0.0
3.3679,122.0,-96.0,7.0,0.0,-24.0,-12.0,-23.0,-11.0,-23.0,-11.0,-22.0,-10.0,-22.0,-9.0,-23.0,-9.0,-22.0,-8.0,-23.0,-8.0,-23.0,-8.0,-22.0,-7.0,-22.0,-7.0,-23.0,-6.0,-22.0,-6.0,-22.0,-6.0,-22.0,-6.0,-22.0,-6.0,-20.0,-6.0,-20.0,-6.0,-19.0,-7.0,-19.0,-6.0,-19.0,-7.0,-18.0,-6.0,-17.0,-7.0,-17.0,-7.0,-17.0,-7.0,0.0,0.0,0.0,0.0,0.0,0.0,0.0,0.0,0.0,0.0
3.3821,122.0,-96.0,7.0,0.0,-6.0,-3.0,0.0,-6.0,7.0,-9.0,12.0,-12.0,16.0,-15.0,18.0,-18.0,21.0,-20.0,22.0,-22.0,22.0,-23.0,21.0,-23.0,19.0,-22.0,17.0,-20.0,14.0,-17.0,12.0,-14.0,8.0,-9.0,6.0,-4.0,3.0,1.0,0.0,5.0,-1.0,9.0,-3.0,13.0,-4.0,15.0,-4.0,17.0,-4.0,18.0,-5.0,18.0,-5.0,18.0,0.0,0.0,0.0,0.0,0.0,0.0,0.0,0.0,0.0,0.0
3.393,122.0,-96.0,7.0,0.0,-23.0,-11.0,-23.0,-11.0,-22.0,-10.0,-22.0,-10.0,-22.0,-9.0,-22.0,-9.0,-22.0,-8.0,-22.0,-7.0,-21.0,-7.0,-22.0,-7.0,-22.0,-6.0,-22.0,-6.0,-22.0,-6.0,-21.0,-6.0,-22.0,-6.0,-21.0,-5.0,-20.0,-6.0,-20.0,-6.0,-19.0,-6.0,-19.0,-6.0,-18.0,-6.0,-17.0,-6.0,-17.0,-6.0,-17.0,-6.0,-16.0,-6.0,0.0,0.0,0.0,0.0,0.0,0.0,0.0,0.0,0.0,0.0
3.4076,122.0,-96.0,7.0,0.0,4.0,-3.0,3.0,4.0,2.0,10.0,2.0,17.0,3.0,22.0,3.0,26.0,5.0,29.0,4.0,31.0,6.0,31.0,6.0,29.0,7.0,27.0,6.0,24.0,5.0,20.0,3.0,16.0,1.0,10.0,-2.0,6.0,-4.0,0.0,-7.0,-4.0,-8.0,-8.0,-11.0,-11.0,-13.0,-13.0,-14.0,-15.0,-14.0,-15.0,-14.0,-15.0,-13.0,-14.0,0.0,0.0,0.0,0.0,0.0,0.0,0.0,0.0,0.0,0.0
3.4178,122.0,-96.0,7.0,0.0,-13.0,21.0,-13.0,21.0,-12.0,21.0,-11.0,20.0,-10.0,20.0,-10.0,21.0,-9.0,20.0,-9.0,20.0,-9.0,20.0,-8.0,20.0,-7.0,20.0,-7.0,20.0,-7.0,20.0,-7.0,20.0,-7.0,20.0,-7.0,20.0,-7.0,19.0,-7.0,18.0,-8.0,18.0,-8.0,18.0,-7.0,16.0,-7.0,16.0,-7.0,16.0,-7.0,15.0,-8.0,14.0,0.0,0.0,0.0,0.0,0.0,0.0,0.0,0.0,0.0,0.0
3.4256,122.0,-96.0,7.0,0.0,19.0,13.0,18.0,12.0,18.0,11.0,18.0,11.0,18.0,10.0,18.0,10.0,18.0,9.0,18.0,9.0,18.0,8.0,18.0,8.0,18.0,8.0,19.0,8.0,19.0,7.0,18.0,7.0,18.0,7.0,18.0,7.0,17.0,7.0,17.0,7.0,16.0,7.0,15.0,7.0,15.0,7.0,14.0,7.0,14.0,7.0,13.0,7.0,13.0,7.0,0.0,0.0,0.0,0.0,0.0,0.0,0.0,0.0,0.0,0.0
3.4398,122.0,-96.0,7.0,0.0,-4.0,-4.0,2.0,-5.0,8.0,-6.0,14.0,-6.0,18.0,-7.0,21.0,-9.0,24.0,-11.0,25.0,-12.0,25.0,-13.0,24.0,-13.0,22.0,-13.0,19.0,-12.0,16.0,-10.0,13.0,-7.0,9.0,-5.0,5.0,-2.0,2.0,2.0,-1.0,5.0,-5.0,8.0,-7.0,11.0,-8.0,12.0,-9.0,13.0,-10.0,14.0,-10.0,14.0,-10.0,14.0,0.0,0.0,0.0,0.0,0.0,0.0,0.0,0.0,0.0,0.0
3.4542,122.0,-96.0,7.0,0.0,-1.0,-49.0,-1.0,-47.0,-3.0,-46.0,-4.0,-41.0,-4.0,-35.0,-4.0,-29.0,-2.0,-22.0,0.0,-14.0,4.0,-6.0,7.0,1.0,11.0,8.0,15.0,14.0,19.0,18.0,23.0,21.0,25.0,23.0,26.0,24.0,27.0,23.0,25.0,22.0,23.0,20.0,20.0,17.0,16.0,14.0,12.0,10.0,7.0,7.0,2.0,4.0,-3.0,2.0,0.0,0.0,0.0,0.0,0.0,0.0,0.0,0.0,0.0,0.0
3.4683,122.0,-96.0,7.0,0.0,19.0,-5.0,23.0,-6.0,26.0,-7.0,28.0,-7.0,28.0,-8.0,28.0,-9.0,26.0,-9.0,23.0,-9.0,20.0,-8.0,16.0,-7.0,12.0,-4.0,7.0,-2.0,3.0,1.0,-1.0,5.0,-5.0,8.0,-8.0,11.0,-10.0,13.0,-12.0,15.0,-13.0,16.0,-13.0,16.0,-13.0,15.0,-12.0,14.0,-10.0,13.0,-9.0,12.0,-8.0,9.0,0.0,0.0,0.0,0.0,0.0,0.0,0.0,0.0,0.0,0.0
3.48,122.0,-96.0,7.0,0.0,-4.0,-24.0,-4.0,-23.0,-4.0,-22.0,-4.0,-22.0,-5.0,-21.0,-5.0,-22.0,-6.0,-21.0,-6.0,-21.0,-6.0,-21.0,-7.0,-20.0,-7.0,-20.0,-8.0,-19.0,-8.0,-19.0,-8.0,-19.0,-8.0,-19.0,-7.0,-19.0,-7.0,-19.0,-7.0,-18.0,-6.0,-18.0,-6.0,-17.0,-6.0,-17.0,-5.0,-17.0,-5.0,-16.0,-4.0,-16.0,-4.0,-15.0,0.0,0.0,0.0,0.0,0.0,0.0,0.0,0.0,0.0,0.0
3.4942,122.0,-96.0,7.0,0.0,35.0,-7.0,34.0,-8.0,33.0,-9.0,29.0,-8.0,24.0,-7.0,19.0,-6.0,13.0,-4.0,8.0,-1.0,3.0,2.0,-2.0,6.0,-6.0,11.0,-10.0,14.0,-12.0,17.0,-14.0,20.0,-15.0,21.0,-15.0,23.0,-14.0,22.0,-14.0,21.0,-12.0,18.0,-11.0,16.0,-8.0,12.0,-6.0,8.0,-4.0,4.0,-3.0,1.0,-2.0,-3.0,0.0,0.0,0.0,0.0,0.0,0.0,0.0,0.0,0.0,0.0
3.5075,122.0,-96.0,7.0,0.0,8.0,30.0,8.0,30.0,9.0,28.0,8.0,25.0,8.0,21.0,6.0,17.0,4.0,12.0,1.0,8.0,-2.0,3.0,-6.0,-1.0,-10.0,-4.0,-13.0,-7.0,-16.0,-9.0,-19.0,-12.0,-21.0,-12.0,-21.0,-12.0,-21.0,-12.0,-20.0,-11.0,-18.0,-11.0,-16.0,-9.0,-13.0,-7.0,-9.0,-6.0,-5.0,-4.0,-2.0,-3.0,2.0,-2.0,0.0,0.0,0.0,0.0,0.0,0.0,0.0,0.0,0.0,0.0
3.5214,122.0,-96.0,7.0,0.0,-29.0,23.0,-27.0,23.0,-26.0,23.0,-22.0,20.0,-19.0,19.0,-15.0,15.0,-12.0,10.0,-9.0,6.0,-5.0,0.0,-3.0,-6.0,-1.0,-12.0,0.0,-17.0,1.0,-20.0,1.0,-24.0,2.0,-25.0,2.0,-28.0,1.0,-27.0,1.0,-26.0,1.0,-24.0,1.0,-21.0,0.0,-17.0,0.0,-13.0,1.0,-8.0,1.0,-4.0,2.0,-1.0,0.0,0.0,0.0,0.0,0.0,0.0,0.0,0.0,0.0,0.0
3.5355,122.0,-96.0,7.0,0.0,2.0,-19.0,3.0,-23.0,4.0,-25.0,3.0,-27.0,3.0,-27.0,2.0,-27.0,1.0,-25.0,1.0,-23.0,0.0,-20.0,0.0,-16.0,0.0,-11.0,1.0,-7.0,2.0,-2.0,4.0,2.0,5.0,6.0,6.0,10.0,8.0,13.0,8.0,15.0,8.0,16.0,8.0,16.0,9.0,15.0,8.0,14.0,7.0,13.0,6.0,11.0,4.0,9.0,0.0,0.0,0.0,0.0,0.0,0.0,0.0,0.0,0.0,0.0
3.5445,122.0,-96.0,7.0,0.0,17.0,17.0,18.0,17.0,17.0,16.0,17.0,16.0,17.0,15.0,18.0,15.0,18.0,14.0,18.0,13.0,18.0,13.0,18.0,13.0,18.0,12.0,18.0,12.0,18.0,12.0,18.0,12.0,18.0,12.0,17.0,11.0,17.0,11.0,16.0,11.0,15.0,11.0,15.0,11.0,15.0,11.0,14.0,11.0,14.0,10.0,13.0,11.0,12.0,11.0,0.0,0.0,0.0,0.0,0.0,0.0,0.0,0.0,0.0,0.0
3.5527,122.0,-96.0,7.0,0.0,0.0,24.0,1.0,25.0,1.0,24.0,1.0,23.0,1.0,23.0,2.0,23.0,3.0,22.0,3.0,22.0,4.0,22.0,4.0,22.0,4.0,21.0,5.0,21.0,5.0,21.0,5.0,21.0,4.0,21.0,4.0,20.0,4.0,20.0,3.0,19.0,3.0,19.0,3.0,18.0,3.0,18.0,2.0,17.0,2.0,17.0,2.0,17.0,1.0,16.0,0.0,0.0,0.0,0.0,0.0,0.0,0.0,0.0,0.0,0.0
3.5687,122.0,-96.0,7.0,0.0,-22.0,-14.0,-18.0,-12.0,-13.0,-9.0,-8.0,-6.0,-2.0,-5.0,4.0,-3.0,9.0,-2.0,14.0,-3.0,18.0,-2.0,21.0,-3.0,24.0,-4.0,25.0,-5.0,26.0,-6.0,25.0,-6.0,23.0,-6.0,19.0,-5.0,17.0,-4.0,12.0,-3.0,8.0,-1.0,4.0,1.0,0.0,2.0,-4.0,3.0,-6.0,5.0,-8.0,7.0,-10.0,8.0,0.0,0.0,0.0,0.0,0.0,0.0,0.0,0.0,0.0,0.0
3.5812,122.0,-96.0,7.0,0.0,19.0,-8.0,19.0,-7.0,19.0,-7.0,18.0,-7.0,18.0,-7.0,17.0,-7.0,17.0,-7.0,16.0,-7.0,16.0,-7.0,16.0,-8.0,16.0,-7.0,15.0,-7.0,15.0,-7.0,15.0,-7.0,14.0,-7.0,15.0,-6.0,14.0,-6.0,13.0,-5.0,13.0,-5.0,12.0,-5.0,12.0,-4.0,11.0,-3.0,11.0,-3.0,10.0,-3.0,10.0,-3.0,0.0,0.0,0.0,0.0,0.0,0.0,0.0,0.0,0.0,0.0
3.5947,122.0,-96.0,7.0,0.0,-5.0,3.0,-5.0,-3.0,-5.0,-9.0,-7.0,-17.0,-8.0,-21.0,-10.0,-25.0,-11.0,-28.0,-12.0,-29.0,-13.0,-29.0,-13.0,-29.0,-13.0,-27.0,-13.0,-24.0,-11.0,-21.0,-8.0,-16.0,-6.0,-12.0,-1.0,-8.0,2.0,-4.0,4.0,0.0,8.0,4.0,10.0,7.0,13.0,9.0,14.0,10.0,15.0,11.0,15.0,11.0,15.0,11.0,0.0,0.0,0.0,0.0,0.0,0.0,0.0,0.0,0.0,0.0
3.6036,122.0,-96.0,7.0,0.0,1.0,-20.0,2.0,-20.0,1.0,-20.0,1.0,-19.0,1.0,-19.0,0.0,-19.0,0.0,-19.0,-1.0,-18.0,-1.0,-18.0,-1.0,-19.0,-1.0,-18.0,-2.0,-18.0,-2.0,-18.0,-2.0,-18.0,-1.0,-18.0,-1.0,-17.0,-1.0,-17.0,-1.0,-17.0,-1.0,-16.0,0.0,-16.0,0.0,-15.0,0.0,-15.0,0.0,-14.0,0.0,-14.0,1.0,-14.0,0.0,0.0,0.0,0.0,0.0,0.0,0.0,0.0,0.0,0.0
3.6171,122.0,-96.0,7.0,0.0,17.0,-23.0,16.0,-24.0,15.0,-23.0,13.0,-21.0,10.0,-18.0,8.0,-15.0,6.0,-11.0,5.0,-7.0,3.0,-2.0,2.0,3.0,1.0,8.0,1.0,12.0,1.0,16.0,2.0,18.0,2.0,20.0,2.0,21.0,2.0,21.0,2.0,20.0,2.0,18.0,2.0,15.0,2.0,12.0,1.0,9.0,0.0,6.0,-1.0,3.0,-2.0,0.0,0.0,0.0,0.0,0.0,0.0,0.0,0.0,0.0,0.0,0.0
3.6312,122.0,-96.0,7.0,0.0,-5.0,1.0,-3.0,-4.0,-1.0,-9.0,-1.0,-15.0,0.0,-19.0,0.0,-22.0,-1.0,-24.0,-1.0,-26.0,-2.0,-26.0,-3.0,-25.0,-3.0,-23.0,-3.0,-21.0,-3.0,-17.0,-2.0,-14.0,-1.0,-9.0,1.0,-5.0,2.0,-1.0,4.0,3.0,5.0,6.0,7.0,9.0,8.0,11.0,8.0,12.0,9.0,12.0,9.0,13.0,8.0,12.0,0.0,0.0,0.0,0.0,0.0,0.0,0.0,0.0,0.0,0.0
3.6437,122.0,-96.0,7.0,0.0,24.0,0.0,20.0,0.0,14.0,1.0,9.0,1.0,3.0,2.0,-3.0,4.0,-8.0,6.0,-12.0,9.0,-15.0,10.0,-18.0,13.0,-20.0,15.0,-20.0,17.0,-20.0,18.0,-19.0,16.0,-18.0,16.0,-16.0,14.0,-13.0,11.0,-10.0,8.0,-7.0,4.0,-5.0,0.0,-2.0,-2.0,0.0,-6.0,1.0,-8.0,3.0,-11.0,3.0,-13.0,0.0,0.0,0.0,0.0,0.0,0.0,0.0,0.0,0.0,0.0
3.6544,122.0,-96.0,7.0,0.0,-21.0,-15.0,-21.0,-15.0,-21.0,-14.0,-20.0,-14.0,-21.0,-13.0,-21.0,-12.0,-20.0,-11.0,-21.0,-11.0,-20.0,-11.0,-21.0,-11.0,-21.0,-10.0,-21.0,-10.0,-21.0,-9.0,-20.0,-9.0,-20.0,-10.0,-20.0,-9.0,-20.0,-9.0,-19.0,-10.0,-18.0,-9.0,-18.0,-9.0,-17.0,-9.0,-16.0,-9.0,-16.0,-9.0,-15.0,-9.0,-15.0,-10.0,0.0,0.0,0.0,0.0,0.0,0.0,0.0,0.0,0.0,0.0
3.6681,122.0,-96.0,7.0,0.0,14.0,-29.0,13.0,-29.0,12.0,-28.0,10.0,-25.0,8.0,-22.0,6.0,-18.0,5.0,-13.0,4.0,-8.0,3.0,-3.0,3.0,3.0,3.0,9.0,4.0,14.0,5.0,17.0,6.0,20.0,7.0,22.0,7.0,22.0,7.0,22.0,7.0,21.0,6.0,19.0,5.0,16.0,4.0,12.0,3.0,9.0,1.0,5.0,-1.0,2.0,-3.0,0.0,0.0,0.0,0.0,0.0,0.0,0.0,0.0,0.0,0.0,0.0
3.6818,122.0,-96.0,7.0,0.0,-14.0,28.0,-11.0,23.0,-9.0,17.0,-7.0,10.0,-6.0,2.0,-5.0,-5.0,-5.0,-12.0,-5.0,-18.0,-6.0,-23.0,-8.0,-27.0,-9.0,-31.0,-11.0,-32.0,-11.0,-32.0,-12.0,-32.0,-12.0,-29.0,-10.0,-26.0,-9.0,-21.0,-7.0,-17.0,-4.0,-12.0,-1.0,-7.0,2.0,-2.0,5.0,2.0,8.0,5.0,9.0,8.0,12.0,10.0,0.0,0.0,0.0,0.0,0.0,0.0,0.0,0.0,0.0,0.0
3.6948,122.0,-96.0,7.0,0.0,3.0,-19.0,4.0,-22.0,4.0,-25.0,4.0,-27.0,4.0,-27.0,3.0,-27.0,2.0,-25.0,2.0,-23.0,1.0,-20.0,0.0,-16.0,0.0,-11.0,1.0,-7.0,2.0,-2.0,4.0,3.0,5.0,6.0,6.0,10.0,7.0,13.0,7.0,15.0,8.0,16.0,8.0,17.0,8.0,16.0,8.0,15.0,7.0,13.0,5.0,11.0,4.0,9.0,0.0,0.0,0.0,0.0,0.0,0.0,0.0,0.0,0.0,0.0
3.7062,122.0,-96.0,7.0,0.0,4.0,15.0,4.0,15.0,5.0,15.0,5.0,14.0,5.0,14.0,5.0,14.0,5.0,13.0,5.0,13.0,5.0,13.0,5.0,13.0,5.0,12.0,5.0,12.0,5.0,12.0,5.0,12.0,4.0,12.0,4.0,11.0,4.0,11.0,4.0,11.0,3.0,10.0,3.0,10.0,3.0,9.0,2.0,9.0,2.0,8.0,2.0,8.0,1.0,8.0,0.0,0.0,0.0,0.0,0.0,0.0,0.0,0.0,0.0,0.0
3.7214,122.0,-96.0,7.0,0.0,-12.0,14.0,-14.0,18.0,-15.0,19.0,-16.0,21.0,-15.0,22.0,-15.0,22.0,-13.0,21.0,-12.0,19.0,-10.0,16.0,-8.0,13.0,-6.0,9.0,-5.0,4.0,-3.0,-1.0,-3.0,-5.0,-2.0,-9.0,-2.0,-13.0,-1.0,-16.0,-1.0,-18.0,-1.0,-19.0,-1.0,-19.0,-2.0,-19.0,-2.0,-17.0,-2.0,-15.0,-1.0,-13.0,-1.0,-11.0,0.0,0.0,0.0,0.0,0.0,0.0,0.0,0.0,0.0,0.0
3.7345,122.0,-96.0,7.0,0.0,23.0,-17.0,23.0,-17.0,21.0,-17.0,19.0,-16.0,15.0,-14.0,12.0,-11.0,9.0,-8.0,6.0,-4.0,3.0,0.0,0.0,4.0,-2.0,9.0,-4.0,13.0,-4.0,16.0,-5.0,19.0,-5.0,20.0,-5.0,21.0,-5.0,21.0,-4.0,19.0,-4.0,17.0,-3.0,14.0,-3.0,11.0,-2.0,7.0,-2.0,4.0,-2.0,1.0,-2.0,-2.0,0.0,0.0,0.0,0.0,0.0,0.0,0.0,0.0,0.0,0.0
3.7497,122.0,-96.0,7.0,0.0,-9.0,16.0,-11.0,19.0,-11.0,22.0,-12.0,23.0,-11.0,24.0,-10.0,24.0,-9.0,23.0,-8.0,21.0,-7.0,18.0,-6.0,14.0,-5.0,9.0,-4.0,5.0,-3.0,0.0,-3.0,-4.0,-3.0,-9.0,-4.0,-13.0,-4.0,-16.0,-4.0,-18.0,-4.0,-19.0,-4.0,-19.0,-4.0,-19.0,-4.0,-17.0,-4.0,-15.0,-3.0,-13.0,-2.0,-11.0,0.0,0.0,0.0,0.0,0.0,0.0,0.0,0.0,0.0,0.0
3.7628,122.0,-96.0,7.0,0.0,11.0,14.0,14.0,17.0,16.0,18.0,18.0,20.0,19.0,19.0,19.0,18.0,18.0,16.0,16.0,14.0,13.0,11.0,10.0,9.0,7.0,7.0,3.0,5.0,-2.0,2.0,-6.0,0.0,-10.0,-2.0,-13.0,-3.0,-16.0,-4.0,-18.0,-4.0,-19.0,-5.0,-19.0,-4.0,-18.0,-4.0,-17.0,-4.0,-15.0,-4.0,-13.0,-3.0,-10.0,-3.0,0.0,0.0,0.0,0.0,0.0,0.0,0.0,0.0,0.0,0.0
3.7759,122.0,-96.0,7.0,0.0,-4.0,3.0,-5.0,-4.0,-6.0,-9.0,-9.0,-17.0,-11.0,-21.0,-13.0,-25.0,-15.0,-27.0,-16.0,-28.0,-16.0,-28.0,-17.0,-27.0,-17.0,-24.0,-15.0,-22.0,-13.0,-18.0,-10.0,-14.0,-6.0,-11.0,-1.0,-6.0,2.0,-2.0,6.0,1.0,10.0,4.0,13.0,6.0,15.0,8.0,16.0,9.0,17.0,9.0,17.0,9.0,16.0,9.0,0.0,0.0,0.0,0.0,0.0,0.0,0.0,0.0,0.0,0.0
3.7913,122.0,-96.0,7.0,0.0,-1.0,-5.0,4.0,-1.0,9.0,1.0,14.0,5.0,18.0,7.0,22.0,8.0,25.0,8.0,26.0,8.0,27.0,7.0,26.0,6.0,24.0,5.0,22.0,4.0,18.0,3.0,15.0,3.0,10.0,3.0,5.0,2.0,0.0,3.0,-5.0,3.0,-9.0,3.0,-12.0,4.0,-15.0,3.0,-17.0,3.0,-17.0,4.0,-17.0,4.0,-17.0,4.0,0.0,0.0,0.0,0.0,0.0,0.0,0.0,0.0,0.0,0.0
3.8043,122.0,-96.0,7.0,0.0,-3.0,28.0,-3.0,28.0,-1.0,27.0,-1.0,24.0,0.0,21.0,0.0,17.0,-1.0,12.0,-2.0,7.0,-3.0,2.0,-5.0,-2.0,-6.0,-7.0,-8.0,-10.0,-10.0,-13.0,-12.0,-16.0,-13.0,-17.0,-14.0,-18.0,-14.0,-18.0,-13.0,-17.0,-12.0,-16.0,-11.0,-13.0,-9.0,-11.0,-7.0,-8.0,-4.0,-6.0,-2.0,-3.0,1.0,-2.0,0.0,0.0,0.0,0.0,0.0,0.0,0.0,0.0,0.0,0.0
3.8142,122.0,-96.0,7.0,0.0,18.0,-8.0,18.0,-8.0,18.0,-8.0,17.0,-8.0,16.0,-8.0,16.0,-9.0,16.0,-8.0,14.0,-9.0,14.0,-9.0,15.0,-10.0,17.0,-11.0,11.0,-8.0,15.0,-9.0,14.0,-11.0,13.0,-9.0,15.0,-9.0,14.0,-9.0,14.0,-8.0,13.0,-8.0,13.0,-8.0,13.0,-7.0,13.0,-7.0,12.0,-6.0,12.0,-6.0,12.0,-5.0,0.0,0.0,0.0,0.0,0.0,0.0,0.0,0.0,0.0,0.0
3.8279,122.0,-96.0,7.0,0.0,-6.0,-36.0,-7.0,-35.0,-7.0,-34.0,-8.0,-31.0,-7.0,-26.0,-6.0,-21.0,-4.0,-15.0,-1.0,-10.0,2.0,-5.0,6.0,1.0,9.0,5.0,12.0,9.0,16.0,12.0,19.0,14.0,21.0,15.0,21.0,16.0,22.0,15.0,20.0,14.0,18.0,13.0,16.0,11.0,12.0,8.0,9.0,6.0,5.0,4.0,1.0,2.0,-3.0,1.0,0.0,0.0,0.0,0.0,0.0,0.0,0.0,0.0,0.0,0.0
3.8422,122.0,-96.0,7.0,0.0,-3.0,22.0,-4.0,28.0,-4.0,31.0,-3.0,33.0,-2.0,34.0,-1.0,33.0,0.0,31.0,-1.0,28.0,0.0,23.0,0.0,18.0,-1.0,13.0,-2.0,7.0,-3.0,1.0,-6.0,-4.0,-8.0,-9.0,-9.0,-13.0,-10.0,-17.0,-11.0,-19.0,-12.0,-21.0,-12.0,-21.0,-12.0,-20.0,-12.0,-19.0,-11.0,-17.0,-8.0,-14.0,-6.0,-11.0,0.0,0.0,0.0,0.0,0.0,0.0,0.0,0.0,0.0,0.0
3.8553,122.0,-96.0,7.0,0.0,-13.0,-14.0,-16.0,-17.0,-18.0,-19.0,-19.0,-20.0,-20.0,-20.0,-20.0,-19.0,-19.0,-17.0,-17.0,-15.0,-15.0,-13.0,-12.0,-10.0,-9.0,-8.0,-5.0,-5.0,0.0,-4.0,4.0,-2.0,8.0,0.0,12.0,1.0,15.0,2.0,17.0,2.0,18.0,3.0,18.0,3.0,18.0,2.0,16.0,2.0,14.0,2.0,12.0,1.0,9.0,1.0,0.0,0.0,0.0,0.0,0.0,0.0,0.0,0.0,0.0,0.0
3.8701,122.0,-96.0,7.0,0.0,-15.0,-12.0,-18.0,-14.0,-20.0,-16.0,-22.0,-17.0,-23.0,-16.0,-23.0,-15.0,-22.0,-14.0,-20.0,-12.0,-17.0,-10.0,-14.0,-8.0,-11.0,-7.0,-6.0,-5.0,-1.0,-4.0,4.0,-2.0,8.0,-2.0,12.0,-1.0,14.0,0.0,16.0,0.0,18.0,0.0,18.0,0.0,18.0,0.0,16.0,0.0,15.0,0.0,13.0,0.0,10.0,0.0,0.0,0.0,0.0,0.0,0.0,0.0,0.0,0.0,0.0,0.0
3.8834,122.0,-96.0,7.0,0.0,-21.0,15.0,-17.0,12.0,-12.0,8.0,-9.0,4.0,-5.0,-1.0,-1.0,-5.0,1.0,-11.0,3.0,-15.0,4.0,-18.0,5.0,-22.0,5.0,-25.0,5.0,-27.0,5.0,-27.0,4.0,-26.0,3.0,-24.0,3.0,-21.0,2.0,-17.0,2.0,-13.0,2.0,-9.0,1.0,-4.0,2.0,0.0,2.0,4.0,3.0,7.0,3.0,10.0,3.0,12.0,0.0,0.0,0.0,0.0,0.0,0.0,0.0,0.0,0.0,0.0
3.8975,122.0,-96.0,7.0,0.0,19.0,3.0,24.0,4.0,27.0,4.0,29.0,4.0,30.0,4.0,29.0,3.0,27.0,2.0,24.0,1.0,21.0,0.0,16.0,-1.0,12.0,0.0,6.0,1.0,1.0,2.0,-4.0,4.0,-8.0,5.0,-12.0,7.0,-15.0,8.0,-18.0,8.0,-19.0,9.0,-19.0,9.0,-19.0,8.0,-17.0,8.0,-15.0,7.0,-13.0,7.0,-11.0,5.0,0.0,0.0,0.0,0.0,0.0,0.0,0.0,0.0,0.0,0.0
3.9075,122.0,-96.0,7.0,0.0,-18.0,-6.0,-18.0,-6.0,-17.0,-5.0,-17.0,-5.0,-16.0,-4.0,-17.0,-4.0,-16.0,-4.0,-17.0,-3.0,-16.0,-3.0,-16.0,-3.0,-16.0,-3.0,-17.0,-2.0,-16.0,-2.0,-16.0,-2.0,-16.0,-3.0,-16.0,-3.0,-15.0,-3.0,-15.0,-3.0,-14.0,-3.0,-14.0,-3.0,-14.0,-3.0,-13.0,-3.0,-13.0,-3.0,-12.0,-4.0,-12.0,-4.0,0.0,0.0,0.0,0.0,0.0,0.0,0.0,0.0,0.0,0.0
3.9222,122.0,-96.0,7.0,0.0,4.0,3.0,-4.0,4.0,-11.0,5.0,-17.0,6.0,-21.0,7.0,-26.0,9.0,-28.0,11.0,-30.0,12.0,-29.0,13.0,-28.0,14.0,-26.0,13.0,-23.0,13.0,-19.0,10.0,-15.0,7.0,-10.0,3.0,-7.0,0.0,-2.0,-4.0,2.0,-7.0,6.0,-11.0,8.0,-13.0,10.0,-15.0,10.0,-16.0,10.0,-17.0,11.0,-17.0,11.0,-16.0,0.0,0.0,0.0,0.0,0.0,0.0,0.0,0.0,0.0,0.0
3.9288,122.0,-96.0,7.0,0.0,13.0,11.0,13.0,11.0,13.0,10.0,13.0,10.0,13.0,9.0,13.0,9.0,13.0,8.0,14.0,8.0,13.0,8.0,14.0,7.0,14.0,7.0,14.0,7.0,13.0,7.0,13.0,7.0,13.0,7.0,13.0,7.0,12.0,7.0,12.0,7.0,12.0,7.0,11.0,7.0,11.0,7.0,10.0,6.0,10.0,6.0,10.0,6.0,9.0,7.0,0.0,0.0,0.0,0.0,0.0,0.0,0.0,0.0,0.0,0.0
3.9419,122.0,-96.0,7.0,0.0,-37.0,0.0,-37.0,1.0,-34.0,1.0,-31.0,1.0,-27.0,2.0,-21.0,1.0,-15.0,0.0,-10.0,-1.0,-4.0,-3.0,2.0,-5.0,7.0,-9.0,11.0,-12.0,15.0,-15.0,18.0,-16.0,19.0,-18.0,19.0,-19.0,19.0,-19.0,18.0,-18.0,16.0,-16.0,14.0,-14.0,11.0,-12.0,8.0,-8.0,5.0,-5.0,3.0,-2.0,0.0,1.0,0.0,0.0,0.0,0.0,0.0,0.0,0.0,0.0,0.0,0.0
3.955,122.0,-96.0,7.0,0.0,15.0,19.0,12.0,15.0,8.0,12.0,4.0,7.0,-1.0,3.0,-6.0,0.0,-11.0,-3.0,-15.0,-5.0,-19.0,-6.0,-22.0,-6.0,-25.0,-6.0,-27.0,-6.0,-26.0,-5.0,-26.0,-5.0,-24.0,-5.0,-21.0,-4.0,-17.0,-4.0,-13.0,-3.0,-8.0,-3.0,-3.0,-3.0,1.0,-2.0,5.0,-3.0,8.0,-3.0,11.0,-4.0,12.0,-4.0,0.0,0.0,0.0,0.0,0.0,0.0,0.0,0.0,0.0,0.0
3.9667,122.0,-96.0,7.0,0.0,24.0,2.0,20.0,2.0,15.0,2.0,8.0,1.0,3.0,2.0,-3.0,3.0,-8.0,5.0,-13.0,7.0,-17.0,9.0,-19.0,11.0,-22.0,13.0,-22.0,15.0,-23.0,15.0,-22.0,14.0,-20.0,13.0,-17.0,12.0,-14.0,9.0,-11.0,7.0,-8.0,4.0,-5.0,0.0,-2.0,-2.0,1.0,-5.0,2.0,-8.0,4.0,-10.0,6.0,-12.0,0.0,0.0,0.0,0.0,0.0,0.0,0.0,0.0,0.0,0.0
3.9821,122.0,-96.0,7.0,0.0,-22.0,-20.0,-22.0,-19.0,-21.0,-18.0,-20.0,-16.0,-17.0,-13.0,-13.0,-11.0,-9.0,-8.0,-5.0,-6.0,0.0,-4.0,5.0,-2.0,9.0,-1.0,13.0,-1.0,17.0,0.0,19.0,0.0,21.0,0.0,21.0,-1.0,22.0,0.0,20.0,0.0,18.0,0.0,15.0,-1.0,12.0,-1.0,8.0,0.0,4.0,0.0,1.0,0.0,-2.0,1.0,0.0,0.0,0.0,0.0,0.0,0.0,0.0,0.0,0.0,0.0
3.9951,122.0,-96.0,7.0,0.0,1.0,3.0,-5.0,1.0,-9.0,0.0,-14.0,-2.0,-18.0,-2.0,-22.0,-3.0,-24.0,-3.0,-26.0,-2.0,-26.0,-1.0,-26.0,0.0,-24.0,0.0,-21.0,0.0,-18.0,1.0,-14.0,0.0,-10.0,-1.0,-6.0,-2.0,-1.0,-3.0,3.0,-5.0,6.0,-5.0,9.0,-6.0,11.0,-7.0,13.0,-7.0,13.0,-8.0,14.0,-8.0,13.0,-8.0,0.0,0.0,0.0,0.0,0.0,0.0,0.0,0.0,0.0,0.0
4.0089,122.0,-96.0,7.0,0.0,-7.0,35.0,-6.0,35.0,-4.0,33.0,-3.0,30.0,-2.0,26.0,-2.0,21.0,-2.0,15.0,-3.0,9.0,-4.0,3.0,-5.0,-3.0,-7.0,-9.0,-9.0,-14.0,-11.0,-17.0,-13.0,-20.0,-15.0,-23.0,-15.0,-23.0,-16.0,-23.0,-15.0,-22.0,-14.0,-20.0,-12.0,-18.0,-10.0,-14.0,-8.0,-10.0,-5.0,-7.0,-1.0,-4.0,1.0,-2.0,0.0,0.0,0.0,0.0,0.0,0.0,0.0,0.0,0.0,0.0
4.0222,122.0,-96.0,7.0,0.0,1.0,31.0,2.0,31.0,2.0,30.0,3.0,27.0,3.0,23.0,3.0,18.0,2.0,13.0,0.0,8.0,-3.0,3.0,-5.0,-2.0,-8.0,-7.0,-10.0,-10.0,-13.0,-13.0,-15.0,-16.0,-17.0,-17.0,-17.0,-17.0,-17.0,-17.0,-17.0,-17.0,-16.0,-15.0,-14.0,-13.0,-11.0,-11.0,-9.0,-8.0,-5.0,-6.0,-2.0,-4.0,1.0,-2.0,0.0,0.0,0.0,0.0,0.0,0.0,0.0,0.0,0.0,0.0
4.031,122.0,-96.0,7.0,0.0,18.0,2.0,18.0,2.0,17.0,1.0,17.0,1.0,17.0,0.0,17.0,1.0,17.0,0.0,17.0,-1.0,16.0,-1.0,16.0,-1.0,16.0,-1.0,16.0,-2.0,17.0,-2.0,16.0,-2.0,16.0,-2.0,16.0,-1.0,15.0,-1.0,15.0,-1.0,14.0,-1.0,14.0,-1.0,14.0,0.0,13.0,-1.0,13.0,0.0,13.0,0.0,12.0,1.0,0.0,0.0,0.0,0.0,0.0,0.0,0.0,0.0,0.0,0.0
4.045,122.0,-96.0,7.0,0.0,-26.0,-27.0,-26.0,-26.0,-25.0,-24.0,-23.0,-21.0,-20.0,-17.0,-16.0,-14.0,-11.0,-10.0,-6.0,-7.0,0.0,-4.0,6.0,-2.0,11.0,-1.0,16.0,0.0,20.0,0.0,25.0,1.0,27.0,1.0,27.0,0.0,27.0,1.0,25.0,0.0,23.0,0.0,19.0,0.0,15.0,-1.0,10.0,0.0,6.0,1.0,1.0,1.0,-3.0,2.0,0.0,0.0,0.0,0.0,0.0,0.0,0.0,0.0,0.0,0.0
4.0591,122.0,-96.0,7.0,0.0,-26.0,11.0,-31.0,14.0,-34.0,15.0,-36.0,17.0,-36.0,18.0,-34.0,18.0,-31.0,18.0,-29.0,17.0,-24.0,15.0,-20.0,12.0,-14.0,7.0,-9.0,2.0,-4.0,-3.0,0.0,-7.0,4.0,-12.0,8.0,-17.0,11.0,-21.0,12.0,-23.0,14.0,-25.0,14.0,-25.0,12.0,-24.0,11.0,-21.0,10.0,-19.0,9.0,-17.0,8.0,-14.0,0.0,0.0,0.0,0.0,0.0,0.0,0.0,0.0,0.0,0.0
4.073,122.0,-96.0,7.0,0.0,-5.0,-2.0,1.0,-5.0,6.0,-7.0,10.0,-9.0,13.0,-12.0,15.0,-14.0,17.0,-16.0,18.0,-18.0,18.0,-19.0,17.0,-19.0,15.0,-18.0,13.0,-16.0,11.0,-14.0,9.0,-10.0,7.0,-7.0,4.0,-3.0,2.0,1.0,0.0,5.0,-2.0,8.0,-3.0,11.0,-4.0,13.0,-4.0,14.0,-5.0,15.0,-5.0,15.0,-5.0,14.0,0.0,0.0,0.0,0.0,0.0,0.0,0.0,0.0,0.0,0.0
4.0873,122.0,-96.0,7.0,0.0,29.0,-14.0,28.0,-14.0,27.0,-14.0,23.0,-13.0,20.0,-12.0,16.0,-10.0,11.0,-7.0,7.0,-4.0,3.0,0.0,0.0,4.0,-4.0,9.0,-6.0,13.0,-8.0,16.0,-9.0,19.0,-10.0,21.0,-10.0,22.0,-10.0,21.0,-9.0,20.0,-8.0,19.0,-7.0,16.0,-6.0,12.0,-4.0,9.0,-3.0,5.0,-2.0,2.0,-2.0,-2.0,0.0,0.0,0.0,0.0,0.0,0.0,0.0,0.0,0.0,0.0
4.0988,122.0,-96.0,7.0,0.0,-22.0,-14.0,-21.0,-14.0,-21.0,-13.0,-21.0,-13.0,-21.0,-12.0,-21.0,-12.0,-21.0,-11.0,-21.0,-10.0,-21.0,-10.0,-21.0,-10.0,-21.0,-9.0,-21.0,-9.0,-21.0,-9.0,-21.0,-10.0,-20.0,-9.0,-20.0,-9.0,-19.0,-9.0,-19.0,-9.0,-18.0,-9.0,-18.0,-9.0,-17.0,-9.0,-17.0,-9.0,-16.0,-9.0,-16.0,-9.0,-15.0,-9.0,0.0,0.0,0.0,0.0,0.0,0.0,0.0,0.0,0.0,0.0
4.1119,122.0,-96.0,7.0,0.0,4.0,-1.0,0.0,4.0,-3.0,9.0,-4.0,13.0,-6.0,17.0,-7.0,20.0,-7.0,22.0,-7.0,24.0,-6.0,25.0,-5.0,24.0,-4.0,22.0,-4.0,20.0,-3.0,16.0,-3.0,13.0,-3.0,8.0,-3.0,4.0,-3.0,-1.0,-3.0,-5.0,-3.0,-9.0,-4.0,-12.0,-4.0,-14.0,-5.0,-15.0,-5.0,-16.0,-5.0,-16.0,-4.0,-15.0,0.0,0.0,0.0,0.0,0.0,0.0,0.0,0.0,0.0,0.0
4.1204,122.0,-96.0,7.0,0.0,14.0,5.0,14.0,4.0,14.0,4.0,14.0,4.0,14.0,3.0,14.0,3.0,14.0,3.0,14.0,2.0,14.0,2.0,14.0,2.0,13.0,2.0,14.0,2.0,13.0,1.0,13.0,2.0,14.0,1.0,13.0,1.0,12.0,1.0,11.0,1.0,12.0,2.0,12.0,2.0,11.0,1.0,11.0,1.0,11.0,2.0,10.0,3.0,10.0,3.0,0.0,0.0,0.0,0.0,0.0,0.0,0.0,0.0,0.0,0.0
4.1314,122.0,-96.0,7.0,0.0,-17.0,-18.0,-18.0,-18.0,-16.0,-17.0,-17.0,-17.0,-17.0,-16.0,-17.0,-16.0,-18.0,-15.0,-18.0,-14.0,-17.0,-14.0,-18.0,-14.0,-18.0,-13.0,-18.0,-13.0,-18.0,-13.0,-18.0,-13.0,-18.0,-13.0,-17.0,-13.0,-17.0,-13.0,-16.0,-13.0,-15.0,-13.0,-15.0,-12.0,-14.0,-12.0,-14.0,-12.0,-14.0,-12.0,-13.0,-12.0,-12.0,-12.0,0.0,0.0,0.0,0.0,0.0,0.0,0.0,0.0,0.0,0.0
4.1448,122.0,-96.0,7.0,0.0,3.0,36.0,2.0,29.0,2.0,23.0,-1.0,13.0,-4.0,4.0,-8.0,-4.0,-12.0,-10.0,-16.0,-16.0,-20.0,-21.0,-24.0,-25.0,-27.0,-27.0,-29.0,-28.0,-29.0,-27.0,-30.0,-26.0,-28.0,-24.0,-24.0,-20.0,-21.0,-17.0,-16.0,-14.0,-10.0,-10.0,-4.0,-6.0,2.0,-3.0,7.0,0.0,12.0,2.0,15.0,3.0,18.0,4.0,0.0,0.0,0.0,0.0,0.0,0.0,0.0,0.0,0.0,0.0
4.1587,122.0,-96.0,7.0,0.0,12.0,-26.0,12.0,-27.0,10.0,-25.0,9.0,-24.0,7.0,-20.0,5.0,-16.0,4.0,-12.0,3.0,-7.0,3.0,-2.0,3.0,3.0,3.0,8.0,3.0,12.0,4.0,16.0,4.0,18.0,5.0,20.0,5.0,21.0,5.0,21.0,5.0,19.0,5.0,18.0,4.0,15.0,3.0,11.0,2.0,8.0,1.0,5.0,-1.0,2.0,-2.0,0.0,0.0,0.0,0.0,0.0,0.0,0.0,0.0,0.0,0.0,0.0
4.1718,122.0,-96.0,7.0,0.0,13.0,-25.0,15.0,-29.0,18.0,-33.0,18.0,-35.0,16.0,-37.0,15.0,-36.0,13.0,-34.0,12.0,-31.0,10.0,-27.0,8.0,-21.0,6.0,-15.0,4.0,-8.0,3.0,-1.0,3.0,6.0,3.0,11.0,3.0,18.0,3.0,22.0,3.0,25.0,2.0,27.0,3.0,27.0,4.0,26.0,3.0,24.0,3.0,21.0,1.0,18.0,0.0,15.0,0.0,0.0,0.0,0.0,0.0,0.0,0.0,0.0,0.0,0.0
4.1859,122.0,-96.0,7.0,0.0,-1.0,-5.0,4.0,-1.0,9.0,2.0,14.0,6.0,18.0,9.0,21.0,10.0,24.0,11.0,25.0,11.0,25.0,10.0,25.0,9.0,24.0,8.0,21.0,7.0,18.0,6.0,14.0,5.0,10.0,4.0,4.0,3.0,0.0,3.0,-5.0,2.0,-9.0,2.0,-13.0,1.0,-16.0,0.0,-17.0,0.0,-18.0,1.0,-18.0,1.0,-18.0,1.0,0.0,0.0,0.0,0.0,0.0,0.0,0.0,0.0,0.0,0.0
4.1998,122.0,-96.0,7.0,0.0,21.0,-25.0,17.0,-19.0,13.0,-15.0,9.0,-8.0,5.0,-1.0,1.0,5.0,0.0,12.0,-3.0,18.0,-4.0,23.0,-3.0,28.0,-4.0,31.0,-3.0,33.0,-2.0,33.0,-2.0,32.0,-1.0,29.0,-2.0,27.0,-1.0,21.0,-1.0,16.0,-1.0,10.0,-2.0,4.0,-4.0,-1.0,-4.0,-6.0,-5.0,-10.0,-6.0,-13.0,-7.0,-15.0,0.0,0.0,0.0,0.0,0.0,0.0,0.0,0.0,0.0,0.0
4.2139,122.0,-96.0,7.0,0.0,-2.0,-21.0,-3.0,-26.0,-3.0,-29.0,-4.0,-31.0,-4.0,-31.0,-5.0,-30.0,-5.0,-28.0,-5.0,-25.0,-5.0,-21.0,-4.0,-17.0,-3.0,-12.0,-1.0,-7.0,2.0,-2.0,5.0,3.0,7.0,7.0,10.0,10.0,11.0,13.0,12.0,15.0,12.0,16.0,13.0,16.0,13.0,15.0,12.0,14.0,11.0,12.0,8.0,10.0,6.0,7.0,0.0,0.0,0.0,0.0,0.0,0.0,0.0,0.0,0.0,0.0
4.2241,122.0,-96.0,7.0,0.0,14.0,-10.0,14.0,-10.0,13.0,-10.0,13.0,-10.0,13.0,-10.0,13.0,-10.0,12.0,-10.0,12.0,-11.0,11.0,-11.0,11.0,-11.0,11.0,-11.0,11.0,-11.0,11.0,-11.0,11.0,-11.0,11.0,-11.0,10.0,-11.0,11.0,-10.0,11.0,-10.0,10.0,-9.0,10.0,-9.0,10.0,-9.0,9.0,-8.0,9.0,-8.0,9.0,-8.0,9.0,-7.0,0.0,0.0,0.0,0.0,0.0,0.0,0.0,0.0,0.0,0.0
4.2379,122.0,-96.0,7.0,0.0,1.0,-5.0,4.0,1.0,6.0,6.0,10.0,11.0,13.0,15.0,15.0,18.0,18.0,20.0,19.0,20.0,19.0,20.0,19.0,18.0,19.0,17.0,17.0,15.0,14.0,12.0,11.0,10.0,7.0,7.0,2.0,4.0,-1.0,2.0,-5.0,0.0,-9.0,-2.0,-12.0,-3.0,-15.0,-5.0,-16.0,-6.0,-17.0,-6.0,-17.0,-6.0,-17.0,-5.0,0.0,0.0,0.0,0.0,0.0,0.0,0.0,0.0,0.0,0.0
4.251,122.0,-96.0,7.0,0.0,-6.0,2.0,-3.0,-5.0,-1.0,-12.0,0.0,-18.0,1.0,-24.0,1.0,-27.0,1.0,-31.0,1.0,-32.0,0.0,-33.0,-1.0,-32.0,-2.0,-30.0,-2.0,-26.0,-2.0,-22.0,-1.0,-17.0,0.0,-12.0,2.0,-6.0,2.0,-1.0,4.0,5.0,5.0,9.0,6.0,13.0,8.0,16.0,9.0,17.0,9.0,17.0,8.0,17.0,8.0,16.0,0.0,0.0,0.0,0.0,0.0,0.0,0.0,0.0,0.0,0.0
4.2607,122.0,-96.0,7.0,0.0,1.0,-25.0,0.0,-25.0,0.0,-24.0,0.0,-24.0,-1.0,-23.0,-2.0,-23.0,-2.0,-22.0,-3.0,-22.0,-3.0,-22.0,-3.0,-23.0,-3.0,-22.0,-4.0,-22.0,-4.0,-22.0,-4.0,-21.0,-4.0,-22.0,-4.0,-21.0,-4.0,-20.0,-4.0,-20.0,-3.0,-19.0,-3.0,-19.0,-3.0,-18.0,-3.0,-18.0,-2.0,-17.0,-2.0,-17.0,-1.0,-17.0,0.0,0.0,0.0,0.0,0.0,0.0,0.0,0.0,0.0,0.0
4.2746,122.0,-96.0,7.0,0.0,-4.0,-3.0,2.0,-4.0,8.0,-4.0,12.0,-5.0,16.0,-7.0,19.0,-8.0,22.0,-10.0,23.0,-11.0,23.0,-11.0,22.0,-11.0,20.0,-11.0,18.0,-10.0,15.0,-9.0,12.0,-6.0,8.0,-4.0,5.0,-1.0,1.0,2.0,-2.0,4.0,-5.0,7.0,-7.0,9.0,-9.0,10.0,-10.0,11.0,-10.0,11.0,-11.0,12.0,-10.0,12.0,0.0,0.0,0.0,0.0,0.0,0.0,0.0,0.0,0.0,0.0
4.2896,122.0,-96.0,7.0,0.0,-4.0,-3.0,1.0,-4.0,7.0,-5.0,12.0,-6.0,16.0,-8.0,19.0,-9.0,21.0,-11.0,22.0,-12.0,22.0,-13.0,21.0,-13.0,20.0,-13.0,17.0,-12.0,14.0,-10.0,12.0,-8.0,9.0,-5.0,5.0,-2.0,2.0,1.0,-1.0,4.0,-4.0,6.0,-6.0,9.0,-8.0,10.0,-9.0,11.0,-9.0,12.0,-9.0,13.0,-9.0,12.0,0.0,0.0,0.0,0.0,0.0,0.0,0.0,0.0,0.0,0.0
4.3039,122.0,-96.0,7.0,0.0,-5.0,-3.0,2.0,-5.0,9.0,-7.0,14.0,-8.0,19.0,-10.0,23.0,-12.0,26.0,-14.0,27.0,-16.0,27.0,-17.0,26.0,-17.0,24.0,-16.0,21.0,-15.0,17.0,-13.0,14.0,-10.0,10.0,-6.0,6.0,-2.0,2.0,2.0,-2.0,6.0,-5.0,9.0,-8.0,12.0,-9.0,14.0,-10.0,15.0,-11.0,16.0,-11.0,16.0,-11.0,16.0,0.0,0.0,0.0,0.0,0.0,0.0,0.0,0.0,0.0,0.0
4.3128,122.0,-96.0,7.0,0.0,13.0,14.0,13.0,14.0,13.0,13.0,13.0,12.0,13.0,12.0,14.0,12.0,13.0,11.0,14.0,11.0,13.0,10.0,14.0,10.0,14.0,10.0,14.0,10.0,13.0,9.0,14.0,9.0,14.0,9.0,14.0,10.0,13.0,9.0,12.0,9.0,12.0,9.0,11.0,9.0,11.0,9.0,11.0,9.0,10.0,8.0,10.0,8.0,9.0,8.0,0.0,0.0,0.0,0.0,0.0,0.0,0.0,0.0,0.0,0.0
4.3266,122.0,-96.0,7.0,0.0,-21.0,19.0,-18.0,16.0,-13.0,11.0,-9.0,6.0,-5.0,0.0,-2.0,-6.0,0.0,-12.0,2.0,-17.0,3.0,-21.0,3.0,-25.0,3.0,-29.0,3.0,-30.0,2.0,-31.0,1.0,-29.0,1.0,-28.0,1.0,-24.0,0.0,-20.0,0.0,-15.0,1.0,-10.0,1.0,-5.0,2.0,0.0,3.0,4.0,4.0,7.0,5.0,10.0,5.0,12.0,0.0,0.0,0.0,0.0,0.0,0.0,0.0,0.0,0.0,0.0
4.341,122.0,-96.0,7.0,0.0,1.0,-6.0,5.0,1.0,9.0,6.0,13.0,12.0,16.0,16.0,19.0,18.0,22.0,20.0,23.0,20.0,24.0,19.0,24.0,18.0,23.0,16.0,21.0,15.0,17.0,12.0,14.0,10.0,9.0,7.0,3.0,5.0,-1.0,2.0,-6.0,1.0,-11.0,-1.0,-14.0,-2.0,-18.0,-3.0,-19.0,-4.0,-20.0,-4.0,-20.0,-3.0,-20.0,-3.0,0.0,0.0,0.0,0.0,0.0,0.0,0.0,0.0,0.0,0.0
4.3491,122.0,-96.0,7.0,0.0,17.0,-5.0,17.0,-5.0,16.0,-5.0,16.0,-5.0,16.0,-5.0,16.0,-5.0,15.0,-5.0,15.0,-6.0,15.0,-6.0,14.0,-7.0,14.0,-7.0,14.0,-7.0,14.0,-7.0,14.0,-7.0,14.0,-6.0,14.0,-7.0,13.0,-6.0,13.0,-6.0,13.0,-5.0,12.0,-5.0,12.0,-5.0,12.0,-5.0,12.0,-4.0,11.0,-4.0,11.0,-4.0,0.0,0.0,0.0,0.0,0.0,0.0,0.0,0.0,0.0,0.0
4.3592,122.0,-96.0,7.0,0.0,0.0,-18.0,0.0,-18.0,0.0,-18.0,-1.0,-17.0,-1.0,-17.0,-2.0,-17.0,-2.0,-16.0,-2.0,-17.0,-2.0,-17.0,-2.0,-16.0,-3.0,-16.0,-3.0,-16.0,-3.0,-16.0,-3.0,-16.0,-3.0,-16.0,-3.0,-16.0,-3.0,-15.0,-2.0,-15.0,-2.0,-14.0,-2.0,-14.0,-2.0,-14.0,-2.0,-13.0,-1.0,-13.0,-1.0,-13.0,-1.0,-12.0,0.0,0.0,0.0,0.0,0.0,0.0,0.0,0.0,0.0,0.0
4.3724,122.0,-96.0,7.0,0.0,-4.0,6.0,-9.0,-4.0,-13.0,-12.0,-18.0,-21.0,-23.0,-27.0,-27.0,-31.0,-31.0,-34.0,-32.0,-35.0,-33.0,-34.0,-34.0,-32.0,-32.0,-30.0,-29.0,-25.0,-24.0,-21.0,-19.0,-18.0,-12.0,-13.0,-3.0,-8.0,2.0,-4.0,9.0,-1.0,15.0,3.0,20.0,5.0,25.0,8.0,27.0,8.0,28.0,8.0,28.0,7.0,27.0,7.0,0.0,0.0,0.0,0.0,0.0,0.0,0.0,0.0,0.0,0.0
4.387,122.0,-96.0,7.0,0.0,-5.0,2.0,-4.0,-5.0,-3.0,-12.0,-2.0,-18.0,-2.0,-23.0,-2.0,-28.0,-4.0,-31.0,-3.0,-33.0,-5.0,-33.0,-6.0,-32.0,-6.0,-29.0,-6.0,-26.0,-5.0,-21.0,-3.0,-17.0,-2.0,-12.0,1.0,-6.0,3.0,-1.0,4.0,4.0,7.0,8.0,8.0,11.0,10.0,14.0,11.0,15.0,12.0,16.0,11.0,16.0,11.0,15.0,0.0,0.0,0.0,0.0,0.0,0.0,0.0,0.0,0.0,0.0
4.399,122.0,-96.0,7.0,0.0,-25.0,5.0,-21.0,4.0,-15.0,2.0,-9.0,0.0,-4.0,-3.0,2.0,-5.0,6.0,-9.0,10.0,-12.0,12.0,-15.0,14.0,-18.0,15.0,-21.0,16.0,-22.0,16.0,-23.0,15.0,-21.0,14.0,-20.0,12.0,-17.0,9.0,-13.0,7.0,-10.0,5.0,-5.0,3.0,-2.0,1.0,2.0,-1.0,5.0,-1.0,8.0,-2.0,11.0,-3.0,13.0,0.0,0.0,0.0,0.0,0.0,0.0,0.0,0.0,0.0,0.0
4.4093,122.0,-96.0,7.0,0.0,1.0,-18.0,0.0,-18.0,0.0,-17.0,0.0,-17.0,-1.0,-17.0,-1.0,-17.0,-2.0,-17.0,-2.0,-17.0,-2.0,-17.0,-2.0,-17.0,-2.0,-16.0,-3.0,-16.0,-3.0,-16.0,-2.0,-16.0,-2.0,-16.0,-3.0,-16.0,-2.0,-15.0,-2.0,-15.0,-2.0,-15.0,-2.0,-14.0,-1.0,-14.0,-1.0,-13.0,-1.0,-13.0,-1.0,-13.0,0.0,-13.0,0.0,0.0,0.0,0.0,0.0,0.0,0.0,0.0,0.0,0.0
4.4218,122.0,-96.0,7.0,0.0,-5.0,-1.0,-1.0,-5.0,4.0,-8.0,6.0,-12.0,9.0,-15.0,11.0,-18.0,12.0,-20.0,13.0,-22.0,12.0,-23.0,11.0,-23.0,10.0,-21.0,9.0,-19.0,7.0,-16.0,6.0,-13.0,5.0,-9.0,3.0,-5.0,3.0,0.0,1.0,4.0,0.0,8.0,-1.0,11.0,-1.0,13.0,-1.0,14.0,-1.0,15.0,-1.0,16.0,-1.0,15.0,0.0,0.0,0.0,0.0,0.0,0.0,0.0,0.0,0.0,0.0
4.4357,122.0,-96.0,7.0,0.0,-23.0,19.0,-22.0,19.0,-20.0,19.0,-17.0,17.0,-14.0,15.0,-12.0,12.0,-9.0,8.0,-6.0,4.0,-4.0,0.0,-2.0,-5.0,0.0,-10.0,1.0,-14.0,2.0,-17.0,2.0,-20.0,2.0,-21.0,2.0,-23.0,2.0,-22.0,1.0,-21.0,1.0,-19.0,1.0,-16.0,0.0,-13.0,0.0,-10.0,1.0,-6.0,1.0,-3.0,1.0,0.0,0.0,0.0,0.0,0.0,0.0,0.0,0.0,0.0,0.0,0.0
4.4503,122.0,-96.0,7.0,0.0,19.0,-17.0,15.0,-13.0,11.0,-9.0,7.0,-5.0,3.0,0.0,0.0,5.0,-2.0,10.0,-4.0,14.0,-5.0,19.0,-5.0,22.0,-6.0,25.0,-5.0,26.0,-5.0,26.0,-4.0,25.0,-3.0,23.0,-3.0,20.0,-2.0,16.0,-2.0,11.0,-2.0,7.0,-2.0,2.0,-3.0,-2.0,-3.0,-6.0,-4.0,-9.0,-4.0,-11.0,-5.0,-13.0,0.0,0.0,0.0,0.0,0.0,0.0,0.0,0.0,0.0,0.0
4.4642,122.0,-96.0,7.0,0.0,3.0,-3.0,2.0,3.0,1.0,8.0,0.0,13.0,0.0,18.0,0.0,21.0,1.0,23.0,1.0,25.0,1.0,25.0,2.0,25.0,2.0,23.0,2.0,21.0,2.0,17.0,2.0,14.0,1.0,9.0,-1.0,6.0,-2.0,1.0,-4.0,-3.0,-5.0,-6.0,-7.0,-9.0,-8.0,-11.0,-9.0,-13.0,-9.0,-13.0,-9.0,-13.0,-9.0,-13.0,0.0,0.0,0.0,0.0,0.0,0.0,0.0,0.0,0.0,0.0
4.4749,122.0,-96.0,7.0,0.0,-6.0,-20.0,-6.0,-19.0,-6.0,-19.0,-6.0,-18.0,-6.0,-18.0,-7.0,-18.0,-7.0,-17.0,-7.0,-17.0,-8.0,-17.0,-9.0,-16.0,-9.0,-16.0,-9.0,-16.0,-9.0,-16.0,-8.0,-16.0,-9.0,-16.0,-8.0,-15.0,-8.0,-15.0,-8.0,-15.0,-7.0,-15.0,-7.0,-14.0,-6.0,-14.0,-6.0,-13.0,-7.0,-13.0,-6.0,-13.0,-5.0,-13.0,0.0,0.0,0.0,0.0,0.0,0.0,0.0,0.0,0.0,0.0
4.4885,122.0,-96.0,7.0,0.0,-6.0,3.0,-5.0,-6.0,-3.0,-12.0,-5.0,-20.0,-5.0,-25.0,-6.0,-31.0,-8.0,-34.0,-8.0,-35.0,-8.0,-36.0,-9.0,-35.0,-9.0,-32.0,-10.0,-28.0,-8.0,-24.0,-7.0,-19.0,-4.0,-14.0,1.0,-9.0,2.0,-2.0,5.0,3.0,8.0,7.0,10.0,11.0,13.0,14.0,14.0,15.0,15.0,16.0,14.0,16.0,13.0,16.0,0.0,0.0,0.0,0.0,0.0,0.0,0.0,0.0,0.0,0.0
4.502,122.0,-96.0,7.0,0.0,5.0,-1.0,1.0,5.0,-4.0,10.0,-6.0,16.0,-8.0,20.0,-10.0,24.0,-10.0,27.0,-11.0,30.0,-10.0,30.0,-9.0,30.0,-8.0,28.0,-7.0,26.0,-5.0,21.0,-5.0,17.0,-4.0,12.0,-4.0,6.0,-3.0,0.0,-3.0,-5.0,-3.0,-10.0,-3.0,-14.0,-4.0,-17.0,-4.0,-18.0,-5.0,-19.0,-4.0,-20.0,-4.0,-19.0,0.0,0.0,0.0,0.0,0.0,0.0,0.0,0.0,0.0,0.0
4.5151,122.0,-96.0,7.0,0.0,21.0,7.0,26.0,9.0,30.0,9.0,32.0,10.0,33.0,9.0,32.0,8.0,30.0,7.0,27.0,5.0,24.0,4.0,18.0,3.0,13.0,3.0,7.0,3.0,1.0,3.0,-4.0,3.0,-10.0,4.0,-15.0,5.0,-18.0,5.0,-21.0,6.0,-23.0,6.0,-23.0,6.0,-22.0,6.0,-21.0,5.0,-19.0,5.0,-16.0,4.0,-14.0,3.0,0.0,0.0,0.0,0.0,0.0,0.0,0.0,0.0,0.0,0.0
4.5302,122.0,-96.0,7.0,0.0,2.0,23.0,3.0,28.0,4.0,31.0,5.0,33.0,6.0,34.0,6.0,32.0,7.0,31.0,6.0,27.0,5.0,23.0,3.0,18.0,3.0,13.0,0.0,7.0,-3.0,2.0,-6.0,-3.0,-9.0,-8.0,-12.0,-12.0,-14.0,-15.0,-15.0,-17.0,-15.0,-19.0,-16.0,-19.0,-16.0,-18.0,-15.0,-17.0,-13.0,-15.0,-11.0,-13.0,-8.0,-10.0,0.0,0.0,0.0,0.0,0.0,0.0,0.0,0.0,0.0,0.0
4.5423,122.0,-96.0,7.0,0.0,-4.0,1.0,-3.0,-4.0,-1.0,-10.0,0.0,-15.0,0.0,-19.0,0.0,-22.0,0.0,-25.0,-1.0,-26.0,-1.0,-27.0,-2.0,-26.0,-2.0,-24.0,-2.0,-21.0,-2.0,-17.0,-1.0,-13.0,0.0,-9.0,1.0,-5.0,2.0,0.0,3.0,4.0,4.0,7.0,5.0,10.0,7.0,12.0,7.0,13.0,7.0,14.0,7.0,13.0,7.0,13.0,0.0,0.0,0.0,0.0,0.0,0.0,0.0,0.0,0.0,0.0
4.5527,122.0,-96.0,7.0,0.0,-6.0,-25.0,-6.0,-25.0,-6.0,-24.0,-6.0,-24.0,-8.0,-23.0,-8.0,-23.0,-8.0,-22.0,-9.0,-22.0,-9.0,-22.0,-9.0,-22.0,-9.0,-21.0,-9.0,-20.0,-10.0,-21.0,-9.0,-21.0,-9.0,-20.0,-9.0,-20.0,-9.0,-20.0,-9.0,-20.0,-7.0,-19.0,-8.0,-19.0,-7.0,-18.0,-6.0,-18.0,-6.0,-17.0,-5.0,-17.0,-5.0,-17.0,0.0,0.0,0.0,0.0,0.0,0.0,0.0,0.0,0.0,0.0
4.5677,122.0,-96.0,7.0,0.0,-33.0,-1.0,-33.0,0.0,-31.0,0.0,-28.0,1.0,-23.0,1.0,-19.0,1.0,-13.0,0.0,-8.0,-1.0,-2.0,-3.0,3.0,-5.0,7.0,-8.0,11.0,-11.0,14.0,-13.0,17.0,-14.0,18.0,-16.0,19.0,-17.0,18.0,-16.0,17.0,-15.0,15.0,-14.0,12.0,-12.0,10.0,-10.0,7.0,-6.0,4.0,-3.0,2.0,-1.0,0.0,2.0,0.0,0.0,0.0,0.0,0.0,0.0,0.0,0.0,0.0,0.0
4.5812,122.0,-96.0,7.0,0.0,13.0,-14.0,16.0,-17.0,18.0,-18.0,19.0,-20.0,18.0,-20.0,17.0,-20.0,16.0,-20.0,14.0,-18.0,12.0,-16.0,9.0,-13.0,6.0,-8.0,4.0,-4.0,2.0,0.0,1.0,5.0,-1.0,8.0,-2.0,12.0,-3.0,15.0,-4.0,17.0,-4.0,18.0,-5.0,18.0,-4.0,17.0,-3.0,16.0,-3.0,14.0,-3.0,12.0,-3.0,10.0,0.0,0.0,0.0,0.0,0.0,0.0,0.0,0.0,0.0,0.0
4.5898,122.0,-96.0,7.0,0.0,9.0,22.0,10.0,22.0,10.0,21.0,10.0,21.0,11.0,20.0,11.0,20.0,11.0,19.0,12.0,19.0,12.0,18.0,12.0,18.0,12.0,18.0,12.0,17.0,12.0,17.0,12.0,17.0,12.0,17.0,12.0,17.0,11.0,17.0,11.0,16.0,10.0,16.0,10.0,15.0,10.0,15.0,9.0,15.0,9.0,15.0,8.0,14.0,7.0,14.0,0.0,0.0,0.0,0.0,0.0,0.0,0.0,0.0,0.0,0.0
4.5993,122.0,-96.0,7.0,0.0,21.0,-13.0,21.0,-14.0,20.0,-13.0,19.0,-13.0,19.0,-14.0,18.0,-14.0,17.0,-14.0,17.0,-15.0,17.0,-15.0,16.0,-15.0,16.0,-15.0,16.0,-15.0,16.0,-16.0,15.0,-16.0,15.0,-15.0,15.0,-15.0,15.0,-15.0,14.0,-14.0,14.0,-14.0,14.0,-13.0,13.0,-13.0,13.0,-12.0,13.0,-12.0,13.0,-11.0,13.0,-11.0,0.0,0.0,0.0,0.0,0.0,0.0,0.0,0.0,0.0,0.0
4.6125,122.0,-96.0,7.0,0.0,2.0,4.0,-5.0,3.0,-12.0,2.0,-18.0,1.0,-23.0,0.0,-27.0,1.0,-30.0,2.0,-32.0,3.0,-32.0,4.0,-32.0,4.0,-29.0,5.0,-26.0,5.0,-22.0,4.0,-17.0,2.0,-12.0,1.0,-7.0,-1.0,-2.0,-4.0,4.0,-6.0,8.0,-8.0,11.0,-9.0,14.0,-10.0,15.0,-11.0,15.0,-12.0,16.0,-12.0,16.0,-11.0,0.0,0.0,0.0,0.0,0.0,0.0,0.0,0.0,0.0,0.0
4.6231,122.0,-96.0,7.0,0.0,-11.0,14.0,-10.0,14.0,-10.0,14.0,-9.0,14.0,-10.0,14.0,-9.0,13.0,-8.0,13.0,-8.0,14.0,-8.0,14.0,-7.0,14.0,-7.0,14.0,-7.0,14.0,-7.0,13.0,-7.0,14.0,-7.0,13.0,-7.0,13.0,-7.0,13.0,-7.0,12.0,-7.0,12.0,-7.0,11.0,-7.0,11.0,-7.0,10.0,-7.0,10.0,-7.0,10.0,-7.0,9.0,0.0,0.0,0.0,0.0,0.0,0.0,0.0,0.0,0.0,0.0
4.6366,122.0,-96.0,7.0,0.0,-18.0,-8.0,-22.0,-9.0,-24.0,-10.0,-26.0,-10.0,-27.0,-10.0,-26.0,-9.0,-25.0,-8.0,-22.0,-6.0,-19.0,-5.0,-16.0,-5.0,-11.0,-4.0,-7.0,-3.0,-2.0,-3.0,3.0,-3.0,7.0,-3.0,11.0,-4.0,14.0,-4.0,17.0,-4.0,18.0,-4.0,18.0,-5.0,18.0,-4.0,16.0,-4.0,15.0,-4.0,12.0,-4.0,10.0,-3.0,0.0,0.0,0.0,0.0,0.0,0.0,0.0,0.0,0.0,0.0
4.6507,122.0,-96.0,7.0,0.0,-2.0,-5.0,4.0,-3.0,10.0,-1.0,15.0,1.0,20.0,2.0,23.0,2.0,27.0,1.0,28.0,0.0,28.0,-1.0,27.0,-1.0,25.0,-2.0,23.0,-2.0,19.0,-2.0,15.0,-1.0,10.0,0.0,5.0,1.0,0.0,2.0,-4.0,4.0,-8.0,5.0,-12.0,6.0,-14.0,7.0,-15.0,7.0,-16.0,8.0,-16.0,8.0,-15.0,8.0,0.0,0.0,0.0,0.0,0.0,0.0,0.0,0.0,0.0,0.0
4.6646,122.0,-96.0,7.0,0.0,-16.0,-12.0,-19.0,-14.0,-21.0,-15.0,-23.0,-16.0,-24.0,-16.0,-23.0,-15.0,-22.0,-14.0,-20.0,-12.0,-17.0,-10.0,-14.0,-8.0,-10.0,-6.0,-5.0,-5.0,-1.0,-3.0,4.0,-2.0,8.0,-1.0,12.0,-1.0,15.0,0.0,17.0,1.0,19.0,1.0,18.0,1.0,18.0,1.0,16.0,1.0,15.0,1.0,12.0,0.0,10.0,0.0,0.0,0.0,0.0,0.0,0.0,0.0,0.0,0.0,0.0,0.0
4.6769,122.0,-96.0,7.0,0.0,10.0,26.0,7.0,21.0,5.0,15.0,2.0,9.0,-3.0,3.0,-6.0,-2.0,-11.0,-7.0,-15.0,-10.0,-19.0,-12.0,-23.0,-14.0,-26.0,-15.0,-27.0,-15.0,-27.0,-14.0,-27.0,-14.0,-25.0,-12.0,-21.0,-10.0,-18.0,-9.0,-13.0,-7.0,-7.0,-5.0,-3.0,-4.0,2.0,-2.0,6.0,-1.0,10.0,-1.0,13.0,0.0,15.0,0.0,0.0,0.0,0.0,0.0,0.0,0.0,0.0,0.0,0.0,0.0
4.692,122.0,-96.0,7.0,0.0,-30.0,-15.0,-30.0,-14.0,-28.0,-13.0,-26.0,-11.0,-22.0,-9.0,-17.0,-7.0,-12.0,-6.0,-7.0,-4.0,-1.0,-4.0,4.0,-4.0,10.0,-4.0,14.0,-5.0,18.0,-6.0,21.0,-6.0,23.0,-6.0,23.0,-7.0,23.0,-7.0,21.0,-7.0,19.0,-6.0,16.0,-5.0,12.0,-5.0,9.0,-3.0,5.0,-1.0,1.0,0.0,-2.0,2.0,0.0,0.0,0.0,0.0,0.0,0.0,0.0,0.0,0.0,0.0
4.707,122.0,-96.0,7.0,0.0,4.0,-22.0,3.0,-18.0,2.0,-13.0,2.0,-8.0,3.0,-2.0,3.0,3.0,5.0,8.0,5.0,12.0,7.0,15.0,9.0,18.0,10.0,20.0,11.0,21.0,11.0,21.0,12.0,20.0,11.0,18.0,9.0,15.0,8.0,12.0,5.0,9.0,3.0,6.0,0.0,2.0,-3.0,0.0,-6.0,-3.0,-8.0,-4.0,-9.0,-6.0,-11.0,-7.0,0.0,0.0,0.0,0.0,0.0,0.0,0.0,0.0,0.0,0.0
4.7206,122.0,-96.0,7.0,0.0,-24.0,4.0,-29.0,5.0,-32.0,6.0,-34.0,7.0,-34.0,8.0,-33.0,8.0,-30.0,9.0,-28.0,9.0,-23.0,8.0,-18.0,6.0,-13.0,3.0,-8.0,0.0,-3.0,-3.0,2.0,-6.0,6.0,-10.0,9.0,-13.0,13.0,-15.0,15.0,-17.0,16.0,-18.0,16.0,-18.0,15.0,-17.0,13.0,-16.0,12.0,-14.0,10.0,-13.0,8.0,-10.0,0.0,0.0,0.0,0.0,0.0,0.0,0.0,0.0,0.0,0.0
4.7336,122.0,-96.0,7.0,0.0,10.0,15.0,13.0,18.0,14.0,20.0,16.0,21.0,16.0,21.0,16.0,21.0,16.0,19.0,14.0,16.0,12.0,13.0,9.0,11.0,6.0,8.0,2.0,5.0,-1.0,2.0,-6.0,-1.0,-9.0,-3.0,-12.0,-4.0,-15.0,-6.0,-17.0,-7.0,-18.0,-8.0,-18.0,-8.0,-18.0,-8.0,-16.0,-7.0,-14.0,-7.0,-12.0,-5.0,-10.0,-4.0,0.0,0.0,0.0,0.0,0.0,0.0,0.0,0.0,0.0,0.0
4.7443,122.0,-96.0,7.0,0.0,12.0,-19.0,11.0,-19.0,11.0,-19.0,11.0,-19.0,10.0,-19.0,9.0,-19.0,9.0,-19.0,8.0,-19.0,8.0,-19.0,7.0,-19.0,7.0,-19.0,7.0,-19.0,7.0,-19.0,7.0,-18.0,7.0,-19.0,7.0,-18.0,7.0,-18.0,7.0,-17.0,7.0,-17.0,7.0,-16.0,7.0,-16.0,6.0,-15.0,6.0,-15.0,7.0,-14.0,7.0,-14.0,0.0,0.0,0.0,0.0,0.0,0.0,0.0,0.0,0.0,0.0
4.7574,122.0,-96.0,7.0,0.0,18.0,-1.0,22.0,-2.0,24.0,-2.0,26.0,-2.0,27.0,-3.0,26.0,-4.0,24.0,-4.0,22.0,-4.0,19.0,-4.0,15.0,-4.0,10.0,-2.0,6.0,-1.0,1.0,1.0,-2.0,3.0,-6.0,5.0,-10.0,7.0,-12.0,9.0,-14.0,10.0,-15.0,11.0,-16.0,11.0,-15.0,10.0,-14.0,10.0,-12.0,9.0,-11.0,8.0,-9.0,6.0,0.0,0.0,0.0,0.0,0.0,0.0,0.0,0.0,0.0,0.0
4.771,122.0,-96.0,7.0,0.0,-18.0,23.0,-18.0,23.0,-16.0,22.0,-14.0,20.0,-11.0,17.0,-9.0,14.0,-7.0,9.0,-5.0,5.0,-4.0,0.0,-3.0,-5.0,-1.0,-10.0,-1.0,-14.0,-1.0,-17.0,-2.0,-20.0,-2.0,-22.0,-2.0,-23.0,-2.0,-22.0,-2.0,-21.0,-2.0,-19.0,-2.0,-16.0,-2.0,-13.0,-1.0,-9.0,-1.0,-6.0,0.0,-3.0,1.0,0.0,0.0,0.0,0.0,0.0,0.0,0.0,0.0,0.0,0.0,0.0
4.7846,122.0,-96.0,7.0,0.0,-20.0,-9.0,-24.0,-10.0,-27.0,-11.0,-29.0,-12.0,-29.0,-11.0,-29.0,-11.0,-27.0,-9.0,-24.0,-8.0,-20.0,-6.0,-16.0,-5.0,-11.0,-5.0,-6.0,-4.0,0.0,-3.0,5.0,-3.0,10.0,-4.0,14.0,-4.0,17.0,-4.0,19.0,-5.0,20.0,-5.0,20.0,-5.0,19.0,-5.0,18.0,-4.0,15.0,-4.0,13.0,-4.0,10.0,-3.0,0.0,0.0,0.0,0.0,0.0,0.0,0.0,0.0,0.0,0.0
4.7984,122.0,-96.0,7.0,0.0,29.0,-30.0,28.0,-30.0,25.0,-29.0,23.0,-27.0,18.0,-23.0,14.0,-18.0,10.0,-13.0,7.0,-7.0,4.0,-1.0,2.0,6.0,-1.0,13.0,-2.0,19.0,-2.0,24.0,-2.0,27.0,-2.0,30.0,-2.0,31.0,-2.0,31.0,-2.0,29.0,-1.0,26.0,-1.0,22.0,-1.0,17.0,0.0,12.0,-1.0,7.0,-2.0,3.0,-3.0,-1.0,0.0,0.0,0.0,0.0,0.0,0.0,0.0,0.0,0.0,0.0
4.806,122.0,-96.0,7.0,0.0,16.0,5.0,17.0,4.0,16.0,4.0,16.0,4.0,16.0,3.0,15.0,3.0,15.0,3.0,15.0,2.0,15.0,2.0,15.0,1.0,15.0,1.0,15.0,1.0,15.0,1.0,15.0,1.0,15.0,1.0,15.0,1.0,15.0,1.0,14.0,1.0,14.0,1.0,13.0,1.0,13.0,1.0,12.0,1.0,12.0,1.0,12.0,2.0,11.0,2.0,0.0,0.0,0.0,0.0,0.0,0.0,0.0,0.0,0.0,0.0
4.8206,122.0,-96.0,7.0,0.0,-3.0,-17.0,-4.0,-21.0,-4.0,-23.0,-5.0,-25.0,-5.0,-25.0,-6.0,-24.0,-6.0,-23.0,-6.0,-20.0,-5.0,-18.0,-4.0,-14.0,-3.0,-10.0,-1.0,-6.0,1.0,-2.0,3.0,1.0,6.0,4.0,8.0,7.0,9.0,9.0,10.0,11.0,11.0,12.0,12.0,12.0,11.0,11.0,11.0,11.0,10.0,10.0,8.0,8.0,6.0,6.0,0.0,0.0,0.0,0.0,0.0,0.0,0.0,0.0,0.0,0.0
4.8315,122.0,-96.0,7.0,0.0,-23.0,-12.0,-22.0,-12.0,-22.0,-11.0,-22.0,-11.0,-22.0,-10.0,-22.0,-10.0,-21.0,-9.0,-22.0,-9.0,-22.0,-8.0,-22.0,-8.0,-22.0,-8.0,-22.0,-7.0,-22.0,-7.0,-22.0,-6.0,-21.0,-7.0,-21.0,-7.0,-20.0,-7.0,-20.0,-7.0,-19.0,-7.0,-19.0,-7.0,-18.0,-7.0,-17.0,-7.0,-17.0,-7.0,-16.0,-7.0,-16.0,-7.0,0.0,0.0,0.0,0.0,0.0,0.0,0.0,0.0,0.0,0.0
4.8443,122.0,-96.0,7.0,0.0,-7.0,28.0,-6.0,28.0,-4.0,27.0,-4.0,24.0,-3.0,21.0,-2.0,16.0,-2.0,11.0,-3.0,6.0,-3.0,1.0,-4.0,-3.0,-6.0,-8.0,-7.0,-12.0,-9.0,-15.0,-11.0,-18.0,-12.0,-19.0,-12.0,-19.0,-12.0,-19.0,-12.0,-18.0,-11.0,-16.0,-9.0,-14.0,-8.0,-11.0,-6.0,-8.0,-3.0,-5.0,-1.0,-3.0,2.0,-1.0,0.0,0.0,0.0,0.0,0.0,0.0,0.0,0.0,0.0,0.0
4.8586,122.0,-96.0,7.0,0.0,21.0,-8.0,17.0,-6.0,12.0,-4.0,8.0,-2.0,3.0,1.0,-1.0,4.0,-5.0,8.0,-9.0,11.0,-11.0,13.0,-12.0,16.0,-13.0,19.0,-13.0,20.0,-13.0,21.0,-12.0,20.0,-11.0,18.0,-10.0,17.0,-8.0,13.0,-6.0,9.0,-4.0,5.0,-3.0,2.0,-2.0,-2.0,-1.0,-5.0,-1.0,-8.0,0.0,-10.0,0.0,-12.0,0.0,0.0,0.0,0.0,0.0,0.0,0.0,0.0,0.0,0.0
4.8724,122.0,-96.0,7.0,0.0,-16.0,-24.0,-20.0,-28.0,-21.0,-32.0,-23.0,-33.0,-25.0,-33.0,-25.0,-32.0,-25.0,-30.0,-22.0,-25.0,-19.0,-22.0,-15.0,-18.0,-11.0,-14.0,-5.0,-9.0,0.0,-4.0,6.0,-1.0,12.0,3.0,17.0,5.0,20.0,7.0,23.0,8.0,25.0,9.0,26.0,9.0,25.0,9.0,24.0,9.0,21.0,8.0,17.0,6.0,14.0,5.0,0.0,0.0,0.0,0.0,0.0,0.0,0.0,0.0,0.0,0.0
4.8812,122.0,-96.0,7.0,0.0,-4.0,16.0,-3.0,17.0,-3.0,16.0,-3.0,16.0,-2.0,16.0,-2.0,15.0,-1.0,15.0,-1.0,15.0,-1.0,15.0,-1.0,15.0,-1.0,15.0,-1.0,15.0,0.0,15.0,0.0,14.0,0.0,15.0,-1.0,15.0,0.0,14.0,0.0,14.0,0.0,14.0,0.0,13.0,-1.0,13.0,-1.0,12.0,-2.0,12.0,-2.0,11.0,-2.0,11.0,0.0,0.0,0.0,0.0,0.0,0.0,0.0,0.0,0.0,0.0
4.8938,122.0,-96.0,7.0,0.0,4.0,-1.0,1.0,4.0,-3.0,9.0,-5.0,13.0,-6.0,17.0,-7.0,20.0,-8.0,22.0,-8.0,24.0,-8.0,25.0,-7.0,24.0,-6.0,22.0,-5.0,20.0,-4.0,17.0,-3.0,13.0,-3.0,8.0,-3.0,4.0,-3.0,-1.0,-3.0,-5.0,-3.0,-9.0,-3.0,-12.0,-4.0,-14.0,-4.0,-15.0,-5.0,-16.0,-4.0,-16.0,-4.0,-16.0,0.0,0.0,0.0,0.0,0.0,0.0,0.0,0.0,0.0,0.0
4.9084,122.0,-96.0,7.0,0.0,-11.0,13.0,-13.0,16.0,-15.0,18.0,-15.0,19.0,-14.0,20.0,-13.0,20.0,-12.0,18.0,-11.0,17.0,-9.0,14.0,-8.0,11.0,-6.0,7.0,-4.0,3.0,-3.0,-1.0,-2.0,-6.0,-1.0,-9.0,-1.0,-13.0,0.0,-15.0,0.0,-17.0,0.0,-18.0,0.0,-18.0,-1.0,-17.0,-1.0,-15.0,0.0,-13.0,0.0,-12.0,0.0,-9.0,0.0,0.0,0.0,0.0,0.0,0.0,0.0,0.0,0.0,0.0
4.9182,122.0,-96.0,7.0,0.0,-4.0,-25.0,-4.0,-25.0,-4.0,-24.0,-4.0,-24.0,-5.0,-23.0,-6.0,-23.0,-6.0,-22.0,-6.0,-23.0,-7.0,-22.0,-7.0,-22.0,-7.0,-21.0,-8.0,-21.0,-9.0,-21.0,-8.0,-20.0,-8.0,-21.0,-8.0,-20.0,-7.0,-20.0,-7.0,-20.0,-6.0,-19.0,-6.0,-19.0,-6.0,-18.0,-6.0,-17.0,-6.0,-17.0,-5.0,-17.0,-5.0,-17.0,0.0,0.0,0.0,0.0,0.0,0.0,0.0,0.0,0.0,0.0
4.9311,122.0,-96.0,7.0,0.0,11.0,-15.0,14.0,-19.0,15.0,-21.0,16.0,-23.0,15.0,-23.0,14.0,-23.0,13.0,-22.0,11.0,-20.0,9.0,-17.0,7.0,-14.0,5.0,-9.0,3.0,-4.0,2.0,1.0,1.0,5.0,0.0,9.0,0.0,13.0,-1.0,16.0,-1.0,18.0,-1.0,19.0,-1.0,19.0,0.0,18.0,0.0,16.0,0.0,14.0,-1.0,12.0,-1.0,9.0,0.0,0.0,0.0,0.0,0.0,0.0,0.0,0.0,0.0,0.0
4.944,122.0,-96.0,7.0,0.0,13.0,26.0,13.0,25.0,13.0,24.0,12.0,21.0,11.0,18.0,8.0,14.0,6.0,10.0,2.0,7.0,-1.0,3.0,-5.0,-1.0,-9.0,-3.0,-12.0,-6.0,-15.0,-7.0,-19.0,-8.0,-20.0,-9.0,-21.0,-9.0,-21.0,-9.0,-20.0,-9.0,-18.0,-8.0,-16.0,-7.0,-13.0,-6.0,-10.0,-4.0,-6.0,-3.0,-3.0,-2.0,0.0,-1.0,0.0,0.0,0.0,0.0,0.0,0.0,0.0,0.0,0.0,0.0
4.9571,122.0,-96.0,7.0,0.0,-1.0,4.0,-5.0,0.0,-9.0,-4.0,-14.0,-7.0,-17.0,-9.0,-20.0,-11.0,-23.0,-11.0,-24.0,-11.0,-25.0,-10.0,-24.0,-9.0,-23.0,-8.0,-20.0,-7.0,-16.0,-6.0,-13.0,-5.0,-9.0,-4.0,-4.0,-3.0,1.0,-3.0,5.0,-3.0,8.0,-2.0,12.0,-2.0,14.0,-2.0,15.0,-2.0,16.0,-2.0,15.0,-3.0,15.0,-2.0,0.0,0.0,0.0,0.0,0.0,0.0,0.0,0.0,0.0,0.0
4.9712,122.0,-96.0,7.0,0.0,-43.0,25.0,-41.0,25.0,-38.0,25.0,-34.0,23.0,-28.0,20.0,-22.0,16.0,-16.0,10.0,-11.0,5.0,-6.0,-2.0,-1.0,-8.0,3.0,-16.0,6.0,-23.0,8.0,-28.0,9.0,-32.0,10.0,-34.0,10.0,-36.0,10.0,-34.0,9.0,-33.0,8.0,-30.0,7.0,-26.0,5.0,-21.0,3.0,-15.0,3.0,-9.0,2.0,-4.0,1.0,1.0,0.0,0.0,0.0,0.0,0.0,0.0,0.0,0.0,0.0,0.0
4.9843,122.0,-96.0,7.0,0.0,19.0,-27.0,18.0,-27.0,16.0,-25.0,14.0,-24.0,12.0,-20.0,9.0,-17.0,7.0,-12.0,5.0,-7.0,3.0,-2.0,2.0,3.0,1.0,9.0,1.0,14.0,1.0,18.0,2.0,21.0,2.0,23.0,2.0,24.0,3.0,24.0,2.0,22.0,2.0,20.0,2.0,17.0,2.0,14.0,1.0,10.0,0.0,6.0,-1.0,3.0,-2.0,0.0,0.0,0.0,0.0,0.0,0.0,0.0,0.0,0.0,0.0,0.0
4.999,122.0,-96.0,7.0,0.0,18.0,-11.0,22.0,-12.0,25.0,-14.0,26.0,-15.0,26.0,-16.0,25.0,-16.0,23.0,-16.0,21.0,-15.0,17.0,-13.0,14.0,-10.0,9.0,-7.0,5.0,-3.0,2.0,1.0,-1.0,5.0,-4.0,9.0,-7.0,13.0,-9.0,15.0,-10.0,17.0,-11.0,18.0,-11.0,19.0,-10.0,17.0,-9.0,16.0,-8.0,14.0,-7.0,12.0,-6.0,10.0,0.0,0.0,0.0,0.0,0.0,0.0,0.0,0.0,0.0,0.0
5.0121,122.0,-96.0,7.0,0.0,5.0,19.0,7.0,24.0,8.0,26.0,9.0,29.0,10.0,29.0,10.0,28.0,10.0,26.0,9.0,23.0,8.0,18.0,6.0,15.0,4.0,11.0,1.0,6.0,-2.0,2.0,-6.0,-2.0,-9.0,-6.0,-12.0,-8.0,-14.0,-11.0,-16.0,-13.0,-16.0,-14.0,-17.0,-14.0,-17.0,-14.0,-16.0,-12.0,-14.0,-10.0,-12.0,-9.0,-9.0,-7.0,0.0,0.0,0.0,0.0,0.0,0.0,0.0,0.0,0.0,0.0
