time,sc_0,sc_1,sc_2,sc_3,sc_4,sc_5,sc_6,sc_7,sc_8,sc_9,sc_10,sc_11,sc_12,sc_13,sc_14,sc_15,sc_16,sc_17,sc_18,sc_19,sc_20,sc_21,sc_22,sc_23,sc_24,sc_25,sc_26,sc_27,sc_28,sc_29,sc_30,sc_31,sc_32,sc_33,sc_34,sc_35,sc_36,sc_37,sc_38,sc_39,sc_40,sc_41,sc_42,sc_43,sc_44,sc_45,sc_46,sc_47,sc_48,sc_49,sc_50,sc_51,sc_52,sc_53,sc_54,sc_55,sc_56,sc_57,sc_58,sc_59,sc_60,sc_61,sc_62,sc_63
0.0202,122.0,-96.0,7.0,0.0,0.0,0.0,0.0,0.0,0.0,0.0,0.0,0.0,-4.0,-3.0,2.0,-4.0,7.0,-6.0,13.0,-9.0,19.0,-11.0,24.0,-14.0,27.0,-16.0,31.0,-18.0,30.0,-20.0,31.0,-20.0,30.0,-20.0,28.0,-19.0,26.0,-17.0,21.0,-14.0,16.0,-10.0,10.0,-7.0,5.0,-1.0,1.0,5.0,-4.0,10.0,-8.0,16.0,-11.0,21.0,-12.0,26.0,-15.0,30.0,-14.0,32.0,-14.0,33.0,-13.0,34.0
0.0364,122.0,-96.0,7.0,0.0,0.0,0.0,0.0,0.0,0.0,0.0,0.0,0.0,18.0,9.0,23.0,12.0,25.0,14.0,29.0,16.0,30.0,16.0,31.0,17.0,30.0,16.0,28.0,15.0,25.0,13.0,21.0,11.0,16.0,8.0,9.0,6.0,3.0,4.0,-4.0,2.0,-12.0,1.0,-18.0,0.0,-25.0,-1.0,-30.0,-1.0,-34.0,-1.0,-37.0,-1.0,-39.0,0.0,-39.0,0.0,-36.0,2.0,-33.0,2.0,-29.0,3.0,-23.0,2.0
0.0499,122.0,-96.0,7.0,0.0,0.0,0.0,0.0,0.0,0.0,0.0,0.0,0.0,-11.0,-16.0,-11.0,-16.0,-11.0,-17.0,-10.0,-17.0,-10.0,-18.0,-10.0,-17.0,-9.0,-18.0,-8.0,-18.0,-8.0,-18.0,-7.0,-18.0,-7.0,-18.0,-7.0,-18.0,-6.0,-18.0,-6.0,-18.0,-6.0,-17.0,-6.0,-17.0,-6.0,-17.0,-6.0,-17.0,-5.0,-16.0,-6.0,-16.0,-5.0,-16.0,-6.0,-16.0,-6.0,-16.0,-6.0,-16.0,-6.0,-15.0,-6.0,-15.0
0.0562,122.0,-96.0,7.0,0.0,0.0,0.0,0.0,0.0,0.0,0.0,0.0,0.0,-5.0,-1.0,-1.0,-5.0,4.0,-9.0,8.0,-14.0,12.0,-19.0,16.0,-23.0,18.0,-26.0,21.0,-30.0,20.0,-31.0,20.0,-32.0,18.0,-31.0,17.0,-29.0,16.0,-27.0,13.0,-22.0,10.0,-17.0,6.0,-10.0,4.0,-3.0,3.0,4.0,1.0,11.0,0.0,17.0,0.0,24.0,0.0,28.0,0.0,33.0,2.0,34.0,3.0,36.0,4.0,36.0
0.0796,122.0,-96.0,7.0,0.0,0.0,0.0,0.0,0.0,0.0,0.0,0.0,0.0,-32.0,-5.0,-33.0,-5.0,-33.0,-5.0,-31.0,-4.0,-28.0,-4.0,-23.0,-4.0,-18.0,-4.0,-11.0,-4.0,-5.0,-4.0,2.0,-5.0,9.0,-6.0,15.0,-7.0,21.0,-8.0,27.0,-10.0,32.0,-10.0,34.0,-11.0,35.0,-13.0,35.0,-13.0,33.0,-13.0,31.0,-13.0,27.0,-12.0,22.0,-10.0,16.0,-7.0,11.0,-4.0,5.0,0.0,-1.0,5.0
0.0901,122.0,-96.0,7.0,0.0,0.0,0.0,0.0,0.0,0.0,0.0,0.0,0.0,-10.0,-21.0,-10.0,-22.0,-9.0,-22.0,-9.0,-23.0,-8.0,-23.0,-8.0,-23.0,-7.0,-23.0,-7.0,-23.0,-6.0,-23.0,-6.0,-23.0,-5.0,-23.0,-5.0,-23.0,-5.0,-23.0,-5.0,-22.0,-4.0,-22.0,-5.0,-22.0,-4.0,-21.0,-4.0,-21.0,-4.0,-21.0,-5.0,-21.0,-5.0,-20.0,-5.0,-20.0,-5.0,-20.0,-5.0,-20.0,-5.0,-19.0,-6.0,-19.0
0.1052,122.0,-96.0,7.0,0.0,0.0,0.0,0.0,0.0,0.0,0.0,0.0,0.0,-10.0,-14.0,-12.0,-17.0,-14.0,-20.0,-15.0,-22.0,-17.0,-23.0,-17.0,-24.0,-16.0,-23.0,-15.0,-21.0,-14.0,-20.0,-11.0,-16.0,-9.0,-13.0,-5.0,-9.0,-1.0,-5.0,3.0,-1.0,8.0,2.0,11.0,6.0,16.0,9.0,20.0,11.0,23.0,12.0,25.0,13.0,26.0,13.0,26.0,12.0,25.0,12.0,23.0,10.0,20.0,8.0,16.0,6.0
0.1181,122.0,-96.0,7.0,0.0,0.0,0.0,0.0,0.0,0.0,0.0,0.0,0.0,21.0,18.0,22.0,18.0,22.0,18.0,21.0,17.0,18.0,15.0,15.0,12.0,11.0,10.0,6.0,7.0,1.0,4.0,-5.0,1.0,-10.0,-1.0,-15.0,-3.0,-20.0,-5.0,-25.0,-6.0,-29.0,-8.0,-32.0,-8.0,-33.0,-8.0,-33.0,-8.0,-32.0,-7.0,-30.0,-6.0,-26.0,-4.0,-22.0,-4.0,-16.0,-3.0,-11.0,-3.0,-4.0,-4.0,2.0,-4.0
0.1338,122.0,-96.0,7.0,0.0,0.0,0.0,0.0,0.0,0.0,0.0,0.0,0.0,3.0,1.0,-2.0,4.0,-7.0,5.0,-12.0,7.0,-17.0,10.0,-21.0,11.0,-24.0,14.0,-27.0,15.0,-27.0,17.0,-28.0,17.0,-26.0,17.0,-25.0,16.0,-23.0,14.0,-19.0,12.0,-15.0,8.0,-9.0,5.0,-5.0,0.0,-2.0,-5.0,2.0,-10.0,6.0,-15.0,9.0,-20.0,9.0,-23.0,11.0,-27.0,11.0,-29.0,11.0,-31.0,10.0,-30.0
0.1468,122.0,-96.0,7.0,0.0,0.0,0.0,0.0,0.0,0.0,0.0,0.0,0.0,-3.0,-24.0,-2.0,-20.0,-2.0,-15.0,0.0,-10.0,2.0,-4.0,4.0,3.0,7.0,8.0,10.0,15.0,12.0,20.0,15.0,24.0,17.0,28.0,19.0,29.0,20.0,30.0,21.0,31.0,21.0,29.0,19.0,25.0,17.0,23.0,14.0,18.0,10.0,14.0,6.0,10.0,0.0,5.0,-5.0,1.0,-12.0,-3.0,-17.0,-7.0,-22.0,-8.0,-27.0,-9.0
0.1609,122.0,-96.0,7.0,0.0,0.0,0.0,0.0,0.0,0.0,0.0,0.0,0.0,-7.0,-25.0,-7.0,-26.0,-7.0,-25.0,-7.0,-24.0,-6.0,-21.0,-5.0,-17.0,-3.0,-13.0,-1.0,-8.0,1.0,-4.0,4.0,1.0,6.0,5.0,9.0,10.0,12.0,14.0,15.0,17.0,17.0,20.0,18.0,22.0,20.0,22.0,20.0,22.0,20.0,21.0,18.0,19.0,16.0,15.0,13.0,13.0,9.0,10.0,5.0,7.0,1.0,4.0,-4.0,1.0
0.1737,122.0,-96.0,7.0,0.0,0.0,0.0,0.0,0.0,0.0,0.0,0.0,0.0,-2.0,-3.0,3.0,-3.0,8.0,-3.0,12.0,-3.0,18.0,-5.0,22.0,-5.0,24.0,-7.0,28.0,-7.0,27.0,-8.0,29.0,-8.0,26.0,-8.0,24.0,-8.0,22.0,-7.0,18.0,-6.0,14.0,-4.0,8.0,-2.0,3.0,0.0,-1.0,4.0,-6.0,7.0,-9.0,10.0,-13.0,14.0,-14.0,17.0,-17.0,20.0,-17.0,22.0,-17.0,23.0,-16.0,23.0
0.1864,122.0,-96.0,7.0,0.0,0.0,0.0,0.0,0.0,0.0,0.0,0.0,0.0,-18.0,-34.0,-18.0,-34.0,-18.0,-34.0,-17.0,-32.0,-16.0,-29.0,-13.0,-24.0,-9.0,-19.0,-5.0,-13.0,0.0,-7.0,5.0,-1.0,11.0,5.0,17.0,10.0,22.0,15.0,27.0,18.0,31.0,22.0,34.0,24.0,36.0,23.0,37.0,23.0,35.0,21.0,33.0,19.0,30.0,17.0,24.0,14.0,17.0,10.0,11.0,8.0,3.0,5.0,-6.0,3.0
0.1984,122.0,-96.0,7.0,0.0,0.0,0.0,0.0,0.0,0.0,0.0,0.0,0.0,8.0,-21.0,6.0,-17.0,4.0,-13.0,4.0,-8.0,3.0,-2.0,2.0,4.0,2.0,9.0,2.0,15.0,2.0,21.0,3.0,25.0,3.0,29.0,4.0,31.0,5.0,32.0,5.0,32.0,5.0,31.0,6.0,28.0,5.0,24.0,4.0,20.0,2.0,15.0,1.0,10.0,-2.0,4.0,-5.0,-1.0,-9.0,-7.0,-12.0,-12.0,-15.0,-15.0,-18.0,-17.0
0.2122,122.0,-96.0,7.0,0.0,0.0,0.0,0.0,0.0,0.0,0.0,0.0,0.0,-14.0,-12.0,-16.0,-15.0,-18.0,-17.0,-20.0,-18.0,-21.0,-19.0,-21.0,-19.0,-20.0,-19.0,-19.0,-18.0,-17.0,-16.0,-14.0,-13.0,-10.0,-10.0,-6.0,-7.0,-1.0,-4.0,4.0,-1.0,9.0,1.0,13.0,3.0,18.0,5.0,22.0,6.0,25.0,7.0,27.0,7.0,29.0,7.0,29.0,6.0,27.0,5.0,25.0,4.0,22.0,3.0,17.0,2.0
0.2264,122.0,-96.0,7.0,0.0,0.0,0.0,0.0,0.0,0.0,0.0,0.0,0.0,-9.0,-16.0,-11.0,-19.0,-12.0,-21.0,-13.0,-24.0,-14.0,-25.0,-14.0,-25.0,-14.0,-24.0,-13.0,-22.0,-11.0,-20.0,-10.0,-17.0,-7.0,-13.0,-4.0,-8.0,0.0,-4.0,4.0,0.0,8.0,4.0,11.0,8.0,15.0,11.0,19.0,13.0,21.0,15.0,24.0,16.0,25.0,16.0,25.0,16.0,24.0,14.0,22.0,12.0,19.0,10.0,15.0,8.0
0.2397,122.0,-96.0,7.0,0.0,0.0,0.0,0.0,0.0,0.0,0.0,0.0,0.0,-28.0,-5.0,-29.0,-6.0,-29.0,-5.0,-27.0,-5.0,-24.0,-5.0,-20.0,-4.0,-16.0,-4.0,-10.0,-3.0,-4.0,-4.0,2.0,-4.0,8.0,-5.0,13.0,-5.0,18.0,-6.0,24.0,-7.0,28.0,-7.0,31.0,-8.0,31.0,-9.0,32.0,-9.0,30.0,-9.0,28.0,-9.0,24.0,-8.0,20.0,-7.0,15.0,-5.0,10.0,-3.0,4.0,0.0,-1.0,4.0
0.2543,122.0,-96.0,7.0,0.0,0.0,0.0,0.0,0.0,0.0,0.0,0.0,0.0,15.0,-17.0,12.0,-14.0,9.0,-11.0,7.0,-7.0,4.0,-2.0,1.0,4.0,-1.0,9.0,-4.0,15.0,-6.0,19.0,-7.0,23.0,-8.0,27.0,-8.0,29.0,-8.0,31.0,-8.0,32.0,-7.0,31.0,-6.0,28.0,-5.0,25.0,-5.0,20.0,-4.0,16.0,-3.0,10.0,-4.0,4.0,-4.0,-3.0,-5.0,-9.0,-6.0,-15.0,-8.0,-19.0,-10.0,-23.0
0.2686,122.0,-96.0,7.0,0.0,0.0,0.0,0.0,0.0,0.0,0.0,0.0,0.0,21.0,-14.0,18.0,-12.0,13.0,-9.0,10.0,-5.0,4.0,-1.0,0.0,5.0,-4.0,9.0,-8.0,15.0,-12.0,20.0,-14.0,24.0,-17.0,28.0,-18.0,30.0,-18.0,32.0,-18.0,33.0,-17.0,32.0,-14.0,29.0,-13.0,26.0,-10.0,21.0,-9.0,16.0,-6.0,10.0,-5.0,3.0,-4.0,-4.0,-4.0,-11.0,-3.0,-18.0,-4.0,-23.0,-6.0,-28.0
0.2827,122.0,-96.0,7.0,0.0,0.0,0.0,0.0,0.0,0.0,0.0,0.0,0.0,-14.0,11.0,-16.0,13.0,-19.0,15.0,-21.0,16.0,-22.0,17.0,-22.0,18.0,-21.0,17.0,-20.0,16.0,-18.0,14.0,-15.0,11.0,-11.0,8.0,-7.0,4.0,-5.0,0.0,-1.0,-5.0,2.0,-10.0,5.0,-14.0,7.0,-18.0,9.0,-22.0,10.0,-25.0,11.0,-27.0,11.0,-29.0,10.0,-29.0,9.0,-27.0,7.0,-25.0,6.0,-22.0,4.0,-17.0
0.2973,122.0,-96.0,7.0,0.0,0.0,0.0,0.0,0.0,0.0,0.0,0.0,0.0,-2.0,25.0,-2.0,26.0,-3.0,25.0,-2.0,24.0,-2.0,20.0,-2.0,17.0,-2.0,13.0,-3.0,7.0,-3.0,2.0,-4.0,-3.0,-5.0,-8.0,-6.0,-13.0,-8.0,-18.0,-9.0,-22.0,-10.0,-26.0,-11.0,-28.0,-13.0,-26.0,-13.0,-29.0,-12.0,-26.0,-12.0,-25.0,-11.0,-21.0,-9.0,-17.0,-6.0,-13.0,-4.0,-9.0,0.0,-5.0,4.0,-1.0
0.311,122.0,-96.0,7.0,0.0,0.0,0.0,0.0,0.0,0.0,0.0,0.0,0.0,0.0,4.0,-5.0,1.0,-9.0,-2.0,-14.0,-5.0,-18.0,-7.0,-23.0,-10.0,-26.0,-11.0,-30.0,-12.0,-30.0,-11.0,-31.0,-11.0,-30.0,-10.0,-29.0,-9.0,-26.0,-9.0,-22.0,-7.0,-17.0,-6.0,-10.0,-4.0,-4.0,-4.0,2.0,-4.0,9.0,-4.0,15.0,-5.0,20.0,-6.0,23.0,-7.0,28.0,-9.0,28.0,-11.0,29.0,-11.0,29.0,-12.0
0.3213,122.0,-96.0,7.0,0.0,0.0,0.0,0.0,0.0,0.0,0.0,0.0,0.0,-17.0,15.0,-18.0,15.0,-18.0,15.0,-19.0,15.0,-19.0,14.0,-20.0,13.0,-20.0,13.0,-20.0,12.0,-20.0,12.0,-20.0,12.0,-20.0,11.0,-20.0,11.0,-20.0,10.0,-21.0,10.0,-20.0,10.0,-19.0,10.0,-19.0,10.0,-20.0,10.0,-20.0,9.0,-19.0,9.0,-19.0,9.0,-18.0,9.0,-18.0,9.0,-17.0,9.0,-17.0,10.0,-16.0,9.0
0.3355,122.0,-96.0,7.0,0.0,0.0,0.0,0.0,0.0,0.0,0.0,0.0,0.0,4.0,21.0,3.0,17.0,2.0,13.0,0.0,8.0,-2.0,3.0,-5.0,-3.0,-8.0,-7.0,-11.0,-13.0,-14.0,-17.0,-17.0,-20.0,-19.0,-23.0,-21.0,-24.0,-23.0,-25.0,-23.0,-25.0,-23.0,-23.0,-21.0,-20.0,-19.0,-18.0,-15.0,-15.0,-12.0,-12.0,-7.0,-9.0,-2.0,-6.0,4.0,-2.0,10.0,0.0,15.0,3.0,20.0,4.0,24.0,3.0
0.3491,122.0,-96.0,7.0,0.0,0.0,0.0,0.0,0.0,0.0,0.0,0.0,0.0,27.0,-4.0,29.0,-3.0,28.0,-4.0,27.0,-3.0,24.0,-3.0,20.0,-3.0,15.0,-1.0,9.0,0.0,4.0,2.0,-2.0,4.0,-7.0,6.0,-12.0,8.0,-17.0,11.0,-22.0,13.0,-26.0,15.0,-28.0,16.0,-29.0,17.0,-28.0,18.0,-27.0,18.0,-25.0,17.0,-21.0,15.0,-18.0,12.0,-14.0,8.0,-10.0,5.0,-5.0,0.0,-2.0,-5.0
0.3576,122.0,-96.0,7.0,0.0,0.0,0.0,0.0,0.0,0.0,0.0,0.0,0.0,19.0,7.0,20.0,7.0,19.0,7.0,19.0,8.0,19.0,8.0,19.0,8.0,18.0,9.0,18.0,9.0,18.0,10.0,17.0,10.0,17.0,11.0,17.0,11.0,17.0,11.0,16.0,11.0,16.0,11.0,15.0,11.0,15.0,11.0,15.0,10.0,14.0,10.0,15.0,10.0,14.0,10.0,15.0,9.0,14.0,10.0,14.0,9.0,14.0,9.0,14.0,8.0
0.3669,122.0,-96.0,7.0,0.0,0.0,0.0,0.0,0.0,0.0,0.0,0.0,0.0,-5.0,-23.0,-4.0,-24.0,-3.0,-24.0,-3.0,-24.0,-2.0,-25.0,-1.0,-24.0,-1.0,-24.0,-1.0,-24.0,0.0,-24.0,0.0,-24.0,0.0,-24.0,1.0,-23.0,1.0,-23.0,2.0,-23.0,2.0,-22.0,10.0,-24.0,1.0,-20.0,-3.0,-19.0,-3.0,-22.0,1.0,-21.0,1.0,-21.0,1.0,-21.0,1.0,-20.0,0.0,-20.0,0.0,-20.0,0.0,-20.0
0.3794,122.0,-96.0,7.0,0.0,0.0,0.0,0.0,0.0,0.0,0.0,0.0,0.0,-12.0,26.0,-12.0,26.0,-12.0,25.0,-11.0,24.0,-10.0,21.0,-8.0,17.0,-7.0,13.0,-5.0,7.0,-4.0,1.0,-4.0,-5.0,-3.0,-11.0,-2.0,-16.0,-2.0,-21.0,-1.0,-26.0,-1.0,-31.0,-2.0,-33.0,-3.0,-34.0,-3.0,-34.0,-3.0,-32.0,-4.0,-30.0,-4.0,-26.0,-3.0,-22.0,-2.0,-16.0,0.0,-11.0,2.0,-5.0,4.0,1.0
0.3922,122.0,-96.0,7.0,0.0,0.0,0.0,0.0,0.0,0.0,0.0,0.0,0.0,6.0,15.0,7.0,19.0,8.0,21.0,8.0,24.0,10.0,25.0,10.0,25.0,10.0,25.0,9.0,23.0,8.0,21.0,7.0,17.0,5.0,13.0,2.0,8.0,-1.0,4.0,-4.0,-1.0,-8.0,-5.0,-11.0,-9.0,-15.0,-13.0,-18.0,-16.0,-20.0,-18.0,-23.0,-19.0,-24.0,-19.0,-24.0,-19.0,-23.0,-17.0,-21.0,-15.0,-19.0,-13.0,-15.0,-10.0
0.4066,122.0,-96.0,7.0,0.0,0.0,0.0,0.0,0.0,0.0,0.0,0.0,0.0,4.0,27.0,4.0,28.0,4.0,29.0,4.0,26.0,3.0,24.0,3.0,19.0,2.0,15.0,0.0,9.0,-2.0,4.0,-5.0,-1.0,-7.0,-7.0,-10.0,-12.0,-13.0,-17.0,-15.0,-22.0,-17.0,-25.0,-19.0,-27.0,-20.0,-27.0,-21.0,-27.0,-20.0,-26.0,-20.0,-23.0,-18.0,-20.0,-15.0,-17.0,-11.0,-13.0,-6.0,-9.0,-1.0,-5.0,4.0,-2.0
0.4199,122.0,-96.0,7.0,0.0,0.0,0.0,0.0,0.0,0.0,0.0,0.0,0.0,-4.0,-2.0,0.0,-6.0,4.0,-9.0,7.0,-14.0,10.0,-18.0,13.0,-22.0,13.0,-25.0,15.0,-28.0,14.0,-29.0,15.0,-29.0,13.0,-28.0,12.0,-26.0,12.0,-24.0,9.0,-20.0,7.0,-15.0,4.0,-9.0,3.0,-3.0,3.0,3.0,2.0,9.0,2.0,15.0,2.0,21.0,4.0,24.0,4.0,29.0,6.0,29.0,7.0,30.0,8.0,30.0
0.4341,122.0,-96.0,7.0,0.0,0.0,0.0,0.0,0.0,0.0,0.0,0.0,0.0,-16.0,-8.0,-19.0,-9.0,-22.0,-11.0,-24.0,-12.0,-25.0,-12.0,-26.0,-13.0,-25.0,-12.0,-24.0,-12.0,-21.0,-11.0,-18.0,-9.0,-13.0,-7.0,-8.0,-5.0,-3.0,-4.0,3.0,-3.0,8.0,-2.0,13.0,-1.0,19.0,0.0,23.0,-1.0,26.0,-1.0,28.0,-1.0,30.0,-2.0,30.0,-2.0,28.0,-3.0,25.0,-3.0,21.0,-3.0,17.0,-3.0
0.4498,122.0,-96.0,7.0,0.0,0.0,0.0,0.0,0.0,0.0,0.0,0.0,0.0,20.0,-9.0,17.0,-8.0,13.0,-6.0,9.0,-3.0,4.0,0.0,-1.0,4.0,-5.0,7.0,-9.0,12.0,-13.0,15.0,-16.0,19.0,-19.0,22.0,-20.0,24.0,-20.0,26.0,-21.0,26.0,-20.0,26.0,-16.0,24.0,-15.0,21.0,-12.0,17.0,-10.0,13.0,-7.0,8.0,-5.0,2.0,-3.0,-4.0,-1.0,-10.0,0.0,-16.0,0.0,-21.0,-1.0,-25.0
0.4637,122.0,-96.0,7.0,0.0,0.0,0.0,0.0,0.0,0.0,0.0,0.0,0.0,-4.0,28.0,-5.0,28.0,-4.0,28.0,-4.0,26.0,-4.0,23.0,-3.0,19.0,-3.0,14.0,-3.0,8.0,-3.0,2.0,-4.0,-4.0,-5.0,-10.0,-6.0,-15.0,-7.0,-20.0,-8.0,-25.0,-9.0,-30.0,-10.0,-31.0,-11.0,-32.0,-11.0,-32.0,-12.0,-31.0,-11.0,-28.0,-10.0,-24.0,-9.0,-20.0,-6.0,-15.0,-3.0,-11.0,0.0,-5.0,4.0,0.0
0.471,122.0,-96.0,7.0,0.0,0.0,0.0,0.0,0.0,0.0,0.0,0.0,0.0,12.0,23.0,12.0,23.0,11.0,23.0,10.0,24.0,10.0,24.0,10.0,25.0,9.0,24.0,8.0,25.0,8.0,25.0,8.0,24.0,7.0,24.0,7.0,24.0,7.0,24.0,6.0,24.0,5.0,24.0,5.0,24.0,5.0,23.0,5.0,23.0,5.0,23.0,5.0,22.0,5.0,22.0,5.0,21.0,5.0,21.0,6.0,21.0,6.0,21.0,6.0,20.0
0.4863,122.0,-96.0,7.0,0.0,0.0,0.0,0.0,0.0,0.0,0.0,0.0,0.0,18.0,-18.0,19.0,-18.0,18.0,-18.0,17.0,-17.0,16.0,-14.0,12.0,-12.0,10.0,-9.0,6.0,-4.0,4.0,-1.0,0.0,4.0,-2.0,9.0,-5.0,13.0,-7.0,17.0,-9.0,21.0,-11.0,24.0,-12.0,26.0,-12.0,28.0,-11.0,28.0,-10.0,27.0,-9.0,24.0,-7.0,21.0,-6.0,17.0,-5.0,13.0,-5.0,8.0,-4.0,2.0,-4.0,-3.0
0.5,122.0,-96.0,7.0,0.0,0.0,0.0,0.0,0.0,0.0,0.0,0.0,0.0,1.0,20.0,1.0,16.0,0.0,13.0,-1.0,8.0,-2.0,3.0,-4.0,-2.0,-6.0,-7.0,-8.0,-12.0,-10.0,-16.0,-12.0,-19.0,-14.0,-23.0,-15.0,-24.0,-17.0,-25.0,-17.0,-26.0,-17.0,-24.0,-16.0,-21.0,-14.0,-19.0,-12.0,-16.0,-9.0,-13.0,-5.0,-9.0,-1.0,-5.0,3.0,-1.0,8.0,2.0,13.0,5.0,16.0,6.0,20.0,7.0
0.5145,122.0,-96.0,7.0,0.0,0.0,0.0,0.0,0.0,0.0,0.0,0.0,0.0,0.0,4.0,-4.0,1.0,-10.0,-2.0,-16.0,-5.0,-21.0,-8.0,-27.0,-10.0,-30.0,-10.0,-34.0,-12.0,-35.0,-12.0,-36.0,-11.0,-34.0,-10.0,-32.0,-8.0,-30.0,-8.0,-24.0,-6.0,-19.0,-6.0,-12.0,-4.0,-5.0,-4.0,3.0,-5.0,10.0,-5.0,16.0,-6.0,22.0,-8.0,26.0,-11.0,30.0,-12.0,31.0,-15.0,33.0,-16.0,31.0,-16.0
0.5272,122.0,-96.0,7.0,0.0,0.0,0.0,0.0,0.0,0.0,0.0,0.0,0.0,-2.0,-4.0,4.0,-4.0,10.0,-4.0,16.0,-5.0,22.0,-6.0,27.0,-7.0,31.0,-9.0,34.0,-9.0,34.0,-11.0,35.0,-10.0,32.0,-11.0,31.0,-11.0,28.0,-9.0,23.0,-8.0,18.0,-6.0,10.0,-3.0,5.0,0.0,-1.0,5.0,-7.0,9.0,-11.0,14.0,-15.0,19.0,-17.0,23.0,-20.0,25.0,-20.0,28.0,-20.0,29.0,-19.0,30.0
0.5378,122.0,-96.0,7.0,0.0,0.0,0.0,0.0,0.0,0.0,0.0,0.0,0.0,9.0,-21.0,9.0,-21.0,10.0,-20.0,10.0,-21.0,10.0,-19.0,12.0,-19.0,11.0,-19.0,11.0,-19.0,12.0,-18.0,12.0,-18.0,12.0,-18.0,12.0,-18.0,12.0,-18.0,12.0,-17.0,13.0,-17.0,12.0,-16.0,12.0,-16.0,12.0,-16.0,12.0,-16.0,11.0,-16.0,11.0,-16.0,11.0,-15.0,11.0,-15.0,10.0,-15.0,10.0,-15.0,9.0,-15.0
0.5479,122.0,-96.0,7.0,0.0,0.0,0.0,0.0,0.0,0.0,0.0,0.0,0.0,-14.0,-17.0,-13.0,-17.0,-13.0,-17.0,-12.0,-18.0,-12.0,-18.0,-11.0,-18.0,-11.0,-18.0,-11.0,-19.0,-10.0,-19.0,-10.0,-19.0,-10.0,-19.0,-9.0,-19.0,-9.0,-19.0,-9.0,-19.0,-8.0,-18.0,-8.0,-18.0,-8.0,-18.0,-8.0,-18.0,-8.0,-17.0,-7.0,-17.0,-8.0,-17.0,-8.0,-17.0,-8.0,-17.0,-8.0,-16.0,-8.0,-16.0,-8.0,-16.0
0.5609,122.0,-96.0,7.0,0.0,0.0,0.0,0.0,0.0,0.0,0.0,0.0,0.0,3.0,-2.0,1.0,3.0,-1.0,8.0,-3.0,13.0,-5.0,18.0,-6.0,24.0,-6.0,27.0,-7.0,30.0,-6.0,31.0,-6.0,32.0,-4.0,31.0,-4.0,29.0,-4.0,26.0,-3.0,22.0,-3.0,17.0,-2.0,10.0,-3.0,4.0,-4.0,-3.0,-6.0,-9.0,-7.0,-14.0,-10.0,-19.0,-12.0,-22.0,-14.0,-26.0,-16.0,-27.0,-17.0,-27.0,-18.0,-27.0
0.5755,122.0,-96.0,7.0,0.0,0.0,0.0,0.0,0.0,0.0,0.0,0.0,0.0,20.0,19.0,21.0,20.0,20.0,19.0,19.0,18.0,16.0,16.0,13.0,13.0,10.0,11.0,4.0,7.0,0.0,4.0,-6.0,1.0,-11.0,-2.0,-15.0,-4.0,-20.0,-7.0,-25.0,-9.0,-29.0,-11.0,-30.0,-11.0,-33.0,-11.0,-32.0,-10.0,-32.0,-10.0,-29.0,-9.0,-25.0,-7.0,-21.0,-6.0,-15.0,-5.0,-10.0,-5.0,-4.0,-4.0,2.0,-4.0
0.5888,122.0,-96.0,7.0,0.0,0.0,0.0,0.0,0.0,0.0,0.0,0.0,0.0,1.0,-3.0,5.0,1.0,7.0,5.0,11.0,10.0,14.0,13.0,17.0,17.0,20.0,18.0,23.0,21.0,24.0,20.0,24.0,21.0,23.0,19.0,22.0,18.0,20.0,17.0,16.0,13.0,12.0,10.0,7.0,6.0,1.0,3.0,-5.0,1.0,-11.0,0.0,-16.0,-2.0,-22.0,-3.0,-26.0,-2.0,-30.0,-3.0,-31.0,-2.0,-32.0,-1.0,-32.0,-1.0
0.5989,122.0,-96.0,7.0,0.0,0.0,0.0,0.0,0.0,0.0,0.0,0.0,0.0,-26.0,-9.0,-26.0,-10.0,-26.0,-10.0,-25.0,-11.0,-25.0,-12.0,-25.0,-13.0,-24.0,-12.0,-24.0,-13.0,-23.0,-13.0,-23.0,-14.0,-23.0,-14.0,-22.0,-14.0,-22.0,-14.0,-21.0,-15.0,-21.0,-15.0,-21.0,-15.0,-20.0,-15.0,-20.0,-15.0,-20.0,-15.0,-19.0,-14.0,-20.0,-14.0,-19.0,-13.0,-19.0,-14.0,-19.0,-13.0,-19.0,-13.0,-19.0,-12.0
0.6099,122.0,-96.0,7.0,0.0,0.0,0.0,0.0,0.0,0.0,0.0,0.0,0.0,-2.0,-4.0,3.0,-3.0,8.0,-1.0,13.0,1.0,19.0,2.0,23.0,4.0,27.0,4.0,30.0,4.0,31.0,3.0,32.0,3.0,30.0,2.0,29.0,2.0,26.0,2.0,21.0,1.0,17.0,2.0,10.0,1.0,3.0,2.0,-2.0,4.0,-8.0,5.0,-14.0,7.0,-19.0,10.0,-22.0,12.0,-26.0,14.0,-26.0,16.0,-27.0,17.0,-27.0,18.0
0.6239,122.0,-96.0,7.0,0.0,0.0,0.0,0.0,0.0,0.0,0.0,0.0,0.0,-15.0,-10.0,-18.0,-13.0,-21.0,-14.0,-22.0,-15.0,-23.0,-16.0,-24.0,-16.0,-23.0,-16.0,-21.0,-15.0,-19.0,-13.0,-16.0,-11.0,-12.0,-8.0,-7.0,-6.0,-2.0,-4.0,4.0,-2.0,9.0,-1.0,14.0,1.0,19.0,2.0,23.0,2.0,26.0,3.0,28.0,3.0,29.0,3.0,29.0,2.0,28.0,1.0,25.0,0.0,22.0,0.0,17.0,0.0
0.6377,122.0,-96.0,7.0,0.0,0.0,0.0,0.0,0.0,0.0,0.0,0.0,0.0,-1.0,25.0,-1.0,20.0,-1.0,16.0,-2.0,10.0,-3.0,4.0,-4.0,-3.0,-6.0,-9.0,-8.0,-15.0,-11.0,-21.0,-12.0,-26.0,-14.0,-30.0,-16.0,-32.0,-18.0,-33.0,-18.0,-34.0,-18.0,-33.0,-17.0,-28.0,-16.0,-25.0,-12.0,-21.0,-10.0,-17.0,-5.0,-12.0,-1.0,-7.0,4.0,-2.0,10.0,3.0,15.0,8.0,20.0,10.0,25.0,11.0
0.6478,122.0,-96.0,7.0,0.0,0.0,0.0,0.0,0.0,0.0,0.0,0.0,0.0,-13.0,19.0,-14.0,19.0,-14.0,19.0,-15.0,19.0,-15.0,18.0,-16.0,18.0,-16.0,17.0,-17.0,17.0,-17.0,16.0,-17.0,16.0,-17.0,16.0,-17.0,16.0,-17.0,15.0,-17.0,15.0,-17.0,14.0,-17.0,14.0,-17.0,14.0,-16.0,13.0,-17.0,13.0,-15.0,13.0,-16.0,13.0,-15.0,13.0,-15.0,13.0,-15.0,13.0,-14.0,13.0,-14.0,13.0
0.6565,122.0,-96.0,7.0,0.0,0.0,0.0,0.0,0.0,0.0,0.0,0.0,0.0,-20.0,6.0,-21.0,5.0,-21.0,5.0,-21.0,5.0,-21.0,4.0,-21.0,3.0,-21.0,3.0,-21.0,3.0,-21.0,1.0,-20.0,2.0,-21.0,1.0,-20.0,1.0,-20.0,1.0,-20.0,1.0,-20.0,0.0,-20.0,0.0,-19.0,0.0,-19.0,0.0,-19.0,0.0,-18.0,0.0,-19.0,1.0,-18.0,0.0,-18.0,1.0,-18.0,1.0,-17.0,1.0,-17.0,2.0
0.67,122.0,-96.0,7.0,0.0,0.0,0.0,0.0,0.0,0.0,0.0,0.0,0.0,-4.0,-2.0,0.0,-5.0,5.0,-7.0,10.0,-10.0,14.0,-13.0,18.0,-16.0,20.0,-19.0,23.0,-21.0,23.0,-22.0,23.0,-23.0,21.0,-22.0,20.0,-21.0,19.0,-19.0,15.0,-16.0,12.0,-12.0,7.0,-7.0,4.0,-2.0,1.0,4.0,-1.0,9.0,-3.0,14.0,-5.0,20.0,-5.0,24.0,-6.0,28.0,-5.0,30.0,-5.0,31.0,-4.0,31.0
0.6836,122.0,-96.0,7.0,0.0,0.0,0.0,0.0,0.0,0.0,0.0,0.0,0.0,22.0,0.0,26.0,1.0,29.0,1.0,33.0,2.0,34.0,2.0,34.0,2.0,33.0,2.0,31.0,2.0,28.0,2.0,22.0,2.0,16.0,1.0,10.0,1.0,3.0,2.0,-4.0,4.0,-11.0,6.0,-17.0,7.0,-23.0,8.0,-28.0,11.0,-31.0,12.0,-34.0,13.0,-35.0,14.0,-35.0,14.0,-32.0,15.0,-29.0,14.0,-25.0,12.0,-20.0,10.0
0.6963,122.0,-96.0,7.0,0.0,0.0,0.0,0.0,0.0,0.0,0.0,0.0,0.0,-5.0,18.0,-4.0,15.0,-3.0,11.0,-3.0,7.0,-3.0,1.0,-3.0,-4.0,-4.0,-9.0,-5.0,-14.0,-5.0,-19.0,-7.0,-22.0,-7.0,-26.0,-8.0,-28.0,-9.0,-29.0,-9.0,-29.0,-10.0,-28.0,-10.0,-24.0,-9.0,-22.0,-7.0,-18.0,-5.0,-15.0,-3.0,-9.0,1.0,-5.0,4.0,0.0,8.0,4.0,11.0,8.0,14.0,11.0,18.0,12.0
0.7104,122.0,-96.0,7.0,0.0,0.0,0.0,0.0,0.0,0.0,0.0,0.0,0.0,0.0,-16.0,1.0,-20.0,1.0,-22.0,1.0,-24.0,1.0,-25.0,1.0,-26.0,1.0,-25.0,1.0,-23.0,1.0,-21.0,1.0,-17.0,1.0,-13.0,1.0,-8.0,2.0,-3.0,2.0,2.0,4.0,7.0,4.0,12.0,5.0,16.0,7.0,19.0,8.0,22.0,9.0,23.0,10.0,24.0,10.0,24.0,10.0,23.0,10.0,20.0,9.0,17.0,7.0,14.0
0.7243,122.0,-96.0,7.0,0.0,0.0,0.0,0.0,0.0,0.0,0.0,0.0,0.0,3.0,-1.0,1.0,4.0,-3.0,8.0,-6.0,12.0,-8.0,17.0,-11.0,21.0,-11.0,25.0,-13.0,28.0,-12.0,29.0,-13.0,30.0,-11.0,29.0,-11.0,27.0,-10.0,25.0,-8.0,20.0,-7.0,15.0,-5.0,9.0,-4.0,3.0,-4.0,-4.0,-4.0,-9.0,-4.0,-16.0,-5.0,-21.0,-7.0,-24.0,-8.0,-29.0,-9.0,-30.0,-10.0,-31.0,-11.0,-30.0
0.7384,122.0,-96.0,7.0,0.0,0.0,0.0,0.0,0.0,0.0,0.0,0.0,0.0,-3.0,2.0,-5.0,-4.0,-6.0,-10.0,-9.0,-15.0,-11.0,-21.0,-13.0,-26.0,-15.0,-29.0,-16.0,-32.0,-18.0,-32.0,-18.0,-32.0,-18.0,-30.0,-17.0,-29.0,-15.0,-26.0,-13.0,-21.0,-9.0,-17.0,-5.0,-10.0,0.0,-5.0,5.0,-1.0,10.0,4.0,16.0,8.0,21.0,11.0,25.0,11.0,29.0,14.0,31.0,14.0,33.0,14.0,33.0,13.0
0.7513,122.0,-96.0,7.0,0.0,0.0,0.0,0.0,0.0,0.0,0.0,0.0,0.0,-10.0,-24.0,-10.0,-25.0,-11.0,-24.0,-10.0,-23.0,-9.0,-20.0,-7.0,-16.0,-5.0,-13.0,-2.0,-8.0,1.0,-4.0,4.0,0.0,7.0,4.0,10.0,8.0,14.0,12.0,17.0,15.0,20.0,17.0,21.0,19.0,23.0,19.0,23.0,18.0,22.0,17.0,21.0,15.0,18.0,12.0,15.0,10.0,11.0,8.0,6.0,6.0,1.0,4.0,-4.0,2.0
0.7618,122.0,-96.0,7.0,0.0,0.0,0.0,0.0,0.0,0.0,0.0,0.0,0.0,-27.0,-3.0,-27.0,-4.0,-26.0,-4.0,-27.0,-5.0,-26.0,-5.0,-27.0,-6.0,-26.0,-7.0,-26.0,-7.0,-26.0,-8.0,-25.0,-8.0,-25.0,-9.0,-25.0,-8.0,-25.0,-9.0,-25.0,-9.0,-24.0,-10.0,-23.0,-9.0,-23.0,-9.0,-23.0,-9.0,-23.0,-9.0,-22.0,-8.0,-22.0,-8.0,-22.0,-8.0,-22.0,-8.0,-21.0,-7.0,-21.0,-7.0,-21.0,-6.0
0.7748,122.0,-96.0,7.0,0.0,0.0,0.0,0.0,0.0,0.0,0.0,0.0,0.0,-18.0,2.0,-19.0,2.0,-19.0,3.0,-19.0,3.0,-20.0,2.0,-20.0,1.0,-20.0,2.0,-21.0,1.0,-20.0,1.0,-21.0,1.0,-21.0,1.0,-21.0,1.0,-21.0,0.0,-21.0,0.0,-22.0,0.0,-21.0,0.0,-21.0,0.0,-22.0,-1.0,-22.0,-1.0,-21.0,0.0,-22.0,0.0,-21.0,0.0,-22.0,-1.0,-21.0,-1.0,-21.0,0.0,-20.0,0.0
0.7864,122.0,-96.0,7.0,0.0,0.0,0.0,0.0,0.0,0.0,0.0,0.0,0.0,-13.0,16.0,-14.0,15.0,-14.0,15.0,-15.0,15.0,-15.0,14.0,-15.0,14.0,-15.0,14.0,-16.0,13.0,-15.0,13.0,-16.0,13.0,-16.0,13.0,-16.0,13.0,-16.0,12.0,-16.0,12.0,-16.0,11.0,-16.0,11.0,-15.0,11.0,-16.0,11.0,-15.0,11.0,-14.0,11.0,-14.0,11.0,-14.0,11.0,-14.0,11.0,-14.0,11.0,-13.0,11.0,-13.0,11.0
0.7988,122.0,-96.0,7.0,0.0,0.0,0.0,0.0,0.0,0.0,0.0,0.0,0.0,6.0,21.0,5.0,17.0,3.0,14.0,1.0,9.0,-2.0,4.0,-5.0,-2.0,-8.0,-6.0,-11.0,-11.0,-14.0,-15.0,-17.0,-18.0,-20.0,-22.0,-22.0,-23.0,-24.0,-24.0,-24.0,-24.0,-24.0,-23.0,-22.0,-19.0,-20.0,-18.0,-16.0,-15.0,-12.0,-12.0,-7.0,-8.0,-2.0,-6.0,3.0,-2.0,10.0,0.0,15.0,2.0,19.0,2.0,24.0,2.0
0.8124,122.0,-96.0,7.0,0.0,0.0,0.0,0.0,0.0,0.0,0.0,0.0,0.0,-22.0,18.0,-23.0,19.0,-22.0,18.0,-21.0,17.0,-19.0,15.0,-16.0,12.0,-13.0,10.0,-8.0,5.0,-5.0,0.0,-2.0,-5.0,1.0,-10.0,5.0,-14.0,7.0,-19.0,10.0,-23.0,12.0,-27.0,12.0,-30.0,12.0,-31.0,12.0,-31.0,11.0,-31.0,9.0,-28.0,7.0,-25.0,6.0,-21.0,5.0,-15.0,5.0,-10.0,3.0,-4.0,3.0,3.0
0.8247,122.0,-96.0,7.0,0.0,0.0,0.0,0.0,0.0,0.0,0.0,0.0,0.0,16.0,-3.0,20.0,-4.0,23.0,-4.0,25.0,-5.0,27.0,-5.0,27.0,-5.0,27.0,-5.0,25.0,-5.0,23.0,-4.0,19.0,-4.0,14.0,-3.0,9.0,-1.0,4.0,1.0,-2.0,3.0,-6.0,6.0,-11.0,8.0,-16.0,11.0,-19.0,14.0,-21.0,16.0,-23.0,17.0,-23.0,19.0,-23.0,19.0,-21.0,19.0,-19.0,17.0,-16.0,15.0,-13.0,12.0
0.8386,122.0,-96.0,7.0,0.0,0.0,0.0,0.0,0.0,0.0,0.0,0.0,0.0,-2.0,22.0,-1.0,18.0,-1.0,14.0,-2.0,9.0,-3.0,4.0,-4.0,-3.0,-6.0,-7.0,-8.0,-14.0,-10.0,-19.0,-12.0,-23.0,-13.0,-27.0,-15.0,-28.0,-16.0,-29.0,-16.0,-30.0,-17.0,-28.0,-16.0,-24.0,-14.0,-22.0,-12.0,-18.0,-9.0,-15.0,-5.0,-10.0,-1.0,-6.0,4.0,-1.0,9.0,3.0,14.0,7.0,18.0,8.0,22.0,9.0
0.8521,122.0,-96.0,7.0,0.0,0.0,0.0,0.0,0.0,0.0,0.0,0.0,0.0,12.0,-14.0,16.0,-17.0,18.0,-19.0,20.0,-21.0,21.0,-22.0,22.0,-23.0,21.0,-22.0,19.0,-21.0,18.0,-18.0,14.0,-15.0,11.0,-11.0,8.0,-7.0,4.0,-2.0,1.0,4.0,-2.0,9.0,-5.0,14.0,-8.0,19.0,-8.0,24.0,-10.0,28.0,-10.0,30.0,-10.0,31.0,-10.0,31.0,-8.0,30.0,-7.0,27.0,-6.0,24.0,-5.0,19.0
0.8652,122.0,-96.0,7.0,0.0,0.0,0.0,0.0,0.0,0.0,0.0,0.0,0.0,1.0,-4.0,5.0,1.0,9.0,5.0,14.0,9.0,18.0,13.0,22.0,17.0,25.0,18.0,28.0,21.0,29.0,20.0,29.0,20.0,29.0,18.0,27.0,17.0,24.0,15.0,20.0,12.0,14.0,10.0,8.0,6.0,1.0,4.0,-5.0,2.0,-12.0,0.0,-18.0,-1.0,-25.0,-1.0,-28.0,-1.0,-33.0,0.0,-35.0,1.0,-36.0,2.0,-36.0,3.0
0.8786,122.0,-96.0,7.0,0.0,0.0,0.0,0.0,0.0,0.0,0.0,0.0,0.0,-16.0,-15.0,-19.0,-19.0,-21.0,-21.0,-23.0,-23.0,-25.0,-24.0,-26.0,-25.0,-25.0,-24.0,-24.0,-23.0,-21.0,-21.0,-17.0,-17.0,-13.0,-13.0,-8.0,-9.0,-2.0,-6.0,4.0,-2.0,10.0,1.0,16.0,5.0,22.0,7.0,27.0,8.0,31.0,9.0,34.0,10.0,35.0,10.0,35.0,9.0,34.0,7.0,31.0,6.0,27.0,4.0,22.0,4.0
0.8872,122.0,-96.0,7.0,0.0,0.0,0.0,0.0,0.0,0.0,0.0,0.0,0.0,1.0,20.0,0.0,20.0,0.0,20.0,0.0,20.0,-1.0,20.0,-1.0,20.0,-2.0,20.0,-2.0,20.0,-2.0,20.0,-3.0,20.0,-3.0,20.0,-3.0,19.0,-3.0,19.0,-4.0,19.0,-4.0,18.0,-4.0,18.0,-4.0,18.0,-4.0,18.0,-4.0,18.0,-4.0,17.0,-3.0,17.0,-3.0,17.0,-3.0,17.0,-3.0,17.0,-3.0,16.0,-2.0,16.0
0.8997,122.0,-96.0,7.0,0.0,0.0,0.0,0.0,0.0,0.0,0.0,0.0,0.0,16.0,-1.0,20.0,-1.0,23.0,-1.0,26.0,-1.0,27.0,-1.0,28.0,-1.0,27.0,-1.0,25.0,-1.0,23.0,-1.0,18.0,-1.0,14.0,0.0,9.0,0.0,4.0,2.0,-2.0,3.0,-8.0,5.0,-13.0,6.0,-18.0,8.0,-21.0,10.0,-24.0,12.0,-26.0,13.0,-27.0,14.0,-26.0,15.0,-24.0,14.0,-22.0,14.0,-19.0,12.0,-15.0,10.0
0.9142,122.0,-96.0,7.0,0.0,0.0,0.0,0.0,0.0,0.0,0.0,0.0,0.0,-28.0,-5.0,-29.0,-5.0,-29.0,-5.0,-28.0,-5.0,-24.0,-5.0,-20.0,-4.0,-16.0,-4.0,-10.0,-3.0,-4.0,-4.0,2.0,-4.0,8.0,-5.0,13.0,-6.0,19.0,-7.0,24.0,-8.0,28.0,-8.0,30.0,-9.0,31.0,-10.0,31.0,-11.0,30.0,-11.0,28.0,-10.0,24.0,-10.0,19.0,-8.0,14.0,-6.0,10.0,-3.0,4.0,0.0,-1.0,4.0
0.9241,122.0,-96.0,7.0,0.0,0.0,0.0,0.0,0.0,0.0,0.0,0.0,0.0,-10.0,-21.0,-9.0,-22.0,-9.0,-22.0,-9.0,-22.0,-8.0,-23.0,-7.0,-23.0,-7.0,-22.0,-7.0,-23.0,-6.0,-23.0,-6.0,-23.0,-5.0,-23.0,-5.0,-23.0,-5.0,-22.0,-4.0,-22.0,-4.0,-22.0,-4.0,-22.0,-4.0,-21.0,-4.0,-22.0,-4.0,-21.0,-4.0,-21.0,-4.0,-20.0,-4.0,-20.0,-4.0,-20.0,-4.0,-19.0,-5.0,-19.0,-5.0,-19.0
0.9386,122.0,-96.0,7.0,0.0,0.0,0.0,0.0,0.0,0.0,0.0,0.0,0.0,15.0,-13.0,18.0,-15.0,21.0,-17.0,23.0,-18.0,24.0,-19.0,24.0,-19.0,24.0,-19.0,22.0,-17.0,20.0,-15.0,16.0,-12.0,12.0,-9.0,8.0,-5.0,4.0,-1.0,0.0,4.0,-4.0,10.0,-8.0,14.0,-11.0,19.0,-12.0,23.0,-14.0,26.0,-15.0,28.0,-15.0,29.0,-14.0,30.0,-13.0,28.0,-11.0,26.0,-9.0,22.0,-7.0,18.0
0.9523,122.0,-96.0,7.0,0.0,0.0,0.0,0.0,0.0,0.0,0.0,0.0,0.0,-27.0,2.0,-27.0,2.0,-28.0,4.0,-25.0,3.0,-23.0,2.0,-18.0,1.0,-15.0,1.0,-9.0,0.0,-4.0,-3.0,0.0,-4.0,6.0,-7.0,11.0,-8.0,14.0,-11.0,19.0,-13.0,22.0,-14.0,25.0,-16.0,25.0,-16.0,25.0,-17.0,23.0,-17.0,21.0,-16.0,18.0,-15.0,15.0,-12.0,12.0,-8.0,8.0,-5.0,3.0,-1.0,1.0,4.0
0.9657,122.0,-96.0,7.0,0.0,0.0,0.0,0.0,0.0,0.0,0.0,0.0,0.0,4.0,-2.0,1.0,4.0,-1.0,9.0,-4.0,15.0,-6.0,21.0,-8.0,25.0,-8.0,29.0,-10.0,33.0,-9.0,35.0,-9.0,35.0,-7.0,34.0,-7.0,31.0,-7.0,29.0,-5.0,24.0,-5.0,18.0,-3.0,11.0,-4.0,4.0,-5.0,-3.0,-5.0,-10.0,-7.0,-17.0,-9.0,-23.0,-11.0,-26.0,-12.0,-31.0,-14.0,-32.0,-16.0,-33.0,-16.0,-32.0
0.9788,122.0,-96.0,7.0,0.0,0.0,0.0,0.0,0.0,0.0,0.0,0.0,0.0,-15.0,24.0,-16.0,24.0,-16.0,24.0,-14.0,22.0,-13.0,19.0,-10.0,15.0,-9.0,11.0,-6.0,6.0,-5.0,0.0,-3.0,-5.0,-1.0,-11.0,0.0,-16.0,0.0,-21.0,1.0,-26.0,2.0,-30.0,2.0,-33.0,1.0,-33.0,1.0,-34.0,0.0,-32.0,0.0,-30.0,-1.0,-26.0,-1.0,-21.0,0.0,-16.0,1.0,-11.0,2.0,-5.0,4.0,1.0
0.9924,122.0,-96.0,7.0,0.0,0.0,0.0,0.0,0.0,0.0,0.0,0.0,0.0,-3.0,25.0,-3.0,20.0,-3.0,16.0,-3.0,10.0,-4.0,4.0,-4.0,-3.0,-6.0,-9.0,-8.0,-16.0,-9.0,-22.0,-11.0,-26.0,-12.0,-31.0,-14.0,-33.0,-16.0,-34.0,-16.0,-35.0,-16.0,-33.0,-16.0,-29.0,-14.0,-26.0,-12.0,-22.0,-9.0,-17.0,-5.0,-12.0,0.0,-6.0,4.0,-1.0,10.0,4.0,15.0,8.0,20.0,10.0,24.0,12.0
1.0066,122.0,-96.0,7.0,0.0,0.0,0.0,0.0,0.0,0.0,0.0,0.0,0.0,-18.0,-3.0,-21.0,-4.0,-24.0,-5.0,-26.0,-5.0,-28.0,-5.0,-28.0,-5.0,-27.0,-5.0,-25.0,-5.0,-22.0,-5.0,-19.0,-4.0,-13.0,-3.0,-9.0,-3.0,-3.0,-3.0,3.0,-4.0,8.0,-5.0,13.0,-5.0,18.0,-6.0,22.0,-8.0,24.0,-9.0,27.0,-10.0,27.0,-11.0,27.0,-11.0,26.0,-11.0,23.0,-11.0,19.0,-10.0,15.0,-8.0
1.0196,122.0,-96.0,7.0,0.0,0.0,0.0,0.0,0.0,0.0,0.0,0.0,0.0,-2.0,-3.0,2.0,-4.0,7.0,-5.0,12.0,-6.0,16.0,-8.0,20.0,-10.0,22.0,-12.0,25.0,-13.0,25.0,-14.0,25.0,-14.0,24.0,-14.0,22.0,-13.0,20.0,-12.0,16.0,-10.0,13.0,-7.0,8.0,-4.0,3.0,0.0,0.0,4.0,-4.0,8.0,-7.0,12.0,-10.0,17.0,-10.0,19.0,-12.0,23.0,-12.0,24.0,-12.0,26.0,-11.0,26.0
1.0289,122.0,-96.0,7.0,0.0,0.0,0.0,0.0,0.0,0.0,0.0,0.0,0.0,20.0,-16.0,22.0,-16.0,21.0,-15.0,22.0,-15.0,22.0,-14.0,23.0,-14.0,22.0,-13.0,23.0,-12.0,23.0,-12.0,23.0,-11.0,23.0,-11.0,23.0,-11.0,23.0,-10.0,23.0,-10.0,23.0,-9.0,22.0,-9.0,23.0,-9.0,22.0,-9.0,22.0,-8.0,21.0,-9.0,21.0,-9.0,20.0,-9.0,20.0,-9.0,20.0,-9.0,20.0,-9.0,19.0,-9.0
1.0421,122.0,-96.0,7.0,0.0,0.0,0.0,0.0,0.0,0.0,0.0,0.0,0.0,-5.0,24.0,-4.0,20.0,-4.0,15.0,-4.0,10.0,-4.0,3.0,-4.0,-4.0,-6.0,-10.0,-6.0,-17.0,-7.0,-23.0,-9.0,-27.0,-9.0,-32.0,-11.0,-34.0,-12.0,-36.0,-12.0,-36.0,-13.0,-34.0,-13.0,-31.0,-11.0,-27.0,-9.0,-23.0,-6.0,-18.0,-4.0,-12.0,0.0,-6.0,4.0,0.0,9.0,5.0,14.0,10.0,18.0,13.0,22.0,15.0
1.0576,122.0,-96.0,7.0,0.0,0.0,0.0,0.0,0.0,0.0,0.0,0.0,0.0,-6.0,-18.0,-7.0,-22.0,-8.0,-25.0,-8.0,-28.0,-9.0,-30.0,-9.0,-30.0,-9.0,-30.0,-9.0,-27.0,-7.0,-25.0,-6.0,-21.0,-4.0,-16.0,-2.0,-10.0,1.0,-5.0,4.0,0.0,7.0,5.0,10.0,11.0,13.0,16.0,17.0,18.0,19.0,21.0,22.0,23.0,23.0,23.0,23.0,23.0,22.0,21.0,21.0,18.0,18.0,15.0,15.0,12.0
1.067,122.0,-96.0,7.0,0.0,0.0,0.0,0.0,0.0,0.0,0.0,0.0,0.0,-20.0,-5.0,-20.0,-5.0,-20.0,-5.0,-20.0,-6.0,-20.0,-7.0,-20.0,-8.0,-20.0,-8.0,-20.0,-8.0,-20.0,-8.0,-19.0,-9.0,-19.0,-9.0,-18.0,-9.0,-18.0,-9.0,-18.0,-10.0,-18.0,-10.0,-17.0,-9.0,-17.0,-9.0,-17.0,-9.0,-17.0,-9.0,-16.0,-8.0,-17.0,-9.0,-16.0,-8.0,-16.0,-8.0,-16.0,-8.0,-16.0,-8.0,-16.0,-8.0
1.0803,122.0,-96.0,7.0,0.0,0.0,0.0,0.0,0.0,0.0,0.0,0.0,0.0,-16.0,-4.0,-16.0,-4.0,-17.0,-3.0,-17.0,-4.0,-17.0,-4.0,-17.0,-5.0,-17.0,-4.0,-18.0,-5.0,-18.0,-5.0,-18.0,-5.0,-17.0,-6.0,-17.0,-6.0,-18.0,-6.0,-18.0,-7.0,-18.0,-7.0,-18.0,-6.0,-18.0,-6.0,-18.0,-7.0,-18.0,-7.0,-18.0,-6.0,-18.0,-7.0,-18.0,-6.0,-17.0,-7.0,-18.0,-7.0,-17.0,-7.0,-17.0,-6.0
1.0939,122.0,-96.0,7.0,0.0,0.0,0.0,0.0,0.0,0.0,0.0,0.0,0.0,3.0,-3.0,4.0,3.0,6.0,9.0,8.0,14.0,10.0,20.0,12.0,25.0,14.0,28.0,15.0,31.0,17.0,31.0,17.0,32.0,17.0,29.0,16.0,27.0,14.0,25.0,11.0,20.0,8.0,16.0,5.0,9.0,-1.0,4.0,-6.0,0.0,-11.0,-5.0,-16.0,-9.0,-22.0,-12.0,-26.0,-13.0,-30.0,-16.0,-32.0,-15.0,-33.0,-15.0,-33.0,-14.0
1.109,122.0,-96.0,7.0,0.0,0.0,0.0,0.0,0.0,0.0,0.0,0.0,0.0,4.0,25.0,4.0,25.0,4.0,25.0,4.0,24.0,3.0,21.0,2.0,17.0,1.0,13.0,0.0,8.0,-2.0,4.0,-4.0,-1.0,-7.0,-6.0,-9.0,-11.0,-12.0,-15.0,-14.0,-19.0,-15.0,-22.0,-17.0,-24.0,-18.0,-24.0,-19.0,-25.0,-18.0,-23.0,-17.0,-21.0,-16.0,-18.0,-13.0,-15.0,-9.0,-11.0,-6.0,-8.0,-1.0,-5.0,3.0,-2.0
1.1221,122.0,-96.0,7.0,0.0,0.0,0.0,0.0,0.0,0.0,0.0,0.0,0.0,-28.0,5.0,-29.0,5.0,-29.0,5.0,-27.0,5.0,-24.0,4.0,-20.0,3.0,-16.0,1.0,-10.0,0.0,-5.0,-2.0,0.0,-5.0,6.0,-8.0,10.0,-10.0,15.0,-13.0,19.0,-16.0,24.0,-17.0,26.0,-19.0,26.0,-20.0,26.0,-21.0,25.0,-20.0,23.0,-19.0,19.0,-17.0,16.0,-14.0,12.0,-10.0,8.0,-6.0,4.0,-1.0,1.0,4.0
1.1362,122.0,-96.0,7.0,0.0,0.0,0.0,0.0,0.0,0.0,0.0,0.0,0.0,-16.0,-20.0,-13.0,-17.0,-10.0,-13.0,-6.0,-10.0,-1.0,-6.0,4.0,-1.0,10.0,2.0,16.0,6.0,21.0,9.0,26.0,11.0,30.0,13.0,31.0,13.0,33.0,14.0,35.0,14.0,33.0,12.0,30.0,10.0,27.0,9.0,22.0,8.0,17.0,6.0,10.0,5.0,3.0,4.0,-3.0,3.0,-12.0,3.0,-18.0,3.0,-23.0,5.0,-27.0,6.0
1.1451,122.0,-96.0,7.0,0.0,0.0,0.0,0.0,0.0,0.0,0.0,0.0,0.0,-18.0,4.0,-19.0,4.0,-18.0,3.0,-19.0,3.0,-19.0,2.0,-19.0,2.0,-19.0,1.0,-19.0,1.0,-19.0,1.0,-18.0,0.0,-19.0,1.0,-18.0,0.0,-18.0,0.0,-18.0,0.0,-18.0,-1.0,-18.0,0.0,-18.0,-1.0,-17.0,-1.0,-17.0,-1.0,-17.0,0.0,-16.0,0.0,-16.0,0.0,-16.0,0.0,-16.0,0.0,-16.0,0.0,-15.0,1.0
1.1568,122.0,-96.0,7.0,0.0,0.0,0.0,0.0,0.0,0.0,0.0,0.0,0.0,-2.0,-4.0,3.0,-3.0,7.0,0.0,12.0,1.0,17.0,2.0,21.0,3.0,24.0,4.0,27.0,4.0,28.0,3.0,29.0,3.0,27.0,2.0,25.0,2.0,23.0,2.0,19.0,1.0,15.0,2.0,9.0,1.0,3.0,2.0,-3.0,3.0,-8.0,4.0,-13.0,6.0,-17.0,8.0,-20.0,10.0,-23.0,12.0,-24.0,14.0,-24.0,15.0,-24.0,15.0
1.1712,122.0,-96.0,7.0,0.0,0.0,0.0,0.0,0.0,0.0,0.0,0.0,0.0,9.0,23.0,8.0,24.0,8.0,24.0,8.0,22.0,6.0,19.0,6.0,16.0,3.0,12.0,1.0,7.0,-2.0,3.0,-5.0,-1.0,-8.0,-5.0,-11.0,-9.0,-15.0,-12.0,-18.0,-16.0,-20.0,-21.0,-22.0,-21.0,-23.0,-20.0,-23.0,-20.0,-23.0,-19.0,-21.0,-17.0,-19.0,-14.0,-16.0,-12.0,-11.0,-9.0,-7.0,-7.0,-2.0,-5.0,3.0,-3.0
1.184,122.0,-96.0,7.0,0.0,0.0,0.0,0.0,0.0,0.0,0.0,0.0,0.0,13.0,12.0,16.0,14.0,19.0,17.0,20.0,19.0,22.0,21.0,22.0,20.0,22.0,20.0,21.0,18.0,18.0,17.0,15.0,14.0,11.0,11.0,6.0,7.0,1.0,4.0,-5.0,1.0,-10.0,-1.0,-16.0,-4.0,-21.0,-6.0,-26.0,-7.0,-29.0,-8.0,-31.0,-9.0,-33.0,-8.0,-33.0,-8.0,-31.0,-7.0,-28.0,-5.0,-25.0,-4.0,-20.0,-3.0
1.1987,122.0,-96.0,7.0,0.0,0.0,0.0,0.0,0.0,0.0,0.0,0.0,0.0,-14.0,-15.0,-14.0,-16.0,-15.0,-16.0,-15.0,-16.0,-15.0,-17.0,-15.0,-17.0,-15.0,-17.0,-15.0,-18.0,-15.0,-18.0,-15.0,-19.0,-14.0,-19.0,-14.0,-18.0,-15.0,-19.0,-15.0,-20.0,-14.0,-20.0,-14.0,-19.0,-14.0,-20.0,-14.0,-21.0,-14.0,-21.0,-14.0,-20.0,-14.0,-20.0,-14.0,-19.0,-14.0,-20.0,-14.0,-20.0,-13.0,-19.0,-14.0,-18.0
1.2126,122.0,-96.0,7.0,0.0,0.0,0.0,0.0,0.0,0.0,0.0,0.0,0.0,6.0,-25.0,5.0,-21.0,4.0,-16.0,4.0,-10.0,3.0,-4.0,3.0,3.0,4.0,9.0,4.0,16.0,4.0,22.0,5.0,27.0,6.0,31.0,7.0,34.0,8.0,36.0,8.0,36.0,9.0,34.0,9.0,30.0,8.0,27.0,6.0,22.0,4.0,18.0,2.0,11.0,-2.0,5.0,-5.0,-1.0,-10.0,-7.0,-14.0,-12.0,-18.0,-15.0,-22.0,-18.0
1.2256,122.0,-96.0,7.0,0.0,0.0,0.0,0.0,0.0,0.0,0.0,0.0,0.0,-9.0,13.0,-11.0,17.0,-13.0,19.0,-15.0,21.0,-15.0,23.0,-16.0,23.0,-15.0,23.0,-14.0,21.0,-13.0,19.0,-11.0,15.0,-9.0,11.0,-6.0,7.0,-4.0,1.0,-3.0,-4.0,-1.0,-9.0,1.0,-14.0,2.0,-19.0,2.0,-24.0,3.0,-27.0,3.0,-29.0,2.0,-30.0,2.0,-30.0,1.0,-29.0,0.0,-26.0,-1.0,-23.0,-1.0,-18.0
1.2383,122.0,-96.0,7.0,0.0,0.0,0.0,0.0,0.0,0.0,0.0,0.0,0.0,13.0,12.0,15.0,14.0,17.0,16.0,19.0,18.0,20.0,19.0,20.0,18.0,19.0,18.0,18.0,16.0,16.0,15.0,13.0,12.0,9.0,9.0,5.0,6.0,0.0,3.0,-5.0,1.0,-10.0,-2.0,-15.0,-4.0,-20.0,-6.0,-24.0,-6.0,-26.0,-7.0,-28.0,-8.0,-30.0,-7.0,-30.0,-7.0,-28.0,-6.0,-26.0,-5.0,-22.0,-4.0,-18.0,-3.0
1.2523,122.0,-96.0,7.0,0.0,0.0,0.0,0.0,0.0,0.0,0.0,0.0,0.0,12.0,-11.0,16.0,-13.0,18.0,-15.0,20.0,-16.0,21.0,-17.0,22.0,-17.0,21.0,-17.0,20.0,-16.0,18.0,-14.0,15.0,-11.0,11.0,-9.0,7.0,-5.0,4.0,-1.0,0.0,3.0,-3.0,8.0,-7.0,12.0,-10.0,16.0,-11.0,20.0,-13.0,23.0,-14.0,25.0,-14.0,26.0,-13.0,27.0,-12.0,25.0,-10.0,23.0,-9.0,20.0,-7.0,16.0
1.2665,122.0,-96.0,7.0,0.0,0.0,0.0,0.0,0.0,0.0,0.0,0.0,0.0,2.0,-2.0,3.0,3.0,3.0,8.0,4.0,12.0,6.0,17.0,7.0,21.0,8.0,24.0,9.0,26.0,10.0,26.0,10.0,27.0,10.0,25.0,10.0,23.0,8.0,21.0,7.0,17.0,4.0,13.0,2.0,8.0,-1.0,3.0,-5.0,-1.0,-9.0,-5.0,-12.0,-8.0,-17.0,-11.0,-19.0,-12.0,-23.0,-15.0,-24.0,-14.0,-25.0,-14.0,-26.0,-13.0
1.2802,122.0,-96.0,7.0,0.0,0.0,0.0,0.0,0.0,0.0,0.0,0.0,0.0,0.0,-28.0,1.0,-29.0,0.0,-29.0,0.0,-27.0,1.0,-24.0,0.0,-19.0,1.0,-15.0,2.0,-9.0,3.0,-3.0,4.0,3.0,6.0,8.0,7.0,13.0,9.0,18.0,10.0,23.0,11.0,27.0,12.0,29.0,14.0,29.0,14.0,29.0,14.0,28.0,13.0,25.0,12.0,21.0,10.0,17.0,6.0,13.0,3.0,9.0,-1.0,4.0,-6.0,0.0
1.2886,122.0,-96.0,7.0,0.0,0.0,0.0,0.0,0.0,0.0,0.0,0.0,0.0,25.0,-4.0,25.0,-4.0,25.0,-3.0,27.0,-2.0,26.0,-2.0,26.0,-1.0,26.0,0.0,26.0,0.0,26.0,1.0,25.0,1.0,25.0,2.0,25.0,2.0,25.0,2.0,25.0,3.0,24.0,3.0,23.0,3.0,24.0,3.0,23.0,3.0,23.0,3.0,22.0,2.0,22.0,2.0,22.0,2.0,21.0,2.0,21.0,2.0,21.0,1.0,21.0,1.0
1.3046,122.0,-96.0,7.0,0.0,0.0,0.0,0.0,0.0,0.0,0.0,0.0,0.0,-17.0,14.0,-14.0,12.0,-11.0,9.0,-8.0,5.0,-5.0,0.0,-1.0,-5.0,1.0,-10.0,3.0,-15.0,6.0,-20.0,7.0,-24.0,9.0,-28.0,9.0,-30.0,9.0,-32.0,9.0,-32.0,8.0,-31.0,6.0,-28.0,6.0,-25.0,4.0,-21.0,4.0,-16.0,3.0,-10.0,3.0,-4.0,3.0,2.0,4.0,9.0,4.0,14.0,6.0,19.0,9.0,22.0
1.315,122.0,-96.0,7.0,0.0,0.0,0.0,0.0,0.0,0.0,0.0,0.0,0.0,-17.0,2.0,-21.0,1.0,-24.0,2.0,-26.0,2.0,-28.0,3.0,-28.0,3.0,-27.0,2.0,-26.0,3.0,-24.0,1.0,-20.0,1.0,-14.0,0.0,-10.0,0.0,-4.0,-2.0,1.0,-5.0,6.0,-7.0,11.0,-9.0,16.0,-11.0,19.0,-14.0,21.0,-15.0,23.0,-17.0,23.0,-19.0,23.0,-19.0,21.0,-19.0,18.0,-17.0,15.0,-16.0,12.0,-12.0
1.3306,122.0,-96.0,7.0,0.0,0.0,0.0,0.0,0.0,0.0,0.0,0.0,0.0,16.0,0.0,20.0,1.0,23.0,1.0,25.0,2.0,27.0,1.0,27.0,2.0,27.0,2.0,25.0,1.0,22.0,1.0,18.0,1.0,14.0,1.0,8.0,1.0,3.0,2.0,-3.0,3.0,-8.0,4.0,-13.0,5.0,-18.0,7.0,-22.0,9.0,-25.0,10.0,-27.0,11.0,-27.0,12.0,-27.0,13.0,-25.0,13.0,-23.0,12.0,-19.0,11.0,-16.0,8.0
1.3372,122.0,-96.0,7.0,0.0,0.0,0.0,0.0,0.0,0.0,0.0,0.0,0.0,11.0,22.0,11.0,23.0,10.0,23.0,10.0,24.0,9.0,24.0,8.0,24.0,8.0,24.0,7.0,25.0,7.0,24.0,6.0,24.0,5.0,24.0,5.0,24.0,5.0,24.0,5.0,24.0,4.0,24.0,5.0,23.0,4.0,23.0,4.0,23.0,4.0,23.0,4.0,22.0,4.0,22.0,4.0,21.0,4.0,21.0,4.0,21.0,5.0,21.0,5.0,20.0
1.3503,122.0,-96.0,7.0,0.0,0.0,0.0,0.0,0.0,0.0,0.0,0.0,0.0,-14.0,15.0,-17.0,19.0,-20.0,22.0,-21.0,24.0,-23.0,26.0,-23.0,26.0,-22.0,26.0,-21.0,24.0,-19.0,21.0,-16.0,17.0,-12.0,13.0,-9.0,7.0,-6.0,1.0,-2.0,-5.0,0.0,-12.0,3.0,-18.0,5.0,-23.0,6.0,-29.0,6.0,-33.0,6.0,-36.0,6.0,-37.0,5.0,-37.0,5.0,-36.0,3.0,-32.0,2.0,-28.0,2.0,-22.0
1.3643,122.0,-96.0,7.0,0.0,0.0,0.0,0.0,0.0,0.0,0.0,0.0,0.0,-4.0,-1.0,-1.0,-5.0,3.0,-9.0,6.0,-13.0,10.0,-17.0,13.0,-21.0,14.0,-24.0,16.0,-26.0,15.0,-27.0,16.0,-29.0,14.0,-28.0,13.0,-26.0,12.0,-24.0,9.0,-20.0,8.0,-15.0,5.0,-9.0,3.0,-3.0,2.0,3.0,2.0,9.0,1.0,15.0,1.0,21.0,2.0,24.0,2.0,29.0,4.0,29.0,5.0,30.0,6.0,30.0
1.3809,122.0,-96.0,7.0,0.0,0.0,0.0,0.0,0.0,0.0,0.0,0.0,0.0,11.0,-21.0,9.0,-17.0,7.0,-13.0,6.0,-8.0,4.0,-2.0,2.0,5.0,1.0,11.0,0.0,18.0,0.0,23.0,0.0,28.0,-1.0,33.0,0.0,35.0,1.0,36.0,2.0,37.0,2.0,35.0,3.0,31.0,3.0,28.0,2.0,22.0,1.0,17.0,0.0,11.0,-3.0,4.0,-6.0,-2.0,-9.0,-9.0,-12.0,-15.0,-15.0,-18.0,-19.0,-21.0
1.3912,122.0,-96.0,7.0,0.0,0.0,0.0,0.0,0.0,0.0,0.0,0.0,0.0,-9.0,30.0,-10.0,31.0,-10.0,30.0,-9.0,28.0,-8.0,25.0,-7.0,21.0,-7.0,16.0,-5.0,9.0,-5.0,3.0,-5.0,-4.0,-4.0,-10.0,-4.0,-17.0,-5.0,-23.0,-6.0,-28.0,-6.0,-34.0,-6.0,-36.0,-8.0,-37.0,-8.0,-37.0,-8.0,-36.0,-8.0,-32.0,-8.0,-29.0,-7.0,-24.0,-5.0,-18.0,-2.0,-12.0,1.0,-5.0,4.0,1.0
1.4067,122.0,-96.0,7.0,0.0,0.0,0.0,0.0,0.0,0.0,0.0,0.0,0.0,-29.0,0.0,-29.0,-1.0,-30.0,-1.0,-27.0,-1.0,-25.0,-1.0,-20.0,-1.0,-16.0,-2.0,-10.0,-2.0,-4.0,-3.0,2.0,-4.0,7.0,-6.0,13.0,-8.0,18.0,-10.0,22.0,-12.0,26.0,-13.0,28.0,-14.0,29.0,-16.0,29.0,-16.0,28.0,-16.0,25.0,-15.0,21.0,-14.0,18.0,-11.0,13.0,-8.0,9.0,-4.0,4.0,0.0,0.0,4.0
1.4178,122.0,-96.0,7.0,0.0,0.0,0.0,0.0,0.0,0.0,0.0,0.0,0.0,-2.0,-4.0,3.0,-3.0,8.0,-1.0,14.0,0.0,19.0,1.0,23.0,2.0,27.0,1.0,30.0,2.0,31.0,1.0,32.0,1.0,30.0,1.0,28.0,1.0,26.0,1.0,21.0,0.0,16.0,1.0,10.0,0.0,3.0,2.0,-2.0,4.0,-8.0,6.0,-14.0,8.0,-18.0,11.0,-21.0,14.0,-25.0,15.0,-26.0,17.0,-26.0,18.0,-25.0,19.0
1.4254,122.0,-96.0,7.0,0.0,0.0,0.0,0.0,0.0,0.0,0.0,0.0,0.0,7.0,19.0,6.0,20.0,6.0,19.0,5.0,20.0,4.0,20.0,4.0,21.0,4.0,20.0,4.0,21.0,3.0,20.0,3.0,20.0,2.0,20.0,2.0,20.0,2.0,20.0,1.0,20.0,1.0,20.0,1.0,19.0,1.0,20.0,0.0,19.0,0.0,19.0,1.0,18.0,1.0,18.0,1.0,17.0,1.0,17.0,1.0,17.0,1.0,17.0,1.0,17.0
1.4396,122.0,-96.0,7.0,0.0,0.0,0.0,0.0,0.0,0.0,0.0,0.0,0.0,-20.0,-11.0,-25.0,-13.0,-27.0,-15.0,-30.0,-16.0,-31.0,-17.0,-32.0,-17.0,-30.0,-16.0,-28.0,-15.0,-25.0,-14.0,-20.0,-11.0,-15.0,-9.0,-9.0,-6.0,-2.0,-5.0,5.0,-3.0,12.0,-2.0,18.0,0.0,24.0,0.0,29.0,0.0,33.0,0.0,36.0,-1.0,37.0,-1.0,36.0,-2.0,34.0,-2.0,31.0,-3.0,27.0,-3.0,22.0,-3.0
1.4532,122.0,-96.0,7.0,0.0,0.0,0.0,0.0,0.0,0.0,0.0,0.0,0.0,2.0,-3.0,5.0,2.0,7.0,8.0,10.0,13.0,13.0,18.0,16.0,22.0,18.0,25.0,20.0,28.0,21.0,28.0,22.0,28.0,22.0,26.0,20.0,24.0,18.0,22.0,15.0,18.0,10.0,14.0,6.0,8.0,0.0,4.0,-7.0,1.0,-12.0,-3.0,-18.0,-6.0,-24.0,-8.0,-28.0,-8.0,-32.0,-10.0,-34.0,-8.0,-36.0,-8.0,-35.0,-7.0
1.4673,122.0,-96.0,7.0,0.0,0.0,0.0,0.0,0.0,0.0,0.0,0.0,0.0,-3.0,-29.0,-3.0,-29.0,-3.0,-29.0,-3.0,-27.0,-2.0,-24.0,-2.0,-19.0,-1.0,-15.0,0.0,-9.0,2.0,-4.0,4.0,2.0,6.0,7.0,9.0,12.0,11.0,17.0,13.0,22.0,14.0,26.0,16.0,27.0,17.0,27.0,18.0,28.0,17.0,26.0,16.0,24.0,15.0,20.0,12.0,16.0,8.0,13.0,4.0,9.0,0.0,4.0,-5.0,0.0
1.4802,122.0,-96.0,7.0,0.0,0.0,0.0,0.0,0.0,0.0,0.0,0.0,0.0,11.0,-15.0,14.0,-18.0,15.0,-21.0,17.0,-23.0,18.0,-25.0,18.0,-25.0,18.0,-24.0,17.0,-23.0,15.0,-21.0,12.0,-17.0,10.0,-13.0,6.0,-8.0,4.0,-2.0,1.0,4.0,0.0,10.0,-3.0,15.0,-5.0,20.0,-5.0,25.0,-6.0,29.0,-5.0,31.0,-4.0,32.0,-4.0,32.0,-3.0,30.0,-2.0,28.0,-2.0,24.0,-1.0,19.0
1.4891,122.0,-96.0,7.0,0.0,0.0,0.0,0.0,0.0,0.0,0.0,0.0,0.0,0.0,22.0,-1.0,22.0,-2.0,23.0,-3.0,23.0,-3.0,23.0,-4.0,22.0,-4.0,22.0,-5.0,22.0,-6.0,22.0,-6.0,22.0,-6.0,22.0,-6.0,21.0,-6.0,21.0,-6.0,21.0,-7.0,20.0,-7.0,20.0,-7.0,20.0,-7.0,20.0,-7.0,19.0,-7.0,19.0,-7.0,19.0,-7.0,18.0,-7.0,19.0,-6.0,18.0,-6.0,18.0,-5.0,18.0
1.5029,122.0,-96.0,7.0,0.0,0.0,0.0,0.0,0.0,0.0,0.0,0.0,0.0,-2.0,22.0,-2.0,18.0,-2.0,13.0,-2.0,9.0,-4.0,3.0,-4.0,-3.0,-6.0,-8.0,-7.0,-14.0,-9.0,-19.0,-11.0,-23.0,-12.0,-27.0,-13.0,-29.0,-14.0,-30.0,-15.0,-31.0,-15.0,-29.0,-15.0,-25.0,-13.0,-23.0,-10.0,-19.0,-8.0,-15.0,-4.0,-10.0,0.0,-6.0,4.0,-1.0,9.0,4.0,13.0,8.0,17.0,10.0,21.0,11.0
1.5164,122.0,-96.0,7.0,0.0,0.0,0.0,0.0,0.0,0.0,0.0,0.0,0.0,-4.0,0.0,-4.0,-6.0,-3.0,-12.0,-3.0,-17.0,-2.0,-24.0,-3.0,-29.0,-3.0,-32.0,-3.0,-36.0,-4.0,-36.0,-4.0,-37.0,-5.0,-35.0,-5.0,-32.0,-4.0,-29.0,-4.0,-24.0,-2.0,-18.0,-1.0,-11.0,1.0,-4.0,5.0,1.0,8.0,8.0,11.0,13.0,15.0,18.0,18.0,21.0,22.0,25.0,24.0,25.0,25.0,25.0,25.0,24.0
1.5314,122.0,-96.0,7.0,0.0,0.0,0.0,0.0,0.0,0.0,0.0,0.0,0.0,16.0,-19.0,13.0,-16.0,10.0,-12.0,8.0,-7.0,4.0,-2.0,1.0,5.0,-1.0,10.0,-3.0,17.0,-6.0,22.0,-6.0,27.0,-8.0,31.0,-8.0,34.0,-7.0,36.0,-7.0,37.0,-6.0,36.0,-5.0,31.0,-4.0,28.0,-4.0,23.0,-4.0,18.0,-3.0,11.0,-4.0,4.0,-5.0,-3.0,-7.0,-10.0,-8.0,-17.0,-11.0,-21.0,-13.0,-25.0
1.5407,122.0,-96.0,7.0,0.0,0.0,0.0,0.0,0.0,0.0,0.0,0.0,0.0,0.0,-20.0,0.0,-20.0,0.0,-20.0,1.0,-20.0,2.0,-20.0,2.0,-21.0,2.0,-21.0,3.0,-21.0,3.0,-20.0,3.0,-20.0,4.0,-20.0,4.0,-20.0,4.0,-19.0,5.0,-19.0,5.0,-19.0,5.0,-19.0,5.0,-18.0,5.0,-18.0,5.0,-18.0,5.0,-18.0,4.0,-18.0,4.0,-18.0,4.0,-17.0,4.0,-17.0,4.0,-17.0,3.0,-17.0
1.5535,122.0,-96.0,7.0,0.0,0.0,0.0,0.0,0.0,0.0,0.0,0.0,0.0,2.0,25.0,2.0,25.0,2.0,26.0,3.0,24.0,2.0,21.0,1.0,18.0,0.0,14.0,-1.0,8.0,-2.0,3.0,-5.0,-1.0,-7.0,-7.0,-9.0,-11.0,-11.0,-16.0,-13.0,-20.0,-14.0,-24.0,-16.0,-25.0,-18.0,-25.0,-18.0,-25.0,-17.0,-24.0,-16.0,-22.0,-15.0,-19.0,-13.0,-16.0,-8.0,-12.0,-5.0,-8.0,0.0,-4.0,4.0,-1.0
1.5671,122.0,-96.0,7.0,0.0,0.0,0.0,0.0,0.0,0.0,0.0,0.0,0.0,-5.0,2.0,-4.0,-4.0,-3.0,-10.0,-3.0,-16.0,-3.0,-23.0,-4.0,-28.0,-5.0,-32.0,-5.0,-35.0,-7.0,-36.0,-7.0,-37.0,-7.0,-35.0,-6.0,-33.0,-5.0,-30.0,-5.0,-25.0,-3.0,-19.0,-2.0,-12.0,1.0,-5.0,5.0,1.0,8.0,6.0,13.0,12.0,16.0,17.0,20.0,19.0,23.0,23.0,25.0,23.0,27.0,23.0,27.0,22.0
1.5817,122.0,-96.0,7.0,0.0,0.0,0.0,0.0,0.0,0.0,0.0,0.0,0.0,-1.0,4.0,-6.0,0.0,-10.0,-4.0,-15.0,-7.0,-20.0,-11.0,-25.0,-13.0,-28.0,-15.0,-31.0,-17.0,-33.0,-16.0,-34.0,-17.0,-32.0,-15.0,-31.0,-14.0,-28.0,-13.0,-23.0,-10.0,-17.0,-9.0,-11.0,-6.0,-3.0,-4.0,4.0,-4.0,10.0,-3.0,17.0,-4.0,24.0,-4.0,27.0,-6.0,33.0,-6.0,33.0,-8.0,35.0,-9.0,34.0,-10.0
1.5954,122.0,-96.0,7.0,0.0,0.0,0.0,0.0,0.0,0.0,0.0,0.0,0.0,19.0,-21.0,19.0,-21.0,20.0,-21.0,18.0,-20.0,17.0,-18.0,13.0,-15.0,11.0,-11.0,7.0,-6.0,4.0,-2.0,1.0,4.0,-1.0,9.0,-4.0,14.0,-6.0,19.0,-8.0,24.0,-10.0,27.0,-11.0,30.0,-10.0,31.0,-10.0,32.0,-9.0,30.0,-8.0,28.0,-7.0,24.0,-6.0,20.0,-5.0,15.0,-4.0,9.0,-4.0,3.0,-4.0,-4.0
1.6083,122.0,-96.0,7.0,0.0,0.0,0.0,0.0,0.0,0.0,0.0,0.0,0.0,-24.0,15.0,-19.0,13.0,-16.0,9.0,-11.0,4.0,-6.0,0.0,-1.0,-6.0,3.0,-13.0,8.0,-19.0,12.0,-24.0,14.0,-29.0,18.0,-33.0,18.0,-35.0,19.0,-38.0,19.0,-39.0,17.0,-37.0,13.0,-34.0,12.0,-30.0,10.0,-25.0,8.0,-19.0,6.0,-12.0,5.0,-4.0,4.0,4.0,3.0,12.0,2.0,20.0,4.0,26.0,5.0,30.0
1.6242,122.0,-96.0,7.0,0.0,0.0,0.0,0.0,0.0,0.0,0.0,0.0,0.0,-15.0,-14.0,-16.0,-15.0,-16.0,-15.0,-16.0,-15.0,-16.0,-16.0,-16.0,-17.0,-16.0,-17.0,-15.0,-18.0,-15.0,-17.0,-16.0,-18.0,-15.0,-18.0,-15.0,-18.0,-15.0,-19.0,-15.0,-19.0,-15.0,-20.0,-15.0,-19.0,-15.0,-19.0,-15.0,-20.0,-15.0,-21.0,-14.0,-20.0,-14.0,-20.0,-14.0,-20.0,-14.0,-20.0,-14.0,-19.0,-14.0,-19.0,-14.0,-18.0
1.6375,122.0,-96.0,7.0,0.0,0.0,0.0,0.0,0.0,0.0,0.0,0.0,0.0,12.0,13.0,14.0,15.0,16.0,17.0,17.0,19.0,19.0,20.0,19.0,20.0,18.0,19.0,17.0,18.0,15.0,16.0,12.0,13.0,8.0,10.0,4.0,6.0,-1.0,4.0,-5.0,-1.0,-9.0,-2.0,-14.0,-5.0,-19.0,-7.0,-23.0,-8.0,-26.0,-9.0,-28.0,-10.0,-29.0,-9.0,-29.0,-9.0,-28.0,-8.0,-25.0,-7.0,-22.0,-5.0,-17.0,-4.0
1.6506,122.0,-96.0,7.0,0.0,0.0,0.0,0.0,0.0,0.0,0.0,0.0,0.0,18.0,-6.0,23.0,-7.0,25.0,-8.0,28.0,-8.0,29.0,-9.0,29.0,-9.0,28.0,-9.0,26.0,-9.0,23.0,-7.0,19.0,-6.0,14.0,-4.0,8.0,-2.0,3.0,1.0,-3.0,5.0,-7.0,9.0,-12.0,11.0,-17.0,15.0,-19.0,18.0,-22.0,21.0,-23.0,22.0,-23.0,24.0,-23.0,24.0,-21.0,23.0,-18.0,21.0,-15.0,19.0,-13.0,15.0
1.6611,122.0,-96.0,7.0,0.0,0.0,0.0,0.0,0.0,0.0,0.0,0.0,0.0,-19.0,-2.0,-20.0,-3.0,-19.0,-3.0,-19.0,-4.0,-19.0,-4.0,-19.0,-5.0,-19.0,-5.0,-19.0,-5.0,-19.0,-6.0,-18.0,-6.0,-18.0,-7.0,-18.0,-7.0,-18.0,-7.0,-18.0,-7.0,-17.0,-7.0,-17.0,-7.0,-17.0,-7.0,-17.0,-7.0,-17.0,-7.0,-16.0,-7.0,-16.0,-6.0,-16.0,-6.0,-16.0,-6.0,-16.0,-6.0,-16.0,-6.0,-16.0,-6.0
1.6756,122.0,-96.0,7.0,0.0,0.0,0.0,0.0,0.0,0.0,0.0,0.0,0.0,-9.0,26.0,-9.0,27.0,-9.0,26.0,-7.0,25.0,-8.0,21.0,-7.0,18.0,-6.0,13.0,-5.0,6.0,-4.0,1.0,-4.0,-5.0,-4.0,-11.0,-4.0,-16.0,-5.0,-22.0,-5.0,-26.0,-5.0,-30.0,-6.0,-32.0,-6.0,-33.0,-7.0,-34.0,-8.0,-31.0,-8.0,-29.0,-7.0,-25.0,-6.0,-21.0,-4.0,-15.0,-1.0,-10.0,1.0,-5.0,5.0,1.0
1.691,122.0,-96.0,7.0,0.0,0.0,0.0,0.0,0.0,0.0,0.0,0.0,0.0,2.0,3.0,-3.0,3.0,-9.0,3.0,-14.0,4.0,-20.0,5.0,-24.0,6.0,-27.0,7.0,-31.0,8.0,-31.0,9.0,-31.0,9.0,-30.0,9.0,-28.0,9.0,-26.0,8.0,-21.0,7.0,-17.0,4.0,-10.0,2.0,-5.0,-1.0,0.0,-6.0,5.0,-9.0,9.0,-14.0,13.0,-18.0,14.0,-21.0,17.0,-24.0,17.0,-26.0,17.0,-28.0,16.0,-28.0
1.7052,122.0,-96.0,7.0,0.0,0.0,0.0,0.0,0.0,0.0,0.0,0.0,0.0,24.0,6.0,20.0,5.0,15.0,4.0,9.0,4.0,3.0,3.0,-4.0,3.0,-11.0,4.0,-17.0,4.0,-23.0,5.0,-28.0,6.0,-33.0,6.0,-35.0,8.0,-36.0,9.0,-37.0,9.0,-35.0,9.0,-31.0,10.0,-28.0,9.0,-23.0,7.0,-18.0,5.0,-12.0,2.0,-6.0,-2.0,0.0,-6.0,7.0,-10.0,12.0,-14.0,15.0,-18.0,17.0,-23.0
1.7179,122.0,-96.0,7.0,0.0,0.0,0.0,0.0,0.0,0.0,0.0,0.0,0.0,-4.0,-4.0,2.0,-5.0,8.0,-6.0,14.0,-8.0,20.0,-10.0,25.0,-12.0,28.0,-13.0,31.0,-15.0,32.0,-16.0,32.0,-17.0,30.0,-18.0,28.0,-17.0,26.0,-15.0,21.0,-13.0,17.0,-9.0,9.0,-5.0,4.0,0.0,0.0,5.0,-5.0,11.0,-9.0,16.0,-12.0,22.0,-13.0,25.0,-15.0,29.0,-14.0,32.0,-14.0,33.0,-13.0,33.0
1.7317,122.0,-96.0,7.0,0.0,0.0,0.0,0.0,0.0,0.0,0.0,0.0,0.0,1.0,3.0,-4.0,3.0,-9.0,1.0,-15.0,1.0,-20.0,0.0,-25.0,1.0,-28.0,1.0,-32.0,1.0,-32.0,2.0,-33.0,2.0,-31.0,2.0,-29.0,2.0,-27.0,1.0,-22.0,2.0,-17.0,0.0,-11.0,0.0,-4.0,-2.0,1.0,-5.0,7.0,-8.0,12.0,-11.0,17.0,-14.0,19.0,-17.0,23.0,-19.0,22.0,-21.0,23.0,-22.0,22.0,-23.0
1.7413,122.0,-96.0,7.0,0.0,0.0,0.0,0.0,0.0,0.0,0.0,0.0,0.0,18.0,-19.0,19.0,-19.0,20.0,-18.0,20.0,-18.0,20.0,-17.0,21.0,-17.0,21.0,-17.0,22.0,-16.0,21.0,-16.0,22.0,-15.0,22.0,-15.0,22.0,-14.0,22.0,-14.0,22.0,-14.0,22.0,-13.0,22.0,-13.0,21.0,-13.0,22.0,-13.0,21.0,-12.0,21.0,-13.0,20.0,-13.0,20.0,-13.0,20.0,-12.0,19.0,-12.0,19.0,-12.0,18.0,-13.0
1.7567,122.0,-96.0,7.0,0.0,0.0,0.0,0.0,0.0,0.0,0.0,0.0,0.0,21.0,5.0,17.0,4.0,13.0,3.0,8.0,3.0,2.0,3.0,-4.0,3.0,-9.0,4.0,-15.0,5.0,-21.0,6.0,-25.0,7.0,-29.0,7.0,-31.0,9.0,-32.0,10.0,-32.0,10.0,-31.0,10.0,-27.0,10.0,-25.0,9.0,-20.0,7.0,-16.0,5.0,-10.0,2.0,-5.0,-2.0,0.0,-5.0,4.0,-10.0,9.0,-14.0,11.0,-18.0,13.0,-22.0
1.7701,122.0,-96.0,7.0,0.0,0.0,0.0,0.0,0.0,0.0,0.0,0.0,0.0,-4.0,0.0,-4.0,-6.0,-3.0,-12.0,-3.0,-18.0,-3.0,-24.0,-3.0,-29.0,-4.0,-32.0,-4.0,-36.0,-6.0,-36.0,-6.0,-37.0,-6.0,-35.0,-6.0,-32.0,-5.0,-29.0,-5.0,-24.0,-3.0,-18.0,-1.0,-11.0,2.0,-4.0,6.0,2.0,9.0,7.0,13.0,12.0,17.0,17.0,20.0,19.0,24.0,23.0,26.0,22.0,27.0,22.0,28.0,21.0
1.784,122.0,-96.0,7.0,0.0,0.0,0.0,0.0,0.0,0.0,0.0,0.0,0.0,8.0,-17.0,10.0,-21.0,11.0,-24.0,13.0,-26.0,14.0,-28.0,14.0,-28.0,14.0,-27.0,12.0,-26.0,12.0,-23.0,9.0,-19.0,7.0,-14.0,5.0,-9.0,4.0,-3.0,2.0,4.0,1.0,10.0,0.0,16.0,0.0,22.0,0.0,26.0,0.0,29.0,0.0,32.0,2.0,33.0,1.0,33.0,3.0,30.0,4.0,27.0,3.0,23.0,2.0,18.0
1.7953,122.0,-96.0,7.0,0.0,0.0,0.0,0.0,0.0,0.0,0.0,0.0,0.0,8.0,15.0,8.0,16.0,9.0,16.0,8.0,16.0,8.0,17.0,8.0,18.0,8.0,17.0,8.0,18.0,8.0,18.0,8.0,19.0,8.0,19.0,7.0,18.0,7.0,19.0,7.0,19.0,7.0,20.0,7.0,19.0,7.0,19.0,7.0,20.0,7.0,20.0,7.0,19.0,7.0,19.0,7.0,19.0,7.0,19.0,7.0,19.0,7.0,18.0,7.0,18.0
1.8106,122.0,-96.0,7.0,0.0,0.0,0.0,0.0,0.0,0.0,0.0,0.0,0.0,4.0,20.0,3.0,16.0,2.0,12.0,-1.0,8.0,-3.0,2.0,-6.0,-3.0,-9.0,-7.0,-12.0,-12.0,-15.0,-17.0,-18.0,-19.0,-21.0,-23.0,-22.0,-23.0,-24.0,-24.0,-24.0,-24.0,-24.0,-23.0,-21.0,-19.0,-19.0,-17.0,-15.0,-14.0,-12.0,-11.0,-7.0,-8.0,-1.0,-5.0,5.0,-2.0,11.0,0.0,16.0,2.0,21.0,2.0,25.0,1.0
1.825,122.0,-96.0,7.0,0.0,0.0,0.0,0.0,0.0,0.0,0.0,0.0,0.0,10.0,23.0,9.0,23.0,9.0,23.0,9.0,21.0,7.0,19.0,6.0,15.0,4.0,12.0,1.0,7.0,-2.0,3.0,-6.0,-1.0,-10.0,-5.0,-13.0,-9.0,-16.0,-12.0,-19.0,-15.0,-21.0,-18.0,-24.0,-19.0,-24.0,-19.0,-25.0,-19.0,-24.0,-17.0,-22.0,-16.0,-19.0,-13.0,-15.0,-11.0,-11.0,-9.0,-7.0,-7.0,-2.0,-4.0,4.0,-3.0
1.8389,122.0,-96.0,7.0,0.0,0.0,0.0,0.0,0.0,0.0,0.0,0.0,0.0,19.0,-9.0,15.0,-7.0,11.0,-5.0,7.0,-2.0,3.0,2.0,-2.0,6.0,-5.0,9.0,-9.0,14.0,-13.0,17.0,-15.0,21.0,-18.0,24.0,-18.0,26.0,-18.0,27.0,-18.0,28.0,-17.0,27.0,-14.0,25.0,-13.0,21.0,-10.0,17.0,-9.0,13.0,-6.0,7.0,-5.0,1.0,-3.0,-5.0,-3.0,-12.0,-2.0,-17.0,-3.0,-22.0,-4.0,-26.0
1.8562,122.0,-96.0,7.0,0.0,0.0,0.0,0.0,0.0,0.0,0.0,0.0,0.0,20.0,10.0,20.0,10.0,20.0,10.0,19.0,10.0,17.0,9.0,13.0,7.0,10.0,6.0,5.0,4.0,1.0,3.0,-4.0,2.0,-9.0,1.0,-13.0,1.0,-17.0,0.0,-21.0,0.0,-25.0,0.0,-27.0,0.0,-27.0,1.0,-28.0,1.0,-27.0,1.0,-24.0,2.0,-21.0,3.0,-17.0,2.0,-13.0,0.0,-9.0,-1.0,-3.0,-3.0,1.0,-5.0
1.8661,122.0,-96.0,7.0,0.0,0.0,0.0,0.0,0.0,0.0,0.0,0.0,0.0,-15.0,-15.0,-17.0,-18.0,-20.0,-20.0,-21.0,-21.0,-23.0,-22.0,-23.0,-22.0,-22.0,-22.0,-20.0,-20.0,-18.0,-18.0,-14.0,-15.0,-10.0,-11.0,-6.0,-8.0,0.0,-5.0,5.0,-1.0,11.0,1.0,16.0,4.0,21.0,6.0,25.0,8.0,28.0,9.0,31.0,9.0,32.0,8.0,32.0,8.0,30.0,7.0,27.0,5.0,23.0,4.0,18.0,3.0
1.8769,122.0,-96.0,7.0,0.0,0.0,0.0,0.0,0.0,0.0,0.0,0.0,0.0,-20.0,1.0,-20.0,1.0,-20.0,0.0,-21.0,0.0,-20.0,-1.0,-21.0,-1.0,-20.0,-2.0,-20.0,-2.0,-20.0,-3.0,-20.0,-3.0,-20.0,-3.0,-20.0,-3.0,-20.0,-4.0,-20.0,-4.0,-19.0,-4.0,-19.0,-4.0,-19.0,-4.0,-19.0,-5.0,-19.0,-5.0,-18.0,-4.0,-18.0,-4.0,-18.0,-4.0,-18.0,-4.0,-18.0,-4.0,-17.0,-3.0,-17.0,-3.0
1.888,122.0,-96.0,7.0,0.0,0.0,0.0,0.0,0.0,0.0,0.0,0.0,0.0,-10.0,-18.0,-9.0,-18.0,-9.0,-18.0,-9.0,-19.0,-8.0,-19.0,-7.0,-19.0,-7.0,-19.0,-7.0,-20.0,-6.0,-20.0,-6.0,-20.0,-5.0,-19.0,-5.0,-19.0,-5.0,-19.0,-5.0,-19.0,-4.0,-19.0,-5.0,-19.0,-5.0,-19.0,-4.0,-19.0,-4.0,-18.0,-4.0,-18.0,-4.0,-18.0,-5.0,-18.0,-4.0,-18.0,-5.0,-17.0,-5.0,-17.0,-5.0,-17.0
1.8983,122.0,-96.0,7.0,0.0,0.0,0.0,0.0,0.0,0.0,0.0,0.0,0.0,-17.0,18.0,-18.0,18.0,-18.0,18.0,-19.0,18.0,-19.0,17.0,-20.0,16.0,-20.0,16.0,-21.0,15.0,-21.0,15.0,-21.0,14.0,-21.0,14.0,-21.0,14.0,-21.0,14.0,-21.0,13.0,-22.0,13.0,-21.0,12.0,-21.0,13.0,-21.0,12.0,-21.0,12.0,-20.0,12.0,-20.0,12.0,-19.0,12.0,-20.0,11.0,-19.0,12.0,-18.0,12.0,-18.0,12.0
1.9123,122.0,-96.0,7.0,0.0,0.0,0.0,0.0,0.0,0.0,0.0,0.0,0.0,-21.0,-2.0,-21.0,-2.0,-22.0,-1.0,-22.0,-2.0,-22.0,-3.0,-23.0,-3.0,-23.0,-3.0,-24.0,-4.0,-23.0,-4.0,-24.0,-4.0,-24.0,-4.0,-24.0,-4.0,-24.0,-5.0,-24.0,-5.0,-24.0,-6.0,-23.0,-5.0,-24.0,-6.0,-24.0,-7.0,-24.0,-6.0,-24.0,-6.0,-24.0,-6.0,-24.0,-6.0,-24.0,-6.0,-24.0,-6.0,-23.0,-6.0,-23.0,-5.0
1.9265,122.0,-96.0,7.0,0.0,0.0,0.0,0.0,0.0,0.0,0.0,0.0,0.0,22.0,-8.0,18.0,-7.0,13.0,-5.0,9.0,-2.0,3.0,2.0,-3.0,6.0,-7.0,10.0,-12.0,15.0,-16.0,19.0,-18.0,22.0,-21.0,26.0,-22.0,28.0,-22.0,30.0,-23.0,30.0,-21.0,29.0,-17.0,26.0,-16.0,24.0,-13.0,18.0,-11.0,14.0,-8.0,7.0,-6.0,1.0,-3.0,-6.0,-2.0,-13.0,-1.0,-20.0,-2.0,-24.0,-3.0,-29.0
1.9402,122.0,-96.0,7.0,0.0,0.0,0.0,0.0,0.0,0.0,0.0,0.0,0.0,-3.0,-2.0,0.0,-6.0,3.0,-9.0,6.0,-13.0,9.0,-17.0,11.0,-20.0,12.0,-23.0,13.0,-25.0,13.0,-26.0,13.0,-27.0,11.0,-25.0,10.0,-24.0,9.0,-21.0,7.0,-17.0,7.0,-13.0,4.0,-8.0,3.0,-2.0,3.0,4.0,3.0,9.0,3.0,14.0,4.0,19.0,5.0,22.0,6.0,26.0,8.0,26.0,8.0,27.0,9.0,26.0
1.9552,122.0,-96.0,7.0,0.0,0.0,0.0,0.0,0.0,0.0,0.0,0.0,0.0,-21.0,-11.0,-22.0,-11.0,-21.0,-11.0,-20.0,-10.0,-18.0,-9.0,-15.0,-8.0,-11.0,-7.0,-6.0,-5.0,-2.0,-4.0,3.0,-3.0,8.0,-3.0,12.0,-2.0,16.0,-2.0,21.0,-2.0,24.0,-2.0,26.0,-2.0,27.0,-3.0,26.0,-3.0,25.0,-4.0,23.0,-4.0,20.0,-4.0,16.0,-3.0,12.0,-2.0,8.0,0.0,3.0,1.0,-2.0,4.0
1.9687,122.0,-96.0,7.0,0.0,0.0,0.0,0.0,0.0,0.0,0.0,0.0,0.0,-13.0,14.0,-16.0,16.0,-19.0,19.0,-20.0,20.0,-22.0,22.0,-22.0,22.0,-21.0,22.0,-19.0,20.0,-18.0,18.0,-15.0,14.0,-12.0,10.0,-8.0,6.0,-5.0,0.0,-2.0,-6.0,0.0,-11.0,3.0,-17.0,4.0,-22.0,5.0,-27.0,6.0,-30.0,6.0,-32.0,5.0,-33.0,5.0,-33.0,4.0,-32.0,2.0,-28.0,2.0,-25.0,1.0,-19.0
1.982,122.0,-96.0,7.0,0.0,0.0,0.0,0.0,0.0,0.0,0.0,0.0,0.0,-21.0,13.0,-19.0,10.0,-15.0,7.0,-9.0,3.0,-4.0,-1.0,0.0,-7.0,2.0,-11.0,7.0,-17.0,9.0,-22.0,13.0,-27.0,15.0,-29.0,15.0,-32.0,14.0,-35.0,15.0,-35.0,14.0,-33.0,11.0,-30.0,9.0,-27.0,7.0,-22.0,6.0,-16.0,6.0,-11.0,4.0,-3.0,4.0,5.0,4.0,12.0,4.0,18.0,5.0,22.0,8.0,28.0
1.9974,122.0,-96.0,7.0,0.0,0.0,0.0,0.0,0.0,0.0,0.0,0.0,0.0,-9.0,-19.0,-10.0,-23.0,-11.0,-25.0,-12.0,-27.0,-12.0,-29.0,-13.0,-29.0,-12.0,-28.0,-11.0,-26.0,-9.0,-23.0,-8.0,-19.0,-5.0,-14.0,-2.0,-9.0,1.0,-4.0,5.0,1.0,10.0,5.0,13.0,10.0,17.0,13.0,21.0,16.0,23.0,18.0,26.0,19.0,27.0,19.0,27.0,19.0,25.0,16.0,24.0,14.0,20.0,11.0,16.0,9.0
2.0109,122.0,-96.0,7.0,0.0,0.0,0.0,0.0,0.0,0.0,0.0,0.0,0.0,18.0,0.0,21.0,0.0,24.0,0.0,26.0,0.0,27.0,0.0,28.0,0.0,26.0,0.0,24.0,-1.0,21.0,0.0,17.0,0.0,13.0,0.0,7.0,1.0,2.0,2.0,-4.0,4.0,-9.0,6.0,-14.0,8.0,-18.0,9.0,-21.0,11.0,-24.0,13.0,-26.0,14.0,-26.0,16.0,-26.0,16.0,-23.0,15.0,-21.0,14.0,-17.0,13.0,-14.0,10.0
2.0205,122.0,-96.0,7.0,0.0,0.0,0.0,0.0,0.0,0.0,0.0,0.0,0.0,-1.0,19.0,-1.0,19.0,-2.0,20.0,-2.0,19.0,-3.0,20.0,-3.0,20.0,-3.0,20.0,-4.0,20.0,-4.0,19.0,-5.0,19.0,-6.0,19.0,-6.0,19.0,-6.0,18.0,-6.0,18.0,-6.0,18.0,-6.0,18.0,-6.0,17.0,-6.0,18.0,-6.0,17.0,-5.0,17.0,-5.0,17.0,-5.0,16.0,-5.0,16.0,-5.0,16.0,-5.0,16.0,-4.0,16.0
2.0345,122.0,-96.0,7.0,0.0,0.0,0.0,0.0,0.0,0.0,0.0,0.0,0.0,16.0,22.0,16.0,23.0,16.0,22.0,16.0,21.0,13.0,19.0,10.0,16.0,8.0,13.0,4.0,8.0,-1.0,4.0,-5.0,1.0,-11.0,-3.0,-15.0,-5.0,-20.0,-8.0,-25.0,-10.0,-28.0,-12.0,-31.0,-12.0,-32.0,-12.0,-32.0,-11.0,-31.0,-11.0,-28.0,-9.0,-25.0,-8.0,-20.0,-6.0,-15.0,-5.0,-9.0,-5.0,-3.0,-5.0,3.0,-5.0
2.0495,122.0,-96.0,7.0,0.0,0.0,0.0,0.0,0.0,0.0,0.0,0.0,0.0,-3.0,2.0,-6.0,-2.0,-9.0,-7.0,-12.0,-11.0,-16.0,-15.0,-19.0,-18.0,-21.0,-19.0,-24.0,-22.0,-25.0,-21.0,-25.0,-21.0,-24.0,-19.0,-23.0,-18.0,-20.0,-17.0,-17.0,-13.0,-12.0,-11.0,-7.0,-7.0,-1.0,-4.0,5.0,-3.0,11.0,-1.0,16.0,0.0,22.0,0.0,25.0,-1.0,30.0,0.0,30.0,-2.0,31.0,-3.0,31.0,-3.0
2.0627,122.0,-96.0,7.0,0.0,0.0,0.0,0.0,0.0,0.0,0.0,0.0,0.0,-24.0,-16.0,-24.0,-17.0,-24.0,-16.0,-23.0,-15.0,-20.0,-14.0,-17.0,-11.0,-12.0,-9.0,-7.0,-7.0,-2.0,-5.0,4.0,-4.0,10.0,-2.0,15.0,-1.0,21.0,0.0,25.0,0.0,29.0,1.0,32.0,1.0,33.0,0.0,32.0,0.0,31.0,-1.0,29.0,-2.0,24.0,-2.0,20.0,-2.0,14.0,-1.0,9.0,1.0,3.0,2.0,-3.0,5.0
2.0777,122.0,-96.0,7.0,0.0,0.0,0.0,0.0,0.0,0.0,0.0,0.0,0.0,-2.0,4.0,-7.0,1.0,-12.0,-2.0,-18.0,-4.0,-23.0,-6.0,-28.0,-8.0,-31.0,-8.0,-35.0,-9.0,-36.0,-8.0,-36.0,-8.0,-34.0,-7.0,-32.0,-7.0,-29.0,-6.0,-24.0,-5.0,-18.0,-5.0,-10.0,-4.0,-3.0,-4.0,4.0,-6.0,10.0,-7.0,17.0,-9.0,22.0,-12.0,25.0,-14.0,30.0,-16.0,30.0,-18.0,30.0,-19.0,30.0,-20.0
2.0928,122.0,-96.0,7.0,0.0,0.0,0.0,0.0,0.0,0.0,0.0,0.0,0.0,-1.0,4.0,-7.0,2.0,-13.0,-1.0,-18.0,-3.0,-24.0,-4.0,-29.0,-6.0,-32.0,-5.0,-36.0,-6.0,-36.0,-5.0,-37.0,-5.0,-35.0,-4.0,-32.0,-3.0,-29.0,-3.0,-24.0,-3.0,-18.0,-3.0,-10.0,-2.0,-3.0,-4.0,3.0,-7.0,10.0,-8.0,16.0,-11.0,21.0,-14.0,23.0,-17.0,28.0,-19.0,28.0,-21.0,28.0,-23.0,27.0,-23.0
2.1073,122.0,-96.0,7.0,0.0,0.0,0.0,0.0,0.0,0.0,0.0,0.0,0.0,4.0,-3.0,4.0,3.0,3.0,9.0,4.0,16.0,5.0,21.0,6.0,27.0,8.0,30.0,8.0,34.0,10.0,34.0,10.0,34.0,11.0,32.0,10.0,30.0,9.0,28.0,7.0,22.0,5.0,17.0,2.0,10.0,-2.0,5.0,-7.0,-1.0,-12.0,-6.0,-16.0,-10.0,-21.0,-14.0,-25.0,-16.0,-29.0,-18.0,-31.0,-17.0,-32.0,-17.0,-33.0,-16.0
2.1208,122.0,-96.0,7.0,0.0,0.0,0.0,0.0,0.0,0.0,0.0,0.0,0.0,-22.0,-19.0,-22.0,-20.0,-22.0,-19.0,-21.0,-18.0,-18.0,-17.0,-15.0,-13.0,-11.0,-11.0,-6.0,-8.0,-1.0,-5.0,4.0,-3.0,10.0,-1.0,15.0,1.0,20.0,3.0,25.0,4.0,29.0,5.0,31.0,5.0,32.0,4.0,33.0,4.0,31.0,3.0,29.0,2.0,25.0,1.0,20.0,1.0,14.0,1.0,9.0,2.0,3.0,3.0,-3.0,4.0
2.1299,122.0,-96.0,7.0,0.0,0.0,0.0,0.0,0.0,0.0,0.0,0.0,0.0,2.0,-21.0,2.0,-20.0,2.0,-20.0,3.0,-20.0,4.0,-21.0,4.0,-20.0,4.0,-20.0,5.0,-20.0,5.0,-20.0,6.0,-20.0,6.0,-19.0,6.0,-19.0,6.0,-19.0,7.0,-19.0,7.0,-18.0,6.0,-18.0,6.0,-18.0,7.0,-18.0,6.0,-17.0,6.0,-17.0,6.0,-17.0,6.0,-18.0,5.0,-17.0,6.0,-17.0,5.0,-17.0,5.0,-17.0
2.1434,122.0,-96.0,7.0,0.0,0.0,0.0,0.0,0.0,0.0,0.0,0.0,0.0,2.0,3.0,-4.0,6.0,-9.0,8.0,-14.0,11.0,-19.0,15.0,-23.0,17.0,-25.0,20.0,-28.0,21.0,-28.0,23.0,-28.0,23.0,-26.0,23.0,-24.0,21.0,-22.0,18.0,-17.0,15.0,-14.0,10.0,-9.0,5.0,-5.0,-1.0,-2.0,-7.0,1.0,-13.0,3.0,-20.0,5.0,-25.0,4.0,-29.0,5.0,-34.0,3.0,-35.0,3.0,-36.0,2.0,-36.0
2.1567,122.0,-96.0,7.0,0.0,0.0,0.0,0.0,0.0,0.0,0.0,0.0,0.0,5.0,-27.0,3.0,-22.0,4.0,-16.0,4.0,-10.0,5.0,-2.0,5.0,5.0,7.0,12.0,8.0,19.0,10.0,26.0,12.0,30.0,14.0,34.0,15.0,36.0,17.0,38.0,18.0,38.0,18.0,35.0,17.0,31.0,15.0,27.0,11.0,22.0,8.0,17.0,4.0,11.0,-2.0,5.0,-8.0,0.0,-15.0,-5.0,-20.0,-10.0,-25.0,-11.0,-31.0,-12.0
2.169,122.0,-96.0,7.0,0.0,0.0,0.0,0.0,0.0,0.0,0.0,0.0,0.0,-24.0,5.0,-20.0,5.0,-16.0,3.0,-11.0,0.0,-5.0,-3.0,1.0,-6.0,6.0,-10.0,11.0,-14.0,16.0,-18.0,19.0,-22.0,22.0,-25.0,23.0,-27.0,24.0,-29.0,24.0,-29.0,22.0,-29.0,19.0,-25.0,15.0,-23.0,15.0,-18.0,11.0,-15.0,8.0,-9.0,5.0,-2.0,2.0,5.0,1.0,12.0,-1.0,19.0,0.0,24.0,1.0,28.0
2.1843,122.0,-96.0,7.0,0.0,0.0,0.0,0.0,0.0,0.0,0.0,0.0,0.0,19.0,5.0,15.0,4.0,11.0,3.0,7.0,3.0,2.0,3.0,-4.0,3.0,-8.0,4.0,-14.0,5.0,-19.0,5.0,-22.0,6.0,-26.0,7.0,-27.0,9.0,-28.0,10.0,-29.0,10.0,-27.0,10.0,-22.0,10.0,-21.0,8.0,-17.0,6.0,-13.0,3.0,-9.0,2.0,-5.0,-2.0,0.0,-5.0,3.0,-10.0,7.0,-14.0,9.0,-17.0,9.0,-21.0
2.1979,122.0,-96.0,7.0,0.0,0.0,0.0,0.0,0.0,0.0,0.0,0.0,0.0,15.0,-16.0,12.0,-13.0,9.0,-10.0,7.0,-6.0,4.0,-1.0,1.0,4.0,-1.0,10.0,-3.0,15.0,-5.0,20.0,-5.0,24.0,-7.0,28.0,-6.0,30.0,-6.0,32.0,-6.0,33.0,-5.0,31.0,-3.0,28.0,-3.0,25.0,-3.0,20.0,-3.0,15.0,-3.0,9.0,-4.0,3.0,-5.0,-3.0,-7.0,-10.0,-9.0,-15.0,-11.0,-19.0,-14.0,-22.0
2.2121,122.0,-96.0,7.0,0.0,0.0,0.0,0.0,0.0,0.0,0.0,0.0,0.0,-2.0,18.0,-3.0,21.0,-4.0,24.0,-4.0,26.0,-4.0,27.0,-4.0,27.0,-4.0,26.0,-3.0,24.0,-3.0,21.0,-3.0,17.0,-3.0,12.0,-3.0,7.0,-4.0,2.0,-5.0,-4.0,-6.0,-10.0,-7.0,-14.0,-8.0,-19.0,-11.0,-23.0,-11.0,-25.0,-13.0,-27.0,-14.0,-27.0,-14.0,-27.0,-14.0,-25.0,-13.0,-22.0,-12.0,-19.0,-9.0,-15.0
2.2271,122.0,-96.0,7.0,0.0,0.0,0.0,0.0,0.0,0.0,0.0,0.0,0.0,-19.0,16.0,-20.0,17.0,-20.0,17.0,-18.0,15.0,-17.0,14.0,-14.0,11.0,-11.0,8.0,-8.0,4.0,-5.0,0.0,-2.0,-5.0,1.0,-10.0,3.0,-14.0,5.0,-18.0,7.0,-22.0,9.0,-26.0,9.0,-28.0,8.0,-28.0,9.0,-29.0,8.0,-28.0,6.0,-26.0,5.0,-22.0,4.0,-18.0,4.0,-13.0,3.0,-8.0,3.0,-3.0,3.0,3.0
2.24,122.0,-96.0,7.0,0.0,0.0,0.0,0.0,0.0,0.0,0.0,0.0,0.0,5.0,16.0,6.0,20.0,6.0,23.0,7.0,25.0,8.0,26.0,8.0,26.0,7.0,25.0,7.0,23.0,6.0,21.0,5.0,16.0,3.0,12.0,0.0,7.0,-2.0,3.0,-6.0,-2.0,-10.0,-6.0,-12.0,-10.0,-15.0,-14.0,-19.0,-17.0,-21.0,-18.0,-23.0,-19.0,-24.0,-19.0,-24.0,-19.0,-23.0,-17.0,-21.0,-15.0,-19.0,-12.0,-15.0,-10.0
2.2548,122.0,-96.0,7.0,0.0,0.0,0.0,0.0,0.0,0.0,0.0,0.0,0.0,19.0,-9.0,15.0,-7.0,11.0,-5.0,7.0,-2.0,3.0,2.0,-2.0,6.0,-5.0,10.0,-9.0,14.0,-12.0,18.0,-14.0,22.0,-17.0,25.0,-17.0,26.0,-17.0,28.0,-17.0,28.0,-15.0,27.0,-12.0,25.0,-11.0,22.0,-10.0,17.0,-8.0,13.0,-6.0,7.0,-5.0,1.0,-4.0,-5.0,-4.0,-12.0,-3.0,-18.0,-5.0,-22.0,-6.0,-25.0
2.2688,122.0,-96.0,7.0,0.0,0.0,0.0,0.0,0.0,0.0,0.0,0.0,0.0,-1.0,4.0,-6.0,3.0,-12.0,2.0,-18.0,2.0,-24.0,2.0,-29.0,3.0,-32.0,4.0,-36.0,4.0,-36.0,5.0,-36.0,5.0,-34.0,6.0,-32.0,5.0,-29.0,4.0,-23.0,4.0,-18.0,1.0,-10.0,1.0,-4.0,-3.0,1.0,-7.0,7.0,-11.0,12.0,-15.0,16.0,-20.0,17.0,-24.0,21.0,-27.0,21.0,-29.0,20.0,-30.0,19.0,-30.0
2.279,122.0,-96.0,7.0,0.0,0.0,0.0,0.0,0.0,0.0,0.0,0.0,0.0,-6.0,24.0,-7.0,24.0,-7.0,24.0,-8.0,24.0,-9.0,23.0,-10.0,24.0,-10.0,24.0,-11.0,23.0,-10.0,23.0,-11.0,22.0,-12.0,22.0,-12.0,22.0,-12.0,21.0,-12.0,21.0,-12.0,21.0,-12.0,21.0,-12.0,21.0,-12.0,20.0,-12.0,20.0,-11.0,20.0,-11.0,20.0,-10.0,19.0,-10.0,19.0,-10.0,19.0,-10.0,19.0,-9.0,19.0
2.2923,122.0,-96.0,7.0,0.0,0.0,0.0,0.0,0.0,0.0,0.0,0.0,0.0,-9.0,14.0,-12.0,17.0,-14.0,20.0,-15.0,21.0,-15.0,23.0,-15.0,23.0,-15.0,22.0,-14.0,21.0,-13.0,18.0,-11.0,15.0,-8.0,11.0,-6.0,6.0,-5.0,1.0,-3.0,-5.0,-2.0,-10.0,0.0,-15.0,1.0,-20.0,0.0,-24.0,1.0,-27.0,1.0,-30.0,0.0,-31.0,0.0,-31.0,-2.0,-28.0,-2.0,-26.0,-3.0,-22.0,-2.0,-18.0
2.3066,122.0,-96.0,7.0,0.0,0.0,0.0,0.0,0.0,0.0,0.0,0.0,0.0,-15.0,6.0,-18.0,6.0,-20.0,8.0,-22.0,8.0,-24.0,9.0,-23.0,9.0,-23.0,9.0,-21.0,9.0,-19.0,7.0,-16.0,6.0,-12.0,4.0,-8.0,1.0,-4.0,-2.0,0.0,-5.0,3.0,-8.0,7.0,-11.0,10.0,-14.0,12.0,-18.0,14.0,-19.0,15.0,-22.0,15.0,-23.0,14.0,-23.0,13.0,-22.0,11.0,-20.0,9.0,-18.0,7.0,-14.0
2.3207,122.0,-96.0,7.0,0.0,0.0,0.0,0.0,0.0,0.0,0.0,0.0,0.0,21.0,-7.0,17.0,-6.0,13.0,-4.0,9.0,-2.0,3.0,1.0,-2.0,5.0,-5.0,8.0,-10.0,12.0,-14.0,15.0,-17.0,19.0,-20.0,22.0,-21.0,24.0,-21.0,25.0,-21.0,26.0,-19.0,25.0,-17.0,23.0,-15.0,20.0,-13.0,16.0,-10.0,12.0,-7.0,7.0,-5.0,1.0,-3.0,-5.0,-2.0,-12.0,0.0,-17.0,-1.0,-22.0,-2.0,-26.0
2.335,122.0,-96.0,7.0,0.0,0.0,0.0,0.0,0.0,0.0,0.0,0.0,0.0,-29.0,0.0,-29.0,0.0,-29.0,0.0,-27.0,0.0,-23.0,-1.0,-19.0,-1.0,-15.0,-1.0,-8.0,-2.0,-3.0,-4.0,3.0,-6.0,8.0,-8.0,13.0,-9.0,18.0,-11.0,23.0,-14.0,27.0,-15.0,28.0,-16.0,28.0,-18.0,28.0,-18.0,27.0,-17.0,24.0,-16.0,20.0,-15.0,16.0,-12.0,12.0,-8.0,8.0,-4.0,4.0,0.0,0.0,5.0
2.3496,122.0,-96.0,7.0,0.0,0.0,0.0,0.0,0.0,0.0,0.0,0.0,0.0,-3.0,-20.0,-4.0,-23.0,-4.0,-27.0,-4.0,-29.0,-5.0,-31.0,-5.0,-31.0,-4.0,-30.0,-4.0,-28.0,-4.0,-26.0,-3.0,-21.0,-2.0,-16.0,-1.0,-10.0,2.0,-4.0,4.0,2.0,8.0,7.0,10.0,12.0,13.0,17.0,16.0,20.0,18.0,23.0,20.0,24.0,21.0,25.0,21.0,24.0,21.0,22.0,19.0,19.0,17.0,16.0,13.0,13.0
2.3635,122.0,-96.0,7.0,0.0,0.0,0.0,0.0,0.0,0.0,0.0,0.0,0.0,-23.0,-18.0,-23.0,-18.0,-23.0,-18.0,-21.0,-17.0,-18.0,-15.0,-15.0,-12.0,-11.0,-10.0,-5.0,-7.0,0.0,-5.0,5.0,-3.0,11.0,-1.0,16.0,1.0,21.0,3.0,26.0,3.0,30.0,5.0,32.0,5.0,32.0,4.0,33.0,3.0,31.0,3.0,28.0,2.0,24.0,1.0,20.0,0.0,14.0,1.0,8.0,2.0,3.0,3.0,-4.0,5.0
2.3775,122.0,-96.0,7.0,0.0,0.0,0.0,0.0,0.0,0.0,0.0,0.0,0.0,2.0,3.0,-3.0,6.0,-7.0,10.0,-11.0,13.0,-16.0,17.0,-19.0,22.0,-21.0,25.0,-24.0,27.0,-22.0,28.0,-23.0,28.0,-21.0,27.0,-20.0,25.0,-18.0,22.0,-15.0,18.0,-12.0,13.0,-7.0,7.0,-5.0,0.0,-4.0,-6.0,-2.0,-13.0,-1.0,-20.0,0.0,-26.0,-2.0,-30.0,-1.0,-35.0,-3.0,-36.0,-3.0,-37.0,-5.0,-36.0
2.3907,122.0,-96.0,7.0,0.0,0.0,0.0,0.0,0.0,0.0,0.0,0.0,0.0,14.0,-13.0,18.0,-15.0,20.0,-17.0,22.0,-19.0,24.0,-20.0,23.0,-20.0,23.0,-20.0,21.0,-19.0,19.0,-16.0,16.0,-13.0,12.0,-9.0,8.0,-6.0,4.0,0.0,0.0,5.0,-3.0,10.0,-6.0,15.0,-9.0,20.0,-10.0,25.0,-11.0,27.0,-11.0,30.0,-11.0,31.0,-11.0,31.0,-9.0,30.0,-8.0,26.0,-6.0,23.0,-5.0,18.0
2.4041,122.0,-96.0,7.0,0.0,0.0,0.0,0.0,0.0,0.0,0.0,0.0,0.0,-4.0,-3.0,1.0,-6.0,7.0,-8.0,12.0,-11.0,18.0,-14.0,22.0,-16.0,25.0,-19.0,29.0,-21.0,28.0,-22.0,29.0,-22.0,26.0,-23.0,25.0,-21.0,23.0,-19.0,18.0,-16.0,14.0,-11.0,9.0,-6.0,4.0,0.0,1.0,6.0,-3.0,12.0,-5.0,17.0,-8.0,24.0,-7.0,27.0,-9.0,32.0,-8.0,34.0,-7.0,35.0,-6.0,35.0
2.4176,122.0,-96.0,7.0,0.0,0.0,0.0,0.0,0.0,0.0,0.0,0.0,0.0,-14.0,-16.0,-16.0,-19.0,-19.0,-21.0,-19.0,-22.0,-21.0,-24.0,-21.0,-24.0,-20.0,-23.0,-19.0,-21.0,-16.0,-20.0,-13.0,-16.0,-9.0,-12.0,-5.0,-8.0,0.0,-5.0,5.0,-1.0,11.0,2.0,16.0,5.0,21.0,7.0,25.0,8.0,28.0,9.0,30.0,9.0,31.0,9.0,32.0,9.0,30.0,7.0,27.0,6.0,23.0,4.0,18.0,3.0
2.4272,122.0,-96.0,7.0,0.0,0.0,0.0,0.0,0.0,0.0,0.0,0.0,0.0,-6.0,-19.0,-5.0,-20.0,-5.0,-20.0,-4.0,-20.0,-4.0,-20.0,-3.0,-21.0,-3.0,-20.0,-2.0,-20.0,-2.0,-20.0,-1.0,-20.0,-1.0,-20.0,-1.0,-20.0,-1.0,-20.0,0.0,-20.0,0.0,-20.0,0.0,-19.0,0.0,-19.0,0.0,-19.0,1.0,-19.0,0.0,-18.0,0.0,-18.0,0.0,-18.0,0.0,-18.0,0.0,-18.0,-1.0,-17.0,-1.0,-17.0
2.4374,122.0,-96.0,7.0,0.0,0.0,0.0,0.0,0.0,0.0,0.0,0.0,0.0,17.0,-15.0,17.0,-14.0,17.0,-14.0,17.0,-14.0,18.0,-13.0,19.0,-13.0,18.0,-13.0,19.0,-12.0,19.0,-12.0,19.0,-11.0,19.0,-11.0,19.0,-11.0,19.0,-11.0,19.0,-10.0,19.0,-10.0,19.0,-10.0,18.0,-10.0,19.0,-9.0,18.0,-9.0,17.0,-10.0,17.0,-9.0,17.0,-10.0,17.0,-10.0,16.0,-10.0,16.0,-10.0,15.0,-10.0
2.4496,122.0,-96.0,7.0,0.0,0.0,0.0,0.0,0.0,0.0,0.0,0.0,0.0,-20.0,20.0,-21.0,20.0,-20.0,20.0,-19.0,19.0,-17.0,15.0,-14.0,12.0,-11.0,9.0,-8.0,4.0,-5.0,-1.0,-2.0,-6.0,0.0,-12.0,3.0,-17.0,5.0,-21.0,6.0,-26.0,8.0,-30.0,8.0,-32.0,7.0,-33.0,7.0,-33.0,6.0,-32.0,5.0,-29.0,3.0,-25.0,3.0,-21.0,3.0,-15.0,3.0,-10.0,3.0,-3.0,4.0,3.0
2.459,122.0,-96.0,7.0,0.0,0.0,0.0,0.0,0.0,0.0,0.0,0.0,0.0,-17.0,11.0,-17.0,10.0,-17.0,10.0,-17.0,10.0,-18.0,10.0,-18.0,9.0,-18.0,8.0,-18.0,8.0,-18.0,7.0,-19.0,7.0,-19.0,7.0,-19.0,7.0,-19.0,6.0,-19.0,6.0,-18.0,6.0,-18.0,6.0,-18.0,6.0,-18.0,6.0,-18.0,5.0,-18.0,5.0,-17.0,6.0,-17.0,6.0,-17.0,5.0,-16.0,6.0,-16.0,6.0,-16.0,6.0
2.4722,122.0,-96.0,7.0,0.0,0.0,0.0,0.0,0.0,0.0,0.0,0.0,0.0,-10.0,23.0,-9.0,18.0,-7.0,14.0,-6.0,8.0,-5.0,2.0,-4.0,-5.0,-4.0,-11.0,-4.0,-18.0,-5.0,-24.0,-5.0,-29.0,-5.0,-33.0,-6.0,-36.0,-7.0,-37.0,-7.0,-38.0,-8.0,-36.0,-9.0,-31.0,-8.0,-28.0,-6.0,-23.0,-4.0,-18.0,-2.0,-12.0,2.0,-5.0,6.0,0.0,10.0,7.0,14.0,12.0,18.0,15.0,22.0,17.0
2.4874,122.0,-96.0,7.0,0.0,0.0,0.0,0.0,0.0,0.0,0.0,0.0,0.0,12.0,19.0,10.0,16.0,7.0,12.0,2.0,8.0,-2.0,3.0,-7.0,-1.0,-13.0,-4.0,-18.0,-8.0,-23.0,-11.0,-27.0,-13.0,-30.0,-16.0,-33.0,-16.0,-35.0,-16.0,-35.0,-16.0,-33.0,-14.0,-31.0,-11.0,-27.0,-10.0,-22.0,-9.0,-16.0,-8.0,-10.0,-6.0,-3.0,-5.0,4.0,-5.0,12.0,-5.0,18.0,-5.0,23.0,-6.0,27.0,-9.0
2.4973,122.0,-96.0,7.0,0.0,0.0,0.0,0.0,0.0,0.0,0.0,0.0,0.0,16.0,-11.0,17.0,-11.0,17.0,-11.0,17.0,-10.0,17.0,-10.0,18.0,-9.0,17.0,-9.0,18.0,-9.0,18.0,-8.0,18.0,-8.0,18.0,-8.0,18.0,-8.0,17.0,-7.0,18.0,-7.0,18.0,-7.0,17.0,-7.0,17.0,-6.0,17.0,-6.0,17.0,-7.0,17.0,-6.0,16.0,-7.0,16.0,-7.0,16.0,-6.0,16.0,-7.0,16.0,-7.0,15.0,-7.0
2.5107,122.0,-96.0,7.0,0.0,0.0,0.0,0.0,0.0,0.0,0.0,0.0,0.0,27.0,6.0,28.0,6.0,28.0,6.0,25.0,5.0,23.0,6.0,18.0,4.0,14.0,4.0,8.0,3.0,3.0,3.0,-4.0,4.0,-10.0,5.0,-15.0,5.0,-21.0,6.0,-25.0,7.0,-29.0,8.0,-32.0,9.0,-32.0,10.0,-32.0,10.0,-31.0,10.0,-28.0,10.0,-24.0,9.0,-20.0,7.0,-15.0,5.0,-10.0,2.0,-5.0,-2.0,0.0,-6.0
2.5182,122.0,-96.0,7.0,0.0,0.0,0.0,0.0,0.0,0.0,0.0,0.0,0.0,20.0,2.0,21.0,2.0,20.0,2.0,21.0,3.0,20.0,3.0,21.0,4.0,20.0,4.0,20.0,5.0,20.0,5.0,20.0,6.0,20.0,6.0,19.0,6.0,19.0,6.0,19.0,7.0,19.0,7.0,18.0,6.0,18.0,6.0,18.0,6.0,18.0,7.0,17.0,6.0,17.0,6.0,17.0,5.0,17.0,6.0,17.0,5.0,17.0,5.0,17.0,4.0
2.5263,122.0,-96.0,7.0,0.0,0.0,0.0,0.0,0.0,0.0,0.0,0.0,0.0,19.0,-1.0,20.0,-1.0,19.0,-1.0,20.0,0.0,19.0,0.0,20.0,1.0,20.0,1.0,20.0,2.0,19.0,2.0,19.0,2.0,19.0,3.0,19.0,3.0,19.0,3.0,19.0,4.0,19.0,4.0,18.0,3.0,18.0,3.0,17.0,4.0,18.0,4.0,17.0,3.0,17.0,3.0,17.0,2.0,16.0,3.0,16.0,3.0,16.0,2.0,16.0,2.0
2.5371,122.0,-96.0,7.0,0.0,0.0,0.0,0.0,0.0,0.0,0.0,0.0,0.0,-18.0,1.0,-19.0,0.0,-18.0,0.0,-19.0,-1.0,-18.0,-2.0,-19.0,-2.0,-18.0,-2.0,-18.0,-2.0,-18.0,-3.0,-18.0,-3.0,-18.0,-3.0,-18.0,-4.0,-18.0,-3.0,-18.0,-4.0,-18.0,-4.0,-17.0,-4.0,-17.0,-4.0,-16.0,-4.0,-17.0,-5.0,-16.0,-4.0,-16.0,-4.0,-16.0,-4.0,-15.0,-4.0,-16.0,-4.0,-16.0,-3.0,-16.0,-3.0
2.5531,122.0,-96.0,7.0,0.0,0.0,0.0,0.0,0.0,0.0,0.0,0.0,0.0,22.0,-2.0,23.0,-2.0,23.0,-2.0,21.0,-2.0,19.0,-2.0,15.0,-2.0,12.0,-1.0,7.0,0.0,3.0,2.0,-2.0,3.0,-6.0,5.0,-10.0,7.0,-14.0,10.0,-18.0,11.0,-21.0,13.0,-23.0,14.0,-22.0,15.0,-23.0,16.0,-21.0,15.0,-19.0,14.0,-16.0,13.0,-13.0,10.0,-10.0,7.0,-7.0,3.0,-4.0,-1.0,-1.0,-5.0
2.5672,122.0,-96.0,7.0,0.0,0.0,0.0,0.0,0.0,0.0,0.0,0.0,0.0,19.0,-15.0,15.0,-12.0,11.0,-9.0,8.0,-4.0,4.0,1.0,-1.0,7.0,-3.0,12.0,-6.0,18.0,-9.0,23.0,-11.0,27.0,-12.0,31.0,-12.0,33.0,-11.0,35.0,-12.0,35.0,-10.0,34.0,-8.0,30.0,-7.0,27.0,-6.0,21.0,-5.0,16.0,-5.0,9.0,-5.0,3.0,-5.0,-5.0,-7.0,-12.0,-7.0,-18.0,-10.0,-23.0,-13.0,-26.0
2.5797,122.0,-96.0,7.0,0.0,0.0,0.0,0.0,0.0,0.0,0.0,0.0,0.0,-26.0,12.0,-27.0,11.0,-26.0,11.0,-24.0,10.0,-21.0,9.0,-17.0,7.0,-14.0,4.0,-8.0,1.0,-4.0,-3.0,1.0,-6.0,5.0,-10.0,9.0,-14.0,12.0,-18.0,15.0,-22.0,18.0,-25.0,19.0,-26.0,19.0,-27.0,19.0,-28.0,17.0,-27.0,15.0,-25.0,12.0,-22.0,10.0,-18.0,8.0,-13.0,6.0,-8.0,4.0,-1.0,2.0,4.0
2.59,122.0,-96.0,7.0,0.0,0.0,0.0,0.0,0.0,0.0,0.0,0.0,0.0,0.0,-24.0,0.0,-24.0,1.0,-24.0,1.0,-24.0,3.0,-24.0,3.0,-24.0,3.0,-24.0,4.0,-24.0,4.0,-24.0,5.0,-23.0,5.0,-23.0,5.0,-23.0,5.0,-23.0,5.0,-22.0,6.0,-22.0,6.0,-22.0,6.0,-22.0,6.0,-22.0,6.0,-21.0,6.0,-21.0,5.0,-21.0,5.0,-21.0,5.0,-21.0,5.0,-20.0,4.0,-20.0,3.0,-20.0
2.6032,122.0,-96.0,7.0,0.0,0.0,0.0,0.0,0.0,0.0,0.0,0.0,0.0,-4.0,-1.0,-3.0,-6.0,-1.0,-11.0,0.0,-16.0,1.0,-22.0,2.0,-26.0,1.0,-29.0,2.0,-32.0,1.0,-33.0,1.0,-33.0,-1.0,-31.0,-1.0,-29.0,0.0,-26.0,0.0,-21.0,1.0,-16.0,0.0,-9.0,2.0,-3.0,5.0,2.0,7.0,8.0,10.0,13.0,12.0,18.0,15.0,20.0,18.0,24.0,19.0,23.0,20.0,24.0,21.0,23.0
2.6167,122.0,-96.0,7.0,0.0,0.0,0.0,0.0,0.0,0.0,0.0,0.0,0.0,19.0,13.0,15.0,10.0,11.0,8.0,5.0,6.0,0.0,4.0,-7.0,1.0,-13.0,1.0,-19.0,-1.0,-25.0,-1.0,-30.0,-2.0,-34.0,-3.0,-36.0,-2.0,-38.0,-1.0,-38.0,-2.0,-36.0,-1.0,-32.0,1.0,-29.0,1.0,-23.0,0.0,-18.0,-1.0,-11.0,-2.0,-4.0,-4.0,2.0,-6.0,9.0,-9.0,15.0,-12.0,19.0,-15.0,22.0,-18.0
2.6303,122.0,-96.0,7.0,0.0,0.0,0.0,0.0,0.0,0.0,0.0,0.0,0.0,-5.0,1.0,-6.0,-6.0,-8.0,-12.0,-10.0,-18.0,-13.0,-25.0,-15.0,-29.0,-17.0,-33.0,-19.0,-36.0,-21.0,-36.0,-20.0,-37.0,-20.0,-34.0,-19.0,-32.0,-16.0,-29.0,-13.0,-24.0,-9.0,-18.0,-5.0,-11.0,1.0,-5.0,7.0,-1.0,13.0,4.0,19.0,8.0,25.0,11.0,30.0,12.0,35.0,15.0,37.0,14.0,38.0,14.0,38.0,12.0
2.641,122.0,-96.0,7.0,0.0,0.0,0.0,0.0,0.0,0.0,0.0,0.0,0.0,4.0,-19.0,4.0,-20.0,5.0,-19.0,5.0,-20.0,6.0,-19.0,7.0,-19.0,7.0,-19.0,7.0,-19.0,7.0,-18.0,8.0,-18.0,8.0,-18.0,8.0,-18.0,8.0,-18.0,8.0,-17.0,9.0,-17.0,8.0,-17.0,8.0,-17.0,9.0,-16.0,9.0,-17.0,8.0,-16.0,8.0,-16.0,7.0,-16.0,7.0,-15.0,7.0,-15.0,7.0,-16.0,7.0,-16.0
2.6557,122.0,-96.0,7.0,0.0,0.0,0.0,0.0,0.0,0.0,0.0,0.0,0.0,2.0,20.0,1.0,17.0,1.0,12.0,-1.0,7.0,-3.0,2.0,-6.0,-4.0,-8.0,-8.0,-11.0,-14.0,-13.0,-18.0,-16.0,-21.0,-19.0,-24.0,-20.0,-25.0,-21.0,-26.0,-21.0,-26.0,-21.0,-25.0,-19.0,-21.0,-17.0,-19.0,-13.0,-16.0,-10.0,-13.0,-5.0,-8.0,0.0,-5.0,5.0,-2.0,11.0,1.0,16.0,4.0,20.0,4.0,24.0,4.0
2.6703,122.0,-96.0,7.0,0.0,0.0,0.0,0.0,0.0,0.0,0.0,0.0,0.0,2.0,3.0,-3.0,4.0,-9.0,4.0,-14.0,4.0,-20.0,5.0,-24.0,6.0,-27.0,8.0,-31.0,8.0,-30.0,9.0,-31.0,10.0,-29.0,10.0,-27.0,10.0,-25.0,8.0,-21.0,7.0,-16.0,4.0,-10.0,2.0,-4.0,-2.0,0.0,-6.0,5.0,-10.0,8.0,-14.0,12.0,-19.0,13.0,-22.0,16.0,-26.0,15.0,-28.0,15.0,-28.0,14.0,-29.0
2.6853,122.0,-96.0,7.0,0.0,0.0,0.0,0.0,0.0,0.0,0.0,0.0,0.0,1.0,28.0,1.0,28.0,1.0,28.0,1.0,26.0,0.0,23.0,0.0,18.0,-1.0,14.0,-2.0,8.0,-4.0,2.0,-6.0,-3.0,-8.0,-8.0,-10.0,-14.0,-12.0,-19.0,-15.0,-23.0,-17.0,-26.0,-18.0,-28.0,-19.0,-28.0,-20.0,-28.0,-19.0,-26.0,-18.0,-24.0,-16.0,-20.0,-13.0,-17.0,-9.0,-13.0,-5.0,-9.0,0.0,-5.0,5.0,-2.0
2.7004,122.0,-96.0,7.0,0.0,0.0,0.0,0.0,0.0,0.0,0.0,0.0,0.0,3.0,-1.0,3.0,4.0,3.0,10.0,3.0,15.0,3.0,20.0,4.0,24.0,5.0,27.0,6.0,30.0,7.0,30.0,7.0,31.0,8.0,29.0,7.0,27.0,6.0,24.0,5.0,20.0,3.0,15.0,1.0,9.0,-2.0,3.0,-6.0,-2.0,-10.0,-7.0,-14.0,-11.0,-18.0,-14.0,-21.0,-16.0,-24.0,-18.0,-26.0,-18.0,-27.0,-18.0,-28.0,-17.0
2.713,122.0,-96.0,7.0,0.0,0.0,0.0,0.0,0.0,0.0,0.0,0.0,0.0,-17.0,-12.0,-14.0,-10.0,-11.0,-7.0,-7.0,-6.0,-2.0,-4.0,4.0,-2.0,8.0,-2.0,14.0,-1.0,18.0,0.0,22.0,0.0,26.0,1.0,28.0,0.0,30.0,0.0,29.0,0.0,29.0,0.0,24.0,-2.0,22.0,-2.0,18.0,-1.0,14.0,-1.0,9.0,0.0,3.0,2.0,-2.0,4.0,-8.0,6.0,-12.0,9.0,-15.0,12.0,-17.0,14.0
2.7264,122.0,-96.0,7.0,0.0,0.0,0.0,0.0,0.0,0.0,0.0,0.0,0.0,0.0,-29.0,0.0,-29.0,-1.0,-29.0,0.0,-26.0,0.0,-24.0,0.0,-19.0,1.0,-14.0,1.0,-8.0,3.0,-3.0,4.0,3.0,6.0,8.0,8.0,14.0,10.0,18.0,12.0,23.0,13.0,26.0,15.0,28.0,16.0,28.0,17.0,28.0,16.0,27.0,15.0,24.0,14.0,20.0,11.0,16.0,7.0,12.0,3.0,8.0,-1.0,4.0,-6.0,0.0
2.7414,122.0,-96.0,7.0,0.0,0.0,0.0,0.0,0.0,0.0,0.0,0.0,0.0,-6.0,-17.0,-7.0,-20.0,-8.0,-23.0,-8.0,-25.0,-9.0,-27.0,-9.0,-27.0,-9.0,-26.0,-8.0,-25.0,-7.0,-23.0,-6.0,-19.0,-4.0,-14.0,-2.0,-9.0,1.0,-5.0,4.0,1.0,7.0,5.0,10.0,10.0,13.0,13.0,17.0,16.0,19.0,18.0,21.0,19.0,22.0,20.0,22.0,19.0,21.0,18.0,19.0,15.0,17.0,13.0,13.0,10.0
2.7575,122.0,-96.0,7.0,0.0,0.0,0.0,0.0,0.0,0.0,0.0,0.0,0.0,0.0,3.0,-5.0,2.0,-10.0,0.0,-15.0,-2.0,-20.0,-3.0,-25.0,-4.0,-28.0,-4.0,-32.0,-4.0,-32.0,-3.0,-33.0,-3.0,-31.0,-1.0,-29.0,-1.0,-27.0,-1.0,-22.0,-1.0,-17.0,-2.0,-10.0,-2.0,-4.0,-3.0,2.0,-6.0,8.0,-7.0,13.0,-9.0,18.0,-13.0,21.0,-15.0,24.0,-17.0,24.0,-19.0,24.0,-20.0,24.0,-21.0
2.7707,122.0,-96.0,7.0,0.0,0.0,0.0,0.0,0.0,0.0,0.0,0.0,0.0,-12.0,-20.0,-13.0,-21.0,-12.0,-20.0,-12.0,-19.0,-10.0,-17.0,-9.0,-14.0,-6.0,-11.0,-3.0,-8.0,0.0,-4.0,4.0,-1.0,7.0,2.0,11.0,5.0,14.0,8.0,17.0,10.0,21.0,12.0,22.0,13.0,23.0,13.0,23.0,13.0,23.0,12.0,21.0,10.0,18.0,8.0,15.0,6.0,10.0,5.0,6.0,4.0,1.0,3.0,-4.0,2.0
2.7833,122.0,-96.0,7.0,0.0,0.0,0.0,0.0,0.0,0.0,0.0,0.0,0.0,-20.0,14.0,-16.0,11.0,-12.0,8.0,-8.0,3.0,-5.0,-2.0,0.0,-7.0,3.0,-12.0,6.0,-18.0,9.0,-23.0,11.0,-28.0,13.0,-31.0,12.0,-34.0,12.0,-35.0,13.0,-36.0,11.0,-34.0,8.0,-31.0,7.0,-27.0,6.0,-22.0,5.0,-17.0,5.0,-10.0,4.0,-3.0,4.0,4.0,4.0,11.0,5.0,18.0,7.0,22.0,9.0,26.0
2.7971,122.0,-96.0,7.0,0.0,0.0,0.0,0.0,0.0,0.0,0.0,0.0,0.0,-10.0,-27.0,-10.0,-27.0,-11.0,-28.0,-10.0,-25.0,-9.0,-23.0,-7.0,-19.0,-5.0,-15.0,-2.0,-10.0,1.0,-5.0,5.0,0.0,8.0,4.0,12.0,9.0,16.0,13.0,19.0,16.0,22.0,19.0,24.0,20.0,26.0,20.0,26.0,20.0,25.0,19.0,24.0,17.0,20.0,14.0,16.0,11.0,11.0,8.0,7.0,6.0,1.0,4.0,-5.0,2.0
2.8068,122.0,-96.0,7.0,0.0,0.0,0.0,0.0,0.0,0.0,0.0,0.0,0.0,-24.0,9.0,-25.0,8.0,-24.0,8.0,-25.0,7.0,-25.0,6.0,-26.0,6.0,-25.0,6.0,-26.0,5.0,-26.0,5.0,-25.0,4.0,-25.0,3.0,-25.0,3.0,-25.0,3.0,-25.0,3.0,-25.0,3.0,-24.0,3.0,-24.0,3.0,-24.0,2.0,-24.0,2.0,-23.0,3.0,-23.0,3.0,-23.0,3.0,-22.0,3.0,-22.0,3.0,-22.0,3.0,-22.0,4.0
2.8199,122.0,-96.0,7.0,0.0,0.0,0.0,0.0,0.0,0.0,0.0,0.0,0.0,-28.0,-9.0,-28.0,-10.0,-27.0,-10.0,-25.0,-9.0,-22.0,-8.0,-18.0,-7.0,-13.0,-6.0,-7.0,-5.0,-2.0,-4.0,4.0,-4.0,10.0,-4.0,15.0,-4.0,20.0,-4.0,26.0,-5.0,30.0,-5.0,32.0,-5.0,32.0,-6.0,32.0,-7.0,30.0,-7.0,28.0,-7.0,23.0,-7.0,19.0,-6.0,14.0,-3.0,9.0,-1.0,4.0,2.0,-2.0,5.0
2.8341,122.0,-96.0,7.0,0.0,0.0,0.0,0.0,0.0,0.0,0.0,0.0,0.0,12.0,-14.0,14.0,-16.0,16.0,-18.0,18.0,-20.0,18.0,-21.0,19.0,-21.0,18.0,-20.0,16.0,-19.0,15.0,-16.0,12.0,-13.0,9.0,-10.0,6.0,-5.0,3.0,-1.0,0.0,5.0,-1.0,10.0,-4.0,14.0,-6.0,19.0,-6.0,23.0,-7.0,26.0,-7.0,28.0,-7.0,29.0,-6.0,29.0,-5.0,27.0,-4.0,25.0,-3.0,21.0,-2.0,17.0
2.8482,122.0,-96.0,7.0,0.0,0.0,0.0,0.0,0.0,0.0,0.0,0.0,0.0,-22.0,2.0,-19.0,2.0,-15.0,1.0,-10.0,-1.0,-4.0,-3.0,1.0,-5.0,6.0,-8.0,11.0,-11.0,16.0,-13.0,20.0,-16.0,23.0,-18.0,24.0,-20.0,25.0,-21.0,25.0,-22.0,23.0,-21.0,20.0,-20.0,18.0,-18.0,14.0,-15.0,12.0,-11.0,8.0,-6.0,4.0,-1.0,1.0,4.0,-2.0,10.0,-4.0,16.0,-5.0,20.0,-4.0,24.0
2.8637,122.0,-96.0,7.0,0.0,0.0,0.0,0.0,0.0,0.0,0.0,0.0,0.0,-1.0,3.0,-7.0,2.0,-13.0,-1.0,-18.0,-2.0,-24.0,-4.0,-29.0,-4.0,-32.0,-4.0,-36.0,-5.0,-36.0,-4.0,-37.0,-4.0,-35.0,-2.0,-32.0,-2.0,-29.0,-2.0,-24.0,-2.0,-18.0,-3.0,-11.0,-2.0,-4.0,-4.0,3.0,-6.0,10.0,-8.0,16.0,-10.0,21.0,-13.0,24.0,-16.0,28.0,-18.0,28.0,-20.0,29.0,-21.0,28.0,-22.0
2.8775,122.0,-96.0,7.0,0.0,0.0,0.0,0.0,0.0,0.0,0.0,0.0,0.0,23.0,9.0,23.0,9.0,23.0,9.0,23.0,10.0,22.0,11.0,22.0,11.0,22.0,12.0,22.0,13.0,21.0,13.0,21.0,13.0,21.0,13.0,20.0,13.0,20.0,13.0,20.0,14.0,19.0,13.0,19.0,14.0,19.0,13.0,18.0,13.0,18.0,13.0,18.0,12.0,18.0,13.0,18.0,12.0,17.0,12.0,18.0,11.0,18.0,11.0,17.0,11.0
2.8859,122.0,-96.0,7.0,0.0,0.0,0.0,0.0,0.0,0.0,0.0,0.0,0.0,-25.0,0.0,-20.0,0.0,-15.0,-1.0,-9.0,-3.0,-3.0,-4.0,4.0,-6.0,9.0,-8.0,15.0,-11.0,21.0,-13.0,25.0,-16.0,28.0,-18.0,29.0,-19.0,30.0,-21.0,31.0,-21.0,29.0,-21.0,25.0,-19.0,22.0,-18.0,18.0,-14.0,14.0,-10.0,9.0,-6.0,5.0,0.0,1.0,5.0,-3.0,12.0,-7.0,18.0,-8.0,22.0,-8.0,27.0
2.8933,122.0,-96.0,7.0,0.0,0.0,0.0,0.0,0.0,0.0,0.0,0.0,0.0,17.0,-2.0,17.0,-1.0,17.0,-1.0,18.0,0.0,17.0,0.0,18.0,1.0,18.0,1.0,18.0,1.0,17.0,1.0,17.0,2.0,17.0,3.0,17.0,3.0,16.0,3.0,16.0,3.0,16.0,3.0,16.0,3.0,16.0,3.0,16.0,3.0,16.0,3.0,15.0,3.0,15.0,3.0,15.0,3.0,15.0,3.0,15.0,3.0,15.0,3.0,14.0,2.0
2.9082,122.0,-96.0,7.0,0.0,0.0,0.0,0.0,0.0,0.0,0.0,0.0,0.0,19.0,16.0,19.0,17.0,18.0,16.0,17.0,15.0,15.0,14.0,12.0,11.0,8.0,9.0,4.0,5.0,-1.0,3.0,-6.0,1.0,-10.0,-1.0,-15.0,-3.0,-19.0,-4.0,-24.0,-6.0,-27.0,-7.0,-29.0,-7.0,-30.0,-6.0,-30.0,-6.0,-29.0,-5.0,-26.0,-5.0,-23.0,-3.0,-19.0,-3.0,-14.0,-3.0,-9.0,-3.0,-3.0,-3.0,2.0,-4.0
2.9222,122.0,-96.0,7.0,0.0,0.0,0.0,0.0,0.0,0.0,0.0,0.0,0.0,-3.0,1.0,-6.0,-2.0,-7.0,-6.0,-10.0,-11.0,-13.0,-14.0,-16.0,-18.0,-18.0,-19.0,-20.0,-21.0,-21.0,-21.0,-21.0,-21.0,-20.0,-19.0,-19.0,-18.0,-17.0,-17.0,-14.0,-13.0,-10.0,-11.0,-6.0,-7.0,-1.0,-4.0,4.0,-2.0,10.0,0.0,14.0,1.0,19.0,2.0,22.0,2.0,26.0,2.0,27.0,2.0,28.0,1.0,28.0,0.0
2.9365,122.0,-96.0,7.0,0.0,0.0,0.0,0.0,0.0,0.0,0.0,0.0,0.0,-17.0,5.0,-20.0,5.0,-23.0,6.0,-26.0,7.0,-27.0,7.0,-27.0,8.0,-27.0,7.0,-25.0,7.0,-23.0,6.0,-19.0,5.0,-14.0,3.0,-9.0,1.0,-5.0,-2.0,0.0,-5.0,5.0,-8.0,10.0,-11.0,14.0,-14.0,16.0,-18.0,18.0,-19.0,20.0,-21.0,20.0,-23.0,20.0,-23.0,17.0,-22.0,15.0,-20.0,13.0,-18.0,10.0,-14.0
2.9507,122.0,-96.0,7.0,0.0,0.0,0.0,0.0,0.0,0.0,0.0,0.0,0.0,-26.0,-4.0,-26.0,-4.0,-26.0,-4.0,-24.0,-3.0,-21.0,-4.0,-17.0,-3.0,-13.0,-3.0,-7.0,-3.0,-2.0,-4.0,2.0,-4.0,8.0,-6.0,13.0,-7.0,17.0,-8.0,22.0,-9.0,25.0,-10.0,27.0,-11.0,28.0,-12.0,27.0,-12.0,26.0,-13.0,23.0,-12.0,19.0,-11.0,16.0,-9.0,12.0,-6.0,8.0,-3.0,3.0,0.0,0.0,4.0
2.9649,122.0,-96.0,7.0,0.0,0.0,0.0,0.0,0.0,0.0,0.0,0.0,0.0,-11.0,-11.0,-13.0,-14.0,-15.0,-16.0,-16.0,-18.0,-17.0,-19.0,-18.0,-19.0,-17.0,-18.0,-16.0,-17.0,-14.0,-16.0,-12.0,-13.0,-9.0,-10.0,-5.0,-7.0,-1.0,-4.0,3.0,-1.0,8.0,1.0,12.0,3.0,16.0,5.0,20.0,6.0,22.0,8.0,24.0,8.0,25.0,8.0,25.0,7.0,24.0,6.0,22.0,5.0,19.0,4.0,15.0,3.0
2.9787,122.0,-96.0,7.0,0.0,0.0,0.0,0.0,0.0,0.0,0.0,0.0,0.0,-3.0,18.0,-5.0,22.0,-5.0,25.0,-6.0,28.0,-6.0,30.0,-5.0,30.0,-6.0,29.0,-5.0,27.0,-5.0,24.0,-4.0,20.0,-4.0,15.0,-3.0,9.0,-4.0,3.0,-4.0,-4.0,-5.0,-10.0,-5.0,-16.0,-6.0,-21.0,-8.0,-26.0,-9.0,-29.0,-10.0,-31.0,-11.0,-32.0,-11.0,-32.0,-12.0,-30.0,-11.0,-26.0,-10.0,-23.0,-8.0,-18.0
2.9925,122.0,-96.0,7.0,0.0,0.0,0.0,0.0,0.0,0.0,0.0,0.0,0.0,2.0,-2.0,4.0,3.0,4.0,9.0,5.0,14.0,7.0,19.0,8.0,23.0,10.0,26.0,11.0,29.0,12.0,29.0,12.0,29.0,12.0,27.0,11.0,25.0,10.0,23.0,8.0,18.0,5.0,14.0,2.0,8.0,-2.0,3.0,-6.0,-1.0,-11.0,-5.0,-15.0,-9.0,-19.0,-12.0,-23.0,-14.0,-26.0,-15.0,-28.0,-15.0,-29.0,-15.0,-29.0,-14.0
3.0023,122.0,-96.0,7.0,0.0,0.0,0.0,0.0,0.0,0.0,0.0,0.0,0.0,17.0,-10.0,17.0,-10.0,17.0,-9.0,18.0,-9.0,18.0,-8.0,18.0,-8.0,18.0,-7.0,18.0,-7.0,19.0,-7.0,18.0,-6.0,18.0,-6.0,19.0,-6.0,18.0,-5.0,18.0,-5.0,18.0,-5.0,18.0,-5.0,18.0,-4.0,18.0,-5.0,17.0,-4.0,17.0,-5.0,17.0,-5.0,16.0,-5.0,16.0,-5.0,16.0,-5.0,16.0,-5.0,16.0,-5.0
3.0159,122.0,-96.0,7.0,0.0,0.0,0.0,0.0,0.0,0.0,0.0,0.0,0.0,14.0,-24.0,15.0,-25.0,15.0,-25.0,14.0,-23.0,12.0,-21.0,10.0,-17.0,8.0,-13.0,6.0,-8.0,4.0,-2.0,2.0,3.0,1.0,9.0,0.0,15.0,-2.0,20.0,-2.0,25.0,-3.0,29.0,-4.0,32.0,-2.0,32.0,-2.0,33.0,-2.0,31.0,-1.0,29.0,0.0,25.0,0.0,20.0,-1.0,15.0,-2.0,10.0,-3.0,3.0,-5.0,-3.0
3.0291,122.0,-96.0,7.0,0.0,0.0,0.0,0.0,0.0,0.0,0.0,0.0,0.0,-27.0,-10.0,-28.0,-10.0,-27.0,-10.0,-25.0,-9.0,-22.0,-9.0,-18.0,-7.0,-13.0,-6.0,-7.0,-5.0,-2.0,-5.0,4.0,-4.0,10.0,-4.0,15.0,-4.0,20.0,-4.0,25.0,-5.0,29.0,-5.0,31.0,-6.0,32.0,-7.0,32.0,-7.0,31.0,-7.0,28.0,-7.0,24.0,-7.0,19.0,-6.0,14.0,-4.0,9.0,-1.0,4.0,1.0,-2.0,5.0
3.0421,122.0,-96.0,7.0,0.0,0.0,0.0,0.0,0.0,0.0,0.0,0.0,0.0,-19.0,-7.0,-15.0,-6.0,-11.0,-5.0,-7.0,-4.0,-2.0,-4.0,4.0,-3.0,9.0,-4.0,14.0,-4.0,19.0,-4.0,22.0,-5.0,26.0,-5.0,27.0,-6.0,28.0,-7.0,29.0,-7.0,27.0,-8.0,24.0,-8.0,21.0,-7.0,17.0,-6.0,13.0,-4.0,8.0,-2.0,4.0,1.0,-1.0,4.0,-6.0,8.0,-10.0,11.0,-13.0,14.0,-14.0,17.0
3.052,122.0,-96.0,7.0,0.0,0.0,0.0,0.0,0.0,0.0,0.0,0.0,0.0,-15.0,8.0,-15.0,8.0,-16.0,7.0,-16.0,7.0,-16.0,7.0,-16.0,6.0,-16.0,6.0,-17.0,6.0,-17.0,5.0,-17.0,5.0,-17.0,4.0,-17.0,4.0,-16.0,4.0,-17.0,4.0,-17.0,3.0,-16.0,3.0,-16.0,3.0,-16.0,3.0,-16.0,3.0,-15.0,3.0,-15.0,3.0,-15.0,3.0,-15.0,3.0,-15.0,3.0,-15.0,3.0,-14.0,4.0
3.0658,122.0,-96.0,7.0,0.0,0.0,0.0,0.0,0.0,0.0,0.0,0.0,0.0,-4.0,-25.0,-4.0,-26.0,-4.0,-26.0,-4.0,-25.0,-3.0,-22.0,-3.0,-18.0,-2.0,-14.0,0.0,-9.0,2.0,-4.0,3.0,1.0,6.0,5.0,8.0,10.0,11.0,14.0,13.0,18.0,15.0,22.0,16.0,23.0,17.0,24.0,18.0,24.0,17.0,22.0,17.0,20.0,14.0,17.0,12.0,14.0,8.0,10.0,4.0,7.0,0.0,4.0,-5.0,1.0
3.0795,122.0,-96.0,7.0,0.0,0.0,0.0,0.0,0.0,0.0,0.0,0.0,0.0,-2.0,27.0,-2.0,28.0,-2.0,28.0,-2.0,26.0,-2.0,24.0,-2.0,19.0,-2.0,15.0,-3.0,9.0,-3.0,3.0,-5.0,-3.0,-6.0,-8.0,-7.0,-14.0,-9.0,-19.0,-11.0,-24.0,-12.0,-28.0,-13.0,-30.0,-14.0,-31.0,-15.0,-31.0,-15.0,-29.0,-14.0,-27.0,-13.0,-23.0,-10.0,-19.0,-7.0,-15.0,-4.0,-10.0,0.0,-5.0,5.0,-1.0
3.0929,122.0,-96.0,7.0,0.0,0.0,0.0,0.0,0.0,0.0,0.0,0.0,0.0,3.0,0.0,0.0,6.0,-3.0,11.0,-5.0,16.0,-8.0,22.0,-9.0,26.0,-10.0,30.0,-11.0,33.0,-10.0,35.0,-10.0,35.0,-9.0,33.0,-9.0,31.0,-8.0,28.0,-7.0,23.0,-6.0,16.0,-4.0,9.0,-4.0,2.0,-5.0,-5.0,-6.0,-12.0,-7.0,-18.0,-9.0,-24.0,-11.0,-28.0,-12.0,-32.0,-14.0,-33.0,-14.0,-34.0,-15.0,-33.0
3.1082,122.0,-96.0,7.0,0.0,0.0,0.0,0.0,0.0,0.0,0.0,0.0,0.0,0.0,25.0,-1.0,20.0,-1.0,16.0,-2.0,10.0,-4.0,4.0,-5.0,-3.0,-7.0,-9.0,-10.0,-16.0,-12.0,-21.0,-15.0,-25.0,-16.0,-29.0,-18.0,-31.0,-20.0,-32.0,-20.0,-33.0,-20.0,-31.0,-19.0,-27.0,-17.0,-24.0,-14.0,-20.0,-10.0,-16.0,-6.0,-11.0,-1.0,-6.0,5.0,-2.0,11.0,3.0,16.0,6.0,22.0,8.0,26.0,9.0
3.1224,122.0,-96.0,7.0,0.0,0.0,0.0,0.0,0.0,0.0,0.0,0.0,0.0,0.0,3.0,-5.0,3.0,-11.0,3.0,-17.0,4.0,-23.0,4.0,-28.0,5.0,-32.0,6.0,-35.0,7.0,-35.0,9.0,-36.0,9.0,-34.0,9.0,-32.0,8.0,-29.0,7.0,-23.0,6.0,-18.0,3.0,-11.0,2.0,-5.0,-2.0,1.0,-7.0,6.0,-10.0,11.0,-15.0,15.0,-19.0,17.0,-23.0,21.0,-27.0,20.0,-29.0,20.0,-30.0,19.0,-30.0
3.1366,122.0,-96.0,7.0,0.0,0.0,0.0,0.0,0.0,0.0,0.0,0.0,0.0,6.0,-17.0,8.0,-20.0,9.0,-23.0,10.0,-24.0,11.0,-26.0,10.0,-26.0,10.0,-25.0,9.0,-23.0,8.0,-21.0,7.0,-18.0,5.0,-12.0,4.0,-7.0,3.0,-2.0,2.0,4.0,2.0,9.0,1.0,14.0,1.0,19.0,2.0,23.0,2.0,26.0,3.0,28.0,4.0,29.0,5.0,29.0,5.0,27.0,5.0,25.0,5.0,21.0,4.0,16.0
3.15,122.0,-96.0,7.0,0.0,0.0,0.0,0.0,0.0,0.0,0.0,0.0,0.0,20.0,15.0,20.0,15.0,20.0,15.0,19.0,13.0,16.0,12.0,13.0,10.0,10.0,8.0,4.0,5.0,0.0,3.0,-5.0,1.0,-10.0,0.0,-15.0,-2.0,-19.0,-3.0,-24.0,-4.0,-27.0,-5.0,-29.0,-5.0,-30.0,-4.0,-30.0,-4.0,-29.0,-3.0,-27.0,-2.0,-23.0,-2.0,-19.0,-2.0,-14.0,-2.0,-9.0,-2.0,-4.0,-3.0,2.0,-5.0
3.1596,122.0,-96.0,7.0,0.0,0.0,0.0,0.0,0.0,0.0,0.0,0.0,0.0,-17.0,6.0,-17.0,6.0,-18.0,5.0,-18.0,5.0,-18.0,5.0,-18.0,4.0,-18.0,4.0,-18.0,3.0,-18.0,3.0,-18.0,3.0,-18.0,2.0,-18.0,2.0,-18.0,2.0,-18.0,1.0,-18.0,1.0,-17.0,1.0,-17.0,1.0,-17.0,1.0,-17.0,1.0,-16.0,1.0,-16.0,1.0,-16.0,1.0,-16.0,1.0,-16.0,1.0,-16.0,2.0,-16.0,2.0
3.1732,122.0,-96.0,7.0,0.0,0.0,0.0,0.0,0.0,0.0,0.0,0.0,0.0,12.0,10.0,15.0,13.0,17.0,15.0,19.0,17.0,20.0,18.0,21.0,18.0,20.0,18.0,19.0,17.0,17.0,15.0,14.0,12.0,10.0,9.0,6.0,6.0,1.0,4.0,-4.0,1.0,-10.0,-1.0,-15.0,-3.0,-19.0,-6.0,-23.0,-6.0,-27.0,-7.0,-29.0,-7.0,-30.0,-7.0,-30.0,-7.0,-28.0,-6.0,-26.0,-4.0,-22.0,-3.0,-18.0,-3.0
3.1874,122.0,-96.0,7.0,0.0,0.0,0.0,0.0,0.0,0.0,0.0,0.0,0.0,-5.0,28.0,-4.0,23.0,-4.0,18.0,-4.0,11.0,-4.0,4.0,-5.0,-4.0,-6.0,-11.0,-8.0,-19.0,-10.0,-26.0,-12.0,-31.0,-13.0,-36.0,-14.0,-37.0,-16.0,-39.0,-16.0,-40.0,-17.0,-38.0,-16.0,-33.0,-14.0,-30.0,-12.0,-25.0,-8.0,-20.0,-5.0,-13.0,0.0,-7.0,6.0,-1.0,11.0,5.0,17.0,10.0,22.0,13.0,27.0,15.0
3.2016,122.0,-96.0,7.0,0.0,0.0,0.0,0.0,0.0,0.0,0.0,0.0,0.0,16.0,23.0,15.0,23.0,16.0,23.0,15.0,21.0,13.0,20.0,10.0,16.0,8.0,13.0,4.0,8.0,0.0,5.0,-5.0,0.0,-10.0,-3.0,-14.0,-7.0,-19.0,-10.0,-23.0,-12.0,-27.0,-15.0,-29.0,-15.0,-30.0,-15.0,-31.0,-15.0,-30.0,-14.0,-28.0,-12.0,-24.0,-10.0,-20.0,-8.0,-15.0,-7.0,-9.0,-6.0,-3.0,-5.0,3.0,-4.0
3.2125,122.0,-96.0,7.0,0.0,0.0,0.0,0.0,0.0,0.0,0.0,0.0,0.0,20.0,-15.0,20.0,-15.0,21.0,-14.0,21.0,-14.0,22.0,-13.0,23.0,-13.0,22.0,-12.0,23.0,-12.0,23.0,-11.0,23.0,-11.0,23.0,-10.0,22.0,-10.0,23.0,-10.0,23.0,-9.0,23.0,-8.0,22.0,-9.0,22.0,-8.0,22.0,-8.0,22.0,-8.0,21.0,-8.0,21.0,-9.0,20.0,-9.0,21.0,-8.0,20.0,-8.0,20.0,-9.0,19.0,-9.0
3.225,122.0,-96.0,7.0,0.0,0.0,0.0,0.0,0.0,0.0,0.0,0.0,0.0,2.0,-3.0,5.0,1.0,7.0,6.0,10.0,11.0,13.0,15.0,16.0,19.0,18.0,21.0,20.0,23.0,21.0,23.0,22.0,23.0,21.0,21.0,20.0,20.0,17.0,18.0,14.0,14.0,10.0,12.0,5.0,7.0,0.0,4.0,-6.0,1.0,-11.0,-2.0,-16.0,-4.0,-22.0,-5.0,-25.0,-6.0,-30.0,-7.0,-31.0,-6.0,-32.0,-5.0,-32.0,-4.0
3.2394,122.0,-96.0,7.0,0.0,0.0,0.0,0.0,0.0,0.0,0.0,0.0,0.0,2.0,-2.0,3.0,3.0,4.0,8.0,5.0,13.0,6.0,17.0,7.0,21.0,8.0,23.0,9.0,26.0,10.0,26.0,10.0,27.0,10.0,25.0,10.0,23.0,9.0,21.0,7.0,16.0,4.0,14.0,1.0,8.0,-2.0,3.0,-5.0,-1.0,-9.0,-5.0,-13.0,-8.0,-17.0,-11.0,-20.0,-13.0,-23.0,-14.0,-25.0,-14.0,-26.0,-14.0,-26.0,-14.0
3.2501,122.0,-96.0,7.0,0.0,0.0,0.0,0.0,0.0,0.0,0.0,0.0,0.0,11.0,-20.0,12.0,-19.0,12.0,-19.0,13.0,-19.0,13.0,-19.0,14.0,-18.0,14.0,-18.0,14.0,-18.0,14.0,-17.0,15.0,-17.0,15.0,-17.0,15.0,-16.0,15.0,-16.0,15.0,-16.0,15.0,-15.0,15.0,-15.0,14.0,-15.0,15.0,-15.0,15.0,-15.0,14.0,-15.0,14.0,-15.0,14.0,-15.0,13.0,-14.0,13.0,-14.0,12.0,-15.0,12.0,-15.0
3.2645,122.0,-96.0,7.0,0.0,0.0,0.0,0.0,0.0,0.0,0.0,0.0,0.0,-5.0,-20.0,-5.0,-24.0,-6.0,-27.0,-6.0,-29.0,-7.0,-31.0,-7.0,-31.0,-7.0,-30.0,-7.0,-27.0,-5.0,-25.0,-4.0,-20.0,-3.0,-15.0,-1.0,-10.0,1.0,-4.0,5.0,2.0,8.0,7.0,10.0,12.0,13.0,17.0,17.0,20.0,19.0,23.0,20.0,24.0,22.0,24.0,22.0,24.0,21.0,22.0,19.0,20.0,17.0,16.0,13.0,13.0
3.2731,122.0,-96.0,7.0,0.0,0.0,0.0,0.0,0.0,0.0,0.0,0.0,0.0,5.0,18.0,5.0,19.0,4.0,18.0,4.0,19.0,3.0,19.0,3.0,20.0,2.0,19.0,2.0,20.0,2.0,19.0,1.0,19.0,1.0,19.0,1.0,19.0,1.0,19.0,0.0,19.0,0.0,19.0,0.0,19.0,0.0,19.0,0.0,18.0,0.0,18.0,0.0,17.0,0.0,18.0,1.0,17.0,0.0,17.0,1.0,17.0,1.0,17.0,1.0,16.0
3.2879,122.0,-96.0,7.0,0.0,0.0,0.0,0.0,0.0,0.0,0.0,0.0,0.0,21.0,-12.0,17.0,-10.0,12.0,-7.0,8.0,-3.0,4.0,1.0,-2.0,5.0,-5.0,11.0,-10.0,16.0,-13.0,20.0,-16.0,24.0,-18.0,28.0,-18.0,30.0,-18.0,32.0,-19.0,32.0,-18.0,31.0,-14.0,28.0,-13.0,25.0,-11.0,20.0,-9.0,15.0,-7.0,9.0,-5.0,2.0,-4.0,-5.0,-3.0,-12.0,-3.0,-19.0,-4.0,-24.0,-5.0,-28.0
3.2968,122.0,-96.0,7.0,0.0,0.0,0.0,0.0,0.0,0.0,0.0,0.0,0.0,3.0,24.0,2.0,25.0,2.0,25.0,1.0,26.0,0.0,25.0,-1.0,25.0,-1.0,25.0,-2.0,25.0,-2.0,25.0,-3.0,25.0,-3.0,25.0,-3.0,24.0,-3.0,24.0,-4.0,24.0,-4.0,24.0,-4.0,23.0,-4.0,24.0,-4.0,23.0,-5.0,23.0,-3.0,22.0,-4.0,22.0,-3.0,22.0,-4.0,22.0,-3.0,22.0,-3.0,21.0,-2.0,21.0
3.31,122.0,-96.0,7.0,0.0,0.0,0.0,0.0,0.0,0.0,0.0,0.0,0.0,-6.0,-1.0,-1.0,-6.0,3.0,-11.0,6.0,-17.0,10.0,-23.0,13.0,-29.0,14.0,-33.0,16.0,-37.0,15.0,-38.0,16.0,-39.0,14.0,-37.0,13.0,-35.0,12.0,-32.0,10.0,-27.0,8.0,-20.0,4.0,-12.0,4.0,-4.0,4.0,4.0,4.0,12.0,5.0,19.0,6.0,26.0,8.0,31.0,9.0,36.0,11.0,37.0,12.0,38.0,14.0,37.0
3.3242,122.0,-96.0,7.0,0.0,0.0,0.0,0.0,0.0,0.0,0.0,0.0,0.0,16.0,-11.0,20.0,-13.0,22.0,-15.0,24.0,-16.0,26.0,-17.0,26.0,-17.0,25.0,-16.0,23.0,-15.0,21.0,-13.0,17.0,-11.0,12.0,-8.0,8.0,-4.0,4.0,0.0,-1.0,5.0,-5.0,10.0,-9.0,14.0,-12.0,18.0,-14.0,22.0,-16.0,25.0,-17.0,27.0,-17.0,29.0,-17.0,29.0,-15.0,28.0,-13.0,25.0,-11.0,21.0,-9.0,17.0
3.3379,122.0,-96.0,7.0,0.0,0.0,0.0,0.0,0.0,0.0,0.0,0.0,0.0,4.0,-19.0,5.0,-23.0,6.0,-26.0,7.0,-28.0,7.0,-30.0,7.0,-31.0,7.0,-30.0,7.0,-28.0,6.0,-25.0,5.0,-21.0,4.0,-16.0,3.0,-10.0,3.0,-4.0,3.0,3.0,4.0,9.0,3.0,15.0,4.0,21.0,5.0,25.0,6.0,28.0,7.0,31.0,8.0,32.0,9.0,32.0,9.0,29.0,8.0,26.0,8.0,22.0,6.0,18.0
3.3522,122.0,-96.0,7.0,0.0,0.0,0.0,0.0,0.0,0.0,0.0,0.0,0.0,4.0,17.0,5.0,20.0,6.0,23.0,6.0,25.0,6.0,26.0,7.0,27.0,6.0,26.0,6.0,24.0,5.0,21.0,4.0,17.0,2.0,13.0,1.0,8.0,-2.0,3.0,-5.0,-2.0,-8.0,-7.0,-11.0,-11.0,-14.0,-15.0,-17.0,-18.0,-19.0,-20.0,-20.0,-21.0,-22.0,-22.0,-22.0,-22.0,-21.0,-19.0,-20.0,-17.0,-17.0,-15.0,-14.0,-12.0
3.3637,122.0,-96.0,7.0,0.0,0.0,0.0,0.0,0.0,0.0,0.0,0.0,0.0,1.0,19.0,0.0,19.0,0.0,19.0,-1.0,20.0,-1.0,20.0,-2.0,20.0,-2.0,19.0,-3.0,19.0,-3.0,19.0,-3.0,19.0,-3.0,19.0,-3.0,19.0,-4.0,19.0,-4.0,19.0,-5.0,18.0,-5.0,18.0,-5.0,18.0,-5.0,17.0,-5.0,18.0,-5.0,17.0,-5.0,17.0,-5.0,17.0,-4.0,16.0,-3.0,17.0,-3.0,16.0,-3.0,16.0
3.3777,122.0,-96.0,7.0,0.0,0.0,0.0,0.0,0.0,0.0,0.0,0.0,0.0,-10.0,-15.0,-12.0,-18.0,-13.0,-21.0,-14.0,-23.0,-15.0,-24.0,-16.0,-24.0,-15.0,-23.0,-14.0,-22.0,-12.0,-20.0,-10.0,-16.0,-7.0,-12.0,-4.0,-8.0,0.0,-4.0,4.0,0.0,9.0,3.0,12.0,7.0,17.0,10.0,20.0,11.0,23.0,13.0,25.0,14.0,26.0,14.0,26.0,14.0,25.0,12.0,23.0,10.0,20.0,8.0,16.0,6.0
3.3932,122.0,-96.0,7.0,0.0,0.0,0.0,0.0,0.0,0.0,0.0,0.0,0.0,-13.0,-8.0,-16.0,-10.0,-19.0,-11.0,-21.0,-12.0,-22.0,-13.0,-22.0,-13.0,-22.0,-12.0,-21.0,-12.0,-18.0,-11.0,-15.0,-9.0,-11.0,-7.0,-7.0,-5.0,-2.0,-4.0,3.0,-2.0,8.0,-2.0,12.0,0.0,17.0,0.0,21.0,0.0,23.0,0.0,25.0,-1.0,27.0,-1.0,26.0,-2.0,25.0,-2.0,23.0,-2.0,19.0,-3.0,15.0,-2.0
3.407,122.0,-96.0,7.0,0.0,0.0,0.0,0.0,0.0,0.0,0.0,0.0,0.0,-16.0,-5.0,-18.0,-7.0,-21.0,-8.0,-23.0,-8.0,-24.0,-9.0,-24.0,-9.0,-23.0,-8.0,-22.0,-8.0,-19.0,-7.0,-16.0,-6.0,-12.0,-5.0,-7.0,-4.0,-2.0,-3.0,3.0,-3.0,8.0,-3.0,13.0,-3.0,17.0,-3.0,21.0,-4.0,23.0,-5.0,25.0,-5.0,26.0,-6.0,26.0,-6.0,24.0,-6.0,22.0,-6.0,18.0,-6.0,15.0,-5.0
3.4212,122.0,-96.0,7.0,0.0,0.0,0.0,0.0,0.0,0.0,0.0,0.0,0.0,19.0,-1.0,15.0,-1.0,11.0,-1.0,7.0,0.0,2.0,2.0,-4.0,4.0,-7.0,6.0,-12.0,8.0,-17.0,10.0,-20.0,12.0,-23.0,13.0,-24.0,15.0,-25.0,16.0,-25.0,16.0,-23.0,16.0,-21.0,15.0,-18.0,13.0,-16.0,11.0,-12.0,7.0,-8.0,4.0,-5.0,0.0,-2.0,-5.0,2.0,-10.0,5.0,-14.0,6.0,-18.0,6.0,-22.0
3.4352,122.0,-96.0,7.0,0.0,0.0,0.0,0.0,0.0,0.0,0.0,0.0,0.0,-15.0,5.0,-19.0,6.0,-21.0,7.0,-23.0,8.0,-24.0,8.0,-24.0,9.0,-23.0,8.0,-22.0,8.0,-19.0,6.0,-16.0,5.0,-12.0,3.0,-8.0,1.0,-4.0,-2.0,1.0,-5.0,4.0,-8.0,8.0,-10.0,11.0,-14.0,14.0,-16.0,16.0,-18.0,17.0,-20.0,17.0,-21.0,17.0,-21.0,15.0,-20.0,13.0,-19.0,11.0,-17.0,8.0,-13.0
3.4498,122.0,-96.0,7.0,0.0,0.0,0.0,0.0,0.0,0.0,0.0,0.0,0.0,8.0,-24.0,9.0,-25.0,9.0,-25.0,8.0,-23.0,8.0,-21.0,6.0,-17.0,5.0,-13.0,4.0,-8.0,3.0,-3.0,3.0,2.0,2.0,8.0,2.0,13.0,2.0,18.0,2.0,22.0,2.0,26.0,3.0,28.0,4.0,29.0,4.0,29.0,4.0,28.0,4.0,26.0,4.0,22.0,3.0,18.0,2.0,13.0,0.0,9.0,-2.0,4.0,-5.0,-2.0
3.464,122.0,-96.0,7.0,0.0,0.0,0.0,0.0,0.0,0.0,0.0,0.0,0.0,23.0,-5.0,19.0,-4.0,14.0,-3.0,9.0,-1.0,3.0,2.0,-3.0,5.0,-8.0,9.0,-14.0,12.0,-19.0,15.0,-23.0,18.0,-27.0,20.0,-28.0,22.0,-29.0,24.0,-29.0,24.0,-27.0,23.0,-23.0,22.0,-21.0,20.0,-17.0,15.0,-14.0,11.0,-9.0,6.0,-6.0,0.0,-2.0,-6.0,1.0,-13.0,5.0,-19.0,5.0,-23.0,6.0,-28.0
3.478,122.0,-96.0,7.0,0.0,0.0,0.0,0.0,0.0,0.0,0.0,0.0,0.0,-7.0,18.0,-6.0,15.0,-5.0,11.0,-5.0,7.0,-4.0,2.0,-3.0,-3.0,-4.0,-8.0,-4.0,-14.0,-4.0,-19.0,-5.0,-22.0,-5.0,-26.0,-6.0,-28.0,-7.0,-29.0,-7.0,-30.0,-7.0,-29.0,-8.0,-25.0,-7.0,-23.0,-5.0,-18.0,-4.0,-15.0,-2.0,-10.0,1.0,-5.0,4.0,0.0,7.0,5.0,10.0,10.0,14.0,12.0,17.0,13.0
3.4862,122.0,-96.0,7.0,0.0,0.0,0.0,0.0,0.0,0.0,0.0,0.0,0.0,17.0,9.0,17.0,9.0,17.0,10.0,17.0,10.0,16.0,11.0,16.0,11.0,16.0,11.0,16.0,12.0,15.0,12.0,15.0,12.0,15.0,12.0,14.0,12.0,14.0,12.0,14.0,12.0,13.0,13.0,14.0,12.0,13.0,12.0,13.0,12.0,13.0,12.0,13.0,11.0,13.0,11.0,12.0,11.0,13.0,11.0,13.0,11.0,13.0,10.0,13.0,10.0
3.4989,122.0,-96.0,7.0,0.0,0.0,0.0,0.0,0.0,0.0,0.0,0.0,0.0,1.0,-6.0,5.0,0.0,10.0,5.0,14.0,10.0,19.0,15.0,24.0,19.0,28.0,20.0,31.0,23.0,33.0,22.0,34.0,23.0,32.0,21.0,31.0,20.0,28.0,18.0,23.0,15.0,17.0,11.0,10.0,7.0,2.0,5.0,-6.0,3.0,-14.0,1.0,-20.0,0.0,-28.0,1.0,-33.0,1.0,-38.0,1.0,-40.0,3.0,-41.0,4.0,-41.0,5.0
3.5074,122.0,-96.0,7.0,0.0,0.0,0.0,0.0,0.0,0.0,0.0,0.0,0.0,18.0,12.0,17.0,13.0,17.0,13.0,17.0,14.0,17.0,14.0,16.0,15.0,16.0,15.0,16.0,16.0,15.0,15.0,14.0,16.0,14.0,16.0,14.0,16.0,14.0,16.0,13.0,16.0,13.0,17.0,12.0,16.0,12.0,16.0,12.0,16.0,12.0,16.0,12.0,15.0,12.0,15.0,12.0,14.0,12.0,15.0,12.0,15.0,12.0,14.0,12.0,14.0
3.5211,122.0,-96.0,7.0,0.0,0.0,0.0,0.0,0.0,0.0,0.0,0.0,0.0,7.0,16.0,8.0,19.0,9.0,22.0,10.0,24.0,11.0,25.0,11.0,25.0,11.0,24.0,10.0,22.0,8.0,20.0,7.0,16.0,4.0,12.0,2.0,7.0,-2.0,3.0,-5.0,-2.0,-9.0,-5.0,-12.0,-10.0,-16.0,-13.0,-19.0,-15.0,-22.0,-17.0,-24.0,-18.0,-25.0,-18.0,-25.0,-18.0,-24.0,-17.0,-22.0,-15.0,-19.0,-12.0,-15.0,-10.0
3.5356,122.0,-96.0,7.0,0.0,0.0,0.0,0.0,0.0,0.0,0.0,0.0,0.0,-13.0,16.0,-14.0,16.0,-14.0,16.0,-14.0,16.0,-15.0,16.0,-15.0,16.0,-15.0,16.0,-17.0,16.0,-16.0,16.0,-16.0,17.0,-17.0,16.0,-16.0,16.0,-17.0,16.0,-18.0,16.0,-19.0,16.0,-17.0,16.0,-18.0,16.0,-19.0,15.0,-19.0,16.0,-18.0,15.0,-18.0,15.0,-18.0,15.0,-18.0,15.0,-18.0,15.0,-17.0,15.0,-17.0,15.0
3.5496,122.0,-96.0,7.0,0.0,0.0,0.0,0.0,0.0,0.0,0.0,0.0,0.0,-28.0,-9.0,-28.0,-9.0,-28.0,-9.0,-26.0,-8.0,-24.0,-8.0,-19.0,-7.0,-15.0,-6.0,-9.0,-5.0,-3.0,-4.0,3.0,-4.0,9.0,-4.0,14.0,-4.0,20.0,-4.0,25.0,-5.0,29.0,-5.0,32.0,-5.0,32.0,-6.0,33.0,-7.0,31.0,-7.0,28.0,-7.0,24.0,-7.0,20.0,-6.0,14.0,-4.0,9.0,-1.0,4.0,1.0,-2.0,5.0
3.5636,122.0,-96.0,7.0,0.0,0.0,0.0,0.0,0.0,0.0,0.0,0.0,0.0,-26.0,-12.0,-27.0,-13.0,-27.0,-12.0,-25.0,-12.0,-23.0,-11.0,-19.0,-9.0,-14.0,-8.0,-8.0,-6.0,-3.0,-5.0,3.0,-4.0,9.0,-3.0,14.0,-2.0,20.0,-2.0,25.0,-2.0,29.0,-1.0,32.0,-2.0,33.0,-3.0,33.0,-3.0,32.0,-4.0,29.0,-4.0,25.0,-4.0,20.0,-4.0,15.0,-2.0,10.0,0.0,4.0,2.0,-2.0,4.0
3.5783,122.0,-96.0,7.0,0.0,0.0,0.0,0.0,0.0,0.0,0.0,0.0,0.0,-12.0,-18.0,-10.0,-15.0,-7.0,-12.0,-4.0,-8.0,1.0,-4.0,5.0,0.0,10.0,3.0,14.0,7.0,19.0,10.0,22.0,12.0,26.0,14.0,27.0,14.0,29.0,14.0,30.0,14.0,28.0,13.0,26.0,11.0,22.0,10.0,18.0,8.0,14.0,7.0,8.0,5.0,2.0,4.0,-4.0,2.0,-11.0,2.0,-17.0,2.0,-22.0,3.0,-25.0,4.0
3.5843,122.0,-96.0,7.0,0.0,0.0,0.0,0.0,0.0,0.0,0.0,0.0,0.0,20.0,1.0,21.0,2.0,20.0,2.0,20.0,3.0,21.0,4.0,21.0,4.0,20.0,5.0,20.0,5.0,20.0,6.0,19.0,5.0,19.0,6.0,20.0,6.0,19.0,6.0,19.0,6.0,19.0,7.0,18.0,7.0,18.0,7.0,18.0,7.0,18.0,7.0,17.0,6.0,17.0,6.0,17.0,6.0,17.0,6.0,17.0,6.0,17.0,5.0,17.0,5.0
3.5983,122.0,-96.0,7.0,0.0,0.0,0.0,0.0,0.0,0.0,0.0,0.0,0.0,27.0,4.0,28.0,5.0,28.0,4.0,25.0,4.0,23.0,4.0,18.0,3.0,13.0,3.0,7.0,3.0,2.0,3.0,-4.0,4.0,-10.0,5.0,-16.0,5.0,-21.0,6.0,-26.0,7.0,-30.0,8.0,-32.0,9.0,-32.0,10.0,-32.0,10.0,-31.0,10.0,-28.0,10.0,-24.0,9.0,-20.0,7.0,-14.0,5.0,-10.0,2.0,-5.0,-2.0,0.0,-6.0
3.6086,122.0,-96.0,7.0,0.0,0.0,0.0,0.0,0.0,0.0,0.0,0.0,0.0,12.0,-16.0,12.0,-16.0,12.0,-16.0,13.0,-16.0,14.0,-16.0,14.0,-15.0,14.0,-15.0,14.0,-14.0,14.0,-14.0,15.0,-13.0,15.0,-13.0,15.0,-12.0,15.0,-12.0,15.0,-12.0,15.0,-12.0,15.0,-12.0,14.0,-12.0,14.0,-12.0,14.0,-11.0,14.0,-12.0,13.0,-11.0,13.0,-12.0,14.0,-11.0,13.0,-11.0,13.0,-11.0,12.0,-11.0
3.6219,122.0,-96.0,7.0,0.0,0.0,0.0,0.0,0.0,0.0,0.0,0.0,0.0,-3.0,1.0,-6.0,-3.0,-7.0,-8.0,-10.0,-13.0,-12.0,-18.0,-15.0,-22.0,-17.0,-24.0,-18.0,-27.0,-19.0,-26.0,-19.0,-27.0,-19.0,-25.0,-18.0,-23.0,-16.0,-22.0,-13.0,-17.0,-9.0,-14.0,-5.0,-8.0,0.0,-4.0,5.0,-1.0,10.0,3.0,15.0,5.0,20.0,8.0,24.0,8.0,28.0,10.0,29.0,9.0,30.0,9.0,30.0,8.0
3.6359,122.0,-96.0,7.0,0.0,0.0,0.0,0.0,0.0,0.0,0.0,0.0,0.0,-5.0,-3.0,1.0,-6.0,6.0,-8.0,12.0,-11.0,17.0,-15.0,21.0,-18.0,24.0,-20.0,27.0,-23.0,27.0,-24.0,27.0,-25.0,25.0,-24.0,24.0,-23.0,22.0,-20.0,17.0,-17.0,14.0,-12.0,8.0,-7.0,4.0,-1.0,1.0,5.0,-2.0,11.0,-4.0,17.0,-6.0,23.0,-6.0,27.0,-8.0,32.0,-6.0,34.0,-6.0,35.0,-5.0,35.0
3.6484,122.0,-96.0,7.0,0.0,0.0,0.0,0.0,0.0,0.0,0.0,0.0,0.0,19.0,-4.0,23.0,-4.0,26.0,-5.0,29.0,-5.0,30.0,-5.0,30.0,-6.0,29.0,-5.0,27.0,-5.0,24.0,-4.0,19.0,-3.0,14.0,-2.0,9.0,-1.0,3.0,2.0,-3.0,4.0,-9.0,7.0,-14.0,10.0,-19.0,13.0,-22.0,15.0,-25.0,18.0,-27.0,19.0,-27.0,20.0,-26.0,20.0,-24.0,20.0,-21.0,19.0,-18.0,16.0,-15.0,13.0
3.6625,122.0,-96.0,7.0,0.0,0.0,0.0,0.0,0.0,0.0,0.0,0.0,0.0,-16.0,-6.0,-16.0,-6.0,-16.0,-6.0,-17.0,-7.0,-16.0,-7.0,-17.0,-7.0,-17.0,-7.0,-17.0,-8.0,-17.0,-8.0,-17.0,-8.0,-17.0,-8.0,-17.0,-8.0,-17.0,-8.0,-17.0,-9.0,-18.0,-9.0,-16.0,-8.0,-17.0,-9.0,-17.0,-10.0,-18.0,-10.0,-17.0,-9.0,-17.0,-9.0,-17.0,-9.0,-16.0,-9.0,-17.0,-9.0,-17.0,-8.0,-17.0,-8.0
3.6758,122.0,-96.0,7.0,0.0,0.0,0.0,0.0,0.0,0.0,0.0,0.0,0.0,-4.0,-1.0,-2.0,-5.0,0.0,-10.0,1.0,-15.0,3.0,-19.0,4.0,-23.0,4.0,-25.0,5.0,-28.0,4.0,-29.0,4.0,-30.0,3.0,-28.0,2.0,-26.0,2.0,-23.0,2.0,-19.0,2.0,-14.0,1.0,-9.0,2.0,-3.0,4.0,3.0,4.0,8.0,6.0,13.0,8.0,18.0,10.0,20.0,12.0,24.0,13.0,24.0,14.0,24.0,14.0,24.0
3.6857,122.0,-96.0,7.0,0.0,0.0,0.0,0.0,0.0,0.0,0.0,0.0,0.0,19.0,-3.0,19.0,-3.0,19.0,-3.0,20.0,-2.0,20.0,-1.0,20.0,-1.0,20.0,-1.0,20.0,0.0,19.0,0.0,19.0,0.0,19.0,1.0,19.0,1.0,19.0,1.0,18.0,1.0,19.0,2.0,18.0,2.0,18.0,1.0,18.0,2.0,18.0,2.0,18.0,1.0,17.0,1.0,17.0,1.0,17.0,1.0,17.0,1.0,16.0,1.0,16.0,0.0
3.6993,122.0,-96.0,7.0,0.0,0.0,0.0,0.0,0.0,0.0,0.0,0.0,0.0,-22.0,11.0,-18.0,8.0,-14.0,6.0,-9.0,2.0,-4.0,-2.0,1.0,-7.0,5.0,-11.0,9.0,-17.0,13.0,-21.0,16.0,-25.0,18.0,-28.0,19.0,-30.0,20.0,-32.0,20.0,-32.0,18.0,-32.0,15.0,-29.0,14.0,-25.0,11.0,-20.0,9.0,-15.0,6.0,-10.0,5.0,-3.0,2.0,4.0,2.0,12.0,0.0,18.0,1.0,23.0,2.0,28.0
3.7144,122.0,-96.0,7.0,0.0,0.0,0.0,0.0,0.0,0.0,0.0,0.0,0.0,-7.0,22.0,-6.0,18.0,-5.0,13.0,-5.0,8.0,-4.0,1.0,-4.0,-6.0,-5.0,-12.0,-5.0,-19.0,-6.0,-24.0,-7.0,-29.0,-8.0,-33.0,-9.0,-35.0,-10.0,-36.0,-10.0,-37.0,-10.0,-35.0,-11.0,-31.0,-10.0,-27.0,-7.0,-22.0,-5.0,-18.0,-2.0,-12.0,1.0,-6.0,5.0,1.0,10.0,7.0,14.0,12.0,18.0,14.0,22.0,16.0
3.7262,122.0,-96.0,7.0,0.0,0.0,0.0,0.0,0.0,0.0,0.0,0.0,0.0,-4.0,1.0,-5.0,-5.0,-5.0,-10.0,-5.0,-15.0,-6.0,-20.0,-7.0,-25.0,-8.0,-28.0,-9.0,-31.0,-10.0,-31.0,-10.0,-31.0,-11.0,-29.0,-10.0,-27.0,-9.0,-25.0,-7.0,-20.0,-5.0,-16.0,-2.0,-9.0,1.0,-4.0,5.0,0.0,9.0,6.0,12.0,10.0,17.0,14.0,19.0,16.0,23.0,18.0,25.0,17.0,26.0,17.0,26.0,17.0
3.7394,122.0,-96.0,7.0,0.0,0.0,0.0,0.0,0.0,0.0,0.0,0.0,0.0,-10.0,17.0,-12.0,20.0,-14.0,23.0,-15.0,25.0,-15.0,26.0,-15.0,27.0,-15.0,26.0,-14.0,24.0,-13.0,21.0,-10.0,17.0,-8.0,12.0,-6.0,7.0,-5.0,1.0,-3.0,-5.0,-2.0,-12.0,-1.0,-17.0,0.0,-23.0,0.0,-27.0,-1.0,-31.0,-1.0,-33.0,-2.0,-34.0,-2.0,-34.0,-3.0,-31.0,-3.0,-29.0,-3.0,-25.0,-3.0,-20.0
3.755,122.0,-96.0,7.0,0.0,0.0,0.0,0.0,0.0,0.0,0.0,0.0,0.0,18.0,17.0,15.0,14.0,11.0,11.0,6.0,8.0,0.0,4.0,-6.0,1.0,-11.0,-1.0,-18.0,-4.0,-23.0,-6.0,-28.0,-7.0,-33.0,-8.0,-35.0,-8.0,-37.0,-8.0,-38.0,-8.0,-36.0,-7.0,-33.0,-5.0,-29.0,-4.0,-24.0,-4.0,-18.0,-4.0,-12.0,-4.0,-5.0,-5.0,3.0,-5.0,10.0,-7.0,17.0,-8.0,21.0,-11.0,25.0,-13.0
3.7685,122.0,-96.0,7.0,0.0,0.0,0.0,0.0,0.0,0.0,0.0,0.0,0.0,8.0,-16.0,11.0,-19.0,12.0,-21.0,13.0,-23.0,14.0,-24.0,14.0,-25.0,13.0,-24.0,12.0,-22.0,12.0,-19.0,9.0,-16.0,7.0,-11.0,5.0,-7.0,3.0,-1.0,1.0,4.0,0.0,10.0,-2.0,15.0,-2.0,20.0,-2.0,24.0,-3.0,27.0,-3.0,29.0,-2.0,30.0,-2.0,30.0,-1.0,27.0,0.0,25.0,0.0,21.0,0.0,17.0
3.7818,122.0,-96.0,7.0,0.0,0.0,0.0,0.0,0.0,0.0,0.0,0.0,0.0,15.0,6.0,18.0,8.0,21.0,10.0,23.0,11.0,24.0,11.0,25.0,11.0,24.0,11.0,22.0,11.0,20.0,10.0,16.0,8.0,12.0,6.0,7.0,4.0,2.0,3.0,-4.0,2.0,-10.0,1.0,-15.0,0.0,-20.0,-1.0,-24.0,0.0,-28.0,0.0,-30.0,0.0,-31.0,1.0,-31.0,1.0,-29.0,2.0,-26.0,2.0,-22.0,2.0,-18.0,2.0
3.7895,122.0,-96.0,7.0,0.0,0.0,0.0,0.0,0.0,0.0,0.0,0.0,0.0,6.0,18.0,6.0,18.0,5.0,19.0,5.0,19.0,4.0,19.0,4.0,19.0,3.0,19.0,3.0,20.0,2.0,19.0,2.0,19.0,2.0,19.0,2.0,19.0,2.0,19.0,1.0,19.0,0.0,18.0,1.0,19.0,1.0,18.0,0.0,18.0,0.0,18.0,1.0,17.0,0.0,17.0,0.0,17.0,0.0,17.0,1.0,17.0,1.0,17.0,1.0,16.0
3.8037,122.0,-96.0,7.0,0.0,0.0,0.0,0.0,0.0,0.0,0.0,0.0,0.0,-1.0,-17.0,0.0,-21.0,0.0,-24.0,0.0,-26.0,0.0,-28.0,1.0,-29.0,1.0,-28.0,1.0,-26.0,1.0,-23.0,1.0,-19.0,0.0,-15.0,1.0,-9.0,2.0,-4.0,3.0,2.0,5.0,7.0,6.0,13.0,7.0,17.0,10.0,21.0,11.0,24.0,12.0,26.0,13.0,27.0,13.0,26.0,13.0,24.0,13.0,21.0,11.0,18.0,9.0,14.0
3.8174,122.0,-96.0,7.0,0.0,0.0,0.0,0.0,0.0,0.0,0.0,0.0,0.0,8.0,-15.0,10.0,-18.0,12.0,-21.0,13.0,-23.0,14.0,-24.0,14.0,-24.0,14.0,-24.0,13.0,-22.0,12.0,-20.0,10.0,-16.0,7.0,-12.0,5.0,-8.0,3.0,-2.0,1.0,3.0,0.0,9.0,-1.0,14.0,-3.0,19.0,-2.0,23.0,-3.0,26.0,-3.0,28.0,-3.0,30.0,-2.0,29.0,-1.0,28.0,0.0,25.0,0.0,21.0,0.0,17.0
3.8322,122.0,-96.0,7.0,0.0,0.0,0.0,0.0,0.0,0.0,0.0,0.0,0.0,3.0,0.0,1.0,6.0,-2.0,11.0,-5.0,16.0,-6.0,23.0,-8.0,27.0,-8.0,31.0,-10.0,34.0,-8.0,35.0,-9.0,36.0,-7.0,34.0,-6.0,31.0,-6.0,28.0,-5.0,23.0,-5.0,16.0,-4.0,10.0,-4.0,2.0,-5.0,-5.0,-6.0,-11.0,-8.0,-18.0,-10.0,-24.0,-12.0,-27.0,-14.0,-31.0,-16.0,-32.0,-17.0,-33.0,-17.0,-32.0
3.8466,122.0,-96.0,7.0,0.0,0.0,0.0,0.0,0.0,0.0,0.0,0.0,0.0,18.0,-16.0,15.0,-13.0,11.0,-9.0,8.0,-5.0,3.0,1.0,-1.0,6.0,-3.0,12.0,-7.0,18.0,-10.0,23.0,-11.0,27.0,-13.0,30.0,-13.0,33.0,-13.0,35.0,-13.0,35.0,-12.0,34.0,-9.0,30.0,-8.0,27.0,-7.0,21.0,-7.0,16.0,-5.0,10.0,-5.0,2.0,-4.0,-5.0,-5.0,-12.0,-5.0,-19.0,-8.0,-23.0,-9.0,-28.0
3.8611,122.0,-96.0,7.0,0.0,0.0,0.0,0.0,0.0,0.0,0.0,0.0,0.0,21.0,12.0,17.0,9.0,13.0,8.0,7.0,6.0,2.0,4.0,-5.0,2.0,-11.0,1.0,-18.0,0.0,-24.0,-1.0,-29.0,-1.0,-34.0,-1.0,-36.0,0.0,-38.0,0.0,-38.0,0.0,-37.0,1.0,-33.0,2.0,-29.0,2.0,-24.0,1.0,-19.0,0.0,-12.0,-1.0,-5.0,-3.0,2.0,-6.0,9.0,-9.0,15.0,-12.0,18.0,-15.0,22.0,-19.0
3.8743,122.0,-96.0,7.0,0.0,0.0,0.0,0.0,0.0,0.0,0.0,0.0,0.0,11.0,-15.0,15.0,-19.0,16.0,-20.0,18.0,-23.0,19.0,-24.0,19.0,-25.0,18.0,-24.0,17.0,-22.0,16.0,-20.0,13.0,-16.0,10.0,-12.0,7.0,-7.0,4.0,-2.0,1.0,4.0,-1.0,10.0,-4.0,15.0,-6.0,21.0,-6.0,25.0,-7.0,29.0,-7.0,31.0,-7.0,33.0,-6.0,33.0,-5.0,30.0,-4.0,27.0,-3.0,24.0,-2.0,19.0
3.8879,122.0,-96.0,7.0,0.0,0.0,0.0,0.0,0.0,0.0,0.0,0.0,0.0,11.0,-17.0,9.0,-14.0,6.0,-11.0,5.0,-7.0,3.0,-2.0,1.0,4.0,0.0,8.0,-1.0,14.0,-2.0,18.0,-2.0,22.0,-3.0,26.0,-3.0,28.0,-2.0,29.0,-2.0,29.0,-1.0,29.0,0.0,25.0,0.0,23.0,-1.0,18.0,-1.0,14.0,-1.0,9.0,-3.0,3.0,-4.0,-3.0,-7.0,-8.0,-8.0,-13.0,-11.0,-16.0,-14.0,-19.0
3.9014,122.0,-96.0,7.0,0.0,0.0,0.0,0.0,0.0,0.0,0.0,0.0,0.0,-6.0,3.0,-5.0,-5.0,-7.0,-13.0,-7.0,-21.0,-9.0,-29.0,-10.0,-36.0,-12.0,-41.0,-13.0,-45.0,-15.0,-46.0,-15.0,-46.0,-16.0,-44.0,-15.0,-41.0,-13.0,-37.0,-11.0,-31.0,-8.0,-22.0,-4.0,-14.0,1.0,-7.0,7.0,1.0,12.0,8.0,19.0,14.0,24.0,19.0,30.0,22.0,34.0,26.0,38.0,26.0,39.0,26.0,40.0,24.0
3.911,122.0,-96.0,7.0,0.0,0.0,0.0,0.0,0.0,0.0,0.0,0.0,0.0,-4.0,19.0,-5.0,19.0,-6.0,19.0,-6.0,19.0,-7.0,19.0,-8.0,19.0,-7.0,19.0,-8.0,19.0,-8.0,18.0,-8.0,18.0,-9.0,17.0,-9.0,18.0,-9.0,17.0,-10.0,17.0,-10.0,17.0,-10.0,16.0,-9.0,16.0,-9.0,16.0,-9.0,16.0,-9.0,15.0,-9.0,16.0,-9.0,15.0,-8.0,15.0,-8.0,15.0,-8.0,15.0,-7.0,15.0
3.9244,122.0,-96.0,7.0,0.0,0.0,0.0,0.0,0.0,0.0,0.0,0.0,0.0,-19.0,-7.0,-23.0,-9.0,-26.0,-10.0,-28.0,-10.0,-30.0,-11.0,-29.0,-11.0,-28.0,-11.0,-26.0,-10.0,-23.0,-9.0,-19.0,-8.0,-13.0,-6.0,-8.0,-5.0,-2.0,-4.0,5.0,-3.0,10.0,-3.0,16.0,-2.0,22.0,-2.0,26.0,-3.0,28.0,-3.0,32.0,-4.0,32.0,-4.0,32.0,-5.0,31.0,-5.0,27.0,-5.0,23.0,-5.0,18.0,-4.0
3.9383,122.0,-96.0,7.0,0.0,0.0,0.0,0.0,0.0,0.0,0.0,0.0,0.0,-16.0,12.0,-13.0,10.0,-10.0,7.0,-8.0,4.0,-4.0,-1.0,-1.0,-5.0,1.0,-9.0,4.0,-14.0,7.0,-18.0,8.0,-22.0,10.0,-25.0,10.0,-27.0,10.0,-28.0,10.0,-29.0,9.0,-28.0,6.0,-25.0,6.0,-22.0,5.0,-18.0,4.0,-14.0,3.0,-9.0,3.0,-3.0,3.0,3.0,3.0,9.0,3.0,14.0,5.0,18.0,7.0,21.0
3.9524,122.0,-96.0,7.0,0.0,0.0,0.0,0.0,0.0,0.0,0.0,0.0,0.0,-16.0,0.0,-17.0,0.0,-17.0,1.0,-17.0,0.0,-18.0,0.0,-18.0,0.0,-18.0,0.0,-19.0,-1.0,-18.0,-1.0,-19.0,-1.0,-19.0,-1.0,-18.0,-1.0,-19.0,-1.0,-19.0,-2.0,-20.0,-2.0,-19.0,-2.0,-19.0,-2.0,-20.0,-2.0,-20.0,-2.0,-19.0,-2.0,-19.0,-2.0,-19.0,-2.0,-19.0,-3.0,-19.0,-2.0,-19.0,-2.0,-18.0,-1.0
3.9642,122.0,-96.0,7.0,0.0,0.0,0.0,0.0,0.0,0.0,0.0,0.0,0.0,-19.0,-8.0,-20.0,-8.0,-19.0,-8.0,-19.0,-9.0,-19.0,-10.0,-19.0,-10.0,-18.0,-10.0,-18.0,-11.0,-18.0,-11.0,-17.0,-11.0,-17.0,-12.0,-17.0,-12.0,-17.0,-12.0,-16.0,-12.0,-16.0,-12.0,-16.0,-12.0,-16.0,-12.0,-15.0,-12.0,-15.0,-12.0,-15.0,-11.0,-15.0,-11.0,-15.0,-11.0,-14.0,-11.0,-15.0,-11.0,-14.0,-10.0,-15.0,-10.0
3.9772,122.0,-96.0,7.0,0.0,0.0,0.0,0.0,0.0,0.0,0.0,0.0,0.0,-5.0,0.0,-2.0,-6.0,1.0,-11.0,5.0,-16.0,7.0,-22.0,10.0,-27.0,11.0,-30.0,12.0,-34.0,11.0,-35.0,12.0,-35.0,10.0,-34.0,9.0,-32.0,9.0,-29.0,7.0,-24.0,6.0,-18.0,4.0,-11.0,3.0,-3.0,3.0,4.0,3.0,11.0,4.0,17.0,5.0,24.0,7.0,27.0,8.0,32.0,10.0,33.0,10.0,34.0,12.0,34.0
3.9861,122.0,-96.0,7.0,0.0,0.0,0.0,0.0,0.0,0.0,0.0,0.0,0.0,-17.0,15.0,-17.0,15.0,-18.0,14.0,-18.0,14.0,-18.0,13.0,-19.0,13.0,-19.0,12.0,-19.0,12.0,-19.0,12.0,-20.0,12.0,-19.0,11.0,-19.0,11.0,-19.0,11.0,-19.0,10.0,-19.0,9.0,-19.0,10.0,-19.0,9.0,-19.0,9.0,-19.0,9.0,-18.0,9.0,-18.0,9.0,-18.0,9.0,-18.0,9.0,-17.0,9.0,-17.0,9.0,-16.0,9.0
4.0,122.0,-96.0,7.0,0.0,0.0,0.0,0.0,0.0,0.0,0.0,0.0,0.0,12.0,20.0,10.0,16.0,6.0,12.0,2.0,8.0,-2.0,3.0,-7.0,-2.0,-12.0,-5.0,-17.0,-9.0,-22.0,-13.0,-26.0,-15.0,-29.0,-18.0,-31.0,-18.0,-33.0,-19.0,-33.0,-19.0,-32.0,-17.0,-30.0,-15.0,-26.0,-13.0,-21.0,-11.0,-16.0,-9.0,-10.0,-7.0,-3.0,-5.0,5.0,-4.0,12.0,-3.0,19.0,-2.0,23.0,-3.0,28.0,-4.0
4.0135,122.0,-96.0,7.0,0.0,0.0,0.0,0.0,0.0,0.0,0.0,0.0,0.0,-2.0,-4.0,4.0,-5.0,9.0,-7.0,16.0,-8.0,21.0,-10.0,27.0,-12.0,29.0,-13.0,33.0,-14.0,33.0,-15.0,33.0,-16.0,30.0,-17.0,28.0,-15.0,26.0,-13.0,21.0,-11.0,16.0,-7.0,9.0,-4.0,4.0,1.0,-1.0,6.0,-7.0,11.0,-11.0,15.0,-15.0,21.0,-16.0,24.0,-18.0,28.0,-17.0,31.0,-17.0,31.0,-17.0,32.0
4.0277,122.0,-96.0,7.0,0.0,0.0,0.0,0.0,0.0,0.0,0.0,0.0,0.0,-10.0,-27.0,-10.0,-28.0,-10.0,-28.0,-9.0,-26.0,-8.0,-24.0,-7.0,-19.0,-5.0,-15.0,-2.0,-10.0,1.0,-5.0,5.0,0.0,8.0,5.0,11.0,10.0,15.0,14.0,18.0,18.0,21.0,21.0,22.0,23.0,24.0,23.0,24.0,22.0,24.0,21.0,22.0,19.0,19.0,16.0,16.0,13.0,11.0,10.0,6.0,7.0,1.0,4.0,-5.0,1.0
4.0442,122.0,-96.0,7.0,0.0,0.0,0.0,0.0,0.0,0.0,0.0,0.0,0.0,-16.0,-12.0,-19.0,-15.0,-22.0,-16.0,-24.0,-18.0,-25.0,-20.0,-25.0,-20.0,-25.0,-19.0,-23.0,-18.0,-21.0,-17.0,-17.0,-13.0,-12.0,-11.0,-8.0,-7.0,-2.0,-5.0,4.0,-2.0,10.0,0.0,16.0,3.0,21.0,5.0,26.0,5.0,29.0,6.0,31.0,6.0,32.0,6.0,33.0,6.0,31.0,5.0,28.0,4.0,24.0,3.0,19.0,2.0
4.0565,122.0,-96.0,7.0,0.0,0.0,0.0,0.0,0.0,0.0,0.0,0.0,0.0,19.0,-17.0,20.0,-17.0,20.0,-17.0,18.0,-16.0,17.0,-14.0,13.0,-12.0,11.0,-9.0,6.0,-4.0,3.0,0.0,1.0,4.0,-2.0,8.0,-5.0,13.0,-7.0,17.0,-10.0,21.0,-12.0,24.0,-12.0,26.0,-12.0,27.0,-12.0,28.0,-11.0,27.0,-9.0,25.0,-8.0,21.0,-6.0,17.0,-5.0,12.0,-5.0,8.0,-4.0,2.0,-4.0,-4.0
4.0698,122.0,-96.0,7.0,0.0,0.0,0.0,0.0,0.0,0.0,0.0,0.0,0.0,21.0,13.0,22.0,13.0,22.0,13.0,21.0,12.0,18.0,11.0,14.0,9.0,11.0,7.0,6.0,5.0,1.0,3.0,-4.0,2.0,-10.0,0.0,-15.0,-1.0,-19.0,-2.0,-24.0,-3.0,-28.0,-4.0,-30.0,-4.0,-30.0,-3.0,-31.0,-3.0,-30.0,-2.0,-27.0,-2.0,-23.0,-1.0,-19.0,-1.0,-14.0,-1.0,-9.0,-2.0,-4.0,-3.0,2.0,-4.0
4.0832,122.0,-96.0,7.0,0.0,0.0,0.0,0.0,0.0,0.0,0.0,0.0,0.0,-9.0,13.0,-10.0,13.0,-10.0,14.0,-10.0,13.0,-11.0,14.0,-11.0,14.0,-11.0,14.0,-12.0,14.0,-12.0,14.0,-12.0,14.0,-11.0,14.0,-12.0,13.0,-12.0,14.0,-13.0,14.0,-13.0,14.0,-12.0,14.0,-13.0,13.0,-14.0,13.0,-13.0,13.0,-13.0,13.0,-13.0,13.0,-13.0,13.0,-13.0,13.0,-13.0,13.0,-12.0,13.0,-12.0,13.0
4.0931,122.0,-96.0,7.0,0.0,0.0,0.0,0.0,0.0,0.0,0.0,0.0,0.0,21.0,-14.0,22.0,-14.0,21.0,-13.0,22.0,-13.0,22.0,-12.0,23.0,-11.0,23.0,-11.0,23.0,-11.0,23.0,-10.0,23.0,-9.0,23.0,-9.0,23.0,-8.0,23.0,-8.0,22.0,-8.0,23.0,-7.0,22.0,-7.0,22.0,-7.0,22.0,-7.0,22.0,-7.0,21.0,-7.0,21.0,-7.0,20.0,-8.0,20.0,-7.0,20.0,-7.0,20.0,-7.0,19.0,-7.0
4.1079,122.0,-96.0,7.0,0.0,0.0,0.0,0.0,0.0,0.0,0.0,0.0,0.0,0.0,3.0,-7.0,3.0,-14.0,2.0,-21.0,2.0,-27.0,2.0,-33.0,2.0,-37.0,2.0,-41.0,3.0,-41.0,4.0,-42.0,5.0,-40.0,5.0,-37.0,5.0,-33.0,4.0,-27.0,3.0,-20.0,2.0,-12.0,0.0,-5.0,-3.0,3.0,-7.0,9.0,-10.0,16.0,-15.0,21.0,-19.0,25.0,-22.0,28.0,-26.0,29.0,-28.0,29.0,-29.0,28.0,-30.0
4.1221,122.0,-96.0,7.0,0.0,0.0,0.0,0.0,0.0,0.0,0.0,0.0,0.0,10.0,26.0,10.0,27.0,10.0,26.0,9.0,25.0,8.0,22.0,7.0,18.0,4.0,14.0,1.0,8.0,-2.0,4.0,-6.0,-1.0,-9.0,-6.0,-13.0,-10.0,-16.0,-14.0,-20.0,-18.0,-22.0,-21.0,-24.0,-23.0,-26.0,-23.0,-26.0,-22.0,-25.0,-22.0,-23.0,-19.0,-21.0,-16.0,-17.0,-13.0,-12.0,-10.0,-7.0,-7.0,-2.0,-5.0,4.0,-2.0
4.1351,122.0,-96.0,7.0,0.0,0.0,0.0,0.0,0.0,0.0,0.0,0.0,0.0,16.0,9.0,20.0,11.0,23.0,13.0,25.0,14.0,27.0,15.0,27.0,15.0,26.0,15.0,24.0,13.0,22.0,12.0,17.0,10.0,13.0,7.0,7.0,5.0,1.0,4.0,-5.0,1.0,-11.0,0.0,-17.0,-1.0,-22.0,-2.0,-27.0,-2.0,-31.0,-2.0,-33.0,-2.0,-34.0,-1.0,-34.0,-1.0,-32.0,0.0,-29.0,1.0,-25.0,1.0,-20.0,1.0
4.1483,122.0,-96.0,7.0,0.0,0.0,0.0,0.0,0.0,0.0,0.0,0.0,0.0,23.0,-1.0,19.0,-1.0,14.0,0.0,8.0,1.0,2.0,3.0,-5.0,4.0,-11.0,7.0,-17.0,9.0,-23.0,11.0,-27.0,13.0,-31.0,15.0,-32.0,16.0,-33.0,18.0,-34.0,18.0,-32.0,18.0,-28.0,16.0,-25.0,14.0,-20.0,11.0,-16.0,8.0,-11.0,4.0,-6.0,-1.0,0.0,-6.0,5.0,-12.0,9.0,-17.0,11.0,-22.0,12.0,-26.0
4.1602,122.0,-96.0,7.0,0.0,0.0,0.0,0.0,0.0,0.0,0.0,0.0,0.0,-23.0,-10.0,-19.0,-9.0,-15.0,-7.0,-9.0,-6.0,-3.0,-5.0,4.0,-3.0,11.0,-3.0,17.0,-2.0,23.0,-2.0,28.0,-2.0,32.0,-1.0,35.0,-2.0,37.0,-3.0,38.0,-3.0,36.0,-3.0,31.0,-4.0,28.0,-3.0,23.0,-2.0,18.0,-2.0,11.0,0.0,4.0,2.0,-3.0,4.0,-10.0,7.0,-16.0,10.0,-19.0,14.0,-23.0,17.0
4.1739,122.0,-96.0,7.0,0.0,0.0,0.0,0.0,0.0,0.0,0.0,0.0,0.0,-13.0,20.0,-11.0,16.0,-9.0,12.0,-7.0,6.0,-4.0,0.0,-2.0,-7.0,-2.0,-13.0,0.0,-20.0,2.0,-26.0,2.0,-30.0,3.0,-34.0,2.0,-36.0,2.0,-38.0,2.0,-39.0,1.0,-37.0,-1.0,-32.0,0.0,-29.0,0.0,-23.0,1.0,-18.0,1.0,-11.0,3.0,-4.0,4.0,3.0,7.0,10.0,9.0,16.0,11.0,20.0,14.0,24.0
4.1905,122.0,-96.0,7.0,0.0,0.0,0.0,0.0,0.0,0.0,0.0,0.0,0.0,-9.0,20.0,-8.0,16.0,-6.0,12.0,-5.0,8.0,-4.0,2.0,-3.0,-5.0,-3.0,-10.0,-2.0,-16.0,-2.0,-22.0,-2.0,-26.0,-1.0,-30.0,-2.0,-32.0,-2.0,-34.0,-2.0,-34.0,-3.0,-32.0,-5.0,-29.0,-4.0,-26.0,-3.0,-21.0,-2.0,-17.0,-1.0,-11.0,2.0,-5.0,4.0,1.0,7.0,8.0,9.0,13.0,12.0,17.0,15.0,19.0
4.2027,122.0,-96.0,7.0,0.0,0.0,0.0,0.0,0.0,0.0,0.0,0.0,0.0,17.0,-8.0,14.0,-7.0,10.0,-5.0,6.0,-2.0,2.0,1.0,-3.0,5.0,-5.0,8.0,-10.0,12.0,-13.0,15.0,-15.0,18.0,-17.0,20.0,-18.0,22.0,-18.0,23.0,-19.0,22.0,-17.0,22.0,-14.0,20.0,-13.0,18.0,-11.0,14.0,-9.0,11.0,-6.0,6.0,-4.0,0.0,-2.0,-5.0,-1.0,-10.0,1.0,-16.0,0.0,-20.0,0.0,-23.0
4.2155,122.0,-96.0,7.0,0.0,0.0,0.0,0.0,0.0,0.0,0.0,0.0,0.0,-22.0,-8.0,-22.0,-9.0,-23.0,-9.0,-21.0,-8.0,-19.0,-8.0,-15.0,-6.0,-12.0,-6.0,-7.0,-4.0,-2.0,-4.0,2.0,-3.0,7.0,-2.0,12.0,-2.0,16.0,-1.0,21.0,-1.0,24.0,-1.0,26.0,-1.0,26.0,-2.0,27.0,-2.0,26.0,-2.0,23.0,-2.0,20.0,-3.0,16.0,-2.0,12.0,-1.0,8.0,0.0,3.0,1.0,-2.0,3.0
4.2295,122.0,-96.0,7.0,0.0,0.0,0.0,0.0,0.0,0.0,0.0,0.0,0.0,-6.0,17.0,-8.0,20.0,-8.0,23.0,-9.0,25.0,-9.0,26.0,-9.0,26.0,-9.0,25.0,-9.0,23.0,-8.0,20.0,-7.0,16.0,-5.0,12.0,-4.0,7.0,-4.0,1.0,-3.0,-5.0,-3.0,-10.0,-2.0,-15.0,-2.0,-21.0,-3.0,-25.0,-3.0,-28.0,-3.0,-30.0,-4.0,-31.0,-4.0,-31.0,-5.0,-28.0,-5.0,-26.0,-5.0,-22.0,-4.0,-17.0
4.2441,122.0,-96.0,7.0,0.0,0.0,0.0,0.0,0.0,0.0,0.0,0.0,0.0,-6.0,16.0,-8.0,19.0,-9.0,22.0,-10.0,24.0,-10.0,26.0,-10.0,26.0,-11.0,25.0,-10.0,23.0,-9.0,21.0,-8.0,17.0,-6.0,12.0,-4.0,7.0,-4.0,2.0,-3.0,-4.0,-2.0,-10.0,-1.0,-15.0,-1.0,-20.0,-2.0,-25.0,-2.0,-28.0,-2.0,-30.0,-3.0,-31.0,-3.0,-31.0,-4.0,-29.0,-4.0,-26.0,-4.0,-22.0,-3.0,-18.0
4.2571,122.0,-96.0,7.0,0.0,0.0,0.0,0.0,0.0,0.0,0.0,0.0,0.0,14.0,-4.0,14.0,-4.0,14.0,-4.0,14.0,-4.0,15.0,-3.0,15.0,-3.0,15.0,-3.0,15.0,-3.0,16.0,-3.0,16.0,-3.0,15.0,-3.0,15.0,-3.0,16.0,-2.0,16.0,-2.0,16.0,-2.0,16.0,-2.0,16.0,-2.0,16.0,-2.0,16.0,-2.0,16.0,-2.0,16.0,-2.0,16.0,-2.0,16.0,-2.0,16.0,-2.0,16.0,-2.0,15.0,-2.0
4.27,122.0,-96.0,7.0,0.0,0.0,0.0,0.0,0.0,0.0,0.0,0.0,0.0,-9.0,12.0,-11.0,15.0,-13.0,17.0,-14.0,19.0,-14.0,20.0,-15.0,20.0,-14.0,20.0,-14.0,18.0,-13.0,16.0,-10.0,13.0,-8.0,10.0,-5.0,5.0,-4.0,1.0,-2.0,-4.0,0.0,-9.0,1.0,-13.0,3.0,-18.0,3.0,-22.0,4.0,-24.0,4.0,-26.0,3.0,-27.0,3.0,-28.0,2.0,-26.0,1.0,-24.0,0.0,-20.0,0.0,-16.0
4.2833,122.0,-96.0,7.0,0.0,0.0,0.0,0.0,0.0,0.0,0.0,0.0,0.0,-5.0,-25.0,-5.0,-21.0,-4.0,-16.0,-1.0,-11.0,2.0,-4.0,4.0,2.0,8.0,7.0,11.0,14.0,14.0,19.0,16.0,23.0,19.0,27.0,20.0,28.0,22.0,29.0,22.0,30.0,22.0,28.0,21.0,24.0,18.0,22.0,14.0,18.0,10.0,14.0,6.0,9.0,0.0,5.0,-6.0,0.0,-12.0,-4.0,-18.0,-8.0,-23.0,-9.0,-27.0,-10.0
4.2955,122.0,-96.0,7.0,0.0,0.0,0.0,0.0,0.0,0.0,0.0,0.0,0.0,-16.0,-14.0,-13.0,-12.0,-10.0,-9.0,-5.0,-7.0,0.0,-4.0,5.0,-1.0,10.0,1.0,16.0,3.0,21.0,5.0,25.0,6.0,29.0,7.0,30.0,7.0,32.0,7.0,32.0,7.0,31.0,6.0,28.0,5.0,24.0,4.0,19.0,3.0,15.0,3.0,9.0,2.0,3.0,3.0,-4.0,2.0,-10.0,4.0,-17.0,5.0,-20.0,7.0,-24.0,9.0
4.3086,122.0,-96.0,7.0,0.0,0.0,0.0,0.0,0.0,0.0,0.0,0.0,0.0,14.0,-25.0,15.0,-25.0,14.0,-25.0,14.0,-23.0,12.0,-20.0,10.0,-16.0,8.0,-12.0,5.0,-6.0,3.0,-1.0,2.0,5.0,0.0,10.0,-2.0,16.0,-3.0,21.0,-4.0,26.0,-6.0,30.0,-6.0,32.0,-5.0,33.0,-4.0,33.0,-4.0,32.0,-3.0,29.0,-2.0,25.0,-2.0,20.0,-2.0,14.0,-3.0,9.0,-3.0,3.0,-4.0,-4.0
4.3228,122.0,-96.0,7.0,0.0,0.0,0.0,0.0,0.0,0.0,0.0,0.0,0.0,13.0,14.0,16.0,17.0,18.0,20.0,19.0,22.0,20.0,23.0,20.0,23.0,20.0,22.0,18.0,20.0,16.0,18.0,13.0,15.0,9.0,11.0,4.0,7.0,-1.0,3.0,-6.0,-1.0,-11.0,-4.0,-16.0,-7.0,-21.0,-10.0,-25.0,-12.0,-28.0,-13.0,-30.0,-13.0,-32.0,-13.0,-32.0,-13.0,-30.0,-12.0,-27.0,-10.0,-24.0,-8.0,-19.0,-7.0
4.3362,122.0,-96.0,7.0,0.0,0.0,0.0,0.0,0.0,0.0,0.0,0.0,0.0,-7.0,-16.0,-7.0,-20.0,-9.0,-23.0,-9.0,-25.0,-10.0,-27.0,-10.0,-27.0,-9.0,-26.0,-9.0,-25.0,-8.0,-22.0,-6.0,-19.0,-5.0,-14.0,-3.0,-9.0,0.0,-4.0,3.0,1.0,7.0,5.0,9.0,10.0,13.0,14.0,16.0,17.0,18.0,19.0,20.0,21.0,21.0,21.0,21.0,21.0,20.0,19.0,19.0,16.0,16.0,14.0,13.0,11.0
4.3507,122.0,-96.0,7.0,0.0,0.0,0.0,0.0,0.0,0.0,0.0,0.0,0.0,-1.0,3.0,-7.0,2.0,-13.0,1.0,-19.0,0.0,-24.0,0.0,-29.0,0.0,-33.0,0.0,-37.0,0.0,-37.0,1.0,-37.0,1.0,-35.0,2.0,-33.0,2.0,-30.0,1.0,-24.0,1.0,-18.0,-1.0,-11.0,-1.0,-4.0,-3.0,3.0,-5.0,9.0,-8.0,15.0,-10.0,21.0,-14.0,24.0,-16.0,28.0,-19.0,28.0,-21.0,29.0,-22.0,28.0,-23.0
4.3606,122.0,-96.0,7.0,0.0,0.0,0.0,0.0,0.0,0.0,0.0,0.0,0.0,14.0,-13.0,15.0,-13.0,15.0,-13.0,16.0,-13.0,16.0,-12.0,17.0,-12.0,16.0,-11.0,17.0,-11.0,17.0,-11.0,17.0,-11.0,17.0,-10.0,17.0,-10.0,17.0,-10.0,17.0,-9.0,17.0,-9.0,17.0,-9.0,17.0,-8.0,16.0,-8.0,16.0,-8.0,16.0,-8.0,16.0,-8.0,15.0,-8.0,15.0,-8.0,15.0,-8.0,15.0,-8.0,14.0,-9.0
4.3729,122.0,-96.0,7.0,0.0,0.0,0.0,0.0,0.0,0.0,0.0,0.0,0.0,-1.0,16.0,0.0,16.0,0.0,16.0,0.0,16.0,-1.0,17.0,-1.0,17.0,-1.0,17.0,-2.0,17.0,-2.0,17.0,-2.0,18.0,-2.0,17.0,-2.0,17.0,-3.0,17.0,-4.0,17.0,-3.0,18.0,-3.0,17.0,-3.0,18.0,-4.0,18.0,-4.0,18.0,-4.0,18.0,-4.0,18.0,-3.0,17.0,-4.0,18.0,-3.0,17.0,-3.0,17.0,-3.0,17.0
4.3867,122.0,-96.0,7.0,0.0,0.0,0.0,0.0,0.0,0.0,0.0,0.0,0.0,-13.0,-18.0,-11.0,-14.0,-8.0,-11.0,-4.0,-8.0,1.0,-4.0,5.0,1.0,10.0,3.0,14.0,7.0,19.0,10.0,22.0,11.0,26.0,14.0,28.0,14.0,29.0,14.0,30.0,15.0,29.0,14.0,25.0,11.0,23.0,10.0,17.0,8.0,14.0,6.0,8.0,4.0,2.0,3.0,-5.0,1.0,-11.0,1.0,-17.0,0.0,-21.0,1.0,-26.0,2.0
4.4013,122.0,-96.0,7.0,0.0,0.0,0.0,0.0,0.0,0.0,0.0,0.0,0.0,-10.0,14.0,-12.0,17.0,-14.0,19.0,-16.0,21.0,-17.0,22.0,-17.0,23.0,-17.0,22.0,-15.0,20.0,-14.0,18.0,-12.0,15.0,-9.0,11.0,-6.0,6.0,-4.0,1.0,-2.0,-4.0,0.0,-10.0,3.0,-15.0,4.0,-20.0,5.0,-24.0,6.0,-27.0,6.0,-29.0,5.0,-30.0,5.0,-30.0,4.0,-28.0,3.0,-26.0,2.0,-22.0,1.0,-18.0
4.4153,122.0,-96.0,7.0,0.0,0.0,0.0,0.0,0.0,0.0,0.0,0.0,0.0,3.0,-3.0,3.0,3.0,3.0,9.0,3.0,16.0,3.0,22.0,4.0,27.0,5.0,31.0,5.0,35.0,7.0,35.0,7.0,36.0,7.0,34.0,6.0,32.0,5.0,29.0,4.0,23.0,3.0,18.0,2.0,11.0,-2.0,4.0,-5.0,-2.0,-9.0,-9.0,-13.0,-14.0,-17.0,-19.0,-20.0,-21.0,-23.0,-25.0,-25.0,-25.0,-26.0,-26.0,-27.0,-25.0
4.4297,122.0,-96.0,7.0,0.0,0.0,0.0,0.0,0.0,0.0,0.0,0.0,0.0,-2.0,20.0,-2.0,24.0,-3.0,27.0,-3.0,29.0,-3.0,31.0,-3.0,31.0,-3.0,30.0,-3.0,27.0,-3.0,24.0,-3.0,19.0,-3.0,14.0,-2.0,8.0,-3.0,2.0,-4.0,-5.0,-5.0,-11.0,-6.0,-16.0,-6.0,-22.0,-8.0,-26.0,-9.0,-30.0,-10.0,-31.0,-11.0,-33.0,-11.0,-32.0,-11.0,-30.0,-11.0,-27.0,-10.0,-23.0,-8.0,-18.0
4.4433,122.0,-96.0,7.0,0.0,0.0,0.0,0.0,0.0,0.0,0.0,0.0,0.0,-4.0,-32.0,-4.0,-33.0,-4.0,-33.0,-4.0,-31.0,-3.0,-28.0,-2.0,-22.0,-1.0,-17.0,0.0,-11.0,2.0,-5.0,4.0,2.0,7.0,8.0,8.0,14.0,11.0,20.0,13.0,25.0,15.0,30.0,16.0,32.0,17.0,33.0,18.0,33.0,17.0,31.0,16.0,28.0,15.0,24.0,12.0,20.0,8.0,14.0,4.0,10.0,0.0,4.0,-6.0,-1.0
4.4575,122.0,-96.0,7.0,0.0,0.0,0.0,0.0,0.0,0.0,0.0,0.0,0.0,4.0,-1.0,1.0,4.0,-2.0,10.0,-4.0,15.0,-7.0,21.0,-8.0,26.0,-9.0,30.0,-10.0,34.0,-9.0,35.0,-10.0,36.0,-8.0,34.0,-8.0,32.0,-8.0,29.0,-6.0,23.0,-5.0,17.0,-4.0,10.0,-4.0,3.0,-4.0,-5.0,-5.0,-11.0,-6.0,-18.0,-7.0,-24.0,-8.0,-28.0,-10.0,-33.0,-12.0,-34.0,-12.0,-35.0,-13.0,-34.0
4.4712,122.0,-96.0,7.0,0.0,0.0,0.0,0.0,0.0,0.0,0.0,0.0,0.0,3.0,1.0,-1.0,6.0,-5.0,10.0,-9.0,15.0,-13.0,20.0,-16.0,25.0,-18.0,27.0,-20.0,30.0,-19.0,31.0,-19.0,31.0,-17.0,30.0,-16.0,28.0,-15.0,25.0,-12.0,20.0,-10.0,15.0,-6.0,8.0,-4.0,1.0,-3.0,-6.0,-1.0,-13.0,0.0,-19.0,0.0,-25.0,0.0,-29.0,0.0,-34.0,-2.0,-36.0,-2.0,-37.0,-3.0,-37.0
4.485,122.0,-96.0,7.0,0.0,0.0,0.0,0.0,0.0,0.0,0.0,0.0,0.0,-10.0,16.0,-13.0,20.0,-14.0,22.0,-16.0,25.0,-17.0,26.0,-17.0,26.0,-16.0,25.0,-16.0,23.0,-14.0,21.0,-12.0,17.0,-9.0,12.0,-7.0,7.0,-5.0,1.0,-2.0,-5.0,0.0,-11.0,2.0,-16.0,4.0,-22.0,4.0,-26.0,5.0,-30.0,5.0,-32.0,4.0,-34.0,4.0,-34.0,3.0,-32.0,2.0,-29.0,1.0,-25.0,1.0,-20.0
4.5078,122.0,-96.0,7.0,0.0,0.0,0.0,0.0,0.0,0.0,0.0,0.0,0.0,-15.0,-25.0,-15.0,-26.0,-14.0,-25.0,-13.0,-24.0,-11.0,-21.0,-9.0,-17.0,-6.0,-13.0,-2.0,-8.0,1.0,-4.0,5.0,1.0,9.0,4.0,13.0,8.0,17.0,12.0,21.0,15.0,24.0,19.0,25.0,20.0,27.0,20.0,27.0,19.0,26.0,18.0,24.0,16.0,21.0,13.0,17.0,11.0,12.0,8.0,7.0,6.0,1.0,3.0,-5.0,1.0
4.5205,122.0,-96.0,7.0,0.0,0.0,0.0,0.0,0.0,0.0,0.0,0.0,0.0,-1.0,3.0,-7.0,2.0,-12.0,0.0,-18.0,-1.0,-24.0,-2.0,-30.0,-2.0,-33.0,-2.0,-36.0,-2.0,-37.0,-1.0,-37.0,-2.0,-35.0,-1.0,-33.0,-1.0,-30.0,-1.0,-24.0,-1.0,-18.0,-1.0,-11.0,-1.0,-4.0,-3.0,3.0,-5.0,9.0,-7.0,16.0,-10.0,21.0,-12.0,24.0,-15.0,29.0,-17.0,29.0,-19.0,30.0,-20.0,29.0,-21.0
4.5347,122.0,-96.0,7.0,0.0,0.0,0.0,0.0,0.0,0.0,0.0,0.0,0.0,3.0,-2.0,4.0,4.0,5.0,10.0,6.0,16.0,8.0,21.0,10.0,26.0,12.0,30.0,12.0,33.0,14.0,33.0,13.0,33.0,14.0,31.0,12.0,29.0,11.0,26.0,9.0,21.0,6.0,16.0,3.0,10.0,-1.0,3.0,-6.0,-2.0,-10.0,-7.0,-16.0,-11.0,-20.0,-15.0,-24.0,-17.0,-28.0,-20.0,-30.0,-20.0,-31.0,-20.0,-31.0,-19.0
4.5476,122.0,-96.0,7.0,0.0,39.0,11.0,38.0,10.0,36.0,9.0,33.0,7.0,28.0,5.0,23.0,4.0,17.0,4.0,9.0,2.0,3.0,3.0,-4.0,4.0,-10.0,6.0,-16.0,7.0,-20.0,9.0,-25.0,10.0,-27.0,11.0,-28.0,12.0,-27.0,12.0,-26.0,12.0,-24.0,11.0,-20.0,9.0,-17.0,8.0,-13.0,6.0,-9.0,3.0,-5.0,1.0,-2.0,-2.0,0.0,0.0,0.0,0.0,0.0,0.0,0.0,0.0,0.0,0.0
4.5584,122.0,-96.0,7.0,0.0,6.0,16.0,6.0,16.0,6.0,15.0,6.0,15.0,7.0,15.0,6.0,14.0,7.0,14.0,7.0,14.0,7.0,13.0,7.0,13.0,7.0,13.0,7.0,12.0,6.0,12.0,6.0,12.0,6.0,12.0,6.0,11.0,6.0,12.0,5.0,11.0,4.0,11.0,4.0,11.0,4.0,10.0,4.0,9.0,3.0,9.0,3.0,8.0,2.0,8.0,0.0,0.0,0.0,0.0,0.0,0.0,0.0,0.0,0.0,0.0
4.5716,122.0,-96.0,7.0,0.0,-9.0,-22.0,-11.0,-26.0,-12.0,-29.0,-13.0,-31.0,-14.0,-31.0,-15.0,-30.0,-15.0,-29.0,-14.0,-25.0,-12.0,-21.0,-10.0,-17.0,-7.0,-13.0,-4.0,-9.0,0.0,-4.0,5.0,0.0,8.0,4.0,12.0,6.0,15.0,9.0,17.0,10.0,18.0,12.0,18.0,12.0,18.0,11.0,18.0,11.0,16.0,10.0,13.0,8.0,10.0,6.0,0.0,0.0,0.0,0.0,0.0,0.0,0.0,0.0,0.0,0.0
4.5875,122.0,-96.0,7.0,0.0,-11.0,-23.0,-9.0,-19.0,-6.0,-14.0,-3.0,-10.0,1.0,-5.0,4.0,-1.0,8.0,3.0,12.0,6.0,15.0,8.0,18.0,10.0,21.0,10.0,22.0,10.0,23.0,10.0,23.0,9.0,22.0,9.0,19.0,7.0,16.0,6.0,12.0,5.0,8.0,4.0,4.0,3.0,0.0,2.0,-4.0,1.0,-7.0,1.0,-10.0,0.0,-12.0,0.0,0.0,0.0,0.0,0.0,0.0,0.0,0.0,0.0,0.0,0.0
4.6001,122.0,-96.0,7.0,0.0,33.0,-14.0,32.0,-14.0,30.0,-15.0,27.0,-14.0,23.0,-13.0,18.0,-11.0,14.0,-8.0,8.0,-5.0,4.0,-1.0,0.0,4.0,-4.0,9.0,-6.0,13.0,-9.0,16.0,-10.0,19.0,-11.0,21.0,-12.0,24.0,-11.0,23.0,-10.0,23.0,-9.0,21.0,-8.0,18.0,-7.0,15.0,-5.0,11.0,-5.0,8.0,-3.0,4.0,-3.0,0.0,0.0,0.0,0.0,0.0,0.0,0.0,0.0,0.0,0.0,0.0
4.6132,122.0,-96.0,7.0,0.0,-4.0,4.0,-6.0,-3.0,-7.0,-9.0,-10.0,-15.0,-12.0,-19.0,-15.0,-22.0,-17.0,-25.0,-18.0,-26.0,-19.0,-26.0,-19.0,-25.0,-19.0,-23.0,-18.0,-21.0,-15.0,-17.0,-12.0,-14.0,-8.0,-10.0,-4.0,-7.0,0.0,-3.0,4.0,-1.0,7.0,2.0,11.0,4.0,14.0,6.0,16.0,7.0,17.0,8.0,16.0,8.0,16.0,7.0,0.0,0.0,0.0,0.0,0.0,0.0,0.0,0.0,0.0,0.0
4.6281,122.0,-96.0,7.0,0.0,-7.0,-32.0,-8.0,-32.0,-8.0,-29.0,-8.0,-27.0,-7.0,-23.0,-6.0,-19.0,-5.0,-14.0,-2.0,-9.0,1.0,-4.0,4.0,0.0,7.0,3.0,10.0,7.0,13.0,10.0,15.0,11.0,18.0,13.0,18.0,13.0,19.0,13.0,18.0,12.0,17.0,11.0,15.0,10.0,12.0,8.0,9.0,6.0,6.0,4.0,3.0,2.0,-1.0,1.0,0.0,0.0,0.0,0.0,0.0,0.0,0.0,0.0,0.0,0.0
4.6416,122.0,-96.0,7.0,0.0,-23.0,-8.0,-27.0,-9.0,-30.0,-9.0,-32.0,-10.0,-33.0,-9.0,-33.0,-8.0,-31.0,-7.0,-28.0,-5.0,-24.0,-4.0,-20.0,-4.0,-15.0,-4.0,-9.0,-3.0,-3.0,-4.0,3.0,-4.0,8.0,-5.0,13.0,-6.0,16.0,-7.0,19.0,-8.0,21.0,-8.0,21.0,-9.0,20.0,-8.0,19.0,-7.0,17.0,-7.0,15.0,-7.0,12.0,-5.0,0.0,0.0,0.0,0.0,0.0,0.0,0.0,0.0,0.0,0.0
4.6512,122.0,-96.0,7.0,0.0,-17.0,11.0,-17.0,11.0,-16.0,10.0,-16.0,10.0,-15.0,11.0,-15.0,11.0,-15.0,11.0,-14.0,11.0,-14.0,11.0,-14.0,11.0,-14.0,11.0,-13.0,12.0,-13.0,11.0,-13.0,12.0,-13.0,11.0,-13.0,11.0,-12.0,10.0,-12.0,10.0,-12.0,10.0,-12.0,10.0,-11.0,9.0,-11.0,9.0,-11.0,8.0,-11.0,8.0,-11.0,7.0,0.0,0.0,0.0,0.0,0.0,0.0,0.0,0.0,0.0,0.0
4.6638,122.0,-96.0,7.0,0.0,23.0,28.0,18.0,23.0,14.0,18.0,7.0,12.0,0.0,6.0,-7.0,1.0,-14.0,-3.0,-20.0,-5.0,-26.0,-8.0,-31.0,-8.0,-35.0,-7.0,-38.0,-7.0,-38.0,-7.0,-38.0,-6.0,-36.0,-5.0,-32.0,-4.0,-27.0,-4.0,-21.0,-4.0,-15.0,-3.0,-9.0,-3.0,-3.0,-4.0,3.0,-3.0,7.0,-4.0,12.0,-5.0,15.0,-6.0,0.0,0.0,0.0,0.0,0.0,0.0,0.0,0.0,0.0,0.0
4.6784,122.0,-96.0,7.0,0.0,-17.0,16.0,-17.0,16.0,-16.0,15.0,-16.0,15.0,-16.0,15.0,-15.0,15.0,-15.0,15.0,-14.0,14.0,-13.0,14.0,-13.0,14.0,-13.0,14.0,-13.0,14.0,-13.0,14.0,-12.0,13.0,-12.0,13.0,-12.0,13.0,-11.0,12.0,-11.0,12.0,-11.0,11.0,-10.0,10.0,-11.0,10.0,-10.0,9.0,-10.0,8.0,-9.0,8.0,-9.0,7.0,0.0,0.0,0.0,0.0,0.0,0.0,0.0,0.0,0.0,0.0
4.6884,122.0,-96.0,7.0,0.0,7.0,-16.0,7.0,-16.0,7.0,-16.0,7.0,-16.0,6.0,-15.0,6.0,-15.0,5.0,-15.0,5.0,-15.0,5.0,-16.0,4.0,-16.0,4.0,-16.0,3.0,-16.0,4.0,-15.0,3.0,-15.0,3.0,-15.0,4.0,-15.0,4.0,-14.0,4.0,-14.0,4.0,-13.0,4.0,-13.0,4.0,-13.0,4.0,-12.0,3.0,-12.0,4.0,-12.0,4.0,-11.0,0.0,0.0,0.0,0.0,0.0,0.0,0.0,0.0,0.0,0.0
4.6961,122.0,-96.0,7.0,0.0,-3.0,23.0,-3.0,22.0,-3.0,23.0,-3.0,21.0,-2.0,21.0,-1.0,21.0,-1.0,20.0,0.0,20.0,0.0,21.0,0.0,20.0,0.0,20.0,1.0,20.0,1.0,19.0,1.0,20.0,1.0,19.0,0.0,20.0,0.0,18.0,0.0,18.0,0.0,17.0,0.0,17.0,0.0,17.0,-1.0,16.0,-1.0,15.0,-1.0,15.0,-2.0,15.0,0.0,0.0,0.0,0.0,0.0,0.0,0.0,0.0,0.0,0.0
4.7118,122.0,-96.0,7.0,0.0,-1.0,4.0,-5.0,0.0,-8.0,-4.0,-12.0,-7.0,-15.0,-10.0,-18.0,-11.0,-20.0,-13.0,-22.0,-12.0,-22.0,-12.0,-22.0,-11.0,-22.0,-11.0,-20.0,-9.0,-17.0,-8.0,-14.0,-6.0,-10.0,-5.0,-6.0,-4.0,-2.0,-3.0,2.0,-3.0,6.0,-2.0,9.0,-1.0,12.0,-1.0,13.0,-1.0,14.0,-1.0,14.0,-1.0,14.0,-1.0,0.0,0.0,0.0,0.0,0.0,0.0,0.0,0.0,0.0,0.0
4.7231,122.0,-96.0,7.0,0.0,-4.0,3.0,-4.0,-3.0,-3.0,-9.0,-4.0,-13.0,-5.0,-18.0,-6.0,-21.0,-7.0,-23.0,-7.0,-24.0,-8.0,-24.0,-9.0,-24.0,-9.0,-22.0,-8.0,-20.0,-7.0,-17.0,-6.0,-14.0,-4.0,-10.0,-1.0,-7.0,1.0,-3.0,3.0,1.0,5.0,4.0,7.0,7.0,9.0,8.0,10.0,9.0,10.0,10.0,10.0,10.0,10.0,10.0,0.0,0.0,0.0,0.0,0.0,0.0,0.0,0.0,0.0,0.0
4.7328,122.0,-96.0,7.0,0.0,-9.0,15.0,-9.0,15.0,-8.0,14.0,-8.0,15.0,-7.0,15.0,-7.0,14.0,-6.0,14.0,-6.0,14.0,-6.0,14.0,-6.0,14.0,-6.0,14.0,-6.0,14.0,-6.0,14.0,-6.0,14.0,-6.0,14.0,-5.0,13.0,-5.0,13.0,-6.0,13.0,-6.0,12.0,-6.0,12.0,-6.0,11.0,-6.0,11.0,-5.0,11.0,-5.0,10.0,-6.0,10.0,0.0,0.0,0.0,0.0,0.0,0.0,0.0,0.0,0.0,0.0
4.7457,122.0,-96.0,7.0,0.0,20.0,20.0,20.0,19.0,20.0,17.0,18.0,15.0,16.0,13.0,13.0,10.0,10.0,7.0,5.0,5.0,1.0,3.0,-4.0,1.0,-8.0,1.0,-12.0,0.0,-16.0,0.0,-19.0,-1.0,-20.0,-1.0,-21.0,0.0,-22.0,0.0,-21.0,0.0,-19.0,0.0,-17.0,0.0,-14.0,0.0,-11.0,0.0,-8.0,-1.0,-5.0,-1.0,-2.0,-1.0,0.0,0.0,0.0,0.0,0.0,0.0,0.0,0.0,0.0,0.0
4.7591,122.0,-96.0,7.0,0.0,-5.0,-1.0,-2.0,-5.0,2.0,-9.0,4.0,-13.0,6.0,-16.0,8.0,-19.0,8.0,-22.0,9.0,-24.0,8.0,-24.0,7.0,-24.0,6.0,-23.0,5.0,-21.0,4.0,-18.0,3.0,-14.0,3.0,-10.0,2.0,-6.0,2.0,-1.0,1.0,3.0,1.0,6.0,1.0,10.0,2.0,11.0,2.0,13.0,2.0,14.0,2.0,14.0,2.0,14.0,0.0,0.0,0.0,0.0,0.0,0.0,0.0,0.0,0.0,0.0
4.7731,122.0,-96.0,7.0,0.0,1.0,-19.0,2.0,-22.0,2.0,-25.0,2.0,-27.0,1.0,-27.0,0.0,-27.0,-1.0,-26.0,-1.0,-23.0,-1.0,-20.0,-1.0,-16.0,-1.0,-13.0,0.0,-8.0,1.0,-4.0,3.0,1.0,4.0,5.0,6.0,8.0,7.0,11.0,8.0,13.0,8.0,15.0,9.0,15.0,9.0,15.0,9.0,14.0,8.0,13.0,7.0,11.0,5.0,9.0,0.0,0.0,0.0,0.0,0.0,0.0,0.0,0.0,0.0,0.0
4.787,122.0,-96.0,7.0,0.0,12.0,13.0,15.0,16.0,16.0,18.0,18.0,19.0,19.0,19.0,19.0,18.0,18.0,16.0,16.0,14.0,14.0,11.0,11.0,9.0,8.0,7.0,4.0,5.0,0.0,3.0,-4.0,0.0,-8.0,-1.0,-12.0,-2.0,-14.0,-3.0,-17.0,-4.0,-18.0,-5.0,-18.0,-4.0,-18.0,-5.0,-17.0,-4.0,-15.0,-4.0,-13.0,-3.0,-11.0,-3.0,0.0,0.0,0.0,0.0,0.0,0.0,0.0,0.0,0.0,0.0
4.8003,122.0,-96.0,7.0,0.0,-14.0,12.0,-13.0,13.0,-13.0,12.0,-13.0,12.0,-12.0,12.0,-12.0,12.0,-11.0,12.0,-11.0,11.0,-11.0,11.0,-10.0,11.0,-11.0,11.0,-10.0,11.0,-10.0,11.0,-10.0,11.0,-9.0,10.0,-10.0,10.0,-9.0,9.0,-9.0,9.0,-9.0,8.0,-9.0,8.0,-9.0,7.0,-8.0,7.0,-8.0,7.0,-7.0,6.0,-7.0,5.0,0.0,0.0,0.0,0.0,0.0,0.0,0.0,0.0,0.0,0.0
4.809,122.0,-96.0,7.0,0.0,24.0,2.0,24.0,2.0,22.0,2.0,23.0,2.0,23.0,0.0,22.0,0.0,22.0,0.0,22.0,-1.0,21.0,-1.0,21.0,-1.0,21.0,-2.0,21.0,-2.0,21.0,-3.0,20.0,-3.0,21.0,-2.0,20.0,-2.0,20.0,-2.0,19.0,-2.0,19.0,-2.0,18.0,-2.0,17.0,-2.0,17.0,-1.0,17.0,-1.0,16.0,-1.0,16.0,0.0,0.0,0.0,0.0,0.0,0.0,0.0,0.0,0.0,0.0,0.0
4.8231,122.0,-96.0,7.0,0.0,3.0,-3.0,3.0,2.0,2.0,8.0,2.0,13.0,3.0,17.0,4.0,20.0,5.0,22.0,5.0,24.0,6.0,23.0,6.0,23.0,7.0,21.0,6.0,19.0,5.0,17.0,4.0,13.0,2.0,9.0,0.0,6.0,-1.0,2.0,-4.0,-2.0,-6.0,-5.0,-8.0,-8.0,-10.0,-10.0,-10.0,-11.0,-11.0,-11.0,-11.0,-11.0,-11.0,-11.0,0.0,0.0,0.0,0.0,0.0,0.0,0.0,0.0,0.0,0.0
4.8374,122.0,-96.0,7.0,0.0,-19.0,-4.0,-23.0,-4.0,-24.0,-4.0,-27.0,-5.0,-27.0,-4.0,-27.0,-4.0,-26.0,-3.0,-23.0,-1.0,-20.0,-1.0,-16.0,0.0,-13.0,-2.0,-8.0,-2.0,-4.0,-3.0,1.0,-4.0,5.0,-5.0,9.0,-6.0,12.0,-7.0,14.0,-8.0,15.0,-8.0,16.0,-8.0,16.0,-8.0,14.0,-8.0,13.0,-7.0,12.0,-7.0,10.0,-6.0,0.0,0.0,0.0,0.0,0.0,0.0,0.0,0.0,0.0,0.0
4.8513,122.0,-96.0,7.0,0.0,18.0,-37.0,17.0,-36.0,15.0,-35.0,13.0,-33.0,11.0,-28.0,8.0,-23.0,6.0,-17.0,4.0,-10.0,4.0,-4.0,3.0,3.0,4.0,10.0,4.0,16.0,5.0,21.0,7.0,24.0,8.0,27.0,8.0,29.0,9.0,28.0,8.0,27.0,8.0,24.0,6.0,21.0,6.0,17.0,4.0,13.0,2.0,9.0,0.0,4.0,-2.0,1.0,0.0,0.0,0.0,0.0,0.0,0.0,0.0,0.0,0.0,0.0
4.8605,122.0,-96.0,7.0,0.0,-1.0,23.0,0.0,23.0,0.0,22.0,0.0,22.0,1.0,21.0,1.0,21.0,2.0,21.0,2.0,21.0,2.0,20.0,2.0,20.0,3.0,20.0,3.0,20.0,4.0,20.0,3.0,19.0,3.0,20.0,3.0,19.0,3.0,19.0,2.0,18.0,2.0,18.0,2.0,17.0,2.0,17.0,1.0,16.0,1.0,16.0,1.0,15.0,0.0,15.0,0.0,0.0,0.0,0.0,0.0,0.0,0.0,0.0,0.0,0.0
4.8687,122.0,-96.0,7.0,0.0,2.0,22.0,2.0,22.0,2.0,22.0,3.0,21.0,3.0,21.0,4.0,21.0,4.0,20.0,4.0,20.0,4.0,20.0,5.0,20.0,5.0,19.0,5.0,19.0,5.0,19.0,5.0,18.0,5.0,18.0,5.0,19.0,5.0,18.0,4.0,18.0,4.0,17.0,3.0,17.0,3.0,16.0,3.0,16.0,3.0,15.0,2.0,15.0,2.0,15.0,0.0,0.0,0.0,0.0,0.0,0.0,0.0,0.0,0.0,0.0
4.8833,122.0,-96.0,7.0,0.0,-19.0,0.0,-23.0,0.0,-25.0,1.0,-27.0,1.0,-28.0,1.0,-27.0,2.0,-25.0,3.0,-22.0,3.0,-19.0,3.0,-16.0,2.0,-12.0,1.0,-8.0,-1.0,-3.0,-3.0,1.0,-4.0,5.0,-6.0,8.0,-8.0,11.0,-10.0,12.0,-11.0,14.0,-11.0,14.0,-12.0,14.0,-11.0,13.0,-10.0,12.0,-10.0,10.0,-9.0,8.0,-7.0,0.0,0.0,0.0,0.0,0.0,0.0,0.0,0.0,0.0,0.0
4.8968,122.0,-96.0,7.0,0.0,-18.0,-15.0,-22.0,-19.0,-23.0,-20.0,-26.0,-22.0,-27.0,-22.0,-27.0,-21.0,-26.0,-19.0,-23.0,-16.0,-20.0,-13.0,-16.0,-11.0,-13.0,-9.0,-7.0,-6.0,-2.0,-4.0,4.0,-2.0,9.0,-1.0,14.0,0.0,17.0,1.0,20.0,2.0,22.0,2.0,22.0,2.0,22.0,2.0,21.0,2.0,19.0,2.0,16.0,0.0,13.0,1.0,0.0,0.0,0.0,0.0,0.0,0.0,0.0,0.0,0.0,0.0
4.9065,122.0,-96.0,7.0,0.0,18.0,-6.0,18.0,-6.0,18.0,-6.0,18.0,-6.0,17.0,-7.0,17.0,-7.0,16.0,-7.0,16.0,-7.0,15.0,-8.0,16.0,-8.0,15.0,-8.0,15.0,-8.0,14.0,-8.0,14.0,-8.0,14.0,-8.0,14.0,-8.0,14.0,-7.0,14.0,-7.0,13.0,-7.0,13.0,-7.0,13.0,-6.0,12.0,-6.0,12.0,-6.0,12.0,-5.0,12.0,-5.0,0.0,0.0,0.0,0.0,0.0,0.0,0.0,0.0,0.0,0.0
4.9163,122.0,-96.0,7.0,0.0,-14.0,14.0,-13.0,15.0,-13.0,14.0,-13.0,14.0,-12.0,14.0,-12.0,14.0,-11.0,14.0,-11.0,14.0,-10.0,14.0,-10.0,14.0,-10.0,14.0,-9.0,14.0,-9.0,14.0,-9.0,14.0,-9.0,14.0,-9.0,14.0,-9.0,13.0,-9.0,13.0,-9.0,12.0,-9.0,12.0,-8.0,11.0,-8.0,10.0,-8.0,10.0,-8.0,10.0,-8.0,10.0,0.0,0.0,0.0,0.0,0.0,0.0,0.0,0.0,0.0,0.0
4.9242,122.0,-96.0,7.0,0.0,7.0,22.0,7.0,21.0,8.0,20.0,8.0,20.0,8.0,19.0,9.0,19.0,9.0,18.0,9.0,18.0,9.0,18.0,9.0,18.0,10.0,17.0,10.0,17.0,10.0,17.0,10.0,17.0,10.0,16.0,10.0,17.0,9.0,16.0,9.0,15.0,9.0,15.0,8.0,14.0,8.0,14.0,8.0,14.0,7.0,14.0,6.0,14.0,6.0,13.0,0.0,0.0,0.0,0.0,0.0,0.0,0.0,0.0,0.0,0.0
4.9383,122.0,-96.0,7.0,0.0,18.0,-2.0,21.0,-3.0,24.0,-4.0,26.0,-3.0,26.0,-4.0,26.0,-5.0,24.0,-5.0,22.0,-5.0,19.0,-6.0,15.0,-5.0,11.0,-3.0,7.0,-1.0,2.0,1.0,-1.0,3.0,-5.0,5.0,-8.0,7.0,-11.0,9.0,-13.0,10.0,-14.0,11.0,-14.0,11.0,-14.0,10.0,-14.0,10.0,-13.0,9.0,-11.0,8.0,-9.0,7.0,0.0,0.0,0.0,0.0,0.0,0.0,0.0,0.0,0.0,0.0
4.9532,122.0,-96.0,7.0,0.0,-28.0,-10.0,-28.0,-9.0,-26.0,-8.0,-24.0,-7.0,-22.0,-5.0,-17.0,-4.0,-13.0,-4.0,-8.0,-3.0,-3.0,-3.0,1.0,-3.0,6.0,-5.0,10.0,-6.0,13.0,-7.0,16.0,-8.0,18.0,-9.0,19.0,-10.0,19.0,-9.0,18.0,-10.0,16.0,-9.0,14.0,-8.0,12.0,-7.0,9.0,-5.0,6.0,-4.0,4.0,-2.0,1.0,0.0,0.0,0.0,0.0,0.0,0.0,0.0,0.0,0.0,0.0,0.0
4.9677,122.0,-96.0,7.0,0.0,-40.0,-11.0,-39.0,-10.0,-38.0,-9.0,-35.0,-8.0,-30.0,-6.0,-25.0,-4.0,-18.0,-4.0,-11.0,-3.0,-4.0,-3.0,2.0,-5.0,8.0,-7.0,14.0,-8.0,19.0,-10.0,23.0,-11.0,25.0,-11.0,27.0,-13.0,26.0,-13.0,25.0,-13.0,23.0,-12.0,20.0,-11.0,17.0,-9.0,13.0,-7.0,9.0,-5.0,5.0,-3.0,2.0,0.0,0.0,0.0,0.0,0.0,0.0,0.0,0.0,0.0,0.0,0.0
4.9837,122.0,-96.0,7.0,0.0,-15.0,-21.0,-13.0,-17.0,-9.0,-13.0,-5.0,-9.0,-1.0,-5.0,3.0,-2.0,8.0,1.0,12.0,4.0,16.0,5.0,20.0,6.0,23.0,6.0,24.0,6.0,24.0,5.0,25.0,5.0,23.0,4.0,21.0,4.0,18.0,3.0,14.0,2.0,10.0,2.0,5.0,2.0,1.0,1.0,-2.0,2.0,-6.0,2.0,-9.0,2.0,-11.0,2.0,0.0,0.0,0.0,0.0,0.0,0.0,0.0,0.0,0.0,0.0
4.9968,122.0,-96.0,7.0,0.0,18.0,7.0,22.0,9.0,25.0,10.0,27.0,10.0,28.0,10.0,28.0,9.0,27.0,8.0,24.0,6.0,21.0,4.0,16.0,4.0,13.0,3.0,7.0,3.0,2.0,2.0,-3.0,2.0,-8.0,3.0,-12.0,3.0,-15.0,3.0,-18.0,4.0,-19.0,4.0,-20.0,4.0,-20.0,4.0,-19.0,3.0,-18.0,3.0,-15.0,3.0,-13.0,3.0,0.0,0.0,0.0,0.0,0.0,0.0,0.0,0.0,0.0,0.0
5.0102,122.0,-96.0,7.0,0.0,12.0,21.0,10.0,17.0,7.0,13.0,3.0,8.0,0.0,4.0,-4.0,0.0,-9.0,-3.0,-13.0,-6.0,-17.0,-8.0,-20.0,-9.0,-23.0,-9.0,-25.0,-9.0,-25.0,-9.0,-25.0,-9.0,-23.0,-8.0,-21.0,-7.0,-18.0,-6.0,-14.0,-5.0,-10.0,-4.0,-6.0,-3.0,-2.0,-3.0,2.0,-2.0,5.0,-2.0,8.0,-2.0,10.0,-2.0,0.0,0.0,0.0,0.0,0.0,0.0,0.0,0.0,0.0,0.0
